are_cd,are_nm,rail_opr_istt_cd,ln_cd,ln_nm,prpr_stin_cd,stin_nm,facility_cd,facility_nm,grnd_dv_cd,grnd_dv_nm,stin_flor,floor_label,detail_location,trfc_weak_dv_cd,trfc_weak_dv_nm,ml_fml_dv_cd,ml_fml_dv_nm
01,수도권,KR,1,1호선,1370,연천,EV,일반승강기,1,지상,2,지상 2층,"[5호기]1,2번출입구",,,,
01,수도권,KR,1,1호선,1370,연천,EV,일반승강기,1,지상,2,지상 2층,[3호기]전철승강장5-1,,,,
01,수도권,KR,1,1호선,1370,연천,EV,일반승강기,1,지상,2,지상 2층,[2호기]4번출입구,,,,
01,수도권,KR,1,1호선,1370,연천,EV,일반승강기,1,지상,2,지상 2층,[1호기]3번출입구,,,,
01,수도권,KR,1,1호선,1370,연천,EV,일반승강기,1,지상,2,지상 2층,[4호기]승강장위치없음(저상홈),,,,
01,수도권,KR,1,1호선,1370,연천,TOLT,일반화장실(남),1,지상,2,지상 2층,4번 출입구 앞,1,일반,1,남
01,수도권,KR,1,1호선,1370,연천,TOLT,일반화장실(여),1,지상,2,지상 2층,4번 출입구 앞,1,일반,2,여
01,수도권,KR,1,1호선,1370,연천,TOLT,장애인화장실(남),1,지상,2,지상 2층,4번 출입구 앞,2,장애인,1,남
01,수도권,KR,1,1호선,1370,연천,TOLT,장애인화장실(여),1,지상,2,지상 2층,4번 출입구 앞,2,장애인,2,여
01,수도권,KR,1,1호선,1370,연천,INFO,고객센터,1,지상,2,지상 2층,2층 3번출구 자동발매기 우측,,,,
01,수도권,KR,1,1호선,1370,연천,LARM,수유실,1,지상,2,지상 2층,(2F) 고객화장실 방향 통로,,,,
01,수도권,KR,1,1호선,1370,연천,EV,일반승강기,1,지상,1,지상 1층,[4호기]승강장위치없음(저상홈),,,,
01,수도권,KR,1,1호선,1370,연천,EV,일반승강기,1,지상,1,지상 1층,[3호기]전철승강장5-1,,,,
01,수도권,KR,1,1호선,1370,연천,EV,일반승강기,1,지상,1,지상 1층,[2호기]4번출입구,,,,
01,수도권,KR,1,1호선,1370,연천,EV,일반승강기,1,지상,1,지상 1층,[1호기]3번출입구,,,,
01,수도권,KR,1,1호선,1370,연천,EV,일반승강기,1,지상,1,지상 1층,"[5호기]1,2번출입구",,,,
01,수도권,KR,1,1호선,1369,전곡,EV,일반승강기,1,지상,3,지상 3층,"[3호기](1F)연천역방향승강장5-4,청산역방향승강장6-1출입문앞,(3F)표내는곳내5,6호기에스컬레이터앞",,,,
01,수도권,KR,1,1호선,1369,전곡,EV,일반승강기,1,지상,3,지상 3층,[4호기](1F)1번출입구근처옆(3F)대합실내역무실옆,,,,
01,수도권,KR,1,1호선,1369,전곡,EV,일반승강기,1,지상,3,지상 3층,[2호기](1F)1번출입구근처옆(3F)대합실내역무실옆,,,,
01,수도권,KR,1,1호선,1369,전곡,EV,일반승강기,1,지상,3,지상 3층,"[1호기](1F)1번출입구근처(3F)1번출입구,연결통로,대합실입구",,,,
01,수도권,KR,1,1호선,1369,전곡,TOLT,일반화장실(남),1,지상,3,지상 3층,(3F) 대합실 내,1,일반,1,남
01,수도권,KR,1,1호선,1369,전곡,TOLT,일반화장실(여),1,지상,3,지상 3층,(3F) 대합실 내,1,일반,2,여
01,수도권,KR,1,1호선,1369,전곡,TOLT,장애인화장실(남),1,지상,3,지상 3층,(3F) 대합실 내,2,장애인,1,남
01,수도권,KR,1,1호선,1369,전곡,TOLT,장애인화장실(여),1,지상,3,지상 3층,(3F) 대합실 내,2,장애인,2,여
01,수도권,KR,1,1호선,1369,전곡,INFO,고객센터,1,지상,3,지상 3층,(3F) 1번 출입구 방향 대합실 내,,,,
01,수도권,KR,1,1호선,1369,전곡,LARM,수유실,1,지상,3,지상 3층,(3F)대합실 내 역무실 옆,,,,
01,수도권,KR,1,1호선,1369,전곡,EV,일반승강기,1,지상,1,지상 1층,"[1호기](1F)1번출입구근처(3F)1번출입구,연결통로,대합실입구",,,,
01,수도권,KR,1,1호선,1369,전곡,EV,일반승강기,1,지상,1,지상 1층,[4호기](1F)1번출입구근처옆(3F)대합실내역무실옆,,,,
01,수도권,KR,1,1호선,1369,전곡,EV,일반승강기,1,지상,1,지상 1층,"[3호기](1F)연천역방향승강장5-4,청산역방향승강장6-1출입문앞,(3F)표내는곳내5,6호기에스컬레이터앞",,,,
01,수도권,KR,1,1호선,1369,전곡,EV,일반승강기,1,지상,1,지상 1층,[2호기](1F)1번출입구근처옆(3F)대합실내역무실옆,,,,
01,수도권,KR,1,1호선,1368,청산,EV,일반승강기,1,지상,2,지상 2층,"[1호기](1F)게이트안,(2F)하행승강장5-4",,,,
01,수도권,KR,1,1호선,1368,청산,EV,일반승강기,1,지상,2,지상 2층,"[2호기](1F)게이트안,(2F)상행승강장5-4",,,,
01,수도권,KR,1,1호선,1368,청산,EV,일반승강기,1,지상,1,지상 1층,"[1호기](1F)게이트안,(2F)하행승강장5-4",,,,
01,수도권,KR,1,1호선,1368,청산,EV,일반승강기,1,지상,1,지상 1층,"[2호기](1F)게이트안,(2F)상행승강장5-4",,,,
01,수도권,KR,1,1호선,1368,청산,TOLT,일반화장실(남),1,지상,1,지상 1층,1층 2번 출입구 방향,1,일반,1,남
01,수도권,KR,1,1호선,1368,청산,TOLT,일반화장실(여),1,지상,1,지상 1층,1층 2번 출입구 방향,1,일반,2,여
01,수도권,KR,1,1호선,1368,청산,TOLT,장애인화장실(남),1,지상,1,지상 1층,1층 2번 출입구 방향,2,장애인,1,남
01,수도권,KR,1,1호선,1368,청산,TOLT,장애인화장실(여),1,지상,1,지상 1층,1층 2번 출입구 방향,2,장애인,2,여
01,수도권,KR,1,1호선,1368,청산,INFO,고객센터,1,지상,1,지상 1층,"(1F) 1,2번 출입구 중간 게이트 옆",,,,
01,수도권,KR,1,1호선,1368,청산,LARM,수유실,1,지상,1,지상 1층,"(1F) 1,2번 출입구 발매기 옆",,,,
01,수도권,KR,1,1호선,0324,소요산,EV,일반승강기,1,지상,2,지상 2층,[1호기](1F)맞이방이동통로3-4출입문앞,,,,
01,수도권,KR,1,1호선,0324,소요산,EV,일반승강기,1,지상,1,지상 1층,[1호기](1F)맞이방이동통로3-4출입문앞,,,,
01,수도권,KR,1,1호선,0324,소요산,TOLT,일반화장실(남),1,지상,1,지상 1층,(1층) 표내는곳 좌측,1,일반,1,남
01,수도권,KR,1,1호선,0324,소요산,TOLT,일반화장실(여),1,지상,1,지상 1층,(1층) 표내는곳 좌측,1,일반,2,여
01,수도권,KR,1,1호선,0324,소요산,TOLT,장애인화장실(남),1,지상,1,지상 1층,(1층) 표내는곳 좌측,2,장애인,1,남
01,수도권,KR,1,1호선,0324,소요산,TOLT,장애인화장실(여),1,지상,1,지상 1층,(1층) 표내는곳 좌측,2,장애인,2,여
01,수도권,KR,1,1호선,0324,소요산,INFO,고객센터,1,지상,1,지상 1층,"1번출구, 게이트 앞",,,,
01,수도권,KR,1,1호선,0324,소요산,LARM,수유실,1,지상,1,지상 1층,(1F) 대합실 1번 출입구 방향,,,,
01,수도권,KR,1,1호선,0158,동두천,EV,일반승강기,1,지상,3,지상 3층,[5호기](1F)2번출입구방향,,,,
01,수도권,KR,1,1호선,0158,동두천,EV,일반승강기,1,지상,3,지상 3층,"[2호기](1F)1,2번승강장6-3",,,,
01,수도권,KR,1,1호선,0158,동두천,EV,일반승강기,1,지상,3,지상 3층,"[3호기](1F)3,4번승강장5-3",,,,
01,수도권,KR,1,1호선,0158,동두천,EV,일반승강기,1,지상,3,지상 3층,"[4호기](1F)저상홈7번,8번승강장중간",,,,
01,수도권,KR,1,1호선,0158,동두천,EV,일반승강기,1,지상,3,지상 3층,[1호기](1F)1번출입구방향,,,,
01,수도권,KR,1,1호선,0158,동두천,TOLT,일반화장실(남),1,지상,3,지상 3층,3층 이동통로 → 1번출구 방향 중간,1,일반,1,남
01,수도권,KR,1,1호선,0158,동두천,TOLT,일반화장실(여),1,지상,3,지상 3층,3층 이동통로 → 1번출구 방향 중간,1,일반,2,여
01,수도권,KR,1,1호선,0158,동두천,TOLT,장애인화장실(남),1,지상,3,지상 3층,3층 이동통로 → 1번출구 방향 중간,2,장애인,1,남
01,수도권,KR,1,1호선,0158,동두천,TOLT,장애인화장실(여),1,지상,3,지상 3층,3층 이동통로 → 1번출구 방향 중간,2,장애인,2,여
01,수도권,KR,1,1호선,0158,동두천,INFO,고객센터,1,지상,3,지상 3층,(3F) 표 내는 곳 옆,,,,
01,수도권,KR,1,1호선,0158,동두천,LARM,수유실,1,지상,3,지상 3층,1번 출입구 방향 여자화장실 내 ,,,,
01,수도권,KR,1,1호선,0158,동두천,EV,일반승강기,1,지상,2,지상 2층,[1호기](1F) 1번 출입구 방향,,,,
01,수도권,KR,1,1호선,0158,동두천,EV,일반승강기,1,지상,2,지상 2층,"[2호기](1F) 1,2번 승강장 6-3 ",,,,
01,수도권,KR,1,1호선,0158,동두천,EV,일반승강기,1,지상,2,지상 2층,"[3호기](1F) 3,4번 승강장 5-3 ",,,,
01,수도권,KR,1,1호선,0158,동두천,EV,일반승강기,1,지상,2,지상 2층,"[4호기](1F) 저상홈 7번,8번 승강장 중간 ",,,,
01,수도권,KR,1,1호선,0158,동두천,EV,일반승강기,1,지상,2,지상 2층,[5호기](1F) 2번 출입구 방향,,,,
01,수도권,KR,1,1호선,0158,동두천,EV,일반승강기,1,지상,1,지상 1층,[1호기](1F)1번출입구방향,,,,
01,수도권,KR,1,1호선,0158,동두천,EV,일반승강기,1,지상,1,지상 1층,"[2호기](1F)1,2번승강장6-3",,,,
01,수도권,KR,1,1호선,0158,동두천,EV,일반승강기,1,지상,1,지상 1층,"[3호기](1F)3,4번승강장5-3",,,,
01,수도권,KR,1,1호선,0158,동두천,EV,일반승강기,1,지상,1,지상 1층,[5호기](1F)2번출입구방향,,,,
01,수도권,KR,1,1호선,0158,동두천,EV,일반승강기,1,지상,1,지상 1층,"[4호기](1F)저상홈7번,8번승강장중간",,,,
01,수도권,KR,1,1호선,0235,보산,EV,일반승강기,1,지상,3,지상 3층,[2호기](1F)1번출입구앞(2F)맞이방통로앞(3F)소요산행승강장,,,,
01,수도권,KR,1,1호선,0235,보산,EV,일반승강기,1,지상,3,지상 3층,[1호기](1F)2번출입구앞(2F)맞이방화장실앞(3F)인천행승강장,,,,
01,수도권,KR,1,1호선,0235,보산,EV,일반승강기,1,지상,2,지상 2층,[1호기]1층 2번출입구 앞  2층맞이방 3층 인천행승강장,,,,
01,수도권,KR,1,1호선,0235,보산,EV,일반승강기,1,지상,2,지상 2층,[2호기]1층 1번출입구 앞 2층 맞이방 3층소요산행승강장,,,,
01,수도권,KR,1,1호선,0235,보산,TOLT,일반화장실(남),1,지상,2,지상 2층,2층 인천행E/V앞,1,일반,1,남
01,수도권,KR,1,1호선,0235,보산,TOLT,일반화장실(여),1,지상,2,지상 2층,2층 인천행E/V앞,1,일반,2,여
01,수도권,KR,1,1호선,0235,보산,TOLT,장애인화장실(남),1,지상,2,지상 2층,2층 인천행E/V앞,2,장애인,1,남
01,수도권,KR,1,1호선,0235,보산,TOLT,장애인화장실(여),1,지상,2,지상 2층,2층 인천행E/V앞,2,장애인,2,여
01,수도권,KR,1,1호선,0235,보산,INFO,고객센터,1,지상,2,지상 2층,(2F) 맞이방 내,,,,
01,수도권,KR,1,1호선,0235,보산,LARM,수유실,1,지상,2,지상 2층,(2F) 인천행 E/V앞,,,,
01,수도권,KR,1,1호선,0235,보산,EV,일반승강기,1,지상,1,지상 1층,[2호기](1F)1번출입구앞(2F)맞이방통로앞(3F)소요산행승강장,,,,
01,수도권,KR,1,1호선,0235,보산,EV,일반승강기,1,지상,1,지상 1층,[1호기](1F)2번출입구앞(2F)맞이방화장실앞(3F)인천행승강장,,,,
01,수도권,KR,1,1호선,0235,보산,ELEC,전동휠체어충전설비,1,지상,1,지상 1층,(1F) 2번 출입구 옆,,,,
01,수도권,KR,1,1호선,0159,동두천중앙,EV,일반승강기,1,지상,3,지상 3층,[2호기](1F)4번출입구방향,,,,
01,수도권,KR,1,1호선,0159,동두천중앙,EV,일반승강기,1,지상,3,지상 3층,[1호기](1F)4번출입구방향,,,,
01,수도권,KR,1,1호선,0159,동두천중앙,EV,일반승강기,1,지상,2,지상 2층,[1호기](1F) 4번 출입구 방향,,,,
01,수도권,KR,1,1호선,0159,동두천중앙,EV,일반승강기,1,지상,2,지상 2층,[2호기](1F) 4번 출입구 방향,,,,
01,수도권,KR,1,1호선,0159,동두천중앙,TOLT,일반화장실(남),1,지상,2,지상 2층,(2F) 맞이방 물품보관함 옆,1,일반,1,남
01,수도권,KR,1,1호선,0159,동두천중앙,TOLT,일반화장실(여),1,지상,2,지상 2층,(2F) 맞이방 물품보관함 옆,1,일반,2,여
01,수도권,KR,1,1호선,0159,동두천중앙,TOLT,장애인화장실(남),1,지상,2,지상 2층,(2F) 맞이방 물품보관함 옆,2,장애인,1,남
01,수도권,KR,1,1호선,0159,동두천중앙,TOLT,장애인화장실(여),1,지상,2,지상 2층,(2F) 맞이방 물품보관함 옆,2,장애인,2,여
01,수도권,KR,1,1호선,0159,동두천중앙,INFO,고객센터,1,지상,2,지상 2층,(2F) 맞이방 자동발매기 옆,,,,
01,수도권,KR,1,1호선,0159,동두천중앙,LARM,수유실,1,지상,2,지상 2층,(2F) 맞이방 보산방면 엘리베이터 앞,,,,
01,수도권,KR,1,1호선,0159,동두천중앙,EV,일반승강기,1,지상,1,지상 1층,[2호기](1F)4번출입구방향,,,,
01,수도권,KR,1,1호선,0159,동두천중앙,EV,일반승강기,1,지상,1,지상 1층,[1호기](1F)4번출입구방향,,,,
01,수도권,KR,1,1호선,0159,동두천중앙,ELEC,전동휠체어충전설비,1,지상,1,지상 1층,(1F) 3번 출입구 앞,,,,
01,수도권,KR,1,1호선,0159,동두천중앙,ELEC,전동휠체어충전설비,1,지상,1,지상 1층,(1F) 3번 출입구 앞,,,,
01,수도권,KR,1,1호선,0538,지행,EV,일반승강기,1,지상,2,지상 2층,[1호기]4번출구옆,,,,
01,수도권,KR,1,1호선,0538,지행,EV,일반승강기,1,지상,2,지상 2층,[2호기]1번출구옆,,,,
01,수도권,KR,1,1호선,0538,지행,EV,일반승강기,1,지상,1,지상 1층,[1호기]4번출구옆,,,,
01,수도권,KR,1,1호선,0538,지행,EV,일반승강기,1,지상,1,지상 1층,[2호기]1번출구옆,,,,
01,수도권,KR,1,1호선,0538,지행,ELEC,전동휠체어충전설비,1,지상,1,지상 1층,(1F) 남부역 1번 출입구 출입문 외부 우측,,,,
01,수도권,KR,1,1호선,0538,지행,TOLT,일반화장실(남),1,지상,1,지상 1층,(1F) 남부역 맞이방 내 4번 출입구 방향,1,일반,1,남
01,수도권,KR,1,1호선,0538,지행,TOLT,일반화장실(남),1,지상,1,지상 1층,(1F) 북부역 맞이방 내  3번 출입구 방향,1,일반,1,남
01,수도권,KR,1,1호선,0538,지행,TOLT,일반화장실(여),1,지상,1,지상 1층,(1F) 북부역 맞이방 내  3번 출입구 방향,1,일반,2,여
01,수도권,KR,1,1호선,0538,지행,TOLT,일반화장실(여),1,지상,1,지상 1층,(1F) 남부역 맞이방 내 4번 출입구 방향,1,일반,2,여
01,수도권,KR,1,1호선,0538,지행,TOLT,장애인화장실(남),1,지상,1,지상 1층,(1F) 남부역 맞이방 내 4번 출입구 방향,2,장애인,1,남
01,수도권,KR,1,1호선,0538,지행,TOLT,장애인화장실(여),1,지상,1,지상 1층,(1F) 남부역 맞이방 내 4번 출입구 방향,2,장애인,2,여
01,수도권,KR,1,1호선,0538,지행,INFO,고객센터,1,지상,1,지상 1층,(1F) 북부 맞이방 내,,,,
01,수도권,KR,1,1호선,0538,지행,INFO,고객센터,1,지상,1,지상 1층,(1F) 남부 맞이방 내,,,,
01,수도권,KR,1,1호선,0538,지행,LARM,수유실,1,지상,1,지상 1층,(1F) 남부역 맞이방 화장실 내 > 4번 출입구 방향,,,,
01,수도권,KR,1,1호선,0141,덕정,EV,일반승강기,1,지상,2,지상 2층,[2호기]1F(1번출입구방향)2F(지행역방향승강장5-3출입문앞),,,,
01,수도권,KR,1,1호선,0141,덕정,EV,일반승강기,1,지상,2,지상 2층,[1호기]1F(1번출입구방향)2F(덕계역방향승강장4-2출입문앞),,,,
01,수도권,KR,1,1호선,0141,덕정,EV,일반승강기,1,지상,1,지상 1층,[2호기]1F(1번출입구방향)2F(지행역방향승강장5-3출입문앞),,,,
01,수도권,KR,1,1호선,0141,덕정,EV,일반승강기,1,지상,1,지상 1층,[1호기]1F(1번출입구방향)2F(덕계역방향승강장4-2출입문앞),,,,
01,수도권,KR,1,1호선,0141,덕정,TOLT,일반화장실(여),1,지상,1,지상 1층,맞이방 표 내는 곳 옆,1,일반,2,여
01,수도권,KR,1,1호선,0141,덕정,TOLT,장애인화장실(남),1,지상,1,지상 1층,맞이방 표 내는 곳 옆,2,장애인,1,남
01,수도권,KR,1,1호선,0141,덕정,INFO,고객센터,1,지상,1,지상 1층,(1F) 맞이방 표내는 곳 옆,,,,
01,수도권,KR,1,1호선,0141,덕정,LARM,수유실,1,지상,1,지상 1층,(1F) 맞이방,,,,
01,수도권,KR,1,1호선,0139,덕계,EV,일반승강기,1,지상,2,지상 2층,[1호기](1F)개집표구를지나왼쪽(2F)소요산방면승강장5-3출입문앞,,,,
01,수도권,KR,1,1호선,0139,덕계,EV,일반승강기,1,지상,2,지상 2층,[2호기](1F)개집표구를지나왼쪽(2F)인천방면승강장6-2출입문앞,,,,
01,수도권,KR,1,1호선,0139,덕계,EV,일반승강기,1,지상,1,지상 1층,[1호기](1F)개집표구를지나왼쪽(2F)소요산방면승강장5-3출입문앞,,,,
01,수도권,KR,1,1호선,0139,덕계,EV,일반승강기,1,지상,1,지상 1층,[2호기](1F)개집표구를지나왼쪽(2F)인천방면승강장6-2출입문앞,,,,
01,수도권,KR,1,1호선,0139,덕계,WCLF,휠체어리프트,1,지상,1,지상 1층,(1F) 2번 출구 외부 계단,,,,
01,수도권,KR,1,1호선,0139,덕계,TOLT,일반화장실(남),1,지상,1,지상 1층,1번출구 진입후 좌측,1,일반,1,남
01,수도권,KR,1,1호선,0139,덕계,TOLT,일반화장실(여),1,지상,1,지상 1층,1번출구 진입후 좌측,1,일반,2,여
01,수도권,KR,1,1호선,0139,덕계,TOLT,장애인화장실(남),1,지상,1,지상 1층,1번출구 진입후 좌측,2,장애인,1,남
01,수도권,KR,1,1호선,0139,덕계,TOLT,장애인화장실(여),1,지상,1,지상 1층,1번출구 진입후 좌측,2,장애인,2,여
01,수도권,KR,1,1호선,0139,덕계,INFO,고객센터,1,지상,1,지상 1층,맞이방내 편의점 왼쪽,,,,
01,수도권,KR,1,1호선,0139,덕계,LARM,수유실,1,지상,1,지상 1층,1번출구 진입후 왼쪽,,,,
01,수도권,KR,1,1호선,0403,양주,EV,일반승강기,1,지상,2,지상 2층,[1호기](1F)표내는곳(2F)상행승강장,,,,
01,수도권,KR,1,1호선,0403,양주,EV,일반승강기,1,지상,2,지상 2층,[2호기](1F)표내는곳(2F)하행승강장,,,,
01,수도권,KR,1,1호선,0403,양주,EV,일반승강기,1,지상,1,지상 1층,[1호기](1F)표내는곳(2F)상행승강장,,,,
01,수도권,KR,1,1호선,0403,양주,EV,일반승강기,1,지상,1,지상 1층,[2호기](1F)표내는곳(2F)하행승강장,,,,
01,수도권,KR,1,1호선,0403,양주,TOLT,일반화장실(남),1,지상,1,지상 1층,"(1F) 맞이방, 1번출입구 방향",1,일반,1,남
01,수도권,KR,1,1호선,0403,양주,TOLT,일반화장실(여),1,지상,1,지상 1층,"(1F) 맞이방, 1번출입구 방향",1,일반,2,여
01,수도권,KR,1,1호선,0403,양주,TOLT,장애인화장실(남),1,지상,1,지상 1층,"(1F) 맞이방, 1번출입구 방향",2,장애인,1,남
01,수도권,KR,1,1호선,0403,양주,TOLT,장애인화장실(여),1,지상,1,지상 1층,"(1F) 맞이방, 1번출입구 방향",2,장애인,2,여
01,수도권,KR,1,1호선,0403,양주,INFO,고객센터,1,지상,1,지상 1층,(1F) 맞이방 내,,,,
01,수도권,KR,1,1호선,0403,양주,LARM,수유실,1,지상,1,지상 1층,"(F1) 맞이방 1,2번 출입구 중간 방향",,,,
01,수도권,KR,1,1호선,0118,녹양,EV,일반승강기,1,지상,2,지상 2층,[1호기](1F)남부게이트옆,,,,
01,수도권,KR,1,1호선,0118,녹양,EV,일반승강기,1,지상,2,지상 2층,[2호기](1F)남부소요산계단옆,,,,
01,수도권,KR,1,1호선,0118,녹양,EV,일반승강기,1,지상,1,지상 1층,[1호기](1F)남부게이트옆,,,,
01,수도권,KR,1,1호선,0118,녹양,EV,일반승강기,1,지상,1,지상 1층,[2호기](1F)남부소요산계단옆,,,,
01,수도권,KR,1,1호선,0118,녹양,ELEC,전동휠체어충전설비,1,지상,1,지상 1층,(1F) 1번출구 옆,,,,
01,수도권,KR,1,1호선,0118,녹양,TOLT,일반화장실(남),1,지상,1,지상 1층,(1F) 1번출구 왼편,1,일반,1,남
01,수도권,KR,1,1호선,0118,녹양,TOLT,일반화장실(여),1,지상,1,지상 1층,(1F) 1번출구 왼편,1,일반,2,여
01,수도권,KR,1,1호선,0118,녹양,TOLT,장애인화장실(남),1,지상,1,지상 1층,(1F) 1번출구 왼편,2,장애인,1,남
01,수도권,KR,1,1호선,0118,녹양,TOLT,장애인화장실(여),1,지상,1,지상 1층,(1F) 1번출구 왼편,2,장애인,2,여
01,수도권,KR,1,1호선,0118,녹양,INFO,고객센터,1,지상,1,지상 1층,(1F) 대합실1번출구 방향,,,,
01,수도권,KR,1,1호선,0118,녹양,LARM,수유실,1,지상,1,지상 1층,(1F) 1층 대합실 2번출구 방향,,,,
01,수도권,KR,1,1호선,0002,가능,EV,일반승강기,1,지상,2,지상 2층,[1호기](1F)하행방면남쪽게이트-(2F)녹양역방향승강장6-4출입문앞,,,,
01,수도권,KR,1,1호선,0002,가능,EV,일반승강기,1,지상,2,지상 2층,[2호기](1F)상행방면남쪽게이트-(2F)의정부역방향승강장5-1출입문앞,,,,
01,수도권,KR,1,1호선,0002,가능,EV,일반승강기,1,지상,1,지상 1층,[1호기](1F)하행방면남쪽게이트-(2F)녹양역방향승강장6-4출입문앞,,,,
01,수도권,KR,1,1호선,0002,가능,EV,일반승강기,1,지상,1,지상 1층,[2호기](1F)상행방면남쪽게이트-(2F)의정부역방향승강장5-1출입문앞,,,,
01,수도권,KR,1,1호선,0002,가능,TOLT,일반화장실(남),1,지상,1,지상 1층,1번출구 앞,1,일반,1,남
01,수도권,KR,1,1호선,0002,가능,TOLT,일반화장실(여),1,지상,1,지상 1층,1번출구 앞,1,일반,2,여
01,수도권,KR,1,1호선,0002,가능,TOLT,장애인화장실(남),1,지상,1,지상 1층,1번출구 앞,2,장애인,1,남
01,수도권,KR,1,1호선,0002,가능,TOLT,장애인화장실(여),1,지상,1,지상 1층,1번출구 앞,2,장애인,2,여
01,수도권,KR,1,1호선,0002,가능,INFO,고객센터,1,지상,1,지상 1층,"(F1) 대합실 1,2번 출입구 방향",,,,
01,수도권,KR,1,1호선,0002,가능,LARM,수유실,1,지상,1,지상 1층,(F1) 대합실 2번 출구 왼쪽방향,,,,
01,수도권,KR,1,1호선,0470,의정부,EV,일반승강기,1,지상,3,지상 3층,[8호기](1F)가능역방향승강장10-4계단뒤,,,,
01,수도권,KR,1,1호선,0470,의정부,EV,일반승강기,1,지상,3,지상 3층,[2호기](1F)가능역방향승강장2-1출입문앞,,,,
01,수도권,KR,1,1호선,0470,의정부,EV,일반승강기,1,지상,3,지상 3층,[3호기](1F)회룡역방향승강장10-1출입문앞,,,,
01,수도권,KR,1,1호선,0470,의정부,EV,일반승강기,1,지상,3,지상 3층,[6호기](1F)4번출입구방향,,,,
01,수도권,KR,1,1호선,0470,의정부,EV,일반승강기,1,지상,3,지상 3층,[7호기](1F)회룡역방향승강장1-1계단뒤,,,,
01,수도권,KR,1,1호선,0470,의정부,EV,일반승강기,1,지상,3,지상 3층,[1호기](1F)저상홈,,,,
01,수도권,KR,1,1호선,0470,의정부,ELEC,전동휠체어충전설비,1,지상,3,지상 3층,(3F) 동부 화장실 앞,,,,
01,수도권,KR,1,1호선,0470,의정부,TOLT,일반화장실(남),1,지상,3,지상 3층,(3층) 역무실 옆,1,일반,1,남
01,수도권,KR,1,1호선,0470,의정부,TOLT,일반화장실(남),1,지상,3,지상 3층,"(3층) 4,5번 출입구 방향",1,일반,1,남
01,수도권,KR,1,1호선,0470,의정부,TOLT,일반화장실(여),1,지상,3,지상 3층,(3층) 역무실 옆,1,일반,2,여
01,수도권,KR,1,1호선,0470,의정부,TOLT,일반화장실(여),1,지상,3,지상 3층,"(3층) 4,5번 출입구 방향",1,일반,2,여
01,수도권,KR,1,1호선,0470,의정부,TOLT,장애인화장실(남),1,지상,3,지상 3층,"(3층) 4,5번 출입구 방향",2,장애인,1,남
01,수도권,KR,1,1호선,0470,의정부,TOLT,장애인화장실(남),1,지상,3,지상 3층,(3층) 역무실 옆,2,장애인,1,남
01,수도권,KR,1,1호선,0470,의정부,TOLT,장애인화장실(여),1,지상,3,지상 3층,"(3층) 4,5번 출입구 방향",2,장애인,2,여
01,수도권,KR,1,1호선,0470,의정부,TOLT,장애인화장실(여),1,지상,3,지상 3층,(3층) 역무실 옆,2,장애인,2,여
01,수도권,KR,1,1호선,0470,의정부,INFO,고객센터,1,지상,3,지상 3층,"(3F) 2,3번 출입구 방향 화장실 옆",,,,
01,수도권,KR,1,1호선,0470,의정부,LARM,수유실,1,지상,3,지상 3층,(3F) 동부 화장실 옆,,,,
01,수도권,KR,1,1호선,0470,의정부,EV,일반승강기,1,지상,2,지상 2층,[8호기](1F) 회룡역 방향 승강장 1-1 계단 뒤,,,,
01,수도권,KR,1,1호선,0470,의정부,EV,일반승강기,1,지상,2,지상 2층,[1호기](1F) 저상홈,,,,
01,수도권,KR,1,1호선,0470,의정부,EV,일반승강기,1,지상,2,지상 2층,[9호기](1F) 가능역 방향 승강장 10-4 계단 뒤,,,,
01,수도권,KR,1,1호선,0470,의정부,EV,일반승강기,1,지상,2,지상 2층,[3호기](1F) 회룡역 방향 승강장 10-1 출입문 앞,,,,
01,수도권,KR,1,1호선,0470,의정부,EV,일반승강기,1,지상,2,지상 2층,[7호기](1F) 4번 출입구 방향,,,,
01,수도권,KR,1,1호선,0470,의정부,EV,일반승강기,1,지상,2,지상 2층,[2호기](1F) 가능역 방향 승강장 2-1 출입문 앞,,,,
01,수도권,KR,1,1호선,0470,의정부,EV,일반승강기,1,지상,1,지상 1층,[8호기](1F)가능역방향승강장10-4계단뒤,,,,
01,수도권,KR,1,1호선,0470,의정부,EV,일반승강기,1,지상,1,지상 1층,[7호기](1F)회룡역방향승강장1-1계단뒤,,,,
01,수도권,KR,1,1호선,0470,의정부,EV,일반승강기,1,지상,1,지상 1층,[6호기](1F)4번출입구방향,,,,
01,수도권,KR,1,1호선,0470,의정부,EV,일반승강기,1,지상,1,지상 1층,[3호기](1F)회룡역방향승강장10-1출입문앞,,,,
01,수도권,KR,1,1호선,0470,의정부,EV,일반승강기,1,지상,1,지상 1층,[1호기](1F)저상홈,,,,
01,수도권,KR,1,1호선,0470,의정부,EV,일반승강기,1,지상,1,지상 1층,[2호기](1F)가능역방향승강장2-1출입문앞,,,,
01,수도권,KR,1,1호선,0470,의정부,EV,일반승강기,1,지상,1,지상 1층,[5호기](B2)8번출입구방향,,,,
01,수도권,KR,1,1호선,0470,의정부,EV,일반승강기,1,지상,1,지상 1층,[4호기](B2)8번출입구방향,,,,
01,수도권,KR,1,1호선,0470,의정부,WCLF,휠체어리프트,1,지상,1,지상 1층,6번 승강장(저상홈 승강장),,,,
01,수도권,KR,1,1호선,0470,의정부,EV,일반승강기,2,지하,1,지하 1층,[4호기](B2) 8번 출입구 방향,,,,
01,수도권,KR,1,1호선,0470,의정부,EV,일반승강기,2,지하,1,지하 1층,[5호기](B2) 8번 출입구 방향,,,,
01,수도권,KR,1,1호선,0470,의정부,EV,일반승강기,2,지하,2,지하 2층,[4호기](B2)8번출입구방향,,,,
01,수도권,KR,1,1호선,0470,의정부,EV,일반승강기,2,지하,2,지하 2층,[5호기](B2)8번출입구방향,,,,
01,수도권,KR,1,1호선,0606,회룡,EV,일반승강기,1,지상,3,지상 3층,[3호기](1F)3번출입구북쪽20M지점,,,,
01,수도권,KR,1,1호선,0606,회룡,EV,일반승강기,1,지상,3,지상 3층,[2호기](1F)의정부역방향승강장3-4출입문앞,,,,
01,수도권,KR,1,1호선,0606,회룡,EV,일반승강기,1,지상,3,지상 3층,[1호기](1F)망월사역방향승강장7-2출입문앞,,,,
01,수도권,KR,1,1호선,0606,회룡,ELEC,전동휠체어충전설비,1,지상,3,지상 3층,(3F) 3번 출입구 E/V 3호기 앞,,,,
01,수도권,KR,1,1호선,0606,회룡,TOLT,일반화장실(남),1,지상,3,지상 3층,(3F) 3번출입구 맞이방,1,일반,1,남
01,수도권,KR,1,1호선,0606,회룡,TOLT,일반화장실(여),1,지상,3,지상 3층,(3F) 3번출입구 맞이방,1,일반,2,여
01,수도권,KR,1,1호선,0606,회룡,TOLT,장애인화장실(남),1,지상,3,지상 3층,(3F) 3번출입구 맞이방,2,장애인,1,남
01,수도권,KR,1,1호선,0606,회룡,TOLT,장애인화장실(여),1,지상,3,지상 3층,(3F) 3번출입구 맞이방,2,장애인,2,여
01,수도권,KR,1,1호선,0606,회룡,INFO,고객센터,1,지상,3,지상 3층,(3F) 대합실 3번 출입구 방향,,,,
01,수도권,KR,1,1호선,0606,회룡,LARM,수유실,1,지상,3,지상 3층,(3F) 대합실 3번출입구 방향,,,,
01,수도권,KR,1,1호선,0606,회룡,EV,일반승강기,1,지상,2,지상 2층,[1호기](1F-3F) (1F)망월사역방향 승강장 7-2 출입문 앞 (3F)맞이방,,,,
01,수도권,KR,1,1호선,0606,회룡,EV,일반승강기,1,지상,2,지상 2층,[2호기](1F-3F) (1F)의정부역방향 승강장 3-4 출입문 앞 (3F)맞이방,,,,
01,수도권,KR,1,1호선,0606,회룡,EV,일반승강기,1,지상,2,지상 2층,[3호기](1F) 3번 출입구 북쪽 20M 지점,,,,
01,수도권,KR,1,1호선,0606,회룡,EV,일반승강기,1,지상,2,지상 2층,[4호기](1F)5번출입구계단옆,,,,
01,수도권,KR,1,1호선,0606,회룡,EV,일반승강기,1,지상,1,지상 1층,[1호기](1F)망월사역방향승강장7-2출입문앞,,,,
01,수도권,KR,1,1호선,0606,회룡,EV,일반승강기,1,지상,1,지상 1층,[2호기](1F)의정부역방향승강장3-4출입문앞,,,,
01,수도권,KR,1,1호선,0606,회룡,EV,일반승강기,1,지상,1,지상 1층,[4호기](1F)5번출입구계단옆,,,,
01,수도권,KR,1,1호선,0606,회룡,EV,일반승강기,1,지상,1,지상 1층,[3호기](1F)3번출입구북쪽20M지점,,,,
01,수도권,KR,1,1호선,0190,망월사,EV,일반승강기,1,지상,2,지상 2층,[3호기]소요산게이트안쪽,,,,
01,수도권,KR,1,1호선,0190,망월사,EV,일반승강기,1,지상,2,지상 2층,[2호기]역무실옆,,,,
01,수도권,KR,1,1호선,0190,망월사,EV,일반승강기,1,지상,2,지상 2층,[1호기]화장실옆,,,,
01,수도권,KR,1,1호선,0190,망월사,EV,일반승강기,1,지상,2,지상 2층,[4호기]인천게이트안쪽,,,,
01,수도권,KR,1,1호선,0190,망월사,EV,일반승강기,1,지상,1,지상 1층,[4호기]인천게이트안쪽,,,,
01,수도권,KR,1,1호선,0190,망월사,EV,일반승강기,1,지상,1,지상 1층,[3호기]소요산게이트안쪽,,,,
01,수도권,KR,1,1호선,0190,망월사,EV,일반승강기,1,지상,1,지상 1층,[1호기]화장실옆,,,,
01,수도권,KR,1,1호선,0190,망월사,EV,일반승강기,1,지상,1,지상 1층,[2호기]역무실옆,,,,
01,수도권,KR,1,1호선,0190,망월사,WCLF,휠체어리프트,1,지상,1,지상 1층,1층 --> 2층 의정부 방면 승강장,,,,
01,수도권,KR,1,1호선,0190,망월사,WCLF,휠체어리프트,1,지상,1,지상 1층,1층 --> 2층 인천 방면 승강장,,,,
01,수도권,KR,1,1호선,0190,망월사,TOLT,일반화장실(남),1,지상,1,지상 1층,발매기 좌측,1,일반,1,남
01,수도권,KR,1,1호선,0190,망월사,TOLT,일반화장실(남),1,지상,1,지상 1층,게이트 내부 바로 앞,1,일반,1,남
01,수도권,KR,1,1호선,0190,망월사,TOLT,일반화장실(남),1,지상,1,지상 1층,"역무실 앞, 수유방 앞",1,일반,1,남
01,수도권,KR,1,1호선,0190,망월사,TOLT,일반화장실(여),1,지상,1,지상 1층,"역무실 앞, 수유방 앞",1,일반,2,여
01,수도권,KR,1,1호선,0190,망월사,TOLT,일반화장실(여),1,지상,1,지상 1층,발매기 좌측,1,일반,2,여
01,수도권,KR,1,1호선,0190,망월사,TOLT,일반화장실(여),1,지상,1,지상 1층,게이트 내부 바로 앞,1,일반,2,여
01,수도권,KR,1,1호선,0190,망월사,TOLT,장애인화장실(남),1,지상,1,지상 1층,발매기 좌측,2,장애인,1,남
01,수도권,KR,1,1호선,0190,망월사,TOLT,장애인화장실(남),1,지상,1,지상 1층,게이트 내부 바로 앞,2,장애인,1,남
01,수도권,KR,1,1호선,0190,망월사,TOLT,장애인화장실(남),1,지상,1,지상 1층,"역무실 앞, 수유방 앞",2,장애인,1,남
01,수도권,KR,1,1호선,0190,망월사,TOLT,장애인화장실(여),1,지상,1,지상 1층,발매기 좌측,2,장애인,2,여
01,수도권,KR,1,1호선,0190,망월사,TOLT,장애인화장실(여),1,지상,1,지상 1층,"역무실 앞, 수유방 앞",2,장애인,2,여
01,수도권,KR,1,1호선,0190,망월사,TOLT,장애인화장실(여),1,지상,1,지상 1층,게이트 내부 바로 앞,2,장애인,2,여
01,수도권,KR,1,1호선,0190,망월사,INFO,고객센터,1,지상,1,지상 1층,역무실,,,,
01,수도권,KR,1,1호선,0190,망월사,LARM,수유실,1,지상,1,지상 1층,여자화장실 맞은편,,,,
01,수도권,KR,1,1호선,0146,도봉산,EV,일반승강기,1,지상,2,지상 2층,[5호기](1F)7호선수락산방향승강장2-3출입문앞(2F)표내는곳내7호선환승계단근처,,,,
01,수도권,KR,1,1호선,0146,도봉산,EV,일반승강기,1,지상,2,지상 2층,"[3호기](1F)망월사방향승강장9-2출입문앞(2F)표내는곳내1,2번승강장방향계단앞",,,,
01,수도권,KR,1,1호선,0146,도봉산,EV,일반승강기,1,지상,2,지상 2층,[2호기](1F)3번출입구뒤/(2F)3번출입구방향맞이방입구,,,,
01,수도권,KR,1,1호선,0146,도봉산,EV,일반승강기,1,지상,2,지상 2층,[1호기](1F)1번출입구뒤/(2F)1번출입구방향맞이방입구,,,,
01,수도권,KR,1,1호선,0146,도봉산,EV,일반승강기,1,지상,2,지상 2층,"[4호기](1F)도봉방향승강장2-2출입문앞(2F)표내는곳내3,4번승강장방향계단앞",,,,
01,수도권,KR,1,1호선,0146,도봉산,TOLT,일반화장실(남),1,지상,2,지상 2층,"(2F) 맞이방 앞 1,3번 출입구 방향",1,일반,1,남
01,수도권,KR,1,1호선,0146,도봉산,TOLT,일반화장실(여),1,지상,2,지상 2층,"(2F) 맞이방 앞 1,3번 출입구 방향",1,일반,2,여
01,수도권,KR,1,1호선,0146,도봉산,TOLT,장애인화장실(남),1,지상,2,지상 2층,"(2F) 맞이방 앞 1,3번 출입구 방향",2,장애인,1,남
01,수도권,KR,1,1호선,0146,도봉산,TOLT,장애인화장실(여),1,지상,2,지상 2층,"(2F) 맞이방 앞 1,3번 출입구 방향",2,장애인,2,여
01,수도권,KR,1,1호선,0146,도봉산,INFO,고객센터,1,지상,2,지상 2층,(2F) 역무실,,,,
01,수도권,KR,1,1호선,0146,도봉산,LARM,수유실,1,지상,2,지상 2층,(2F) 맞이방 역무실 옆,,,,
01,수도권,KR,1,1호선,0146,도봉산,EV,일반승강기,1,지상,1,지상 1층,"[4호기](1F)도봉방향승강장2-2출입문앞(2F)표내는곳내3,4번승강장방향계단앞",,,,
01,수도권,KR,1,1호선,0146,도봉산,EV,일반승강기,1,지상,1,지상 1층,"[3호기](1F)망월사방향승강장9-2출입문앞(2F)표내는곳내1,2번승강장방향계단앞",,,,
01,수도권,KR,1,1호선,0146,도봉산,EV,일반승강기,1,지상,1,지상 1층,[2호기](1F)3번출입구뒤/(2F)3번출입구방향맞이방입구,,,,
01,수도권,KR,1,1호선,0146,도봉산,EV,일반승강기,1,지상,1,지상 1층,[1호기](1F)1번출입구뒤/(2F)1번출입구방향맞이방입구,,,,
01,수도권,KR,1,1호선,0146,도봉산,EV,일반승강기,1,지상,1,지상 1층,[5호기](1F)7호선수락산방향승강장2-3출입문앞(2F)표내는곳내7호선환승계단근처,,,,
01,수도권,KR,1,1호선,0146,도봉산,ELEC,전동휠체어충전설비,1,지상,1,지상 1층,(2F) 3번 출입구 방향 엘리베이터 옆,,,,
01,수도권,KR,1,1호선,0145,도봉,EV,일반승강기,1,지상,2,지상 2층,"[2호기](2F)도봉산방향승강장9-4출입문앞(1F)2,3번출입구근처",,,,
01,수도권,KR,1,1호선,0145,도봉,EV,일반승강기,1,지상,2,지상 2층,"[3호기](2F)방학방향승강장4-4출입문앞(1F)2,3번출입구근처",,,,
01,수도권,KR,1,1호선,0145,도봉,EV,일반승강기,1,지상,2,지상 2층,[1호기](2F)도봉산방향승강장2-1출입문앞(1F)1번출입구옆,,,,
01,수도권,KR,1,1호선,0145,도봉,EV,일반승강기,1,지상,1,지상 1층,"[3호기](2F)방학방향승강장4-4출입문앞(1F)2,3번출입구근처",,,,
01,수도권,KR,1,1호선,0145,도봉,EV,일반승강기,1,지상,1,지상 1층,"[2호기](2F)도봉산방향승강장9-4출입문앞(1F)2,3번출입구근처",,,,
01,수도권,KR,1,1호선,0145,도봉,EV,일반승강기,1,지상,1,지상 1층,[1호기](2F)도봉산방향승강장2-1출입문앞(1F)1번출입구옆,,,,
01,수도권,KR,1,1호선,0145,도봉,ELEC,전동휠체어충전설비,1,지상,1,지상 1층,"(1F) 북부 고객지원실 앞쪽, 1번 출입구 방향",,,,
01,수도권,KR,1,1호선,0145,도봉,TOLT,일반화장실(남),1,지상,1,지상 1층,"(1F) 남부 고객지원실 옆, 2번 출입구 방향",1,일반,1,남
01,수도권,KR,1,1호선,0145,도봉,TOLT,일반화장실(남),1,지상,1,지상 1층,"(1F) 맞이방, 1번 출입구 방향",1,일반,1,남
01,수도권,KR,1,1호선,0145,도봉,TOLT,일반화장실(여),1,지상,1,지상 1층,"(1F) 맞이방, 1번 출입구 방향",1,일반,2,여
01,수도권,KR,1,1호선,0145,도봉,TOLT,일반화장실(여),1,지상,1,지상 1층,"(1F) 남부 고객지원실 옆, 2번 출입구 방향",1,일반,2,여
01,수도권,KR,1,1호선,0145,도봉,TOLT,장애인화장실(남),1,지상,1,지상 1층,"(1F) 남부 고객지원실 옆, 2번 출입구 방향",2,장애인,1,남
01,수도권,KR,1,1호선,0145,도봉,TOLT,장애인화장실(여),1,지상,1,지상 1층,"(1F) 남부 고객지원실 옆, 2번 출입구 방향",2,장애인,2,여
01,수도권,KR,1,1호선,0145,도봉,TOLT,장애인화장실(공용),1,지상,1,지상 1층,"(1F) 표 내는 곳 옆, 1번 출입구 방향",2,장애인,3,공용
01,수도권,KR,1,1호선,0145,도봉,INFO,고객센터,1,지상,1,지상 1층,(1F) 맞이방 옆 1번 출입구 방향,,,,
01,수도권,KR,1,1호선,0145,도봉,INFO,고객센터,1,지상,1,지상 1층,(1F) 맞이방 옆 2번 출입구 방향,,,,
01,수도권,KR,1,1호선,0220,방학,EV,일반승강기,1,지상,2,지상 2층,[3호기]상행남부타는곳((2-1앞),,,,
01,수도권,KR,1,1호선,0220,방학,EV,일반승강기,1,지상,2,지상 2층,[4호기]하행남부타는곳(9-4앞),,,,
01,수도권,KR,1,1호선,0220,방학,EV,일반승강기,1,지상,2,지상 2층,[2호기]상행북부타는곳(9-4앞),,,,
01,수도권,KR,1,1호선,0220,방학,EV,일반승강기,1,지상,2,지상 2층,[1호기]하행북부타는곳(2-1앞),,,,
01,수도권,KR,1,1호선,0220,방학,ELEC,전동휠체어충전설비,1,지상,2,지상 2층,(2) 창동방면 승강장 5-3 출입문 앞,,,,
01,수도권,KR,1,1호선,0220,방학,EV,일반승강기,1,지상,1,지상 1층,[1호기]하행북부타는곳(2-1앞),,,,
01,수도권,KR,1,1호선,0220,방학,EV,일반승강기,1,지상,1,지상 1층,[4호기]하행남부타는곳(9-4앞),,,,
01,수도권,KR,1,1호선,0220,방학,EV,일반승강기,1,지상,1,지상 1층,[3호기]상행남부타는곳((2-1앞),,,,
01,수도권,KR,1,1호선,0220,방학,EV,일반승강기,1,지상,1,지상 1층,[2호기]상행북부타는곳(9-4앞),,,,
01,수도권,KR,1,1호선,0220,방학,TOLT,일반화장실(남),1,지상,1,지상 1층,상행남부 타는곳 계단 위 부근,1,일반,1,남
01,수도권,KR,1,1호선,0220,방학,TOLT,일반화장실(여),1,지상,1,지상 1층,상행남부 타는곳 계단 위 부근,1,일반,2,여
01,수도권,KR,1,1호선,0220,방학,TOLT,장애인화장실(남),1,지상,1,지상 1층,상행남부 타는곳 계단 위 부근,2,장애인,1,남
01,수도권,KR,1,1호선,0220,방학,TOLT,장애인화장실(여),1,지상,1,지상 1층,상행남부 타는곳 계단 위 부근,2,장애인,2,여
01,수도권,KR,1,1호선,0220,방학,TOLT,일반화장실(남),2,지하,0.5,지하 0.5층,개집표구 안쪽 인천.의정부 계단 중간,1,일반,1,남
01,수도권,KR,1,1호선,0220,방학,TOLT,일반화장실(여),2,지하,0.5,지하 0.5층,개집표구 안쪽 인천.의정부 계단 중간,1,일반,2,여
01,수도권,KR,1,1호선,0220,방학,TOLT,장애인화장실(남),2,지하,0.5,지하 0.5층,개집표구 안쪽 인천.의정부 계단 중간,2,장애인,1,남
01,수도권,KR,1,1호선,0220,방학,TOLT,장애인화장실(여),2,지하,0.5,지하 0.5층,개집표구 안쪽 인천.의정부 계단 중간,2,장애인,2,여
01,수도권,KR,1,1호선,0220,방학,INFO,고객센터,2,지하,1,지하 1층,"(1) 1,2번 출구 맞이방",,,,
01,수도권,KR,1,1호선,0119,녹천,EV,일반승강기,1,지상,2,지상 2층,[6호기](1F)3번출입구옆(2F)3번출입구계단앞,,,,
01,수도권,KR,1,1호선,0119,녹천,EV,일반승강기,1,지상,2,지상 2층,[2호기](1F)2번출입구옆(2F)맞이방표내는곳앞,,,,
01,수도권,KR,1,1호선,0119,녹천,EV,일반승강기,1,지상,2,지상 2층,[1호기](1F)1번출입구옆(2F)맞이방표내는곳앞,,,,
01,수도권,KR,1,1호선,0119,녹천,EV,일반승강기,1,지상,2,지상 2층,[8호기](1F)4번출입구옆(2F)4번출입구계단앞,,,,
01,수도권,KR,1,1호선,0119,녹천,EV,일반승강기,1,지상,2,지상 2층,[7호기](1F)창동역방향10-4출입문옆(2F)창동역방향승강장계단앞,,,,
01,수도권,KR,1,1호선,0119,녹천,EV,일반승강기,1,지상,2,지상 2층,[3호기](1F)월계역방향승강장10-4출입문옆(2F)월계역방향승강장계단앞,,,,
01,수도권,KR,1,1호선,0119,녹천,EV,일반승강기,1,지상,2,지상 2층,[5호기](1F)월계역방향승강장1-1출입문옆(2F)월계역방향승강장계단앞,,,,
01,수도권,KR,1,1호선,0119,녹천,EV,일반승강기,1,지상,2,지상 2층,[4호기](1F)창동역방향승강장1-1출입문옆(2F)창동역방향승강장계단앞,,,,
01,수도권,KR,1,1호선,0119,녹천,ELEC,전동휠체어충전설비,1,지상,2,지상 2층,"(2F)  북부 맞이방, 2번 출입구 앞",,,,
01,수도권,KR,1,1호선,0119,녹천,ELEC,전동휠체어충전설비,1,지상,2,지상 2층,"(2F) 남부 맞이방 표내는곳 앞, 환급기옆",,,,
01,수도권,KR,1,1호선,0119,녹천,TOLT,일반화장실(남),1,지상,2,지상 2층,(2F) 북부 월계역 방향 승강장 계단 앞,1,일반,1,남
01,수도권,KR,1,1호선,0119,녹천,TOLT,일반화장실(여),1,지상,2,지상 2층,(2F) 북부 월계역 방향 승강장 계단 앞,1,일반,2,여
01,수도권,KR,1,1호선,0119,녹천,TOLT,장애인화장실(남),1,지상,2,지상 2층,(2F) 북부 월계역 방향 승강장 계단 앞,2,장애인,1,남
01,수도권,KR,1,1호선,0119,녹천,TOLT,장애인화장실(여),1,지상,2,지상 2층,(2F) 북부 월계역 방향 승강장 계단 앞,2,장애인,2,여
01,수도권,KR,1,1호선,0119,녹천,INFO,고객센터,1,지상,2,지상 2층,역무실,,,,
01,수도권,KR,1,1호선,0119,녹천,EV,일반승강기,1,지상,1,지상 1층,[4호기](1F)창동역방향승강장1-1출입문옆(2F)창동역방향승강장계단앞,,,,
01,수도권,KR,1,1호선,0119,녹천,EV,일반승강기,1,지상,1,지상 1층,[3호기](1F)월계역방향승강장10-4출입문옆(2F)월계역방향승강장계단앞,,,,
01,수도권,KR,1,1호선,0119,녹천,EV,일반승강기,1,지상,1,지상 1층,[2호기](1F)2번출입구옆(2F)맞이방표내는곳앞,,,,
01,수도권,KR,1,1호선,0119,녹천,EV,일반승강기,1,지상,1,지상 1층,[1호기](1F)1번출입구옆(2F)맞이방표내는곳앞,,,,
01,수도권,KR,1,1호선,0119,녹천,EV,일반승강기,1,지상,1,지상 1층,[8호기](1F)4번출입구옆(2F)4번출입구계단앞,,,,
01,수도권,KR,1,1호선,0119,녹천,EV,일반승강기,1,지상,1,지상 1층,[7호기](1F)창동역방향10-4출입문옆(2F)창동역방향승강장계단앞,,,,
01,수도권,KR,1,1호선,0119,녹천,EV,일반승강기,1,지상,1,지상 1층,[5호기](1F)월계역방향승강장1-1출입문옆(2F)월계역방향승강장계단앞,,,,
01,수도권,KR,1,1호선,0119,녹천,EV,일반승강기,1,지상,1,지상 1층,[6호기](1F)3번출입구옆(2F)3번출입구계단앞,,,,
01,수도권,KR,1,1호선,0119,녹천,TOLT,일반화장실(남),1,지상,1,지상 1층,(1F) 남부 월계역 방향 승강장 5호기 E/V 옆,1,일반,1,남
01,수도권,KR,1,1호선,0119,녹천,TOLT,일반화장실(여),1,지상,1,지상 1층,(1F) 남부 월계역 방향 승강장 5호기 E/V 옆,1,일반,2,여
01,수도권,KR,1,1호선,0119,녹천,TOLT,장애인화장실(남),1,지상,1,지상 1층,(1F) 남부 월계역 방향 승강장 5호기 E/V 옆,2,장애인,1,남
01,수도권,KR,1,1호선,0119,녹천,TOLT,장애인화장실(여),1,지상,1,지상 1층,(1F) 남부 월계역 방향 승강장 5호기 E/V 옆,2,장애인,2,여
01,수도권,KR,1,1호선,0459,월계,EV,일반승강기,1,지상,2,지상 2층,[7호기](1F)4번출입구계단뒤(2F)남부맞이방,,,,
01,수도권,KR,1,1호선,0459,월계,EV,일반승강기,1,지상,2,지상 2층,"[3호기](1F)1번출입구계단뒤(2F)1번출입구2층계단앞,한내교출입구옆",,,,
01,수도권,KR,1,1호선,0459,월계,EV,일반승강기,1,지상,2,지상 2층,"[2호기](1)소요산방항승강장1-1출입문앞(2)에스컬레이터2호기,소요산방향승강장계단앞",,,,
01,수도권,KR,1,1호선,0459,월계,EV,일반승강기,1,지상,2,지상 2층,"[1호기](1)인천방항승강장10-4출입문앞(2)에스컬레이터1호기,인천방향승강장계단앞",,,,
01,수도권,KR,1,1호선,0459,월계,EV,일반승강기,1,지상,2,지상 2층,"[8호기](1F)인천방항승강장계단뒤(2F)남부맞이방표내는곳,인천방향승강장2층계단옆",,,,
01,수도권,KR,1,1호선,0459,월계,EV,일반승강기,1,지상,2,지상 2층,"[4호기](1F)2번출입구계단근처(2F)2번출입구2층계단앞,1번/2번출입구사이복도",,,,
01,수도권,KR,1,1호선,0459,월계,EV,일반승강기,1,지상,2,지상 2층,"[6호기](1F)소요산방항승강장계단뒤여자화장실맞은편(2F)남부맞이방표내는곳,소요산방향승강장2층계단옆",,,,
01,수도권,KR,1,1호선,0459,월계,EV,일반승강기,1,지상,2,지상 2층,[5호기](1F)3번출입구계단뒤(2F)남부맞이방,,,,
01,수도권,KR,1,1호선,0459,월계,TOLT,일반화장실(남),1,지상,2,지상 2층,"(2F) 북부 역무실 옆, 1번 출입구 방향 ",1,일반,1,남
01,수도권,KR,1,1호선,0459,월계,TOLT,일반화장실(여),1,지상,2,지상 2층,"(2F) 북부 역무실 옆, 1번 출입구 방향 ",1,일반,2,여
01,수도권,KR,1,1호선,0459,월계,TOLT,장애인화장실(남),1,지상,2,지상 2층,"(2F) 북부 역무실 옆, 1번 출입구 방향 ",2,장애인,1,남
01,수도권,KR,1,1호선,0459,월계,TOLT,장애인화장실(여),1,지상,2,지상 2층,"(2F) 북부 역무실 옆, 1번 출입구 방향 ",2,장애인,2,여
01,수도권,KR,1,1호선,0459,월계,INFO,고객센터,1,지상,2,지상 2층,역무실,,,,
01,수도권,KR,1,1호선,0459,월계,LARM,수유실,1,지상,2,지상 2층,"(2F) 북부 맞이방 고객센터, 화장실 사이",,,,
01,수도권,KR,1,1호선,0459,월계,EV,일반승강기,1,지상,1,지상 1층,"[6호기](1F)소요산방항승강장계단뒤여자화장실맞은편(2F)남부맞이방표내는곳,소요산방향승강장2층계단옆",,,,
01,수도권,KR,1,1호선,0459,월계,EV,일반승강기,1,지상,1,지상 1층,[5호기](1F)3번출입구계단뒤(2F)남부맞이방,,,,
01,수도권,KR,1,1호선,0459,월계,EV,일반승강기,1,지상,1,지상 1층,"[4호기](1F)2번출입구계단근처(2F)2번출입구2층계단앞,1번/2번출입구사이복도",,,,
01,수도권,KR,1,1호선,0459,월계,EV,일반승강기,1,지상,1,지상 1층,"[3호기](1F)1번출입구계단뒤(2F)1번출입구2층계단앞,한내교출입구옆",,,,
01,수도권,KR,1,1호선,0459,월계,EV,일반승강기,1,지상,1,지상 1층,"[8호기](1F)인천방항승강장계단뒤(2F)남부맞이방표내는곳,인천방향승강장2층계단옆",,,,
01,수도권,KR,1,1호선,0459,월계,EV,일반승강기,1,지상,1,지상 1층,[7호기](1F)4번출입구계단뒤(2F)남부맞이방,,,,
01,수도권,KR,1,1호선,0459,월계,EV,일반승강기,1,지상,1,지상 1층,"[2호기](1)소요산방항승강장1-1출입문앞(2)에스컬레이터2호기,소요산방향승강장계단앞",,,,
01,수도권,KR,1,1호선,0459,월계,EV,일반승강기,1,지상,1,지상 1층,"[1호기](1)인천방항승강장10-4출입문앞(2)에스컬레이터1호기,인천방향승강장계단앞",,,,
01,수도권,KR,1,1호선,0459,월계,TOLT,일반화장실(남),1,지상,1,지상 1층,(1F) 소요산 방향 승강장 남쪽 끝단,1,일반,1,남
01,수도권,KR,1,1호선,0459,월계,TOLT,일반화장실(여),1,지상,1,지상 1층,(1F) 소요산 방향 승강장 남쪽 끝단,1,일반,2,여
01,수도권,KR,1,1호선,0459,월계,TOLT,장애인화장실(남),1,지상,1,지상 1층,(1F) 소요산 방향 승강장 남쪽 끝단,2,장애인,1,남
01,수도권,KR,1,1호선,0459,월계,TOLT,장애인화장실(여),1,지상,1,지상 1층,(1F) 소요산 방향 승강장 남쪽 끝단,2,장애인,2,여
01,수도권,KR,1,1호선,0065,광운대,EV,일반승강기,1,지상,1,지상 1층,[1호기]소요산방면4호차옆,,,,
01,수도권,KR,1,1호선,0065,광운대,WCLF,휠체어리프트,1,지상,1,지상 1층,인천방면,,,,
01,수도권,KR,1,1호선,0065,광운대,WCLF,휠체어리프트,1,지상,1,지상 1층,경춘선 방면,,,,
01,수도권,KR,1,1호선,0065,광운대,TOLT,일반화장실(남),1,지상,1,지상 1층,1번 출입구 방향,1,일반,1,남
01,수도권,KR,1,1호선,0065,광운대,TOLT,일반화장실(여),1,지상,1,지상 1층,1번 출입구 방향,1,일반,2,여
01,수도권,KR,1,1호선,0065,광운대,TOLT,장애인화장실(남),1,지상,1,지상 1층,1번 출입구 방향,2,장애인,1,남
01,수도권,KR,1,1호선,0065,광운대,TOLT,장애인화장실(여),1,지상,1,지상 1층,1번 출입구 방향,2,장애인,2,여
01,수도권,KR,1,1호선,0065,광운대,INFO,고객센터,1,지상,1,지상 1층,1층 표 내는 곳,,,,
01,수도권,KR,1,1호선,0065,광운대,EV,일반승강기,2,지하,1,지하 1층,[1호기]소요산방면4호차옆,,,,
01,수도권,KR,1,1호선,0300,석계,EV,일반승강기,1,지상,1,지상 1층,[1호기]대합실중앙,,,,
01,수도권,KR,1,1호선,0300,석계,EV,일반승강기,2,지하,1,지하 1층,[1호기]대합실중앙,,,,
01,수도권,KR,1,1호선,0300,석계,TOLT,일반화장실(남),2,지하,1,지하 1층,(B1) 게이트 개표 후 왼쪽 방향,1,일반,1,남
01,수도권,KR,1,1호선,0300,석계,TOLT,일반화장실(여),2,지하,1,지하 1층,(B1) 게이트 개표 후 왼쪽 방향,1,일반,2,여
01,수도권,KR,1,1호선,0300,석계,TOLT,장애인화장실(남),2,지하,1,지하 1층,(B1) 게이트 개표 후 왼쪽 방향,2,장애인,1,남
01,수도권,KR,1,1호선,0300,석계,TOLT,장애인화장실(여),2,지하,1,지하 1층,(B1) 게이트 개표 후 왼쪽 방향,2,장애인,2,여
01,수도권,KR,1,1호선,0300,석계,INFO,고객센터,2,지하,1,지하 1층,(B1) 대합실 내 역무실,,,,
01,수도권,KR,1,1호선,0371,신이문,EV,일반승강기,1,지상,2,지상 2층,"[3호기](2F) 북부역사 외부통로
(1F) 3번 출입구 방향",,,,
01,수도권,KR,1,1호선,0371,신이문,EV,일반승강기,1,지상,2,지상 2층,[4호기](1F)5번출입구옆(2F)표내는곳,,,,
01,수도권,KR,1,1호선,0371,신이문,EV,일반승강기,1,지상,2,지상 2층,[3호기](1F)3번출입구옆(2F)맞이방,,,,
01,수도권,KR,1,1호선,0371,신이문,EV,일반승강기,1,지상,2,지상 2층,[2호기](1F)2번출입구옆(2F)표내는곳,,,,
01,수도권,KR,1,1호선,0371,신이문,EV,일반승강기,1,지상,2,지상 2층,[1호기](1F)1번출입구옆(2F)표내는곳,,,,
01,수도권,KR,1,1호선,0371,신이문,WCLF,휠체어리프트,1,지상,2,지상 2층,(2F) 맞이방 2번 출구 앞,,,,
01,수도권,KR,1,1호선,0371,신이문,EV,일반승강기,1,지상,1,지상 1층,[4호기](1F)5번출입구옆(2F)표내는곳,,,,
01,수도권,KR,1,1호선,0371,신이문,EV,일반승강기,1,지상,1,지상 1층,[3호기](1F)3번출입구옆(2F)맞이방,,,,
01,수도권,KR,1,1호선,0371,신이문,EV,일반승강기,1,지상,1,지상 1층,[1호기](1F)1번출입구옆(2F)표내는곳,,,,
01,수도권,KR,1,1호선,0371,신이문,EV,일반승강기,1,지상,1,지상 1층,[2호기](1F)2번출입구옆(2F)표내는곳,,,,
01,수도권,KR,1,1호선,0371,신이문,WCLF,휠체어리프트,1,지상,1,지상 1층,(1F) 외대앞역 방향 승강장 10-4 출입문 앞,,,,
01,수도권,KR,1,1호선,0371,신이문,WCLF,휠체어리프트,1,지상,1,지상 1층,(1F) 석계역 방향 승강장 1-1 출입문 앞,,,,
01,수도권,KR,1,1호선,0371,신이문,TOLT,일반화장실(남),1,지상,1,지상 1층,(1F) 1번/2번  출입구 방향 석계역 방향 승강장 계단 아래,1,일반,1,남
01,수도권,KR,1,1호선,0371,신이문,TOLT,일반화장실(여),1,지상,1,지상 1층,(1F) 1번/2번  출입구 방향 석계역 방향 승강장 계단 아래,1,일반,2,여
01,수도권,KR,1,1호선,0371,신이문,INFO,고객센터,1,지상,1,지상 1층,역무실,,,,
01,수도권,KR,1,1호선,0442,외대앞,INFO,고객센터,1,지상,2,지상 2층,역무실,,,,
01,수도권,KR,1,1호선,0442,외대앞,WCLF,휠체어리프트,1,지상,1,지상 1층,(1층)신이문역 방향 10-4  뒤 계단,,,,
01,수도권,KR,1,1호선,0442,외대앞,TOLT,일반화장실(남),1,지상,1,지상 1층,1번출입구 표내는 곳 안쪽 방향,1,일반,1,남
01,수도권,KR,1,1호선,0442,외대앞,TOLT,일반화장실(여),1,지상,1,지상 1층,1번출입구 표내는 곳 안쪽 방향,1,일반,2,여
01,수도권,KR,1,1호선,0442,외대앞,TOLT,장애인화장실(남),1,지상,1,지상 1층,1번출입구 표내는 곳 안쪽 방향,2,장애인,1,남
01,수도권,KR,1,1호선,0442,외대앞,TOLT,장애인화장실(여),1,지상,1,지상 1층,1번출입구 표내는 곳 안쪽 방향,2,장애인,2,여
01,수도권,KR,1,1호선,0604,회기,EV,일반승강기,1,지상,2,지상 2층,[1호기]자유통로(2층)<->외부(경희대1번출구),,,,
01,수도권,KR,1,1호선,0604,회기,EV,일반승강기,1,지상,2,지상 2층,[2호기]자유통로(2층)<->외부(삼육대2번출구),,,,
01,수도권,KR,1,1호선,0604,회기,EV,일반승강기,1,지상,2,지상 2층,[3호기]맞이방(2층)<->경원승강장(1층),,,,
01,수도권,KR,1,1호선,0604,회기,EV,일반승강기,1,지상,2,지상 2층,[4호기]맞이방(2층)<->중앙선승강장(1층),,,,
01,수도권,KR,1,1호선,0604,회기,TOLT,일반화장실(남),1,지상,2,지상 2층,2층 맞이방,1,일반,1,남
01,수도권,KR,1,1호선,0604,회기,TOLT,일반화장실(여),1,지상,2,지상 2층,2층 맞이방,1,일반,2,여
01,수도권,KR,1,1호선,0604,회기,TOLT,장애인화장실(남),1,지상,2,지상 2층,2층 맞이방,2,장애인,1,남
01,수도권,KR,1,1호선,0604,회기,TOLT,장애인화장실(여),1,지상,2,지상 2층,2층 맞이방,2,장애인,2,여
01,수도권,KR,1,1호선,0604,회기,INFO,고객센터,1,지상,2,지상 2층,2층 맞이방,,,,
01,수도권,KR,1,1호선,0604,회기,LARM,수유실,1,지상,2,지상 2층,삼육대방면 2번 출구,,,,
01,수도권,KR,1,1호선,0604,회기,EV,일반승강기,1,지상,1,지상 1층,[4호기]맞이방(2층)<->중앙선승강장(1층),,,,
01,수도권,KR,1,1호선,0604,회기,EV,일반승강기,1,지상,1,지상 1층,[3호기]맞이방(2층)<->경원승강장(1층),,,,
01,수도권,KR,1,1호선,0604,회기,EV,일반승강기,1,지상,1,지상 1층,[2호기]자유통로(2층)<->외부(삼육대2번출구),,,,
01,수도권,KR,1,1호선,0604,회기,EV,일반승강기,1,지상,1,지상 1층,[1호기]자유통로(2층)<->외부(경희대1번출구),,,,
01,수도권,KR,1,1호선,0604,회기,ELEC,전동휠체어충전설비,1,지상,1,지상 1층,2층 자유통로 (2번출구방면),,,,
01,수도권,S1,1,1호선,0552,청량리,EV,일반승강기,1,지상,1,지상 1층,[2호기]2번출구측,,,,
01,수도권,S1,1,1호선,0552,청량리,EV,일반승강기,1,지상,1,지상 1층,[1호기]6번출구측,,,,
01,수도권,S1,1,1호선,0552,청량리,EV,일반승강기,2,지하,1,지하 1층,[2호기]2번출구측,,,,
01,수도권,S1,1,1호선,0552,청량리,EV,일반승강기,2,지하,1,지하 1층,[1호기](B2-F1)6번 출입구측,,,,
01,수도권,S1,1,1호선,0552,청량리,TOLT,일반화장실(남),2,지하,1,지하 1층,4번출입구 아래,1,일반,1,남
01,수도권,S1,1,1호선,0552,청량리,TOLT,일반화장실(여),2,지하,1,지하 1층,4번출입구 아래,1,일반,2,여
01,수도권,S1,1,1호선,0552,청량리,TOLT,장애인화장실(남),2,지하,1,지하 1층,4번출입구 아래,2,장애인,1,남
01,수도권,S1,1,1호선,0552,청량리,TOLT,장애인화장실(여),2,지하,1,지하 1층,4번출입구 아래,2,장애인,2,여
01,수도권,S1,1,1호선,0552,청량리,EV,일반승강기,2,지하,2,지하 2층,[1호기]6번출구측,,,,
01,수도권,S1,1,1호선,0552,청량리,INFO,고객센터,2,지하,2,지하 2층,B2층 대합실,,,,
01,수도권,S1,1,1호선,0512,제기동,EV,일반승강기,1,지상,1,지상 1층,[3호기]1번출구측,,,,
01,수도권,S1,1,1호선,0512,제기동,EV,일반승강기,2,지하,1,지하 1층,[3호기]1번출구측,,,,
01,수도권,S1,1,1호선,0512,제기동,EV,일반승강기,2,지하,1,지하 1층,[2호기]신설동방면2-1,,,,
01,수도권,S1,1,1호선,0512,제기동,EV,일반승강기,2,지하,1,지하 1층,[1호기]청량리방면9-4,,,,
01,수도권,S1,1,1호선,0512,제기동,ELEC,전동휠체어충전설비,2,지하,1,지하 1층,1번 출구 개찰구 앞 5m 지점,,,,
01,수도권,S1,1,1호선,0512,제기동,TOLT,일반화장실(남),2,지하,1,지하 1층,2번출입구우측,1,일반,1,남
01,수도권,S1,1,1호선,0512,제기동,TOLT,일반화장실(여),2,지하,1,지하 1층,2번출입구우측,1,일반,2,여
01,수도권,S1,1,1호선,0512,제기동,TOLT,장애인화장실(남),2,지하,1,지하 1층,2번출입구우측,2,장애인,1,남
01,수도권,S1,1,1호선,0512,제기동,TOLT,장애인화장실(여),2,지하,1,지하 1층,2번출입구우측,2,장애인,2,여
01,수도권,S1,1,1호선,0512,제기동,INFO,고객센터,2,지하,1,지하 1층,B1층 대합실,,,,
01,수도권,S1,1,1호선,0512,제기동,EV,일반승강기,2,지하,2,지하 2층,[1호기]청량리방면9-4,,,,
01,수도권,S1,1,1호선,0512,제기동,EV,일반승강기,2,지하,2,지하 2층,[2호기]신설동방면2-1,,,,
01,수도권,S1,1,1호선,0367,신설동,EV,일반승강기,1,지상,1,지상 1층,[3호기]1번출구측,,,,
01,수도권,S1,1,1호선,0367,신설동,EV,일반승강기,1,지상,1,지상 1층,"[5호기]4,5번출구사이",,,,
01,수도권,S1,1,1호선,0367,신설동,EV,일반승강기,1,지상,1,지상 1층,"[4호기]2,3번출구사이",,,,
01,수도권,S1,1,1호선,0367,신설동,EV,일반승강기,2,지하,1,지하 1층,"[5호기]4,5번출구사이",,,,
01,수도권,S1,1,1호선,0367,신설동,EV,일반승강기,2,지하,1,지하 1층,"[4호기]2,3번출구사이",,,,
01,수도권,S1,1,1호선,0367,신설동,EV,일반승강기,2,지하,1,지하 1층,[3호기]1번출구측,,,,
01,수도권,S1,1,1호선,0367,신설동,EV,일반승강기,2,지하,1,지하 1층,[1호기]제기동방면3-4,,,,
01,수도권,S1,1,1호선,0367,신설동,EV,일반승강기,2,지하,1,지하 1층,[2호기]동묘앞방면8-1,,,,
01,수도권,S1,1,1호선,0367,신설동,WCLF,휠체어리프트,2,지하,1,지하 1층,연결통로(대합실),,,,
01,수도권,S1,1,1호선,0367,신설동,WCLF,휠체어리프트,2,지하,1,지하 1층,연결통로(대합실),,,,
01,수도권,S1,1,1호선,0367,신설동,TOLT,일반화장실(남),2,지하,1,지하 1층,대합실(지하1층) 역무실 앞,1,일반,1,남
01,수도권,S1,1,1호선,0367,신설동,TOLT,일반화장실(여),2,지하,1,지하 1층,대합실(지하1층) 역무실 앞,1,일반,2,여
01,수도권,S1,1,1호선,0367,신설동,TOLT,장애인화장실(남),2,지하,1,지하 1층,대합실(지하1층) 역무실 앞,2,장애인,1,남
01,수도권,S1,1,1호선,0367,신설동,TOLT,장애인화장실(여),2,지하,1,지하 1층,대합실(지하1층) 역무실 앞,2,장애인,2,여
01,수도권,S1,1,1호선,0367,신설동,INFO,고객센터,2,지하,1,지하 1층,B1층 대합실,,,,
01,수도권,S1,1,1호선,0367,신설동,EV,일반승강기,2,지하,2,지하 2층,[1호기]제기동방면3-4,,,,
01,수도권,S1,1,1호선,0367,신설동,EV,일반승강기,2,지하,2,지하 2층,[2호기]동묘앞방면8-1,,,,
01,수도권,S1,1,1호선,0367,신설동,WCLF,휠체어리프트,2,지하,2,지하 2층,제기동 방면,,,,
01,수도권,S1,1,1호선,0367,신설동,WCLF,휠체어리프트,2,지하,2,지하 2층,동묘앞 방면,,,,
01,수도권,S1,1,1호선,0161,동묘앞,EV,일반승강기,1,지상,4,지상 4층,[1호기]신설동방면6-2,,,,
01,수도권,S1,1,1호선,0161,동묘앞,EV,일반승강기,1,지상,3,지상 3층,[1호기](B1-F4)본관건물(상)6-2,,,,
01,수도권,S1,1,1호선,0161,동묘앞,EV,일반승강기,1,지상,2,지상 2층,[1호기](B1-F4)본관건물(상)6-2,,,,
01,수도권,S1,1,1호선,0161,동묘앞,EV,일반승강기,1,지상,1,지상 1층,[1호기](B1-F4)본관건물(상)6-2,,,,
01,수도권,S1,1,1호선,0161,동묘앞,EV,일반승강기,1,지상,1,지상 1층,"[6호기]1,10번출구사이",,,,
01,수도권,S1,1,1호선,0161,동묘앞,EV,일반승강기,1,지상,1,지상 1층,[7호기]3번출구측,,,,
01,수도권,S1,1,1호선,0161,동묘앞,TOLT,일반화장실(남),1,지상,1,지상 1층,1층 역무실 부근,1,일반,1,남
01,수도권,S1,1,1호선,0161,동묘앞,TOLT,일반화장실(여),1,지상,1,지상 1층,1층 역무실 부근,1,일반,2,여
01,수도권,S1,1,1호선,0161,동묘앞,TOLT,장애인화장실(남),1,지상,1,지상 1층,1층 역무실 부근,2,장애인,1,남
01,수도권,S1,1,1호선,0161,동묘앞,TOLT,장애인화장실(여),1,지상,1,지상 1층,1층 역무실 부근,2,장애인,2,여
01,수도권,S1,1,1호선,0161,동묘앞,INFO,고객센터,1,지상,1,지상 1층,1층 대합실,,,,
01,수도권,S1,1,1호선,0161,동묘앞,EV,일반승강기,2,지하,1,지하 1층,[7호기]3번출구측,,,,
01,수도권,S1,1,1호선,0161,동묘앞,EV,일반승강기,2,지하,1,지하 1층,[1호기]신설동방면6-2,,,,
01,수도권,S1,1,1호선,0161,동묘앞,EV,일반승강기,2,지하,1,지하 1층,"[6호기]1,10번출구사이",,,,
01,수도권,S1,1,1호선,0161,동묘앞,EV,일반승강기,2,지하,1,지하 1층,[3호기]신설동방면4-8,,,,
01,수도권,S1,1,1호선,0161,동묘앞,EV,일반승강기,2,지하,1,지하 1층,[5호기]동대문(1)방면1-2,,,,
01,수도권,S1,1,1호선,0161,동묘앞,EV,일반승강기,2,지하,1,지하 1층,[4호기]동대문(1)방면7-3,,,,
01,수도권,S1,1,1호선,0161,동묘앞,EV,일반승강기,2,지하,1,지하 1층,[2호기]신설동방면10-3,,,,
01,수도권,S1,1,1호선,0161,동묘앞,ELEC,전동휠체어충전설비,2,지하,1,지하 1층,B1층 상선 승강장 2-2 지점,,,,
01,수도권,S1,1,1호선,0161,동묘앞,TOLT,일반화장실(남),2,지하,1,지하 1층,하선승강장 7-3지점,1,일반,1,남
01,수도권,S1,1,1호선,0161,동묘앞,TOLT,일반화장실(남),2,지하,1,지하 1층,지하1층 3번출입구 부근,1,일반,1,남
01,수도권,S1,1,1호선,0161,동묘앞,TOLT,일반화장실(남),2,지하,1,지하 1층,상선승강장 4-3지점,1,일반,1,남
01,수도권,S1,1,1호선,0161,동묘앞,TOLT,일반화장실(여),2,지하,1,지하 1층,상선승강장 4-3지점,1,일반,2,여
01,수도권,S1,1,1호선,0161,동묘앞,TOLT,일반화장실(여),2,지하,1,지하 1층,지하1층 3번출입구 부근,1,일반,2,여
01,수도권,S1,1,1호선,0161,동묘앞,TOLT,일반화장실(여),2,지하,1,지하 1층,하선승강장 7-3지점,1,일반,2,여
01,수도권,S1,1,1호선,0161,동묘앞,TOLT,장애인화장실(남),2,지하,1,지하 1층,하선승강장 7-3지점,2,장애인,1,남
01,수도권,S1,1,1호선,0161,동묘앞,TOLT,장애인화장실(남),2,지하,1,지하 1층,지하1층 3번출입구 부근,2,장애인,1,남
01,수도권,S1,1,1호선,0161,동묘앞,TOLT,장애인화장실(남),2,지하,1,지하 1층,상선승강장 4-3지점,2,장애인,1,남
01,수도권,S1,1,1호선,0161,동묘앞,TOLT,장애인화장실(여),2,지하,1,지하 1층,하선승강장 7-3지점,2,장애인,2,여
01,수도권,S1,1,1호선,0161,동묘앞,TOLT,장애인화장실(여),2,지하,1,지하 1층,상선승강장 4-3지점,2,장애인,2,여
01,수도권,S1,1,1호선,0161,동묘앞,TOLT,장애인화장실(여),2,지하,1,지하 1층,지하1층 3번출입구 부근,2,장애인,2,여
01,수도권,S1,1,1호선,0161,동묘앞,EV,일반승강기,2,지하,2,지하 2층,[5호기]동대문(1)방면1-2,,,,
01,수도권,S1,1,1호선,0161,동묘앞,EV,일반승강기,2,지하,2,지하 2층,[4호기]동대문(1)방면7-3,,,,
01,수도권,S1,1,1호선,0161,동묘앞,EV,일반승강기,2,지하,2,지하 2층,[3호기]신설동방면4-8,,,,
01,수도권,S1,1,1호선,0161,동묘앞,EV,일반승강기,2,지하,2,지하 2층,[2호기]신설동방면10-3,,,,
01,수도권,S1,1,1호선,0155,동대문,EV,일반승강기,1,지상,1,지상 1층,[3호기]6번출구측,,,,
01,수도권,S1,1,1호선,0155,동대문,EV,일반승강기,2,지하,1,지하 1층,[3호기]6번출구측,,,,
01,수도권,S1,1,1호선,0155,동대문,EV,일반승강기,2,지하,1,지하 1층,[1호기]동묘앞방면10-4,,,,
01,수도권,S1,1,1호선,0155,동대문,EV,일반승강기,2,지하,1,지하 1층,[2호기]종로5가방면2-1,,,,
01,수도권,S1,1,1호선,0155,동대문,TOLT,일반화장실(남),2,지하,1,지하 1층,지하1층 4번출입구 부근,1,일반,1,남
01,수도권,S1,1,1호선,0155,동대문,TOLT,일반화장실(여),2,지하,1,지하 1층,지하1층 4번출입구 부근,1,일반,2,여
01,수도권,S1,1,1호선,0155,동대문,TOLT,장애인화장실(남),2,지하,1,지하 1층,지하1층 4번출입구 부근,2,장애인,1,남
01,수도권,S1,1,1호선,0155,동대문,TOLT,장애인화장실(여),2,지하,1,지하 1층,지하1층 4번출입구 부근,2,장애인,2,여
01,수도권,S1,1,1호선,0155,동대문,INFO,고객센터,2,지하,1,지하 1층,B1층 대합실,,,,
01,수도권,S1,1,1호선,0155,동대문,LARM,수유실,2,지하,1,지하 1층,B1 고객안전실  인접,,,,
01,수도권,S1,1,1호선,0155,동대문,EV,일반승강기,2,지하,2,지하 2층,[2호기]종로5가방면2-1,,,,
01,수도권,S1,1,1호선,0155,동대문,EV,일반승강기,2,지하,2,지하 2층,[1호기]동묘앞방면10-4,,,,
01,수도권,S1,1,1호선,0517,종로5가,EV,일반승강기,1,지상,1,지상 1층,"[3호기]8,9번(지하상가)출구사이",,,,
01,수도권,S1,1,1호선,0517,종로5가,EV,일반승강기,2,지하,1,지하 1층,"[3호기]8,9번(지하상가)출구사이",,,,
01,수도권,S1,1,1호선,0517,종로5가,EV,일반승강기,2,지하,1,지하 1층,[2호기]종로3가방면3-2,,,,
01,수도권,S1,1,1호선,0517,종로5가,EV,일반승강기,2,지하,1,지하 1층,[1호기]동대문(1)방면8-3,,,,
01,수도권,S1,1,1호선,0517,종로5가,ELEC,전동휠체어충전설비,2,지하,1,지하 1층,대합실 G계단측 벽면,,,,
01,수도권,S1,1,1호선,0517,종로5가,TOLT,일반화장실(남),2,지하,1,지하 1층,지하1층 지하상가 연결통로앞,1,일반,1,남
01,수도권,S1,1,1호선,0517,종로5가,TOLT,일반화장실(여),2,지하,1,지하 1층,지하1층 지하상가 연결통로앞,1,일반,2,여
01,수도권,S1,1,1호선,0517,종로5가,TOLT,장애인화장실(남),2,지하,1,지하 1층,지하1층 지하상가 연결통로앞,2,장애인,1,남
01,수도권,S1,1,1호선,0517,종로5가,TOLT,장애인화장실(여),2,지하,1,지하 1층,지하1층 지하상가 연결통로앞,2,장애인,2,여
01,수도권,S1,1,1호선,0517,종로5가,INFO,고객센터,2,지하,1,지하 1층,B1층 대합실,,,,
01,수도권,S1,1,1호선,0517,종로5가,EV,일반승강기,2,지하,2,지하 2층,[1호기]동대문(1)방면8-3,,,,
01,수도권,S1,1,1호선,0517,종로5가,EV,일반승강기,2,지하,2,지하 2층,[2호기]종로3가방면3-2,,,,
01,수도권,S1,1,1호선,0515,종로3가,EV,일반승강기,1,지상,1,지상 1층,"[3호기]12,13번출구사이",,,,
01,수도권,S1,1,1호선,0515,종로3가,EV,일반승강기,2,지하,1,지하 1층,"[3호기]12,13번출구사이",,,,
01,수도권,S1,1,1호선,0515,종로3가,EV,일반승강기,2,지하,1,지하 1층,[2호기]종각방면6-4,,,,
01,수도권,S1,1,1호선,0515,종로3가,EV,일반승강기,2,지하,1,지하 1층,[1호기]종로5가방면5-1,,,,
01,수도권,S1,1,1호선,0515,종로3가,ELEC,전동휠체어충전설비,2,지하,1,지하 1층,12번 출구로 내려와서 20m 지점,,,,
01,수도권,S1,1,1호선,0515,종로3가,TOLT,일반화장실(남),2,지하,1,지하 1층,지하1층 (가) 표 내는 곳 부근,1,일반,1,남
01,수도권,S1,1,1호선,0515,종로3가,TOLT,일반화장실(남),2,지하,1,지하 1층,지하1층 (라) 표 내는 곳 부근 (고객안전실앞) [표 내는 곳 내],1,일반,1,남
01,수도권,S1,1,1호선,0515,종로3가,TOLT,일반화장실(여),2,지하,1,지하 1층,지하1층 (가) 표 내는 곳 부근,1,일반,2,여
01,수도권,S1,1,1호선,0515,종로3가,TOLT,일반화장실(여),2,지하,1,지하 1층,지하1층 (라) 표 내는 곳 부근 (고객안전실앞) [표 내는 곳 내],1,일반,2,여
01,수도권,S1,1,1호선,0515,종로3가,TOLT,장애인화장실(남),2,지하,1,지하 1층,지하1층 (라) 표 내는 곳 부근 (고객안전실앞) [표 내는 곳 내],2,장애인,1,남
01,수도권,S1,1,1호선,0515,종로3가,TOLT,장애인화장실(남),2,지하,1,지하 1층,지하1층 (가) 표 내는 곳 부근,2,장애인,1,남
01,수도권,S1,1,1호선,0515,종로3가,TOLT,장애인화장실(여),2,지하,1,지하 1층,지하1층 (라) 표 내는 곳 부근 (고객안전실앞) [표 내는 곳 내],2,장애인,2,여
01,수도권,S1,1,1호선,0515,종로3가,TOLT,장애인화장실(여),2,지하,1,지하 1층,지하1층 (가) 표 내는 곳 부근,2,장애인,2,여
01,수도권,S1,1,1호선,0515,종로3가,INFO,고객센터,2,지하,1,지하 1층,B1층 대합실,,,,
01,수도권,S1,1,1호선,0515,종로3가,LARM,수유실,2,지하,1,지하 1층,B1 고객안전실 인접,,,,
01,수도권,S1,1,1호선,0515,종로3가,EV,일반승강기,2,지하,2,지하 2층,[1호기]종로5가방면5-1,,,,
01,수도권,S1,1,1호선,0515,종로3가,EV,일반승강기,2,지하,2,지하 2층,[2호기]종각방면6-4,,,,
01,수도권,S1,1,1호선,0514,종각,EV,일반승강기,1,지상,1,지상 1층,[4호기]1번출구측,,,,
01,수도권,S1,1,1호선,0514,종각,EV,일반승강기,1,지상,1,지상 1층,[3호기]3번출구측,,,,
01,수도권,S1,1,1호선,0514,종각,EV,일반승강기,2,지하,1,지하 1층,[4호기]1번출구측,,,,
01,수도권,S1,1,1호선,0514,종각,EV,일반승강기,2,지하,1,지하 1층,[3호기]3번출구측,,,,
01,수도권,S1,1,1호선,0514,종각,EV,일반승강기,2,지하,1,지하 1층,[2호기]시청방면4-4,,,,
01,수도권,S1,1,1호선,0514,종각,EV,일반승강기,2,지하,1,지하 1층,[1호기]종로3가방면6-4,,,,
01,수도권,S1,1,1호선,0514,종각,ELEC,전동휠체어충전설비,2,지하,1,지하 1층,"3, 4번 출구쪽 게이트 방면 45m 지점",,,,
01,수도권,S1,1,1호선,0514,종각,TOLT,일반화장실(남),2,지하,1,지하 1층,지하1층 (다) 표 내는 곳 부근 (종로3가측),1,일반,1,남
01,수도권,S1,1,1호선,0514,종각,TOLT,일반화장실(남),2,지하,1,지하 1층,"지하1층 (가) 표 내는 곳 부근 (연결통로 부근, 시청측)",1,일반,1,남
01,수도권,S1,1,1호선,0514,종각,TOLT,일반화장실(여),2,지하,1,지하 1층,"지하1층 (가) 표 내는 곳 부근 (연결통로 부근, 시청측)",1,일반,2,여
01,수도권,S1,1,1호선,0514,종각,TOLT,일반화장실(여),2,지하,1,지하 1층,지하1층 (다) 표 내는 곳 부근 (종로3가측),1,일반,2,여
01,수도권,S1,1,1호선,0514,종각,TOLT,장애인화장실(남),2,지하,1,지하 1층,"지하1층 (가) 표 내는 곳 부근 (연결통로 부근, 시청측)",2,장애인,1,남
01,수도권,S1,1,1호선,0514,종각,TOLT,장애인화장실(남),2,지하,1,지하 1층,지하1층 (다) 표 내는 곳 부근 (종로3가측),2,장애인,1,남
01,수도권,S1,1,1호선,0514,종각,TOLT,장애인화장실(여),2,지하,1,지하 1층,"지하1층 (가) 표 내는 곳 부근 (연결통로 부근, 시청측)",2,장애인,2,여
01,수도권,S1,1,1호선,0514,종각,TOLT,장애인화장실(여),2,지하,1,지하 1층,지하1층 (다) 표 내는 곳 부근 (종로3가측),2,장애인,2,여
01,수도권,S1,1,1호선,0514,종각,INFO,고객센터,2,지하,1,지하 1층,B1층 대합실,,,,
01,수도권,S1,1,1호선,0514,종각,EV,일반승강기,2,지하,2,지하 2층,[1호기]종로3가방면6-4,,,,
01,수도권,S1,1,1호선,0514,종각,EV,일반승강기,2,지하,2,지하 2층,[2호기]시청방면4-4,,,,
01,수도권,S1,1,1호선,0347,시청,EV,일반승강기,1,지상,1,지상 1층,"[3호기]1,2번출구사이",,,,
01,수도권,S1,1,1호선,0347,시청,EV,일반승강기,2,지하,1,지하 1층,"[3호기]1,2번출구사이",,,,
01,수도권,S1,1,1호선,0347,시청,EV,일반승강기,2,지하,1,지하 1층,[2호기]서울역방면8-3,,,,
01,수도권,S1,1,1호선,0347,시청,EV,일반승강기,2,지하,1,지하 1층,[1호기]종각방면3-2,,,,
01,수도권,S1,1,1호선,0347,시청,TOLT,일반화장실(남),2,지하,1,지하 1층,지하1층 5번출입구 부근,1,일반,1,남
01,수도권,S1,1,1호선,0347,시청,TOLT,일반화장실(여),2,지하,1,지하 1층,지하1층 5번출입구 부근,1,일반,2,여
01,수도권,S1,1,1호선,0347,시청,TOLT,장애인화장실(남),2,지하,1,지하 1층,지하1층 5번출입구 부근,2,장애인,1,남
01,수도권,S1,1,1호선,0347,시청,TOLT,장애인화장실(여),2,지하,1,지하 1층,지하1층 5번출입구 부근,2,장애인,2,여
01,수도권,S1,1,1호선,0347,시청,INFO,고객센터,2,지하,1,지하 1층,B1층 대합실,,,,
01,수도권,S1,1,1호선,0347,시청,EV,일반승강기,2,지하,2,지하 2층,[1호기]종각방면3-2,,,,
01,수도권,S1,1,1호선,0347,시청,EV,일반승강기,2,지하,2,지하 2층,[2호기]서울역방면8-3,,,,
01,수도권,S1,1,1호선,0296,서울역,EV,일반승강기,1,지상,1,지상 1층,[2호기]2번출구측,,,,
01,수도권,S1,1,1호선,0296,서울역,EV,일반승강기,1,지상,1,지상 1층,[4호기]3번출구측,,,,
01,수도권,S1,1,1호선,0296,서울역,EV,일반승강기,1,지상,1,지상 1층,[3호기]4번출구측,,,,
01,수도권,S1,1,1호선,0296,서울역,EV,일반승강기,2,지하,1,지하 1층,[4호기]3번출구측,,,,
01,수도권,S1,1,1호선,0296,서울역,EV,일반승강기,2,지하,1,지하 1층,[2호기]2번출구측,,,,
01,수도권,S1,1,1호선,0296,서울역,EV,일반승강기,2,지하,1,지하 1층,[3호기]4번출구측,,,,
01,수도권,S1,1,1호선,0296,서울역,EV,일반승강기,2,지하,1,지하 1층,[1호기]시청방면5-1,,,,
01,수도권,S1,1,1호선,0296,서울역,TOLT,일반화장실(남),2,지하,1,지하 1층,지하1층 2번출입구 부근,1,일반,1,남
01,수도권,S1,1,1호선,0296,서울역,TOLT,일반화장실(여),2,지하,1,지하 1층,지하1층 2번출입구 부근,1,일반,2,여
01,수도권,S1,1,1호선,0296,서울역,TOLT,장애인화장실(남),2,지하,1,지하 1층,지하1층 2번출입구 부근,2,장애인,1,남
01,수도권,S1,1,1호선,0296,서울역,TOLT,장애인화장실(여),2,지하,1,지하 1층,지하1층 2번출입구 부근,2,장애인,2,여
01,수도권,S1,1,1호선,0296,서울역,INFO,고객센터,2,지하,1,지하 1층,B1층 대합실,,,,
01,수도권,S1,1,1호선,0296,서울역,EV,일반승강기,2,지하,2,지하 2층,[1호기]시청방면5-1,,,,
01,수도권,KR,1,1호선,0108,남영,ELEC,전동휠체어충전설비,1,지상,2,지상 2층,승강장  중간,,,,
01,수도권,KR,1,1호선,0108,남영,TOLT,일반화장실(남),1,지상,2,지상 2층,승강장 북쪽 계단 옆,1,일반,1,남
01,수도권,KR,1,1호선,0108,남영,TOLT,일반화장실(여),1,지상,2,지상 2층,승강장 북쪽 계단 옆,1,일반,2,여
01,수도권,KR,1,1호선,0108,남영,TOLT,장애인화장실(남),1,지상,2,지상 2층,승강장 북쪽 계단 옆,2,장애인,1,남
01,수도권,KR,1,1호선,0108,남영,TOLT,장애인화장실(여),1,지상,2,지상 2층,승강장 북쪽 계단 옆,2,장애인,2,여
01,수도권,KR,1,1호선,0108,남영,WCLF,휠체어리프트,1,지상,1,지상 1층,계단 옆,,,,
01,수도권,KR,1,1호선,0108,남영,INFO,고객센터,1,지상,1,지상 1층,맞이방 → 타는곳 계단 하단부,,,,
01,수도권,KR,1,1호선,0447,용산,TOLT,일반화장실(남),1,지상,4,지상 4층,(4F)  철도사법경찰대 사무실 옆 ,1,일반,1,남
01,수도권,KR,1,1호선,0447,용산,TOLT,일반화장실(여),1,지상,4,지상 4층,(4F)  철도사법경찰대 사무실 옆 ,1,일반,2,여
01,수도권,KR,1,1호선,0447,용산,TOLT,장애인화장실(남),1,지상,4,지상 4층,(4F)  철도사법경찰대 사무실 옆 ,2,장애인,1,남
01,수도권,KR,1,1호선,0447,용산,TOLT,장애인화장실(여),1,지상,4,지상 4층,(4F)  철도사법경찰대 사무실 옆 ,2,장애인,2,여
01,수도권,KR,1,1호선,0447,용산,EV,일반승강기,1,지상,3,지상 3층,[3호기]1F(노량진역방향승강장4-3앞)3F(전철출입게이트앞),,,,
01,수도권,KR,1,1호선,0447,용산,EV,일반승강기,1,지상,3,지상 3층,[4호기]1F(남영역방향승강장5-1앞)3F(전철출입게이트앞),,,,
01,수도권,KR,1,1호선,0447,용산,ELEC,전동휠체어충전설비,1,지상,3,지상 3층,(3F) 1번출구 앞 ,,,,
01,수도권,KR,1,1호선,0447,용산,ELEC,전동휠체어충전설비,1,지상,3,지상 3층,(3F) 3번출구 앞 ,,,,
01,수도권,KR,1,1호선,0447,용산,TOLT,일반화장실(남),1,지상,3,지상 3층,(3F) 1번출구 왼쪽 방향 광역 개집표구 내부 ,1,일반,1,남
01,수도권,KR,1,1호선,0447,용산,TOLT,일반화장실(남),1,지상,3,지상 3층,(3F) 2번출구 앞,1,일반,1,남
01,수도권,KR,1,1호선,0447,용산,TOLT,일반화장실(남),1,지상,3,지상 3층,(3F) 1번출구 오른쪽 방향 광역 개집표구 내부 ,1,일반,1,남
01,수도권,KR,1,1호선,0447,용산,TOLT,일반화장실(여),1,지상,3,지상 3층,(3F) 1번출구 오른쪽 방향 광역 개집표구 내부 ,1,일반,2,여
01,수도권,KR,1,1호선,0447,용산,TOLT,일반화장실(여),1,지상,3,지상 3층,(3F) 2번출구 앞,1,일반,2,여
01,수도권,KR,1,1호선,0447,용산,TOLT,일반화장실(여),1,지상,3,지상 3층,(3F) 1번출구 왼쪽 방향 광역 개집표구 내부 ,1,일반,2,여
01,수도권,KR,1,1호선,0447,용산,TOLT,장애인화장실(남),1,지상,3,지상 3층,(3F) 2번출구 앞,2,장애인,1,남
01,수도권,KR,1,1호선,0447,용산,TOLT,장애인화장실(남),1,지상,3,지상 3층,(3F) 1번출구 왼쪽 방향 광역 개집표구 내부 ,2,장애인,1,남
01,수도권,KR,1,1호선,0447,용산,TOLT,장애인화장실(남),1,지상,3,지상 3층,(3F) 1번출구 오른쪽 방향 광역 개집표구 내부 ,2,장애인,1,남
01,수도권,KR,1,1호선,0447,용산,TOLT,장애인화장실(여),1,지상,3,지상 3층,(3F) 2번출구 앞,2,장애인,2,여
01,수도권,KR,1,1호선,0447,용산,TOLT,장애인화장실(여),1,지상,3,지상 3층,(3F) 1번출구 오른쪽 방향 광역 개집표구 내부 ,2,장애인,2,여
01,수도권,KR,1,1호선,0447,용산,TOLT,장애인화장실(여),1,지상,3,지상 3층,(3F) 1번출구 왼쪽 방향 광역 개집표구 내부 ,2,장애인,2,여
01,수도권,KR,1,1호선,0447,용산,INFO,고객센터,1,지상,3,지상 3층,(3F) 매표소 옆 창구형 종합안내소,,,,
01,수도권,KR,1,1호선,0447,용산,LARM,수유실,1,지상,3,지상 3층,(3F) 대합실 전철 개집표구 옆,,,,
01,수도권,KR,1,1호선,0447,용산,EV,일반승강기,1,지상,2,지상 2층,"[3호기]1F(노량진역 방향 승강장 4-3앞) 
3F(전철 출입 게이트앞)",,,,
01,수도권,KR,1,1호선,0447,용산,EV,일반승강기,1,지상,2,지상 2층,"[4호기]1F( 남영역 방향 승강장 5-1앞) 
3F(전철 출입 게이트앞)",,,,
01,수도권,KR,1,1호선,0447,용산,EV,일반승강기,1,지상,1,지상 1층,[4호기]1F(남영역방향승강장5-1앞)3F(전철출입게이트앞),,,,
01,수도권,KR,1,1호선,0447,용산,EV,일반승강기,1,지상,1,지상 1층,[3호기]1F(노량진역방향승강장4-3앞)3F(전철출입게이트앞),,,,
01,수도권,KR,1,1호선,0114,노량진,EV,일반승강기,1,지상,3,지상 3층,[1호기]2번출입구에스컬레이터옆,,,,
01,수도권,KR,1,1호선,0114,노량진,WCLF,휠체어리프트,1,지상,3,지상 3층,(3F) 용산방변(급행상행) 2번승강장 계단 입구,,,,
01,수도권,KR,1,1호선,0114,노량진,WCLF,휠체어리프트,1,지상,3,지상 3층,(3F) 대방방면(급행하행) 1번승강장 계단 입구,,,,
01,수도권,KR,1,1호선,0114,노량진,WCLF,휠체어리프트,1,지상,3,지상 3층,(3F) 대방방면(일반하행) 4번승강장 계단 입구,,,,
01,수도권,KR,1,1호선,0114,노량진,WCLF,휠체어리프트,1,지상,3,지상 3층,(3F) 용산방면(일반상행) 5번승강장 계단 입구,,,,
01,수도권,KR,1,1호선,0114,노량진,TOLT,일반화장실(남),1,지상,3,지상 3층,2번출구 표 내는 곳 앞,1,일반,1,남
01,수도권,KR,1,1호선,0114,노량진,TOLT,일반화장실(여),1,지상,3,지상 3층,2번출구 표 내는 곳 앞,1,일반,2,여
01,수도권,KR,1,1호선,0114,노량진,TOLT,장애인화장실(남),1,지상,3,지상 3층,2번출구 표 내는 곳 앞,2,장애인,1,남
01,수도권,KR,1,1호선,0114,노량진,TOLT,장애인화장실(여),1,지상,3,지상 3층,2번출구 표 내는 곳 앞,2,장애인,2,여
01,수도권,KR,1,1호선,0114,노량진,EV,일반승강기,1,지상,2,지상 2층,[1호기]2번 출입구 에스컬레이터 옆                                      ,,,,
01,수도권,KR,1,1호선,0114,노량진,EV,일반승강기,1,지상,1,지상 1층,[1호기]2번출입구에스컬레이터옆,,,,
01,수도권,KR,1,1호선,0114,노량진,EV,일반승강기,1,지상,1,지상 1층,[2호기]9번출입구계단옆,,,,
01,수도권,KR,1,1호선,0114,노량진,EV,일반승강기,2,지하,1,지하 1층,[2호기]9번출입구계단옆,,,,
01,수도권,KR,1,1호선,0132,대방,EV,일반승강기,1,지상,2,지상 2층,[3호기](F1)맞이방에서(F2)1번승강장,,,,
01,수도권,KR,1,1호선,0132,대방,EV,일반승강기,1,지상,2,지상 2층,[5호기](F1)맞이방에서(F2)4번승강장,,,,
01,수도권,KR,1,1호선,0132,대방,EV,일반승강기,1,지상,2,지상 2층,"[4호기](F1)맞이방에서(F2)2,3번승강장",,,,
01,수도권,KR,1,1호선,0132,대방,EV,일반승강기,1,지상,1,지상 1층,"[4호기](F1)맞이방에서(F2)2,3번승강장",,,,
01,수도권,KR,1,1호선,0132,대방,EV,일반승강기,1,지상,1,지상 1층,[5호기](F1)맞이방에서(F2)4번승강장,,,,
01,수도권,KR,1,1호선,0132,대방,EV,일반승강기,1,지상,1,지상 1층,[2호기](F1)맞이방에서(B1)자유통로,,,,
01,수도권,KR,1,1호선,0132,대방,EV,일반승강기,1,지상,1,지상 1층,[1호기](F1)외부에서(B1)자유통로,,,,
01,수도권,KR,1,1호선,0132,대방,EV,일반승강기,1,지상,1,지상 1층,[3호기](F1)맞이방에서(F2)1번승강장,,,,
01,수도권,KR,1,1호선,0132,대방,TOLT,일반화장실(남),1,지상,1,지상 1층,(F1) 맞이방 내,1,일반,1,남
01,수도권,KR,1,1호선,0132,대방,TOLT,일반화장실(여),1,지상,1,지상 1층,(F1) 맞이방 내,1,일반,2,여
01,수도권,KR,1,1호선,0132,대방,TOLT,장애인화장실(남),1,지상,1,지상 1층,(F1) 맞이방 내,2,장애인,1,남
01,수도권,KR,1,1호선,0132,대방,TOLT,장애인화장실(여),1,지상,1,지상 1층,(F1) 맞이방 내,2,장애인,2,여
01,수도권,KR,1,1호선,0132,대방,EV,일반승강기,2,지하,1,지하 1층,[2호기](F1)맞이방에서(B1)자유통로,,,,
01,수도권,KR,1,1호선,0132,대방,EV,일반승강기,2,지하,1,지하 1층,[1호기](F1)외부에서(B1)자유통로,,,,
01,수도권,KR,1,1호선,0351,신길,ELEC,전동휠체어충전설비,1,지상,2,지상 2층,(F2) 2층화장실 앞,,,,
01,수도권,KR,1,1호선,0351,신길,TOLT,일반화장실(남),1,지상,2,지상 2층,(2F)2번 출구 왼쪽,1,일반,1,남
01,수도권,KR,1,1호선,0351,신길,TOLT,일반화장실(여),1,지상,2,지상 2층,(2F)2번 출구 왼쪽,1,일반,2,여
01,수도권,KR,1,1호선,0351,신길,TOLT,장애인화장실(남),1,지상,2,지상 2층,(2F)2번 출구 왼쪽,2,장애인,1,남
01,수도권,KR,1,1호선,0351,신길,TOLT,장애인화장실(여),1,지상,2,지상 2층,(2F)2번 출구 왼쪽,2,장애인,2,여
01,수도권,KR,1,1호선,0351,신길,EV,일반승강기,1,지상,1,지상 1층,[1호기](2F)게이트안쪽2·3번승강장입구(1F)3번승강장남쪽계단밑,,,,
01,수도권,KR,1,1호선,0351,신길,EV,일반승강기,1,지상,1,지상 1층,[3호기](1B)지하환승통로2*3번승강장입구(1F)3번승강장3-4타는곳,,,,
01,수도권,KR,1,1호선,0351,신길,EV,일반승강기,1,지상,1,지상 1층,[2호기](1B)지하환승통로1번승강장입구(1F)1번승강장3-1타는곳,,,,
01,수도권,KR,1,1호선,0351,신길,EV,일반승강기,1,지상,1,지상 1층,[1호기](2F)게이트안쪽2·3번승강장입구(1F)3번승강장남쪽계단밑,,,,
01,수도권,KR,1,1호선,0351,신길,EV,일반승강기,1,지상,1,지상 1층,[4호기](1B)지하환승통로4번승강장입구(1F)4번승강장8-1타는곳,,,,
01,수도권,KR,1,1호선,0351,신길,WCLF,휠체어리프트,1,지상,1,지상 1층,"(F1) 청량리,소요산 승강장방향 10-4 출입문 근처",,,,
01,수도권,KR,1,1호선,0351,신길,EV,일반승강기,2,지하,1,지하 1층,[2호기](1B)지하환승통로1번승강장입구(1F)1번승강장3-1타는곳,,,,
01,수도권,KR,1,1호선,0351,신길,EV,일반승강기,2,지하,1,지하 1층,[3호기](1B)지하환승통로2*3번승강장입구(1F)3번승강장3-4타는곳,,,,
01,수도권,KR,1,1호선,0351,신길,EV,일반승강기,2,지하,1,지하 1층,[4호기](1B)지하환승통로4번승강장입구(1F)4번승강장8-1타는곳,,,,
01,수도권,KR,1,1호선,0351,신길,WCLF,휠체어리프트,2,지하,1,지하 1층,(F1) 동인천 승강장 방향 1-1 츌압문 근처,,,,
01,수도권,KR,1,1호선,0420,영등포,EV,일반승강기,1,지상,3,지상 3층,[5호기](3F)맞이방(1F)용산역방향(기차)승강장,,,,
01,수도권,KR,1,1호선,0420,영등포,EV,일반승강기,1,지상,3,지상 3층,[12호기](3F)전철맞이방화장실옆(1F)롯데백화점옆,,,,
01,수도권,KR,1,1호선,0420,영등포,EV,일반승강기,1,지상,3,지상 3층,"[7호기](3F)이동통로>맞이방(1F)1,2번출구근처",,,,
01,수도권,KR,1,1호선,0420,영등포,EV,일반승강기,1,지상,3,지상 3층,[6호기](3F)맞이방(1F)수원역방향(기차)승강장,,,,
01,수도권,KR,1,1호선,0420,영등포,EV,일반승강기,1,지상,3,지상 3층,"[1호기](B5,B4,B3,B2,B1,1F,2F,3F)내부직원이동용",,,,
01,수도권,KR,1,1호선,0420,영등포,EV,일반승강기,1,지상,3,지상 3층,"[4호기](3F)표내는곳내신도림역방향4번,5번승강장방면(1F)신도림역방향4번,5번승강장",,,,
01,수도권,KR,1,1호선,0420,영등포,EV,일반승강기,1,지상,3,지상 3층,"[3호기](3F)표내는곳내신도림역방향2번,신길역방향3번승강장방면(1F)신도림역방향2번,신길역방향3번승강장",,,,
01,수도권,KR,1,1호선,0420,영등포,EV,일반승강기,1,지상,3,지상 3층,[2호기](3F)표내는곳내신길역방향1번승강장방면(1F)신길역방향1번승강장,,,,
01,수도권,KR,1,1호선,0420,영등포,ELEC,전동휠체어충전설비,1,지상,3,지상 3층,(3F) 맞이방 (용산역(기차) 방향 승강장 가는 E/L 맞은 편),,,,
01,수도권,KR,1,1호선,0420,영등포,TOLT,일반화장실(남),1,지상,3,지상 3층,(3F) 표 내는 곳/ 임대 회의실 맞은편,1,일반,1,남
01,수도권,KR,1,1호선,0420,영등포,TOLT,일반화장실(남),1,지상,3,지상 3층,(3F) 종합안내소 옆,1,일반,1,남
01,수도권,KR,1,1호선,0420,영등포,TOLT,일반화장실(여),1,지상,3,지상 3층,(3F) 표 내는 곳/ 임대 회의실 맞은편,1,일반,2,여
01,수도권,KR,1,1호선,0420,영등포,TOLT,일반화장실(여),1,지상,3,지상 3층,(3F) 종합안내소 옆,1,일반,2,여
01,수도권,KR,1,1호선,0420,영등포,TOLT,장애인화장실(남),1,지상,3,지상 3층,(3F) 표 내는 곳/ 임대 회의실 맞은편,2,장애인,1,남
01,수도권,KR,1,1호선,0420,영등포,TOLT,장애인화장실(여),1,지상,3,지상 3층,(3F) 표 내는 곳/ 임대 회의실 맞은편,2,장애인,2,여
01,수도권,KR,1,1호선,0420,영등포,LARM,수유실,1,지상,3,지상 3층,(3F) 코레일라운지(국철 맞이방) 좌측,,,,
01,수도권,KR,1,1호선,0420,영등포,EV,일반승강기,1,지상,2,지상 2층,"[1호기](B5, B4, B3, B2, B1, 1F, 2F, 3F) 내부 직원 이동용",,,,
01,수도권,KR,1,1호선,0420,영등포,EV,일반승강기,1,지상,2,지상 2층,"[12호기](3F) 전철 맞이방 화장실 옆 
(1F) 롯데백화점 옆",,,,
01,수도권,KR,1,1호선,0420,영등포,EV,일반승강기,1,지상,2,지상 2층,"[7호기](3F) 이동 통로 > 맞이방
(1F) 1, 2번 출구 근처",,,,
01,수도권,KR,1,1호선,0420,영등포,EV,일반승강기,1,지상,2,지상 2층,"[6호기](3F) 맞이방
(1F) 수원역 방향(기차) 승강장",,,,
01,수도권,KR,1,1호선,0420,영등포,EV,일반승강기,1,지상,2,지상 2층,"[2호기](3F) 표 내는 곳 내 신길역 방향 1번 승강장 방면 
(1F) 신길역 방향 1번 승강장",,,,
01,수도권,KR,1,1호선,0420,영등포,EV,일반승강기,1,지상,2,지상 2층,"[4호기](3F) 표 내는 곳 내 신도림역 방향 4번, 5번 승강장 방면 
(1F) 신도림역 방향 4번, 5번승강장",,,,
01,수도권,KR,1,1호선,0420,영등포,EV,일반승강기,1,지상,2,지상 2층,"[5호기](3F) 맞이방
(1F) 용산역 방향(기차) 승강장",,,,
01,수도권,KR,1,1호선,0420,영등포,EV,일반승강기,1,지상,2,지상 2층,"[3호기](3F) 표 내는 곳 내 신도림역 방향 2번, 신길역 방향 3번 승강장 방면 
(1F) 신도림역 방향 2번, 신길역 방향 3번 승강장",,,,
01,수도권,KR,1,1호선,0420,영등포,EV,일반승강기,1,지상,1,지상 1층,[5호기](3F)맞이방(1F)용산역방향(기차)승강장,,,,
01,수도권,KR,1,1호선,0420,영등포,EV,일반승강기,1,지상,1,지상 1층,[2호기](3F)표내는곳내신길역방향1번승강장방면(1F)신길역방향1번승강장,,,,
01,수도권,KR,1,1호선,0420,영등포,EV,일반승강기,1,지상,1,지상 1층,"[4호기](3F)표내는곳내신도림역방향4번,5번승강장방면(1F)신도림역방향4번,5번승강장",,,,
01,수도권,KR,1,1호선,0420,영등포,EV,일반승강기,1,지상,1,지상 1층,"[3호기](3F)표내는곳내신도림역방향2번,신길역방향3번승강장방면(1F)신도림역방향2번,신길역방향3번승강장",,,,
01,수도권,KR,1,1호선,0420,영등포,EV,일반승강기,1,지상,1,지상 1층,[12호기](3F)전철맞이방화장실옆(1F)롯데백화점옆,,,,
01,수도권,KR,1,1호선,0420,영등포,EV,일반승강기,1,지상,1,지상 1층,"[7호기](3F)이동통로>맞이방(1F)1,2번출구근처",,,,
01,수도권,KR,1,1호선,0420,영등포,EV,일반승강기,1,지상,1,지상 1층,[6호기](3F)맞이방(1F)수원역방향(기차)승강장,,,,
01,수도권,KR,1,1호선,0420,영등포,EV,일반승강기,1,지상,1,지상 1층,"[1호기](B5, B4, B3, B2, B1, 1F, 2F, 3F) 내부 직원 이동용",,,,
01,수도권,KR,1,1호선,0420,영등포,EV,일반승강기,1,지상,1,지상 1층,[11호기](1F)3번출입구(B1)맞이방,,,,
01,수도권,KR,1,1호선,0420,영등포,EV,일반승강기,1,지상,1,지상 1층,"[9호기](1F)신도림역방향2번,신길역방향3번승강장(B1)표내는곳내이동통로",,,,
01,수도권,KR,1,1호선,0420,영등포,EV,일반승강기,1,지상,1,지상 1층,[10호기](1F)신길역방향1번승강장(B1)표내는곳내이동통로,,,,
01,수도권,KR,1,1호선,0420,영등포,EV,일반승강기,1,지상,1,지상 1층,"[8호기](1F)신도림역방향4번,5번승강장(B1)표내는곳내이동통로",,,,
01,수도권,KR,1,1호선,0420,영등포,WCLF,휠체어리프트,1,지상,1,지상 1층,(1F) 수원역(기차) 방향 승강장 북쪽,,,,
01,수도권,KR,1,1호선,0420,영등포,WCLF,휠체어리프트,1,지상,1,지상 1층,(1F) 용산역(기차) 방향 승강장 남쪽,,,,
01,수도권,KR,1,1호선,0420,영등포,WCLF,휠체어리프트,1,지상,1,지상 1층,(1F) 수원역(기차) 방향 승강장 남쪽,,,,
01,수도권,KR,1,1호선,0420,영등포,WCLF,휠체어리프트,1,지상,1,지상 1층,(1F) 용산역(기차) 방향 승강장 남쪽,,,,
01,수도권,KR,1,1호선,0420,영등포,TOLT,일반화장실(남),1,지상,1,지상 1층,(1F) 4번 출입구 방향 자동발매기 앞,1,일반,1,남
01,수도권,KR,1,1호선,0420,영등포,TOLT,일반화장실(여),1,지상,1,지상 1층,(1F) 4번 출입구 방향 자동발매기 앞,1,일반,2,여
01,수도권,KR,1,1호선,0420,영등포,EV,일반승강기,2,지하,1,지하 1층,"[8호기](1F)신도림역방향4번,5번승강장(B1)표내는곳내이동통로",,,,
01,수도권,KR,1,1호선,0420,영등포,EV,일반승강기,2,지하,1,지하 1층,"[9호기](1F)신도림역방향2번,신길역방향3번승강장(B1)표내는곳내이동통로",,,,
01,수도권,KR,1,1호선,0420,영등포,EV,일반승강기,2,지하,1,지하 1층,[10호기](1F)신길역방향1번승강장(B1)표내는곳내이동통로,,,,
01,수도권,KR,1,1호선,0420,영등포,EV,일반승강기,2,지하,1,지하 1층,[11호기](1F)3번출입구(B1)맞이방,,,,
01,수도권,KR,1,1호선,0420,영등포,EV,일반승강기,2,지하,1,지하 1층,"[1호기](B5, B4, B3, B2, B1, 1F, 2F, 3F) 내부 직원 이동용",,,,
01,수도권,KR,1,1호선,0420,영등포,TOLT,일반화장실(남),2,지하,1,지하 1층,(B1) 맞이방 ,1,일반,1,남
01,수도권,KR,1,1호선,0420,영등포,TOLT,일반화장실(남),2,지하,1,지하 1층,(B1) 표 내는 곳 내,1,일반,1,남
01,수도권,KR,1,1호선,0420,영등포,TOLT,일반화장실(여),2,지하,1,지하 1층,(B1) 표 내는 곳 내,1,일반,2,여
01,수도권,KR,1,1호선,0420,영등포,TOLT,일반화장실(여),2,지하,1,지하 1층,(B1) 맞이방 ,1,일반,2,여
01,수도권,KR,1,1호선,0420,영등포,TOLT,장애인화장실(남),2,지하,1,지하 1층,(B1) 맞이방 ,2,장애인,1,남
01,수도권,KR,1,1호선,0420,영등포,TOLT,장애인화장실(여),2,지하,1,지하 1층,(B1) 맞이방 ,2,장애인,2,여
01,수도권,KR,1,1호선,0420,영등포,EV,일반승강기,2,지하,2,지하 2층,"[1호기](B5, B4, B3, B2, B1, 1F, 2F, 3F) 내부 직원 이동용",,,,
01,수도권,KR,1,1호선,0420,영등포,EV,일반승강기,2,지하,3,지하 3층,"[1호기](B5, B4, B3, B2, B1, 1F, 2F, 3F) 내부 직원 이동용",,,,
01,수도권,KR,1,1호선,0420,영등포,EV,일반승강기,2,지하,4,지하 4층,"[1호기](B5, B4, B3, B2, B1, 1F, 2F, 3F) 내부 직원 이동용",,,,
01,수도권,KR,1,1호선,0420,영등포,EV,일반승강기,2,지하,5,지하 5층,"[1호기](B5,B4,B3,B2,B1,1F,2F,3F)내부직원이동용",,,,
01,수도권,KR,1,1호선,0359,신도림,EV,일반승강기,1,지상,3,지상 3층,"[3호기](B1)-지하환승통로3번승강장영등포방면올라가는계단앞위치(1층)-동인천행열차출입문4-2위치(2층)-맞이방역무실,화장실방면",,,,
01,수도권,KR,1,1호선,0359,신도림,EV,일반승강기,1,지상,2,지상 2층,"[3호기](B1)- 지하환승통로 3번승강장 영등포방면 올라가는 계단 앞위치
(1층)-동인천행 열차 출입문 4-2위치
(2층)-맞이방 역무실,화장실 방면 ",,,,
01,수도권,KR,1,1호선,0359,신도림,EV,일반승강기,1,지상,2,지상 2층,[4호기](1층)-4번출입구계단및에스컬레이터뒤쪽,,,,
01,수도권,KR,1,1호선,0359,신도림,EV,일반승강기,1,지상,2,지상 2층,"[1호기](B2)까치산방면열차출입문1-2위치(B1)-1번승강장환승계단안쪽구석에위치(1층)-영등포역가는방면(상행)출입문4-3(2층)-5,6번출입구방면키즈카페앞위치",,,,
01,수도권,KR,1,1호선,0359,신도림,EV,일반승강기,1,지상,2,지상 2층,"[2호기](B1)-지하환승통로2번승강장올라가는계단양쪽사이중앙에위치(1층)-구로역방면/인천,천안방면열차출입문4-3위치(2층)-맞이방자동발매기옆위치",,,,
01,수도권,KR,1,1호선,0359,신도림,TOLT,일반화장실(남),1,지상,2,지상 2층,2층 대합실,1,일반,1,남
01,수도권,KR,1,1호선,0359,신도림,TOLT,일반화장실(여),1,지상,2,지상 2층,2층 대합실,1,일반,2,여
01,수도권,KR,1,1호선,0359,신도림,TOLT,장애인화장실(남),1,지상,2,지상 2층,2층 대합실,2,장애인,1,남
01,수도권,KR,1,1호선,0359,신도림,TOLT,장애인화장실(여),1,지상,2,지상 2층,2층 대합실,2,장애인,2,여
01,수도권,KR,1,1호선,0359,신도림,LARM,수유실,1,지상,2,지상 2층,(F2) 신도림역 대합실,,,,
01,수도권,KR,1,1호선,0359,신도림,LARM,수유실,1,지상,2,지상 2층,(F2) 신도림역 대합실,,,,
01,수도권,KR,1,1호선,0359,신도림,EV,일반승강기,1,지상,1,지상 1층,[4호기](1층)-4번출입구계단및에스컬레이터뒤쪽,,,,
01,수도권,KR,1,1호선,0359,신도림,EV,일반승강기,1,지상,1,지상 1층,"[1호기](B2) 까치산방면 출입문 1-2 위치
(B1) 1번승강장 환승계단 안쪽 구석에 위치
(1F) 영등포역 방면(상행) 출입문 4-3
(2F) 5,6번출입구 키즈카페 앞 위치",,,,
01,수도권,KR,1,1호선,0359,신도림,EV,일반승강기,1,지상,1,지상 1층,"[2호기](B1)- 지하환승통로 2번승강장 올라가는 계단 양쪽 사이 중앙 위치
(1F) 구로역 방면/인천,천안방면 열차 출입문 4-3 위치
(2F) 맞이방 자동발매기 옆 위치",,,,
01,수도권,KR,1,1호선,0359,신도림,EV,일반승강기,1,지상,1,지상 1층,"[3호기](B1)- 지하환승통로 3번승강장 영등포방면 올라가는 계단 앞위치
(1층)-동인천행 열차 출입문 4-2위치
(2층)-맞이방 역무실,화장실 방면 ",,,,
01,수도권,KR,1,1호선,0359,신도림,EV,일반승강기,2,지하,1,지하 1층,"[2호기](B1)-지하환승통로2번승강장올라가는계단양쪽사이중앙에위치(1층)-구로역방면/인천,천안방면열차출입문4-3위치(2층)-맞이방자동발매기옆위치",,,,
01,수도권,KR,1,1호선,0359,신도림,EV,일반승강기,2,지하,1,지하 1층,"[3호기](B1)-지하환승통로3번승강장영등포방면올라가는계단앞위치(1층)-동인천행열차출입문4-2위치(2층)-맞이방역무실,화장실방면",,,,
01,수도권,KR,1,1호선,0359,신도림,EV,일반승강기,2,지하,1,지하 1층,"[1호기](B2) 까치산방면 출입문 1-2 위치
(B1) 1번승강장 환승계단 안쪽 구석에 위치
(1F) 영등포역 방면(상행) 출입문 4-3
(2F) 5,6번출입구 키즈카페 앞 위치",,,,
01,수도권,KR,1,1호선,0359,신도림,EV,일반승강기,2,지하,2,지하 2층,"[1호기](B2)까치산방면열차출입문1-2위치(B1)-1번승강장환승계단안쪽구석에위치(1층)-영등포역가는방면(상행)출입문4-3(2층)-5,6번출입구방면키즈카페앞위치",,,,
01,수도권,KR,1,1호선,0069,구로,EV,일반승강기,1,지상,3,지상 3층,"[7호기]환승통로8,9번승강장",,,,
01,수도권,KR,1,1호선,0069,구로,EV,일반승강기,1,지상,3,지상 3층,"[6호기]환승통로6,7번승강장",,,,
01,수도권,KR,1,1호선,0069,구로,EV,일반승강기,1,지상,3,지상 3층,"[5호기]환승통로4,5번승강장",,,,
01,수도권,KR,1,1호선,0069,구로,EV,일반승강기,1,지상,3,지상 3층,"[4호기]환승통로2,3번승강장",,,,
01,수도권,KR,1,1호선,0069,구로,EV,일반승강기,1,지상,3,지상 3층,[3호기]환승통로1번승강장,,,,
01,수도권,KR,1,1호선,0069,구로,EV,일반승강기,1,지상,3,지상 3층,[2호기]3번출입구옆,,,,
01,수도권,KR,1,1호선,0069,구로,EV,일반승강기,1,지상,3,지상 3층,[1호기]1번출구옆,,,,
01,수도권,KR,1,1호선,0069,구로,TOLT,일반화장실(남),1,지상,3,지상 3층,(3F)1번 출구 게이트 옆,1,일반,1,남
01,수도권,KR,1,1호선,0069,구로,TOLT,일반화장실(여),1,지상,3,지상 3층,"(3F)2,3번 출구 게이트 옆",1,일반,2,여
01,수도권,KR,1,1호선,0069,구로,TOLT,일반화장실(여),1,지상,3,지상 3층,(3F)1번 출구 게이트 옆,1,일반,2,여
01,수도권,KR,1,1호선,0069,구로,TOLT,장애인화장실(남),1,지상,3,지상 3층,"(3F)2,3번 출구 게이트 옆",2,장애인,1,남
01,수도권,KR,1,1호선,0069,구로,TOLT,장애인화장실(여),1,지상,3,지상 3층,"(3F)2,3번 출구 게이트 옆",2,장애인,2,여
01,수도권,KR,1,1호선,0069,구로,INFO,고객센터,1,지상,3,지상 3층,(3F) 맞이방 1번 출입구 옆,,,,
01,수도권,KR,1,1호선,0069,구로,EV,일반승강기,1,지상,2,지상 2층,"[7호기](1F-2F) (1F)개봉역방향 8번승강장 7-1앞, 가산디지털단지역방향 9번승강장 7-2앞 (2F)환승통로",,,,
01,수도권,KR,1,1호선,0069,구로,EV,일반승강기,1,지상,2,지상 2층,[1호기](3F) 3번 출입구 옆,,,,
01,수도권,KR,1,1호선,0069,구로,EV,일반승강기,1,지상,2,지상 2층,[6호기](1F-2F) (1F)신도림역방향 6번승강장 6-4앞 (2F)환승통로,,,,
01,수도권,KR,1,1호선,0069,구로,EV,일반승강기,1,지상,2,지상 2층,[2호기](3F)1번 출구. NC백화점 방향,,,,
01,수도권,KR,1,1호선,0069,구로,EV,일반승강기,1,지상,2,지상 2층,"[4호기](1F-2F) (1F)신도림역방향 2번승강장 4-4앞, 가산디지털단지역방향 3번승강장 6-4앞 (2F)환승통로 ",,,,
01,수도권,KR,1,1호선,0069,구로,EV,일반승강기,1,지상,2,지상 2층,"[5호기](1F-2F) (1F)구일역방향 4번승강장 6-4앞, 신도림역방향 5번승강장 4-4앞 (2F)환승통로",,,,
01,수도권,KR,1,1호선,0069,구로,EV,일반승강기,1,지상,2,지상 2층,[3호기]환승통로1번홈,,,,
01,수도권,KR,1,1호선,0069,구로,EV,일반승강기,1,지상,1,지상 1층,[2호기]3번출입구옆,,,,
01,수도권,KR,1,1호선,0069,구로,EV,일반승강기,1,지상,1,지상 1층,"[6호기]환승통로6,7번승강장",,,,
01,수도권,KR,1,1호선,0069,구로,EV,일반승강기,1,지상,1,지상 1층,[3호기]환승통로1번승강장,,,,
01,수도권,KR,1,1호선,0069,구로,EV,일반승강기,1,지상,1,지상 1층,"[5호기]환승통로4,5번승강장",,,,
01,수도권,KR,1,1호선,0069,구로,EV,일반승강기,1,지상,1,지상 1층,"[4호기]환승통로2,3번승강장",,,,
01,수도권,KR,1,1호선,0069,구로,EV,일반승강기,1,지상,1,지상 1층,"[7호기]환승통로8,9번승강장",,,,
01,수도권,KR,1,1호선,0069,구로,EV,일반승강기,1,지상,1,지상 1층,[1호기]1번출구옆,,,,
01,수도권,KR,1,1호선,0069,구로,WCLF,휠체어리프트,1,지상,1,지상 1층,"1층 8,9번 승강장 맞이방 방향",,,,
01,수도권,KR,1,1호선,0069,구로,WCLF,휠체어리프트,1,지상,1,지상 1층,"1층 2,3번 승강장 맞이방 방향",,,,
01,수도권,KR,1,1호선,0077,구일,EV,일반승강기,1,지상,2,지상 2층,"[1호기](1F)2번출입구,맞이방,구로방면승강장(1번홈)앞(2F)인천방면승강장(4번홈),중선방향(2,3번홈)",,,,
01,수도권,KR,1,1호선,0077,구일,EV,일반승강기,1,지상,2,지상 2층,"[2호기](1F)구로,인천방면승강장(2,3번홈)(2F)연결통로,구로방면승강장(1번홈),인천방면승강장(4번홈),2번출구방면",,,,
01,수도권,KR,1,1호선,0077,구일,EV,일반승강기,1,지상,2,지상 2층,"[3호기](1F)인천방면승강장(4번홈),1번출구방면(2F)연결통로,구로방면승강장(1번홈),2번출구방면",,,,
01,수도권,KR,1,1호선,0077,구일,EV,일반승강기,1,지상,1,지상 1층,"[3호기](1F)인천방면승강장(4번홈),1번출구방면(2F)연결통로,구로방면승강장(1번홈),2번출구방면",,,,
01,수도권,KR,1,1호선,0077,구일,EV,일반승강기,1,지상,1,지상 1층,"[2호기](1F)구로,인천방면승강장(2,3번홈)(2F)연결통로,구로방면승강장(1번홈),인천방면승강장(4번홈),2번출구방면",,,,
01,수도권,KR,1,1호선,0077,구일,EV,일반승강기,1,지상,1,지상 1층,"[1호기](1F)2번출입구,맞이방,구로방면승강장(1번홈)앞(2F)인천방면승강장(4번홈),중선방향(2,3번홈)",,,,
01,수도권,KR,1,1호선,0077,구일,EV,일반승강기,1,지상,1,지상 1층,[4호기](2F)맞이방(1F)2번출입구,,,,
01,수도권,KR,1,1호선,0077,구일,EV,일반승강기,1,지상,1,지상 1층,[4호기](2F)맞이방(1F)2번출입구,,,,
01,수도권,KR,1,1호선,0077,구일,WCLF,휠체어리프트,1,지상,1,지상 1층,(1F) 1번출입구 표내는 곳 ,,,,
01,수도권,KR,1,1호선,0077,구일,WCLF,휠체어리프트,1,지상,1,지상 1층,(1F)  1번출입구 표내는 곳 계단앞 ,,,,
01,수도권,KR,1,1호선,0077,구일,WCLF,휠체어리프트,1,지상,1,지상 1층,(1F) 1번출입구 표내는 곳 계단앞,,,,
01,수도권,KR,1,1호선,0077,구일,WCLF,휠체어리프트,1,지상,1,지상 1층,(1F) 1번출입구 표내는 곳,,,,
01,수도권,KR,1,1호선,0077,구일,WCLF,휠체어리프트,1,지상,1,지상 1층,(1F) 1번출입구 표내는 곳  ,,,,
01,수도권,KR,1,1호선,0077,구일,ELEC,전동휠체어충전설비,1,지상,1,지상 1층,(1F) 2번출입구 맞이방,,,,
01,수도권,KR,1,1호선,0077,구일,TOLT,일반화장실(남),1,지상,1,지상 1층,(1) 1번출입구,1,일반,1,남
01,수도권,KR,1,1호선,0077,구일,TOLT,일반화장실(남),1,지상,1,지상 1층,(1) 2번출입구,1,일반,1,남
01,수도권,KR,1,1호선,0077,구일,TOLT,일반화장실(여),1,지상,1,지상 1층,(1) 1번출입구,1,일반,2,여
01,수도권,KR,1,1호선,0077,구일,TOLT,일반화장실(여),1,지상,1,지상 1층,(1) 2번출입구,1,일반,2,여
01,수도권,KR,1,1호선,0077,구일,TOLT,장애인화장실(남),1,지상,1,지상 1층,(1) 1번출입구,2,장애인,1,남
01,수도권,KR,1,1호선,0077,구일,TOLT,장애인화장실(남),1,지상,1,지상 1층,(1) 2번출입구,2,장애인,1,남
01,수도권,KR,1,1호선,0077,구일,TOLT,장애인화장실(여),1,지상,1,지상 1층,(1) 2번출입구,2,장애인,2,여
01,수도권,KR,1,1호선,0077,구일,TOLT,장애인화장실(여),1,지상,1,지상 1층,(1) 1번출입구,2,장애인,2,여
01,수도권,KR,1,1호선,0077,구일,INFO,고객센터,1,지상,1,지상 1층,( 1F ) 2번 출입구방향,,,,
01,수도권,KR,1,1호선,0077,구일,INFO,고객센터,1,지상,1,지상 1층,( 1F ) 1번 출입구방향,,,,
01,수도권,KR,1,1호선,0026,개봉,EV,일반승강기,1,지상,2,지상 2층,[3호기](2F)구일방향표내는곳내부(1F)상행승강장5-2,,,,
01,수도권,KR,1,1호선,0026,개봉,EV,일반승강기,1,지상,2,지상 2층,[4호기](2F)오류동방향표내는곳내부(1F)하행승강장6-2,,,,
01,수도권,KR,1,1호선,0026,개봉,EV,일반승강기,1,지상,2,지상 2층,[2호기](2F)맞이방(1F)1번출입구옆,,,,
01,수도권,KR,1,1호선,0026,개봉,EV,일반승강기,1,지상,2,지상 2층,[1호기](2F)맞이방(1F)2번출입구옆,,,,
01,수도권,KR,1,1호선,0026,개봉,TOLT,일반화장실(남),1,지상,2,지상 2층,(2F)맞이방 역무실 맞은편,1,일반,1,남
01,수도권,KR,1,1호선,0026,개봉,TOLT,일반화장실(여),1,지상,2,지상 2층,(2F)맞이방 역무실 맞은편,1,일반,2,여
01,수도권,KR,1,1호선,0026,개봉,TOLT,장애인화장실(남),1,지상,2,지상 2층,(2F)맞이방 역무실 맞은편,2,장애인,1,남
01,수도권,KR,1,1호선,0026,개봉,TOLT,장애인화장실(여),1,지상,2,지상 2층,(2F)맞이방 역무실 맞은편,2,장애인,2,여
01,수도권,KR,1,1호선,0026,개봉,INFO,고객센터,1,지상,2,지상 2층,2층 맞이방 북쪽게이트 옆 역무실,,,,
01,수도권,KR,1,1호선,0026,개봉,EV,일반승강기,1,지상,1,지상 1층,[1호기](2F)맞이방(1F)2번출입구옆,,,,
01,수도권,KR,1,1호선,0026,개봉,EV,일반승강기,1,지상,1,지상 1층,[4호기](2F)오류동방향표내는곳내부(1F)하행승강장6-2,,,,
01,수도권,KR,1,1호선,0026,개봉,EV,일반승강기,1,지상,1,지상 1층,[3호기](2F)구일방향표내는곳내부(1F)상행승강장5-2,,,,
01,수도권,KR,1,1호선,0026,개봉,EV,일반승강기,1,지상,1,지상 1층,[2호기](2F)맞이방(1F)1번출입구옆,,,,
01,수도권,KR,1,1호선,0427,오류동,EV,일반승강기,1,지상,2,지상 2층,[3호기](1F)개봉방향5-1출입문앞(2F)맞이방표내는곳안,,,,
01,수도권,KR,1,1호선,0427,오류동,EV,일반승강기,1,지상,2,지상 2층,[4호기](1F)온수방향6-2출입문앞(2F)맞이방표내는곳안,,,,
01,수도권,KR,1,1호선,0427,오류동,EV,일반승강기,1,지상,2,지상 2층,[2호기](1F)1번출입구옆(2F)이동통로,,,,
01,수도권,KR,1,1호선,0427,오류동,EV,일반승강기,1,지상,2,지상 2층,[1호기](1F)3번출입구옆(2F)이동통로,,,,
01,수도권,KR,1,1호선,0427,오류동,TOLT,일반화장실(남),1,지상,2,지상 2층,(2) 맞이방 내 표 내는 곳 옆,1,일반,1,남
01,수도권,KR,1,1호선,0427,오류동,TOLT,일반화장실(여),1,지상,2,지상 2층,(2) 맞이방 내 표 내는 곳 옆,1,일반,2,여
01,수도권,KR,1,1호선,0427,오류동,TOLT,장애인화장실(남),1,지상,2,지상 2층,(2) 맞이방 내 표 내는 곳 옆,2,장애인,1,남
01,수도권,KR,1,1호선,0427,오류동,TOLT,장애인화장실(여),1,지상,2,지상 2층,(2) 맞이방 내 표 내는 곳 옆,2,장애인,2,여
01,수도권,KR,1,1호선,0427,오류동,INFO,고객센터,1,지상,2,지상 2층,(2) 맞이방 역무실,,,,
01,수도권,KR,1,1호선,0427,오류동,EV,일반승강기,1,지상,1,지상 1층,[1호기](1F)3번출입구옆(2F)이동통로,,,,
01,수도권,KR,1,1호선,0427,오류동,EV,일반승강기,1,지상,1,지상 1층,[4호기](1F)온수방향6-2출입문앞(2F)맞이방표내는곳안,,,,
01,수도권,KR,1,1호선,0427,오류동,EV,일반승강기,1,지상,1,지상 1층,[3호기](1F)개봉방향5-1출입문앞(2F)맞이방표내는곳안,,,,
01,수도권,KR,1,1호선,0427,오류동,EV,일반승강기,1,지상,1,지상 1층,[2호기](1F)1번출입구옆(2F)이동통로,,,,
01,수도권,KR,1,1호선,0435,온수,EV,일반승강기,1,지상,2,지상 2층,"[1호기](1F)1,3번출입구사이엘리베이터,1,3번출입구사이",,,,
01,수도권,KR,1,1호선,0435,온수,EV,일반승강기,1,지상,2,지상 2층,"[4호기](1F)역곡역방향승강장7-3출입문앞,서울방향인천계단",,,,
01,수도권,KR,1,1호선,0435,온수,EV,일반승강기,1,지상,2,지상 2층,"[3호기](1F)오류동역방향승강장3-3출입문앞,서울방향서울계단",,,,
01,수도권,KR,1,1호선,0435,온수,EV,일반승강기,1,지상,2,지상 2층,"[2호기](1F)7,8번출입구사이엘리베이터,역무실옆",,,,
01,수도권,KR,1,1호선,0435,온수,INFO,고객센터,1,지상,2,지상 2층,(2F) 맞이방 7번 출입구 방향,,,,
01,수도권,KR,1,1호선,0435,온수,EV,일반승강기,1,지상,1,지상 1층,"[4호기](1F)역곡역방향승강장7-3출입문앞,서울방향인천계단",,,,
01,수도권,KR,1,1호선,0435,온수,EV,일반승강기,1,지상,1,지상 1층,"[3호기](1F)오류동역방향승강장3-3출입문앞,서울방향서울계단",,,,
01,수도권,KR,1,1호선,0435,온수,EV,일반승강기,1,지상,1,지상 1층,"[2호기](1F)7,8번출입구사이엘리베이터,역무실옆",,,,
01,수도권,KR,1,1호선,0435,온수,EV,일반승강기,1,지상,1,지상 1층,"[1호기](1F)1,3번출입구사이엘리베이터,1,3번출입구사이",,,,
01,수도권,KR,1,1호선,0414,역곡,EV,일반승강기,1,지상,2,지상 2층,[3호기](1F)온수역방향승강장6-4옆(2F)표내는곳내계단옆,,,,
01,수도권,KR,1,1호선,0414,역곡,EV,일반승강기,1,지상,2,지상 2층,[4호기](1F)2번출입구옆(2F)고객맞이방근처,,,,
01,수도권,KR,1,1호선,0414,역곡,EV,일반승강기,1,지상,2,지상 2층,[2호기](1F)소사역방향승강장4-4옆(2F)표내는곳내계단옆,,,,
01,수도권,KR,1,1호선,0414,역곡,EV,일반승강기,1,지상,2,지상 2층,[1호기](1F)2번출입구옆(2F)고객맞이방앞,,,,
01,수도권,KR,1,1호선,0414,역곡,TOLT,일반화장실(남),1,지상,2,지상 2층,(2F)서울쪽 표내는곳  옆,1,일반,1,남
01,수도권,KR,1,1호선,0414,역곡,TOLT,일반화장실(여),1,지상,2,지상 2층,(2F)서울쪽 표내는곳  옆,1,일반,2,여
01,수도권,KR,1,1호선,0414,역곡,TOLT,장애인화장실(남),1,지상,2,지상 2층,(2F)서울쪽 표내는곳  옆,2,장애인,1,남
01,수도권,KR,1,1호선,0414,역곡,TOLT,장애인화장실(여),1,지상,2,지상 2층,(2F)서울쪽 표내는곳  옆,2,장애인,2,여
01,수도권,KR,1,1호선,0414,역곡,INFO,고객센터,1,지상,2,지상 2층,(2F) 맞이방 인천방면 표내는 곳 옆,,,,
01,수도권,KR,1,1호선,0414,역곡,EV,일반승강기,1,지상,1,지상 1층,[1호기](1F)2번출입구옆(2F)고객맞이방앞,,,,
01,수도권,KR,1,1호선,0414,역곡,EV,일반승강기,1,지상,1,지상 1층,[4호기](1F)2번출입구옆(2F)고객맞이방근처,,,,
01,수도권,KR,1,1호선,0414,역곡,EV,일반승강기,1,지상,1,지상 1층,[3호기](1F)온수역방향승강장6-4옆(2F)표내는곳내계단옆,,,,
01,수도권,KR,1,1호선,0414,역곡,EV,일반승강기,1,지상,1,지상 1층,[2호기](1F)소사역방향승강장4-4옆(2F)표내는곳내계단옆,,,,
01,수도권,KR,1,1호선,0323,소사,EV,일반승강기,1,지상,3,지상 3층,[3호기](2F)1번출구계단옆(3F)소사역지구대방향보행로,,,,
01,수도권,KR,1,1호선,0323,소사,EV,일반승강기,1,지상,3,지상 3층,[2호기](2F)고객맞이방표내는곳옆(3F)부천역방향승강장5-2출입문앞,,,,
01,수도권,KR,1,1호선,0323,소사,EV,일반승강기,1,지상,3,지상 3층,[1호기](2F)고객맞이방역무실옆(3F)역곡역방향승강장6-3출입문앞,,,,
01,수도권,KR,1,1호선,0323,소사,EV,일반승강기,1,지상,2,지상 2층,[2호기](2F)고객맞이방표내는곳옆(3F)부천역방향승강장5-2출입문앞,,,,
01,수도권,KR,1,1호선,0323,소사,EV,일반승강기,1,지상,2,지상 2층,[3호기](2F)1번출구계단옆(3F)소사역지구대방향보행로,,,,
01,수도권,KR,1,1호선,0323,소사,EV,일반승강기,1,지상,2,지상 2층,[1호기](2F)고객맞이방역무실옆(3F)역곡역방향승강장6-3출입문앞,,,,
01,수도권,KR,1,1호선,0323,소사,TOLT,일반화장실(남),1,지상,2,지상 2층,"(2) 표내는 곳 앞, 1번 출입구 방향",1,일반,1,남
01,수도권,KR,1,1호선,0323,소사,TOLT,일반화장실(여),1,지상,2,지상 2층,"(2) 표내는 곳 앞, 1번 출입구 방향",1,일반,2,여
01,수도권,KR,1,1호선,0323,소사,TOLT,장애인화장실(남),1,지상,2,지상 2층,"(2) 표내는 곳 앞, 1번 출입구 방향",2,장애인,1,남
01,수도권,KR,1,1호선,0323,소사,TOLT,장애인화장실(여),1,지상,2,지상 2층,"(2) 표내는 곳 앞, 1번 출입구 방향",2,장애인,2,여
01,수도권,KR,1,1호선,0323,소사,INFO,고객센터,1,지상,2,지상 2층,(2) 맞이방 역무실,,,,
01,수도권,KR,1,1호선,0323,소사,LARM,수유실,1,지상,2,지상 2층,(2) 맞이방 역무실 내,,,,
01,수도권,KR,1,1호선,0246,부천,EV,일반승강기,1,지상,3,지상 3층,[2호기](B1)부천역지하서부표내는곳앞(1F)중동역방향승강장3-4출입문앞(3F)부천역맞이방,,,,
01,수도권,KR,1,1호선,0246,부천,EV,일반승강기,1,지상,3,지상 3층,[1호기](B1)부천역지하서부표내는곳앞(1F)소사역방향승강장8-1출입문앞(3F)부천역맞이방,,,,
01,수도권,KR,1,1호선,0246,부천,ELEC,전동휠체어충전설비,1,지상,3,지상 3층,( 3 ) 역무실 출입구 측면,,,,
01,수도권,KR,1,1호선,0246,부천,TOLT,일반화장실(남),1,지상,3,지상 3층,(3) 3층 남쪽 1번출입구 방향,1,일반,1,남
01,수도권,KR,1,1호선,0246,부천,TOLT,일반화장실(여),1,지상,3,지상 3층,(3) 3층 남쪽 1번출입구 방향,1,일반,2,여
01,수도권,KR,1,1호선,0246,부천,TOLT,장애인화장실(남),1,지상,3,지상 3층,(3) 3층 남쪽 1번출입구 방향,2,장애인,1,남
01,수도권,KR,1,1호선,0246,부천,TOLT,장애인화장실(여),1,지상,3,지상 3층,(3) 3층 남쪽 1번출입구 방향,2,장애인,2,여
01,수도권,KR,1,1호선,0246,부천,INFO,고객센터,1,지상,3,지상 3층,(3) 맞이방 역무실,,,,
01,수도권,KR,1,1호선,0246,부천,EV,일반승강기,1,지상,2,지상 2층,"[2호기](B1)부천역 지하 서부 표내는 곳 앞
 (1F) 중동역 방향 승강장 3-4 출입문 앞
(3F)부천역 맞이방 ",,,,
01,수도권,KR,1,1호선,0246,부천,EV,일반승강기,1,지상,2,지상 2층,"[1호기](B1)부천역 지하 서부 표내는 곳 앞 
(1F) 소사역 방향 승강장 8-1 출입문 앞
(3F)부천역 맞이방 ",,,,
01,수도권,KR,1,1호선,0246,부천,EV,일반승강기,1,지상,1,지상 1층,"[2호기](B1)부천역 지하 서부 표내는 곳 앞
 (1F) 중동역 방향 승강장 3-4 출입문 앞
(3F)부천역 맞이방 ",,,,
01,수도권,KR,1,1호선,0246,부천,EV,일반승강기,1,지상,1,지상 1층,"[1호기](B1)부천역 지하 서부 표내는 곳 앞 
(1F) 소사역 방향 승강장 8-1 출입문 앞
(3F)부천역 맞이방 ",,,,
01,수도권,KR,1,1호선,0246,부천,EV,일반승강기,1,지상,1,지상 1층,[4호기](B1)부천역지하동부표내는곳앞(1F)중동역방향승강장9-4출입문앞,,,,
01,수도권,KR,1,1호선,0246,부천,EV,일반승강기,1,지상,1,지상 1층,[3호기](B1)부천역지하동부표내는곳앞(1F)소사역방향승강장2-1출입문앞,,,,
01,수도권,KR,1,1호선,0246,부천,EV,일반승강기,2,지하,1,지하 1층,[1호기](B1)부천역지하서부표내는곳앞(1F)소사역방향승강장8-1출입문앞(3F)부천역맞이방,,,,
01,수도권,KR,1,1호선,0246,부천,EV,일반승강기,2,지하,1,지하 1층,[4호기](B1)부천역지하동부표내는곳앞(1F)중동역방향승강장9-4출입문앞,,,,
01,수도권,KR,1,1호선,0246,부천,EV,일반승강기,2,지하,1,지하 1층,[3호기](B1)부천역지하동부표내는곳앞(1F)소사역방향승강장2-1출입문앞,,,,
01,수도권,KR,1,1호선,0246,부천,EV,일반승강기,2,지하,1,지하 1층,[2호기](B1)부천역지하서부표내는곳앞(1F)중동역방향승강장3-4출입문앞(3F)부천역맞이방,,,,
01,수도권,KR,1,1호선,0526,중동,EV,일반승강기,1,지상,2,지상 2층,[3호기](1F)하행승강장3-4(2F)인천방면게이트,,,,
01,수도권,KR,1,1호선,0526,중동,EV,일반승강기,1,지상,2,지상 2층,[4호기](1F)상행승강장8-1(2F)인천방면게이트,,,,
01,수도권,KR,1,1호선,0526,중동,EV,일반승강기,1,지상,2,지상 2층,[2호기](1F)1번출구남광장(2F)대합실,,,,
01,수도권,KR,1,1호선,0526,중동,EV,일반승강기,1,지상,2,지상 2층,[1호기](1F)2번출구북광장(2F)대합실,,,,
01,수도권,KR,1,1호선,0526,중동,ELEC,전동휠체어충전설비,1,지상,2,지상 2층,(2F) 1층 남광장 방면 대합실,,,,
01,수도권,KR,1,1호선,0526,중동,TOLT,일반화장실(남),1,지상,2,지상 2층,(2F)서울방면 게이트 옆,1,일반,1,남
01,수도권,KR,1,1호선,0526,중동,TOLT,일반화장실(여),1,지상,2,지상 2층,(2F)서울방면 게이트 옆,1,일반,2,여
01,수도권,KR,1,1호선,0526,중동,TOLT,장애인화장실(남),1,지상,2,지상 2층,(2F)서울방면 게이트 옆,2,장애인,1,남
01,수도권,KR,1,1호선,0526,중동,TOLT,장애인화장실(여),1,지상,2,지상 2층,(2F)서울방면 게이트 옆,2,장애인,2,여
01,수도권,KR,1,1호선,0526,중동,INFO,고객센터,1,지상,2,지상 2층,(2) 맞이방 역무실,,,,
01,수도권,KR,1,1호선,0526,중동,EV,일반승강기,1,지상,1,지상 1층,[1호기](1F)2번출구북광장(2F)대합실,,,,
01,수도권,KR,1,1호선,0526,중동,EV,일반승강기,1,지상,1,지상 1층,[4호기](1F)상행승강장8-1(2F)인천방면게이트,,,,
01,수도권,KR,1,1호선,0526,중동,EV,일반승강기,1,지상,1,지상 1층,[3호기](1F)하행승강장3-4(2F)인천방면게이트,,,,
01,수도권,KR,1,1호선,0526,중동,EV,일반승강기,1,지상,1,지상 1층,[2호기](1F)1번출구남광장(2F)대합실,,,,
01,수도권,KR,1,1호선,0327,송내,EV,일반승강기,1,지상,2,지상 2층,[5호기](1F)3번출입구근처(2F)버스환승센터A정류장근처,,,,
01,수도권,KR,1,1호선,0327,송내,EV,일반승강기,1,지상,2,지상 2층,[4호기](1F)2번출입구근처(2F)맞이방버스환승센터출입구,,,,
01,수도권,KR,1,1호선,0327,송내,EV,일반승강기,1,지상,2,지상 2층,"[3호기](1F)중동역방향승강장4-2출입문앞(2F)맞이방,중동역방향표내는곳안쪽",,,,
01,수도권,KR,1,1호선,0327,송내,EV,일반승강기,1,지상,2,지상 2층,"[2호기](1F)부개역방향승강장7-3출입문앞(2F)맞이방,중동역방향표내는곳안쪽",,,,
01,수도권,KR,1,1호선,0327,송내,EV,일반승강기,1,지상,2,지상 2층,"[1호기](1F)1번출입구근처(2F)맞이방,자유통로",,,,
01,수도권,KR,1,1호선,0327,송내,TOLT,일반화장실(남),1,지상,2,지상 2층,(2F) 버스환승센터 B 정류장 근처,1,일반,1,남
01,수도권,KR,1,1호선,0327,송내,TOLT,일반화장실(남),1,지상,2,지상 2층,"(2F) 자유통로, 1번 출입구 근처",1,일반,1,남
01,수도권,KR,1,1호선,0327,송내,TOLT,일반화장실(여),1,지상,2,지상 2층,"(2F) 자유통로, 1번 출입구 근처",1,일반,2,여
01,수도권,KR,1,1호선,0327,송내,TOLT,일반화장실(여),1,지상,2,지상 2층,(2F) 버스환승센터 B 정류장 근처,1,일반,2,여
01,수도권,KR,1,1호선,0327,송내,TOLT,장애인화장실(남),1,지상,2,지상 2층,(2F) 버스환승센터 B 정류장 근처,2,장애인,1,남
01,수도권,KR,1,1호선,0327,송내,TOLT,장애인화장실(여),1,지상,2,지상 2층,(2F) 버스환승센터 B 정류장 근처,2,장애인,2,여
01,수도권,KR,1,1호선,0327,송내,INFO,고객센터,1,지상,2,지상 2층,(2) 역무실 입구,,,,
01,수도권,KR,1,1호선,0327,송내,EV,일반승강기,1,지상,1,지상 1층,[5호기](1F)3번출입구근처(2F)버스환승센터A정류장근처,,,,
01,수도권,KR,1,1호선,0327,송내,EV,일반승강기,1,지상,1,지상 1층,"[2호기](1F)부개역방향승강장7-3출입문앞(2F)맞이방,중동역방향표내는곳안쪽",,,,
01,수도권,KR,1,1호선,0327,송내,EV,일반승강기,1,지상,1,지상 1층,"[3호기](1F)중동역방향승강장4-2출입문앞(2F)맞이방,중동역방향표내는곳안쪽",,,,
01,수도권,KR,1,1호선,0327,송내,EV,일반승강기,1,지상,1,지상 1층,[4호기](1F)2번출입구근처(2F)맞이방버스환승센터출입구,,,,
01,수도권,KR,1,1호선,0327,송내,EV,일반승강기,1,지상,1,지상 1층,"[1호기](1F)1번출입구근처(2F)맞이방,자유통로",,,,
01,수도권,KR,1,1호선,0244,부개,EV,일반승강기,1,지상,2,지상 2층,[3호기](1F)1번출입구근처(F2)맞이방화장실옆,,,,
01,수도권,KR,1,1호선,0244,부개,EV,일반승강기,1,지상,2,지상 2층,[4호기](1F)2번출입구근처(F2)맞이방마성떡볶이옆,,,,
01,수도권,KR,1,1호선,0244,부개,EV,일반승강기,1,지상,2,지상 2층,[2호기](1F)송내역방향승강장5-1출입문앞(2F)맞이방상행계단옆,,,,
01,수도권,KR,1,1호선,0244,부개,EV,일반승강기,1,지상,2,지상 2층,[1호기](1F)부평역방향승강장6-3출입문앞(2F)맞이방하행계단옆,,,,
01,수도권,KR,1,1호선,0244,부개,TOLT,일반화장실(남),1,지상,2,지상 2층,(2F) 맞이방 1번  출입구 뱡향,1,일반,1,남
01,수도권,KR,1,1호선,0244,부개,TOLT,일반화장실(여),1,지상,2,지상 2층,(2F) 맞이방 1번  출입구 뱡향,1,일반,2,여
01,수도권,KR,1,1호선,0244,부개,TOLT,장애인화장실(남),1,지상,2,지상 2층,(2F) 맞이방 1번  출입구 뱡향,2,장애인,1,남
01,수도권,KR,1,1호선,0244,부개,TOLT,장애인화장실(여),1,지상,2,지상 2층,(2F) 맞이방 1번  출입구 뱡향,2,장애인,2,여
01,수도권,KR,1,1호선,0244,부개,INFO,고객센터,1,지상,2,지상 2층,(2F) 맞이방 자유통로 중간,,,,
01,수도권,KR,1,1호선,0244,부개,EV,일반승강기,1,지상,1,지상 1층,[1호기](1F)부평역방향승강장6-3출입문앞(2F)맞이방하행계단옆,,,,
01,수도권,KR,1,1호선,0244,부개,EV,일반승강기,1,지상,1,지상 1층,[4호기](1F)2번출입구근처(F2)맞이방마성떡볶이옆,,,,
01,수도권,KR,1,1호선,0244,부개,EV,일반승강기,1,지상,1,지상 1층,[3호기](1F)1번출입구근처(F2)맞이방화장실옆,,,,
01,수도권,KR,1,1호선,0244,부개,EV,일반승강기,1,지상,1,지상 1층,[2호기](1F)송내역방향승강장5-1출입문앞(2F)맞이방상행계단옆,,,,
01,수도권,KR,1,1호선,0249,부평,EV,일반승강기,1,지상,2,지상 2층,"[1호기](2F)2,3번출입구옆(1F)상행승강장",,,,
01,수도권,KR,1,1호선,0249,부평,EV,일반승강기,1,지상,2,지상 2층,"[2호기](2F)2,3번출입구옆(1F)하행승강장",,,,
01,수도권,KR,1,1호선,0249,부평,TOLT,일반화장실(남),1,지상,2,지상 2층,2번 출입구 방향,1,일반,1,남
01,수도권,KR,1,1호선,0249,부평,TOLT,일반화장실(여),1,지상,2,지상 2층,2번 출입구 방향,1,일반,2,여
01,수도권,KR,1,1호선,0249,부평,TOLT,장애인화장실(남),1,지상,2,지상 2층,2번 출입구 방향,2,장애인,1,남
01,수도권,KR,1,1호선,0249,부평,TOLT,장애인화장실(여),1,지상,2,지상 2층,2번 출입구 방향,2,장애인,2,여
01,수도권,KR,1,1호선,0249,부평,INFO,고객센터,1,지상,2,지상 2층,2층 2번 출입구 방향 역무실,,,,
01,수도권,KR,1,1호선,0249,부평,EV,일반승강기,1,지상,1,지상 1층,"[2호기](2F)2,3번출입구옆(1F)하행승강장",,,,
01,수도권,KR,1,1호선,0249,부평,EV,일반승강기,1,지상,1,지상 1층,"[1호기](2F)2,3번출입구옆(1F)상행승강장",,,,
01,수도권,KR,1,1호선,0249,부평,EV,일반승강기,1,지상,1,지상 1층,[3호기](1F)하행승강장(B!)인천1호선환승통로,,,,
01,수도권,KR,1,1호선,0249,부평,EV,일반승강기,1,지상,1,지상 1층,[4호기](1F)1번출입구옆(B!)인천1호선환승통로,,,,
01,수도권,KR,1,1호선,0249,부평,TOLT,일반화장실(남),1,지상,1,지상 1층,1번 출입구 표내는 곳 내부,1,일반,1,남
01,수도권,KR,1,1호선,0249,부평,TOLT,일반화장실(여),1,지상,1,지상 1층,1번 출입구 표내는 곳 내부,1,일반,2,여
01,수도권,KR,1,1호선,0249,부평,TOLT,장애인화장실(공용),1,지상,1,지상 1층,1번 출입구 표내는 곳 내부,2,장애인,3,공용
01,수도권,KR,1,1호선,0249,부평,EV,일반승강기,2,지하,1,지하 1층,[3호기](1F)하행승강장(B!)인천1호선환승통로,,,,
01,수도권,KR,1,1호선,0249,부평,EV,일반승강기,2,지하,1,지하 1층,[4호기](1F)1번출입구옆(B!)인천1호선환승통로,,,,
01,수도권,KR,1,1호선,0249,부평,TOLT,일반화장실(남),2,지하,2,지하 2층,지하 표내는곳 바깥쪽 지하2층 지하 맞이방,1,일반,1,남
01,수도권,KR,1,1호선,0249,부평,TOLT,일반화장실(여),2,지하,2,지하 2층,지하 표내는곳 바깥쪽 지하2층 지하 맞이방,1,일반,2,여
01,수도권,KR,1,1호선,0249,부평,TOLT,장애인화장실(남),2,지하,2,지하 2층,지하 표내는곳 바깥쪽 지하2층 지하 맞이방,2,장애인,1,남
01,수도권,KR,1,1호선,0249,부평,TOLT,장애인화장실(여),2,지하,2,지하 2층,지하 표내는곳 바깥쪽 지하2층 지하 맞이방,2,장애인,2,여
01,수도권,KR,1,1호선,0249,부평,INFO,고객센터,2,지하,2,지하 2층,지하 2층 표 내는 곳 옆 역무실,,,,
01,수도권,KR,1,1호선,0226,백운,EV,일반승강기,1,지상,2,지상 2층,[3호기](1F)동암역방향승강장9-2출입문옆(2F)표내는곳,,,,
01,수도권,KR,1,1호선,0226,백운,EV,일반승강기,1,지상,2,지상 2층,[4호기](1F)1번출입구옆(2F)맞이방,,,,
01,수도권,KR,1,1호선,0226,백운,EV,일반승강기,1,지상,2,지상 2층,[2호기](1F)부평역방향승강장2-3출입문옆(2F)표내는곳,,,,
01,수도권,KR,1,1호선,0226,백운,EV,일반승강기,1,지상,2,지상 2층,[1호기](1F)2번출입구옆(2F)맞이방,,,,
01,수도권,KR,1,1호선,0226,백운,ELEC,전동휠체어충전설비,1,지상,2,지상 2층,"(2F) 1번출입구 근처, 인천방향 E/V근처",,,,
01,수도권,KR,1,1호선,0226,백운,TOLT,일반화장실(남),1,지상,2,지상 2층,(2F) 2번/3번 출입구 방향,1,일반,1,남
01,수도권,KR,1,1호선,0226,백운,TOLT,일반화장실(여),1,지상,2,지상 2층,(2F) 2번/3번 출입구 방향,1,일반,2,여
01,수도권,KR,1,1호선,0226,백운,TOLT,장애인화장실(남),1,지상,2,지상 2층,(2F) 2번/3번 출입구 방향,2,장애인,1,남
01,수도권,KR,1,1호선,0226,백운,TOLT,장애인화장실(여),1,지상,2,지상 2층,(2F) 2번/3번 출입구 방향,2,장애인,2,여
01,수도권,KR,1,1호선,0226,백운,INFO,고객센터,1,지상,2,지상 2층,"(2F) 대합실 2,3번 출입구 방향",,,,
01,수도권,KR,1,1호선,0226,백운,EV,일반승강기,1,지상,1,지상 1층,[1호기](1F)2번출입구옆(2F)맞이방,,,,
01,수도권,KR,1,1호선,0226,백운,EV,일반승강기,1,지상,1,지상 1층,[4호기](1F)1번출입구옆(2F)맞이방,,,,
01,수도권,KR,1,1호선,0226,백운,EV,일반승강기,1,지상,1,지상 1층,[3호기](1F)동암역방향승강장9-2출입문옆(2F)표내는곳,,,,
01,수도권,KR,1,1호선,0226,백운,EV,일반승강기,1,지상,1,지상 1층,[2호기](1F)부평역방향승강장2-3출입문옆(2F)표내는곳,,,,
01,수도권,KR,1,1호선,0164,동암,EV,일반승강기,1,지상,2,지상 2층,[3호기]1층맞이방,,,,
01,수도권,KR,1,1호선,0164,동암,EV,일반승강기,1,지상,2,지상 2층,[2호기]1층맞이방,,,,
01,수도권,KR,1,1호선,0164,동암,EV,일반승강기,1,지상,2,지상 2층,[1호기]1층1번출입구옆,,,,
01,수도권,KR,1,1호선,0164,동암,EV,일반승강기,1,지상,1,지상 1층,[2호기]1층맞이방,,,,
01,수도권,KR,1,1호선,0164,동암,EV,일반승강기,1,지상,1,지상 1층,[3호기]1층맞이방,,,,
01,수도권,KR,1,1호선,0164,동암,EV,일반승강기,1,지상,1,지상 1층,[1호기]1층1번출입구옆,,,,
01,수도권,KR,1,1호선,0164,동암,ELEC,전동휠체어충전설비,1,지상,1,지상 1층,맞이방 1번 출입구 방향,,,,
01,수도권,KR,1,1호선,0164,동암,TOLT,일반화장실(남),1,지상,1,지상 1층,1층 맞이방 역무실 맞은편,1,일반,1,남
01,수도권,KR,1,1호선,0164,동암,TOLT,일반화장실(여),1,지상,1,지상 1층,1층 맞이방 역무실 맞은편,1,일반,2,여
01,수도권,KR,1,1호선,0164,동암,TOLT,장애인화장실(남),1,지상,1,지상 1층,1층 맞이방 역무실 맞은편,2,장애인,1,남
01,수도권,KR,1,1호선,0164,동암,TOLT,장애인화장실(여),1,지상,1,지상 1층,1층 맞이방 역무실 맞은편,2,장애인,2,여
01,수도권,KR,1,1호선,0164,동암,INFO,고객센터,1,지상,1,지상 1층,역무실,,,,
01,수도권,KR,1,1호선,0013,간석,EV,일반승강기,1,지상,2,지상 2층,"[3호기](1F)2번출입구북광장계단옆,(2F)자유통로(맞이방)",,,,
01,수도권,KR,1,1호선,0013,간석,EV,일반승강기,1,지상,2,지상 2층,"[4호기](1F)1번출입구남광장계단옆,(2F)자유통로(맞이방)",,,,
01,수도권,KR,1,1호선,0013,간석,EV,일반승강기,1,지상,2,지상 2층,"[2호기](1F)주안역방향승강장5-1출입문앞,(2F)표내는곳",,,,
01,수도권,KR,1,1호선,0013,간석,EV,일반승강기,1,지상,2,지상 2층,"[1호기](1F)동암역방향승강장6-4출입문앞,(2F)표내는곳",,,,
01,수도권,KR,1,1호선,0013,간석,TOLT,일반화장실(남),1,지상,2,지상 2층,(2F) 표 내는 곳 안쪽 정면,1,일반,1,남
01,수도권,KR,1,1호선,0013,간석,TOLT,일반화장실(여),1,지상,2,지상 2층,(2F) 표 내는 곳 안쪽 정면,1,일반,2,여
01,수도권,KR,1,1호선,0013,간석,TOLT,장애인화장실(남),1,지상,2,지상 2층,(2F) 표 내는 곳 안쪽 정면,2,장애인,1,남
01,수도권,KR,1,1호선,0013,간석,TOLT,장애인화장실(여),1,지상,2,지상 2층,(2F) 표 내는 곳 안쪽 정면,2,장애인,2,여
01,수도권,KR,1,1호선,0013,간석,INFO,고객센터,1,지상,2,지상 2층,(2F) 맞이방 2번출구 방향,,,,
01,수도권,KR,1,1호선,0013,간석,EV,일반승강기,1,지상,1,지상 1층,"[1호기](1F)동암역방향승강장6-4출입문앞,(2F)표내는곳",,,,
01,수도권,KR,1,1호선,0013,간석,EV,일반승강기,1,지상,1,지상 1층,"[4호기](1F)1번출입구남광장계단옆,(2F)자유통로(맞이방)",,,,
01,수도권,KR,1,1호선,0013,간석,EV,일반승강기,1,지상,1,지상 1층,"[3호기](1F)2번출입구북광장계단옆,(2F)자유통로(맞이방)",,,,
01,수도권,KR,1,1호선,0013,간석,EV,일반승강기,1,지상,1,지상 1층,"[2호기](1F)주안역방향승강장5-1출입문앞,(2F)표내는곳",,,,
01,수도권,KR,1,1호선,0519,주안,EV,일반승강기,1,지상,2,지상 2층,[4호기]선상1번출입구옆,,,,
01,수도권,KR,1,1호선,0519,주안,EV,일반승강기,1,지상,2,지상 2층,[3호기]선상하행계단옆,,,,
01,수도권,KR,1,1호선,0519,주안,EV,일반승강기,1,지상,2,지상 2층,[1호기]선상4번출입구옆,,,,
01,수도권,KR,1,1호선,0519,주안,EV,일반승강기,1,지상,2,지상 2층,[2호기]선상상행계단옆,,,,
01,수도권,KR,1,1호선,0519,주안,TOLT,일반화장실(남),1,지상,2,지상 2층,1번/2번 출입구 방향,1,일반,1,남
01,수도권,KR,1,1호선,0519,주안,TOLT,일반화장실(여),1,지상,2,지상 2층,1번/2번 출입구 방향,1,일반,2,여
01,수도권,KR,1,1호선,0519,주안,TOLT,장애인화장실(남),1,지상,2,지상 2층,1번/2번 출입구 방향,2,장애인,1,남
01,수도권,KR,1,1호선,0519,주안,TOLT,장애인화장실(여),1,지상,2,지상 2층,1번/2번 출입구 방향,2,장애인,2,여
01,수도권,KR,1,1호선,0519,주안,INFO,고객센터,1,지상,2,지상 2층,표 내는 곳 옆,,,,
01,수도권,KR,1,1호선,0519,주안,EV,일반승강기,1,지상,1,지상 1층,[3호기]선상하행계단옆,,,,
01,수도권,KR,1,1호선,0519,주안,EV,일반승강기,1,지상,1,지상 1층,[2호기]선상상행계단옆,,,,
01,수도권,KR,1,1호선,0519,주안,EV,일반승강기,1,지상,1,지상 1층,[1호기]선상4번출입구옆,,,,
01,수도권,KR,1,1호선,0519,주안,EV,일반승강기,1,지상,1,지상 1층,[4호기]선상1번출입구옆,,,,
01,수도권,KR,1,1호선,0519,주안,EV,일반승강기,1,지상,1,지상 1층,[5호기]지하하행계단옆,,,,
01,수도권,KR,1,1호선,0519,주안,EV,일반승강기,1,지상,1,지상 1층,[6호기]지하상행계단옆,,,,
01,수도권,KR,1,1호선,0519,주안,EV,일반승강기,2,지하,1,지하 1층,[5호기]지하하행계단옆,,,,
01,수도권,KR,1,1호선,0519,주안,EV,일반승강기,2,지하,1,지하 1층,[6호기]지하상행계단옆,,,,
01,수도권,KR,1,1호선,0519,주안,TOLT,일반화장실(남),2,지하,1,지하 1층,표 내는 곳 옆,1,일반,1,남
01,수도권,KR,1,1호선,0519,주안,TOLT,일반화장실(여),2,지하,1,지하 1층,표 내는 곳 옆,1,일반,2,여
01,수도권,KR,1,1호선,0519,주안,TOLT,장애인화장실(남),2,지하,1,지하 1층,표 내는 곳 옆,2,장애인,1,남
01,수도권,KR,1,1호선,0519,주안,TOLT,장애인화장실(여),2,지하,1,지하 1층,표 내는 곳 옆,2,장애인,2,여
01,수도권,KR,1,1호선,0519,주안,INFO,고객센터,2,지하,1,지하 1층,표 내는 곳 옆,,,,
01,수도권,KR,1,1호선,0149,도화,EV,일반승강기,1,지상,2,지상 2층,[3호기](2층)맞이방서울역방향개찰구앞,,,,
01,수도권,KR,1,1호선,0149,도화,EV,일반승강기,1,지상,2,지상 2층,[4호기](2층)맞이방인천방향개찰구앞,,,,
01,수도권,KR,1,1호선,0149,도화,EV,일반승강기,1,지상,2,지상 2층,"[2호기](2층)맞이방3,4번출입구근처",,,,
01,수도권,KR,1,1호선,0149,도화,EV,일반승강기,1,지상,2,지상 2층,"[1호기](2층)맞이방1,2번출입구근처",,,,
01,수도권,KR,1,1호선,0149,도화,TOLT,일반화장실(남),1,지상,2,지상 2층,표내는곳 나와 우측,1,일반,1,남
01,수도권,KR,1,1호선,0149,도화,TOLT,일반화장실(여),1,지상,2,지상 2층,표내는곳 나와 우측,1,일반,2,여
01,수도권,KR,1,1호선,0149,도화,TOLT,장애인화장실(남),1,지상,2,지상 2층,표내는곳 나와 우측,2,장애인,1,남
01,수도권,KR,1,1호선,0149,도화,TOLT,장애인화장실(여),1,지상,2,지상 2층,표내는곳 나와 우측,2,장애인,2,여
01,수도권,KR,1,1호선,0149,도화,INFO,고객센터,1,지상,2,지상 2층,표내는곳 우측,,,,
01,수도권,KR,1,1호선,0149,도화,EV,일반승강기,1,지상,1,지상 1층,"[1호기](2층)맞이방1,2번출입구근처",,,,
01,수도권,KR,1,1호선,0149,도화,EV,일반승강기,1,지상,1,지상 1층,[4호기](2층)맞이방인천방향개찰구앞,,,,
01,수도권,KR,1,1호선,0149,도화,EV,일반승강기,1,지상,1,지상 1층,[3호기](2층)맞이방서울역방향개찰구앞,,,,
01,수도권,KR,1,1호선,0149,도화,EV,일반승강기,1,지상,1,지상 1층,"[2호기](2층)맞이방3,4번출입구근처",,,,
01,수도권,KR,1,1호선,0513,제물포,EV,일반승강기,1,지상,2,지상 2층,[3호기](1F)도화역방행승강장7-3출입구앞,,,,
01,수도권,KR,1,1호선,0513,제물포,EV,일반승강기,1,지상,2,지상 2층,[4호기](1F)도원역방행승강장4-2출입구앞,,,,
01,수도권,KR,1,1호선,0513,제물포,EV,일반승강기,1,지상,2,지상 2층,[2호기](1F)2번출입구앞,,,,
01,수도권,KR,1,1호선,0513,제물포,EV,일반승강기,1,지상,2,지상 2층,[1호기](1F)1번출입구앞,,,,
01,수도권,KR,1,1호선,0513,제물포,TOLT,일반화장실(남),1,지상,2,지상 2층,(2F) 맞이방 게이트 앞,1,일반,1,남
01,수도권,KR,1,1호선,0513,제물포,TOLT,일반화장실(여),1,지상,2,지상 2층,(2F) 맞이방 게이트 앞,1,일반,2,여
01,수도권,KR,1,1호선,0513,제물포,TOLT,장애인화장실(남),1,지상,2,지상 2층,(2F) 맞이방 게이트 앞,2,장애인,1,남
01,수도권,KR,1,1호선,0513,제물포,TOLT,장애인화장실(여),1,지상,2,지상 2층,(2F) 맞이방 게이트 앞,2,장애인,2,여
01,수도권,KR,1,1호선,0513,제물포,LARM,수유실,1,지상,2,지상 2층,(2F) 2층 맞이방 던킨도너츠 매장 옆,,,,
01,수도권,KR,1,1호선,0513,제물포,EV,일반승강기,1,지상,1,지상 1층,[1호기](1F)1번출입구앞,,,,
01,수도권,KR,1,1호선,0513,제물포,EV,일반승강기,1,지상,1,지상 1층,[4호기](1F)도원역방행승강장4-2출입구앞,,,,
01,수도권,KR,1,1호선,0513,제물포,EV,일반승강기,1,지상,1,지상 1층,[3호기](1F)도화역방행승강장7-3출입구앞,,,,
01,수도권,KR,1,1호선,0513,제물포,EV,일반승강기,1,지상,1,지상 1층,[2호기](1F)2번출입구앞,,,,
01,수도권,KR,1,1호선,0148,도원,EV,일반승강기,1,지상,2,지상 2층,[1호기](1)제물포역방향승강장7-4출입문앞,,,,
01,수도권,KR,1,1호선,0148,도원,EV,일반승강기,1,지상,2,지상 2층,[2호기](1)동인천역방향승강장4-1출입문앞,,,,
01,수도권,KR,1,1호선,0148,도원,ELEC,전동휠체어충전설비,1,지상,2,지상 2층,(2)맞이방 내 3번출구 우측,,,,
01,수도권,KR,1,1호선,0148,도원,TOLT,일반화장실(남),1,지상,2,지상 2층,"(2) 표내는곳 내 계단 옆, 인천방면 방향",1,일반,1,남
01,수도권,KR,1,1호선,0148,도원,TOLT,일반화장실(여),1,지상,2,지상 2층,"(2) 표내는곳 내 계단 옆, 인천방면 방향",1,일반,2,여
01,수도권,KR,1,1호선,0148,도원,TOLT,장애인화장실(남),1,지상,2,지상 2층,"(2) 표내는곳 내 계단 옆, 인천방면 방향",2,장애인,1,남
01,수도권,KR,1,1호선,0148,도원,TOLT,장애인화장실(여),1,지상,2,지상 2층,"(2) 표내는곳 내 계단 옆, 인천방면 방향",2,장애인,2,여
01,수도권,KR,1,1호선,0148,도원,INFO,고객센터,1,지상,2,지상 2층,(2) 맞이방 발매기 방향,,,,
01,수도권,KR,1,1호선,0148,도원,LARM,수유실,1,지상,2,지상 2층,(2) 맞이방 3번 출입구 방향,,,,
01,수도권,KR,1,1호선,0148,도원,EV,일반승강기,1,지상,1,지상 1층,[1호기](1)제물포역방향승강장7-4출입문앞,,,,
01,수도권,KR,1,1호선,0148,도원,EV,일반승강기,1,지상,1,지상 1층,[2호기](1)동인천역방향승강장4-1출입문앞,,,,
01,수도권,KR,1,1호선,0166,동인천,EV,일반승강기,1,지상,3,지상 3층,[2호기]상행승강장6-1,,,,
01,수도권,KR,1,1호선,0166,동인천,EV,일반승강기,1,지상,3,지상 3층,[1호기]선상개집표구옆,,,,
01,수도권,KR,1,1호선,0166,동인천,EV,일반승강기,1,지상,3,지상 3층,[3호기]하행승강장5-4,,,,
01,수도권,KR,1,1호선,0166,동인천,EV,일반승강기,1,지상,2,지상 2층,[3호기]하행 승강장 5-4,,,,
01,수도권,KR,1,1호선,0166,동인천,EV,일반승강기,1,지상,2,지상 2층,[1호기]선상 개집표구 옆,,,,
01,수도권,KR,1,1호선,0166,동인천,EV,일반승강기,1,지상,2,지상 2층,[2호기]상행 승강장 6-1,,,,
01,수도권,KR,1,1호선,0166,동인천,EV,일반승강기,1,지상,1,지상 1층,[4호기]선하맞이방,,,,
01,수도권,KR,1,1호선,0166,동인천,EV,일반승강기,1,지상,1,지상 1층,[3호기]하행승강장5-4,,,,
01,수도권,KR,1,1호선,0166,동인천,EV,일반승강기,1,지상,1,지상 1층,[1호기]선상개집표구옆,,,,
01,수도권,KR,1,1호선,0166,동인천,EV,일반승강기,1,지상,1,지상 1층,[2호기]상행승강장6-1,,,,
01,수도권,KR,1,1호선,0166,동인천,EV,일반승강기,1,지상,1,지상 1층,[4호기]선하맞이방,,,,
01,수도권,KR,1,1호선,0166,동인천,ELEC,전동휠체어충전설비,1,지상,1,지상 1층,선하맞이방 엘리베이터4호기 옆,,,,
01,수도권,KR,1,1호선,0166,동인천,TOLT,일반화장실(남),1,지상,1,지상 1층,선상 맞이방 ,1,일반,1,남
01,수도권,KR,1,1호선,0166,동인천,TOLT,일반화장실(여),1,지상,1,지상 1층,선상 맞이방 ,1,일반,2,여
01,수도권,KR,1,1호선,0166,동인천,TOLT,장애인화장실(남),1,지상,1,지상 1층,선상 맞이방 ,2,장애인,1,남
01,수도권,KR,1,1호선,0166,동인천,TOLT,장애인화장실(여),1,지상,1,지상 1층,선상 맞이방 ,2,장애인,2,여
01,수도권,KR,1,1호선,0166,동인천,INFO,고객센터,1,지상,1,지상 1층,선하 역무실,,,,
01,수도권,KR,1,1호선,0166,동인천,TOLT,일반화장실(남),2,지하,1,지하 1층,선하 연결통로,1,일반,1,남
01,수도권,KR,1,1호선,0166,동인천,TOLT,일반화장실(여),2,지하,1,지하 1층,선하 연결통로,1,일반,2,여
01,수도권,KR,1,1호선,0166,동인천,TOLT,장애인화장실(남),2,지하,1,지하 1층,선하 연결통로,2,장애인,1,남
01,수도권,KR,1,1호선,0166,동인천,TOLT,장애인화장실(여),2,지하,1,지하 1층,선하 연결통로,2,장애인,2,여
01,수도권,KR,1,1호선,0481,인천,EV,일반승강기,1,지상,1,지상 1층,[5호기](B1)지하1층철도경찰사무실앞복도끝좌측(1F)1번출구에서수인분당선환승통로끝,,,,
01,수도권,KR,1,1호선,0481,인천,EV,일반승강기,1,지상,1,지상 1층,[6호기](B1)지하1층맞이방에서3번출구복도끝(1F)3번출구옆,,,,
01,수도권,KR,1,1호선,0481,인천,EV,일반승강기,1,지상,1,지상 1층,"[7호기](B1)환승통로끝좌측(1F)1호선1,2번승강장2-1",,,,
01,수도권,KR,1,1호선,0481,인천,TOLT,일반화장실(남),1,지상,1,지상 1층,(1F) 1번출구 월미도 방향 관광안내소 옆,1,일반,1,남
01,수도권,KR,1,1호선,0481,인천,TOLT,일반화장실(여),1,지상,1,지상 1층,(1F) 1번출구 월미도 방향 관광안내소 옆,1,일반,2,여
01,수도권,KR,1,1호선,0481,인천,TOLT,장애인화장실(남),1,지상,1,지상 1층,(1F) 1번출구 월미도 방향 관광안내소 옆,2,장애인,1,남
01,수도권,KR,1,1호선,0481,인천,TOLT,장애인화장실(여),1,지상,1,지상 1층,(1F) 1번출구 월미도 방향 관광안내소 옆,2,장애인,2,여
01,수도권,KR,1,1호선,0481,인천,EV,일반승강기,2,지하,1,지하 1층,[5호기](B1)지하1층철도경찰사무실앞복도끝좌측(1F)1번출구에서수인분당선환승통로끝,,,,
01,수도권,KR,1,1호선,0481,인천,EV,일반승강기,2,지하,1,지하 1층,[6호기](B1)지하1층맞이방에서3번출구복도끝(1F)3번출구옆,,,,
01,수도권,KR,1,1호선,0481,인천,EV,일반승강기,2,지하,1,지하 1층,"[7호기](B1)환승통로끝좌측(1F)1호선1,2번승강장2-1",,,,
01,수도권,KR,1,1호선,0481,인천,EV,일반승강기,2,지하,1,지하 1층,[8호기](B1)지하1층철도경찰사무실앞(B2)지하2층중앙계단앞(B3)지하3층분리수거장앞,,,,
01,수도권,KR,1,1호선,0481,인천,LARM,수유실,2,지하,1,지하 1층,(B1) 수인선 역무실 내,,,,
01,수도권,KR,1,1호선,0481,인천,EV,일반승강기,2,지하,2,지하 2층,"[4호기](B1) 지하1층 철도경찰사무실 앞
(B2) 지하2층 중앙계단 앞
(B3) 지하3층 분리수거장 앞",,,,
01,수도권,KR,1,1호선,0481,인천,EV,일반승강기,2,지하,3,지하 3층,[8호기](B1)지하1층철도경찰사무실앞(B2)지하2층중앙계단앞(B3)지하3층분리수거장앞,,,,
01,수도권,KR,1,1호선,0004,가산디지털단지,EV,일반승강기,1,지상,2,지상 2층,[5호기](2F)2번출입구옆,,,,
01,수도권,KR,1,1호선,0004,가산디지털단지,EV,일반승강기,1,지상,2,지상 2층,[4호기](2F)3번출입구옆,,,,
01,수도권,KR,1,1호선,0004,가산디지털단지,EV,일반승강기,1,지상,2,지상 2층,[3호기](2F)하선계단,,,,
01,수도권,KR,1,1호선,0004,가산디지털단지,EV,일반승강기,1,지상,2,지상 2층,[2호기](2F)상선계단,,,,
01,수도권,KR,1,1호선,0004,가산디지털단지,EV,일반승강기,1,지상,2,지상 2층,[1호기](2F)11번출입구옆,,,,
01,수도권,KR,1,1호선,0004,가산디지털단지,TOLT,일반화장실(남),1,지상,2,지상 2층,"(2F) 맞이방 표 내는 곳 옆, 2번/10번/11번출입구 방향",1,일반,1,남
01,수도권,KR,1,1호선,0004,가산디지털단지,TOLT,일반화장실(여),1,지상,2,지상 2층,"(2F) 맞이방 표 내는 곳 옆, 2번/10번/11번출입구 방향",1,일반,2,여
01,수도권,KR,1,1호선,0004,가산디지털단지,TOLT,장애인화장실(남),1,지상,2,지상 2층,"(2F) 맞이방 표 내는 곳 옆, 2번/10번/11번출입구 방향",2,장애인,1,남
01,수도권,KR,1,1호선,0004,가산디지털단지,INFO,고객센터,1,지상,2,지상 2층,"(2F) 맞이방 게이트 옆 (2번,10번,11번 출구 방향)",,,,
01,수도권,KR,1,1호선,0004,가산디지털단지,EV,일반승강기,1,지상,1,지상 1층,[4호기](2F)3번출입구옆,,,,
01,수도권,KR,1,1호선,0004,가산디지털단지,EV,일반승강기,1,지상,1,지상 1층,[3호기](2F)하선계단,,,,
01,수도권,KR,1,1호선,0004,가산디지털단지,EV,일반승강기,1,지상,1,지상 1층,[2호기](2F)상선계단,,,,
01,수도권,KR,1,1호선,0004,가산디지털단지,EV,일반승강기,1,지상,1,지상 1층,[1호기](2F)11번출입구옆,,,,
01,수도권,KR,1,1호선,0004,가산디지털단지,EV,일반승강기,1,지상,1,지상 1층,[5호기](2F)2번출입구옆,,,,
01,수도권,KR,1,1호선,0004,가산디지털단지,WCLF,휠체어리프트,1,지상,1,지상 1층,(2F) 2번 출입구 옆,,,,
01,수도권,KR,1,1호선,0152,독산,EV,일반승강기,1,지상,2,지상 2층,"[2호기](1F)가산디지털단지역방향승강장7-1~7-2출입문사이,(2F)맞이방",,,,
01,수도권,KR,1,1호선,0152,독산,EV,일반승강기,1,지상,2,지상 2층,"[4호기](1F)2번출입구옆,(2F)2번/3번출입구사이",,,,
01,수도권,KR,1,1호선,0152,독산,EV,일반승강기,1,지상,2,지상 2층,"[3호기](1F)1번출입구옆,(2F)1번출입구앞",,,,
01,수도권,KR,1,1호선,0152,독산,EV,일반승강기,1,지상,2,지상 2층,"[1호기](1F)금천구청역방향승강장4-3~4-4출입문사이,(2F)맞이방",,,,
01,수도권,KR,1,1호선,0152,독산,TOLT,일반화장실(남),1,지상,2,지상 2층,(2F) 1번 출입구 방향 역무실 맞은편,1,일반,1,남
01,수도권,KR,1,1호선,0152,독산,TOLT,일반화장실(여),1,지상,2,지상 2층,(2F) 1번 출입구 방향 역무실 맞은편,1,일반,2,여
01,수도권,KR,1,1호선,0152,독산,TOLT,장애인화장실(남),1,지상,2,지상 2층,(2F) 1번 출입구 방향 역무실 맞은편,2,장애인,1,남
01,수도권,KR,1,1호선,0152,독산,TOLT,장애인화장실(여),1,지상,2,지상 2층,(2F) 1번 출입구 방향 역무실 맞은편,2,장애인,2,여
01,수도권,KR,1,1호선,0152,독산,EV,일반승강기,1,지상,1,지상 1층,"[4호기](1F)2번출입구옆,(2F)2번/3번출입구사이",,,,
01,수도권,KR,1,1호선,0152,독산,EV,일반승강기,1,지상,1,지상 1층,"[3호기](1F)1번출입구옆,(2F)1번출입구앞",,,,
01,수도권,KR,1,1호선,0152,독산,EV,일반승강기,1,지상,1,지상 1층,"[2호기](1F)가산디지털단지역방향승강장7-1~7-2출입문사이,(2F)맞이방",,,,
01,수도권,KR,1,1호선,0152,독산,EV,일반승강기,1,지상,1,지상 1층,"[1호기](1F)금천구청역방향승강장4-3~4-4출입문사이,(2F)맞이방",,,,
01,수도권,KR,1,1호선,0091,금천구청,EV,일반승강기,1,지상,2,지상 2층,[1호기]4호기(1층광장1번출구계단옆)3호기(2층맞이방↔이동통로)2호기(이동통로↔하행승강장)1호기(이동통로↔상행승강장),,,,
01,수도권,KR,1,1호선,0091,금천구청,EV,일반승강기,1,지상,1,지상 1층,[1호기]4호기(1층광장1번출구계단옆)3호기(2층맞이방↔이동통로)2호기(이동통로↔하행승강장)1호기(이동통로↔상행승강장),,,,
01,수도권,KR,1,1호선,0091,금천구청,TOLT,일반화장실(남),1,지상,1,지상 1층,1층 광장 입구 1층 계단 옆,1,일반,1,남
01,수도권,KR,1,1호선,0091,금천구청,TOLT,일반화장실(여),1,지상,1,지상 1층,1층 광장 입구 1층 계단 옆,1,일반,2,여
01,수도권,KR,1,1호선,0091,금천구청,TOLT,장애인화장실(남),1,지상,1,지상 1층,1층 광장 입구 1층 계단 옆,2,장애인,1,남
01,수도권,KR,1,1호선,0091,금천구청,TOLT,장애인화장실(여),1,지상,1,지상 1층,1층 광장 입구 1층 계단 옆,2,장애인,2,여
01,수도권,KR,1,1호선,0063,광명,EV,일반승강기,1,지상,2,지상 2층,[2호기](1F)동편북쪽맨끝(B1)1번통로,,,,
01,수도권,KR,1,1호선,0063,광명,EV,일반승강기,1,지상,2,지상 2층,[3호기](1F)서편남쪽맨끝(B1)5번통로,,,,
01,수도권,KR,1,1호선,0063,광명,EV,일반승강기,1,지상,2,지상 2층,[4호기](1F)서편북쪽맨끝(B1)1번통로,,,,
01,수도권,KR,1,1호선,0063,광명,EV,일반승강기,1,지상,2,지상 2층,[7호기](1F)동편남쪽맨끝(B1)5번통로,,,,
01,수도권,KR,1,1호선,0063,광명,EV,일반승강기,1,지상,1,지상 1층,[1호기](1F)서편북쪽수유방옆(B1)2번통로,,,,
01,수도권,KR,1,1호선,0063,광명,EV,일반승강기,1,지상,1,지상 1층,[5호기](1F)서편남쪽수유방옆(B1)4번통로,,,,
01,수도권,KR,1,1호선,0063,광명,EV,일반승강기,1,지상,1,지상 1층,[12호기](1F)동편중앙(B1)3번통로,,,,
01,수도권,KR,1,1호선,0063,광명,EV,일반승강기,1,지상,1,지상 1층,"[9호기](1F) 서편 북쪽 맨끝
(B1) 1번 통로",,,,
01,수도권,KR,1,1호선,0063,광명,EV,일반승강기,1,지상,1,지상 1층,"[10호기](1F) 서편 남쪽 맨끝
(B1) 5번 통로",,,,
01,수도권,KR,1,1호선,0063,광명,EV,일반승강기,1,지상,1,지상 1층,"[12호기](1F) 동편 남쪽 맨끝
(B1) 5번 통로",,,,
01,수도권,KR,1,1호선,0063,광명,EV,일반승강기,1,지상,1,지상 1층,"[11호기](1F) 동편 북쪽 맨끝
(B1) 1번 통로",,,,
01,수도권,KR,1,1호선,0063,광명,ELEC,전동휠체어충전설비,1,지상,1,지상 1층,(1F) 1번출구 ,,,,
01,수도권,KR,1,1호선,0063,광명,ELEC,전동휠체어충전설비,1,지상,1,지상 1층,(1F) 5번출구 ,,,,
01,수도권,KR,1,1호선,0063,광명,TOLT,일반화장실(남),1,지상,1,지상 1층,(1F)  서편 남쪽(4번 출입구),1,일반,1,남
01,수도권,KR,1,1호선,0063,광명,TOLT,일반화장실(남),1,지상,1,지상 1층,(1F)  동편 북쪽(5번 출입구),1,일반,1,남
01,수도권,KR,1,1호선,0063,광명,TOLT,일반화장실(남),1,지상,1,지상 1층,(1F) 서편 북쪽(1번 출입구),1,일반,1,남
01,수도권,KR,1,1호선,0063,광명,TOLT,일반화장실(남),1,지상,1,지상 1층,(1F)  동편 남쪽(8번 출입구),1,일반,1,남
01,수도권,KR,1,1호선,0063,광명,TOLT,일반화장실(여),1,지상,1,지상 1층,(1F)  동편 남쪽(8번 출입구),1,일반,2,여
01,수도권,KR,1,1호선,0063,광명,TOLT,일반화장실(여),1,지상,1,지상 1층,(1F)  서편 남쪽(4번 출입구),1,일반,2,여
01,수도권,KR,1,1호선,0063,광명,TOLT,일반화장실(여),1,지상,1,지상 1층,(1F) 서편 북쪽(1번 출입구),1,일반,2,여
01,수도권,KR,1,1호선,0063,광명,TOLT,일반화장실(여),1,지상,1,지상 1층,(1F)  동편 북쪽(5번 출입구),1,일반,2,여
01,수도권,KR,1,1호선,0063,광명,TOLT,장애인화장실(남),1,지상,1,지상 1층,(1F) 서편 북쪽(1번 출입구),2,장애인,1,남
01,수도권,KR,1,1호선,0063,광명,TOLT,장애인화장실(남),1,지상,1,지상 1층,(1F)  서편 남쪽(4번 출입구),2,장애인,1,남
01,수도권,KR,1,1호선,0063,광명,TOLT,장애인화장실(남),1,지상,1,지상 1층,(1F)  동편 남쪽(8번 출입구),2,장애인,1,남
01,수도권,KR,1,1호선,0063,광명,TOLT,장애인화장실(남),1,지상,1,지상 1층,(1F)  동편 북쪽(5번 출입구),2,장애인,1,남
01,수도권,KR,1,1호선,0063,광명,TOLT,장애인화장실(여),1,지상,1,지상 1층,(1F)  서편 남쪽(4번 출입구),2,장애인,2,여
01,수도권,KR,1,1호선,0063,광명,TOLT,장애인화장실(여),1,지상,1,지상 1층,(1F)  동편 남쪽(8번 출입구),2,장애인,2,여
01,수도권,KR,1,1호선,0063,광명,TOLT,장애인화장실(여),1,지상,1,지상 1층,(1F) 서편 북쪽(1번 출입구),2,장애인,2,여
01,수도권,KR,1,1호선,0063,광명,TOLT,장애인화장실(여),1,지상,1,지상 1층,(1F)  동편 북쪽(5번 출입구),2,장애인,2,여
01,수도권,KR,1,1호선,0063,광명,INFO,고객센터,1,지상,1,지상 1층,"(1F) 종합안내, 2번 출입구 방향",,,,
01,수도권,KR,1,1호선,0063,광명,LARM,수유실,1,지상,1,지상 1층,(1F) 2번 출입구 방향,,,,
01,수도권,KR,1,1호선,0063,광명,LARM,수유실,1,지상,1,지상 1층,(1F) 3번 출입구 방향,,,,
01,수도권,KR,1,1호선,0063,광명,EV,일반승강기,2,지하,1,지하 1층,[6호기](B1)1번연결통로(B2)상행승강장,,,,
01,수도권,KR,1,1호선,0063,광명,EV,일반승강기,2,지하,1,지하 1층,[8호기](B1)5번통로(B2)상행승강장,,,,
01,수도권,KR,1,1호선,0063,광명,EV,일반승강기,2,지하,1,지하 1층,[9호기](B1)4번통로(B2)하행승강장,,,,
01,수도권,KR,1,1호선,0063,광명,EV,일반승강기,2,지하,1,지하 1층,[10호기](B1)3번통로(B2)상행승강장,,,,
01,수도권,KR,1,1호선,0063,광명,EV,일반승강기,2,지하,1,지하 1층,[11호기](B1)2번연결통로(B2)하행승강장,,,,
01,수도권,KR,1,1호선,0063,광명,EV,일반승강기,2,지하,1,지하 1층,"[9호기](1F) 서편 북쪽 맨끝
(B1) 1번 통로",,,,
01,수도권,KR,1,1호선,0063,광명,EV,일반승강기,2,지하,1,지하 1층,"[12호기](1F) 동편 남쪽 맨끝
(B1) 5번 통로",,,,
01,수도권,KR,1,1호선,0063,광명,EV,일반승강기,2,지하,1,지하 1층,"[11호기](1F) 동편 북쪽 맨끝
(B1) 1번 통로",,,,
01,수도권,KR,1,1호선,0063,광명,EV,일반승강기,2,지하,1,지하 1층,"[10호기](1F) 서편 남쪽 맨끝
(B1) 5번 통로",,,,
01,수도권,KR,1,1호선,0063,광명,EV,일반승강기,2,지하,1,지하 1층,[1호기](1F)서편북쪽수유방옆(B1)2번통로,,,,
01,수도권,KR,1,1호선,0063,광명,EV,일반승강기,2,지하,1,지하 1층,[12호기](1F)동편중앙(B1)3번통로,,,,
01,수도권,KR,1,1호선,0063,광명,EV,일반승강기,2,지하,1,지하 1층,[5호기](1F)서편남쪽수유방옆(B1)4번통로,,,,
01,수도권,KR,1,1호선,0063,광명,TOLT,일반화장실(남),2,지하,1,지하 1층,(B1) 동편 북쪽(2번 통로),1,일반,1,남
01,수도권,KR,1,1호선,0063,광명,TOLT,일반화장실(남),2,지하,1,지하 1층,(B1) 동편 남쪽(4번 통로),1,일반,1,남
01,수도권,KR,1,1호선,0063,광명,TOLT,일반화장실(남),2,지하,1,지하 1층,(B1) 서편 북쪽(2번 통로),1,일반,1,남
01,수도권,KR,1,1호선,0063,광명,TOLT,일반화장실(남),2,지하,1,지하 1층,(B1) 서편 남쪽(4번 통로),1,일반,1,남
01,수도권,KR,1,1호선,0063,광명,TOLT,일반화장실(여),2,지하,1,지하 1층,(B1) 서편 남쪽(4번 통로),1,일반,2,여
01,수도권,KR,1,1호선,0063,광명,TOLT,일반화장실(여),2,지하,1,지하 1층,(B1) 서편 북쪽(2번 통로),1,일반,2,여
01,수도권,KR,1,1호선,0063,광명,TOLT,일반화장실(여),2,지하,1,지하 1층,(B1) 동편 북쪽(2번 통로),1,일반,2,여
01,수도권,KR,1,1호선,0063,광명,TOLT,일반화장실(여),2,지하,1,지하 1층,(B1) 동편 남쪽(4번 통로),1,일반,2,여
01,수도권,KR,1,1호선,0063,광명,TOLT,장애인화장실(남),2,지하,1,지하 1층,(B1) 서편 북쪽(2번 통로),2,장애인,1,남
01,수도권,KR,1,1호선,0063,광명,TOLT,장애인화장실(남),2,지하,1,지하 1층,(B1) 서편 남쪽(4번 통로),2,장애인,1,남
01,수도권,KR,1,1호선,0063,광명,TOLT,장애인화장실(남),2,지하,1,지하 1층,(B1) 동편 남쪽(4번 통로),2,장애인,1,남
01,수도권,KR,1,1호선,0063,광명,TOLT,장애인화장실(남),2,지하,1,지하 1층,(B1) 동편 북쪽(2번 통로),2,장애인,1,남
01,수도권,KR,1,1호선,0063,광명,TOLT,장애인화장실(여),2,지하,1,지하 1층,(B1) 동편 남쪽(4번 통로),2,장애인,2,여
01,수도권,KR,1,1호선,0063,광명,TOLT,장애인화장실(여),2,지하,1,지하 1층,(B1) 동편 북쪽(2번 통로),2,장애인,2,여
01,수도권,KR,1,1호선,0063,광명,TOLT,장애인화장실(여),2,지하,1,지하 1층,(B1) 서편 북쪽(2번 통로),2,장애인,2,여
01,수도권,KR,1,1호선,0063,광명,TOLT,장애인화장실(여),2,지하,1,지하 1층,(B1) 서편 남쪽(4번 통로),2,장애인,2,여
01,수도권,KR,1,1호선,0063,광명,EV,일반승강기,2,지하,2,지하 2층,[3호기](1F)서편남쪽맨끝(B1)5번통로,,,,
01,수도권,KR,1,1호선,0063,광명,EV,일반승강기,2,지하,2,지하 2층,[6호기](B1)1번연결통로(B2)상행승강장,,,,
01,수도권,KR,1,1호선,0063,광명,EV,일반승강기,2,지하,2,지하 2층,[7호기](1F)동편남쪽맨끝(B1)5번통로,,,,
01,수도권,KR,1,1호선,0063,광명,EV,일반승강기,2,지하,2,지하 2층,[2호기](1F)동편북쪽맨끝(B1)1번통로,,,,
01,수도권,KR,1,1호선,0063,광명,EV,일반승강기,2,지하,2,지하 2층,[11호기](B1)2번연결통로(B2)하행승강장,,,,
01,수도권,KR,1,1호선,0063,광명,EV,일반승강기,2,지하,2,지하 2층,[10호기](B1)3번통로(B2)상행승강장,,,,
01,수도권,KR,1,1호선,0063,광명,EV,일반승강기,2,지하,2,지하 2층,[4호기](1F)서편북쪽맨끝(B1)1번통로,,,,
01,수도권,KR,1,1호선,0063,광명,EV,일반승강기,2,지하,2,지하 2층,[8호기](B1)5번통로(B2)상행승강장,,,,
01,수도권,KR,1,1호선,0063,광명,EV,일반승강기,2,지하,2,지하 2층,[9호기](B1)4번통로(B2)하행승강장,,,,
01,수도권,KR,1,1호선,0303,석수,EV,일반승강기,1,지상,2,지상 2층,"[3호기](1F)2번출구쪽엘리베이터,2번출구옆",,,,
01,수도권,KR,1,1호선,0303,석수,EV,일반승강기,1,지상,2,지상 2층,"[1호기](1F)도로옆육교쪽엘리베이터,보도육교를지나서석수역이동통로,맞이방및1,2번출구로가는방향",,,,
01,수도권,KR,1,1호선,0303,석수,EV,일반승강기,1,지상,2,지상 2층,"[2호기](1F)1번출구쪽엘리베이터,1번출구옆",,,,
01,수도권,KR,1,1호선,0303,석수,TOLT,일반화장실(남),1,지상,2,지상 2층,(2F) 역사 대합실,1,일반,1,남
01,수도권,KR,1,1호선,0303,석수,TOLT,일반화장실(여),1,지상,2,지상 2층,(2F) 역사 대합실,1,일반,2,여
01,수도권,KR,1,1호선,0303,석수,TOLT,장애인화장실(남),1,지상,2,지상 2층,(2F) 역사 대합실,2,장애인,1,남
01,수도권,KR,1,1호선,0303,석수,TOLT,장애인화장실(여),1,지상,2,지상 2층,(2F) 역사 대합실,2,장애인,2,여
01,수도권,KR,1,1호선,0303,석수,INFO,고객센터,1,지상,2,지상 2층,(2F) 역사 대합실,,,,
01,수도권,KR,1,1호선,0303,석수,EV,일반승강기,1,지상,1,지상 1층,"[2호기](1F)1번출구쪽엘리베이터,1번출구옆",,,,
01,수도권,KR,1,1호선,0303,석수,EV,일반승강기,1,지상,1,지상 1층,"[1호기](1F)도로옆육교쪽엘리베이터,보도육교를지나서석수역이동통로,맞이방및1,2번출구로가는방향",,,,
01,수도권,KR,1,1호선,0303,석수,EV,일반승강기,1,지상,1,지상 1층,"[3호기](1F)2번출구쪽엘리베이터,2번출구옆",,,,
01,수도권,KR,1,1호선,0303,석수,WCLF,휠체어리프트,1,지상,1,지상 1층,"(1F) 금천구청역 방향 승강장 10-4, 상행 계단 올라가는 곳",,,,
01,수도권,KR,1,1호선,0303,석수,WCLF,휠체어리프트,1,지상,1,지상 1층,"(1F) 관악역 방향 승강장 1-1, 하행 계단 올라가는 곳",,,,
01,수도권,KR,1,1호선,0303,석수,TOLT,일반화장실(남),1,지상,1,지상 1층,(1F) 하선승강장 계단 내려가서 오른쪽 코너,1,일반,1,남
01,수도권,KR,1,1호선,0303,석수,TOLT,일반화장실(여),1,지상,1,지상 1층,(1F) 하선승강장 계단 내려가서 오른쪽 코너,1,일반,2,여
01,수도권,KR,1,1호선,0303,석수,TOLT,장애인화장실(남),1,지상,1,지상 1층,(1F) 하선승강장 계단 내려가서 오른쪽 코너,2,장애인,1,남
01,수도권,KR,1,1호선,0303,석수,TOLT,장애인화장실(여),1,지상,1,지상 1층,(1F) 하선승강장 계단 내려가서 오른쪽 코너,2,장애인,2,여
01,수도권,KR,1,1호선,0059,관악,EV,일반승강기,1,지상,2,지상 2층,[1호기](1F)안양역방향승강장진행방향앞쪽끝,,,,
01,수도권,KR,1,1호선,0059,관악,EV,일반승강기,1,지상,2,지상 2층,[2호기](1F)2번출입구옆,,,,
01,수도권,KR,1,1호선,0059,관악,EV,일반승강기,1,지상,2,지상 2층,[3호기](1F)1번출입구옆,,,,
01,수도권,KR,1,1호선,0059,관악,TOLT,일반화장실(남),1,지상,2,지상 2층,(2F) 역사 대합실,1,일반,1,남
01,수도권,KR,1,1호선,0059,관악,TOLT,일반화장실(여),1,지상,2,지상 2층,(2F) 역사 대합실,1,일반,2,여
01,수도권,KR,1,1호선,0059,관악,TOLT,장애인화장실(남),1,지상,2,지상 2층,(2F) 역사 대합실,2,장애인,1,남
01,수도권,KR,1,1호선,0059,관악,TOLT,장애인화장실(여),1,지상,2,지상 2층,(2F) 역사 대합실,2,장애인,2,여
01,수도권,KR,1,1호선,0059,관악,INFO,고객센터,1,지상,2,지상 2층,(2F) 맞이방,,,,
01,수도권,KR,1,1호선,0059,관악,EV,일반승강기,1,지상,1,지상 1층,[3호기](1F)1번출입구옆,,,,
01,수도권,KR,1,1호선,0059,관악,EV,일반승강기,1,지상,1,지상 1층,[1호기](1F)안양역방향승강장진행방향앞쪽끝,,,,
01,수도권,KR,1,1호선,0059,관악,EV,일반승강기,1,지상,1,지상 1층,[2호기](1F)2번출입구옆,,,,
01,수도권,KR,1,1호선,0059,관악,WCLF,휠체어리프트,1,지상,1,지상 1층,1F(석수역 방향 상행승강장 계단 옆),,,,
01,수도권,KR,1,1호선,0059,관악,TOLT,일반화장실(남),1,지상,1,지상 1층,(1F) 하선 승강장 E/L으로 가는 연결통로,1,일반,1,남
01,수도권,KR,1,1호선,0059,관악,TOLT,일반화장실(여),1,지상,1,지상 1층,(1F) 하선 승강장 E/L으로 가는 연결통로,1,일반,2,여
01,수도권,KR,1,1호선,0059,관악,TOLT,장애인화장실(남),1,지상,1,지상 1층,(1F) 하선 승강장 E/L으로 가는 연결통로,2,장애인,1,남
01,수도권,KR,1,1호선,0059,관악,TOLT,장애인화장실(여),1,지상,1,지상 1층,(1F) 하선 승강장 E/L으로 가는 연결통로,2,장애인,2,여
01,수도권,KR,1,1호선,0390,안양,EV,일반승강기,1,지상,2,지상 2층,[3호기](1F)명학역방향승강장7-2출입문앞,,,,
01,수도권,KR,1,1호선,0390,안양,EV,일반승강기,1,지상,2,지상 2층,[2호기](1F)관악역방향승강장4-3출입문앞,,,,
01,수도권,KR,1,1호선,0390,안양,EV,일반승강기,1,지상,2,지상 2층,[1호기](2F)1번출구맞이방서쪽,,,,
01,수도권,KR,1,1호선,0390,안양,ELEC,전동휠체어충전설비,1,지상,2,지상 2층,(2층) 대합실 좌측 약국 좌측,,,,
01,수도권,KR,1,1호선,0390,안양,TOLT,일반화장실(남),1,지상,2,지상 2층,(2층) 대합실내 북쪽 게이트 좌측,1,일반,1,남
01,수도권,KR,1,1호선,0390,안양,TOLT,일반화장실(여),1,지상,2,지상 2층,(2층) 대합실내 북쪽 게이트 좌측,1,일반,2,여
01,수도권,KR,1,1호선,0390,안양,TOLT,장애인화장실(남),1,지상,2,지상 2층,(2층) 대합실내 북쪽 게이트 좌측,2,장애인,1,남
01,수도권,KR,1,1호선,0390,안양,TOLT,장애인화장실(여),1,지상,2,지상 2층,(2층) 대합실내 북쪽 게이트 좌측,2,장애인,2,여
01,수도권,KR,1,1호선,0390,안양,INFO,고객센터,1,지상,2,지상 2층,(2층) 남쪽 게이트 우측,,,,
01,수도권,KR,1,1호선,0390,안양,EV,일반승강기,1,지상,1,지상 1층,[2호기](1F)관악역방향승강장4-3출입문앞,,,,
01,수도권,KR,1,1호선,0390,안양,EV,일반승강기,1,지상,1,지상 1층,[3호기](1F)명학역방향승강장7-2출입문앞,,,,
01,수도권,KR,1,1호선,0390,안양,EV,일반승강기,1,지상,1,지상 1층,[2호기](B1-2F) (B1)연결통로 (2F)1번출구 맞이방 서쪽,,,,
01,수도권,KR,1,1호선,0390,안양,EV,일반승강기,2,지하,1,지하 1층,[1호기](2F)1번출구맞이방서쪽,,,,
01,수도권,KR,1,1호선,0200,명학,EV,일반승강기,1,지상,2,지상 2층,[4호기](1F)2번출입구및자전거보관소(2F)2번출입구및맞이방연결통로,,,,
01,수도권,KR,1,1호선,0200,명학,EV,일반승강기,1,지상,2,지상 2층,[3호기](1F)1번출입구및성결대학교셔틀버스정류장앞(2F)1번출입구및맞이방연결통로,,,,
01,수도권,KR,1,1호선,0200,명학,EV,일반승강기,1,지상,2,지상 2층,[2호기](1F)금정역방향승강장10-4출입문앞(2F)2번출입구계단및맞이방연결통로,,,,
01,수도권,KR,1,1호선,0200,명학,EV,일반승강기,1,지상,2,지상 2층,[1호기](1F)안양역방향승강장1-1출입문앞(2F)1번출입구계단및맞이방연결통로,,,,
01,수도권,KR,1,1호선,0200,명학,TOLT,일반화장실(남),1,지상,2,지상 2층,2층 맞이방 게이트 옆,1,일반,1,남
01,수도권,KR,1,1호선,0200,명학,TOLT,일반화장실(여),1,지상,2,지상 2층,2층 맞이방 게이트 옆,1,일반,2,여
01,수도권,KR,1,1호선,0200,명학,TOLT,장애인화장실(남),1,지상,2,지상 2층,2층 맞이방 게이트 옆,2,장애인,1,남
01,수도권,KR,1,1호선,0200,명학,TOLT,장애인화장실(여),1,지상,2,지상 2층,2층 맞이방 게이트 옆,2,장애인,2,여
01,수도권,KR,1,1호선,0200,명학,INFO,고객센터,1,지상,2,지상 2층,(2F) 맞이방,,,,
01,수도권,KR,1,1호선,0200,명학,EV,일반승강기,1,지상,1,지상 1층,[2호기](1F)금정역방향승강장10-4출입문앞(2F)2번출입구계단및맞이방연결통로,,,,
01,수도권,KR,1,1호선,0200,명학,EV,일반승강기,1,지상,1,지상 1층,[4호기](1F)2번출입구및자전거보관소(2F)2번출입구및맞이방연결통로,,,,
01,수도권,KR,1,1호선,0200,명학,EV,일반승강기,1,지상,1,지상 1층,[3호기](1F)1번출입구및성결대학교셔틀버스정류장앞(2F)1번출입구및맞이방연결통로,,,,
01,수도권,KR,1,1호선,0200,명학,EV,일반승강기,1,지상,1,지상 1층,[1호기](1F)안양역방향승강장1-1출입문앞(2F)1번출입구계단및맞이방연결통로,,,,
01,수도권,KR,1,1호선,0200,명학,TOLT,일반화장실(남),1,지상,1,지상 1층,상선 승강장 1-4,1,일반,1,남
01,수도권,KR,1,1호선,0200,명학,TOLT,일반화장실(여),1,지상,1,지상 1층,상선 승강장 1-4,1,일반,2,여
01,수도권,KR,1,1호선,0090,금정,EV,일반승강기,1,지상,2,지상 2층,"[6호기](2F)1,2번출입구방향(1F)역사밖",,,,
01,수도권,KR,1,1호선,0090,금정,EV,일반승강기,1,지상,2,지상 2층,"[5호기](2F)남부역사환승통로(1F)남부역사1,4호선하행승강장10-1",,,,
01,수도권,KR,1,1호선,0090,금정,EV,일반승강기,1,지상,2,지상 2층,"[4호기](2F)남부역사환승통로(1F)남부역사1,4호선하행승강장1-4",,,,
01,수도권,KR,1,1호선,0090,금정,EV,일반승강기,1,지상,2,지상 2층,"[1호기](2F)북부역사환승통로(1F)북부역사1,4호선상행승강장3-2",,,,
01,수도권,KR,1,1호선,0090,금정,EV,일반승강기,1,지상,2,지상 2층,"[2호기](2F)북부역사환승통로(1F)북부역사1,4호선하행승강장8-3",,,,
01,수도권,KR,1,1호선,0090,금정,ELEC,전동휠체어충전설비,1,지상,2,지상 2층,(2F)북쪽 맞이방 내,,,,
01,수도권,KR,1,1호선,0090,금정,TOLT,일반화장실(남),1,지상,2,지상 2층,(2)개찰구 옆,1,일반,1,남
01,수도권,KR,1,1호선,0090,금정,TOLT,일반화장실(여),1,지상,2,지상 2층,(2)개찰구 옆,1,일반,2,여
01,수도권,KR,1,1호선,0090,금정,TOLT,장애인화장실(남),1,지상,2,지상 2층,(2)개찰구 옆,2,장애인,1,남
01,수도권,KR,1,1호선,0090,금정,TOLT,장애인화장실(여),1,지상,2,지상 2층,(2)개찰구 옆,2,장애인,2,여
01,수도권,KR,1,1호선,0090,금정,EV,일반승강기,1,지상,1,지상 1층,"[2호기](2F)북부역사환승통로(1F)북부역사1,4호선하행승강장8-3",,,,
01,수도권,KR,1,1호선,0090,금정,EV,일반승강기,1,지상,1,지상 1층,"[4호기](2F)남부역사환승통로(1F)남부역사1,4호선하행승강장1-4",,,,
01,수도권,KR,1,1호선,0090,금정,EV,일반승강기,1,지상,1,지상 1층,"[6호기](2F)1,2번출입구방향(1F)역사밖",,,,
01,수도권,KR,1,1호선,0090,금정,EV,일반승강기,1,지상,1,지상 1층,"[1호기](2F)북부역사환승통로(1F)북부역사1,4호선상행승강장3-2",,,,
01,수도권,KR,1,1호선,0090,금정,EV,일반승강기,1,지상,1,지상 1층,"[5호기](2F)남부역사환승통로(1F)남부역사1,4호선하행승강장10-1",,,,
01,수도권,KR,1,1호선,0090,금정,TOLT,일반화장실(남),1,지상,1,지상 1층,(1)승강장 3-4,1,일반,1,남
01,수도권,KR,1,1호선,0090,금정,TOLT,일반화장실(남),1,지상,1,지상 1층,(1)승강장 8-3,1,일반,1,남
01,수도권,KR,1,1호선,0090,금정,TOLT,일반화장실(여),1,지상,1,지상 1층,(1)승강장 3-4,1,일반,2,여
01,수도권,KR,1,1호선,0090,금정,TOLT,일반화장실(여),1,지상,1,지상 1층,(1)승강장 8-3,1,일반,2,여
01,수도권,KR,1,1호선,0083,군포,EV,일반승강기,1,지상,2,지상 2층,[3호기](1F)광장스마트도서관옆->(2F)1번출입구방향,,,,
01,수도권,KR,1,1호선,0083,군포,EV,일반승강기,1,지상,2,지상 2층,[2호기](1F)금정역방향승강장9-2->(2F)종합안내도옆,,,,
01,수도권,KR,1,1호선,0083,군포,EV,일반승강기,1,지상,2,지상 2층,[1호기](1F)당정역방향승강장2-3->(2F)음료자판기옆,,,,
01,수도권,KR,1,1호선,0083,군포,WCLF,휠체어리프트,1,지상,2,지상 2층,(2F) 당정역 방향 승강장 계단 앞,,,,
01,수도권,KR,1,1호선,0083,군포,WCLF,휠체어리프트,1,지상,2,지상 2층,(2F) 2번 출입구 방향 ,,,,
01,수도권,KR,1,1호선,0083,군포,ELEC,전동휠체어충전설비,1,지상,2,지상 2층,(2F) 자동발매기 옆,,,,
01,수도권,KR,1,1호선,0083,군포,TOLT,일반화장실(남),1,지상,2,지상 2층,(2F) 비상게이트 옆 ,1,일반,1,남
01,수도권,KR,1,1호선,0083,군포,TOLT,일반화장실(여),1,지상,2,지상 2층,(2F) 비상게이트 옆 ,1,일반,2,여
01,수도권,KR,1,1호선,0083,군포,TOLT,장애인화장실(남),1,지상,2,지상 2층,(2F) 비상게이트 옆 ,2,장애인,1,남
01,수도권,KR,1,1호선,0083,군포,TOLT,장애인화장실(여),1,지상,2,지상 2층,(2F) 비상게이트 옆 ,2,장애인,2,여
01,수도권,KR,1,1호선,0083,군포,INFO,고객센터,1,지상,2,지상 2층,(2F) 표 내는곳 안쪽,,,,
01,수도권,KR,1,1호선,0083,군포,EV,일반승강기,1,지상,1,지상 1층,[3호기](1F)광장스마트도서관옆->(2F)1번출입구방향,,,,
01,수도권,KR,1,1호선,0083,군포,EV,일반승강기,1,지상,1,지상 1층,[1호기](1F)당정역방향승강장2-3->(2F)음료자판기옆,,,,
01,수도권,KR,1,1호선,0083,군포,EV,일반승강기,1,지상,1,지상 1층,[2호기](1F)금정역방향승강장9-2->(2F)종합안내도옆,,,,
01,수도권,KR,1,1호선,0127,당정,EV,일반승강기,1,지상,2,지상 2층,"[2호기](1F)군포역방향승강장5-4출입문앞,(2F)이동통로군포역방향계단옆",,,,
01,수도권,KR,1,1호선,0127,당정,EV,일반승강기,1,지상,2,지상 2층,"[4호기](1F)3번출입구옆,(2F)3번출입구앞",,,,
01,수도권,KR,1,1호선,0127,당정,EV,일반승강기,1,지상,2,지상 2층,"[3호기](1F)1번/2번출입구사이,(2F)1번/2번출입구사이",,,,
01,수도권,KR,1,1호선,0127,당정,EV,일반승강기,1,지상,2,지상 2층,"[1호기](1F)의왕역방향승강장5-4출입문앞,(2F)이동통로의왕역방향계단옆",,,,
01,수도권,KR,1,1호선,0127,당정,ELEC,전동휠체어충전설비,1,지상,2,지상 2층,(2F) 표 내는 곳 앞 이동통로,,,,
01,수도권,KR,1,1호선,0127,당정,TOLT,일반화장실(여),1,지상,2,지상 2층,"출입구 옆, 1번 출입구 방향",1,일반,2,여
01,수도권,KR,1,1호선,0127,당정,TOLT,장애인화장실(남),1,지상,2,지상 2층,"출입구 옆, 1번 출입구 방향",2,장애인,1,남
01,수도권,KR,1,1호선,0127,당정,LARM,수유실,1,지상,2,지상 2층,(2F) 맞이방 출입구 옆,,,,
01,수도권,KR,1,1호선,0127,당정,EV,일반승강기,1,지상,1,지상 1층,"[4호기](1F)3번출입구옆,(2F)3번출입구앞",,,,
01,수도권,KR,1,1호선,0127,당정,EV,일반승강기,1,지상,1,지상 1층,"[3호기](1F)1번/2번출입구사이,(2F)1번/2번출입구사이",,,,
01,수도권,KR,1,1호선,0127,당정,EV,일반승강기,1,지상,1,지상 1층,"[2호기](1F)군포역방향승강장5-4출입문앞,(2F)이동통로군포역방향계단옆",,,,
01,수도권,KR,1,1호선,0127,당정,EV,일반승강기,1,지상,1,지상 1층,"[1호기](1F)의왕역방향승강장5-4출입문앞,(2F)이동통로의왕역방향계단옆",,,,
01,수도권,KR,1,1호선,0469,의왕,EV,일반승강기,1,지상,3,지상 3층,"[3호기](1F)2번출입구중앙계단용1층광장,(2F)행복마을,(3F)맞이방",,,,
01,수도권,KR,1,1호선,0469,의왕,TOLT,일반화장실(남),1,지상,3,지상 3층,(F3)맞이방 1번/2번 출입구 방향,1,일반,1,남
01,수도권,KR,1,1호선,0469,의왕,TOLT,일반화장실(여),1,지상,3,지상 3층,(F3)맞이방 1번/2번 출입구 방향,1,일반,2,여
01,수도권,KR,1,1호선,0469,의왕,TOLT,장애인화장실(남),1,지상,3,지상 3층,(F3)맞이방 1번/2번 출입구 방향,2,장애인,1,남
01,수도권,KR,1,1호선,0469,의왕,TOLT,장애인화장실(여),1,지상,3,지상 3층,(F3)맞이방 1번/2번 출입구 방향,2,장애인,2,여
01,수도권,KR,1,1호선,0469,의왕,INFO,고객센터,1,지상,3,지상 3층,(F3)역무실,,,,
01,수도권,KR,1,1호선,0469,의왕,EV,일반승강기,1,지상,2,지상 2층,"[3호기](1F)2번출입구 중앙계단용 1층광장, (2F) 행복마을, (3F) 맞이방",,,,
01,수도권,KR,1,1호선,0469,의왕,EV,일반승강기,1,지상,2,지상 2층,"[1호기](1F)당정역방향승강장3-2출입문앞,(2F)맞이방표내는곳안쪽",,,,
01,수도권,KR,1,1호선,0469,의왕,EV,일반승강기,1,지상,2,지상 2층,"[2호기](1F)성균관대역방향승강장8-3출입문앞,(2F)맞이방표내는곳안쪽",,,,
01,수도권,KR,1,1호선,0469,의왕,EV,일반승강기,1,지상,1,지상 1층,"[2호기](1F)성균관대역방향승강장8-3출입문앞,(2F)맞이방표내는곳안쪽",,,,
01,수도권,KR,1,1호선,0469,의왕,EV,일반승강기,1,지상,1,지상 1층,"[1호기](1F)당정역방향승강장3-2출입문앞,(2F)맞이방표내는곳안쪽",,,,
01,수도권,KR,1,1호선,0469,의왕,EV,일반승강기,1,지상,1,지상 1층,"[3호기](1F)2번출입구중앙계단용1층광장,(2F)행복마을,(3F)맞이방",,,,
01,수도권,KR,1,1호선,0312,성균관대,EV,일반승강기,1,지상,3,지상 3층,[1호기](1F)4번출구(3F)북부역사이동통로앞,,,,
01,수도권,KR,1,1호선,0312,성균관대,EV,일반승강기,1,지상,3,지상 3층,[3호기](1F)의왕역방향7-4출입문앞(3F)북부역사맞이방,,,,
01,수도권,KR,1,1호선,0312,성균관대,EV,일반승강기,1,지상,3,지상 3층,[2호기](1F)화서역방향4-1출입문앞(3F)북부역사맞이방,,,,
01,수도권,KR,1,1호선,0312,성균관대,EV,일반승강기,1,지상,3,지상 3층,[4호기](1F)3번출구(3F)3번출구북부역사이동통로앞,,,,
01,수도권,KR,1,1호선,0312,성균관대,TOLT,일반화장실(남),1,지상,3,지상 3층,"(3F)코레일유통 복합상가, 3번 출입구 방향",1,일반,1,남
01,수도권,KR,1,1호선,0312,성균관대,TOLT,일반화장실(남),1,지상,3,지상 3층,"(3F)본역사 맞이방 앞, 1번 출입구 방향",1,일반,1,남
01,수도권,KR,1,1호선,0312,성균관대,TOLT,일반화장실(여),1,지상,3,지상 3층,"(3F)본역사 맞이방 앞, 1번 출입구 방향",1,일반,2,여
01,수도권,KR,1,1호선,0312,성균관대,TOLT,일반화장실(여),1,지상,3,지상 3층,"(3F)코레일유통 복합상가, 3번 출입구 방향",1,일반,2,여
01,수도권,KR,1,1호선,0312,성균관대,TOLT,장애인화장실(남),1,지상,3,지상 3층,"(3F)본역사 맞이방 앞, 1번 출입구 방향",2,장애인,1,남
01,수도권,KR,1,1호선,0312,성균관대,TOLT,장애인화장실(남),1,지상,3,지상 3층,"(3F)코레일유통 복합상가, 3번 출입구 방향",2,장애인,1,남
01,수도권,KR,1,1호선,0312,성균관대,TOLT,장애인화장실(여),1,지상,3,지상 3층,"(3F)코레일유통 복합상가, 3번 출입구 방향",2,장애인,2,여
01,수도권,KR,1,1호선,0312,성균관대,TOLT,장애인화장실(여),1,지상,3,지상 3층,"(3F)본역사 맞이방 앞, 1번 출입구 방향",2,장애인,2,여
01,수도권,KR,1,1호선,0312,성균관대,INFO,고객센터,1,지상,3,지상 3층,(1F) 맞이방 1번 출입구 방향,,,,
01,수도권,KR,1,1호선,0312,성균관대,LARM,수유실,1,지상,3,지상 3층,"(3F) 코레일유통복합상가 이동통로, 화장실 옆",,,,
01,수도권,KR,1,1호선,0312,성균관대,EV,일반승강기,1,지상,2,지상 2층,"[1호기](1F)4번 출구
(3F)북부역사 이동통로 앞",,,,
01,수도권,KR,1,1호선,0312,성균관대,EV,일반승강기,1,지상,2,지상 2층,"[2호기](1F)화서역 방향 4-1출입문 앞
(3F)북부역사 맞이방",,,,
01,수도권,KR,1,1호선,0312,성균관대,EV,일반승강기,1,지상,2,지상 2층,"[3호기](1F)의왕역방향 7-4출입문 앞
(3F)북부역사 맞이방",,,,
01,수도권,KR,1,1호선,0312,성균관대,EV,일반승강기,1,지상,2,지상 2층,"[4호기](1F)3번 출구
(3F)3번 출구 북부역사 이동통로 앞",,,,
01,수도권,KR,1,1호선,0312,성균관대,EV,일반승강기,1,지상,1,지상 1층,[1호기](1F)4번출구(3F)북부역사이동통로앞,,,,
01,수도권,KR,1,1호선,0312,성균관대,EV,일반승강기,1,지상,1,지상 1층,[2호기](1F)화서역방향4-1출입문앞(3F)북부역사맞이방,,,,
01,수도권,KR,1,1호선,0312,성균관대,EV,일반승강기,1,지상,1,지상 1층,[4호기](1F)3번출구(3F)3번출구북부역사이동통로앞,,,,
01,수도권,KR,1,1호선,0312,성균관대,EV,일반승강기,1,지상,1,지상 1층,[3호기](1F)의왕역방향7-4출입문앞(3F)북부역사맞이방,,,,
01,수도권,KR,1,1호선,0601,화서,EV,일반승강기,1,지상,2,지상 2층,"[1호기](1)1층상행맞이방장애인게이트근처,5번출입구옆(2)6번출입구옆",,,,
01,수도권,KR,1,1호선,0601,화서,EV,일반승강기,1,지상,2,지상 2층,"[2호기](1R)2번출입구근처,(1)1층하행맞이방장애인게이트앞(2)1번출입구옆",,,,
01,수도권,KR,1,1호선,0601,화서,INFO,고객센터,1,지상,2,지상 2층,"(2층) 맞이방 출입문 근처, 게이트 옆",,,,
01,수도권,KR,1,1호선,0601,화서,EV,일반승강기,1,지상,1,지상 1층,"[1호기](1)1층상행맞이방장애인게이트근처,5번출입구옆(2)6번출입구옆",,,,
01,수도권,KR,1,1호선,0601,화서,EV,일반승강기,1,지상,1,지상 1층,"[2호기](1R)2번출입구근처,(1)1층하행맞이방장애인게이트앞(2)1번출입구옆",,,,
01,수도권,KR,1,1호선,0601,화서,TOLT,일반화장실(남),1,지상,1,지상 1층,(1) 2번/3번 출입구 근처 표 내는 곳 내부,1,일반,1,남
01,수도권,KR,1,1호선,0601,화서,TOLT,일반화장실(여),1,지상,1,지상 1층,(1) 2번/3번 출입구 근처 표 내는 곳 내부,1,일반,2,여
01,수도권,KR,1,1호선,0601,화서,TOLT,장애인화장실(남),1,지상,1,지상 1층,(1) 2번/3번 출입구 근처 표 내는 곳 내부,2,장애인,1,남
01,수도권,KR,1,1호선,0601,화서,TOLT,장애인화장실(여),1,지상,1,지상 1층,(1) 2번/3번 출입구 근처 표 내는 곳 내부,2,장애인,2,여
01,수도권,KR,1,1호선,0338,수원,EV,일반승강기,1,지상,2,지상 2층,[10호기](2F)주차장(1F)역광장매산지구대방향,,,,
01,수도권,KR,1,1호선,0338,수원,EV,일반승강기,1,지상,2,지상 2층,[9호기](2F)편의점CU방향(1F)화서역(전철상행)방향승강장6-2,,,,
01,수도권,KR,1,1호선,0338,수원,EV,일반승강기,1,지상,2,지상 2층,[8호기](2F)세류역(전철하행)방향게이트지나계단내려가기전(1F)세류역(전철하행)방향승강장1-2,,,,
01,수도권,KR,1,1호선,0338,수원,ELEC,전동휠체어충전설비,1,지상,2,지상 2층,(2) 화서역 방면(상행) 게이트 앞 기둥 부근(역무자동화 기기 옆),,,,
01,수도권,KR,1,1호선,0338,수원,TOLT,일반화장실(남),1,지상,2,지상 2층,(2F) 천경약국 우측 방향,1,일반,1,남
01,수도권,KR,1,1호선,0338,수원,TOLT,일반화장실(남),1,지상,2,지상 2층,(2F) 편의점 CU 좌측 방향,1,일반,1,남
01,수도권,KR,1,1호선,0338,수원,TOLT,일반화장실(여),1,지상,2,지상 2층,(2F) 천경약국 우측 방향,1,일반,2,여
01,수도권,KR,1,1호선,0338,수원,TOLT,일반화장실(여),1,지상,2,지상 2층,(2F) 편의점 CU 좌측 방향,1,일반,2,여
01,수도권,KR,1,1호선,0338,수원,TOLT,장애인화장실(남),1,지상,2,지상 2층,(2F) 편의점 CU 좌측 방향,2,장애인,1,남
01,수도권,KR,1,1호선,0338,수원,TOLT,장애인화장실(남),1,지상,2,지상 2층,(2F) 천경약국 우측 방향,2,장애인,1,남
01,수도권,KR,1,1호선,0338,수원,TOLT,장애인화장실(여),1,지상,2,지상 2층,(2F) 편의점 CU 좌측 방향,2,장애인,2,여
01,수도권,KR,1,1호선,0338,수원,TOLT,장애인화장실(여),1,지상,2,지상 2층,(2F) 천경약국 우측 방향,2,장애인,2,여
01,수도권,KR,1,1호선,0338,수원,INFO,고객센터,1,지상,2,지상 2층,(2F) 맞이방 3번 출입구 크리스피도넛 방향,,,,
01,수도권,KR,1,1호선,0338,수원,LARM,수유실,1,지상,2,지상 2층,(2F) 맞이방 3번 출입구 크리스피도넛 방향 (역무실 내부),,,,
01,수도권,KR,1,1호선,0338,수원,EV,일반승강기,1,지상,1,지상 1층,[10호기](2F)주차장(1F)역광장매산지구대방향,,,,
01,수도권,KR,1,1호선,0338,수원,EV,일반승강기,1,지상,1,지상 1층,[9호기](2F)편의점CU방향(1F)화서역(전철상행)방향승강장6-2,,,,
01,수도권,KR,1,1호선,0338,수원,EV,일반승강기,1,지상,1,지상 1층,[8호기](2F)세류역(전철하행)방향게이트지나계단내려가기전(1F)세류역(전철하행)방향승강장1-2,,,,
01,수도권,KR,1,1호선,0338,수원,EV,일반승강기,1,지상,1,지상 1층,[11호기](1F)세류역(전철하행)방향승강장3-4(B1)지하환승통로,,,,
01,수도권,KR,1,1호선,0338,수원,EV,일반승강기,1,지상,1,지상 1층,[12호기](1F)화서역(전철상행)방향승강장7-1(B1)지하환승통로,,,,
01,수도권,KR,1,1호선,0338,수원,EV,일반승강기,2,지하,1,지하 1층,[12호기](1F)화서역(전철상행)방향승강장7-1(B1)지하환승통로,,,,
01,수도권,KR,1,1호선,0338,수원,EV,일반승강기,2,지하,1,지하 1층,[11호기](1F)세류역(전철하행)방향승강장3-4(B1)지하환승통로,,,,
01,수도권,KR,1,1호선,0318,세류,EV,일반승강기,1,지상,1,지상 1층,"[1호기]1층대합실,맞이방",,,,
01,수도권,KR,1,1호선,0318,세류,EV,일반승강기,1,지상,1,지상 1층,[2호기]수원역방향승강장5-4,,,,
01,수도권,KR,1,1호선,0318,세류,EV,일반승강기,1,지상,1,지상 1층,[3호기]병점역방향승강장5-4,,,,
01,수도권,KR,1,1호선,0318,세류,TOLT,일반화장실(남),1,지상,1,지상 1층,1층출구-출입구,1,일반,1,남
01,수도권,KR,1,1호선,0318,세류,TOLT,일반화장실(여),1,지상,1,지상 1층,1층출구-출입구,1,일반,2,여
01,수도권,KR,1,1호선,0318,세류,TOLT,장애인화장실(남),1,지상,1,지상 1층,1층출구-출입구,2,장애인,1,남
01,수도권,KR,1,1호선,0318,세류,TOLT,장애인화장실(여),1,지상,1,지상 1층,1층출구-출입구,2,장애인,2,여
01,수도권,KR,1,1호선,0318,세류,INFO,고객센터,1,지상,1,지상 1층,"개찰구,출입구",,,,
01,수도권,KR,1,1호선,0318,세류,EV,일반승강기,2,지하,1,지하 1층,[2호기]수원역방향승강장5-4,,,,
01,수도권,KR,1,1호선,0318,세류,EV,일반승강기,2,지하,1,지하 1층,[3호기]병점역방향승강장5-4,,,,
01,수도권,KR,1,1호선,0318,세류,EV,일반승강기,2,지하,1,지하 1층,"[1호기]1층대합실,맞이방",,,,
01,수도권,KR,1,1호선,0318,세류,WCLF,휠체어리프트,2,지하,1,지하 1층,병점역방면승강장4-4 승강장,,,,
01,수도권,KR,1,1호선,0318,세류,WCLF,휠체어리프트,2,지하,1,지하 1층,수원역방면승강장7-1 승강장,,,,
01,수도권,KR,1,1호선,0231,병점,EV,일반승강기,1,지상,2,지상 2층,"[3호기](1F)세류역방향승강장6-3출입문앞(2F)표내는곳앞,연결통로",,,,
01,수도권,KR,1,1호선,0231,병점,EV,일반승강기,1,지상,2,지상 2층,[4호기](1F)2번출입구옆(2F)연결통로,,,,
01,수도권,KR,1,1호선,0231,병점,EV,일반승강기,1,지상,2,지상 2층,"[2호기](1F)세마역방향승강장5-2출입문앞(2F)표내는곳앞,연결통로",,,,
01,수도권,KR,1,1호선,0231,병점,EV,일반승강기,1,지상,2,지상 2층,[1호기](1F)1번출입구옆(2F)고객화장실옆연결통로,,,,
01,수도권,KR,1,1호선,0231,병점,ELEC,전동휠체어충전설비,1,지상,2,지상 2층,(2F) 2번 출입구 방향 연결통로,,,,
01,수도권,KR,1,1호선,0231,병점,TOLT,일반화장실(남),1,지상,2,지상 2층,(2F) 1번 출입구 방향 ,1,일반,1,남
01,수도권,KR,1,1호선,0231,병점,TOLT,일반화장실(여),1,지상,2,지상 2층,(2F) 1번 출입구 방향 ,1,일반,2,여
01,수도권,KR,1,1호선,0231,병점,TOLT,장애인화장실(남),1,지상,2,지상 2층,(2F) 1번 출입구 방향 ,2,장애인,1,남
01,수도권,KR,1,1호선,0231,병점,TOLT,장애인화장실(여),1,지상,2,지상 2층,(2F) 1번 출입구 방향 ,2,장애인,2,여
01,수도권,KR,1,1호선,0231,병점,EV,일반승강기,1,지상,1,지상 1층,[1호기](1F)1번출입구옆(2F)고객화장실옆연결통로,,,,
01,수도권,KR,1,1호선,0231,병점,EV,일반승강기,1,지상,1,지상 1층,[4호기](1F)2번출입구옆(2F)연결통로,,,,
01,수도권,KR,1,1호선,0231,병점,EV,일반승강기,1,지상,1,지상 1층,"[3호기](1F)세류역방향승강장6-3출입문앞(2F)표내는곳앞,연결통로",,,,
01,수도권,KR,1,1호선,0231,병점,EV,일반승강기,1,지상,1,지상 1층,"[2호기](1F)세마역방향승강장5-2출입문앞(2F)표내는곳앞,연결통로",,,,
01,수도권,KR,1,1호선,0290,서동탄,EV,일반승강기,1,지상,3,지상 3층,[1호기](1)표내는곳내에스컬레이터옆,,,,
01,수도권,KR,1,1호선,0290,서동탄,EV,일반승강기,1,지상,2,지상 2층,[1호기](1)표내는 곳 내 에스컬레이터 옆,,,,
01,수도권,KR,1,1호선,0290,서동탄,EV,일반승강기,1,지상,2,지상 2층,[2호기](1)하선승강장4-2출입문앞,,,,
01,수도권,KR,1,1호선,0290,서동탄,EV,일반승강기,1,지상,1,지상 1층,[1호기](1)표내는곳내에스컬레이터옆,,,,
01,수도권,KR,1,1호선,0290,서동탄,EV,일반승강기,1,지상,1,지상 1층,[2호기](1)하선승강장4-2출입문앞,,,,
01,수도권,KR,1,1호선,0290,서동탄,ELEC,전동휠체어충전설비,1,지상,1,지상 1층,맞이방 고객지원실 옆,,,,
01,수도권,KR,1,1호선,0290,서동탄,TOLT,일반화장실(남),1,지상,1,지상 1층,2번 출입구 내 오른쪽,1,일반,1,남
01,수도권,KR,1,1호선,0290,서동탄,TOLT,일반화장실(여),1,지상,1,지상 1층,2번 출입구 내 오른쪽,1,일반,2,여
01,수도권,KR,1,1호선,0290,서동탄,TOLT,장애인화장실(남),1,지상,1,지상 1층,2번 출입구 내 오른쪽,2,장애인,1,남
01,수도권,KR,1,1호선,0290,서동탄,TOLT,장애인화장실(여),1,지상,1,지상 1층,2번 출입구 내 오른쪽,2,장애인,2,여
01,수도권,KR,1,1호선,0290,서동탄,LARM,수유실,1,지상,1,지상 1층,대합실 출입구 방향,,,,
01,수도권,KR,1,1호선,0319,세마,EV,일반승강기,1,지상,2,지상 2층,"[1호기]1층1번출구맞이방개찰구앞,2층1번홈광운대방면5-4",,,,
01,수도권,KR,1,1호선,0319,세마,EV,일반승강기,1,지상,2,지상 2층,"[2호기]1층2번출구맞이방개찰구앞,2층2번홈천안.신창방면6-1",,,,
01,수도권,KR,1,1호선,0319,세마,EV,일반승강기,1,지상,1,지상 1층,"[1호기]1층1번출구맞이방개찰구앞,2층1번홈광운대방면5-4",,,,
01,수도권,KR,1,1호선,0319,세마,EV,일반승강기,1,지상,1,지상 1층,"[2호기]1층2번출구맞이방개찰구앞,2층2번홈천안.신창방면6-1",,,,
01,수도권,KR,1,1호선,0319,세마,ELEC,전동휠체어충전설비,1,지상,1,지상 1층,2번출구 여자화장실 옆 ,,,,
01,수도권,KR,1,1호선,0319,세마,TOLT,일반화장실(남),1,지상,1,지상 1층,1층 2번출구 ,1,일반,1,남
01,수도권,KR,1,1호선,0319,세마,TOLT,일반화장실(남),1,지상,1,지상 1층,1층 1번출구 ,1,일반,1,남
01,수도권,KR,1,1호선,0319,세마,TOLT,일반화장실(여),1,지상,1,지상 1층,1층 1번출구 ,1,일반,2,여
01,수도권,KR,1,1호선,0319,세마,TOLT,일반화장실(여),1,지상,1,지상 1층,1층 2번출구 ,1,일반,2,여
01,수도권,KR,1,1호선,0319,세마,TOLT,장애인화장실(남),1,지상,1,지상 1층,1층 2번출구 ,2,장애인,1,남
01,수도권,KR,1,1호선,0319,세마,TOLT,장애인화장실(남),1,지상,1,지상 1층,1층 1번출구 ,2,장애인,1,남
01,수도권,KR,1,1호선,0319,세마,TOLT,장애인화장실(여),1,지상,1,지상 1층,1층 1번출구 ,2,장애인,2,여
01,수도권,KR,1,1호선,0319,세마,TOLT,장애인화장실(여),1,지상,1,지상 1층,1층 2번출구 ,2,장애인,2,여
01,수도권,KR,1,1호선,0319,세마,LARM,수유실,1,지상,1,지상 1층,1번 출입구 옆,,,,
01,수도권,KR,1,1호선,0432,오산대,EV,일반승강기,1,지상,2,지상 2층,"[1호기](1F)세마역방향승강장7-2출입문앞,(2F)세마역방향ES옆",,,,
01,수도권,KR,1,1호선,0432,오산대,EV,일반승강기,1,지상,2,지상 2층,"[4호기](1F)1번출입구근처,(2F)1번출입구ES옆",,,,
01,수도권,KR,1,1호선,0432,오산대,EV,일반승강기,1,지상,2,지상 2층,"[3호기](1F)2번출입구근처,(2F)2번출입구ES옆",,,,
01,수도권,KR,1,1호선,0432,오산대,EV,일반승강기,1,지상,2,지상 2층,"[2호기](1F)오산역방향승강장4-3출입문앞,(2F)오산역방향ES옆",,,,
01,수도권,KR,1,1호선,0432,오산대,ELEC,전동휠체어충전설비,1,지상,2,지상 2층,(2F)  2번 출입구 엘리베이터 옆,,,,
01,수도권,KR,1,1호선,0432,오산대,TOLT,일반화장실(남),1,지상,2,지상 2층,(2F) 맞이방 ,1,일반,1,남
01,수도권,KR,1,1호선,0432,오산대,TOLT,일반화장실(여),1,지상,2,지상 2층,(2F) 맞이방 ,1,일반,2,여
01,수도권,KR,1,1호선,0432,오산대,TOLT,장애인화장실(남),1,지상,2,지상 2층,(2F) 맞이방 ,2,장애인,1,남
01,수도권,KR,1,1호선,0432,오산대,TOLT,장애인화장실(여),1,지상,2,지상 2층,(2F) 맞이방 ,2,장애인,2,여
01,수도권,KR,1,1호선,0432,오산대,INFO,고객센터,1,지상,2,지상 2층,(2F) 맞이방,,,,
01,수도권,KR,1,1호선,0432,오산대,LARM,수유실,1,지상,2,지상 2층,(2F) 맞이방,,,,
01,수도권,KR,1,1호선,0432,오산대,EV,일반승강기,1,지상,1,지상 1층,"[3호기](1F)2번출입구근처,(2F)2번출입구ES옆",,,,
01,수도권,KR,1,1호선,0432,오산대,EV,일반승강기,1,지상,1,지상 1층,"[2호기](1F)오산역방향승강장4-3출입문앞,(2F)오산역방향ES옆",,,,
01,수도권,KR,1,1호선,0432,오산대,EV,일반승강기,1,지상,1,지상 1층,"[1호기](1F)세마역방향승강장7-2출입문앞,(2F)세마역방향ES옆",,,,
01,수도권,KR,1,1호선,0432,오산대,EV,일반승강기,1,지상,1,지상 1층,"[4호기](1F)1번출입구근처,(2F)1번출입구ES옆",,,,
01,수도권,KR,1,1호선,0431,오산,EV,일반승강기,1,지상,2,지상 2층,[6호기](1F)오산대역방향승강장10-4출입문앞(2F)환승센터맞이방,,,,
01,수도권,KR,1,1호선,0431,오산,EV,일반승강기,1,지상,2,지상 2층,[5호기](1F)오산대역방향승강장1-1출입문앞(2F)환승센터맞이방,,,,
01,수도권,KR,1,1호선,0431,오산,EV,일반승강기,1,지상,2,지상 2층,[4호기](1F)1번출구옆(2F)1번출구계단및e/s옆,,,,
01,수도권,KR,1,1호선,0431,오산,EV,일반승강기,1,지상,2,지상 2층,[3호기](1F)2번출구옆(2F)2번출구계단,,,,
01,수도권,KR,1,1호선,0431,오산,EV,일반승강기,1,지상,2,지상 2층,[1호기](1F)오산대역방향승강장1-3출입문앞(2F)맞이방,,,,
01,수도권,KR,1,1호선,0431,오산,EV,일반승강기,1,지상,2,지상 2층,[2호기](1F)오산대역방향승강장10-2출입문앞(2F)맞이방,,,,
01,수도권,KR,1,1호선,0431,오산,WCLF,휠체어리프트,1,지상,2,지상 2층,국철 상행승강장 내려가는 입구,,,,
01,수도권,KR,1,1호선,0431,오산,ELEC,전동휠체어충전설비,1,지상,2,지상 2층,1번출구 방향 공용통로(환승센터 가는 방향),,,,
01,수도권,KR,1,1호선,0431,오산,TOLT,일반화장실(남),1,지상,2,지상 2층,1번출구쪽 계단 내려가기전 맞이방 동쪽,1,일반,1,남
01,수도권,KR,1,1호선,0431,오산,TOLT,일반화장실(여),1,지상,2,지상 2층,1번출구쪽 계단 내려가기전 맞이방 동쪽,1,일반,2,여
01,수도권,KR,1,1호선,0431,오산,TOLT,장애인화장실(남),1,지상,2,지상 2층,1번출구쪽 계단 내려가기전 맞이방 동쪽,2,장애인,1,남
01,수도권,KR,1,1호선,0431,오산,TOLT,장애인화장실(여),1,지상,2,지상 2층,1번출구쪽 계단 내려가기전 맞이방 동쪽,2,장애인,2,여
01,수도권,KR,1,1호선,0431,오산,EV,일반승강기,1,지상,1,지상 1층,[6호기](1F)오산대역방향승강장10-4출입문앞(2F)환승센터맞이방,,,,
01,수도권,KR,1,1호선,0431,오산,EV,일반승강기,1,지상,1,지상 1층,[1호기](1F)오산대역방향승강장1-3출입문앞(2F)맞이방,,,,
01,수도권,KR,1,1호선,0431,오산,EV,일반승강기,1,지상,1,지상 1층,[3호기](1F)2번출구옆(2F)2번출구계단,,,,
01,수도권,KR,1,1호선,0431,오산,EV,일반승강기,1,지상,1,지상 1층,[4호기](1F)1번출구옆(2F)1번출구계단및e/s옆,,,,
01,수도권,KR,1,1호선,0431,오산,EV,일반승강기,1,지상,1,지상 1층,[5호기](1F)오산대역방향승강장1-1출입문앞(2F)환승센터맞이방,,,,
01,수도권,KR,1,1호선,0431,오산,EV,일반승강기,1,지상,1,지상 1층,[2호기](1F)오산대역방향승강장10-2출입문앞(2F)맞이방,,,,
01,수도권,KR,1,1호선,0431,오산,WCLF,휠체어리프트,1,지상,1,지상 1층,국철 하행승강장 내려가는 입구,,,,
01,수도권,KR,1,1호선,0540,진위,EV,일반승강기,1,지상,2,지상 2층,[3호기]송탄방향승강장6-1출입문앞/2층맞이방,,,,
01,수도권,KR,1,1호선,0540,진위,EV,일반승강기,1,지상,2,지상 2층,[4호기]오산방향승강장6-1출입문앞/2층맞이방,,,,
01,수도권,KR,1,1호선,0540,진위,EV,일반승강기,1,지상,2,지상 2층,[2호기]1층2번출구/2층이동통로,,,,
01,수도권,KR,1,1호선,0540,진위,EV,일반승강기,1,지상,2,지상 2층,[1호기]1층1번출구/2층이동통로,,,,
01,수도권,KR,1,1호선,0540,진위,ELEC,전동휠체어충전설비,1,지상,2,지상 2층,2층 맞이방 화장실 옆 1번 출입구 방향,,,,
01,수도권,KR,1,1호선,0540,진위,TOLT,일반화장실(남),1,지상,2,지상 2층,2층 1번출입구 계단 옆,1,일반,1,남
01,수도권,KR,1,1호선,0540,진위,TOLT,일반화장실(여),1,지상,2,지상 2층,2층 1번출입구 계단 옆,1,일반,2,여
01,수도권,KR,1,1호선,0540,진위,TOLT,장애인화장실(남),1,지상,2,지상 2층,2층 1번출입구 계단 옆,2,장애인,1,남
01,수도권,KR,1,1호선,0540,진위,TOLT,장애인화장실(여),1,지상,2,지상 2층,2층 1번출입구 계단 옆,2,장애인,2,여
01,수도권,KR,1,1호선,0540,진위,LARM,수유실,1,지상,2,지상 2층,2층 역무실 옆,,,,
01,수도권,KR,1,1호선,0540,진위,EV,일반승강기,1,지상,1,지상 1층,[1호기]1층1번출구/2층이동통로,,,,
01,수도권,KR,1,1호선,0540,진위,EV,일반승강기,1,지상,1,지상 1층,[4호기]오산방향승강장6-1출입문앞/2층맞이방,,,,
01,수도권,KR,1,1호선,0540,진위,EV,일반승강기,1,지상,1,지상 1층,[3호기]송탄방향승강장6-1출입문앞/2층맞이방,,,,
01,수도권,KR,1,1호선,0540,진위,EV,일반승강기,1,지상,1,지상 1층,[2호기]1층2번출구/2층이동통로,,,,
01,수도권,KR,1,1호선,0331,송탄,EV,일반승강기,1,지상,2,지상 2층,[3호기](1F)진위역방향승강장7-4(2F)맞이방주출입구옆,,,,
01,수도권,KR,1,1호선,0331,송탄,EV,일반승강기,1,지상,2,지상 2층,[4호기](1F)6번출입구옆(2F)2번출입구옆,,,,
01,수도권,KR,1,1호선,0331,송탄,EV,일반승강기,1,지상,2,지상 2층,[2호기](1F)서정리역방향승강장7-3(2F)맞이방주출입구옆,,,,
01,수도권,KR,1,1호선,0331,송탄,EV,일반승강기,1,지상,2,지상 2층,[1호기](1F)2번/3번출입구사이엘리베이터(2F)2번출입구옆,,,,
01,수도권,KR,1,1호선,0331,송탄,ELEC,전동휠체어충전설비,1,지상,2,지상 2층,(2F) 역무실 옆,,,,
01,수도권,KR,1,1호선,0331,송탄,TOLT,일반화장실(남),1,지상,2,지상 2층,(2F) 맞이방 옆,1,일반,1,남
01,수도권,KR,1,1호선,0331,송탄,TOLT,일반화장실(여),1,지상,2,지상 2층,(2F) 맞이방 옆,1,일반,2,여
01,수도권,KR,1,1호선,0331,송탄,TOLT,장애인화장실(남),1,지상,2,지상 2층,(2F) 맞이방 옆,2,장애인,1,남
01,수도권,KR,1,1호선,0331,송탄,TOLT,장애인화장실(여),1,지상,2,지상 2층,(2F) 맞이방 옆,2,장애인,2,여
01,수도권,KR,1,1호선,0331,송탄,INFO,고객센터,1,지상,2,지상 2층,(2층) 맞이방,,,,
01,수도권,KR,1,1호선,0331,송탄,EV,일반승강기,1,지상,1,지상 1층,[1호기](1F)2번/3번출입구사이엘리베이터(2F)2번출입구옆,,,,
01,수도권,KR,1,1호선,0331,송탄,EV,일반승강기,1,지상,1,지상 1층,[4호기](1F)6번출입구옆(2F)2번출입구옆,,,,
01,수도권,KR,1,1호선,0331,송탄,EV,일반승강기,1,지상,1,지상 1층,[3호기](1F)진위역방향승강장7-4(2F)맞이방주출입구옆,,,,
01,수도권,KR,1,1호선,0331,송탄,EV,일반승강기,1,지상,1,지상 1층,[2호기](1F)서정리역방향승강장7-3(2F)맞이방주출입구옆,,,,
01,수도권,KR,1,1호선,0297,서정리,EV,일반승강기,1,지상,3,지상 3층,[1호기](3F)3번출입구옆(1F)상선고상홈,,,,
01,수도권,KR,1,1호선,0297,서정리,EV,일반승강기,1,지상,3,지상 3층,"[4호기](3F)2,3번출입구옆(1F)2번출입구옆",,,,
01,수도권,KR,1,1호선,0297,서정리,EV,일반승강기,1,지상,3,지상 3층,[3호기](3F)1번출입구옆(1F)1번출입구1층,,,,
01,수도권,KR,1,1호선,0297,서정리,EV,일반승강기,1,지상,3,지상 3층,[2호기](3F)1번출입구옆(1F)하선고상홈,,,,
01,수도권,KR,1,1호선,0297,서정리,WCLF,휠체어리프트,1,지상,3,지상 3층,맞이방에서 평택방향 하선 기차타는곳,,,,
01,수도권,KR,1,1호선,0297,서정리,WCLF,휠체어리프트,1,지상,3,지상 3층,맞이방에서 서울방향 상선 기차타는곳,,,,
01,수도권,KR,1,1호선,0297,서정리,ELEC,전동휠체어충전설비,1,지상,3,지상 3층,3층 자유통로,,,,
01,수도권,KR,1,1호선,0297,서정리,TOLT,일반화장실(남),1,지상,3,지상 3층,"(3F) 맞이방자동발매기 옆, 1번 출입구 방향",1,일반,1,남
01,수도권,KR,1,1호선,0297,서정리,TOLT,일반화장실(여),1,지상,3,지상 3층,"(3F) 맞이방자동발매기 옆, 1번 출입구 방향",1,일반,2,여
01,수도권,KR,1,1호선,0297,서정리,TOLT,장애인화장실(남),1,지상,3,지상 3층,"(3F) 맞이방자동발매기 옆, 1번 출입구 방향",2,장애인,1,남
01,수도권,KR,1,1호선,0297,서정리,TOLT,장애인화장실(여),1,지상,3,지상 3층,"(3F) 맞이방자동발매기 옆, 1번 출입구 방향",2,장애인,2,여
01,수도권,KR,1,1호선,0297,서정리,EV,일반승강기,1,지상,1,지상 1층,[3호기](3F)1번출입구옆(1F)1번출입구1층,,,,
01,수도권,KR,1,1호선,0297,서정리,EV,일반승강기,1,지상,1,지상 1층,[2호기](3F)1번출입구옆(1F)하선고상홈,,,,
01,수도권,KR,1,1호선,0297,서정리,EV,일반승강기,1,지상,1,지상 1층,[1호기](3F)3번출입구옆(1F)상선고상홈,,,,
01,수도권,KR,1,1호선,0297,서정리,EV,일반승강기,1,지상,1,지상 1층,"[4호기](3F)2,3번출입구옆(1F)2번출입구옆",,,,
01,수도권,KR,1,1호선,0535,평택지제,EV,일반승강기,1,지상,2,지상 2층,[3호기](1F)서정리방향승강장6-1출입문앞(2F)게이트이동통로,,,,
01,수도권,KR,1,1호선,0535,평택지제,EV,일반승강기,1,지상,2,지상 2층,[2호기](1F)평택방향승강장5-4출입문앞(2F)맞이방이동통로,,,,
01,수도권,KR,1,1호선,0535,평택지제,EV,일반승강기,1,지상,2,지상 2층,[1호기](1F)1번출구버스정류장앞(2F)맞이방이동통로,,,,
01,수도권,KR,1,1호선,0535,평택지제,ELEC,전동휠체어충전설비,1,지상,2,지상 2층,(2F) 1번출구 E/V 옆,,,,
01,수도권,KR,1,1호선,0535,평택지제,TOLT,일반화장실(남),1,지상,2,지상 2층,(2F)맞이방,1,일반,1,남
01,수도권,KR,1,1호선,0535,평택지제,TOLT,일반화장실(여),1,지상,2,지상 2층,(2F)맞이방,1,일반,2,여
01,수도권,KR,1,1호선,0535,평택지제,TOLT,장애인화장실(남),1,지상,2,지상 2층,(2F)맞이방,2,장애인,1,남
01,수도권,KR,1,1호선,0535,평택지제,TOLT,장애인화장실(여),1,지상,2,지상 2층,(2F)맞이방,2,장애인,2,여
01,수도권,KR,1,1호선,0535,평택지제,LARM,수유실,1,지상,2,지상 2층,(2F) 맞이방 게이트 옆,,,,
01,수도권,KR,1,1호선,0535,평택지제,EV,일반승강기,1,지상,1,지상 1층,[1호기](1F)1번출구버스정류장앞(2F)맞이방이동통로,,,,
01,수도권,KR,1,1호선,0535,평택지제,EV,일반승강기,1,지상,1,지상 1층,[3호기](1F)서정리방향승강장6-1출입문앞(2F)게이트이동통로,,,,
01,수도권,KR,1,1호선,0535,평택지제,EV,일반승강기,1,지상,1,지상 1층,[2호기](1F)평택방향승강장5-4출입문앞(2F)맞이방이동통로,,,,
01,수도권,KR,1,1호선,0579,평택,EV,일반승강기,1,지상,4,지상 4층,[6호기](3F)1번출입구방향신발매장옆(동광장),,,,
01,수도권,KR,1,1호선,0579,평택,EV,일반승강기,1,지상,3,지상 3층,[1호기](3F) 1번 출입구 방향 신발매장 옆(동광장),,,,
01,수도권,KR,1,1호선,0579,평택,EV,일반승강기,1,지상,3,지상 3층,[5호기](3F)국철하행에스컬레이터옆,,,,
01,수도권,KR,1,1호선,0579,평택,EV,일반승강기,1,지상,3,지상 3층,[2호기](3F)전철상행에스컬레이터옆,,,,
01,수도권,KR,1,1호선,0579,평택,EV,일반승강기,1,지상,3,지상 3층,[3호기](3F)전철하행에스컬레이터옆,,,,
01,수도권,KR,1,1호선,0579,평택,EV,일반승강기,1,지상,3,지상 3층,[4호기](3F)국철상행에스컬레이터옆,,,,
01,수도권,KR,1,1호선,0579,평택,EV,일반승강기,1,지상,3,지상 3층,[1호기](3F)2번출입구방향물품보관함옆(서광장),,,,
01,수도권,KR,1,1호선,0579,평택,ELEC,전동휠체어충전설비,1,지상,3,지상 3층,(3F) 1번 출입구 엘리베이터 타는 곳 방향 ABC마트 앞,,,,
01,수도권,KR,1,1호선,0579,평택,TOLT,일반화장실(남),1,지상,3,지상 3층,"(3F) 매표실 옆, 2번출입구 방향",1,일반,1,남
01,수도권,KR,1,1호선,0579,평택,TOLT,일반화장실(여),1,지상,3,지상 3층,"(3F) 매표실 옆, 2번출입구 방향",1,일반,2,여
01,수도권,KR,1,1호선,0579,평택,TOLT,장애인화장실(남),1,지상,3,지상 3층,"(3F) 매표실 옆, 2번출입구 방향",2,장애인,1,남
01,수도권,KR,1,1호선,0579,평택,TOLT,장애인화장실(여),1,지상,3,지상 3층,"(3F) 매표실 옆, 2번출입구 방향",2,장애인,2,여
01,수도권,KR,1,1호선,0579,평택,INFO,고객센터,1,지상,3,지상 3층,(3F) 대합실 안내센터,,,,
01,수도권,KR,1,1호선,0579,평택,LARM,수유실,1,지상,3,지상 3층,(3F) 맞이방 안내센터 옆,,,,
01,수도권,KR,1,1호선,0579,평택,EV,일반승강기,1,지상,2,지상 2층,[6호기](3F) 전철 하행 에스컬레이터 옆,,,,
01,수도권,KR,1,1호선,0579,평택,EV,일반승강기,1,지상,2,지상 2층,[3호기](3F) 국철 상행 에스컬레이터 옆,,,,
01,수도권,KR,1,1호선,0579,평택,EV,일반승강기,1,지상,2,지상 2층,[2호기](3F) 2번 출입구 방향 물품보관함 옆(서광장),,,,
01,수도권,KR,1,1호선,0579,평택,EV,일반승강기,1,지상,2,지상 2층,[1호기](3F) 1번 출입구 방향 신발매장 옆(동광장),,,,
01,수도권,KR,1,1호선,0579,평택,EV,일반승강기,1,지상,2,지상 2층,[5호기](3F) 국철 하행 에스컬레이터 옆,,,,
01,수도권,KR,1,1호선,0579,평택,EV,일반승강기,1,지상,2,지상 2층,[4호기](3F) 전철 상행 에스컬레이터 옆,,,,
01,수도권,KR,1,1호선,0579,평택,EV,일반승강기,1,지상,1,지상 1층,[4호기](3F)국철상행에스컬레이터옆,,,,
01,수도권,KR,1,1호선,0579,평택,EV,일반승강기,1,지상,1,지상 1층,[6호기](3F)1번출입구방향신발매장옆(동광장),,,,
01,수도권,KR,1,1호선,0579,평택,EV,일반승강기,1,지상,1,지상 1층,[1호기](3F)2번출입구방향물품보관함옆(서광장),,,,
01,수도권,KR,1,1호선,0579,평택,EV,일반승강기,1,지상,1,지상 1층,[2호기](3F)전철상행에스컬레이터옆,,,,
01,수도권,KR,1,1호선,0579,평택,EV,일반승강기,1,지상,1,지상 1층,[5호기](3F)국철하행에스컬레이터옆,,,,
01,수도권,KR,1,1호선,0579,평택,EV,일반승강기,1,지상,1,지상 1층,[3호기](3F)전철하행에스컬레이터옆,,,,
01,수도권,KR,1,1호선,0579,평택,WCLF,휠체어리프트,1,지상,1,지상 1층,"(1F) 국철 하선 5,6호차 타는곳 ",,,,
01,수도권,KR,1,1호선,0579,평택,WCLF,휠체어리프트,1,지상,1,지상 1층,"(1F) 국철 상선 2,3호차 타는곳 ",,,,
01,수도권,KR,1,1호선,0579,평택,WCLF,휠체어리프트,1,지상,1,지상 1층,"(1F) 국철 하선 1,2호차 타는곳 ",,,,
01,수도권,KR,1,1호선,0579,평택,WCLF,휠체어리프트,1,지상,1,지상 1층,"(1F) 국철 상선 5,6호차 타는곳 ",,,,
01,수도권,KR,1,1호선,0317,성환,EV,일반승강기,1,지상,2,지상 2층,[6호기](1F)성환역2번출입구계단뒤쪽(2F)성환역2번출입구계단맞은편,,,,
01,수도권,KR,1,1호선,0317,성환,EV,일반승강기,1,지상,2,지상 2층,[5호기](1F)성환역2번출입구옆(2F)성환역2번출입구와스토리웨이사이,,,,
01,수도권,KR,1,1호선,0317,성환,EV,일반승강기,1,지상,2,지상 2층,[4호기](1F)성환역1번출입구옆(2F)성환역1번출입구와스토리웨이사이,,,,
01,수도권,KR,1,1호선,0317,성환,EV,일반승강기,1,지상,2,지상 2층,[3호기](1F)직산역방향승강장4-3출입문앞(2F)화장실옆엘리베이터,,,,
01,수도권,KR,1,1호선,0317,성환,EV,일반승강기,1,지상,2,지상 2층,[1호기](1F)평택역방향승강장7-2출입문앞(2F)맞이방내엘리베이터,,,,
01,수도권,KR,1,1호선,0317,성환,EV,일반승강기,1,지상,2,지상 2층,[2호기](1F)성환역1번출입구계단맞은편(2F)성환역1번출입구계단맞은편,,,,
01,수도권,KR,1,1호선,0317,성환,ELEC,전동휠체어충전설비,1,지상,2,지상 2층,(2F)성환역 맞이방 안,,,,
01,수도권,KR,1,1호선,0317,성환,TOLT,일반화장실(남),1,지상,2,지상 2층,대합실 출입문옆 or 2호기 엘리베이터 옆,1,일반,1,남
01,수도권,KR,1,1호선,0317,성환,TOLT,일반화장실(여),1,지상,2,지상 2층,대합실 출입문옆 or 2호기 엘리베이터 옆,1,일반,2,여
01,수도권,KR,1,1호선,0317,성환,TOLT,장애인화장실(남),1,지상,2,지상 2층,대합실 출입문옆 or 2호기 엘리베이터 옆,2,장애인,1,남
01,수도권,KR,1,1호선,0317,성환,TOLT,장애인화장실(여),1,지상,2,지상 2층,대합실 출입문옆 or 2호기 엘리베이터 옆,2,장애인,2,여
01,수도권,KR,1,1호선,0317,성환,EV,일반승강기,1,지상,1,지상 1층,[5호기](1F)성환역2번출입구옆(2F)성환역2번출입구와스토리웨이사이,,,,
01,수도권,KR,1,1호선,0317,성환,EV,일반승강기,1,지상,1,지상 1층,[4호기](1F)성환역1번출입구옆(2F)성환역1번출입구와스토리웨이사이,,,,
01,수도권,KR,1,1호선,0317,성환,EV,일반승강기,1,지상,1,지상 1층,[3호기](1F)직산역방향승강장4-3출입문앞(2F)화장실옆엘리베이터,,,,
01,수도권,KR,1,1호선,0317,성환,EV,일반승강기,1,지상,1,지상 1층,[2호기](1F)성환역1번출입구계단맞은편(2F)성환역1번출입구계단맞은편,,,,
01,수도권,KR,1,1호선,0317,성환,EV,일반승강기,1,지상,1,지상 1층,[1호기](1F)평택역방향승강장7-2출입문앞(2F)맞이방내엘리베이터,,,,
01,수도권,KR,1,1호선,0317,성환,EV,일반승강기,1,지상,1,지상 1층,[6호기](1F)성환역2번출입구계단뒤쪽(2F)성환역2번출입구계단맞은편,,,,
01,수도권,KR,1,1호선,0539,직산,EV,일반승강기,1,지상,2,지상 2층,[3호기](2F)1번/2번출입구사이(1F)성환역방향승강장8-1출입문앞,,,,
01,수도권,KR,1,1호선,0539,직산,EV,일반승강기,1,지상,2,지상 2층,[4호기](2F)2번출입구옆(1F)2번출입구옆,,,,
01,수도권,KR,1,1호선,0539,직산,EV,일반승강기,1,지상,2,지상 2층,[2호기](2F)1번/2번출입구사이(1F)두정역방향승강장3-4출입문앞,,,,
01,수도권,KR,1,1호선,0539,직산,EV,일반승강기,1,지상,2,지상 2층,[1호기](2F)1번출입구옆(1F)1번출입구옆,,,,
01,수도권,KR,1,1호선,0539,직산,ELEC,전동휠체어충전설비,1,지상,2,지상 2층,상행 엘리베이터 옆,,,,
01,수도권,KR,1,1호선,0539,직산,TOLT,일반화장실(남),1,지상,2,지상 2층,1번 출입구 방향,1,일반,1,남
01,수도권,KR,1,1호선,0539,직산,TOLT,일반화장실(여),1,지상,2,지상 2층,1번 출입구 방향,1,일반,2,여
01,수도권,KR,1,1호선,0539,직산,TOLT,장애인화장실(남),1,지상,2,지상 2층,1번 출입구 방향,2,장애인,1,남
01,수도권,KR,1,1호선,0539,직산,TOLT,장애인화장실(여),1,지상,2,지상 2층,1번 출입구 방향,2,장애인,2,여
01,수도권,KR,1,1호선,0539,직산,EV,일반승강기,1,지상,1,지상 1층,[1호기](2F)1번출입구옆(1F)1번출입구옆,,,,
01,수도권,KR,1,1호선,0539,직산,EV,일반승강기,1,지상,1,지상 1층,[4호기](2F)2번출입구옆(1F)2번출입구옆,,,,
01,수도권,KR,1,1호선,0539,직산,EV,일반승강기,1,지상,1,지상 1층,[3호기](2F)1번/2번출입구사이(1F)성환역방향승강장8-1출입문앞,,,,
01,수도권,KR,1,1호선,0539,직산,EV,일반승강기,1,지상,1,지상 1층,[2호기](2F)1번/2번출입구사이(1F)두정역방향승강장3-4출입문앞,,,,
01,수도권,KR,1,1호선,0170,두정,EV,일반승강기,1,지상,2,지상 2층,[4호기](1F)1번출입구동쪽광장옆(2F)1번출입구동쪽광장도로변,,,,
01,수도권,KR,1,1호선,0170,두정,EV,일반승강기,1,지상,2,지상 2층,[5호기](1F)천안역방향승강장10-2출입문앞(2F)표내는곳옆,,,,
01,수도권,KR,1,1호선,0170,두정,EV,일반승강기,1,지상,2,지상 2층,[2호기](1F)직산역방향승강장10-4출입문앞(2F)표내는곳옆,,,,
01,수도권,KR,1,1호선,0170,두정,EV,일반승강기,1,지상,2,지상 2층,[1호기](1F)1번출입구서쪽광장도로변(2F)1번출입구서쪽광장옆,,,,
01,수도권,KR,1,1호선,0170,두정,EV,일반승강기,1,지상,2,지상 2층,[6호기](1F)직산역방향승강장1-3출입문앞(2F)표내는곳옆,,,,
01,수도권,KR,1,1호선,0170,두정,EV,일반승강기,1,지상,2,지상 2층,[3호기](1F)천안역방향승강장1-1출입문앞(2F)표내는곳옆,,,,
01,수도권,KR,1,1호선,0170,두정,ELEC,전동휠체어충전설비,1,지상,2,지상 2층,1번 출입구 맞이방 역무일 좌측,,,,
01,수도권,KR,1,1호선,0170,두정,TOLT,일반화장실(남),1,지상,2,지상 2층,1번 출입구 방향 우측,1,일반,1,남
01,수도권,KR,1,1호선,0170,두정,TOLT,일반화장실(남),1,지상,2,지상 2층,2번 출입구 방향 좌측,1,일반,1,남
01,수도권,KR,1,1호선,0170,두정,TOLT,일반화장실(여),1,지상,2,지상 2층,1번 출입구 방향 우측,1,일반,2,여
01,수도권,KR,1,1호선,0170,두정,TOLT,일반화장실(여),1,지상,2,지상 2층,2번 출입구 방향 좌측,1,일반,2,여
01,수도권,KR,1,1호선,0170,두정,TOLT,장애인화장실(남),1,지상,2,지상 2층,1번 출입구 방향 우측,2,장애인,1,남
01,수도권,KR,1,1호선,0170,두정,TOLT,장애인화장실(남),1,지상,2,지상 2층,2번 출입구 방향 좌측,2,장애인,1,남
01,수도권,KR,1,1호선,0170,두정,TOLT,장애인화장실(여),1,지상,2,지상 2층,1번 출입구 방향 우측,2,장애인,2,여
01,수도권,KR,1,1호선,0170,두정,TOLT,장애인화장실(여),1,지상,2,지상 2층,2번 출입구 방향 좌측,2,장애인,2,여
01,수도권,KR,1,1호선,0170,두정,INFO,고객센터,1,지상,2,지상 2층,(2F) 게이트 나와서 왼쪽 방향,,,,
01,수도권,KR,1,1호선,0170,두정,LARM,수유실,1,지상,2,지상 2층,2번 출입구 맞이방 역무실 좌측,,,,
01,수도권,KR,1,1호선,0170,두정,EV,일반승강기,1,지상,1,지상 1층,[5호기](1F)천안역방향승강장10-2출입문앞(2F)표내는곳옆,,,,
01,수도권,KR,1,1호선,0170,두정,EV,일반승강기,1,지상,1,지상 1층,[4호기](1F)1번출입구동쪽광장옆(2F)1번출입구동쪽광장도로변,,,,
01,수도권,KR,1,1호선,0170,두정,EV,일반승강기,1,지상,1,지상 1층,[3호기](1F)천안역방향승강장1-1출입문앞(2F)표내는곳옆,,,,
01,수도권,KR,1,1호선,0170,두정,EV,일반승강기,1,지상,1,지상 1층,[2호기](1F)직산역방향승강장10-4출입문앞(2F)표내는곳옆,,,,
01,수도권,KR,1,1호선,0170,두정,EV,일반승강기,1,지상,1,지상 1층,[1호기](1F)1번출입구서쪽광장도로변(2F)1번출입구서쪽광장옆,,,,
01,수도권,KR,1,1호선,0170,두정,EV,일반승강기,1,지상,1,지상 1층,[6호기](1F)직산역방향승강장1-3출입문앞(2F)표내는곳옆,,,,
01,수도권,KR,1,1호선,0544,천안,EV,일반승강기,1,지상,3,지상 3층,"[1호기](1F)3,4번승강장(3F)동부맞이방개찰구",,,,
01,수도권,KR,1,1호선,0544,천안,EV,일반승강기,1,지상,3,지상 3층,"[3호기](1F)7,8번승강장(3F)서부맞이방개찰구근처",,,,
01,수도권,KR,1,1호선,0544,천안,EV,일반승강기,1,지상,3,지상 3층,[4호기](1F)2번출입구(3F)서부이동통로,,,,
01,수도권,KR,1,1호선,0544,천안,EV,일반승강기,1,지상,3,지상 3층,"[2호기](1F)5,6번승강장(3F)서부맞이방개찰구근처",,,,
01,수도권,KR,1,1호선,0544,천안,TOLT,일반화장실(남),1,지상,3,지상 3층,(3F) 동부맞이방 엘리베이터 옆,1,일반,1,남
01,수도권,KR,1,1호선,0544,천안,TOLT,일반화장실(남),1,지상,3,지상 3층,(3F) 서부맞이방 출입구 옆,1,일반,1,남
01,수도권,KR,1,1호선,0544,천안,TOLT,일반화장실(여),1,지상,3,지상 3층,(3F) 서부맞이방 출입구 옆,1,일반,2,여
01,수도권,KR,1,1호선,0544,천안,TOLT,일반화장실(여),1,지상,3,지상 3층,(3F) 동부맞이방 엘리베이터 옆,1,일반,2,여
01,수도권,KR,1,1호선,0544,천안,TOLT,장애인화장실(남),1,지상,3,지상 3층,(3F) 동부맞이방 엘리베이터 옆,2,장애인,1,남
01,수도권,KR,1,1호선,0544,천안,TOLT,장애인화장실(남),1,지상,3,지상 3층,(3F) 서부맞이방 출입구 옆,2,장애인,1,남
01,수도권,KR,1,1호선,0544,천안,TOLT,장애인화장실(여),1,지상,3,지상 3층,(3F) 동부맞이방 엘리베이터 옆,2,장애인,2,여
01,수도권,KR,1,1호선,0544,천안,TOLT,장애인화장실(여),1,지상,3,지상 3층,(3F) 서부맞이방 출입구 옆,2,장애인,2,여
01,수도권,KR,1,1호선,0544,천안,INFO,고객센터,1,지상,3,지상 3층,(3F) 동부맞이방 매표소 옆,,,,
01,수도권,KR,1,1호선,0544,천안,LARM,수유실,1,지상,3,지상 3층,(3F) 서부맞이방 편의점 옆,,,,
01,수도권,KR,1,1호선,0544,천안,EV,일반승강기,1,지상,2,지상 2층,"[4호기](1F) 5,6번 승강장
(3F) 서부맞이방 개찰구 근처",,,,
01,수도권,KR,1,1호선,0544,천안,EV,일반승강기,1,지상,2,지상 2층,"[3호기](1F) 3,4번 승강장
(3F) 동부맞이방 개찰구",,,,
01,수도권,KR,1,1호선,0544,천안,EV,일반승강기,1,지상,2,지상 2층,"[2호기](1F) 1,2번 승강장
(3F) 동부맞이방 개찰구",,,,
01,수도권,KR,1,1호선,0544,천안,EV,일반승강기,1,지상,2,지상 2층,"[6호기](1F) 2번 출입구 뒤
(3F) 서부이동통로",,,,
01,수도권,KR,1,1호선,0544,천안,EV,일반승강기,1,지상,2,지상 2층,"[5호기](1F) 7,8번 승강장
(3F) 서부맞이방 개찰구 근처",,,,
01,수도권,KR,1,1호선,0544,천안,EV,일반승강기,1,지상,2,지상 2층,"[1호기](1F) 3번 출입구 옆
(3F) 동부맞이방 화장실 옆",,,,
01,수도권,KR,1,1호선,0544,천안,EV,일반승강기,1,지상,1,지상 1층,"[3호기](1F)7,8번승강장(3F)서부맞이방개찰구근처",,,,
01,수도권,KR,1,1호선,0544,천안,EV,일반승강기,1,지상,1,지상 1층,"[2호기](1F)5,6번승강장(3F)서부맞이방개찰구근처",,,,
01,수도권,KR,1,1호선,0544,천안,EV,일반승강기,1,지상,1,지상 1층,"[1호기](1F)3,4번승강장(3F)동부맞이방개찰구",,,,
01,수도권,KR,1,1호선,0544,천안,EV,일반승강기,1,지상,1,지상 1층,[4호기](1F)2번출입구(3F)서부이동통로,,,,
01,수도권,KR,1,1호선,0544,천안,ELEC,전동휠체어충전설비,1,지상,1,지상 1층,(3F) 서부맞이방 편의점 앞,,,,
01,수도권,KR,1,1호선,0240,봉명,EV,일반승강기,1,지상,2,지상 2층,[1호기]1F1번출구,,,,
01,수도권,KR,1,1호선,0240,봉명,EV,일반승강기,1,지상,2,지상 2층,[4호기]1F신창역방향승강장5-4,,,,
01,수도권,KR,1,1호선,0240,봉명,EV,일반승강기,1,지상,2,지상 2층,[3호기]1F천안역방향승강장6-3,,,,
01,수도권,KR,1,1호선,0240,봉명,EV,일반승강기,1,지상,2,지상 2층,[2호기]1F2번출구E/S옆,,,,
01,수도권,KR,1,1호선,0240,봉명,ELEC,전동휠체어충전설비,1,지상,2,지상 2층,(2F) 맞이방 내부,,,,
01,수도권,KR,1,1호선,0240,봉명,TOLT,일반화장실(남),1,지상,2,지상 2층,"2F 맞이방, 1번/2번 출입구 방향",1,일반,1,남
01,수도권,KR,1,1호선,0240,봉명,TOLT,일반화장실(여),1,지상,2,지상 2층,"2F 맞이방, 1번/2번 출입구 방향",1,일반,2,여
01,수도권,KR,1,1호선,0240,봉명,TOLT,장애인화장실(남),1,지상,2,지상 2층,"2F 맞이방, 1번/2번 출입구 방향",2,장애인,1,남
01,수도권,KR,1,1호선,0240,봉명,TOLT,장애인화장실(여),1,지상,2,지상 2층,"2F 맞이방, 1번/2번 출입구 방향",2,장애인,2,여
01,수도권,KR,1,1호선,0240,봉명,INFO,고객센터,1,지상,2,지상 2층,2F 맞이방 옆,,,,
01,수도권,KR,1,1호선,0240,봉명,LARM,수유실,1,지상,2,지상 2층,2F 맞이방 고객화장실 입구 옆 ,,,,
01,수도권,KR,1,1호선,0240,봉명,EV,일반승강기,1,지상,1,지상 1층,[3호기]1F천안역방향승강장6-3,,,,
01,수도권,KR,1,1호선,0240,봉명,EV,일반승강기,1,지상,1,지상 1층,[2호기]1F2번출구E/S옆,,,,
01,수도권,KR,1,1호선,0240,봉명,EV,일반승강기,1,지상,1,지상 1층,[1호기]1F1번출구,,,,
01,수도권,KR,1,1호선,0240,봉명,EV,일반승강기,1,지상,1,지상 1층,[4호기]1F신창역방향승강장5-4,,,,
01,수도권,KR,1,1호선,0381,쌍용,EV,일반승강기,1,지상,2,지상 2층,[1호기](1F)표내는곳내좌측계단옆,,,,
01,수도권,KR,1,1호선,0381,쌍용,EV,일반승강기,1,지상,2,지상 2층,[2호기](1F)표내는곳내우측계단옆,,,,
01,수도권,KR,1,1호선,0381,쌍용,EV,일반승강기,1,지상,1,지상 1층,[1호기](1F)표내는곳내좌측계단옆,,,,
01,수도권,KR,1,1호선,0381,쌍용,EV,일반승강기,1,지상,1,지상 1층,[2호기](1F)표내는곳내우측계단옆,,,,
01,수도권,KR,1,1호선,0381,쌍용,ELEC,전동휠체어충전설비,1,지상,1,지상 1층,(1F) 맞이방 1번 출입구 방향 좌측,,,,
01,수도권,KR,1,1호선,0381,쌍용,TOLT,일반화장실(남),1,지상,1,지상 1층,(1F)맞이방에서 2번 출입구 방향 우측,1,일반,1,남
01,수도권,KR,1,1호선,0381,쌍용,TOLT,일반화장실(여),1,지상,1,지상 1층,(1F)맞이방에서 2번 출입구 방향 우측,1,일반,2,여
01,수도권,KR,1,1호선,0381,쌍용,TOLT,장애인화장실(남),1,지상,1,지상 1층,(1F)맞이방에서 2번 출입구 방향 우측,2,장애인,1,남
01,수도권,KR,1,1호선,0381,쌍용,TOLT,장애인화장실(여),1,지상,1,지상 1층,(1F)맞이방에서 2번 출입구 방향 우측,2,장애인,2,여
01,수도권,KR,1,1호선,0381,쌍용,INFO,고객센터,1,지상,1,지상 1층,(1F) 남쪽 게이트 우측 > (1F) 역무실 내,,,,
01,수도권,KR,1,1호선,0381,쌍용,LARM,수유실,1,지상,1,지상 1층,(1F) 북쪽 표 내는 곳 우측,,,,
01,수도권,KR,1,1호선,0382,아산,EV,일반승강기,1,지상,4,지상 4층,[1호기]아산역2층(상홈)-천안아산역4층(하홈)환승통로,,,,
01,수도권,KR,1,1호선,0382,아산,EV,일반승강기,1,지상,4,지상 4층,[2호기]아산역2층(상홈)-천안아산역4층(상홈)환승통로,,,,
01,수도권,KR,1,1호선,0382,아산,EV,일반승강기,1,지상,4,지상 4층,[4호기]아산역2층(하홈)-천안아산역4층(상홈)환승통로,,,,
01,수도권,KR,1,1호선,0382,아산,EV,일반승강기,1,지상,4,지상 4층,[3호기]아산역2층(하홈)-천안아산역4층(하홈)환승통로,,,,
01,수도권,KR,1,1호선,0382,아산,EV,일반승강기,1,지상,3,지상 3층,[4호기]아산역2층(하홈) - 천안아산역4층(상홈)환승통로,,,,
01,수도권,KR,1,1호선,0382,아산,EV,일반승강기,1,지상,2,지상 2층,[4호기]아산역2층(하홈)-천안아산역4층(상홈)환승통로,,,,
01,수도권,KR,1,1호선,0382,아산,EV,일반승강기,1,지상,2,지상 2층,[3호기]아산역2층(하홈)-천안아산역4층(하홈)환승통로,,,,
01,수도권,KR,1,1호선,0382,아산,EV,일반승강기,1,지상,2,지상 2층,[1호기]아산역2층(상홈)-천안아산역4층(하홈)환승통로,,,,
01,수도권,KR,1,1호선,0382,아산,EV,일반승강기,1,지상,2,지상 2층,[2호기]아산역2층(상홈)-천안아산역4층(상홈)환승통로,,,,
01,수도권,KR,1,1호선,0382,아산,EV,일반승강기,1,지상,2,지상 2층,[5호기]1층(게이트)-2층(하홈),,,,
01,수도권,KR,1,1호선,0382,아산,EV,일반승강기,1,지상,2,지상 2층,[6호기]1층(게이트)-2층(상홈),,,,
01,수도권,KR,1,1호선,0382,아산,EV,일반승강기,1,지상,1,지상 1층,[5호기]1층(게이트)-2층(하홈),,,,
01,수도권,KR,1,1호선,0382,아산,EV,일반승강기,1,지상,1,지상 1층,[6호기]1층(게이트)-2층(상홈),,,,
01,수도권,KR,1,1호선,0382,아산,WCLF,휠체어리프트,1,지상,1,지상 1층,CA웨딩홀 방면 환승통로,,,,
01,수도권,KR,1,1호선,0382,아산,TOLT,일반화장실(남),1,지상,1,지상 1층,아산역 2번출구 옆,1,일반,1,남
01,수도권,KR,1,1호선,0382,아산,TOLT,일반화장실(여),1,지상,1,지상 1층,아산역 2번출구 옆,1,일반,2,여
01,수도권,KR,1,1호선,0382,아산,TOLT,장애인화장실(남),1,지상,1,지상 1층,아산역 2번출구 옆,2,장애인,1,남
01,수도권,KR,1,1호선,0382,아산,TOLT,장애인화장실(여),1,지상,1,지상 1층,아산역 2번출구 옆,2,장애인,2,여
01,수도권,KR,1,1호선,0382,아산,INFO,고객센터,1,지상,1,지상 1층,아산역 1층 역무실,,,,
01,수도권,KR,1,1호선,0382,아산,LARM,수유실,1,지상,1,지상 1층,아산역 1번 출입구 앞,,,,
01,수도권,KR,1,1호선,1356,탕정,EV,일반승강기,1,지상,2,지상 2층,[1호기](1F)표내는곳앞(2)하선승강장,,,,
01,수도권,KR,1,1호선,1356,탕정,EV,일반승강기,1,지상,2,지상 2층,[2호기](1F)표내는곳앞(2)상선승강장,,,,
01,수도권,KR,1,1호선,1356,탕정,EV,일반승강기,1,지상,1,지상 1층,[1호기](1F)표내는곳앞(2)하선승강장,,,,
01,수도권,KR,1,1호선,1356,탕정,EV,일반승강기,1,지상,1,지상 1층,[2호기](1F)표내는곳앞(2)상선승강장,,,,
01,수도권,KR,1,1호선,1356,탕정,TOLT,일반화장실(남),1,지상,1,지상 1층,(1)1번 출입구 방향,1,일반,1,남
01,수도권,KR,1,1호선,1356,탕정,TOLT,일반화장실(여),1,지상,1,지상 1층,(1)1번 출입구 방향,1,일반,2,여
01,수도권,KR,1,1호선,1356,탕정,TOLT,장애인화장실(남),1,지상,1,지상 1층,(1)1번 출입구 방향,2,장애인,1,남
01,수도권,KR,1,1호선,1356,탕정,TOLT,장애인화장실(여),1,지상,1,지상 1층,(1)1번 출입구 방향,2,장애인,2,여
01,수도권,KR,1,1호선,1356,탕정,INFO,고객센터,1,지상,1,지상 1층,(1) 대합실 역무실,,,,
01,수도권,KR,1,1호선,1356,탕정,LARM,수유실,1,지상,1,지상 1층,(1) 대합실 ,,,,
01,수도권,KR,1,1호선,0222,배방,EV,일반승강기,1,지상,2,지상 2층,[1호기](1층)1/2번출입구중간게이트통과후왼쪽(2층)온양온천역방면승강장6-3칸앞,,,,
01,수도권,KR,1,1호선,0222,배방,EV,일반승강기,1,지상,2,지상 2층,[2호기](1층)1/2번출입구중간게이트통과후오른쪽(2층)탕정역방면승강장5-2칸앞,,,,
01,수도권,KR,1,1호선,0222,배방,EV,일반승강기,1,지상,1,지상 1층,[1호기](1층)1/2번출입구중간게이트통과후왼쪽(2층)온양온천역방면승강장6-3칸앞,,,,
01,수도권,KR,1,1호선,0222,배방,EV,일반승강기,1,지상,1,지상 1층,[2호기](1층)1/2번출입구중간게이트통과후오른쪽(2층)탕정역방면승강장5-2칸앞,,,,
01,수도권,KR,1,1호선,0222,배방,ELEC,전동휠체어충전설비,1,지상,1,지상 1층,(1층) 게이트 외부 옆,,,,
01,수도권,KR,1,1호선,0222,배방,TOLT,일반화장실(남),1,지상,1,지상 1층,(1층) 스토리웨이 앞,1,일반,1,남
01,수도권,KR,1,1호선,0222,배방,TOLT,일반화장실(여),1,지상,1,지상 1층,(1층) 스토리웨이 앞,1,일반,2,여
01,수도권,KR,1,1호선,0222,배방,TOLT,장애인화장실(남),1,지상,1,지상 1층,(1층) 스토리웨이 앞,2,장애인,1,남
01,수도권,KR,1,1호선,0222,배방,TOLT,장애인화장실(여),1,지상,1,지상 1층,(1층) 스토리웨이 앞,2,장애인,2,여
01,수도권,KR,1,1호선,0222,배방,INFO,고객센터,1,지상,1,지상 1층,1층 역무실,,,,
01,수도권,KR,1,1호선,0222,배방,LARM,수유실,1,지상,1,지상 1층,(1층) 1번 출입구 고객여자화장실 입구,,,,
01,수도권,KR,1,1호선,0437,온양온천,EV,일반승강기,1,지상,3,지상 3층,"[1호기](F2)1번승강장>(F3)아산역4,5호차출입문앞(F2)2번승강장계단>(F3)배방역7-4출입문앞(F2)3번승강장계단>(F3)신창역4-4출입문앞",,,,
01,수도권,KR,1,1호선,0437,온양온천,ELEC,전동휠체어충전설비,1,지상,2,지상 2층,"(2F) 대합실 내, 여자화장실 옆",,,,
01,수도권,KR,1,1호선,0437,온양온천,TOLT,일반화장실(남),1,지상,2,지상 2층,"(F2) 대합실, 맞이방 근처",1,일반,1,남
01,수도권,KR,1,1호선,0437,온양온천,TOLT,일반화장실(여),1,지상,2,지상 2층,"(F2) 대합실, 맞이방 근처",1,일반,2,여
01,수도권,KR,1,1호선,0437,온양온천,TOLT,장애인화장실(남),1,지상,2,지상 2층,"(F2) 대합실, 맞이방 근처",2,장애인,1,남
01,수도권,KR,1,1호선,0437,온양온천,TOLT,장애인화장실(여),1,지상,2,지상 2층,"(F2) 대합실, 맞이방 근처",2,장애인,2,여
01,수도권,KR,1,1호선,0437,온양온천,INFO,고객센터,1,지상,2,지상 2층,(F2) 역무실,,,,
01,수도권,KR,1,1호선,0437,온양온천,LARM,수유실,1,지상,2,지상 2층,(F2) 매표실 옆,,,,
01,수도권,KR,1,1호선,0437,온양온천,EV,일반승강기,1,지상,1,지상 1층,"[1호기](F2)1번승강장>(F3)아산역4,5호차출입문앞(F2)2번승강장계단>(F3)배방역7-4출입문앞(F2)3번승강장계단>(F3)신창역4-4출입문앞",,,,
01,수도권,KR,1,1호선,0375,신창,EV,일반승강기,1,지상,1,지상 1층,[1호기]1층2번출구에서30m,,,,
01,수도권,KR,1,1호선,0375,신창,EV,일반승강기,1,지상,1,지상 1층,[2호기]1층2번출구에서40m,,,,
01,수도권,KR,1,1호선,0375,신창,EV,일반승강기,1,지상,1,지상 1층,[3호기]1층2번출구에서50m,,,,
01,수도권,KR,1,1호선,0375,신창,ELEC,전동휠체어충전설비,1,지상,1,지상 1층,1층 고객안내센터 옆,,,,
01,수도권,KR,1,1호선,0375,신창,TOLT,일반화장실(남),1,지상,1,지상 1층,1층 자동발매기 옆,1,일반,1,남
01,수도권,KR,1,1호선,0375,신창,TOLT,일반화장실(여),1,지상,1,지상 1층,1층 자동발매기 옆,1,일반,2,여
01,수도권,KR,1,1호선,0375,신창,TOLT,장애인화장실(남),1,지상,1,지상 1층,1층 자동발매기 옆,2,장애인,1,남
01,수도권,KR,1,1호선,0375,신창,TOLT,장애인화장실(여),1,지상,1,지상 1층,1층 자동발매기 옆,2,장애인,2,여
01,수도권,KR,1,1호선,0375,신창,LARM,수유실,1,지상,1,지상 1층,역무실 내,,,,
01,수도권,KR,1,1호선,0375,신창,EV,일반승강기,2,지하,1,지하 1층,[1호기]1층2번출구에서30m,,,,
01,수도권,KR,1,1호선,0375,신창,EV,일반승강기,2,지하,1,지하 1층,[3호기]1층2번출구에서50m,,,,
01,수도권,KR,1,1호선,0375,신창,EV,일반승강기,2,지하,1,지하 1층,[2호기]1층2번출구에서40m,,,,
01,수도권,S1,2,2호선,0347,시청,EV,일반승강기,1,지상,1,지상 1층,[2호기]9번출구측,,,,
01,수도권,S1,2,2호선,0347,시청,EV,일반승강기,2,지하,1,지하 1층,[2호기]9번출구측,,,,
01,수도권,S1,2,2호선,0347,시청,EV,일반승강기,2,지하,1,지하 1층,"[1호기]충정로방면6-2,을지로입구방면5-3",,,,
01,수도권,S1,2,2호선,0347,시청,TOLT,일반화장실(남),2,지하,1,지하 1층,"지하1층 9,10번출입구 옆",1,일반,1,남
01,수도권,S1,2,2호선,0347,시청,TOLT,일반화장실(여),2,지하,1,지하 1층,"지하1층 9,10번출입구 옆",1,일반,2,여
01,수도권,S1,2,2호선,0347,시청,TOLT,장애인화장실(남),2,지하,1,지하 1층,"지하1층 9,10번출입구 옆",2,장애인,1,남
01,수도권,S1,2,2호선,0347,시청,TOLT,장애인화장실(여),2,지하,1,지하 1층,"지하1층 9,10번출입구 옆",2,장애인,2,여
01,수도권,S1,2,2호선,0347,시청,EV,일반승강기,2,지하,2,지하 2층,[1호기](B3-B1)섬식(외) 6-2,,,,
01,수도권,S1,2,2호선,0347,시청,TOLT,일반화장실(남),2,지하,2,지하 2층,지하2층 환승통로,1,일반,1,남
01,수도권,S1,2,2호선,0347,시청,TOLT,일반화장실(여),2,지하,2,지하 2층,지하2층 환승통로,1,일반,2,여
01,수도권,S1,2,2호선,0347,시청,TOLT,장애인화장실(남),2,지하,2,지하 2층,지하2층 환승통로,2,장애인,1,남
01,수도권,S1,2,2호선,0347,시청,TOLT,장애인화장실(여),2,지하,2,지하 2층,지하2층 환승통로,2,장애인,2,여
01,수도권,S1,2,2호선,0347,시청,INFO,고객센터,2,지하,2,지하 2층,B2층 대합실,,,,
01,수도권,S1,2,2호선,0347,시청,LARM,수유실,2,지하,2,지하 2층,B2 고객안전실 인접,,,,
01,수도권,S1,2,2호선,0347,시청,EV,일반승강기,2,지하,3,지하 3층,"[1호기]충정로방면6-2,을지로입구방면5-3",,,,
01,수도권,S1,2,2호선,0564,충정로,EV,일반승강기,1,지상,1,지상 1층,[2호기]5번출구측,,,,
01,수도권,S1,2,2호선,0564,충정로,EV,일반승강기,2,지하,1,지하 1층,[2호기](B2-F1)5번 출입구측,,,,
01,수도권,S1,2,2호선,0564,충정로,EV,일반승강기,2,지하,2,지하 2층,[2호기]5번출구측,,,,
01,수도권,S1,2,2호선,0564,충정로,EV,일반승강기,2,지하,2,지하 2층,"[1호기]아현방면2-1,시청방면9-4",,,,
01,수도권,S1,2,2호선,0564,충정로,ELEC,전동휠체어충전설비,2,지하,2,지하 2층,역무실 (역무실에 요청시 사용가능),,,,
01,수도권,S1,2,2호선,0564,충정로,TOLT,일반화장실(남),2,지하,2,지하 2층,지하2층 아현방면 끝단,1,일반,1,남
01,수도권,S1,2,2호선,0564,충정로,TOLT,일반화장실(여),2,지하,2,지하 2층,지하2층 아현방면 끝단,1,일반,2,여
01,수도권,S1,2,2호선,0564,충정로,TOLT,장애인화장실(남),2,지하,2,지하 2층,지하2층 아현방면 끝단,2,장애인,1,남
01,수도권,S1,2,2호선,0564,충정로,TOLT,장애인화장실(여),2,지하,2,지하 2층,지하2층 아현방면 끝단,2,장애인,2,여
01,수도권,S1,2,2호선,0564,충정로,INFO,고객센터,2,지하,2,지하 2층,B2층 대합실,,,,
01,수도권,S1,2,2호선,0564,충정로,EV,일반승강기,2,지하,3,지하 3층,"[1호기]아현방면2-1,시청방면9-4",,,,
01,수도권,S1,2,2호선,0386,아현,EV,일반승강기,1,지상,1,지상 1층,[4호기]1번출구측,,,,
01,수도권,S1,2,2호선,0386,아현,EV,일반승강기,1,지상,1,지상 1층,[3호기]3번출구측,,,,
01,수도권,S1,2,2호선,0386,아현,EV,일반승강기,2,지하,1,지하 1층,[4호기]1번출구측,,,,
01,수도권,S1,2,2호선,0386,아현,EV,일반승강기,2,지하,1,지하 1층,[3호기]3번출구측,,,,
01,수도권,S1,2,2호선,0386,아현,EV,일반승강기,2,지하,1,지하 1층,[2호기]충정로방면4-3,,,,
01,수도권,S1,2,2호선,0386,아현,EV,일반승강기,2,지하,1,지하 1층,[1호기]이대방면7-2,,,,
01,수도권,S1,2,2호선,0386,아현,ELEC,전동휠체어충전설비,2,지하,1,지하 1층,역무실 (역무실에 요청시 사용가능),,,,
01,수도권,S1,2,2호선,0386,아현,TOLT,일반화장실(남),2,지하,1,지하 1층,지하1층 대합실 이대역방면 끝단,1,일반,1,남
01,수도권,S1,2,2호선,0386,아현,TOLT,일반화장실(여),2,지하,1,지하 1층,지하1층 대합실 이대역방면 끝단,1,일반,2,여
01,수도권,S1,2,2호선,0386,아현,TOLT,장애인화장실(남),2,지하,1,지하 1층,지하1층 대합실 이대역방면 끝단,2,장애인,1,남
01,수도권,S1,2,2호선,0386,아현,TOLT,장애인화장실(여),2,지하,1,지하 1층,지하1층 대합실 이대역방면 끝단,2,장애인,2,여
01,수도권,S1,2,2호선,0386,아현,INFO,고객센터,2,지하,1,지하 1층,B1층 대합실,,,,
01,수도권,S1,2,2호선,0386,아현,EV,일반승강기,2,지하,2,지하 2층,[1호기]이대방면7-2,,,,
01,수도권,S1,2,2호선,0386,아현,EV,일반승강기,2,지하,2,지하 2층,[2호기]충정로방면4-3,,,,
01,수도권,S1,2,2호선,0473,이대,EV,일반승강기,1,지상,1,지상 1층,[3호기]2번출구측,,,,
01,수도권,S1,2,2호선,0473,이대,EV,일반승강기,1,지상,1,지상 1층,[2호기]6번출구측,,,,
01,수도권,S1,2,2호선,0473,이대,EV,일반승강기,2,지하,1,지하 1층,[2호기]6번출구측,,,,
01,수도권,S1,2,2호선,0473,이대,EV,일반승강기,2,지하,1,지하 1층,[3호기]2번출구측,,,,
01,수도권,S1,2,2호선,0473,이대,EV,일반승강기,2,지하,1,지하 1층,"[1호기]신촌방면2-2,아현방면9-3",,,,
01,수도권,S1,2,2호선,0473,이대,TOLT,일반화장실(남),2,지하,1,지하 1층,지하1층 대합실 5번출입구 옆,1,일반,1,남
01,수도권,S1,2,2호선,0473,이대,TOLT,일반화장실(여),2,지하,1,지하 1층,지하1층 대합실 5번출입구 옆,1,일반,2,여
01,수도권,S1,2,2호선,0473,이대,TOLT,장애인화장실(남),2,지하,1,지하 1층,지하1층 대합실 5번출입구 옆,2,장애인,1,남
01,수도권,S1,2,2호선,0473,이대,TOLT,장애인화장실(여),2,지하,1,지하 1층,지하1층 대합실 5번출입구 옆,2,장애인,2,여
01,수도권,S1,2,2호선,0473,이대,EV,일반승강기,2,지하,2,지하 2층,"[1호기]신촌방면2-2,아현방면9-3",,,,
01,수도권,S1,2,2호선,0473,이대,ELEC,전동휠체어충전설비,2,지하,2,지하 2층,역무실 (역무실에 요청시 사용가능),,,,
01,수도권,S1,2,2호선,0473,이대,INFO,고객센터,2,지하,2,지하 2층,B2층 대합실,,,,
01,수도권,S1,2,2호선,0366,신촌,EV,일반승강기,1,지상,1,지상 1층,[4호기]6번출구측,,,,
01,수도권,S1,2,2호선,0366,신촌,EV,일반승강기,1,지상,1,지상 1층,[3호기]4번출구측,,,,
01,수도권,S1,2,2호선,0366,신촌,EV,일반승강기,2,지하,1,지하 1층,[4호기]6번출구측,,,,
01,수도권,S1,2,2호선,0366,신촌,EV,일반승강기,2,지하,1,지하 1층,[3호기]4번출구측,,,,
01,수도권,S1,2,2호선,0366,신촌,EV,일반승강기,2,지하,1,지하 1층,[2호기]이대방면4-4,,,,
01,수도권,S1,2,2호선,0366,신촌,EV,일반승강기,2,지하,1,지하 1층,[1호기]홍대입구방면8-4,,,,
01,수도권,S1,2,2호선,0366,신촌,TOLT,일반화장실(남),2,지하,1,지하 1층,"지하1층대합실, 5번출입구 옆 ",1,일반,1,남
01,수도권,S1,2,2호선,0366,신촌,TOLT,일반화장실(여),2,지하,1,지하 1층,"지하1층대합실, 5번출입구 옆 ",1,일반,2,여
01,수도권,S1,2,2호선,0366,신촌,TOLT,장애인화장실(남),2,지하,1,지하 1층,"지하1층대합실, 5번출입구 옆 ",2,장애인,1,남
01,수도권,S1,2,2호선,0366,신촌,TOLT,장애인화장실(여),2,지하,1,지하 1층,"지하1층대합실, 5번출입구 옆 ",2,장애인,2,여
01,수도권,S1,2,2호선,0366,신촌,INFO,고객센터,2,지하,1,지하 1층,B1층 대합실,,,,
01,수도권,S1,2,2호선,0366,신촌,LARM,수유실,2,지하,1,지하 1층,B1 고객안전실  인접,,,,
01,수도권,S1,2,2호선,0366,신촌,EV,일반승강기,2,지하,2,지하 2층,[1호기]홍대입구방면8-4,,,,
01,수도권,S1,2,2호선,0366,신촌,EV,일반승강기,2,지하,2,지하 2층,[2호기]이대방면4-4,,,,
01,수도권,S1,2,2호선,0596,홍대입구,EV,일반승강기,1,지상,1,지상 1층,[2호기]8번출구측,,,,
01,수도권,S1,2,2호선,0596,홍대입구,EV,일반승강기,2,지하,1,지하 1층,[2호기]8번출구측,,,,
01,수도권,S1,2,2호선,0596,홍대입구,EV,일반승강기,2,지하,1,지하 1층,"[1호기]합정방면7-2,신촌방면4-3",,,,
01,수도권,S1,2,2호선,0596,홍대입구,TOLT,일반화장실(남),2,지하,1,지하 1층,"지하1층대합실, 2번출입구 옆 ",1,일반,1,남
01,수도권,S1,2,2호선,0596,홍대입구,TOLT,일반화장실(여),2,지하,1,지하 1층,"지하1층대합실, 2번출입구 옆 ",1,일반,2,여
01,수도권,S1,2,2호선,0596,홍대입구,TOLT,장애인화장실(남),2,지하,1,지하 1층,"지하1층대합실, 2번출입구 옆 ",2,장애인,1,남
01,수도권,S1,2,2호선,0596,홍대입구,TOLT,장애인화장실(여),2,지하,1,지하 1층,"지하1층대합실, 2번출입구 옆 ",2,장애인,2,여
01,수도권,S1,2,2호선,0596,홍대입구,INFO,고객센터,2,지하,1,지하 1층,B1층 대합실,,,,
01,수도권,S1,2,2호선,0596,홍대입구,EV,일반승강기,2,지하,2,지하 2층,"[1호기]합정방면7-2,신촌방면4-3",,,,
01,수도권,S1,2,2호선,0591,합정,EV,일반승강기,1,지상,1,지상 1층,"[4호기]3,4번출구사이",,,,
01,수도권,S1,2,2호선,0591,합정,EV,일반승강기,1,지상,1,지상 1층,"[3호기]1,2번출구사이",,,,
01,수도권,S1,2,2호선,0591,합정,EV,일반승강기,2,지하,1,지하 1층,"[4호기]3,4번출구사이",,,,
01,수도권,S1,2,2호선,0591,합정,EV,일반승강기,2,지하,1,지하 1층,"[3호기]1,2번출구사이",,,,
01,수도권,S1,2,2호선,0591,합정,EV,일반승강기,2,지하,1,지하 1층,[2호기]홍대입구방면7-3,,,,
01,수도권,S1,2,2호선,0591,합정,EV,일반승강기,2,지하,1,지하 1층,[1호기]당산방면4-1,,,,
01,수도권,S1,2,2호선,0591,합정,TOLT,일반화장실(남),2,지하,1,지하 1층,"지하1층대합실, 1,2번출입구",1,일반,1,남
01,수도권,S1,2,2호선,0591,합정,TOLT,일반화장실(여),2,지하,1,지하 1층,"지하1층대합실, 1,2번출입구",1,일반,2,여
01,수도권,S1,2,2호선,0591,합정,TOLT,장애인화장실(남),2,지하,1,지하 1층,"지하1층대합실, 1,2번출입구",2,장애인,1,남
01,수도권,S1,2,2호선,0591,합정,TOLT,장애인화장실(여),2,지하,1,지하 1층,"지하1층대합실, 1,2번출입구",2,장애인,2,여
01,수도권,S1,2,2호선,0591,합정,INFO,고객센터,2,지하,1,지하 1층,B1층 대합실,,,,
01,수도권,S1,2,2호선,0591,합정,EV,일반승강기,2,지하,2,지하 2층,[1호기]당산방면4-1,,,,
01,수도권,S1,2,2호선,0591,합정,EV,일반승강기,2,지하,2,지하 2층,[2호기]홍대입구방면7-3,,,,
01,수도권,S1,2,2호선,0126,당산,EV,일반승강기,1,지상,3,지상 3층,[2호기]합정방면3-2,,,,
01,수도권,S1,2,2호선,0126,당산,EV,일반승강기,1,지상,3,지상 3층,[1호기]영등포구청방면8-3,,,,
01,수도권,S1,2,2호선,0126,당산,EV,일반승강기,1,지상,2,지상 2층,[1호기]영등포구청방면8-3,,,,
01,수도권,S1,2,2호선,0126,당산,EV,일반승강기,1,지상,2,지상 2층,[2호기]합정방면3-2,,,,
01,수도권,S1,2,2호선,0126,당산,EV,일반승강기,1,지상,2,지상 2층,[3호기]4번출구측,,,,
01,수도권,S1,2,2호선,0126,당산,EV,일반승강기,1,지상,2,지상 2층,[4호기]3번출구측,,,,
01,수도권,S1,2,2호선,0126,당산,TOLT,일반화장실(남),1,지상,2,지상 2층,"지상2층, 대합실 중앙(표 내는 곳 내부)",1,일반,1,남
01,수도권,S1,2,2호선,0126,당산,TOLT,일반화장실(여),1,지상,2,지상 2층,"지상2층, 대합실 중앙(표 내는 곳 내부)",1,일반,2,여
01,수도권,S1,2,2호선,0126,당산,TOLT,장애인화장실(남),1,지상,2,지상 2층,"지상2층, 대합실 중앙(표 내는 곳 내부)",2,장애인,1,남
01,수도권,S1,2,2호선,0126,당산,TOLT,장애인화장실(여),1,지상,2,지상 2층,"지상2층, 대합실 중앙(표 내는 곳 내부)",2,장애인,2,여
01,수도권,S1,2,2호선,0126,당산,INFO,고객센터,1,지상,2,지상 2층,2층 대합실,,,,
01,수도권,S1,2,2호선,0126,당산,EV,일반승강기,1,지상,1,지상 1층,[3호기]4번출구측,,,,
01,수도권,S1,2,2호선,0126,당산,EV,일반승강기,1,지상,1,지상 1층,[4호기]3번출구측,,,,
01,수도권,S1,2,2호선,0421,영등포구청,EV,일반승강기,1,지상,1,지상 1층,[4호기]5번출구측,,,,
01,수도권,S1,2,2호선,0421,영등포구청,EV,일반승강기,1,지상,1,지상 1층,[3호기]2번출구측,,,,
01,수도권,S1,2,2호선,0421,영등포구청,EV,일반승강기,2,지하,1,지하 1층,[4호기]5번출구측,,,,
01,수도권,S1,2,2호선,0421,영등포구청,EV,일반승강기,2,지하,1,지하 1층,[3호기]2번출구측,,,,
01,수도권,S1,2,2호선,0421,영등포구청,EV,일반승강기,2,지하,1,지하 1층,[2호기]당산방면3-1,,,,
01,수도권,S1,2,2호선,0421,영등포구청,EV,일반승강기,2,지하,1,지하 1층,[1호기]문래방면8-4,,,,
01,수도권,S1,2,2호선,0421,영등포구청,TOLT,일반화장실(남),2,지하,1,지하 1층,"지하1층 대합실(표 내는 곳 내부, 환승통로입구)",1,일반,1,남
01,수도권,S1,2,2호선,0421,영등포구청,TOLT,일반화장실(여),2,지하,1,지하 1층,"지하1층 대합실(표 내는 곳 내부, 환승통로입구)",1,일반,2,여
01,수도권,S1,2,2호선,0421,영등포구청,TOLT,장애인화장실(남),2,지하,1,지하 1층,"지하1층 대합실(표 내는 곳 내부, 환승통로입구)",2,장애인,1,남
01,수도권,S1,2,2호선,0421,영등포구청,TOLT,장애인화장실(여),2,지하,1,지하 1층,"지하1층 대합실(표 내는 곳 내부, 환승통로입구)",2,장애인,2,여
01,수도권,S1,2,2호선,0421,영등포구청,INFO,고객센터,2,지하,1,지하 1층,B1층 대합실,,,,
01,수도권,S1,2,2호선,0421,영등포구청,LARM,수유실,2,지하,1,지하 1층,B1 고객안전실  인접,,,,
01,수도권,S1,2,2호선,0421,영등포구청,EV,일반승강기,2,지하,2,지하 2층,[1호기]문래방면8-4,,,,
01,수도권,S1,2,2호선,0421,영등포구청,EV,일반승강기,2,지하,2,지하 2층,[2호기]당산방면3-1,,,,
01,수도권,S1,2,2호선,0206,문래,EV,일반승강기,1,지상,1,지상 1층,[4호기]1번출구측,,,,
01,수도권,S1,2,2호선,0206,문래,EV,일반승강기,1,지상,1,지상 1층,[3호기]5번출구측,,,,
01,수도권,S1,2,2호선,0206,문래,EV,일반승강기,2,지하,1,지하 1층,[4호기]1번출구측,,,,
01,수도권,S1,2,2호선,0206,문래,EV,일반승강기,2,지하,1,지하 1층,[3호기]5번출구측,,,,
01,수도권,S1,2,2호선,0206,문래,EV,일반승강기,2,지하,1,지하 1층,[2호기]영등포구청방면4-1,,,,
01,수도권,S1,2,2호선,0206,문래,EV,일반승강기,2,지하,1,지하 1층,[1호기]신도림방면7-4,,,,
01,수도권,S1,2,2호선,0206,문래,TOLT,일반화장실(남),2,지하,1,지하 1층,"지하1층 대합실(표 내는 곳 외부, 2,3번출입구방향)",1,일반,1,남
01,수도권,S1,2,2호선,0206,문래,TOLT,일반화장실(여),2,지하,1,지하 1층,"지하1층 대합실(표 내는 곳 외부, 2,3번출입구방향)",1,일반,2,여
01,수도권,S1,2,2호선,0206,문래,TOLT,장애인화장실(남),2,지하,1,지하 1층,"지하1층 대합실(표 내는 곳 외부, 2,3번출입구방향)",2,장애인,1,남
01,수도권,S1,2,2호선,0206,문래,TOLT,장애인화장실(여),2,지하,1,지하 1층,"지하1층 대합실(표 내는 곳 외부, 2,3번출입구방향)",2,장애인,2,여
01,수도권,S1,2,2호선,0206,문래,INFO,고객센터,2,지하,1,지하 1층,B1층 대합실,,,,
01,수도권,S1,2,2호선,0206,문래,EV,일반승강기,2,지하,2,지하 2층,[1호기]신도림방면7-4,,,,
01,수도권,S1,2,2호선,0206,문래,EV,일반승강기,2,지하,2,지하 2층,[2호기]영등포구청방면4-1,,,,
01,수도권,S1,2,2호선,0359,신도림,EV,일반승강기,1,지상,2,지상 2층,[3호기]1번출구측,,,,
01,수도권,S1,2,2호선,0359,신도림,EV,일반승강기,1,지상,2,지상 2층,[5호기](2층)-5번출입구에스컬레이터뒤쪽,,,,
01,수도권,S1,2,2호선,0359,신도림,EV,일반승강기,1,지상,1,지상 1층,[3호기](B1-F2)1번 출입구,,,,
01,수도권,S1,2,2호선,0359,신도림,EV,일반승강기,1,지상,1,지상 1층,[4호기]2번출구측,,,,
01,수도권,S1,2,2호선,0359,신도림,EV,일반승강기,2,지하,1,지하 1층,[5호기](2층)-5번출입구에스컬레이터뒤쪽,,,,
01,수도권,S1,2,2호선,0359,신도림,EV,일반승강기,2,지하,1,지하 1층,[4호기]2번출구측,,,,
01,수도권,S1,2,2호선,0359,신도림,EV,일반승강기,2,지하,1,지하 1층,[3호기]1번출구측,,,,
01,수도권,S1,2,2호선,0359,신도림,EV,일반승강기,2,지하,1,지하 1층,"[1호기]대림방면4-4,문래방면7-4",,,,
01,수도권,S1,2,2호선,0359,신도림,EV,일반승강기,2,지하,1,지하 1층,[2호기]대림방면3-2,,,,
01,수도권,S1,2,2호선,0359,신도림,ELEC,전동휠체어충전설비,2,지하,1,지하 1층,1번 출구 고객안내센터 좌측 벽면,,,,
01,수도권,S1,2,2호선,0359,신도림,TOLT,일반화장실(남),2,지하,1,지하 1층,"지하1층 대합실(개집표기 외부,1번 출입구방향)",1,일반,1,남
01,수도권,S1,2,2호선,0359,신도림,TOLT,일반화장실(남),2,지하,1,지하 1층,"지하1층 대합실 (표 내는 곳 내부, 1번출입구방향)",1,일반,1,남
01,수도권,S1,2,2호선,0359,신도림,TOLT,일반화장실(여),2,지하,1,지하 1층,"지하1층 대합실 (표 내는 곳 내부, 1번출입구방향)",1,일반,2,여
01,수도권,S1,2,2호선,0359,신도림,TOLT,일반화장실(여),2,지하,1,지하 1층,"지하1층 대합실(개집표기 외부,1번 출입구방향)",1,일반,2,여
01,수도권,S1,2,2호선,0359,신도림,TOLT,장애인화장실(남),2,지하,1,지하 1층,"지하1층 대합실 (표 내는 곳 내부, 1번출입구방향)",2,장애인,1,남
01,수도권,S1,2,2호선,0359,신도림,TOLT,장애인화장실(남),2,지하,1,지하 1층,"지하1층 대합실(개집표기 외부,1번 출입구방향)",2,장애인,1,남
01,수도권,S1,2,2호선,0359,신도림,TOLT,장애인화장실(여),2,지하,1,지하 1층,"지하1층 대합실 (표 내는 곳 내부, 1번출입구방향)",2,장애인,2,여
01,수도권,S1,2,2호선,0359,신도림,TOLT,장애인화장실(여),2,지하,1,지하 1층,"지하1층 대합실(개집표기 외부,1번 출입구방향)",2,장애인,2,여
01,수도권,S1,2,2호선,0359,신도림,INFO,고객센터,2,지하,1,지하 1층,B1층 대합실,,,,
01,수도권,S1,2,2호선,0359,신도림,EV,일반승강기,2,지하,2,지하 2층,[2호기]대림방면3-2,,,,
01,수도권,S1,2,2호선,0359,신도림,EV,일반승강기,2,지하,2,지하 2층,"[1호기]대림방면4-4,문래방면7-4",,,,
01,수도권,S1,2,2호선,0130,대림,EV,일반승강기,1,지상,3,지상 3층,[4호기]신도림방면8-3,,,,
01,수도권,S1,2,2호선,0130,대림,EV,일반승강기,1,지상,3,지상 3층,[3호기]구로디지털단지방면3-2,,,,
01,수도권,S1,2,2호선,0130,대림,EV,일반승강기,1,지상,2,지상 2층,[3호기]구로디지털단지방면3-2,,,,
01,수도권,S1,2,2호선,0130,대림,EV,일반승강기,1,지상,2,지상 2층,[4호기]신도림방면8-3,,,,
01,수도권,S1,2,2호선,0130,대림,EV,일반승강기,1,지상,2,지상 2층,[1호기]7번출구측,,,,
01,수도권,S1,2,2호선,0130,대림,EV,일반승강기,1,지상,2,지상 2층,[2호기]4번출구측,,,,
01,수도권,S1,2,2호선,0130,대림,ELEC,전동휠체어충전설비,1,지상,2,지상 2층,"1,2번출구쪽 비상게이트통과후 약4M전방",,,,
01,수도권,S1,2,2호선,0130,대림,TOLT,일반화장실(남),1,지상,2,지상 2층,"지상2층, 대합실 중앙(표 내는 곳 내부)",1,일반,1,남
01,수도권,S1,2,2호선,0130,대림,TOLT,일반화장실(여),1,지상,2,지상 2층,"지상2층, 대합실 중앙(표 내는 곳 내부)",1,일반,2,여
01,수도권,S1,2,2호선,0130,대림,TOLT,장애인화장실(남),1,지상,2,지상 2층,"지상2층, 대합실 중앙(표 내는 곳 내부)",2,장애인,1,남
01,수도권,S1,2,2호선,0130,대림,TOLT,장애인화장실(여),1,지상,2,지상 2층,"지상2층, 대합실 중앙(표 내는 곳 내부)",2,장애인,2,여
01,수도권,S1,2,2호선,0130,대림,INFO,고객센터,1,지상,2,지상 2층,2층 대합실,,,,
01,수도권,S1,2,2호선,0130,대림,LARM,수유실,1,지상,2,지상 2층,2F 고객안전실  인접,,,,
01,수도권,S1,2,2호선,0130,대림,EV,일반승강기,1,지상,1,지상 1층,[1호기]7번출구측,,,,
01,수도권,S1,2,2호선,0130,대림,EV,일반승강기,1,지상,1,지상 1층,[2호기]4번출구측,,,,
01,수도권,S1,2,2호선,0070,구로디지털단지,EV,일반승강기,1,지상,3,지상 3층,[3호기]6번출구측,,,,
01,수도권,S1,2,2호선,0070,구로디지털단지,EV,일반승강기,1,지상,3,지상 3층,[2호기]대림방면7-4,,,,
01,수도권,S1,2,2호선,0070,구로디지털단지,EV,일반승강기,1,지상,2,지상 2층,[3호기]6번출구측,,,,
01,수도권,S1,2,2호선,0070,구로디지털단지,EV,일반승강기,1,지상,2,지상 2층,[2호기]대림방면7-4,,,,
01,수도권,S1,2,2호선,0070,구로디지털단지,EV,일반승강기,1,지상,2,지상 2층,[1호기]신대방방면3-4,,,,
01,수도권,S1,2,2호선,0070,구로디지털단지,EV,일반승강기,1,지상,2,지상 2층,"[4호기]2,3번출구사이",,,,
01,수도권,S1,2,2호선,0070,구로디지털단지,TOLT,일반화장실(남),1,지상,2,지상 2층,"지상2층, 역무실 앞 (표 내는 곳 내부)",1,일반,1,남
01,수도권,S1,2,2호선,0070,구로디지털단지,TOLT,일반화장실(여),1,지상,2,지상 2층,"지상2층, 역무실 앞 (표 내는 곳 내부)",1,일반,2,여
01,수도권,S1,2,2호선,0070,구로디지털단지,TOLT,장애인화장실(남),1,지상,2,지상 2층,"지상2층, 역무실 앞 (표 내는 곳 내부)",2,장애인,1,남
01,수도권,S1,2,2호선,0070,구로디지털단지,TOLT,장애인화장실(여),1,지상,2,지상 2층,"지상2층, 역무실 앞 (표 내는 곳 내부)",2,장애인,2,여
01,수도권,S1,2,2호선,0070,구로디지털단지,INFO,고객센터,1,지상,2,지상 2층,2층 대합실,,,,
01,수도권,S1,2,2호선,0070,구로디지털단지,EV,일반승강기,1,지상,1,지상 1층,[1호기]신대방방면3-4,,,,
01,수도권,S1,2,2호선,0070,구로디지털단지,EV,일반승강기,1,지상,1,지상 1층,"[4호기]2,3번출구사이",,,,
01,수도권,S1,2,2호선,0357,신대방,EV,일반승강기,1,지상,3,지상 3층,[2호기]구로디지털단지방면8-1,,,,
01,수도권,S1,2,2호선,0357,신대방,EV,일반승강기,1,지상,3,지상 3층,[1호기]신림방면3-4,,,,
01,수도권,S1,2,2호선,0357,신대방,EV,일반승강기,1,지상,2,지상 2층,[1호기]신림방면3-4,,,,
01,수도권,S1,2,2호선,0357,신대방,EV,일반승강기,1,지상,2,지상 2층,[2호기]구로디지털단지방면8-1,,,,
01,수도권,S1,2,2호선,0357,신대방,EV,일반승강기,1,지상,2,지상 2층,[3호기]1번출구측,,,,
01,수도권,S1,2,2호선,0357,신대방,TOLT,일반화장실(남),1,지상,2,지상 2층,"대합실 2층 역무실쪽(1,2번출입구쪽), 표 내는 곳 내부",1,일반,1,남
01,수도권,S1,2,2호선,0357,신대방,TOLT,일반화장실(여),1,지상,2,지상 2층,"대합실 2층 역무실쪽(1,2번출입구쪽), 표 내는 곳 내부",1,일반,2,여
01,수도권,S1,2,2호선,0357,신대방,TOLT,장애인화장실(남),1,지상,2,지상 2층,"대합실 2층 역무실쪽(1,2번출입구쪽), 표 내는 곳 내부",2,장애인,1,남
01,수도권,S1,2,2호선,0357,신대방,TOLT,장애인화장실(여),1,지상,2,지상 2층,"대합실 2층 역무실쪽(1,2번출입구쪽), 표 내는 곳 내부",2,장애인,2,여
01,수도권,S1,2,2호선,0357,신대방,INFO,고객센터,1,지상,2,지상 2층,2층 대합실,,,,
01,수도권,S1,2,2호선,0357,신대방,EV,일반승강기,1,지상,1,지상 1층,[3호기]1번출구측,,,,
01,수도권,S1,2,2호선,0361,신림,EV,일반승강기,1,지상,1,지상 1층,[3호기]5번출구측,,,,
01,수도권,S1,2,2호선,0361,신림,EV,일반승강기,1,지상,1,지상 1층,[2호기]1번출구측,,,,
01,수도권,S1,2,2호선,0361,신림,EV,일반승강기,2,지하,1,지하 1층,[2호기]1번출구측,,,,
01,수도권,S1,2,2호선,0361,신림,EV,일반승강기,2,지하,1,지하 1층,[3호기]5번출구측,,,,
01,수도권,S1,2,2호선,0361,신림,EV,일반승강기,2,지하,1,지하 1층,"[1호기]신대방방면2-3,봉천방면7-4",,,,
01,수도권,S1,2,2호선,0361,신림,TOLT,일반화장실(남),2,지하,1,지하 1층,"대합실 1층 역무실 맞은편(3,4번출입구쪽),표 내는 곳 내부",1,일반,1,남
01,수도권,S1,2,2호선,0361,신림,TOLT,일반화장실(여),2,지하,1,지하 1층,"대합실 1층 역무실 맞은편(3,4번출입구쪽),표 내는 곳 내부",1,일반,2,여
01,수도권,S1,2,2호선,0361,신림,TOLT,장애인화장실(남),2,지하,1,지하 1층,"대합실 1층 역무실 맞은편(3,4번출입구쪽),표 내는 곳 내부",2,장애인,1,남
01,수도권,S1,2,2호선,0361,신림,TOLT,장애인화장실(여),2,지하,1,지하 1층,"대합실 1층 역무실 맞은편(3,4번출입구쪽),표 내는 곳 내부",2,장애인,2,여
01,수도권,S1,2,2호선,0361,신림,INFO,고객센터,2,지하,1,지하 1층,B1층 대합실,,,,
01,수도권,S1,2,2호선,0361,신림,LARM,수유실,2,지하,1,지하 1층,B1 고객안전실 방면 게이트 옆,,,,
01,수도권,S1,2,2호선,0361,신림,EV,일반승강기,2,지하,2,지하 2층,"[1호기]신대방방면2-3,봉천방면7-4",,,,
01,수도권,S1,2,2호선,0242,봉천,EV,일반승강기,1,지상,1,지상 1층,[2호기]4번출구측,,,,
01,수도권,S1,2,2호선,0242,봉천,EV,일반승강기,2,지하,1,지하 1층,[2호기]4번출구측,,,,
01,수도권,S1,2,2호선,0242,봉천,EV,일반승강기,2,지하,1,지하 1층,"[1호기]신림방면4-4,서울대방면7-4",,,,
01,수도권,S1,2,2호선,0242,봉천,TOLT,일반화장실(남),2,지하,1,지하 1층,"대합실1층, 안내부스맞은편(1,6번출입구쪽)표 내는 곳 외부",1,일반,1,남
01,수도권,S1,2,2호선,0242,봉천,TOLT,일반화장실(여),2,지하,1,지하 1층,"대합실1층, 안내부스맞은편(1,6번출입구쪽)표 내는 곳 외부",1,일반,2,여
01,수도권,S1,2,2호선,0242,봉천,TOLT,장애인화장실(남),2,지하,1,지하 1층,"대합실1층, 안내부스맞은편(1,6번출입구쪽)표 내는 곳 외부",2,장애인,1,남
01,수도권,S1,2,2호선,0242,봉천,TOLT,장애인화장실(여),2,지하,1,지하 1층,"대합실1층, 안내부스맞은편(1,6번출입구쪽)표 내는 곳 외부",2,장애인,2,여
01,수도권,S1,2,2호선,0242,봉천,INFO,고객센터,2,지하,1,지하 1층,B1층 대합실,,,,
01,수도권,S1,2,2호선,0242,봉천,EV,일반승강기,2,지하,2,지하 2층,"[1호기]신림방면4-4,서울대방면7-4",,,,
01,수도권,S1,2,2호선,0294,서울대입구,EV,일반승강기,1,지상,1,지상 1층,[3호기]2번출구측,,,,
01,수도권,S1,2,2호선,0294,서울대입구,EV,일반승강기,1,지상,1,지상 1층,[2호기]6번출구측,,,,
01,수도권,S1,2,2호선,0294,서울대입구,EV,일반승강기,2,지하,1,지하 1층,[2호기]6번출구측,,,,
01,수도권,S1,2,2호선,0294,서울대입구,EV,일반승강기,2,지하,1,지하 1층,[3호기]2번출구측,,,,
01,수도권,S1,2,2호선,0294,서울대입구,EV,일반승강기,2,지하,1,지하 1층,"[1호기]봉천방면6-2,낙성대방면5-3",,,,
01,수도권,S1,2,2호선,0294,서울대입구,TOLT,일반화장실(남),2,지하,1,지하 1층,"대합실 1층 (7,8번출입구쪽)",1,일반,1,남
01,수도권,S1,2,2호선,0294,서울대입구,TOLT,일반화장실(여),2,지하,1,지하 1층,"대합실 1층 (7,8번출입구쪽)",1,일반,2,여
01,수도권,S1,2,2호선,0294,서울대입구,TOLT,장애인화장실(남),2,지하,1,지하 1층,"대합실 1층 (7,8번출입구쪽)",2,장애인,1,남
01,수도권,S1,2,2호선,0294,서울대입구,TOLT,장애인화장실(여),2,지하,1,지하 1층,"대합실 1층 (7,8번출입구쪽)",2,장애인,2,여
01,수도권,S1,2,2호선,0294,서울대입구,INFO,고객센터,2,지하,1,지하 1층,B1층 대합실,,,,
01,수도권,S1,2,2호선,0294,서울대입구,EV,일반승강기,2,지하,2,지하 2층,"[1호기]봉천방면6-2,낙성대방면5-3",,,,
01,수도권,S1,2,2호선,0102,낙성대,EV,일반승강기,1,지상,1,지상 1층,[3호기]6번출구측,,,,
01,수도권,S1,2,2호선,0102,낙성대,EV,일반승강기,2,지하,1,지하 1층,[3호기]6번출구측,,,,
01,수도권,S1,2,2호선,0102,낙성대,EV,일반승강기,2,지하,1,지하 1층,[2호기]서울대입구방면3-3,,,,
01,수도권,S1,2,2호선,0102,낙성대,EV,일반승강기,2,지하,1,지하 1층,[1호기]사당방면8-2,,,,
01,수도권,S1,2,2호선,0102,낙성대,TOLT,일반화장실(남),2,지하,1,지하 1층,"대합실 1층 고객안내부스앞(3,4,5,6번출입구쪽)",1,일반,1,남
01,수도권,S1,2,2호선,0102,낙성대,TOLT,일반화장실(여),2,지하,1,지하 1층,"대합실 1층 고객안내부스앞(3,4,5,6번출입구쪽)",1,일반,2,여
01,수도권,S1,2,2호선,0102,낙성대,TOLT,장애인화장실(남),2,지하,1,지하 1층,"대합실 1층 고객안내부스앞(3,4,5,6번출입구쪽)",2,장애인,1,남
01,수도권,S1,2,2호선,0102,낙성대,TOLT,장애인화장실(여),2,지하,1,지하 1층,"대합실 1층 고객안내부스앞(3,4,5,6번출입구쪽)",2,장애인,2,여
01,수도권,S1,2,2호선,0102,낙성대,INFO,고객센터,2,지하,1,지하 1층,B1층 대합실,,,,
01,수도권,S1,2,2호선,0102,낙성대,EV,일반승강기,2,지하,2,지하 2층,[1호기]사당방면8-2,,,,
01,수도권,S1,2,2호선,0102,낙성대,EV,일반승강기,2,지하,2,지하 2층,[2호기]서울대입구방면3-3,,,,
01,수도권,S1,2,2호선,0257,사당,EV,일반승강기,1,지상,1,지상 1층,[3호기]6번출구측,,,,
01,수도권,S1,2,2호선,0257,사당,EV,일반승강기,1,지상,1,지상 1층,[2호기]14번출구측,,,,
01,수도권,S1,2,2호선,0257,사당,EV,일반승강기,2,지하,1,지하 1층,[2호기]14번출구측,,,,
01,수도권,S1,2,2호선,0257,사당,EV,일반승강기,2,지하,1,지하 1층,[3호기]6번출구측,,,,
01,수도권,S1,2,2호선,0257,사당,EV,일반승강기,2,지하,1,지하 1층,[1호기]방배방면4-4,,,,
01,수도권,S1,2,2호선,0257,사당,ELEC,전동휠체어충전설비,2,지하,1,지하 1층,13번 출입구에서 지하1층으로 내려온 후 40M,,,,
01,수도권,S1,2,2호선,0257,사당,TOLT,일반화장실(남),2,지하,1,지하 1층,"지하1층 대합실 7,8번 출입구 쪽(낙성대측)",1,일반,1,남
01,수도권,S1,2,2호선,0257,사당,TOLT,일반화장실(남),2,지하,1,지하 1층,"지하1층 대합실 1,2번 출입구 쪽(방배측)",1,일반,1,남
01,수도권,S1,2,2호선,0257,사당,TOLT,일반화장실(여),2,지하,1,지하 1층,"지하1층 대합실 7,8번 출입구 쪽(낙성대측)",1,일반,2,여
01,수도권,S1,2,2호선,0257,사당,TOLT,일반화장실(여),2,지하,1,지하 1층,"지하1층 대합실 1,2번 출입구 쪽(방배측)",1,일반,2,여
01,수도권,S1,2,2호선,0257,사당,TOLT,장애인화장실(남),2,지하,1,지하 1층,"지하1층 대합실 1,2번 출입구 쪽(방배측)",2,장애인,1,남
01,수도권,S1,2,2호선,0257,사당,TOLT,장애인화장실(남),2,지하,1,지하 1층,"지하1층 대합실 7,8번 출입구 쪽(낙성대측)",2,장애인,1,남
01,수도권,S1,2,2호선,0257,사당,TOLT,장애인화장실(여),2,지하,1,지하 1층,"지하1층 대합실 7,8번 출입구 쪽(낙성대측)",2,장애인,2,여
01,수도권,S1,2,2호선,0257,사당,TOLT,장애인화장실(여),2,지하,1,지하 1층,"지하1층 대합실 1,2번 출입구 쪽(방배측)",2,장애인,2,여
01,수도권,S1,2,2호선,0257,사당,INFO,고객센터,2,지하,1,지하 1층,B1층 대합실,,,,
01,수도권,S1,2,2호선,0257,사당,EV,일반승강기,2,지하,2,지하 2층,[1호기]방배방면4-4,,,,
01,수도권,S1,2,2호선,0218,방배,EV,일반승강기,1,지상,1,지상 1층,[3호기]3번출구측,,,,
01,수도권,S1,2,2호선,0218,방배,EV,일반승강기,2,지하,1,지하 1층,[3호기]3번출구측,,,,
01,수도권,S1,2,2호선,0218,방배,EV,일반승강기,2,지하,1,지하 1층,[2호기]사당방면3-1,,,,
01,수도권,S1,2,2호선,0218,방배,EV,일반승강기,2,지하,1,지하 1층,[1호기]서초방면8-3,,,,
01,수도권,S1,2,2호선,0218,방배,TOLT,일반화장실(남),2,지하,1,지하 1층,"서초방면 대합실 끝(1,4번 출입구방향),표 내는 곳 외부",1,일반,1,남
01,수도권,S1,2,2호선,0218,방배,TOLT,일반화장실(여),2,지하,1,지하 1층,"서초방면 대합실 끝(1,4번 출입구방향),표 내는 곳 외부",1,일반,2,여
01,수도권,S1,2,2호선,0218,방배,TOLT,장애인화장실(남),2,지하,1,지하 1층,"서초방면 대합실 끝(1,4번 출입구방향),표 내는 곳 외부",2,장애인,1,남
01,수도권,S1,2,2호선,0218,방배,TOLT,장애인화장실(여),2,지하,1,지하 1층,"서초방면 대합실 끝(1,4번 출입구방향),표 내는 곳 외부",2,장애인,2,여
01,수도권,S1,2,2호선,0218,방배,INFO,고객센터,2,지하,1,지하 1층,B1층 대합실,,,,
01,수도권,S1,2,2호선,0218,방배,EV,일반승강기,2,지하,2,지하 2층,[1호기]서초방면8-3,,,,
01,수도권,S1,2,2호선,0218,방배,EV,일반승강기,2,지하,2,지하 2층,[2호기]사당방면3-1,,,,
01,수도권,S1,2,2호선,0298,서초,EV,일반승강기,1,지상,1,지상 1층,"[4호기]3,4번출구측",,,,
01,수도권,S1,2,2호선,0298,서초,EV,일반승강기,1,지상,1,지상 1층,[3호기]1번출구측,,,,
01,수도권,S1,2,2호선,0298,서초,EV,일반승강기,2,지하,1,지하 1층,"[4호기]3,4번출구측",,,,
01,수도권,S1,2,2호선,0298,서초,EV,일반승강기,2,지하,1,지하 1층,[3호기]1번출구측,,,,
01,수도권,S1,2,2호선,0298,서초,EV,일반승강기,2,지하,1,지하 1층,[2호기]방배방면9-1,,,,
01,수도권,S1,2,2호선,0298,서초,EV,일반승강기,2,지하,1,지하 1층,[1호기]교대방면2-4,,,,
01,수도권,S1,2,2호선,0298,서초,ELEC,전동휠체어충전설비,2,지하,1,지하 1층,"3,4번 출구 에스컬레이터 올라가기전 벽면",,,,
01,수도권,S1,2,2호선,0298,서초,TOLT,일반화장실(남),2,지하,1,지하 1층,"대합실1층 (1,2,7,8번 출입구쪽),표 내는 곳 외부",1,일반,1,남
01,수도권,S1,2,2호선,0298,서초,TOLT,일반화장실(여),2,지하,1,지하 1층,"대합실1층 (1,2,7,8번 출입구쪽),표 내는 곳 외부",1,일반,2,여
01,수도권,S1,2,2호선,0298,서초,TOLT,장애인화장실(남),2,지하,1,지하 1층,"대합실1층 (1,2,7,8번 출입구쪽),표 내는 곳 외부",2,장애인,1,남
01,수도권,S1,2,2호선,0298,서초,TOLT,장애인화장실(여),2,지하,1,지하 1층,"대합실1층 (1,2,7,8번 출입구쪽),표 내는 곳 외부",2,장애인,2,여
01,수도권,S1,2,2호선,0298,서초,INFO,고객센터,2,지하,1,지하 1층,B1층 대합실,,,,
01,수도권,S1,2,2호선,0298,서초,EV,일반승강기,2,지하,2,지하 2층,[1호기]교대방면2-4,,,,
01,수도권,S1,2,2호선,0298,서초,EV,일반승강기,2,지하,2,지하 2층,[2호기]방배방면9-1,,,,
01,수도권,S1,2,2호선,0068,교대,EV,일반승강기,1,지상,1,지상 1층,[3호기]5번출구측,,,,
01,수도권,S1,2,2호선,0068,교대,EV,일반승강기,2,지하,1,지하 1층,[3호기]5번출구측,,,,
01,수도권,S1,2,2호선,0068,교대,EV,일반승강기,2,지하,1,지하 1층,[2호기]서초방면3-1,,,,
01,수도권,S1,2,2호선,0068,교대,EV,일반승강기,2,지하,1,지하 1층,[1호기]강남방면8-4,,,,
01,수도권,S1,2,2호선,0068,교대,TOLT,일반화장실(남),2,지하,1,지하 1층,"대합실 1층 1,2,3,4,번출입구 쪽",1,일반,1,남
01,수도권,S1,2,2호선,0068,교대,TOLT,일반화장실(여),2,지하,1,지하 1층,"대합실 1층 1,2,3,4,번출입구 쪽",1,일반,2,여
01,수도권,S1,2,2호선,0068,교대,TOLT,장애인화장실(남),2,지하,1,지하 1층,"대합실 1층 1,2,3,4,번출입구 쪽",2,장애인,1,남
01,수도권,S1,2,2호선,0068,교대,TOLT,장애인화장실(여),2,지하,1,지하 1층,"대합실 1층 1,2,3,4,번출입구 쪽",2,장애인,2,여
01,수도권,S1,2,2호선,0068,교대,INFO,고객센터,2,지하,1,지하 1층,B1층 대합실,,,,
01,수도권,S1,2,2호선,0068,교대,EV,일반승강기,2,지하,2,지하 2층,[1호기]강남방면8-4,,,,
01,수도권,S1,2,2호선,0068,교대,EV,일반승강기,2,지하,2,지하 2층,[2호기]서초방면3-1,,,,
01,수도권,S1,2,2호선,0017,강남,EV,일반승강기,1,지상,1,지상 1층,[4호기]10번출구측,,,,
01,수도권,S1,2,2호선,0017,강남,EV,일반승강기,1,지상,1,지상 1층,[3호기]1번출구측,,,,
01,수도권,S1,2,2호선,0017,강남,EV,일반승강기,2,지하,1,지하 1층,[4호기]10번출구측,,,,
01,수도권,S1,2,2호선,0017,강남,EV,일반승강기,2,지하,1,지하 1층,[3호기]1번출구측,,,,
01,수도권,S1,2,2호선,0017,강남,EV,일반승강기,2,지하,1,지하 1층,[2호기]교대방면3-4,,,,
01,수도권,S1,2,2호선,0017,강남,EV,일반승강기,2,지하,1,지하 1층,[1호기]역삼방면8-1,,,,
01,수도권,S1,2,2호선,0017,강남,TOLT,일반화장실(남),2,지하,1,지하 1층,"대합실 1층 역무실쪽(1,12번출입구쪽),표 내는 곳 내부",1,일반,1,남
01,수도권,S1,2,2호선,0017,강남,TOLT,일반화장실(여),2,지하,1,지하 1층,"대합실 1층 역무실쪽(1,12번출입구쪽),표 내는 곳 내부",1,일반,2,여
01,수도권,S1,2,2호선,0017,강남,TOLT,장애인화장실(남),2,지하,1,지하 1층,"대합실 1층 역무실쪽(1,12번출입구쪽),표 내는 곳 내부",2,장애인,1,남
01,수도권,S1,2,2호선,0017,강남,TOLT,장애인화장실(여),2,지하,1,지하 1층,"대합실 1층 역무실쪽(1,12번출입구쪽),표 내는 곳 내부",2,장애인,2,여
01,수도권,S1,2,2호선,0017,강남,INFO,고객센터,2,지하,1,지하 1층,B1층 대합실,,,,
01,수도권,S1,2,2호선,0017,강남,LARM,수유실,2,지하,1,지하 1층,B1 고객안전실  앞,,,,
01,수도권,S1,2,2호선,0017,강남,EV,일반승강기,2,지하,2,지하 2층,[1호기]역삼방면8-1,,,,
01,수도권,S1,2,2호선,0017,강남,EV,일반승강기,2,지하,2,지하 2층,[2호기]교대방면3-4,,,,
01,수도권,S1,2,2호선,0415,역삼,EV,일반승강기,1,지상,1,지상 1층,[4호기]4번출구측,,,,
01,수도권,S1,2,2호선,0415,역삼,EV,일반승강기,1,지상,1,지상 1층,[3호기]3번출구측,,,,
01,수도권,S1,2,2호선,0415,역삼,EV,일반승강기,2,지하,1,지하 1층,[4호기]4번출구측,,,,
01,수도권,S1,2,2호선,0415,역삼,EV,일반승강기,2,지하,1,지하 1층,[3호기]3번출구측,,,,
01,수도권,S1,2,2호선,0415,역삼,EV,일반승강기,2,지하,1,지하 1층,[2호기]강남방면4-1,,,,
01,수도권,S1,2,2호선,0415,역삼,EV,일반승강기,2,지하,1,지하 1층,[1호기]선릉방면7-3,,,,
01,수도권,S1,2,2호선,0415,역삼,EV,일반승강기,2,지하,2,지하 2층,[1호기]선릉방면7-3,,,,
01,수도권,S1,2,2호선,0415,역삼,EV,일반승강기,2,지하,2,지하 2층,[2호기]강남방면4-1,,,,
01,수도권,S1,2,2호선,0415,역삼,TOLT,일반화장실(남),2,지하,2,지하 2층,대합실 2층 통로 중앙,1,일반,1,남
01,수도권,S1,2,2호선,0415,역삼,TOLT,일반화장실(여),2,지하,2,지하 2층,대합실 2층 통로 중앙,1,일반,2,여
01,수도권,S1,2,2호선,0415,역삼,TOLT,장애인화장실(남),2,지하,2,지하 2층,대합실 2층 통로 중앙,2,장애인,1,남
01,수도권,S1,2,2호선,0415,역삼,TOLT,장애인화장실(여),2,지하,2,지하 2층,대합실 2층 통로 중앙,2,장애인,2,여
01,수도권,S1,2,2호선,0415,역삼,INFO,고객센터,2,지하,2,지하 2층,B2층 대합실,,,,
01,수도권,S1,2,2호선,0306,선릉,EV,일반승강기,1,지상,1,지상 1층,[1호기]1번출구측,,,,
01,수도권,S1,2,2호선,0306,선릉,EV,일반승강기,1,지상,1,지상 1층,[3호기]10번출구측,,,,
01,수도권,S1,2,2호선,0306,선릉,EV,일반승강기,1,지상,1,지상 1층,[2호기]5번출구측,,,,
01,수도권,S1,2,2호선,0306,선릉,EV,일반승강기,2,지하,1,지하 1층,[1호기]1번출구측,,,,
01,수도권,S1,2,2호선,0306,선릉,EV,일반승강기,2,지하,1,지하 1층,[2호기]5번출구측,,,,
01,수도권,S1,2,2호선,0306,선릉,EV,일반승강기,2,지하,1,지하 1층,[3호기]10번출구측,,,,
01,수도권,S1,2,2호선,0306,선릉,ELEC,전동휠체어충전설비,2,지하,1,지하 1층,대합실 1번 출구쪽 화장실앞,,,,
01,수도권,S1,2,2호선,0306,선릉,TOLT,일반화장실(남),2,지하,1,지하 1층,대합실 1층 1번출입구 앞,1,일반,1,남
01,수도권,S1,2,2호선,0306,선릉,TOLT,일반화장실(여),2,지하,1,지하 1층,대합실 1층 1번출입구 앞,1,일반,2,여
01,수도권,S1,2,2호선,0306,선릉,TOLT,장애인화장실(남),2,지하,1,지하 1층,대합실 1층 1번출입구 앞,2,장애인,1,남
01,수도권,S1,2,2호선,0306,선릉,TOLT,장애인화장실(여),2,지하,1,지하 1층,대합실 1층 1번출입구 앞,2,장애인,2,여
01,수도권,S1,2,2호선,0306,선릉,INFO,고객센터,2,지하,1,지하 1층,B1층 대합실,,,,
01,수도권,S1,2,2호선,0266,삼성,EV,일반승강기,1,지상,1,지상 1층,[2호기]1번출구측,,,,
01,수도권,S1,2,2호선,0266,삼성,EV,일반승강기,1,지상,1,지상 1층,[4호기]4번출구측,,,,
01,수도권,S1,2,2호선,0266,삼성,EV,일반승강기,1,지상,1,지상 1층,[3호기]6번출구측,,,,
01,수도권,S1,2,2호선,0266,삼성,EV,일반승강기,2,지하,1,지하 1층,[2호기]1번출구측,,,,
01,수도권,S1,2,2호선,0266,삼성,EV,일반승강기,2,지하,1,지하 1층,[3호기]6번출구측,,,,
01,수도권,S1,2,2호선,0266,삼성,EV,일반승강기,2,지하,1,지하 1층,[4호기]4번출구측,,,,
01,수도권,S1,2,2호선,0266,삼성,EV,일반승강기,2,지하,1,지하 1층,"[1호기]종합운동장방면3-1,선릉방면8-4",,,,
01,수도권,S1,2,2호선,0266,삼성,TOLT,일반화장실(남),2,지하,1,지하 1층,대합실 1층 통로 중앙,1,일반,1,남
01,수도권,S1,2,2호선,0266,삼성,TOLT,일반화장실(여),2,지하,1,지하 1층,대합실 1층 통로 중앙,1,일반,2,여
01,수도권,S1,2,2호선,0266,삼성,TOLT,장애인화장실(남),2,지하,1,지하 1층,대합실 1층 통로 중앙,2,장애인,1,남
01,수도권,S1,2,2호선,0266,삼성,TOLT,장애인화장실(여),2,지하,1,지하 1층,대합실 1층 통로 중앙,2,장애인,2,여
01,수도권,S1,2,2호선,0266,삼성,INFO,고객센터,2,지하,1,지하 1층,B1층 대합실,,,,
01,수도권,S1,2,2호선,0266,삼성,LARM,수유실,2,지하,1,지하 1층,B1 아이센터 옆,,,,
01,수도권,S1,2,2호선,0266,삼성,EV,일반승강기,2,지하,2,지하 2층,"[1호기]종합운동장방면3-1,선릉방면8-4",,,,
01,수도권,S1,2,2호선,0518,종합운동장,EV,일반승강기,1,지상,1,지상 1층,[3호기]6번출구측,,,,
01,수도권,S1,2,2호선,0518,종합운동장,EV,일반승강기,2,지하,1,지하 1층,[3호기]6번출구측,,,,
01,수도권,S1,2,2호선,0518,종합운동장,EV,일반승강기,2,지하,1,지하 1층,[2호기]삼성방면8-4,,,,
01,수도권,S1,2,2호선,0518,종합운동장,EV,일반승강기,2,지하,1,지하 1층,[1호기]잠실새내방면2-4,,,,
01,수도권,S1,2,2호선,0518,종합운동장,TOLT,일반화장실(남),2,지하,1,지하 1층,대합실 1층 5번 출입구 앞 (삼성측),1,일반,1,남
01,수도권,S1,2,2호선,0518,종합운동장,TOLT,일반화장실(남),2,지하,1,지하 1층,"대합실 1층 1,2번출입구 앞 (잠실새내측)",1,일반,1,남
01,수도권,S1,2,2호선,0518,종합운동장,TOLT,일반화장실(여),2,지하,1,지하 1층,대합실 1층 5번 출입구 앞 (삼성측),1,일반,2,여
01,수도권,S1,2,2호선,0518,종합운동장,TOLT,일반화장실(여),2,지하,1,지하 1층,"대합실 1층 1,2번출입구 앞 (잠실새내측)",1,일반,2,여
01,수도권,S1,2,2호선,0518,종합운동장,TOLT,장애인화장실(남),2,지하,1,지하 1층,"대합실 1층 1,2번출입구 앞 (잠실새내측)",2,장애인,1,남
01,수도권,S1,2,2호선,0518,종합운동장,TOLT,장애인화장실(남),2,지하,1,지하 1층,대합실 1층 5번 출입구 앞 (삼성측),2,장애인,1,남
01,수도권,S1,2,2호선,0518,종합운동장,TOLT,장애인화장실(여),2,지하,1,지하 1층,대합실 1층 5번 출입구 앞 (삼성측),2,장애인,2,여
01,수도권,S1,2,2호선,0518,종합운동장,TOLT,장애인화장실(여),2,지하,1,지하 1층,"대합실 1층 1,2번출입구 앞 (잠실새내측)",2,장애인,2,여
01,수도권,S1,2,2호선,0518,종합운동장,INFO,고객센터,2,지하,1,지하 1층,B1층 대합실,,,,
01,수도권,S1,2,2호선,0518,종합운동장,EV,일반승강기,2,지하,2,지하 2층,[2호기]삼성방면8-4,,,,
01,수도권,S1,2,2호선,0518,종합운동장,EV,일반승강기,2,지하,2,지하 2층,[1호기]잠실새내방면2-4,,,,
01,수도권,S1,2,2호선,0499,잠실새내,EV,일반승강기,1,지상,1,지상 1층,[4호기]2번출구측,,,,
01,수도권,S1,2,2호선,0499,잠실새내,EV,일반승강기,1,지상,1,지상 1층,[3호기]7번출구측,,,,
01,수도권,S1,2,2호선,0499,잠실새내,EV,일반승강기,2,지하,1,지하 1층,[4호기]2번출구측,,,,
01,수도권,S1,2,2호선,0499,잠실새내,EV,일반승강기,2,지하,1,지하 1층,[3호기]7번출구측,,,,
01,수도권,S1,2,2호선,0499,잠실새내,EV,일반승강기,2,지하,1,지하 1층,[2호기]종합운동장방면4-1,,,,
01,수도권,S1,2,2호선,0499,잠실새내,EV,일반승강기,2,지하,1,지하 1층,[1호기]잠실방면7-3,,,,
01,수도권,S1,2,2호선,0499,잠실새내,TOLT,일반화장실(남),2,지하,1,지하 1층,대합실 1층 2번출입구 앞,1,일반,1,남
01,수도권,S1,2,2호선,0499,잠실새내,TOLT,일반화장실(여),2,지하,1,지하 1층,대합실 1층 2번출입구 앞,1,일반,2,여
01,수도권,S1,2,2호선,0499,잠실새내,TOLT,장애인화장실(남),2,지하,1,지하 1층,대합실 1층 2번출입구 앞,2,장애인,1,남
01,수도권,S1,2,2호선,0499,잠실새내,TOLT,장애인화장실(여),2,지하,1,지하 1층,대합실 1층 2번출입구 앞,2,장애인,2,여
01,수도권,S1,2,2호선,0499,잠실새내,INFO,고객센터,2,지하,1,지하 1층,B1층 대합실,,,,
01,수도권,S1,2,2호선,0499,잠실새내,EV,일반승강기,2,지하,2,지하 2층,[1호기]잠실방면7-3,,,,
01,수도권,S1,2,2호선,0499,잠실새내,EV,일반승강기,2,지하,2,지하 2층,[2호기]종합운동장방면4-1,,,,
01,수도권,S1,2,2호선,0497,잠실,EV,일반승강기,1,지상,1,지상 1층,[4호기]1번출구측,,,,
01,수도권,S1,2,2호선,0497,잠실,EV,일반승강기,1,지상,1,지상 1층,[3호기]6번출구측,,,,
01,수도권,S1,2,2호선,0497,잠실,EV,일반승강기,2,지하,1,지하 1층,[3호기]6번출구측,,,,
01,수도권,S1,2,2호선,0497,잠실,EV,일반승강기,2,지하,1,지하 1층,[4호기]1번출구측,,,,
01,수도권,S1,2,2호선,0497,잠실,EV,일반승강기,2,지하,1,지하 1층,[2호기]잠실새내방면6-3,,,,
01,수도권,S1,2,2호선,0497,잠실,EV,일반승강기,2,지하,1,지하 1층,[1호기]잠실나루방면5-2,,,,
01,수도권,S1,2,2호선,0497,잠실,WCLF,휠체어리프트,2,지하,1,지하 1층,잠실쇼핑센터 측 연결계단,,,,
01,수도권,S1,2,2호선,0497,잠실,TOLT,일반화장실(남),2,지하,1,지하 1층,"대합실 1층 1,2번출입구 앞 ",1,일반,1,남
01,수도권,S1,2,2호선,0497,잠실,TOLT,일반화장실(여),2,지하,1,지하 1층,"대합실 1층 1,2번출입구 앞 ",1,일반,2,여
01,수도권,S1,2,2호선,0497,잠실,TOLT,장애인화장실(남),2,지하,1,지하 1층,"대합실 1층 1,2번출입구 앞 ",2,장애인,1,남
01,수도권,S1,2,2호선,0497,잠실,TOLT,장애인화장실(여),2,지하,1,지하 1층,"대합실 1층 1,2번출입구 앞 ",2,장애인,2,여
01,수도권,S1,2,2호선,0497,잠실,INFO,고객센터,2,지하,1,지하 1층,B1층 대합실,,,,
01,수도권,S1,2,2호선,0497,잠실,LARM,수유실,2,지하,1,지하 1층,B1 8호선 연결통로방면 게이트 옆,,,,
01,수도권,S1,2,2호선,0497,잠실,EV,일반승강기,2,지하,2,지하 2층,[1호기]잠실나루방면5-2,,,,
01,수도권,S1,2,2호선,0497,잠실,EV,일반승강기,2,지하,2,지하 2층,[2호기]잠실새내방면6-3,,,,
01,수도권,S1,2,2호선,0498,잠실나루,EV,일반승강기,1,지상,2,지상 2층,[1호기]강변방면3-4,,,,
01,수도권,S1,2,2호선,0498,잠실나루,EV,일반승강기,1,지상,2,지상 2층,[2호기]잠실방면8-1,,,,
01,수도권,S1,2,2호선,0498,잠실나루,EV,일반승강기,1,지상,1,지상 1층,[1호기]강변방면3-4,,,,
01,수도권,S1,2,2호선,0498,잠실나루,EV,일반승강기,1,지상,1,지상 1층,[2호기]잠실방면8-1,,,,
01,수도권,S1,2,2호선,0498,잠실나루,TOLT,일반화장실(남),1,지상,1,지상 1층,대합실 1층 통로 중앙,1,일반,1,남
01,수도권,S1,2,2호선,0498,잠실나루,TOLT,일반화장실(여),1,지상,1,지상 1층,대합실 1층 통로 중앙,1,일반,2,여
01,수도권,S1,2,2호선,0498,잠실나루,TOLT,장애인화장실(남),1,지상,1,지상 1층,대합실 1층 통로 중앙,2,장애인,1,남
01,수도권,S1,2,2호선,0498,잠실나루,TOLT,장애인화장실(여),1,지상,1,지상 1층,대합실 1층 통로 중앙,2,장애인,2,여
01,수도권,S1,2,2호선,0498,잠실나루,INFO,고객센터,1,지상,1,지상 1층,1층 대합실,,,,
01,수도권,S1,2,2호선,0023,강변,EV,일반승강기,1,지상,2,지상 2층,[1호기]구의방면4-2,,,,
01,수도권,S1,2,2호선,0023,강변,EV,일반승강기,1,지상,2,지상 2층,[2호기]잠실나루방면7-3,,,,
01,수도권,S1,2,2호선,0023,강변,EV,일반승강기,1,지상,1,지상 1층,[1호기]구의방면4-2,,,,
01,수도권,S1,2,2호선,0023,강변,EV,일반승강기,1,지상,1,지상 1층,[2호기]잠실나루방면7-3,,,,
01,수도권,S1,2,2호선,0023,강변,TOLT,일반화장실(남),1,지상,1,지상 1층,대합실 1층 통로 중앙,1,일반,1,남
01,수도권,S1,2,2호선,0023,강변,TOLT,일반화장실(여),1,지상,1,지상 1층,대합실 1층 통로 중앙,1,일반,2,여
01,수도권,S1,2,2호선,0023,강변,TOLT,장애인화장실(남),1,지상,1,지상 1층,대합실 1층 통로 중앙,2,장애인,1,남
01,수도권,S1,2,2호선,0023,강변,TOLT,장애인화장실(여),1,지상,1,지상 1층,대합실 1층 통로 중앙,2,장애인,2,여
01,수도권,S1,2,2호선,0023,강변,INFO,고객센터,1,지상,1,지상 1층,1층 대합실,,,,
01,수도권,S1,2,2호선,0023,강변,LARM,수유실,1,지상,1,지상 1층,2번출구방면 게이트 안쪽,,,,
01,수도권,S1,2,2호선,0076,구의,EV,일반승강기,1,지상,3,지상 3층,[1호기]건대입구방면4-3,,,,
01,수도권,S1,2,2호선,0076,구의,EV,일반승강기,1,지상,3,지상 3층,"[2호기]강변방면7-2,2번출구측",,,,
01,수도권,S1,2,2호선,0076,구의,EV,일반승강기,1,지상,2,지상 2층,[1호기]건대입구방면4-3,,,,
01,수도권,S1,2,2호선,0076,구의,TOLT,일반화장실(남),1,지상,2,지상 2층,대합실 2층 통로 중앙,1,일반,1,남
01,수도권,S1,2,2호선,0076,구의,TOLT,일반화장실(여),1,지상,2,지상 2층,대합실 2층 통로 중앙,1,일반,2,여
01,수도권,S1,2,2호선,0076,구의,TOLT,장애인화장실(남),1,지상,2,지상 2층,대합실 2층 통로 중앙,2,장애인,1,남
01,수도권,S1,2,2호선,0076,구의,TOLT,장애인화장실(여),1,지상,2,지상 2층,대합실 2층 통로 중앙,2,장애인,2,여
01,수도권,S1,2,2호선,0076,구의,INFO,고객센터,1,지상,2,지상 2층,2층 대합실,,,,
01,수도권,S1,2,2호선,0076,구의,EV,일반승강기,1,지상,1,지상 1층,"[2호기]강변방면7-2,2번출구측",,,,
01,수도권,S1,2,2호선,0031,건대입구,EV,일반승강기,1,지상,3,지상 3층,"[2호기]구의방면7-3,6번출구측",,,,
01,수도권,S1,2,2호선,0031,건대입구,EV,일반승강기,1,지상,3,지상 3층,[1호기]성수방면5-4,,,,
01,수도권,S1,2,2호선,0031,건대입구,EV,일반승강기,1,지상,2,지상 2층,[1호기]성수방면5-4,,,,
01,수도권,S1,2,2호선,0031,건대입구,ELEC,전동휠체어충전설비,1,지상,2,지상 2층,대합실 위생자판기 옆,,,,
01,수도권,S1,2,2호선,0031,건대입구,TOLT,일반화장실(남),1,지상,2,지상 2층,대합실 2층 통로 중앙,1,일반,1,남
01,수도권,S1,2,2호선,0031,건대입구,TOLT,일반화장실(여),1,지상,2,지상 2층,대합실 2층 통로 중앙,1,일반,2,여
01,수도권,S1,2,2호선,0031,건대입구,TOLT,장애인화장실(남),1,지상,2,지상 2층,대합실 2층 통로 중앙,2,장애인,1,남
01,수도권,S1,2,2호선,0031,건대입구,TOLT,장애인화장실(여),1,지상,2,지상 2층,대합실 2층 통로 중앙,2,장애인,2,여
01,수도권,S1,2,2호선,0031,건대입구,INFO,고객센터,1,지상,2,지상 2층,2층 대합실,,,,
01,수도권,S1,2,2호선,0031,건대입구,EV,일반승강기,1,지상,1,지상 1층,"[2호기]구의방면7-3,6번출구측",,,,
01,수도권,S1,2,2호선,0314,성수,EV,일반승강기,1,지상,3,지상 3층,[2호기]건대입구방면4-4,,,,
01,수도권,S1,2,2호선,0314,성수,EV,일반승강기,1,지상,3,지상 3층,[1호기]뚝섬방면7-1,,,,
01,수도권,S1,2,2호선,0314,성수,EV,일반승강기,1,지상,2,지상 2층,[1호기]뚝섬방면7-1,,,,
01,수도권,S1,2,2호선,0314,성수,EV,일반승강기,1,지상,2,지상 2층,[2호기]건대입구방면4-4,,,,
01,수도권,S1,2,2호선,0314,성수,EV,일반승강기,1,지상,2,지상 2층,[4호기]4번출구측,,,,
01,수도권,S1,2,2호선,0314,성수,EV,일반승강기,1,지상,2,지상 2층,[3호기]1번출구측,,,,
01,수도권,S1,2,2호선,0314,성수,ELEC,전동휠체어충전설비,1,지상,2,지상 2층,가대합실 해피박스옆,,,,
01,수도권,S1,2,2호선,0314,성수,TOLT,일반화장실(남),1,지상,2,지상 2층,대합실 2층 2번출입구측  ,1,일반,1,남
01,수도권,S1,2,2호선,0314,성수,TOLT,일반화장실(여),1,지상,2,지상 2층,대합실 2층 2번출입구측  ,1,일반,2,여
01,수도권,S1,2,2호선,0314,성수,TOLT,장애인화장실(남),1,지상,2,지상 2층,대합실 2층 2번출입구측  ,2,장애인,1,남
01,수도권,S1,2,2호선,0314,성수,TOLT,장애인화장실(여),1,지상,2,지상 2층,대합실 2층 2번출입구측  ,2,장애인,2,여
01,수도권,S1,2,2호선,0314,성수,INFO,고객센터,1,지상,2,지상 2층,2층 대합실,,,,
01,수도권,S1,2,2호선,0314,성수,EV,일반승강기,1,지상,1,지상 1층,[4호기]4번출구측,,,,
01,수도권,S1,2,2호선,0314,성수,EV,일반승강기,1,지상,1,지상 1층,[3호기]1번출구측,,,,
01,수도권,S1,2,2호선,0314,성수,LARM,수유실,1,지상,1,지상 1층,1번출구방면 게이트 안쪽,,,,
01,수도권,S1,2,2호선,0175,뚝섬,EV,일반승강기,1,지상,3,지상 3층,[2호기]성수방면7-1,,,,
01,수도권,S1,2,2호선,0175,뚝섬,EV,일반승강기,1,지상,3,지상 3층,[1호기]한양대방면7-1,,,,
01,수도권,S1,2,2호선,0175,뚝섬,EV,일반승강기,1,지상,2,지상 2층,[1호기]한양대방면7-1,,,,
01,수도권,S1,2,2호선,0175,뚝섬,EV,일반승강기,1,지상,2,지상 2층,[2호기]성수방면7-1,,,,
01,수도권,S1,2,2호선,0175,뚝섬,EV,일반승강기,1,지상,2,지상 2층,[3호기]3번출구측,,,,
01,수도권,S1,2,2호선,0175,뚝섬,EV,일반승강기,1,지상,2,지상 2층,[4호기]6번출구측,,,,
01,수도권,S1,2,2호선,0175,뚝섬,ELEC,전동휠체어충전설비,1,지상,2,지상 2층,대합실 3번출구 E/V옆,,,,
01,수도권,S1,2,2호선,0175,뚝섬,TOLT,일반화장실(남),1,지상,2,지상 2층,역무실 옆,1,일반,1,남
01,수도권,S1,2,2호선,0175,뚝섬,TOLT,일반화장실(여),1,지상,2,지상 2층,역무실 옆,1,일반,2,여
01,수도권,S1,2,2호선,0175,뚝섬,TOLT,장애인화장실(남),1,지상,2,지상 2층,역무실 옆,2,장애인,1,남
01,수도권,S1,2,2호선,0175,뚝섬,TOLT,장애인화장실(여),1,지상,2,지상 2층,역무실 옆,2,장애인,2,여
01,수도권,S1,2,2호선,0175,뚝섬,INFO,고객센터,1,지상,2,지상 2층,2층 대합실,,,,
01,수도권,S1,2,2호선,0175,뚝섬,EV,일반승강기,1,지상,1,지상 1층,[3호기]3번출구측,,,,
01,수도권,S1,2,2호선,0175,뚝섬,EV,일반승강기,1,지상,1,지상 1층,[4호기]6번출구측,,,,
01,수도권,S1,2,2호선,0588,한양대,EV,일반승강기,1,지상,2,지상 2층,[2호기]4번출구(육교)측,,,,
01,수도권,S1,2,2호선,0588,한양대,EV,일반승강기,1,지상,2,지상 2층,[1호기]왕십리방면3-3,,,,
01,수도권,S1,2,2호선,0588,한양대,ELEC,전동휠체어충전설비,1,지상,2,지상 2층,2번출구,,,,
01,수도권,S1,2,2호선,0588,한양대,TOLT,일반화장실(남),1,지상,2,지상 2층,고객센터 맞은편,1,일반,1,남
01,수도권,S1,2,2호선,0588,한양대,TOLT,일반화장실(여),1,지상,2,지상 2층,고객센터 맞은편,1,일반,2,여
01,수도권,S1,2,2호선,0588,한양대,TOLT,장애인화장실(남),1,지상,2,지상 2층,고객센터 맞은편,2,장애인,1,남
01,수도권,S1,2,2호선,0588,한양대,TOLT,장애인화장실(여),1,지상,2,지상 2층,고객센터 맞은편,2,장애인,2,여
01,수도권,S1,2,2호선,0588,한양대,INFO,고객센터,1,지상,2,지상 2층,2층 대합실,,,,
01,수도권,S1,2,2호선,0588,한양대,EV,일반승강기,1,지상,1,지상 1층,[1호기]왕십리방면3-3,,,,
01,수도권,S1,2,2호선,0588,한양대,EV,일반승강기,1,지상,1,지상 1층,[2호기]4번출구(육교)측,,,,
01,수도권,S1,2,2호선,0441,왕십리,EV,일반승강기,2,지하,1,지하 1층,[1호기]상왕십리방면3-2,,,,
01,수도권,S1,2,2호선,0441,왕십리,EV,일반승강기,2,지하,1,지하 1층,[2호기]한양대방면3-4,,,,
01,수도권,S1,2,2호선,0441,왕십리,TOLT,일반화장실(남),2,지하,1,지하 1층,지하1층 6-1번 출입구 쪽,1,일반,1,남
01,수도권,S1,2,2호선,0441,왕십리,TOLT,일반화장실(여),2,지하,1,지하 1층,지하1층 6-1번 출입구 쪽,1,일반,2,여
01,수도권,S1,2,2호선,0441,왕십리,TOLT,장애인화장실(남),2,지하,1,지하 1층,지하1층 6-1번 출입구 쪽,2,장애인,1,남
01,수도권,S1,2,2호선,0441,왕십리,TOLT,장애인화장실(여),2,지하,1,지하 1층,지하1층 6-1번 출입구 쪽,2,장애인,2,여
01,수도권,S1,2,2호선,0441,왕십리,INFO,고객센터,2,지하,1,지하 1층,B1층 대합실,,,,
01,수도권,S1,2,2호선,0441,왕십리,EV,일반승강기,2,지하,2,지하 2층,[2호기]한양대방면3-4,,,,
01,수도권,S1,2,2호선,0441,왕십리,EV,일반승강기,2,지하,2,지하 2층,[1호기]상왕십리방면3-2,,,,
01,수도권,S1,2,2호선,0279,상왕십리,EV,일반승강기,1,지상,1,지상 1층,[3호기]1-1번출구측,,,,
01,수도권,S1,2,2호선,0279,상왕십리,EV,일반승강기,2,지하,1,지하 1층,[3호기]1-1번출구측,,,,
01,수도권,S1,2,2호선,0279,상왕십리,EV,일반승강기,2,지하,1,지하 1층,[2호기]왕십리방면3-4,,,,
01,수도권,S1,2,2호선,0279,상왕십리,EV,일반승강기,2,지하,1,지하 1층,[1호기]신당방면8-1,,,,
01,수도권,S1,2,2호선,0279,상왕십리,ELEC,전동휠체어충전설비,2,지하,1,지하 1층,지하1층 대합실 중앙,,,,
01,수도권,S1,2,2호선,0279,상왕십리,TOLT,일반화장실(남),2,지하,1,지하 1층,"대합실 1층 5,6번출입구 앞",1,일반,1,남
01,수도권,S1,2,2호선,0279,상왕십리,TOLT,일반화장실(여),2,지하,1,지하 1층,"대합실 1층 5,6번출입구 앞",1,일반,2,여
01,수도권,S1,2,2호선,0279,상왕십리,TOLT,장애인화장실(남),2,지하,1,지하 1층,"대합실 1층 5,6번출입구 앞",2,장애인,1,남
01,수도권,S1,2,2호선,0279,상왕십리,TOLT,장애인화장실(여),2,지하,1,지하 1층,"대합실 1층 5,6번출입구 앞",2,장애인,2,여
01,수도권,S1,2,2호선,0279,상왕십리,INFO,고객센터,2,지하,1,지하 1층,B1층 대합실,,,,
01,수도권,S1,2,2호선,0279,상왕십리,EV,일반승강기,2,지하,2,지하 2층,[1호기]신당방면8-1,,,,
01,수도권,S1,2,2호선,0279,상왕십리,EV,일반승강기,2,지하,2,지하 2층,[2호기]왕십리방면3-4,,,,
01,수도권,S1,2,2호선,0356,신당,EV,일반승강기,1,지상,1,지상 1층,[1호기]2번출구측,,,,
01,수도권,S1,2,2호선,0356,신당,EV,일반승강기,2,지하,1,지하 1층,[1호기]2번출구측,,,,
01,수도권,S1,2,2호선,0356,신당,EV,일반승강기,2,지하,1,지하 1층,[3호기]상왕십리방면7-4,,,,
01,수도권,S1,2,2호선,0356,신당,EV,일반승강기,2,지하,1,지하 1층,[2호기]동대문역사문화공원방면3-4,,,,
01,수도권,S1,2,2호선,0356,신당,TOLT,일반화장실(남),2,지하,1,지하 1층,"대합실 1층 22,23번기둥",1,일반,1,남
01,수도권,S1,2,2호선,0356,신당,TOLT,일반화장실(여),2,지하,1,지하 1층,"대합실 1층 22,23번기둥",1,일반,2,여
01,수도권,S1,2,2호선,0356,신당,TOLT,장애인화장실(남),2,지하,1,지하 1층,"대합실 1층 22,23번기둥",2,장애인,1,남
01,수도권,S1,2,2호선,0356,신당,TOLT,장애인화장실(여),2,지하,1,지하 1층,"대합실 1층 22,23번기둥",2,장애인,2,여
01,수도권,S1,2,2호선,0356,신당,INFO,고객센터,2,지하,1,지하 1층,B1층 대합실,,,,
01,수도권,S1,2,2호선,0356,신당,EV,일반승강기,2,지하,2,지하 2층,[3호기]상왕십리방면7-4,,,,
01,수도권,S1,2,2호선,0356,신당,EV,일반승강기,2,지하,2,지하 2층,[2호기]동대문역사문화공원방면3-4,,,,
01,수도권,S1,2,2호선,0156,동대문역사문화공원,EV,일반승강기,1,지상,1,지상 1층,[3호기]1번출구측,,,,
01,수도권,S1,2,2호선,0156,동대문역사문화공원,EV,일반승강기,2,지하,1,지하 1층,[3호기]1번출구측,,,,
01,수도권,S1,2,2호선,0156,동대문역사문화공원,EV,일반승강기,2,지하,1,지하 1층,[2호기]신당방면3-2,,,,
01,수도권,S1,2,2호선,0156,동대문역사문화공원,EV,일반승강기,2,지하,1,지하 1층,[1호기]을지로4가방면8-3,,,,
01,수도권,S1,2,2호선,0156,동대문역사문화공원,ELEC,전동휠체어충전설비,2,지하,1,지하 1층,2번출구 하부 비상출입문 옆,,,,
01,수도권,S1,2,2호선,0156,동대문역사문화공원,TOLT,일반화장실(남),2,지하,1,지하 1층,대합실 1층 역무실 앞,1,일반,1,남
01,수도권,S1,2,2호선,0156,동대문역사문화공원,TOLT,일반화장실(여),2,지하,1,지하 1층,대합실 1층 역무실 앞,1,일반,2,여
01,수도권,S1,2,2호선,0156,동대문역사문화공원,TOLT,장애인화장실(남),2,지하,1,지하 1층,대합실 1층 역무실 앞,2,장애인,1,남
01,수도권,S1,2,2호선,0156,동대문역사문화공원,TOLT,장애인화장실(여),2,지하,1,지하 1층,대합실 1층 역무실 앞,2,장애인,2,여
01,수도권,S1,2,2호선,0156,동대문역사문화공원,INFO,고객센터,2,지하,1,지하 1층,B1층 대합실,,,,
01,수도권,S1,2,2호선,0156,동대문역사문화공원,EV,일반승강기,2,지하,2,지하 2층,[1호기]을지로4가방면8-3,,,,
01,수도권,S1,2,2호선,0156,동대문역사문화공원,EV,일반승강기,2,지하,2,지하 2층,[2호기]신당방면3-2,,,,
01,수도권,S1,2,2호선,0465,을지로4가,EV,일반승강기,1,지상,1,지상 1층,[3호기]8번출구측,,,,
01,수도권,S1,2,2호선,0465,을지로4가,EV,일반승강기,2,지하,1,지하 1층,[3호기]8번출구측,,,,
01,수도권,S1,2,2호선,0465,을지로4가,EV,일반승강기,2,지하,1,지하 1층,[2호기]동대문역사문화공원방면8-3,,,,
01,수도권,S1,2,2호선,0465,을지로4가,EV,일반승강기,2,지하,1,지하 1층,[1호기]을지로3가방면3-2,,,,
01,수도권,S1,2,2호선,0465,을지로4가,TOLT,일반화장실(남),2,지하,1,지하 1층,"지하1층 1,2번 출입구 옆",1,일반,1,남
01,수도권,S1,2,2호선,0465,을지로4가,TOLT,일반화장실(여),2,지하,1,지하 1층,"지하1층 1,2번 출입구 옆",1,일반,2,여
01,수도권,S1,2,2호선,0465,을지로4가,TOLT,장애인화장실(남),2,지하,1,지하 1층,"지하1층 1,2번 출입구 옆",2,장애인,1,남
01,수도권,S1,2,2호선,0465,을지로4가,TOLT,장애인화장실(여),2,지하,1,지하 1층,"지하1층 1,2번 출입구 옆",2,장애인,2,여
01,수도권,S1,2,2호선,0465,을지로4가,INFO,고객센터,2,지하,1,지하 1층,B1층 대합실,,,,
01,수도권,S1,2,2호선,0465,을지로4가,EV,일반승강기,2,지하,2,지하 2층,[1호기]을지로3가방면3-2,,,,
01,수도권,S1,2,2호선,0465,을지로4가,EV,일반승강기,2,지하,2,지하 2층,[2호기]동대문역사문화공원방면8-3,,,,
01,수도권,S1,2,2호선,0464,을지로3가,EV,일반승강기,2,지하,1,지하 1층,[2호기]을지로4가방면3-2,,,,
01,수도권,S1,2,2호선,0464,을지로3가,EV,일반승강기,2,지하,1,지하 1층,[1호기]을지로입구방면8-3,,,,
01,수도권,S1,2,2호선,0464,을지로3가,TOLT,일반화장실(남),2,지하,1,지하 1층,지하1층 (다) 표 내는 곳 옆,1,일반,1,남
01,수도권,S1,2,2호선,0464,을지로3가,TOLT,일반화장실(여),2,지하,1,지하 1층,지하1층 (다) 표 내는 곳 옆,1,일반,2,여
01,수도권,S1,2,2호선,0464,을지로3가,TOLT,장애인화장실(남),2,지하,1,지하 1층,지하1층 (다) 표 내는 곳 옆,2,장애인,1,남
01,수도권,S1,2,2호선,0464,을지로3가,TOLT,장애인화장실(여),2,지하,1,지하 1층,지하1층 (다) 표 내는 곳 옆,2,장애인,2,여
01,수도권,S1,2,2호선,0464,을지로3가,INFO,고객센터,2,지하,1,지하 1층,B1층 대합실,,,,
01,수도권,S1,2,2호선,0464,을지로3가,EV,일반승강기,2,지하,2,지하 2층,[1호기]을지로입구방면8-3,,,,
01,수도권,S1,2,2호선,0464,을지로3가,EV,일반승강기,2,지하,2,지하 2층,[2호기]을지로4가방면3-2,,,,
01,수도권,S1,2,2호선,0466,을지로입구,EV,일반승강기,1,지상,1,지상 1층,"[4호기]5,6번출구사이",,,,
01,수도권,S1,2,2호선,0466,을지로입구,EV,일반승강기,1,지상,1,지상 1층,[3호기]1번출구측,,,,
01,수도권,S1,2,2호선,0466,을지로입구,EV,일반승강기,2,지하,1,지하 1층,"[4호기]5,6번출구사이",,,,
01,수도권,S1,2,2호선,0466,을지로입구,EV,일반승강기,2,지하,1,지하 1층,[3호기]1번출구측,,,,
01,수도권,S1,2,2호선,0466,을지로입구,EV,일반승강기,2,지하,1,지하 1층,[2호기]을지로3가방면6-2,,,,
01,수도권,S1,2,2호선,0466,을지로입구,EV,일반승강기,2,지하,1,지하 1층,[1호기]시청방면5-3,,,,
01,수도권,S1,2,2호선,0466,을지로입구,TOLT,일반화장실(남),2,지하,1,지하 1층,지하1층 (다) 표 내는 곳 옆,1,일반,1,남
01,수도권,S1,2,2호선,0466,을지로입구,TOLT,일반화장실(여),2,지하,1,지하 1층,지하1층 (다) 표 내는 곳 옆,1,일반,2,여
01,수도권,S1,2,2호선,0466,을지로입구,TOLT,장애인화장실(남),2,지하,1,지하 1층,지하1층 (다) 표 내는 곳 옆,2,장애인,1,남
01,수도권,S1,2,2호선,0466,을지로입구,TOLT,장애인화장실(여),2,지하,1,지하 1층,지하1층 (다) 표 내는 곳 옆,2,장애인,2,여
01,수도권,S1,2,2호선,0466,을지로입구,INFO,고객센터,2,지하,1,지하 1층,B1층 대합실,,,,
01,수도권,S1,2,2호선,0466,을지로입구,EV,일반승강기,2,지하,2,지하 2층,[1호기]시청방면5-3,,,,
01,수도권,S1,2,2호선,0466,을지로입구,EV,일반승강기,2,지하,2,지하 2층,[2호기]을지로3가방면6-2,,,,
01,수도권,S1,2,2호선,0443,용답,EV,일반승강기,1,지상,3,지상 3층,[1호기]신답방면2-2,,,,
01,수도권,S1,2,2호선,0443,용답,EV,일반승강기,1,지상,3,지상 3층,[2호기]성수방면3-3,,,,
01,수도권,S1,2,2호선,0443,용답,EV,일반승강기,1,지상,2,지상 2층,[1호기]신답방면2-2,,,,
01,수도권,S1,2,2호선,0443,용답,EV,일반승강기,1,지상,2,지상 2층,[2호기]성수방면3-3,,,,
01,수도권,S1,2,2호선,0443,용답,TOLT,일반화장실(남),1,지상,1,지상 1층,대합실,1,일반,1,남
01,수도권,S1,2,2호선,0443,용답,TOLT,일반화장실(여),1,지상,1,지상 1층,대합실,1,일반,2,여
01,수도권,S1,2,2호선,0443,용답,TOLT,장애인화장실(남),1,지상,1,지상 1층,대합실,2,장애인,1,남
01,수도권,S1,2,2호선,0443,용답,TOLT,장애인화장실(여),1,지상,1,지상 1층,대합실,2,장애인,2,여
01,수도권,S1,2,2호선,0443,용답,INFO,고객센터,1,지상,1,지상 1층,1층 대합실,,,,
01,수도권,S1,2,2호선,0355,신답,EV,일반승강기,1,지상,2,지상 2층,[1호기]용두방면2-4,,,,
01,수도권,S1,2,2호선,0355,신답,EV,일반승강기,1,지상,2,지상 2층,[2호기]용답방면3-2,,,,
01,수도권,S1,2,2호선,0355,신답,EV,일반승강기,1,지상,1,지상 1층,[1호기]용두방면2-4,,,,
01,수도권,S1,2,2호선,0355,신답,EV,일반승강기,1,지상,1,지상 1층,[2호기]용답방면3-2,,,,
01,수도권,S1,2,2호선,0355,신답,TOLT,일반화장실(남),1,지상,1,지상 1층,1층 대합실,1,일반,1,남
01,수도권,S1,2,2호선,0355,신답,TOLT,일반화장실(여),1,지상,1,지상 1층,1층 대합실,1,일반,2,여
01,수도권,S1,2,2호선,0355,신답,TOLT,장애인화장실(남),1,지상,1,지상 1층,1층 대합실,2,장애인,1,남
01,수도권,S1,2,2호선,0355,신답,TOLT,장애인화장실(여),1,지상,1,지상 1층,1층 대합실,2,장애인,2,여
01,수도권,S1,2,2호선,0355,신답,INFO,고객센터,1,지상,1,지상 1층,1층 대합실,,,,
01,수도권,S1,2,2호선,0444,용두,EV,일반승강기,1,지상,1,지상 1층,[1호기]신설동방면4-3,,,,
01,수도권,S1,2,2호선,0444,용두,EV,일반승강기,1,지상,1,지상 1층,[4호기]4번출구측,,,,
01,수도권,S1,2,2호선,0444,용두,EV,일반승강기,1,지상,1,지상 1층,[3호기]3번출구측,,,,
01,수도권,S1,2,2호선,0444,용두,EV,일반승강기,1,지상,1,지상 1층,[2호기]신답방면1-1,,,,
01,수도권,S1,2,2호선,0444,용두,EV,일반승강기,2,지하,1,지하 1층,[3호기]3번출구측,,,,
01,수도권,S1,2,2호선,0444,용두,EV,일반승강기,2,지하,1,지하 1층,[4호기]4번출구측,,,,
01,수도권,S1,2,2호선,0444,용두,TOLT,일반화장실(남),2,지하,1,지하 1층,(내선승강장)3-3 승강장 앞,1,일반,1,남
01,수도권,S1,2,2호선,0444,용두,TOLT,일반화장실(남),2,지하,1,지하 1층,(내선대합실)5번출입구 입구,1,일반,1,남
01,수도권,S1,2,2호선,0444,용두,TOLT,일반화장실(남),2,지하,1,지하 1층,(외선승강장)2-2 승강장 앞,1,일반,1,남
01,수도권,S1,2,2호선,0444,용두,TOLT,일반화장실(남),2,지하,1,지하 1층,"(외선대합실)1,2번 출입구 입구",1,일반,1,남
01,수도권,S1,2,2호선,0444,용두,TOLT,일반화장실(여),2,지하,1,지하 1층,(외선승강장)2-2 승강장 앞,1,일반,2,여
01,수도권,S1,2,2호선,0444,용두,TOLT,일반화장실(여),2,지하,1,지하 1층,(내선대합실)5번출입구 입구,1,일반,2,여
01,수도권,S1,2,2호선,0444,용두,TOLT,일반화장실(여),2,지하,1,지하 1층,(내선승강장)3-3 승강장 앞,1,일반,2,여
01,수도권,S1,2,2호선,0444,용두,TOLT,일반화장실(여),2,지하,1,지하 1층,"(외선대합실)1,2번 출입구 입구",1,일반,2,여
01,수도권,S1,2,2호선,0444,용두,TOLT,장애인화장실(남),2,지하,1,지하 1층,(내선대합실)5번출입구 입구,2,장애인,1,남
01,수도권,S1,2,2호선,0444,용두,TOLT,장애인화장실(남),2,지하,1,지하 1층,"(외선대합실)1,2번 출입구 입구",2,장애인,1,남
01,수도권,S1,2,2호선,0444,용두,TOLT,장애인화장실(남),2,지하,1,지하 1층,(외선승강장)2-2 승강장 앞,2,장애인,1,남
01,수도권,S1,2,2호선,0444,용두,TOLT,장애인화장실(남),2,지하,1,지하 1층,(내선승강장)3-3 승강장 앞,2,장애인,1,남
01,수도권,S1,2,2호선,0444,용두,TOLT,장애인화장실(여),2,지하,1,지하 1층,(외선승강장)2-2 승강장 앞,2,장애인,2,여
01,수도권,S1,2,2호선,0444,용두,TOLT,장애인화장실(여),2,지하,1,지하 1층,(내선승강장)3-3 승강장 앞,2,장애인,2,여
01,수도권,S1,2,2호선,0444,용두,TOLT,장애인화장실(여),2,지하,1,지하 1층,(내선대합실)5번출입구 입구,2,장애인,2,여
01,수도권,S1,2,2호선,0444,용두,TOLT,장애인화장실(여),2,지하,1,지하 1층,"(외선대합실)1,2번 출입구 입구",2,장애인,2,여
01,수도권,S1,2,2호선,0444,용두,INFO,고객센터,2,지하,1,지하 1층,B1층 대합실,,,,
01,수도권,S1,2,2호선,0444,용두,EV,일반승강기,2,지하,2,지하 2층,[1호기]신설동방면4-3,,,,
01,수도권,S1,2,2호선,0444,용두,EV,일반승강기,2,지하,2,지하 2층,[2호기]신답방면1-1,,,,
01,수도권,S1,2,2호선,0367,신설동,EV,일반승강기,1,지상,1,지상 1층,[3호기]9번출구측,,,,
01,수도권,S1,2,2호선,0367,신설동,EV,일반승강기,1,지상,1,지상 1층,[2호기]9번출구측,,,,
01,수도권,S1,2,2호선,0367,신설동,EV,일반승강기,2,지하,1,지하 1층,[2호기]9번출구측,,,,
01,수도권,S1,2,2호선,0367,신설동,EV,일반승강기,2,지하,1,지하 1층,[1호기]신설동방면4-4,,,,
01,수도권,S1,2,2호선,0367,신설동,TOLT,일반화장실(남),2,지하,1,지하 1층,대합실(지하1층) 역무실 옆,1,일반,1,남
01,수도권,S1,2,2호선,0367,신설동,TOLT,일반화장실(여),2,지하,1,지하 1층,대합실(지하1층) 역무실 옆,1,일반,2,여
01,수도권,S1,2,2호선,0367,신설동,TOLT,장애인화장실(남),2,지하,1,지하 1층,대합실(지하1층) 역무실 옆,2,장애인,1,남
01,수도권,S1,2,2호선,0367,신설동,TOLT,장애인화장실(여),2,지하,1,지하 1층,대합실(지하1층) 역무실 옆,2,장애인,2,여
01,수도권,S1,2,2호선,0367,신설동,INFO,고객센터,2,지하,1,지하 1층,B1층 대합실,,,,
01,수도권,S1,2,2호선,0367,신설동,LARM,수유실,2,지하,1,지하 1층,B1 고객안전실  내부,,,,
01,수도권,S1,2,2호선,0367,신설동,EV,일반승강기,2,지하,2,지하 2층,[3호기]9번출구측,,,,
01,수도권,S1,2,2호선,0367,신설동,EV,일반승강기,2,지하,2,지하 2층,[1호기]신설동방면4-4,,,,
01,수도권,S1,2,2호선,0144,도림천,TOLT,일반화장실(남),1,지상,1,지상 1층,"지상1층, 역무실 옆(표 내는 곳 외부)",1,일반,1,남
01,수도권,S1,2,2호선,0144,도림천,TOLT,일반화장실(여),1,지상,1,지상 1층,"지상1층, 역무실 옆(표 내는 곳 외부)",1,일반,2,여
01,수도권,S1,2,2호선,0144,도림천,TOLT,장애인화장실(남),1,지상,1,지상 1층,"지상1층, 역무실 옆(표 내는 곳 외부)",2,장애인,1,남
01,수도권,S1,2,2호선,0144,도림천,TOLT,장애인화장실(여),1,지상,1,지상 1층,"지상1층, 역무실 옆(표 내는 곳 외부)",2,장애인,2,여
01,수도권,S1,2,2호선,0144,도림천,INFO,고객센터,1,지상,1,지상 1층,1층 대합실,,,,
01,수도권,S1,2,2호선,0144,도림천,EV,일반승강기,2,지하,1,지하 1층,[2호기]도림천방면2-4,,,,
01,수도권,S1,2,2호선,0144,도림천,EV,일반승강기,2,지하,2,지하 2층,[2호기](B3-B1)1~2번 출입구사이,,,,
01,수도권,S1,2,2호선,0144,도림천,EV,일반승강기,2,지하,2,지하 2층,[1호기]신도림방면4-4,,,,
01,수도권,S1,2,2호선,0144,도림천,EV,일반승강기,2,지하,3,지하 3층,[1호기]신도림방면4-4,,,,
01,수도권,S1,2,2호선,0144,도림천,EV,일반승강기,2,지하,3,지하 3층,[2호기]도림천방면2-4,,,,
01,수도권,S1,2,2호선,0404,양천구청,EV,일반승강기,1,지상,1,지상 1층,[3호기]1번출구측,,,,
01,수도권,S1,2,2호선,0404,양천구청,EV,일반승강기,2,지하,1,지하 1층,[3호기]1번출구측,,,,
01,수도권,S1,2,2호선,0404,양천구청,EV,일반승강기,2,지하,1,지하 1층,[2호기]도림천방면3-3,,,,
01,수도권,S1,2,2호선,0404,양천구청,EV,일반승강기,2,지하,1,지하 1층,[1호기]신정네거리방면4-1,,,,
01,수도권,S1,2,2호선,0404,양천구청,TOLT,일반화장실(남),2,지하,1,지하 1층,"지하1층, 대합실(표 내는 곳 내부, 신청자량사업소출입구 옆)",1,일반,1,남
01,수도권,S1,2,2호선,0404,양천구청,TOLT,일반화장실(여),2,지하,1,지하 1층,"지하1층, 대합실(표 내는 곳 내부, 신청자량사업소출입구 옆)",1,일반,2,여
01,수도권,S1,2,2호선,0404,양천구청,TOLT,장애인화장실(남),2,지하,1,지하 1층,"지하1층, 대합실(표 내는 곳 내부, 신청자량사업소출입구 옆)",2,장애인,1,남
01,수도권,S1,2,2호선,0404,양천구청,TOLT,장애인화장실(여),2,지하,1,지하 1층,"지하1층, 대합실(표 내는 곳 내부, 신청자량사업소출입구 옆)",2,장애인,2,여
01,수도권,S1,2,2호선,0404,양천구청,INFO,고객센터,2,지하,1,지하 1층,B1층 대합실,,,,
01,수도권,S1,2,2호선,0404,양천구청,EV,일반승강기,2,지하,2,지하 2층,[1호기]신정네거리방면4-1,,,,
01,수도권,S1,2,2호선,0404,양천구청,EV,일반승강기,2,지하,2,지하 2층,[2호기]도림천방면3-3,,,,
01,수도권,S1,2,2호선,0373,신정네거리,EV,일반승강기,1,지상,1,지상 1층,[3호기]2번출구측,,,,
01,수도권,S1,2,2호선,0373,신정네거리,EV,일반승강기,2,지하,1,지하 1층,[3호기](B2-F1)2번 ~3번 출입구측,,,,
01,수도권,S1,2,2호선,0373,신정네거리,TOLT,일반화장실(남),2,지하,1,지하 1층,"지하1층 대합실(표 내는 곳 외부, 2번, 3번 출입구방향)",1,일반,1,남
01,수도권,S1,2,2호선,0373,신정네거리,TOLT,일반화장실(여),2,지하,1,지하 1층,"지하1층 대합실(표 내는 곳 외부, 2번, 3번 출입구방향)",1,일반,2,여
01,수도권,S1,2,2호선,0373,신정네거리,TOLT,장애인화장실(남),2,지하,1,지하 1층,"지하1층 대합실(표 내는 곳 외부, 2번, 3번 출입구방향)",2,장애인,1,남
01,수도권,S1,2,2호선,0373,신정네거리,TOLT,장애인화장실(여),2,지하,1,지하 1층,"지하1층 대합실(표 내는 곳 외부, 2번, 3번 출입구방향)",2,장애인,2,여
01,수도권,S1,2,2호선,0373,신정네거리,EV,일반승강기,2,지하,2,지하 2층,[3호기]2번출구측,,,,
01,수도권,S1,2,2호선,0373,신정네거리,EV,일반승강기,2,지하,2,지하 2층,[1호기]까치산방면4-1,,,,
01,수도권,S1,2,2호선,0373,신정네거리,EV,일반승강기,2,지하,2,지하 2층,[2호기]양천구청방면3-4,,,,
01,수도권,S1,2,2호선,0373,신정네거리,WCLF,휠체어리프트,2,지하,2,지하 2층,"2,3번 출구 측",,,,
01,수도권,S1,2,2호선,0373,신정네거리,INFO,고객센터,2,지하,2,지하 2층,B2층 대합실,,,,
01,수도권,S1,2,2호선,0373,신정네거리,EV,일반승강기,2,지하,3,지하 3층,[2호기]양천구청방면3-4,,,,
01,수도권,S1,2,2호선,0373,신정네거리,EV,일반승강기,2,지하,3,지하 3층,[1호기]까치산방면4-1,,,,
01,수도권,S1,2,2호선,0100,까치산,EV,일반승강기,2,지하,2,지하 2층,[1호기](B1-B4)지하4층 대합실,,,,
01,수도권,S1,2,2호선,0100,까치산,EV,일반승강기,2,지하,3,지하 3층,[1호기](B1-B4)지하4층 대합실,,,,
01,수도권,KR,3,3호선,0137,대화,EV,일반승강기,1,지상,1,지상 1층,[3호기]2번출입구옆,,,,
01,수도권,KR,3,3호선,0137,대화,EV,일반승강기,1,지상,1,지상 1층,[2호기]5번출입구옆,,,,
01,수도권,KR,3,3호선,0137,대화,EV,일반승강기,2,지하,1,지하 1층,[2호기]5번출입구옆,,,,
01,수도권,KR,3,3호선,0137,대화,EV,일반승강기,2,지하,1,지하 1층,[3호기]2번출입구옆,,,,
01,수도권,KR,3,3호선,0137,대화,EV,일반승강기,2,지하,1,지하 1층,[1호기](B2)1번홈7-4/2번홈3-4,,,,
01,수도권,KR,3,3호선,0137,대화,ELEC,전동휠체어충전설비,2,지하,1,지하 1층,(B1) 4번 출입구 옆,,,,
01,수도권,KR,3,3호선,0137,대화,TOLT,일반화장실(남),2,지하,1,지하 1층,(B1) 2번·3번 출입구 사이,1,일반,1,남
01,수도권,KR,3,3호선,0137,대화,TOLT,일반화장실(여),2,지하,1,지하 1층,(B1) 2번·3번 출입구 사이,1,일반,2,여
01,수도권,KR,3,3호선,0137,대화,TOLT,장애인화장실(남),2,지하,1,지하 1층,(B1) 2번·3번 출입구 사이,2,장애인,1,남
01,수도권,KR,3,3호선,0137,대화,TOLT,장애인화장실(여),2,지하,1,지하 1층,(B1) 2번·3번 출입구 사이,2,장애인,2,여
01,수도권,KR,3,3호선,0137,대화,INFO,고객센터,2,지하,1,지하 1층,(B1) 북쪽(대화방면) 게이트 안쪽,,,,
01,수도권,KR,3,3호선,0137,대화,EV,일반승강기,2,지하,2,지하 2층,[1호기](B2)1번홈7-4/2번홈3-4,,,,
01,수도권,KR,3,3호선,0522,주엽,EV,일반승강기,1,지상,1,지상 1층,[3호기](1F)2번/3번출입구사이엘레베이터,,,,
01,수도권,KR,3,3호선,0522,주엽,EV,일반승강기,2,지하,1,지하 1층,[3호기](1F)2번/3번출입구사이엘레베이터,,,,
01,수도권,KR,3,3호선,0522,주엽,EV,일반승강기,2,지하,1,지하 1층,[2호기](B2)대화역방향승강장4-4출입문앞,,,,
01,수도권,KR,3,3호선,0522,주엽,EV,일반승강기,2,지하,1,지하 1층,[1호기](B2)정발산역방향승강장4-4출입문앞,,,,
01,수도권,KR,3,3호선,0522,주엽,ELEC,전동휠체어충전설비,2,지하,1,지하 1층,(B1) 7번/8번 출입구 방향,,,,
01,수도권,KR,3,3호선,0522,주엽,TOLT,일반화장실(남),2,지하,1,지하 1층,(B1) 맞이방 중앙,1,일반,1,남
01,수도권,KR,3,3호선,0522,주엽,TOLT,일반화장실(여),2,지하,1,지하 1층,(B1) 맞이방 중앙,1,일반,2,여
01,수도권,KR,3,3호선,0522,주엽,TOLT,장애인화장실(남),2,지하,1,지하 1층,(B1) 맞이방 중앙,2,장애인,1,남
01,수도권,KR,3,3호선,0522,주엽,TOLT,장애인화장실(여),2,지하,1,지하 1층,(B1) 맞이방 중앙,2,장애인,2,여
01,수도권,KR,3,3호선,0522,주엽,EV,일반승강기,2,지하,2,지하 2층,[1호기](B2)정발산역방향승강장4-4출입문앞,,,,
01,수도권,KR,3,3호선,0522,주엽,EV,일반승강기,2,지하,2,지하 2층,[2호기](B2)대화역방향승강장4-4출입문앞,,,,
01,수도권,KR,3,3호선,0508,정발산,EV,일반승강기,1,지상,1,지상 1층,[4호기](1F)4번출입구옆,,,,
01,수도권,KR,3,3호선,0508,정발산,EV,일반승강기,1,지상,1,지상 1층,[3호기](1F)1번출입구옆,,,,
01,수도권,KR,3,3호선,0508,정발산,EV,일반승강기,2,지하,1,지하 1층,[4호기](1F)4번출입구옆,,,,
01,수도권,KR,3,3호선,0508,정발산,EV,일반승강기,2,지하,1,지하 1층,[3호기](1F)1번출입구옆,,,,
01,수도권,KR,3,3호선,0508,정발산,EV,일반승강기,2,지하,1,지하 1층,[2호기](B2)주엽역방향승강장7-3출입문앞,,,,
01,수도권,KR,3,3호선,0508,정발산,EV,일반승강기,2,지하,1,지하 1층,[1호기](B2)마두역방향승강장4-1출입문앞,,,,
01,수도권,KR,3,3호선,0508,정발산,ELEC,전동휠체어충전설비,2,지하,1,지하 1층,"(B1) 맞이방, 4번 출입구 옆",,,,
01,수도권,KR,3,3호선,0508,정발산,TOLT,일반화장실(남),2,지하,1,지하 1층,"(B1) 맞이방, 2번 출입구 옆",1,일반,1,남
01,수도권,KR,3,3호선,0508,정발산,TOLT,일반화장실(여),2,지하,1,지하 1층,"(B1) 맞이방, 2번 출입구 옆",1,일반,2,여
01,수도권,KR,3,3호선,0508,정발산,TOLT,장애인화장실(남),2,지하,1,지하 1층,"(B1) 맞이방, 2번 출입구 옆",2,장애인,1,남
01,수도권,KR,3,3호선,0508,정발산,TOLT,장애인화장실(여),2,지하,1,지하 1층,"(B1) 맞이방, 2번 출입구 옆",2,장애인,2,여
01,수도권,KR,3,3호선,0508,정발산,EV,일반승강기,2,지하,2,지하 2층,[1호기](B2)마두역방향승강장4-1출입문앞,,,,
01,수도권,KR,3,3호선,0508,정발산,EV,일반승강기,2,지하,2,지하 2층,[2호기](B2)주엽역방향승강장7-3출입문앞,,,,
01,수도권,KR,3,3호선,0179,마두,EV,일반승강기,1,지상,1,지상 1층,"[3호기]6번/7번출입구중간엘리베이터,7번출입구옆",,,,
01,수도권,KR,3,3호선,0179,마두,EV,일반승강기,2,지하,1,지하 1층,"[3호기]6번/7번출입구중간엘리베이터,7번출입구옆",,,,
01,수도권,KR,3,3호선,0179,마두,EV,일반승강기,2,지하,1,지하 1층,[2호기](B2)정발산역방향승강장3-4출입문앞,,,,
01,수도권,KR,3,3호선,0179,마두,EV,일반승강기,2,지하,1,지하 1층,[1호기](B2)백석역방향승강장7-4출입문앞,,,,
01,수도권,KR,3,3호선,0179,마두,TOLT,일반화장실(남),2,지하,1,지하 1층,(B1) 2번/3번 출입구 중간,1,일반,1,남
01,수도권,KR,3,3호선,0179,마두,TOLT,일반화장실(여),2,지하,1,지하 1층,(B1) 2번/3번 출입구 중간,1,일반,2,여
01,수도권,KR,3,3호선,0179,마두,TOLT,장애인화장실(남),2,지하,1,지하 1층,(B1) 2번/3번 출입구 중간,2,장애인,1,남
01,수도권,KR,3,3호선,0179,마두,TOLT,장애인화장실(여),2,지하,1,지하 1층,(B1) 2번/3번 출입구 중간,2,장애인,2,여
01,수도권,KR,3,3호선,0179,마두,INFO,고객센터,2,지하,1,지하 1층,(B1) 대합실 정발산 방향 게이트 내,,,,
01,수도권,KR,3,3호선,0179,마두,EV,일반승강기,2,지하,2,지하 2층,[1호기](B2)백석역방향승강장7-4출입문앞,,,,
01,수도권,KR,3,3호선,0179,마두,EV,일반승강기,2,지하,2,지하 2층,[2호기](B2)정발산역방향승강장3-4출입문앞,,,,
01,수도권,KR,3,3호선,0224,백석,EV,일반승강기,1,지상,1,지상 1층,[2호기](B1)4번출입구방향계단옆,,,,
01,수도권,KR,3,3호선,0224,백석,EV,일반승강기,2,지하,1,지하 1층,[2호기](B1)4번출입구방향계단옆,,,,
01,수도권,KR,3,3호선,0224,백석,EV,일반승강기,2,지하,1,지하 1층,[1호기](B2)대화역방향승강장4-1출입문앞/오금역방향승강장7-4출입문앞,,,,
01,수도권,KR,3,3호선,0224,백석,ELEC,전동휠체어충전설비,2,지하,1,지하 1층,(B1) 고객안내센터 옆,,,,
01,수도권,KR,3,3호선,0224,백석,TOLT,일반화장실(남),2,지하,1,지하 1층,(B1) 4번출구 방향,1,일반,1,남
01,수도권,KR,3,3호선,0224,백석,TOLT,일반화장실(여),2,지하,1,지하 1층,(B1) 4번출구 방향,1,일반,2,여
01,수도권,KR,3,3호선,0224,백석,TOLT,장애인화장실(남),2,지하,1,지하 1층,(B1) 4번출구 방향,2,장애인,1,남
01,수도권,KR,3,3호선,0224,백석,TOLT,장애인화장실(여),2,지하,1,지하 1층,(B1) 4번출구 방향,2,장애인,2,여
01,수도권,KR,3,3호선,0224,백석,INFO,고객센터,2,지하,1,지하 1층,(B1) 대합실 4번 출입구 방향,,,,
01,수도권,KR,3,3호선,0224,백석,EV,일반승강기,2,지하,2,지하 2층,[1호기](B2)대화역방향승강장4-1출입문앞/오금역방향승강장7-4출입문앞,,,,
01,수도권,KR,3,3호선,0128,대곡,EV,일반승강기,1,지상,3,지상 3층,[2호기](3F)화정역방향승강장4-1출입문앞,,,,
01,수도권,KR,3,3호선,0128,대곡,EV,일반승강기,1,지상,3,지상 3층,[3호기](3F)백석역방향승강장7-4출입문앞,,,,
01,수도권,KR,3,3호선,0128,대곡,EV,일반승강기,1,지상,2,지상 2층,[2호기](3F)화정역방향승강장4-1출입문앞,,,,
01,수도권,KR,3,3호선,0128,대곡,EV,일반승강기,1,지상,2,지상 2층,[3호기](3F)백석역방향승강장7-4출입문앞,,,,
01,수도권,KR,3,3호선,0128,대곡,EV,일반승강기,1,지상,2,지상 2층,[1호기](1F)고객지원실앞,,,,
01,수도권,KR,3,3호선,0128,대곡,TOLT,일반화장실(남),1,지상,2,지상 2층,(2F) 맞이방 편의점 옆,1,일반,1,남
01,수도권,KR,3,3호선,0128,대곡,TOLT,일반화장실(여),1,지상,2,지상 2층,(2F) 맞이방 편의점 옆,1,일반,2,여
01,수도권,KR,3,3호선,0128,대곡,TOLT,장애인화장실(남),1,지상,2,지상 2층,(2F) 맞이방 편의점 옆,2,장애인,1,남
01,수도권,KR,3,3호선,0128,대곡,TOLT,장애인화장실(여),1,지상,2,지상 2층,(2F) 맞이방 편의점 옆,2,장애인,2,여
01,수도권,KR,3,3호선,0128,대곡,EV,일반승강기,1,지상,1,지상 1층,[1호기](1F)고객지원실앞,,,,
01,수도권,KR,3,3호선,0128,대곡,TOLT,일반화장실(남),1,지상,1,지상 1층,(1F)5번출입구 오른쪽방향 EV 뒤 ,1,일반,1,남
01,수도권,KR,3,3호선,0128,대곡,TOLT,일반화장실(여),1,지상,1,지상 1층,(1F)5번출입구 오른쪽방향 EV 뒤 ,1,일반,2,여
01,수도권,KR,3,3호선,0128,대곡,INFO,고객센터,1,지상,1,지상 1층,"(1F) 맞이방, 5번출구 왼쪽방향",,,,
01,수도권,KR,3,3호선,0603,화정,EV,일반승강기,1,지상,1,지상 1층,[2호기]3번출입구방향동고양세무서,,,,
01,수도권,KR,3,3호선,0603,화정,EV,일반승강기,1,지상,1,지상 1층,[1호기]1번출입구방향민방위교육장,,,,
01,수도권,KR,3,3호선,0603,화정,EV,일반승강기,2,지하,1,지하 1층,[1호기]1번출입구방향민방위교육장,,,,
01,수도권,KR,3,3호선,0603,화정,EV,일반승강기,2,지하,1,지하 1층,[2호기]3번출입구방향동고양세무서,,,,
01,수도권,KR,3,3호선,0603,화정,EV,일반승강기,2,지하,1,지하 1층,[4호기]대화행승강장3-4,,,,
01,수도권,KR,3,3호선,0603,화정,EV,일반승강기,2,지하,1,지하 1층,[3호기]오금행승강장8-1,,,,
01,수도권,KR,3,3호선,0603,화정,ELEC,전동휠체어충전설비,2,지하,1,지하 1층,(B1) 4번출구 계단옆,,,,
01,수도권,KR,3,3호선,0603,화정,TOLT,일반화장실(남),2,지하,1,지하 1층,(B1) 남쪽 수유실 건너편 방향,1,일반,1,남
01,수도권,KR,3,3호선,0603,화정,TOLT,일반화장실(여),2,지하,1,지하 1층,(B1) 남쪽 수유실 건너편 방향,1,일반,2,여
01,수도권,KR,3,3호선,0603,화정,TOLT,장애인화장실(남),2,지하,1,지하 1층,(B1) 남쪽 수유실 건너편 방향,2,장애인,1,남
01,수도권,KR,3,3호선,0603,화정,TOLT,장애인화장실(여),2,지하,1,지하 1층,(B1) 남쪽 수유실 건너편 방향,2,장애인,2,여
01,수도권,KR,3,3호선,0603,화정,LARM,수유실,2,지하,1,지하 1층,(B1) 대합실 발매기 앞,,,,
01,수도권,KR,3,3호선,0603,화정,EV,일반승강기,2,지하,2,지하 2층,[4호기]대화행승강장3-4,,,,
01,수도권,KR,3,3호선,0603,화정,EV,일반승강기,2,지하,2,지하 2층,[3호기]오금행승강장8-1,,,,
01,수도권,KR,3,3호선,0456,원당,EV,일반승강기,1,지상,3,지상 3층,[2호기](2F)맞이방북쪽게이트안오금행,,,,
01,수도권,KR,3,3호선,0456,원당,EV,일반승강기,1,지상,3,지상 3층,[1호기](2F)맞이방북쪽게이트안대화행,,,,
01,수도권,KR,3,3호선,0456,원당,EV,일반승강기,1,지상,2,지상 2층,[1호기](2F)맞이방북쪽게이트안대화행,,,,
01,수도권,KR,3,3호선,0456,원당,EV,일반승강기,1,지상,2,지상 2층,[2호기](2F)맞이방북쪽게이트안오금행,,,,
01,수도권,KR,3,3호선,0456,원당,EV,일반승강기,1,지상,2,지상 2층,[3호기](1F)5번출입구앞,,,,
01,수도권,KR,3,3호선,0456,원당,EV,일반승강기,1,지상,2,지상 2층,[4호기](1F)3번출입구앞,,,,
01,수도권,KR,3,3호선,0456,원당,TOLT,일반화장실(남),1,지상,2,지상 2층,2층 맞이방 역무실에서 5번/6번 출입구 방향,1,일반,1,남
01,수도권,KR,3,3호선,0456,원당,TOLT,일반화장실(여),1,지상,2,지상 2층,2층 맞이방 역무실에서 5번/6번 출입구 방향,1,일반,2,여
01,수도권,KR,3,3호선,0456,원당,TOLT,장애인화장실(남),1,지상,2,지상 2층,2층 맞이방 역무실에서 5번/6번 출입구 방향,2,장애인,1,남
01,수도권,KR,3,3호선,0456,원당,TOLT,장애인화장실(여),1,지상,2,지상 2층,2층 맞이방 역무실에서 5번/6번 출입구 방향,2,장애인,2,여
01,수도권,KR,3,3호선,0456,원당,EV,일반승강기,1,지상,1,지상 1층,[3호기](1F)5번출입구앞,,,,
01,수도권,KR,3,3호선,0456,원당,EV,일반승강기,1,지상,1,지상 1층,[4호기](1F)3번출입구앞,,,,
01,수도권,KR,3,3호선,0456,원당,ELEC,전동휠체어충전설비,1,지상,1,지상 1층,(F2) 4번출구 옆,,,,
01,수도권,KR,3,3호선,0036,원흥,EV,일반승강기,1,지상,1,지상 1층,"[1호기](B1)1번출구옆,(1F)1번출구와2번출구사이",,,,
01,수도권,KR,3,3호선,0036,원흥,EV,일반승강기,1,지상,1,지상 1층,"[4호기](B1)7,8번출구하부중간,(1F)7.8번출구상부중간(동원로얄듀크비스타)",,,,
01,수도권,KR,3,3호선,0036,원흥,EV,일반승강기,1,지상,1,지상 1층,"[3호기](B1)5번출구하부,(1F)5번출구상부",,,,
01,수도권,KR,3,3호선,0036,원흥,EV,일반승강기,1,지상,1,지상 1층,"[2호기](B1)4번출구하부,(1F)4번출구상부(원흥역푸르지오)",,,,
01,수도권,KR,3,3호선,0036,원흥,EV,일반승강기,2,지하,1,지하 1층,"[1호기](B1)1번출구옆,(1F)1번출구와2번출구사이",,,,
01,수도권,KR,3,3호선,0036,원흥,EV,일반승강기,2,지하,1,지하 1층,"[4호기](B1)7,8번출구하부중간,(1F)7.8번출구상부중간(동원로얄듀크비스타)",,,,
01,수도권,KR,3,3호선,0036,원흥,EV,일반승강기,2,지하,1,지하 1층,"[2호기](B1)4번출구하부,(1F)4번출구상부(원흥역푸르지오)",,,,
01,수도권,KR,3,3호선,0036,원흥,EV,일반승강기,2,지하,1,지하 1층,"[3호기](B1)5번출구하부,(1F)5번출구상부",,,,
01,수도권,KR,3,3호선,0036,원흥,EV,일반승강기,2,지하,1,지하 1층,"[6호기]B2(대화방면-오금방면승강장간환승통로),B1(대화방면-앞)",,,,
01,수도권,KR,3,3호선,0036,원흥,EV,일반승강기,2,지하,1,지하 1층,"[5호기]B2(대화방면-오금방면승강장간환승통로),B1(오금방면-앞)",,,,
01,수도권,KR,3,3호선,0036,원흥,ELEC,전동휠체어충전설비,2,지하,1,지하 1층,(B1) 고객안내센터 옆,,,,
01,수도권,KR,3,3호선,0036,원흥,TOLT,일반화장실(남),2,지하,1,지하 1층,1번맞이방,1,일반,1,남
01,수도권,KR,3,3호선,0036,원흥,TOLT,일반화장실(남),2,지하,1,지하 1층,3번맞이방,1,일반,1,남
01,수도권,KR,3,3호선,0036,원흥,TOLT,일반화장실(남),2,지하,1,지하 1층,4번맞이방,1,일반,1,남
01,수도권,KR,3,3호선,0036,원흥,TOLT,일반화장실(남),2,지하,1,지하 1층,2번맞이방,1,일반,1,남
01,수도권,KR,3,3호선,0036,원흥,TOLT,일반화장실(여),2,지하,1,지하 1층,4번맞이방,1,일반,2,여
01,수도권,KR,3,3호선,0036,원흥,TOLT,일반화장실(여),2,지하,1,지하 1층,2번맞이방,1,일반,2,여
01,수도권,KR,3,3호선,0036,원흥,TOLT,일반화장실(여),2,지하,1,지하 1층,3번맞이방,1,일반,2,여
01,수도권,KR,3,3호선,0036,원흥,TOLT,일반화장실(여),2,지하,1,지하 1층,1번맞이방,1,일반,2,여
01,수도권,KR,3,3호선,0036,원흥,TOLT,장애인화장실(남),2,지하,1,지하 1층,1번맞이방,2,장애인,1,남
01,수도권,KR,3,3호선,0036,원흥,TOLT,장애인화장실(남),2,지하,1,지하 1층,4번맞이방,2,장애인,1,남
01,수도권,KR,3,3호선,0036,원흥,TOLT,장애인화장실(여),2,지하,1,지하 1층,1번맞이방,2,장애인,2,여
01,수도권,KR,3,3호선,0036,원흥,TOLT,장애인화장실(여),2,지하,1,지하 1층,4번맞이방,2,장애인,2,여
01,수도권,KR,3,3호선,0036,원흥,INFO,고객센터,2,지하,1,지하 1층,"(B1) 1번 맞이방 1,2,3번 출입구 방향",,,,
01,수도권,KR,3,3호선,0036,원흥,LARM,수유실,2,지하,1,지하 1층,(B1) 1번 맞이방 화장실 근처,,,,
01,수도권,KR,3,3호선,0036,원흥,EV,일반승강기,2,지하,2,지하 2층,"[6호기]B2(대화방면-오금방면승강장간환승통로),B1(대화방면-앞)",,,,
01,수도권,KR,3,3호선,0036,원흥,EV,일반승강기,2,지하,2,지하 2층,"[5호기]B2(대화방면-오금방면승강장간환승통로),B1(오금방면-앞)",,,,
01,수도권,KR,3,3호선,0268,삼송,EV,일반승강기,1,지상,1,지상 1층,[3호기](B1)5번출입구앞,,,,
01,수도권,KR,3,3호선,0268,삼송,EV,일반승강기,1,지상,1,지상 1층,[5호기](B1)7번출입구앞,,,,
01,수도권,KR,3,3호선,0268,삼송,EV,일반승강기,1,지상,1,지상 1층,[4호기](B1)6번출입구앞,,,,
01,수도권,KR,3,3호선,0268,삼송,EV,일반승강기,2,지하,1,지하 1층,[5호기](B1)7번출입구앞,,,,
01,수도권,KR,3,3호선,0268,삼송,EV,일반승강기,2,지하,1,지하 1층,[4호기](B1)6번출입구앞,,,,
01,수도권,KR,3,3호선,0268,삼송,EV,일반승강기,2,지하,1,지하 1층,[3호기](B1)5번출입구앞,,,,
01,수도권,KR,3,3호선,0268,삼송,EV,일반승강기,2,지하,1,지하 1층,"[2호기](B2)대화역방향승강장7-4출입문앞(B1)6번출입구방향,대화행표내는곳내계단옆",,,,
01,수도권,KR,3,3호선,0268,삼송,EV,일반승강기,2,지하,1,지하 1층,"[1호기](B2)오금역방향승강장3-4출입문앞(B1)1번출입구방향,오금행표내는곳내계단옆",,,,
01,수도권,KR,3,3호선,0268,삼송,ELEC,전동휠체어충전설비,2,지하,1,지하 1층,(B1) 화장실 입구 옆,,,,
01,수도권,KR,3,3호선,0268,삼송,TOLT,일반화장실(남),2,지하,1,지하 1층,"맞이방 중앙, 역무실 맞은편",1,일반,1,남
01,수도권,KR,3,3호선,0268,삼송,TOLT,일반화장실(여),2,지하,1,지하 1층,"맞이방 중앙, 역무실 맞은편",1,일반,2,여
01,수도권,KR,3,3호선,0268,삼송,TOLT,장애인화장실(남),2,지하,1,지하 1층,"맞이방 중앙, 역무실 맞은편",2,장애인,1,남
01,수도권,KR,3,3호선,0268,삼송,TOLT,장애인화장실(여),2,지하,1,지하 1층,"맞이방 중앙, 역무실 맞은편",2,장애인,2,여
01,수도권,KR,3,3호선,0268,삼송,INFO,고객센터,2,지하,1,지하 1층,"(B1) 대합실 중앙, 화장실 바로 앞",,,,
01,수도권,KR,3,3호선,0268,삼송,EV,일반승강기,2,지하,2,지하 2층,"[1호기](B2)오금역방향승강장3-4출입문앞(B1)1번출입구방향,오금행표내는곳내계단옆",,,,
01,수도권,KR,3,3호선,0268,삼송,EV,일반승강기,2,지하,2,지하 2층,"[2호기](B2)대화역방향승강장7-4출입문앞(B1)6번출입구방향,대화행표내는곳내계단옆",,,,
01,수도권,S1,3,3호선,0536,지축,EV,일반승강기,1,지상,2,지상 2층,"[1호기]삼송방면2-1,구파발방면9-4",,,,
01,수도권,S1,3,3호선,0536,지축,EV,일반승강기,1,지상,1,지상 1층,"[1호기]삼송방면2-1,구파발방면9-4",,,,
01,수도권,S1,3,3호선,0536,지축,INFO,고객센터,1,지상,1,지상 1층,1층 대합실,,,,
01,수도권,S1,3,3호선,0078,구파발,EV,일반승강기,1,지상,1,지상 1층,[2호기]1번출구측,,,,
01,수도권,S1,3,3호선,0078,구파발,EV,일반승강기,2,지하,1,지하 1층,[2호기]1번출구측,,,,
01,수도권,S1,3,3호선,0078,구파발,EV,일반승강기,2,지하,1,지하 1층,"[1호기]지축방면5-3,연신내방면6-2",,,,
01,수도권,S1,3,3호선,0078,구파발,TOLT,일반화장실(남),2,지하,1,지하 1층,지하1층 대합실 (가) 표 내는 곳 외부,1,일반,1,남
01,수도권,S1,3,3호선,0078,구파발,TOLT,일반화장실(여),2,지하,1,지하 1층,지하1층 대합실 (가) 표 내는 곳 외부,1,일반,2,여
01,수도권,S1,3,3호선,0078,구파발,TOLT,장애인화장실(남),2,지하,1,지하 1층,지하1층 대합실 (가) 표 내는 곳 외부,2,장애인,1,남
01,수도권,S1,3,3호선,0078,구파발,TOLT,장애인화장실(여),2,지하,1,지하 1층,지하1층 대합실 (가) 표 내는 곳 외부,2,장애인,2,여
01,수도권,S1,3,3호선,0078,구파발,INFO,고객센터,2,지하,1,지하 1층,B1층 대합실,,,,
01,수도권,S1,3,3호선,0078,구파발,LARM,수유실,2,지하,1,지하 1층,B1 고객안전실  인접,,,,
01,수도권,S1,3,3호선,0078,구파발,EV,일반승강기,2,지하,2,지하 2층,"[1호기]지축방면5-3,연신내방면6-2",,,,
01,수도권,S1,3,3호선,0418,연신내,EV,일반승강기,2,지하,1,지하 1층,"[1호기]구파발방면6-1,불광방면5-4",,,,
01,수도권,S1,3,3호선,0418,연신내,TOLT,일반화장실(남),2,지하,1,지하 1층,지하 1층 대합실 라 표 내는 곳 내부,1,일반,1,남
01,수도권,S1,3,3호선,0418,연신내,TOLT,일반화장실(여),2,지하,1,지하 1층,지하 1층 대합실 라 표 내는 곳 내부,1,일반,2,여
01,수도권,S1,3,3호선,0418,연신내,TOLT,장애인화장실(남),2,지하,1,지하 1층,지하 1층 대합실 라 표 내는 곳 내부,2,장애인,1,남
01,수도권,S1,3,3호선,0418,연신내,TOLT,장애인화장실(여),2,지하,1,지하 1층,지하 1층 대합실 라 표 내는 곳 내부,2,장애인,2,여
01,수도권,S1,3,3호선,0418,연신내,INFO,고객센터,2,지하,1,지하 1층,B1층 대합실,,,,
01,수도권,S1,3,3호선,0418,연신내,EV,일반승강기,2,지하,2,지하 2층,"[1호기]구파발방면6-1,불광방면5-4",,,,
01,수도권,S1,3,3호선,0255,불광,EV,일반승강기,1,지상,1,지상 1층,[4호기]3번출구측,,,,
01,수도권,S1,3,3호선,0255,불광,EV,일반승강기,1,지상,1,지상 1층,[3호기]1번출구측,,,,
01,수도권,S1,3,3호선,0255,불광,EV,일반승강기,2,지하,1,지하 1층,[4호기]3번출구측,,,,
01,수도권,S1,3,3호선,0255,불광,EV,일반승강기,2,지하,1,지하 1층,[3호기]1번출구측,,,,
01,수도권,S1,3,3호선,0255,불광,EV,일반승강기,2,지하,1,지하 1층,[2호기]녹번방면8-2,,,,
01,수도권,S1,3,3호선,0255,불광,EV,일반승강기,2,지하,1,지하 1층,[1호기]연신내방면3-3,,,,
01,수도권,S1,3,3호선,0255,불광,ELEC,전동휠체어충전설비,2,지하,1,지하 1층,가 게이트 옆,,,,
01,수도권,S1,3,3호선,0255,불광,TOLT,일반화장실(남),2,지하,1,지하 1층,지하1층 대합실 (나) 표 내는 곳 외부,1,일반,1,남
01,수도권,S1,3,3호선,0255,불광,TOLT,일반화장실(여),2,지하,1,지하 1층,지하1층 대합실 (나) 표 내는 곳 외부,1,일반,2,여
01,수도권,S1,3,3호선,0255,불광,TOLT,장애인화장실(남),2,지하,1,지하 1층,지하1층 대합실 (나) 표 내는 곳 외부,2,장애인,1,남
01,수도권,S1,3,3호선,0255,불광,TOLT,장애인화장실(여),2,지하,1,지하 1층,지하1층 대합실 (나) 표 내는 곳 외부,2,장애인,2,여
01,수도권,S1,3,3호선,0255,불광,INFO,고객센터,2,지하,1,지하 1층,B1층 대합실,,,,
01,수도권,S1,3,3호선,0255,불광,EV,일반승강기,2,지하,2,지하 2층,[1호기]연신내방면3-3,,,,
01,수도권,S1,3,3호선,0255,불광,EV,일반승강기,2,지하,2,지하 2층,[2호기]녹번방면8-2,,,,
01,수도권,S1,3,3호선,0116,녹번,EV,일반승강기,1,지상,1,지상 1층,[3호기]1번출구측,,,,
01,수도권,S1,3,3호선,0116,녹번,EV,일반승강기,1,지상,1,지상 1층,[2호기]3번출구측,,,,
01,수도권,S1,3,3호선,0116,녹번,EV,일반승강기,2,지하,1,지하 1층,[2호기]3번출구측,,,,
01,수도권,S1,3,3호선,0116,녹번,EV,일반승강기,2,지하,1,지하 1층,[3호기]1번출구측,,,,
01,수도권,S1,3,3호선,0116,녹번,EV,일반승강기,2,지하,1,지하 1층,"[1호기]불광방면3-1,홍제방면8-4",,,,
01,수도권,S1,3,3호선,0116,녹번,TOLT,일반화장실(남),2,지하,1,지하 1층,지하1층 대합실 표 내는 곳 외부,1,일반,1,남
01,수도권,S1,3,3호선,0116,녹번,TOLT,일반화장실(여),2,지하,1,지하 1층,지하1층 대합실 표 내는 곳 외부,1,일반,2,여
01,수도권,S1,3,3호선,0116,녹번,TOLT,장애인화장실(남),2,지하,1,지하 1층,지하1층 대합실 표 내는 곳 외부,2,장애인,1,남
01,수도권,S1,3,3호선,0116,녹번,TOLT,장애인화장실(여),2,지하,1,지하 1층,지하1층 대합실 표 내는 곳 외부,2,장애인,2,여
01,수도권,S1,3,3호선,0116,녹번,INFO,고객센터,2,지하,1,지하 1층,B1층 대합실,,,,
01,수도권,S1,3,3호선,0116,녹번,EV,일반승강기,2,지하,2,지하 2층,"[1호기]불광방면3-1,홍제방면8-4",,,,
01,수도권,S1,3,3호선,0597,홍제,EV,일반승강기,1,지상,1,지상 1층,[3호기]1번출구측,,,,
01,수도권,S1,3,3호선,0597,홍제,EV,일반승강기,1,지상,1,지상 1층,[2호기]4번출구측,,,,
01,수도권,S1,3,3호선,0597,홍제,EV,일반승강기,2,지하,1,지하 1층,[3호기]1번출구측,,,,
01,수도권,S1,3,3호선,0597,홍제,EV,일반승강기,2,지하,1,지하 1층,[2호기](B2-F1)4번 출입구측,,,,
01,수도권,S1,3,3호선,0597,홍제,TOLT,일반화장실(남),2,지하,1,지하 1층,지하1층 대합실 상가(다이소) 옆,1,일반,1,남
01,수도권,S1,3,3호선,0597,홍제,TOLT,일반화장실(여),2,지하,1,지하 1층,지하1층 대합실 상가(다이소) 옆,1,일반,2,여
01,수도권,S1,3,3호선,0597,홍제,EV,일반승강기,2,지하,2,지하 2층,[2호기]4번출구측,,,,
01,수도권,S1,3,3호선,0597,홍제,EV,일반승강기,2,지하,2,지하 2층,"[1호기]녹번방면3-4,무악재방면8-1",,,,
01,수도권,S1,3,3호선,0597,홍제,TOLT,일반화장실(남),2,지하,2,지하 2층,지하2층 대합실 다개집표기 앞,1,일반,1,남
01,수도권,S1,3,3호선,0597,홍제,TOLT,일반화장실(여),2,지하,2,지하 2층,지하2층 대합실 다개집표기 앞,1,일반,2,여
01,수도권,S1,3,3호선,0597,홍제,TOLT,장애인화장실(남),2,지하,2,지하 2층,지하2층 대합실 다개집표기 앞,2,장애인,1,남
01,수도권,S1,3,3호선,0597,홍제,TOLT,장애인화장실(여),2,지하,2,지하 2층,지하2층 대합실 다개집표기 앞,2,장애인,2,여
01,수도권,S1,3,3호선,0597,홍제,INFO,고객센터,2,지하,2,지하 2층,B2층 대합실,,,,
01,수도권,S1,3,3호선,0597,홍제,EV,일반승강기,2,지하,3,지하 3층,"[1호기]녹번방면3-4,무악재방면8-1",,,,
01,수도권,S1,3,3호선,0205,무악재,EV,일반승강기,1,지상,1,지상 1층,[3호기]1번출구측,,,,
01,수도권,S1,3,3호선,0205,무악재,EV,일반승강기,2,지하,1,지하 1층,[3호기](B2-F1)(B2) 3호선 지하2층 대합실 (1F)1번 출입구 옆,,,,
01,수도권,S1,3,3호선,0205,무악재,EV,일반승강기,2,지하,2,지하 2층,[3호기]1번출구측,,,,
01,수도권,S1,3,3호선,0205,무악재,EV,일반승강기,2,지하,2,지하 2층,[2호기]독립문방면8-2,,,,
01,수도권,S1,3,3호선,0205,무악재,EV,일반승강기,2,지하,2,지하 2층,[1호기]홍제방면3-3,,,,
01,수도권,S1,3,3호선,0205,무악재,ELEC,전동휠체어충전설비,2,지하,2,지하 2층,1번출입구에서 지하2층으로 내려온후 좌측 7m,,,,
01,수도권,S1,3,3호선,0205,무악재,TOLT,일반화장실(남),2,지하,2,지하 2층,지하2층 대합실 (가) 표 내는 곳 내부,1,일반,1,남
01,수도권,S1,3,3호선,0205,무악재,TOLT,일반화장실(여),2,지하,2,지하 2층,지하2층 대합실 (가) 표 내는 곳 내부,1,일반,2,여
01,수도권,S1,3,3호선,0205,무악재,TOLT,장애인화장실(남),2,지하,2,지하 2층,지하2층 대합실 (가) 표 내는 곳 내부,2,장애인,1,남
01,수도권,S1,3,3호선,0205,무악재,TOLT,장애인화장실(여),2,지하,2,지하 2층,지하2층 대합실 (가) 표 내는 곳 내부,2,장애인,2,여
01,수도권,S1,3,3호선,0205,무악재,INFO,고객센터,2,지하,2,지하 2층,B2층 대합실,,,,
01,수도권,S1,3,3호선,0205,무악재,EV,일반승강기,2,지하,3,지하 3층,[1호기]홍제방면3-3,,,,
01,수도권,S1,3,3호선,0205,무악재,EV,일반승강기,2,지하,3,지하 3층,[2호기]독립문방면8-2,,,,
01,수도권,S1,3,3호선,0150,독립문,EV,일반승강기,1,지상,1,지상 1층,[2호기]4번출구측,,,,
01,수도권,S1,3,3호선,0150,독립문,EV,일반승강기,2,지하,1,지하 1층,[2호기](B2-F1)4번 출입구측,,,,
01,수도권,S1,3,3호선,0150,독립문,ELEC,전동휠체어충전설비,2,지하,1,지하 1층,4번 출입에서 지하1층으로 내려온 후 좌측 65m,,,,
01,수도권,S1,3,3호선,0150,독립문,EV,일반승강기,2,지하,2,지하 2층,[2호기]4번출구측,,,,
01,수도권,S1,3,3호선,0150,독립문,EV,일반승강기,2,지하,2,지하 2층,"[1호기]무악재방면9-1,경복궁방면2-4",,,,
01,수도권,S1,3,3호선,0150,독립문,TOLT,일반화장실(남),2,지하,2,지하 2층,지하2층 대합실 (나) 표 내는 곳 내부,1,일반,1,남
01,수도권,S1,3,3호선,0150,독립문,TOLT,일반화장실(여),2,지하,2,지하 2층,지하2층 대합실 (나) 표 내는 곳 내부,1,일반,2,여
01,수도권,S1,3,3호선,0150,독립문,TOLT,장애인화장실(남),2,지하,2,지하 2층,지하2층 대합실 (나) 표 내는 곳 내부,2,장애인,1,남
01,수도권,S1,3,3호선,0150,독립문,TOLT,장애인화장실(여),2,지하,2,지하 2층,지하2층 대합실 (나) 표 내는 곳 내부,2,장애인,2,여
01,수도권,S1,3,3호선,0150,독립문,INFO,고객센터,2,지하,2,지하 2층,B2층 대합실,,,,
01,수도권,S1,3,3호선,0150,독립문,LARM,수유실,2,지하,2,지하 2층,B2 고객안전실  내부,,,,
01,수도권,S1,3,3호선,0150,독립문,EV,일반승강기,2,지하,3,지하 3층,"[1호기]무악재방면9-1,경복궁방면2-4",,,,
01,수도권,S1,3,3호선,0040,경복궁,EV,일반승강기,1,지상,1,지상 1층,[2호기]4번출구측,,,,
01,수도권,S1,3,3호선,0040,경복궁,EV,일반승강기,2,지하,1,지하 1층,[2호기](B2-F1)4번 출입구측,,,,
01,수도권,S1,3,3호선,0040,경복궁,EV,일반승강기,2,지하,2,지하 2층,[2호기]4번출구측,,,,
01,수도권,S1,3,3호선,0040,경복궁,EV,일반승강기,2,지하,2,지하 2층,"[1호기]독립문방면6-2,안국방면5-3",,,,
01,수도권,S1,3,3호선,0040,경복궁,TOLT,일반화장실(남),2,지하,2,지하 2층,지하2층 대합실 (가) 표 내는 곳 내부,1,일반,1,남
01,수도권,S1,3,3호선,0040,경복궁,TOLT,일반화장실(여),2,지하,2,지하 2층,지하2층 대합실 (가) 표 내는 곳 내부,1,일반,2,여
01,수도권,S1,3,3호선,0040,경복궁,TOLT,장애인화장실(남),2,지하,2,지하 2층,지하2층 대합실 (가) 표 내는 곳 내부,2,장애인,1,남
01,수도권,S1,3,3호선,0040,경복궁,TOLT,장애인화장실(여),2,지하,2,지하 2층,지하2층 대합실 (가) 표 내는 곳 내부,2,장애인,2,여
01,수도권,S1,3,3호선,0040,경복궁,INFO,고객센터,2,지하,2,지하 2층,B2층 대합실,,,,
01,수도권,S1,3,3호선,0040,경복궁,EV,일반승강기,2,지하,3,지하 3층,"[1호기]독립문방면6-2,안국방면5-3",,,,
01,수도권,S1,3,3호선,0387,안국,EV,일반승강기,1,지상,1,지상 1층,[2호기]6번출구측,,,,
01,수도권,S1,3,3호선,0387,안국,EV,일반승강기,2,지하,1,지하 1층,[2호기](B2-F1)6번 출입구측,,,,
01,수도권,S1,3,3호선,0387,안국,EV,일반승강기,2,지하,2,지하 2층,[2호기]6번출구측,,,,
01,수도권,S1,3,3호선,0387,안국,EV,일반승강기,2,지하,2,지하 2층,"[1호기]경복궁방면3-2,종로3가방면8-3",,,,
01,수도권,S1,3,3호선,0387,안국,EV,일반승강기,2,지하,3,지하 3층,"[1호기]경복궁방면3-2,종로3가방면8-3",,,,
01,수도권,S1,3,3호선,0387,안국,ELEC,전동휠체어충전설비,2,지하,3,지하 3층,지하3층 외부 E/V 앞쪽 3m 지점,,,,
01,수도권,S1,3,3호선,0387,안국,TOLT,일반화장실(남),2,지하,3,지하 3층,지하3층 대합실 A계단 방면,1,일반,1,남
01,수도권,S1,3,3호선,0387,안국,TOLT,일반화장실(여),2,지하,3,지하 3층,지하3층 대합실 A계단 방면,1,일반,2,여
01,수도권,S1,3,3호선,0387,안국,TOLT,장애인화장실(남),2,지하,3,지하 3층,지하3층 대합실 A계단 방면,2,장애인,1,남
01,수도권,S1,3,3호선,0387,안국,TOLT,장애인화장실(여),2,지하,3,지하 3층,지하3층 대합실 A계단 방면,2,장애인,2,여
01,수도권,S1,3,3호선,0387,안국,INFO,고객센터,2,지하,3,지하 3층,B3층 대합실,,,,
01,수도권,S1,3,3호선,0515,종로3가,EV,일반승강기,1,지상,1,지상 1층,[2호기]8번출구측,,,,
01,수도권,S1,3,3호선,0515,종로3가,EV,일반승강기,2,지하,1,지하 1층,[2호기]8번출구측,,,,
01,수도권,S1,3,3호선,0515,종로3가,EV,일반승강기,2,지하,2,지하 2층,[2호기](B3-B1)8번 출입구,,,,
01,수도권,S1,3,3호선,0515,종로3가,EV,일반승강기,2,지하,2,지하 2층,"[1호기]안국방면4-3,을지로3가방면7-1",,,,
01,수도권,S1,3,3호선,0515,종로3가,INFO,고객센터,2,지하,2,지하 2층,B2층 대합실,,,,
01,수도권,S1,3,3호선,0515,종로3가,EV,일반승강기,2,지하,3,지하 3층,"[1호기](B4-B2)지축방향 4-3, 오금방향 7-1",,,,
01,수도권,S1,3,3호선,0515,종로3가,TOLT,일반화장실(남),2,지하,3,지하 3층,지하3층,1,일반,1,남
01,수도권,S1,3,3호선,0515,종로3가,TOLT,일반화장실(여),2,지하,3,지하 3층,지하3층,1,일반,2,여
01,수도권,S1,3,3호선,0515,종로3가,TOLT,장애인화장실(남),2,지하,3,지하 3층,지하3층,2,장애인,1,남
01,수도권,S1,3,3호선,0515,종로3가,TOLT,장애인화장실(여),2,지하,3,지하 3층,지하3층,2,장애인,2,여
01,수도권,S1,3,3호선,0515,종로3가,EV,일반승강기,2,지하,4,지하 4층,"[1호기]안국방면4-3,을지로3가방면7-1",,,,
01,수도권,S1,3,3호선,0464,을지로3가,EV,일반승강기,1,지상,1,지상 1층,[2호기]10번출구측,,,,
01,수도권,S1,3,3호선,0464,을지로3가,EV,일반승강기,2,지하,1,지하 1층,[2호기]10번출구측,,,,
01,수도권,S1,3,3호선,0464,을지로3가,EV,일반승강기,2,지하,1,지하 1층,"[1호기]종로3가방면6-3,충무로방면5-2",,,,
01,수도권,S1,3,3호선,0464,을지로3가,INFO,고객센터,2,지하,1,지하 1층,B1층 대합실,,,,
01,수도권,S1,3,3호선,0464,을지로3가,EV,일반승강기,2,지하,2,지하 2층,[1호기](B3-B1)섬식(상) 6-3,,,,
01,수도권,S1,3,3호선,0464,을지로3가,TOLT,일반화장실(남),2,지하,2,지하 2층,가 대합실 역무실 아래 지하 2층,1,일반,1,남
01,수도권,S1,3,3호선,0464,을지로3가,TOLT,일반화장실(여),2,지하,2,지하 2층,가 대합실 역무실 아래 지하 2층,1,일반,2,여
01,수도권,S1,3,3호선,0464,을지로3가,TOLT,장애인화장실(남),2,지하,2,지하 2층,가 대합실 역무실 아래 지하 2층,2,장애인,1,남
01,수도권,S1,3,3호선,0464,을지로3가,TOLT,장애인화장실(여),2,지하,2,지하 2층,가 대합실 역무실 아래 지하 2층,2,장애인,2,여
01,수도권,S1,3,3호선,0464,을지로3가,EV,일반승강기,2,지하,3,지하 3층,"[1호기]종로3가방면6-3,충무로방면5-2",,,,
01,수도권,S1,3,3호선,0563,충무로,INFO,고객센터,2,지하,1,지하 1층,B1층 대합실,,,,
01,수도권,S1,3,3호선,0157,동대입구,EV,일반승강기,1,지상,1,지상 1층,[4호기]2번출구측,,,,
01,수도권,S1,3,3호선,0157,동대입구,EV,일반승강기,1,지상,1,지상 1층,[3호기]6번출구측,,,,
01,수도권,S1,3,3호선,0157,동대입구,EV,일반승강기,2,지하,1,지하 1층,[3호기](B2-F1)6번 출입구측,,,,
01,수도권,S1,3,3호선,0157,동대입구,EV,일반승강기,2,지하,1,지하 1층,[2호기]대합실(F계단측),,,,
01,수도권,S1,3,3호선,0157,동대입구,EV,일반승강기,2,지하,2,지하 2층,[2호기]대합실(F계단측),,,,
01,수도권,S1,3,3호선,0157,동대입구,EV,일반승강기,2,지하,2,지하 2층,[3호기]6번출구측,,,,
01,수도권,S1,3,3호선,0157,동대입구,EV,일반승강기,2,지하,2,지하 2층,[4호기]2번출구측,,,,
01,수도권,S1,3,3호선,0157,동대입구,EV,일반승강기,2,지하,2,지하 2층,"[1호기]충무로방면3-1,약수방면8-4",,,,
01,수도권,S1,3,3호선,0157,동대입구,TOLT,일반화장실(남),2,지하,2,지하 2층,"대합실 2층 ""가"" 표 내는 곳 앞",1,일반,1,남
01,수도권,S1,3,3호선,0157,동대입구,TOLT,일반화장실(여),2,지하,2,지하 2층,"대합실 2층 ""가"" 표 내는 곳 앞",1,일반,2,여
01,수도권,S1,3,3호선,0157,동대입구,TOLT,장애인화장실(남),2,지하,2,지하 2층,"대합실 2층 ""가"" 표 내는 곳 앞",2,장애인,1,남
01,수도권,S1,3,3호선,0157,동대입구,TOLT,장애인화장실(여),2,지하,2,지하 2층,"대합실 2층 ""가"" 표 내는 곳 앞",2,장애인,2,여
01,수도권,S1,3,3호선,0157,동대입구,EV,일반승강기,2,지하,3,지하 3층,"[1호기]충무로방면3-1,약수방면8-4",,,,
01,수도권,S1,3,3호선,0157,동대입구,INFO,고객센터,2,지하,3,지하 3층,B3층 대합실,,,,
01,수도권,S1,3,3호선,0397,약수,EV,일반승강기,1,지상,1,지상 1층,[2호기]3번출구측,,,,
01,수도권,S1,3,3호선,0397,약수,EV,일반승강기,2,지하,1,지하 1층,[2호기]3번출구측,,,,
01,수도권,S1,3,3호선,0397,약수,EV,일반승강기,2,지하,1,지하 1층,"[1호기]동대입구방면8-4,금호방면3-1",,,,
01,수도권,S1,3,3호선,0397,약수,TOLT,일반화장실(남),2,지하,1,지하 1층,(지하1층 표 내는 곳 내 대합실),1,일반,1,남
01,수도권,S1,3,3호선,0397,약수,TOLT,일반화장실(여),2,지하,1,지하 1층,(지하1층 표 내는 곳 내 대합실),1,일반,2,여
01,수도권,S1,3,3호선,0397,약수,TOLT,장애인화장실(남),2,지하,1,지하 1층,(지하1층 표 내는 곳 내 대합실),2,장애인,1,남
01,수도권,S1,3,3호선,0397,약수,TOLT,장애인화장실(여),2,지하,1,지하 1층,(지하1층 표 내는 곳 내 대합실),2,장애인,2,여
01,수도권,S1,3,3호선,0397,약수,INFO,고객센터,2,지하,1,지하 1층,B1층 대합실,,,,
01,수도권,S1,3,3호선,0397,약수,EV,일반승강기,2,지하,2,지하 2층,"[1호기]동대입구방면8-4,금호방면3-1",,,,
01,수도권,S1,3,3호선,0093,금호,EV,일반승강기,1,지상,1,지상 1층,[3호기]3번출구측,,,,
01,수도권,S1,3,3호선,0093,금호,EV,일반승강기,1,지상,1,지상 1층,[2호기]2번출구측,,,,
01,수도권,S1,3,3호선,0093,금호,EV,일반승강기,2,지하,1,지하 1층,[2호기]2번출구측,,,,
01,수도권,S1,3,3호선,0093,금호,EV,일반승강기,2,지하,1,지하 1층,[3호기]3번출구측,,,,
01,수도권,S1,3,3호선,0093,금호,EV,일반승강기,2,지하,1,지하 1층,"[1호기]약수방면3-2,옥수방면8-3",,,,
01,수도권,S1,3,3호선,0093,금호,TOLT,일반화장실(남),2,지하,1,지하 1층,지하1층 (가) 표 내는 곳 내 대합실,1,일반,1,남
01,수도권,S1,3,3호선,0093,금호,TOLT,일반화장실(여),2,지하,1,지하 1층,지하1층 (가) 표 내는 곳 내 대합실,1,일반,2,여
01,수도권,S1,3,3호선,0093,금호,TOLT,장애인화장실(남),2,지하,1,지하 1층,지하1층 (가) 표 내는 곳 내 대합실,2,장애인,1,남
01,수도권,S1,3,3호선,0093,금호,TOLT,장애인화장실(여),2,지하,1,지하 1층,지하1층 (가) 표 내는 곳 내 대합실,2,장애인,2,여
01,수도권,S1,3,3호선,0093,금호,INFO,고객센터,2,지하,1,지하 1층,B1층 대합실,,,,
01,수도권,S1,3,3호선,0093,금호,EV,일반승강기,2,지하,2,지하 2층,"[1호기]약수방면3-2,옥수방면8-3",,,,
01,수도권,S1,3,3호선,0434,옥수,EV,일반승강기,1,지상,3,지상 3층,[2호기]압구정방면1-2,,,,
01,수도권,S1,3,3호선,0434,옥수,EV,일반승강기,1,지상,3,지상 3층,[1호기]금호방면10-1,,,,
01,수도권,S1,3,3호선,0434,옥수,TOLT,일반화장실(남),1,지상,3,지상 3층,3층 환승통로측,1,일반,1,남
01,수도권,S1,3,3호선,0434,옥수,TOLT,일반화장실(남),1,지상,3,지상 3층,3층 금호역측,1,일반,1,남
01,수도권,S1,3,3호선,0434,옥수,TOLT,일반화장실(여),1,지상,3,지상 3층,3층 금호역측,1,일반,2,여
01,수도권,S1,3,3호선,0434,옥수,TOLT,일반화장실(여),1,지상,3,지상 3층,3층 환승통로측,1,일반,2,여
01,수도권,S1,3,3호선,0434,옥수,TOLT,장애인화장실(남),1,지상,3,지상 3층,3층 환승통로측,2,장애인,1,남
01,수도권,S1,3,3호선,0434,옥수,TOLT,장애인화장실(여),1,지상,3,지상 3층,3층 환승통로측,2,장애인,2,여
01,수도권,S1,3,3호선,0434,옥수,LARM,수유실,1,지상,3,지상 3층,F3 고객안전실방면 게이트 옆,,,,
01,수도권,S1,3,3호선,0434,옥수,EV,일반승강기,1,지상,2,지상 2층,[2호기]압구정방면1-2,,,,
01,수도권,S1,3,3호선,0434,옥수,EV,일반승강기,1,지상,2,지상 2층,[1호기]금호방면10-1,,,,
01,수도권,S1,3,3호선,0434,옥수,EV,일반승강기,1,지상,2,지상 2층,"[3호기]4,5번출구측",,,,
01,수도권,S1,3,3호선,0434,옥수,EV,일반승강기,1,지상,1,지상 1층,"[3호기]4,5번출구측",,,,
01,수도권,S1,3,3호선,0434,옥수,ELEC,전동휠체어충전설비,2,지하,3,지하 3층,4번 출구 E/S 위 좌측 벽면,,,,
01,수도권,S1,3,3호선,0434,옥수,INFO,고객센터,2,지하,3,지하 3층,B3층 대합실,,,,
01,수도권,S1,3,3호선,0392,압구정,EV,일반승강기,1,지상,1,지상 1층,[4호기]2번출구측,,,,
01,수도권,S1,3,3호선,0392,압구정,EV,일반승강기,1,지상,1,지상 1층,[3호기]3번출구측,,,,
01,수도권,S1,3,3호선,0392,압구정,EV,일반승강기,2,지하,1,지하 1층,[4호기]2번출구측,,,,
01,수도권,S1,3,3호선,0392,압구정,EV,일반승강기,2,지하,1,지하 1층,[3호기]3번출구측,,,,
01,수도권,S1,3,3호선,0392,압구정,EV,일반승강기,2,지하,1,지하 1층,[2호기]신사방면3-2,,,,
01,수도권,S1,3,3호선,0392,압구정,EV,일반승강기,2,지하,1,지하 1층,[1호기]옥수방면8-2,,,,
01,수도권,S1,3,3호선,0392,압구정,TOLT,일반화장실(남),2,지하,1,지하 1층,지하 1층,1,일반,1,남
01,수도권,S1,3,3호선,0392,압구정,TOLT,일반화장실(여),2,지하,1,지하 1층,지하 1층,1,일반,2,여
01,수도권,S1,3,3호선,0392,압구정,TOLT,장애인화장실(남),2,지하,1,지하 1층,지하 1층,2,장애인,1,남
01,수도권,S1,3,3호선,0392,압구정,TOLT,장애인화장실(여),2,지하,1,지하 1층,지하 1층,2,장애인,2,여
01,수도권,S1,3,3호선,0392,압구정,INFO,고객센터,2,지하,1,지하 1층,B1층 대합실,,,,
01,수도권,S1,3,3호선,0392,압구정,EV,일반승강기,2,지하,2,지하 2층,[1호기]옥수방면8-2,,,,
01,수도권,S1,3,3호선,0392,압구정,EV,일반승강기,2,지하,2,지하 2층,[2호기]신사방면3-2,,,,
01,수도권,S1,3,3호선,0365,신사,EV,일반승강기,1,지상,1,지상 1층,[4호기]8번출구측,,,,
01,수도권,S1,3,3호선,0365,신사,EV,일반승강기,1,지상,1,지상 1층,[3호기]1번출구측,,,,
01,수도권,S1,3,3호선,0365,신사,EV,일반승강기,2,지하,1,지하 1층,[4호기]8번출구측,,,,
01,수도권,S1,3,3호선,0365,신사,EV,일반승강기,2,지하,1,지하 1층,[3호기]1번출구측,,,,
01,수도권,S1,3,3호선,0365,신사,EV,일반승강기,2,지하,1,지하 1층,[2호기]잠원방면8-3,,,,
01,수도권,S1,3,3호선,0365,신사,EV,일반승강기,2,지하,1,지하 1층,[1호기]압구정방면3-1,,,,
01,수도권,S1,3,3호선,0365,신사,TOLT,일반화장실(남),2,지하,1,지하 1층,지하 1층,1,일반,1,남
01,수도권,S1,3,3호선,0365,신사,TOLT,일반화장실(여),2,지하,1,지하 1층,지하 1층,1,일반,2,여
01,수도권,S1,3,3호선,0365,신사,TOLT,장애인화장실(남),2,지하,1,지하 1층,지하 1층,2,장애인,1,남
01,수도권,S1,3,3호선,0365,신사,TOLT,장애인화장실(여),2,지하,1,지하 1층,지하 1층,2,장애인,2,여
01,수도권,S1,3,3호선,0365,신사,INFO,고객센터,2,지하,1,지하 1층,B1층 대합실,,,,
01,수도권,S1,3,3호선,0365,신사,EV,일반승강기,2,지하,2,지하 2층,[1호기]압구정방면3-1,,,,
01,수도권,S1,3,3호선,0365,신사,EV,일반승강기,2,지하,2,지하 2층,[2호기]잠원방면8-3,,,,
01,수도권,S1,3,3호선,0500,잠원,EV,일반승강기,1,지상,1,지상 1층,[3호기]1번출구측,,,,
01,수도권,S1,3,3호선,0500,잠원,EV,일반승강기,2,지하,1,지하 1층,[3호기]1번출구측,,,,
01,수도권,S1,3,3호선,0500,잠원,EV,일반승강기,2,지하,1,지하 1층,[2호기]고속터미널방면8-2,,,,
01,수도권,S1,3,3호선,0500,잠원,EV,일반승강기,2,지하,1,지하 1층,[1호기]신사방면3-3,,,,
01,수도권,S1,3,3호선,0500,잠원,ELEC,전동휠체어충전설비,2,지하,1,지하 1층,3번 출구 방풍문 옆 벽면,,,,
01,수도권,S1,3,3호선,0500,잠원,TOLT,일반화장실(남),2,지하,1,지하 1층,지하1층 표 내는 곳 내 대합실,1,일반,1,남
01,수도권,S1,3,3호선,0500,잠원,TOLT,일반화장실(여),2,지하,1,지하 1층,지하1층 표 내는 곳 내 대합실,1,일반,2,여
01,수도권,S1,3,3호선,0500,잠원,TOLT,장애인화장실(남),2,지하,1,지하 1층,지하1층 표 내는 곳 내 대합실,2,장애인,1,남
01,수도권,S1,3,3호선,0500,잠원,TOLT,장애인화장실(여),2,지하,1,지하 1층,지하1층 표 내는 곳 내 대합실,2,장애인,2,여
01,수도권,S1,3,3호선,0500,잠원,INFO,고객센터,2,지하,1,지하 1층,B1층 대합실,,,,
01,수도권,S1,3,3호선,0500,잠원,EV,일반승강기,2,지하,2,지하 2층,[1호기]신사방면3-3,,,,
01,수도권,S1,3,3호선,0500,잠원,EV,일반승강기,2,지하,2,지하 2층,[2호기]고속터미널방면8-2,,,,
01,수도권,S1,3,3호선,0048,고속터미널,EV,일반승강기,2,지하,2,지하 2층,[1호기]잠원방면8-2,,,,
01,수도권,S1,3,3호선,0048,고속터미널,EV,일반승강기,2,지하,2,지하 2층,[2호기]교대방면3-3,,,,
01,수도권,S1,3,3호선,0048,고속터미널,INFO,고객센터,2,지하,2,지하 2층,B2층 대합실,,,,
01,수도권,S1,3,3호선,0048,고속터미널,LARM,수유실,2,지하,2,지하 2층,B2 9호선 환승게이트 옆,,,,
01,수도권,S1,3,3호선,0048,고속터미널,EV,일반승강기,2,지하,3,지하 3층,[2호기]교대방면3-3,,,,
01,수도권,S1,3,3호선,0048,고속터미널,EV,일반승강기,2,지하,3,지하 3층,[1호기]잠원방면8-2,,,,
01,수도권,S1,3,3호선,0068,교대,EV,일반승강기,1,지상,1,지상 1층,[1호기]13번출구측,,,,
01,수도권,S1,3,3호선,0068,교대,EV,일반승강기,2,지하,1,지하 1층,[1호기]13번출구측,,,,
01,수도권,S1,3,3호선,0068,교대,EV,일반승강기,2,지하,1,지하 1층,"[2호기]고속터미널방면4-2,남부터미널방면7-3",,,,
01,수도권,S1,3,3호선,0068,교대,WCLF,휠체어리프트,2,지하,1,지하 1층,"B1층 2,3호선 연결 계단",,,,
01,수도권,S1,3,3호선,0068,교대,TOLT,일반화장실(남),2,지하,1,지하 1층,"대합실1층 역무실 맞은편,표 내는 곳 외부",1,일반,1,남
01,수도권,S1,3,3호선,0068,교대,TOLT,일반화장실(여),2,지하,1,지하 1층,"대합실1층 역무실 맞은편,표 내는 곳 외부",1,일반,2,여
01,수도권,S1,3,3호선,0068,교대,TOLT,장애인화장실(남),2,지하,1,지하 1층,"대합실1층 역무실 맞은편,표 내는 곳 외부",2,장애인,1,남
01,수도권,S1,3,3호선,0068,교대,TOLT,장애인화장실(여),2,지하,1,지하 1층,"대합실1층 역무실 맞은편,표 내는 곳 외부",2,장애인,2,여
01,수도권,S1,3,3호선,0068,교대,INFO,고객센터,2,지하,1,지하 1층,B1층 대합실,,,,
01,수도권,S1,3,3호선,0068,교대,EV,일반승강기,2,지하,2,지하 2층,[2호기](B3-B1)섬식(상) 4-2,,,,
01,수도권,S1,3,3호선,0068,교대,EV,일반승강기,2,지하,3,지하 3층,"[2호기]고속터미널방면4-2,남부터미널방면7-3",,,,
01,수도권,S1,3,3호선,0106,남부터미널,EV,일반승강기,1,지상,1,지상 1층,[3호기]5번출구측,,,,
01,수도권,S1,3,3호선,0106,남부터미널,EV,일반승강기,2,지하,1,지하 1층,[3호기](B2-F1)5번 출입구측,,,,
01,수도권,S1,3,3호선,0106,남부터미널,EV,일반승강기,2,지하,2,지하 2층,[3호기]5번출구측,,,,
01,수도권,S1,3,3호선,0106,남부터미널,EV,일반승강기,2,지하,2,지하 2층,[2호기]양재방면8-2,,,,
01,수도권,S1,3,3호선,0106,남부터미널,EV,일반승강기,2,지하,2,지하 2층,[1호기]교대방면3-2,,,,
01,수도권,S1,3,3호선,0106,남부터미널,TOLT,일반화장실(남),2,지하,2,지하 2층,대합실 B2층 역무실 앞,1,일반,1,남
01,수도권,S1,3,3호선,0106,남부터미널,TOLT,일반화장실(여),2,지하,2,지하 2층,대합실 B2층 역무실 앞,1,일반,2,여
01,수도권,S1,3,3호선,0106,남부터미널,TOLT,장애인화장실(남),2,지하,2,지하 2층,대합실 B2층 역무실 앞,2,장애인,1,남
01,수도권,S1,3,3호선,0106,남부터미널,TOLT,장애인화장실(여),2,지하,2,지하 2층,대합실 B2층 역무실 앞,2,장애인,2,여
01,수도권,S1,3,3호선,0106,남부터미널,INFO,고객센터,2,지하,2,지하 2층,B2층 대합실,,,,
01,수도권,S1,3,3호선,0106,남부터미널,EV,일반승강기,2,지하,3,지하 3층,[1호기]교대방면3-2,,,,
01,수도권,S1,3,3호선,0106,남부터미널,EV,일반승강기,2,지하,3,지하 3층,[2호기]양재방면8-2,,,,
01,수도권,S1,3,3호선,0400,양재,EV,일반승강기,1,지상,1,지상 1층,[3호기]4번출구측,,,,
01,수도권,S1,3,3호선,0400,양재,EV,일반승강기,1,지상,1,지상 1층,[5호기]1번출구측,,,,
01,수도권,S1,3,3호선,0400,양재,EV,일반승강기,1,지상,1,지상 1층,[4호기]11번출구측,,,,
01,수도권,S1,3,3호선,0400,양재,EV,일반승강기,2,지하,1,지하 1층,[5호기]1번출구측,,,,
01,수도권,S1,3,3호선,0400,양재,EV,일반승강기,2,지하,1,지하 1층,[4호기]11번출구측,,,,
01,수도권,S1,3,3호선,0400,양재,EV,일반승강기,2,지하,1,지하 1층,[3호기]4번출구측,,,,
01,수도권,S1,3,3호선,0400,양재,EV,일반승강기,2,지하,1,지하 1층,[2호기]매봉방면8-4,,,,
01,수도권,S1,3,3호선,0400,양재,EV,일반승강기,2,지하,1,지하 1층,[1호기]남부터미널방면3-1,,,,
01,수도권,S1,3,3호선,0400,양재,TOLT,일반화장실(남),2,지하,1,지하 1층,"대합실 B1층 상선 방향(9-4), 표 내는 곳 내",1,일반,1,남
01,수도권,S1,3,3호선,0400,양재,TOLT,일반화장실(여),2,지하,1,지하 1층,"대합실 B1층 상선 방향(9-4), 표 내는 곳 내",1,일반,2,여
01,수도권,S1,3,3호선,0400,양재,TOLT,장애인화장실(남),2,지하,1,지하 1층,"대합실 B1층 상선 방향(9-4), 표 내는 곳 내",2,장애인,1,남
01,수도권,S1,3,3호선,0400,양재,TOLT,장애인화장실(여),2,지하,1,지하 1층,"대합실 B1층 상선 방향(9-4), 표 내는 곳 내",2,장애인,2,여
01,수도권,S1,3,3호선,0400,양재,INFO,고객센터,2,지하,1,지하 1층,B1층 대합실,,,,
01,수도권,S1,3,3호선,0400,양재,LARM,수유실,2,지하,1,지하 1층,"B1 ③,④방면 출구 옆",,,,
01,수도권,S1,3,3호선,0400,양재,EV,일반승강기,2,지하,2,지하 2층,[1호기]남부터미널방면3-1,,,,
01,수도권,S1,3,3호선,0400,양재,EV,일반승강기,2,지하,2,지하 2층,[2호기]매봉방면8-4,,,,
01,수도권,S1,3,3호선,0193,매봉,EV,일반승강기,1,지상,1,지상 1층,[3호기]1번출구측,,,,
01,수도권,S1,3,3호선,0193,매봉,EV,일반승강기,2,지하,1,지하 1층,[3호기]1번출구측,,,,
01,수도권,S1,3,3호선,0193,매봉,EV,일반승강기,2,지하,1,지하 1층,[2호기]도곡방면6-1,,,,
01,수도권,S1,3,3호선,0193,매봉,EV,일반승강기,2,지하,1,지하 1층,[1호기]양재방면5-4,,,,
01,수도권,S1,3,3호선,0193,매봉,TOLT,일반화장실(남),2,지하,1,지하 1층,대합실 B1층 표 내는 곳옆,1,일반,1,남
01,수도권,S1,3,3호선,0193,매봉,TOLT,일반화장실(여),2,지하,1,지하 1층,대합실 B1층 표 내는 곳옆,1,일반,2,여
01,수도권,S1,3,3호선,0193,매봉,TOLT,장애인화장실(남),2,지하,1,지하 1층,대합실 B1층 표 내는 곳옆,2,장애인,1,남
01,수도권,S1,3,3호선,0193,매봉,TOLT,장애인화장실(여),2,지하,1,지하 1층,대합실 B1층 표 내는 곳옆,2,장애인,2,여
01,수도권,S1,3,3호선,0193,매봉,INFO,고객센터,2,지하,1,지하 1층,B1층 대합실,,,,
01,수도권,S1,3,3호선,0193,매봉,EV,일반승강기,2,지하,2,지하 2층,[1호기]양재방면5-4,,,,
01,수도권,S1,3,3호선,0193,매봉,EV,일반승강기,2,지하,2,지하 2층,[2호기]도곡방면6-1,,,,
01,수도권,S1,3,3호선,0142,도곡,TOLT,일반화장실(남),2,지하,2,지하 2층,대합실  B2층  표 내는 곳 밬,1,일반,1,남
01,수도권,S1,3,3호선,0142,도곡,TOLT,일반화장실(여),2,지하,2,지하 2층,대합실  B2층  표 내는 곳 밬,1,일반,2,여
01,수도권,S1,3,3호선,0142,도곡,TOLT,장애인화장실(남),2,지하,2,지하 2층,대합실  B2층  표 내는 곳 밬,2,장애인,1,남
01,수도권,S1,3,3호선,0142,도곡,TOLT,장애인화장실(여),2,지하,2,지하 2층,대합실  B2층  표 내는 곳 밬,2,장애인,2,여
01,수도권,S1,3,3호선,0142,도곡,INFO,고객센터,2,지하,2,지하 2층,B2층 대합실,,,,
01,수도권,S1,3,3호선,0142,도곡,LARM,수유실,2,지하,2,지하 2층,B2 고객안전실  앞,,,,
01,수도권,S1,3,3호선,0136,대치,EV,일반승강기,1,지상,1,지상 1층,[2호기]7번출구측,,,,
01,수도권,S1,3,3호선,0136,대치,EV,일반승강기,2,지하,1,지하 1층,[2호기]7번출구측,,,,
01,수도권,S1,3,3호선,0136,대치,EV,일반승강기,2,지하,1,지하 1층,"[1호기]도곡방면1-1,학여울방면10-4",,,,
01,수도권,S1,3,3호선,0136,대치,TOLT,일반화장실(남),2,지하,1,지하 1층,대합실 B1층 역무실 앞,1,일반,1,남
01,수도권,S1,3,3호선,0136,대치,TOLT,일반화장실(여),2,지하,1,지하 1층,대합실 B1층 역무실 앞,1,일반,2,여
01,수도권,S1,3,3호선,0136,대치,TOLT,장애인화장실(남),2,지하,1,지하 1층,대합실 B1층 역무실 앞,2,장애인,1,남
01,수도권,S1,3,3호선,0136,대치,TOLT,장애인화장실(여),2,지하,1,지하 1층,대합실 B1층 역무실 앞,2,장애인,2,여
01,수도권,S1,3,3호선,0136,대치,INFO,고객센터,2,지하,1,지하 1층,B1층 대합실,,,,
01,수도권,S1,3,3호선,0136,대치,EV,일반승강기,2,지하,2,지하 2층,[1호기](B4-B1)섬식(상) 1-1,,,,
01,수도권,S1,3,3호선,0136,대치,EV,일반승강기,2,지하,3,지하 3층,"[1호기]도곡방면1-1,학여울방면10-4",,,,
01,수도권,S1,3,3호선,0136,대치,EV,일반승강기,2,지하,3,지하 3층,[1호기](B4-B1)섬식(상) 1-1,,,,
01,수도권,S1,3,3호선,0583,학여울,EV,일반승강기,1,지상,1,지상 1층,[3호기]1번출구측,,,,
01,수도권,S1,3,3호선,0583,학여울,EV,일반승강기,2,지하,1,지하 1층,[3호기](B4-F1)1번 출입구측,,,,
01,수도권,S1,3,3호선,0583,학여울,EV,일반승강기,2,지하,2,지하 2층,[3호기](B4-F1)1번 출입구측,,,,
01,수도권,S1,3,3호선,0583,학여울,EV,일반승강기,2,지하,3,지하 3층,[3호기](B4-F1)1번 출입구측,,,,
01,수도권,S1,3,3호선,0583,학여울,EV,일반승강기,2,지하,4,지하 4층,[3호기]1번출구측,,,,
01,수도권,S1,3,3호선,0583,학여울,EV,일반승강기,2,지하,4,지하 4층,[1호기]대치방면5-4,,,,
01,수도권,S1,3,3호선,0583,학여울,EV,일반승강기,2,지하,4,지하 4층,[2호기]대청방면6-1,,,,
01,수도권,S1,3,3호선,0583,학여울,TOLT,일반화장실(남),2,지하,4,지하 4층,대합실 B4층 외부 E/V 옆 (표 내는 곳 외부),1,일반,1,남
01,수도권,S1,3,3호선,0583,학여울,TOLT,일반화장실(여),2,지하,4,지하 4층,대합실 B4층 외부 E/V 옆 (표 내는 곳 외부),1,일반,2,여
01,수도권,S1,3,3호선,0583,학여울,TOLT,장애인화장실(남),2,지하,4,지하 4층,대합실 B4층 외부 E/V 옆 (표 내는 곳 외부),2,장애인,1,남
01,수도권,S1,3,3호선,0583,학여울,TOLT,장애인화장실(여),2,지하,4,지하 4층,대합실 B4층 외부 E/V 옆 (표 내는 곳 외부),2,장애인,2,여
01,수도권,S1,3,3호선,0583,학여울,INFO,고객센터,2,지하,4,지하 4층,B4층 대합실,,,,
01,수도권,S1,3,3호선,0583,학여울,EV,일반승강기,2,지하,5,지하 5층,[1호기]대치방면5-4,,,,
01,수도권,S1,3,3호선,0583,학여울,EV,일반승강기,2,지하,5,지하 5층,[2호기]대청방면6-1,,,,
01,수도권,S1,3,3호선,0135,대청,EV,일반승강기,1,지상,1,지상 1층,[3호기]8번출구측,,,,
01,수도권,S1,3,3호선,0135,대청,EV,일반승강기,2,지하,1,지하 1층,[3호기](B2-F1) (B2) 대합실 / (B1) 대합실 / (1F) 8번 출입구 옆,,,,
01,수도권,S1,3,3호선,0135,대청,INFO,고객센터,2,지하,1,지하 1층,B1층 대합실,,,,
01,수도권,S1,3,3호선,0135,대청,EV,일반승강기,2,지하,2,지하 2층,[3호기]8번출구측,,,,
01,수도권,S1,3,3호선,0135,대청,EV,일반승강기,2,지하,2,지하 2층,[2호기]일원방면7-1,,,,
01,수도권,S1,3,3호선,0135,대청,EV,일반승강기,2,지하,2,지하 2층,[1호기]학여울방면4-4,,,,
01,수도권,S1,3,3호선,0135,대청,TOLT,일반화장실(남),2,지하,2,지하 2층,대합실  B2층 상선 표 내는 곳안,1,일반,1,남
01,수도권,S1,3,3호선,0135,대청,TOLT,일반화장실(여),2,지하,2,지하 2층,대합실  B2층 상선 표 내는 곳안,1,일반,2,여
01,수도권,S1,3,3호선,0135,대청,TOLT,장애인화장실(남),2,지하,2,지하 2층,대합실  B2층 상선 표 내는 곳안,2,장애인,1,남
01,수도권,S1,3,3호선,0135,대청,TOLT,장애인화장실(여),2,지하,2,지하 2층,대합실  B2층 상선 표 내는 곳안,2,장애인,2,여
01,수도권,S1,3,3호선,0135,대청,EV,일반승강기,2,지하,3,지하 3층,[1호기]학여울방면4-4,,,,
01,수도권,S1,3,3호선,0135,대청,EV,일반승강기,2,지하,3,지하 3층,[2호기]일원방면7-1,,,,
01,수도권,S1,3,3호선,0494,일원,EV,일반승강기,1,지상,1,지상 1층,[4호기]1번출구측,,,,
01,수도권,S1,3,3호선,0494,일원,EV,일반승강기,1,지상,1,지상 1층,[3호기]1번출구측,,,,
01,수도권,S1,3,3호선,0494,일원,EV,일반승강기,2,지하,1,지하 1층,[4호기](B2-F1)1번 출입구측,,,,
01,수도권,S1,3,3호선,0494,일원,EV,일반승강기,2,지하,1,지하 1층,[3호기](B2-F1)1번 출입구측,,,,
01,수도권,S1,3,3호선,0494,일원,EV,일반승강기,2,지하,2,지하 2층,[3호기]1번출구측,,,,
01,수도권,S1,3,3호선,0494,일원,EV,일반승강기,2,지하,2,지하 2층,[4호기]1번출구측,,,,
01,수도권,S1,3,3호선,0494,일원,EV,일반승강기,2,지하,2,지하 2층,[1호기]대청방면6-3,,,,
01,수도권,S1,3,3호선,0494,일원,EV,일반승강기,2,지하,2,지하 2층,[2호기]수서방면5-2,,,,
01,수도권,S1,3,3호선,0494,일원,TOLT,일반화장실(남),2,지하,2,지하 2층,"대합실 B2층 7번출입구옆, 역무실 앞",1,일반,1,남
01,수도권,S1,3,3호선,0494,일원,TOLT,일반화장실(여),2,지하,2,지하 2층,"대합실 B2층 7번출입구옆, 역무실 앞",1,일반,2,여
01,수도권,S1,3,3호선,0494,일원,TOLT,장애인화장실(남),2,지하,2,지하 2층,"대합실 B2층 7번출입구옆, 역무실 앞",2,장애인,1,남
01,수도권,S1,3,3호선,0494,일원,TOLT,장애인화장실(여),2,지하,2,지하 2층,"대합실 B2층 7번출입구옆, 역무실 앞",2,장애인,2,여
01,수도권,S1,3,3호선,0494,일원,INFO,고객센터,2,지하,2,지하 2층,B2층 대합실,,,,
01,수도권,S1,3,3호선,0494,일원,EV,일반승강기,2,지하,3,지하 3층,[1호기]대청방면6-3,,,,
01,수도권,S1,3,3호선,0494,일원,EV,일반승강기,2,지하,3,지하 3층,[2호기]수서방면5-2,,,,
01,수도권,S1,3,3호선,0337,수서,EV,일반승강기,1,지상,1,지상 1층,[4호기]5번출구측,,,,
01,수도권,S1,3,3호선,0337,수서,EV,일반승강기,1,지상,1,지상 1층,[3호기]1번출구측,,,,
01,수도권,S1,3,3호선,0337,수서,EV,일반승강기,2,지하,1,지하 1층,[4호기]5번출구측,,,,
01,수도권,S1,3,3호선,0337,수서,EV,일반승강기,2,지하,1,지하 1층,[3호기]1번출구측,,,,
01,수도권,S1,3,3호선,0337,수서,EV,일반승강기,2,지하,1,지하 1층,[2호기]가락시장방면3-2,,,,
01,수도권,S1,3,3호선,0337,수서,EV,일반승강기,2,지하,1,지하 1층,[1호기]일원방면8-3,,,,
01,수도권,S1,3,3호선,0337,수서,ELEC,전동휠체어충전설비,2,지하,1,지하 1층,대합실 상가 (미샤) 옆,,,,
01,수도권,S1,3,3호선,0337,수서,TOLT,일반화장실(남),2,지하,1,지하 1층,대합실 B1층 역무실좌측(표 내는 곳 내부),1,일반,1,남
01,수도권,S1,3,3호선,0337,수서,TOLT,일반화장실(여),2,지하,1,지하 1층,대합실 B1층 역무실좌측(표 내는 곳 내부),1,일반,2,여
01,수도권,S1,3,3호선,0337,수서,TOLT,장애인화장실(남),2,지하,1,지하 1층,대합실 B1층 역무실좌측(표 내는 곳 내부),2,장애인,1,남
01,수도권,S1,3,3호선,0337,수서,TOLT,장애인화장실(여),2,지하,1,지하 1층,대합실 B1층 역무실좌측(표 내는 곳 내부),2,장애인,2,여
01,수도권,S1,3,3호선,0337,수서,INFO,고객센터,2,지하,1,지하 1층,B1층 대합실,,,,
01,수도권,S1,3,3호선,0337,수서,EV,일반승강기,2,지하,2,지하 2층,[1호기]일원방면8-3,,,,
01,수도권,S1,3,3호선,0337,수서,EV,일반승강기,2,지하,2,지하 2층,[2호기]가락시장방면3-2,,,,
01,수도권,S1,3,3호선,0003,가락시장,EV,일반승강기,1,지상,1,지상 1층,[3호기]7번출구측,,,,
01,수도권,S1,3,3호선,0003,가락시장,EV,일반승강기,2,지하,1,지하 1층,[3호기](B2-F1)7번 출입구측,,,,
01,수도권,S1,3,3호선,0003,가락시장,EV,일반승강기,2,지하,2,지하 2층,[3호기]7번출구측,,,,
01,수도권,S1,3,3호선,0003,가락시장,EV,일반승강기,2,지하,2,지하 2층,[1호기]수서방면8-2,,,,
01,수도권,S1,3,3호선,0003,가락시장,EV,일반승강기,2,지하,2,지하 2층,[2호기]경찰병원방면3-2,,,,
01,수도권,S1,3,3호선,0003,가락시장,ELEC,전동휠체어충전설비,2,지하,2,지하 2층,3호선 고객안내센터 입구쪽 벽면,,,,
01,수도권,S1,3,3호선,0003,가락시장,TOLT,일반화장실(남),2,지하,2,지하 2층,대합실 B2층 고객상담실앞(표 내는 곳 내부),1,일반,1,남
01,수도권,S1,3,3호선,0003,가락시장,TOLT,일반화장실(남),2,지하,2,지하 2층,대합실 B2층 고객상담실앞(개집표기 외부),1,일반,1,남
01,수도권,S1,3,3호선,0003,가락시장,TOLT,일반화장실(여),2,지하,2,지하 2층,대합실 B2층 고객상담실앞(개집표기 외부),1,일반,2,여
01,수도권,S1,3,3호선,0003,가락시장,TOLT,일반화장실(여),2,지하,2,지하 2층,대합실 B2층 고객상담실앞(표 내는 곳 내부),1,일반,2,여
01,수도권,S1,3,3호선,0003,가락시장,TOLT,장애인화장실(남),2,지하,2,지하 2층,대합실 B2층 고객상담실앞(개집표기 외부),2,장애인,1,남
01,수도권,S1,3,3호선,0003,가락시장,TOLT,장애인화장실(남),2,지하,2,지하 2층,대합실 B2층 고객상담실앞(표 내는 곳 내부),2,장애인,1,남
01,수도권,S1,3,3호선,0003,가락시장,TOLT,장애인화장실(여),2,지하,2,지하 2층,대합실 B2층 고객상담실앞(개집표기 외부),2,장애인,2,여
01,수도권,S1,3,3호선,0003,가락시장,TOLT,장애인화장실(여),2,지하,2,지하 2층,대합실 B2층 고객상담실앞(표 내는 곳 내부),2,장애인,2,여
01,수도권,S1,3,3호선,0003,가락시장,INFO,고객센터,2,지하,2,지하 2층,B2층 대합실,,,,
01,수도권,S1,3,3호선,0003,가락시장,EV,일반승강기,2,지하,3,지하 3층,[1호기](B4-B2) 8-2,,,,
01,수도권,S1,3,3호선,0003,가락시장,EV,일반승강기,2,지하,3,지하 3층,[2호기](B4-B2) 3-2,,,,
01,수도권,S1,3,3호선,0003,가락시장,EV,일반승강기,2,지하,4,지하 4층,[2호기]경찰병원방면3-2,,,,
01,수도권,S1,3,3호선,0003,가락시장,EV,일반승강기,2,지하,4,지하 4층,[1호기]수서방면8-2,,,,
01,수도권,S1,3,3호선,0043,경찰병원,EV,일반승강기,1,지상,1,지상 1층,[4호기]3번출구측,,,,
01,수도권,S1,3,3호선,0043,경찰병원,EV,일반승강기,1,지상,1,지상 1층,[3호기]1번출구측,,,,
01,수도권,S1,3,3호선,0043,경찰병원,EV,일반승강기,2,지하,1,지하 1층,[3호기]1번출구측,,,,
01,수도권,S1,3,3호선,0043,경찰병원,EV,일반승강기,2,지하,1,지하 1층,[4호기]3번출구측,,,,
01,수도권,S1,3,3호선,0043,경찰병원,EV,일반승강기,2,지하,1,지하 1층,[1호기]가락시장방면4-2,,,,
01,수도권,S1,3,3호선,0043,경찰병원,EV,일반승강기,2,지하,1,지하 1층,[2호기]오금방면7-3,,,,
01,수도권,S1,3,3호선,0043,경찰병원,TOLT,일반화장실(남),2,지하,1,지하 1층,대합실 B1층 고객안내부스옆(개집표기 외부),1,일반,1,남
01,수도권,S1,3,3호선,0043,경찰병원,TOLT,일반화장실(남),2,지하,1,지하 1층,대합실 B1층 역무실 앞(표 내는 곳 내부),1,일반,1,남
01,수도권,S1,3,3호선,0043,경찰병원,TOLT,일반화장실(여),2,지하,1,지하 1층,대합실 B1층 고객안내부스옆(개집표기 외부),1,일반,2,여
01,수도권,S1,3,3호선,0043,경찰병원,TOLT,일반화장실(여),2,지하,1,지하 1층,대합실 B1층 역무실 앞(표 내는 곳 내부),1,일반,2,여
01,수도권,S1,3,3호선,0043,경찰병원,TOLT,장애인화장실(남),2,지하,1,지하 1층,대합실 B1층 고객안내부스옆(개집표기 외부),2,장애인,1,남
01,수도권,S1,3,3호선,0043,경찰병원,TOLT,장애인화장실(남),2,지하,1,지하 1층,대합실 B1층 역무실 앞(표 내는 곳 내부),2,장애인,1,남
01,수도권,S1,3,3호선,0043,경찰병원,TOLT,장애인화장실(여),2,지하,1,지하 1층,대합실 B1층 역무실 앞(표 내는 곳 내부),2,장애인,2,여
01,수도권,S1,3,3호선,0043,경찰병원,TOLT,장애인화장실(여),2,지하,1,지하 1층,대합실 B1층 고객안내부스옆(개집표기 외부),2,장애인,2,여
01,수도권,S1,3,3호선,0043,경찰병원,INFO,고객센터,2,지하,1,지하 1층,B1층 대합실,,,,
01,수도권,S1,3,3호선,0043,경찰병원,EV,일반승강기,2,지하,2,지하 2층,[1호기](B3-B1) 4-2,,,,
01,수도권,S1,3,3호선,0043,경찰병원,EV,일반승강기,2,지하,2,지하 2층,[2호기](B3-B1) 7-3,,,,
01,수도권,S1,3,3호선,0043,경찰병원,EV,일반승강기,2,지하,3,지하 3층,[2호기]오금방면7-3,,,,
01,수도권,S1,3,3호선,0043,경찰병원,EV,일반승강기,2,지하,3,지하 3층,[1호기]가락시장방면4-2,,,,
01,수도권,S1,3,3호선,0426,오금,EV,일반승강기,1,지상,1,지상 1층,[3호기]1번출구측,,,,
01,수도권,S1,3,3호선,0426,오금,EV,일반승강기,2,지하,1,지하 1층,[3호기]1번출구측,,,,
01,수도권,S1,3,3호선,0426,오금,EV,일반승강기,2,지하,1,지하 1층,[1호기]경찰병원방면5-1,,,,
01,수도권,S1,3,3호선,0426,오금,EV,일반승강기,2,지하,1,지하 1층,[2호기]오금방면6-4,,,,
01,수도권,S1,3,3호선,0426,오금,TOLT,일반화장실(남),2,지하,1,지하 1층,"대합실 B1층 1,2번출입구옆(표 내는 곳 외부)",1,일반,1,남
01,수도권,S1,3,3호선,0426,오금,TOLT,일반화장실(남),2,지하,1,지하 1층,"대합실 B1층 1,2번출입구옆(표 내는 곳 내부)",1,일반,1,남
01,수도권,S1,3,3호선,0426,오금,TOLT,일반화장실(여),2,지하,1,지하 1층,"대합실 B1층 1,2번출입구옆(표 내는 곳 내부)",1,일반,2,여
01,수도권,S1,3,3호선,0426,오금,TOLT,일반화장실(여),2,지하,1,지하 1층,"대합실 B1층 1,2번출입구옆(표 내는 곳 외부)",1,일반,2,여
01,수도권,S1,3,3호선,0426,오금,TOLT,장애인화장실(남),2,지하,1,지하 1층,"대합실 B1층 1,2번출입구옆(표 내는 곳 내부)",2,장애인,1,남
01,수도권,S1,3,3호선,0426,오금,TOLT,장애인화장실(남),2,지하,1,지하 1층,"대합실 B1층 1,2번출입구옆(표 내는 곳 외부)",2,장애인,1,남
01,수도권,S1,3,3호선,0426,오금,TOLT,장애인화장실(여),2,지하,1,지하 1층,"대합실 B1층 1,2번출입구옆(표 내는 곳 내부)",2,장애인,2,여
01,수도권,S1,3,3호선,0426,오금,TOLT,장애인화장실(여),2,지하,1,지하 1층,"대합실 B1층 1,2번출입구옆(표 내는 곳 외부)",2,장애인,2,여
01,수도권,S1,3,3호선,0426,오금,INFO,고객센터,2,지하,1,지하 1층,B1층 대합실,,,,
01,수도권,S1,3,3호선,0426,오금,EV,일반승강기,2,지하,2,지하 2층,[1호기](B4-B1) (B4) 경찰병원역 방향 5-1 출입문 앞 > (B1) 표내는 곳 근처,,,,
01,수도권,S1,3,3호선,0426,오금,EV,일반승강기,2,지하,2,지하 2층,[2호기](B4-B1) (B4) 종착역 승강장 6-4 출입문 앞 > (B1) 표내는 곳 근처,,,,
01,수도권,S1,3,3호선,0426,오금,EV,일반승강기,2,지하,3,지하 3층,[1호기](B4-B1) (B4) 경찰병원역 방향 5-1 출입문 앞 > (B1) 표내는 곳 근처,,,,
01,수도권,S1,3,3호선,0426,오금,EV,일반승강기,2,지하,3,지하 3층,[2호기](B4-B1) (B4) 종착역 승강장 6-4 출입문 앞 > (B1) 표내는 곳 근처,,,,
01,수도권,S1,3,3호선,0426,오금,EV,일반승강기,2,지하,4,지하 4층,[2호기]오금방면6-4,,,,
01,수도권,S1,3,3호선,0426,오금,EV,일반승강기,2,지하,4,지하 4층,[1호기]경찰병원방면5-1,,,,
01,수도권,NU,4,4호선,1355,진접,EV,일반승강기,1,지상,1,지상 1층,"[6호기](1F)4번출입구근처(B1)고객안내센터옆,4번출입구방향",,,,
01,수도권,NU,4,4호선,1355,진접,EV,일반승강기,1,지상,1,지상 1층,"[5호기](1F)2번출입구옆(B1)선큰광장옆,1번/2번출입구방향",,,,
01,수도권,NU,4,4호선,1355,진접,EV,일반승강기,2,지하,1,지하 1층,"[5호기](1F)2번출입구옆(B1)선큰광장옆,1번/2번출입구방향",,,,
01,수도권,NU,4,4호선,1355,진접,EV,일반승강기,2,지하,1,지하 1층,"[6호기](1F)4번출입구근처(B1)고객안내센터옆,4번출입구방향",,,,
01,수도권,NU,4,4호선,1355,진접,EV,일반승강기,2,지하,1,지하 1층,"[4호기](B1)표내는곳내에스컬레이터앞,3번출입구방향(B2)상행방향승강장7-2출입문앞",,,,
01,수도권,NU,4,4호선,1355,진접,EV,일반승강기,2,지하,1,지하 1층,"[3호기](B1)표내는곳내계단옆,1번/2번출입구방향(B2)상행방향승강장4-3출입문앞",,,,
01,수도권,NU,4,4호선,1355,진접,EV,일반승강기,2,지하,1,지하 1층,"[1호기](B1)표내는곳내에스컬레이터앞,4번출입구방향(B2)오남역방향(하행)승강장4-3출입문앞",,,,
01,수도권,NU,4,4호선,1355,진접,EV,일반승강기,2,지하,1,지하 1층,"[2호기](B1)표내는곳내계단옆,1번/2번출입구방향(B2)오남역방향(하행)승강장7-3출입문앞",,,,
01,수도권,NU,4,4호선,1355,진접,TOLT,일반화장실(남),2,지하,1,지하 1층,(B1) 대합실 내 2번 출입구 방향,1,일반,1,남
01,수도권,NU,4,4호선,1355,진접,TOLT,일반화장실(여),2,지하,1,지하 1층,(B1) 대합실 내 2번 출입구 방향,1,일반,2,여
01,수도권,NU,4,4호선,1355,진접,TOLT,장애인화장실(남),2,지하,1,지하 1층,(B1) 대합실 내 2번 출입구 방향,2,장애인,1,남
01,수도권,NU,4,4호선,1355,진접,TOLT,장애인화장실(여),2,지하,1,지하 1층,(B1) 대합실 내 2번 출입구 방향,2,장애인,2,여
01,수도권,NU,4,4호선,1355,진접,INFO,고객센터,2,지하,1,지하 1층,(B1) 대합실 중앙,,,,
01,수도권,NU,4,4호선,1355,진접,LARM,수유실,2,지하,1,지하 1층,"(B1) 대합실 고객안내센터 옆, 4번 출입구 방향",,,,
01,수도권,NU,4,4호선,1355,진접,EV,일반승강기,2,지하,2,지하 2층,"[3호기](B1)표내는곳내계단옆,1번/2번출입구방향(B2)상행방향승강장4-3출입문앞",,,,
01,수도권,NU,4,4호선,1355,진접,EV,일반승강기,2,지하,2,지하 2층,"[2호기](B1)표내는곳내계단옆,1번/2번출입구방향(B2)오남역방향(하행)승강장7-3출입문앞",,,,
01,수도권,NU,4,4호선,1355,진접,EV,일반승강기,2,지하,2,지하 2층,"[1호기](B1)표내는곳내에스컬레이터앞,4번출입구방향(B2)오남역방향(하행)승강장4-3출입문앞",,,,
01,수도권,NU,4,4호선,1355,진접,EV,일반승강기,2,지하,2,지하 2층,"[4호기](B1)표내는곳내에스컬레이터앞,3번출입구방향(B2)상행방향승강장7-2출입문앞",,,,
01,수도권,NU,4,4호선,1354,오남,EV,일반승강기,1,지상,1,지상 1층,"[2호기](1F)3번출입구근처(B1)에스컬레이터5,6호기옆",,,,
01,수도권,NU,4,4호선,1354,오남,EV,일반승강기,1,지상,1,지상 1층,[1호기](1F)2번출입구근처(B1)대합실출입문앞,,,,
01,수도권,NU,4,4호선,1354,오남,EV,일반승강기,2,지하,1,지하 1층,"[4호기](B1)표내는곳내하선에스컬레이터9,10호기앞(B2)별내별가람역방향승강장5-4출입문앞",,,,
01,수도권,NU,4,4호선,1354,오남,EV,일반승강기,2,지하,1,지하 1층,"[3호기](B1)표내는곳내상선에스컬레이터7,8호기앞(B2)진접역방향승강장6-1출입문앞",,,,
01,수도권,NU,4,4호선,1354,오남,EV,일반승강기,2,지하,1,지하 1층,[1호기](1F)2번출입구근처(B1)대합실출입문앞,,,,
01,수도권,NU,4,4호선,1354,오남,EV,일반승강기,2,지하,1,지하 1층,"[2호기](1F)3번출입구근처(B1)에스컬레이터5,6호기옆",,,,
01,수도권,NU,4,4호선,1354,오남,ELEC,전동휠체어충전설비,2,지하,1,지하 1층,(B1) 고객안내센터 옆,,,,
01,수도권,NU,4,4호선,1354,오남,TOLT,일반화장실(남),2,지하,1,지하 1층,(B1) 표 내는 곳 외부 고객안전실 옆,1,일반,1,남
01,수도권,NU,4,4호선,1354,오남,TOLT,일반화장실(여),2,지하,1,지하 1층,(B1) 표 내는 곳 외부 고객안전실 옆,1,일반,2,여
01,수도권,NU,4,4호선,1354,오남,TOLT,장애인화장실(남),2,지하,1,지하 1층,(B1) 표 내는 곳 외부 고객안전실 옆,2,장애인,1,남
01,수도권,NU,4,4호선,1354,오남,TOLT,장애인화장실(여),2,지하,1,지하 1층,(B1) 표 내는 곳 외부 고객안전실 옆,2,장애인,2,여
01,수도권,NU,4,4호선,1354,오남,INFO,고객센터,2,지하,1,지하 1층,(B1) 대합실 1번 출입구 방향,,,,
01,수도권,NU,4,4호선,1354,오남,LARM,수유실,2,지하,1,지하 1층,(B1) 대합실 고객안전실 방향,,,,
01,수도권,NU,4,4호선,1354,오남,EV,일반승강기,2,지하,2,지하 2층,"[3호기](B1)표내는곳내상선에스컬레이터7,8호기앞(B2)진접역방향승강장6-1출입문앞",,,,
01,수도권,NU,4,4호선,1354,오남,EV,일반승강기,2,지하,2,지하 2층,"[4호기](B1)표내는곳내하선에스컬레이터9,10호기앞(B2)별내별가람역방향승강장5-4출입문앞",,,,
01,수도권,NU,4,4호선,1353,별내별가람,EV,일반승강기,1,지상,1,지상 1층,[3호기](1F)1번출입구뒤(B1)1번에스컬레이터옆,,,,
01,수도권,NU,4,4호선,1353,별내별가람,EV,일반승강기,1,지상,1,지상 1층,[5호기](1F)2번출입구뒤(B1)2번에스컬레이터옆,,,,
01,수도권,NU,4,4호선,1353,별내별가람,EV,일반승강기,1,지상,1,지상 1층,[4호기](1F)파리바게트옆(B1)3번에스컬레이터옆,,,,
01,수도권,NU,4,4호선,1353,별내별가람,EV,일반승강기,2,지하,1,지하 1층,[5호기](1F)2번출입구뒤(B1)2번에스컬레이터옆,,,,
01,수도권,NU,4,4호선,1353,별내별가람,EV,일반승강기,2,지하,1,지하 1층,[4호기](1F)파리바게트옆(B1)3번에스컬레이터옆,,,,
01,수도권,NU,4,4호선,1353,별내별가람,EV,일반승강기,2,지하,1,지하 1층,[3호기](1F)1번출입구뒤(B1)1번에스컬레이터옆,,,,
01,수도권,NU,4,4호선,1353,별내별가람,EV,일반승강기,2,지하,1,지하 1층,[1호기],,,,
01,수도권,NU,4,4호선,1353,별내별가람,EV,일반승강기,2,지하,1,지하 1층,[2호기],,,,
01,수도권,NU,4,4호선,1353,별내별가람,TOLT,일반화장실(남),2,지하,1,지하 1층,(B1) 1번 출입구 방향,1,일반,1,남
01,수도권,NU,4,4호선,1353,별내별가람,TOLT,일반화장실(여),2,지하,1,지하 1층,(B1) 1번 출입구 방향,1,일반,2,여
01,수도권,NU,4,4호선,1353,별내별가람,TOLT,장애인화장실(남),2,지하,1,지하 1층,(B1) 1번 출입구 방향,2,장애인,1,남
01,수도권,NU,4,4호선,1353,별내별가람,TOLT,장애인화장실(여),2,지하,1,지하 1층,(B1) 1번 출입구 방향,2,장애인,2,여
01,수도권,NU,4,4호선,1353,별내별가람,INFO,고객센터,2,지하,1,지하 1층,(B1) 대합실 표 내는곳 방향,,,,
01,수도권,NU,4,4호선,1353,별내별가람,LARM,수유실,2,지하,1,지하 1층,(B1) 대합실 4번 출입구 방향,,,,
01,수도권,NU,4,4호선,1353,별내별가람,EV,일반승강기,2,지하,2,지하 2층,[1호기],,,,
01,수도권,NU,4,4호선,1353,별내별가람,EV,일반승강기,2,지하,2,지하 2층,[2호기],,,,
01,수도권,NU,4,4호선,1353,별내별가람,EV,일반승강기,2,지하,3,지하 3층,[2호기],,,,
01,수도권,NU,4,4호선,1353,별내별가람,EV,일반승강기,2,지하,3,지하 3층,[1호기],,,,
01,수도권,S1,4,4호선,0125,불암산,EV,일반승강기,1,지상,3,지상 3층,[1호기]별내별가람방면6-1,,,,
01,수도권,S1,4,4호선,0125,불암산,EV,일반승강기,1,지상,3,지상 3층,[2호기]상계방면5-4,,,,
01,수도권,S1,4,4호선,0125,불암산,EV,일반승강기,1,지상,2,지상 2층,[1호기]별내별가람방면6-1,,,,
01,수도권,S1,4,4호선,0125,불암산,EV,일반승강기,1,지상,2,지상 2층,[2호기]상계방면5-4,,,,
01,수도권,S1,4,4호선,0125,불암산,EV,일반승강기,1,지상,2,지상 2층,[3호기]1번출구측,,,,
01,수도권,S1,4,4호선,0125,불암산,TOLT,일반화장실(남),1,지상,2,지상 2층,대합실 2층 고객안전실 앞,1,일반,1,남
01,수도권,S1,4,4호선,0125,불암산,TOLT,일반화장실(여),1,지상,2,지상 2층,대합실 2층 고객안전실 앞,1,일반,2,여
01,수도권,S1,4,4호선,0125,불암산,TOLT,장애인화장실(남),1,지상,2,지상 2층,대합실 2층 고객안전실 앞,2,장애인,1,남
01,수도권,S1,4,4호선,0125,불암산,TOLT,장애인화장실(여),1,지상,2,지상 2층,대합실 2층 고객안전실 앞,2,장애인,2,여
01,수도권,S1,4,4호선,0125,불암산,INFO,고객센터,1,지상,2,지상 2층,2층 대합실,,,,
01,수도권,S1,4,4호선,0125,불암산,EV,일반승강기,1,지상,1,지상 1층,[3호기]1번출구측,,,,
01,수도권,S1,4,4호선,0125,불암산,TOLT,일반화장실(남),1,지상,1,지상 1층,"대합실 1층 (1,4번 출입구방향)",1,일반,1,남
01,수도권,S1,4,4호선,0125,불암산,TOLT,일반화장실(여),1,지상,1,지상 1층,"대합실 1층 (1,4번 출입구방향)",1,일반,2,여
01,수도권,S1,4,4호선,0125,불암산,TOLT,장애인화장실(남),1,지상,1,지상 1층,"대합실 1층 (1,4번 출입구방향)",2,장애인,1,남
01,수도권,S1,4,4호선,0125,불암산,TOLT,장애인화장실(여),1,지상,1,지상 1층,"대합실 1층 (1,4번 출입구방향)",2,장애인,2,여
01,수도권,S1,4,4호선,0272,상계,EV,일반승강기,1,지상,3,지상 3층,[3호기]노원역방면8-4,,,,
01,수도권,S1,4,4호선,0272,상계,EV,일반승강기,1,지상,3,지상 3층,[2호기]당고개방면2-4,,,,
01,수도권,S1,4,4호선,0272,상계,EV,일반승강기,1,지상,2,지상 2층,[3호기]노원역방면8-4,,,,
01,수도권,S1,4,4호선,0272,상계,EV,일반승강기,1,지상,2,지상 2층,[2호기]당고개방면2-4,,,,
01,수도권,S1,4,4호선,0272,상계,EV,일반승강기,1,지상,2,지상 2층,"[1호기]대합실(1,2번출구사이)",,,,
01,수도권,S1,4,4호선,0272,상계,TOLT,일반화장실(남),1,지상,2,지상 2층,2층 대합실 (나) 표 내는 곳 안,1,일반,1,남
01,수도권,S1,4,4호선,0272,상계,TOLT,일반화장실(여),1,지상,2,지상 2층,2층 대합실 (나) 표 내는 곳 안,1,일반,2,여
01,수도권,S1,4,4호선,0272,상계,TOLT,장애인화장실(남),1,지상,2,지상 2층,2층 대합실 (나) 표 내는 곳 안,2,장애인,1,남
01,수도권,S1,4,4호선,0272,상계,TOLT,장애인화장실(여),1,지상,2,지상 2층,2층 대합실 (나) 표 내는 곳 안,2,장애인,2,여
01,수도권,S1,4,4호선,0272,상계,EV,일반승강기,1,지상,1,지상 1층,"[1호기]대합실(1,2번출구사이)",,,,
01,수도권,S1,4,4호선,0272,상계,INFO,고객센터,1,지상,1,지상 1층,1층 대합실,,,,
01,수도권,S1,4,4호선,0115,노원,EV,일반승강기,1,지상,3,지상 3층,[1호기]상계방면8-4,,,,
01,수도권,S1,4,4호선,0115,노원,EV,일반승강기,1,지상,2,지상 2층,[1호기]상계방면8-4,,,,
01,수도권,S1,4,4호선,0115,노원,EV,일반승강기,1,지상,2,지상 2층,[3호기]9번출구측,,,,
01,수도권,S1,4,4호선,0115,노원,EV,일반승강기,1,지상,2,지상 2층,[2호기]2번출구측,,,,
01,수도권,S1,4,4호선,0115,노원,TOLT,일반화장실(남),1,지상,2,지상 2층,2층 대합실 (나) 표 내는 곳 안,1,일반,1,남
01,수도권,S1,4,4호선,0115,노원,TOLT,일반화장실(여),1,지상,2,지상 2층,2층 대합실 (나) 표 내는 곳 안,1,일반,2,여
01,수도권,S1,4,4호선,0115,노원,TOLT,장애인화장실(남),1,지상,2,지상 2층,2층 대합실 (나) 표 내는 곳 안,2,장애인,1,남
01,수도권,S1,4,4호선,0115,노원,TOLT,장애인화장실(여),1,지상,2,지상 2층,2층 대합실 (나) 표 내는 곳 안,2,장애인,2,여
01,수도권,S1,4,4호선,0115,노원,INFO,고객센터,1,지상,2,지상 2층,2층 대합실,,,,
01,수도권,S1,4,4호선,0115,노원,LARM,수유실,1,지상,2,지상 2층,2F 고객안전실  앞,,,,
01,수도권,S1,4,4호선,0115,노원,EV,일반승강기,1,지상,1,지상 1층,[2호기]2번출구측,,,,
01,수도권,S1,4,4호선,0115,노원,EV,일반승강기,1,지상,1,지상 1층,[3호기]9번출구측,,,,
01,수도권,S1,4,4호선,0115,노원,ELEC,전동휠체어충전설비,1,지상,1,지상 1층,지상1층 대합실 사무실 맞은편,,,,
01,수도권,S1,4,4호선,0541,창동,EV,일반승강기,1,지상,3,지상 3층,[1호기]노원방면2-4,,,,
01,수도권,S1,4,4호선,0541,창동,EV,일반승강기,1,지상,3,지상 3층,[2호기]노원방면8-2,,,,
01,수도권,S1,4,4호선,0541,창동,EV,일반승강기,1,지상,3,지상 3층,[3호기]쌍문방면8-4,,,,
01,수도권,S1,4,4호선,0541,창동,EV,일반승강기,1,지상,3,지상 3층,[6호기]쌍문방면6-1(1호선인천방면),,,,
01,수도권,S1,4,4호선,0541,창동,EV,일반승강기,1,지상,3,지상 3층,[5호기]쌍문방면6-1(1호선소요산방면),,,,
01,수도권,S1,4,4호선,0541,창동,EV,일반승강기,1,지상,3,지상 3층,[4호기]쌍문방면3-2,,,,
01,수도권,S1,4,4호선,0541,창동,EV,일반승강기,1,지상,2,지상 2층,[4호기]쌍문방면3-2,,,,
01,수도권,S1,4,4호선,0541,창동,EV,일반승강기,1,지상,2,지상 2층,[3호기]쌍문방면8-4,,,,
01,수도권,S1,4,4호선,0541,창동,EV,일반승강기,1,지상,2,지상 2층,[1호기]노원방면2-4,,,,
01,수도권,S1,4,4호선,0541,창동,EV,일반승강기,1,지상,2,지상 2층,[2호기]노원방면8-2,,,,
01,수도권,S1,4,4호선,0541,창동,EV,일반승강기,1,지상,2,지상 2층,[8호기]2번출구측,,,,
01,수도권,S1,4,4호선,0541,창동,EV,일반승강기,1,지상,2,지상 2층,[7호기]1번출구측,,,,
01,수도권,S1,4,4호선,0541,창동,ELEC,전동휠체어충전설비,1,지상,2,지상 2층,1번 출구 북측환승통로,,,,
01,수도권,S1,4,4호선,0541,창동,TOLT,일반화장실(남),1,지상,2,지상 2층,2층 대합실 (나) 표 내는 곳 안,1,일반,1,남
01,수도권,S1,4,4호선,0541,창동,TOLT,일반화장실(여),1,지상,2,지상 2층,2층 대합실 (나) 표 내는 곳 안,1,일반,2,여
01,수도권,S1,4,4호선,0541,창동,TOLT,장애인화장실(남),1,지상,2,지상 2층,2층 대합실 (나) 표 내는 곳 안,2,장애인,1,남
01,수도권,S1,4,4호선,0541,창동,TOLT,장애인화장실(여),1,지상,2,지상 2층,2층 대합실 (나) 표 내는 곳 안,2,장애인,2,여
01,수도권,S1,4,4호선,0541,창동,INFO,고객센터,1,지상,2,지상 2층,2층 대합실,,,,
01,수도권,S1,4,4호선,0541,창동,EV,일반승강기,1,지상,1,지상 1층,[8호기]2번출구측,,,,
01,수도권,S1,4,4호선,0541,창동,EV,일반승강기,1,지상,1,지상 1층,[7호기]1번출구측,,,,
01,수도권,S1,4,4호선,0541,창동,EV,일반승강기,1,지상,1,지상 1층,[5호기]쌍문방면6-1(1호선소요산방면),,,,
01,수도권,S1,4,4호선,0541,창동,EV,일반승강기,1,지상,1,지상 1층,[6호기]쌍문방면6-1(1호선인천방면),,,,
01,수도권,S1,4,4호선,0380,쌍문,EV,일반승강기,1,지상,1,지상 1층,[3호기]1번출구측,,,,
01,수도권,S1,4,4호선,0380,쌍문,EV,일반승강기,2,지하,1,지하 1층,[3호기]1번출구측,,,,
01,수도권,S1,4,4호선,0380,쌍문,EV,일반승강기,2,지하,1,지하 1층,[2호기]수유방면3-4,,,,
01,수도권,S1,4,4호선,0380,쌍문,EV,일반승강기,2,지하,1,지하 1층,[1호기]창동방면8-2,,,,
01,수도권,S1,4,4호선,0380,쌍문,ELEC,전동휠체어충전설비,2,지하,1,지하 1층,2번 출구 나가기 전 벽면,,,,
01,수도권,S1,4,4호선,0380,쌍문,TOLT,일반화장실(남),2,지하,1,지하 1층,지하1층 나환기실 옆,1,일반,1,남
01,수도권,S1,4,4호선,0380,쌍문,TOLT,일반화장실(여),2,지하,1,지하 1층,지하1층 나환기실 옆,1,일반,2,여
01,수도권,S1,4,4호선,0380,쌍문,TOLT,장애인화장실(남),2,지하,1,지하 1층,지하1층 나환기실 옆,2,장애인,1,남
01,수도권,S1,4,4호선,0380,쌍문,TOLT,장애인화장실(여),2,지하,1,지하 1층,지하1층 나환기실 옆,2,장애인,2,여
01,수도권,S1,4,4호선,0380,쌍문,INFO,고객센터,2,지하,1,지하 1층,B1층 대합실,,,,
01,수도권,S1,4,4호선,0380,쌍문,EV,일반승강기,2,지하,2,지하 2층,[1호기]창동방면8-2,,,,
01,수도권,S1,4,4호선,0380,쌍문,EV,일반승강기,2,지하,2,지하 2층,[2호기]수유방면3-4,,,,
01,수도권,S1,4,4호선,0340,수유,EV,일반승강기,1,지상,1,지상 1층,"[3호기]1,2번출구사이",,,,
01,수도권,S1,4,4호선,0340,수유,EV,일반승강기,2,지하,1,지하 1층,"[3호기]1,2번출구사이",,,,
01,수도권,S1,4,4호선,0340,수유,EV,일반승강기,2,지하,1,지하 1층,[2호기]미아방면4-4,,,,
01,수도권,S1,4,4호선,0340,수유,EV,일반승강기,2,지하,1,지하 1층,[1호기]쌍문방면7-1,,,,
01,수도권,S1,4,4호선,0340,수유,ELEC,전동휠체어충전설비,2,지하,1,지하 1층,7번 출구 나가기 전 벽면,,,,
01,수도권,S1,4,4호선,0340,수유,TOLT,일반화장실(남),2,지하,1,지하 1층,"대합실 지하1층 역무실 옆(2,8번 출입구방향)",1,일반,1,남
01,수도권,S1,4,4호선,0340,수유,TOLT,일반화장실(여),2,지하,1,지하 1층,"대합실 지하1층 역무실 옆(2,8번 출입구방향)",1,일반,2,여
01,수도권,S1,4,4호선,0340,수유,TOLT,장애인화장실(남),2,지하,1,지하 1층,"대합실 지하1층 역무실 옆(2,8번 출입구방향)",2,장애인,1,남
01,수도권,S1,4,4호선,0340,수유,TOLT,장애인화장실(여),2,지하,1,지하 1층,"대합실 지하1층 역무실 옆(2,8번 출입구방향)",2,장애인,2,여
01,수도권,S1,4,4호선,0340,수유,INFO,고객센터,2,지하,1,지하 1층,B1층 대합실,,,,
01,수도권,S1,4,4호선,0340,수유,EV,일반승강기,2,지하,2,지하 2층,[1호기]쌍문방면7-1,,,,
01,수도권,S1,4,4호선,0340,수유,EV,일반승강기,2,지하,2,지하 2층,[2호기]미아방면4-4,,,,
01,수도권,S1,4,4호선,0211,미아,EV,일반승강기,1,지상,1,지상 1층,"[3호기]1,2번출구사이",,,,
01,수도권,S1,4,4호선,0211,미아,EV,일반승강기,2,지하,1,지하 1층,"[3호기]1,2번출구사이",,,,
01,수도권,S1,4,4호선,0211,미아,EV,일반승강기,2,지하,1,지하 1층,[2호기]미아사거리방면3-4,,,,
01,수도권,S1,4,4호선,0211,미아,EV,일반승강기,2,지하,1,지하 1층,[1호기]수유방면8-2,,,,
01,수도권,S1,4,4호선,0211,미아,TOLT,일반화장실(남),2,지하,1,지하 1층,"대합실 지하1층 교양휴게실 앞 (3,4번 표 내는 곳방향)",1,일반,1,남
01,수도권,S1,4,4호선,0211,미아,TOLT,일반화장실(여),2,지하,1,지하 1층,"대합실 지하1층 교양휴게실 앞 (3,4번 표 내는 곳방향)",1,일반,2,여
01,수도권,S1,4,4호선,0211,미아,TOLT,장애인화장실(남),2,지하,1,지하 1층,"대합실 지하1층 교양휴게실 앞 (3,4번 표 내는 곳방향)",2,장애인,1,남
01,수도권,S1,4,4호선,0211,미아,TOLT,장애인화장실(여),2,지하,1,지하 1층,"대합실 지하1층 교양휴게실 앞 (3,4번 표 내는 곳방향)",2,장애인,2,여
01,수도권,S1,4,4호선,0211,미아,INFO,고객센터,2,지하,1,지하 1층,B1층 대합실,,,,
01,수도권,S1,4,4호선,0211,미아,EV,일반승강기,2,지하,2,지하 2층,[1호기]수유방면8-2,,,,
01,수도권,S1,4,4호선,0211,미아,EV,일반승강기,2,지하,2,지하 2층,[2호기]미아사거리방면3-4,,,,
01,수도권,S1,4,4호선,0212,미아사거리,EV,일반승강기,2,지하,1,지하 1층,[1호기]미아방면3-1,,,,
01,수도권,S1,4,4호선,0212,미아사거리,EV,일반승강기,2,지하,1,지하 1층,[2호기]길음방면8-3,,,,
01,수도권,S1,4,4호선,0212,미아사거리,ELEC,전동휠체어충전설비,2,지하,1,지하 1층,6번 출구 물품보관함 옆,,,,
01,수도권,S1,4,4호선,0212,미아사거리,TOLT,일반화장실(남),2,지하,1,지하 1층,지하1층 역무실 옆,1,일반,1,남
01,수도권,S1,4,4호선,0212,미아사거리,TOLT,일반화장실(여),2,지하,1,지하 1층,지하1층 역무실 옆,1,일반,2,여
01,수도권,S1,4,4호선,0212,미아사거리,TOLT,장애인화장실(남),2,지하,1,지하 1층,지하1층 역무실 옆,2,장애인,1,남
01,수도권,S1,4,4호선,0212,미아사거리,TOLT,장애인화장실(여),2,지하,1,지하 1층,지하1층 역무실 옆,2,장애인,2,여
01,수도권,S1,4,4호선,0212,미아사거리,INFO,고객센터,2,지하,1,지하 1층,B1층 대합실,,,,
01,수도권,S1,4,4호선,0212,미아사거리,LARM,수유실,2,지하,1,지하 1층,B1 고객안전실 내부,,,,
01,수도권,S1,4,4호선,0212,미아사거리,EV,일반승강기,2,지하,2,지하 2층,[2호기]길음방면8-3,,,,
01,수도권,S1,4,4호선,0212,미아사거리,EV,일반승강기,2,지하,2,지하 2층,[1호기]미아방면3-1,,,,
01,수도권,S1,4,4호선,0096,길음,EV,일반승강기,1,지상,1,지상 1층,[3호기]4번출구측,,,,
01,수도권,S1,4,4호선,0096,길음,EV,일반승강기,1,지상,1,지상 1층,[2호기]5번출구측,,,,
01,수도권,S1,4,4호선,0096,길음,EV,일반승강기,2,지하,1,지하 1층,[2호기]5번출구측,,,,
01,수도권,S1,4,4호선,0096,길음,EV,일반승강기,2,지하,1,지하 1층,[3호기]4번출구측,,,,
01,수도권,S1,4,4호선,0096,길음,EV,일반승강기,2,지하,1,지하 1층,[1호기]미아사거리방면6-1,,,,
01,수도권,S1,4,4호선,0096,길음,ELEC,전동휠체어충전설비,2,지하,1,지하 1층,B1 대합실 전기실 옆,,,,
01,수도권,S1,4,4호선,0096,길음,TOLT,일반화장실(남),2,지하,1,지하 1층,지하1층 대합실 (가) 표 내는 곳 밖,1,일반,1,남
01,수도권,S1,4,4호선,0096,길음,TOLT,일반화장실(여),2,지하,1,지하 1층,지하1층 대합실 (가) 표 내는 곳 밖,1,일반,2,여
01,수도권,S1,4,4호선,0096,길음,TOLT,장애인화장실(남),2,지하,1,지하 1층,지하1층 대합실 (가) 표 내는 곳 밖,2,장애인,1,남
01,수도권,S1,4,4호선,0096,길음,TOLT,장애인화장실(여),2,지하,1,지하 1층,지하1층 대합실 (가) 표 내는 곳 밖,2,장애인,2,여
01,수도권,S1,4,4호선,0096,길음,INFO,고객센터,2,지하,1,지하 1층,B1층 대합실,,,,
01,수도권,S1,4,4호선,0096,길음,LARM,수유실,2,지하,1,지하 1층,B1 고객안전실  인접,,,,
01,수도권,S1,4,4호선,0096,길음,EV,일반승강기,2,지하,2,지하 2층,[1호기]미아사거리방면6-1,,,,
01,수도권,S1,4,4호선,0315,성신여대입구,EV,일반승강기,1,지상,1,지상 1층,[4호기]3번출구측,,,,
01,수도권,S1,4,4호선,0315,성신여대입구,EV,일반승강기,1,지상,1,지상 1층,[3호기]2번출구측,,,,
01,수도권,S1,4,4호선,0315,성신여대입구,EV,일반승강기,2,지하,1,지하 1층,[4호기]3번출구측,,,,
01,수도권,S1,4,4호선,0315,성신여대입구,EV,일반승강기,2,지하,1,지하 1층,[3호기]2번출구측,,,,
01,수도권,S1,4,4호선,0315,성신여대입구,EV,일반승강기,2,지하,1,지하 1층,[2호기]한성대입구방면3-4,,,,
01,수도권,S1,4,4호선,0315,성신여대입구,EV,일반승강기,2,지하,1,지하 1층,[1호기]길음방면8-2,,,,
01,수도권,S1,4,4호선,0315,성신여대입구,TOLT,일반화장실(남),2,지하,1,지하 1층,지하1층 고객 안내부스에서 10m 안쪽,1,일반,1,남
01,수도권,S1,4,4호선,0315,성신여대입구,TOLT,일반화장실(여),2,지하,1,지하 1층,지하1층 고객 안내부스에서 10m 안쪽,1,일반,2,여
01,수도권,S1,4,4호선,0315,성신여대입구,TOLT,장애인화장실(남),2,지하,1,지하 1층,지하1층 고객 안내부스에서 10m 안쪽,2,장애인,1,남
01,수도권,S1,4,4호선,0315,성신여대입구,TOLT,장애인화장실(여),2,지하,1,지하 1층,지하1층 고객 안내부스에서 10m 안쪽,2,장애인,2,여
01,수도권,S1,4,4호선,0315,성신여대입구,INFO,고객센터,2,지하,1,지하 1층,B1층 대합실,,,,
01,수도권,S1,4,4호선,0315,성신여대입구,EV,일반승강기,2,지하,2,지하 2층,[1호기]길음방면8-2,,,,
01,수도권,S1,4,4호선,0315,성신여대입구,EV,일반승강기,2,지하,2,지하 2층,[2호기]한성대입구방면3-4,,,,
01,수도권,S1,4,4호선,0587,한성대입구,EV,일반승강기,1,지상,1,지상 1층,[3호기]5번출구측,,,,
01,수도권,S1,4,4호선,0587,한성대입구,EV,일반승강기,1,지상,1,지상 1층,"[2호기]3,4번출구사이",,,,
01,수도권,S1,4,4호선,0587,한성대입구,EV,일반승강기,2,지하,1,지하 1층,"[2호기]3,4번출구사이",,,,
01,수도권,S1,4,4호선,0587,한성대입구,EV,일반승강기,2,지하,1,지하 1층,[3호기]5번출구측,,,,
01,수도권,S1,4,4호선,0587,한성대입구,EV,일반승강기,2,지하,1,지하 1층,[1호기]성신여대입구방면6-1,,,,
01,수도권,S1,4,4호선,0587,한성대입구,ELEC,전동휠체어충전설비,2,지하,1,지하 1층,역무실 앞,,,,
01,수도권,S1,4,4호선,0587,한성대입구,TOLT,일반화장실(남),2,지하,1,지하 1층,"1번출입구방향, (가) 표 내는 곳 쪽(표 내는 곳 외부)",1,일반,1,남
01,수도권,S1,4,4호선,0587,한성대입구,TOLT,일반화장실(여),2,지하,1,지하 1층,"1번출입구방향, (가) 표 내는 곳 쪽(표 내는 곳 외부)",1,일반,2,여
01,수도권,S1,4,4호선,0587,한성대입구,TOLT,장애인화장실(남),2,지하,1,지하 1층,"1번출입구방향, (가) 표 내는 곳 쪽(표 내는 곳 외부)",2,장애인,1,남
01,수도권,S1,4,4호선,0587,한성대입구,TOLT,장애인화장실(여),2,지하,1,지하 1층,"1번출입구방향, (가) 표 내는 곳 쪽(표 내는 곳 외부)",2,장애인,2,여
01,수도권,S1,4,4호선,0587,한성대입구,INFO,고객센터,2,지하,1,지하 1층,B1층 대합실,,,,
01,수도권,S1,4,4호선,0587,한성대입구,EV,일반승강기,2,지하,2,지하 2층,[1호기]성신여대입구방면6-1,,,,
01,수도권,S1,4,4호선,0594,혜화,EV,일반승강기,1,지상,1,지상 1층,[4호기]3번출구측,,,,
01,수도권,S1,4,4호선,0594,혜화,EV,일반승강기,1,지상,1,지상 1층,[3호기]2번출구측,,,,
01,수도권,S1,4,4호선,0594,혜화,EV,일반승강기,2,지하,1,지하 1층,[4호기]3번출구측,,,,
01,수도권,S1,4,4호선,0594,혜화,EV,일반승강기,2,지하,1,지하 1층,[3호기]2번출구측,,,,
01,수도권,S1,4,4호선,0594,혜화,EV,일반승강기,2,지하,1,지하 1층,[2호기]동대문방면3-4,,,,
01,수도권,S1,4,4호선,0594,혜화,EV,일반승강기,2,지하,1,지하 1층,[1호기]한성대입구방면7-4,,,,
01,수도권,S1,4,4호선,0594,혜화,ELEC,전동휠체어충전설비,2,지하,1,지하 1층,2번 출구 발매기 옆 ,,,,
01,수도권,S1,4,4호선,0594,혜화,TOLT,일반화장실(남),2,지하,1,지하 1층,(지하1층 3번출입구 방면),1,일반,1,남
01,수도권,S1,4,4호선,0594,혜화,TOLT,일반화장실(여),2,지하,1,지하 1층,(지하1층 3번출입구 방면),1,일반,2,여
01,수도권,S1,4,4호선,0594,혜화,TOLT,장애인화장실(남),2,지하,1,지하 1층,(지하1층 3번출입구 방면),2,장애인,1,남
01,수도권,S1,4,4호선,0594,혜화,TOLT,장애인화장실(여),2,지하,1,지하 1층,(지하1층 3번출입구 방면),2,장애인,2,여
01,수도권,S1,4,4호선,0594,혜화,INFO,고객센터,2,지하,1,지하 1층,B1층 대합실,,,,
01,수도권,S1,4,4호선,0594,혜화,EV,일반승강기,2,지하,2,지하 2층,[1호기]한성대입구방면7-4,,,,
01,수도권,S1,4,4호선,0594,혜화,EV,일반승강기,2,지하,2,지하 2층,[2호기]동대문방면3-4,,,,
01,수도권,S1,4,4호선,0155,동대문,EV,일반승강기,1,지상,1,지상 1층,[2호기]9번출구측,,,,
01,수도권,S1,4,4호선,0155,동대문,EV,일반승강기,2,지하,1,지하 1층,[2호기]9번출구측,,,,
01,수도권,S1,4,4호선,0155,동대문,EV,일반승강기,2,지하,1,지하 1층,[1호기]혜화방면6-3,,,,
01,수도권,S1,4,4호선,0155,동대문,ELEC,전동휠체어충전설비,2,지하,1,지하 1층,8번 출구 5m 지점,,,,
01,수도권,S1,4,4호선,0155,동대문,INFO,고객센터,2,지하,1,지하 1층,B1층 대합실,,,,
01,수도권,S1,4,4호선,0155,동대문,EV,일반승강기,2,지하,2,지하 2층,[1호기](B4-B1)섬식(상)6-3,,,,
01,수도권,S1,4,4호선,0155,동대문,TOLT,일반화장실(남),2,지하,2,지하 2층,지하2층,1,일반,1,남
01,수도권,S1,4,4호선,0155,동대문,TOLT,일반화장실(여),2,지하,2,지하 2층,지하2층,1,일반,2,여
01,수도권,S1,4,4호선,0155,동대문,TOLT,장애인화장실(남),2,지하,2,지하 2층,지하2층,2,장애인,1,남
01,수도권,S1,4,4호선,0155,동대문,TOLT,장애인화장실(여),2,지하,2,지하 2층,지하2층,2,장애인,2,여
01,수도권,S1,4,4호선,0155,동대문,EV,일반승강기,2,지하,3,지하 3층,[1호기](B4-B1)섬식(상)6-3,,,,
01,수도권,S1,4,4호선,0155,동대문,EV,일반승강기,2,지하,4,지하 4층,[1호기]혜화방면6-3,,,,
01,수도권,S1,4,4호선,0156,동대문역사문화공원,EV,일반승강기,1,지상,1,지상 1층,[2호기]4번출구측,,,,
01,수도권,S1,4,4호선,0156,동대문역사문화공원,EV,일반승강기,2,지하,1,지하 1층,[2호기]4번출구측,,,,
01,수도권,S1,4,4호선,0156,동대문역사문화공원,EV,일반승강기,2,지하,1,지하 1층,[1호기]동대문방면4-4,,,,
01,수도권,S1,4,4호선,0156,동대문역사문화공원,ELEC,전동휠체어충전설비,2,지하,1,지하 1층,지하1층 역무실 앞 엘리베이터 뒷편,,,,
01,수도권,S1,4,4호선,0156,동대문역사문화공원,TOLT,일반화장실(남),2,지하,1,지하 1층,"지하1층 10,11번 기둥앞",1,일반,1,남
01,수도권,S1,4,4호선,0156,동대문역사문화공원,TOLT,일반화장실(여),2,지하,1,지하 1층,"지하1층 10,11번 기둥앞",1,일반,2,여
01,수도권,S1,4,4호선,0156,동대문역사문화공원,TOLT,장애인화장실(남),2,지하,1,지하 1층,"지하1층 10,11번 기둥앞",2,장애인,1,남
01,수도권,S1,4,4호선,0156,동대문역사문화공원,TOLT,장애인화장실(여),2,지하,1,지하 1층,"지하1층 10,11번 기둥앞",2,장애인,2,여
01,수도권,S1,4,4호선,0156,동대문역사문화공원,INFO,고객센터,2,지하,1,지하 1층,B1층 대합실,,,,
01,수도권,S1,4,4호선,0156,동대문역사문화공원,LARM,수유실,2,지하,1,지하 1층,B1 고객안전실  내부,,,,
01,수도권,S1,4,4호선,0156,동대문역사문화공원,EV,일반승강기,2,지하,2,지하 2층,[1호기](B3-B1)섬식(상)4-4,,,,
01,수도권,S1,4,4호선,0156,동대문역사문화공원,TOLT,일반화장실(남),2,지하,2,지하 2층,지하2층 내부계단 옆,1,일반,1,남
01,수도권,S1,4,4호선,0156,동대문역사문화공원,TOLT,일반화장실(여),2,지하,2,지하 2층,지하2층 내부계단 옆,1,일반,2,여
01,수도권,S1,4,4호선,0156,동대문역사문화공원,TOLT,장애인화장실(남),2,지하,2,지하 2층,지하2층 내부계단 옆,2,장애인,1,남
01,수도권,S1,4,4호선,0156,동대문역사문화공원,TOLT,장애인화장실(여),2,지하,2,지하 2층,지하2층 내부계단 옆,2,장애인,2,여
01,수도권,S1,4,4호선,0156,동대문역사문화공원,EV,일반승강기,2,지하,3,지하 3층,[1호기]동대문방면4-4,,,,
01,수도권,S1,4,4호선,0563,충무로,EV,일반승강기,1,지상,1,지상 1층,[4호기]7번출구측,,,,
01,수도권,S1,4,4호선,0563,충무로,EV,일반승강기,2,지하,1,지하 1층,[4호기]7번출구측,,,,
01,수도권,S1,4,4호선,0563,충무로,EV,일반승강기,2,지하,1,지하 1층,[2호기]명동방면3-3,,,,
01,수도권,S1,4,4호선,0563,충무로,EV,일반승강기,2,지하,1,지하 1층,[1호기]동대문역사문화공원방면8-1,,,,
01,수도권,S1,4,4호선,0563,충무로,ELEC,전동휠체어충전설비,2,지하,1,지하 1층,유실물센터앞,,,,
01,수도권,S1,4,4호선,0563,충무로,INFO,고객센터,2,지하,1,지하 1층,B1층 대합실,,,,
01,수도권,S1,4,4호선,0563,충무로,EV,일반승강기,2,지하,2,지하 2층,[1호기](B3-B1) 8-1,,,,
01,수도권,S1,4,4호선,0563,충무로,EV,일반승강기,2,지하,2,지하 2층,[2호기](B3-B1) 3-3,,,,
01,수도권,S1,4,4호선,0563,충무로,EV,일반승강기,2,지하,2,지하 2층,[3호기]대합실(B3),,,,
01,수도권,S1,4,4호선,0563,충무로,TOLT,일반화장실(남),2,지하,2,지하 2층,"지하2층 3,4,5,6,7번 출입구쪽, 표 내는 곳 내부",1,일반,1,남
01,수도권,S1,4,4호선,0563,충무로,TOLT,일반화장실(여),2,지하,2,지하 2층,"지하2층 3,4,5,6,7번 출입구쪽, 표 내는 곳 내부",1,일반,2,여
01,수도권,S1,4,4호선,0563,충무로,TOLT,장애인화장실(남),2,지하,2,지하 2층,"지하2층 3,4,5,6,7번 출입구쪽, 표 내는 곳 내부",2,장애인,1,남
01,수도권,S1,4,4호선,0563,충무로,TOLT,장애인화장실(여),2,지하,2,지하 2층,"지하2층 3,4,5,6,7번 출입구쪽, 표 내는 곳 내부",2,장애인,2,여
01,수도권,S1,4,4호선,0563,충무로,EV,일반승강기,2,지하,3,지하 3층,[2호기]명동방면3-3,,,,
01,수도권,S1,4,4호선,0563,충무로,EV,일반승강기,2,지하,3,지하 3층,[1호기]동대문역사문화공원방면8-1,,,,
01,수도권,S1,4,4호선,0563,충무로,EV,일반승강기,2,지하,3,지하 3층,[3호기](B4-B2)B3 대합실,,,,
01,수도권,S1,4,4호선,0563,충무로,EV,일반승강기,2,지하,4,지하 4층,[3호기]대합실(B3),,,,
01,수도권,S1,4,4호선,0197,명동,EV,일반승강기,1,지상,1,지상 1층,[1호기]1번출구측,,,,
01,수도권,S1,4,4호선,0197,명동,EV,일반승강기,2,지하,1,지하 1층,[1호기]1번출구측,,,,
01,수도권,S1,4,4호선,0197,명동,EV,일반승강기,2,지하,1,지하 1층,[2호기]대합실,,,,
01,수도권,S1,4,4호선,0197,명동,TOLT,일반화장실(남),2,지하,1,지하 1층,"지하1층 2,3,4,5,6,7,8번 출입구쪽, 표 내는 곳 내부",1,일반,1,남
01,수도권,S1,4,4호선,0197,명동,TOLT,일반화장실(여),2,지하,1,지하 1층,"지하1층 2,3,4,5,6,7,8번 출입구쪽, 표 내는 곳 내부",1,일반,2,여
01,수도권,S1,4,4호선,0197,명동,TOLT,장애인화장실(남),2,지하,1,지하 1층,"지하1층 2,3,4,5,6,7,8번 출입구쪽, 표 내는 곳 내부",2,장애인,1,남
01,수도권,S1,4,4호선,0197,명동,TOLT,장애인화장실(여),2,지하,1,지하 1층,"지하1층 2,3,4,5,6,7,8번 출입구쪽, 표 내는 곳 내부",2,장애인,2,여
01,수도권,S1,4,4호선,0197,명동,INFO,고객센터,2,지하,1,지하 1층,B1층 대합실,,,,
01,수도권,S1,4,4호선,0197,명동,EV,일반승강기,2,지하,2,지하 2층,[2호기](B4-B1),,,,
01,수도권,S1,4,4호선,0197,명동,EV,일반승강기,2,지하,3,지하 3층,[2호기](B4-B1),,,,
01,수도권,S1,4,4호선,0197,명동,EV,일반승강기,2,지하,4,지하 4층,[2호기]대합실,,,,
01,수도권,S1,4,4호선,0607,회현,EV,일반승강기,1,지상,1,지상 1층,"[2호기]3,4,5번출구중심",,,,
01,수도권,S1,4,4호선,0607,회현,EV,일반승강기,2,지하,1,지하 1층,"[2호기]3,4,5번출구중심",,,,
01,수도권,S1,4,4호선,0607,회현,EV,일반승강기,2,지하,1,지하 1층,[1호기]명동방면10-1,,,,
01,수도권,S1,4,4호선,0607,회현,INFO,고객센터,2,지하,1,지하 1층,B1층 대합실,,,,
01,수도권,S1,4,4호선,0607,회현,EV,일반승강기,2,지하,2,지하 2층,"[1호기](B4-B1) (B4)서울역방향 승강장1-4, 명동방향 승강장10-1 출입문 앞 (B2)물품보관함 왼쪽 통로 끝 (B1)5번출입구방향 표내는곳 옆",,,,
01,수도권,S1,4,4호선,0607,회현,TOLT,일반화장실(남),2,지하,2,지하 2층,표 내는 곳 내부 지하2층 ,1,일반,1,남
01,수도권,S1,4,4호선,0607,회현,TOLT,일반화장실(여),2,지하,2,지하 2층,표 내는 곳 내부 지하2층 ,1,일반,2,여
01,수도권,S1,4,4호선,0607,회현,TOLT,장애인화장실(남),2,지하,2,지하 2층,표 내는 곳 내부 지하2층 ,2,장애인,1,남
01,수도권,S1,4,4호선,0607,회현,TOLT,장애인화장실(여),2,지하,2,지하 2층,표 내는 곳 내부 지하2층 ,2,장애인,2,여
01,수도권,S1,4,4호선,0607,회현,EV,일반승강기,2,지하,3,지하 3층,"[1호기](B4-B1) (B4)서울역방향 승강장1-4, 명동방향 승강장10-1 출입문 앞 (B2)물품보관함 왼쪽 통로 끝 (B1)5번출입구방향 표내는곳 옆",,,,
01,수도권,S1,4,4호선,0607,회현,EV,일반승강기,2,지하,4,지하 4층,[1호기]명동방면10-1,,,,
01,수도권,S1,4,4호선,0296,서울역,EV,일반승강기,1,지상,1,지상 1층,[2호기]12번출구측,,,,
01,수도권,S1,4,4호선,0296,서울역,EV,일반승강기,2,지하,1,지하 1층,[2호기]12번출구측,,,,
01,수도권,S1,4,4호선,0296,서울역,EV,일반승강기,2,지하,1,지하 1층,[1호기]회현방면9-1,,,,
01,수도권,S1,4,4호선,0296,서울역,TOLT,일반화장실(남),2,지하,1,지하 1층,"14번 출입구  옆, 11번 출입구 물품보관함 건너편",1,일반,1,남
01,수도권,S1,4,4호선,0296,서울역,TOLT,일반화장실(여),2,지하,1,지하 1층,"14번 출입구  옆, 11번 출입구 물품보관함 건너편",1,일반,2,여
01,수도권,S1,4,4호선,0296,서울역,TOLT,장애인화장실(남),2,지하,1,지하 1층,"14번 출입구  옆, 11번 출입구 물품보관함 건너편",2,장애인,1,남
01,수도권,S1,4,4호선,0296,서울역,TOLT,장애인화장실(여),2,지하,1,지하 1층,"14번 출입구  옆, 11번 출입구 물품보관함 건너편",2,장애인,2,여
01,수도권,S1,4,4호선,0296,서울역,INFO,고객센터,2,지하,1,지하 1층,B1층 대합실,,,,
01,수도권,S1,4,4호선,0296,서울역,LARM,수유실,2,지하,1,지하 1층,B1 고객안전실  인접,,,,
01,수도권,S1,4,4호선,0296,서울역,EV,일반승강기,2,지하,2,지하 2층,[1호기]회현방면9-1,,,,
01,수도권,S1,4,4호선,0343,숙대입구,EV,일반승강기,1,지상,1,지상 1층,[3호기]10번출구측,,,,
01,수도권,S1,4,4호선,0343,숙대입구,EV,일반승강기,2,지하,1,지하 1층,[3호기]10번출구측,,,,
01,수도권,S1,4,4호선,0343,숙대입구,EV,일반승강기,2,지하,1,지하 1층,[2호기]삼각지방면3-3,,,,
01,수도권,S1,4,4호선,0343,숙대입구,EV,일반승강기,2,지하,1,지하 1층,[1호기]서울역방면8-1,,,,
01,수도권,S1,4,4호선,0343,숙대입구,ELEC,전동휠체어충전설비,2,지하,1,지하 1층,나 대합실 기둥 옆,,,,
01,수도권,S1,4,4호선,0343,숙대입구,TOLT,일반화장실(남),2,지하,1,지하 1층,지하1층 가대합실과 나대합실 연결통로 가운데 위치,1,일반,1,남
01,수도권,S1,4,4호선,0343,숙대입구,TOLT,일반화장실(여),2,지하,1,지하 1층,지하1층 가대합실과 나대합실 연결통로 가운데 위치,1,일반,2,여
01,수도권,S1,4,4호선,0343,숙대입구,TOLT,장애인화장실(남),2,지하,1,지하 1층,지하1층 가대합실과 나대합실 연결통로 가운데 위치,2,장애인,1,남
01,수도권,S1,4,4호선,0343,숙대입구,TOLT,장애인화장실(여),2,지하,1,지하 1층,지하1층 가대합실과 나대합실 연결통로 가운데 위치,2,장애인,2,여
01,수도권,S1,4,4호선,0343,숙대입구,INFO,고객센터,2,지하,1,지하 1층,B1층 대합실,,,,
01,수도권,S1,4,4호선,0343,숙대입구,EV,일반승강기,2,지하,2,지하 2층,[1호기]서울역방면8-1,,,,
01,수도권,S1,4,4호선,0343,숙대입구,EV,일반승강기,2,지하,2,지하 2층,[2호기]삼각지방면3-3,,,,
01,수도권,S1,4,4호선,0263,삼각지,EV,일반승강기,1,지상,1,지상 1층,"[3호기]1,2번출구측",,,,
01,수도권,S1,4,4호선,0263,삼각지,EV,일반승강기,1,지상,1,지상 1층,[5호기]3번출구측,,,,
01,수도권,S1,4,4호선,0263,삼각지,EV,일반승강기,1,지상,1,지상 1층,"[4호기]5,6번출구측",,,,
01,수도권,S1,4,4호선,0263,삼각지,EV,일반승강기,2,지하,1,지하 1층,[5호기]3번출구측,,,,
01,수도권,S1,4,4호선,0263,삼각지,EV,일반승강기,2,지하,1,지하 1층,"[4호기]5,6번출구측",,,,
01,수도권,S1,4,4호선,0263,삼각지,EV,일반승강기,2,지하,1,지하 1층,"[3호기]1,2번출구측",,,,
01,수도권,S1,4,4호선,0263,삼각지,EV,일반승강기,2,지하,1,지하 1층,[2호기]신용산방면7-2,,,,
01,수도권,S1,4,4호선,0263,삼각지,EV,일반승강기,2,지하,1,지하 1층,[1호기]숙대입구방면4-3,,,,
01,수도권,S1,4,4호선,0263,삼각지,ELEC,전동휠체어충전설비,2,지하,1,지하 1층,대합실 화장실 옆 벽면,,,,
01,수도권,S1,4,4호선,0263,삼각지,TOLT,일반화장실(남),2,지하,1,지하 1층,신용산측,1,일반,1,남
01,수도권,S1,4,4호선,0263,삼각지,TOLT,일반화장실(여),2,지하,1,지하 1층,신용산측,1,일반,2,여
01,수도권,S1,4,4호선,0263,삼각지,TOLT,장애인화장실(남),2,지하,1,지하 1층,신용산측,2,장애인,1,남
01,수도권,S1,4,4호선,0263,삼각지,TOLT,장애인화장실(여),2,지하,1,지하 1층,신용산측,2,장애인,2,여
01,수도권,S1,4,4호선,0263,삼각지,INFO,고객센터,2,지하,1,지하 1층,B1층 대합실,,,,
01,수도권,S1,4,4호선,0263,삼각지,EV,일반승강기,2,지하,2,지하 2층,[1호기]숙대입구방면4-3,,,,
01,수도권,S1,4,4호선,0263,삼각지,EV,일반승강기,2,지하,2,지하 2층,[2호기]신용산방면7-2,,,,
01,수도권,S1,4,4호선,0369,신용산,EV,일반승강기,1,지상,1,지상 1층,[4호기]4번출구측,,,,
01,수도권,S1,4,4호선,0369,신용산,EV,일반승강기,1,지상,1,지상 1층,[3호기]1번출구측,,,,
01,수도권,S1,4,4호선,0369,신용산,EV,일반승강기,2,지하,1,지하 1층,[4호기]4번출구측,,,,
01,수도권,S1,4,4호선,0369,신용산,EV,일반승강기,2,지하,1,지하 1층,[3호기](B2-1F) (B1)1번출입구 근처 대합실 (1F)1번출입구,,,,
01,수도권,S1,4,4호선,0369,신용산,EV,일반승강기,2,지하,1,지하 1층,[1호기]삼각지방면8-2,,,,
01,수도권,S1,4,4호선,0369,신용산,EV,일반승강기,2,지하,1,지하 1층,[2호기]이촌방면3-2,,,,
01,수도권,S1,4,4호선,0369,신용산,TOLT,일반화장실(남),2,지하,1,지하 1층,지하1층 삼각지측,1,일반,1,남
01,수도권,S1,4,4호선,0369,신용산,TOLT,일반화장실(여),2,지하,1,지하 1층,지하1층 삼각지측,1,일반,2,여
01,수도권,S1,4,4호선,0369,신용산,TOLT,장애인화장실(남),2,지하,1,지하 1층,지하1층 삼각지측,2,장애인,1,남
01,수도권,S1,4,4호선,0369,신용산,TOLT,장애인화장실(여),2,지하,1,지하 1층,지하1층 삼각지측,2,장애인,2,여
01,수도권,S1,4,4호선,0369,신용산,INFO,고객센터,2,지하,1,지하 1층,B1층 대합실,,,,
01,수도권,S1,4,4호선,0369,신용산,EV,일반승강기,2,지하,2,지하 2층,[1호기]삼각지방면8-2,,,,
01,수도권,S1,4,4호선,0369,신용산,EV,일반승강기,2,지하,2,지하 2층,[2호기]이촌방면3-2,,,,
01,수도권,S1,4,4호선,0369,신용산,EV,일반승강기,2,지하,2,지하 2층,[3호기]1번출구측,,,,
01,수도권,S1,4,4호선,0477,이촌,EV,일반승강기,1,지상,1,지상 1층,[3호기]1번출구측,,,,
01,수도권,S1,4,4호선,0477,이촌,EV,일반승강기,1,지상,1,지상 1층,[5호기]환승통로,,,,
01,수도권,S1,4,4호선,0477,이촌,EV,일반승강기,1,지상,1,지상 1층,[4호기]2번출구측,,,,
01,수도권,S1,4,4호선,0477,이촌,EV,일반승강기,2,지하,1,지하 1층,[5호기]환승통로,,,,
01,수도권,S1,4,4호선,0477,이촌,EV,일반승강기,2,지하,1,지하 1층,[4호기]2번출구측,,,,
01,수도권,S1,4,4호선,0477,이촌,EV,일반승강기,2,지하,1,지하 1층,[3호기]1번출구측,,,,
01,수도권,S1,4,4호선,0477,이촌,EV,일반승강기,2,지하,1,지하 1층,[2호기]동작방면3-3,,,,
01,수도권,S1,4,4호선,0477,이촌,EV,일반승강기,2,지하,1,지하 1층,[1호기]신용산방면8-1,,,,
01,수도권,S1,4,4호선,0477,이촌,TOLT,일반화장실(남),2,지하,1,지하 1층,지하1층 3번출입구 앞,1,일반,1,남
01,수도권,S1,4,4호선,0477,이촌,TOLT,일반화장실(여),2,지하,1,지하 1층,지하1층 3번출입구 앞,1,일반,2,여
01,수도권,S1,4,4호선,0477,이촌,TOLT,장애인화장실(남),2,지하,1,지하 1층,지하1층 3번출입구 앞,2,장애인,1,남
01,수도권,S1,4,4호선,0477,이촌,TOLT,장애인화장실(여),2,지하,1,지하 1층,지하1층 3번출입구 앞,2,장애인,2,여
01,수도권,S1,4,4호선,0477,이촌,INFO,고객센터,2,지하,1,지하 1층,B1층 대합실,,,,
01,수도권,S1,4,4호선,0477,이촌,EV,일반승강기,2,지하,2,지하 2층,[1호기]신용산방면8-1,,,,
01,수도권,S1,4,4호선,0477,이촌,EV,일반승강기,2,지하,2,지하 2층,[2호기]동작방면3-3,,,,
01,수도권,S1,4,4호선,0477,이촌,LARM,수유실,2,지하,2,지하 2층,2F 고객안전실  인접,,,,
01,수도권,S1,4,4호선,0167,동작,EV,일반승강기,1,지상,3,지상 3층,[2호기]총신대입구방면4-4,,,,
01,수도권,S1,4,4호선,0167,동작,EV,일반승강기,1,지상,3,지상 3층,[1호기]이촌방면7-4,,,,
01,수도권,S1,4,4호선,0167,동작,EV,일반승강기,1,지상,2,지상 2층,[1호기]이촌방면7-4,,,,
01,수도권,S1,4,4호선,0167,동작,EV,일반승강기,1,지상,2,지상 2층,[2호기](F1-F3) 4-4,,,,
01,수도권,S1,4,4호선,0167,동작,TOLT,일반화장실(남),1,지상,2,지상 2층,대합실 2층 구내식당좌측,1,일반,1,남
01,수도권,S1,4,4호선,0167,동작,TOLT,일반화장실(여),1,지상,2,지상 2층,대합실 2층 구내식당좌측,1,일반,2,여
01,수도권,S1,4,4호선,0167,동작,TOLT,장애인화장실(남),1,지상,2,지상 2층,대합실 2층 구내식당좌측,2,장애인,1,남
01,수도권,S1,4,4호선,0167,동작,TOLT,장애인화장실(여),1,지상,2,지상 2층,대합실 2층 구내식당좌측,2,장애인,2,여
01,수도권,S1,4,4호선,0167,동작,EV,일반승강기,1,지상,1,지상 1층,[2호기]총신대입구방면4-4,,,,
01,수도권,S1,4,4호선,0167,동작,ELEC,전동휠체어충전설비,1,지상,1,지상 1층,2층대합실 7번기둥(콘센트 있는기둥),,,,
01,수도권,S1,4,4호선,0167,동작,INFO,고객센터,1,지상,1,지상 1층,1층 대합실,,,,
01,수도권,S1,4,4호선,0560,총신대입구,EV,일반승강기,1,지상,1,지상 1층,[4호기]14번출구측,,,,
01,수도권,S1,4,4호선,0560,총신대입구,EV,일반승강기,1,지상,1,지상 1층,[3호기]1번출구측,,,,
01,수도권,S1,4,4호선,0560,총신대입구,EV,일반승강기,2,지하,1,지하 1층,[4호기]14번출구측,,,,
01,수도권,S1,4,4호선,0560,총신대입구,EV,일반승강기,2,지하,1,지하 1층,[3호기]1번출구측,,,,
01,수도권,S1,4,4호선,0560,총신대입구,EV,일반승강기,2,지하,1,지하 1층,[2호기]사당방면8-3,,,,
01,수도권,S1,4,4호선,0560,총신대입구,EV,일반승강기,2,지하,1,지하 1층,[1호기]동작방면7-3,,,,
01,수도권,S1,4,4호선,0560,총신대입구,TOLT,일반화장실(남),2,지하,1,지하 1층,지하1층 동작측,1,일반,1,남
01,수도권,S1,4,4호선,0560,총신대입구,TOLT,일반화장실(여),2,지하,1,지하 1층,지하1층 동작측,1,일반,2,여
01,수도권,S1,4,4호선,0560,총신대입구,TOLT,장애인화장실(남),2,지하,1,지하 1층,지하1층 동작측,2,장애인,1,남
01,수도권,S1,4,4호선,0560,총신대입구,TOLT,장애인화장실(여),2,지하,1,지하 1층,지하1층 동작측,2,장애인,2,여
01,수도권,S1,4,4호선,0560,총신대입구,INFO,고객센터,2,지하,1,지하 1층,B1층 대합실,,,,
01,수도권,S1,4,4호선,0560,총신대입구,EV,일반승강기,2,지하,2,지하 2층,[1호기]동작방면7-3,,,,
01,수도권,S1,4,4호선,0560,총신대입구,EV,일반승강기,2,지하,2,지하 2층,[2호기]사당방면8-3,,,,
01,수도권,S1,4,4호선,0560,총신대입구,ELEC,전동휠체어충전설비,2,지하,3,지하 3층,14번출구에서 오른쪽으로 역무실벽,,,,
01,수도권,S1,4,4호선,0257,사당,EV,일반승강기,1,지상,1,지상 1층,"[2호기]9,10번출구사이",,,,
01,수도권,S1,4,4호선,0257,사당,EV,일반승강기,2,지하,1,지하 1층,"[2호기]9,10번출구사이",,,,
01,수도권,S1,4,4호선,0257,사당,EV,일반승강기,2,지하,1,지하 1층,[1호기]총신대입구방면9-2,,,,
01,수도권,S1,4,4호선,0257,사당,ELEC,전동휠체어충전설비,2,지하,1,지하 1층,9번 출입구에서 지하1층으로 내려온 직진 우측 100M,,,,
01,수도권,S1,4,4호선,0257,사당,TOLT,일반화장실(남),2,지하,1,지하 1층,(지하1층 총신대측),1,일반,1,남
01,수도권,S1,4,4호선,0257,사당,TOLT,일반화장실(남),2,지하,1,지하 1층,(지하1층 남태령측),1,일반,1,남
01,수도권,S1,4,4호선,0257,사당,TOLT,일반화장실(여),2,지하,1,지하 1층,(지하1층 남태령측),1,일반,2,여
01,수도권,S1,4,4호선,0257,사당,TOLT,일반화장실(여),2,지하,1,지하 1층,(지하1층 총신대측),1,일반,2,여
01,수도권,S1,4,4호선,0257,사당,TOLT,장애인화장실(남),2,지하,1,지하 1층,(지하1층 총신대측),2,장애인,1,남
01,수도권,S1,4,4호선,0257,사당,TOLT,장애인화장실(남),2,지하,1,지하 1층,(지하1층 남태령측),2,장애인,1,남
01,수도권,S1,4,4호선,0257,사당,TOLT,장애인화장실(여),2,지하,1,지하 1층,(지하1층 총신대측),2,장애인,2,여
01,수도권,S1,4,4호선,0257,사당,TOLT,장애인화장실(여),2,지하,1,지하 1층,(지하1층 남태령측),2,장애인,2,여
01,수도권,S1,4,4호선,0257,사당,EV,일반승강기,2,지하,2,지하 2층,[1호기](B3-B1)섬식(상)09-2,,,,
01,수도권,S1,4,4호선,0257,사당,TOLT,일반화장실(남),2,지하,2,지하 2층,(지하2층 환승통로),1,일반,1,남
01,수도권,S1,4,4호선,0257,사당,TOLT,일반화장실(여),2,지하,2,지하 2층,(지하2층 환승통로),1,일반,2,여
01,수도권,S1,4,4호선,0257,사당,TOLT,장애인화장실(남),2,지하,2,지하 2층,(지하2층 환승통로),2,장애인,1,남
01,수도권,S1,4,4호선,0257,사당,TOLT,장애인화장실(여),2,지하,2,지하 2층,(지하2층 환승통로),2,장애인,2,여
01,수도권,S1,4,4호선,0257,사당,INFO,고객센터,2,지하,2,지하 2층,B2층 대합실,,,,
01,수도권,S1,4,4호선,0257,사당,LARM,수유실,2,지하,2,지하 2층,B2 고객안전실  내부,,,,
01,수도권,S1,4,4호선,0257,사당,EV,일반승강기,2,지하,3,지하 3층,[1호기]총신대입구방면9-2,,,,
01,수도권,S1,4,4호선,0110,남태령,EV,일반승강기,1,지상,1,지상 1층,[3호기]2번출구측,,,,
01,수도권,S1,4,4호선,0110,남태령,EV,일반승강기,2,지하,1,지하 1층,[3호기]2번출구측,,,,
01,수도권,S1,4,4호선,0110,남태령,EV,일반승강기,2,지하,1,지하 1층,[2호기]1번출구측,,,,
01,수도권,S1,4,4호선,0110,남태령,EV,일반승강기,2,지하,2,지하 2층,[2호기]1번출구측,,,,
01,수도권,S1,4,4호선,0110,남태령,EV,일반승강기,2,지하,2,지하 2층,[1호기]사당방면3-3,,,,
01,수도권,S1,4,4호선,0110,남태령,TOLT,일반화장실(남),2,지하,2,지하 2층,(지하2층 역무실 옆),1,일반,1,남
01,수도권,S1,4,4호선,0110,남태령,TOLT,일반화장실(여),2,지하,2,지하 2층,(지하2층 역무실 옆),1,일반,2,여
01,수도권,S1,4,4호선,0110,남태령,TOLT,장애인화장실(남),2,지하,2,지하 2층,(지하2층 역무실 옆),2,장애인,1,남
01,수도권,S1,4,4호선,0110,남태령,TOLT,장애인화장실(여),2,지하,2,지하 2층,(지하2층 역무실 옆),2,장애인,2,여
01,수도권,S1,4,4호선,0110,남태령,INFO,고객센터,2,지하,2,지하 2층,B2층 대합실,,,,
01,수도권,S1,4,4호선,0110,남태령,EV,일반승강기,2,지하,3,지하 3층,[1호기]사당방면3-3,,,,
01,수도권,KR,4,4호선,0307,선바위,EV,일반승강기,1,지상,1,지상 1층,[3호기](1F)1번출구뒤,,,,
01,수도권,KR,4,4호선,0307,선바위,EV,일반승강기,2,지하,1,지하 1층,[3호기](1F)1번출구뒤,,,,
01,수도권,KR,4,4호선,0307,선바위,EV,일반승강기,2,지하,1,지하 1층,[2호기](B1)경마공원방향승강장8-3출입문앞,,,,
01,수도권,KR,4,4호선,0307,선바위,EV,일반승강기,2,지하,1,지하 1층,[1호기](B2)남태령방향승강장3-1출입문앞,,,,
01,수도권,KR,4,4호선,0307,선바위,TOLT,일반화장실(남),2,지하,1,지하 1층,(B1) 맞이방 상행(남태령방향) 표내는곳 옆,1,일반,1,남
01,수도권,KR,4,4호선,0307,선바위,TOLT,일반화장실(여),2,지하,1,지하 1층,(B1) 맞이방 상행(남태령방향) 표내는곳 옆,1,일반,2,여
01,수도권,KR,4,4호선,0307,선바위,TOLT,장애인화장실(남),2,지하,1,지하 1층,(B1) 맞이방 상행(남태령방향) 표내는곳 옆,2,장애인,1,남
01,수도권,KR,4,4호선,0307,선바위,TOLT,장애인화장실(여),2,지하,1,지하 1층,(B1) 맞이방 상행(남태령방향) 표내는곳 옆,2,장애인,2,여
01,수도권,KR,4,4호선,0307,선바위,EV,일반승강기,2,지하,2,지하 2층,[1호기](B2)남태령방향승강장3-1출입문앞,,,,
01,수도권,KR,4,4호선,0307,선바위,EV,일반승강기,2,지하,2,지하 2층,[2호기](B1)경마공원방향승강장8-3출입문앞,,,,
01,수도권,KR,4,4호선,0039,경마공원,EV,일반승강기,1,지상,1,지상 1층,[4호기](B1)2번출입구방향옆,,,,
01,수도권,KR,4,4호선,0039,경마공원,EV,일반승강기,1,지상,1,지상 1층,[3호기](B1)5번출입구방향옆,,,,
01,수도권,KR,4,4호선,0039,경마공원,EV,일반승강기,2,지하,1,지하 1층,[4호기](B1)2번출입구방향옆,,,,
01,수도권,KR,4,4호선,0039,경마공원,EV,일반승강기,2,지하,1,지하 1층,[3호기](B1)5번출입구방향옆,,,,
01,수도권,KR,4,4호선,0039,경마공원,EV,일반승강기,2,지하,1,지하 1층,[1호기](B2)당고개방향승강장4-1,,,,
01,수도권,KR,4,4호선,0039,경마공원,EV,일반승강기,2,지하,1,지하 1층,[2호기](B2)오이도방향승강장8-1,,,,
01,수도권,KR,4,4호선,0039,경마공원,TOLT,일반화장실(남),2,지하,1,지하 1층,맞이방 중앙,1,일반,1,남
01,수도권,KR,4,4호선,0039,경마공원,TOLT,일반화장실(여),2,지하,1,지하 1층,맞이방 중앙,1,일반,2,여
01,수도권,KR,4,4호선,0039,경마공원,TOLT,장애인화장실(남),2,지하,1,지하 1층,맞이방 중앙,2,장애인,1,남
01,수도권,KR,4,4호선,0039,경마공원,TOLT,장애인화장실(여),2,지하,1,지하 1층,맞이방 중앙,2,장애인,2,여
01,수도권,KR,4,4호선,0039,경마공원,EV,일반승강기,2,지하,2,지하 2층,[1호기](B2)당고개방향승강장4-1,,,,
01,수도권,KR,4,4호선,0039,경마공원,EV,일반승강기,2,지하,2,지하 2층,[2호기](B2)오이도방향승강장8-1,,,,
01,수도권,KR,4,4호선,0129,대공원,EV,일반승강기,1,지상,1,지상 1층,[3호기](B1)북쪽맞이방1번출구옆,,,,
01,수도권,KR,4,4호선,0129,대공원,EV,일반승강기,2,지하,1,지하 1층,[3호기](B1)북쪽맞이방1번출구옆,,,,
01,수도권,KR,4,4호선,0129,대공원,EV,일반승강기,2,지하,1,지하 1층,[2호기](B2)과천역방향승강장7-3출입문앞,,,,
01,수도권,KR,4,4호선,0129,대공원,EV,일반승강기,2,지하,1,지하 1층,[1호기](B2)경마공원역방향승강장3-3출입문앞,,,,
01,수도권,KR,4,4호선,0129,대공원,TOLT,일반화장실(남),2,지하,1,지하 1층,"(B1) 상행 표내는곳 외부 옆, 스토리웨이 매장 방향",1,일반,1,남
01,수도권,KR,4,4호선,0129,대공원,TOLT,일반화장실(여),2,지하,1,지하 1층,"(B1) 상행 표내는곳 외부 옆, 스토리웨이 매장 방향",1,일반,2,여
01,수도권,KR,4,4호선,0129,대공원,TOLT,장애인화장실(남),2,지하,1,지하 1층,"(B1) 상행 표내는곳 외부 옆, 스토리웨이 매장 방향",2,장애인,1,남
01,수도권,KR,4,4호선,0129,대공원,TOLT,장애인화장실(여),2,지하,1,지하 1층,"(B1) 상행 표내는곳 외부 옆, 스토리웨이 매장 방향",2,장애인,2,여
01,수도권,KR,4,4호선,0129,대공원,EV,일반승강기,2,지하,2,지하 2층,[1호기](B2)경마공원역방향승강장3-3출입문앞,,,,
01,수도권,KR,4,4호선,0129,대공원,EV,일반승강기,2,지하,2,지하 2층,[2호기](B2)과천역방향승강장7-3출입문앞,,,,
01,수도권,KR,4,4호선,0058,과천,EV,일반승강기,1,지상,1,지상 1층,[1호기](B2)대공원역방향승강장4-3출입문앞,,,,
01,수도권,KR,4,4호선,0058,과천,EV,일반승강기,1,지상,1,지상 1층,[2호기](B2)정부청사역방향승강장7-2출입문앞,,,,
01,수도권,KR,4,4호선,0058,과천,EV,일반승강기,1,지상,1,지상 1층,[5호기](1F)7번출입구옆,,,,
01,수도권,KR,4,4호선,0058,과천,EV,일반승강기,1,지상,1,지상 1층,[4호기](1F)5번출입구옆,,,,
01,수도권,KR,4,4호선,0058,과천,EV,일반승강기,1,지상,1,지상 1층,[3호기](1F)2번출입구옆,,,,
01,수도권,KR,4,4호선,0058,과천,EV,일반승강기,2,지하,1,지하 1층,[5호기](1F)7번출입구옆,,,,
01,수도권,KR,4,4호선,0058,과천,EV,일반승강기,2,지하,1,지하 1층,[4호기](1F)5번출입구옆,,,,
01,수도권,KR,4,4호선,0058,과천,EV,일반승강기,2,지하,1,지하 1층,[3호기](1F)2번출입구옆,,,,
01,수도권,KR,4,4호선,0058,과천,EV,일반승강기,2,지하,1,지하 1층,[1호기](B2) 대공원역 방향 승강장 4-3 출입문 앞,,,,
01,수도권,KR,4,4호선,0058,과천,EV,일반승강기,2,지하,1,지하 1층,[2호기](B2) 정부청사역 방향 승강장 7-2 출입문 앞,,,,
01,수도권,KR,4,4호선,0058,과천,ELEC,전동휠체어충전설비,2,지하,1,지하 1층,(B1) 북쪽 맞이방(자동발매기 앞),,,,
01,수도권,KR,4,4호선,0058,과천,TOLT,일반화장실(남),2,지하,1,지하 1층,"(B1) 표 내는 곳  내 계단 옆, 1번/2번 출입구 방향",1,일반,1,남
01,수도권,KR,4,4호선,0058,과천,TOLT,일반화장실(여),2,지하,1,지하 1층,"(B1) 표 내는 곳  내 계단 옆, 1번/2번 출입구 방향",1,일반,2,여
01,수도권,KR,4,4호선,0058,과천,TOLT,장애인화장실(남),2,지하,1,지하 1층,"(B1) 표 내는 곳  내 계단 옆, 1번/2번 출입구 방향",2,장애인,1,남
01,수도권,KR,4,4호선,0058,과천,TOLT,장애인화장실(여),2,지하,1,지하 1층,"(B1) 표 내는 곳  내 계단 옆, 1번/2번 출입구 방향",2,장애인,2,여
01,수도권,KR,4,4호선,0058,과천,EV,일반승강기,2,지하,2,지하 2층,[1호기](B2)대공원역방향승강장4-3출입문앞,,,,
01,수도권,KR,4,4호선,0058,과천,EV,일반승강기,2,지하,2,지하 2층,[2호기](B2)정부청사역방향승강장7-2출입문앞,,,,
01,수도권,KR,4,4호선,0509,정부과천청사,EV,일반승강기,1,지상,1,지상 1층,"[3호기]1,2번출입구중앙",,,,
01,수도권,KR,4,4호선,0509,정부과천청사,EV,일반승강기,1,지상,1,지상 1층,[5호기]8번출입구,,,,
01,수도권,KR,4,4호선,0509,정부과천청사,EV,일반승강기,1,지상,1,지상 1층,[4호기]5번출입구,,,,
01,수도권,KR,4,4호선,0509,정부과천청사,EV,일반승강기,2,지하,1,지하 1층,[5호기]8번출입구,,,,
01,수도권,KR,4,4호선,0509,정부과천청사,EV,일반승강기,2,지하,1,지하 1층,[4호기]5번출입구,,,,
01,수도권,KR,4,4호선,0509,정부과천청사,EV,일반승강기,2,지하,1,지하 1층,"[3호기]1,2번출입구중앙",,,,
01,수도권,KR,4,4호선,0509,정부과천청사,EV,일반승강기,2,지하,1,지하 1층,[2호기](B1)남쪽맞이방(B2)하4-1,,,,
01,수도권,KR,4,4호선,0509,정부과천청사,EV,일반승강기,2,지하,1,지하 1층,[1호기](B1)남쪽맞이방(B2)상7-4,,,,
01,수도권,KR,4,4호선,0509,정부과천청사,ELEC,전동휠체어충전설비,2,지하,1,지하 1층,(B1) 북쪽 발매기 옆,,,,
01,수도권,KR,4,4호선,0509,정부과천청사,TOLT,일반화장실(남),2,지하,1,지하 1층,(B1) 맞이방 표내는곳 안쪽 중간,1,일반,1,남
01,수도권,KR,4,4호선,0509,정부과천청사,TOLT,일반화장실(여),2,지하,1,지하 1층,(B1) 맞이방 표내는곳 안쪽 중간,1,일반,2,여
01,수도권,KR,4,4호선,0509,정부과천청사,TOLT,장애인화장실(남),2,지하,1,지하 1층,(B1) 맞이방 표내는곳 안쪽 중간,2,장애인,1,남
01,수도권,KR,4,4호선,0509,정부과천청사,TOLT,장애인화장실(여),2,지하,1,지하 1층,(B1) 맞이방 표내는곳 안쪽 중간,2,장애인,2,여
01,수도권,KR,4,4호선,0509,정부과천청사,INFO,고객센터,2,지하,1,지하 1층,(B1) 대합실 8번 출입구 방향,,,,
01,수도권,KR,4,4호선,0509,정부과천청사,EV,일반승강기,2,지하,2,지하 2층,[1호기](B1)남쪽맞이방(B2)상7-4,,,,
01,수도권,KR,4,4호선,0509,정부과천청사,EV,일반승강기,2,지하,2,지하 2층,[2호기](B1)남쪽맞이방(B2)하4-1,,,,
01,수도권,KR,4,4호선,0480,인덕원,EV,일반승강기,1,지상,1,지상 1층,"[4호기](1F)4번/5번출입구사이엘리베이터,4번출입구옆",,,,
01,수도권,KR,4,4호선,0480,인덕원,EV,일반승강기,1,지상,1,지상 1층,"[2호기](1F)2번/3번출입구사이엘리베이터,3번출입구옆",,,,
01,수도권,KR,4,4호선,0480,인덕원,EV,일반승강기,2,지하,1,지하 1층,"[4호기](1F)4번/5번출입구사이엘리베이터,4번출입구옆",,,,
01,수도권,KR,4,4호선,0480,인덕원,EV,일반승강기,2,지하,1,지하 1층,"[2호기](1F)2번/3번출입구사이엘리베이터,3번출입구옆",,,,
01,수도권,KR,4,4호선,0480,인덕원,EV,일반승강기,2,지하,1,지하 1층,[3호기](B1)4번/5번출입구방향,,,,
01,수도권,KR,4,4호선,0480,인덕원,EV,일반승강기,2,지하,1,지하 1층,[3호기](B1)4번/5번출입구방향,,,,
01,수도권,KR,4,4호선,0480,인덕원,EV,일반승강기,2,지하,1,지하 1층,[5호기](B2)과천정부청사역방향승강장3-4출입문앞,,,,
01,수도권,KR,4,4호선,0480,인덕원,EV,일반승강기,2,지하,1,지하 1층,[1호기](B2)평촌역방향승강장8-2출입문앞,,,,
01,수도권,KR,4,4호선,0480,인덕원,TOLT,일반화장실(남),2,지하,1,지하 1층,"(B1) 남쪽게이트 18m 옆, 2번/3번 출구 40m 옆",1,일반,1,남
01,수도권,KR,4,4호선,0480,인덕원,TOLT,일반화장실(여),2,지하,1,지하 1층,"(B1) 남쪽게이트 18m 옆, 2번/3번 출구 40m 옆",1,일반,2,여
01,수도권,KR,4,4호선,0480,인덕원,TOLT,장애인화장실(남),2,지하,1,지하 1층,"(B1) 남쪽게이트 18m 옆, 2번/3번 출구 40m 옆",2,장애인,1,남
01,수도권,KR,4,4호선,0480,인덕원,TOLT,장애인화장실(여),2,지하,1,지하 1층,"(B1) 남쪽게이트 18m 옆, 2번/3번 출구 40m 옆",2,장애인,2,여
01,수도권,KR,4,4호선,0480,인덕원,INFO,고객센터,2,지하,1,지하 1층,(B1) 맞이방  중간,,,,
01,수도권,KR,4,4호선,0480,인덕원,EV,일반승강기,2,지하,2,지하 2층,[5호기](B2)과천정부청사역방향승강장3-4출입문앞,,,,
01,수도권,KR,4,4호선,0480,인덕원,EV,일반승강기,2,지하,2,지하 2층,[1호기](B2)평촌역방향승강장8-2출입문앞,,,,
01,수도권,KR,4,4호선,0578,평촌,EV,일반승강기,1,지상,1,지상 1층,[3호기](1F)1번출입구광장분수대옆,,,,
01,수도권,KR,4,4호선,0578,평촌,EV,일반승강기,2,지하,1,지하 1층,[3호기](1F)1번출입구광장분수대옆,,,,
01,수도권,KR,4,4호선,0578,평촌,ELEC,전동휠체어충전설비,2,지하,1,지하 1층,(B1) 역무실 앞,,,,
01,수도권,KR,4,4호선,0578,평촌,TOLT,일반화장실(남),2,지하,1,지하 1층,"(B1) 2번출구 나가기 전, 3번/4번 출입구 방향",1,일반,1,남
01,수도권,KR,4,4호선,0578,평촌,TOLT,일반화장실(여),2,지하,1,지하 1층,"(B1) 2번출구 나가기 전, 3번/4번 출입구 방향",1,일반,2,여
01,수도권,KR,4,4호선,0578,평촌,TOLT,장애인화장실(남),2,지하,1,지하 1층,"(B1) 2번출구 나가기 전, 3번/4번 출입구 방향",2,장애인,1,남
01,수도권,KR,4,4호선,0578,평촌,TOLT,장애인화장실(여),2,지하,1,지하 1층,"(B1) 2번출구 나가기 전, 3번/4번 출입구 방향",2,장애인,2,여
01,수도권,KR,4,4호선,0578,평촌,EV,일반승강기,2,지하,2,지하 2층,[1호기](B3)당고개방향4-4출입문앞,,,,
01,수도권,KR,4,4호선,0578,평촌,EV,일반승강기,2,지하,2,지하 2층,[2호기](B3)오이도방향7-1출입문앞,,,,
01,수도권,KR,4,4호선,0578,평촌,EV,일반승강기,2,지하,3,지하 3층,[1호기](B3)당고개방향4-4출입문앞,,,,
01,수도권,KR,4,4호선,0578,평촌,EV,일반승강기,2,지하,3,지하 3층,[2호기](B3)오이도방향7-1출입문앞,,,,
01,수도권,KR,4,4호선,0228,범계,EV,일반승강기,1,지상,1,지상 1층,[3호기]6번출입구옆,,,,
01,수도권,KR,4,4호선,0228,범계,EV,일반승강기,2,지하,1,지하 1층,[3호기]6번출입구옆,,,,
01,수도권,KR,4,4호선,0228,범계,EV,일반승강기,2,지하,1,지하 1층,[9호기](B2) 금정 방향 승강장 3-4 출입문 앞,,,,
01,수도권,KR,4,4호선,0228,범계,EV,일반승강기,2,지하,1,지하 1층,[8호기](B2) 평촌 방향 승강장 8-1출입문 앞,,,,
01,수도권,KR,4,4호선,0228,범계,EV,일반승강기,2,지하,1,지하 1층,[2호기](B2)금정방향승강장9-2출입문앞,,,,
01,수도권,KR,4,4호선,0228,범계,EV,일반승강기,2,지하,1,지하 1층,[1호기](B2)평촌방향승강장8-1출입문앞,,,,
01,수도권,KR,4,4호선,0228,범계,WCLF,휠체어리프트,2,지하,1,지하 1층,"(B1) 맞이방 내 2,3번출구 계단 옆",,,,
01,수도권,KR,4,4호선,0228,범계,WCLF,휠체어리프트,2,지하,1,지하 1층,(B1) 2번 출입구 방향 계단 옆,,,,
01,수도권,KR,4,4호선,0228,범계,TOLT,일반화장실(남),2,지하,1,지하 1층,"(B1) 표 내는곳 옆, 4-1번 출입구 방향",1,일반,1,남
01,수도권,KR,4,4호선,0228,범계,TOLT,일반화장실(여),2,지하,1,지하 1층,"(B1) 표 내는곳 옆, 4-1번 출입구 방향",1,일반,2,여
01,수도권,KR,4,4호선,0228,범계,TOLT,장애인화장실(남),2,지하,1,지하 1층,"(B1) 표 내는곳 옆, 4-1번 출입구 방향",2,장애인,1,남
01,수도권,KR,4,4호선,0228,범계,TOLT,장애인화장실(여),2,지하,1,지하 1층,"(B1) 표 내는곳 옆, 4-1번 출입구 방향",2,장애인,2,여
01,수도권,KR,4,4호선,0228,범계,LARM,수유실,2,지하,1,지하 1층,(B1) 대합실 내 정리원휴게실 옆,,,,
01,수도권,KR,4,4호선,0228,범계,EV,일반승강기,2,지하,2,지하 2층,[1호기](B2)평촌방향승강장8-1출입문앞,,,,
01,수도권,KR,4,4호선,0228,범계,EV,일반승강기,2,지하,2,지하 2층,[2호기](B2)금정방향승강장9-2출입문앞,,,,
01,수도권,KR,4,4호선,0090,금정,EV,일반승강기,1,지상,2,지상 2층,[3호기](2F)북부역사이동통로(1F)구안산선승강장,,,,
01,수도권,KR,4,4호선,0090,금정,EV,일반승강기,1,지상,1,지상 1층,[3호기](2F)북부역사이동통로(1F)구안산선승강장,,,,
01,수도권,KR,4,4호선,0260,산본,EV,일반승강기,1,지상,4,지상 4층,[3호기](3F)동쪽표내는곳내부하행에스컬레이터앞,,,,
01,수도권,KR,4,4호선,0260,산본,EV,일반승강기,1,지상,4,지상 4층,[2호기](3F)동쪽표내는곳내부상행에스컬레이터앞,,,,
01,수도권,KR,4,4호선,0260,산본,EV,일반승강기,1,지상,3,지상 3층,[3호기](3F)동쪽표내는곳내부하행에스컬레이터앞,,,,
01,수도권,KR,4,4호선,0260,산본,EV,일반승강기,1,지상,3,지상 3층,[2호기](3F)동쪽표내는곳내부상행에스컬레이터앞,,,,
01,수도권,KR,4,4호선,0260,산본,EV,일반승강기,1,지상,3,지상 3층,"[1호기](1F)1번출구,2번출구사이중앙(2F)3번,4번출구사이십자통로(3F)이디아카페왼쪽",,,,
01,수도권,KR,4,4호선,0260,산본,ELEC,전동휠체어충전설비,1,지상,3,지상 3층,"(3F) 서쪽 표내는 곳 옆, 물품보관함 맞은 편",,,,
01,수도권,KR,4,4호선,0260,산본,TOLT,일반화장실(남),1,지상,3,지상 3층,"(3F) 대합실 중앙, 이디야 맞은편, 강경렌트카 옆",1,일반,1,남
01,수도권,KR,4,4호선,0260,산본,TOLT,일반화장실(여),1,지상,3,지상 3층,"(3F) 대합실 중앙, 이디야 맞은편, 강경렌트카 옆",1,일반,2,여
01,수도권,KR,4,4호선,0260,산본,TOLT,장애인화장실(남),1,지상,3,지상 3층,"(3F) 대합실 중앙, 이디야 맞은편, 강경렌트카 옆",2,장애인,1,남
01,수도권,KR,4,4호선,0260,산본,TOLT,장애인화장실(여),1,지상,3,지상 3층,"(3F) 대합실 중앙, 이디야 맞은편, 강경렌트카 옆",2,장애인,2,여
01,수도권,KR,4,4호선,0260,산본,INFO,고객센터,1,지상,3,지상 3층,"(3F) 스토리웨이 맞은편, 승차권자동발매기 옆",,,,
01,수도권,KR,4,4호선,0260,산본,EV,일반승강기,1,지상,2,지상 2층,"[1호기](1F) 1번출구, 2번출구 사이 중앙
(2F) 3번, 4번출구 사이 십자통로 
(3F) 이디아 카페 왼쪽",,,,
01,수도권,KR,4,4호선,0260,산본,EV,일반승강기,1,지상,1,지상 1층,"[1호기](1F)1번출구,2번출구사이중앙(2F)3번,4번출구사이십자통로(3F)이디아카페왼쪽",,,,
01,수도권,KR,4,4호선,0335,수리산,EV,일반승강기,1,지상,2,지상 2층,[3호기](1층)2번출입구앞>(2층)맞이방,,,,
01,수도권,KR,4,4호선,0335,수리산,EV,일반승강기,1,지상,2,지상 2층,[4호기](1층)1번출입구앞>(2층)맞이방,,,,
01,수도권,KR,4,4호선,0335,수리산,EV,일반승강기,1,지상,2,지상 2층,[2호기](1층)대야미역방향승강장4-4출입문앞>(2층)표내는곳내계단옆,,,,
01,수도권,KR,4,4호선,0335,수리산,EV,일반승강기,1,지상,2,지상 2층,[1호기](1층)산본역방향승강장7-1출입문앞>(2층)표내는곳내계단옆,,,,
01,수도권,KR,4,4호선,0335,수리산,ELEC,전동휠체어충전설비,1,지상,2,지상 2층,"(2층) 맞이방 1번 출입구 방향, 고객지원실 맞은편",,,,
01,수도권,KR,4,4호선,0335,수리산,TOLT,일반화장실(남),1,지상,2,지상 2층,"(2층) 맞이방, 2번/3번 출입구 방향",1,일반,1,남
01,수도권,KR,4,4호선,0335,수리산,TOLT,일반화장실(여),1,지상,2,지상 2층,"(2층) 맞이방, 2번/3번 출입구 방향",1,일반,2,여
01,수도권,KR,4,4호선,0335,수리산,TOLT,장애인화장실(남),1,지상,2,지상 2층,"(2층) 맞이방, 2번/3번 출입구 방향",2,장애인,1,남
01,수도권,KR,4,4호선,0335,수리산,EV,일반승강기,1,지상,1,지상 1층,[1호기](1층)산본역방향승강장7-1출입문앞>(2층)표내는곳내계단옆,,,,
01,수도권,KR,4,4호선,0335,수리산,EV,일반승강기,1,지상,1,지상 1층,[4호기](1층)1번출입구앞>(2층)맞이방,,,,
01,수도권,KR,4,4호선,0335,수리산,EV,일반승강기,1,지상,1,지상 1층,[3호기](1층)2번출입구앞>(2층)맞이방,,,,
01,수도권,KR,4,4호선,0335,수리산,EV,일반승강기,1,지상,1,지상 1층,[2호기](1층)대야미역방향승강장4-4출입문앞>(2층)표내는곳내계단옆,,,,
01,수도권,KR,4,4호선,0335,수리산,INFO,고객센터,1,지상,1,지상 1층,-,,,,
01,수도권,KR,4,4호선,0134,대야미,EV,일반승강기,1,지상,2,지상 2층,"[1호기](2층),수리산역,당고개방향승강장,6-2,출입문앞",,,,
01,수도권,KR,4,4호선,0134,대야미,EV,일반승강기,1,지상,2,지상 2층,"[2호기](2층),반월역,오이도방향승강장,5-4,출입문앞",,,,
01,수도권,KR,4,4호선,0134,대야미,EV,일반승강기,1,지상,1,지상 1층,"[1호기](2층),수리산역,당고개방향승강장,6-2,출입문앞",,,,
01,수도권,KR,4,4호선,0134,대야미,EV,일반승강기,1,지상,1,지상 1층,"[2호기](2층),반월역,오이도방향승강장,5-4,출입문앞",,,,
01,수도권,KR,4,4호선,0134,대야미,ELEC,전동휠체어충전설비,1,지상,1,지상 1층,전기실 앞,,,,
01,수도권,KR,4,4호선,0134,대야미,TOLT,일반화장실(남),1,지상,1,지상 1층,"(1F), 맞이방 내 발매기 옆,/ 2번출구 방향",1,일반,1,남
01,수도권,KR,4,4호선,0134,대야미,TOLT,일반화장실(여),1,지상,1,지상 1층,"(1F), 맞이방 내 발매기 옆,/ 2번출구 방향",1,일반,2,여
01,수도권,KR,4,4호선,0134,대야미,TOLT,장애인화장실(남),1,지상,1,지상 1층,"(1F), 맞이방 내 발매기 옆,/ 2번출구 방향",2,장애인,1,남
01,수도권,KR,4,4호선,0134,대야미,TOLT,장애인화장실(여),1,지상,1,지상 1층,"(1F), 맞이방 내 발매기 옆,/ 2번출구 방향",2,장애인,2,여
01,수도권,KR,4,4호선,0214,반월,EV,일반승강기,1,지상,1,지상 1층,[3호기](B1)당고개/오이도방향승강장지하연결통로(1F)1번출입구방향,,,,
01,수도권,KR,4,4호선,0214,반월,EV,일반승강기,1,지상,1,지상 1층,[1호기](B1)대야미역방향승강장지하연결통로(1F)대야미역방향승강장7-3출입문앞,,,,
01,수도권,KR,4,4호선,0214,반월,EV,일반승강기,1,지상,1,지상 1층,[2호기](B1)상록수역방향승강장지하연결통로(1F)상록수역방향승강장4-2출입문앞,,,,
01,수도권,KR,4,4호선,0214,반월,TOLT,일반화장실(남),1,지상,1,지상 1층,(1F) 1번 출입구 맞이방 내,1,일반,1,남
01,수도권,KR,4,4호선,0214,반월,TOLT,일반화장실(여),1,지상,1,지상 1층,(1F) 1번 출입구 맞이방 내,1,일반,2,여
01,수도권,KR,4,4호선,0214,반월,TOLT,장애인화장실(남),1,지상,1,지상 1층,(1F) 1번 출입구 맞이방 내,2,장애인,1,남
01,수도권,KR,4,4호선,0214,반월,TOLT,장애인화장실(여),1,지상,1,지상 1층,(1F) 1번 출입구 맞이방 내,2,장애인,2,여
01,수도권,KR,4,4호선,0214,반월,INFO,고객센터,1,지상,1,지상 1층,(1F) 대합실 게이트옆 역무실,,,,
01,수도권,KR,4,4호선,0214,반월,EV,일반승강기,2,지하,1,지하 1층,[1호기](B1)대야미역방향승강장지하연결통로(1F)대야미역방향승강장7-3출입문앞,,,,
01,수도권,KR,4,4호선,0214,반월,EV,일반승강기,2,지하,1,지하 1층,[2호기](B1)상록수역방향승강장지하연결통로(1F)상록수역방향승강장4-2출입문앞,,,,
01,수도권,KR,4,4호선,0214,반월,EV,일반승강기,2,지하,1,지하 1층,[3호기](B1)당고개/오이도방향승강장지하연결통로(1F)1번출입구방향,,,,
01,수도권,KR,4,4호선,0275,상록수,EV,일반승강기,1,지상,2,지상 2층,[1호기](1층)표내는곳내반월방향계단옆,,,,
01,수도권,KR,4,4호선,0275,상록수,EV,일반승강기,1,지상,2,지상 2층,[2호기](1층)표내는곳내한대앞방향계단옆,,,,
01,수도권,KR,4,4호선,0275,상록수,EV,일반승강기,1,지상,1,지상 1층,[1호기](1층)표내는곳내반월방향계단옆,,,,
01,수도권,KR,4,4호선,0275,상록수,EV,일반승강기,1,지상,1,지상 1층,[2호기](1층)표내는곳내한대앞방향계단옆,,,,
01,수도권,KR,4,4호선,0275,상록수,TOLT,일반화장실(남),1,지상,1,지상 1층,"(1층) 표 내는 곳 내 역무실 맞은편, 3번/4번 출입구 방향",1,일반,1,남
01,수도권,KR,4,4호선,0275,상록수,TOLT,일반화장실(남),1,지상,1,지상 1층,"(1층) 표 내는 곳 옆, 2번 출입구 방향",1,일반,1,남
01,수도권,KR,4,4호선,0275,상록수,TOLT,일반화장실(여),1,지상,1,지상 1층,"(1층) 표 내는 곳 내 역무실 맞은편, 3번/4번 출입구 방향",1,일반,2,여
01,수도권,KR,4,4호선,0275,상록수,TOLT,일반화장실(여),1,지상,1,지상 1층,"(1층) 표 내는 곳 옆, 2번 출입구 방향",1,일반,2,여
01,수도권,KR,4,4호선,0275,상록수,TOLT,장애인화장실(남),1,지상,1,지상 1층,"(1층) 표 내는 곳 옆, 2번 출입구 방향",2,장애인,1,남
01,수도권,KR,4,4호선,0275,상록수,TOLT,장애인화장실(남),1,지상,1,지상 1층,"(1층) 표 내는 곳 내 역무실 맞은편, 3번/4번 출입구 방향",2,장애인,1,남
01,수도권,KR,4,4호선,0275,상록수,TOLT,장애인화장실(여),1,지상,1,지상 1층,"(1층) 표 내는 곳 내 역무실 맞은편, 3번/4번 출입구 방향",2,장애인,2,여
01,수도권,KR,4,4호선,0275,상록수,TOLT,장애인화장실(여),1,지상,1,지상 1층,"(1층) 표 내는 곳 옆, 2번 출입구 방향",2,장애인,2,여
01,수도권,KR,4,4호선,0586,한대앞,EV,일반승강기,1,지상,2,지상 2층,[3호기](2층)2번출입구방향,,,,
01,수도권,KR,4,4호선,0586,한대앞,EV,일반승강기,1,지상,2,지상 2층,[2호기](1층)중앙역방향승강장5-2,,,,
01,수도권,KR,4,4호선,0586,한대앞,EV,일반승강기,1,지상,2,지상 2층,[1호기](1층)상록수역방향승강장6-3,,,,
01,수도권,KR,4,4호선,0586,한대앞,TOLT,일반화장실(남),1,지상,2,지상 2층,(2층)개찰구 내 에스컬레이터 옆 ,1,일반,1,남
01,수도권,KR,4,4호선,0586,한대앞,TOLT,일반화장실(여),1,지상,2,지상 2층,(2층)개찰구 내 에스컬레이터 옆 ,1,일반,2,여
01,수도권,KR,4,4호선,0586,한대앞,TOLT,장애인화장실(남),1,지상,2,지상 2층,(2층)개찰구 내 에스컬레이터 옆 ,2,장애인,1,남
01,수도권,KR,4,4호선,0586,한대앞,TOLT,장애인화장실(여),1,지상,2,지상 2층,(2층)개찰구 내 에스컬레이터 옆 ,2,장애인,2,여
01,수도권,KR,4,4호선,0586,한대앞,INFO,고객센터,1,지상,2,지상 2층,(2층) 대합실 게이트 옆 역무실,,,,
01,수도권,KR,4,4호선,0586,한대앞,EV,일반승강기,1,지상,1,지상 1층,[3호기](2층)2번출입구방향,,,,
01,수도권,KR,4,4호선,0586,한대앞,EV,일반승강기,1,지상,1,지상 1층,[2호기](1층)중앙역방향승강장5-2,,,,
01,수도권,KR,4,4호선,0586,한대앞,EV,일반승강기,1,지상,1,지상 1층,[1호기](1층)상록수역방향승강장6-3,,,,
01,수도권,KR,4,4호선,0529,중앙,EV,일반승강기,1,지상,2,지상 2층,[1호기](1층)1번출입구옆(2층)한대앞역방향승강장4-3출입문앞,,,,
01,수도권,KR,4,4호선,0529,중앙,EV,일반승강기,1,지상,2,지상 2층,[2호기](1층)2번출입구옆(2층)고잔역방향승강장7-2출입문앞,,,,
01,수도권,KR,4,4호선,0529,중앙,EV,일반승강기,1,지상,1,지상 1층,[1호기](1층)1번출입구옆(2층)한대앞역방향승강장4-3출입문앞,,,,
01,수도권,KR,4,4호선,0529,중앙,EV,일반승강기,1,지상,1,지상 1층,[2호기](1층)2번출입구옆(2층)고잔역방향승강장7-2출입문앞,,,,
01,수도권,KR,4,4호선,0529,중앙,TOLT,일반화장실(남),1,지상,1,지상 1층,(1층) 표내는곳 내 오이도방향 계단 옆,1,일반,1,남
01,수도권,KR,4,4호선,0529,중앙,TOLT,일반화장실(여),1,지상,1,지상 1층,(1층) 표내는곳 내 오이도방향 계단 옆,1,일반,2,여
01,수도권,KR,4,4호선,0529,중앙,TOLT,장애인화장실(남),1,지상,1,지상 1층,(1층) 표내는곳 내 오이도방향 계단 옆,2,장애인,1,남
01,수도권,KR,4,4호선,0529,중앙,TOLT,장애인화장실(여),1,지상,1,지상 1층,(1층) 표내는곳 내 오이도방향 계단 옆,2,장애인,2,여
01,수도권,KR,4,4호선,0529,중앙,INFO,고객센터,1,지상,1,지상 1층,(1층) 표 내는 곳 내 역무실 ,,,,
01,수도권,KR,4,4호선,0049,고잔,EV,일반승강기,1,지상,2,지상 2층,[1호기](2F)중앙역방향5-3출입문앞(1F)고객맞이방화장실옆,,,,
01,수도권,KR,4,4호선,0049,고잔,EV,일반승강기,1,지상,2,지상 2층,[2호기](2F)초지역방향6-2출입문앞(1F)고객맞이방화장실옆,,,,
01,수도권,KR,4,4호선,0049,고잔,EV,일반승강기,1,지상,1,지상 1층,[2호기](2F)초지역방향6-2출입문앞(1F)고객맞이방화장실옆,,,,
01,수도권,KR,4,4호선,0049,고잔,EV,일반승강기,1,지상,1,지상 1층,[1호기](2F)중앙역방향5-3출입문앞(1F)고객맞이방화장실옆,,,,
01,수도권,KR,4,4호선,0049,고잔,EV,일반승강기,1,지상,1,지상 1층,[1호기]5-3 출입문 앞,,,,
01,수도권,KR,4,4호선,0049,고잔,EV,일반승강기,1,지상,1,지상 1층,[2호기]5-2 출입문 앞,,,,
01,수도권,KR,4,4호선,0049,고잔,TOLT,일반화장실(남),1,지상,1,지상 1층,표 내는 곳 안쪽 상.하행 계단 올라가는 곳 중간,1,일반,1,남
01,수도권,KR,4,4호선,0049,고잔,TOLT,일반화장실(여),1,지상,1,지상 1층,표 내는 곳 안쪽 상.하행 계단 올라가는 곳 중간,1,일반,2,여
01,수도권,KR,4,4호선,0049,고잔,TOLT,장애인화장실(남),1,지상,1,지상 1층,표 내는 곳 안쪽 상.하행 계단 올라가는 곳 중간,2,장애인,1,남
01,수도권,KR,4,4호선,0049,고잔,TOLT,장애인화장실(여),1,지상,1,지상 1층,표 내는 곳 안쪽 상.하행 계단 올라가는 곳 중간,2,장애인,2,여
01,수도권,KR,4,4호선,0559,초지,EV,일반승강기,1,지상,2,지상 2층,[1호기](2F)고잔역방향승강장5-4출입문앞(1F)맞이방통로고잔역방향(기존계단철거),,,,
01,수도권,KR,4,4호선,0559,초지,EV,일반승강기,1,지상,2,지상 2층,[2호기](2F)안산역방향승강장5-4출입문앞(1F)맞이방통로고잔역방향(기존계단철거),,,,
01,수도권,KR,4,4호선,0559,초지,EV,일반승강기,1,지상,1,지상 1층,[1호기](2F)고잔역방향승강장5-4출입문앞(1F)맞이방통로고잔역방향(기존계단철거),,,,
01,수도권,KR,4,4호선,0559,초지,EV,일반승강기,1,지상,1,지상 1층,[2호기](2F)안산역방향승강장5-4출입문앞(1F)맞이방통로고잔역방향(기존계단철거),,,,
01,수도권,KR,4,4호선,0559,초지,TOLT,일반화장실(남),1,지상,1,지상 1층,(1F) 맞이방 표 내는 곳 안쪽 계단통로 가운데 ,1,일반,1,남
01,수도권,KR,4,4호선,0559,초지,TOLT,일반화장실(여),1,지상,1,지상 1층,(1F) 맞이방 표 내는 곳 안쪽 계단통로 가운데 ,1,일반,2,여
01,수도권,KR,4,4호선,0559,초지,TOLT,장애인화장실(남),1,지상,1,지상 1층,(1F) 맞이방 표 내는 곳 안쪽 계단통로 가운데 ,2,장애인,1,남
01,수도권,KR,4,4호선,0559,초지,TOLT,장애인화장실(여),1,지상,1,지상 1층,(1F) 맞이방 표 내는 곳 안쪽 계단통로 가운데 ,2,장애인,2,여
01,수도권,KR,4,4호선,0559,초지,INFO,고객센터,1,지상,1,지상 1층,(1F) 1번출구 자동발매기 옆,,,,
01,수도권,KR,4,4호선,0388,안산,EV,일반승강기,1,지상,2,지상 2층,[2호기](1층)신길온천역방향승강장4-3출입문앞(2층)자유통로하행표내는곳내,,,,
01,수도권,KR,4,4호선,0388,안산,EV,일반승강기,1,지상,2,지상 2층,[1호기](1층)초지역방향승강장7-2출입문앞(2층)자유통로상행표내는곳내,,,,
01,수도권,KR,4,4호선,0388,안산,WCLF,휠체어리프트,1,지상,2,지상 2층,(2층) 2번 출입구 계단,,,,
01,수도권,KR,4,4호선,0388,안산,TOLT,일반화장실(남),1,지상,2,지상 2층,(1층) 자유통로 1번 출입구 방향,1,일반,1,남
01,수도권,KR,4,4호선,0388,안산,TOLT,일반화장실(여),1,지상,2,지상 2층,(1층) 자유통로 1번 출입구 방향,1,일반,2,여
01,수도권,KR,4,4호선,0388,안산,TOLT,장애인화장실(남),1,지상,2,지상 2층,(1층) 자유통로 1번 출입구 방향,2,장애인,1,남
01,수도권,KR,4,4호선,0388,안산,TOLT,장애인화장실(여),1,지상,2,지상 2층,(1층) 자유통로 1번 출입구 방향,2,장애인,2,여
01,수도권,KR,4,4호선,0388,안산,INFO,고객센터,1,지상,2,지상 2층,맞이방 발매기 앞쪽 방향,,,,
01,수도권,KR,4,4호선,0388,안산,EV,일반승강기,1,지상,1,지상 1층,[1호기](1층)초지역방향승강장7-2출입문앞(2층)자유통로상행표내는곳내,,,,
01,수도권,KR,4,4호선,0388,안산,EV,일반승강기,1,지상,1,지상 1층,[2호기](1층)신길온천역방향승강장4-3출입문앞(2층)자유통로하행표내는곳내,,,,
01,수도권,KR,4,4호선,0352,능길,TOLT,일반화장실(남),1,지상,2,지상 2층,(2층) 대합실 게이트에서 우측방향으로 15m ,1,일반,1,남
01,수도권,KR,4,4호선,0352,능길,TOLT,일반화장실(여),1,지상,2,지상 2층,(2층) 대합실 게이트에서 우측방향으로 15m ,1,일반,2,여
01,수도권,KR,4,4호선,0352,능길,TOLT,장애인화장실(남),1,지상,2,지상 2층,(2층) 대합실 게이트에서 우측방향으로 15m ,2,장애인,1,남
01,수도권,KR,4,4호선,0352,능길,TOLT,장애인화장실(여),1,지상,2,지상 2층,(2층) 대합실 게이트에서 우측방향으로 15m ,2,장애인,2,여
01,수도권,KR,4,4호선,0352,능길,EV,일반승강기,1,지상,1,지상 1층,[4호기](1층)안산역방향승강장3-4출입문앞(2층)대합실2번출구방향,,,,
01,수도권,KR,4,4호선,0352,능길,EV,일반승강기,1,지상,1,지상 1층,[1호기](1층)1번출구계단하부와자전거거치대사이(2층)자유통로1번출구상단입구,,,,
01,수도권,KR,4,4호선,0352,능길,EV,일반승강기,1,지상,1,지상 1층,[2호기](1층)2번출구계단하부와자전거거치대사이(2층)자유통로2번출구상단입구,,,,
01,수도권,KR,4,4호선,0352,능길,EV,일반승강기,1,지상,1,지상 1층,[3호기](1층)오이도역방향승강장8-1출입문앞(2층)대합실1번출구방향,,,,
01,수도권,KR,4,4호선,0352,능길,EV,일반승강기,1,지상,1,지상 1층,[4호기](1층)안산역방향승강장3-4출입문앞(2층)대합실2번출구방향,,,,
01,수도권,KR,4,4호선,0352,능길,EV,일반승강기,1,지상,1,지상 1층,[2호기](1층)2번출구계단하부와자전거거치대사이(2층)자유통로2번출구상단입구,,,,
01,수도권,KR,4,4호선,0352,능길,EV,일반승강기,1,지상,1,지상 1층,[1호기](1층)1번출구계단하부와자전거거치대사이(2층)자유통로1번출구상단입구,,,,
01,수도권,KR,4,4호선,0352,능길,EV,일반승강기,1,지상,1,지상 1층,[3호기](1층)오이도역방향승강장8-1출입문앞(2층)대합실1번출구방향,,,,
01,수도권,KR,4,4호선,0352,능길,INFO,고객센터,1,지상,1,지상 1층,역무실,,,,
01,수도권,KR,4,4호선,0510,정왕,EV,일반승강기,1,지상,2,지상 2층,"[1호기](1F)개집표구진입후당고개,수원방향E/S근처",,,,
01,수도권,KR,4,4호선,0510,정왕,EV,일반승강기,1,지상,2,지상 2층,"[2호기](1F)개집표구진입후오이도,인천방향E/S근처",,,,
01,수도권,KR,4,4호선,0510,정왕,EV,일반승강기,1,지상,1,지상 1층,"[1호기](1F)개집표구진입후당고개,수원방향E/S근처",,,,
01,수도권,KR,4,4호선,0510,정왕,EV,일반승강기,1,지상,1,지상 1층,"[2호기](1F)개집표구진입후오이도,인천방향E/S근처",,,,
01,수도권,KR,4,4호선,0510,정왕,TOLT,일반화장실(남),1,지상,1,지상 1층,1번/2번 출입구안쪽 대합실 고객지원실 방향,1,일반,1,남
01,수도권,KR,4,4호선,0510,정왕,TOLT,일반화장실(여),1,지상,1,지상 1층,1번/2번 출입구안쪽 대합실 고객지원실 방향,1,일반,2,여
01,수도권,KR,4,4호선,0510,정왕,TOLT,장애인화장실(남),1,지상,1,지상 1층,1번/2번 출입구안쪽 대합실 고객지원실 방향,2,장애인,1,남
01,수도권,KR,4,4호선,0510,정왕,TOLT,장애인화장실(여),1,지상,1,지상 1층,1번/2번 출입구안쪽 대합실 고객지원실 방향,2,장애인,2,여
01,수도권,KR,4,4호선,0510,정왕,INFO,고객센터,1,지상,1,지상 1층,(1F) 맞이방 발매기 옆,,,,
01,수도권,KR,4,4호선,0433,오이도,EV,일반승강기,1,지상,3,지상 3층,[3호기](1층)정왕역방향승강장4-3출입문앞(3층)맞이방,,,,
01,수도권,KR,4,4호선,0433,오이도,EV,일반승강기,1,지상,3,지상 3층,[2호기](1층)3번출입구옆(3층)맞이방,,,,
01,수도권,KR,4,4호선,0433,오이도,EV,일반승강기,1,지상,3,지상 3층,[1호기](1층)2번출입구옆(3층)맞이방,,,,
01,수도권,KR,4,4호선,0433,오이도,EV,일반승강기,1,지상,3,지상 3층,[4호기](1층)달월역방향승강장7-2출입문앞(3층)맞이방,,,,
01,수도권,KR,4,4호선,0433,오이도,TOLT,일반화장실(남),1,지상,3,지상 3층,"(3층) 맞이방 옆, 1번/2번 출입구 방향",1,일반,1,남
01,수도권,KR,4,4호선,0433,오이도,TOLT,일반화장실(여),1,지상,3,지상 3층,"(3층) 맞이방 옆, 1번/2번 출입구 방향",1,일반,2,여
01,수도권,KR,4,4호선,0433,오이도,TOLT,장애인화장실(남),1,지상,3,지상 3층,"(3층) 맞이방 옆, 1번/2번 출입구 방향",2,장애인,1,남
01,수도권,KR,4,4호선,0433,오이도,TOLT,장애인화장실(여),1,지상,3,지상 3층,"(3층) 맞이방 옆, 1번/2번 출입구 방향",2,장애인,2,여
01,수도권,KR,4,4호선,0433,오이도,EV,일반승강기,1,지상,2,지상 2층,"[3호기](1층)정왕역 방향 승강장 4-3 출입문 앞
(3층)맞이방",,,,
01,수도권,KR,4,4호선,0433,오이도,EV,일반승강기,1,지상,2,지상 2층,"[2호기](1층)3번 출입구 옆
(3층)맞이방",,,,
01,수도권,KR,4,4호선,0433,오이도,EV,일반승강기,1,지상,2,지상 2층,"[1호기](1층)2번 출입구 옆
(3층)맞이방",,,,
01,수도권,KR,4,4호선,0433,오이도,EV,일반승강기,1,지상,2,지상 2층,"[4호기](1층)달월역 방향 승강장 7-2 출입문 앞
(3층)맞이방",,,,
01,수도권,KR,4,4호선,0433,오이도,EV,일반승강기,1,지상,1,지상 1층,[3호기](1층)정왕역방향승강장4-3출입문앞(3층)맞이방,,,,
01,수도권,KR,4,4호선,0433,오이도,EV,일반승강기,1,지상,1,지상 1층,[2호기](1층)3번출입구옆(3층)맞이방,,,,
01,수도권,KR,4,4호선,0433,오이도,EV,일반승강기,1,지상,1,지상 1층,[1호기](1층)2번출입구옆(3층)맞이방,,,,
01,수도권,KR,4,4호선,0433,오이도,EV,일반승강기,1,지상,1,지상 1층,[4호기](1층)달월역방향승강장7-2출입문앞(3층)맞이방,,,,
01,수도권,S1,5,5호선,0221,방화,EV,일반승강기,1,지상,1,지상 1층,[3호기]2번출구측,,,,
01,수도권,S1,5,5호선,0221,방화,EV,일반승강기,2,지하,1,지하 1층,[3호기]2번출구측,,,,
01,수도권,S1,5,5호선,0221,방화,EV,일반승강기,2,지하,1,지하 1층,[2호기]개화산방면4-4,,,,
01,수도권,S1,5,5호선,0221,방화,EV,일반승강기,2,지하,1,지하 1층,[1호기]방화방면4-4,,,,
01,수도권,S1,5,5호선,0221,방화,ELEC,전동휠체어충전설비,2,지하,1,지하 1층,지하1층 대합실(게이트 통과후 오른쪽 구역무실 옆 벽면),,,,
01,수도권,S1,5,5호선,0221,방화,TOLT,일반화장실(남),2,지하,1,지하 1층,"대합실 1층 3,4번출입구방향 앞",1,일반,1,남
01,수도권,S1,5,5호선,0221,방화,TOLT,일반화장실(여),2,지하,1,지하 1층,"대합실 1층 3,4번출입구방향 앞",1,일반,2,여
01,수도권,S1,5,5호선,0221,방화,TOLT,장애인화장실(남),2,지하,1,지하 1층,"대합실 1층 3,4번출입구방향 앞",2,장애인,1,남
01,수도권,S1,5,5호선,0221,방화,TOLT,장애인화장실(여),2,지하,1,지하 1층,"대합실 1층 3,4번출입구방향 앞",2,장애인,2,여
01,수도권,S1,5,5호선,0221,방화,INFO,고객센터,2,지하,1,지하 1층,B1층 대합실,,,,
01,수도권,S1,5,5호선,0221,방화,EV,일반승강기,2,지하,2,지하 2층,[1호기]방화방면4-4,,,,
01,수도권,S1,5,5호선,0221,방화,EV,일반승강기,2,지하,2,지하 2층,[2호기]개화산방면4-4,,,,
01,수도권,S1,5,5호선,0029,개화산,EV,일반승강기,1,지상,1,지상 1층,[2호기]2번출구측(대합실내),,,,
01,수도권,S1,5,5호선,0029,개화산,EV,일반승강기,1,지상,1,지상 1층,[1호기]1번출구측(대합실내),,,,
01,수도권,S1,5,5호선,0029,개화산,EV,일반승강기,2,지하,1,지하 1층,[2호기](F1-B2)2번 출입구,,,,
01,수도권,S1,5,5호선,0029,개화산,EV,일반승강기,2,지하,1,지하 1층,[1호기](F1-B2)1번 출입구,,,,
01,수도권,S1,5,5호선,0029,개화산,ELEC,전동휠체어충전설비,2,지하,1,지하 1층,B1 대합실 화장실 옆,,,,
01,수도권,S1,5,5호선,0029,개화산,TOLT,일반화장실(남),2,지하,1,지하 1층,대합실 지하1층 하선E/L 옆 ,1,일반,1,남
01,수도권,S1,5,5호선,0029,개화산,TOLT,일반화장실(여),2,지하,1,지하 1층,대합실 지하1층 하선E/L 옆 ,1,일반,2,여
01,수도권,S1,5,5호선,0029,개화산,TOLT,장애인화장실(남),2,지하,1,지하 1층,대합실 지하1층 하선E/L 옆 ,2,장애인,1,남
01,수도권,S1,5,5호선,0029,개화산,TOLT,장애인화장실(여),2,지하,1,지하 1층,대합실 지하1층 하선E/L 옆 ,2,장애인,2,여
01,수도권,S1,5,5호선,0029,개화산,INFO,고객센터,2,지하,1,지하 1층,B1층 대합실,,,,
01,수도권,S1,5,5호선,0029,개화산,EV,일반승강기,2,지하,2,지하 2층,[1호기]1번출구측(대합실내),,,,
01,수도권,S1,5,5호선,0029,개화산,EV,일반승강기,2,지하,2,지하 2층,[2호기]2번출구측(대합실내),,,,
01,수도권,S1,5,5호선,0099,김포공항,TOLT,일반화장실(남),2,지하,1,지하 1층,"대합실 지하 1층, 1번출입구 옆(지하철경찰센터 옆)",1,일반,1,남
01,수도권,S1,5,5호선,0099,김포공항,TOLT,일반화장실(여),2,지하,1,지하 1층,"대합실 지하 1층, 1번출입구 옆(지하철경찰센터 옆)",1,일반,2,여
01,수도권,S1,5,5호선,0099,김포공항,TOLT,장애인화장실(남),2,지하,1,지하 1층,"대합실 지하 1층, 1번출입구 옆(지하철경찰센터 옆)",2,장애인,1,남
01,수도권,S1,5,5호선,0099,김포공항,TOLT,장애인화장실(여),2,지하,1,지하 1층,"대합실 지하 1층, 1번출입구 옆(지하철경찰센터 옆)",2,장애인,2,여
01,수도권,S1,5,5호선,0099,김포공항,EV,일반승강기,2,지하,2,지하 2층,[1호기]개화산방면6-3,,,,
01,수도권,S1,5,5호선,0099,김포공항,EV,일반승강기,2,지하,2,지하 2층,[2호기]송정방면3-1,,,,
01,수도권,S1,5,5호선,0099,김포공항,TOLT,일반화장실(남),2,지하,2,지하 2층,"대합실 지하 2층,1번출입구 아래(국내선 연결통로 방면)",1,일반,1,남
01,수도권,S1,5,5호선,0099,김포공항,TOLT,일반화장실(여),2,지하,2,지하 2층,"대합실 지하 2층,1번출입구 아래(국내선 연결통로 방면)",1,일반,2,여
01,수도권,S1,5,5호선,0099,김포공항,TOLT,장애인화장실(남),2,지하,2,지하 2층,"대합실 지하 2층,1번출입구 아래(국내선 연결통로 방면)",2,장애인,1,남
01,수도권,S1,5,5호선,0099,김포공항,TOLT,장애인화장실(여),2,지하,2,지하 2층,"대합실 지하 2층,1번출입구 아래(국내선 연결통로 방면)",2,장애인,2,여
01,수도권,S1,5,5호선,0099,김포공항,INFO,고객센터,2,지하,2,지하 2층,B2층 대합실,,,,
01,수도권,S1,5,5호선,0099,김포공항,LARM,수유실,2,지하,2,지하 2층,B2 고객안전실 내부,,,,
01,수도권,S1,5,5호선,0099,김포공항,EV,일반승강기,2,지하,3,지하 3층,[2호기]송정방면3-1,,,,
01,수도권,S1,5,5호선,0099,김포공항,EV,일반승강기,2,지하,3,지하 3층,[1호기]개화산방면6-3,,,,
01,수도권,S1,5,5호선,0330,송정,EV,일반승강기,1,지상,1,지상 1층,[4호기]3번출구측,,,,
01,수도권,S1,5,5호선,0330,송정,EV,일반승강기,1,지상,1,지상 1층,[3호기]2번출구측,,,,
01,수도권,S1,5,5호선,0330,송정,EV,일반승강기,2,지하,1,지하 1층,[4호기]3번출구측,,,,
01,수도권,S1,5,5호선,0330,송정,EV,일반승강기,2,지하,1,지하 1층,[3호기](F1-B2)2번 출입구,,,,
01,수도권,S1,5,5호선,0330,송정,EV,일반승강기,2,지하,2,지하 2층,[3호기]2번출구측,,,,
01,수도권,S1,5,5호선,0330,송정,EV,일반승강기,2,지하,2,지하 2층,[1호기]김포공항방면4-4,,,,
01,수도권,S1,5,5호선,0330,송정,EV,일반승강기,2,지하,2,지하 2층,[2호기]마곡방면4-4,,,,
01,수도권,S1,5,5호선,0330,송정,TOLT,일반화장실(남),2,지하,2,지하 2층,대합실 2층 ES 1호기 앞,1,일반,1,남
01,수도권,S1,5,5호선,0330,송정,TOLT,일반화장실(여),2,지하,2,지하 2층,대합실 2층 ES 1호기 앞,1,일반,2,여
01,수도권,S1,5,5호선,0330,송정,TOLT,장애인화장실(남),2,지하,2,지하 2층,대합실 2층 ES 1호기 앞,2,장애인,1,남
01,수도권,S1,5,5호선,0330,송정,TOLT,장애인화장실(여),2,지하,2,지하 2층,대합실 2층 ES 1호기 앞,2,장애인,2,여
01,수도권,S1,5,5호선,0330,송정,INFO,고객센터,2,지하,2,지하 2층,B2층 대합실,,,,
01,수도권,S1,5,5호선,0330,송정,EV,일반승강기,2,지하,3,지하 3층,[1호기]김포공항방면4-4,,,,
01,수도권,S1,5,5호선,0330,송정,EV,일반승강기,2,지하,3,지하 3층,[2호기]마곡방면4-4,,,,
01,수도권,S1,5,5호선,0177,마곡,EV,일반승강기,1,지상,1,지상 1층,[3호기]1번출구측,,,,
01,수도권,S1,5,5호선,0177,마곡,EV,일반승강기,1,지상,1,지상 1층,"[6호기]4,5번출구사이",,,,
01,수도권,S1,5,5호선,0177,마곡,EV,일반승강기,1,지상,1,지상 1층,[5호기]3번출구측,,,,
01,수도권,S1,5,5호선,0177,마곡,EV,일반승강기,1,지상,1,지상 1층,"[4호기]6,7번출구사이",,,,
01,수도권,S1,5,5호선,0177,마곡,EV,일반승강기,2,지하,1,지하 1층,"[6호기]4,5번출구사이",,,,
01,수도권,S1,5,5호선,0177,마곡,EV,일반승강기,2,지하,1,지하 1층,[5호기]3번출구측,,,,
01,수도권,S1,5,5호선,0177,마곡,EV,일반승강기,2,지하,1,지하 1층,[3호기]1번출구측,,,,
01,수도권,S1,5,5호선,0177,마곡,EV,일반승강기,2,지하,1,지하 1층,"[4호기]6,7번출구사이",,,,
01,수도권,S1,5,5호선,0177,마곡,EV,일반승강기,2,지하,1,지하 1층,[1호기]발산방면5-1,,,,
01,수도권,S1,5,5호선,0177,마곡,EV,일반승강기,2,지하,1,지하 1층,[2호기]송정방면5-1,,,,
01,수도권,S1,5,5호선,0177,마곡,TOLT,일반화장실(남),2,지하,1,지하 1층,지하1층 대합실 2번출입구 하단,1,일반,1,남
01,수도권,S1,5,5호선,0177,마곡,TOLT,일반화장실(여),2,지하,1,지하 1층,지하1층 대합실 2번출입구 하단,1,일반,2,여
01,수도권,S1,5,5호선,0177,마곡,TOLT,장애인화장실(남),2,지하,1,지하 1층,지하1층 대합실 2번출입구 하단,2,장애인,1,남
01,수도권,S1,5,5호선,0177,마곡,TOLT,장애인화장실(여),2,지하,1,지하 1층,지하1층 대합실 2번출입구 하단,2,장애인,2,여
01,수도권,S1,5,5호선,0177,마곡,INFO,고객센터,2,지하,1,지하 1층,B1층 대합실,,,,
01,수도권,S1,5,5호선,0177,마곡,EV,일반승강기,2,지하,2,지하 2층,[1호기]발산방면5-1,,,,
01,수도권,S1,5,5호선,0177,마곡,EV,일반승강기,2,지하,2,지하 2층,[2호기]송정방면5-1,,,,
01,수도권,S1,5,5호선,0217,발산,EV,일반승강기,1,지상,1,지상 1층,[3호기]7번출구측,,,,
01,수도권,S1,5,5호선,0217,발산,EV,일반승강기,2,지하,1,지하 1층,[3호기]7번출구측,,,,
01,수도권,S1,5,5호선,0217,발산,EV,일반승강기,2,지하,1,지하 1층,[2호기]우장산방면4-3,,,,
01,수도권,S1,5,5호선,0217,발산,EV,일반승강기,2,지하,1,지하 1층,[1호기]송정방면5-1,,,,
01,수도권,S1,5,5호선,0217,발산,TOLT,일반화장실(남),2,지하,1,지하 1층,"대합실 1층 1, 9번 출입구 사이",1,일반,1,남
01,수도권,S1,5,5호선,0217,발산,TOLT,일반화장실(여),2,지하,1,지하 1층,"대합실 1층 1, 9번 출입구 사이",1,일반,2,여
01,수도권,S1,5,5호선,0217,발산,TOLT,장애인화장실(남),2,지하,1,지하 1층,"대합실 1층 1, 9번 출입구 사이",2,장애인,1,남
01,수도권,S1,5,5호선,0217,발산,TOLT,장애인화장실(여),2,지하,1,지하 1층,"대합실 1층 1, 9번 출입구 사이",2,장애인,2,여
01,수도권,S1,5,5호선,0217,발산,INFO,고객센터,2,지하,1,지하 1층,B1층 대합실,,,,
01,수도권,S1,5,5호선,0217,발산,EV,일반승강기,2,지하,2,지하 2층,[1호기]송정방면5-1,,,,
01,수도권,S1,5,5호선,0217,발산,EV,일반승강기,2,지하,2,지하 2층,[2호기]우장산방면4-3,,,,
01,수도권,S1,5,5호선,0449,우장산,EV,일반승강기,1,지상,1,지상 1층,[3호기]1번출구측,,,,
01,수도권,S1,5,5호선,0449,우장산,EV,일반승강기,2,지하,1,지하 1층,[3호기]1번출구측,,,,
01,수도권,S1,5,5호선,0449,우장산,EV,일반승강기,2,지하,1,지하 1층,[1호기]발산방면4-2,,,,
01,수도권,S1,5,5호선,0449,우장산,EV,일반승강기,2,지하,1,지하 1층,[2호기]화곡방면5-3,,,,
01,수도권,S1,5,5호선,0449,우장산,TOLT,일반화장실(남),2,지하,1,지하 1층,지하1층 대합실 2번출입구 앞,1,일반,1,남
01,수도권,S1,5,5호선,0449,우장산,TOLT,일반화장실(여),2,지하,1,지하 1층,지하1층 대합실 2번출입구 앞,1,일반,2,여
01,수도권,S1,5,5호선,0449,우장산,TOLT,장애인화장실(남),2,지하,1,지하 1층,지하1층 대합실 2번출입구 앞,2,장애인,1,남
01,수도권,S1,5,5호선,0449,우장산,TOLT,장애인화장실(여),2,지하,1,지하 1층,지하1층 대합실 2번출입구 앞,2,장애인,2,여
01,수도권,S1,5,5호선,0449,우장산,INFO,고객센터,2,지하,1,지하 1층,B1층 대합실,,,,
01,수도권,S1,5,5호선,0449,우장산,LARM,수유실,2,지하,1,지하 1층,B1 고객안전실 앞,,,,
01,수도권,S1,5,5호선,0449,우장산,EV,일반승강기,2,지하,2,지하 2층,[2호기]화곡방면5-3,,,,
01,수도권,S1,5,5호선,0449,우장산,EV,일반승강기,2,지하,2,지하 2층,[1호기]발산방면4-2,,,,
01,수도권,S1,5,5호선,0599,화곡,EV,일반승강기,1,지상,1,지상 1층,[2호기]2번출구측,,,,
01,수도권,S1,5,5호선,0599,화곡,EV,일반승강기,2,지하,1,지하 1층,[2호기]2번출구측,,,,
01,수도권,S1,5,5호선,0599,화곡,EV,일반승강기,2,지하,1,지하 1층,[1호기]까치산방면4-3,,,,
01,수도권,S1,5,5호선,0599,화곡,TOLT,일반화장실(남),2,지하,1,지하 1층,"대합실 1층 7,8번 출입구 앞",1,일반,1,남
01,수도권,S1,5,5호선,0599,화곡,TOLT,일반화장실(여),2,지하,1,지하 1층,"대합실 1층 7,8번 출입구 앞",1,일반,2,여
01,수도권,S1,5,5호선,0599,화곡,TOLT,장애인화장실(남),2,지하,1,지하 1층,"대합실 1층 7,8번 출입구 앞",2,장애인,1,남
01,수도권,S1,5,5호선,0599,화곡,TOLT,장애인화장실(여),2,지하,1,지하 1층,"대합실 1층 7,8번 출입구 앞",2,장애인,2,여
01,수도권,S1,5,5호선,0599,화곡,INFO,고객센터,2,지하,1,지하 1층,B1층 대합실,,,,
01,수도권,S1,5,5호선,0599,화곡,EV,일반승강기,2,지하,2,지하 2층,[1호기]까치산방면4-3,,,,
01,수도권,S1,5,5호선,0100,까치산,EV,일반승강기,1,지상,1,지상 1층,[3호기]고객안전실측,,,,
01,수도권,S1,5,5호선,0100,까치산,EV,일반승강기,2,지하,1,지하 1층,[3호기]고객안전실측,,,,
01,수도권,S1,5,5호선,0100,까치산,EV,일반승강기,2,지하,1,지하 1층,[2호기]내부하선측,,,,
01,수도권,S1,5,5호선,0100,까치산,EV,일반승강기,2,지하,1,지하 1층,[4호기]대합실(지하4층화장실),,,,
01,수도권,S1,5,5호선,0100,까치산,EV,일반승강기,2,지하,1,지하 1층,[1호기]내부상선측,,,,
01,수도권,S1,5,5호선,0100,까치산,WCLF,휠체어리프트,2,지하,1,지하 1층,2번 출구 측,,,,
01,수도권,S1,5,5호선,0100,까치산,TOLT,일반화장실(남),2,지하,1,지하 1층,대합실(지하1층) 1~4번 출입구 앞,1,일반,1,남
01,수도권,S1,5,5호선,0100,까치산,TOLT,일반화장실(여),2,지하,1,지하 1층,대합실(지하1층) 1~4번 출입구 앞,1,일반,2,여
01,수도권,S1,5,5호선,0100,까치산,TOLT,장애인화장실(남),2,지하,1,지하 1층,대합실(지하1층) 1~4번 출입구 앞,2,장애인,1,남
01,수도권,S1,5,5호선,0100,까치산,TOLT,장애인화장실(여),2,지하,1,지하 1층,대합실(지하1층) 1~4번 출입구 앞,2,장애인,2,여
01,수도권,S1,5,5호선,0100,까치산,INFO,고객센터,2,지하,1,지하 1층,B1층 대합실,,,,
01,수도권,S1,5,5호선,0100,까치산,LARM,수유실,2,지하,1,지하 1층,B1 고객안전실 인접,,,,
01,수도권,S1,5,5호선,0100,까치산,EV,일반승강기,2,지하,2,지하 2층,[1호기](B1-B4)지하4층 대합실,,,,
01,수도권,S1,5,5호선,0100,까치산,EV,일반승강기,2,지하,3,지하 3층,[1호기](B1-B4)지하4층 대합실,,,,
01,수도권,S1,5,5호선,0100,까치산,EV,일반승강기,2,지하,4,지하 4층,[4호기]대합실(지하4층화장실),,,,
01,수도권,S1,5,5호선,0100,까치산,EV,일반승강기,2,지하,5,지하 5층,[2호기]내부하선측,,,,
01,수도권,S1,5,5호선,0100,까치산,EV,일반승강기,2,지하,5,지하 5층,[1호기]내부상선측,,,,
01,수도권,S1,5,5호선,0100,까치산,WCLF,휠체어리프트,2,지하,5,지하 5층,2번 출구 측,,,,
01,수도권,S1,5,5호선,0100,까치산,WCLF,휠체어리프트,2,지하,5,지하 5층,화곡 방면1-2,,,,
01,수도권,S1,5,5호선,0372,신정,INFO,고객센터,2,지하,1,지하 1층,B1층 대합실,,,,
01,수도권,S1,5,5호선,0372,신정,EV,일반승강기,2,지하,2,지하 2층,[1호기]까치산방면1-1,,,,
01,수도권,S1,5,5호선,0372,신정,EV,일반승강기,2,지하,2,지하 2층,[2호기]목동방면1-4,,,,
01,수도권,S1,5,5호선,0372,신정,TOLT,일반화장실(남),2,지하,2,지하 2층,"2,3번 출입구 지하 (가)대합실 운임지역 내 ",1,일반,1,남
01,수도권,S1,5,5호선,0372,신정,TOLT,일반화장실(여),2,지하,2,지하 2층,"2,3번 출입구 지하 (가)대합실 운임지역 내 ",1,일반,2,여
01,수도권,S1,5,5호선,0372,신정,TOLT,장애인화장실(남),2,지하,2,지하 2층,"2,3번 출입구 지하 (가)대합실 운임지역 내 ",2,장애인,1,남
01,수도권,S1,5,5호선,0372,신정,TOLT,장애인화장실(여),2,지하,2,지하 2층,"2,3번 출입구 지하 (가)대합실 운임지역 내 ",2,장애인,2,여
01,수도권,S1,5,5호선,0372,신정,EV,일반승강기,2,지하,3,지하 3층,[1호기]까치산방면1-1,,,,
01,수도권,S1,5,5호선,0372,신정,EV,일반승강기,2,지하,3,지하 3층,[2호기]목동방면1-4,,,,
01,수도권,S1,5,5호선,0203,목동,EV,일반승강기,1,지상,1,지상 1층,[3호기]5번출구측,,,,
01,수도권,S1,5,5호선,0203,목동,EV,일반승강기,2,지하,1,지하 1층,[3호기]5번출구측,,,,
01,수도권,S1,5,5호선,0203,목동,EV,일반승강기,2,지하,1,지하 1층,[1호기]신정방면5-1,,,,
01,수도권,S1,5,5호선,0203,목동,EV,일반승강기,2,지하,1,지하 1층,[2호기]오목교방면4-4,,,,
01,수도권,S1,5,5호선,0203,목동,TOLT,일반화장실(남),2,지하,1,지하 1층,대합실 지하1층 7번출입구 옆,1,일반,1,남
01,수도권,S1,5,5호선,0203,목동,TOLT,일반화장실(여),2,지하,1,지하 1층,대합실 지하1층 7번출입구 옆,1,일반,2,여
01,수도권,S1,5,5호선,0203,목동,TOLT,장애인화장실(남),2,지하,1,지하 1층,대합실 지하1층 7번출입구 옆,2,장애인,1,남
01,수도권,S1,5,5호선,0203,목동,TOLT,장애인화장실(여),2,지하,1,지하 1층,대합실 지하1층 7번출입구 옆,2,장애인,2,여
01,수도권,S1,5,5호선,0203,목동,INFO,고객센터,2,지하,1,지하 1층,B1층 대합실,,,,
01,수도권,S1,5,5호선,0203,목동,LARM,수유실,2,지하,1,지하 1층,B1 고객안전실 내부,,,,
01,수도권,S1,5,5호선,0203,목동,EV,일반승강기,2,지하,2,지하 2층,[2호기]오목교방면4-4,,,,
01,수도권,S1,5,5호선,0203,목동,EV,일반승강기,2,지하,2,지하 2층,[1호기]신정방면5-1,,,,
01,수도권,S1,5,5호선,0429,오목교,EV,일반승강기,1,지상,1,지상 1층,[3호기]7번출구측,,,,
01,수도권,S1,5,5호선,0429,오목교,EV,일반승강기,2,지하,1,지하 1층,[3호기]7번출구측,,,,
01,수도권,S1,5,5호선,0429,오목교,EV,일반승강기,2,지하,1,지하 1층,[1호기]목동방면7-1,,,,
01,수도권,S1,5,5호선,0429,오목교,EV,일반승강기,2,지하,1,지하 1층,[2호기]양평방면2-4,,,,
01,수도권,S1,5,5호선,0429,오목교,TOLT,일반화장실(남),2,지하,1,지하 1층,대합실 B1층 3번 출입구 방향 임대상가 옆,1,일반,1,남
01,수도권,S1,5,5호선,0429,오목교,TOLT,일반화장실(여),2,지하,1,지하 1층,대합실 B1층 3번 출입구 방향 임대상가 옆,1,일반,2,여
01,수도권,S1,5,5호선,0429,오목교,TOLT,장애인화장실(남),2,지하,1,지하 1층,대합실 B1층 3번 출입구 방향 임대상가 옆,2,장애인,1,남
01,수도권,S1,5,5호선,0429,오목교,TOLT,장애인화장실(여),2,지하,1,지하 1층,대합실 B1층 3번 출입구 방향 임대상가 옆,2,장애인,2,여
01,수도권,S1,5,5호선,0429,오목교,EV,일반승강기,2,지하,2,지하 2층,[1호기](B1-B3) 승강장,,,,
01,수도권,S1,5,5호선,0429,오목교,EV,일반승강기,2,지하,2,지하 2층,[2호기](B1-B3) 승강장,,,,
01,수도권,S1,5,5호선,0429,오목교,INFO,고객센터,2,지하,2,지하 2층,B2층 대합실,,,,
01,수도권,S1,5,5호선,0429,오목교,EV,일반승강기,2,지하,3,지하 3층,[2호기]양평방면2-4,,,,
01,수도권,S1,5,5호선,0429,오목교,EV,일반승강기,2,지하,3,지하 3층,[1호기]목동방면7-1,,,,
01,수도권,S1,5,5호선,0316,양평,EV,일반승강기,1,지상,1,지상 1층,[3호기]2번출구측,,,,
01,수도권,S1,5,5호선,0316,양평,EV,일반승강기,2,지하,1,지하 1층,[3호기]2번출구측,,,,
01,수도권,S1,5,5호선,0316,양평,EV,일반승강기,2,지하,1,지하 1층,[1호기]오목교방면3-2,,,,
01,수도권,S1,5,5호선,0316,양평,TOLT,일반화장실(남),2,지하,1,지하 1층,b1층 고객상담실 옆. 운임지역내,1,일반,1,남
01,수도권,S1,5,5호선,0316,양평,TOLT,일반화장실(여),2,지하,1,지하 1층,b1층 고객상담실 옆. 운임지역내,1,일반,2,여
01,수도권,S1,5,5호선,0316,양평,TOLT,장애인화장실(남),2,지하,1,지하 1층,b1층 고객상담실 옆. 운임지역내,2,장애인,1,남
01,수도권,S1,5,5호선,0316,양평,TOLT,장애인화장실(여),2,지하,1,지하 1층,b1층 고객상담실 옆. 운임지역내,2,장애인,2,여
01,수도권,S1,5,5호선,0316,양평,INFO,고객센터,2,지하,1,지하 1층,B1층 대합실,,,,
01,수도권,S1,5,5호선,0316,양평,EV,일반승강기,2,지하,2,지하 2층,[1호기](B1-B5) 승강장,,,,
01,수도권,S1,5,5호선,0316,양평,EV,일반승강기,2,지하,3,지하 3층,[1호기](B1-B5) 승강장,,,,
01,수도권,S1,5,5호선,0316,양평,EV,일반승강기,2,지하,4,지하 4층,[1호기](B1-B5) 승강장,,,,
01,수도권,S1,5,5호선,0316,양평,EV,일반승강기,2,지하,4,지하 4층,[2호기]영등포구청방면6-3,,,,
01,수도권,S1,5,5호선,0316,양평,EV,일반승강기,2,지하,5,지하 5층,[1호기]오목교방면3-2,,,,
01,수도권,S1,5,5호선,0316,양평,EV,일반승강기,2,지하,5,지하 5층,[2호기]영등포구청방면6-3,,,,
01,수도권,S1,5,5호선,0421,영등포구청,EV,일반승강기,1,지상,1,지상 1층,"[1호기]6,7번출구사이(공영주차장입구)",,,,
01,수도권,S1,5,5호선,0421,영등포구청,EV,일반승강기,2,지하,1,지하 1층,[1호기](F1-B5) 승강장,,,,
01,수도권,S1,5,5호선,0421,영등포구청,TOLT,일반화장실(남),2,지하,1,지하 1층,대합실 지하1층 7번출입구 방면,1,일반,1,남
01,수도권,S1,5,5호선,0421,영등포구청,TOLT,일반화장실(여),2,지하,1,지하 1층,대합실 지하1층 7번출입구 방면,1,일반,2,여
01,수도권,S1,5,5호선,0421,영등포구청,TOLT,장애인화장실(남),2,지하,1,지하 1층,대합실 지하1층 7번출입구 방면,2,장애인,1,남
01,수도권,S1,5,5호선,0421,영등포구청,TOLT,장애인화장실(여),2,지하,1,지하 1층,대합실 지하1층 7번출입구 방면,2,장애인,2,여
01,수도권,S1,5,5호선,0421,영등포구청,EV,일반승강기,2,지하,2,지하 2층,[1호기](F1-B5) 승강장,,,,
01,수도권,S1,5,5호선,0421,영등포구청,EV,일반승강기,2,지하,3,지하 3층,[1호기](F1-B5) 승강장,,,,
01,수도권,S1,5,5호선,0421,영등포구청,EV,일반승강기,2,지하,4,지하 4층,[1호기](F1-B5) 승강장,,,,
01,수도권,S1,5,5호선,0421,영등포구청,EV,일반승강기,2,지하,4,지하 4층,[2호기]영등포시장방면5-4,,,,
01,수도권,S1,5,5호선,0421,영등포구청,EV,일반승강기,2,지하,4,지하 4층,[3호기]양평방면8-4,,,,
01,수도권,S1,5,5호선,0421,영등포구청,EV,일반승강기,2,지하,4,지하 4층,[4호기]영등포시장방면1-1,,,,
01,수도권,S1,5,5호선,0421,영등포구청,WCLF,휠체어리프트,2,지하,4,지하 4층,영등포시장 방면2-3,,,,
01,수도권,S1,5,5호선,0421,영등포구청,INFO,고객센터,2,지하,4,지하 4층,B4층 대합실,,,,
01,수도권,S1,5,5호선,0421,영등포구청,LARM,수유실,2,지하,4,지하 4층,B4 고객안전실 내부,,,,
01,수도권,S1,5,5호선,0421,영등포구청,EV,일반승강기,2,지하,5,지하 5층,[3호기]양평방면8-4,,,,
01,수도권,S1,5,5호선,0421,영등포구청,EV,일반승강기,2,지하,5,지하 5층,[2호기]영등포시장방면5-4,,,,
01,수도권,S1,5,5호선,0421,영등포구청,EV,일반승강기,2,지하,5,지하 5층,"[1호기]6,7번출구사이(공영주차장입구)",,,,
01,수도권,S1,5,5호선,0421,영등포구청,EV,일반승강기,2,지하,5,지하 5층,[4호기]영등포시장방면1-1,,,,
01,수도권,S1,5,5호선,0422,영등포시장,EV,일반승강기,1,지상,1,지상 1층,[3호기]2번출구측,,,,
01,수도권,S1,5,5호선,0422,영등포시장,EV,일반승강기,2,지하,1,지하 1층,[3호기]2번출구측,,,,
01,수도권,S1,5,5호선,0422,영등포시장,EV,일반승강기,2,지하,1,지하 1층,[2호기]신길방면5-2,,,,
01,수도권,S1,5,5호선,0422,영등포시장,TOLT,일반화장실(남),2,지하,1,지하 1층,"대합실 1층  2, 3번출입구 앞 ",1,일반,1,남
01,수도권,S1,5,5호선,0422,영등포시장,TOLT,일반화장실(여),2,지하,1,지하 1층,"대합실 1층  2, 3번출입구 앞 ",1,일반,2,여
01,수도권,S1,5,5호선,0422,영등포시장,TOLT,장애인화장실(남),2,지하,1,지하 1층,"대합실 1층  2, 3번출입구 앞 ",2,장애인,1,남
01,수도권,S1,5,5호선,0422,영등포시장,TOLT,장애인화장실(여),2,지하,1,지하 1층,"대합실 1층  2, 3번출입구 앞 ",2,장애인,2,여
01,수도권,S1,5,5호선,0422,영등포시장,EV,일반승강기,2,지하,2,지하 2층,[2호기](B1-B6) 승강장,,,,
01,수도권,S1,5,5호선,0422,영등포시장,EV,일반승강기,2,지하,3,지하 3층,[2호기](B1-B6) 승강장,,,,
01,수도권,S1,5,5호선,0422,영등포시장,INFO,고객센터,2,지하,3,지하 3층,B3층 대합실,,,,
01,수도권,S1,5,5호선,0422,영등포시장,EV,일반승강기,2,지하,4,지하 4층,[2호기](B1-B6) 승강장,,,,
01,수도권,S1,5,5호선,0422,영등포시장,EV,일반승강기,2,지하,5,지하 5층,[2호기](B1-B6) 승강장,,,,
01,수도권,S1,5,5호선,0422,영등포시장,EV,일반승강기,2,지하,5,지하 5층,[1호기]영등포구청방면4-3,,,,
01,수도권,S1,5,5호선,0422,영등포시장,EV,일반승강기,2,지하,6,지하 6층,[2호기]신길방면5-2,,,,
01,수도권,S1,5,5호선,0422,영등포시장,EV,일반승강기,2,지하,6,지하 6층,[1호기]영등포구청방면4-3,,,,
01,수도권,S1,5,5호선,0351,신길,EV,일반승강기,1,지상,1,지상 1층,[3호기]3번출구측,,,,
01,수도권,S1,5,5호선,0351,신길,EV,일반승강기,2,지하,1,지하 1층,[3호기](F1-B2)3번 출입구,,,,
01,수도권,S1,5,5호선,0351,신길,EV,일반승강기,2,지하,1,지하 1층,[6호기]환승통로(1호선),,,,
01,수도권,S1,5,5호선,0351,신길,EV,일반승강기,2,지하,2,지하 2층,[3호기]3번출구측,,,,
01,수도권,S1,5,5호선,0351,신길,EV,일반승강기,2,지하,2,지하 2층,[6호기](B3-B1) (B3)환승통로 대합실 (B1)환승통로 대합실,,,,
01,수도권,S1,5,5호선,0351,신길,EV,일반승강기,2,지하,3,지하 3층,[6호기]환승통로(1호선),,,,
01,수도권,S1,5,5호선,0351,신길,EV,일반승강기,2,지하,3,지하 3층,[1호기]영등포시장방면5-3,,,,
01,수도권,S1,5,5호선,0351,신길,EV,일반승강기,2,지하,3,지하 3층,[5호기]영등포시장방면8-4,,,,
01,수도권,S1,5,5호선,0351,신길,EV,일반승강기,2,지하,3,지하 3층,[4호기]여의도방면1-1,,,,
01,수도권,S1,5,5호선,0351,신길,EV,일반승강기,2,지하,3,지하 3층,[2호기]여의도방면4-2,,,,
01,수도권,S1,5,5호선,0351,신길,TOLT,일반화장실(남),2,지하,3,지하 3층,대합실(B3) 3번출입구 앞,1,일반,1,남
01,수도권,S1,5,5호선,0351,신길,TOLT,일반화장실(여),2,지하,3,지하 3층,대합실(B3) 3번출입구 앞,1,일반,2,여
01,수도권,S1,5,5호선,0351,신길,TOLT,장애인화장실(남),2,지하,3,지하 3층,대합실(B3) 3번출입구 앞,2,장애인,1,남
01,수도권,S1,5,5호선,0351,신길,TOLT,장애인화장실(여),2,지하,3,지하 3층,대합실(B3) 3번출입구 앞,2,장애인,2,여
01,수도권,S1,5,5호선,0351,신길,INFO,고객센터,2,지하,3,지하 3층,B3층 대합실,,,,
01,수도권,S1,5,5호선,0351,신길,LARM,수유실,2,지하,3,지하 3층,B3 고객안전실 내부,,,,
01,수도권,S1,5,5호선,0351,신길,EV,일반승강기,2,지하,4,지하 4층,[4호기]여의도방면1-1,,,,
01,수도권,S1,5,5호선,0351,신길,EV,일반승강기,2,지하,4,지하 4층,[2호기]여의도방면4-2,,,,
01,수도권,S1,5,5호선,0351,신길,EV,일반승강기,2,지하,4,지하 4층,[1호기]영등포시장방면5-3,,,,
01,수도권,S1,5,5호선,0351,신길,EV,일반승강기,2,지하,4,지하 4층,[5호기]영등포시장방면8-4,,,,
01,수도권,S1,5,5호선,0412,여의도,EV,일반승강기,2,지하,1,지하 1층,[1호기]신길방면6-4,,,,
01,수도권,S1,5,5호선,0412,여의도,EV,일반승강기,2,지하,1,지하 1층,[2호기]여의나루방면6-4,,,,
01,수도권,S1,5,5호선,0412,여의도,TOLT,일반화장실(남),2,지하,1,지하 1층,대합실1층  (가) 표 내는 곳 옆,1,일반,1,남
01,수도권,S1,5,5호선,0412,여의도,TOLT,일반화장실(여),2,지하,1,지하 1층,대합실1층  (가) 표 내는 곳 옆,1,일반,2,여
01,수도권,S1,5,5호선,0412,여의도,TOLT,장애인화장실(남),2,지하,1,지하 1층,대합실1층  (가) 표 내는 곳 옆,2,장애인,1,남
01,수도권,S1,5,5호선,0412,여의도,TOLT,장애인화장실(여),2,지하,1,지하 1층,대합실1층  (가) 표 내는 곳 옆,2,장애인,2,여
01,수도권,S1,5,5호선,0412,여의도,INFO,고객센터,2,지하,1,지하 1층,B1층 대합실,,,,
01,수도권,S1,5,5호선,0412,여의도,LARM,수유실,2,지하,1,지하 1층,B1 대합실중앙 안내센터 내부,,,,
01,수도권,S1,5,5호선,0412,여의도,EV,일반승강기,2,지하,2,지하 2층,[2호기](B1-B4) 승강장,,,,
01,수도권,S1,5,5호선,0412,여의도,EV,일반승강기,2,지하,2,지하 2층,[1호기](B1-B4) 승강장,,,,
01,수도권,S1,5,5호선,0412,여의도,EV,일반승강기,2,지하,3,지하 3층,[2호기](B1-B4) 승강장,,,,
01,수도권,S1,5,5호선,0412,여의도,EV,일반승강기,2,지하,3,지하 3층,[1호기](B1-B4) 승강장,,,,
01,수도권,S1,5,5호선,0412,여의도,EV,일반승강기,2,지하,4,지하 4층,[1호기]신길방면6-4,,,,
01,수도권,S1,5,5호선,0412,여의도,EV,일반승강기,2,지하,4,지하 4층,[2호기]여의나루방면6-4,,,,
01,수도권,S1,5,5호선,0411,여의나루,EV,일반승강기,1,지상,1,지상 1층,[3호기]4번출구측,,,,
01,수도권,S1,5,5호선,0411,여의나루,EV,일반승강기,2,지하,0.5,지하 0.5층,[3호기]4번출구측,,,,
01,수도권,S1,5,5호선,0411,여의나루,EV,일반승강기,2,지하,0.5,지하 0.5층,[2호기]대합실(지하2층),,,,
01,수도권,S1,5,5호선,0411,여의나루,EV,일반승강기,2,지하,1,지하 1층,[2호기]대합실(지하2층),,,,
01,수도권,S1,5,5호선,0411,여의나루,EV,일반승강기,2,지하,1,지하 1층,"[1호기]여의도방면6-2,마포방면3-3",,,,
01,수도권,S1,5,5호선,0411,여의나루,TOLT,일반화장실(남),2,지하,1,지하 1층,지하1층 대합실 비운임지역 ES옆,1,일반,1,남
01,수도권,S1,5,5호선,0411,여의나루,TOLT,일반화장실(여),2,지하,1,지하 1층,지하1층 대합실 비운임지역 ES옆,1,일반,2,여
01,수도권,S1,5,5호선,0411,여의나루,TOLT,장애인화장실(남),2,지하,1,지하 1층,지하1층 대합실 비운임지역 ES옆,2,장애인,1,남
01,수도권,S1,5,5호선,0411,여의나루,TOLT,장애인화장실(여),2,지하,1,지하 1층,지하1층 대합실 비운임지역 ES옆,2,장애인,2,여
01,수도권,S1,5,5호선,0411,여의나루,EV,일반승강기,2,지하,2,지하 2층,[1호기](B1-B5)승강장,,,,
01,수도권,S1,5,5호선,0411,여의나루,LARM,수유실,2,지하,2,지하 2층,B2 고객안전실 내부,,,,
01,수도권,S1,5,5호선,0411,여의나루,EV,일반승강기,2,지하,3,지하 3층,[1호기](B1-B5)승강장,,,,
01,수도권,S1,5,5호선,0411,여의나루,INFO,고객센터,2,지하,3,지하 3층,B3층 대합실,,,,
01,수도권,S1,5,5호선,0411,여의나루,EV,일반승강기,2,지하,4,지하 4층,[1호기](B1-B5)승강장,,,,
01,수도권,S1,5,5호선,0411,여의나루,EV,일반승강기,2,지하,5,지하 5층,"[1호기]여의도방면6-2,마포방면3-3",,,,
01,수도권,S1,5,5호선,0185,마포,EV,일반승강기,1,지상,1,지상 1층,[2호기]2번출구측,,,,
01,수도권,S1,5,5호선,0185,마포,EV,일반승강기,2,지하,1,지하 1층,[2호기]2번출구측,,,,
01,수도권,S1,5,5호선,0185,마포,EV,일반승강기,2,지하,1,지하 1층,"[1호기]여의나루방면5-1,공덕방면4-4",,,,
01,수도권,S1,5,5호선,0185,마포,TOLT,일반화장실(남),2,지하,1,지하 1층,대합실 1층 토니모리좌측,1,일반,1,남
01,수도권,S1,5,5호선,0185,마포,TOLT,일반화장실(여),2,지하,1,지하 1층,대합실 1층 토니모리좌측,1,일반,2,여
01,수도권,S1,5,5호선,0185,마포,TOLT,장애인화장실(남),2,지하,1,지하 1층,대합실 1층 토니모리좌측,2,장애인,1,남
01,수도권,S1,5,5호선,0185,마포,TOLT,장애인화장실(여),2,지하,1,지하 1층,대합실 1층 토니모리좌측,2,장애인,2,여
01,수도권,S1,5,5호선,0185,마포,INFO,고객센터,2,지하,1,지하 1층,B1층 대합실,,,,
01,수도권,S1,5,5호선,0185,마포,EV,일반승강기,2,지하,2,지하 2층,[1호기](B1-B5)승강장,,,,
01,수도권,S1,5,5호선,0185,마포,EV,일반승강기,2,지하,3,지하 3층,[1호기](B1-B5)승강장,,,,
01,수도권,S1,5,5호선,0185,마포,EV,일반승강기,2,지하,4,지하 4층,[1호기](B1-B5)승강장,,,,
01,수도권,S1,5,5호선,0185,마포,EV,일반승강기,2,지하,5,지하 5층,"[1호기]여의나루방면5-1,공덕방면4-4",,,,
01,수도권,S1,5,5호선,0054,공덕,EV,일반승강기,1,지상,1,지상 1층,[2호기]2번출구측,,,,
01,수도권,S1,5,5호선,0054,공덕,EV,일반승강기,2,지하,1,지하 1층,[2호기]2번출구측,,,,
01,수도권,S1,5,5호선,0054,공덕,EV,일반승강기,2,지하,1,지하 1층,[1호기]환승통로(6호선),,,,
01,수도권,S1,5,5호선,0054,공덕,ELEC,전동휠체어충전설비,2,지하,1,지하 1층,5번 출구와 외부 엘리베이터의 가운데(15m) 지점,,,,
01,수도권,S1,5,5호선,0054,공덕,TOLT,일반화장실(남),2,지하,1,지하 1층, 대합실 1층 3번출입구 앞,1,일반,1,남
01,수도권,S1,5,5호선,0054,공덕,TOLT,일반화장실(여),2,지하,1,지하 1층, 대합실 1층 3번출입구 앞,1,일반,2,여
01,수도권,S1,5,5호선,0054,공덕,TOLT,장애인화장실(남),2,지하,1,지하 1층, 대합실 1층 3번출입구 앞,2,장애인,1,남
01,수도권,S1,5,5호선,0054,공덕,TOLT,장애인화장실(여),2,지하,1,지하 1층, 대합실 1층 3번출입구 앞,2,장애인,2,여
01,수도권,S1,5,5호선,0054,공덕,INFO,고객센터,2,지하,1,지하 1층,B1층 대합실,,,,
01,수도권,S1,5,5호선,0054,공덕,LARM,수유실,2,지하,1,지하 1층,B1 고객안전실 인접,,,,
01,수도권,S1,5,5호선,0054,공덕,EV,일반승강기,2,지하,2,지하 2층,[1호기](B1-B3)승강장,,,,
01,수도권,S1,5,5호선,0054,공덕,EV,일반승강기,2,지하,3,지하 3층,[1호기]환승통로(6호선),,,,
01,수도권,S1,5,5호선,0394,애오개,EV,일반승강기,1,지상,1,지상 1층,[5호기]3번출구측,,,,
01,수도권,S1,5,5호선,0394,애오개,EV,일반승강기,1,지상,1,지상 1층,[4호기]2번출구측,,,,
01,수도권,S1,5,5호선,0394,애오개,EV,일반승강기,2,지하,1,지하 1층,[5호기]3번출구측,,,,
01,수도권,S1,5,5호선,0394,애오개,EV,일반승강기,2,지하,1,지하 1층,[4호기]2번출구측,,,,
01,수도권,S1,5,5호선,0394,애오개,EV,일반승강기,2,지하,1,지하 1층,[3호기]대합실(지하3층),,,,
01,수도권,S1,5,5호선,0394,애오개,ELEC,전동휠체어충전설비,2,지하,1,지하 1층,B1층 대합실 아이센터 맞은편 벽면,,,,
01,수도권,S1,5,5호선,0394,애오개,TOLT,일반화장실(남),2,지하,1,지하 1층,대합실 1층 표 내는 곳 통과 후좌측,1,일반,1,남
01,수도권,S1,5,5호선,0394,애오개,TOLT,일반화장실(여),2,지하,1,지하 1층,대합실 1층 표 내는 곳 통과 후좌측,1,일반,2,여
01,수도권,S1,5,5호선,0394,애오개,TOLT,장애인화장실(남),2,지하,1,지하 1층,대합실 1층 표 내는 곳 통과 후좌측,2,장애인,1,남
01,수도권,S1,5,5호선,0394,애오개,TOLT,장애인화장실(여),2,지하,1,지하 1층,대합실 1층 표 내는 곳 통과 후좌측,2,장애인,2,여
01,수도권,S1,5,5호선,0394,애오개,INFO,고객센터,2,지하,1,지하 1층,B1층 대합실,,,,
01,수도권,S1,5,5호선,0394,애오개,EV,일반승강기,2,지하,2,지하 2층,[3호기](B1-B3)지하3층 대합실,,,,
01,수도권,S1,5,5호선,0394,애오개,EV,일반승강기,2,지하,3,지하 3층,[3호기]대합실(지하3층),,,,
01,수도권,S1,5,5호선,0394,애오개,EV,일반승강기,2,지하,3,지하 3층,[1호기]공덕방면4-4,,,,
01,수도권,S1,5,5호선,0394,애오개,EV,일반승강기,2,지하,3,지하 3층,[2호기]충정로방면5-1,,,,
01,수도권,S1,5,5호선,0394,애오개,EV,일반승강기,2,지하,4,지하 4층,[1호기]공덕방면4-4,,,,
01,수도권,S1,5,5호선,0394,애오개,EV,일반승강기,2,지하,4,지하 4층,[2호기]충정로방면5-1,,,,
01,수도권,S1,5,5호선,0564,충정로,EV,일반승강기,1,지상,1,지상 1층,[2호기]8번출구측,,,,
01,수도권,S1,5,5호선,0564,충정로,EV,일반승강기,2,지하,1,지하 1층,[2호기]8번출구측,,,,
01,수도권,S1,5,5호선,0564,충정로,EV,일반승강기,2,지하,1,지하 1층,"[1호기]애오개방면3-3,서대문방면6-2",,,,
01,수도권,S1,5,5호선,0564,충정로,TOLT,일반화장실(남),2,지하,1,지하 1층,대합실 B1층 8번출입구 방향  i센터 맞은 편,1,일반,1,남
01,수도권,S1,5,5호선,0564,충정로,TOLT,일반화장실(여),2,지하,1,지하 1층,대합실 B1층 8번출입구 방향  i센터 맞은 편,1,일반,2,여
01,수도권,S1,5,5호선,0564,충정로,TOLT,장애인화장실(남),2,지하,1,지하 1층,대합실 B1층 8번출입구 방향  i센터 맞은 편,2,장애인,1,남
01,수도권,S1,5,5호선,0564,충정로,TOLT,장애인화장실(여),2,지하,1,지하 1층,대합실 B1층 8번출입구 방향  i센터 맞은 편,2,장애인,2,여
01,수도권,S1,5,5호선,0564,충정로,INFO,고객센터,2,지하,1,지하 1층,B1층 대합실,,,,
01,수도권,S1,5,5호선,0564,충정로,LARM,수유실,2,지하,1,지하 1층,B1 고객안전실 내부,,,,
01,수도권,S1,5,5호선,0564,충정로,EV,일반승강기,2,지하,2,지하 2층,[1호기](B1-B5)승강장,,,,
01,수도권,S1,5,5호선,0564,충정로,ELEC,전동휠체어충전설비,2,지하,2,지하 2층,B2층 5호선→2호선 환승통로 입구 우측 벽면 3m 지점,,,,
01,수도권,S1,5,5호선,0564,충정로,EV,일반승강기,2,지하,3,지하 3층,[1호기](B1-B5)승강장,,,,
01,수도권,S1,5,5호선,0564,충정로,EV,일반승강기,2,지하,4,지하 4층,[1호기](B1-B5)승강장,,,,
01,수도권,S1,5,5호선,0564,충정로,EV,일반승강기,2,지하,5,지하 5층,"[1호기]애오개방면3-3,서대문방면6-2",,,,
01,수도권,S1,5,5호선,0289,서대문,EV,일반승강기,1,지상,1,지상 1층,"[3호기]5,6번출구사이",,,,
01,수도권,S1,5,5호선,0289,서대문,EV,일반승강기,1,지상,1,지상 1층,[2호기]2번출구측,,,,
01,수도권,S1,5,5호선,0289,서대문,EV,일반승강기,2,지하,0.5,지하 0.5층,"[3호기]5,6번출구사이",,,,
01,수도권,S1,5,5호선,0289,서대문,EV,일반승강기,2,지하,1,지하 1층,[2호기]2번출구측,,,,
01,수도권,S1,5,5호선,0289,서대문,EV,일반승강기,2,지하,1,지하 1층,"[1호기]충정로방면3-2,광화문방면6-3",,,,
01,수도권,S1,5,5호선,0289,서대문,ELEC,전동휠체어충전설비,2,지하,1,지하 1층,"지하1층 3,4번출구 방면",,,,
01,수도권,S1,5,5호선,0289,서대문,TOLT,일반화장실(남),2,지하,1,지하 1층,"지하1층 대합실 1, 2번 출입구 내려와서 왼쪽편",1,일반,1,남
01,수도권,S1,5,5호선,0289,서대문,TOLT,일반화장실(여),2,지하,1,지하 1층,"지하1층 대합실 1, 2번 출입구 내려와서 왼쪽편",1,일반,2,여
01,수도권,S1,5,5호선,0289,서대문,TOLT,장애인화장실(남),2,지하,1,지하 1층,"지하1층 대합실 1, 2번 출입구 내려와서 왼쪽편",2,장애인,1,남
01,수도권,S1,5,5호선,0289,서대문,TOLT,장애인화장실(여),2,지하,1,지하 1층,"지하1층 대합실 1, 2번 출입구 내려와서 왼쪽편",2,장애인,2,여
01,수도권,S1,5,5호선,0289,서대문,INFO,고객센터,2,지하,1,지하 1층,B1층 대합실,,,,
01,수도권,S1,5,5호선,0289,서대문,EV,일반승강기,2,지하,2,지하 2층,[1호기](B1-B4)승강장,,,,
01,수도권,S1,5,5호선,0289,서대문,EV,일반승강기,2,지하,3,지하 3층,[1호기](B1-B4)승강장,,,,
01,수도권,S1,5,5호선,0289,서대문,EV,일반승강기,2,지하,4,지하 4층,"[1호기]충정로방면3-2,광화문방면6-3",,,,
01,수도권,S1,5,5호선,0066,광화문,EV,일반승강기,1,지상,1,지상 1층,"[1호기]서대문방면1-1,종로3가방면8-4",,,,
01,수도권,S1,5,5호선,0066,광화문,EV,일반승강기,2,지하,1,지하 1층,[1호기](F1-B2)1번 출입구,,,,
01,수도권,S1,5,5호선,0066,광화문,ELEC,전동휠체어충전설비,2,지하,1,지하 1층,"B1층 1,8번 출구방향 계단 밑 10m 지점",,,,
01,수도권,S1,5,5호선,0066,광화문,TOLT,일반화장실(남),2,지하,1,지하 1층,세종측 대합실 지하1층,1,일반,1,남
01,수도권,S1,5,5호선,0066,광화문,TOLT,일반화장실(여),2,지하,1,지하 1층,세종측 대합실 지하1층,1,일반,2,여
01,수도권,S1,5,5호선,0066,광화문,TOLT,장애인화장실(남),2,지하,1,지하 1층,세종측 대합실 지하1층,2,장애인,1,남
01,수도권,S1,5,5호선,0066,광화문,TOLT,장애인화장실(여),2,지하,1,지하 1층,세종측 대합실 지하1층,2,장애인,2,여
01,수도권,S1,5,5호선,0066,광화문,EV,일반승강기,2,지하,2,지하 2층,"[1호기]서대문방면1-1,종로3가방면8-4",,,,
01,수도권,S1,5,5호선,0066,광화문,EV,일반승강기,2,지하,2,지하 2층,[2호기]8번출구측,,,,
01,수도권,S1,5,5호선,0066,광화문,INFO,고객센터,2,지하,2,지하 2층,B2층 대합실,,,,
01,수도권,S1,5,5호선,0066,광화문,LARM,수유실,2,지하,2,지하 2층,B2 고객안전실 옆,,,,
01,수도권,S1,5,5호선,0066,광화문,EV,일반승강기,2,지하,3,지하 3층,[2호기](B4 - B2) (B4)서대문역방향 승강장1-1 (B2)표내는곳 안쪽,,,,
01,수도권,S1,5,5호선,0066,광화문,EV,일반승강기,2,지하,4,지하 4층,[2호기]8번출구측,,,,
01,수도권,S1,5,5호선,0515,종로3가,EV,일반승강기,2,지하,1,지하 1층,"[1호기]환승통로(1,3호선)",,,,
01,수도권,S1,5,5호선,0515,종로3가,TOLT,일반화장실(남),2,지하,1,지하 1층,(대합실 지하1층 역무실 맞은편),1,일반,1,남
01,수도권,S1,5,5호선,0515,종로3가,TOLT,일반화장실(여),2,지하,1,지하 1층,(대합실 지하1층 역무실 맞은편),1,일반,2,여
01,수도권,S1,5,5호선,0515,종로3가,TOLT,장애인화장실(남),2,지하,1,지하 1층,(대합실 지하1층 역무실 맞은편),2,장애인,1,남
01,수도권,S1,5,5호선,0515,종로3가,TOLT,장애인화장실(여),2,지하,1,지하 1층,(대합실 지하1층 역무실 맞은편),2,장애인,2,여
01,수도권,S1,5,5호선,0515,종로3가,INFO,고객센터,2,지하,1,지하 1층,B1층 대합실,,,,
01,수도권,S1,5,5호선,0515,종로3가,EV,일반승강기,2,지하,2,지하 2층,[1호기](B1-B4)지하4층 대합실,,,,
01,수도권,S1,5,5호선,0515,종로3가,EV,일반승강기,2,지하,3,지하 3층,[1호기](B1-B4)지하4층 대합실,,,,
01,수도권,S1,5,5호선,0515,종로3가,EV,일반승강기,2,지하,4,지하 4층,[2호기]광화문방면(8-4),,,,
01,수도권,S1,5,5호선,0515,종로3가,EV,일반승강기,2,지하,4,지하 4층,"[1호기]환승통로(1,3호선)",,,,
01,수도권,S1,5,5호선,0515,종로3가,EV,일반승강기,2,지하,5,지하 5층,[2호기]광화문방면(8-4),,,,
01,수도권,S1,5,5호선,0465,을지로4가,EV,일반승강기,2,지하,1,지하 1층,[1호기]환승통로(2호선시청방향),,,,
01,수도권,S1,5,5호선,0465,을지로4가,TOLT,일반화장실(남),2,지하,1,지하 1층,"대합실 B1층, 
B2층 내려가는 계단 앞",1,일반,1,남
01,수도권,S1,5,5호선,0465,을지로4가,TOLT,일반화장실(여),2,지하,1,지하 1층,"대합실 B1층, 
B2층 내려가는 계단 앞",1,일반,2,여
01,수도권,S1,5,5호선,0465,을지로4가,TOLT,장애인화장실(남),2,지하,1,지하 1층,"대합실 B1층, 
B2층 내려가는 계단 앞",2,장애인,1,남
01,수도권,S1,5,5호선,0465,을지로4가,TOLT,장애인화장실(여),2,지하,1,지하 1층,"대합실 B1층, 
B2층 내려가는 계단 앞",2,장애인,2,여
01,수도권,S1,5,5호선,0465,을지로4가,EV,일반승강기,2,지하,2,지하 2층,[1호기](B1-B5)승강장,,,,
01,수도권,S1,5,5호선,0465,을지로4가,INFO,고객센터,2,지하,2,지하 2층,B2층 대합실,,,,
01,수도권,S1,5,5호선,0465,을지로4가,EV,일반승강기,2,지하,3,지하 3층,[1호기](B1-B5)승강장,,,,
01,수도권,S1,5,5호선,0465,을지로4가,EV,일반승강기,2,지하,4,지하 4층,[1호기](B1-B5)승강장,,,,
01,수도권,S1,5,5호선,0465,을지로4가,EV,일반승강기,2,지하,5,지하 5층,[1호기]환승통로(2호선시청방향),,,,
01,수도권,S1,5,5호선,0156,동대문역사문화공원,EV,일반승강기,2,지하,1,지하 1층,"[2호기]환승통로(2,4호선)",,,,
01,수도권,S1,5,5호선,0156,동대문역사문화공원,EV,일반승강기,2,지하,1,지하 1층,"[1호기]대합실(6,7번출구사이)",,,,
01,수도권,S1,5,5호선,0156,동대문역사문화공원,TOLT,일반화장실(남),2,지하,1,지하 1층,지하1층,1,일반,1,남
01,수도권,S1,5,5호선,0156,동대문역사문화공원,TOLT,일반화장실(여),2,지하,1,지하 1층,지하1층,1,일반,2,여
01,수도권,S1,5,5호선,0156,동대문역사문화공원,TOLT,장애인화장실(남),2,지하,1,지하 1층,지하1층,2,장애인,1,남
01,수도권,S1,5,5호선,0156,동대문역사문화공원,TOLT,장애인화장실(여),2,지하,1,지하 1층,지하1층,2,장애인,2,여
01,수도권,S1,5,5호선,0156,동대문역사문화공원,EV,일반승강기,2,지하,2,지하 2층,[1호기](B1-B4)지하4층 대합실,,,,
01,수도권,S1,5,5호선,0156,동대문역사문화공원,EV,일반승강기,2,지하,2,지하 2층,[2호기](B1-B5)승강장,,,,
01,수도권,S1,5,5호선,0156,동대문역사문화공원,INFO,고객센터,2,지하,2,지하 2층,B2층 대합실,,,,
01,수도권,S1,5,5호선,0156,동대문역사문화공원,LARM,수유실,2,지하,2,지하 2층,B2 고객안전실 인접,,,,
01,수도권,S1,5,5호선,0156,동대문역사문화공원,EV,일반승강기,2,지하,3,지하 3층,[2호기](B1-B5)승강장,,,,
01,수도권,S1,5,5호선,0156,동대문역사문화공원,EV,일반승강기,2,지하,3,지하 3층,[1호기](B1-B4)지하4층 대합실,,,,
01,수도권,S1,5,5호선,0156,동대문역사문화공원,EV,일반승강기,2,지하,4,지하 4층,"[1호기]대합실(6,7번출구사이)",,,,
01,수도권,S1,5,5호선,0156,동대문역사문화공원,EV,일반승강기,2,지하,4,지하 4층,[2호기](B1-B5)승강장,,,,
01,수도권,S1,5,5호선,0156,동대문역사문화공원,EV,일반승강기,2,지하,5,지하 5층,"[2호기]환승통로(2,4호선)",,,,
01,수도권,S1,5,5호선,0549,청구,INFO,고객센터,2,지하,1,지하 1층,B1층 대합실,,,,
01,수도권,S1,5,5호선,0549,청구,LARM,수유실,2,지하,1,지하 1층,B1 고객안전실 내부,,,,
01,수도권,S1,5,5호선,0350,신금호,EV,일반승강기,1,지상,1,지상 1층,[3호기]고개안전실측(지하2층),,,,
01,수도권,S1,5,5호선,0350,신금호,EV,일반승강기,2,지하,1,지하 1층,[3호기](F1-B2)2번 출입구,,,,
01,수도권,S1,5,5호선,0350,신금호,ELEC,전동휠체어충전설비,2,지하,1,지하 1층,B1층 공중전화 옆,,,,
01,수도권,S1,5,5호선,0350,신금호,EV,일반승강기,2,지하,2,지하 2층,[3호기]고개안전실측(지하2층),,,,
01,수도권,S1,5,5호선,0350,신금호,EV,일반승강기,2,지하,2,지하 2층,"[1호기]청구방면1-2,행당방면8-3",,,,
01,수도권,S1,5,5호선,0350,신금호,EV,일반승강기,2,지하,2,지하 2층,"[2호기]청구방면1-2,행당방면8-3",,,,
01,수도권,S1,5,5호선,0350,신금호,TOLT,일반화장실(남),2,지하,2,지하 2층,B2 표 내는 곳 앞,1,일반,1,남
01,수도권,S1,5,5호선,0350,신금호,TOLT,일반화장실(여),2,지하,2,지하 2층,B2 표 내는 곳 앞,1,일반,2,여
01,수도권,S1,5,5호선,0350,신금호,TOLT,장애인화장실(남),2,지하,2,지하 2층,B2 표 내는 곳 앞,2,장애인,1,남
01,수도권,S1,5,5호선,0350,신금호,TOLT,장애인화장실(여),2,지하,2,지하 2층,B2 표 내는 곳 앞,2,장애인,2,여
01,수도권,S1,5,5호선,0350,신금호,INFO,고객센터,2,지하,2,지하 2층,B2층 대합실,,,,
01,수도권,S1,5,5호선,0350,신금호,EV,일반승강기,2,지하,3,지하 3층,[2호기](B2-B8)승강장,,,,
01,수도권,S1,5,5호선,0350,신금호,EV,일반승강기,2,지하,3,지하 3층,[1호기](B2-B8)승강장,,,,
01,수도권,S1,5,5호선,0350,신금호,EV,일반승강기,2,지하,4,지하 4층,[2호기](B2-B8)승강장,,,,
01,수도권,S1,5,5호선,0350,신금호,EV,일반승강기,2,지하,4,지하 4층,[1호기](B2-B8)승강장,,,,
01,수도권,S1,5,5호선,0350,신금호,EV,일반승강기,2,지하,5,지하 5층,[1호기](B2-B8)승강장,,,,
01,수도권,S1,5,5호선,0350,신금호,EV,일반승강기,2,지하,5,지하 5층,[2호기](B2-B8)승강장,,,,
01,수도권,S1,5,5호선,0350,신금호,EV,일반승강기,2,지하,6,지하 6층,[2호기](B2-B8)승강장,,,,
01,수도권,S1,5,5호선,0350,신금호,EV,일반승강기,2,지하,6,지하 6층,[1호기](B2-B8)승강장,,,,
01,수도권,S1,5,5호선,0350,신금호,EV,일반승강기,2,지하,7,지하 7층,[1호기](B2-B8)승강장,,,,
01,수도권,S1,5,5호선,0350,신금호,EV,일반승강기,2,지하,7,지하 7층,[2호기](B2-B8)승강장,,,,
01,수도권,S1,5,5호선,0350,신금호,EV,일반승강기,2,지하,8,지하 8층,"[2호기]청구방면1-2,행당방면8-3",,,,
01,수도권,S1,5,5호선,0350,신금호,EV,일반승강기,2,지하,8,지하 8층,"[1호기]청구방면1-2,행당방면8-3",,,,
01,수도권,S1,5,5호선,0592,행당,EV,일반승강기,1,지상,1,지상 1층,[3호기]3번출구측,,,,
01,수도권,S1,5,5호선,0592,행당,EV,일반승강기,2,지하,1,지하 1층,[3호기](F1-B3)3번 출입구,,,,
01,수도권,S1,5,5호선,0592,행당,EV,일반승강기,2,지하,2,지하 2층,[3호기](F1-B3)3번 출입구,,,,
01,수도권,S1,5,5호선,0592,행당,EV,일반승강기,2,지하,3,지하 3층,[3호기]3번출구측,,,,
01,수도권,S1,5,5호선,0592,행당,EV,일반승강기,2,지하,3,지하 3층,[1호기]신금호방면4-4,,,,
01,수도권,S1,5,5호선,0592,행당,TOLT,일반화장실(남),2,지하,3,지하 3층,지하3층 E/S 옆(고객상담실 및만남의장소 앞),1,일반,1,남
01,수도권,S1,5,5호선,0592,행당,TOLT,일반화장실(여),2,지하,3,지하 3층,지하3층 E/S 옆(고객상담실 및만남의장소 앞),1,일반,2,여
01,수도권,S1,5,5호선,0592,행당,TOLT,장애인화장실(남),2,지하,3,지하 3층,지하3층 E/S 옆(고객상담실 및만남의장소 앞),2,장애인,1,남
01,수도권,S1,5,5호선,0592,행당,TOLT,장애인화장실(여),2,지하,3,지하 3층,지하3층 E/S 옆(고객상담실 및만남의장소 앞),2,장애인,2,여
01,수도권,S1,5,5호선,0592,행당,INFO,고객센터,2,지하,3,지하 3층,B3층 대합실,,,,
01,수도권,S1,5,5호선,0592,행당,EV,일반승강기,2,지하,4,지하 4층,[1호기](B3-B5) 승강장,,,,
01,수도권,S1,5,5호선,0592,행당,EV,일반승강기,2,지하,4,지하 4층,[2호기]왕십리방면5-1,,,,
01,수도권,S1,5,5호선,0592,행당,EV,일반승강기,2,지하,5,지하 5층,[1호기]신금호방면4-4,,,,
01,수도권,S1,5,5호선,0592,행당,EV,일반승강기,2,지하,5,지하 5층,[2호기]왕십리방면5-1,,,,
01,수도권,S1,5,5호선,0441,왕십리,EV,일반승강기,1,지상,1,지상 1층,[1호기]4번출구측,,,,
01,수도권,S1,5,5호선,0441,왕십리,EV,일반승강기,2,지하,1,지하 1층,[1호기](F1-B4)4번 출입구,,,,
01,수도권,S1,5,5호선,0441,왕십리,INFO,고객센터,2,지하,1,지하 1층,B1층 대합실,,,,
01,수도권,S1,5,5호선,0441,왕십리,LARM,수유실,2,지하,1,지하 1층,B1 고객안전실 내부,,,,
01,수도권,S1,5,5호선,0441,왕십리,EV,일반승강기,2,지하,2,지하 2층,[1호기](F1-B4)4번 출입구,,,,
01,수도권,S1,5,5호선,0441,왕십리,TOLT,일반화장실(남),2,지하,2,지하 2층,b2 대합실 상가2002호점 옆,1,일반,1,남
01,수도권,S1,5,5호선,0441,왕십리,TOLT,일반화장실(여),2,지하,2,지하 2층,b2 대합실 상가2002호점 옆,1,일반,2,여
01,수도권,S1,5,5호선,0441,왕십리,TOLT,장애인화장실(남),2,지하,2,지하 2층,b2 대합실 상가2002호점 옆,2,장애인,1,남
01,수도권,S1,5,5호선,0441,왕십리,TOLT,장애인화장실(여),2,지하,2,지하 2층,b2 대합실 상가2002호점 옆,2,장애인,2,여
01,수도권,S1,5,5호선,0441,왕십리,EV,일반승강기,2,지하,3,지하 3층,[1호기](F1-B4)4번 출입구,,,,
01,수도권,S1,5,5호선,0441,왕십리,EV,일반승강기,2,지하,4,지하 4층,[1호기]4번출구측,,,,
01,수도권,S1,5,5호선,0441,왕십리,EV,일반승강기,2,지하,4,지하 4층,[3호기]마장방면6-2,,,,
01,수도권,S1,5,5호선,0441,왕십리,EV,일반승강기,2,지하,4,지하 4층,[2호기]행당방면3-3,,,,
01,수도권,S1,5,5호선,0441,왕십리,EV,일반승강기,2,지하,5,지하 5층,[2호기]행당방면3-3,,,,
01,수도권,S1,5,5호선,0441,왕십리,EV,일반승강기,2,지하,5,지하 5층,[3호기]마장방면6-2,,,,
01,수도권,S1,5,5호선,0182,마장,EV,일반승강기,1,지상,1,지상 1층,[3호기]2번출구측,,,,
01,수도권,S1,5,5호선,0182,마장,EV,일반승강기,2,지하,1,지하 1층,[3호기](B2-1F) (B2)대합실 (1F)2번 출입구 10m 앞,,,,
01,수도권,S1,5,5호선,0182,마장,EV,일반승강기,2,지하,2,지하 2층,[3호기]2번출구측,,,,
01,수도권,S1,5,5호선,0182,마장,EV,일반승강기,2,지하,2,지하 2층,[2호기]답십리방면5-1,,,,
01,수도권,S1,5,5호선,0182,마장,EV,일반승강기,2,지하,2,지하 2층,[1호기]왕십리방면4-4,,,,
01,수도권,S1,5,5호선,0182,마장,ELEC,전동휠체어충전설비,2,지하,2,지하 2층,B2층 화장실입구 오른편,,,,
01,수도권,S1,5,5호선,0182,마장,TOLT,일반화장실(남),2,지하,2,지하 2층,지하2층 대합실,1,일반,1,남
01,수도권,S1,5,5호선,0182,마장,TOLT,일반화장실(여),2,지하,2,지하 2층,지하2층 대합실,1,일반,2,여
01,수도권,S1,5,5호선,0182,마장,TOLT,장애인화장실(남),2,지하,2,지하 2층,지하2층 대합실,2,장애인,1,남
01,수도권,S1,5,5호선,0182,마장,TOLT,장애인화장실(여),2,지하,2,지하 2층,지하2층 대합실,2,장애인,2,여
01,수도권,S1,5,5호선,0182,마장,INFO,고객센터,2,지하,2,지하 2층,B2층 대합실,,,,
01,수도권,S1,5,5호선,0182,마장,EV,일반승강기,2,지하,3,지하 3층,[1호기]왕십리방면4-4,,,,
01,수도권,S1,5,5호선,0182,마장,EV,일반승강기,2,지하,3,지하 3층,[2호기]답십리방면5-1,,,,
01,수도권,S1,5,5호선,0124,답십리,EV,일반승강기,1,지상,1,지상 1층,[4호기]6번출구측,,,,
01,수도권,S1,5,5호선,0124,답십리,EV,일반승강기,1,지상,1,지상 1층,[3호기]2번출구측,,,,
01,수도권,S1,5,5호선,0124,답십리,EV,일반승강기,2,지하,1,지하 1층,[4호기](F1-B2)6번 출입구,,,,
01,수도권,S1,5,5호선,0124,답십리,EV,일반승강기,2,지하,1,지하 1층,[3호기](F1-B2)2번 출입구,,,,
01,수도권,S1,5,5호선,0124,답십리,TOLT,일반화장실(남),2,지하,1,지하 1층,"B1층 5,6번 출입구 방향",1,일반,1,남
01,수도권,S1,5,5호선,0124,답십리,TOLT,일반화장실(여),2,지하,1,지하 1층,"B1층 5,6번 출입구 방향",1,일반,2,여
01,수도권,S1,5,5호선,0124,답십리,TOLT,장애인화장실(남),2,지하,1,지하 1층,"B1층 5,6번 출입구 방향",2,장애인,1,남
01,수도권,S1,5,5호선,0124,답십리,TOLT,장애인화장실(여),2,지하,1,지하 1층,"B1층 5,6번 출입구 방향",2,장애인,2,여
01,수도권,S1,5,5호선,0124,답십리,EV,일반승강기,2,지하,2,지하 2층,[4호기]6번출구측,,,,
01,수도권,S1,5,5호선,0124,답십리,EV,일반승강기,2,지하,2,지하 2층,[3호기]2번출구측,,,,
01,수도권,S1,5,5호선,0124,답십리,EV,일반승강기,2,지하,2,지하 2층,[2호기]장한평방면5-1,,,,
01,수도권,S1,5,5호선,0124,답십리,EV,일반승강기,2,지하,2,지하 2층,[1호기]마장방면4-4,,,,
01,수도권,S1,5,5호선,0124,답십리,WCLF,휠체어리프트,2,지하,2,지하 2층,대합실,,,,
01,수도권,S1,5,5호선,0124,답십리,ELEC,전동휠체어충전설비,2,지하,2,지하 2층,B2층 E/L4호기 진입로 입구 우측,,,,
01,수도권,S1,5,5호선,0124,답십리,INFO,고객센터,2,지하,2,지하 2층,B2층 대합실,,,,
01,수도권,S1,5,5호선,0124,답십리,LARM,수유실,2,지하,2,지하 2층,B2 고객안전실 인접,,,,
01,수도권,S1,5,5호선,0124,답십리,EV,일반승강기,2,지하,3,지하 3층,[1호기]마장방면4-4,,,,
01,수도권,S1,5,5호선,0124,답십리,EV,일반승강기,2,지하,3,지하 3층,[2호기]장한평방면5-1,,,,
01,수도권,S1,5,5호선,0505,장한평,EV,일반승강기,1,지상,1,지상 1층,[3호기]1번출구측,,,,
01,수도권,S1,5,5호선,0505,장한평,EV,일반승강기,1,지상,1,지상 1층,"[2호기]7,8번출구사이",,,,
01,수도권,S1,5,5호선,0505,장한평,EV,일반승강기,2,지하,1,지하 1층,[3호기](F1-B2)1번 출입구,,,,
01,수도권,S1,5,5호선,0505,장한평,EV,일반승강기,2,지하,1,지하 1층,"[2호기](F1-B2)7,8번 출입구",,,,
01,수도권,S1,5,5호선,0505,장한평,TOLT,일반화장실(남),2,지하,1,지하 1층,지하 1층 1번출입구 나가기전좌측방향,1,일반,1,남
01,수도권,S1,5,5호선,0505,장한평,TOLT,일반화장실(여),2,지하,1,지하 1층,지하 1층 1번출입구 나가기전좌측방향,1,일반,2,여
01,수도권,S1,5,5호선,0505,장한평,TOLT,장애인화장실(남),2,지하,1,지하 1층,지하 1층 1번출입구 나가기전좌측방향,2,장애인,1,남
01,수도권,S1,5,5호선,0505,장한평,TOLT,장애인화장실(여),2,지하,1,지하 1층,지하 1층 1번출입구 나가기전좌측방향,2,장애인,2,여
01,수도권,S1,5,5호선,0505,장한평,EV,일반승강기,2,지하,2,지하 2층,[3호기]1번출구측,,,,
01,수도권,S1,5,5호선,0505,장한평,EV,일반승강기,2,지하,2,지하 2층,"[2호기]7,8번출구사이",,,,
01,수도권,S1,5,5호선,0505,장한평,EV,일반승강기,2,지하,2,지하 2층,"[1호기]답십리방면4-2,군자방면5-2",,,,
01,수도권,S1,5,5호선,0505,장한평,WCLF,휠체어리프트,2,지하,2,지하 2층,대합실,,,,
01,수도권,S1,5,5호선,0505,장한평,ELEC,전동휠체어충전설비,2,지하,2,지하 2층,지하2층 E/L 1호기 옆 5m 지점,,,,
01,수도권,S1,5,5호선,0505,장한평,INFO,고객센터,2,지하,2,지하 2층,B2층 대합실,,,,
01,수도권,S1,5,5호선,0505,장한평,EV,일반승강기,2,지하,3,지하 3층,"[1호기]답십리방면4-2,군자방면5-2",,,,
01,수도권,S1,5,5호선,0082,군자,EV,일반승강기,1,지상,1,지상 1층,[3호기]4번출구측,,,,
01,수도권,S1,5,5호선,0082,군자,EV,일반승강기,2,지하,1,지하 1층,[3호기]4번출구측,,,,
01,수도권,S1,5,5호선,0082,군자,EV,일반승강기,2,지하,1,지하 1층,"[2호기]장한평방면4-3,아차산방면5-1",,,,
01,수도권,S1,5,5호선,0082,군자,EV,일반승강기,2,지하,1,지하 1층,"[1호기]장한평방면5-3,아차산방면4-1",,,,
01,수도권,S1,5,5호선,0082,군자,TOLT,일반화장실(남),2,지하,1,지하 1층,지하1층 대합실 5 표 내는 곳(가) 앞,1,일반,1,남
01,수도권,S1,5,5호선,0082,군자,TOLT,일반화장실(여),2,지하,1,지하 1층,지하1층 대합실 5 표 내는 곳(가) 앞,1,일반,2,여
01,수도권,S1,5,5호선,0082,군자,TOLT,장애인화장실(남),2,지하,1,지하 1층,지하1층 대합실 5 표 내는 곳(가) 앞,2,장애인,1,남
01,수도권,S1,5,5호선,0082,군자,TOLT,장애인화장실(여),2,지하,1,지하 1층,지하1층 대합실 5 표 내는 곳(가) 앞,2,장애인,2,여
01,수도권,S1,5,5호선,0082,군자,INFO,고객센터,2,지하,1,지하 1층,B1층 대합실,,,,
01,수도권,S1,5,5호선,0082,군자,LARM,수유실,2,지하,1,지하 1층,B1 고객안전실 내부,,,,
01,수도권,S1,5,5호선,0082,군자,EV,일반승강기,2,지하,2,지하 2층,[1호기](B1-B3) 승강장,,,,
01,수도권,S1,5,5호선,0082,군자,EV,일반승강기,2,지하,2,지하 2층,[2호기](B1-B3) 승강장,,,,
01,수도권,S1,5,5호선,0082,군자,EV,일반승강기,2,지하,3,지하 3층,"[2호기]장한평방면4-3,아차산방면5-1",,,,
01,수도권,S1,5,5호선,0082,군자,EV,일반승강기,2,지하,3,지하 3층,"[1호기]장한평방면5-3,아차산방면4-1",,,,
01,수도권,S1,5,5호선,0385,아차산,EV,일반승강기,1,지상,1,지상 1층,[3호기]3번출구측,,,,
01,수도권,S1,5,5호선,0385,아차산,EV,일반승강기,2,지하,1,지하 1층,[3호기]3번출구측,,,,
01,수도권,S1,5,5호선,0385,아차산,EV,일반승강기,2,지하,1,지하 1층,[2호기]광나루방면3-4,,,,
01,수도권,S1,5,5호선,0385,아차산,EV,일반승강기,2,지하,1,지하 1층,[1호기]군자방면6-1,,,,
01,수도권,S1,5,5호선,0385,아차산,ELEC,전동휠체어충전설비,2,지하,1,지하 1층,지하1층 대합실 지상부 E/L 옆,,,,
01,수도권,S1,5,5호선,0385,아차산,TOLT,일반화장실(남),2,지하,1,지하 1층,지하1층 대합실,1,일반,1,남
01,수도권,S1,5,5호선,0385,아차산,TOLT,일반화장실(여),2,지하,1,지하 1층,지하1층 대합실,1,일반,2,여
01,수도권,S1,5,5호선,0385,아차산,TOLT,장애인화장실(남),2,지하,1,지하 1층,지하1층 대합실,2,장애인,1,남
01,수도권,S1,5,5호선,0385,아차산,TOLT,장애인화장실(여),2,지하,1,지하 1층,지하1층 대합실,2,장애인,2,여
01,수도권,S1,5,5호선,0385,아차산,EV,일반승강기,2,지하,2,지하 2층,[2호기](B1-B3) 승강장,,,,
01,수도권,S1,5,5호선,0385,아차산,EV,일반승강기,2,지하,2,지하 2층,[1호기](B1-B3) 승강장,,,,
01,수도권,S1,5,5호선,0385,아차산,INFO,고객센터,2,지하,2,지하 2층,B2층 대합실,,,,
01,수도권,S1,5,5호선,0385,아차산,LARM,수유실,2,지하,2,지하 2층,B2 고객안전실 내부,,,,
01,수도권,S1,5,5호선,0385,아차산,EV,일반승강기,2,지하,3,지하 3층,[2호기]광나루방면3-4,,,,
01,수도권,S1,5,5호선,0385,아차산,EV,일반승강기,2,지하,3,지하 3층,[1호기]군자방면6-1,,,,
01,수도권,S1,5,5호선,0062,광나루,EV,일반승강기,1,지상,1,지상 1층,[4호기]3번출구측,,,,
01,수도권,S1,5,5호선,0062,광나루,EV,일반승강기,1,지상,1,지상 1층,[3호기]1번출구측,,,,
01,수도권,S1,5,5호선,0062,광나루,EV,일반승강기,2,지하,1,지하 1층,[4호기]3번출구측,,,,
01,수도권,S1,5,5호선,0062,광나루,EV,일반승강기,2,지하,1,지하 1층,[3호기](F1-B2)1번 출입구,,,,
01,수도권,S1,5,5호선,0062,광나루,TOLT,일반화장실(남),2,지하,1,지하 1층,지하1층,1,일반,1,남
01,수도권,S1,5,5호선,0062,광나루,TOLT,일반화장실(여),2,지하,1,지하 1층,지하1층,1,일반,2,여
01,수도권,S1,5,5호선,0062,광나루,TOLT,장애인화장실(남),2,지하,1,지하 1층,지하1층,2,장애인,1,남
01,수도권,S1,5,5호선,0062,광나루,TOLT,장애인화장실(여),2,지하,1,지하 1층,지하1층,2,장애인,2,여
01,수도권,S1,5,5호선,0062,광나루,EV,일반승강기,2,지하,2,지하 2층,[3호기]1번출구측,,,,
01,수도권,S1,5,5호선,0062,광나루,EV,일반승강기,2,지하,2,지하 2층,[1호기]아차산방면5-1,,,,
01,수도권,S1,5,5호선,0062,광나루,EV,일반승강기,2,지하,2,지하 2층,[2호기]천호방면4-4,,,,
01,수도권,S1,5,5호선,0062,광나루,WCLF,휠체어리프트,2,지하,2,지하 2층,대합실,,,,
01,수도권,S1,5,5호선,0062,광나루,ELEC,전동휠체어충전설비,2,지하,2,지하 2층,지하2층 대합실 게이트 옆,,,,
01,수도권,S1,5,5호선,0062,광나루,INFO,고객센터,2,지하,2,지하 2층,B2층 대합실,,,,
01,수도권,S1,5,5호선,0062,광나루,EV,일반승강기,2,지하,3,지하 3층,[2호기]천호방면4-4,,,,
01,수도권,S1,5,5호선,0062,광나루,EV,일반승강기,2,지하,3,지하 3층,[1호기]아차산방면5-1,,,,
01,수도권,S1,5,5호선,0546,천호,EV,일반승강기,1,지상,1,지상 1층,"[1호기]6,7번출구사이",,,,
01,수도권,S1,5,5호선,0546,천호,EV,일반승강기,2,지하,0.5,지하 0.5층,"[1호기]6,7번출구사이",,,,
01,수도권,S1,5,5호선,0546,천호,EV,일반승강기,2,지하,1,지하 1층,[2호기]광나루방면4-4,,,,
01,수도권,S1,5,5호선,0546,천호,TOLT,일반화장실(남),2,지하,1,지하 1층,"지하1층 대합실(5,6번출입구 방향)",1,일반,1,남
01,수도권,S1,5,5호선,0546,천호,TOLT,일반화장실(여),2,지하,1,지하 1층,"지하1층 대합실(5,6번출입구 방향)",1,일반,2,여
01,수도권,S1,5,5호선,0546,천호,TOLT,장애인화장실(남),2,지하,1,지하 1층,"지하1층 대합실(5,6번출입구 방향)",2,장애인,1,남
01,수도권,S1,5,5호선,0546,천호,TOLT,장애인화장실(여),2,지하,1,지하 1층,"지하1층 대합실(5,6번출입구 방향)",2,장애인,2,여
01,수도권,S1,5,5호선,0546,천호,INFO,고객센터,2,지하,1,지하 1층,B1층 대합실,,,,
01,수도권,S1,5,5호선,0546,천호,LARM,수유실,2,지하,1,지하 1층,B1 고객안전실 내부,,,,
01,수도권,S1,5,5호선,0546,천호,EV,일반승강기,2,지하,2,지하 2층,[2호기](B1-B3) 승강장,,,,
01,수도권,S1,5,5호선,0546,천호,EV,일반승강기,2,지하,2,지하 2층,[4호기]강동방면3-4,,,,
01,수도권,S1,5,5호선,0546,천호,EV,일반승강기,2,지하,2,지하 2층,[3호기]광나루방면6-1,,,,
01,수도권,S1,5,5호선,0546,천호,EV,일반승강기,2,지하,3,지하 3층,[3호기]광나루방면6-1,,,,
01,수도권,S1,5,5호선,0546,천호,EV,일반승강기,2,지하,3,지하 3층,[2호기]광나루방면4-4,,,,
01,수도권,S1,5,5호선,0546,천호,EV,일반승강기,2,지하,3,지하 3층,[4호기]강동방면3-4,,,,
01,수도권,S1,5,5호선,0020,강동,EV,일반승강기,1,지상,1,지상 1층,[2호기]1번출구측,,,,
01,수도권,S1,5,5호선,0020,강동,EV,일반승강기,2,지하,1,지하 1층,[2호기](F1-B3)1번 출입구,,,,
01,수도권,S1,5,5호선,0020,강동,TOLT,일반화장실(남),2,지하,1,지하 1층,대합실 지하1층 2번출입구 앞 ,1,일반,1,남
01,수도권,S1,5,5호선,0020,강동,TOLT,일반화장실(여),2,지하,1,지하 1층,대합실 지하1층 2번출입구 앞 ,1,일반,2,여
01,수도권,S1,5,5호선,0020,강동,TOLT,장애인화장실(남),2,지하,1,지하 1층,대합실 지하1층 2번출입구 앞 ,2,장애인,1,남
01,수도권,S1,5,5호선,0020,강동,TOLT,장애인화장실(여),2,지하,1,지하 1층,대합실 지하1층 2번출입구 앞 ,2,장애인,2,여
01,수도권,S1,5,5호선,0020,강동,EV,일반승강기,2,지하,2,지하 2층,[2호기](F1-B3)1번 출입구,,,,
01,수도권,S1,5,5호선,0020,강동,EV,일반승강기,2,지하,3,지하 3층,[2호기]1번출구측,,,,
01,수도권,S1,5,5호선,0020,강동,EV,일반승강기,2,지하,3,지하 3층,[1호기]둔촌동방면8-3,,,,
01,수도권,S1,5,5호선,0020,강동,EV,일반승강기,2,지하,3,지하 3층,[3호기]천호방면1-2,,,,
01,수도권,S1,5,5호선,0020,강동,INFO,고객센터,2,지하,3,지하 3층,B3층 대합실,,,,
01,수도권,S1,5,5호선,0020,강동,LARM,수유실,2,지하,3,지하 3층,B3 고객안전실 내부,,,,
01,수도권,S1,5,5호선,0020,강동,EV,일반승강기,2,지하,4,지하 4층,[3호기]천호방면1-2,,,,
01,수도권,S1,5,5호선,0020,강동,EV,일반승강기,2,지하,4,지하 4층,[1호기]둔촌동방면8-3,,,,
01,수도권,S1,5,5호선,0095,길동,EV,일반승강기,2,지하,0.5,지하 0.5층,[3호기]대합실(B2-B1),,,,
01,수도권,S1,5,5호선,0095,길동,EV,일반승강기,2,지하,1,지하 1층,[3호기]대합실(B2-B1),,,,
01,수도권,S1,5,5호선,0095,길동,TOLT,일반화장실(남),2,지하,1,지하 1층,대합실 지하1층 3번 출입구 옆,1,일반,1,남
01,수도권,S1,5,5호선,0095,길동,TOLT,일반화장실(여),2,지하,1,지하 1층,대합실 지하1층 3번 출입구 옆,1,일반,2,여
01,수도권,S1,5,5호선,0095,길동,TOLT,장애인화장실(남),2,지하,1,지하 1층,대합실 지하1층 3번 출입구 옆,2,장애인,1,남
01,수도권,S1,5,5호선,0095,길동,TOLT,장애인화장실(여),2,지하,1,지하 1층,대합실 지하1층 3번 출입구 옆,2,장애인,2,여
01,수도권,S1,5,5호선,0095,길동,EV,일반승강기,2,지하,2,지하 2층,[1호기]강동방면5-1,,,,
01,수도권,S1,5,5호선,0095,길동,EV,일반승강기,2,지하,2,지하 2층,[2호기]굽은다리방면4-4,,,,
01,수도권,S1,5,5호선,0095,길동,INFO,고객센터,2,지하,2,지하 2층,B2층 대합실,,,,
01,수도권,S1,5,5호선,0095,길동,EV,일반승강기,2,지하,3,지하 3층,[2호기]굽은다리방면4-4,,,,
01,수도권,S1,5,5호선,0095,길동,EV,일반승강기,2,지하,3,지하 3층,[1호기]강동방면5-1,,,,
01,수도권,S1,5,5호선,0086,굽은다리,EV,일반승강기,1,지상,1,지상 1층,[3호기]2번출구측,,,,
01,수도권,S1,5,5호선,0086,굽은다리,EV,일반승강기,2,지하,1,지하 1층,[3호기]2번출구측,,,,
01,수도권,S1,5,5호선,0086,굽은다리,EV,일반승강기,2,지하,1,지하 1층,"[2호기]명일방면3-2,3-3사이",,,,
01,수도권,S1,5,5호선,0086,굽은다리,EV,일반승강기,2,지하,1,지하 1층,[1호기]길동방면6-3,,,,
01,수도권,S1,5,5호선,0086,굽은다리,TOLT,일반화장실(남),2,지하,1,지하 1층,대합실 지하1층 3번출입구 앞,1,일반,1,남
01,수도권,S1,5,5호선,0086,굽은다리,TOLT,일반화장실(여),2,지하,1,지하 1층,대합실 지하1층 3번출입구 앞,1,일반,2,여
01,수도권,S1,5,5호선,0086,굽은다리,TOLT,장애인화장실(남),2,지하,1,지하 1층,대합실 지하1층 3번출입구 앞,2,장애인,1,남
01,수도권,S1,5,5호선,0086,굽은다리,TOLT,장애인화장실(여),2,지하,1,지하 1층,대합실 지하1층 3번출입구 앞,2,장애인,2,여
01,수도권,S1,5,5호선,0086,굽은다리,INFO,고객센터,2,지하,1,지하 1층,B1층 대합실,,,,
01,수도권,S1,5,5호선,0086,굽은다리,EV,일반승강기,2,지하,2,지하 2층,[1호기]길동방면6-3,,,,
01,수도권,S1,5,5호선,0086,굽은다리,EV,일반승강기,2,지하,2,지하 2층,"[2호기]명일방면3-2,3-3사이",,,,
01,수도권,S1,5,5호선,0198,명일,EV,일반승강기,1,지상,1,지상 1층,"[3호기]3,4번출구사이",,,,
01,수도권,S1,5,5호선,0198,명일,EV,일반승강기,2,지하,1,지하 1층,"[3호기]3,4번출구사이",,,,
01,수도권,S1,5,5호선,0198,명일,EV,일반승강기,2,지하,1,지하 1층,"[2호기]고덕방면4-3,4-4사이",,,,
01,수도권,S1,5,5호선,0198,명일,EV,일반승강기,2,지하,1,지하 1층,[1호기]굽은다리방면5-2,,,,
01,수도권,S1,5,5호선,0198,명일,TOLT,일반화장실(남),2,지하,1,지하 1층,대합실 지하1층 3번출입구 앞 ,1,일반,1,남
01,수도권,S1,5,5호선,0198,명일,TOLT,일반화장실(여),2,지하,1,지하 1층,대합실 지하1층 3번출입구 앞 ,1,일반,2,여
01,수도권,S1,5,5호선,0198,명일,TOLT,장애인화장실(남),2,지하,1,지하 1층,대합실 지하1층 3번출입구 앞 ,2,장애인,1,남
01,수도권,S1,5,5호선,0198,명일,TOLT,장애인화장실(여),2,지하,1,지하 1층,대합실 지하1층 3번출입구 앞 ,2,장애인,2,여
01,수도권,S1,5,5호선,0198,명일,INFO,고객센터,2,지하,1,지하 1층,B1층 대합실,,,,
01,수도권,S1,5,5호선,0198,명일,EV,일반승강기,2,지하,2,지하 2층,[1호기]굽은다리방면5-2,,,,
01,수도권,S1,5,5호선,0198,명일,EV,일반승강기,2,지하,2,지하 2층,"[2호기]고덕방면4-3,4-4사이",,,,
01,수도권,S1,5,5호선,0046,고덕,EV,일반승강기,1,지상,1,지상 1층,"[4호기]4,5번출구사이",,,,
01,수도권,S1,5,5호선,0046,고덕,EV,일반승강기,1,지상,1,지상 1층,[3호기]2번출구측(역사화장실앞),,,,
01,수도권,S1,5,5호선,0046,고덕,EV,일반승강기,2,지하,1,지하 1층,"[4호기]4,5번출구사이",,,,
01,수도권,S1,5,5호선,0046,고덕,EV,일반승강기,2,지하,1,지하 1층,[3호기]2번출구측(역사화장실앞),,,,
01,수도권,S1,5,5호선,0046,고덕,EV,일반승강기,2,지하,1,지하 1층,[2호기]상일동방면6-1,,,,
01,수도권,S1,5,5호선,0046,고덕,EV,일반승강기,2,지하,1,지하 1층,[1호기]명일방면4-1,,,,
01,수도권,S1,5,5호선,0046,고덕,TOLT,일반화장실(남),2,지하,1,지하 1층,대합실 지하1층 1번 출입구 방향,1,일반,1,남
01,수도권,S1,5,5호선,0046,고덕,TOLT,일반화장실(여),2,지하,1,지하 1층,대합실 지하1층 1번 출입구 방향,1,일반,2,여
01,수도권,S1,5,5호선,0046,고덕,TOLT,장애인화장실(남),2,지하,1,지하 1층,대합실 지하1층 1번 출입구 방향,2,장애인,1,남
01,수도권,S1,5,5호선,0046,고덕,TOLT,장애인화장실(여),2,지하,1,지하 1층,대합실 지하1층 1번 출입구 방향,2,장애인,2,여
01,수도권,S1,5,5호선,0046,고덕,INFO,고객센터,2,지하,1,지하 1층,B1층 대합실,,,,
01,수도권,S1,5,5호선,0046,고덕,LARM,수유실,2,지하,1,지하 1층,B1 고객안전실 인접,,,,
01,수도권,S1,5,5호선,0046,고덕,EV,일반승강기,2,지하,2,지하 2층,[1호기]명일방면4-1,,,,
01,수도권,S1,5,5호선,0046,고덕,EV,일반승강기,2,지하,2,지하 2층,[2호기]상일동방면6-1,,,,
01,수도권,S1,5,5호선,0281,상일동,EV,일반승강기,1,지상,1,지상 1층,"[1호기]1,2번출구사이",,,,
01,수도권,S1,5,5호선,0281,상일동,EV,일반승강기,1,지상,1,지상 1층,"[4호기]7,8번출구사이",,,,
01,수도권,S1,5,5호선,0281,상일동,EV,일반승강기,1,지상,1,지상 1층,"[3호기]5,6번출구사이",,,,
01,수도권,S1,5,5호선,0281,상일동,EV,일반승강기,1,지상,1,지상 1층,"[2호기]3,4번출구사이",,,,
01,수도권,S1,5,5호선,0281,상일동,EV,일반승강기,2,지하,1,지하 1층,"[1호기]1,2번출구사이",,,,
01,수도권,S1,5,5호선,0281,상일동,EV,일반승강기,2,지하,1,지하 1층,"[2호기]3,4번출구사이",,,,
01,수도권,S1,5,5호선,0281,상일동,EV,일반승강기,2,지하,1,지하 1층,"[3호기]5,6번출구사이",,,,
01,수도권,S1,5,5호선,0281,상일동,EV,일반승강기,2,지하,1,지하 1층,"[4호기]7,8번출구사이",,,,
01,수도권,S1,5,5호선,0281,상일동,EV,일반승강기,2,지하,1,지하 1층,[5호기]고덕방면(6-1),,,,
01,수도권,S1,5,5호선,0281,상일동,EV,일반승강기,2,지하,1,지하 1층,[6호기]강일방면(3-4),,,,
01,수도권,S1,5,5호선,0281,상일동,EV,일반승강기,2,지하,1,지하 1층,[1호기](F1-B1)1번 출입구,,,,
01,수도권,S1,5,5호선,0281,상일동,EV,일반승강기,2,지하,1,지하 1층,[2호기](F1-B1)3번 출입구,,,,
01,수도권,S1,5,5호선,0281,상일동,EV,일반승강기,2,지하,1,지하 1층,[4호기](B1-F1) (1F) 8번출입구 옆 엘리베이터,,,,
01,수도권,S1,5,5호선,0281,상일동,TOLT,일반화장실(남),2,지하,1,지하 1층,대합실 지하1층 7번출입구 앞,1,일반,1,남
01,수도권,S1,5,5호선,0281,상일동,TOLT,일반화장실(여),2,지하,1,지하 1층,대합실 지하1층 7번출입구 앞,1,일반,2,여
01,수도권,S1,5,5호선,0281,상일동,TOLT,장애인화장실(남),2,지하,1,지하 1층,대합실 지하1층 7번출입구 앞,2,장애인,1,남
01,수도권,S1,5,5호선,0281,상일동,TOLT,장애인화장실(여),2,지하,1,지하 1층,대합실 지하1층 7번출입구 앞,2,장애인,2,여
01,수도권,S1,5,5호선,0281,상일동,INFO,고객센터,2,지하,1,지하 1층,B1층 대합실,,,,
01,수도권,S1,5,5호선,0281,상일동,EV,일반승강기,2,지하,2,지하 2층,[5호기]고덕방면(6-1),,,,
01,수도권,S1,5,5호선,0281,상일동,EV,일반승강기,2,지하,2,지하 2층,[6호기]강일방면(3-4),,,,
01,수도권,S1,5,5호선,0436,강일,EV,일반승강기,1,지상,1,지상 1층,[5호기]1번출구측,,,,
01,수도권,S1,5,5호선,0436,강일,EV,일반승강기,1,지상,1,지상 1층,[8호기]4번출구측,,,,
01,수도권,S1,5,5호선,0436,강일,EV,일반승강기,1,지상,1,지상 1층,[7호기]3번출구측,,,,
01,수도권,S1,5,5호선,0436,강일,EV,일반승강기,1,지상,1,지상 1층,[6호기]2번출구측,,,,
01,수도권,S1,5,5호선,0436,강일,EV,일반승강기,2,지하,1,지하 1층,[5호기](B2-F1)1번 출입구,,,,
01,수도권,S1,5,5호선,0436,강일,EV,일반승강기,2,지하,1,지하 1층,[7호기](B2-F1)3번 출입구,,,,
01,수도권,S1,5,5호선,0436,강일,EV,일반승강기,2,지하,1,지하 1층,[8호기](B2-F1)4번 출입구,,,,
01,수도권,S1,5,5호선,0436,강일,EV,일반승강기,2,지하,1,지하 1층,[4호기]미사방면1-2,,,,
01,수도권,S1,5,5호선,0436,강일,EV,일반승강기,2,지하,1,지하 1층,[3호기]상일동방면8-3,,,,
01,수도권,S1,5,5호선,0436,강일,EV,일반승강기,2,지하,2,지하 2층,[7호기]3번출구측,,,,
01,수도권,S1,5,5호선,0436,강일,EV,일반승강기,2,지하,2,지하 2층,[6호기]2번출구측,,,,
01,수도권,S1,5,5호선,0436,강일,EV,일반승강기,2,지하,2,지하 2층,[5호기]1번출구측,,,,
01,수도권,S1,5,5호선,0436,강일,EV,일반승강기,2,지하,2,지하 2층,[8호기]4번출구측,,,,
01,수도권,S1,5,5호선,0436,강일,EV,일반승강기,2,지하,2,지하 2층,[4호기](B3-B1) 승강장,,,,
01,수도권,S1,5,5호선,0436,강일,EV,일반승강기,2,지하,2,지하 2층,[3호기](B3-B1) 승강장,,,,
01,수도권,S1,5,5호선,0436,강일,EV,일반승강기,2,지하,2,지하 2층,[2호기]미사방면8-3,,,,
01,수도권,S1,5,5호선,0436,강일,EV,일반승강기,2,지하,2,지하 2층,[1호기]상일동방면1-2,,,,
01,수도권,S1,5,5호선,0436,강일,TOLT,일반화장실(남),2,지하,2,지하 2층,대합실 지하2층 3번출입구측,1,일반,1,남
01,수도권,S1,5,5호선,0436,강일,TOLT,일반화장실(남),2,지하,2,지하 2층,대합실 지하2층 4번출입구측,1,일반,1,남
01,수도권,S1,5,5호선,0436,강일,TOLT,일반화장실(여),2,지하,2,지하 2층,대합실 지하2층 3번출입구측,1,일반,2,여
01,수도권,S1,5,5호선,0436,강일,TOLT,일반화장실(여),2,지하,2,지하 2층,대합실 지하2층 4번출입구측,1,일반,2,여
01,수도권,S1,5,5호선,0436,강일,TOLT,장애인화장실(남),2,지하,2,지하 2층,대합실 지하2층 4번출입구측,2,장애인,1,남
01,수도권,S1,5,5호선,0436,강일,TOLT,장애인화장실(남),2,지하,2,지하 2층,대합실 지하2층 3번출입구측,2,장애인,1,남
01,수도권,S1,5,5호선,0436,강일,TOLT,장애인화장실(여),2,지하,2,지하 2층,대합실 지하2층 3번출입구측,2,장애인,2,여
01,수도권,S1,5,5호선,0436,강일,TOLT,장애인화장실(여),2,지하,2,지하 2층,대합실 지하2층 4번출입구측,2,장애인,2,여
01,수도권,S1,5,5호선,0436,강일,INFO,고객센터,2,지하,2,지하 2층,B2층 대합실,,,,
01,수도권,S1,5,5호선,0436,강일,LARM,수유실,2,지하,2,지하 2층,B2 (나)고객안전실 인접,,,,
01,수도권,S1,5,5호선,0436,강일,EV,일반승강기,2,지하,3,지하 3층,[3호기]상일동방면8-3,,,,
01,수도권,S1,5,5호선,0436,강일,EV,일반승강기,2,지하,3,지하 3층,[2호기]미사방면8-3,,,,
01,수도권,S1,5,5호선,0436,강일,EV,일반승강기,2,지하,3,지하 3층,[1호기]상일동방면1-2,,,,
01,수도권,S1,5,5호선,0436,강일,EV,일반승강기,2,지하,3,지하 3층,[4호기]미사방면1-2,,,,
01,수도권,S1,5,5호선,0475,미사,EV,일반승강기,1,지상,1,지상 1층,[4호기]6번출구측,,,,
01,수도권,S1,5,5호선,0475,미사,EV,일반승강기,1,지상,1,지상 1층,[3호기]1번출구측,,,,
01,수도권,S1,5,5호선,0475,미사,EV,일반승강기,2,지하,1,지하 1층,[4호기]6번출구측,,,,
01,수도권,S1,5,5호선,0475,미사,EV,일반승강기,2,지하,1,지하 1층,[3호기]1번출구측,,,,
01,수도권,S1,5,5호선,0475,미사,EV,일반승강기,2,지하,1,지하 1층,[2호기]하남풍산방면5-1,,,,
01,수도권,S1,5,5호선,0475,미사,EV,일반승강기,2,지하,1,지하 1층,[1호기]강일방면5-1,,,,
01,수도권,S1,5,5호선,0475,미사,TOLT,일반화장실(남),2,지하,1,지하 1층,대합실 지하1층 승강장 상선 내부계단옆,1,일반,1,남
01,수도권,S1,5,5호선,0475,미사,TOLT,일반화장실(남),2,지하,1,지하 1층,대합실 지하1층 5번 출입구옆,1,일반,1,남
01,수도권,S1,5,5호선,0475,미사,TOLT,일반화장실(여),2,지하,1,지하 1층,대합실 지하1층 승강장 상선 내부계단옆,1,일반,2,여
01,수도권,S1,5,5호선,0475,미사,TOLT,일반화장실(여),2,지하,1,지하 1층,대합실 지하1층 5번 출입구옆,1,일반,2,여
01,수도권,S1,5,5호선,0475,미사,TOLT,장애인화장실(남),2,지하,1,지하 1층,대합실 지하1층 5번 출입구옆,2,장애인,1,남
01,수도권,S1,5,5호선,0475,미사,TOLT,장애인화장실(남),2,지하,1,지하 1층,대합실 지하1층 승강장 상선 내부계단옆,2,장애인,1,남
01,수도권,S1,5,5호선,0475,미사,TOLT,장애인화장실(여),2,지하,1,지하 1층,대합실 지하1층 5번 출입구옆,2,장애인,2,여
01,수도권,S1,5,5호선,0475,미사,TOLT,장애인화장실(여),2,지하,1,지하 1층,대합실 지하1층 승강장 상선 내부계단옆,2,장애인,2,여
01,수도권,S1,5,5호선,0475,미사,INFO,고객센터,2,지하,1,지하 1층,B1층 대합실,,,,
01,수도권,S1,5,5호선,0475,미사,LARM,수유실,2,지하,1,지하 1층,B1 고객안전실 앞,,,,
01,수도권,S1,5,5호선,0475,미사,EV,일반승강기,2,지하,2,지하 2층,[1호기]강일방면5-1,,,,
01,수도권,S1,5,5호선,0475,미사,EV,일반승강기,2,지하,2,지하 2층,[2호기]하남풍산방면5-1,,,,
01,수도권,S1,5,5호선,0478,하남풍산,EV,일반승강기,1,지상,2,지상 2층,[3호기]1번출구측,,,,
01,수도권,S1,5,5호선,0478,하남풍산,EV,일반승강기,1,지상,1,지상 1층,[3호기]1번출구측,,,,
01,수도권,S1,5,5호선,0478,하남풍산,EV,일반승강기,1,지상,1,지상 1층,[5호기]7번출구측,,,,
01,수도권,S1,5,5호선,0478,하남풍산,EV,일반승강기,1,지상,1,지상 1층,[4호기]5번출구측,,,,
01,수도권,S1,5,5호선,0478,하남풍산,EV,일반승강기,2,지하,1,지하 1층,[4호기]5번출구측,,,,
01,수도권,S1,5,5호선,0478,하남풍산,EV,일반승강기,2,지하,1,지하 1층,[5호기]7번출구측,,,,
01,수도권,S1,5,5호선,0478,하남풍산,EV,일반승강기,2,지하,1,지하 1층,[2호기]하남시청방면5-1,,,,
01,수도권,S1,5,5호선,0478,하남풍산,EV,일반승강기,2,지하,1,지하 1층,[1호기]미사방면4-4,,,,
01,수도권,S1,5,5호선,0478,하남풍산,ELEC,전동휠체어충전설비,2,지하,1,지하 1층,"지하1층 대합실 7,8번 출구방향",,,,
01,수도권,S1,5,5호선,0478,하남풍산,TOLT,일반화장실(남),2,지하,1,지하 1층,"대합실 지하1층 1,2번 출입구 앞",1,일반,1,남
01,수도권,S1,5,5호선,0478,하남풍산,TOLT,일반화장실(여),2,지하,1,지하 1층,"대합실 지하1층 1,2번 출입구 앞",1,일반,2,여
01,수도권,S1,5,5호선,0478,하남풍산,TOLT,장애인화장실(남),2,지하,1,지하 1층,"대합실 지하1층 1,2번 출입구 앞",2,장애인,1,남
01,수도권,S1,5,5호선,0478,하남풍산,TOLT,장애인화장실(여),2,지하,1,지하 1층,"대합실 지하1층 1,2번 출입구 앞",2,장애인,2,여
01,수도권,S1,5,5호선,0478,하남풍산,INFO,고객센터,2,지하,1,지하 1층,B1층 대합실,,,,
01,수도권,S1,5,5호선,0478,하남풍산,LARM,수유실,2,지하,1,지하 1층,B1 고객안전실 옆,,,,
01,수도권,S1,5,5호선,0478,하남풍산,EV,일반승강기,2,지하,2,지하 2층,[1호기]미사방면4-4,,,,
01,수도권,S1,5,5호선,0478,하남풍산,EV,일반승강기,2,지하,2,지하 2층,[2호기]하남시청방면5-1,,,,
01,수도권,S1,5,5호선,0482,하남시청,EV,일반승강기,1,지상,1,지상 1층,"[4호기]5,6번출구사이",,,,
01,수도권,S1,5,5호선,0482,하남시청,EV,일반승강기,1,지상,1,지상 1층,[3호기]3번출구측,,,,
01,수도권,S1,5,5호선,0482,하남시청,EV,일반승강기,2,지하,1,지하 1층,[3호기](B2-F1)3번 출입구,,,,
01,수도권,S1,5,5호선,0482,하남시청,EV,일반승강기,2,지하,1,지하 1층,[4호기](B2-F1)5번 출입구,,,,
01,수도권,S1,5,5호선,0482,하남시청,TOLT,일반화장실(남),2,지하,1,지하 1층,대합실 지하1층 #1~3출입구 앞,1,일반,1,남
01,수도권,S1,5,5호선,0482,하남시청,TOLT,일반화장실(여),2,지하,1,지하 1층,대합실 지하1층 #1~3출입구 앞,1,일반,2,여
01,수도권,S1,5,5호선,0482,하남시청,TOLT,장애인화장실(남),2,지하,1,지하 1층,대합실 지하1층 #1~3출입구 앞,2,장애인,1,남
01,수도권,S1,5,5호선,0482,하남시청,TOLT,장애인화장실(여),2,지하,1,지하 1층,대합실 지하1층 #1~3출입구 앞,2,장애인,2,여
01,수도권,S1,5,5호선,0482,하남시청,INFO,고객센터,2,지하,1,지하 1층,B1층 대합실,,,,
01,수도권,S1,5,5호선,0482,하남시청,LARM,수유실,2,지하,1,지하 1층,B1 고객안전실 인접,,,,
01,수도권,S1,5,5호선,0482,하남시청,EV,일반승강기,2,지하,2,지하 2층,[3호기]3번출구측,,,,
01,수도권,S1,5,5호선,0482,하남시청,EV,일반승강기,2,지하,2,지하 2층,"[4호기]5,6번출구사이",,,,
01,수도권,S1,5,5호선,0482,하남시청,EV,일반승강기,2,지하,2,지하 2층,[2호기]하남검단산방면5-1,,,,
01,수도권,S1,5,5호선,0482,하남시청,EV,일반승강기,2,지하,2,지하 2층,[1호기]하남풍산방면5-1,,,,
01,수도권,S1,5,5호선,0482,하남시청,EV,일반승강기,2,지하,3,지하 3층,[1호기]하남풍산방면5-1,,,,
01,수도권,S1,5,5호선,0482,하남시청,EV,일반승강기,2,지하,3,지하 3층,[2호기]하남검단산방면5-1,,,,
01,수도권,S1,5,5호선,0489,하남검단산역,EV,일반승강기,1,지상,1,지상 1층,[4호기]4번출구측,,,,
01,수도권,S1,5,5호선,0489,하남검단산역,EV,일반승강기,1,지상,1,지상 1층,"[3호기]1,2번출구사이",,,,
01,수도권,S1,5,5호선,0489,하남검단산역,EV,일반승강기,2,지하,1,지하 1층,[4호기]4번출구측,,,,
01,수도권,S1,5,5호선,0489,하남검단산역,EV,일반승강기,2,지하,1,지하 1층,"[3호기]1,2번출구사이",,,,
01,수도권,S1,5,5호선,0489,하남검단산역,EV,일반승강기,2,지하,1,지하 1층,[1호기]하남시청방면4-3,,,,
01,수도권,S1,5,5호선,0489,하남검단산역,EV,일반승강기,2,지하,1,지하 1층,[2호기]하남검단산방면5-3,,,,
01,수도권,S1,5,5호선,0489,하남검단산역,TOLT,일반화장실(남),2,지하,1,지하 1층,"대합실 지하1층 #1,2출입구 앞",1,일반,1,남
01,수도권,S1,5,5호선,0489,하남검단산역,TOLT,일반화장실(여),2,지하,1,지하 1층,"대합실 지하1층 #1,2출입구 앞",1,일반,2,여
01,수도권,S1,5,5호선,0489,하남검단산역,TOLT,장애인화장실(남),2,지하,1,지하 1층,"대합실 지하1층 #1,2출입구 앞",2,장애인,1,남
01,수도권,S1,5,5호선,0489,하남검단산역,TOLT,장애인화장실(여),2,지하,1,지하 1층,"대합실 지하1층 #1,2출입구 앞",2,장애인,2,여
01,수도권,S1,5,5호선,0489,하남검단산역,INFO,고객센터,2,지하,1,지하 1층,B1층 대합실,,,,
01,수도권,S1,5,5호선,0489,하남검단산역,LARM,수유실,2,지하,1,지하 1층,B1 게이트 옆,,,,
01,수도권,S1,5,5호선,0489,하남검단산역,EV,일반승강기,2,지하,2,지하 2층,[1호기](B3-B1)대합실,,,,
01,수도권,S1,5,5호선,0489,하남검단산역,EV,일반승강기,2,지하,2,지하 2층,[2호기](B3-B1)대합실,,,,
01,수도권,S1,5,5호선,0489,하남검단산역,EV,일반승강기,2,지하,3,지하 3층,[2호기]하남검단산방면5-3,,,,
01,수도권,S1,5,5호선,0489,하남검단산역,EV,일반승강기,2,지하,3,지하 3층,[1호기]하남시청방면4-3,,,,
01,수도권,S1,5,5호선,0172,둔촌동,EV,일반승강기,1,지상,1,지상 1층,[4호기]2번출구측,,,,
01,수도권,S1,5,5호선,0172,둔촌동,EV,일반승강기,1,지상,1,지상 1층,"[3호기]3,4번출구사이",,,,
01,수도권,S1,5,5호선,0172,둔촌동,EV,일반승강기,2,지하,1,지하 1층,[4호기]2번출구측,,,,
01,수도권,S1,5,5호선,0172,둔촌동,EV,일반승강기,2,지하,1,지하 1층,"[3호기]3,4번출구사이",,,,
01,수도권,S1,5,5호선,0172,둔촌동,EV,일반승강기,2,지하,1,지하 1층,[2호기]올림픽공원방면5-1,,,,
01,수도권,S1,5,5호선,0172,둔촌동,EV,일반승강기,2,지하,1,지하 1층,[1호기]강동방면5-1,,,,
01,수도권,S1,5,5호선,0172,둔촌동,ELEC,전동휠체어충전설비,2,지하,1,지하 1층,지하1층 엘리베이터 2호기 뒤쪽,,,,
01,수도권,S1,5,5호선,0172,둔촌동,TOLT,일반화장실(남),2,지하,1,지하 1층,"대합실 지하1층, 3,4번 출입구 방향",1,일반,1,남
01,수도권,S1,5,5호선,0172,둔촌동,TOLT,일반화장실(여),2,지하,1,지하 1층,"대합실 지하1층, 3,4번 출입구 방향",1,일반,2,여
01,수도권,S1,5,5호선,0172,둔촌동,TOLT,장애인화장실(남),2,지하,1,지하 1층,"대합실 지하1층, 3,4번 출입구 방향",2,장애인,1,남
01,수도권,S1,5,5호선,0172,둔촌동,TOLT,장애인화장실(여),2,지하,1,지하 1층,"대합실 지하1층, 3,4번 출입구 방향",2,장애인,2,여
01,수도권,S1,5,5호선,0172,둔촌동,INFO,고객센터,2,지하,1,지하 1층,B1층 대합실,,,,
01,수도권,S1,5,5호선,0172,둔촌동,EV,일반승강기,2,지하,2,지하 2층,[1호기]강동방면5-1,,,,
01,수도권,S1,5,5호선,0172,둔촌동,EV,일반승강기,2,지하,2,지하 2층,[2호기]올림픽공원방면5-1,,,,
01,수도권,S1,5,5호선,0438,올림픽공원,EV,일반승강기,1,지상,1,지상 1층,[3호기]2번출구측,,,,
01,수도권,S1,5,5호선,0438,올림픽공원,EV,일반승강기,2,지하,1,지하 1층,[4호기](F1-B2)2번 출입구,,,,
01,수도권,S1,5,5호선,0438,올림픽공원,ELEC,전동휠체어충전설비,2,지하,1,지하 1층,지하1층 아이센터 옆 5m 지점,,,,
01,수도권,S1,5,5호선,0438,올림픽공원,TOLT,일반화장실(남),2,지하,1,지하 1층,대합실 지하1층 2번출입구 앞,1,일반,1,남
01,수도권,S1,5,5호선,0438,올림픽공원,TOLT,일반화장실(여),2,지하,1,지하 1층,대합실 지하1층 2번출입구 앞,1,일반,2,여
01,수도권,S1,5,5호선,0438,올림픽공원,TOLT,장애인화장실(남),2,지하,1,지하 1층,대합실 지하1층 2번출입구 앞,2,장애인,1,남
01,수도권,S1,5,5호선,0438,올림픽공원,TOLT,장애인화장실(여),2,지하,1,지하 1층,대합실 지하1층 2번출입구 앞,2,장애인,2,여
01,수도권,S1,5,5호선,0438,올림픽공원,EV,일반승강기,2,지하,2,지하 2층,[3호기]2번출구측,,,,
01,수도권,S1,5,5호선,0438,올림픽공원,EV,일반승강기,2,지하,2,지하 2층,[2호기]방이방면6-3,,,,
01,수도권,S1,5,5호선,0438,올림픽공원,EV,일반승강기,2,지하,2,지하 2층,[1호기]둔촌동방면3-2,,,,
01,수도권,S1,5,5호선,0438,올림픽공원,INFO,고객센터,2,지하,2,지하 2층,B2층 대합실,,,,
01,수도권,S1,5,5호선,0438,올림픽공원,LARM,수유실,2,지하,2,지하 2층,B2 고객안전실 내부,,,,
01,수도권,S1,5,5호선,0438,올림픽공원,EV,일반승강기,2,지하,3,지하 3층,[2호기]방이방면6-3,,,,
01,수도권,S1,5,5호선,0438,올림픽공원,EV,일반승강기,2,지하,3,지하 3층,[1호기]둔촌동방면3-2,,,,
01,수도권,S1,5,5호선,0219,방이,EV,일반승강기,1,지상,1,지상 1층,[4호기]1번출구측,,,,
01,수도권,S1,5,5호선,0219,방이,EV,일반승강기,1,지상,1,지상 1층,[3호기]3번출구측,,,,
01,수도권,S1,5,5호선,0219,방이,EV,일반승강기,2,지하,1,지하 1층,[4호기]1번출구측,,,,
01,수도권,S1,5,5호선,0219,방이,EV,일반승강기,2,지하,1,지하 1층,[3호기]3번출구측,,,,
01,수도권,S1,5,5호선,0219,방이,EV,일반승강기,2,지하,1,지하 1층,[2호기]방이방면5-1,,,,
01,수도권,S1,5,5호선,0219,방이,EV,일반승강기,2,지하,1,지하 1층,[1호기]올림픽공원방면4-4,,,,
01,수도권,S1,5,5호선,0219,방이,TOLT,일반화장실(남),2,지하,1,지하 1층,"대합실 지하1층 3,4번 출입구방향 ",1,일반,1,남
01,수도권,S1,5,5호선,0219,방이,TOLT,일반화장실(여),2,지하,1,지하 1층,"대합실 지하1층 3,4번 출입구방향 ",1,일반,2,여
01,수도권,S1,5,5호선,0219,방이,TOLT,장애인화장실(남),2,지하,1,지하 1층,"대합실 지하1층 3,4번 출입구방향 ",2,장애인,1,남
01,수도권,S1,5,5호선,0219,방이,TOLT,장애인화장실(여),2,지하,1,지하 1층,"대합실 지하1층 3,4번 출입구방향 ",2,장애인,2,여
01,수도권,S1,5,5호선,0219,방이,INFO,고객센터,2,지하,1,지하 1층,B1층 대합실,,,,
01,수도권,S1,5,5호선,0219,방이,EV,일반승강기,2,지하,2,지하 2층,[1호기]올림픽공원방면4-4,,,,
01,수도권,S1,5,5호선,0219,방이,EV,일반승강기,2,지하,2,지하 2층,[2호기]방이방면5-1,,,,
01,수도권,S1,5,5호선,0426,오금,EV,일반승강기,1,지상,1,지상 1층,[5호기]5번출구측,,,,
01,수도권,S1,5,5호선,0426,오금,EV,일반승강기,2,지하,1,지하 1층,[5호기]5번출구측,,,,
01,수도권,S1,5,5호선,0426,오금,EV,일반승강기,2,지하,1,지하 1층,[2호기]개롱방면5-1,,,,
01,수도권,S1,5,5호선,0426,오금,EV,일반승강기,2,지하,1,지하 1층,[1호기]방이방면4-4,,,,
01,수도권,S1,5,5호선,0426,오금,TOLT,일반화장실(남),2,지하,1,지하 1층,대합실 지하1층 방이역 방향,1,일반,1,남
01,수도권,S1,5,5호선,0426,오금,TOLT,일반화장실(여),2,지하,1,지하 1층,대합실 지하1층 방이역 방향,1,일반,2,여
01,수도권,S1,5,5호선,0426,오금,TOLT,장애인화장실(남),2,지하,1,지하 1층,대합실 지하1층 방이역 방향,2,장애인,1,남
01,수도권,S1,5,5호선,0426,오금,TOLT,장애인화장실(여),2,지하,1,지하 1층,대합실 지하1층 방이역 방향,2,장애인,2,여
01,수도권,S1,5,5호선,0426,오금,INFO,고객센터,2,지하,1,지하 1층,B1층 대합실,,,,
01,수도권,S1,5,5호선,0426,오금,EV,일반승강기,2,지하,2,지하 2층,[1호기]방이방면4-4,,,,
01,수도권,S1,5,5호선,0426,오금,EV,일반승강기,2,지하,2,지하 2층,[2호기]개롱방면5-1,,,,
01,수도권,S1,5,5호선,0426,오금,EV,일반승강기,2,지하,2,지하 2층,[3호기]환승통로(방화방면),,,,
01,수도권,S1,5,5호선,0426,오금,EV,일반승강기,2,지하,2,지하 2층,[4호기]환승통로(마천방면),,,,
01,수도권,S1,5,5호선,0426,오금,EV,일반승강기,2,지하,3,지하 3층,[3호기]환승통로(방화방면),,,,
01,수도권,S1,5,5호선,0426,오금,EV,일반승강기,2,지하,3,지하 3층,[4호기]환승통로(마천방면),,,,
01,수도권,S1,5,5호선,0025,개롱,EV,일반승강기,1,지상,1,지상 1층,"[3호기]3,4번출구사이",,,,
01,수도권,S1,5,5호선,0025,개롱,EV,일반승강기,2,지하,1,지하 1층,"[3호기]3,4번출구사이",,,,
01,수도권,S1,5,5호선,0025,개롱,EV,일반승강기,2,지하,1,지하 1층,[2호기]거여방면4-4,,,,
01,수도권,S1,5,5호선,0025,개롱,EV,일반승강기,2,지하,1,지하 1층,[1호기]오금방면5-1,,,,
01,수도권,S1,5,5호선,0025,개롱,TOLT,일반화장실(남),2,지하,1,지하 1층,"1,4번호 출입구 사이",1,일반,1,남
01,수도권,S1,5,5호선,0025,개롱,TOLT,일반화장실(여),2,지하,1,지하 1층,"1,4번호 출입구 사이",1,일반,2,여
01,수도권,S1,5,5호선,0025,개롱,TOLT,장애인화장실(남),2,지하,1,지하 1층,"1,4번호 출입구 사이",2,장애인,1,남
01,수도권,S1,5,5호선,0025,개롱,TOLT,장애인화장실(여),2,지하,1,지하 1층,"1,4번호 출입구 사이",2,장애인,2,여
01,수도권,S1,5,5호선,0025,개롱,INFO,고객센터,2,지하,1,지하 1층,B1층 대합실,,,,
01,수도권,S1,5,5호선,0025,개롱,EV,일반승강기,2,지하,2,지하 2층,[1호기]오금방면5-1,,,,
01,수도권,S1,5,5호선,0025,개롱,EV,일반승강기,2,지하,2,지하 2층,[2호기]거여방면4-4,,,,
01,수도권,S1,5,5호선,0030,거여,EV,일반승강기,1,지상,1,지상 1층,[3호기]2번출구측,,,,
01,수도권,S1,5,5호선,0030,거여,EV,일반승강기,2,지하,1,지하 1층,[3호기]2번출구측,,,,
01,수도권,S1,5,5호선,0030,거여,EV,일반승강기,2,지하,1,지하 1층,[1호기]개롱방면6-2,,,,
01,수도권,S1,5,5호선,0030,거여,EV,일반승강기,2,지하,1,지하 1층,[2호기]마천방면3-2,,,,
01,수도권,S1,5,5호선,0030,거여,TOLT,일반화장실(남),2,지하,1,지하 1층,대합실 1층 8번출입구 앞,1,일반,1,남
01,수도권,S1,5,5호선,0030,거여,TOLT,일반화장실(여),2,지하,1,지하 1층,대합실 1층 8번출입구 앞,1,일반,2,여
01,수도권,S1,5,5호선,0030,거여,TOLT,장애인화장실(남),2,지하,1,지하 1층,대합실 1층 8번출입구 앞,2,장애인,1,남
01,수도권,S1,5,5호선,0030,거여,TOLT,장애인화장실(여),2,지하,1,지하 1층,대합실 1층 8번출입구 앞,2,장애인,2,여
01,수도권,S1,5,5호선,0030,거여,INFO,고객센터,2,지하,1,지하 1층,B1층 대합실,,,,
01,수도권,S1,5,5호선,0030,거여,LARM,수유실,2,지하,1,지하 1층,B1 고객안전실 인접,,,,
01,수도권,S1,5,5호선,0030,거여,EV,일반승강기,2,지하,2,지하 2층,[2호기]마천방면3-2,,,,
01,수도권,S1,5,5호선,0030,거여,EV,일반승강기,2,지하,2,지하 2층,[1호기]개롱방면6-2,,,,
01,수도권,S1,5,5호선,0184,마천,EV,일반승강기,1,지상,1,지상 1층,[3호기]1번출구측,,,,
01,수도권,S1,5,5호선,0184,마천,EV,일반승강기,2,지하,1,지하 1층,[3호기]1번출구측,,,,
01,수도권,S1,5,5호선,0184,마천,EV,일반승강기,2,지하,1,지하 1층,[2호기]거여방면4-3,,,,
01,수도권,S1,5,5호선,0184,마천,TOLT,일반화장실(남),2,지하,1,지하 1층,대합실 지하1층 1번출입구 방향에서우측 코너,1,일반,1,남
01,수도권,S1,5,5호선,0184,마천,TOLT,일반화장실(여),2,지하,1,지하 1층,대합실 지하1층 1번출입구 방향에서우측 코너,1,일반,2,여
01,수도권,S1,5,5호선,0184,마천,TOLT,장애인화장실(남),2,지하,1,지하 1층,대합실 지하1층 1번출입구 방향에서우측 코너,2,장애인,1,남
01,수도권,S1,5,5호선,0184,마천,TOLT,장애인화장실(여),2,지하,1,지하 1층,대합실 지하1층 1번출입구 방향에서우측 코너,2,장애인,2,여
01,수도권,S1,5,5호선,0184,마천,EV,일반승강기,2,지하,2,지하 2층,[1호기](B1-B4)승강장,,,,
01,수도권,S1,5,5호선,0184,마천,EV,일반승강기,2,지하,2,지하 2층,[2호기](B1-B4)대합실,,,,
01,수도권,S1,5,5호선,0184,마천,EV,일반승강기,2,지하,2,지하 2층,[1호기]마천방면5-2,,,,
01,수도권,S1,5,5호선,0184,마천,ELEC,전동휠체어충전설비,2,지하,2,지하 2층,지하2층 편의점 옆 공중전화기 입구,,,,
01,수도권,S1,5,5호선,0184,마천,INFO,고객센터,2,지하,2,지하 2층,B2층 대합실,,,,
01,수도권,S1,5,5호선,0184,마천,EV,일반승강기,2,지하,3,지하 3층,[1호기](B1-B4)승강장,,,,
01,수도권,S1,5,5호선,0184,마천,EV,일반승강기,2,지하,3,지하 3층,[2호기](B1-B4)대합실,,,,
01,수도권,S1,5,5호선,0184,마천,EV,일반승강기,2,지하,4,지하 4층,[2호기]거여방면4-3,,,,
01,수도권,S1,5,5호선,0184,마천,EV,일반승강기,2,지하,4,지하 4층,[1호기]마천방면5-2,,,,
01,수도권,S1,6,6호선,0468,응암,EV,일반승강기,1,지상,1,지상 1층,[2호기]4번출구측,,,,
01,수도권,S1,6,6호선,0468,응암,EV,일반승강기,2,지하,1,지하 1층,[2호기]4번출구측,,,,
01,수도권,S1,6,6호선,0468,응암,EV,일반승강기,2,지하,1,지하 1층,[1호기]구산방면5-2,,,,
01,수도권,S1,6,6호선,0468,응암,ELEC,전동휠체어충전설비,2,지하,1,지하 1층,지하1층 E/L 옆,,,,
01,수도권,S1,6,6호선,0468,응암,TOLT,일반화장실(남),2,지하,1,지하 1층,대합실 B1층 GS25 편의점 옆,1,일반,1,남
01,수도권,S1,6,6호선,0468,응암,TOLT,일반화장실(여),2,지하,1,지하 1층,대합실 B1층 GS25 편의점 옆,1,일반,2,여
01,수도권,S1,6,6호선,0468,응암,TOLT,장애인화장실(남),2,지하,1,지하 1층,대합실 B1층 GS25 편의점 옆,2,장애인,1,남
01,수도권,S1,6,6호선,0468,응암,TOLT,장애인화장실(여),2,지하,1,지하 1층,대합실 B1층 GS25 편의점 옆,2,장애인,2,여
01,수도권,S1,6,6호선,0468,응암,INFO,고객센터,2,지하,1,지하 1층,B1층 대합실,,,,
01,수도권,S1,6,6호선,0468,응암,LARM,수유실,2,지하,1,지하 1층,B1 고객안전실 앞,,,,
01,수도권,S1,6,6호선,0468,응암,EV,일반승강기,2,지하,2,지하 2층,[1호기]구산방면5-2,,,,
01,수도권,S1,6,6호선,0416,역촌,EV,일반승강기,1,지상,1,지상 1층,[2호기]4번출구측,,,,
01,수도권,S1,6,6호선,0416,역촌,EV,일반승강기,2,지하,1,지하 1층,[2호기]4번출구측,,,,
01,수도권,S1,6,6호선,0416,역촌,EV,일반승강기,2,지하,1,지하 1층,[1호기]응암방면4-2,,,,
01,수도권,S1,6,6호선,0416,역촌,ELEC,전동휠체어충전설비,2,지하,1,지하 1층,지하1층 4번출구 옆,,,,
01,수도권,S1,6,6호선,0416,역촌,TOLT,일반화장실(남),2,지하,1,지하 1층,대합실 1층 3번출입구 옆 ,1,일반,1,남
01,수도권,S1,6,6호선,0416,역촌,TOLT,일반화장실(여),2,지하,1,지하 1층,대합실 1층 3번출입구 옆 ,1,일반,2,여
01,수도권,S1,6,6호선,0416,역촌,TOLT,장애인화장실(남),2,지하,1,지하 1층,대합실 1층 3번출입구 옆 ,2,장애인,1,남
01,수도권,S1,6,6호선,0416,역촌,TOLT,장애인화장실(여),2,지하,1,지하 1층,대합실 1층 3번출입구 옆 ,2,장애인,2,여
01,수도권,S1,6,6호선,0416,역촌,INFO,고객센터,2,지하,1,지하 1층,B1층 대합실,,,,
01,수도권,S1,6,6호선,0416,역촌,EV,일반승강기,2,지하,2,지하 2층,[1호기](B1-B4)승강장,,,,
01,수도권,S1,6,6호선,0416,역촌,EV,일반승강기,2,지하,3,지하 3층,[1호기](B1-B4)승강장,,,,
01,수도권,S1,6,6호선,0416,역촌,EV,일반승강기,2,지하,4,지하 4층,[1호기]응암방면4-2,,,,
01,수도권,S1,6,6호선,0255,불광,EV,일반승강기,1,지상,1,지상 1층,[3호기]8번출구측,,,,
01,수도권,S1,6,6호선,0255,불광,EV,일반승강기,2,지하,1,지하 1층,[3호기]8번출구측,,,,
01,수도권,S1,6,6호선,0255,불광,EV,일반승강기,2,지하,1,지하 1층,[1호기]역촌방면2-3,,,,
01,수도권,S1,6,6호선,0255,불광,EV,일반승강기,2,지하,1,지하 1층,[2호기]역촌방면7-2,,,,
01,수도권,S1,6,6호선,0255,불광,TOLT,일반화장실(남),2,지하,1,지하 1층,"지하1층 가 대합실( 6,7번출입구 아래) ",1,일반,1,남
01,수도권,S1,6,6호선,0255,불광,TOLT,일반화장실(여),2,지하,1,지하 1층,"지하1층 가 대합실( 6,7번출입구 아래) ",1,일반,2,여
01,수도권,S1,6,6호선,0255,불광,TOLT,장애인화장실(남),2,지하,1,지하 1층,"지하1층 가 대합실( 6,7번출입구 아래) ",2,장애인,1,남
01,수도권,S1,6,6호선,0255,불광,TOLT,장애인화장실(여),2,지하,1,지하 1층,"지하1층 가 대합실( 6,7번출입구 아래) ",2,장애인,2,여
01,수도권,S1,6,6호선,0255,불광,EV,일반승강기,2,지하,2,지하 2층,[1호기](B1-B4) 승강장,,,,
01,수도권,S1,6,6호선,0255,불광,EV,일반승강기,2,지하,2,지하 2층,[2호기](B1-B4) 승강장,,,,
01,수도권,S1,6,6호선,0255,불광,WCLF,휠체어리프트,2,지하,2,지하 2층,환승통로,,,,
01,수도권,S1,6,6호선,0255,불광,WCLF,휠체어리프트,2,지하,2,지하 2층,환승통로,,,,
01,수도권,S1,6,6호선,0255,불광,INFO,고객센터,2,지하,2,지하 2층,B2층 대합실,,,,
01,수도권,S1,6,6호선,0255,불광,LARM,수유실,2,지하,2,지하 2층,B2 고객안전실 인접,,,,
01,수도권,S1,6,6호선,0255,불광,EV,일반승강기,2,지하,3,지하 3층,[1호기](B1-B4) 승강장,,,,
01,수도권,S1,6,6호선,0255,불광,EV,일반승강기,2,지하,3,지하 3층,[2호기](B1-B4) 승강장,,,,
01,수도권,S1,6,6호선,0255,불광,EV,일반승강기,2,지하,4,지하 4층,[2호기]역촌방면7-2,,,,
01,수도권,S1,6,6호선,0255,불광,EV,일반승강기,2,지하,4,지하 4층,[1호기]역촌방면2-3,,,,
01,수도권,S1,6,6호선,0151,독바위,EV,일반승강기,1,지상,1,지상 1층,[2호기]1번출구측,,,,
01,수도권,S1,6,6호선,0151,독바위,EV,일반승강기,2,지하,1,지하 1층,[2호기]1번출구측,,,,
01,수도권,S1,6,6호선,0151,독바위,EV,일반승강기,2,지하,1,지하 1층,[1호기]연신내방면3-2,,,,
01,수도권,S1,6,6호선,0151,독바위,ELEC,전동휠체어충전설비,2,지하,1,지하 1층,독바위역 B1 에스컬레이터 옆,,,,
01,수도권,S1,6,6호선,0151,독바위,TOLT,일반화장실(남),2,지하,1,지하 1층,대합실 B1층 E/S 7호기 옆 ,1,일반,1,남
01,수도권,S1,6,6호선,0151,독바위,TOLT,일반화장실(여),2,지하,1,지하 1층,대합실 B1층 E/S 7호기 옆 ,1,일반,2,여
01,수도권,S1,6,6호선,0151,독바위,TOLT,장애인화장실(남),2,지하,1,지하 1층,대합실 B1층 E/S 7호기 옆 ,2,장애인,1,남
01,수도권,S1,6,6호선,0151,독바위,TOLT,장애인화장실(여),2,지하,1,지하 1층,대합실 B1층 E/S 7호기 옆 ,2,장애인,2,여
01,수도권,S1,6,6호선,0151,독바위,EV,일반승강기,2,지하,2,지하 2층,[1호기](B1-B6)승강장,,,,
01,수도권,S1,6,6호선,0151,독바위,EV,일반승강기,2,지하,3,지하 3층,[1호기](B1-B6)승강장,,,,
01,수도권,S1,6,6호선,0151,독바위,INFO,고객센터,2,지하,3,지하 3층,B3층 대합실,,,,
01,수도권,S1,6,6호선,0151,독바위,EV,일반승강기,2,지하,4,지하 4층,[1호기](B1-B6)승강장,,,,
01,수도권,S1,6,6호선,0151,독바위,EV,일반승강기,2,지하,5,지하 5층,[1호기](B1-B6)승강장,,,,
01,수도권,S1,6,6호선,0151,독바위,EV,일반승강기,2,지하,6,지하 6층,[1호기]연신내방면3-2,,,,
01,수도권,S1,6,6호선,0418,연신내,EV,일반승강기,1,지상,1,지상 1층,[2호기]6번출구측,,,,
01,수도권,S1,6,6호선,0418,연신내,EV,일반승강기,2,지하,1,지하 1층,[2호기]6번출구측,,,,
01,수도권,S1,6,6호선,0418,연신내,EV,일반승강기,2,지하,1,지하 1층,[1호기]구산방면6-2,,,,
01,수도권,S1,6,6호선,0418,연신내,ELEC,전동휠체어충전설비,2,지하,1,지하 1층,6호선 지하1층 공중전화 부스 옆,,,,
01,수도권,S1,6,6호선,0418,연신내,TOLT,일반화장실(남),2,지하,1,지하 1층,"대합실 B1층 6,7번출입구방향",1,일반,1,남
01,수도권,S1,6,6호선,0418,연신내,TOLT,일반화장실(여),2,지하,1,지하 1층,"대합실 B1층 6,7번출입구방향",1,일반,2,여
01,수도권,S1,6,6호선,0418,연신내,TOLT,장애인화장실(남),2,지하,1,지하 1층,"대합실 B1층 6,7번출입구방향",2,장애인,1,남
01,수도권,S1,6,6호선,0418,연신내,TOLT,장애인화장실(여),2,지하,1,지하 1층,"대합실 B1층 6,7번출입구방향",2,장애인,2,여
01,수도권,S1,6,6호선,0418,연신내,INFO,고객센터,2,지하,1,지하 1층,B1층 대합실,,,,
01,수도권,S1,6,6호선,0418,연신내,EV,일반승강기,2,지하,2,지하 2층,[1호기](B1-B5)승강장,,,,
01,수도권,S1,6,6호선,0418,연신내,EV,일반승강기,2,지하,3,지하 3층,[1호기](B1-B5)승강장,,,,
01,수도권,S1,6,6호선,0418,연신내,EV,일반승강기,2,지하,4,지하 4층,[1호기](B1-B5)승강장,,,,
01,수도권,S1,6,6호선,0418,연신내,EV,일반승강기,2,지하,5,지하 5층,[1호기]구산방면6-2,,,,
01,수도권,S1,6,6호선,0074,구산,EV,일반승강기,1,지상,1,지상 1층,[1호기]4번출구측,,,,
01,수도권,S1,6,6호선,0074,구산,EV,일반승강기,2,지하,1,지하 1층,[1호기]4번출구측,,,,
01,수도권,S1,6,6호선,0074,구산,EV,일반승강기,2,지하,1,지하 1층,[2호기]대합실,,,,
01,수도권,S1,6,6호선,0074,구산,TOLT,일반화장실(남),2,지하,1,지하 1층,대합실 B1층 4번출입구 맞은편,1,일반,1,남
01,수도권,S1,6,6호선,0074,구산,TOLT,일반화장실(여),2,지하,1,지하 1층,대합실 B1층 4번출입구 맞은편,1,일반,2,여
01,수도권,S1,6,6호선,0074,구산,TOLT,장애인화장실(남),2,지하,1,지하 1층,대합실 B1층 4번출입구 맞은편,2,장애인,1,남
01,수도권,S1,6,6호선,0074,구산,TOLT,장애인화장실(여),2,지하,1,지하 1층,대합실 B1층 4번출입구 맞은편,2,장애인,2,여
01,수도권,S1,6,6호선,0074,구산,INFO,고객센터,2,지하,1,지하 1층,B1층 대합실,,,,
01,수도권,S1,6,6호선,0074,구산,EV,일반승강기,2,지하,4,지하 4층,[2호기]대합실,,,,
01,수도권,S1,6,6호선,0285,새절,EV,일반승강기,1,지상,1,지상 1층,[2호기]1번출구측,,,,
01,수도권,S1,6,6호선,0285,새절,EV,일반승강기,2,지하,1,지하 1층,[2호기]1번출구측,,,,
01,수도권,S1,6,6호선,0285,새절,EV,일반승강기,2,지하,1,지하 1층,[3호기]응암방면1-1,,,,
01,수도권,S1,6,6호선,0285,새절,EV,일반승강기,2,지하,1,지하 1층,[1호기]응암방면5-4,,,,
01,수도권,S1,6,6호선,0285,새절,ELEC,전동휠체어충전설비,2,지하,1,지하 1층,지하1층 아이센터 옆 ,,,,
01,수도권,S1,6,6호선,0285,새절,TOLT,일반화장실(남),2,지하,1,지하 1층,대합실 1층 2번 출입구 옆,1,일반,1,남
01,수도권,S1,6,6호선,0285,새절,TOLT,일반화장실(여),2,지하,1,지하 1층,대합실 1층 2번 출입구 옆,1,일반,2,여
01,수도권,S1,6,6호선,0285,새절,TOLT,장애인화장실(남),2,지하,1,지하 1층,대합실 1층 2번 출입구 옆,2,장애인,1,남
01,수도권,S1,6,6호선,0285,새절,TOLT,장애인화장실(여),2,지하,1,지하 1층,대합실 1층 2번 출입구 옆,2,장애인,2,여
01,수도권,S1,6,6호선,0285,새절,INFO,고객센터,2,지하,1,지하 1층,B1층 대합실,,,,
01,수도권,S1,6,6호선,0285,새절,EV,일반승강기,2,지하,2,지하 2층,[1호기]응암방면5-4,,,,
01,수도권,S1,6,6호선,0285,새절,EV,일반승강기,2,지하,2,지하 2층,[3호기]응암방면1-1,,,,
01,수도권,S1,6,6호선,0532,증산,EV,일반승강기,1,지상,1,지상 1층,[3호기]2번출구측,,,,
01,수도권,S1,6,6호선,0532,증산,EV,일반승강기,2,지하,1,지하 1층,[3호기]2번출구측,,,,
01,수도권,S1,6,6호선,0532,증산,EV,일반승강기,2,지하,1,지하 1층,[2호기]디지털미디어시티방면4-3,,,,
01,수도권,S1,6,6호선,0532,증산,EV,일반승강기,2,지하,1,지하 1층,[1호기]새절방면5-1,,,,
01,수도권,S1,6,6호선,0532,증산,ELEC,전동휠체어충전설비,2,지하,1,지하 1층,지하1층 여직원휴게실 옆,,,,
01,수도권,S1,6,6호선,0532,증산,TOLT,일반화장실(남),2,지하,1,지하 1층,대합실 1층 1번출입구 옆,1,일반,1,남
01,수도권,S1,6,6호선,0532,증산,TOLT,일반화장실(여),2,지하,1,지하 1층,대합실 1층 1번출입구 옆,1,일반,2,여
01,수도권,S1,6,6호선,0532,증산,TOLT,장애인화장실(남),2,지하,1,지하 1층,대합실 1층 1번출입구 옆,2,장애인,1,남
01,수도권,S1,6,6호선,0532,증산,TOLT,장애인화장실(여),2,지하,1,지하 1층,대합실 1층 1번출입구 옆,2,장애인,2,여
01,수도권,S1,6,6호선,0532,증산,INFO,고객센터,2,지하,1,지하 1층,B1층 대합실,,,,
01,수도권,S1,6,6호선,0532,증산,EV,일반승강기,2,지하,2,지하 2층,[1호기]새절방면5-1,,,,
01,수도권,S1,6,6호선,0532,증산,EV,일반승강기,2,지하,2,지하 2층,[2호기]디지털미디어시티방면4-3,,,,
01,수도권,S1,6,6호선,0174,디지털미디어시티,EV,일반승강기,1,지상,1,지상 1층,[3호기]4번출구측,,,,
01,수도권,S1,6,6호선,0174,디지털미디어시티,EV,일반승강기,2,지하,1,지하 1층,[3호기]4번출구측,,,,
01,수도권,S1,6,6호선,0174,디지털미디어시티,EV,일반승강기,2,지하,1,지하 1층,[1호기]증산방면3-4,,,,
01,수도권,S1,6,6호선,0174,디지털미디어시티,EV,일반승강기,2,지하,1,지하 1층,[2호기]월드컵경기장방면8-4,,,,
01,수도권,S1,6,6호선,0174,디지털미디어시티,TOLT,일반화장실(남),2,지하,1,지하 1층,"대합실 지하1층 2,3번출입구 옆",1,일반,1,남
01,수도권,S1,6,6호선,0174,디지털미디어시티,TOLT,일반화장실(남),2,지하,1,지하 1층,대합실 지하1층 4번출입구 옆,1,일반,1,남
01,수도권,S1,6,6호선,0174,디지털미디어시티,TOLT,일반화장실(여),2,지하,1,지하 1층,대합실 지하1층 4번출입구 옆,1,일반,2,여
01,수도권,S1,6,6호선,0174,디지털미디어시티,TOLT,일반화장실(여),2,지하,1,지하 1층,"대합실 지하1층 2,3번출입구 옆",1,일반,2,여
01,수도권,S1,6,6호선,0174,디지털미디어시티,TOLT,장애인화장실(남),2,지하,1,지하 1층,"대합실 지하1층 2,3번출입구 옆",2,장애인,1,남
01,수도권,S1,6,6호선,0174,디지털미디어시티,TOLT,장애인화장실(남),2,지하,1,지하 1층,대합실 지하1층 4번출입구 옆,2,장애인,1,남
01,수도권,S1,6,6호선,0174,디지털미디어시티,TOLT,장애인화장실(여),2,지하,1,지하 1층,"대합실 지하1층 2,3번출입구 옆",2,장애인,2,여
01,수도권,S1,6,6호선,0174,디지털미디어시티,TOLT,장애인화장실(여),2,지하,1,지하 1층,대합실 지하1층 4번출입구 옆,2,장애인,2,여
01,수도권,S1,6,6호선,0174,디지털미디어시티,INFO,고객센터,2,지하,1,지하 1층,B1층 대합실,,,,
01,수도권,S1,6,6호선,0174,디지털미디어시티,EV,일반승강기,2,지하,2,지하 2층,[2호기]월드컵경기장방면8-4,,,,
01,수도권,S1,6,6호선,0174,디지털미디어시티,EV,일반승강기,2,지하,2,지하 2층,[1호기]증산방면3-4,,,,
01,수도권,S1,6,6호선,0174,디지털미디어시티,WCLF,휠체어리프트,2,지하,2,지하 2층,증산 방면8-4,,,,
01,수도권,S1,6,6호선,0174,디지털미디어시티,WCLF,휠체어리프트,2,지하,2,지하 2층,월드컵경기장 방면1-1,,,,
01,수도권,S1,6,6호선,0462,월드컵경기장,EV,일반승강기,1,지상,1,지상 1층,[3호기]2번출구측,,,,
01,수도권,S1,6,6호선,0462,월드컵경기장,EV,일반승강기,2,지하,1,지하 1층,[3호기](F1-B2)2번 출입구,,,,
01,수도권,S1,6,6호선,0462,월드컵경기장,TOLT,일반화장실(남),2,지하,1,지하 1층,대합실 (B1 1번출입구방향 표 내는 곳안쪽),1,일반,1,남
01,수도권,S1,6,6호선,0462,월드컵경기장,TOLT,일반화장실(남),2,지하,1,지하 1층,대합실 (B1 2번출입구방향 표 내는 곳옆),1,일반,1,남
01,수도권,S1,6,6호선,0462,월드컵경기장,TOLT,일반화장실(여),2,지하,1,지하 1층,대합실 (B1 2번출입구방향 표 내는 곳옆),1,일반,2,여
01,수도권,S1,6,6호선,0462,월드컵경기장,TOLT,일반화장실(여),2,지하,1,지하 1층,대합실 (B1 1번출입구방향 표 내는 곳안쪽),1,일반,2,여
01,수도권,S1,6,6호선,0462,월드컵경기장,TOLT,장애인화장실(남),2,지하,1,지하 1층,대합실 (B1 2번출입구방향 표 내는 곳옆),2,장애인,1,남
01,수도권,S1,6,6호선,0462,월드컵경기장,TOLT,장애인화장실(남),2,지하,1,지하 1층,대합실 (B1 1번출입구방향 표 내는 곳안쪽),2,장애인,1,남
01,수도권,S1,6,6호선,0462,월드컵경기장,TOLT,장애인화장실(여),2,지하,1,지하 1층,대합실 (B1 1번출입구방향 표 내는 곳안쪽),2,장애인,2,여
01,수도권,S1,6,6호선,0462,월드컵경기장,TOLT,장애인화장실(여),2,지하,1,지하 1층,대합실 (B1 2번출입구방향 표 내는 곳옆),2,장애인,2,여
01,수도권,S1,6,6호선,0462,월드컵경기장,EV,일반승강기,2,지하,2,지하 2층,[3호기]2번출구측,,,,
01,수도권,S1,6,6호선,0462,월드컵경기장,EV,일반승강기,2,지하,2,지하 2층,[1호기]디지털미디어시티방면4-4,,,,
01,수도권,S1,6,6호선,0462,월드컵경기장,EV,일반승강기,2,지하,2,지하 2층,[2호기]마포구청방면4-4,,,,
01,수도권,S1,6,6호선,0462,월드컵경기장,ELEC,전동휠체어충전설비,2,지하,2,지하 2층,3번출구쪽 대합실 지하2층 편의점 왼편,,,,
01,수도권,S1,6,6호선,0462,월드컵경기장,INFO,고객센터,2,지하,2,지하 2층,B2층 대합실,,,,
01,수도권,S1,6,6호선,0462,월드컵경기장,LARM,수유실,2,지하,2,지하 2층,B2 고객안전실 인접,,,,
01,수도권,S1,6,6호선,0462,월드컵경기장,EV,일반승강기,2,지하,3,지하 3층,[1호기]디지털미디어시티방면4-4,,,,
01,수도권,S1,6,6호선,0462,월드컵경기장,EV,일반승강기,2,지하,3,지하 3층,[2호기]마포구청방면4-4,,,,
01,수도권,S1,6,6호선,0186,마포구청,EV,일반승강기,1,지상,1,지상 1층,[4호기]2번출구측,,,,
01,수도권,S1,6,6호선,0186,마포구청,EV,일반승강기,1,지상,1,지상 1층,[3호기]8번출구측,,,,
01,수도권,S1,6,6호선,0186,마포구청,EV,일반승강기,2,지하,1,지하 1층,[3호기](F1-B2)8번 출입구,,,,
01,수도권,S1,6,6호선,0186,마포구청,EV,일반승강기,2,지하,1,지하 1층,[4호기](F1-B2)2번 출입구,,,,
01,수도권,S1,6,6호선,0186,마포구청,TOLT,일반화장실(남),2,지하,1,지하 1층,나대합실 지하1층 편의점옆,1,일반,1,남
01,수도권,S1,6,6호선,0186,마포구청,TOLT,일반화장실(여),2,지하,1,지하 1층,나대합실 지하1층 편의점옆,1,일반,2,여
01,수도권,S1,6,6호선,0186,마포구청,TOLT,장애인화장실(남),2,지하,1,지하 1층,나대합실 지하1층 편의점옆,2,장애인,1,남
01,수도권,S1,6,6호선,0186,마포구청,TOLT,장애인화장실(여),2,지하,1,지하 1층,나대합실 지하1층 편의점옆,2,장애인,2,여
01,수도권,S1,6,6호선,0186,마포구청,INFO,고객센터,2,지하,1,지하 1층,B1층 대합실,,,,
01,수도권,S1,6,6호선,0186,마포구청,EV,일반승강기,2,지하,2,지하 2층,[3호기]8번출구측,,,,
01,수도권,S1,6,6호선,0186,마포구청,EV,일반승강기,2,지하,2,지하 2층,[4호기]2번출구측,,,,
01,수도권,S1,6,6호선,0186,마포구청,EV,일반승강기,2,지하,2,지하 2층,[2호기]망원방면8-4,,,,
01,수도권,S1,6,6호선,0186,마포구청,EV,일반승강기,2,지하,2,지하 2층,[1호기]월드컵경기장방면1-1,,,,
01,수도권,S1,6,6호선,0186,마포구청,TOLT,일반화장실(남),2,지하,2,지하 2층,가대합실 지하2층,1,일반,1,남
01,수도권,S1,6,6호선,0186,마포구청,TOLT,일반화장실(여),2,지하,2,지하 2층,가대합실 지하2층,1,일반,2,여
01,수도권,S1,6,6호선,0186,마포구청,TOLT,장애인화장실(남),2,지하,2,지하 2층,가대합실 지하2층,2,장애인,1,남
01,수도권,S1,6,6호선,0186,마포구청,TOLT,장애인화장실(여),2,지하,2,지하 2층,가대합실 지하2층,2,장애인,2,여
01,수도권,S1,6,6호선,0186,마포구청,EV,일반승강기,2,지하,3,지하 3층,[2호기]망원방면8-4,,,,
01,수도권,S1,6,6호선,0186,마포구청,EV,일반승강기,2,지하,3,지하 3층,[1호기]월드컵경기장방면1-1,,,,
01,수도권,S1,6,6호선,0189,망원,EV,일반승강기,1,지상,1,지상 1층,"[2호기]2번출구측,합정방면4-4",,,,
01,수도권,S1,6,6호선,0189,망원,EV,일반승강기,2,지하,1,지하 1층,[2호기](F1-B2) 승강장,,,,
01,수도권,S1,6,6호선,0189,망원,EV,일반승강기,2,지하,1,지하 1층,[1호기]마포구청방면5-1,,,,
01,수도권,S1,6,6호선,0189,망원,ELEC,전동휠체어충전설비,2,지하,1,지하 1층,지하1층 화장실 입구,,,,
01,수도권,S1,6,6호선,0189,망원,TOLT,일반화장실(남),2,지하,1,지하 1층,B1 대합실 1번출입구 옆,1,일반,1,남
01,수도권,S1,6,6호선,0189,망원,TOLT,일반화장실(여),2,지하,1,지하 1층,B1 대합실 1번출입구 옆,1,일반,2,여
01,수도권,S1,6,6호선,0189,망원,TOLT,장애인화장실(남),2,지하,1,지하 1층,B1 대합실 1번출입구 옆,2,장애인,1,남
01,수도권,S1,6,6호선,0189,망원,TOLT,장애인화장실(여),2,지하,1,지하 1층,B1 대합실 1번출입구 옆,2,장애인,2,여
01,수도권,S1,6,6호선,0189,망원,INFO,고객센터,2,지하,1,지하 1층,B1층 대합실,,,,
01,수도권,S1,6,6호선,0189,망원,EV,일반승강기,2,지하,2,지하 2층,[1호기]마포구청방면5-1,,,,
01,수도권,S1,6,6호선,0189,망원,EV,일반승강기,2,지하,2,지하 2층,"[2호기]2번출구측,합정방면4-4",,,,
01,수도권,S1,6,6호선,0591,합정,EV,일반승강기,1,지상,1,지상 1층,[3호기]6번출구측,,,,
01,수도권,S1,6,6호선,0591,합정,EV,일반승강기,2,지하,1,지하 1층,[3호기]6번출구측,,,,
01,수도권,S1,6,6호선,0591,합정,EV,일반승강기,2,지하,1,지하 1층,[1호기]망원방면4-2,,,,
01,수도권,S1,6,6호선,0591,합정,ELEC,전동휠체어충전설비,2,지하,1,지하 1층,지하1층 편의점 옆,,,,
01,수도권,S1,6,6호선,0591,합정,TOLT,일반화장실(남),2,지하,1,지하 1층,대합실 1층 8번출입구 앞,1,일반,1,남
01,수도권,S1,6,6호선,0591,합정,TOLT,일반화장실(여),2,지하,1,지하 1층,대합실 1층 8번출입구 앞,1,일반,2,여
01,수도권,S1,6,6호선,0591,합정,TOLT,장애인화장실(남),2,지하,1,지하 1층,대합실 1층 8번출입구 앞,2,장애인,1,남
01,수도권,S1,6,6호선,0591,합정,TOLT,장애인화장실(여),2,지하,1,지하 1층,대합실 1층 8번출입구 앞,2,장애인,2,여
01,수도권,S1,6,6호선,0591,합정,INFO,고객센터,2,지하,1,지하 1층,B1층 대합실,,,,
01,수도권,S1,6,6호선,0591,합정,LARM,수유실,2,지하,1,지하 1층,B1 고객안전실 내부,,,,
01,수도권,S1,6,6호선,0591,합정,EV,일반승강기,2,지하,2,지하 2층,[1호기](B1-B4) 승강장,,,,
01,수도권,S1,6,6호선,0591,합정,EV,일반승강기,2,지하,3,지하 3층,[1호기](B1-B4) 승강장,,,,
01,수도권,S1,6,6호선,0591,합정,EV,일반승강기,2,지하,3,지하 3층,[2호기]상수방면6-2,,,,
01,수도권,S1,6,6호선,0591,합정,EV,일반승강기,2,지하,4,지하 4층,[1호기]망원방면4-2,,,,
01,수도권,S1,6,6호선,0591,합정,EV,일반승강기,2,지하,4,지하 4층,[2호기]상수방면6-2,,,,
01,수도권,S1,6,6호선,0278,상수,EV,일반승강기,1,지상,1,지상 1층,[2호기]3번출구측,,,,
01,수도권,S1,6,6호선,0278,상수,EV,일반승강기,2,지하,1,지하 1층,[2호기]3번출구측,,,,
01,수도권,S1,6,6호선,0278,상수,EV,일반승강기,2,지하,1,지하 1층,[3호기]대합실,,,,
01,수도권,S1,6,6호선,0278,상수,EV,일반승강기,2,지하,2,지하 2층,[3호기]대합실,,,,
01,수도권,S1,6,6호선,0278,상수,EV,일반승강기,2,지하,2,지하 2층,"[1호기]합정방면4-4,광흥창방면5-1",,,,
01,수도권,S1,6,6호선,0278,상수,TOLT,일반화장실(남),2,지하,2,지하 2층,B2 대합실 상가 미샤 옆,1,일반,1,남
01,수도권,S1,6,6호선,0278,상수,TOLT,일반화장실(여),2,지하,2,지하 2층,B2 대합실 상가 미샤 옆,1,일반,2,여
01,수도권,S1,6,6호선,0278,상수,TOLT,장애인화장실(남),2,지하,2,지하 2층,B2 대합실 상가 미샤 옆,2,장애인,1,남
01,수도권,S1,6,6호선,0278,상수,TOLT,장애인화장실(여),2,지하,2,지하 2층,B2 대합실 상가 미샤 옆,2,장애인,2,여
01,수도권,S1,6,6호선,0278,상수,INFO,고객센터,2,지하,2,지하 2층,B2층 대합실,,,,
01,수도권,S1,6,6호선,0278,상수,EV,일반승강기,2,지하,3,지하 3층,"[1호기]합정방면4-4,광흥창방면5-1",,,,
01,수도권,S1,6,6호선,0067,광흥창,EV,일반승강기,1,지상,1,지상 1층,[3호기]4번출구측,,,,
01,수도권,S1,6,6호선,0067,광흥창,EV,일반승강기,1,지상,1,지상 1층,[1호기]1번출구측,,,,
01,수도권,S1,6,6호선,0067,광흥창,EV,일반승강기,2,지하,1,지하 1층,[3호기]4번출구측,,,,
01,수도권,S1,6,6호선,0067,광흥창,EV,일반승강기,2,지하,1,지하 1층,[1호기](F1-B2)1번 출입구,,,,
01,수도권,S1,6,6호선,0067,광흥창,EV,일반승강기,2,지하,2,지하 2층,[1호기]1번출구측,,,,
01,수도권,S1,6,6호선,0067,광흥창,EV,일반승강기,2,지하,2,지하 2층,"[2호기]상수방면1-2,대흥방면8-3",,,,
01,수도권,S1,6,6호선,0067,광흥창,ELEC,전동휠체어충전설비,2,지하,2,지하 2층,지하2층 역무실 옆(가대합실),,,,
01,수도권,S1,6,6호선,0067,광흥창,TOLT,일반화장실(남),2,지하,2,지하 2층,대합실 2층 (1256번출입구방향),1,일반,1,남
01,수도권,S1,6,6호선,0067,광흥창,TOLT,일반화장실(여),2,지하,2,지하 2층,대합실 2층 (1256번출입구방향),1,일반,2,여
01,수도권,S1,6,6호선,0067,광흥창,TOLT,장애인화장실(남),2,지하,2,지하 2층,대합실 2층 (1256번출입구방향),2,장애인,1,남
01,수도권,S1,6,6호선,0067,광흥창,TOLT,장애인화장실(여),2,지하,2,지하 2층,대합실 2층 (1256번출입구방향),2,장애인,2,여
01,수도권,S1,6,6호선,0067,광흥창,INFO,고객센터,2,지하,2,지하 2층,B2층 대합실,,,,
01,수도권,S1,6,6호선,0067,광흥창,EV,일반승강기,2,지하,3,지하 3층,"[2호기]상수방면1-2,대흥방면8-3",,,,
01,수도권,S1,6,6호선,0138,대흥,EV,일반승강기,1,지상,1,지상 1층,[3호기]3번출구측,,,,
01,수도권,S1,6,6호선,0138,대흥,EV,일반승강기,2,지하,1,지하 1층,[2호기]대합실,,,,
01,수도권,S1,6,6호선,0138,대흥,TOLT,일반화장실(남),2,지하,1,지하 1층,대합실 1층 4번출입구 앞,1,일반,1,남
01,수도권,S1,6,6호선,0138,대흥,TOLT,일반화장실(여),2,지하,1,지하 1층,대합실 1층 4번출입구 앞,1,일반,2,여
01,수도권,S1,6,6호선,0138,대흥,TOLT,장애인화장실(남),2,지하,1,지하 1층,대합실 1층 4번출입구 앞,2,장애인,1,남
01,수도권,S1,6,6호선,0138,대흥,TOLT,장애인화장실(여),2,지하,1,지하 1층,대합실 1층 4번출입구 앞,2,장애인,2,여
01,수도권,S1,6,6호선,0138,대흥,EV,일반승강기,2,지하,2,지하 2층,[3호기]3번출구측,,,,
01,수도권,S1,6,6호선,0138,대흥,EV,일반승강기,2,지하,2,지하 2층,[2호기]대합실,,,,
01,수도권,S1,6,6호선,0138,대흥,EV,일반승강기,2,지하,2,지하 2층,"[1호기]광흥창방면4-4,공덕방면5-1",,,,
01,수도권,S1,6,6호선,0138,대흥,INFO,고객센터,2,지하,2,지하 2층,B2층 대합실,,,,
01,수도권,S1,6,6호선,0138,대흥,LARM,수유실,2,지하,2,지하 2층,B2 고객안전실 내부,,,,
01,수도권,S1,6,6호선,0138,대흥,EV,일반승강기,2,지하,3,지하 3층,"[1호기]광흥창방면4-4,공덕방면5-1",,,,
01,수도권,S1,6,6호선,0054,공덕,EV,일반승강기,1,지상,1,지상 1층,[3호기]5번출구측,,,,
01,수도권,S1,6,6호선,0054,공덕,EV,일반승강기,2,지하,1,지하 1층,[3호기]5번출구측,,,,
01,수도권,S1,6,6호선,0054,공덕,EV,일반승강기,2,지하,1,지하 1층,[2호기]효창공원방면4-4,,,,
01,수도권,S1,6,6호선,0054,공덕,EV,일반승강기,2,지하,1,지하 1층,[1호기]대흥방면4-4,,,,
01,수도권,S1,6,6호선,0054,공덕,ELEC,전동휠체어충전설비,2,지하,1,지하 1층,6호선 환승통로(B3 E/L4호기 옆),,,,
01,수도권,S1,6,6호선,0054,공덕,TOLT,일반화장실(남),2,지하,1,지하 1층,대합실 1층 7번출입구 앞,1,일반,1,남
01,수도권,S1,6,6호선,0054,공덕,TOLT,일반화장실(여),2,지하,1,지하 1층,대합실 1층 7번출입구 앞,1,일반,2,여
01,수도권,S1,6,6호선,0054,공덕,TOLT,장애인화장실(남),2,지하,1,지하 1층,대합실 1층 7번출입구 앞,2,장애인,1,남
01,수도권,S1,6,6호선,0054,공덕,TOLT,장애인화장실(여),2,지하,1,지하 1층,대합실 1층 7번출입구 앞,2,장애인,2,여
01,수도권,S1,6,6호선,0054,공덕,INFO,고객센터,2,지하,1,지하 1층,B1층 대합실,,,,
01,수도권,S1,6,6호선,0054,공덕,EV,일반승강기,2,지하,2,지하 2층,[1호기]대흥방면4-4,,,,
01,수도권,S1,6,6호선,0054,공덕,EV,일반승강기,2,지하,2,지하 2층,[2호기]효창공원방면4-4,,,,
01,수도권,S1,6,6호선,0054,공덕,EV,일반승강기,2,지하,2,지하 2층,[4호기]환승통로,,,,
01,수도권,S1,6,6호선,0054,공덕,EV,일반승강기,2,지하,2,지하 2층,[5호기]환승통로,,,,
01,수도권,S1,6,6호선,0054,공덕,EV,일반승강기,2,지하,3,지하 3층,[5호기]환승통로,,,,
01,수도권,S1,6,6호선,0054,공덕,EV,일반승강기,2,지하,3,지하 3층,[4호기]환승통로,,,,
01,수도권,S1,6,6호선,0609,효창공원앞,EV,일반승강기,2,지하,1,지하 1층,[2호기]대합실,,,,
01,수도권,S1,6,6호선,0609,효창공원앞,TOLT,일반화장실(남),2,지하,1,지하 1층,"대합실 1층 3,6번 출입구 앞",1,일반,1,남
01,수도권,S1,6,6호선,0609,효창공원앞,TOLT,일반화장실(여),2,지하,1,지하 1층,"대합실 1층 3,6번 출입구 앞",1,일반,2,여
01,수도권,S1,6,6호선,0609,효창공원앞,TOLT,장애인화장실(남),2,지하,1,지하 1층,"대합실 1층 3,6번 출입구 앞",2,장애인,1,남
01,수도권,S1,6,6호선,0609,효창공원앞,TOLT,장애인화장실(여),2,지하,1,지하 1층,"대합실 1층 3,6번 출입구 앞",2,장애인,2,여
01,수도권,S1,6,6호선,0609,효창공원앞,INFO,고객센터,2,지하,1,지하 1층,B1층 대합실,,,,
01,수도권,S1,6,6호선,0609,효창공원앞,EV,일반승강기,2,지하,2,지하 2층,[2호기]대합실,,,,
01,수도권,S1,6,6호선,0609,효창공원앞,EV,일반승강기,2,지하,2,지하 2층,"[1호기]공덕방면5-3,삼각지방면4-2",,,,
01,수도권,S1,6,6호선,0609,효창공원앞,EV,일반승강기,2,지하,3,지하 3층,"[1호기]공덕방면5-3,삼각지방면4-2",,,,
01,수도권,S1,6,6호선,0263,삼각지,EV,일반승강기,1,지상,1,지상 1층,[4호기]12번출구측,,,,
01,수도권,S1,6,6호선,0263,삼각지,EV,일반승강기,1,지상,1,지상 1층,[3호기]8번출구측,,,,
01,수도권,S1,6,6호선,0263,삼각지,EV,일반승강기,2,지하,1,지하 1층,[4호기](F1-B3)12번 출입구,,,,
01,수도권,S1,6,6호선,0263,삼각지,EV,일반승강기,2,지하,1,지하 1층,[3호기](F1-B3)8번 출입구,,,,
01,수도권,S1,6,6호선,0263,삼각지,TOLT,일반화장실(남),2,지하,1,지하 1층,"대합실 1층 7,8번 출입구 측면",1,일반,1,남
01,수도권,S1,6,6호선,0263,삼각지,TOLT,일반화장실(여),2,지하,1,지하 1층,"대합실 1층 7,8번 출입구 측면",1,일반,2,여
01,수도권,S1,6,6호선,0263,삼각지,TOLT,장애인화장실(남),2,지하,1,지하 1층,"대합실 1층 7,8번 출입구 측면",2,장애인,1,남
01,수도권,S1,6,6호선,0263,삼각지,TOLT,장애인화장실(여),2,지하,1,지하 1층,"대합실 1층 7,8번 출입구 측면",2,장애인,2,여
01,수도권,S1,6,6호선,0263,삼각지,EV,일반승강기,2,지하,2,지하 2층,[3호기](F1-B3)8번 출입구,,,,
01,수도권,S1,6,6호선,0263,삼각지,EV,일반승강기,2,지하,2,지하 2층,[4호기](F1-B3)12번 출입구,,,,
01,수도권,S1,6,6호선,0263,삼각지,EV,일반승강기,2,지하,3,지하 3층,[3호기]8번출구측,,,,
01,수도권,S1,6,6호선,0263,삼각지,EV,일반승강기,2,지하,3,지하 3층,[4호기]12번출구측,,,,
01,수도권,S1,6,6호선,0263,삼각지,EV,일반승강기,2,지하,3,지하 3층,[5호기]환승통로,,,,
01,수도권,S1,6,6호선,0263,삼각지,EV,일반승강기,2,지하,3,지하 3층,[1호기]효창공원앞방면1-1,,,,
01,수도권,S1,6,6호선,0263,삼각지,EV,일반승강기,2,지하,3,지하 3층,[2호기]녹사평방면8-4,,,,
01,수도권,S1,6,6호선,0263,삼각지,INFO,고객센터,2,지하,3,지하 3층,B3층 대합실,,,,
01,수도권,S1,6,6호선,0263,삼각지,LARM,수유실,2,지하,3,지하 3층,B3 고객안전실 인접,,,,
01,수도권,S1,6,6호선,0263,삼각지,EV,일반승강기,2,지하,4,지하 4층,[2호기]녹사평방면8-4,,,,
01,수도권,S1,6,6호선,0263,삼각지,EV,일반승강기,2,지하,4,지하 4층,[1호기]효창공원앞방면1-1,,,,
01,수도권,S1,6,6호선,0263,삼각지,EV,일반승강기,2,지하,4,지하 4층,[5호기]환승통로,,,,
01,수도권,S1,6,6호선,0117,녹사평,EV,일반승강기,1,지상,1,지상 1층,[3호기]3번출구측,,,,
01,수도권,S1,6,6호선,0117,녹사평,EV,일반승강기,2,지하,1,지하 1층,[3호기](F1-B2)1번 출입구,,,,
01,수도권,S1,6,6호선,0117,녹사평,TOLT,일반화장실(남),2,지하,1,지하 1층,"대합실 지하1층 1,2번 출입구 진입 방향",1,일반,1,남
01,수도권,S1,6,6호선,0117,녹사평,TOLT,일반화장실(여),2,지하,1,지하 1층,"대합실 지하1층 1,2번 출입구 진입 방향",1,일반,2,여
01,수도권,S1,6,6호선,0117,녹사평,TOLT,장애인화장실(남),2,지하,1,지하 1층,"대합실 지하1층 1,2번 출입구 진입 방향",2,장애인,1,남
01,수도권,S1,6,6호선,0117,녹사평,TOLT,장애인화장실(여),2,지하,1,지하 1층,"대합실 지하1층 1,2번 출입구 진입 방향",2,장애인,2,여
01,수도권,S1,6,6호선,0117,녹사평,EV,일반승강기,2,지하,2,지하 2층,[3호기]3번출구측,,,,
01,수도권,S1,6,6호선,0117,녹사평,EV,일반승강기,2,지하,2,지하 2층,[2호기]대합실,,,,
01,수도권,S1,6,6호선,0117,녹사평,INFO,고객센터,2,지하,2,지하 2층,B2층 대합실,,,,
01,수도권,S1,6,6호선,0117,녹사평,EV,일반승강기,2,지하,3,지하 3층,[2호기](B2-B4)지하4층 대합실,,,,
01,수도권,S1,6,6호선,0117,녹사평,EV,일반승강기,2,지하,4,지하 4층,[2호기]대합실,,,,
01,수도권,S1,6,6호선,0117,녹사평,EV,일반승강기,2,지하,4,지하 4층,"[1호기]삼각지방면4-3,이태원방면5-1",,,,
01,수도권,S1,6,6호선,0117,녹사평,EV,일반승강기,2,지하,5,지하 5층,"[1호기]삼각지방면4-3,이태원방면5-1",,,,
01,수도권,S1,6,6호선,0479,이태원,EV,일반승강기,1,지상,1,지상 1층,[2호기]2번출구측,,,,
01,수도권,S1,6,6호선,0479,이태원,EV,일반승강기,2,지하,1,지하 1층,[2호기]2번출구측,,,,
01,수도권,S1,6,6호선,0479,이태원,EV,일반승강기,2,지하,1,지하 1층,"[1호기]녹사평방면3-1,한강진방면6-3",,,,
01,수도권,S1,6,6호선,0479,이태원,TOLT,일반화장실(남),2,지하,1,지하 1층,B1 대합실 E/S 옆,1,일반,1,남
01,수도권,S1,6,6호선,0479,이태원,TOLT,일반화장실(여),2,지하,1,지하 1층,B1 대합실 E/S 옆,1,일반,2,여
01,수도권,S1,6,6호선,0479,이태원,TOLT,장애인화장실(남),2,지하,1,지하 1층,B1 대합실 E/S 옆,2,장애인,1,남
01,수도권,S1,6,6호선,0479,이태원,TOLT,장애인화장실(여),2,지하,1,지하 1층,B1 대합실 E/S 옆,2,장애인,2,여
01,수도권,S1,6,6호선,0479,이태원,INFO,고객센터,2,지하,1,지하 1층,B1층 대합실,,,,
01,수도권,S1,6,6호선,0479,이태원,LARM,수유실,2,지하,1,지하 1층,B1 고객안전실 내부,,,,
01,수도권,S1,6,6호선,0479,이태원,EV,일반승강기,2,지하,2,지하 2층,[1호기](B1-B5)승강장,,,,
01,수도권,S1,6,6호선,0479,이태원,EV,일반승강기,2,지하,3,지하 3층,[1호기](B1-B5)승강장,,,,
01,수도권,S1,6,6호선,0479,이태원,EV,일반승강기,2,지하,4,지하 4층,[1호기](B1-B5)승강장,,,,
01,수도권,S1,6,6호선,0479,이태원,EV,일반승강기,2,지하,5,지하 5층,"[1호기]녹사평방면3-1,한강진방면6-3",,,,
01,수도권,S1,6,6호선,0584,한강진,EV,일반승강기,1,지상,1,지상 1층,[3호기]3번출구측,,,,
01,수도권,S1,6,6호선,0584,한강진,EV,일반승강기,2,지하,1,지하 1층,[3호기]3번출구측,,,,
01,수도권,S1,6,6호선,0584,한강진,EV,일반승강기,2,지하,1,지하 1층,[2호기]버티고개방면4-2,,,,
01,수도권,S1,6,6호선,0584,한강진,ELEC,전동휠체어충전설비,2,지하,1,지하 1층,지하1층 아이센터 옆,,,,
01,수도권,S1,6,6호선,0584,한강진,TOLT,일반화장실(남),2,지하,1,지하 1층,대합실 B1층 임대상가(gs25)옆,1,일반,1,남
01,수도권,S1,6,6호선,0584,한강진,TOLT,일반화장실(여),2,지하,1,지하 1층,대합실 B1층 임대상가(gs25)옆,1,일반,2,여
01,수도권,S1,6,6호선,0584,한강진,TOLT,장애인화장실(남),2,지하,1,지하 1층,대합실 B1층 임대상가(gs25)옆,2,장애인,1,남
01,수도권,S1,6,6호선,0584,한강진,TOLT,장애인화장실(여),2,지하,1,지하 1층,대합실 B1층 임대상가(gs25)옆,2,장애인,2,여
01,수도권,S1,6,6호선,0584,한강진,INFO,고객센터,2,지하,1,지하 1층,B1층 대합실,,,,
01,수도권,S1,6,6호선,0584,한강진,EV,일반승강기,2,지하,2,지하 2층,[2호기](B1-B4) 승강장,,,,
01,수도권,S1,6,6호선,0584,한강진,EV,일반승강기,2,지하,3,지하 3층,[2호기](B1-B4) 승강장,,,,
01,수도권,S1,6,6호선,0584,한강진,EV,일반승강기,2,지하,3,지하 3층,[1호기]이태원방면5-2,,,,
01,수도권,S1,6,6호선,0584,한강진,EV,일반승강기,2,지하,4,지하 4층,[1호기]이태원방면5-2,,,,
01,수도권,S1,6,6호선,0584,한강진,EV,일반승강기,2,지하,4,지하 4층,[2호기]버티고개방면4-2,,,,
01,수도권,S1,6,6호선,0227,버티고개,EV,일반승강기,1,지상,1,지상 1층,[5호기]2번출구측,,,,
01,수도권,S1,6,6호선,0227,버티고개,EV,일반승강기,2,지하,1,지하 1층,[5호기]2번출구측,,,,
01,수도권,S1,6,6호선,0227,버티고개,EV,일반승강기,2,지하,1,지하 1층,[2호기]약수방면4-2,,,,
01,수도권,S1,6,6호선,0227,버티고개,TOLT,일반화장실(남),2,지하,1,지하 1층,대합실 1층 1번출입구 앞,1,일반,1,남
01,수도권,S1,6,6호선,0227,버티고개,TOLT,일반화장실(여),2,지하,1,지하 1층,대합실 1층 1번출입구 앞,1,일반,2,여
01,수도권,S1,6,6호선,0227,버티고개,TOLT,장애인화장실(남),2,지하,1,지하 1층,대합실 1층 1번출입구 앞,2,장애인,1,남
01,수도권,S1,6,6호선,0227,버티고개,TOLT,장애인화장실(여),2,지하,1,지하 1층,대합실 1층 1번출입구 앞,2,장애인,2,여
01,수도권,S1,6,6호선,0227,버티고개,INFO,고객센터,2,지하,1,지하 1층,B1층 대합실,,,,
01,수도권,S1,6,6호선,0227,버티고개,EV,일반승강기,2,지하,2,지하 2층,[2호기]약수방면4-2,,,,
01,수도권,S1,6,6호선,0227,버티고개,EV,일반승강기,2,지하,2,지하 2층,[1호기]한강진방면5-3,,,,
01,수도권,S1,6,6호선,0227,버티고개,EV,일반승강기,2,지하,3,지하 3층,[1호기]한강진방면5-3,,,,
01,수도권,S1,6,6호선,0227,버티고개,EV,일반승강기,2,지하,3,지하 3층,[4호기]대합실,,,,
01,수도권,S1,6,6호선,0227,버티고개,EV,일반승강기,2,지하,3,지하 3층,[3호기]대합실,,,,
01,수도권,S1,6,6호선,0227,버티고개,EV,일반승강기,2,지하,4,지하 4층,[3호기]대합실,,,,
01,수도권,S1,6,6호선,0227,버티고개,EV,일반승강기,2,지하,4,지하 4층,[4호기]대합실,,,,
01,수도권,S1,6,6호선,0397,약수,EV,일반승강기,2,지하,1,지하 1층,[4호기]대합실,,,,
01,수도권,S1,6,6호선,0397,약수,EV,일반승강기,2,지하,1,지하 1층,[3호기]버티고개방면6-1,,,,
01,수도권,S1,6,6호선,0397,약수,ELEC,전동휠체어충전설비,2,지하,1,지하 1층,지하1층 E/L 3호기 옆에,,,,
01,수도권,S1,6,6호선,0397,약수,TOLT,일반화장실(남),2,지하,1,지하 1층,"대합실 B1 7,8번 출입구앞",1,일반,1,남
01,수도권,S1,6,6호선,0397,약수,TOLT,일반화장실(여),2,지하,1,지하 1층,"대합실 B1 7,8번 출입구앞",1,일반,2,여
01,수도권,S1,6,6호선,0397,약수,TOLT,장애인화장실(남),2,지하,1,지하 1층,"대합실 B1 7,8번 출입구앞",2,장애인,1,남
01,수도권,S1,6,6호선,0397,약수,TOLT,장애인화장실(여),2,지하,1,지하 1층,"대합실 B1 7,8번 출입구앞",2,장애인,2,여
01,수도권,S1,6,6호선,0397,약수,EV,일반승강기,2,지하,2,지하 2층,[4호기]대합실,,,,
01,수도권,S1,6,6호선,0397,약수,EV,일반승강기,2,지하,2,지하 2층,[3호기](B1-B3) 승강장,,,,
01,수도권,S1,6,6호선,0397,약수,EV,일반승강기,2,지하,2,지하 2층,[2호기]청구방면4-4,,,,
01,수도권,S1,6,6호선,0397,약수,EV,일반승강기,2,지하,2,지하 2층,[1호기]버티고개방면5-1,,,,
01,수도권,S1,6,6호선,0397,약수,INFO,고객센터,2,지하,2,지하 2층,B2층 대합실,,,,
01,수도권,S1,6,6호선,0397,약수,LARM,수유실,2,지하,2,지하 2층,B2 고객안전실 인접,,,,
01,수도권,S1,6,6호선,0397,약수,EV,일반승강기,2,지하,3,지하 3층,[2호기]청구방면4-4,,,,
01,수도권,S1,6,6호선,0397,약수,EV,일반승강기,2,지하,3,지하 3층,[1호기]버티고개방면5-1,,,,
01,수도권,S1,6,6호선,0397,약수,EV,일반승강기,2,지하,3,지하 3층,[3호기]버티고개방면6-1,,,,
01,수도권,S1,6,6호선,0549,청구,EV,일반승강기,1,지상,1,지상 1층,[5호기]1번출구측,,,,
01,수도권,S1,6,6호선,0549,청구,EV,일반승강기,1,지상,1,지상 1층,[4호기]3번출구측,,,,
01,수도권,S1,6,6호선,0549,청구,EV,일반승강기,2,지하,1,지하 1층,[5호기]1번출구측,,,,
01,수도권,S1,6,6호선,0549,청구,EV,일반승강기,2,지하,1,지하 1층,[4호기]3번출구측,,,,
01,수도권,S1,6,6호선,0549,청구,EV,일반승강기,2,지하,1,지하 1층,[2호기]대합실,,,,
01,수도권,S1,6,6호선,0549,청구,EV,일반승강기,2,지하,1,지하 1층,[3호기]대합실,,,,
01,수도권,S1,6,6호선,0549,청구,TOLT,일반화장실(남),2,지하,1,지하 1층,B1 대합실 1번출입구 나가는 방향 맞은편 위치,1,일반,1,남
01,수도권,S1,6,6호선,0549,청구,TOLT,일반화장실(여),2,지하,1,지하 1층,B1 대합실 1번출입구 나가는 방향 맞은편 위치,1,일반,2,여
01,수도권,S1,6,6호선,0549,청구,TOLT,장애인화장실(남),2,지하,1,지하 1층,B1 대합실 1번출입구 나가는 방향 맞은편 위치,2,장애인,1,남
01,수도권,S1,6,6호선,0549,청구,TOLT,장애인화장실(여),2,지하,1,지하 1층,B1 대합실 1번출입구 나가는 방향 맞은편 위치,2,장애인,2,여
01,수도권,S1,6,6호선,0549,청구,INFO,고객센터,2,지하,1,지하 1층,B1층 대합실,,,,
01,수도권,S1,6,6호선,0549,청구,EV,일반승강기,2,지하,2,지하 2층,[3호기](B1-B3)지하3층 대합실,,,,
01,수도권,S1,6,6호선,0549,청구,EV,일반승강기,2,지하,2,지하 2층,[2호기](B1-B3)지하3층 대합실,,,,
01,수도권,S1,6,6호선,0549,청구,EV,일반승강기,2,지하,3,지하 3층,[3호기]대합실,,,,
01,수도권,S1,6,6호선,0549,청구,EV,일반승강기,2,지하,3,지하 3층,[2호기]대합실,,,,
01,수도권,S1,6,6호선,0549,청구,EV,일반승강기,2,지하,3,지하 3층,"[1호기]신금호방면5-3,동대문역사문화공원방면4-1",,,,
01,수도권,S1,6,6호선,0549,청구,EV,일반승강기,2,지하,4,지하 4층,"[1호기]신금호방면5-3,동대문역사문화공원방면4-1",,,,
01,수도권,S1,6,6호선,0356,신당,EV,일반승강기,1,지상,1,지상 1층,"[1호기]청구방면5-3,동묘앞방면4-2",,,,
01,수도권,S1,6,6호선,0356,신당,WCLF,휠체어리프트,2,지하,1,지하 1층,9번 출구 측,,,,
01,수도권,S1,6,6호선,0356,신당,TOLT,일반화장실(남),2,지하,1,지하 1층,대합실 B1층 5~8번출입구 나가는 방향 계단 하부,1,일반,1,남
01,수도권,S1,6,6호선,0356,신당,TOLT,일반화장실(여),2,지하,1,지하 1층,대합실 B1층 5~8번출입구 나가는 방향 계단 하부,1,일반,2,여
01,수도권,S1,6,6호선,0356,신당,TOLT,장애인화장실(남),2,지하,1,지하 1층,대합실 B1층 5~8번출입구 나가는 방향 계단 하부,2,장애인,1,남
01,수도권,S1,6,6호선,0356,신당,TOLT,장애인화장실(여),2,지하,1,지하 1층,대합실 B1층 5~8번출입구 나가는 방향 계단 하부,2,장애인,2,여
01,수도권,S1,6,6호선,0356,신당,INFO,고객센터,2,지하,1,지하 1층,B1층 대합실,,,,
01,수도권,S1,6,6호선,0356,신당,EV,일반승강기,2,지하,2,지하 2층,[1호기](B1-B3)승강장,,,,
01,수도권,S1,6,6호선,0356,신당,WCLF,휠체어리프트,2,지하,2,지하 2층,환승통로,,,,
01,수도권,S1,6,6호선,0356,신당,WCLF,휠체어리프트,2,지하,2,지하 2층,환승통로,,,,
01,수도권,S1,6,6호선,0356,신당,WCLF,휠체어리프트,2,지하,2,지하 2층,환승통로,,,,
01,수도권,S1,6,6호선,0356,신당,EV,일반승강기,2,지하,3,지하 3층,"[1호기]청구방면5-3,동묘앞방면4-2",,,,
01,수도권,S1,6,6호선,0356,신당,WCLF,휠체어리프트,2,지하,3,지하 3층,"청구 방면1-1, 동묘앞 방면8-4",,,,
01,수도권,S1,6,6호선,0161,동묘앞,WCLF,휠체어리프트,2,지하,1,지하 1층,5번 출구 측,,,,
01,수도권,S1,6,6호선,0161,동묘앞,TOLT,일반화장실(남),2,지하,1,지하 1층,대합실 1층 7번출입구 앞,1,일반,1,남
01,수도권,S1,6,6호선,0161,동묘앞,TOLT,일반화장실(여),2,지하,1,지하 1층,대합실 1층 7번출입구 앞,1,일반,2,여
01,수도권,S1,6,6호선,0161,동묘앞,TOLT,장애인화장실(남),2,지하,1,지하 1층,대합실 1층 7번출입구 앞,2,장애인,1,남
01,수도권,S1,6,6호선,0161,동묘앞,TOLT,장애인화장실(여),2,지하,1,지하 1층,대합실 1층 7번출입구 앞,2,장애인,2,여
01,수도권,S1,6,6호선,0161,동묘앞,EV,일반승강기,2,지하,2,지하 2층,"[2호기]신당방면8-4,창신방면1-1",,,,
01,수도권,S1,6,6호선,0161,동묘앞,EV,일반승강기,2,지하,2,지하 2층,"[1호기]신당방면5-3,창신방면4-2",,,,
01,수도권,S1,6,6호선,0161,동묘앞,WCLF,휠체어리프트,2,지하,2,지하 2층,대합실,,,,
01,수도권,S1,6,6호선,0161,동묘앞,INFO,고객센터,2,지하,2,지하 2층,B2층 대합실,,,,
01,수도권,S1,6,6호선,0161,동묘앞,LARM,수유실,2,지하,2,지하 2층,B2 고객안전실 앞,,,,
01,수도권,S1,6,6호선,0161,동묘앞,EV,일반승강기,2,지하,3,지하 3층,"[1호기]신당방면5-3,창신방면4-2",,,,
01,수도권,S1,6,6호선,0161,동묘앞,EV,일반승강기,2,지하,3,지하 3층,"[2호기]신당방면8-4,창신방면1-1",,,,
01,수도권,S1,6,6호선,0542,창신,EV,일반승강기,1,지상,1,지상 1층,[3호기]2번출구측,,,,
01,수도권,S1,6,6호선,0542,창신,EV,일반승강기,1,지상,1,지상 1층,"[2호기]3,4번출구사이",,,,
01,수도권,S1,6,6호선,0542,창신,EV,일반승강기,2,지하,1,지하 1층,[3호기]2번출구측,,,,
01,수도권,S1,6,6호선,0542,창신,EV,일반승강기,2,지하,1,지하 1층,"[2호기]3,4번출구사이",,,,
01,수도권,S1,6,6호선,0542,창신,EV,일반승강기,2,지하,1,지하 1층,"[1호기]동묘앞방면4-2,보문방면5-3",,,,
01,수도권,S1,6,6호선,0542,창신,TOLT,일반화장실(남),2,지하,1,지하 1층,대합실 1층 E/V1호기 뒷편,1,일반,1,남
01,수도권,S1,6,6호선,0542,창신,TOLT,일반화장실(여),2,지하,1,지하 1층,대합실 1층 E/V1호기 뒷편,1,일반,2,여
01,수도권,S1,6,6호선,0542,창신,TOLT,장애인화장실(남),2,지하,1,지하 1층,대합실 1층 E/V1호기 뒷편,2,장애인,1,남
01,수도권,S1,6,6호선,0542,창신,TOLT,장애인화장실(여),2,지하,1,지하 1층,대합실 1층 E/V1호기 뒷편,2,장애인,2,여
01,수도권,S1,6,6호선,0542,창신,INFO,고객센터,2,지하,1,지하 1층,B1층 대합실,,,,
01,수도권,S1,6,6호선,0542,창신,EV,일반승강기,2,지하,2,지하 2층,[1호기](B1-B4)승강장,,,,
01,수도권,S1,6,6호선,0542,창신,EV,일반승강기,2,지하,3,지하 3층,[1호기](B1-B4)승강장,,,,
01,수도권,S1,6,6호선,0542,창신,EV,일반승강기,2,지하,4,지하 4층,"[1호기]동묘앞방면4-2,보문방면5-3",,,,
01,수도권,S1,6,6호선,0234,보문,EV,일반승강기,2,지하,2,지하 2층,"[1호기]창신방면4-4,안암방면5-1",,,,
01,수도권,S1,6,6호선,0234,보문,ELEC,전동휠체어충전설비,2,지하,2,지하 2층,지하2층 게이트 안쪽 벽면,,,,
01,수도권,S1,6,6호선,0234,보문,TOLT,일반화장실(남),2,지하,2,지하 2층,지하2층 대합실 아이센터 옆,1,일반,1,남
01,수도권,S1,6,6호선,0234,보문,TOLT,일반화장실(여),2,지하,2,지하 2층,지하2층 대합실 아이센터 옆,1,일반,2,여
01,수도권,S1,6,6호선,0234,보문,TOLT,장애인화장실(남),2,지하,2,지하 2층,지하2층 대합실 아이센터 옆,2,장애인,1,남
01,수도권,S1,6,6호선,0234,보문,TOLT,장애인화장실(여),2,지하,2,지하 2층,지하2층 대합실 아이센터 옆,2,장애인,2,여
01,수도권,S1,6,6호선,0234,보문,INFO,고객센터,2,지하,2,지하 2층,B2층 대합실,,,,
01,수도권,S1,6,6호선,0234,보문,EV,일반승강기,2,지하,3,지하 3층,"[1호기]창신방면4-4,안암방면5-1",,,,
01,수도권,S1,6,6호선,0389,안암,EV,일반승강기,1,지상,1,지상 1층,[3호기]1번출구측,,,,
01,수도권,S1,6,6호선,0389,안암,EV,일반승강기,2,지하,1,지하 1층,[3호기](F1-B2)1번 출입구,,,,
01,수도권,S1,6,6호선,0389,안암,TOLT,일반화장실(남),2,지하,1,지하 1층,"대합실 B1층 3,4번출입구 계단 인근",1,일반,1,남
01,수도권,S1,6,6호선,0389,안암,TOLT,일반화장실(여),2,지하,1,지하 1층,"대합실 B1층 3,4번출입구 계단 인근",1,일반,2,여
01,수도권,S1,6,6호선,0389,안암,TOLT,장애인화장실(남),2,지하,1,지하 1층,"대합실 B1층 3,4번출입구 계단 인근",2,장애인,1,남
01,수도권,S1,6,6호선,0389,안암,TOLT,장애인화장실(여),2,지하,1,지하 1층,"대합실 B1층 3,4번출입구 계단 인근",2,장애인,2,여
01,수도권,S1,6,6호선,0389,안암,EV,일반승강기,2,지하,2,지하 2층,[3호기]1번출구측,,,,
01,수도권,S1,6,6호선,0389,안암,EV,일반승강기,2,지하,2,지하 2층,[1호기]보문방면5-2,,,,
01,수도권,S1,6,6호선,0389,안암,EV,일반승강기,2,지하,2,지하 2층,[2호기]고려대방면4-3,,,,
01,수도권,S1,6,6호선,0389,안암,ELEC,전동휠체어충전설비,2,지하,2,지하 2층,또타 스토리지 우측 E/S 5~6호기 계단 하부 유휴공간,,,,
01,수도권,S1,6,6호선,0389,안암,TOLT,일반화장실(남),2,지하,2,지하 2층,대합실 B2층 봉화산방면 승강장 계단 인근,1,일반,1,남
01,수도권,S1,6,6호선,0389,안암,TOLT,일반화장실(여),2,지하,2,지하 2층,대합실 B2층 봉화산방면 승강장 계단 인근,1,일반,2,여
01,수도권,S1,6,6호선,0389,안암,TOLT,장애인화장실(남),2,지하,2,지하 2층,대합실 B2층 봉화산방면 승강장 계단 인근,2,장애인,1,남
01,수도권,S1,6,6호선,0389,안암,TOLT,장애인화장실(여),2,지하,2,지하 2층,대합실 B2층 봉화산방면 승강장 계단 인근,2,장애인,2,여
01,수도권,S1,6,6호선,0389,안암,INFO,고객센터,2,지하,2,지하 2층,B2층 대합실,,,,
01,수도권,S1,6,6호선,0389,안암,LARM,수유실,2,지하,2,지하 2층,B2 고객안전실 내부,,,,
01,수도권,S1,6,6호선,0389,안암,EV,일반승강기,2,지하,3,지하 3층,[1호기]보문방면5-2,,,,
01,수도권,S1,6,6호선,0389,안암,EV,일반승강기,2,지하,3,지하 3층,[2호기]고려대방면4-3,,,,
01,수도권,S1,6,6호선,0047,고려대,EV,일반승강기,1,지상,1,지상 1층,"[4호기]3,4번출구사이",,,,
01,수도권,S1,6,6호선,0047,고려대,EV,일반승강기,1,지상,1,지상 1층,[3호기]1번출구측,,,,
01,수도권,S1,6,6호선,0047,고려대,EV,일반승강기,2,지하,1,지하 1층,[3호기]1번출구측,,,,
01,수도권,S1,6,6호선,0047,고려대,EV,일반승강기,2,지하,1,지하 1층,"[4호기]3,4번출구사이",,,,
01,수도권,S1,6,6호선,0047,고려대,EV,일반승강기,2,지하,1,지하 1층,[2호기]월곡방면3-2,,,,
01,수도권,S1,6,6호선,0047,고려대,EV,일반승강기,2,지하,1,지하 1층,[1호기]안암방면6-2,,,,
01,수도권,S1,6,6호선,0047,고려대,ELEC,전동휠체어충전설비,2,지하,1,지하 1층,지하1층 고객상담실앞,,,,
01,수도권,S1,6,6호선,0047,고려대,TOLT,일반화장실(남),2,지하,1,지하 1층,지하 1층 대합실(표 내는 곳 안),1,일반,1,남
01,수도권,S1,6,6호선,0047,고려대,TOLT,일반화장실(여),2,지하,1,지하 1층,지하 1층 대합실(표 내는 곳 안),1,일반,2,여
01,수도권,S1,6,6호선,0047,고려대,TOLT,장애인화장실(남),2,지하,1,지하 1층,지하 1층 대합실(표 내는 곳 안),2,장애인,1,남
01,수도권,S1,6,6호선,0047,고려대,TOLT,장애인화장실(여),2,지하,1,지하 1층,지하 1층 대합실(표 내는 곳 안),2,장애인,2,여
01,수도권,S1,6,6호선,0047,고려대,INFO,고객센터,2,지하,1,지하 1층,B1층 대합실,,,,
01,수도권,S1,6,6호선,0047,고려대,EV,일반승강기,2,지하,2,지하 2층,[2호기](B1-B4) 승강장,,,,
01,수도권,S1,6,6호선,0047,고려대,EV,일반승강기,2,지하,2,지하 2층,[1호기](B1-B4) 승강장,,,,
01,수도권,S1,6,6호선,0047,고려대,EV,일반승강기,2,지하,3,지하 3층,[1호기](B1-B4) 승강장,,,,
01,수도권,S1,6,6호선,0047,고려대,EV,일반승강기,2,지하,3,지하 3층,[2호기](B1-B4) 승강장,,,,
01,수도권,S1,6,6호선,0047,고려대,EV,일반승강기,2,지하,4,지하 4층,[1호기]안암방면6-2,,,,
01,수도권,S1,6,6호선,0047,고려대,EV,일반승강기,2,지하,4,지하 4층,[2호기]월곡방면3-2,,,,
01,수도권,S1,6,6호선,0460,월곡,EV,일반승강기,1,지상,1,지상 1층,"[3호기]1,5번출구사이",,,,
01,수도권,S1,6,6호선,0460,월곡,EV,일반승강기,2,지하,1,지하 1층,"[3호기](F1-B2)1,5번 출입구 사이",,,,
01,수도권,S1,6,6호선,0460,월곡,TOLT,일반화장실(남),2,지하,1,지하 1층,지하 1층 ,1,일반,1,남
01,수도권,S1,6,6호선,0460,월곡,TOLT,일반화장실(여),2,지하,1,지하 1층,지하 1층 ,1,일반,2,여
01,수도권,S1,6,6호선,0460,월곡,TOLT,장애인화장실(남),2,지하,1,지하 1층,지하 1층 ,2,장애인,1,남
01,수도권,S1,6,6호선,0460,월곡,TOLT,장애인화장실(여),2,지하,1,지하 1층,지하 1층 ,2,장애인,2,여
01,수도권,S1,6,6호선,0460,월곡,EV,일반승강기,2,지하,2,지하 2층,"[3호기]1,5번출구사이",,,,
01,수도권,S1,6,6호선,0460,월곡,EV,일반승강기,2,지하,2,지하 2층,[1호기]고려대방면4-4,,,,
01,수도권,S1,6,6호선,0460,월곡,EV,일반승강기,2,지하,2,지하 2층,[2호기]상월곡방면4-4,,,,
01,수도권,S1,6,6호선,0460,월곡,WCLF,휠체어리프트,2,지하,2,지하 2층,아이센터 측(B2),,,,
01,수도권,S1,6,6호선,0460,월곡,ELEC,전동휠체어충전설비,2,지하,2,지하 2층,지하2층 하선 엘리베이터 옆,,,,
01,수도권,S1,6,6호선,0460,월곡,INFO,고객센터,2,지하,2,지하 2층,B2층 대합실,,,,
01,수도권,S1,6,6호선,0460,월곡,EV,일반승강기,2,지하,3,지하 3층,[2호기]상월곡방면4-4,,,,
01,수도권,S1,6,6호선,0460,월곡,EV,일반승강기,2,지하,3,지하 3층,[1호기]고려대방면4-4,,,,
01,수도권,S1,6,6호선,0280,상월곡,EV,일반승강기,1,지상,1,지상 1층,[1호기]4번출구측,,,,
01,수도권,S1,6,6호선,0280,상월곡,EV,일반승강기,2,지하,1,지하 1층,[1호기](F1-B2)4번 출입구,,,,
01,수도권,S1,6,6호선,0280,상월곡,EV,일반승강기,2,지하,2,지하 2층,[3호기]응암방면(1-4),,,,
01,수도권,S1,6,6호선,0280,상월곡,EV,일반승강기,2,지하,2,지하 2층,[2호기]신내방면(8-4),,,,
01,수도권,S1,6,6호선,0280,상월곡,EV,일반승강기,2,지하,2,지하 2층,[1호기]4번출구측,,,,
01,수도권,S1,6,6호선,0280,상월곡,TOLT,일반화장실(남),2,지하,2,지하 2층," 지하 2층 대합실(1, 4번출입구방면)",1,일반,1,남
01,수도권,S1,6,6호선,0280,상월곡,TOLT,일반화장실(여),2,지하,2,지하 2층," 지하 2층 대합실(1, 4번출입구방면)",1,일반,2,여
01,수도권,S1,6,6호선,0280,상월곡,TOLT,장애인화장실(남),2,지하,2,지하 2층," 지하 2층 대합실(1, 4번출입구방면)",2,장애인,1,남
01,수도권,S1,6,6호선,0280,상월곡,TOLT,장애인화장실(여),2,지하,2,지하 2층," 지하 2층 대합실(1, 4번출입구방면)",2,장애인,2,여
01,수도권,S1,6,6호선,0280,상월곡,INFO,고객센터,2,지하,2,지하 2층,B2층 대합실,,,,
01,수도권,S1,6,6호선,0280,상월곡,LARM,수유실,2,지하,2,지하 2층,B2 고객안전실 인접,,,,
01,수도권,S1,6,6호선,0280,상월곡,EV,일반승강기,2,지하,3,지하 3층,[2호기]신내방면(8-4),,,,
01,수도권,S1,6,6호선,0280,상월곡,EV,일반승강기,2,지하,3,지하 3층,[3호기]응암방면(1-4),,,,
01,수도권,S1,6,6호선,0154,돌곶이,EV,일반승강기,1,지상,1,지상 1층,[3호기]3번출구측,,,,
01,수도권,S1,6,6호선,0154,돌곶이,EV,일반승강기,2,지하,1,지하 1층,[3호기]3번출구측,,,,
01,수도권,S1,6,6호선,0154,돌곶이,EV,일반승강기,2,지하,1,지하 1층,[2호기]석계방면4-4,,,,
01,수도권,S1,6,6호선,0154,돌곶이,EV,일반승강기,2,지하,1,지하 1층,[1호기]상월곡방면4-4,,,,
01,수도권,S1,6,6호선,0154,돌곶이,ELEC,전동휠체어충전설비,2,지하,1,지하 1층,지하1층 자동칼라사진기옆,,,,
01,수도권,S1,6,6호선,0154,돌곶이,TOLT,일반화장실(남),2,지하,1,지하 1층,"지하 1층 대합실(6,7번출입구 사이)",1,일반,1,남
01,수도권,S1,6,6호선,0154,돌곶이,TOLT,일반화장실(여),2,지하,1,지하 1층,"지하 1층 대합실(6,7번출입구 사이)",1,일반,2,여
01,수도권,S1,6,6호선,0154,돌곶이,TOLT,장애인화장실(남),2,지하,1,지하 1층,"지하 1층 대합실(6,7번출입구 사이)",2,장애인,1,남
01,수도권,S1,6,6호선,0154,돌곶이,TOLT,장애인화장실(여),2,지하,1,지하 1층,"지하 1층 대합실(6,7번출입구 사이)",2,장애인,2,여
01,수도권,S1,6,6호선,0154,돌곶이,INFO,고객센터,2,지하,1,지하 1층,B1층 대합실,,,,
01,수도권,S1,6,6호선,0154,돌곶이,EV,일반승강기,2,지하,2,지하 2층,[1호기]상월곡방면4-4,,,,
01,수도권,S1,6,6호선,0154,돌곶이,EV,일반승강기,2,지하,2,지하 2층,[2호기]석계방면4-4,,,,
01,수도권,S1,6,6호선,0300,석계,EV,일반승강기,1,지상,1,지상 1층,[4호기]4번출구측,,,,
01,수도권,S1,6,6호선,0300,석계,EV,일반승강기,1,지상,1,지상 1층,[3호기]1번출구측,,,,
01,수도권,S1,6,6호선,0300,석계,EV,일반승강기,2,지하,1,지하 1층,[4호기](F1-B2)4번 출입구,,,,
01,수도권,S1,6,6호선,0300,석계,EV,일반승강기,2,지하,1,지하 1층,[3호기](F1-B2)1번 출입구,,,,
01,수도권,S1,6,6호선,0300,석계,TOLT,일반화장실(남),2,지하,1,지하 1층,지하 1층 대합실(7번출입구 앞),1,일반,1,남
01,수도권,S1,6,6호선,0300,석계,TOLT,일반화장실(여),2,지하,1,지하 1층,지하 1층 대합실(7번출입구 앞),1,일반,2,여
01,수도권,S1,6,6호선,0300,석계,TOLT,장애인화장실(남),2,지하,1,지하 1층,지하 1층 대합실(7번출입구 앞),2,장애인,1,남
01,수도권,S1,6,6호선,0300,석계,TOLT,장애인화장실(여),2,지하,1,지하 1층,지하 1층 대합실(7번출입구 앞),2,장애인,2,여
01,수도권,S1,6,6호선,0300,석계,EV,일반승강기,2,지하,2,지하 2층,[4호기]4번출구측,,,,
01,수도권,S1,6,6호선,0300,석계,EV,일반승강기,2,지하,2,지하 2층,[3호기]1번출구측,,,,
01,수도권,S1,6,6호선,0300,석계,EV,일반승강기,2,지하,2,지하 2층,[2호기]태릉입구방면6-2,,,,
01,수도권,S1,6,6호선,0300,석계,EV,일반승강기,2,지하,2,지하 2층,[1호기]돌곶이방면3-3,,,,
01,수도권,S1,6,6호선,0300,석계,TOLT,일반화장실(남),2,지하,2,지하 2층,지하 2층 대합실(환승통로),1,일반,1,남
01,수도권,S1,6,6호선,0300,석계,TOLT,일반화장실(여),2,지하,2,지하 2층,지하 2층 대합실(환승통로),1,일반,2,여
01,수도권,S1,6,6호선,0300,석계,TOLT,장애인화장실(남),2,지하,2,지하 2층,지하 2층 대합실(환승통로),2,장애인,1,남
01,수도권,S1,6,6호선,0300,석계,TOLT,장애인화장실(여),2,지하,2,지하 2층,지하 2층 대합실(환승통로),2,장애인,2,여
01,수도권,S1,6,6호선,0300,석계,INFO,고객센터,2,지하,2,지하 2층,B2층 대합실,,,,
01,수도권,S1,6,6호선,0300,석계,EV,일반승강기,2,지하,3,지하 3층,[1호기]돌곶이방면3-3,,,,
01,수도권,S1,6,6호선,0300,석계,EV,일반승강기,2,지하,3,지하 3층,[2호기]태릉입구방면6-2,,,,
01,수도권,S1,6,6호선,0300,석계,WCLF,휠체어리프트,2,지하,3,지하 3층,돌곶이 방면1-1,,,,
01,수도권,S1,6,6호선,0300,석계,WCLF,휠체어리프트,2,지하,3,지하 3층,태릉입구 방면8-4,,,,
01,수도권,S1,6,6호선,0568,태릉입구,EV,일반승강기,1,지상,1,지상 1층,[4호기]6번출구측,,,,
01,수도권,S1,6,6호선,0568,태릉입구,EV,일반승강기,1,지상,1,지상 1층,[3호기]8번출구측,,,,
01,수도권,S1,6,6호선,0568,태릉입구,EV,일반승강기,2,지하,1,지하 1층,[4호기]6번출구측,,,,
01,수도권,S1,6,6호선,0568,태릉입구,EV,일반승강기,2,지하,1,지하 1층,[3호기]8번출구측,,,,
01,수도권,S1,6,6호선,0568,태릉입구,EV,일반승강기,2,지하,1,지하 1층,[2호기]화랑대방면3-4,,,,
01,수도권,S1,6,6호선,0568,태릉입구,EV,일반승강기,2,지하,1,지하 1층,[1호기]석계방면5-3,,,,
01,수도권,S1,6,6호선,0568,태릉입구,ELEC,전동휠체어충전설비,2,지하,1,지하 1층,6호선 지하1층 화장실 옆,,,,
01,수도권,S1,6,6호선,0568,태릉입구,TOLT,일반화장실(남),2,지하,1,지하 1층,대합실 지하1층 아이센터 옆,1,일반,1,남
01,수도권,S1,6,6호선,0568,태릉입구,TOLT,일반화장실(여),2,지하,1,지하 1층,대합실 지하1층 아이센터 옆,1,일반,2,여
01,수도권,S1,6,6호선,0568,태릉입구,TOLT,장애인화장실(남),2,지하,1,지하 1층,대합실 지하1층 아이센터 옆,2,장애인,1,남
01,수도권,S1,6,6호선,0568,태릉입구,TOLT,장애인화장실(여),2,지하,1,지하 1층,대합실 지하1층 아이센터 옆,2,장애인,2,여
01,수도권,S1,6,6호선,0568,태릉입구,EV,일반승강기,2,지하,2,지하 2층,[1호기]석계방면5-3,,,,
01,수도권,S1,6,6호선,0568,태릉입구,EV,일반승강기,2,지하,2,지하 2층,[2호기]화랑대방면3-4,,,,
01,수도권,S1,6,6호선,0568,태릉입구,INFO,고객센터,2,지하,3,지하 3층,B3층 대합실,,,,
01,수도권,S1,6,6호선,0600,화랑대,EV,일반승강기,1,지상,1,지상 1층,[3호기]1번출구측,,,,
01,수도권,S1,6,6호선,0600,화랑대,EV,일반승강기,1,지상,1,지상 1층,[5호기]3번출구측,,,,
01,수도권,S1,6,6호선,0600,화랑대,EV,일반승강기,1,지상,1,지상 1층,[4호기]7번출구측,,,,
01,수도권,S1,6,6호선,0600,화랑대,EV,일반승강기,2,지하,1,지하 1층,[5호기]3번출구측,,,,
01,수도권,S1,6,6호선,0600,화랑대,EV,일반승강기,2,지하,1,지하 1층,[4호기]7번출구측,,,,
01,수도권,S1,6,6호선,0600,화랑대,EV,일반승강기,2,지하,1,지하 1층,[3호기]1번출구측,,,,
01,수도권,S1,6,6호선,0600,화랑대,EV,일반승강기,2,지하,1,지하 1층,[2호기]봉화산방면4-1,,,,
01,수도권,S1,6,6호선,0600,화랑대,EV,일반승강기,2,지하,1,지하 1층,[1호기]태릉입구방면5-4,,,,
01,수도권,S1,6,6호선,0600,화랑대,ELEC,전동휠체어충전설비,2,지하,1,지하 1층,B1대합실 5번출구방향 초입 우측벽면(이디야임대상가 옆),,,,
01,수도권,S1,6,6호선,0600,화랑대,TOLT,일반화장실(남),2,지하,1,지하 1층,지하 1층 대합실(표 내는 곳 밖),1,일반,1,남
01,수도권,S1,6,6호선,0600,화랑대,TOLT,일반화장실(여),2,지하,1,지하 1층,지하 1층 대합실(표 내는 곳 밖),1,일반,2,여
01,수도권,S1,6,6호선,0600,화랑대,TOLT,장애인화장실(남),2,지하,1,지하 1층,지하 1층 대합실(표 내는 곳 밖),2,장애인,1,남
01,수도권,S1,6,6호선,0600,화랑대,TOLT,장애인화장실(여),2,지하,1,지하 1층,지하 1층 대합실(표 내는 곳 밖),2,장애인,2,여
01,수도권,S1,6,6호선,0600,화랑대,INFO,고객센터,2,지하,1,지하 1층,B1층 대합실,,,,
01,수도권,S1,6,6호선,0600,화랑대,EV,일반승강기,2,지하,2,지하 2층,[1호기]태릉입구방면5-4,,,,
01,수도권,S1,6,6호선,0600,화랑대,EV,일반승강기,2,지하,2,지하 2층,[2호기]봉화산방면4-1,,,,
01,수도권,S1,6,6호선,0243,봉화산,EV,일반승강기,1,지상,1,지상 1층,[2호기]4번출구측,,,,
01,수도권,S1,6,6호선,0243,봉화산,EV,일반승강기,1,지상,1,지상 1층,[1호기]2번출구측,,,,
01,수도권,S1,6,6호선,0243,봉화산,EV,일반승강기,2,지하,1,지하 1층,[1호기]2번출구측,,,,
01,수도권,S1,6,6호선,0243,봉화산,EV,일반승강기,2,지하,1,지하 1층,[2호기]4번출구측,,,,
01,수도권,S1,6,6호선,0243,봉화산,EV,일반승강기,2,지하,1,지하 1층,[3호기]4번출입구,,,,
01,수도권,S1,6,6호선,0243,봉화산,EV,일반승강기,2,지하,1,지하 1층,[4호기]신내방면8-3,,,,
01,수도권,S1,6,6호선,0243,봉화산,EV,일반승강기,2,지하,1,지하 1층,[3호기]4번출입구,,,,
01,수도권,S1,6,6호선,0243,봉화산,ELEC,전동휠체어충전설비,2,지하,1,지하 1층,지하1층 3번출구 방향 우측 벽면,,,,
01,수도권,S1,6,6호선,0243,봉화산,TOLT,일반화장실(남),2,지하,1,지하 1층,지하 1층 대합실(고객상담실 옆),1,일반,1,남
01,수도권,S1,6,6호선,0243,봉화산,TOLT,일반화장실(여),2,지하,1,지하 1층,지하 1층 대합실(고객상담실 옆),1,일반,2,여
01,수도권,S1,6,6호선,0243,봉화산,TOLT,장애인화장실(남),2,지하,1,지하 1층,지하 1층 대합실(고객상담실 옆),2,장애인,1,남
01,수도권,S1,6,6호선,0243,봉화산,TOLT,장애인화장실(여),2,지하,1,지하 1층,지하 1층 대합실(고객상담실 옆),2,장애인,2,여
01,수도권,S1,6,6호선,0243,봉화산,INFO,고객센터,2,지하,1,지하 1층,B1층 대합실,,,,
01,수도권,S1,6,6호선,0243,봉화산,EV,일반승강기,2,지하,2,지하 2층,[4호기]신내방면8-3,,,,
01,수도권,S1,6,6호선,0353,신내,EV,일반승강기,1,지상,2,지상 2층,"[1호기]신내,봉화산방면8-3",,,,
01,수도권,S1,6,6호선,0353,신내,EV,일반승강기,1,지상,1,지상 1층,"[1호기]신내,봉화산방면8-3",,,,
01,수도권,S1,6,6호선,0353,신내,INFO,고객센터,1,지상,1,지상 1층,1층 대합실,,,,
01,수도권,S1,7,7호선,0503,장암,EV,일반승강기,1,지상,2,지상 2층,[1호기]1번출구측,,,,
01,수도권,S1,7,7호선,0503,장암,EV,일반승강기,1,지상,2,지상 2층,[2호기]1번출구측,,,,
01,수도권,S1,7,7호선,0503,장암,EV,일반승강기,1,지상,1,지상 1층,[1호기]1번출구측,,,,
01,수도권,S1,7,7호선,0503,장암,EV,일반승강기,1,지상,1,지상 1층,[2호기]1번출구측,,,,
01,수도권,S1,7,7호선,0503,장암,TOLT,일반화장실(남),1,지상,1,지상 1층,1층 표 내는 곳 옆,1,일반,1,남
01,수도권,S1,7,7호선,0503,장암,TOLT,일반화장실(여),1,지상,1,지상 1층,1층 표 내는 곳 옆,1,일반,2,여
01,수도권,S1,7,7호선,0503,장암,TOLT,장애인화장실(남),1,지상,1,지상 1층,1층 표 내는 곳 옆,2,장애인,1,남
01,수도권,S1,7,7호선,0503,장암,TOLT,장애인화장실(여),1,지상,1,지상 1층,1층 표 내는 곳 옆,2,장애인,2,여
01,수도권,S1,7,7호선,0503,장암,INFO,고객센터,1,지상,1,지상 1층,1층 대합실,,,,
01,수도권,S1,7,7호선,0146,도봉산,EV,일반승강기,1,지상,2,지상 2층,[1호기]장암방면7-2,,,,
01,수도권,S1,7,7호선,0146,도봉산,EV,일반승강기,1,지상,2,지상 2층,[4호기]수락산방면4-2,,,,
01,수도권,S1,7,7호선,0146,도봉산,EV,일반승강기,1,지상,2,지상 2층,[3호기]장암방면3-4,,,,
01,수도권,S1,7,7호선,0146,도봉산,EV,일반승강기,1,지상,2,지상 2층,[2호기]수락산방면2-3,,,,
01,수도권,S1,7,7호선,0146,도봉산,EV,일반승강기,1,지상,1,지상 1층,[4호기]수락산방면4-2,,,,
01,수도권,S1,7,7호선,0146,도봉산,EV,일반승강기,1,지상,1,지상 1층,[3호기]장암방면3-4,,,,
01,수도권,S1,7,7호선,0146,도봉산,EV,일반승강기,1,지상,1,지상 1층,[2호기]수락산방면2-3,,,,
01,수도권,S1,7,7호선,0146,도봉산,EV,일반승강기,1,지상,1,지상 1층,[1호기]장암방면7-2,,,,
01,수도권,S1,7,7호선,0146,도봉산,EV,일반승강기,1,지상,1,지상 1층,[5호기]1-1번출구측,,,,
01,수도권,S1,7,7호선,0146,도봉산,ELEC,전동휠체어충전설비,1,지상,1,지상 1층,2번출구방향 고객상담실 출입문 우측 벽면,,,,
01,수도권,S1,7,7호선,0146,도봉산,TOLT,일반화장실(남),1,지상,1,지상 1층,지상1층 대합실 앞,1,일반,1,남
01,수도권,S1,7,7호선,0146,도봉산,TOLT,일반화장실(남),1,지상,1,지상 1층,지상1층 환승통로 ,1,일반,1,남
01,수도권,S1,7,7호선,0146,도봉산,TOLT,일반화장실(여),1,지상,1,지상 1층,지상1층 환승통로 ,1,일반,2,여
01,수도권,S1,7,7호선,0146,도봉산,TOLT,일반화장실(여),1,지상,1,지상 1층,지상1층 대합실 앞,1,일반,2,여
01,수도권,S1,7,7호선,0146,도봉산,TOLT,장애인화장실(남),1,지상,1,지상 1층,지상1층 대합실 앞,2,장애인,1,남
01,수도권,S1,7,7호선,0146,도봉산,TOLT,장애인화장실(남),1,지상,1,지상 1층,지상1층 환승통로 ,2,장애인,1,남
01,수도권,S1,7,7호선,0146,도봉산,TOLT,장애인화장실(여),1,지상,1,지상 1층,지상1층 대합실 앞,2,장애인,2,여
01,수도권,S1,7,7호선,0146,도봉산,TOLT,장애인화장실(여),1,지상,1,지상 1층,지상1층 환승통로 ,2,장애인,2,여
01,수도권,S1,7,7호선,0146,도봉산,INFO,고객센터,1,지상,1,지상 1층,1층 대합실,,,,
01,수도권,S1,7,7호선,0146,도봉산,EV,일반승강기,2,지하,1,지하 1층,[5호기]1-1번출구측,,,,
01,수도권,S1,7,7호선,0334,수락산,EV,일반승강기,1,지상,1,지상 1층,[1호기]1번출구측,,,,
01,수도권,S1,7,7호선,0334,수락산,EV,일반승강기,2,지하,1,지하 1층,[1호기](F1-B2)1번 출입구,,,,
01,수도권,S1,7,7호선,0334,수락산,EV,일반승강기,2,지하,2,지하 2층,[1호기]1번출구측,,,,
01,수도권,S1,7,7호선,0334,수락산,EV,일반승강기,2,지하,2,지하 2층,[3호기]마들방면8-2,,,,
01,수도권,S1,7,7호선,0334,수락산,EV,일반승강기,2,지하,2,지하 2층,[2호기]도봉산방면1-1,,,,
01,수도권,S1,7,7호선,0334,수락산,ELEC,전동휠체어충전설비,2,지하,2,지하 2층,지하2층 화장실 옆,,,,
01,수도권,S1,7,7호선,0334,수락산,TOLT,일반화장실(남),2,지하,2,지하 2층,대합실 지하2층 고객상담실 앞,1,일반,1,남
01,수도권,S1,7,7호선,0334,수락산,TOLT,일반화장실(여),2,지하,2,지하 2층,대합실 지하2층 고객상담실 앞,1,일반,2,여
01,수도권,S1,7,7호선,0334,수락산,TOLT,장애인화장실(남),2,지하,2,지하 2층,대합실 지하2층 고객상담실 앞,2,장애인,1,남
01,수도권,S1,7,7호선,0334,수락산,TOLT,장애인화장실(여),2,지하,2,지하 2층,대합실 지하2층 고객상담실 앞,2,장애인,2,여
01,수도권,S1,7,7호선,0334,수락산,INFO,고객센터,2,지하,2,지하 2층,B2층 대합실,,,,
01,수도권,S1,7,7호선,0334,수락산,LARM,수유실,2,지하,2,지하 2층,B2 고객안전실 내부,,,,
01,수도권,S1,7,7호선,0334,수락산,EV,일반승강기,2,지하,3,지하 3층,[2호기]도봉산방면1-1,,,,
01,수도권,S1,7,7호선,0334,수락산,EV,일반승강기,2,지하,3,지하 3층,[3호기]마들방면8-2,,,,
01,수도권,S1,7,7호선,0180,마들,EV,일반승강기,1,지상,1,지상 1층,[2호기]5번출구측,,,,
01,수도권,S1,7,7호선,0180,마들,EV,일반승강기,1,지상,1,지상 1층,[4호기]2번출구측,,,,
01,수도권,S1,7,7호선,0180,마들,EV,일반승강기,1,지상,1,지상 1층,[3호기]4번출구측,,,,
01,수도권,S1,7,7호선,0180,마들,EV,일반승강기,2,지하,1,지하 1층,[2호기]5번출구측,,,,
01,수도권,S1,7,7호선,0180,마들,EV,일반승강기,2,지하,1,지하 1층,[3호기]4번출구측,,,,
01,수도권,S1,7,7호선,0180,마들,EV,일반승강기,2,지하,1,지하 1층,[4호기]2번출구측,,,,
01,수도권,S1,7,7호선,0180,마들,EV,일반승강기,2,지하,1,지하 1층,"[1호기]수락산방면8-4,노원방면1-1",,,,
01,수도권,S1,7,7호선,0180,마들,ELEC,전동휠체어충전설비,2,지하,1,지하 1층,지하1층 편의점 옆,,,,
01,수도권,S1,7,7호선,0180,마들,EV,일반승강기,2,지하,2,지하 2층,[1호기](B1-B3)승강장,,,,
01,수도권,S1,7,7호선,0180,마들,WCLF,휠체어리프트,2,지하,2,지하 2층,화장실 측(B2),,,,
01,수도권,S1,7,7호선,0180,마들,TOLT,일반화장실(남),2,지하,2,지하 2층,대합실 B2 에스컬레이터 앞 ,1,일반,1,남
01,수도권,S1,7,7호선,0180,마들,TOLT,일반화장실(여),2,지하,2,지하 2층,대합실 B2 에스컬레이터 앞 ,1,일반,2,여
01,수도권,S1,7,7호선,0180,마들,TOLT,장애인화장실(남),2,지하,2,지하 2층,대합실 B2 에스컬레이터 앞 ,2,장애인,1,남
01,수도권,S1,7,7호선,0180,마들,TOLT,장애인화장실(여),2,지하,2,지하 2층,대합실 B2 에스컬레이터 앞 ,2,장애인,2,여
01,수도권,S1,7,7호선,0180,마들,INFO,고객센터,2,지하,2,지하 2층,B2층 대합실,,,,
01,수도권,S1,7,7호선,0180,마들,EV,일반승강기,2,지하,3,지하 3층,"[1호기]수락산방면8-4,노원방면1-1",,,,
01,수도권,S1,7,7호선,0115,노원,EV,일반승강기,1,지상,1,지상 1층,[2호기]3번출구측,,,,
01,수도권,S1,7,7호선,0115,노원,EV,일반승강기,1,지상,1,지상 1층,[3호기]6번출구측,,,,
01,수도권,S1,7,7호선,0115,노원,EV,일반승강기,1,지상,1,지상 1층,[4호기]5번출구측,,,,
01,수도권,S1,7,7호선,0115,노원,ELEC,전동휠체어충전설비,1,지상,1,지상 1층,지하1층 4번출구 하단계단 바로 옆,,,,
01,수도권,S1,7,7호선,0115,노원,EV,일반승강기,2,지하,1,지하 1층,[4호기]5번출구측,,,,
01,수도권,S1,7,7호선,0115,노원,EV,일반승강기,2,지하,1,지하 1층,[2호기]3번출구측,,,,
01,수도권,S1,7,7호선,0115,노원,EV,일반승강기,2,지하,1,지하 1층,[3호기]6번출구측,,,,
01,수도권,S1,7,7호선,0115,노원,EV,일반승강기,2,지하,1,지하 1층,"[1호기]마들방면4-4,중계방면4-3",,,,
01,수도권,S1,7,7호선,0115,노원,EV,일반승강기,2,지하,2,지하 2층,[1호기](B1-B3)승강장,,,,
01,수도권,S1,7,7호선,0115,노원,TOLT,일반화장실(남),2,지하,2,지하 2층,"지하2층대합실, 가아이센터앞",1,일반,1,남
01,수도권,S1,7,7호선,0115,노원,TOLT,일반화장실(여),2,지하,2,지하 2층,"지하2층대합실, 가아이센터앞",1,일반,2,여
01,수도권,S1,7,7호선,0115,노원,TOLT,장애인화장실(남),2,지하,2,지하 2층,"지하2층대합실, 가아이센터앞",2,장애인,1,남
01,수도권,S1,7,7호선,0115,노원,TOLT,장애인화장실(여),2,지하,2,지하 2층,"지하2층대합실, 가아이센터앞",2,장애인,2,여
01,수도권,S1,7,7호선,0115,노원,INFO,고객센터,2,지하,2,지하 2층,B2층 대합실,,,,
01,수도권,S1,7,7호선,0115,노원,LARM,수유실,2,지하,2,지하 2층,B2 고객안전실 내부,,,,
01,수도권,S1,7,7호선,0115,노원,EV,일반승강기,2,지하,3,지하 3층,"[1호기]마들방면4-4,중계방면4-3",,,,
01,수도권,S1,7,7호선,0524,중계,EV,일반승강기,1,지상,1,지상 1층,[3호기]3번출구측,,,,
01,수도권,S1,7,7호선,0524,중계,EV,일반승강기,1,지상,1,지상 1층,[2호기]5번출구측,,,,
01,수도권,S1,7,7호선,0524,중계,EV,일반승강기,2,지하,1,지하 1층,[2호기](B2-1F) (B2)대합실 (1F)3/5번출입구 사이,,,,
01,수도권,S1,7,7호선,0524,중계,EV,일반승강기,2,지하,1,지하 1층,[3호기](B2-1F) (B2)대합실 (B1)대합실 (1F)2/3번출입구 사이,,,,
01,수도권,S1,7,7호선,0524,중계,TOLT,일반화장실(남),2,지하,1,지하 1층,지하1층 1번출입구 옆,1,일반,1,남
01,수도권,S1,7,7호선,0524,중계,TOLT,일반화장실(여),2,지하,1,지하 1층,지하1층 1번출입구 옆,1,일반,2,여
01,수도권,S1,7,7호선,0524,중계,TOLT,장애인화장실(남),2,지하,1,지하 1층,지하1층 1번출입구 옆,2,장애인,1,남
01,수도권,S1,7,7호선,0524,중계,TOLT,장애인화장실(여),2,지하,1,지하 1층,지하1층 1번출입구 옆,2,장애인,2,여
01,수도권,S1,7,7호선,0524,중계,EV,일반승강기,2,지하,2,지하 2층,[2호기]5번출구측,,,,
01,수도권,S1,7,7호선,0524,중계,EV,일반승강기,2,지하,2,지하 2층,[3호기]3번출구측,,,,
01,수도권,S1,7,7호선,0524,중계,EV,일반승강기,2,지하,2,지하 2층,"[1호기]노원방면5-1,하계방면4-4",,,,
01,수도권,S1,7,7호선,0524,중계,ELEC,전동휠체어충전설비,2,지하,2,지하 2층,지하2층 아이센터 맞은편 게이트 앞,,,,
01,수도권,S1,7,7호선,0524,중계,INFO,고객센터,2,지하,2,지하 2층,B2층 대합실,,,,
01,수도권,S1,7,7호선,0524,중계,EV,일반승강기,2,지하,3,지하 3층,"[1호기]노원방면5-1,하계방면4-4",,,,
01,수도권,S1,7,7호선,0581,하계,EV,일반승강기,1,지상,1,지상 1층,[3호기]6번출구측,,,,
01,수도권,S1,7,7호선,0581,하계,EV,일반승강기,1,지상,1,지상 1층,[2호기]1번출구측,,,,
01,수도권,S1,7,7호선,0581,하계,EV,일반승강기,2,지하,1,지하 1층,[2호기]1번출구측,,,,
01,수도권,S1,7,7호선,0581,하계,EV,일반승강기,2,지하,1,지하 1층,[3호기]6번출구측,,,,
01,수도권,S1,7,7호선,0581,하계,EV,일반승강기,2,지하,1,지하 1층,"[1호기]중계방면4-4,공릉방면5-1",,,,
01,수도권,S1,7,7호선,0581,하계,ELEC,전동휠체어충전설비,2,지하,1,지하 1층,지하1층 2호기 엘리베이터 맞은편,,,,
01,수도권,S1,7,7호선,0581,하계,TOLT,일반화장실(남),2,지하,1,지하 1층,지하1층 4번출입구,1,일반,1,남
01,수도권,S1,7,7호선,0581,하계,TOLT,일반화장실(여),2,지하,1,지하 1층,지하1층 4번출입구,1,일반,2,여
01,수도권,S1,7,7호선,0581,하계,TOLT,장애인화장실(남),2,지하,1,지하 1층,지하1층 4번출입구,2,장애인,1,남
01,수도권,S1,7,7호선,0581,하계,TOLT,장애인화장실(여),2,지하,1,지하 1층,지하1층 4번출입구,2,장애인,2,여
01,수도권,S1,7,7호선,0581,하계,EV,일반승강기,2,지하,2,지하 2층,[2호기](B1-B3)승강장,,,,
01,수도권,S1,7,7호선,0581,하계,INFO,고객센터,2,지하,2,지하 2층,B2층 대합실,,,,
01,수도권,S1,7,7호선,0581,하계,LARM,수유실,2,지하,2,지하 2층,B2 고객안전실 인접,,,,
01,수도권,S1,7,7호선,0581,하계,EV,일반승강기,2,지하,3,지하 3층,"[1호기]중계방면4-4,공릉방면5-1",,,,
01,수도권,S1,7,7호선,0055,공릉,EV,일반승강기,1,지상,1,지상 1층,[3호기]2번출구측,,,,
01,수도권,S1,7,7호선,0055,공릉,EV,일반승강기,2,지하,1,지하 1층,[3호기]2번출구측,,,,
01,수도권,S1,7,7호선,0055,공릉,EV,일반승강기,2,지하,1,지하 1층,[2호기]태릉입구방면1-1,,,,
01,수도권,S1,7,7호선,0055,공릉,TOLT,일반화장실(남),2,지하,1,지하 1층,지하1층 아이센터 앞,1,일반,1,남
01,수도권,S1,7,7호선,0055,공릉,TOLT,일반화장실(여),2,지하,1,지하 1층,지하1층 아이센터 앞,1,일반,2,여
01,수도권,S1,7,7호선,0055,공릉,TOLT,장애인화장실(남),2,지하,1,지하 1층,지하1층 아이센터 앞,2,장애인,1,남
01,수도권,S1,7,7호선,0055,공릉,TOLT,장애인화장실(여),2,지하,1,지하 1층,지하1층 아이센터 앞,2,장애인,2,여
01,수도권,S1,7,7호선,0055,공릉,INFO,고객센터,2,지하,1,지하 1층,B1층 대합실,,,,
01,수도권,S1,7,7호선,0055,공릉,EV,일반승강기,2,지하,2,지하 2층,[1호기]하계방면8-4,,,,
01,수도권,S1,7,7호선,0055,공릉,EV,일반승강기,2,지하,3,지하 3층,[1호기](B2-B4) 승강장,,,,
01,수도권,S1,7,7호선,0055,공릉,EV,일반승강기,2,지하,3,지하 3층,[2호기](B1-B4) 승강장,,,,
01,수도권,S1,7,7호선,0055,공릉,EV,일반승강기,2,지하,4,지하 4층,[2호기]태릉입구방면1-1,,,,
01,수도권,S1,7,7호선,0055,공릉,EV,일반승강기,2,지하,4,지하 4층,[1호기]하계방면8-4,,,,
01,수도권,S1,7,7호선,0568,태릉입구,EV,일반승강기,1,지상,1,지상 1층,[2호기]먹골방면3-1,,,,
01,수도권,S1,7,7호선,0568,태릉입구,EV,일반승강기,2,지하,1,지하 1층,[2호기](F1-B4) 승강장,,,,
01,수도권,S1,7,7호선,0568,태릉입구,EV,일반승강기,2,지하,1,지하 1층,[1호기]공릉방면6-4,,,,
01,수도권,S1,7,7호선,0568,태릉입구,EV,일반승강기,2,지하,2,지하 2층,[2호기](F1-B4) 승강장,,,,
01,수도권,S1,7,7호선,0568,태릉입구,EV,일반승강기,2,지하,2,지하 2층,[1호기](B1-B4) 승강장,,,,
01,수도권,S1,7,7호선,0568,태릉입구,EV,일반승강기,2,지하,3,지하 3층,[1호기](B1-B4) 승강장,,,,
01,수도권,S1,7,7호선,0568,태릉입구,EV,일반승강기,2,지하,3,지하 3층,[2호기](F1-B4) 승강장,,,,
01,수도권,S1,7,7호선,0568,태릉입구,TOLT,일반화장실(남),2,지하,3,지하 3층,대합실 지하3층 고객상담실 앞,1,일반,1,남
01,수도권,S1,7,7호선,0568,태릉입구,TOLT,일반화장실(여),2,지하,3,지하 3층,대합실 지하3층 고객상담실 앞,1,일반,2,여
01,수도권,S1,7,7호선,0568,태릉입구,TOLT,장애인화장실(남),2,지하,3,지하 3층,대합실 지하3층 고객상담실 앞,2,장애인,1,남
01,수도권,S1,7,7호선,0568,태릉입구,TOLT,장애인화장실(여),2,지하,3,지하 3층,대합실 지하3층 고객상담실 앞,2,장애인,2,여
01,수도권,S1,7,7호선,0568,태릉입구,INFO,고객센터,2,지하,3,지하 3층,B3층 대합실,,,,
01,수도권,S1,7,7호선,0568,태릉입구,LARM,수유실,2,지하,3,지하 3층,B3 고객안전실 내부,,,,
01,수도권,S1,7,7호선,0568,태릉입구,EV,일반승강기,2,지하,4,지하 4층,[1호기]공릉방면6-4,,,,
01,수도권,S1,7,7호선,0568,태릉입구,EV,일반승강기,2,지하,4,지하 4층,[2호기]먹골방면3-1,,,,
01,수도권,S1,7,7호선,0195,먹골,EV,일반승강기,1,지상,1,지상 1층,[3호기]2번출구측,,,,
01,수도권,S1,7,7호선,0195,먹골,EV,일반승강기,2,지하,1,지하 1층,[3호기](F1-B2)2번 출입구,,,,
01,수도권,S1,7,7호선,0195,먹골,TOLT,일반화장실(남),2,지하,1,지하 1층,B1층 대합실,1,일반,1,남
01,수도권,S1,7,7호선,0195,먹골,TOLT,일반화장실(여),2,지하,1,지하 1층,B1층 대합실,1,일반,2,여
01,수도권,S1,7,7호선,0195,먹골,TOLT,장애인화장실(남),2,지하,1,지하 1층,B1층 대합실,2,장애인,1,남
01,수도권,S1,7,7호선,0195,먹골,TOLT,장애인화장실(여),2,지하,1,지하 1층,B1층 대합실,2,장애인,2,여
01,수도권,S1,7,7호선,0195,먹골,EV,일반승강기,2,지하,2,지하 2층,[3호기]2번출구측,,,,
01,수도권,S1,7,7호선,0195,먹골,EV,일반승강기,2,지하,2,지하 2층,[1호기]태릉입구방면4-4,,,,
01,수도권,S1,7,7호선,0195,먹골,EV,일반승강기,2,지하,2,지하 2층,[2호기]중화방면5-1,,,,
01,수도권,S1,7,7호선,0195,먹골,ELEC,전동휠체어충전설비,2,지하,2,지하 2층,지하2층 아이센터 앞 수막밸브함 옆,,,,
01,수도권,S1,7,7호선,0195,먹골,INFO,고객센터,2,지하,2,지하 2층,B2층 대합실,,,,
01,수도권,S1,7,7호선,0195,먹골,EV,일반승강기,2,지하,3,지하 3층,[2호기]중화방면5-1,,,,
01,수도권,S1,7,7호선,0195,먹골,EV,일반승강기,2,지하,3,지하 3층,[1호기]태릉입구방면4-4,,,,
01,수도권,S1,7,7호선,0530,중화,EV,일반승강기,1,지상,1,지상 1층,[3호기]3번출구측,,,,
01,수도권,S1,7,7호선,0530,중화,EV,일반승강기,2,지하,1,지하 1층,[3호기]3번출구측,,,,
01,수도권,S1,7,7호선,0530,중화,EV,일반승강기,2,지하,1,지하 1층,[1호기]먹골방면4-4,,,,
01,수도권,S1,7,7호선,0530,중화,ELEC,전동휠체어충전설비,2,지하,1,지하 1층,지하1층 E/L 3호기 옆 우측 벽면,,,,
01,수도권,S1,7,7호선,0530,중화,TOLT,일반화장실(남),2,지하,1,지하 1층,B1층  2번출입구 방향,1,일반,1,남
01,수도권,S1,7,7호선,0530,중화,TOLT,일반화장실(여),2,지하,1,지하 1층,B1층  2번출입구 방향,1,일반,2,여
01,수도권,S1,7,7호선,0530,중화,TOLT,장애인화장실(남),2,지하,1,지하 1층,B1층  2번출입구 방향,2,장애인,1,남
01,수도권,S1,7,7호선,0530,중화,TOLT,장애인화장실(여),2,지하,1,지하 1층,B1층  2번출입구 방향,2,장애인,2,여
01,수도권,S1,7,7호선,0530,중화,INFO,고객센터,2,지하,1,지하 1층,B1층 대합실,,,,
01,수도권,S1,7,7호선,0530,중화,EV,일반승강기,2,지하,2,지하 2층,[1호기](B1-B3) 승강장,,,,
01,수도권,S1,7,7호선,0530,중화,EV,일반승강기,2,지하,2,지하 2층,[2호기]먹골방면5-1,,,,
01,수도권,S1,7,7호선,0530,중화,EV,일반승강기,2,지하,3,지하 3층,[1호기]먹골방면4-4,,,,
01,수도권,S1,7,7호선,0530,중화,EV,일반승강기,2,지하,3,지하 3층,[2호기]먹골방면5-1,,,,
01,수도권,S1,7,7호선,0276,상봉,EV,일반승강기,1,지상,1,지상 1층,[5호기]3번출구측,,,,
01,수도권,S1,7,7호선,0276,상봉,EV,일반승강기,2,지하,1,지하 1층,[5호기]3번출구측,,,,
01,수도권,S1,7,7호선,0276,상봉,EV,일반승강기,2,지하,1,지하 1층,[2호기]면목방면6-2,,,,
01,수도권,S1,7,7호선,0276,상봉,EV,일반승강기,2,지하,1,지하 1층,[1호기]중화방면3-2,,,,
01,수도권,S1,7,7호선,0276,상봉,TOLT,일반화장실(남),2,지하,1,지하 1층,"B1층  1,2,5,6번출입구앞",1,일반,1,남
01,수도권,S1,7,7호선,0276,상봉,TOLT,일반화장실(여),2,지하,1,지하 1층,"B1층  1,2,5,6번출입구앞",1,일반,2,여
01,수도권,S1,7,7호선,0276,상봉,TOLT,장애인화장실(남),2,지하,1,지하 1층,"B1층  1,2,5,6번출입구앞",2,장애인,1,남
01,수도권,S1,7,7호선,0276,상봉,TOLT,장애인화장실(여),2,지하,1,지하 1층,"B1층  1,2,5,6번출입구앞",2,장애인,2,여
01,수도권,S1,7,7호선,0276,상봉,INFO,고객센터,2,지하,1,지하 1층,B1층 대합실,,,,
01,수도권,S1,7,7호선,0276,상봉,LARM,수유실,2,지하,1,지하 1층,B1 고객안전실 내부,,,,
01,수도권,S1,7,7호선,0276,상봉,EV,일반승강기,2,지하,2,지하 2층,[1호기](B1-B3) 승강장,,,,
01,수도권,S1,7,7호선,0276,상봉,EV,일반승강기,2,지하,2,지하 2층,[2호기](B1-B3) 승강장,,,,
01,수도권,S1,7,7호선,0276,상봉,EV,일반승강기,2,지하,2,지하 2층,[4호기]면목방면5-1,,,,
01,수도권,S1,7,7호선,0276,상봉,EV,일반승강기,2,지하,2,지하 2층,[3호기]중화방면4-2,,,,
01,수도권,S1,7,7호선,0276,상봉,EV,일반승강기,2,지하,3,지하 3층,[1호기]중화방면3-2,,,,
01,수도권,S1,7,7호선,0276,상봉,EV,일반승강기,2,지하,3,지하 3층,[2호기]면목방면6-2,,,,
01,수도권,S1,7,7호선,0276,상봉,EV,일반승강기,2,지하,3,지하 3층,[4호기]면목방면5-1,,,,
01,수도권,S1,7,7호선,0276,상봉,EV,일반승강기,2,지하,3,지하 3층,[3호기]중화방면4-2,,,,
01,수도권,S1,7,7호선,0196,면목,EV,일반승강기,1,지상,1,지상 1층,[3호기]3번출구측,,,,
01,수도권,S1,7,7호선,0196,면목,EV,일반승강기,2,지하,1,지하 1층,[3호기]3번출구측,,,,
01,수도권,S1,7,7호선,0196,면목,EV,일반승강기,2,지하,1,지하 1층,[1호기]상봉방면4-4,,,,
01,수도권,S1,7,7호선,0196,면목,ELEC,전동휠체어충전설비,2,지하,1,지하 1층,지하 1층 게이트 안쪽 E/L 1호기 옆 벽면,,,,
01,수도권,S1,7,7호선,0196,면목,TOLT,일반화장실(남),2,지하,1,지하 1층, B1층 아이센터 앞,1,일반,1,남
01,수도권,S1,7,7호선,0196,면목,TOLT,일반화장실(여),2,지하,1,지하 1층, B1층 아이센터 앞,1,일반,2,여
01,수도권,S1,7,7호선,0196,면목,TOLT,장애인화장실(남),2,지하,1,지하 1층, B1층 아이센터 앞,2,장애인,1,남
01,수도권,S1,7,7호선,0196,면목,TOLT,장애인화장실(여),2,지하,1,지하 1층, B1층 아이센터 앞,2,장애인,2,여
01,수도권,S1,7,7호선,0196,면목,INFO,고객센터,2,지하,1,지하 1층,B1층 대합실,,,,
01,수도권,S1,7,7호선,0196,면목,EV,일반승강기,2,지하,2,지하 2층,[1호기](B1-B4) 승강장,,,,
01,수도권,S1,7,7호선,0196,면목,EV,일반승강기,2,지하,3,지하 3층,[1호기](B1-B4) 승강장,,,,
01,수도권,S1,7,7호선,0196,면목,EV,일반승강기,2,지하,3,지하 3층,[2호기]사가정방면5-2,,,,
01,수도권,S1,7,7호선,0196,면목,EV,일반승강기,2,지하,4,지하 4층,[1호기]상봉방면4-4,,,,
01,수도권,S1,7,7호선,0196,면목,EV,일반승강기,2,지하,4,지하 4층,[2호기]사가정방면5-2,,,,
01,수도권,S1,7,7호선,0256,사가정,EV,일반승강기,1,지상,1,지상 1층,[3호기]3번출구측,,,,
01,수도권,S1,7,7호선,0256,사가정,EV,일반승강기,2,지하,1,지하 1층,[3호기]3번출구측,,,,
01,수도권,S1,7,7호선,0256,사가정,EV,일반승강기,2,지하,1,지하 1층,[2호기]용마산방면6-2,,,,
01,수도권,S1,7,7호선,0256,사가정,ELEC,전동휠체어충전설비,2,지하,1,지하 1층,지하 1층 게이트 나가기전 좌측5m 지점,,,,
01,수도권,S1,7,7호선,0256,사가정,TOLT,일반화장실(남),2,지하,1,지하 1층,B1층  1번출입구 앞,1,일반,1,남
01,수도권,S1,7,7호선,0256,사가정,TOLT,일반화장실(여),2,지하,1,지하 1층,B1층  1번출입구 앞,1,일반,2,여
01,수도권,S1,7,7호선,0256,사가정,TOLT,장애인화장실(남),2,지하,1,지하 1층,B1층  1번출입구 앞,2,장애인,1,남
01,수도권,S1,7,7호선,0256,사가정,TOLT,장애인화장실(여),2,지하,1,지하 1층,B1층  1번출입구 앞,2,장애인,2,여
01,수도권,S1,7,7호선,0256,사가정,INFO,고객센터,2,지하,1,지하 1층,B1층 대합실,,,,
01,수도권,S1,7,7호선,0256,사가정,EV,일반승강기,2,지하,2,지하 2층,[2호기](B1-B4) 승강장,,,,
01,수도권,S1,7,7호선,0256,사가정,EV,일반승강기,2,지하,3,지하 3층,[2호기](B1-B4) 승강장,,,,
01,수도권,S1,7,7호선,0256,사가정,EV,일반승강기,2,지하,3,지하 3층,[1호기]면목방면3-3,,,,
01,수도권,S1,7,7호선,0256,사가정,EV,일반승강기,2,지하,4,지하 4층,[1호기]면목방면3-3,,,,
01,수도권,S1,7,7호선,0256,사가정,EV,일반승강기,2,지하,4,지하 4층,[2호기]용마산방면6-2,,,,
01,수도권,S1,7,7호선,0445,용마산,EV,일반승강기,1,지상,2,지상 2층,[3호기]1번출구측,,,,
01,수도권,S1,7,7호선,0445,용마산,EV,일반승강기,1,지상,1,지상 1층,[3호기](F2-B1)1번 출입구,,,,
01,수도권,S1,7,7호선,0445,용마산,EV,일반승강기,2,지하,1,지하 1층,[3호기]1번출구측,,,,
01,수도권,S1,7,7호선,0445,용마산,EV,일반승강기,2,지하,1,지하 1층,[2호기]중곡방면6-1,,,,
01,수도권,S1,7,7호선,0445,용마산,ELEC,전동휠체어충전설비,2,지하,1,지하 1층,지하1층 화장실 앞쪽,,,,
01,수도권,S1,7,7호선,0445,용마산,TOLT,일반화장실(남),2,지하,1,지하 1층,B1층  1번출입구 앞,1,일반,1,남
01,수도권,S1,7,7호선,0445,용마산,TOLT,일반화장실(여),2,지하,1,지하 1층,B1층  1번출입구 앞,1,일반,2,여
01,수도권,S1,7,7호선,0445,용마산,TOLT,장애인화장실(남),2,지하,1,지하 1층,B1층  1번출입구 앞,2,장애인,1,남
01,수도권,S1,7,7호선,0445,용마산,TOLT,장애인화장실(여),2,지하,1,지하 1층,B1층  1번출입구 앞,2,장애인,2,여
01,수도권,S1,7,7호선,0445,용마산,INFO,고객센터,2,지하,1,지하 1층,B1층 대합실,,,,
01,수도권,S1,7,7호선,0445,용마산,EV,일반승강기,2,지하,2,지하 2층,[2호기](B1-B4) 승강장,,,,
01,수도권,S1,7,7호선,0445,용마산,EV,일반승강기,2,지하,3,지하 3층,[2호기](B1-B4) 승강장,,,,
01,수도권,S1,7,7호선,0445,용마산,EV,일반승강기,2,지하,3,지하 3층,[1호기]사가정방면3-3,,,,
01,수도권,S1,7,7호선,0445,용마산,EV,일반승강기,2,지하,4,지하 4층,[1호기]사가정방면3-3,,,,
01,수도권,S1,7,7호선,0445,용마산,EV,일반승강기,2,지하,4,지하 4층,[2호기]중곡방면6-1,,,,
01,수도권,S1,7,7호선,0525,중곡,EV,일반승강기,1,지상,1,지상 1층,[3호기]1번출구측,,,,
01,수도권,S1,7,7호선,0525,중곡,EV,일반승강기,2,지하,1,지하 1층,[3호기](F1-B2)1번 출입구,,,,
01,수도권,S1,7,7호선,0525,중곡,EV,일반승강기,2,지하,2,지하 2층,[3호기]1번출구측,,,,
01,수도권,S1,7,7호선,0525,중곡,EV,일반승강기,2,지하,2,지하 2층,[2호기]군자방면5-1,,,,
01,수도권,S1,7,7호선,0525,중곡,EV,일반승강기,2,지하,2,지하 2층,[1호기]용마산방면4-4,,,,
01,수도권,S1,7,7호선,0525,중곡,ELEC,전동휠체어충전설비,2,지하,2,지하 2층,지하2층 계단부 벽면,,,,
01,수도권,S1,7,7호선,0525,중곡,TOLT,일반화장실(남),2,지하,2,지하 2층,B2층  표 내는 곳 앞,1,일반,1,남
01,수도권,S1,7,7호선,0525,중곡,TOLT,일반화장실(여),2,지하,2,지하 2층,B2층  표 내는 곳 앞,1,일반,2,여
01,수도권,S1,7,7호선,0525,중곡,TOLT,장애인화장실(남),2,지하,2,지하 2층,B2층  표 내는 곳 앞,2,장애인,1,남
01,수도권,S1,7,7호선,0525,중곡,TOLT,장애인화장실(여),2,지하,2,지하 2층,B2층  표 내는 곳 앞,2,장애인,2,여
01,수도권,S1,7,7호선,0525,중곡,INFO,고객센터,2,지하,2,지하 2층,B2층 대합실,,,,
01,수도권,S1,7,7호선,0525,중곡,EV,일반승강기,2,지하,3,지하 3층,[1호기]용마산방면4-4,,,,
01,수도권,S1,7,7호선,0525,중곡,EV,일반승강기,2,지하,3,지하 3층,[2호기]군자방면5-1,,,,
01,수도권,S1,7,7호선,0082,군자,EV,일반승강기,1,지상,1,지상 1층,[1호기]7번출구측,,,,
01,수도권,S1,7,7호선,0082,군자,EV,일반승강기,2,지하,1,지하 1층,[1호기]7번출구측,,,,
01,수도권,S1,7,7호선,0082,군자,ELEC,전동휠체어충전설비,2,지하,1,지하 1층,지하1층 #4번 E/L  진입 통로(7호선 하선방향),,,,
01,수도권,S1,7,7호선,0082,군자,INFO,고객센터,2,지하,1,지하 1층,B1층 대합실,,,,
01,수도권,S1,7,7호선,0408,어린이대공원,EV,일반승강기,1,지상,1,지상 1층,[4호기]5번출구측,,,,
01,수도권,S1,7,7호선,0408,어린이대공원,EV,일반승강기,1,지상,1,지상 1층,[3호기]1번출구측,,,,
01,수도권,S1,7,7호선,0408,어린이대공원,EV,일반승강기,2,지하,1,지하 1층,[3호기]1번출구측,,,,
01,수도권,S1,7,7호선,0408,어린이대공원,EV,일반승강기,2,지하,1,지하 1층,[4호기]5번출구측,,,,
01,수도권,S1,7,7호선,0408,어린이대공원,EV,일반승강기,2,지하,1,지하 1층,[1호기]군자방면3-3,,,,
01,수도권,S1,7,7호선,0408,어린이대공원,EV,일반승강기,2,지하,1,지하 1층,[2호기]건대입구방면6-2,,,,
01,수도권,S1,7,7호선,0408,어린이대공원,ELEC,전동휠체어충전설비,2,지하,1,지하 1층,지하1층 1번 출구 인근,,,,
01,수도권,S1,7,7호선,0408,어린이대공원,EV,일반승강기,2,지하,2,지하 2층,[1호기](B1-B3) 승강장,,,,
01,수도권,S1,7,7호선,0408,어린이대공원,EV,일반승강기,2,지하,2,지하 2층,[2호기](B1-B3) 승강장,,,,
01,수도권,S1,7,7호선,0408,어린이대공원,TOLT,일반화장실(남),2,지하,2,지하 2층,B2층  아이센터 옆,1,일반,1,남
01,수도권,S1,7,7호선,0408,어린이대공원,TOLT,일반화장실(여),2,지하,2,지하 2층,B2층  아이센터 옆,1,일반,2,여
01,수도권,S1,7,7호선,0408,어린이대공원,TOLT,장애인화장실(남),2,지하,2,지하 2층,B2층  아이센터 옆,2,장애인,1,남
01,수도권,S1,7,7호선,0408,어린이대공원,TOLT,장애인화장실(여),2,지하,2,지하 2층,B2층  아이센터 옆,2,장애인,2,여
01,수도권,S1,7,7호선,0408,어린이대공원,INFO,고객센터,2,지하,2,지하 2층,B2층 대합실,,,,
01,수도권,S1,7,7호선,0408,어린이대공원,LARM,수유실,2,지하,2,지하 2층,B2 고객안전실 내부,,,,
01,수도권,S1,7,7호선,0408,어린이대공원,EV,일반승강기,2,지하,3,지하 3층,[1호기]군자방면3-3,,,,
01,수도권,S1,7,7호선,0408,어린이대공원,EV,일반승강기,2,지하,3,지하 3층,[2호기]건대입구방면6-2,,,,
01,수도권,S1,7,7호선,0031,건대입구,WCLF,휠체어리프트,2,지하,1,지하 1층,뚝섬유원지 방면1-1,,,,
01,수도권,S1,7,7호선,0031,건대입구,EV,일반승강기,2,지하,2,지하 2층,[1호기]어린이대공원방면5-4,,,,
01,수도권,S1,7,7호선,0031,건대입구,EV,일반승강기,2,지하,2,지하 2층,[2호기]뚝섬유원지방면4-1,,,,
01,수도권,S1,7,7호선,0031,건대입구,TOLT,일반화장실(남),2,지하,2,지하 2층,B2층 표 내는 곳 옆,1,일반,1,남
01,수도권,S1,7,7호선,0031,건대입구,TOLT,일반화장실(여),2,지하,2,지하 2층,B2층 표 내는 곳 옆,1,일반,2,여
01,수도권,S1,7,7호선,0031,건대입구,TOLT,장애인화장실(남),2,지하,2,지하 2층,B2층 표 내는 곳 옆,2,장애인,1,남
01,수도권,S1,7,7호선,0031,건대입구,TOLT,장애인화장실(여),2,지하,2,지하 2층,B2층 표 내는 곳 옆,2,장애인,2,여
01,수도권,S1,7,7호선,0031,건대입구,INFO,고객센터,2,지하,2,지하 2층,B2층 대합실,,,,
01,수도권,S1,7,7호선,0031,건대입구,EV,일반승강기,2,지하,3,지하 3층,[2호기]뚝섬유원지방면4-1,,,,
01,수도권,S1,7,7호선,0031,건대입구,EV,일반승강기,2,지하,3,지하 3층,[1호기]어린이대공원방면5-4,,,,
01,수도권,S1,7,7호선,0176,자양,EV,일반승강기,1,지상,3,지상 3층,[3호기]청담방면7-4,,,,
01,수도권,S1,7,7호선,0176,자양,EV,일반승강기,1,지상,3,지상 3층,[2호기]건대입구방면1-4,,,,
01,수도권,S1,7,7호선,0176,자양,EV,일반승강기,1,지상,2,지상 2층,[3호기]청담방면7-4,,,,
01,수도권,S1,7,7호선,0176,자양,EV,일반승강기,1,지상,2,지상 2층,[2호기]건대입구방면1-4,,,,
01,수도권,S1,7,7호선,0176,자양,EV,일반승강기,1,지상,2,지상 2층,[1호기]1번출구측,,,,
01,수도권,S1,7,7호선,0176,자양,TOLT,일반화장실(남),1,지상,2,지상 2층,지상2층 대합실,1,일반,1,남
01,수도권,S1,7,7호선,0176,자양,TOLT,일반화장실(여),1,지상,2,지상 2층,지상2층 대합실,1,일반,2,여
01,수도권,S1,7,7호선,0176,자양,TOLT,장애인화장실(남),1,지상,2,지상 2층,지상2층 대합실,2,장애인,1,남
01,수도권,S1,7,7호선,0176,자양,TOLT,장애인화장실(여),1,지상,2,지상 2층,지상2층 대합실,2,장애인,2,여
01,수도권,S1,7,7호선,0176,자양,INFO,고객센터,1,지상,2,지상 2층,2층 대합실,,,,
01,수도권,S1,7,7호선,0176,자양,LARM,수유실,1,지상,2,지상 2층,"2F ①,④출구방면 게이트 안쪽",,,,
01,수도권,S1,7,7호선,0176,자양,EV,일반승강기,1,지상,1,지상 1층,[1호기]1번출구측,,,,
01,수도권,S1,7,7호선,0550,청담,EV,일반승강기,1,지상,1,지상 1층,[2호기]10번출구측,,,,
01,수도권,S1,7,7호선,0550,청담,EV,일반승강기,1,지상,1,지상 1층,[1호기]5번출구측,,,,
01,수도권,S1,7,7호선,0550,청담,EV,일반승강기,2,지하,1,지하 1층,[1호기](F1-B3)5번 출입구,,,,
01,수도권,S1,7,7호선,0550,청담,EV,일반승강기,2,지하,1,지하 1층,[2호기](F1-B3)10번 출입구,,,,
01,수도권,S1,7,7호선,0550,청담,EV,일반승강기,2,지하,2,지하 2층,[1호기](F1-B3)5번 출입구,,,,
01,수도권,S1,7,7호선,0550,청담,EV,일반승강기,2,지하,2,지하 2층,[2호기](F1-B3)10번 출입구,,,,
01,수도권,S1,7,7호선,0550,청담,EV,일반승강기,2,지하,3,지하 3층,[3호기]장암방면(7-4),,,,
01,수도권,S1,7,7호선,0550,청담,EV,일반승강기,2,지하,3,지하 3층,[1호기]5번출구측,,,,
01,수도권,S1,7,7호선,0550,청담,EV,일반승강기,2,지하,3,지하 3층,[2호기]10번출구측,,,,
01,수도권,S1,7,7호선,0550,청담,EV,일반승강기,2,지하,3,지하 3층,[3호기]장암방면(7-4),,,,
01,수도권,S1,7,7호선,0550,청담,TOLT,일반화장실(남),2,지하,3,지하 3층,B3 대합실 나 I센터 옆,1,일반,1,남
01,수도권,S1,7,7호선,0550,청담,TOLT,일반화장실(여),2,지하,3,지하 3층,B3 대합실 나 I센터 옆,1,일반,2,여
01,수도권,S1,7,7호선,0550,청담,TOLT,장애인화장실(남),2,지하,3,지하 3층,B3 대합실 나 I센터 옆,2,장애인,1,남
01,수도권,S1,7,7호선,0550,청담,TOLT,장애인화장실(여),2,지하,3,지하 3층,B3 대합실 나 I센터 옆,2,장애인,2,여
01,수도권,S1,7,7호선,0550,청담,INFO,고객센터,2,지하,3,지하 3층,B3층 대합실,,,,
01,수도권,S1,7,7호선,0550,청담,EV,일반승강기,2,지하,4,지하 4층,[4호기]석남방면(2-1),,,,
01,수도권,S1,7,7호선,0550,청담,EV,일반승강기,2,지하,4,지하 4층,[4호기]석남방면(2-1),,,,
01,수도권,S1,7,7호선,0018,강남구청,TOLT,일반화장실(남),2,지하,1,지하 1층,B1층 대합실 가아이센터 맞은편,1,일반,1,남
01,수도권,S1,7,7호선,0018,강남구청,TOLT,일반화장실(여),2,지하,1,지하 1층,B1층 대합실 가아이센터 맞은편,1,일반,2,여
01,수도권,S1,7,7호선,0018,강남구청,TOLT,장애인화장실(남),2,지하,1,지하 1층,B1층 대합실 가아이센터 맞은편,2,장애인,1,남
01,수도권,S1,7,7호선,0018,강남구청,TOLT,장애인화장실(여),2,지하,1,지하 1층,B1층 대합실 가아이센터 맞은편,2,장애인,2,여
01,수도권,S1,7,7호선,0018,강남구청,EV,일반승강기,2,지하,2,지하 2층,[2호기]학동방면8-4,,,,
01,수도권,S1,7,7호선,0018,강남구청,EV,일반승강기,2,지하,2,지하 2층,[1호기]청담방면1-1,,,,
01,수도권,S1,7,7호선,0018,강남구청,INFO,고객센터,2,지하,2,지하 2층,B2층 대합실,,,,
01,수도권,S1,7,7호선,0018,강남구청,EV,일반승강기,2,지하,3,지하 3층,[2호기]학동방면8-4,,,,
01,수도권,S1,7,7호선,0018,강남구청,EV,일반승강기,2,지하,3,지하 3층,[1호기]청담방면1-1,,,,
01,수도권,S1,7,7호선,0582,학동,EV,일반승강기,1,지상,1,지상 1층,[3호기]3번출구측,,,,
01,수도권,S1,7,7호선,0582,학동,EV,일반승강기,2,지하,1,지하 1층,[3호기](F1-B2)3번 출입구,,,,
01,수도권,S1,7,7호선,0582,학동,EV,일반승강기,2,지하,2,지하 2층,[3호기]3번출구측,,,,
01,수도권,S1,7,7호선,0582,학동,EV,일반승강기,2,지하,2,지하 2층,[2호기]논현방면5-1,,,,
01,수도권,S1,7,7호선,0582,학동,EV,일반승강기,2,지하,2,지하 2층,[1호기]강남구청방면4-4,,,,
01,수도권,S1,7,7호선,0582,학동,TOLT,일반화장실(남),2,지하,2,지하 2층,"B2 1,2번 출입구 계단 옆",1,일반,1,남
01,수도권,S1,7,7호선,0582,학동,TOLT,일반화장실(여),2,지하,2,지하 2층,"B2 1,2번 출입구 계단 옆",1,일반,2,여
01,수도권,S1,7,7호선,0582,학동,TOLT,장애인화장실(남),2,지하,2,지하 2층,"B2 1,2번 출입구 계단 옆",2,장애인,1,남
01,수도권,S1,7,7호선,0582,학동,TOLT,장애인화장실(여),2,지하,2,지하 2층,"B2 1,2번 출입구 계단 옆",2,장애인,2,여
01,수도권,S1,7,7호선,0582,학동,INFO,고객센터,2,지하,2,지하 2층,B2층 대합실,,,,
01,수도권,S1,7,7호선,0582,학동,EV,일반승강기,2,지하,3,지하 3층,[1호기]강남구청방면4-4,,,,
01,수도권,S1,7,7호선,0582,학동,EV,일반승강기,2,지하,3,지하 3층,[2호기]논현방면5-1,,,,
01,수도권,S1,7,7호선,0120,논현,EV,일반승강기,1,지상,1,지상 1층,[3호기]10번출구측,,,,
01,수도권,S1,7,7호선,0120,논현,EV,일반승강기,2,지하,1,지하 1층,[3호기](F1-B2)8번 출입구,,,,
01,수도권,S1,7,7호선,0120,논현,TOLT,일반화장실(남),2,지하,1,지하 1층,"대합실 1층 7,8번 출입구 근처",1,일반,1,남
01,수도권,S1,7,7호선,0120,논현,TOLT,일반화장실(여),2,지하,1,지하 1층,"대합실 1층 7,8번 출입구 근처",1,일반,2,여
01,수도권,S1,7,7호선,0120,논현,TOLT,장애인화장실(남),2,지하,1,지하 1층,"대합실 1층 7,8번 출입구 근처",2,장애인,1,남
01,수도권,S1,7,7호선,0120,논현,TOLT,장애인화장실(여),2,지하,1,지하 1층,"대합실 1층 7,8번 출입구 근처",2,장애인,2,여
01,수도권,S1,7,7호선,0120,논현,EV,일반승강기,2,지하,2,지하 2층,[3호기]10번출구측,,,,
01,수도권,S1,7,7호선,0120,논현,EV,일반승강기,2,지하,2,지하 2층,[1호기]학동방면7-4,,,,
01,수도권,S1,7,7호선,0120,논현,EV,일반승강기,2,지하,2,지하 2층,[2호기]반포방면2-1,,,,
01,수도권,S1,7,7호선,0120,논현,ELEC,전동휠체어충전설비,2,지하,2,지하 2층,지하2층에서 지하1층으로 올라가는 계단에서 10m 옆 벽면(공중전화 옆),,,,
01,수도권,S1,7,7호선,0120,논현,TOLT,일반화장실(남),2,지하,2,지하 2층,대합실 B2층 왓슨스 매장 뒤편,1,일반,1,남
01,수도권,S1,7,7호선,0120,논현,TOLT,일반화장실(여),2,지하,2,지하 2층,대합실 B2층 왓슨스 매장 뒤편,1,일반,2,여
01,수도권,S1,7,7호선,0120,논현,TOLT,장애인화장실(남),2,지하,2,지하 2층,대합실 B2층 왓슨스 매장 뒤편,2,장애인,1,남
01,수도권,S1,7,7호선,0120,논현,TOLT,장애인화장실(여),2,지하,2,지하 2층,대합실 B2층 왓슨스 매장 뒤편,2,장애인,2,여
01,수도권,S1,7,7호선,0120,논현,INFO,고객센터,2,지하,2,지하 2층,B2층 대합실,,,,
01,수도권,S1,7,7호선,0120,논현,LARM,수유실,2,지하,2,지하 2층,B2 고객안전실 내부,,,,
01,수도권,S1,7,7호선,0120,논현,EV,일반승강기,2,지하,3,지하 3층,[1호기]학동방면7-4,,,,
01,수도권,S1,7,7호선,0120,논현,EV,일반승강기,2,지하,3,지하 3층,[2호기]반포방면2-1,,,,
01,수도권,S1,7,7호선,0215,반포,EV,일반승강기,1,지상,1,지상 1층,[4호기]1번출구측,,,,
01,수도권,S1,7,7호선,0215,반포,EV,일반승강기,1,지상,1,지상 1층,[3호기]6번출구측,,,,
01,수도권,S1,7,7호선,0215,반포,EV,일반승강기,2,지하,1,지하 1층,[3호기](F1-B2)6번 출입구,,,,
01,수도권,S1,7,7호선,0215,반포,EV,일반승강기,2,지하,1,지하 1층,[4호기](F1-B2)1번 출입구,,,,
01,수도권,S1,7,7호선,0215,반포,EV,일반승강기,2,지하,2,지하 2층,[3호기]6번출구측,,,,
01,수도권,S1,7,7호선,0215,반포,EV,일반승강기,2,지하,2,지하 2층,[4호기]1번출구측,,,,
01,수도권,S1,7,7호선,0215,반포,EV,일반승강기,2,지하,2,지하 2층,[1호기]논현방면5-1,,,,
01,수도권,S1,7,7호선,0215,반포,EV,일반승강기,2,지하,2,지하 2층,[2호기]고속터미널방면4-4,,,,
01,수도권,S1,7,7호선,0215,반포,WCLF,휠체어리프트,2,지하,2,지하 2층,대합실(1~6번출구 방면),,,,
01,수도권,S1,7,7호선,0215,반포,ELEC,전동휠체어충전설비,2,지하,2,지하 2층,지하2층 대합실 E/S 오른쪽 자동사진기 옆 벽면,,,,
01,수도권,S1,7,7호선,0215,반포,TOLT,일반화장실(남),2,지하,2,지하 2층,대합실 지하2층 계단 옆,1,일반,1,남
01,수도권,S1,7,7호선,0215,반포,TOLT,일반화장실(여),2,지하,2,지하 2층,대합실 지하2층 계단 옆,1,일반,2,여
01,수도권,S1,7,7호선,0215,반포,TOLT,장애인화장실(남),2,지하,2,지하 2층,대합실 지하2층 계단 옆,2,장애인,1,남
01,수도권,S1,7,7호선,0215,반포,TOLT,장애인화장실(여),2,지하,2,지하 2층,대합실 지하2층 계단 옆,2,장애인,2,여
01,수도권,S1,7,7호선,0215,반포,INFO,고객센터,2,지하,2,지하 2층,B2층 대합실,,,,
01,수도권,S1,7,7호선,0215,반포,EV,일반승강기,2,지하,3,지하 3층,[1호기]논현방면5-1,,,,
01,수도권,S1,7,7호선,0215,반포,EV,일반승강기,2,지하,3,지하 3층,[2호기]고속터미널방면4-4,,,,
01,수도권,S1,7,7호선,0048,고속터미널,EV,일반승강기,1,지상,1,지상 1층,[2호기]4번출입구,,,,
01,수도권,S1,7,7호선,0048,고속터미널,WCLF,휠체어리프트,2,지하,1,지하 1층,"4,5,6번출구 방면 통로",,,,
01,수도권,S1,7,7호선,0048,고속터미널,WCLF,휠체어리프트,2,지하,1,지하 1층,3번 출구 측,,,,
01,수도권,S1,7,7호선,0048,고속터미널,TOLT,일반화장실(남),2,지하,1,지하 1층,대합실 1층 3번출입구 왼쪽,1,일반,1,남
01,수도권,S1,7,7호선,0048,고속터미널,TOLT,일반화장실(여),2,지하,1,지하 1층,대합실 1층 3번출입구 왼쪽,1,일반,2,여
01,수도권,S1,7,7호선,0048,고속터미널,TOLT,장애인화장실(남),2,지하,1,지하 1층,대합실 1층 3번출입구 왼쪽,2,장애인,1,남
01,수도권,S1,7,7호선,0048,고속터미널,TOLT,장애인화장실(여),2,지하,1,지하 1층,대합실 1층 3번출입구 왼쪽,2,장애인,2,여
01,수도권,S1,7,7호선,0048,고속터미널,INFO,고객센터,2,지하,1,지하 1층,B1층 대합실,,,,
01,수도권,S1,7,7호선,0048,고속터미널,LARM,수유실,2,지하,1,지하 1층,B1 고객안전실 내부,,,,
01,수도권,S1,7,7호선,0048,고속터미널,EV,일반승강기,2,지하,2,지하 2층,[2호기]4번출입구,,,,
01,수도권,S1,7,7호선,0048,고속터미널,EV,일반승강기,2,지하,2,지하 2층,[3호기]내방방면6-2,,,,
01,수도권,S1,7,7호선,0048,고속터미널,EV,일반승강기,2,지하,2,지하 2층,[1호기]반포방면3-3,,,,
01,수도권,S1,7,7호선,0048,고속터미널,WCLF,휠체어리프트,2,지하,2,지하 2층,대합실(3번출구 방면),,,,
01,수도권,S1,7,7호선,0048,고속터미널,WCLF,휠체어리프트,2,지하,2,지하 2층,"환승통로(3,9호선)",,,,
01,수도권,S1,7,7호선,0048,고속터미널,ELEC,전동휠체어충전설비,2,지하,2,지하 2층,지하2층 지역홍보 센터 앞,,,,
01,수도권,S1,7,7호선,0048,고속터미널,EV,일반승강기,2,지하,3,지하 3층,[1호기]반포방면3-3,,,,
01,수도권,S1,7,7호선,0048,고속터미널,EV,일반승강기,2,지하,3,지하 3층,[3호기]내방방면6-2,,,,
01,수도권,S1,7,7호선,0112,내방,EV,일반승강기,1,지상,1,지상 1층,[5호기]5번출구측,,,,
01,수도권,S1,7,7호선,0112,내방,EV,일반승강기,1,지상,1,지상 1층,[4호기]3번출구측,,,,
01,수도권,S1,7,7호선,0112,내방,EV,일반승강기,2,지하,1,지하 1층,[4호기]3번출구측,,,,
01,수도권,S1,7,7호선,0112,내방,EV,일반승강기,2,지하,1,지하 1층,[5호기]5번출구측,,,,
01,수도권,S1,7,7호선,0112,내방,EV,일반승강기,2,지하,1,지하 1층,[3호기]대합실(고객상담실앞),,,,
01,수도권,S1,7,7호선,0112,내방,TOLT,일반화장실(남),2,지하,1,지하 1층,대합실 지하1층 5~8번출입구방면,1,일반,1,남
01,수도권,S1,7,7호선,0112,내방,TOLT,일반화장실(여),2,지하,1,지하 1층,대합실 지하1층 5~8번출입구방면,1,일반,2,여
01,수도권,S1,7,7호선,0112,내방,TOLT,장애인화장실(남),2,지하,1,지하 1층,대합실 지하1층 5~8번출입구방면,2,장애인,1,남
01,수도권,S1,7,7호선,0112,내방,TOLT,장애인화장실(여),2,지하,1,지하 1층,대합실 지하1층 5~8번출입구방면,2,장애인,2,여
01,수도권,S1,7,7호선,0112,내방,EV,일반승강기,2,지하,2,지하 2층,[3호기]대합실(고객상담실앞),,,,
01,수도권,S1,7,7호선,0112,내방,EV,일반승강기,2,지하,2,지하 2층,[1호기]고속터미널방면5-2,,,,
01,수도권,S1,7,7호선,0112,내방,EV,일반승강기,2,지하,2,지하 2층,[2호기]이수방면4-2,,,,
01,수도권,S1,7,7호선,0112,내방,ELEC,전동휠체어충전설비,2,지하,2,지하 2층,게이트 정면 20M지점,,,,
01,수도권,S1,7,7호선,0112,내방,INFO,고객센터,2,지하,2,지하 2층,B2층 대합실,,,,
01,수도권,S1,7,7호선,0112,내방,EV,일반승강기,2,지하,3,지하 3층,[2호기]이수방면4-2,,,,
01,수도권,S1,7,7호선,0112,내방,EV,일반승강기,2,지하,3,지하 3층,[1호기]고속터미널방면5-2,,,,
01,수도권,S1,7,7호선,0560,총신대입구,EV,일반승강기,1,지상,1,지상 1층,[3호기]11번출구측,,,,
01,수도권,S1,7,7호선,0560,총신대입구,EV,일반승강기,2,지하,1,지하 1층,[3호기](F1-B3) (B3)대합실 (1F)11번출입구옆,,,,
01,수도권,S1,7,7호선,0560,총신대입구,TOLT,일반화장실(남),2,지하,1,지하 1층,지하1층 연결통로,1,일반,1,남
01,수도권,S1,7,7호선,0560,총신대입구,TOLT,일반화장실(여),2,지하,1,지하 1층,지하1층 연결통로,1,일반,2,여
01,수도권,S1,7,7호선,0560,총신대입구,TOLT,장애인화장실(남),2,지하,1,지하 1층,지하1층 연결통로,2,장애인,1,남
01,수도권,S1,7,7호선,0560,총신대입구,TOLT,장애인화장실(여),2,지하,1,지하 1층,지하1층 연결통로,2,장애인,2,여
01,수도권,S1,7,7호선,0560,총신대입구,EV,일반승강기,2,지하,2,지하 2층,[3호기](F1-B3) (B3)대합실 (1F)11번출입구옆,,,,
01,수도권,S1,7,7호선,0560,총신대입구,EV,일반승강기,2,지하,3,지하 3층,[3호기]11번출구측,,,,
01,수도권,S1,7,7호선,0560,총신대입구,EV,일반승강기,2,지하,3,지하 3층,[1호기]내방방면4-2,,,,
01,수도권,S1,7,7호선,0560,총신대입구,EV,일반승강기,2,지하,3,지하 3층,[2호기]남성방면5-3,,,,
01,수도권,S1,7,7호선,0560,총신대입구,ELEC,전동휠체어충전설비,2,지하,3,지하 3층,지하3층 E/S9호기 앞(공중전화 박스 옆) 벽면,,,,
01,수도권,S1,7,7호선,0560,총신대입구,TOLT,일반화장실(남),2,지하,3,지하 3층,지하3층 (가)표 내는 곳안쪽 상선 내부계단 옆,1,일반,1,남
01,수도권,S1,7,7호선,0560,총신대입구,TOLT,일반화장실(여),2,지하,3,지하 3층,지하3층 (가)표 내는 곳안쪽 상선 내부계단 옆,1,일반,2,여
01,수도권,S1,7,7호선,0560,총신대입구,TOLT,장애인화장실(남),2,지하,3,지하 3층,지하3층 (가)표 내는 곳안쪽 상선 내부계단 옆,2,장애인,1,남
01,수도권,S1,7,7호선,0560,총신대입구,TOLT,장애인화장실(여),2,지하,3,지하 3층,지하3층 (가)표 내는 곳안쪽 상선 내부계단 옆,2,장애인,2,여
01,수도권,S1,7,7호선,0560,총신대입구,INFO,고객센터,2,지하,3,지하 3층,B3층 대합실,,,,
01,수도권,S1,7,7호선,0560,총신대입구,LARM,수유실,2,지하,3,지하 3층,B3 고객안전실 내부,,,,
01,수도권,S1,7,7호선,0560,총신대입구,EV,일반승강기,2,지하,4,지하 4층,[2호기]남성방면5-3,,,,
01,수도권,S1,7,7호선,0560,총신대입구,EV,일반승강기,2,지하,4,지하 4층,[1호기]내방방면4-2,,,,
01,수도권,S1,7,7호선,0560,총신대입구,WCLF,휠체어리프트,2,지하,4,지하 4층,환승통로(당고개 방면),,,,
01,수도권,S1,7,7호선,0560,총신대입구,WCLF,휠체어리프트,2,지하,4,지하 4층,환승통로(사당 방면),,,,
01,수도권,S1,7,7호선,0107,남성,EV,일반승강기,1,지상,1,지상 1층,[4호기]2번출구측,,,,
01,수도권,S1,7,7호선,0107,남성,EV,일반승강기,1,지상,1,지상 1층,[3호기]3번출구측,,,,
01,수도권,S1,7,7호선,0107,남성,EV,일반승강기,2,지하,1,지하 1층,[4호기](B3-F1)2번 출입구,,,,
01,수도권,S1,7,7호선,0107,남성,EV,일반승강기,2,지하,1,지하 1층,[3호기](F1-B2)3번 출입구,,,,
01,수도권,S1,7,7호선,0107,남성,EV,일반승강기,2,지하,2,지하 2층,[3호기]3번출구측,,,,
01,수도권,S1,7,7호선,0107,남성,EV,일반승강기,2,지하,2,지하 2층,[4호기]2번출구측,,,,
01,수도권,S1,7,7호선,0107,남성,EV,일반승강기,2,지하,2,지하 2층,[4호기](B3-F1)2번 출입구,,,,
01,수도권,S1,7,7호선,0107,남성,EV,일반승강기,2,지하,2,지하 2층,[1호기]이수방면6-2,,,,
01,수도권,S1,7,7호선,0107,남성,EV,일반승강기,2,지하,2,지하 2층,[2호기]숭실대입구방면3-3,,,,
01,수도권,S1,7,7호선,0107,남성,TOLT,일반화장실(남),2,지하,2,지하 2층,대합실 상선 내부계단 옆,1,일반,1,남
01,수도권,S1,7,7호선,0107,남성,TOLT,일반화장실(여),2,지하,2,지하 2층,대합실 상선 내부계단 옆,1,일반,2,여
01,수도권,S1,7,7호선,0107,남성,TOLT,장애인화장실(남),2,지하,2,지하 2층,대합실 상선 내부계단 옆,2,장애인,1,남
01,수도권,S1,7,7호선,0107,남성,TOLT,장애인화장실(여),2,지하,2,지하 2층,대합실 상선 내부계단 옆,2,장애인,2,여
01,수도권,S1,7,7호선,0107,남성,INFO,고객센터,2,지하,2,지하 2층,B2층 대합실,,,,
01,수도권,S1,7,7호선,0107,남성,EV,일반승강기,2,지하,3,지하 3층,[1호기]이수방면6-2,,,,
01,수도권,S1,7,7호선,0107,남성,EV,일반승강기,2,지하,3,지하 3층,[2호기]숭실대입구방면3-3,,,,
01,수도권,S1,7,7호선,0344,숭실대입구,EV,일반승강기,1,지상,1,지상 1층,[4호기]3번출구측,,,,
01,수도권,S1,7,7호선,0344,숭실대입구,EV,일반승강기,1,지상,1,지상 1층,[3호기]2번출구측,,,,
01,수도권,S1,7,7호선,0344,숭실대입구,EV,일반승강기,2,지하,1,지하 1층,[4호기](B2-1F) (B2)개찰구옆 통로 (1F)3번출입구방향 계단 앞,,,,
01,수도권,S1,7,7호선,0344,숭실대입구,EV,일반승강기,2,지하,1,지하 1층,[3호기](F1-B2)2번 출입구,,,,
01,수도권,S1,7,7호선,0344,숭실대입구,EV,일반승강기,2,지하,2,지하 2층,[3호기]2번출구측,,,,
01,수도권,S1,7,7호선,0344,숭실대입구,EV,일반승강기,2,지하,2,지하 2층,[4호기]3번출구측,,,,
01,수도권,S1,7,7호선,0344,숭실대입구,EV,일반승강기,2,지하,2,지하 2층,[4호기](B2-1F) (B2)개찰구옆 통로 (1F)3번출입구방향 계단 앞,,,,
01,수도권,S1,7,7호선,0344,숭실대입구,EV,일반승강기,2,지하,2,지하 2층,[2호기]상도방면3-3,,,,
01,수도권,S1,7,7호선,0344,숭실대입구,EV,일반승강기,2,지하,2,지하 2층,[1호기]남성방면6-1,,,,
01,수도권,S1,7,7호선,0344,숭실대입구,TOLT,일반화장실(남),2,지하,2,지하 2층,대합실2층,1,일반,1,남
01,수도권,S1,7,7호선,0344,숭실대입구,TOLT,일반화장실(여),2,지하,2,지하 2층,대합실2층,1,일반,2,여
01,수도권,S1,7,7호선,0344,숭실대입구,TOLT,장애인화장실(남),2,지하,2,지하 2층,대합실2층,2,장애인,1,남
01,수도권,S1,7,7호선,0344,숭실대입구,TOLT,장애인화장실(여),2,지하,2,지하 2층,대합실2층,2,장애인,2,여
01,수도권,S1,7,7호선,0344,숭실대입구,INFO,고객센터,2,지하,2,지하 2층,B2층 대합실,,,,
01,수도권,S1,7,7호선,0344,숭실대입구,EV,일반승강기,2,지하,3,지하 3층,[1호기](B2-B6) 승강장,,,,
01,수도권,S1,7,7호선,0344,숭실대입구,EV,일반승강기,2,지하,3,지하 3층,[2호기](B2-B6) 승강장,,,,
01,수도권,S1,7,7호선,0344,숭실대입구,EV,일반승강기,2,지하,4,지하 4층,[2호기](B2-B6) 승강장,,,,
01,수도권,S1,7,7호선,0344,숭실대입구,EV,일반승강기,2,지하,4,지하 4층,[1호기](B2-B6) 승강장,,,,
01,수도권,S1,7,7호선,0344,숭실대입구,EV,일반승강기,2,지하,5,지하 5층,[1호기](B2-B6) 승강장,,,,
01,수도권,S1,7,7호선,0344,숭실대입구,EV,일반승강기,2,지하,5,지하 5층,[2호기](B2-B6) 승강장,,,,
01,수도권,S1,7,7호선,0344,숭실대입구,EV,일반승강기,2,지하,6,지하 6층,[1호기]남성방면6-1,,,,
01,수도권,S1,7,7호선,0344,숭실대입구,EV,일반승강기,2,지하,6,지하 6층,[2호기]상도방면3-3,,,,
01,수도권,S1,7,7호선,0273,상도,EV,일반승강기,1,지상,1,지상 1층,[3호기]5번출구측,,,,
01,수도권,S1,7,7호선,0273,상도,EV,일반승강기,2,지하,1,지하 1층,[3호기](F1-B2)5번 출입구측,,,,
01,수도권,S1,7,7호선,0273,상도,EV,일반승강기,2,지하,2,지하 2층,[3호기]5번출구측,,,,
01,수도권,S1,7,7호선,0273,상도,EV,일반승강기,2,지하,2,지하 2층,[2호기]장승배기방면4-4,,,,
01,수도권,S1,7,7호선,0273,상도,EV,일반승강기,2,지하,2,지하 2층,[1호기]숭실대입구방면4-4,,,,
01,수도권,S1,7,7호선,0273,상도,TOLT,일반화장실(남),2,지하,2,지하 2층,지하 2층 대합실 계단좌측,1,일반,1,남
01,수도권,S1,7,7호선,0273,상도,TOLT,일반화장실(여),2,지하,2,지하 2층,지하 2층 대합실 계단좌측,1,일반,2,여
01,수도권,S1,7,7호선,0273,상도,TOLT,장애인화장실(남),2,지하,2,지하 2층,지하 2층 대합실 계단좌측,2,장애인,1,남
01,수도권,S1,7,7호선,0273,상도,TOLT,장애인화장실(여),2,지하,2,지하 2층,지하 2층 대합실 계단좌측,2,장애인,2,여
01,수도권,S1,7,7호선,0273,상도,INFO,고객센터,2,지하,2,지하 2층,B2층 대합실,,,,
01,수도권,S1,7,7호선,0273,상도,EV,일반승강기,2,지하,3,지하 3층,[1호기]숭실대입구방면4-4,,,,
01,수도권,S1,7,7호선,0273,상도,EV,일반승강기,2,지하,3,지하 3층,[2호기]장승배기방면4-4,,,,
01,수도권,S1,7,7호선,0502,장승배기,EV,일반승강기,1,지상,1,지상 1층,[3호기]2번출구측,,,,
01,수도권,S1,7,7호선,0502,장승배기,EV,일반승강기,2,지하,2,지하 2층,[3호기]2번출구측,,,,
01,수도권,S1,7,7호선,0502,장승배기,EV,일반승강기,2,지하,2,지하 2층,[2호기]신대방삼거리방면4-4,,,,
01,수도권,S1,7,7호선,0502,장승배기,EV,일반승강기,2,지하,2,지하 2층,[1호기]상도방면4-4,,,,
01,수도권,S1,7,7호선,0502,장승배기,TOLT,일반화장실(남),2,지하,2,지하 2층,"지하2층 대합실 5,6번 출입구방향 내부계단 옆",1,일반,1,남
01,수도권,S1,7,7호선,0502,장승배기,TOLT,일반화장실(여),2,지하,2,지하 2층,"지하2층 대합실 5,6번 출입구방향 내부계단 옆",1,일반,2,여
01,수도권,S1,7,7호선,0502,장승배기,TOLT,장애인화장실(남),2,지하,2,지하 2층,"지하2층 대합실 5,6번 출입구방향 내부계단 옆",2,장애인,1,남
01,수도권,S1,7,7호선,0502,장승배기,TOLT,장애인화장실(여),2,지하,2,지하 2층,"지하2층 대합실 5,6번 출입구방향 내부계단 옆",2,장애인,2,여
01,수도권,S1,7,7호선,0502,장승배기,INFO,고객센터,2,지하,2,지하 2층,B2층 대합실,,,,
01,수도권,S1,7,7호선,0502,장승배기,EV,일반승강기,2,지하,3,지하 3층,[1호기]상도방면4-4,,,,
01,수도권,S1,7,7호선,0502,장승배기,EV,일반승강기,2,지하,3,지하 3층,[2호기]신대방삼거리방면4-4,,,,
01,수도권,S1,7,7호선,0358,신대방삼거리,EV,일반승강기,1,지상,1,지상 1층,[4호기]3번출구측,,,,
01,수도권,S1,7,7호선,0358,신대방삼거리,EV,일반승강기,2,지하,1,지하 1층,[4호기]3번출구측,,,,
01,수도권,S1,7,7호선,0358,신대방삼거리,EV,일반승강기,2,지하,1,지하 1층,[3호기]대합실(고객상담실옆),,,,
01,수도권,S1,7,7호선,0358,신대방삼거리,EV,일반승강기,2,지하,2,지하 2층,[3호기]대합실(고객상담실옆),,,,
01,수도권,S1,7,7호선,0358,신대방삼거리,EV,일반승강기,2,지하,2,지하 2층,[2호기]보라매방면4-4,,,,
01,수도권,S1,7,7호선,0358,신대방삼거리,EV,일반승강기,2,지하,2,지하 2층,[1호기]장승배기방면4-4,,,,
01,수도권,S1,7,7호선,0358,신대방삼거리,TOLT,일반화장실(남),2,지하,2,지하 2층,대합실 2층,1,일반,1,남
01,수도권,S1,7,7호선,0358,신대방삼거리,TOLT,일반화장실(여),2,지하,2,지하 2층,대합실 2층,1,일반,2,여
01,수도권,S1,7,7호선,0358,신대방삼거리,TOLT,장애인화장실(남),2,지하,2,지하 2층,대합실 2층,2,장애인,1,남
01,수도권,S1,7,7호선,0358,신대방삼거리,TOLT,장애인화장실(여),2,지하,2,지하 2층,대합실 2층,2,장애인,2,여
01,수도권,S1,7,7호선,0358,신대방삼거리,INFO,고객센터,2,지하,2,지하 2층,B2층 대합실,,,,
01,수도권,S1,7,7호선,0358,신대방삼거리,EV,일반승강기,2,지하,3,지하 3층,[1호기]장승배기방면4-4,,,,
01,수도권,S1,7,7호선,0358,신대방삼거리,EV,일반승강기,2,지하,3,지하 3층,[2호기]보라매방면4-4,,,,
01,수도권,S1,7,7호선,0232,보라매,EV,일반승강기,1,지상,1,지상 1층,[2호기]6번출구측,,,,
01,수도권,S1,7,7호선,0232,보라매,EV,일반승강기,2,지하,1,지하 1층,[2호기]6번출구측,,,,
01,수도권,S1,7,7호선,0232,보라매,EV,일반승강기,2,지하,1,지하 1층,"[1호기]신풍방면5-1,신대방삼거리방면4-4",,,,
01,수도권,S1,7,7호선,0232,보라매,TOLT,일반화장실(남),2,지하,1,지하 1층, 대합실 1층 3번출입구 방향,1,일반,1,남
01,수도권,S1,7,7호선,0232,보라매,TOLT,일반화장실(여),2,지하,1,지하 1층, 대합실 1층 3번출입구 방향,1,일반,2,여
01,수도권,S1,7,7호선,0232,보라매,TOLT,장애인화장실(남),2,지하,1,지하 1층, 대합실 1층 3번출입구 방향,2,장애인,1,남
01,수도권,S1,7,7호선,0232,보라매,TOLT,장애인화장실(여),2,지하,1,지하 1층, 대합실 1층 3번출입구 방향,2,장애인,2,여
01,수도권,S1,7,7호선,0232,보라매,INFO,고객센터,2,지하,1,지하 1층,B1층 대합실,,,,
01,수도권,S1,7,7호선,0232,보라매,EV,일반승강기,2,지하,2,지하 2층,"[1호기]신풍방면5-1,신대방삼거리방면4-4",,,,
01,수도권,S1,7,7호선,0378,신풍,EV,일반승강기,1,지상,1,지상 1층,[4호기]5번출구측,,,,
01,수도권,S1,7,7호선,0378,신풍,EV,일반승강기,1,지상,1,지상 1층,[3호기]4번출구측,,,,
01,수도권,S1,7,7호선,0378,신풍,EV,일반승강기,2,지하,1,지하 1층,[4호기]5번출구측,,,,
01,수도권,S1,7,7호선,0378,신풍,EV,일반승강기,2,지하,1,지하 1층,[3호기]4번출구측,,,,
01,수도권,S1,7,7호선,0378,신풍,EV,일반승강기,2,지하,1,지하 1층,[2호기]대림방면4-1,,,,
01,수도권,S1,7,7호선,0378,신풍,EV,일반승강기,2,지하,1,지하 1층,[1호기]보라매방면5-4,,,,
01,수도권,S1,7,7호선,0378,신풍,ELEC,전동휠체어충전설비,2,지하,1,지하 1층,지하1층 고객안전실 맞은편,,,,
01,수도권,S1,7,7호선,0378,신풍,TOLT,일반화장실(남),2,지하,1,지하 1층,대합실 1층 5번출입구방향,1,일반,1,남
01,수도권,S1,7,7호선,0378,신풍,TOLT,일반화장실(여),2,지하,1,지하 1층,대합실 1층 5번출입구방향,1,일반,2,여
01,수도권,S1,7,7호선,0378,신풍,TOLT,장애인화장실(남),2,지하,1,지하 1층,대합실 1층 5번출입구방향,2,장애인,1,남
01,수도권,S1,7,7호선,0378,신풍,TOLT,장애인화장실(여),2,지하,1,지하 1층,대합실 1층 5번출입구방향,2,장애인,2,여
01,수도권,S1,7,7호선,0378,신풍,INFO,고객센터,2,지하,1,지하 1층,B1층 대합실,,,,
01,수도권,S1,7,7호선,0378,신풍,EV,일반승강기,2,지하,2,지하 2층,[1호기]보라매방면5-4,,,,
01,수도권,S1,7,7호선,0378,신풍,EV,일반승강기,2,지하,2,지하 2층,[2호기]대림방면4-1,,,,
01,수도권,S1,7,7호선,0130,대림,EV,일반승강기,1,지상,1,지상 1층,[3호기]10번출구측,,,,
01,수도권,S1,7,7호선,0130,대림,EV,일반승강기,2,지하,1,지하 1층,[3호기]10번출구측,,,,
01,수도권,S1,7,7호선,0130,대림,EV,일반승강기,2,지하,1,지하 1층,[2호기]남구로방면4-4,,,,
01,수도권,S1,7,7호선,0130,대림,EV,일반승강기,2,지하,1,지하 1층,[1호기]신풍방면5-1,,,,
01,수도권,S1,7,7호선,0130,대림,WCLF,휠체어리프트,2,지하,1,지하 1층,"2호선 환승구간(E/S#10,11 옆 계단)",,,,
01,수도권,S1,7,7호선,0130,대림,ELEC,전동휠체어충전설비,2,지하,1,지하 1층,B1층 화장실 옆,,,,
01,수도권,S1,7,7호선,0130,대림,TOLT,일반화장실(남),2,지하,1,지하 1층,대합실 1층,1,일반,1,남
01,수도권,S1,7,7호선,0130,대림,TOLT,일반화장실(여),2,지하,1,지하 1층,대합실 1층,1,일반,2,여
01,수도권,S1,7,7호선,0130,대림,TOLT,장애인화장실(남),2,지하,1,지하 1층,대합실 1층,2,장애인,1,남
01,수도권,S1,7,7호선,0130,대림,TOLT,장애인화장실(여),2,지하,1,지하 1층,대합실 1층,2,장애인,2,여
01,수도권,S1,7,7호선,0130,대림,INFO,고객센터,2,지하,1,지하 1층,B1층 대합실,,,,
01,수도권,S1,7,7호선,0130,대림,LARM,수유실,2,지하,1,지하 1층,B1 고객안전실 내부,,,,
01,수도권,S1,7,7호선,0130,대림,EV,일반승강기,2,지하,2,지하 2층,[1호기]신풍방면5-1,,,,
01,수도권,S1,7,7호선,0130,대림,EV,일반승강기,2,지하,2,지하 2층,[2호기]남구로방면4-4,,,,
01,수도권,S1,7,7호선,0103,남구로,EV,일반승강기,1,지상,5,지상 5층,[1호기]석남방면(8-2),,,,
01,수도권,S1,7,7호선,0103,남구로,EV,일반승강기,1,지상,5,지상 5층,[2호기]장암방면(1-4),,,,
01,수도권,S1,7,7호선,0103,남구로,EV,일반승강기,1,지상,1,지상 1층,[3호기]외부,,,,
01,수도권,S1,7,7호선,0103,남구로,EV,일반승강기,2,지하,1,지하 1층,[3호기]외부,,,,
01,수도권,S1,7,7호선,0103,남구로,WCLF,휠체어리프트,2,지하,1,지하 1층,4번 출구 측,,,,
01,수도권,S1,7,7호선,0103,남구로,WCLF,휠체어리프트,2,지하,1,지하 1층,대합실(2~5번출구 방면) ,,,,
01,수도권,S1,7,7호선,0103,남구로,TOLT,일반화장실(남),2,지하,1,지하 1층,"대합실 1층 2~5번출입구 방향(E/S 7,8호기 옆)",1,일반,1,남
01,수도권,S1,7,7호선,0103,남구로,TOLT,일반화장실(여),2,지하,1,지하 1층,"대합실 1층 2~5번출입구 방향(E/S 7,8호기 옆)",1,일반,2,여
01,수도권,S1,7,7호선,0103,남구로,TOLT,장애인화장실(남),2,지하,1,지하 1층,"대합실 1층 2~5번출입구 방향(E/S 7,8호기 옆)",2,장애인,1,남
01,수도권,S1,7,7호선,0103,남구로,TOLT,장애인화장실(여),2,지하,1,지하 1층,"대합실 1층 2~5번출입구 방향(E/S 7,8호기 옆)",2,장애인,2,여
01,수도권,S1,7,7호선,0103,남구로,INFO,고객센터,2,지하,1,지하 1층,B1층 대합실,,,,
01,수도권,S1,7,7호선,0103,남구로,EV,일반승강기,2,지하,2,지하 2층,[2호기]장암방면(1-4),,,,
01,수도권,S1,7,7호선,0103,남구로,EV,일반승강기,2,지하,2,지하 2층,[1호기]석남방면(8-2),,,,
01,수도권,S1,7,7호선,0103,남구로,WCLF,휠체어리프트,2,지하,2,지하 2층,대합실(2~5번출구 방면) ,,,,
01,수도권,S1,7,7호선,0103,남구로,WCLF,휠체어리프트,2,지하,4,지하 4층,대합실(2~5번출구 방면) ,,,,
01,수도권,S1,7,7호선,0103,남구로,WCLF,휠체어리프트,2,지하,5,지하 5층,가산디지털단지 방면1-1,,,,
01,수도권,S1,7,7호선,0103,남구로,WCLF,휠체어리프트,2,지하,5,지하 5층,대림 방면8-4,,,,
01,수도권,S1,7,7호선,0004,가산디지털단지,EV,일반승강기,1,지상,1,지상 1층,[4호기]6번출구측,,,,
01,수도권,S1,7,7호선,0004,가산디지털단지,EV,일반승강기,2,지하,1,지하 1층,[4호기]6번출구측,,,,
01,수도권,S1,7,7호선,0004,가산디지털단지,EV,일반승강기,2,지하,1,지하 1층,[3호기]대합실(지하2층),,,,
01,수도권,S1,7,7호선,0004,가산디지털단지,WCLF,휠체어리프트,2,지하,1,지하 1층,환승통로(7호선 대합실-1호선 승강장),,,,
01,수도권,S1,7,7호선,0004,가산디지털단지,WCLF,휠체어리프트,2,지하,1,지하 1층,대합실,,,,
01,수도권,S1,7,7호선,0004,가산디지털단지,WCLF,휠체어리프트,2,지하,1,지하 1층,환승통로(7호선 대합실-1호선 승강장),,,,
01,수도권,S1,7,7호선,0004,가산디지털단지,TOLT,일반화장실(남),2,지하,1,지하 1층,대합실 1층 4번출입구 방향,1,일반,1,남
01,수도권,S1,7,7호선,0004,가산디지털단지,TOLT,일반화장실(여),2,지하,1,지하 1층,대합실 1층 4번출입구 방향,1,일반,2,여
01,수도권,S1,7,7호선,0004,가산디지털단지,TOLT,장애인화장실(남),2,지하,1,지하 1층,대합실 1층 4번출입구 방향,2,장애인,1,남
01,수도권,S1,7,7호선,0004,가산디지털단지,TOLT,장애인화장실(여),2,지하,1,지하 1층,대합실 1층 4번출입구 방향,2,장애인,2,여
01,수도권,S1,7,7호선,0004,가산디지털단지,EV,일반승강기,2,지하,2,지하 2층,[3호기]대합실(지하2층),,,,
01,수도권,S1,7,7호선,0004,가산디지털단지,EV,일반승강기,2,지하,2,지하 2층,[1호기]대림방면5-4,,,,
01,수도권,S1,7,7호선,0004,가산디지털단지,EV,일반승강기,2,지하,2,지하 2층,[2호기]철산방면4-1,,,,
01,수도권,S1,7,7호선,0004,가산디지털단지,INFO,고객센터,2,지하,2,지하 2층,B2층 대합실,,,,
01,수도권,S1,7,7호선,0004,가산디지털단지,LARM,수유실,2,지하,2,지하 2층,B2 고객안전실 내부,,,,
01,수도권,S1,7,7호선,0004,가산디지털단지,EV,일반승강기,2,지하,3,지하 3층,[1호기](B2-B4) 승강장,,,,
01,수도권,S1,7,7호선,0004,가산디지털단지,EV,일반승강기,2,지하,3,지하 3층,[2호기](B2-B4) 승강장,,,,
01,수도권,S1,7,7호선,0004,가산디지털단지,EV,일반승강기,2,지하,4,지하 4층,[2호기]철산방면4-1,,,,
01,수도권,S1,7,7호선,0004,가산디지털단지,EV,일반승강기,2,지하,4,지하 4층,[1호기]대림방면5-4,,,,
01,수도권,S1,7,7호선,0547,철산,EV,일반승강기,1,지상,1,지상 1층,[4호기]4번출구측,,,,
01,수도권,S1,7,7호선,0547,철산,EV,일반승강기,1,지상,1,지상 1층,[3호기]1번출구측,,,,
01,수도권,S1,7,7호선,0547,철산,EV,일반승강기,2,지하,1,지하 1층,[4호기]4번출구측,,,,
01,수도권,S1,7,7호선,0547,철산,EV,일반승강기,2,지하,1,지하 1층,[3호기]1번출구측,,,,
01,수도권,S1,7,7호선,0547,철산,EV,일반승강기,2,지하,1,지하 1층,[2호기]광명사거리방면4-4,,,,
01,수도권,S1,7,7호선,0547,철산,EV,일반승강기,2,지하,1,지하 1층,[1호기]가산디지털단지방면5-1,,,,
01,수도권,S1,7,7호선,0547,철산,TOLT,일반화장실(남),2,지하,1,지하 1층,대합실 1층 3번 출입구 방향,1,일반,1,남
01,수도권,S1,7,7호선,0547,철산,TOLT,일반화장실(여),2,지하,1,지하 1층,대합실 1층 3번 출입구 방향,1,일반,2,여
01,수도권,S1,7,7호선,0547,철산,TOLT,장애인화장실(남),2,지하,1,지하 1층,대합실 1층 3번 출입구 방향,2,장애인,1,남
01,수도권,S1,7,7호선,0547,철산,TOLT,장애인화장실(여),2,지하,1,지하 1층,대합실 1층 3번 출입구 방향,2,장애인,2,여
01,수도권,S1,7,7호선,0547,철산,INFO,고객센터,2,지하,1,지하 1층,B1층 대합실,,,,
01,수도권,S1,7,7호선,0547,철산,EV,일반승강기,2,지하,2,지하 2층,[1호기]가산디지털단지방면5-1,,,,
01,수도권,S1,7,7호선,0547,철산,EV,일반승강기,2,지하,2,지하 2층,[2호기]광명사거리방면4-4,,,,
01,수도권,S1,7,7호선,0064,광명사거리,EV,일반승강기,1,지상,1,지상 1층,[2호기]2번출구측,,,,
01,수도권,S1,7,7호선,0064,광명사거리,EV,일반승강기,2,지하,1,지하 1층,[2호기](F1-B2)2번 출입구,,,,
01,수도권,S1,7,7호선,0064,광명사거리,EV,일반승강기,2,지하,2,지하 2층,[2호기]2번출구측,,,,
01,수도권,S1,7,7호선,0064,광명사거리,EV,일반승강기,2,지하,2,지하 2층,[3호기]철산방면1-1,,,,
01,수도권,S1,7,7호선,0064,광명사거리,EV,일반승강기,2,지하,2,지하 2층,[1호기]천왕방면2-1,,,,
01,수도권,S1,7,7호선,0064,광명사거리,ELEC,전동휠체어충전설비,2,지하,2,지하 2층,B2 대합실 E/L 근처,,,,
01,수도권,S1,7,7호선,0064,광명사거리,TOLT,일반화장실(남),2,지하,2,지하 2층,대합실 2층 연결통로( 가-ⓘ센터와 나-ⓘ센터 중간지점),1,일반,1,남
01,수도권,S1,7,7호선,0064,광명사거리,TOLT,일반화장실(여),2,지하,2,지하 2층,대합실 2층 연결통로( 가-ⓘ센터와 나-ⓘ센터 중간지점),1,일반,2,여
01,수도권,S1,7,7호선,0064,광명사거리,TOLT,장애인화장실(남),2,지하,2,지하 2층,대합실 2층 연결통로( 가-ⓘ센터와 나-ⓘ센터 중간지점),2,장애인,1,남
01,수도권,S1,7,7호선,0064,광명사거리,TOLT,장애인화장실(여),2,지하,2,지하 2층,대합실 2층 연결통로( 가-ⓘ센터와 나-ⓘ센터 중간지점),2,장애인,2,여
01,수도권,S1,7,7호선,0064,광명사거리,INFO,고객센터,2,지하,2,지하 2층,B2층 대합실,,,,
01,수도권,S1,7,7호선,0064,광명사거리,LARM,수유실,2,지하,2,지하 2층,B2 고객안전실 내부,,,,
01,수도권,S1,7,7호선,0064,광명사거리,EV,일반승강기,2,지하,3,지하 3층,[1호기]천왕방면2-1,,,,
01,수도권,S1,7,7호선,0064,광명사거리,EV,일반승강기,2,지하,3,지하 3층,[3호기]철산방면1-1,,,,
01,수도권,S1,7,7호선,0545,천왕,EV,일반승강기,1,지상,1,지상 1층,[4호기]2번출구측,,,,
01,수도권,S1,7,7호선,0545,천왕,EV,일반승강기,1,지상,1,지상 1층,[3호기]3번출구측,,,,
01,수도권,S1,7,7호선,0545,천왕,EV,일반승강기,2,지하,1,지하 1층,[4호기]2번출구측,,,,
01,수도권,S1,7,7호선,0545,천왕,EV,일반승강기,2,지하,1,지하 1층,[3호기]3번출구측,,,,
01,수도권,S1,7,7호선,0545,천왕,EV,일반승강기,2,지하,1,지하 1층,[2호기]온수방면4-4,,,,
01,수도권,S1,7,7호선,0545,천왕,EV,일반승강기,2,지하,1,지하 1층,[1호기]광명사거리방면5-1,,,,
01,수도권,S1,7,7호선,0545,천왕,ELEC,전동휠체어충전설비,2,지하,1,지하 1층,지하1층 게이트 옆,,,,
01,수도권,S1,7,7호선,0545,천왕,TOLT,일반화장실(남),2,지하,1,지하 1층,대합실 1층 2번 출입구 방향,1,일반,1,남
01,수도권,S1,7,7호선,0545,천왕,TOLT,일반화장실(여),2,지하,1,지하 1층,대합실 1층 2번 출입구 방향,1,일반,2,여
01,수도권,S1,7,7호선,0545,천왕,TOLT,장애인화장실(남),2,지하,1,지하 1층,대합실 1층 2번 출입구 방향,2,장애인,1,남
01,수도권,S1,7,7호선,0545,천왕,TOLT,장애인화장실(여),2,지하,1,지하 1층,대합실 1층 2번 출입구 방향,2,장애인,2,여
01,수도권,S1,7,7호선,0545,천왕,INFO,고객센터,2,지하,1,지하 1층,B1층 대합실,,,,
01,수도권,S1,7,7호선,0545,천왕,EV,일반승강기,2,지하,2,지하 2층,[1호기]광명사거리방면5-1,,,,
01,수도권,S1,7,7호선,0545,천왕,EV,일반승강기,2,지하,2,지하 2층,[2호기]온수방면4-4,,,,
01,수도권,S1,7,7호선,0435,온수,EV,일반승강기,1,지상,1,지상 1층,[3호기]2번출구측,,,,
01,수도권,S1,7,7호선,0435,온수,EV,일반승강기,2,지하,1,지하 1층,[3호기]2번출구측,,,,
01,수도권,S1,7,7호선,0435,온수,EV,일반승강기,2,지하,1,지하 1층,[2호기]까치울방면5-1,,,,
01,수도권,S1,7,7호선,0435,온수,EV,일반승강기,2,지하,1,지하 1층,[1호기]천왕방면4-4,,,,
01,수도권,S1,7,7호선,0435,온수,WCLF,휠체어리프트,2,지하,1,지하 1층,6번 출구 측,,,,
01,수도권,S1,7,7호선,0435,온수,ELEC,전동휠체어충전설비,2,지하,1,지하 1층,지하1층 대합실 화장실에서 고객상담실 방면 10M,,,,
01,수도권,S1,7,7호선,0435,온수,TOLT,일반화장실(남),2,지하,1,지하 1층,대합실 1층 4번출입구 방향,1,일반,1,남
01,수도권,S1,7,7호선,0435,온수,TOLT,일반화장실(여),2,지하,1,지하 1층,대합실 1층 4번출입구 방향,1,일반,2,여
01,수도권,S1,7,7호선,0435,온수,TOLT,장애인화장실(남),2,지하,1,지하 1층,대합실 1층 4번출입구 방향,2,장애인,1,남
01,수도권,S1,7,7호선,0435,온수,TOLT,장애인화장실(여),2,지하,1,지하 1층,대합실 1층 4번출입구 방향,2,장애인,2,여
01,수도권,S1,7,7호선,0435,온수,INFO,고객센터,2,지하,1,지하 1층,B1층 대합실,,,,
01,수도권,S1,7,7호선,0435,온수,LARM,수유실,2,지하,1,지하 1층,B1 고객안전실 내부,,,,
01,수도권,S1,7,7호선,0435,온수,EV,일반승강기,2,지하,2,지하 2층,[1호기]천왕방면4-4,,,,
01,수도권,S1,7,7호선,0435,온수,EV,일반승강기,2,지하,2,지하 2층,[2호기]까치울방면5-1,,,,
01,수도권,IC,7,7호선,0101,까치울,EV,일반승강기,1,지상,1,지상 1층,[2호기](1F)3번/4번출입구옆(B1)3번/4번출입구옆,,,,
01,수도권,IC,7,7호선,0101,까치울,EV,일반승강기,2,지하,1,지하 1층,[2호기](1F)3번/4번출입구옆(B1)3번/4번출입구옆,,,,
01,수도권,IC,7,7호선,0101,까치울,EV,일반승강기,2,지하,1,지하 1층,"[1호기](B1)화장실옆,2번출입구방향(B2)온수방향승강장3-1출입문앞",,,,
01,수도권,IC,7,7호선,0101,까치울,ELEC,전동휠체어충전설비,2,지하,1,지하 1층,"(B1) 5번/ 1,2번 출입구 사이 위치",,,,
01,수도권,IC,7,7호선,0101,까치울,TOLT,일반화장실(남),2,지하,1,지하 1층,"(B1) GS25 편의점 옆, 5번 출입구 방향",1,일반,1,남
01,수도권,IC,7,7호선,0101,까치울,TOLT,일반화장실(여),2,지하,1,지하 1층,"(B1) GS25 편의점 옆, 5번 출입구 방향",1,일반,2,여
01,수도권,IC,7,7호선,0101,까치울,TOLT,장애인화장실(남),2,지하,1,지하 1층,"(B1) GS25 편의점 옆, 5번 출입구 방향",2,장애인,1,남
01,수도권,IC,7,7호선,0101,까치울,TOLT,장애인화장실(여),2,지하,1,지하 1층,"(B1) GS25 편의점 옆, 5번 출입구 방향",2,장애인,2,여
01,수도권,IC,7,7호선,0101,까치울,INFO,고객센터,2,지하,1,지하 1층,(B1) 표 내는 곳 앞 승강장 방향,,,,
01,수도권,IC,7,7호선,0101,까치울,LARM,수유실,2,지하,1,지하 1층,(B1) 대합실 i센터 옆 2번 출입구 방향,,,,
01,수도권,IC,7,7호선,0101,까치울,EV,일반승강기,2,지하,2,지하 2층,"[1호기](B1)화장실옆,2번출입구방향(B2)온수방향승강장3-1출입문앞",,,,
01,수도권,IC,7,7호선,0248,부천종합운동장,EV,일반승강기,1,지상,2,지상 2층,[4호기]직원용,,,,
01,수도권,IC,7,7호선,0248,부천종합운동장,EV,일반승강기,1,지상,1,지상 1층,[4호기](B1-2F) (B1)부천영업사업소 건물내(직원용)내부계단옆 (1F)부천기술사업소 (2F)부천영업사업소,,,,
01,수도권,IC,7,7호선,0248,부천종합운동장,EV,일반승강기,1,지상,1,지상 1층,"[3호기](1F)4,5번출입구사이(B1)4번출입구방향대합실",,,,
01,수도권,IC,7,7호선,0248,부천종합운동장,EV,일반승강기,1,지상,1,지상 1층,[2호기](1F)1번/2번출입구사이(B1)2번출입구방향대합실,,,,
01,수도권,IC,7,7호선,0248,부천종합운동장,EV,일반승강기,2,지하,0.5,지하 0.5층,[4호기]직원용,,,,
01,수도권,IC,7,7호선,0248,부천종합운동장,EV,일반승강기,2,지하,1,지하 1층,[2호기](1F)1번/2번출입구사이(B1)2번출입구방향대합실,,,,
01,수도권,IC,7,7호선,0248,부천종합운동장,EV,일반승강기,2,지하,1,지하 1층,"[3호기](1F)4,5번출입구사이(B1)4번출입구방향대합실",,,,
01,수도권,IC,7,7호선,0248,부천종합운동장,EV,일반승강기,2,지하,1,지하 1층,"[1호기](B1)고객안전센터앞대합실(B2)까치울역방향승강장5-3,춘의역방향승강장4-2출입문앞",,,,
01,수도권,IC,7,7호선,0248,부천종합운동장,TOLT,일반화장실(남),2,지하,1,지하 1층,(B1) 3번 출구 방향,1,일반,1,남
01,수도권,IC,7,7호선,0248,부천종합운동장,TOLT,일반화장실(남),2,지하,1,지하 1층,(B1) 4번 출구 방향,1,일반,1,남
01,수도권,IC,7,7호선,0248,부천종합운동장,TOLT,일반화장실(여),2,지하,1,지하 1층,(B1) 3번 출구 방향,1,일반,2,여
01,수도권,IC,7,7호선,0248,부천종합운동장,TOLT,일반화장실(여),2,지하,1,지하 1층,(B1) 4번 출구 방향,1,일반,2,여
01,수도권,IC,7,7호선,0248,부천종합운동장,TOLT,장애인화장실(남),2,지하,1,지하 1층,(B1) 4번 출구 방향,2,장애인,1,남
01,수도권,IC,7,7호선,0248,부천종합운동장,TOLT,장애인화장실(남),2,지하,1,지하 1층,(B1) 3번 출구 방향,2,장애인,1,남
01,수도권,IC,7,7호선,0248,부천종합운동장,TOLT,장애인화장실(여),2,지하,1,지하 1층,(B1) 4번 출구 방향,2,장애인,2,여
01,수도권,IC,7,7호선,0248,부천종합운동장,TOLT,장애인화장실(여),2,지하,1,지하 1층,(B1) 3번 출구 방향,2,장애인,2,여
01,수도권,IC,7,7호선,0248,부천종합운동장,INFO,고객센터,2,지하,1,지하 1층,(B1) 대합실 표 내는 곳 근처,,,,
01,수도권,IC,7,7호선,0248,부천종합운동장,LARM,수유실,2,지하,1,지하 1층,(B1) 고객안내센터 근처,,,,
01,수도권,IC,7,7호선,0248,부천종합운동장,EV,일반승강기,2,지하,2,지하 2층,"[1호기](B1)고객안전센터앞대합실(B2)까치울역방향승강장5-3,춘의역방향승강장4-2출입문앞",,,,
01,수도권,IC,7,7호선,0561,춘의,EV,일반승강기,1,지상,1,지상 1층,[3호기](B1)대합실7번/8번출입구(1F)3번/4번출입구사이,,,,
01,수도권,IC,7,7호선,0561,춘의,EV,일반승강기,1,지상,1,지상 1층,[2호기](B1)대합실3번/4번출입구(1F)3번/4번출입구사이,,,,
01,수도권,IC,7,7호선,0561,춘의,EV,일반승강기,2,지하,1,지하 1층,[2호기](B1)대합실3번/4번출입구(1F)3번/4번출입구사이,,,,
01,수도권,IC,7,7호선,0561,춘의,EV,일반승강기,2,지하,1,지하 1층,[3호기](B1)대합실7번/8번출입구(1F)3번/4번출입구사이,,,,
01,수도권,IC,7,7호선,0561,춘의,EV,일반승강기,2,지하,1,지하 1층,"[1호기](B2)부천종합운동장역방향5-1,신중동방향4-4(B1)고객안내센터앞대합실",,,,
01,수도권,IC,7,7호선,0561,춘의,ELEC,전동휠체어충전설비,2,지하,1,지하 1층,"(B1) 6,7번 출구 사이 행정정보센터 옆",,,,
01,수도권,IC,7,7호선,0561,춘의,TOLT,일반화장실(남),2,지하,1,지하 1층,"대합실 1,2 / 3,4 번 출입구 사이",1,일반,1,남
01,수도권,IC,7,7호선,0561,춘의,TOLT,일반화장실(여),2,지하,1,지하 1층,"대합실 1,2 / 3,4 번 출입구 사이",1,일반,2,여
01,수도권,IC,7,7호선,0561,춘의,TOLT,장애인화장실(남),2,지하,1,지하 1층,"대합실 1,2 / 3,4 번 출입구 사이",2,장애인,1,남
01,수도권,IC,7,7호선,0561,춘의,TOLT,장애인화장실(여),2,지하,1,지하 1층,"대합실 1,2 / 3,4 번 출입구 사이",2,장애인,2,여
01,수도권,IC,7,7호선,0561,춘의,INFO,고객센터,2,지하,1,지하 1층,"(B1) 대합실 내 7,8번 출입구 방향",,,,
01,수도권,IC,7,7호선,0561,춘의,LARM,수유실,2,지하,1,지하 1층,"(B1) 대합실 내 1,2번 출입구방향",,,,
01,수도권,IC,7,7호선,0561,춘의,EV,일반승강기,2,지하,2,지하 2층,"[1호기](B2)부천종합운동장역방향5-1,신중동방향4-4(B1)고객안내센터앞대합실",,,,
01,수도권,IC,7,7호선,0374,신중동,EV,일반승강기,1,지상,1,지상 1층,[2호기](B1)대합실1번/2번출입구(1F)1번/2번출입구사이,,,,
01,수도권,IC,7,7호선,0374,신중동,EV,일반승강기,1,지상,1,지상 1층,[4호기](B1)대합실3번출입구(1F)3번출입구인근,,,,
01,수도권,IC,7,7호선,0374,신중동,EV,일반승강기,1,지상,1,지상 1층,[3호기](B1)대합실7번출입구(1F)7번출입구사이,,,,
01,수도권,IC,7,7호선,0374,신중동,EV,일반승강기,2,지하,1,지하 1층,[2호기](B1)대합실1번/2번출입구(1F)1번/2번출입구사이,,,,
01,수도권,IC,7,7호선,0374,신중동,EV,일반승강기,2,지하,1,지하 1층,[3호기](B1)대합실7번출입구(1F)7번출입구사이,,,,
01,수도권,IC,7,7호선,0374,신중동,EV,일반승강기,2,지하,1,지하 1층,[4호기](B1)대합실3번출입구(1F)3번출입구인근,,,,
01,수도권,IC,7,7호선,0374,신중동,EV,일반승강기,2,지하,1,지하 1층,"[1호기](B2)춘의역방향승강장4-1,부천시청역방향승강장5-3의사이의중앙(B1)표내는곳내대합실중앙",,,,
01,수도권,IC,7,7호선,0374,신중동,ELEC,전동휠체어충전설비,2,지하,1,지하 1층,(B1) 표내는곳 외부 대합실,,,,
01,수도권,IC,7,7호선,0374,신중동,TOLT,일반화장실(남),2,지하,1,지하 1층,(B1) 표내는곳 외부 계단 4/5/6번 출입구 방향,1,일반,1,남
01,수도권,IC,7,7호선,0374,신중동,TOLT,일반화장실(여),2,지하,1,지하 1층,(B1) 표내는곳 외부 계단 4/5/6번 출입구 방향,1,일반,2,여
01,수도권,IC,7,7호선,0374,신중동,TOLT,장애인화장실(남),2,지하,1,지하 1층,(B1) 표내는곳 외부 계단 4/5/6번 출입구 방향,2,장애인,1,남
01,수도권,IC,7,7호선,0374,신중동,TOLT,장애인화장실(여),2,지하,1,지하 1층,(B1) 표내는곳 외부 계단 4/5/6번 출입구 방향,2,장애인,2,여
01,수도권,IC,7,7호선,0374,신중동,INFO,고객센터,2,지하,1,지하 1층,(B1)표내는곳,,,,
01,수도권,IC,7,7호선,0374,신중동,LARM,수유실,2,지하,1,지하 1층,(B1)표내는곳 내 하선 계단 옆,,,,
01,수도권,IC,7,7호선,0374,신중동,EV,일반승강기,2,지하,2,지하 2층,"[1호기](B2)춘의역방향승강장4-1,부천시청역방향승강장5-3의사이의중앙(B1)표내는곳내대합실중앙",,,,
01,수도권,IC,7,7호선,0247,부천시청,EV,일반승강기,1,지상,1,지상 1층,[3호기](B1)4번/5번출입구근처대합실(1F)4번/5번출입구근처,,,,
01,수도권,IC,7,7호선,0247,부천시청,EV,일반승강기,1,지상,1,지상 1층,[2호기](B1)1번/2번출입구근처대합실(1F)1번/2번출입구근처,,,,
01,수도권,IC,7,7호선,0247,부천시청,EV,일반승강기,2,지하,1,지하 1층,[2호기](B1)1번/2번출입구근처대합실(1F)1번/2번출입구근처,,,,
01,수도권,IC,7,7호선,0247,부천시청,EV,일반승강기,2,지하,1,지하 1층,[3호기](B1)4번/5번출입구근처대합실(1F)4번/5번출입구근처,,,,
01,수도권,IC,7,7호선,0247,부천시청,EV,일반승강기,2,지하,1,지하 1층,[1호기](B2)신중동역방향승강장4-4출입문앞(B1)표내는곳내계단옆(신중동방향),,,,
01,수도권,IC,7,7호선,0247,부천시청,ELEC,전동휠체어충전설비,2,지하,1,지하 1층,(B1) 표내는곳 내부 대합실,,,,
01,수도권,IC,7,7호선,0247,부천시청,TOLT,일반화장실(남),2,지하,1,지하 1층,"2번출구와 3번출구 사이, 이마트연결통로 옆",1,일반,1,남
01,수도권,IC,7,7호선,0247,부천시청,TOLT,일반화장실(여),2,지하,1,지하 1층,"2번출구와 3번출구 사이, 이마트연결통로 옆",1,일반,2,여
01,수도권,IC,7,7호선,0247,부천시청,TOLT,장애인화장실(남),2,지하,1,지하 1층,"2번출구와 3번출구 사이, 이마트연결통로 옆",2,장애인,1,남
01,수도권,IC,7,7호선,0247,부천시청,TOLT,장애인화장실(여),2,지하,1,지하 1층,"2번출구와 3번출구 사이, 이마트연결통로 옆",2,장애인,2,여
01,수도권,IC,7,7호선,0247,부천시청,INFO,고객센터,2,지하,1,지하 1층,(B1) 개찰구 옆,,,,
01,수도권,IC,7,7호선,0247,부천시청,LARM,수유실,2,지하,1,지하 1층,(B1) 대합실 고객안내센터 옆,,,,
01,수도권,IC,7,7호선,0247,부천시청,EV,일반승강기,2,지하,2,지하 2층,[1호기](B2)신중동역방향승강장4-4출입문앞(B1)표내는곳내계단옆(신중동방향),,,,
01,수도권,IC,7,7호선,0274,상동,EV,일반승강기,1,지상,1,지상 1층,[4호기](B1)대합실5번/6번출입구사이(상상정거장옆)(1F)5번/6번출입구사이,,,,
01,수도권,IC,7,7호선,0274,상동,EV,일반승강기,1,지상,1,지상 1층,[3호기](B1)대합실1번/2번출입구사이(GS편의점옆)(1F)1번/2번출입구사이,,,,
01,수도권,IC,7,7호선,0274,상동,EV,일반승강기,2,지하,1,지하 1층,[3호기](B1)대합실1번/2번출입구사이(GS편의점옆)(1F)1번/2번출입구사이,,,,
01,수도권,IC,7,7호선,0274,상동,EV,일반승강기,2,지하,1,지하 1층,[4호기](B1)대합실5번/6번출입구사이(상상정거장옆)(1F)5번/6번출입구사이,,,,
01,수도권,IC,7,7호선,0274,상동,EV,일반승강기,2,지하,1,지하 1층,[2호기](B2)승강장하선5-1출입문앞(B1)대합실표내는곳근처,,,,
01,수도권,IC,7,7호선,0274,상동,EV,일반승강기,2,지하,1,지하 1층,[1호기](B2)승강장상선4-4출입문앞(B1)대합실표내는곳근처,,,,
01,수도권,IC,7,7호선,0274,상동,ELEC,전동휠체어충전설비,2,지하,1,지하 1층,(B1) 3번출구 나가는 방향(칙칙폭폭 도서관 오른쪽),,,,
01,수도권,IC,7,7호선,0274,상동,TOLT,일반화장실(남),2,지하,1,지하 1층,(B1) 대합실 중앙 The bake 왼쪽 통로,1,일반,1,남
01,수도권,IC,7,7호선,0274,상동,TOLT,일반화장실(여),2,지하,1,지하 1층,(B1) 대합실 중앙 The bake 왼쪽 통로,1,일반,2,여
01,수도권,IC,7,7호선,0274,상동,TOLT,장애인화장실(남),2,지하,1,지하 1층,(B1) 대합실 중앙 The bake 왼쪽 통로,2,장애인,1,남
01,수도권,IC,7,7호선,0274,상동,TOLT,장애인화장실(여),2,지하,1,지하 1층,(B1) 대합실 중앙 The bake 왼쪽 통로,2,장애인,2,여
01,수도권,IC,7,7호선,0274,상동,INFO,고객센터,2,지하,1,지하 1층,(B1) 대합실 중앙 The bake 오른쪽,,,,
01,수도권,IC,7,7호선,0274,상동,LARM,수유실,2,지하,1,지하 1층,(B1) 대합실 5번 출입구 방향,,,,
01,수도권,IC,7,7호선,0274,상동,EV,일반승강기,2,지하,2,지하 2층,[1호기](B2)승강장상선4-4출입문앞(B1)대합실표내는곳근처,,,,
01,수도권,IC,7,7호선,0274,상동,EV,일반승강기,2,지하,2,지하 2층,[2호기](B2)승강장하선5-1출입문앞(B1)대합실표내는곳근처,,,,
01,수도권,IC,7,7호선,0265,삼산체육관,EV,일반승강기,1,지상,1,지상 1층,[4호기](B1)대합실3번출입구(1F)자전거보관구역근처,,,,
01,수도권,IC,7,7호선,0265,삼산체육관,EV,일반승강기,1,지상,1,지상 1층,[3호기](B1)대합실1번/2번출입구사이(1F)공원입구근처,,,,
01,수도권,IC,7,7호선,0265,삼산체육관,EV,일반승강기,2,지하,1,지하 1층,[3호기](B1)대합실1번/2번출입구사이(1F)공원입구근처,,,,
01,수도권,IC,7,7호선,0265,삼산체육관,EV,일반승강기,2,지하,1,지하 1층,[4호기](B1)대합실3번출입구(1F)자전거보관구역근처,,,,
01,수도권,IC,7,7호선,0265,삼산체육관,EV,일반승강기,2,지하,1,지하 1층,[2호기](B2)승강장하선5-3출입문앞(B1)대합실표내는곳근처,,,,
01,수도권,IC,7,7호선,0265,삼산체육관,EV,일반승강기,2,지하,1,지하 1층,[1호기](B2)승강장상선4-2출입문앞(B1)대합실표내는곳근처,,,,
01,수도권,IC,7,7호선,0265,삼산체육관,ELEC,전동휠체어충전설비,2,지하,1,지하 1층,"(B1) 대합실 1,2번 출구 방향",,,,
01,수도권,IC,7,7호선,0265,삼산체육관,TOLT,일반화장실(남),2,지하,1,지하 1층,"(B1) 개집표구 외부, 1번/2번 출입구 방향",1,일반,1,남
01,수도권,IC,7,7호선,0265,삼산체육관,TOLT,일반화장실(여),2,지하,1,지하 1층,"(B1) 개집표구 외부, 1번/2번 출입구 방향",1,일반,2,여
01,수도권,IC,7,7호선,0265,삼산체육관,TOLT,장애인화장실(남),2,지하,1,지하 1층,"(B1) 개집표구 외부, 1번/2번 출입구 방향",2,장애인,1,남
01,수도권,IC,7,7호선,0265,삼산체육관,TOLT,장애인화장실(여),2,지하,1,지하 1층,"(B1) 개집표구 외부, 1번/2번 출입구 방향",2,장애인,2,여
01,수도권,IC,7,7호선,0265,삼산체육관,INFO,고객센터,2,지하,1,지하 1층,(B1) 대합실 3번 출입구 방향,,,,
01,수도권,IC,7,7호선,0265,삼산체육관,LARM,수유실,2,지하,1,지하 1층,(B1) 대합실 3번 출입구 방향,,,,
01,수도권,IC,7,7호선,0265,삼산체육관,EV,일반승강기,2,지하,2,지하 2층,[1호기](B2)승강장상선4-2출입문앞(B1)대합실표내는곳근처,,,,
01,수도권,IC,7,7호선,0265,삼산체육관,EV,일반승강기,2,지하,2,지하 2층,[2호기](B2)승강장하선5-3출입문앞(B1)대합실표내는곳근처,,,,
01,수도권,IC,7,7호선,0085,굴포천,EV,일반승강기,1,지상,1,지상 1층,[4호기](B1)5번/6번출입구근처대합실(1F)5번/6번출입구근처,,,,
01,수도권,IC,7,7호선,0085,굴포천,EV,일반승강기,1,지상,1,지상 1층,[3호기](B1)3번/4번출입구근처대합실(1F)3번출입구근처,,,,
01,수도권,IC,7,7호선,0085,굴포천,EV,일반승강기,2,지하,1,지하 1층,[3호기](B1)3번/4번출입구근처대합실(1F)3번출입구근처,,,,
01,수도권,IC,7,7호선,0085,굴포천,EV,일반승강기,2,지하,1,지하 1층,[4호기](B1)5번/6번출입구근처대합실(1F)5번/6번출입구근처,,,,
01,수도권,IC,7,7호선,0085,굴포천,EV,일반승강기,2,지하,1,지하 1층,[2호기](B2)부평구청역방향승강장5-1출입문앞(B1)표내는곳내계단옆(부평구청역방향),,,,
01,수도권,IC,7,7호선,0085,굴포천,EV,일반승강기,2,지하,1,지하 1층,[1호기](B2)삼산체육관역방향승강장4-4출입문앞(B1)표내는곳내계단옆(삼산체육관역방향),,,,
01,수도권,IC,7,7호선,0085,굴포천,ELEC,전동휠체어충전설비,2,지하,1,지하 1층,(B1) 대합실 I센터 옆,,,,
01,수도권,IC,7,7호선,0085,굴포천,TOLT,일반화장실(남),2,지하,1,지하 1층,5번출구 옆,1,일반,1,남
01,수도권,IC,7,7호선,0085,굴포천,TOLT,일반화장실(여),2,지하,1,지하 1층,5번출구 옆,1,일반,2,여
01,수도권,IC,7,7호선,0085,굴포천,TOLT,장애인화장실(남),2,지하,1,지하 1층,5번출구 옆,2,장애인,1,남
01,수도권,IC,7,7호선,0085,굴포천,TOLT,장애인화장실(여),2,지하,1,지하 1층,5번출구 옆,2,장애인,2,여
01,수도권,IC,7,7호선,0085,굴포천,INFO,고객센터,2,지하,1,지하 1층,(B1) 대합실 표 내는 곳 옆,,,,
01,수도권,IC,7,7호선,0085,굴포천,LARM,수유실,2,지하,1,지하 1층,(B1) 대합실 고객안내센터 근처,,,,
01,수도권,IC,7,7호선,0085,굴포천,EV,일반승강기,2,지하,2,지하 2층,[1호기](B2)삼산체육관역방향승강장4-4출입문앞(B1)표내는곳내계단옆(삼산체육관역방향),,,,
01,수도권,IC,7,7호선,0085,굴포천,EV,일반승강기,2,지하,2,지하 2층,[2호기](B2)부평구청역방향승강장5-1출입문앞(B1)표내는곳내계단옆(부평구청역방향),,,,
01,수도권,IC,7,7호선,0250,부평구청,EV,일반승강기,1,지상,1,지상 1층,"[7호기](B1)4,5번출입구방향대합실(1F)4,5번출입구사이엘리베이터",,,,
01,수도권,IC,7,7호선,0250,부평구청,EV,일반승강기,1,지상,1,지상 1층,[9호기]직원용,,,,
01,수도권,IC,7,7호선,0250,부평구청,EV,일반승강기,1,지상,1,지상 1층,[8호기](B1)3번출입구방향계단옆엘리베이터(1F)3번출입구옆엘리베이터,,,,
01,수도권,IC,7,7호선,0250,부평구청,EV,일반승강기,2,지하,1,지하 1층,"[7호기](B1)4,5번출입구방향대합실(1F)4,5번출입구사이엘리베이터",,,,
01,수도권,IC,7,7호선,0250,부평구청,EV,일반승강기,2,지하,1,지하 1층,[8호기](B1)3번출입구방향계단옆엘리베이터(1F)3번출입구옆엘리베이터,,,,
01,수도권,IC,7,7호선,0250,부평구청,EV,일반승강기,2,지하,1,지하 1층,[9호기]직원용,,,,
01,수도권,IC,7,7호선,0250,부평구청,EV,일반승강기,2,지하,1,지하 1층,[6호기](B2)1호선(부평시장역방향)<->7호선환승통로엘리베이터(B1)1호선부평시장역방향방범셔터앞엘리베이터,,,,
01,수도권,IC,7,7호선,0250,부평구청,EV,일반승강기,2,지하,1,지하 1층,[2호기](B3)산곡역방향5-4출입문앞(B1)표내는곳안쪽남자화장실옆엘리베이터,,,,
01,수도권,IC,7,7호선,0250,부평구청,EV,일반승강기,2,지하,1,지하 1층,[5호기](B2)1호선(갈산역방향)<->7호선환승통로계단옆엘리베이터(BM1)1호선갈산역방향후미부계단옆엘리베이터,,,,
01,수도권,IC,7,7호선,0250,부평구청,TOLT,일반화장실(남),2,지하,1,지하 1층,(B1) 3번 출입구 옆,1,일반,1,남
01,수도권,IC,7,7호선,0250,부평구청,TOLT,일반화장실(남),2,지하,1,지하 1층,(B1) 표내는곳 내 계단 옆 ,1,일반,1,남
01,수도권,IC,7,7호선,0250,부평구청,TOLT,일반화장실(여),2,지하,1,지하 1층,(B1) 표내는곳 내 계단 옆 ,1,일반,2,여
01,수도권,IC,7,7호선,0250,부평구청,TOLT,일반화장실(여),2,지하,1,지하 1층,(B1) 3번 출입구 옆,1,일반,2,여
01,수도권,IC,7,7호선,0250,부평구청,TOLT,장애인화장실(남),2,지하,1,지하 1층,(B1) 표내는곳 내 계단 옆 ,2,장애인,1,남
01,수도권,IC,7,7호선,0250,부평구청,TOLT,장애인화장실(남),2,지하,1,지하 1층,(B1) 3번 출입구 옆,2,장애인,1,남
01,수도권,IC,7,7호선,0250,부평구청,TOLT,장애인화장실(여),2,지하,1,지하 1층,(B1) 표내는곳 내 계단 옆 ,2,장애인,2,여
01,수도권,IC,7,7호선,0250,부평구청,TOLT,장애인화장실(여),2,지하,1,지하 1층,(B1) 3번 출입구 옆,2,장애인,2,여
01,수도권,IC,7,7호선,0250,부평구청,INFO,고객센터,2,지하,1,지하 1층,"(B1) 대합실 표내는곳 옆, 6, 7번 출입구 방향",,,,
01,수도권,IC,7,7호선,0250,부평구청,LARM,수유실,2,지하,1,지하 1층,"(B1) 대합실 표내는곳 옆, 6, 7번 출입구 방향",,,,
01,수도권,IC,7,7호선,0250,부평구청,EV,일반승강기,2,지하,2,지하 2층,[6호기](B2)1호선(부평시장역방향)<->7호선환승통로엘리베이터(B1)1호선부평시장역방향방범셔터앞엘리베이터,,,,
01,수도권,IC,7,7호선,0250,부평구청,EV,일반승강기,2,지하,2,지하 2층,[5호기](B2)1호선(갈산역방향)<->7호선환승통로계단옆엘리베이터(BM1)1호선갈산역방향후미부계단옆엘리베이터,,,,
01,수도권,IC,7,7호선,0250,부평구청,EV,일반승강기,2,지하,2,지하 2층,[9호기]직원용,,,,
01,수도권,IC,7,7호선,0250,부평구청,EV,일반승강기,2,지하,2,지하 2층,"[2호기](B3) 산곡역 방향 5-4 출입문 앞
(B1) 표 내는 곳 안쪽 남자화장실 옆 엘리베이터",,,,
01,수도권,IC,7,7호선,0250,부평구청,EV,일반승강기,2,지하,2,지하 2층,[4호기](B3)산곡역방향1-1출입문앞(B2)1호선(부평시장역방향)<->7호선(산곡역방향)환승통로엘리베이터,,,,
01,수도권,IC,7,7호선,0250,부평구청,EV,일반승강기,2,지하,2,지하 2층,[1호기](B3)1호선(갈산역방향)<->7호선(굴포천역방향)환승통로앞쪽(B2)굴포천역방향4-1출입문앞,,,,
01,수도권,IC,7,7호선,0250,부평구청,EV,일반승강기,2,지하,2,지하 2층,[3호기](B3)굴포천역방향8-4출입문앞(B2)1호선(부평시장역방향)<->7호선(굴포천역방향)환승통로엘리베이터,,,,
01,수도권,IC,7,7호선,0250,부평구청,EV,일반승강기,2,지하,3,지하 3층,[4호기](B3)산곡역방향1-1출입문앞(B2)1호선(부평시장역방향)<->7호선(산곡역방향)환승통로엘리베이터,,,,
01,수도권,IC,7,7호선,0250,부평구청,EV,일반승강기,2,지하,3,지하 3층,[1호기](B3)1호선(갈산역방향)<->7호선(굴포천역방향)환승통로앞쪽(B2)굴포천역방향4-1출입문앞,,,,
01,수도권,IC,7,7호선,0250,부평구청,EV,일반승강기,2,지하,3,지하 3층,[3호기](B3)굴포천역방향8-4출입문앞(B2)1호선(부평시장역방향)<->7호선(굴포천역방향)환승통로엘리베이터,,,,
01,수도권,IC,7,7호선,0250,부평구청,EV,일반승강기,2,지하,3,지하 3층,[2호기](B3)산곡역방향5-4출입문앞(B1)표내는곳안쪽남자화장실옆엘리베이터,,,,
01,수도권,IC,7,7호선,0250,부평구청,EV,일반승강기,2,지하,3,지하 3층,[9호기]직원용,,,,
01,수도권,IC,7,7호선,0250,부평구청,EV,일반승강기,2,지하,4,지하 4층,[9호기]직원용,,,,
01,수도권,IC,7,7호선,1352,산곡,EV,일반승강기,1,지상,1,지상 1층,"[4호기](B1)7번출입구방향엘리베이터(1F)1번,7번출입구사이엘리베이터",,,,
01,수도권,IC,7,7호선,1352,산곡,EV,일반승강기,1,지상,1,지상 1층,"[3호기](B1)3번출입구방향오른쪽엘리베이터(1F)3번,4번출입구사이엘리베이터",,,,
01,수도권,IC,7,7호선,1352,산곡,EV,일반승강기,2,지하,1,지하 1층,"[3호기](B1)3번출입구방향오른쪽엘리베이터(1F)3번,4번출입구사이엘리베이터",,,,
01,수도권,IC,7,7호선,1352,산곡,EV,일반승강기,2,지하,1,지하 1층,"[4호기](B1)7번출입구방향엘리베이터(1F)1번,7번출입구사이엘리베이터",,,,
01,수도권,IC,7,7호선,1352,산곡,EV,일반승강기,2,지하,1,지하 1층,[2호기](B1)7호선석남역방향4-4출입문앞(1F)7호선석남역방향대합실중간엘리베이터,,,,
01,수도권,IC,7,7호선,1352,산곡,EV,일반승강기,2,지하,1,지하 1층,[1호기](B1)7호선부평구청역방향4-4출입문앞(1F)7호선부평구청역방향대합실중간엘리베이터,,,,
01,수도권,IC,7,7호선,1352,산곡,ELEC,전동휠체어충전설비,2,지하,1,지하 1층,"(B1) 대합실 5,6번 출구 옆",,,,
01,수도권,IC,7,7호선,1352,산곡,TOLT,일반화장실(남),2,지하,1,지하 1층,7번 출입구 방향,1,일반,1,남
01,수도권,IC,7,7호선,1352,산곡,TOLT,일반화장실(여),2,지하,1,지하 1층,7번 출입구 방향,1,일반,2,여
01,수도권,IC,7,7호선,1352,산곡,TOLT,장애인화장실(남),2,지하,1,지하 1층,7번 출입구 방향,2,장애인,1,남
01,수도권,IC,7,7호선,1352,산곡,TOLT,장애인화장실(여),2,지하,1,지하 1층,7번 출입구 방향,2,장애인,2,여
01,수도권,IC,7,7호선,1352,산곡,INFO,고객센터,2,지하,1,지하 1층,"(B1) 대합실 3,4번 출입구 방향",,,,
01,수도권,IC,7,7호선,1352,산곡,LARM,수유실,2,지하,1,지하 1층,(B1) 대합실 7번 출입구 방향,,,,
01,수도권,IC,7,7호선,1352,산곡,EV,일반승강기,2,지하,2,지하 2층,[1호기](B1)7호선부평구청역방향4-4출입문앞(1F)7호선부평구청역방향대합실중간엘리베이터,,,,
01,수도권,IC,7,7호선,1352,산곡,EV,일반승강기,2,지하,2,지하 2층,[2호기](B1)7호선석남역방향4-4출입문앞(1F)7호선석남역방향대합실중간엘리베이터,,,,
01,수도권,IC,7,7호선,0301,석남,EV,일반승강기,1,지상,1,지상 1층,[10호기](B1)2번/3번출입구왼쪽방향엘리베이터(1F)2번출입구뒷편고가도로밑(2호선3번출입구뒷편),,,,
01,수도권,IC,7,7호선,0301,석남,EV,일반승강기,1,지상,1,지상 1층,[9호기](B1)4번/7번출입구오른방향안쪽엘리베이터(1F)7번출입구뒷편고가도로밑(2호선8번출입구앞),,,,
01,수도권,IC,7,7호선,0301,석남,EV,일반승강기,2,지하,1,지하 1층,[9호기](B1)4번/7번출입구오른방향안쪽엘리베이터(1F)7번출입구뒷편고가도로밑(2호선8번출입구앞),,,,
01,수도권,IC,7,7호선,0301,석남,EV,일반승강기,2,지하,1,지하 1층,[10호기](B1)2번/3번출입구왼쪽방향엘리베이터(1F)2번출입구뒷편고가도로밑(2호선3번출입구뒷편),,,,
01,수도권,IC,7,7호선,0301,석남,EV,일반승강기,2,지하,1,지하 1층,"[6호기](B4)6번출입구방향에스컬레이터11,12호기옆(1F)6번출입구뒷편고가도로옆엘리베이터",,,,
01,수도권,IC,7,7호선,0301,석남,EV,일반승강기,2,지하,1,지하 1층,"[5호기](B4)5번출입구방향에스컬레이터9,10호기옆(1F)5번출입구뒷편고가도로옆엘리베이터",,,,
01,수도권,IC,7,7호선,0301,석남,EV,일반승강기,2,지하,1,지하 1층,[7호기](B3)2호선서부여성회관역방향환승통로안쪽엘리베이터(B1)1번/4번/7번출입구방향표내는곳옆,,,,
01,수도권,IC,7,7호선,0301,석남,EV,일반승강기,2,지하,2,지하 2층,"[8호기](B3) 2호선 서부여성회관역 방향 환승통로 안쪽 엘리베이터
(B1) 1번/4번/7번 출입구 방향 표 내는 곳 옆",,,,
01,수도권,IC,7,7호선,0301,석남,EV,일반승강기,2,지하,2,지하 2층,"[6호기](B4) 6번 출입구 방향 에스컬레이터 11,12호기 옆
(1F) 6번 출입구 뒷편 고가도로 옆 엘리베이터",,,,
01,수도권,IC,7,7호선,0301,석남,EV,일반승강기,2,지하,2,지하 2층,"[5호기](B4) 5번 출입구 방향 에스컬레이터 9,10호기 옆
(1F) 5번 출입구 뒷편 고가도로 옆 엘리베이터",,,,
01,수도권,IC,7,7호선,0301,석남,EV,일반승강기,2,지하,2,지하 2층,[8호기](B3)2호선가정중앙시장역방향환승통로안쪽엘리베이터(B2)2호선<->7호선환승통로,,,,
01,수도권,IC,7,7호선,0301,석남,EV,일반승강기,2,지하,2,지하 2층,[11호기](B4)2호선<->7호선환승통로(B2)2호선<->7호선환승통로,,,,
01,수도권,IC,7,7호선,0301,석남,EV,일반승강기,2,지하,3,지하 3층,[8호기](B3)2호선가정중앙시장역방향환승통로안쪽엘리베이터(B2)2호선<->7호선환승통로,,,,
01,수도권,IC,7,7호선,0301,석남,EV,일반승강기,2,지하,3,지하 3층,[7호기](B3)2호선서부여성회관역방향환승통로안쪽엘리베이터(B1)1번/4번/7번출입구방향표내는곳옆,,,,
01,수도권,IC,7,7호선,0301,석남,EV,일반승강기,2,지하,3,지하 3층,"[7호기](B4) 2호선<->7호선 환승통로
(B2) 2호선<->7호선 환승통로",,,,
01,수도권,IC,7,7호선,0301,석남,EV,일반승강기,2,지하,3,지하 3층,"[6호기](B4) 6번 출입구 방향 에스컬레이터 11,12호기 옆
(1F) 6번 출입구 뒷편 고가도로 옆 엘리베이터",,,,
01,수도권,IC,7,7호선,0301,석남,EV,일반승강기,2,지하,3,지하 3층,"[5호기](B4) 5번 출입구 방향 에스컬레이터 9,10호기 옆
(1F) 5번 출입구 뒷편 고가도로 옆 엘리베이터",,,,
01,수도권,IC,7,7호선,0301,석남,EV,일반승강기,2,지하,4,지하 4층,"[6호기](B4)6번출입구방향에스컬레이터11,12호기옆(1F)6번출입구뒷편고가도로옆엘리베이터",,,,
01,수도권,IC,7,7호선,0301,석남,EV,일반승강기,2,지하,4,지하 4층,[11호기](B4)2호선<->7호선환승통로(B2)2호선<->7호선환승통로,,,,
01,수도권,IC,7,7호선,0301,석남,EV,일반승강기,2,지하,4,지하 4층,"[5호기](B4)5번출입구방향에스컬레이터9,10호기옆(1F)5번출입구뒷편고가도로옆엘리베이터",,,,
01,수도권,IC,7,7호선,0301,석남,EV,일반승강기,2,지하,4,지하 4층,[2호기](B5)종착역방향출입문8-4앞(B4)2호선<->7호선(종점역방향)환승통로,,,,
01,수도권,IC,7,7호선,0301,석남,EV,일반승강기,2,지하,4,지하 4층,[3호기](B5)산곡역방향출입문7-3앞(B4)고객안내센터옆엘리베이터,,,,
01,수도권,IC,7,7호선,0301,석남,EV,일반승강기,2,지하,4,지하 4층,[4호기](B5)종착역방향출입문2-2앞(B4)고객안내센터옆엘리베이터,,,,
01,수도권,IC,7,7호선,0301,석남,EV,일반승강기,2,지하,4,지하 4층,[1호기](B5)산곡역방향출입문1-3앞(B4)2호선<->7호선(산곡역방향)환승통로,,,,
01,수도권,IC,7,7호선,0301,석남,ELEC,전동휠체어충전설비,2,지하,4,지하 4층,(B4) 5번/6번 출입구 방향 표 내는 곳 외부,,,,
01,수도권,IC,7,7호선,0301,석남,TOLT,일반화장실(남),2,지하,4,지하 4층,(B4)5번/6번 출입구 방향 표내는 곳 외부,1,일반,1,남
01,수도권,IC,7,7호선,0301,석남,TOLT,일반화장실(남),2,지하,4,지하 4층,"(B4)2,3,4,7 출입구 방향 인천 2호선 환승통로",1,일반,1,남
01,수도권,IC,7,7호선,0301,석남,TOLT,일반화장실(여),2,지하,4,지하 4층,(B4)5번/6번 출입구 방향 표내는 곳 외부,1,일반,2,여
01,수도권,IC,7,7호선,0301,석남,TOLT,일반화장실(여),2,지하,4,지하 4층,"(B4)2,3,4,7 출입구 방향 인천 2호선 환승통로",1,일반,2,여
01,수도권,IC,7,7호선,0301,석남,TOLT,장애인화장실(남),2,지하,4,지하 4층,(B4)5번/6번 출입구 방향 표내는 곳 외부,2,장애인,1,남
01,수도권,IC,7,7호선,0301,석남,TOLT,장애인화장실(남),2,지하,4,지하 4층,"(B4)2,3,4,7 출입구 방향 인천 2호선 환승통로",2,장애인,1,남
01,수도권,IC,7,7호선,0301,석남,TOLT,장애인화장실(여),2,지하,4,지하 4층,(B4)5번/6번 출입구 방향 표내는 곳 외부,2,장애인,2,여
01,수도권,IC,7,7호선,0301,석남,TOLT,장애인화장실(여),2,지하,4,지하 4층,"(B4)2,3,4,7 출입구 방향 인천 2호선 환승통로",2,장애인,2,여
01,수도권,IC,7,7호선,0301,석남,INFO,고객센터,2,지하,4,지하 4층,(B4) 5번/6번 출입구 방향 표 내는 곳 내부 ,,,,
01,수도권,IC,7,7호선,0301,석남,LARM,수유실,2,지하,4,지하 4층,(B4) 5번/6번 출입구 방향 고객안내센터 옆,,,,
01,수도권,IC,7,7호선,0301,석남,EV,일반승강기,2,지하,5,지하 5층,[3호기](B5)산곡역방향출입문7-3앞(B4)고객안내센터옆엘리베이터,,,,
01,수도권,IC,7,7호선,0301,석남,EV,일반승강기,2,지하,5,지하 5층,[2호기](B5)종착역방향출입문8-4앞(B4)2호선<->7호선(종점역방향)환승통로,,,,
01,수도권,IC,7,7호선,0301,석남,EV,일반승강기,2,지하,5,지하 5층,[1호기](B5)산곡역방향출입문1-3앞(B4)2호선<->7호선(산곡역방향)환승통로,,,,
01,수도권,IC,7,7호선,0301,석남,EV,일반승강기,2,지하,5,지하 5층,[4호기](B5)종착역방향출입문2-2앞(B4)고객안내센터옆엘리베이터,,,,
01,수도권,NU,8,8호선,0230,별내,EV,일반승강기,1,지상,2,지상 2층,[5호기](2F)경춘선퇴계원방면환승통로(B1)고객안전실옆,,,,
01,수도권,NU,8,8호선,0230,별내,EV,일반승강기,1,지상,2,지상 2층,"[6호기](2F)경춘선갈매방면환승통로(B1)6,7번출구방면대합실",,,,
01,수도권,NU,8,8호선,0230,별내,EV,일반승강기,1,지상,1,지상 1층,"[3호기](1F)5번출입구옆(B1)3,5번연결통로앞",,,,
01,수도권,NU,8,8호선,0230,별내,EV,일반승강기,1,지상,1,지상 1층,[2호기](1F)4번출입구옆(B1)4번대합실출입구,,,,
01,수도권,NU,8,8호선,0230,별내,LARM,수유실,1,지상,1,지상 1층,대합실 고객센터 맞은편,,,,
01,수도권,NU,8,8호선,0230,별내,EV,일반승강기,2,지하,1,지하 1층,"[1호기](B1)6,7번출구방면연결통로(B1)6,7번출구방면대합실앞",,,,
01,수도권,NU,8,8호선,0230,별내,EV,일반승강기,2,지하,1,지하 1층,[2호기](1F)4번출입구옆(B1)4번대합실출입구,,,,
01,수도권,NU,8,8호선,0230,별내,EV,일반승강기,2,지하,1,지하 1층,"[3호기](1F)5번출입구옆(B1)3,5번연결통로앞",,,,
01,수도권,NU,8,8호선,0230,별내,EV,일반승강기,2,지하,1,지하 1층,"[4호기](B1)4번출입구방면대합실앞(B1)3,5번연결통로앞",,,,
01,수도권,NU,8,8호선,0230,별내,EV,일반승강기,2,지하,1,지하 1층,[5호기](2F)경춘선퇴계원방면환승통로(B1)고객안전실옆,,,,
01,수도권,NU,8,8호선,0230,별내,EV,일반승강기,2,지하,1,지하 1층,"[6호기](2F)경춘선갈매방면환승통로(B1)6,7번출구방면대합실",,,,
01,수도권,NU,8,8호선,0230,별내,EV,일반승강기,2,지하,1,지하 1층,"[1호기](B1)6,7번출구방면연결통로(B1)6,7번출구방면대합실앞",,,,
01,수도권,NU,8,8호선,0230,별내,EV,일반승강기,2,지하,1,지하 1층,"[4호기](B1)4번출입구방면대합실앞(B1)3,5번연결통로앞",,,,
01,수도권,NU,8,8호선,0230,별내,TOLT,일반화장실(남),2,지하,1,지하 1층,(B1) 4번 출입구 앞 개찰구 내부,1,일반,1,남
01,수도권,NU,8,8호선,0230,별내,TOLT,일반화장실(남),2,지하,1,지하 1층,(B1) 4번 출입구 앞 개찰구 외부,1,일반,1,남
01,수도권,NU,8,8호선,0230,별내,TOLT,일반화장실(여),2,지하,1,지하 1층,(B1) 4번 출입구 앞 개찰구 외부,1,일반,2,여
01,수도권,NU,8,8호선,0230,별내,TOLT,일반화장실(여),2,지하,1,지하 1층,(B1) 4번 출입구 앞 개찰구 내부,1,일반,2,여
01,수도권,NU,8,8호선,0230,별내,TOLT,장애인화장실(남),2,지하,1,지하 1층,(B1) 4번 출입구 앞 개찰구 내부,2,장애인,1,남
01,수도권,NU,8,8호선,0230,별내,TOLT,장애인화장실(남),2,지하,1,지하 1층,(B1) 4번 출입구 앞 개찰구 외부,2,장애인,1,남
01,수도권,NU,8,8호선,0230,별내,TOLT,장애인화장실(여),2,지하,1,지하 1층,(B1) 4번 출입구 앞 개찰구 내부,2,장애인,2,여
01,수도권,NU,8,8호선,0230,별내,TOLT,장애인화장실(여),2,지하,1,지하 1층,(B1) 4번 출입구 앞 개찰구 외부,2,장애인,2,여
01,수도권,NU,8,8호선,0230,별내,INFO,고객센터,2,지하,1,지하 1층,대합실,,,,
01,수도권,NU,8,8호선,1376,다산,EV,일반승강기,1,지상,1,지상 1층,[1호기](1F)1번출입구옆(B1)1번/2번대합실출입구,,,,
01,수도권,NU,8,8호선,1376,다산,EV,일반승강기,1,지상,1,지상 1층,[2호기](1F)4번출입구옆(B1)4번대합실출입구,,,,
01,수도권,NU,8,8호선,1376,다산,EV,일반승강기,1,지상,1,지상 1층,[3호기](1F)3번출입구옆(B1)화장실옆,,,,
01,수도권,NU,8,8호선,1376,다산,EV,일반승강기,1,지상,1,지상 1층,[7호기]다산역자이구간연결통로,,,,
01,수도권,NU,8,8호선,1376,다산,EV,일반승강기,1,지상,1,지상 1층,[5호기](B1)상행에스컬레이터옆(B3)상행승강장4-1출입문앞,,,,
01,수도권,NU,8,8호선,1376,다산,EV,일반승강기,1,지상,1,지상 1층,[6호기]다산역연결통로,,,,
01,수도권,NU,8,8호선,1376,다산,EV,일반승강기,1,지상,1,지상 1층,[4호기](B1)하행에스컬레이터옆(B3)하행승강장4-1출입문앞,,,,
01,수도권,NU,8,8호선,1376,다산,EV,일반승강기,2,지하,1,지하 1층,[1호기](1F)1번출입구옆(B1)1번/2번대합실출입구,,,,
01,수도권,NU,8,8호선,1376,다산,EV,일반승강기,2,지하,1,지하 1층,[2호기](1F)4번출입구옆(B1)4번대합실출입구,,,,
01,수도권,NU,8,8호선,1376,다산,EV,일반승강기,2,지하,1,지하 1층,[3호기](1F)3번출입구옆(B1)화장실옆,,,,
01,수도권,NU,8,8호선,1376,다산,EV,일반승강기,2,지하,1,지하 1층,[7호기]다산역자이구간연결통로,,,,
01,수도권,NU,8,8호선,1376,다산,EV,일반승강기,2,지하,1,지하 1층,[6호기]다산역연결통로,,,,
01,수도권,NU,8,8호선,1376,다산,TOLT,일반화장실(남),2,지하,1,지하 1층,(B1) 3번 출입구 앞,1,일반,1,남
01,수도권,NU,8,8호선,1376,다산,TOLT,일반화장실(여),2,지하,1,지하 1층,(B1) 3번 출입구 앞,1,일반,2,여
01,수도권,NU,8,8호선,1376,다산,TOLT,장애인화장실(남),2,지하,1,지하 1층,(B1) 3번 출입구 앞,2,장애인,1,남
01,수도권,NU,8,8호선,1376,다산,TOLT,장애인화장실(여),2,지하,1,지하 1층,(B1) 3번 출입구 앞,2,장애인,2,여
01,수도권,NU,8,8호선,1376,다산,INFO,고객센터,2,지하,1,지하 1층,대합실,,,,
01,수도권,NU,8,8호선,1376,다산,LARM,수유실,2,지하,1,지하 1층,별내선 탑승 표내는 곳 오른쪽 ,,,,
01,수도권,NU,8,8호선,1376,다산,EV,일반승강기,2,지하,3,지하 3층,[5호기](B1)상행에스컬레이터옆(B3)상행승강장4-1출입문앞,,,,
01,수도권,NU,8,8호선,1376,다산,EV,일반승강기,2,지하,3,지하 3층,[4호기](B1)하행에스컬레이터옆(B3)하행승강장4-1출입문앞,,,,
01,수도권,GU,8,8호선,1375,동구릉,EV,일반승강기,1,지상,1,지상 1층,[2호기](1F)5번출입구옆,,,,
01,수도권,GU,8,8호선,1375,동구릉,EV,일반승강기,1,지상,1,지상 1층,[1호기](1F)2번/3번출입구사이엘리베이터,,,,
01,수도권,GU,8,8호선,1375,동구릉,EV,일반승강기,2,지하,1,지하 1층,[2호기](1F)5번출입구옆,,,,
01,수도권,GU,8,8호선,1375,동구릉,EV,일반승강기,2,지하,1,지하 1층,[1호기](1F)2번/3번출입구사이엘리베이터,,,,
01,수도권,GU,8,8호선,1375,동구릉,EV,일반승강기,2,지하,1,지하 1층,[3호기](B1)표내는곳내수유실근처,,,,
01,수도권,GU,8,8호선,1375,동구릉,EV,일반승강기,2,지하,1,지하 1층,[4호기](B1)표내는곳내유실물보관센터근처,,,,
01,수도권,GU,8,8호선,1375,동구릉,EV,일반승강기,2,지하,4,지하 4층,[4호기](B1)표내는곳내유실물보관센터근처,,,,
01,수도권,GU,8,8호선,1375,동구릉,EV,일반승강기,2,지하,4,지하 4층,[3호기](B1)표내는곳내수유실근처,,,,
01,수도권,GU,8,8호선,0072,구리,EV,일반승강기,1,지상,2,지상 2층,[2호기](1F)유료대합실,,,,
01,수도권,GU,8,8호선,0072,구리,EV,일반승강기,1,지상,2,지상 2층,[1호기](1F)4번출입구,,,,
01,수도권,GU,8,8호선,0072,구리,EV,일반승강기,1,지상,2,지상 2층,[3호기](1F)유료대합실,,,,
01,수도권,GU,8,8호선,0072,구리,EV,일반승강기,1,지상,1,지상 1층,[3호기](1F)유료대합실,,,,
01,수도권,GU,8,8호선,0072,구리,EV,일반승강기,1,지상,1,지상 1층,[2호기](1F)유료대합실,,,,
01,수도권,GU,8,8호선,0072,구리,EV,일반승강기,1,지상,1,지상 1층,[1호기](1F)4번출입구,,,,
01,수도권,GU,8,8호선,0072,구리,EV,일반승강기,1,지상,1,지상 1층,[4호기](1F)7번출입구,,,,
01,수도권,GU,8,8호선,0072,구리,EV,일반승강기,2,지하,1,지하 1층,[5호기](B1)동구릉역방향승강장으로내려가는계단근처,,,,
01,수도권,GU,8,8호선,0072,구리,EV,일반승강기,2,지하,1,지하 1층,[6호기](B1)구리역방향승강장으로내려가는계단근처,,,,
01,수도권,GU,8,8호선,0072,구리,EV,일반승강기,2,지하,1,지하 1층,[4호기](1F)7번출입구,,,,
01,수도권,GU,8,8호선,0072,구리,EV,일반승강기,2,지하,2,지하 2층,[5호기](B1)동구릉역방향승강장으로내려가는계단근처,,,,
01,수도권,GU,8,8호선,0072,구리,EV,일반승강기,2,지하,2,지하 2층,[6호기](B1)구리역방향승강장으로내려가는계단근처,,,,
01,수도권,GU,8,8호선,1374,장자호수공원,EV,일반승강기,1,지상,1,지상 1층,[4호기](B1)5번출입구,,,,
01,수도권,GU,8,8호선,1374,장자호수공원,EV,일반승강기,1,지상,1,지상 1층,[3호기](B1)선큰마당및1번출입구근처,,,,
01,수도권,GU,8,8호선,1374,장자호수공원,EV,일반승강기,2,지하,1,지하 1층,[1호기](B1)유료대합실,,,,
01,수도권,GU,8,8호선,1374,장자호수공원,EV,일반승강기,2,지하,1,지하 1층,[2호기](B1)유료대합실,,,,
01,수도권,GU,8,8호선,1374,장자호수공원,EV,일반승강기,2,지하,1,지하 1층,[3호기](B1)선큰마당및1번출입구근처,,,,
01,수도권,GU,8,8호선,1374,장자호수공원,EV,일반승강기,2,지하,1,지하 1층,[4호기](B1)5번출입구,,,,
01,수도권,GU,8,8호선,1374,장자호수공원,EV,일반승강기,2,지하,3,지하 3층,[1호기](B1)유료대합실,,,,
01,수도권,GU,8,8호선,1374,장자호수공원,EV,일반승강기,2,지하,3,지하 3층,[2호기](B1)유료대합실,,,,
01,수도권,S1,8,8호선,1373,암사역사공원,EV,일반승강기,1,지상,1,지상 1층,[4호기]3번출입구,,,,
01,수도권,S1,8,8호선,1373,암사역사공원,EV,일반승강기,1,지상,1,지상 1층,[3호기]1번출입구,,,,
01,수도권,S1,8,8호선,1373,암사역사공원,EV,일반승강기,2,지하,1,지하 1층,[1호기]모란방면(하선),,,,
01,수도권,S1,8,8호선,1373,암사역사공원,EV,일반승강기,2,지하,1,지하 1층,[4호기]3번출입구,,,,
01,수도권,S1,8,8호선,1373,암사역사공원,EV,일반승강기,2,지하,1,지하 1층,[3호기]1번출입구,,,,
01,수도권,S1,8,8호선,1373,암사역사공원,EV,일반승강기,2,지하,1,지하 1층,[2호기]별내방면(상선),,,,
01,수도권,S1,8,8호선,1373,암사역사공원,TOLT,일반화장실(남),2,지하,1,지하 1층,대합실 B1층 3번 출구 방향,1,일반,1,남
01,수도권,S1,8,8호선,1373,암사역사공원,TOLT,일반화장실(여),2,지하,1,지하 1층,대합실 B1층 3번 출구 방향,1,일반,2,여
01,수도권,S1,8,8호선,1373,암사역사공원,TOLT,장애인화장실(남),2,지하,1,지하 1층,대합실 B1층 3번 출구 방향,2,장애인,1,남
01,수도권,S1,8,8호선,1373,암사역사공원,TOLT,장애인화장실(여),2,지하,1,지하 1층,대합실 B1층 3번 출구 방향,2,장애인,2,여
01,수도권,S1,8,8호선,1373,암사역사공원,INFO,고객센터,2,지하,1,지하 1층,B1층 대합실,,,,
01,수도권,S1,8,8호선,1373,암사역사공원,LARM,수유실,2,지하,1,지하 1층,b1 게이트 옆,,,,
01,수도권,S1,8,8호선,1373,암사역사공원,EV,일반승강기,2,지하,2,지하 2층,[1호기]모란방면(하선),,,,
01,수도권,S1,8,8호선,1373,암사역사공원,EV,일반승강기,2,지하,2,지하 2층,[2호기]별내방면(상선),,,,
01,수도권,S1,8,8호선,0391,암사,EV,일반승강기,1,지상,1,지상 1층,"[3호기]3,4번출구사이",,,,
01,수도권,S1,8,8호선,0391,암사,EV,일반승강기,2,지하,1,지하 1층,"[3호기]3,4번출구사이",,,,
01,수도권,S1,8,8호선,0391,암사,EV,일반승강기,2,지하,1,지하 1층,[2호기]천호방면4-1,,,,
01,수도권,S1,8,8호선,0391,암사,EV,일반승강기,2,지하,1,지하 1층,[1호기]암사방면3-4,,,,
01,수도권,S1,8,8호선,0391,암사,TOLT,일반화장실(남),2,지하,1,지하 1층,대합실 B1층 2번 출입구 방향,1,일반,1,남
01,수도권,S1,8,8호선,0391,암사,TOLT,일반화장실(여),2,지하,1,지하 1층,대합실 B1층 2번 출입구 방향,1,일반,2,여
01,수도권,S1,8,8호선,0391,암사,TOLT,장애인화장실(남),2,지하,1,지하 1층,대합실 B1층 2번 출입구 방향,2,장애인,1,남
01,수도권,S1,8,8호선,0391,암사,TOLT,장애인화장실(여),2,지하,1,지하 1층,대합실 B1층 2번 출입구 방향,2,장애인,2,여
01,수도권,S1,8,8호선,0391,암사,INFO,고객센터,2,지하,1,지하 1층,B1층 대합실,,,,
01,수도권,S1,8,8호선,0391,암사,EV,일반승강기,2,지하,2,지하 2층,[1호기]암사방면3-4,,,,
01,수도권,S1,8,8호선,0391,암사,EV,일반승강기,2,지하,2,지하 2층,[2호기]천호방면4-1,,,,
01,수도권,S1,8,8호선,0546,천호,EV,일반승강기,2,지하,1,지하 1층,[1호기]암사방면2-2,,,,
01,수도권,S1,8,8호선,0546,천호,EV,일반승강기,2,지하,1,지하 1층,[2호기]강동구청방면5-4,,,,
01,수도권,S1,8,8호선,0546,천호,ELEC,전동휠체어충전설비,2,지하,1,지하 1층,지하1층 아이센터 옆,,,,
01,수도권,S1,8,8호선,0546,천호,INFO,고객센터,2,지하,1,지하 1층,B1층 대합실,,,,
01,수도권,S1,8,8호선,0546,천호,EV,일반승강기,2,지하,2,지하 2층,[2호기]강동구청방면5-4,,,,
01,수도권,S1,8,8호선,0546,천호,EV,일반승강기,2,지하,2,지하 2층,[1호기]암사방면2-2,,,,
01,수도권,S1,8,8호선,0021,강동구청,EV,일반승강기,1,지상,1,지상 1층,[3호기]4번출구측,,,,
01,수도권,S1,8,8호선,0021,강동구청,EV,일반승강기,2,지하,1,지하 1층,[3호기](F1-B2)4번 출입구,,,,
01,수도권,S1,8,8호선,0021,강동구청,EV,일반승강기,2,지하,2,지하 2층,[3호기]4번출구측,,,,
01,수도권,S1,8,8호선,0021,강동구청,EV,일반승강기,2,지하,2,지하 2층,"[2호기]몽촌토성방면3-2,3-3사이",,,,
01,수도권,S1,8,8호선,0021,강동구청,EV,일반승강기,2,지하,2,지하 2층,[1호기]천호방면4-2,,,,
01,수도권,S1,8,8호선,0021,강동구청,ELEC,전동휠체어충전설비,2,지하,2,지하 2층,고객안내센터 맞은편 벽면(게이트 옆),,,,
01,수도권,S1,8,8호선,0021,강동구청,TOLT,일반화장실(남),2,지하,2,지하 2층,대합실 B2층 표 내는 곳 옆,1,일반,1,남
01,수도권,S1,8,8호선,0021,강동구청,TOLT,일반화장실(여),2,지하,2,지하 2층,대합실 B2층 표 내는 곳 옆,1,일반,2,여
01,수도권,S1,8,8호선,0021,강동구청,TOLT,장애인화장실(남),2,지하,2,지하 2층,대합실 B2층 표 내는 곳 옆,2,장애인,1,남
01,수도권,S1,8,8호선,0021,강동구청,TOLT,장애인화장실(여),2,지하,2,지하 2층,대합실 B2층 표 내는 곳 옆,2,장애인,2,여
01,수도권,S1,8,8호선,0021,강동구청,INFO,고객센터,2,지하,2,지하 2층,B2층 대합실,,,,
01,수도권,S1,8,8호선,0021,강동구청,EV,일반승강기,2,지하,3,지하 3층,[1호기]천호방면4-2,,,,
01,수도권,S1,8,8호선,0021,강동구청,EV,일반승강기,2,지하,3,지하 3층,"[2호기]몽촌토성방면3-2,3-3사이",,,,
01,수도권,S1,8,8호선,0204,몽촌토성,EV,일반승강기,1,지상,1,지상 1층,"[4호기]대합실(B1,4번출구측화장실앞)",,,,
01,수도권,S1,8,8호선,0204,몽촌토성,EV,일반승강기,2,지하,1,지하 1층,"[4호기]대합실(B1,4번출구측화장실앞)",,,,
01,수도권,S1,8,8호선,0204,몽촌토성,EV,일반승강기,2,지하,1,지하 1층,[3호기]대합실(B2),,,,
01,수도권,S1,8,8호선,0204,몽촌토성,TOLT,일반화장실(남),2,지하,1,지하 1층,"대합실 B1층 1,2,3번 출입구 방향",1,일반,1,남
01,수도권,S1,8,8호선,0204,몽촌토성,TOLT,일반화장실(여),2,지하,1,지하 1층,"대합실 B1층 1,2,3번 출입구 방향",1,일반,2,여
01,수도권,S1,8,8호선,0204,몽촌토성,TOLT,장애인화장실(남),2,지하,1,지하 1층,"대합실 B1층 1,2,3번 출입구 방향",2,장애인,1,남
01,수도권,S1,8,8호선,0204,몽촌토성,TOLT,장애인화장실(여),2,지하,1,지하 1층,"대합실 B1층 1,2,3번 출입구 방향",2,장애인,2,여
01,수도권,S1,8,8호선,0204,몽촌토성,EV,일반승강기,2,지하,2,지하 2층,[3호기]대합실(B2),,,,
01,수도권,S1,8,8호선,0204,몽촌토성,EV,일반승강기,2,지하,2,지하 2층,[1호기]강동구청방면3-4,,,,
01,수도권,S1,8,8호선,0204,몽촌토성,EV,일반승강기,2,지하,2,지하 2층,[2호기]잠실방면3-4,,,,
01,수도권,S1,8,8호선,0204,몽촌토성,ELEC,전동휠체어충전설비,2,지하,2,지하 2층,지하 2층 고객상담실 입구 좌측,,,,
01,수도권,S1,8,8호선,0204,몽촌토성,INFO,고객센터,2,지하,2,지하 2층,B2층 대합실,,,,
01,수도권,S1,8,8호선,0204,몽촌토성,LARM,수유실,2,지하,2,지하 2층,B2 고객안전실 내부,,,,
01,수도권,S1,8,8호선,0204,몽촌토성,EV,일반승강기,2,지하,3,지하 3층,[1호기]강동구청방면3-4,,,,
01,수도권,S1,8,8호선,0204,몽촌토성,EV,일반승강기,2,지하,3,지하 3층,[2호기]잠실방면3-4,,,,
01,수도권,S1,8,8호선,0497,잠실,EV,일반승강기,1,지상,1,지상 1층,[3호기]9번출구측,,,,
01,수도권,S1,8,8호선,0497,잠실,EV,일반승강기,2,지하,1,지하 1층,[3호기]9번출구측,,,,
01,수도권,S1,8,8호선,0497,잠실,EV,일반승강기,2,지하,1,지하 1층,[4호기](B2-F1)10번 출입구,,,,
01,수도권,S1,8,8호선,0497,잠실,EV,일반승강기,2,지하,1,지하 1층,[1호기]몽촌토성방면2-3,,,,
01,수도권,S1,8,8호선,0497,잠실,EV,일반승강기,2,지하,1,지하 1층,[2호기]석촌방면5-2,,,,
01,수도권,S1,8,8호선,0497,잠실,TOLT,일반화장실(남),2,지하,1,지하 1층,B1층 11번 출입구 옆,1,일반,1,남
01,수도권,S1,8,8호선,0497,잠실,TOLT,일반화장실(여),2,지하,1,지하 1층,B1층 11번 출입구 옆,1,일반,2,여
01,수도권,S1,8,8호선,0497,잠실,TOLT,장애인화장실(남),2,지하,1,지하 1층,B1층 11번 출입구 옆,2,장애인,1,남
01,수도권,S1,8,8호선,0497,잠실,TOLT,장애인화장실(여),2,지하,1,지하 1층,B1층 11번 출입구 옆,2,장애인,2,여
01,수도권,S1,8,8호선,0497,잠실,EV,일반승강기,2,지하,2,지하 2층,[2호기](B1-B3) 승강장,,,,
01,수도권,S1,8,8호선,0497,잠실,EV,일반승강기,2,지하,2,지하 2층,[1호기](B1-B3) 승강장,,,,
01,수도권,S1,8,8호선,0497,잠실,ELEC,전동휠체어충전설비,2,지하,2,지하 2층,고객안내센터 좌측 30m 지점,,,,
01,수도권,S1,8,8호선,0497,잠실,INFO,고객센터,2,지하,2,지하 2층,B2층 대합실,,,,
01,수도권,S1,8,8호선,0497,잠실,LARM,수유실,2,지하,2,지하 2층,B2 고객안전실 내부,,,,
01,수도권,S1,8,8호선,0497,잠실,EV,일반승강기,2,지하,3,지하 3층,[1호기]몽촌토성방면2-3,,,,
01,수도권,S1,8,8호선,0497,잠실,EV,일반승강기,2,지하,3,지하 3층,[2호기]석촌방면5-2,,,,
01,수도권,S1,8,8호선,0305,석촌,EV,일반승강기,1,지상,1,지상 1층,[3호기]1번출구측,,,,
01,수도권,S1,8,8호선,0305,석촌,EV,일반승강기,2,지하,1,지하 1층,[3호기]1번출구측,,,,
01,수도권,S1,8,8호선,0305,석촌,EV,일반승강기,2,지하,1,지하 1층,[2호기]송파방면4-1,,,,
01,수도권,S1,8,8호선,0305,석촌,EV,일반승강기,2,지하,1,지하 1층,[1호기]잠실방면3-4,,,,
01,수도권,S1,8,8호선,0305,석촌,ELEC,전동휠체어충전설비,2,지하,1,지하 1층,지하 1층 종점환기실 앞,,,,
01,수도권,S1,8,8호선,0305,석촌,TOLT,일반화장실(남),2,지하,1,지하 1층,대합실 B1층 표 내는 곳 옆,1,일반,1,남
01,수도권,S1,8,8호선,0305,석촌,TOLT,일반화장실(여),2,지하,1,지하 1층,대합실 B1층 표 내는 곳 옆,1,일반,2,여
01,수도권,S1,8,8호선,0305,석촌,TOLT,장애인화장실(남),2,지하,1,지하 1층,대합실 B1층 표 내는 곳 옆,2,장애인,1,남
01,수도권,S1,8,8호선,0305,석촌,TOLT,장애인화장실(여),2,지하,1,지하 1층,대합실 B1층 표 내는 곳 옆,2,장애인,2,여
01,수도권,S1,8,8호선,0305,석촌,INFO,고객센터,2,지하,1,지하 1층,B1층 대합실,,,,
01,수도권,S1,8,8호선,0305,석촌,EV,일반승강기,2,지하,2,지하 2층,[1호기]잠실방면3-4,,,,
01,수도권,S1,8,8호선,0305,석촌,EV,일반승강기,2,지하,2,지하 2층,[2호기]송파방면4-1,,,,
01,수도권,S1,8,8호선,0332,송파,EV,일반승강기,1,지상,1,지상 1층,[4호기]4번출구측,,,,
01,수도권,S1,8,8호선,0332,송파,EV,일반승강기,1,지상,1,지상 1층,"[3호기]1,2번출구사이",,,,
01,수도권,S1,8,8호선,0332,송파,EV,일반승강기,2,지하,1,지하 1층,[4호기]4번출구측,,,,
01,수도권,S1,8,8호선,0332,송파,EV,일반승강기,2,지하,1,지하 1층,"[3호기]1,2번출구사이",,,,
01,수도권,S1,8,8호선,0332,송파,EV,일반승강기,2,지하,1,지하 1층,"[2호기]가락시장방면3-4,4-1사이",,,,
01,수도권,S1,8,8호선,0332,송파,EV,일반승강기,2,지하,1,지하 1층,[1호기]석촌방면3-4,,,,
01,수도권,S1,8,8호선,0332,송파,TOLT,일반화장실(남),2,지하,1,지하 1층,대합실 B1층 1번출입구 방향,1,일반,1,남
01,수도권,S1,8,8호선,0332,송파,TOLT,일반화장실(여),2,지하,1,지하 1층,대합실 B1층 1번출입구 방향,1,일반,2,여
01,수도권,S1,8,8호선,0332,송파,TOLT,장애인화장실(남),2,지하,1,지하 1층,대합실 B1층 1번출입구 방향,2,장애인,1,남
01,수도권,S1,8,8호선,0332,송파,TOLT,장애인화장실(여),2,지하,1,지하 1층,대합실 B1층 1번출입구 방향,2,장애인,2,여
01,수도권,S1,8,8호선,0332,송파,INFO,고객센터,2,지하,1,지하 1층,B1층 대합실,,,,
01,수도권,S1,8,8호선,0332,송파,EV,일반승강기,2,지하,2,지하 2층,[1호기]석촌방면3-4,,,,
01,수도권,S1,8,8호선,0332,송파,EV,일반승강기,2,지하,2,지하 2층,"[2호기]가락시장방면3-4,4-1사이",,,,
01,수도권,S1,8,8호선,0003,가락시장,EV,일반승강기,1,지상,1,지상 1층,"[6호기]3,4번출구사이",,,,
01,수도권,S1,8,8호선,0003,가락시장,EV,일반승강기,1,지상,1,지상 1층,"[5호기]1,2번출구사이",,,,
01,수도권,S1,8,8호선,0003,가락시장,EV,일반승강기,2,지하,1,지하 1층,"[6호기]3,4번출구사이",,,,
01,수도권,S1,8,8호선,0003,가락시장,EV,일반승강기,2,지하,1,지하 1층,"[5호기](F1-B2)1,2번 출입구",,,,
01,수도권,S1,8,8호선,0003,가락시장,EV,일반승강기,2,지하,1,지하 1층,[2호기]문정방면2-3,,,,
01,수도권,S1,8,8호선,0003,가락시장,EV,일반승강기,2,지하,1,지하 1층,[1호기]송파방면5-4,,,,
01,수도권,S1,8,8호선,0003,가락시장,TOLT,일반화장실(남),2,지하,1,지하 1층, B1층 대합실과 가락몰 연결통로 사이,1,일반,1,남
01,수도권,S1,8,8호선,0003,가락시장,TOLT,일반화장실(여),2,지하,1,지하 1층, B1층 대합실과 가락몰 연결통로 사이,1,일반,2,여
01,수도권,S1,8,8호선,0003,가락시장,TOLT,장애인화장실(남),2,지하,1,지하 1층, B1층 대합실과 가락몰 연결통로 사이,2,장애인,1,남
01,수도권,S1,8,8호선,0003,가락시장,TOLT,장애인화장실(여),2,지하,1,지하 1층, B1층 대합실과 가락몰 연결통로 사이,2,장애인,2,여
01,수도권,S1,8,8호선,0003,가락시장,LARM,수유실,2,지하,1,지하 1층,B1 승강지원단 옆,,,,
01,수도권,S1,8,8호선,0003,가락시장,EV,일반승강기,2,지하,2,지하 2층,"[5호기]1,2번출구사이",,,,
01,수도권,S1,8,8호선,0003,가락시장,EV,일반승강기,2,지하,2,지하 2층,[1호기]송파방면5-4,,,,
01,수도권,S1,8,8호선,0003,가락시장,EV,일반승강기,2,지하,2,지하 2층,[2호기]문정방면2-3,,,,
01,수도권,S1,8,8호선,0003,가락시장,EV,일반승강기,2,지하,2,지하 2층,[3호기]환승통로(모란방면),,,,
01,수도권,S1,8,8호선,0003,가락시장,EV,일반승강기,2,지하,2,지하 2층,[4호기]환승통로(암사방면),,,,
01,수도권,S1,8,8호선,0003,가락시장,INFO,고객센터,2,지하,2,지하 2층,B2층 대합실,,,,
01,수도권,S1,8,8호선,0003,가락시장,EV,일반승강기,2,지하,3,지하 3층,[4호기]환승통로(암사방면),,,,
01,수도권,S1,8,8호선,0003,가락시장,EV,일반승강기,2,지하,3,지하 3층,[3호기]환승통로(모란방면),,,,
01,수도권,S1,8,8호선,0208,문정,EV,일반승강기,1,지상,1,지상 1층,[4호기]4번출구측,,,,
01,수도권,S1,8,8호선,0208,문정,EV,일반승강기,1,지상,1,지상 1층,[3호기]2번출구측,,,,
01,수도권,S1,8,8호선,0208,문정,EV,일반승강기,2,지하,1,지하 1층,[4호기]4번출구측,,,,
01,수도권,S1,8,8호선,0208,문정,EV,일반승강기,2,지하,1,지하 1층,[3호기]2번출구측,,,,
01,수도권,S1,8,8호선,0208,문정,EV,일반승강기,2,지하,1,지하 1층,[1호기]가락시장방면3-4,,,,
01,수도권,S1,8,8호선,0208,문정,EV,일반승강기,2,지하,1,지하 1층,[2호기]장지방면4-1,,,,
01,수도권,S1,8,8호선,0208,문정,TOLT,일반화장실(남),2,지하,1,지하 1층,대합실 B1층 4번출입구 방향,1,일반,1,남
01,수도권,S1,8,8호선,0208,문정,TOLT,일반화장실(남),2,지하,1,지하 1층,대합실 B1층 2번출입구 방향,1,일반,1,남
01,수도권,S1,8,8호선,0208,문정,TOLT,일반화장실(여),2,지하,1,지하 1층,대합실 B1층 4번출입구 방향,1,일반,2,여
01,수도권,S1,8,8호선,0208,문정,TOLT,일반화장실(여),2,지하,1,지하 1층,대합실 B1층 2번출입구 방향,1,일반,2,여
01,수도권,S1,8,8호선,0208,문정,TOLT,장애인화장실(남),2,지하,1,지하 1층,대합실 B1층 2번출입구 방향,2,장애인,1,남
01,수도권,S1,8,8호선,0208,문정,TOLT,장애인화장실(남),2,지하,1,지하 1층,대합실 B1층 4번출입구 방향,2,장애인,1,남
01,수도권,S1,8,8호선,0208,문정,TOLT,장애인화장실(여),2,지하,1,지하 1층,대합실 B1층 4번출입구 방향,2,장애인,2,여
01,수도권,S1,8,8호선,0208,문정,TOLT,장애인화장실(여),2,지하,1,지하 1층,대합실 B1층 2번출입구 방향,2,장애인,2,여
01,수도권,S1,8,8호선,0208,문정,INFO,고객센터,2,지하,1,지하 1층,B1층 대합실,,,,
01,수도권,S1,8,8호선,0208,문정,EV,일반승강기,2,지하,2,지하 2층,[1호기]가락시장방면3-4,,,,
01,수도권,S1,8,8호선,0208,문정,EV,일반승강기,2,지하,2,지하 2층,[2호기]장지방면4-1,,,,
01,수도권,S1,8,8호선,0504,장지,EV,일반승강기,1,지상,1,지상 1층,[4호기]3번출구측,,,,
01,수도권,S1,8,8호선,0504,장지,EV,일반승강기,1,지상,1,지상 1층,[3호기]1번출구측,,,,
01,수도권,S1,8,8호선,0504,장지,EV,일반승강기,2,지하,1,지하 1층,[3호기]1번출구측,,,,
01,수도권,S1,8,8호선,0504,장지,EV,일반승강기,2,지하,1,지하 1층,[4호기]3번출구측,,,,
01,수도권,S1,8,8호선,0504,장지,EV,일반승강기,2,지하,1,지하 1층,[2호기]복정방면3-4,,,,
01,수도권,S1,8,8호선,0504,장지,EV,일반승강기,2,지하,1,지하 1층,[1호기]문정방면4-1,,,,
01,수도권,S1,8,8호선,0504,장지,ELEC,전동휠체어충전설비,2,지하,1,지하 1층,지하1층 E/L 4호기 앞,,,,
01,수도권,S1,8,8호선,0504,장지,TOLT,일반화장실(남),2,지하,1,지하 1층,"대합실 B1층 3,4번출입구 방면 ",1,일반,1,남
01,수도권,S1,8,8호선,0504,장지,TOLT,일반화장실(여),2,지하,1,지하 1층,"대합실 B1층 3,4번출입구 방면 ",1,일반,2,여
01,수도권,S1,8,8호선,0504,장지,TOLT,장애인화장실(남),2,지하,1,지하 1층,"대합실 B1층 3,4번출입구 방면 ",2,장애인,1,남
01,수도권,S1,8,8호선,0504,장지,TOLT,장애인화장실(여),2,지하,1,지하 1층,"대합실 B1층 3,4번출입구 방면 ",2,장애인,2,여
01,수도권,S1,8,8호선,0504,장지,INFO,고객센터,2,지하,1,지하 1층,B1층 대합실,,,,
01,수도권,S1,8,8호선,0504,장지,LARM,수유실,2,지하,1,지하 1층,B1 화장실 옆,,,,
01,수도권,S1,8,8호선,0504,장지,EV,일반승강기,2,지하,2,지하 2층,[1호기]문정방면4-1,,,,
01,수도권,S1,8,8호선,0504,장지,EV,일반승강기,2,지하,2,지하 2층,[2호기]복정방면3-4,,,,
01,수도권,S1,8,8호선,0238,복정,EV,일반승강기,1,지상,1,지상 1층,[2호기]1번출구측,,,,
01,수도권,S1,8,8호선,0238,복정,EV,일반승강기,2,지하,1,지하 1층,[2호기]1번출구측,,,,
01,수도권,S1,8,8호선,0238,복정,EV,일반승강기,2,지하,1,지하 1층,"[1호기]장지방면4-1,남위례방면3-4",,,,
01,수도권,S1,8,8호선,0238,복정,ELEC,전동휠체어충전설비,2,지하,1,지하 1층,안내센터 옆 또는 지하 1층 화장실 입구 옆,,,,
01,수도권,S1,8,8호선,0238,복정,TOLT,일반화장실(남),2,지하,1,지하 1층,대합실 지하1층 아이센터 근처,1,일반,1,남
01,수도권,S1,8,8호선,0238,복정,TOLT,일반화장실(여),2,지하,1,지하 1층,대합실 지하1층 아이센터 근처,1,일반,2,여
01,수도권,S1,8,8호선,0238,복정,TOLT,장애인화장실(남),2,지하,1,지하 1층,대합실 지하1층 아이센터 근처,2,장애인,1,남
01,수도권,S1,8,8호선,0238,복정,TOLT,장애인화장실(여),2,지하,1,지하 1층,대합실 지하1층 아이센터 근처,2,장애인,2,여
01,수도권,S1,8,8호선,0238,복정,INFO,고객센터,2,지하,1,지하 1층,B1층 대합실,,,,
01,수도권,S1,8,8호선,0238,복정,EV,일반승강기,2,지하,2,지하 2층,[1호기](B1-B3)승강장,,,,
01,수도권,S1,8,8호선,0238,복정,EV,일반승강기,2,지하,3,지하 3층,"[1호기]장지방면4-1,남위례방면3-4",,,,
01,수도권,S1,8,8호선,1366,남위례,EV,일반승강기,1,지상,4,지상 4층,[2호기]5번출구측,,,,
01,수도권,S1,8,8호선,1366,남위례,EV,일반승강기,1,지상,3,지상 3층,[2호기](F1-F4),,,,
01,수도권,S1,8,8호선,1366,남위례,EV,일반승강기,1,지상,3,지상 3층,[3호기]산성방면3-4,,,,
01,수도권,S1,8,8호선,1366,남위례,EV,일반승강기,1,지상,2,지상 2층,[3호기]산성방면3-4,,,,
01,수도권,S1,8,8호선,1366,남위례,EV,일반승강기,1,지상,2,지상 2층,[2호기](F1-F4),,,,
01,수도권,S1,8,8호선,1366,남위례,EV,일반승강기,1,지상,2,지상 2층,[1호기]대합실(1번출구),,,,
01,수도권,S1,8,8호선,1366,남위례,ELEC,전동휠체어충전설비,1,지상,2,지상 2층,지상2층 수유실 앞,,,,
01,수도권,S1,8,8호선,1366,남위례,TOLT,일반화장실(남),1,지상,2,지상 2층,대합실 지상2층 주출입구 근처,1,일반,1,남
01,수도권,S1,8,8호선,1366,남위례,TOLT,일반화장실(여),1,지상,2,지상 2층,대합실 지상2층 주출입구 근처,1,일반,2,여
01,수도권,S1,8,8호선,1366,남위례,TOLT,장애인화장실(남),1,지상,2,지상 2층,대합실 지상2층 주출입구 근처,2,장애인,1,남
01,수도권,S1,8,8호선,1366,남위례,TOLT,장애인화장실(여),1,지상,2,지상 2층,대합실 지상2층 주출입구 근처,2,장애인,2,여
01,수도권,S1,8,8호선,1366,남위례,INFO,고객센터,1,지상,2,지상 2층,2층 대합실,,,,
01,수도권,S1,8,8호선,1366,남위례,LARM,수유실,1,지상,2,지상 2층,2층 게이트 옆,,,,
01,수도권,S1,8,8호선,1366,남위례,EV,일반승강기,1,지상,1,지상 1층,[1호기]대합실(1번출구),,,,
01,수도권,S1,8,8호선,1366,남위례,EV,일반승강기,1,지상,1,지상 1층,[2호기]5번출구측,,,,
01,수도권,S1,8,8호선,0261,산성,EV,일반승강기,1,지상,1,지상 1층,[4호기]3번출구측,,,,
01,수도권,S1,8,8호선,0261,산성,EV,일반승강기,2,지하,1,지하 1층,[4호기]3번출구측,,,,
01,수도권,S1,8,8호선,0261,산성,EV,일반승강기,2,지하,1,지하 1층,[3호기]대합실,,,,
01,수도권,S1,8,8호선,0261,산성,ELEC,전동휠체어충전설비,2,지하,1,지하 1층,3번 출입구에서 지하1층으로 내려온후 고객상담실 죄측 5m,,,,
01,수도권,S1,8,8호선,0261,산성,TOLT,일반화장실(남),2,지하,1,지하 1층,"B1층 1,2번 출입구 계단 오른쪽",1,일반,1,남
01,수도권,S1,8,8호선,0261,산성,TOLT,일반화장실(여),2,지하,1,지하 1층,"B1층 1,2번 출입구 계단 오른쪽",1,일반,2,여
01,수도권,S1,8,8호선,0261,산성,TOLT,장애인화장실(남),2,지하,1,지하 1층,"B1층 1,2번 출입구 계단 오른쪽",2,장애인,1,남
01,수도권,S1,8,8호선,0261,산성,TOLT,장애인화장실(여),2,지하,1,지하 1층,"B1층 1,2번 출입구 계단 오른쪽",2,장애인,2,여
01,수도권,S1,8,8호선,0261,산성,INFO,고객센터,2,지하,1,지하 1층,B1층 대합실,,,,
01,수도권,S1,8,8호선,0261,산성,EV,일반승강기,2,지하,2,지하 2층,[3호기]대합실,,,,
01,수도권,S1,8,8호선,0261,산성,EV,일반승강기,2,지하,2,지하 2층,[1호기]남위례방면6-2,,,,
01,수도권,S1,8,8호선,0261,산성,EV,일반승강기,2,지하,2,지하 2층,[2호기]남한산성입구방면1-3,,,,
01,수도권,S1,8,8호선,0261,산성,EV,일반승강기,2,지하,3,지하 3층,[1호기]남위례방면6-2,,,,
01,수도권,S1,8,8호선,0261,산성,EV,일반승강기,2,지하,3,지하 3층,[2호기]남한산성입구방면1-3,,,,
01,수도권,S1,8,8호선,0111,남한산성입구,EV,일반승강기,1,지상,1,지상 1층,[2호기]단대오거리방면4-1,,,,
01,수도권,S1,8,8호선,0111,남한산성입구,EV,일반승강기,2,지하,1,지하 1층,[2호기](F1-B3) 승강장,,,,
01,수도권,S1,8,8호선,0111,남한산성입구,EV,일반승강기,2,지하,2,지하 2층,[2호기](F1-B3) 승강장,,,,
01,수도권,S1,8,8호선,0111,남한산성입구,EV,일반승강기,2,지하,2,지하 2층,[1호기]산성방면3-4,,,,
01,수도권,S1,8,8호선,0111,남한산성입구,ELEC,전동휠체어충전설비,2,지하,2,지하 2층,B2층 중앙계단 올라가긴 전 좌측 휠체어리프트 방면 3m지점,,,,
01,수도권,S1,8,8호선,0111,남한산성입구,TOLT,일반화장실(남),2,지하,2,지하 2층,대합실 지하2층 에스컬레이터 근처,1,일반,1,남
01,수도권,S1,8,8호선,0111,남한산성입구,TOLT,일반화장실(여),2,지하,2,지하 2층,대합실 지하2층 에스컬레이터 근처,1,일반,2,여
01,수도권,S1,8,8호선,0111,남한산성입구,TOLT,장애인화장실(남),2,지하,2,지하 2층,대합실 지하2층 에스컬레이터 근처,2,장애인,1,남
01,수도권,S1,8,8호선,0111,남한산성입구,TOLT,장애인화장실(여),2,지하,2,지하 2층,대합실 지하2층 에스컬레이터 근처,2,장애인,2,여
01,수도권,S1,8,8호선,0111,남한산성입구,INFO,고객센터,2,지하,2,지하 2층,B2층 대합실,,,,
01,수도권,S1,8,8호선,0111,남한산성입구,LARM,수유실,2,지하,2,지하 2층,B2 고객안전실 내부,,,,
01,수도권,S1,8,8호선,0111,남한산성입구,EV,일반승강기,2,지하,3,지하 3층,[1호기]산성방면3-4,,,,
01,수도권,S1,8,8호선,0111,남한산성입구,EV,일반승강기,2,지하,3,지하 3층,[2호기]단대오거리방면4-1,,,,
01,수도권,S1,8,8호선,0122,단대오거리,EV,일반승강기,1,지상,1,지상 1층,[3호기]4번출구측,,,,
01,수도권,S1,8,8호선,0122,단대오거리,EV,일반승강기,2,지하,1,지하 1층,[3호기]4번출구측,,,,
01,수도권,S1,8,8호선,0122,단대오거리,EV,일반승강기,2,지하,1,지하 1층,[2호기]신흥방면5-1,,,,
01,수도권,S1,8,8호선,0122,단대오거리,EV,일반승강기,2,지하,1,지하 1층,[1호기]남한산성입구방면2-4,,,,
01,수도권,S1,8,8호선,0122,단대오거리,ELEC,전동휠체어충전설비,2,지하,1,지하 1층,지하1층 외부 E/V 왼쪽 7M 지점,,,,
01,수도권,S1,8,8호선,0122,단대오거리,TOLT,일반화장실(남),2,지하,1,지하 1층,대합실 지하1층 2호기E/V 옆,1,일반,1,남
01,수도권,S1,8,8호선,0122,단대오거리,TOLT,일반화장실(여),2,지하,1,지하 1층,대합실 지하1층 2호기E/V 옆,1,일반,2,여
01,수도권,S1,8,8호선,0122,단대오거리,TOLT,장애인화장실(남),2,지하,1,지하 1층,대합실 지하1층 2호기E/V 옆,2,장애인,1,남
01,수도권,S1,8,8호선,0122,단대오거리,TOLT,장애인화장실(여),2,지하,1,지하 1층,대합실 지하1층 2호기E/V 옆,2,장애인,2,여
01,수도권,S1,8,8호선,0122,단대오거리,EV,일반승강기,2,지하,2,지하 2층,[1호기](B1-B3) 승강장,,,,
01,수도권,S1,8,8호선,0122,단대오거리,EV,일반승강기,2,지하,2,지하 2층,[2호기](B1-B3) 승강장,,,,
01,수도권,S1,8,8호선,0122,단대오거리,INFO,고객센터,2,지하,2,지하 2층,B2층 대합실,,,,
01,수도권,S1,8,8호선,0122,단대오거리,EV,일반승강기,2,지하,3,지하 3층,[2호기]신흥방면5-1,,,,
01,수도권,S1,8,8호선,0122,단대오거리,EV,일반승강기,2,지하,3,지하 3층,[1호기]남한산성입구방면2-4,,,,
01,수도권,S1,8,8호선,0379,신흥,EV,일반승강기,2,지하,1,지하 1층,[2호기]수진방면3-4,,,,
01,수도권,S1,8,8호선,0379,신흥,EV,일반승강기,2,지하,1,지하 1층,[1호기]단대오거리방면4-1,,,,
01,수도권,S1,8,8호선,0379,신흥,ELEC,전동휠체어충전설비,2,지하,1,지하 1층, 지하1층 대합실 유리 출입문과 화장실 입구 중간 지점,,,,
01,수도권,S1,8,8호선,0379,신흥,TOLT,일반화장실(남),2,지하,1,지하 1층,"B1층 대합실 1,2번 출입구방면",1,일반,1,남
01,수도권,S1,8,8호선,0379,신흥,TOLT,일반화장실(여),2,지하,1,지하 1층,"B1층 대합실 1,2번 출입구방면",1,일반,2,여
01,수도권,S1,8,8호선,0379,신흥,TOLT,장애인화장실(남),2,지하,1,지하 1층,"B1층 대합실 1,2번 출입구방면",2,장애인,1,남
01,수도권,S1,8,8호선,0379,신흥,TOLT,장애인화장실(여),2,지하,1,지하 1층,"B1층 대합실 1,2번 출입구방면",2,장애인,2,여
01,수도권,S1,8,8호선,0379,신흥,INFO,고객센터,2,지하,1,지하 1층,B1층 대합실,,,,
01,수도권,S1,8,8호선,0379,신흥,EV,일반승강기,2,지하,2,지하 2층,[1호기]단대오거리방면4-1,,,,
01,수도권,S1,8,8호선,0379,신흥,EV,일반승강기,2,지하,2,지하 2층,[2호기]수진방면3-4,,,,
01,수도권,S1,8,8호선,0342,수진,EV,일반승강기,1,지상,1,지상 1층,[3호기]3번출구측,,,,
01,수도권,S1,8,8호선,0342,수진,EV,일반승강기,2,지하,1,지하 1층,[3호기]3번출구측,,,,
01,수도권,S1,8,8호선,0342,수진,EV,일반승강기,2,지하,1,지하 1층,[2호기]모란방면4-1,,,,
01,수도권,S1,8,8호선,0342,수진,EV,일반승강기,2,지하,1,지하 1층,[1호기]신흥방면3-4,,,,
01,수도권,S1,8,8호선,0342,수진,ELEC,전동휠체어충전설비,2,지하,1,지하 1층,지하1층 대합실 화장실과 편의점 사이에 위치,,,,
01,수도권,S1,8,8호선,0342,수진,TOLT,일반화장실(남),2,지하,1,지하 1층,대합실 지하1층 편의점 옆,1,일반,1,남
01,수도권,S1,8,8호선,0342,수진,TOLT,일반화장실(여),2,지하,1,지하 1층,대합실 지하1층 편의점 옆,1,일반,2,여
01,수도권,S1,8,8호선,0342,수진,TOLT,장애인화장실(남),2,지하,1,지하 1층,대합실 지하1층 편의점 옆,2,장애인,1,남
01,수도권,S1,8,8호선,0342,수진,TOLT,장애인화장실(여),2,지하,1,지하 1층,대합실 지하1층 편의점 옆,2,장애인,2,여
01,수도권,S1,8,8호선,0342,수진,INFO,고객센터,2,지하,1,지하 1층,B1층 대합실,,,,
01,수도권,S1,8,8호선,0342,수진,EV,일반승강기,2,지하,2,지하 2층,[1호기]신흥방면3-4,,,,
01,수도권,S1,8,8호선,0342,수진,EV,일반승강기,2,지하,2,지하 2층,[2호기]모란방면4-1,,,,
01,수도권,S1,8,8호선,0201,모란,EV,일반승강기,1,지상,1,지상 1층,[3호기]11번출구측,,,,
01,수도권,S1,8,8호선,0201,모란,EV,일반승강기,2,지하,1,지하 1층,[3호기]11번출구측,,,,
01,수도권,S1,8,8호선,0201,모란,EV,일반승강기,2,지하,1,지하 1층,[1호기]수진방면5-2,,,,
01,수도권,S1,8,8호선,0201,모란,ELEC,전동휠체어충전설비,2,지하,1,지하 1층,11번 출구에서 지하1층으로 내려온 후 좌측 20M(편의점 맞은편),,,,
01,수도권,S1,8,8호선,0201,모란,EV,일반승강기,2,지하,2,지하 2층,[1호기](B1-B3) 승강장,,,,
01,수도권,S1,8,8호선,0201,모란,EV,일반승강기,2,지하,2,지하 2층,[2호기]모란방면2-3,,,,
01,수도권,S1,8,8호선,0201,모란,TOLT,일반화장실(남),2,지하,2,지하 2층,B2층 대합실 상행 E/S 옆,1,일반,1,남
01,수도권,S1,8,8호선,0201,모란,TOLT,일반화장실(여),2,지하,2,지하 2층,B2층 대합실 상행 E/S 옆,1,일반,2,여
01,수도권,S1,8,8호선,0201,모란,TOLT,장애인화장실(남),2,지하,2,지하 2층,B2층 대합실 상행 E/S 옆,2,장애인,1,남
01,수도권,S1,8,8호선,0201,모란,TOLT,장애인화장실(여),2,지하,2,지하 2층,B2층 대합실 상행 E/S 옆,2,장애인,2,여
01,수도권,S1,8,8호선,0201,모란,INFO,고객센터,2,지하,2,지하 2층,B2층 대합실,,,,
01,수도권,S1,8,8호선,0201,모란,LARM,수유실,2,지하,2,지하 2층,B2 고객안전실 내부,,,,
01,수도권,S1,8,8호선,0201,모란,EV,일반승강기,2,지하,3,지하 3층,[1호기]수진방면5-2,,,,
01,수도권,S1,8,8호선,0201,모란,EV,일반승강기,2,지하,3,지하 3층,[2호기]모란방면2-3,,,,
01,수도권,S9,9,9호선,0028,개화,EV,일반승강기,1,지상,2,지상 2층,[1호기](1F)하선승강장6-4근처(2F)안전관리실옆,,,,
01,수도권,S9,9,9호선,0028,개화,EV,일반승강기,1,지상,2,지상 2층,[2호기](1F)2번출구옆(2F)편의점앞,,,,
01,수도권,S9,9,9호선,0028,개화,TOLT,일반화장실(남),1,지상,2,지상 2층,(2F) 표내는 곳 옆,1,일반,1,남
01,수도권,S9,9,9호선,0028,개화,TOLT,일반화장실(여),1,지상,2,지상 2층,(2F) 표내는 곳 옆,1,일반,2,여
01,수도권,S9,9,9호선,0028,개화,TOLT,장애인화장실(남),1,지상,2,지상 2층,(2F) 표내는 곳 옆,2,장애인,1,남
01,수도권,S9,9,9호선,0028,개화,TOLT,장애인화장실(여),1,지상,2,지상 2층,(2F) 표내는 곳 옆,2,장애인,2,여
01,수도권,S9,9,9호선,0028,개화,INFO,고객센터,1,지상,2,지상 2층,(2F) 표 내는 곳 내 계단 옆,,,,
01,수도권,S9,9,9호선,0028,개화,EV,일반승강기,1,지상,1,지상 1층,[2호기](1F)2번출구옆(2F)편의점앞,,,,
01,수도권,S9,9,9호선,0028,개화,EV,일반승강기,1,지상,1,지상 1층,[1호기](1F)하선승강장6-4근처(2F)안전관리실옆,,,,
01,수도권,S9,9,9호선,0099,김포공항,EV,일반승강기,2,지하,1,지하 1층,[1호기](B1)안전관리실옆(B3)상부본선승강장4-2지점,,,,
01,수도권,S9,9,9호선,0099,김포공항,EV,일반승강기,2,지하,1,지하 1층,[3호기](B1)안전관리실앞(B4)하선승강장1-1지점,,,,
01,수도권,S9,9,9호선,0099,김포공항,EV,일반승강기,2,지하,1,지하 1층,[2호기](B1)안전관리실앞(B4)하선승강장1-1지점,,,,
01,수도권,S9,9,9호선,0099,김포공항,ELEC,전동휠체어충전설비,2,지하,1,지하 1층,(B1) 발매기 앞,,,,
01,수도권,S9,9,9호선,0099,김포공항,TOLT,일반화장실(남),2,지하,1,지하 1층,(B1) 4번 출입구 옆,1,일반,1,남
01,수도권,S9,9,9호선,0099,김포공항,TOLT,일반화장실(남),2,지하,1,지하 1층,(B1) 공항철도 역무실 옆,1,일반,1,남
01,수도권,S9,9,9호선,0099,김포공항,TOLT,일반화장실(여),2,지하,1,지하 1층,(B1) 공항철도 역무실 옆,1,일반,2,여
01,수도권,S9,9,9호선,0099,김포공항,TOLT,일반화장실(여),2,지하,1,지하 1층,(B1) 4번 출입구 옆,1,일반,2,여
01,수도권,S9,9,9호선,0099,김포공항,TOLT,장애인화장실(남),2,지하,1,지하 1층,(B1) 4번 출입구 옆,2,장애인,1,남
01,수도권,S9,9,9호선,0099,김포공항,TOLT,장애인화장실(여),2,지하,1,지하 1층,(B1) 4번 출입구 옆,2,장애인,2,여
01,수도권,S9,9,9호선,0099,김포공항,INFO,고객센터,2,지하,1,지하 1층,(B1) 표 내는 곳 옆,,,,
01,수도권,S9,9,9호선,0099,김포공항,EV,일반승강기,2,지하,2,지하 2층,"[3호기](B1) 안전관리실 앞
(B4) 하선 승강장 1-1 지점",,,,
01,수도권,S9,9,9호선,0099,김포공항,EV,일반승강기,2,지하,2,지하 2층,"[2호기](B1) 안전관리실 옆
(B3) 상부본선 승강장 4-2 지점",,,,
01,수도권,S9,9,9호선,0099,김포공항,EV,일반승강기,2,지하,2,지하 2층,"[4호기](B1) 안전관리실 앞
(B4) 하선 승강장 1-1 지점",,,,
01,수도권,S9,9,9호선,0099,김포공항,EV,일반승강기,2,지하,3,지하 3층,[1호기](B1)안전관리실옆(B3)상부본선승강장4-2지점,,,,
01,수도권,S9,9,9호선,0099,김포공항,EV,일반승강기,2,지하,3,지하 3층,"[3호기](B1) 안전관리실 앞
(B4) 하선 승강장 1-1 지점",,,,
01,수도권,S9,9,9호선,0099,김포공항,EV,일반승강기,2,지하,3,지하 3층,"[4호기](B1) 안전관리실 앞
(B4) 하선 승강장 1-1 지점",,,,
01,수도권,S9,9,9호선,0099,김포공항,EV,일반승강기,2,지하,4,지하 4층,[2호기](B1)안전관리실앞(B4)하선승강장1-1지점,,,,
01,수도권,S9,9,9호선,0099,김포공항,EV,일반승강기,2,지하,4,지하 4층,[3호기](B1)안전관리실앞(B4)하선승강장1-1지점,,,,
01,수도권,S9,9,9호선,0056,공항시장,EV,일반승강기,1,지상,1,지상 1층,"[3호기](1F)1번,2번출입구사이(B1)2번출구방면앞",,,,
01,수도권,S9,9,9호선,0056,공항시장,EV,일반승강기,2,지하,1,지하 1층,"[3호기](1F)1번,2번출입구사이(B1)2번출구방면앞",,,,
01,수도권,S9,9,9호선,0056,공항시장,EV,일반승강기,2,지하,1,지하 1층,[2호기](B1)대합실표내는곳방향우측(중앙보훈병원방면)(B4)상선승강장1-3출입구앞,,,,
01,수도권,S9,9,9호선,0056,공항시장,EV,일반승강기,2,지하,1,지하 1층,"[1호기](B1)대합실표내는곳방향좌측(개화,김포공항역방면)(B4)하선승강장6-2출입구앞",,,,
01,수도권,S9,9,9호선,0056,공항시장,TOLT,일반화장실(남),2,지하,1,지하 1층,(B1) 1번/4번 출입구 방향,1,일반,1,남
01,수도권,S9,9,9호선,0056,공항시장,TOLT,일반화장실(여),2,지하,1,지하 1층,(B1) 1번/4번 출입구 방향,1,일반,2,여
01,수도권,S9,9,9호선,0056,공항시장,TOLT,장애인화장실(남),2,지하,1,지하 1층,(B1) 1번/4번 출입구 방향,2,장애인,1,남
01,수도권,S9,9,9호선,0056,공항시장,TOLT,장애인화장실(여),2,지하,1,지하 1층,(B1) 1번/4번 출입구 방향,2,장애인,2,여
01,수도권,S9,9,9호선,0056,공항시장,INFO,고객센터,2,지하,1,지하 1층,(B1) 편의점 맞은편(표 내는 곳 방면),,,,
01,수도권,S9,9,9호선,0056,공항시장,EV,일반승강기,2,지하,2,지하 2층,"[1호기](B1)대합실 표내는 곳 방향 좌측(개화,김포공항역 방면)
(B4)하선승강장 6-2 출입구 앞",,,,
01,수도권,S9,9,9호선,0056,공항시장,EV,일반승강기,2,지하,2,지하 2층,"[2호기](B1)대합실 표내는 곳 방향 우측(중앙보훈병원 방면)
(B4)상선승강장 1-3 출입구 앞",,,,
01,수도권,S9,9,9호선,0056,공항시장,EV,일반승강기,2,지하,3,지하 3층,"[1호기](B1)대합실 표내는 곳 방향 좌측(개화,김포공항역 방면)
(B4)하선승강장 6-2 출입구 앞",,,,
01,수도권,S9,9,9호선,0056,공항시장,EV,일반승강기,2,지하,3,지하 3층,"[2호기](B1)대합실 표내는 곳 방향 우측(중앙보훈병원 방면)
(B4)상선승강장 1-3 출입구 앞",,,,
01,수도권,S9,9,9호선,0056,공항시장,EV,일반승강기,2,지하,4,지하 4층,[2호기](B1)대합실표내는곳방향우측(중앙보훈병원방면)(B4)상선승강장1-3출입구앞,,,,
01,수도권,S9,9,9호선,0056,공항시장,EV,일반승강기,2,지하,4,지하 4층,"[1호기](B1)대합실표내는곳방향좌측(개화,김포공항역방면)(B4)하선승강장6-2출입구앞",,,,
01,수도권,S9,9,9호선,0364,신방화,EV,일반승강기,1,지상,1,지상 1층,[4호기](1F)3번출입구옆(B1)3번출입구방향대합실,,,,
01,수도권,S9,9,9호선,0364,신방화,EV,일반승강기,1,지상,1,지상 1층,[3호기](1F)7번/8번출입구사이(B1)7/8번출입구방향대합실,,,,
01,수도권,S9,9,9호선,0364,신방화,EV,일반승강기,2,지하,1,지하 1층,[4호기](1F)3번출입구옆(B1)3번출입구방향대합실,,,,
01,수도권,S9,9,9호선,0364,신방화,EV,일반승강기,2,지하,1,지하 1층,[3호기](1F)7번/8번출입구사이(B1)7/8번출입구방향대합실,,,,
01,수도권,S9,9,9호선,0364,신방화,EV,일반승강기,2,지하,1,지하 1층,[2호기](B1)중앙보훈병원역방향개찰구앞(B2)중앙보훈병원역방향승강장4-4출입문앞,,,,
01,수도권,S9,9,9호선,0364,신방화,EV,일반승강기,2,지하,1,지하 1층,[1호기](B1)개화역방향개찰구앞(B2)개화역방향승강장3-1출입문앞,,,,
01,수도권,S9,9,9호선,0364,신방화,ELEC,전동휠체어충전설비,2,지하,1,지하 1층,"(B1) 3번출구 옆, E/L 4호기 부근",,,,
01,수도권,S9,9,9호선,0364,신방화,TOLT,일반화장실(남),2,지하,1,지하 1층,(B1) 안전관리실 앞,1,일반,1,남
01,수도권,S9,9,9호선,0364,신방화,TOLT,일반화장실(여),2,지하,1,지하 1층,(B1) 안전관리실 앞,1,일반,2,여
01,수도권,S9,9,9호선,0364,신방화,TOLT,장애인화장실(남),2,지하,1,지하 1층,(B1) 안전관리실 앞,2,장애인,1,남
01,수도권,S9,9,9호선,0364,신방화,TOLT,장애인화장실(여),2,지하,1,지하 1층,(B1) 안전관리실 앞,2,장애인,2,여
01,수도권,S9,9,9호선,0364,신방화,INFO,고객센터,2,지하,1,지하 1층,(B1) 화장실 맞은 편,,,,
01,수도권,S9,9,9호선,0364,신방화,EV,일반승강기,2,지하,2,지하 2층,[1호기](B1)개화역방향개찰구앞(B2)개화역방향승강장3-1출입문앞,,,,
01,수도권,S9,9,9호선,0364,신방화,EV,일반승강기,2,지하,2,지하 2층,[2호기](B1)중앙보훈병원역방향개찰구앞(B2)중앙보훈병원역방향승강장4-4출입문앞,,,,
01,수도권,S9,9,9호선,0178,마곡나루,EV,일반승강기,1,지상,1,지상 1층,"[4호기](1F)마곡중앙광장E/S출입구뒷편(B2)대합실,표내는곳방향",,,,
01,수도권,S9,9,9호선,0178,마곡나루,EV,일반승강기,1,지상,1,지상 1층,"[3호기](1F)1번/2번출입구사이(B1)대합실,1번/2번출입구방향",,,,
01,수도권,S9,9,9호선,0178,마곡나루,EV,일반승강기,2,지하,1,지하 1층,"[3호기](1F)1번/2번출입구사이(B1)대합실,1번/2번출입구방향",,,,
01,수도권,S9,9,9호선,0178,마곡나루,EV,일반승강기,2,지하,1,지하 1층,"[4호기](1F)마곡중앙광장E/S출입구뒷편(B2)대합실,표내는곳방향",,,,
01,수도권,S9,9,9호선,0178,마곡나루,EV,일반승강기,2,지하,1,지하 1층,"[2호기](B1)대합실,표내는곳방향(B2)양천향교역방향승강장4-2출입문앞",,,,
01,수도권,S9,9,9호선,0178,마곡나루,EV,일반승강기,2,지하,1,지하 1층,"[1호기](B1)대합실,표내는곳방향(B2)신방화역방향승강장3-3출입문앞",,,,
01,수도권,S9,9,9호선,0178,마곡나루,ELEC,전동휠체어충전설비,2,지하,1,지하 1층,(B1) 대합실 공항철도 환승통로 방향,,,,
01,수도권,S9,9,9호선,0178,마곡나루,TOLT,일반화장실(남),2,지하,1,지하 1층,(B1) 2번 출입구 옆,1,일반,1,남
01,수도권,S9,9,9호선,0178,마곡나루,TOLT,일반화장실(여),2,지하,1,지하 1층,(B1) 2번 출입구 옆,1,일반,2,여
01,수도권,S9,9,9호선,0178,마곡나루,TOLT,장애인화장실(남),2,지하,1,지하 1층,(B1) 2번 출입구 옆,2,장애인,1,남
01,수도권,S9,9,9호선,0178,마곡나루,TOLT,장애인화장실(여),2,지하,1,지하 1층,(B1) 2번 출입구 옆,2,장애인,2,여
01,수도권,S9,9,9호선,0178,마곡나루,TOLT,장애인화장실,2,지하,1,지하 1층,(B1) 2번 출입구 옆,2,장애인,4,
01,수도권,S9,9,9호선,0178,마곡나루,INFO,고객센터,2,지하,1,지하 1층,(B1) 표 내는 곳 옆,,,,
01,수도권,S9,9,9호선,0178,마곡나루,EV,일반승강기,2,지하,2,지하 2층,"[1호기](B1)대합실,표내는곳방향(B2)신방화역방향승강장3-3출입문앞",,,,
01,수도권,S9,9,9호선,0178,마곡나루,EV,일반승강기,2,지하,2,지하 2층,"[2호기](B1)대합실,표내는곳방향(B2)양천향교역방향승강장4-2출입문앞",,,,
01,수도권,S9,9,9호선,0405,양천향교,EV,일반승강기,1,지상,1,지상 1층,"[4호기](1F)5,6번출입구사이(B2)대합실.5,6번출입구방향",,,,
01,수도권,S9,9,9호선,0405,양천향교,EV,일반승강기,1,지상,1,지상 1층,"[3호기](1F)3,4번출입구사이(B2)대합실.3,4번출입구방향",,,,
01,수도권,S9,9,9호선,0405,양천향교,EV,일반승강기,2,지하,1,지하 1층,"[3호기](1F)3,4번출입구사이(B2)대합실.3,4번출입구방향",,,,
01,수도권,S9,9,9호선,0405,양천향교,EV,일반승강기,2,지하,1,지하 1층,"[4호기](1F)5,6번출입구사이(B2)대합실.5,6번출입구방향",,,,
01,수도권,S9,9,9호선,0405,양천향교,EV,일반승강기,2,지하,1,지하 1층,[2호기](B1)표내는곳내가양역방향(B2)가양역방향승강장4-4출입문근처,,,,
01,수도권,S9,9,9호선,0405,양천향교,EV,일반승강기,2,지하,1,지하 1층,[1호기](B1)표내는곳내마곡나루역방향(B2)마곡나루역방향승강장3-2출입문근처,,,,
01,수도권,S9,9,9호선,0405,양천향교,ELEC,전동휠체어충전설비,2,지하,1,지하 1층,(B1) 대합실 표내는곳 내 가양역 승강장 방향 계단 옆,,,,
01,수도권,S9,9,9호선,0405,양천향교,TOLT,일반화장실(남),2,지하,1,지하 1층,"(B1) 3번 출입구 옆, 1번~3번 출입구 방향",1,일반,1,남
01,수도권,S9,9,9호선,0405,양천향교,TOLT,일반화장실(여),2,지하,1,지하 1층,"(B1) 3번 출입구 옆, 1번~3번 출입구 방향",1,일반,2,여
01,수도권,S9,9,9호선,0405,양천향교,TOLT,장애인화장실(남),2,지하,1,지하 1층,"(B1) 3번 출입구 옆, 1번~3번 출입구 방향",2,장애인,1,남
01,수도권,S9,9,9호선,0405,양천향교,TOLT,장애인화장실(여),2,지하,1,지하 1층,"(B1) 3번 출입구 옆, 1번~3번 출입구 방향",2,장애인,2,여
01,수도권,S9,9,9호선,0405,양천향교,TOLT,장애인화장실,2,지하,1,지하 1층,"(B1) 3번 출입구 옆, 1번~3번 출입구 방향",2,장애인,4,
01,수도권,S9,9,9호선,0405,양천향교,INFO,고객센터,2,지하,1,지하 1층,(B1) 1번~8번 출입구 방향 대합실 표내는곳 옆,,,,
01,수도권,S9,9,9호선,0405,양천향교,EV,일반승강기,2,지하,2,지하 2층,[1호기](B1)표내는곳내마곡나루역방향(B2)마곡나루역방향승강장3-2출입문근처,,,,
01,수도권,S9,9,9호선,0405,양천향교,EV,일반승강기,2,지하,2,지하 2층,[2호기](B1)표내는곳내가양역방향(B2)가양역방향승강장4-4출입문근처,,,,
01,수도권,S9,9,9호선,0005,가양,EV,일반승강기,1,지상,1,지상 1층,"[4호기](1F)8,9번출입구사이",,,,
01,수도권,S9,9,9호선,0005,가양,EV,일반승강기,1,지상,1,지상 1층,"[3호기](1F)4,5번출입구사이",,,,
01,수도권,S9,9,9호선,0005,가양,EV,일반승강기,2,지하,1,지하 1층,"[4호기](1F)8,9번출입구사이",,,,
01,수도권,S9,9,9호선,0005,가양,EV,일반승강기,2,지하,1,지하 1층,"[3호기](1F)4,5번출입구사이",,,,
01,수도권,S9,9,9호선,0005,가양,EV,일반승강기,2,지하,1,지하 1층,[2호기](B2)증미역방향승강장종점비승차구역,,,,
01,수도권,S9,9,9호선,0005,가양,EV,일반승강기,2,지하,1,지하 1층,[1호기](B2)양천향교역방향승강장시점비승차구역,,,,
01,수도권,S9,9,9호선,0005,가양,ELEC,전동휠체어충전설비,2,지하,1,지하 1층,(B1) 대합실 양천향교역 승강장 방향 E/L 1호기 옆,,,,
01,수도권,S9,9,9호선,0005,가양,TOLT,일반화장실(남),2,지하,1,지하 1층,(B1) 3번 출입구 옆,1,일반,1,남
01,수도권,S9,9,9호선,0005,가양,TOLT,일반화장실(여),2,지하,1,지하 1층,(B1) 3번 출입구 옆,1,일반,2,여
01,수도권,S9,9,9호선,0005,가양,TOLT,장애인화장실(남),2,지하,1,지하 1층,(B1) 3번 출입구 옆,2,장애인,1,남
01,수도권,S9,9,9호선,0005,가양,TOLT,장애인화장실(여),2,지하,1,지하 1층,(B1) 3번 출입구 옆,2,장애인,2,여
01,수도권,S9,9,9호선,0005,가양,INFO,고객센터,2,지하,1,지하 1층,(B1) 1번/10번 출입구 방향 대합실 표내는곳 안쪽,,,,
01,수도권,S9,9,9호선,0005,가양,EV,일반승강기,2,지하,2,지하 2층,[1호기](B2)양천향교역방향승강장시점비승차구역,,,,
01,수도권,S9,9,9호선,0005,가양,EV,일반승강기,2,지하,2,지하 2층,[2호기](B2)증미역방향승강장종점비승차구역,,,,
01,수도권,S9,9,9호선,0531,증미,EV,일반승강기,1,지상,1,지상 1층,[3호기](1F)1번출입구옆(B1)대합실옆,,,,
01,수도권,S9,9,9호선,0531,증미,EV,일반승강기,2,지하,1,지하 1층,[3호기],,,,
01,수도권,S9,9,9호선,0531,증미,EV,일반승강기,2,지하,2,지하 2층,[3호기](1F)1번출입구옆(B1)대합실옆,,,,
01,수도권,S9,9,9호선,0531,증미,EV,일반승강기,2,지하,2,지하 2층,"[2호기](B1)표내는곳내계단옆,등촌역방향(B2)염창역방향승강장3-4출입문근처",,,,
01,수도권,S9,9,9호선,0531,증미,EV,일반승강기,2,지하,2,지하 2층,"[1호기](B1)표내는곳내계단옆,가양역방향(B2)증미역방향승강장3-4출입문근처",,,,
01,수도권,S9,9,9호선,0531,증미,TOLT,일반화장실(남),2,지하,2,지하 2층,(B2) 대합실 E/L 3호기 옆,1,일반,1,남
01,수도권,S9,9,9호선,0531,증미,TOLT,일반화장실(여),2,지하,2,지하 2층,(B2) 대합실 E/L 3호기 옆,1,일반,2,여
01,수도권,S9,9,9호선,0531,증미,TOLT,장애인화장실(남),2,지하,2,지하 2층,(B2) 대합실 E/L 3호기 옆,2,장애인,1,남
01,수도권,S9,9,9호선,0531,증미,TOLT,장애인화장실(여),2,지하,2,지하 2층,(B2) 대합실 E/L 3호기 옆,2,장애인,2,여
01,수도권,S9,9,9호선,0531,증미,INFO,고객센터,2,지하,2,지하 2층,(B2) 대합실 표내는곳 옆,,,,
01,수도권,S9,9,9호선,0531,증미,EV,일반승강기,2,지하,3,지하 3층,"[1호기](B1)표내는곳내계단옆,가양역방향(B2)증미역방향승강장3-4출입문근처",,,,
01,수도권,S9,9,9호선,0531,증미,EV,일반승강기,2,지하,3,지하 3층,"[2호기](B1)표내는곳내계단옆,등촌역방향(B2)염창역방향승강장3-4출입문근처",,,,
01,수도권,S9,9,9호선,0173,등촌,EV,일반승강기,1,지상,1,지상 1층,[3호기](1F)5번출입구옆(B1)화장실근처,,,,
01,수도권,S9,9,9호선,0173,등촌,EV,일반승강기,2,지하,1,지하 1층,[3호기](1F)5번출입구옆(B1)화장실근처,,,,
01,수도권,S9,9,9호선,0173,등촌,EV,일반승강기,2,지하,1,지하 1층,"[2호기](B1)표내는곳내계단옆,염창역방향(B2)염창역방향승강장6-4출입문근처",,,,
01,수도권,S9,9,9호선,0173,등촌,EV,일반승강기,2,지하,1,지하 1층,"[1호기](B1)표내는곳내계단옆,증미역방향(B2)증미역방향승강장1-1출입문근처",,,,
01,수도권,S9,9,9호선,0173,등촌,TOLT,일반화장실(남),2,지하,1,지하 1층,"(B1) 표내는곳 옆, 1번/2번 출입구 방향",1,일반,1,남
01,수도권,S9,9,9호선,0173,등촌,TOLT,일반화장실(여),2,지하,1,지하 1층,"(B1) 표내는곳 옆, 1번/2번 출입구 방향",1,일반,2,여
01,수도권,S9,9,9호선,0173,등촌,TOLT,장애인화장실(남),2,지하,1,지하 1층,"(B1) 표내는곳 옆, 1번/2번 출입구 방향",2,장애인,1,남
01,수도권,S9,9,9호선,0173,등촌,TOLT,장애인화장실(여),2,지하,1,지하 1층,"(B1) 표내는곳 옆, 1번/2번 출입구 방향",2,장애인,2,여
01,수도권,S9,9,9호선,0173,등촌,INFO,고객센터,2,지하,1,지하 1층,(B1) 3번/4번 출입구 방향 대합실 표내는곳 옆,,,,
01,수도권,S9,9,9호선,0173,등촌,EV,일반승강기,2,지하,2,지하 2층,"[1호기](B1)표내는곳내계단옆,증미역방향(B2)증미역방향승강장1-1출입문근처",,,,
01,수도권,S9,9,9호선,0173,등촌,EV,일반승강기,2,지하,2,지하 2층,"[2호기](B1)표내는곳내계단옆,염창역방향(B2)염창역방향승강장6-4출입문근처",,,,
01,수도권,S9,9,9호선,0419,염창,EV,일반승강기,1,지상,1,지상 1층,[4호기](B1)3번/4번출입구사이(1F)3번/4번출입구사이,,,,
01,수도권,S9,9,9호선,0419,염창,EV,일반승강기,1,지상,1,지상 1층,[3호기](B1)1번/2번출입구사이(1F)1번/2번출입구사이,,,,
01,수도권,S9,9,9호선,0419,염창,EV,일반승강기,2,지하,1,지하 1층,[4호기](B1)3번/4번출입구사이(1F)3번/4번출입구사이,,,,
01,수도권,S9,9,9호선,0419,염창,EV,일반승강기,2,지하,1,지하 1층,[3호기](B1)1번/2번출입구사이(1F)1번/2번출입구사이,,,,
01,수도권,S9,9,9호선,0419,염창,EV,일반승강기,2,지하,1,지하 1층,[2호기](B2)신목동역방향승강장3-4/4-1사이,,,,
01,수도권,S9,9,9호선,0419,염창,EV,일반승강기,2,지하,1,지하 1층,[1호기](B2)등촌역방향승강장3-4/4-1사이,,,,
01,수도권,S9,9,9호선,0419,염창,TOLT,일반화장실(남),2,지하,1,지하 1층,(B1) 4번 출입구 방향,1,일반,1,남
01,수도권,S9,9,9호선,0419,염창,TOLT,일반화장실(여),2,지하,1,지하 1층,(B1) 4번 출입구 방향,1,일반,2,여
01,수도권,S9,9,9호선,0419,염창,TOLT,장애인화장실(남),2,지하,1,지하 1층,(B1) 4번 출입구 방향,2,장애인,1,남
01,수도권,S9,9,9호선,0419,염창,TOLT,장애인화장실(여),2,지하,1,지하 1층,(B1) 4번 출입구 방향,2,장애인,2,여
01,수도권,S9,9,9호선,0419,염창,INFO,고객센터,2,지하,1,지하 1층,(B1) 1~4번 출입구 방향 대합실 표내는곳 옆,,,,
01,수도권,S9,9,9호선,0419,염창,EV,일반승강기,2,지하,2,지하 2층,[1호기](B2)등촌역방향승강장3-4/4-1사이,,,,
01,수도권,S9,9,9호선,0419,염창,EV,일반승강기,2,지하,2,지하 2층,[2호기](B2)신목동역방향승강장3-4/4-1사이,,,,
01,수도권,S9,9,9호선,0362,신목동,EV,일반승강기,1,지상,1,지상 1층,[4호기](1F)2번출입구에스컬레이터옆(B2)2번출입구에스컬레이터옆,,,,
01,수도권,S9,9,9호선,0362,신목동,EV,일반승강기,1,지상,1,지상 1층,"[3호기](1F)1,2번출입구사이(B2)1번출입구쪽원형대합실방면",,,,
01,수도권,S9,9,9호선,0362,신목동,EV,일반승강기,2,지하,1,지하 1층,[4호기],,,,
01,수도권,S9,9,9호선,0362,신목동,EV,일반승강기,2,지하,1,지하 1층,[3호기],,,,
01,수도권,S9,9,9호선,0362,신목동,EV,일반승강기,2,지하,2,지하 2층,"[3호기](1F)1,2번출입구사이(B2)1번출입구쪽원형대합실방면",,,,
01,수도권,S9,9,9호선,0362,신목동,EV,일반승강기,2,지하,2,지하 2층,[4호기](1F)2번출입구에스컬레이터옆(B2)2번출입구에스컬레이터옆,,,,
01,수도권,S9,9,9호선,0362,신목동,EV,일반승강기,2,지하,2,지하 2층,[1호기](B2)편의점맞은편표내는곳내부(B3)염창역방면승강장4-1출입구방향,,,,
01,수도권,S9,9,9호선,0362,신목동,EV,일반승강기,2,지하,2,지하 2층,[2호기](B2)편의점맞은편표내는곳내부(B3)선유도역방면승강장4-1출입구방향,,,,
01,수도권,S9,9,9호선,0362,신목동,TOLT,일반화장실(남),2,지하,2,지하 2층,(B2) 2번 출입구 근처,1,일반,1,남
01,수도권,S9,9,9호선,0362,신목동,TOLT,일반화장실(여),2,지하,2,지하 2층,(B2) 2번 출입구 근처,1,일반,2,여
01,수도권,S9,9,9호선,0362,신목동,TOLT,장애인화장실(남),2,지하,2,지하 2층,(B2) 2번 출입구 근처,2,장애인,1,남
01,수도권,S9,9,9호선,0362,신목동,TOLT,장애인화장실(여),2,지하,2,지하 2층,(B2) 2번 출입구 근처,2,장애인,2,여
01,수도권,S9,9,9호선,0362,신목동,TOLT,장애인화장실,2,지하,2,지하 2층,(B2) 2번 출입구 근처,2,장애인,4,
01,수도권,S9,9,9호선,0362,신목동,INFO,고객센터,2,지하,2,지하 2층,"(B2) 2번/3번 출입구 사이, 표내는 곳 내",,,,
01,수도권,S9,9,9호선,0362,신목동,EV,일반승강기,2,지하,3,지하 3층,[1호기](B2)편의점맞은편표내는곳내부(B3)염창역방면승강장4-1출입구방향,,,,
01,수도권,S9,9,9호선,0362,신목동,EV,일반승강기,2,지하,3,지하 3층,[2호기](B2)편의점맞은편표내는곳내부(B3)선유도역방면승강장4-1출입구방향,,,,
01,수도권,S9,9,9호선,0308,선유도,EV,일반승강기,1,지상,1,지상 1층,"[4호기](1F)7,8번출입구사이(B1)7번출입구옆(B2)E/S7호기옆중앙통로오른쪽방향",,,,
01,수도권,S9,9,9호선,0308,선유도,EV,일반승강기,1,지상,1,지상 1층,"[3호기](1F)1,2번출입구사이(B1)2번출입구옆(B2)E/S7호기옆중앙통로왼쪽방향",,,,
01,수도권,S9,9,9호선,0308,선유도,EV,일반승강기,2,지하,1,지하 1층,[3호기],,,,
01,수도권,S9,9,9호선,0308,선유도,EV,일반승강기,2,지하,1,지하 1층,[4호기],,,,
01,수도권,S9,9,9호선,0308,선유도,TOLT,일반화장실(남),2,지하,1,지하 1층,(B1) 7번 출입구 방향,1,일반,1,남
01,수도권,S9,9,9호선,0308,선유도,TOLT,일반화장실(여),2,지하,1,지하 1층,(B1) 7번 출입구 방향,1,일반,2,여
01,수도권,S9,9,9호선,0308,선유도,TOLT,장애인화장실(남),2,지하,1,지하 1층,(B1) 7번 출입구 방향,2,장애인,1,남
01,수도권,S9,9,9호선,0308,선유도,TOLT,장애인화장실(여),2,지하,1,지하 1층,(B1) 7번 출입구 방향,2,장애인,2,여
01,수도권,S9,9,9호선,0308,선유도,EV,일반승강기,2,지하,2,지하 2층,"[3호기](1F)1,2번출입구사이(B1)2번출입구옆(B2)E/S7호기옆중앙통로왼쪽방향",,,,
01,수도권,S9,9,9호선,0308,선유도,EV,일반승강기,2,지하,2,지하 2층,"[4호기](1F)7,8번출입구사이(B1)7번출입구옆(B2)E/S7호기옆중앙통로오른쪽방향",,,,
01,수도권,S9,9,9호선,0308,선유도,EV,일반승강기,2,지하,2,지하 2층,[2호기](B2)표내는곳내부안전관리실우측(B3)신목동역방면승강장3-4출입문방향,,,,
01,수도권,S9,9,9호선,0308,선유도,EV,일반승강기,2,지하,2,지하 2층,[1호기](B2)표내는곳내부편의점맞은편방향(B3)당산역방면승강장4-1출입문방향,,,,
01,수도권,S9,9,9호선,0308,선유도,INFO,고객센터,2,지하,2,지하 2층,(B2) 표 내는 곳 맞은편,,,,
01,수도권,S9,9,9호선,0308,선유도,EV,일반승강기,2,지하,3,지하 3층,[2호기](B2)표내는곳내부안전관리실우측(B3)신목동역방면승강장3-4출입문방향,,,,
01,수도권,S9,9,9호선,0308,선유도,EV,일반승강기,2,지하,3,지하 3층,[1호기](B2)표내는곳내부편의점맞은편방향(B3)당산역방면승강장4-1출입문방향,,,,
01,수도권,S9,9,9호선,0126,당산,EV,일반승강기,1,지상,3,지상 3층,[2호기](3F)2호선외선(영등포구청역)승강장(B2)2호선환승외선(영등포구청역)방향에스컬레이터옆,,,,
01,수도권,S9,9,9호선,0126,당산,EV,일반승강기,1,지상,3,지상 3층,[3호기](3F)2호선내선(합정역방향)승강장(B2)2호선환승내선(합정역방향)에스컬레이터옆,,,,
01,수도권,S9,9,9호선,0126,당산,EV,일반승강기,1,지상,1,지상 1층,[4호기](1F)10번출입구옆(B1)10번출입구통로,,,,
01,수도권,S9,9,9호선,0126,당산,EV,일반승강기,1,지상,1,지상 1층,"[5호기](1F)1번,13번출입구사이(B1)13번출입구통로",,,,
01,수도권,S9,9,9호선,0126,당산,EV,일반승강기,2,지하,1,지하 1층,[4호기](1F)10번출입구옆(B1)10번출입구통로,,,,
01,수도권,S9,9,9호선,0126,당산,EV,일반승강기,2,지하,1,지하 1층,"[5호기](1F)1번,13번출입구사이(B1)13번출입구통로",,,,
01,수도권,S9,9,9호선,0126,당산,EV,일반승강기,2,지하,1,지하 1층,[3호기],,,,
01,수도권,S9,9,9호선,0126,당산,EV,일반승강기,2,지하,1,지하 1층,[2호기],,,,
01,수도권,S9,9,9호선,0126,당산,EV,일반승강기,2,지하,1,지하 1층,[1호기](B1)편의점방향표내는곳내부(B2)대합실환승통로중앙(에스컬레이터14호기좌측)(B3)국회의사당역방면승강장6-4방향비승차구역,,,,
01,수도권,S9,9,9호선,0126,당산,TOLT,일반화장실(남),2,지하,1,지하 1층,"(B1) 표내는곳  옆, 7번 출입구 방향",1,일반,1,남
01,수도권,S9,9,9호선,0126,당산,TOLT,일반화장실(여),2,지하,1,지하 1층,"(B1) 표내는곳  옆, 7번 출입구 방향",1,일반,2,여
01,수도권,S9,9,9호선,0126,당산,TOLT,장애인화장실(남),2,지하,1,지하 1층,"(B1) 표내는곳  옆, 7번 출입구 방향",2,장애인,1,남
01,수도권,S9,9,9호선,0126,당산,TOLT,장애인화장실(여),2,지하,1,지하 1층,"(B1) 표내는곳  옆, 7번 출입구 방향",2,장애인,2,여
01,수도권,S9,9,9호선,0126,당산,TOLT,장애인화장실,2,지하,1,지하 1층,"(B1) 표내는곳  옆, 7번 출입구 방향",2,장애인,4,
01,수도권,S9,9,9호선,0126,당산,EV,일반승강기,2,지하,2,지하 2층,[3호기](3F)2호선내선(합정역방향)승강장(B2)2호선환승내선(합정역방향)에스컬레이터옆,,,,
01,수도권,S9,9,9호선,0126,당산,EV,일반승강기,2,지하,2,지하 2층,[2호기](3F)2호선외선(영등포구청역)승강장(B2)2호선환승외선(영등포구청역)방향에스컬레이터옆,,,,
01,수도권,S9,9,9호선,0126,당산,EV,일반승강기,2,지하,2,지하 2층,[1호기],,,,
01,수도권,S9,9,9호선,0126,당산,TOLT,일반화장실(남),2,지하,2,지하 2층,(B2) 서울지하철경찰대 옆,1,일반,1,남
01,수도권,S9,9,9호선,0126,당산,TOLT,일반화장실(여),2,지하,2,지하 2층,(B2) 서울지하철경찰대 옆,1,일반,2,여
01,수도권,S9,9,9호선,0126,당산,TOLT,장애인화장실(남),2,지하,2,지하 2층,(B2) 서울지하철경찰대 옆,2,장애인,1,남
01,수도권,S9,9,9호선,0126,당산,TOLT,장애인화장실(여),2,지하,2,지하 2층,(B2) 서울지하철경찰대 옆,2,장애인,2,여
01,수도권,S9,9,9호선,0126,당산,TOLT,장애인화장실,2,지하,2,지하 2층,(B2) 서울지하철경찰대 옆,2,장애인,4,
01,수도권,S9,9,9호선,0126,당산,INFO,고객센터,2,지하,2,지하 2층,(B2) 9번 출입구 방향,,,,
01,수도권,S9,9,9호선,0126,당산,EV,일반승강기,2,지하,3,지하 3층,[1호기](B1)편의점방향표내는곳내부(B2)대합실환승통로중앙(에스컬레이터14호기좌측)(B3)국회의사당역방면승강장6-4방향비승차구역,,,,
01,수도권,S9,9,9호선,0081,국회의사당,EV,일반승강기,1,지상,1,지상 1층,"[2호기](1F)2번,3번출입구사이(B2)2번,3번출입구방향",,,,
01,수도권,S9,9,9호선,0081,국회의사당,EV,일반승강기,1,지상,1,지상 1층,[4호기](1F)6번출입구옆(B2)6번출입구방향,,,,
01,수도권,S9,9,9호선,0081,국회의사당,EV,일반승강기,1,지상,1,지상 1층,"[3호기](1F)4번,5번출입구사이(B2)4번,5번출입구방향",,,,
01,수도권,S9,9,9호선,0081,국회의사당,EV,일반승강기,2,지하,1,지하 1층,"[2호기](1F) 2번, 3번 출입구 사이 
(B2) 2번, 3번 출입구 방향",,,,
01,수도권,S9,9,9호선,0081,국회의사당,EV,일반승강기,2,지하,1,지하 1층,"[3호기](1F) 4번, 5번 출입구 사이 
(B2) 4번, 5번 출입구 방향",,,,
01,수도권,S9,9,9호선,0081,국회의사당,EV,일반승강기,2,지하,1,지하 1층,"[4호기](1F) 6번 출입구 옆 
(B2) 6번 출입구 방향",,,,
01,수도권,S9,9,9호선,0081,국회의사당,EV,일반승강기,2,지하,2,지하 2층,"[2호기](1F)2번,3번출입구사이(B2)2번,3번출입구방향",,,,
01,수도권,S9,9,9호선,0081,국회의사당,EV,일반승강기,2,지하,2,지하 2층,"[3호기](1F)4번,5번출입구사이(B2)4번,5번출입구방향",,,,
01,수도권,S9,9,9호선,0081,국회의사당,EV,일반승강기,2,지하,2,지하 2층,[4호기](1F)6번출입구옆(B2)6번출입구방향,,,,
01,수도권,S9,9,9호선,0081,국회의사당,EV,일반승강기,2,지하,2,지하 2층,[1호기](B2)편의점방향표내는곳내부화장실방향(B3)당산역방향승강장5-3출입문앞,,,,
01,수도권,S9,9,9호선,0081,국회의사당,TOLT,일반화장실(남),2,지하,2,지하 2층,"(B2) 편의점 방향 표 내는 곳 내부, E/L 1호기 주변에 위치",1,일반,1,남
01,수도권,S9,9,9호선,0081,국회의사당,TOLT,일반화장실(남),2,지하,2,지하 2층,(B2)ㄷ자 형태 표 내는 곳 2번출입구 방향,1,일반,1,남
01,수도권,S9,9,9호선,0081,국회의사당,TOLT,일반화장실(여),2,지하,2,지하 2층,(B2)ㄷ자 형태 표 내는 곳 2번출입구 방향,1,일반,2,여
01,수도권,S9,9,9호선,0081,국회의사당,TOLT,일반화장실(여),2,지하,2,지하 2층,"(B2) 편의점 방향 표 내는 곳 내부, E/L 1호기 주변에 위치",1,일반,2,여
01,수도권,S9,9,9호선,0081,국회의사당,TOLT,장애인화장실(남),2,지하,2,지하 2층,"(B2) 편의점 방향 표 내는 곳 내부, E/L 1호기 주변에 위치",2,장애인,1,남
01,수도권,S9,9,9호선,0081,국회의사당,TOLT,장애인화장실(남),2,지하,2,지하 2층,(B2)ㄷ자 형태 표 내는 곳 2번출입구 방향,2,장애인,1,남
01,수도권,S9,9,9호선,0081,국회의사당,TOLT,장애인화장실(여),2,지하,2,지하 2층,"(B2) 편의점 방향 표 내는 곳 내부, E/L 1호기 주변에 위치",2,장애인,2,여
01,수도권,S9,9,9호선,0081,국회의사당,TOLT,장애인화장실(여),2,지하,2,지하 2층,(B2)ㄷ자 형태 표 내는 곳 2번출입구 방향,2,장애인,2,여
01,수도권,S9,9,9호선,0081,국회의사당,INFO,고객센터,2,지하,2,지하 2층,(B2) 편의점 측 내부 화장실 근처,,,,
01,수도권,S9,9,9호선,0081,국회의사당,EV,일반승강기,2,지하,3,지하 3층,[1호기](B2)편의점방향표내는곳내부화장실방향(B3)당산역방향승강장5-3출입문앞,,,,
01,수도권,S9,9,9호선,0412,여의도,EV,일반승강기,2,지하,1,지하 1층,[1호기](B1)편의점방면게이트통과후개화방면(B2)국회의사당역방향승강장1-1출입문옆,,,,
01,수도권,S9,9,9호선,0412,여의도,EV,일반승강기,2,지하,1,지하 1층,[2호기](B1)편의점방면게이트통과후중앙보훈병원방면(B2)샛강역방향승강장6-4출입문옆,,,,
01,수도권,S9,9,9호선,0412,여의도,TOLT,일반화장실(남),2,지하,1,지하 1층,(B1) 임대상가 앞 3번/4번 출입구 방향,1,일반,1,남
01,수도권,S9,9,9호선,0412,여의도,TOLT,일반화장실(여),2,지하,1,지하 1층,(B1) 임대상가 앞 3번/4번 출입구 방향,1,일반,2,여
01,수도권,S9,9,9호선,0412,여의도,TOLT,장애인화장실(남),2,지하,1,지하 1층,(B1) 임대상가 앞 3번/4번 출입구 방향,2,장애인,1,남
01,수도권,S9,9,9호선,0412,여의도,TOLT,장애인화장실(여),2,지하,1,지하 1층,(B1) 임대상가 앞 3번/4번 출입구 방향,2,장애인,2,여
01,수도권,S9,9,9호선,0412,여의도,TOLT,장애인화장실,2,지하,1,지하 1층,(B1) 임대상가 앞 3번/4번 출입구 방향,2,장애인,4,
01,수도권,S9,9,9호선,0412,여의도,INFO,고객센터,2,지하,1,지하 1층,(B1) 대합실 5번/6번 출입구 방향,,,,
01,수도권,S9,9,9호선,0412,여의도,EV,일반승강기,2,지하,2,지하 2층,[2호기](B1)편의점방면게이트통과후중앙보훈병원방면(B2)샛강역방향승강장6-4출입문옆,,,,
01,수도권,S9,9,9호선,0412,여의도,EV,일반승강기,2,지하,2,지하 2층,[1호기](B1)편의점방면게이트통과후개화방면(B2)국회의사당역방향승강장1-1출입문옆,,,,
01,수도권,S9,9,9호선,0412,여의도,TOLT,일반화장실(남),2,지하,2,지하 2층,(B2)국회의사당방면(하선) 승강장 3-1 PSD 앞,1,일반,1,남
01,수도권,S9,9,9호선,0412,여의도,TOLT,일반화장실(여),2,지하,2,지하 2층,(B2)국회의사당방면(하선) 승강장 3-1 PSD 앞,1,일반,2,여
01,수도권,S9,9,9호선,0412,여의도,TOLT,장애인화장실(남),2,지하,2,지하 2층,(B2)국회의사당방면(하선) 승강장 3-1 PSD 앞,2,장애인,1,남
01,수도권,S9,9,9호선,0412,여의도,TOLT,장애인화장실(여),2,지하,2,지하 2층,(B2)국회의사당방면(하선) 승강장 3-1 PSD 앞,2,장애인,2,여
01,수도권,S9,9,9호선,0412,여의도,TOLT,장애인화장실,2,지하,2,지하 2층,(B2)국회의사당방면(하선) 승강장 3-1 PSD 앞,2,장애인,4,
01,수도권,S9,9,9호선,0286,샛강,EV,일반승강기,1,지상,1,지상 1층,"[4호기](1F)3번출입구뒤(B2)표내는곳(9호선,신림선)방향,3번출입구옆",,,,
01,수도권,S9,9,9호선,0286,샛강,EV,일반승강기,1,지상,1,지상 1층,"[3호기](1F)1번~2번출입구사이(B2)표내는곳(9호선,신림선)방향,1번~2번출입구방향",,,,
01,수도권,S9,9,9호선,0286,샛강,EV,일반승강기,2,지하,1,지하 1층,"[3호기](1F) 1번~2번 출입구 사이
(B2) 표내는 곳(9호선, 신림선) 방향, 1번~2번 출입구 방향 ",,,,
01,수도권,S9,9,9호선,0286,샛강,EV,일반승강기,2,지하,1,지하 1층,"[4호기](1F) 3번 출입구 뒤
(B2) 표내는 곳(9호선, 신림선) 방향,  3번 출입구 옆",,,,
01,수도권,S9,9,9호선,0286,샛강,EV,일반승강기,2,지하,1,지하 1층,[5호기]지하2층대합실및지하1층대합실간,,,,
01,수도권,S9,9,9호선,0286,샛강,EV,일반승강기,2,지하,2,지하 2층,"[4호기](1F)3번출입구뒤(B2)표내는곳(9호선,신림선)방향,3번출입구옆",,,,
01,수도권,S9,9,9호선,0286,샛강,EV,일반승강기,2,지하,2,지하 2층,"[3호기](1F)1번~2번출입구사이(B2)표내는곳(9호선,신림선)방향,1번~2번출입구방향",,,,
01,수도권,S9,9,9호선,0286,샛강,EV,일반승강기,2,지하,2,지하 2층,[5호기]지하2층대합실및지하1층대합실간,,,,
01,수도권,S9,9,9호선,0286,샛강,EV,일반승강기,2,지하,2,지하 2층,"[1호기](B2)표내는곳(9호선,신림선)방향,1번~4번출입구방향(B3)여의도역방향승강장1-1출입문옆",,,,
01,수도권,S9,9,9호선,0286,샛강,EV,일반승강기,2,지하,2,지하 2층,"[2호기](B2)표내는곳(9호선,신림선)방향,1번~4번출입구방향(B3)노량진역방향승강장6-4출입문옆",,,,
01,수도권,S9,9,9호선,0286,샛강,TOLT,일반화장실(남),2,지하,2,지하 2층,(B2) 3번 출입구 방향,1,일반,1,남
01,수도권,S9,9,9호선,0286,샛강,TOLT,일반화장실(여),2,지하,2,지하 2층,(B2) 3번 출입구 방향,1,일반,2,여
01,수도권,S9,9,9호선,0286,샛강,TOLT,장애인화장실(남),2,지하,2,지하 2층,(B2) 3번 출입구 방향,2,장애인,1,남
01,수도권,S9,9,9호선,0286,샛강,TOLT,장애인화장실(여),2,지하,2,지하 2층,(B2) 3번 출입구 방향,2,장애인,2,여
01,수도권,S9,9,9호선,0286,샛강,INFO,고객센터,2,지하,2,지하 2층,(B2) 표 내는 곳 옆,,,,
01,수도권,S9,9,9호선,0286,샛강,EV,일반승강기,2,지하,3,지하 3층,"[2호기](B2)표내는곳(9호선,신림선)방향,1번~4번출입구방향(B3)노량진역방향승강장6-4출입문옆",,,,
01,수도권,S9,9,9호선,0286,샛강,EV,일반승강기,2,지하,3,지하 3층,"[1호기](B2)표내는곳(9호선,신림선)방향,1번~4번출입구방향(B3)여의도역방향승강장1-1출입문옆",,,,
01,수도권,S9,9,9호선,0114,노량진,EV,일반승강기,1,지상,1,지상 1층,"[3호기](1F)8번출입구옆(B1)9호선표내는곳방향,8번출입구방향",,,,
01,수도권,S9,9,9호선,0114,노량진,EV,일반승강기,1,지상,1,지상 1층,"[4호기](1F)5번~6번출입구사이(B1)9호선표내는곳방향,5번~6번출입구방향,화장실방향",,,,
01,수도권,S9,9,9호선,0114,노량진,EV,일반승강기,1,지상,1,지상 1층,"[8호기](1F)1호선용산역방향승강장(5번홈)7-1출입문앞(B1)9호선,1호선환승통로",,,,
01,수도권,S9,9,9호선,0114,노량진,EV,일반승강기,1,지상,1,지상 1층,"[6호기](1F)1호선용산특급,급행승강장(2번홈)6-4출입문앞(B1)9호선,1호선환승통로",,,,
01,수도권,S9,9,9호선,0114,노량진,EV,일반승강기,1,지상,1,지상 1층,"[7호기](1F)1호선대방역방향승강장(4번홈)4-4출입문앞(B1)9호선,1호선환승통로",,,,
01,수도권,S9,9,9호선,0114,노량진,EV,일반승강기,1,지상,1,지상 1층,"[5호기](1F)1호선동인천특급,급행승강장(1번홈)4-4출입문앞(B1)9호선-1호선환승통로",,,,
01,수도권,S9,9,9호선,0114,노량진,EV,일반승강기,2,지하,1,지하 1층,"[5호기](1F)1호선동인천특급,급행승강장(1번홈)4-4출입문앞(B1)9호선-1호선환승통로",,,,
01,수도권,S9,9,9호선,0114,노량진,EV,일반승강기,2,지하,1,지하 1층,"[8호기](1F)1호선용산역방향승강장(5번홈)7-1출입문앞(B1)9호선,1호선환승통로",,,,
01,수도권,S9,9,9호선,0114,노량진,EV,일반승강기,2,지하,1,지하 1층,"[7호기](1F)1호선대방역방향승강장(4번홈)4-4출입문앞(B1)9호선,1호선환승통로",,,,
01,수도권,S9,9,9호선,0114,노량진,EV,일반승강기,2,지하,1,지하 1층,"[3호기](1F)8번출입구옆(B1)9호선표내는곳방향,8번출입구방향",,,,
01,수도권,S9,9,9호선,0114,노량진,EV,일반승강기,2,지하,1,지하 1층,"[4호기](1F)5번~6번출입구사이(B1)9호선표내는곳방향,5번~6번출입구방향,화장실방향",,,,
01,수도권,S9,9,9호선,0114,노량진,EV,일반승강기,2,지하,1,지하 1층,"[6호기](1F)1호선용산특급,급행승강장(2번홈)6-4출입문앞(B1)9호선,1호선환승통로",,,,
01,수도권,S9,9,9호선,0114,노량진,EV,일반승강기,2,지하,1,지하 1층,"[1호기](B1)표내는곳옆,1호선환승방향(B2)샛강역방향승강장4-1출입문앞",,,,
01,수도권,S9,9,9호선,0114,노량진,EV,일반승강기,2,지하,1,지하 1층,"[2호기](B1)표내는곳옆,1호선환승방향(B2)노들역방향승강장3-4출입문앞",,,,
01,수도권,S9,9,9호선,0114,노량진,ELEC,전동휠체어충전설비,2,지하,1,지하 1층,(B1) 3-1 출입구 방향 ,,,,
01,수도권,S9,9,9호선,0114,노량진,TOLT,일반화장실(남),2,지하,1,지하 1층,"(B1) 5,6 번 출구 연결통로",1,일반,1,남
01,수도권,S9,9,9호선,0114,노량진,TOLT,일반화장실(남),2,지하,1,지하 1층,(B1) 안전관리실 앞,1,일반,1,남
01,수도권,S9,9,9호선,0114,노량진,TOLT,일반화장실(남),2,지하,1,지하 1층,(B1) 3번 출구 옆,1,일반,1,남
01,수도권,S9,9,9호선,0114,노량진,TOLT,일반화장실(여),2,지하,1,지하 1층,(B1) 3번 출구 옆,1,일반,2,여
01,수도권,S9,9,9호선,0114,노량진,TOLT,일반화장실(여),2,지하,1,지하 1층,"(B1) 5,6 번 출구 연결통로",1,일반,2,여
01,수도권,S9,9,9호선,0114,노량진,TOLT,일반화장실(여),2,지하,1,지하 1층,(B1) 안전관리실 앞,1,일반,2,여
01,수도권,S9,9,9호선,0114,노량진,TOLT,장애인화장실(남),2,지하,1,지하 1층,(B1) 안전관리실 앞,2,장애인,1,남
01,수도권,S9,9,9호선,0114,노량진,TOLT,장애인화장실(남),2,지하,1,지하 1층,"(B1) 5,6 번 출구 연결통로",2,장애인,1,남
01,수도권,S9,9,9호선,0114,노량진,TOLT,장애인화장실(남),2,지하,1,지하 1층,(B1) 3번 출구 옆,2,장애인,1,남
01,수도권,S9,9,9호선,0114,노량진,TOLT,장애인화장실(여),2,지하,1,지하 1층,(B1) 3번 출구 옆,2,장애인,2,여
01,수도권,S9,9,9호선,0114,노량진,TOLT,장애인화장실(여),2,지하,1,지하 1층,(B1) 안전관리실 앞,2,장애인,2,여
01,수도권,S9,9,9호선,0114,노량진,TOLT,장애인화장실(여),2,지하,1,지하 1층,"(B1) 5,6 번 출구 연결통로",2,장애인,2,여
01,수도권,S9,9,9호선,0114,노량진,INFO,고객센터,2,지하,1,지하 1층,(B1) 3-1 출입구 방면 표내는 곳 옆,,,,
01,수도권,S9,9,9호선,0114,노량진,EV,일반승강기,2,지하,2,지하 2층,"[1호기](B1)표내는곳옆,1호선환승방향(B2)샛강역방향승강장4-1출입문앞",,,,
01,수도권,S9,9,9호선,0114,노량진,EV,일반승강기,2,지하,2,지하 2층,"[2호기](B1)표내는곳옆,1호선환승방향(B2)노들역방향승강장3-4출입문앞",,,,
01,수도권,S9,9,9호선,0113,노들,EV,일반승강기,1,지상,1,지상 1층,"[3호기](1F)1,5번출입구사이중간지점(B1)1번출구방향국민은행ATM기옆",,,,
01,수도권,S9,9,9호선,0113,노들,EV,일반승강기,1,지상,1,지상 1층,[6호기](1F)5번출입구뒤(B1)5번출입구방향,,,,
01,수도권,S9,9,9호선,0113,노들,EV,일반승강기,1,지상,1,지상 1층,[5호기](1F)3번출입구뒤(중층)3번출입구방향,,,,
01,수도권,S9,9,9호선,0113,노들,EV,일반승강기,2,지하,0.5,지하 0.5층,[5호기](1F)3번출입구뒤(중층)3번출입구방향,,,,
01,수도권,S9,9,9호선,0113,노들,EV,일반승강기,2,지하,0.5,지하 0.5층,"[4호기](중층)3,4번출입구연결통로(B1)3,4번출구방향,에스컬레이터9,10호기옆",,,,
01,수도권,S9,9,9호선,0113,노들,EV,일반승강기,2,지하,1,지하 1층,[6호기](1F)5번출입구뒤(B1)5번출입구방향,,,,
01,수도권,S9,9,9호선,0113,노들,EV,일반승강기,2,지하,1,지하 1층,"[3호기](1F)1,5번출입구사이중간지점(B1)1번출구방향국민은행ATM기옆",,,,
01,수도권,S9,9,9호선,0113,노들,EV,일반승강기,2,지하,1,지하 1층,"[4호기](중층)3,4번출입구연결통로(B1)3,4번출구방향,에스컬레이터9,10호기옆",,,,
01,수도권,S9,9,9호선,0113,노들,EV,일반승강기,2,지하,1,지하 1층,[1호기](B2)노량진역방향승강장3-2출입문앞(B1)표내는곳내측대합실노량진역승강장방향,,,,
01,수도권,S9,9,9호선,0113,노들,EV,일반승강기,2,지하,1,지하 1층,[2호기](B2)흑석역방향승강장4-4출입문앞(B1)표내는곳내측대합실흑석역승강장방향,,,,
01,수도권,S9,9,9호선,0113,노들,TOLT,일반화장실(남),2,지하,1,지하 1층,(B1) 편의점 방향 표내는 곳 옆,1,일반,1,남
01,수도권,S9,9,9호선,0113,노들,TOLT,일반화장실(여),2,지하,1,지하 1층,(B1) 편의점 방향 표내는 곳 옆,1,일반,2,여
01,수도권,S9,9,9호선,0113,노들,TOLT,장애인화장실(남),2,지하,1,지하 1층,(B1) 편의점 방향 표내는 곳 옆,2,장애인,1,남
01,수도권,S9,9,9호선,0113,노들,TOLT,장애인화장실(여),2,지하,1,지하 1층,(B1) 편의점 방향 표내는 곳 옆,2,장애인,2,여
01,수도권,S9,9,9호선,0113,노들,INFO,고객센터,2,지하,1,지하 1층,"(B1) 대합실 1,5번 출입구 방향 표내는 곳 옆",,,,
01,수도권,S9,9,9호선,0113,노들,EV,일반승강기,2,지하,2,지하 2층,[1호기](B2)노량진역방향승강장3-2출입문앞(B1)표내는곳내측대합실노량진역승강장방향,,,,
01,수도권,S9,9,9호선,0113,노들,EV,일반승강기,2,지하,2,지하 2층,[2호기](B2)흑석역방향승강장4-4출입문앞(B1)표내는곳내측대합실흑석역승강장방향,,,,
01,수도권,S9,9,9호선,0610,흑석,EV,일반승강기,1,지상,1,지상 1층,"[4호기](1F)3,4번출입구사이(B1)표내는곳방향,3,4번출입구방향",,,,
01,수도권,S9,9,9호선,0610,흑석,EV,일반승강기,1,지상,1,지상 1층,"[3호기](1F)1,2번출입구사이(B1)표내는곳방향,2번출입구방향",,,,
01,수도권,S9,9,9호선,0610,흑석,EV,일반승강기,2,지하,1,지하 1층,"[4호기](1F)3,4번출입구사이(B1)표내는곳방향,3,4번출입구방향",,,,
01,수도권,S9,9,9호선,0610,흑석,EV,일반승강기,2,지하,1,지하 1층,"[3호기](1F)1,2번출입구사이(B1)표내는곳방향,2번출입구방향",,,,
01,수도권,S9,9,9호선,0610,흑석,EV,일반승강기,2,지하,1,지하 1층,[2호기](B1)표내는곳방향(B2)동작역방향승강장4-2출입문앞,,,,
01,수도권,S9,9,9호선,0610,흑석,EV,일반승강기,2,지하,1,지하 1층,[1호기](B1)표내는곳방향(B2)노들역방향승강장3-3출입문앞,,,,
01,수도권,S9,9,9호선,0610,흑석,TOLT,일반화장실(남),2,지하,1,지하 1층,"(B1) 1번출구 하단부 옆, 생태공원 부근",1,일반,1,남
01,수도권,S9,9,9호선,0610,흑석,TOLT,일반화장실(여),2,지하,1,지하 1층,"(B1) 1번출구 하단부 옆, 생태공원 부근",1,일반,2,여
01,수도권,S9,9,9호선,0610,흑석,TOLT,장애인화장실(남),2,지하,1,지하 1층,"(B1) 1번출구 하단부 옆, 생태공원 부근",2,장애인,1,남
01,수도권,S9,9,9호선,0610,흑석,TOLT,장애인화장실(여),2,지하,1,지하 1층,"(B1) 1번출구 하단부 옆, 생태공원 부근",2,장애인,2,여
01,수도권,S9,9,9호선,0610,흑석,INFO,고객센터,2,지하,1,지하 1층,(B1) 게이트 옆(PAID구역),,,,
01,수도권,S9,9,9호선,0610,흑석,EV,일반승강기,2,지하,2,지하 2층,[1호기](B1)표내는곳방향(B2)노들역방향승강장3-3출입문앞,,,,
01,수도권,S9,9,9호선,0610,흑석,EV,일반승강기,2,지하,2,지하 2층,[2호기](B1)표내는곳방향(B2)동작역방향승강장4-2출입문앞,,,,
01,수도권,S9,9,9호선,0167,동작,EV,일반승강기,1,지상,1,지상 1층,"[5호기](1F)5번출입구옆(B1)5번~8번출입구방향(B2)9호선표내는곳방향,5번~8번출입구방향",,,,
01,수도권,S9,9,9호선,0167,동작,EV,일반승강기,1,지상,1,지상 1층,[7호기](B1)7번~8번출입구방향(1F)7번~8번출입구사이,,,,
01,수도권,S9,9,9호선,0167,동작,EV,일반승강기,1,지상,1,지상 1층,"[6호기](B2)9호선환승방향,5번~9번출입구방향(1F)환승표내는곳앞,1번~4번출입구방향",,,,
01,수도권,S9,9,9호선,0167,동작,EV,일반승강기,2,지하,1,지하 1층,[7호기](B1)7번~8번출입구방향(1F)7번~8번출입구사이,,,,
01,수도권,S9,9,9호선,0167,동작,EV,일반승강기,2,지하,1,지하 1층,"[5호기](1F) 5번출입구 옆
(B1) 5번~8번 출입구 방향
(B2) 9호선 표내는 곳 방향, 5번~8번 출입구 방향",,,,
01,수도권,S9,9,9호선,0167,동작,EV,일반승강기,2,지하,1,지하 1층,"[6호기](B2) 9호선 환승방향, 5번~9번 출입구 방향
(1F) 환승 표내는곳 앞, 1번~4번 출입구 방향",,,,
01,수도권,S9,9,9호선,0167,동작,EV,일반승강기,2,지하,2,지하 2층,"[5호기](1F)5번출입구옆(B1)5번~8번출입구방향(B2)9호선표내는곳방향,5번~8번출입구방향",,,,
01,수도권,S9,9,9호선,0167,동작,EV,일반승강기,2,지하,2,지하 2층,"[6호기](B2)9호선환승방향,5번~9번출입구방향(1F)환승표내는곳앞,1번~4번출입구방향",,,,
01,수도권,S9,9,9호선,0167,동작,EV,일반승강기,2,지하,2,지하 2층,"[1호기](B2)표내는곳앞,5~9번출입구방향(B3)흑석역방향승강장2-1출입문앞",,,,
01,수도권,S9,9,9호선,0167,동작,EV,일반승강기,2,지하,2,지하 2층,"[4호기](B2)4,9호선환승통로,1번~9번출입구방향(B3)구반포역방향승강장1-2출입문앞",,,,
01,수도권,S9,9,9호선,0167,동작,EV,일반승강기,2,지하,2,지하 2층,"[3호기](B2)4,9호선환승통로,1번~9번출입구방향(B3)흑석역방향승강장6-2출입문앞",,,,
01,수도권,S9,9,9호선,0167,동작,EV,일반승강기,2,지하,2,지하 2층,"[2호기](B2)표내는곳앞,5~9번출입구방향(B3)구반포역방향승강장5-3출입문앞",,,,
01,수도권,S9,9,9호선,0167,동작,TOLT,일반화장실(남),2,지하,2,지하 2층,(B2) 대합실 9번 출입구 방향,1,일반,1,남
01,수도권,S9,9,9호선,0167,동작,TOLT,일반화장실(남),2,지하,2,지하 2층,(B2) 표 내는 곳 내 우측 통로 방향 ,1,일반,1,남
01,수도권,S9,9,9호선,0167,동작,TOLT,일반화장실(여),2,지하,2,지하 2층,(B2) 대합실 9번 출입구 방향,1,일반,2,여
01,수도권,S9,9,9호선,0167,동작,TOLT,일반화장실(여),2,지하,2,지하 2층,(B2) 표 내는 곳 내 우측 통로 방향 ,1,일반,2,여
01,수도권,S9,9,9호선,0167,동작,TOLT,장애인화장실(남),2,지하,2,지하 2층,(B2) 대합실 9번 출입구 방향,2,장애인,1,남
01,수도권,S9,9,9호선,0167,동작,TOLT,장애인화장실(남),2,지하,2,지하 2층,(B2) 표 내는 곳 내 우측 통로 방향 ,2,장애인,1,남
01,수도권,S9,9,9호선,0167,동작,TOLT,장애인화장실(여),2,지하,2,지하 2층,(B2) 표 내는 곳 내 우측 통로 방향 ,2,장애인,2,여
01,수도권,S9,9,9호선,0167,동작,TOLT,장애인화장실(여),2,지하,2,지하 2층,(B2) 대합실 9번 출입구 방향,2,장애인,2,여
01,수도권,S9,9,9호선,0167,동작,INFO,고객센터,2,지하,2,지하 2층,(B2) 대합실,,,,
01,수도권,S9,9,9호선,0167,동작,EV,일반승강기,2,지하,3,지하 3층,"[3호기](B2)4,9호선환승통로,1번~9번출입구방향(B3)흑석역방향승강장6-2출입문앞",,,,
01,수도권,S9,9,9호선,0167,동작,EV,일반승강기,2,지하,3,지하 3층,"[2호기](B2)표내는곳앞,5~9번출입구방향(B3)구반포역방향승강장5-3출입문앞",,,,
01,수도권,S9,9,9호선,0167,동작,EV,일반승강기,2,지하,3,지하 3층,"[1호기](B2)표내는곳앞,5~9번출입구방향(B3)흑석역방향승강장2-1출입문앞",,,,
01,수도권,S9,9,9호선,0167,동작,EV,일반승강기,2,지하,3,지하 3층,"[4호기](B2)4,9호선환승통로,1번~9번출입구방향(B3)구반포역방향승강장1-2출입문앞",,,,
01,수도권,S9,9,9호선,0073,구반포,EV,일반승강기,1,지상,1,지상 1층,[3호기](1F)2번~3번출입구사이(B1)기능실1출입문앞,,,,
01,수도권,S9,9,9호선,0073,구반포,EV,일반승강기,2,지하,1,지하 1층,[3호기],,,,
01,수도권,S9,9,9호선,0073,구반포,TOLT,일반화장실(남),2,지하,1,지하 1층,(B1) GS 편의점 옆 통로,1,일반,1,남
01,수도권,S9,9,9호선,0073,구반포,TOLT,일반화장실(여),2,지하,1,지하 1층,(B1) GS 편의점 옆 통로,1,일반,2,여
01,수도권,S9,9,9호선,0073,구반포,TOLT,장애인화장실(남),2,지하,1,지하 1층,(B1) GS 편의점 옆 통로,2,장애인,1,남
01,수도권,S9,9,9호선,0073,구반포,TOLT,장애인화장실(여),2,지하,1,지하 1층,(B1) GS 편의점 옆 통로,2,장애인,2,여
01,수도권,S9,9,9호선,0073,구반포,INFO,고객센터,2,지하,1,지하 1층,(B1) 대합실 개찰구 옆,,,,
01,수도권,S9,9,9호선,0073,구반포,EV,일반승강기,2,지하,2,지하 2층,[3호기](1F)2번~3번출입구사이(B1)기능실1출입문앞,,,,
01,수도권,S9,9,9호선,0073,구반포,EV,일반승강기,2,지하,2,지하 2층,[1호기](B1)표내는곳방향(B2)동작역방향승강장2-1출입문앞,,,,
01,수도권,S9,9,9호선,0073,구반포,EV,일반승강기,2,지하,2,지하 2층,[2호기](B1)표내는곳방향(B2)고속터미널역방향승강장5-4출입문앞,,,,
01,수도권,S9,9,9호선,0073,구반포,EV,일반승강기,2,지하,3,지하 3층,[1호기](B1)표내는곳방향(B2)동작역방향승강장2-1출입문앞,,,,
01,수도권,S9,9,9호선,0073,구반포,EV,일반승강기,2,지하,3,지하 3층,[2호기](B1)표내는곳방향(B2)고속터미널역방향승강장5-4출입문앞,,,,
01,수도권,S9,9,9호선,0363,신반포,EV,일반승강기,1,지상,1,지상 1층,"[4호기](1F)3번,4번출입구사이(B1)3번출구방향",,,,
01,수도권,S9,9,9호선,0363,신반포,EV,일반승강기,1,지상,1,지상 1층,"[3호기](1F)1번,2번출입구사이(B1)1번,2번출구방향",,,,
01,수도권,S9,9,9호선,0363,신반포,EV,일반승강기,2,지하,1,지하 1층,"[4호기](1F)3번,4번출입구사이(B1)3번출구방향",,,,
01,수도권,S9,9,9호선,0363,신반포,EV,일반승강기,2,지하,1,지하 1층,"[3호기](1F)1번,2번출입구사이(B1)1번,2번출구방향",,,,
01,수도권,S9,9,9호선,0363,신반포,EV,일반승강기,2,지하,1,지하 1층,[2호기](B1)표내는곳방향(B2)고속터미널방향승강장3-4출입문앞,,,,
01,수도권,S9,9,9호선,0363,신반포,EV,일반승강기,2,지하,1,지하 1층,[1호기](B1)표내는곳방향(B2)구반포방향승강장3-4출입문앞,,,,
01,수도권,S9,9,9호선,0363,신반포,TOLT,일반화장실(남),2,지하,1,지하 1층,(B1) 안전관리실 옆 통로,1,일반,1,남
01,수도권,S9,9,9호선,0363,신반포,TOLT,일반화장실(여),2,지하,1,지하 1층,(B1) 안전관리실 옆 통로,1,일반,2,여
01,수도권,S9,9,9호선,0363,신반포,TOLT,장애인화장실(남),2,지하,1,지하 1층,(B1) 안전관리실 옆 통로,2,장애인,1,남
01,수도권,S9,9,9호선,0363,신반포,TOLT,장애인화장실(여),2,지하,1,지하 1층,(B1) 안전관리실 옆 통로,2,장애인,2,여
01,수도권,S9,9,9호선,0363,신반포,INFO,고객센터,2,지하,1,지하 1층,(B1) 표내는곳 옆,,,,
01,수도권,S9,9,9호선,0363,신반포,EV,일반승강기,2,지하,2,지하 2층,[1호기](B1)표내는곳방향(B2)구반포방향승강장3-4출입문앞,,,,
01,수도권,S9,9,9호선,0363,신반포,EV,일반승강기,2,지하,2,지하 2층,[2호기](B1)표내는곳방향(B2)고속터미널방향승강장3-4출입문앞,,,,
01,수도권,S9,9,9호선,0048,고속터미널,EV,일반승강기,1,지상,1,지상 1층,[4호기](1F)8-1번출입구뒤(B1)8-1번출구(B1)옆(B2)PS실출입문옆,,,,
01,수도권,S9,9,9호선,0048,고속터미널,EV,일반승강기,1,지상,1,지상 1층,[3호기](1F)1번출입구뒤반포지구대앞(B1)1번출구방향(B2)표내는곳옆,,,,
01,수도권,S9,9,9호선,0048,고속터미널,EV,일반승강기,2,지하,1,지하 1층,[5호기]지하상가및지하1층대합실간,,,,
01,수도권,S9,9,9호선,0048,고속터미널,EV,일반승강기,2,지하,1,지하 1층,[4호기],,,,
01,수도권,S9,9,9호선,0048,고속터미널,EV,일반승강기,2,지하,1,지하 1층,[3호기],,,,
01,수도권,S9,9,9호선,0048,고속터미널,EV,일반승강기,2,지하,1,지하 1층,[5호기]지하상가및지하1층대합실간,,,,
01,수도권,S9,9,9호선,0048,고속터미널,TOLT,일반화장실(남),2,지하,1,지하 1층,(B1) 1번 출구 옆,1,일반,1,남
01,수도권,S9,9,9호선,0048,고속터미널,TOLT,일반화장실(남),2,지하,1,지하 1층,(B1) 8-1번 출구 옆,1,일반,1,남
01,수도권,S9,9,9호선,0048,고속터미널,TOLT,일반화장실(여),2,지하,1,지하 1층,(B1) 8-1번 출구 옆,1,일반,2,여
01,수도권,S9,9,9호선,0048,고속터미널,TOLT,일반화장실(여),2,지하,1,지하 1층,(B1) 1번 출구 옆,1,일반,2,여
01,수도권,S9,9,9호선,0048,고속터미널,TOLT,장애인화장실(남),2,지하,1,지하 1층,(B1) 8-1번 출구 옆,2,장애인,1,남
01,수도권,S9,9,9호선,0048,고속터미널,TOLT,장애인화장실(남),2,지하,1,지하 1층,(B1) 1번 출구 옆,2,장애인,1,남
01,수도권,S9,9,9호선,0048,고속터미널,TOLT,장애인화장실(여),2,지하,1,지하 1층,(B1) 1번 출구 옆,2,장애인,2,여
01,수도권,S9,9,9호선,0048,고속터미널,TOLT,장애인화장실(여),2,지하,1,지하 1층,(B1) 8-1번 출구 옆,2,장애인,2,여
01,수도권,S9,9,9호선,0048,고속터미널,EV,일반승강기,2,지하,2,지하 2층,[3호기](1F)1번출입구뒤반포지구대앞(B1)1번출구방향(B2)표내는곳옆,,,,
01,수도권,S9,9,9호선,0048,고속터미널,EV,일반승강기,2,지하,2,지하 2층,[4호기](1F)8-1번출입구뒤(B1)8-1번출구(B1)옆(B2)PS실출입문옆,,,,
01,수도권,S9,9,9호선,0048,고속터미널,EV,일반승강기,2,지하,2,지하 2층,[1호기](B2)9호선안전관리실뒤(B4)전기실옆(B5)신반포역방향승강장4-4출입문앞,,,,
01,수도권,S9,9,9호선,0048,고속터미널,EV,일반승강기,2,지하,2,지하 2층,[2호기](B2)표내는곳화장실옆(B4)공연장앞(B5)사평역방면승강장1-1출입문앞,,,,
01,수도권,S9,9,9호선,0048,고속터미널,ELEC,전동휠체어충전설비,2,지하,2,지하 2층,"(B2)안전관리실 앞 대합실, E/V4호기 부근",,,,
01,수도권,S9,9,9호선,0048,고속터미널,TOLT,일반화장실(남),2,지하,2,지하 2층,(B2) 표 내는 곳 옆,1,일반,1,남
01,수도권,S9,9,9호선,0048,고속터미널,TOLT,일반화장실(남),2,지하,2,지하 2층,(B2) 표 내는 곳 앞,1,일반,1,남
01,수도권,S9,9,9호선,0048,고속터미널,TOLT,일반화장실(여),2,지하,2,지하 2층,(B2) 표 내는 곳 옆,1,일반,2,여
01,수도권,S9,9,9호선,0048,고속터미널,TOLT,일반화장실(여),2,지하,2,지하 2층,(B2) 표 내는 곳 앞,1,일반,2,여
01,수도권,S9,9,9호선,0048,고속터미널,TOLT,장애인화장실(남),2,지하,2,지하 2층,(B2) 표 내는 곳 옆,2,장애인,1,남
01,수도권,S9,9,9호선,0048,고속터미널,TOLT,장애인화장실(남),2,지하,2,지하 2층,(B2) 표 내는 곳 앞,2,장애인,1,남
01,수도권,S9,9,9호선,0048,고속터미널,TOLT,장애인화장실(여),2,지하,2,지하 2층,(B2) 표 내는 곳 옆,2,장애인,2,여
01,수도권,S9,9,9호선,0048,고속터미널,TOLT,장애인화장실(여),2,지하,2,지하 2층,(B2) 표 내는 곳 앞,2,장애인,2,여
01,수도권,S9,9,9호선,0048,고속터미널,INFO,고객센터,2,지하,2,지하 2층,(B2) 대합실 9호선 게이트 근처,,,,
01,수도권,S9,9,9호선,0048,고속터미널,EV,일반승강기,2,지하,3,지하 3층,[2호기],,,,
01,수도권,S9,9,9호선,0048,고속터미널,EV,일반승강기,2,지하,3,지하 3층,[1호기],,,,
01,수도권,S9,9,9호선,0048,고속터미널,EV,일반승강기,2,지하,4,지하 4층,[2호기],,,,
01,수도권,S9,9,9호선,0048,고속터미널,EV,일반승강기,2,지하,4,지하 4층,[1호기],,,,
01,수도권,S9,9,9호선,0048,고속터미널,EV,일반승강기,2,지하,5,지하 5층,[2호기](B2)표내는곳화장실옆(B4)공연장앞(B5)사평역방면승강장1-1출입문앞,,,,
01,수도권,S9,9,9호선,0048,고속터미널,EV,일반승강기,2,지하,5,지하 5층,[1호기](B2)9호선안전관리실뒤(B4)전기실옆(B5)신반포역방향승강장4-4출입문앞,,,,
01,수도권,S9,9,9호선,0259,사평,EV,일반승강기,1,지상,1,지상 1층,[4호기](1F)2번출입구앞(B1)2번출구방향,,,,
01,수도권,S9,9,9호선,0259,사평,EV,일반승강기,1,지상,1,지상 1층,"[3호기](1F)1번출입구사평로방향(M1)1번출입구옆(B1)1번출구방향,화장실방향",,,,
01,수도권,S9,9,9호선,0259,사평,EV,일반승강기,2,지하,1,지하 1층,[4호기](1F)2번출입구앞(B1)2번출구방향,,,,
01,수도권,S9,9,9호선,0259,사평,EV,일반승강기,2,지하,1,지하 1층,"[3호기](1F)1번출입구사평로방향(M1)1번출입구옆(B1)1번출구방향,화장실방향",,,,
01,수도권,S9,9,9호선,0259,사평,EV,일반승강기,2,지하,1,지하 1층,[1호기](B1)표내는곳방향(B2)고속터미널역방향중층연결통로(B3)고속터미널역방향승강장4-2출입문앞,,,,
01,수도권,S9,9,9호선,0259,사평,EV,일반승강기,2,지하,1,지하 1층,[2호기](B1)표내는곳방향(B2)신논현역방향중층연결통로(B3)신논현역방향승강장4-1출입문앞,,,,
01,수도권,S9,9,9호선,0259,사평,TOLT,일반화장실(남),2,지하,1,지하 1층,(B1) 1번 출입구 방향,1,일반,1,남
01,수도권,S9,9,9호선,0259,사평,TOLT,일반화장실(여),2,지하,1,지하 1층,(B1) 1번 출입구 방향,1,일반,2,여
01,수도권,S9,9,9호선,0259,사평,TOLT,장애인화장실(남),2,지하,1,지하 1층,(B1) 1번 출입구 방향,2,장애인,1,남
01,수도권,S9,9,9호선,0259,사평,TOLT,장애인화장실(여),2,지하,1,지하 1층,(B1) 1번 출입구 방향,2,장애인,2,여
01,수도권,S9,9,9호선,0259,사평,INFO,고객센터,2,지하,1,지하 1층,(B1) 대합실 1번 출입구 방향,,,,
01,수도권,S9,9,9호선,0259,사평,EV,일반승강기,2,지하,2,지하 2층,[1호기],,,,
01,수도권,S9,9,9호선,0259,사평,EV,일반승강기,2,지하,2,지하 2층,[2호기],,,,
01,수도권,S9,9,9호선,0259,사평,EV,일반승강기,2,지하,3,지하 3층,[2호기](B1)표내는곳방향(B2)신논현역방향중층연결통로(B3)신논현역방향승강장4-1출입문앞,,,,
01,수도권,S9,9,9호선,0259,사평,EV,일반승강기,2,지하,3,지하 3층,[1호기](B1)표내는곳방향(B2)고속터미널역방향중층연결통로(B3)고속터미널역방향승강장4-2출입문앞,,,,
01,수도권,S9,9,9호선,0354,신논현,EV,일반승강기,1,지상,1,지상 1층,"[4호기](1F)8,9번출입구사이교보타워앞(B2)8번출구방향",,,,
01,수도권,S9,9,9호선,0354,신논현,EV,일반승강기,1,지상,1,지상 1층,"[3호기](1F)1,2번출입구사이사평역방향(B2)2번출구방향",,,,
01,수도권,S9,9,9호선,0354,신논현,EV,일반승강기,2,지하,1,지하 1층,[5호기],,,,
01,수도권,S9,9,9호선,0354,신논현,EV,일반승강기,2,지하,1,지하 1층,[3호기],,,,
01,수도권,S9,9,9호선,0354,신논현,EV,일반승강기,2,지하,2,지하 2층,"[3호기](1F)1,2번출입구사이사평역방향(B2)2번출구방향",,,,
01,수도권,S9,9,9호선,0354,신논현,EV,일반승강기,2,지하,2,지하 2층,"[4호기](1F)8,9번출입구사이교보타워앞(B2)8번출구방향",,,,
01,수도권,S9,9,9호선,0354,신논현,EV,일반승강기,2,지하,2,지하 2층,[2호기](B2)표내는곳방향(B3)신분당선연결통로(B4)언주역방향승강장4-1출입문앞,,,,
01,수도권,S9,9,9호선,0354,신논현,EV,일반승강기,2,지하,2,지하 2층,[1호기](B2)표내는곳방향(B3)신분당선연결통로(B4)고속터미널방향(급행)승강장3-4출입문앞,,,,
01,수도권,S9,9,9호선,0354,신논현,TOLT,일반화장실(남),2,지하,2,지하 2층,(B2) 5번 출입구 방향,1,일반,1,남
01,수도권,S9,9,9호선,0354,신논현,TOLT,일반화장실(여),2,지하,2,지하 2층,(B2) 5번 출입구 방향,1,일반,2,여
01,수도권,S9,9,9호선,0354,신논현,TOLT,장애인화장실(남),2,지하,2,지하 2층,(B2) 5번 출입구 방향,2,장애인,1,남
01,수도권,S9,9,9호선,0354,신논현,TOLT,장애인화장실(여),2,지하,2,지하 2층,(B2) 5번 출입구 방향,2,장애인,2,여
01,수도권,S9,9,9호선,0354,신논현,INFO,고객센터,2,지하,2,지하 2층,(B2) 대합실 9호선 게이트 근처,,,,
01,수도권,S9,9,9호선,0354,신논현,EV,일반승강기,2,지하,3,지하 3층,[1호기],,,,
01,수도권,S9,9,9호선,0354,신논현,EV,일반승강기,2,지하,3,지하 3층,[2호기],,,,
01,수도권,S9,9,9호선,0354,신논현,EV,일반승강기,2,지하,4,지하 4층,[2호기](B2)표내는곳방향(B3)신분당선연결통로(B4)언주역방향승강장4-1출입문앞,,,,
01,수도권,S9,9,9호선,0354,신논현,EV,일반승강기,2,지하,4,지하 4층,[1호기](B2)표내는곳방향(B3)신분당선연결통로(B4)고속터미널방향(급행)승강장3-4출입문앞,,,,
01,수도권,S9,9,9호선,0410,언주,INFO,고객센터,2,지하,1,지하 1층,(B1) 대합실 표 내는곳 옆,,,,
01,수도권,S9,9,9호선,0410,언주,LARM,수유실,2,지하,1,지하 1층,"(B1) 대합실 화장실 앞, 3번/4번 출입구 옆",,,,
01,수도권,S9,9,9호선,0410,언주,EV,일반승강기,2,지하,2,지하 2층,[1호기]1번 출구와 8번 출구 사이,,,,
01,수도권,S9,9,9호선,0410,언주,EV,일반승강기,2,지하,2,지하 2층,[2호기]1번 출구와 8번 출구 사이,,,,
01,수도권,S9,9,9호선,0410,언주,EV,일반승강기,2,지하,3,지하 3층,[1호기]1번 출구와 8번 출구 사이,,,,
01,수도권,S9,9,9호선,0410,언주,EV,일반승강기,2,지하,3,지하 3층,[2호기]1번 출구와 8번 출구 사이,,,,
01,수도권,S9,9,9호선,0410,언주,EV,일반승강기,2,지하,4,지하 4층,[1호기]1번 출구와 8번 출구 사이,,,,
01,수도권,S9,9,9호선,0410,언주,EV,일반승강기,2,지하,4,지하 4층,[2호기]1번 출구와 8번 출구 사이,,,,
01,수도권,S9,9,9호선,0309,선정릉,INFO,고객센터,2,지하,1,지하 1층,(B1) 대합실 3번 출입구 방향,,,,
01,수도권,S9,9,9호선,0309,선정릉,EV,일반승강기,2,지하,2,지하 2층,[2호기]1번 출구와 4번 출구 사이,,,,
01,수도권,S9,9,9호선,0309,선정릉,EV,일반승강기,2,지하,2,지하 2층,[4호기]1번 출구와 4번 출구 사이,,,,
01,수도권,S9,9,9호선,0309,선정릉,EV,일반승강기,2,지하,2,지하 2층,[1호기]1번 출구와 4번 출구 사이,,,,
01,수도권,S9,9,9호선,0309,선정릉,EV,일반승강기,2,지하,2,지하 2층,[3호기]1번 출구와 4번 출구 사이,,,,
01,수도권,S9,9,9호선,0267,삼성중앙,INFO,고객센터,2,지하,1,지하 1층,(B1) 대합실 1번 출입구 방향,,,,
01,수도권,S9,9,9호선,0267,삼성중앙,LARM,수유실,2,지하,1,지하 1층,(B1) 고객안전실 맞은편,,,,
01,수도권,S9,9,9호선,0241,봉은사,EV,일반승강기,2,지하,1,지하 1층,[1호기]5번 출구와 6번 출구 사이,,,,
01,수도권,S9,9,9호선,0241,봉은사,INFO,고객센터,2,지하,1,지하 1층,(B1) 대합실 6번 출입구 방향 표 내는 곳 인근,,,,
01,수도권,S9,9,9호선,0241,봉은사,LARM,수유실,2,지하,1,지하 1층,(B1) 고객안전실 맞은편,,,,
01,수도권,S9,9,9호선,0518,종합운동장,ELEC,전동휠체어충전설비,2,지하,1,지하 1층,(B1) 고객안전실 옆,,,,
01,수도권,S9,9,9호선,0518,종합운동장,INFO,고객센터,2,지하,1,지하 1층,(B1) 9번출구 대합실 화장실 옆,,,,
01,수도권,S9,9,9호선,0518,종합운동장,LARM,수유실,2,지하,1,지하 1층,(B1) 9번출구 대합실 표 내는 곳 옆,,,,
01,수도권,S9,9,9호선,0518,종합운동장,EV,일반승강기,2,지하,2,지하 2층,[4호기]1번 출구,,,,
01,수도권,S9,9,9호선,0518,종합운동장,EV,일반승강기,2,지하,2,지하 2층,[3호기]1번 출구와 9번 출구 사이,,,,
01,수도권,S9,9,9호선,0518,종합운동장,EV,일반승강기,2,지하,3,지하 3층,[3호기]1번 출구와 9번 출구 사이,,,,
01,수도권,S9,9,9호선,0518,종합운동장,EV,일반승강기,2,지하,3,지하 3층,[2호기]2번 출구,,,,
01,수도권,S9,9,9호선,0518,종합운동장,EV,일반승강기,2,지하,3,지하 3층,[1호기]2번 출구,,,,
01,수도권,S9,9,9호선,0518,종합운동장,EV,일반승강기,2,지하,3,지하 3층,[4호기]1번 출구,,,,
01,수도권,S9,9,9호선,1153,삼전,ELEC,전동휠체어충전설비,2,지하,1,지하 1층,(B1) 고객안전실 맞은편,,,,
01,수도권,S9,9,9호선,1153,삼전,INFO,고객센터,2,지하,1,지하 1층,(B1) 1번 출입구 대합실 표 내는곳 옆,,,,
01,수도권,S9,9,9호선,1153,삼전,LARM,수유실,2,지하,1,지하 1층,"(B1) 대합실 1번 출입구 방향, 상가 옆",,,,
01,수도권,S9,9,9호선,1154,석촌고분,ELEC,전동휠체어충전설비,2,지하,1,지하 1층,(B1) 고객안전실 옆,,,,
01,수도권,S9,9,9호선,1154,석촌고분,INFO,고객센터,2,지하,1,지하 1층,(B1) 2번 출입구 대합실 표 내는곳 옆,,,,
01,수도권,S9,9,9호선,1154,석촌고분,LARM,수유실,2,지하,1,지하 1층,(B1) 고객안전실 좌측,,,,
01,수도권,S9,9,9호선,0305,석촌,EV,일반승강기,2,지하,1,지하 1층,[3호기],,,,
01,수도권,S9,9,9호선,0305,석촌,ELEC,전동휠체어충전설비,2,지하,1,지하 1층,(B1) 고객안전실 옆,,,,
01,수도권,S9,9,9호선,0305,석촌,EV,일반승강기,2,지하,2,지하 2층,[3호기],,,,
01,수도권,S9,9,9호선,0305,석촌,TOLT,일반화장실(남),2,지하,2,지하 2층,표 내는 곳 안쪽 옆,1,일반,1,남
01,수도권,S9,9,9호선,0305,석촌,TOLT,일반화장실(남),2,지하,2,지하 2층,표 내는 곳 옆,1,일반,1,남
01,수도권,S9,9,9호선,0305,석촌,TOLT,일반화장실(여),2,지하,2,지하 2층,표 내는 곳 안쪽 옆,1,일반,2,여
01,수도권,S9,9,9호선,0305,석촌,TOLT,일반화장실(여),2,지하,2,지하 2층,표 내는 곳 옆,1,일반,2,여
01,수도권,S9,9,9호선,0305,석촌,TOLT,장애인화장실(남),2,지하,2,지하 2층,표 내는 곳 안쪽 옆,2,장애인,1,남
01,수도권,S9,9,9호선,0305,석촌,TOLT,장애인화장실(남),2,지하,2,지하 2층,표 내는 곳 옆,2,장애인,1,남
01,수도권,S9,9,9호선,0305,석촌,TOLT,장애인화장실(여),2,지하,2,지하 2층,표 내는 곳 안쪽 옆,2,장애인,2,여
01,수도권,S9,9,9호선,0305,석촌,TOLT,장애인화장실(여),2,지하,2,지하 2층,표 내는 곳 옆,2,장애인,2,여
01,수도권,S9,9,9호선,0305,석촌,INFO,고객센터,2,지하,2,지하 2층,(B2) 6번 출입구 대합실 표 내는곳 옆,,,,
01,수도권,S9,9,9호선,0305,석촌,LARM,수유실,2,지하,2,지하 2층,(B2) 대합실 개집표구 안쪽,,,,
01,수도권,S9,9,9호선,0305,석촌,EV,일반승강기,2,지하,3,지하 3층,[5호기],,,,
01,수도권,S9,9,9호선,0305,석촌,EV,일반승강기,2,지하,3,지하 3층,[3호기],,,,
01,수도권,S9,9,9호선,1155,송파나루,ELEC,전동휠체어충전설비,2,지하,1,지하 1층,(B1) 편의점 30M 인근,,,,
01,수도권,S9,9,9호선,1155,송파나루,INFO,고객센터,2,지하,1,지하 1층,(B1) 게이트 옆,,,,
01,수도권,S9,9,9호선,1155,송파나루,LARM,수유실,2,지하,1,지하 1층,(B1) 대합실 개집표기 바깥쪽 10M 인근 벽체,,,,
01,수도권,S9,9,9호선,1156,한성백제,ELEC,전동휠체어충전설비,2,지하,1,지하 1층,"(B1) 3,4번 출입구 옆",,,,
01,수도권,S9,9,9호선,1156,한성백제,INFO,고객센터,2,지하,1,지하 1층,(B1) 대합실 2번 출입구 방향,,,,
01,수도권,S9,9,9호선,1156,한성백제,LARM,수유실,2,지하,1,지하 1층,(B1) 대합실 1번 출입구 방향,,,,
01,수도권,S9,9,9호선,0438,올림픽공원,ELEC,전동휠체어충전설비,2,지하,1,지하 1층,(B1) 외부화장실 인근 편의점(GS25) 앞,,,,
01,수도권,S9,9,9호선,0438,올림픽공원,INFO,고객센터,2,지하,1,지하 1층,(B1) 대합실 개집표기 옆,,,,
01,수도권,S9,9,9호선,0438,올림픽공원,LARM,수유실,2,지하,1,지하 1층,(B1) 게이트 내부 고객안전실 바로 옆,,,,
01,수도권,S9,9,9호선,1157,둔촌오륜,INFO,고객센터,2,지하,1,지하 1층,(B1) 대합실 개찰구 안쪽,,,,
01,수도권,S9,9,9호선,1157,둔촌오륜,LARM,수유실,2,지하,1,지하 1층,(B1) 대합실 개찰구 안쪽 고객안전실 옆,,,,
01,수도권,S9,9,9호선,1158,중앙보훈병원,ELEC,전동휠체어충전설비,2,지하,1,지하 1층,"(B1) 표 내는 곳 안쪽, 1번 출입구 방향",,,,
01,수도권,S9,9,9호선,1158,중앙보훈병원,INFO,고객센터,2,지하,1,지하 1층,"(B1) 표 내는 곳 옆, 3번 출입구 방향",,,,
01,수도권,S9,9,9호선,1158,중앙보훈병원,LARM,수유실,2,지하,1,지하 1층,"(B1) 표 내는 곳 앞, 3번 출입구 방향",,,,
