station_id,ln_nm,stin_nm,floor,level,floor_label,kind,label,detail
KR_1_1370,1호선,연천,2F,2,지상 2층,개찰구,표 내는 곳,
KR_1_1370,1호선,연천,2F,2,지상 2층,엘리베이터,일반승강기,"[5호기]1,2번출입구"
KR_1_1370,1호선,연천,2F,2,지상 2층,엘리베이터,일반승강기,[3호기]전철승강장5-1
KR_1_1370,1호선,연천,2F,2,지상 2층,엘리베이터,일반승강기,[2호기]4번출입구
KR_1_1370,1호선,연천,2F,2,지상 2층,엘리베이터,일반승강기,[1호기]3번출입구
KR_1_1370,1호선,연천,2F,2,지상 2층,엘리베이터,일반승강기,[4호기]승강장위치없음(저상홈)
KR_1_1370,1호선,연천,2F,2,지상 2층,화장실,일반화장실(남),4번 출입구 앞
KR_1_1370,1호선,연천,2F,2,지상 2층,화장실,일반화장실(여),4번 출입구 앞
KR_1_1370,1호선,연천,2F,2,지상 2층,화장실,장애인화장실(남),4번 출입구 앞
KR_1_1370,1호선,연천,2F,2,지상 2층,화장실,장애인화장실(여),4번 출입구 앞
KR_1_1370,1호선,연천,2F,2,지상 2층,고객센터,고객센터,2층 3번출구 자동발매기 우측
KR_1_1370,1호선,연천,2F,2,지상 2층,수유실,수유실,(2F) 고객화장실 방향 통로
KR_1_1370,1호선,연천,1F,1,지상 1층,엘리베이터,일반승강기,[4호기]승강장위치없음(저상홈)
KR_1_1370,1호선,연천,1F,1,지상 1층,엘리베이터,일반승강기,[3호기]전철승강장5-1
KR_1_1370,1호선,연천,1F,1,지상 1층,엘리베이터,일반승강기,[2호기]4번출입구
KR_1_1370,1호선,연천,1F,1,지상 1층,엘리베이터,일반승강기,[1호기]3번출입구
KR_1_1370,1호선,연천,1F,1,지상 1층,엘리베이터,일반승강기,"[5호기]1,2번출입구"
KR_1_1370,1호선,연천,1F,1,지상 1층,출입구,2번 출입구,교통약자 동선 연결
KR_1_1370,1호선,연천,1F,1,지상 1층,출입구,3번 출입구,교통약자 동선 연결
KR_1_1370,1호선,연천,1F,1,지상 1층,출입구,4번 출입구,교통약자 동선 연결
KR_1_1370,1호선,연천,1F,1,지상 1층,승강장,1호선 승강장 (연천 방면),상대식
KR_1_1370,1호선,연천,1F,1,지상 1층,승강장,1호선 승강장 (전곡 방면),상대식
KR_1_1369,1호선,전곡,3F,3,지상 3층,엘리베이터,일반승강기,"[3호기](1F)연천역방향승강장5-4,청산역방향승강장6-1출입문앞,(3F)표내는곳내5,6호기에스컬레이터앞"
KR_1_1369,1호선,전곡,3F,3,지상 3층,엘리베이터,일반승강기,[4호기](1F)1번출입구근처옆(3F)대합실내역무실옆
KR_1_1369,1호선,전곡,3F,3,지상 3층,엘리베이터,일반승강기,[2호기](1F)1번출입구근처옆(3F)대합실내역무실옆
KR_1_1369,1호선,전곡,3F,3,지상 3층,엘리베이터,일반승강기,"[1호기](1F)1번출입구근처(3F)1번출입구,연결통로,대합실입구"
KR_1_1369,1호선,전곡,3F,3,지상 3층,화장실,일반화장실(남),(3F) 대합실 내
KR_1_1369,1호선,전곡,3F,3,지상 3층,화장실,일반화장실(여),(3F) 대합실 내
KR_1_1369,1호선,전곡,3F,3,지상 3층,화장실,장애인화장실(남),(3F) 대합실 내
KR_1_1369,1호선,전곡,3F,3,지상 3층,화장실,장애인화장실(여),(3F) 대합실 내
KR_1_1369,1호선,전곡,3F,3,지상 3층,고객센터,고객센터,(3F) 1번 출입구 방향 대합실 내
KR_1_1369,1호선,전곡,3F,3,지상 3층,수유실,수유실,(3F)대합실 내 역무실 옆
KR_1_1369,1호선,전곡,3F,3,지상 3층,출입구,1번 출입구,교통약자 동선 연결
KR_1_1369,1호선,전곡,3F,3,지상 3층,출입구,3번 출입구,교통약자 동선 연결
KR_1_1369,1호선,전곡,1F,1,지상 1층,엘리베이터,일반승강기,"[1호기](1F)1번출입구근처(3F)1번출입구,연결통로,대합실입구"
KR_1_1369,1호선,전곡,1F,1,지상 1층,엘리베이터,일반승강기,[4호기](1F)1번출입구근처옆(3F)대합실내역무실옆
KR_1_1369,1호선,전곡,1F,1,지상 1층,엘리베이터,일반승강기,"[3호기](1F)연천역방향승강장5-4,청산역방향승강장6-1출입문앞,(3F)표내는곳내5,6호기에스컬레이터앞"
KR_1_1369,1호선,전곡,1F,1,지상 1층,엘리베이터,일반승강기,[2호기](1F)1번출입구근처옆(3F)대합실내역무실옆
KR_1_1369,1호선,전곡,1F,1,지상 1층,승강장,1호선 승강장 (연천 방면),섬식
KR_1_1369,1호선,전곡,1F,1,지상 1층,승강장,1호선 승강장 (청산 방면),섬식
KR_1_1368,1호선,청산,2F,2,지상 2층,엘리베이터,일반승강기,"[1호기](1F)게이트안,(2F)하행승강장5-4"
KR_1_1368,1호선,청산,2F,2,지상 2층,엘리베이터,일반승강기,"[2호기](1F)게이트안,(2F)상행승강장5-4"
KR_1_1368,1호선,청산,2F,2,지상 2층,승강장,1호선 승강장 (전곡 방면),상대식
KR_1_1368,1호선,청산,2F,2,지상 2층,승강장,1호선 승강장 (소요산 방면),상대식
KR_1_1368,1호선,청산,1F,1,지상 1층,엘리베이터,일반승강기,"[1호기](1F)게이트안,(2F)하행승강장5-4"
KR_1_1368,1호선,청산,1F,1,지상 1층,엘리베이터,일반승강기,"[2호기](1F)게이트안,(2F)상행승강장5-4"
KR_1_1368,1호선,청산,1F,1,지상 1층,화장실,일반화장실(남),1층 2번 출입구 방향
KR_1_1368,1호선,청산,1F,1,지상 1층,화장실,일반화장실(여),1층 2번 출입구 방향
KR_1_1368,1호선,청산,1F,1,지상 1층,화장실,장애인화장실(남),1층 2번 출입구 방향
KR_1_1368,1호선,청산,1F,1,지상 1층,화장실,장애인화장실(여),1층 2번 출입구 방향
KR_1_1368,1호선,청산,1F,1,지상 1층,고객센터,고객센터,"(1F) 1,2번 출입구 중간 게이트 옆"
KR_1_1368,1호선,청산,1F,1,지상 1층,수유실,수유실,"(1F) 1,2번 출입구 발매기 옆"
KR_1_1368,1호선,청산,1F,1,지상 1층,출입구,1번 출입구,교통약자 동선 연결
KR_1_1368,1호선,청산,1F,1,지상 1층,출입구,2번 출입구,교통약자 동선 연결
KR_1_0324,1호선,소요산,2F,2,지상 2층,엘리베이터,일반승강기,[1호기](1F)맞이방이동통로3-4출입문앞
KR_1_0324,1호선,소요산,1F,1,지상 1층,대합실,대합실,
KR_1_0324,1호선,소요산,1F,1,지상 1층,개찰구,표 내는 곳,
KR_1_0324,1호선,소요산,1F,1,지상 1층,엘리베이터,일반승강기,[1호기](1F)맞이방이동통로3-4출입문앞
KR_1_0324,1호선,소요산,1F,1,지상 1층,화장실,일반화장실(남),(1층) 표내는곳 좌측
KR_1_0324,1호선,소요산,1F,1,지상 1층,화장실,일반화장실(여),(1층) 표내는곳 좌측
KR_1_0324,1호선,소요산,1F,1,지상 1층,화장실,장애인화장실(남),(1층) 표내는곳 좌측
KR_1_0324,1호선,소요산,1F,1,지상 1층,화장실,장애인화장실(여),(1층) 표내는곳 좌측
KR_1_0324,1호선,소요산,1F,1,지상 1층,고객센터,고객센터,"1번출구, 게이트 앞"
KR_1_0324,1호선,소요산,1F,1,지상 1층,수유실,수유실,(1F) 대합실 1번 출입구 방향
KR_1_0324,1호선,소요산,1F,1,지상 1층,출입구,1번 출입구,교통약자 동선 연결
KR_1_0324,1호선,소요산,1F,1,지상 1층,승강장,1호선 승강장 (청산 방면),상대식
KR_1_0324,1호선,소요산,1F,1,지상 1층,승강장,1호선 승강장 (동두천 방면),상대식
KR_1_0158,1호선,동두천,3F,3,지상 3층,대합실,대합실,
KR_1_0158,1호선,동두천,3F,3,지상 3층,개찰구,표 내는 곳,
KR_1_0158,1호선,동두천,3F,3,지상 3층,엘리베이터,일반승강기,[5호기](1F)2번출입구방향
KR_1_0158,1호선,동두천,3F,3,지상 3층,엘리베이터,일반승강기,"[2호기](1F)1,2번승강장6-3"
KR_1_0158,1호선,동두천,3F,3,지상 3층,엘리베이터,일반승강기,"[3호기](1F)3,4번승강장5-3"
KR_1_0158,1호선,동두천,3F,3,지상 3층,엘리베이터,일반승강기,"[4호기](1F)저상홈7번,8번승강장중간"
KR_1_0158,1호선,동두천,3F,3,지상 3층,엘리베이터,일반승강기,[1호기](1F)1번출입구방향
KR_1_0158,1호선,동두천,3F,3,지상 3층,화장실,일반화장실(남),3층 이동통로 → 1번출구 방향 중간
KR_1_0158,1호선,동두천,3F,3,지상 3층,화장실,일반화장실(여),3층 이동통로 → 1번출구 방향 중간
KR_1_0158,1호선,동두천,3F,3,지상 3층,화장실,장애인화장실(남),3층 이동통로 → 1번출구 방향 중간
KR_1_0158,1호선,동두천,3F,3,지상 3층,화장실,장애인화장실(여),3층 이동통로 → 1번출구 방향 중간
KR_1_0158,1호선,동두천,3F,3,지상 3층,고객센터,고객센터,(3F) 표 내는 곳 옆
KR_1_0158,1호선,동두천,3F,3,지상 3층,수유실,수유실,1번 출입구 방향 여자화장실 내 
KR_1_0158,1호선,동두천,2F,2,지상 2층,엘리베이터,일반승강기,[1호기](1F) 1번 출입구 방향
KR_1_0158,1호선,동두천,2F,2,지상 2층,엘리베이터,일반승강기,"[2호기](1F) 1,2번 승강장 6-3 "
KR_1_0158,1호선,동두천,2F,2,지상 2층,엘리베이터,일반승강기,"[3호기](1F) 3,4번 승강장 5-3 "
KR_1_0158,1호선,동두천,2F,2,지상 2층,엘리베이터,일반승강기,"[4호기](1F) 저상홈 7번,8번 승강장 중간 "
KR_1_0158,1호선,동두천,2F,2,지상 2층,엘리베이터,일반승강기,[5호기](1F) 2번 출입구 방향
KR_1_0158,1호선,동두천,1F,1,지상 1층,엘리베이터,일반승강기,[1호기](1F)1번출입구방향
KR_1_0158,1호선,동두천,1F,1,지상 1층,엘리베이터,일반승강기,"[2호기](1F)1,2번승강장6-3"
KR_1_0158,1호선,동두천,1F,1,지상 1층,엘리베이터,일반승강기,"[3호기](1F)3,4번승강장5-3"
KR_1_0158,1호선,동두천,1F,1,지상 1층,엘리베이터,일반승강기,[5호기](1F)2번출입구방향
KR_1_0158,1호선,동두천,1F,1,지상 1층,엘리베이터,일반승강기,"[4호기](1F)저상홈7번,8번승강장중간"
KR_1_0158,1호선,동두천,1F,1,지상 1층,출입구,1번 출입구,교통약자 동선 연결
KR_1_0158,1호선,동두천,1F,1,지상 1층,출입구,2번 출입구,교통약자 동선 연결
KR_1_0158,1호선,동두천,1F,1,지상 1층,승강장,1호선 승강장 (소요산 방면),섬식
KR_1_0158,1호선,동두천,1F,1,지상 1층,승강장,1호선 승강장 (보산 방면),섬식
KR_1_0235,1호선,보산,3F,3,지상 3층,개찰구,표 내는 곳,
KR_1_0235,1호선,보산,3F,3,지상 3층,엘리베이터,일반승강기,[2호기](1F)1번출입구앞(2F)맞이방통로앞(3F)소요산행승강장
KR_1_0235,1호선,보산,3F,3,지상 3층,엘리베이터,일반승강기,[1호기](1F)2번출입구앞(2F)맞이방화장실앞(3F)인천행승강장
KR_1_0235,1호선,보산,3F,3,지상 3층,승강장,1호선 승강장 (동두천 방면),상대식
KR_1_0235,1호선,보산,3F,3,지상 3층,승강장,1호선 승강장 (동두천중앙 방면),상대식
KR_1_0235,1호선,보산,2F,2,지상 2층,엘리베이터,일반승강기,[1호기]1층 2번출입구 앞  2층맞이방 3층 인천행승강장
KR_1_0235,1호선,보산,2F,2,지상 2층,엘리베이터,일반승강기,[2호기]1층 1번출입구 앞 2층 맞이방 3층소요산행승강장
KR_1_0235,1호선,보산,2F,2,지상 2층,화장실,일반화장실(남),2층 인천행E/V앞
KR_1_0235,1호선,보산,2F,2,지상 2층,화장실,일반화장실(여),2층 인천행E/V앞
KR_1_0235,1호선,보산,2F,2,지상 2층,화장실,장애인화장실(남),2층 인천행E/V앞
KR_1_0235,1호선,보산,2F,2,지상 2층,화장실,장애인화장실(여),2층 인천행E/V앞
KR_1_0235,1호선,보산,2F,2,지상 2층,고객센터,고객센터,(2F) 맞이방 내
KR_1_0235,1호선,보산,2F,2,지상 2층,수유실,수유실,(2F) 인천행 E/V앞
KR_1_0235,1호선,보산,1F,1,지상 1층,대합실,대합실,
KR_1_0235,1호선,보산,1F,1,지상 1층,엘리베이터,일반승강기,[2호기](1F)1번출입구앞(2F)맞이방통로앞(3F)소요산행승강장
KR_1_0235,1호선,보산,1F,1,지상 1층,엘리베이터,일반승강기,[1호기](1F)2번출입구앞(2F)맞이방화장실앞(3F)인천행승강장
KR_1_0235,1호선,보산,1F,1,지상 1층,전동휠체어충전설비,전동휠체어충전설비,(1F) 2번 출입구 옆
KR_1_0235,1호선,보산,1F,1,지상 1층,출입구,1번 출입구,교통약자 동선 연결
KR_1_0235,1호선,보산,1F,1,지상 1층,출입구,2번 출입구,교통약자 동선 연결
KR_1_0159,1호선,동두천중앙,3F,3,지상 3층,엘리베이터,일반승강기,[2호기](1F)4번출입구방향
KR_1_0159,1호선,동두천중앙,3F,3,지상 3층,엘리베이터,일반승강기,[1호기](1F)4번출입구방향
KR_1_0159,1호선,동두천중앙,3F,3,지상 3층,승강장,1호선 승강장 (보산 방면),섬식
KR_1_0159,1호선,동두천중앙,3F,3,지상 3층,승강장,1호선 승강장 (지행 방면),섬식
KR_1_0159,1호선,동두천중앙,2F,2,지상 2층,엘리베이터,일반승강기,[1호기](1F) 4번 출입구 방향
KR_1_0159,1호선,동두천중앙,2F,2,지상 2층,엘리베이터,일반승강기,[2호기](1F) 4번 출입구 방향
KR_1_0159,1호선,동두천중앙,2F,2,지상 2층,화장실,일반화장실(남),(2F) 맞이방 물품보관함 옆
KR_1_0159,1호선,동두천중앙,2F,2,지상 2층,화장실,일반화장실(여),(2F) 맞이방 물품보관함 옆
KR_1_0159,1호선,동두천중앙,2F,2,지상 2층,화장실,장애인화장실(남),(2F) 맞이방 물품보관함 옆
KR_1_0159,1호선,동두천중앙,2F,2,지상 2층,화장실,장애인화장실(여),(2F) 맞이방 물품보관함 옆
KR_1_0159,1호선,동두천중앙,2F,2,지상 2층,고객센터,고객센터,(2F) 맞이방 자동발매기 옆
KR_1_0159,1호선,동두천중앙,2F,2,지상 2층,수유실,수유실,(2F) 맞이방 보산방면 엘리베이터 앞
KR_1_0159,1호선,동두천중앙,1F,1,지상 1층,엘리베이터,일반승강기,[2호기](1F)4번출입구방향
KR_1_0159,1호선,동두천중앙,1F,1,지상 1층,엘리베이터,일반승강기,[1호기](1F)4번출입구방향
KR_1_0159,1호선,동두천중앙,1F,1,지상 1층,전동휠체어충전설비,전동휠체어충전설비,(1F) 3번 출입구 앞
KR_1_0159,1호선,동두천중앙,1F,1,지상 1층,출입구,1번 출입구,교통약자 동선 연결
KR_1_0159,1호선,동두천중앙,1F,1,지상 1층,출입구,2번 출입구,교통약자 동선 연결
KR_1_0159,1호선,동두천중앙,1F,1,지상 1층,출입구,3번 출입구,교통약자 동선 연결
KR_1_0159,1호선,동두천중앙,1F,1,지상 1층,출입구,4번 출입구,교통약자 동선 연결
KR_1_0538,1호선,지행,2F,2,지상 2층,엘리베이터,일반승강기,[1호기]4번출구옆
KR_1_0538,1호선,지행,2F,2,지상 2층,엘리베이터,일반승강기,[2호기]1번출구옆
KR_1_0538,1호선,지행,2F,2,지상 2층,승강장,1호선 승강장 (동두천중앙 방면),섬식
KR_1_0538,1호선,지행,2F,2,지상 2층,승강장,1호선 승강장 (덕정 방면),섬식
KR_1_0538,1호선,지행,1F,1,지상 1층,대합실,대합실,
KR_1_0538,1호선,지행,1F,1,지상 1층,개찰구,표 내는 곳,
KR_1_0538,1호선,지행,1F,1,지상 1층,엘리베이터,일반승강기,[1호기]4번출구옆
KR_1_0538,1호선,지행,1F,1,지상 1층,엘리베이터,일반승강기,[2호기]1번출구옆
KR_1_0538,1호선,지행,1F,1,지상 1층,전동휠체어충전설비,전동휠체어충전설비,(1F) 남부역 1번 출입구 출입문 외부 우측
KR_1_0538,1호선,지행,1F,1,지상 1층,화장실,일반화장실(남),(1F) 남부역 맞이방 내 4번 출입구 방향
KR_1_0538,1호선,지행,1F,1,지상 1층,화장실,일반화장실(남),(1F) 북부역 맞이방 내  3번 출입구 방향
KR_1_0538,1호선,지행,1F,1,지상 1층,화장실,일반화장실(여),(1F) 북부역 맞이방 내  3번 출입구 방향
KR_1_0538,1호선,지행,1F,1,지상 1층,화장실,일반화장실(여),(1F) 남부역 맞이방 내 4번 출입구 방향
KR_1_0538,1호선,지행,1F,1,지상 1층,화장실,장애인화장실(남),(1F) 남부역 맞이방 내 4번 출입구 방향
KR_1_0538,1호선,지행,1F,1,지상 1층,화장실,장애인화장실(여),(1F) 남부역 맞이방 내 4번 출입구 방향
KR_1_0538,1호선,지행,1F,1,지상 1층,고객센터,고객센터,(1F) 북부 맞이방 내
KR_1_0538,1호선,지행,1F,1,지상 1층,고객센터,고객센터,(1F) 남부 맞이방 내
KR_1_0538,1호선,지행,1F,1,지상 1층,수유실,수유실,(1F) 남부역 맞이방 화장실 내 > 4번 출입구 방향
KR_1_0538,1호선,지행,1F,1,지상 1층,출입구,1번 출입구,교통약자 동선 연결
KR_1_0538,1호선,지행,1F,1,지상 1층,출입구,3번 출입구,
KR_1_0538,1호선,지행,1F,1,지상 1층,출입구,4번 출입구,교통약자 동선 연결
KR_1_0141,1호선,덕정,2F,2,지상 2층,엘리베이터,일반승강기,[2호기]1F(1번출입구방향)2F(지행역방향승강장5-3출입문앞)
KR_1_0141,1호선,덕정,2F,2,지상 2층,엘리베이터,일반승강기,[1호기]1F(1번출입구방향)2F(덕계역방향승강장4-2출입문앞)
KR_1_0141,1호선,덕정,2F,2,지상 2층,승강장,1호선 승강장 (지행 방면),섬식
KR_1_0141,1호선,덕정,2F,2,지상 2층,승강장,1호선 승강장 (덕계 방면),섬식
KR_1_0141,1호선,덕정,1F,1,지상 1층,엘리베이터,일반승강기,[2호기]1F(1번출입구방향)2F(지행역방향승강장5-3출입문앞)
KR_1_0141,1호선,덕정,1F,1,지상 1층,엘리베이터,일반승강기,[1호기]1F(1번출입구방향)2F(덕계역방향승강장4-2출입문앞)
KR_1_0141,1호선,덕정,1F,1,지상 1층,화장실,일반화장실(여),맞이방 표 내는 곳 옆
KR_1_0141,1호선,덕정,1F,1,지상 1층,화장실,장애인화장실(남),맞이방 표 내는 곳 옆
KR_1_0141,1호선,덕정,1F,1,지상 1층,고객센터,고객센터,(1F) 맞이방 표내는 곳 옆
KR_1_0141,1호선,덕정,1F,1,지상 1층,수유실,수유실,(1F) 맞이방
KR_1_0141,1호선,덕정,1F,1,지상 1층,출입구,1번 출입구,교통약자 동선 연결
KR_1_0139,1호선,덕계,2F,2,지상 2층,엘리베이터,일반승강기,[1호기](1F)개집표구를지나왼쪽(2F)소요산방면승강장5-3출입문앞
KR_1_0139,1호선,덕계,2F,2,지상 2층,엘리베이터,일반승강기,[2호기](1F)개집표구를지나왼쪽(2F)인천방면승강장6-2출입문앞
KR_1_0139,1호선,덕계,2F,2,지상 2층,승강장,1호선 승강장 (덕정 방면),상대식
KR_1_0139,1호선,덕계,2F,2,지상 2층,승강장,1호선 승강장 (양주 방면),상대식
KR_1_0139,1호선,덕계,1F,1,지상 1층,엘리베이터,일반승강기,[1호기](1F)개집표구를지나왼쪽(2F)소요산방면승강장5-3출입문앞
KR_1_0139,1호선,덕계,1F,1,지상 1층,엘리베이터,일반승강기,[2호기](1F)개집표구를지나왼쪽(2F)인천방면승강장6-2출입문앞
KR_1_0139,1호선,덕계,1F,1,지상 1층,휠체어리프트,휠체어리프트,(1F) 2번 출구 외부 계단
KR_1_0139,1호선,덕계,1F,1,지상 1층,화장실,일반화장실(남),1번출구 진입후 좌측
KR_1_0139,1호선,덕계,1F,1,지상 1층,화장실,일반화장실(여),1번출구 진입후 좌측
KR_1_0139,1호선,덕계,1F,1,지상 1층,화장실,장애인화장실(남),1번출구 진입후 좌측
KR_1_0139,1호선,덕계,1F,1,지상 1층,화장실,장애인화장실(여),1번출구 진입후 좌측
KR_1_0139,1호선,덕계,1F,1,지상 1층,고객센터,고객센터,맞이방내 편의점 왼쪽
KR_1_0139,1호선,덕계,1F,1,지상 1층,수유실,수유실,1번출구 진입후 왼쪽
KR_1_0139,1호선,덕계,1F,1,지상 1층,출입구,1번 출입구,교통약자 동선 연결
KR_1_0139,1호선,덕계,1F,1,지상 1층,출입구,2번 출입구,교통약자 동선 연결
KR_1_0403,1호선,양주,2F,2,지상 2층,엘리베이터,일반승강기,[1호기](1F)표내는곳(2F)상행승강장
KR_1_0403,1호선,양주,2F,2,지상 2층,엘리베이터,일반승강기,[2호기](1F)표내는곳(2F)하행승강장
KR_1_0403,1호선,양주,2F,2,지상 2층,승강장,1호선 승강장 (덕계 방면),섬식
KR_1_0403,1호선,양주,2F,2,지상 2층,승강장,1호선 승강장 (녹양 방면),섬식
KR_1_0403,1호선,양주,1F,1,지상 1층,대합실,대합실,
KR_1_0403,1호선,양주,1F,1,지상 1층,개찰구,표 내는 곳,
KR_1_0403,1호선,양주,1F,1,지상 1층,엘리베이터,일반승강기,[1호기](1F)표내는곳(2F)상행승강장
KR_1_0403,1호선,양주,1F,1,지상 1층,엘리베이터,일반승강기,[2호기](1F)표내는곳(2F)하행승강장
KR_1_0403,1호선,양주,1F,1,지상 1층,화장실,일반화장실(남),"(1F) 맞이방, 1번출입구 방향"
KR_1_0403,1호선,양주,1F,1,지상 1층,화장실,일반화장실(여),"(1F) 맞이방, 1번출입구 방향"
KR_1_0403,1호선,양주,1F,1,지상 1층,화장실,장애인화장실(남),"(1F) 맞이방, 1번출입구 방향"
KR_1_0403,1호선,양주,1F,1,지상 1층,화장실,장애인화장실(여),"(1F) 맞이방, 1번출입구 방향"
KR_1_0403,1호선,양주,1F,1,지상 1층,고객센터,고객센터,(1F) 맞이방 내
KR_1_0403,1호선,양주,1F,1,지상 1층,수유실,수유실,"(F1) 맞이방 1,2번 출입구 중간 방향"
KR_1_0403,1호선,양주,1F,1,지상 1층,출입구,1번 출입구,교통약자 동선 연결
KR_1_0403,1호선,양주,1F,1,지상 1층,출입구,2번 출입구,교통약자 동선 연결
KR_1_0118,1호선,녹양,2F,2,지상 2층,엘리베이터,일반승강기,[1호기](1F)남부게이트옆
KR_1_0118,1호선,녹양,2F,2,지상 2층,엘리베이터,일반승강기,[2호기](1F)남부소요산계단옆
KR_1_0118,1호선,녹양,2F,2,지상 2층,승강장,1호선 승강장 (양주 방면),상대식
KR_1_0118,1호선,녹양,2F,2,지상 2층,승강장,1호선 승강장 (가능 방면),상대식
KR_1_0118,1호선,녹양,1F,1,지상 1층,엘리베이터,일반승강기,[1호기](1F)남부게이트옆
KR_1_0118,1호선,녹양,1F,1,지상 1층,엘리베이터,일반승강기,[2호기](1F)남부소요산계단옆
KR_1_0118,1호선,녹양,1F,1,지상 1층,전동휠체어충전설비,전동휠체어충전설비,(1F) 1번출구 옆
KR_1_0118,1호선,녹양,1F,1,지상 1층,화장실,일반화장실(남),(1F) 1번출구 왼편
KR_1_0118,1호선,녹양,1F,1,지상 1층,화장실,일반화장실(여),(1F) 1번출구 왼편
KR_1_0118,1호선,녹양,1F,1,지상 1층,화장실,장애인화장실(남),(1F) 1번출구 왼편
KR_1_0118,1호선,녹양,1F,1,지상 1층,화장실,장애인화장실(여),(1F) 1번출구 왼편
KR_1_0118,1호선,녹양,1F,1,지상 1층,고객센터,고객센터,(1F) 대합실1번출구 방향
KR_1_0118,1호선,녹양,1F,1,지상 1층,수유실,수유실,(1F) 1층 대합실 2번출구 방향
KR_1_0118,1호선,녹양,1F,1,지상 1층,출입구,1번 출입구,교통약자 동선 연결
KR_1_0118,1호선,녹양,1F,1,지상 1층,출입구,2번 출입구,교통약자 동선 연결
KR_1_0002,1호선,가능,2F,2,지상 2층,엘리베이터,일반승강기,[1호기](1F)하행방면남쪽게이트-(2F)녹양역방향승강장6-4출입문앞
KR_1_0002,1호선,가능,2F,2,지상 2층,엘리베이터,일반승강기,[2호기](1F)상행방면남쪽게이트-(2F)의정부역방향승강장5-1출입문앞
KR_1_0002,1호선,가능,2F,2,지상 2층,승강장,1호선 승강장 (녹양 방면),상대식
KR_1_0002,1호선,가능,2F,2,지상 2층,승강장,1호선 승강장 (의정부 방면),상대식
KR_1_0002,1호선,가능,1F,1,지상 1층,엘리베이터,일반승강기,[1호기](1F)하행방면남쪽게이트-(2F)녹양역방향승강장6-4출입문앞
KR_1_0002,1호선,가능,1F,1,지상 1층,엘리베이터,일반승강기,[2호기](1F)상행방면남쪽게이트-(2F)의정부역방향승강장5-1출입문앞
KR_1_0002,1호선,가능,1F,1,지상 1층,화장실,일반화장실(남),1번출구 앞
KR_1_0002,1호선,가능,1F,1,지상 1층,화장실,일반화장실(여),1번출구 앞
KR_1_0002,1호선,가능,1F,1,지상 1층,화장실,장애인화장실(남),1번출구 앞
KR_1_0002,1호선,가능,1F,1,지상 1층,화장실,장애인화장실(여),1번출구 앞
KR_1_0002,1호선,가능,1F,1,지상 1층,고객센터,고객센터,"(F1) 대합실 1,2번 출입구 방향"
KR_1_0002,1호선,가능,1F,1,지상 1층,수유실,수유실,(F1) 대합실 2번 출구 왼쪽방향
KR_1_0002,1호선,가능,1F,1,지상 1층,출입구,1번 출입구,교통약자 동선 연결
KR_1_0002,1호선,가능,1F,1,지상 1층,출입구,2번 출입구,교통약자 동선 연결
KR_1_0002,1호선,가능,1F,1,지상 1층,출입구,3번 출입구,교통약자 동선 연결
KR_1_0470,1호선,의정부,3F,3,지상 3층,대합실,대합실,
KR_1_0470,1호선,의정부,3F,3,지상 3층,개찰구,표 내는 곳,
KR_1_0470,1호선,의정부,3F,3,지상 3층,엘리베이터,일반승강기,[8호기](1F)가능역방향승강장10-4계단뒤
KR_1_0470,1호선,의정부,3F,3,지상 3층,엘리베이터,일반승강기,[2호기](1F)가능역방향승강장2-1출입문앞
KR_1_0470,1호선,의정부,3F,3,지상 3층,엘리베이터,일반승강기,[3호기](1F)회룡역방향승강장10-1출입문앞
KR_1_0470,1호선,의정부,3F,3,지상 3층,엘리베이터,일반승강기,[6호기](1F)4번출입구방향
KR_1_0470,1호선,의정부,3F,3,지상 3층,엘리베이터,일반승강기,[7호기](1F)회룡역방향승강장1-1계단뒤
KR_1_0470,1호선,의정부,3F,3,지상 3층,엘리베이터,일반승강기,[1호기](1F)저상홈
KR_1_0470,1호선,의정부,3F,3,지상 3층,전동휠체어충전설비,전동휠체어충전설비,(3F) 동부 화장실 앞
KR_1_0470,1호선,의정부,3F,3,지상 3층,화장실,일반화장실(남),(3층) 역무실 옆
KR_1_0470,1호선,의정부,3F,3,지상 3층,화장실,일반화장실(남),"(3층) 4,5번 출입구 방향"
KR_1_0470,1호선,의정부,3F,3,지상 3층,화장실,일반화장실(여),(3층) 역무실 옆
KR_1_0470,1호선,의정부,3F,3,지상 3층,화장실,일반화장실(여),"(3층) 4,5번 출입구 방향"
KR_1_0470,1호선,의정부,3F,3,지상 3층,화장실,장애인화장실(남),"(3층) 4,5번 출입구 방향"
KR_1_0470,1호선,의정부,3F,3,지상 3층,화장실,장애인화장실(남),(3층) 역무실 옆
KR_1_0470,1호선,의정부,3F,3,지상 3층,화장실,장애인화장실(여),"(3층) 4,5번 출입구 방향"
KR_1_0470,1호선,의정부,3F,3,지상 3층,화장실,장애인화장실(여),(3층) 역무실 옆
KR_1_0470,1호선,의정부,3F,3,지상 3층,고객센터,고객센터,"(3F) 2,3번 출입구 방향 화장실 옆"
KR_1_0470,1호선,의정부,3F,3,지상 3층,수유실,수유실,(3F) 동부 화장실 옆
KR_1_0470,1호선,의정부,2F,2,지상 2층,엘리베이터,일반승강기,[8호기](1F) 회룡역 방향 승강장 1-1 계단 뒤
KR_1_0470,1호선,의정부,2F,2,지상 2층,엘리베이터,일반승강기,[1호기](1F) 저상홈
KR_1_0470,1호선,의정부,2F,2,지상 2층,엘리베이터,일반승강기,[9호기](1F) 가능역 방향 승강장 10-4 계단 뒤
KR_1_0470,1호선,의정부,2F,2,지상 2층,엘리베이터,일반승강기,[3호기](1F) 회룡역 방향 승강장 10-1 출입문 앞
KR_1_0470,1호선,의정부,2F,2,지상 2층,엘리베이터,일반승강기,[7호기](1F) 4번 출입구 방향
KR_1_0470,1호선,의정부,2F,2,지상 2층,엘리베이터,일반승강기,[2호기](1F) 가능역 방향 승강장 2-1 출입문 앞
KR_1_0470,1호선,의정부,1F,1,지상 1층,엘리베이터,일반승강기,[8호기](1F)가능역방향승강장10-4계단뒤
KR_1_0470,1호선,의정부,1F,1,지상 1층,엘리베이터,일반승강기,[7호기](1F)회룡역방향승강장1-1계단뒤
KR_1_0470,1호선,의정부,1F,1,지상 1층,엘리베이터,일반승강기,[6호기](1F)4번출입구방향
KR_1_0470,1호선,의정부,1F,1,지상 1층,엘리베이터,일반승강기,[3호기](1F)회룡역방향승강장10-1출입문앞
KR_1_0470,1호선,의정부,1F,1,지상 1층,엘리베이터,일반승강기,[1호기](1F)저상홈
KR_1_0470,1호선,의정부,1F,1,지상 1층,엘리베이터,일반승강기,[2호기](1F)가능역방향승강장2-1출입문앞
KR_1_0470,1호선,의정부,1F,1,지상 1층,엘리베이터,일반승강기,[5호기](B2)8번출입구방향
KR_1_0470,1호선,의정부,1F,1,지상 1층,엘리베이터,일반승강기,[4호기](B2)8번출입구방향
KR_1_0470,1호선,의정부,1F,1,지상 1층,휠체어리프트,휠체어리프트,6번 승강장(저상홈 승강장)
KR_1_0470,1호선,의정부,1F,1,지상 1층,출입구,1번 출입구,교통약자 동선 연결
KR_1_0470,1호선,의정부,1F,1,지상 1층,출입구,3번 출입구,교통약자 동선 연결
KR_1_0470,1호선,의정부,1F,1,지상 1층,출입구,4번 출입구,교통약자 동선 연결
KR_1_0470,1호선,의정부,1F,1,지상 1층,출입구,5번 출입구,
KR_1_0470,1호선,의정부,1F,1,지상 1층,출입구,6번 출입구,교통약자 동선 연결
KR_1_0470,1호선,의정부,1F,1,지상 1층,출입구,7번 출입구,교통약자 동선 연결
KR_1_0470,1호선,의정부,1F,1,지상 1층,출입구,8번 출입구,
KR_1_0470,1호선,의정부,1F,1,지상 1층,승강장,1호선 승강장 (가능 방면),섬식
KR_1_0470,1호선,의정부,1F,1,지상 1층,승강장,1호선 승강장 (회룡 방면),섬식
KR_1_0470,1호선,의정부,B1,-1,지하 1층,엘리베이터,일반승강기,[4호기](B2) 8번 출입구 방향
KR_1_0470,1호선,의정부,B1,-1,지하 1층,엘리베이터,일반승강기,[5호기](B2) 8번 출입구 방향
KR_1_0470,1호선,의정부,B2,-2,지하 2층,엘리베이터,일반승강기,[4호기](B2)8번출입구방향
KR_1_0470,1호선,의정부,B2,-2,지하 2층,엘리베이터,일반승강기,[5호기](B2)8번출입구방향
KR_1_0606,1호선,회룡,3F,3,지상 3층,엘리베이터,일반승강기,[3호기](1F)3번출입구북쪽20M지점
KR_1_0606,1호선,회룡,3F,3,지상 3층,엘리베이터,일반승강기,[2호기](1F)의정부역방향승강장3-4출입문앞
KR_1_0606,1호선,회룡,3F,3,지상 3층,엘리베이터,일반승강기,[1호기](1F)망월사역방향승강장7-2출입문앞
KR_1_0606,1호선,회룡,3F,3,지상 3층,전동휠체어충전설비,전동휠체어충전설비,(3F) 3번 출입구 E/V 3호기 앞
KR_1_0606,1호선,회룡,3F,3,지상 3층,화장실,일반화장실(남),(3F) 3번출입구 맞이방
KR_1_0606,1호선,회룡,3F,3,지상 3층,화장실,일반화장실(여),(3F) 3번출입구 맞이방
KR_1_0606,1호선,회룡,3F,3,지상 3층,화장실,장애인화장실(남),(3F) 3번출입구 맞이방
KR_1_0606,1호선,회룡,3F,3,지상 3층,화장실,장애인화장실(여),(3F) 3번출입구 맞이방
KR_1_0606,1호선,회룡,3F,3,지상 3층,고객센터,고객센터,(3F) 대합실 3번 출입구 방향
KR_1_0606,1호선,회룡,3F,3,지상 3층,수유실,수유실,(3F) 대합실 3번출입구 방향
KR_1_0606,1호선,회룡,2F,2,지상 2층,대합실,대합실,
KR_1_0606,1호선,회룡,2F,2,지상 2층,개찰구,표 내는 곳,
KR_1_0606,1호선,회룡,2F,2,지상 2층,엘리베이터,일반승강기,[1호기](1F-3F) (1F)망월사역방향 승강장 7-2 출입문 앞 (3F)맞이방
KR_1_0606,1호선,회룡,2F,2,지상 2층,엘리베이터,일반승강기,[2호기](1F-3F) (1F)의정부역방향 승강장 3-4 출입문 앞 (3F)맞이방
KR_1_0606,1호선,회룡,2F,2,지상 2층,엘리베이터,일반승강기,[3호기](1F) 3번 출입구 북쪽 20M 지점
KR_1_0606,1호선,회룡,2F,2,지상 2층,엘리베이터,일반승강기,[4호기](1F)5번출입구계단옆
KR_1_0606,1호선,회룡,1F,1,지상 1층,대합실,대합실,
KR_1_0606,1호선,회룡,1F,1,지상 1층,개찰구,표 내는 곳,
KR_1_0606,1호선,회룡,1F,1,지상 1층,엘리베이터,일반승강기,[1호기](1F)망월사역방향승강장7-2출입문앞
KR_1_0606,1호선,회룡,1F,1,지상 1층,엘리베이터,일반승강기,[2호기](1F)의정부역방향승강장3-4출입문앞
KR_1_0606,1호선,회룡,1F,1,지상 1층,엘리베이터,일반승강기,[4호기](1F)5번출입구계단옆
KR_1_0606,1호선,회룡,1F,1,지상 1층,엘리베이터,일반승강기,[3호기](1F)3번출입구북쪽20M지점
KR_1_0606,1호선,회룡,1F,1,지상 1층,출입구,1번 출입구,교통약자 동선 연결
KR_1_0606,1호선,회룡,1F,1,지상 1층,출입구,2번 출입구,교통약자 동선 연결
KR_1_0606,1호선,회룡,1F,1,지상 1층,출입구,3번 출입구,교통약자 동선 연결
KR_1_0606,1호선,회룡,1F,1,지상 1층,출입구,5번 출입구,교통약자 동선 연결
KR_1_0606,1호선,회룡,1F,1,지상 1층,승강장,1호선 승강장 (의정부 방면),상대식
KR_1_0606,1호선,회룡,1F,1,지상 1층,승강장,1호선 승강장 (망월사 방면),상대식
KR_1_0190,1호선,망월사,2F,2,지상 2층,엘리베이터,일반승강기,[3호기]소요산게이트안쪽
KR_1_0190,1호선,망월사,2F,2,지상 2층,엘리베이터,일반승강기,[2호기]역무실옆
KR_1_0190,1호선,망월사,2F,2,지상 2층,엘리베이터,일반승강기,[1호기]화장실옆
KR_1_0190,1호선,망월사,2F,2,지상 2층,엘리베이터,일반승강기,[4호기]인천게이트안쪽
KR_1_0190,1호선,망월사,2F,2,지상 2층,승강장,1호선 승강장 (회룡 방면),상대식
KR_1_0190,1호선,망월사,2F,2,지상 2층,승강장,1호선 승강장 (도봉산 방면),상대식
KR_1_0190,1호선,망월사,1F,1,지상 1층,엘리베이터,일반승강기,[4호기]인천게이트안쪽
KR_1_0190,1호선,망월사,1F,1,지상 1층,엘리베이터,일반승강기,[3호기]소요산게이트안쪽
KR_1_0190,1호선,망월사,1F,1,지상 1층,엘리베이터,일반승강기,[1호기]화장실옆
KR_1_0190,1호선,망월사,1F,1,지상 1층,엘리베이터,일반승강기,[2호기]역무실옆
KR_1_0190,1호선,망월사,1F,1,지상 1층,휠체어리프트,휠체어리프트,1층 --> 2층 의정부 방면 승강장
KR_1_0190,1호선,망월사,1F,1,지상 1층,휠체어리프트,휠체어리프트,1층 --> 2층 인천 방면 승강장
KR_1_0190,1호선,망월사,1F,1,지상 1층,화장실,일반화장실(남),발매기 좌측
KR_1_0190,1호선,망월사,1F,1,지상 1층,화장실,일반화장실(남),게이트 내부 바로 앞
KR_1_0190,1호선,망월사,1F,1,지상 1층,화장실,일반화장실(남),"역무실 앞, 수유방 앞"
KR_1_0190,1호선,망월사,1F,1,지상 1층,화장실,일반화장실(여),"역무실 앞, 수유방 앞"
KR_1_0190,1호선,망월사,1F,1,지상 1층,화장실,일반화장실(여),발매기 좌측
KR_1_0190,1호선,망월사,1F,1,지상 1층,화장실,일반화장실(여),게이트 내부 바로 앞
KR_1_0190,1호선,망월사,1F,1,지상 1층,화장실,장애인화장실(남),발매기 좌측
KR_1_0190,1호선,망월사,1F,1,지상 1층,화장실,장애인화장실(남),게이트 내부 바로 앞
KR_1_0190,1호선,망월사,1F,1,지상 1층,화장실,장애인화장실(남),"역무실 앞, 수유방 앞"
KR_1_0190,1호선,망월사,1F,1,지상 1층,화장실,장애인화장실(여),발매기 좌측
KR_1_0190,1호선,망월사,1F,1,지상 1층,화장실,장애인화장실(여),"역무실 앞, 수유방 앞"
KR_1_0190,1호선,망월사,1F,1,지상 1층,화장실,장애인화장실(여),게이트 내부 바로 앞
KR_1_0190,1호선,망월사,1F,1,지상 1층,고객센터,고객센터,역무실
KR_1_0190,1호선,망월사,1F,1,지상 1층,수유실,수유실,여자화장실 맞은편
KR_1_0190,1호선,망월사,1F,1,지상 1층,출입구,1번 출입구,교통약자 동선 연결
KR_1_0190,1호선,망월사,1F,1,지상 1층,출입구,2번 출입구,교통약자 동선 연결
KR_1_0146,1호선,도봉산,2F,2,지상 2층,엘리베이터,일반승강기,[5호기](1F)7호선수락산방향승강장2-3출입문앞(2F)표내는곳내7호선환승계단근처
KR_1_0146,1호선,도봉산,2F,2,지상 2층,엘리베이터,일반승강기,"[3호기](1F)망월사방향승강장9-2출입문앞(2F)표내는곳내1,2번승강장방향계단앞"
KR_1_0146,1호선,도봉산,2F,2,지상 2층,엘리베이터,일반승강기,[2호기](1F)3번출입구뒤/(2F)3번출입구방향맞이방입구
KR_1_0146,1호선,도봉산,2F,2,지상 2층,엘리베이터,일반승강기,[1호기](1F)1번출입구뒤/(2F)1번출입구방향맞이방입구
KR_1_0146,1호선,도봉산,2F,2,지상 2층,엘리베이터,일반승강기,"[4호기](1F)도봉방향승강장2-2출입문앞(2F)표내는곳내3,4번승강장방향계단앞"
KR_1_0146,1호선,도봉산,2F,2,지상 2층,화장실,일반화장실(남),"(2F) 맞이방 앞 1,3번 출입구 방향"
KR_1_0146,1호선,도봉산,2F,2,지상 2층,화장실,일반화장실(여),"(2F) 맞이방 앞 1,3번 출입구 방향"
KR_1_0146,1호선,도봉산,2F,2,지상 2층,화장실,장애인화장실(남),"(2F) 맞이방 앞 1,3번 출입구 방향"
KR_1_0146,1호선,도봉산,2F,2,지상 2층,화장실,장애인화장실(여),"(2F) 맞이방 앞 1,3번 출입구 방향"
KR_1_0146,1호선,도봉산,2F,2,지상 2층,고객센터,고객센터,(2F) 역무실
KR_1_0146,1호선,도봉산,2F,2,지상 2층,수유실,수유실,(2F) 맞이방 역무실 옆
KR_1_0146,1호선,도봉산,1F,1,지상 1층,엘리베이터,일반승강기,"[4호기](1F)도봉방향승강장2-2출입문앞(2F)표내는곳내3,4번승강장방향계단앞"
KR_1_0146,1호선,도봉산,1F,1,지상 1층,엘리베이터,일반승강기,"[3호기](1F)망월사방향승강장9-2출입문앞(2F)표내는곳내1,2번승강장방향계단앞"
KR_1_0146,1호선,도봉산,1F,1,지상 1층,엘리베이터,일반승강기,[2호기](1F)3번출입구뒤/(2F)3번출입구방향맞이방입구
KR_1_0146,1호선,도봉산,1F,1,지상 1층,엘리베이터,일반승강기,[1호기](1F)1번출입구뒤/(2F)1번출입구방향맞이방입구
KR_1_0146,1호선,도봉산,1F,1,지상 1층,엘리베이터,일반승강기,[5호기](1F)7호선수락산방향승강장2-3출입문앞(2F)표내는곳내7호선환승계단근처
KR_1_0146,1호선,도봉산,1F,1,지상 1층,전동휠체어충전설비,전동휠체어충전설비,(2F) 3번 출입구 방향 엘리베이터 옆
KR_1_0146,1호선,도봉산,1F,1,지상 1층,출입구,1번 출입구,
KR_1_0146,1호선,도봉산,1F,1,지상 1층,출입구,3번 출입구,
KR_1_0145,1호선,도봉,2F,2,지상 2층,엘리베이터,일반승강기,"[2호기](2F)도봉산방향승강장9-4출입문앞(1F)2,3번출입구근처"
KR_1_0145,1호선,도봉,2F,2,지상 2층,엘리베이터,일반승강기,"[3호기](2F)방학방향승강장4-4출입문앞(1F)2,3번출입구근처"
KR_1_0145,1호선,도봉,2F,2,지상 2층,엘리베이터,일반승강기,[1호기](2F)도봉산방향승강장2-1출입문앞(1F)1번출입구옆
KR_1_0145,1호선,도봉,1F,1,지상 1층,엘리베이터,일반승강기,"[3호기](2F)방학방향승강장4-4출입문앞(1F)2,3번출입구근처"
KR_1_0145,1호선,도봉,1F,1,지상 1층,엘리베이터,일반승강기,"[2호기](2F)도봉산방향승강장9-4출입문앞(1F)2,3번출입구근처"
KR_1_0145,1호선,도봉,1F,1,지상 1층,엘리베이터,일반승강기,[1호기](2F)도봉산방향승강장2-1출입문앞(1F)1번출입구옆
KR_1_0145,1호선,도봉,1F,1,지상 1층,전동휠체어충전설비,전동휠체어충전설비,"(1F) 북부 고객지원실 앞쪽, 1번 출입구 방향"
KR_1_0145,1호선,도봉,1F,1,지상 1층,화장실,일반화장실(남),"(1F) 남부 고객지원실 옆, 2번 출입구 방향"
KR_1_0145,1호선,도봉,1F,1,지상 1층,화장실,일반화장실(남),"(1F) 맞이방, 1번 출입구 방향"
KR_1_0145,1호선,도봉,1F,1,지상 1층,화장실,일반화장실(여),"(1F) 맞이방, 1번 출입구 방향"
KR_1_0145,1호선,도봉,1F,1,지상 1층,화장실,일반화장실(여),"(1F) 남부 고객지원실 옆, 2번 출입구 방향"
KR_1_0145,1호선,도봉,1F,1,지상 1층,화장실,장애인화장실(남),"(1F) 남부 고객지원실 옆, 2번 출입구 방향"
KR_1_0145,1호선,도봉,1F,1,지상 1층,화장실,장애인화장실(여),"(1F) 남부 고객지원실 옆, 2번 출입구 방향"
KR_1_0145,1호선,도봉,1F,1,지상 1층,화장실,장애인화장실(공용),"(1F) 표 내는 곳 옆, 1번 출입구 방향"
KR_1_0145,1호선,도봉,1F,1,지상 1층,고객센터,고객센터,(1F) 맞이방 옆 1번 출입구 방향
KR_1_0145,1호선,도봉,1F,1,지상 1층,고객센터,고객센터,(1F) 맞이방 옆 2번 출입구 방향
KR_1_0145,1호선,도봉,1F,1,지상 1층,출입구,1번 출입구,교통약자 동선 연결
KR_1_0145,1호선,도봉,1F,1,지상 1층,출입구,2번 출입구,교통약자 동선 연결
KR_1_0145,1호선,도봉,1F,1,지상 1층,출입구,3번 출입구,교통약자 동선 연결
KR_1_0220,1호선,방학,2F,2,지상 2층,엘리베이터,일반승강기,[3호기]상행남부타는곳((2-1앞)
KR_1_0220,1호선,방학,2F,2,지상 2층,엘리베이터,일반승강기,[4호기]하행남부타는곳(9-4앞)
KR_1_0220,1호선,방학,2F,2,지상 2층,엘리베이터,일반승강기,[2호기]상행북부타는곳(9-4앞)
KR_1_0220,1호선,방학,2F,2,지상 2층,엘리베이터,일반승강기,[1호기]하행북부타는곳(2-1앞)
KR_1_0220,1호선,방학,2F,2,지상 2층,전동휠체어충전설비,전동휠체어충전설비,(2) 창동방면 승강장 5-3 출입문 앞
KR_1_0220,1호선,방학,2F,2,지상 2층,승강장,1호선 승강장 (도봉 방면),상대식
KR_1_0220,1호선,방학,2F,2,지상 2층,승강장,1호선 승강장 (창동 방면),상대식
KR_1_0220,1호선,방학,1F,1,지상 1층,엘리베이터,일반승강기,[1호기]하행북부타는곳(2-1앞)
KR_1_0220,1호선,방학,1F,1,지상 1층,엘리베이터,일반승강기,[4호기]하행남부타는곳(9-4앞)
KR_1_0220,1호선,방학,1F,1,지상 1층,엘리베이터,일반승강기,[3호기]상행남부타는곳((2-1앞)
KR_1_0220,1호선,방학,1F,1,지상 1층,엘리베이터,일반승강기,[2호기]상행북부타는곳(9-4앞)
KR_1_0220,1호선,방학,1F,1,지상 1층,화장실,일반화장실(남),상행남부 타는곳 계단 위 부근
KR_1_0220,1호선,방학,1F,1,지상 1층,화장실,일반화장실(여),상행남부 타는곳 계단 위 부근
KR_1_0220,1호선,방학,1F,1,지상 1층,화장실,장애인화장실(남),상행남부 타는곳 계단 위 부근
KR_1_0220,1호선,방학,1F,1,지상 1층,화장실,장애인화장실(여),상행남부 타는곳 계단 위 부근
KR_1_0220,1호선,방학,1F,1,지상 1층,출입구,1번 출입구,교통약자 동선 연결
KR_1_0220,1호선,방학,1F,1,지상 1층,출입구,2번 출입구,교통약자 동선 연결
KR_1_0220,1호선,방학,1F,1,지상 1층,출입구,3번 출입구,교통약자 동선 연결
KR_1_0220,1호선,방학,0F,0,지상 0층,화장실,일반화장실(남),개집표구 안쪽 인천.의정부 계단 중간
KR_1_0220,1호선,방학,0F,0,지상 0층,화장실,일반화장실(여),개집표구 안쪽 인천.의정부 계단 중간
KR_1_0220,1호선,방학,0F,0,지상 0층,화장실,장애인화장실(남),개집표구 안쪽 인천.의정부 계단 중간
KR_1_0220,1호선,방학,0F,0,지상 0층,화장실,장애인화장실(여),개집표구 안쪽 인천.의정부 계단 중간
KR_1_0220,1호선,방학,B1,-1,지하 1층,고객센터,고객센터,"(1) 1,2번 출구 맞이방"
KR_1_0541,1호선,창동,3F,3,지상 3층,환승승강장,4호선 승강장 (노원 방면),4호선
KR_1_0541,1호선,창동,3F,3,지상 3층,환승승강장,4호선 승강장 (쌍문 방면),4호선
KR_1_0541,1호선,창동,2F,2,지상 2층,대합실,대합실,
KR_1_0541,1호선,창동,2F,2,지상 2층,개찰구,표 내는 곳,
KR_1_0541,1호선,창동,1F,1,지상 1층,출입구,1번 출입구,교통약자 동선 연결
KR_1_0541,1호선,창동,1F,1,지상 1층,출입구,2번 출입구,교통약자 동선 연결
KR_1_0541,1호선,창동,1F,1,지상 1층,승강장,1호선 승강장 (방학 방면),쌍섬식 (2폼 4선식)
KR_1_0541,1호선,창동,1F,1,지상 1층,승강장,1호선 승강장 (녹천 방면),쌍섬식 (2폼 4선식)
KR_1_0119,1호선,녹천,2F,2,지상 2층,개찰구,표 내는 곳,
KR_1_0119,1호선,녹천,2F,2,지상 2층,엘리베이터,일반승강기,[6호기](1F)3번출입구옆(2F)3번출입구계단앞
KR_1_0119,1호선,녹천,2F,2,지상 2층,엘리베이터,일반승강기,[2호기](1F)2번출입구옆(2F)맞이방표내는곳앞
KR_1_0119,1호선,녹천,2F,2,지상 2층,엘리베이터,일반승강기,[1호기](1F)1번출입구옆(2F)맞이방표내는곳앞
KR_1_0119,1호선,녹천,2F,2,지상 2층,엘리베이터,일반승강기,[8호기](1F)4번출입구옆(2F)4번출입구계단앞
KR_1_0119,1호선,녹천,2F,2,지상 2층,엘리베이터,일반승강기,[7호기](1F)창동역방향10-4출입문옆(2F)창동역방향승강장계단앞
KR_1_0119,1호선,녹천,2F,2,지상 2층,엘리베이터,일반승강기,[3호기](1F)월계역방향승강장10-4출입문옆(2F)월계역방향승강장계단앞
KR_1_0119,1호선,녹천,2F,2,지상 2층,엘리베이터,일반승강기,[5호기](1F)월계역방향승강장1-1출입문옆(2F)월계역방향승강장계단앞
KR_1_0119,1호선,녹천,2F,2,지상 2층,엘리베이터,일반승강기,[4호기](1F)창동역방향승강장1-1출입문옆(2F)창동역방향승강장계단앞
KR_1_0119,1호선,녹천,2F,2,지상 2층,전동휠체어충전설비,전동휠체어충전설비,"(2F)  북부 맞이방, 2번 출입구 앞"
KR_1_0119,1호선,녹천,2F,2,지상 2층,전동휠체어충전설비,전동휠체어충전설비,"(2F) 남부 맞이방 표내는곳 앞, 환급기옆"
KR_1_0119,1호선,녹천,2F,2,지상 2층,화장실,일반화장실(남),(2F) 북부 월계역 방향 승강장 계단 앞
KR_1_0119,1호선,녹천,2F,2,지상 2층,화장실,일반화장실(여),(2F) 북부 월계역 방향 승강장 계단 앞
KR_1_0119,1호선,녹천,2F,2,지상 2층,화장실,장애인화장실(남),(2F) 북부 월계역 방향 승강장 계단 앞
KR_1_0119,1호선,녹천,2F,2,지상 2층,화장실,장애인화장실(여),(2F) 북부 월계역 방향 승강장 계단 앞
KR_1_0119,1호선,녹천,2F,2,지상 2층,고객센터,고객센터,역무실
KR_1_0119,1호선,녹천,1F,1,지상 1층,엘리베이터,일반승강기,[4호기](1F)창동역방향승강장1-1출입문옆(2F)창동역방향승강장계단앞
KR_1_0119,1호선,녹천,1F,1,지상 1층,엘리베이터,일반승강기,[3호기](1F)월계역방향승강장10-4출입문옆(2F)월계역방향승강장계단앞
KR_1_0119,1호선,녹천,1F,1,지상 1층,엘리베이터,일반승강기,[2호기](1F)2번출입구옆(2F)맞이방표내는곳앞
KR_1_0119,1호선,녹천,1F,1,지상 1층,엘리베이터,일반승강기,[1호기](1F)1번출입구옆(2F)맞이방표내는곳앞
KR_1_0119,1호선,녹천,1F,1,지상 1층,엘리베이터,일반승강기,[8호기](1F)4번출입구옆(2F)4번출입구계단앞
KR_1_0119,1호선,녹천,1F,1,지상 1층,엘리베이터,일반승강기,[7호기](1F)창동역방향10-4출입문옆(2F)창동역방향승강장계단앞
KR_1_0119,1호선,녹천,1F,1,지상 1층,엘리베이터,일반승강기,[5호기](1F)월계역방향승강장1-1출입문옆(2F)월계역방향승강장계단앞
KR_1_0119,1호선,녹천,1F,1,지상 1층,엘리베이터,일반승강기,[6호기](1F)3번출입구옆(2F)3번출입구계단앞
KR_1_0119,1호선,녹천,1F,1,지상 1층,화장실,일반화장실(남),(1F) 남부 월계역 방향 승강장 5호기 E/V 옆
KR_1_0119,1호선,녹천,1F,1,지상 1층,화장실,일반화장실(여),(1F) 남부 월계역 방향 승강장 5호기 E/V 옆
KR_1_0119,1호선,녹천,1F,1,지상 1층,화장실,장애인화장실(남),(1F) 남부 월계역 방향 승강장 5호기 E/V 옆
KR_1_0119,1호선,녹천,1F,1,지상 1층,화장실,장애인화장실(여),(1F) 남부 월계역 방향 승강장 5호기 E/V 옆
KR_1_0119,1호선,녹천,1F,1,지상 1층,출입구,1번 출입구,교통약자 동선 연결
KR_1_0119,1호선,녹천,1F,1,지상 1층,출입구,2번 출입구,교통약자 동선 연결
KR_1_0119,1호선,녹천,1F,1,지상 1층,출입구,3번 출입구,교통약자 동선 연결
KR_1_0119,1호선,녹천,1F,1,지상 1층,출입구,4번 출입구,교통약자 동선 연결
KR_1_0119,1호선,녹천,1F,1,지상 1층,승강장,1호선 승강장 (창동 방면),상대식
KR_1_0119,1호선,녹천,1F,1,지상 1층,승강장,1호선 승강장 (월계 방면),상대식
KR_1_0459,1호선,월계,2F,2,지상 2층,개찰구,표 내는 곳,
KR_1_0459,1호선,월계,2F,2,지상 2층,엘리베이터,일반승강기,[7호기](1F)4번출입구계단뒤(2F)남부맞이방
KR_1_0459,1호선,월계,2F,2,지상 2층,엘리베이터,일반승강기,"[3호기](1F)1번출입구계단뒤(2F)1번출입구2층계단앞,한내교출입구옆"
KR_1_0459,1호선,월계,2F,2,지상 2층,엘리베이터,일반승강기,"[2호기](1)소요산방항승강장1-1출입문앞(2)에스컬레이터2호기,소요산방향승강장계단앞"
KR_1_0459,1호선,월계,2F,2,지상 2층,엘리베이터,일반승강기,"[1호기](1)인천방항승강장10-4출입문앞(2)에스컬레이터1호기,인천방향승강장계단앞"
KR_1_0459,1호선,월계,2F,2,지상 2층,엘리베이터,일반승강기,"[8호기](1F)인천방항승강장계단뒤(2F)남부맞이방표내는곳,인천방향승강장2층계단옆"
KR_1_0459,1호선,월계,2F,2,지상 2층,엘리베이터,일반승강기,"[4호기](1F)2번출입구계단근처(2F)2번출입구2층계단앞,1번/2번출입구사이복도"
KR_1_0459,1호선,월계,2F,2,지상 2층,엘리베이터,일반승강기,"[6호기](1F)소요산방항승강장계단뒤여자화장실맞은편(2F)남부맞이방표내는곳,소요산방향승강장2층계단옆"
KR_1_0459,1호선,월계,2F,2,지상 2층,엘리베이터,일반승강기,[5호기](1F)3번출입구계단뒤(2F)남부맞이방
KR_1_0459,1호선,월계,2F,2,지상 2층,화장실,일반화장실(남),"(2F) 북부 역무실 옆, 1번 출입구 방향 "
KR_1_0459,1호선,월계,2F,2,지상 2층,화장실,일반화장실(여),"(2F) 북부 역무실 옆, 1번 출입구 방향 "
KR_1_0459,1호선,월계,2F,2,지상 2층,화장실,장애인화장실(남),"(2F) 북부 역무실 옆, 1번 출입구 방향 "
KR_1_0459,1호선,월계,2F,2,지상 2층,화장실,장애인화장실(여),"(2F) 북부 역무실 옆, 1번 출입구 방향 "
KR_1_0459,1호선,월계,2F,2,지상 2층,고객센터,고객센터,역무실
KR_1_0459,1호선,월계,2F,2,지상 2층,수유실,수유실,"(2F) 북부 맞이방 고객센터, 화장실 사이"
KR_1_0459,1호선,월계,1F,1,지상 1층,엘리베이터,일반승강기,"[6호기](1F)소요산방항승강장계단뒤여자화장실맞은편(2F)남부맞이방표내는곳,소요산방향승강장2층계단옆"
KR_1_0459,1호선,월계,1F,1,지상 1층,엘리베이터,일반승강기,[5호기](1F)3번출입구계단뒤(2F)남부맞이방
KR_1_0459,1호선,월계,1F,1,지상 1층,엘리베이터,일반승강기,"[4호기](1F)2번출입구계단근처(2F)2번출입구2층계단앞,1번/2번출입구사이복도"
KR_1_0459,1호선,월계,1F,1,지상 1층,엘리베이터,일반승강기,"[3호기](1F)1번출입구계단뒤(2F)1번출입구2층계단앞,한내교출입구옆"
KR_1_0459,1호선,월계,1F,1,지상 1층,엘리베이터,일반승강기,"[8호기](1F)인천방항승강장계단뒤(2F)남부맞이방표내는곳,인천방향승강장2층계단옆"
KR_1_0459,1호선,월계,1F,1,지상 1층,엘리베이터,일반승강기,[7호기](1F)4번출입구계단뒤(2F)남부맞이방
KR_1_0459,1호선,월계,1F,1,지상 1층,엘리베이터,일반승강기,"[2호기](1)소요산방항승강장1-1출입문앞(2)에스컬레이터2호기,소요산방향승강장계단앞"
KR_1_0459,1호선,월계,1F,1,지상 1층,엘리베이터,일반승강기,"[1호기](1)인천방항승강장10-4출입문앞(2)에스컬레이터1호기,인천방향승강장계단앞"
KR_1_0459,1호선,월계,1F,1,지상 1층,화장실,일반화장실(남),(1F) 소요산 방향 승강장 남쪽 끝단
KR_1_0459,1호선,월계,1F,1,지상 1층,화장실,일반화장실(여),(1F) 소요산 방향 승강장 남쪽 끝단
KR_1_0459,1호선,월계,1F,1,지상 1층,화장실,장애인화장실(남),(1F) 소요산 방향 승강장 남쪽 끝단
KR_1_0459,1호선,월계,1F,1,지상 1층,화장실,장애인화장실(여),(1F) 소요산 방향 승강장 남쪽 끝단
KR_1_0459,1호선,월계,1F,1,지상 1층,출입구,1번 출입구,교통약자 동선 연결
KR_1_0459,1호선,월계,1F,1,지상 1층,출입구,2번 출입구,교통약자 동선 연결
KR_1_0459,1호선,월계,1F,1,지상 1층,출입구,3번 출입구,교통약자 동선 연결
KR_1_0459,1호선,월계,1F,1,지상 1층,출입구,4번 출입구,교통약자 동선 연결
KR_1_0459,1호선,월계,1F,1,지상 1층,승강장,1호선 승강장 (녹천 방면),상대식
KR_1_0459,1호선,월계,1F,1,지상 1층,승강장,1호선 승강장 (광운대 방면),상대식
KR_1_0065,1호선,광운대,2F,2,지상 2층,개찰구,표 내는 곳,
KR_1_0065,1호선,광운대,1F,1,지상 1층,엘리베이터,일반승강기,[1호기]소요산방면4호차옆
KR_1_0065,1호선,광운대,1F,1,지상 1층,휠체어리프트,휠체어리프트,인천방면
KR_1_0065,1호선,광운대,1F,1,지상 1층,휠체어리프트,휠체어리프트,경춘선 방면
KR_1_0065,1호선,광운대,1F,1,지상 1층,화장실,일반화장실(남),1번 출입구 방향
KR_1_0065,1호선,광운대,1F,1,지상 1층,화장실,일반화장실(여),1번 출입구 방향
KR_1_0065,1호선,광운대,1F,1,지상 1층,화장실,장애인화장실(남),1번 출입구 방향
KR_1_0065,1호선,광운대,1F,1,지상 1층,화장실,장애인화장실(여),1번 출입구 방향
KR_1_0065,1호선,광운대,1F,1,지상 1층,고객센터,고객센터,1층 표 내는 곳
KR_1_0065,1호선,광운대,1F,1,지상 1층,출입구,1번 출입구,교통약자 동선 연결
KR_1_0065,1호선,광운대,1F,1,지상 1층,출입구,2번 출입구,교통약자 동선 연결
KR_1_0065,1호선,광운대,1F,1,지상 1층,출입구,3번 출입구,교통약자 동선 연결
KR_1_0065,1호선,광운대,1F,1,지상 1층,승강장,1호선 승강장 (월계 방면),상대식
KR_1_0065,1호선,광운대,1F,1,지상 1층,승강장,1호선 승강장 (석계 방면),상대식
KR_1_0065,1호선,광운대,B1,-1,지하 1층,엘리베이터,일반승강기,[1호기]소요산방면4호차옆
KR_1_0300,1호선,석계,2F,2,지상 2층,승강장,1호선 승강장 (광운대 방면),섬식
KR_1_0300,1호선,석계,2F,2,지상 2층,승강장,1호선 승강장 (신이문 방면),섬식
KR_1_0300,1호선,석계,1F,1,지상 1층,엘리베이터,일반승강기,[1호기]대합실중앙
KR_1_0300,1호선,석계,B1,-1,지하 1층,엘리베이터,일반승강기,[1호기]대합실중앙
KR_1_0300,1호선,석계,B1,-1,지하 1층,화장실,일반화장실(남),(B1) 게이트 개표 후 왼쪽 방향
KR_1_0300,1호선,석계,B1,-1,지하 1층,화장실,일반화장실(여),(B1) 게이트 개표 후 왼쪽 방향
KR_1_0300,1호선,석계,B1,-1,지하 1층,화장실,장애인화장실(남),(B1) 게이트 개표 후 왼쪽 방향
KR_1_0300,1호선,석계,B1,-1,지하 1층,화장실,장애인화장실(여),(B1) 게이트 개표 후 왼쪽 방향
KR_1_0300,1호선,석계,B1,-1,지하 1층,고객센터,고객센터,(B1) 대합실 내 역무실
KR_1_0300,1호선,석계,B1,-1,지하 1층,출입구,1번 출입구,교통약자 동선 연결
KR_1_0300,1호선,석계,B3,-3,지하 3층,환승승강장,6호선 승강장 (태릉입구 방면),6호선
KR_1_0300,1호선,석계,B3,-3,지하 3층,환승승강장,6호선 승강장 (돌곶이 방면),6호선
KR_1_0371,1호선,신이문,2F,2,지상 2층,개찰구,표 내는 곳,
KR_1_0371,1호선,신이문,2F,2,지상 2층,엘리베이터,일반승강기,"[3호기](2F) 북부역사 외부통로
(1F) 3번 출입구 방향"
KR_1_0371,1호선,신이문,2F,2,지상 2층,엘리베이터,일반승강기,[4호기](1F)5번출입구옆(2F)표내는곳
KR_1_0371,1호선,신이문,2F,2,지상 2층,엘리베이터,일반승강기,[3호기](1F)3번출입구옆(2F)맞이방
KR_1_0371,1호선,신이문,2F,2,지상 2층,엘리베이터,일반승강기,[2호기](1F)2번출입구옆(2F)표내는곳
KR_1_0371,1호선,신이문,2F,2,지상 2층,엘리베이터,일반승강기,[1호기](1F)1번출입구옆(2F)표내는곳
KR_1_0371,1호선,신이문,2F,2,지상 2층,휠체어리프트,휠체어리프트,(2F) 맞이방 2번 출구 앞
KR_1_0371,1호선,신이문,1F,1,지상 1층,개찰구,표 내는 곳,
KR_1_0371,1호선,신이문,1F,1,지상 1층,엘리베이터,일반승강기,[4호기](1F)5번출입구옆(2F)표내는곳
KR_1_0371,1호선,신이문,1F,1,지상 1층,엘리베이터,일반승강기,[3호기](1F)3번출입구옆(2F)맞이방
KR_1_0371,1호선,신이문,1F,1,지상 1층,엘리베이터,일반승강기,[1호기](1F)1번출입구옆(2F)표내는곳
KR_1_0371,1호선,신이문,1F,1,지상 1층,엘리베이터,일반승강기,[2호기](1F)2번출입구옆(2F)표내는곳
KR_1_0371,1호선,신이문,1F,1,지상 1층,휠체어리프트,휠체어리프트,(1F) 외대앞역 방향 승강장 10-4 출입문 앞
KR_1_0371,1호선,신이문,1F,1,지상 1층,휠체어리프트,휠체어리프트,(1F) 석계역 방향 승강장 1-1 출입문 앞
KR_1_0371,1호선,신이문,1F,1,지상 1층,화장실,일반화장실(남),(1F) 1번/2번  출입구 방향 석계역 방향 승강장 계단 아래
KR_1_0371,1호선,신이문,1F,1,지상 1층,화장실,일반화장실(여),(1F) 1번/2번  출입구 방향 석계역 방향 승강장 계단 아래
KR_1_0371,1호선,신이문,1F,1,지상 1층,고객센터,고객센터,역무실
KR_1_0371,1호선,신이문,1F,1,지상 1층,출입구,1번 출입구,교통약자 동선 연결
KR_1_0371,1호선,신이문,1F,1,지상 1층,출입구,2번 출입구,교통약자 동선 연결
KR_1_0371,1호선,신이문,1F,1,지상 1층,출입구,3번 출입구,교통약자 동선 연결
KR_1_0371,1호선,신이문,1F,1,지상 1층,출입구,4번 출입구,교통약자 동선 연결
KR_1_0371,1호선,신이문,1F,1,지상 1층,출입구,5번 출입구,
KR_1_0371,1호선,신이문,1F,1,지상 1층,승강장,1호선 승강장 (석계 방면),상대식
KR_1_0371,1호선,신이문,1F,1,지상 1층,승강장,1호선 승강장 (외대앞 방면),상대식
KR_1_0442,1호선,외대앞,2F,2,지상 2층,고객센터,고객센터,역무실
KR_1_0442,1호선,외대앞,2F,2,지상 2층,승강장,1호선 승강장 (신이문 방면),섬식
KR_1_0442,1호선,외대앞,2F,2,지상 2층,승강장,1호선 승강장 (회기 방면),섬식
KR_1_0442,1호선,외대앞,1F,1,지상 1층,휠체어리프트,휠체어리프트,(1층)신이문역 방향 10-4  뒤 계단
KR_1_0442,1호선,외대앞,1F,1,지상 1층,화장실,일반화장실(남),1번출입구 표내는 곳 안쪽 방향
KR_1_0442,1호선,외대앞,1F,1,지상 1층,화장실,일반화장실(여),1번출입구 표내는 곳 안쪽 방향
KR_1_0442,1호선,외대앞,1F,1,지상 1층,화장실,장애인화장실(남),1번출입구 표내는 곳 안쪽 방향
KR_1_0442,1호선,외대앞,1F,1,지상 1층,화장실,장애인화장실(여),1번출입구 표내는 곳 안쪽 방향
KR_1_0442,1호선,외대앞,1F,1,지상 1층,출입구,1번 출입구,교통약자 동선 연결
KR_1_0442,1호선,외대앞,1F,1,지상 1층,출입구,5번 출입구,교통약자 동선 연결
KR_1_0604,1호선,회기,2F,2,지상 2층,대합실,대합실,
KR_1_0604,1호선,회기,2F,2,지상 2층,개찰구,표 내는 곳,
KR_1_0604,1호선,회기,2F,2,지상 2층,엘리베이터,일반승강기,[1호기]자유통로(2층)<->외부(경희대1번출구)
KR_1_0604,1호선,회기,2F,2,지상 2층,엘리베이터,일반승강기,[2호기]자유통로(2층)<->외부(삼육대2번출구)
KR_1_0604,1호선,회기,2F,2,지상 2층,엘리베이터,일반승강기,[3호기]맞이방(2층)<->경원승강장(1층)
KR_1_0604,1호선,회기,2F,2,지상 2층,엘리베이터,일반승강기,[4호기]맞이방(2층)<->중앙선승강장(1층)
KR_1_0604,1호선,회기,2F,2,지상 2층,화장실,일반화장실(남),2층 맞이방
KR_1_0604,1호선,회기,2F,2,지상 2층,화장실,일반화장실(여),2층 맞이방
KR_1_0604,1호선,회기,2F,2,지상 2층,화장실,장애인화장실(남),2층 맞이방
KR_1_0604,1호선,회기,2F,2,지상 2층,화장실,장애인화장실(여),2층 맞이방
KR_1_0604,1호선,회기,2F,2,지상 2층,고객센터,고객센터,2층 맞이방
KR_1_0604,1호선,회기,2F,2,지상 2층,수유실,수유실,삼육대방면 2번 출구
KR_1_0604,1호선,회기,1F,1,지상 1층,엘리베이터,일반승강기,[4호기]맞이방(2층)<->중앙선승강장(1층)
KR_1_0604,1호선,회기,1F,1,지상 1층,엘리베이터,일반승강기,[3호기]맞이방(2층)<->경원승강장(1층)
KR_1_0604,1호선,회기,1F,1,지상 1층,엘리베이터,일반승강기,[2호기]자유통로(2층)<->외부(삼육대2번출구)
KR_1_0604,1호선,회기,1F,1,지상 1층,엘리베이터,일반승강기,[1호기]자유통로(2층)<->외부(경희대1번출구)
KR_1_0604,1호선,회기,1F,1,지상 1층,전동휠체어충전설비,전동휠체어충전설비,2층 자유통로 (2번출구방면)
KR_1_0604,1호선,회기,1F,1,지상 1층,출입구,1번 출입구,교통약자 동선 연결
KR_1_0604,1호선,회기,1F,1,지상 1층,출입구,2번 출입구,교통약자 동선 연결
KR_1_0604,1호선,회기,1F,1,지상 1층,승강장,1호선 승강장 (외대앞 방면),섬식
KR_1_0604,1호선,회기,1F,1,지상 1층,승강장,1호선 승강장 (남영 방면),섬식
KR_1_0604,1호선,회기,1F,1,지상 1층,환승승강장,경의중앙선 승강장 (청량리 방면),경의중앙선
KR_1_0604,1호선,회기,1F,1,지상 1층,환승승강장,경의중앙선 승강장 (중랑 방면),경의중앙선
KR_1_0604,1호선,회기,1F,1,지상 1층,환승승강장,경춘선 승강장 (청량리 방면),경춘선
KR_1_0604,1호선,회기,1F,1,지상 1층,환승승강장,경춘선 승강장 (중랑 방면),경춘선
S1_1_0552,1호선,청량리,1F,1,지상 1층,엘리베이터,일반승강기,[2호기]2번출구측
S1_1_0552,1호선,청량리,1F,1,지상 1층,엘리베이터,일반승강기,[1호기]6번출구측
S1_1_0552,1호선,청량리,1F,1,지상 1층,출입구,2번 출입구,교통약자 동선 연결
S1_1_0552,1호선,청량리,1F,1,지상 1층,출입구,4번 출입구,
S1_1_0552,1호선,청량리,1F,1,지상 1층,출입구,6번 출입구,
S1_1_0552,1호선,청량리,B1,-1,지하 1층,엘리베이터,일반승강기,[2호기]2번출구측
S1_1_0552,1호선,청량리,B1,-1,지하 1층,엘리베이터,일반승강기,[1호기](B2-F1)6번 출입구측
S1_1_0552,1호선,청량리,B1,-1,지하 1층,화장실,일반화장실(남),4번출입구 아래
S1_1_0552,1호선,청량리,B1,-1,지하 1층,화장실,일반화장실(여),4번출입구 아래
S1_1_0552,1호선,청량리,B1,-1,지하 1층,화장실,장애인화장실(남),4번출입구 아래
S1_1_0552,1호선,청량리,B1,-1,지하 1층,화장실,장애인화장실(여),4번출입구 아래
S1_1_0552,1호선,청량리,B1,-1,지하 1층,승강장,1호선 승강장 (청량리 방면),섬식
S1_1_0552,1호선,청량리,B1,-1,지하 1층,승강장,1호선 승강장 (제기동 방면),섬식
S1_1_0552,1호선,청량리,B2,-2,지하 2층,대합실,대합실,
S1_1_0552,1호선,청량리,B2,-2,지하 2층,개찰구,표 내는 곳,
S1_1_0552,1호선,청량리,B2,-2,지하 2층,엘리베이터,일반승강기,[1호기]6번출구측
S1_1_0552,1호선,청량리,B2,-2,지하 2층,고객센터,고객센터,B2층 대합실
S1_1_0512,1호선,제기동,1F,1,지상 1층,엘리베이터,일반승강기,[3호기]1번출구측
S1_1_0512,1호선,제기동,1F,1,지상 1층,출입구,1번 출입구,교통약자 동선 연결
S1_1_0512,1호선,제기동,1F,1,지상 1층,출입구,2번 출입구,
S1_1_0512,1호선,제기동,B1,-1,지하 1층,대합실,대합실,
S1_1_0512,1호선,제기동,B1,-1,지하 1층,개찰구,표 내는 곳,
S1_1_0512,1호선,제기동,B1,-1,지하 1층,엘리베이터,일반승강기,[3호기]1번출구측
S1_1_0512,1호선,제기동,B1,-1,지하 1층,엘리베이터,일반승강기,[2호기]신설동방면2-1
S1_1_0512,1호선,제기동,B1,-1,지하 1층,엘리베이터,일반승강기,[1호기]청량리방면9-4
S1_1_0512,1호선,제기동,B1,-1,지하 1층,전동휠체어충전설비,전동휠체어충전설비,1번 출구 개찰구 앞 5m 지점
S1_1_0512,1호선,제기동,B1,-1,지하 1층,화장실,일반화장실(남),2번출입구우측
S1_1_0512,1호선,제기동,B1,-1,지하 1층,화장실,일반화장실(여),2번출입구우측
S1_1_0512,1호선,제기동,B1,-1,지하 1층,화장실,장애인화장실(남),2번출입구우측
S1_1_0512,1호선,제기동,B1,-1,지하 1층,화장실,장애인화장실(여),2번출입구우측
S1_1_0512,1호선,제기동,B1,-1,지하 1층,고객센터,고객센터,B1층 대합실
S1_1_0512,1호선,제기동,B2,-2,지하 2층,엘리베이터,일반승강기,[1호기]청량리방면9-4
S1_1_0512,1호선,제기동,B2,-2,지하 2층,엘리베이터,일반승강기,[2호기]신설동방면2-1
S1_1_0512,1호선,제기동,B2,-2,지하 2층,승강장,1호선 승강장 (청량리 방면),상대식
S1_1_0512,1호선,제기동,B2,-2,지하 2층,승강장,1호선 승강장 (신설동 방면),상대식
S1_1_0367,1호선,신설동,1F,1,지상 1층,엘리베이터,일반승강기,[3호기]1번출구측
S1_1_0367,1호선,신설동,1F,1,지상 1층,엘리베이터,일반승강기,"[5호기]4,5번출구사이"
S1_1_0367,1호선,신설동,1F,1,지상 1층,엘리베이터,일반승강기,"[4호기]2,3번출구사이"
S1_1_0367,1호선,신설동,1F,1,지상 1층,출입구,1번 출입구,
S1_1_0367,1호선,신설동,1F,1,지상 1층,출입구,3번 출입구,교통약자 동선 연결
S1_1_0367,1호선,신설동,1F,1,지상 1층,출입구,5번 출입구,교통약자 동선 연결
S1_1_0367,1호선,신설동,B1,-1,지하 1층,대합실,대합실,
S1_1_0367,1호선,신설동,B1,-1,지하 1층,개찰구,표 내는 곳,
S1_1_0367,1호선,신설동,B1,-1,지하 1층,엘리베이터,일반승강기,"[5호기]4,5번출구사이"
S1_1_0367,1호선,신설동,B1,-1,지하 1층,엘리베이터,일반승강기,"[4호기]2,3번출구사이"
S1_1_0367,1호선,신설동,B1,-1,지하 1층,엘리베이터,일반승강기,[3호기]1번출구측
S1_1_0367,1호선,신설동,B1,-1,지하 1층,엘리베이터,일반승강기,[1호기]제기동방면3-4
S1_1_0367,1호선,신설동,B1,-1,지하 1층,엘리베이터,일반승강기,[2호기]동묘앞방면8-1
S1_1_0367,1호선,신설동,B1,-1,지하 1층,휠체어리프트,휠체어리프트,연결통로(대합실)
S1_1_0367,1호선,신설동,B1,-1,지하 1층,화장실,일반화장실(남),대합실(지하1층) 역무실 앞
S1_1_0367,1호선,신설동,B1,-1,지하 1층,화장실,일반화장실(여),대합실(지하1층) 역무실 앞
S1_1_0367,1호선,신설동,B1,-1,지하 1층,화장실,장애인화장실(남),대합실(지하1층) 역무실 앞
S1_1_0367,1호선,신설동,B1,-1,지하 1층,화장실,장애인화장실(여),대합실(지하1층) 역무실 앞
S1_1_0367,1호선,신설동,B1,-1,지하 1층,고객센터,고객센터,B1층 대합실
S1_1_0367,1호선,신설동,B2,-2,지하 2층,개찰구,표 내는 곳,
S1_1_0367,1호선,신설동,B2,-2,지하 2층,엘리베이터,일반승강기,[1호기]제기동방면3-4
S1_1_0367,1호선,신설동,B2,-2,지하 2층,엘리베이터,일반승강기,[2호기]동묘앞방면8-1
S1_1_0367,1호선,신설동,B2,-2,지하 2층,휠체어리프트,휠체어리프트,제기동 방면
S1_1_0367,1호선,신설동,B2,-2,지하 2층,휠체어리프트,휠체어리프트,동묘앞 방면
S1_1_0367,1호선,신설동,B2,-2,지하 2층,승강장,1호선 승강장 (제기동 방면),상대식
S1_1_0367,1호선,신설동,B2,-2,지하 2층,승강장,1호선 승강장 (동묘앞 방면),상대식
S1_1_0367,1호선,신설동,B2,-2,지하 2층,환승승강장,2호선 승강장 (용두 방면),2호선
S1_1_0367,1호선,신설동,B2,-2,지하 2층,환승승강장,우이신설선 승강장 (보문 방면),우이신설선
S1_1_0161,1호선,동묘앞,4F,4,지상 4층,엘리베이터,일반승강기,[1호기]신설동방면6-2
S1_1_0161,1호선,동묘앞,3F,3,지상 3층,엘리베이터,일반승강기,[1호기](B1-F4)본관건물(상)6-2
S1_1_0161,1호선,동묘앞,2F,2,지상 2층,엘리베이터,일반승강기,[1호기](B1-F4)본관건물(상)6-2
S1_1_0161,1호선,동묘앞,1F,1,지상 1층,대합실,대합실,
S1_1_0161,1호선,동묘앞,1F,1,지상 1층,개찰구,표 내는 곳,
S1_1_0161,1호선,동묘앞,1F,1,지상 1층,엘리베이터,일반승강기,[1호기](B1-F4)본관건물(상)6-2
S1_1_0161,1호선,동묘앞,1F,1,지상 1층,엘리베이터,일반승강기,"[6호기]1,10번출구사이"
S1_1_0161,1호선,동묘앞,1F,1,지상 1층,엘리베이터,일반승강기,[7호기]3번출구측
S1_1_0161,1호선,동묘앞,1F,1,지상 1층,화장실,일반화장실(남),1층 역무실 부근
S1_1_0161,1호선,동묘앞,1F,1,지상 1층,화장실,일반화장실(여),1층 역무실 부근
S1_1_0161,1호선,동묘앞,1F,1,지상 1층,화장실,장애인화장실(남),1층 역무실 부근
S1_1_0161,1호선,동묘앞,1F,1,지상 1층,화장실,장애인화장실(여),1층 역무실 부근
S1_1_0161,1호선,동묘앞,1F,1,지상 1층,고객센터,고객센터,1층 대합실
S1_1_0161,1호선,동묘앞,1F,1,지상 1층,출입구,2번 출입구,교통약자 동선 연결
S1_1_0161,1호선,동묘앞,1F,1,지상 1층,출입구,3번 출입구,교통약자 동선 연결
S1_1_0161,1호선,동묘앞,1F,1,지상 1층,출입구,10번 출입구,
S1_1_0161,1호선,동묘앞,B1,-1,지하 1층,개찰구,표 내는 곳,
S1_1_0161,1호선,동묘앞,B1,-1,지하 1층,엘리베이터,일반승강기,[7호기]3번출구측
S1_1_0161,1호선,동묘앞,B1,-1,지하 1층,엘리베이터,일반승강기,[1호기]신설동방면6-2
S1_1_0161,1호선,동묘앞,B1,-1,지하 1층,엘리베이터,일반승강기,"[6호기]1,10번출구사이"
S1_1_0161,1호선,동묘앞,B1,-1,지하 1층,엘리베이터,일반승강기,[3호기]신설동방면4-8
S1_1_0161,1호선,동묘앞,B1,-1,지하 1층,엘리베이터,일반승강기,[5호기]동대문(1)방면1-2
S1_1_0161,1호선,동묘앞,B1,-1,지하 1층,엘리베이터,일반승강기,[4호기]동대문(1)방면7-3
S1_1_0161,1호선,동묘앞,B1,-1,지하 1층,엘리베이터,일반승강기,[2호기]신설동방면10-3
S1_1_0161,1호선,동묘앞,B1,-1,지하 1층,전동휠체어충전설비,전동휠체어충전설비,B1층 상선 승강장 2-2 지점
S1_1_0161,1호선,동묘앞,B1,-1,지하 1층,화장실,일반화장실(남),하선승강장 7-3지점
S1_1_0161,1호선,동묘앞,B1,-1,지하 1층,화장실,일반화장실(남),지하1층 3번출입구 부근
S1_1_0161,1호선,동묘앞,B1,-1,지하 1층,화장실,일반화장실(남),상선승강장 4-3지점
S1_1_0161,1호선,동묘앞,B1,-1,지하 1층,화장실,일반화장실(여),상선승강장 4-3지점
S1_1_0161,1호선,동묘앞,B1,-1,지하 1층,화장실,일반화장실(여),지하1층 3번출입구 부근
S1_1_0161,1호선,동묘앞,B1,-1,지하 1층,화장실,일반화장실(여),하선승강장 7-3지점
S1_1_0161,1호선,동묘앞,B1,-1,지하 1층,화장실,장애인화장실(남),하선승강장 7-3지점
S1_1_0161,1호선,동묘앞,B1,-1,지하 1층,화장실,장애인화장실(남),지하1층 3번출입구 부근
S1_1_0161,1호선,동묘앞,B1,-1,지하 1층,화장실,장애인화장실(남),상선승강장 4-3지점
S1_1_0161,1호선,동묘앞,B1,-1,지하 1층,화장실,장애인화장실(여),하선승강장 7-3지점
S1_1_0161,1호선,동묘앞,B1,-1,지하 1층,화장실,장애인화장실(여),상선승강장 4-3지점
S1_1_0161,1호선,동묘앞,B1,-1,지하 1층,화장실,장애인화장실(여),지하1층 3번출입구 부근
S1_1_0161,1호선,동묘앞,B1,-1,지하 1층,승강장,1호선 승강장 (신설동 방면),상대식
S1_1_0161,1호선,동묘앞,B1,-1,지하 1층,승강장,1호선 승강장 (동대문 방면),상대식
S1_1_0161,1호선,동묘앞,B2,-2,지하 2층,엘리베이터,일반승강기,[5호기]동대문(1)방면1-2
S1_1_0161,1호선,동묘앞,B2,-2,지하 2층,엘리베이터,일반승강기,[4호기]동대문(1)방면7-3
S1_1_0161,1호선,동묘앞,B2,-2,지하 2층,엘리베이터,일반승강기,[3호기]신설동방면4-8
S1_1_0161,1호선,동묘앞,B2,-2,지하 2층,엘리베이터,일반승강기,[2호기]신설동방면10-3
S1_1_0161,1호선,동묘앞,B3,-3,지하 3층,환승승강장,6호선 승강장 (신당 방면),6호선
S1_1_0161,1호선,동묘앞,B3,-3,지하 3층,환승승강장,6호선 승강장 (창신 방면),6호선
S1_1_0155,1호선,동대문,1F,1,지상 1층,엘리베이터,일반승강기,[3호기]6번출구측
S1_1_0155,1호선,동대문,B1,-1,지하 1층,엘리베이터,일반승강기,[3호기]6번출구측
S1_1_0155,1호선,동대문,B1,-1,지하 1층,엘리베이터,일반승강기,[1호기]동묘앞방면10-4
S1_1_0155,1호선,동대문,B1,-1,지하 1층,엘리베이터,일반승강기,[2호기]종로5가방면2-1
S1_1_0155,1호선,동대문,B1,-1,지하 1층,화장실,일반화장실(남),지하1층 4번출입구 부근
S1_1_0155,1호선,동대문,B1,-1,지하 1층,화장실,일반화장실(여),지하1층 4번출입구 부근
S1_1_0155,1호선,동대문,B1,-1,지하 1층,화장실,장애인화장실(남),지하1층 4번출입구 부근
S1_1_0155,1호선,동대문,B1,-1,지하 1층,화장실,장애인화장실(여),지하1층 4번출입구 부근
S1_1_0155,1호선,동대문,B1,-1,지하 1층,고객센터,고객센터,B1층 대합실
S1_1_0155,1호선,동대문,B1,-1,지하 1층,수유실,수유실,B1 고객안전실  인접
S1_1_0155,1호선,동대문,B1,-1,지하 1층,출입구,4번 출입구,
S1_1_0155,1호선,동대문,B1,-1,지하 1층,출입구,6번 출입구,교통약자 동선 연결
S1_1_0155,1호선,동대문,B2,-2,지하 2층,엘리베이터,일반승강기,[2호기]종로5가방면2-1
S1_1_0155,1호선,동대문,B2,-2,지하 2층,엘리베이터,일반승강기,[1호기]동묘앞방면10-4
S1_1_0155,1호선,동대문,B4,-4,지하 4층,승강장,1호선 승강장 (동묘앞 방면),상대식
S1_1_0155,1호선,동대문,B4,-4,지하 4층,승강장,1호선 승강장 (종로5가 방면),상대식
S1_1_0517,1호선,종로5가,1F,1,지상 1층,엘리베이터,일반승강기,"[3호기]8,9번(지하상가)출구사이"
S1_1_0517,1호선,종로5가,1F,1,지상 1층,출입구,8번 출입구,교통약자 동선 연결
S1_1_0517,1호선,종로5가,B1,-1,지하 1층,대합실,대합실,
S1_1_0517,1호선,종로5가,B1,-1,지하 1층,개찰구,표 내는 곳,
S1_1_0517,1호선,종로5가,B1,-1,지하 1층,엘리베이터,일반승강기,"[3호기]8,9번(지하상가)출구사이"
S1_1_0517,1호선,종로5가,B1,-1,지하 1층,엘리베이터,일반승강기,[2호기]종로3가방면3-2
S1_1_0517,1호선,종로5가,B1,-1,지하 1층,엘리베이터,일반승강기,[1호기]동대문(1)방면8-3
S1_1_0517,1호선,종로5가,B1,-1,지하 1층,전동휠체어충전설비,전동휠체어충전설비,대합실 G계단측 벽면
S1_1_0517,1호선,종로5가,B1,-1,지하 1층,화장실,일반화장실(남),지하1층 지하상가 연결통로앞
S1_1_0517,1호선,종로5가,B1,-1,지하 1층,화장실,일반화장실(여),지하1층 지하상가 연결통로앞
S1_1_0517,1호선,종로5가,B1,-1,지하 1층,화장실,장애인화장실(남),지하1층 지하상가 연결통로앞
S1_1_0517,1호선,종로5가,B1,-1,지하 1층,화장실,장애인화장실(여),지하1층 지하상가 연결통로앞
S1_1_0517,1호선,종로5가,B1,-1,지하 1층,고객센터,고객센터,B1층 대합실
S1_1_0517,1호선,종로5가,B2,-2,지하 2층,엘리베이터,일반승강기,[1호기]동대문(1)방면8-3
S1_1_0517,1호선,종로5가,B2,-2,지하 2층,엘리베이터,일반승강기,[2호기]종로3가방면3-2
S1_1_0517,1호선,종로5가,B2,-2,지하 2층,승강장,1호선 승강장 (동대문 방면),상대식
S1_1_0517,1호선,종로5가,B2,-2,지하 2층,승강장,1호선 승강장 (종로3가 방면),상대식
S1_1_0515,1호선,종로3가,1F,1,지상 1층,엘리베이터,일반승강기,"[3호기]12,13번출구사이"
S1_1_0515,1호선,종로3가,1F,1,지상 1층,출입구,12번 출입구,교통약자 동선 연결
S1_1_0515,1호선,종로3가,1F,1,지상 1층,출입구,13번 출입구,
S1_1_0515,1호선,종로3가,1F,1,지상 1층,출입구,2-1번 출입구,교통약자 동선 연결
S1_1_0515,1호선,종로3가,B1,-1,지하 1층,대합실,대합실,
S1_1_0515,1호선,종로3가,B1,-1,지하 1층,개찰구,표 내는 곳,
S1_1_0515,1호선,종로3가,B1,-1,지하 1층,엘리베이터,일반승강기,"[3호기]12,13번출구사이"
S1_1_0515,1호선,종로3가,B1,-1,지하 1층,엘리베이터,일반승강기,[2호기]종각방면6-4
S1_1_0515,1호선,종로3가,B1,-1,지하 1층,엘리베이터,일반승강기,[1호기]종로5가방면5-1
S1_1_0515,1호선,종로3가,B1,-1,지하 1층,전동휠체어충전설비,전동휠체어충전설비,12번 출구로 내려와서 20m 지점
S1_1_0515,1호선,종로3가,B1,-1,지하 1층,화장실,일반화장실(남),지하1층 (가) 표 내는 곳 부근
S1_1_0515,1호선,종로3가,B1,-1,지하 1층,화장실,일반화장실(남),지하1층 (라) 표 내는 곳 부근 (고객안전실앞) [표 내는 곳 내]
S1_1_0515,1호선,종로3가,B1,-1,지하 1층,화장실,일반화장실(여),지하1층 (가) 표 내는 곳 부근
S1_1_0515,1호선,종로3가,B1,-1,지하 1층,화장실,일반화장실(여),지하1층 (라) 표 내는 곳 부근 (고객안전실앞) [표 내는 곳 내]
S1_1_0515,1호선,종로3가,B1,-1,지하 1층,화장실,장애인화장실(남),지하1층 (라) 표 내는 곳 부근 (고객안전실앞) [표 내는 곳 내]
S1_1_0515,1호선,종로3가,B1,-1,지하 1층,화장실,장애인화장실(남),지하1층 (가) 표 내는 곳 부근
S1_1_0515,1호선,종로3가,B1,-1,지하 1층,화장실,장애인화장실(여),지하1층 (라) 표 내는 곳 부근 (고객안전실앞) [표 내는 곳 내]
S1_1_0515,1호선,종로3가,B1,-1,지하 1층,화장실,장애인화장실(여),지하1층 (가) 표 내는 곳 부근
S1_1_0515,1호선,종로3가,B1,-1,지하 1층,고객센터,고객센터,B1층 대합실
S1_1_0515,1호선,종로3가,B1,-1,지하 1층,수유실,수유실,B1 고객안전실 인접
S1_1_0515,1호선,종로3가,B2,-2,지하 2층,엘리베이터,일반승강기,[1호기]종로5가방면5-1
S1_1_0515,1호선,종로3가,B2,-2,지하 2층,엘리베이터,일반승강기,[2호기]종각방면6-4
S1_1_0515,1호선,종로3가,B2,-2,지하 2층,승강장,1호선 승강장 (종로5가 방면),상대식
S1_1_0515,1호선,종로3가,B2,-2,지하 2층,승강장,1호선 승강장 (종각 방면),상대식
S1_1_0515,1호선,종로3가,B3,-3,지하 3층,대합실,대합실,
S1_1_0515,1호선,종로3가,B4,-4,지하 4층,대합실,대합실,
S1_1_0515,1호선,종로3가,B4,-4,지하 4층,환승승강장,3호선 승강장 (안국 방면),3호선
S1_1_0515,1호선,종로3가,B4,-4,지하 4층,환승승강장,3호선 승강장 (을지로3가 방면),3호선
S1_1_0515,1호선,종로3가,B5,-5,지하 5층,환승승강장,5호선 승강장 (광화문 방면),5호선
S1_1_0515,1호선,종로3가,B5,-5,지하 5층,환승승강장,5호선 승강장 (을지로4가 방면),5호선
S1_1_0514,1호선,종각,1F,1,지상 1층,엘리베이터,일반승강기,[4호기]1번출구측
S1_1_0514,1호선,종각,1F,1,지상 1층,엘리베이터,일반승강기,[3호기]3번출구측
S1_1_0514,1호선,종각,1F,1,지상 1층,출입구,1번 출입구,교통약자 동선 연결
S1_1_0514,1호선,종각,1F,1,지상 1층,출입구,3번 출입구,교통약자 동선 연결
S1_1_0514,1호선,종각,1F,1,지상 1층,출입구,4번 출입구,
S1_1_0514,1호선,종각,B1,-1,지하 1층,대합실,대합실,
S1_1_0514,1호선,종각,B1,-1,지하 1층,개찰구,표 내는 곳,
S1_1_0514,1호선,종각,B1,-1,지하 1층,엘리베이터,일반승강기,[4호기]1번출구측
S1_1_0514,1호선,종각,B1,-1,지하 1층,엘리베이터,일반승강기,[3호기]3번출구측
S1_1_0514,1호선,종각,B1,-1,지하 1층,엘리베이터,일반승강기,[2호기]시청방면4-4
S1_1_0514,1호선,종각,B1,-1,지하 1층,엘리베이터,일반승강기,[1호기]종로3가방면6-4
S1_1_0514,1호선,종각,B1,-1,지하 1층,전동휠체어충전설비,전동휠체어충전설비,"3, 4번 출구쪽 게이트 방면 45m 지점"
S1_1_0514,1호선,종각,B1,-1,지하 1층,화장실,일반화장실(남),지하1층 (다) 표 내는 곳 부근 (종로3가측)
S1_1_0514,1호선,종각,B1,-1,지하 1층,화장실,일반화장실(남),"지하1층 (가) 표 내는 곳 부근 (연결통로 부근, 시청측)"
S1_1_0514,1호선,종각,B1,-1,지하 1층,화장실,일반화장실(여),"지하1층 (가) 표 내는 곳 부근 (연결통로 부근, 시청측)"
S1_1_0514,1호선,종각,B1,-1,지하 1층,화장실,일반화장실(여),지하1층 (다) 표 내는 곳 부근 (종로3가측)
S1_1_0514,1호선,종각,B1,-1,지하 1층,화장실,장애인화장실(남),"지하1층 (가) 표 내는 곳 부근 (연결통로 부근, 시청측)"
S1_1_0514,1호선,종각,B1,-1,지하 1층,화장실,장애인화장실(남),지하1층 (다) 표 내는 곳 부근 (종로3가측)
S1_1_0514,1호선,종각,B1,-1,지하 1층,화장실,장애인화장실(여),"지하1층 (가) 표 내는 곳 부근 (연결통로 부근, 시청측)"
S1_1_0514,1호선,종각,B1,-1,지하 1층,화장실,장애인화장실(여),지하1층 (다) 표 내는 곳 부근 (종로3가측)
S1_1_0514,1호선,종각,B1,-1,지하 1층,고객센터,고객센터,B1층 대합실
S1_1_0514,1호선,종각,B2,-2,지하 2층,엘리베이터,일반승강기,[1호기]종로3가방면6-4
S1_1_0514,1호선,종각,B2,-2,지하 2층,엘리베이터,일반승강기,[2호기]시청방면4-4
S1_1_0514,1호선,종각,B2,-2,지하 2층,승강장,1호선 승강장 (종로3가 방면),상대식
S1_1_0514,1호선,종각,B2,-2,지하 2층,승강장,1호선 승강장 (시청 방면),상대식
S1_1_0347,1호선,시청,1F,1,지상 1층,엘리베이터,일반승강기,"[3호기]1,2번출구사이"
S1_1_0347,1호선,시청,B1,-1,지하 1층,엘리베이터,일반승강기,"[3호기]1,2번출구사이"
S1_1_0347,1호선,시청,B1,-1,지하 1층,엘리베이터,일반승강기,[2호기]서울역방면8-3
S1_1_0347,1호선,시청,B1,-1,지하 1층,엘리베이터,일반승강기,[1호기]종각방면3-2
S1_1_0347,1호선,시청,B1,-1,지하 1층,화장실,일반화장실(남),지하1층 5번출입구 부근
S1_1_0347,1호선,시청,B1,-1,지하 1층,화장실,일반화장실(여),지하1층 5번출입구 부근
S1_1_0347,1호선,시청,B1,-1,지하 1층,화장실,장애인화장실(남),지하1층 5번출입구 부근
S1_1_0347,1호선,시청,B1,-1,지하 1층,화장실,장애인화장실(여),지하1층 5번출입구 부근
S1_1_0347,1호선,시청,B1,-1,지하 1층,고객센터,고객센터,B1층 대합실
S1_1_0347,1호선,시청,B1,-1,지하 1층,출입구,2번 출입구,교통약자 동선 연결
S1_1_0347,1호선,시청,B1,-1,지하 1층,출입구,5번 출입구,
S1_1_0347,1호선,시청,B2,-2,지하 2층,엘리베이터,일반승강기,[1호기]종각방면3-2
S1_1_0347,1호선,시청,B2,-2,지하 2층,엘리베이터,일반승강기,[2호기]서울역방면8-3
S1_1_0347,1호선,시청,B2,-2,지하 2층,승강장,1호선 승강장 (종각 방면),상대식
S1_1_0347,1호선,시청,B2,-2,지하 2층,승강장,1호선 승강장 (서울역 방면),상대식
S1_1_0296,1호선,서울역,2F,2,지상 2층,대합실,대합실,
S1_1_0296,1호선,서울역,1F,1,지상 1층,대합실,대합실,
S1_1_0296,1호선,서울역,1F,1,지상 1층,엘리베이터,일반승강기,[2호기]2번출구측
S1_1_0296,1호선,서울역,1F,1,지상 1층,엘리베이터,일반승강기,[4호기]3번출구측
S1_1_0296,1호선,서울역,1F,1,지상 1층,엘리베이터,일반승강기,[3호기]4번출구측
S1_1_0296,1호선,서울역,1F,1,지상 1층,출입구,1번 출입구,교통약자 동선 연결
S1_1_0296,1호선,서울역,1F,1,지상 1층,출입구,2번 출입구,교통약자 동선 연결
S1_1_0296,1호선,서울역,1F,1,지상 1층,출입구,3번 출입구,교통약자 동선 연결
S1_1_0296,1호선,서울역,1F,1,지상 1층,출입구,4번 출입구,교통약자 동선 연결
S1_1_0296,1호선,서울역,1F,1,지상 1층,환승승강장,경의중앙선 승강장 (신촌 방면),경의중앙선
S1_1_0296,1호선,서울역,B1,-1,지하 1층,대합실,대합실,
S1_1_0296,1호선,서울역,B1,-1,지하 1층,개찰구,표 내는 곳,
S1_1_0296,1호선,서울역,B1,-1,지하 1층,엘리베이터,일반승강기,[4호기]3번출구측
S1_1_0296,1호선,서울역,B1,-1,지하 1층,엘리베이터,일반승강기,[2호기]2번출구측
S1_1_0296,1호선,서울역,B1,-1,지하 1층,엘리베이터,일반승강기,[3호기]4번출구측
S1_1_0296,1호선,서울역,B1,-1,지하 1층,엘리베이터,일반승강기,[1호기]시청방면5-1
S1_1_0296,1호선,서울역,B1,-1,지하 1층,화장실,일반화장실(남),지하1층 2번출입구 부근
S1_1_0296,1호선,서울역,B1,-1,지하 1층,화장실,일반화장실(여),지하1층 2번출입구 부근
S1_1_0296,1호선,서울역,B1,-1,지하 1층,화장실,장애인화장실(남),지하1층 2번출입구 부근
S1_1_0296,1호선,서울역,B1,-1,지하 1층,화장실,장애인화장실(여),지하1층 2번출입구 부근
S1_1_0296,1호선,서울역,B1,-1,지하 1층,고객센터,고객센터,B1층 대합실
S1_1_0296,1호선,서울역,B2,-2,지하 2층,대합실,대합실,
S1_1_0296,1호선,서울역,B2,-2,지하 2층,엘리베이터,일반승강기,[1호기]시청방면5-1
S1_1_0296,1호선,서울역,B2,-2,지하 2층,승강장,1호선 승강장 (시청 방면),섬식
S1_1_0296,1호선,서울역,B2,-2,지하 2층,승강장,1호선 승강장 (서울역 방면),섬식
S1_1_0296,1호선,서울역,B2,-2,지하 2층,환승승강장,4호선 승강장 (회현 방면),4호선
S1_1_0296,1호선,서울역,B2,-2,지하 2층,환승승강장,4호선 승강장 (숙대입구 방면),4호선
S1_1_0296,1호선,서울역,B3,-3,지하 3층,대합실,대합실,
KR_1_0108,1호선,남영,2F,2,지상 2층,전동휠체어충전설비,전동휠체어충전설비,승강장  중간
KR_1_0108,1호선,남영,2F,2,지상 2층,화장실,일반화장실(남),승강장 북쪽 계단 옆
KR_1_0108,1호선,남영,2F,2,지상 2층,화장실,일반화장실(여),승강장 북쪽 계단 옆
KR_1_0108,1호선,남영,2F,2,지상 2층,화장실,장애인화장실(남),승강장 북쪽 계단 옆
KR_1_0108,1호선,남영,2F,2,지상 2층,화장실,장애인화장실(여),승강장 북쪽 계단 옆
KR_1_0108,1호선,남영,2F,2,지상 2층,승강장,1호선 승강장 (회기 방면),섬식
KR_1_0108,1호선,남영,2F,2,지상 2층,승강장,1호선 승강장 (용산 방면),섬식
KR_1_0108,1호선,남영,1F,1,지상 1층,대합실,대합실,
KR_1_0108,1호선,남영,1F,1,지상 1층,개찰구,표 내는 곳,
KR_1_0108,1호선,남영,1F,1,지상 1층,휠체어리프트,휠체어리프트,계단 옆
KR_1_0108,1호선,남영,1F,1,지상 1층,고객센터,고객센터,맞이방 → 타는곳 계단 하단부
KR_1_0108,1호선,남영,1F,1,지상 1층,출입구,1번 출입구,교통약자 동선 연결
KR_1_0447,1호선,용산,4F,4,지상 4층,화장실,일반화장실(남),(4F)  철도사법경찰대 사무실 옆 
KR_1_0447,1호선,용산,4F,4,지상 4층,화장실,일반화장실(여),(4F)  철도사법경찰대 사무실 옆 
KR_1_0447,1호선,용산,4F,4,지상 4층,화장실,장애인화장실(남),(4F)  철도사법경찰대 사무실 옆 
KR_1_0447,1호선,용산,4F,4,지상 4층,화장실,장애인화장실(여),(4F)  철도사법경찰대 사무실 옆 
KR_1_0447,1호선,용산,3F,3,지상 3층,엘리베이터,일반승강기,[3호기]1F(노량진역방향승강장4-3앞)3F(전철출입게이트앞)
KR_1_0447,1호선,용산,3F,3,지상 3층,엘리베이터,일반승강기,[4호기]1F(남영역방향승강장5-1앞)3F(전철출입게이트앞)
KR_1_0447,1호선,용산,3F,3,지상 3층,전동휠체어충전설비,전동휠체어충전설비,(3F) 1번출구 앞 
KR_1_0447,1호선,용산,3F,3,지상 3층,전동휠체어충전설비,전동휠체어충전설비,(3F) 3번출구 앞 
KR_1_0447,1호선,용산,3F,3,지상 3층,화장실,일반화장실(남),(3F) 1번출구 왼쪽 방향 광역 개집표구 내부 
KR_1_0447,1호선,용산,3F,3,지상 3층,화장실,일반화장실(남),(3F) 2번출구 앞
KR_1_0447,1호선,용산,3F,3,지상 3층,화장실,일반화장실(남),(3F) 1번출구 오른쪽 방향 광역 개집표구 내부 
KR_1_0447,1호선,용산,3F,3,지상 3층,화장실,일반화장실(여),(3F) 1번출구 오른쪽 방향 광역 개집표구 내부 
KR_1_0447,1호선,용산,3F,3,지상 3층,화장실,일반화장실(여),(3F) 2번출구 앞
KR_1_0447,1호선,용산,3F,3,지상 3층,화장실,일반화장실(여),(3F) 1번출구 왼쪽 방향 광역 개집표구 내부 
KR_1_0447,1호선,용산,3F,3,지상 3층,화장실,장애인화장실(남),(3F) 2번출구 앞
KR_1_0447,1호선,용산,3F,3,지상 3층,화장실,장애인화장실(남),(3F) 1번출구 왼쪽 방향 광역 개집표구 내부 
KR_1_0447,1호선,용산,3F,3,지상 3층,화장실,장애인화장실(남),(3F) 1번출구 오른쪽 방향 광역 개집표구 내부 
KR_1_0447,1호선,용산,3F,3,지상 3층,화장실,장애인화장실(여),(3F) 2번출구 앞
KR_1_0447,1호선,용산,3F,3,지상 3층,화장실,장애인화장실(여),(3F) 1번출구 오른쪽 방향 광역 개집표구 내부 
KR_1_0447,1호선,용산,3F,3,지상 3층,화장실,장애인화장실(여),(3F) 1번출구 왼쪽 방향 광역 개집표구 내부 
KR_1_0447,1호선,용산,3F,3,지상 3층,고객센터,고객센터,(3F) 매표소 옆 창구형 종합안내소
KR_1_0447,1호선,용산,3F,3,지상 3층,수유실,수유실,(3F) 대합실 전철 개집표구 옆
KR_1_0447,1호선,용산,3F,3,지상 3층,출입구,1번 출입구,교통약자 동선 연결
KR_1_0447,1호선,용산,3F,3,지상 3층,출입구,2번 출입구,교통약자 동선 연결
KR_1_0447,1호선,용산,3F,3,지상 3층,출입구,3번 출입구,교통약자 동선 연결
KR_1_0447,1호선,용산,2F,2,지상 2층,엘리베이터,일반승강기,"[3호기]1F(노량진역 방향 승강장 4-3앞) 
3F(전철 출입 게이트앞)"
KR_1_0447,1호선,용산,2F,2,지상 2층,엘리베이터,일반승강기,"[4호기]1F( 남영역 방향 승강장 5-1앞) 
3F(전철 출입 게이트앞)"
KR_1_0447,1호선,용산,1F,1,지상 1층,엘리베이터,일반승강기,[4호기]1F(남영역방향승강장5-1앞)3F(전철출입게이트앞)
KR_1_0447,1호선,용산,1F,1,지상 1층,엘리베이터,일반승강기,[3호기]1F(노량진역방향승강장4-3앞)3F(전철출입게이트앞)
KR_1_0447,1호선,용산,1F,1,지상 1층,승강장,1호선 승강장 (남영 방면),섬식
KR_1_0447,1호선,용산,1F,1,지상 1층,승강장,1호선 승강장 (노량진 방면),섬식
KR_1_0114,1호선,노량진,3F,3,지상 3층,엘리베이터,일반승강기,[1호기]2번출입구에스컬레이터옆
KR_1_0114,1호선,노량진,3F,3,지상 3층,휠체어리프트,휠체어리프트,(3F) 용산방변(급행상행) 2번승강장 계단 입구
KR_1_0114,1호선,노량진,3F,3,지상 3층,휠체어리프트,휠체어리프트,(3F) 대방방면(급행하행) 1번승강장 계단 입구
KR_1_0114,1호선,노량진,3F,3,지상 3층,휠체어리프트,휠체어리프트,(3F) 대방방면(일반하행) 4번승강장 계단 입구
KR_1_0114,1호선,노량진,3F,3,지상 3층,휠체어리프트,휠체어리프트,(3F) 용산방면(일반상행) 5번승강장 계단 입구
KR_1_0114,1호선,노량진,3F,3,지상 3층,화장실,일반화장실(남),2번출구 표 내는 곳 앞
KR_1_0114,1호선,노량진,3F,3,지상 3층,화장실,일반화장실(여),2번출구 표 내는 곳 앞
KR_1_0114,1호선,노량진,3F,3,지상 3층,화장실,장애인화장실(남),2번출구 표 내는 곳 앞
KR_1_0114,1호선,노량진,3F,3,지상 3층,화장실,장애인화장실(여),2번출구 표 내는 곳 앞
KR_1_0114,1호선,노량진,2F,2,지상 2층,엘리베이터,일반승강기,[1호기]2번 출입구 에스컬레이터 옆                                      
KR_1_0114,1호선,노량진,1F,1,지상 1층,엘리베이터,일반승강기,[1호기]2번출입구에스컬레이터옆
KR_1_0114,1호선,노량진,1F,1,지상 1층,엘리베이터,일반승강기,[2호기]9번출입구계단옆
KR_1_0114,1호선,노량진,1F,1,지상 1층,출입구,2번 출입구,
KR_1_0114,1호선,노량진,1F,1,지상 1층,출입구,6번 출입구,교통약자 동선 연결
KR_1_0114,1호선,노량진,1F,1,지상 1층,출입구,8번 출입구,교통약자 동선 연결
KR_1_0114,1호선,노량진,1F,1,지상 1층,출입구,9번 출입구,교통약자 동선 연결
KR_1_0114,1호선,노량진,1F,1,지상 1층,승강장,1호선 승강장 (용산 방면),상대식
KR_1_0114,1호선,노량진,1F,1,지상 1층,승강장,1호선 승강장 (대방 방면),상대식
KR_1_0114,1호선,노량진,B1,-1,지하 1층,개찰구,표 내는 곳,
KR_1_0114,1호선,노량진,B1,-1,지하 1층,엘리베이터,일반승강기,[2호기]9번출입구계단옆
KR_1_0132,1호선,대방,2F,2,지상 2층,엘리베이터,일반승강기,[3호기](F1)맞이방에서(F2)1번승강장
KR_1_0132,1호선,대방,2F,2,지상 2층,엘리베이터,일반승강기,[5호기](F1)맞이방에서(F2)4번승강장
KR_1_0132,1호선,대방,2F,2,지상 2층,엘리베이터,일반승강기,"[4호기](F1)맞이방에서(F2)2,3번승강장"
KR_1_0132,1호선,대방,2F,2,지상 2층,승강장,1호선 승강장 (노량진 방면),상대식
KR_1_0132,1호선,대방,2F,2,지상 2층,승강장,1호선 승강장 (신길 방면),상대식
KR_1_0132,1호선,대방,1F,1,지상 1층,개찰구,표 내는 곳,
KR_1_0132,1호선,대방,1F,1,지상 1층,엘리베이터,일반승강기,"[4호기](F1)맞이방에서(F2)2,3번승강장"
KR_1_0132,1호선,대방,1F,1,지상 1층,엘리베이터,일반승강기,[5호기](F1)맞이방에서(F2)4번승강장
KR_1_0132,1호선,대방,1F,1,지상 1층,엘리베이터,일반승강기,[2호기](F1)맞이방에서(B1)자유통로
KR_1_0132,1호선,대방,1F,1,지상 1층,엘리베이터,일반승강기,[1호기](F1)외부에서(B1)자유통로
KR_1_0132,1호선,대방,1F,1,지상 1층,엘리베이터,일반승강기,[3호기](F1)맞이방에서(F2)1번승강장
KR_1_0132,1호선,대방,1F,1,지상 1층,화장실,일반화장실(남),(F1) 맞이방 내
KR_1_0132,1호선,대방,1F,1,지상 1층,화장실,일반화장실(여),(F1) 맞이방 내
KR_1_0132,1호선,대방,1F,1,지상 1층,화장실,장애인화장실(남),(F1) 맞이방 내
KR_1_0132,1호선,대방,1F,1,지상 1층,화장실,장애인화장실(여),(F1) 맞이방 내
KR_1_0132,1호선,대방,1F,1,지상 1층,출입구,5번 출입구,교통약자 동선 연결
KR_1_0132,1호선,대방,1F,1,지상 1층,출입구,6번 출입구,교통약자 동선 연결
KR_1_0132,1호선,대방,B1,-1,지하 1층,엘리베이터,일반승강기,[2호기](F1)맞이방에서(B1)자유통로
KR_1_0132,1호선,대방,B1,-1,지하 1층,엘리베이터,일반승강기,[1호기](F1)외부에서(B1)자유통로
KR_1_0351,1호선,신길,2F,2,지상 2층,전동휠체어충전설비,전동휠체어충전설비,(F2) 2층화장실 앞
KR_1_0351,1호선,신길,2F,2,지상 2층,화장실,일반화장실(남),(2F)2번 출구 왼쪽
KR_1_0351,1호선,신길,2F,2,지상 2층,화장실,일반화장실(여),(2F)2번 출구 왼쪽
KR_1_0351,1호선,신길,2F,2,지상 2층,화장실,장애인화장실(남),(2F)2번 출구 왼쪽
KR_1_0351,1호선,신길,2F,2,지상 2층,화장실,장애인화장실(여),(2F)2번 출구 왼쪽
KR_1_0351,1호선,신길,1F,1,지상 1층,엘리베이터,일반승강기,[1호기](2F)게이트안쪽2·3번승강장입구(1F)3번승강장남쪽계단밑
KR_1_0351,1호선,신길,1F,1,지상 1층,엘리베이터,일반승강기,[3호기](1B)지하환승통로2*3번승강장입구(1F)3번승강장3-4타는곳
KR_1_0351,1호선,신길,1F,1,지상 1층,엘리베이터,일반승강기,[2호기](1B)지하환승통로1번승강장입구(1F)1번승강장3-1타는곳
KR_1_0351,1호선,신길,1F,1,지상 1층,엘리베이터,일반승강기,[4호기](1B)지하환승통로4번승강장입구(1F)4번승강장8-1타는곳
KR_1_0351,1호선,신길,1F,1,지상 1층,휠체어리프트,휠체어리프트,"(F1) 청량리,소요산 승강장방향 10-4 출입문 근처"
KR_1_0351,1호선,신길,1F,1,지상 1층,출입구,2번 출입구,교통약자 동선 연결
KR_1_0351,1호선,신길,B1,-1,지하 1층,엘리베이터,일반승강기,[2호기](1B)지하환승통로1번승강장입구(1F)1번승강장3-1타는곳
KR_1_0351,1호선,신길,B1,-1,지하 1층,엘리베이터,일반승강기,[3호기](1B)지하환승통로2*3번승강장입구(1F)3번승강장3-4타는곳
KR_1_0351,1호선,신길,B1,-1,지하 1층,엘리베이터,일반승강기,[4호기](1B)지하환승통로4번승강장입구(1F)4번승강장8-1타는곳
KR_1_0351,1호선,신길,B1,-1,지하 1층,휠체어리프트,휠체어리프트,(F1) 동인천 승강장 방향 1-1 츌압문 근처
KR_1_0420,1호선,영등포,3F,3,지상 3층,개찰구,표 내는 곳,
KR_1_0420,1호선,영등포,3F,3,지상 3층,엘리베이터,일반승강기,[5호기](3F)맞이방(1F)용산역방향(기차)승강장
KR_1_0420,1호선,영등포,3F,3,지상 3층,엘리베이터,일반승강기,[12호기](3F)전철맞이방화장실옆(1F)롯데백화점옆
KR_1_0420,1호선,영등포,3F,3,지상 3층,엘리베이터,일반승강기,"[7호기](3F)이동통로>맞이방(1F)1,2번출구근처"
KR_1_0420,1호선,영등포,3F,3,지상 3층,엘리베이터,일반승강기,[6호기](3F)맞이방(1F)수원역방향(기차)승강장
KR_1_0420,1호선,영등포,3F,3,지상 3층,엘리베이터,일반승강기,"[1호기](B5,B4,B3,B2,B1,1F,2F,3F)내부직원이동용"
KR_1_0420,1호선,영등포,3F,3,지상 3층,엘리베이터,일반승강기,"[4호기](3F)표내는곳내신도림역방향4번,5번승강장방면(1F)신도림역방향4번,5번승강장"
KR_1_0420,1호선,영등포,3F,3,지상 3층,엘리베이터,일반승강기,"[3호기](3F)표내는곳내신도림역방향2번,신길역방향3번승강장방면(1F)신도림역방향2번,신길역방향3번승강장"
KR_1_0420,1호선,영등포,3F,3,지상 3층,엘리베이터,일반승강기,[2호기](3F)표내는곳내신길역방향1번승강장방면(1F)신길역방향1번승강장
KR_1_0420,1호선,영등포,3F,3,지상 3층,전동휠체어충전설비,전동휠체어충전설비,(3F) 맞이방 (용산역(기차) 방향 승강장 가는 E/L 맞은 편)
KR_1_0420,1호선,영등포,3F,3,지상 3층,화장실,일반화장실(남),(3F) 표 내는 곳/ 임대 회의실 맞은편
KR_1_0420,1호선,영등포,3F,3,지상 3층,화장실,일반화장실(남),(3F) 종합안내소 옆
KR_1_0420,1호선,영등포,3F,3,지상 3층,화장실,일반화장실(여),(3F) 표 내는 곳/ 임대 회의실 맞은편
KR_1_0420,1호선,영등포,3F,3,지상 3층,화장실,일반화장실(여),(3F) 종합안내소 옆
KR_1_0420,1호선,영등포,3F,3,지상 3층,화장실,장애인화장실(남),(3F) 표 내는 곳/ 임대 회의실 맞은편
KR_1_0420,1호선,영등포,3F,3,지상 3층,화장실,장애인화장실(여),(3F) 표 내는 곳/ 임대 회의실 맞은편
KR_1_0420,1호선,영등포,3F,3,지상 3층,수유실,수유실,(3F) 코레일라운지(국철 맞이방) 좌측
KR_1_0420,1호선,영등포,2F,2,지상 2층,엘리베이터,일반승강기,"[1호기](B5, B4, B3, B2, B1, 1F, 2F, 3F) 내부 직원 이동용"
KR_1_0420,1호선,영등포,2F,2,지상 2층,엘리베이터,일반승강기,"[12호기](3F) 전철 맞이방 화장실 옆 
(1F) 롯데백화점 옆"
KR_1_0420,1호선,영등포,2F,2,지상 2층,엘리베이터,일반승강기,"[7호기](3F) 이동 통로 > 맞이방
(1F) 1, 2번 출구 근처"
KR_1_0420,1호선,영등포,2F,2,지상 2층,엘리베이터,일반승강기,"[6호기](3F) 맞이방
(1F) 수원역 방향(기차) 승강장"
KR_1_0420,1호선,영등포,2F,2,지상 2층,엘리베이터,일반승강기,"[2호기](3F) 표 내는 곳 내 신길역 방향 1번 승강장 방면 
(1F) 신길역 방향 1번 승강장"
KR_1_0420,1호선,영등포,2F,2,지상 2층,엘리베이터,일반승강기,"[4호기](3F) 표 내는 곳 내 신도림역 방향 4번, 5번 승강장 방면 
(1F) 신도림역 방향 4번, 5번승강장"
KR_1_0420,1호선,영등포,2F,2,지상 2층,엘리베이터,일반승강기,"[5호기](3F) 맞이방
(1F) 용산역 방향(기차) 승강장"
KR_1_0420,1호선,영등포,2F,2,지상 2층,엘리베이터,일반승강기,"[3호기](3F) 표 내는 곳 내 신도림역 방향 2번, 신길역 방향 3번 승강장 방면 
(1F) 신도림역 방향 2번, 신길역 방향 3번 승강장"
KR_1_0420,1호선,영등포,1F,1,지상 1층,엘리베이터,일반승강기,[5호기](3F)맞이방(1F)용산역방향(기차)승강장
KR_1_0420,1호선,영등포,1F,1,지상 1층,엘리베이터,일반승강기,[2호기](3F)표내는곳내신길역방향1번승강장방면(1F)신길역방향1번승강장
KR_1_0420,1호선,영등포,1F,1,지상 1층,엘리베이터,일반승강기,"[4호기](3F)표내는곳내신도림역방향4번,5번승강장방면(1F)신도림역방향4번,5번승강장"
KR_1_0420,1호선,영등포,1F,1,지상 1층,엘리베이터,일반승강기,"[3호기](3F)표내는곳내신도림역방향2번,신길역방향3번승강장방면(1F)신도림역방향2번,신길역방향3번승강장"
KR_1_0420,1호선,영등포,1F,1,지상 1층,엘리베이터,일반승강기,[12호기](3F)전철맞이방화장실옆(1F)롯데백화점옆
KR_1_0420,1호선,영등포,1F,1,지상 1층,엘리베이터,일반승강기,"[7호기](3F)이동통로>맞이방(1F)1,2번출구근처"
KR_1_0420,1호선,영등포,1F,1,지상 1층,엘리베이터,일반승강기,[6호기](3F)맞이방(1F)수원역방향(기차)승강장
KR_1_0420,1호선,영등포,1F,1,지상 1층,엘리베이터,일반승강기,"[1호기](B5, B4, B3, B2, B1, 1F, 2F, 3F) 내부 직원 이동용"
KR_1_0420,1호선,영등포,1F,1,지상 1층,엘리베이터,일반승강기,[11호기](1F)3번출입구(B1)맞이방
KR_1_0420,1호선,영등포,1F,1,지상 1층,엘리베이터,일반승강기,"[9호기](1F)신도림역방향2번,신길역방향3번승강장(B1)표내는곳내이동통로"
KR_1_0420,1호선,영등포,1F,1,지상 1층,엘리베이터,일반승강기,[10호기](1F)신길역방향1번승강장(B1)표내는곳내이동통로
KR_1_0420,1호선,영등포,1F,1,지상 1층,엘리베이터,일반승강기,"[8호기](1F)신도림역방향4번,5번승강장(B1)표내는곳내이동통로"
KR_1_0420,1호선,영등포,1F,1,지상 1층,휠체어리프트,휠체어리프트,(1F) 수원역(기차) 방향 승강장 북쪽
KR_1_0420,1호선,영등포,1F,1,지상 1층,휠체어리프트,휠체어리프트,(1F) 용산역(기차) 방향 승강장 남쪽
KR_1_0420,1호선,영등포,1F,1,지상 1층,휠체어리프트,휠체어리프트,(1F) 수원역(기차) 방향 승강장 남쪽
KR_1_0420,1호선,영등포,1F,1,지상 1층,화장실,일반화장실(남),(1F) 4번 출입구 방향 자동발매기 앞
KR_1_0420,1호선,영등포,1F,1,지상 1층,화장실,일반화장실(여),(1F) 4번 출입구 방향 자동발매기 앞
KR_1_0420,1호선,영등포,1F,1,지상 1층,출입구,2번 출입구,교통약자 동선 연결
KR_1_0420,1호선,영등포,1F,1,지상 1층,출입구,3번 출입구,교통약자 동선 연결
KR_1_0420,1호선,영등포,1F,1,지상 1층,출입구,4번 출입구,
KR_1_0420,1호선,영등포,1F,1,지상 1층,승강장,1호선 승강장 (신길 방면),상대식
KR_1_0420,1호선,영등포,1F,1,지상 1층,승강장,1호선 승강장 (신도림 방면),상대식
KR_1_0420,1호선,영등포,B1,-1,지하 1층,개찰구,표 내는 곳,
KR_1_0420,1호선,영등포,B1,-1,지하 1층,엘리베이터,일반승강기,"[8호기](1F)신도림역방향4번,5번승강장(B1)표내는곳내이동통로"
KR_1_0420,1호선,영등포,B1,-1,지하 1층,엘리베이터,일반승강기,"[9호기](1F)신도림역방향2번,신길역방향3번승강장(B1)표내는곳내이동통로"
KR_1_0420,1호선,영등포,B1,-1,지하 1층,엘리베이터,일반승강기,[10호기](1F)신길역방향1번승강장(B1)표내는곳내이동통로
KR_1_0420,1호선,영등포,B1,-1,지하 1층,엘리베이터,일반승강기,[11호기](1F)3번출입구(B1)맞이방
KR_1_0420,1호선,영등포,B1,-1,지하 1층,엘리베이터,일반승강기,"[1호기](B5, B4, B3, B2, B1, 1F, 2F, 3F) 내부 직원 이동용"
KR_1_0420,1호선,영등포,B1,-1,지하 1층,화장실,일반화장실(남),(B1) 맞이방 
KR_1_0420,1호선,영등포,B1,-1,지하 1층,화장실,일반화장실(남),(B1) 표 내는 곳 내
KR_1_0420,1호선,영등포,B1,-1,지하 1층,화장실,일반화장실(여),(B1) 표 내는 곳 내
KR_1_0420,1호선,영등포,B1,-1,지하 1층,화장실,일반화장실(여),(B1) 맞이방 
KR_1_0420,1호선,영등포,B1,-1,지하 1층,화장실,장애인화장실(남),(B1) 맞이방 
KR_1_0420,1호선,영등포,B1,-1,지하 1층,화장실,장애인화장실(여),(B1) 맞이방 
KR_1_0420,1호선,영등포,B2,-2,지하 2층,엘리베이터,일반승강기,"[1호기](B5, B4, B3, B2, B1, 1F, 2F, 3F) 내부 직원 이동용"
KR_1_0420,1호선,영등포,B3,-3,지하 3층,엘리베이터,일반승강기,"[1호기](B5, B4, B3, B2, B1, 1F, 2F, 3F) 내부 직원 이동용"
KR_1_0420,1호선,영등포,B4,-4,지하 4층,엘리베이터,일반승강기,"[1호기](B5, B4, B3, B2, B1, 1F, 2F, 3F) 내부 직원 이동용"
KR_1_0420,1호선,영등포,B5,-5,지하 5층,엘리베이터,일반승강기,"[1호기](B5,B4,B3,B2,B1,1F,2F,3F)내부직원이동용"
KR_1_0359,1호선,신도림,3F,3,지상 3층,엘리베이터,일반승강기,"[3호기](B1)-지하환승통로3번승강장영등포방면올라가는계단앞위치(1층)-동인천행열차출입문4-2위치(2층)-맞이방역무실,화장실방면"
KR_1_0359,1호선,신도림,2F,2,지상 2층,대합실,대합실,
KR_1_0359,1호선,신도림,2F,2,지상 2층,엘리베이터,일반승강기,"[3호기](B1)- 지하환승통로 3번승강장 영등포방면 올라가는 계단 앞위치
(1층)-동인천행 열차 출입문 4-2위치
(2층)-맞이방 역무실,화장실 방면 "
KR_1_0359,1호선,신도림,2F,2,지상 2층,엘리베이터,일반승강기,[4호기](1층)-4번출입구계단및에스컬레이터뒤쪽
KR_1_0359,1호선,신도림,2F,2,지상 2층,엘리베이터,일반승강기,"[1호기](B2)까치산방면열차출입문1-2위치(B1)-1번승강장환승계단안쪽구석에위치(1층)-영등포역가는방면(상행)출입문4-3(2층)-5,6번출입구방면키즈카페앞위치"
KR_1_0359,1호선,신도림,2F,2,지상 2층,엘리베이터,일반승강기,"[2호기](B1)-지하환승통로2번승강장올라가는계단양쪽사이중앙에위치(1층)-구로역방면/인천,천안방면열차출입문4-3위치(2층)-맞이방자동발매기옆위치"
KR_1_0359,1호선,신도림,2F,2,지상 2층,화장실,일반화장실(남),2층 대합실
KR_1_0359,1호선,신도림,2F,2,지상 2층,화장실,일반화장실(여),2층 대합실
KR_1_0359,1호선,신도림,2F,2,지상 2층,화장실,장애인화장실(남),2층 대합실
KR_1_0359,1호선,신도림,2F,2,지상 2층,화장실,장애인화장실(여),2층 대합실
KR_1_0359,1호선,신도림,2F,2,지상 2층,수유실,수유실,(F2) 신도림역 대합실
KR_1_0359,1호선,신도림,2F,2,지상 2층,승강장,1호선 승강장 (영등포 방면),상대식
KR_1_0359,1호선,신도림,2F,2,지상 2층,승강장,1호선 승강장 (구로 방면),상대식
KR_1_0359,1호선,신도림,1F,1,지상 1층,엘리베이터,일반승강기,[4호기](1층)-4번출입구계단및에스컬레이터뒤쪽
KR_1_0359,1호선,신도림,1F,1,지상 1층,엘리베이터,일반승강기,"[1호기](B2) 까치산방면 출입문 1-2 위치
(B1) 1번승강장 환승계단 안쪽 구석에 위치
(1F) 영등포역 방면(상행) 출입문 4-3
(2F) 5,6번출입구 키즈카페 앞 위치"
KR_1_0359,1호선,신도림,1F,1,지상 1층,엘리베이터,일반승강기,"[2호기](B1)- 지하환승통로 2번승강장 올라가는 계단 양쪽 사이 중앙 위치
(1F) 구로역 방면/인천,천안방면 열차 출입문 4-3 위치
(2F) 맞이방 자동발매기 옆 위치"
KR_1_0359,1호선,신도림,1F,1,지상 1층,엘리베이터,일반승강기,"[3호기](B1)- 지하환승통로 3번승강장 영등포방면 올라가는 계단 앞위치
(1층)-동인천행 열차 출입문 4-2위치
(2층)-맞이방 역무실,화장실 방면 "
KR_1_0359,1호선,신도림,1F,1,지상 1층,출입구,4번 출입구,교통약자 동선 연결
KR_1_0359,1호선,신도림,1F,1,지상 1층,출입구,6번 출입구,
KR_1_0359,1호선,신도림,B1,-1,지하 1층,엘리베이터,일반승강기,"[2호기](B1)-지하환승통로2번승강장올라가는계단양쪽사이중앙에위치(1층)-구로역방면/인천,천안방면열차출입문4-3위치(2층)-맞이방자동발매기옆위치"
KR_1_0359,1호선,신도림,B1,-1,지하 1층,엘리베이터,일반승강기,"[3호기](B1)-지하환승통로3번승강장영등포방면올라가는계단앞위치(1층)-동인천행열차출입문4-2위치(2층)-맞이방역무실,화장실방면"
KR_1_0359,1호선,신도림,B1,-1,지하 1층,엘리베이터,일반승강기,"[1호기](B2) 까치산방면 출입문 1-2 위치
(B1) 1번승강장 환승계단 안쪽 구석에 위치
(1F) 영등포역 방면(상행) 출입문 4-3
(2F) 5,6번출입구 키즈카페 앞 위치"
KR_1_0359,1호선,신도림,B2,-2,지하 2층,엘리베이터,일반승강기,"[1호기](B2)까치산방면열차출입문1-2위치(B1)-1번승강장환승계단안쪽구석에위치(1층)-영등포역가는방면(상행)출입문4-3(2층)-5,6번출입구방면키즈카페앞위치"
KR_1_0069,1호선,구로,3F,3,지상 3층,대합실,대합실,
KR_1_0069,1호선,구로,3F,3,지상 3층,개찰구,표 내는 곳,
KR_1_0069,1호선,구로,3F,3,지상 3층,엘리베이터,일반승강기,"[7호기]환승통로8,9번승강장"
KR_1_0069,1호선,구로,3F,3,지상 3층,엘리베이터,일반승강기,"[6호기]환승통로6,7번승강장"
KR_1_0069,1호선,구로,3F,3,지상 3층,엘리베이터,일반승강기,"[5호기]환승통로4,5번승강장"
KR_1_0069,1호선,구로,3F,3,지상 3층,엘리베이터,일반승강기,"[4호기]환승통로2,3번승강장"
KR_1_0069,1호선,구로,3F,3,지상 3층,엘리베이터,일반승강기,[3호기]환승통로1번승강장
KR_1_0069,1호선,구로,3F,3,지상 3층,엘리베이터,일반승강기,[2호기]3번출입구옆
KR_1_0069,1호선,구로,3F,3,지상 3층,엘리베이터,일반승강기,[1호기]1번출구옆
KR_1_0069,1호선,구로,3F,3,지상 3층,화장실,일반화장실(남),(3F)1번 출구 게이트 옆
KR_1_0069,1호선,구로,3F,3,지상 3층,화장실,일반화장실(여),"(3F)2,3번 출구 게이트 옆"
KR_1_0069,1호선,구로,3F,3,지상 3층,화장실,일반화장실(여),(3F)1번 출구 게이트 옆
KR_1_0069,1호선,구로,3F,3,지상 3층,화장실,장애인화장실(남),"(3F)2,3번 출구 게이트 옆"
KR_1_0069,1호선,구로,3F,3,지상 3층,화장실,장애인화장실(여),"(3F)2,3번 출구 게이트 옆"
KR_1_0069,1호선,구로,3F,3,지상 3층,고객센터,고객센터,(3F) 맞이방 1번 출입구 옆
KR_1_0069,1호선,구로,2F,2,지상 2층,엘리베이터,일반승강기,"[7호기](1F-2F) (1F)개봉역방향 8번승강장 7-1앞, 가산디지털단지역방향 9번승강장 7-2앞 (2F)환승통로"
KR_1_0069,1호선,구로,2F,2,지상 2층,엘리베이터,일반승강기,[1호기](3F) 3번 출입구 옆
KR_1_0069,1호선,구로,2F,2,지상 2층,엘리베이터,일반승강기,[6호기](1F-2F) (1F)신도림역방향 6번승강장 6-4앞 (2F)환승통로
KR_1_0069,1호선,구로,2F,2,지상 2층,엘리베이터,일반승강기,[2호기](3F)1번 출구. NC백화점 방향
KR_1_0069,1호선,구로,2F,2,지상 2층,엘리베이터,일반승강기,"[4호기](1F-2F) (1F)신도림역방향 2번승강장 4-4앞, 가산디지털단지역방향 3번승강장 6-4앞 (2F)환승통로 "
KR_1_0069,1호선,구로,2F,2,지상 2층,엘리베이터,일반승강기,"[5호기](1F-2F) (1F)구일역방향 4번승강장 6-4앞, 신도림역방향 5번승강장 4-4앞 (2F)환승통로"
KR_1_0069,1호선,구로,2F,2,지상 2층,엘리베이터,일반승강기,[3호기]환승통로1번홈
KR_1_0069,1호선,구로,1F,1,지상 1층,엘리베이터,일반승강기,[2호기]3번출입구옆
KR_1_0069,1호선,구로,1F,1,지상 1층,엘리베이터,일반승강기,"[6호기]환승통로6,7번승강장"
KR_1_0069,1호선,구로,1F,1,지상 1층,엘리베이터,일반승강기,[3호기]환승통로1번승강장
KR_1_0069,1호선,구로,1F,1,지상 1층,엘리베이터,일반승강기,"[5호기]환승통로4,5번승강장"
KR_1_0069,1호선,구로,1F,1,지상 1층,엘리베이터,일반승강기,"[4호기]환승통로2,3번승강장"
KR_1_0069,1호선,구로,1F,1,지상 1층,엘리베이터,일반승강기,"[7호기]환승통로8,9번승강장"
KR_1_0069,1호선,구로,1F,1,지상 1층,엘리베이터,일반승강기,[1호기]1번출구옆
KR_1_0069,1호선,구로,1F,1,지상 1층,휠체어리프트,휠체어리프트,"1층 8,9번 승강장 맞이방 방향"
KR_1_0069,1호선,구로,1F,1,지상 1층,휠체어리프트,휠체어리프트,"1층 2,3번 승강장 맞이방 방향"
KR_1_0069,1호선,구로,1F,1,지상 1층,출입구,1번 출입구,교통약자 동선 연결
KR_1_0069,1호선,구로,1F,1,지상 1층,출입구,3번 출입구,교통약자 동선 연결
KR_1_0069,1호선,구로,1F,1,지상 1층,승강장,1호선 승강장 (신도림 방면),섬식
KR_1_0069,1호선,구로,1F,1,지상 1층,승강장,1호선 승강장 (구일·가산디지털단지 방면),섬식
KR_1_0077,1호선,구일,2F,2,지상 2층,엘리베이터,일반승강기,"[1호기](1F)2번출입구,맞이방,구로방면승강장(1번홈)앞(2F)인천방면승강장(4번홈),중선방향(2,3번홈)"
KR_1_0077,1호선,구일,2F,2,지상 2층,엘리베이터,일반승강기,"[2호기](1F)구로,인천방면승강장(2,3번홈)(2F)연결통로,구로방면승강장(1번홈),인천방면승강장(4번홈),2번출구방면"
KR_1_0077,1호선,구일,2F,2,지상 2층,엘리베이터,일반승강기,"[3호기](1F)인천방면승강장(4번홈),1번출구방면(2F)연결통로,구로방면승강장(1번홈),2번출구방면"
KR_1_0077,1호선,구일,1F,1,지상 1층,엘리베이터,일반승강기,"[3호기](1F)인천방면승강장(4번홈),1번출구방면(2F)연결통로,구로방면승강장(1번홈),2번출구방면"
KR_1_0077,1호선,구일,1F,1,지상 1층,엘리베이터,일반승강기,"[2호기](1F)구로,인천방면승강장(2,3번홈)(2F)연결통로,구로방면승강장(1번홈),인천방면승강장(4번홈),2번출구방면"
KR_1_0077,1호선,구일,1F,1,지상 1층,엘리베이터,일반승강기,"[1호기](1F)2번출입구,맞이방,구로방면승강장(1번홈)앞(2F)인천방면승강장(4번홈),중선방향(2,3번홈)"
KR_1_0077,1호선,구일,1F,1,지상 1층,엘리베이터,일반승강기,[4호기](2F)맞이방(1F)2번출입구
KR_1_0077,1호선,구일,1F,1,지상 1층,휠체어리프트,휠체어리프트,(1F) 1번출입구 표내는 곳 
KR_1_0077,1호선,구일,1F,1,지상 1층,휠체어리프트,휠체어리프트,(1F)  1번출입구 표내는 곳 계단앞 
KR_1_0077,1호선,구일,1F,1,지상 1층,휠체어리프트,휠체어리프트,(1F) 1번출입구 표내는 곳 계단앞
KR_1_0077,1호선,구일,1F,1,지상 1층,휠체어리프트,휠체어리프트,(1F) 1번출입구 표내는 곳
KR_1_0077,1호선,구일,1F,1,지상 1층,휠체어리프트,휠체어리프트,(1F) 1번출입구 표내는 곳  
KR_1_0077,1호선,구일,1F,1,지상 1층,전동휠체어충전설비,전동휠체어충전설비,(1F) 2번출입구 맞이방
KR_1_0077,1호선,구일,1F,1,지상 1층,화장실,일반화장실(남),(1) 1번출입구
KR_1_0077,1호선,구일,1F,1,지상 1층,화장실,일반화장실(남),(1) 2번출입구
KR_1_0077,1호선,구일,1F,1,지상 1층,화장실,일반화장실(여),(1) 1번출입구
KR_1_0077,1호선,구일,1F,1,지상 1층,화장실,일반화장실(여),(1) 2번출입구
KR_1_0077,1호선,구일,1F,1,지상 1층,화장실,장애인화장실(남),(1) 1번출입구
KR_1_0077,1호선,구일,1F,1,지상 1층,화장실,장애인화장실(남),(1) 2번출입구
KR_1_0077,1호선,구일,1F,1,지상 1층,화장실,장애인화장실(여),(1) 2번출입구
KR_1_0077,1호선,구일,1F,1,지상 1층,화장실,장애인화장실(여),(1) 1번출입구
KR_1_0077,1호선,구일,1F,1,지상 1층,고객센터,고객센터,( 1F ) 2번 출입구방향
KR_1_0077,1호선,구일,1F,1,지상 1층,고객센터,고객센터,( 1F ) 1번 출입구방향
KR_1_0077,1호선,구일,1F,1,지상 1층,출입구,1번 출입구,교통약자 동선 연결
KR_1_0077,1호선,구일,1F,1,지상 1층,출입구,2번 출입구,교통약자 동선 연결
KR_1_0026,1호선,개봉,2F,2,지상 2층,개찰구,표 내는 곳,
KR_1_0026,1호선,개봉,2F,2,지상 2층,엘리베이터,일반승강기,[3호기](2F)구일방향표내는곳내부(1F)상행승강장5-2
KR_1_0026,1호선,개봉,2F,2,지상 2층,엘리베이터,일반승강기,[4호기](2F)오류동방향표내는곳내부(1F)하행승강장6-2
KR_1_0026,1호선,개봉,2F,2,지상 2층,엘리베이터,일반승강기,[2호기](2F)맞이방(1F)1번출입구옆
KR_1_0026,1호선,개봉,2F,2,지상 2층,엘리베이터,일반승강기,[1호기](2F)맞이방(1F)2번출입구옆
KR_1_0026,1호선,개봉,2F,2,지상 2층,화장실,일반화장실(남),(2F)맞이방 역무실 맞은편
KR_1_0026,1호선,개봉,2F,2,지상 2층,화장실,일반화장실(여),(2F)맞이방 역무실 맞은편
KR_1_0026,1호선,개봉,2F,2,지상 2층,화장실,장애인화장실(남),(2F)맞이방 역무실 맞은편
KR_1_0026,1호선,개봉,2F,2,지상 2층,화장실,장애인화장실(여),(2F)맞이방 역무실 맞은편
KR_1_0026,1호선,개봉,2F,2,지상 2층,고객센터,고객센터,2층 맞이방 북쪽게이트 옆 역무실
KR_1_0026,1호선,개봉,1F,1,지상 1층,엘리베이터,일반승강기,[1호기](2F)맞이방(1F)2번출입구옆
KR_1_0026,1호선,개봉,1F,1,지상 1층,엘리베이터,일반승강기,[4호기](2F)오류동방향표내는곳내부(1F)하행승강장6-2
KR_1_0026,1호선,개봉,1F,1,지상 1층,엘리베이터,일반승강기,[3호기](2F)구일방향표내는곳내부(1F)상행승강장5-2
KR_1_0026,1호선,개봉,1F,1,지상 1층,엘리베이터,일반승강기,[2호기](2F)맞이방(1F)1번출입구옆
KR_1_0026,1호선,개봉,1F,1,지상 1층,출입구,1번 출입구,교통약자 동선 연결
KR_1_0026,1호선,개봉,1F,1,지상 1층,출입구,2번 출입구,교통약자 동선 연결
KR_1_0026,1호선,개봉,1F,1,지상 1층,승강장,1호선 승강장 (구일 방면),섬식
KR_1_0026,1호선,개봉,1F,1,지상 1층,승강장,1호선 승강장 (오류동 방면),섬식
KR_1_0427,1호선,오류동,2F,2,지상 2층,개찰구,표 내는 곳,
KR_1_0427,1호선,오류동,2F,2,지상 2층,엘리베이터,일반승강기,[3호기](1F)개봉방향5-1출입문앞(2F)맞이방표내는곳안
KR_1_0427,1호선,오류동,2F,2,지상 2층,엘리베이터,일반승강기,[4호기](1F)온수방향6-2출입문앞(2F)맞이방표내는곳안
KR_1_0427,1호선,오류동,2F,2,지상 2층,엘리베이터,일반승강기,[2호기](1F)1번출입구옆(2F)이동통로
KR_1_0427,1호선,오류동,2F,2,지상 2층,엘리베이터,일반승강기,[1호기](1F)3번출입구옆(2F)이동통로
KR_1_0427,1호선,오류동,2F,2,지상 2층,화장실,일반화장실(남),(2) 맞이방 내 표 내는 곳 옆
KR_1_0427,1호선,오류동,2F,2,지상 2층,화장실,일반화장실(여),(2) 맞이방 내 표 내는 곳 옆
KR_1_0427,1호선,오류동,2F,2,지상 2층,화장실,장애인화장실(남),(2) 맞이방 내 표 내는 곳 옆
KR_1_0427,1호선,오류동,2F,2,지상 2층,화장실,장애인화장실(여),(2) 맞이방 내 표 내는 곳 옆
KR_1_0427,1호선,오류동,2F,2,지상 2층,고객센터,고객센터,(2) 맞이방 역무실
KR_1_0427,1호선,오류동,1F,1,지상 1층,엘리베이터,일반승강기,[1호기](1F)3번출입구옆(2F)이동통로
KR_1_0427,1호선,오류동,1F,1,지상 1층,엘리베이터,일반승강기,[4호기](1F)온수방향6-2출입문앞(2F)맞이방표내는곳안
KR_1_0427,1호선,오류동,1F,1,지상 1층,엘리베이터,일반승강기,[3호기](1F)개봉방향5-1출입문앞(2F)맞이방표내는곳안
KR_1_0427,1호선,오류동,1F,1,지상 1층,엘리베이터,일반승강기,[2호기](1F)1번출입구옆(2F)이동통로
KR_1_0427,1호선,오류동,1F,1,지상 1층,출입구,1번 출입구,
KR_1_0427,1호선,오류동,1F,1,지상 1층,출입구,2번 출입구,교통약자 동선 연결
KR_1_0427,1호선,오류동,1F,1,지상 1층,출입구,3번 출입구,교통약자 동선 연결
KR_1_0427,1호선,오류동,1F,1,지상 1층,승강장,1호선 승강장 (개봉 방면),쌍섬식 (2폼 4선식)
KR_1_0427,1호선,오류동,1F,1,지상 1층,승강장,1호선 승강장 (온수 방면),쌍섬식 (2폼 4선식)
KR_1_0435,1호선,온수,2F,2,지상 2층,개찰구,표 내는 곳,
KR_1_0435,1호선,온수,2F,2,지상 2층,엘리베이터,일반승강기,"[1호기](1F)1,3번출입구사이엘리베이터,1,3번출입구사이"
KR_1_0435,1호선,온수,2F,2,지상 2층,엘리베이터,일반승강기,"[4호기](1F)역곡역방향승강장7-3출입문앞,서울방향인천계단"
KR_1_0435,1호선,온수,2F,2,지상 2층,엘리베이터,일반승강기,"[3호기](1F)오류동역방향승강장3-3출입문앞,서울방향서울계단"
KR_1_0435,1호선,온수,2F,2,지상 2층,엘리베이터,일반승강기,"[2호기](1F)7,8번출입구사이엘리베이터,역무실옆"
KR_1_0435,1호선,온수,2F,2,지상 2층,고객센터,고객센터,(2F) 맞이방 7번 출입구 방향
KR_1_0435,1호선,온수,2F,2,지상 2층,출입구,1번 출입구,교통약자 동선 연결
KR_1_0435,1호선,온수,2F,2,지상 2층,출입구,3번 출입구,
KR_1_0435,1호선,온수,2F,2,지상 2층,출입구,7번 출입구,
KR_1_0435,1호선,온수,2F,2,지상 2층,출입구,8번 출입구,교통약자 동선 연결
KR_1_0435,1호선,온수,1F,1,지상 1층,엘리베이터,일반승강기,"[4호기](1F)역곡역방향승강장7-3출입문앞,서울방향인천계단"
KR_1_0435,1호선,온수,1F,1,지상 1층,엘리베이터,일반승강기,"[3호기](1F)오류동역방향승강장3-3출입문앞,서울방향서울계단"
KR_1_0435,1호선,온수,1F,1,지상 1층,엘리베이터,일반승강기,"[2호기](1F)7,8번출입구사이엘리베이터,역무실옆"
KR_1_0435,1호선,온수,1F,1,지상 1층,엘리베이터,일반승강기,"[1호기](1F)1,3번출입구사이엘리베이터,1,3번출입구사이"
KR_1_0414,1호선,역곡,2F,2,지상 2층,엘리베이터,일반승강기,[3호기](1F)온수역방향승강장6-4옆(2F)표내는곳내계단옆
KR_1_0414,1호선,역곡,2F,2,지상 2층,엘리베이터,일반승강기,[4호기](1F)2번출입구옆(2F)고객맞이방근처
KR_1_0414,1호선,역곡,2F,2,지상 2층,엘리베이터,일반승강기,[2호기](1F)소사역방향승강장4-4옆(2F)표내는곳내계단옆
KR_1_0414,1호선,역곡,2F,2,지상 2층,엘리베이터,일반승강기,[1호기](1F)2번출입구옆(2F)고객맞이방앞
KR_1_0414,1호선,역곡,2F,2,지상 2층,화장실,일반화장실(남),(2F)서울쪽 표내는곳  옆
KR_1_0414,1호선,역곡,2F,2,지상 2층,화장실,일반화장실(여),(2F)서울쪽 표내는곳  옆
KR_1_0414,1호선,역곡,2F,2,지상 2층,화장실,장애인화장실(남),(2F)서울쪽 표내는곳  옆
KR_1_0414,1호선,역곡,2F,2,지상 2층,화장실,장애인화장실(여),(2F)서울쪽 표내는곳  옆
KR_1_0414,1호선,역곡,2F,2,지상 2층,고객센터,고객센터,(2F) 맞이방 인천방면 표내는 곳 옆
KR_1_0414,1호선,역곡,1F,1,지상 1층,엘리베이터,일반승강기,[1호기](1F)2번출입구옆(2F)고객맞이방앞
KR_1_0414,1호선,역곡,1F,1,지상 1층,엘리베이터,일반승강기,[4호기](1F)2번출입구옆(2F)고객맞이방근처
KR_1_0414,1호선,역곡,1F,1,지상 1층,엘리베이터,일반승강기,[3호기](1F)온수역방향승강장6-4옆(2F)표내는곳내계단옆
KR_1_0414,1호선,역곡,1F,1,지상 1층,엘리베이터,일반승강기,[2호기](1F)소사역방향승강장4-4옆(2F)표내는곳내계단옆
KR_1_0414,1호선,역곡,1F,1,지상 1층,출입구,1번 출입구,교통약자 동선 연결
KR_1_0414,1호선,역곡,1F,1,지상 1층,출입구,2번 출입구,교통약자 동선 연결
KR_1_0414,1호선,역곡,1F,1,지상 1층,승강장,1호선 승강장 (온수 방면),섬식
KR_1_0414,1호선,역곡,1F,1,지상 1층,승강장,1호선 승강장 (소사 방면),섬식
KR_1_0323,1호선,소사,3F,3,지상 3층,엘리베이터,일반승강기,[3호기](2F)1번출구계단옆(3F)소사역지구대방향보행로
KR_1_0323,1호선,소사,3F,3,지상 3층,엘리베이터,일반승강기,[2호기](2F)고객맞이방표내는곳옆(3F)부천역방향승강장5-2출입문앞
KR_1_0323,1호선,소사,3F,3,지상 3층,엘리베이터,일반승강기,[1호기](2F)고객맞이방역무실옆(3F)역곡역방향승강장6-3출입문앞
KR_1_0323,1호선,소사,2F,2,지상 2층,엘리베이터,일반승강기,[2호기](2F)고객맞이방표내는곳옆(3F)부천역방향승강장5-2출입문앞
KR_1_0323,1호선,소사,2F,2,지상 2층,엘리베이터,일반승강기,[3호기](2F)1번출구계단옆(3F)소사역지구대방향보행로
KR_1_0323,1호선,소사,2F,2,지상 2층,엘리베이터,일반승강기,[1호기](2F)고객맞이방역무실옆(3F)역곡역방향승강장6-3출입문앞
KR_1_0323,1호선,소사,2F,2,지상 2층,화장실,일반화장실(남),"(2) 표내는 곳 앞, 1번 출입구 방향"
KR_1_0323,1호선,소사,2F,2,지상 2층,화장실,일반화장실(여),"(2) 표내는 곳 앞, 1번 출입구 방향"
KR_1_0323,1호선,소사,2F,2,지상 2층,화장실,장애인화장실(남),"(2) 표내는 곳 앞, 1번 출입구 방향"
KR_1_0323,1호선,소사,2F,2,지상 2층,화장실,장애인화장실(여),"(2) 표내는 곳 앞, 1번 출입구 방향"
KR_1_0323,1호선,소사,2F,2,지상 2층,고객센터,고객센터,(2) 맞이방 역무실
KR_1_0323,1호선,소사,2F,2,지상 2층,수유실,수유실,(2) 맞이방 역무실 내
KR_1_0323,1호선,소사,2F,2,지상 2층,승강장,1호선 승강장 (역곡 방면),섬식
KR_1_0323,1호선,소사,2F,2,지상 2층,승강장,1호선 승강장 (부천 방면),섬식
KR_1_0323,1호선,소사,1F,1,지상 1층,출입구,1번 출입구,교통약자 동선 연결
KR_1_0323,1호선,소사,1F,1,지상 1층,출입구,2번 출입구,교통약자 동선 연결
KR_1_0246,1호선,부천,3F,3,지상 3층,개찰구,표 내는 곳,
KR_1_0246,1호선,부천,3F,3,지상 3층,엘리베이터,일반승강기,[2호기](B1)부천역지하서부표내는곳앞(1F)중동역방향승강장3-4출입문앞(3F)부천역맞이방
KR_1_0246,1호선,부천,3F,3,지상 3층,엘리베이터,일반승강기,[1호기](B1)부천역지하서부표내는곳앞(1F)소사역방향승강장8-1출입문앞(3F)부천역맞이방
KR_1_0246,1호선,부천,3F,3,지상 3층,전동휠체어충전설비,전동휠체어충전설비,( 3 ) 역무실 출입구 측면
KR_1_0246,1호선,부천,3F,3,지상 3층,화장실,일반화장실(남),(3) 3층 남쪽 1번출입구 방향
KR_1_0246,1호선,부천,3F,3,지상 3층,화장실,일반화장실(여),(3) 3층 남쪽 1번출입구 방향
KR_1_0246,1호선,부천,3F,3,지상 3층,화장실,장애인화장실(남),(3) 3층 남쪽 1번출입구 방향
KR_1_0246,1호선,부천,3F,3,지상 3층,화장실,장애인화장실(여),(3) 3층 남쪽 1번출입구 방향
KR_1_0246,1호선,부천,3F,3,지상 3층,고객센터,고객센터,(3) 맞이방 역무실
KR_1_0246,1호선,부천,2F,2,지상 2층,엘리베이터,일반승강기,"[2호기](B1)부천역 지하 서부 표내는 곳 앞
 (1F) 중동역 방향 승강장 3-4 출입문 앞
(3F)부천역 맞이방 "
KR_1_0246,1호선,부천,2F,2,지상 2층,엘리베이터,일반승강기,"[1호기](B1)부천역 지하 서부 표내는 곳 앞 
(1F) 소사역 방향 승강장 8-1 출입문 앞
(3F)부천역 맞이방 "
KR_1_0246,1호선,부천,1F,1,지상 1층,엘리베이터,일반승강기,"[2호기](B1)부천역 지하 서부 표내는 곳 앞
 (1F) 중동역 방향 승강장 3-4 출입문 앞
(3F)부천역 맞이방 "
KR_1_0246,1호선,부천,1F,1,지상 1층,엘리베이터,일반승강기,"[1호기](B1)부천역 지하 서부 표내는 곳 앞 
(1F) 소사역 방향 승강장 8-1 출입문 앞
(3F)부천역 맞이방 "
KR_1_0246,1호선,부천,1F,1,지상 1층,엘리베이터,일반승강기,[4호기](B1)부천역지하동부표내는곳앞(1F)중동역방향승강장9-4출입문앞
KR_1_0246,1호선,부천,1F,1,지상 1층,엘리베이터,일반승강기,[3호기](B1)부천역지하동부표내는곳앞(1F)소사역방향승강장2-1출입문앞
KR_1_0246,1호선,부천,1F,1,지상 1층,출입구,1번 출입구,
KR_1_0246,1호선,부천,1F,1,지상 1층,출입구,2번 출입구,교통약자 동선 연결
KR_1_0246,1호선,부천,1F,1,지상 1층,출입구,3번 출입구,교통약자 동선 연결
KR_1_0246,1호선,부천,1F,1,지상 1층,승강장,1호선 승강장 (소사 방면),섬식
KR_1_0246,1호선,부천,1F,1,지상 1층,승강장,1호선 승강장 (중동 방면),섬식
KR_1_0246,1호선,부천,B1,-1,지하 1층,엘리베이터,일반승강기,[1호기](B1)부천역지하서부표내는곳앞(1F)소사역방향승강장8-1출입문앞(3F)부천역맞이방
KR_1_0246,1호선,부천,B1,-1,지하 1층,엘리베이터,일반승강기,[4호기](B1)부천역지하동부표내는곳앞(1F)중동역방향승강장9-4출입문앞
KR_1_0246,1호선,부천,B1,-1,지하 1층,엘리베이터,일반승강기,[3호기](B1)부천역지하동부표내는곳앞(1F)소사역방향승강장2-1출입문앞
KR_1_0246,1호선,부천,B1,-1,지하 1층,엘리베이터,일반승강기,[2호기](B1)부천역지하서부표내는곳앞(1F)중동역방향승강장3-4출입문앞(3F)부천역맞이방
KR_1_0526,1호선,중동,2F,2,지상 2층,개찰구,표 내는 곳,
KR_1_0526,1호선,중동,2F,2,지상 2층,엘리베이터,일반승강기,[3호기](1F)하행승강장3-4(2F)인천방면게이트
KR_1_0526,1호선,중동,2F,2,지상 2층,엘리베이터,일반승강기,[4호기](1F)상행승강장8-1(2F)인천방면게이트
KR_1_0526,1호선,중동,2F,2,지상 2층,엘리베이터,일반승강기,[2호기](1F)1번출구남광장(2F)대합실
KR_1_0526,1호선,중동,2F,2,지상 2층,엘리베이터,일반승강기,[1호기](1F)2번출구북광장(2F)대합실
KR_1_0526,1호선,중동,2F,2,지상 2층,전동휠체어충전설비,전동휠체어충전설비,(2F) 1층 남광장 방면 대합실
KR_1_0526,1호선,중동,2F,2,지상 2층,화장실,일반화장실(남),(2F)서울방면 게이트 옆
KR_1_0526,1호선,중동,2F,2,지상 2층,화장실,일반화장실(여),(2F)서울방면 게이트 옆
KR_1_0526,1호선,중동,2F,2,지상 2층,화장실,장애인화장실(남),(2F)서울방면 게이트 옆
KR_1_0526,1호선,중동,2F,2,지상 2층,화장실,장애인화장실(여),(2F)서울방면 게이트 옆
KR_1_0526,1호선,중동,2F,2,지상 2층,고객센터,고객센터,(2) 맞이방 역무실
KR_1_0526,1호선,중동,1F,1,지상 1층,엘리베이터,일반승강기,[1호기](1F)2번출구북광장(2F)대합실
KR_1_0526,1호선,중동,1F,1,지상 1층,엘리베이터,일반승강기,[4호기](1F)상행승강장8-1(2F)인천방면게이트
KR_1_0526,1호선,중동,1F,1,지상 1층,엘리베이터,일반승강기,[3호기](1F)하행승강장3-4(2F)인천방면게이트
KR_1_0526,1호선,중동,1F,1,지상 1층,엘리베이터,일반승강기,[2호기](1F)1번출구남광장(2F)대합실
KR_1_0526,1호선,중동,1F,1,지상 1층,출입구,1번 출입구,교통약자 동선 연결
KR_1_0526,1호선,중동,1F,1,지상 1층,출입구,2번 출입구,교통약자 동선 연결
KR_1_0526,1호선,중동,1F,1,지상 1층,승강장,1호선 승강장 (부천 방면),섬식
KR_1_0526,1호선,중동,1F,1,지상 1층,승강장,1호선 승강장 (송내 방면),섬식
KR_1_0327,1호선,송내,2F,2,지상 2층,개찰구,표 내는 곳,
KR_1_0327,1호선,송내,2F,2,지상 2층,엘리베이터,일반승강기,[5호기](1F)3번출입구근처(2F)버스환승센터A정류장근처
KR_1_0327,1호선,송내,2F,2,지상 2층,엘리베이터,일반승강기,[4호기](1F)2번출입구근처(2F)맞이방버스환승센터출입구
KR_1_0327,1호선,송내,2F,2,지상 2층,엘리베이터,일반승강기,"[3호기](1F)중동역방향승강장4-2출입문앞(2F)맞이방,중동역방향표내는곳안쪽"
KR_1_0327,1호선,송내,2F,2,지상 2층,엘리베이터,일반승강기,"[2호기](1F)부개역방향승강장7-3출입문앞(2F)맞이방,중동역방향표내는곳안쪽"
KR_1_0327,1호선,송내,2F,2,지상 2층,엘리베이터,일반승강기,"[1호기](1F)1번출입구근처(2F)맞이방,자유통로"
KR_1_0327,1호선,송내,2F,2,지상 2층,화장실,일반화장실(남),(2F) 버스환승센터 B 정류장 근처
KR_1_0327,1호선,송내,2F,2,지상 2층,화장실,일반화장실(남),"(2F) 자유통로, 1번 출입구 근처"
KR_1_0327,1호선,송내,2F,2,지상 2층,화장실,일반화장실(여),"(2F) 자유통로, 1번 출입구 근처"
KR_1_0327,1호선,송내,2F,2,지상 2층,화장실,일반화장실(여),(2F) 버스환승센터 B 정류장 근처
KR_1_0327,1호선,송내,2F,2,지상 2층,화장실,장애인화장실(남),(2F) 버스환승센터 B 정류장 근처
KR_1_0327,1호선,송내,2F,2,지상 2층,화장실,장애인화장실(여),(2F) 버스환승센터 B 정류장 근처
KR_1_0327,1호선,송내,2F,2,지상 2층,고객센터,고객센터,(2) 역무실 입구
KR_1_0327,1호선,송내,1F,1,지상 1층,엘리베이터,일반승강기,[5호기](1F)3번출입구근처(2F)버스환승센터A정류장근처
KR_1_0327,1호선,송내,1F,1,지상 1층,엘리베이터,일반승강기,"[2호기](1F)부개역방향승강장7-3출입문앞(2F)맞이방,중동역방향표내는곳안쪽"
KR_1_0327,1호선,송내,1F,1,지상 1층,엘리베이터,일반승강기,"[3호기](1F)중동역방향승강장4-2출입문앞(2F)맞이방,중동역방향표내는곳안쪽"
KR_1_0327,1호선,송내,1F,1,지상 1층,엘리베이터,일반승강기,[4호기](1F)2번출입구근처(2F)맞이방버스환승센터출입구
KR_1_0327,1호선,송내,1F,1,지상 1층,엘리베이터,일반승강기,"[1호기](1F)1번출입구근처(2F)맞이방,자유통로"
KR_1_0327,1호선,송내,1F,1,지상 1층,출입구,1번 출입구,
KR_1_0327,1호선,송내,1F,1,지상 1층,출입구,2번 출입구,교통약자 동선 연결
KR_1_0327,1호선,송내,1F,1,지상 1층,출입구,3번 출입구,교통약자 동선 연결
KR_1_0327,1호선,송내,1F,1,지상 1층,승강장,1호선 승강장 (중동 방면),섬식
KR_1_0327,1호선,송내,1F,1,지상 1층,승강장,1호선 승강장 (부개 방면),섬식
KR_1_0244,1호선,부개,2F,2,지상 2층,엘리베이터,일반승강기,[3호기](1F)1번출입구근처(F2)맞이방화장실옆
KR_1_0244,1호선,부개,2F,2,지상 2층,엘리베이터,일반승강기,[4호기](1F)2번출입구근처(F2)맞이방마성떡볶이옆
KR_1_0244,1호선,부개,2F,2,지상 2층,엘리베이터,일반승강기,[2호기](1F)송내역방향승강장5-1출입문앞(2F)맞이방상행계단옆
KR_1_0244,1호선,부개,2F,2,지상 2층,엘리베이터,일반승강기,[1호기](1F)부평역방향승강장6-3출입문앞(2F)맞이방하행계단옆
KR_1_0244,1호선,부개,2F,2,지상 2층,화장실,일반화장실(남),(2F) 맞이방 1번  출입구 뱡향
KR_1_0244,1호선,부개,2F,2,지상 2층,화장실,일반화장실(여),(2F) 맞이방 1번  출입구 뱡향
KR_1_0244,1호선,부개,2F,2,지상 2층,화장실,장애인화장실(남),(2F) 맞이방 1번  출입구 뱡향
KR_1_0244,1호선,부개,2F,2,지상 2층,화장실,장애인화장실(여),(2F) 맞이방 1번  출입구 뱡향
KR_1_0244,1호선,부개,2F,2,지상 2층,고객센터,고객센터,(2F) 맞이방 자유통로 중간
KR_1_0244,1호선,부개,1F,1,지상 1층,대합실,대합실,
KR_1_0244,1호선,부개,1F,1,지상 1층,개찰구,표 내는 곳,
KR_1_0244,1호선,부개,1F,1,지상 1층,엘리베이터,일반승강기,[1호기](1F)부평역방향승강장6-3출입문앞(2F)맞이방하행계단옆
KR_1_0244,1호선,부개,1F,1,지상 1층,엘리베이터,일반승강기,[4호기](1F)2번출입구근처(F2)맞이방마성떡볶이옆
KR_1_0244,1호선,부개,1F,1,지상 1층,엘리베이터,일반승강기,[3호기](1F)1번출입구근처(F2)맞이방화장실옆
KR_1_0244,1호선,부개,1F,1,지상 1층,엘리베이터,일반승강기,[2호기](1F)송내역방향승강장5-1출입문앞(2F)맞이방상행계단옆
KR_1_0244,1호선,부개,1F,1,지상 1층,출입구,1번 출입구,교통약자 동선 연결
KR_1_0244,1호선,부개,1F,1,지상 1층,출입구,2번 출입구,교통약자 동선 연결
KR_1_0244,1호선,부개,1F,1,지상 1층,승강장,1호선 승강장 (송내 방면),섬식
KR_1_0244,1호선,부개,1F,1,지상 1층,승강장,1호선 승강장 (부평 방면),섬식
KR_1_0249,1호선,부평,2F,2,지상 2층,엘리베이터,일반승강기,"[1호기](2F)2,3번출입구옆(1F)상행승강장"
KR_1_0249,1호선,부평,2F,2,지상 2층,엘리베이터,일반승강기,"[2호기](2F)2,3번출입구옆(1F)하행승강장"
KR_1_0249,1호선,부평,2F,2,지상 2층,화장실,일반화장실(남),2번 출입구 방향
KR_1_0249,1호선,부평,2F,2,지상 2층,화장실,일반화장실(여),2번 출입구 방향
KR_1_0249,1호선,부평,2F,2,지상 2층,화장실,장애인화장실(남),2번 출입구 방향
KR_1_0249,1호선,부평,2F,2,지상 2층,화장실,장애인화장실(여),2번 출입구 방향
KR_1_0249,1호선,부평,2F,2,지상 2층,고객센터,고객센터,2층 2번 출입구 방향 역무실
KR_1_0249,1호선,부평,1F,1,지상 1층,엘리베이터,일반승강기,"[2호기](2F)2,3번출입구옆(1F)하행승강장"
KR_1_0249,1호선,부평,1F,1,지상 1층,엘리베이터,일반승강기,"[1호기](2F)2,3번출입구옆(1F)상행승강장"
KR_1_0249,1호선,부평,1F,1,지상 1층,엘리베이터,일반승강기,[3호기](1F)하행승강장(B!)인천1호선환승통로
KR_1_0249,1호선,부평,1F,1,지상 1층,엘리베이터,일반승강기,[4호기](1F)1번출입구옆(B!)인천1호선환승통로
KR_1_0249,1호선,부평,1F,1,지상 1층,화장실,일반화장실(남),1번 출입구 표내는 곳 내부
KR_1_0249,1호선,부평,1F,1,지상 1층,화장실,일반화장실(여),1번 출입구 표내는 곳 내부
KR_1_0249,1호선,부평,1F,1,지상 1층,화장실,장애인화장실(공용),1번 출입구 표내는 곳 내부
KR_1_0249,1호선,부평,B1,-1,지하 1층,엘리베이터,일반승강기,[3호기](1F)하행승강장(B!)인천1호선환승통로
KR_1_0249,1호선,부평,B1,-1,지하 1층,엘리베이터,일반승강기,[4호기](1F)1번출입구옆(B!)인천1호선환승통로
KR_1_0249,1호선,부평,B1,-1,지하 1층,출입구,1번 출입구,교통약자 동선 연결
KR_1_0249,1호선,부평,B1,-1,지하 1층,출입구,2번 출입구,교통약자 동선 연결
KR_1_0249,1호선,부평,B1,-1,지하 1층,출입구,3번 출입구,
KR_1_0249,1호선,부평,B2,-2,지하 2층,화장실,일반화장실(남),지하 표내는곳 바깥쪽 지하2층 지하 맞이방
KR_1_0249,1호선,부평,B2,-2,지하 2층,화장실,일반화장실(여),지하 표내는곳 바깥쪽 지하2층 지하 맞이방
KR_1_0249,1호선,부평,B2,-2,지하 2층,화장실,장애인화장실(남),지하 표내는곳 바깥쪽 지하2층 지하 맞이방
KR_1_0249,1호선,부평,B2,-2,지하 2층,화장실,장애인화장실(여),지하 표내는곳 바깥쪽 지하2층 지하 맞이방
KR_1_0249,1호선,부평,B2,-2,지하 2층,고객센터,고객센터,지하 2층 표 내는 곳 옆 역무실
KR_1_0226,1호선,백운,2F,2,지상 2층,엘리베이터,일반승강기,[3호기](1F)동암역방향승강장9-2출입문옆(2F)표내는곳
KR_1_0226,1호선,백운,2F,2,지상 2층,엘리베이터,일반승강기,[4호기](1F)1번출입구옆(2F)맞이방
KR_1_0226,1호선,백운,2F,2,지상 2층,엘리베이터,일반승강기,[2호기](1F)부평역방향승강장2-3출입문옆(2F)표내는곳
KR_1_0226,1호선,백운,2F,2,지상 2층,엘리베이터,일반승강기,[1호기](1F)2번출입구옆(2F)맞이방
KR_1_0226,1호선,백운,2F,2,지상 2층,전동휠체어충전설비,전동휠체어충전설비,"(2F) 1번출입구 근처, 인천방향 E/V근처"
KR_1_0226,1호선,백운,2F,2,지상 2층,화장실,일반화장실(남),(2F) 2번/3번 출입구 방향
KR_1_0226,1호선,백운,2F,2,지상 2층,화장실,일반화장실(여),(2F) 2번/3번 출입구 방향
KR_1_0226,1호선,백운,2F,2,지상 2층,화장실,장애인화장실(남),(2F) 2번/3번 출입구 방향
KR_1_0226,1호선,백운,2F,2,지상 2층,화장실,장애인화장실(여),(2F) 2번/3번 출입구 방향
KR_1_0226,1호선,백운,2F,2,지상 2층,고객센터,고객센터,"(2F) 대합실 2,3번 출입구 방향"
KR_1_0226,1호선,백운,1F,1,지상 1층,엘리베이터,일반승강기,[1호기](1F)2번출입구옆(2F)맞이방
KR_1_0226,1호선,백운,1F,1,지상 1층,엘리베이터,일반승강기,[4호기](1F)1번출입구옆(2F)맞이방
KR_1_0226,1호선,백운,1F,1,지상 1층,엘리베이터,일반승강기,[3호기](1F)동암역방향승강장9-2출입문옆(2F)표내는곳
KR_1_0226,1호선,백운,1F,1,지상 1층,엘리베이터,일반승강기,[2호기](1F)부평역방향승강장2-3출입문옆(2F)표내는곳
KR_1_0226,1호선,백운,1F,1,지상 1층,출입구,1번 출입구,교통약자 동선 연결
KR_1_0226,1호선,백운,1F,1,지상 1층,출입구,2번 출입구,교통약자 동선 연결
KR_1_0226,1호선,백운,1F,1,지상 1층,출입구,3번 출입구,
KR_1_0226,1호선,백운,1F,1,지상 1층,승강장,1호선 승강장 (부평 방면),섬식
KR_1_0226,1호선,백운,1F,1,지상 1층,승강장,1호선 승강장 (동암 방면),섬식
KR_1_0164,1호선,동암,2F,2,지상 2층,엘리베이터,일반승강기,[3호기]1층맞이방
KR_1_0164,1호선,동암,2F,2,지상 2층,엘리베이터,일반승강기,[2호기]1층맞이방
KR_1_0164,1호선,동암,2F,2,지상 2층,엘리베이터,일반승강기,[1호기]1층1번출입구옆
KR_1_0164,1호선,동암,1F,1,지상 1층,엘리베이터,일반승강기,[2호기]1층맞이방
KR_1_0164,1호선,동암,1F,1,지상 1층,엘리베이터,일반승강기,[3호기]1층맞이방
KR_1_0164,1호선,동암,1F,1,지상 1층,엘리베이터,일반승강기,[1호기]1층1번출입구옆
KR_1_0164,1호선,동암,1F,1,지상 1층,전동휠체어충전설비,전동휠체어충전설비,맞이방 1번 출입구 방향
KR_1_0164,1호선,동암,1F,1,지상 1층,화장실,일반화장실(남),1층 맞이방 역무실 맞은편
KR_1_0164,1호선,동암,1F,1,지상 1층,화장실,일반화장실(여),1층 맞이방 역무실 맞은편
KR_1_0164,1호선,동암,1F,1,지상 1층,화장실,장애인화장실(남),1층 맞이방 역무실 맞은편
KR_1_0164,1호선,동암,1F,1,지상 1층,화장실,장애인화장실(여),1층 맞이방 역무실 맞은편
KR_1_0164,1호선,동암,1F,1,지상 1층,고객센터,고객센터,역무실
KR_1_0164,1호선,동암,1F,1,지상 1층,출입구,1번 출입구,교통약자 동선 연결
KR_1_0164,1호선,동암,1F,1,지상 1층,출입구,2번 출입구,교통약자 동선 연결
KR_1_0164,1호선,동암,1F,1,지상 1층,승강장,1호선 승강장 (백운 방면),섬식
KR_1_0164,1호선,동암,1F,1,지상 1층,승강장,1호선 승강장 (간석 방면),섬식
KR_1_0164,1호선,동암,B1,-1,지하 1층,개찰구,표 내는 곳,
KR_1_0013,1호선,간석,2F,2,지상 2층,개찰구,표 내는 곳,
KR_1_0013,1호선,간석,2F,2,지상 2층,엘리베이터,일반승강기,"[3호기](1F)2번출입구북광장계단옆,(2F)자유통로(맞이방)"
KR_1_0013,1호선,간석,2F,2,지상 2층,엘리베이터,일반승강기,"[4호기](1F)1번출입구남광장계단옆,(2F)자유통로(맞이방)"
KR_1_0013,1호선,간석,2F,2,지상 2층,엘리베이터,일반승강기,"[2호기](1F)주안역방향승강장5-1출입문앞,(2F)표내는곳"
KR_1_0013,1호선,간석,2F,2,지상 2층,엘리베이터,일반승강기,"[1호기](1F)동암역방향승강장6-4출입문앞,(2F)표내는곳"
KR_1_0013,1호선,간석,2F,2,지상 2층,화장실,일반화장실(남),(2F) 표 내는 곳 안쪽 정면
KR_1_0013,1호선,간석,2F,2,지상 2층,화장실,일반화장실(여),(2F) 표 내는 곳 안쪽 정면
KR_1_0013,1호선,간석,2F,2,지상 2층,화장실,장애인화장실(남),(2F) 표 내는 곳 안쪽 정면
KR_1_0013,1호선,간석,2F,2,지상 2층,화장실,장애인화장실(여),(2F) 표 내는 곳 안쪽 정면
KR_1_0013,1호선,간석,2F,2,지상 2층,고객센터,고객센터,(2F) 맞이방 2번출구 방향
KR_1_0013,1호선,간석,1F,1,지상 1층,엘리베이터,일반승강기,"[1호기](1F)동암역방향승강장6-4출입문앞,(2F)표내는곳"
KR_1_0013,1호선,간석,1F,1,지상 1층,엘리베이터,일반승강기,"[4호기](1F)1번출입구남광장계단옆,(2F)자유통로(맞이방)"
KR_1_0013,1호선,간석,1F,1,지상 1층,엘리베이터,일반승강기,"[3호기](1F)2번출입구북광장계단옆,(2F)자유통로(맞이방)"
KR_1_0013,1호선,간석,1F,1,지상 1층,엘리베이터,일반승강기,"[2호기](1F)주안역방향승강장5-1출입문앞,(2F)표내는곳"
KR_1_0013,1호선,간석,1F,1,지상 1층,출입구,1번 출입구,교통약자 동선 연결
KR_1_0013,1호선,간석,1F,1,지상 1층,출입구,2번 출입구,교통약자 동선 연결
KR_1_0013,1호선,간석,1F,1,지상 1층,승강장,1호선 승강장 (동암 방면),섬식
KR_1_0013,1호선,간석,1F,1,지상 1층,승강장,1호선 승강장 (주안 방면),섬식
KR_1_0519,1호선,주안,2F,2,지상 2층,개찰구,표 내는 곳,
KR_1_0519,1호선,주안,2F,2,지상 2층,엘리베이터,일반승강기,[4호기]선상1번출입구옆
KR_1_0519,1호선,주안,2F,2,지상 2층,엘리베이터,일반승강기,[3호기]선상하행계단옆
KR_1_0519,1호선,주안,2F,2,지상 2층,엘리베이터,일반승강기,[1호기]선상4번출입구옆
KR_1_0519,1호선,주안,2F,2,지상 2층,엘리베이터,일반승강기,[2호기]선상상행계단옆
KR_1_0519,1호선,주안,2F,2,지상 2층,화장실,일반화장실(남),1번/2번 출입구 방향
KR_1_0519,1호선,주안,2F,2,지상 2층,화장실,일반화장실(여),1번/2번 출입구 방향
KR_1_0519,1호선,주안,2F,2,지상 2층,화장실,장애인화장실(남),1번/2번 출입구 방향
KR_1_0519,1호선,주안,2F,2,지상 2층,화장실,장애인화장실(여),1번/2번 출입구 방향
KR_1_0519,1호선,주안,2F,2,지상 2층,고객센터,고객센터,표 내는 곳 옆
KR_1_0519,1호선,주안,1F,1,지상 1층,개찰구,표 내는 곳,
KR_1_0519,1호선,주안,1F,1,지상 1층,엘리베이터,일반승강기,[3호기]선상하행계단옆
KR_1_0519,1호선,주안,1F,1,지상 1층,엘리베이터,일반승강기,[2호기]선상상행계단옆
KR_1_0519,1호선,주안,1F,1,지상 1층,엘리베이터,일반승강기,[1호기]선상4번출입구옆
KR_1_0519,1호선,주안,1F,1,지상 1층,엘리베이터,일반승강기,[4호기]선상1번출입구옆
KR_1_0519,1호선,주안,1F,1,지상 1층,엘리베이터,일반승강기,[5호기]지하하행계단옆
KR_1_0519,1호선,주안,1F,1,지상 1층,엘리베이터,일반승강기,[6호기]지하상행계단옆
KR_1_0519,1호선,주안,1F,1,지상 1층,출입구,1번 출입구,
KR_1_0519,1호선,주안,1F,1,지상 1층,출입구,2번 출입구,교통약자 동선 연결
KR_1_0519,1호선,주안,1F,1,지상 1층,출입구,4번 출입구,교통약자 동선 연결
KR_1_0519,1호선,주안,1F,1,지상 1층,출입구,5번 출입구,교통약자 동선 연결
KR_1_0519,1호선,주안,1F,1,지상 1층,승강장,1호선 승강장 (간석 방면),
KR_1_0519,1호선,주안,1F,1,지상 1층,승강장,1호선 승강장 (도화 방면),
KR_1_0519,1호선,주안,B1,-1,지하 1층,개찰구,표 내는 곳,
KR_1_0519,1호선,주안,B1,-1,지하 1층,엘리베이터,일반승강기,[5호기]지하하행계단옆
KR_1_0519,1호선,주안,B1,-1,지하 1층,엘리베이터,일반승강기,[6호기]지하상행계단옆
KR_1_0519,1호선,주안,B1,-1,지하 1층,화장실,일반화장실(남),표 내는 곳 옆
KR_1_0519,1호선,주안,B1,-1,지하 1층,화장실,일반화장실(여),표 내는 곳 옆
KR_1_0519,1호선,주안,B1,-1,지하 1층,화장실,장애인화장실(남),표 내는 곳 옆
KR_1_0519,1호선,주안,B1,-1,지하 1층,화장실,장애인화장실(여),표 내는 곳 옆
KR_1_0519,1호선,주안,B1,-1,지하 1층,고객센터,고객센터,표 내는 곳 옆
KR_1_0149,1호선,도화,2F,2,지상 2층,엘리베이터,일반승강기,[3호기](2층)맞이방서울역방향개찰구앞
KR_1_0149,1호선,도화,2F,2,지상 2층,엘리베이터,일반승강기,[4호기](2층)맞이방인천방향개찰구앞
KR_1_0149,1호선,도화,2F,2,지상 2층,엘리베이터,일반승강기,"[2호기](2층)맞이방3,4번출입구근처"
KR_1_0149,1호선,도화,2F,2,지상 2층,엘리베이터,일반승강기,"[1호기](2층)맞이방1,2번출입구근처"
KR_1_0149,1호선,도화,2F,2,지상 2층,화장실,일반화장실(남),표내는곳 나와 우측
KR_1_0149,1호선,도화,2F,2,지상 2층,화장실,일반화장실(여),표내는곳 나와 우측
KR_1_0149,1호선,도화,2F,2,지상 2층,화장실,장애인화장실(남),표내는곳 나와 우측
KR_1_0149,1호선,도화,2F,2,지상 2층,화장실,장애인화장실(여),표내는곳 나와 우측
KR_1_0149,1호선,도화,2F,2,지상 2층,고객센터,고객센터,표내는곳 우측
KR_1_0149,1호선,도화,1F,1,지상 1층,엘리베이터,일반승강기,"[1호기](2층)맞이방1,2번출입구근처"
KR_1_0149,1호선,도화,1F,1,지상 1층,엘리베이터,일반승강기,[4호기](2층)맞이방인천방향개찰구앞
KR_1_0149,1호선,도화,1F,1,지상 1층,엘리베이터,일반승강기,[3호기](2층)맞이방서울역방향개찰구앞
KR_1_0149,1호선,도화,1F,1,지상 1층,엘리베이터,일반승강기,"[2호기](2층)맞이방3,4번출입구근처"
KR_1_0149,1호선,도화,1F,1,지상 1층,출입구,2번 출입구,교통약자 동선 연결
KR_1_0149,1호선,도화,1F,1,지상 1층,출입구,4번 출입구,교통약자 동선 연결
KR_1_0149,1호선,도화,1F,1,지상 1층,승강장,1호선 승강장 (주안 방면),
KR_1_0149,1호선,도화,1F,1,지상 1층,승강장,1호선 승강장 (제물포 방면),
KR_1_0513,1호선,제물포,2F,2,지상 2층,개찰구,표 내는 곳,
KR_1_0513,1호선,제물포,2F,2,지상 2층,엘리베이터,일반승강기,[3호기](1F)도화역방행승강장7-3출입구앞
KR_1_0513,1호선,제물포,2F,2,지상 2층,엘리베이터,일반승강기,[4호기](1F)도원역방행승강장4-2출입구앞
KR_1_0513,1호선,제물포,2F,2,지상 2층,엘리베이터,일반승강기,[2호기](1F)2번출입구앞
KR_1_0513,1호선,제물포,2F,2,지상 2층,엘리베이터,일반승강기,[1호기](1F)1번출입구앞
KR_1_0513,1호선,제물포,2F,2,지상 2층,화장실,일반화장실(남),(2F) 맞이방 게이트 앞
KR_1_0513,1호선,제물포,2F,2,지상 2층,화장실,일반화장실(여),(2F) 맞이방 게이트 앞
KR_1_0513,1호선,제물포,2F,2,지상 2층,화장실,장애인화장실(남),(2F) 맞이방 게이트 앞
KR_1_0513,1호선,제물포,2F,2,지상 2층,화장실,장애인화장실(여),(2F) 맞이방 게이트 앞
KR_1_0513,1호선,제물포,2F,2,지상 2층,수유실,수유실,(2F) 2층 맞이방 던킨도너츠 매장 옆
KR_1_0513,1호선,제물포,1F,1,지상 1층,엘리베이터,일반승강기,[1호기](1F)1번출입구앞
KR_1_0513,1호선,제물포,1F,1,지상 1층,엘리베이터,일반승강기,[4호기](1F)도원역방행승강장4-2출입구앞
KR_1_0513,1호선,제물포,1F,1,지상 1층,엘리베이터,일반승강기,[3호기](1F)도화역방행승강장7-3출입구앞
KR_1_0513,1호선,제물포,1F,1,지상 1층,엘리베이터,일반승강기,[2호기](1F)2번출입구앞
KR_1_0513,1호선,제물포,1F,1,지상 1층,출입구,1번 출입구,교통약자 동선 연결
KR_1_0513,1호선,제물포,1F,1,지상 1층,출입구,2번 출입구,교통약자 동선 연결
KR_1_0513,1호선,제물포,1F,1,지상 1층,승강장,1호선 승강장 (도화 방면),
KR_1_0513,1호선,제물포,1F,1,지상 1층,승강장,1호선 승강장 (도원 방면),
KR_1_0148,1호선,도원,2F,2,지상 2층,엘리베이터,일반승강기,[1호기](1)제물포역방향승강장7-4출입문앞
KR_1_0148,1호선,도원,2F,2,지상 2층,엘리베이터,일반승강기,[2호기](1)동인천역방향승강장4-1출입문앞
KR_1_0148,1호선,도원,2F,2,지상 2층,전동휠체어충전설비,전동휠체어충전설비,(2)맞이방 내 3번출구 우측
KR_1_0148,1호선,도원,2F,2,지상 2층,화장실,일반화장실(남),"(2) 표내는곳 내 계단 옆, 인천방면 방향"
KR_1_0148,1호선,도원,2F,2,지상 2층,화장실,일반화장실(여),"(2) 표내는곳 내 계단 옆, 인천방면 방향"
KR_1_0148,1호선,도원,2F,2,지상 2층,화장실,장애인화장실(남),"(2) 표내는곳 내 계단 옆, 인천방면 방향"
KR_1_0148,1호선,도원,2F,2,지상 2층,화장실,장애인화장실(여),"(2) 표내는곳 내 계단 옆, 인천방면 방향"
KR_1_0148,1호선,도원,2F,2,지상 2층,고객센터,고객센터,(2) 맞이방 발매기 방향
KR_1_0148,1호선,도원,2F,2,지상 2층,수유실,수유실,(2) 맞이방 3번 출입구 방향
KR_1_0148,1호선,도원,2F,2,지상 2층,출입구,1번 출입구,교통약자 동선 연결
KR_1_0148,1호선,도원,2F,2,지상 2층,출입구,2번 출입구,교통약자 동선 연결
KR_1_0148,1호선,도원,2F,2,지상 2층,출입구,3번 출입구,교통약자 동선 연결
KR_1_0148,1호선,도원,1F,1,지상 1층,엘리베이터,일반승강기,[1호기](1)제물포역방향승강장7-4출입문앞
KR_1_0148,1호선,도원,1F,1,지상 1층,엘리베이터,일반승강기,[2호기](1)동인천역방향승강장4-1출입문앞
KR_1_0148,1호선,도원,1F,1,지상 1층,승강장,1호선 승강장 (제물포 방면),섬식
KR_1_0148,1호선,도원,1F,1,지상 1층,승강장,1호선 승강장 (동인천 방면),섬식
KR_1_0166,1호선,동인천,3F,3,지상 3층,엘리베이터,일반승강기,[2호기]상행승강장6-1
KR_1_0166,1호선,동인천,3F,3,지상 3층,엘리베이터,일반승강기,[1호기]선상개집표구옆
KR_1_0166,1호선,동인천,3F,3,지상 3층,엘리베이터,일반승강기,[3호기]하행승강장5-4
KR_1_0166,1호선,동인천,2F,2,지상 2층,엘리베이터,일반승강기,[3호기]하행 승강장 5-4
KR_1_0166,1호선,동인천,2F,2,지상 2층,엘리베이터,일반승강기,[1호기]선상 개집표구 옆
KR_1_0166,1호선,동인천,2F,2,지상 2층,엘리베이터,일반승강기,[2호기]상행 승강장 6-1
KR_1_0166,1호선,동인천,1F,1,지상 1층,엘리베이터,일반승강기,[4호기]선하맞이방
KR_1_0166,1호선,동인천,1F,1,지상 1층,엘리베이터,일반승강기,[3호기]하행승강장5-4
KR_1_0166,1호선,동인천,1F,1,지상 1층,엘리베이터,일반승강기,[1호기]선상개집표구옆
KR_1_0166,1호선,동인천,1F,1,지상 1층,엘리베이터,일반승강기,[2호기]상행승강장6-1
KR_1_0166,1호선,동인천,1F,1,지상 1층,전동휠체어충전설비,전동휠체어충전설비,선하맞이방 엘리베이터4호기 옆
KR_1_0166,1호선,동인천,1F,1,지상 1층,화장실,일반화장실(남),선상 맞이방 
KR_1_0166,1호선,동인천,1F,1,지상 1층,화장실,일반화장실(여),선상 맞이방 
KR_1_0166,1호선,동인천,1F,1,지상 1층,화장실,장애인화장실(남),선상 맞이방 
KR_1_0166,1호선,동인천,1F,1,지상 1층,화장실,장애인화장실(여),선상 맞이방 
KR_1_0166,1호선,동인천,1F,1,지상 1층,고객센터,고객센터,선하 역무실
KR_1_0166,1호선,동인천,1F,1,지상 1층,출입구,1번 출입구,교통약자 동선 연결
KR_1_0166,1호선,동인천,1F,1,지상 1층,승강장,1호선 승강장 (도원 방면),쌍섬식 (2폼 4선식)
KR_1_0166,1호선,동인천,1F,1,지상 1층,승강장,1호선 승강장 (인천 방면),쌍섬식 (2폼 4선식)
KR_1_0166,1호선,동인천,B1,-1,지하 1층,화장실,일반화장실(남),선하 연결통로
KR_1_0166,1호선,동인천,B1,-1,지하 1층,화장실,일반화장실(여),선하 연결통로
KR_1_0166,1호선,동인천,B1,-1,지하 1층,화장실,장애인화장실(남),선하 연결통로
KR_1_0166,1호선,동인천,B1,-1,지하 1층,화장실,장애인화장실(여),선하 연결통로
KR_1_0481,1호선,인천,1F,1,지상 1층,엘리베이터,일반승강기,[5호기](B1)지하1층철도경찰사무실앞복도끝좌측(1F)1번출구에서수인분당선환승통로끝
KR_1_0481,1호선,인천,1F,1,지상 1층,엘리베이터,일반승강기,[6호기](B1)지하1층맞이방에서3번출구복도끝(1F)3번출구옆
KR_1_0481,1호선,인천,1F,1,지상 1층,엘리베이터,일반승강기,"[7호기](B1)환승통로끝좌측(1F)1호선1,2번승강장2-1"
KR_1_0481,1호선,인천,1F,1,지상 1층,화장실,일반화장실(남),(1F) 1번출구 월미도 방향 관광안내소 옆
KR_1_0481,1호선,인천,1F,1,지상 1층,화장실,일반화장실(여),(1F) 1번출구 월미도 방향 관광안내소 옆
KR_1_0481,1호선,인천,1F,1,지상 1층,화장실,장애인화장실(남),(1F) 1번출구 월미도 방향 관광안내소 옆
KR_1_0481,1호선,인천,1F,1,지상 1층,화장실,장애인화장실(여),(1F) 1번출구 월미도 방향 관광안내소 옆
KR_1_0481,1호선,인천,1F,1,지상 1층,출입구,1번 출입구,교통약자 동선 연결
KR_1_0481,1호선,인천,1F,1,지상 1층,출입구,3번 출입구,교통약자 동선 연결
KR_1_0481,1호선,인천,1F,1,지상 1층,승강장,1호선 승강장 (동인천 방면),섬식
KR_1_0481,1호선,인천,1F,1,지상 1층,승강장,1호선 승강장 (인천 방면),섬식
KR_1_0481,1호선,인천,B1,-1,지하 1층,개찰구,표 내는 곳,
KR_1_0481,1호선,인천,B1,-1,지하 1층,엘리베이터,일반승강기,[5호기](B1)지하1층철도경찰사무실앞복도끝좌측(1F)1번출구에서수인분당선환승통로끝
KR_1_0481,1호선,인천,B1,-1,지하 1층,엘리베이터,일반승강기,[6호기](B1)지하1층맞이방에서3번출구복도끝(1F)3번출구옆
KR_1_0481,1호선,인천,B1,-1,지하 1층,엘리베이터,일반승강기,"[7호기](B1)환승통로끝좌측(1F)1호선1,2번승강장2-1"
KR_1_0481,1호선,인천,B1,-1,지하 1층,엘리베이터,일반승강기,[8호기](B1)지하1층철도경찰사무실앞(B2)지하2층중앙계단앞(B3)지하3층분리수거장앞
KR_1_0481,1호선,인천,B1,-1,지하 1층,수유실,수유실,(B1) 수인선 역무실 내
KR_1_0481,1호선,인천,B2,-2,지하 2층,엘리베이터,일반승강기,"[4호기](B1) 지하1층 철도경찰사무실 앞
(B2) 지하2층 중앙계단 앞
(B3) 지하3층 분리수거장 앞"
KR_1_0481,1호선,인천,B3,-3,지하 3층,엘리베이터,일반승강기,[8호기](B1)지하1층철도경찰사무실앞(B2)지하2층중앙계단앞(B3)지하3층분리수거장앞
KR_1_0004,1호선,가산디지털단지,2F,2,지상 2층,개찰구,표 내는 곳,
KR_1_0004,1호선,가산디지털단지,2F,2,지상 2층,엘리베이터,일반승강기,[5호기](2F)2번출입구옆
KR_1_0004,1호선,가산디지털단지,2F,2,지상 2층,엘리베이터,일반승강기,[4호기](2F)3번출입구옆
KR_1_0004,1호선,가산디지털단지,2F,2,지상 2층,엘리베이터,일반승강기,[3호기](2F)하선계단
KR_1_0004,1호선,가산디지털단지,2F,2,지상 2층,엘리베이터,일반승강기,[2호기](2F)상선계단
KR_1_0004,1호선,가산디지털단지,2F,2,지상 2층,엘리베이터,일반승강기,[1호기](2F)11번출입구옆
KR_1_0004,1호선,가산디지털단지,2F,2,지상 2층,화장실,일반화장실(남),"(2F) 맞이방 표 내는 곳 옆, 2번/10번/11번출입구 방향"
KR_1_0004,1호선,가산디지털단지,2F,2,지상 2층,화장실,일반화장실(여),"(2F) 맞이방 표 내는 곳 옆, 2번/10번/11번출입구 방향"
KR_1_0004,1호선,가산디지털단지,2F,2,지상 2층,화장실,장애인화장실(남),"(2F) 맞이방 표 내는 곳 옆, 2번/10번/11번출입구 방향"
KR_1_0004,1호선,가산디지털단지,2F,2,지상 2층,고객센터,고객센터,"(2F) 맞이방 게이트 옆 (2번,10번,11번 출구 방향)"
KR_1_0004,1호선,가산디지털단지,2F,2,지상 2층,출입구,1번 출입구,교통약자 동선 연결
KR_1_0004,1호선,가산디지털단지,2F,2,지상 2층,출입구,2번 출입구,
KR_1_0004,1호선,가산디지털단지,2F,2,지상 2층,출입구,3번 출입구,
KR_1_0004,1호선,가산디지털단지,2F,2,지상 2층,출입구,7번 출입구,교통약자 동선 연결
KR_1_0004,1호선,가산디지털단지,2F,2,지상 2층,출입구,11번 출입구,
KR_1_0004,1호선,가산디지털단지,1F,1,지상 1층,엘리베이터,일반승강기,[4호기](2F)3번출입구옆
KR_1_0004,1호선,가산디지털단지,1F,1,지상 1층,엘리베이터,일반승강기,[3호기](2F)하선계단
KR_1_0004,1호선,가산디지털단지,1F,1,지상 1층,엘리베이터,일반승강기,[2호기](2F)상선계단
KR_1_0004,1호선,가산디지털단지,1F,1,지상 1층,엘리베이터,일반승강기,[1호기](2F)11번출입구옆
KR_1_0004,1호선,가산디지털단지,1F,1,지상 1층,엘리베이터,일반승강기,[5호기](2F)2번출입구옆
KR_1_0004,1호선,가산디지털단지,1F,1,지상 1층,휠체어리프트,휠체어리프트,(2F) 2번 출입구 옆
KR_1_0152,1호선,독산,2F,2,지상 2층,개찰구,표 내는 곳,
KR_1_0152,1호선,독산,2F,2,지상 2층,엘리베이터,일반승강기,"[2호기](1F)가산디지털단지역방향승강장7-1~7-2출입문사이,(2F)맞이방"
KR_1_0152,1호선,독산,2F,2,지상 2층,엘리베이터,일반승강기,"[4호기](1F)2번출입구옆,(2F)2번/3번출입구사이"
KR_1_0152,1호선,독산,2F,2,지상 2층,엘리베이터,일반승강기,"[3호기](1F)1번출입구옆,(2F)1번출입구앞"
KR_1_0152,1호선,독산,2F,2,지상 2층,엘리베이터,일반승강기,"[1호기](1F)금천구청역방향승강장4-3~4-4출입문사이,(2F)맞이방"
KR_1_0152,1호선,독산,2F,2,지상 2층,화장실,일반화장실(남),(2F) 1번 출입구 방향 역무실 맞은편
KR_1_0152,1호선,독산,2F,2,지상 2층,화장실,일반화장실(여),(2F) 1번 출입구 방향 역무실 맞은편
KR_1_0152,1호선,독산,2F,2,지상 2층,화장실,장애인화장실(남),(2F) 1번 출입구 방향 역무실 맞은편
KR_1_0152,1호선,독산,2F,2,지상 2층,화장실,장애인화장실(여),(2F) 1번 출입구 방향 역무실 맞은편
KR_1_0152,1호선,독산,1F,1,지상 1층,엘리베이터,일반승강기,"[4호기](1F)2번출입구옆,(2F)2번/3번출입구사이"
KR_1_0152,1호선,독산,1F,1,지상 1층,엘리베이터,일반승강기,"[3호기](1F)1번출입구옆,(2F)1번출입구앞"
KR_1_0152,1호선,독산,1F,1,지상 1층,엘리베이터,일반승강기,"[2호기](1F)가산디지털단지역방향승강장7-1~7-2출입문사이,(2F)맞이방"
KR_1_0152,1호선,독산,1F,1,지상 1층,엘리베이터,일반승강기,"[1호기](1F)금천구청역방향승강장4-3~4-4출입문사이,(2F)맞이방"
KR_1_0152,1호선,독산,1F,1,지상 1층,출입구,1번 출입구,교통약자 동선 연결
KR_1_0152,1호선,독산,1F,1,지상 1층,출입구,2번 출입구,교통약자 동선 연결
KR_1_0152,1호선,독산,1F,1,지상 1층,출입구,3번 출입구,
KR_1_0152,1호선,독산,1F,1,지상 1층,승강장,1호선 승강장 (가산디지털단지 방면),상대식
KR_1_0152,1호선,독산,1F,1,지상 1층,승강장,1호선 승강장 (금천구청 방면),상대식
KR_1_0091,1호선,금천구청,2F,2,지상 2층,개찰구,표 내는 곳,
KR_1_0091,1호선,금천구청,2F,2,지상 2층,엘리베이터,일반승강기,[1호기]4호기(1층광장1번출구계단옆)3호기(2층맞이방↔이동통로)2호기(이동통로↔하행승강장)1호기(이동통로↔상행승강장)
KR_1_0091,1호선,금천구청,1F,1,지상 1층,엘리베이터,일반승강기,[1호기]4호기(1층광장1번출구계단옆)3호기(2층맞이방↔이동통로)2호기(이동통로↔하행승강장)1호기(이동통로↔상행승강장)
KR_1_0091,1호선,금천구청,1F,1,지상 1층,화장실,일반화장실(남),1층 광장 입구 1층 계단 옆
KR_1_0091,1호선,금천구청,1F,1,지상 1층,화장실,일반화장실(여),1층 광장 입구 1층 계단 옆
KR_1_0091,1호선,금천구청,1F,1,지상 1층,화장실,장애인화장실(남),1층 광장 입구 1층 계단 옆
KR_1_0091,1호선,금천구청,1F,1,지상 1층,화장실,장애인화장실(여),1층 광장 입구 1층 계단 옆
KR_1_0091,1호선,금천구청,1F,1,지상 1층,출입구,1번 출입구,교통약자 동선 연결
KR_1_0091,1호선,금천구청,1F,1,지상 1층,승강장,1호선 승강장 (독산 방면),쌍섬식 (2폼 4선식)
KR_1_0091,1호선,금천구청,1F,1,지상 1층,승강장,1호선 승강장 (광명·석수 방면),쌍섬식 (2폼 4선식)
KR_1_0063,1호선,광명,2F,2,지상 2층,엘리베이터,일반승강기,[2호기](1F)동편북쪽맨끝(B1)1번통로
KR_1_0063,1호선,광명,2F,2,지상 2층,엘리베이터,일반승강기,[3호기](1F)서편남쪽맨끝(B1)5번통로
KR_1_0063,1호선,광명,2F,2,지상 2층,엘리베이터,일반승강기,[4호기](1F)서편북쪽맨끝(B1)1번통로
KR_1_0063,1호선,광명,2F,2,지상 2층,엘리베이터,일반승강기,[7호기](1F)동편남쪽맨끝(B1)5번통로
KR_1_0063,1호선,광명,1F,1,지상 1층,엘리베이터,일반승강기,[1호기](1F)서편북쪽수유방옆(B1)2번통로
KR_1_0063,1호선,광명,1F,1,지상 1층,엘리베이터,일반승강기,[5호기](1F)서편남쪽수유방옆(B1)4번통로
KR_1_0063,1호선,광명,1F,1,지상 1층,엘리베이터,일반승강기,[12호기](1F)동편중앙(B1)3번통로
KR_1_0063,1호선,광명,1F,1,지상 1층,엘리베이터,일반승강기,"[9호기](1F) 서편 북쪽 맨끝
(B1) 1번 통로"
KR_1_0063,1호선,광명,1F,1,지상 1층,엘리베이터,일반승강기,"[10호기](1F) 서편 남쪽 맨끝
(B1) 5번 통로"
KR_1_0063,1호선,광명,1F,1,지상 1층,엘리베이터,일반승강기,"[12호기](1F) 동편 남쪽 맨끝
(B1) 5번 통로"
KR_1_0063,1호선,광명,1F,1,지상 1층,엘리베이터,일반승강기,"[11호기](1F) 동편 북쪽 맨끝
(B1) 1번 통로"
KR_1_0063,1호선,광명,1F,1,지상 1층,전동휠체어충전설비,전동휠체어충전설비,(1F) 1번출구 
KR_1_0063,1호선,광명,1F,1,지상 1층,전동휠체어충전설비,전동휠체어충전설비,(1F) 5번출구 
KR_1_0063,1호선,광명,1F,1,지상 1층,화장실,일반화장실(남),(1F)  서편 남쪽(4번 출입구)
KR_1_0063,1호선,광명,1F,1,지상 1층,화장실,일반화장실(남),(1F)  동편 북쪽(5번 출입구)
KR_1_0063,1호선,광명,1F,1,지상 1층,화장실,일반화장실(남),(1F) 서편 북쪽(1번 출입구)
KR_1_0063,1호선,광명,1F,1,지상 1층,화장실,일반화장실(남),(1F)  동편 남쪽(8번 출입구)
KR_1_0063,1호선,광명,1F,1,지상 1층,화장실,일반화장실(여),(1F)  동편 남쪽(8번 출입구)
KR_1_0063,1호선,광명,1F,1,지상 1층,화장실,일반화장실(여),(1F)  서편 남쪽(4번 출입구)
KR_1_0063,1호선,광명,1F,1,지상 1층,화장실,일반화장실(여),(1F) 서편 북쪽(1번 출입구)
KR_1_0063,1호선,광명,1F,1,지상 1층,화장실,일반화장실(여),(1F)  동편 북쪽(5번 출입구)
KR_1_0063,1호선,광명,1F,1,지상 1층,화장실,장애인화장실(남),(1F) 서편 북쪽(1번 출입구)
KR_1_0063,1호선,광명,1F,1,지상 1층,화장실,장애인화장실(남),(1F)  서편 남쪽(4번 출입구)
KR_1_0063,1호선,광명,1F,1,지상 1층,화장실,장애인화장실(남),(1F)  동편 남쪽(8번 출입구)
KR_1_0063,1호선,광명,1F,1,지상 1층,화장실,장애인화장실(남),(1F)  동편 북쪽(5번 출입구)
KR_1_0063,1호선,광명,1F,1,지상 1층,화장실,장애인화장실(여),(1F)  서편 남쪽(4번 출입구)
KR_1_0063,1호선,광명,1F,1,지상 1층,화장실,장애인화장실(여),(1F)  동편 남쪽(8번 출입구)
KR_1_0063,1호선,광명,1F,1,지상 1층,화장실,장애인화장실(여),(1F) 서편 북쪽(1번 출입구)
KR_1_0063,1호선,광명,1F,1,지상 1층,화장실,장애인화장실(여),(1F)  동편 북쪽(5번 출입구)
KR_1_0063,1호선,광명,1F,1,지상 1층,고객센터,고객센터,"(1F) 종합안내, 2번 출입구 방향"
KR_1_0063,1호선,광명,1F,1,지상 1층,수유실,수유실,(1F) 2번 출입구 방향
KR_1_0063,1호선,광명,1F,1,지상 1층,수유실,수유실,(1F) 3번 출입구 방향
KR_1_0063,1호선,광명,1F,1,지상 1층,출입구,1번 출입구,교통약자 동선 연결
KR_1_0063,1호선,광명,1F,1,지상 1층,출입구,2번 출입구,교통약자 동선 연결
KR_1_0063,1호선,광명,1F,1,지상 1층,출입구,3번 출입구,
KR_1_0063,1호선,광명,1F,1,지상 1층,출입구,4번 출입구,
KR_1_0063,1호선,광명,1F,1,지상 1층,출입구,5번 출입구,교통약자 동선 연결
KR_1_0063,1호선,광명,1F,1,지상 1층,출입구,6번 출입구,교통약자 동선 연결
KR_1_0063,1호선,광명,1F,1,지상 1층,출입구,8번 출입구,
KR_1_0063,1호선,광명,B1,-1,지하 1층,엘리베이터,일반승강기,[6호기](B1)1번연결통로(B2)상행승강장
KR_1_0063,1호선,광명,B1,-1,지하 1층,엘리베이터,일반승강기,[8호기](B1)5번통로(B2)상행승강장
KR_1_0063,1호선,광명,B1,-1,지하 1층,엘리베이터,일반승강기,[9호기](B1)4번통로(B2)하행승강장
KR_1_0063,1호선,광명,B1,-1,지하 1층,엘리베이터,일반승강기,[10호기](B1)3번통로(B2)상행승강장
KR_1_0063,1호선,광명,B1,-1,지하 1층,엘리베이터,일반승강기,[11호기](B1)2번연결통로(B2)하행승강장
KR_1_0063,1호선,광명,B1,-1,지하 1층,엘리베이터,일반승강기,"[9호기](1F) 서편 북쪽 맨끝
(B1) 1번 통로"
KR_1_0063,1호선,광명,B1,-1,지하 1층,엘리베이터,일반승강기,"[12호기](1F) 동편 남쪽 맨끝
(B1) 5번 통로"
KR_1_0063,1호선,광명,B1,-1,지하 1층,엘리베이터,일반승강기,"[11호기](1F) 동편 북쪽 맨끝
(B1) 1번 통로"
KR_1_0063,1호선,광명,B1,-1,지하 1층,엘리베이터,일반승강기,"[10호기](1F) 서편 남쪽 맨끝
(B1) 5번 통로"
KR_1_0063,1호선,광명,B1,-1,지하 1층,엘리베이터,일반승강기,[1호기](1F)서편북쪽수유방옆(B1)2번통로
KR_1_0063,1호선,광명,B1,-1,지하 1층,엘리베이터,일반승강기,[12호기](1F)동편중앙(B1)3번통로
KR_1_0063,1호선,광명,B1,-1,지하 1층,엘리베이터,일반승강기,[5호기](1F)서편남쪽수유방옆(B1)4번통로
KR_1_0063,1호선,광명,B1,-1,지하 1층,화장실,일반화장실(남),(B1) 동편 북쪽(2번 통로)
KR_1_0063,1호선,광명,B1,-1,지하 1층,화장실,일반화장실(남),(B1) 동편 남쪽(4번 통로)
KR_1_0063,1호선,광명,B1,-1,지하 1층,화장실,일반화장실(남),(B1) 서편 북쪽(2번 통로)
KR_1_0063,1호선,광명,B1,-1,지하 1층,화장실,일반화장실(남),(B1) 서편 남쪽(4번 통로)
KR_1_0063,1호선,광명,B1,-1,지하 1층,화장실,일반화장실(여),(B1) 서편 남쪽(4번 통로)
KR_1_0063,1호선,광명,B1,-1,지하 1층,화장실,일반화장실(여),(B1) 서편 북쪽(2번 통로)
KR_1_0063,1호선,광명,B1,-1,지하 1층,화장실,일반화장실(여),(B1) 동편 북쪽(2번 통로)
KR_1_0063,1호선,광명,B1,-1,지하 1층,화장실,일반화장실(여),(B1) 동편 남쪽(4번 통로)
KR_1_0063,1호선,광명,B1,-1,지하 1층,화장실,장애인화장실(남),(B1) 서편 북쪽(2번 통로)
KR_1_0063,1호선,광명,B1,-1,지하 1층,화장실,장애인화장실(남),(B1) 서편 남쪽(4번 통로)
KR_1_0063,1호선,광명,B1,-1,지하 1층,화장실,장애인화장실(남),(B1) 동편 남쪽(4번 통로)
KR_1_0063,1호선,광명,B1,-1,지하 1층,화장실,장애인화장실(남),(B1) 동편 북쪽(2번 통로)
KR_1_0063,1호선,광명,B1,-1,지하 1층,화장실,장애인화장실(여),(B1) 동편 남쪽(4번 통로)
KR_1_0063,1호선,광명,B1,-1,지하 1층,화장실,장애인화장실(여),(B1) 동편 북쪽(2번 통로)
KR_1_0063,1호선,광명,B1,-1,지하 1층,화장실,장애인화장실(여),(B1) 서편 북쪽(2번 통로)
KR_1_0063,1호선,광명,B1,-1,지하 1층,화장실,장애인화장실(여),(B1) 서편 남쪽(4번 통로)
KR_1_0063,1호선,광명,B2,-2,지하 2층,엘리베이터,일반승강기,[3호기](1F)서편남쪽맨끝(B1)5번통로
KR_1_0063,1호선,광명,B2,-2,지하 2층,엘리베이터,일반승강기,[6호기](B1)1번연결통로(B2)상행승강장
KR_1_0063,1호선,광명,B2,-2,지하 2층,엘리베이터,일반승강기,[7호기](1F)동편남쪽맨끝(B1)5번통로
KR_1_0063,1호선,광명,B2,-2,지하 2층,엘리베이터,일반승강기,[2호기](1F)동편북쪽맨끝(B1)1번통로
KR_1_0063,1호선,광명,B2,-2,지하 2층,엘리베이터,일반승강기,[11호기](B1)2번연결통로(B2)하행승강장
KR_1_0063,1호선,광명,B2,-2,지하 2층,엘리베이터,일반승강기,[10호기](B1)3번통로(B2)상행승강장
KR_1_0063,1호선,광명,B2,-2,지하 2층,엘리베이터,일반승강기,[4호기](1F)서편북쪽맨끝(B1)1번통로
KR_1_0063,1호선,광명,B2,-2,지하 2층,엘리베이터,일반승강기,[8호기](B1)5번통로(B2)상행승강장
KR_1_0063,1호선,광명,B2,-2,지하 2층,엘리베이터,일반승강기,[9호기](B1)4번통로(B2)하행승강장
KR_1_0063,1호선,광명,B2,-2,지하 2층,승강장,1호선 승강장 (금천구청 방면),
KR_1_0063,1호선,광명,B2,-2,지하 2층,승강장,1호선 승강장 (광명 방면),
KR_1_0303,1호선,석수,2F,2,지상 2층,개찰구,표 내는 곳,
KR_1_0303,1호선,석수,2F,2,지상 2층,엘리베이터,일반승강기,"[3호기](1F)2번출구쪽엘리베이터,2번출구옆"
KR_1_0303,1호선,석수,2F,2,지상 2층,엘리베이터,일반승강기,"[1호기](1F)도로옆육교쪽엘리베이터,보도육교를지나서석수역이동통로,맞이방및1,2번출구로가는방향"
KR_1_0303,1호선,석수,2F,2,지상 2층,엘리베이터,일반승강기,"[2호기](1F)1번출구쪽엘리베이터,1번출구옆"
KR_1_0303,1호선,석수,2F,2,지상 2층,화장실,일반화장실(남),(2F) 역사 대합실
KR_1_0303,1호선,석수,2F,2,지상 2층,화장실,일반화장실(여),(2F) 역사 대합실
KR_1_0303,1호선,석수,2F,2,지상 2층,화장실,장애인화장실(남),(2F) 역사 대합실
KR_1_0303,1호선,석수,2F,2,지상 2층,화장실,장애인화장실(여),(2F) 역사 대합실
KR_1_0303,1호선,석수,2F,2,지상 2층,고객센터,고객센터,(2F) 역사 대합실
KR_1_0303,1호선,석수,1F,1,지상 1층,엘리베이터,일반승강기,"[2호기](1F)1번출구쪽엘리베이터,1번출구옆"
KR_1_0303,1호선,석수,1F,1,지상 1층,엘리베이터,일반승강기,"[1호기](1F)도로옆육교쪽엘리베이터,보도육교를지나서석수역이동통로,맞이방및1,2번출구로가는방향"
KR_1_0303,1호선,석수,1F,1,지상 1층,엘리베이터,일반승강기,"[3호기](1F)2번출구쪽엘리베이터,2번출구옆"
KR_1_0303,1호선,석수,1F,1,지상 1층,휠체어리프트,휠체어리프트,"(1F) 금천구청역 방향 승강장 10-4, 상행 계단 올라가는 곳"
KR_1_0303,1호선,석수,1F,1,지상 1층,휠체어리프트,휠체어리프트,"(1F) 관악역 방향 승강장 1-1, 하행 계단 올라가는 곳"
KR_1_0303,1호선,석수,1F,1,지상 1층,화장실,일반화장실(남),(1F) 하선승강장 계단 내려가서 오른쪽 코너
KR_1_0303,1호선,석수,1F,1,지상 1층,화장실,일반화장실(여),(1F) 하선승강장 계단 내려가서 오른쪽 코너
KR_1_0303,1호선,석수,1F,1,지상 1층,화장실,장애인화장실(남),(1F) 하선승강장 계단 내려가서 오른쪽 코너
KR_1_0303,1호선,석수,1F,1,지상 1층,화장실,장애인화장실(여),(1F) 하선승강장 계단 내려가서 오른쪽 코너
KR_1_0303,1호선,석수,1F,1,지상 1층,출입구,1번 출입구,교통약자 동선 연결
KR_1_0303,1호선,석수,1F,1,지상 1층,출입구,2번 출입구,교통약자 동선 연결
KR_1_0303,1호선,석수,1F,1,지상 1층,승강장,1호선 승강장 (금천구청 방면),섬식
KR_1_0303,1호선,석수,1F,1,지상 1층,승강장,1호선 승강장 (관악 방면),섬식
KR_1_0059,1호선,관악,2F,2,지상 2층,대합실,대합실,
KR_1_0059,1호선,관악,2F,2,지상 2층,개찰구,표 내는 곳,
KR_1_0059,1호선,관악,2F,2,지상 2층,엘리베이터,일반승강기,[1호기](1F)안양역방향승강장진행방향앞쪽끝
KR_1_0059,1호선,관악,2F,2,지상 2층,엘리베이터,일반승강기,[2호기](1F)2번출입구옆
KR_1_0059,1호선,관악,2F,2,지상 2층,엘리베이터,일반승강기,[3호기](1F)1번출입구옆
KR_1_0059,1호선,관악,2F,2,지상 2층,화장실,일반화장실(남),(2F) 역사 대합실
KR_1_0059,1호선,관악,2F,2,지상 2층,화장실,일반화장실(여),(2F) 역사 대합실
KR_1_0059,1호선,관악,2F,2,지상 2층,화장실,장애인화장실(남),(2F) 역사 대합실
KR_1_0059,1호선,관악,2F,2,지상 2층,화장실,장애인화장실(여),(2F) 역사 대합실
KR_1_0059,1호선,관악,2F,2,지상 2층,고객센터,고객센터,(2F) 맞이방
KR_1_0059,1호선,관악,1F,1,지상 1층,엘리베이터,일반승강기,[3호기](1F)1번출입구옆
KR_1_0059,1호선,관악,1F,1,지상 1층,엘리베이터,일반승강기,[1호기](1F)안양역방향승강장진행방향앞쪽끝
KR_1_0059,1호선,관악,1F,1,지상 1층,엘리베이터,일반승강기,[2호기](1F)2번출입구옆
KR_1_0059,1호선,관악,1F,1,지상 1층,휠체어리프트,휠체어리프트,1F(석수역 방향 상행승강장 계단 옆)
KR_1_0059,1호선,관악,1F,1,지상 1층,화장실,일반화장실(남),(1F) 하선 승강장 E/L으로 가는 연결통로
KR_1_0059,1호선,관악,1F,1,지상 1층,화장실,일반화장실(여),(1F) 하선 승강장 E/L으로 가는 연결통로
KR_1_0059,1호선,관악,1F,1,지상 1층,화장실,장애인화장실(남),(1F) 하선 승강장 E/L으로 가는 연결통로
KR_1_0059,1호선,관악,1F,1,지상 1층,화장실,장애인화장실(여),(1F) 하선 승강장 E/L으로 가는 연결통로
KR_1_0059,1호선,관악,1F,1,지상 1층,출입구,1번 출입구,교통약자 동선 연결
KR_1_0059,1호선,관악,1F,1,지상 1층,출입구,2번 출입구,교통약자 동선 연결
KR_1_0059,1호선,관악,1F,1,지상 1층,승강장,1호선 승강장 (석수 방면),섬식
KR_1_0059,1호선,관악,1F,1,지상 1층,승강장,1호선 승강장 (안양 방면),섬식
KR_1_0390,1호선,안양,2F,2,지상 2층,대합실,대합실,
KR_1_0390,1호선,안양,2F,2,지상 2층,개찰구,표 내는 곳,
KR_1_0390,1호선,안양,2F,2,지상 2층,엘리베이터,일반승강기,[3호기](1F)명학역방향승강장7-2출입문앞
KR_1_0390,1호선,안양,2F,2,지상 2층,엘리베이터,일반승강기,[2호기](1F)관악역방향승강장4-3출입문앞
KR_1_0390,1호선,안양,2F,2,지상 2층,엘리베이터,일반승강기,[1호기](2F)1번출구맞이방서쪽
KR_1_0390,1호선,안양,2F,2,지상 2층,전동휠체어충전설비,전동휠체어충전설비,(2층) 대합실 좌측 약국 좌측
KR_1_0390,1호선,안양,2F,2,지상 2층,화장실,일반화장실(남),(2층) 대합실내 북쪽 게이트 좌측
KR_1_0390,1호선,안양,2F,2,지상 2층,화장실,일반화장실(여),(2층) 대합실내 북쪽 게이트 좌측
KR_1_0390,1호선,안양,2F,2,지상 2층,화장실,장애인화장실(남),(2층) 대합실내 북쪽 게이트 좌측
KR_1_0390,1호선,안양,2F,2,지상 2층,화장실,장애인화장실(여),(2층) 대합실내 북쪽 게이트 좌측
KR_1_0390,1호선,안양,2F,2,지상 2층,고객센터,고객센터,(2층) 남쪽 게이트 우측
KR_1_0390,1호선,안양,1F,1,지상 1층,엘리베이터,일반승강기,[2호기](1F)관악역방향승강장4-3출입문앞
KR_1_0390,1호선,안양,1F,1,지상 1층,엘리베이터,일반승강기,[3호기](1F)명학역방향승강장7-2출입문앞
KR_1_0390,1호선,안양,1F,1,지상 1층,엘리베이터,일반승강기,[2호기](B1-2F) (B1)연결통로 (2F)1번출구 맞이방 서쪽
KR_1_0390,1호선,안양,1F,1,지상 1층,출입구,1번 출입구,교통약자 동선 연결
KR_1_0390,1호선,안양,1F,1,지상 1층,출입구,3번 출입구,교통약자 동선 연결
KR_1_0390,1호선,안양,1F,1,지상 1층,승강장,1호선 승강장 (관악 방면),섬식
KR_1_0390,1호선,안양,1F,1,지상 1층,승강장,1호선 승강장 (명학 방면),섬식
KR_1_0390,1호선,안양,B1,-1,지하 1층,엘리베이터,일반승강기,[1호기](2F)1번출구맞이방서쪽
KR_1_0200,1호선,명학,2F,2,지상 2층,대합실,대합실,
KR_1_0200,1호선,명학,2F,2,지상 2층,개찰구,표 내는 곳,
KR_1_0200,1호선,명학,2F,2,지상 2층,엘리베이터,일반승강기,[4호기](1F)2번출입구및자전거보관소(2F)2번출입구및맞이방연결통로
KR_1_0200,1호선,명학,2F,2,지상 2층,엘리베이터,일반승강기,[3호기](1F)1번출입구및성결대학교셔틀버스정류장앞(2F)1번출입구및맞이방연결통로
KR_1_0200,1호선,명학,2F,2,지상 2층,엘리베이터,일반승강기,[2호기](1F)금정역방향승강장10-4출입문앞(2F)2번출입구계단및맞이방연결통로
KR_1_0200,1호선,명학,2F,2,지상 2층,엘리베이터,일반승강기,[1호기](1F)안양역방향승강장1-1출입문앞(2F)1번출입구계단및맞이방연결통로
KR_1_0200,1호선,명학,2F,2,지상 2층,화장실,일반화장실(남),2층 맞이방 게이트 옆
KR_1_0200,1호선,명학,2F,2,지상 2층,화장실,일반화장실(여),2층 맞이방 게이트 옆
KR_1_0200,1호선,명학,2F,2,지상 2층,화장실,장애인화장실(남),2층 맞이방 게이트 옆
KR_1_0200,1호선,명학,2F,2,지상 2층,화장실,장애인화장실(여),2층 맞이방 게이트 옆
KR_1_0200,1호선,명학,2F,2,지상 2층,고객센터,고객센터,(2F) 맞이방
KR_1_0200,1호선,명학,1F,1,지상 1층,엘리베이터,일반승강기,[2호기](1F)금정역방향승강장10-4출입문앞(2F)2번출입구계단및맞이방연결통로
KR_1_0200,1호선,명학,1F,1,지상 1층,엘리베이터,일반승강기,[4호기](1F)2번출입구및자전거보관소(2F)2번출입구및맞이방연결통로
KR_1_0200,1호선,명학,1F,1,지상 1층,엘리베이터,일반승강기,[3호기](1F)1번출입구및성결대학교셔틀버스정류장앞(2F)1번출입구및맞이방연결통로
KR_1_0200,1호선,명학,1F,1,지상 1층,엘리베이터,일반승강기,[1호기](1F)안양역방향승강장1-1출입문앞(2F)1번출입구계단및맞이방연결통로
KR_1_0200,1호선,명학,1F,1,지상 1층,화장실,일반화장실(남),상선 승강장 1-4
KR_1_0200,1호선,명학,1F,1,지상 1층,화장실,일반화장실(여),상선 승강장 1-4
KR_1_0200,1호선,명학,1F,1,지상 1층,출입구,1번 출입구,교통약자 동선 연결
KR_1_0200,1호선,명학,1F,1,지상 1층,출입구,2번 출입구,교통약자 동선 연결
KR_1_0200,1호선,명학,1F,1,지상 1층,승강장,1호선 승강장 (안양 방면),섬식
KR_1_0200,1호선,명학,1F,1,지상 1층,승강장,1호선 승강장 (금정 방면),섬식
KR_1_0090,1호선,금정,2F,2,지상 2층,개찰구,표 내는 곳,
KR_1_0090,1호선,금정,2F,2,지상 2층,엘리베이터,일반승강기,"[6호기](2F)1,2번출입구방향(1F)역사밖"
KR_1_0090,1호선,금정,2F,2,지상 2층,엘리베이터,일반승강기,"[5호기](2F)남부역사환승통로(1F)남부역사1,4호선하행승강장10-1"
KR_1_0090,1호선,금정,2F,2,지상 2층,엘리베이터,일반승강기,"[4호기](2F)남부역사환승통로(1F)남부역사1,4호선하행승강장1-4"
KR_1_0090,1호선,금정,2F,2,지상 2층,엘리베이터,일반승강기,"[1호기](2F)북부역사환승통로(1F)북부역사1,4호선상행승강장3-2"
KR_1_0090,1호선,금정,2F,2,지상 2층,엘리베이터,일반승강기,"[2호기](2F)북부역사환승통로(1F)북부역사1,4호선하행승강장8-3"
KR_1_0090,1호선,금정,2F,2,지상 2층,전동휠체어충전설비,전동휠체어충전설비,(2F)북쪽 맞이방 내
KR_1_0090,1호선,금정,2F,2,지상 2층,화장실,일반화장실(남),(2)개찰구 옆
KR_1_0090,1호선,금정,2F,2,지상 2층,화장실,일반화장실(여),(2)개찰구 옆
KR_1_0090,1호선,금정,2F,2,지상 2층,화장실,장애인화장실(남),(2)개찰구 옆
KR_1_0090,1호선,금정,2F,2,지상 2층,화장실,장애인화장실(여),(2)개찰구 옆
KR_1_0090,1호선,금정,1F,1,지상 1층,엘리베이터,일반승강기,"[2호기](2F)북부역사환승통로(1F)북부역사1,4호선하행승강장8-3"
KR_1_0090,1호선,금정,1F,1,지상 1층,엘리베이터,일반승강기,"[4호기](2F)남부역사환승통로(1F)남부역사1,4호선하행승강장1-4"
KR_1_0090,1호선,금정,1F,1,지상 1층,엘리베이터,일반승강기,"[6호기](2F)1,2번출입구방향(1F)역사밖"
KR_1_0090,1호선,금정,1F,1,지상 1층,엘리베이터,일반승강기,"[1호기](2F)북부역사환승통로(1F)북부역사1,4호선상행승강장3-2"
KR_1_0090,1호선,금정,1F,1,지상 1층,엘리베이터,일반승강기,"[5호기](2F)남부역사환승통로(1F)남부역사1,4호선하행승강장10-1"
KR_1_0090,1호선,금정,1F,1,지상 1층,화장실,일반화장실(남),(1)승강장 3-4
KR_1_0090,1호선,금정,1F,1,지상 1층,화장실,일반화장실(남),(1)승강장 8-3
KR_1_0090,1호선,금정,1F,1,지상 1층,화장실,일반화장실(여),(1)승강장 3-4
KR_1_0090,1호선,금정,1F,1,지상 1층,화장실,일반화장실(여),(1)승강장 8-3
KR_1_0090,1호선,금정,1F,1,지상 1층,출입구,2번 출입구,교통약자 동선 연결
KR_1_0090,1호선,금정,1F,1,지상 1층,출입구,5번 출입구,교통약자 동선 연결
KR_1_0090,1호선,금정,1F,1,지상 1층,출입구,8번 출입구,교통약자 동선 연결
KR_1_0090,1호선,금정,1F,1,지상 1층,승강장,1호선 승강장 (명학 방면),섬식
KR_1_0090,1호선,금정,1F,1,지상 1층,승강장,1호선 승강장 (군포 방면),섬식
KR_1_0083,1호선,군포,2F,2,지상 2층,개찰구,표 내는 곳,
KR_1_0083,1호선,군포,2F,2,지상 2층,엘리베이터,일반승강기,[3호기](1F)광장스마트도서관옆->(2F)1번출입구방향
KR_1_0083,1호선,군포,2F,2,지상 2층,엘리베이터,일반승강기,[2호기](1F)금정역방향승강장9-2->(2F)종합안내도옆
KR_1_0083,1호선,군포,2F,2,지상 2층,엘리베이터,일반승강기,[1호기](1F)당정역방향승강장2-3->(2F)음료자판기옆
KR_1_0083,1호선,군포,2F,2,지상 2층,휠체어리프트,휠체어리프트,(2F) 당정역 방향 승강장 계단 앞
KR_1_0083,1호선,군포,2F,2,지상 2층,휠체어리프트,휠체어리프트,(2F) 2번 출입구 방향 
KR_1_0083,1호선,군포,2F,2,지상 2층,전동휠체어충전설비,전동휠체어충전설비,(2F) 자동발매기 옆
KR_1_0083,1호선,군포,2F,2,지상 2층,화장실,일반화장실(남),(2F) 비상게이트 옆 
KR_1_0083,1호선,군포,2F,2,지상 2층,화장실,일반화장실(여),(2F) 비상게이트 옆 
KR_1_0083,1호선,군포,2F,2,지상 2층,화장실,장애인화장실(남),(2F) 비상게이트 옆 
KR_1_0083,1호선,군포,2F,2,지상 2층,화장실,장애인화장실(여),(2F) 비상게이트 옆 
KR_1_0083,1호선,군포,2F,2,지상 2층,고객센터,고객센터,(2F) 표 내는곳 안쪽
KR_1_0083,1호선,군포,2F,2,지상 2층,승강장,1호선 승강장 (금정 방면),섬식
KR_1_0083,1호선,군포,2F,2,지상 2층,승강장,1호선 승강장 (당정 방면),섬식
KR_1_0083,1호선,군포,1F,1,지상 1층,엘리베이터,일반승강기,[3호기](1F)광장스마트도서관옆->(2F)1번출입구방향
KR_1_0083,1호선,군포,1F,1,지상 1층,엘리베이터,일반승강기,[1호기](1F)당정역방향승강장2-3->(2F)음료자판기옆
KR_1_0083,1호선,군포,1F,1,지상 1층,엘리베이터,일반승강기,[2호기](1F)금정역방향승강장9-2->(2F)종합안내도옆
KR_1_0083,1호선,군포,1F,1,지상 1층,출입구,1번 출입구,교통약자 동선 연결
KR_1_0083,1호선,군포,1F,1,지상 1층,출입구,2번 출입구,
KR_1_0127,1호선,당정,2F,2,지상 2층,개찰구,표 내는 곳,
KR_1_0127,1호선,당정,2F,2,지상 2층,엘리베이터,일반승강기,"[2호기](1F)군포역방향승강장5-4출입문앞,(2F)이동통로군포역방향계단옆"
KR_1_0127,1호선,당정,2F,2,지상 2층,엘리베이터,일반승강기,"[4호기](1F)3번출입구옆,(2F)3번출입구앞"
KR_1_0127,1호선,당정,2F,2,지상 2층,엘리베이터,일반승강기,"[3호기](1F)1번/2번출입구사이,(2F)1번/2번출입구사이"
KR_1_0127,1호선,당정,2F,2,지상 2층,엘리베이터,일반승강기,"[1호기](1F)의왕역방향승강장5-4출입문앞,(2F)이동통로의왕역방향계단옆"
KR_1_0127,1호선,당정,2F,2,지상 2층,전동휠체어충전설비,전동휠체어충전설비,(2F) 표 내는 곳 앞 이동통로
KR_1_0127,1호선,당정,2F,2,지상 2층,화장실,일반화장실(여),"출입구 옆, 1번 출입구 방향"
KR_1_0127,1호선,당정,2F,2,지상 2층,화장실,장애인화장실(남),"출입구 옆, 1번 출입구 방향"
KR_1_0127,1호선,당정,2F,2,지상 2층,수유실,수유실,(2F) 맞이방 출입구 옆
KR_1_0127,1호선,당정,1F,1,지상 1층,엘리베이터,일반승강기,"[4호기](1F)3번출입구옆,(2F)3번출입구앞"
KR_1_0127,1호선,당정,1F,1,지상 1층,엘리베이터,일반승강기,"[3호기](1F)1번/2번출입구사이,(2F)1번/2번출입구사이"
KR_1_0127,1호선,당정,1F,1,지상 1층,엘리베이터,일반승강기,"[2호기](1F)군포역방향승강장5-4출입문앞,(2F)이동통로군포역방향계단옆"
KR_1_0127,1호선,당정,1F,1,지상 1층,엘리베이터,일반승강기,"[1호기](1F)의왕역방향승강장5-4출입문앞,(2F)이동통로의왕역방향계단옆"
KR_1_0127,1호선,당정,1F,1,지상 1층,출입구,1번 출입구,
KR_1_0127,1호선,당정,1F,1,지상 1층,출입구,2번 출입구,교통약자 동선 연결
KR_1_0127,1호선,당정,1F,1,지상 1층,출입구,3번 출입구,교통약자 동선 연결
KR_1_0127,1호선,당정,1F,1,지상 1층,승강장,1호선 승강장 (군포 방면),상대식
KR_1_0127,1호선,당정,1F,1,지상 1층,승강장,1호선 승강장 (의왕 방면),상대식
KR_1_0469,1호선,의왕,3F,3,지상 3층,엘리베이터,일반승강기,"[3호기](1F)2번출입구중앙계단용1층광장,(2F)행복마을,(3F)맞이방"
KR_1_0469,1호선,의왕,3F,3,지상 3층,화장실,일반화장실(남),(F3)맞이방 1번/2번 출입구 방향
KR_1_0469,1호선,의왕,3F,3,지상 3층,화장실,일반화장실(여),(F3)맞이방 1번/2번 출입구 방향
KR_1_0469,1호선,의왕,3F,3,지상 3층,화장실,장애인화장실(남),(F3)맞이방 1번/2번 출입구 방향
KR_1_0469,1호선,의왕,3F,3,지상 3층,화장실,장애인화장실(여),(F3)맞이방 1번/2번 출입구 방향
KR_1_0469,1호선,의왕,3F,3,지상 3층,고객센터,고객센터,(F3)역무실
KR_1_0469,1호선,의왕,2F,2,지상 2층,엘리베이터,일반승강기,"[3호기](1F)2번출입구 중앙계단용 1층광장, (2F) 행복마을, (3F) 맞이방"
KR_1_0469,1호선,의왕,2F,2,지상 2층,엘리베이터,일반승강기,"[1호기](1F)당정역방향승강장3-2출입문앞,(2F)맞이방표내는곳안쪽"
KR_1_0469,1호선,의왕,2F,2,지상 2층,엘리베이터,일반승강기,"[2호기](1F)성균관대역방향승강장8-3출입문앞,(2F)맞이방표내는곳안쪽"
KR_1_0469,1호선,의왕,1F,1,지상 1층,엘리베이터,일반승강기,"[2호기](1F)성균관대역방향승강장8-3출입문앞,(2F)맞이방표내는곳안쪽"
KR_1_0469,1호선,의왕,1F,1,지상 1층,엘리베이터,일반승강기,"[1호기](1F)당정역방향승강장3-2출입문앞,(2F)맞이방표내는곳안쪽"
KR_1_0469,1호선,의왕,1F,1,지상 1층,엘리베이터,일반승강기,"[3호기](1F)2번출입구중앙계단용1층광장,(2F)행복마을,(3F)맞이방"
KR_1_0469,1호선,의왕,1F,1,지상 1층,출입구,1번 출입구,교통약자 동선 연결
KR_1_0469,1호선,의왕,1F,1,지상 1층,출입구,2번 출입구,교통약자 동선 연결
KR_1_0312,1호선,성균관대,3F,3,지상 3층,엘리베이터,일반승강기,[1호기](1F)4번출구(3F)북부역사이동통로앞
KR_1_0312,1호선,성균관대,3F,3,지상 3층,엘리베이터,일반승강기,[3호기](1F)의왕역방향7-4출입문앞(3F)북부역사맞이방
KR_1_0312,1호선,성균관대,3F,3,지상 3층,엘리베이터,일반승강기,[2호기](1F)화서역방향4-1출입문앞(3F)북부역사맞이방
KR_1_0312,1호선,성균관대,3F,3,지상 3층,엘리베이터,일반승강기,[4호기](1F)3번출구(3F)3번출구북부역사이동통로앞
KR_1_0312,1호선,성균관대,3F,3,지상 3층,화장실,일반화장실(남),"(3F)코레일유통 복합상가, 3번 출입구 방향"
KR_1_0312,1호선,성균관대,3F,3,지상 3층,화장실,일반화장실(남),"(3F)본역사 맞이방 앞, 1번 출입구 방향"
KR_1_0312,1호선,성균관대,3F,3,지상 3층,화장실,일반화장실(여),"(3F)본역사 맞이방 앞, 1번 출입구 방향"
KR_1_0312,1호선,성균관대,3F,3,지상 3층,화장실,일반화장실(여),"(3F)코레일유통 복합상가, 3번 출입구 방향"
KR_1_0312,1호선,성균관대,3F,3,지상 3층,화장실,장애인화장실(남),"(3F)본역사 맞이방 앞, 1번 출입구 방향"
KR_1_0312,1호선,성균관대,3F,3,지상 3층,화장실,장애인화장실(남),"(3F)코레일유통 복합상가, 3번 출입구 방향"
KR_1_0312,1호선,성균관대,3F,3,지상 3층,화장실,장애인화장실(여),"(3F)코레일유통 복합상가, 3번 출입구 방향"
KR_1_0312,1호선,성균관대,3F,3,지상 3층,화장실,장애인화장실(여),"(3F)본역사 맞이방 앞, 1번 출입구 방향"
KR_1_0312,1호선,성균관대,3F,3,지상 3층,고객센터,고객센터,(1F) 맞이방 1번 출입구 방향
KR_1_0312,1호선,성균관대,3F,3,지상 3층,수유실,수유실,"(3F) 코레일유통복합상가 이동통로, 화장실 옆"
KR_1_0312,1호선,성균관대,2F,2,지상 2층,개찰구,표 내는 곳,
KR_1_0312,1호선,성균관대,2F,2,지상 2층,엘리베이터,일반승강기,"[1호기](1F)4번 출구
(3F)북부역사 이동통로 앞"
KR_1_0312,1호선,성균관대,2F,2,지상 2층,엘리베이터,일반승강기,"[2호기](1F)화서역 방향 4-1출입문 앞
(3F)북부역사 맞이방"
KR_1_0312,1호선,성균관대,2F,2,지상 2층,엘리베이터,일반승강기,"[3호기](1F)의왕역방향 7-4출입문 앞
(3F)북부역사 맞이방"
KR_1_0312,1호선,성균관대,2F,2,지상 2층,엘리베이터,일반승강기,"[4호기](1F)3번 출구
(3F)3번 출구 북부역사 이동통로 앞"
KR_1_0312,1호선,성균관대,1F,1,지상 1층,엘리베이터,일반승강기,[1호기](1F)4번출구(3F)북부역사이동통로앞
KR_1_0312,1호선,성균관대,1F,1,지상 1층,엘리베이터,일반승강기,[2호기](1F)화서역방향4-1출입문앞(3F)북부역사맞이방
KR_1_0312,1호선,성균관대,1F,1,지상 1층,엘리베이터,일반승강기,[4호기](1F)3번출구(3F)3번출구북부역사이동통로앞
KR_1_0312,1호선,성균관대,1F,1,지상 1층,엘리베이터,일반승강기,[3호기](1F)의왕역방향7-4출입문앞(3F)북부역사맞이방
KR_1_0312,1호선,성균관대,1F,1,지상 1층,출입구,1번 출입구,
KR_1_0312,1호선,성균관대,1F,1,지상 1층,출입구,3번 출입구,교통약자 동선 연결
KR_1_0312,1호선,성균관대,1F,1,지상 1층,출입구,4번 출입구,교통약자 동선 연결
KR_1_0312,1호선,성균관대,1F,1,지상 1층,승강장,1호선 승강장 (의왕 방면),섬식
KR_1_0312,1호선,성균관대,1F,1,지상 1층,승강장,1호선 승강장 (화서 방면),섬식
KR_1_0601,1호선,화서,2F,2,지상 2층,대합실,대합실,
KR_1_0601,1호선,화서,2F,2,지상 2층,엘리베이터,일반승강기,"[1호기](1)1층상행맞이방장애인게이트근처,5번출입구옆(2)6번출입구옆"
KR_1_0601,1호선,화서,2F,2,지상 2층,엘리베이터,일반승강기,"[2호기](1R)2번출입구근처,(1)1층하행맞이방장애인게이트앞(2)1번출입구옆"
KR_1_0601,1호선,화서,2F,2,지상 2층,고객센터,고객센터,"(2층) 맞이방 출입문 근처, 게이트 옆"
KR_1_0601,1호선,화서,1F,1,지상 1층,개찰구,표 내는 곳,
KR_1_0601,1호선,화서,1F,1,지상 1층,엘리베이터,일반승강기,"[1호기](1)1층상행맞이방장애인게이트근처,5번출입구옆(2)6번출입구옆"
KR_1_0601,1호선,화서,1F,1,지상 1층,엘리베이터,일반승강기,"[2호기](1R)2번출입구근처,(1)1층하행맞이방장애인게이트앞(2)1번출입구옆"
KR_1_0601,1호선,화서,1F,1,지상 1층,화장실,일반화장실(남),(1) 2번/3번 출입구 근처 표 내는 곳 내부
KR_1_0601,1호선,화서,1F,1,지상 1층,화장실,일반화장실(여),(1) 2번/3번 출입구 근처 표 내는 곳 내부
KR_1_0601,1호선,화서,1F,1,지상 1층,화장실,장애인화장실(남),(1) 2번/3번 출입구 근처 표 내는 곳 내부
KR_1_0601,1호선,화서,1F,1,지상 1층,화장실,장애인화장실(여),(1) 2번/3번 출입구 근처 표 내는 곳 내부
KR_1_0601,1호선,화서,1F,1,지상 1층,출입구,1번 출입구,
KR_1_0601,1호선,화서,1F,1,지상 1층,출입구,2번 출입구,
KR_1_0601,1호선,화서,1F,1,지상 1층,출입구,3번 출입구,
KR_1_0601,1호선,화서,1F,1,지상 1층,출입구,4번 출입구,교통약자 동선 연결
KR_1_0601,1호선,화서,1F,1,지상 1층,출입구,5번 출입구,
KR_1_0601,1호선,화서,1F,1,지상 1층,출입구,6번 출입구,교통약자 동선 연결
KR_1_0601,1호선,화서,1F,1,지상 1층,승강장,1호선 승강장 (성균관대 방면),상대식
KR_1_0601,1호선,화서,1F,1,지상 1층,승강장,1호선 승강장 (수원 방면),상대식
KR_1_0338,1호선,수원,2F,2,지상 2층,엘리베이터,일반승강기,[10호기](2F)주차장(1F)역광장매산지구대방향
KR_1_0338,1호선,수원,2F,2,지상 2층,엘리베이터,일반승강기,[9호기](2F)편의점CU방향(1F)화서역(전철상행)방향승강장6-2
KR_1_0338,1호선,수원,2F,2,지상 2층,엘리베이터,일반승강기,[8호기](2F)세류역(전철하행)방향게이트지나계단내려가기전(1F)세류역(전철하행)방향승강장1-2
KR_1_0338,1호선,수원,2F,2,지상 2층,전동휠체어충전설비,전동휠체어충전설비,(2) 화서역 방면(상행) 게이트 앞 기둥 부근(역무자동화 기기 옆)
KR_1_0338,1호선,수원,2F,2,지상 2층,화장실,일반화장실(남),(2F) 천경약국 우측 방향
KR_1_0338,1호선,수원,2F,2,지상 2층,화장실,일반화장실(남),(2F) 편의점 CU 좌측 방향
KR_1_0338,1호선,수원,2F,2,지상 2층,화장실,일반화장실(여),(2F) 천경약국 우측 방향
KR_1_0338,1호선,수원,2F,2,지상 2층,화장실,일반화장실(여),(2F) 편의점 CU 좌측 방향
KR_1_0338,1호선,수원,2F,2,지상 2층,화장실,장애인화장실(남),(2F) 편의점 CU 좌측 방향
KR_1_0338,1호선,수원,2F,2,지상 2층,화장실,장애인화장실(남),(2F) 천경약국 우측 방향
KR_1_0338,1호선,수원,2F,2,지상 2층,화장실,장애인화장실(여),(2F) 편의점 CU 좌측 방향
KR_1_0338,1호선,수원,2F,2,지상 2층,화장실,장애인화장실(여),(2F) 천경약국 우측 방향
KR_1_0338,1호선,수원,2F,2,지상 2층,고객센터,고객센터,(2F) 맞이방 3번 출입구 크리스피도넛 방향
KR_1_0338,1호선,수원,2F,2,지상 2층,수유실,수유실,(2F) 맞이방 3번 출입구 크리스피도넛 방향 (역무실 내부)
KR_1_0338,1호선,수원,1F,1,지상 1층,엘리베이터,일반승강기,[10호기](2F)주차장(1F)역광장매산지구대방향
KR_1_0338,1호선,수원,1F,1,지상 1층,엘리베이터,일반승강기,[9호기](2F)편의점CU방향(1F)화서역(전철상행)방향승강장6-2
KR_1_0338,1호선,수원,1F,1,지상 1층,엘리베이터,일반승강기,[8호기](2F)세류역(전철하행)방향게이트지나계단내려가기전(1F)세류역(전철하행)방향승강장1-2
KR_1_0338,1호선,수원,1F,1,지상 1층,엘리베이터,일반승강기,[11호기](1F)세류역(전철하행)방향승강장3-4(B1)지하환승통로
KR_1_0338,1호선,수원,1F,1,지상 1층,엘리베이터,일반승강기,[12호기](1F)화서역(전철상행)방향승강장7-1(B1)지하환승통로
KR_1_0338,1호선,수원,1F,1,지상 1층,출입구,3번 출입구,
KR_1_0338,1호선,수원,1F,1,지상 1층,출입구,5번 출입구,교통약자 동선 연결
KR_1_0338,1호선,수원,1F,1,지상 1층,출입구,7번 출입구,교통약자 동선 연결
KR_1_0338,1호선,수원,1F,1,지상 1층,출입구,10번 출입구,교통약자 동선 연결
KR_1_0338,1호선,수원,1F,1,지상 1층,승강장,1호선 승강장 (화서 방면),섬식
KR_1_0338,1호선,수원,1F,1,지상 1층,승강장,1호선 승강장 (세류 방면),섬식
KR_1_0338,1호선,수원,B1,-1,지하 1층,대합실,대합실,
KR_1_0338,1호선,수원,B1,-1,지하 1층,개찰구,표 내는 곳,
KR_1_0338,1호선,수원,B1,-1,지하 1층,엘리베이터,일반승강기,[12호기](1F)화서역(전철상행)방향승강장7-1(B1)지하환승통로
KR_1_0338,1호선,수원,B1,-1,지하 1층,엘리베이터,일반승강기,[11호기](1F)세류역(전철하행)방향승강장3-4(B1)지하환승통로
KR_1_0338,1호선,수원,B4,-4,지하 4층,환승승강장,수인분당선 승강장 (매교 방면),수인분당선
KR_1_0338,1호선,수원,B4,-4,지하 4층,환승승강장,수인분당선 승강장 (고색 방면),수인분당선
KR_1_0318,1호선,세류,2F,2,지상 2층,출입구,1번 출입구,교통약자 동선 연결
KR_1_0318,1호선,세류,1F,1,지상 1층,엘리베이터,일반승강기,"[1호기]1층대합실,맞이방"
KR_1_0318,1호선,세류,1F,1,지상 1층,엘리베이터,일반승강기,[2호기]수원역방향승강장5-4
KR_1_0318,1호선,세류,1F,1,지상 1층,엘리베이터,일반승강기,[3호기]병점역방향승강장5-4
KR_1_0318,1호선,세류,1F,1,지상 1층,화장실,일반화장실(남),1층출구-출입구
KR_1_0318,1호선,세류,1F,1,지상 1층,화장실,일반화장실(여),1층출구-출입구
KR_1_0318,1호선,세류,1F,1,지상 1층,화장실,장애인화장실(남),1층출구-출입구
KR_1_0318,1호선,세류,1F,1,지상 1층,화장실,장애인화장실(여),1층출구-출입구
KR_1_0318,1호선,세류,1F,1,지상 1층,고객센터,고객센터,"개찰구,출입구"
KR_1_0318,1호선,세류,1F,1,지상 1층,승강장,1호선 승강장 (수원 방면),상대식
KR_1_0318,1호선,세류,1F,1,지상 1층,승강장,1호선 승강장 (병점 방면),상대식
KR_1_0318,1호선,세류,B1,-1,지하 1층,엘리베이터,일반승강기,[2호기]수원역방향승강장5-4
KR_1_0318,1호선,세류,B1,-1,지하 1층,엘리베이터,일반승강기,[3호기]병점역방향승강장5-4
KR_1_0318,1호선,세류,B1,-1,지하 1층,엘리베이터,일반승강기,"[1호기]1층대합실,맞이방"
KR_1_0318,1호선,세류,B1,-1,지하 1층,휠체어리프트,휠체어리프트,병점역방면승강장4-4 승강장
KR_1_0318,1호선,세류,B1,-1,지하 1층,휠체어리프트,휠체어리프트,수원역방면승강장7-1 승강장
KR_1_0231,1호선,병점,2F,2,지상 2층,엘리베이터,일반승강기,"[3호기](1F)세류역방향승강장6-3출입문앞(2F)표내는곳앞,연결통로"
KR_1_0231,1호선,병점,2F,2,지상 2층,엘리베이터,일반승강기,[4호기](1F)2번출입구옆(2F)연결통로
KR_1_0231,1호선,병점,2F,2,지상 2층,엘리베이터,일반승강기,"[2호기](1F)세마역방향승강장5-2출입문앞(2F)표내는곳앞,연결통로"
KR_1_0231,1호선,병점,2F,2,지상 2층,엘리베이터,일반승강기,[1호기](1F)1번출입구옆(2F)고객화장실옆연결통로
KR_1_0231,1호선,병점,2F,2,지상 2층,전동휠체어충전설비,전동휠체어충전설비,(2F) 2번 출입구 방향 연결통로
KR_1_0231,1호선,병점,2F,2,지상 2층,화장실,일반화장실(남),(2F) 1번 출입구 방향 
KR_1_0231,1호선,병점,2F,2,지상 2층,화장실,일반화장실(여),(2F) 1번 출입구 방향 
KR_1_0231,1호선,병점,2F,2,지상 2층,화장실,장애인화장실(남),(2F) 1번 출입구 방향 
KR_1_0231,1호선,병점,2F,2,지상 2층,화장실,장애인화장실(여),(2F) 1번 출입구 방향 
KR_1_0231,1호선,병점,1F,1,지상 1층,대합실,대합실,
KR_1_0231,1호선,병점,1F,1,지상 1층,개찰구,표 내는 곳,
KR_1_0231,1호선,병점,1F,1,지상 1층,엘리베이터,일반승강기,[1호기](1F)1번출입구옆(2F)고객화장실옆연결통로
KR_1_0231,1호선,병점,1F,1,지상 1층,엘리베이터,일반승강기,[4호기](1F)2번출입구옆(2F)연결통로
KR_1_0231,1호선,병점,1F,1,지상 1층,엘리베이터,일반승강기,"[3호기](1F)세류역방향승강장6-3출입문앞(2F)표내는곳앞,연결통로"
KR_1_0231,1호선,병점,1F,1,지상 1층,엘리베이터,일반승강기,"[2호기](1F)세마역방향승강장5-2출입문앞(2F)표내는곳앞,연결통로"
KR_1_0231,1호선,병점,1F,1,지상 1층,출입구,1번 출입구,교통약자 동선 연결
KR_1_0231,1호선,병점,1F,1,지상 1층,출입구,2번 출입구,교통약자 동선 연결
KR_1_0231,1호선,병점,1F,1,지상 1층,승강장,1호선 승강장 (세류 방면),섬식
KR_1_0231,1호선,병점,1F,1,지상 1층,승강장,1호선 승강장 (서동탄·세마 방면),섬식
KR_1_0290,1호선,서동탄,3F,3,지상 3층,엘리베이터,일반승강기,[1호기](1)표내는곳내에스컬레이터옆
KR_1_0290,1호선,서동탄,2F,2,지상 2층,엘리베이터,일반승강기,[1호기](1)표내는 곳 내 에스컬레이터 옆
KR_1_0290,1호선,서동탄,2F,2,지상 2층,엘리베이터,일반승강기,[2호기](1)하선승강장4-2출입문앞
KR_1_0290,1호선,서동탄,1F,1,지상 1층,엘리베이터,일반승강기,[1호기](1)표내는곳내에스컬레이터옆
KR_1_0290,1호선,서동탄,1F,1,지상 1층,엘리베이터,일반승강기,[2호기](1)하선승강장4-2출입문앞
KR_1_0290,1호선,서동탄,1F,1,지상 1층,전동휠체어충전설비,전동휠체어충전설비,맞이방 고객지원실 옆
KR_1_0290,1호선,서동탄,1F,1,지상 1층,화장실,일반화장실(남),2번 출입구 내 오른쪽
KR_1_0290,1호선,서동탄,1F,1,지상 1층,화장실,일반화장실(여),2번 출입구 내 오른쪽
KR_1_0290,1호선,서동탄,1F,1,지상 1층,화장실,장애인화장실(남),2번 출입구 내 오른쪽
KR_1_0290,1호선,서동탄,1F,1,지상 1층,화장실,장애인화장실(여),2번 출입구 내 오른쪽
KR_1_0290,1호선,서동탄,1F,1,지상 1층,수유실,수유실,대합실 출입구 방향
KR_1_0290,1호선,서동탄,1F,1,지상 1층,출입구,1번 출입구,교통약자 동선 연결
KR_1_0290,1호선,서동탄,1F,1,지상 1층,출입구,2번 출입구,교통약자 동선 연결
KR_1_0290,1호선,서동탄,1F,1,지상 1층,승강장,1호선 승강장 (병점 방면),섬식
KR_1_0290,1호선,서동탄,1F,1,지상 1층,승강장,1호선 승강장 (서동탄 방면),섬식
KR_1_0319,1호선,세마,2F,2,지상 2층,엘리베이터,일반승강기,"[1호기]1층1번출구맞이방개찰구앞,2층1번홈광운대방면5-4"
KR_1_0319,1호선,세마,2F,2,지상 2층,엘리베이터,일반승강기,"[2호기]1층2번출구맞이방개찰구앞,2층2번홈천안.신창방면6-1"
KR_1_0319,1호선,세마,2F,2,지상 2층,승강장,1호선 승강장 (병점 방면),섬식
KR_1_0319,1호선,세마,2F,2,지상 2층,승강장,1호선 승강장 (오산대 방면),섬식
KR_1_0319,1호선,세마,1F,1,지상 1층,엘리베이터,일반승강기,"[1호기]1층1번출구맞이방개찰구앞,2층1번홈광운대방면5-4"
KR_1_0319,1호선,세마,1F,1,지상 1층,엘리베이터,일반승강기,"[2호기]1층2번출구맞이방개찰구앞,2층2번홈천안.신창방면6-1"
KR_1_0319,1호선,세마,1F,1,지상 1층,전동휠체어충전설비,전동휠체어충전설비,2번출구 여자화장실 옆 
KR_1_0319,1호선,세마,1F,1,지상 1층,화장실,일반화장실(남),1층 2번출구 
KR_1_0319,1호선,세마,1F,1,지상 1층,화장실,일반화장실(남),1층 1번출구 
KR_1_0319,1호선,세마,1F,1,지상 1층,화장실,일반화장실(여),1층 1번출구 
KR_1_0319,1호선,세마,1F,1,지상 1층,화장실,일반화장실(여),1층 2번출구 
KR_1_0319,1호선,세마,1F,1,지상 1층,화장실,장애인화장실(남),1층 2번출구 
KR_1_0319,1호선,세마,1F,1,지상 1층,화장실,장애인화장실(남),1층 1번출구 
KR_1_0319,1호선,세마,1F,1,지상 1층,화장실,장애인화장실(여),1층 1번출구 
KR_1_0319,1호선,세마,1F,1,지상 1층,화장실,장애인화장실(여),1층 2번출구 
KR_1_0319,1호선,세마,1F,1,지상 1층,수유실,수유실,1번 출입구 옆
KR_1_0319,1호선,세마,1F,1,지상 1층,출입구,1번 출입구,교통약자 동선 연결
KR_1_0319,1호선,세마,1F,1,지상 1층,출입구,2번 출입구,교통약자 동선 연결
KR_1_0432,1호선,오산대,2F,2,지상 2층,개찰구,표 내는 곳,
KR_1_0432,1호선,오산대,2F,2,지상 2층,엘리베이터,일반승강기,"[1호기](1F)세마역방향승강장7-2출입문앞,(2F)세마역방향ES옆"
KR_1_0432,1호선,오산대,2F,2,지상 2층,엘리베이터,일반승강기,"[4호기](1F)1번출입구근처,(2F)1번출입구ES옆"
KR_1_0432,1호선,오산대,2F,2,지상 2층,엘리베이터,일반승강기,"[3호기](1F)2번출입구근처,(2F)2번출입구ES옆"
KR_1_0432,1호선,오산대,2F,2,지상 2층,엘리베이터,일반승강기,"[2호기](1F)오산역방향승강장4-3출입문앞,(2F)오산역방향ES옆"
KR_1_0432,1호선,오산대,2F,2,지상 2층,전동휠체어충전설비,전동휠체어충전설비,(2F)  2번 출입구 엘리베이터 옆
KR_1_0432,1호선,오산대,2F,2,지상 2층,화장실,일반화장실(남),(2F) 맞이방 
KR_1_0432,1호선,오산대,2F,2,지상 2층,화장실,일반화장실(여),(2F) 맞이방 
KR_1_0432,1호선,오산대,2F,2,지상 2층,화장실,장애인화장실(남),(2F) 맞이방 
KR_1_0432,1호선,오산대,2F,2,지상 2층,화장실,장애인화장실(여),(2F) 맞이방 
KR_1_0432,1호선,오산대,2F,2,지상 2층,고객센터,고객센터,(2F) 맞이방
KR_1_0432,1호선,오산대,2F,2,지상 2층,수유실,수유실,(2F) 맞이방
KR_1_0432,1호선,오산대,1F,1,지상 1층,엘리베이터,일반승강기,"[3호기](1F)2번출입구근처,(2F)2번출입구ES옆"
KR_1_0432,1호선,오산대,1F,1,지상 1층,엘리베이터,일반승강기,"[2호기](1F)오산역방향승강장4-3출입문앞,(2F)오산역방향ES옆"
KR_1_0432,1호선,오산대,1F,1,지상 1층,엘리베이터,일반승강기,"[1호기](1F)세마역방향승강장7-2출입문앞,(2F)세마역방향ES옆"
KR_1_0432,1호선,오산대,1F,1,지상 1층,엘리베이터,일반승강기,"[4호기](1F)1번출입구근처,(2F)1번출입구ES옆"
KR_1_0432,1호선,오산대,1F,1,지상 1층,출입구,1번 출입구,교통약자 동선 연결
KR_1_0432,1호선,오산대,1F,1,지상 1층,출입구,2번 출입구,교통약자 동선 연결
KR_1_0432,1호선,오산대,1F,1,지상 1층,승강장,1호선 승강장 (세마 방면),상대식
KR_1_0432,1호선,오산대,1F,1,지상 1층,승강장,1호선 승강장 (오산 방면),상대식
KR_1_0431,1호선,오산,2F,2,지상 2층,개찰구,표 내는 곳,
KR_1_0431,1호선,오산,2F,2,지상 2층,엘리베이터,일반승강기,[6호기](1F)오산대역방향승강장10-4출입문앞(2F)환승센터맞이방
KR_1_0431,1호선,오산,2F,2,지상 2층,엘리베이터,일반승강기,[5호기](1F)오산대역방향승강장1-1출입문앞(2F)환승센터맞이방
KR_1_0431,1호선,오산,2F,2,지상 2층,엘리베이터,일반승강기,[4호기](1F)1번출구옆(2F)1번출구계단및e/s옆
KR_1_0431,1호선,오산,2F,2,지상 2층,엘리베이터,일반승강기,[3호기](1F)2번출구옆(2F)2번출구계단
KR_1_0431,1호선,오산,2F,2,지상 2층,엘리베이터,일반승강기,[1호기](1F)오산대역방향승강장1-3출입문앞(2F)맞이방
KR_1_0431,1호선,오산,2F,2,지상 2층,엘리베이터,일반승강기,[2호기](1F)오산대역방향승강장10-2출입문앞(2F)맞이방
KR_1_0431,1호선,오산,2F,2,지상 2층,휠체어리프트,휠체어리프트,국철 상행승강장 내려가는 입구
KR_1_0431,1호선,오산,2F,2,지상 2층,전동휠체어충전설비,전동휠체어충전설비,1번출구 방향 공용통로(환승센터 가는 방향)
KR_1_0431,1호선,오산,2F,2,지상 2층,화장실,일반화장실(남),1번출구쪽 계단 내려가기전 맞이방 동쪽
KR_1_0431,1호선,오산,2F,2,지상 2층,화장실,일반화장실(여),1번출구쪽 계단 내려가기전 맞이방 동쪽
KR_1_0431,1호선,오산,2F,2,지상 2층,화장실,장애인화장실(남),1번출구쪽 계단 내려가기전 맞이방 동쪽
KR_1_0431,1호선,오산,2F,2,지상 2층,화장실,장애인화장실(여),1번출구쪽 계단 내려가기전 맞이방 동쪽
KR_1_0431,1호선,오산,1F,1,지상 1층,엘리베이터,일반승강기,[6호기](1F)오산대역방향승강장10-4출입문앞(2F)환승센터맞이방
KR_1_0431,1호선,오산,1F,1,지상 1층,엘리베이터,일반승강기,[1호기](1F)오산대역방향승강장1-3출입문앞(2F)맞이방
KR_1_0431,1호선,오산,1F,1,지상 1층,엘리베이터,일반승강기,[3호기](1F)2번출구옆(2F)2번출구계단
KR_1_0431,1호선,오산,1F,1,지상 1층,엘리베이터,일반승강기,[4호기](1F)1번출구옆(2F)1번출구계단및e/s옆
KR_1_0431,1호선,오산,1F,1,지상 1층,엘리베이터,일반승강기,[5호기](1F)오산대역방향승강장1-1출입문앞(2F)환승센터맞이방
KR_1_0431,1호선,오산,1F,1,지상 1층,엘리베이터,일반승강기,[2호기](1F)오산대역방향승강장10-2출입문앞(2F)맞이방
KR_1_0431,1호선,오산,1F,1,지상 1층,휠체어리프트,휠체어리프트,국철 하행승강장 내려가는 입구
KR_1_0431,1호선,오산,1F,1,지상 1층,출입구,1번 출입구,교통약자 동선 연결
KR_1_0431,1호선,오산,1F,1,지상 1층,출입구,2번 출입구,교통약자 동선 연결
KR_1_0431,1호선,오산,1F,1,지상 1층,승강장,1호선 승강장 (오산대 방면),섬식
KR_1_0431,1호선,오산,1F,1,지상 1층,승강장,1호선 승강장 (진위 방면),섬식
KR_1_0540,1호선,진위,2F,2,지상 2층,개찰구,표 내는 곳,
KR_1_0540,1호선,진위,2F,2,지상 2층,엘리베이터,일반승강기,[3호기]송탄방향승강장6-1출입문앞/2층맞이방
KR_1_0540,1호선,진위,2F,2,지상 2층,엘리베이터,일반승강기,[4호기]오산방향승강장6-1출입문앞/2층맞이방
KR_1_0540,1호선,진위,2F,2,지상 2층,엘리베이터,일반승강기,[2호기]1층2번출구/2층이동통로
KR_1_0540,1호선,진위,2F,2,지상 2층,엘리베이터,일반승강기,[1호기]1층1번출구/2층이동통로
KR_1_0540,1호선,진위,2F,2,지상 2층,전동휠체어충전설비,전동휠체어충전설비,2층 맞이방 화장실 옆 1번 출입구 방향
KR_1_0540,1호선,진위,2F,2,지상 2층,화장실,일반화장실(남),2층 1번출입구 계단 옆
KR_1_0540,1호선,진위,2F,2,지상 2층,화장실,일반화장실(여),2층 1번출입구 계단 옆
KR_1_0540,1호선,진위,2F,2,지상 2층,화장실,장애인화장실(남),2층 1번출입구 계단 옆
KR_1_0540,1호선,진위,2F,2,지상 2층,화장실,장애인화장실(여),2층 1번출입구 계단 옆
KR_1_0540,1호선,진위,2F,2,지상 2층,수유실,수유실,2층 역무실 옆
KR_1_0540,1호선,진위,1F,1,지상 1층,엘리베이터,일반승강기,[1호기]1층1번출구/2층이동통로
KR_1_0540,1호선,진위,1F,1,지상 1층,엘리베이터,일반승강기,[4호기]오산방향승강장6-1출입문앞/2층맞이방
KR_1_0540,1호선,진위,1F,1,지상 1층,엘리베이터,일반승강기,[3호기]송탄방향승강장6-1출입문앞/2층맞이방
KR_1_0540,1호선,진위,1F,1,지상 1층,엘리베이터,일반승강기,[2호기]1층2번출구/2층이동통로
KR_1_0540,1호선,진위,1F,1,지상 1층,출입구,1번 출입구,교통약자 동선 연결
KR_1_0540,1호선,진위,1F,1,지상 1층,출입구,2번 출입구,교통약자 동선 연결
KR_1_0540,1호선,진위,1F,1,지상 1층,승강장,1호선 승강장 (오산 방면),상대식
KR_1_0540,1호선,진위,1F,1,지상 1층,승강장,1호선 승강장 (송탄 방면),상대식
KR_1_0331,1호선,송탄,2F,2,지상 2층,개찰구,표 내는 곳,
KR_1_0331,1호선,송탄,2F,2,지상 2층,엘리베이터,일반승강기,[3호기](1F)진위역방향승강장7-4(2F)맞이방주출입구옆
KR_1_0331,1호선,송탄,2F,2,지상 2층,엘리베이터,일반승강기,[4호기](1F)6번출입구옆(2F)2번출입구옆
KR_1_0331,1호선,송탄,2F,2,지상 2층,엘리베이터,일반승강기,[2호기](1F)서정리역방향승강장7-3(2F)맞이방주출입구옆
KR_1_0331,1호선,송탄,2F,2,지상 2층,엘리베이터,일반승강기,[1호기](1F)2번/3번출입구사이엘리베이터(2F)2번출입구옆
KR_1_0331,1호선,송탄,2F,2,지상 2층,전동휠체어충전설비,전동휠체어충전설비,(2F) 역무실 옆
KR_1_0331,1호선,송탄,2F,2,지상 2층,화장실,일반화장실(남),(2F) 맞이방 옆
KR_1_0331,1호선,송탄,2F,2,지상 2층,화장실,일반화장실(여),(2F) 맞이방 옆
KR_1_0331,1호선,송탄,2F,2,지상 2층,화장실,장애인화장실(남),(2F) 맞이방 옆
KR_1_0331,1호선,송탄,2F,2,지상 2층,화장실,장애인화장실(여),(2F) 맞이방 옆
KR_1_0331,1호선,송탄,2F,2,지상 2층,고객센터,고객센터,(2층) 맞이방
KR_1_0331,1호선,송탄,1F,1,지상 1층,엘리베이터,일반승강기,[1호기](1F)2번/3번출입구사이엘리베이터(2F)2번출입구옆
KR_1_0331,1호선,송탄,1F,1,지상 1층,엘리베이터,일반승강기,[4호기](1F)6번출입구옆(2F)2번출입구옆
KR_1_0331,1호선,송탄,1F,1,지상 1층,엘리베이터,일반승강기,[3호기](1F)진위역방향승강장7-4(2F)맞이방주출입구옆
KR_1_0331,1호선,송탄,1F,1,지상 1층,엘리베이터,일반승강기,[2호기](1F)서정리역방향승강장7-3(2F)맞이방주출입구옆
KR_1_0331,1호선,송탄,1F,1,지상 1층,출입구,2번 출입구,
KR_1_0331,1호선,송탄,1F,1,지상 1층,출입구,3번 출입구,교통약자 동선 연결
KR_1_0331,1호선,송탄,1F,1,지상 1층,출입구,6번 출입구,교통약자 동선 연결
KR_1_0331,1호선,송탄,1F,1,지상 1층,승강장,1호선 승강장 (진위 방면),섬식
KR_1_0331,1호선,송탄,1F,1,지상 1층,승강장,1호선 승강장 (서정리 방면),섬식
KR_1_0297,1호선,서정리,3F,3,지상 3층,엘리베이터,일반승강기,[1호기](3F)3번출입구옆(1F)상선고상홈
KR_1_0297,1호선,서정리,3F,3,지상 3층,엘리베이터,일반승강기,"[4호기](3F)2,3번출입구옆(1F)2번출입구옆"
KR_1_0297,1호선,서정리,3F,3,지상 3층,엘리베이터,일반승강기,[3호기](3F)1번출입구옆(1F)1번출입구1층
KR_1_0297,1호선,서정리,3F,3,지상 3층,엘리베이터,일반승강기,[2호기](3F)1번출입구옆(1F)하선고상홈
KR_1_0297,1호선,서정리,3F,3,지상 3층,휠체어리프트,휠체어리프트,맞이방에서 평택방향 하선 기차타는곳
KR_1_0297,1호선,서정리,3F,3,지상 3층,휠체어리프트,휠체어리프트,맞이방에서 서울방향 상선 기차타는곳
KR_1_0297,1호선,서정리,3F,3,지상 3층,전동휠체어충전설비,전동휠체어충전설비,3층 자유통로
KR_1_0297,1호선,서정리,3F,3,지상 3층,화장실,일반화장실(남),"(3F) 맞이방자동발매기 옆, 1번 출입구 방향"
KR_1_0297,1호선,서정리,3F,3,지상 3층,화장실,일반화장실(여),"(3F) 맞이방자동발매기 옆, 1번 출입구 방향"
KR_1_0297,1호선,서정리,3F,3,지상 3층,화장실,장애인화장실(남),"(3F) 맞이방자동발매기 옆, 1번 출입구 방향"
KR_1_0297,1호선,서정리,3F,3,지상 3층,화장실,장애인화장실(여),"(3F) 맞이방자동발매기 옆, 1번 출입구 방향"
KR_1_0297,1호선,서정리,1F,1,지상 1층,엘리베이터,일반승강기,[3호기](3F)1번출입구옆(1F)1번출입구1층
KR_1_0297,1호선,서정리,1F,1,지상 1층,엘리베이터,일반승강기,[2호기](3F)1번출입구옆(1F)하선고상홈
KR_1_0297,1호선,서정리,1F,1,지상 1층,엘리베이터,일반승강기,[1호기](3F)3번출입구옆(1F)상선고상홈
KR_1_0297,1호선,서정리,1F,1,지상 1층,엘리베이터,일반승강기,"[4호기](3F)2,3번출입구옆(1F)2번출입구옆"
KR_1_0297,1호선,서정리,1F,1,지상 1층,출입구,1번 출입구,교통약자 동선 연결
KR_1_0297,1호선,서정리,1F,1,지상 1층,출입구,2번 출입구,
KR_1_0297,1호선,서정리,1F,1,지상 1층,출입구,3번 출입구,교통약자 동선 연결
KR_1_0297,1호선,서정리,1F,1,지상 1층,승강장,1호선 승강장 (송탄 방면),섬식
KR_1_0297,1호선,서정리,1F,1,지상 1층,승강장,1호선 승강장 (평택지제 방면),섬식
KR_1_0535,1호선,평택지제,2F,2,지상 2층,개찰구,표 내는 곳,
KR_1_0535,1호선,평택지제,2F,2,지상 2층,엘리베이터,일반승강기,[3호기](1F)서정리방향승강장6-1출입문앞(2F)게이트이동통로
KR_1_0535,1호선,평택지제,2F,2,지상 2층,엘리베이터,일반승강기,[2호기](1F)평택방향승강장5-4출입문앞(2F)맞이방이동통로
KR_1_0535,1호선,평택지제,2F,2,지상 2층,엘리베이터,일반승강기,[1호기](1F)1번출구버스정류장앞(2F)맞이방이동통로
KR_1_0535,1호선,평택지제,2F,2,지상 2층,전동휠체어충전설비,전동휠체어충전설비,(2F) 1번출구 E/V 옆
KR_1_0535,1호선,평택지제,2F,2,지상 2층,화장실,일반화장실(남),(2F)맞이방
KR_1_0535,1호선,평택지제,2F,2,지상 2층,화장실,일반화장실(여),(2F)맞이방
KR_1_0535,1호선,평택지제,2F,2,지상 2층,화장실,장애인화장실(남),(2F)맞이방
KR_1_0535,1호선,평택지제,2F,2,지상 2층,화장실,장애인화장실(여),(2F)맞이방
KR_1_0535,1호선,평택지제,2F,2,지상 2층,수유실,수유실,(2F) 맞이방 게이트 옆
KR_1_0535,1호선,평택지제,1F,1,지상 1층,엘리베이터,일반승강기,[1호기](1F)1번출구버스정류장앞(2F)맞이방이동통로
KR_1_0535,1호선,평택지제,1F,1,지상 1층,엘리베이터,일반승강기,[3호기](1F)서정리방향승강장6-1출입문앞(2F)게이트이동통로
KR_1_0535,1호선,평택지제,1F,1,지상 1층,엘리베이터,일반승강기,[2호기](1F)평택방향승강장5-4출입문앞(2F)맞이방이동통로
KR_1_0535,1호선,평택지제,1F,1,지상 1층,출입구,1번 출입구,교통약자 동선 연결
KR_1_0535,1호선,평택지제,1F,1,지상 1층,출입구,2번 출입구,교통약자 동선 연결
KR_1_0535,1호선,평택지제,1F,1,지상 1층,승강장,1호선 승강장 (서정리 방면),상대식
KR_1_0535,1호선,평택지제,1F,1,지상 1층,승강장,1호선 승강장 (평택 방면),상대식
KR_1_0579,1호선,평택,4F,4,지상 4층,엘리베이터,일반승강기,[6호기](3F)1번출입구방향신발매장옆(동광장)
KR_1_0579,1호선,평택,3F,3,지상 3층,엘리베이터,일반승강기,[1호기](3F) 1번 출입구 방향 신발매장 옆(동광장)
KR_1_0579,1호선,평택,3F,3,지상 3층,엘리베이터,일반승강기,[5호기](3F)국철하행에스컬레이터옆
KR_1_0579,1호선,평택,3F,3,지상 3층,엘리베이터,일반승강기,[2호기](3F)전철상행에스컬레이터옆
KR_1_0579,1호선,평택,3F,3,지상 3층,엘리베이터,일반승강기,[3호기](3F)전철하행에스컬레이터옆
KR_1_0579,1호선,평택,3F,3,지상 3층,엘리베이터,일반승강기,[4호기](3F)국철상행에스컬레이터옆
KR_1_0579,1호선,평택,3F,3,지상 3층,엘리베이터,일반승강기,[1호기](3F)2번출입구방향물품보관함옆(서광장)
KR_1_0579,1호선,평택,3F,3,지상 3층,전동휠체어충전설비,전동휠체어충전설비,(3F) 1번 출입구 엘리베이터 타는 곳 방향 ABC마트 앞
KR_1_0579,1호선,평택,3F,3,지상 3층,화장실,일반화장실(남),"(3F) 매표실 옆, 2번출입구 방향"
KR_1_0579,1호선,평택,3F,3,지상 3층,화장실,일반화장실(여),"(3F) 매표실 옆, 2번출입구 방향"
KR_1_0579,1호선,평택,3F,3,지상 3층,화장실,장애인화장실(남),"(3F) 매표실 옆, 2번출입구 방향"
KR_1_0579,1호선,평택,3F,3,지상 3층,화장실,장애인화장실(여),"(3F) 매표실 옆, 2번출입구 방향"
KR_1_0579,1호선,평택,3F,3,지상 3층,고객센터,고객센터,(3F) 대합실 안내센터
KR_1_0579,1호선,평택,3F,3,지상 3층,수유실,수유실,(3F) 맞이방 안내센터 옆
KR_1_0579,1호선,평택,2F,2,지상 2층,개찰구,표 내는 곳,
KR_1_0579,1호선,평택,2F,2,지상 2층,엘리베이터,일반승강기,[6호기](3F) 전철 하행 에스컬레이터 옆
KR_1_0579,1호선,평택,2F,2,지상 2층,엘리베이터,일반승강기,[3호기](3F) 국철 상행 에스컬레이터 옆
KR_1_0579,1호선,평택,2F,2,지상 2층,엘리베이터,일반승강기,[2호기](3F) 2번 출입구 방향 물품보관함 옆(서광장)
KR_1_0579,1호선,평택,2F,2,지상 2층,엘리베이터,일반승강기,[1호기](3F) 1번 출입구 방향 신발매장 옆(동광장)
KR_1_0579,1호선,평택,2F,2,지상 2층,엘리베이터,일반승강기,[5호기](3F) 국철 하행 에스컬레이터 옆
KR_1_0579,1호선,평택,2F,2,지상 2층,엘리베이터,일반승강기,[4호기](3F) 전철 상행 에스컬레이터 옆
KR_1_0579,1호선,평택,2F,2,지상 2층,출입구,1번 출입구,교통약자 동선 연결
KR_1_0579,1호선,평택,2F,2,지상 2층,출입구,2번 출입구,교통약자 동선 연결
KR_1_0579,1호선,평택,1F,1,지상 1층,엘리베이터,일반승강기,[4호기](3F)국철상행에스컬레이터옆
KR_1_0579,1호선,평택,1F,1,지상 1층,엘리베이터,일반승강기,[6호기](3F)1번출입구방향신발매장옆(동광장)
KR_1_0579,1호선,평택,1F,1,지상 1층,엘리베이터,일반승강기,[1호기](3F)2번출입구방향물품보관함옆(서광장)
KR_1_0579,1호선,평택,1F,1,지상 1층,엘리베이터,일반승강기,[2호기](3F)전철상행에스컬레이터옆
KR_1_0579,1호선,평택,1F,1,지상 1층,엘리베이터,일반승강기,[5호기](3F)국철하행에스컬레이터옆
KR_1_0579,1호선,평택,1F,1,지상 1층,엘리베이터,일반승강기,[3호기](3F)전철하행에스컬레이터옆
KR_1_0579,1호선,평택,1F,1,지상 1층,휠체어리프트,휠체어리프트,"(1F) 국철 하선 5,6호차 타는곳 "
KR_1_0579,1호선,평택,1F,1,지상 1층,휠체어리프트,휠체어리프트,"(1F) 국철 상선 2,3호차 타는곳 "
KR_1_0579,1호선,평택,1F,1,지상 1층,휠체어리프트,휠체어리프트,"(1F) 국철 하선 1,2호차 타는곳 "
KR_1_0579,1호선,평택,1F,1,지상 1층,휠체어리프트,휠체어리프트,"(1F) 국철 상선 5,6호차 타는곳 "
KR_1_0579,1호선,평택,1F,1,지상 1층,승강장,1호선 승강장 (평택지제 방면),섬식
KR_1_0579,1호선,평택,1F,1,지상 1층,승강장,1호선 승강장 (성환 방면),섬식
KR_1_0317,1호선,성환,2F,2,지상 2층,개찰구,표 내는 곳,
KR_1_0317,1호선,성환,2F,2,지상 2층,엘리베이터,일반승강기,[6호기](1F)성환역2번출입구계단뒤쪽(2F)성환역2번출입구계단맞은편
KR_1_0317,1호선,성환,2F,2,지상 2층,엘리베이터,일반승강기,[5호기](1F)성환역2번출입구옆(2F)성환역2번출입구와스토리웨이사이
KR_1_0317,1호선,성환,2F,2,지상 2층,엘리베이터,일반승강기,[4호기](1F)성환역1번출입구옆(2F)성환역1번출입구와스토리웨이사이
KR_1_0317,1호선,성환,2F,2,지상 2층,엘리베이터,일반승강기,[3호기](1F)직산역방향승강장4-3출입문앞(2F)화장실옆엘리베이터
KR_1_0317,1호선,성환,2F,2,지상 2층,엘리베이터,일반승강기,[1호기](1F)평택역방향승강장7-2출입문앞(2F)맞이방내엘리베이터
KR_1_0317,1호선,성환,2F,2,지상 2층,엘리베이터,일반승강기,[2호기](1F)성환역1번출입구계단맞은편(2F)성환역1번출입구계단맞은편
KR_1_0317,1호선,성환,2F,2,지상 2층,전동휠체어충전설비,전동휠체어충전설비,(2F)성환역 맞이방 안
KR_1_0317,1호선,성환,2F,2,지상 2층,화장실,일반화장실(남),대합실 출입문옆 or 2호기 엘리베이터 옆
KR_1_0317,1호선,성환,2F,2,지상 2층,화장실,일반화장실(여),대합실 출입문옆 or 2호기 엘리베이터 옆
KR_1_0317,1호선,성환,2F,2,지상 2층,화장실,장애인화장실(남),대합실 출입문옆 or 2호기 엘리베이터 옆
KR_1_0317,1호선,성환,2F,2,지상 2층,화장실,장애인화장실(여),대합실 출입문옆 or 2호기 엘리베이터 옆
KR_1_0317,1호선,성환,1F,1,지상 1층,엘리베이터,일반승강기,[5호기](1F)성환역2번출입구옆(2F)성환역2번출입구와스토리웨이사이
KR_1_0317,1호선,성환,1F,1,지상 1층,엘리베이터,일반승강기,[4호기](1F)성환역1번출입구옆(2F)성환역1번출입구와스토리웨이사이
KR_1_0317,1호선,성환,1F,1,지상 1층,엘리베이터,일반승강기,[3호기](1F)직산역방향승강장4-3출입문앞(2F)화장실옆엘리베이터
KR_1_0317,1호선,성환,1F,1,지상 1층,엘리베이터,일반승강기,[2호기](1F)성환역1번출입구계단맞은편(2F)성환역1번출입구계단맞은편
KR_1_0317,1호선,성환,1F,1,지상 1층,엘리베이터,일반승강기,[1호기](1F)평택역방향승강장7-2출입문앞(2F)맞이방내엘리베이터
KR_1_0317,1호선,성환,1F,1,지상 1층,엘리베이터,일반승강기,[6호기](1F)성환역2번출입구계단뒤쪽(2F)성환역2번출입구계단맞은편
KR_1_0317,1호선,성환,1F,1,지상 1층,출입구,1번 출입구,교통약자 동선 연결
KR_1_0317,1호선,성환,1F,1,지상 1층,출입구,2번 출입구,교통약자 동선 연결
KR_1_0317,1호선,성환,1F,1,지상 1층,승강장,1호선 승강장 (평택 방면),섬식
KR_1_0317,1호선,성환,1F,1,지상 1층,승강장,1호선 승강장 (직산 방면),섬식
KR_1_0539,1호선,직산,2F,2,지상 2층,엘리베이터,일반승강기,[3호기](2F)1번/2번출입구사이(1F)성환역방향승강장8-1출입문앞
KR_1_0539,1호선,직산,2F,2,지상 2층,엘리베이터,일반승강기,[4호기](2F)2번출입구옆(1F)2번출입구옆
KR_1_0539,1호선,직산,2F,2,지상 2층,엘리베이터,일반승강기,[2호기](2F)1번/2번출입구사이(1F)두정역방향승강장3-4출입문앞
KR_1_0539,1호선,직산,2F,2,지상 2층,엘리베이터,일반승강기,[1호기](2F)1번출입구옆(1F)1번출입구옆
KR_1_0539,1호선,직산,2F,2,지상 2층,전동휠체어충전설비,전동휠체어충전설비,상행 엘리베이터 옆
KR_1_0539,1호선,직산,2F,2,지상 2층,화장실,일반화장실(남),1번 출입구 방향
KR_1_0539,1호선,직산,2F,2,지상 2층,화장실,일반화장실(여),1번 출입구 방향
KR_1_0539,1호선,직산,2F,2,지상 2층,화장실,장애인화장실(남),1번 출입구 방향
KR_1_0539,1호선,직산,2F,2,지상 2층,화장실,장애인화장실(여),1번 출입구 방향
KR_1_0539,1호선,직산,1F,1,지상 1층,엘리베이터,일반승강기,[1호기](2F)1번출입구옆(1F)1번출입구옆
KR_1_0539,1호선,직산,1F,1,지상 1층,엘리베이터,일반승강기,[4호기](2F)2번출입구옆(1F)2번출입구옆
KR_1_0539,1호선,직산,1F,1,지상 1층,엘리베이터,일반승강기,[3호기](2F)1번/2번출입구사이(1F)성환역방향승강장8-1출입문앞
KR_1_0539,1호선,직산,1F,1,지상 1층,엘리베이터,일반승강기,[2호기](2F)1번/2번출입구사이(1F)두정역방향승강장3-4출입문앞
KR_1_0539,1호선,직산,1F,1,지상 1층,출입구,1번 출입구,교통약자 동선 연결
KR_1_0539,1호선,직산,1F,1,지상 1층,출입구,2번 출입구,교통약자 동선 연결
KR_1_0539,1호선,직산,1F,1,지상 1층,승강장,1호선 승강장 (성환 방면),상대식
KR_1_0539,1호선,직산,1F,1,지상 1층,승강장,1호선 승강장 (두정 방면),상대식
KR_1_0170,1호선,두정,2F,2,지상 2층,엘리베이터,일반승강기,[4호기](1F)1번출입구동쪽광장옆(2F)1번출입구동쪽광장도로변
KR_1_0170,1호선,두정,2F,2,지상 2층,엘리베이터,일반승강기,[5호기](1F)천안역방향승강장10-2출입문앞(2F)표내는곳옆
KR_1_0170,1호선,두정,2F,2,지상 2층,엘리베이터,일반승강기,[2호기](1F)직산역방향승강장10-4출입문앞(2F)표내는곳옆
KR_1_0170,1호선,두정,2F,2,지상 2층,엘리베이터,일반승강기,[1호기](1F)1번출입구서쪽광장도로변(2F)1번출입구서쪽광장옆
KR_1_0170,1호선,두정,2F,2,지상 2층,엘리베이터,일반승강기,[6호기](1F)직산역방향승강장1-3출입문앞(2F)표내는곳옆
KR_1_0170,1호선,두정,2F,2,지상 2층,엘리베이터,일반승강기,[3호기](1F)천안역방향승강장1-1출입문앞(2F)표내는곳옆
KR_1_0170,1호선,두정,2F,2,지상 2층,전동휠체어충전설비,전동휠체어충전설비,1번 출입구 맞이방 역무일 좌측
KR_1_0170,1호선,두정,2F,2,지상 2층,화장실,일반화장실(남),1번 출입구 방향 우측
KR_1_0170,1호선,두정,2F,2,지상 2층,화장실,일반화장실(남),2번 출입구 방향 좌측
KR_1_0170,1호선,두정,2F,2,지상 2층,화장실,일반화장실(여),1번 출입구 방향 우측
KR_1_0170,1호선,두정,2F,2,지상 2층,화장실,일반화장실(여),2번 출입구 방향 좌측
KR_1_0170,1호선,두정,2F,2,지상 2층,화장실,장애인화장실(남),1번 출입구 방향 우측
KR_1_0170,1호선,두정,2F,2,지상 2층,화장실,장애인화장실(남),2번 출입구 방향 좌측
KR_1_0170,1호선,두정,2F,2,지상 2층,화장실,장애인화장실(여),1번 출입구 방향 우측
KR_1_0170,1호선,두정,2F,2,지상 2층,화장실,장애인화장실(여),2번 출입구 방향 좌측
KR_1_0170,1호선,두정,2F,2,지상 2층,고객센터,고객센터,(2F) 게이트 나와서 왼쪽 방향
KR_1_0170,1호선,두정,2F,2,지상 2층,수유실,수유실,2번 출입구 맞이방 역무실 좌측
KR_1_0170,1호선,두정,1F,1,지상 1층,엘리베이터,일반승강기,[5호기](1F)천안역방향승강장10-2출입문앞(2F)표내는곳옆
KR_1_0170,1호선,두정,1F,1,지상 1층,엘리베이터,일반승강기,[4호기](1F)1번출입구동쪽광장옆(2F)1번출입구동쪽광장도로변
KR_1_0170,1호선,두정,1F,1,지상 1층,엘리베이터,일반승강기,[3호기](1F)천안역방향승강장1-1출입문앞(2F)표내는곳옆
KR_1_0170,1호선,두정,1F,1,지상 1층,엘리베이터,일반승강기,[2호기](1F)직산역방향승강장10-4출입문앞(2F)표내는곳옆
KR_1_0170,1호선,두정,1F,1,지상 1층,엘리베이터,일반승강기,[1호기](1F)1번출입구서쪽광장도로변(2F)1번출입구서쪽광장옆
KR_1_0170,1호선,두정,1F,1,지상 1층,엘리베이터,일반승강기,[6호기](1F)직산역방향승강장1-3출입문앞(2F)표내는곳옆
KR_1_0170,1호선,두정,1F,1,지상 1층,출입구,1번 출입구,교통약자 동선 연결
KR_1_0170,1호선,두정,1F,1,지상 1층,출입구,2번 출입구,교통약자 동선 연결
KR_1_0544,1호선,천안,3F,3,지상 3층,엘리베이터,일반승강기,"[1호기](1F)3,4번승강장(3F)동부맞이방개찰구"
KR_1_0544,1호선,천안,3F,3,지상 3층,엘리베이터,일반승강기,"[3호기](1F)7,8번승강장(3F)서부맞이방개찰구근처"
KR_1_0544,1호선,천안,3F,3,지상 3층,엘리베이터,일반승강기,[4호기](1F)2번출입구(3F)서부이동통로
KR_1_0544,1호선,천안,3F,3,지상 3층,엘리베이터,일반승강기,"[2호기](1F)5,6번승강장(3F)서부맞이방개찰구근처"
KR_1_0544,1호선,천안,3F,3,지상 3층,화장실,일반화장실(남),(3F) 동부맞이방 엘리베이터 옆
KR_1_0544,1호선,천안,3F,3,지상 3층,화장실,일반화장실(남),(3F) 서부맞이방 출입구 옆
KR_1_0544,1호선,천안,3F,3,지상 3층,화장실,일반화장실(여),(3F) 서부맞이방 출입구 옆
KR_1_0544,1호선,천안,3F,3,지상 3층,화장실,일반화장실(여),(3F) 동부맞이방 엘리베이터 옆
KR_1_0544,1호선,천안,3F,3,지상 3층,화장실,장애인화장실(남),(3F) 동부맞이방 엘리베이터 옆
KR_1_0544,1호선,천안,3F,3,지상 3층,화장실,장애인화장실(남),(3F) 서부맞이방 출입구 옆
KR_1_0544,1호선,천안,3F,3,지상 3층,화장실,장애인화장실(여),(3F) 동부맞이방 엘리베이터 옆
KR_1_0544,1호선,천안,3F,3,지상 3층,화장실,장애인화장실(여),(3F) 서부맞이방 출입구 옆
KR_1_0544,1호선,천안,3F,3,지상 3층,고객센터,고객센터,(3F) 동부맞이방 매표소 옆
KR_1_0544,1호선,천안,3F,3,지상 3층,수유실,수유실,(3F) 서부맞이방 편의점 옆
KR_1_0544,1호선,천안,2F,2,지상 2층,엘리베이터,일반승강기,"[4호기](1F) 5,6번 승강장
(3F) 서부맞이방 개찰구 근처"
KR_1_0544,1호선,천안,2F,2,지상 2층,엘리베이터,일반승강기,"[3호기](1F) 3,4번 승강장
(3F) 동부맞이방 개찰구"
KR_1_0544,1호선,천안,2F,2,지상 2층,엘리베이터,일반승강기,"[2호기](1F) 1,2번 승강장
(3F) 동부맞이방 개찰구"
KR_1_0544,1호선,천안,2F,2,지상 2층,엘리베이터,일반승강기,"[6호기](1F) 2번 출입구 뒤
(3F) 서부이동통로"
KR_1_0544,1호선,천안,2F,2,지상 2층,엘리베이터,일반승강기,"[5호기](1F) 7,8번 승강장
(3F) 서부맞이방 개찰구 근처"
KR_1_0544,1호선,천안,2F,2,지상 2층,엘리베이터,일반승강기,"[1호기](1F) 3번 출입구 옆
(3F) 동부맞이방 화장실 옆"
KR_1_0544,1호선,천안,1F,1,지상 1층,엘리베이터,일반승강기,"[3호기](1F)7,8번승강장(3F)서부맞이방개찰구근처"
KR_1_0544,1호선,천안,1F,1,지상 1층,엘리베이터,일반승강기,"[2호기](1F)5,6번승강장(3F)서부맞이방개찰구근처"
KR_1_0544,1호선,천안,1F,1,지상 1층,엘리베이터,일반승강기,"[1호기](1F)3,4번승강장(3F)동부맞이방개찰구"
KR_1_0544,1호선,천안,1F,1,지상 1층,엘리베이터,일반승강기,[4호기](1F)2번출입구(3F)서부이동통로
KR_1_0544,1호선,천안,1F,1,지상 1층,전동휠체어충전설비,전동휠체어충전설비,(3F) 서부맞이방 편의점 앞
KR_1_0544,1호선,천안,1F,1,지상 1층,출입구,1번 출입구,교통약자 동선 연결
KR_1_0544,1호선,천안,1F,1,지상 1층,출입구,2번 출입구,교통약자 동선 연결
KR_1_0544,1호선,천안,1F,1,지상 1층,출입구,3번 출입구,
KR_1_0544,1호선,천안,1F,1,지상 1층,승강장,1호선 승강장 (두정 방면),상대식
KR_1_0544,1호선,천안,1F,1,지상 1층,승강장,1호선 승강장 (봉명 방면),상대식
KR_1_0240,1호선,봉명,2F,2,지상 2층,개찰구,표 내는 곳,
KR_1_0240,1호선,봉명,2F,2,지상 2층,엘리베이터,일반승강기,[1호기]1F1번출구
KR_1_0240,1호선,봉명,2F,2,지상 2층,엘리베이터,일반승강기,[4호기]1F신창역방향승강장5-4
KR_1_0240,1호선,봉명,2F,2,지상 2층,엘리베이터,일반승강기,[3호기]1F천안역방향승강장6-3
KR_1_0240,1호선,봉명,2F,2,지상 2층,엘리베이터,일반승강기,[2호기]1F2번출구E/S옆
KR_1_0240,1호선,봉명,2F,2,지상 2층,전동휠체어충전설비,전동휠체어충전설비,(2F) 맞이방 내부
KR_1_0240,1호선,봉명,2F,2,지상 2층,화장실,일반화장실(남),"2F 맞이방, 1번/2번 출입구 방향"
KR_1_0240,1호선,봉명,2F,2,지상 2층,화장실,일반화장실(여),"2F 맞이방, 1번/2번 출입구 방향"
KR_1_0240,1호선,봉명,2F,2,지상 2층,화장실,장애인화장실(남),"2F 맞이방, 1번/2번 출입구 방향"
KR_1_0240,1호선,봉명,2F,2,지상 2층,화장실,장애인화장실(여),"2F 맞이방, 1번/2번 출입구 방향"
KR_1_0240,1호선,봉명,2F,2,지상 2층,고객센터,고객센터,2F 맞이방 옆
KR_1_0240,1호선,봉명,2F,2,지상 2층,수유실,수유실,2F 맞이방 고객화장실 입구 옆 
KR_1_0240,1호선,봉명,1F,1,지상 1층,대합실,대합실,
KR_1_0240,1호선,봉명,1F,1,지상 1층,개찰구,표 내는 곳,
KR_1_0240,1호선,봉명,1F,1,지상 1층,엘리베이터,일반승강기,[3호기]1F천안역방향승강장6-3
KR_1_0240,1호선,봉명,1F,1,지상 1층,엘리베이터,일반승강기,[2호기]1F2번출구E/S옆
KR_1_0240,1호선,봉명,1F,1,지상 1층,엘리베이터,일반승강기,[1호기]1F1번출구
KR_1_0240,1호선,봉명,1F,1,지상 1층,엘리베이터,일반승강기,[4호기]1F신창역방향승강장5-4
KR_1_0240,1호선,봉명,1F,1,지상 1층,출입구,1번 출입구,교통약자 동선 연결
KR_1_0240,1호선,봉명,1F,1,지상 1층,출입구,2번 출입구,교통약자 동선 연결
KR_1_0240,1호선,봉명,1F,1,지상 1층,승강장,1호선 승강장 (천안 방면),상대식
KR_1_0240,1호선,봉명,1F,1,지상 1층,승강장,1호선 승강장 (쌍용 방면),상대식
KR_1_0381,1호선,쌍용,2F,2,지상 2층,엘리베이터,일반승강기,[1호기](1F)표내는곳내좌측계단옆
KR_1_0381,1호선,쌍용,2F,2,지상 2층,엘리베이터,일반승강기,[2호기](1F)표내는곳내우측계단옆
KR_1_0381,1호선,쌍용,2F,2,지상 2층,승강장,1호선 승강장 (봉명 방면),상대식
KR_1_0381,1호선,쌍용,2F,2,지상 2층,승강장,1호선 승강장 (아산 방면),상대식
KR_1_0381,1호선,쌍용,1F,1,지상 1층,엘리베이터,일반승강기,[1호기](1F)표내는곳내좌측계단옆
KR_1_0381,1호선,쌍용,1F,1,지상 1층,엘리베이터,일반승강기,[2호기](1F)표내는곳내우측계단옆
KR_1_0381,1호선,쌍용,1F,1,지상 1층,전동휠체어충전설비,전동휠체어충전설비,(1F) 맞이방 1번 출입구 방향 좌측
KR_1_0381,1호선,쌍용,1F,1,지상 1층,화장실,일반화장실(남),(1F)맞이방에서 2번 출입구 방향 우측
KR_1_0381,1호선,쌍용,1F,1,지상 1층,화장실,일반화장실(여),(1F)맞이방에서 2번 출입구 방향 우측
KR_1_0381,1호선,쌍용,1F,1,지상 1층,화장실,장애인화장실(남),(1F)맞이방에서 2번 출입구 방향 우측
KR_1_0381,1호선,쌍용,1F,1,지상 1층,화장실,장애인화장실(여),(1F)맞이방에서 2번 출입구 방향 우측
KR_1_0381,1호선,쌍용,1F,1,지상 1층,고객센터,고객센터,(1F) 남쪽 게이트 우측 > (1F) 역무실 내
KR_1_0381,1호선,쌍용,1F,1,지상 1층,수유실,수유실,(1F) 북쪽 표 내는 곳 우측
KR_1_0381,1호선,쌍용,1F,1,지상 1층,출입구,1번 출입구,교통약자 동선 연결
KR_1_0381,1호선,쌍용,1F,1,지상 1층,출입구,2번 출입구,교통약자 동선 연결
KR_1_0382,1호선,아산,4F,4,지상 4층,엘리베이터,일반승강기,[1호기]아산역2층(상홈)-천안아산역4층(하홈)환승통로
KR_1_0382,1호선,아산,4F,4,지상 4층,엘리베이터,일반승강기,[2호기]아산역2층(상홈)-천안아산역4층(상홈)환승통로
KR_1_0382,1호선,아산,4F,4,지상 4층,엘리베이터,일반승강기,[4호기]아산역2층(하홈)-천안아산역4층(상홈)환승통로
KR_1_0382,1호선,아산,4F,4,지상 4층,엘리베이터,일반승강기,[3호기]아산역2층(하홈)-천안아산역4층(하홈)환승통로
KR_1_0382,1호선,아산,3F,3,지상 3층,엘리베이터,일반승강기,[4호기]아산역2층(하홈) - 천안아산역4층(상홈)환승통로
KR_1_0382,1호선,아산,2F,2,지상 2층,엘리베이터,일반승강기,[4호기]아산역2층(하홈)-천안아산역4층(상홈)환승통로
KR_1_0382,1호선,아산,2F,2,지상 2층,엘리베이터,일반승강기,[3호기]아산역2층(하홈)-천안아산역4층(하홈)환승통로
KR_1_0382,1호선,아산,2F,2,지상 2층,엘리베이터,일반승강기,[1호기]아산역2층(상홈)-천안아산역4층(하홈)환승통로
KR_1_0382,1호선,아산,2F,2,지상 2층,엘리베이터,일반승강기,[2호기]아산역2층(상홈)-천안아산역4층(상홈)환승통로
KR_1_0382,1호선,아산,2F,2,지상 2층,엘리베이터,일반승강기,[5호기]1층(게이트)-2층(하홈)
KR_1_0382,1호선,아산,2F,2,지상 2층,엘리베이터,일반승강기,[6호기]1층(게이트)-2층(상홈)
KR_1_0382,1호선,아산,2F,2,지상 2층,승강장,1호선 승강장 (쌍용 방면),상대식
KR_1_0382,1호선,아산,2F,2,지상 2층,승강장,1호선 승강장 (탕정 방면),상대식
KR_1_0382,1호선,아산,1F,1,지상 1층,엘리베이터,일반승강기,[5호기]1층(게이트)-2층(하홈)
KR_1_0382,1호선,아산,1F,1,지상 1층,엘리베이터,일반승강기,[6호기]1층(게이트)-2층(상홈)
KR_1_0382,1호선,아산,1F,1,지상 1층,휠체어리프트,휠체어리프트,CA웨딩홀 방면 환승통로
KR_1_0382,1호선,아산,1F,1,지상 1층,화장실,일반화장실(남),아산역 2번출구 옆
KR_1_0382,1호선,아산,1F,1,지상 1층,화장실,일반화장실(여),아산역 2번출구 옆
KR_1_0382,1호선,아산,1F,1,지상 1층,화장실,장애인화장실(남),아산역 2번출구 옆
KR_1_0382,1호선,아산,1F,1,지상 1층,화장실,장애인화장실(여),아산역 2번출구 옆
KR_1_0382,1호선,아산,1F,1,지상 1층,고객센터,고객센터,아산역 1층 역무실
KR_1_0382,1호선,아산,1F,1,지상 1층,수유실,수유실,아산역 1번 출입구 앞
KR_1_0382,1호선,아산,1F,1,지상 1층,출입구,1번 출입구,교통약자 동선 연결
KR_1_0382,1호선,아산,1F,1,지상 1층,출입구,2번 출입구,교통약자 동선 연결
KR_1_1356,1호선,탕정,2F,2,지상 2층,엘리베이터,일반승강기,[1호기](1F)표내는곳앞(2)하선승강장
KR_1_1356,1호선,탕정,2F,2,지상 2층,엘리베이터,일반승강기,[2호기](1F)표내는곳앞(2)상선승강장
KR_1_1356,1호선,탕정,1F,1,지상 1층,대합실,대합실,
KR_1_1356,1호선,탕정,1F,1,지상 1층,개찰구,표 내는 곳,
KR_1_1356,1호선,탕정,1F,1,지상 1층,엘리베이터,일반승강기,[1호기](1F)표내는곳앞(2)하선승강장
KR_1_1356,1호선,탕정,1F,1,지상 1층,엘리베이터,일반승강기,[2호기](1F)표내는곳앞(2)상선승강장
KR_1_1356,1호선,탕정,1F,1,지상 1층,화장실,일반화장실(남),(1)1번 출입구 방향
KR_1_1356,1호선,탕정,1F,1,지상 1층,화장실,일반화장실(여),(1)1번 출입구 방향
KR_1_1356,1호선,탕정,1F,1,지상 1층,화장실,장애인화장실(남),(1)1번 출입구 방향
KR_1_1356,1호선,탕정,1F,1,지상 1층,화장실,장애인화장실(여),(1)1번 출입구 방향
KR_1_1356,1호선,탕정,1F,1,지상 1층,고객센터,고객센터,(1) 대합실 역무실
KR_1_1356,1호선,탕정,1F,1,지상 1층,수유실,수유실,(1) 대합실 
KR_1_1356,1호선,탕정,1F,1,지상 1층,출입구,1번 출입구,교통약자 동선 연결
KR_1_1356,1호선,탕정,1F,1,지상 1층,출입구,2번 출입구,교통약자 동선 연결
KR_1_0222,1호선,배방,2F,2,지상 2층,엘리베이터,일반승강기,[1호기](1층)1/2번출입구중간게이트통과후왼쪽(2층)온양온천역방면승강장6-3칸앞
KR_1_0222,1호선,배방,2F,2,지상 2층,엘리베이터,일반승강기,[2호기](1층)1/2번출입구중간게이트통과후오른쪽(2층)탕정역방면승강장5-2칸앞
KR_1_0222,1호선,배방,2F,2,지상 2층,승강장,1호선 승강장 (탕정 방면),상대식
KR_1_0222,1호선,배방,2F,2,지상 2층,승강장,1호선 승강장 (온양온천 방면),상대식
KR_1_0222,1호선,배방,1F,1,지상 1층,엘리베이터,일반승강기,[1호기](1층)1/2번출입구중간게이트통과후왼쪽(2층)온양온천역방면승강장6-3칸앞
KR_1_0222,1호선,배방,1F,1,지상 1층,엘리베이터,일반승강기,[2호기](1층)1/2번출입구중간게이트통과후오른쪽(2층)탕정역방면승강장5-2칸앞
KR_1_0222,1호선,배방,1F,1,지상 1층,전동휠체어충전설비,전동휠체어충전설비,(1층) 게이트 외부 옆
KR_1_0222,1호선,배방,1F,1,지상 1층,화장실,일반화장실(남),(1층) 스토리웨이 앞
KR_1_0222,1호선,배방,1F,1,지상 1층,화장실,일반화장실(여),(1층) 스토리웨이 앞
KR_1_0222,1호선,배방,1F,1,지상 1층,화장실,장애인화장실(남),(1층) 스토리웨이 앞
KR_1_0222,1호선,배방,1F,1,지상 1층,화장실,장애인화장실(여),(1층) 스토리웨이 앞
KR_1_0222,1호선,배방,1F,1,지상 1층,고객센터,고객센터,1층 역무실
KR_1_0222,1호선,배방,1F,1,지상 1층,수유실,수유실,(1층) 1번 출입구 고객여자화장실 입구
KR_1_0222,1호선,배방,1F,1,지상 1층,출입구,1번 출입구,교통약자 동선 연결
KR_1_0222,1호선,배방,1F,1,지상 1층,출입구,2번 출입구,교통약자 동선 연결
KR_1_0437,1호선,온양온천,3F,3,지상 3층,엘리베이터,일반승강기,"[1호기](F2)1번승강장>(F3)아산역4,5호차출입문앞(F2)2번승강장계단>(F3)배방역7-4출입문앞(F2)3번승강장계단>(F3)신창역4-4출입문앞"
KR_1_0437,1호선,온양온천,3F,3,지상 3층,승강장,1호선 승강장 (배방 방면),상대식
KR_1_0437,1호선,온양온천,3F,3,지상 3층,승강장,1호선 승강장 (신창 방면),상대식
KR_1_0437,1호선,온양온천,2F,2,지상 2층,개찰구,표 내는 곳,
KR_1_0437,1호선,온양온천,2F,2,지상 2층,전동휠체어충전설비,전동휠체어충전설비,"(2F) 대합실 내, 여자화장실 옆"
KR_1_0437,1호선,온양온천,2F,2,지상 2층,화장실,일반화장실(남),"(F2) 대합실, 맞이방 근처"
KR_1_0437,1호선,온양온천,2F,2,지상 2층,화장실,일반화장실(여),"(F2) 대합실, 맞이방 근처"
KR_1_0437,1호선,온양온천,2F,2,지상 2층,화장실,장애인화장실(남),"(F2) 대합실, 맞이방 근처"
KR_1_0437,1호선,온양온천,2F,2,지상 2층,화장실,장애인화장실(여),"(F2) 대합실, 맞이방 근처"
KR_1_0437,1호선,온양온천,2F,2,지상 2층,고객센터,고객센터,(F2) 역무실
KR_1_0437,1호선,온양온천,2F,2,지상 2층,수유실,수유실,(F2) 매표실 옆
KR_1_0437,1호선,온양온천,1F,1,지상 1층,엘리베이터,일반승강기,"[1호기](F2)1번승강장>(F3)아산역4,5호차출입문앞(F2)2번승강장계단>(F3)배방역7-4출입문앞(F2)3번승강장계단>(F3)신창역4-4출입문앞"
KR_1_0437,1호선,온양온천,1F,1,지상 1층,출입구,1번 출입구,교통약자 동선 연결
KR_1_0375,1호선,신창,1F,1,지상 1층,엘리베이터,일반승강기,[1호기]1층2번출구에서30m
KR_1_0375,1호선,신창,1F,1,지상 1층,엘리베이터,일반승강기,[2호기]1층2번출구에서40m
KR_1_0375,1호선,신창,1F,1,지상 1층,엘리베이터,일반승강기,[3호기]1층2번출구에서50m
KR_1_0375,1호선,신창,1F,1,지상 1층,전동휠체어충전설비,전동휠체어충전설비,1층 고객안내센터 옆
KR_1_0375,1호선,신창,1F,1,지상 1층,화장실,일반화장실(남),1층 자동발매기 옆
KR_1_0375,1호선,신창,1F,1,지상 1층,화장실,일반화장실(여),1층 자동발매기 옆
KR_1_0375,1호선,신창,1F,1,지상 1층,화장실,장애인화장실(남),1층 자동발매기 옆
KR_1_0375,1호선,신창,1F,1,지상 1층,화장실,장애인화장실(여),1층 자동발매기 옆
KR_1_0375,1호선,신창,1F,1,지상 1층,수유실,수유실,역무실 내
KR_1_0375,1호선,신창,1F,1,지상 1층,출입구,1번 출입구,교통약자 동선 연결
KR_1_0375,1호선,신창,1F,1,지상 1층,출입구,2번 출입구,교통약자 동선 연결
KR_1_0375,1호선,신창,1F,1,지상 1층,승강장,1호선 승강장 (온양온천 방면),상대식
KR_1_0375,1호선,신창,1F,1,지상 1층,승강장,1호선 승강장 (신창 방면),상대식
KR_1_0375,1호선,신창,B1,-1,지하 1층,엘리베이터,일반승강기,[1호기]1층2번출구에서30m
KR_1_0375,1호선,신창,B1,-1,지하 1층,엘리베이터,일반승강기,[3호기]1층2번출구에서50m
KR_1_0375,1호선,신창,B1,-1,지하 1층,엘리베이터,일반승강기,[2호기]1층2번출구에서40m
S1_2_0347,2호선,시청,1F,1,지상 1층,엘리베이터,일반승강기,[2호기]9번출구측
S1_2_0347,2호선,시청,B1,-1,지하 1층,개찰구,표 내는 곳,
S1_2_0347,2호선,시청,B1,-1,지하 1층,엘리베이터,일반승강기,[2호기]9번출구측
S1_2_0347,2호선,시청,B1,-1,지하 1층,엘리베이터,일반승강기,"[1호기]충정로방면6-2,을지로입구방면5-3"
S1_2_0347,2호선,시청,B1,-1,지하 1층,화장실,일반화장실(남),"지하1층 9,10번출입구 옆"
S1_2_0347,2호선,시청,B1,-1,지하 1층,화장실,일반화장실(여),"지하1층 9,10번출입구 옆"
S1_2_0347,2호선,시청,B1,-1,지하 1층,화장실,장애인화장실(남),"지하1층 9,10번출입구 옆"
S1_2_0347,2호선,시청,B1,-1,지하 1층,화장실,장애인화장실(여),"지하1층 9,10번출입구 옆"
S1_2_0347,2호선,시청,B1,-1,지하 1층,출입구,9번 출입구,교통약자 동선 연결
S1_2_0347,2호선,시청,B1,-1,지하 1층,출입구,10번 출입구,
S1_2_0347,2호선,시청,B2,-2,지하 2층,엘리베이터,일반승강기,[1호기](B3-B1)섬식(외) 6-2
S1_2_0347,2호선,시청,B2,-2,지하 2층,화장실,일반화장실(남),지하2층 환승통로
S1_2_0347,2호선,시청,B2,-2,지하 2층,화장실,일반화장실(여),지하2층 환승통로
S1_2_0347,2호선,시청,B2,-2,지하 2층,화장실,장애인화장실(남),지하2층 환승통로
S1_2_0347,2호선,시청,B2,-2,지하 2층,화장실,장애인화장실(여),지하2층 환승통로
S1_2_0347,2호선,시청,B2,-2,지하 2층,고객센터,고객센터,B2층 대합실
S1_2_0347,2호선,시청,B2,-2,지하 2층,수유실,수유실,B2 고객안전실 인접
S1_2_0347,2호선,시청,B2,-2,지하 2층,승강장,2호선 승강장 (시청 방면),섬식
S1_2_0347,2호선,시청,B2,-2,지하 2층,승강장,2호선 승강장 (충정로 방면),섬식
S1_2_0347,2호선,시청,B3,-3,지하 3층,엘리베이터,일반승강기,"[1호기]충정로방면6-2,을지로입구방면5-3"
S1_2_0564,2호선,충정로,1F,1,지상 1층,엘리베이터,일반승강기,[2호기]5번출구측
S1_2_0564,2호선,충정로,1F,1,지상 1층,출입구,5번 출입구,교통약자 동선 연결
S1_2_0564,2호선,충정로,B1,-1,지하 1층,엘리베이터,일반승강기,[2호기](B2-F1)5번 출입구측
S1_2_0564,2호선,충정로,B2,-2,지하 2층,대합실,대합실,
S1_2_0564,2호선,충정로,B2,-2,지하 2층,개찰구,표 내는 곳,
S1_2_0564,2호선,충정로,B2,-2,지하 2층,엘리베이터,일반승강기,[2호기]5번출구측
S1_2_0564,2호선,충정로,B2,-2,지하 2층,엘리베이터,일반승강기,"[1호기]아현방면2-1,시청방면9-4"
S1_2_0564,2호선,충정로,B2,-2,지하 2층,전동휠체어충전설비,전동휠체어충전설비,역무실 (역무실에 요청시 사용가능)
S1_2_0564,2호선,충정로,B2,-2,지하 2층,화장실,일반화장실(남),지하2층 아현방면 끝단
S1_2_0564,2호선,충정로,B2,-2,지하 2층,화장실,일반화장실(여),지하2층 아현방면 끝단
S1_2_0564,2호선,충정로,B2,-2,지하 2층,화장실,장애인화장실(남),지하2층 아현방면 끝단
S1_2_0564,2호선,충정로,B2,-2,지하 2층,화장실,장애인화장실(여),지하2층 아현방면 끝단
S1_2_0564,2호선,충정로,B2,-2,지하 2층,고객센터,고객센터,B2층 대합실
S1_2_0564,2호선,충정로,B3,-3,지하 3층,엘리베이터,일반승강기,"[1호기]아현방면2-1,시청방면9-4"
S1_2_0564,2호선,충정로,B3,-3,지하 3층,승강장,2호선 승강장 (시청 방면),섬식
S1_2_0564,2호선,충정로,B3,-3,지하 3층,승강장,2호선 승강장 (아현 방면),섬식
S1_2_0564,2호선,충정로,B5,-5,지하 5층,환승승강장,5호선 승강장 (애오개 방면),5호선
S1_2_0564,2호선,충정로,B5,-5,지하 5층,환승승강장,5호선 승강장 (서대문 방면),5호선
S1_2_0386,2호선,아현,1F,1,지상 1층,엘리베이터,일반승강기,[4호기]1번출구측
S1_2_0386,2호선,아현,1F,1,지상 1층,엘리베이터,일반승강기,[3호기]3번출구측
S1_2_0386,2호선,아현,1F,1,지상 1층,출입구,1번 출입구,교통약자 동선 연결
S1_2_0386,2호선,아현,1F,1,지상 1층,출입구,3번 출입구,교통약자 동선 연결
S1_2_0386,2호선,아현,B1,-1,지하 1층,대합실,대합실,
S1_2_0386,2호선,아현,B1,-1,지하 1층,개찰구,표 내는 곳,
S1_2_0386,2호선,아현,B1,-1,지하 1층,엘리베이터,일반승강기,[4호기]1번출구측
S1_2_0386,2호선,아현,B1,-1,지하 1층,엘리베이터,일반승강기,[3호기]3번출구측
S1_2_0386,2호선,아현,B1,-1,지하 1층,엘리베이터,일반승강기,[2호기]충정로방면4-3
S1_2_0386,2호선,아현,B1,-1,지하 1층,엘리베이터,일반승강기,[1호기]이대방면7-2
S1_2_0386,2호선,아현,B1,-1,지하 1층,전동휠체어충전설비,전동휠체어충전설비,역무실 (역무실에 요청시 사용가능)
S1_2_0386,2호선,아현,B1,-1,지하 1층,화장실,일반화장실(남),지하1층 대합실 이대역방면 끝단
S1_2_0386,2호선,아현,B1,-1,지하 1층,화장실,일반화장실(여),지하1층 대합실 이대역방면 끝단
S1_2_0386,2호선,아현,B1,-1,지하 1층,화장실,장애인화장실(남),지하1층 대합실 이대역방면 끝단
S1_2_0386,2호선,아현,B1,-1,지하 1층,화장실,장애인화장실(여),지하1층 대합실 이대역방면 끝단
S1_2_0386,2호선,아현,B1,-1,지하 1층,고객센터,고객센터,B1층 대합실
S1_2_0386,2호선,아현,B2,-2,지하 2층,엘리베이터,일반승강기,[1호기]이대방면7-2
S1_2_0386,2호선,아현,B2,-2,지하 2층,엘리베이터,일반승강기,[2호기]충정로방면4-3
S1_2_0386,2호선,아현,B2,-2,지하 2층,승강장,2호선 승강장 (충정로 방면),상대식
S1_2_0386,2호선,아현,B2,-2,지하 2층,승강장,2호선 승강장 (이대 방면),상대식
S1_2_0473,2호선,이대,1F,1,지상 1층,엘리베이터,일반승강기,[3호기]2번출구측
S1_2_0473,2호선,이대,1F,1,지상 1층,엘리베이터,일반승강기,[2호기]6번출구측
S1_2_0473,2호선,이대,1F,1,지상 1층,출입구,2번 출입구,교통약자 동선 연결
S1_2_0473,2호선,이대,1F,1,지상 1층,출입구,5번 출입구,
S1_2_0473,2호선,이대,1F,1,지상 1층,출입구,6번 출입구,교통약자 동선 연결
S1_2_0473,2호선,이대,B1,-1,지하 1층,대합실,대합실,
S1_2_0473,2호선,이대,B1,-1,지하 1층,개찰구,표 내는 곳,
S1_2_0473,2호선,이대,B1,-1,지하 1층,엘리베이터,일반승강기,[2호기]6번출구측
S1_2_0473,2호선,이대,B1,-1,지하 1층,엘리베이터,일반승강기,[3호기]2번출구측
S1_2_0473,2호선,이대,B1,-1,지하 1층,엘리베이터,일반승강기,"[1호기]신촌방면2-2,아현방면9-3"
S1_2_0473,2호선,이대,B1,-1,지하 1층,화장실,일반화장실(남),지하1층 대합실 5번출입구 옆
S1_2_0473,2호선,이대,B1,-1,지하 1층,화장실,일반화장실(여),지하1층 대합실 5번출입구 옆
S1_2_0473,2호선,이대,B1,-1,지하 1층,화장실,장애인화장실(남),지하1층 대합실 5번출입구 옆
S1_2_0473,2호선,이대,B1,-1,지하 1층,화장실,장애인화장실(여),지하1층 대합실 5번출입구 옆
S1_2_0473,2호선,이대,B2,-2,지하 2층,엘리베이터,일반승강기,"[1호기]신촌방면2-2,아현방면9-3"
S1_2_0473,2호선,이대,B2,-2,지하 2층,전동휠체어충전설비,전동휠체어충전설비,역무실 (역무실에 요청시 사용가능)
S1_2_0473,2호선,이대,B2,-2,지하 2층,고객센터,고객센터,B2층 대합실
S1_2_0473,2호선,이대,B2,-2,지하 2층,승강장,2호선 승강장 (아현 방면),섬식
S1_2_0473,2호선,이대,B2,-2,지하 2층,승강장,2호선 승강장 (신촌 방면),섬식
S1_2_0366,2호선,신촌,1F,1,지상 1층,엘리베이터,일반승강기,[4호기]6번출구측
S1_2_0366,2호선,신촌,1F,1,지상 1층,엘리베이터,일반승강기,[3호기]4번출구측
S1_2_0366,2호선,신촌,1F,1,지상 1층,출입구,4번 출입구,교통약자 동선 연결
S1_2_0366,2호선,신촌,1F,1,지상 1층,출입구,5번 출입구,
S1_2_0366,2호선,신촌,1F,1,지상 1층,출입구,6번 출입구,교통약자 동선 연결
S1_2_0366,2호선,신촌,B1,-1,지하 1층,대합실,대합실,
S1_2_0366,2호선,신촌,B1,-1,지하 1층,개찰구,표 내는 곳,
S1_2_0366,2호선,신촌,B1,-1,지하 1층,엘리베이터,일반승강기,[4호기]6번출구측
S1_2_0366,2호선,신촌,B1,-1,지하 1층,엘리베이터,일반승강기,[3호기]4번출구측
S1_2_0366,2호선,신촌,B1,-1,지하 1층,엘리베이터,일반승강기,[2호기]이대방면4-4
S1_2_0366,2호선,신촌,B1,-1,지하 1층,엘리베이터,일반승강기,[1호기]홍대입구방면8-4
S1_2_0366,2호선,신촌,B1,-1,지하 1층,화장실,일반화장실(남),"지하1층대합실, 5번출입구 옆 "
S1_2_0366,2호선,신촌,B1,-1,지하 1층,화장실,일반화장실(여),"지하1층대합실, 5번출입구 옆 "
S1_2_0366,2호선,신촌,B1,-1,지하 1층,화장실,장애인화장실(남),"지하1층대합실, 5번출입구 옆 "
S1_2_0366,2호선,신촌,B1,-1,지하 1층,화장실,장애인화장실(여),"지하1층대합실, 5번출입구 옆 "
S1_2_0366,2호선,신촌,B1,-1,지하 1층,고객센터,고객센터,B1층 대합실
S1_2_0366,2호선,신촌,B1,-1,지하 1층,수유실,수유실,B1 고객안전실  인접
S1_2_0366,2호선,신촌,B2,-2,지하 2층,엘리베이터,일반승강기,[1호기]홍대입구방면8-4
S1_2_0366,2호선,신촌,B2,-2,지하 2층,엘리베이터,일반승강기,[2호기]이대방면4-4
S1_2_0366,2호선,신촌,B2,-2,지하 2층,승강장,2호선 승강장 (이대 방면),상대식
S1_2_0366,2호선,신촌,B2,-2,지하 2층,승강장,2호선 승강장 (홍대입구 방면),상대식
S1_2_0596,2호선,홍대입구,1F,1,지상 1층,엘리베이터,일반승강기,[2호기]8번출구측
S1_2_0596,2호선,홍대입구,1F,1,지상 1층,출입구,2번 출입구,
S1_2_0596,2호선,홍대입구,1F,1,지상 1층,출입구,8번 출입구,교통약자 동선 연결
S1_2_0596,2호선,홍대입구,B1,-1,지하 1층,대합실,대합실,
S1_2_0596,2호선,홍대입구,B1,-1,지하 1층,개찰구,표 내는 곳,
S1_2_0596,2호선,홍대입구,B1,-1,지하 1층,엘리베이터,일반승강기,[2호기]8번출구측
S1_2_0596,2호선,홍대입구,B1,-1,지하 1층,엘리베이터,일반승강기,"[1호기]합정방면7-2,신촌방면4-3"
S1_2_0596,2호선,홍대입구,B1,-1,지하 1층,화장실,일반화장실(남),"지하1층대합실, 2번출입구 옆 "
S1_2_0596,2호선,홍대입구,B1,-1,지하 1층,화장실,일반화장실(여),"지하1층대합실, 2번출입구 옆 "
S1_2_0596,2호선,홍대입구,B1,-1,지하 1층,화장실,장애인화장실(남),"지하1층대합실, 2번출입구 옆 "
S1_2_0596,2호선,홍대입구,B1,-1,지하 1층,화장실,장애인화장실(여),"지하1층대합실, 2번출입구 옆 "
S1_2_0596,2호선,홍대입구,B1,-1,지하 1층,고객센터,고객센터,B1층 대합실
S1_2_0596,2호선,홍대입구,B1,-1,지하 1층,환승승강장,경의중앙선 승강장 (가좌 방면),경의중앙선
S1_2_0596,2호선,홍대입구,B1,-1,지하 1층,환승승강장,경의중앙선 승강장 (서강대 방면),경의중앙선
S1_2_0596,2호선,홍대입구,B2,-2,지하 2층,대합실,대합실,
S1_2_0596,2호선,홍대입구,B2,-2,지하 2층,엘리베이터,일반승강기,"[1호기]합정방면7-2,신촌방면4-3"
S1_2_0596,2호선,홍대입구,B2,-2,지하 2층,승강장,2호선 승강장 (신촌 방면),섬식
S1_2_0596,2호선,홍대입구,B2,-2,지하 2층,승강장,2호선 승강장 (합정 방면),섬식
S1_2_0591,2호선,합정,1F,1,지상 1층,엘리베이터,일반승강기,"[4호기]3,4번출구사이"
S1_2_0591,2호선,합정,1F,1,지상 1층,엘리베이터,일반승강기,"[3호기]1,2번출구사이"
S1_2_0591,2호선,합정,1F,1,지상 1층,출입구,2번 출입구,교통약자 동선 연결
S1_2_0591,2호선,합정,1F,1,지상 1층,출입구,4번 출입구,교통약자 동선 연결
S1_2_0591,2호선,합정,1F,1,지상 1층,출입구,6번 출입구,교통약자 동선 연결
S1_2_0591,2호선,합정,B1,-1,지하 1층,대합실,대합실,
S1_2_0591,2호선,합정,B1,-1,지하 1층,개찰구,표 내는 곳,
S1_2_0591,2호선,합정,B1,-1,지하 1층,엘리베이터,일반승강기,"[4호기]3,4번출구사이"
S1_2_0591,2호선,합정,B1,-1,지하 1층,엘리베이터,일반승강기,"[3호기]1,2번출구사이"
S1_2_0591,2호선,합정,B1,-1,지하 1층,엘리베이터,일반승강기,[2호기]홍대입구방면7-3
S1_2_0591,2호선,합정,B1,-1,지하 1층,엘리베이터,일반승강기,[1호기]당산방면4-1
S1_2_0591,2호선,합정,B1,-1,지하 1층,화장실,일반화장실(남),"지하1층대합실, 1,2번출입구"
S1_2_0591,2호선,합정,B1,-1,지하 1층,화장실,일반화장실(여),"지하1층대합실, 1,2번출입구"
S1_2_0591,2호선,합정,B1,-1,지하 1층,화장실,장애인화장실(남),"지하1층대합실, 1,2번출입구"
S1_2_0591,2호선,합정,B1,-1,지하 1층,화장실,장애인화장실(여),"지하1층대합실, 1,2번출입구"
S1_2_0591,2호선,합정,B1,-1,지하 1층,고객센터,고객센터,B1층 대합실
S1_2_0591,2호선,합정,B2,-2,지하 2층,엘리베이터,일반승강기,[1호기]당산방면4-1
S1_2_0591,2호선,합정,B2,-2,지하 2층,엘리베이터,일반승강기,[2호기]홍대입구방면7-3
S1_2_0591,2호선,합정,B2,-2,지하 2층,승강장,2호선 승강장 (홍대입구 방면),상대식
S1_2_0591,2호선,합정,B2,-2,지하 2층,승강장,2호선 승강장 (당산 방면),상대식
S1_2_0591,2호선,합정,B3,-3,지하 3층,대합실,대합실,
S1_2_0591,2호선,합정,B4,-4,지하 4층,환승승강장,6호선 승강장 (망원 방면),6호선
S1_2_0591,2호선,합정,B4,-4,지하 4층,환승승강장,6호선 승강장 (상수 방면),6호선
S1_2_0126,2호선,당산,3F,3,지상 3층,엘리베이터,일반승강기,[2호기]합정방면3-2
S1_2_0126,2호선,당산,3F,3,지상 3층,엘리베이터,일반승강기,[1호기]영등포구청방면8-3
S1_2_0126,2호선,당산,3F,3,지상 3층,승강장,2호선 승강장 (합정 방면),상대식
S1_2_0126,2호선,당산,3F,3,지상 3층,승강장,2호선 승강장 (영등포구청 방면),상대식
S1_2_0126,2호선,당산,2F,2,지상 2층,대합실,대합실,
S1_2_0126,2호선,당산,2F,2,지상 2층,개찰구,표 내는 곳,
S1_2_0126,2호선,당산,2F,2,지상 2층,엘리베이터,일반승강기,[1호기]영등포구청방면8-3
S1_2_0126,2호선,당산,2F,2,지상 2층,엘리베이터,일반승강기,[2호기]합정방면3-2
S1_2_0126,2호선,당산,2F,2,지상 2층,엘리베이터,일반승강기,[3호기]4번출구측
S1_2_0126,2호선,당산,2F,2,지상 2층,엘리베이터,일반승강기,[4호기]3번출구측
S1_2_0126,2호선,당산,2F,2,지상 2층,화장실,일반화장실(남),"지상2층, 대합실 중앙(표 내는 곳 내부)"
S1_2_0126,2호선,당산,2F,2,지상 2층,화장실,일반화장실(여),"지상2층, 대합실 중앙(표 내는 곳 내부)"
S1_2_0126,2호선,당산,2F,2,지상 2층,화장실,장애인화장실(남),"지상2층, 대합실 중앙(표 내는 곳 내부)"
S1_2_0126,2호선,당산,2F,2,지상 2층,화장실,장애인화장실(여),"지상2층, 대합실 중앙(표 내는 곳 내부)"
S1_2_0126,2호선,당산,2F,2,지상 2층,고객센터,고객센터,2층 대합실
S1_2_0126,2호선,당산,1F,1,지상 1층,엘리베이터,일반승강기,[3호기]4번출구측
S1_2_0126,2호선,당산,1F,1,지상 1층,엘리베이터,일반승강기,[4호기]3번출구측
S1_2_0126,2호선,당산,1F,1,지상 1층,출입구,3번 출입구,교통약자 동선 연결
S1_2_0126,2호선,당산,1F,1,지상 1층,출입구,4번 출입구,교통약자 동선 연결
S1_2_0126,2호선,당산,B2,-2,지하 2층,대합실,대합실,
S1_2_0126,2호선,당산,B3,-3,지하 3층,환승승강장,9호선 승강장 (선유도 방면),9호선
S1_2_0126,2호선,당산,B3,-3,지하 3층,환승승강장,9호선 승강장 (국회의사당 방면),9호선
S1_2_0421,2호선,영등포구청,1F,1,지상 1층,엘리베이터,일반승강기,[4호기]5번출구측
S1_2_0421,2호선,영등포구청,1F,1,지상 1층,엘리베이터,일반승강기,[3호기]2번출구측
S1_2_0421,2호선,영등포구청,1F,1,지상 1층,출입구,2번 출입구,교통약자 동선 연결
S1_2_0421,2호선,영등포구청,1F,1,지상 1층,출입구,5번 출입구,교통약자 동선 연결
S1_2_0421,2호선,영등포구청,B1,-1,지하 1층,대합실,대합실,
S1_2_0421,2호선,영등포구청,B1,-1,지하 1층,개찰구,표 내는 곳,
S1_2_0421,2호선,영등포구청,B1,-1,지하 1층,엘리베이터,일반승강기,[4호기]5번출구측
S1_2_0421,2호선,영등포구청,B1,-1,지하 1층,엘리베이터,일반승강기,[3호기]2번출구측
S1_2_0421,2호선,영등포구청,B1,-1,지하 1층,엘리베이터,일반승강기,[2호기]당산방면3-1
S1_2_0421,2호선,영등포구청,B1,-1,지하 1층,엘리베이터,일반승강기,[1호기]문래방면8-4
S1_2_0421,2호선,영등포구청,B1,-1,지하 1층,화장실,일반화장실(남),"지하1층 대합실(표 내는 곳 내부, 환승통로입구)"
S1_2_0421,2호선,영등포구청,B1,-1,지하 1층,화장실,일반화장실(여),"지하1층 대합실(표 내는 곳 내부, 환승통로입구)"
S1_2_0421,2호선,영등포구청,B1,-1,지하 1층,화장실,장애인화장실(남),"지하1층 대합실(표 내는 곳 내부, 환승통로입구)"
S1_2_0421,2호선,영등포구청,B1,-1,지하 1층,화장실,장애인화장실(여),"지하1층 대합실(표 내는 곳 내부, 환승통로입구)"
S1_2_0421,2호선,영등포구청,B1,-1,지하 1층,고객센터,고객센터,B1층 대합실
S1_2_0421,2호선,영등포구청,B1,-1,지하 1층,수유실,수유실,B1 고객안전실  인접
S1_2_0421,2호선,영등포구청,B2,-2,지하 2층,엘리베이터,일반승강기,[1호기]문래방면8-4
S1_2_0421,2호선,영등포구청,B2,-2,지하 2층,엘리베이터,일반승강기,[2호기]당산방면3-1
S1_2_0421,2호선,영등포구청,B2,-2,지하 2층,승강장,2호선 승강장 (당산 방면),상대식
S1_2_0421,2호선,영등포구청,B2,-2,지하 2층,승강장,2호선 승강장 (문래 방면),상대식
S1_2_0421,2호선,영등포구청,B4,-4,지하 4층,대합실,대합실,
S1_2_0206,2호선,문래,1F,1,지상 1층,엘리베이터,일반승강기,[4호기]1번출구측
S1_2_0206,2호선,문래,1F,1,지상 1층,엘리베이터,일반승강기,[3호기]5번출구측
S1_2_0206,2호선,문래,1F,1,지상 1층,출입구,1번 출입구,교통약자 동선 연결
S1_2_0206,2호선,문래,1F,1,지상 1층,출입구,3번 출입구,
S1_2_0206,2호선,문래,1F,1,지상 1층,출입구,4번 출입구,교통약자 동선 연결
S1_2_0206,2호선,문래,1F,1,지상 1층,출입구,5번 출입구,교통약자 동선 연결
S1_2_0206,2호선,문래,B1,-1,지하 1층,대합실,대합실,
S1_2_0206,2호선,문래,B1,-1,지하 1층,개찰구,표 내는 곳,
S1_2_0206,2호선,문래,B1,-1,지하 1층,엘리베이터,일반승강기,[4호기]1번출구측
S1_2_0206,2호선,문래,B1,-1,지하 1층,엘리베이터,일반승강기,[3호기]5번출구측
S1_2_0206,2호선,문래,B1,-1,지하 1층,엘리베이터,일반승강기,[2호기]영등포구청방면4-1
S1_2_0206,2호선,문래,B1,-1,지하 1층,엘리베이터,일반승강기,[1호기]신도림방면7-4
S1_2_0206,2호선,문래,B1,-1,지하 1층,화장실,일반화장실(남),"지하1층 대합실(표 내는 곳 외부, 2,3번출입구방향)"
S1_2_0206,2호선,문래,B1,-1,지하 1층,화장실,일반화장실(여),"지하1층 대합실(표 내는 곳 외부, 2,3번출입구방향)"
S1_2_0206,2호선,문래,B1,-1,지하 1층,화장실,장애인화장실(남),"지하1층 대합실(표 내는 곳 외부, 2,3번출입구방향)"
S1_2_0206,2호선,문래,B1,-1,지하 1층,화장실,장애인화장실(여),"지하1층 대합실(표 내는 곳 외부, 2,3번출입구방향)"
S1_2_0206,2호선,문래,B1,-1,지하 1층,고객센터,고객센터,B1층 대합실
S1_2_0206,2호선,문래,B2,-2,지하 2층,엘리베이터,일반승강기,[1호기]신도림방면7-4
S1_2_0206,2호선,문래,B2,-2,지하 2층,엘리베이터,일반승강기,[2호기]영등포구청방면4-1
S1_2_0206,2호선,문래,B2,-2,지하 2층,승강장,2호선 승강장 (영등포구청 방면),상대식
S1_2_0206,2호선,문래,B2,-2,지하 2층,승강장,2호선 승강장 (신도림 방면),상대식
S1_2_0359,2호선,신도림,2F,2,지상 2층,엘리베이터,일반승강기,[3호기]1번출구측
S1_2_0359,2호선,신도림,2F,2,지상 2층,엘리베이터,일반승강기,[5호기](2층)-5번출입구에스컬레이터뒤쪽
S1_2_0359,2호선,신도림,1F,1,지상 1층,엘리베이터,일반승강기,[3호기](B1-F2)1번 출입구
S1_2_0359,2호선,신도림,1F,1,지상 1층,엘리베이터,일반승강기,[4호기]2번출구측
S1_2_0359,2호선,신도림,1F,1,지상 1층,출입구,1번 출입구,
S1_2_0359,2호선,신도림,1F,1,지상 1층,출입구,2번 출입구,
S1_2_0359,2호선,신도림,1F,1,지상 1층,출입구,3번 출입구,교통약자 동선 연결
S1_2_0359,2호선,신도림,1F,1,지상 1층,출입구,5번 출입구,
S1_2_0359,2호선,신도림,1F,1,지상 1층,환승승강장,1호선 승강장 (영등포 방면),1호선
S1_2_0359,2호선,신도림,1F,1,지상 1층,환승승강장,1호선 승강장 (구로 방면),1호선
S1_2_0359,2호선,신도림,B1,-1,지하 1층,대합실,대합실,
S1_2_0359,2호선,신도림,B1,-1,지하 1층,개찰구,표 내는 곳,
S1_2_0359,2호선,신도림,B1,-1,지하 1층,엘리베이터,일반승강기,[5호기](2층)-5번출입구에스컬레이터뒤쪽
S1_2_0359,2호선,신도림,B1,-1,지하 1층,엘리베이터,일반승강기,[4호기]2번출구측
S1_2_0359,2호선,신도림,B1,-1,지하 1층,엘리베이터,일반승강기,[3호기]1번출구측
S1_2_0359,2호선,신도림,B1,-1,지하 1층,엘리베이터,일반승강기,"[1호기]대림방면4-4,문래방면7-4"
S1_2_0359,2호선,신도림,B1,-1,지하 1층,엘리베이터,일반승강기,[2호기]대림방면3-2
S1_2_0359,2호선,신도림,B1,-1,지하 1층,전동휠체어충전설비,전동휠체어충전설비,1번 출구 고객안내센터 좌측 벽면
S1_2_0359,2호선,신도림,B1,-1,지하 1층,화장실,일반화장실(남),"지하1층 대합실(개집표기 외부,1번 출입구방향)"
S1_2_0359,2호선,신도림,B1,-1,지하 1층,화장실,일반화장실(남),"지하1층 대합실 (표 내는 곳 내부, 1번출입구방향)"
S1_2_0359,2호선,신도림,B1,-1,지하 1층,화장실,일반화장실(여),"지하1층 대합실 (표 내는 곳 내부, 1번출입구방향)"
S1_2_0359,2호선,신도림,B1,-1,지하 1층,화장실,일반화장실(여),"지하1층 대합실(개집표기 외부,1번 출입구방향)"
S1_2_0359,2호선,신도림,B1,-1,지하 1층,화장실,장애인화장실(남),"지하1층 대합실 (표 내는 곳 내부, 1번출입구방향)"
S1_2_0359,2호선,신도림,B1,-1,지하 1층,화장실,장애인화장실(남),"지하1층 대합실(개집표기 외부,1번 출입구방향)"
S1_2_0359,2호선,신도림,B1,-1,지하 1층,화장실,장애인화장실(여),"지하1층 대합실 (표 내는 곳 내부, 1번출입구방향)"
S1_2_0359,2호선,신도림,B1,-1,지하 1층,화장실,장애인화장실(여),"지하1층 대합실(개집표기 외부,1번 출입구방향)"
S1_2_0359,2호선,신도림,B1,-1,지하 1층,고객센터,고객센터,B1층 대합실
S1_2_0359,2호선,신도림,B2,-2,지하 2층,엘리베이터,일반승강기,[2호기]대림방면3-2
S1_2_0359,2호선,신도림,B2,-2,지하 2층,엘리베이터,일반승강기,"[1호기]대림방면4-4,문래방면7-4"
S1_2_0359,2호선,신도림,B2,-2,지하 2층,승강장,2호선 승강장 (문래·신도림 방면),섬식
S1_2_0359,2호선,신도림,B2,-2,지하 2층,승강장,2호선 승강장 (대림·도림천 방면),섬식
S1_2_0130,2호선,대림,3F,3,지상 3층,엘리베이터,일반승강기,[4호기]신도림방면8-3
S1_2_0130,2호선,대림,3F,3,지상 3층,엘리베이터,일반승강기,[3호기]구로디지털단지방면3-2
S1_2_0130,2호선,대림,3F,3,지상 3층,승강장,2호선 승강장 (구로디지털단지 방면),상대식
S1_2_0130,2호선,대림,3F,3,지상 3층,승강장,2호선 승강장 (신도림 방면),상대식
S1_2_0130,2호선,대림,2F,2,지상 2층,대합실,대합실,
S1_2_0130,2호선,대림,2F,2,지상 2층,개찰구,표 내는 곳,
S1_2_0130,2호선,대림,2F,2,지상 2층,엘리베이터,일반승강기,[3호기]구로디지털단지방면3-2
S1_2_0130,2호선,대림,2F,2,지상 2층,엘리베이터,일반승강기,[4호기]신도림방면8-3
S1_2_0130,2호선,대림,2F,2,지상 2층,엘리베이터,일반승강기,[1호기]7번출구측
S1_2_0130,2호선,대림,2F,2,지상 2층,엘리베이터,일반승강기,[2호기]4번출구측
S1_2_0130,2호선,대림,2F,2,지상 2층,전동휠체어충전설비,전동휠체어충전설비,"1,2번출구쪽 비상게이트통과후 약4M전방"
S1_2_0130,2호선,대림,2F,2,지상 2층,화장실,일반화장실(남),"지상2층, 대합실 중앙(표 내는 곳 내부)"
S1_2_0130,2호선,대림,2F,2,지상 2층,화장실,일반화장실(여),"지상2층, 대합실 중앙(표 내는 곳 내부)"
S1_2_0130,2호선,대림,2F,2,지상 2층,화장실,장애인화장실(남),"지상2층, 대합실 중앙(표 내는 곳 내부)"
S1_2_0130,2호선,대림,2F,2,지상 2층,화장실,장애인화장실(여),"지상2층, 대합실 중앙(표 내는 곳 내부)"
S1_2_0130,2호선,대림,2F,2,지상 2층,고객센터,고객센터,2층 대합실
S1_2_0130,2호선,대림,2F,2,지상 2층,수유실,수유실,2F 고객안전실  인접
S1_2_0130,2호선,대림,1F,1,지상 1층,엘리베이터,일반승강기,[1호기]7번출구측
S1_2_0130,2호선,대림,1F,1,지상 1층,엘리베이터,일반승강기,[2호기]4번출구측
S1_2_0130,2호선,대림,1F,1,지상 1층,출입구,2번 출입구,
S1_2_0130,2호선,대림,1F,1,지상 1층,출입구,4번 출입구,교통약자 동선 연결
S1_2_0130,2호선,대림,1F,1,지상 1층,출입구,7번 출입구,
S1_2_0130,2호선,대림,1F,1,지상 1층,출입구,8번 출입구,교통약자 동선 연결
S1_2_0070,2호선,구로디지털단지,3F,3,지상 3층,엘리베이터,일반승강기,[3호기]6번출구측
S1_2_0070,2호선,구로디지털단지,3F,3,지상 3층,엘리베이터,일반승강기,[2호기]대림방면7-4
S1_2_0070,2호선,구로디지털단지,3F,3,지상 3층,승강장,2호선 승강장 (신대방 방면),상대식
S1_2_0070,2호선,구로디지털단지,3F,3,지상 3층,승강장,2호선 승강장 (대림 방면),상대식
S1_2_0070,2호선,구로디지털단지,2F,2,지상 2층,대합실,대합실,
S1_2_0070,2호선,구로디지털단지,2F,2,지상 2층,개찰구,표 내는 곳,
S1_2_0070,2호선,구로디지털단지,2F,2,지상 2층,엘리베이터,일반승강기,[3호기]6번출구측
S1_2_0070,2호선,구로디지털단지,2F,2,지상 2층,엘리베이터,일반승강기,[2호기]대림방면7-4
S1_2_0070,2호선,구로디지털단지,2F,2,지상 2층,엘리베이터,일반승강기,[1호기]신대방방면3-4
S1_2_0070,2호선,구로디지털단지,2F,2,지상 2층,엘리베이터,일반승강기,"[4호기]2,3번출구사이"
S1_2_0070,2호선,구로디지털단지,2F,2,지상 2층,화장실,일반화장실(남),"지상2층, 역무실 앞 (표 내는 곳 내부)"
S1_2_0070,2호선,구로디지털단지,2F,2,지상 2층,화장실,일반화장실(여),"지상2층, 역무실 앞 (표 내는 곳 내부)"
S1_2_0070,2호선,구로디지털단지,2F,2,지상 2층,화장실,장애인화장실(남),"지상2층, 역무실 앞 (표 내는 곳 내부)"
S1_2_0070,2호선,구로디지털단지,2F,2,지상 2층,화장실,장애인화장실(여),"지상2층, 역무실 앞 (표 내는 곳 내부)"
S1_2_0070,2호선,구로디지털단지,2F,2,지상 2층,고객센터,고객센터,2층 대합실
S1_2_0070,2호선,구로디지털단지,1F,1,지상 1층,엘리베이터,일반승강기,[1호기]신대방방면3-4
S1_2_0070,2호선,구로디지털단지,1F,1,지상 1층,엘리베이터,일반승강기,"[4호기]2,3번출구사이"
S1_2_0070,2호선,구로디지털단지,1F,1,지상 1층,출입구,1번 출입구,교통약자 동선 연결
S1_2_0070,2호선,구로디지털단지,1F,1,지상 1층,출입구,3번 출입구,교통약자 동선 연결
S1_2_0070,2호선,구로디지털단지,1F,1,지상 1층,출입구,6번 출입구,
S1_2_0357,2호선,신대방,3F,3,지상 3층,엘리베이터,일반승강기,[2호기]구로디지털단지방면8-1
S1_2_0357,2호선,신대방,3F,3,지상 3층,엘리베이터,일반승강기,[1호기]신림방면3-4
S1_2_0357,2호선,신대방,3F,3,지상 3층,승강장,2호선 승강장 (신림 방면),상대식
S1_2_0357,2호선,신대방,3F,3,지상 3층,승강장,2호선 승강장 (구로디지털단지 방면),상대식
S1_2_0357,2호선,신대방,2F,2,지상 2층,대합실,대합실,
S1_2_0357,2호선,신대방,2F,2,지상 2층,개찰구,표 내는 곳,
S1_2_0357,2호선,신대방,2F,2,지상 2층,엘리베이터,일반승강기,[1호기]신림방면3-4
S1_2_0357,2호선,신대방,2F,2,지상 2층,엘리베이터,일반승강기,[2호기]구로디지털단지방면8-1
S1_2_0357,2호선,신대방,2F,2,지상 2층,엘리베이터,일반승강기,[3호기]1번출구측
S1_2_0357,2호선,신대방,2F,2,지상 2층,화장실,일반화장실(남),"대합실 2층 역무실쪽(1,2번출입구쪽), 표 내는 곳 내부"
S1_2_0357,2호선,신대방,2F,2,지상 2층,화장실,일반화장실(여),"대합실 2층 역무실쪽(1,2번출입구쪽), 표 내는 곳 내부"
S1_2_0357,2호선,신대방,2F,2,지상 2층,화장실,장애인화장실(남),"대합실 2층 역무실쪽(1,2번출입구쪽), 표 내는 곳 내부"
S1_2_0357,2호선,신대방,2F,2,지상 2층,화장실,장애인화장실(여),"대합실 2층 역무실쪽(1,2번출입구쪽), 표 내는 곳 내부"
S1_2_0357,2호선,신대방,2F,2,지상 2층,고객센터,고객센터,2층 대합실
S1_2_0357,2호선,신대방,1F,1,지상 1층,엘리베이터,일반승강기,[3호기]1번출구측
S1_2_0357,2호선,신대방,1F,1,지상 1층,출입구,1번 출입구,교통약자 동선 연결
S1_2_0357,2호선,신대방,1F,1,지상 1층,출입구,2번 출입구,
S1_2_0361,2호선,신림,1F,1,지상 1층,엘리베이터,일반승강기,[3호기]5번출구측
S1_2_0361,2호선,신림,1F,1,지상 1층,엘리베이터,일반승강기,[2호기]1번출구측
S1_2_0361,2호선,신림,1F,1,지상 1층,출입구,1번 출입구,교통약자 동선 연결
S1_2_0361,2호선,신림,1F,1,지상 1층,출입구,4번 출입구,
S1_2_0361,2호선,신림,1F,1,지상 1층,출입구,5번 출입구,교통약자 동선 연결
S1_2_0361,2호선,신림,B1,-1,지하 1층,대합실,대합실,
S1_2_0361,2호선,신림,B1,-1,지하 1층,개찰구,표 내는 곳,
S1_2_0361,2호선,신림,B1,-1,지하 1층,엘리베이터,일반승강기,[2호기]1번출구측
S1_2_0361,2호선,신림,B1,-1,지하 1층,엘리베이터,일반승강기,[3호기]5번출구측
S1_2_0361,2호선,신림,B1,-1,지하 1층,엘리베이터,일반승강기,"[1호기]신대방방면2-3,봉천방면7-4"
S1_2_0361,2호선,신림,B1,-1,지하 1층,화장실,일반화장실(남),"대합실 1층 역무실 맞은편(3,4번출입구쪽),표 내는 곳 내부"
S1_2_0361,2호선,신림,B1,-1,지하 1층,화장실,일반화장실(여),"대합실 1층 역무실 맞은편(3,4번출입구쪽),표 내는 곳 내부"
S1_2_0361,2호선,신림,B1,-1,지하 1층,화장실,장애인화장실(남),"대합실 1층 역무실 맞은편(3,4번출입구쪽),표 내는 곳 내부"
S1_2_0361,2호선,신림,B1,-1,지하 1층,화장실,장애인화장실(여),"대합실 1층 역무실 맞은편(3,4번출입구쪽),표 내는 곳 내부"
S1_2_0361,2호선,신림,B1,-1,지하 1층,고객센터,고객센터,B1층 대합실
S1_2_0361,2호선,신림,B1,-1,지하 1층,수유실,수유실,B1 고객안전실 방면 게이트 옆
S1_2_0361,2호선,신림,B2,-2,지하 2층,엘리베이터,일반승강기,"[1호기]신대방방면2-3,봉천방면7-4"
S1_2_0361,2호선,신림,B2,-2,지하 2층,승강장,2호선 승강장 (봉천 방면),섬식
S1_2_0361,2호선,신림,B2,-2,지하 2층,승강장,2호선 승강장 (신대방 방면),섬식
S1_2_0361,2호선,신림,B3,-3,지하 3층,환승승강장,신림선 승강장 (당곡 방면),신림선
S1_2_0361,2호선,신림,B3,-3,지하 3층,환승승강장,신림선 승강장 (서원 방면),신림선
S1_2_0242,2호선,봉천,1F,1,지상 1층,엘리베이터,일반승강기,[2호기]4번출구측
S1_2_0242,2호선,봉천,1F,1,지상 1층,출입구,4번 출입구,교통약자 동선 연결
S1_2_0242,2호선,봉천,1F,1,지상 1층,출입구,6번 출입구,
S1_2_0242,2호선,봉천,B1,-1,지하 1층,대합실,대합실,
S1_2_0242,2호선,봉천,B1,-1,지하 1층,개찰구,표 내는 곳,
S1_2_0242,2호선,봉천,B1,-1,지하 1층,엘리베이터,일반승강기,[2호기]4번출구측
S1_2_0242,2호선,봉천,B1,-1,지하 1층,엘리베이터,일반승강기,"[1호기]신림방면4-4,서울대방면7-4"
S1_2_0242,2호선,봉천,B1,-1,지하 1층,화장실,일반화장실(남),"대합실1층, 안내부스맞은편(1,6번출입구쪽)표 내는 곳 외부"
S1_2_0242,2호선,봉천,B1,-1,지하 1층,화장실,일반화장실(여),"대합실1층, 안내부스맞은편(1,6번출입구쪽)표 내는 곳 외부"
S1_2_0242,2호선,봉천,B1,-1,지하 1층,화장실,장애인화장실(남),"대합실1층, 안내부스맞은편(1,6번출입구쪽)표 내는 곳 외부"
S1_2_0242,2호선,봉천,B1,-1,지하 1층,화장실,장애인화장실(여),"대합실1층, 안내부스맞은편(1,6번출입구쪽)표 내는 곳 외부"
S1_2_0242,2호선,봉천,B1,-1,지하 1층,고객센터,고객센터,B1층 대합실
S1_2_0242,2호선,봉천,B2,-2,지하 2층,엘리베이터,일반승강기,"[1호기]신림방면4-4,서울대방면7-4"
S1_2_0242,2호선,봉천,B2,-2,지하 2층,승강장,2호선 승강장 (서울대입구 방면),섬식
S1_2_0242,2호선,봉천,B2,-2,지하 2층,승강장,2호선 승강장 (신림 방면),섬식
S1_2_0294,2호선,서울대입구,1F,1,지상 1층,엘리베이터,일반승강기,[3호기]2번출구측
S1_2_0294,2호선,서울대입구,1F,1,지상 1층,엘리베이터,일반승강기,[2호기]6번출구측
S1_2_0294,2호선,서울대입구,B1,-1,지하 1층,엘리베이터,일반승강기,[2호기]6번출구측
S1_2_0294,2호선,서울대입구,B1,-1,지하 1층,엘리베이터,일반승강기,[3호기]2번출구측
S1_2_0294,2호선,서울대입구,B1,-1,지하 1층,엘리베이터,일반승강기,"[1호기]봉천방면6-2,낙성대방면5-3"
S1_2_0294,2호선,서울대입구,B1,-1,지하 1층,화장실,일반화장실(남),"대합실 1층 (7,8번출입구쪽)"
S1_2_0294,2호선,서울대입구,B1,-1,지하 1층,화장실,일반화장실(여),"대합실 1층 (7,8번출입구쪽)"
S1_2_0294,2호선,서울대입구,B1,-1,지하 1층,화장실,장애인화장실(남),"대합실 1층 (7,8번출입구쪽)"
S1_2_0294,2호선,서울대입구,B1,-1,지하 1층,화장실,장애인화장실(여),"대합실 1층 (7,8번출입구쪽)"
S1_2_0294,2호선,서울대입구,B1,-1,지하 1층,고객센터,고객센터,B1층 대합실
S1_2_0294,2호선,서울대입구,B2,-2,지하 2층,엘리베이터,일반승강기,"[1호기]봉천방면6-2,낙성대방면5-3"
S1_2_0294,2호선,서울대입구,B2,-2,지하 2층,출입구,2번 출입구,교통약자 동선 연결
S1_2_0294,2호선,서울대입구,B2,-2,지하 2층,출입구,6번 출입구,교통약자 동선 연결
S1_2_0294,2호선,서울대입구,B2,-2,지하 2층,출입구,8번 출입구,
S1_2_0102,2호선,낙성대,1F,1,지상 1층,엘리베이터,일반승강기,[3호기]6번출구측
S1_2_0102,2호선,낙성대,1F,1,지상 1층,출입구,6번 출입구,교통약자 동선 연결
S1_2_0102,2호선,낙성대,B1,-1,지하 1층,대합실,대합실,
S1_2_0102,2호선,낙성대,B1,-1,지하 1층,개찰구,표 내는 곳,
S1_2_0102,2호선,낙성대,B1,-1,지하 1층,엘리베이터,일반승강기,[3호기]6번출구측
S1_2_0102,2호선,낙성대,B1,-1,지하 1층,엘리베이터,일반승강기,[2호기]서울대입구방면3-3
S1_2_0102,2호선,낙성대,B1,-1,지하 1층,엘리베이터,일반승강기,[1호기]사당방면8-2
S1_2_0102,2호선,낙성대,B1,-1,지하 1층,화장실,일반화장실(남),"대합실 1층 고객안내부스앞(3,4,5,6번출입구쪽)"
S1_2_0102,2호선,낙성대,B1,-1,지하 1층,화장실,일반화장실(여),"대합실 1층 고객안내부스앞(3,4,5,6번출입구쪽)"
S1_2_0102,2호선,낙성대,B1,-1,지하 1층,화장실,장애인화장실(남),"대합실 1층 고객안내부스앞(3,4,5,6번출입구쪽)"
S1_2_0102,2호선,낙성대,B1,-1,지하 1층,화장실,장애인화장실(여),"대합실 1층 고객안내부스앞(3,4,5,6번출입구쪽)"
S1_2_0102,2호선,낙성대,B1,-1,지하 1층,고객센터,고객센터,B1층 대합실
S1_2_0102,2호선,낙성대,B2,-2,지하 2층,엘리베이터,일반승강기,[1호기]사당방면8-2
S1_2_0102,2호선,낙성대,B2,-2,지하 2층,엘리베이터,일반승강기,[2호기]서울대입구방면3-3
S1_2_0102,2호선,낙성대,B2,-2,지하 2층,승강장,2호선 승강장 (사당 방면),상대식
S1_2_0102,2호선,낙성대,B2,-2,지하 2층,승강장,2호선 승강장 (서울대입구 방면),상대식
S1_2_0257,2호선,사당,1F,1,지상 1층,엘리베이터,일반승강기,[3호기]6번출구측
S1_2_0257,2호선,사당,1F,1,지상 1층,엘리베이터,일반승강기,[2호기]14번출구측
S1_2_0257,2호선,사당,1F,1,지상 1층,출입구,2번 출입구,
S1_2_0257,2호선,사당,1F,1,지상 1층,출입구,6번 출입구,교통약자 동선 연결
S1_2_0257,2호선,사당,1F,1,지상 1층,출입구,8번 출입구,
S1_2_0257,2호선,사당,1F,1,지상 1층,출입구,13번 출입구,
S1_2_0257,2호선,사당,1F,1,지상 1층,출입구,14번 출입구,교통약자 동선 연결
S1_2_0257,2호선,사당,B1,-1,지하 1층,대합실,대합실,
S1_2_0257,2호선,사당,B1,-1,지하 1층,개찰구,표 내는 곳,
S1_2_0257,2호선,사당,B1,-1,지하 1층,엘리베이터,일반승강기,[2호기]14번출구측
S1_2_0257,2호선,사당,B1,-1,지하 1층,엘리베이터,일반승강기,[3호기]6번출구측
S1_2_0257,2호선,사당,B1,-1,지하 1층,엘리베이터,일반승강기,[1호기]방배방면4-4
S1_2_0257,2호선,사당,B1,-1,지하 1층,전동휠체어충전설비,전동휠체어충전설비,13번 출입구에서 지하1층으로 내려온 후 40M
S1_2_0257,2호선,사당,B1,-1,지하 1층,화장실,일반화장실(남),"지하1층 대합실 7,8번 출입구 쪽(낙성대측)"
S1_2_0257,2호선,사당,B1,-1,지하 1층,화장실,일반화장실(남),"지하1층 대합실 1,2번 출입구 쪽(방배측)"
S1_2_0257,2호선,사당,B1,-1,지하 1층,화장실,일반화장실(여),"지하1층 대합실 7,8번 출입구 쪽(낙성대측)"
S1_2_0257,2호선,사당,B1,-1,지하 1층,화장실,일반화장실(여),"지하1층 대합실 1,2번 출입구 쪽(방배측)"
S1_2_0257,2호선,사당,B1,-1,지하 1층,화장실,장애인화장실(남),"지하1층 대합실 1,2번 출입구 쪽(방배측)"
S1_2_0257,2호선,사당,B1,-1,지하 1층,화장실,장애인화장실(남),"지하1층 대합실 7,8번 출입구 쪽(낙성대측)"
S1_2_0257,2호선,사당,B1,-1,지하 1층,화장실,장애인화장실(여),"지하1층 대합실 7,8번 출입구 쪽(낙성대측)"
S1_2_0257,2호선,사당,B1,-1,지하 1층,화장실,장애인화장실(여),"지하1층 대합실 1,2번 출입구 쪽(방배측)"
S1_2_0257,2호선,사당,B1,-1,지하 1층,고객센터,고객센터,B1층 대합실
S1_2_0257,2호선,사당,B2,-2,지하 2층,엘리베이터,일반승강기,[1호기]방배방면4-4
S1_2_0257,2호선,사당,B2,-2,지하 2층,승강장,2호선 승강장 (낙성대 방면),상대식
S1_2_0257,2호선,사당,B2,-2,지하 2층,승강장,2호선 승강장 (방배 방면),상대식
S1_2_0257,2호선,사당,B3,-3,지하 3층,환승승강장,4호선 승강장 (총신대입구 방면),4호선
S1_2_0257,2호선,사당,B3,-3,지하 3층,환승승강장,4호선 승강장 (남태령 방면),4호선
S1_2_0218,2호선,방배,1F,1,지상 1층,엘리베이터,일반승강기,[3호기]3번출구측
S1_2_0218,2호선,방배,1F,1,지상 1층,출입구,3번 출입구,교통약자 동선 연결
S1_2_0218,2호선,방배,1F,1,지상 1층,출입구,4번 출입구,
S1_2_0218,2호선,방배,B1,-1,지하 1층,대합실,대합실,
S1_2_0218,2호선,방배,B1,-1,지하 1층,개찰구,표 내는 곳,
S1_2_0218,2호선,방배,B1,-1,지하 1층,엘리베이터,일반승강기,[3호기]3번출구측
S1_2_0218,2호선,방배,B1,-1,지하 1층,엘리베이터,일반승강기,[2호기]사당방면3-1
S1_2_0218,2호선,방배,B1,-1,지하 1층,엘리베이터,일반승강기,[1호기]서초방면8-3
S1_2_0218,2호선,방배,B1,-1,지하 1층,화장실,일반화장실(남),"서초방면 대합실 끝(1,4번 출입구방향),표 내는 곳 외부"
S1_2_0218,2호선,방배,B1,-1,지하 1층,화장실,일반화장실(여),"서초방면 대합실 끝(1,4번 출입구방향),표 내는 곳 외부"
S1_2_0218,2호선,방배,B1,-1,지하 1층,화장실,장애인화장실(남),"서초방면 대합실 끝(1,4번 출입구방향),표 내는 곳 외부"
S1_2_0218,2호선,방배,B1,-1,지하 1층,화장실,장애인화장실(여),"서초방면 대합실 끝(1,4번 출입구방향),표 내는 곳 외부"
S1_2_0218,2호선,방배,B1,-1,지하 1층,고객센터,고객센터,B1층 대합실
S1_2_0218,2호선,방배,B2,-2,지하 2층,엘리베이터,일반승강기,[1호기]서초방면8-3
S1_2_0218,2호선,방배,B2,-2,지하 2층,엘리베이터,일반승강기,[2호기]사당방면3-1
S1_2_0218,2호선,방배,B2,-2,지하 2층,승강장,2호선 승강장 (서초 방면),상대식
S1_2_0218,2호선,방배,B2,-2,지하 2층,승강장,2호선 승강장 (사당 방면),상대식
S1_2_0298,2호선,서초,1F,1,지상 1층,엘리베이터,일반승강기,"[4호기]3,4번출구측"
S1_2_0298,2호선,서초,1F,1,지상 1층,엘리베이터,일반승강기,[3호기]1번출구측
S1_2_0298,2호선,서초,1F,1,지상 1층,출입구,1번 출입구,교통약자 동선 연결
S1_2_0298,2호선,서초,1F,1,지상 1층,출입구,4번 출입구,교통약자 동선 연결
S1_2_0298,2호선,서초,1F,1,지상 1층,출입구,8번 출입구,
S1_2_0298,2호선,서초,B1,-1,지하 1층,대합실,대합실,
S1_2_0298,2호선,서초,B1,-1,지하 1층,개찰구,표 내는 곳,
S1_2_0298,2호선,서초,B1,-1,지하 1층,엘리베이터,일반승강기,"[4호기]3,4번출구측"
S1_2_0298,2호선,서초,B1,-1,지하 1층,엘리베이터,일반승강기,[3호기]1번출구측
S1_2_0298,2호선,서초,B1,-1,지하 1층,엘리베이터,일반승강기,[2호기]방배방면9-1
S1_2_0298,2호선,서초,B1,-1,지하 1층,엘리베이터,일반승강기,[1호기]교대방면2-4
S1_2_0298,2호선,서초,B1,-1,지하 1층,전동휠체어충전설비,전동휠체어충전설비,"3,4번 출구 에스컬레이터 올라가기전 벽면"
S1_2_0298,2호선,서초,B1,-1,지하 1층,화장실,일반화장실(남),"대합실1층 (1,2,7,8번 출입구쪽),표 내는 곳 외부"
S1_2_0298,2호선,서초,B1,-1,지하 1층,화장실,일반화장실(여),"대합실1층 (1,2,7,8번 출입구쪽),표 내는 곳 외부"
S1_2_0298,2호선,서초,B1,-1,지하 1층,화장실,장애인화장실(남),"대합실1층 (1,2,7,8번 출입구쪽),표 내는 곳 외부"
S1_2_0298,2호선,서초,B1,-1,지하 1층,화장실,장애인화장실(여),"대합실1층 (1,2,7,8번 출입구쪽),표 내는 곳 외부"
S1_2_0298,2호선,서초,B1,-1,지하 1층,고객센터,고객센터,B1층 대합실
S1_2_0298,2호선,서초,B2,-2,지하 2층,엘리베이터,일반승강기,[1호기]교대방면2-4
S1_2_0298,2호선,서초,B2,-2,지하 2층,엘리베이터,일반승강기,[2호기]방배방면9-1
S1_2_0298,2호선,서초,B2,-2,지하 2층,승강장,2호선 승강장 (교대 방면),상대식
S1_2_0298,2호선,서초,B2,-2,지하 2층,승강장,2호선 승강장 (방배 방면),상대식
S1_2_0068,2호선,교대,1F,1,지상 1층,엘리베이터,일반승강기,[3호기]5번출구측
S1_2_0068,2호선,교대,1F,1,지상 1층,출입구,5번 출입구,
S1_2_0068,2호선,교대,1F,1,지상 1층,출입구,12번 출입구,교통약자 동선 연결
S1_2_0068,2호선,교대,1F,1,지상 1층,출입구,13번 출입구,교통약자 동선 연결
S1_2_0068,2호선,교대,B1,-1,지하 1층,대합실,대합실,
S1_2_0068,2호선,교대,B1,-1,지하 1층,개찰구,표 내는 곳,
S1_2_0068,2호선,교대,B1,-1,지하 1층,엘리베이터,일반승강기,[3호기]5번출구측
S1_2_0068,2호선,교대,B1,-1,지하 1층,엘리베이터,일반승강기,[2호기]서초방면3-1
S1_2_0068,2호선,교대,B1,-1,지하 1층,엘리베이터,일반승강기,[1호기]강남방면8-4
S1_2_0068,2호선,교대,B1,-1,지하 1층,화장실,일반화장실(남),"대합실 1층 1,2,3,4,번출입구 쪽"
S1_2_0068,2호선,교대,B1,-1,지하 1층,화장실,일반화장실(여),"대합실 1층 1,2,3,4,번출입구 쪽"
S1_2_0068,2호선,교대,B1,-1,지하 1층,화장실,장애인화장실(남),"대합실 1층 1,2,3,4,번출입구 쪽"
S1_2_0068,2호선,교대,B1,-1,지하 1층,화장실,장애인화장실(여),"대합실 1층 1,2,3,4,번출입구 쪽"
S1_2_0068,2호선,교대,B1,-1,지하 1층,고객센터,고객센터,B1층 대합실
S1_2_0068,2호선,교대,B2,-2,지하 2층,엘리베이터,일반승강기,[1호기]강남방면8-4
S1_2_0068,2호선,교대,B2,-2,지하 2층,엘리베이터,일반승강기,[2호기]서초방면3-1
S1_2_0068,2호선,교대,B2,-2,지하 2층,승강장,2호선 승강장 (강남 방면),상대식
S1_2_0068,2호선,교대,B2,-2,지하 2층,승강장,2호선 승강장 (서초 방면),상대식
S1_2_0068,2호선,교대,B3,-3,지하 3층,환승승강장,3호선 승강장 (고속터미널 방면),3호선
S1_2_0068,2호선,교대,B3,-3,지하 3층,환승승강장,3호선 승강장 (남부터미널 방면),3호선
S1_2_0017,2호선,강남,1F,1,지상 1층,엘리베이터,일반승강기,[4호기]10번출구측
S1_2_0017,2호선,강남,1F,1,지상 1층,엘리베이터,일반승강기,[3호기]1번출구측
S1_2_0017,2호선,강남,1F,1,지상 1층,출입구,1번 출입구,교통약자 동선 연결
S1_2_0017,2호선,강남,1F,1,지상 1층,출입구,8번 출입구,교통약자 동선 연결
S1_2_0017,2호선,강남,1F,1,지상 1층,출입구,10번 출입구,교통약자 동선 연결
S1_2_0017,2호선,강남,1F,1,지상 1층,출입구,12번 출입구,
S1_2_0017,2호선,강남,B1,-1,지하 1층,대합실,대합실,
S1_2_0017,2호선,강남,B1,-1,지하 1층,개찰구,표 내는 곳,
S1_2_0017,2호선,강남,B1,-1,지하 1층,엘리베이터,일반승강기,[4호기]10번출구측
S1_2_0017,2호선,강남,B1,-1,지하 1층,엘리베이터,일반승강기,[3호기]1번출구측
S1_2_0017,2호선,강남,B1,-1,지하 1층,엘리베이터,일반승강기,[2호기]교대방면3-4
S1_2_0017,2호선,강남,B1,-1,지하 1층,엘리베이터,일반승강기,[1호기]역삼방면8-1
S1_2_0017,2호선,강남,B1,-1,지하 1층,화장실,일반화장실(남),"대합실 1층 역무실쪽(1,12번출입구쪽),표 내는 곳 내부"
S1_2_0017,2호선,강남,B1,-1,지하 1층,화장실,일반화장실(여),"대합실 1층 역무실쪽(1,12번출입구쪽),표 내는 곳 내부"
S1_2_0017,2호선,강남,B1,-1,지하 1층,화장실,장애인화장실(남),"대합실 1층 역무실쪽(1,12번출입구쪽),표 내는 곳 내부"
S1_2_0017,2호선,강남,B1,-1,지하 1층,화장실,장애인화장실(여),"대합실 1층 역무실쪽(1,12번출입구쪽),표 내는 곳 내부"
S1_2_0017,2호선,강남,B1,-1,지하 1층,고객센터,고객센터,B1층 대합실
S1_2_0017,2호선,강남,B1,-1,지하 1층,수유실,수유실,B1 고객안전실  앞
S1_2_0017,2호선,강남,B2,-2,지하 2층,엘리베이터,일반승강기,[1호기]역삼방면8-1
S1_2_0017,2호선,강남,B2,-2,지하 2층,엘리베이터,일반승강기,[2호기]교대방면3-4
S1_2_0017,2호선,강남,B2,-2,지하 2층,승강장,2호선 승강장 (역삼 방면),상대식
S1_2_0017,2호선,강남,B2,-2,지하 2층,승강장,2호선 승강장 (교대 방면),상대식
S1_2_0017,2호선,강남,B3,-3,지하 3층,대합실,대합실,
S1_2_0017,2호선,강남,B4,-4,지하 4층,환승승강장,신분당선 승강장 (신논현 방면),신분당선
S1_2_0017,2호선,강남,B4,-4,지하 4층,환승승강장,신분당선 승강장 (양재 방면),신분당선
S1_2_0415,2호선,역삼,1F,1,지상 1층,엘리베이터,일반승강기,[4호기]4번출구측
S1_2_0415,2호선,역삼,1F,1,지상 1층,엘리베이터,일반승강기,[3호기]3번출구측
S1_2_0415,2호선,역삼,1F,1,지상 1층,출입구,3번 출입구,교통약자 동선 연결
S1_2_0415,2호선,역삼,1F,1,지상 1층,출입구,4번 출입구,교통약자 동선 연결
S1_2_0415,2호선,역삼,B1,-1,지하 1층,엘리베이터,일반승강기,[4호기]4번출구측
S1_2_0415,2호선,역삼,B1,-1,지하 1층,엘리베이터,일반승강기,[3호기]3번출구측
S1_2_0415,2호선,역삼,B1,-1,지하 1층,엘리베이터,일반승강기,[2호기]강남방면4-1
S1_2_0415,2호선,역삼,B1,-1,지하 1층,엘리베이터,일반승강기,[1호기]선릉방면7-3
S1_2_0415,2호선,역삼,B2,-2,지하 2층,대합실,대합실,
S1_2_0415,2호선,역삼,B2,-2,지하 2층,개찰구,표 내는 곳,
S1_2_0415,2호선,역삼,B2,-2,지하 2층,엘리베이터,일반승강기,[1호기]선릉방면7-3
S1_2_0415,2호선,역삼,B2,-2,지하 2층,엘리베이터,일반승강기,[2호기]강남방면4-1
S1_2_0415,2호선,역삼,B2,-2,지하 2층,화장실,일반화장실(남),대합실 2층 통로 중앙
S1_2_0415,2호선,역삼,B2,-2,지하 2층,화장실,일반화장실(여),대합실 2층 통로 중앙
S1_2_0415,2호선,역삼,B2,-2,지하 2층,화장실,장애인화장실(남),대합실 2층 통로 중앙
S1_2_0415,2호선,역삼,B2,-2,지하 2층,화장실,장애인화장실(여),대합실 2층 통로 중앙
S1_2_0415,2호선,역삼,B2,-2,지하 2층,고객센터,고객센터,B2층 대합실
S1_2_0415,2호선,역삼,B3,-3,지하 3층,승강장,2호선 승강장 (강남 방면),상대식
S1_2_0415,2호선,역삼,B3,-3,지하 3층,승강장,2호선 승강장 (선릉 방면),상대식
S1_2_0415,2호선,역삼,B3,-3,지하 3층,환승승강장,선 승강장 (릉 방면),선
S1_2_0306,2호선,선릉,1F,1,지상 1층,엘리베이터,일반승강기,[1호기]1번출구측
S1_2_0306,2호선,선릉,1F,1,지상 1층,엘리베이터,일반승강기,[3호기]10번출구측
S1_2_0306,2호선,선릉,1F,1,지상 1층,엘리베이터,일반승강기,[2호기]5번출구측
S1_2_0306,2호선,선릉,1F,1,지상 1층,출입구,1번 출입구,교통약자 동선 연결
S1_2_0306,2호선,선릉,1F,1,지상 1층,출입구,5번 출입구,교통약자 동선 연결
S1_2_0306,2호선,선릉,1F,1,지상 1층,출입구,10번 출입구,교통약자 동선 연결
S1_2_0306,2호선,선릉,B1,-1,지하 1층,대합실,대합실,
S1_2_0306,2호선,선릉,B1,-1,지하 1층,개찰구,표 내는 곳,
S1_2_0306,2호선,선릉,B1,-1,지하 1층,엘리베이터,일반승강기,[1호기]1번출구측
S1_2_0306,2호선,선릉,B1,-1,지하 1층,엘리베이터,일반승강기,[2호기]5번출구측
S1_2_0306,2호선,선릉,B1,-1,지하 1층,엘리베이터,일반승강기,[3호기]10번출구측
S1_2_0306,2호선,선릉,B1,-1,지하 1층,전동휠체어충전설비,전동휠체어충전설비,대합실 1번 출구쪽 화장실앞
S1_2_0306,2호선,선릉,B1,-1,지하 1층,화장실,일반화장실(남),대합실 1층 1번출입구 앞
S1_2_0306,2호선,선릉,B1,-1,지하 1층,화장실,일반화장실(여),대합실 1층 1번출입구 앞
S1_2_0306,2호선,선릉,B1,-1,지하 1층,화장실,장애인화장실(남),대합실 1층 1번출입구 앞
S1_2_0306,2호선,선릉,B1,-1,지하 1층,화장실,장애인화장실(여),대합실 1층 1번출입구 앞
S1_2_0306,2호선,선릉,B1,-1,지하 1층,고객센터,고객센터,B1층 대합실
S1_2_0306,2호선,선릉,B2,-2,지하 2층,승강장,2호선 승강장 (역삼 방면),상대식
S1_2_0306,2호선,선릉,B2,-2,지하 2층,승강장,2호선 승강장 (삼성 방면),상대식
S1_2_0306,2호선,선릉,B3,-3,지하 3층,환승승강장,수인분당선 승강장 (선정릉 방면),수인분당선
S1_2_0306,2호선,선릉,B3,-3,지하 3층,환승승강장,수인분당선 승강장 (한티 방면),수인분당선
S1_2_0266,2호선,삼성,1F,1,지상 1층,엘리베이터,일반승강기,[2호기]1번출구측
S1_2_0266,2호선,삼성,1F,1,지상 1층,엘리베이터,일반승강기,[4호기]4번출구측
S1_2_0266,2호선,삼성,1F,1,지상 1층,엘리베이터,일반승강기,[3호기]6번출구측
S1_2_0266,2호선,삼성,1F,1,지상 1층,출입구,1번 출입구,교통약자 동선 연결
S1_2_0266,2호선,삼성,1F,1,지상 1층,출입구,4번 출입구,교통약자 동선 연결
S1_2_0266,2호선,삼성,1F,1,지상 1층,출입구,6번 출입구,교통약자 동선 연결
S1_2_0266,2호선,삼성,B1,-1,지하 1층,대합실,대합실,
S1_2_0266,2호선,삼성,B1,-1,지하 1층,개찰구,표 내는 곳,
S1_2_0266,2호선,삼성,B1,-1,지하 1층,엘리베이터,일반승강기,[2호기]1번출구측
S1_2_0266,2호선,삼성,B1,-1,지하 1층,엘리베이터,일반승강기,[3호기]6번출구측
S1_2_0266,2호선,삼성,B1,-1,지하 1층,엘리베이터,일반승강기,[4호기]4번출구측
S1_2_0266,2호선,삼성,B1,-1,지하 1층,엘리베이터,일반승강기,"[1호기]종합운동장방면3-1,선릉방면8-4"
S1_2_0266,2호선,삼성,B1,-1,지하 1층,화장실,일반화장실(남),대합실 1층 통로 중앙
S1_2_0266,2호선,삼성,B1,-1,지하 1층,화장실,일반화장실(여),대합실 1층 통로 중앙
S1_2_0266,2호선,삼성,B1,-1,지하 1층,화장실,장애인화장실(남),대합실 1층 통로 중앙
S1_2_0266,2호선,삼성,B1,-1,지하 1층,화장실,장애인화장실(여),대합실 1층 통로 중앙
S1_2_0266,2호선,삼성,B1,-1,지하 1층,고객센터,고객센터,B1층 대합실
S1_2_0266,2호선,삼성,B1,-1,지하 1층,수유실,수유실,B1 아이센터 옆
S1_2_0266,2호선,삼성,B2,-2,지하 2층,엘리베이터,일반승강기,"[1호기]종합운동장방면3-1,선릉방면8-4"
S1_2_0266,2호선,삼성,B2,-2,지하 2층,승강장,2호선 승강장 (선릉 방면),섬식
S1_2_0266,2호선,삼성,B2,-2,지하 2층,승강장,2호선 승강장 (종합운동장 방면),섬식
S1_2_0266,2호선,삼성,B2,-2,지하 2층,환승승강장,선 승강장 (릉 방면),선
S1_2_0518,2호선,종합운동장,1F,1,지상 1층,엘리베이터,일반승강기,[3호기]6번출구측
S1_2_0518,2호선,종합운동장,1F,1,지상 1층,출입구,2번 출입구,
S1_2_0518,2호선,종합운동장,1F,1,지상 1층,출입구,5번 출입구,
S1_2_0518,2호선,종합운동장,1F,1,지상 1층,출입구,6번 출입구,교통약자 동선 연결
S1_2_0518,2호선,종합운동장,B1,-1,지하 1층,대합실,대합실,
S1_2_0518,2호선,종합운동장,B1,-1,지하 1층,개찰구,표 내는 곳,
S1_2_0518,2호선,종합운동장,B1,-1,지하 1층,엘리베이터,일반승강기,[3호기]6번출구측
S1_2_0518,2호선,종합운동장,B1,-1,지하 1층,엘리베이터,일반승강기,[2호기]삼성방면8-4
S1_2_0518,2호선,종합운동장,B1,-1,지하 1층,엘리베이터,일반승강기,[1호기]잠실새내방면2-4
S1_2_0518,2호선,종합운동장,B1,-1,지하 1층,화장실,일반화장실(남),대합실 1층 5번 출입구 앞 (삼성측)
S1_2_0518,2호선,종합운동장,B1,-1,지하 1층,화장실,일반화장실(남),"대합실 1층 1,2번출입구 앞 (잠실새내측)"
S1_2_0518,2호선,종합운동장,B1,-1,지하 1층,화장실,일반화장실(여),대합실 1층 5번 출입구 앞 (삼성측)
S1_2_0518,2호선,종합운동장,B1,-1,지하 1층,화장실,일반화장실(여),"대합실 1층 1,2번출입구 앞 (잠실새내측)"
S1_2_0518,2호선,종합운동장,B1,-1,지하 1층,화장실,장애인화장실(남),"대합실 1층 1,2번출입구 앞 (잠실새내측)"
S1_2_0518,2호선,종합운동장,B1,-1,지하 1층,화장실,장애인화장실(남),대합실 1층 5번 출입구 앞 (삼성측)
S1_2_0518,2호선,종합운동장,B1,-1,지하 1층,화장실,장애인화장실(여),대합실 1층 5번 출입구 앞 (삼성측)
S1_2_0518,2호선,종합운동장,B1,-1,지하 1층,화장실,장애인화장실(여),"대합실 1층 1,2번출입구 앞 (잠실새내측)"
S1_2_0518,2호선,종합운동장,B1,-1,지하 1층,고객센터,고객센터,B1층 대합실
S1_2_0518,2호선,종합운동장,B2,-2,지하 2층,대합실,대합실,
S1_2_0518,2호선,종합운동장,B2,-2,지하 2층,엘리베이터,일반승강기,[2호기]삼성방면8-4
S1_2_0518,2호선,종합운동장,B2,-2,지하 2층,엘리베이터,일반승강기,[1호기]잠실새내방면2-4
S1_2_0518,2호선,종합운동장,B2,-2,지하 2층,승강장,2호선 승강장 (잠실새내 방면),상대식
S1_2_0518,2호선,종합운동장,B2,-2,지하 2층,승강장,2호선 승강장 (삼성 방면),상대식
S1_2_0518,2호선,종합운동장,B4,-4,지하 4층,환승승강장,9호선 승강장 (삼전 방면),9호선
S1_2_0518,2호선,종합운동장,B4,-4,지하 4층,환승승강장,9호선 승강장 (봉은사 방면),9호선
S1_2_0499,2호선,잠실새내,1F,1,지상 1층,엘리베이터,일반승강기,[4호기]2번출구측
S1_2_0499,2호선,잠실새내,1F,1,지상 1층,엘리베이터,일반승강기,[3호기]7번출구측
S1_2_0499,2호선,잠실새내,1F,1,지상 1층,출입구,2번 출입구,교통약자 동선 연결
S1_2_0499,2호선,잠실새내,1F,1,지상 1층,출입구,7번 출입구,교통약자 동선 연결
S1_2_0499,2호선,잠실새내,B1,-1,지하 1층,대합실,대합실,
S1_2_0499,2호선,잠실새내,B1,-1,지하 1층,개찰구,표 내는 곳,
S1_2_0499,2호선,잠실새내,B1,-1,지하 1층,엘리베이터,일반승강기,[4호기]2번출구측
S1_2_0499,2호선,잠실새내,B1,-1,지하 1층,엘리베이터,일반승강기,[3호기]7번출구측
S1_2_0499,2호선,잠실새내,B1,-1,지하 1층,엘리베이터,일반승강기,[2호기]종합운동장방면4-1
S1_2_0499,2호선,잠실새내,B1,-1,지하 1층,엘리베이터,일반승강기,[1호기]잠실방면7-3
S1_2_0499,2호선,잠실새내,B1,-1,지하 1층,화장실,일반화장실(남),대합실 1층 2번출입구 앞
S1_2_0499,2호선,잠실새내,B1,-1,지하 1층,화장실,일반화장실(여),대합실 1층 2번출입구 앞
S1_2_0499,2호선,잠실새내,B1,-1,지하 1층,화장실,장애인화장실(남),대합실 1층 2번출입구 앞
S1_2_0499,2호선,잠실새내,B1,-1,지하 1층,화장실,장애인화장실(여),대합실 1층 2번출입구 앞
S1_2_0499,2호선,잠실새내,B1,-1,지하 1층,고객센터,고객센터,B1층 대합실
S1_2_0499,2호선,잠실새내,B2,-2,지하 2층,엘리베이터,일반승강기,[1호기]잠실방면7-3
S1_2_0499,2호선,잠실새내,B2,-2,지하 2층,엘리베이터,일반승강기,[2호기]종합운동장방면4-1
S1_2_0499,2호선,잠실새내,B2,-2,지하 2층,승강장,2호선 승강장 (종합운동장 방면),상대식
S1_2_0499,2호선,잠실새내,B2,-2,지하 2층,승강장,2호선 승강장 (잠실 방면),상대식
S1_2_0497,2호선,잠실,1F,1,지상 1층,엘리베이터,일반승강기,[4호기]1번출구측
S1_2_0497,2호선,잠실,1F,1,지상 1층,엘리베이터,일반승강기,[3호기]6번출구측
S1_2_0497,2호선,잠실,1F,1,지상 1층,출입구,1번 출입구,교통약자 동선 연결
S1_2_0497,2호선,잠실,1F,1,지상 1층,출입구,2번 출입구,
S1_2_0497,2호선,잠실,1F,1,지상 1층,출입구,6번 출입구,
S1_2_0497,2호선,잠실,B1,-1,지하 1층,대합실,대합실,
S1_2_0497,2호선,잠실,B1,-1,지하 1층,개찰구,표 내는 곳,
S1_2_0497,2호선,잠실,B1,-1,지하 1층,엘리베이터,일반승강기,[3호기]6번출구측
S1_2_0497,2호선,잠실,B1,-1,지하 1층,엘리베이터,일반승강기,[4호기]1번출구측
S1_2_0497,2호선,잠실,B1,-1,지하 1층,엘리베이터,일반승강기,[2호기]잠실새내방면6-3
S1_2_0497,2호선,잠실,B1,-1,지하 1층,엘리베이터,일반승강기,[1호기]잠실나루방면5-2
S1_2_0497,2호선,잠실,B1,-1,지하 1층,휠체어리프트,휠체어리프트,잠실쇼핑센터 측 연결계단
S1_2_0497,2호선,잠실,B1,-1,지하 1층,화장실,일반화장실(남),"대합실 1층 1,2번출입구 앞 "
S1_2_0497,2호선,잠실,B1,-1,지하 1층,화장실,일반화장실(여),"대합실 1층 1,2번출입구 앞 "
S1_2_0497,2호선,잠실,B1,-1,지하 1층,화장실,장애인화장실(남),"대합실 1층 1,2번출입구 앞 "
S1_2_0497,2호선,잠실,B1,-1,지하 1층,화장실,장애인화장실(여),"대합실 1층 1,2번출입구 앞 "
S1_2_0497,2호선,잠실,B1,-1,지하 1층,고객센터,고객센터,B1층 대합실
S1_2_0497,2호선,잠실,B1,-1,지하 1층,수유실,수유실,B1 8호선 연결통로방면 게이트 옆
S1_2_0497,2호선,잠실,B2,-2,지하 2층,엘리베이터,일반승강기,[1호기]잠실나루방면5-2
S1_2_0497,2호선,잠실,B2,-2,지하 2층,엘리베이터,일반승강기,[2호기]잠실새내방면6-3
S1_2_0497,2호선,잠실,B2,-2,지하 2층,승강장,2호선 승강장 (잠실새내 방면),상대식
S1_2_0497,2호선,잠실,B2,-2,지하 2층,승강장,2호선 승강장 (잠실나루 방면),상대식
S1_2_0497,2호선,잠실,B3,-3,지하 3층,환승승강장,8호선 승강장 (몽촌토성 방면),8호선
S1_2_0497,2호선,잠실,B3,-3,지하 3층,환승승강장,8호선 승강장 (석촌 방면),8호선
S1_2_0498,2호선,잠실나루,2F,2,지상 2층,엘리베이터,일반승강기,[1호기]강변방면3-4
S1_2_0498,2호선,잠실나루,2F,2,지상 2층,엘리베이터,일반승강기,[2호기]잠실방면8-1
S1_2_0498,2호선,잠실나루,2F,2,지상 2층,승강장,2호선 승강장 (강변 방면),상대식
S1_2_0498,2호선,잠실나루,2F,2,지상 2층,승강장,2호선 승강장 (잠실 방면),상대식
S1_2_0498,2호선,잠실나루,1F,1,지상 1층,대합실,대합실,
S1_2_0498,2호선,잠실나루,1F,1,지상 1층,개찰구,표 내는 곳,
S1_2_0498,2호선,잠실나루,1F,1,지상 1층,엘리베이터,일반승강기,[1호기]강변방면3-4
S1_2_0498,2호선,잠실나루,1F,1,지상 1층,엘리베이터,일반승강기,[2호기]잠실방면8-1
S1_2_0498,2호선,잠실나루,1F,1,지상 1층,화장실,일반화장실(남),대합실 1층 통로 중앙
S1_2_0498,2호선,잠실나루,1F,1,지상 1층,화장실,일반화장실(여),대합실 1층 통로 중앙
S1_2_0498,2호선,잠실나루,1F,1,지상 1층,화장실,장애인화장실(남),대합실 1층 통로 중앙
S1_2_0498,2호선,잠실나루,1F,1,지상 1층,화장실,장애인화장실(여),대합실 1층 통로 중앙
S1_2_0498,2호선,잠실나루,1F,1,지상 1층,고객센터,고객센터,1층 대합실
S1_2_0498,2호선,잠실나루,1F,1,지상 1층,출입구,1번 출입구,교통약자 동선 연결
S1_2_0498,2호선,잠실나루,1F,1,지상 1층,출입구,2번 출입구,교통약자 동선 연결
S1_2_0498,2호선,잠실나루,1F,1,지상 1층,출입구,3번 출입구,교통약자 동선 연결
S1_2_0498,2호선,잠실나루,1F,1,지상 1층,출입구,4번 출입구,교통약자 동선 연결
S1_2_0023,2호선,강변,2F,2,지상 2층,엘리베이터,일반승강기,[1호기]구의방면4-2
S1_2_0023,2호선,강변,2F,2,지상 2층,엘리베이터,일반승강기,[2호기]잠실나루방면7-3
S1_2_0023,2호선,강변,2F,2,지상 2층,승강장,2호선 승강장 (잠실나루 방면),상대식
S1_2_0023,2호선,강변,2F,2,지상 2층,승강장,2호선 승강장 (구의 방면),상대식
S1_2_0023,2호선,강변,1F,1,지상 1층,대합실,대합실,
S1_2_0023,2호선,강변,1F,1,지상 1층,개찰구,표 내는 곳,
S1_2_0023,2호선,강변,1F,1,지상 1층,엘리베이터,일반승강기,[1호기]구의방면4-2
S1_2_0023,2호선,강변,1F,1,지상 1층,엘리베이터,일반승강기,[2호기]잠실나루방면7-3
S1_2_0023,2호선,강변,1F,1,지상 1층,화장실,일반화장실(남),대합실 1층 통로 중앙
S1_2_0023,2호선,강변,1F,1,지상 1층,화장실,일반화장실(여),대합실 1층 통로 중앙
S1_2_0023,2호선,강변,1F,1,지상 1층,화장실,장애인화장실(남),대합실 1층 통로 중앙
S1_2_0023,2호선,강변,1F,1,지상 1층,화장실,장애인화장실(여),대합실 1층 통로 중앙
S1_2_0023,2호선,강변,1F,1,지상 1층,고객센터,고객센터,1층 대합실
S1_2_0023,2호선,강변,1F,1,지상 1층,수유실,수유실,2번출구방면 게이트 안쪽
S1_2_0023,2호선,강변,1F,1,지상 1층,출입구,1번 출입구,교통약자 동선 연결
S1_2_0023,2호선,강변,1F,1,지상 1층,출입구,2번 출입구,교통약자 동선 연결
S1_2_0023,2호선,강변,1F,1,지상 1층,출입구,3번 출입구,교통약자 동선 연결
S1_2_0023,2호선,강변,1F,1,지상 1층,출입구,4번 출입구,교통약자 동선 연결
S1_2_0076,2호선,구의,3F,3,지상 3층,개찰구,표 내는 곳,
S1_2_0076,2호선,구의,3F,3,지상 3층,엘리베이터,일반승강기,[1호기]건대입구방면4-3
S1_2_0076,2호선,구의,3F,3,지상 3층,엘리베이터,일반승강기,"[2호기]강변방면7-2,2번출구측"
S1_2_0076,2호선,구의,3F,3,지상 3층,승강장,2호선 승강장 (강변 방면),상대식
S1_2_0076,2호선,구의,3F,3,지상 3층,승강장,2호선 승강장 (건대입구 방면),상대식
S1_2_0076,2호선,구의,2F,2,지상 2층,대합실,대합실,
S1_2_0076,2호선,구의,2F,2,지상 2층,개찰구,표 내는 곳,
S1_2_0076,2호선,구의,2F,2,지상 2층,엘리베이터,일반승강기,[1호기]건대입구방면4-3
S1_2_0076,2호선,구의,2F,2,지상 2층,화장실,일반화장실(남),대합실 2층 통로 중앙
S1_2_0076,2호선,구의,2F,2,지상 2층,화장실,일반화장실(여),대합실 2층 통로 중앙
S1_2_0076,2호선,구의,2F,2,지상 2층,화장실,장애인화장실(남),대합실 2층 통로 중앙
S1_2_0076,2호선,구의,2F,2,지상 2층,화장실,장애인화장실(여),대합실 2층 통로 중앙
S1_2_0076,2호선,구의,2F,2,지상 2층,고객센터,고객센터,2층 대합실
S1_2_0076,2호선,구의,1F,1,지상 1층,엘리베이터,일반승강기,"[2호기]강변방면7-2,2번출구측"
S1_2_0076,2호선,구의,1F,1,지상 1층,출입구,2번 출입구,교통약자 동선 연결
S1_2_0031,2호선,건대입구,3F,3,지상 3층,개찰구,표 내는 곳,
S1_2_0031,2호선,건대입구,3F,3,지상 3층,엘리베이터,일반승강기,"[2호기]구의방면7-3,6번출구측"
S1_2_0031,2호선,건대입구,3F,3,지상 3층,엘리베이터,일반승강기,[1호기]성수방면5-4
S1_2_0031,2호선,건대입구,3F,3,지상 3층,승강장,2호선 승강장 (구의 방면),상대식
S1_2_0031,2호선,건대입구,3F,3,지상 3층,승강장,2호선 승강장 (성수 방면),상대식
S1_2_0031,2호선,건대입구,2F,2,지상 2층,대합실,대합실,
S1_2_0031,2호선,건대입구,2F,2,지상 2층,개찰구,표 내는 곳,
S1_2_0031,2호선,건대입구,2F,2,지상 2층,엘리베이터,일반승강기,[1호기]성수방면5-4
S1_2_0031,2호선,건대입구,2F,2,지상 2층,전동휠체어충전설비,전동휠체어충전설비,대합실 위생자판기 옆
S1_2_0031,2호선,건대입구,2F,2,지상 2층,화장실,일반화장실(남),대합실 2층 통로 중앙
S1_2_0031,2호선,건대입구,2F,2,지상 2층,화장실,일반화장실(여),대합실 2층 통로 중앙
S1_2_0031,2호선,건대입구,2F,2,지상 2층,화장실,장애인화장실(남),대합실 2층 통로 중앙
S1_2_0031,2호선,건대입구,2F,2,지상 2층,화장실,장애인화장실(여),대합실 2층 통로 중앙
S1_2_0031,2호선,건대입구,2F,2,지상 2층,고객센터,고객센터,2층 대합실
S1_2_0031,2호선,건대입구,1F,1,지상 1층,엘리베이터,일반승강기,"[2호기]구의방면7-3,6번출구측"
S1_2_0031,2호선,건대입구,1F,1,지상 1층,출입구,1번 출입구,교통약자 동선 연결
S1_2_0031,2호선,건대입구,1F,1,지상 1층,출입구,6번 출입구,교통약자 동선 연결
S1_2_0031,2호선,건대입구,B2,-2,지하 2층,개찰구,표 내는 곳,
S1_2_0031,2호선,건대입구,B3,-3,지하 3층,환승승강장,7호선 승강장 (자양 방면),7호선
S1_2_0314,2호선,성수,3F,3,지상 3층,엘리베이터,일반승강기,[2호기]건대입구방면4-4
S1_2_0314,2호선,성수,3F,3,지상 3층,엘리베이터,일반승강기,[1호기]뚝섬방면7-1
S1_2_0314,2호선,성수,3F,3,지상 3층,승강장,2호선 승강장 (뚝섬·용답 방면),섬식
S1_2_0314,2호선,성수,3F,3,지상 3층,승강장,2호선 승강장 (건대입구·성수 방면),섬식
S1_2_0314,2호선,성수,2F,2,지상 2층,대합실,대합실,
S1_2_0314,2호선,성수,2F,2,지상 2층,개찰구,표 내는 곳,
S1_2_0314,2호선,성수,2F,2,지상 2층,엘리베이터,일반승강기,[1호기]뚝섬방면7-1
S1_2_0314,2호선,성수,2F,2,지상 2층,엘리베이터,일반승강기,[2호기]건대입구방면4-4
S1_2_0314,2호선,성수,2F,2,지상 2층,엘리베이터,일반승강기,[4호기]4번출구측
S1_2_0314,2호선,성수,2F,2,지상 2층,엘리베이터,일반승강기,[3호기]1번출구측
S1_2_0314,2호선,성수,2F,2,지상 2층,전동휠체어충전설비,전동휠체어충전설비,가대합실 해피박스옆
S1_2_0314,2호선,성수,2F,2,지상 2층,화장실,일반화장실(남),대합실 2층 2번출입구측  
S1_2_0314,2호선,성수,2F,2,지상 2층,화장실,일반화장실(여),대합실 2층 2번출입구측  
S1_2_0314,2호선,성수,2F,2,지상 2층,화장실,장애인화장실(남),대합실 2층 2번출입구측  
S1_2_0314,2호선,성수,2F,2,지상 2층,화장실,장애인화장실(여),대합실 2층 2번출입구측  
S1_2_0314,2호선,성수,2F,2,지상 2층,고객센터,고객센터,2층 대합실
S1_2_0314,2호선,성수,1F,1,지상 1층,엘리베이터,일반승강기,[4호기]4번출구측
S1_2_0314,2호선,성수,1F,1,지상 1층,엘리베이터,일반승강기,[3호기]1번출구측
S1_2_0314,2호선,성수,1F,1,지상 1층,수유실,수유실,1번출구방면 게이트 안쪽
S1_2_0314,2호선,성수,1F,1,지상 1층,출입구,1번 출입구,교통약자 동선 연결
S1_2_0314,2호선,성수,1F,1,지상 1층,출입구,2번 출입구,
S1_2_0314,2호선,성수,1F,1,지상 1층,출입구,4번 출입구,교통약자 동선 연결
S1_2_0175,2호선,뚝섬,3F,3,지상 3층,엘리베이터,일반승강기,[2호기]성수방면7-1
S1_2_0175,2호선,뚝섬,3F,3,지상 3층,엘리베이터,일반승강기,[1호기]한양대방면7-1
S1_2_0175,2호선,뚝섬,3F,3,지상 3층,승강장,2호선 승강장 (성수 방면),상대식
S1_2_0175,2호선,뚝섬,3F,3,지상 3층,승강장,2호선 승강장 (한양대 방면),상대식
S1_2_0175,2호선,뚝섬,2F,2,지상 2층,대합실,대합실,
S1_2_0175,2호선,뚝섬,2F,2,지상 2층,개찰구,표 내는 곳,
S1_2_0175,2호선,뚝섬,2F,2,지상 2층,엘리베이터,일반승강기,[1호기]한양대방면7-1
S1_2_0175,2호선,뚝섬,2F,2,지상 2층,엘리베이터,일반승강기,[2호기]성수방면7-1
S1_2_0175,2호선,뚝섬,2F,2,지상 2층,엘리베이터,일반승강기,[3호기]3번출구측
S1_2_0175,2호선,뚝섬,2F,2,지상 2층,엘리베이터,일반승강기,[4호기]6번출구측
S1_2_0175,2호선,뚝섬,2F,2,지상 2층,전동휠체어충전설비,전동휠체어충전설비,대합실 3번출구 E/V옆
S1_2_0175,2호선,뚝섬,2F,2,지상 2층,화장실,일반화장실(남),역무실 옆
S1_2_0175,2호선,뚝섬,2F,2,지상 2층,화장실,일반화장실(여),역무실 옆
S1_2_0175,2호선,뚝섬,2F,2,지상 2층,화장실,장애인화장실(남),역무실 옆
S1_2_0175,2호선,뚝섬,2F,2,지상 2층,화장실,장애인화장실(여),역무실 옆
S1_2_0175,2호선,뚝섬,2F,2,지상 2층,고객센터,고객센터,2층 대합실
S1_2_0175,2호선,뚝섬,1F,1,지상 1층,엘리베이터,일반승강기,[3호기]3번출구측
S1_2_0175,2호선,뚝섬,1F,1,지상 1층,엘리베이터,일반승강기,[4호기]6번출구측
S1_2_0175,2호선,뚝섬,1F,1,지상 1층,출입구,3번 출입구,교통약자 동선 연결
S1_2_0175,2호선,뚝섬,1F,1,지상 1층,출입구,6번 출입구,교통약자 동선 연결
S1_2_0588,2호선,한양대,2F,2,지상 2층,대합실,대합실,
S1_2_0588,2호선,한양대,2F,2,지상 2층,개찰구,표 내는 곳,
S1_2_0588,2호선,한양대,2F,2,지상 2층,엘리베이터,일반승강기,[2호기]4번출구(육교)측
S1_2_0588,2호선,한양대,2F,2,지상 2층,엘리베이터,일반승강기,[1호기]왕십리방면3-3
S1_2_0588,2호선,한양대,2F,2,지상 2층,전동휠체어충전설비,전동휠체어충전설비,2번출구
S1_2_0588,2호선,한양대,2F,2,지상 2층,화장실,일반화장실(남),고객센터 맞은편
S1_2_0588,2호선,한양대,2F,2,지상 2층,화장실,일반화장실(여),고객센터 맞은편
S1_2_0588,2호선,한양대,2F,2,지상 2층,화장실,장애인화장실(남),고객센터 맞은편
S1_2_0588,2호선,한양대,2F,2,지상 2층,화장실,장애인화장실(여),고객센터 맞은편
S1_2_0588,2호선,한양대,2F,2,지상 2층,고객센터,고객센터,2층 대합실
S1_2_0588,2호선,한양대,1F,1,지상 1층,엘리베이터,일반승강기,[1호기]왕십리방면3-3
S1_2_0588,2호선,한양대,1F,1,지상 1층,엘리베이터,일반승강기,[2호기]4번출구(육교)측
S1_2_0588,2호선,한양대,1F,1,지상 1층,출입구,2번 출입구,교통약자 동선 연결
S1_2_0588,2호선,한양대,1F,1,지상 1층,출입구,4번 출입구,교통약자 동선 연결
S1_2_0588,2호선,한양대,1F,1,지상 1층,승강장,2호선 승강장 (뚝섬 방면),상대식
S1_2_0588,2호선,한양대,1F,1,지상 1층,승강장,2호선 승강장 (왕십리 방면),상대식
S1_2_0441,2호선,왕십리,1F,1,지상 1층,출입구,5번 출입구,교통약자 동선 연결
S1_2_0441,2호선,왕십리,1F,1,지상 1층,출입구,6-1번 출입구,교통약자 동선 연결
S1_2_0441,2호선,왕십리,1F,1,지상 1층,환승승강장,수인분당선 승강장 (청량리 방면),수인분당선
S1_2_0441,2호선,왕십리,1F,1,지상 1층,환승승강장,수인분당선 승강장 (서울숲 방면),수인분당선
S1_2_0441,2호선,왕십리,1F,1,지상 1층,환승승강장,경의중앙선 승강장 (응봉 방면),경의중앙선
S1_2_0441,2호선,왕십리,1F,1,지상 1층,환승승강장,경의중앙선 승강장 (청량리 방면),경의중앙선
S1_2_0441,2호선,왕십리,B1,-1,지하 1층,대합실,대합실,
S1_2_0441,2호선,왕십리,B1,-1,지하 1층,개찰구,표 내는 곳,
S1_2_0441,2호선,왕십리,B1,-1,지하 1층,엘리베이터,일반승강기,[1호기]상왕십리방면3-2
S1_2_0441,2호선,왕십리,B1,-1,지하 1층,엘리베이터,일반승강기,[2호기]한양대방면3-4
S1_2_0441,2호선,왕십리,B1,-1,지하 1층,화장실,일반화장실(남),지하1층 6-1번 출입구 쪽
S1_2_0441,2호선,왕십리,B1,-1,지하 1층,화장실,일반화장실(여),지하1층 6-1번 출입구 쪽
S1_2_0441,2호선,왕십리,B1,-1,지하 1층,화장실,장애인화장실(남),지하1층 6-1번 출입구 쪽
S1_2_0441,2호선,왕십리,B1,-1,지하 1층,화장실,장애인화장실(여),지하1층 6-1번 출입구 쪽
S1_2_0441,2호선,왕십리,B1,-1,지하 1층,고객센터,고객센터,B1층 대합실
S1_2_0441,2호선,왕십리,B2,-2,지하 2층,대합실,대합실,
S1_2_0441,2호선,왕십리,B2,-2,지하 2층,엘리베이터,일반승강기,[2호기]한양대방면3-4
S1_2_0441,2호선,왕십리,B2,-2,지하 2층,엘리베이터,일반승강기,[1호기]상왕십리방면3-2
S1_2_0441,2호선,왕십리,B2,-2,지하 2층,승강장,2호선 승강장 (한양대 방면),상대식
S1_2_0441,2호선,왕십리,B2,-2,지하 2층,승강장,2호선 승강장 (상왕십리 방면),상대식
S1_2_0441,2호선,왕십리,B4,-4,지하 4층,대합실,대합실,
S1_2_0441,2호선,왕십리,B5,-5,지하 5층,환승승강장,5호선 승강장 (행당 방면),5호선
S1_2_0441,2호선,왕십리,B5,-5,지하 5층,환승승강장,5호선 승강장 (마장 방면),5호선
S1_2_0279,2호선,상왕십리,1F,1,지상 1층,엘리베이터,일반승강기,[3호기]1-1번출구측
S1_2_0279,2호선,상왕십리,1F,1,지상 1층,출입구,6번 출입구,
S1_2_0279,2호선,상왕십리,1F,1,지상 1층,출입구,1-1번 출입구,교통약자 동선 연결
S1_2_0279,2호선,상왕십리,B1,-1,지하 1층,대합실,대합실,
S1_2_0279,2호선,상왕십리,B1,-1,지하 1층,개찰구,표 내는 곳,
S1_2_0279,2호선,상왕십리,B1,-1,지하 1층,엘리베이터,일반승강기,[3호기]1-1번출구측
S1_2_0279,2호선,상왕십리,B1,-1,지하 1층,엘리베이터,일반승강기,[2호기]왕십리방면3-4
S1_2_0279,2호선,상왕십리,B1,-1,지하 1층,엘리베이터,일반승강기,[1호기]신당방면8-1
S1_2_0279,2호선,상왕십리,B1,-1,지하 1층,전동휠체어충전설비,전동휠체어충전설비,지하1층 대합실 중앙
S1_2_0279,2호선,상왕십리,B1,-1,지하 1층,화장실,일반화장실(남),"대합실 1층 5,6번출입구 앞"
S1_2_0279,2호선,상왕십리,B1,-1,지하 1층,화장실,일반화장실(여),"대합실 1층 5,6번출입구 앞"
S1_2_0279,2호선,상왕십리,B1,-1,지하 1층,화장실,장애인화장실(남),"대합실 1층 5,6번출입구 앞"
S1_2_0279,2호선,상왕십리,B1,-1,지하 1층,화장실,장애인화장실(여),"대합실 1층 5,6번출입구 앞"
S1_2_0279,2호선,상왕십리,B1,-1,지하 1층,고객센터,고객센터,B1층 대합실
S1_2_0279,2호선,상왕십리,B2,-2,지하 2층,엘리베이터,일반승강기,[1호기]신당방면8-1
S1_2_0279,2호선,상왕십리,B2,-2,지하 2층,엘리베이터,일반승강기,[2호기]왕십리방면3-4
S1_2_0279,2호선,상왕십리,B2,-2,지하 2층,승강장,2호선 승강장 (왕십리 방면),상대식
S1_2_0279,2호선,상왕십리,B2,-2,지하 2층,승강장,2호선 승강장 (신당 방면),상대식
S1_2_0356,2호선,신당,1F,1,지상 1층,엘리베이터,일반승강기,[1호기]2번출구측
S1_2_0356,2호선,신당,1F,1,지상 1층,출입구,2번 출입구,교통약자 동선 연결
S1_2_0356,2호선,신당,B1,-1,지하 1층,대합실,대합실,
S1_2_0356,2호선,신당,B1,-1,지하 1층,개찰구,표 내는 곳,
S1_2_0356,2호선,신당,B1,-1,지하 1층,엘리베이터,일반승강기,[1호기]2번출구측
S1_2_0356,2호선,신당,B1,-1,지하 1층,엘리베이터,일반승강기,[3호기]상왕십리방면7-4
S1_2_0356,2호선,신당,B1,-1,지하 1층,엘리베이터,일반승강기,[2호기]동대문역사문화공원방면3-4
S1_2_0356,2호선,신당,B1,-1,지하 1층,화장실,일반화장실(남),"대합실 1층 22,23번기둥"
S1_2_0356,2호선,신당,B1,-1,지하 1층,화장실,일반화장실(여),"대합실 1층 22,23번기둥"
S1_2_0356,2호선,신당,B1,-1,지하 1층,화장실,장애인화장실(남),"대합실 1층 22,23번기둥"
S1_2_0356,2호선,신당,B1,-1,지하 1층,화장실,장애인화장실(여),"대합실 1층 22,23번기둥"
S1_2_0356,2호선,신당,B1,-1,지하 1층,고객센터,고객센터,B1층 대합실
S1_2_0356,2호선,신당,B2,-2,지하 2층,대합실,대합실,
S1_2_0356,2호선,신당,B2,-2,지하 2층,엘리베이터,일반승강기,[3호기]상왕십리방면7-4
S1_2_0356,2호선,신당,B2,-2,지하 2층,엘리베이터,일반승강기,[2호기]동대문역사문화공원방면3-4
S1_2_0356,2호선,신당,B2,-2,지하 2층,승강장,2호선 승강장 (상왕십리 방면),상대식
S1_2_0356,2호선,신당,B2,-2,지하 2층,승강장,2호선 승강장 (동대문역사문화공원 방면),상대식
S1_2_0356,2호선,신당,B3,-3,지하 3층,환승승강장,6호선 승강장 (청구 방면),6호선
S1_2_0356,2호선,신당,B3,-3,지하 3층,환승승강장,6호선 승강장 (동묘앞 방면),6호선
S1_2_0156,2호선,동대문역사문화공원,1F,1,지상 1층,엘리베이터,일반승강기,[3호기]1번출구측
S1_2_0156,2호선,동대문역사문화공원,1F,1,지상 1층,출입구,1번 출입구,교통약자 동선 연결
S1_2_0156,2호선,동대문역사문화공원,1F,1,지상 1층,출입구,2번 출입구,
S1_2_0156,2호선,동대문역사문화공원,B1,-1,지하 1층,대합실,대합실,
S1_2_0156,2호선,동대문역사문화공원,B1,-1,지하 1층,개찰구,표 내는 곳,
S1_2_0156,2호선,동대문역사문화공원,B1,-1,지하 1층,엘리베이터,일반승강기,[3호기]1번출구측
S1_2_0156,2호선,동대문역사문화공원,B1,-1,지하 1층,엘리베이터,일반승강기,[2호기]신당방면3-2
S1_2_0156,2호선,동대문역사문화공원,B1,-1,지하 1층,엘리베이터,일반승강기,[1호기]을지로4가방면8-3
S1_2_0156,2호선,동대문역사문화공원,B1,-1,지하 1층,전동휠체어충전설비,전동휠체어충전설비,2번출구 하부 비상출입문 옆
S1_2_0156,2호선,동대문역사문화공원,B1,-1,지하 1층,화장실,일반화장실(남),대합실 1층 역무실 앞
S1_2_0156,2호선,동대문역사문화공원,B1,-1,지하 1층,화장실,일반화장실(여),대합실 1층 역무실 앞
S1_2_0156,2호선,동대문역사문화공원,B1,-1,지하 1층,화장실,장애인화장실(남),대합실 1층 역무실 앞
S1_2_0156,2호선,동대문역사문화공원,B1,-1,지하 1층,화장실,장애인화장실(여),대합실 1층 역무실 앞
S1_2_0156,2호선,동대문역사문화공원,B1,-1,지하 1층,고객센터,고객센터,B1층 대합실
S1_2_0156,2호선,동대문역사문화공원,B2,-2,지하 2층,엘리베이터,일반승강기,[1호기]을지로4가방면8-3
S1_2_0156,2호선,동대문역사문화공원,B2,-2,지하 2층,엘리베이터,일반승강기,[2호기]신당방면3-2
S1_2_0156,2호선,동대문역사문화공원,B2,-2,지하 2층,승강장,2호선 승강장 (신당 방면),상대식
S1_2_0156,2호선,동대문역사문화공원,B2,-2,지하 2층,승강장,2호선 승강장 (을지로4가 방면),상대식
S1_2_0156,2호선,동대문역사문화공원,B3,-3,지하 3층,환승승강장,4호선 승강장 (동대문 방면),4호선
S1_2_0156,2호선,동대문역사문화공원,B3,-3,지하 3층,환승승강장,4호선 승강장 (충무로 방면),4호선
S1_2_0156,2호선,동대문역사문화공원,B5,-5,지하 5층,환승승강장,5호선 승강장 (을지로4가 방면),5호선
S1_2_0156,2호선,동대문역사문화공원,B5,-5,지하 5층,환승승강장,5호선 승강장 (청구 방면),5호선
S1_2_0465,2호선,을지로4가,1F,1,지상 1층,엘리베이터,일반승강기,[3호기]8번출구측
S1_2_0465,2호선,을지로4가,1F,1,지상 1층,출입구,2번 출입구,
S1_2_0465,2호선,을지로4가,1F,1,지상 1층,출입구,8번 출입구,교통약자 동선 연결
S1_2_0465,2호선,을지로4가,1F,1,지상 1층,출입구,10번 출입구,교통약자 동선 연결
S1_2_0465,2호선,을지로4가,B1,-1,지하 1층,대합실,대합실,
S1_2_0465,2호선,을지로4가,B1,-1,지하 1층,개찰구,표 내는 곳,
S1_2_0465,2호선,을지로4가,B1,-1,지하 1층,엘리베이터,일반승강기,[3호기]8번출구측
S1_2_0465,2호선,을지로4가,B1,-1,지하 1층,엘리베이터,일반승강기,[2호기]동대문역사문화공원방면8-3
S1_2_0465,2호선,을지로4가,B1,-1,지하 1층,엘리베이터,일반승강기,[1호기]을지로3가방면3-2
S1_2_0465,2호선,을지로4가,B1,-1,지하 1층,화장실,일반화장실(남),"지하1층 1,2번 출입구 옆"
S1_2_0465,2호선,을지로4가,B1,-1,지하 1층,화장실,일반화장실(여),"지하1층 1,2번 출입구 옆"
S1_2_0465,2호선,을지로4가,B1,-1,지하 1층,화장실,장애인화장실(남),"지하1층 1,2번 출입구 옆"
S1_2_0465,2호선,을지로4가,B1,-1,지하 1층,화장실,장애인화장실(여),"지하1층 1,2번 출입구 옆"
S1_2_0465,2호선,을지로4가,B1,-1,지하 1층,고객센터,고객센터,B1층 대합실
S1_2_0465,2호선,을지로4가,B2,-2,지하 2층,엘리베이터,일반승강기,[1호기]을지로3가방면3-2
S1_2_0465,2호선,을지로4가,B2,-2,지하 2층,엘리베이터,일반승강기,[2호기]동대문역사문화공원방면8-3
S1_2_0465,2호선,을지로4가,B2,-2,지하 2층,승강장,2호선 승강장 (동대문역사문화공원 방면),상대식
S1_2_0465,2호선,을지로4가,B2,-2,지하 2층,승강장,2호선 승강장 (을지로3가 방면),상대식
S1_2_0464,2호선,을지로3가,1F,1,지상 1층,출입구,10번 출입구,교통약자 동선 연결
S1_2_0464,2호선,을지로3가,1F,1,지상 1층,출입구,12번 출입구,교통약자 동선 연결
S1_2_0464,2호선,을지로3가,B1,-1,지하 1층,대합실,대합실,
S1_2_0464,2호선,을지로3가,B1,-1,지하 1층,개찰구,표 내는 곳,
S1_2_0464,2호선,을지로3가,B1,-1,지하 1층,엘리베이터,일반승강기,[2호기]을지로4가방면3-2
S1_2_0464,2호선,을지로3가,B1,-1,지하 1층,엘리베이터,일반승강기,[1호기]을지로입구방면8-3
S1_2_0464,2호선,을지로3가,B1,-1,지하 1층,화장실,일반화장실(남),지하1층 (다) 표 내는 곳 옆
S1_2_0464,2호선,을지로3가,B1,-1,지하 1층,화장실,일반화장실(여),지하1층 (다) 표 내는 곳 옆
S1_2_0464,2호선,을지로3가,B1,-1,지하 1층,화장실,장애인화장실(남),지하1층 (다) 표 내는 곳 옆
S1_2_0464,2호선,을지로3가,B1,-1,지하 1층,화장실,장애인화장실(여),지하1층 (다) 표 내는 곳 옆
S1_2_0464,2호선,을지로3가,B1,-1,지하 1층,고객센터,고객센터,B1층 대합실
S1_2_0464,2호선,을지로3가,B2,-2,지하 2층,엘리베이터,일반승강기,[1호기]을지로입구방면8-3
S1_2_0464,2호선,을지로3가,B2,-2,지하 2층,엘리베이터,일반승강기,[2호기]을지로4가방면3-2
S1_2_0464,2호선,을지로3가,B2,-2,지하 2층,승강장,2호선 승강장 (을지로4가 방면),상대식
S1_2_0464,2호선,을지로3가,B2,-2,지하 2층,승강장,2호선 승강장 (을지로입구 방면),상대식
S1_2_0464,2호선,을지로3가,B3,-3,지하 3층,환승승강장,3호선 승강장 (종로3가 방면),3호선
S1_2_0464,2호선,을지로3가,B3,-3,지하 3층,환승승강장,3호선 승강장 (충무로 방면),3호선
S1_2_0466,2호선,을지로입구,1F,1,지상 1층,엘리베이터,일반승강기,"[4호기]5,6번출구사이"
S1_2_0466,2호선,을지로입구,1F,1,지상 1층,엘리베이터,일반승강기,[3호기]1번출구측
S1_2_0466,2호선,을지로입구,1F,1,지상 1층,출입구,1번 출입구,교통약자 동선 연결
S1_2_0466,2호선,을지로입구,1F,1,지상 1층,출입구,5번 출입구,교통약자 동선 연결
S1_2_0466,2호선,을지로입구,1F,1,지상 1층,출입구,6번 출입구,
S1_2_0466,2호선,을지로입구,B1,-1,지하 1층,대합실,대합실,
S1_2_0466,2호선,을지로입구,B1,-1,지하 1층,개찰구,표 내는 곳,
S1_2_0466,2호선,을지로입구,B1,-1,지하 1층,엘리베이터,일반승강기,"[4호기]5,6번출구사이"
S1_2_0466,2호선,을지로입구,B1,-1,지하 1층,엘리베이터,일반승강기,[3호기]1번출구측
S1_2_0466,2호선,을지로입구,B1,-1,지하 1층,엘리베이터,일반승강기,[2호기]을지로3가방면6-2
S1_2_0466,2호선,을지로입구,B1,-1,지하 1층,엘리베이터,일반승강기,[1호기]시청방면5-3
S1_2_0466,2호선,을지로입구,B1,-1,지하 1층,화장실,일반화장실(남),지하1층 (다) 표 내는 곳 옆
S1_2_0466,2호선,을지로입구,B1,-1,지하 1층,화장실,일반화장실(여),지하1층 (다) 표 내는 곳 옆
S1_2_0466,2호선,을지로입구,B1,-1,지하 1층,화장실,장애인화장실(남),지하1층 (다) 표 내는 곳 옆
S1_2_0466,2호선,을지로입구,B1,-1,지하 1층,화장실,장애인화장실(여),지하1층 (다) 표 내는 곳 옆
S1_2_0466,2호선,을지로입구,B1,-1,지하 1층,고객센터,고객센터,B1층 대합실
S1_2_0466,2호선,을지로입구,B2,-2,지하 2층,엘리베이터,일반승강기,[1호기]시청방면5-3
S1_2_0466,2호선,을지로입구,B2,-2,지하 2층,엘리베이터,일반승강기,[2호기]을지로3가방면6-2
S1_2_0466,2호선,을지로입구,B2,-2,지하 2층,승강장,2호선 승강장 (을지로3가 방면),상대식
S1_2_0466,2호선,을지로입구,B2,-2,지하 2층,승강장,2호선 승강장 (을지로입구 방면),상대식
S1_2_0443,2호선,용답,3F,3,지상 3층,엘리베이터,일반승강기,[1호기]신답방면2-2
S1_2_0443,2호선,용답,3F,3,지상 3층,엘리베이터,일반승강기,[2호기]성수방면3-3
S1_2_0443,2호선,용답,2F,2,지상 2층,개찰구,표 내는 곳,
S1_2_0443,2호선,용답,2F,2,지상 2층,엘리베이터,일반승강기,[1호기]신답방면2-2
S1_2_0443,2호선,용답,2F,2,지상 2층,엘리베이터,일반승강기,[2호기]성수방면3-3
S1_2_0443,2호선,용답,2F,2,지상 2층,승강장,2호선 승강장 (성수 방면),상대식
S1_2_0443,2호선,용답,2F,2,지상 2층,승강장,2호선 승강장 (신답 방면),상대식
S1_2_0443,2호선,용답,1F,1,지상 1층,대합실,대합실,
S1_2_0443,2호선,용답,1F,1,지상 1층,화장실,일반화장실(남),대합실
S1_2_0443,2호선,용답,1F,1,지상 1층,화장실,일반화장실(여),대합실
S1_2_0443,2호선,용답,1F,1,지상 1층,화장실,장애인화장실(남),대합실
S1_2_0443,2호선,용답,1F,1,지상 1층,화장실,장애인화장실(여),대합실
S1_2_0443,2호선,용답,1F,1,지상 1층,고객센터,고객센터,1층 대합실
S1_2_0443,2호선,용답,1F,1,지상 1층,출입구,1번 출입구,교통약자 동선 연결
S1_2_0355,2호선,신답,2F,2,지상 2층,엘리베이터,일반승강기,[1호기]용두방면2-4
S1_2_0355,2호선,신답,2F,2,지상 2층,엘리베이터,일반승강기,[2호기]용답방면3-2
S1_2_0355,2호선,신답,1F,1,지상 1층,대합실,대합실,
S1_2_0355,2호선,신답,1F,1,지상 1층,개찰구,표 내는 곳,
S1_2_0355,2호선,신답,1F,1,지상 1층,엘리베이터,일반승강기,[1호기]용두방면2-4
S1_2_0355,2호선,신답,1F,1,지상 1층,엘리베이터,일반승강기,[2호기]용답방면3-2
S1_2_0355,2호선,신답,1F,1,지상 1층,화장실,일반화장실(남),1층 대합실
S1_2_0355,2호선,신답,1F,1,지상 1층,화장실,일반화장실(여),1층 대합실
S1_2_0355,2호선,신답,1F,1,지상 1층,화장실,장애인화장실(남),1층 대합실
S1_2_0355,2호선,신답,1F,1,지상 1층,화장실,장애인화장실(여),1층 대합실
S1_2_0355,2호선,신답,1F,1,지상 1층,고객센터,고객센터,1층 대합실
S1_2_0355,2호선,신답,1F,1,지상 1층,출입구,1번 출입구,교통약자 동선 연결
S1_2_0355,2호선,신답,1F,1,지상 1층,승강장,2호선 승강장 (용답 방면),상대식
S1_2_0355,2호선,신답,1F,1,지상 1층,승강장,2호선 승강장 (용두 방면),상대식
S1_2_0444,2호선,용두,1F,1,지상 1층,엘리베이터,일반승강기,[1호기]신설동방면4-3
S1_2_0444,2호선,용두,1F,1,지상 1층,엘리베이터,일반승강기,[4호기]4번출구측
S1_2_0444,2호선,용두,1F,1,지상 1층,엘리베이터,일반승강기,[3호기]3번출구측
S1_2_0444,2호선,용두,1F,1,지상 1층,엘리베이터,일반승강기,[2호기]신답방면1-1
S1_2_0444,2호선,용두,1F,1,지상 1층,출입구,2번 출입구,
S1_2_0444,2호선,용두,1F,1,지상 1층,출입구,3번 출입구,교통약자 동선 연결
S1_2_0444,2호선,용두,1F,1,지상 1층,출입구,4번 출입구,교통약자 동선 연결
S1_2_0444,2호선,용두,1F,1,지상 1층,출입구,5번 출입구,
S1_2_0444,2호선,용두,B1,-1,지하 1층,대합실,대합실,
S1_2_0444,2호선,용두,B1,-1,지하 1층,개찰구,표 내는 곳,
S1_2_0444,2호선,용두,B1,-1,지하 1층,엘리베이터,일반승강기,[3호기]3번출구측
S1_2_0444,2호선,용두,B1,-1,지하 1층,엘리베이터,일반승강기,[4호기]4번출구측
S1_2_0444,2호선,용두,B1,-1,지하 1층,화장실,일반화장실(남),(내선승강장)3-3 승강장 앞
S1_2_0444,2호선,용두,B1,-1,지하 1층,화장실,일반화장실(남),(내선대합실)5번출입구 입구
S1_2_0444,2호선,용두,B1,-1,지하 1층,화장실,일반화장실(남),(외선승강장)2-2 승강장 앞
S1_2_0444,2호선,용두,B1,-1,지하 1층,화장실,일반화장실(남),"(외선대합실)1,2번 출입구 입구"
S1_2_0444,2호선,용두,B1,-1,지하 1층,화장실,일반화장실(여),(외선승강장)2-2 승강장 앞
S1_2_0444,2호선,용두,B1,-1,지하 1층,화장실,일반화장실(여),(내선대합실)5번출입구 입구
S1_2_0444,2호선,용두,B1,-1,지하 1층,화장실,일반화장실(여),(내선승강장)3-3 승강장 앞
S1_2_0444,2호선,용두,B1,-1,지하 1층,화장실,일반화장실(여),"(외선대합실)1,2번 출입구 입구"
S1_2_0444,2호선,용두,B1,-1,지하 1층,화장실,장애인화장실(남),(내선대합실)5번출입구 입구
S1_2_0444,2호선,용두,B1,-1,지하 1층,화장실,장애인화장실(남),"(외선대합실)1,2번 출입구 입구"
S1_2_0444,2호선,용두,B1,-1,지하 1층,화장실,장애인화장실(남),(외선승강장)2-2 승강장 앞
S1_2_0444,2호선,용두,B1,-1,지하 1층,화장실,장애인화장실(남),(내선승강장)3-3 승강장 앞
S1_2_0444,2호선,용두,B1,-1,지하 1층,화장실,장애인화장실(여),(외선승강장)2-2 승강장 앞
S1_2_0444,2호선,용두,B1,-1,지하 1층,화장실,장애인화장실(여),(내선승강장)3-3 승강장 앞
S1_2_0444,2호선,용두,B1,-1,지하 1층,화장실,장애인화장실(여),(내선대합실)5번출입구 입구
S1_2_0444,2호선,용두,B1,-1,지하 1층,화장실,장애인화장실(여),"(외선대합실)1,2번 출입구 입구"
S1_2_0444,2호선,용두,B1,-1,지하 1층,고객센터,고객센터,B1층 대합실
S1_2_0444,2호선,용두,B1,-1,지하 1층,승강장,2호선 승강장 (신답 방면),상대식
S1_2_0444,2호선,용두,B1,-1,지하 1층,승강장,2호선 승강장 (신설동 방면),상대식
S1_2_0444,2호선,용두,B2,-2,지하 2층,엘리베이터,일반승강기,[1호기]신설동방면4-3
S1_2_0444,2호선,용두,B2,-2,지하 2층,엘리베이터,일반승강기,[2호기]신답방면1-1
S1_2_0367,2호선,신설동,1F,1,지상 1층,엘리베이터,일반승강기,[3호기]9번출구측
S1_2_0367,2호선,신설동,1F,1,지상 1층,엘리베이터,일반승강기,[2호기]9번출구측
S1_2_0367,2호선,신설동,1F,1,지상 1층,출입구,9번 출입구,교통약자 동선 연결
S1_2_0367,2호선,신설동,B1,-1,지하 1층,대합실,대합실,
S1_2_0367,2호선,신설동,B1,-1,지하 1층,엘리베이터,일반승강기,[2호기]9번출구측
S1_2_0367,2호선,신설동,B1,-1,지하 1층,엘리베이터,일반승강기,[1호기]신설동방면4-4
S1_2_0367,2호선,신설동,B1,-1,지하 1층,화장실,일반화장실(남),대합실(지하1층) 역무실 옆
S1_2_0367,2호선,신설동,B1,-1,지하 1층,화장실,일반화장실(여),대합실(지하1층) 역무실 옆
S1_2_0367,2호선,신설동,B1,-1,지하 1층,화장실,장애인화장실(남),대합실(지하1층) 역무실 옆
S1_2_0367,2호선,신설동,B1,-1,지하 1층,화장실,장애인화장실(여),대합실(지하1층) 역무실 옆
S1_2_0367,2호선,신설동,B1,-1,지하 1층,고객센터,고객센터,B1층 대합실
S1_2_0367,2호선,신설동,B1,-1,지하 1층,수유실,수유실,B1 고객안전실  내부
S1_2_0367,2호선,신설동,B2,-2,지하 2층,개찰구,표 내는 곳,
S1_2_0367,2호선,신설동,B2,-2,지하 2층,엘리베이터,일반승강기,[3호기]9번출구측
S1_2_0367,2호선,신설동,B2,-2,지하 2층,엘리베이터,일반승강기,[1호기]신설동방면4-4
S1_2_0367,2호선,신설동,B2,-2,지하 2층,승강장,2호선 승강장 (용두 방면),상대식
S1_2_0367,2호선,신설동,B2,-2,지하 2층,승강장,2호선 승강장 (신설동 방면),상대식
S1_2_0144,2호선,도림천,1F,1,지상 1층,대합실,대합실,
S1_2_0144,2호선,도림천,1F,1,지상 1층,개찰구,표 내는 곳,
S1_2_0144,2호선,도림천,1F,1,지상 1층,화장실,일반화장실(남),"지상1층, 역무실 옆(표 내는 곳 외부)"
S1_2_0144,2호선,도림천,1F,1,지상 1층,화장실,일반화장실(여),"지상1층, 역무실 옆(표 내는 곳 외부)"
S1_2_0144,2호선,도림천,1F,1,지상 1층,화장실,장애인화장실(남),"지상1층, 역무실 옆(표 내는 곳 외부)"
S1_2_0144,2호선,도림천,1F,1,지상 1층,화장실,장애인화장실(여),"지상1층, 역무실 옆(표 내는 곳 외부)"
S1_2_0144,2호선,도림천,1F,1,지상 1층,고객센터,고객센터,1층 대합실
S1_2_0144,2호선,도림천,1F,1,지상 1층,출입구,1번 출입구,교통약자 동선 연결
S1_2_0144,2호선,도림천,1F,1,지상 1층,출입구,2번 출입구,
S1_2_0144,2호선,도림천,B1,-1,지하 1층,엘리베이터,일반승강기,[2호기]도림천방면2-4
S1_2_0144,2호선,도림천,B2,-2,지하 2층,대합실,대합실,
S1_2_0144,2호선,도림천,B2,-2,지하 2층,엘리베이터,일반승강기,[2호기](B3-B1)1~2번 출입구사이
S1_2_0144,2호선,도림천,B2,-2,지하 2층,엘리베이터,일반승강기,[1호기]신도림방면4-4
S1_2_0144,2호선,도림천,B3,-3,지하 3층,엘리베이터,일반승강기,[1호기]신도림방면4-4
S1_2_0144,2호선,도림천,B3,-3,지하 3층,엘리베이터,일반승강기,[2호기]도림천방면2-4
S1_2_0144,2호선,도림천,B3,-3,지하 3층,승강장,2호선 승강장 (신도림 방면),상대식
S1_2_0144,2호선,도림천,B3,-3,지하 3층,승강장,2호선 승강장 (양천구청 방면),상대식
S1_2_0404,2호선,양천구청,1F,1,지상 1층,엘리베이터,일반승강기,[3호기]1번출구측
S1_2_0404,2호선,양천구청,1F,1,지상 1층,출입구,1번 출입구,교통약자 동선 연결
S1_2_0404,2호선,양천구청,B1,-1,지하 1층,대합실,대합실,
S1_2_0404,2호선,양천구청,B1,-1,지하 1층,개찰구,표 내는 곳,
S1_2_0404,2호선,양천구청,B1,-1,지하 1층,엘리베이터,일반승강기,[3호기]1번출구측
S1_2_0404,2호선,양천구청,B1,-1,지하 1층,엘리베이터,일반승강기,[2호기]도림천방면3-3
S1_2_0404,2호선,양천구청,B1,-1,지하 1층,엘리베이터,일반승강기,[1호기]신정네거리방면4-1
S1_2_0404,2호선,양천구청,B1,-1,지하 1층,화장실,일반화장실(남),"지하1층, 대합실(표 내는 곳 내부, 신청자량사업소출입구 옆)"
S1_2_0404,2호선,양천구청,B1,-1,지하 1층,화장실,일반화장실(여),"지하1층, 대합실(표 내는 곳 내부, 신청자량사업소출입구 옆)"
S1_2_0404,2호선,양천구청,B1,-1,지하 1층,화장실,장애인화장실(남),"지하1층, 대합실(표 내는 곳 내부, 신청자량사업소출입구 옆)"
S1_2_0404,2호선,양천구청,B1,-1,지하 1층,화장실,장애인화장실(여),"지하1층, 대합실(표 내는 곳 내부, 신청자량사업소출입구 옆)"
S1_2_0404,2호선,양천구청,B1,-1,지하 1층,고객센터,고객센터,B1층 대합실
S1_2_0404,2호선,양천구청,B2,-2,지하 2층,엘리베이터,일반승강기,[1호기]신정네거리방면4-1
S1_2_0404,2호선,양천구청,B2,-2,지하 2층,엘리베이터,일반승강기,[2호기]도림천방면3-3
S1_2_0404,2호선,양천구청,B2,-2,지하 2층,승강장,2호선 승강장 (도림천 방면),상대식
S1_2_0404,2호선,양천구청,B2,-2,지하 2층,승강장,2호선 승강장 (신정네거리 방면),상대식
S1_2_0373,2호선,신정네거리,1F,1,지상 1층,엘리베이터,일반승강기,[3호기]2번출구측
S1_2_0373,2호선,신정네거리,1F,1,지상 1층,출입구,2번 출입구,교통약자 동선 연결
S1_2_0373,2호선,신정네거리,1F,1,지상 1층,출입구,3번 출입구,
S1_2_0373,2호선,신정네거리,B1,-1,지하 1층,엘리베이터,일반승강기,[3호기](B2-F1)2번 ~3번 출입구측
S1_2_0373,2호선,신정네거리,B1,-1,지하 1층,화장실,일반화장실(남),"지하1층 대합실(표 내는 곳 외부, 2번, 3번 출입구방향)"
S1_2_0373,2호선,신정네거리,B1,-1,지하 1층,화장실,일반화장실(여),"지하1층 대합실(표 내는 곳 외부, 2번, 3번 출입구방향)"
S1_2_0373,2호선,신정네거리,B1,-1,지하 1층,화장실,장애인화장실(남),"지하1층 대합실(표 내는 곳 외부, 2번, 3번 출입구방향)"
S1_2_0373,2호선,신정네거리,B1,-1,지하 1층,화장실,장애인화장실(여),"지하1층 대합실(표 내는 곳 외부, 2번, 3번 출입구방향)"
S1_2_0373,2호선,신정네거리,B2,-2,지하 2층,대합실,대합실,
S1_2_0373,2호선,신정네거리,B2,-2,지하 2층,개찰구,표 내는 곳,
S1_2_0373,2호선,신정네거리,B2,-2,지하 2층,엘리베이터,일반승강기,[3호기]2번출구측
S1_2_0373,2호선,신정네거리,B2,-2,지하 2층,엘리베이터,일반승강기,[1호기]까치산방면4-1
S1_2_0373,2호선,신정네거리,B2,-2,지하 2층,엘리베이터,일반승강기,[2호기]양천구청방면3-4
S1_2_0373,2호선,신정네거리,B2,-2,지하 2층,휠체어리프트,휠체어리프트,"2,3번 출구 측"
S1_2_0373,2호선,신정네거리,B2,-2,지하 2층,고객센터,고객센터,B2층 대합실
S1_2_0373,2호선,신정네거리,B3,-3,지하 3층,엘리베이터,일반승강기,[2호기]양천구청방면3-4
S1_2_0373,2호선,신정네거리,B3,-3,지하 3층,엘리베이터,일반승강기,[1호기]까치산방면4-1
S1_2_0373,2호선,신정네거리,B3,-3,지하 3층,승강장,2호선 승강장 (양천구청 방면),상대식
S1_2_0373,2호선,신정네거리,B3,-3,지하 3층,승강장,2호선 승강장 (까치산 방면),상대식
S1_2_0100,2호선,까치산,1F,1,지상 1층,출입구,2번 출입구,교통약자 동선 연결
S1_2_0100,2호선,까치산,B1,-1,지하 1층,대합실,대합실,
S1_2_0100,2호선,까치산,B1,-1,지하 1층,개찰구,표 내는 곳,
S1_2_0100,2호선,까치산,B2,-2,지하 2층,엘리베이터,일반승강기,[1호기](B1-B4)지하4층 대합실
S1_2_0100,2호선,까치산,B3,-3,지하 3층,엘리베이터,일반승강기,[1호기](B1-B4)지하4층 대합실
S1_2_0100,2호선,까치산,B4,-4,지하 4층,대합실,대합실,
S1_2_0100,2호선,까치산,B5,-5,지하 5층,대합실,대합실,
S1_2_0100,2호선,까치산,B5,-5,지하 5층,승강장,2호선 승강장 (신정네거리 방면),1섬 1상대식
S1_2_0100,2호선,까치산,B5,-5,지하 5층,환승승강장,5호선 승강장 (신정 방면),5호선
KR_3_0137,3호선,대화,1F,1,지상 1층,엘리베이터,일반승강기,[3호기]2번출입구옆
KR_3_0137,3호선,대화,1F,1,지상 1층,엘리베이터,일반승강기,[2호기]5번출입구옆
KR_3_0137,3호선,대화,1F,1,지상 1층,출입구,1번 출입구,교통약자 동선 연결
KR_3_0137,3호선,대화,1F,1,지상 1층,출입구,2번 출입구,
KR_3_0137,3호선,대화,1F,1,지상 1층,출입구,3번 출입구,
KR_3_0137,3호선,대화,1F,1,지상 1층,출입구,4번 출입구,교통약자 동선 연결
KR_3_0137,3호선,대화,1F,1,지상 1층,출입구,5번 출입구,
KR_3_0137,3호선,대화,B1,-1,지하 1층,개찰구,표 내는 곳,
KR_3_0137,3호선,대화,B1,-1,지하 1층,엘리베이터,일반승강기,[2호기]5번출입구옆
KR_3_0137,3호선,대화,B1,-1,지하 1층,엘리베이터,일반승강기,[3호기]2번출입구옆
KR_3_0137,3호선,대화,B1,-1,지하 1층,엘리베이터,일반승강기,[1호기](B2)1번홈7-4/2번홈3-4
KR_3_0137,3호선,대화,B1,-1,지하 1층,전동휠체어충전설비,전동휠체어충전설비,(B1) 4번 출입구 옆
KR_3_0137,3호선,대화,B1,-1,지하 1층,화장실,일반화장실(남),(B1) 2번·3번 출입구 사이
KR_3_0137,3호선,대화,B1,-1,지하 1층,화장실,일반화장실(여),(B1) 2번·3번 출입구 사이
KR_3_0137,3호선,대화,B1,-1,지하 1층,화장실,장애인화장실(남),(B1) 2번·3번 출입구 사이
KR_3_0137,3호선,대화,B1,-1,지하 1층,화장실,장애인화장실(여),(B1) 2번·3번 출입구 사이
KR_3_0137,3호선,대화,B1,-1,지하 1층,고객센터,고객센터,(B1) 북쪽(대화방면) 게이트 안쪽
KR_3_0137,3호선,대화,B2,-2,지하 2층,엘리베이터,일반승강기,[1호기](B2)1번홈7-4/2번홈3-4
KR_3_0137,3호선,대화,B2,-2,지하 2층,승강장,3호선 승강장 (대화 방면),상대식
KR_3_0137,3호선,대화,B2,-2,지하 2층,승강장,3호선 승강장 (주엽 방면),상대식
KR_3_0522,3호선,주엽,1F,1,지상 1층,엘리베이터,일반승강기,[3호기](1F)2번/3번출입구사이엘레베이터
KR_3_0522,3호선,주엽,1F,1,지상 1층,출입구,3번 출입구,
KR_3_0522,3호선,주엽,1F,1,지상 1층,출입구,4번 출입구,교통약자 동선 연결
KR_3_0522,3호선,주엽,1F,1,지상 1층,출입구,8번 출입구,
KR_3_0522,3호선,주엽,B1,-1,지하 1층,대합실,대합실,
KR_3_0522,3호선,주엽,B1,-1,지하 1층,개찰구,표 내는 곳,
KR_3_0522,3호선,주엽,B1,-1,지하 1층,엘리베이터,일반승강기,[3호기](1F)2번/3번출입구사이엘레베이터
KR_3_0522,3호선,주엽,B1,-1,지하 1층,엘리베이터,일반승강기,[2호기](B2)대화역방향승강장4-4출입문앞
KR_3_0522,3호선,주엽,B1,-1,지하 1층,엘리베이터,일반승강기,[1호기](B2)정발산역방향승강장4-4출입문앞
KR_3_0522,3호선,주엽,B1,-1,지하 1층,전동휠체어충전설비,전동휠체어충전설비,(B1) 7번/8번 출입구 방향
KR_3_0522,3호선,주엽,B1,-1,지하 1층,화장실,일반화장실(남),(B1) 맞이방 중앙
KR_3_0522,3호선,주엽,B1,-1,지하 1층,화장실,일반화장실(여),(B1) 맞이방 중앙
KR_3_0522,3호선,주엽,B1,-1,지하 1층,화장실,장애인화장실(남),(B1) 맞이방 중앙
KR_3_0522,3호선,주엽,B1,-1,지하 1층,화장실,장애인화장실(여),(B1) 맞이방 중앙
KR_3_0522,3호선,주엽,B2,-2,지하 2층,엘리베이터,일반승강기,[1호기](B2)정발산역방향승강장4-4출입문앞
KR_3_0522,3호선,주엽,B2,-2,지하 2층,엘리베이터,일반승강기,[2호기](B2)대화역방향승강장4-4출입문앞
KR_3_0522,3호선,주엽,B2,-2,지하 2층,승강장,3호선 승강장 (대화 방면),상대식
KR_3_0522,3호선,주엽,B2,-2,지하 2층,승강장,3호선 승강장 (정발산 방면),상대식
KR_3_0508,3호선,정발산,1F,1,지상 1층,엘리베이터,일반승강기,[4호기](1F)4번출입구옆
KR_3_0508,3호선,정발산,1F,1,지상 1층,엘리베이터,일반승강기,[3호기](1F)1번출입구옆
KR_3_0508,3호선,정발산,1F,1,지상 1층,출입구,1번 출입구,교통약자 동선 연결
KR_3_0508,3호선,정발산,1F,1,지상 1층,출입구,2번 출입구,
KR_3_0508,3호선,정발산,1F,1,지상 1층,출입구,4번 출입구,교통약자 동선 연결
KR_3_0508,3호선,정발산,B1,-1,지하 1층,대합실,대합실,
KR_3_0508,3호선,정발산,B1,-1,지하 1층,개찰구,표 내는 곳,
KR_3_0508,3호선,정발산,B1,-1,지하 1층,엘리베이터,일반승강기,[4호기](1F)4번출입구옆
KR_3_0508,3호선,정발산,B1,-1,지하 1층,엘리베이터,일반승강기,[3호기](1F)1번출입구옆
KR_3_0508,3호선,정발산,B1,-1,지하 1층,엘리베이터,일반승강기,[2호기](B2)주엽역방향승강장7-3출입문앞
KR_3_0508,3호선,정발산,B1,-1,지하 1층,엘리베이터,일반승강기,[1호기](B2)마두역방향승강장4-1출입문앞
KR_3_0508,3호선,정발산,B1,-1,지하 1층,전동휠체어충전설비,전동휠체어충전설비,"(B1) 맞이방, 4번 출입구 옆"
KR_3_0508,3호선,정발산,B1,-1,지하 1층,화장실,일반화장실(남),"(B1) 맞이방, 2번 출입구 옆"
KR_3_0508,3호선,정발산,B1,-1,지하 1층,화장실,일반화장실(여),"(B1) 맞이방, 2번 출입구 옆"
KR_3_0508,3호선,정발산,B1,-1,지하 1층,화장실,장애인화장실(남),"(B1) 맞이방, 2번 출입구 옆"
KR_3_0508,3호선,정발산,B1,-1,지하 1층,화장실,장애인화장실(여),"(B1) 맞이방, 2번 출입구 옆"
KR_3_0508,3호선,정발산,B2,-2,지하 2층,엘리베이터,일반승강기,[1호기](B2)마두역방향승강장4-1출입문앞
KR_3_0508,3호선,정발산,B2,-2,지하 2층,엘리베이터,일반승강기,[2호기](B2)주엽역방향승강장7-3출입문앞
KR_3_0508,3호선,정발산,B2,-2,지하 2층,승강장,3호선 승강장 (주엽 방면),상대식
KR_3_0508,3호선,정발산,B2,-2,지하 2층,승강장,3호선 승강장 (마두 방면),상대식
KR_3_0179,3호선,마두,1F,1,지상 1층,엘리베이터,일반승강기,"[3호기]6번/7번출입구중간엘리베이터,7번출입구옆"
KR_3_0179,3호선,마두,1F,1,지상 1층,출입구,3번 출입구,
KR_3_0179,3호선,마두,1F,1,지상 1층,출입구,7번 출입구,교통약자 동선 연결
KR_3_0179,3호선,마두,B1,-1,지하 1층,대합실,대합실,
KR_3_0179,3호선,마두,B1,-1,지하 1층,개찰구,표 내는 곳,
KR_3_0179,3호선,마두,B1,-1,지하 1층,엘리베이터,일반승강기,"[3호기]6번/7번출입구중간엘리베이터,7번출입구옆"
KR_3_0179,3호선,마두,B1,-1,지하 1층,엘리베이터,일반승강기,[2호기](B2)정발산역방향승강장3-4출입문앞
KR_3_0179,3호선,마두,B1,-1,지하 1층,엘리베이터,일반승강기,[1호기](B2)백석역방향승강장7-4출입문앞
KR_3_0179,3호선,마두,B1,-1,지하 1층,화장실,일반화장실(남),(B1) 2번/3번 출입구 중간
KR_3_0179,3호선,마두,B1,-1,지하 1층,화장실,일반화장실(여),(B1) 2번/3번 출입구 중간
KR_3_0179,3호선,마두,B1,-1,지하 1층,화장실,장애인화장실(남),(B1) 2번/3번 출입구 중간
KR_3_0179,3호선,마두,B1,-1,지하 1층,화장실,장애인화장실(여),(B1) 2번/3번 출입구 중간
KR_3_0179,3호선,마두,B1,-1,지하 1층,고객센터,고객센터,(B1) 대합실 정발산 방향 게이트 내
KR_3_0179,3호선,마두,B2,-2,지하 2층,엘리베이터,일반승강기,[1호기](B2)백석역방향승강장7-4출입문앞
KR_3_0179,3호선,마두,B2,-2,지하 2층,엘리베이터,일반승강기,[2호기](B2)정발산역방향승강장3-4출입문앞
KR_3_0179,3호선,마두,B2,-2,지하 2층,승강장,3호선 승강장 (정발산 방면),섬식
KR_3_0179,3호선,마두,B2,-2,지하 2층,승강장,3호선 승강장 (백석 방면),섬식
KR_3_0224,3호선,백석,1F,1,지상 1층,엘리베이터,일반승강기,[2호기](B1)4번출입구방향계단옆
KR_3_0224,3호선,백석,1F,1,지상 1층,출입구,4번 출입구,교통약자 동선 연결
KR_3_0224,3호선,백석,B1,-1,지하 1층,대합실,대합실,
KR_3_0224,3호선,백석,B1,-1,지하 1층,개찰구,표 내는 곳,
KR_3_0224,3호선,백석,B1,-1,지하 1층,엘리베이터,일반승강기,[2호기](B1)4번출입구방향계단옆
KR_3_0224,3호선,백석,B1,-1,지하 1층,엘리베이터,일반승강기,[1호기](B2)대화역방향승강장4-1출입문앞/오금역방향승강장7-4출입문앞
KR_3_0224,3호선,백석,B1,-1,지하 1층,전동휠체어충전설비,전동휠체어충전설비,(B1) 고객안내센터 옆
KR_3_0224,3호선,백석,B1,-1,지하 1층,화장실,일반화장실(남),(B1) 4번출구 방향
KR_3_0224,3호선,백석,B1,-1,지하 1층,화장실,일반화장실(여),(B1) 4번출구 방향
KR_3_0224,3호선,백석,B1,-1,지하 1층,화장실,장애인화장실(남),(B1) 4번출구 방향
KR_3_0224,3호선,백석,B1,-1,지하 1층,화장실,장애인화장실(여),(B1) 4번출구 방향
KR_3_0224,3호선,백석,B1,-1,지하 1층,고객센터,고객센터,(B1) 대합실 4번 출입구 방향
KR_3_0224,3호선,백석,B2,-2,지하 2층,엘리베이터,일반승강기,[1호기](B2)대화역방향승강장4-1출입문앞/오금역방향승강장7-4출입문앞
KR_3_0224,3호선,백석,B2,-2,지하 2층,승강장,3호선 승강장 (마두 방면),상대식
KR_3_0224,3호선,백석,B2,-2,지하 2층,승강장,3호선 승강장 (대곡 방면),상대식
KR_3_0128,3호선,대곡,3F,3,지상 3층,엘리베이터,일반승강기,[2호기](3F)화정역방향승강장4-1출입문앞
KR_3_0128,3호선,대곡,3F,3,지상 3층,엘리베이터,일반승강기,[3호기](3F)백석역방향승강장7-4출입문앞
KR_3_0128,3호선,대곡,2F,2,지상 2층,개찰구,표 내는 곳,
KR_3_0128,3호선,대곡,2F,2,지상 2층,엘리베이터,일반승강기,[2호기](3F)화정역방향승강장4-1출입문앞
KR_3_0128,3호선,대곡,2F,2,지상 2층,엘리베이터,일반승강기,[3호기](3F)백석역방향승강장7-4출입문앞
KR_3_0128,3호선,대곡,2F,2,지상 2층,엘리베이터,일반승강기,[1호기](1F)고객지원실앞
KR_3_0128,3호선,대곡,2F,2,지상 2층,화장실,일반화장실(남),(2F) 맞이방 편의점 옆
KR_3_0128,3호선,대곡,2F,2,지상 2층,화장실,일반화장실(여),(2F) 맞이방 편의점 옆
KR_3_0128,3호선,대곡,2F,2,지상 2층,화장실,장애인화장실(남),(2F) 맞이방 편의점 옆
KR_3_0128,3호선,대곡,2F,2,지상 2층,화장실,장애인화장실(여),(2F) 맞이방 편의점 옆
KR_3_0128,3호선,대곡,2F,2,지상 2층,승강장,3호선 승강장 (백석 방면),상대식
KR_3_0128,3호선,대곡,2F,2,지상 2층,승강장,3호선 승강장 (화정 방면),상대식
KR_3_0128,3호선,대곡,1F,1,지상 1층,엘리베이터,일반승강기,[1호기](1F)고객지원실앞
KR_3_0128,3호선,대곡,1F,1,지상 1층,화장실,일반화장실(남),(1F)5번출입구 오른쪽방향 EV 뒤 
KR_3_0128,3호선,대곡,1F,1,지상 1층,화장실,일반화장실(여),(1F)5번출입구 오른쪽방향 EV 뒤 
KR_3_0128,3호선,대곡,1F,1,지상 1층,고객센터,고객센터,"(1F) 맞이방, 5번출구 왼쪽방향"
KR_3_0128,3호선,대곡,1F,1,지상 1층,출입구,5번 출입구,교통약자 동선 연결
KR_3_0603,3호선,화정,1F,1,지상 1층,엘리베이터,일반승강기,[2호기]3번출입구방향동고양세무서
KR_3_0603,3호선,화정,1F,1,지상 1층,엘리베이터,일반승강기,[1호기]1번출입구방향민방위교육장
KR_3_0603,3호선,화정,1F,1,지상 1층,출입구,1번 출입구,교통약자 동선 연결
KR_3_0603,3호선,화정,1F,1,지상 1층,출입구,3번 출입구,교통약자 동선 연결
KR_3_0603,3호선,화정,1F,1,지상 1층,출입구,4번 출입구,
KR_3_0603,3호선,화정,B1,-1,지하 1층,대합실,대합실,
KR_3_0603,3호선,화정,B1,-1,지하 1층,개찰구,표 내는 곳,
KR_3_0603,3호선,화정,B1,-1,지하 1층,엘리베이터,일반승강기,[1호기]1번출입구방향민방위교육장
KR_3_0603,3호선,화정,B1,-1,지하 1층,엘리베이터,일반승강기,[2호기]3번출입구방향동고양세무서
KR_3_0603,3호선,화정,B1,-1,지하 1층,엘리베이터,일반승강기,[4호기]대화행승강장3-4
KR_3_0603,3호선,화정,B1,-1,지하 1층,엘리베이터,일반승강기,[3호기]오금행승강장8-1
KR_3_0603,3호선,화정,B1,-1,지하 1층,전동휠체어충전설비,전동휠체어충전설비,(B1) 4번출구 계단옆
KR_3_0603,3호선,화정,B1,-1,지하 1층,화장실,일반화장실(남),(B1) 남쪽 수유실 건너편 방향
KR_3_0603,3호선,화정,B1,-1,지하 1층,화장실,일반화장실(여),(B1) 남쪽 수유실 건너편 방향
KR_3_0603,3호선,화정,B1,-1,지하 1층,화장실,장애인화장실(남),(B1) 남쪽 수유실 건너편 방향
KR_3_0603,3호선,화정,B1,-1,지하 1층,화장실,장애인화장실(여),(B1) 남쪽 수유실 건너편 방향
KR_3_0603,3호선,화정,B1,-1,지하 1층,수유실,수유실,(B1) 대합실 발매기 앞
KR_3_0603,3호선,화정,B2,-2,지하 2층,엘리베이터,일반승강기,[4호기]대화행승강장3-4
KR_3_0603,3호선,화정,B2,-2,지하 2층,엘리베이터,일반승강기,[3호기]오금행승강장8-1
KR_3_0603,3호선,화정,B2,-2,지하 2층,승강장,3호선 승강장 (대곡 방면),상대식
KR_3_0603,3호선,화정,B2,-2,지하 2층,승강장,3호선 승강장 (원당 방면),상대식
KR_3_0456,3호선,원당,3F,3,지상 3층,엘리베이터,일반승강기,[2호기](2F)맞이방북쪽게이트안오금행
KR_3_0456,3호선,원당,3F,3,지상 3층,엘리베이터,일반승강기,[1호기](2F)맞이방북쪽게이트안대화행
KR_3_0456,3호선,원당,3F,3,지상 3층,승강장,3호선 승강장 (화정 방면),상대식
KR_3_0456,3호선,원당,3F,3,지상 3층,승강장,3호선 승강장 (원흥 방면),상대식
KR_3_0456,3호선,원당,2F,2,지상 2층,대합실,대합실,
KR_3_0456,3호선,원당,2F,2,지상 2층,개찰구,표 내는 곳,
KR_3_0456,3호선,원당,2F,2,지상 2층,엘리베이터,일반승강기,[1호기](2F)맞이방북쪽게이트안대화행
KR_3_0456,3호선,원당,2F,2,지상 2층,엘리베이터,일반승강기,[2호기](2F)맞이방북쪽게이트안오금행
KR_3_0456,3호선,원당,2F,2,지상 2층,엘리베이터,일반승강기,[3호기](1F)5번출입구앞
KR_3_0456,3호선,원당,2F,2,지상 2층,엘리베이터,일반승강기,[4호기](1F)3번출입구앞
KR_3_0456,3호선,원당,2F,2,지상 2층,화장실,일반화장실(남),2층 맞이방 역무실에서 5번/6번 출입구 방향
KR_3_0456,3호선,원당,2F,2,지상 2층,화장실,일반화장실(여),2층 맞이방 역무실에서 5번/6번 출입구 방향
KR_3_0456,3호선,원당,2F,2,지상 2층,화장실,장애인화장실(남),2층 맞이방 역무실에서 5번/6번 출입구 방향
KR_3_0456,3호선,원당,2F,2,지상 2층,화장실,장애인화장실(여),2층 맞이방 역무실에서 5번/6번 출입구 방향
KR_3_0456,3호선,원당,1F,1,지상 1층,엘리베이터,일반승강기,[3호기](1F)5번출입구앞
KR_3_0456,3호선,원당,1F,1,지상 1층,엘리베이터,일반승강기,[4호기](1F)3번출입구앞
KR_3_0456,3호선,원당,1F,1,지상 1층,전동휠체어충전설비,전동휠체어충전설비,(F2) 4번출구 옆
KR_3_0456,3호선,원당,1F,1,지상 1층,출입구,3번 출입구,교통약자 동선 연결
KR_3_0456,3호선,원당,1F,1,지상 1층,출입구,4번 출입구,
KR_3_0456,3호선,원당,1F,1,지상 1층,출입구,5번 출입구,
KR_3_0456,3호선,원당,1F,1,지상 1층,출입구,6번 출입구,교통약자 동선 연결
KR_3_0036,3호선,원흥,1F,1,지상 1층,엘리베이터,일반승강기,"[1호기](B1)1번출구옆,(1F)1번출구와2번출구사이"
KR_3_0036,3호선,원흥,1F,1,지상 1층,엘리베이터,일반승강기,"[4호기](B1)7,8번출구하부중간,(1F)7.8번출구상부중간(동원로얄듀크비스타)"
KR_3_0036,3호선,원흥,1F,1,지상 1층,엘리베이터,일반승강기,"[3호기](B1)5번출구하부,(1F)5번출구상부"
KR_3_0036,3호선,원흥,1F,1,지상 1층,엘리베이터,일반승강기,"[2호기](B1)4번출구하부,(1F)4번출구상부(원흥역푸르지오)"
KR_3_0036,3호선,원흥,1F,1,지상 1층,출입구,1번 출입구,
KR_3_0036,3호선,원흥,1F,1,지상 1층,출입구,2번 출입구,교통약자 동선 연결
KR_3_0036,3호선,원흥,1F,1,지상 1층,출입구,3번 출입구,
KR_3_0036,3호선,원흥,1F,1,지상 1층,출입구,4번 출입구,교통약자 동선 연결
KR_3_0036,3호선,원흥,1F,1,지상 1층,출입구,5번 출입구,교통약자 동선 연결
KR_3_0036,3호선,원흥,1F,1,지상 1층,출입구,7번 출입구,교통약자 동선 연결
KR_3_0036,3호선,원흥,1F,1,지상 1층,출입구,8번 출입구,
KR_3_0036,3호선,원흥,B1,-1,지하 1층,대합실,대합실,
KR_3_0036,3호선,원흥,B1,-1,지하 1층,개찰구,표 내는 곳,
KR_3_0036,3호선,원흥,B1,-1,지하 1층,엘리베이터,일반승강기,"[1호기](B1)1번출구옆,(1F)1번출구와2번출구사이"
KR_3_0036,3호선,원흥,B1,-1,지하 1층,엘리베이터,일반승강기,"[4호기](B1)7,8번출구하부중간,(1F)7.8번출구상부중간(동원로얄듀크비스타)"
KR_3_0036,3호선,원흥,B1,-1,지하 1층,엘리베이터,일반승강기,"[2호기](B1)4번출구하부,(1F)4번출구상부(원흥역푸르지오)"
KR_3_0036,3호선,원흥,B1,-1,지하 1층,엘리베이터,일반승강기,"[3호기](B1)5번출구하부,(1F)5번출구상부"
KR_3_0036,3호선,원흥,B1,-1,지하 1층,엘리베이터,일반승강기,"[6호기]B2(대화방면-오금방면승강장간환승통로),B1(대화방면-앞)"
KR_3_0036,3호선,원흥,B1,-1,지하 1층,엘리베이터,일반승강기,"[5호기]B2(대화방면-오금방면승강장간환승통로),B1(오금방면-앞)"
KR_3_0036,3호선,원흥,B1,-1,지하 1층,전동휠체어충전설비,전동휠체어충전설비,(B1) 고객안내센터 옆
KR_3_0036,3호선,원흥,B1,-1,지하 1층,화장실,일반화장실(남),1번맞이방
KR_3_0036,3호선,원흥,B1,-1,지하 1층,화장실,일반화장실(남),3번맞이방
KR_3_0036,3호선,원흥,B1,-1,지하 1층,화장실,일반화장실(남),4번맞이방
KR_3_0036,3호선,원흥,B1,-1,지하 1층,화장실,일반화장실(남),2번맞이방
KR_3_0036,3호선,원흥,B1,-1,지하 1층,화장실,일반화장실(여),4번맞이방
KR_3_0036,3호선,원흥,B1,-1,지하 1층,화장실,일반화장실(여),2번맞이방
KR_3_0036,3호선,원흥,B1,-1,지하 1층,화장실,일반화장실(여),3번맞이방
KR_3_0036,3호선,원흥,B1,-1,지하 1층,화장실,일반화장실(여),1번맞이방
KR_3_0036,3호선,원흥,B1,-1,지하 1층,화장실,장애인화장실(남),1번맞이방
KR_3_0036,3호선,원흥,B1,-1,지하 1층,화장실,장애인화장실(남),4번맞이방
KR_3_0036,3호선,원흥,B1,-1,지하 1층,화장실,장애인화장실(여),1번맞이방
KR_3_0036,3호선,원흥,B1,-1,지하 1층,화장실,장애인화장실(여),4번맞이방
KR_3_0036,3호선,원흥,B1,-1,지하 1층,고객센터,고객센터,"(B1) 1번 맞이방 1,2,3번 출입구 방향"
KR_3_0036,3호선,원흥,B1,-1,지하 1층,수유실,수유실,(B1) 1번 맞이방 화장실 근처
KR_3_0036,3호선,원흥,B1,-1,지하 1층,승강장,3호선 승강장 (원당 방면),상대식
KR_3_0036,3호선,원흥,B1,-1,지하 1층,승강장,3호선 승강장 (삼송 방면),상대식
KR_3_0036,3호선,원흥,B2,-2,지하 2층,엘리베이터,일반승강기,"[6호기]B2(대화방면-오금방면승강장간환승통로),B1(대화방면-앞)"
KR_3_0036,3호선,원흥,B2,-2,지하 2층,엘리베이터,일반승강기,"[5호기]B2(대화방면-오금방면승강장간환승통로),B1(오금방면-앞)"
KR_3_0268,3호선,삼송,1F,1,지상 1층,엘리베이터,일반승강기,[3호기](B1)5번출입구앞
KR_3_0268,3호선,삼송,1F,1,지상 1층,엘리베이터,일반승강기,[5호기](B1)7번출입구앞
KR_3_0268,3호선,삼송,1F,1,지상 1층,엘리베이터,일반승강기,[4호기](B1)6번출입구앞
KR_3_0268,3호선,삼송,1F,1,지상 1층,출입구,1번 출입구,
KR_3_0268,3호선,삼송,1F,1,지상 1층,출입구,5번 출입구,교통약자 동선 연결
KR_3_0268,3호선,삼송,1F,1,지상 1층,출입구,6번 출입구,교통약자 동선 연결
KR_3_0268,3호선,삼송,1F,1,지상 1층,출입구,7번 출입구,
KR_3_0268,3호선,삼송,1F,1,지상 1층,출입구,8번 출입구,교통약자 동선 연결
KR_3_0268,3호선,삼송,B1,-1,지하 1층,개찰구,표 내는 곳,
KR_3_0268,3호선,삼송,B1,-1,지하 1층,엘리베이터,일반승강기,[5호기](B1)7번출입구앞
KR_3_0268,3호선,삼송,B1,-1,지하 1층,엘리베이터,일반승강기,[4호기](B1)6번출입구앞
KR_3_0268,3호선,삼송,B1,-1,지하 1층,엘리베이터,일반승강기,[3호기](B1)5번출입구앞
KR_3_0268,3호선,삼송,B1,-1,지하 1층,엘리베이터,일반승강기,"[2호기](B2)대화역방향승강장7-4출입문앞(B1)6번출입구방향,대화행표내는곳내계단옆"
KR_3_0268,3호선,삼송,B1,-1,지하 1층,엘리베이터,일반승강기,"[1호기](B2)오금역방향승강장3-4출입문앞(B1)1번출입구방향,오금행표내는곳내계단옆"
KR_3_0268,3호선,삼송,B1,-1,지하 1층,전동휠체어충전설비,전동휠체어충전설비,(B1) 화장실 입구 옆
KR_3_0268,3호선,삼송,B1,-1,지하 1층,화장실,일반화장실(남),"맞이방 중앙, 역무실 맞은편"
KR_3_0268,3호선,삼송,B1,-1,지하 1층,화장실,일반화장실(여),"맞이방 중앙, 역무실 맞은편"
KR_3_0268,3호선,삼송,B1,-1,지하 1층,화장실,장애인화장실(남),"맞이방 중앙, 역무실 맞은편"
KR_3_0268,3호선,삼송,B1,-1,지하 1층,화장실,장애인화장실(여),"맞이방 중앙, 역무실 맞은편"
KR_3_0268,3호선,삼송,B1,-1,지하 1층,고객센터,고객센터,"(B1) 대합실 중앙, 화장실 바로 앞"
KR_3_0268,3호선,삼송,B1,-1,지하 1층,승강장,3호선 승강장 (원흥 방면),상대식
KR_3_0268,3호선,삼송,B1,-1,지하 1층,승강장,3호선 승강장 (삼송 방면),상대식
KR_3_0268,3호선,삼송,B2,-2,지하 2층,엘리베이터,일반승강기,"[1호기](B2)오금역방향승강장3-4출입문앞(B1)1번출입구방향,오금행표내는곳내계단옆"
KR_3_0268,3호선,삼송,B2,-2,지하 2층,엘리베이터,일반승강기,"[2호기](B2)대화역방향승강장7-4출입문앞(B1)6번출입구방향,대화행표내는곳내계단옆"
S1_3_0536,3호선,지축,2F,2,지상 2층,엘리베이터,일반승강기,"[1호기]삼송방면2-1,구파발방면9-4"
S1_3_0536,3호선,지축,2F,2,지상 2층,승강장,3호선 승강장 (지축 방면),섬식
S1_3_0536,3호선,지축,2F,2,지상 2층,승강장,3호선 승강장 (구파발 방면),섬식
S1_3_0536,3호선,지축,1F,1,지상 1층,대합실,대합실,
S1_3_0536,3호선,지축,1F,1,지상 1층,개찰구,표 내는 곳,
S1_3_0536,3호선,지축,1F,1,지상 1층,엘리베이터,일반승강기,"[1호기]삼송방면2-1,구파발방면9-4"
S1_3_0536,3호선,지축,1F,1,지상 1층,고객센터,고객센터,1층 대합실
S1_3_0536,3호선,지축,1F,1,지상 1층,출입구,1번 출입구,교통약자 동선 연결
S1_3_0078,3호선,구파발,1F,1,지상 1층,엘리베이터,일반승강기,[2호기]1번출구측
S1_3_0078,3호선,구파발,1F,1,지상 1층,출입구,1번 출입구,교통약자 동선 연결
S1_3_0078,3호선,구파발,B1,-1,지하 1층,대합실,대합실,
S1_3_0078,3호선,구파발,B1,-1,지하 1층,개찰구,표 내는 곳,
S1_3_0078,3호선,구파발,B1,-1,지하 1층,엘리베이터,일반승강기,[2호기]1번출구측
S1_3_0078,3호선,구파발,B1,-1,지하 1층,엘리베이터,일반승강기,"[1호기]지축방면5-3,연신내방면6-2"
S1_3_0078,3호선,구파발,B1,-1,지하 1층,화장실,일반화장실(남),지하1층 대합실 (가) 표 내는 곳 외부
S1_3_0078,3호선,구파발,B1,-1,지하 1층,화장실,일반화장실(여),지하1층 대합실 (가) 표 내는 곳 외부
S1_3_0078,3호선,구파발,B1,-1,지하 1층,화장실,장애인화장실(남),지하1층 대합실 (가) 표 내는 곳 외부
S1_3_0078,3호선,구파발,B1,-1,지하 1층,화장실,장애인화장실(여),지하1층 대합실 (가) 표 내는 곳 외부
S1_3_0078,3호선,구파발,B1,-1,지하 1층,고객센터,고객센터,B1층 대합실
S1_3_0078,3호선,구파발,B1,-1,지하 1층,수유실,수유실,B1 고객안전실  인접
S1_3_0078,3호선,구파발,B2,-2,지하 2층,엘리베이터,일반승강기,"[1호기]지축방면5-3,연신내방면6-2"
S1_3_0078,3호선,구파발,B2,-2,지하 2층,승강장,3호선 승강장 (지축 방면),섬식
S1_3_0078,3호선,구파발,B2,-2,지하 2층,승강장,3호선 승강장 (연신내 방면),섬식
S1_3_0418,3호선,연신내,1F,1,지상 1층,출입구,6번 출입구,교통약자 동선 연결
S1_3_0418,3호선,연신내,B1,-1,지하 1층,대합실,대합실,
S1_3_0418,3호선,연신내,B1,-1,지하 1층,개찰구,표 내는 곳,
S1_3_0418,3호선,연신내,B1,-1,지하 1층,엘리베이터,일반승강기,"[1호기]구파발방면6-1,불광방면5-4"
S1_3_0418,3호선,연신내,B1,-1,지하 1층,화장실,일반화장실(남),지하 1층 대합실 라 표 내는 곳 내부
S1_3_0418,3호선,연신내,B1,-1,지하 1층,화장실,일반화장실(여),지하 1층 대합실 라 표 내는 곳 내부
S1_3_0418,3호선,연신내,B1,-1,지하 1층,화장실,장애인화장실(남),지하 1층 대합실 라 표 내는 곳 내부
S1_3_0418,3호선,연신내,B1,-1,지하 1층,화장실,장애인화장실(여),지하 1층 대합실 라 표 내는 곳 내부
S1_3_0418,3호선,연신내,B1,-1,지하 1층,고객센터,고객센터,B1층 대합실
S1_3_0418,3호선,연신내,B2,-2,지하 2층,엘리베이터,일반승강기,"[1호기]구파발방면6-1,불광방면5-4"
S1_3_0418,3호선,연신내,B2,-2,지하 2층,승강장,3호선 승강장 (구파발 방면),섬식
S1_3_0418,3호선,연신내,B2,-2,지하 2층,승강장,3호선 승강장 (불광 방면),섬식
S1_3_0418,3호선,연신내,B5,-5,지하 5층,환승승강장,6호선 승강장 (구산 방면),6호선
S1_3_0255,3호선,불광,1F,1,지상 1층,엘리베이터,일반승강기,[4호기]3번출구측
S1_3_0255,3호선,불광,1F,1,지상 1층,엘리베이터,일반승강기,[3호기]1번출구측
S1_3_0255,3호선,불광,1F,1,지상 1층,출입구,1번 출입구,교통약자 동선 연결
S1_3_0255,3호선,불광,1F,1,지상 1층,출입구,3번 출입구,
S1_3_0255,3호선,불광,1F,1,지상 1층,출입구,8번 출입구,교통약자 동선 연결
S1_3_0255,3호선,불광,B1,-1,지하 1층,대합실,대합실,
S1_3_0255,3호선,불광,B1,-1,지하 1층,개찰구,표 내는 곳,
S1_3_0255,3호선,불광,B1,-1,지하 1층,엘리베이터,일반승강기,[4호기]3번출구측
S1_3_0255,3호선,불광,B1,-1,지하 1층,엘리베이터,일반승강기,[3호기]1번출구측
S1_3_0255,3호선,불광,B1,-1,지하 1층,엘리베이터,일반승강기,[2호기]녹번방면8-2
S1_3_0255,3호선,불광,B1,-1,지하 1층,엘리베이터,일반승강기,[1호기]연신내방면3-3
S1_3_0255,3호선,불광,B1,-1,지하 1층,전동휠체어충전설비,전동휠체어충전설비,가 게이트 옆
S1_3_0255,3호선,불광,B1,-1,지하 1층,화장실,일반화장실(남),지하1층 대합실 (나) 표 내는 곳 외부
S1_3_0255,3호선,불광,B1,-1,지하 1층,화장실,일반화장실(여),지하1층 대합실 (나) 표 내는 곳 외부
S1_3_0255,3호선,불광,B1,-1,지하 1층,화장실,장애인화장실(남),지하1층 대합실 (나) 표 내는 곳 외부
S1_3_0255,3호선,불광,B1,-1,지하 1층,화장실,장애인화장실(여),지하1층 대합실 (나) 표 내는 곳 외부
S1_3_0255,3호선,불광,B1,-1,지하 1층,고객센터,고객센터,B1층 대합실
S1_3_0255,3호선,불광,B2,-2,지하 2층,대합실,대합실,
S1_3_0255,3호선,불광,B2,-2,지하 2층,엘리베이터,일반승강기,[1호기]연신내방면3-3
S1_3_0255,3호선,불광,B2,-2,지하 2층,엘리베이터,일반승강기,[2호기]녹번방면8-2
S1_3_0255,3호선,불광,B2,-2,지하 2층,승강장,3호선 승강장 (연신내 방면),상대식
S1_3_0255,3호선,불광,B2,-2,지하 2층,승강장,3호선 승강장 (녹번 방면),상대식
S1_3_0255,3호선,불광,B4,-4,지하 4층,환승승강장,6호선 승강장 (독바위 방면),6호선
S1_3_0116,3호선,녹번,1F,1,지상 1층,엘리베이터,일반승강기,[3호기]1번출구측
S1_3_0116,3호선,녹번,1F,1,지상 1층,엘리베이터,일반승강기,[2호기]3번출구측
S1_3_0116,3호선,녹번,1F,1,지상 1층,출입구,1번 출입구,교통약자 동선 연결
S1_3_0116,3호선,녹번,1F,1,지상 1층,출입구,3번 출입구,교통약자 동선 연결
S1_3_0116,3호선,녹번,B1,-1,지하 1층,대합실,대합실,
S1_3_0116,3호선,녹번,B1,-1,지하 1층,개찰구,표 내는 곳,
S1_3_0116,3호선,녹번,B1,-1,지하 1층,엘리베이터,일반승강기,[2호기]3번출구측
S1_3_0116,3호선,녹번,B1,-1,지하 1층,엘리베이터,일반승강기,[3호기]1번출구측
S1_3_0116,3호선,녹번,B1,-1,지하 1층,엘리베이터,일반승강기,"[1호기]불광방면3-1,홍제방면8-4"
S1_3_0116,3호선,녹번,B1,-1,지하 1층,화장실,일반화장실(남),지하1층 대합실 표 내는 곳 외부
S1_3_0116,3호선,녹번,B1,-1,지하 1층,화장실,일반화장실(여),지하1층 대합실 표 내는 곳 외부
S1_3_0116,3호선,녹번,B1,-1,지하 1층,화장실,장애인화장실(남),지하1층 대합실 표 내는 곳 외부
S1_3_0116,3호선,녹번,B1,-1,지하 1층,화장실,장애인화장실(여),지하1층 대합실 표 내는 곳 외부
S1_3_0116,3호선,녹번,B1,-1,지하 1층,고객센터,고객센터,B1층 대합실
S1_3_0116,3호선,녹번,B2,-2,지하 2층,엘리베이터,일반승강기,"[1호기]불광방면3-1,홍제방면8-4"
S1_3_0116,3호선,녹번,B2,-2,지하 2층,승강장,3호선 승강장 (불광 방면),섬식
S1_3_0116,3호선,녹번,B2,-2,지하 2층,승강장,3호선 승강장 (홍제 방면),섬식
S1_3_0597,3호선,홍제,1F,1,지상 1층,엘리베이터,일반승강기,[3호기]1번출구측
S1_3_0597,3호선,홍제,1F,1,지상 1층,엘리베이터,일반승강기,[2호기]4번출구측
S1_3_0597,3호선,홍제,1F,1,지상 1층,출입구,1번 출입구,
S1_3_0597,3호선,홍제,1F,1,지상 1층,출입구,4번 출입구,교통약자 동선 연결
S1_3_0597,3호선,홍제,B1,-1,지하 1층,엘리베이터,일반승강기,[3호기]1번출구측
S1_3_0597,3호선,홍제,B1,-1,지하 1층,엘리베이터,일반승강기,[2호기](B2-F1)4번 출입구측
S1_3_0597,3호선,홍제,B1,-1,지하 1층,화장실,일반화장실(남),지하1층 대합실 상가(다이소) 옆
S1_3_0597,3호선,홍제,B1,-1,지하 1층,화장실,일반화장실(여),지하1층 대합실 상가(다이소) 옆
S1_3_0597,3호선,홍제,B2,-2,지하 2층,대합실,대합실,
S1_3_0597,3호선,홍제,B2,-2,지하 2층,개찰구,표 내는 곳,
S1_3_0597,3호선,홍제,B2,-2,지하 2층,엘리베이터,일반승강기,[2호기]4번출구측
S1_3_0597,3호선,홍제,B2,-2,지하 2층,엘리베이터,일반승강기,"[1호기]녹번방면3-4,무악재방면8-1"
S1_3_0597,3호선,홍제,B2,-2,지하 2층,화장실,일반화장실(남),지하2층 대합실 다개집표기 앞
S1_3_0597,3호선,홍제,B2,-2,지하 2층,화장실,일반화장실(여),지하2층 대합실 다개집표기 앞
S1_3_0597,3호선,홍제,B2,-2,지하 2층,화장실,장애인화장실(남),지하2층 대합실 다개집표기 앞
S1_3_0597,3호선,홍제,B2,-2,지하 2층,화장실,장애인화장실(여),지하2층 대합실 다개집표기 앞
S1_3_0597,3호선,홍제,B2,-2,지하 2층,고객센터,고객센터,B2층 대합실
S1_3_0597,3호선,홍제,B2,-2,지하 2층,승강장,3호선 승강장 (녹번 방면),섬식
S1_3_0597,3호선,홍제,B2,-2,지하 2층,승강장,3호선 승강장 (무악재 방면),섬식
S1_3_0597,3호선,홍제,B3,-3,지하 3층,엘리베이터,일반승강기,"[1호기]녹번방면3-4,무악재방면8-1"
S1_3_0205,3호선,무악재,1F,1,지상 1층,엘리베이터,일반승강기,[3호기]1번출구측
S1_3_0205,3호선,무악재,1F,1,지상 1층,출입구,1번 출입구,교통약자 동선 연결
S1_3_0205,3호선,무악재,B1,-1,지하 1층,엘리베이터,일반승강기,[3호기](B2-F1)(B2) 3호선 지하2층 대합실 (1F)1번 출입구 옆
S1_3_0205,3호선,무악재,B2,-2,지하 2층,대합실,대합실,
S1_3_0205,3호선,무악재,B2,-2,지하 2층,개찰구,표 내는 곳,
S1_3_0205,3호선,무악재,B2,-2,지하 2층,엘리베이터,일반승강기,[3호기]1번출구측
S1_3_0205,3호선,무악재,B2,-2,지하 2층,엘리베이터,일반승강기,[2호기]독립문방면8-2
S1_3_0205,3호선,무악재,B2,-2,지하 2층,엘리베이터,일반승강기,[1호기]홍제방면3-3
S1_3_0205,3호선,무악재,B2,-2,지하 2층,전동휠체어충전설비,전동휠체어충전설비,1번출입구에서 지하2층으로 내려온후 좌측 7m
S1_3_0205,3호선,무악재,B2,-2,지하 2층,화장실,일반화장실(남),지하2층 대합실 (가) 표 내는 곳 내부
S1_3_0205,3호선,무악재,B2,-2,지하 2층,화장실,일반화장실(여),지하2층 대합실 (가) 표 내는 곳 내부
S1_3_0205,3호선,무악재,B2,-2,지하 2층,화장실,장애인화장실(남),지하2층 대합실 (가) 표 내는 곳 내부
S1_3_0205,3호선,무악재,B2,-2,지하 2층,화장실,장애인화장실(여),지하2층 대합실 (가) 표 내는 곳 내부
S1_3_0205,3호선,무악재,B2,-2,지하 2층,고객센터,고객센터,B2층 대합실
S1_3_0205,3호선,무악재,B3,-3,지하 3층,엘리베이터,일반승강기,[1호기]홍제방면3-3
S1_3_0205,3호선,무악재,B3,-3,지하 3층,엘리베이터,일반승강기,[2호기]독립문방면8-2
S1_3_0205,3호선,무악재,B3,-3,지하 3층,승강장,3호선 승강장 (홍제 방면),상대식
S1_3_0205,3호선,무악재,B3,-3,지하 3층,승강장,3호선 승강장 (독립문 방면),상대식
S1_3_0150,3호선,독립문,1F,1,지상 1층,엘리베이터,일반승강기,[2호기]4번출구측
S1_3_0150,3호선,독립문,1F,1,지상 1층,출입구,4번 출입구,교통약자 동선 연결
S1_3_0150,3호선,독립문,B1,-1,지하 1층,엘리베이터,일반승강기,[2호기](B2-F1)4번 출입구측
S1_3_0150,3호선,독립문,B1,-1,지하 1층,전동휠체어충전설비,전동휠체어충전설비,4번 출입에서 지하1층으로 내려온 후 좌측 65m
S1_3_0150,3호선,독립문,B2,-2,지하 2층,대합실,대합실,
S1_3_0150,3호선,독립문,B2,-2,지하 2층,개찰구,표 내는 곳,
S1_3_0150,3호선,독립문,B2,-2,지하 2층,엘리베이터,일반승강기,[2호기]4번출구측
S1_3_0150,3호선,독립문,B2,-2,지하 2층,엘리베이터,일반승강기,"[1호기]무악재방면9-1,경복궁방면2-4"
S1_3_0150,3호선,독립문,B2,-2,지하 2층,화장실,일반화장실(남),지하2층 대합실 (나) 표 내는 곳 내부
S1_3_0150,3호선,독립문,B2,-2,지하 2층,화장실,일반화장실(여),지하2층 대합실 (나) 표 내는 곳 내부
S1_3_0150,3호선,독립문,B2,-2,지하 2층,화장실,장애인화장실(남),지하2층 대합실 (나) 표 내는 곳 내부
S1_3_0150,3호선,독립문,B2,-2,지하 2층,화장실,장애인화장실(여),지하2층 대합실 (나) 표 내는 곳 내부
S1_3_0150,3호선,독립문,B2,-2,지하 2층,고객센터,고객센터,B2층 대합실
S1_3_0150,3호선,독립문,B2,-2,지하 2층,수유실,수유실,B2 고객안전실  내부
S1_3_0150,3호선,독립문,B3,-3,지하 3층,엘리베이터,일반승강기,"[1호기]무악재방면9-1,경복궁방면2-4"
S1_3_0150,3호선,독립문,B3,-3,지하 3층,승강장,3호선 승강장 (무악재 방면),섬식
S1_3_0150,3호선,독립문,B3,-3,지하 3층,승강장,3호선 승강장 (경복궁 방면),섬식
S1_3_0040,3호선,경복궁,1F,1,지상 1층,엘리베이터,일반승강기,[2호기]4번출구측
S1_3_0040,3호선,경복궁,1F,1,지상 1층,출입구,4번 출입구,교통약자 동선 연결
S1_3_0040,3호선,경복궁,B1,-1,지하 1층,엘리베이터,일반승강기,[2호기](B2-F1)4번 출입구측
S1_3_0040,3호선,경복궁,B2,-2,지하 2층,대합실,대합실,
S1_3_0040,3호선,경복궁,B2,-2,지하 2층,개찰구,표 내는 곳,
S1_3_0040,3호선,경복궁,B2,-2,지하 2층,엘리베이터,일반승강기,[2호기]4번출구측
S1_3_0040,3호선,경복궁,B2,-2,지하 2층,엘리베이터,일반승강기,"[1호기]독립문방면6-2,안국방면5-3"
S1_3_0040,3호선,경복궁,B2,-2,지하 2층,화장실,일반화장실(남),지하2층 대합실 (가) 표 내는 곳 내부
S1_3_0040,3호선,경복궁,B2,-2,지하 2층,화장실,일반화장실(여),지하2층 대합실 (가) 표 내는 곳 내부
S1_3_0040,3호선,경복궁,B2,-2,지하 2층,화장실,장애인화장실(남),지하2층 대합실 (가) 표 내는 곳 내부
S1_3_0040,3호선,경복궁,B2,-2,지하 2층,화장실,장애인화장실(여),지하2층 대합실 (가) 표 내는 곳 내부
S1_3_0040,3호선,경복궁,B2,-2,지하 2층,고객센터,고객센터,B2층 대합실
S1_3_0040,3호선,경복궁,B3,-3,지하 3층,엘리베이터,일반승강기,"[1호기]독립문방면6-2,안국방면5-3"
S1_3_0040,3호선,경복궁,B3,-3,지하 3층,승강장,3호선 승강장 (독립문 방면),섬식
S1_3_0040,3호선,경복궁,B3,-3,지하 3층,승강장,3호선 승강장 (안국 방면),섬식
S1_3_0387,3호선,안국,1F,1,지상 1층,엘리베이터,일반승강기,[2호기]6번출구측
S1_3_0387,3호선,안국,1F,1,지상 1층,출입구,6번 출입구,교통약자 동선 연결
S1_3_0387,3호선,안국,B1,-1,지하 1층,엘리베이터,일반승강기,[2호기](B2-F1)6번 출입구측
S1_3_0387,3호선,안국,B2,-2,지하 2층,엘리베이터,일반승강기,[2호기]6번출구측
S1_3_0387,3호선,안국,B2,-2,지하 2층,엘리베이터,일반승강기,"[1호기]경복궁방면3-2,종로3가방면8-3"
S1_3_0387,3호선,안국,B3,-3,지하 3층,대합실,대합실,
S1_3_0387,3호선,안국,B3,-3,지하 3층,개찰구,표 내는 곳,
S1_3_0387,3호선,안국,B3,-3,지하 3층,엘리베이터,일반승강기,"[1호기]경복궁방면3-2,종로3가방면8-3"
S1_3_0387,3호선,안국,B3,-3,지하 3층,전동휠체어충전설비,전동휠체어충전설비,지하3층 외부 E/V 앞쪽 3m 지점
S1_3_0387,3호선,안국,B3,-3,지하 3층,화장실,일반화장실(남),지하3층 대합실 A계단 방면
S1_3_0387,3호선,안국,B3,-3,지하 3층,화장실,일반화장실(여),지하3층 대합실 A계단 방면
S1_3_0387,3호선,안국,B3,-3,지하 3층,화장실,장애인화장실(남),지하3층 대합실 A계단 방면
S1_3_0387,3호선,안국,B3,-3,지하 3층,화장실,장애인화장실(여),지하3층 대합실 A계단 방면
S1_3_0387,3호선,안국,B3,-3,지하 3층,고객센터,고객센터,B3층 대합실
S1_3_0387,3호선,안국,B4,-4,지하 4층,승강장,3호선 승강장 (경복궁 방면),섬식
S1_3_0387,3호선,안국,B4,-4,지하 4층,승강장,3호선 승강장 (종로3가 방면),섬식
S1_3_0515,3호선,종로3가,1F,1,지상 1층,엘리베이터,일반승강기,[2호기]8번출구측
S1_3_0515,3호선,종로3가,1F,1,지상 1층,출입구,8번 출입구,교통약자 동선 연결
S1_3_0515,3호선,종로3가,B1,-1,지하 1층,대합실,대합실,
S1_3_0515,3호선,종로3가,B1,-1,지하 1층,엘리베이터,일반승강기,[2호기]8번출구측
S1_3_0515,3호선,종로3가,B2,-2,지하 2층,엘리베이터,일반승강기,[2호기](B3-B1)8번 출입구
S1_3_0515,3호선,종로3가,B2,-2,지하 2층,엘리베이터,일반승강기,"[1호기]안국방면4-3,을지로3가방면7-1"
S1_3_0515,3호선,종로3가,B2,-2,지하 2층,고객센터,고객센터,B2층 대합실
S1_3_0515,3호선,종로3가,B2,-2,지하 2층,환승승강장,1호선 승강장 (종로5가 방면),1호선
S1_3_0515,3호선,종로3가,B2,-2,지하 2층,환승승강장,1호선 승강장 (종각 방면),1호선
S1_3_0515,3호선,종로3가,B3,-3,지하 3층,대합실,대합실,
S1_3_0515,3호선,종로3가,B3,-3,지하 3층,개찰구,표 내는 곳,
S1_3_0515,3호선,종로3가,B3,-3,지하 3층,엘리베이터,일반승강기,"[1호기](B4-B2)지축방향 4-3, 오금방향 7-1"
S1_3_0515,3호선,종로3가,B3,-3,지하 3층,화장실,일반화장실(남),지하3층
S1_3_0515,3호선,종로3가,B3,-3,지하 3층,화장실,일반화장실(여),지하3층
S1_3_0515,3호선,종로3가,B3,-3,지하 3층,화장실,장애인화장실(남),지하3층
S1_3_0515,3호선,종로3가,B3,-3,지하 3층,화장실,장애인화장실(여),지하3층
S1_3_0515,3호선,종로3가,B4,-4,지하 4층,대합실,대합실,
S1_3_0515,3호선,종로3가,B4,-4,지하 4층,엘리베이터,일반승강기,"[1호기]안국방면4-3,을지로3가방면7-1"
S1_3_0515,3호선,종로3가,B4,-4,지하 4층,승강장,3호선 승강장 (안국 방면),섬식
S1_3_0515,3호선,종로3가,B4,-4,지하 4층,승강장,3호선 승강장 (을지로3가 방면),섬식
S1_3_0515,3호선,종로3가,B5,-5,지하 5층,환승승강장,5호선 승강장 (광화문 방면),5호선
S1_3_0515,3호선,종로3가,B5,-5,지하 5층,환승승강장,5호선 승강장 (을지로4가 방면),5호선
S1_3_0464,3호선,을지로3가,1F,1,지상 1층,엘리베이터,일반승강기,[2호기]10번출구측
S1_3_0464,3호선,을지로3가,1F,1,지상 1층,출입구,10번 출입구,교통약자 동선 연결
S1_3_0464,3호선,을지로3가,1F,1,지상 1층,출입구,12번 출입구,교통약자 동선 연결
S1_3_0464,3호선,을지로3가,B1,-1,지하 1층,대합실,대합실,
S1_3_0464,3호선,을지로3가,B1,-1,지하 1층,개찰구,표 내는 곳,
S1_3_0464,3호선,을지로3가,B1,-1,지하 1층,엘리베이터,일반승강기,[2호기]10번출구측
S1_3_0464,3호선,을지로3가,B1,-1,지하 1층,엘리베이터,일반승강기,"[1호기]종로3가방면6-3,충무로방면5-2"
S1_3_0464,3호선,을지로3가,B1,-1,지하 1층,고객센터,고객센터,B1층 대합실
S1_3_0464,3호선,을지로3가,B1,-1,지하 1층,환승승강장,2호선 승강장 (을지로입구 방면),2호선
S1_3_0464,3호선,을지로3가,B2,-2,지하 2층,엘리베이터,일반승강기,[1호기](B3-B1)섬식(상) 6-3
S1_3_0464,3호선,을지로3가,B2,-2,지하 2층,화장실,일반화장실(남),가 대합실 역무실 아래 지하 2층
S1_3_0464,3호선,을지로3가,B2,-2,지하 2층,화장실,일반화장실(여),가 대합실 역무실 아래 지하 2층
S1_3_0464,3호선,을지로3가,B2,-2,지하 2층,화장실,장애인화장실(남),가 대합실 역무실 아래 지하 2층
S1_3_0464,3호선,을지로3가,B2,-2,지하 2층,화장실,장애인화장실(여),가 대합실 역무실 아래 지하 2층
S1_3_0464,3호선,을지로3가,B2,-2,지하 2층,환승승강장,2호선 승강장 (을지로4가 방면),2호선
S1_3_0464,3호선,을지로3가,B3,-3,지하 3층,엘리베이터,일반승강기,"[1호기]종로3가방면6-3,충무로방면5-2"
S1_3_0464,3호선,을지로3가,B3,-3,지하 3층,승강장,3호선 승강장 (종로3가 방면),섬식
S1_3_0464,3호선,을지로3가,B3,-3,지하 3층,승강장,3호선 승강장 (충무로 방면),섬식
S1_3_0563,3호선,충무로,1F,1,지상 1층,출입구,7번 출입구,교통약자 동선 연결
S1_3_0563,3호선,충무로,B1,-1,지하 1층,대합실,대합실,
S1_3_0563,3호선,충무로,B1,-1,지하 1층,개찰구,표 내는 곳,
S1_3_0563,3호선,충무로,B1,-1,지하 1층,고객센터,고객센터,B1층 대합실
S1_3_0563,3호선,충무로,B2,-2,지하 2층,대합실,대합실,
S1_3_0563,3호선,충무로,B3,-3,지하 3층,환승승강장,4호선 승강장 (동대문역사문화공원 방면),4호선
S1_3_0563,3호선,충무로,B3,-3,지하 3층,환승승강장,4호선 승강장 (명동 방면),4호선
S1_3_0563,3호선,충무로,B4,-4,지하 4층,승강장,3호선 승강장 (을지로3가 방면),섬식
S1_3_0563,3호선,충무로,B4,-4,지하 4층,승강장,3호선 승강장 (동대입구 방면),섬식
S1_3_0157,3호선,동대입구,1F,1,지상 1층,엘리베이터,일반승강기,[4호기]2번출구측
S1_3_0157,3호선,동대입구,1F,1,지상 1층,엘리베이터,일반승강기,[3호기]6번출구측
S1_3_0157,3호선,동대입구,1F,1,지상 1층,출입구,2번 출입구,
S1_3_0157,3호선,동대입구,1F,1,지상 1층,출입구,6번 출입구,교통약자 동선 연결
S1_3_0157,3호선,동대입구,B1,-1,지하 1층,엘리베이터,일반승강기,[3호기](B2-F1)6번 출입구측
S1_3_0157,3호선,동대입구,B1,-1,지하 1층,엘리베이터,일반승강기,[2호기]대합실(F계단측)
S1_3_0157,3호선,동대입구,B2,-2,지하 2층,대합실,대합실,
S1_3_0157,3호선,동대입구,B2,-2,지하 2층,개찰구,표 내는 곳,
S1_3_0157,3호선,동대입구,B2,-2,지하 2층,엘리베이터,일반승강기,[2호기]대합실(F계단측)
S1_3_0157,3호선,동대입구,B2,-2,지하 2층,엘리베이터,일반승강기,[3호기]6번출구측
S1_3_0157,3호선,동대입구,B2,-2,지하 2층,엘리베이터,일반승강기,[4호기]2번출구측
S1_3_0157,3호선,동대입구,B2,-2,지하 2층,엘리베이터,일반승강기,"[1호기]충무로방면3-1,약수방면8-4"
S1_3_0157,3호선,동대입구,B2,-2,지하 2층,화장실,일반화장실(남),"대합실 2층 ""가"" 표 내는 곳 앞"
S1_3_0157,3호선,동대입구,B2,-2,지하 2층,화장실,일반화장실(여),"대합실 2층 ""가"" 표 내는 곳 앞"
S1_3_0157,3호선,동대입구,B2,-2,지하 2층,화장실,장애인화장실(남),"대합실 2층 ""가"" 표 내는 곳 앞"
S1_3_0157,3호선,동대입구,B2,-2,지하 2층,화장실,장애인화장실(여),"대합실 2층 ""가"" 표 내는 곳 앞"
S1_3_0157,3호선,동대입구,B3,-3,지하 3층,엘리베이터,일반승강기,"[1호기]충무로방면3-1,약수방면8-4"
S1_3_0157,3호선,동대입구,B3,-3,지하 3층,고객센터,고객센터,B3층 대합실
S1_3_0157,3호선,동대입구,B3,-3,지하 3층,승강장,3호선 승강장 (충무로 방면),섬식
S1_3_0157,3호선,동대입구,B3,-3,지하 3층,승강장,3호선 승강장 (약수 방면),섬식
S1_3_0397,3호선,약수,1F,1,지상 1층,엘리베이터,일반승강기,[2호기]3번출구측
S1_3_0397,3호선,약수,1F,1,지상 1층,출입구,3번 출입구,교통약자 동선 연결
S1_3_0397,3호선,약수,B1,-1,지하 1층,대합실,대합실,
S1_3_0397,3호선,약수,B1,-1,지하 1층,개찰구,표 내는 곳,
S1_3_0397,3호선,약수,B1,-1,지하 1층,엘리베이터,일반승강기,[2호기]3번출구측
S1_3_0397,3호선,약수,B1,-1,지하 1층,엘리베이터,일반승강기,"[1호기]동대입구방면8-4,금호방면3-1"
S1_3_0397,3호선,약수,B1,-1,지하 1층,화장실,일반화장실(남),(지하1층 표 내는 곳 내 대합실)
S1_3_0397,3호선,약수,B1,-1,지하 1층,화장실,일반화장실(여),(지하1층 표 내는 곳 내 대합실)
S1_3_0397,3호선,약수,B1,-1,지하 1층,화장실,장애인화장실(남),(지하1층 표 내는 곳 내 대합실)
S1_3_0397,3호선,약수,B1,-1,지하 1층,화장실,장애인화장실(여),(지하1층 표 내는 곳 내 대합실)
S1_3_0397,3호선,약수,B1,-1,지하 1층,고객센터,고객센터,B1층 대합실
S1_3_0397,3호선,약수,B2,-2,지하 2층,대합실,대합실,
S1_3_0397,3호선,약수,B2,-2,지하 2층,개찰구,표 내는 곳,
S1_3_0397,3호선,약수,B2,-2,지하 2층,엘리베이터,일반승강기,"[1호기]동대입구방면8-4,금호방면3-1"
S1_3_0397,3호선,약수,B2,-2,지하 2층,승강장,3호선 승강장 (동대입구 방면),섬식
S1_3_0397,3호선,약수,B2,-2,지하 2층,승강장,3호선 승강장 (금호 방면),섬식
S1_3_0397,3호선,약수,B3,-3,지하 3층,환승승강장,6호선 승강장 (버티고개 방면),6호선
S1_3_0397,3호선,약수,B3,-3,지하 3층,환승승강장,6호선 승강장 (청구 방면),6호선
S1_3_0093,3호선,금호,1F,1,지상 1층,엘리베이터,일반승강기,[3호기]3번출구측
S1_3_0093,3호선,금호,1F,1,지상 1층,엘리베이터,일반승강기,[2호기]2번출구측
S1_3_0093,3호선,금호,1F,1,지상 1층,출입구,2번 출입구,교통약자 동선 연결
S1_3_0093,3호선,금호,1F,1,지상 1층,출입구,3번 출입구,교통약자 동선 연결
S1_3_0093,3호선,금호,B1,-1,지하 1층,대합실,대합실,
S1_3_0093,3호선,금호,B1,-1,지하 1층,개찰구,표 내는 곳,
S1_3_0093,3호선,금호,B1,-1,지하 1층,엘리베이터,일반승강기,[2호기]2번출구측
S1_3_0093,3호선,금호,B1,-1,지하 1층,엘리베이터,일반승강기,[3호기]3번출구측
S1_3_0093,3호선,금호,B1,-1,지하 1층,엘리베이터,일반승강기,"[1호기]약수방면3-2,옥수방면8-3"
S1_3_0093,3호선,금호,B1,-1,지하 1층,화장실,일반화장실(남),지하1층 (가) 표 내는 곳 내 대합실
S1_3_0093,3호선,금호,B1,-1,지하 1층,화장실,일반화장실(여),지하1층 (가) 표 내는 곳 내 대합실
S1_3_0093,3호선,금호,B1,-1,지하 1층,화장실,장애인화장실(남),지하1층 (가) 표 내는 곳 내 대합실
S1_3_0093,3호선,금호,B1,-1,지하 1층,화장실,장애인화장실(여),지하1층 (가) 표 내는 곳 내 대합실
S1_3_0093,3호선,금호,B1,-1,지하 1층,고객센터,고객센터,B1층 대합실
S1_3_0093,3호선,금호,B2,-2,지하 2층,엘리베이터,일반승강기,"[1호기]약수방면3-2,옥수방면8-3"
S1_3_0093,3호선,금호,B2,-2,지하 2층,승강장,3호선 승강장 (약수 방면),섬식
S1_3_0093,3호선,금호,B2,-2,지하 2층,승강장,3호선 승강장 (옥수 방면),섬식
S1_3_0434,3호선,옥수,4F,4,지상 4층,승강장,3호선 승강장 (금호 방면),상대식
S1_3_0434,3호선,옥수,4F,4,지상 4층,승강장,3호선 승강장 (압구정 방면),상대식
S1_3_0434,3호선,옥수,3F,3,지상 3층,대합실,대합실,
S1_3_0434,3호선,옥수,3F,3,지상 3층,개찰구,표 내는 곳,
S1_3_0434,3호선,옥수,3F,3,지상 3층,엘리베이터,일반승강기,[2호기]압구정방면1-2
S1_3_0434,3호선,옥수,3F,3,지상 3층,엘리베이터,일반승강기,[1호기]금호방면10-1
S1_3_0434,3호선,옥수,3F,3,지상 3층,화장실,일반화장실(남),3층 환승통로측
S1_3_0434,3호선,옥수,3F,3,지상 3층,화장실,일반화장실(남),3층 금호역측
S1_3_0434,3호선,옥수,3F,3,지상 3층,화장실,일반화장실(여),3층 금호역측
S1_3_0434,3호선,옥수,3F,3,지상 3층,화장실,일반화장실(여),3층 환승통로측
S1_3_0434,3호선,옥수,3F,3,지상 3층,화장실,장애인화장실(남),3층 환승통로측
S1_3_0434,3호선,옥수,3F,3,지상 3층,화장실,장애인화장실(여),3층 환승통로측
S1_3_0434,3호선,옥수,3F,3,지상 3층,수유실,수유실,F3 고객안전실방면 게이트 옆
S1_3_0434,3호선,옥수,2F,2,지상 2층,엘리베이터,일반승강기,[2호기]압구정방면1-2
S1_3_0434,3호선,옥수,2F,2,지상 2층,엘리베이터,일반승강기,[1호기]금호방면10-1
S1_3_0434,3호선,옥수,2F,2,지상 2층,엘리베이터,일반승강기,"[3호기]4,5번출구측"
S1_3_0434,3호선,옥수,1F,1,지상 1층,엘리베이터,일반승강기,"[3호기]4,5번출구측"
S1_3_0434,3호선,옥수,1F,1,지상 1층,출입구,4번 출입구,교통약자 동선 연결
S1_3_0434,3호선,옥수,1F,1,지상 1층,출입구,5번 출입구,
S1_3_0434,3호선,옥수,1F,1,지상 1층,환승승강장,경의중앙선 승강장 (한남 방면),경의중앙선
S1_3_0434,3호선,옥수,1F,1,지상 1층,환승승강장,경의중앙선 승강장 (응봉 방면),경의중앙선
S1_3_0434,3호선,옥수,B3,-3,지하 3층,전동휠체어충전설비,전동휠체어충전설비,4번 출구 E/S 위 좌측 벽면
S1_3_0434,3호선,옥수,B3,-3,지하 3층,고객센터,고객센터,B3층 대합실
S1_3_0392,3호선,압구정,1F,1,지상 1층,엘리베이터,일반승강기,[4호기]2번출구측
S1_3_0392,3호선,압구정,1F,1,지상 1층,엘리베이터,일반승강기,[3호기]3번출구측
S1_3_0392,3호선,압구정,1F,1,지상 1층,출입구,2번 출입구,교통약자 동선 연결
S1_3_0392,3호선,압구정,1F,1,지상 1층,출입구,3번 출입구,교통약자 동선 연결
S1_3_0392,3호선,압구정,B1,-1,지하 1층,대합실,대합실,
S1_3_0392,3호선,압구정,B1,-1,지하 1층,개찰구,표 내는 곳,
S1_3_0392,3호선,압구정,B1,-1,지하 1층,엘리베이터,일반승강기,[4호기]2번출구측
S1_3_0392,3호선,압구정,B1,-1,지하 1층,엘리베이터,일반승강기,[3호기]3번출구측
S1_3_0392,3호선,압구정,B1,-1,지하 1층,엘리베이터,일반승강기,[2호기]신사방면3-2
S1_3_0392,3호선,압구정,B1,-1,지하 1층,엘리베이터,일반승강기,[1호기]옥수방면8-2
S1_3_0392,3호선,압구정,B1,-1,지하 1층,화장실,일반화장실(남),지하 1층
S1_3_0392,3호선,압구정,B1,-1,지하 1층,화장실,일반화장실(여),지하 1층
S1_3_0392,3호선,압구정,B1,-1,지하 1층,화장실,장애인화장실(남),지하 1층
S1_3_0392,3호선,압구정,B1,-1,지하 1층,화장실,장애인화장실(여),지하 1층
S1_3_0392,3호선,압구정,B1,-1,지하 1층,고객센터,고객센터,B1층 대합실
S1_3_0392,3호선,압구정,B2,-2,지하 2층,엘리베이터,일반승강기,[1호기]옥수방면8-2
S1_3_0392,3호선,압구정,B2,-2,지하 2층,엘리베이터,일반승강기,[2호기]신사방면3-2
S1_3_0392,3호선,압구정,B2,-2,지하 2층,승강장,3호선 승강장 (옥수 방면),상대식
S1_3_0392,3호선,압구정,B2,-2,지하 2층,승강장,3호선 승강장 (신사 방면),상대식
S1_3_0365,3호선,신사,1F,1,지상 1층,엘리베이터,일반승강기,[4호기]8번출구측
S1_3_0365,3호선,신사,1F,1,지상 1층,엘리베이터,일반승강기,[3호기]1번출구측
S1_3_0365,3호선,신사,1F,1,지상 1층,출입구,1번 출입구,교통약자 동선 연결
S1_3_0365,3호선,신사,1F,1,지상 1층,출입구,6번 출입구,교통약자 동선 연결
S1_3_0365,3호선,신사,1F,1,지상 1층,출입구,8번 출입구,교통약자 동선 연결
S1_3_0365,3호선,신사,B1,-1,지하 1층,대합실,대합실,
S1_3_0365,3호선,신사,B1,-1,지하 1층,개찰구,표 내는 곳,
S1_3_0365,3호선,신사,B1,-1,지하 1층,엘리베이터,일반승강기,[4호기]8번출구측
S1_3_0365,3호선,신사,B1,-1,지하 1층,엘리베이터,일반승강기,[3호기]1번출구측
S1_3_0365,3호선,신사,B1,-1,지하 1층,엘리베이터,일반승강기,[2호기]잠원방면8-3
S1_3_0365,3호선,신사,B1,-1,지하 1층,엘리베이터,일반승강기,[1호기]압구정방면3-1
S1_3_0365,3호선,신사,B1,-1,지하 1층,화장실,일반화장실(남),지하 1층
S1_3_0365,3호선,신사,B1,-1,지하 1층,화장실,일반화장실(여),지하 1층
S1_3_0365,3호선,신사,B1,-1,지하 1층,화장실,장애인화장실(남),지하 1층
S1_3_0365,3호선,신사,B1,-1,지하 1층,화장실,장애인화장실(여),지하 1층
S1_3_0365,3호선,신사,B1,-1,지하 1층,고객센터,고객센터,B1층 대합실
S1_3_0365,3호선,신사,B2,-2,지하 2층,대합실,대합실,
S1_3_0365,3호선,신사,B2,-2,지하 2층,엘리베이터,일반승강기,[1호기]압구정방면3-1
S1_3_0365,3호선,신사,B2,-2,지하 2층,엘리베이터,일반승강기,[2호기]잠원방면8-3
S1_3_0365,3호선,신사,B2,-2,지하 2층,승강장,3호선 승강장 (압구정 방면),상대식
S1_3_0365,3호선,신사,B2,-2,지하 2층,승강장,3호선 승강장 (잠원 방면),상대식
S1_3_0365,3호선,신사,B4,-4,지하 4층,환승승강장,신분당선 승강장 (논현 방면),신분당선
S1_3_0500,3호선,잠원,1F,1,지상 1층,엘리베이터,일반승강기,[3호기]1번출구측
S1_3_0500,3호선,잠원,1F,1,지상 1층,출입구,1번 출입구,교통약자 동선 연결
S1_3_0500,3호선,잠원,1F,1,지상 1층,출입구,3번 출입구,
S1_3_0500,3호선,잠원,B1,-1,지하 1층,대합실,대합실,
S1_3_0500,3호선,잠원,B1,-1,지하 1층,개찰구,표 내는 곳,
S1_3_0500,3호선,잠원,B1,-1,지하 1층,엘리베이터,일반승강기,[3호기]1번출구측
S1_3_0500,3호선,잠원,B1,-1,지하 1층,엘리베이터,일반승강기,[2호기]고속터미널방면8-2
S1_3_0500,3호선,잠원,B1,-1,지하 1층,엘리베이터,일반승강기,[1호기]신사방면3-3
S1_3_0500,3호선,잠원,B1,-1,지하 1층,전동휠체어충전설비,전동휠체어충전설비,3번 출구 방풍문 옆 벽면
S1_3_0500,3호선,잠원,B1,-1,지하 1층,화장실,일반화장실(남),지하1층 표 내는 곳 내 대합실
S1_3_0500,3호선,잠원,B1,-1,지하 1층,화장실,일반화장실(여),지하1층 표 내는 곳 내 대합실
S1_3_0500,3호선,잠원,B1,-1,지하 1층,화장실,장애인화장실(남),지하1층 표 내는 곳 내 대합실
S1_3_0500,3호선,잠원,B1,-1,지하 1층,화장실,장애인화장실(여),지하1층 표 내는 곳 내 대합실
S1_3_0500,3호선,잠원,B1,-1,지하 1층,고객센터,고객센터,B1층 대합실
S1_3_0500,3호선,잠원,B2,-2,지하 2층,엘리베이터,일반승강기,[1호기]신사방면3-3
S1_3_0500,3호선,잠원,B2,-2,지하 2층,엘리베이터,일반승강기,[2호기]고속터미널방면8-2
S1_3_0500,3호선,잠원,B2,-2,지하 2층,승강장,3호선 승강장 (신사 방면),상대식
S1_3_0500,3호선,잠원,B2,-2,지하 2층,승강장,3호선 승강장 (고속터미널 방면),상대식
S1_3_0048,3호선,고속터미널,1F,1,지상 1층,대합실,대합실,
S1_3_0048,3호선,고속터미널,1F,1,지상 1층,출입구,1번 출입구,교통약자 동선 연결
S1_3_0048,3호선,고속터미널,1F,1,지상 1층,승강장,3호선 승강장 (잠원 방면),상대식
S1_3_0048,3호선,고속터미널,1F,1,지상 1층,승강장,3호선 승강장 (교대 방면),상대식
S1_3_0048,3호선,고속터미널,B2,-2,지하 2층,대합실,대합실,
S1_3_0048,3호선,고속터미널,B2,-2,지하 2층,엘리베이터,일반승강기,[1호기]잠원방면8-2
S1_3_0048,3호선,고속터미널,B2,-2,지하 2층,엘리베이터,일반승강기,[2호기]교대방면3-3
S1_3_0048,3호선,고속터미널,B2,-2,지하 2층,고객센터,고객센터,B2층 대합실
S1_3_0048,3호선,고속터미널,B2,-2,지하 2층,수유실,수유실,B2 9호선 환승게이트 옆
S1_3_0048,3호선,고속터미널,B3,-3,지하 3층,엘리베이터,일반승강기,[2호기]교대방면3-3
S1_3_0048,3호선,고속터미널,B3,-3,지하 3층,엘리베이터,일반승강기,[1호기]잠원방면8-2
S1_3_0048,3호선,고속터미널,B3,-3,지하 3층,환승승강장,7호선 승강장 (반포 방면),7호선
S1_3_0048,3호선,고속터미널,B3,-3,지하 3층,환승승강장,7호선 승강장 (내방 방면),7호선
S1_3_0048,3호선,고속터미널,B4,-4,지하 4층,대합실,대합실,
S1_3_0048,3호선,고속터미널,B5,-5,지하 5층,환승승강장,9호선 승강장 (사평 방면),9호선
S1_3_0048,3호선,고속터미널,B5,-5,지하 5층,환승승강장,9호선 승강장 (신반포 방면),9호선
S1_3_0068,3호선,교대,1F,1,지상 1층,엘리베이터,일반승강기,[1호기]13번출구측
S1_3_0068,3호선,교대,1F,1,지상 1층,출입구,12번 출입구,교통약자 동선 연결
S1_3_0068,3호선,교대,1F,1,지상 1층,출입구,13번 출입구,교통약자 동선 연결
S1_3_0068,3호선,교대,B1,-1,지하 1층,대합실,대합실,
S1_3_0068,3호선,교대,B1,-1,지하 1층,개찰구,표 내는 곳,
S1_3_0068,3호선,교대,B1,-1,지하 1층,엘리베이터,일반승강기,[1호기]13번출구측
S1_3_0068,3호선,교대,B1,-1,지하 1층,엘리베이터,일반승강기,"[2호기]고속터미널방면4-2,남부터미널방면7-3"
S1_3_0068,3호선,교대,B1,-1,지하 1층,휠체어리프트,휠체어리프트,"B1층 2,3호선 연결 계단"
S1_3_0068,3호선,교대,B1,-1,지하 1층,화장실,일반화장실(남),"대합실1층 역무실 맞은편,표 내는 곳 외부"
S1_3_0068,3호선,교대,B1,-1,지하 1층,화장실,일반화장실(여),"대합실1층 역무실 맞은편,표 내는 곳 외부"
S1_3_0068,3호선,교대,B1,-1,지하 1층,화장실,장애인화장실(남),"대합실1층 역무실 맞은편,표 내는 곳 외부"
S1_3_0068,3호선,교대,B1,-1,지하 1층,화장실,장애인화장실(여),"대합실1층 역무실 맞은편,표 내는 곳 외부"
S1_3_0068,3호선,교대,B1,-1,지하 1층,고객센터,고객센터,B1층 대합실
S1_3_0068,3호선,교대,B2,-2,지하 2층,엘리베이터,일반승강기,[2호기](B3-B1)섬식(상) 4-2
S1_3_0068,3호선,교대,B3,-3,지하 3층,엘리베이터,일반승강기,"[2호기]고속터미널방면4-2,남부터미널방면7-3"
S1_3_0068,3호선,교대,B3,-3,지하 3층,승강장,3호선 승강장 (고속터미널 방면),섬식
S1_3_0068,3호선,교대,B3,-3,지하 3층,승강장,3호선 승강장 (남부터미널 방면),섬식
S1_3_0106,3호선,남부터미널,1F,1,지상 1층,엘리베이터,일반승강기,[3호기]5번출구측
S1_3_0106,3호선,남부터미널,1F,1,지상 1층,출입구,5번 출입구,교통약자 동선 연결
S1_3_0106,3호선,남부터미널,B1,-1,지하 1층,엘리베이터,일반승강기,[3호기](B2-F1)5번 출입구측
S1_3_0106,3호선,남부터미널,B2,-2,지하 2층,대합실,대합실,
S1_3_0106,3호선,남부터미널,B2,-2,지하 2층,개찰구,표 내는 곳,
S1_3_0106,3호선,남부터미널,B2,-2,지하 2층,엘리베이터,일반승강기,[3호기]5번출구측
S1_3_0106,3호선,남부터미널,B2,-2,지하 2층,엘리베이터,일반승강기,[2호기]양재방면8-2
S1_3_0106,3호선,남부터미널,B2,-2,지하 2층,엘리베이터,일반승강기,[1호기]교대방면3-2
S1_3_0106,3호선,남부터미널,B2,-2,지하 2층,화장실,일반화장실(남),대합실 B2층 역무실 앞
S1_3_0106,3호선,남부터미널,B2,-2,지하 2층,화장실,일반화장실(여),대합실 B2층 역무실 앞
S1_3_0106,3호선,남부터미널,B2,-2,지하 2층,화장실,장애인화장실(남),대합실 B2층 역무실 앞
S1_3_0106,3호선,남부터미널,B2,-2,지하 2층,화장실,장애인화장실(여),대합실 B2층 역무실 앞
S1_3_0106,3호선,남부터미널,B2,-2,지하 2층,고객센터,고객센터,B2층 대합실
S1_3_0106,3호선,남부터미널,B3,-3,지하 3층,엘리베이터,일반승강기,[1호기]교대방면3-2
S1_3_0106,3호선,남부터미널,B3,-3,지하 3층,엘리베이터,일반승강기,[2호기]양재방면8-2
S1_3_0106,3호선,남부터미널,B3,-3,지하 3층,승강장,3호선 승강장 (교대 방면),상대식
S1_3_0106,3호선,남부터미널,B3,-3,지하 3층,승강장,3호선 승강장 (양재 방면),상대식
S1_3_0400,3호선,양재,1F,1,지상 1층,엘리베이터,일반승강기,[3호기]4번출구측
S1_3_0400,3호선,양재,1F,1,지상 1층,엘리베이터,일반승강기,[5호기]1번출구측
S1_3_0400,3호선,양재,1F,1,지상 1층,엘리베이터,일반승강기,[4호기]11번출구측
S1_3_0400,3호선,양재,1F,1,지상 1층,출입구,1번 출입구,교통약자 동선 연결
S1_3_0400,3호선,양재,1F,1,지상 1층,출입구,4번 출입구,교통약자 동선 연결
S1_3_0400,3호선,양재,1F,1,지상 1층,출입구,7번 출입구,교통약자 동선 연결
S1_3_0400,3호선,양재,1F,1,지상 1층,출입구,10번 출입구,교통약자 동선 연결
S1_3_0400,3호선,양재,1F,1,지상 1층,출입구,11번 출입구,교통약자 동선 연결
S1_3_0400,3호선,양재,B1,-1,지하 1층,대합실,대합실,
S1_3_0400,3호선,양재,B1,-1,지하 1층,개찰구,표 내는 곳,
S1_3_0400,3호선,양재,B1,-1,지하 1층,엘리베이터,일반승강기,[5호기]1번출구측
S1_3_0400,3호선,양재,B1,-1,지하 1층,엘리베이터,일반승강기,[4호기]11번출구측
S1_3_0400,3호선,양재,B1,-1,지하 1층,엘리베이터,일반승강기,[3호기]4번출구측
S1_3_0400,3호선,양재,B1,-1,지하 1층,엘리베이터,일반승강기,[2호기]매봉방면8-4
S1_3_0400,3호선,양재,B1,-1,지하 1층,엘리베이터,일반승강기,[1호기]남부터미널방면3-1
S1_3_0400,3호선,양재,B1,-1,지하 1층,화장실,일반화장실(남),"대합실 B1층 상선 방향(9-4), 표 내는 곳 내"
S1_3_0400,3호선,양재,B1,-1,지하 1층,화장실,일반화장실(여),"대합실 B1층 상선 방향(9-4), 표 내는 곳 내"
S1_3_0400,3호선,양재,B1,-1,지하 1층,화장실,장애인화장실(남),"대합실 B1층 상선 방향(9-4), 표 내는 곳 내"
S1_3_0400,3호선,양재,B1,-1,지하 1층,화장실,장애인화장실(여),"대합실 B1층 상선 방향(9-4), 표 내는 곳 내"
S1_3_0400,3호선,양재,B1,-1,지하 1층,고객센터,고객센터,B1층 대합실
S1_3_0400,3호선,양재,B1,-1,지하 1층,수유실,수유실,"B1 ③,④방면 출구 옆"
S1_3_0400,3호선,양재,B2,-2,지하 2층,엘리베이터,일반승강기,[1호기]남부터미널방면3-1
S1_3_0400,3호선,양재,B2,-2,지하 2층,엘리베이터,일반승강기,[2호기]매봉방면8-4
S1_3_0400,3호선,양재,B2,-2,지하 2층,승강장,3호선 승강장 (남부터미널 방면),상대식
S1_3_0400,3호선,양재,B2,-2,지하 2층,승강장,3호선 승강장 (매봉 방면),상대식
S1_3_0400,3호선,양재,B3,-3,지하 3층,대합실,대합실,
S1_3_0400,3호선,양재,B3,-3,지하 3층,개찰구,표 내는 곳,
S1_3_0400,3호선,양재,B4,-4,지하 4층,환승승강장,신분당선 승강장 (강남 방면),신분당선
S1_3_0400,3호선,양재,B4,-4,지하 4층,환승승강장,신분당선 승강장 (양재시민의숲 방면),신분당선
S1_3_0193,3호선,매봉,1F,1,지상 1층,엘리베이터,일반승강기,[3호기]1번출구측
S1_3_0193,3호선,매봉,1F,1,지상 1층,출입구,1번 출입구,교통약자 동선 연결
S1_3_0193,3호선,매봉,B1,-1,지하 1층,대합실,대합실,
S1_3_0193,3호선,매봉,B1,-1,지하 1층,개찰구,표 내는 곳,
S1_3_0193,3호선,매봉,B1,-1,지하 1층,엘리베이터,일반승강기,[3호기]1번출구측
S1_3_0193,3호선,매봉,B1,-1,지하 1층,엘리베이터,일반승강기,[2호기]도곡방면6-1
S1_3_0193,3호선,매봉,B1,-1,지하 1층,엘리베이터,일반승강기,[1호기]양재방면5-4
S1_3_0193,3호선,매봉,B1,-1,지하 1층,화장실,일반화장실(남),대합실 B1층 표 내는 곳옆
S1_3_0193,3호선,매봉,B1,-1,지하 1층,화장실,일반화장실(여),대합실 B1층 표 내는 곳옆
S1_3_0193,3호선,매봉,B1,-1,지하 1층,화장실,장애인화장실(남),대합실 B1층 표 내는 곳옆
S1_3_0193,3호선,매봉,B1,-1,지하 1층,화장실,장애인화장실(여),대합실 B1층 표 내는 곳옆
S1_3_0193,3호선,매봉,B1,-1,지하 1층,고객센터,고객센터,B1층 대합실
S1_3_0193,3호선,매봉,B2,-2,지하 2층,엘리베이터,일반승강기,[1호기]양재방면5-4
S1_3_0193,3호선,매봉,B2,-2,지하 2층,엘리베이터,일반승강기,[2호기]도곡방면6-1
S1_3_0193,3호선,매봉,B2,-2,지하 2층,승강장,3호선 승강장 (양재 방면),상대식
S1_3_0193,3호선,매봉,B2,-2,지하 2층,승강장,3호선 승강장 (도곡 방면),상대식
S1_3_0142,3호선,도곡,1F,1,지상 1층,출입구,3번 출입구,교통약자 동선 연결
S1_3_0142,3호선,도곡,B2,-2,지하 2층,대합실,대합실,
S1_3_0142,3호선,도곡,B2,-2,지하 2층,개찰구,표 내는 곳,
S1_3_0142,3호선,도곡,B2,-2,지하 2층,화장실,일반화장실(남),대합실  B2층  표 내는 곳 밬
S1_3_0142,3호선,도곡,B2,-2,지하 2층,화장실,일반화장실(여),대합실  B2층  표 내는 곳 밬
S1_3_0142,3호선,도곡,B2,-2,지하 2층,화장실,장애인화장실(남),대합실  B2층  표 내는 곳 밬
S1_3_0142,3호선,도곡,B2,-2,지하 2층,화장실,장애인화장실(여),대합실  B2층  표 내는 곳 밬
S1_3_0142,3호선,도곡,B2,-2,지하 2층,고객센터,고객센터,B2층 대합실
S1_3_0142,3호선,도곡,B2,-2,지하 2층,수유실,수유실,B2 고객안전실  앞
S1_3_0142,3호선,도곡,B4,-4,지하 4층,대합실,대합실,
S1_3_0142,3호선,도곡,B4,-4,지하 4층,개찰구,표 내는 곳,
S1_3_0142,3호선,도곡,B4,-4,지하 4층,승강장,3호선 승강장 (매봉 방면),상대식
S1_3_0142,3호선,도곡,B4,-4,지하 4층,승강장,3호선 승강장 (대치 방면),상대식
S1_3_0142,3호선,도곡,B6,-6,지하 6층,환승승강장,수인분당선 승강장 (한티 방면),수인분당선
S1_3_0142,3호선,도곡,B6,-6,지하 6층,환승승강장,수인분당선 승강장 (구룡 방면),수인분당선
S1_3_0136,3호선,대치,1F,1,지상 1층,엘리베이터,일반승강기,[2호기]7번출구측
S1_3_0136,3호선,대치,1F,1,지상 1층,출입구,7번 출입구,교통약자 동선 연결
S1_3_0136,3호선,대치,B1,-1,지하 1층,대합실,대합실,
S1_3_0136,3호선,대치,B1,-1,지하 1층,개찰구,표 내는 곳,
S1_3_0136,3호선,대치,B1,-1,지하 1층,엘리베이터,일반승강기,[2호기]7번출구측
S1_3_0136,3호선,대치,B1,-1,지하 1층,엘리베이터,일반승강기,"[1호기]도곡방면1-1,학여울방면10-4"
S1_3_0136,3호선,대치,B1,-1,지하 1층,화장실,일반화장실(남),대합실 B1층 역무실 앞
S1_3_0136,3호선,대치,B1,-1,지하 1층,화장실,일반화장실(여),대합실 B1층 역무실 앞
S1_3_0136,3호선,대치,B1,-1,지하 1층,화장실,장애인화장실(남),대합실 B1층 역무실 앞
S1_3_0136,3호선,대치,B1,-1,지하 1층,화장실,장애인화장실(여),대합실 B1층 역무실 앞
S1_3_0136,3호선,대치,B1,-1,지하 1층,고객센터,고객센터,B1층 대합실
S1_3_0136,3호선,대치,B2,-2,지하 2층,엘리베이터,일반승강기,[1호기](B4-B1)섬식(상) 1-1
S1_3_0136,3호선,대치,B3,-3,지하 3층,엘리베이터,일반승강기,"[1호기]도곡방면1-1,학여울방면10-4"
S1_3_0136,3호선,대치,B3,-3,지하 3층,엘리베이터,일반승강기,[1호기](B4-B1)섬식(상) 1-1
S1_3_0136,3호선,대치,B3,-3,지하 3층,승강장,3호선 승강장 (도곡 방면),섬식
S1_3_0136,3호선,대치,B3,-3,지하 3층,승강장,3호선 승강장 (학여울 방면),섬식
S1_3_0583,3호선,학여울,1F,1,지상 1층,엘리베이터,일반승강기,[3호기]1번출구측
S1_3_0583,3호선,학여울,1F,1,지상 1층,출입구,1번 출입구,교통약자 동선 연결
S1_3_0583,3호선,학여울,B1,-1,지하 1층,엘리베이터,일반승강기,[3호기](B4-F1)1번 출입구측
S1_3_0583,3호선,학여울,B2,-2,지하 2층,엘리베이터,일반승강기,[3호기](B4-F1)1번 출입구측
S1_3_0583,3호선,학여울,B3,-3,지하 3층,엘리베이터,일반승강기,[3호기](B4-F1)1번 출입구측
S1_3_0583,3호선,학여울,B4,-4,지하 4층,대합실,대합실,
S1_3_0583,3호선,학여울,B4,-4,지하 4층,개찰구,표 내는 곳,
S1_3_0583,3호선,학여울,B4,-4,지하 4층,엘리베이터,일반승강기,[3호기]1번출구측
S1_3_0583,3호선,학여울,B4,-4,지하 4층,엘리베이터,일반승강기,[1호기]대치방면5-4
S1_3_0583,3호선,학여울,B4,-4,지하 4층,엘리베이터,일반승강기,[2호기]대청방면6-1
S1_3_0583,3호선,학여울,B4,-4,지하 4층,화장실,일반화장실(남),대합실 B4층 외부 E/V 옆 (표 내는 곳 외부)
S1_3_0583,3호선,학여울,B4,-4,지하 4층,화장실,일반화장실(여),대합실 B4층 외부 E/V 옆 (표 내는 곳 외부)
S1_3_0583,3호선,학여울,B4,-4,지하 4층,화장실,장애인화장실(남),대합실 B4층 외부 E/V 옆 (표 내는 곳 외부)
S1_3_0583,3호선,학여울,B4,-4,지하 4층,화장실,장애인화장실(여),대합실 B4층 외부 E/V 옆 (표 내는 곳 외부)
S1_3_0583,3호선,학여울,B4,-4,지하 4층,고객센터,고객센터,B4층 대합실
S1_3_0583,3호선,학여울,B5,-5,지하 5층,엘리베이터,일반승강기,[1호기]대치방면5-4
S1_3_0583,3호선,학여울,B5,-5,지하 5층,엘리베이터,일반승강기,[2호기]대청방면6-1
S1_3_0583,3호선,학여울,B5,-5,지하 5층,승강장,3호선 승강장 (대치 방면),상대식
S1_3_0583,3호선,학여울,B5,-5,지하 5층,승강장,3호선 승강장 (대청 방면),상대식
S1_3_0135,3호선,대청,1F,1,지상 1층,엘리베이터,일반승강기,[3호기]8번출구측
S1_3_0135,3호선,대청,1F,1,지상 1층,출입구,8번 출입구,교통약자 동선 연결
S1_3_0135,3호선,대청,B1,-1,지하 1층,엘리베이터,일반승강기,[3호기](B2-F1) (B2) 대합실 / (B1) 대합실 / (1F) 8번 출입구 옆
S1_3_0135,3호선,대청,B1,-1,지하 1층,고객센터,고객센터,B1층 대합실
S1_3_0135,3호선,대청,B2,-2,지하 2층,대합실,대합실,
S1_3_0135,3호선,대청,B2,-2,지하 2층,개찰구,표 내는 곳,
S1_3_0135,3호선,대청,B2,-2,지하 2층,엘리베이터,일반승강기,[3호기]8번출구측
S1_3_0135,3호선,대청,B2,-2,지하 2층,엘리베이터,일반승강기,[2호기]일원방면7-1
S1_3_0135,3호선,대청,B2,-2,지하 2층,엘리베이터,일반승강기,[1호기]학여울방면4-4
S1_3_0135,3호선,대청,B2,-2,지하 2층,화장실,일반화장실(남),대합실  B2층 상선 표 내는 곳안
S1_3_0135,3호선,대청,B2,-2,지하 2층,화장실,일반화장실(여),대합실  B2층 상선 표 내는 곳안
S1_3_0135,3호선,대청,B2,-2,지하 2층,화장실,장애인화장실(남),대합실  B2층 상선 표 내는 곳안
S1_3_0135,3호선,대청,B2,-2,지하 2층,화장실,장애인화장실(여),대합실  B2층 상선 표 내는 곳안
S1_3_0135,3호선,대청,B3,-3,지하 3층,엘리베이터,일반승강기,[1호기]학여울방면4-4
S1_3_0135,3호선,대청,B3,-3,지하 3층,엘리베이터,일반승강기,[2호기]일원방면7-1
S1_3_0135,3호선,대청,B3,-3,지하 3층,승강장,3호선 승강장 (학여울 방면),상대식
S1_3_0135,3호선,대청,B3,-3,지하 3층,승강장,3호선 승강장 (일원 방면),상대식
S1_3_0494,3호선,일원,1F,1,지상 1층,엘리베이터,일반승강기,[4호기]1번출구측
S1_3_0494,3호선,일원,1F,1,지상 1층,엘리베이터,일반승강기,[3호기]1번출구측
S1_3_0494,3호선,일원,1F,1,지상 1층,출입구,1번 출입구,교통약자 동선 연결
S1_3_0494,3호선,일원,1F,1,지상 1층,출입구,7번 출입구,
S1_3_0494,3호선,일원,B1,-1,지하 1층,엘리베이터,일반승강기,[4호기](B2-F1)1번 출입구측
S1_3_0494,3호선,일원,B1,-1,지하 1층,엘리베이터,일반승강기,[3호기](B2-F1)1번 출입구측
S1_3_0494,3호선,일원,B2,-2,지하 2층,대합실,대합실,
S1_3_0494,3호선,일원,B2,-2,지하 2층,개찰구,표 내는 곳,
S1_3_0494,3호선,일원,B2,-2,지하 2층,엘리베이터,일반승강기,[3호기]1번출구측
S1_3_0494,3호선,일원,B2,-2,지하 2층,엘리베이터,일반승강기,[4호기]1번출구측
S1_3_0494,3호선,일원,B2,-2,지하 2층,엘리베이터,일반승강기,[1호기]대청방면6-3
S1_3_0494,3호선,일원,B2,-2,지하 2층,엘리베이터,일반승강기,[2호기]수서방면5-2
S1_3_0494,3호선,일원,B2,-2,지하 2층,화장실,일반화장실(남),"대합실 B2층 7번출입구옆, 역무실 앞"
S1_3_0494,3호선,일원,B2,-2,지하 2층,화장실,일반화장실(여),"대합실 B2층 7번출입구옆, 역무실 앞"
S1_3_0494,3호선,일원,B2,-2,지하 2층,화장실,장애인화장실(남),"대합실 B2층 7번출입구옆, 역무실 앞"
S1_3_0494,3호선,일원,B2,-2,지하 2층,화장실,장애인화장실(여),"대합실 B2층 7번출입구옆, 역무실 앞"
S1_3_0494,3호선,일원,B2,-2,지하 2층,고객센터,고객센터,B2층 대합실
S1_3_0494,3호선,일원,B3,-3,지하 3층,엘리베이터,일반승강기,[1호기]대청방면6-3
S1_3_0494,3호선,일원,B3,-3,지하 3층,엘리베이터,일반승강기,[2호기]수서방면5-2
S1_3_0494,3호선,일원,B3,-3,지하 3층,승강장,3호선 승강장 (대청 방면),상대식
S1_3_0494,3호선,일원,B3,-3,지하 3층,승강장,3호선 승강장 (수서 방면),상대식
S1_3_0337,3호선,수서,1F,1,지상 1층,엘리베이터,일반승강기,[4호기]5번출구측
S1_3_0337,3호선,수서,1F,1,지상 1층,엘리베이터,일반승강기,[3호기]1번출구측
S1_3_0337,3호선,수서,1F,1,지상 1층,출입구,1번 출입구,교통약자 동선 연결
S1_3_0337,3호선,수서,1F,1,지상 1층,출입구,5번 출입구,교통약자 동선 연결
S1_3_0337,3호선,수서,B1,-1,지하 1층,대합실,대합실,
S1_3_0337,3호선,수서,B1,-1,지하 1층,개찰구,표 내는 곳,
S1_3_0337,3호선,수서,B1,-1,지하 1층,엘리베이터,일반승강기,[4호기]5번출구측
S1_3_0337,3호선,수서,B1,-1,지하 1층,엘리베이터,일반승강기,[3호기]1번출구측
S1_3_0337,3호선,수서,B1,-1,지하 1층,엘리베이터,일반승강기,[2호기]가락시장방면3-2
S1_3_0337,3호선,수서,B1,-1,지하 1층,엘리베이터,일반승강기,[1호기]일원방면8-3
S1_3_0337,3호선,수서,B1,-1,지하 1층,전동휠체어충전설비,전동휠체어충전설비,대합실 상가 (미샤) 옆
S1_3_0337,3호선,수서,B1,-1,지하 1층,화장실,일반화장실(남),대합실 B1층 역무실좌측(표 내는 곳 내부)
S1_3_0337,3호선,수서,B1,-1,지하 1층,화장실,일반화장실(여),대합실 B1층 역무실좌측(표 내는 곳 내부)
S1_3_0337,3호선,수서,B1,-1,지하 1층,화장실,장애인화장실(남),대합실 B1층 역무실좌측(표 내는 곳 내부)
S1_3_0337,3호선,수서,B1,-1,지하 1층,화장실,장애인화장실(여),대합실 B1층 역무실좌측(표 내는 곳 내부)
S1_3_0337,3호선,수서,B1,-1,지하 1층,고객센터,고객센터,B1층 대합실
S1_3_0337,3호선,수서,B2,-2,지하 2층,엘리베이터,일반승강기,[1호기]일원방면8-3
S1_3_0337,3호선,수서,B2,-2,지하 2층,엘리베이터,일반승강기,[2호기]가락시장방면3-2
S1_3_0337,3호선,수서,B2,-2,지하 2층,승강장,3호선 승강장 (일원 방면),1섬 1상대식
S1_3_0337,3호선,수서,B2,-2,지하 2층,승강장,3호선 승강장 (가락시장 방면),1섬 1상대식
S1_3_0337,3호선,수서,B3,-3,지하 3층,대합실,대합실,
S1_3_0337,3호선,수서,B4,-4,지하 4층,환승승강장,수인분당선 승강장 (대모산입구 방면),수인분당선
S1_3_0337,3호선,수서,B4,-4,지하 4층,환승승강장,수인분당선 승강장 (복정 방면),수인분당선
S1_3_0003,3호선,가락시장,1F,1,지상 1층,엘리베이터,일반승강기,[3호기]7번출구측
S1_3_0003,3호선,가락시장,1F,1,지상 1층,출입구,1번 출입구,교통약자 동선 연결
S1_3_0003,3호선,가락시장,1F,1,지상 1층,출입구,4번 출입구,교통약자 동선 연결
S1_3_0003,3호선,가락시장,1F,1,지상 1층,출입구,7번 출입구,교통약자 동선 연결
S1_3_0003,3호선,가락시장,B1,-1,지하 1층,대합실,대합실,
S1_3_0003,3호선,가락시장,B1,-1,지하 1층,엘리베이터,일반승강기,[3호기](B2-F1)7번 출입구측
S1_3_0003,3호선,가락시장,B2,-2,지하 2층,대합실,대합실,
S1_3_0003,3호선,가락시장,B2,-2,지하 2층,개찰구,표 내는 곳,
S1_3_0003,3호선,가락시장,B2,-2,지하 2층,엘리베이터,일반승강기,[3호기]7번출구측
S1_3_0003,3호선,가락시장,B2,-2,지하 2층,엘리베이터,일반승강기,[1호기]수서방면8-2
S1_3_0003,3호선,가락시장,B2,-2,지하 2층,엘리베이터,일반승강기,[2호기]경찰병원방면3-2
S1_3_0003,3호선,가락시장,B2,-2,지하 2층,전동휠체어충전설비,전동휠체어충전설비,3호선 고객안내센터 입구쪽 벽면
S1_3_0003,3호선,가락시장,B2,-2,지하 2층,화장실,일반화장실(남),대합실 B2층 고객상담실앞(표 내는 곳 내부)
S1_3_0003,3호선,가락시장,B2,-2,지하 2층,화장실,일반화장실(남),대합실 B2층 고객상담실앞(개집표기 외부)
S1_3_0003,3호선,가락시장,B2,-2,지하 2층,화장실,일반화장실(여),대합실 B2층 고객상담실앞(개집표기 외부)
S1_3_0003,3호선,가락시장,B2,-2,지하 2층,화장실,일반화장실(여),대합실 B2층 고객상담실앞(표 내는 곳 내부)
S1_3_0003,3호선,가락시장,B2,-2,지하 2층,화장실,장애인화장실(남),대합실 B2층 고객상담실앞(개집표기 외부)
S1_3_0003,3호선,가락시장,B2,-2,지하 2층,화장실,장애인화장실(남),대합실 B2층 고객상담실앞(표 내는 곳 내부)
S1_3_0003,3호선,가락시장,B2,-2,지하 2층,화장실,장애인화장실(여),대합실 B2층 고객상담실앞(개집표기 외부)
S1_3_0003,3호선,가락시장,B2,-2,지하 2층,화장실,장애인화장실(여),대합실 B2층 고객상담실앞(표 내는 곳 내부)
S1_3_0003,3호선,가락시장,B2,-2,지하 2층,고객센터,고객센터,B2층 대합실
S1_3_0003,3호선,가락시장,B2,-2,지하 2층,환승승강장,8호선 승강장 (송파 방면),8호선
S1_3_0003,3호선,가락시장,B2,-2,지하 2층,환승승강장,8호선 승강장 (문정 방면),8호선
S1_3_0003,3호선,가락시장,B3,-3,지하 3층,대합실,대합실,
S1_3_0003,3호선,가락시장,B3,-3,지하 3층,엘리베이터,일반승강기,[1호기](B4-B2) 8-2
S1_3_0003,3호선,가락시장,B3,-3,지하 3층,엘리베이터,일반승강기,[2호기](B4-B2) 3-2
S1_3_0003,3호선,가락시장,B4,-4,지하 4층,엘리베이터,일반승강기,[2호기]경찰병원방면3-2
S1_3_0003,3호선,가락시장,B4,-4,지하 4층,엘리베이터,일반승강기,[1호기]수서방면8-2
S1_3_0003,3호선,가락시장,B4,-4,지하 4층,승강장,3호선 승강장 (수서 방면),상대식
S1_3_0003,3호선,가락시장,B4,-4,지하 4층,승강장,3호선 승강장 (경찰병원 방면),상대식
S1_3_0043,3호선,경찰병원,1F,1,지상 1층,엘리베이터,일반승강기,[4호기]3번출구측
S1_3_0043,3호선,경찰병원,1F,1,지상 1층,엘리베이터,일반승강기,[3호기]1번출구측
S1_3_0043,3호선,경찰병원,1F,1,지상 1층,출입구,1번 출입구,교통약자 동선 연결
S1_3_0043,3호선,경찰병원,1F,1,지상 1층,출입구,3번 출입구,교통약자 동선 연결
S1_3_0043,3호선,경찰병원,B1,-1,지하 1층,대합실,대합실,
S1_3_0043,3호선,경찰병원,B1,-1,지하 1층,개찰구,표 내는 곳,
S1_3_0043,3호선,경찰병원,B1,-1,지하 1층,엘리베이터,일반승강기,[3호기]1번출구측
S1_3_0043,3호선,경찰병원,B1,-1,지하 1층,엘리베이터,일반승강기,[4호기]3번출구측
S1_3_0043,3호선,경찰병원,B1,-1,지하 1층,엘리베이터,일반승강기,[1호기]가락시장방면4-2
S1_3_0043,3호선,경찰병원,B1,-1,지하 1층,엘리베이터,일반승강기,[2호기]오금방면7-3
S1_3_0043,3호선,경찰병원,B1,-1,지하 1층,화장실,일반화장실(남),대합실 B1층 고객안내부스옆(개집표기 외부)
S1_3_0043,3호선,경찰병원,B1,-1,지하 1층,화장실,일반화장실(남),대합실 B1층 역무실 앞(표 내는 곳 내부)
S1_3_0043,3호선,경찰병원,B1,-1,지하 1층,화장실,일반화장실(여),대합실 B1층 고객안내부스옆(개집표기 외부)
S1_3_0043,3호선,경찰병원,B1,-1,지하 1층,화장실,일반화장실(여),대합실 B1층 역무실 앞(표 내는 곳 내부)
S1_3_0043,3호선,경찰병원,B1,-1,지하 1층,화장실,장애인화장실(남),대합실 B1층 고객안내부스옆(개집표기 외부)
S1_3_0043,3호선,경찰병원,B1,-1,지하 1층,화장실,장애인화장실(남),대합실 B1층 역무실 앞(표 내는 곳 내부)
S1_3_0043,3호선,경찰병원,B1,-1,지하 1층,화장실,장애인화장실(여),대합실 B1층 역무실 앞(표 내는 곳 내부)
S1_3_0043,3호선,경찰병원,B1,-1,지하 1층,화장실,장애인화장실(여),대합실 B1층 고객안내부스옆(개집표기 외부)
S1_3_0043,3호선,경찰병원,B1,-1,지하 1층,고객센터,고객센터,B1층 대합실
S1_3_0043,3호선,경찰병원,B2,-2,지하 2층,엘리베이터,일반승강기,[1호기](B3-B1) 4-2
S1_3_0043,3호선,경찰병원,B2,-2,지하 2층,엘리베이터,일반승강기,[2호기](B3-B1) 7-3
S1_3_0043,3호선,경찰병원,B3,-3,지하 3층,엘리베이터,일반승강기,[2호기]오금방면7-3
S1_3_0043,3호선,경찰병원,B3,-3,지하 3층,엘리베이터,일반승강기,[1호기]가락시장방면4-2
S1_3_0043,3호선,경찰병원,B3,-3,지하 3층,승강장,3호선 승강장 (가락시장 방면),상대식
S1_3_0043,3호선,경찰병원,B3,-3,지하 3층,승강장,3호선 승강장 (오금 방면),상대식
S1_3_0426,3호선,오금,1F,1,지상 1층,엘리베이터,일반승강기,[3호기]1번출구측
S1_3_0426,3호선,오금,1F,1,지상 1층,출입구,1번 출입구,
S1_3_0426,3호선,오금,1F,1,지상 1층,출입구,2번 출입구,
S1_3_0426,3호선,오금,1F,1,지상 1층,출입구,5번 출입구,교통약자 동선 연결
S1_3_0426,3호선,오금,1F,1,지상 1층,출입구,7번 출입구,교통약자 동선 연결
S1_3_0426,3호선,오금,B1,-1,지하 1층,대합실,대합실,
S1_3_0426,3호선,오금,B1,-1,지하 1층,개찰구,표 내는 곳,
S1_3_0426,3호선,오금,B1,-1,지하 1층,엘리베이터,일반승강기,[3호기]1번출구측
S1_3_0426,3호선,오금,B1,-1,지하 1층,엘리베이터,일반승강기,[1호기]경찰병원방면5-1
S1_3_0426,3호선,오금,B1,-1,지하 1층,엘리베이터,일반승강기,[2호기]오금방면6-4
S1_3_0426,3호선,오금,B1,-1,지하 1층,화장실,일반화장실(남),"대합실 B1층 1,2번출입구옆(표 내는 곳 외부)"
S1_3_0426,3호선,오금,B1,-1,지하 1층,화장실,일반화장실(남),"대합실 B1층 1,2번출입구옆(표 내는 곳 내부)"
S1_3_0426,3호선,오금,B1,-1,지하 1층,화장실,일반화장실(여),"대합실 B1층 1,2번출입구옆(표 내는 곳 내부)"
S1_3_0426,3호선,오금,B1,-1,지하 1층,화장실,일반화장실(여),"대합실 B1층 1,2번출입구옆(표 내는 곳 외부)"
S1_3_0426,3호선,오금,B1,-1,지하 1층,화장실,장애인화장실(남),"대합실 B1층 1,2번출입구옆(표 내는 곳 내부)"
S1_3_0426,3호선,오금,B1,-1,지하 1층,화장실,장애인화장실(남),"대합실 B1층 1,2번출입구옆(표 내는 곳 외부)"
S1_3_0426,3호선,오금,B1,-1,지하 1층,화장실,장애인화장실(여),"대합실 B1층 1,2번출입구옆(표 내는 곳 내부)"
S1_3_0426,3호선,오금,B1,-1,지하 1층,화장실,장애인화장실(여),"대합실 B1층 1,2번출입구옆(표 내는 곳 외부)"
S1_3_0426,3호선,오금,B1,-1,지하 1층,고객센터,고객센터,B1층 대합실
S1_3_0426,3호선,오금,B2,-2,지하 2층,엘리베이터,일반승강기,[1호기](B4-B1) (B4) 경찰병원역 방향 5-1 출입문 앞 > (B1) 표내는 곳 근처
S1_3_0426,3호선,오금,B2,-2,지하 2층,엘리베이터,일반승강기,[2호기](B4-B1) (B4) 종착역 승강장 6-4 출입문 앞 > (B1) 표내는 곳 근처
S1_3_0426,3호선,오금,B2,-2,지하 2층,환승승강장,5호선 승강장 (방이 방면),5호선
S1_3_0426,3호선,오금,B2,-2,지하 2층,환승승강장,5호선 승강장 (개롱 방면),5호선
S1_3_0426,3호선,오금,B3,-3,지하 3층,대합실,대합실,
S1_3_0426,3호선,오금,B3,-3,지하 3층,엘리베이터,일반승강기,[1호기](B4-B1) (B4) 경찰병원역 방향 5-1 출입문 앞 > (B1) 표내는 곳 근처
S1_3_0426,3호선,오금,B3,-3,지하 3층,엘리베이터,일반승강기,[2호기](B4-B1) (B4) 종착역 승강장 6-4 출입문 앞 > (B1) 표내는 곳 근처
S1_3_0426,3호선,오금,B4,-4,지하 4층,엘리베이터,일반승강기,[2호기]오금방면6-4
S1_3_0426,3호선,오금,B4,-4,지하 4층,엘리베이터,일반승강기,[1호기]경찰병원방면5-1
S1_3_0426,3호선,오금,B4,-4,지하 4층,승강장,3호선 승강장 (경찰병원 방면),상대식
S1_3_0426,3호선,오금,B4,-4,지하 4층,승강장,3호선 승강장 (오금 방면),상대식
NU_4_1355,4호선,진접,1F,1,지상 1층,엘리베이터,일반승강기,"[6호기](1F)4번출입구근처(B1)고객안내센터옆,4번출입구방향"
NU_4_1355,4호선,진접,1F,1,지상 1층,엘리베이터,일반승강기,"[5호기](1F)2번출입구옆(B1)선큰광장옆,1번/2번출입구방향"
NU_4_1355,4호선,진접,1F,1,지상 1층,출입구,2번 출입구,교통약자 동선 연결
NU_4_1355,4호선,진접,1F,1,지상 1층,출입구,3번 출입구,
NU_4_1355,4호선,진접,1F,1,지상 1층,출입구,4번 출입구,교통약자 동선 연결
NU_4_1355,4호선,진접,B1,-1,지하 1층,대합실,대합실,
NU_4_1355,4호선,진접,B1,-1,지하 1층,개찰구,표 내는 곳,
NU_4_1355,4호선,진접,B1,-1,지하 1층,엘리베이터,일반승강기,"[5호기](1F)2번출입구옆(B1)선큰광장옆,1번/2번출입구방향"
NU_4_1355,4호선,진접,B1,-1,지하 1층,엘리베이터,일반승강기,"[6호기](1F)4번출입구근처(B1)고객안내센터옆,4번출입구방향"
NU_4_1355,4호선,진접,B1,-1,지하 1층,엘리베이터,일반승강기,"[4호기](B1)표내는곳내에스컬레이터앞,3번출입구방향(B2)상행방향승강장7-2출입문앞"
NU_4_1355,4호선,진접,B1,-1,지하 1층,엘리베이터,일반승강기,"[3호기](B1)표내는곳내계단옆,1번/2번출입구방향(B2)상행방향승강장4-3출입문앞"
NU_4_1355,4호선,진접,B1,-1,지하 1층,엘리베이터,일반승강기,"[1호기](B1)표내는곳내에스컬레이터앞,4번출입구방향(B2)오남역방향(하행)승강장4-3출입문앞"
NU_4_1355,4호선,진접,B1,-1,지하 1층,엘리베이터,일반승강기,"[2호기](B1)표내는곳내계단옆,1번/2번출입구방향(B2)오남역방향(하행)승강장7-3출입문앞"
NU_4_1355,4호선,진접,B1,-1,지하 1층,화장실,일반화장실(남),(B1) 대합실 내 2번 출입구 방향
NU_4_1355,4호선,진접,B1,-1,지하 1층,화장실,일반화장실(여),(B1) 대합실 내 2번 출입구 방향
NU_4_1355,4호선,진접,B1,-1,지하 1층,화장실,장애인화장실(남),(B1) 대합실 내 2번 출입구 방향
NU_4_1355,4호선,진접,B1,-1,지하 1층,화장실,장애인화장실(여),(B1) 대합실 내 2번 출입구 방향
NU_4_1355,4호선,진접,B1,-1,지하 1층,고객센터,고객센터,(B1) 대합실 중앙
NU_4_1355,4호선,진접,B1,-1,지하 1층,수유실,수유실,"(B1) 대합실 고객안내센터 옆, 4번 출입구 방향"
NU_4_1355,4호선,진접,B2,-2,지하 2층,엘리베이터,일반승강기,"[3호기](B1)표내는곳내계단옆,1번/2번출입구방향(B2)상행방향승강장4-3출입문앞"
NU_4_1355,4호선,진접,B2,-2,지하 2층,엘리베이터,일반승강기,"[2호기](B1)표내는곳내계단옆,1번/2번출입구방향(B2)오남역방향(하행)승강장7-3출입문앞"
NU_4_1355,4호선,진접,B2,-2,지하 2층,엘리베이터,일반승강기,"[1호기](B1)표내는곳내에스컬레이터앞,4번출입구방향(B2)오남역방향(하행)승강장4-3출입문앞"
NU_4_1355,4호선,진접,B2,-2,지하 2층,엘리베이터,일반승강기,"[4호기](B1)표내는곳내에스컬레이터앞,3번출입구방향(B2)상행방향승강장7-2출입문앞"
NU_4_1354,4호선,오남,1F,1,지상 1층,엘리베이터,일반승강기,"[2호기](1F)3번출입구근처(B1)에스컬레이터5,6호기옆"
NU_4_1354,4호선,오남,1F,1,지상 1층,엘리베이터,일반승강기,[1호기](1F)2번출입구근처(B1)대합실출입문앞
NU_4_1354,4호선,오남,1F,1,지상 1층,출입구,1번 출입구,
NU_4_1354,4호선,오남,1F,1,지상 1층,출입구,2번 출입구,교통약자 동선 연결
NU_4_1354,4호선,오남,1F,1,지상 1층,출입구,3번 출입구,교통약자 동선 연결
NU_4_1354,4호선,오남,B1,-1,지하 1층,대합실,대합실,
NU_4_1354,4호선,오남,B1,-1,지하 1층,개찰구,표 내는 곳,
NU_4_1354,4호선,오남,B1,-1,지하 1층,엘리베이터,일반승강기,"[4호기](B1)표내는곳내하선에스컬레이터9,10호기앞(B2)별내별가람역방향승강장5-4출입문앞"
NU_4_1354,4호선,오남,B1,-1,지하 1층,엘리베이터,일반승강기,"[3호기](B1)표내는곳내상선에스컬레이터7,8호기앞(B2)진접역방향승강장6-1출입문앞"
NU_4_1354,4호선,오남,B1,-1,지하 1층,엘리베이터,일반승강기,[1호기](1F)2번출입구근처(B1)대합실출입문앞
NU_4_1354,4호선,오남,B1,-1,지하 1층,엘리베이터,일반승강기,"[2호기](1F)3번출입구근처(B1)에스컬레이터5,6호기옆"
NU_4_1354,4호선,오남,B1,-1,지하 1층,전동휠체어충전설비,전동휠체어충전설비,(B1) 고객안내센터 옆
NU_4_1354,4호선,오남,B1,-1,지하 1층,화장실,일반화장실(남),(B1) 표 내는 곳 외부 고객안전실 옆
NU_4_1354,4호선,오남,B1,-1,지하 1층,화장실,일반화장실(여),(B1) 표 내는 곳 외부 고객안전실 옆
NU_4_1354,4호선,오남,B1,-1,지하 1층,화장실,장애인화장실(남),(B1) 표 내는 곳 외부 고객안전실 옆
NU_4_1354,4호선,오남,B1,-1,지하 1층,화장실,장애인화장실(여),(B1) 표 내는 곳 외부 고객안전실 옆
NU_4_1354,4호선,오남,B1,-1,지하 1층,고객센터,고객센터,(B1) 대합실 1번 출입구 방향
NU_4_1354,4호선,오남,B1,-1,지하 1층,수유실,수유실,(B1) 대합실 고객안전실 방향
NU_4_1354,4호선,오남,B2,-2,지하 2층,엘리베이터,일반승강기,"[3호기](B1)표내는곳내상선에스컬레이터7,8호기앞(B2)진접역방향승강장6-1출입문앞"
NU_4_1354,4호선,오남,B2,-2,지하 2층,엘리베이터,일반승강기,"[4호기](B1)표내는곳내하선에스컬레이터9,10호기앞(B2)별내별가람역방향승강장5-4출입문앞"
NU_4_1353,4호선,별내별가람,1F,1,지상 1층,엘리베이터,일반승강기,[3호기](1F)1번출입구뒤(B1)1번에스컬레이터옆
NU_4_1353,4호선,별내별가람,1F,1,지상 1층,엘리베이터,일반승강기,[5호기](1F)2번출입구뒤(B1)2번에스컬레이터옆
NU_4_1353,4호선,별내별가람,1F,1,지상 1층,엘리베이터,일반승강기,[4호기](1F)파리바게트옆(B1)3번에스컬레이터옆
NU_4_1353,4호선,별내별가람,1F,1,지상 1층,출입구,1번 출입구,교통약자 동선 연결
NU_4_1353,4호선,별내별가람,1F,1,지상 1층,출입구,2번 출입구,교통약자 동선 연결
NU_4_1353,4호선,별내별가람,1F,1,지상 1층,출입구,3번 출입구,교통약자 동선 연결
NU_4_1353,4호선,별내별가람,1F,1,지상 1층,출입구,4번 출입구,
NU_4_1353,4호선,별내별가람,B1,-1,지하 1층,대합실,대합실,
NU_4_1353,4호선,별내별가람,B1,-1,지하 1층,개찰구,표 내는 곳,
NU_4_1353,4호선,별내별가람,B1,-1,지하 1층,엘리베이터,일반승강기,[5호기](1F)2번출입구뒤(B1)2번에스컬레이터옆
NU_4_1353,4호선,별내별가람,B1,-1,지하 1층,엘리베이터,일반승강기,[4호기](1F)파리바게트옆(B1)3번에스컬레이터옆
NU_4_1353,4호선,별내별가람,B1,-1,지하 1층,엘리베이터,일반승강기,[3호기](1F)1번출입구뒤(B1)1번에스컬레이터옆
NU_4_1353,4호선,별내별가람,B1,-1,지하 1층,엘리베이터,일반승강기,[1호기]
NU_4_1353,4호선,별내별가람,B1,-1,지하 1층,엘리베이터,일반승강기,[2호기]
NU_4_1353,4호선,별내별가람,B1,-1,지하 1층,화장실,일반화장실(남),(B1) 1번 출입구 방향
NU_4_1353,4호선,별내별가람,B1,-1,지하 1층,화장실,일반화장실(여),(B1) 1번 출입구 방향
NU_4_1353,4호선,별내별가람,B1,-1,지하 1층,화장실,장애인화장실(남),(B1) 1번 출입구 방향
NU_4_1353,4호선,별내별가람,B1,-1,지하 1층,화장실,장애인화장실(여),(B1) 1번 출입구 방향
NU_4_1353,4호선,별내별가람,B1,-1,지하 1층,고객센터,고객센터,(B1) 대합실 표 내는곳 방향
NU_4_1353,4호선,별내별가람,B1,-1,지하 1층,수유실,수유실,(B1) 대합실 4번 출입구 방향
NU_4_1353,4호선,별내별가람,B2,-2,지하 2층,엘리베이터,일반승강기,[1호기]
NU_4_1353,4호선,별내별가람,B2,-2,지하 2층,엘리베이터,일반승강기,[2호기]
NU_4_1353,4호선,별내별가람,B3,-3,지하 3층,엘리베이터,일반승강기,[2호기]
NU_4_1353,4호선,별내별가람,B3,-3,지하 3층,엘리베이터,일반승강기,[1호기]
S1_4_0125,4호선,불암산,3F,3,지상 3층,엘리베이터,일반승강기,[1호기]별내별가람방면6-1
S1_4_0125,4호선,불암산,3F,3,지상 3층,엘리베이터,일반승강기,[2호기]상계방면5-4
S1_4_0125,4호선,불암산,3F,3,지상 3층,승강장,4호선 승강장 (불암산 방면),상대식
S1_4_0125,4호선,불암산,3F,3,지상 3층,승강장,4호선 승강장 (상계 방면),상대식
S1_4_0125,4호선,불암산,2F,2,지상 2층,대합실,대합실,
S1_4_0125,4호선,불암산,2F,2,지상 2층,개찰구,표 내는 곳,
S1_4_0125,4호선,불암산,2F,2,지상 2층,엘리베이터,일반승강기,[1호기]별내별가람방면6-1
S1_4_0125,4호선,불암산,2F,2,지상 2층,엘리베이터,일반승강기,[2호기]상계방면5-4
S1_4_0125,4호선,불암산,2F,2,지상 2층,엘리베이터,일반승강기,[3호기]1번출구측
S1_4_0125,4호선,불암산,2F,2,지상 2층,화장실,일반화장실(남),대합실 2층 고객안전실 앞
S1_4_0125,4호선,불암산,2F,2,지상 2층,화장실,일반화장실(여),대합실 2층 고객안전실 앞
S1_4_0125,4호선,불암산,2F,2,지상 2층,화장실,장애인화장실(남),대합실 2층 고객안전실 앞
S1_4_0125,4호선,불암산,2F,2,지상 2층,화장실,장애인화장실(여),대합실 2층 고객안전실 앞
S1_4_0125,4호선,불암산,2F,2,지상 2층,고객센터,고객센터,2층 대합실
S1_4_0125,4호선,불암산,1F,1,지상 1층,대합실,대합실,
S1_4_0125,4호선,불암산,1F,1,지상 1층,엘리베이터,일반승강기,[3호기]1번출구측
S1_4_0125,4호선,불암산,1F,1,지상 1층,화장실,일반화장실(남),"대합실 1층 (1,4번 출입구방향)"
S1_4_0125,4호선,불암산,1F,1,지상 1층,화장실,일반화장실(여),"대합실 1층 (1,4번 출입구방향)"
S1_4_0125,4호선,불암산,1F,1,지상 1층,화장실,장애인화장실(남),"대합실 1층 (1,4번 출입구방향)"
S1_4_0125,4호선,불암산,1F,1,지상 1층,화장실,장애인화장실(여),"대합실 1층 (1,4번 출입구방향)"
S1_4_0125,4호선,불암산,1F,1,지상 1층,출입구,1번 출입구,교통약자 동선 연결
S1_4_0125,4호선,불암산,1F,1,지상 1층,출입구,4번 출입구,교통약자 동선 연결
S1_4_0272,4호선,상계,3F,3,지상 3층,엘리베이터,일반승강기,[3호기]노원역방면8-4
S1_4_0272,4호선,상계,3F,3,지상 3층,엘리베이터,일반승강기,[2호기]당고개방면2-4
S1_4_0272,4호선,상계,3F,3,지상 3층,승강장,4호선 승강장 (불암산 방면),상대식
S1_4_0272,4호선,상계,3F,3,지상 3층,승강장,4호선 승강장 (노원 방면),상대식
S1_4_0272,4호선,상계,2F,2,지상 2층,대합실,대합실,
S1_4_0272,4호선,상계,2F,2,지상 2층,개찰구,표 내는 곳,
S1_4_0272,4호선,상계,2F,2,지상 2층,엘리베이터,일반승강기,[3호기]노원역방면8-4
S1_4_0272,4호선,상계,2F,2,지상 2층,엘리베이터,일반승강기,[2호기]당고개방면2-4
S1_4_0272,4호선,상계,2F,2,지상 2층,엘리베이터,일반승강기,"[1호기]대합실(1,2번출구사이)"
S1_4_0272,4호선,상계,2F,2,지상 2층,화장실,일반화장실(남),2층 대합실 (나) 표 내는 곳 안
S1_4_0272,4호선,상계,2F,2,지상 2층,화장실,일반화장실(여),2층 대합실 (나) 표 내는 곳 안
S1_4_0272,4호선,상계,2F,2,지상 2층,화장실,장애인화장실(남),2층 대합실 (나) 표 내는 곳 안
S1_4_0272,4호선,상계,2F,2,지상 2층,화장실,장애인화장실(여),2층 대합실 (나) 표 내는 곳 안
S1_4_0272,4호선,상계,1F,1,지상 1층,대합실,대합실,
S1_4_0272,4호선,상계,1F,1,지상 1층,엘리베이터,일반승강기,"[1호기]대합실(1,2번출구사이)"
S1_4_0272,4호선,상계,1F,1,지상 1층,고객센터,고객센터,1층 대합실
S1_4_0272,4호선,상계,1F,1,지상 1층,출입구,1번 출입구,교통약자 동선 연결
S1_4_0272,4호선,상계,1F,1,지상 1층,출입구,2번 출입구,
S1_4_0272,4호선,상계,1F,1,지상 1층,출입구,5번 출입구,교통약자 동선 연결
S1_4_0115,4호선,노원,3F,3,지상 3층,엘리베이터,일반승강기,[1호기]상계방면8-4
S1_4_0115,4호선,노원,2F,2,지상 2층,대합실,대합실,
S1_4_0115,4호선,노원,2F,2,지상 2층,개찰구,표 내는 곳,
S1_4_0115,4호선,노원,2F,2,지상 2층,엘리베이터,일반승강기,[1호기]상계방면8-4
S1_4_0115,4호선,노원,2F,2,지상 2층,엘리베이터,일반승강기,[3호기]9번출구측
S1_4_0115,4호선,노원,2F,2,지상 2층,엘리베이터,일반승강기,[2호기]2번출구측
S1_4_0115,4호선,노원,2F,2,지상 2층,화장실,일반화장실(남),2층 대합실 (나) 표 내는 곳 안
S1_4_0115,4호선,노원,2F,2,지상 2층,화장실,일반화장실(여),2층 대합실 (나) 표 내는 곳 안
S1_4_0115,4호선,노원,2F,2,지상 2층,화장실,장애인화장실(남),2층 대합실 (나) 표 내는 곳 안
S1_4_0115,4호선,노원,2F,2,지상 2층,화장실,장애인화장실(여),2층 대합실 (나) 표 내는 곳 안
S1_4_0115,4호선,노원,2F,2,지상 2층,고객센터,고객센터,2층 대합실
S1_4_0115,4호선,노원,2F,2,지상 2층,수유실,수유실,2F 고객안전실  앞
S1_4_0115,4호선,노원,2F,2,지상 2층,승강장,4호선 승강장 (상계 방면),상대식
S1_4_0115,4호선,노원,2F,2,지상 2층,승강장,4호선 승강장 (창동 방면),상대식
S1_4_0115,4호선,노원,1F,1,지상 1층,개찰구,표 내는 곳,
S1_4_0115,4호선,노원,1F,1,지상 1층,엘리베이터,일반승강기,[2호기]2번출구측
S1_4_0115,4호선,노원,1F,1,지상 1층,엘리베이터,일반승강기,[3호기]9번출구측
S1_4_0115,4호선,노원,1F,1,지상 1층,전동휠체어충전설비,전동휠체어충전설비,지상1층 대합실 사무실 맞은편
S1_4_0115,4호선,노원,1F,1,지상 1층,출입구,2번 출입구,교통약자 동선 연결
S1_4_0115,4호선,노원,1F,1,지상 1층,출입구,9번 출입구,교통약자 동선 연결
S1_4_0115,4호선,노원,B1,-1,지하 1층,대합실,대합실,
S1_4_0115,4호선,노원,B3,-3,지하 3층,환승승강장,7호선 승강장 (마들 방면),7호선
S1_4_0115,4호선,노원,B3,-3,지하 3층,환승승강장,7호선 승강장 (중계 방면),7호선
S1_4_0541,4호선,창동,3F,3,지상 3층,엘리베이터,일반승강기,[1호기]노원방면2-4
S1_4_0541,4호선,창동,3F,3,지상 3층,엘리베이터,일반승강기,[2호기]노원방면8-2
S1_4_0541,4호선,창동,3F,3,지상 3층,엘리베이터,일반승강기,[3호기]쌍문방면8-4
S1_4_0541,4호선,창동,3F,3,지상 3층,엘리베이터,일반승강기,[6호기]쌍문방면6-1(1호선인천방면)
S1_4_0541,4호선,창동,3F,3,지상 3층,엘리베이터,일반승강기,[5호기]쌍문방면6-1(1호선소요산방면)
S1_4_0541,4호선,창동,3F,3,지상 3층,엘리베이터,일반승강기,[4호기]쌍문방면3-2
S1_4_0541,4호선,창동,3F,3,지상 3층,승강장,4호선 승강장 (노원 방면),상대식
S1_4_0541,4호선,창동,3F,3,지상 3층,승강장,4호선 승강장 (쌍문 방면),상대식
S1_4_0541,4호선,창동,2F,2,지상 2층,대합실,대합실,
S1_4_0541,4호선,창동,2F,2,지상 2층,개찰구,표 내는 곳,
S1_4_0541,4호선,창동,2F,2,지상 2층,엘리베이터,일반승강기,[4호기]쌍문방면3-2
S1_4_0541,4호선,창동,2F,2,지상 2층,엘리베이터,일반승강기,[3호기]쌍문방면8-4
S1_4_0541,4호선,창동,2F,2,지상 2층,엘리베이터,일반승강기,[1호기]노원방면2-4
S1_4_0541,4호선,창동,2F,2,지상 2층,엘리베이터,일반승강기,[2호기]노원방면8-2
S1_4_0541,4호선,창동,2F,2,지상 2층,엘리베이터,일반승강기,[8호기]2번출구측
S1_4_0541,4호선,창동,2F,2,지상 2층,엘리베이터,일반승강기,[7호기]1번출구측
S1_4_0541,4호선,창동,2F,2,지상 2층,전동휠체어충전설비,전동휠체어충전설비,1번 출구 북측환승통로
S1_4_0541,4호선,창동,2F,2,지상 2층,화장실,일반화장실(남),2층 대합실 (나) 표 내는 곳 안
S1_4_0541,4호선,창동,2F,2,지상 2층,화장실,일반화장실(여),2층 대합실 (나) 표 내는 곳 안
S1_4_0541,4호선,창동,2F,2,지상 2층,화장실,장애인화장실(남),2층 대합실 (나) 표 내는 곳 안
S1_4_0541,4호선,창동,2F,2,지상 2층,화장실,장애인화장실(여),2층 대합실 (나) 표 내는 곳 안
S1_4_0541,4호선,창동,2F,2,지상 2층,고객센터,고객센터,2층 대합실
S1_4_0541,4호선,창동,1F,1,지상 1층,엘리베이터,일반승강기,[8호기]2번출구측
S1_4_0541,4호선,창동,1F,1,지상 1층,엘리베이터,일반승강기,[7호기]1번출구측
S1_4_0541,4호선,창동,1F,1,지상 1층,엘리베이터,일반승강기,[5호기]쌍문방면6-1(1호선소요산방면)
S1_4_0541,4호선,창동,1F,1,지상 1층,엘리베이터,일반승강기,[6호기]쌍문방면6-1(1호선인천방면)
S1_4_0541,4호선,창동,1F,1,지상 1층,출입구,1번 출입구,교통약자 동선 연결
S1_4_0541,4호선,창동,1F,1,지상 1층,출입구,2번 출입구,교통약자 동선 연결
S1_4_0541,4호선,창동,1F,1,지상 1층,환승승강장,1호선 승강장 (녹천 방면),1호선
S1_4_0541,4호선,창동,1F,1,지상 1층,환승승강장,1호선 승강장 (방학 방면),1호선
S1_4_0380,4호선,쌍문,1F,1,지상 1층,엘리베이터,일반승강기,[3호기]1번출구측
S1_4_0380,4호선,쌍문,1F,1,지상 1층,출입구,1번 출입구,교통약자 동선 연결
S1_4_0380,4호선,쌍문,1F,1,지상 1층,출입구,2번 출입구,
S1_4_0380,4호선,쌍문,B1,-1,지하 1층,대합실,대합실,
S1_4_0380,4호선,쌍문,B1,-1,지하 1층,개찰구,표 내는 곳,
S1_4_0380,4호선,쌍문,B1,-1,지하 1층,엘리베이터,일반승강기,[3호기]1번출구측
S1_4_0380,4호선,쌍문,B1,-1,지하 1층,엘리베이터,일반승강기,[2호기]수유방면3-4
S1_4_0380,4호선,쌍문,B1,-1,지하 1층,엘리베이터,일반승강기,[1호기]창동방면8-2
S1_4_0380,4호선,쌍문,B1,-1,지하 1층,전동휠체어충전설비,전동휠체어충전설비,2번 출구 나가기 전 벽면
S1_4_0380,4호선,쌍문,B1,-1,지하 1층,화장실,일반화장실(남),지하1층 나환기실 옆
S1_4_0380,4호선,쌍문,B1,-1,지하 1층,화장실,일반화장실(여),지하1층 나환기실 옆
S1_4_0380,4호선,쌍문,B1,-1,지하 1층,화장실,장애인화장실(남),지하1층 나환기실 옆
S1_4_0380,4호선,쌍문,B1,-1,지하 1층,화장실,장애인화장실(여),지하1층 나환기실 옆
S1_4_0380,4호선,쌍문,B1,-1,지하 1층,고객센터,고객센터,B1층 대합실
S1_4_0380,4호선,쌍문,B2,-2,지하 2층,엘리베이터,일반승강기,[1호기]창동방면8-2
S1_4_0380,4호선,쌍문,B2,-2,지하 2층,엘리베이터,일반승강기,[2호기]수유방면3-4
S1_4_0380,4호선,쌍문,B2,-2,지하 2층,승강장,4호선 승강장 (창동 방면),상대식
S1_4_0380,4호선,쌍문,B2,-2,지하 2층,승강장,4호선 승강장 (수유 방면),상대식
S1_4_0340,4호선,수유,1F,1,지상 1층,엘리베이터,일반승강기,"[3호기]1,2번출구사이"
S1_4_0340,4호선,수유,1F,1,지상 1층,출입구,2번 출입구,교통약자 동선 연결
S1_4_0340,4호선,수유,1F,1,지상 1층,출입구,7번 출입구,
S1_4_0340,4호선,수유,1F,1,지상 1층,출입구,8번 출입구,
S1_4_0340,4호선,수유,B1,-1,지하 1층,대합실,대합실,
S1_4_0340,4호선,수유,B1,-1,지하 1층,개찰구,표 내는 곳,
S1_4_0340,4호선,수유,B1,-1,지하 1층,엘리베이터,일반승강기,"[3호기]1,2번출구사이"
S1_4_0340,4호선,수유,B1,-1,지하 1층,엘리베이터,일반승강기,[2호기]미아방면4-4
S1_4_0340,4호선,수유,B1,-1,지하 1층,엘리베이터,일반승강기,[1호기]쌍문방면7-1
S1_4_0340,4호선,수유,B1,-1,지하 1층,전동휠체어충전설비,전동휠체어충전설비,7번 출구 나가기 전 벽면
S1_4_0340,4호선,수유,B1,-1,지하 1층,화장실,일반화장실(남),"대합실 지하1층 역무실 옆(2,8번 출입구방향)"
S1_4_0340,4호선,수유,B1,-1,지하 1층,화장실,일반화장실(여),"대합실 지하1층 역무실 옆(2,8번 출입구방향)"
S1_4_0340,4호선,수유,B1,-1,지하 1층,화장실,장애인화장실(남),"대합실 지하1층 역무실 옆(2,8번 출입구방향)"
S1_4_0340,4호선,수유,B1,-1,지하 1층,화장실,장애인화장실(여),"대합실 지하1층 역무실 옆(2,8번 출입구방향)"
S1_4_0340,4호선,수유,B1,-1,지하 1층,고객센터,고객센터,B1층 대합실
S1_4_0340,4호선,수유,B2,-2,지하 2층,엘리베이터,일반승강기,[1호기]쌍문방면7-1
S1_4_0340,4호선,수유,B2,-2,지하 2층,엘리베이터,일반승강기,[2호기]미아방면4-4
S1_4_0340,4호선,수유,B2,-2,지하 2층,승강장,4호선 승강장 (쌍문 방면),상대식
S1_4_0340,4호선,수유,B2,-2,지하 2층,승강장,4호선 승강장 (미아 방면),상대식
S1_4_0211,4호선,미아,1F,1,지상 1층,엘리베이터,일반승강기,"[3호기]1,2번출구사이"
S1_4_0211,4호선,미아,1F,1,지상 1층,출입구,1번 출입구,교통약자 동선 연결
S1_4_0211,4호선,미아,1F,1,지상 1층,출입구,2번 출입구,
S1_4_0211,4호선,미아,B1,-1,지하 1층,대합실,대합실,
S1_4_0211,4호선,미아,B1,-1,지하 1층,개찰구,표 내는 곳,
S1_4_0211,4호선,미아,B1,-1,지하 1층,엘리베이터,일반승강기,"[3호기]1,2번출구사이"
S1_4_0211,4호선,미아,B1,-1,지하 1층,엘리베이터,일반승강기,[2호기]미아사거리방면3-4
S1_4_0211,4호선,미아,B1,-1,지하 1층,엘리베이터,일반승강기,[1호기]수유방면8-2
S1_4_0211,4호선,미아,B1,-1,지하 1층,화장실,일반화장실(남),"대합실 지하1층 교양휴게실 앞 (3,4번 표 내는 곳방향)"
S1_4_0211,4호선,미아,B1,-1,지하 1층,화장실,일반화장실(여),"대합실 지하1층 교양휴게실 앞 (3,4번 표 내는 곳방향)"
S1_4_0211,4호선,미아,B1,-1,지하 1층,화장실,장애인화장실(남),"대합실 지하1층 교양휴게실 앞 (3,4번 표 내는 곳방향)"
S1_4_0211,4호선,미아,B1,-1,지하 1층,화장실,장애인화장실(여),"대합실 지하1층 교양휴게실 앞 (3,4번 표 내는 곳방향)"
S1_4_0211,4호선,미아,B1,-1,지하 1층,고객센터,고객센터,B1층 대합실
S1_4_0211,4호선,미아,B2,-2,지하 2층,엘리베이터,일반승강기,[1호기]수유방면8-2
S1_4_0211,4호선,미아,B2,-2,지하 2층,엘리베이터,일반승강기,[2호기]미아사거리방면3-4
S1_4_0211,4호선,미아,B2,-2,지하 2층,승강장,4호선 승강장 (수유 방면),상대식
S1_4_0211,4호선,미아,B2,-2,지하 2층,승강장,4호선 승강장 (미아사거리 방면),상대식
S1_4_0212,4호선,미아사거리,1F,1,지상 1층,출입구,1번 출입구,교통약자 동선 연결
S1_4_0212,4호선,미아사거리,1F,1,지상 1층,출입구,6번 출입구,
S1_4_0212,4호선,미아사거리,B1,-1,지하 1층,대합실,대합실,
S1_4_0212,4호선,미아사거리,B1,-1,지하 1층,개찰구,표 내는 곳,
S1_4_0212,4호선,미아사거리,B1,-1,지하 1층,엘리베이터,일반승강기,[1호기]미아방면3-1
S1_4_0212,4호선,미아사거리,B1,-1,지하 1층,엘리베이터,일반승강기,[2호기]길음방면8-3
S1_4_0212,4호선,미아사거리,B1,-1,지하 1층,전동휠체어충전설비,전동휠체어충전설비,6번 출구 물품보관함 옆
S1_4_0212,4호선,미아사거리,B1,-1,지하 1층,화장실,일반화장실(남),지하1층 역무실 옆
S1_4_0212,4호선,미아사거리,B1,-1,지하 1층,화장실,일반화장실(여),지하1층 역무실 옆
S1_4_0212,4호선,미아사거리,B1,-1,지하 1층,화장실,장애인화장실(남),지하1층 역무실 옆
S1_4_0212,4호선,미아사거리,B1,-1,지하 1층,화장실,장애인화장실(여),지하1층 역무실 옆
S1_4_0212,4호선,미아사거리,B1,-1,지하 1층,고객센터,고객센터,B1층 대합실
S1_4_0212,4호선,미아사거리,B1,-1,지하 1층,수유실,수유실,B1 고객안전실 내부
S1_4_0212,4호선,미아사거리,B2,-2,지하 2층,엘리베이터,일반승강기,[2호기]길음방면8-3
S1_4_0212,4호선,미아사거리,B2,-2,지하 2층,엘리베이터,일반승강기,[1호기]미아방면3-1
S1_4_0212,4호선,미아사거리,B2,-2,지하 2층,승강장,4호선 승강장 (미아 방면),상대식
S1_4_0212,4호선,미아사거리,B2,-2,지하 2층,승강장,4호선 승강장 (길음 방면),상대식
S1_4_0096,4호선,길음,1F,1,지상 1층,엘리베이터,일반승강기,[3호기]4번출구측
S1_4_0096,4호선,길음,1F,1,지상 1층,엘리베이터,일반승강기,[2호기]5번출구측
S1_4_0096,4호선,길음,1F,1,지상 1층,출입구,4번 출입구,교통약자 동선 연결
S1_4_0096,4호선,길음,1F,1,지상 1층,출입구,5번 출입구,교통약자 동선 연결
S1_4_0096,4호선,길음,B1,-1,지하 1층,대합실,대합실,
S1_4_0096,4호선,길음,B1,-1,지하 1층,개찰구,표 내는 곳,
S1_4_0096,4호선,길음,B1,-1,지하 1층,엘리베이터,일반승강기,[2호기]5번출구측
S1_4_0096,4호선,길음,B1,-1,지하 1층,엘리베이터,일반승강기,[3호기]4번출구측
S1_4_0096,4호선,길음,B1,-1,지하 1층,엘리베이터,일반승강기,[1호기]미아사거리방면6-1
S1_4_0096,4호선,길음,B1,-1,지하 1층,전동휠체어충전설비,전동휠체어충전설비,B1 대합실 전기실 옆
S1_4_0096,4호선,길음,B1,-1,지하 1층,화장실,일반화장실(남),지하1층 대합실 (가) 표 내는 곳 밖
S1_4_0096,4호선,길음,B1,-1,지하 1층,화장실,일반화장실(여),지하1층 대합실 (가) 표 내는 곳 밖
S1_4_0096,4호선,길음,B1,-1,지하 1층,화장실,장애인화장실(남),지하1층 대합실 (가) 표 내는 곳 밖
S1_4_0096,4호선,길음,B1,-1,지하 1층,화장실,장애인화장실(여),지하1층 대합실 (가) 표 내는 곳 밖
S1_4_0096,4호선,길음,B1,-1,지하 1층,고객센터,고객센터,B1층 대합실
S1_4_0096,4호선,길음,B1,-1,지하 1층,수유실,수유실,B1 고객안전실  인접
S1_4_0096,4호선,길음,B2,-2,지하 2층,엘리베이터,일반승강기,[1호기]미아사거리방면6-1
S1_4_0096,4호선,길음,B2,-2,지하 2층,승강장,4호선 승강장 (미아사거리 방면),섬식
S1_4_0096,4호선,길음,B2,-2,지하 2층,승강장,4호선 승강장 (성신여대입구 방면),섬식
S1_4_0315,4호선,성신여대입구,1F,1,지상 1층,엘리베이터,일반승강기,[4호기]3번출구측
S1_4_0315,4호선,성신여대입구,1F,1,지상 1층,엘리베이터,일반승강기,[3호기]2번출구측
S1_4_0315,4호선,성신여대입구,1F,1,지상 1층,출입구,2번 출입구,교통약자 동선 연결
S1_4_0315,4호선,성신여대입구,1F,1,지상 1층,출입구,3번 출입구,교통약자 동선 연결
S1_4_0315,4호선,성신여대입구,B1,-1,지하 1층,대합실,대합실,
S1_4_0315,4호선,성신여대입구,B1,-1,지하 1층,개찰구,표 내는 곳,
S1_4_0315,4호선,성신여대입구,B1,-1,지하 1층,엘리베이터,일반승강기,[4호기]3번출구측
S1_4_0315,4호선,성신여대입구,B1,-1,지하 1층,엘리베이터,일반승강기,[3호기]2번출구측
S1_4_0315,4호선,성신여대입구,B1,-1,지하 1층,엘리베이터,일반승강기,[2호기]한성대입구방면3-4
S1_4_0315,4호선,성신여대입구,B1,-1,지하 1층,엘리베이터,일반승강기,[1호기]길음방면8-2
S1_4_0315,4호선,성신여대입구,B1,-1,지하 1층,화장실,일반화장실(남),지하1층 고객 안내부스에서 10m 안쪽
S1_4_0315,4호선,성신여대입구,B1,-1,지하 1층,화장실,일반화장실(여),지하1층 고객 안내부스에서 10m 안쪽
S1_4_0315,4호선,성신여대입구,B1,-1,지하 1층,화장실,장애인화장실(남),지하1층 고객 안내부스에서 10m 안쪽
S1_4_0315,4호선,성신여대입구,B1,-1,지하 1층,화장실,장애인화장실(여),지하1층 고객 안내부스에서 10m 안쪽
S1_4_0315,4호선,성신여대입구,B1,-1,지하 1층,고객센터,고객센터,B1층 대합실
S1_4_0315,4호선,성신여대입구,B2,-2,지하 2층,대합실,대합실,
S1_4_0315,4호선,성신여대입구,B2,-2,지하 2층,엘리베이터,일반승강기,[1호기]길음방면8-2
S1_4_0315,4호선,성신여대입구,B2,-2,지하 2층,엘리베이터,일반승강기,[2호기]한성대입구방면3-4
S1_4_0315,4호선,성신여대입구,B2,-2,지하 2층,승강장,4호선 승강장 (길음 방면),상대식
S1_4_0315,4호선,성신여대입구,B2,-2,지하 2층,승강장,4호선 승강장 (한성대입구 방면),상대식
S1_4_0315,4호선,성신여대입구,B4,-4,지하 4층,환승승강장,우이신설선 승강장 (정릉 방면),우이신설선
S1_4_0315,4호선,성신여대입구,B4,-4,지하 4층,환승승강장,우이신설선 승강장 (보문 방면),우이신설선
S1_4_0587,4호선,한성대입구,1F,1,지상 1층,엘리베이터,일반승강기,[3호기]5번출구측
S1_4_0587,4호선,한성대입구,1F,1,지상 1층,엘리베이터,일반승강기,"[2호기]3,4번출구사이"
S1_4_0587,4호선,한성대입구,1F,1,지상 1층,출입구,1번 출입구,
S1_4_0587,4호선,한성대입구,1F,1,지상 1층,출입구,4번 출입구,교통약자 동선 연결
S1_4_0587,4호선,한성대입구,1F,1,지상 1층,출입구,5번 출입구,교통약자 동선 연결
S1_4_0587,4호선,한성대입구,B1,-1,지하 1층,대합실,대합실,
S1_4_0587,4호선,한성대입구,B1,-1,지하 1층,개찰구,표 내는 곳,
S1_4_0587,4호선,한성대입구,B1,-1,지하 1층,엘리베이터,일반승강기,"[2호기]3,4번출구사이"
S1_4_0587,4호선,한성대입구,B1,-1,지하 1층,엘리베이터,일반승강기,[3호기]5번출구측
S1_4_0587,4호선,한성대입구,B1,-1,지하 1층,엘리베이터,일반승강기,[1호기]성신여대입구방면6-1
S1_4_0587,4호선,한성대입구,B1,-1,지하 1층,전동휠체어충전설비,전동휠체어충전설비,역무실 앞
S1_4_0587,4호선,한성대입구,B1,-1,지하 1층,화장실,일반화장실(남),"1번출입구방향, (가) 표 내는 곳 쪽(표 내는 곳 외부)"
S1_4_0587,4호선,한성대입구,B1,-1,지하 1층,화장실,일반화장실(여),"1번출입구방향, (가) 표 내는 곳 쪽(표 내는 곳 외부)"
S1_4_0587,4호선,한성대입구,B1,-1,지하 1층,화장실,장애인화장실(남),"1번출입구방향, (가) 표 내는 곳 쪽(표 내는 곳 외부)"
S1_4_0587,4호선,한성대입구,B1,-1,지하 1층,화장실,장애인화장실(여),"1번출입구방향, (가) 표 내는 곳 쪽(표 내는 곳 외부)"
S1_4_0587,4호선,한성대입구,B1,-1,지하 1층,고객센터,고객센터,B1층 대합실
S1_4_0587,4호선,한성대입구,B2,-2,지하 2층,엘리베이터,일반승강기,[1호기]성신여대입구방면6-1
S1_4_0587,4호선,한성대입구,B2,-2,지하 2층,승강장,4호선 승강장 (성신여대입구 방면),섬식
S1_4_0587,4호선,한성대입구,B2,-2,지하 2층,승강장,4호선 승강장 (혜화 방면),섬식
S1_4_0594,4호선,혜화,1F,1,지상 1층,엘리베이터,일반승강기,[4호기]3번출구측
S1_4_0594,4호선,혜화,1F,1,지상 1층,엘리베이터,일반승강기,[3호기]2번출구측
S1_4_0594,4호선,혜화,1F,1,지상 1층,출입구,2번 출입구,교통약자 동선 연결
S1_4_0594,4호선,혜화,1F,1,지상 1층,출입구,3번 출입구,교통약자 동선 연결
S1_4_0594,4호선,혜화,B1,-1,지하 1층,대합실,대합실,
S1_4_0594,4호선,혜화,B1,-1,지하 1층,개찰구,표 내는 곳,
S1_4_0594,4호선,혜화,B1,-1,지하 1층,엘리베이터,일반승강기,[4호기]3번출구측
S1_4_0594,4호선,혜화,B1,-1,지하 1층,엘리베이터,일반승강기,[3호기]2번출구측
S1_4_0594,4호선,혜화,B1,-1,지하 1층,엘리베이터,일반승강기,[2호기]동대문방면3-4
S1_4_0594,4호선,혜화,B1,-1,지하 1층,엘리베이터,일반승강기,[1호기]한성대입구방면7-4
S1_4_0594,4호선,혜화,B1,-1,지하 1층,전동휠체어충전설비,전동휠체어충전설비,2번 출구 발매기 옆 
S1_4_0594,4호선,혜화,B1,-1,지하 1층,화장실,일반화장실(남),(지하1층 3번출입구 방면)
S1_4_0594,4호선,혜화,B1,-1,지하 1층,화장실,일반화장실(여),(지하1층 3번출입구 방면)
S1_4_0594,4호선,혜화,B1,-1,지하 1층,화장실,장애인화장실(남),(지하1층 3번출입구 방면)
S1_4_0594,4호선,혜화,B1,-1,지하 1층,화장실,장애인화장실(여),(지하1층 3번출입구 방면)
S1_4_0594,4호선,혜화,B1,-1,지하 1층,고객센터,고객센터,B1층 대합실
S1_4_0594,4호선,혜화,B2,-2,지하 2층,엘리베이터,일반승강기,[1호기]한성대입구방면7-4
S1_4_0594,4호선,혜화,B2,-2,지하 2층,엘리베이터,일반승강기,[2호기]동대문방면3-4
S1_4_0594,4호선,혜화,B2,-2,지하 2층,승강장,4호선 승강장 (한성대입구 방면),상대식
S1_4_0594,4호선,혜화,B2,-2,지하 2층,승강장,4호선 승강장 (동대문 방면),상대식
S1_4_0155,4호선,동대문,1F,1,지상 1층,엘리베이터,일반승강기,[2호기]9번출구측
S1_4_0155,4호선,동대문,B1,-1,지하 1층,대합실,대합실,
S1_4_0155,4호선,동대문,B1,-1,지하 1층,엘리베이터,일반승강기,[2호기]9번출구측
S1_4_0155,4호선,동대문,B1,-1,지하 1층,엘리베이터,일반승강기,[1호기]혜화방면6-3
S1_4_0155,4호선,동대문,B1,-1,지하 1층,전동휠체어충전설비,전동휠체어충전설비,8번 출구 5m 지점
S1_4_0155,4호선,동대문,B1,-1,지하 1층,고객센터,고객센터,B1층 대합실
S1_4_0155,4호선,동대문,B1,-1,지하 1층,출입구,8번 출입구,
S1_4_0155,4호선,동대문,B1,-1,지하 1층,출입구,9번 출입구,교통약자 동선 연결
S1_4_0155,4호선,동대문,B2,-2,지하 2층,엘리베이터,일반승강기,[1호기](B4-B1)섬식(상)6-3
S1_4_0155,4호선,동대문,B2,-2,지하 2층,화장실,일반화장실(남),지하2층
S1_4_0155,4호선,동대문,B2,-2,지하 2층,화장실,일반화장실(여),지하2층
S1_4_0155,4호선,동대문,B2,-2,지하 2층,화장실,장애인화장실(남),지하2층
S1_4_0155,4호선,동대문,B2,-2,지하 2층,화장실,장애인화장실(여),지하2층
S1_4_0155,4호선,동대문,B3,-3,지하 3층,엘리베이터,일반승강기,[1호기](B4-B1)섬식(상)6-3
S1_4_0155,4호선,동대문,B4,-4,지하 4층,엘리베이터,일반승강기,[1호기]혜화방면6-3
S1_4_0155,4호선,동대문,B4,-4,지하 4층,승강장,4호선 승강장 (혜화 방면),섬식
S1_4_0155,4호선,동대문,B4,-4,지하 4층,승강장,4호선 승강장 (동대문역사문화공원 방면),섬식
S1_4_0156,4호선,동대문역사문화공원,1F,1,지상 1층,엘리베이터,일반승강기,[2호기]4번출구측
S1_4_0156,4호선,동대문역사문화공원,1F,1,지상 1층,출입구,1번 출입구,교통약자 동선 연결
S1_4_0156,4호선,동대문역사문화공원,1F,1,지상 1층,출입구,4번 출입구,교통약자 동선 연결
S1_4_0156,4호선,동대문역사문화공원,B1,-1,지하 1층,대합실,대합실,
S1_4_0156,4호선,동대문역사문화공원,B1,-1,지하 1층,개찰구,표 내는 곳,
S1_4_0156,4호선,동대문역사문화공원,B1,-1,지하 1층,엘리베이터,일반승강기,[2호기]4번출구측
S1_4_0156,4호선,동대문역사문화공원,B1,-1,지하 1층,엘리베이터,일반승강기,[1호기]동대문방면4-4
S1_4_0156,4호선,동대문역사문화공원,B1,-1,지하 1층,전동휠체어충전설비,전동휠체어충전설비,지하1층 역무실 앞 엘리베이터 뒷편
S1_4_0156,4호선,동대문역사문화공원,B1,-1,지하 1층,화장실,일반화장실(남),"지하1층 10,11번 기둥앞"
S1_4_0156,4호선,동대문역사문화공원,B1,-1,지하 1층,화장실,일반화장실(여),"지하1층 10,11번 기둥앞"
S1_4_0156,4호선,동대문역사문화공원,B1,-1,지하 1층,화장실,장애인화장실(남),"지하1층 10,11번 기둥앞"
S1_4_0156,4호선,동대문역사문화공원,B1,-1,지하 1층,화장실,장애인화장실(여),"지하1층 10,11번 기둥앞"
S1_4_0156,4호선,동대문역사문화공원,B1,-1,지하 1층,고객센터,고객센터,B1층 대합실
S1_4_0156,4호선,동대문역사문화공원,B1,-1,지하 1층,수유실,수유실,B1 고객안전실  내부
S1_4_0156,4호선,동대문역사문화공원,B2,-2,지하 2층,엘리베이터,일반승강기,[1호기](B3-B1)섬식(상)4-4
S1_4_0156,4호선,동대문역사문화공원,B2,-2,지하 2층,화장실,일반화장실(남),지하2층 내부계단 옆
S1_4_0156,4호선,동대문역사문화공원,B2,-2,지하 2층,화장실,일반화장실(여),지하2층 내부계단 옆
S1_4_0156,4호선,동대문역사문화공원,B2,-2,지하 2층,화장실,장애인화장실(남),지하2층 내부계단 옆
S1_4_0156,4호선,동대문역사문화공원,B2,-2,지하 2층,화장실,장애인화장실(여),지하2층 내부계단 옆
S1_4_0156,4호선,동대문역사문화공원,B2,-2,지하 2층,환승승강장,2호선 승강장 (을지로4가 방면),2호선
S1_4_0156,4호선,동대문역사문화공원,B2,-2,지하 2층,환승승강장,2호선 승강장 (신당 방면),2호선
S1_4_0156,4호선,동대문역사문화공원,B3,-3,지하 3층,엘리베이터,일반승강기,[1호기]동대문방면4-4
S1_4_0156,4호선,동대문역사문화공원,B3,-3,지하 3층,승강장,4호선 승강장 (동대문 방면),섬식
S1_4_0156,4호선,동대문역사문화공원,B3,-3,지하 3층,승강장,4호선 승강장 (충무로 방면),섬식
S1_4_0156,4호선,동대문역사문화공원,B5,-5,지하 5층,환승승강장,5호선 승강장 (을지로4가 방면),5호선
S1_4_0156,4호선,동대문역사문화공원,B5,-5,지하 5층,환승승강장,5호선 승강장 (청구 방면),5호선
S1_4_0563,4호선,충무로,1F,1,지상 1층,엘리베이터,일반승강기,[4호기]7번출구측
S1_4_0563,4호선,충무로,1F,1,지상 1층,출입구,7번 출입구,교통약자 동선 연결
S1_4_0563,4호선,충무로,B1,-1,지하 1층,대합실,대합실,
S1_4_0563,4호선,충무로,B1,-1,지하 1층,개찰구,표 내는 곳,
S1_4_0563,4호선,충무로,B1,-1,지하 1층,엘리베이터,일반승강기,[4호기]7번출구측
S1_4_0563,4호선,충무로,B1,-1,지하 1층,엘리베이터,일반승강기,[2호기]명동방면3-3
S1_4_0563,4호선,충무로,B1,-1,지하 1층,엘리베이터,일반승강기,[1호기]동대문역사문화공원방면8-1
S1_4_0563,4호선,충무로,B1,-1,지하 1층,전동휠체어충전설비,전동휠체어충전설비,유실물센터앞
S1_4_0563,4호선,충무로,B1,-1,지하 1층,고객센터,고객센터,B1층 대합실
S1_4_0563,4호선,충무로,B2,-2,지하 2층,대합실,대합실,
S1_4_0563,4호선,충무로,B2,-2,지하 2층,엘리베이터,일반승강기,[1호기](B3-B1) 8-1
S1_4_0563,4호선,충무로,B2,-2,지하 2층,엘리베이터,일반승강기,[2호기](B3-B1) 3-3
S1_4_0563,4호선,충무로,B2,-2,지하 2층,엘리베이터,일반승강기,[3호기]대합실(B3)
S1_4_0563,4호선,충무로,B2,-2,지하 2층,화장실,일반화장실(남),"지하2층 3,4,5,6,7번 출입구쪽, 표 내는 곳 내부"
S1_4_0563,4호선,충무로,B2,-2,지하 2층,화장실,일반화장실(여),"지하2층 3,4,5,6,7번 출입구쪽, 표 내는 곳 내부"
S1_4_0563,4호선,충무로,B2,-2,지하 2층,화장실,장애인화장실(남),"지하2층 3,4,5,6,7번 출입구쪽, 표 내는 곳 내부"
S1_4_0563,4호선,충무로,B2,-2,지하 2층,화장실,장애인화장실(여),"지하2층 3,4,5,6,7번 출입구쪽, 표 내는 곳 내부"
S1_4_0563,4호선,충무로,B3,-3,지하 3층,엘리베이터,일반승강기,[2호기]명동방면3-3
S1_4_0563,4호선,충무로,B3,-3,지하 3층,엘리베이터,일반승강기,[1호기]동대문역사문화공원방면8-1
S1_4_0563,4호선,충무로,B3,-3,지하 3층,엘리베이터,일반승강기,[3호기](B4-B2)B3 대합실
S1_4_0563,4호선,충무로,B3,-3,지하 3층,승강장,4호선 승강장 (동대문역사문화공원 방면),상대식
S1_4_0563,4호선,충무로,B3,-3,지하 3층,승강장,4호선 승강장 (명동 방면),상대식
S1_4_0563,4호선,충무로,B4,-4,지하 4층,엘리베이터,일반승강기,[3호기]대합실(B3)
S1_4_0563,4호선,충무로,B4,-4,지하 4층,환승승강장,3호선 승강장 (을지로3가 방면),3호선
S1_4_0563,4호선,충무로,B4,-4,지하 4층,환승승강장,3호선 승강장 (동대입구 방면),3호선
S1_4_0197,4호선,명동,1F,1,지상 1층,엘리베이터,일반승강기,[1호기]1번출구측
S1_4_0197,4호선,명동,1F,1,지상 1층,출입구,1번 출입구,교통약자 동선 연결
S1_4_0197,4호선,명동,1F,1,지상 1층,출입구,8번 출입구,
S1_4_0197,4호선,명동,B1,-1,지하 1층,개찰구,표 내는 곳,
S1_4_0197,4호선,명동,B1,-1,지하 1층,엘리베이터,일반승강기,[1호기]1번출구측
S1_4_0197,4호선,명동,B1,-1,지하 1층,엘리베이터,일반승강기,[2호기]대합실
S1_4_0197,4호선,명동,B1,-1,지하 1층,화장실,일반화장실(남),"지하1층 2,3,4,5,6,7,8번 출입구쪽, 표 내는 곳 내부"
S1_4_0197,4호선,명동,B1,-1,지하 1층,화장실,일반화장실(여),"지하1층 2,3,4,5,6,7,8번 출입구쪽, 표 내는 곳 내부"
S1_4_0197,4호선,명동,B1,-1,지하 1층,화장실,장애인화장실(남),"지하1층 2,3,4,5,6,7,8번 출입구쪽, 표 내는 곳 내부"
S1_4_0197,4호선,명동,B1,-1,지하 1층,화장실,장애인화장실(여),"지하1층 2,3,4,5,6,7,8번 출입구쪽, 표 내는 곳 내부"
S1_4_0197,4호선,명동,B1,-1,지하 1층,고객센터,고객센터,B1층 대합실
S1_4_0197,4호선,명동,B2,-2,지하 2층,엘리베이터,일반승강기,[2호기](B4-B1)
S1_4_0197,4호선,명동,B3,-3,지하 3층,엘리베이터,일반승강기,[2호기](B4-B1)
S1_4_0197,4호선,명동,B4,-4,지하 4층,엘리베이터,일반승강기,[2호기]대합실
S1_4_0197,4호선,명동,B4,-4,지하 4층,승강장,4호선 승강장 (충무로 방면),섬식
S1_4_0197,4호선,명동,B4,-4,지하 4층,승강장,4호선 승강장 (회현 방면),섬식
S1_4_0607,4호선,회현,1F,1,지상 1층,엘리베이터,일반승강기,"[2호기]3,4,5번출구중심"
S1_4_0607,4호선,회현,1F,1,지상 1층,출입구,5번 출입구,교통약자 동선 연결
S1_4_0607,4호선,회현,B1,-1,지하 1층,대합실,대합실,
S1_4_0607,4호선,회현,B1,-1,지하 1층,개찰구,표 내는 곳,
S1_4_0607,4호선,회현,B1,-1,지하 1층,엘리베이터,일반승강기,"[2호기]3,4,5번출구중심"
S1_4_0607,4호선,회현,B1,-1,지하 1층,엘리베이터,일반승강기,[1호기]명동방면10-1
S1_4_0607,4호선,회현,B1,-1,지하 1층,고객센터,고객센터,B1층 대합실
S1_4_0607,4호선,회현,B2,-2,지하 2층,엘리베이터,일반승강기,"[1호기](B4-B1) (B4)서울역방향 승강장1-4, 명동방향 승강장10-1 출입문 앞 (B2)물품보관함 왼쪽 통로 끝 (B1)5번출입구방향 표내는곳 옆"
S1_4_0607,4호선,회현,B2,-2,지하 2층,화장실,일반화장실(남),표 내는 곳 내부 지하2층 
S1_4_0607,4호선,회현,B2,-2,지하 2층,화장실,일반화장실(여),표 내는 곳 내부 지하2층 
S1_4_0607,4호선,회현,B2,-2,지하 2층,화장실,장애인화장실(남),표 내는 곳 내부 지하2층 
S1_4_0607,4호선,회현,B2,-2,지하 2층,화장실,장애인화장실(여),표 내는 곳 내부 지하2층 
S1_4_0607,4호선,회현,B3,-3,지하 3층,엘리베이터,일반승강기,"[1호기](B4-B1) (B4)서울역방향 승강장1-4, 명동방향 승강장10-1 출입문 앞 (B2)물품보관함 왼쪽 통로 끝 (B1)5번출입구방향 표내는곳 옆"
S1_4_0607,4호선,회현,B4,-4,지하 4층,엘리베이터,일반승강기,[1호기]명동방면10-1
S1_4_0607,4호선,회현,B4,-4,지하 4층,승강장,4호선 승강장 (명동 방면),섬식
S1_4_0607,4호선,회현,B4,-4,지하 4층,승강장,4호선 승강장 (서울역 방면),섬식
S1_4_0296,4호선,서울역,1F,1,지상 1층,대합실,대합실,
S1_4_0296,4호선,서울역,1F,1,지상 1층,엘리베이터,일반승강기,[2호기]12번출구측
S1_4_0296,4호선,서울역,1F,1,지상 1층,출입구,11번 출입구,
S1_4_0296,4호선,서울역,1F,1,지상 1층,출입구,12번 출입구,교통약자 동선 연결
S1_4_0296,4호선,서울역,1F,1,지상 1층,출입구,14번 출입구,
S1_4_0296,4호선,서울역,1F,1,지상 1층,환승승강장,경의중앙선 승강장 (신촌 방면),경의중앙선
S1_4_0296,4호선,서울역,B1,-1,지하 1층,대합실,대합실,
S1_4_0296,4호선,서울역,B1,-1,지하 1층,개찰구,표 내는 곳,
S1_4_0296,4호선,서울역,B1,-1,지하 1층,엘리베이터,일반승강기,[2호기]12번출구측
S1_4_0296,4호선,서울역,B1,-1,지하 1층,엘리베이터,일반승강기,[1호기]회현방면9-1
S1_4_0296,4호선,서울역,B1,-1,지하 1층,화장실,일반화장실(남),"14번 출입구  옆, 11번 출입구 물품보관함 건너편"
S1_4_0296,4호선,서울역,B1,-1,지하 1층,화장실,일반화장실(여),"14번 출입구  옆, 11번 출입구 물품보관함 건너편"
S1_4_0296,4호선,서울역,B1,-1,지하 1층,화장실,장애인화장실(남),"14번 출입구  옆, 11번 출입구 물품보관함 건너편"
S1_4_0296,4호선,서울역,B1,-1,지하 1층,화장실,장애인화장실(여),"14번 출입구  옆, 11번 출입구 물품보관함 건너편"
S1_4_0296,4호선,서울역,B1,-1,지하 1층,고객센터,고객센터,B1층 대합실
S1_4_0296,4호선,서울역,B1,-1,지하 1층,수유실,수유실,B1 고객안전실  인접
S1_4_0296,4호선,서울역,B2,-2,지하 2층,대합실,대합실,
S1_4_0296,4호선,서울역,B2,-2,지하 2층,엘리베이터,일반승강기,[1호기]회현방면9-1
S1_4_0296,4호선,서울역,B2,-2,지하 2층,승강장,4호선 승강장 (회현 방면),섬식
S1_4_0296,4호선,서울역,B2,-2,지하 2층,승강장,4호선 승강장 (숙대입구 방면),섬식
S1_4_0296,4호선,서울역,B2,-2,지하 2층,환승승강장,1호선 승강장 (시청 방면),1호선
S1_4_0296,4호선,서울역,B2,-2,지하 2층,환승승강장,1호선 승강장 (남영 방면),1호선
S1_4_0296,4호선,서울역,B3,-3,지하 3층,대합실,대합실,
S1_4_0343,4호선,숙대입구,1F,1,지상 1층,엘리베이터,일반승강기,[3호기]10번출구측
S1_4_0343,4호선,숙대입구,1F,1,지상 1층,출입구,10번 출입구,교통약자 동선 연결
S1_4_0343,4호선,숙대입구,B1,-1,지하 1층,대합실,대합실,
S1_4_0343,4호선,숙대입구,B1,-1,지하 1층,개찰구,표 내는 곳,
S1_4_0343,4호선,숙대입구,B1,-1,지하 1층,엘리베이터,일반승강기,[3호기]10번출구측
S1_4_0343,4호선,숙대입구,B1,-1,지하 1층,엘리베이터,일반승강기,[2호기]삼각지방면3-3
S1_4_0343,4호선,숙대입구,B1,-1,지하 1층,엘리베이터,일반승강기,[1호기]서울역방면8-1
S1_4_0343,4호선,숙대입구,B1,-1,지하 1층,전동휠체어충전설비,전동휠체어충전설비,나 대합실 기둥 옆
S1_4_0343,4호선,숙대입구,B1,-1,지하 1층,화장실,일반화장실(남),지하1층 가대합실과 나대합실 연결통로 가운데 위치
S1_4_0343,4호선,숙대입구,B1,-1,지하 1층,화장실,일반화장실(여),지하1층 가대합실과 나대합실 연결통로 가운데 위치
S1_4_0343,4호선,숙대입구,B1,-1,지하 1층,화장실,장애인화장실(남),지하1층 가대합실과 나대합실 연결통로 가운데 위치
S1_4_0343,4호선,숙대입구,B1,-1,지하 1층,화장실,장애인화장실(여),지하1층 가대합실과 나대합실 연결통로 가운데 위치
S1_4_0343,4호선,숙대입구,B1,-1,지하 1층,고객센터,고객센터,B1층 대합실
S1_4_0343,4호선,숙대입구,B2,-2,지하 2층,엘리베이터,일반승강기,[1호기]서울역방면8-1
S1_4_0343,4호선,숙대입구,B2,-2,지하 2층,엘리베이터,일반승강기,[2호기]삼각지방면3-3
S1_4_0343,4호선,숙대입구,B2,-2,지하 2층,승강장,4호선 승강장 (서울역 방면),상대식
S1_4_0343,4호선,숙대입구,B2,-2,지하 2층,승강장,4호선 승강장 (삼각지 방면),상대식
S1_4_0263,4호선,삼각지,1F,1,지상 1층,엘리베이터,일반승강기,"[3호기]1,2번출구측"
S1_4_0263,4호선,삼각지,1F,1,지상 1층,엘리베이터,일반승강기,[5호기]3번출구측
S1_4_0263,4호선,삼각지,1F,1,지상 1층,엘리베이터,일반승강기,"[4호기]5,6번출구측"
S1_4_0263,4호선,삼각지,1F,1,지상 1층,출입구,1번 출입구,교통약자 동선 연결
S1_4_0263,4호선,삼각지,1F,1,지상 1층,출입구,2번 출입구,
S1_4_0263,4호선,삼각지,1F,1,지상 1층,출입구,3번 출입구,교통약자 동선 연결
S1_4_0263,4호선,삼각지,1F,1,지상 1층,출입구,5번 출입구,교통약자 동선 연결
S1_4_0263,4호선,삼각지,1F,1,지상 1층,출입구,6번 출입구,
S1_4_0263,4호선,삼각지,B1,-1,지하 1층,대합실,대합실,
S1_4_0263,4호선,삼각지,B1,-1,지하 1층,개찰구,표 내는 곳,
S1_4_0263,4호선,삼각지,B1,-1,지하 1층,엘리베이터,일반승강기,[5호기]3번출구측
S1_4_0263,4호선,삼각지,B1,-1,지하 1층,엘리베이터,일반승강기,"[4호기]5,6번출구측"
S1_4_0263,4호선,삼각지,B1,-1,지하 1층,엘리베이터,일반승강기,"[3호기]1,2번출구측"
S1_4_0263,4호선,삼각지,B1,-1,지하 1층,엘리베이터,일반승강기,[2호기]신용산방면7-2
S1_4_0263,4호선,삼각지,B1,-1,지하 1층,엘리베이터,일반승강기,[1호기]숙대입구방면4-3
S1_4_0263,4호선,삼각지,B1,-1,지하 1층,전동휠체어충전설비,전동휠체어충전설비,대합실 화장실 옆 벽면
S1_4_0263,4호선,삼각지,B1,-1,지하 1층,화장실,일반화장실(남),신용산측
S1_4_0263,4호선,삼각지,B1,-1,지하 1층,화장실,일반화장실(여),신용산측
S1_4_0263,4호선,삼각지,B1,-1,지하 1층,화장실,장애인화장실(남),신용산측
S1_4_0263,4호선,삼각지,B1,-1,지하 1층,화장실,장애인화장실(여),신용산측
S1_4_0263,4호선,삼각지,B1,-1,지하 1층,고객센터,고객센터,B1층 대합실
S1_4_0263,4호선,삼각지,B2,-2,지하 2층,엘리베이터,일반승강기,[1호기]숙대입구방면4-3
S1_4_0263,4호선,삼각지,B2,-2,지하 2층,엘리베이터,일반승강기,[2호기]신용산방면7-2
S1_4_0263,4호선,삼각지,B2,-2,지하 2층,승강장,4호선 승강장 (숙대입구 방면),상대식
S1_4_0263,4호선,삼각지,B2,-2,지하 2층,승강장,4호선 승강장 (신용산 방면),상대식
S1_4_0263,4호선,삼각지,B4,-4,지하 4층,환승승강장,6호선 승강장 (효창공원앞 방면),6호선
S1_4_0263,4호선,삼각지,B4,-4,지하 4층,환승승강장,6호선 승강장 (녹사평 방면),6호선
S1_4_0369,4호선,신용산,1F,1,지상 1층,엘리베이터,일반승강기,[4호기]4번출구측
S1_4_0369,4호선,신용산,1F,1,지상 1층,엘리베이터,일반승강기,[3호기]1번출구측
S1_4_0369,4호선,신용산,1F,1,지상 1층,출입구,1번 출입구,교통약자 동선 연결
S1_4_0369,4호선,신용산,1F,1,지상 1층,출입구,4번 출입구,교통약자 동선 연결
S1_4_0369,4호선,신용산,B1,-1,지하 1층,대합실,대합실,
S1_4_0369,4호선,신용산,B1,-1,지하 1층,개찰구,표 내는 곳,
S1_4_0369,4호선,신용산,B1,-1,지하 1층,엘리베이터,일반승강기,[4호기]4번출구측
S1_4_0369,4호선,신용산,B1,-1,지하 1층,엘리베이터,일반승강기,[3호기](B2-1F) (B1)1번출입구 근처 대합실 (1F)1번출입구
S1_4_0369,4호선,신용산,B1,-1,지하 1층,엘리베이터,일반승강기,[1호기]삼각지방면8-2
S1_4_0369,4호선,신용산,B1,-1,지하 1층,엘리베이터,일반승강기,[2호기]이촌방면3-2
S1_4_0369,4호선,신용산,B1,-1,지하 1층,화장실,일반화장실(남),지하1층 삼각지측
S1_4_0369,4호선,신용산,B1,-1,지하 1층,화장실,일반화장실(여),지하1층 삼각지측
S1_4_0369,4호선,신용산,B1,-1,지하 1층,화장실,장애인화장실(남),지하1층 삼각지측
S1_4_0369,4호선,신용산,B1,-1,지하 1층,화장실,장애인화장실(여),지하1층 삼각지측
S1_4_0369,4호선,신용산,B1,-1,지하 1층,고객센터,고객센터,B1층 대합실
S1_4_0369,4호선,신용산,B2,-2,지하 2층,엘리베이터,일반승강기,[1호기]삼각지방면8-2
S1_4_0369,4호선,신용산,B2,-2,지하 2층,엘리베이터,일반승강기,[2호기]이촌방면3-2
S1_4_0369,4호선,신용산,B2,-2,지하 2층,엘리베이터,일반승강기,[3호기]1번출구측
S1_4_0369,4호선,신용산,B2,-2,지하 2층,승강장,4호선 승강장 (삼각지 방면),상대식
S1_4_0369,4호선,신용산,B2,-2,지하 2층,승강장,4호선 승강장 (이촌 방면),상대식
S1_4_0477,4호선,이촌,1F,1,지상 1층,대합실,대합실,
S1_4_0477,4호선,이촌,1F,1,지상 1층,엘리베이터,일반승강기,[3호기]1번출구측
S1_4_0477,4호선,이촌,1F,1,지상 1층,엘리베이터,일반승강기,[5호기]환승통로
S1_4_0477,4호선,이촌,1F,1,지상 1층,엘리베이터,일반승강기,[4호기]2번출구측
S1_4_0477,4호선,이촌,1F,1,지상 1층,출입구,1번 출입구,교통약자 동선 연결
S1_4_0477,4호선,이촌,1F,1,지상 1층,출입구,2번 출입구,교통약자 동선 연결
S1_4_0477,4호선,이촌,1F,1,지상 1층,출입구,3번 출입구,
S1_4_0477,4호선,이촌,1F,1,지상 1층,출입구,3-1번 출입구,교통약자 동선 연결
S1_4_0477,4호선,이촌,1F,1,지상 1층,환승승강장,경의중앙선 승강장 (용산 방면),경의중앙선
S1_4_0477,4호선,이촌,1F,1,지상 1층,환승승강장,경의중앙선 승강장 (서빙고 방면),경의중앙선
S1_4_0477,4호선,이촌,B1,-1,지하 1층,대합실,대합실,
S1_4_0477,4호선,이촌,B1,-1,지하 1층,개찰구,표 내는 곳,
S1_4_0477,4호선,이촌,B1,-1,지하 1층,엘리베이터,일반승강기,[5호기]환승통로
S1_4_0477,4호선,이촌,B1,-1,지하 1층,엘리베이터,일반승강기,[4호기]2번출구측
S1_4_0477,4호선,이촌,B1,-1,지하 1층,엘리베이터,일반승강기,[3호기]1번출구측
S1_4_0477,4호선,이촌,B1,-1,지하 1층,엘리베이터,일반승강기,[2호기]동작방면3-3
S1_4_0477,4호선,이촌,B1,-1,지하 1층,엘리베이터,일반승강기,[1호기]신용산방면8-1
S1_4_0477,4호선,이촌,B1,-1,지하 1층,화장실,일반화장실(남),지하1층 3번출입구 앞
S1_4_0477,4호선,이촌,B1,-1,지하 1층,화장실,일반화장실(여),지하1층 3번출입구 앞
S1_4_0477,4호선,이촌,B1,-1,지하 1층,화장실,장애인화장실(남),지하1층 3번출입구 앞
S1_4_0477,4호선,이촌,B1,-1,지하 1층,화장실,장애인화장실(여),지하1층 3번출입구 앞
S1_4_0477,4호선,이촌,B1,-1,지하 1층,고객센터,고객센터,B1층 대합실
S1_4_0477,4호선,이촌,B2,-2,지하 2층,엘리베이터,일반승강기,[1호기]신용산방면8-1
S1_4_0477,4호선,이촌,B2,-2,지하 2층,엘리베이터,일반승강기,[2호기]동작방면3-3
S1_4_0477,4호선,이촌,B2,-2,지하 2층,수유실,수유실,2F 고객안전실  인접
S1_4_0477,4호선,이촌,B2,-2,지하 2층,승강장,4호선 승강장 (신용산 방면),상대식
S1_4_0477,4호선,이촌,B2,-2,지하 2층,승강장,4호선 승강장 (동작 방면),상대식
S1_4_0167,4호선,동작,3F,3,지상 3층,엘리베이터,일반승강기,[2호기]총신대입구방면4-4
S1_4_0167,4호선,동작,3F,3,지상 3층,엘리베이터,일반승강기,[1호기]이촌방면7-4
S1_4_0167,4호선,동작,3F,3,지상 3층,승강장,4호선 승강장 (이촌 방면),상대식
S1_4_0167,4호선,동작,3F,3,지상 3층,승강장,4호선 승강장 (총신대입구 방면),상대식
S1_4_0167,4호선,동작,2F,2,지상 2층,대합실,대합실,
S1_4_0167,4호선,동작,2F,2,지상 2층,엘리베이터,일반승강기,[1호기]이촌방면7-4
S1_4_0167,4호선,동작,2F,2,지상 2층,엘리베이터,일반승강기,[2호기](F1-F3) 4-4
S1_4_0167,4호선,동작,2F,2,지상 2층,화장실,일반화장실(남),대합실 2층 구내식당좌측
S1_4_0167,4호선,동작,2F,2,지상 2층,화장실,일반화장실(여),대합실 2층 구내식당좌측
S1_4_0167,4호선,동작,2F,2,지상 2층,화장실,장애인화장실(남),대합실 2층 구내식당좌측
S1_4_0167,4호선,동작,2F,2,지상 2층,화장실,장애인화장실(여),대합실 2층 구내식당좌측
S1_4_0167,4호선,동작,1F,1,지상 1층,대합실,대합실,
S1_4_0167,4호선,동작,1F,1,지상 1층,개찰구,표 내는 곳,
S1_4_0167,4호선,동작,1F,1,지상 1층,엘리베이터,일반승강기,[2호기]총신대입구방면4-4
S1_4_0167,4호선,동작,1F,1,지상 1층,전동휠체어충전설비,전동휠체어충전설비,2층대합실 7번기둥(콘센트 있는기둥)
S1_4_0167,4호선,동작,1F,1,지상 1층,고객센터,고객센터,1층 대합실
S1_4_0167,4호선,동작,1F,1,지상 1층,출입구,1번 출입구,교통약자 동선 연결
S1_4_0167,4호선,동작,1F,1,지상 1층,출입구,2번 출입구,교통약자 동선 연결
S1_4_0167,4호선,동작,B2,-2,지하 2층,대합실,대합실,
S1_4_0167,4호선,동작,B3,-3,지하 3층,환승승강장,9호선 승강장 (구반포 방면),9호선
S1_4_0167,4호선,동작,B3,-3,지하 3층,환승승강장,9호선 승강장 (흑석 방면),9호선
S1_4_0560,4호선,총신대입구,1F,1,지상 1층,엘리베이터,일반승강기,[4호기]14번출구측
S1_4_0560,4호선,총신대입구,1F,1,지상 1층,엘리베이터,일반승강기,[3호기]1번출구측
S1_4_0560,4호선,총신대입구,1F,1,지상 1층,출입구,1번 출입구,교통약자 동선 연결
S1_4_0560,4호선,총신대입구,1F,1,지상 1층,출입구,14번 출입구,교통약자 동선 연결
S1_4_0560,4호선,총신대입구,B1,-1,지하 1층,대합실,대합실,
S1_4_0560,4호선,총신대입구,B1,-1,지하 1층,개찰구,표 내는 곳,
S1_4_0560,4호선,총신대입구,B1,-1,지하 1층,엘리베이터,일반승강기,[4호기]14번출구측
S1_4_0560,4호선,총신대입구,B1,-1,지하 1층,엘리베이터,일반승강기,[3호기]1번출구측
S1_4_0560,4호선,총신대입구,B1,-1,지하 1층,엘리베이터,일반승강기,[2호기]사당방면8-3
S1_4_0560,4호선,총신대입구,B1,-1,지하 1층,엘리베이터,일반승강기,[1호기]동작방면7-3
S1_4_0560,4호선,총신대입구,B1,-1,지하 1층,화장실,일반화장실(남),지하1층 동작측
S1_4_0560,4호선,총신대입구,B1,-1,지하 1층,화장실,일반화장실(여),지하1층 동작측
S1_4_0560,4호선,총신대입구,B1,-1,지하 1층,화장실,장애인화장실(남),지하1층 동작측
S1_4_0560,4호선,총신대입구,B1,-1,지하 1층,화장실,장애인화장실(여),지하1층 동작측
S1_4_0560,4호선,총신대입구,B1,-1,지하 1층,고객센터,고객센터,B1층 대합실
S1_4_0560,4호선,총신대입구,B2,-2,지하 2층,엘리베이터,일반승강기,[1호기]동작방면7-3
S1_4_0560,4호선,총신대입구,B2,-2,지하 2층,엘리베이터,일반승강기,[2호기]사당방면8-3
S1_4_0560,4호선,총신대입구,B2,-2,지하 2층,승강장,4호선 승강장 (동작 방면),상대식
S1_4_0560,4호선,총신대입구,B2,-2,지하 2층,승강장,4호선 승강장 (사당 방면),상대식
S1_4_0560,4호선,총신대입구,B3,-3,지하 3층,대합실,대합실,
S1_4_0560,4호선,총신대입구,B3,-3,지하 3층,전동휠체어충전설비,전동휠체어충전설비,14번출구에서 오른쪽으로 역무실벽
S1_4_0560,4호선,총신대입구,B4,-4,지하 4층,환승승강장,7호선 승강장 (내방 방면),7호선
S1_4_0560,4호선,총신대입구,B4,-4,지하 4층,환승승강장,7호선 승강장 (남성 방면),7호선
S1_4_0257,4호선,사당,1F,1,지상 1층,엘리베이터,일반승강기,"[2호기]9,10번출구사이"
S1_4_0257,4호선,사당,1F,1,지상 1층,출입구,6번 출입구,교통약자 동선 연결
S1_4_0257,4호선,사당,1F,1,지상 1층,출입구,9번 출입구,
S1_4_0257,4호선,사당,1F,1,지상 1층,출입구,10번 출입구,
S1_4_0257,4호선,사당,1F,1,지상 1층,출입구,14번 출입구,교통약자 동선 연결
S1_4_0257,4호선,사당,B1,-1,지하 1층,대합실,대합실,
S1_4_0257,4호선,사당,B1,-1,지하 1층,개찰구,표 내는 곳,
S1_4_0257,4호선,사당,B1,-1,지하 1층,엘리베이터,일반승강기,"[2호기]9,10번출구사이"
S1_4_0257,4호선,사당,B1,-1,지하 1층,엘리베이터,일반승강기,[1호기]총신대입구방면9-2
S1_4_0257,4호선,사당,B1,-1,지하 1층,전동휠체어충전설비,전동휠체어충전설비,9번 출입구에서 지하1층으로 내려온 직진 우측 100M
S1_4_0257,4호선,사당,B1,-1,지하 1층,화장실,일반화장실(남),(지하1층 총신대측)
S1_4_0257,4호선,사당,B1,-1,지하 1층,화장실,일반화장실(남),(지하1층 남태령측)
S1_4_0257,4호선,사당,B1,-1,지하 1층,화장실,일반화장실(여),(지하1층 남태령측)
S1_4_0257,4호선,사당,B1,-1,지하 1층,화장실,일반화장실(여),(지하1층 총신대측)
S1_4_0257,4호선,사당,B1,-1,지하 1층,화장실,장애인화장실(남),(지하1층 총신대측)
S1_4_0257,4호선,사당,B1,-1,지하 1층,화장실,장애인화장실(남),(지하1층 남태령측)
S1_4_0257,4호선,사당,B1,-1,지하 1층,화장실,장애인화장실(여),(지하1층 총신대측)
S1_4_0257,4호선,사당,B1,-1,지하 1층,화장실,장애인화장실(여),(지하1층 남태령측)
S1_4_0257,4호선,사당,B2,-2,지하 2층,엘리베이터,일반승강기,[1호기](B3-B1)섬식(상)09-2
S1_4_0257,4호선,사당,B2,-2,지하 2층,화장실,일반화장실(남),(지하2층 환승통로)
S1_4_0257,4호선,사당,B2,-2,지하 2층,화장실,일반화장실(여),(지하2층 환승통로)
S1_4_0257,4호선,사당,B2,-2,지하 2층,화장실,장애인화장실(남),(지하2층 환승통로)
S1_4_0257,4호선,사당,B2,-2,지하 2층,화장실,장애인화장실(여),(지하2층 환승통로)
S1_4_0257,4호선,사당,B2,-2,지하 2층,고객센터,고객센터,B2층 대합실
S1_4_0257,4호선,사당,B2,-2,지하 2층,수유실,수유실,B2 고객안전실  내부
S1_4_0257,4호선,사당,B2,-2,지하 2층,환승승강장,2호선 승강장 (방배 방면),2호선
S1_4_0257,4호선,사당,B2,-2,지하 2층,환승승강장,2호선 승강장 (낙성대 방면),2호선
S1_4_0257,4호선,사당,B3,-3,지하 3층,엘리베이터,일반승강기,[1호기]총신대입구방면9-2
S1_4_0257,4호선,사당,B3,-3,지하 3층,승강장,4호선 승강장 (총신대입구 방면),섬식
S1_4_0257,4호선,사당,B3,-3,지하 3층,승강장,4호선 승강장 (남태령 방면),섬식
S1_4_0110,4호선,남태령,1F,1,지상 1층,엘리베이터,일반승강기,[3호기]2번출구측
S1_4_0110,4호선,남태령,1F,1,지상 1층,출입구,1번 출입구,
S1_4_0110,4호선,남태령,1F,1,지상 1층,출입구,2번 출입구,교통약자 동선 연결
S1_4_0110,4호선,남태령,B1,-1,지하 1층,대합실,대합실,
S1_4_0110,4호선,남태령,B1,-1,지하 1층,엘리베이터,일반승강기,[3호기]2번출구측
S1_4_0110,4호선,남태령,B1,-1,지하 1층,엘리베이터,일반승강기,[2호기]1번출구측
S1_4_0110,4호선,남태령,B2,-2,지하 2층,대합실,대합실,
S1_4_0110,4호선,남태령,B2,-2,지하 2층,개찰구,표 내는 곳,
S1_4_0110,4호선,남태령,B2,-2,지하 2층,엘리베이터,일반승강기,[2호기]1번출구측
S1_4_0110,4호선,남태령,B2,-2,지하 2층,엘리베이터,일반승강기,[1호기]사당방면3-3
S1_4_0110,4호선,남태령,B2,-2,지하 2층,화장실,일반화장실(남),(지하2층 역무실 옆)
S1_4_0110,4호선,남태령,B2,-2,지하 2층,화장실,일반화장실(여),(지하2층 역무실 옆)
S1_4_0110,4호선,남태령,B2,-2,지하 2층,화장실,장애인화장실(남),(지하2층 역무실 옆)
S1_4_0110,4호선,남태령,B2,-2,지하 2층,화장실,장애인화장실(여),(지하2층 역무실 옆)
S1_4_0110,4호선,남태령,B2,-2,지하 2층,고객센터,고객센터,B2층 대합실
S1_4_0110,4호선,남태령,B3,-3,지하 3층,엘리베이터,일반승강기,[1호기]사당방면3-3
S1_4_0110,4호선,남태령,B3,-3,지하 3층,승강장,4호선 승강장 (사당 방면),섬식
S1_4_0110,4호선,남태령,B3,-3,지하 3층,승강장,4호선 승강장 (남태령 방면),섬식
S1_4_0110,4호선,남태령,B3,-3,지하 3층,환승승강장,선 승강장 (바위 방면),선
KR_4_0307,4호선,선바위,1F,1,지상 1층,엘리베이터,일반승강기,[3호기](1F)1번출구뒤
KR_4_0307,4호선,선바위,1F,1,지상 1층,출입구,1번 출입구,교통약자 동선 연결
KR_4_0307,4호선,선바위,B1,-1,지하 1층,대합실,대합실,
KR_4_0307,4호선,선바위,B1,-1,지하 1층,개찰구,표 내는 곳,
KR_4_0307,4호선,선바위,B1,-1,지하 1층,엘리베이터,일반승강기,[3호기](1F)1번출구뒤
KR_4_0307,4호선,선바위,B1,-1,지하 1층,엘리베이터,일반승강기,[2호기](B1)경마공원방향승강장8-3출입문앞
KR_4_0307,4호선,선바위,B1,-1,지하 1층,엘리베이터,일반승강기,[1호기](B2)남태령방향승강장3-1출입문앞
KR_4_0307,4호선,선바위,B1,-1,지하 1층,화장실,일반화장실(남),(B1) 맞이방 상행(남태령방향) 표내는곳 옆
KR_4_0307,4호선,선바위,B1,-1,지하 1층,화장실,일반화장실(여),(B1) 맞이방 상행(남태령방향) 표내는곳 옆
KR_4_0307,4호선,선바위,B1,-1,지하 1층,화장실,장애인화장실(남),(B1) 맞이방 상행(남태령방향) 표내는곳 옆
KR_4_0307,4호선,선바위,B1,-1,지하 1층,화장실,장애인화장실(여),(B1) 맞이방 상행(남태령방향) 표내는곳 옆
KR_4_0307,4호선,선바위,B2,-2,지하 2층,엘리베이터,일반승강기,[1호기](B2)남태령방향승강장3-1출입문앞
KR_4_0307,4호선,선바위,B2,-2,지하 2층,엘리베이터,일반승강기,[2호기](B1)경마공원방향승강장8-3출입문앞
KR_4_0307,4호선,선바위,B2,-2,지하 2층,승강장,4호선 승강장 (선바위 방면),상대식
KR_4_0307,4호선,선바위,B2,-2,지하 2층,승강장,4호선 승강장 (경마공원 방면),상대식
KR_4_0039,4호선,경마공원,1F,1,지상 1층,엘리베이터,일반승강기,[4호기](B1)2번출입구방향옆
KR_4_0039,4호선,경마공원,1F,1,지상 1층,엘리베이터,일반승강기,[3호기](B1)5번출입구방향옆
KR_4_0039,4호선,경마공원,1F,1,지상 1층,출입구,2번 출입구,교통약자 동선 연결
KR_4_0039,4호선,경마공원,1F,1,지상 1층,출입구,5번 출입구,교통약자 동선 연결
KR_4_0039,4호선,경마공원,B1,-1,지하 1층,대합실,대합실,
KR_4_0039,4호선,경마공원,B1,-1,지하 1층,개찰구,표 내는 곳,
KR_4_0039,4호선,경마공원,B1,-1,지하 1층,엘리베이터,일반승강기,[4호기](B1)2번출입구방향옆
KR_4_0039,4호선,경마공원,B1,-1,지하 1층,엘리베이터,일반승강기,[3호기](B1)5번출입구방향옆
KR_4_0039,4호선,경마공원,B1,-1,지하 1층,엘리베이터,일반승강기,[1호기](B2)당고개방향승강장4-1
KR_4_0039,4호선,경마공원,B1,-1,지하 1층,엘리베이터,일반승강기,[2호기](B2)오이도방향승강장8-1
KR_4_0039,4호선,경마공원,B1,-1,지하 1층,화장실,일반화장실(남),맞이방 중앙
KR_4_0039,4호선,경마공원,B1,-1,지하 1층,화장실,일반화장실(여),맞이방 중앙
KR_4_0039,4호선,경마공원,B1,-1,지하 1층,화장실,장애인화장실(남),맞이방 중앙
KR_4_0039,4호선,경마공원,B1,-1,지하 1층,화장실,장애인화장실(여),맞이방 중앙
KR_4_0039,4호선,경마공원,B2,-2,지하 2층,엘리베이터,일반승강기,[1호기](B2)당고개방향승강장4-1
KR_4_0039,4호선,경마공원,B2,-2,지하 2층,엘리베이터,일반승강기,[2호기](B2)오이도방향승강장8-1
KR_4_0039,4호선,경마공원,B2,-2,지하 2층,승강장,4호선 승강장 (선바위 방면),상대식
KR_4_0039,4호선,경마공원,B2,-2,지하 2층,승강장,4호선 승강장 (대공원 방면),상대식
KR_4_0039,4호선,경마공원,B2,-2,지하 2층,환승승강장,선 승강장 (바위 방면),선
KR_4_0129,4호선,대공원,1F,1,지상 1층,엘리베이터,일반승강기,[3호기](B1)북쪽맞이방1번출구옆
KR_4_0129,4호선,대공원,1F,1,지상 1층,출입구,1번 출입구,교통약자 동선 연결
KR_4_0129,4호선,대공원,1F,1,지상 1층,출입구,5번 출입구,교통약자 동선 연결
KR_4_0129,4호선,대공원,B1,-1,지하 1층,대합실,대합실,
KR_4_0129,4호선,대공원,B1,-1,지하 1층,개찰구,표 내는 곳,
KR_4_0129,4호선,대공원,B1,-1,지하 1층,엘리베이터,일반승강기,[3호기](B1)북쪽맞이방1번출구옆
KR_4_0129,4호선,대공원,B1,-1,지하 1층,엘리베이터,일반승강기,[2호기](B2)과천역방향승강장7-3출입문앞
KR_4_0129,4호선,대공원,B1,-1,지하 1층,엘리베이터,일반승강기,[1호기](B2)경마공원역방향승강장3-3출입문앞
KR_4_0129,4호선,대공원,B1,-1,지하 1층,화장실,일반화장실(남),"(B1) 상행 표내는곳 외부 옆, 스토리웨이 매장 방향"
KR_4_0129,4호선,대공원,B1,-1,지하 1층,화장실,일반화장실(여),"(B1) 상행 표내는곳 외부 옆, 스토리웨이 매장 방향"
KR_4_0129,4호선,대공원,B1,-1,지하 1층,화장실,장애인화장실(남),"(B1) 상행 표내는곳 외부 옆, 스토리웨이 매장 방향"
KR_4_0129,4호선,대공원,B1,-1,지하 1층,화장실,장애인화장실(여),"(B1) 상행 표내는곳 외부 옆, 스토리웨이 매장 방향"
KR_4_0129,4호선,대공원,B2,-2,지하 2층,엘리베이터,일반승강기,[1호기](B2)경마공원역방향승강장3-3출입문앞
KR_4_0129,4호선,대공원,B2,-2,지하 2층,엘리베이터,일반승강기,[2호기](B2)과천역방향승강장7-3출입문앞
KR_4_0129,4호선,대공원,B2,-2,지하 2층,승강장,4호선 승강장 (경마공원 방면),상대식
KR_4_0129,4호선,대공원,B2,-2,지하 2층,승강장,4호선 승강장 (과천 방면),상대식
KR_4_0058,4호선,과천,1F,1,지상 1층,엘리베이터,일반승강기,[1호기](B2)대공원역방향승강장4-3출입문앞
KR_4_0058,4호선,과천,1F,1,지상 1층,엘리베이터,일반승강기,[2호기](B2)정부청사역방향승강장7-2출입문앞
KR_4_0058,4호선,과천,1F,1,지상 1층,엘리베이터,일반승강기,[5호기](1F)7번출입구옆
KR_4_0058,4호선,과천,1F,1,지상 1층,엘리베이터,일반승강기,[4호기](1F)5번출입구옆
KR_4_0058,4호선,과천,1F,1,지상 1층,엘리베이터,일반승강기,[3호기](1F)2번출입구옆
KR_4_0058,4호선,과천,1F,1,지상 1층,출입구,2번 출입구,교통약자 동선 연결
KR_4_0058,4호선,과천,1F,1,지상 1층,출입구,5번 출입구,
KR_4_0058,4호선,과천,1F,1,지상 1층,출입구,6번 출입구,교통약자 동선 연결
KR_4_0058,4호선,과천,1F,1,지상 1층,출입구,7번 출입구,교통약자 동선 연결
KR_4_0058,4호선,과천,B1,-1,지하 1층,대합실,대합실,
KR_4_0058,4호선,과천,B1,-1,지하 1층,개찰구,표 내는 곳,
KR_4_0058,4호선,과천,B1,-1,지하 1층,엘리베이터,일반승강기,[5호기](1F)7번출입구옆
KR_4_0058,4호선,과천,B1,-1,지하 1층,엘리베이터,일반승강기,[4호기](1F)5번출입구옆
KR_4_0058,4호선,과천,B1,-1,지하 1층,엘리베이터,일반승강기,[3호기](1F)2번출입구옆
KR_4_0058,4호선,과천,B1,-1,지하 1층,엘리베이터,일반승강기,[1호기](B2) 대공원역 방향 승강장 4-3 출입문 앞
KR_4_0058,4호선,과천,B1,-1,지하 1층,엘리베이터,일반승강기,[2호기](B2) 정부청사역 방향 승강장 7-2 출입문 앞
KR_4_0058,4호선,과천,B1,-1,지하 1층,전동휠체어충전설비,전동휠체어충전설비,(B1) 북쪽 맞이방(자동발매기 앞)
KR_4_0058,4호선,과천,B1,-1,지하 1층,화장실,일반화장실(남),"(B1) 표 내는 곳  내 계단 옆, 1번/2번 출입구 방향"
KR_4_0058,4호선,과천,B1,-1,지하 1층,화장실,일반화장실(여),"(B1) 표 내는 곳  내 계단 옆, 1번/2번 출입구 방향"
KR_4_0058,4호선,과천,B1,-1,지하 1층,화장실,장애인화장실(남),"(B1) 표 내는 곳  내 계단 옆, 1번/2번 출입구 방향"
KR_4_0058,4호선,과천,B1,-1,지하 1층,화장실,장애인화장실(여),"(B1) 표 내는 곳  내 계단 옆, 1번/2번 출입구 방향"
KR_4_0058,4호선,과천,B2,-2,지하 2층,엘리베이터,일반승강기,[1호기](B2)대공원역방향승강장4-3출입문앞
KR_4_0058,4호선,과천,B2,-2,지하 2층,엘리베이터,일반승강기,[2호기](B2)정부청사역방향승강장7-2출입문앞
KR_4_0058,4호선,과천,B2,-2,지하 2층,승강장,4호선 승강장 (대공원 방면),상대식
KR_4_0058,4호선,과천,B2,-2,지하 2층,승강장,4호선 승강장 (정부과천청사 방면),상대식
KR_4_0509,4호선,정부과천청사,1F,1,지상 1층,엘리베이터,일반승강기,"[3호기]1,2번출입구중앙"
KR_4_0509,4호선,정부과천청사,1F,1,지상 1층,엘리베이터,일반승강기,[5호기]8번출입구
KR_4_0509,4호선,정부과천청사,1F,1,지상 1층,엘리베이터,일반승강기,[4호기]5번출입구
KR_4_0509,4호선,정부과천청사,1F,1,지상 1층,출입구,2번 출입구,교통약자 동선 연결
KR_4_0509,4호선,정부과천청사,1F,1,지상 1층,출입구,5번 출입구,교통약자 동선 연결
KR_4_0509,4호선,정부과천청사,1F,1,지상 1층,출입구,8번 출입구,교통약자 동선 연결
KR_4_0509,4호선,정부과천청사,B1,-1,지하 1층,대합실,대합실,
KR_4_0509,4호선,정부과천청사,B1,-1,지하 1층,개찰구,표 내는 곳,
KR_4_0509,4호선,정부과천청사,B1,-1,지하 1층,엘리베이터,일반승강기,[5호기]8번출입구
KR_4_0509,4호선,정부과천청사,B1,-1,지하 1층,엘리베이터,일반승강기,[4호기]5번출입구
KR_4_0509,4호선,정부과천청사,B1,-1,지하 1층,엘리베이터,일반승강기,"[3호기]1,2번출입구중앙"
KR_4_0509,4호선,정부과천청사,B1,-1,지하 1층,엘리베이터,일반승강기,[2호기](B1)남쪽맞이방(B2)하4-1
KR_4_0509,4호선,정부과천청사,B1,-1,지하 1층,엘리베이터,일반승강기,[1호기](B1)남쪽맞이방(B2)상7-4
KR_4_0509,4호선,정부과천청사,B1,-1,지하 1층,전동휠체어충전설비,전동휠체어충전설비,(B1) 북쪽 발매기 옆
KR_4_0509,4호선,정부과천청사,B1,-1,지하 1층,화장실,일반화장실(남),(B1) 맞이방 표내는곳 안쪽 중간
KR_4_0509,4호선,정부과천청사,B1,-1,지하 1층,화장실,일반화장실(여),(B1) 맞이방 표내는곳 안쪽 중간
KR_4_0509,4호선,정부과천청사,B1,-1,지하 1층,화장실,장애인화장실(남),(B1) 맞이방 표내는곳 안쪽 중간
KR_4_0509,4호선,정부과천청사,B1,-1,지하 1층,화장실,장애인화장실(여),(B1) 맞이방 표내는곳 안쪽 중간
KR_4_0509,4호선,정부과천청사,B1,-1,지하 1층,고객센터,고객센터,(B1) 대합실 8번 출입구 방향
KR_4_0509,4호선,정부과천청사,B2,-2,지하 2층,엘리베이터,일반승강기,[1호기](B1)남쪽맞이방(B2)상7-4
KR_4_0509,4호선,정부과천청사,B2,-2,지하 2층,엘리베이터,일반승강기,[2호기](B1)남쪽맞이방(B2)하4-1
KR_4_0509,4호선,정부과천청사,B2,-2,지하 2층,승강장,4호선 승강장 (과천 방면),상대식
KR_4_0509,4호선,정부과천청사,B2,-2,지하 2층,승강장,4호선 승강장 (인덕원 방면),상대식
KR_4_0480,4호선,인덕원,1F,1,지상 1층,엘리베이터,일반승강기,"[4호기](1F)4번/5번출입구사이엘리베이터,4번출입구옆"
KR_4_0480,4호선,인덕원,1F,1,지상 1층,엘리베이터,일반승강기,"[2호기](1F)2번/3번출입구사이엘리베이터,3번출입구옆"
KR_4_0480,4호선,인덕원,1F,1,지상 1층,출입구,3번 출입구,교통약자 동선 연결
KR_4_0480,4호선,인덕원,1F,1,지상 1층,출입구,4번 출입구,교통약자 동선 연결
KR_4_0480,4호선,인덕원,1F,1,지상 1층,출입구,5번 출입구,
KR_4_0480,4호선,인덕원,B1,-1,지하 1층,대합실,대합실,
KR_4_0480,4호선,인덕원,B1,-1,지하 1층,개찰구,표 내는 곳,
KR_4_0480,4호선,인덕원,B1,-1,지하 1층,엘리베이터,일반승강기,"[4호기](1F)4번/5번출입구사이엘리베이터,4번출입구옆"
KR_4_0480,4호선,인덕원,B1,-1,지하 1층,엘리베이터,일반승강기,"[2호기](1F)2번/3번출입구사이엘리베이터,3번출입구옆"
KR_4_0480,4호선,인덕원,B1,-1,지하 1층,엘리베이터,일반승강기,[3호기](B1)4번/5번출입구방향
KR_4_0480,4호선,인덕원,B1,-1,지하 1층,엘리베이터,일반승강기,[5호기](B2)과천정부청사역방향승강장3-4출입문앞
KR_4_0480,4호선,인덕원,B1,-1,지하 1층,엘리베이터,일반승강기,[1호기](B2)평촌역방향승강장8-2출입문앞
KR_4_0480,4호선,인덕원,B1,-1,지하 1층,화장실,일반화장실(남),"(B1) 남쪽게이트 18m 옆, 2번/3번 출구 40m 옆"
KR_4_0480,4호선,인덕원,B1,-1,지하 1층,화장실,일반화장실(여),"(B1) 남쪽게이트 18m 옆, 2번/3번 출구 40m 옆"
KR_4_0480,4호선,인덕원,B1,-1,지하 1층,화장실,장애인화장실(남),"(B1) 남쪽게이트 18m 옆, 2번/3번 출구 40m 옆"
KR_4_0480,4호선,인덕원,B1,-1,지하 1층,화장실,장애인화장실(여),"(B1) 남쪽게이트 18m 옆, 2번/3번 출구 40m 옆"
KR_4_0480,4호선,인덕원,B1,-1,지하 1층,고객센터,고객센터,(B1) 맞이방  중간
KR_4_0480,4호선,인덕원,B2,-2,지하 2층,엘리베이터,일반승강기,[5호기](B2)과천정부청사역방향승강장3-4출입문앞
KR_4_0480,4호선,인덕원,B2,-2,지하 2층,엘리베이터,일반승강기,[1호기](B2)평촌역방향승강장8-2출입문앞
KR_4_0480,4호선,인덕원,B2,-2,지하 2층,승강장,4호선 승강장 (정부과천청사 방면),상대식
KR_4_0480,4호선,인덕원,B2,-2,지하 2층,승강장,4호선 승강장 (평촌 방면),상대식
KR_4_0578,4호선,평촌,1F,1,지상 1층,엘리베이터,일반승강기,[3호기](1F)1번출입구광장분수대옆
KR_4_0578,4호선,평촌,1F,1,지상 1층,출입구,1번 출입구,교통약자 동선 연결
KR_4_0578,4호선,평촌,1F,1,지상 1층,출입구,2번 출입구,
KR_4_0578,4호선,평촌,1F,1,지상 1층,출입구,4번 출입구,
KR_4_0578,4호선,평촌,B1,-1,지하 1층,대합실,대합실,
KR_4_0578,4호선,평촌,B1,-1,지하 1층,개찰구,표 내는 곳,
KR_4_0578,4호선,평촌,B1,-1,지하 1층,엘리베이터,일반승강기,[3호기](1F)1번출입구광장분수대옆
KR_4_0578,4호선,평촌,B1,-1,지하 1층,전동휠체어충전설비,전동휠체어충전설비,(B1) 역무실 앞
KR_4_0578,4호선,평촌,B1,-1,지하 1층,화장실,일반화장실(남),"(B1) 2번출구 나가기 전, 3번/4번 출입구 방향"
KR_4_0578,4호선,평촌,B1,-1,지하 1층,화장실,일반화장실(여),"(B1) 2번출구 나가기 전, 3번/4번 출입구 방향"
KR_4_0578,4호선,평촌,B1,-1,지하 1층,화장실,장애인화장실(남),"(B1) 2번출구 나가기 전, 3번/4번 출입구 방향"
KR_4_0578,4호선,평촌,B1,-1,지하 1층,화장실,장애인화장실(여),"(B1) 2번출구 나가기 전, 3번/4번 출입구 방향"
KR_4_0578,4호선,평촌,B2,-2,지하 2층,엘리베이터,일반승강기,[1호기](B3)당고개방향4-4출입문앞
KR_4_0578,4호선,평촌,B2,-2,지하 2층,엘리베이터,일반승강기,[2호기](B3)오이도방향7-1출입문앞
KR_4_0578,4호선,평촌,B3,-3,지하 3층,엘리베이터,일반승강기,[1호기](B3)당고개방향4-4출입문앞
KR_4_0578,4호선,평촌,B3,-3,지하 3층,엘리베이터,일반승강기,[2호기](B3)오이도방향7-1출입문앞
KR_4_0578,4호선,평촌,B3,-3,지하 3층,승강장,4호선 승강장 (인덕원 방면),상대식
KR_4_0578,4호선,평촌,B3,-3,지하 3층,승강장,4호선 승강장 (범계 방면),상대식
KR_4_0228,4호선,범계,1F,1,지상 1층,엘리베이터,일반승강기,[3호기]6번출입구옆
KR_4_0228,4호선,범계,1F,1,지상 1층,출입구,2번 출입구,
KR_4_0228,4호선,범계,1F,1,지상 1층,출입구,3번 출입구,
KR_4_0228,4호선,범계,1F,1,지상 1층,출입구,6번 출입구,교통약자 동선 연결
KR_4_0228,4호선,범계,1F,1,지상 1층,출입구,4-1번 출입구,
KR_4_0228,4호선,범계,B1,-1,지하 1층,대합실,대합실,
KR_4_0228,4호선,범계,B1,-1,지하 1층,개찰구,표 내는 곳,
KR_4_0228,4호선,범계,B1,-1,지하 1층,엘리베이터,일반승강기,[3호기]6번출입구옆
KR_4_0228,4호선,범계,B1,-1,지하 1층,엘리베이터,일반승강기,[9호기](B2) 금정 방향 승강장 3-4 출입문 앞
KR_4_0228,4호선,범계,B1,-1,지하 1층,엘리베이터,일반승강기,[8호기](B2) 평촌 방향 승강장 8-1출입문 앞
KR_4_0228,4호선,범계,B1,-1,지하 1층,엘리베이터,일반승강기,[2호기](B2)금정방향승강장9-2출입문앞
KR_4_0228,4호선,범계,B1,-1,지하 1층,엘리베이터,일반승강기,[1호기](B2)평촌방향승강장8-1출입문앞
KR_4_0228,4호선,범계,B1,-1,지하 1층,휠체어리프트,휠체어리프트,"(B1) 맞이방 내 2,3번출구 계단 옆"
KR_4_0228,4호선,범계,B1,-1,지하 1층,휠체어리프트,휠체어리프트,(B1) 2번 출입구 방향 계단 옆
KR_4_0228,4호선,범계,B1,-1,지하 1층,화장실,일반화장실(남),"(B1) 표 내는곳 옆, 4-1번 출입구 방향"
KR_4_0228,4호선,범계,B1,-1,지하 1층,화장실,일반화장실(여),"(B1) 표 내는곳 옆, 4-1번 출입구 방향"
KR_4_0228,4호선,범계,B1,-1,지하 1층,화장실,장애인화장실(남),"(B1) 표 내는곳 옆, 4-1번 출입구 방향"
KR_4_0228,4호선,범계,B1,-1,지하 1층,화장실,장애인화장실(여),"(B1) 표 내는곳 옆, 4-1번 출입구 방향"
KR_4_0228,4호선,범계,B1,-1,지하 1층,수유실,수유실,(B1) 대합실 내 정리원휴게실 옆
KR_4_0228,4호선,범계,B2,-2,지하 2층,엘리베이터,일반승강기,[1호기](B2)평촌방향승강장8-1출입문앞
KR_4_0228,4호선,범계,B2,-2,지하 2층,엘리베이터,일반승강기,[2호기](B2)금정방향승강장9-2출입문앞
KR_4_0228,4호선,범계,B2,-2,지하 2층,승강장,4호선 승강장 (평촌 방면),상대식
KR_4_0228,4호선,범계,B2,-2,지하 2층,승강장,4호선 승강장 (금정 방면),상대식
KR_4_0090,4호선,금정,2F,2,지상 2층,개찰구,표 내는 곳,
KR_4_0090,4호선,금정,2F,2,지상 2층,엘리베이터,일반승강기,[3호기](2F)북부역사이동통로(1F)구안산선승강장
KR_4_0090,4호선,금정,1F,1,지상 1층,엘리베이터,일반승강기,[3호기](2F)북부역사이동통로(1F)구안산선승강장
KR_4_0090,4호선,금정,1F,1,지상 1층,출입구,2번 출입구,교통약자 동선 연결
KR_4_0090,4호선,금정,1F,1,지상 1층,출입구,5번 출입구,교통약자 동선 연결
KR_4_0090,4호선,금정,1F,1,지상 1층,출입구,8번 출입구,교통약자 동선 연결
KR_4_0090,4호선,금정,1F,1,지상 1층,승강장,4호선 승강장 (범계 방면),섬식
KR_4_0090,4호선,금정,1F,1,지상 1층,승강장,4호선 승강장 (산본 방면),섬식
KR_4_0260,4호선,산본,4F,4,지상 4층,엘리베이터,일반승강기,[3호기](3F)동쪽표내는곳내부하행에스컬레이터앞
KR_4_0260,4호선,산본,4F,4,지상 4층,엘리베이터,일반승강기,[2호기](3F)동쪽표내는곳내부상행에스컬레이터앞
KR_4_0260,4호선,산본,4F,4,지상 4층,승강장,4호선 승강장 (금정 방면),상대식
KR_4_0260,4호선,산본,4F,4,지상 4층,승강장,4호선 승강장 (수리산 방면),상대식
KR_4_0260,4호선,산본,3F,3,지상 3층,대합실,대합실,
KR_4_0260,4호선,산본,3F,3,지상 3층,개찰구,표 내는 곳,
KR_4_0260,4호선,산본,3F,3,지상 3층,엘리베이터,일반승강기,[3호기](3F)동쪽표내는곳내부하행에스컬레이터앞
KR_4_0260,4호선,산본,3F,3,지상 3층,엘리베이터,일반승강기,[2호기](3F)동쪽표내는곳내부상행에스컬레이터앞
KR_4_0260,4호선,산본,3F,3,지상 3층,엘리베이터,일반승강기,"[1호기](1F)1번출구,2번출구사이중앙(2F)3번,4번출구사이십자통로(3F)이디아카페왼쪽"
KR_4_0260,4호선,산본,3F,3,지상 3층,전동휠체어충전설비,전동휠체어충전설비,"(3F) 서쪽 표내는 곳 옆, 물품보관함 맞은 편"
KR_4_0260,4호선,산본,3F,3,지상 3층,화장실,일반화장실(남),"(3F) 대합실 중앙, 이디야 맞은편, 강경렌트카 옆"
KR_4_0260,4호선,산본,3F,3,지상 3층,화장실,일반화장실(여),"(3F) 대합실 중앙, 이디야 맞은편, 강경렌트카 옆"
KR_4_0260,4호선,산본,3F,3,지상 3층,화장실,장애인화장실(남),"(3F) 대합실 중앙, 이디야 맞은편, 강경렌트카 옆"
KR_4_0260,4호선,산본,3F,3,지상 3층,화장실,장애인화장실(여),"(3F) 대합실 중앙, 이디야 맞은편, 강경렌트카 옆"
KR_4_0260,4호선,산본,3F,3,지상 3층,고객센터,고객센터,"(3F) 스토리웨이 맞은편, 승차권자동발매기 옆"
KR_4_0260,4호선,산본,2F,2,지상 2층,엘리베이터,일반승강기,"[1호기](1F) 1번출구, 2번출구 사이 중앙
(2F) 3번, 4번출구 사이 십자통로 
(3F) 이디아 카페 왼쪽"
KR_4_0260,4호선,산본,1F,1,지상 1층,엘리베이터,일반승강기,"[1호기](1F)1번출구,2번출구사이중앙(2F)3번,4번출구사이십자통로(3F)이디아카페왼쪽"
KR_4_0260,4호선,산본,1F,1,지상 1층,출입구,1번 출입구,
KR_4_0260,4호선,산본,1F,1,지상 1층,출입구,2번 출입구,
KR_4_0260,4호선,산본,1F,1,지상 1층,출입구,3번 출입구,교통약자 동선 연결
KR_4_0260,4호선,산본,1F,1,지상 1층,출입구,4번 출입구,교통약자 동선 연결
KR_4_0335,4호선,수리산,2F,2,지상 2층,개찰구,표 내는 곳,
KR_4_0335,4호선,수리산,2F,2,지상 2층,엘리베이터,일반승강기,[3호기](1층)2번출입구앞>(2층)맞이방
KR_4_0335,4호선,수리산,2F,2,지상 2층,엘리베이터,일반승강기,[4호기](1층)1번출입구앞>(2층)맞이방
KR_4_0335,4호선,수리산,2F,2,지상 2층,엘리베이터,일반승강기,[2호기](1층)대야미역방향승강장4-4출입문앞>(2층)표내는곳내계단옆
KR_4_0335,4호선,수리산,2F,2,지상 2층,엘리베이터,일반승강기,[1호기](1층)산본역방향승강장7-1출입문앞>(2층)표내는곳내계단옆
KR_4_0335,4호선,수리산,2F,2,지상 2층,전동휠체어충전설비,전동휠체어충전설비,"(2층) 맞이방 1번 출입구 방향, 고객지원실 맞은편"
KR_4_0335,4호선,수리산,2F,2,지상 2층,화장실,일반화장실(남),"(2층) 맞이방, 2번/3번 출입구 방향"
KR_4_0335,4호선,수리산,2F,2,지상 2층,화장실,일반화장실(여),"(2층) 맞이방, 2번/3번 출입구 방향"
KR_4_0335,4호선,수리산,2F,2,지상 2층,화장실,장애인화장실(남),"(2층) 맞이방, 2번/3번 출입구 방향"
KR_4_0335,4호선,수리산,1F,1,지상 1층,엘리베이터,일반승강기,[1호기](1층)산본역방향승강장7-1출입문앞>(2층)표내는곳내계단옆
KR_4_0335,4호선,수리산,1F,1,지상 1층,엘리베이터,일반승강기,[4호기](1층)1번출입구앞>(2층)맞이방
KR_4_0335,4호선,수리산,1F,1,지상 1층,엘리베이터,일반승강기,[3호기](1층)2번출입구앞>(2층)맞이방
KR_4_0335,4호선,수리산,1F,1,지상 1층,엘리베이터,일반승강기,[2호기](1층)대야미역방향승강장4-4출입문앞>(2층)표내는곳내계단옆
KR_4_0335,4호선,수리산,1F,1,지상 1층,고객센터,고객센터,-
KR_4_0335,4호선,수리산,1F,1,지상 1층,출입구,1번 출입구,교통약자 동선 연결
KR_4_0335,4호선,수리산,1F,1,지상 1층,출입구,2번 출입구,
KR_4_0335,4호선,수리산,1F,1,지상 1층,출입구,3번 출입구,교통약자 동선 연결
KR_4_0335,4호선,수리산,1F,1,지상 1층,승강장,4호선 승강장 (산본 방면),상대식
KR_4_0335,4호선,수리산,1F,1,지상 1층,승강장,4호선 승강장 (대야미 방면),상대식
KR_4_0134,4호선,대야미,2F,2,지상 2층,엘리베이터,일반승강기,"[1호기](2층),수리산역,당고개방향승강장,6-2,출입문앞"
KR_4_0134,4호선,대야미,2F,2,지상 2층,엘리베이터,일반승강기,"[2호기](2층),반월역,오이도방향승강장,5-4,출입문앞"
KR_4_0134,4호선,대야미,2F,2,지상 2층,승강장,4호선 승강장 (수리산 방면),상대식
KR_4_0134,4호선,대야미,2F,2,지상 2층,승강장,4호선 승강장 (반월 방면),상대식
KR_4_0134,4호선,대야미,1F,1,지상 1층,엘리베이터,일반승강기,"[1호기](2층),수리산역,당고개방향승강장,6-2,출입문앞"
KR_4_0134,4호선,대야미,1F,1,지상 1층,엘리베이터,일반승강기,"[2호기](2층),반월역,오이도방향승강장,5-4,출입문앞"
KR_4_0134,4호선,대야미,1F,1,지상 1층,전동휠체어충전설비,전동휠체어충전설비,전기실 앞
KR_4_0134,4호선,대야미,1F,1,지상 1층,화장실,일반화장실(남),"(1F), 맞이방 내 발매기 옆,/ 2번출구 방향"
KR_4_0134,4호선,대야미,1F,1,지상 1층,화장실,일반화장실(여),"(1F), 맞이방 내 발매기 옆,/ 2번출구 방향"
KR_4_0134,4호선,대야미,1F,1,지상 1층,화장실,장애인화장실(남),"(1F), 맞이방 내 발매기 옆,/ 2번출구 방향"
KR_4_0134,4호선,대야미,1F,1,지상 1층,화장실,장애인화장실(여),"(1F), 맞이방 내 발매기 옆,/ 2번출구 방향"
KR_4_0134,4호선,대야미,1F,1,지상 1층,출입구,1번 출입구,교통약자 동선 연결
KR_4_0134,4호선,대야미,1F,1,지상 1층,출입구,2번 출입구,교통약자 동선 연결
KR_4_0214,4호선,반월,1F,1,지상 1층,엘리베이터,일반승강기,[3호기](B1)당고개/오이도방향승강장지하연결통로(1F)1번출입구방향
KR_4_0214,4호선,반월,1F,1,지상 1층,엘리베이터,일반승강기,[1호기](B1)대야미역방향승강장지하연결통로(1F)대야미역방향승강장7-3출입문앞
KR_4_0214,4호선,반월,1F,1,지상 1층,엘리베이터,일반승강기,[2호기](B1)상록수역방향승강장지하연결통로(1F)상록수역방향승강장4-2출입문앞
KR_4_0214,4호선,반월,1F,1,지상 1층,화장실,일반화장실(남),(1F) 1번 출입구 맞이방 내
KR_4_0214,4호선,반월,1F,1,지상 1층,화장실,일반화장실(여),(1F) 1번 출입구 맞이방 내
KR_4_0214,4호선,반월,1F,1,지상 1층,화장실,장애인화장실(남),(1F) 1번 출입구 맞이방 내
KR_4_0214,4호선,반월,1F,1,지상 1층,화장실,장애인화장실(여),(1F) 1번 출입구 맞이방 내
KR_4_0214,4호선,반월,1F,1,지상 1층,고객센터,고객센터,(1F) 대합실 게이트옆 역무실
KR_4_0214,4호선,반월,1F,1,지상 1층,승강장,4호선 승강장 (대야미 방면),상대식
KR_4_0214,4호선,반월,1F,1,지상 1층,승강장,4호선 승강장 (상록수 방면),상대식
KR_4_0214,4호선,반월,B1,-1,지하 1층,엘리베이터,일반승강기,[1호기](B1)대야미역방향승강장지하연결통로(1F)대야미역방향승강장7-3출입문앞
KR_4_0214,4호선,반월,B1,-1,지하 1층,엘리베이터,일반승강기,[2호기](B1)상록수역방향승강장지하연결통로(1F)상록수역방향승강장4-2출입문앞
KR_4_0214,4호선,반월,B1,-1,지하 1층,엘리베이터,일반승강기,[3호기](B1)당고개/오이도방향승강장지하연결통로(1F)1번출입구방향
KR_4_0214,4호선,반월,B1,-1,지하 1층,출입구,1번 출입구,교통약자 동선 연결
KR_4_0275,4호선,상록수,2F,2,지상 2층,엘리베이터,일반승강기,[1호기](1층)표내는곳내반월방향계단옆
KR_4_0275,4호선,상록수,2F,2,지상 2층,엘리베이터,일반승강기,[2호기](1층)표내는곳내한대앞방향계단옆
KR_4_0275,4호선,상록수,2F,2,지상 2층,승강장,4호선 승강장 (반월 방면),상대식
KR_4_0275,4호선,상록수,2F,2,지상 2층,승강장,4호선 승강장 (한대앞 방면),상대식
KR_4_0275,4호선,상록수,1F,1,지상 1층,엘리베이터,일반승강기,[1호기](1층)표내는곳내반월방향계단옆
KR_4_0275,4호선,상록수,1F,1,지상 1층,엘리베이터,일반승강기,[2호기](1층)표내는곳내한대앞방향계단옆
KR_4_0275,4호선,상록수,1F,1,지상 1층,화장실,일반화장실(남),"(1층) 표 내는 곳 내 역무실 맞은편, 3번/4번 출입구 방향"
KR_4_0275,4호선,상록수,1F,1,지상 1층,화장실,일반화장실(남),"(1층) 표 내는 곳 옆, 2번 출입구 방향"
KR_4_0275,4호선,상록수,1F,1,지상 1층,화장실,일반화장실(여),"(1층) 표 내는 곳 내 역무실 맞은편, 3번/4번 출입구 방향"
KR_4_0275,4호선,상록수,1F,1,지상 1층,화장실,일반화장실(여),"(1층) 표 내는 곳 옆, 2번 출입구 방향"
KR_4_0275,4호선,상록수,1F,1,지상 1층,화장실,장애인화장실(남),"(1층) 표 내는 곳 옆, 2번 출입구 방향"
KR_4_0275,4호선,상록수,1F,1,지상 1층,화장실,장애인화장실(남),"(1층) 표 내는 곳 내 역무실 맞은편, 3번/4번 출입구 방향"
KR_4_0275,4호선,상록수,1F,1,지상 1층,화장실,장애인화장실(여),"(1층) 표 내는 곳 내 역무실 맞은편, 3번/4번 출입구 방향"
KR_4_0275,4호선,상록수,1F,1,지상 1층,화장실,장애인화장실(여),"(1층) 표 내는 곳 옆, 2번 출입구 방향"
KR_4_0275,4호선,상록수,1F,1,지상 1층,출입구,1번 출입구,교통약자 동선 연결
KR_4_0275,4호선,상록수,1F,1,지상 1층,출입구,2번 출입구,교통약자 동선 연결
KR_4_0275,4호선,상록수,1F,1,지상 1층,출입구,3번 출입구,교통약자 동선 연결
KR_4_0275,4호선,상록수,1F,1,지상 1층,출입구,4번 출입구,교통약자 동선 연결
KR_4_0586,4호선,한대앞,2F,2,지상 2층,엘리베이터,일반승강기,[3호기](2층)2번출입구방향
KR_4_0586,4호선,한대앞,2F,2,지상 2층,엘리베이터,일반승강기,[2호기](1층)중앙역방향승강장5-2
KR_4_0586,4호선,한대앞,2F,2,지상 2층,엘리베이터,일반승강기,[1호기](1층)상록수역방향승강장6-3
KR_4_0586,4호선,한대앞,2F,2,지상 2층,화장실,일반화장실(남),(2층)개찰구 내 에스컬레이터 옆 
KR_4_0586,4호선,한대앞,2F,2,지상 2층,화장실,일반화장실(여),(2층)개찰구 내 에스컬레이터 옆 
KR_4_0586,4호선,한대앞,2F,2,지상 2층,화장실,장애인화장실(남),(2층)개찰구 내 에스컬레이터 옆 
KR_4_0586,4호선,한대앞,2F,2,지상 2층,화장실,장애인화장실(여),(2층)개찰구 내 에스컬레이터 옆 
KR_4_0586,4호선,한대앞,2F,2,지상 2층,고객센터,고객센터,(2층) 대합실 게이트 옆 역무실
KR_4_0586,4호선,한대앞,1F,1,지상 1층,엘리베이터,일반승강기,[3호기](2층)2번출입구방향
KR_4_0586,4호선,한대앞,1F,1,지상 1층,엘리베이터,일반승강기,[2호기](1층)중앙역방향승강장5-2
KR_4_0586,4호선,한대앞,1F,1,지상 1층,엘리베이터,일반승강기,[1호기](1층)상록수역방향승강장6-3
KR_4_0586,4호선,한대앞,1F,1,지상 1층,출입구,1번 출입구,교통약자 동선 연결
KR_4_0586,4호선,한대앞,1F,1,지상 1층,출입구,2번 출입구,교통약자 동선 연결
KR_4_0586,4호선,한대앞,1F,1,지상 1층,출입구,3번 출입구,교통약자 동선 연결
KR_4_0586,4호선,한대앞,1F,1,지상 1층,승강장,4호선 승강장 (상록수 방면),상대식
KR_4_0586,4호선,한대앞,1F,1,지상 1층,승강장,4호선 승강장 (중앙 방면),상대식
KR_4_0529,4호선,중앙,2F,2,지상 2층,엘리베이터,일반승강기,[1호기](1층)1번출입구옆(2층)한대앞역방향승강장4-3출입문앞
KR_4_0529,4호선,중앙,2F,2,지상 2층,엘리베이터,일반승강기,[2호기](1층)2번출입구옆(2층)고잔역방향승강장7-2출입문앞
KR_4_0529,4호선,중앙,1F,1,지상 1층,엘리베이터,일반승강기,[1호기](1층)1번출입구옆(2층)한대앞역방향승강장4-3출입문앞
KR_4_0529,4호선,중앙,1F,1,지상 1층,엘리베이터,일반승강기,[2호기](1층)2번출입구옆(2층)고잔역방향승강장7-2출입문앞
KR_4_0529,4호선,중앙,1F,1,지상 1층,화장실,일반화장실(남),(1층) 표내는곳 내 오이도방향 계단 옆
KR_4_0529,4호선,중앙,1F,1,지상 1층,화장실,일반화장실(여),(1층) 표내는곳 내 오이도방향 계단 옆
KR_4_0529,4호선,중앙,1F,1,지상 1층,화장실,장애인화장실(남),(1층) 표내는곳 내 오이도방향 계단 옆
KR_4_0529,4호선,중앙,1F,1,지상 1층,화장실,장애인화장실(여),(1층) 표내는곳 내 오이도방향 계단 옆
KR_4_0529,4호선,중앙,1F,1,지상 1층,고객센터,고객센터,(1층) 표 내는 곳 내 역무실 
KR_4_0529,4호선,중앙,1F,1,지상 1층,출입구,1번 출입구,교통약자 동선 연결
KR_4_0529,4호선,중앙,1F,1,지상 1층,출입구,2번 출입구,교통약자 동선 연결
KR_4_0049,4호선,고잔,2F,2,지상 2층,엘리베이터,일반승강기,[1호기](2F)중앙역방향5-3출입문앞(1F)고객맞이방화장실옆
KR_4_0049,4호선,고잔,2F,2,지상 2층,엘리베이터,일반승강기,[2호기](2F)초지역방향6-2출입문앞(1F)고객맞이방화장실옆
KR_4_0049,4호선,고잔,2F,2,지상 2층,승강장,4호선 승강장 (중앙 방면),상대식
KR_4_0049,4호선,고잔,2F,2,지상 2층,승강장,4호선 승강장 (초지 방면),상대식
KR_4_0049,4호선,고잔,2F,2,지상 2층,환승승강장,수인분당선 승강장 (중앙 방면),수인분당선
KR_4_0049,4호선,고잔,2F,2,지상 2층,환승승강장,수인분당선 승강장 (초지 방면),수인분당선
KR_4_0049,4호선,고잔,1F,1,지상 1층,대합실,대합실,
KR_4_0049,4호선,고잔,1F,1,지상 1층,엘리베이터,일반승강기,[2호기](2F)초지역방향6-2출입문앞(1F)고객맞이방화장실옆
KR_4_0049,4호선,고잔,1F,1,지상 1층,엘리베이터,일반승강기,[1호기](2F)중앙역방향5-3출입문앞(1F)고객맞이방화장실옆
KR_4_0049,4호선,고잔,1F,1,지상 1층,엘리베이터,일반승강기,[1호기]5-3 출입문 앞
KR_4_0049,4호선,고잔,1F,1,지상 1층,엘리베이터,일반승강기,[2호기]5-2 출입문 앞
KR_4_0049,4호선,고잔,1F,1,지상 1층,화장실,일반화장실(남),표 내는 곳 안쪽 상.하행 계단 올라가는 곳 중간
KR_4_0049,4호선,고잔,1F,1,지상 1층,화장실,일반화장실(여),표 내는 곳 안쪽 상.하행 계단 올라가는 곳 중간
KR_4_0049,4호선,고잔,1F,1,지상 1층,화장실,장애인화장실(남),표 내는 곳 안쪽 상.하행 계단 올라가는 곳 중간
KR_4_0049,4호선,고잔,1F,1,지상 1층,화장실,장애인화장실(여),표 내는 곳 안쪽 상.하행 계단 올라가는 곳 중간
KR_4_0049,4호선,고잔,1F,1,지상 1층,출입구,1번 출입구,교통약자 동선 연결
KR_4_0049,4호선,고잔,1F,1,지상 1층,출입구,2번 출입구,교통약자 동선 연결
KR_4_0559,4호선,초지,2F,2,지상 2층,엘리베이터,일반승강기,[1호기](2F)고잔역방향승강장5-4출입문앞(1F)맞이방통로고잔역방향(기존계단철거)
KR_4_0559,4호선,초지,2F,2,지상 2층,엘리베이터,일반승강기,[2호기](2F)안산역방향승강장5-4출입문앞(1F)맞이방통로고잔역방향(기존계단철거)
KR_4_0559,4호선,초지,2F,2,지상 2층,승강장,4호선 승강장 (고잔 방면),상대식
KR_4_0559,4호선,초지,2F,2,지상 2층,승강장,4호선 승강장 (안산 방면),상대식
KR_4_0559,4호선,초지,1F,1,지상 1층,대합실,대합실,
KR_4_0559,4호선,초지,1F,1,지상 1층,엘리베이터,일반승강기,[1호기](2F)고잔역방향승강장5-4출입문앞(1F)맞이방통로고잔역방향(기존계단철거)
KR_4_0559,4호선,초지,1F,1,지상 1층,엘리베이터,일반승강기,[2호기](2F)안산역방향승강장5-4출입문앞(1F)맞이방통로고잔역방향(기존계단철거)
KR_4_0559,4호선,초지,1F,1,지상 1층,화장실,일반화장실(남),(1F) 맞이방 표 내는 곳 안쪽 계단통로 가운데 
KR_4_0559,4호선,초지,1F,1,지상 1층,화장실,일반화장실(여),(1F) 맞이방 표 내는 곳 안쪽 계단통로 가운데 
KR_4_0559,4호선,초지,1F,1,지상 1층,화장실,장애인화장실(남),(1F) 맞이방 표 내는 곳 안쪽 계단통로 가운데 
KR_4_0559,4호선,초지,1F,1,지상 1층,화장실,장애인화장실(여),(1F) 맞이방 표 내는 곳 안쪽 계단통로 가운데 
KR_4_0559,4호선,초지,1F,1,지상 1층,고객센터,고객센터,(1F) 1번출구 자동발매기 옆
KR_4_0559,4호선,초지,1F,1,지상 1층,출입구,1번 출입구,교통약자 동선 연결
KR_4_0388,4호선,안산,2F,2,지상 2층,엘리베이터,일반승강기,[2호기](1층)신길온천역방향승강장4-3출입문앞(2층)자유통로하행표내는곳내
KR_4_0388,4호선,안산,2F,2,지상 2층,엘리베이터,일반승강기,[1호기](1층)초지역방향승강장7-2출입문앞(2층)자유통로상행표내는곳내
KR_4_0388,4호선,안산,2F,2,지상 2층,휠체어리프트,휠체어리프트,(2층) 2번 출입구 계단
KR_4_0388,4호선,안산,2F,2,지상 2층,화장실,일반화장실(남),(1층) 자유통로 1번 출입구 방향
KR_4_0388,4호선,안산,2F,2,지상 2층,화장실,일반화장실(여),(1층) 자유통로 1번 출입구 방향
KR_4_0388,4호선,안산,2F,2,지상 2층,화장실,장애인화장실(남),(1층) 자유통로 1번 출입구 방향
KR_4_0388,4호선,안산,2F,2,지상 2층,화장실,장애인화장실(여),(1층) 자유통로 1번 출입구 방향
KR_4_0388,4호선,안산,2F,2,지상 2층,고객센터,고객센터,맞이방 발매기 앞쪽 방향
KR_4_0388,4호선,안산,2F,2,지상 2층,출입구,1번 출입구,교통약자 동선 연결
KR_4_0388,4호선,안산,2F,2,지상 2층,출입구,2번 출입구,교통약자 동선 연결
KR_4_0388,4호선,안산,1F,1,지상 1층,엘리베이터,일반승강기,[1호기](1층)초지역방향승강장7-2출입문앞(2층)자유통로상행표내는곳내
KR_4_0388,4호선,안산,1F,1,지상 1층,엘리베이터,일반승강기,[2호기](1층)신길온천역방향승강장4-3출입문앞(2층)자유통로하행표내는곳내
KR_4_0388,4호선,안산,1F,1,지상 1층,승강장,4호선 승강장 (초지 방면),상대식
KR_4_0388,4호선,안산,1F,1,지상 1층,승강장,4호선 승강장 (능길 방면),상대식
KR_4_0352,4호선,능길,2F,2,지상 2층,개찰구,표 내는 곳,
KR_4_0352,4호선,능길,2F,2,지상 2층,화장실,일반화장실(남),(2층) 대합실 게이트에서 우측방향으로 15m 
KR_4_0352,4호선,능길,2F,2,지상 2층,화장실,일반화장실(여),(2층) 대합실 게이트에서 우측방향으로 15m 
KR_4_0352,4호선,능길,2F,2,지상 2층,화장실,장애인화장실(남),(2층) 대합실 게이트에서 우측방향으로 15m 
KR_4_0352,4호선,능길,2F,2,지상 2층,화장실,장애인화장실(여),(2층) 대합실 게이트에서 우측방향으로 15m 
KR_4_0352,4호선,능길,1F,1,지상 1층,엘리베이터,일반승강기,[4호기](1층)안산역방향승강장3-4출입문앞(2층)대합실2번출구방향
KR_4_0352,4호선,능길,1F,1,지상 1층,엘리베이터,일반승강기,[1호기](1층)1번출구계단하부와자전거거치대사이(2층)자유통로1번출구상단입구
KR_4_0352,4호선,능길,1F,1,지상 1층,엘리베이터,일반승강기,[2호기](1층)2번출구계단하부와자전거거치대사이(2층)자유통로2번출구상단입구
KR_4_0352,4호선,능길,1F,1,지상 1층,엘리베이터,일반승강기,[3호기](1층)오이도역방향승강장8-1출입문앞(2층)대합실1번출구방향
KR_4_0352,4호선,능길,1F,1,지상 1층,고객센터,고객센터,역무실
KR_4_0352,4호선,능길,1F,1,지상 1층,출입구,1번 출입구,교통약자 동선 연결
KR_4_0352,4호선,능길,1F,1,지상 1층,출입구,2번 출입구,교통약자 동선 연결
KR_4_0352,4호선,능길,1F,1,지상 1층,승강장,4호선 승강장 (안산 방면),상대식
KR_4_0352,4호선,능길,1F,1,지상 1층,승강장,4호선 승강장 (정왕 방면),상대식
KR_4_0510,4호선,정왕,2F,2,지상 2층,엘리베이터,일반승강기,"[1호기](1F)개집표구진입후당고개,수원방향E/S근처"
KR_4_0510,4호선,정왕,2F,2,지상 2층,엘리베이터,일반승강기,"[2호기](1F)개집표구진입후오이도,인천방향E/S근처"
KR_4_0510,4호선,정왕,2F,2,지상 2층,승강장,4호선 승강장 (능길 방면),상대식
KR_4_0510,4호선,정왕,2F,2,지상 2층,승강장,4호선 승강장 (오이도 방면),상대식
KR_4_0510,4호선,정왕,1F,1,지상 1층,엘리베이터,일반승강기,"[1호기](1F)개집표구진입후당고개,수원방향E/S근처"
KR_4_0510,4호선,정왕,1F,1,지상 1층,엘리베이터,일반승강기,"[2호기](1F)개집표구진입후오이도,인천방향E/S근처"
KR_4_0510,4호선,정왕,1F,1,지상 1층,화장실,일반화장실(남),1번/2번 출입구안쪽 대합실 고객지원실 방향
KR_4_0510,4호선,정왕,1F,1,지상 1층,화장실,일반화장실(여),1번/2번 출입구안쪽 대합실 고객지원실 방향
KR_4_0510,4호선,정왕,1F,1,지상 1층,화장실,장애인화장실(남),1번/2번 출입구안쪽 대합실 고객지원실 방향
KR_4_0510,4호선,정왕,1F,1,지상 1층,화장실,장애인화장실(여),1번/2번 출입구안쪽 대합실 고객지원실 방향
KR_4_0510,4호선,정왕,1F,1,지상 1층,고객센터,고객센터,(1F) 맞이방 발매기 옆
KR_4_0510,4호선,정왕,1F,1,지상 1층,출입구,1번 출입구,교통약자 동선 연결
KR_4_0510,4호선,정왕,1F,1,지상 1층,출입구,2번 출입구,교통약자 동선 연결
KR_4_0433,4호선,오이도,3F,3,지상 3층,엘리베이터,일반승강기,[3호기](1층)정왕역방향승강장4-3출입문앞(3층)맞이방
KR_4_0433,4호선,오이도,3F,3,지상 3층,엘리베이터,일반승강기,[2호기](1층)3번출입구옆(3층)맞이방
KR_4_0433,4호선,오이도,3F,3,지상 3층,엘리베이터,일반승강기,[1호기](1층)2번출입구옆(3층)맞이방
KR_4_0433,4호선,오이도,3F,3,지상 3층,엘리베이터,일반승강기,[4호기](1층)달월역방향승강장7-2출입문앞(3층)맞이방
KR_4_0433,4호선,오이도,3F,3,지상 3층,화장실,일반화장실(남),"(3층) 맞이방 옆, 1번/2번 출입구 방향"
KR_4_0433,4호선,오이도,3F,3,지상 3층,화장실,일반화장실(여),"(3층) 맞이방 옆, 1번/2번 출입구 방향"
KR_4_0433,4호선,오이도,3F,3,지상 3층,화장실,장애인화장실(남),"(3층) 맞이방 옆, 1번/2번 출입구 방향"
KR_4_0433,4호선,오이도,3F,3,지상 3층,화장실,장애인화장실(여),"(3층) 맞이방 옆, 1번/2번 출입구 방향"
KR_4_0433,4호선,오이도,2F,2,지상 2층,개찰구,표 내는 곳,
KR_4_0433,4호선,오이도,2F,2,지상 2층,엘리베이터,일반승강기,"[3호기](1층)정왕역 방향 승강장 4-3 출입문 앞
(3층)맞이방"
KR_4_0433,4호선,오이도,2F,2,지상 2층,엘리베이터,일반승강기,"[2호기](1층)3번 출입구 옆
(3층)맞이방"
KR_4_0433,4호선,오이도,2F,2,지상 2층,엘리베이터,일반승강기,"[1호기](1층)2번 출입구 옆
(3층)맞이방"
KR_4_0433,4호선,오이도,2F,2,지상 2층,엘리베이터,일반승강기,"[4호기](1층)달월역 방향 승강장 7-2 출입문 앞
(3층)맞이방"
KR_4_0433,4호선,오이도,1F,1,지상 1층,엘리베이터,일반승강기,[3호기](1층)정왕역방향승강장4-3출입문앞(3층)맞이방
KR_4_0433,4호선,오이도,1F,1,지상 1층,엘리베이터,일반승강기,[2호기](1층)3번출입구옆(3층)맞이방
KR_4_0433,4호선,오이도,1F,1,지상 1층,엘리베이터,일반승강기,[1호기](1층)2번출입구옆(3층)맞이방
KR_4_0433,4호선,오이도,1F,1,지상 1층,엘리베이터,일반승강기,[4호기](1층)달월역방향승강장7-2출입문앞(3층)맞이방
KR_4_0433,4호선,오이도,1F,1,지상 1층,출입구,2번 출입구,교통약자 동선 연결
KR_4_0433,4호선,오이도,1F,1,지상 1층,출입구,3번 출입구,교통약자 동선 연결
KR_4_0433,4호선,오이도,1F,1,지상 1층,승강장,4호선 승강장 (정왕 방면),상대식
KR_4_0433,4호선,오이도,1F,1,지상 1층,승강장,4호선 승강장 (오이도 방면),상대식
S1_5_0221,5호선,방화,1F,1,지상 1층,엘리베이터,일반승강기,[3호기]2번출구측
S1_5_0221,5호선,방화,1F,1,지상 1층,출입구,1번 출입구,교통약자 동선 연결
S1_5_0221,5호선,방화,1F,1,지상 1층,출입구,2번 출입구,
S1_5_0221,5호선,방화,1F,1,지상 1층,출입구,4번 출입구,
S1_5_0221,5호선,방화,B1,-1,지하 1층,대합실,대합실,
S1_5_0221,5호선,방화,B1,-1,지하 1층,개찰구,표 내는 곳,
S1_5_0221,5호선,방화,B1,-1,지하 1층,엘리베이터,일반승강기,[3호기]2번출구측
S1_5_0221,5호선,방화,B1,-1,지하 1층,엘리베이터,일반승강기,[2호기]개화산방면4-4
S1_5_0221,5호선,방화,B1,-1,지하 1층,엘리베이터,일반승강기,[1호기]방화방면4-4
S1_5_0221,5호선,방화,B1,-1,지하 1층,전동휠체어충전설비,전동휠체어충전설비,지하1층 대합실(게이트 통과후 오른쪽 구역무실 옆 벽면)
S1_5_0221,5호선,방화,B1,-1,지하 1층,화장실,일반화장실(남),"대합실 1층 3,4번출입구방향 앞"
S1_5_0221,5호선,방화,B1,-1,지하 1층,화장실,일반화장실(여),"대합실 1층 3,4번출입구방향 앞"
S1_5_0221,5호선,방화,B1,-1,지하 1층,화장실,장애인화장실(남),"대합실 1층 3,4번출입구방향 앞"
S1_5_0221,5호선,방화,B1,-1,지하 1층,화장실,장애인화장실(여),"대합실 1층 3,4번출입구방향 앞"
S1_5_0221,5호선,방화,B1,-1,지하 1층,고객센터,고객센터,B1층 대합실
S1_5_0221,5호선,방화,B2,-2,지하 2층,엘리베이터,일반승강기,[1호기]방화방면4-4
S1_5_0221,5호선,방화,B2,-2,지하 2층,엘리베이터,일반승강기,[2호기]개화산방면4-4
S1_5_0221,5호선,방화,B2,-2,지하 2층,승강장,5호선 승강장 (방화 방면),1섬 1상대식
S1_5_0221,5호선,방화,B2,-2,지하 2층,승강장,5호선 승강장 (개화산 방면),1섬 1상대식
S1_5_0029,5호선,개화산,1F,1,지상 1층,대합실,대합실,
S1_5_0029,5호선,개화산,1F,1,지상 1층,엘리베이터,일반승강기,[2호기]2번출구측(대합실내)
S1_5_0029,5호선,개화산,1F,1,지상 1층,엘리베이터,일반승강기,[1호기]1번출구측(대합실내)
S1_5_0029,5호선,개화산,1F,1,지상 1층,출입구,1번 출입구,교통약자 동선 연결
S1_5_0029,5호선,개화산,1F,1,지상 1층,출입구,2번 출입구,교통약자 동선 연결
S1_5_0029,5호선,개화산,B1,-1,지하 1층,엘리베이터,일반승강기,[2호기](F1-B2)2번 출입구
S1_5_0029,5호선,개화산,B1,-1,지하 1층,엘리베이터,일반승강기,[1호기](F1-B2)1번 출입구
S1_5_0029,5호선,개화산,B1,-1,지하 1층,전동휠체어충전설비,전동휠체어충전설비,B1 대합실 화장실 옆
S1_5_0029,5호선,개화산,B1,-1,지하 1층,화장실,일반화장실(남),대합실 지하1층 하선E/L 옆 
S1_5_0029,5호선,개화산,B1,-1,지하 1층,화장실,일반화장실(여),대합실 지하1층 하선E/L 옆 
S1_5_0029,5호선,개화산,B1,-1,지하 1층,화장실,장애인화장실(남),대합실 지하1층 하선E/L 옆 
S1_5_0029,5호선,개화산,B1,-1,지하 1층,화장실,장애인화장실(여),대합실 지하1층 하선E/L 옆 
S1_5_0029,5호선,개화산,B1,-1,지하 1층,고객센터,고객센터,B1층 대합실
S1_5_0029,5호선,개화산,B2,-2,지하 2층,개찰구,표 내는 곳,
S1_5_0029,5호선,개화산,B2,-2,지하 2층,엘리베이터,일반승강기,[1호기]1번출구측(대합실내)
S1_5_0029,5호선,개화산,B2,-2,지하 2층,엘리베이터,일반승강기,[2호기]2번출구측(대합실내)
S1_5_0029,5호선,개화산,B2,-2,지하 2층,승강장,5호선 승강장 (방화 방면),상대식
S1_5_0029,5호선,개화산,B2,-2,지하 2층,승강장,5호선 승강장 (김포공항 방면),상대식
S1_5_0099,5호선,김포공항,1F,1,지상 1층,출입구,1번 출입구,
S1_5_0099,5호선,김포공항,1F,1,지상 1층,출입구,3번 출입구,교통약자 동선 연결
S1_5_0099,5호선,김포공항,1F,1,지상 1층,출입구,4번 출입구,교통약자 동선 연결
S1_5_0099,5호선,김포공항,B1,-1,지하 1층,대합실,대합실,
S1_5_0099,5호선,김포공항,B1,-1,지하 1층,개찰구,표 내는 곳,
S1_5_0099,5호선,김포공항,B1,-1,지하 1층,화장실,일반화장실(남),"대합실 지하 1층, 1번출입구 옆(지하철경찰센터 옆)"
S1_5_0099,5호선,김포공항,B1,-1,지하 1층,화장실,일반화장실(여),"대합실 지하 1층, 1번출입구 옆(지하철경찰센터 옆)"
S1_5_0099,5호선,김포공항,B1,-1,지하 1층,화장실,장애인화장실(남),"대합실 지하 1층, 1번출입구 옆(지하철경찰센터 옆)"
S1_5_0099,5호선,김포공항,B1,-1,지하 1층,화장실,장애인화장실(여),"대합실 지하 1층, 1번출입구 옆(지하철경찰센터 옆)"
S1_5_0099,5호선,김포공항,B2,-2,지하 2층,대합실,대합실,
S1_5_0099,5호선,김포공항,B2,-2,지하 2층,개찰구,표 내는 곳,
S1_5_0099,5호선,김포공항,B2,-2,지하 2층,엘리베이터,일반승강기,[1호기]개화산방면6-3
S1_5_0099,5호선,김포공항,B2,-2,지하 2층,엘리베이터,일반승강기,[2호기]송정방면3-1
S1_5_0099,5호선,김포공항,B2,-2,지하 2층,화장실,일반화장실(남),"대합실 지하 2층,1번출입구 아래(국내선 연결통로 방면)"
S1_5_0099,5호선,김포공항,B2,-2,지하 2층,화장실,일반화장실(여),"대합실 지하 2층,1번출입구 아래(국내선 연결통로 방면)"
S1_5_0099,5호선,김포공항,B2,-2,지하 2층,화장실,장애인화장실(남),"대합실 지하 2층,1번출입구 아래(국내선 연결통로 방면)"
S1_5_0099,5호선,김포공항,B2,-2,지하 2층,화장실,장애인화장실(여),"대합실 지하 2층,1번출입구 아래(국내선 연결통로 방면)"
S1_5_0099,5호선,김포공항,B2,-2,지하 2층,고객센터,고객센터,B2층 대합실
S1_5_0099,5호선,김포공항,B2,-2,지하 2층,수유실,수유실,B2 고객안전실 내부
S1_5_0099,5호선,김포공항,B3,-3,지하 3층,엘리베이터,일반승강기,[2호기]송정방면3-1
S1_5_0099,5호선,김포공항,B3,-3,지하 3층,엘리베이터,일반승강기,[1호기]개화산방면6-3
S1_5_0099,5호선,김포공항,B3,-3,지하 3층,승강장,5호선 승강장 (개화산 방면),상대식
S1_5_0099,5호선,김포공항,B3,-3,지하 3층,승강장,5호선 승강장 (송정 방면),상대식
S1_5_0099,5호선,김포공항,B3,-3,지하 3층,환승승강장,9호선 승강장 (공항시장 방면),9호선
S1_5_0099,5호선,김포공항,B4,-4,지하 4층,환승승강장,9호선 승강장 (개화 방면),9호선
S1_5_0330,5호선,송정,1F,1,지상 1층,엘리베이터,일반승강기,[4호기]3번출구측
S1_5_0330,5호선,송정,1F,1,지상 1층,엘리베이터,일반승강기,[3호기]2번출구측
S1_5_0330,5호선,송정,1F,1,지상 1층,출입구,2번 출입구,교통약자 동선 연결
S1_5_0330,5호선,송정,1F,1,지상 1층,출입구,3번 출입구,교통약자 동선 연결
S1_5_0330,5호선,송정,B1,-1,지하 1층,엘리베이터,일반승강기,[4호기]3번출구측
S1_5_0330,5호선,송정,B1,-1,지하 1층,엘리베이터,일반승강기,[3호기](F1-B2)2번 출입구
S1_5_0330,5호선,송정,B2,-2,지하 2층,대합실,대합실,
S1_5_0330,5호선,송정,B2,-2,지하 2층,개찰구,표 내는 곳,
S1_5_0330,5호선,송정,B2,-2,지하 2층,엘리베이터,일반승강기,[3호기]2번출구측
S1_5_0330,5호선,송정,B2,-2,지하 2층,엘리베이터,일반승강기,[1호기]김포공항방면4-4
S1_5_0330,5호선,송정,B2,-2,지하 2층,엘리베이터,일반승강기,[2호기]마곡방면4-4
S1_5_0330,5호선,송정,B2,-2,지하 2층,화장실,일반화장실(남),대합실 2층 ES 1호기 앞
S1_5_0330,5호선,송정,B2,-2,지하 2층,화장실,일반화장실(여),대합실 2층 ES 1호기 앞
S1_5_0330,5호선,송정,B2,-2,지하 2층,화장실,장애인화장실(남),대합실 2층 ES 1호기 앞
S1_5_0330,5호선,송정,B2,-2,지하 2층,화장실,장애인화장실(여),대합실 2층 ES 1호기 앞
S1_5_0330,5호선,송정,B2,-2,지하 2층,고객센터,고객센터,B2층 대합실
S1_5_0330,5호선,송정,B3,-3,지하 3층,엘리베이터,일반승강기,[1호기]김포공항방면4-4
S1_5_0330,5호선,송정,B3,-3,지하 3층,엘리베이터,일반승강기,[2호기]마곡방면4-4
S1_5_0330,5호선,송정,B3,-3,지하 3층,승강장,5호선 승강장 (김포공항 방면),상대식
S1_5_0330,5호선,송정,B3,-3,지하 3층,승강장,5호선 승강장 (마곡 방면),상대식
S1_5_0177,5호선,마곡,1F,1,지상 1층,엘리베이터,일반승강기,[3호기]1번출구측
S1_5_0177,5호선,마곡,1F,1,지상 1층,엘리베이터,일반승강기,"[6호기]4,5번출구사이"
S1_5_0177,5호선,마곡,1F,1,지상 1층,엘리베이터,일반승강기,[5호기]3번출구측
S1_5_0177,5호선,마곡,1F,1,지상 1층,엘리베이터,일반승강기,"[4호기]6,7번출구사이"
S1_5_0177,5호선,마곡,1F,1,지상 1층,출입구,1번 출입구,
S1_5_0177,5호선,마곡,1F,1,지상 1층,출입구,2번 출입구,교통약자 동선 연결
S1_5_0177,5호선,마곡,1F,1,지상 1층,출입구,3번 출입구,교통약자 동선 연결
S1_5_0177,5호선,마곡,1F,1,지상 1층,출입구,5번 출입구,교통약자 동선 연결
S1_5_0177,5호선,마곡,1F,1,지상 1층,출입구,7번 출입구,교통약자 동선 연결
S1_5_0177,5호선,마곡,B1,-1,지하 1층,대합실,대합실,
S1_5_0177,5호선,마곡,B1,-1,지하 1층,개찰구,표 내는 곳,
S1_5_0177,5호선,마곡,B1,-1,지하 1층,엘리베이터,일반승강기,"[6호기]4,5번출구사이"
S1_5_0177,5호선,마곡,B1,-1,지하 1층,엘리베이터,일반승강기,[5호기]3번출구측
S1_5_0177,5호선,마곡,B1,-1,지하 1층,엘리베이터,일반승강기,[3호기]1번출구측
S1_5_0177,5호선,마곡,B1,-1,지하 1층,엘리베이터,일반승강기,"[4호기]6,7번출구사이"
S1_5_0177,5호선,마곡,B1,-1,지하 1층,엘리베이터,일반승강기,[1호기]발산방면5-1
S1_5_0177,5호선,마곡,B1,-1,지하 1층,엘리베이터,일반승강기,[2호기]송정방면5-1
S1_5_0177,5호선,마곡,B1,-1,지하 1층,화장실,일반화장실(남),지하1층 대합실 2번출입구 하단
S1_5_0177,5호선,마곡,B1,-1,지하 1층,화장실,일반화장실(여),지하1층 대합실 2번출입구 하단
S1_5_0177,5호선,마곡,B1,-1,지하 1층,화장실,장애인화장실(남),지하1층 대합실 2번출입구 하단
S1_5_0177,5호선,마곡,B1,-1,지하 1층,화장실,장애인화장실(여),지하1층 대합실 2번출입구 하단
S1_5_0177,5호선,마곡,B1,-1,지하 1층,고객센터,고객센터,B1층 대합실
S1_5_0177,5호선,마곡,B2,-2,지하 2층,엘리베이터,일반승강기,[1호기]발산방면5-1
S1_5_0177,5호선,마곡,B2,-2,지하 2층,엘리베이터,일반승강기,[2호기]송정방면5-1
S1_5_0177,5호선,마곡,B2,-2,지하 2층,승강장,5호선 승강장 (송정 방면),상대식
S1_5_0177,5호선,마곡,B2,-2,지하 2층,승강장,5호선 승강장 (발산 방면),상대식
S1_5_0217,5호선,발산,1F,1,지상 1층,엘리베이터,일반승강기,[3호기]7번출구측
S1_5_0217,5호선,발산,1F,1,지상 1층,출입구,7번 출입구,교통약자 동선 연결
S1_5_0217,5호선,발산,1F,1,지상 1층,출입구,9번 출입구,
S1_5_0217,5호선,발산,B1,-1,지하 1층,대합실,대합실,
S1_5_0217,5호선,발산,B1,-1,지하 1층,개찰구,표 내는 곳,
S1_5_0217,5호선,발산,B1,-1,지하 1층,엘리베이터,일반승강기,[3호기]7번출구측
S1_5_0217,5호선,발산,B1,-1,지하 1층,엘리베이터,일반승강기,[2호기]우장산방면4-3
S1_5_0217,5호선,발산,B1,-1,지하 1층,엘리베이터,일반승강기,[1호기]송정방면5-1
S1_5_0217,5호선,발산,B1,-1,지하 1층,화장실,일반화장실(남),"대합실 1층 1, 9번 출입구 사이"
S1_5_0217,5호선,발산,B1,-1,지하 1층,화장실,일반화장실(여),"대합실 1층 1, 9번 출입구 사이"
S1_5_0217,5호선,발산,B1,-1,지하 1층,화장실,장애인화장실(남),"대합실 1층 1, 9번 출입구 사이"
S1_5_0217,5호선,발산,B1,-1,지하 1층,화장실,장애인화장실(여),"대합실 1층 1, 9번 출입구 사이"
S1_5_0217,5호선,발산,B1,-1,지하 1층,고객센터,고객센터,B1층 대합실
S1_5_0217,5호선,발산,B2,-2,지하 2층,엘리베이터,일반승강기,[1호기]송정방면5-1
S1_5_0217,5호선,발산,B2,-2,지하 2층,엘리베이터,일반승강기,[2호기]우장산방면4-3
S1_5_0217,5호선,발산,B2,-2,지하 2층,승강장,5호선 승강장 (마곡 방면),상대식
S1_5_0217,5호선,발산,B2,-2,지하 2층,승강장,5호선 승강장 (우장산 방면),상대식
S1_5_0449,5호선,우장산,1F,1,지상 1층,엘리베이터,일반승강기,[3호기]1번출구측
S1_5_0449,5호선,우장산,1F,1,지상 1층,출입구,1번 출입구,교통약자 동선 연결
S1_5_0449,5호선,우장산,1F,1,지상 1층,출입구,2번 출입구,
S1_5_0449,5호선,우장산,B1,-1,지하 1층,대합실,대합실,
S1_5_0449,5호선,우장산,B1,-1,지하 1층,개찰구,표 내는 곳,
S1_5_0449,5호선,우장산,B1,-1,지하 1층,엘리베이터,일반승강기,[3호기]1번출구측
S1_5_0449,5호선,우장산,B1,-1,지하 1층,엘리베이터,일반승강기,[1호기]발산방면4-2
S1_5_0449,5호선,우장산,B1,-1,지하 1층,엘리베이터,일반승강기,[2호기]화곡방면5-3
S1_5_0449,5호선,우장산,B1,-1,지하 1층,화장실,일반화장실(남),지하1층 대합실 2번출입구 앞
S1_5_0449,5호선,우장산,B1,-1,지하 1층,화장실,일반화장실(여),지하1층 대합실 2번출입구 앞
S1_5_0449,5호선,우장산,B1,-1,지하 1층,화장실,장애인화장실(남),지하1층 대합실 2번출입구 앞
S1_5_0449,5호선,우장산,B1,-1,지하 1층,화장실,장애인화장실(여),지하1층 대합실 2번출입구 앞
S1_5_0449,5호선,우장산,B1,-1,지하 1층,고객센터,고객센터,B1층 대합실
S1_5_0449,5호선,우장산,B1,-1,지하 1층,수유실,수유실,B1 고객안전실 앞
S1_5_0449,5호선,우장산,B2,-2,지하 2층,엘리베이터,일반승강기,[2호기]화곡방면5-3
S1_5_0449,5호선,우장산,B2,-2,지하 2층,엘리베이터,일반승강기,[1호기]발산방면4-2
S1_5_0449,5호선,우장산,B2,-2,지하 2층,승강장,5호선 승강장 (발산 방면),상대식
S1_5_0449,5호선,우장산,B2,-2,지하 2층,승강장,5호선 승강장 (화곡 방면),상대식
S1_5_0599,5호선,화곡,1F,1,지상 1층,엘리베이터,일반승강기,[2호기]2번출구측
S1_5_0599,5호선,화곡,1F,1,지상 1층,출입구,2번 출입구,교통약자 동선 연결
S1_5_0599,5호선,화곡,1F,1,지상 1층,출입구,8번 출입구,
S1_5_0599,5호선,화곡,B1,-1,지하 1층,대합실,대합실,
S1_5_0599,5호선,화곡,B1,-1,지하 1층,개찰구,표 내는 곳,
S1_5_0599,5호선,화곡,B1,-1,지하 1층,엘리베이터,일반승강기,[2호기]2번출구측
S1_5_0599,5호선,화곡,B1,-1,지하 1층,엘리베이터,일반승강기,[1호기]까치산방면4-3
S1_5_0599,5호선,화곡,B1,-1,지하 1층,화장실,일반화장실(남),"대합실 1층 7,8번 출입구 앞"
S1_5_0599,5호선,화곡,B1,-1,지하 1층,화장실,일반화장실(여),"대합실 1층 7,8번 출입구 앞"
S1_5_0599,5호선,화곡,B1,-1,지하 1층,화장실,장애인화장실(남),"대합실 1층 7,8번 출입구 앞"
S1_5_0599,5호선,화곡,B1,-1,지하 1층,화장실,장애인화장실(여),"대합실 1층 7,8번 출입구 앞"
S1_5_0599,5호선,화곡,B1,-1,지하 1층,고객센터,고객센터,B1층 대합실
S1_5_0599,5호선,화곡,B2,-2,지하 2층,엘리베이터,일반승강기,[1호기]까치산방면4-3
S1_5_0599,5호선,화곡,B2,-2,지하 2층,승강장,5호선 승강장 (우장산 방면),섬식
S1_5_0599,5호선,화곡,B2,-2,지하 2층,승강장,5호선 승강장 (까치산 방면),섬식
S1_5_0100,5호선,까치산,1F,1,지상 1층,엘리베이터,일반승강기,[3호기]고객안전실측
S1_5_0100,5호선,까치산,1F,1,지상 1층,출입구,2번 출입구,
S1_5_0100,5호선,까치산,1F,1,지상 1층,출입구,4번 출입구,
S1_5_0100,5호선,까치산,B1,-1,지하 1층,엘리베이터,일반승강기,[3호기]고객안전실측
S1_5_0100,5호선,까치산,B1,-1,지하 1층,엘리베이터,일반승강기,[2호기]내부하선측
S1_5_0100,5호선,까치산,B1,-1,지하 1층,엘리베이터,일반승강기,[4호기]대합실(지하4층화장실)
S1_5_0100,5호선,까치산,B1,-1,지하 1층,엘리베이터,일반승강기,[1호기]내부상선측
S1_5_0100,5호선,까치산,B1,-1,지하 1층,휠체어리프트,휠체어리프트,2번 출구 측
S1_5_0100,5호선,까치산,B1,-1,지하 1층,화장실,일반화장실(남),대합실(지하1층) 1~4번 출입구 앞
S1_5_0100,5호선,까치산,B1,-1,지하 1층,화장실,일반화장실(여),대합실(지하1층) 1~4번 출입구 앞
S1_5_0100,5호선,까치산,B1,-1,지하 1층,화장실,장애인화장실(남),대합실(지하1층) 1~4번 출입구 앞
S1_5_0100,5호선,까치산,B1,-1,지하 1층,화장실,장애인화장실(여),대합실(지하1층) 1~4번 출입구 앞
S1_5_0100,5호선,까치산,B1,-1,지하 1층,고객센터,고객센터,B1층 대합실
S1_5_0100,5호선,까치산,B1,-1,지하 1층,수유실,수유실,B1 고객안전실 인접
S1_5_0100,5호선,까치산,B2,-2,지하 2층,엘리베이터,일반승강기,[1호기](B1-B4)지하4층 대합실
S1_5_0100,5호선,까치산,B3,-3,지하 3층,엘리베이터,일반승강기,[1호기](B1-B4)지하4층 대합실
S1_5_0100,5호선,까치산,B4,-4,지하 4층,엘리베이터,일반승강기,[4호기]대합실(지하4층화장실)
S1_5_0100,5호선,까치산,B5,-5,지하 5층,엘리베이터,일반승강기,[2호기]내부하선측
S1_5_0100,5호선,까치산,B5,-5,지하 5층,엘리베이터,일반승강기,[1호기]내부상선측
S1_5_0100,5호선,까치산,B5,-5,지하 5층,휠체어리프트,휠체어리프트,2번 출구 측
S1_5_0100,5호선,까치산,B5,-5,지하 5층,휠체어리프트,휠체어리프트,화곡 방면1-2
S1_5_0100,5호선,까치산,B5,-5,지하 5층,승강장,5호선 승강장 (화곡 방면),상대식
S1_5_0100,5호선,까치산,B5,-5,지하 5층,승강장,5호선 승강장 (신정 방면),상대식
S1_5_0100,5호선,까치산,B5,-5,지하 5층,환승승강장,2호선 승강장 (신정네거리 방면),2호선
S1_5_0372,5호선,신정,1F,1,지상 1층,출입구,2번 출입구,교통약자 동선 연결
S1_5_0372,5호선,신정,1F,1,지상 1층,출입구,3번 출입구,
S1_5_0372,5호선,신정,B1,-1,지하 1층,고객센터,고객센터,B1층 대합실
S1_5_0372,5호선,신정,B2,-2,지하 2층,대합실,대합실,
S1_5_0372,5호선,신정,B2,-2,지하 2층,개찰구,표 내는 곳,
S1_5_0372,5호선,신정,B2,-2,지하 2층,엘리베이터,일반승강기,[1호기]까치산방면1-1
S1_5_0372,5호선,신정,B2,-2,지하 2층,엘리베이터,일반승강기,[2호기]목동방면1-4
S1_5_0372,5호선,신정,B2,-2,지하 2층,화장실,일반화장실(남),"2,3번 출입구 지하 (가)대합실 운임지역 내 "
S1_5_0372,5호선,신정,B2,-2,지하 2층,화장실,일반화장실(여),"2,3번 출입구 지하 (가)대합실 운임지역 내 "
S1_5_0372,5호선,신정,B2,-2,지하 2층,화장실,장애인화장실(남),"2,3번 출입구 지하 (가)대합실 운임지역 내 "
S1_5_0372,5호선,신정,B2,-2,지하 2층,화장실,장애인화장실(여),"2,3번 출입구 지하 (가)대합실 운임지역 내 "
S1_5_0372,5호선,신정,B3,-3,지하 3층,엘리베이터,일반승강기,[1호기]까치산방면1-1
S1_5_0372,5호선,신정,B3,-3,지하 3층,엘리베이터,일반승강기,[2호기]목동방면1-4
S1_5_0372,5호선,신정,B3,-3,지하 3층,승강장,5호선 승강장 (까치산 방면),상대식
S1_5_0372,5호선,신정,B3,-3,지하 3층,승강장,5호선 승강장 (목동 방면),상대식
S1_5_0203,5호선,목동,1F,1,지상 1층,엘리베이터,일반승강기,[3호기]5번출구측
S1_5_0203,5호선,목동,1F,1,지상 1층,출입구,5번 출입구,교통약자 동선 연결
S1_5_0203,5호선,목동,1F,1,지상 1층,출입구,7번 출입구,
S1_5_0203,5호선,목동,B1,-1,지하 1층,대합실,대합실,
S1_5_0203,5호선,목동,B1,-1,지하 1층,개찰구,표 내는 곳,
S1_5_0203,5호선,목동,B1,-1,지하 1층,엘리베이터,일반승강기,[3호기]5번출구측
S1_5_0203,5호선,목동,B1,-1,지하 1층,엘리베이터,일반승강기,[1호기]신정방면5-1
S1_5_0203,5호선,목동,B1,-1,지하 1층,엘리베이터,일반승강기,[2호기]오목교방면4-4
S1_5_0203,5호선,목동,B1,-1,지하 1층,화장실,일반화장실(남),대합실 지하1층 7번출입구 옆
S1_5_0203,5호선,목동,B1,-1,지하 1층,화장실,일반화장실(여),대합실 지하1층 7번출입구 옆
S1_5_0203,5호선,목동,B1,-1,지하 1층,화장실,장애인화장실(남),대합실 지하1층 7번출입구 옆
S1_5_0203,5호선,목동,B1,-1,지하 1층,화장실,장애인화장실(여),대합실 지하1층 7번출입구 옆
S1_5_0203,5호선,목동,B1,-1,지하 1층,고객센터,고객센터,B1층 대합실
S1_5_0203,5호선,목동,B1,-1,지하 1층,수유실,수유실,B1 고객안전실 내부
S1_5_0203,5호선,목동,B2,-2,지하 2층,엘리베이터,일반승강기,[2호기]오목교방면4-4
S1_5_0203,5호선,목동,B2,-2,지하 2층,엘리베이터,일반승강기,[1호기]신정방면5-1
S1_5_0203,5호선,목동,B2,-2,지하 2층,승강장,5호선 승강장 (신정 방면),상대식
S1_5_0203,5호선,목동,B2,-2,지하 2층,승강장,5호선 승강장 (오목교 방면),상대식
S1_5_0429,5호선,오목교,1F,1,지상 1층,엘리베이터,일반승강기,[3호기]7번출구측
S1_5_0429,5호선,오목교,1F,1,지상 1층,출입구,3번 출입구,
S1_5_0429,5호선,오목교,1F,1,지상 1층,출입구,7번 출입구,교통약자 동선 연결
S1_5_0429,5호선,오목교,B1,-1,지하 1층,대합실,대합실,
S1_5_0429,5호선,오목교,B1,-1,지하 1층,개찰구,표 내는 곳,
S1_5_0429,5호선,오목교,B1,-1,지하 1층,엘리베이터,일반승강기,[3호기]7번출구측
S1_5_0429,5호선,오목교,B1,-1,지하 1층,엘리베이터,일반승강기,[1호기]목동방면7-1
S1_5_0429,5호선,오목교,B1,-1,지하 1층,엘리베이터,일반승강기,[2호기]양평방면2-4
S1_5_0429,5호선,오목교,B1,-1,지하 1층,화장실,일반화장실(남),대합실 B1층 3번 출입구 방향 임대상가 옆
S1_5_0429,5호선,오목교,B1,-1,지하 1층,화장실,일반화장실(여),대합실 B1층 3번 출입구 방향 임대상가 옆
S1_5_0429,5호선,오목교,B1,-1,지하 1층,화장실,장애인화장실(남),대합실 B1층 3번 출입구 방향 임대상가 옆
S1_5_0429,5호선,오목교,B1,-1,지하 1층,화장실,장애인화장실(여),대합실 B1층 3번 출입구 방향 임대상가 옆
S1_5_0429,5호선,오목교,B2,-2,지하 2층,엘리베이터,일반승강기,[1호기](B1-B3) 승강장
S1_5_0429,5호선,오목교,B2,-2,지하 2층,엘리베이터,일반승강기,[2호기](B1-B3) 승강장
S1_5_0429,5호선,오목교,B2,-2,지하 2층,고객센터,고객센터,B2층 대합실
S1_5_0429,5호선,오목교,B3,-3,지하 3층,엘리베이터,일반승강기,[2호기]양평방면2-4
S1_5_0429,5호선,오목교,B3,-3,지하 3층,엘리베이터,일반승강기,[1호기]목동방면7-1
S1_5_0429,5호선,오목교,B3,-3,지하 3층,승강장,5호선 승강장 (목동 방면),상대식
S1_5_0429,5호선,오목교,B3,-3,지하 3층,승강장,5호선 승강장 (양평 방면),상대식
S1_5_0316,5호선,양평,1F,1,지상 1층,엘리베이터,일반승강기,[3호기]2번출구측
S1_5_0316,5호선,양평,1F,1,지상 1층,출입구,2번 출입구,교통약자 동선 연결
S1_5_0316,5호선,양평,B1,-1,지하 1층,대합실,대합실,
S1_5_0316,5호선,양평,B1,-1,지하 1층,개찰구,표 내는 곳,
S1_5_0316,5호선,양평,B1,-1,지하 1층,엘리베이터,일반승강기,[3호기]2번출구측
S1_5_0316,5호선,양평,B1,-1,지하 1층,엘리베이터,일반승강기,[1호기]오목교방면3-2
S1_5_0316,5호선,양평,B1,-1,지하 1층,화장실,일반화장실(남),b1층 고객상담실 옆. 운임지역내
S1_5_0316,5호선,양평,B1,-1,지하 1층,화장실,일반화장실(여),b1층 고객상담실 옆. 운임지역내
S1_5_0316,5호선,양평,B1,-1,지하 1층,화장실,장애인화장실(남),b1층 고객상담실 옆. 운임지역내
S1_5_0316,5호선,양평,B1,-1,지하 1층,화장실,장애인화장실(여),b1층 고객상담실 옆. 운임지역내
S1_5_0316,5호선,양평,B1,-1,지하 1층,고객센터,고객센터,B1층 대합실
S1_5_0316,5호선,양평,B2,-2,지하 2층,엘리베이터,일반승강기,[1호기](B1-B5) 승강장
S1_5_0316,5호선,양평,B3,-3,지하 3층,엘리베이터,일반승강기,[1호기](B1-B5) 승강장
S1_5_0316,5호선,양평,B4,-4,지하 4층,대합실,대합실,
S1_5_0316,5호선,양평,B4,-4,지하 4층,엘리베이터,일반승강기,[1호기](B1-B5) 승강장
S1_5_0316,5호선,양평,B4,-4,지하 4층,엘리베이터,일반승강기,[2호기]영등포구청방면6-3
S1_5_0316,5호선,양평,B5,-5,지하 5층,엘리베이터,일반승강기,[1호기]오목교방면3-2
S1_5_0316,5호선,양평,B5,-5,지하 5층,엘리베이터,일반승강기,[2호기]영등포구청방면6-3
S1_5_0316,5호선,양평,B5,-5,지하 5층,승강장,5호선 승강장 (오목교 방면),상대식
S1_5_0316,5호선,양평,B5,-5,지하 5층,승강장,5호선 승강장 (영등포구청 방면),상대식
S1_5_0421,5호선,영등포구청,1F,1,지상 1층,엘리베이터,일반승강기,"[1호기]6,7번출구사이(공영주차장입구)"
S1_5_0421,5호선,영등포구청,1F,1,지상 1층,출입구,7번 출입구,교통약자 동선 연결
S1_5_0421,5호선,영등포구청,B1,-1,지하 1층,엘리베이터,일반승강기,[1호기](F1-B5) 승강장
S1_5_0421,5호선,영등포구청,B1,-1,지하 1층,화장실,일반화장실(남),대합실 지하1층 7번출입구 방면
S1_5_0421,5호선,영등포구청,B1,-1,지하 1층,화장실,일반화장실(여),대합실 지하1층 7번출입구 방면
S1_5_0421,5호선,영등포구청,B1,-1,지하 1층,화장실,장애인화장실(남),대합실 지하1층 7번출입구 방면
S1_5_0421,5호선,영등포구청,B1,-1,지하 1층,화장실,장애인화장실(여),대합실 지하1층 7번출입구 방면
S1_5_0421,5호선,영등포구청,B2,-2,지하 2층,엘리베이터,일반승강기,[1호기](F1-B5) 승강장
S1_5_0421,5호선,영등포구청,B3,-3,지하 3층,엘리베이터,일반승강기,[1호기](F1-B5) 승강장
S1_5_0421,5호선,영등포구청,B4,-4,지하 4층,대합실,대합실,
S1_5_0421,5호선,영등포구청,B4,-4,지하 4층,개찰구,표 내는 곳,
S1_5_0421,5호선,영등포구청,B4,-4,지하 4층,엘리베이터,일반승강기,[1호기](F1-B5) 승강장
S1_5_0421,5호선,영등포구청,B4,-4,지하 4층,엘리베이터,일반승강기,[2호기]영등포시장방면5-4
S1_5_0421,5호선,영등포구청,B4,-4,지하 4층,엘리베이터,일반승강기,[3호기]양평방면8-4
S1_5_0421,5호선,영등포구청,B4,-4,지하 4층,엘리베이터,일반승강기,[4호기]영등포시장방면1-1
S1_5_0421,5호선,영등포구청,B4,-4,지하 4층,휠체어리프트,휠체어리프트,영등포시장 방면2-3
S1_5_0421,5호선,영등포구청,B4,-4,지하 4층,고객센터,고객센터,B4층 대합실
S1_5_0421,5호선,영등포구청,B4,-4,지하 4층,수유실,수유실,B4 고객안전실 내부
S1_5_0421,5호선,영등포구청,B5,-5,지하 5층,개찰구,표 내는 곳,
S1_5_0421,5호선,영등포구청,B5,-5,지하 5층,엘리베이터,일반승강기,[3호기]양평방면8-4
S1_5_0421,5호선,영등포구청,B5,-5,지하 5층,엘리베이터,일반승강기,[2호기]영등포시장방면5-4
S1_5_0421,5호선,영등포구청,B5,-5,지하 5층,엘리베이터,일반승강기,"[1호기]6,7번출구사이(공영주차장입구)"
S1_5_0421,5호선,영등포구청,B5,-5,지하 5층,엘리베이터,일반승강기,[4호기]영등포시장방면1-1
S1_5_0421,5호선,영등포구청,B5,-5,지하 5층,승강장,5호선 승강장 (양평 방면),상대식
S1_5_0421,5호선,영등포구청,B5,-5,지하 5층,승강장,5호선 승강장 (영등포시장 방면),상대식
S1_5_0422,5호선,영등포시장,1F,1,지상 1층,엘리베이터,일반승강기,[3호기]2번출구측
S1_5_0422,5호선,영등포시장,1F,1,지상 1층,출입구,2번 출입구,교통약자 동선 연결
S1_5_0422,5호선,영등포시장,1F,1,지상 1층,출입구,3번 출입구,
S1_5_0422,5호선,영등포시장,B1,-1,지하 1층,대합실,대합실,
S1_5_0422,5호선,영등포시장,B1,-1,지하 1층,개찰구,표 내는 곳,
S1_5_0422,5호선,영등포시장,B1,-1,지하 1층,엘리베이터,일반승강기,[3호기]2번출구측
S1_5_0422,5호선,영등포시장,B1,-1,지하 1층,엘리베이터,일반승강기,[2호기]신길방면5-2
S1_5_0422,5호선,영등포시장,B1,-1,지하 1층,화장실,일반화장실(남),"대합실 1층  2, 3번출입구 앞 "
S1_5_0422,5호선,영등포시장,B1,-1,지하 1층,화장실,일반화장실(여),"대합실 1층  2, 3번출입구 앞 "
S1_5_0422,5호선,영등포시장,B1,-1,지하 1층,화장실,장애인화장실(남),"대합실 1층  2, 3번출입구 앞 "
S1_5_0422,5호선,영등포시장,B1,-1,지하 1층,화장실,장애인화장실(여),"대합실 1층  2, 3번출입구 앞 "
S1_5_0422,5호선,영등포시장,B2,-2,지하 2층,엘리베이터,일반승강기,[2호기](B1-B6) 승강장
S1_5_0422,5호선,영등포시장,B3,-3,지하 3층,엘리베이터,일반승강기,[2호기](B1-B6) 승강장
S1_5_0422,5호선,영등포시장,B3,-3,지하 3층,고객센터,고객센터,B3층 대합실
S1_5_0422,5호선,영등포시장,B4,-4,지하 4층,엘리베이터,일반승강기,[2호기](B1-B6) 승강장
S1_5_0422,5호선,영등포시장,B5,-5,지하 5층,대합실,대합실,
S1_5_0422,5호선,영등포시장,B5,-5,지하 5층,엘리베이터,일반승강기,[2호기](B1-B6) 승강장
S1_5_0422,5호선,영등포시장,B5,-5,지하 5층,엘리베이터,일반승강기,[1호기]영등포구청방면4-3
S1_5_0422,5호선,영등포시장,B6,-6,지하 6층,엘리베이터,일반승강기,[2호기]신길방면5-2
S1_5_0422,5호선,영등포시장,B6,-6,지하 6층,엘리베이터,일반승강기,[1호기]영등포구청방면4-3
S1_5_0422,5호선,영등포시장,B6,-6,지하 6층,승강장,5호선 승강장 (영등포구청 방면),상대식
S1_5_0422,5호선,영등포시장,B6,-6,지하 6층,승강장,5호선 승강장 (신길 방면),상대식
S1_5_0351,5호선,신길,1F,1,지상 1층,엘리베이터,일반승강기,[3호기]3번출구측
S1_5_0351,5호선,신길,1F,1,지상 1층,출입구,3번 출입구,교통약자 동선 연결
S1_5_0351,5호선,신길,1F,1,지상 1층,환승승강장,1호선 승강장 (대방 방면),1호선
S1_5_0351,5호선,신길,1F,1,지상 1층,환승승강장,1호선 승강장 (영등포 방면),1호선
S1_5_0351,5호선,신길,B1,-1,지하 1층,엘리베이터,일반승강기,[3호기](F1-B2)3번 출입구
S1_5_0351,5호선,신길,B1,-1,지하 1층,엘리베이터,일반승강기,[6호기]환승통로(1호선)
S1_5_0351,5호선,신길,B2,-2,지하 2층,엘리베이터,일반승강기,[3호기]3번출구측
S1_5_0351,5호선,신길,B2,-2,지하 2층,엘리베이터,일반승강기,[6호기](B3-B1) (B3)환승통로 대합실 (B1)환승통로 대합실
S1_5_0351,5호선,신길,B3,-3,지하 3층,대합실,대합실,
S1_5_0351,5호선,신길,B3,-3,지하 3층,개찰구,표 내는 곳,
S1_5_0351,5호선,신길,B3,-3,지하 3층,엘리베이터,일반승강기,[6호기]환승통로(1호선)
S1_5_0351,5호선,신길,B3,-3,지하 3층,엘리베이터,일반승강기,[1호기]영등포시장방면5-3
S1_5_0351,5호선,신길,B3,-3,지하 3층,엘리베이터,일반승강기,[5호기]영등포시장방면8-4
S1_5_0351,5호선,신길,B3,-3,지하 3층,엘리베이터,일반승강기,[4호기]여의도방면1-1
S1_5_0351,5호선,신길,B3,-3,지하 3층,엘리베이터,일반승강기,[2호기]여의도방면4-2
S1_5_0351,5호선,신길,B3,-3,지하 3층,화장실,일반화장실(남),대합실(B3) 3번출입구 앞
S1_5_0351,5호선,신길,B3,-3,지하 3층,화장실,일반화장실(여),대합실(B3) 3번출입구 앞
S1_5_0351,5호선,신길,B3,-3,지하 3층,화장실,장애인화장실(남),대합실(B3) 3번출입구 앞
S1_5_0351,5호선,신길,B3,-3,지하 3층,화장실,장애인화장실(여),대합실(B3) 3번출입구 앞
S1_5_0351,5호선,신길,B3,-3,지하 3층,고객센터,고객센터,B3층 대합실
S1_5_0351,5호선,신길,B3,-3,지하 3층,수유실,수유실,B3 고객안전실 내부
S1_5_0351,5호선,신길,B4,-4,지하 4층,엘리베이터,일반승강기,[4호기]여의도방면1-1
S1_5_0351,5호선,신길,B4,-4,지하 4층,엘리베이터,일반승강기,[2호기]여의도방면4-2
S1_5_0351,5호선,신길,B4,-4,지하 4층,엘리베이터,일반승강기,[1호기]영등포시장방면5-3
S1_5_0351,5호선,신길,B4,-4,지하 4층,엘리베이터,일반승강기,[5호기]영등포시장방면8-4
S1_5_0351,5호선,신길,B4,-4,지하 4층,승강장,5호선 승강장 (영등포시장 방면),상대식
S1_5_0351,5호선,신길,B4,-4,지하 4층,승강장,5호선 승강장 (여의도 방면),상대식
S1_5_0412,5호선,여의도,1F,1,지상 1층,출입구,2번 출입구,교통약자 동선 연결
S1_5_0412,5호선,여의도,1F,1,지상 1층,출입구,3번 출입구,교통약자 동선 연결
S1_5_0412,5호선,여의도,B1,-1,지하 1층,대합실,대합실,
S1_5_0412,5호선,여의도,B1,-1,지하 1층,개찰구,표 내는 곳,
S1_5_0412,5호선,여의도,B1,-1,지하 1층,엘리베이터,일반승강기,[1호기]신길방면6-4
S1_5_0412,5호선,여의도,B1,-1,지하 1층,엘리베이터,일반승강기,[2호기]여의나루방면6-4
S1_5_0412,5호선,여의도,B1,-1,지하 1층,화장실,일반화장실(남),대합실1층  (가) 표 내는 곳 옆
S1_5_0412,5호선,여의도,B1,-1,지하 1층,화장실,일반화장실(여),대합실1층  (가) 표 내는 곳 옆
S1_5_0412,5호선,여의도,B1,-1,지하 1층,화장실,장애인화장실(남),대합실1층  (가) 표 내는 곳 옆
S1_5_0412,5호선,여의도,B1,-1,지하 1층,화장실,장애인화장실(여),대합실1층  (가) 표 내는 곳 옆
S1_5_0412,5호선,여의도,B1,-1,지하 1층,고객센터,고객센터,B1층 대합실
S1_5_0412,5호선,여의도,B1,-1,지하 1층,수유실,수유실,B1 대합실중앙 안내센터 내부
S1_5_0412,5호선,여의도,B2,-2,지하 2층,대합실,대합실,
S1_5_0412,5호선,여의도,B2,-2,지하 2층,개찰구,표 내는 곳,
S1_5_0412,5호선,여의도,B2,-2,지하 2층,엘리베이터,일반승강기,[2호기](B1-B4) 승강장
S1_5_0412,5호선,여의도,B2,-2,지하 2층,엘리베이터,일반승강기,[1호기](B1-B4) 승강장
S1_5_0412,5호선,여의도,B2,-2,지하 2층,환승승강장,9호선 승강장 (샛강 방면),9호선
S1_5_0412,5호선,여의도,B2,-2,지하 2층,환승승강장,9호선 승강장 (국회의사당 방면),9호선
S1_5_0412,5호선,여의도,B3,-3,지하 3층,엘리베이터,일반승강기,[2호기](B1-B4) 승강장
S1_5_0412,5호선,여의도,B3,-3,지하 3층,엘리베이터,일반승강기,[1호기](B1-B4) 승강장
S1_5_0412,5호선,여의도,B4,-4,지하 4층,엘리베이터,일반승강기,[1호기]신길방면6-4
S1_5_0412,5호선,여의도,B4,-4,지하 4층,엘리베이터,일반승강기,[2호기]여의나루방면6-4
S1_5_0412,5호선,여의도,B4,-4,지하 4층,승강장,5호선 승강장 (신길 방면),상대식
S1_5_0412,5호선,여의도,B4,-4,지하 4층,승강장,5호선 승강장 (여의나루 방면),상대식
S1_5_0411,5호선,여의나루,1F,1,지상 1층,엘리베이터,일반승강기,[3호기]4번출구측
S1_5_0411,5호선,여의나루,0F,0,지상 0층,엘리베이터,일반승강기,[3호기]4번출구측
S1_5_0411,5호선,여의나루,0F,0,지상 0층,엘리베이터,일반승강기,[2호기]대합실(지하2층)
S1_5_0411,5호선,여의나루,B1,-1,지하 1층,엘리베이터,일반승강기,[2호기]대합실(지하2층)
S1_5_0411,5호선,여의나루,B1,-1,지하 1층,엘리베이터,일반승강기,"[1호기]여의도방면6-2,마포방면3-3"
S1_5_0411,5호선,여의나루,B1,-1,지하 1층,화장실,일반화장실(남),지하1층 대합실 비운임지역 ES옆
S1_5_0411,5호선,여의나루,B1,-1,지하 1층,화장실,일반화장실(여),지하1층 대합실 비운임지역 ES옆
S1_5_0411,5호선,여의나루,B1,-1,지하 1층,화장실,장애인화장실(남),지하1층 대합실 비운임지역 ES옆
S1_5_0411,5호선,여의나루,B1,-1,지하 1층,화장실,장애인화장실(여),지하1층 대합실 비운임지역 ES옆
S1_5_0411,5호선,여의나루,B2,-2,지하 2층,대합실,대합실,
S1_5_0411,5호선,여의나루,B2,-2,지하 2층,개찰구,표 내는 곳,
S1_5_0411,5호선,여의나루,B2,-2,지하 2층,엘리베이터,일반승강기,[1호기](B1-B5)승강장
S1_5_0411,5호선,여의나루,B2,-2,지하 2층,수유실,수유실,B2 고객안전실 내부
S1_5_0411,5호선,여의나루,B2,-2,지하 2층,출입구,4번 출입구,교통약자 동선 연결
S1_5_0411,5호선,여의나루,B3,-3,지하 3층,엘리베이터,일반승강기,[1호기](B1-B5)승강장
S1_5_0411,5호선,여의나루,B3,-3,지하 3층,고객센터,고객센터,B3층 대합실
S1_5_0411,5호선,여의나루,B4,-4,지하 4층,엘리베이터,일반승강기,[1호기](B1-B5)승강장
S1_5_0411,5호선,여의나루,B5,-5,지하 5층,엘리베이터,일반승강기,"[1호기]여의도방면6-2,마포방면3-3"
S1_5_0185,5호선,마포,1F,1,지상 1층,엘리베이터,일반승강기,[2호기]2번출구측
S1_5_0185,5호선,마포,1F,1,지상 1층,출입구,1번 출입구,교통약자 동선 연결
S1_5_0185,5호선,마포,1F,1,지상 1층,출입구,2번 출입구,
S1_5_0185,5호선,마포,B1,-1,지하 1층,대합실,대합실,
S1_5_0185,5호선,마포,B1,-1,지하 1층,개찰구,표 내는 곳,
S1_5_0185,5호선,마포,B1,-1,지하 1층,엘리베이터,일반승강기,[2호기]2번출구측
S1_5_0185,5호선,마포,B1,-1,지하 1층,엘리베이터,일반승강기,"[1호기]여의나루방면5-1,공덕방면4-4"
S1_5_0185,5호선,마포,B1,-1,지하 1층,화장실,일반화장실(남),대합실 1층 토니모리좌측
S1_5_0185,5호선,마포,B1,-1,지하 1층,화장실,일반화장실(여),대합실 1층 토니모리좌측
S1_5_0185,5호선,마포,B1,-1,지하 1층,화장실,장애인화장실(남),대합실 1층 토니모리좌측
S1_5_0185,5호선,마포,B1,-1,지하 1층,화장실,장애인화장실(여),대합실 1층 토니모리좌측
S1_5_0185,5호선,마포,B1,-1,지하 1층,고객센터,고객센터,B1층 대합실
S1_5_0185,5호선,마포,B2,-2,지하 2층,엘리베이터,일반승강기,[1호기](B1-B5)승강장
S1_5_0185,5호선,마포,B3,-3,지하 3층,엘리베이터,일반승강기,[1호기](B1-B5)승강장
S1_5_0185,5호선,마포,B4,-4,지하 4층,엘리베이터,일반승강기,[1호기](B1-B5)승강장
S1_5_0185,5호선,마포,B5,-5,지하 5층,엘리베이터,일반승강기,"[1호기]여의나루방면5-1,공덕방면4-4"
S1_5_0185,5호선,마포,B5,-5,지하 5층,승강장,5호선 승강장 (여의나루 방면),섬식
S1_5_0185,5호선,마포,B5,-5,지하 5층,승강장,5호선 승강장 (공덕 방면),섬식
S1_5_0054,5호선,공덕,1F,1,지상 1층,엘리베이터,일반승강기,[2호기]2번출구측
S1_5_0054,5호선,공덕,1F,1,지상 1층,출입구,2번 출입구,교통약자 동선 연결
S1_5_0054,5호선,공덕,1F,1,지상 1층,출입구,3번 출입구,
S1_5_0054,5호선,공덕,1F,1,지상 1층,출입구,5번 출입구,교통약자 동선 연결
S1_5_0054,5호선,공덕,B1,-1,지하 1층,대합실,대합실,
S1_5_0054,5호선,공덕,B1,-1,지하 1층,엘리베이터,일반승강기,[2호기]2번출구측
S1_5_0054,5호선,공덕,B1,-1,지하 1층,엘리베이터,일반승강기,[1호기]환승통로(6호선)
S1_5_0054,5호선,공덕,B1,-1,지하 1층,전동휠체어충전설비,전동휠체어충전설비,5번 출구와 외부 엘리베이터의 가운데(15m) 지점
S1_5_0054,5호선,공덕,B1,-1,지하 1층,화장실,일반화장실(남), 대합실 1층 3번출입구 앞
S1_5_0054,5호선,공덕,B1,-1,지하 1층,화장실,일반화장실(여), 대합실 1층 3번출입구 앞
S1_5_0054,5호선,공덕,B1,-1,지하 1층,화장실,장애인화장실(남), 대합실 1층 3번출입구 앞
S1_5_0054,5호선,공덕,B1,-1,지하 1층,화장실,장애인화장실(여), 대합실 1층 3번출입구 앞
S1_5_0054,5호선,공덕,B1,-1,지하 1층,고객센터,고객센터,B1층 대합실
S1_5_0054,5호선,공덕,B1,-1,지하 1층,수유실,수유실,B1 고객안전실 인접
S1_5_0054,5호선,공덕,B2,-2,지하 2층,엘리베이터,일반승강기,[1호기](B1-B3)승강장
S1_5_0054,5호선,공덕,B2,-2,지하 2층,환승승강장,6호선 승강장 (효창공원앞 방면),6호선
S1_5_0054,5호선,공덕,B2,-2,지하 2층,환승승강장,6호선 승강장 (대흥 방면),6호선
S1_5_0054,5호선,공덕,B2,-2,지하 2층,환승승강장,경의중앙선 승강장 (서강대 방면),경의중앙선
S1_5_0054,5호선,공덕,B2,-2,지하 2층,환승승강장,경의중앙선 승강장 (효창공원앞 방면),경의중앙선
S1_5_0054,5호선,공덕,B3,-3,지하 3층,대합실,대합실,
S1_5_0054,5호선,공덕,B3,-3,지하 3층,엘리베이터,일반승강기,[1호기]환승통로(6호선)
S1_5_0054,5호선,공덕,B3,-3,지하 3층,승강장,5호선 승강장 (마포 방면),섬식
S1_5_0054,5호선,공덕,B3,-3,지하 3층,승강장,5호선 승강장 (애오개 방면),섬식
S1_5_0394,5호선,애오개,1F,1,지상 1층,엘리베이터,일반승강기,[5호기]3번출구측
S1_5_0394,5호선,애오개,1F,1,지상 1층,엘리베이터,일반승강기,[4호기]2번출구측
S1_5_0394,5호선,애오개,1F,1,지상 1층,출입구,2번 출입구,교통약자 동선 연결
S1_5_0394,5호선,애오개,1F,1,지상 1층,출입구,3번 출입구,교통약자 동선 연결
S1_5_0394,5호선,애오개,B1,-1,지하 1층,대합실,대합실,
S1_5_0394,5호선,애오개,B1,-1,지하 1층,개찰구,표 내는 곳,
S1_5_0394,5호선,애오개,B1,-1,지하 1층,엘리베이터,일반승강기,[5호기]3번출구측
S1_5_0394,5호선,애오개,B1,-1,지하 1층,엘리베이터,일반승강기,[4호기]2번출구측
S1_5_0394,5호선,애오개,B1,-1,지하 1층,엘리베이터,일반승강기,[3호기]대합실(지하3층)
S1_5_0394,5호선,애오개,B1,-1,지하 1층,전동휠체어충전설비,전동휠체어충전설비,B1층 대합실 아이센터 맞은편 벽면
S1_5_0394,5호선,애오개,B1,-1,지하 1층,화장실,일반화장실(남),대합실 1층 표 내는 곳 통과 후좌측
S1_5_0394,5호선,애오개,B1,-1,지하 1층,화장실,일반화장실(여),대합실 1층 표 내는 곳 통과 후좌측
S1_5_0394,5호선,애오개,B1,-1,지하 1층,화장실,장애인화장실(남),대합실 1층 표 내는 곳 통과 후좌측
S1_5_0394,5호선,애오개,B1,-1,지하 1층,화장실,장애인화장실(여),대합실 1층 표 내는 곳 통과 후좌측
S1_5_0394,5호선,애오개,B1,-1,지하 1층,고객센터,고객센터,B1층 대합실
S1_5_0394,5호선,애오개,B2,-2,지하 2층,엘리베이터,일반승강기,[3호기](B1-B3)지하3층 대합실
S1_5_0394,5호선,애오개,B3,-3,지하 3층,대합실,대합실,
S1_5_0394,5호선,애오개,B3,-3,지하 3층,엘리베이터,일반승강기,[3호기]대합실(지하3층)
S1_5_0394,5호선,애오개,B3,-3,지하 3층,엘리베이터,일반승강기,[1호기]공덕방면4-4
S1_5_0394,5호선,애오개,B3,-3,지하 3층,엘리베이터,일반승강기,[2호기]충정로방면5-1
S1_5_0394,5호선,애오개,B4,-4,지하 4층,엘리베이터,일반승강기,[1호기]공덕방면4-4
S1_5_0394,5호선,애오개,B4,-4,지하 4층,엘리베이터,일반승강기,[2호기]충정로방면5-1
S1_5_0394,5호선,애오개,B4,-4,지하 4층,승강장,5호선 승강장 (공덕 방면),상대식
S1_5_0394,5호선,애오개,B4,-4,지하 4층,승강장,5호선 승강장 (충정로 방면),상대식
S1_5_0564,5호선,충정로,1F,1,지상 1층,엘리베이터,일반승강기,[2호기]8번출구측
S1_5_0564,5호선,충정로,1F,1,지상 1층,출입구,8번 출입구,교통약자 동선 연결
S1_5_0564,5호선,충정로,B1,-1,지하 1층,대합실,대합실,
S1_5_0564,5호선,충정로,B1,-1,지하 1층,개찰구,표 내는 곳,
S1_5_0564,5호선,충정로,B1,-1,지하 1층,엘리베이터,일반승강기,[2호기]8번출구측
S1_5_0564,5호선,충정로,B1,-1,지하 1층,엘리베이터,일반승강기,"[1호기]애오개방면3-3,서대문방면6-2"
S1_5_0564,5호선,충정로,B1,-1,지하 1층,화장실,일반화장실(남),대합실 B1층 8번출입구 방향  i센터 맞은 편
S1_5_0564,5호선,충정로,B1,-1,지하 1층,화장실,일반화장실(여),대합실 B1층 8번출입구 방향  i센터 맞은 편
S1_5_0564,5호선,충정로,B1,-1,지하 1층,화장실,장애인화장실(남),대합실 B1층 8번출입구 방향  i센터 맞은 편
S1_5_0564,5호선,충정로,B1,-1,지하 1층,화장실,장애인화장실(여),대합실 B1층 8번출입구 방향  i센터 맞은 편
S1_5_0564,5호선,충정로,B1,-1,지하 1층,고객센터,고객센터,B1층 대합실
S1_5_0564,5호선,충정로,B1,-1,지하 1층,수유실,수유실,B1 고객안전실 내부
S1_5_0564,5호선,충정로,B2,-2,지하 2층,대합실,대합실,
S1_5_0564,5호선,충정로,B2,-2,지하 2층,엘리베이터,일반승강기,[1호기](B1-B5)승강장
S1_5_0564,5호선,충정로,B2,-2,지하 2층,전동휠체어충전설비,전동휠체어충전설비,B2층 5호선→2호선 환승통로 입구 우측 벽면 3m 지점
S1_5_0564,5호선,충정로,B3,-3,지하 3층,엘리베이터,일반승강기,[1호기](B1-B5)승강장
S1_5_0564,5호선,충정로,B3,-3,지하 3층,환승승강장,2호선 승강장 (아현 방면),2호선
S1_5_0564,5호선,충정로,B3,-3,지하 3층,환승승강장,2호선 승강장 (시청 방면),2호선
S1_5_0564,5호선,충정로,B4,-4,지하 4층,엘리베이터,일반승강기,[1호기](B1-B5)승강장
S1_5_0564,5호선,충정로,B5,-5,지하 5층,엘리베이터,일반승강기,"[1호기]애오개방면3-3,서대문방면6-2"
S1_5_0564,5호선,충정로,B5,-5,지하 5층,승강장,5호선 승강장 (애오개 방면),섬식
S1_5_0564,5호선,충정로,B5,-5,지하 5층,승강장,5호선 승강장 (서대문 방면),섬식
S1_5_0289,5호선,서대문,1F,1,지상 1층,엘리베이터,일반승강기,"[3호기]5,6번출구사이"
S1_5_0289,5호선,서대문,1F,1,지상 1층,엘리베이터,일반승강기,[2호기]2번출구측
S1_5_0289,5호선,서대문,1F,1,지상 1층,출입구,2번 출입구,교통약자 동선 연결
S1_5_0289,5호선,서대문,1F,1,지상 1층,출입구,4번 출입구,
S1_5_0289,5호선,서대문,1F,1,지상 1층,출입구,6번 출입구,
S1_5_0289,5호선,서대문,0F,0,지상 0층,엘리베이터,일반승강기,"[3호기]5,6번출구사이"
S1_5_0289,5호선,서대문,B1,-1,지하 1층,대합실,대합실,
S1_5_0289,5호선,서대문,B1,-1,지하 1층,개찰구,표 내는 곳,
S1_5_0289,5호선,서대문,B1,-1,지하 1층,엘리베이터,일반승강기,[2호기]2번출구측
S1_5_0289,5호선,서대문,B1,-1,지하 1층,엘리베이터,일반승강기,"[1호기]충정로방면3-2,광화문방면6-3"
S1_5_0289,5호선,서대문,B1,-1,지하 1층,전동휠체어충전설비,전동휠체어충전설비,"지하1층 3,4번출구 방면"
S1_5_0289,5호선,서대문,B1,-1,지하 1층,화장실,일반화장실(남),"지하1층 대합실 1, 2번 출입구 내려와서 왼쪽편"
S1_5_0289,5호선,서대문,B1,-1,지하 1층,화장실,일반화장실(여),"지하1층 대합실 1, 2번 출입구 내려와서 왼쪽편"
S1_5_0289,5호선,서대문,B1,-1,지하 1층,화장실,장애인화장실(남),"지하1층 대합실 1, 2번 출입구 내려와서 왼쪽편"
S1_5_0289,5호선,서대문,B1,-1,지하 1층,화장실,장애인화장실(여),"지하1층 대합실 1, 2번 출입구 내려와서 왼쪽편"
S1_5_0289,5호선,서대문,B1,-1,지하 1층,고객센터,고객센터,B1층 대합실
S1_5_0289,5호선,서대문,B2,-2,지하 2층,엘리베이터,일반승강기,[1호기](B1-B4)승강장
S1_5_0289,5호선,서대문,B3,-3,지하 3층,엘리베이터,일반승강기,[1호기](B1-B4)승강장
S1_5_0289,5호선,서대문,B4,-4,지하 4층,엘리베이터,일반승강기,"[1호기]충정로방면3-2,광화문방면6-3"
S1_5_0289,5호선,서대문,B4,-4,지하 4층,승강장,5호선 승강장 (충정로 방면),섬식
S1_5_0289,5호선,서대문,B4,-4,지하 4층,승강장,5호선 승강장 (광화문 방면),섬식
S1_5_0066,5호선,광화문,1F,1,지상 1층,엘리베이터,일반승강기,"[1호기]서대문방면1-1,종로3가방면8-4"
S1_5_0066,5호선,광화문,1F,1,지상 1층,출입구,1번 출입구,교통약자 동선 연결
S1_5_0066,5호선,광화문,1F,1,지상 1층,출입구,8번 출입구,
S1_5_0066,5호선,광화문,B1,-1,지하 1층,엘리베이터,일반승강기,[1호기](F1-B2)1번 출입구
S1_5_0066,5호선,광화문,B1,-1,지하 1층,전동휠체어충전설비,전동휠체어충전설비,"B1층 1,8번 출구방향 계단 밑 10m 지점"
S1_5_0066,5호선,광화문,B1,-1,지하 1층,화장실,일반화장실(남),세종측 대합실 지하1층
S1_5_0066,5호선,광화문,B1,-1,지하 1층,화장실,일반화장실(여),세종측 대합실 지하1층
S1_5_0066,5호선,광화문,B1,-1,지하 1층,화장실,장애인화장실(남),세종측 대합실 지하1층
S1_5_0066,5호선,광화문,B1,-1,지하 1층,화장실,장애인화장실(여),세종측 대합실 지하1층
S1_5_0066,5호선,광화문,B2,-2,지하 2층,대합실,대합실,
S1_5_0066,5호선,광화문,B2,-2,지하 2층,개찰구,표 내는 곳,
S1_5_0066,5호선,광화문,B2,-2,지하 2층,엘리베이터,일반승강기,"[1호기]서대문방면1-1,종로3가방면8-4"
S1_5_0066,5호선,광화문,B2,-2,지하 2층,엘리베이터,일반승강기,[2호기]8번출구측
S1_5_0066,5호선,광화문,B2,-2,지하 2층,고객센터,고객센터,B2층 대합실
S1_5_0066,5호선,광화문,B2,-2,지하 2층,수유실,수유실,B2 고객안전실 옆
S1_5_0066,5호선,광화문,B3,-3,지하 3층,엘리베이터,일반승강기,[2호기](B4 - B2) (B4)서대문역방향 승강장1-1 (B2)표내는곳 안쪽
S1_5_0066,5호선,광화문,B4,-4,지하 4층,엘리베이터,일반승강기,[2호기]8번출구측
S1_5_0066,5호선,광화문,B4,-4,지하 4층,승강장,5호선 승강장 (서대문 방면),섬식
S1_5_0066,5호선,광화문,B4,-4,지하 4층,승강장,5호선 승강장 (종로3가 방면),섬식
S1_5_0515,5호선,종로3가,1F,1,지상 1층,출입구,8번 출입구,교통약자 동선 연결
S1_5_0515,5호선,종로3가,B1,-1,지하 1층,대합실,대합실,
S1_5_0515,5호선,종로3가,B1,-1,지하 1층,엘리베이터,일반승강기,"[1호기]환승통로(1,3호선)"
S1_5_0515,5호선,종로3가,B1,-1,지하 1층,화장실,일반화장실(남),(대합실 지하1층 역무실 맞은편)
S1_5_0515,5호선,종로3가,B1,-1,지하 1층,화장실,일반화장실(여),(대합실 지하1층 역무실 맞은편)
S1_5_0515,5호선,종로3가,B1,-1,지하 1층,화장실,장애인화장실(남),(대합실 지하1층 역무실 맞은편)
S1_5_0515,5호선,종로3가,B1,-1,지하 1층,화장실,장애인화장실(여),(대합실 지하1층 역무실 맞은편)
S1_5_0515,5호선,종로3가,B1,-1,지하 1층,고객센터,고객센터,B1층 대합실
S1_5_0515,5호선,종로3가,B2,-2,지하 2층,대합실,대합실,
S1_5_0515,5호선,종로3가,B2,-2,지하 2층,엘리베이터,일반승강기,[1호기](B1-B4)지하4층 대합실
S1_5_0515,5호선,종로3가,B2,-2,지하 2층,환승승강장,1호선 승강장 (종로5가 방면),1호선
S1_5_0515,5호선,종로3가,B2,-2,지하 2층,환승승강장,1호선 승강장 (종각 방면),1호선
S1_5_0515,5호선,종로3가,B3,-3,지하 3층,대합실,대합실,
S1_5_0515,5호선,종로3가,B3,-3,지하 3층,엘리베이터,일반승강기,[1호기](B1-B4)지하4층 대합실
S1_5_0515,5호선,종로3가,B4,-4,지하 4층,대합실,대합실,
S1_5_0515,5호선,종로3가,B4,-4,지하 4층,엘리베이터,일반승강기,[2호기]광화문방면(8-4)
S1_5_0515,5호선,종로3가,B4,-4,지하 4층,엘리베이터,일반승강기,"[1호기]환승통로(1,3호선)"
S1_5_0515,5호선,종로3가,B4,-4,지하 4층,환승승강장,3호선 승강장 (안국 방면),3호선
S1_5_0515,5호선,종로3가,B4,-4,지하 4층,환승승강장,3호선 승강장 (을지로3가 방면),3호선
S1_5_0515,5호선,종로3가,B5,-5,지하 5층,엘리베이터,일반승강기,[2호기]광화문방면(8-4)
S1_5_0515,5호선,종로3가,B5,-5,지하 5층,승강장,5호선 승강장 (광화문 방면),섬식
S1_5_0515,5호선,종로3가,B5,-5,지하 5층,승강장,5호선 승강장 (을지로4가 방면),섬식
S1_5_0465,5호선,을지로4가,1F,1,지상 1층,출입구,8번 출입구,교통약자 동선 연결
S1_5_0465,5호선,을지로4가,B1,-1,지하 1층,대합실,대합실,
S1_5_0465,5호선,을지로4가,B1,-1,지하 1층,개찰구,표 내는 곳,
S1_5_0465,5호선,을지로4가,B1,-1,지하 1층,엘리베이터,일반승강기,[1호기]환승통로(2호선시청방향)
S1_5_0465,5호선,을지로4가,B1,-1,지하 1층,화장실,일반화장실(남),"대합실 B1층, 
B2층 내려가는 계단 앞"
S1_5_0465,5호선,을지로4가,B1,-1,지하 1층,화장실,일반화장실(여),"대합실 B1층, 
B2층 내려가는 계단 앞"
S1_5_0465,5호선,을지로4가,B1,-1,지하 1층,화장실,장애인화장실(남),"대합실 B1층, 
B2층 내려가는 계단 앞"
S1_5_0465,5호선,을지로4가,B1,-1,지하 1층,화장실,장애인화장실(여),"대합실 B1층, 
B2층 내려가는 계단 앞"
S1_5_0465,5호선,을지로4가,B2,-2,지하 2층,엘리베이터,일반승강기,[1호기](B1-B5)승강장
S1_5_0465,5호선,을지로4가,B2,-2,지하 2층,고객센터,고객센터,B2층 대합실
S1_5_0465,5호선,을지로4가,B2,-2,지하 2층,환승승강장,2호선 승강장 (을지로3가 방면),2호선
S1_5_0465,5호선,을지로4가,B2,-2,지하 2층,환승승강장,2호선 승강장 (동대문역사문화공원 방면),2호선
S1_5_0465,5호선,을지로4가,B3,-3,지하 3층,엘리베이터,일반승강기,[1호기](B1-B5)승강장
S1_5_0465,5호선,을지로4가,B4,-4,지하 4층,엘리베이터,일반승강기,[1호기](B1-B5)승강장
S1_5_0465,5호선,을지로4가,B5,-5,지하 5층,엘리베이터,일반승강기,[1호기]환승통로(2호선시청방향)
S1_5_0465,5호선,을지로4가,B5,-5,지하 5층,승강장,5호선 승강장 (종로3가 방면),섬식
S1_5_0465,5호선,을지로4가,B5,-5,지하 5층,승강장,5호선 승강장 (동대문역사문화공원 방면),섬식
S1_5_0156,5호선,동대문역사문화공원,1F,1,지상 1층,출입구,1번 출입구,교통약자 동선 연결
S1_5_0156,5호선,동대문역사문화공원,1F,1,지상 1층,출입구,7번 출입구,
S1_5_0156,5호선,동대문역사문화공원,B1,-1,지하 1층,대합실,대합실,
S1_5_0156,5호선,동대문역사문화공원,B1,-1,지하 1층,개찰구,표 내는 곳,
S1_5_0156,5호선,동대문역사문화공원,B1,-1,지하 1층,엘리베이터,일반승강기,"[2호기]환승통로(2,4호선)"
S1_5_0156,5호선,동대문역사문화공원,B1,-1,지하 1층,엘리베이터,일반승강기,"[1호기]대합실(6,7번출구사이)"
S1_5_0156,5호선,동대문역사문화공원,B1,-1,지하 1층,화장실,일반화장실(남),지하1층
S1_5_0156,5호선,동대문역사문화공원,B1,-1,지하 1층,화장실,일반화장실(여),지하1층
S1_5_0156,5호선,동대문역사문화공원,B1,-1,지하 1층,화장실,장애인화장실(남),지하1층
S1_5_0156,5호선,동대문역사문화공원,B1,-1,지하 1층,화장실,장애인화장실(여),지하1층
S1_5_0156,5호선,동대문역사문화공원,B2,-2,지하 2층,엘리베이터,일반승강기,[1호기](B1-B4)지하4층 대합실
S1_5_0156,5호선,동대문역사문화공원,B2,-2,지하 2층,엘리베이터,일반승강기,[2호기](B1-B5)승강장
S1_5_0156,5호선,동대문역사문화공원,B2,-2,지하 2층,고객센터,고객센터,B2층 대합실
S1_5_0156,5호선,동대문역사문화공원,B2,-2,지하 2층,수유실,수유실,B2 고객안전실 인접
S1_5_0156,5호선,동대문역사문화공원,B2,-2,지하 2층,환승승강장,2호선 승강장 (을지로4가 방면),2호선
S1_5_0156,5호선,동대문역사문화공원,B2,-2,지하 2층,환승승강장,2호선 승강장 (신당 방면),2호선
S1_5_0156,5호선,동대문역사문화공원,B3,-3,지하 3층,엘리베이터,일반승강기,[2호기](B1-B5)승강장
S1_5_0156,5호선,동대문역사문화공원,B3,-3,지하 3층,엘리베이터,일반승강기,[1호기](B1-B4)지하4층 대합실
S1_5_0156,5호선,동대문역사문화공원,B3,-3,지하 3층,환승승강장,4호선 승강장 (동대문 방면),4호선
S1_5_0156,5호선,동대문역사문화공원,B3,-3,지하 3층,환승승강장,4호선 승강장 (충무로 방면),4호선
S1_5_0156,5호선,동대문역사문화공원,B4,-4,지하 4층,엘리베이터,일반승강기,"[1호기]대합실(6,7번출구사이)"
S1_5_0156,5호선,동대문역사문화공원,B4,-4,지하 4층,엘리베이터,일반승강기,[2호기](B1-B5)승강장
S1_5_0156,5호선,동대문역사문화공원,B5,-5,지하 5층,엘리베이터,일반승강기,"[2호기]환승통로(2,4호선)"
S1_5_0156,5호선,동대문역사문화공원,B5,-5,지하 5층,승강장,5호선 승강장 (을지로4가 방면),섬식
S1_5_0156,5호선,동대문역사문화공원,B5,-5,지하 5층,승강장,5호선 승강장 (청구 방면),섬식
S1_5_0549,5호선,청구,1F,1,지상 1층,출입구,1번 출입구,교통약자 동선 연결
S1_5_0549,5호선,청구,1F,1,지상 1층,출입구,3번 출입구,교통약자 동선 연결
S1_5_0549,5호선,청구,B1,-1,지하 1층,대합실,대합실,
S1_5_0549,5호선,청구,B1,-1,지하 1층,개찰구,표 내는 곳,
S1_5_0549,5호선,청구,B1,-1,지하 1층,고객센터,고객센터,B1층 대합실
S1_5_0549,5호선,청구,B1,-1,지하 1층,수유실,수유실,B1 고객안전실 내부
S1_5_0549,5호선,청구,B2,-2,지하 2층,환승승강장,6호선 승강장 (약수 방면),6호선
S1_5_0549,5호선,청구,B2,-2,지하 2층,환승승강장,6호선 승강장 (신당 방면),6호선
S1_5_0549,5호선,청구,B3,-3,지하 3층,대합실,대합실,
S1_5_0549,5호선,청구,B4,-4,지하 4층,승강장,5호선 승강장 (동대문역사문화공원 방면),섬식
S1_5_0549,5호선,청구,B4,-4,지하 4층,승강장,5호선 승강장 (신금호 방면),섬식
S1_5_0350,5호선,신금호,1F,1,지상 1층,엘리베이터,일반승강기,[3호기]고개안전실측(지하2층)
S1_5_0350,5호선,신금호,1F,1,지상 1층,출입구,2번 출입구,
S1_5_0350,5호선,신금호,1F,1,지상 1층,출입구,3번 출입구,교통약자 동선 연결
S1_5_0350,5호선,신금호,B1,-1,지하 1층,엘리베이터,일반승강기,[3호기](F1-B2)2번 출입구
S1_5_0350,5호선,신금호,B1,-1,지하 1층,전동휠체어충전설비,전동휠체어충전설비,B1층 공중전화 옆
S1_5_0350,5호선,신금호,B2,-2,지하 2층,대합실,대합실,
S1_5_0350,5호선,신금호,B2,-2,지하 2층,개찰구,표 내는 곳,
S1_5_0350,5호선,신금호,B2,-2,지하 2층,엘리베이터,일반승강기,[3호기]고개안전실측(지하2층)
S1_5_0350,5호선,신금호,B2,-2,지하 2층,엘리베이터,일반승강기,"[1호기]청구방면1-2,행당방면8-3"
S1_5_0350,5호선,신금호,B2,-2,지하 2층,엘리베이터,일반승강기,"[2호기]청구방면1-2,행당방면8-3"
S1_5_0350,5호선,신금호,B2,-2,지하 2층,화장실,일반화장실(남),B2 표 내는 곳 앞
S1_5_0350,5호선,신금호,B2,-2,지하 2층,화장실,일반화장실(여),B2 표 내는 곳 앞
S1_5_0350,5호선,신금호,B2,-2,지하 2층,화장실,장애인화장실(남),B2 표 내는 곳 앞
S1_5_0350,5호선,신금호,B2,-2,지하 2층,화장실,장애인화장실(여),B2 표 내는 곳 앞
S1_5_0350,5호선,신금호,B2,-2,지하 2층,고객센터,고객센터,B2층 대합실
S1_5_0350,5호선,신금호,B3,-3,지하 3층,엘리베이터,일반승강기,[2호기](B2-B8)승강장
S1_5_0350,5호선,신금호,B3,-3,지하 3층,엘리베이터,일반승강기,[1호기](B2-B8)승강장
S1_5_0350,5호선,신금호,B4,-4,지하 4층,엘리베이터,일반승강기,[2호기](B2-B8)승강장
S1_5_0350,5호선,신금호,B4,-4,지하 4층,엘리베이터,일반승강기,[1호기](B2-B8)승강장
S1_5_0350,5호선,신금호,B5,-5,지하 5층,엘리베이터,일반승강기,[1호기](B2-B8)승강장
S1_5_0350,5호선,신금호,B5,-5,지하 5층,엘리베이터,일반승강기,[2호기](B2-B8)승강장
S1_5_0350,5호선,신금호,B6,-6,지하 6층,엘리베이터,일반승강기,[2호기](B2-B8)승강장
S1_5_0350,5호선,신금호,B6,-6,지하 6층,엘리베이터,일반승강기,[1호기](B2-B8)승강장
S1_5_0350,5호선,신금호,B7,-7,지하 7층,엘리베이터,일반승강기,[1호기](B2-B8)승강장
S1_5_0350,5호선,신금호,B7,-7,지하 7층,엘리베이터,일반승강기,[2호기](B2-B8)승강장
S1_5_0350,5호선,신금호,B8,-8,지하 8층,엘리베이터,일반승강기,"[2호기]청구방면1-2,행당방면8-3"
S1_5_0350,5호선,신금호,B8,-8,지하 8층,엘리베이터,일반승강기,"[1호기]청구방면1-2,행당방면8-3"
S1_5_0350,5호선,신금호,B8,-8,지하 8층,승강장,5호선 승강장 (청구 방면),섬식
S1_5_0350,5호선,신금호,B8,-8,지하 8층,승강장,5호선 승강장 (행당 방면),섬식
S1_5_0592,5호선,행당,1F,1,지상 1층,엘리베이터,일반승강기,[3호기]3번출구측
S1_5_0592,5호선,행당,1F,1,지상 1층,출입구,3번 출입구,교통약자 동선 연결
S1_5_0592,5호선,행당,B1,-1,지하 1층,엘리베이터,일반승강기,[3호기](F1-B3)3번 출입구
S1_5_0592,5호선,행당,B2,-2,지하 2층,엘리베이터,일반승강기,[3호기](F1-B3)3번 출입구
S1_5_0592,5호선,행당,B3,-3,지하 3층,대합실,대합실,
S1_5_0592,5호선,행당,B3,-3,지하 3층,개찰구,표 내는 곳,
S1_5_0592,5호선,행당,B3,-3,지하 3층,엘리베이터,일반승강기,[3호기]3번출구측
S1_5_0592,5호선,행당,B3,-3,지하 3층,엘리베이터,일반승강기,[1호기]신금호방면4-4
S1_5_0592,5호선,행당,B3,-3,지하 3층,화장실,일반화장실(남),지하3층 E/S 옆(고객상담실 및만남의장소 앞)
S1_5_0592,5호선,행당,B3,-3,지하 3층,화장실,일반화장실(여),지하3층 E/S 옆(고객상담실 및만남의장소 앞)
S1_5_0592,5호선,행당,B3,-3,지하 3층,화장실,장애인화장실(남),지하3층 E/S 옆(고객상담실 및만남의장소 앞)
S1_5_0592,5호선,행당,B3,-3,지하 3층,화장실,장애인화장실(여),지하3층 E/S 옆(고객상담실 및만남의장소 앞)
S1_5_0592,5호선,행당,B3,-3,지하 3층,고객센터,고객센터,B3층 대합실
S1_5_0592,5호선,행당,B4,-4,지하 4층,대합실,대합실,
S1_5_0592,5호선,행당,B4,-4,지하 4층,엘리베이터,일반승강기,[1호기](B3-B5) 승강장
S1_5_0592,5호선,행당,B4,-4,지하 4층,엘리베이터,일반승강기,[2호기]왕십리방면5-1
S1_5_0592,5호선,행당,B5,-5,지하 5층,엘리베이터,일반승강기,[1호기]신금호방면4-4
S1_5_0592,5호선,행당,B5,-5,지하 5층,엘리베이터,일반승강기,[2호기]왕십리방면5-1
S1_5_0592,5호선,행당,B5,-5,지하 5층,승강장,5호선 승강장 (신금호 방면),상대식
S1_5_0592,5호선,행당,B5,-5,지하 5층,승강장,5호선 승강장 (왕십리 방면),상대식
S1_5_0441,5호선,왕십리,1F,1,지상 1층,엘리베이터,일반승강기,[1호기]4번출구측
S1_5_0441,5호선,왕십리,1F,1,지상 1층,출입구,4번 출입구,교통약자 동선 연결
S1_5_0441,5호선,왕십리,1F,1,지상 1층,출입구,6-1번 출입구,교통약자 동선 연결
S1_5_0441,5호선,왕십리,1F,1,지상 1층,환승승강장,수인분당선 승강장 (청량리 방면),수인분당선
S1_5_0441,5호선,왕십리,1F,1,지상 1층,환승승강장,수인분당선 승강장 (서울숲 방면),수인분당선
S1_5_0441,5호선,왕십리,1F,1,지상 1층,환승승강장,경의중앙선 승강장 (응봉 방면),경의중앙선
S1_5_0441,5호선,왕십리,1F,1,지상 1층,환승승강장,경의중앙선 승강장 (청량리 방면),경의중앙선
S1_5_0441,5호선,왕십리,B1,-1,지하 1층,대합실,대합실,
S1_5_0441,5호선,왕십리,B1,-1,지하 1층,엘리베이터,일반승강기,[1호기](F1-B4)4번 출입구
S1_5_0441,5호선,왕십리,B1,-1,지하 1층,고객센터,고객센터,B1층 대합실
S1_5_0441,5호선,왕십리,B1,-1,지하 1층,수유실,수유실,B1 고객안전실 내부
S1_5_0441,5호선,왕십리,B2,-2,지하 2층,대합실,대합실,
S1_5_0441,5호선,왕십리,B2,-2,지하 2층,엘리베이터,일반승강기,[1호기](F1-B4)4번 출입구
S1_5_0441,5호선,왕십리,B2,-2,지하 2층,화장실,일반화장실(남),b2 대합실 상가2002호점 옆
S1_5_0441,5호선,왕십리,B2,-2,지하 2층,화장실,일반화장실(여),b2 대합실 상가2002호점 옆
S1_5_0441,5호선,왕십리,B2,-2,지하 2층,화장실,장애인화장실(남),b2 대합실 상가2002호점 옆
S1_5_0441,5호선,왕십리,B2,-2,지하 2층,화장실,장애인화장실(여),b2 대합실 상가2002호점 옆
S1_5_0441,5호선,왕십리,B2,-2,지하 2층,환승승강장,2호선 승강장 (상왕십리 방면),2호선
S1_5_0441,5호선,왕십리,B2,-2,지하 2층,환승승강장,2호선 승강장 (한양대 방면),2호선
S1_5_0441,5호선,왕십리,B3,-3,지하 3층,엘리베이터,일반승강기,[1호기](F1-B4)4번 출입구
S1_5_0441,5호선,왕십리,B4,-4,지하 4층,대합실,대합실,
S1_5_0441,5호선,왕십리,B4,-4,지하 4층,개찰구,표 내는 곳,
S1_5_0441,5호선,왕십리,B4,-4,지하 4층,엘리베이터,일반승강기,[1호기]4번출구측
S1_5_0441,5호선,왕십리,B4,-4,지하 4층,엘리베이터,일반승강기,[3호기]마장방면6-2
S1_5_0441,5호선,왕십리,B4,-4,지하 4층,엘리베이터,일반승강기,[2호기]행당방면3-3
S1_5_0441,5호선,왕십리,B5,-5,지하 5층,엘리베이터,일반승강기,[2호기]행당방면3-3
S1_5_0441,5호선,왕십리,B5,-5,지하 5층,엘리베이터,일반승강기,[3호기]마장방면6-2
S1_5_0441,5호선,왕십리,B5,-5,지하 5층,승강장,5호선 승강장 (행당 방면),상대식
S1_5_0441,5호선,왕십리,B5,-5,지하 5층,승강장,5호선 승강장 (마장 방면),상대식
S1_5_0182,5호선,마장,1F,1,지상 1층,엘리베이터,일반승강기,[3호기]2번출구측
S1_5_0182,5호선,마장,1F,1,지상 1층,출입구,2번 출입구,교통약자 동선 연결
S1_5_0182,5호선,마장,B1,-1,지하 1층,엘리베이터,일반승강기,[3호기](B2-1F) (B2)대합실 (1F)2번 출입구 10m 앞
S1_5_0182,5호선,마장,B2,-2,지하 2층,대합실,대합실,
S1_5_0182,5호선,마장,B2,-2,지하 2층,개찰구,표 내는 곳,
S1_5_0182,5호선,마장,B2,-2,지하 2층,엘리베이터,일반승강기,[3호기]2번출구측
S1_5_0182,5호선,마장,B2,-2,지하 2층,엘리베이터,일반승강기,[2호기]답십리방면5-1
S1_5_0182,5호선,마장,B2,-2,지하 2층,엘리베이터,일반승강기,[1호기]왕십리방면4-4
S1_5_0182,5호선,마장,B2,-2,지하 2층,전동휠체어충전설비,전동휠체어충전설비,B2층 화장실입구 오른편
S1_5_0182,5호선,마장,B2,-2,지하 2층,화장실,일반화장실(남),지하2층 대합실
S1_5_0182,5호선,마장,B2,-2,지하 2층,화장실,일반화장실(여),지하2층 대합실
S1_5_0182,5호선,마장,B2,-2,지하 2층,화장실,장애인화장실(남),지하2층 대합실
S1_5_0182,5호선,마장,B2,-2,지하 2층,화장실,장애인화장실(여),지하2층 대합실
S1_5_0182,5호선,마장,B2,-2,지하 2층,고객센터,고객센터,B2층 대합실
S1_5_0182,5호선,마장,B3,-3,지하 3층,엘리베이터,일반승강기,[1호기]왕십리방면4-4
S1_5_0182,5호선,마장,B3,-3,지하 3층,엘리베이터,일반승강기,[2호기]답십리방면5-1
S1_5_0182,5호선,마장,B3,-3,지하 3층,승강장,5호선 승강장 (왕십리 방면),상대식
S1_5_0182,5호선,마장,B3,-3,지하 3층,승강장,5호선 승강장 (답십리 방면),상대식
S1_5_0124,5호선,답십리,1F,1,지상 1층,엘리베이터,일반승강기,[4호기]6번출구측
S1_5_0124,5호선,답십리,1F,1,지상 1층,엘리베이터,일반승강기,[3호기]2번출구측
S1_5_0124,5호선,답십리,1F,1,지상 1층,출입구,2번 출입구,교통약자 동선 연결
S1_5_0124,5호선,답십리,1F,1,지상 1층,출입구,6번 출입구,교통약자 동선 연결
S1_5_0124,5호선,답십리,B1,-1,지하 1층,엘리베이터,일반승강기,[4호기](F1-B2)6번 출입구
S1_5_0124,5호선,답십리,B1,-1,지하 1층,엘리베이터,일반승강기,[3호기](F1-B2)2번 출입구
S1_5_0124,5호선,답십리,B1,-1,지하 1층,화장실,일반화장실(남),"B1층 5,6번 출입구 방향"
S1_5_0124,5호선,답십리,B1,-1,지하 1층,화장실,일반화장실(여),"B1층 5,6번 출입구 방향"
S1_5_0124,5호선,답십리,B1,-1,지하 1층,화장실,장애인화장실(남),"B1층 5,6번 출입구 방향"
S1_5_0124,5호선,답십리,B1,-1,지하 1층,화장실,장애인화장실(여),"B1층 5,6번 출입구 방향"
S1_5_0124,5호선,답십리,B2,-2,지하 2층,대합실,대합실,
S1_5_0124,5호선,답십리,B2,-2,지하 2층,엘리베이터,일반승강기,[4호기]6번출구측
S1_5_0124,5호선,답십리,B2,-2,지하 2층,엘리베이터,일반승강기,[3호기]2번출구측
S1_5_0124,5호선,답십리,B2,-2,지하 2층,엘리베이터,일반승강기,[2호기]장한평방면5-1
S1_5_0124,5호선,답십리,B2,-2,지하 2층,엘리베이터,일반승강기,[1호기]마장방면4-4
S1_5_0124,5호선,답십리,B2,-2,지하 2층,휠체어리프트,휠체어리프트,대합실
S1_5_0124,5호선,답십리,B2,-2,지하 2층,전동휠체어충전설비,전동휠체어충전설비,B2층 E/L4호기 진입로 입구 우측
S1_5_0124,5호선,답십리,B2,-2,지하 2층,고객센터,고객센터,B2층 대합실
S1_5_0124,5호선,답십리,B2,-2,지하 2층,수유실,수유실,B2 고객안전실 인접
S1_5_0124,5호선,답십리,B3,-3,지하 3층,엘리베이터,일반승강기,[1호기]마장방면4-4
S1_5_0124,5호선,답십리,B3,-3,지하 3층,엘리베이터,일반승강기,[2호기]장한평방면5-1
S1_5_0124,5호선,답십리,B3,-3,지하 3층,승강장,5호선 승강장 (마장 방면),상대식
S1_5_0124,5호선,답십리,B3,-3,지하 3층,승강장,5호선 승강장 (장한평 방면),상대식
S1_5_0505,5호선,장한평,1F,1,지상 1층,엘리베이터,일반승강기,[3호기]1번출구측
S1_5_0505,5호선,장한평,1F,1,지상 1층,엘리베이터,일반승강기,"[2호기]7,8번출구사이"
S1_5_0505,5호선,장한평,1F,1,지상 1층,출입구,1번 출입구,교통약자 동선 연결
S1_5_0505,5호선,장한평,1F,1,지상 1층,출입구,7번 출입구,교통약자 동선 연결
S1_5_0505,5호선,장한평,1F,1,지상 1층,출입구,8번 출입구,
S1_5_0505,5호선,장한평,B1,-1,지하 1층,엘리베이터,일반승강기,[3호기](F1-B2)1번 출입구
S1_5_0505,5호선,장한평,B1,-1,지하 1층,엘리베이터,일반승강기,"[2호기](F1-B2)7,8번 출입구"
S1_5_0505,5호선,장한평,B1,-1,지하 1층,화장실,일반화장실(남),지하 1층 1번출입구 나가기전좌측방향
S1_5_0505,5호선,장한평,B1,-1,지하 1층,화장실,일반화장실(여),지하 1층 1번출입구 나가기전좌측방향
S1_5_0505,5호선,장한평,B1,-1,지하 1층,화장실,장애인화장실(남),지하 1층 1번출입구 나가기전좌측방향
S1_5_0505,5호선,장한평,B1,-1,지하 1층,화장실,장애인화장실(여),지하 1층 1번출입구 나가기전좌측방향
S1_5_0505,5호선,장한평,B2,-2,지하 2층,대합실,대합실,
S1_5_0505,5호선,장한평,B2,-2,지하 2층,개찰구,표 내는 곳,
S1_5_0505,5호선,장한평,B2,-2,지하 2층,엘리베이터,일반승강기,[3호기]1번출구측
S1_5_0505,5호선,장한평,B2,-2,지하 2층,엘리베이터,일반승강기,"[2호기]7,8번출구사이"
S1_5_0505,5호선,장한평,B2,-2,지하 2층,엘리베이터,일반승강기,"[1호기]답십리방면4-2,군자방면5-2"
S1_5_0505,5호선,장한평,B2,-2,지하 2층,휠체어리프트,휠체어리프트,대합실
S1_5_0505,5호선,장한평,B2,-2,지하 2층,전동휠체어충전설비,전동휠체어충전설비,지하2층 E/L 1호기 옆 5m 지점
S1_5_0505,5호선,장한평,B2,-2,지하 2층,고객센터,고객센터,B2층 대합실
S1_5_0505,5호선,장한평,B3,-3,지하 3층,엘리베이터,일반승강기,"[1호기]답십리방면4-2,군자방면5-2"
S1_5_0505,5호선,장한평,B3,-3,지하 3층,승강장,5호선 승강장 (답십리 방면),섬식
S1_5_0505,5호선,장한평,B3,-3,지하 3층,승강장,5호선 승강장 (군자 방면),섬식
S1_5_0082,5호선,군자,1F,1,지상 1층,엘리베이터,일반승강기,[3호기]4번출구측
S1_5_0082,5호선,군자,1F,1,지상 1층,출입구,4번 출입구,교통약자 동선 연결
S1_5_0082,5호선,군자,1F,1,지상 1층,출입구,7번 출입구,교통약자 동선 연결
S1_5_0082,5호선,군자,B1,-1,지하 1층,대합실,대합실,
S1_5_0082,5호선,군자,B1,-1,지하 1층,개찰구,표 내는 곳,
S1_5_0082,5호선,군자,B1,-1,지하 1층,엘리베이터,일반승강기,[3호기]4번출구측
S1_5_0082,5호선,군자,B1,-1,지하 1층,엘리베이터,일반승강기,"[2호기]장한평방면4-3,아차산방면5-1"
S1_5_0082,5호선,군자,B1,-1,지하 1층,엘리베이터,일반승강기,"[1호기]장한평방면5-3,아차산방면4-1"
S1_5_0082,5호선,군자,B1,-1,지하 1층,화장실,일반화장실(남),지하1층 대합실 5 표 내는 곳(가) 앞
S1_5_0082,5호선,군자,B1,-1,지하 1층,화장실,일반화장실(여),지하1층 대합실 5 표 내는 곳(가) 앞
S1_5_0082,5호선,군자,B1,-1,지하 1층,화장실,장애인화장실(남),지하1층 대합실 5 표 내는 곳(가) 앞
S1_5_0082,5호선,군자,B1,-1,지하 1층,화장실,장애인화장실(여),지하1층 대합실 5 표 내는 곳(가) 앞
S1_5_0082,5호선,군자,B1,-1,지하 1층,고객센터,고객센터,B1층 대합실
S1_5_0082,5호선,군자,B1,-1,지하 1층,수유실,수유실,B1 고객안전실 내부
S1_5_0082,5호선,군자,B2,-2,지하 2층,엘리베이터,일반승강기,[1호기](B1-B3) 승강장
S1_5_0082,5호선,군자,B2,-2,지하 2층,엘리베이터,일반승강기,[2호기](B1-B3) 승강장
S1_5_0082,5호선,군자,B2,-2,지하 2층,승강장,5호선 승강장 (장한평 방면),섬식
S1_5_0082,5호선,군자,B2,-2,지하 2층,승강장,5호선 승강장 (아차산 방면),섬식
S1_5_0082,5호선,군자,B3,-3,지하 3층,엘리베이터,일반승강기,"[2호기]장한평방면4-3,아차산방면5-1"
S1_5_0082,5호선,군자,B3,-3,지하 3층,엘리베이터,일반승강기,"[1호기]장한평방면5-3,아차산방면4-1"
S1_5_0082,5호선,군자,B3,-3,지하 3층,환승승강장,7호선 승강장 (중곡 방면),7호선
S1_5_0082,5호선,군자,B3,-3,지하 3층,환승승강장,7호선 승강장 (어린이대공원 방면),7호선
S1_5_0385,5호선,아차산,1F,1,지상 1층,엘리베이터,일반승강기,[3호기]3번출구측
S1_5_0385,5호선,아차산,1F,1,지상 1층,출입구,3번 출입구,
S1_5_0385,5호선,아차산,1F,1,지상 1층,출입구,4번 출입구,교통약자 동선 연결
S1_5_0385,5호선,아차산,B1,-1,지하 1층,대합실,대합실,
S1_5_0385,5호선,아차산,B1,-1,지하 1층,개찰구,표 내는 곳,
S1_5_0385,5호선,아차산,B1,-1,지하 1층,엘리베이터,일반승강기,[3호기]3번출구측
S1_5_0385,5호선,아차산,B1,-1,지하 1층,엘리베이터,일반승강기,[2호기]광나루방면3-4
S1_5_0385,5호선,아차산,B1,-1,지하 1층,엘리베이터,일반승강기,[1호기]군자방면6-1
S1_5_0385,5호선,아차산,B1,-1,지하 1층,전동휠체어충전설비,전동휠체어충전설비,지하1층 대합실 지상부 E/L 옆
S1_5_0385,5호선,아차산,B1,-1,지하 1층,화장실,일반화장실(남),지하1층 대합실
S1_5_0385,5호선,아차산,B1,-1,지하 1층,화장실,일반화장실(여),지하1층 대합실
S1_5_0385,5호선,아차산,B1,-1,지하 1층,화장실,장애인화장실(남),지하1층 대합실
S1_5_0385,5호선,아차산,B1,-1,지하 1층,화장실,장애인화장실(여),지하1층 대합실
S1_5_0385,5호선,아차산,B2,-2,지하 2층,엘리베이터,일반승강기,[2호기](B1-B3) 승강장
S1_5_0385,5호선,아차산,B2,-2,지하 2층,엘리베이터,일반승강기,[1호기](B1-B3) 승강장
S1_5_0385,5호선,아차산,B2,-2,지하 2층,고객센터,고객센터,B2층 대합실
S1_5_0385,5호선,아차산,B2,-2,지하 2층,수유실,수유실,B2 고객안전실 내부
S1_5_0385,5호선,아차산,B3,-3,지하 3층,엘리베이터,일반승강기,[2호기]광나루방면3-4
S1_5_0385,5호선,아차산,B3,-3,지하 3층,엘리베이터,일반승강기,[1호기]군자방면6-1
S1_5_0385,5호선,아차산,B3,-3,지하 3층,승강장,5호선 승강장 (군자 방면),상대식
S1_5_0385,5호선,아차산,B3,-3,지하 3층,승강장,5호선 승강장 (광나루 방면),상대식
S1_5_0062,5호선,광나루,1F,1,지상 1층,엘리베이터,일반승강기,[4호기]3번출구측
S1_5_0062,5호선,광나루,1F,1,지상 1층,엘리베이터,일반승강기,[3호기]1번출구측
S1_5_0062,5호선,광나루,1F,1,지상 1층,출입구,1번 출입구,교통약자 동선 연결
S1_5_0062,5호선,광나루,1F,1,지상 1층,출입구,3번 출입구,
S1_5_0062,5호선,광나루,B1,-1,지하 1층,엘리베이터,일반승강기,[4호기]3번출구측
S1_5_0062,5호선,광나루,B1,-1,지하 1층,엘리베이터,일반승강기,[3호기](F1-B2)1번 출입구
S1_5_0062,5호선,광나루,B1,-1,지하 1층,화장실,일반화장실(남),지하1층
S1_5_0062,5호선,광나루,B1,-1,지하 1층,화장실,일반화장실(여),지하1층
S1_5_0062,5호선,광나루,B1,-1,지하 1층,화장실,장애인화장실(남),지하1층
S1_5_0062,5호선,광나루,B1,-1,지하 1층,화장실,장애인화장실(여),지하1층
S1_5_0062,5호선,광나루,B2,-2,지하 2층,대합실,대합실,
S1_5_0062,5호선,광나루,B2,-2,지하 2층,개찰구,표 내는 곳,
S1_5_0062,5호선,광나루,B2,-2,지하 2층,엘리베이터,일반승강기,[3호기]1번출구측
S1_5_0062,5호선,광나루,B2,-2,지하 2층,엘리베이터,일반승강기,[1호기]아차산방면5-1
S1_5_0062,5호선,광나루,B2,-2,지하 2층,엘리베이터,일반승강기,[2호기]천호방면4-4
S1_5_0062,5호선,광나루,B2,-2,지하 2층,휠체어리프트,휠체어리프트,대합실
S1_5_0062,5호선,광나루,B2,-2,지하 2층,전동휠체어충전설비,전동휠체어충전설비,지하2층 대합실 게이트 옆
S1_5_0062,5호선,광나루,B2,-2,지하 2층,고객센터,고객센터,B2층 대합실
S1_5_0062,5호선,광나루,B3,-3,지하 3층,엘리베이터,일반승강기,[2호기]천호방면4-4
S1_5_0062,5호선,광나루,B3,-3,지하 3층,엘리베이터,일반승강기,[1호기]아차산방면5-1
S1_5_0062,5호선,광나루,B3,-3,지하 3층,승강장,5호선 승강장 (아차산 방면),상대식
S1_5_0062,5호선,광나루,B3,-3,지하 3층,승강장,5호선 승강장 (천호 방면),상대식
S1_5_0546,5호선,천호,1F,1,지상 1층,엘리베이터,일반승강기,"[1호기]6,7번출구사이"
S1_5_0546,5호선,천호,1F,1,지상 1층,출입구,6번 출입구,교통약자 동선 연결
S1_5_0546,5호선,천호,1F,1,지상 1층,출입구,7번 출입구,
S1_5_0546,5호선,천호,0F,0,지상 0층,엘리베이터,일반승강기,"[1호기]6,7번출구사이"
S1_5_0546,5호선,천호,B1,-1,지하 1층,대합실,대합실,
S1_5_0546,5호선,천호,B1,-1,지하 1층,개찰구,표 내는 곳,
S1_5_0546,5호선,천호,B1,-1,지하 1층,엘리베이터,일반승강기,[2호기]광나루방면4-4
S1_5_0546,5호선,천호,B1,-1,지하 1층,화장실,일반화장실(남),"지하1층 대합실(5,6번출입구 방향)"
S1_5_0546,5호선,천호,B1,-1,지하 1층,화장실,일반화장실(여),"지하1층 대합실(5,6번출입구 방향)"
S1_5_0546,5호선,천호,B1,-1,지하 1층,화장실,장애인화장실(남),"지하1층 대합실(5,6번출입구 방향)"
S1_5_0546,5호선,천호,B1,-1,지하 1층,화장실,장애인화장실(여),"지하1층 대합실(5,6번출입구 방향)"
S1_5_0546,5호선,천호,B1,-1,지하 1층,고객센터,고객센터,B1층 대합실
S1_5_0546,5호선,천호,B1,-1,지하 1층,수유실,수유실,B1 고객안전실 내부
S1_5_0546,5호선,천호,B2,-2,지하 2층,대합실,대합실,
S1_5_0546,5호선,천호,B2,-2,지하 2층,엘리베이터,일반승강기,[2호기](B1-B3) 승강장
S1_5_0546,5호선,천호,B2,-2,지하 2층,엘리베이터,일반승강기,[4호기]강동방면3-4
S1_5_0546,5호선,천호,B2,-2,지하 2층,엘리베이터,일반승강기,[3호기]광나루방면6-1
S1_5_0546,5호선,천호,B2,-2,지하 2층,환승승강장,8호선 승강장 (암사 방면),8호선
S1_5_0546,5호선,천호,B2,-2,지하 2층,환승승강장,8호선 승강장 (강동구청 방면),8호선
S1_5_0546,5호선,천호,B3,-3,지하 3층,엘리베이터,일반승강기,[3호기]광나루방면6-1
S1_5_0546,5호선,천호,B3,-3,지하 3층,엘리베이터,일반승강기,[2호기]광나루방면4-4
S1_5_0546,5호선,천호,B3,-3,지하 3층,엘리베이터,일반승강기,[4호기]강동방면3-4
S1_5_0546,5호선,천호,B3,-3,지하 3층,승강장,5호선 승강장 (광나루 방면),상대식
S1_5_0546,5호선,천호,B3,-3,지하 3층,승강장,5호선 승강장 (강동 방면),상대식
S1_5_0020,5호선,강동,1F,1,지상 1층,엘리베이터,일반승강기,[2호기]1번출구측
S1_5_0020,5호선,강동,1F,1,지상 1층,출입구,1번 출입구,교통약자 동선 연결
S1_5_0020,5호선,강동,1F,1,지상 1층,출입구,2번 출입구,
S1_5_0020,5호선,강동,1F,1,지상 1층,출입구,2-1번 출입구,교통약자 동선 연결
S1_5_0020,5호선,강동,B1,-1,지하 1층,대합실,대합실,
S1_5_0020,5호선,강동,B1,-1,지하 1층,엘리베이터,일반승강기,[2호기](F1-B3)1번 출입구
S1_5_0020,5호선,강동,B1,-1,지하 1층,화장실,일반화장실(남),대합실 지하1층 2번출입구 앞 
S1_5_0020,5호선,강동,B1,-1,지하 1층,화장실,일반화장실(여),대합실 지하1층 2번출입구 앞 
S1_5_0020,5호선,강동,B1,-1,지하 1층,화장실,장애인화장실(남),대합실 지하1층 2번출입구 앞 
S1_5_0020,5호선,강동,B1,-1,지하 1층,화장실,장애인화장실(여),대합실 지하1층 2번출입구 앞 
S1_5_0020,5호선,강동,B2,-2,지하 2층,엘리베이터,일반승강기,[2호기](F1-B3)1번 출입구
S1_5_0020,5호선,강동,B3,-3,지하 3층,대합실,대합실,
S1_5_0020,5호선,강동,B3,-3,지하 3층,개찰구,표 내는 곳,
S1_5_0020,5호선,강동,B3,-3,지하 3층,엘리베이터,일반승강기,[2호기]1번출구측
S1_5_0020,5호선,강동,B3,-3,지하 3층,엘리베이터,일반승강기,[1호기]둔촌동방면8-3
S1_5_0020,5호선,강동,B3,-3,지하 3층,엘리베이터,일반승강기,[3호기]천호방면1-2
S1_5_0020,5호선,강동,B3,-3,지하 3층,고객센터,고객센터,B3층 대합실
S1_5_0020,5호선,강동,B3,-3,지하 3층,수유실,수유실,B3 고객안전실 내부
S1_5_0020,5호선,강동,B4,-4,지하 4층,엘리베이터,일반승강기,[3호기]천호방면1-2
S1_5_0020,5호선,강동,B4,-4,지하 4층,엘리베이터,일반승강기,[1호기]둔촌동방면8-3
S1_5_0020,5호선,강동,B4,-4,지하 4층,승강장,5호선 승강장 (천호 방면),1섬 1상대식
S1_5_0020,5호선,강동,B4,-4,지하 4층,승강장,5호선 승강장 (길동·둔촌동 방면),1섬 1상대식
S1_5_0095,5호선,길동,1F,1,지상 1층,출입구,1번 출입구,교통약자 동선 연결
S1_5_0095,5호선,길동,1F,1,지상 1층,출입구,3번 출입구,
S1_5_0095,5호선,길동,0F,0,지상 0층,엘리베이터,일반승강기,[3호기]대합실(B2-B1)
S1_5_0095,5호선,길동,B1,-1,지하 1층,대합실,대합실,
S1_5_0095,5호선,길동,B1,-1,지하 1층,엘리베이터,일반승강기,[3호기]대합실(B2-B1)
S1_5_0095,5호선,길동,B1,-1,지하 1층,화장실,일반화장실(남),대합실 지하1층 3번 출입구 옆
S1_5_0095,5호선,길동,B1,-1,지하 1층,화장실,일반화장실(여),대합실 지하1층 3번 출입구 옆
S1_5_0095,5호선,길동,B1,-1,지하 1층,화장실,장애인화장실(남),대합실 지하1층 3번 출입구 옆
S1_5_0095,5호선,길동,B1,-1,지하 1층,화장실,장애인화장실(여),대합실 지하1층 3번 출입구 옆
S1_5_0095,5호선,길동,B2,-2,지하 2층,대합실,대합실,
S1_5_0095,5호선,길동,B2,-2,지하 2층,개찰구,표 내는 곳,
S1_5_0095,5호선,길동,B2,-2,지하 2층,엘리베이터,일반승강기,[1호기]강동방면5-1
S1_5_0095,5호선,길동,B2,-2,지하 2층,엘리베이터,일반승강기,[2호기]굽은다리방면4-4
S1_5_0095,5호선,길동,B2,-2,지하 2층,고객센터,고객센터,B2층 대합실
S1_5_0095,5호선,길동,B3,-3,지하 3층,엘리베이터,일반승강기,[2호기]굽은다리방면4-4
S1_5_0095,5호선,길동,B3,-3,지하 3층,엘리베이터,일반승강기,[1호기]강동방면5-1
S1_5_0095,5호선,길동,B3,-3,지하 3층,승강장,5호선 승강장 (강동 방면),상대식
S1_5_0095,5호선,길동,B3,-3,지하 3층,승강장,5호선 승강장 (굽은다리 방면),상대식
S1_5_0086,5호선,굽은다리,1F,1,지상 1층,엘리베이터,일반승강기,[3호기]2번출구측
S1_5_0086,5호선,굽은다리,1F,1,지상 1층,출입구,1번 출입구,교통약자 동선 연결
S1_5_0086,5호선,굽은다리,1F,1,지상 1층,출입구,2번 출입구,
S1_5_0086,5호선,굽은다리,1F,1,지상 1층,출입구,3번 출입구,
S1_5_0086,5호선,굽은다리,B1,-1,지하 1층,대합실,대합실,
S1_5_0086,5호선,굽은다리,B1,-1,지하 1층,개찰구,표 내는 곳,
S1_5_0086,5호선,굽은다리,B1,-1,지하 1층,엘리베이터,일반승강기,[3호기]2번출구측
S1_5_0086,5호선,굽은다리,B1,-1,지하 1층,엘리베이터,일반승강기,"[2호기]명일방면3-2,3-3사이"
S1_5_0086,5호선,굽은다리,B1,-1,지하 1층,엘리베이터,일반승강기,[1호기]길동방면6-3
S1_5_0086,5호선,굽은다리,B1,-1,지하 1층,화장실,일반화장실(남),대합실 지하1층 3번출입구 앞
S1_5_0086,5호선,굽은다리,B1,-1,지하 1층,화장실,일반화장실(여),대합실 지하1층 3번출입구 앞
S1_5_0086,5호선,굽은다리,B1,-1,지하 1층,화장실,장애인화장실(남),대합실 지하1층 3번출입구 앞
S1_5_0086,5호선,굽은다리,B1,-1,지하 1층,화장실,장애인화장실(여),대합실 지하1층 3번출입구 앞
S1_5_0086,5호선,굽은다리,B1,-1,지하 1층,고객센터,고객센터,B1층 대합실
S1_5_0086,5호선,굽은다리,B2,-2,지하 2층,엘리베이터,일반승강기,[1호기]길동방면6-3
S1_5_0086,5호선,굽은다리,B2,-2,지하 2층,엘리베이터,일반승강기,"[2호기]명일방면3-2,3-3사이"
S1_5_0086,5호선,굽은다리,B2,-2,지하 2층,승강장,5호선 승강장 (길동 방면),상대식
S1_5_0086,5호선,굽은다리,B2,-2,지하 2층,승강장,5호선 승강장 (명일 방면),상대식
S1_5_0198,5호선,명일,1F,1,지상 1층,엘리베이터,일반승강기,"[3호기]3,4번출구사이"
S1_5_0198,5호선,명일,1F,1,지상 1층,출입구,3번 출입구,교통약자 동선 연결
S1_5_0198,5호선,명일,1F,1,지상 1층,출입구,4번 출입구,
S1_5_0198,5호선,명일,B1,-1,지하 1층,대합실,대합실,
S1_5_0198,5호선,명일,B1,-1,지하 1층,개찰구,표 내는 곳,
S1_5_0198,5호선,명일,B1,-1,지하 1층,엘리베이터,일반승강기,"[3호기]3,4번출구사이"
S1_5_0198,5호선,명일,B1,-1,지하 1층,엘리베이터,일반승강기,"[2호기]고덕방면4-3,4-4사이"
S1_5_0198,5호선,명일,B1,-1,지하 1층,엘리베이터,일반승강기,[1호기]굽은다리방면5-2
S1_5_0198,5호선,명일,B1,-1,지하 1층,화장실,일반화장실(남),대합실 지하1층 3번출입구 앞 
S1_5_0198,5호선,명일,B1,-1,지하 1층,화장실,일반화장실(여),대합실 지하1층 3번출입구 앞 
S1_5_0198,5호선,명일,B1,-1,지하 1층,화장실,장애인화장실(남),대합실 지하1층 3번출입구 앞 
S1_5_0198,5호선,명일,B1,-1,지하 1층,화장실,장애인화장실(여),대합실 지하1층 3번출입구 앞 
S1_5_0198,5호선,명일,B1,-1,지하 1층,고객센터,고객센터,B1층 대합실
S1_5_0198,5호선,명일,B2,-2,지하 2층,엘리베이터,일반승강기,[1호기]굽은다리방면5-2
S1_5_0198,5호선,명일,B2,-2,지하 2층,엘리베이터,일반승강기,"[2호기]고덕방면4-3,4-4사이"
S1_5_0198,5호선,명일,B2,-2,지하 2층,승강장,5호선 승강장 (굽은다리 방면),상대식
S1_5_0198,5호선,명일,B2,-2,지하 2층,승강장,5호선 승강장 (고덕 방면),상대식
S1_5_0046,5호선,고덕,1F,1,지상 1층,엘리베이터,일반승강기,"[4호기]4,5번출구사이"
S1_5_0046,5호선,고덕,1F,1,지상 1층,엘리베이터,일반승강기,[3호기]2번출구측(역사화장실앞)
S1_5_0046,5호선,고덕,1F,1,지상 1층,출입구,1번 출입구,
S1_5_0046,5호선,고덕,1F,1,지상 1층,출입구,2번 출입구,교통약자 동선 연결
S1_5_0046,5호선,고덕,1F,1,지상 1층,출입구,5번 출입구,교통약자 동선 연결
S1_5_0046,5호선,고덕,B1,-1,지하 1층,대합실,대합실,
S1_5_0046,5호선,고덕,B1,-1,지하 1층,엘리베이터,일반승강기,"[4호기]4,5번출구사이"
S1_5_0046,5호선,고덕,B1,-1,지하 1층,엘리베이터,일반승강기,[3호기]2번출구측(역사화장실앞)
S1_5_0046,5호선,고덕,B1,-1,지하 1층,엘리베이터,일반승강기,[2호기]상일동방면6-1
S1_5_0046,5호선,고덕,B1,-1,지하 1층,엘리베이터,일반승강기,[1호기]명일방면4-1
S1_5_0046,5호선,고덕,B1,-1,지하 1층,화장실,일반화장실(남),대합실 지하1층 1번 출입구 방향
S1_5_0046,5호선,고덕,B1,-1,지하 1층,화장실,일반화장실(여),대합실 지하1층 1번 출입구 방향
S1_5_0046,5호선,고덕,B1,-1,지하 1층,화장실,장애인화장실(남),대합실 지하1층 1번 출입구 방향
S1_5_0046,5호선,고덕,B1,-1,지하 1층,화장실,장애인화장실(여),대합실 지하1층 1번 출입구 방향
S1_5_0046,5호선,고덕,B1,-1,지하 1층,고객센터,고객센터,B1층 대합실
S1_5_0046,5호선,고덕,B1,-1,지하 1층,수유실,수유실,B1 고객안전실 인접
S1_5_0046,5호선,고덕,B2,-2,지하 2층,엘리베이터,일반승강기,[1호기]명일방면4-1
S1_5_0046,5호선,고덕,B2,-2,지하 2층,엘리베이터,일반승강기,[2호기]상일동방면6-1
S1_5_0046,5호선,고덕,B2,-2,지하 2층,승강장,5호선 승강장 (명일 방면),상대식
S1_5_0046,5호선,고덕,B2,-2,지하 2층,승강장,5호선 승강장 (상일동 방면),상대식
S1_5_0281,5호선,상일동,1F,1,지상 1층,엘리베이터,일반승강기,"[1호기]1,2번출구사이"
S1_5_0281,5호선,상일동,1F,1,지상 1층,엘리베이터,일반승강기,"[4호기]7,8번출구사이"
S1_5_0281,5호선,상일동,1F,1,지상 1층,엘리베이터,일반승강기,"[3호기]5,6번출구사이"
S1_5_0281,5호선,상일동,1F,1,지상 1층,엘리베이터,일반승강기,"[2호기]3,4번출구사이"
S1_5_0281,5호선,상일동,1F,1,지상 1층,출입구,1번 출입구,교통약자 동선 연결
S1_5_0281,5호선,상일동,1F,1,지상 1층,출입구,2번 출입구,
S1_5_0281,5호선,상일동,1F,1,지상 1층,출입구,3번 출입구,
S1_5_0281,5호선,상일동,1F,1,지상 1층,출입구,4번 출입구,교통약자 동선 연결
S1_5_0281,5호선,상일동,1F,1,지상 1층,출입구,6번 출입구,교통약자 동선 연결
S1_5_0281,5호선,상일동,1F,1,지상 1층,출입구,7번 출입구,교통약자 동선 연결
S1_5_0281,5호선,상일동,1F,1,지상 1층,출입구,8번 출입구,
S1_5_0281,5호선,상일동,B1,-1,지하 1층,대합실,대합실,
S1_5_0281,5호선,상일동,B1,-1,지하 1층,개찰구,표 내는 곳,
S1_5_0281,5호선,상일동,B1,-1,지하 1층,엘리베이터,일반승강기,"[1호기]1,2번출구사이"
S1_5_0281,5호선,상일동,B1,-1,지하 1층,엘리베이터,일반승강기,"[2호기]3,4번출구사이"
S1_5_0281,5호선,상일동,B1,-1,지하 1층,엘리베이터,일반승강기,"[3호기]5,6번출구사이"
S1_5_0281,5호선,상일동,B1,-1,지하 1층,엘리베이터,일반승강기,"[4호기]7,8번출구사이"
S1_5_0281,5호선,상일동,B1,-1,지하 1층,엘리베이터,일반승강기,[5호기]고덕방면(6-1)
S1_5_0281,5호선,상일동,B1,-1,지하 1층,엘리베이터,일반승강기,[6호기]강일방면(3-4)
S1_5_0281,5호선,상일동,B1,-1,지하 1층,엘리베이터,일반승강기,[1호기](F1-B1)1번 출입구
S1_5_0281,5호선,상일동,B1,-1,지하 1층,엘리베이터,일반승강기,[2호기](F1-B1)3번 출입구
S1_5_0281,5호선,상일동,B1,-1,지하 1층,엘리베이터,일반승강기,[4호기](B1-F1) (1F) 8번출입구 옆 엘리베이터
S1_5_0281,5호선,상일동,B1,-1,지하 1층,화장실,일반화장실(남),대합실 지하1층 7번출입구 앞
S1_5_0281,5호선,상일동,B1,-1,지하 1층,화장실,일반화장실(여),대합실 지하1층 7번출입구 앞
S1_5_0281,5호선,상일동,B1,-1,지하 1층,화장실,장애인화장실(남),대합실 지하1층 7번출입구 앞
S1_5_0281,5호선,상일동,B1,-1,지하 1층,화장실,장애인화장실(여),대합실 지하1층 7번출입구 앞
S1_5_0281,5호선,상일동,B1,-1,지하 1층,고객센터,고객센터,B1층 대합실
S1_5_0281,5호선,상일동,B2,-2,지하 2층,엘리베이터,일반승강기,[5호기]고덕방면(6-1)
S1_5_0281,5호선,상일동,B2,-2,지하 2층,엘리베이터,일반승강기,[6호기]강일방면(3-4)
S1_5_0281,5호선,상일동,B2,-2,지하 2층,승강장,5호선 승강장 (고덕 방면),1섬 1상대식
S1_5_0281,5호선,상일동,B2,-2,지하 2층,승강장,5호선 승강장 (강일 방면),1섬 1상대식
S1_5_0436,5호선,강일,1F,1,지상 1층,엘리베이터,일반승강기,[5호기]1번출구측
S1_5_0436,5호선,강일,1F,1,지상 1층,엘리베이터,일반승강기,[8호기]4번출구측
S1_5_0436,5호선,강일,1F,1,지상 1층,엘리베이터,일반승강기,[7호기]3번출구측
S1_5_0436,5호선,강일,1F,1,지상 1층,엘리베이터,일반승강기,[6호기]2번출구측
S1_5_0436,5호선,강일,1F,1,지상 1층,출입구,1번 출입구,교통약자 동선 연결
S1_5_0436,5호선,강일,1F,1,지상 1층,출입구,2번 출입구,교통약자 동선 연결
S1_5_0436,5호선,강일,1F,1,지상 1층,출입구,3번 출입구,교통약자 동선 연결
S1_5_0436,5호선,강일,1F,1,지상 1층,출입구,4번 출입구,교통약자 동선 연결
S1_5_0436,5호선,강일,B1,-1,지하 1층,엘리베이터,일반승강기,[5호기](B2-F1)1번 출입구
S1_5_0436,5호선,강일,B1,-1,지하 1층,엘리베이터,일반승강기,[7호기](B2-F1)3번 출입구
S1_5_0436,5호선,강일,B1,-1,지하 1층,엘리베이터,일반승강기,[8호기](B2-F1)4번 출입구
S1_5_0436,5호선,강일,B1,-1,지하 1층,엘리베이터,일반승강기,[4호기]미사방면1-2
S1_5_0436,5호선,강일,B1,-1,지하 1층,엘리베이터,일반승강기,[3호기]상일동방면8-3
S1_5_0436,5호선,강일,B2,-2,지하 2층,대합실,대합실,
S1_5_0436,5호선,강일,B2,-2,지하 2층,개찰구,표 내는 곳,
S1_5_0436,5호선,강일,B2,-2,지하 2층,엘리베이터,일반승강기,[7호기]3번출구측
S1_5_0436,5호선,강일,B2,-2,지하 2층,엘리베이터,일반승강기,[6호기]2번출구측
S1_5_0436,5호선,강일,B2,-2,지하 2층,엘리베이터,일반승강기,[5호기]1번출구측
S1_5_0436,5호선,강일,B2,-2,지하 2층,엘리베이터,일반승강기,[8호기]4번출구측
S1_5_0436,5호선,강일,B2,-2,지하 2층,엘리베이터,일반승강기,[4호기](B3-B1) 승강장
S1_5_0436,5호선,강일,B2,-2,지하 2층,엘리베이터,일반승강기,[3호기](B3-B1) 승강장
S1_5_0436,5호선,강일,B2,-2,지하 2층,엘리베이터,일반승강기,[2호기]미사방면8-3
S1_5_0436,5호선,강일,B2,-2,지하 2층,엘리베이터,일반승강기,[1호기]상일동방면1-2
S1_5_0436,5호선,강일,B2,-2,지하 2층,화장실,일반화장실(남),대합실 지하2층 3번출입구측
S1_5_0436,5호선,강일,B2,-2,지하 2층,화장실,일반화장실(남),대합실 지하2층 4번출입구측
S1_5_0436,5호선,강일,B2,-2,지하 2층,화장실,일반화장실(여),대합실 지하2층 3번출입구측
S1_5_0436,5호선,강일,B2,-2,지하 2층,화장실,일반화장실(여),대합실 지하2층 4번출입구측
S1_5_0436,5호선,강일,B2,-2,지하 2층,화장실,장애인화장실(남),대합실 지하2층 4번출입구측
S1_5_0436,5호선,강일,B2,-2,지하 2층,화장실,장애인화장실(남),대합실 지하2층 3번출입구측
S1_5_0436,5호선,강일,B2,-2,지하 2층,화장실,장애인화장실(여),대합실 지하2층 3번출입구측
S1_5_0436,5호선,강일,B2,-2,지하 2층,화장실,장애인화장실(여),대합실 지하2층 4번출입구측
S1_5_0436,5호선,강일,B2,-2,지하 2층,고객센터,고객센터,B2층 대합실
S1_5_0436,5호선,강일,B2,-2,지하 2층,수유실,수유실,B2 (나)고객안전실 인접
S1_5_0436,5호선,강일,B3,-3,지하 3층,엘리베이터,일반승강기,[3호기]상일동방면8-3
S1_5_0436,5호선,강일,B3,-3,지하 3층,엘리베이터,일반승강기,[2호기]미사방면8-3
S1_5_0436,5호선,강일,B3,-3,지하 3층,엘리베이터,일반승강기,[1호기]상일동방면1-2
S1_5_0436,5호선,강일,B3,-3,지하 3층,엘리베이터,일반승강기,[4호기]미사방면1-2
S1_5_0436,5호선,강일,B3,-3,지하 3층,승강장,5호선 승강장 (상일동 방면),상대식
S1_5_0436,5호선,강일,B3,-3,지하 3층,승강장,5호선 승강장 (미사 방면),상대식
S1_5_0475,5호선,미사,1F,1,지상 1층,엘리베이터,일반승강기,[4호기]6번출구측
S1_5_0475,5호선,미사,1F,1,지상 1층,엘리베이터,일반승강기,[3호기]1번출구측
S1_5_0475,5호선,미사,1F,1,지상 1층,출입구,1번 출입구,교통약자 동선 연결
S1_5_0475,5호선,미사,1F,1,지상 1층,출입구,5번 출입구,
S1_5_0475,5호선,미사,1F,1,지상 1층,출입구,6번 출입구,교통약자 동선 연결
S1_5_0475,5호선,미사,B1,-1,지하 1층,대합실,대합실,
S1_5_0475,5호선,미사,B1,-1,지하 1층,개찰구,표 내는 곳,
S1_5_0475,5호선,미사,B1,-1,지하 1층,엘리베이터,일반승강기,[4호기]6번출구측
S1_5_0475,5호선,미사,B1,-1,지하 1층,엘리베이터,일반승강기,[3호기]1번출구측
S1_5_0475,5호선,미사,B1,-1,지하 1층,엘리베이터,일반승강기,[2호기]하남풍산방면5-1
S1_5_0475,5호선,미사,B1,-1,지하 1층,엘리베이터,일반승강기,[1호기]강일방면5-1
S1_5_0475,5호선,미사,B1,-1,지하 1층,화장실,일반화장실(남),대합실 지하1층 승강장 상선 내부계단옆
S1_5_0475,5호선,미사,B1,-1,지하 1층,화장실,일반화장실(남),대합실 지하1층 5번 출입구옆
S1_5_0475,5호선,미사,B1,-1,지하 1층,화장실,일반화장실(여),대합실 지하1층 승강장 상선 내부계단옆
S1_5_0475,5호선,미사,B1,-1,지하 1층,화장실,일반화장실(여),대합실 지하1층 5번 출입구옆
S1_5_0475,5호선,미사,B1,-1,지하 1층,화장실,장애인화장실(남),대합실 지하1층 5번 출입구옆
S1_5_0475,5호선,미사,B1,-1,지하 1층,화장실,장애인화장실(남),대합실 지하1층 승강장 상선 내부계단옆
S1_5_0475,5호선,미사,B1,-1,지하 1층,화장실,장애인화장실(여),대합실 지하1층 5번 출입구옆
S1_5_0475,5호선,미사,B1,-1,지하 1층,화장실,장애인화장실(여),대합실 지하1층 승강장 상선 내부계단옆
S1_5_0475,5호선,미사,B1,-1,지하 1층,고객센터,고객센터,B1층 대합실
S1_5_0475,5호선,미사,B1,-1,지하 1층,수유실,수유실,B1 고객안전실 앞
S1_5_0475,5호선,미사,B2,-2,지하 2층,엘리베이터,일반승강기,[1호기]강일방면5-1
S1_5_0475,5호선,미사,B2,-2,지하 2층,엘리베이터,일반승강기,[2호기]하남풍산방면5-1
S1_5_0475,5호선,미사,B2,-2,지하 2층,승강장,5호선 승강장 (강일 방면),상대식
S1_5_0475,5호선,미사,B2,-2,지하 2층,승강장,5호선 승강장 (하남풍산 방면),상대식
S1_5_0478,5호선,하남풍산,2F,2,지상 2층,엘리베이터,일반승강기,[3호기]1번출구측
S1_5_0478,5호선,하남풍산,1F,1,지상 1층,엘리베이터,일반승강기,[3호기]1번출구측
S1_5_0478,5호선,하남풍산,1F,1,지상 1층,엘리베이터,일반승강기,[5호기]7번출구측
S1_5_0478,5호선,하남풍산,1F,1,지상 1층,엘리베이터,일반승강기,[4호기]5번출구측
S1_5_0478,5호선,하남풍산,1F,1,지상 1층,출입구,1번 출입구,교통약자 동선 연결
S1_5_0478,5호선,하남풍산,1F,1,지상 1층,출입구,2번 출입구,
S1_5_0478,5호선,하남풍산,1F,1,지상 1층,출입구,5번 출입구,교통약자 동선 연결
S1_5_0478,5호선,하남풍산,1F,1,지상 1층,출입구,7번 출입구,
S1_5_0478,5호선,하남풍산,1F,1,지상 1층,출입구,8번 출입구,교통약자 동선 연결
S1_5_0478,5호선,하남풍산,B1,-1,지하 1층,대합실,대합실,
S1_5_0478,5호선,하남풍산,B1,-1,지하 1층,개찰구,표 내는 곳,
S1_5_0478,5호선,하남풍산,B1,-1,지하 1층,엘리베이터,일반승강기,[4호기]5번출구측
S1_5_0478,5호선,하남풍산,B1,-1,지하 1층,엘리베이터,일반승강기,[5호기]7번출구측
S1_5_0478,5호선,하남풍산,B1,-1,지하 1층,엘리베이터,일반승강기,[2호기]하남시청방면5-1
S1_5_0478,5호선,하남풍산,B1,-1,지하 1층,엘리베이터,일반승강기,[1호기]미사방면4-4
S1_5_0478,5호선,하남풍산,B1,-1,지하 1층,전동휠체어충전설비,전동휠체어충전설비,"지하1층 대합실 7,8번 출구방향"
S1_5_0478,5호선,하남풍산,B1,-1,지하 1층,화장실,일반화장실(남),"대합실 지하1층 1,2번 출입구 앞"
S1_5_0478,5호선,하남풍산,B1,-1,지하 1층,화장실,일반화장실(여),"대합실 지하1층 1,2번 출입구 앞"
S1_5_0478,5호선,하남풍산,B1,-1,지하 1층,화장실,장애인화장실(남),"대합실 지하1층 1,2번 출입구 앞"
S1_5_0478,5호선,하남풍산,B1,-1,지하 1층,화장실,장애인화장실(여),"대합실 지하1층 1,2번 출입구 앞"
S1_5_0478,5호선,하남풍산,B1,-1,지하 1층,고객센터,고객센터,B1층 대합실
S1_5_0478,5호선,하남풍산,B1,-1,지하 1층,수유실,수유실,B1 고객안전실 옆
S1_5_0478,5호선,하남풍산,B2,-2,지하 2층,엘리베이터,일반승강기,[1호기]미사방면4-4
S1_5_0478,5호선,하남풍산,B2,-2,지하 2층,엘리베이터,일반승강기,[2호기]하남시청방면5-1
S1_5_0478,5호선,하남풍산,B2,-2,지하 2층,승강장,5호선 승강장 (미사 방면),상대식
S1_5_0478,5호선,하남풍산,B2,-2,지하 2층,승강장,5호선 승강장 (하남시청 방면),상대식
S1_5_0482,5호선,하남시청,1F,1,지상 1층,엘리베이터,일반승강기,"[4호기]5,6번출구사이"
S1_5_0482,5호선,하남시청,1F,1,지상 1층,엘리베이터,일반승강기,[3호기]3번출구측
S1_5_0482,5호선,하남시청,1F,1,지상 1층,출입구,3번 출입구,교통약자 동선 연결
S1_5_0482,5호선,하남시청,1F,1,지상 1층,출입구,5번 출입구,교통약자 동선 연결
S1_5_0482,5호선,하남시청,1F,1,지상 1층,출입구,6번 출입구,
S1_5_0482,5호선,하남시청,B1,-1,지하 1층,대합실,대합실,
S1_5_0482,5호선,하남시청,B1,-1,지하 1층,개찰구,표 내는 곳,
S1_5_0482,5호선,하남시청,B1,-1,지하 1층,엘리베이터,일반승강기,[3호기](B2-F1)3번 출입구
S1_5_0482,5호선,하남시청,B1,-1,지하 1층,엘리베이터,일반승강기,[4호기](B2-F1)5번 출입구
S1_5_0482,5호선,하남시청,B1,-1,지하 1층,화장실,일반화장실(남),대합실 지하1층 #1~3출입구 앞
S1_5_0482,5호선,하남시청,B1,-1,지하 1층,화장실,일반화장실(여),대합실 지하1층 #1~3출입구 앞
S1_5_0482,5호선,하남시청,B1,-1,지하 1층,화장실,장애인화장실(남),대합실 지하1층 #1~3출입구 앞
S1_5_0482,5호선,하남시청,B1,-1,지하 1층,화장실,장애인화장실(여),대합실 지하1층 #1~3출입구 앞
S1_5_0482,5호선,하남시청,B1,-1,지하 1층,고객센터,고객센터,B1층 대합실
S1_5_0482,5호선,하남시청,B1,-1,지하 1층,수유실,수유실,B1 고객안전실 인접
S1_5_0482,5호선,하남시청,B2,-2,지하 2층,엘리베이터,일반승강기,[3호기]3번출구측
S1_5_0482,5호선,하남시청,B2,-2,지하 2층,엘리베이터,일반승강기,"[4호기]5,6번출구사이"
S1_5_0482,5호선,하남시청,B2,-2,지하 2층,엘리베이터,일반승강기,[2호기]하남검단산방면5-1
S1_5_0482,5호선,하남시청,B2,-2,지하 2층,엘리베이터,일반승강기,[1호기]하남풍산방면5-1
S1_5_0482,5호선,하남시청,B2,-2,지하 2층,승강장,5호선 승강장 (하남풍산 방면),상대식
S1_5_0482,5호선,하남시청,B2,-2,지하 2층,승강장,5호선 승강장 (하남검단산역 방면),상대식
S1_5_0482,5호선,하남시청,B3,-3,지하 3층,엘리베이터,일반승강기,[1호기]하남풍산방면5-1
S1_5_0482,5호선,하남시청,B3,-3,지하 3층,엘리베이터,일반승강기,[2호기]하남검단산방면5-1
S1_5_0489,5호선,하남검단산역,1F,1,지상 1층,엘리베이터,일반승강기,[4호기]4번출구측
S1_5_0489,5호선,하남검단산역,1F,1,지상 1층,엘리베이터,일반승강기,"[3호기]1,2번출구사이"
S1_5_0489,5호선,하남검단산역,1F,1,지상 1층,출입구,1번 출입구,교통약자 동선 연결
S1_5_0489,5호선,하남검단산역,1F,1,지상 1층,출입구,2번 출입구,
S1_5_0489,5호선,하남검단산역,1F,1,지상 1층,출입구,4번 출입구,교통약자 동선 연결
S1_5_0489,5호선,하남검단산역,B1,-1,지하 1층,대합실,대합실,
S1_5_0489,5호선,하남검단산역,B1,-1,지하 1층,개찰구,표 내는 곳,
S1_5_0489,5호선,하남검단산역,B1,-1,지하 1층,엘리베이터,일반승강기,[4호기]4번출구측
S1_5_0489,5호선,하남검단산역,B1,-1,지하 1층,엘리베이터,일반승강기,"[3호기]1,2번출구사이"
S1_5_0489,5호선,하남검단산역,B1,-1,지하 1층,엘리베이터,일반승강기,[1호기]하남시청방면4-3
S1_5_0489,5호선,하남검단산역,B1,-1,지하 1층,엘리베이터,일반승강기,[2호기]하남검단산방면5-3
S1_5_0489,5호선,하남검단산역,B1,-1,지하 1층,화장실,일반화장실(남),"대합실 지하1층 #1,2출입구 앞"
S1_5_0489,5호선,하남검단산역,B1,-1,지하 1층,화장실,일반화장실(여),"대합실 지하1층 #1,2출입구 앞"
S1_5_0489,5호선,하남검단산역,B1,-1,지하 1층,화장실,장애인화장실(남),"대합실 지하1층 #1,2출입구 앞"
S1_5_0489,5호선,하남검단산역,B1,-1,지하 1층,화장실,장애인화장실(여),"대합실 지하1층 #1,2출입구 앞"
S1_5_0489,5호선,하남검단산역,B1,-1,지하 1층,고객센터,고객센터,B1층 대합실
S1_5_0489,5호선,하남검단산역,B1,-1,지하 1층,수유실,수유실,B1 게이트 옆
S1_5_0489,5호선,하남검단산역,B2,-2,지하 2층,엘리베이터,일반승강기,[1호기](B3-B1)대합실
S1_5_0489,5호선,하남검단산역,B2,-2,지하 2층,엘리베이터,일반승강기,[2호기](B3-B1)대합실
S1_5_0489,5호선,하남검단산역,B3,-3,지하 3층,엘리베이터,일반승강기,[2호기]하남검단산방면5-3
S1_5_0489,5호선,하남검단산역,B3,-3,지하 3층,엘리베이터,일반승강기,[1호기]하남시청방면4-3
S1_5_0489,5호선,하남검단산역,B3,-3,지하 3층,승강장,5호선 승강장 (하남시청 방면),상대식
S1_5_0489,5호선,하남검단산역,B3,-3,지하 3층,승강장,5호선 승강장 (하남검단산역 방면),상대식
S1_5_0172,5호선,둔촌동,1F,1,지상 1층,엘리베이터,일반승강기,[4호기]2번출구측
S1_5_0172,5호선,둔촌동,1F,1,지상 1층,엘리베이터,일반승강기,"[3호기]3,4번출구사이"
S1_5_0172,5호선,둔촌동,1F,1,지상 1층,출입구,2번 출입구,교통약자 동선 연결
S1_5_0172,5호선,둔촌동,1F,1,지상 1층,출입구,4번 출입구,교통약자 동선 연결
S1_5_0172,5호선,둔촌동,B1,-1,지하 1층,대합실,대합실,
S1_5_0172,5호선,둔촌동,B1,-1,지하 1층,개찰구,표 내는 곳,
S1_5_0172,5호선,둔촌동,B1,-1,지하 1층,엘리베이터,일반승강기,[4호기]2번출구측
S1_5_0172,5호선,둔촌동,B1,-1,지하 1층,엘리베이터,일반승강기,"[3호기]3,4번출구사이"
S1_5_0172,5호선,둔촌동,B1,-1,지하 1층,엘리베이터,일반승강기,[2호기]올림픽공원방면5-1
S1_5_0172,5호선,둔촌동,B1,-1,지하 1층,엘리베이터,일반승강기,[1호기]강동방면5-1
S1_5_0172,5호선,둔촌동,B1,-1,지하 1층,전동휠체어충전설비,전동휠체어충전설비,지하1층 엘리베이터 2호기 뒤쪽
S1_5_0172,5호선,둔촌동,B1,-1,지하 1층,화장실,일반화장실(남),"대합실 지하1층, 3,4번 출입구 방향"
S1_5_0172,5호선,둔촌동,B1,-1,지하 1층,화장실,일반화장실(여),"대합실 지하1층, 3,4번 출입구 방향"
S1_5_0172,5호선,둔촌동,B1,-1,지하 1층,화장실,장애인화장실(남),"대합실 지하1층, 3,4번 출입구 방향"
S1_5_0172,5호선,둔촌동,B1,-1,지하 1층,화장실,장애인화장실(여),"대합실 지하1층, 3,4번 출입구 방향"
S1_5_0172,5호선,둔촌동,B1,-1,지하 1층,고객센터,고객센터,B1층 대합실
S1_5_0172,5호선,둔촌동,B2,-2,지하 2층,엘리베이터,일반승강기,[1호기]강동방면5-1
S1_5_0172,5호선,둔촌동,B2,-2,지하 2층,엘리베이터,일반승강기,[2호기]올림픽공원방면5-1
S1_5_0172,5호선,둔촌동,B2,-2,지하 2층,승강장,5호선 승강장 (강동 방면),상대식
S1_5_0172,5호선,둔촌동,B2,-2,지하 2층,승강장,5호선 승강장 (올림픽공원 방면),상대식
S1_5_0438,5호선,올림픽공원,1F,1,지상 1층,엘리베이터,일반승강기,[3호기]2번출구측
S1_5_0438,5호선,올림픽공원,1F,1,지상 1층,출입구,2번 출입구,교통약자 동선 연결
S1_5_0438,5호선,올림픽공원,B1,-1,지하 1층,대합실,대합실,
S1_5_0438,5호선,올림픽공원,B1,-1,지하 1층,개찰구,표 내는 곳,
S1_5_0438,5호선,올림픽공원,B1,-1,지하 1층,엘리베이터,일반승강기,[4호기](F1-B2)2번 출입구
S1_5_0438,5호선,올림픽공원,B1,-1,지하 1층,전동휠체어충전설비,전동휠체어충전설비,지하1층 아이센터 옆 5m 지점
S1_5_0438,5호선,올림픽공원,B1,-1,지하 1층,화장실,일반화장실(남),대합실 지하1층 2번출입구 앞
S1_5_0438,5호선,올림픽공원,B1,-1,지하 1층,화장실,일반화장실(여),대합실 지하1층 2번출입구 앞
S1_5_0438,5호선,올림픽공원,B1,-1,지하 1층,화장실,장애인화장실(남),대합실 지하1층 2번출입구 앞
S1_5_0438,5호선,올림픽공원,B1,-1,지하 1층,화장실,장애인화장실(여),대합실 지하1층 2번출입구 앞
S1_5_0438,5호선,올림픽공원,B2,-2,지하 2층,엘리베이터,일반승강기,[3호기]2번출구측
S1_5_0438,5호선,올림픽공원,B2,-2,지하 2층,엘리베이터,일반승강기,[2호기]방이방면6-3
S1_5_0438,5호선,올림픽공원,B2,-2,지하 2층,엘리베이터,일반승강기,[1호기]둔촌동방면3-2
S1_5_0438,5호선,올림픽공원,B2,-2,지하 2층,고객센터,고객센터,B2층 대합실
S1_5_0438,5호선,올림픽공원,B2,-2,지하 2층,수유실,수유실,B2 고객안전실 내부
S1_5_0438,5호선,올림픽공원,B2,-2,지하 2층,승강장,5호선 승강장 (둔촌동 방면),상대식
S1_5_0438,5호선,올림픽공원,B2,-2,지하 2층,승강장,5호선 승강장 (방이 방면),상대식
S1_5_0438,5호선,올림픽공원,B3,-3,지하 3층,엘리베이터,일반승강기,[2호기]방이방면6-3
S1_5_0438,5호선,올림픽공원,B3,-3,지하 3층,엘리베이터,일반승강기,[1호기]둔촌동방면3-2
S1_5_0438,5호선,올림픽공원,B3,-3,지하 3층,환승승강장,9호선 승강장 (둔촌오륜 방면),9호선
S1_5_0438,5호선,올림픽공원,B3,-3,지하 3층,환승승강장,9호선 승강장 (한성백제 방면),9호선
S1_5_0219,5호선,방이,1F,1,지상 1층,엘리베이터,일반승강기,[4호기]1번출구측
S1_5_0219,5호선,방이,1F,1,지상 1층,엘리베이터,일반승강기,[3호기]3번출구측
S1_5_0219,5호선,방이,1F,1,지상 1층,출입구,1번 출입구,교통약자 동선 연결
S1_5_0219,5호선,방이,1F,1,지상 1층,출입구,3번 출입구,교통약자 동선 연결
S1_5_0219,5호선,방이,1F,1,지상 1층,출입구,4번 출입구,
S1_5_0219,5호선,방이,B1,-1,지하 1층,대합실,대합실,
S1_5_0219,5호선,방이,B1,-1,지하 1층,개찰구,표 내는 곳,
S1_5_0219,5호선,방이,B1,-1,지하 1층,엘리베이터,일반승강기,[4호기]1번출구측
S1_5_0219,5호선,방이,B1,-1,지하 1층,엘리베이터,일반승강기,[3호기]3번출구측
S1_5_0219,5호선,방이,B1,-1,지하 1층,엘리베이터,일반승강기,[2호기]방이방면5-1
S1_5_0219,5호선,방이,B1,-1,지하 1층,엘리베이터,일반승강기,[1호기]올림픽공원방면4-4
S1_5_0219,5호선,방이,B1,-1,지하 1층,화장실,일반화장실(남),"대합실 지하1층 3,4번 출입구방향 "
S1_5_0219,5호선,방이,B1,-1,지하 1층,화장실,일반화장실(여),"대합실 지하1층 3,4번 출입구방향 "
S1_5_0219,5호선,방이,B1,-1,지하 1층,화장실,장애인화장실(남),"대합실 지하1층 3,4번 출입구방향 "
S1_5_0219,5호선,방이,B1,-1,지하 1층,화장실,장애인화장실(여),"대합실 지하1층 3,4번 출입구방향 "
S1_5_0219,5호선,방이,B1,-1,지하 1층,고객센터,고객센터,B1층 대합실
S1_5_0219,5호선,방이,B2,-2,지하 2층,엘리베이터,일반승강기,[1호기]올림픽공원방면4-4
S1_5_0219,5호선,방이,B2,-2,지하 2층,엘리베이터,일반승강기,[2호기]방이방면5-1
S1_5_0219,5호선,방이,B2,-2,지하 2층,승강장,5호선 승강장 (올림픽공원 방면),상대식
S1_5_0219,5호선,방이,B2,-2,지하 2층,승강장,5호선 승강장 (오금 방면),상대식
S1_5_0426,5호선,오금,1F,1,지상 1층,엘리베이터,일반승강기,[5호기]5번출구측
S1_5_0426,5호선,오금,1F,1,지상 1층,출입구,1번 출입구,교통약자 동선 연결
S1_5_0426,5호선,오금,1F,1,지상 1층,출입구,5번 출입구,교통약자 동선 연결
S1_5_0426,5호선,오금,B1,-1,지하 1층,대합실,대합실,
S1_5_0426,5호선,오금,B1,-1,지하 1층,개찰구,표 내는 곳,
S1_5_0426,5호선,오금,B1,-1,지하 1층,엘리베이터,일반승강기,[5호기]5번출구측
S1_5_0426,5호선,오금,B1,-1,지하 1층,엘리베이터,일반승강기,[2호기]개롱방면5-1
S1_5_0426,5호선,오금,B1,-1,지하 1층,엘리베이터,일반승강기,[1호기]방이방면4-4
S1_5_0426,5호선,오금,B1,-1,지하 1층,화장실,일반화장실(남),대합실 지하1층 방이역 방향
S1_5_0426,5호선,오금,B1,-1,지하 1층,화장실,일반화장실(여),대합실 지하1층 방이역 방향
S1_5_0426,5호선,오금,B1,-1,지하 1층,화장실,장애인화장실(남),대합실 지하1층 방이역 방향
S1_5_0426,5호선,오금,B1,-1,지하 1층,화장실,장애인화장실(여),대합실 지하1층 방이역 방향
S1_5_0426,5호선,오금,B1,-1,지하 1층,고객센터,고객센터,B1층 대합실
S1_5_0426,5호선,오금,B2,-2,지하 2층,엘리베이터,일반승강기,[1호기]방이방면4-4
S1_5_0426,5호선,오금,B2,-2,지하 2층,엘리베이터,일반승강기,[2호기]개롱방면5-1
S1_5_0426,5호선,오금,B2,-2,지하 2층,엘리베이터,일반승강기,[3호기]환승통로(방화방면)
S1_5_0426,5호선,오금,B2,-2,지하 2층,엘리베이터,일반승강기,[4호기]환승통로(마천방면)
S1_5_0426,5호선,오금,B2,-2,지하 2층,승강장,5호선 승강장 (방이 방면),상대식
S1_5_0426,5호선,오금,B2,-2,지하 2층,승강장,5호선 승강장 (개롱 방면),상대식
S1_5_0426,5호선,오금,B3,-3,지하 3층,엘리베이터,일반승강기,[3호기]환승통로(방화방면)
S1_5_0426,5호선,오금,B3,-3,지하 3층,엘리베이터,일반승강기,[4호기]환승통로(마천방면)
S1_5_0426,5호선,오금,B4,-4,지하 4층,환승승강장,3호선 승강장 (경찰병원 방면),3호선
S1_5_0025,5호선,개롱,1F,1,지상 1층,엘리베이터,일반승강기,"[3호기]3,4번출구사이"
S1_5_0025,5호선,개롱,1F,1,지상 1층,출입구,3번 출입구,교통약자 동선 연결
S1_5_0025,5호선,개롱,1F,1,지상 1층,출입구,4번 출입구,
S1_5_0025,5호선,개롱,B1,-1,지하 1층,대합실,대합실,
S1_5_0025,5호선,개롱,B1,-1,지하 1층,개찰구,표 내는 곳,
S1_5_0025,5호선,개롱,B1,-1,지하 1층,엘리베이터,일반승강기,"[3호기]3,4번출구사이"
S1_5_0025,5호선,개롱,B1,-1,지하 1층,엘리베이터,일반승강기,[2호기]거여방면4-4
S1_5_0025,5호선,개롱,B1,-1,지하 1층,엘리베이터,일반승강기,[1호기]오금방면5-1
S1_5_0025,5호선,개롱,B1,-1,지하 1층,화장실,일반화장실(남),"1,4번호 출입구 사이"
S1_5_0025,5호선,개롱,B1,-1,지하 1층,화장실,일반화장실(여),"1,4번호 출입구 사이"
S1_5_0025,5호선,개롱,B1,-1,지하 1층,화장실,장애인화장실(남),"1,4번호 출입구 사이"
S1_5_0025,5호선,개롱,B1,-1,지하 1층,화장실,장애인화장실(여),"1,4번호 출입구 사이"
S1_5_0025,5호선,개롱,B1,-1,지하 1층,고객센터,고객센터,B1층 대합실
S1_5_0025,5호선,개롱,B2,-2,지하 2층,엘리베이터,일반승강기,[1호기]오금방면5-1
S1_5_0025,5호선,개롱,B2,-2,지하 2층,엘리베이터,일반승강기,[2호기]거여방면4-4
S1_5_0025,5호선,개롱,B2,-2,지하 2층,승강장,5호선 승강장 (오금 방면),상대식
S1_5_0025,5호선,개롱,B2,-2,지하 2층,승강장,5호선 승강장 (거여 방면),상대식
S1_5_0030,5호선,거여,1F,1,지상 1층,엘리베이터,일반승강기,[3호기]2번출구측
S1_5_0030,5호선,거여,1F,1,지상 1층,출입구,1번 출입구,교통약자 동선 연결
S1_5_0030,5호선,거여,1F,1,지상 1층,출입구,2번 출입구,
S1_5_0030,5호선,거여,1F,1,지상 1층,출입구,8번 출입구,
S1_5_0030,5호선,거여,B1,-1,지하 1층,대합실,대합실,
S1_5_0030,5호선,거여,B1,-1,지하 1층,개찰구,표 내는 곳,
S1_5_0030,5호선,거여,B1,-1,지하 1층,엘리베이터,일반승강기,[3호기]2번출구측
S1_5_0030,5호선,거여,B1,-1,지하 1층,엘리베이터,일반승강기,[1호기]개롱방면6-2
S1_5_0030,5호선,거여,B1,-1,지하 1층,엘리베이터,일반승강기,[2호기]마천방면3-2
S1_5_0030,5호선,거여,B1,-1,지하 1층,화장실,일반화장실(남),대합실 1층 8번출입구 앞
S1_5_0030,5호선,거여,B1,-1,지하 1층,화장실,일반화장실(여),대합실 1층 8번출입구 앞
S1_5_0030,5호선,거여,B1,-1,지하 1층,화장실,장애인화장실(남),대합실 1층 8번출입구 앞
S1_5_0030,5호선,거여,B1,-1,지하 1층,화장실,장애인화장실(여),대합실 1층 8번출입구 앞
S1_5_0030,5호선,거여,B1,-1,지하 1층,고객센터,고객센터,B1층 대합실
S1_5_0030,5호선,거여,B1,-1,지하 1층,수유실,수유실,B1 고객안전실 인접
S1_5_0030,5호선,거여,B2,-2,지하 2층,엘리베이터,일반승강기,[2호기]마천방면3-2
S1_5_0030,5호선,거여,B2,-2,지하 2층,엘리베이터,일반승강기,[1호기]개롱방면6-2
S1_5_0030,5호선,거여,B2,-2,지하 2층,승강장,5호선 승강장 (개롱 방면),상대식
S1_5_0030,5호선,거여,B2,-2,지하 2층,승강장,5호선 승강장 (마천 방면),상대식
S1_5_0184,5호선,마천,1F,1,지상 1층,엘리베이터,일반승강기,[3호기]1번출구측
S1_5_0184,5호선,마천,1F,1,지상 1층,출입구,1번 출입구,교통약자 동선 연결
S1_5_0184,5호선,마천,B1,-1,지하 1층,대합실,대합실,
S1_5_0184,5호선,마천,B1,-1,지하 1층,개찰구,표 내는 곳,
S1_5_0184,5호선,마천,B1,-1,지하 1층,엘리베이터,일반승강기,[3호기]1번출구측
S1_5_0184,5호선,마천,B1,-1,지하 1층,엘리베이터,일반승강기,[2호기]거여방면4-3
S1_5_0184,5호선,마천,B1,-1,지하 1층,화장실,일반화장실(남),대합실 지하1층 1번출입구 방향에서우측 코너
S1_5_0184,5호선,마천,B1,-1,지하 1층,화장실,일반화장실(여),대합실 지하1층 1번출입구 방향에서우측 코너
S1_5_0184,5호선,마천,B1,-1,지하 1층,화장실,장애인화장실(남),대합실 지하1층 1번출입구 방향에서우측 코너
S1_5_0184,5호선,마천,B1,-1,지하 1층,화장실,장애인화장실(여),대합실 지하1층 1번출입구 방향에서우측 코너
S1_5_0184,5호선,마천,B2,-2,지하 2층,엘리베이터,일반승강기,[1호기](B1-B4)승강장
S1_5_0184,5호선,마천,B2,-2,지하 2층,엘리베이터,일반승강기,[2호기](B1-B4)대합실
S1_5_0184,5호선,마천,B2,-2,지하 2층,엘리베이터,일반승강기,[1호기]마천방면5-2
S1_5_0184,5호선,마천,B2,-2,지하 2층,전동휠체어충전설비,전동휠체어충전설비,지하2층 편의점 옆 공중전화기 입구
S1_5_0184,5호선,마천,B2,-2,지하 2층,고객센터,고객센터,B2층 대합실
S1_5_0184,5호선,마천,B3,-3,지하 3층,엘리베이터,일반승강기,[1호기](B1-B4)승강장
S1_5_0184,5호선,마천,B3,-3,지하 3층,엘리베이터,일반승강기,[2호기](B1-B4)대합실
S1_5_0184,5호선,마천,B4,-4,지하 4층,엘리베이터,일반승강기,[2호기]거여방면4-3
S1_5_0184,5호선,마천,B4,-4,지하 4층,엘리베이터,일반승강기,[1호기]마천방면5-2
S1_5_0184,5호선,마천,B4,-4,지하 4층,승강장,5호선 승강장 (거여 방면),상대식
S1_5_0184,5호선,마천,B4,-4,지하 4층,승강장,5호선 승강장 (마천 방면),상대식
S1_6_0468,6호선,응암,1F,1,지상 1층,엘리베이터,일반승강기,[2호기]4번출구측
S1_6_0468,6호선,응암,1F,1,지상 1층,출입구,4번 출입구,교통약자 동선 연결
S1_6_0468,6호선,응암,B1,-1,지하 1층,대합실,대합실,
S1_6_0468,6호선,응암,B1,-1,지하 1층,개찰구,표 내는 곳,
S1_6_0468,6호선,응암,B1,-1,지하 1층,엘리베이터,일반승강기,[2호기]4번출구측
S1_6_0468,6호선,응암,B1,-1,지하 1층,엘리베이터,일반승강기,[1호기]구산방면5-2
S1_6_0468,6호선,응암,B1,-1,지하 1층,전동휠체어충전설비,전동휠체어충전설비,지하1층 E/L 옆
S1_6_0468,6호선,응암,B1,-1,지하 1층,화장실,일반화장실(남),대합실 B1층 GS25 편의점 옆
S1_6_0468,6호선,응암,B1,-1,지하 1층,화장실,일반화장실(여),대합실 B1층 GS25 편의점 옆
S1_6_0468,6호선,응암,B1,-1,지하 1층,화장실,장애인화장실(남),대합실 B1층 GS25 편의점 옆
S1_6_0468,6호선,응암,B1,-1,지하 1층,화장실,장애인화장실(여),대합실 B1층 GS25 편의점 옆
S1_6_0468,6호선,응암,B1,-1,지하 1층,고객센터,고객센터,B1층 대합실
S1_6_0468,6호선,응암,B1,-1,지하 1층,수유실,수유실,B1 고객안전실 앞
S1_6_0468,6호선,응암,B2,-2,지하 2층,엘리베이터,일반승강기,[1호기]구산방면5-2
S1_6_0468,6호선,응암,B2,-2,지하 2층,승강장,6호선 승강장 (응암 방면),섬식
S1_6_0468,6호선,응암,B2,-2,지하 2층,승강장,6호선 승강장 (역촌 방면),섬식
S1_6_0416,6호선,역촌,1F,1,지상 1층,엘리베이터,일반승강기,[2호기]4번출구측
S1_6_0416,6호선,역촌,1F,1,지상 1층,출입구,3번 출입구,
S1_6_0416,6호선,역촌,1F,1,지상 1층,출입구,4번 출입구,교통약자 동선 연결
S1_6_0416,6호선,역촌,B1,-1,지하 1층,대합실,대합실,
S1_6_0416,6호선,역촌,B1,-1,지하 1층,개찰구,표 내는 곳,
S1_6_0416,6호선,역촌,B1,-1,지하 1층,엘리베이터,일반승강기,[2호기]4번출구측
S1_6_0416,6호선,역촌,B1,-1,지하 1층,엘리베이터,일반승강기,[1호기]응암방면4-2
S1_6_0416,6호선,역촌,B1,-1,지하 1층,전동휠체어충전설비,전동휠체어충전설비,지하1층 4번출구 옆
S1_6_0416,6호선,역촌,B1,-1,지하 1층,화장실,일반화장실(남),대합실 1층 3번출입구 옆 
S1_6_0416,6호선,역촌,B1,-1,지하 1층,화장실,일반화장실(여),대합실 1층 3번출입구 옆 
S1_6_0416,6호선,역촌,B1,-1,지하 1층,화장실,장애인화장실(남),대합실 1층 3번출입구 옆 
S1_6_0416,6호선,역촌,B1,-1,지하 1층,화장실,장애인화장실(여),대합실 1층 3번출입구 옆 
S1_6_0416,6호선,역촌,B1,-1,지하 1층,고객센터,고객센터,B1층 대합실
S1_6_0416,6호선,역촌,B2,-2,지하 2층,엘리베이터,일반승강기,[1호기](B1-B4)승강장
S1_6_0416,6호선,역촌,B3,-3,지하 3층,엘리베이터,일반승강기,[1호기](B1-B4)승강장
S1_6_0416,6호선,역촌,B4,-4,지하 4층,엘리베이터,일반승강기,[1호기]응암방면4-2
S1_6_0416,6호선,역촌,B4,-4,지하 4층,승강장,6호선 승강장 (응암 방면),1섬 1상대식
S1_6_0416,6호선,역촌,B4,-4,지하 4층,승강장,6호선 승강장 (불광 방면),1섬 1상대식
S1_6_0255,6호선,불광,1F,1,지상 1층,엘리베이터,일반승강기,[3호기]8번출구측
S1_6_0255,6호선,불광,1F,1,지상 1층,출입구,7번 출입구,
S1_6_0255,6호선,불광,1F,1,지상 1층,출입구,8번 출입구,교통약자 동선 연결
S1_6_0255,6호선,불광,B1,-1,지하 1층,대합실,대합실,
S1_6_0255,6호선,불광,B1,-1,지하 1층,개찰구,표 내는 곳,
S1_6_0255,6호선,불광,B1,-1,지하 1층,엘리베이터,일반승강기,[3호기]8번출구측
S1_6_0255,6호선,불광,B1,-1,지하 1층,엘리베이터,일반승강기,[1호기]역촌방면2-3
S1_6_0255,6호선,불광,B1,-1,지하 1층,엘리베이터,일반승강기,[2호기]역촌방면7-2
S1_6_0255,6호선,불광,B1,-1,지하 1층,화장실,일반화장실(남),"지하1층 가 대합실( 6,7번출입구 아래) "
S1_6_0255,6호선,불광,B1,-1,지하 1층,화장실,일반화장실(여),"지하1층 가 대합실( 6,7번출입구 아래) "
S1_6_0255,6호선,불광,B1,-1,지하 1층,화장실,장애인화장실(남),"지하1층 가 대합실( 6,7번출입구 아래) "
S1_6_0255,6호선,불광,B1,-1,지하 1층,화장실,장애인화장실(여),"지하1층 가 대합실( 6,7번출입구 아래) "
S1_6_0255,6호선,불광,B2,-2,지하 2층,엘리베이터,일반승강기,[1호기](B1-B4) 승강장
S1_6_0255,6호선,불광,B2,-2,지하 2층,엘리베이터,일반승강기,[2호기](B1-B4) 승강장
S1_6_0255,6호선,불광,B2,-2,지하 2층,휠체어리프트,휠체어리프트,환승통로
S1_6_0255,6호선,불광,B2,-2,지하 2층,고객센터,고객센터,B2층 대합실
S1_6_0255,6호선,불광,B2,-2,지하 2층,수유실,수유실,B2 고객안전실 인접
S1_6_0255,6호선,불광,B2,-2,지하 2층,환승승강장,3호선 승강장 (연신내 방면),3호선
S1_6_0255,6호선,불광,B2,-2,지하 2층,환승승강장,3호선 승강장 (녹번 방면),3호선
S1_6_0255,6호선,불광,B3,-3,지하 3층,엘리베이터,일반승강기,[1호기](B1-B4) 승강장
S1_6_0255,6호선,불광,B3,-3,지하 3층,엘리베이터,일반승강기,[2호기](B1-B4) 승강장
S1_6_0255,6호선,불광,B4,-4,지하 4층,엘리베이터,일반승강기,[2호기]역촌방면7-2
S1_6_0255,6호선,불광,B4,-4,지하 4층,엘리베이터,일반승강기,[1호기]역촌방면2-3
S1_6_0255,6호선,불광,B4,-4,지하 4층,승강장,6호선 승강장 (역촌 방면),1섬 1상대식
S1_6_0255,6호선,불광,B4,-4,지하 4층,승강장,6호선 승강장 (독바위 방면),1섬 1상대식
S1_6_0151,6호선,독바위,1F,1,지상 1층,엘리베이터,일반승강기,[2호기]1번출구측
S1_6_0151,6호선,독바위,1F,1,지상 1층,출입구,1번 출입구,교통약자 동선 연결
S1_6_0151,6호선,독바위,B1,-1,지하 1층,대합실,대합실,
S1_6_0151,6호선,독바위,B1,-1,지하 1층,개찰구,표 내는 곳,
S1_6_0151,6호선,독바위,B1,-1,지하 1층,엘리베이터,일반승강기,[2호기]1번출구측
S1_6_0151,6호선,독바위,B1,-1,지하 1층,엘리베이터,일반승강기,[1호기]연신내방면3-2
S1_6_0151,6호선,독바위,B1,-1,지하 1층,전동휠체어충전설비,전동휠체어충전설비,독바위역 B1 에스컬레이터 옆
S1_6_0151,6호선,독바위,B1,-1,지하 1층,화장실,일반화장실(남),대합실 B1층 E/S 7호기 옆 
S1_6_0151,6호선,독바위,B1,-1,지하 1층,화장실,일반화장실(여),대합실 B1층 E/S 7호기 옆 
S1_6_0151,6호선,독바위,B1,-1,지하 1층,화장실,장애인화장실(남),대합실 B1층 E/S 7호기 옆 
S1_6_0151,6호선,독바위,B1,-1,지하 1층,화장실,장애인화장실(여),대합실 B1층 E/S 7호기 옆 
S1_6_0151,6호선,독바위,B1,-1,지하 1층,승강장,6호선 승강장 (불광 방면),1섬 1상대식
S1_6_0151,6호선,독바위,B1,-1,지하 1층,승강장,6호선 승강장 (연신내 방면),1섬 1상대식
S1_6_0151,6호선,독바위,B2,-2,지하 2층,엘리베이터,일반승강기,[1호기](B1-B6)승강장
S1_6_0151,6호선,독바위,B3,-3,지하 3층,엘리베이터,일반승강기,[1호기](B1-B6)승강장
S1_6_0151,6호선,독바위,B3,-3,지하 3층,고객센터,고객센터,B3층 대합실
S1_6_0151,6호선,독바위,B4,-4,지하 4층,엘리베이터,일반승강기,[1호기](B1-B6)승강장
S1_6_0151,6호선,독바위,B5,-5,지하 5층,엘리베이터,일반승강기,[1호기](B1-B6)승강장
S1_6_0151,6호선,독바위,B6,-6,지하 6층,엘리베이터,일반승강기,[1호기]연신내방면3-2
S1_6_0418,6호선,연신내,1F,1,지상 1층,엘리베이터,일반승강기,[2호기]6번출구측
S1_6_0418,6호선,연신내,1F,1,지상 1층,출입구,6번 출입구,교통약자 동선 연결
S1_6_0418,6호선,연신내,1F,1,지상 1층,출입구,7번 출입구,
S1_6_0418,6호선,연신내,B1,-1,지하 1층,대합실,대합실,
S1_6_0418,6호선,연신내,B1,-1,지하 1층,개찰구,표 내는 곳,
S1_6_0418,6호선,연신내,B1,-1,지하 1층,엘리베이터,일반승강기,[2호기]6번출구측
S1_6_0418,6호선,연신내,B1,-1,지하 1층,엘리베이터,일반승강기,[1호기]구산방면6-2
S1_6_0418,6호선,연신내,B1,-1,지하 1층,전동휠체어충전설비,전동휠체어충전설비,6호선 지하1층 공중전화 부스 옆
S1_6_0418,6호선,연신내,B1,-1,지하 1층,화장실,일반화장실(남),"대합실 B1층 6,7번출입구방향"
S1_6_0418,6호선,연신내,B1,-1,지하 1층,화장실,일반화장실(여),"대합실 B1층 6,7번출입구방향"
S1_6_0418,6호선,연신내,B1,-1,지하 1층,화장실,장애인화장실(남),"대합실 B1층 6,7번출입구방향"
S1_6_0418,6호선,연신내,B1,-1,지하 1층,화장실,장애인화장실(여),"대합실 B1층 6,7번출입구방향"
S1_6_0418,6호선,연신내,B1,-1,지하 1층,고객센터,고객센터,B1층 대합실
S1_6_0418,6호선,연신내,B2,-2,지하 2층,엘리베이터,일반승강기,[1호기](B1-B5)승강장
S1_6_0418,6호선,연신내,B2,-2,지하 2층,환승승강장,3호선 승강장 (구파발 방면),3호선
S1_6_0418,6호선,연신내,B2,-2,지하 2층,환승승강장,3호선 승강장 (불광 방면),3호선
S1_6_0418,6호선,연신내,B3,-3,지하 3층,엘리베이터,일반승강기,[1호기](B1-B5)승강장
S1_6_0418,6호선,연신내,B4,-4,지하 4층,엘리베이터,일반승강기,[1호기](B1-B5)승강장
S1_6_0418,6호선,연신내,B5,-5,지하 5층,엘리베이터,일반승강기,[1호기]구산방면6-2
S1_6_0418,6호선,연신내,B5,-5,지하 5층,승강장,6호선 승강장 (독바위 방면),1섬 1상대식
S1_6_0418,6호선,연신내,B5,-5,지하 5층,승강장,6호선 승강장 (구산 방면),1섬 1상대식
S1_6_0074,6호선,구산,1F,1,지상 1층,엘리베이터,일반승강기,[1호기]4번출구측
S1_6_0074,6호선,구산,1F,1,지상 1층,출입구,4번 출입구,교통약자 동선 연결
S1_6_0074,6호선,구산,B1,-1,지하 1층,대합실,대합실,
S1_6_0074,6호선,구산,B1,-1,지하 1층,개찰구,표 내는 곳,
S1_6_0074,6호선,구산,B1,-1,지하 1층,엘리베이터,일반승강기,[1호기]4번출구측
S1_6_0074,6호선,구산,B1,-1,지하 1층,엘리베이터,일반승강기,[2호기]대합실
S1_6_0074,6호선,구산,B1,-1,지하 1층,화장실,일반화장실(남),대합실 B1층 4번출입구 맞은편
S1_6_0074,6호선,구산,B1,-1,지하 1층,화장실,일반화장실(여),대합실 B1층 4번출입구 맞은편
S1_6_0074,6호선,구산,B1,-1,지하 1층,화장실,장애인화장실(남),대합실 B1층 4번출입구 맞은편
S1_6_0074,6호선,구산,B1,-1,지하 1층,화장실,장애인화장실(여),대합실 B1층 4번출입구 맞은편
S1_6_0074,6호선,구산,B1,-1,지하 1층,고객센터,고객센터,B1층 대합실
S1_6_0074,6호선,구산,B4,-4,지하 4층,대합실,대합실,
S1_6_0074,6호선,구산,B4,-4,지하 4층,엘리베이터,일반승강기,[2호기]대합실
S1_6_0074,6호선,구산,B4,-4,지하 4층,승강장,6호선 승강장 (연신내 방면),1섬 1상대식
S1_6_0074,6호선,구산,B4,-4,지하 4층,승강장,6호선 승강장 (새절 방면),1섬 1상대식
S1_6_0285,6호선,새절,1F,1,지상 1층,엘리베이터,일반승강기,[2호기]1번출구측
S1_6_0285,6호선,새절,1F,1,지상 1층,출입구,1번 출입구,
S1_6_0285,6호선,새절,1F,1,지상 1층,출입구,2번 출입구,교통약자 동선 연결
S1_6_0285,6호선,새절,B1,-1,지하 1층,대합실,대합실,
S1_6_0285,6호선,새절,B1,-1,지하 1층,개찰구,표 내는 곳,
S1_6_0285,6호선,새절,B1,-1,지하 1층,엘리베이터,일반승강기,[2호기]1번출구측
S1_6_0285,6호선,새절,B1,-1,지하 1층,엘리베이터,일반승강기,[3호기]응암방면1-1
S1_6_0285,6호선,새절,B1,-1,지하 1층,엘리베이터,일반승강기,[1호기]응암방면5-4
S1_6_0285,6호선,새절,B1,-1,지하 1층,전동휠체어충전설비,전동휠체어충전설비,지하1층 아이센터 옆 
S1_6_0285,6호선,새절,B1,-1,지하 1층,화장실,일반화장실(남),대합실 1층 2번 출입구 옆
S1_6_0285,6호선,새절,B1,-1,지하 1층,화장실,일반화장실(여),대합실 1층 2번 출입구 옆
S1_6_0285,6호선,새절,B1,-1,지하 1층,화장실,장애인화장실(남),대합실 1층 2번 출입구 옆
S1_6_0285,6호선,새절,B1,-1,지하 1층,화장실,장애인화장실(여),대합실 1층 2번 출입구 옆
S1_6_0285,6호선,새절,B1,-1,지하 1층,고객센터,고객센터,B1층 대합실
S1_6_0285,6호선,새절,B2,-2,지하 2층,엘리베이터,일반승강기,[1호기]응암방면5-4
S1_6_0285,6호선,새절,B2,-2,지하 2층,엘리베이터,일반승강기,[3호기]응암방면1-1
S1_6_0285,6호선,새절,B2,-2,지하 2층,승강장,6호선 승강장 (구산 방면),1섬 1상대식
S1_6_0285,6호선,새절,B2,-2,지하 2층,승강장,6호선 승강장 (증산 방면),1섬 1상대식
S1_6_0532,6호선,증산,1F,1,지상 1층,엘리베이터,일반승강기,[3호기]2번출구측
S1_6_0532,6호선,증산,1F,1,지상 1층,출입구,1번 출입구,
S1_6_0532,6호선,증산,1F,1,지상 1층,출입구,2번 출입구,교통약자 동선 연결
S1_6_0532,6호선,증산,B1,-1,지하 1층,대합실,대합실,
S1_6_0532,6호선,증산,B1,-1,지하 1층,개찰구,표 내는 곳,
S1_6_0532,6호선,증산,B1,-1,지하 1층,엘리베이터,일반승강기,[3호기]2번출구측
S1_6_0532,6호선,증산,B1,-1,지하 1층,엘리베이터,일반승강기,[2호기]디지털미디어시티방면4-3
S1_6_0532,6호선,증산,B1,-1,지하 1층,엘리베이터,일반승강기,[1호기]새절방면5-1
S1_6_0532,6호선,증산,B1,-1,지하 1층,전동휠체어충전설비,전동휠체어충전설비,지하1층 여직원휴게실 옆
S1_6_0532,6호선,증산,B1,-1,지하 1층,화장실,일반화장실(남),대합실 1층 1번출입구 옆
S1_6_0532,6호선,증산,B1,-1,지하 1층,화장실,일반화장실(여),대합실 1층 1번출입구 옆
S1_6_0532,6호선,증산,B1,-1,지하 1층,화장실,장애인화장실(남),대합실 1층 1번출입구 옆
S1_6_0532,6호선,증산,B1,-1,지하 1층,화장실,장애인화장실(여),대합실 1층 1번출입구 옆
S1_6_0532,6호선,증산,B1,-1,지하 1층,고객센터,고객센터,B1층 대합실
S1_6_0532,6호선,증산,B2,-2,지하 2층,엘리베이터,일반승강기,[1호기]새절방면5-1
S1_6_0532,6호선,증산,B2,-2,지하 2층,엘리베이터,일반승강기,[2호기]디지털미디어시티방면4-3
S1_6_0532,6호선,증산,B2,-2,지하 2층,승강장,6호선 승강장 (새절 방면),상대식
S1_6_0532,6호선,증산,B2,-2,지하 2층,승강장,6호선 승강장 (디지털미디어시티 방면),상대식
S1_6_0174,6호선,디지털미디어시티,1F,1,지상 1층,대합실,대합실,
S1_6_0174,6호선,디지털미디어시티,1F,1,지상 1층,엘리베이터,일반승강기,[3호기]4번출구측
S1_6_0174,6호선,디지털미디어시티,1F,1,지상 1층,출입구,3번 출입구,
S1_6_0174,6호선,디지털미디어시티,1F,1,지상 1층,출입구,4번 출입구,교통약자 동선 연결
S1_6_0174,6호선,디지털미디어시티,1F,1,지상 1층,환승승강장,경의중앙선 승강장 (수색 방면),경의중앙선
S1_6_0174,6호선,디지털미디어시티,1F,1,지상 1층,환승승강장,경의중앙선 승강장 (가좌 방면),경의중앙선
S1_6_0174,6호선,디지털미디어시티,B1,-1,지하 1층,대합실,대합실,
S1_6_0174,6호선,디지털미디어시티,B1,-1,지하 1층,개찰구,표 내는 곳,
S1_6_0174,6호선,디지털미디어시티,B1,-1,지하 1층,엘리베이터,일반승강기,[3호기]4번출구측
S1_6_0174,6호선,디지털미디어시티,B1,-1,지하 1층,엘리베이터,일반승강기,[1호기]증산방면3-4
S1_6_0174,6호선,디지털미디어시티,B1,-1,지하 1층,엘리베이터,일반승강기,[2호기]월드컵경기장방면8-4
S1_6_0174,6호선,디지털미디어시티,B1,-1,지하 1층,화장실,일반화장실(남),"대합실 지하1층 2,3번출입구 옆"
S1_6_0174,6호선,디지털미디어시티,B1,-1,지하 1층,화장실,일반화장실(남),대합실 지하1층 4번출입구 옆
S1_6_0174,6호선,디지털미디어시티,B1,-1,지하 1층,화장실,일반화장실(여),대합실 지하1층 4번출입구 옆
S1_6_0174,6호선,디지털미디어시티,B1,-1,지하 1층,화장실,일반화장실(여),"대합실 지하1층 2,3번출입구 옆"
S1_6_0174,6호선,디지털미디어시티,B1,-1,지하 1층,화장실,장애인화장실(남),"대합실 지하1층 2,3번출입구 옆"
S1_6_0174,6호선,디지털미디어시티,B1,-1,지하 1층,화장실,장애인화장실(남),대합실 지하1층 4번출입구 옆
S1_6_0174,6호선,디지털미디어시티,B1,-1,지하 1층,화장실,장애인화장실(여),"대합실 지하1층 2,3번출입구 옆"
S1_6_0174,6호선,디지털미디어시티,B1,-1,지하 1층,화장실,장애인화장실(여),대합실 지하1층 4번출입구 옆
S1_6_0174,6호선,디지털미디어시티,B1,-1,지하 1층,고객센터,고객센터,B1층 대합실
S1_6_0174,6호선,디지털미디어시티,B2,-2,지하 2층,엘리베이터,일반승강기,[2호기]월드컵경기장방면8-4
S1_6_0174,6호선,디지털미디어시티,B2,-2,지하 2층,엘리베이터,일반승강기,[1호기]증산방면3-4
S1_6_0174,6호선,디지털미디어시티,B2,-2,지하 2층,휠체어리프트,휠체어리프트,증산 방면8-4
S1_6_0174,6호선,디지털미디어시티,B2,-2,지하 2층,휠체어리프트,휠체어리프트,월드컵경기장 방면1-1
S1_6_0174,6호선,디지털미디어시티,B2,-2,지하 2층,승강장,6호선 승강장 (증산 방면),상대식
S1_6_0174,6호선,디지털미디어시티,B2,-2,지하 2층,승강장,6호선 승강장 (월드컵경기장 방면),상대식
S1_6_0462,6호선,월드컵경기장,1F,1,지상 1층,엘리베이터,일반승강기,[3호기]2번출구측
S1_6_0462,6호선,월드컵경기장,1F,1,지상 1층,출입구,1번 출입구,
S1_6_0462,6호선,월드컵경기장,1F,1,지상 1층,출입구,2번 출입구,교통약자 동선 연결
S1_6_0462,6호선,월드컵경기장,1F,1,지상 1층,출입구,3번 출입구,
S1_6_0462,6호선,월드컵경기장,B1,-1,지하 1층,대합실,대합실,
S1_6_0462,6호선,월드컵경기장,B1,-1,지하 1층,개찰구,표 내는 곳,
S1_6_0462,6호선,월드컵경기장,B1,-1,지하 1층,엘리베이터,일반승강기,[3호기](F1-B2)2번 출입구
S1_6_0462,6호선,월드컵경기장,B1,-1,지하 1층,화장실,일반화장실(남),대합실 (B1 1번출입구방향 표 내는 곳안쪽)
S1_6_0462,6호선,월드컵경기장,B1,-1,지하 1층,화장실,일반화장실(남),대합실 (B1 2번출입구방향 표 내는 곳옆)
S1_6_0462,6호선,월드컵경기장,B1,-1,지하 1층,화장실,일반화장실(여),대합실 (B1 2번출입구방향 표 내는 곳옆)
S1_6_0462,6호선,월드컵경기장,B1,-1,지하 1층,화장실,일반화장실(여),대합실 (B1 1번출입구방향 표 내는 곳안쪽)
S1_6_0462,6호선,월드컵경기장,B1,-1,지하 1층,화장실,장애인화장실(남),대합실 (B1 2번출입구방향 표 내는 곳옆)
S1_6_0462,6호선,월드컵경기장,B1,-1,지하 1층,화장실,장애인화장실(남),대합실 (B1 1번출입구방향 표 내는 곳안쪽)
S1_6_0462,6호선,월드컵경기장,B1,-1,지하 1층,화장실,장애인화장실(여),대합실 (B1 1번출입구방향 표 내는 곳안쪽)
S1_6_0462,6호선,월드컵경기장,B1,-1,지하 1층,화장실,장애인화장실(여),대합실 (B1 2번출입구방향 표 내는 곳옆)
S1_6_0462,6호선,월드컵경기장,B2,-2,지하 2층,엘리베이터,일반승강기,[3호기]2번출구측
S1_6_0462,6호선,월드컵경기장,B2,-2,지하 2층,엘리베이터,일반승강기,[1호기]디지털미디어시티방면4-4
S1_6_0462,6호선,월드컵경기장,B2,-2,지하 2층,엘리베이터,일반승강기,[2호기]마포구청방면4-4
S1_6_0462,6호선,월드컵경기장,B2,-2,지하 2층,전동휠체어충전설비,전동휠체어충전설비,3번출구쪽 대합실 지하2층 편의점 왼편
S1_6_0462,6호선,월드컵경기장,B2,-2,지하 2층,고객센터,고객센터,B2층 대합실
S1_6_0462,6호선,월드컵경기장,B2,-2,지하 2층,수유실,수유실,B2 고객안전실 인접
S1_6_0462,6호선,월드컵경기장,B2,-2,지하 2층,승강장,6호선 승강장 (디지털미디어시티 방면),상대식
S1_6_0462,6호선,월드컵경기장,B2,-2,지하 2층,승강장,6호선 승강장 (마포구청 방면),상대식
S1_6_0462,6호선,월드컵경기장,B3,-3,지하 3층,엘리베이터,일반승강기,[1호기]디지털미디어시티방면4-4
S1_6_0462,6호선,월드컵경기장,B3,-3,지하 3층,엘리베이터,일반승강기,[2호기]마포구청방면4-4
S1_6_0186,6호선,마포구청,1F,1,지상 1층,엘리베이터,일반승강기,[4호기]2번출구측
S1_6_0186,6호선,마포구청,1F,1,지상 1층,엘리베이터,일반승강기,[3호기]8번출구측
S1_6_0186,6호선,마포구청,1F,1,지상 1층,출입구,2번 출입구,교통약자 동선 연결
S1_6_0186,6호선,마포구청,1F,1,지상 1층,출입구,8번 출입구,교통약자 동선 연결
S1_6_0186,6호선,마포구청,B1,-1,지하 1층,엘리베이터,일반승강기,[3호기](F1-B2)8번 출입구
S1_6_0186,6호선,마포구청,B1,-1,지하 1층,엘리베이터,일반승강기,[4호기](F1-B2)2번 출입구
S1_6_0186,6호선,마포구청,B1,-1,지하 1층,화장실,일반화장실(남),나대합실 지하1층 편의점옆
S1_6_0186,6호선,마포구청,B1,-1,지하 1층,화장실,일반화장실(여),나대합실 지하1층 편의점옆
S1_6_0186,6호선,마포구청,B1,-1,지하 1층,화장실,장애인화장실(남),나대합실 지하1층 편의점옆
S1_6_0186,6호선,마포구청,B1,-1,지하 1층,화장실,장애인화장실(여),나대합실 지하1층 편의점옆
S1_6_0186,6호선,마포구청,B1,-1,지하 1층,고객센터,고객센터,B1층 대합실
S1_6_0186,6호선,마포구청,B2,-2,지하 2층,대합실,대합실,
S1_6_0186,6호선,마포구청,B2,-2,지하 2층,개찰구,표 내는 곳,
S1_6_0186,6호선,마포구청,B2,-2,지하 2층,엘리베이터,일반승강기,[3호기]8번출구측
S1_6_0186,6호선,마포구청,B2,-2,지하 2층,엘리베이터,일반승강기,[4호기]2번출구측
S1_6_0186,6호선,마포구청,B2,-2,지하 2층,엘리베이터,일반승강기,[2호기]망원방면8-4
S1_6_0186,6호선,마포구청,B2,-2,지하 2층,엘리베이터,일반승강기,[1호기]월드컵경기장방면1-1
S1_6_0186,6호선,마포구청,B2,-2,지하 2층,화장실,일반화장실(남),가대합실 지하2층
S1_6_0186,6호선,마포구청,B2,-2,지하 2층,화장실,일반화장실(여),가대합실 지하2층
S1_6_0186,6호선,마포구청,B2,-2,지하 2층,화장실,장애인화장실(남),가대합실 지하2층
S1_6_0186,6호선,마포구청,B2,-2,지하 2층,화장실,장애인화장실(여),가대합실 지하2층
S1_6_0186,6호선,마포구청,B3,-3,지하 3층,엘리베이터,일반승강기,[2호기]망원방면8-4
S1_6_0186,6호선,마포구청,B3,-3,지하 3층,엘리베이터,일반승강기,[1호기]월드컵경기장방면1-1
S1_6_0186,6호선,마포구청,B3,-3,지하 3층,승강장,6호선 승강장 (월드컵경기장 방면),상대식
S1_6_0186,6호선,마포구청,B3,-3,지하 3층,승강장,6호선 승강장 (망원 방면),상대식
S1_6_0189,6호선,망원,1F,1,지상 1층,엘리베이터,일반승강기,"[2호기]2번출구측,합정방면4-4"
S1_6_0189,6호선,망원,1F,1,지상 1층,출입구,1번 출입구,
S1_6_0189,6호선,망원,1F,1,지상 1층,출입구,2번 출입구,교통약자 동선 연결
S1_6_0189,6호선,망원,B1,-1,지하 1층,대합실,대합실,
S1_6_0189,6호선,망원,B1,-1,지하 1층,개찰구,표 내는 곳,
S1_6_0189,6호선,망원,B1,-1,지하 1층,엘리베이터,일반승강기,[2호기](F1-B2) 승강장
S1_6_0189,6호선,망원,B1,-1,지하 1층,엘리베이터,일반승강기,[1호기]마포구청방면5-1
S1_6_0189,6호선,망원,B1,-1,지하 1층,전동휠체어충전설비,전동휠체어충전설비,지하1층 화장실 입구
S1_6_0189,6호선,망원,B1,-1,지하 1층,화장실,일반화장실(남),B1 대합실 1번출입구 옆
S1_6_0189,6호선,망원,B1,-1,지하 1층,화장실,일반화장실(여),B1 대합실 1번출입구 옆
S1_6_0189,6호선,망원,B1,-1,지하 1층,화장실,장애인화장실(남),B1 대합실 1번출입구 옆
S1_6_0189,6호선,망원,B1,-1,지하 1층,화장실,장애인화장실(여),B1 대합실 1번출입구 옆
S1_6_0189,6호선,망원,B1,-1,지하 1층,고객센터,고객센터,B1층 대합실
S1_6_0189,6호선,망원,B2,-2,지하 2층,개찰구,표 내는 곳,
S1_6_0189,6호선,망원,B2,-2,지하 2층,엘리베이터,일반승강기,[1호기]마포구청방면5-1
S1_6_0189,6호선,망원,B2,-2,지하 2층,엘리베이터,일반승강기,"[2호기]2번출구측,합정방면4-4"
S1_6_0189,6호선,망원,B2,-2,지하 2층,승강장,6호선 승강장 (마포구청 방면),상대식
S1_6_0189,6호선,망원,B2,-2,지하 2층,승강장,6호선 승강장 (합정 방면),상대식
S1_6_0591,6호선,합정,1F,1,지상 1층,엘리베이터,일반승강기,[3호기]6번출구측
S1_6_0591,6호선,합정,1F,1,지상 1층,출입구,6번 출입구,교통약자 동선 연결
S1_6_0591,6호선,합정,1F,1,지상 1층,출입구,8번 출입구,
S1_6_0591,6호선,합정,B1,-1,지하 1층,대합실,대합실,
S1_6_0591,6호선,합정,B1,-1,지하 1층,개찰구,표 내는 곳,
S1_6_0591,6호선,합정,B1,-1,지하 1층,엘리베이터,일반승강기,[3호기]6번출구측
S1_6_0591,6호선,합정,B1,-1,지하 1층,엘리베이터,일반승강기,[1호기]망원방면4-2
S1_6_0591,6호선,합정,B1,-1,지하 1층,전동휠체어충전설비,전동휠체어충전설비,지하1층 편의점 옆
S1_6_0591,6호선,합정,B1,-1,지하 1층,화장실,일반화장실(남),대합실 1층 8번출입구 앞
S1_6_0591,6호선,합정,B1,-1,지하 1층,화장실,일반화장실(여),대합실 1층 8번출입구 앞
S1_6_0591,6호선,합정,B1,-1,지하 1층,화장실,장애인화장실(남),대합실 1층 8번출입구 앞
S1_6_0591,6호선,합정,B1,-1,지하 1층,화장실,장애인화장실(여),대합실 1층 8번출입구 앞
S1_6_0591,6호선,합정,B1,-1,지하 1층,고객센터,고객센터,B1층 대합실
S1_6_0591,6호선,합정,B1,-1,지하 1층,수유실,수유실,B1 고객안전실 내부
S1_6_0591,6호선,합정,B2,-2,지하 2층,엘리베이터,일반승강기,[1호기](B1-B4) 승강장
S1_6_0591,6호선,합정,B2,-2,지하 2층,환승승강장,2호선 승강장 (당산 방면),2호선
S1_6_0591,6호선,합정,B2,-2,지하 2층,환승승강장,2호선 승강장 (홍대입구 방면),2호선
S1_6_0591,6호선,합정,B3,-3,지하 3층,대합실,대합실,
S1_6_0591,6호선,합정,B3,-3,지하 3층,엘리베이터,일반승강기,[1호기](B1-B4) 승강장
S1_6_0591,6호선,합정,B3,-3,지하 3층,엘리베이터,일반승강기,[2호기]상수방면6-2
S1_6_0591,6호선,합정,B4,-4,지하 4층,엘리베이터,일반승강기,[1호기]망원방면4-2
S1_6_0591,6호선,합정,B4,-4,지하 4층,엘리베이터,일반승강기,[2호기]상수방면6-2
S1_6_0591,6호선,합정,B4,-4,지하 4층,승강장,6호선 승강장 (망원 방면),상대식
S1_6_0591,6호선,합정,B4,-4,지하 4층,승강장,6호선 승강장 (상수 방면),상대식
S1_6_0278,6호선,상수,1F,1,지상 1층,엘리베이터,일반승강기,[2호기]3번출구측
S1_6_0278,6호선,상수,1F,1,지상 1층,출입구,3번 출입구,교통약자 동선 연결
S1_6_0278,6호선,상수,B1,-1,지하 1층,대합실,대합실,
S1_6_0278,6호선,상수,B1,-1,지하 1층,엘리베이터,일반승강기,[2호기]3번출구측
S1_6_0278,6호선,상수,B1,-1,지하 1층,엘리베이터,일반승강기,[3호기]대합실
S1_6_0278,6호선,상수,B2,-2,지하 2층,대합실,대합실,
S1_6_0278,6호선,상수,B2,-2,지하 2층,개찰구,표 내는 곳,
S1_6_0278,6호선,상수,B2,-2,지하 2층,엘리베이터,일반승강기,[3호기]대합실
S1_6_0278,6호선,상수,B2,-2,지하 2층,엘리베이터,일반승강기,"[1호기]합정방면4-4,광흥창방면5-1"
S1_6_0278,6호선,상수,B2,-2,지하 2층,화장실,일반화장실(남),B2 대합실 상가 미샤 옆
S1_6_0278,6호선,상수,B2,-2,지하 2층,화장실,일반화장실(여),B2 대합실 상가 미샤 옆
S1_6_0278,6호선,상수,B2,-2,지하 2층,화장실,장애인화장실(남),B2 대합실 상가 미샤 옆
S1_6_0278,6호선,상수,B2,-2,지하 2층,화장실,장애인화장실(여),B2 대합실 상가 미샤 옆
S1_6_0278,6호선,상수,B2,-2,지하 2층,고객센터,고객센터,B2층 대합실
S1_6_0278,6호선,상수,B3,-3,지하 3층,엘리베이터,일반승강기,"[1호기]합정방면4-4,광흥창방면5-1"
S1_6_0278,6호선,상수,B3,-3,지하 3층,승강장,6호선 승강장 (합정 방면),섬식
S1_6_0278,6호선,상수,B3,-3,지하 3층,승강장,6호선 승강장 (광흥창 방면),섬식
S1_6_0067,6호선,광흥창,1F,1,지상 1층,엘리베이터,일반승강기,[3호기]4번출구측
S1_6_0067,6호선,광흥창,1F,1,지상 1층,엘리베이터,일반승강기,[1호기]1번출구측
S1_6_0067,6호선,광흥창,1F,1,지상 1층,출입구,1번 출입구,교통약자 동선 연결
S1_6_0067,6호선,광흥창,1F,1,지상 1층,출입구,4번 출입구,
S1_6_0067,6호선,광흥창,1F,1,지상 1층,출입구,1256번 출입구,
S1_6_0067,6호선,광흥창,B1,-1,지하 1층,엘리베이터,일반승강기,[3호기]4번출구측
S1_6_0067,6호선,광흥창,B1,-1,지하 1층,엘리베이터,일반승강기,[1호기](F1-B2)1번 출입구
S1_6_0067,6호선,광흥창,B2,-2,지하 2층,대합실,대합실,
S1_6_0067,6호선,광흥창,B2,-2,지하 2층,개찰구,표 내는 곳,
S1_6_0067,6호선,광흥창,B2,-2,지하 2층,엘리베이터,일반승강기,[1호기]1번출구측
S1_6_0067,6호선,광흥창,B2,-2,지하 2층,엘리베이터,일반승강기,"[2호기]상수방면1-2,대흥방면8-3"
S1_6_0067,6호선,광흥창,B2,-2,지하 2층,전동휠체어충전설비,전동휠체어충전설비,지하2층 역무실 옆(가대합실)
S1_6_0067,6호선,광흥창,B2,-2,지하 2층,화장실,일반화장실(남),대합실 2층 (1256번출입구방향)
S1_6_0067,6호선,광흥창,B2,-2,지하 2층,화장실,일반화장실(여),대합실 2층 (1256번출입구방향)
S1_6_0067,6호선,광흥창,B2,-2,지하 2층,화장실,장애인화장실(남),대합실 2층 (1256번출입구방향)
S1_6_0067,6호선,광흥창,B2,-2,지하 2층,화장실,장애인화장실(여),대합실 2층 (1256번출입구방향)
S1_6_0067,6호선,광흥창,B2,-2,지하 2층,고객센터,고객센터,B2층 대합실
S1_6_0067,6호선,광흥창,B3,-3,지하 3층,엘리베이터,일반승강기,"[2호기]상수방면1-2,대흥방면8-3"
S1_6_0067,6호선,광흥창,B3,-3,지하 3층,승강장,6호선 승강장 (상수 방면),섬식
S1_6_0067,6호선,광흥창,B3,-3,지하 3층,승강장,6호선 승강장 (대흥 방면),섬식
S1_6_0138,6호선,대흥,1F,1,지상 1층,엘리베이터,일반승강기,[3호기]3번출구측
S1_6_0138,6호선,대흥,1F,1,지상 1층,출입구,3번 출입구,교통약자 동선 연결
S1_6_0138,6호선,대흥,1F,1,지상 1층,출입구,4번 출입구,
S1_6_0138,6호선,대흥,B1,-1,지하 1층,엘리베이터,일반승강기,[2호기]대합실
S1_6_0138,6호선,대흥,B1,-1,지하 1층,화장실,일반화장실(남),대합실 1층 4번출입구 앞
S1_6_0138,6호선,대흥,B1,-1,지하 1층,화장실,일반화장실(여),대합실 1층 4번출입구 앞
S1_6_0138,6호선,대흥,B1,-1,지하 1층,화장실,장애인화장실(남),대합실 1층 4번출입구 앞
S1_6_0138,6호선,대흥,B1,-1,지하 1층,화장실,장애인화장실(여),대합실 1층 4번출입구 앞
S1_6_0138,6호선,대흥,B2,-2,지하 2층,엘리베이터,일반승강기,[3호기]3번출구측
S1_6_0138,6호선,대흥,B2,-2,지하 2층,엘리베이터,일반승강기,[2호기]대합실
S1_6_0138,6호선,대흥,B2,-2,지하 2층,엘리베이터,일반승강기,"[1호기]광흥창방면4-4,공덕방면5-1"
S1_6_0138,6호선,대흥,B2,-2,지하 2층,고객센터,고객센터,B2층 대합실
S1_6_0138,6호선,대흥,B2,-2,지하 2층,수유실,수유실,B2 고객안전실 내부
S1_6_0138,6호선,대흥,B3,-3,지하 3층,엘리베이터,일반승강기,"[1호기]광흥창방면4-4,공덕방면5-1"
S1_6_0054,6호선,공덕,1F,1,지상 1층,엘리베이터,일반승강기,[3호기]5번출구측
S1_6_0054,6호선,공덕,1F,1,지상 1층,출입구,2번 출입구,교통약자 동선 연결
S1_6_0054,6호선,공덕,1F,1,지상 1층,출입구,5번 출입구,교통약자 동선 연결
S1_6_0054,6호선,공덕,1F,1,지상 1층,출입구,7번 출입구,
S1_6_0054,6호선,공덕,B1,-1,지하 1층,대합실,대합실,
S1_6_0054,6호선,공덕,B1,-1,지하 1층,개찰구,표 내는 곳,
S1_6_0054,6호선,공덕,B1,-1,지하 1층,엘리베이터,일반승강기,[3호기]5번출구측
S1_6_0054,6호선,공덕,B1,-1,지하 1층,엘리베이터,일반승강기,[2호기]효창공원방면4-4
S1_6_0054,6호선,공덕,B1,-1,지하 1층,엘리베이터,일반승강기,[1호기]대흥방면4-4
S1_6_0054,6호선,공덕,B1,-1,지하 1층,전동휠체어충전설비,전동휠체어충전설비,6호선 환승통로(B3 E/L4호기 옆)
S1_6_0054,6호선,공덕,B1,-1,지하 1층,화장실,일반화장실(남),대합실 1층 7번출입구 앞
S1_6_0054,6호선,공덕,B1,-1,지하 1층,화장실,일반화장실(여),대합실 1층 7번출입구 앞
S1_6_0054,6호선,공덕,B1,-1,지하 1층,화장실,장애인화장실(남),대합실 1층 7번출입구 앞
S1_6_0054,6호선,공덕,B1,-1,지하 1층,화장실,장애인화장실(여),대합실 1층 7번출입구 앞
S1_6_0054,6호선,공덕,B1,-1,지하 1층,고객센터,고객센터,B1층 대합실
S1_6_0054,6호선,공덕,B2,-2,지하 2층,엘리베이터,일반승강기,[1호기]대흥방면4-4
S1_6_0054,6호선,공덕,B2,-2,지하 2층,엘리베이터,일반승강기,[2호기]효창공원방면4-4
S1_6_0054,6호선,공덕,B2,-2,지하 2층,엘리베이터,일반승강기,[4호기]환승통로
S1_6_0054,6호선,공덕,B2,-2,지하 2층,엘리베이터,일반승강기,[5호기]환승통로
S1_6_0054,6호선,공덕,B2,-2,지하 2층,승강장,6호선 승강장 (대흥 방면),상대식
S1_6_0054,6호선,공덕,B2,-2,지하 2층,승강장,6호선 승강장 (효창공원앞 방면),상대식
S1_6_0054,6호선,공덕,B2,-2,지하 2층,환승승강장,경의중앙선 승강장 (서강대 방면),경의중앙선
S1_6_0054,6호선,공덕,B2,-2,지하 2층,환승승강장,경의중앙선 승강장 (효창공원앞 방면),경의중앙선
S1_6_0054,6호선,공덕,B3,-3,지하 3층,대합실,대합실,
S1_6_0054,6호선,공덕,B3,-3,지하 3층,엘리베이터,일반승강기,[5호기]환승통로
S1_6_0054,6호선,공덕,B3,-3,지하 3층,엘리베이터,일반승강기,[4호기]환승통로
S1_6_0054,6호선,공덕,B3,-3,지하 3층,환승승강장,5호선 승강장 (마포 방면),5호선
S1_6_0054,6호선,공덕,B3,-3,지하 3층,환승승강장,5호선 승강장 (애오개 방면),5호선
S1_6_0609,6호선,효창공원앞,1F,1,지상 1층,출입구,4번 출입구,교통약자 동선 연결
S1_6_0609,6호선,효창공원앞,1F,1,지상 1층,출입구,6번 출입구,
S1_6_0609,6호선,효창공원앞,B1,-1,지하 1층,대합실,대합실,
S1_6_0609,6호선,효창공원앞,B1,-1,지하 1층,개찰구,표 내는 곳,
S1_6_0609,6호선,효창공원앞,B1,-1,지하 1층,엘리베이터,일반승강기,[2호기]대합실
S1_6_0609,6호선,효창공원앞,B1,-1,지하 1층,화장실,일반화장실(남),"대합실 1층 3,6번 출입구 앞"
S1_6_0609,6호선,효창공원앞,B1,-1,지하 1층,화장실,일반화장실(여),"대합실 1층 3,6번 출입구 앞"
S1_6_0609,6호선,효창공원앞,B1,-1,지하 1층,화장실,장애인화장실(남),"대합실 1층 3,6번 출입구 앞"
S1_6_0609,6호선,효창공원앞,B1,-1,지하 1층,화장실,장애인화장실(여),"대합실 1층 3,6번 출입구 앞"
S1_6_0609,6호선,효창공원앞,B1,-1,지하 1층,고객센터,고객센터,B1층 대합실
S1_6_0609,6호선,효창공원앞,B2,-2,지하 2층,대합실,대합실,
S1_6_0609,6호선,효창공원앞,B2,-2,지하 2층,엘리베이터,일반승강기,[2호기]대합실
S1_6_0609,6호선,효창공원앞,B2,-2,지하 2층,엘리베이터,일반승강기,"[1호기]공덕방면5-3,삼각지방면4-2"
S1_6_0609,6호선,효창공원앞,B2,-2,지하 2층,환승승강장,경의중앙선 승강장 (공덕 방면),경의중앙선
S1_6_0609,6호선,효창공원앞,B2,-2,지하 2층,환승승강장,경의중앙선 승강장 (용산 방면),경의중앙선
S1_6_0609,6호선,효창공원앞,B3,-3,지하 3층,대합실,대합실,
S1_6_0609,6호선,효창공원앞,B3,-3,지하 3층,엘리베이터,일반승강기,"[1호기]공덕방면5-3,삼각지방면4-2"
S1_6_0609,6호선,효창공원앞,B3,-3,지하 3층,승강장,6호선 승강장 (공덕 방면),섬식
S1_6_0609,6호선,효창공원앞,B3,-3,지하 3층,승강장,6호선 승강장 (삼각지 방면),섬식
S1_6_0263,6호선,삼각지,1F,1,지상 1층,엘리베이터,일반승강기,[4호기]12번출구측
S1_6_0263,6호선,삼각지,1F,1,지상 1층,엘리베이터,일반승강기,[3호기]8번출구측
S1_6_0263,6호선,삼각지,1F,1,지상 1층,출입구,8번 출입구,교통약자 동선 연결
S1_6_0263,6호선,삼각지,1F,1,지상 1층,출입구,12번 출입구,교통약자 동선 연결
S1_6_0263,6호선,삼각지,B1,-1,지하 1층,엘리베이터,일반승강기,[4호기](F1-B3)12번 출입구
S1_6_0263,6호선,삼각지,B1,-1,지하 1층,엘리베이터,일반승강기,[3호기](F1-B3)8번 출입구
S1_6_0263,6호선,삼각지,B1,-1,지하 1층,화장실,일반화장실(남),"대합실 1층 7,8번 출입구 측면"
S1_6_0263,6호선,삼각지,B1,-1,지하 1층,화장실,일반화장실(여),"대합실 1층 7,8번 출입구 측면"
S1_6_0263,6호선,삼각지,B1,-1,지하 1층,화장실,장애인화장실(남),"대합실 1층 7,8번 출입구 측면"
S1_6_0263,6호선,삼각지,B1,-1,지하 1층,화장실,장애인화장실(여),"대합실 1층 7,8번 출입구 측면"
S1_6_0263,6호선,삼각지,B2,-2,지하 2층,엘리베이터,일반승강기,[3호기](F1-B3)8번 출입구
S1_6_0263,6호선,삼각지,B2,-2,지하 2층,엘리베이터,일반승강기,[4호기](F1-B3)12번 출입구
S1_6_0263,6호선,삼각지,B2,-2,지하 2층,환승승강장,4호선 승강장 (숙대입구 방면),4호선
S1_6_0263,6호선,삼각지,B2,-2,지하 2층,환승승강장,4호선 승강장 (신용산 방면),4호선
S1_6_0263,6호선,삼각지,B3,-3,지하 3층,대합실,대합실,
S1_6_0263,6호선,삼각지,B3,-3,지하 3층,개찰구,표 내는 곳,
S1_6_0263,6호선,삼각지,B3,-3,지하 3층,엘리베이터,일반승강기,[3호기]8번출구측
S1_6_0263,6호선,삼각지,B3,-3,지하 3층,엘리베이터,일반승강기,[4호기]12번출구측
S1_6_0263,6호선,삼각지,B3,-3,지하 3층,엘리베이터,일반승강기,[5호기]환승통로
S1_6_0263,6호선,삼각지,B3,-3,지하 3층,엘리베이터,일반승강기,[1호기]효창공원앞방면1-1
S1_6_0263,6호선,삼각지,B3,-3,지하 3층,엘리베이터,일반승강기,[2호기]녹사평방면8-4
S1_6_0263,6호선,삼각지,B3,-3,지하 3층,고객센터,고객센터,B3층 대합실
S1_6_0263,6호선,삼각지,B3,-3,지하 3층,수유실,수유실,B3 고객안전실 인접
S1_6_0263,6호선,삼각지,B4,-4,지하 4층,엘리베이터,일반승강기,[2호기]녹사평방면8-4
S1_6_0263,6호선,삼각지,B4,-4,지하 4층,엘리베이터,일반승강기,[1호기]효창공원앞방면1-1
S1_6_0263,6호선,삼각지,B4,-4,지하 4층,엘리베이터,일반승강기,[5호기]환승통로
S1_6_0263,6호선,삼각지,B4,-4,지하 4층,승강장,6호선 승강장 (효창공원앞 방면),섬식
S1_6_0263,6호선,삼각지,B4,-4,지하 4층,승강장,6호선 승강장 (녹사평 방면),섬식
S1_6_0117,6호선,녹사평,1F,1,지상 1층,엘리베이터,일반승강기,[3호기]3번출구측
S1_6_0117,6호선,녹사평,1F,1,지상 1층,출입구,1번 출입구,
S1_6_0117,6호선,녹사평,1F,1,지상 1층,출입구,2번 출입구,
S1_6_0117,6호선,녹사평,1F,1,지상 1층,출입구,3번 출입구,교통약자 동선 연결
S1_6_0117,6호선,녹사평,B1,-1,지하 1층,엘리베이터,일반승강기,[3호기](F1-B2)1번 출입구
S1_6_0117,6호선,녹사평,B1,-1,지하 1층,화장실,일반화장실(남),"대합실 지하1층 1,2번 출입구 진입 방향"
S1_6_0117,6호선,녹사평,B1,-1,지하 1층,화장실,일반화장실(여),"대합실 지하1층 1,2번 출입구 진입 방향"
S1_6_0117,6호선,녹사평,B1,-1,지하 1층,화장실,장애인화장실(남),"대합실 지하1층 1,2번 출입구 진입 방향"
S1_6_0117,6호선,녹사평,B1,-1,지하 1층,화장실,장애인화장실(여),"대합실 지하1층 1,2번 출입구 진입 방향"
S1_6_0117,6호선,녹사평,B2,-2,지하 2층,대합실,대합실,
S1_6_0117,6호선,녹사평,B2,-2,지하 2층,엘리베이터,일반승강기,[3호기]3번출구측
S1_6_0117,6호선,녹사평,B2,-2,지하 2층,엘리베이터,일반승강기,[2호기]대합실
S1_6_0117,6호선,녹사평,B2,-2,지하 2층,고객센터,고객센터,B2층 대합실
S1_6_0117,6호선,녹사평,B3,-3,지하 3층,엘리베이터,일반승강기,[2호기](B2-B4)지하4층 대합실
S1_6_0117,6호선,녹사평,B4,-4,지하 4층,대합실,대합실,
S1_6_0117,6호선,녹사평,B4,-4,지하 4층,개찰구,표 내는 곳,
S1_6_0117,6호선,녹사평,B4,-4,지하 4층,엘리베이터,일반승강기,[2호기]대합실
S1_6_0117,6호선,녹사평,B4,-4,지하 4층,엘리베이터,일반승강기,"[1호기]삼각지방면4-3,이태원방면5-1"
S1_6_0117,6호선,녹사평,B5,-5,지하 5층,엘리베이터,일반승강기,"[1호기]삼각지방면4-3,이태원방면5-1"
S1_6_0117,6호선,녹사평,B5,-5,지하 5층,승강장,6호선 승강장 (삼각지 방면),섬식
S1_6_0117,6호선,녹사평,B5,-5,지하 5층,승강장,6호선 승강장 (이태원 방면),섬식
S1_6_0479,6호선,이태원,1F,1,지상 1층,엘리베이터,일반승강기,[2호기]2번출구측
S1_6_0479,6호선,이태원,1F,1,지상 1층,출입구,2번 출입구,교통약자 동선 연결
S1_6_0479,6호선,이태원,B1,-1,지하 1층,대합실,대합실,
S1_6_0479,6호선,이태원,B1,-1,지하 1층,개찰구,표 내는 곳,
S1_6_0479,6호선,이태원,B1,-1,지하 1층,엘리베이터,일반승강기,[2호기]2번출구측
S1_6_0479,6호선,이태원,B1,-1,지하 1층,엘리베이터,일반승강기,"[1호기]녹사평방면3-1,한강진방면6-3"
S1_6_0479,6호선,이태원,B1,-1,지하 1층,화장실,일반화장실(남),B1 대합실 E/S 옆
S1_6_0479,6호선,이태원,B1,-1,지하 1층,화장실,일반화장실(여),B1 대합실 E/S 옆
S1_6_0479,6호선,이태원,B1,-1,지하 1층,화장실,장애인화장실(남),B1 대합실 E/S 옆
S1_6_0479,6호선,이태원,B1,-1,지하 1층,화장실,장애인화장실(여),B1 대합실 E/S 옆
S1_6_0479,6호선,이태원,B1,-1,지하 1층,고객센터,고객센터,B1층 대합실
S1_6_0479,6호선,이태원,B1,-1,지하 1층,수유실,수유실,B1 고객안전실 내부
S1_6_0479,6호선,이태원,B2,-2,지하 2층,엘리베이터,일반승강기,[1호기](B1-B5)승강장
S1_6_0479,6호선,이태원,B3,-3,지하 3층,엘리베이터,일반승강기,[1호기](B1-B5)승강장
S1_6_0479,6호선,이태원,B4,-4,지하 4층,엘리베이터,일반승강기,[1호기](B1-B5)승강장
S1_6_0479,6호선,이태원,B5,-5,지하 5층,엘리베이터,일반승강기,"[1호기]녹사평방면3-1,한강진방면6-3"
S1_6_0479,6호선,이태원,B5,-5,지하 5층,승강장,6호선 승강장 (녹사평 방면),섬식
S1_6_0479,6호선,이태원,B5,-5,지하 5층,승강장,6호선 승강장 (한강진 방면),섬식
S1_6_0584,6호선,한강진,1F,1,지상 1층,엘리베이터,일반승강기,[3호기]3번출구측
S1_6_0584,6호선,한강진,1F,1,지상 1층,출입구,3번 출입구,교통약자 동선 연결
S1_6_0584,6호선,한강진,B1,-1,지하 1층,대합실,대합실,
S1_6_0584,6호선,한강진,B1,-1,지하 1층,개찰구,표 내는 곳,
S1_6_0584,6호선,한강진,B1,-1,지하 1층,엘리베이터,일반승강기,[3호기]3번출구측
S1_6_0584,6호선,한강진,B1,-1,지하 1층,엘리베이터,일반승강기,[2호기]버티고개방면4-2
S1_6_0584,6호선,한강진,B1,-1,지하 1층,전동휠체어충전설비,전동휠체어충전설비,지하1층 아이센터 옆
S1_6_0584,6호선,한강진,B1,-1,지하 1층,화장실,일반화장실(남),대합실 B1층 임대상가(gs25)옆
S1_6_0584,6호선,한강진,B1,-1,지하 1층,화장실,일반화장실(여),대합실 B1층 임대상가(gs25)옆
S1_6_0584,6호선,한강진,B1,-1,지하 1층,화장실,장애인화장실(남),대합실 B1층 임대상가(gs25)옆
S1_6_0584,6호선,한강진,B1,-1,지하 1층,화장실,장애인화장실(여),대합실 B1층 임대상가(gs25)옆
S1_6_0584,6호선,한강진,B1,-1,지하 1층,고객센터,고객센터,B1층 대합실
S1_6_0584,6호선,한강진,B2,-2,지하 2층,엘리베이터,일반승강기,[2호기](B1-B4) 승강장
S1_6_0584,6호선,한강진,B3,-3,지하 3층,대합실,대합실,
S1_6_0584,6호선,한강진,B3,-3,지하 3층,엘리베이터,일반승강기,[2호기](B1-B4) 승강장
S1_6_0584,6호선,한강진,B3,-3,지하 3층,엘리베이터,일반승강기,[1호기]이태원방면5-2
S1_6_0584,6호선,한강진,B4,-4,지하 4층,엘리베이터,일반승강기,[1호기]이태원방면5-2
S1_6_0584,6호선,한강진,B4,-4,지하 4층,엘리베이터,일반승강기,[2호기]버티고개방면4-2
S1_6_0584,6호선,한강진,B4,-4,지하 4층,승강장,6호선 승강장 (이태원 방면),상대식
S1_6_0584,6호선,한강진,B4,-4,지하 4층,승강장,6호선 승강장 (버티고개 방면),상대식
S1_6_0227,6호선,버티고개,1F,1,지상 1층,엘리베이터,일반승강기,[5호기]2번출구측
S1_6_0227,6호선,버티고개,1F,1,지상 1층,출입구,1번 출입구,
S1_6_0227,6호선,버티고개,1F,1,지상 1층,출입구,2번 출입구,교통약자 동선 연결
S1_6_0227,6호선,버티고개,B1,-1,지하 1층,대합실,대합실,
S1_6_0227,6호선,버티고개,B1,-1,지하 1층,개찰구,표 내는 곳,
S1_6_0227,6호선,버티고개,B1,-1,지하 1층,엘리베이터,일반승강기,[5호기]2번출구측
S1_6_0227,6호선,버티고개,B1,-1,지하 1층,엘리베이터,일반승강기,[2호기]약수방면4-2
S1_6_0227,6호선,버티고개,B1,-1,지하 1층,화장실,일반화장실(남),대합실 1층 1번출입구 앞
S1_6_0227,6호선,버티고개,B1,-1,지하 1층,화장실,일반화장실(여),대합실 1층 1번출입구 앞
S1_6_0227,6호선,버티고개,B1,-1,지하 1층,화장실,장애인화장실(남),대합실 1층 1번출입구 앞
S1_6_0227,6호선,버티고개,B1,-1,지하 1층,화장실,장애인화장실(여),대합실 1층 1번출입구 앞
S1_6_0227,6호선,버티고개,B1,-1,지하 1층,고객센터,고객센터,B1층 대합실
S1_6_0227,6호선,버티고개,B2,-2,지하 2층,대합실,대합실,
S1_6_0227,6호선,버티고개,B2,-2,지하 2층,엘리베이터,일반승강기,[2호기]약수방면4-2
S1_6_0227,6호선,버티고개,B2,-2,지하 2층,엘리베이터,일반승강기,[1호기]한강진방면5-3
S1_6_0227,6호선,버티고개,B3,-3,지하 3층,대합실,대합실,
S1_6_0227,6호선,버티고개,B3,-3,지하 3층,엘리베이터,일반승강기,[1호기]한강진방면5-3
S1_6_0227,6호선,버티고개,B3,-3,지하 3층,엘리베이터,일반승강기,[4호기]대합실
S1_6_0227,6호선,버티고개,B3,-3,지하 3층,엘리베이터,일반승강기,[3호기]대합실
S1_6_0227,6호선,버티고개,B4,-4,지하 4층,엘리베이터,일반승강기,[3호기]대합실
S1_6_0227,6호선,버티고개,B4,-4,지하 4층,엘리베이터,일반승강기,[4호기]대합실
S1_6_0227,6호선,버티고개,B4,-4,지하 4층,승강장,6호선 승강장 (한강진 방면),상대식
S1_6_0227,6호선,버티고개,B4,-4,지하 4층,승강장,6호선 승강장 (약수 방면),상대식
S1_6_0397,6호선,약수,1F,1,지상 1층,출입구,3번 출입구,교통약자 동선 연결
S1_6_0397,6호선,약수,1F,1,지상 1층,출입구,8번 출입구,
S1_6_0397,6호선,약수,B1,-1,지하 1층,대합실,대합실,
S1_6_0397,6호선,약수,B1,-1,지하 1층,개찰구,표 내는 곳,
S1_6_0397,6호선,약수,B1,-1,지하 1층,엘리베이터,일반승강기,[4호기]대합실
S1_6_0397,6호선,약수,B1,-1,지하 1층,엘리베이터,일반승강기,[3호기]버티고개방면6-1
S1_6_0397,6호선,약수,B1,-1,지하 1층,전동휠체어충전설비,전동휠체어충전설비,지하1층 E/L 3호기 옆에
S1_6_0397,6호선,약수,B1,-1,지하 1층,화장실,일반화장실(남),"대합실 B1 7,8번 출입구앞"
S1_6_0397,6호선,약수,B1,-1,지하 1층,화장실,일반화장실(여),"대합실 B1 7,8번 출입구앞"
S1_6_0397,6호선,약수,B1,-1,지하 1층,화장실,장애인화장실(남),"대합실 B1 7,8번 출입구앞"
S1_6_0397,6호선,약수,B1,-1,지하 1층,화장실,장애인화장실(여),"대합실 B1 7,8번 출입구앞"
S1_6_0397,6호선,약수,B2,-2,지하 2층,대합실,대합실,
S1_6_0397,6호선,약수,B2,-2,지하 2층,개찰구,표 내는 곳,
S1_6_0397,6호선,약수,B2,-2,지하 2층,엘리베이터,일반승강기,[4호기]대합실
S1_6_0397,6호선,약수,B2,-2,지하 2층,엘리베이터,일반승강기,[3호기](B1-B3) 승강장
S1_6_0397,6호선,약수,B2,-2,지하 2층,엘리베이터,일반승강기,[2호기]청구방면4-4
S1_6_0397,6호선,약수,B2,-2,지하 2층,엘리베이터,일반승강기,[1호기]버티고개방면5-1
S1_6_0397,6호선,약수,B2,-2,지하 2층,고객센터,고객센터,B2층 대합실
S1_6_0397,6호선,약수,B2,-2,지하 2층,수유실,수유실,B2 고객안전실 인접
S1_6_0397,6호선,약수,B2,-2,지하 2층,환승승강장,3호선 승강장 (동대입구 방면),3호선
S1_6_0397,6호선,약수,B2,-2,지하 2층,환승승강장,3호선 승강장 (금호 방면),3호선
S1_6_0397,6호선,약수,B3,-3,지하 3층,엘리베이터,일반승강기,[2호기]청구방면4-4
S1_6_0397,6호선,약수,B3,-3,지하 3층,엘리베이터,일반승강기,[1호기]버티고개방면5-1
S1_6_0397,6호선,약수,B3,-3,지하 3층,엘리베이터,일반승강기,[3호기]버티고개방면6-1
S1_6_0397,6호선,약수,B3,-3,지하 3층,승강장,6호선 승강장 (버티고개 방면),상대식
S1_6_0397,6호선,약수,B3,-3,지하 3층,승강장,6호선 승강장 (청구 방면),상대식
S1_6_0549,6호선,청구,1F,1,지상 1층,엘리베이터,일반승강기,[5호기]1번출구측
S1_6_0549,6호선,청구,1F,1,지상 1층,엘리베이터,일반승강기,[4호기]3번출구측
S1_6_0549,6호선,청구,1F,1,지상 1층,출입구,1번 출입구,교통약자 동선 연결
S1_6_0549,6호선,청구,1F,1,지상 1층,출입구,3번 출입구,교통약자 동선 연결
S1_6_0549,6호선,청구,B1,-1,지하 1층,대합실,대합실,
S1_6_0549,6호선,청구,B1,-1,지하 1층,개찰구,표 내는 곳,
S1_6_0549,6호선,청구,B1,-1,지하 1층,엘리베이터,일반승강기,[5호기]1번출구측
S1_6_0549,6호선,청구,B1,-1,지하 1층,엘리베이터,일반승강기,[4호기]3번출구측
S1_6_0549,6호선,청구,B1,-1,지하 1층,엘리베이터,일반승강기,[2호기]대합실
S1_6_0549,6호선,청구,B1,-1,지하 1층,엘리베이터,일반승강기,[3호기]대합실
S1_6_0549,6호선,청구,B1,-1,지하 1층,화장실,일반화장실(남),B1 대합실 1번출입구 나가는 방향 맞은편 위치
S1_6_0549,6호선,청구,B1,-1,지하 1층,화장실,일반화장실(여),B1 대합실 1번출입구 나가는 방향 맞은편 위치
S1_6_0549,6호선,청구,B1,-1,지하 1층,화장실,장애인화장실(남),B1 대합실 1번출입구 나가는 방향 맞은편 위치
S1_6_0549,6호선,청구,B1,-1,지하 1층,화장실,장애인화장실(여),B1 대합실 1번출입구 나가는 방향 맞은편 위치
S1_6_0549,6호선,청구,B1,-1,지하 1층,고객센터,고객센터,B1층 대합실
S1_6_0549,6호선,청구,B2,-2,지하 2층,엘리베이터,일반승강기,[3호기](B1-B3)지하3층 대합실
S1_6_0549,6호선,청구,B2,-2,지하 2층,엘리베이터,일반승강기,[2호기](B1-B3)지하3층 대합실
S1_6_0549,6호선,청구,B2,-2,지하 2층,승강장,6호선 승강장 (약수 방면),상대식
S1_6_0549,6호선,청구,B2,-2,지하 2층,승강장,6호선 승강장 (신당 방면),상대식
S1_6_0549,6호선,청구,B3,-3,지하 3층,대합실,대합실,
S1_6_0549,6호선,청구,B3,-3,지하 3층,엘리베이터,일반승강기,[3호기]대합실
S1_6_0549,6호선,청구,B3,-3,지하 3층,엘리베이터,일반승강기,[2호기]대합실
S1_6_0549,6호선,청구,B3,-3,지하 3층,엘리베이터,일반승강기,"[1호기]신금호방면5-3,동대문역사문화공원방면4-1"
S1_6_0549,6호선,청구,B4,-4,지하 4층,엘리베이터,일반승강기,"[1호기]신금호방면5-3,동대문역사문화공원방면4-1"
S1_6_0549,6호선,청구,B4,-4,지하 4층,환승승강장,5호선 승강장 (동대문역사문화공원 방면),5호선
S1_6_0549,6호선,청구,B4,-4,지하 4층,환승승강장,5호선 승강장 (신금호 방면),5호선
S1_6_0356,6호선,신당,1F,1,지상 1층,엘리베이터,일반승강기,"[1호기]청구방면5-3,동묘앞방면4-2"
S1_6_0356,6호선,신당,1F,1,지상 1층,출입구,8번 출입구,
S1_6_0356,6호선,신당,1F,1,지상 1층,출입구,9번 출입구,
S1_6_0356,6호선,신당,1F,1,지상 1층,출입구,11번 출입구,교통약자 동선 연결
S1_6_0356,6호선,신당,B1,-1,지하 1층,대합실,대합실,
S1_6_0356,6호선,신당,B1,-1,지하 1층,개찰구,표 내는 곳,
S1_6_0356,6호선,신당,B1,-1,지하 1층,휠체어리프트,휠체어리프트,9번 출구 측
S1_6_0356,6호선,신당,B1,-1,지하 1층,화장실,일반화장실(남),대합실 B1층 5~8번출입구 나가는 방향 계단 하부
S1_6_0356,6호선,신당,B1,-1,지하 1층,화장실,일반화장실(여),대합실 B1층 5~8번출입구 나가는 방향 계단 하부
S1_6_0356,6호선,신당,B1,-1,지하 1층,화장실,장애인화장실(남),대합실 B1층 5~8번출입구 나가는 방향 계단 하부
S1_6_0356,6호선,신당,B1,-1,지하 1층,화장실,장애인화장실(여),대합실 B1층 5~8번출입구 나가는 방향 계단 하부
S1_6_0356,6호선,신당,B1,-1,지하 1층,고객센터,고객센터,B1층 대합실
S1_6_0356,6호선,신당,B2,-2,지하 2층,대합실,대합실,
S1_6_0356,6호선,신당,B2,-2,지하 2층,엘리베이터,일반승강기,[1호기](B1-B3)승강장
S1_6_0356,6호선,신당,B2,-2,지하 2층,휠체어리프트,휠체어리프트,환승통로
S1_6_0356,6호선,신당,B2,-2,지하 2층,환승승강장,2호선 승강장 (동대문역사문화공원 방면),2호선
S1_6_0356,6호선,신당,B2,-2,지하 2층,환승승강장,2호선 승강장 (상왕십리 방면),2호선
S1_6_0356,6호선,신당,B3,-3,지하 3층,엘리베이터,일반승강기,"[1호기]청구방면5-3,동묘앞방면4-2"
S1_6_0356,6호선,신당,B3,-3,지하 3층,휠체어리프트,휠체어리프트,"청구 방면1-1, 동묘앞 방면8-4"
S1_6_0356,6호선,신당,B3,-3,지하 3층,승강장,6호선 승강장 (청구 방면),섬식
S1_6_0356,6호선,신당,B3,-3,지하 3층,승강장,6호선 승강장 (동묘앞 방면),섬식
S1_6_0161,6호선,동묘앞,1F,1,지상 1층,대합실,대합실,
S1_6_0161,6호선,동묘앞,1F,1,지상 1층,개찰구,표 내는 곳,
S1_6_0161,6호선,동묘앞,1F,1,지상 1층,출입구,2번 출입구,교통약자 동선 연결
S1_6_0161,6호선,동묘앞,1F,1,지상 1층,출입구,3번 출입구,교통약자 동선 연결
S1_6_0161,6호선,동묘앞,1F,1,지상 1층,출입구,5번 출입구,
S1_6_0161,6호선,동묘앞,1F,1,지상 1층,출입구,7번 출입구,
S1_6_0161,6호선,동묘앞,1F,1,지상 1층,출입구,10번 출입구,교통약자 동선 연결
S1_6_0161,6호선,동묘앞,B1,-1,지하 1층,개찰구,표 내는 곳,
S1_6_0161,6호선,동묘앞,B1,-1,지하 1층,휠체어리프트,휠체어리프트,5번 출구 측
S1_6_0161,6호선,동묘앞,B1,-1,지하 1층,화장실,일반화장실(남),대합실 1층 7번출입구 앞
S1_6_0161,6호선,동묘앞,B1,-1,지하 1층,화장실,일반화장실(여),대합실 1층 7번출입구 앞
S1_6_0161,6호선,동묘앞,B1,-1,지하 1층,화장실,장애인화장실(남),대합실 1층 7번출입구 앞
S1_6_0161,6호선,동묘앞,B1,-1,지하 1층,화장실,장애인화장실(여),대합실 1층 7번출입구 앞
S1_6_0161,6호선,동묘앞,B1,-1,지하 1층,환승승강장,1호선 승강장 (신설동 방면),1호선
S1_6_0161,6호선,동묘앞,B1,-1,지하 1층,환승승강장,1호선 승강장 (동대문 방면),1호선
S1_6_0161,6호선,동묘앞,B2,-2,지하 2층,엘리베이터,일반승강기,"[2호기]신당방면8-4,창신방면1-1"
S1_6_0161,6호선,동묘앞,B2,-2,지하 2층,엘리베이터,일반승강기,"[1호기]신당방면5-3,창신방면4-2"
S1_6_0161,6호선,동묘앞,B2,-2,지하 2층,휠체어리프트,휠체어리프트,대합실
S1_6_0161,6호선,동묘앞,B2,-2,지하 2층,고객센터,고객센터,B2층 대합실
S1_6_0161,6호선,동묘앞,B2,-2,지하 2층,수유실,수유실,B2 고객안전실 앞
S1_6_0161,6호선,동묘앞,B3,-3,지하 3층,엘리베이터,일반승강기,"[1호기]신당방면5-3,창신방면4-2"
S1_6_0161,6호선,동묘앞,B3,-3,지하 3층,엘리베이터,일반승강기,"[2호기]신당방면8-4,창신방면1-1"
S1_6_0161,6호선,동묘앞,B3,-3,지하 3층,승강장,6호선 승강장 (신당 방면),섬식
S1_6_0161,6호선,동묘앞,B3,-3,지하 3층,승강장,6호선 승강장 (창신 방면),섬식
S1_6_0542,6호선,창신,1F,1,지상 1층,엘리베이터,일반승강기,[3호기]2번출구측
S1_6_0542,6호선,창신,1F,1,지상 1층,엘리베이터,일반승강기,"[2호기]3,4번출구사이"
S1_6_0542,6호선,창신,1F,1,지상 1층,출입구,2번 출입구,교통약자 동선 연결
S1_6_0542,6호선,창신,1F,1,지상 1층,출입구,4번 출입구,교통약자 동선 연결
S1_6_0542,6호선,창신,B1,-1,지하 1층,대합실,대합실,
S1_6_0542,6호선,창신,B1,-1,지하 1층,개찰구,표 내는 곳,
S1_6_0542,6호선,창신,B1,-1,지하 1층,엘리베이터,일반승강기,[3호기]2번출구측
S1_6_0542,6호선,창신,B1,-1,지하 1층,엘리베이터,일반승강기,"[2호기]3,4번출구사이"
S1_6_0542,6호선,창신,B1,-1,지하 1층,엘리베이터,일반승강기,"[1호기]동묘앞방면4-2,보문방면5-3"
S1_6_0542,6호선,창신,B1,-1,지하 1층,화장실,일반화장실(남),대합실 1층 E/V1호기 뒷편
S1_6_0542,6호선,창신,B1,-1,지하 1층,화장실,일반화장실(여),대합실 1층 E/V1호기 뒷편
S1_6_0542,6호선,창신,B1,-1,지하 1층,화장실,장애인화장실(남),대합실 1층 E/V1호기 뒷편
S1_6_0542,6호선,창신,B1,-1,지하 1층,화장실,장애인화장실(여),대합실 1층 E/V1호기 뒷편
S1_6_0542,6호선,창신,B1,-1,지하 1층,고객센터,고객센터,B1층 대합실
S1_6_0542,6호선,창신,B2,-2,지하 2층,엘리베이터,일반승강기,[1호기](B1-B4)승강장
S1_6_0542,6호선,창신,B3,-3,지하 3층,엘리베이터,일반승강기,[1호기](B1-B4)승강장
S1_6_0542,6호선,창신,B4,-4,지하 4층,엘리베이터,일반승강기,"[1호기]동묘앞방면4-2,보문방면5-3"
S1_6_0542,6호선,창신,B4,-4,지하 4층,승강장,6호선 승강장 (동묘앞 방면),섬식
S1_6_0542,6호선,창신,B4,-4,지하 4층,승강장,6호선 승강장 (보문 방면),섬식
S1_6_0234,6호선,보문,1F,1,지상 1층,출입구,7번 출입구,교통약자 동선 연결
S1_6_0234,6호선,보문,B2,-2,지하 2층,대합실,대합실,
S1_6_0234,6호선,보문,B2,-2,지하 2층,개찰구,표 내는 곳,
S1_6_0234,6호선,보문,B2,-2,지하 2층,엘리베이터,일반승강기,"[1호기]창신방면4-4,안암방면5-1"
S1_6_0234,6호선,보문,B2,-2,지하 2층,전동휠체어충전설비,전동휠체어충전설비,지하2층 게이트 안쪽 벽면
S1_6_0234,6호선,보문,B2,-2,지하 2층,화장실,일반화장실(남),지하2층 대합실 아이센터 옆
S1_6_0234,6호선,보문,B2,-2,지하 2층,화장실,일반화장실(여),지하2층 대합실 아이센터 옆
S1_6_0234,6호선,보문,B2,-2,지하 2층,화장실,장애인화장실(남),지하2층 대합실 아이센터 옆
S1_6_0234,6호선,보문,B2,-2,지하 2층,화장실,장애인화장실(여),지하2층 대합실 아이센터 옆
S1_6_0234,6호선,보문,B2,-2,지하 2층,고객센터,고객센터,B2층 대합실
S1_6_0234,6호선,보문,B3,-3,지하 3층,엘리베이터,일반승강기,"[1호기]창신방면4-4,안암방면5-1"
S1_6_0234,6호선,보문,B3,-3,지하 3층,승강장,6호선 승강장 (창신 방면),섬식
S1_6_0234,6호선,보문,B3,-3,지하 3층,승강장,6호선 승강장 (안암 방면),섬식
S1_6_0234,6호선,보문,B4,-4,지하 4층,환승승강장,우이신설선 승강장 (신설동 방면),우이신설선
S1_6_0234,6호선,보문,B4,-4,지하 4층,환승승강장,우이신설선 승강장 (성신여대입구 방면),우이신설선
S1_6_0389,6호선,안암,1F,1,지상 1층,엘리베이터,일반승강기,[3호기]1번출구측
S1_6_0389,6호선,안암,1F,1,지상 1층,출입구,1번 출입구,교통약자 동선 연결
S1_6_0389,6호선,안암,1F,1,지상 1층,출입구,4번 출입구,
S1_6_0389,6호선,안암,B1,-1,지하 1층,엘리베이터,일반승강기,[3호기](F1-B2)1번 출입구
S1_6_0389,6호선,안암,B1,-1,지하 1층,화장실,일반화장실(남),"대합실 B1층 3,4번출입구 계단 인근"
S1_6_0389,6호선,안암,B1,-1,지하 1층,화장실,일반화장실(여),"대합실 B1층 3,4번출입구 계단 인근"
S1_6_0389,6호선,안암,B1,-1,지하 1층,화장실,장애인화장실(남),"대합실 B1층 3,4번출입구 계단 인근"
S1_6_0389,6호선,안암,B1,-1,지하 1층,화장실,장애인화장실(여),"대합실 B1층 3,4번출입구 계단 인근"
S1_6_0389,6호선,안암,B2,-2,지하 2층,대합실,대합실,
S1_6_0389,6호선,안암,B2,-2,지하 2층,개찰구,표 내는 곳,
S1_6_0389,6호선,안암,B2,-2,지하 2층,엘리베이터,일반승강기,[3호기]1번출구측
S1_6_0389,6호선,안암,B2,-2,지하 2층,엘리베이터,일반승강기,[1호기]보문방면5-2
S1_6_0389,6호선,안암,B2,-2,지하 2층,엘리베이터,일반승강기,[2호기]고려대방면4-3
S1_6_0389,6호선,안암,B2,-2,지하 2층,전동휠체어충전설비,전동휠체어충전설비,또타 스토리지 우측 E/S 5~6호기 계단 하부 유휴공간
S1_6_0389,6호선,안암,B2,-2,지하 2층,화장실,일반화장실(남),대합실 B2층 봉화산방면 승강장 계단 인근
S1_6_0389,6호선,안암,B2,-2,지하 2층,화장실,일반화장실(여),대합실 B2층 봉화산방면 승강장 계단 인근
S1_6_0389,6호선,안암,B2,-2,지하 2층,화장실,장애인화장실(남),대합실 B2층 봉화산방면 승강장 계단 인근
S1_6_0389,6호선,안암,B2,-2,지하 2층,화장실,장애인화장실(여),대합실 B2층 봉화산방면 승강장 계단 인근
S1_6_0389,6호선,안암,B2,-2,지하 2층,고객센터,고객센터,B2층 대합실
S1_6_0389,6호선,안암,B2,-2,지하 2층,수유실,수유실,B2 고객안전실 내부
S1_6_0389,6호선,안암,B3,-3,지하 3층,엘리베이터,일반승강기,[1호기]보문방면5-2
S1_6_0389,6호선,안암,B3,-3,지하 3층,엘리베이터,일반승강기,[2호기]고려대방면4-3
S1_6_0389,6호선,안암,B3,-3,지하 3층,승강장,6호선 승강장 (보문 방면),상대식
S1_6_0389,6호선,안암,B3,-3,지하 3층,승강장,6호선 승강장 (고려대 방면),상대식
S1_6_0047,6호선,고려대,1F,1,지상 1층,엘리베이터,일반승강기,"[4호기]3,4번출구사이"
S1_6_0047,6호선,고려대,1F,1,지상 1층,엘리베이터,일반승강기,[3호기]1번출구측
S1_6_0047,6호선,고려대,1F,1,지상 1층,출입구,1번 출입구,교통약자 동선 연결
S1_6_0047,6호선,고려대,1F,1,지상 1층,출입구,4번 출입구,교통약자 동선 연결
S1_6_0047,6호선,고려대,B1,-1,지하 1층,대합실,대합실,
S1_6_0047,6호선,고려대,B1,-1,지하 1층,개찰구,표 내는 곳,
S1_6_0047,6호선,고려대,B1,-1,지하 1층,엘리베이터,일반승강기,[3호기]1번출구측
S1_6_0047,6호선,고려대,B1,-1,지하 1층,엘리베이터,일반승강기,"[4호기]3,4번출구사이"
S1_6_0047,6호선,고려대,B1,-1,지하 1층,엘리베이터,일반승강기,[2호기]월곡방면3-2
S1_6_0047,6호선,고려대,B1,-1,지하 1층,엘리베이터,일반승강기,[1호기]안암방면6-2
S1_6_0047,6호선,고려대,B1,-1,지하 1층,전동휠체어충전설비,전동휠체어충전설비,지하1층 고객상담실앞
S1_6_0047,6호선,고려대,B1,-1,지하 1층,화장실,일반화장실(남),지하 1층 대합실(표 내는 곳 안)
S1_6_0047,6호선,고려대,B1,-1,지하 1층,화장실,일반화장실(여),지하 1층 대합실(표 내는 곳 안)
S1_6_0047,6호선,고려대,B1,-1,지하 1층,화장실,장애인화장실(남),지하 1층 대합실(표 내는 곳 안)
S1_6_0047,6호선,고려대,B1,-1,지하 1층,화장실,장애인화장실(여),지하 1층 대합실(표 내는 곳 안)
S1_6_0047,6호선,고려대,B1,-1,지하 1층,고객센터,고객센터,B1층 대합실
S1_6_0047,6호선,고려대,B2,-2,지하 2층,엘리베이터,일반승강기,[2호기](B1-B4) 승강장
S1_6_0047,6호선,고려대,B2,-2,지하 2층,엘리베이터,일반승강기,[1호기](B1-B4) 승강장
S1_6_0047,6호선,고려대,B3,-3,지하 3층,엘리베이터,일반승강기,[1호기](B1-B4) 승강장
S1_6_0047,6호선,고려대,B3,-3,지하 3층,엘리베이터,일반승강기,[2호기](B1-B4) 승강장
S1_6_0047,6호선,고려대,B4,-4,지하 4층,엘리베이터,일반승강기,[1호기]안암방면6-2
S1_6_0047,6호선,고려대,B4,-4,지하 4층,엘리베이터,일반승강기,[2호기]월곡방면3-2
S1_6_0047,6호선,고려대,B4,-4,지하 4층,승강장,6호선 승강장 (안암 방면),상대식
S1_6_0047,6호선,고려대,B4,-4,지하 4층,승강장,6호선 승강장 (월곡 방면),상대식
S1_6_0460,6호선,월곡,1F,1,지상 1층,엘리베이터,일반승강기,"[3호기]1,5번출구사이"
S1_6_0460,6호선,월곡,1F,1,지상 1층,출입구,1번 출입구,교통약자 동선 연결
S1_6_0460,6호선,월곡,1F,1,지상 1층,출입구,5번 출입구,
S1_6_0460,6호선,월곡,B1,-1,지하 1층,엘리베이터,일반승강기,"[3호기](F1-B2)1,5번 출입구 사이"
S1_6_0460,6호선,월곡,B1,-1,지하 1층,화장실,일반화장실(남),지하 1층 
S1_6_0460,6호선,월곡,B1,-1,지하 1층,화장실,일반화장실(여),지하 1층 
S1_6_0460,6호선,월곡,B1,-1,지하 1층,화장실,장애인화장실(남),지하 1층 
S1_6_0460,6호선,월곡,B1,-1,지하 1층,화장실,장애인화장실(여),지하 1층 
S1_6_0460,6호선,월곡,B2,-2,지하 2층,대합실,대합실,
S1_6_0460,6호선,월곡,B2,-2,지하 2층,개찰구,표 내는 곳,
S1_6_0460,6호선,월곡,B2,-2,지하 2층,엘리베이터,일반승강기,"[3호기]1,5번출구사이"
S1_6_0460,6호선,월곡,B2,-2,지하 2층,엘리베이터,일반승강기,[1호기]고려대방면4-4
S1_6_0460,6호선,월곡,B2,-2,지하 2층,엘리베이터,일반승강기,[2호기]상월곡방면4-4
S1_6_0460,6호선,월곡,B2,-2,지하 2층,휠체어리프트,휠체어리프트,아이센터 측(B2)
S1_6_0460,6호선,월곡,B2,-2,지하 2층,전동휠체어충전설비,전동휠체어충전설비,지하2층 하선 엘리베이터 옆
S1_6_0460,6호선,월곡,B2,-2,지하 2층,고객센터,고객센터,B2층 대합실
S1_6_0460,6호선,월곡,B3,-3,지하 3층,엘리베이터,일반승강기,[2호기]상월곡방면4-4
S1_6_0460,6호선,월곡,B3,-3,지하 3층,엘리베이터,일반승강기,[1호기]고려대방면4-4
S1_6_0460,6호선,월곡,B3,-3,지하 3층,승강장,6호선 승강장 (고려대 방면),상대식
S1_6_0460,6호선,월곡,B3,-3,지하 3층,승강장,6호선 승강장 (상월곡 방면),상대식
S1_6_0280,6호선,상월곡,1F,1,지상 1층,엘리베이터,일반승강기,[1호기]4번출구측
S1_6_0280,6호선,상월곡,1F,1,지상 1층,출입구,4번 출입구,교통약자 동선 연결
S1_6_0280,6호선,상월곡,B1,-1,지하 1층,엘리베이터,일반승강기,[1호기](F1-B2)4번 출입구
S1_6_0280,6호선,상월곡,B2,-2,지하 2층,대합실,대합실,
S1_6_0280,6호선,상월곡,B2,-2,지하 2층,개찰구,표 내는 곳,
S1_6_0280,6호선,상월곡,B2,-2,지하 2층,엘리베이터,일반승강기,[3호기]응암방면(1-4)
S1_6_0280,6호선,상월곡,B2,-2,지하 2층,엘리베이터,일반승강기,[2호기]신내방면(8-4)
S1_6_0280,6호선,상월곡,B2,-2,지하 2층,엘리베이터,일반승강기,[1호기]4번출구측
S1_6_0280,6호선,상월곡,B2,-2,지하 2층,화장실,일반화장실(남)," 지하 2층 대합실(1, 4번출입구방면)"
S1_6_0280,6호선,상월곡,B2,-2,지하 2층,화장실,일반화장실(여)," 지하 2층 대합실(1, 4번출입구방면)"
S1_6_0280,6호선,상월곡,B2,-2,지하 2층,화장실,장애인화장실(남)," 지하 2층 대합실(1, 4번출입구방면)"
S1_6_0280,6호선,상월곡,B2,-2,지하 2층,화장실,장애인화장실(여)," 지하 2층 대합실(1, 4번출입구방면)"
S1_6_0280,6호선,상월곡,B2,-2,지하 2층,고객센터,고객센터,B2층 대합실
S1_6_0280,6호선,상월곡,B2,-2,지하 2층,수유실,수유실,B2 고객안전실 인접
S1_6_0280,6호선,상월곡,B3,-3,지하 3층,엘리베이터,일반승강기,[2호기]신내방면(8-4)
S1_6_0280,6호선,상월곡,B3,-3,지하 3층,엘리베이터,일반승강기,[3호기]응암방면(1-4)
S1_6_0280,6호선,상월곡,B3,-3,지하 3층,승강장,6호선 승강장 (월곡 방면),1섬 1상대식
S1_6_0280,6호선,상월곡,B3,-3,지하 3층,승강장,6호선 승강장 (돌곶이 방면),1섬 1상대식
S1_6_0154,6호선,돌곶이,1F,1,지상 1층,엘리베이터,일반승강기,[3호기]3번출구측
S1_6_0154,6호선,돌곶이,1F,1,지상 1층,출입구,3번 출입구,교통약자 동선 연결
S1_6_0154,6호선,돌곶이,1F,1,지상 1층,출입구,7번 출입구,
S1_6_0154,6호선,돌곶이,B1,-1,지하 1층,대합실,대합실,
S1_6_0154,6호선,돌곶이,B1,-1,지하 1층,개찰구,표 내는 곳,
S1_6_0154,6호선,돌곶이,B1,-1,지하 1층,엘리베이터,일반승강기,[3호기]3번출구측
S1_6_0154,6호선,돌곶이,B1,-1,지하 1층,엘리베이터,일반승강기,[2호기]석계방면4-4
S1_6_0154,6호선,돌곶이,B1,-1,지하 1층,엘리베이터,일반승강기,[1호기]상월곡방면4-4
S1_6_0154,6호선,돌곶이,B1,-1,지하 1층,전동휠체어충전설비,전동휠체어충전설비,지하1층 자동칼라사진기옆
S1_6_0154,6호선,돌곶이,B1,-1,지하 1층,화장실,일반화장실(남),"지하 1층 대합실(6,7번출입구 사이)"
S1_6_0154,6호선,돌곶이,B1,-1,지하 1층,화장실,일반화장실(여),"지하 1층 대합실(6,7번출입구 사이)"
S1_6_0154,6호선,돌곶이,B1,-1,지하 1층,화장실,장애인화장실(남),"지하 1층 대합실(6,7번출입구 사이)"
S1_6_0154,6호선,돌곶이,B1,-1,지하 1층,화장실,장애인화장실(여),"지하 1층 대합실(6,7번출입구 사이)"
S1_6_0154,6호선,돌곶이,B1,-1,지하 1층,고객센터,고객센터,B1층 대합실
S1_6_0154,6호선,돌곶이,B2,-2,지하 2층,엘리베이터,일반승강기,[1호기]상월곡방면4-4
S1_6_0154,6호선,돌곶이,B2,-2,지하 2층,엘리베이터,일반승강기,[2호기]석계방면4-4
S1_6_0154,6호선,돌곶이,B2,-2,지하 2층,승강장,6호선 승강장 (상월곡 방면),상대식
S1_6_0154,6호선,돌곶이,B2,-2,지하 2층,승강장,6호선 승강장 (석계 방면),상대식
S1_6_0300,6호선,석계,2F,2,지상 2층,환승승강장,1호선 승강장 (광운대 방면),1호선
S1_6_0300,6호선,석계,2F,2,지상 2층,환승승강장,1호선 승강장 (신이문 방면),1호선
S1_6_0300,6호선,석계,1F,1,지상 1층,엘리베이터,일반승강기,[4호기]4번출구측
S1_6_0300,6호선,석계,1F,1,지상 1층,엘리베이터,일반승강기,[3호기]1번출구측
S1_6_0300,6호선,석계,1F,1,지상 1층,출입구,1번 출입구,
S1_6_0300,6호선,석계,1F,1,지상 1층,출입구,4번 출입구,교통약자 동선 연결
S1_6_0300,6호선,석계,1F,1,지상 1층,출입구,7번 출입구,
S1_6_0300,6호선,석계,B1,-1,지하 1층,대합실,대합실,
S1_6_0300,6호선,석계,B1,-1,지하 1층,개찰구,표 내는 곳,
S1_6_0300,6호선,석계,B1,-1,지하 1층,엘리베이터,일반승강기,[4호기](F1-B2)4번 출입구
S1_6_0300,6호선,석계,B1,-1,지하 1층,엘리베이터,일반승강기,[3호기](F1-B2)1번 출입구
S1_6_0300,6호선,석계,B1,-1,지하 1층,화장실,일반화장실(남),지하 1층 대합실(7번출입구 앞)
S1_6_0300,6호선,석계,B1,-1,지하 1층,화장실,일반화장실(여),지하 1층 대합실(7번출입구 앞)
S1_6_0300,6호선,석계,B1,-1,지하 1층,화장실,장애인화장실(남),지하 1층 대합실(7번출입구 앞)
S1_6_0300,6호선,석계,B1,-1,지하 1층,화장실,장애인화장실(여),지하 1층 대합실(7번출입구 앞)
S1_6_0300,6호선,석계,B2,-2,지하 2층,대합실,대합실,
S1_6_0300,6호선,석계,B2,-2,지하 2층,개찰구,표 내는 곳,
S1_6_0300,6호선,석계,B2,-2,지하 2층,엘리베이터,일반승강기,[4호기]4번출구측
S1_6_0300,6호선,석계,B2,-2,지하 2층,엘리베이터,일반승강기,[3호기]1번출구측
S1_6_0300,6호선,석계,B2,-2,지하 2층,엘리베이터,일반승강기,[2호기]태릉입구방면6-2
S1_6_0300,6호선,석계,B2,-2,지하 2층,엘리베이터,일반승강기,[1호기]돌곶이방면3-3
S1_6_0300,6호선,석계,B2,-2,지하 2층,화장실,일반화장실(남),지하 2층 대합실(환승통로)
S1_6_0300,6호선,석계,B2,-2,지하 2층,화장실,일반화장실(여),지하 2층 대합실(환승통로)
S1_6_0300,6호선,석계,B2,-2,지하 2층,화장실,장애인화장실(남),지하 2층 대합실(환승통로)
S1_6_0300,6호선,석계,B2,-2,지하 2층,화장실,장애인화장실(여),지하 2층 대합실(환승통로)
S1_6_0300,6호선,석계,B2,-2,지하 2층,고객센터,고객센터,B2층 대합실
S1_6_0300,6호선,석계,B3,-3,지하 3층,엘리베이터,일반승강기,[1호기]돌곶이방면3-3
S1_6_0300,6호선,석계,B3,-3,지하 3층,엘리베이터,일반승강기,[2호기]태릉입구방면6-2
S1_6_0300,6호선,석계,B3,-3,지하 3층,휠체어리프트,휠체어리프트,돌곶이 방면1-1
S1_6_0300,6호선,석계,B3,-3,지하 3층,휠체어리프트,휠체어리프트,태릉입구 방면8-4
S1_6_0300,6호선,석계,B3,-3,지하 3층,승강장,6호선 승강장 (돌곶이 방면),섬식
S1_6_0300,6호선,석계,B3,-3,지하 3층,승강장,6호선 승강장 (태릉입구 방면),섬식
S1_6_0568,6호선,태릉입구,1F,1,지상 1층,엘리베이터,일반승강기,[4호기]6번출구측
S1_6_0568,6호선,태릉입구,1F,1,지상 1층,엘리베이터,일반승강기,[3호기]8번출구측
S1_6_0568,6호선,태릉입구,1F,1,지상 1층,출입구,6번 출입구,
S1_6_0568,6호선,태릉입구,1F,1,지상 1층,출입구,8번 출입구,교통약자 동선 연결
S1_6_0568,6호선,태릉입구,B1,-1,지하 1층,대합실,대합실,
S1_6_0568,6호선,태릉입구,B1,-1,지하 1층,개찰구,표 내는 곳,
S1_6_0568,6호선,태릉입구,B1,-1,지하 1층,엘리베이터,일반승강기,[4호기]6번출구측
S1_6_0568,6호선,태릉입구,B1,-1,지하 1층,엘리베이터,일반승강기,[3호기]8번출구측
S1_6_0568,6호선,태릉입구,B1,-1,지하 1층,엘리베이터,일반승강기,[2호기]화랑대방면3-4
S1_6_0568,6호선,태릉입구,B1,-1,지하 1층,엘리베이터,일반승강기,[1호기]석계방면5-3
S1_6_0568,6호선,태릉입구,B1,-1,지하 1층,전동휠체어충전설비,전동휠체어충전설비,6호선 지하1층 화장실 옆
S1_6_0568,6호선,태릉입구,B1,-1,지하 1층,화장실,일반화장실(남),대합실 지하1층 아이센터 옆
S1_6_0568,6호선,태릉입구,B1,-1,지하 1층,화장실,일반화장실(여),대합실 지하1층 아이센터 옆
S1_6_0568,6호선,태릉입구,B1,-1,지하 1층,화장실,장애인화장실(남),대합실 지하1층 아이센터 옆
S1_6_0568,6호선,태릉입구,B1,-1,지하 1층,화장실,장애인화장실(여),대합실 지하1층 아이센터 옆
S1_6_0568,6호선,태릉입구,B2,-2,지하 2층,엘리베이터,일반승강기,[1호기]석계방면5-3
S1_6_0568,6호선,태릉입구,B2,-2,지하 2층,엘리베이터,일반승강기,[2호기]화랑대방면3-4
S1_6_0568,6호선,태릉입구,B2,-2,지하 2층,승강장,6호선 승강장 (석계 방면),상대식
S1_6_0568,6호선,태릉입구,B2,-2,지하 2층,승강장,6호선 승강장 (화랑대 방면),상대식
S1_6_0568,6호선,태릉입구,B3,-3,지하 3층,고객센터,고객센터,B3층 대합실
S1_6_0568,6호선,태릉입구,B4,-4,지하 4층,환승승강장,7호선 승강장 (공릉 방면),7호선
S1_6_0568,6호선,태릉입구,B4,-4,지하 4층,환승승강장,7호선 승강장 (먹골 방면),7호선
S1_6_0600,6호선,화랑대,1F,1,지상 1층,엘리베이터,일반승강기,[3호기]1번출구측
S1_6_0600,6호선,화랑대,1F,1,지상 1층,엘리베이터,일반승강기,[5호기]3번출구측
S1_6_0600,6호선,화랑대,1F,1,지상 1층,엘리베이터,일반승강기,[4호기]7번출구측
S1_6_0600,6호선,화랑대,1F,1,지상 1층,출입구,1번 출입구,교통약자 동선 연결
S1_6_0600,6호선,화랑대,1F,1,지상 1층,출입구,3번 출입구,교통약자 동선 연결
S1_6_0600,6호선,화랑대,1F,1,지상 1층,출입구,5번 출입구,
S1_6_0600,6호선,화랑대,1F,1,지상 1층,출입구,6번 출입구,교통약자 동선 연결
S1_6_0600,6호선,화랑대,1F,1,지상 1층,출입구,7번 출입구,
S1_6_0600,6호선,화랑대,B1,-1,지하 1층,대합실,대합실,
S1_6_0600,6호선,화랑대,B1,-1,지하 1층,개찰구,표 내는 곳,
S1_6_0600,6호선,화랑대,B1,-1,지하 1층,엘리베이터,일반승강기,[5호기]3번출구측
S1_6_0600,6호선,화랑대,B1,-1,지하 1층,엘리베이터,일반승강기,[4호기]7번출구측
S1_6_0600,6호선,화랑대,B1,-1,지하 1층,엘리베이터,일반승강기,[3호기]1번출구측
S1_6_0600,6호선,화랑대,B1,-1,지하 1층,엘리베이터,일반승강기,[2호기]봉화산방면4-1
S1_6_0600,6호선,화랑대,B1,-1,지하 1층,엘리베이터,일반승강기,[1호기]태릉입구방면5-4
S1_6_0600,6호선,화랑대,B1,-1,지하 1층,전동휠체어충전설비,전동휠체어충전설비,B1대합실 5번출구방향 초입 우측벽면(이디야임대상가 옆)
S1_6_0600,6호선,화랑대,B1,-1,지하 1층,화장실,일반화장실(남),지하 1층 대합실(표 내는 곳 밖)
S1_6_0600,6호선,화랑대,B1,-1,지하 1층,화장실,일반화장실(여),지하 1층 대합실(표 내는 곳 밖)
S1_6_0600,6호선,화랑대,B1,-1,지하 1층,화장실,장애인화장실(남),지하 1층 대합실(표 내는 곳 밖)
S1_6_0600,6호선,화랑대,B1,-1,지하 1층,화장실,장애인화장실(여),지하 1층 대합실(표 내는 곳 밖)
S1_6_0600,6호선,화랑대,B1,-1,지하 1층,고객센터,고객센터,B1층 대합실
S1_6_0600,6호선,화랑대,B2,-2,지하 2층,엘리베이터,일반승강기,[1호기]태릉입구방면5-4
S1_6_0600,6호선,화랑대,B2,-2,지하 2층,엘리베이터,일반승강기,[2호기]봉화산방면4-1
S1_6_0600,6호선,화랑대,B2,-2,지하 2층,승강장,6호선 승강장 (태릉입구 방면),상대식
S1_6_0600,6호선,화랑대,B2,-2,지하 2층,승강장,6호선 승강장 (봉화산 방면),상대식
S1_6_0243,6호선,봉화산,1F,1,지상 1층,엘리베이터,일반승강기,[2호기]4번출구측
S1_6_0243,6호선,봉화산,1F,1,지상 1층,엘리베이터,일반승강기,[1호기]2번출구측
S1_6_0243,6호선,봉화산,1F,1,지상 1층,출입구,2번 출입구,교통약자 동선 연결
S1_6_0243,6호선,봉화산,1F,1,지상 1층,출입구,3번 출입구,
S1_6_0243,6호선,봉화산,1F,1,지상 1층,출입구,4번 출입구,교통약자 동선 연결
S1_6_0243,6호선,봉화산,B1,-1,지하 1층,대합실,대합실,
S1_6_0243,6호선,봉화산,B1,-1,지하 1층,개찰구,표 내는 곳,
S1_6_0243,6호선,봉화산,B1,-1,지하 1층,엘리베이터,일반승강기,[1호기]2번출구측
S1_6_0243,6호선,봉화산,B1,-1,지하 1층,엘리베이터,일반승강기,[2호기]4번출구측
S1_6_0243,6호선,봉화산,B1,-1,지하 1층,엘리베이터,일반승강기,[3호기]4번출입구
S1_6_0243,6호선,봉화산,B1,-1,지하 1층,엘리베이터,일반승강기,[4호기]신내방면8-3
S1_6_0243,6호선,봉화산,B1,-1,지하 1층,전동휠체어충전설비,전동휠체어충전설비,지하1층 3번출구 방향 우측 벽면
S1_6_0243,6호선,봉화산,B1,-1,지하 1층,화장실,일반화장실(남),지하 1층 대합실(고객상담실 옆)
S1_6_0243,6호선,봉화산,B1,-1,지하 1층,화장실,일반화장실(여),지하 1층 대합실(고객상담실 옆)
S1_6_0243,6호선,봉화산,B1,-1,지하 1층,화장실,장애인화장실(남),지하 1층 대합실(고객상담실 옆)
S1_6_0243,6호선,봉화산,B1,-1,지하 1층,화장실,장애인화장실(여),지하 1층 대합실(고객상담실 옆)
S1_6_0243,6호선,봉화산,B1,-1,지하 1층,고객센터,고객센터,B1층 대합실
S1_6_0243,6호선,봉화산,B2,-2,지하 2층,엘리베이터,일반승강기,[4호기]신내방면8-3
S1_6_0243,6호선,봉화산,B2,-2,지하 2층,승강장,6호선 승강장 (화랑대 방면),1섬 1상대식
S1_6_0243,6호선,봉화산,B2,-2,지하 2층,승강장,6호선 승강장 (신내 방면),1섬 1상대식
S1_6_0353,6호선,신내,3F,3,지상 3층,환승승강장,경춘선 승강장 (망우 방면),경춘선
S1_6_0353,6호선,신내,3F,3,지상 3층,환승승강장,경춘선 승강장 (갈매 방면),경춘선
S1_6_0353,6호선,신내,2F,2,지상 2층,대합실,대합실,
S1_6_0353,6호선,신내,2F,2,지상 2층,개찰구,표 내는 곳,
S1_6_0353,6호선,신내,2F,2,지상 2층,엘리베이터,일반승강기,"[1호기]신내,봉화산방면8-3"
S1_6_0353,6호선,신내,1F,1,지상 1층,엘리베이터,일반승강기,"[1호기]신내,봉화산방면8-3"
S1_6_0353,6호선,신내,1F,1,지상 1층,고객센터,고객센터,1층 대합실
S1_6_0353,6호선,신내,1F,1,지상 1층,출입구,2번 출입구,교통약자 동선 연결
S1_6_0353,6호선,신내,1F,1,지상 1층,출입구,3번 출입구,교통약자 동선 연결
S1_6_0353,6호선,신내,1F,1,지상 1층,출입구,4번 출입구,교통약자 동선 연결
S1_6_0353,6호선,신내,1F,1,지상 1층,승강장,6호선 승강장 (봉화산 방면),섬식
S1_6_0353,6호선,신내,1F,1,지상 1층,승강장,6호선 승강장 (신내 방면),섬식
S1_7_0503,7호선,장암,2F,2,지상 2층,엘리베이터,일반승강기,[1호기]1번출구측
S1_7_0503,7호선,장암,2F,2,지상 2층,엘리베이터,일반승강기,[2호기]1번출구측
S1_7_0503,7호선,장암,1F,1,지상 1층,대합실,대합실,
S1_7_0503,7호선,장암,1F,1,지상 1층,개찰구,표 내는 곳,
S1_7_0503,7호선,장암,1F,1,지상 1층,엘리베이터,일반승강기,[1호기]1번출구측
S1_7_0503,7호선,장암,1F,1,지상 1층,엘리베이터,일반승강기,[2호기]1번출구측
S1_7_0503,7호선,장암,1F,1,지상 1층,화장실,일반화장실(남),1층 표 내는 곳 옆
S1_7_0503,7호선,장암,1F,1,지상 1층,화장실,일반화장실(여),1층 표 내는 곳 옆
S1_7_0503,7호선,장암,1F,1,지상 1층,화장실,장애인화장실(남),1층 표 내는 곳 옆
S1_7_0503,7호선,장암,1F,1,지상 1층,화장실,장애인화장실(여),1층 표 내는 곳 옆
S1_7_0503,7호선,장암,1F,1,지상 1층,고객센터,고객센터,1층 대합실
S1_7_0503,7호선,장암,1F,1,지상 1층,출입구,1번 출입구,교통약자 동선 연결
S1_7_0503,7호선,장암,1F,1,지상 1층,승강장,7호선 승강장 (장암 방면),1섬 1상대식
S1_7_0503,7호선,장암,1F,1,지상 1층,승강장,7호선 승강장 (도봉산 방면),1섬 1상대식
S1_7_0146,7호선,도봉산,2F,2,지상 2층,엘리베이터,일반승강기,[1호기]장암방면7-2
S1_7_0146,7호선,도봉산,2F,2,지상 2층,엘리베이터,일반승강기,[4호기]수락산방면4-2
S1_7_0146,7호선,도봉산,2F,2,지상 2층,엘리베이터,일반승강기,[3호기]장암방면3-4
S1_7_0146,7호선,도봉산,2F,2,지상 2층,엘리베이터,일반승강기,[2호기]수락산방면2-3
S1_7_0146,7호선,도봉산,2F,2,지상 2층,승강장,7호선 승강장 (장암 방면),상대식
S1_7_0146,7호선,도봉산,2F,2,지상 2층,승강장,7호선 승강장 (수락산 방면),상대식
S1_7_0146,7호선,도봉산,1F,1,지상 1층,대합실,대합실,
S1_7_0146,7호선,도봉산,1F,1,지상 1층,개찰구,표 내는 곳,
S1_7_0146,7호선,도봉산,1F,1,지상 1층,엘리베이터,일반승강기,[4호기]수락산방면4-2
S1_7_0146,7호선,도봉산,1F,1,지상 1층,엘리베이터,일반승강기,[3호기]장암방면3-4
S1_7_0146,7호선,도봉산,1F,1,지상 1층,엘리베이터,일반승강기,[2호기]수락산방면2-3
S1_7_0146,7호선,도봉산,1F,1,지상 1층,엘리베이터,일반승강기,[1호기]장암방면7-2
S1_7_0146,7호선,도봉산,1F,1,지상 1층,엘리베이터,일반승강기,[5호기]1-1번출구측
S1_7_0146,7호선,도봉산,1F,1,지상 1층,전동휠체어충전설비,전동휠체어충전설비,2번출구방향 고객상담실 출입문 우측 벽면
S1_7_0146,7호선,도봉산,1F,1,지상 1층,화장실,일반화장실(남),지상1층 대합실 앞
S1_7_0146,7호선,도봉산,1F,1,지상 1층,화장실,일반화장실(남),지상1층 환승통로 
S1_7_0146,7호선,도봉산,1F,1,지상 1층,화장실,일반화장실(여),지상1층 환승통로 
S1_7_0146,7호선,도봉산,1F,1,지상 1층,화장실,일반화장실(여),지상1층 대합실 앞
S1_7_0146,7호선,도봉산,1F,1,지상 1층,화장실,장애인화장실(남),지상1층 대합실 앞
S1_7_0146,7호선,도봉산,1F,1,지상 1층,화장실,장애인화장실(남),지상1층 환승통로 
S1_7_0146,7호선,도봉산,1F,1,지상 1층,화장실,장애인화장실(여),지상1층 대합실 앞
S1_7_0146,7호선,도봉산,1F,1,지상 1층,화장실,장애인화장실(여),지상1층 환승통로 
S1_7_0146,7호선,도봉산,1F,1,지상 1층,고객센터,고객센터,1층 대합실
S1_7_0146,7호선,도봉산,1F,1,지상 1층,출입구,2번 출입구,교통약자 동선 연결
S1_7_0146,7호선,도봉산,1F,1,지상 1층,출입구,1-1번 출입구,
S1_7_0146,7호선,도봉산,1F,1,지상 1층,환승승강장,1호선 승강장 (망월사 방면),1호선
S1_7_0146,7호선,도봉산,1F,1,지상 1층,환승승강장,1호선 승강장 (도봉 방면),1호선
S1_7_0146,7호선,도봉산,B1,-1,지하 1층,개찰구,표 내는 곳,
S1_7_0146,7호선,도봉산,B1,-1,지하 1층,엘리베이터,일반승강기,[5호기]1-1번출구측
S1_7_0334,7호선,수락산,1F,1,지상 1층,엘리베이터,일반승강기,[1호기]1번출구측
S1_7_0334,7호선,수락산,1F,1,지상 1층,출입구,1번 출입구,교통약자 동선 연결
S1_7_0334,7호선,수락산,B1,-1,지하 1층,엘리베이터,일반승강기,[1호기](F1-B2)1번 출입구
S1_7_0334,7호선,수락산,B2,-2,지하 2층,대합실,대합실,
S1_7_0334,7호선,수락산,B2,-2,지하 2층,개찰구,표 내는 곳,
S1_7_0334,7호선,수락산,B2,-2,지하 2층,엘리베이터,일반승강기,[1호기]1번출구측
S1_7_0334,7호선,수락산,B2,-2,지하 2층,엘리베이터,일반승강기,[3호기]마들방면8-2
S1_7_0334,7호선,수락산,B2,-2,지하 2층,엘리베이터,일반승강기,[2호기]도봉산방면1-1
S1_7_0334,7호선,수락산,B2,-2,지하 2층,전동휠체어충전설비,전동휠체어충전설비,지하2층 화장실 옆
S1_7_0334,7호선,수락산,B2,-2,지하 2층,화장실,일반화장실(남),대합실 지하2층 고객상담실 앞
S1_7_0334,7호선,수락산,B2,-2,지하 2층,화장실,일반화장실(여),대합실 지하2층 고객상담실 앞
S1_7_0334,7호선,수락산,B2,-2,지하 2층,화장실,장애인화장실(남),대합실 지하2층 고객상담실 앞
S1_7_0334,7호선,수락산,B2,-2,지하 2층,화장실,장애인화장실(여),대합실 지하2층 고객상담실 앞
S1_7_0334,7호선,수락산,B2,-2,지하 2층,고객센터,고객센터,B2층 대합실
S1_7_0334,7호선,수락산,B2,-2,지하 2층,수유실,수유실,B2 고객안전실 내부
S1_7_0334,7호선,수락산,B3,-3,지하 3층,엘리베이터,일반승강기,[2호기]도봉산방면1-1
S1_7_0334,7호선,수락산,B3,-3,지하 3층,엘리베이터,일반승강기,[3호기]마들방면8-2
S1_7_0334,7호선,수락산,B3,-3,지하 3층,승강장,7호선 승강장 (도봉산 방면),1섬 1상대식
S1_7_0334,7호선,수락산,B3,-3,지하 3층,승강장,7호선 승강장 (마들 방면),1섬 1상대식
S1_7_0180,7호선,마들,1F,1,지상 1층,엘리베이터,일반승강기,[2호기]5번출구측
S1_7_0180,7호선,마들,1F,1,지상 1층,엘리베이터,일반승강기,[4호기]2번출구측
S1_7_0180,7호선,마들,1F,1,지상 1층,엘리베이터,일반승강기,[3호기]4번출구측
S1_7_0180,7호선,마들,1F,1,지상 1층,출입구,2번 출입구,교통약자 동선 연결
S1_7_0180,7호선,마들,1F,1,지상 1층,출입구,4번 출입구,교통약자 동선 연결
S1_7_0180,7호선,마들,1F,1,지상 1층,출입구,5번 출입구,교통약자 동선 연결
S1_7_0180,7호선,마들,B1,-1,지하 1층,대합실,대합실,
S1_7_0180,7호선,마들,B1,-1,지하 1층,개찰구,표 내는 곳,
S1_7_0180,7호선,마들,B1,-1,지하 1층,엘리베이터,일반승강기,[2호기]5번출구측
S1_7_0180,7호선,마들,B1,-1,지하 1층,엘리베이터,일반승강기,[3호기]4번출구측
S1_7_0180,7호선,마들,B1,-1,지하 1층,엘리베이터,일반승강기,[4호기]2번출구측
S1_7_0180,7호선,마들,B1,-1,지하 1층,엘리베이터,일반승강기,"[1호기]수락산방면8-4,노원방면1-1"
S1_7_0180,7호선,마들,B1,-1,지하 1층,전동휠체어충전설비,전동휠체어충전설비,지하1층 편의점 옆
S1_7_0180,7호선,마들,B2,-2,지하 2층,엘리베이터,일반승강기,[1호기](B1-B3)승강장
S1_7_0180,7호선,마들,B2,-2,지하 2층,휠체어리프트,휠체어리프트,화장실 측(B2)
S1_7_0180,7호선,마들,B2,-2,지하 2층,화장실,일반화장실(남),대합실 B2 에스컬레이터 앞 
S1_7_0180,7호선,마들,B2,-2,지하 2층,화장실,일반화장실(여),대합실 B2 에스컬레이터 앞 
S1_7_0180,7호선,마들,B2,-2,지하 2층,화장실,장애인화장실(남),대합실 B2 에스컬레이터 앞 
S1_7_0180,7호선,마들,B2,-2,지하 2층,화장실,장애인화장실(여),대합실 B2 에스컬레이터 앞 
S1_7_0180,7호선,마들,B2,-2,지하 2층,고객센터,고객센터,B2층 대합실
S1_7_0180,7호선,마들,B3,-3,지하 3층,엘리베이터,일반승강기,"[1호기]수락산방면8-4,노원방면1-1"
S1_7_0180,7호선,마들,B3,-3,지하 3층,승강장,7호선 승강장 (수락산 방면),섬식
S1_7_0180,7호선,마들,B3,-3,지하 3층,승강장,7호선 승강장 (노원 방면),섬식
S1_7_0115,7호선,노원,3F,3,지상 3층,환승승강장,4호선 승강장 (상계 방면),4호선
S1_7_0115,7호선,노원,3F,3,지상 3층,환승승강장,4호선 승강장 (창동 방면),4호선
S1_7_0115,7호선,노원,2F,2,지상 2층,개찰구,표 내는 곳,
S1_7_0115,7호선,노원,1F,1,지상 1층,엘리베이터,일반승강기,[2호기]3번출구측
S1_7_0115,7호선,노원,1F,1,지상 1층,엘리베이터,일반승강기,[3호기]6번출구측
S1_7_0115,7호선,노원,1F,1,지상 1층,엘리베이터,일반승강기,[4호기]5번출구측
S1_7_0115,7호선,노원,1F,1,지상 1층,전동휠체어충전설비,전동휠체어충전설비,지하1층 4번출구 하단계단 바로 옆
S1_7_0115,7호선,노원,1F,1,지상 1층,출입구,3번 출입구,교통약자 동선 연결
S1_7_0115,7호선,노원,1F,1,지상 1층,출입구,4번 출입구,
S1_7_0115,7호선,노원,1F,1,지상 1층,출입구,5번 출입구,교통약자 동선 연결
S1_7_0115,7호선,노원,1F,1,지상 1층,출입구,6번 출입구,교통약자 동선 연결
S1_7_0115,7호선,노원,B1,-1,지하 1층,대합실,대합실,
S1_7_0115,7호선,노원,B1,-1,지하 1층,개찰구,표 내는 곳,
S1_7_0115,7호선,노원,B1,-1,지하 1층,엘리베이터,일반승강기,[4호기]5번출구측
S1_7_0115,7호선,노원,B1,-1,지하 1층,엘리베이터,일반승강기,[2호기]3번출구측
S1_7_0115,7호선,노원,B1,-1,지하 1층,엘리베이터,일반승강기,[3호기]6번출구측
S1_7_0115,7호선,노원,B1,-1,지하 1층,엘리베이터,일반승강기,"[1호기]마들방면4-4,중계방면4-3"
S1_7_0115,7호선,노원,B2,-2,지하 2층,엘리베이터,일반승강기,[1호기](B1-B3)승강장
S1_7_0115,7호선,노원,B2,-2,지하 2층,화장실,일반화장실(남),"지하2층대합실, 가아이센터앞"
S1_7_0115,7호선,노원,B2,-2,지하 2층,화장실,일반화장실(여),"지하2층대합실, 가아이센터앞"
S1_7_0115,7호선,노원,B2,-2,지하 2층,화장실,장애인화장실(남),"지하2층대합실, 가아이센터앞"
S1_7_0115,7호선,노원,B2,-2,지하 2층,화장실,장애인화장실(여),"지하2층대합실, 가아이센터앞"
S1_7_0115,7호선,노원,B2,-2,지하 2층,고객센터,고객센터,B2층 대합실
S1_7_0115,7호선,노원,B2,-2,지하 2층,수유실,수유실,B2 고객안전실 내부
S1_7_0115,7호선,노원,B3,-3,지하 3층,엘리베이터,일반승강기,"[1호기]마들방면4-4,중계방면4-3"
S1_7_0115,7호선,노원,B3,-3,지하 3층,승강장,7호선 승강장 (마들 방면),섬식
S1_7_0115,7호선,노원,B3,-3,지하 3층,승강장,7호선 승강장 (중계 방면),섬식
S1_7_0524,7호선,중계,1F,1,지상 1층,엘리베이터,일반승강기,[3호기]3번출구측
S1_7_0524,7호선,중계,1F,1,지상 1층,엘리베이터,일반승강기,[2호기]5번출구측
S1_7_0524,7호선,중계,1F,1,지상 1층,출입구,1번 출입구,
S1_7_0524,7호선,중계,1F,1,지상 1층,출입구,3번 출입구,교통약자 동선 연결
S1_7_0524,7호선,중계,1F,1,지상 1층,출입구,5번 출입구,교통약자 동선 연결
S1_7_0524,7호선,중계,B1,-1,지하 1층,엘리베이터,일반승강기,[2호기](B2-1F) (B2)대합실 (1F)3/5번출입구 사이
S1_7_0524,7호선,중계,B1,-1,지하 1층,엘리베이터,일반승강기,[3호기](B2-1F) (B2)대합실 (B1)대합실 (1F)2/3번출입구 사이
S1_7_0524,7호선,중계,B1,-1,지하 1층,화장실,일반화장실(남),지하1층 1번출입구 옆
S1_7_0524,7호선,중계,B1,-1,지하 1층,화장실,일반화장실(여),지하1층 1번출입구 옆
S1_7_0524,7호선,중계,B1,-1,지하 1층,화장실,장애인화장실(남),지하1층 1번출입구 옆
S1_7_0524,7호선,중계,B1,-1,지하 1층,화장실,장애인화장실(여),지하1층 1번출입구 옆
S1_7_0524,7호선,중계,B2,-2,지하 2층,대합실,대합실,
S1_7_0524,7호선,중계,B2,-2,지하 2층,개찰구,표 내는 곳,
S1_7_0524,7호선,중계,B2,-2,지하 2층,엘리베이터,일반승강기,[2호기]5번출구측
S1_7_0524,7호선,중계,B2,-2,지하 2층,엘리베이터,일반승강기,[3호기]3번출구측
S1_7_0524,7호선,중계,B2,-2,지하 2층,엘리베이터,일반승강기,"[1호기]노원방면5-1,하계방면4-4"
S1_7_0524,7호선,중계,B2,-2,지하 2층,전동휠체어충전설비,전동휠체어충전설비,지하2층 아이센터 맞은편 게이트 앞
S1_7_0524,7호선,중계,B2,-2,지하 2층,고객센터,고객센터,B2층 대합실
S1_7_0524,7호선,중계,B3,-3,지하 3층,엘리베이터,일반승강기,"[1호기]노원방면5-1,하계방면4-4"
S1_7_0524,7호선,중계,B3,-3,지하 3층,승강장,7호선 승강장 (노원 방면),섬식
S1_7_0524,7호선,중계,B3,-3,지하 3층,승강장,7호선 승강장 (하계 방면),섬식
S1_7_0581,7호선,하계,1F,1,지상 1층,엘리베이터,일반승강기,[3호기]6번출구측
S1_7_0581,7호선,하계,1F,1,지상 1층,엘리베이터,일반승강기,[2호기]1번출구측
S1_7_0581,7호선,하계,1F,1,지상 1층,출입구,1번 출입구,교통약자 동선 연결
S1_7_0581,7호선,하계,1F,1,지상 1층,출입구,4번 출입구,
S1_7_0581,7호선,하계,1F,1,지상 1층,출입구,6번 출입구,교통약자 동선 연결
S1_7_0581,7호선,하계,B1,-1,지하 1층,대합실,대합실,
S1_7_0581,7호선,하계,B1,-1,지하 1층,개찰구,표 내는 곳,
S1_7_0581,7호선,하계,B1,-1,지하 1층,엘리베이터,일반승강기,[2호기]1번출구측
S1_7_0581,7호선,하계,B1,-1,지하 1층,엘리베이터,일반승강기,[3호기]6번출구측
S1_7_0581,7호선,하계,B1,-1,지하 1층,엘리베이터,일반승강기,"[1호기]중계방면4-4,공릉방면5-1"
S1_7_0581,7호선,하계,B1,-1,지하 1층,전동휠체어충전설비,전동휠체어충전설비,지하1층 2호기 엘리베이터 맞은편
S1_7_0581,7호선,하계,B1,-1,지하 1층,화장실,일반화장실(남),지하1층 4번출입구
S1_7_0581,7호선,하계,B1,-1,지하 1층,화장실,일반화장실(여),지하1층 4번출입구
S1_7_0581,7호선,하계,B1,-1,지하 1층,화장실,장애인화장실(남),지하1층 4번출입구
S1_7_0581,7호선,하계,B1,-1,지하 1층,화장실,장애인화장실(여),지하1층 4번출입구
S1_7_0581,7호선,하계,B2,-2,지하 2층,엘리베이터,일반승강기,[2호기](B1-B3)승강장
S1_7_0581,7호선,하계,B2,-2,지하 2층,고객센터,고객센터,B2층 대합실
S1_7_0581,7호선,하계,B2,-2,지하 2층,수유실,수유실,B2 고객안전실 인접
S1_7_0581,7호선,하계,B3,-3,지하 3층,엘리베이터,일반승강기,"[1호기]중계방면4-4,공릉방면5-1"
S1_7_0581,7호선,하계,B3,-3,지하 3층,승강장,7호선 승강장 (중계 방면),섬식
S1_7_0581,7호선,하계,B3,-3,지하 3층,승강장,7호선 승강장 (공릉 방면),섬식
S1_7_0055,7호선,공릉,1F,1,지상 1층,엘리베이터,일반승강기,[3호기]2번출구측
S1_7_0055,7호선,공릉,1F,1,지상 1층,출입구,2번 출입구,교통약자 동선 연결
S1_7_0055,7호선,공릉,B1,-1,지하 1층,대합실,대합실,
S1_7_0055,7호선,공릉,B1,-1,지하 1층,개찰구,표 내는 곳,
S1_7_0055,7호선,공릉,B1,-1,지하 1층,엘리베이터,일반승강기,[3호기]2번출구측
S1_7_0055,7호선,공릉,B1,-1,지하 1층,엘리베이터,일반승강기,[2호기]태릉입구방면1-1
S1_7_0055,7호선,공릉,B1,-1,지하 1층,화장실,일반화장실(남),지하1층 아이센터 앞
S1_7_0055,7호선,공릉,B1,-1,지하 1층,화장실,일반화장실(여),지하1층 아이센터 앞
S1_7_0055,7호선,공릉,B1,-1,지하 1층,화장실,장애인화장실(남),지하1층 아이센터 앞
S1_7_0055,7호선,공릉,B1,-1,지하 1층,화장실,장애인화장실(여),지하1층 아이센터 앞
S1_7_0055,7호선,공릉,B1,-1,지하 1층,고객센터,고객센터,B1층 대합실
S1_7_0055,7호선,공릉,B2,-2,지하 2층,대합실,대합실,
S1_7_0055,7호선,공릉,B2,-2,지하 2층,엘리베이터,일반승강기,[1호기]하계방면8-4
S1_7_0055,7호선,공릉,B3,-3,지하 3층,엘리베이터,일반승강기,[1호기](B2-B4) 승강장
S1_7_0055,7호선,공릉,B3,-3,지하 3층,엘리베이터,일반승강기,[2호기](B1-B4) 승강장
S1_7_0055,7호선,공릉,B4,-4,지하 4층,엘리베이터,일반승강기,[2호기]태릉입구방면1-1
S1_7_0055,7호선,공릉,B4,-4,지하 4층,엘리베이터,일반승강기,[1호기]하계방면8-4
S1_7_0055,7호선,공릉,B4,-4,지하 4층,승강장,7호선 승강장 (하계 방면),상대식
S1_7_0055,7호선,공릉,B4,-4,지하 4층,승강장,7호선 승강장 (태릉입구 방면),상대식
S1_7_0568,7호선,태릉입구,1F,1,지상 1층,엘리베이터,일반승강기,[2호기]먹골방면3-1
S1_7_0568,7호선,태릉입구,1F,1,지상 1층,출입구,2번 출입구,교통약자 동선 연결
S1_7_0568,7호선,태릉입구,1F,1,지상 1층,출입구,6번 출입구,교통약자 동선 연결
S1_7_0568,7호선,태릉입구,1F,1,지상 1층,출입구,8번 출입구,교통약자 동선 연결
S1_7_0568,7호선,태릉입구,B1,-1,지하 1층,대합실,대합실,
S1_7_0568,7호선,태릉입구,B1,-1,지하 1층,엘리베이터,일반승강기,[2호기](F1-B4) 승강장
S1_7_0568,7호선,태릉입구,B1,-1,지하 1층,엘리베이터,일반승강기,[1호기]공릉방면6-4
S1_7_0568,7호선,태릉입구,B2,-2,지하 2층,엘리베이터,일반승강기,[2호기](F1-B4) 승강장
S1_7_0568,7호선,태릉입구,B2,-2,지하 2층,엘리베이터,일반승강기,[1호기](B1-B4) 승강장
S1_7_0568,7호선,태릉입구,B2,-2,지하 2층,환승승강장,6호선 승강장 (석계 방면),6호선
S1_7_0568,7호선,태릉입구,B2,-2,지하 2층,환승승강장,6호선 승강장 (화랑대 방면),6호선
S1_7_0568,7호선,태릉입구,B3,-3,지하 3층,엘리베이터,일반승강기,[1호기](B1-B4) 승강장
S1_7_0568,7호선,태릉입구,B3,-3,지하 3층,엘리베이터,일반승강기,[2호기](F1-B4) 승강장
S1_7_0568,7호선,태릉입구,B3,-3,지하 3층,화장실,일반화장실(남),대합실 지하3층 고객상담실 앞
S1_7_0568,7호선,태릉입구,B3,-3,지하 3층,화장실,일반화장실(여),대합실 지하3층 고객상담실 앞
S1_7_0568,7호선,태릉입구,B3,-3,지하 3층,화장실,장애인화장실(남),대합실 지하3층 고객상담실 앞
S1_7_0568,7호선,태릉입구,B3,-3,지하 3층,화장실,장애인화장실(여),대합실 지하3층 고객상담실 앞
S1_7_0568,7호선,태릉입구,B3,-3,지하 3층,고객센터,고객센터,B3층 대합실
S1_7_0568,7호선,태릉입구,B3,-3,지하 3층,수유실,수유실,B3 고객안전실 내부
S1_7_0568,7호선,태릉입구,B4,-4,지하 4층,개찰구,표 내는 곳,
S1_7_0568,7호선,태릉입구,B4,-4,지하 4층,엘리베이터,일반승강기,[1호기]공릉방면6-4
S1_7_0568,7호선,태릉입구,B4,-4,지하 4층,엘리베이터,일반승강기,[2호기]먹골방면3-1
S1_7_0568,7호선,태릉입구,B4,-4,지하 4층,승강장,7호선 승강장 (공릉 방면),상대식
S1_7_0568,7호선,태릉입구,B4,-4,지하 4층,승강장,7호선 승강장 (먹골 방면),상대식
S1_7_0195,7호선,먹골,1F,1,지상 1층,엘리베이터,일반승강기,[3호기]2번출구측
S1_7_0195,7호선,먹골,1F,1,지상 1층,출입구,2번 출입구,교통약자 동선 연결
S1_7_0195,7호선,먹골,B1,-1,지하 1층,엘리베이터,일반승강기,[3호기](F1-B2)2번 출입구
S1_7_0195,7호선,먹골,B1,-1,지하 1층,화장실,일반화장실(남),B1층 대합실
S1_7_0195,7호선,먹골,B1,-1,지하 1층,화장실,일반화장실(여),B1층 대합실
S1_7_0195,7호선,먹골,B1,-1,지하 1층,화장실,장애인화장실(남),B1층 대합실
S1_7_0195,7호선,먹골,B1,-1,지하 1층,화장실,장애인화장실(여),B1층 대합실
S1_7_0195,7호선,먹골,B2,-2,지하 2층,대합실,대합실,
S1_7_0195,7호선,먹골,B2,-2,지하 2층,개찰구,표 내는 곳,
S1_7_0195,7호선,먹골,B2,-2,지하 2층,엘리베이터,일반승강기,[3호기]2번출구측
S1_7_0195,7호선,먹골,B2,-2,지하 2층,엘리베이터,일반승강기,[1호기]태릉입구방면4-4
S1_7_0195,7호선,먹골,B2,-2,지하 2층,엘리베이터,일반승강기,[2호기]중화방면5-1
S1_7_0195,7호선,먹골,B2,-2,지하 2층,전동휠체어충전설비,전동휠체어충전설비,지하2층 아이센터 앞 수막밸브함 옆
S1_7_0195,7호선,먹골,B2,-2,지하 2층,고객센터,고객센터,B2층 대합실
S1_7_0195,7호선,먹골,B3,-3,지하 3층,엘리베이터,일반승강기,[2호기]중화방면5-1
S1_7_0195,7호선,먹골,B3,-3,지하 3층,엘리베이터,일반승강기,[1호기]태릉입구방면4-4
S1_7_0195,7호선,먹골,B3,-3,지하 3층,승강장,7호선 승강장 (태릉입구 방면),상대식
S1_7_0195,7호선,먹골,B3,-3,지하 3층,승강장,7호선 승강장 (중화 방면),상대식
S1_7_0530,7호선,중화,1F,1,지상 1층,엘리베이터,일반승강기,[3호기]3번출구측
S1_7_0530,7호선,중화,1F,1,지상 1층,출입구,2번 출입구,
S1_7_0530,7호선,중화,1F,1,지상 1층,출입구,3번 출입구,교통약자 동선 연결
S1_7_0530,7호선,중화,B1,-1,지하 1층,대합실,대합실,
S1_7_0530,7호선,중화,B1,-1,지하 1층,개찰구,표 내는 곳,
S1_7_0530,7호선,중화,B1,-1,지하 1층,엘리베이터,일반승강기,[3호기]3번출구측
S1_7_0530,7호선,중화,B1,-1,지하 1층,엘리베이터,일반승강기,[1호기]먹골방면4-4
S1_7_0530,7호선,중화,B1,-1,지하 1층,전동휠체어충전설비,전동휠체어충전설비,지하1층 E/L 3호기 옆 우측 벽면
S1_7_0530,7호선,중화,B1,-1,지하 1층,화장실,일반화장실(남),B1층  2번출입구 방향
S1_7_0530,7호선,중화,B1,-1,지하 1층,화장실,일반화장실(여),B1층  2번출입구 방향
S1_7_0530,7호선,중화,B1,-1,지하 1층,화장실,장애인화장실(남),B1층  2번출입구 방향
S1_7_0530,7호선,중화,B1,-1,지하 1층,화장실,장애인화장실(여),B1층  2번출입구 방향
S1_7_0530,7호선,중화,B1,-1,지하 1층,고객센터,고객센터,B1층 대합실
S1_7_0530,7호선,중화,B2,-2,지하 2층,대합실,대합실,
S1_7_0530,7호선,중화,B2,-2,지하 2층,엘리베이터,일반승강기,[1호기](B1-B3) 승강장
S1_7_0530,7호선,중화,B2,-2,지하 2층,엘리베이터,일반승강기,[2호기]먹골방면5-1
S1_7_0530,7호선,중화,B3,-3,지하 3층,엘리베이터,일반승강기,[1호기]먹골방면4-4
S1_7_0530,7호선,중화,B3,-3,지하 3층,엘리베이터,일반승강기,[2호기]먹골방면5-1
S1_7_0530,7호선,중화,B3,-3,지하 3층,승강장,7호선 승강장 (먹골 방면),상대식
S1_7_0530,7호선,중화,B3,-3,지하 3층,승강장,7호선 승강장 (상봉 방면),상대식
S1_7_0276,7호선,상봉,1F,1,지상 1층,엘리베이터,일반승강기,[5호기]3번출구측
S1_7_0276,7호선,상봉,1F,1,지상 1층,출입구,2번 출입구,교통약자 동선 연결
S1_7_0276,7호선,상봉,1F,1,지상 1층,출입구,3번 출입구,
S1_7_0276,7호선,상봉,1F,1,지상 1층,출입구,6번 출입구,
S1_7_0276,7호선,상봉,1F,1,지상 1층,환승승강장,경의중앙선 승강장 (중랑 방면),경의중앙선
S1_7_0276,7호선,상봉,1F,1,지상 1층,환승승강장,경의중앙선 승강장 (망우 방면),경의중앙선
S1_7_0276,7호선,상봉,1F,1,지상 1층,환승승강장,경춘선 승강장 (중랑 방면),경춘선
S1_7_0276,7호선,상봉,1F,1,지상 1층,환승승강장,경춘선 승강장 (망우 방면),경춘선
S1_7_0276,7호선,상봉,B1,-1,지하 1층,대합실,대합실,
S1_7_0276,7호선,상봉,B1,-1,지하 1층,개찰구,표 내는 곳,
S1_7_0276,7호선,상봉,B1,-1,지하 1층,엘리베이터,일반승강기,[5호기]3번출구측
S1_7_0276,7호선,상봉,B1,-1,지하 1층,엘리베이터,일반승강기,[2호기]면목방면6-2
S1_7_0276,7호선,상봉,B1,-1,지하 1층,엘리베이터,일반승강기,[1호기]중화방면3-2
S1_7_0276,7호선,상봉,B1,-1,지하 1층,화장실,일반화장실(남),"B1층  1,2,5,6번출입구앞"
S1_7_0276,7호선,상봉,B1,-1,지하 1층,화장실,일반화장실(여),"B1층  1,2,5,6번출입구앞"
S1_7_0276,7호선,상봉,B1,-1,지하 1층,화장실,장애인화장실(남),"B1층  1,2,5,6번출입구앞"
S1_7_0276,7호선,상봉,B1,-1,지하 1층,화장실,장애인화장실(여),"B1층  1,2,5,6번출입구앞"
S1_7_0276,7호선,상봉,B1,-1,지하 1층,고객센터,고객센터,B1층 대합실
S1_7_0276,7호선,상봉,B1,-1,지하 1층,수유실,수유실,B1 고객안전실 내부
S1_7_0276,7호선,상봉,B2,-2,지하 2층,엘리베이터,일반승강기,[1호기](B1-B3) 승강장
S1_7_0276,7호선,상봉,B2,-2,지하 2층,엘리베이터,일반승강기,[2호기](B1-B3) 승강장
S1_7_0276,7호선,상봉,B2,-2,지하 2층,엘리베이터,일반승강기,[4호기]면목방면5-1
S1_7_0276,7호선,상봉,B2,-2,지하 2층,엘리베이터,일반승강기,[3호기]중화방면4-2
S1_7_0276,7호선,상봉,B3,-3,지하 3층,엘리베이터,일반승강기,[1호기]중화방면3-2
S1_7_0276,7호선,상봉,B3,-3,지하 3층,엘리베이터,일반승강기,[2호기]면목방면6-2
S1_7_0276,7호선,상봉,B3,-3,지하 3층,엘리베이터,일반승강기,[4호기]면목방면5-1
S1_7_0276,7호선,상봉,B3,-3,지하 3층,엘리베이터,일반승강기,[3호기]중화방면4-2
S1_7_0276,7호선,상봉,B3,-3,지하 3층,승강장,7호선 승강장 (중화 방면),상대식
S1_7_0276,7호선,상봉,B3,-3,지하 3층,승강장,7호선 승강장 (면목 방면),상대식
S1_7_0196,7호선,면목,1F,1,지상 1층,엘리베이터,일반승강기,[3호기]3번출구측
S1_7_0196,7호선,면목,1F,1,지상 1층,출입구,3번 출입구,교통약자 동선 연결
S1_7_0196,7호선,면목,B1,-1,지하 1층,대합실,대합실,
S1_7_0196,7호선,면목,B1,-1,지하 1층,개찰구,표 내는 곳,
S1_7_0196,7호선,면목,B1,-1,지하 1층,엘리베이터,일반승강기,[3호기]3번출구측
S1_7_0196,7호선,면목,B1,-1,지하 1층,엘리베이터,일반승강기,[1호기]상봉방면4-4
S1_7_0196,7호선,면목,B1,-1,지하 1층,전동휠체어충전설비,전동휠체어충전설비,지하 1층 게이트 안쪽 E/L 1호기 옆 벽면
S1_7_0196,7호선,면목,B1,-1,지하 1층,화장실,일반화장실(남), B1층 아이센터 앞
S1_7_0196,7호선,면목,B1,-1,지하 1층,화장실,일반화장실(여), B1층 아이센터 앞
S1_7_0196,7호선,면목,B1,-1,지하 1층,화장실,장애인화장실(남), B1층 아이센터 앞
S1_7_0196,7호선,면목,B1,-1,지하 1층,화장실,장애인화장실(여), B1층 아이센터 앞
S1_7_0196,7호선,면목,B1,-1,지하 1층,고객센터,고객센터,B1층 대합실
S1_7_0196,7호선,면목,B2,-2,지하 2층,엘리베이터,일반승강기,[1호기](B1-B4) 승강장
S1_7_0196,7호선,면목,B3,-3,지하 3층,대합실,대합실,
S1_7_0196,7호선,면목,B3,-3,지하 3층,엘리베이터,일반승강기,[1호기](B1-B4) 승강장
S1_7_0196,7호선,면목,B3,-3,지하 3층,엘리베이터,일반승강기,[2호기]사가정방면5-2
S1_7_0196,7호선,면목,B4,-4,지하 4층,엘리베이터,일반승강기,[1호기]상봉방면4-4
S1_7_0196,7호선,면목,B4,-4,지하 4층,엘리베이터,일반승강기,[2호기]사가정방면5-2
S1_7_0196,7호선,면목,B4,-4,지하 4층,승강장,7호선 승강장 (상봉 방면),상대식
S1_7_0196,7호선,면목,B4,-4,지하 4층,승강장,7호선 승강장 (사가정 방면),상대식
S1_7_0256,7호선,사가정,1F,1,지상 1층,엘리베이터,일반승강기,[3호기]3번출구측
S1_7_0256,7호선,사가정,1F,1,지상 1층,출입구,1번 출입구,
S1_7_0256,7호선,사가정,1F,1,지상 1층,출입구,3번 출입구,교통약자 동선 연결
S1_7_0256,7호선,사가정,B1,-1,지하 1층,대합실,대합실,
S1_7_0256,7호선,사가정,B1,-1,지하 1층,개찰구,표 내는 곳,
S1_7_0256,7호선,사가정,B1,-1,지하 1층,엘리베이터,일반승강기,[3호기]3번출구측
S1_7_0256,7호선,사가정,B1,-1,지하 1층,엘리베이터,일반승강기,[2호기]용마산방면6-2
S1_7_0256,7호선,사가정,B1,-1,지하 1층,전동휠체어충전설비,전동휠체어충전설비,지하 1층 게이트 나가기전 좌측5m 지점
S1_7_0256,7호선,사가정,B1,-1,지하 1층,화장실,일반화장실(남),B1층  1번출입구 앞
S1_7_0256,7호선,사가정,B1,-1,지하 1층,화장실,일반화장실(여),B1층  1번출입구 앞
S1_7_0256,7호선,사가정,B1,-1,지하 1층,화장실,장애인화장실(남),B1층  1번출입구 앞
S1_7_0256,7호선,사가정,B1,-1,지하 1층,화장실,장애인화장실(여),B1층  1번출입구 앞
S1_7_0256,7호선,사가정,B1,-1,지하 1층,고객센터,고객센터,B1층 대합실
S1_7_0256,7호선,사가정,B2,-2,지하 2층,엘리베이터,일반승강기,[2호기](B1-B4) 승강장
S1_7_0256,7호선,사가정,B3,-3,지하 3층,대합실,대합실,
S1_7_0256,7호선,사가정,B3,-3,지하 3층,엘리베이터,일반승강기,[2호기](B1-B4) 승강장
S1_7_0256,7호선,사가정,B3,-3,지하 3층,엘리베이터,일반승강기,[1호기]면목방면3-3
S1_7_0256,7호선,사가정,B4,-4,지하 4층,엘리베이터,일반승강기,[1호기]면목방면3-3
S1_7_0256,7호선,사가정,B4,-4,지하 4층,엘리베이터,일반승강기,[2호기]용마산방면6-2
S1_7_0256,7호선,사가정,B4,-4,지하 4층,승강장,7호선 승강장 (면목 방면),상대식
S1_7_0256,7호선,사가정,B4,-4,지하 4층,승강장,7호선 승강장 (용마산 방면),상대식
S1_7_0445,7호선,용마산,2F,2,지상 2층,엘리베이터,일반승강기,[3호기]1번출구측
S1_7_0445,7호선,용마산,1F,1,지상 1층,엘리베이터,일반승강기,[3호기](F2-B1)1번 출입구
S1_7_0445,7호선,용마산,1F,1,지상 1층,출입구,1번 출입구,교통약자 동선 연결
S1_7_0445,7호선,용마산,B1,-1,지하 1층,대합실,대합실,
S1_7_0445,7호선,용마산,B1,-1,지하 1층,개찰구,표 내는 곳,
S1_7_0445,7호선,용마산,B1,-1,지하 1층,엘리베이터,일반승강기,[3호기]1번출구측
S1_7_0445,7호선,용마산,B1,-1,지하 1층,엘리베이터,일반승강기,[2호기]중곡방면6-1
S1_7_0445,7호선,용마산,B1,-1,지하 1층,전동휠체어충전설비,전동휠체어충전설비,지하1층 화장실 앞쪽
S1_7_0445,7호선,용마산,B1,-1,지하 1층,화장실,일반화장실(남),B1층  1번출입구 앞
S1_7_0445,7호선,용마산,B1,-1,지하 1층,화장실,일반화장실(여),B1층  1번출입구 앞
S1_7_0445,7호선,용마산,B1,-1,지하 1층,화장실,장애인화장실(남),B1층  1번출입구 앞
S1_7_0445,7호선,용마산,B1,-1,지하 1층,화장실,장애인화장실(여),B1층  1번출입구 앞
S1_7_0445,7호선,용마산,B1,-1,지하 1층,고객센터,고객센터,B1층 대합실
S1_7_0445,7호선,용마산,B2,-2,지하 2층,엘리베이터,일반승강기,[2호기](B1-B4) 승강장
S1_7_0445,7호선,용마산,B3,-3,지하 3층,대합실,대합실,
S1_7_0445,7호선,용마산,B3,-3,지하 3층,엘리베이터,일반승강기,[2호기](B1-B4) 승강장
S1_7_0445,7호선,용마산,B3,-3,지하 3층,엘리베이터,일반승강기,[1호기]사가정방면3-3
S1_7_0445,7호선,용마산,B4,-4,지하 4층,엘리베이터,일반승강기,[1호기]사가정방면3-3
S1_7_0445,7호선,용마산,B4,-4,지하 4층,엘리베이터,일반승강기,[2호기]중곡방면6-1
S1_7_0445,7호선,용마산,B4,-4,지하 4층,승강장,7호선 승강장 (사가정 방면),상대식
S1_7_0445,7호선,용마산,B4,-4,지하 4층,승강장,7호선 승강장 (중곡 방면),상대식
S1_7_0525,7호선,중곡,1F,1,지상 1층,엘리베이터,일반승강기,[3호기]1번출구측
S1_7_0525,7호선,중곡,1F,1,지상 1층,출입구,1번 출입구,교통약자 동선 연결
S1_7_0525,7호선,중곡,B1,-1,지하 1층,엘리베이터,일반승강기,[3호기](F1-B2)1번 출입구
S1_7_0525,7호선,중곡,B2,-2,지하 2층,대합실,대합실,
S1_7_0525,7호선,중곡,B2,-2,지하 2층,개찰구,표 내는 곳,
S1_7_0525,7호선,중곡,B2,-2,지하 2층,엘리베이터,일반승강기,[3호기]1번출구측
S1_7_0525,7호선,중곡,B2,-2,지하 2층,엘리베이터,일반승강기,[2호기]군자방면5-1
S1_7_0525,7호선,중곡,B2,-2,지하 2층,엘리베이터,일반승강기,[1호기]용마산방면4-4
S1_7_0525,7호선,중곡,B2,-2,지하 2층,전동휠체어충전설비,전동휠체어충전설비,지하2층 계단부 벽면
S1_7_0525,7호선,중곡,B2,-2,지하 2층,화장실,일반화장실(남),B2층  표 내는 곳 앞
S1_7_0525,7호선,중곡,B2,-2,지하 2층,화장실,일반화장실(여),B2층  표 내는 곳 앞
S1_7_0525,7호선,중곡,B2,-2,지하 2층,화장실,장애인화장실(남),B2층  표 내는 곳 앞
S1_7_0525,7호선,중곡,B2,-2,지하 2층,화장실,장애인화장실(여),B2층  표 내는 곳 앞
S1_7_0525,7호선,중곡,B2,-2,지하 2층,고객센터,고객센터,B2층 대합실
S1_7_0525,7호선,중곡,B2,-2,지하 2층,승강장,7호선 승강장 (군자 방면),상대식
S1_7_0525,7호선,중곡,B3,-3,지하 3층,엘리베이터,일반승강기,[1호기]용마산방면4-4
S1_7_0525,7호선,중곡,B3,-3,지하 3층,엘리베이터,일반승강기,[2호기]군자방면5-1
S1_7_0525,7호선,중곡,B3,-3,지하 3층,승강장,7호선 승강장 (용마산 방면),상대식
S1_7_0082,7호선,군자,1F,1,지상 1층,엘리베이터,일반승강기,[1호기]7번출구측
S1_7_0082,7호선,군자,1F,1,지상 1층,출입구,4번 출입구,교통약자 동선 연결
S1_7_0082,7호선,군자,1F,1,지상 1층,출입구,7번 출입구,교통약자 동선 연결
S1_7_0082,7호선,군자,B1,-1,지하 1층,대합실,대합실,
S1_7_0082,7호선,군자,B1,-1,지하 1층,개찰구,표 내는 곳,
S1_7_0082,7호선,군자,B1,-1,지하 1층,엘리베이터,일반승강기,[1호기]7번출구측
S1_7_0082,7호선,군자,B1,-1,지하 1층,전동휠체어충전설비,전동휠체어충전설비,지하1층 #4번 E/L  진입 통로(7호선 하선방향)
S1_7_0082,7호선,군자,B1,-1,지하 1층,고객센터,고객센터,B1층 대합실
S1_7_0082,7호선,군자,B2,-2,지하 2층,환승승강장,5호선 승강장 (장한평 방면),5호선
S1_7_0082,7호선,군자,B2,-2,지하 2층,환승승강장,5호선 승강장 (아차산 방면),5호선
S1_7_0082,7호선,군자,B3,-3,지하 3층,승강장,7호선 승강장 (중곡 방면),상대식
S1_7_0082,7호선,군자,B3,-3,지하 3층,승강장,7호선 승강장 (어린이대공원 방면),상대식
S1_7_0408,7호선,어린이대공원,1F,1,지상 1층,엘리베이터,일반승강기,[4호기]5번출구측
S1_7_0408,7호선,어린이대공원,1F,1,지상 1층,엘리베이터,일반승강기,[3호기]1번출구측
S1_7_0408,7호선,어린이대공원,1F,1,지상 1층,출입구,1번 출입구,교통약자 동선 연결
S1_7_0408,7호선,어린이대공원,1F,1,지상 1층,출입구,5번 출입구,교통약자 동선 연결
S1_7_0408,7호선,어린이대공원,B1,-1,지하 1층,대합실,대합실,
S1_7_0408,7호선,어린이대공원,B1,-1,지하 1층,엘리베이터,일반승강기,[3호기]1번출구측
S1_7_0408,7호선,어린이대공원,B1,-1,지하 1층,엘리베이터,일반승강기,[4호기]5번출구측
S1_7_0408,7호선,어린이대공원,B1,-1,지하 1층,엘리베이터,일반승강기,[1호기]군자방면3-3
S1_7_0408,7호선,어린이대공원,B1,-1,지하 1층,엘리베이터,일반승강기,[2호기]건대입구방면6-2
S1_7_0408,7호선,어린이대공원,B1,-1,지하 1층,전동휠체어충전설비,전동휠체어충전설비,지하1층 1번 출구 인근
S1_7_0408,7호선,어린이대공원,B2,-2,지하 2층,엘리베이터,일반승강기,[1호기](B1-B3) 승강장
S1_7_0408,7호선,어린이대공원,B2,-2,지하 2층,엘리베이터,일반승강기,[2호기](B1-B3) 승강장
S1_7_0408,7호선,어린이대공원,B2,-2,지하 2층,화장실,일반화장실(남),B2층  아이센터 옆
S1_7_0408,7호선,어린이대공원,B2,-2,지하 2층,화장실,일반화장실(여),B2층  아이센터 옆
S1_7_0408,7호선,어린이대공원,B2,-2,지하 2층,화장실,장애인화장실(남),B2층  아이센터 옆
S1_7_0408,7호선,어린이대공원,B2,-2,지하 2층,화장실,장애인화장실(여),B2층  아이센터 옆
S1_7_0408,7호선,어린이대공원,B2,-2,지하 2층,고객센터,고객센터,B2층 대합실
S1_7_0408,7호선,어린이대공원,B2,-2,지하 2층,수유실,수유실,B2 고객안전실 내부
S1_7_0408,7호선,어린이대공원,B3,-3,지하 3층,개찰구,표 내는 곳,
S1_7_0408,7호선,어린이대공원,B3,-3,지하 3층,엘리베이터,일반승강기,[1호기]군자방면3-3
S1_7_0408,7호선,어린이대공원,B3,-3,지하 3층,엘리베이터,일반승강기,[2호기]건대입구방면6-2
S1_7_0408,7호선,어린이대공원,B3,-3,지하 3층,승강장,7호선 승강장 (군자 방면),상대식
S1_7_0408,7호선,어린이대공원,B3,-3,지하 3층,승강장,7호선 승강장 (건대입구 방면),상대식
S1_7_0031,7호선,건대입구,3F,3,지상 3층,환승승강장,2호선 승강장 (성수 방면),2호선
S1_7_0031,7호선,건대입구,3F,3,지상 3층,환승승강장,2호선 승강장 (구의 방면),2호선
S1_7_0031,7호선,건대입구,2F,2,지상 2층,개찰구,표 내는 곳,
S1_7_0031,7호선,건대입구,1F,1,지상 1층,출입구,4번 출입구,교통약자 동선 연결
S1_7_0031,7호선,건대입구,B1,-1,지하 1층,휠체어리프트,휠체어리프트,뚝섬유원지 방면1-1
S1_7_0031,7호선,건대입구,B2,-2,지하 2층,대합실,대합실,
S1_7_0031,7호선,건대입구,B2,-2,지하 2층,개찰구,표 내는 곳,
S1_7_0031,7호선,건대입구,B2,-2,지하 2층,엘리베이터,일반승강기,[1호기]어린이대공원방면5-4
S1_7_0031,7호선,건대입구,B2,-2,지하 2층,엘리베이터,일반승강기,[2호기]뚝섬유원지방면4-1
S1_7_0031,7호선,건대입구,B2,-2,지하 2층,화장실,일반화장실(남),B2층 표 내는 곳 옆
S1_7_0031,7호선,건대입구,B2,-2,지하 2층,화장실,일반화장실(여),B2층 표 내는 곳 옆
S1_7_0031,7호선,건대입구,B2,-2,지하 2층,화장실,장애인화장실(남),B2층 표 내는 곳 옆
S1_7_0031,7호선,건대입구,B2,-2,지하 2층,화장실,장애인화장실(여),B2층 표 내는 곳 옆
S1_7_0031,7호선,건대입구,B2,-2,지하 2층,고객센터,고객센터,B2층 대합실
S1_7_0031,7호선,건대입구,B2,-2,지하 2층,승강장,7호선 승강장 (어린이대공원 방면),상대식
S1_7_0031,7호선,건대입구,B2,-2,지하 2층,승강장,7호선 승강장 (자양 방면),상대식
S1_7_0031,7호선,건대입구,B3,-3,지하 3층,개찰구,표 내는 곳,
S1_7_0031,7호선,건대입구,B3,-3,지하 3층,엘리베이터,일반승강기,[2호기]뚝섬유원지방면4-1
S1_7_0031,7호선,건대입구,B3,-3,지하 3층,엘리베이터,일반승강기,[1호기]어린이대공원방면5-4
S1_7_0176,7호선,자양,3F,3,지상 3층,엘리베이터,일반승강기,[3호기]청담방면7-4
S1_7_0176,7호선,자양,3F,3,지상 3층,엘리베이터,일반승강기,[2호기]건대입구방면1-4
S1_7_0176,7호선,자양,3F,3,지상 3층,승강장,7호선 승강장 (건대입구 방면),상대식
S1_7_0176,7호선,자양,3F,3,지상 3층,승강장,7호선 승강장 (청담 방면),상대식
S1_7_0176,7호선,자양,2F,2,지상 2층,대합실,대합실,
S1_7_0176,7호선,자양,2F,2,지상 2층,개찰구,표 내는 곳,
S1_7_0176,7호선,자양,2F,2,지상 2층,엘리베이터,일반승강기,[3호기]청담방면7-4
S1_7_0176,7호선,자양,2F,2,지상 2층,엘리베이터,일반승강기,[2호기]건대입구방면1-4
S1_7_0176,7호선,자양,2F,2,지상 2층,엘리베이터,일반승강기,[1호기]1번출구측
S1_7_0176,7호선,자양,2F,2,지상 2층,화장실,일반화장실(남),지상2층 대합실
S1_7_0176,7호선,자양,2F,2,지상 2층,화장실,일반화장실(여),지상2층 대합실
S1_7_0176,7호선,자양,2F,2,지상 2층,화장실,장애인화장실(남),지상2층 대합실
S1_7_0176,7호선,자양,2F,2,지상 2층,화장실,장애인화장실(여),지상2층 대합실
S1_7_0176,7호선,자양,2F,2,지상 2층,고객센터,고객센터,2층 대합실
S1_7_0176,7호선,자양,2F,2,지상 2층,수유실,수유실,"2F ①,④출구방면 게이트 안쪽"
S1_7_0176,7호선,자양,1F,1,지상 1층,엘리베이터,일반승강기,[1호기]1번출구측
S1_7_0176,7호선,자양,1F,1,지상 1층,출입구,1번 출입구,교통약자 동선 연결
S1_7_0550,7호선,청담,1F,1,지상 1층,엘리베이터,일반승강기,[2호기]10번출구측
S1_7_0550,7호선,청담,1F,1,지상 1층,엘리베이터,일반승강기,[1호기]5번출구측
S1_7_0550,7호선,청담,1F,1,지상 1층,출입구,5번 출입구,교통약자 동선 연결
S1_7_0550,7호선,청담,1F,1,지상 1층,출입구,10번 출입구,교통약자 동선 연결
S1_7_0550,7호선,청담,B1,-1,지하 1층,엘리베이터,일반승강기,[1호기](F1-B3)5번 출입구
S1_7_0550,7호선,청담,B1,-1,지하 1층,엘리베이터,일반승강기,[2호기](F1-B3)10번 출입구
S1_7_0550,7호선,청담,B2,-2,지하 2층,엘리베이터,일반승강기,[1호기](F1-B3)5번 출입구
S1_7_0550,7호선,청담,B2,-2,지하 2층,엘리베이터,일반승강기,[2호기](F1-B3)10번 출입구
S1_7_0550,7호선,청담,B3,-3,지하 3층,대합실,대합실,
S1_7_0550,7호선,청담,B3,-3,지하 3층,개찰구,표 내는 곳,
S1_7_0550,7호선,청담,B3,-3,지하 3층,엘리베이터,일반승강기,[3호기]장암방면(7-4)
S1_7_0550,7호선,청담,B3,-3,지하 3층,엘리베이터,일반승강기,[1호기]5번출구측
S1_7_0550,7호선,청담,B3,-3,지하 3층,엘리베이터,일반승강기,[2호기]10번출구측
S1_7_0550,7호선,청담,B3,-3,지하 3층,화장실,일반화장실(남),B3 대합실 나 I센터 옆
S1_7_0550,7호선,청담,B3,-3,지하 3층,화장실,일반화장실(여),B3 대합실 나 I센터 옆
S1_7_0550,7호선,청담,B3,-3,지하 3층,화장실,장애인화장실(남),B3 대합실 나 I센터 옆
S1_7_0550,7호선,청담,B3,-3,지하 3층,화장실,장애인화장실(여),B3 대합실 나 I센터 옆
S1_7_0550,7호선,청담,B3,-3,지하 3층,고객센터,고객센터,B3층 대합실
S1_7_0550,7호선,청담,B4,-4,지하 4층,엘리베이터,일반승강기,[4호기]석남방면(2-1)
S1_7_0018,7호선,강남구청,1F,1,지상 1층,출입구,1번 출입구,교통약자 동선 연결
S1_7_0018,7호선,강남구청,1F,1,지상 1층,출입구,2번 출입구,교통약자 동선 연결
S1_7_0018,7호선,강남구청,1F,1,지상 1층,출입구,4번 출입구,교통약자 동선 연결
S1_7_0018,7호선,강남구청,1F,1,지상 1층,출입구,3-1번 출입구,교통약자 동선 연결
S1_7_0018,7호선,강남구청,B1,-1,지하 1층,대합실,대합실,
S1_7_0018,7호선,강남구청,B1,-1,지하 1층,화장실,일반화장실(남),B1층 대합실 가아이센터 맞은편
S1_7_0018,7호선,강남구청,B1,-1,지하 1층,화장실,일반화장실(여),B1층 대합실 가아이센터 맞은편
S1_7_0018,7호선,강남구청,B1,-1,지하 1층,화장실,장애인화장실(남),B1층 대합실 가아이센터 맞은편
S1_7_0018,7호선,강남구청,B1,-1,지하 1층,화장실,장애인화장실(여),B1층 대합실 가아이센터 맞은편
S1_7_0018,7호선,강남구청,B2,-2,지하 2층,대합실,대합실,
S1_7_0018,7호선,강남구청,B2,-2,지하 2층,개찰구,표 내는 곳,
S1_7_0018,7호선,강남구청,B2,-2,지하 2층,엘리베이터,일반승강기,[2호기]학동방면8-4
S1_7_0018,7호선,강남구청,B2,-2,지하 2층,엘리베이터,일반승강기,[1호기]청담방면1-1
S1_7_0018,7호선,강남구청,B2,-2,지하 2층,고객센터,고객센터,B2층 대합실
S1_7_0018,7호선,강남구청,B3,-3,지하 3층,엘리베이터,일반승강기,[2호기]학동방면8-4
S1_7_0018,7호선,강남구청,B3,-3,지하 3층,엘리베이터,일반승강기,[1호기]청담방면1-1
S1_7_0018,7호선,강남구청,B3,-3,지하 3층,승강장,7호선 승강장 (청담 방면),상대식
S1_7_0018,7호선,강남구청,B3,-3,지하 3층,승강장,7호선 승강장 (학동 방면),상대식
S1_7_0018,7호선,강남구청,B5,-5,지하 5층,환승승강장,수인분당선 승강장 (압구정로데오 방면),수인분당선
S1_7_0018,7호선,강남구청,B5,-5,지하 5층,환승승강장,수인분당선 승강장 (선정릉 방면),수인분당선
S1_7_0582,7호선,학동,1F,1,지상 1층,엘리베이터,일반승강기,[3호기]3번출구측
S1_7_0582,7호선,학동,1F,1,지상 1층,출입구,2번 출입구,
S1_7_0582,7호선,학동,1F,1,지상 1층,출입구,3번 출입구,교통약자 동선 연결
S1_7_0582,7호선,학동,B1,-1,지하 1층,엘리베이터,일반승강기,[3호기](F1-B2)3번 출입구
S1_7_0582,7호선,학동,B2,-2,지하 2층,대합실,대합실,
S1_7_0582,7호선,학동,B2,-2,지하 2층,개찰구,표 내는 곳,
S1_7_0582,7호선,학동,B2,-2,지하 2층,엘리베이터,일반승강기,[3호기]3번출구측
S1_7_0582,7호선,학동,B2,-2,지하 2층,엘리베이터,일반승강기,[2호기]논현방면5-1
S1_7_0582,7호선,학동,B2,-2,지하 2층,엘리베이터,일반승강기,[1호기]강남구청방면4-4
S1_7_0582,7호선,학동,B2,-2,지하 2층,화장실,일반화장실(남),"B2 1,2번 출입구 계단 옆"
S1_7_0582,7호선,학동,B2,-2,지하 2층,화장실,일반화장실(여),"B2 1,2번 출입구 계단 옆"
S1_7_0582,7호선,학동,B2,-2,지하 2층,화장실,장애인화장실(남),"B2 1,2번 출입구 계단 옆"
S1_7_0582,7호선,학동,B2,-2,지하 2층,화장실,장애인화장실(여),"B2 1,2번 출입구 계단 옆"
S1_7_0582,7호선,학동,B2,-2,지하 2층,고객센터,고객센터,B2층 대합실
S1_7_0582,7호선,학동,B3,-3,지하 3층,엘리베이터,일반승강기,[1호기]강남구청방면4-4
S1_7_0582,7호선,학동,B3,-3,지하 3층,엘리베이터,일반승강기,[2호기]논현방면5-1
S1_7_0582,7호선,학동,B3,-3,지하 3층,승강장,7호선 승강장 (강남구청 방면),상대식
S1_7_0582,7호선,학동,B3,-3,지하 3층,승강장,7호선 승강장 (논현 방면),상대식
S1_7_0120,7호선,논현,1F,1,지상 1층,엘리베이터,일반승강기,[3호기]10번출구측
S1_7_0120,7호선,논현,1F,1,지상 1층,출입구,3번 출입구,교통약자 동선 연결
S1_7_0120,7호선,논현,1F,1,지상 1층,출입구,4번 출입구,교통약자 동선 연결
S1_7_0120,7호선,논현,1F,1,지상 1층,출입구,8번 출입구,
S1_7_0120,7호선,논현,1F,1,지상 1층,출입구,10번 출입구,교통약자 동선 연결
S1_7_0120,7호선,논현,B1,-1,지하 1층,엘리베이터,일반승강기,[3호기](F1-B2)8번 출입구
S1_7_0120,7호선,논현,B1,-1,지하 1층,화장실,일반화장실(남),"대합실 1층 7,8번 출입구 근처"
S1_7_0120,7호선,논현,B1,-1,지하 1층,화장실,일반화장실(여),"대합실 1층 7,8번 출입구 근처"
S1_7_0120,7호선,논현,B1,-1,지하 1층,화장실,장애인화장실(남),"대합실 1층 7,8번 출입구 근처"
S1_7_0120,7호선,논현,B1,-1,지하 1층,화장실,장애인화장실(여),"대합실 1층 7,8번 출입구 근처"
S1_7_0120,7호선,논현,B2,-2,지하 2층,대합실,대합실,
S1_7_0120,7호선,논현,B2,-2,지하 2층,개찰구,표 내는 곳,
S1_7_0120,7호선,논현,B2,-2,지하 2층,엘리베이터,일반승강기,[3호기]10번출구측
S1_7_0120,7호선,논현,B2,-2,지하 2층,엘리베이터,일반승강기,[1호기]학동방면7-4
S1_7_0120,7호선,논현,B2,-2,지하 2층,엘리베이터,일반승강기,[2호기]반포방면2-1
S1_7_0120,7호선,논현,B2,-2,지하 2층,전동휠체어충전설비,전동휠체어충전설비,지하2층에서 지하1층으로 올라가는 계단에서 10m 옆 벽면(공중전화 옆)
S1_7_0120,7호선,논현,B2,-2,지하 2층,화장실,일반화장실(남),대합실 B2층 왓슨스 매장 뒤편
S1_7_0120,7호선,논현,B2,-2,지하 2층,화장실,일반화장실(여),대합실 B2층 왓슨스 매장 뒤편
S1_7_0120,7호선,논현,B2,-2,지하 2층,화장실,장애인화장실(남),대합실 B2층 왓슨스 매장 뒤편
S1_7_0120,7호선,논현,B2,-2,지하 2층,화장실,장애인화장실(여),대합실 B2층 왓슨스 매장 뒤편
S1_7_0120,7호선,논현,B2,-2,지하 2층,고객센터,고객센터,B2층 대합실
S1_7_0120,7호선,논현,B2,-2,지하 2층,수유실,수유실,B2 고객안전실 내부
S1_7_0120,7호선,논현,B3,-3,지하 3층,개찰구,표 내는 곳,
S1_7_0120,7호선,논현,B3,-3,지하 3층,엘리베이터,일반승강기,[1호기]학동방면7-4
S1_7_0120,7호선,논현,B3,-3,지하 3층,엘리베이터,일반승강기,[2호기]반포방면2-1
S1_7_0120,7호선,논현,B3,-3,지하 3층,승강장,7호선 승강장 (학동 방면),상대식
S1_7_0120,7호선,논현,B3,-3,지하 3층,승강장,7호선 승강장 (반포 방면),상대식
S1_7_0120,7호선,논현,B4,-4,지하 4층,개찰구,표 내는 곳,
S1_7_0120,7호선,논현,B4,-4,지하 4층,환승승강장,신분당선 승강장 (신사 방면),신분당선
S1_7_0120,7호선,논현,B4,-4,지하 4층,환승승강장,신분당선 승강장 (신논현 방면),신분당선
S1_7_0215,7호선,반포,1F,1,지상 1층,엘리베이터,일반승강기,[4호기]1번출구측
S1_7_0215,7호선,반포,1F,1,지상 1층,엘리베이터,일반승강기,[3호기]6번출구측
S1_7_0215,7호선,반포,1F,1,지상 1층,출입구,1번 출입구,교통약자 동선 연결
S1_7_0215,7호선,반포,1F,1,지상 1층,출입구,6번 출입구,교통약자 동선 연결
S1_7_0215,7호선,반포,B1,-1,지하 1층,엘리베이터,일반승강기,[3호기](F1-B2)6번 출입구
S1_7_0215,7호선,반포,B1,-1,지하 1층,엘리베이터,일반승강기,[4호기](F1-B2)1번 출입구
S1_7_0215,7호선,반포,B2,-2,지하 2층,대합실,대합실,
S1_7_0215,7호선,반포,B2,-2,지하 2층,개찰구,표 내는 곳,
S1_7_0215,7호선,반포,B2,-2,지하 2층,엘리베이터,일반승강기,[3호기]6번출구측
S1_7_0215,7호선,반포,B2,-2,지하 2층,엘리베이터,일반승강기,[4호기]1번출구측
S1_7_0215,7호선,반포,B2,-2,지하 2층,엘리베이터,일반승강기,[1호기]논현방면5-1
S1_7_0215,7호선,반포,B2,-2,지하 2층,엘리베이터,일반승강기,[2호기]고속터미널방면4-4
S1_7_0215,7호선,반포,B2,-2,지하 2층,휠체어리프트,휠체어리프트,대합실(1~6번출구 방면)
S1_7_0215,7호선,반포,B2,-2,지하 2층,전동휠체어충전설비,전동휠체어충전설비,지하2층 대합실 E/S 오른쪽 자동사진기 옆 벽면
S1_7_0215,7호선,반포,B2,-2,지하 2층,화장실,일반화장실(남),대합실 지하2층 계단 옆
S1_7_0215,7호선,반포,B2,-2,지하 2층,화장실,일반화장실(여),대합실 지하2층 계단 옆
S1_7_0215,7호선,반포,B2,-2,지하 2층,화장실,장애인화장실(남),대합실 지하2층 계단 옆
S1_7_0215,7호선,반포,B2,-2,지하 2층,화장실,장애인화장실(여),대합실 지하2층 계단 옆
S1_7_0215,7호선,반포,B2,-2,지하 2층,고객센터,고객센터,B2층 대합실
S1_7_0215,7호선,반포,B3,-3,지하 3층,엘리베이터,일반승강기,[1호기]논현방면5-1
S1_7_0215,7호선,반포,B3,-3,지하 3층,엘리베이터,일반승강기,[2호기]고속터미널방면4-4
S1_7_0215,7호선,반포,B3,-3,지하 3층,승강장,7호선 승강장 (논현 방면),상대식
S1_7_0215,7호선,반포,B3,-3,지하 3층,승강장,7호선 승강장 (고속터미널 방면),상대식
S1_7_0048,7호선,고속터미널,1F,1,지상 1층,엘리베이터,일반승강기,[2호기]4번출입구
S1_7_0048,7호선,고속터미널,1F,1,지상 1층,출입구,3번 출입구,교통약자 동선 연결
S1_7_0048,7호선,고속터미널,1F,1,지상 1층,출입구,4번 출입구,
S1_7_0048,7호선,고속터미널,1F,1,지상 1층,출입구,6번 출입구,
S1_7_0048,7호선,고속터미널,B1,-1,지하 1층,대합실,대합실,
S1_7_0048,7호선,고속터미널,B1,-1,지하 1층,개찰구,표 내는 곳,
S1_7_0048,7호선,고속터미널,B1,-1,지하 1층,휠체어리프트,휠체어리프트,"4,5,6번출구 방면 통로"
S1_7_0048,7호선,고속터미널,B1,-1,지하 1층,휠체어리프트,휠체어리프트,3번 출구 측
S1_7_0048,7호선,고속터미널,B1,-1,지하 1층,화장실,일반화장실(남),대합실 1층 3번출입구 왼쪽
S1_7_0048,7호선,고속터미널,B1,-1,지하 1층,화장실,일반화장실(여),대합실 1층 3번출입구 왼쪽
S1_7_0048,7호선,고속터미널,B1,-1,지하 1층,화장실,장애인화장실(남),대합실 1층 3번출입구 왼쪽
S1_7_0048,7호선,고속터미널,B1,-1,지하 1층,화장실,장애인화장실(여),대합실 1층 3번출입구 왼쪽
S1_7_0048,7호선,고속터미널,B1,-1,지하 1층,고객센터,고객센터,B1층 대합실
S1_7_0048,7호선,고속터미널,B1,-1,지하 1층,수유실,수유실,B1 고객안전실 내부
S1_7_0048,7호선,고속터미널,B2,-2,지하 2층,대합실,대합실,
S1_7_0048,7호선,고속터미널,B2,-2,지하 2층,엘리베이터,일반승강기,[2호기]4번출입구
S1_7_0048,7호선,고속터미널,B2,-2,지하 2층,엘리베이터,일반승강기,[3호기]내방방면6-2
S1_7_0048,7호선,고속터미널,B2,-2,지하 2층,엘리베이터,일반승강기,[1호기]반포방면3-3
S1_7_0048,7호선,고속터미널,B2,-2,지하 2층,휠체어리프트,휠체어리프트,대합실(3번출구 방면)
S1_7_0048,7호선,고속터미널,B2,-2,지하 2층,휠체어리프트,휠체어리프트,"환승통로(3,9호선)"
S1_7_0048,7호선,고속터미널,B2,-2,지하 2층,전동휠체어충전설비,전동휠체어충전설비,지하2층 지역홍보 센터 앞
S1_7_0048,7호선,고속터미널,B3,-3,지하 3층,엘리베이터,일반승강기,[1호기]반포방면3-3
S1_7_0048,7호선,고속터미널,B3,-3,지하 3층,엘리베이터,일반승강기,[3호기]내방방면6-2
S1_7_0048,7호선,고속터미널,B3,-3,지하 3층,승강장,7호선 승강장 (반포 방면),상대식
S1_7_0048,7호선,고속터미널,B3,-3,지하 3층,승강장,7호선 승강장 (내방 방면),상대식
S1_7_0048,7호선,고속터미널,B3,-3,지하 3층,환승승강장,3호선 승강장 (잠원 방면),3호선
S1_7_0048,7호선,고속터미널,B3,-3,지하 3층,환승승강장,3호선 승강장 (교대 방면),3호선
S1_7_0048,7호선,고속터미널,B4,-4,지하 4층,대합실,대합실,
S1_7_0048,7호선,고속터미널,B5,-5,지하 5층,환승승강장,9호선 승강장 (사평 방면),9호선
S1_7_0048,7호선,고속터미널,B5,-5,지하 5층,환승승강장,9호선 승강장 (신반포 방면),9호선
S1_7_0112,7호선,내방,1F,1,지상 1층,엘리베이터,일반승강기,[5호기]5번출구측
S1_7_0112,7호선,내방,1F,1,지상 1층,엘리베이터,일반승강기,[4호기]3번출구측
S1_7_0112,7호선,내방,1F,1,지상 1층,출입구,3번 출입구,교통약자 동선 연결
S1_7_0112,7호선,내방,1F,1,지상 1층,출입구,5번 출입구,교통약자 동선 연결
S1_7_0112,7호선,내방,1F,1,지상 1층,출입구,8번 출입구,
S1_7_0112,7호선,내방,B1,-1,지하 1층,대합실,대합실,
S1_7_0112,7호선,내방,B1,-1,지하 1층,엘리베이터,일반승강기,[4호기]3번출구측
S1_7_0112,7호선,내방,B1,-1,지하 1층,엘리베이터,일반승강기,[5호기]5번출구측
S1_7_0112,7호선,내방,B1,-1,지하 1층,엘리베이터,일반승강기,[3호기]대합실(고객상담실앞)
S1_7_0112,7호선,내방,B1,-1,지하 1층,화장실,일반화장실(남),대합실 지하1층 5~8번출입구방면
S1_7_0112,7호선,내방,B1,-1,지하 1층,화장실,일반화장실(여),대합실 지하1층 5~8번출입구방면
S1_7_0112,7호선,내방,B1,-1,지하 1층,화장실,장애인화장실(남),대합실 지하1층 5~8번출입구방면
S1_7_0112,7호선,내방,B1,-1,지하 1층,화장실,장애인화장실(여),대합실 지하1층 5~8번출입구방면
S1_7_0112,7호선,내방,B2,-2,지하 2층,대합실,대합실,
S1_7_0112,7호선,내방,B2,-2,지하 2층,개찰구,표 내는 곳,
S1_7_0112,7호선,내방,B2,-2,지하 2층,엘리베이터,일반승강기,[3호기]대합실(고객상담실앞)
S1_7_0112,7호선,내방,B2,-2,지하 2층,엘리베이터,일반승강기,[1호기]고속터미널방면5-2
S1_7_0112,7호선,내방,B2,-2,지하 2층,엘리베이터,일반승강기,[2호기]이수방면4-2
S1_7_0112,7호선,내방,B2,-2,지하 2층,전동휠체어충전설비,전동휠체어충전설비,게이트 정면 20M지점
S1_7_0112,7호선,내방,B2,-2,지하 2층,고객센터,고객센터,B2층 대합실
S1_7_0112,7호선,내방,B3,-3,지하 3층,엘리베이터,일반승강기,[2호기]이수방면4-2
S1_7_0112,7호선,내방,B3,-3,지하 3층,엘리베이터,일반승강기,[1호기]고속터미널방면5-2
S1_7_0112,7호선,내방,B3,-3,지하 3층,승강장,7호선 승강장 (고속터미널 방면),상대식
S1_7_0112,7호선,내방,B3,-3,지하 3층,승강장,7호선 승강장 (총신대입구 방면),상대식
S1_7_0560,7호선,총신대입구,1F,1,지상 1층,엘리베이터,일반승강기,[3호기]11번출구측
S1_7_0560,7호선,총신대입구,1F,1,지상 1층,출입구,11번 출입구,교통약자 동선 연결
S1_7_0560,7호선,총신대입구,B1,-1,지하 1층,엘리베이터,일반승강기,[3호기](F1-B3) (B3)대합실 (1F)11번출입구옆
S1_7_0560,7호선,총신대입구,B1,-1,지하 1층,화장실,일반화장실(남),지하1층 연결통로
S1_7_0560,7호선,총신대입구,B1,-1,지하 1층,화장실,일반화장실(여),지하1층 연결통로
S1_7_0560,7호선,총신대입구,B1,-1,지하 1층,화장실,장애인화장실(남),지하1층 연결통로
S1_7_0560,7호선,총신대입구,B1,-1,지하 1층,화장실,장애인화장실(여),지하1층 연결통로
S1_7_0560,7호선,총신대입구,B2,-2,지하 2층,엘리베이터,일반승강기,[3호기](F1-B3) (B3)대합실 (1F)11번출입구옆
S1_7_0560,7호선,총신대입구,B2,-2,지하 2층,환승승강장,4호선 승강장 (동작 방면),4호선
S1_7_0560,7호선,총신대입구,B2,-2,지하 2층,환승승강장,4호선 승강장 (사당 방면),4호선
S1_7_0560,7호선,총신대입구,B3,-3,지하 3층,대합실,대합실,
S1_7_0560,7호선,총신대입구,B3,-3,지하 3층,개찰구,표 내는 곳,
S1_7_0560,7호선,총신대입구,B3,-3,지하 3층,엘리베이터,일반승강기,[3호기]11번출구측
S1_7_0560,7호선,총신대입구,B3,-3,지하 3층,엘리베이터,일반승강기,[1호기]내방방면4-2
S1_7_0560,7호선,총신대입구,B3,-3,지하 3층,엘리베이터,일반승강기,[2호기]남성방면5-3
S1_7_0560,7호선,총신대입구,B3,-3,지하 3층,전동휠체어충전설비,전동휠체어충전설비,지하3층 E/S9호기 앞(공중전화 박스 옆) 벽면
S1_7_0560,7호선,총신대입구,B3,-3,지하 3층,화장실,일반화장실(남),지하3층 (가)표 내는 곳안쪽 상선 내부계단 옆
S1_7_0560,7호선,총신대입구,B3,-3,지하 3층,화장실,일반화장실(여),지하3층 (가)표 내는 곳안쪽 상선 내부계단 옆
S1_7_0560,7호선,총신대입구,B3,-3,지하 3층,화장실,장애인화장실(남),지하3층 (가)표 내는 곳안쪽 상선 내부계단 옆
S1_7_0560,7호선,총신대입구,B3,-3,지하 3층,화장실,장애인화장실(여),지하3층 (가)표 내는 곳안쪽 상선 내부계단 옆
S1_7_0560,7호선,총신대입구,B3,-3,지하 3층,고객센터,고객센터,B3층 대합실
S1_7_0560,7호선,총신대입구,B3,-3,지하 3층,수유실,수유실,B3 고객안전실 내부
S1_7_0560,7호선,총신대입구,B4,-4,지하 4층,엘리베이터,일반승강기,[2호기]남성방면5-3
S1_7_0560,7호선,총신대입구,B4,-4,지하 4층,엘리베이터,일반승강기,[1호기]내방방면4-2
S1_7_0560,7호선,총신대입구,B4,-4,지하 4층,휠체어리프트,휠체어리프트,환승통로(당고개 방면)
S1_7_0560,7호선,총신대입구,B4,-4,지하 4층,휠체어리프트,휠체어리프트,환승통로(사당 방면)
S1_7_0560,7호선,총신대입구,B4,-4,지하 4층,승강장,7호선 승강장 (내방 방면),상대식
S1_7_0560,7호선,총신대입구,B4,-4,지하 4층,승강장,7호선 승강장 (남성 방면),상대식
S1_7_0107,7호선,남성,1F,1,지상 1층,엘리베이터,일반승강기,[4호기]2번출구측
S1_7_0107,7호선,남성,1F,1,지상 1층,엘리베이터,일반승강기,[3호기]3번출구측
S1_7_0107,7호선,남성,1F,1,지상 1층,출입구,2번 출입구,
S1_7_0107,7호선,남성,1F,1,지상 1층,출입구,3번 출입구,교통약자 동선 연결
S1_7_0107,7호선,남성,B1,-1,지하 1층,엘리베이터,일반승강기,[4호기](B3-F1)2번 출입구
S1_7_0107,7호선,남성,B1,-1,지하 1층,엘리베이터,일반승강기,[3호기](F1-B2)3번 출입구
S1_7_0107,7호선,남성,B2,-2,지하 2층,대합실,대합실,
S1_7_0107,7호선,남성,B2,-2,지하 2층,개찰구,표 내는 곳,
S1_7_0107,7호선,남성,B2,-2,지하 2층,엘리베이터,일반승강기,[3호기]3번출구측
S1_7_0107,7호선,남성,B2,-2,지하 2층,엘리베이터,일반승강기,[4호기]2번출구측
S1_7_0107,7호선,남성,B2,-2,지하 2층,엘리베이터,일반승강기,[4호기](B3-F1)2번 출입구
S1_7_0107,7호선,남성,B2,-2,지하 2층,엘리베이터,일반승강기,[1호기]이수방면6-2
S1_7_0107,7호선,남성,B2,-2,지하 2층,엘리베이터,일반승강기,[2호기]숭실대입구방면3-3
S1_7_0107,7호선,남성,B2,-2,지하 2층,화장실,일반화장실(남),대합실 상선 내부계단 옆
S1_7_0107,7호선,남성,B2,-2,지하 2층,화장실,일반화장실(여),대합실 상선 내부계단 옆
S1_7_0107,7호선,남성,B2,-2,지하 2층,화장실,장애인화장실(남),대합실 상선 내부계단 옆
S1_7_0107,7호선,남성,B2,-2,지하 2층,화장실,장애인화장실(여),대합실 상선 내부계단 옆
S1_7_0107,7호선,남성,B2,-2,지하 2층,고객센터,고객센터,B2층 대합실
S1_7_0107,7호선,남성,B3,-3,지하 3층,엘리베이터,일반승강기,[1호기]이수방면6-2
S1_7_0107,7호선,남성,B3,-3,지하 3층,엘리베이터,일반승강기,[2호기]숭실대입구방면3-3
S1_7_0107,7호선,남성,B3,-3,지하 3층,승강장,7호선 승강장 (총신대입구 방면),상대식
S1_7_0107,7호선,남성,B3,-3,지하 3층,승강장,7호선 승강장 (숭실대입구 방면),상대식
S1_7_0344,7호선,숭실대입구,1F,1,지상 1층,엘리베이터,일반승강기,[4호기]3번출구측
S1_7_0344,7호선,숭실대입구,1F,1,지상 1층,엘리베이터,일반승강기,[3호기]2번출구측
S1_7_0344,7호선,숭실대입구,1F,1,지상 1층,출입구,2번 출입구,교통약자 동선 연결
S1_7_0344,7호선,숭실대입구,1F,1,지상 1층,출입구,3번 출입구,교통약자 동선 연결
S1_7_0344,7호선,숭실대입구,B1,-1,지하 1층,엘리베이터,일반승강기,[4호기](B2-1F) (B2)개찰구옆 통로 (1F)3번출입구방향 계단 앞
S1_7_0344,7호선,숭실대입구,B1,-1,지하 1층,엘리베이터,일반승강기,[3호기](F1-B2)2번 출입구
S1_7_0344,7호선,숭실대입구,B2,-2,지하 2층,대합실,대합실,
S1_7_0344,7호선,숭실대입구,B2,-2,지하 2층,개찰구,표 내는 곳,
S1_7_0344,7호선,숭실대입구,B2,-2,지하 2층,엘리베이터,일반승강기,[3호기]2번출구측
S1_7_0344,7호선,숭실대입구,B2,-2,지하 2층,엘리베이터,일반승강기,[4호기]3번출구측
S1_7_0344,7호선,숭실대입구,B2,-2,지하 2층,엘리베이터,일반승강기,[4호기](B2-1F) (B2)개찰구옆 통로 (1F)3번출입구방향 계단 앞
S1_7_0344,7호선,숭실대입구,B2,-2,지하 2층,엘리베이터,일반승강기,[2호기]상도방면3-3
S1_7_0344,7호선,숭실대입구,B2,-2,지하 2층,엘리베이터,일반승강기,[1호기]남성방면6-1
S1_7_0344,7호선,숭실대입구,B2,-2,지하 2층,화장실,일반화장실(남),대합실2층
S1_7_0344,7호선,숭실대입구,B2,-2,지하 2층,화장실,일반화장실(여),대합실2층
S1_7_0344,7호선,숭실대입구,B2,-2,지하 2층,화장실,장애인화장실(남),대합실2층
S1_7_0344,7호선,숭실대입구,B2,-2,지하 2층,화장실,장애인화장실(여),대합실2층
S1_7_0344,7호선,숭실대입구,B2,-2,지하 2층,고객센터,고객센터,B2층 대합실
S1_7_0344,7호선,숭실대입구,B3,-3,지하 3층,엘리베이터,일반승강기,[1호기](B2-B6) 승강장
S1_7_0344,7호선,숭실대입구,B3,-3,지하 3층,엘리베이터,일반승강기,[2호기](B2-B6) 승강장
S1_7_0344,7호선,숭실대입구,B4,-4,지하 4층,엘리베이터,일반승강기,[2호기](B2-B6) 승강장
S1_7_0344,7호선,숭실대입구,B4,-4,지하 4층,엘리베이터,일반승강기,[1호기](B2-B6) 승강장
S1_7_0344,7호선,숭실대입구,B5,-5,지하 5층,엘리베이터,일반승강기,[1호기](B2-B6) 승강장
S1_7_0344,7호선,숭실대입구,B5,-5,지하 5층,엘리베이터,일반승강기,[2호기](B2-B6) 승강장
S1_7_0344,7호선,숭실대입구,B6,-6,지하 6층,엘리베이터,일반승강기,[1호기]남성방면6-1
S1_7_0344,7호선,숭실대입구,B6,-6,지하 6층,엘리베이터,일반승강기,[2호기]상도방면3-3
S1_7_0344,7호선,숭실대입구,B6,-6,지하 6층,승강장,7호선 승강장 (남성 방면),상대식
S1_7_0344,7호선,숭실대입구,B6,-6,지하 6층,승강장,7호선 승강장 (상도 방면),상대식
S1_7_0273,7호선,상도,1F,1,지상 1층,엘리베이터,일반승강기,[3호기]5번출구측
S1_7_0273,7호선,상도,1F,1,지상 1층,출입구,5번 출입구,교통약자 동선 연결
S1_7_0273,7호선,상도,B1,-1,지하 1층,엘리베이터,일반승강기,[3호기](F1-B2)5번 출입구측
S1_7_0273,7호선,상도,B2,-2,지하 2층,대합실,대합실,
S1_7_0273,7호선,상도,B2,-2,지하 2층,개찰구,표 내는 곳,
S1_7_0273,7호선,상도,B2,-2,지하 2층,엘리베이터,일반승강기,[3호기]5번출구측
S1_7_0273,7호선,상도,B2,-2,지하 2층,엘리베이터,일반승강기,[2호기]장승배기방면4-4
S1_7_0273,7호선,상도,B2,-2,지하 2층,엘리베이터,일반승강기,[1호기]숭실대입구방면4-4
S1_7_0273,7호선,상도,B2,-2,지하 2층,화장실,일반화장실(남),지하 2층 대합실 계단좌측
S1_7_0273,7호선,상도,B2,-2,지하 2층,화장실,일반화장실(여),지하 2층 대합실 계단좌측
S1_7_0273,7호선,상도,B2,-2,지하 2층,화장실,장애인화장실(남),지하 2층 대합실 계단좌측
S1_7_0273,7호선,상도,B2,-2,지하 2층,화장실,장애인화장실(여),지하 2층 대합실 계단좌측
S1_7_0273,7호선,상도,B2,-2,지하 2층,고객센터,고객센터,B2층 대합실
S1_7_0273,7호선,상도,B3,-3,지하 3층,엘리베이터,일반승강기,[1호기]숭실대입구방면4-4
S1_7_0273,7호선,상도,B3,-3,지하 3층,엘리베이터,일반승강기,[2호기]장승배기방면4-4
S1_7_0273,7호선,상도,B3,-3,지하 3층,승강장,7호선 승강장 (숭실대입구 방면),상대식
S1_7_0273,7호선,상도,B3,-3,지하 3층,승강장,7호선 승강장 (장승배기 방면),상대식
S1_7_0502,7호선,장승배기,1F,1,지상 1층,엘리베이터,일반승강기,[3호기]2번출구측
S1_7_0502,7호선,장승배기,1F,1,지상 1층,출입구,2번 출입구,교통약자 동선 연결
S1_7_0502,7호선,장승배기,1F,1,지상 1층,출입구,6번 출입구,
S1_7_0502,7호선,장승배기,B2,-2,지하 2층,대합실,대합실,
S1_7_0502,7호선,장승배기,B2,-2,지하 2층,개찰구,표 내는 곳,
S1_7_0502,7호선,장승배기,B2,-2,지하 2층,엘리베이터,일반승강기,[3호기]2번출구측
S1_7_0502,7호선,장승배기,B2,-2,지하 2층,엘리베이터,일반승강기,[2호기]신대방삼거리방면4-4
S1_7_0502,7호선,장승배기,B2,-2,지하 2층,엘리베이터,일반승강기,[1호기]상도방면4-4
S1_7_0502,7호선,장승배기,B2,-2,지하 2층,화장실,일반화장실(남),"지하2층 대합실 5,6번 출입구방향 내부계단 옆"
S1_7_0502,7호선,장승배기,B2,-2,지하 2층,화장실,일반화장실(여),"지하2층 대합실 5,6번 출입구방향 내부계단 옆"
S1_7_0502,7호선,장승배기,B2,-2,지하 2층,화장실,장애인화장실(남),"지하2층 대합실 5,6번 출입구방향 내부계단 옆"
S1_7_0502,7호선,장승배기,B2,-2,지하 2층,화장실,장애인화장실(여),"지하2층 대합실 5,6번 출입구방향 내부계단 옆"
S1_7_0502,7호선,장승배기,B2,-2,지하 2층,고객센터,고객센터,B2층 대합실
S1_7_0502,7호선,장승배기,B3,-3,지하 3층,엘리베이터,일반승강기,[1호기]상도방면4-4
S1_7_0502,7호선,장승배기,B3,-3,지하 3층,엘리베이터,일반승강기,[2호기]신대방삼거리방면4-4
S1_7_0502,7호선,장승배기,B3,-3,지하 3층,승강장,7호선 승강장 (상도 방면),상대식
S1_7_0502,7호선,장승배기,B3,-3,지하 3층,승강장,7호선 승강장 (신대방삼거리 방면),상대식
S1_7_0358,7호선,신대방삼거리,1F,1,지상 1층,엘리베이터,일반승강기,[4호기]3번출구측
S1_7_0358,7호선,신대방삼거리,1F,1,지상 1층,출입구,2번 출입구,교통약자 동선 연결
S1_7_0358,7호선,신대방삼거리,1F,1,지상 1층,출입구,3번 출입구,
S1_7_0358,7호선,신대방삼거리,B1,-1,지하 1층,대합실,대합실,
S1_7_0358,7호선,신대방삼거리,B1,-1,지하 1층,엘리베이터,일반승강기,[4호기]3번출구측
S1_7_0358,7호선,신대방삼거리,B1,-1,지하 1층,엘리베이터,일반승강기,[3호기]대합실(고객상담실옆)
S1_7_0358,7호선,신대방삼거리,B2,-2,지하 2층,대합실,대합실,
S1_7_0358,7호선,신대방삼거리,B2,-2,지하 2층,개찰구,표 내는 곳,
S1_7_0358,7호선,신대방삼거리,B2,-2,지하 2층,엘리베이터,일반승강기,[3호기]대합실(고객상담실옆)
S1_7_0358,7호선,신대방삼거리,B2,-2,지하 2층,엘리베이터,일반승강기,[2호기]보라매방면4-4
S1_7_0358,7호선,신대방삼거리,B2,-2,지하 2층,엘리베이터,일반승강기,[1호기]장승배기방면4-4
S1_7_0358,7호선,신대방삼거리,B2,-2,지하 2층,화장실,일반화장실(남),대합실 2층
S1_7_0358,7호선,신대방삼거리,B2,-2,지하 2층,화장실,일반화장실(여),대합실 2층
S1_7_0358,7호선,신대방삼거리,B2,-2,지하 2층,화장실,장애인화장실(남),대합실 2층
S1_7_0358,7호선,신대방삼거리,B2,-2,지하 2층,화장실,장애인화장실(여),대합실 2층
S1_7_0358,7호선,신대방삼거리,B2,-2,지하 2층,고객센터,고객센터,B2층 대합실
S1_7_0358,7호선,신대방삼거리,B3,-3,지하 3층,엘리베이터,일반승강기,[1호기]장승배기방면4-4
S1_7_0358,7호선,신대방삼거리,B3,-3,지하 3층,엘리베이터,일반승강기,[2호기]보라매방면4-4
S1_7_0358,7호선,신대방삼거리,B3,-3,지하 3층,승강장,7호선 승강장 (장승배기 방면),상대식
S1_7_0358,7호선,신대방삼거리,B3,-3,지하 3층,승강장,7호선 승강장 (보라매 방면),상대식
S1_7_0232,7호선,보라매,1F,1,지상 1층,엘리베이터,일반승강기,[2호기]6번출구측
S1_7_0232,7호선,보라매,1F,1,지상 1층,출입구,3번 출입구,
S1_7_0232,7호선,보라매,1F,1,지상 1층,출입구,6번 출입구,교통약자 동선 연결
S1_7_0232,7호선,보라매,B1,-1,지하 1층,대합실,대합실,
S1_7_0232,7호선,보라매,B1,-1,지하 1층,개찰구,표 내는 곳,
S1_7_0232,7호선,보라매,B1,-1,지하 1층,엘리베이터,일반승강기,[2호기]6번출구측
S1_7_0232,7호선,보라매,B1,-1,지하 1층,엘리베이터,일반승강기,"[1호기]신풍방면5-1,신대방삼거리방면4-4"
S1_7_0232,7호선,보라매,B1,-1,지하 1층,화장실,일반화장실(남), 대합실 1층 3번출입구 방향
S1_7_0232,7호선,보라매,B1,-1,지하 1층,화장실,일반화장실(여), 대합실 1층 3번출입구 방향
S1_7_0232,7호선,보라매,B1,-1,지하 1층,화장실,장애인화장실(남), 대합실 1층 3번출입구 방향
S1_7_0232,7호선,보라매,B1,-1,지하 1층,화장실,장애인화장실(여), 대합실 1층 3번출입구 방향
S1_7_0232,7호선,보라매,B1,-1,지하 1층,고객센터,고객센터,B1층 대합실
S1_7_0232,7호선,보라매,B2,-2,지하 2층,엘리베이터,일반승강기,"[1호기]신풍방면5-1,신대방삼거리방면4-4"
S1_7_0232,7호선,보라매,B2,-2,지하 2층,승강장,7호선 승강장 (신대방삼거리 방면),섬식
S1_7_0232,7호선,보라매,B2,-2,지하 2층,승강장,7호선 승강장 (신풍 방면),섬식
S1_7_0232,7호선,보라매,B3,-3,지하 3층,환승승강장,신림선 승강장 (서울지방병무청 방면),신림선
S1_7_0232,7호선,보라매,B3,-3,지하 3층,환승승강장,신림선 승강장 (보라매공원 방면),신림선
S1_7_0378,7호선,신풍,1F,1,지상 1층,엘리베이터,일반승강기,[4호기]5번출구측
S1_7_0378,7호선,신풍,1F,1,지상 1층,엘리베이터,일반승강기,[3호기]4번출구측
S1_7_0378,7호선,신풍,1F,1,지상 1층,출입구,4번 출입구,교통약자 동선 연결
S1_7_0378,7호선,신풍,1F,1,지상 1층,출입구,5번 출입구,교통약자 동선 연결
S1_7_0378,7호선,신풍,B1,-1,지하 1층,대합실,대합실,
S1_7_0378,7호선,신풍,B1,-1,지하 1층,개찰구,표 내는 곳,
S1_7_0378,7호선,신풍,B1,-1,지하 1층,엘리베이터,일반승강기,[4호기]5번출구측
S1_7_0378,7호선,신풍,B1,-1,지하 1층,엘리베이터,일반승강기,[3호기]4번출구측
S1_7_0378,7호선,신풍,B1,-1,지하 1층,엘리베이터,일반승강기,[2호기]대림방면4-1
S1_7_0378,7호선,신풍,B1,-1,지하 1층,엘리베이터,일반승강기,[1호기]보라매방면5-4
S1_7_0378,7호선,신풍,B1,-1,지하 1층,전동휠체어충전설비,전동휠체어충전설비,지하1층 고객안전실 맞은편
S1_7_0378,7호선,신풍,B1,-1,지하 1층,화장실,일반화장실(남),대합실 1층 5번출입구방향
S1_7_0378,7호선,신풍,B1,-1,지하 1층,화장실,일반화장실(여),대합실 1층 5번출입구방향
S1_7_0378,7호선,신풍,B1,-1,지하 1층,화장실,장애인화장실(남),대합실 1층 5번출입구방향
S1_7_0378,7호선,신풍,B1,-1,지하 1층,화장실,장애인화장실(여),대합실 1층 5번출입구방향
S1_7_0378,7호선,신풍,B1,-1,지하 1층,고객센터,고객센터,B1층 대합실
S1_7_0378,7호선,신풍,B2,-2,지하 2층,엘리베이터,일반승강기,[1호기]보라매방면5-4
S1_7_0378,7호선,신풍,B2,-2,지하 2층,엘리베이터,일반승강기,[2호기]대림방면4-1
S1_7_0378,7호선,신풍,B2,-2,지하 2층,승강장,7호선 승강장 (보라매 방면),상대식
S1_7_0378,7호선,신풍,B2,-2,지하 2층,승강장,7호선 승강장 (대림 방면),상대식
S1_7_0130,7호선,대림,3F,3,지상 3층,환승승강장,2호선 승강장 (구로디지털단지 방면),2호선
S1_7_0130,7호선,대림,3F,3,지상 3층,환승승강장,2호선 승강장 (신도림 방면),2호선
S1_7_0130,7호선,대림,2F,2,지상 2층,대합실,대합실,
S1_7_0130,7호선,대림,1F,1,지상 1층,엘리베이터,일반승강기,[3호기]10번출구측
S1_7_0130,7호선,대림,1F,1,지상 1층,출입구,10번 출입구,교통약자 동선 연결
S1_7_0130,7호선,대림,B1,-1,지하 1층,대합실,대합실,
S1_7_0130,7호선,대림,B1,-1,지하 1층,개찰구,표 내는 곳,
S1_7_0130,7호선,대림,B1,-1,지하 1층,엘리베이터,일반승강기,[3호기]10번출구측
S1_7_0130,7호선,대림,B1,-1,지하 1층,엘리베이터,일반승강기,[2호기]남구로방면4-4
S1_7_0130,7호선,대림,B1,-1,지하 1층,엘리베이터,일반승강기,[1호기]신풍방면5-1
S1_7_0130,7호선,대림,B1,-1,지하 1층,휠체어리프트,휠체어리프트,"2호선 환승구간(E/S#10,11 옆 계단)"
S1_7_0130,7호선,대림,B1,-1,지하 1층,전동휠체어충전설비,전동휠체어충전설비,B1층 화장실 옆
S1_7_0130,7호선,대림,B1,-1,지하 1층,화장실,일반화장실(남),대합실 1층
S1_7_0130,7호선,대림,B1,-1,지하 1층,화장실,일반화장실(여),대합실 1층
S1_7_0130,7호선,대림,B1,-1,지하 1층,화장실,장애인화장실(남),대합실 1층
S1_7_0130,7호선,대림,B1,-1,지하 1층,화장실,장애인화장실(여),대합실 1층
S1_7_0130,7호선,대림,B1,-1,지하 1층,고객센터,고객센터,B1층 대합실
S1_7_0130,7호선,대림,B1,-1,지하 1층,수유실,수유실,B1 고객안전실 내부
S1_7_0130,7호선,대림,B2,-2,지하 2층,엘리베이터,일반승강기,[1호기]신풍방면5-1
S1_7_0130,7호선,대림,B2,-2,지하 2층,엘리베이터,일반승강기,[2호기]남구로방면4-4
S1_7_0130,7호선,대림,B2,-2,지하 2층,승강장,7호선 승강장 (신풍 방면),상대식
S1_7_0130,7호선,대림,B2,-2,지하 2층,승강장,7호선 승강장 (남구로 방면),상대식
S1_7_0103,7호선,남구로,5F,5,지상 5층,엘리베이터,일반승강기,[1호기]석남방면(8-2)
S1_7_0103,7호선,남구로,5F,5,지상 5층,엘리베이터,일반승강기,[2호기]장암방면(1-4)
S1_7_0103,7호선,남구로,1F,1,지상 1층,엘리베이터,일반승강기,[3호기]외부
S1_7_0103,7호선,남구로,B1,-1,지하 1층,대합실,대합실,
S1_7_0103,7호선,남구로,B1,-1,지하 1층,개찰구,표 내는 곳,
S1_7_0103,7호선,남구로,B1,-1,지하 1층,엘리베이터,일반승강기,[3호기]외부
S1_7_0103,7호선,남구로,B1,-1,지하 1층,휠체어리프트,휠체어리프트,4번 출구 측
S1_7_0103,7호선,남구로,B1,-1,지하 1층,휠체어리프트,휠체어리프트,대합실(2~5번출구 방면) 
S1_7_0103,7호선,남구로,B1,-1,지하 1층,화장실,일반화장실(남),"대합실 1층 2~5번출입구 방향(E/S 7,8호기 옆)"
S1_7_0103,7호선,남구로,B1,-1,지하 1층,화장실,일반화장실(여),"대합실 1층 2~5번출입구 방향(E/S 7,8호기 옆)"
S1_7_0103,7호선,남구로,B1,-1,지하 1층,화장실,장애인화장실(남),"대합실 1층 2~5번출입구 방향(E/S 7,8호기 옆)"
S1_7_0103,7호선,남구로,B1,-1,지하 1층,화장실,장애인화장실(여),"대합실 1층 2~5번출입구 방향(E/S 7,8호기 옆)"
S1_7_0103,7호선,남구로,B1,-1,지하 1층,고객센터,고객센터,B1층 대합실
S1_7_0103,7호선,남구로,B2,-2,지하 2층,대합실,대합실,
S1_7_0103,7호선,남구로,B2,-2,지하 2층,엘리베이터,일반승강기,[2호기]장암방면(1-4)
S1_7_0103,7호선,남구로,B2,-2,지하 2층,엘리베이터,일반승강기,[1호기]석남방면(8-2)
S1_7_0103,7호선,남구로,B2,-2,지하 2층,휠체어리프트,휠체어리프트,대합실(2~5번출구 방면) 
S1_7_0103,7호선,남구로,B4,-4,지하 4층,대합실,대합실,
S1_7_0103,7호선,남구로,B4,-4,지하 4층,휠체어리프트,휠체어리프트,대합실(2~5번출구 방면) 
S1_7_0103,7호선,남구로,B5,-5,지하 5층,휠체어리프트,휠체어리프트,가산디지털단지 방면1-1
S1_7_0103,7호선,남구로,B5,-5,지하 5층,휠체어리프트,휠체어리프트,대림 방면8-4
S1_7_0103,7호선,남구로,B5,-5,지하 5층,출입구,1번 출입구,교통약자 동선 연결
S1_7_0103,7호선,남구로,B5,-5,지하 5층,출입구,4번 출입구,교통약자 동선 연결
S1_7_0103,7호선,남구로,B5,-5,지하 5층,출입구,5번 출입구,
S1_7_0103,7호선,남구로,B5,-5,지하 5층,승강장,7호선 승강장 (대림 방면),상대식
S1_7_0103,7호선,남구로,B5,-5,지하 5층,승강장,7호선 승강장 (가산디지털단지 방면),상대식
S1_7_0004,7호선,가산디지털단지,1F,1,지상 1층,엘리베이터,일반승강기,[4호기]6번출구측
S1_7_0004,7호선,가산디지털단지,1F,1,지상 1층,출입구,4번 출입구,
S1_7_0004,7호선,가산디지털단지,1F,1,지상 1층,출입구,6번 출입구,
S1_7_0004,7호선,가산디지털단지,1F,1,지상 1층,출입구,9번 출입구,교통약자 동선 연결
S1_7_0004,7호선,가산디지털단지,1F,1,지상 1층,환승승강장,1호선 승강장 (구로 방면),1호선
S1_7_0004,7호선,가산디지털단지,1F,1,지상 1층,환승승강장,1호선 승강장 (독산 방면),1호선
S1_7_0004,7호선,가산디지털단지,B1,-1,지하 1층,대합실,대합실,
S1_7_0004,7호선,가산디지털단지,B1,-1,지하 1층,개찰구,표 내는 곳,
S1_7_0004,7호선,가산디지털단지,B1,-1,지하 1층,엘리베이터,일반승강기,[4호기]6번출구측
S1_7_0004,7호선,가산디지털단지,B1,-1,지하 1층,엘리베이터,일반승강기,[3호기]대합실(지하2층)
S1_7_0004,7호선,가산디지털단지,B1,-1,지하 1층,휠체어리프트,휠체어리프트,환승통로(7호선 대합실-1호선 승강장)
S1_7_0004,7호선,가산디지털단지,B1,-1,지하 1층,휠체어리프트,휠체어리프트,대합실
S1_7_0004,7호선,가산디지털단지,B1,-1,지하 1층,화장실,일반화장실(남),대합실 1층 4번출입구 방향
S1_7_0004,7호선,가산디지털단지,B1,-1,지하 1층,화장실,일반화장실(여),대합실 1층 4번출입구 방향
S1_7_0004,7호선,가산디지털단지,B1,-1,지하 1층,화장실,장애인화장실(남),대합실 1층 4번출입구 방향
S1_7_0004,7호선,가산디지털단지,B1,-1,지하 1층,화장실,장애인화장실(여),대합실 1층 4번출입구 방향
S1_7_0004,7호선,가산디지털단지,B2,-2,지하 2층,대합실,대합실,
S1_7_0004,7호선,가산디지털단지,B2,-2,지하 2층,엘리베이터,일반승강기,[3호기]대합실(지하2층)
S1_7_0004,7호선,가산디지털단지,B2,-2,지하 2층,엘리베이터,일반승강기,[1호기]대림방면5-4
S1_7_0004,7호선,가산디지털단지,B2,-2,지하 2층,엘리베이터,일반승강기,[2호기]철산방면4-1
S1_7_0004,7호선,가산디지털단지,B2,-2,지하 2층,고객센터,고객센터,B2층 대합실
S1_7_0004,7호선,가산디지털단지,B2,-2,지하 2층,수유실,수유실,B2 고객안전실 내부
S1_7_0004,7호선,가산디지털단지,B3,-3,지하 3층,엘리베이터,일반승강기,[1호기](B2-B4) 승강장
S1_7_0004,7호선,가산디지털단지,B3,-3,지하 3층,엘리베이터,일반승강기,[2호기](B2-B4) 승강장
S1_7_0004,7호선,가산디지털단지,B4,-4,지하 4층,엘리베이터,일반승강기,[2호기]철산방면4-1
S1_7_0004,7호선,가산디지털단지,B4,-4,지하 4층,엘리베이터,일반승강기,[1호기]대림방면5-4
S1_7_0004,7호선,가산디지털단지,B4,-4,지하 4층,승강장,7호선 승강장 (남구로 방면),상대식
S1_7_0004,7호선,가산디지털단지,B4,-4,지하 4층,승강장,7호선 승강장 (철산 방면),상대식
S1_7_0547,7호선,철산,1F,1,지상 1층,엘리베이터,일반승강기,[4호기]4번출구측
S1_7_0547,7호선,철산,1F,1,지상 1층,엘리베이터,일반승강기,[3호기]1번출구측
S1_7_0547,7호선,철산,1F,1,지상 1층,출입구,1번 출입구,교통약자 동선 연결
S1_7_0547,7호선,철산,1F,1,지상 1층,출입구,3번 출입구,
S1_7_0547,7호선,철산,1F,1,지상 1층,출입구,4번 출입구,교통약자 동선 연결
S1_7_0547,7호선,철산,B1,-1,지하 1층,대합실,대합실,
S1_7_0547,7호선,철산,B1,-1,지하 1층,개찰구,표 내는 곳,
S1_7_0547,7호선,철산,B1,-1,지하 1층,엘리베이터,일반승강기,[4호기]4번출구측
S1_7_0547,7호선,철산,B1,-1,지하 1층,엘리베이터,일반승강기,[3호기]1번출구측
S1_7_0547,7호선,철산,B1,-1,지하 1층,엘리베이터,일반승강기,[2호기]광명사거리방면4-4
S1_7_0547,7호선,철산,B1,-1,지하 1층,엘리베이터,일반승강기,[1호기]가산디지털단지방면5-1
S1_7_0547,7호선,철산,B1,-1,지하 1층,화장실,일반화장실(남),대합실 1층 3번 출입구 방향
S1_7_0547,7호선,철산,B1,-1,지하 1층,화장실,일반화장실(여),대합실 1층 3번 출입구 방향
S1_7_0547,7호선,철산,B1,-1,지하 1층,화장실,장애인화장실(남),대합실 1층 3번 출입구 방향
S1_7_0547,7호선,철산,B1,-1,지하 1층,화장실,장애인화장실(여),대합실 1층 3번 출입구 방향
S1_7_0547,7호선,철산,B1,-1,지하 1층,고객센터,고객센터,B1층 대합실
S1_7_0547,7호선,철산,B2,-2,지하 2층,엘리베이터,일반승강기,[1호기]가산디지털단지방면5-1
S1_7_0547,7호선,철산,B2,-2,지하 2층,엘리베이터,일반승강기,[2호기]광명사거리방면4-4
S1_7_0547,7호선,철산,B2,-2,지하 2층,승강장,7호선 승강장 (가산디지털단지 방면),상대식
S1_7_0547,7호선,철산,B2,-2,지하 2층,승강장,7호선 승강장 (광명사거리 방면),상대식
S1_7_0064,7호선,광명사거리,1F,1,지상 1층,엘리베이터,일반승강기,[2호기]2번출구측
S1_7_0064,7호선,광명사거리,1F,1,지상 1층,출입구,2번 출입구,교통약자 동선 연결
S1_7_0064,7호선,광명사거리,B1,-1,지하 1층,엘리베이터,일반승강기,[2호기](F1-B2)2번 출입구
S1_7_0064,7호선,광명사거리,B2,-2,지하 2층,대합실,대합실,
S1_7_0064,7호선,광명사거리,B2,-2,지하 2층,개찰구,표 내는 곳,
S1_7_0064,7호선,광명사거리,B2,-2,지하 2층,엘리베이터,일반승강기,[2호기]2번출구측
S1_7_0064,7호선,광명사거리,B2,-2,지하 2층,엘리베이터,일반승강기,[3호기]철산방면1-1
S1_7_0064,7호선,광명사거리,B2,-2,지하 2층,엘리베이터,일반승강기,[1호기]천왕방면2-1
S1_7_0064,7호선,광명사거리,B2,-2,지하 2층,전동휠체어충전설비,전동휠체어충전설비,B2 대합실 E/L 근처
S1_7_0064,7호선,광명사거리,B2,-2,지하 2층,화장실,일반화장실(남),대합실 2층 연결통로( 가-ⓘ센터와 나-ⓘ센터 중간지점)
S1_7_0064,7호선,광명사거리,B2,-2,지하 2층,화장실,일반화장실(여),대합실 2층 연결통로( 가-ⓘ센터와 나-ⓘ센터 중간지점)
S1_7_0064,7호선,광명사거리,B2,-2,지하 2층,화장실,장애인화장실(남),대합실 2층 연결통로( 가-ⓘ센터와 나-ⓘ센터 중간지점)
S1_7_0064,7호선,광명사거리,B2,-2,지하 2층,화장실,장애인화장실(여),대합실 2층 연결통로( 가-ⓘ센터와 나-ⓘ센터 중간지점)
S1_7_0064,7호선,광명사거리,B2,-2,지하 2층,고객센터,고객센터,B2층 대합실
S1_7_0064,7호선,광명사거리,B2,-2,지하 2층,수유실,수유실,B2 고객안전실 내부
S1_7_0064,7호선,광명사거리,B3,-3,지하 3층,엘리베이터,일반승강기,[1호기]천왕방면2-1
S1_7_0064,7호선,광명사거리,B3,-3,지하 3층,엘리베이터,일반승강기,[3호기]철산방면1-1
S1_7_0064,7호선,광명사거리,B3,-3,지하 3층,승강장,7호선 승강장 (철산 방면),1섬 1상대식
S1_7_0064,7호선,광명사거리,B3,-3,지하 3층,승강장,7호선 승강장 (천왕 방면),1섬 1상대식
S1_7_0545,7호선,천왕,1F,1,지상 1층,엘리베이터,일반승강기,[4호기]2번출구측
S1_7_0545,7호선,천왕,1F,1,지상 1층,엘리베이터,일반승강기,[3호기]3번출구측
S1_7_0545,7호선,천왕,1F,1,지상 1층,출입구,2번 출입구,교통약자 동선 연결
S1_7_0545,7호선,천왕,1F,1,지상 1층,출입구,3번 출입구,교통약자 동선 연결
S1_7_0545,7호선,천왕,B1,-1,지하 1층,대합실,대합실,
S1_7_0545,7호선,천왕,B1,-1,지하 1층,개찰구,표 내는 곳,
S1_7_0545,7호선,천왕,B1,-1,지하 1층,엘리베이터,일반승강기,[4호기]2번출구측
S1_7_0545,7호선,천왕,B1,-1,지하 1층,엘리베이터,일반승강기,[3호기]3번출구측
S1_7_0545,7호선,천왕,B1,-1,지하 1층,엘리베이터,일반승강기,[2호기]온수방면4-4
S1_7_0545,7호선,천왕,B1,-1,지하 1층,엘리베이터,일반승강기,[1호기]광명사거리방면5-1
S1_7_0545,7호선,천왕,B1,-1,지하 1층,전동휠체어충전설비,전동휠체어충전설비,지하1층 게이트 옆
S1_7_0545,7호선,천왕,B1,-1,지하 1층,화장실,일반화장실(남),대합실 1층 2번 출입구 방향
S1_7_0545,7호선,천왕,B1,-1,지하 1층,화장실,일반화장실(여),대합실 1층 2번 출입구 방향
S1_7_0545,7호선,천왕,B1,-1,지하 1층,화장실,장애인화장실(남),대합실 1층 2번 출입구 방향
S1_7_0545,7호선,천왕,B1,-1,지하 1층,화장실,장애인화장실(여),대합실 1층 2번 출입구 방향
S1_7_0545,7호선,천왕,B1,-1,지하 1층,고객센터,고객센터,B1층 대합실
S1_7_0545,7호선,천왕,B2,-2,지하 2층,엘리베이터,일반승강기,[1호기]광명사거리방면5-1
S1_7_0545,7호선,천왕,B2,-2,지하 2층,엘리베이터,일반승강기,[2호기]온수방면4-4
S1_7_0545,7호선,천왕,B2,-2,지하 2층,승강장,7호선 승강장 (광명사거리 방면),상대식
S1_7_0545,7호선,천왕,B2,-2,지하 2층,승강장,7호선 승강장 (온수 방면),상대식
S1_7_0435,7호선,온수,1F,1,지상 1층,엘리베이터,일반승강기,[3호기]2번출구측
S1_7_0435,7호선,온수,1F,1,지상 1층,출입구,2번 출입구,교통약자 동선 연결
S1_7_0435,7호선,온수,1F,1,지상 1층,출입구,4번 출입구,
S1_7_0435,7호선,온수,1F,1,지상 1층,출입구,6번 출입구,
S1_7_0435,7호선,온수,1F,1,지상 1층,환승승강장,1호선 승강장 (오류동 방면),1호선
S1_7_0435,7호선,온수,1F,1,지상 1층,환승승강장,1호선 승강장 (역곡 방면),1호선
S1_7_0435,7호선,온수,B1,-1,지하 1층,대합실,대합실,
S1_7_0435,7호선,온수,B1,-1,지하 1층,개찰구,표 내는 곳,
S1_7_0435,7호선,온수,B1,-1,지하 1층,엘리베이터,일반승강기,[3호기]2번출구측
S1_7_0435,7호선,온수,B1,-1,지하 1층,엘리베이터,일반승강기,[2호기]까치울방면5-1
S1_7_0435,7호선,온수,B1,-1,지하 1층,엘리베이터,일반승강기,[1호기]천왕방면4-4
S1_7_0435,7호선,온수,B1,-1,지하 1층,휠체어리프트,휠체어리프트,6번 출구 측
S1_7_0435,7호선,온수,B1,-1,지하 1층,전동휠체어충전설비,전동휠체어충전설비,지하1층 대합실 화장실에서 고객상담실 방면 10M
S1_7_0435,7호선,온수,B1,-1,지하 1층,화장실,일반화장실(남),대합실 1층 4번출입구 방향
S1_7_0435,7호선,온수,B1,-1,지하 1층,화장실,일반화장실(여),대합실 1층 4번출입구 방향
S1_7_0435,7호선,온수,B1,-1,지하 1층,화장실,장애인화장실(남),대합실 1층 4번출입구 방향
S1_7_0435,7호선,온수,B1,-1,지하 1층,화장실,장애인화장실(여),대합실 1층 4번출입구 방향
S1_7_0435,7호선,온수,B1,-1,지하 1층,고객센터,고객센터,B1층 대합실
S1_7_0435,7호선,온수,B1,-1,지하 1층,수유실,수유실,B1 고객안전실 내부
S1_7_0435,7호선,온수,B2,-2,지하 2층,엘리베이터,일반승강기,[1호기]천왕방면4-4
S1_7_0435,7호선,온수,B2,-2,지하 2층,엘리베이터,일반승강기,[2호기]까치울방면5-1
S1_7_0435,7호선,온수,B2,-2,지하 2층,승강장,7호선 승강장 (천왕 방면),1섬 1상대식
S1_7_0435,7호선,온수,B2,-2,지하 2층,승강장,7호선 승강장 (온수 방면),1섬 1상대식
IC_7_0101,7호선,까치울,1F,1,지상 1층,엘리베이터,일반승강기,[2호기](1F)3번/4번출입구옆(B1)3번/4번출입구옆
IC_7_0101,7호선,까치울,1F,1,지상 1층,출입구,2번 출입구,
IC_7_0101,7호선,까치울,1F,1,지상 1층,출입구,4번 출입구,교통약자 동선 연결
IC_7_0101,7호선,까치울,1F,1,지상 1층,출입구,5번 출입구,
IC_7_0101,7호선,까치울,B1,-1,지하 1층,대합실,대합실,
IC_7_0101,7호선,까치울,B1,-1,지하 1층,개찰구,표 내는 곳,
IC_7_0101,7호선,까치울,B1,-1,지하 1층,엘리베이터,일반승강기,[2호기](1F)3번/4번출입구옆(B1)3번/4번출입구옆
IC_7_0101,7호선,까치울,B1,-1,지하 1층,엘리베이터,일반승강기,"[1호기](B1)화장실옆,2번출입구방향(B2)온수방향승강장3-1출입문앞"
IC_7_0101,7호선,까치울,B1,-1,지하 1층,전동휠체어충전설비,전동휠체어충전설비,"(B1) 5번/ 1,2번 출입구 사이 위치"
IC_7_0101,7호선,까치울,B1,-1,지하 1층,화장실,일반화장실(남),"(B1) GS25 편의점 옆, 5번 출입구 방향"
IC_7_0101,7호선,까치울,B1,-1,지하 1층,화장실,일반화장실(여),"(B1) GS25 편의점 옆, 5번 출입구 방향"
IC_7_0101,7호선,까치울,B1,-1,지하 1층,화장실,장애인화장실(남),"(B1) GS25 편의점 옆, 5번 출입구 방향"
IC_7_0101,7호선,까치울,B1,-1,지하 1층,화장실,장애인화장실(여),"(B1) GS25 편의점 옆, 5번 출입구 방향"
IC_7_0101,7호선,까치울,B1,-1,지하 1층,고객센터,고객센터,(B1) 표 내는 곳 앞 승강장 방향
IC_7_0101,7호선,까치울,B1,-1,지하 1층,수유실,수유실,(B1) 대합실 i센터 옆 2번 출입구 방향
IC_7_0101,7호선,까치울,B2,-2,지하 2층,엘리베이터,일반승강기,"[1호기](B1)화장실옆,2번출입구방향(B2)온수방향승강장3-1출입문앞"
IC_7_0101,7호선,까치울,B2,-2,지하 2층,승강장,7호선 승강장 (까치울 방면),섬식
IC_7_0101,7호선,까치울,B2,-2,지하 2층,승강장,7호선 승강장 (부천종합운동장 방면),섬식
IC_7_0248,7호선,부천종합운동장,2F,2,지상 2층,엘리베이터,일반승강기,[4호기]직원용
IC_7_0248,7호선,부천종합운동장,1F,1,지상 1층,엘리베이터,일반승강기,[4호기](B1-2F) (B1)부천영업사업소 건물내(직원용)내부계단옆 (1F)부천기술사업소 (2F)부천영업사업소
IC_7_0248,7호선,부천종합운동장,1F,1,지상 1층,엘리베이터,일반승강기,"[3호기](1F)4,5번출입구사이(B1)4번출입구방향대합실"
IC_7_0248,7호선,부천종합운동장,1F,1,지상 1층,엘리베이터,일반승강기,[2호기](1F)1번/2번출입구사이(B1)2번출입구방향대합실
IC_7_0248,7호선,부천종합운동장,1F,1,지상 1층,출입구,2번 출입구,교통약자 동선 연결
IC_7_0248,7호선,부천종합운동장,1F,1,지상 1층,출입구,3번 출입구,
IC_7_0248,7호선,부천종합운동장,1F,1,지상 1층,출입구,4번 출입구,교통약자 동선 연결
IC_7_0248,7호선,부천종합운동장,1F,1,지상 1층,출입구,5번 출입구,
IC_7_0248,7호선,부천종합운동장,0F,0,지상 0층,엘리베이터,일반승강기,[4호기]직원용
IC_7_0248,7호선,부천종합운동장,B1,-1,지하 1층,대합실,대합실,
IC_7_0248,7호선,부천종합운동장,B1,-1,지하 1층,개찰구,표 내는 곳,
IC_7_0248,7호선,부천종합운동장,B1,-1,지하 1층,엘리베이터,일반승강기,[2호기](1F)1번/2번출입구사이(B1)2번출입구방향대합실
IC_7_0248,7호선,부천종합운동장,B1,-1,지하 1층,엘리베이터,일반승강기,"[3호기](1F)4,5번출입구사이(B1)4번출입구방향대합실"
IC_7_0248,7호선,부천종합운동장,B1,-1,지하 1층,엘리베이터,일반승강기,"[1호기](B1)고객안전센터앞대합실(B2)까치울역방향승강장5-3,춘의역방향승강장4-2출입문앞"
IC_7_0248,7호선,부천종합운동장,B1,-1,지하 1층,화장실,일반화장실(남),(B1) 3번 출구 방향
IC_7_0248,7호선,부천종합운동장,B1,-1,지하 1층,화장실,일반화장실(남),(B1) 4번 출구 방향
IC_7_0248,7호선,부천종합운동장,B1,-1,지하 1층,화장실,일반화장실(여),(B1) 3번 출구 방향
IC_7_0248,7호선,부천종합운동장,B1,-1,지하 1층,화장실,일반화장실(여),(B1) 4번 출구 방향
IC_7_0248,7호선,부천종합운동장,B1,-1,지하 1층,화장실,장애인화장실(남),(B1) 4번 출구 방향
IC_7_0248,7호선,부천종합운동장,B1,-1,지하 1층,화장실,장애인화장실(남),(B1) 3번 출구 방향
IC_7_0248,7호선,부천종합운동장,B1,-1,지하 1층,화장실,장애인화장실(여),(B1) 4번 출구 방향
IC_7_0248,7호선,부천종합운동장,B1,-1,지하 1층,화장실,장애인화장실(여),(B1) 3번 출구 방향
IC_7_0248,7호선,부천종합운동장,B1,-1,지하 1층,고객센터,고객센터,(B1) 대합실 표 내는 곳 근처
IC_7_0248,7호선,부천종합운동장,B1,-1,지하 1층,수유실,수유실,(B1) 고객안내센터 근처
IC_7_0248,7호선,부천종합운동장,B2,-2,지하 2층,엘리베이터,일반승강기,"[1호기](B1)고객안전센터앞대합실(B2)까치울역방향승강장5-3,춘의역방향승강장4-2출입문앞"
IC_7_0248,7호선,부천종합운동장,B2,-2,지하 2층,승강장,7호선 승강장 (까치울 방면),섬식
IC_7_0248,7호선,부천종합운동장,B2,-2,지하 2층,승강장,7호선 승강장 (춘의 방면),섬식
IC_7_0561,7호선,춘의,1F,1,지상 1층,엘리베이터,일반승강기,[3호기](B1)대합실7번/8번출입구(1F)3번/4번출입구사이
IC_7_0561,7호선,춘의,1F,1,지상 1층,엘리베이터,일반승강기,[2호기](B1)대합실3번/4번출입구(1F)3번/4번출입구사이
IC_7_0561,7호선,춘의,1F,1,지상 1층,출입구,2번 출입구,
IC_7_0561,7호선,춘의,1F,1,지상 1층,출입구,3번 출입구,교통약자 동선 연결
IC_7_0561,7호선,춘의,1F,1,지상 1층,출입구,4번 출입구,
IC_7_0561,7호선,춘의,1F,1,지상 1층,출입구,7번 출입구,교통약자 동선 연결
IC_7_0561,7호선,춘의,1F,1,지상 1층,출입구,8번 출입구,
IC_7_0561,7호선,춘의,B1,-1,지하 1층,대합실,대합실,
IC_7_0561,7호선,춘의,B1,-1,지하 1층,개찰구,표 내는 곳,
IC_7_0561,7호선,춘의,B1,-1,지하 1층,엘리베이터,일반승강기,[2호기](B1)대합실3번/4번출입구(1F)3번/4번출입구사이
IC_7_0561,7호선,춘의,B1,-1,지하 1층,엘리베이터,일반승강기,[3호기](B1)대합실7번/8번출입구(1F)3번/4번출입구사이
IC_7_0561,7호선,춘의,B1,-1,지하 1층,엘리베이터,일반승강기,"[1호기](B2)부천종합운동장역방향5-1,신중동방향4-4(B1)고객안내센터앞대합실"
IC_7_0561,7호선,춘의,B1,-1,지하 1층,전동휠체어충전설비,전동휠체어충전설비,"(B1) 6,7번 출구 사이 행정정보센터 옆"
IC_7_0561,7호선,춘의,B1,-1,지하 1층,화장실,일반화장실(남),"대합실 1,2 / 3,4 번 출입구 사이"
IC_7_0561,7호선,춘의,B1,-1,지하 1층,화장실,일반화장실(여),"대합실 1,2 / 3,4 번 출입구 사이"
IC_7_0561,7호선,춘의,B1,-1,지하 1층,화장실,장애인화장실(남),"대합실 1,2 / 3,4 번 출입구 사이"
IC_7_0561,7호선,춘의,B1,-1,지하 1층,화장실,장애인화장실(여),"대합실 1,2 / 3,4 번 출입구 사이"
IC_7_0561,7호선,춘의,B1,-1,지하 1층,고객센터,고객센터,"(B1) 대합실 내 7,8번 출입구 방향"
IC_7_0561,7호선,춘의,B1,-1,지하 1층,수유실,수유실,"(B1) 대합실 내 1,2번 출입구방향"
IC_7_0561,7호선,춘의,B2,-2,지하 2층,엘리베이터,일반승강기,"[1호기](B2)부천종합운동장역방향5-1,신중동방향4-4(B1)고객안내센터앞대합실"
IC_7_0561,7호선,춘의,B2,-2,지하 2층,승강장,7호선 승강장 (부천종합운동장 방면),섬식
IC_7_0561,7호선,춘의,B2,-2,지하 2층,승강장,7호선 승강장 (신중동 방면),섬식
IC_7_0374,7호선,신중동,1F,1,지상 1층,엘리베이터,일반승강기,[2호기](B1)대합실1번/2번출입구(1F)1번/2번출입구사이
IC_7_0374,7호선,신중동,1F,1,지상 1층,엘리베이터,일반승강기,[4호기](B1)대합실3번출입구(1F)3번출입구인근
IC_7_0374,7호선,신중동,1F,1,지상 1층,엘리베이터,일반승강기,[3호기](B1)대합실7번출입구(1F)7번출입구사이
IC_7_0374,7호선,신중동,1F,1,지상 1층,출입구,1번 출입구,교통약자 동선 연결
IC_7_0374,7호선,신중동,1F,1,지상 1층,출입구,2번 출입구,
IC_7_0374,7호선,신중동,1F,1,지상 1층,출입구,3번 출입구,교통약자 동선 연결
IC_7_0374,7호선,신중동,1F,1,지상 1층,출입구,6번 출입구,
IC_7_0374,7호선,신중동,1F,1,지상 1층,출입구,7번 출입구,교통약자 동선 연결
IC_7_0374,7호선,신중동,B1,-1,지하 1층,대합실,대합실,
IC_7_0374,7호선,신중동,B1,-1,지하 1층,개찰구,표 내는 곳,
IC_7_0374,7호선,신중동,B1,-1,지하 1층,엘리베이터,일반승강기,[2호기](B1)대합실1번/2번출입구(1F)1번/2번출입구사이
IC_7_0374,7호선,신중동,B1,-1,지하 1층,엘리베이터,일반승강기,[3호기](B1)대합실7번출입구(1F)7번출입구사이
IC_7_0374,7호선,신중동,B1,-1,지하 1층,엘리베이터,일반승강기,[4호기](B1)대합실3번출입구(1F)3번출입구인근
IC_7_0374,7호선,신중동,B1,-1,지하 1층,엘리베이터,일반승강기,"[1호기](B2)춘의역방향승강장4-1,부천시청역방향승강장5-3의사이의중앙(B1)표내는곳내대합실중앙"
IC_7_0374,7호선,신중동,B1,-1,지하 1층,전동휠체어충전설비,전동휠체어충전설비,(B1) 표내는곳 외부 대합실
IC_7_0374,7호선,신중동,B1,-1,지하 1층,화장실,일반화장실(남),(B1) 표내는곳 외부 계단 4/5/6번 출입구 방향
IC_7_0374,7호선,신중동,B1,-1,지하 1층,화장실,일반화장실(여),(B1) 표내는곳 외부 계단 4/5/6번 출입구 방향
IC_7_0374,7호선,신중동,B1,-1,지하 1층,화장실,장애인화장실(남),(B1) 표내는곳 외부 계단 4/5/6번 출입구 방향
IC_7_0374,7호선,신중동,B1,-1,지하 1층,화장실,장애인화장실(여),(B1) 표내는곳 외부 계단 4/5/6번 출입구 방향
IC_7_0374,7호선,신중동,B1,-1,지하 1층,고객센터,고객센터,(B1)표내는곳
IC_7_0374,7호선,신중동,B1,-1,지하 1층,수유실,수유실,(B1)표내는곳 내 하선 계단 옆
IC_7_0374,7호선,신중동,B2,-2,지하 2층,엘리베이터,일반승강기,"[1호기](B2)춘의역방향승강장4-1,부천시청역방향승강장5-3의사이의중앙(B1)표내는곳내대합실중앙"
IC_7_0374,7호선,신중동,B2,-2,지하 2층,승강장,7호선 승강장 (춘의 방면),섬식
IC_7_0374,7호선,신중동,B2,-2,지하 2층,승강장,7호선 승강장 (부천시청 방면),섬식
IC_7_0247,7호선,부천시청,1F,1,지상 1층,엘리베이터,일반승강기,[3호기](B1)4번/5번출입구근처대합실(1F)4번/5번출입구근처
IC_7_0247,7호선,부천시청,1F,1,지상 1층,엘리베이터,일반승강기,[2호기](B1)1번/2번출입구근처대합실(1F)1번/2번출입구근처
IC_7_0247,7호선,부천시청,1F,1,지상 1층,출입구,1번 출입구,교통약자 동선 연결
IC_7_0247,7호선,부천시청,1F,1,지상 1층,출입구,2번 출입구,
IC_7_0247,7호선,부천시청,1F,1,지상 1층,출입구,3번 출입구,
IC_7_0247,7호선,부천시청,1F,1,지상 1층,출입구,4번 출입구,교통약자 동선 연결
IC_7_0247,7호선,부천시청,1F,1,지상 1층,출입구,5번 출입구,
IC_7_0247,7호선,부천시청,B1,-1,지하 1층,대합실,대합실,
IC_7_0247,7호선,부천시청,B1,-1,지하 1층,개찰구,표 내는 곳,
IC_7_0247,7호선,부천시청,B1,-1,지하 1층,엘리베이터,일반승강기,[2호기](B1)1번/2번출입구근처대합실(1F)1번/2번출입구근처
IC_7_0247,7호선,부천시청,B1,-1,지하 1층,엘리베이터,일반승강기,[3호기](B1)4번/5번출입구근처대합실(1F)4번/5번출입구근처
IC_7_0247,7호선,부천시청,B1,-1,지하 1층,엘리베이터,일반승강기,[1호기](B2)신중동역방향승강장4-4출입문앞(B1)표내는곳내계단옆(신중동방향)
IC_7_0247,7호선,부천시청,B1,-1,지하 1층,전동휠체어충전설비,전동휠체어충전설비,(B1) 표내는곳 내부 대합실
IC_7_0247,7호선,부천시청,B1,-1,지하 1층,화장실,일반화장실(남),"2번출구와 3번출구 사이, 이마트연결통로 옆"
IC_7_0247,7호선,부천시청,B1,-1,지하 1층,화장실,일반화장실(여),"2번출구와 3번출구 사이, 이마트연결통로 옆"
IC_7_0247,7호선,부천시청,B1,-1,지하 1층,화장실,장애인화장실(남),"2번출구와 3번출구 사이, 이마트연결통로 옆"
IC_7_0247,7호선,부천시청,B1,-1,지하 1층,화장실,장애인화장실(여),"2번출구와 3번출구 사이, 이마트연결통로 옆"
IC_7_0247,7호선,부천시청,B1,-1,지하 1층,고객센터,고객센터,(B1) 개찰구 옆
IC_7_0247,7호선,부천시청,B1,-1,지하 1층,수유실,수유실,(B1) 대합실 고객안내센터 옆
IC_7_0247,7호선,부천시청,B2,-2,지하 2층,엘리베이터,일반승강기,[1호기](B2)신중동역방향승강장4-4출입문앞(B1)표내는곳내계단옆(신중동방향)
IC_7_0247,7호선,부천시청,B2,-2,지하 2층,승강장,7호선 승강장 (신중동 방면),섬식
IC_7_0247,7호선,부천시청,B2,-2,지하 2층,승강장,7호선 승강장 (상동 방면),섬식
IC_7_0274,7호선,상동,1F,1,지상 1층,엘리베이터,일반승강기,[4호기](B1)대합실5번/6번출입구사이(상상정거장옆)(1F)5번/6번출입구사이
IC_7_0274,7호선,상동,1F,1,지상 1층,엘리베이터,일반승강기,[3호기](B1)대합실1번/2번출입구사이(GS편의점옆)(1F)1번/2번출입구사이
IC_7_0274,7호선,상동,1F,1,지상 1층,출입구,2번 출입구,교통약자 동선 연결
IC_7_0274,7호선,상동,1F,1,지상 1층,출입구,3번 출입구,
IC_7_0274,7호선,상동,1F,1,지상 1층,출입구,5번 출입구,교통약자 동선 연결
IC_7_0274,7호선,상동,1F,1,지상 1층,출입구,6번 출입구,
IC_7_0274,7호선,상동,B1,-1,지하 1층,대합실,대합실,
IC_7_0274,7호선,상동,B1,-1,지하 1층,개찰구,표 내는 곳,
IC_7_0274,7호선,상동,B1,-1,지하 1층,엘리베이터,일반승강기,[3호기](B1)대합실1번/2번출입구사이(GS편의점옆)(1F)1번/2번출입구사이
IC_7_0274,7호선,상동,B1,-1,지하 1층,엘리베이터,일반승강기,[4호기](B1)대합실5번/6번출입구사이(상상정거장옆)(1F)5번/6번출입구사이
IC_7_0274,7호선,상동,B1,-1,지하 1층,엘리베이터,일반승강기,[2호기](B2)승강장하선5-1출입문앞(B1)대합실표내는곳근처
IC_7_0274,7호선,상동,B1,-1,지하 1층,엘리베이터,일반승강기,[1호기](B2)승강장상선4-4출입문앞(B1)대합실표내는곳근처
IC_7_0274,7호선,상동,B1,-1,지하 1층,전동휠체어충전설비,전동휠체어충전설비,(B1) 3번출구 나가는 방향(칙칙폭폭 도서관 오른쪽)
IC_7_0274,7호선,상동,B1,-1,지하 1층,화장실,일반화장실(남),(B1) 대합실 중앙 The bake 왼쪽 통로
IC_7_0274,7호선,상동,B1,-1,지하 1층,화장실,일반화장실(여),(B1) 대합실 중앙 The bake 왼쪽 통로
IC_7_0274,7호선,상동,B1,-1,지하 1층,화장실,장애인화장실(남),(B1) 대합실 중앙 The bake 왼쪽 통로
IC_7_0274,7호선,상동,B1,-1,지하 1층,화장실,장애인화장실(여),(B1) 대합실 중앙 The bake 왼쪽 통로
IC_7_0274,7호선,상동,B1,-1,지하 1층,고객센터,고객센터,(B1) 대합실 중앙 The bake 오른쪽
IC_7_0274,7호선,상동,B1,-1,지하 1층,수유실,수유실,(B1) 대합실 5번 출입구 방향
IC_7_0274,7호선,상동,B2,-2,지하 2층,엘리베이터,일반승강기,[1호기](B2)승강장상선4-4출입문앞(B1)대합실표내는곳근처
IC_7_0274,7호선,상동,B2,-2,지하 2층,엘리베이터,일반승강기,[2호기](B2)승강장하선5-1출입문앞(B1)대합실표내는곳근처
IC_7_0274,7호선,상동,B2,-2,지하 2층,승강장,7호선 승강장 (부천시청 방면),상대식
IC_7_0274,7호선,상동,B2,-2,지하 2층,승강장,7호선 승강장 (삼산체육관 방면),상대식
IC_7_0265,7호선,삼산체육관,1F,1,지상 1층,엘리베이터,일반승강기,[4호기](B1)대합실3번출입구(1F)자전거보관구역근처
IC_7_0265,7호선,삼산체육관,1F,1,지상 1층,엘리베이터,일반승강기,[3호기](B1)대합실1번/2번출입구사이(1F)공원입구근처
IC_7_0265,7호선,삼산체육관,1F,1,지상 1층,출입구,2번 출입구,교통약자 동선 연결
IC_7_0265,7호선,삼산체육관,1F,1,지상 1층,출입구,3번 출입구,교통약자 동선 연결
IC_7_0265,7호선,삼산체육관,B1,-1,지하 1층,대합실,대합실,
IC_7_0265,7호선,삼산체육관,B1,-1,지하 1층,개찰구,표 내는 곳,
IC_7_0265,7호선,삼산체육관,B1,-1,지하 1층,엘리베이터,일반승강기,[3호기](B1)대합실1번/2번출입구사이(1F)공원입구근처
IC_7_0265,7호선,삼산체육관,B1,-1,지하 1층,엘리베이터,일반승강기,[4호기](B1)대합실3번출입구(1F)자전거보관구역근처
IC_7_0265,7호선,삼산체육관,B1,-1,지하 1층,엘리베이터,일반승강기,[2호기](B2)승강장하선5-3출입문앞(B1)대합실표내는곳근처
IC_7_0265,7호선,삼산체육관,B1,-1,지하 1층,엘리베이터,일반승강기,[1호기](B2)승강장상선4-2출입문앞(B1)대합실표내는곳근처
IC_7_0265,7호선,삼산체육관,B1,-1,지하 1층,전동휠체어충전설비,전동휠체어충전설비,"(B1) 대합실 1,2번 출구 방향"
IC_7_0265,7호선,삼산체육관,B1,-1,지하 1층,화장실,일반화장실(남),"(B1) 개집표구 외부, 1번/2번 출입구 방향"
IC_7_0265,7호선,삼산체육관,B1,-1,지하 1층,화장실,일반화장실(여),"(B1) 개집표구 외부, 1번/2번 출입구 방향"
IC_7_0265,7호선,삼산체육관,B1,-1,지하 1층,화장실,장애인화장실(남),"(B1) 개집표구 외부, 1번/2번 출입구 방향"
IC_7_0265,7호선,삼산체육관,B1,-1,지하 1층,화장실,장애인화장실(여),"(B1) 개집표구 외부, 1번/2번 출입구 방향"
IC_7_0265,7호선,삼산체육관,B1,-1,지하 1층,고객센터,고객센터,(B1) 대합실 3번 출입구 방향
IC_7_0265,7호선,삼산체육관,B1,-1,지하 1층,수유실,수유실,(B1) 대합실 3번 출입구 방향
IC_7_0265,7호선,삼산체육관,B2,-2,지하 2층,엘리베이터,일반승강기,[1호기](B2)승강장상선4-2출입문앞(B1)대합실표내는곳근처
IC_7_0265,7호선,삼산체육관,B2,-2,지하 2층,엘리베이터,일반승강기,[2호기](B2)승강장하선5-3출입문앞(B1)대합실표내는곳근처
IC_7_0265,7호선,삼산체육관,B2,-2,지하 2층,승강장,7호선 승강장 (상동 방면),상대식
IC_7_0265,7호선,삼산체육관,B2,-2,지하 2층,승강장,7호선 승강장 (굴포천 방면),상대식
IC_7_0085,7호선,굴포천,1F,1,지상 1층,엘리베이터,일반승강기,[4호기](B1)5번/6번출입구근처대합실(1F)5번/6번출입구근처
IC_7_0085,7호선,굴포천,1F,1,지상 1층,엘리베이터,일반승강기,[3호기](B1)3번/4번출입구근처대합실(1F)3번출입구근처
IC_7_0085,7호선,굴포천,1F,1,지상 1층,출입구,3번 출입구,교통약자 동선 연결
IC_7_0085,7호선,굴포천,1F,1,지상 1층,출입구,4번 출입구,
IC_7_0085,7호선,굴포천,1F,1,지상 1층,출입구,5번 출입구,교통약자 동선 연결
IC_7_0085,7호선,굴포천,1F,1,지상 1층,출입구,6번 출입구,
IC_7_0085,7호선,굴포천,B1,-1,지하 1층,대합실,대합실,
IC_7_0085,7호선,굴포천,B1,-1,지하 1층,개찰구,표 내는 곳,
IC_7_0085,7호선,굴포천,B1,-1,지하 1층,엘리베이터,일반승강기,[3호기](B1)3번/4번출입구근처대합실(1F)3번출입구근처
IC_7_0085,7호선,굴포천,B1,-1,지하 1층,엘리베이터,일반승강기,[4호기](B1)5번/6번출입구근처대합실(1F)5번/6번출입구근처
IC_7_0085,7호선,굴포천,B1,-1,지하 1층,엘리베이터,일반승강기,[2호기](B2)부평구청역방향승강장5-1출입문앞(B1)표내는곳내계단옆(부평구청역방향)
IC_7_0085,7호선,굴포천,B1,-1,지하 1층,엘리베이터,일반승강기,[1호기](B2)삼산체육관역방향승강장4-4출입문앞(B1)표내는곳내계단옆(삼산체육관역방향)
IC_7_0085,7호선,굴포천,B1,-1,지하 1층,전동휠체어충전설비,전동휠체어충전설비,(B1) 대합실 I센터 옆
IC_7_0085,7호선,굴포천,B1,-1,지하 1층,화장실,일반화장실(남),5번출구 옆
IC_7_0085,7호선,굴포천,B1,-1,지하 1층,화장실,일반화장실(여),5번출구 옆
IC_7_0085,7호선,굴포천,B1,-1,지하 1층,화장실,장애인화장실(남),5번출구 옆
IC_7_0085,7호선,굴포천,B1,-1,지하 1층,화장실,장애인화장실(여),5번출구 옆
IC_7_0085,7호선,굴포천,B1,-1,지하 1층,고객센터,고객센터,(B1) 대합실 표 내는 곳 옆
IC_7_0085,7호선,굴포천,B1,-1,지하 1층,수유실,수유실,(B1) 대합실 고객안내센터 근처
IC_7_0085,7호선,굴포천,B2,-2,지하 2층,엘리베이터,일반승강기,[1호기](B2)삼산체육관역방향승강장4-4출입문앞(B1)표내는곳내계단옆(삼산체육관역방향)
IC_7_0085,7호선,굴포천,B2,-2,지하 2층,엘리베이터,일반승강기,[2호기](B2)부평구청역방향승강장5-1출입문앞(B1)표내는곳내계단옆(부평구청역방향)
IC_7_0085,7호선,굴포천,B2,-2,지하 2층,승강장,7호선 승강장 (삼산체육관 방면),상대식
IC_7_0085,7호선,굴포천,B2,-2,지하 2층,승강장,7호선 승강장 (부평구청 방면),상대식
IC_7_0250,7호선,부평구청,1F,1,지상 1층,엘리베이터,일반승강기,"[7호기](B1)4,5번출입구방향대합실(1F)4,5번출입구사이엘리베이터"
IC_7_0250,7호선,부평구청,1F,1,지상 1층,엘리베이터,일반승강기,[9호기]직원용
IC_7_0250,7호선,부평구청,1F,1,지상 1층,엘리베이터,일반승강기,[8호기](B1)3번출입구방향계단옆엘리베이터(1F)3번출입구옆엘리베이터
IC_7_0250,7호선,부평구청,1F,1,지상 1층,출입구,3번 출입구,교통약자 동선 연결
IC_7_0250,7호선,부평구청,1F,1,지상 1층,출입구,5번 출입구,교통약자 동선 연결
IC_7_0250,7호선,부평구청,1F,1,지상 1층,출입구,7번 출입구,
IC_7_0250,7호선,부평구청,B1,-1,지하 1층,대합실,대합실,
IC_7_0250,7호선,부평구청,B1,-1,지하 1층,개찰구,표 내는 곳,
IC_7_0250,7호선,부평구청,B1,-1,지하 1층,엘리베이터,일반승강기,"[7호기](B1)4,5번출입구방향대합실(1F)4,5번출입구사이엘리베이터"
IC_7_0250,7호선,부평구청,B1,-1,지하 1층,엘리베이터,일반승강기,[8호기](B1)3번출입구방향계단옆엘리베이터(1F)3번출입구옆엘리베이터
IC_7_0250,7호선,부평구청,B1,-1,지하 1층,엘리베이터,일반승강기,[9호기]직원용
IC_7_0250,7호선,부평구청,B1,-1,지하 1층,엘리베이터,일반승강기,[6호기](B2)1호선(부평시장역방향)<->7호선환승통로엘리베이터(B1)1호선부평시장역방향방범셔터앞엘리베이터
IC_7_0250,7호선,부평구청,B1,-1,지하 1층,엘리베이터,일반승강기,[2호기](B3)산곡역방향5-4출입문앞(B1)표내는곳안쪽남자화장실옆엘리베이터
IC_7_0250,7호선,부평구청,B1,-1,지하 1층,엘리베이터,일반승강기,[5호기](B2)1호선(갈산역방향)<->7호선환승통로계단옆엘리베이터(BM1)1호선갈산역방향후미부계단옆엘리베이터
IC_7_0250,7호선,부평구청,B1,-1,지하 1층,화장실,일반화장실(남),(B1) 3번 출입구 옆
IC_7_0250,7호선,부평구청,B1,-1,지하 1층,화장실,일반화장실(남),(B1) 표내는곳 내 계단 옆 
IC_7_0250,7호선,부평구청,B1,-1,지하 1층,화장실,일반화장실(여),(B1) 표내는곳 내 계단 옆 
IC_7_0250,7호선,부평구청,B1,-1,지하 1층,화장실,일반화장실(여),(B1) 3번 출입구 옆
IC_7_0250,7호선,부평구청,B1,-1,지하 1층,화장실,장애인화장실(남),(B1) 표내는곳 내 계단 옆 
IC_7_0250,7호선,부평구청,B1,-1,지하 1층,화장실,장애인화장실(남),(B1) 3번 출입구 옆
IC_7_0250,7호선,부평구청,B1,-1,지하 1층,화장실,장애인화장실(여),(B1) 표내는곳 내 계단 옆 
IC_7_0250,7호선,부평구청,B1,-1,지하 1층,화장실,장애인화장실(여),(B1) 3번 출입구 옆
IC_7_0250,7호선,부평구청,B1,-1,지하 1층,고객센터,고객센터,"(B1) 대합실 표내는곳 옆, 6, 7번 출입구 방향"
IC_7_0250,7호선,부평구청,B1,-1,지하 1층,수유실,수유실,"(B1) 대합실 표내는곳 옆, 6, 7번 출입구 방향"
IC_7_0250,7호선,부평구청,B2,-2,지하 2층,대합실,대합실,
IC_7_0250,7호선,부평구청,B2,-2,지하 2층,엘리베이터,일반승강기,[6호기](B2)1호선(부평시장역방향)<->7호선환승통로엘리베이터(B1)1호선부평시장역방향방범셔터앞엘리베이터
IC_7_0250,7호선,부평구청,B2,-2,지하 2층,엘리베이터,일반승강기,[5호기](B2)1호선(갈산역방향)<->7호선환승통로계단옆엘리베이터(BM1)1호선갈산역방향후미부계단옆엘리베이터
IC_7_0250,7호선,부평구청,B2,-2,지하 2층,엘리베이터,일반승강기,[9호기]직원용
IC_7_0250,7호선,부평구청,B2,-2,지하 2층,엘리베이터,일반승강기,"[2호기](B3) 산곡역 방향 5-4 출입문 앞
(B1) 표 내는 곳 안쪽 남자화장실 옆 엘리베이터"
IC_7_0250,7호선,부평구청,B2,-2,지하 2층,엘리베이터,일반승강기,[4호기](B3)산곡역방향1-1출입문앞(B2)1호선(부평시장역방향)<->7호선(산곡역방향)환승통로엘리베이터
IC_7_0250,7호선,부평구청,B2,-2,지하 2층,엘리베이터,일반승강기,[1호기](B3)1호선(갈산역방향)<->7호선(굴포천역방향)환승통로앞쪽(B2)굴포천역방향4-1출입문앞
IC_7_0250,7호선,부평구청,B2,-2,지하 2층,엘리베이터,일반승강기,[3호기](B3)굴포천역방향8-4출입문앞(B2)1호선(부평시장역방향)<->7호선(굴포천역방향)환승통로엘리베이터
IC_7_0250,7호선,부평구청,B2,-2,지하 2층,환승승강장,인천1호선 승강장 (갈산 방면),인천1호선
IC_7_0250,7호선,부평구청,B2,-2,지하 2층,환승승강장,인천1호선 승강장 (부평시장 방면),인천1호선
IC_7_0250,7호선,부평구청,B3,-3,지하 3층,엘리베이터,일반승강기,[4호기](B3)산곡역방향1-1출입문앞(B2)1호선(부평시장역방향)<->7호선(산곡역방향)환승통로엘리베이터
IC_7_0250,7호선,부평구청,B3,-3,지하 3층,엘리베이터,일반승강기,[1호기](B3)1호선(갈산역방향)<->7호선(굴포천역방향)환승통로앞쪽(B2)굴포천역방향4-1출입문앞
IC_7_0250,7호선,부평구청,B3,-3,지하 3층,엘리베이터,일반승강기,[3호기](B3)굴포천역방향8-4출입문앞(B2)1호선(부평시장역방향)<->7호선(굴포천역방향)환승통로엘리베이터
IC_7_0250,7호선,부평구청,B3,-3,지하 3층,엘리베이터,일반승강기,[2호기](B3)산곡역방향5-4출입문앞(B1)표내는곳안쪽남자화장실옆엘리베이터
IC_7_0250,7호선,부평구청,B3,-3,지하 3층,엘리베이터,일반승강기,[9호기]직원용
IC_7_0250,7호선,부평구청,B3,-3,지하 3층,승강장,7호선 승강장 (굴포천 방면),상대식
IC_7_0250,7호선,부평구청,B3,-3,지하 3층,승강장,7호선 승강장 (산곡 방면),상대식
IC_7_0250,7호선,부평구청,B4,-4,지하 4층,엘리베이터,일반승강기,[9호기]직원용
IC_7_1352,7호선,산곡,1F,1,지상 1층,엘리베이터,일반승강기,"[4호기](B1)7번출입구방향엘리베이터(1F)1번,7번출입구사이엘리베이터"
IC_7_1352,7호선,산곡,1F,1,지상 1층,엘리베이터,일반승강기,"[3호기](B1)3번출입구방향오른쪽엘리베이터(1F)3번,4번출입구사이엘리베이터"
IC_7_1352,7호선,산곡,1F,1,지상 1층,출입구,3번 출입구,
IC_7_1352,7호선,산곡,1F,1,지상 1층,출입구,4번 출입구,교통약자 동선 연결
IC_7_1352,7호선,산곡,1F,1,지상 1층,출입구,6번 출입구,
IC_7_1352,7호선,산곡,1F,1,지상 1층,출입구,7번 출입구,교통약자 동선 연결
IC_7_1352,7호선,산곡,B1,-1,지하 1층,대합실,대합실,
IC_7_1352,7호선,산곡,B1,-1,지하 1층,개찰구,표 내는 곳,
IC_7_1352,7호선,산곡,B1,-1,지하 1층,엘리베이터,일반승강기,"[3호기](B1)3번출입구방향오른쪽엘리베이터(1F)3번,4번출입구사이엘리베이터"
IC_7_1352,7호선,산곡,B1,-1,지하 1층,엘리베이터,일반승강기,"[4호기](B1)7번출입구방향엘리베이터(1F)1번,7번출입구사이엘리베이터"
IC_7_1352,7호선,산곡,B1,-1,지하 1층,엘리베이터,일반승강기,[2호기](B1)7호선석남역방향4-4출입문앞(1F)7호선석남역방향대합실중간엘리베이터
IC_7_1352,7호선,산곡,B1,-1,지하 1층,엘리베이터,일반승강기,[1호기](B1)7호선부평구청역방향4-4출입문앞(1F)7호선부평구청역방향대합실중간엘리베이터
IC_7_1352,7호선,산곡,B1,-1,지하 1층,전동휠체어충전설비,전동휠체어충전설비,"(B1) 대합실 5,6번 출구 옆"
IC_7_1352,7호선,산곡,B1,-1,지하 1층,화장실,일반화장실(남),7번 출입구 방향
IC_7_1352,7호선,산곡,B1,-1,지하 1층,화장실,일반화장실(여),7번 출입구 방향
IC_7_1352,7호선,산곡,B1,-1,지하 1층,화장실,장애인화장실(남),7번 출입구 방향
IC_7_1352,7호선,산곡,B1,-1,지하 1층,화장실,장애인화장실(여),7번 출입구 방향
IC_7_1352,7호선,산곡,B1,-1,지하 1층,고객센터,고객센터,"(B1) 대합실 3,4번 출입구 방향"
IC_7_1352,7호선,산곡,B1,-1,지하 1층,수유실,수유실,(B1) 대합실 7번 출입구 방향
IC_7_1352,7호선,산곡,B2,-2,지하 2층,엘리베이터,일반승강기,[1호기](B1)7호선부평구청역방향4-4출입문앞(1F)7호선부평구청역방향대합실중간엘리베이터
IC_7_1352,7호선,산곡,B2,-2,지하 2층,엘리베이터,일반승강기,[2호기](B1)7호선석남역방향4-4출입문앞(1F)7호선석남역방향대합실중간엘리베이터
IC_7_1352,7호선,산곡,B2,-2,지하 2층,승강장,7호선 승강장 (부평구청 방면),상대식
IC_7_1352,7호선,산곡,B2,-2,지하 2층,승강장,7호선 승강장 (석남 방면),상대식
IC_7_0301,7호선,석남,1F,1,지상 1층,엘리베이터,일반승강기,[10호기](B1)2번/3번출입구왼쪽방향엘리베이터(1F)2번출입구뒷편고가도로밑(2호선3번출입구뒷편)
IC_7_0301,7호선,석남,1F,1,지상 1층,엘리베이터,일반승강기,[9호기](B1)4번/7번출입구오른방향안쪽엘리베이터(1F)7번출입구뒷편고가도로밑(2호선8번출입구앞)
IC_7_0301,7호선,석남,1F,1,지상 1층,출입구,2번 출입구,
IC_7_0301,7호선,석남,1F,1,지상 1층,출입구,3번 출입구,
IC_7_0301,7호선,석남,1F,1,지상 1층,출입구,5번 출입구,교통약자 동선 연결
IC_7_0301,7호선,석남,1F,1,지상 1층,출입구,6번 출입구,
IC_7_0301,7호선,석남,1F,1,지상 1층,출입구,7번 출입구,
IC_7_0301,7호선,석남,1F,1,지상 1층,출입구,8번 출입구,
IC_7_0301,7호선,석남,B1,-1,지하 1층,엘리베이터,일반승강기,[9호기](B1)4번/7번출입구오른방향안쪽엘리베이터(1F)7번출입구뒷편고가도로밑(2호선8번출입구앞)
IC_7_0301,7호선,석남,B1,-1,지하 1층,엘리베이터,일반승강기,[10호기](B1)2번/3번출입구왼쪽방향엘리베이터(1F)2번출입구뒷편고가도로밑(2호선3번출입구뒷편)
IC_7_0301,7호선,석남,B1,-1,지하 1층,엘리베이터,일반승강기,"[6호기](B4)6번출입구방향에스컬레이터11,12호기옆(1F)6번출입구뒷편고가도로옆엘리베이터"
IC_7_0301,7호선,석남,B1,-1,지하 1층,엘리베이터,일반승강기,"[5호기](B4)5번출입구방향에스컬레이터9,10호기옆(1F)5번출입구뒷편고가도로옆엘리베이터"
IC_7_0301,7호선,석남,B1,-1,지하 1층,엘리베이터,일반승강기,[7호기](B3)2호선서부여성회관역방향환승통로안쪽엘리베이터(B1)1번/4번/7번출입구방향표내는곳옆
IC_7_0301,7호선,석남,B2,-2,지하 2층,엘리베이터,일반승강기,"[8호기](B3) 2호선 서부여성회관역 방향 환승통로 안쪽 엘리베이터
(B1) 1번/4번/7번 출입구 방향 표 내는 곳 옆"
IC_7_0301,7호선,석남,B2,-2,지하 2층,엘리베이터,일반승강기,"[6호기](B4) 6번 출입구 방향 에스컬레이터 11,12호기 옆
(1F) 6번 출입구 뒷편 고가도로 옆 엘리베이터"
IC_7_0301,7호선,석남,B2,-2,지하 2층,엘리베이터,일반승강기,"[5호기](B4) 5번 출입구 방향 에스컬레이터 9,10호기 옆
(1F) 5번 출입구 뒷편 고가도로 옆 엘리베이터"
IC_7_0301,7호선,석남,B2,-2,지하 2층,엘리베이터,일반승강기,[8호기](B3)2호선가정중앙시장역방향환승통로안쪽엘리베이터(B2)2호선<->7호선환승통로
IC_7_0301,7호선,석남,B2,-2,지하 2층,엘리베이터,일반승강기,[11호기](B4)2호선<->7호선환승통로(B2)2호선<->7호선환승통로
IC_7_0301,7호선,석남,B3,-3,지하 3층,엘리베이터,일반승강기,[8호기](B3)2호선가정중앙시장역방향환승통로안쪽엘리베이터(B2)2호선<->7호선환승통로
IC_7_0301,7호선,석남,B3,-3,지하 3층,엘리베이터,일반승강기,[7호기](B3)2호선서부여성회관역방향환승통로안쪽엘리베이터(B1)1번/4번/7번출입구방향표내는곳옆
IC_7_0301,7호선,석남,B3,-3,지하 3층,엘리베이터,일반승강기,"[7호기](B4) 2호선<->7호선 환승통로
(B2) 2호선<->7호선 환승통로"
IC_7_0301,7호선,석남,B3,-3,지하 3층,엘리베이터,일반승강기,"[6호기](B4) 6번 출입구 방향 에스컬레이터 11,12호기 옆
(1F) 6번 출입구 뒷편 고가도로 옆 엘리베이터"
IC_7_0301,7호선,석남,B3,-3,지하 3층,엘리베이터,일반승강기,"[5호기](B4) 5번 출입구 방향 에스컬레이터 9,10호기 옆
(1F) 5번 출입구 뒷편 고가도로 옆 엘리베이터"
IC_7_0301,7호선,석남,B4,-4,지하 4층,대합실,대합실,
IC_7_0301,7호선,석남,B4,-4,지하 4층,개찰구,표 내는 곳,
IC_7_0301,7호선,석남,B4,-4,지하 4층,엘리베이터,일반승강기,"[6호기](B4)6번출입구방향에스컬레이터11,12호기옆(1F)6번출입구뒷편고가도로옆엘리베이터"
IC_7_0301,7호선,석남,B4,-4,지하 4층,엘리베이터,일반승강기,[11호기](B4)2호선<->7호선환승통로(B2)2호선<->7호선환승통로
IC_7_0301,7호선,석남,B4,-4,지하 4층,엘리베이터,일반승강기,"[5호기](B4)5번출입구방향에스컬레이터9,10호기옆(1F)5번출입구뒷편고가도로옆엘리베이터"
IC_7_0301,7호선,석남,B4,-4,지하 4층,엘리베이터,일반승강기,[2호기](B5)종착역방향출입문8-4앞(B4)2호선<->7호선(종점역방향)환승통로
IC_7_0301,7호선,석남,B4,-4,지하 4층,엘리베이터,일반승강기,[3호기](B5)산곡역방향출입문7-3앞(B4)고객안내센터옆엘리베이터
IC_7_0301,7호선,석남,B4,-4,지하 4층,엘리베이터,일반승강기,[4호기](B5)종착역방향출입문2-2앞(B4)고객안내센터옆엘리베이터
IC_7_0301,7호선,석남,B4,-4,지하 4층,엘리베이터,일반승강기,[1호기](B5)산곡역방향출입문1-3앞(B4)2호선<->7호선(산곡역방향)환승통로
IC_7_0301,7호선,석남,B4,-4,지하 4층,전동휠체어충전설비,전동휠체어충전설비,(B4) 5번/6번 출입구 방향 표 내는 곳 외부
IC_7_0301,7호선,석남,B4,-4,지하 4층,화장실,일반화장실(남),(B4)5번/6번 출입구 방향 표내는 곳 외부
IC_7_0301,7호선,석남,B4,-4,지하 4층,화장실,일반화장실(남),"(B4)2,3,4,7 출입구 방향 인천 2호선 환승통로"
IC_7_0301,7호선,석남,B4,-4,지하 4층,화장실,일반화장실(여),(B4)5번/6번 출입구 방향 표내는 곳 외부
IC_7_0301,7호선,석남,B4,-4,지하 4층,화장실,일반화장실(여),"(B4)2,3,4,7 출입구 방향 인천 2호선 환승통로"
IC_7_0301,7호선,석남,B4,-4,지하 4층,화장실,장애인화장실(남),(B4)5번/6번 출입구 방향 표내는 곳 외부
IC_7_0301,7호선,석남,B4,-4,지하 4층,화장실,장애인화장실(남),"(B4)2,3,4,7 출입구 방향 인천 2호선 환승통로"
IC_7_0301,7호선,석남,B4,-4,지하 4층,화장실,장애인화장실(여),(B4)5번/6번 출입구 방향 표내는 곳 외부
IC_7_0301,7호선,석남,B4,-4,지하 4층,화장실,장애인화장실(여),"(B4)2,3,4,7 출입구 방향 인천 2호선 환승통로"
IC_7_0301,7호선,석남,B4,-4,지하 4층,고객센터,고객센터,(B4) 5번/6번 출입구 방향 표 내는 곳 내부 
IC_7_0301,7호선,석남,B4,-4,지하 4층,수유실,수유실,(B4) 5번/6번 출입구 방향 고객안내센터 옆
IC_7_0301,7호선,석남,B5,-5,지하 5층,엘리베이터,일반승강기,[3호기](B5)산곡역방향출입문7-3앞(B4)고객안내센터옆엘리베이터
IC_7_0301,7호선,석남,B5,-5,지하 5층,엘리베이터,일반승강기,[2호기](B5)종착역방향출입문8-4앞(B4)2호선<->7호선(종점역방향)환승통로
IC_7_0301,7호선,석남,B5,-5,지하 5층,엘리베이터,일반승강기,[1호기](B5)산곡역방향출입문1-3앞(B4)2호선<->7호선(산곡역방향)환승통로
IC_7_0301,7호선,석남,B5,-5,지하 5층,엘리베이터,일반승강기,[4호기](B5)종착역방향출입문2-2앞(B4)고객안내센터옆엘리베이터
IC_7_0301,7호선,석남,B5,-5,지하 5층,승강장,7호선 승강장 (산곡 방면),상대식
IC_7_0301,7호선,석남,B5,-5,지하 5층,승강장,7호선 승강장 (석남 방면),상대식
NU_8_0230,8호선,별내,2F,2,지상 2층,엘리베이터,일반승강기,[5호기](2F)경춘선퇴계원방면환승통로(B1)고객안전실옆
NU_8_0230,8호선,별내,2F,2,지상 2층,엘리베이터,일반승강기,"[6호기](2F)경춘선갈매방면환승통로(B1)6,7번출구방면대합실"
NU_8_0230,8호선,별내,2F,2,지상 2층,환승승강장,경춘선 승강장 (갈매 방면),경춘선
NU_8_0230,8호선,별내,2F,2,지상 2층,환승승강장,경춘선 승강장 (퇴계원 방면),경춘선
NU_8_0230,8호선,별내,1F,1,지상 1층,엘리베이터,일반승강기,"[3호기](1F)5번출입구옆(B1)3,5번연결통로앞"
NU_8_0230,8호선,별내,1F,1,지상 1층,엘리베이터,일반승강기,[2호기](1F)4번출입구옆(B1)4번대합실출입구
NU_8_0230,8호선,별내,1F,1,지상 1층,수유실,수유실,대합실 고객센터 맞은편
NU_8_0230,8호선,별내,1F,1,지상 1층,출입구,4번 출입구,교통약자 동선 연결
NU_8_0230,8호선,별내,1F,1,지상 1층,출입구,5번 출입구,교통약자 동선 연결
NU_8_0230,8호선,별내,1F,1,지상 1층,출입구,6번 출입구,교통약자 동선 연결
NU_8_0230,8호선,별내,1F,1,지상 1층,출입구,7번 출입구,
NU_8_0230,8호선,별내,B1,-1,지하 1층,대합실,대합실,
NU_8_0230,8호선,별내,B1,-1,지하 1층,개찰구,표 내는 곳,
NU_8_0230,8호선,별내,B1,-1,지하 1층,엘리베이터,일반승강기,"[1호기](B1)6,7번출구방면연결통로(B1)6,7번출구방면대합실앞"
NU_8_0230,8호선,별내,B1,-1,지하 1층,엘리베이터,일반승강기,[2호기](1F)4번출입구옆(B1)4번대합실출입구
NU_8_0230,8호선,별내,B1,-1,지하 1층,엘리베이터,일반승강기,"[3호기](1F)5번출입구옆(B1)3,5번연결통로앞"
NU_8_0230,8호선,별내,B1,-1,지하 1층,엘리베이터,일반승강기,"[4호기](B1)4번출입구방면대합실앞(B1)3,5번연결통로앞"
NU_8_0230,8호선,별내,B1,-1,지하 1층,엘리베이터,일반승강기,[5호기](2F)경춘선퇴계원방면환승통로(B1)고객안전실옆
NU_8_0230,8호선,별내,B1,-1,지하 1층,엘리베이터,일반승강기,"[6호기](2F)경춘선갈매방면환승통로(B1)6,7번출구방면대합실"
NU_8_0230,8호선,별내,B1,-1,지하 1층,화장실,일반화장실(남),(B1) 4번 출입구 앞 개찰구 내부
NU_8_0230,8호선,별내,B1,-1,지하 1층,화장실,일반화장실(남),(B1) 4번 출입구 앞 개찰구 외부
NU_8_0230,8호선,별내,B1,-1,지하 1층,화장실,일반화장실(여),(B1) 4번 출입구 앞 개찰구 외부
NU_8_0230,8호선,별내,B1,-1,지하 1층,화장실,일반화장실(여),(B1) 4번 출입구 앞 개찰구 내부
NU_8_0230,8호선,별내,B1,-1,지하 1층,화장실,장애인화장실(남),(B1) 4번 출입구 앞 개찰구 내부
NU_8_0230,8호선,별내,B1,-1,지하 1층,화장실,장애인화장실(남),(B1) 4번 출입구 앞 개찰구 외부
NU_8_0230,8호선,별내,B1,-1,지하 1층,화장실,장애인화장실(여),(B1) 4번 출입구 앞 개찰구 내부
NU_8_0230,8호선,별내,B1,-1,지하 1층,화장실,장애인화장실(여),(B1) 4번 출입구 앞 개찰구 외부
NU_8_0230,8호선,별내,B1,-1,지하 1층,고객센터,고객센터,대합실
NU_8_0230,8호선,별내,B3,-3,지하 3층,승강장,8호선 승강장 (별내 방면),상대식
NU_8_0230,8호선,별내,B3,-3,지하 3층,승강장,8호선 승강장 (다산 방면),상대식
NU_8_1376,8호선,다산,1F,1,지상 1층,엘리베이터,일반승강기,[1호기](1F)1번출입구옆(B1)1번/2번대합실출입구
NU_8_1376,8호선,다산,1F,1,지상 1층,엘리베이터,일반승강기,[2호기](1F)4번출입구옆(B1)4번대합실출입구
NU_8_1376,8호선,다산,1F,1,지상 1층,엘리베이터,일반승강기,[3호기](1F)3번출입구옆(B1)화장실옆
NU_8_1376,8호선,다산,1F,1,지상 1층,엘리베이터,일반승강기,[7호기]다산역자이구간연결통로
NU_8_1376,8호선,다산,1F,1,지상 1층,엘리베이터,일반승강기,[5호기](B1)상행에스컬레이터옆(B3)상행승강장4-1출입문앞
NU_8_1376,8호선,다산,1F,1,지상 1층,엘리베이터,일반승강기,[6호기]다산역연결통로
NU_8_1376,8호선,다산,1F,1,지상 1층,엘리베이터,일반승강기,[4호기](B1)하행에스컬레이터옆(B3)하행승강장4-1출입문앞
NU_8_1376,8호선,다산,1F,1,지상 1층,출입구,1번 출입구,
NU_8_1376,8호선,다산,1F,1,지상 1층,출입구,2번 출입구,교통약자 동선 연결
NU_8_1376,8호선,다산,1F,1,지상 1층,출입구,3번 출입구,교통약자 동선 연결
NU_8_1376,8호선,다산,1F,1,지상 1층,출입구,4번 출입구,교통약자 동선 연결
NU_8_1376,8호선,다산,B1,-1,지하 1층,대합실,대합실,
NU_8_1376,8호선,다산,B1,-1,지하 1층,개찰구,표 내는 곳,
NU_8_1376,8호선,다산,B1,-1,지하 1층,엘리베이터,일반승강기,[1호기](1F)1번출입구옆(B1)1번/2번대합실출입구
NU_8_1376,8호선,다산,B1,-1,지하 1층,엘리베이터,일반승강기,[2호기](1F)4번출입구옆(B1)4번대합실출입구
NU_8_1376,8호선,다산,B1,-1,지하 1층,엘리베이터,일반승강기,[3호기](1F)3번출입구옆(B1)화장실옆
NU_8_1376,8호선,다산,B1,-1,지하 1층,엘리베이터,일반승강기,[7호기]다산역자이구간연결통로
NU_8_1376,8호선,다산,B1,-1,지하 1층,엘리베이터,일반승강기,[6호기]다산역연결통로
NU_8_1376,8호선,다산,B1,-1,지하 1층,화장실,일반화장실(남),(B1) 3번 출입구 앞
NU_8_1376,8호선,다산,B1,-1,지하 1층,화장실,일반화장실(여),(B1) 3번 출입구 앞
NU_8_1376,8호선,다산,B1,-1,지하 1층,화장실,장애인화장실(남),(B1) 3번 출입구 앞
NU_8_1376,8호선,다산,B1,-1,지하 1층,화장실,장애인화장실(여),(B1) 3번 출입구 앞
NU_8_1376,8호선,다산,B1,-1,지하 1층,고객센터,고객센터,대합실
NU_8_1376,8호선,다산,B1,-1,지하 1층,수유실,수유실,별내선 탑승 표내는 곳 오른쪽 
NU_8_1376,8호선,다산,B3,-3,지하 3층,엘리베이터,일반승강기,[5호기](B1)상행에스컬레이터옆(B3)상행승강장4-1출입문앞
NU_8_1376,8호선,다산,B3,-3,지하 3층,엘리베이터,일반승강기,[4호기](B1)하행에스컬레이터옆(B3)하행승강장4-1출입문앞
NU_8_1376,8호선,다산,B3,-3,지하 3층,승강장,8호선 승강장 (별내 방면),상대식
NU_8_1376,8호선,다산,B3,-3,지하 3층,승강장,8호선 승강장 (다산 방면),상대식
GU_8_1375,8호선,동구릉,1F,1,지상 1층,엘리베이터,일반승강기,[2호기](1F)5번출입구옆
GU_8_1375,8호선,동구릉,1F,1,지상 1층,엘리베이터,일반승강기,[1호기](1F)2번/3번출입구사이엘리베이터
GU_8_1375,8호선,동구릉,1F,1,지상 1층,출입구,2번 출입구,교통약자 동선 연결
GU_8_1375,8호선,동구릉,1F,1,지상 1층,출입구,3번 출입구,
GU_8_1375,8호선,동구릉,1F,1,지상 1층,출입구,5번 출입구,교통약자 동선 연결
GU_8_1375,8호선,동구릉,B1,-1,지하 1층,대합실,대합실,
GU_8_1375,8호선,동구릉,B1,-1,지하 1층,개찰구,표 내는 곳,
GU_8_1375,8호선,동구릉,B1,-1,지하 1층,엘리베이터,일반승강기,[2호기](1F)5번출입구옆
GU_8_1375,8호선,동구릉,B1,-1,지하 1층,엘리베이터,일반승강기,[1호기](1F)2번/3번출입구사이엘리베이터
GU_8_1375,8호선,동구릉,B1,-1,지하 1층,엘리베이터,일반승강기,[3호기](B1)표내는곳내수유실근처
GU_8_1375,8호선,동구릉,B1,-1,지하 1층,엘리베이터,일반승강기,[4호기](B1)표내는곳내유실물보관센터근처
GU_8_1375,8호선,동구릉,B4,-4,지하 4층,엘리베이터,일반승강기,[4호기](B1)표내는곳내유실물보관센터근처
GU_8_1375,8호선,동구릉,B4,-4,지하 4층,엘리베이터,일반승강기,[3호기](B1)표내는곳내수유실근처
GU_8_1375,8호선,동구릉,B4,-4,지하 4층,승강장,8호선 승강장 (동구릉 방면),상대식
GU_8_1375,8호선,동구릉,B4,-4,지하 4층,승강장,8호선 승강장 (구리 방면),상대식
GU_8_0072,8호선,구리,3F,3,지상 3층,환승승강장,경의중앙선 승강장 (도농 방면),경의중앙선
GU_8_0072,8호선,구리,3F,3,지상 3층,환승승강장,경의중앙선 승강장 (양원 방면),경의중앙선
GU_8_0072,8호선,구리,2F,2,지상 2층,엘리베이터,일반승강기,[2호기](1F)유료대합실
GU_8_0072,8호선,구리,2F,2,지상 2층,엘리베이터,일반승강기,[1호기](1F)4번출입구
GU_8_0072,8호선,구리,2F,2,지상 2층,엘리베이터,일반승강기,[3호기](1F)유료대합실
GU_8_0072,8호선,구리,1F,1,지상 1층,개찰구,표 내는 곳,
GU_8_0072,8호선,구리,1F,1,지상 1층,엘리베이터,일반승강기,[3호기](1F)유료대합실
GU_8_0072,8호선,구리,1F,1,지상 1층,엘리베이터,일반승강기,[2호기](1F)유료대합실
GU_8_0072,8호선,구리,1F,1,지상 1층,엘리베이터,일반승강기,[1호기](1F)4번출입구
GU_8_0072,8호선,구리,1F,1,지상 1층,엘리베이터,일반승강기,[4호기](1F)7번출입구
GU_8_0072,8호선,구리,1F,1,지상 1층,출입구,4번 출입구,
GU_8_0072,8호선,구리,1F,1,지상 1층,출입구,7번 출입구,교통약자 동선 연결
GU_8_0072,8호선,구리,B1,-1,지하 1층,엘리베이터,일반승강기,[5호기](B1)동구릉역방향승강장으로내려가는계단근처
GU_8_0072,8호선,구리,B1,-1,지하 1층,엘리베이터,일반승강기,[6호기](B1)구리역방향승강장으로내려가는계단근처
GU_8_0072,8호선,구리,B1,-1,지하 1층,엘리베이터,일반승강기,[4호기](1F)7번출입구
GU_8_0072,8호선,구리,B2,-2,지하 2층,엘리베이터,일반승강기,[5호기](B1)동구릉역방향승강장으로내려가는계단근처
GU_8_0072,8호선,구리,B2,-2,지하 2층,엘리베이터,일반승강기,[6호기](B1)구리역방향승강장으로내려가는계단근처
GU_8_0072,8호선,구리,B2,-2,지하 2층,승강장,8호선 승강장 (동구릉 방면),상대식
GU_8_0072,8호선,구리,B2,-2,지하 2층,승강장,8호선 승강장 (장자호수공원 방면),상대식
GU_8_1374,8호선,장자호수공원,1F,1,지상 1층,엘리베이터,일반승강기,[4호기](B1)5번출입구
GU_8_1374,8호선,장자호수공원,1F,1,지상 1층,엘리베이터,일반승강기,[3호기](B1)선큰마당및1번출입구근처
GU_8_1374,8호선,장자호수공원,1F,1,지상 1층,출입구,1번 출입구,교통약자 동선 연결
GU_8_1374,8호선,장자호수공원,1F,1,지상 1층,출입구,5번 출입구,교통약자 동선 연결
GU_8_1374,8호선,장자호수공원,B1,-1,지하 1층,대합실,대합실,
GU_8_1374,8호선,장자호수공원,B1,-1,지하 1층,개찰구,표 내는 곳,
GU_8_1374,8호선,장자호수공원,B1,-1,지하 1층,엘리베이터,일반승강기,[1호기](B1)유료대합실
GU_8_1374,8호선,장자호수공원,B1,-1,지하 1층,엘리베이터,일반승강기,[2호기](B1)유료대합실
GU_8_1374,8호선,장자호수공원,B1,-1,지하 1층,엘리베이터,일반승강기,[3호기](B1)선큰마당및1번출입구근처
GU_8_1374,8호선,장자호수공원,B1,-1,지하 1층,엘리베이터,일반승강기,[4호기](B1)5번출입구
GU_8_1374,8호선,장자호수공원,B3,-3,지하 3층,엘리베이터,일반승강기,[1호기](B1)유료대합실
GU_8_1374,8호선,장자호수공원,B3,-3,지하 3층,엘리베이터,일반승강기,[2호기](B1)유료대합실
GU_8_1374,8호선,장자호수공원,B3,-3,지하 3층,승강장,8호선 승강장 (구리 방면),상대식
GU_8_1374,8호선,장자호수공원,B3,-3,지하 3층,승강장,8호선 승강장 (장자호수공원 방면),상대식
S1_8_1373,8호선,암사역사공원,1F,1,지상 1층,엘리베이터,일반승강기,[4호기]3번출입구
S1_8_1373,8호선,암사역사공원,1F,1,지상 1층,엘리베이터,일반승강기,[3호기]1번출입구
S1_8_1373,8호선,암사역사공원,1F,1,지상 1층,출입구,1번 출입구,교통약자 동선 연결
S1_8_1373,8호선,암사역사공원,1F,1,지상 1층,출입구,3번 출입구,교통약자 동선 연결
S1_8_1373,8호선,암사역사공원,B1,-1,지하 1층,대합실,대합실,
S1_8_1373,8호선,암사역사공원,B1,-1,지하 1층,개찰구,표 내는 곳,
S1_8_1373,8호선,암사역사공원,B1,-1,지하 1층,엘리베이터,일반승강기,[1호기]모란방면(하선)
S1_8_1373,8호선,암사역사공원,B1,-1,지하 1층,엘리베이터,일반승강기,[4호기]3번출입구
S1_8_1373,8호선,암사역사공원,B1,-1,지하 1층,엘리베이터,일반승강기,[3호기]1번출입구
S1_8_1373,8호선,암사역사공원,B1,-1,지하 1층,엘리베이터,일반승강기,[2호기]별내방면(상선)
S1_8_1373,8호선,암사역사공원,B1,-1,지하 1층,화장실,일반화장실(남),대합실 B1층 3번 출구 방향
S1_8_1373,8호선,암사역사공원,B1,-1,지하 1층,화장실,일반화장실(여),대합실 B1층 3번 출구 방향
S1_8_1373,8호선,암사역사공원,B1,-1,지하 1층,화장실,장애인화장실(남),대합실 B1층 3번 출구 방향
S1_8_1373,8호선,암사역사공원,B1,-1,지하 1층,화장실,장애인화장실(여),대합실 B1층 3번 출구 방향
S1_8_1373,8호선,암사역사공원,B1,-1,지하 1층,고객센터,고객센터,B1층 대합실
S1_8_1373,8호선,암사역사공원,B1,-1,지하 1층,수유실,수유실,b1 게이트 옆
S1_8_1373,8호선,암사역사공원,B2,-2,지하 2층,엘리베이터,일반승강기,[1호기]모란방면(하선)
S1_8_1373,8호선,암사역사공원,B2,-2,지하 2층,엘리베이터,일반승강기,[2호기]별내방면(상선)
S1_8_1373,8호선,암사역사공원,B2,-2,지하 2층,승강장,8호선 승강장 (암사역사공원 방면),상대식
S1_8_1373,8호선,암사역사공원,B2,-2,지하 2층,승강장,8호선 승강장 (암사 방면),상대식
S1_8_0391,8호선,암사,1F,1,지상 1층,엘리베이터,일반승강기,"[3호기]3,4번출구사이"
S1_8_0391,8호선,암사,1F,1,지상 1층,출입구,2번 출입구,
S1_8_0391,8호선,암사,1F,1,지상 1층,출입구,3번 출입구,교통약자 동선 연결
S1_8_0391,8호선,암사,1F,1,지상 1층,출입구,4번 출입구,
S1_8_0391,8호선,암사,B1,-1,지하 1층,대합실,대합실,
S1_8_0391,8호선,암사,B1,-1,지하 1층,개찰구,표 내는 곳,
S1_8_0391,8호선,암사,B1,-1,지하 1층,엘리베이터,일반승강기,"[3호기]3,4번출구사이"
S1_8_0391,8호선,암사,B1,-1,지하 1층,엘리베이터,일반승강기,[2호기]천호방면4-1
S1_8_0391,8호선,암사,B1,-1,지하 1층,엘리베이터,일반승강기,[1호기]암사방면3-4
S1_8_0391,8호선,암사,B1,-1,지하 1층,화장실,일반화장실(남),대합실 B1층 2번 출입구 방향
S1_8_0391,8호선,암사,B1,-1,지하 1층,화장실,일반화장실(여),대합실 B1층 2번 출입구 방향
S1_8_0391,8호선,암사,B1,-1,지하 1층,화장실,장애인화장실(남),대합실 B1층 2번 출입구 방향
S1_8_0391,8호선,암사,B1,-1,지하 1층,화장실,장애인화장실(여),대합실 B1층 2번 출입구 방향
S1_8_0391,8호선,암사,B1,-1,지하 1층,고객센터,고객센터,B1층 대합실
S1_8_0391,8호선,암사,B2,-2,지하 2층,엘리베이터,일반승강기,[1호기]암사방면3-4
S1_8_0391,8호선,암사,B2,-2,지하 2층,엘리베이터,일반승강기,[2호기]천호방면4-1
S1_8_0391,8호선,암사,B2,-2,지하 2층,승강장,8호선 승강장 (암사역사공원 방면),상대식
S1_8_0391,8호선,암사,B2,-2,지하 2층,승강장,8호선 승강장 (천호 방면),상대식
S1_8_0546,8호선,천호,1F,1,지상 1층,출입구,6번 출입구,교통약자 동선 연결
S1_8_0546,8호선,천호,B1,-1,지하 1층,대합실,대합실,
S1_8_0546,8호선,천호,B1,-1,지하 1층,개찰구,표 내는 곳,
S1_8_0546,8호선,천호,B1,-1,지하 1층,엘리베이터,일반승강기,[1호기]암사방면2-2
S1_8_0546,8호선,천호,B1,-1,지하 1층,엘리베이터,일반승강기,[2호기]강동구청방면5-4
S1_8_0546,8호선,천호,B1,-1,지하 1층,전동휠체어충전설비,전동휠체어충전설비,지하1층 아이센터 옆
S1_8_0546,8호선,천호,B1,-1,지하 1층,고객센터,고객센터,B1층 대합실
S1_8_0546,8호선,천호,B2,-2,지하 2층,대합실,대합실,
S1_8_0546,8호선,천호,B2,-2,지하 2층,엘리베이터,일반승강기,[2호기]강동구청방면5-4
S1_8_0546,8호선,천호,B2,-2,지하 2층,엘리베이터,일반승강기,[1호기]암사방면2-2
S1_8_0546,8호선,천호,B2,-2,지하 2층,승강장,8호선 승강장 (암사 방면),상대식
S1_8_0546,8호선,천호,B2,-2,지하 2층,승강장,8호선 승강장 (강동구청 방면),상대식
S1_8_0021,8호선,강동구청,1F,1,지상 1층,엘리베이터,일반승강기,[3호기]4번출구측
S1_8_0021,8호선,강동구청,1F,1,지상 1층,출입구,4번 출입구,교통약자 동선 연결
S1_8_0021,8호선,강동구청,B1,-1,지하 1층,엘리베이터,일반승강기,[3호기](F1-B2)4번 출입구
S1_8_0021,8호선,강동구청,B2,-2,지하 2층,대합실,대합실,
S1_8_0021,8호선,강동구청,B2,-2,지하 2층,개찰구,표 내는 곳,
S1_8_0021,8호선,강동구청,B2,-2,지하 2층,엘리베이터,일반승강기,[3호기]4번출구측
S1_8_0021,8호선,강동구청,B2,-2,지하 2층,엘리베이터,일반승강기,"[2호기]몽촌토성방면3-2,3-3사이"
S1_8_0021,8호선,강동구청,B2,-2,지하 2층,엘리베이터,일반승강기,[1호기]천호방면4-2
S1_8_0021,8호선,강동구청,B2,-2,지하 2층,전동휠체어충전설비,전동휠체어충전설비,고객안내센터 맞은편 벽면(게이트 옆)
S1_8_0021,8호선,강동구청,B2,-2,지하 2층,화장실,일반화장실(남),대합실 B2층 표 내는 곳 옆
S1_8_0021,8호선,강동구청,B2,-2,지하 2층,화장실,일반화장실(여),대합실 B2층 표 내는 곳 옆
S1_8_0021,8호선,강동구청,B2,-2,지하 2층,화장실,장애인화장실(남),대합실 B2층 표 내는 곳 옆
S1_8_0021,8호선,강동구청,B2,-2,지하 2층,화장실,장애인화장실(여),대합실 B2층 표 내는 곳 옆
S1_8_0021,8호선,강동구청,B2,-2,지하 2층,고객센터,고객센터,B2층 대합실
S1_8_0021,8호선,강동구청,B3,-3,지하 3층,엘리베이터,일반승강기,[1호기]천호방면4-2
S1_8_0021,8호선,강동구청,B3,-3,지하 3층,엘리베이터,일반승강기,"[2호기]몽촌토성방면3-2,3-3사이"
S1_8_0021,8호선,강동구청,B3,-3,지하 3층,승강장,8호선 승강장 (천호 방면),상대식
S1_8_0021,8호선,강동구청,B3,-3,지하 3층,승강장,8호선 승강장 (몽촌토성 방면),상대식
S1_8_0204,8호선,몽촌토성,1F,1,지상 1층,엘리베이터,일반승강기,"[4호기]대합실(B1,4번출구측화장실앞)"
S1_8_0204,8호선,몽촌토성,1F,1,지상 1층,출입구,3번 출입구,
S1_8_0204,8호선,몽촌토성,1F,1,지상 1층,출입구,4번 출입구,교통약자 동선 연결
S1_8_0204,8호선,몽촌토성,B1,-1,지하 1층,대합실,대합실,
S1_8_0204,8호선,몽촌토성,B1,-1,지하 1층,엘리베이터,일반승강기,"[4호기]대합실(B1,4번출구측화장실앞)"
S1_8_0204,8호선,몽촌토성,B1,-1,지하 1층,엘리베이터,일반승강기,[3호기]대합실(B2)
S1_8_0204,8호선,몽촌토성,B1,-1,지하 1층,화장실,일반화장실(남),"대합실 B1층 1,2,3번 출입구 방향"
S1_8_0204,8호선,몽촌토성,B1,-1,지하 1층,화장실,일반화장실(여),"대합실 B1층 1,2,3번 출입구 방향"
S1_8_0204,8호선,몽촌토성,B1,-1,지하 1층,화장실,장애인화장실(남),"대합실 B1층 1,2,3번 출입구 방향"
S1_8_0204,8호선,몽촌토성,B1,-1,지하 1층,화장실,장애인화장실(여),"대합실 B1층 1,2,3번 출입구 방향"
S1_8_0204,8호선,몽촌토성,B2,-2,지하 2층,대합실,대합실,
S1_8_0204,8호선,몽촌토성,B2,-2,지하 2층,개찰구,표 내는 곳,
S1_8_0204,8호선,몽촌토성,B2,-2,지하 2층,엘리베이터,일반승강기,[3호기]대합실(B2)
S1_8_0204,8호선,몽촌토성,B2,-2,지하 2층,엘리베이터,일반승강기,[1호기]강동구청방면3-4
S1_8_0204,8호선,몽촌토성,B2,-2,지하 2층,엘리베이터,일반승강기,[2호기]잠실방면3-4
S1_8_0204,8호선,몽촌토성,B2,-2,지하 2층,전동휠체어충전설비,전동휠체어충전설비,지하 2층 고객상담실 입구 좌측
S1_8_0204,8호선,몽촌토성,B2,-2,지하 2층,고객센터,고객센터,B2층 대합실
S1_8_0204,8호선,몽촌토성,B2,-2,지하 2층,수유실,수유실,B2 고객안전실 내부
S1_8_0204,8호선,몽촌토성,B3,-3,지하 3층,엘리베이터,일반승강기,[1호기]강동구청방면3-4
S1_8_0204,8호선,몽촌토성,B3,-3,지하 3층,엘리베이터,일반승강기,[2호기]잠실방면3-4
S1_8_0204,8호선,몽촌토성,B3,-3,지하 3층,승강장,8호선 승강장 (강동구청 방면),상대식
S1_8_0204,8호선,몽촌토성,B3,-3,지하 3층,승강장,8호선 승강장 (잠실 방면),상대식
S1_8_0497,8호선,잠실,1F,1,지상 1층,엘리베이터,일반승강기,[3호기]9번출구측
S1_8_0497,8호선,잠실,1F,1,지상 1층,출입구,9번 출입구,교통약자 동선 연결
S1_8_0497,8호선,잠실,1F,1,지상 1층,출입구,10번 출입구,교통약자 동선 연결
S1_8_0497,8호선,잠실,1F,1,지상 1층,출입구,11번 출입구,
S1_8_0497,8호선,잠실,B1,-1,지하 1층,대합실,대합실,
S1_8_0497,8호선,잠실,B1,-1,지하 1층,엘리베이터,일반승강기,[3호기]9번출구측
S1_8_0497,8호선,잠실,B1,-1,지하 1층,엘리베이터,일반승강기,[4호기](B2-F1)10번 출입구
S1_8_0497,8호선,잠실,B1,-1,지하 1층,엘리베이터,일반승강기,[1호기]몽촌토성방면2-3
S1_8_0497,8호선,잠실,B1,-1,지하 1층,엘리베이터,일반승강기,[2호기]석촌방면5-2
S1_8_0497,8호선,잠실,B1,-1,지하 1층,화장실,일반화장실(남),B1층 11번 출입구 옆
S1_8_0497,8호선,잠실,B1,-1,지하 1층,화장실,일반화장실(여),B1층 11번 출입구 옆
S1_8_0497,8호선,잠실,B1,-1,지하 1층,화장실,장애인화장실(남),B1층 11번 출입구 옆
S1_8_0497,8호선,잠실,B1,-1,지하 1층,화장실,장애인화장실(여),B1층 11번 출입구 옆
S1_8_0497,8호선,잠실,B2,-2,지하 2층,엘리베이터,일반승강기,[2호기](B1-B3) 승강장
S1_8_0497,8호선,잠실,B2,-2,지하 2층,엘리베이터,일반승강기,[1호기](B1-B3) 승강장
S1_8_0497,8호선,잠실,B2,-2,지하 2층,전동휠체어충전설비,전동휠체어충전설비,고객안내센터 좌측 30m 지점
S1_8_0497,8호선,잠실,B2,-2,지하 2층,고객센터,고객센터,B2층 대합실
S1_8_0497,8호선,잠실,B2,-2,지하 2층,수유실,수유실,B2 고객안전실 내부
S1_8_0497,8호선,잠실,B2,-2,지하 2층,환승승강장,2호선 승강장 (잠실나루 방면),2호선
S1_8_0497,8호선,잠실,B2,-2,지하 2층,환승승강장,2호선 승강장 (잠실새내 방면),2호선
S1_8_0497,8호선,잠실,B3,-3,지하 3층,엘리베이터,일반승강기,[1호기]몽촌토성방면2-3
S1_8_0497,8호선,잠실,B3,-3,지하 3층,엘리베이터,일반승강기,[2호기]석촌방면5-2
S1_8_0497,8호선,잠실,B3,-3,지하 3층,승강장,8호선 승강장 (몽촌토성 방면),상대식
S1_8_0497,8호선,잠실,B3,-3,지하 3층,승강장,8호선 승강장 (석촌 방면),상대식
S1_8_0305,8호선,석촌,1F,1,지상 1층,엘리베이터,일반승강기,[3호기]1번출구측
S1_8_0305,8호선,석촌,1F,1,지상 1층,출입구,1번 출입구,교통약자 동선 연결
S1_8_0305,8호선,석촌,1F,1,지상 1층,출입구,5번 출입구,교통약자 동선 연결
S1_8_0305,8호선,석촌,B1,-1,지하 1층,대합실,대합실,
S1_8_0305,8호선,석촌,B1,-1,지하 1층,개찰구,표 내는 곳,
S1_8_0305,8호선,석촌,B1,-1,지하 1층,엘리베이터,일반승강기,[3호기]1번출구측
S1_8_0305,8호선,석촌,B1,-1,지하 1층,엘리베이터,일반승강기,[2호기]송파방면4-1
S1_8_0305,8호선,석촌,B1,-1,지하 1층,엘리베이터,일반승강기,[1호기]잠실방면3-4
S1_8_0305,8호선,석촌,B1,-1,지하 1층,전동휠체어충전설비,전동휠체어충전설비,지하 1층 종점환기실 앞
S1_8_0305,8호선,석촌,B1,-1,지하 1층,화장실,일반화장실(남),대합실 B1층 표 내는 곳 옆
S1_8_0305,8호선,석촌,B1,-1,지하 1층,화장실,일반화장실(여),대합실 B1층 표 내는 곳 옆
S1_8_0305,8호선,석촌,B1,-1,지하 1층,화장실,장애인화장실(남),대합실 B1층 표 내는 곳 옆
S1_8_0305,8호선,석촌,B1,-1,지하 1층,화장실,장애인화장실(여),대합실 B1층 표 내는 곳 옆
S1_8_0305,8호선,석촌,B1,-1,지하 1층,고객센터,고객센터,B1층 대합실
S1_8_0305,8호선,석촌,B2,-2,지하 2층,엘리베이터,일반승강기,[1호기]잠실방면3-4
S1_8_0305,8호선,석촌,B2,-2,지하 2층,엘리베이터,일반승강기,[2호기]송파방면4-1
S1_8_0305,8호선,석촌,B2,-2,지하 2층,승강장,8호선 승강장 (잠실 방면),상대식
S1_8_0305,8호선,석촌,B2,-2,지하 2층,승강장,8호선 승강장 (송파 방면),상대식
S1_8_0305,8호선,석촌,B3,-3,지하 3층,대합실,대합실,
S1_8_0305,8호선,석촌,B4,-4,지하 4층,환승승강장,9호선 승강장 (송파나루 방면),9호선
S1_8_0305,8호선,석촌,B4,-4,지하 4층,환승승강장,9호선 승강장 (석촌고분 방면),9호선
S1_8_0332,8호선,송파,1F,1,지상 1층,엘리베이터,일반승강기,[4호기]4번출구측
S1_8_0332,8호선,송파,1F,1,지상 1층,엘리베이터,일반승강기,"[3호기]1,2번출구사이"
S1_8_0332,8호선,송파,1F,1,지상 1층,출입구,1번 출입구,
S1_8_0332,8호선,송파,1F,1,지상 1층,출입구,2번 출입구,교통약자 동선 연결
S1_8_0332,8호선,송파,1F,1,지상 1층,출입구,4번 출입구,교통약자 동선 연결
S1_8_0332,8호선,송파,B1,-1,지하 1층,대합실,대합실,
S1_8_0332,8호선,송파,B1,-1,지하 1층,개찰구,표 내는 곳,
S1_8_0332,8호선,송파,B1,-1,지하 1층,엘리베이터,일반승강기,[4호기]4번출구측
S1_8_0332,8호선,송파,B1,-1,지하 1층,엘리베이터,일반승강기,"[3호기]1,2번출구사이"
S1_8_0332,8호선,송파,B1,-1,지하 1층,엘리베이터,일반승강기,"[2호기]가락시장방면3-4,4-1사이"
S1_8_0332,8호선,송파,B1,-1,지하 1층,엘리베이터,일반승강기,[1호기]석촌방면3-4
S1_8_0332,8호선,송파,B1,-1,지하 1층,화장실,일반화장실(남),대합실 B1층 1번출입구 방향
S1_8_0332,8호선,송파,B1,-1,지하 1층,화장실,일반화장실(여),대합실 B1층 1번출입구 방향
S1_8_0332,8호선,송파,B1,-1,지하 1층,화장실,장애인화장실(남),대합실 B1층 1번출입구 방향
S1_8_0332,8호선,송파,B1,-1,지하 1층,화장실,장애인화장실(여),대합실 B1층 1번출입구 방향
S1_8_0332,8호선,송파,B1,-1,지하 1층,고객센터,고객센터,B1층 대합실
S1_8_0332,8호선,송파,B2,-2,지하 2층,엘리베이터,일반승강기,[1호기]석촌방면3-4
S1_8_0332,8호선,송파,B2,-2,지하 2층,엘리베이터,일반승강기,"[2호기]가락시장방면3-4,4-1사이"
S1_8_0332,8호선,송파,B2,-2,지하 2층,승강장,8호선 승강장 (석촌 방면),상대식
S1_8_0332,8호선,송파,B2,-2,지하 2층,승강장,8호선 승강장 (가락시장 방면),상대식
S1_8_0003,8호선,가락시장,1F,1,지상 1층,엘리베이터,일반승강기,"[6호기]3,4번출구사이"
S1_8_0003,8호선,가락시장,1F,1,지상 1층,엘리베이터,일반승강기,"[5호기]1,2번출구사이"
S1_8_0003,8호선,가락시장,1F,1,지상 1층,출입구,1번 출입구,교통약자 동선 연결
S1_8_0003,8호선,가락시장,1F,1,지상 1층,출입구,2번 출입구,
S1_8_0003,8호선,가락시장,1F,1,지상 1층,출입구,4번 출입구,교통약자 동선 연결
S1_8_0003,8호선,가락시장,1F,1,지상 1층,출입구,7번 출입구,교통약자 동선 연결
S1_8_0003,8호선,가락시장,B1,-1,지하 1층,대합실,대합실,
S1_8_0003,8호선,가락시장,B1,-1,지하 1층,개찰구,표 내는 곳,
S1_8_0003,8호선,가락시장,B1,-1,지하 1층,엘리베이터,일반승강기,"[6호기]3,4번출구사이"
S1_8_0003,8호선,가락시장,B1,-1,지하 1층,엘리베이터,일반승강기,"[5호기](F1-B2)1,2번 출입구"
S1_8_0003,8호선,가락시장,B1,-1,지하 1층,엘리베이터,일반승강기,[2호기]문정방면2-3
S1_8_0003,8호선,가락시장,B1,-1,지하 1층,엘리베이터,일반승강기,[1호기]송파방면5-4
S1_8_0003,8호선,가락시장,B1,-1,지하 1층,화장실,일반화장실(남), B1층 대합실과 가락몰 연결통로 사이
S1_8_0003,8호선,가락시장,B1,-1,지하 1층,화장실,일반화장실(여), B1층 대합실과 가락몰 연결통로 사이
S1_8_0003,8호선,가락시장,B1,-1,지하 1층,화장실,장애인화장실(남), B1층 대합실과 가락몰 연결통로 사이
S1_8_0003,8호선,가락시장,B1,-1,지하 1층,화장실,장애인화장실(여), B1층 대합실과 가락몰 연결통로 사이
S1_8_0003,8호선,가락시장,B1,-1,지하 1층,수유실,수유실,B1 승강지원단 옆
S1_8_0003,8호선,가락시장,B2,-2,지하 2층,대합실,대합실,
S1_8_0003,8호선,가락시장,B2,-2,지하 2층,엘리베이터,일반승강기,"[5호기]1,2번출구사이"
S1_8_0003,8호선,가락시장,B2,-2,지하 2층,엘리베이터,일반승강기,[1호기]송파방면5-4
S1_8_0003,8호선,가락시장,B2,-2,지하 2층,엘리베이터,일반승강기,[2호기]문정방면2-3
S1_8_0003,8호선,가락시장,B2,-2,지하 2층,엘리베이터,일반승강기,[3호기]환승통로(모란방면)
S1_8_0003,8호선,가락시장,B2,-2,지하 2층,엘리베이터,일반승강기,[4호기]환승통로(암사방면)
S1_8_0003,8호선,가락시장,B2,-2,지하 2층,고객센터,고객센터,B2층 대합실
S1_8_0003,8호선,가락시장,B2,-2,지하 2층,승강장,8호선 승강장 (송파 방면),상대식
S1_8_0003,8호선,가락시장,B2,-2,지하 2층,승강장,8호선 승강장 (문정 방면),상대식
S1_8_0003,8호선,가락시장,B3,-3,지하 3층,엘리베이터,일반승강기,[4호기]환승통로(암사방면)
S1_8_0003,8호선,가락시장,B3,-3,지하 3층,엘리베이터,일반승강기,[3호기]환승통로(모란방면)
S1_8_0003,8호선,가락시장,B4,-4,지하 4층,환승승강장,3호선 승강장 (수서 방면),3호선
S1_8_0003,8호선,가락시장,B4,-4,지하 4층,환승승강장,3호선 승강장 (경찰병원 방면),3호선
S1_8_0208,8호선,문정,1F,1,지상 1층,엘리베이터,일반승강기,[4호기]4번출구측
S1_8_0208,8호선,문정,1F,1,지상 1층,엘리베이터,일반승강기,[3호기]2번출구측
S1_8_0208,8호선,문정,1F,1,지상 1층,출입구,2번 출입구,교통약자 동선 연결
S1_8_0208,8호선,문정,1F,1,지상 1층,출입구,3번 출입구,교통약자 동선 연결
S1_8_0208,8호선,문정,1F,1,지상 1층,출입구,4번 출입구,교통약자 동선 연결
S1_8_0208,8호선,문정,B1,-1,지하 1층,대합실,대합실,
S1_8_0208,8호선,문정,B1,-1,지하 1층,개찰구,표 내는 곳,
S1_8_0208,8호선,문정,B1,-1,지하 1층,엘리베이터,일반승강기,[4호기]4번출구측
S1_8_0208,8호선,문정,B1,-1,지하 1층,엘리베이터,일반승강기,[3호기]2번출구측
S1_8_0208,8호선,문정,B1,-1,지하 1층,엘리베이터,일반승강기,[1호기]가락시장방면3-4
S1_8_0208,8호선,문정,B1,-1,지하 1층,엘리베이터,일반승강기,[2호기]장지방면4-1
S1_8_0208,8호선,문정,B1,-1,지하 1층,화장실,일반화장실(남),대합실 B1층 4번출입구 방향
S1_8_0208,8호선,문정,B1,-1,지하 1층,화장실,일반화장실(남),대합실 B1층 2번출입구 방향
S1_8_0208,8호선,문정,B1,-1,지하 1층,화장실,일반화장실(여),대합실 B1층 4번출입구 방향
S1_8_0208,8호선,문정,B1,-1,지하 1층,화장실,일반화장실(여),대합실 B1층 2번출입구 방향
S1_8_0208,8호선,문정,B1,-1,지하 1층,화장실,장애인화장실(남),대합실 B1층 2번출입구 방향
S1_8_0208,8호선,문정,B1,-1,지하 1층,화장실,장애인화장실(남),대합실 B1층 4번출입구 방향
S1_8_0208,8호선,문정,B1,-1,지하 1층,화장실,장애인화장실(여),대합실 B1층 4번출입구 방향
S1_8_0208,8호선,문정,B1,-1,지하 1층,화장실,장애인화장실(여),대합실 B1층 2번출입구 방향
S1_8_0208,8호선,문정,B1,-1,지하 1층,고객센터,고객센터,B1층 대합실
S1_8_0208,8호선,문정,B2,-2,지하 2층,엘리베이터,일반승강기,[1호기]가락시장방면3-4
S1_8_0208,8호선,문정,B2,-2,지하 2층,엘리베이터,일반승강기,[2호기]장지방면4-1
S1_8_0208,8호선,문정,B2,-2,지하 2층,승강장,8호선 승강장 (가락시장 방면),상대식
S1_8_0208,8호선,문정,B2,-2,지하 2층,승강장,8호선 승강장 (장지 방면),상대식
S1_8_0504,8호선,장지,1F,1,지상 1층,엘리베이터,일반승강기,[4호기]3번출구측
S1_8_0504,8호선,장지,1F,1,지상 1층,엘리베이터,일반승강기,[3호기]1번출구측
S1_8_0504,8호선,장지,1F,1,지상 1층,출입구,1번 출입구,교통약자 동선 연결
S1_8_0504,8호선,장지,1F,1,지상 1층,출입구,3번 출입구,
S1_8_0504,8호선,장지,1F,1,지상 1층,출입구,4번 출입구,교통약자 동선 연결
S1_8_0504,8호선,장지,B1,-1,지하 1층,대합실,대합실,
S1_8_0504,8호선,장지,B1,-1,지하 1층,개찰구,표 내는 곳,
S1_8_0504,8호선,장지,B1,-1,지하 1층,엘리베이터,일반승강기,[3호기]1번출구측
S1_8_0504,8호선,장지,B1,-1,지하 1층,엘리베이터,일반승강기,[4호기]3번출구측
S1_8_0504,8호선,장지,B1,-1,지하 1층,엘리베이터,일반승강기,[2호기]복정방면3-4
S1_8_0504,8호선,장지,B1,-1,지하 1층,엘리베이터,일반승강기,[1호기]문정방면4-1
S1_8_0504,8호선,장지,B1,-1,지하 1층,전동휠체어충전설비,전동휠체어충전설비,지하1층 E/L 4호기 앞
S1_8_0504,8호선,장지,B1,-1,지하 1층,화장실,일반화장실(남),"대합실 B1층 3,4번출입구 방면 "
S1_8_0504,8호선,장지,B1,-1,지하 1층,화장실,일반화장실(여),"대합실 B1층 3,4번출입구 방면 "
S1_8_0504,8호선,장지,B1,-1,지하 1층,화장실,장애인화장실(남),"대합실 B1층 3,4번출입구 방면 "
S1_8_0504,8호선,장지,B1,-1,지하 1층,화장실,장애인화장실(여),"대합실 B1층 3,4번출입구 방면 "
S1_8_0504,8호선,장지,B1,-1,지하 1층,고객센터,고객센터,B1층 대합실
S1_8_0504,8호선,장지,B1,-1,지하 1층,수유실,수유실,B1 화장실 옆
S1_8_0504,8호선,장지,B2,-2,지하 2층,엘리베이터,일반승강기,[1호기]문정방면4-1
S1_8_0504,8호선,장지,B2,-2,지하 2층,엘리베이터,일반승강기,[2호기]복정방면3-4
S1_8_0504,8호선,장지,B2,-2,지하 2층,승강장,8호선 승강장 (문정 방면),상대식
S1_8_0504,8호선,장지,B2,-2,지하 2층,승강장,8호선 승강장 (복정 방면),상대식
S1_8_0238,8호선,복정,1F,1,지상 1층,엘리베이터,일반승강기,[2호기]1번출구측
S1_8_0238,8호선,복정,1F,1,지상 1층,출입구,1번 출입구,교통약자 동선 연결
S1_8_0238,8호선,복정,B1,-1,지하 1층,대합실,대합실,
S1_8_0238,8호선,복정,B1,-1,지하 1층,개찰구,표 내는 곳,
S1_8_0238,8호선,복정,B1,-1,지하 1층,엘리베이터,일반승강기,[2호기]1번출구측
S1_8_0238,8호선,복정,B1,-1,지하 1층,엘리베이터,일반승강기,"[1호기]장지방면4-1,남위례방면3-4"
S1_8_0238,8호선,복정,B1,-1,지하 1층,전동휠체어충전설비,전동휠체어충전설비,안내센터 옆 또는 지하 1층 화장실 입구 옆
S1_8_0238,8호선,복정,B1,-1,지하 1층,화장실,일반화장실(남),대합실 지하1층 아이센터 근처
S1_8_0238,8호선,복정,B1,-1,지하 1층,화장실,일반화장실(여),대합실 지하1층 아이센터 근처
S1_8_0238,8호선,복정,B1,-1,지하 1층,화장실,장애인화장실(남),대합실 지하1층 아이센터 근처
S1_8_0238,8호선,복정,B1,-1,지하 1층,화장실,장애인화장실(여),대합실 지하1층 아이센터 근처
S1_8_0238,8호선,복정,B1,-1,지하 1층,고객센터,고객센터,B1층 대합실
S1_8_0238,8호선,복정,B2,-2,지하 2층,엘리베이터,일반승강기,[1호기](B1-B3)승강장
S1_8_0238,8호선,복정,B2,-2,지하 2층,승강장,8호선 승강장 (장지 방면),섬식
S1_8_0238,8호선,복정,B2,-2,지하 2층,승강장,8호선 승강장 (남위례 방면),섬식
S1_8_0238,8호선,복정,B3,-3,지하 3층,엘리베이터,일반승강기,"[1호기]장지방면4-1,남위례방면3-4"
S1_8_0238,8호선,복정,B3,-3,지하 3층,환승승강장,수인분당선 승강장 (수서 방면),수인분당선
S1_8_0238,8호선,복정,B3,-3,지하 3층,환승승강장,수인분당선 승강장 (가천대 방면),수인분당선
S1_8_1366,8호선,남위례,4F,4,지상 4층,엘리베이터,일반승강기,[2호기]5번출구측
S1_8_1366,8호선,남위례,3F,3,지상 3층,엘리베이터,일반승강기,[2호기](F1-F4)
S1_8_1366,8호선,남위례,3F,3,지상 3층,엘리베이터,일반승강기,[3호기]산성방면3-4
S1_8_1366,8호선,남위례,2F,2,지상 2층,엘리베이터,일반승강기,[3호기]산성방면3-4
S1_8_1366,8호선,남위례,2F,2,지상 2층,엘리베이터,일반승강기,[2호기](F1-F4)
S1_8_1366,8호선,남위례,2F,2,지상 2층,엘리베이터,일반승강기,[1호기]대합실(1번출구)
S1_8_1366,8호선,남위례,2F,2,지상 2층,전동휠체어충전설비,전동휠체어충전설비,지상2층 수유실 앞
S1_8_1366,8호선,남위례,2F,2,지상 2층,화장실,일반화장실(남),대합실 지상2층 주출입구 근처
S1_8_1366,8호선,남위례,2F,2,지상 2층,화장실,일반화장실(여),대합실 지상2층 주출입구 근처
S1_8_1366,8호선,남위례,2F,2,지상 2층,화장실,장애인화장실(남),대합실 지상2층 주출입구 근처
S1_8_1366,8호선,남위례,2F,2,지상 2층,화장실,장애인화장실(여),대합실 지상2층 주출입구 근처
S1_8_1366,8호선,남위례,2F,2,지상 2층,고객센터,고객센터,2층 대합실
S1_8_1366,8호선,남위례,2F,2,지상 2층,수유실,수유실,2층 게이트 옆
S1_8_1366,8호선,남위례,1F,1,지상 1층,엘리베이터,일반승강기,[1호기]대합실(1번출구)
S1_8_1366,8호선,남위례,1F,1,지상 1층,엘리베이터,일반승강기,[2호기]5번출구측
S1_8_1366,8호선,남위례,1F,1,지상 1층,출입구,1번 출입구,
S1_8_1366,8호선,남위례,1F,1,지상 1층,출입구,5번 출입구,교통약자 동선 연결
S1_8_0261,8호선,산성,1F,1,지상 1층,엘리베이터,일반승강기,[4호기]3번출구측
S1_8_0261,8호선,산성,1F,1,지상 1층,출입구,2번 출입구,
S1_8_0261,8호선,산성,1F,1,지상 1층,출입구,3번 출입구,교통약자 동선 연결
S1_8_0261,8호선,산성,B1,-1,지하 1층,대합실,대합실,
S1_8_0261,8호선,산성,B1,-1,지하 1층,개찰구,표 내는 곳,
S1_8_0261,8호선,산성,B1,-1,지하 1층,엘리베이터,일반승강기,[4호기]3번출구측
S1_8_0261,8호선,산성,B1,-1,지하 1층,엘리베이터,일반승강기,[3호기]대합실
S1_8_0261,8호선,산성,B1,-1,지하 1층,전동휠체어충전설비,전동휠체어충전설비,3번 출입구에서 지하1층으로 내려온후 고객상담실 죄측 5m
S1_8_0261,8호선,산성,B1,-1,지하 1층,화장실,일반화장실(남),"B1층 1,2번 출입구 계단 오른쪽"
S1_8_0261,8호선,산성,B1,-1,지하 1층,화장실,일반화장실(여),"B1층 1,2번 출입구 계단 오른쪽"
S1_8_0261,8호선,산성,B1,-1,지하 1층,화장실,장애인화장실(남),"B1층 1,2번 출입구 계단 오른쪽"
S1_8_0261,8호선,산성,B1,-1,지하 1층,화장실,장애인화장실(여),"B1층 1,2번 출입구 계단 오른쪽"
S1_8_0261,8호선,산성,B1,-1,지하 1층,고객센터,고객센터,B1층 대합실
S1_8_0261,8호선,산성,B2,-2,지하 2층,대합실,대합실,
S1_8_0261,8호선,산성,B2,-2,지하 2층,엘리베이터,일반승강기,[3호기]대합실
S1_8_0261,8호선,산성,B2,-2,지하 2층,엘리베이터,일반승강기,[1호기]남위례방면6-2
S1_8_0261,8호선,산성,B2,-2,지하 2층,엘리베이터,일반승강기,[2호기]남한산성입구방면1-3
S1_8_0261,8호선,산성,B3,-3,지하 3층,엘리베이터,일반승강기,[1호기]남위례방면6-2
S1_8_0261,8호선,산성,B3,-3,지하 3층,엘리베이터,일반승강기,[2호기]남한산성입구방면1-3
S1_8_0261,8호선,산성,B3,-3,지하 3층,승강장,8호선 승강장 (남위례 방면),상대식
S1_8_0261,8호선,산성,B3,-3,지하 3층,승강장,8호선 승강장 (남한산성입구 방면),상대식
S1_8_0111,8호선,남한산성입구,1F,1,지상 1층,엘리베이터,일반승강기,[2호기]단대오거리방면4-1
S1_8_0111,8호선,남한산성입구,1F,1,지상 1층,출입구,3번 출입구,교통약자 동선 연결
S1_8_0111,8호선,남한산성입구,B1,-1,지하 1층,엘리베이터,일반승강기,[2호기](F1-B3) 승강장
S1_8_0111,8호선,남한산성입구,B2,-2,지하 2층,대합실,대합실,
S1_8_0111,8호선,남한산성입구,B2,-2,지하 2층,개찰구,표 내는 곳,
S1_8_0111,8호선,남한산성입구,B2,-2,지하 2층,엘리베이터,일반승강기,[2호기](F1-B3) 승강장
S1_8_0111,8호선,남한산성입구,B2,-2,지하 2층,엘리베이터,일반승강기,[1호기]산성방면3-4
S1_8_0111,8호선,남한산성입구,B2,-2,지하 2층,전동휠체어충전설비,전동휠체어충전설비,B2층 중앙계단 올라가긴 전 좌측 휠체어리프트 방면 3m지점
S1_8_0111,8호선,남한산성입구,B2,-2,지하 2층,화장실,일반화장실(남),대합실 지하2층 에스컬레이터 근처
S1_8_0111,8호선,남한산성입구,B2,-2,지하 2층,화장실,일반화장실(여),대합실 지하2층 에스컬레이터 근처
S1_8_0111,8호선,남한산성입구,B2,-2,지하 2층,화장실,장애인화장실(남),대합실 지하2층 에스컬레이터 근처
S1_8_0111,8호선,남한산성입구,B2,-2,지하 2층,화장실,장애인화장실(여),대합실 지하2층 에스컬레이터 근처
S1_8_0111,8호선,남한산성입구,B2,-2,지하 2층,고객센터,고객센터,B2층 대합실
S1_8_0111,8호선,남한산성입구,B2,-2,지하 2층,수유실,수유실,B2 고객안전실 내부
S1_8_0111,8호선,남한산성입구,B3,-3,지하 3층,개찰구,표 내는 곳,
S1_8_0111,8호선,남한산성입구,B3,-3,지하 3층,엘리베이터,일반승강기,[1호기]산성방면3-4
S1_8_0111,8호선,남한산성입구,B3,-3,지하 3층,엘리베이터,일반승강기,[2호기]단대오거리방면4-1
S1_8_0111,8호선,남한산성입구,B3,-3,지하 3층,승강장,8호선 승강장 (산성 방면),상대식
S1_8_0111,8호선,남한산성입구,B3,-3,지하 3층,승강장,8호선 승강장 (단대오거리 방면),상대식
S1_8_0122,8호선,단대오거리,1F,1,지상 1층,엘리베이터,일반승강기,[3호기]4번출구측
S1_8_0122,8호선,단대오거리,1F,1,지상 1층,출입구,4번 출입구,교통약자 동선 연결
S1_8_0122,8호선,단대오거리,B1,-1,지하 1층,엘리베이터,일반승강기,[3호기]4번출구측
S1_8_0122,8호선,단대오거리,B1,-1,지하 1층,엘리베이터,일반승강기,[2호기]신흥방면5-1
S1_8_0122,8호선,단대오거리,B1,-1,지하 1층,엘리베이터,일반승강기,[1호기]남한산성입구방면2-4
S1_8_0122,8호선,단대오거리,B1,-1,지하 1층,전동휠체어충전설비,전동휠체어충전설비,지하1층 외부 E/V 왼쪽 7M 지점
S1_8_0122,8호선,단대오거리,B1,-1,지하 1층,화장실,일반화장실(남),대합실 지하1층 2호기E/V 옆
S1_8_0122,8호선,단대오거리,B1,-1,지하 1층,화장실,일반화장실(여),대합실 지하1층 2호기E/V 옆
S1_8_0122,8호선,단대오거리,B1,-1,지하 1층,화장실,장애인화장실(남),대합실 지하1층 2호기E/V 옆
S1_8_0122,8호선,단대오거리,B1,-1,지하 1층,화장실,장애인화장실(여),대합실 지하1층 2호기E/V 옆
S1_8_0122,8호선,단대오거리,B2,-2,지하 2층,엘리베이터,일반승강기,[1호기](B1-B3) 승강장
S1_8_0122,8호선,단대오거리,B2,-2,지하 2층,엘리베이터,일반승강기,[2호기](B1-B3) 승강장
S1_8_0122,8호선,단대오거리,B2,-2,지하 2층,고객센터,고객센터,B2층 대합실
S1_8_0122,8호선,단대오거리,B3,-3,지하 3층,엘리베이터,일반승강기,[2호기]신흥방면5-1
S1_8_0122,8호선,단대오거리,B3,-3,지하 3층,엘리베이터,일반승강기,[1호기]남한산성입구방면2-4
S1_8_0379,8호선,신흥,1F,1,지상 1층,출입구,2번 출입구,
S1_8_0379,8호선,신흥,1F,1,지상 1층,출입구,4번 출입구,교통약자 동선 연결
S1_8_0379,8호선,신흥,B1,-1,지하 1층,대합실,대합실,
S1_8_0379,8호선,신흥,B1,-1,지하 1층,개찰구,표 내는 곳,
S1_8_0379,8호선,신흥,B1,-1,지하 1층,엘리베이터,일반승강기,[2호기]수진방면3-4
S1_8_0379,8호선,신흥,B1,-1,지하 1층,엘리베이터,일반승강기,[1호기]단대오거리방면4-1
S1_8_0379,8호선,신흥,B1,-1,지하 1층,전동휠체어충전설비,전동휠체어충전설비, 지하1층 대합실 유리 출입문과 화장실 입구 중간 지점
S1_8_0379,8호선,신흥,B1,-1,지하 1층,화장실,일반화장실(남),"B1층 대합실 1,2번 출입구방면"
S1_8_0379,8호선,신흥,B1,-1,지하 1층,화장실,일반화장실(여),"B1층 대합실 1,2번 출입구방면"
S1_8_0379,8호선,신흥,B1,-1,지하 1층,화장실,장애인화장실(남),"B1층 대합실 1,2번 출입구방면"
S1_8_0379,8호선,신흥,B1,-1,지하 1층,화장실,장애인화장실(여),"B1층 대합실 1,2번 출입구방면"
S1_8_0379,8호선,신흥,B1,-1,지하 1층,고객센터,고객센터,B1층 대합실
S1_8_0379,8호선,신흥,B2,-2,지하 2층,엘리베이터,일반승강기,[1호기]단대오거리방면4-1
S1_8_0379,8호선,신흥,B2,-2,지하 2층,엘리베이터,일반승강기,[2호기]수진방면3-4
S1_8_0379,8호선,신흥,B2,-2,지하 2층,승강장,8호선 승강장 (단대오거리 방면),상대식
S1_8_0379,8호선,신흥,B2,-2,지하 2층,승강장,8호선 승강장 (수진 방면),상대식
S1_8_0342,8호선,수진,1F,1,지상 1층,엘리베이터,일반승강기,[3호기]3번출구측
S1_8_0342,8호선,수진,1F,1,지상 1층,출입구,3번 출입구,교통약자 동선 연결
S1_8_0342,8호선,수진,B1,-1,지하 1층,대합실,대합실,
S1_8_0342,8호선,수진,B1,-1,지하 1층,개찰구,표 내는 곳,
S1_8_0342,8호선,수진,B1,-1,지하 1층,엘리베이터,일반승강기,[3호기]3번출구측
S1_8_0342,8호선,수진,B1,-1,지하 1층,엘리베이터,일반승강기,[2호기]모란방면4-1
S1_8_0342,8호선,수진,B1,-1,지하 1층,엘리베이터,일반승강기,[1호기]신흥방면3-4
S1_8_0342,8호선,수진,B1,-1,지하 1층,전동휠체어충전설비,전동휠체어충전설비,지하1층 대합실 화장실과 편의점 사이에 위치
S1_8_0342,8호선,수진,B1,-1,지하 1층,화장실,일반화장실(남),대합실 지하1층 편의점 옆
S1_8_0342,8호선,수진,B1,-1,지하 1층,화장실,일반화장실(여),대합실 지하1층 편의점 옆
S1_8_0342,8호선,수진,B1,-1,지하 1층,화장실,장애인화장실(남),대합실 지하1층 편의점 옆
S1_8_0342,8호선,수진,B1,-1,지하 1층,화장실,장애인화장실(여),대합실 지하1층 편의점 옆
S1_8_0342,8호선,수진,B1,-1,지하 1층,고객센터,고객센터,B1층 대합실
S1_8_0342,8호선,수진,B2,-2,지하 2층,엘리베이터,일반승강기,[1호기]신흥방면3-4
S1_8_0342,8호선,수진,B2,-2,지하 2층,엘리베이터,일반승강기,[2호기]모란방면4-1
S1_8_0342,8호선,수진,B2,-2,지하 2층,승강장,8호선 승강장 (신흥 방면),상대식
S1_8_0342,8호선,수진,B2,-2,지하 2층,승강장,8호선 승강장 (모란 방면),상대식
S1_8_0201,8호선,모란,1F,1,지상 1층,엘리베이터,일반승강기,[3호기]11번출구측
S1_8_0201,8호선,모란,1F,1,지상 1층,출입구,11번 출입구,교통약자 동선 연결
S1_8_0201,8호선,모란,B1,-1,지하 1층,대합실,대합실,
S1_8_0201,8호선,모란,B1,-1,지하 1층,엘리베이터,일반승강기,[3호기]11번출구측
S1_8_0201,8호선,모란,B1,-1,지하 1층,엘리베이터,일반승강기,[1호기]수진방면5-2
S1_8_0201,8호선,모란,B1,-1,지하 1층,전동휠체어충전설비,전동휠체어충전설비,11번 출구에서 지하1층으로 내려온 후 좌측 20M(편의점 맞은편)
S1_8_0201,8호선,모란,B2,-2,지하 2층,대합실,대합실,
S1_8_0201,8호선,모란,B2,-2,지하 2층,엘리베이터,일반승강기,[1호기](B1-B3) 승강장
S1_8_0201,8호선,모란,B2,-2,지하 2층,엘리베이터,일반승강기,[2호기]모란방면2-3
S1_8_0201,8호선,모란,B2,-2,지하 2층,화장실,일반화장실(남),B2층 대합실 상행 E/S 옆
S1_8_0201,8호선,모란,B2,-2,지하 2층,화장실,일반화장실(여),B2층 대합실 상행 E/S 옆
S1_8_0201,8호선,모란,B2,-2,지하 2층,화장실,장애인화장실(남),B2층 대합실 상행 E/S 옆
S1_8_0201,8호선,모란,B2,-2,지하 2층,화장실,장애인화장실(여),B2층 대합실 상행 E/S 옆
S1_8_0201,8호선,모란,B2,-2,지하 2층,고객센터,고객센터,B2층 대합실
S1_8_0201,8호선,모란,B2,-2,지하 2층,수유실,수유실,B2 고객안전실 내부
S1_8_0201,8호선,모란,B2,-2,지하 2층,환승승강장,수인분당선 승강장 (태평 방면),수인분당선
S1_8_0201,8호선,모란,B2,-2,지하 2층,환승승강장,수인분당선 승강장 (야탑 방면),수인분당선
S1_8_0201,8호선,모란,B3,-3,지하 3층,엘리베이터,일반승강기,[1호기]수진방면5-2
S1_8_0201,8호선,모란,B3,-3,지하 3층,엘리베이터,일반승강기,[2호기]모란방면2-3
S1_8_0201,8호선,모란,B3,-3,지하 3층,승강장,8호선 승강장 (수진 방면),상대식
S1_8_0201,8호선,모란,B3,-3,지하 3층,승강장,8호선 승강장 (모란 방면),상대식
S9_9_0028,9호선,개화,2F,2,지상 2층,개찰구,표 내는 곳,
S9_9_0028,9호선,개화,2F,2,지상 2층,엘리베이터,일반승강기,[1호기](1F)하선승강장6-4근처(2F)안전관리실옆
S9_9_0028,9호선,개화,2F,2,지상 2층,엘리베이터,일반승강기,[2호기](1F)2번출구옆(2F)편의점앞
S9_9_0028,9호선,개화,2F,2,지상 2층,화장실,일반화장실(남),(2F) 표내는 곳 옆
S9_9_0028,9호선,개화,2F,2,지상 2층,화장실,일반화장실(여),(2F) 표내는 곳 옆
S9_9_0028,9호선,개화,2F,2,지상 2층,화장실,장애인화장실(남),(2F) 표내는 곳 옆
S9_9_0028,9호선,개화,2F,2,지상 2층,화장실,장애인화장실(여),(2F) 표내는 곳 옆
S9_9_0028,9호선,개화,2F,2,지상 2층,고객센터,고객센터,(2F) 표 내는 곳 내 계단 옆
S9_9_0028,9호선,개화,2F,2,지상 2층,출입구,2번 출입구,교통약자 동선 연결
S9_9_0028,9호선,개화,1F,1,지상 1층,엘리베이터,일반승강기,[2호기](1F)2번출구옆(2F)편의점앞
S9_9_0028,9호선,개화,1F,1,지상 1층,엘리베이터,일반승강기,[1호기](1F)하선승강장6-4근처(2F)안전관리실옆
S9_9_0099,9호선,김포공항,1F,1,지상 1층,출입구,4번 출입구,교통약자 동선 연결
S9_9_0099,9호선,김포공항,B1,-1,지하 1층,대합실,대합실,
S9_9_0099,9호선,김포공항,B1,-1,지하 1층,개찰구,표 내는 곳,
S9_9_0099,9호선,김포공항,B1,-1,지하 1층,엘리베이터,일반승강기,[1호기](B1)안전관리실옆(B3)상부본선승강장4-2지점
S9_9_0099,9호선,김포공항,B1,-1,지하 1층,엘리베이터,일반승강기,[3호기](B1)안전관리실앞(B4)하선승강장1-1지점
S9_9_0099,9호선,김포공항,B1,-1,지하 1층,엘리베이터,일반승강기,[2호기](B1)안전관리실앞(B4)하선승강장1-1지점
S9_9_0099,9호선,김포공항,B1,-1,지하 1층,전동휠체어충전설비,전동휠체어충전설비,(B1) 발매기 앞
S9_9_0099,9호선,김포공항,B1,-1,지하 1층,화장실,일반화장실(남),(B1) 4번 출입구 옆
S9_9_0099,9호선,김포공항,B1,-1,지하 1층,화장실,일반화장실(남),(B1) 공항철도 역무실 옆
S9_9_0099,9호선,김포공항,B1,-1,지하 1층,화장실,일반화장실(여),(B1) 공항철도 역무실 옆
S9_9_0099,9호선,김포공항,B1,-1,지하 1층,화장실,일반화장실(여),(B1) 4번 출입구 옆
S9_9_0099,9호선,김포공항,B1,-1,지하 1층,화장실,장애인화장실(남),(B1) 4번 출입구 옆
S9_9_0099,9호선,김포공항,B1,-1,지하 1층,화장실,장애인화장실(여),(B1) 4번 출입구 옆
S9_9_0099,9호선,김포공항,B1,-1,지하 1층,고객센터,고객센터,(B1) 표 내는 곳 옆
S9_9_0099,9호선,김포공항,B2,-2,지하 2층,대합실,대합실,
S9_9_0099,9호선,김포공항,B2,-2,지하 2층,엘리베이터,일반승강기,"[3호기](B1) 안전관리실 앞
(B4) 하선 승강장 1-1 지점"
S9_9_0099,9호선,김포공항,B2,-2,지하 2층,엘리베이터,일반승강기,"[2호기](B1) 안전관리실 옆
(B3) 상부본선 승강장 4-2 지점"
S9_9_0099,9호선,김포공항,B2,-2,지하 2층,엘리베이터,일반승강기,"[4호기](B1) 안전관리실 앞
(B4) 하선 승강장 1-1 지점"
S9_9_0099,9호선,김포공항,B3,-3,지하 3층,엘리베이터,일반승강기,[1호기](B1)안전관리실옆(B3)상부본선승강장4-2지점
S9_9_0099,9호선,김포공항,B3,-3,지하 3층,엘리베이터,일반승강기,"[3호기](B1) 안전관리실 앞
(B4) 하선 승강장 1-1 지점"
S9_9_0099,9호선,김포공항,B3,-3,지하 3층,엘리베이터,일반승강기,"[4호기](B1) 안전관리실 앞
(B4) 하선 승강장 1-1 지점"
S9_9_0099,9호선,김포공항,B3,-3,지하 3층,승강장,9호선 승강장 (공항시장 방면),섬식
S9_9_0099,9호선,김포공항,B3,-3,지하 3층,환승승강장,5호선 승강장 (개화산 방면),5호선
S9_9_0099,9호선,김포공항,B3,-3,지하 3층,환승승강장,5호선 승강장 (송정 방면),5호선
S9_9_0099,9호선,김포공항,B4,-4,지하 4층,엘리베이터,일반승강기,[2호기](B1)안전관리실앞(B4)하선승강장1-1지점
S9_9_0099,9호선,김포공항,B4,-4,지하 4층,엘리베이터,일반승강기,[3호기](B1)안전관리실앞(B4)하선승강장1-1지점
S9_9_0099,9호선,김포공항,B4,-4,지하 4층,승강장,9호선 승강장 (개화 방면),섬식
S9_9_0056,9호선,공항시장,1F,1,지상 1층,엘리베이터,일반승강기,"[3호기](1F)1번,2번출입구사이(B1)2번출구방면앞"
S9_9_0056,9호선,공항시장,B1,-1,지하 1층,개찰구,표 내는 곳,
S9_9_0056,9호선,공항시장,B1,-1,지하 1층,엘리베이터,일반승강기,"[3호기](1F)1번,2번출입구사이(B1)2번출구방면앞"
S9_9_0056,9호선,공항시장,B1,-1,지하 1층,엘리베이터,일반승강기,[2호기](B1)대합실표내는곳방향우측(중앙보훈병원방면)(B4)상선승강장1-3출입구앞
S9_9_0056,9호선,공항시장,B1,-1,지하 1층,엘리베이터,일반승강기,"[1호기](B1)대합실표내는곳방향좌측(개화,김포공항역방면)(B4)하선승강장6-2출입구앞"
S9_9_0056,9호선,공항시장,B1,-1,지하 1층,화장실,일반화장실(남),(B1) 1번/4번 출입구 방향
S9_9_0056,9호선,공항시장,B1,-1,지하 1층,화장실,일반화장실(여),(B1) 1번/4번 출입구 방향
S9_9_0056,9호선,공항시장,B1,-1,지하 1층,화장실,장애인화장실(남),(B1) 1번/4번 출입구 방향
S9_9_0056,9호선,공항시장,B1,-1,지하 1층,화장실,장애인화장실(여),(B1) 1번/4번 출입구 방향
S9_9_0056,9호선,공항시장,B1,-1,지하 1층,고객센터,고객센터,(B1) 편의점 맞은편(표 내는 곳 방면)
S9_9_0056,9호선,공항시장,B1,-1,지하 1층,출입구,1번 출입구,교통약자 동선 연결
S9_9_0056,9호선,공항시장,B1,-1,지하 1층,출입구,2번 출입구,
S9_9_0056,9호선,공항시장,B1,-1,지하 1층,출입구,4번 출입구,
S9_9_0056,9호선,공항시장,B2,-2,지하 2층,엘리베이터,일반승강기,"[1호기](B1)대합실 표내는 곳 방향 좌측(개화,김포공항역 방면)
(B4)하선승강장 6-2 출입구 앞"
S9_9_0056,9호선,공항시장,B2,-2,지하 2층,엘리베이터,일반승강기,"[2호기](B1)대합실 표내는 곳 방향 우측(중앙보훈병원 방면)
(B4)상선승강장 1-3 출입구 앞"
S9_9_0056,9호선,공항시장,B3,-3,지하 3층,엘리베이터,일반승강기,"[1호기](B1)대합실 표내는 곳 방향 좌측(개화,김포공항역 방면)
(B4)하선승강장 6-2 출입구 앞"
S9_9_0056,9호선,공항시장,B3,-3,지하 3층,엘리베이터,일반승강기,"[2호기](B1)대합실 표내는 곳 방향 우측(중앙보훈병원 방면)
(B4)상선승강장 1-3 출입구 앞"
S9_9_0056,9호선,공항시장,B4,-4,지하 4층,엘리베이터,일반승강기,[2호기](B1)대합실표내는곳방향우측(중앙보훈병원방면)(B4)상선승강장1-3출입구앞
S9_9_0056,9호선,공항시장,B4,-4,지하 4층,엘리베이터,일반승강기,"[1호기](B1)대합실표내는곳방향좌측(개화,김포공항역방면)(B4)하선승강장6-2출입구앞"
S9_9_0364,9호선,신방화,1F,1,지상 1층,엘리베이터,일반승강기,[4호기](1F)3번출입구옆(B1)3번출입구방향대합실
S9_9_0364,9호선,신방화,1F,1,지상 1층,엘리베이터,일반승강기,[3호기](1F)7번/8번출입구사이(B1)7/8번출입구방향대합실
S9_9_0364,9호선,신방화,B1,-1,지하 1층,엘리베이터,일반승강기,[4호기](1F)3번출입구옆(B1)3번출입구방향대합실
S9_9_0364,9호선,신방화,B1,-1,지하 1층,엘리베이터,일반승강기,[3호기](1F)7번/8번출입구사이(B1)7/8번출입구방향대합실
S9_9_0364,9호선,신방화,B1,-1,지하 1층,엘리베이터,일반승강기,[2호기](B1)중앙보훈병원역방향개찰구앞(B2)중앙보훈병원역방향승강장4-4출입문앞
S9_9_0364,9호선,신방화,B1,-1,지하 1층,엘리베이터,일반승강기,[1호기](B1)개화역방향개찰구앞(B2)개화역방향승강장3-1출입문앞
S9_9_0364,9호선,신방화,B1,-1,지하 1층,전동휠체어충전설비,전동휠체어충전설비,"(B1) 3번출구 옆, E/L 4호기 부근"
S9_9_0364,9호선,신방화,B1,-1,지하 1층,화장실,일반화장실(남),(B1) 안전관리실 앞
S9_9_0364,9호선,신방화,B1,-1,지하 1층,화장실,일반화장실(여),(B1) 안전관리실 앞
S9_9_0364,9호선,신방화,B1,-1,지하 1층,화장실,장애인화장실(남),(B1) 안전관리실 앞
S9_9_0364,9호선,신방화,B1,-1,지하 1층,화장실,장애인화장실(여),(B1) 안전관리실 앞
S9_9_0364,9호선,신방화,B1,-1,지하 1층,고객센터,고객센터,(B1) 화장실 맞은 편
S9_9_0364,9호선,신방화,B2,-2,지하 2층,개찰구,표 내는 곳,
S9_9_0364,9호선,신방화,B2,-2,지하 2층,엘리베이터,일반승강기,[1호기](B1)개화역방향개찰구앞(B2)개화역방향승강장3-1출입문앞
S9_9_0364,9호선,신방화,B2,-2,지하 2층,엘리베이터,일반승강기,[2호기](B1)중앙보훈병원역방향개찰구앞(B2)중앙보훈병원역방향승강장4-4출입문앞
S9_9_0364,9호선,신방화,B2,-2,지하 2층,출입구,3번 출입구,교통약자 동선 연결
S9_9_0364,9호선,신방화,B2,-2,지하 2층,출입구,7번 출입구,교통약자 동선 연결
S9_9_0364,9호선,신방화,B2,-2,지하 2층,출입구,8번 출입구,
S9_9_0178,9호선,마곡나루,1F,1,지상 1층,엘리베이터,일반승강기,"[4호기](1F)마곡중앙광장E/S출입구뒷편(B2)대합실,표내는곳방향"
S9_9_0178,9호선,마곡나루,1F,1,지상 1층,엘리베이터,일반승강기,"[3호기](1F)1번/2번출입구사이(B1)대합실,1번/2번출입구방향"
S9_9_0178,9호선,마곡나루,1F,1,지상 1층,출입구,2번 출입구,교통약자 동선 연결
S9_9_0178,9호선,마곡나루,B1,-1,지하 1층,대합실,대합실,
S9_9_0178,9호선,마곡나루,B1,-1,지하 1층,개찰구,표 내는 곳,
S9_9_0178,9호선,마곡나루,B1,-1,지하 1층,엘리베이터,일반승강기,"[3호기](1F)1번/2번출입구사이(B1)대합실,1번/2번출입구방향"
S9_9_0178,9호선,마곡나루,B1,-1,지하 1층,엘리베이터,일반승강기,"[4호기](1F)마곡중앙광장E/S출입구뒷편(B2)대합실,표내는곳방향"
S9_9_0178,9호선,마곡나루,B1,-1,지하 1층,엘리베이터,일반승강기,"[2호기](B1)대합실,표내는곳방향(B2)양천향교역방향승강장4-2출입문앞"
S9_9_0178,9호선,마곡나루,B1,-1,지하 1층,엘리베이터,일반승강기,"[1호기](B1)대합실,표내는곳방향(B2)신방화역방향승강장3-3출입문앞"
S9_9_0178,9호선,마곡나루,B1,-1,지하 1층,전동휠체어충전설비,전동휠체어충전설비,(B1) 대합실 공항철도 환승통로 방향
S9_9_0178,9호선,마곡나루,B1,-1,지하 1층,화장실,일반화장실(남),(B1) 2번 출입구 옆
S9_9_0178,9호선,마곡나루,B1,-1,지하 1층,화장실,일반화장실(여),(B1) 2번 출입구 옆
S9_9_0178,9호선,마곡나루,B1,-1,지하 1층,화장실,장애인화장실(남),(B1) 2번 출입구 옆
S9_9_0178,9호선,마곡나루,B1,-1,지하 1층,화장실,장애인화장실(여),(B1) 2번 출입구 옆
S9_9_0178,9호선,마곡나루,B1,-1,지하 1층,화장실,장애인화장실,(B1) 2번 출입구 옆
S9_9_0178,9호선,마곡나루,B1,-1,지하 1층,고객센터,고객센터,(B1) 표 내는 곳 옆
S9_9_0178,9호선,마곡나루,B2,-2,지하 2층,엘리베이터,일반승강기,"[1호기](B1)대합실,표내는곳방향(B2)신방화역방향승강장3-3출입문앞"
S9_9_0178,9호선,마곡나루,B2,-2,지하 2층,엘리베이터,일반승강기,"[2호기](B1)대합실,표내는곳방향(B2)양천향교역방향승강장4-2출입문앞"
S9_9_0178,9호선,마곡나루,B2,-2,지하 2층,승강장,9호선 승강장 (신방화 방면),쌍섬식 (2폼 4선식)
S9_9_0178,9호선,마곡나루,B2,-2,지하 2층,승강장,9호선 승강장 (양천향교 방면),쌍섬식 (2폼 4선식)
S9_9_0405,9호선,양천향교,1F,1,지상 1층,엘리베이터,일반승강기,"[4호기](1F)5,6번출입구사이(B2)대합실.5,6번출입구방향"
S9_9_0405,9호선,양천향교,1F,1,지상 1층,엘리베이터,일반승강기,"[3호기](1F)3,4번출입구사이(B2)대합실.3,4번출입구방향"
S9_9_0405,9호선,양천향교,B1,-1,지하 1층,개찰구,표 내는 곳,
S9_9_0405,9호선,양천향교,B1,-1,지하 1층,엘리베이터,일반승강기,"[3호기](1F)3,4번출입구사이(B2)대합실.3,4번출입구방향"
S9_9_0405,9호선,양천향교,B1,-1,지하 1층,엘리베이터,일반승강기,"[4호기](1F)5,6번출입구사이(B2)대합실.5,6번출입구방향"
S9_9_0405,9호선,양천향교,B1,-1,지하 1층,엘리베이터,일반승강기,[2호기](B1)표내는곳내가양역방향(B2)가양역방향승강장4-4출입문근처
S9_9_0405,9호선,양천향교,B1,-1,지하 1층,엘리베이터,일반승강기,[1호기](B1)표내는곳내마곡나루역방향(B2)마곡나루역방향승강장3-2출입문근처
S9_9_0405,9호선,양천향교,B1,-1,지하 1층,전동휠체어충전설비,전동휠체어충전설비,(B1) 대합실 표내는곳 내 가양역 승강장 방향 계단 옆
S9_9_0405,9호선,양천향교,B1,-1,지하 1층,화장실,일반화장실(남),"(B1) 3번 출입구 옆, 1번~3번 출입구 방향"
S9_9_0405,9호선,양천향교,B1,-1,지하 1층,화장실,일반화장실(여),"(B1) 3번 출입구 옆, 1번~3번 출입구 방향"
S9_9_0405,9호선,양천향교,B1,-1,지하 1층,화장실,장애인화장실(남),"(B1) 3번 출입구 옆, 1번~3번 출입구 방향"
S9_9_0405,9호선,양천향교,B1,-1,지하 1층,화장실,장애인화장실(여),"(B1) 3번 출입구 옆, 1번~3번 출입구 방향"
S9_9_0405,9호선,양천향교,B1,-1,지하 1층,화장실,장애인화장실,"(B1) 3번 출입구 옆, 1번~3번 출입구 방향"
S9_9_0405,9호선,양천향교,B1,-1,지하 1층,고객센터,고객센터,(B1) 1번~8번 출입구 방향 대합실 표내는곳 옆
S9_9_0405,9호선,양천향교,B1,-1,지하 1층,출입구,3번 출입구,교통약자 동선 연결
S9_9_0405,9호선,양천향교,B1,-1,지하 1층,출입구,4번 출입구,
S9_9_0405,9호선,양천향교,B1,-1,지하 1층,출입구,5번 출입구,교통약자 동선 연결
S9_9_0405,9호선,양천향교,B1,-1,지하 1층,출입구,6번 출입구,
S9_9_0405,9호선,양천향교,B1,-1,지하 1층,출입구,8번 출입구,
S9_9_0405,9호선,양천향교,B2,-2,지하 2층,엘리베이터,일반승강기,[1호기](B1)표내는곳내마곡나루역방향(B2)마곡나루역방향승강장3-2출입문근처
S9_9_0405,9호선,양천향교,B2,-2,지하 2층,엘리베이터,일반승강기,[2호기](B1)표내는곳내가양역방향(B2)가양역방향승강장4-4출입문근처
S9_9_0005,9호선,가양,1F,1,지상 1층,엘리베이터,일반승강기,"[4호기](1F)8,9번출입구사이"
S9_9_0005,9호선,가양,1F,1,지상 1층,엘리베이터,일반승강기,"[3호기](1F)4,5번출입구사이"
S9_9_0005,9호선,가양,B1,-1,지하 1층,개찰구,표 내는 곳,
S9_9_0005,9호선,가양,B1,-1,지하 1층,엘리베이터,일반승강기,"[4호기](1F)8,9번출입구사이"
S9_9_0005,9호선,가양,B1,-1,지하 1층,엘리베이터,일반승강기,"[3호기](1F)4,5번출입구사이"
S9_9_0005,9호선,가양,B1,-1,지하 1층,엘리베이터,일반승강기,[2호기](B2)증미역방향승강장종점비승차구역
S9_9_0005,9호선,가양,B1,-1,지하 1층,엘리베이터,일반승강기,[1호기](B2)양천향교역방향승강장시점비승차구역
S9_9_0005,9호선,가양,B1,-1,지하 1층,전동휠체어충전설비,전동휠체어충전설비,(B1) 대합실 양천향교역 승강장 방향 E/L 1호기 옆
S9_9_0005,9호선,가양,B1,-1,지하 1층,화장실,일반화장실(남),(B1) 3번 출입구 옆
S9_9_0005,9호선,가양,B1,-1,지하 1층,화장실,일반화장실(여),(B1) 3번 출입구 옆
S9_9_0005,9호선,가양,B1,-1,지하 1층,화장실,장애인화장실(남),(B1) 3번 출입구 옆
S9_9_0005,9호선,가양,B1,-1,지하 1층,화장실,장애인화장실(여),(B1) 3번 출입구 옆
S9_9_0005,9호선,가양,B1,-1,지하 1층,고객센터,고객센터,(B1) 1번/10번 출입구 방향 대합실 표내는곳 안쪽
S9_9_0005,9호선,가양,B1,-1,지하 1층,출입구,3번 출입구,
S9_9_0005,9호선,가양,B1,-1,지하 1층,출입구,4번 출입구,교통약자 동선 연결
S9_9_0005,9호선,가양,B1,-1,지하 1층,출입구,5번 출입구,
S9_9_0005,9호선,가양,B1,-1,지하 1층,출입구,8번 출입구,교통약자 동선 연결
S9_9_0005,9호선,가양,B1,-1,지하 1층,출입구,9번 출입구,
S9_9_0005,9호선,가양,B1,-1,지하 1층,출입구,10번 출입구,
S9_9_0005,9호선,가양,B2,-2,지하 2층,엘리베이터,일반승강기,[1호기](B2)양천향교역방향승강장시점비승차구역
S9_9_0005,9호선,가양,B2,-2,지하 2층,엘리베이터,일반승강기,[2호기](B2)증미역방향승강장종점비승차구역
S9_9_0531,9호선,증미,1F,1,지상 1층,엘리베이터,일반승강기,[3호기](1F)1번출입구옆(B1)대합실옆
S9_9_0531,9호선,증미,B1,-1,지하 1층,엘리베이터,일반승강기,[3호기]
S9_9_0531,9호선,증미,B2,-2,지하 2층,개찰구,표 내는 곳,
S9_9_0531,9호선,증미,B2,-2,지하 2층,엘리베이터,일반승강기,[3호기](1F)1번출입구옆(B1)대합실옆
S9_9_0531,9호선,증미,B2,-2,지하 2층,엘리베이터,일반승강기,"[2호기](B1)표내는곳내계단옆,등촌역방향(B2)염창역방향승강장3-4출입문근처"
S9_9_0531,9호선,증미,B2,-2,지하 2층,엘리베이터,일반승강기,"[1호기](B1)표내는곳내계단옆,가양역방향(B2)증미역방향승강장3-4출입문근처"
S9_9_0531,9호선,증미,B2,-2,지하 2층,화장실,일반화장실(남),(B2) 대합실 E/L 3호기 옆
S9_9_0531,9호선,증미,B2,-2,지하 2층,화장실,일반화장실(여),(B2) 대합실 E/L 3호기 옆
S9_9_0531,9호선,증미,B2,-2,지하 2층,화장실,장애인화장실(남),(B2) 대합실 E/L 3호기 옆
S9_9_0531,9호선,증미,B2,-2,지하 2층,화장실,장애인화장실(여),(B2) 대합실 E/L 3호기 옆
S9_9_0531,9호선,증미,B2,-2,지하 2층,고객센터,고객센터,(B2) 대합실 표내는곳 옆
S9_9_0531,9호선,증미,B2,-2,지하 2층,출입구,1번 출입구,교통약자 동선 연결
S9_9_0531,9호선,증미,B3,-3,지하 3층,엘리베이터,일반승강기,"[1호기](B1)표내는곳내계단옆,가양역방향(B2)증미역방향승강장3-4출입문근처"
S9_9_0531,9호선,증미,B3,-3,지하 3층,엘리베이터,일반승강기,"[2호기](B1)표내는곳내계단옆,등촌역방향(B2)염창역방향승강장3-4출입문근처"
S9_9_0173,9호선,등촌,1F,1,지상 1층,엘리베이터,일반승강기,[3호기](1F)5번출입구옆(B1)화장실근처
S9_9_0173,9호선,등촌,B1,-1,지하 1층,개찰구,표 내는 곳,
S9_9_0173,9호선,등촌,B1,-1,지하 1층,엘리베이터,일반승강기,[3호기](1F)5번출입구옆(B1)화장실근처
S9_9_0173,9호선,등촌,B1,-1,지하 1층,엘리베이터,일반승강기,"[2호기](B1)표내는곳내계단옆,염창역방향(B2)염창역방향승강장6-4출입문근처"
S9_9_0173,9호선,등촌,B1,-1,지하 1층,엘리베이터,일반승강기,"[1호기](B1)표내는곳내계단옆,증미역방향(B2)증미역방향승강장1-1출입문근처"
S9_9_0173,9호선,등촌,B1,-1,지하 1층,화장실,일반화장실(남),"(B1) 표내는곳 옆, 1번/2번 출입구 방향"
S9_9_0173,9호선,등촌,B1,-1,지하 1층,화장실,일반화장실(여),"(B1) 표내는곳 옆, 1번/2번 출입구 방향"
S9_9_0173,9호선,등촌,B1,-1,지하 1층,화장실,장애인화장실(남),"(B1) 표내는곳 옆, 1번/2번 출입구 방향"
S9_9_0173,9호선,등촌,B1,-1,지하 1층,화장실,장애인화장실(여),"(B1) 표내는곳 옆, 1번/2번 출입구 방향"
S9_9_0173,9호선,등촌,B1,-1,지하 1층,고객센터,고객센터,(B1) 3번/4번 출입구 방향 대합실 표내는곳 옆
S9_9_0173,9호선,등촌,B1,-1,지하 1층,출입구,2번 출입구,
S9_9_0173,9호선,등촌,B1,-1,지하 1층,출입구,4번 출입구,
S9_9_0173,9호선,등촌,B1,-1,지하 1층,출입구,5번 출입구,교통약자 동선 연결
S9_9_0173,9호선,등촌,B2,-2,지하 2층,엘리베이터,일반승강기,"[1호기](B1)표내는곳내계단옆,증미역방향(B2)증미역방향승강장1-1출입문근처"
S9_9_0173,9호선,등촌,B2,-2,지하 2층,엘리베이터,일반승강기,"[2호기](B1)표내는곳내계단옆,염창역방향(B2)염창역방향승강장6-4출입문근처"
S9_9_0419,9호선,염창,1F,1,지상 1층,엘리베이터,일반승강기,[4호기](B1)3번/4번출입구사이(1F)3번/4번출입구사이
S9_9_0419,9호선,염창,1F,1,지상 1층,엘리베이터,일반승강기,[3호기](B1)1번/2번출입구사이(1F)1번/2번출입구사이
S9_9_0419,9호선,염창,B1,-1,지하 1층,개찰구,표 내는 곳,
S9_9_0419,9호선,염창,B1,-1,지하 1층,엘리베이터,일반승강기,[4호기](B1)3번/4번출입구사이(1F)3번/4번출입구사이
S9_9_0419,9호선,염창,B1,-1,지하 1층,엘리베이터,일반승강기,[3호기](B1)1번/2번출입구사이(1F)1번/2번출입구사이
S9_9_0419,9호선,염창,B1,-1,지하 1층,엘리베이터,일반승강기,[2호기](B2)신목동역방향승강장3-4/4-1사이
S9_9_0419,9호선,염창,B1,-1,지하 1층,엘리베이터,일반승강기,[1호기](B2)등촌역방향승강장3-4/4-1사이
S9_9_0419,9호선,염창,B1,-1,지하 1층,화장실,일반화장실(남),(B1) 4번 출입구 방향
S9_9_0419,9호선,염창,B1,-1,지하 1층,화장실,일반화장실(여),(B1) 4번 출입구 방향
S9_9_0419,9호선,염창,B1,-1,지하 1층,화장실,장애인화장실(남),(B1) 4번 출입구 방향
S9_9_0419,9호선,염창,B1,-1,지하 1층,화장실,장애인화장실(여),(B1) 4번 출입구 방향
S9_9_0419,9호선,염창,B1,-1,지하 1층,고객센터,고객센터,(B1) 1~4번 출입구 방향 대합실 표내는곳 옆
S9_9_0419,9호선,염창,B1,-1,지하 1층,출입구,1번 출입구,교통약자 동선 연결
S9_9_0419,9호선,염창,B1,-1,지하 1층,출입구,2번 출입구,
S9_9_0419,9호선,염창,B1,-1,지하 1층,출입구,3번 출입구,교통약자 동선 연결
S9_9_0419,9호선,염창,B1,-1,지하 1층,출입구,4번 출입구,
S9_9_0419,9호선,염창,B2,-2,지하 2층,엘리베이터,일반승강기,[1호기](B2)등촌역방향승강장3-4/4-1사이
S9_9_0419,9호선,염창,B2,-2,지하 2층,엘리베이터,일반승강기,[2호기](B2)신목동역방향승강장3-4/4-1사이
S9_9_0362,9호선,신목동,1F,1,지상 1층,엘리베이터,일반승강기,[4호기](1F)2번출입구에스컬레이터옆(B2)2번출입구에스컬레이터옆
S9_9_0362,9호선,신목동,1F,1,지상 1층,엘리베이터,일반승강기,"[3호기](1F)1,2번출입구사이(B2)1번출입구쪽원형대합실방면"
S9_9_0362,9호선,신목동,B1,-1,지하 1층,엘리베이터,일반승강기,[4호기]
S9_9_0362,9호선,신목동,B1,-1,지하 1층,엘리베이터,일반승강기,[3호기]
S9_9_0362,9호선,신목동,B2,-2,지하 2층,대합실,대합실,
S9_9_0362,9호선,신목동,B2,-2,지하 2층,엘리베이터,일반승강기,"[3호기](1F)1,2번출입구사이(B2)1번출입구쪽원형대합실방면"
S9_9_0362,9호선,신목동,B2,-2,지하 2층,엘리베이터,일반승강기,[4호기](1F)2번출입구에스컬레이터옆(B2)2번출입구에스컬레이터옆
S9_9_0362,9호선,신목동,B2,-2,지하 2층,엘리베이터,일반승강기,[1호기](B2)편의점맞은편표내는곳내부(B3)염창역방면승강장4-1출입구방향
S9_9_0362,9호선,신목동,B2,-2,지하 2층,엘리베이터,일반승강기,[2호기](B2)편의점맞은편표내는곳내부(B3)선유도역방면승강장4-1출입구방향
S9_9_0362,9호선,신목동,B2,-2,지하 2층,화장실,일반화장실(남),(B2) 2번 출입구 근처
S9_9_0362,9호선,신목동,B2,-2,지하 2층,화장실,일반화장실(여),(B2) 2번 출입구 근처
S9_9_0362,9호선,신목동,B2,-2,지하 2층,화장실,장애인화장실(남),(B2) 2번 출입구 근처
S9_9_0362,9호선,신목동,B2,-2,지하 2층,화장실,장애인화장실(여),(B2) 2번 출입구 근처
S9_9_0362,9호선,신목동,B2,-2,지하 2층,화장실,장애인화장실,(B2) 2번 출입구 근처
S9_9_0362,9호선,신목동,B2,-2,지하 2층,고객센터,고객센터,"(B2) 2번/3번 출입구 사이, 표내는 곳 내"
S9_9_0362,9호선,신목동,B2,-2,지하 2층,출입구,1번 출입구,교통약자 동선 연결
S9_9_0362,9호선,신목동,B2,-2,지하 2층,출입구,2번 출입구,교통약자 동선 연결
S9_9_0362,9호선,신목동,B2,-2,지하 2층,출입구,3번 출입구,
S9_9_0362,9호선,신목동,B3,-3,지하 3층,엘리베이터,일반승강기,[1호기](B2)편의점맞은편표내는곳내부(B3)염창역방면승강장4-1출입구방향
S9_9_0362,9호선,신목동,B3,-3,지하 3층,엘리베이터,일반승강기,[2호기](B2)편의점맞은편표내는곳내부(B3)선유도역방면승강장4-1출입구방향
S9_9_0308,9호선,선유도,1F,1,지상 1층,엘리베이터,일반승강기,"[4호기](1F)7,8번출입구사이(B1)7번출입구옆(B2)E/S7호기옆중앙통로오른쪽방향"
S9_9_0308,9호선,선유도,1F,1,지상 1층,엘리베이터,일반승강기,"[3호기](1F)1,2번출입구사이(B1)2번출입구옆(B2)E/S7호기옆중앙통로왼쪽방향"
S9_9_0308,9호선,선유도,B1,-1,지하 1층,엘리베이터,일반승강기,[3호기]
S9_9_0308,9호선,선유도,B1,-1,지하 1층,엘리베이터,일반승강기,[4호기]
S9_9_0308,9호선,선유도,B1,-1,지하 1층,화장실,일반화장실(남),(B1) 7번 출입구 방향
S9_9_0308,9호선,선유도,B1,-1,지하 1층,화장실,일반화장실(여),(B1) 7번 출입구 방향
S9_9_0308,9호선,선유도,B1,-1,지하 1층,화장실,장애인화장실(남),(B1) 7번 출입구 방향
S9_9_0308,9호선,선유도,B1,-1,지하 1층,화장실,장애인화장실(여),(B1) 7번 출입구 방향
S9_9_0308,9호선,선유도,B2,-2,지하 2층,엘리베이터,일반승강기,"[3호기](1F)1,2번출입구사이(B1)2번출입구옆(B2)E/S7호기옆중앙통로왼쪽방향"
S9_9_0308,9호선,선유도,B2,-2,지하 2층,엘리베이터,일반승강기,"[4호기](1F)7,8번출입구사이(B1)7번출입구옆(B2)E/S7호기옆중앙통로오른쪽방향"
S9_9_0308,9호선,선유도,B2,-2,지하 2층,엘리베이터,일반승강기,[2호기](B2)표내는곳내부안전관리실우측(B3)신목동역방면승강장3-4출입문방향
S9_9_0308,9호선,선유도,B2,-2,지하 2층,엘리베이터,일반승강기,[1호기](B2)표내는곳내부편의점맞은편방향(B3)당산역방면승강장4-1출입문방향
S9_9_0308,9호선,선유도,B2,-2,지하 2층,고객센터,고객센터,(B2) 표 내는 곳 맞은편
S9_9_0308,9호선,선유도,B2,-2,지하 2층,출입구,1번 출입구,교통약자 동선 연결
S9_9_0308,9호선,선유도,B2,-2,지하 2층,출입구,2번 출입구,
S9_9_0308,9호선,선유도,B2,-2,지하 2층,출입구,7번 출입구,
S9_9_0308,9호선,선유도,B2,-2,지하 2층,출입구,8번 출입구,교통약자 동선 연결
S9_9_0308,9호선,선유도,B3,-3,지하 3층,엘리베이터,일반승강기,[2호기](B2)표내는곳내부안전관리실우측(B3)신목동역방면승강장3-4출입문방향
S9_9_0308,9호선,선유도,B3,-3,지하 3층,엘리베이터,일반승강기,[1호기](B2)표내는곳내부편의점맞은편방향(B3)당산역방면승강장4-1출입문방향
S9_9_0126,9호선,당산,3F,3,지상 3층,엘리베이터,일반승강기,[2호기](3F)2호선외선(영등포구청역)승강장(B2)2호선환승외선(영등포구청역)방향에스컬레이터옆
S9_9_0126,9호선,당산,3F,3,지상 3층,엘리베이터,일반승강기,[3호기](3F)2호선내선(합정역방향)승강장(B2)2호선환승내선(합정역방향)에스컬레이터옆
S9_9_0126,9호선,당산,1F,1,지상 1층,엘리베이터,일반승강기,[4호기](1F)10번출입구옆(B1)10번출입구통로
S9_9_0126,9호선,당산,1F,1,지상 1층,엘리베이터,일반승강기,"[5호기](1F)1번,13번출입구사이(B1)13번출입구통로"
S9_9_0126,9호선,당산,B1,-1,지하 1층,엘리베이터,일반승강기,[4호기](1F)10번출입구옆(B1)10번출입구통로
S9_9_0126,9호선,당산,B1,-1,지하 1층,엘리베이터,일반승강기,"[5호기](1F)1번,13번출입구사이(B1)13번출입구통로"
S9_9_0126,9호선,당산,B1,-1,지하 1층,엘리베이터,일반승강기,[3호기]
S9_9_0126,9호선,당산,B1,-1,지하 1층,엘리베이터,일반승강기,[2호기]
S9_9_0126,9호선,당산,B1,-1,지하 1층,엘리베이터,일반승강기,[1호기](B1)편의점방향표내는곳내부(B2)대합실환승통로중앙(에스컬레이터14호기좌측)(B3)국회의사당역방면승강장6-4방향비승차구역
S9_9_0126,9호선,당산,B1,-1,지하 1층,화장실,일반화장실(남),"(B1) 표내는곳  옆, 7번 출입구 방향"
S9_9_0126,9호선,당산,B1,-1,지하 1층,화장실,일반화장실(여),"(B1) 표내는곳  옆, 7번 출입구 방향"
S9_9_0126,9호선,당산,B1,-1,지하 1층,화장실,장애인화장실(남),"(B1) 표내는곳  옆, 7번 출입구 방향"
S9_9_0126,9호선,당산,B1,-1,지하 1층,화장실,장애인화장실(여),"(B1) 표내는곳  옆, 7번 출입구 방향"
S9_9_0126,9호선,당산,B1,-1,지하 1층,화장실,장애인화장실,"(B1) 표내는곳  옆, 7번 출입구 방향"
S9_9_0126,9호선,당산,B1,-1,지하 1층,출입구,7번 출입구,
S9_9_0126,9호선,당산,B1,-1,지하 1층,출입구,9번 출입구,
S9_9_0126,9호선,당산,B1,-1,지하 1층,출입구,10번 출입구,교통약자 동선 연결
S9_9_0126,9호선,당산,B1,-1,지하 1층,출입구,13번 출입구,교통약자 동선 연결
S9_9_0126,9호선,당산,B2,-2,지하 2층,개찰구,표 내는 곳,
S9_9_0126,9호선,당산,B2,-2,지하 2층,엘리베이터,일반승강기,[3호기](3F)2호선내선(합정역방향)승강장(B2)2호선환승내선(합정역방향)에스컬레이터옆
S9_9_0126,9호선,당산,B2,-2,지하 2층,엘리베이터,일반승강기,[2호기](3F)2호선외선(영등포구청역)승강장(B2)2호선환승외선(영등포구청역)방향에스컬레이터옆
S9_9_0126,9호선,당산,B2,-2,지하 2층,엘리베이터,일반승강기,[1호기]
S9_9_0126,9호선,당산,B2,-2,지하 2층,화장실,일반화장실(남),(B2) 서울지하철경찰대 옆
S9_9_0126,9호선,당산,B2,-2,지하 2층,화장실,일반화장실(여),(B2) 서울지하철경찰대 옆
S9_9_0126,9호선,당산,B2,-2,지하 2층,화장실,장애인화장실(남),(B2) 서울지하철경찰대 옆
S9_9_0126,9호선,당산,B2,-2,지하 2층,화장실,장애인화장실(여),(B2) 서울지하철경찰대 옆
S9_9_0126,9호선,당산,B2,-2,지하 2층,화장실,장애인화장실,(B2) 서울지하철경찰대 옆
S9_9_0126,9호선,당산,B2,-2,지하 2층,고객센터,고객센터,(B2) 9번 출입구 방향
S9_9_0126,9호선,당산,B3,-3,지하 3층,엘리베이터,일반승강기,[1호기](B1)편의점방향표내는곳내부(B2)대합실환승통로중앙(에스컬레이터14호기좌측)(B3)국회의사당역방면승강장6-4방향비승차구역
S9_9_0126,9호선,당산,B3,-3,지하 3층,승강장,9호선 승강장 (선유도 방면),섬식
S9_9_0126,9호선,당산,B3,-3,지하 3층,승강장,9호선 승강장 (국회의사당 방면),섬식
S9_9_0126,9호선,당산,B3,-3,지하 3층,환승승강장,선 승강장 (유도 방면),선
S9_9_0081,9호선,국회의사당,1F,1,지상 1층,엘리베이터,일반승강기,"[2호기](1F)2번,3번출입구사이(B2)2번,3번출입구방향"
S9_9_0081,9호선,국회의사당,1F,1,지상 1층,엘리베이터,일반승강기,[4호기](1F)6번출입구옆(B2)6번출입구방향
S9_9_0081,9호선,국회의사당,1F,1,지상 1층,엘리베이터,일반승강기,"[3호기](1F)4번,5번출입구사이(B2)4번,5번출입구방향"
S9_9_0081,9호선,국회의사당,B1,-1,지하 1층,엘리베이터,일반승강기,"[2호기](1F) 2번, 3번 출입구 사이 
(B2) 2번, 3번 출입구 방향"
S9_9_0081,9호선,국회의사당,B1,-1,지하 1층,엘리베이터,일반승강기,"[3호기](1F) 4번, 5번 출입구 사이 
(B2) 4번, 5번 출입구 방향"
S9_9_0081,9호선,국회의사당,B1,-1,지하 1층,엘리베이터,일반승강기,"[4호기](1F) 6번 출입구 옆 
(B2) 6번 출입구 방향"
S9_9_0081,9호선,국회의사당,B2,-2,지하 2층,개찰구,표 내는 곳,
S9_9_0081,9호선,국회의사당,B2,-2,지하 2층,엘리베이터,일반승강기,"[2호기](1F)2번,3번출입구사이(B2)2번,3번출입구방향"
S9_9_0081,9호선,국회의사당,B2,-2,지하 2층,엘리베이터,일반승강기,"[3호기](1F)4번,5번출입구사이(B2)4번,5번출입구방향"
S9_9_0081,9호선,국회의사당,B2,-2,지하 2층,엘리베이터,일반승강기,[4호기](1F)6번출입구옆(B2)6번출입구방향
S9_9_0081,9호선,국회의사당,B2,-2,지하 2층,엘리베이터,일반승강기,[1호기](B2)편의점방향표내는곳내부화장실방향(B3)당산역방향승강장5-3출입문앞
S9_9_0081,9호선,국회의사당,B2,-2,지하 2층,화장실,일반화장실(남),"(B2) 편의점 방향 표 내는 곳 내부, E/L 1호기 주변에 위치"
S9_9_0081,9호선,국회의사당,B2,-2,지하 2층,화장실,일반화장실(남),(B2)ㄷ자 형태 표 내는 곳 2번출입구 방향
S9_9_0081,9호선,국회의사당,B2,-2,지하 2층,화장실,일반화장실(여),(B2)ㄷ자 형태 표 내는 곳 2번출입구 방향
S9_9_0081,9호선,국회의사당,B2,-2,지하 2층,화장실,일반화장실(여),"(B2) 편의점 방향 표 내는 곳 내부, E/L 1호기 주변에 위치"
S9_9_0081,9호선,국회의사당,B2,-2,지하 2층,화장실,장애인화장실(남),"(B2) 편의점 방향 표 내는 곳 내부, E/L 1호기 주변에 위치"
S9_9_0081,9호선,국회의사당,B2,-2,지하 2층,화장실,장애인화장실(남),(B2)ㄷ자 형태 표 내는 곳 2번출입구 방향
S9_9_0081,9호선,국회의사당,B2,-2,지하 2층,화장실,장애인화장실(여),"(B2) 편의점 방향 표 내는 곳 내부, E/L 1호기 주변에 위치"
S9_9_0081,9호선,국회의사당,B2,-2,지하 2층,화장실,장애인화장실(여),(B2)ㄷ자 형태 표 내는 곳 2번출입구 방향
S9_9_0081,9호선,국회의사당,B2,-2,지하 2층,고객센터,고객센터,(B2) 편의점 측 내부 화장실 근처
S9_9_0081,9호선,국회의사당,B2,-2,지하 2층,출입구,2번 출입구,교통약자 동선 연결
S9_9_0081,9호선,국회의사당,B2,-2,지하 2층,출입구,3번 출입구,
S9_9_0081,9호선,국회의사당,B2,-2,지하 2층,출입구,5번 출입구,교통약자 동선 연결
S9_9_0081,9호선,국회의사당,B2,-2,지하 2층,출입구,6번 출입구,교통약자 동선 연결
S9_9_0081,9호선,국회의사당,B3,-3,지하 3층,엘리베이터,일반승강기,[1호기](B2)편의점방향표내는곳내부화장실방향(B3)당산역방향승강장5-3출입문앞
S9_9_0412,9호선,여의도,B1,-1,지하 1층,엘리베이터,일반승강기,[1호기](B1)편의점방면게이트통과후개화방면(B2)국회의사당역방향승강장1-1출입문옆
S9_9_0412,9호선,여의도,B1,-1,지하 1층,엘리베이터,일반승강기,[2호기](B1)편의점방면게이트통과후중앙보훈병원방면(B2)샛강역방향승강장6-4출입문옆
S9_9_0412,9호선,여의도,B1,-1,지하 1층,화장실,일반화장실(남),(B1) 임대상가 앞 3번/4번 출입구 방향
S9_9_0412,9호선,여의도,B1,-1,지하 1층,화장실,일반화장실(여),(B1) 임대상가 앞 3번/4번 출입구 방향
S9_9_0412,9호선,여의도,B1,-1,지하 1층,화장실,장애인화장실(남),(B1) 임대상가 앞 3번/4번 출입구 방향
S9_9_0412,9호선,여의도,B1,-1,지하 1층,화장실,장애인화장실(여),(B1) 임대상가 앞 3번/4번 출입구 방향
S9_9_0412,9호선,여의도,B1,-1,지하 1층,화장실,장애인화장실,(B1) 임대상가 앞 3번/4번 출입구 방향
S9_9_0412,9호선,여의도,B1,-1,지하 1층,고객센터,고객센터,(B1) 대합실 5번/6번 출입구 방향
S9_9_0412,9호선,여의도,B1,-1,지하 1층,출입구,2번 출입구,교통약자 동선 연결
S9_9_0412,9호선,여의도,B1,-1,지하 1층,출입구,3번 출입구,교통약자 동선 연결
S9_9_0412,9호선,여의도,B1,-1,지하 1층,출입구,4번 출입구,
S9_9_0412,9호선,여의도,B1,-1,지하 1층,출입구,6번 출입구,
S9_9_0412,9호선,여의도,B2,-2,지하 2층,엘리베이터,일반승강기,[2호기](B1)편의점방면게이트통과후중앙보훈병원방면(B2)샛강역방향승강장6-4출입문옆
S9_9_0412,9호선,여의도,B2,-2,지하 2층,엘리베이터,일반승강기,[1호기](B1)편의점방면게이트통과후개화방면(B2)국회의사당역방향승강장1-1출입문옆
S9_9_0412,9호선,여의도,B2,-2,지하 2층,화장실,일반화장실(남),(B2)국회의사당방면(하선) 승강장 3-1 PSD 앞
S9_9_0412,9호선,여의도,B2,-2,지하 2층,화장실,일반화장실(여),(B2)국회의사당방면(하선) 승강장 3-1 PSD 앞
S9_9_0412,9호선,여의도,B2,-2,지하 2층,화장실,장애인화장실(남),(B2)국회의사당방면(하선) 승강장 3-1 PSD 앞
S9_9_0412,9호선,여의도,B2,-2,지하 2층,화장실,장애인화장실(여),(B2)국회의사당방면(하선) 승강장 3-1 PSD 앞
S9_9_0412,9호선,여의도,B2,-2,지하 2층,화장실,장애인화장실,(B2)국회의사당방면(하선) 승강장 3-1 PSD 앞
S9_9_0412,9호선,여의도,B2,-2,지하 2층,승강장,9호선 승강장 (국회의사당 방면),상대식
S9_9_0412,9호선,여의도,B2,-2,지하 2층,승강장,9호선 승강장 (샛강 방면),상대식
S9_9_0286,9호선,샛강,1F,1,지상 1층,엘리베이터,일반승강기,"[4호기](1F)3번출입구뒤(B2)표내는곳(9호선,신림선)방향,3번출입구옆"
S9_9_0286,9호선,샛강,1F,1,지상 1층,엘리베이터,일반승강기,"[3호기](1F)1번~2번출입구사이(B2)표내는곳(9호선,신림선)방향,1번~2번출입구방향"
S9_9_0286,9호선,샛강,B1,-1,지하 1층,엘리베이터,일반승강기,"[3호기](1F) 1번~2번 출입구 사이
(B2) 표내는 곳(9호선, 신림선) 방향, 1번~2번 출입구 방향 "
S9_9_0286,9호선,샛강,B1,-1,지하 1층,엘리베이터,일반승강기,"[4호기](1F) 3번 출입구 뒤
(B2) 표내는 곳(9호선, 신림선) 방향,  3번 출입구 옆"
S9_9_0286,9호선,샛강,B1,-1,지하 1층,엘리베이터,일반승강기,[5호기]지하2층대합실및지하1층대합실간
S9_9_0286,9호선,샛강,B2,-2,지하 2층,엘리베이터,일반승강기,"[4호기](1F)3번출입구뒤(B2)표내는곳(9호선,신림선)방향,3번출입구옆"
S9_9_0286,9호선,샛강,B2,-2,지하 2층,엘리베이터,일반승강기,"[3호기](1F)1번~2번출입구사이(B2)표내는곳(9호선,신림선)방향,1번~2번출입구방향"
S9_9_0286,9호선,샛강,B2,-2,지하 2층,엘리베이터,일반승강기,[5호기]지하2층대합실및지하1층대합실간
S9_9_0286,9호선,샛강,B2,-2,지하 2층,엘리베이터,일반승강기,"[1호기](B2)표내는곳(9호선,신림선)방향,1번~4번출입구방향(B3)여의도역방향승강장1-1출입문옆"
S9_9_0286,9호선,샛강,B2,-2,지하 2층,엘리베이터,일반승강기,"[2호기](B2)표내는곳(9호선,신림선)방향,1번~4번출입구방향(B3)노량진역방향승강장6-4출입문옆"
S9_9_0286,9호선,샛강,B2,-2,지하 2층,화장실,일반화장실(남),(B2) 3번 출입구 방향
S9_9_0286,9호선,샛강,B2,-2,지하 2층,화장실,일반화장실(여),(B2) 3번 출입구 방향
S9_9_0286,9호선,샛강,B2,-2,지하 2층,화장실,장애인화장실(남),(B2) 3번 출입구 방향
S9_9_0286,9호선,샛강,B2,-2,지하 2층,화장실,장애인화장실(여),(B2) 3번 출입구 방향
S9_9_0286,9호선,샛강,B2,-2,지하 2층,고객센터,고객센터,(B2) 표 내는 곳 옆
S9_9_0286,9호선,샛강,B2,-2,지하 2층,출입구,2번 출입구,교통약자 동선 연결
S9_9_0286,9호선,샛강,B2,-2,지하 2층,출입구,3번 출입구,교통약자 동선 연결
S9_9_0286,9호선,샛강,B2,-2,지하 2층,출입구,4번 출입구,
S9_9_0286,9호선,샛강,B3,-3,지하 3층,엘리베이터,일반승강기,"[2호기](B2)표내는곳(9호선,신림선)방향,1번~4번출입구방향(B3)노량진역방향승강장6-4출입문옆"
S9_9_0286,9호선,샛강,B3,-3,지하 3층,엘리베이터,일반승강기,"[1호기](B2)표내는곳(9호선,신림선)방향,1번~4번출입구방향(B3)여의도역방향승강장1-1출입문옆"
S9_9_0114,9호선,노량진,1F,1,지상 1층,엘리베이터,일반승강기,"[3호기](1F)8번출입구옆(B1)9호선표내는곳방향,8번출입구방향"
S9_9_0114,9호선,노량진,1F,1,지상 1층,엘리베이터,일반승강기,"[4호기](1F)5번~6번출입구사이(B1)9호선표내는곳방향,5번~6번출입구방향,화장실방향"
S9_9_0114,9호선,노량진,1F,1,지상 1층,엘리베이터,일반승강기,"[8호기](1F)1호선용산역방향승강장(5번홈)7-1출입문앞(B1)9호선,1호선환승통로"
S9_9_0114,9호선,노량진,1F,1,지상 1층,엘리베이터,일반승강기,"[6호기](1F)1호선용산특급,급행승강장(2번홈)6-4출입문앞(B1)9호선,1호선환승통로"
S9_9_0114,9호선,노량진,1F,1,지상 1층,엘리베이터,일반승강기,"[7호기](1F)1호선대방역방향승강장(4번홈)4-4출입문앞(B1)9호선,1호선환승통로"
S9_9_0114,9호선,노량진,1F,1,지상 1층,엘리베이터,일반승강기,"[5호기](1F)1호선동인천특급,급행승강장(1번홈)4-4출입문앞(B1)9호선-1호선환승통로"
S9_9_0114,9호선,노량진,B1,-1,지하 1층,엘리베이터,일반승강기,"[5호기](1F)1호선동인천특급,급행승강장(1번홈)4-4출입문앞(B1)9호선-1호선환승통로"
S9_9_0114,9호선,노량진,B1,-1,지하 1층,엘리베이터,일반승강기,"[8호기](1F)1호선용산역방향승강장(5번홈)7-1출입문앞(B1)9호선,1호선환승통로"
S9_9_0114,9호선,노량진,B1,-1,지하 1층,엘리베이터,일반승강기,"[7호기](1F)1호선대방역방향승강장(4번홈)4-4출입문앞(B1)9호선,1호선환승통로"
S9_9_0114,9호선,노량진,B1,-1,지하 1층,엘리베이터,일반승강기,"[3호기](1F)8번출입구옆(B1)9호선표내는곳방향,8번출입구방향"
S9_9_0114,9호선,노량진,B1,-1,지하 1층,엘리베이터,일반승강기,"[4호기](1F)5번~6번출입구사이(B1)9호선표내는곳방향,5번~6번출입구방향,화장실방향"
S9_9_0114,9호선,노량진,B1,-1,지하 1층,엘리베이터,일반승강기,"[6호기](1F)1호선용산특급,급행승강장(2번홈)6-4출입문앞(B1)9호선,1호선환승통로"
S9_9_0114,9호선,노량진,B1,-1,지하 1층,엘리베이터,일반승강기,"[1호기](B1)표내는곳옆,1호선환승방향(B2)샛강역방향승강장4-1출입문앞"
S9_9_0114,9호선,노량진,B1,-1,지하 1층,엘리베이터,일반승강기,"[2호기](B1)표내는곳옆,1호선환승방향(B2)노들역방향승강장3-4출입문앞"
S9_9_0114,9호선,노량진,B1,-1,지하 1층,전동휠체어충전설비,전동휠체어충전설비,(B1) 3-1 출입구 방향 
S9_9_0114,9호선,노량진,B1,-1,지하 1층,화장실,일반화장실(남),"(B1) 5,6 번 출구 연결통로"
S9_9_0114,9호선,노량진,B1,-1,지하 1층,화장실,일반화장실(남),(B1) 안전관리실 앞
S9_9_0114,9호선,노량진,B1,-1,지하 1층,화장실,일반화장실(남),(B1) 3번 출구 옆
S9_9_0114,9호선,노량진,B1,-1,지하 1층,화장실,일반화장실(여),(B1) 3번 출구 옆
S9_9_0114,9호선,노량진,B1,-1,지하 1층,화장실,일반화장실(여),"(B1) 5,6 번 출구 연결통로"
S9_9_0114,9호선,노량진,B1,-1,지하 1층,화장실,일반화장실(여),(B1) 안전관리실 앞
S9_9_0114,9호선,노량진,B1,-1,지하 1층,화장실,장애인화장실(남),(B1) 안전관리실 앞
S9_9_0114,9호선,노량진,B1,-1,지하 1층,화장실,장애인화장실(남),"(B1) 5,6 번 출구 연결통로"
S9_9_0114,9호선,노량진,B1,-1,지하 1층,화장실,장애인화장실(남),(B1) 3번 출구 옆
S9_9_0114,9호선,노량진,B1,-1,지하 1층,화장실,장애인화장실(여),(B1) 3번 출구 옆
S9_9_0114,9호선,노량진,B1,-1,지하 1층,화장실,장애인화장실(여),(B1) 안전관리실 앞
S9_9_0114,9호선,노량진,B1,-1,지하 1층,화장실,장애인화장실(여),"(B1) 5,6 번 출구 연결통로"
S9_9_0114,9호선,노량진,B1,-1,지하 1층,고객센터,고객센터,(B1) 3-1 출입구 방면 표내는 곳 옆
S9_9_0114,9호선,노량진,B1,-1,지하 1층,출입구,3번 출입구,
S9_9_0114,9호선,노량진,B1,-1,지하 1층,출입구,5번 출입구,교통약자 동선 연결
S9_9_0114,9호선,노량진,B1,-1,지하 1층,출입구,6번 출입구,
S9_9_0114,9호선,노량진,B1,-1,지하 1층,출입구,8번 출입구,교통약자 동선 연결
S9_9_0114,9호선,노량진,B1,-1,지하 1층,출입구,9번 출입구,교통약자 동선 연결
S9_9_0114,9호선,노량진,B1,-1,지하 1층,환승승강장,1호선 승강장 (대방 방면),1호선
S9_9_0114,9호선,노량진,B1,-1,지하 1층,환승승강장,1호선 승강장 (용산 방면),1호선
S9_9_0114,9호선,노량진,B2,-2,지하 2층,엘리베이터,일반승강기,"[1호기](B1)표내는곳옆,1호선환승방향(B2)샛강역방향승강장4-1출입문앞"
S9_9_0114,9호선,노량진,B2,-2,지하 2층,엘리베이터,일반승강기,"[2호기](B1)표내는곳옆,1호선환승방향(B2)노들역방향승강장3-4출입문앞"
S9_9_0113,9호선,노들,1F,1,지상 1층,엘리베이터,일반승강기,"[3호기](1F)1,5번출입구사이중간지점(B1)1번출구방향국민은행ATM기옆"
S9_9_0113,9호선,노들,1F,1,지상 1층,엘리베이터,일반승강기,[6호기](1F)5번출입구뒤(B1)5번출입구방향
S9_9_0113,9호선,노들,1F,1,지상 1층,엘리베이터,일반승강기,[5호기](1F)3번출입구뒤(중층)3번출입구방향
S9_9_0113,9호선,노들,0F,0,지상 0층,엘리베이터,일반승강기,[5호기](1F)3번출입구뒤(중층)3번출입구방향
S9_9_0113,9호선,노들,0F,0,지상 0층,엘리베이터,일반승강기,"[4호기](중층)3,4번출입구연결통로(B1)3,4번출구방향,에스컬레이터9,10호기옆"
S9_9_0113,9호선,노들,B1,-1,지하 1층,개찰구,표 내는 곳,
S9_9_0113,9호선,노들,B1,-1,지하 1층,엘리베이터,일반승강기,[6호기](1F)5번출입구뒤(B1)5번출입구방향
S9_9_0113,9호선,노들,B1,-1,지하 1층,엘리베이터,일반승강기,"[3호기](1F)1,5번출입구사이중간지점(B1)1번출구방향국민은행ATM기옆"
S9_9_0113,9호선,노들,B1,-1,지하 1층,엘리베이터,일반승강기,"[4호기](중층)3,4번출입구연결통로(B1)3,4번출구방향,에스컬레이터9,10호기옆"
S9_9_0113,9호선,노들,B1,-1,지하 1층,엘리베이터,일반승강기,[1호기](B2)노량진역방향승강장3-2출입문앞(B1)표내는곳내측대합실노량진역승강장방향
S9_9_0113,9호선,노들,B1,-1,지하 1층,엘리베이터,일반승강기,[2호기](B2)흑석역방향승강장4-4출입문앞(B1)표내는곳내측대합실흑석역승강장방향
S9_9_0113,9호선,노들,B1,-1,지하 1층,화장실,일반화장실(남),(B1) 편의점 방향 표내는 곳 옆
S9_9_0113,9호선,노들,B1,-1,지하 1층,화장실,일반화장실(여),(B1) 편의점 방향 표내는 곳 옆
S9_9_0113,9호선,노들,B1,-1,지하 1층,화장실,장애인화장실(남),(B1) 편의점 방향 표내는 곳 옆
S9_9_0113,9호선,노들,B1,-1,지하 1층,화장실,장애인화장실(여),(B1) 편의점 방향 표내는 곳 옆
S9_9_0113,9호선,노들,B1,-1,지하 1층,고객센터,고객센터,"(B1) 대합실 1,5번 출입구 방향 표내는 곳 옆"
S9_9_0113,9호선,노들,B1,-1,지하 1층,출입구,1번 출입구,교통약자 동선 연결
S9_9_0113,9호선,노들,B1,-1,지하 1층,출입구,3번 출입구,교통약자 동선 연결
S9_9_0113,9호선,노들,B1,-1,지하 1층,출입구,4번 출입구,
S9_9_0113,9호선,노들,B1,-1,지하 1층,출입구,5번 출입구,교통약자 동선 연결
S9_9_0113,9호선,노들,B2,-2,지하 2층,엘리베이터,일반승강기,[1호기](B2)노량진역방향승강장3-2출입문앞(B1)표내는곳내측대합실노량진역승강장방향
S9_9_0113,9호선,노들,B2,-2,지하 2층,엘리베이터,일반승강기,[2호기](B2)흑석역방향승강장4-4출입문앞(B1)표내는곳내측대합실흑석역승강장방향
S9_9_0610,9호선,흑석,1F,1,지상 1층,엘리베이터,일반승강기,"[4호기](1F)3,4번출입구사이(B1)표내는곳방향,3,4번출입구방향"
S9_9_0610,9호선,흑석,1F,1,지상 1층,엘리베이터,일반승강기,"[3호기](1F)1,2번출입구사이(B1)표내는곳방향,2번출입구방향"
S9_9_0610,9호선,흑석,B1,-1,지하 1층,개찰구,표 내는 곳,
S9_9_0610,9호선,흑석,B1,-1,지하 1층,엘리베이터,일반승강기,"[4호기](1F)3,4번출입구사이(B1)표내는곳방향,3,4번출입구방향"
S9_9_0610,9호선,흑석,B1,-1,지하 1층,엘리베이터,일반승강기,"[3호기](1F)1,2번출입구사이(B1)표내는곳방향,2번출입구방향"
S9_9_0610,9호선,흑석,B1,-1,지하 1층,엘리베이터,일반승강기,[2호기](B1)표내는곳방향(B2)동작역방향승강장4-2출입문앞
S9_9_0610,9호선,흑석,B1,-1,지하 1층,엘리베이터,일반승강기,[1호기](B1)표내는곳방향(B2)노들역방향승강장3-3출입문앞
S9_9_0610,9호선,흑석,B1,-1,지하 1층,화장실,일반화장실(남),"(B1) 1번출구 하단부 옆, 생태공원 부근"
S9_9_0610,9호선,흑석,B1,-1,지하 1층,화장실,일반화장실(여),"(B1) 1번출구 하단부 옆, 생태공원 부근"
S9_9_0610,9호선,흑석,B1,-1,지하 1층,화장실,장애인화장실(남),"(B1) 1번출구 하단부 옆, 생태공원 부근"
S9_9_0610,9호선,흑석,B1,-1,지하 1층,화장실,장애인화장실(여),"(B1) 1번출구 하단부 옆, 생태공원 부근"
S9_9_0610,9호선,흑석,B1,-1,지하 1층,고객센터,고객센터,(B1) 게이트 옆(PAID구역)
S9_9_0610,9호선,흑석,B1,-1,지하 1층,출입구,1번 출입구,
S9_9_0610,9호선,흑석,B1,-1,지하 1층,출입구,2번 출입구,교통약자 동선 연결
S9_9_0610,9호선,흑석,B1,-1,지하 1층,출입구,3번 출입구,교통약자 동선 연결
S9_9_0610,9호선,흑석,B1,-1,지하 1층,출입구,4번 출입구,
S9_9_0610,9호선,흑석,B2,-2,지하 2층,엘리베이터,일반승강기,[1호기](B1)표내는곳방향(B2)노들역방향승강장3-3출입문앞
S9_9_0610,9호선,흑석,B2,-2,지하 2층,엘리베이터,일반승강기,[2호기](B1)표내는곳방향(B2)동작역방향승강장4-2출입문앞
S9_9_0167,9호선,동작,3F,3,지상 3층,승강장,9호선 승강장 (흑석 방면),쌍섬식 (2폼 4선식)
S9_9_0167,9호선,동작,3F,3,지상 3층,승강장,9호선 승강장 (구반포 방면),쌍섬식 (2폼 4선식)
S9_9_0167,9호선,동작,2F,2,지상 2층,대합실,대합실,
S9_9_0167,9호선,동작,2F,2,지상 2층,출입구,1번 출입구,교통약자 동선 연결
S9_9_0167,9호선,동작,2F,2,지상 2층,출입구,4번 출입구,
S9_9_0167,9호선,동작,2F,2,지상 2층,출입구,5번 출입구,교통약자 동선 연결
S9_9_0167,9호선,동작,2F,2,지상 2층,출입구,7번 출입구,교통약자 동선 연결
S9_9_0167,9호선,동작,2F,2,지상 2층,출입구,8번 출입구,
S9_9_0167,9호선,동작,2F,2,지상 2층,출입구,9번 출입구,
S9_9_0167,9호선,동작,1F,1,지상 1층,엘리베이터,일반승강기,"[5호기](1F)5번출입구옆(B1)5번~8번출입구방향(B2)9호선표내는곳방향,5번~8번출입구방향"
S9_9_0167,9호선,동작,1F,1,지상 1층,엘리베이터,일반승강기,[7호기](B1)7번~8번출입구방향(1F)7번~8번출입구사이
S9_9_0167,9호선,동작,1F,1,지상 1층,엘리베이터,일반승강기,"[6호기](B2)9호선환승방향,5번~9번출입구방향(1F)환승표내는곳앞,1번~4번출입구방향"
S9_9_0167,9호선,동작,B1,-1,지하 1층,엘리베이터,일반승강기,[7호기](B1)7번~8번출입구방향(1F)7번~8번출입구사이
S9_9_0167,9호선,동작,B1,-1,지하 1층,엘리베이터,일반승강기,"[5호기](1F) 5번출입구 옆
(B1) 5번~8번 출입구 방향
(B2) 9호선 표내는 곳 방향, 5번~8번 출입구 방향"
S9_9_0167,9호선,동작,B1,-1,지하 1층,엘리베이터,일반승강기,"[6호기](B2) 9호선 환승방향, 5번~9번 출입구 방향
(1F) 환승 표내는곳 앞, 1번~4번 출입구 방향"
S9_9_0167,9호선,동작,B2,-2,지하 2층,대합실,대합실,
S9_9_0167,9호선,동작,B2,-2,지하 2층,엘리베이터,일반승강기,"[5호기](1F)5번출입구옆(B1)5번~8번출입구방향(B2)9호선표내는곳방향,5번~8번출입구방향"
S9_9_0167,9호선,동작,B2,-2,지하 2층,엘리베이터,일반승강기,"[6호기](B2)9호선환승방향,5번~9번출입구방향(1F)환승표내는곳앞,1번~4번출입구방향"
S9_9_0167,9호선,동작,B2,-2,지하 2층,엘리베이터,일반승강기,"[1호기](B2)표내는곳앞,5~9번출입구방향(B3)흑석역방향승강장2-1출입문앞"
S9_9_0167,9호선,동작,B2,-2,지하 2층,엘리베이터,일반승강기,"[4호기](B2)4,9호선환승통로,1번~9번출입구방향(B3)구반포역방향승강장1-2출입문앞"
S9_9_0167,9호선,동작,B2,-2,지하 2층,엘리베이터,일반승강기,"[3호기](B2)4,9호선환승통로,1번~9번출입구방향(B3)흑석역방향승강장6-2출입문앞"
S9_9_0167,9호선,동작,B2,-2,지하 2층,엘리베이터,일반승강기,"[2호기](B2)표내는곳앞,5~9번출입구방향(B3)구반포역방향승강장5-3출입문앞"
S9_9_0167,9호선,동작,B2,-2,지하 2층,화장실,일반화장실(남),(B2) 대합실 9번 출입구 방향
S9_9_0167,9호선,동작,B2,-2,지하 2층,화장실,일반화장실(남),(B2) 표 내는 곳 내 우측 통로 방향 
S9_9_0167,9호선,동작,B2,-2,지하 2층,화장실,일반화장실(여),(B2) 대합실 9번 출입구 방향
S9_9_0167,9호선,동작,B2,-2,지하 2층,화장실,일반화장실(여),(B2) 표 내는 곳 내 우측 통로 방향 
S9_9_0167,9호선,동작,B2,-2,지하 2층,화장실,장애인화장실(남),(B2) 대합실 9번 출입구 방향
S9_9_0167,9호선,동작,B2,-2,지하 2층,화장실,장애인화장실(남),(B2) 표 내는 곳 내 우측 통로 방향 
S9_9_0167,9호선,동작,B2,-2,지하 2층,화장실,장애인화장실(여),(B2) 표 내는 곳 내 우측 통로 방향 
S9_9_0167,9호선,동작,B2,-2,지하 2층,화장실,장애인화장실(여),(B2) 대합실 9번 출입구 방향
S9_9_0167,9호선,동작,B2,-2,지하 2층,고객센터,고객센터,(B2) 대합실
S9_9_0167,9호선,동작,B3,-3,지하 3층,엘리베이터,일반승강기,"[3호기](B2)4,9호선환승통로,1번~9번출입구방향(B3)흑석역방향승강장6-2출입문앞"
S9_9_0167,9호선,동작,B3,-3,지하 3층,엘리베이터,일반승강기,"[2호기](B2)표내는곳앞,5~9번출입구방향(B3)구반포역방향승강장5-3출입문앞"
S9_9_0167,9호선,동작,B3,-3,지하 3층,엘리베이터,일반승강기,"[1호기](B2)표내는곳앞,5~9번출입구방향(B3)흑석역방향승강장2-1출입문앞"
S9_9_0167,9호선,동작,B3,-3,지하 3층,엘리베이터,일반승강기,"[4호기](B2)4,9호선환승통로,1번~9번출입구방향(B3)구반포역방향승강장1-2출입문앞"
S9_9_0073,9호선,구반포,1F,1,지상 1층,엘리베이터,일반승강기,[3호기](1F)2번~3번출입구사이(B1)기능실1출입문앞
S9_9_0073,9호선,구반포,B1,-1,지하 1층,대합실,대합실,
S9_9_0073,9호선,구반포,B1,-1,지하 1층,개찰구,표 내는 곳,
S9_9_0073,9호선,구반포,B1,-1,지하 1층,엘리베이터,일반승강기,[3호기]
S9_9_0073,9호선,구반포,B1,-1,지하 1층,화장실,일반화장실(남),(B1) GS 편의점 옆 통로
S9_9_0073,9호선,구반포,B1,-1,지하 1층,화장실,일반화장실(여),(B1) GS 편의점 옆 통로
S9_9_0073,9호선,구반포,B1,-1,지하 1층,화장실,장애인화장실(남),(B1) GS 편의점 옆 통로
S9_9_0073,9호선,구반포,B1,-1,지하 1층,화장실,장애인화장실(여),(B1) GS 편의점 옆 통로
S9_9_0073,9호선,구반포,B1,-1,지하 1층,고객센터,고객센터,(B1) 대합실 개찰구 옆
S9_9_0073,9호선,구반포,B1,-1,지하 1층,출입구,2번 출입구,교통약자 동선 연결
S9_9_0073,9호선,구반포,B1,-1,지하 1층,출입구,3번 출입구,
S9_9_0073,9호선,구반포,B2,-2,지하 2층,엘리베이터,일반승강기,[3호기](1F)2번~3번출입구사이(B1)기능실1출입문앞
S9_9_0073,9호선,구반포,B2,-2,지하 2층,엘리베이터,일반승강기,[1호기](B1)표내는곳방향(B2)동작역방향승강장2-1출입문앞
S9_9_0073,9호선,구반포,B2,-2,지하 2층,엘리베이터,일반승강기,[2호기](B1)표내는곳방향(B2)고속터미널역방향승강장5-4출입문앞
S9_9_0073,9호선,구반포,B3,-3,지하 3층,엘리베이터,일반승강기,[1호기](B1)표내는곳방향(B2)동작역방향승강장2-1출입문앞
S9_9_0073,9호선,구반포,B3,-3,지하 3층,엘리베이터,일반승강기,[2호기](B1)표내는곳방향(B2)고속터미널역방향승강장5-4출입문앞
S9_9_0363,9호선,신반포,1F,1,지상 1층,엘리베이터,일반승강기,"[4호기](1F)3번,4번출입구사이(B1)3번출구방향"
S9_9_0363,9호선,신반포,1F,1,지상 1층,엘리베이터,일반승강기,"[3호기](1F)1번,2번출입구사이(B1)1번,2번출구방향"
S9_9_0363,9호선,신반포,B1,-1,지하 1층,개찰구,표 내는 곳,
S9_9_0363,9호선,신반포,B1,-1,지하 1층,엘리베이터,일반승강기,"[4호기](1F)3번,4번출입구사이(B1)3번출구방향"
S9_9_0363,9호선,신반포,B1,-1,지하 1층,엘리베이터,일반승강기,"[3호기](1F)1번,2번출입구사이(B1)1번,2번출구방향"
S9_9_0363,9호선,신반포,B1,-1,지하 1층,엘리베이터,일반승강기,[2호기](B1)표내는곳방향(B2)고속터미널방향승강장3-4출입문앞
S9_9_0363,9호선,신반포,B1,-1,지하 1층,엘리베이터,일반승강기,[1호기](B1)표내는곳방향(B2)구반포방향승강장3-4출입문앞
S9_9_0363,9호선,신반포,B1,-1,지하 1층,화장실,일반화장실(남),(B1) 안전관리실 옆 통로
S9_9_0363,9호선,신반포,B1,-1,지하 1층,화장실,일반화장실(여),(B1) 안전관리실 옆 통로
S9_9_0363,9호선,신반포,B1,-1,지하 1층,화장실,장애인화장실(남),(B1) 안전관리실 옆 통로
S9_9_0363,9호선,신반포,B1,-1,지하 1층,화장실,장애인화장실(여),(B1) 안전관리실 옆 통로
S9_9_0363,9호선,신반포,B1,-1,지하 1층,고객센터,고객센터,(B1) 표내는곳 옆
S9_9_0363,9호선,신반포,B1,-1,지하 1층,출입구,1번 출입구,교통약자 동선 연결
S9_9_0363,9호선,신반포,B1,-1,지하 1층,출입구,2번 출입구,
S9_9_0363,9호선,신반포,B1,-1,지하 1층,출입구,3번 출입구,
S9_9_0363,9호선,신반포,B1,-1,지하 1층,출입구,4번 출입구,교통약자 동선 연결
S9_9_0363,9호선,신반포,B2,-2,지하 2층,엘리베이터,일반승강기,[1호기](B1)표내는곳방향(B2)구반포방향승강장3-4출입문앞
S9_9_0363,9호선,신반포,B2,-2,지하 2층,엘리베이터,일반승강기,[2호기](B1)표내는곳방향(B2)고속터미널방향승강장3-4출입문앞
S9_9_0048,9호선,고속터미널,1F,1,지상 1층,엘리베이터,일반승강기,[4호기](1F)8-1번출입구뒤(B1)8-1번출구(B1)옆(B2)PS실출입문옆
S9_9_0048,9호선,고속터미널,1F,1,지상 1층,엘리베이터,일반승강기,[3호기](1F)1번출입구뒤반포지구대앞(B1)1번출구방향(B2)표내는곳옆
S9_9_0048,9호선,고속터미널,B1,-1,지하 1층,엘리베이터,일반승강기,[5호기]지하상가및지하1층대합실간
S9_9_0048,9호선,고속터미널,B1,-1,지하 1층,엘리베이터,일반승강기,[4호기]
S9_9_0048,9호선,고속터미널,B1,-1,지하 1층,엘리베이터,일반승강기,[3호기]
S9_9_0048,9호선,고속터미널,B1,-1,지하 1층,화장실,일반화장실(남),(B1) 1번 출구 옆
S9_9_0048,9호선,고속터미널,B1,-1,지하 1층,화장실,일반화장실(남),(B1) 8-1번 출구 옆
S9_9_0048,9호선,고속터미널,B1,-1,지하 1층,화장실,일반화장실(여),(B1) 8-1번 출구 옆
S9_9_0048,9호선,고속터미널,B1,-1,지하 1층,화장실,일반화장실(여),(B1) 1번 출구 옆
S9_9_0048,9호선,고속터미널,B1,-1,지하 1층,화장실,장애인화장실(남),(B1) 8-1번 출구 옆
S9_9_0048,9호선,고속터미널,B1,-1,지하 1층,화장실,장애인화장실(남),(B1) 1번 출구 옆
S9_9_0048,9호선,고속터미널,B1,-1,지하 1층,화장실,장애인화장실(여),(B1) 1번 출구 옆
S9_9_0048,9호선,고속터미널,B1,-1,지하 1층,화장실,장애인화장실(여),(B1) 8-1번 출구 옆
S9_9_0048,9호선,고속터미널,B2,-2,지하 2층,개찰구,표 내는 곳,
S9_9_0048,9호선,고속터미널,B2,-2,지하 2층,엘리베이터,일반승강기,[3호기](1F)1번출입구뒤반포지구대앞(B1)1번출구방향(B2)표내는곳옆
S9_9_0048,9호선,고속터미널,B2,-2,지하 2층,엘리베이터,일반승강기,[4호기](1F)8-1번출입구뒤(B1)8-1번출구(B1)옆(B2)PS실출입문옆
S9_9_0048,9호선,고속터미널,B2,-2,지하 2층,엘리베이터,일반승강기,[1호기](B2)9호선안전관리실뒤(B4)전기실옆(B5)신반포역방향승강장4-4출입문앞
S9_9_0048,9호선,고속터미널,B2,-2,지하 2층,엘리베이터,일반승강기,[2호기](B2)표내는곳화장실옆(B4)공연장앞(B5)사평역방면승강장1-1출입문앞
S9_9_0048,9호선,고속터미널,B2,-2,지하 2층,전동휠체어충전설비,전동휠체어충전설비,"(B2)안전관리실 앞 대합실, E/V4호기 부근"
S9_9_0048,9호선,고속터미널,B2,-2,지하 2층,화장실,일반화장실(남),(B2) 표 내는 곳 옆
S9_9_0048,9호선,고속터미널,B2,-2,지하 2층,화장실,일반화장실(남),(B2) 표 내는 곳 앞
S9_9_0048,9호선,고속터미널,B2,-2,지하 2층,화장실,일반화장실(여),(B2) 표 내는 곳 옆
S9_9_0048,9호선,고속터미널,B2,-2,지하 2층,화장실,일반화장실(여),(B2) 표 내는 곳 앞
S9_9_0048,9호선,고속터미널,B2,-2,지하 2층,화장실,장애인화장실(남),(B2) 표 내는 곳 옆
S9_9_0048,9호선,고속터미널,B2,-2,지하 2층,화장실,장애인화장실(남),(B2) 표 내는 곳 앞
S9_9_0048,9호선,고속터미널,B2,-2,지하 2층,화장실,장애인화장실(여),(B2) 표 내는 곳 옆
S9_9_0048,9호선,고속터미널,B2,-2,지하 2층,화장실,장애인화장실(여),(B2) 표 내는 곳 앞
S9_9_0048,9호선,고속터미널,B2,-2,지하 2층,고객센터,고객센터,(B2) 대합실 9호선 게이트 근처
S9_9_0048,9호선,고속터미널,B2,-2,지하 2층,출입구,1번 출입구,교통약자 동선 연결
S9_9_0048,9호선,고속터미널,B2,-2,지하 2층,출입구,8-1번 출입구,교통약자 동선 연결
S9_9_0048,9호선,고속터미널,B3,-3,지하 3층,엘리베이터,일반승강기,[2호기]
S9_9_0048,9호선,고속터미널,B3,-3,지하 3층,엘리베이터,일반승강기,[1호기]
S9_9_0048,9호선,고속터미널,B3,-3,지하 3층,환승승강장,3호선 승강장 (잠원 방면),3호선
S9_9_0048,9호선,고속터미널,B3,-3,지하 3층,환승승강장,3호선 승강장 (교대 방면),3호선
S9_9_0048,9호선,고속터미널,B3,-3,지하 3층,환승승강장,7호선 승강장 (내방 방면),7호선
S9_9_0048,9호선,고속터미널,B3,-3,지하 3층,환승승강장,7호선 승강장 (반포 방면),7호선
S9_9_0048,9호선,고속터미널,B4,-4,지하 4층,엘리베이터,일반승강기,[2호기]
S9_9_0048,9호선,고속터미널,B4,-4,지하 4층,엘리베이터,일반승강기,[1호기]
S9_9_0048,9호선,고속터미널,B5,-5,지하 5층,엘리베이터,일반승강기,[2호기](B2)표내는곳화장실옆(B4)공연장앞(B5)사평역방면승강장1-1출입문앞
S9_9_0048,9호선,고속터미널,B5,-5,지하 5층,엘리베이터,일반승강기,[1호기](B2)9호선안전관리실뒤(B4)전기실옆(B5)신반포역방향승강장4-4출입문앞
S9_9_0259,9호선,사평,1F,1,지상 1층,엘리베이터,일반승강기,[4호기](1F)2번출입구앞(B1)2번출구방향
S9_9_0259,9호선,사평,1F,1,지상 1층,엘리베이터,일반승강기,"[3호기](1F)1번출입구사평로방향(M1)1번출입구옆(B1)1번출구방향,화장실방향"
S9_9_0259,9호선,사평,B1,-1,지하 1층,개찰구,표 내는 곳,
S9_9_0259,9호선,사평,B1,-1,지하 1층,엘리베이터,일반승강기,[4호기](1F)2번출입구앞(B1)2번출구방향
S9_9_0259,9호선,사평,B1,-1,지하 1층,엘리베이터,일반승강기,"[3호기](1F)1번출입구사평로방향(M1)1번출입구옆(B1)1번출구방향,화장실방향"
S9_9_0259,9호선,사평,B1,-1,지하 1층,엘리베이터,일반승강기,[1호기](B1)표내는곳방향(B2)고속터미널역방향중층연결통로(B3)고속터미널역방향승강장4-2출입문앞
S9_9_0259,9호선,사평,B1,-1,지하 1층,엘리베이터,일반승강기,[2호기](B1)표내는곳방향(B2)신논현역방향중층연결통로(B3)신논현역방향승강장4-1출입문앞
S9_9_0259,9호선,사평,B1,-1,지하 1층,화장실,일반화장실(남),(B1) 1번 출입구 방향
S9_9_0259,9호선,사평,B1,-1,지하 1층,화장실,일반화장실(여),(B1) 1번 출입구 방향
S9_9_0259,9호선,사평,B1,-1,지하 1층,화장실,장애인화장실(남),(B1) 1번 출입구 방향
S9_9_0259,9호선,사평,B1,-1,지하 1층,화장실,장애인화장실(여),(B1) 1번 출입구 방향
S9_9_0259,9호선,사평,B1,-1,지하 1층,고객센터,고객센터,(B1) 대합실 1번 출입구 방향
S9_9_0259,9호선,사평,B1,-1,지하 1층,출입구,1번 출입구,교통약자 동선 연결
S9_9_0259,9호선,사평,B1,-1,지하 1층,출입구,2번 출입구,교통약자 동선 연결
S9_9_0259,9호선,사평,B2,-2,지하 2층,엘리베이터,일반승강기,[1호기]
S9_9_0259,9호선,사평,B2,-2,지하 2층,엘리베이터,일반승강기,[2호기]
S9_9_0259,9호선,사평,B3,-3,지하 3층,엘리베이터,일반승강기,[2호기](B1)표내는곳방향(B2)신논현역방향중층연결통로(B3)신논현역방향승강장4-1출입문앞
S9_9_0259,9호선,사평,B3,-3,지하 3층,엘리베이터,일반승강기,[1호기](B1)표내는곳방향(B2)고속터미널역방향중층연결통로(B3)고속터미널역방향승강장4-2출입문앞
S9_9_0354,9호선,신논현,1F,1,지상 1층,엘리베이터,일반승강기,"[4호기](1F)8,9번출입구사이교보타워앞(B2)8번출구방향"
S9_9_0354,9호선,신논현,1F,1,지상 1층,엘리베이터,일반승강기,"[3호기](1F)1,2번출입구사이사평역방향(B2)2번출구방향"
S9_9_0354,9호선,신논현,B1,-1,지하 1층,개찰구,표 내는 곳,
S9_9_0354,9호선,신논현,B1,-1,지하 1층,엘리베이터,일반승강기,[5호기]
S9_9_0354,9호선,신논현,B1,-1,지하 1층,엘리베이터,일반승강기,[3호기]
S9_9_0354,9호선,신논현,B1,-1,지하 1층,출입구,2번 출입구,교통약자 동선 연결
S9_9_0354,9호선,신논현,B1,-1,지하 1층,출입구,5번 출입구,
S9_9_0354,9호선,신논현,B1,-1,지하 1층,출입구,8번 출입구,교통약자 동선 연결
S9_9_0354,9호선,신논현,B1,-1,지하 1층,출입구,9번 출입구,
S9_9_0354,9호선,신논현,B2,-2,지하 2층,엘리베이터,일반승강기,"[3호기](1F)1,2번출입구사이사평역방향(B2)2번출구방향"
S9_9_0354,9호선,신논현,B2,-2,지하 2층,엘리베이터,일반승강기,"[4호기](1F)8,9번출입구사이교보타워앞(B2)8번출구방향"
S9_9_0354,9호선,신논현,B2,-2,지하 2층,엘리베이터,일반승강기,[2호기](B2)표내는곳방향(B3)신분당선연결통로(B4)언주역방향승강장4-1출입문앞
S9_9_0354,9호선,신논현,B2,-2,지하 2층,엘리베이터,일반승강기,[1호기](B2)표내는곳방향(B3)신분당선연결통로(B4)고속터미널방향(급행)승강장3-4출입문앞
S9_9_0354,9호선,신논현,B2,-2,지하 2층,화장실,일반화장실(남),(B2) 5번 출입구 방향
S9_9_0354,9호선,신논현,B2,-2,지하 2층,화장실,일반화장실(여),(B2) 5번 출입구 방향
S9_9_0354,9호선,신논현,B2,-2,지하 2층,화장실,장애인화장실(남),(B2) 5번 출입구 방향
S9_9_0354,9호선,신논현,B2,-2,지하 2층,화장실,장애인화장실(여),(B2) 5번 출입구 방향
S9_9_0354,9호선,신논현,B2,-2,지하 2층,고객센터,고객센터,(B2) 대합실 9호선 게이트 근처
S9_9_0354,9호선,신논현,B3,-3,지하 3층,엘리베이터,일반승강기,[1호기]
S9_9_0354,9호선,신논현,B3,-3,지하 3층,엘리베이터,일반승강기,[2호기]
S9_9_0354,9호선,신논현,B4,-4,지하 4층,엘리베이터,일반승강기,[2호기](B2)표내는곳방향(B3)신분당선연결통로(B4)언주역방향승강장4-1출입문앞
S9_9_0354,9호선,신논현,B4,-4,지하 4층,엘리베이터,일반승강기,[1호기](B2)표내는곳방향(B3)신분당선연결통로(B4)고속터미널방향(급행)승강장3-4출입문앞
S9_9_0410,9호선,언주,1F,1,지상 1층,출입구,1번 출입구,
S9_9_0410,9호선,언주,1F,1,지상 1층,출입구,2번 출입구,교통약자 동선 연결
S9_9_0410,9호선,언주,1F,1,지상 1층,출입구,4번 출입구,
S9_9_0410,9호선,언주,1F,1,지상 1층,출입구,6번 출입구,교통약자 동선 연결
S9_9_0410,9호선,언주,1F,1,지상 1층,출입구,8번 출입구,
S9_9_0410,9호선,언주,B1,-1,지하 1층,대합실,대합실,
S9_9_0410,9호선,언주,B1,-1,지하 1층,개찰구,표 내는 곳,
S9_9_0410,9호선,언주,B1,-1,지하 1층,고객센터,고객센터,(B1) 대합실 표 내는곳 옆
S9_9_0410,9호선,언주,B1,-1,지하 1층,수유실,수유실,"(B1) 대합실 화장실 앞, 3번/4번 출입구 옆"
S9_9_0410,9호선,언주,B2,-2,지하 2층,엘리베이터,일반승강기,[1호기]1번 출구와 8번 출구 사이
S9_9_0410,9호선,언주,B2,-2,지하 2층,엘리베이터,일반승강기,[2호기]1번 출구와 8번 출구 사이
S9_9_0410,9호선,언주,B3,-3,지하 3층,엘리베이터,일반승강기,[1호기]1번 출구와 8번 출구 사이
S9_9_0410,9호선,언주,B3,-3,지하 3층,엘리베이터,일반승강기,[2호기]1번 출구와 8번 출구 사이
S9_9_0410,9호선,언주,B4,-4,지하 4층,엘리베이터,일반승강기,[1호기]1번 출구와 8번 출구 사이
S9_9_0410,9호선,언주,B4,-4,지하 4층,엘리베이터,일반승강기,[2호기]1번 출구와 8번 출구 사이
S9_9_0410,9호선,언주,B5,-5,지하 5층,승강장,9호선 승강장 (신논현 방면),상대식
S9_9_0410,9호선,언주,B5,-5,지하 5층,승강장,9호선 승강장 (선정릉 방면),상대식
S9_9_0410,9호선,언주,B5,-5,지하 5층,환승승강장,선 승강장 (정릉 방면),선
S9_9_0309,9호선,선정릉,1F,1,지상 1층,출입구,1번 출입구,교통약자 동선 연결
S9_9_0309,9호선,선정릉,1F,1,지상 1층,출입구,3번 출입구,
S9_9_0309,9호선,선정릉,1F,1,지상 1층,출입구,4번 출입구,교통약자 동선 연결
S9_9_0309,9호선,선정릉,B1,-1,지하 1층,대합실,대합실,
S9_9_0309,9호선,선정릉,B1,-1,지하 1층,개찰구,표 내는 곳,
S9_9_0309,9호선,선정릉,B1,-1,지하 1층,고객센터,고객센터,(B1) 대합실 3번 출입구 방향
S9_9_0309,9호선,선정릉,B2,-2,지하 2층,엘리베이터,일반승강기,[2호기]1번 출구와 4번 출구 사이
S9_9_0309,9호선,선정릉,B2,-2,지하 2층,엘리베이터,일반승강기,[4호기]1번 출구와 4번 출구 사이
S9_9_0309,9호선,선정릉,B2,-2,지하 2층,엘리베이터,일반승강기,[1호기]1번 출구와 4번 출구 사이
S9_9_0309,9호선,선정릉,B2,-2,지하 2층,엘리베이터,일반승강기,[3호기]1번 출구와 4번 출구 사이
S9_9_0309,9호선,선정릉,B3,-3,지하 3층,승강장,9호선 승강장 (언주 방면),상대식
S9_9_0309,9호선,선정릉,B3,-3,지하 3층,승강장,9호선 승강장 (삼성중앙 방면),상대식
S9_9_0309,9호선,선정릉,B4,-4,지하 4층,대합실,대합실,
S9_9_0309,9호선,선정릉,B5,-5,지하 5층,환승승강장,수인분당선 승강장 (강남구청 방면),수인분당선
S9_9_0309,9호선,선정릉,B5,-5,지하 5층,환승승강장,수인분당선 승강장 (선릉 방면),수인분당선
S9_9_0267,9호선,삼성중앙,1F,1,지상 1층,출입구,1번 출입구,
S9_9_0267,9호선,삼성중앙,1F,1,지상 1층,출입구,3번 출입구,교통약자 동선 연결
S9_9_0267,9호선,삼성중앙,1F,1,지상 1층,출입구,5번 출입구,교통약자 동선 연결
S9_9_0267,9호선,삼성중앙,B1,-1,지하 1층,대합실,대합실,
S9_9_0267,9호선,삼성중앙,B1,-1,지하 1층,개찰구,표 내는 곳,
S9_9_0267,9호선,삼성중앙,B1,-1,지하 1층,고객센터,고객센터,(B1) 대합실 1번 출입구 방향
S9_9_0267,9호선,삼성중앙,B1,-1,지하 1층,수유실,수유실,(B1) 고객안전실 맞은편
S9_9_0267,9호선,삼성중앙,B2,-2,지하 2층,승강장,9호선 승강장 (선정릉 방면),상대식
S9_9_0267,9호선,삼성중앙,B2,-2,지하 2층,승강장,9호선 승강장 (봉은사 방면),상대식
S9_9_0267,9호선,삼성중앙,B2,-2,지하 2층,환승승강장,선 승강장 (정릉 방면),선
S9_9_0241,9호선,봉은사,1F,1,지상 1층,출입구,3번 출입구,교통약자 동선 연결
S9_9_0241,9호선,봉은사,1F,1,지상 1층,출입구,5번 출입구,
S9_9_0241,9호선,봉은사,1F,1,지상 1층,출입구,6번 출입구,
S9_9_0241,9호선,봉은사,1F,1,지상 1층,출입구,7번 출입구,교통약자 동선 연결
S9_9_0241,9호선,봉은사,B1,-1,지하 1층,대합실,대합실,
S9_9_0241,9호선,봉은사,B1,-1,지하 1층,개찰구,표 내는 곳,
S9_9_0241,9호선,봉은사,B1,-1,지하 1층,엘리베이터,일반승강기,[1호기]5번 출구와 6번 출구 사이
S9_9_0241,9호선,봉은사,B1,-1,지하 1층,고객센터,고객센터,(B1) 대합실 6번 출입구 방향 표 내는 곳 인근
S9_9_0241,9호선,봉은사,B1,-1,지하 1층,수유실,수유실,(B1) 고객안전실 맞은편
S9_9_0241,9호선,봉은사,B2,-2,지하 2층,승강장,9호선 승강장 (삼성중앙 방면),상대식
S9_9_0241,9호선,봉은사,B2,-2,지하 2층,승강장,9호선 승강장 (종합운동장 방면),상대식
S9_9_0518,9호선,종합운동장,1F,1,지상 1층,출입구,1번 출입구,
S9_9_0518,9호선,종합운동장,1F,1,지상 1층,출입구,2번 출입구,
S9_9_0518,9호선,종합운동장,1F,1,지상 1층,출입구,9번 출입구,교통약자 동선 연결
S9_9_0518,9호선,종합운동장,B1,-1,지하 1층,대합실,대합실,
S9_9_0518,9호선,종합운동장,B1,-1,지하 1층,개찰구,표 내는 곳,
S9_9_0518,9호선,종합운동장,B1,-1,지하 1층,전동휠체어충전설비,전동휠체어충전설비,(B1) 고객안전실 옆
S9_9_0518,9호선,종합운동장,B1,-1,지하 1층,고객센터,고객센터,(B1) 9번출구 대합실 화장실 옆
S9_9_0518,9호선,종합운동장,B1,-1,지하 1층,수유실,수유실,(B1) 9번출구 대합실 표 내는 곳 옆
S9_9_0518,9호선,종합운동장,B2,-2,지하 2층,대합실,대합실,
S9_9_0518,9호선,종합운동장,B2,-2,지하 2층,엘리베이터,일반승강기,[4호기]1번 출구
S9_9_0518,9호선,종합운동장,B2,-2,지하 2층,엘리베이터,일반승강기,[3호기]1번 출구와 9번 출구 사이
S9_9_0518,9호선,종합운동장,B2,-2,지하 2층,환승승강장,2호선 승강장 (잠실새내 방면),2호선
S9_9_0518,9호선,종합운동장,B2,-2,지하 2층,환승승강장,2호선 승강장 (삼성 방면),2호선
S9_9_0518,9호선,종합운동장,B3,-3,지하 3층,엘리베이터,일반승강기,[3호기]1번 출구와 9번 출구 사이
S9_9_0518,9호선,종합운동장,B3,-3,지하 3층,엘리베이터,일반승강기,[2호기]2번 출구
S9_9_0518,9호선,종합운동장,B3,-3,지하 3층,엘리베이터,일반승강기,[1호기]2번 출구
S9_9_0518,9호선,종합운동장,B3,-3,지하 3층,엘리베이터,일반승강기,[4호기]1번 출구
S9_9_0518,9호선,종합운동장,B4,-4,지하 4층,승강장,9호선 승강장 (봉은사 방면),상대식
S9_9_1153,9호선,삼전,1F,1,지상 1층,출입구,1번 출입구,교통약자 동선 연결
S9_9_1153,9호선,삼전,B1,-1,지하 1층,대합실,대합실,
S9_9_1153,9호선,삼전,B1,-1,지하 1층,개찰구,표 내는 곳,
S9_9_1153,9호선,삼전,B1,-1,지하 1층,전동휠체어충전설비,전동휠체어충전설비,(B1) 고객안전실 맞은편
S9_9_1153,9호선,삼전,B1,-1,지하 1층,고객센터,고객센터,(B1) 1번 출입구 대합실 표 내는곳 옆
S9_9_1153,9호선,삼전,B1,-1,지하 1층,수유실,수유실,"(B1) 대합실 1번 출입구 방향, 상가 옆"
S9_9_1153,9호선,삼전,B2,-2,지하 2층,승강장,9호선 승강장 (종합운동장 방면),상대식
S9_9_1153,9호선,삼전,B2,-2,지하 2층,승강장,9호선 승강장 (석촌고분 방면),상대식
S9_9_1154,9호선,석촌고분,1F,1,지상 1층,출입구,1번 출입구,교통약자 동선 연결
S9_9_1154,9호선,석촌고분,1F,1,지상 1층,출입구,2번 출입구,교통약자 동선 연결
S9_9_1154,9호선,석촌고분,1F,1,지상 1층,출입구,3번 출입구,교통약자 동선 연결
S9_9_1154,9호선,석촌고분,1F,1,지상 1층,출입구,4번 출입구,교통약자 동선 연결
S9_9_1154,9호선,석촌고분,B1,-1,지하 1층,대합실,대합실,
S9_9_1154,9호선,석촌고분,B1,-1,지하 1층,개찰구,표 내는 곳,
S9_9_1154,9호선,석촌고분,B1,-1,지하 1층,전동휠체어충전설비,전동휠체어충전설비,(B1) 고객안전실 옆
S9_9_1154,9호선,석촌고분,B1,-1,지하 1층,고객센터,고객센터,(B1) 2번 출입구 대합실 표 내는곳 옆
S9_9_1154,9호선,석촌고분,B1,-1,지하 1층,수유실,수유실,(B1) 고객안전실 좌측
S9_9_1154,9호선,석촌고분,B2,-2,지하 2층,승강장,9호선 승강장 (삼전 방면),섬식
S9_9_1154,9호선,석촌고분,B2,-2,지하 2층,승강장,9호선 승강장 (석촌 방면),섬식
S9_9_0305,9호선,석촌,1F,1,지상 1층,출입구,1번 출입구,교통약자 동선 연결
S9_9_0305,9호선,석촌,1F,1,지상 1층,출입구,5번 출입구,교통약자 동선 연결
S9_9_0305,9호선,석촌,1F,1,지상 1층,출입구,6번 출입구,
S9_9_0305,9호선,석촌,B1,-1,지하 1층,대합실,대합실,
S9_9_0305,9호선,석촌,B1,-1,지하 1층,엘리베이터,일반승강기,[3호기]
S9_9_0305,9호선,석촌,B1,-1,지하 1층,전동휠체어충전설비,전동휠체어충전설비,(B1) 고객안전실 옆
S9_9_0305,9호선,석촌,B2,-2,지하 2층,대합실,대합실,
S9_9_0305,9호선,석촌,B2,-2,지하 2층,개찰구,표 내는 곳,
S9_9_0305,9호선,석촌,B2,-2,지하 2층,엘리베이터,일반승강기,[3호기]
S9_9_0305,9호선,석촌,B2,-2,지하 2층,화장실,일반화장실(남),표 내는 곳 안쪽 옆
S9_9_0305,9호선,석촌,B2,-2,지하 2층,화장실,일반화장실(남),표 내는 곳 옆
S9_9_0305,9호선,석촌,B2,-2,지하 2층,화장실,일반화장실(여),표 내는 곳 안쪽 옆
S9_9_0305,9호선,석촌,B2,-2,지하 2층,화장실,일반화장실(여),표 내는 곳 옆
S9_9_0305,9호선,석촌,B2,-2,지하 2층,화장실,장애인화장실(남),표 내는 곳 안쪽 옆
S9_9_0305,9호선,석촌,B2,-2,지하 2층,화장실,장애인화장실(남),표 내는 곳 옆
S9_9_0305,9호선,석촌,B2,-2,지하 2층,화장실,장애인화장실(여),표 내는 곳 안쪽 옆
S9_9_0305,9호선,석촌,B2,-2,지하 2층,화장실,장애인화장실(여),표 내는 곳 옆
S9_9_0305,9호선,석촌,B2,-2,지하 2층,고객센터,고객센터,(B2) 6번 출입구 대합실 표 내는곳 옆
S9_9_0305,9호선,석촌,B2,-2,지하 2층,수유실,수유실,(B2) 대합실 개집표구 안쪽
S9_9_0305,9호선,석촌,B2,-2,지하 2층,환승승강장,8호선 승강장 (잠실 방면),8호선
S9_9_0305,9호선,석촌,B2,-2,지하 2층,환승승강장,8호선 승강장 (송파 방면),8호선
S9_9_0305,9호선,석촌,B3,-3,지하 3층,대합실,대합실,
S9_9_0305,9호선,석촌,B3,-3,지하 3층,엘리베이터,일반승강기,[5호기]
S9_9_0305,9호선,석촌,B3,-3,지하 3층,엘리베이터,일반승강기,[3호기]
S9_9_0305,9호선,석촌,B4,-4,지하 4층,승강장,9호선 승강장 (석촌고분 방면),섬식
S9_9_0305,9호선,석촌,B4,-4,지하 4층,승강장,9호선 승강장 (송파나루 방면),섬식
S9_9_1155,9호선,송파나루,1F,1,지상 1층,출입구,1번 출입구,교통약자 동선 연결
S9_9_1155,9호선,송파나루,1F,1,지상 1층,출입구,2번 출입구,교통약자 동선 연결
S9_9_1155,9호선,송파나루,1F,1,지상 1층,출입구,3번 출입구,교통약자 동선 연결
S9_9_1155,9호선,송파나루,1F,1,지상 1층,출입구,4번 출입구,교통약자 동선 연결
S9_9_1155,9호선,송파나루,B1,-1,지하 1층,대합실,대합실,
S9_9_1155,9호선,송파나루,B1,-1,지하 1층,개찰구,표 내는 곳,
S9_9_1155,9호선,송파나루,B1,-1,지하 1층,전동휠체어충전설비,전동휠체어충전설비,(B1) 편의점 30M 인근
S9_9_1155,9호선,송파나루,B1,-1,지하 1층,고객센터,고객센터,(B1) 게이트 옆
S9_9_1155,9호선,송파나루,B1,-1,지하 1층,수유실,수유실,(B1) 대합실 개집표기 바깥쪽 10M 인근 벽체
S9_9_1155,9호선,송파나루,B2,-2,지하 2층,승강장,9호선 승강장 (석촌 방면),섬식
S9_9_1155,9호선,송파나루,B2,-2,지하 2층,승강장,9호선 승강장 (한성백제 방면),섬식
S9_9_1156,9호선,한성백제,1F,1,지상 1층,출입구,1번 출입구,교통약자 동선 연결
S9_9_1156,9호선,한성백제,1F,1,지상 1층,출입구,2번 출입구,교통약자 동선 연결
S9_9_1156,9호선,한성백제,1F,1,지상 1층,출입구,4번 출입구,
S9_9_1156,9호선,한성백제,B1,-1,지하 1층,대합실,대합실,
S9_9_1156,9호선,한성백제,B1,-1,지하 1층,개찰구,표 내는 곳,
S9_9_1156,9호선,한성백제,B1,-1,지하 1층,전동휠체어충전설비,전동휠체어충전설비,"(B1) 3,4번 출입구 옆"
S9_9_1156,9호선,한성백제,B1,-1,지하 1층,고객센터,고객센터,(B1) 대합실 2번 출입구 방향
S9_9_1156,9호선,한성백제,B1,-1,지하 1층,수유실,수유실,(B1) 대합실 1번 출입구 방향
S9_9_1156,9호선,한성백제,B2,-2,지하 2층,승강장,9호선 승강장 (송파나루 방면),섬식
S9_9_1156,9호선,한성백제,B2,-2,지하 2층,승강장,9호선 승강장 (올림픽공원 방면),섬식
S9_9_0438,9호선,올림픽공원,1F,1,지상 1층,출입구,4번 출입구,교통약자 동선 연결
S9_9_0438,9호선,올림픽공원,B1,-1,지하 1층,대합실,대합실,
S9_9_0438,9호선,올림픽공원,B1,-1,지하 1층,개찰구,표 내는 곳,
S9_9_0438,9호선,올림픽공원,B1,-1,지하 1층,전동휠체어충전설비,전동휠체어충전설비,(B1) 외부화장실 인근 편의점(GS25) 앞
S9_9_0438,9호선,올림픽공원,B1,-1,지하 1층,고객센터,고객센터,(B1) 대합실 개집표기 옆
S9_9_0438,9호선,올림픽공원,B1,-1,지하 1층,수유실,수유실,(B1) 게이트 내부 고객안전실 바로 옆
S9_9_0438,9호선,올림픽공원,B2,-2,지하 2층,대합실,대합실,
S9_9_0438,9호선,올림픽공원,B2,-2,지하 2층,환승승강장,5호선 승강장 (둔촌동 방면),5호선
S9_9_0438,9호선,올림픽공원,B2,-2,지하 2층,환승승강장,5호선 승강장 (방이 방면),5호선
S9_9_0438,9호선,올림픽공원,B3,-3,지하 3층,승강장,9호선 승강장 (한성백제 방면),섬식
S9_9_0438,9호선,올림픽공원,B3,-3,지하 3층,승강장,9호선 승강장 (둔촌오륜 방면),섬식
S9_9_1157,9호선,둔촌오륜,1F,1,지상 1층,출입구,1번 출입구,교통약자 동선 연결
S9_9_1157,9호선,둔촌오륜,1F,1,지상 1층,출입구,2번 출입구,교통약자 동선 연결
S9_9_1157,9호선,둔촌오륜,B1,-1,지하 1층,대합실,대합실,
S9_9_1157,9호선,둔촌오륜,B1,-1,지하 1층,개찰구,표 내는 곳,
S9_9_1157,9호선,둔촌오륜,B1,-1,지하 1층,고객센터,고객센터,(B1) 대합실 개찰구 안쪽
S9_9_1157,9호선,둔촌오륜,B1,-1,지하 1층,수유실,수유실,(B1) 대합실 개찰구 안쪽 고객안전실 옆
S9_9_1157,9호선,둔촌오륜,B2,-2,지하 2층,승강장,9호선 승강장 (올림픽공원 방면),섬식
S9_9_1157,9호선,둔촌오륜,B2,-2,지하 2층,승강장,9호선 승강장 (중앙보훈병원 방면),섬식
S9_9_1158,9호선,중앙보훈병원,1F,1,지상 1층,출입구,1번 출입구,교통약자 동선 연결
S9_9_1158,9호선,중앙보훈병원,1F,1,지상 1층,출입구,2번 출입구,교통약자 동선 연결
S9_9_1158,9호선,중앙보훈병원,1F,1,지상 1층,출입구,3번 출입구,교통약자 동선 연결
S9_9_1158,9호선,중앙보훈병원,B1,-1,지하 1층,대합실,대합실,
S9_9_1158,9호선,중앙보훈병원,B1,-1,지하 1층,개찰구,표 내는 곳,
S9_9_1158,9호선,중앙보훈병원,B1,-1,지하 1층,전동휠체어충전설비,전동휠체어충전설비,"(B1) 표 내는 곳 안쪽, 1번 출입구 방향"
S9_9_1158,9호선,중앙보훈병원,B1,-1,지하 1층,고객센터,고객센터,"(B1) 표 내는 곳 옆, 3번 출입구 방향"
S9_9_1158,9호선,중앙보훈병원,B1,-1,지하 1층,수유실,수유실,"(B1) 표 내는 곳 앞, 3번 출입구 방향"
S9_9_1158,9호선,중앙보훈병원,B2,-2,지하 2층,승강장,9호선 승강장 (둔촌오륜 방면),섬식
S9_9_1158,9호선,중앙보훈병원,B2,-2,지하 2층,승강장,9호선 승강장 (중앙보훈병원 방면),상대식
