station_id,ln_nm,stin_nm,source,floor_notation,corroborated,from_floor,to_floor,floor_span,direction,conveyance,conveyance_nm,label
KR_1_1370,1호선,연천,move_path,inline,1,1F,2F,1,up,EV,엘리베이터,"1,2번 출입구 지상1층 엘리베이터"
KR_1_1370,1호선,연천,move_path,inline,0,3F,1F,2,down,EV,엘리베이터,인천(전곡)방면 지상3층 엘리베이터
KR_1_1370,1호선,연천,move_path,inline,1,1F,2F,1,up,EV,엘리베이터,3번 출입구 지상1층 엘리베이터
KR_1_1370,1호선,연천,move_path,inline,1,1F,2F,1,up,EV,엘리베이터,4번 출입구 지상1층 엘리베이터
KR_1_1370,1호선,연천,facility_span,,1,2F,1F,1,down,EV,엘리베이터,"[5호기]1,2번출입구"
KR_1_1370,1호선,연천,facility_span,,1,2F,1F,1,down,EV,엘리베이터,[3호기]전철승강장5-1
KR_1_1370,1호선,연천,facility_span,,1,2F,1F,1,down,EV,엘리베이터,[2호기]4번출입구
KR_1_1370,1호선,연천,facility_span,,1,2F,1F,1,down,EV,엘리베이터,[1호기]3번출입구
KR_1_1370,1호선,연천,facility_span,,1,2F,1F,1,down,EV,엘리베이터,[4호기]승강장위치없음(저상홈)
KR_1_1369,1호선,전곡,move_path,inline,1,3F,1F,2,down,EV,엘리베이터,1번 출입구 옆 엘리베이터
KR_1_1369,1호선,전곡,move_path,inline,1,3F,1F,2,down,EV,엘리베이터,2/3번 출입구 옆 엘리베이터
KR_1_1369,1호선,전곡,facility_span,,1,3F,1F,2,down,EV,엘리베이터,"[3호기](1F)연천역방향승강장5-4,청산역방향승강장6-1출입문앞,(3F)표내는곳내5,6호기에스컬레이터앞"
KR_1_1369,1호선,전곡,facility_span,,1,3F,1F,2,down,EV,엘리베이터,[4호기](1F)1번출입구근처옆(3F)대합실내역무실옆
KR_1_1369,1호선,전곡,facility_span,,1,3F,1F,2,down,EV,엘리베이터,[2호기](1F)1번출입구근처옆(3F)대합실내역무실옆
KR_1_1369,1호선,전곡,facility_span,,1,3F,1F,2,down,EV,엘리베이터,"[1호기](1F)1번출입구근처(3F)1번출입구,연결통로,대합실입구"
KR_1_1368,1호선,청산,facility_span,,1,2F,1F,1,down,EV,엘리베이터,"[1호기](1F)게이트안,(2F)하행승강장5-4"
KR_1_1368,1호선,청산,facility_span,,1,2F,1F,1,down,EV,엘리베이터,"[2호기](1F)게이트안,(2F)상행승강장5-4"
KR_1_0324,1호선,소요산,facility_span,,1,2F,1F,1,down,EV,엘리베이터,[1호기](1F)맞이방이동통로3-4출입문앞
KR_1_0158,1호선,동두천,move_path,paren,1,1F,3F,2,up,EV,엘리베이터,1번 출입구 옆 엘리베이터
KR_1_0158,1호선,동두천,move_path,paren,1,3F,1F,2,down,EV,엘리베이터,소요산 방면 엘리베이터
KR_1_0158,1호선,동두천,move_path,paren,1,3F,1F,2,down,EV,엘리베이터,보산 방면 엘리베이터
KR_1_0158,1호선,동두천,move_path,paren,1,1F,3F,2,up,EV,엘리베이터,2번 출입구 옆 엘리베이터
KR_1_0158,1호선,동두천,facility_span,,1,3F,1F,2,down,EV,엘리베이터,[5호기](1F)2번출입구방향
KR_1_0158,1호선,동두천,facility_span,,1,3F,1F,2,down,EV,엘리베이터,"[2호기](1F)1,2번승강장6-3"
KR_1_0158,1호선,동두천,facility_span,,1,3F,1F,2,down,EV,엘리베이터,"[3호기](1F)3,4번승강장5-3"
KR_1_0158,1호선,동두천,facility_span,,1,3F,1F,2,down,EV,엘리베이터,"[4호기](1F)저상홈7번,8번승강장중간"
KR_1_0158,1호선,동두천,facility_span,,1,3F,1F,2,down,EV,엘리베이터,[1호기](1F)1번출입구방향
KR_1_0235,1호선,보산,move_path,paren,1,1F,3F,2,up,EV,엘리베이터,동두천 방면 엘리베이터
KR_1_0235,1호선,보산,move_path,paren,1,1F,3F,2,up,EV,엘리베이터,동두천중앙 방면 엘리베이터
KR_1_0235,1호선,보산,facility_span,,1,3F,1F,2,down,EV,엘리베이터,[2호기](1F)1번출입구앞(2F)맞이방통로앞(3F)소요산행승강장
KR_1_0235,1호선,보산,facility_span,,1,3F,1F,2,down,EV,엘리베이터,[1호기](1F)2번출입구앞(2F)맞이방화장실앞(3F)인천행승강장
KR_1_0159,1호선,동두천중앙,facility_span,,1,3F,1F,2,down,EV,엘리베이터,[2호기](1F)4번출입구방향
KR_1_0159,1호선,동두천중앙,facility_span,,1,3F,1F,2,down,EV,엘리베이터,[1호기](1F)4번출입구방향
KR_1_0538,1호선,지행,move_path,paren,1,1F,2F,1,up,EV,엘리베이터,동두천중앙 방면 엘리베이터(2호기)
KR_1_0538,1호선,지행,move_path,paren,1,1F,2F,1,up,EV,엘리베이터,덕정 방면 엘리베이터(1호기)
KR_1_0538,1호선,지행,facility_span,,1,2F,1F,1,down,EV,엘리베이터,[1호기]4번출구옆
KR_1_0538,1호선,지행,facility_span,,1,2F,1F,1,down,EV,엘리베이터,[2호기]1번출구옆
KR_1_0141,1호선,덕정,facility_span,,1,2F,1F,1,down,EV,엘리베이터,[2호기]1F(1번출입구방향)2F(지행역방향승강장5-3출입문앞)
KR_1_0141,1호선,덕정,facility_span,,1,2F,1F,1,down,EV,엘리베이터,[1호기]1F(1번출입구방향)2F(덕계역방향승강장4-2출입문앞)
KR_1_0139,1호선,덕계,facility_span,,1,2F,1F,1,down,EV,엘리베이터,[1호기](1F)개집표구를지나왼쪽(2F)소요산방면승강장5-3출입문앞
KR_1_0139,1호선,덕계,facility_span,,1,2F,1F,1,down,EV,엘리베이터,[2호기](1F)개집표구를지나왼쪽(2F)인천방면승강장6-2출입문앞
KR_1_0403,1호선,양주,move_path,paren,1,1F,2F,1,up,EV,엘리베이터,덕계 방면 엘리베이터
KR_1_0403,1호선,양주,move_path,paren,1,1F,2F,1,up,EV,엘리베이터,녹양 방면 엘리베이터
KR_1_0403,1호선,양주,facility_span,,1,2F,1F,1,down,EV,엘리베이터,[1호기](1F)표내는곳(2F)상행승강장
KR_1_0403,1호선,양주,facility_span,,1,2F,1F,1,down,EV,엘리베이터,[2호기](1F)표내는곳(2F)하행승강장
KR_1_0118,1호선,녹양,facility_span,,1,2F,1F,1,down,EV,엘리베이터,[1호기](1F)남부게이트옆
KR_1_0118,1호선,녹양,facility_span,,1,2F,1F,1,down,EV,엘리베이터,[2호기](1F)남부소요산계단옆
KR_1_0002,1호선,가능,facility_span,,1,2F,1F,1,down,EV,엘리베이터,[1호기](1F)하행방면남쪽게이트-(2F)녹양역방향승강장6-4출입문앞
KR_1_0002,1호선,가능,facility_span,,1,2F,1F,1,down,EV,엘리베이터,[2호기](1F)상행방면남쪽게이트-(2F)의정부역방향승강장5-1출입문앞
KR_1_0470,1호선,의정부,move_path,paren,1,1F,3F,2,up,EV,엘리베이터,1번 출입구 옆 엘리베이터
KR_1_0470,1호선,의정부,move_path,paren,1,3F,1F,2,down,EV,엘리베이터,가능 방면 엘리베이터
KR_1_0470,1호선,의정부,move_path,paren,1,3F,1F,2,down,EV,엘리베이터,회룡 방면 엘리베이터
KR_1_0470,1호선,의정부,move_path,paren,1,1F,3F,2,up,EV,엘리베이터,3번 출입구 옆 엘리베이터
KR_1_0470,1호선,의정부,move_path,paren,1,1F,3F,2,up,EV,엘리베이터,4번 출입구 옆 엘리베이터
KR_1_0470,1호선,의정부,move_path,paren,1,1F,3F,2,up,EV,엘리베이터,6번 출입구 옆 엘리베이터
KR_1_0470,1호선,의정부,move_path,paren,1,1F,3F,2,up,EV,엘리베이터,7번 출입구 옆 엘리베이터
KR_1_0470,1호선,의정부,facility_span,,1,3F,1F,2,down,EV,엘리베이터,[8호기](1F)가능역방향승강장10-4계단뒤
KR_1_0470,1호선,의정부,facility_span,,1,3F,1F,2,down,EV,엘리베이터,[2호기](1F)가능역방향승강장2-1출입문앞
KR_1_0470,1호선,의정부,facility_span,,1,3F,1F,2,down,EV,엘리베이터,[3호기](1F)회룡역방향승강장10-1출입문앞
KR_1_0470,1호선,의정부,facility_span,,1,3F,1F,2,down,EV,엘리베이터,[6호기](1F)4번출입구방향
KR_1_0470,1호선,의정부,facility_span,,1,3F,1F,2,down,EV,엘리베이터,[7호기](1F)회룡역방향승강장1-1계단뒤
KR_1_0470,1호선,의정부,facility_span,,1,3F,1F,2,down,EV,엘리베이터,[1호기](1F)저상홈
KR_1_0470,1호선,의정부,facility_span,,1,1F,B2,2,down,EV,엘리베이터,[5호기](B2)8번출입구방향
KR_1_0470,1호선,의정부,facility_span,,1,1F,B2,2,down,EV,엘리베이터,[4호기](B2)8번출입구방향
KR_1_0606,1호선,회룡,move_path,paren,1,1F,2F,1,up,EV,엘리베이터,1번 출입구 옆 엘리베이터
KR_1_0606,1호선,회룡,move_path,paren,1,2F,1F,1,down,EV,엘리베이터,의정부 방면 엘리베이터(2호기)
KR_1_0606,1호선,회룡,move_path,paren,1,2F,1F,1,down,EV,엘리베이터,망월사 방면 엘리베이터(1호기)
KR_1_0606,1호선,회룡,move_path,paren,1,1F,2F,1,up,EV,엘리베이터,2번 출입구 옆 엘리베이터
KR_1_0606,1호선,회룡,move_path,paren,1,1F,2F,1,up,EV,엘리베이터,3번 출입구 옆 엘리베이터
KR_1_0606,1호선,회룡,move_path,paren,1,1F,2F,1,up,EV,엘리베이터,대합실 방면 엘리베이터
KR_1_0606,1호선,회룡,move_path,paren,1,2F,1F,1,down,EV,엘리베이터,의정부 방면 엘리베이터
KR_1_0606,1호선,회룡,move_path,paren,1,1F,2F,1,up,EV,엘리베이터,1호선 대합실 방향 엘리베이터
KR_1_0606,1호선,회룡,move_path,,,2F,2F,0,same,PASSAGE,환승통로,표 내는 곳 옆 환승통로 이동
KR_1_0606,1호선,회룡,move_path,paren,0,2F,3F,1,up,EV,엘리베이터,의정부 범골 방면 엘리베이터
KR_1_0606,1호선,회룡,facility_span,,1,3F,1F,2,down,EV,엘리베이터,[3호기](1F)3번출입구북쪽20M지점
KR_1_0606,1호선,회룡,facility_span,,1,3F,1F,2,down,EV,엘리베이터,[2호기](1F)의정부역방향승강장3-4출입문앞
KR_1_0606,1호선,회룡,facility_span,,1,3F,1F,2,down,EV,엘리베이터,[1호기](1F)망월사역방향승강장7-2출입문앞
KR_1_0606,1호선,회룡,facility_span,,1,2F,1F,1,down,EV,엘리베이터,[4호기](1F)5번출입구계단옆
KR_1_0190,1호선,망월사,facility_span,,1,2F,1F,1,down,EV,엘리베이터,[3호기]소요산게이트안쪽
KR_1_0190,1호선,망월사,facility_span,,1,2F,1F,1,down,EV,엘리베이터,[2호기]역무실옆
KR_1_0190,1호선,망월사,facility_span,,1,2F,1F,1,down,EV,엘리베이터,[1호기]화장실옆
KR_1_0190,1호선,망월사,facility_span,,1,2F,1F,1,down,EV,엘리베이터,[4호기]인천게이트안쪽
KR_1_0146,1호선,도봉산,facility_span,,1,2F,1F,1,down,EV,엘리베이터,[5호기](1F)7호선수락산방향승강장2-3출입문앞(2F)표내는곳내7호선환승계단근처
KR_1_0146,1호선,도봉산,facility_span,,1,2F,1F,1,down,EV,엘리베이터,"[3호기](1F)망월사방향승강장9-2출입문앞(2F)표내는곳내1,2번승강장방향계단앞"
KR_1_0146,1호선,도봉산,facility_span,,1,2F,1F,1,down,EV,엘리베이터,[2호기](1F)3번출입구뒤/(2F)3번출입구방향맞이방입구
KR_1_0146,1호선,도봉산,facility_span,,1,2F,1F,1,down,EV,엘리베이터,[1호기](1F)1번출입구뒤/(2F)1번출입구방향맞이방입구
KR_1_0146,1호선,도봉산,facility_span,,1,2F,1F,1,down,EV,엘리베이터,"[4호기](1F)도봉방향승강장2-2출입문앞(2F)표내는곳내3,4번승강장방향계단앞"
KR_1_0145,1호선,도봉,facility_span,,1,2F,1F,1,down,EV,엘리베이터,"[2호기](2F)도봉산방향승강장9-4출입문앞(1F)2,3번출입구근처"
KR_1_0145,1호선,도봉,facility_span,,1,2F,1F,1,down,EV,엘리베이터,"[3호기](2F)방학방향승강장4-4출입문앞(1F)2,3번출입구근처"
KR_1_0145,1호선,도봉,facility_span,,1,2F,1F,1,down,EV,엘리베이터,[1호기](2F)도봉산방향승강장2-1출입문앞(1F)1번출입구옆
KR_1_0220,1호선,방학,move_path,paren,1,1F,2F,1,up,EV,엘리베이터,1번 출입구 근처 엘리베이터
KR_1_0220,1호선,방학,move_path,paren,1,1F,2F,1,up,EV,엘리베이터,3번 출입구 근처 엘리베이터
KR_1_0220,1호선,방학,move_path,paren,1,1F,2F,1,up,EV,엘리베이터,2번 출입구 근처 엘리베이터
KR_1_0220,1호선,방학,facility_span,,1,2F,1F,1,down,EV,엘리베이터,[3호기]상행남부타는곳((2-1앞)
KR_1_0220,1호선,방학,facility_span,,1,2F,1F,1,down,EV,엘리베이터,[4호기]하행남부타는곳(9-4앞)
KR_1_0220,1호선,방학,facility_span,,1,2F,1F,1,down,EV,엘리베이터,[2호기]상행북부타는곳(9-4앞)
KR_1_0220,1호선,방학,facility_span,,1,2F,1F,1,down,EV,엘리베이터,[1호기]하행북부타는곳(2-1앞)
KR_1_0541,1호선,창동,move_path,paren,0,1F,2F,1,up,EV,엘리베이터,1번 출입구 옆 엘리베이터
KR_1_0541,1호선,창동,move_path,,,2F,2F,0,same,PASSAGE,환승통로,이동통로로 이동
KR_1_0541,1호선,창동,move_path,paren,0,2F,1F,1,down,WCLF,휠체어리프트,방학 방면 휠체어리프트
KR_1_0541,1호선,창동,move_path,paren,0,2F,1F,1,down,WCLF,휠체어리프트,녹천 방면 휠체어리프트
KR_1_0541,1호선,창동,move_path,paren,0,1F,2F,1,up,EV,엘리베이터,2번 출입구 옆 엘리베이터
KR_1_0541,1호선,창동,move_path,paren,0,1F,3F,2,up,WCLF,휠체어리프트,이동통로 방향 휠체어리프트
KR_1_0541,1호선,창동,move_path,,,3F,3F,0,same,PASSAGE,환승통로,이동통로로 이동
KR_1_0541,1호선,창동,move_path,paren,0,3F,2F,1,down,WCLF,휠체어리프트,대합실 방향 휠체어리프트
KR_1_0541,1호선,창동,move_path,paren,0,2F,3F,1,up,EV,엘리베이터,4호선 노원 방면 엘리베이터
KR_1_0541,1호선,창동,move_path,paren,0,2F,3F,1,up,EV,엘리베이터,4호선 쌍문 방면 엘리베이터
KR_1_0119,1호선,녹천,facility_span,,1,2F,1F,1,down,EV,엘리베이터,[6호기](1F)3번출입구옆(2F)3번출입구계단앞
KR_1_0119,1호선,녹천,facility_span,,1,2F,1F,1,down,EV,엘리베이터,[2호기](1F)2번출입구옆(2F)맞이방표내는곳앞
KR_1_0119,1호선,녹천,facility_span,,1,2F,1F,1,down,EV,엘리베이터,[1호기](1F)1번출입구옆(2F)맞이방표내는곳앞
KR_1_0119,1호선,녹천,facility_span,,1,2F,1F,1,down,EV,엘리베이터,[8호기](1F)4번출입구옆(2F)4번출입구계단앞
KR_1_0119,1호선,녹천,facility_span,,1,2F,1F,1,down,EV,엘리베이터,[7호기](1F)창동역방향10-4출입문옆(2F)창동역방향승강장계단앞
KR_1_0119,1호선,녹천,facility_span,,1,2F,1F,1,down,EV,엘리베이터,[3호기](1F)월계역방향승강장10-4출입문옆(2F)월계역방향승강장계단앞
KR_1_0119,1호선,녹천,facility_span,,1,2F,1F,1,down,EV,엘리베이터,[5호기](1F)월계역방향승강장1-1출입문옆(2F)월계역방향승강장계단앞
KR_1_0119,1호선,녹천,facility_span,,1,2F,1F,1,down,EV,엘리베이터,[4호기](1F)창동역방향승강장1-1출입문옆(2F)창동역방향승강장계단앞
KR_1_0459,1호선,월계,facility_span,,1,2F,1F,1,down,EV,엘리베이터,[7호기](1F)4번출입구계단뒤(2F)남부맞이방
KR_1_0459,1호선,월계,facility_span,,1,2F,1F,1,down,EV,엘리베이터,"[3호기](1F)1번출입구계단뒤(2F)1번출입구2층계단앞,한내교출입구옆"
KR_1_0459,1호선,월계,facility_span,,1,2F,1F,1,down,EV,엘리베이터,"[2호기](1)소요산방항승강장1-1출입문앞(2)에스컬레이터2호기,소요산방향승강장계단앞"
KR_1_0459,1호선,월계,facility_span,,1,2F,1F,1,down,EV,엘리베이터,"[1호기](1)인천방항승강장10-4출입문앞(2)에스컬레이터1호기,인천방향승강장계단앞"
KR_1_0459,1호선,월계,facility_span,,1,2F,1F,1,down,EV,엘리베이터,"[8호기](1F)인천방항승강장계단뒤(2F)남부맞이방표내는곳,인천방향승강장2층계단옆"
KR_1_0459,1호선,월계,facility_span,,1,2F,1F,1,down,EV,엘리베이터,"[4호기](1F)2번출입구계단근처(2F)2번출입구2층계단앞,1번/2번출입구사이복도"
KR_1_0459,1호선,월계,facility_span,,1,2F,1F,1,down,EV,엘리베이터,"[6호기](1F)소요산방항승강장계단뒤여자화장실맞은편(2F)남부맞이방표내는곳,소요산방향승강장2층계단옆"
KR_1_0459,1호선,월계,facility_span,,1,2F,1F,1,down,EV,엘리베이터,[5호기](1F)3번출입구계단뒤(2F)남부맞이방
KR_1_0065,1호선,광운대,facility_span,,1,1F,B1,1,down,EV,엘리베이터,[1호기]소요산방면4호차옆
KR_1_0300,1호선,석계,move_path,inline,0,B1,2F,2,up,EV,엘리베이터,역 출입구 진입 후 엘리베이터
KR_1_0300,1호선,석계,move_path,,,1F,1F,0,same,PASSAGE,환승통로,6호선 환승통로 이동
KR_1_0300,1호선,석계,move_path,inline,0,1F,B2,2,down,WCLF,휠체어리프트,휠체어리프트 이용 지상 1층으로 이동
KR_1_0300,1호선,석계,move_path,,,B2,B2,0,same,PASSAGE,환승통로,6호선 환승통로 이동
KR_1_0300,1호선,석계,move_path,inline,0,B2,B3,1,down,WCLF,휠체어리프트,휠체어리프트 이용 지하 2층으로 이동
KR_1_0300,1호선,석계,facility_span,,1,1F,B1,1,down,EV,엘리베이터,[1호기]대합실중앙
KR_1_0371,1호선,신이문,facility_span,,1,2F,1F,1,down,EV,엘리베이터,[4호기](1F)5번출입구옆(2F)표내는곳
KR_1_0371,1호선,신이문,facility_span,,1,2F,1F,1,down,EV,엘리베이터,[3호기](1F)3번출입구옆(2F)맞이방
KR_1_0371,1호선,신이문,facility_span,,1,2F,1F,1,down,EV,엘리베이터,[2호기](1F)2번출입구옆(2F)표내는곳
KR_1_0371,1호선,신이문,facility_span,,1,2F,1F,1,down,EV,엘리베이터,[1호기](1F)1번출입구옆(2F)표내는곳
KR_1_0442,1호선,외대앞,move_path,inline,0,1F,2F,1,up,EV,엘리베이터,"3번, 5번출입구 지상 1층 엘리베이터"
KR_1_0604,1호선,회기,move_path,paren,1,1F,2F,1,up,EV,엘리베이터,1번 출입구 옆 엘리베이터
KR_1_0604,1호선,회기,move_path,paren,1,2F,1F,1,down,EV,엘리베이터,1호선 승강장 방향 엘리베이터
KR_1_0604,1호선,회기,move_path,paren,1,1F,2F,1,up,EV,엘리베이터,2번 출입구 옆 엘리베이터
KR_1_0604,1호선,회기,move_path,paren,1,1F,2F,1,up,EV,엘리베이터,대합실 방향 엘리베이터
KR_1_0604,1호선,회기,move_path,paren,1,2F,1F,1,down,EV,엘리베이터,경의중앙선 승강장 방향 엘리베이터
KR_1_0604,1호선,회기,move_path,paren,1,2F,1F,1,down,EV,엘리베이터,경춘선 승강장 방향 엘리베이터
KR_1_0604,1호선,회기,facility_span,,1,2F,1F,1,down,EV,엘리베이터,[1호기]자유통로(2층)<->외부(경희대1번출구)
KR_1_0604,1호선,회기,facility_span,,1,2F,1F,1,down,EV,엘리베이터,[2호기]자유통로(2층)<->외부(삼육대2번출구)
KR_1_0604,1호선,회기,facility_span,,1,2F,1F,1,down,EV,엘리베이터,[3호기]맞이방(2층)<->경원승강장(1층)
KR_1_0604,1호선,회기,facility_span,,1,2F,1F,1,down,EV,엘리베이터,[4호기]맞이방(2층)<->중앙선승강장(1층)
S1_1_0552,1호선,청량리,move_path,inline,1,1F,B2,2,down,EV,엘리베이터,2번 출입구 지상 엘리베이터
S1_1_0552,1호선,청량리,move_path,inline,0,B2,B1,1,up,EV,엘리베이터,내부 엘리베이터
S1_1_0552,1호선,청량리,facility_span,,1,1F,B1,1,down,EV,엘리베이터,[2호기]2번출구측
S1_1_0552,1호선,청량리,facility_span,,1,1F,B2,2,down,EV,엘리베이터,[1호기]6번출구측
S1_1_0512,1호선,제기동,move_path,paren,1,1F,B1,1,down,EV,엘리베이터,1번 출입구 옆 엘리베이터
S1_1_0512,1호선,제기동,move_path,paren,1,B1,B2,1,down,EV,엘리베이터,청량리 방면 엘리베이터
S1_1_0512,1호선,제기동,move_path,paren,1,B1,B2,1,down,EV,엘리베이터,신설동 방면 엘리베이터
S1_1_0512,1호선,제기동,facility_span,,1,1F,B1,1,down,EV,엘리베이터,[3호기]1번출구측
S1_1_0512,1호선,제기동,facility_span,,1,B1,B2,1,down,EV,엘리베이터,[2호기]신설동방면2-1
S1_1_0512,1호선,제기동,facility_span,,1,B1,B2,1,down,EV,엘리베이터,[1호기]청량리방면9-4
S1_1_0367,1호선,신설동,move_path,paren,1,1F,B1,1,down,EV,엘리베이터,2번/3번 출입구 사이 엘리베이터
S1_1_0367,1호선,신설동,move_path,paren,1,B1,B2,1,down,EV,엘리베이터,제기동 방면 엘리베이터
S1_1_0367,1호선,신설동,move_path,paren,1,1F,B1,1,down,EV,엘리베이터,4번/5번 출입구 사이 엘리베이터
S1_1_0367,1호선,신설동,move_path,paren,1,B1,B2,1,down,EV,엘리베이터,동묘앞 방면 엘리베이터
S1_1_0367,1호선,신설동,move_path,paren,1,B2,B1,1,up,EV,엘리베이터,1호선 제기동 방면 대합실 방향 내부 엘리베이터
S1_1_0367,1호선,신설동,move_path,paren,1,B1,1F,1,up,EV,엘리베이터,2번/3번 출입구 사이 외부 엘리베이터
S1_1_0367,1호선,신설동,move_path,paren,0,1F,B2,2,down,EV,엘리베이터,9번 출입구 부근 2호선 용두 방면 엘리베이터
S1_1_0367,1호선,신설동,move_path,paren,1,B2,B1,1,up,EV,엘리베이터,1호선 동묘앞 방면 대합실 방향 내부 엘리베이터
S1_1_0367,1호선,신설동,move_path,paren,1,B1,1F,1,up,EV,엘리베이터,4번/5번 출입구 사이 외부 엘리베이터
S1_1_0367,1호선,신설동,move_path,paren,1,B2,B1,1,up,WCLF,휠체어리프트,대합실 방향 휠체어리프트
S1_1_0367,1호선,신설동,move_path,,,B1,B1,0,same,PASSAGE,환승통로,우이신설선 방향 환승통로로 이동
S1_1_0367,1호선,신설동,move_path,paren,1,B1,B2,1,down,EV,엘리베이터,우이신설선 보문 방면 엘리베이터
S1_1_0367,1호선,신설동,facility_span,,1,1F,B1,1,down,EV,엘리베이터,[3호기]1번출구측
S1_1_0367,1호선,신설동,facility_span,,1,1F,B1,1,down,EV,엘리베이터,"[5호기]4,5번출구사이"
S1_1_0367,1호선,신설동,facility_span,,1,1F,B1,1,down,EV,엘리베이터,"[4호기]2,3번출구사이"
S1_1_0367,1호선,신설동,facility_span,,1,B1,B2,1,down,EV,엘리베이터,[1호기]제기동방면3-4
S1_1_0367,1호선,신설동,facility_span,,1,B1,B2,1,down,EV,엘리베이터,[2호기]동묘앞방면8-1
S1_1_0161,1호선,동묘앞,move_path,paren,1,1F,B1,1,down,EV,엘리베이터,승강장 방향 엘리베이터
S1_1_0161,1호선,동묘앞,move_path,paren,1,B1,B2,1,down,EV,엘리베이터,이동통로 방향 엘리베이터
S1_1_0161,1호선,동묘앞,move_path,,,B2,B2,0,same,PASSAGE,환승통로,이동통로로 이동
S1_1_0161,1호선,동묘앞,move_path,paren,1,B2,B1,1,up,EV,엘리베이터,동대문 방면 엘리베이터
S1_1_0161,1호선,동묘앞,move_path,paren,1,1F,B1,1,down,EV,엘리베이터,3번 출입구 옆 엘리베이터
S1_1_0161,1호선,동묘앞,move_path,paren,1,B2,B1,1,up,EV,엘리베이터,신설동 방면 엘리베이터
S1_1_0161,1호선,동묘앞,move_path,,,B2,B2,0,same,PASSAGE,환승통로,환승통로로 이동
S1_1_0161,1호선,동묘앞,move_path,paren,0,B2,B3,1,down,EV,엘리베이터,6호선 승강장 방향 엘리베이터
S1_1_0161,1호선,동묘앞,facility_span,,1,4F,B1,4,down,EV,엘리베이터,[1호기]신설동방면6-2
S1_1_0161,1호선,동묘앞,facility_span,,1,3F,2F,1,down,EV,엘리베이터,[1호기](B1-F4)본관건물(상)6-2
S1_1_0161,1호선,동묘앞,facility_span,,1,2F,1F,1,down,EV,엘리베이터,[1호기](B1-F4)본관건물(상)6-2
S1_1_0161,1호선,동묘앞,facility_span,,1,1F,B1,1,down,EV,엘리베이터,"[6호기]1,10번출구사이"
S1_1_0161,1호선,동묘앞,facility_span,,1,1F,B1,1,down,EV,엘리베이터,[7호기]3번출구측
S1_1_0161,1호선,동묘앞,facility_span,,1,B1,B2,1,down,EV,엘리베이터,[3호기]신설동방면4-8
S1_1_0161,1호선,동묘앞,facility_span,,1,B1,B2,1,down,EV,엘리베이터,[5호기]동대문(1)방면1-2
S1_1_0161,1호선,동묘앞,facility_span,,1,B1,B2,1,down,EV,엘리베이터,[4호기]동대문(1)방면7-3
S1_1_0161,1호선,동묘앞,facility_span,,1,B1,B2,1,down,EV,엘리베이터,[2호기]신설동방면10-3
S1_1_0155,1호선,동대문,move_path,inline,1,B1,B2,1,down,EV,엘리베이터,1번 출입구 근처 엘리베이터
S1_1_0155,1호선,동대문,move_path,inline,1,B1,B2,1,down,EV,엘리베이터,종로5가 방면 엘리베이터
S1_1_0155,1호선,동대문,move_path,,,B1,B1,0,same,PASSAGE,환승통로,환승통로 이용
S1_1_0155,1호선,동대문,move_path,inline,0,B1,B4,3,down,EV,엘리베이터,엘리베이터
S1_1_0155,1호선,동대문,facility_span,,1,1F,B1,1,down,EV,엘리베이터,[3호기]6번출구측
S1_1_0155,1호선,동대문,facility_span,,1,B1,B2,1,down,EV,엘리베이터,[1호기]동묘앞방면10-4
S1_1_0155,1호선,동대문,facility_span,,1,B1,B2,1,down,EV,엘리베이터,[2호기]종로5가방면2-1
S1_1_0517,1호선,종로5가,move_path,paren,1,1F,B1,1,down,EV,엘리베이터,8번 출입구 옆 엘리베이터
S1_1_0517,1호선,종로5가,move_path,paren,1,B1,B2,1,down,EV,엘리베이터,동대문 방면 엘리베이터
S1_1_0517,1호선,종로5가,move_path,paren,1,B1,B2,1,down,EV,엘리베이터,종로3가 방면 엘리베이터
S1_1_0517,1호선,종로5가,facility_span,,1,1F,B1,1,down,EV,엘리베이터,"[3호기]8,9번(지하상가)출구사이"
S1_1_0517,1호선,종로5가,facility_span,,1,B1,B2,1,down,EV,엘리베이터,[2호기]종로3가방면3-2
S1_1_0517,1호선,종로5가,facility_span,,1,B1,B2,1,down,EV,엘리베이터,[1호기]동대문(1)방면8-3
S1_1_0515,1호선,종로3가,move_path,paren,1,1F,B1,1,down,EV,엘리베이터,2-1번 출입구 옆 엘리베이터
S1_1_0515,1호선,종로3가,move_path,paren,1,B1,B2,1,down,EV,엘리베이터,종로5가 방면 엘리베이터
S1_1_0515,1호선,종로3가,move_path,paren,1,B1,B2,1,down,EV,엘리베이터,종각 방면 엘리베이터
S1_1_0515,1호선,종로3가,move_path,paren,1,1F,B1,1,down,EV,엘리베이터,12번 출입구 옆 엘리베이터
S1_1_0515,1호선,종로3가,move_path,,,B2,B2,0,same,PASSAGE,환승통로,3호선 대합실 방향 환승통로로 이동
S1_1_0515,1호선,종로3가,move_path,paren,0,B2,B4,2,down,EV,엘리베이터,3호선 승강장 방향 엘리베이터
S1_1_0515,1호선,종로3가,move_path,paren,1,B2,B1,1,up,EV,엘리베이터,1호선 대합실 방향 엘리베이터
S1_1_0515,1호선,종로3가,move_path,paren,0,B2,B3,1,down,EV,엘리베이터,3호선 승강장 방향 엘리베이터
S1_1_0515,1호선,종로3가,move_path,,,B3,B3,0,same,PASSAGE,환승통로,5호선 대합실 방향 환승통로로 이동
S1_1_0515,1호선,종로3가,move_path,paren,0,B3,B4,1,down,EV,엘리베이터,5호선 환승 엘리베이터
S1_1_0515,1호선,종로3가,move_path,paren,0,B4,B5,1,down,EV,엘리베이터,승강장 방향 엘리베이터
S1_1_0515,1호선,종로3가,facility_span,,1,1F,B1,1,down,EV,엘리베이터,"[3호기]12,13번출구사이"
S1_1_0515,1호선,종로3가,facility_span,,1,B1,B2,1,down,EV,엘리베이터,[2호기]종각방면6-4
S1_1_0515,1호선,종로3가,facility_span,,1,B1,B2,1,down,EV,엘리베이터,[1호기]종로5가방면5-1
S1_1_0514,1호선,종각,move_path,paren,1,1F,B1,1,down,EV,엘리베이터,1번 출입구 옆 엘리베이터
S1_1_0514,1호선,종각,move_path,paren,1,B1,B2,1,down,EV,엘리베이터,종로3가 방면 엘리베이터
S1_1_0514,1호선,종각,move_path,paren,1,B1,B2,1,down,EV,엘리베이터,시청 방면 엘리베이터
S1_1_0514,1호선,종각,move_path,paren,1,1F,B1,1,down,EV,엘리베이터,3번 출입구 옆 엘리베이터
S1_1_0514,1호선,종각,facility_span,,1,1F,B1,1,down,EV,엘리베이터,[4호기]1번출구측
S1_1_0514,1호선,종각,facility_span,,1,1F,B1,1,down,EV,엘리베이터,[3호기]3번출구측
S1_1_0514,1호선,종각,facility_span,,1,B1,B2,1,down,EV,엘리베이터,[2호기]시청방면4-4
S1_1_0514,1호선,종각,facility_span,,1,B1,B2,1,down,EV,엘리베이터,[1호기]종로3가방면6-4
S1_1_0347,1호선,시청,move_path,inline,1,B1,B2,1,down,EV,엘리베이터,3번 출입구 근처 개집표기 통과 후 엘리베이터
S1_1_0347,1호선,시청,move_path,inline,1,B1,B2,1,down,EV,엘리베이터,고객안전실 근처 개집표기 통과 후 엘리베이터
S1_1_0347,1호선,시청,move_path,inline,1,B1,B2,1,down,EV,엘리베이터,개집표기 통과 후 엘리베이터
S1_1_0347,1호선,시청,move_path,,,B2,B2,0,same,PASSAGE,환승통로,환승통로 이동
S1_1_0347,1호선,시청,move_path,inline,0,B2,B3,1,down,EV,엘리베이터,엘리베이터
S1_1_0347,1호선,시청,facility_span,,1,1F,B1,1,down,EV,엘리베이터,"[3호기]1,2번출구사이"
S1_1_0347,1호선,시청,facility_span,,1,B1,B2,1,down,EV,엘리베이터,[2호기]서울역방면8-3
S1_1_0347,1호선,시청,facility_span,,1,B1,B2,1,down,EV,엘리베이터,[1호기]종각방면3-2
S1_1_0296,1호선,서울역,move_path,paren,1,1F,B1,1,down,EV,엘리베이터,1번 출입구 옆 엘리베이터
S1_1_0296,1호선,서울역,move_path,paren,1,B1,B2,1,down,EV,엘리베이터,1호선 승강장 방향 엘리베이터
S1_1_0296,1호선,서울역,move_path,paren,1,1F,B1,1,down,EV,엘리베이터,2번 출입구 옆 엘리베이터
S1_1_0296,1호선,서울역,move_path,paren,1,1F,B1,1,down,EV,엘리베이터,3번 출입구 옆 엘리베이터
S1_1_0296,1호선,서울역,move_path,paren,1,1F,B1,1,down,EV,엘리베이터,4번 출입구 옆 엘리베이터
S1_1_0296,1호선,서울역,move_path,paren,0,B2,1F,2,up,EV,엘리베이터,시청방면 승강장 4-4 부근 승강장 엘리베이터
S1_1_0296,1호선,서울역,move_path,paren,0,2F,1F,1,down,EV,엘리베이터,경의중앙선 역사에서 승강장 엘리베이터
S1_1_0296,1호선,서울역,move_path,paren,0,B2,1F,2,up,EV,엘리베이터,남영방면 승강장 7-1 부근 승강장 엘리베이터
S1_1_0296,1호선,서울역,move_path,paren,1,B2,B1,1,up,EV,엘리베이터,대합실 방향 엘리베이터
S1_1_0296,1호선,서울역,move_path,paren,0,2F,B3,4,down,EV,엘리베이터,공항철도 엘리베이터
S1_1_0296,1호선,서울역,move_path,paren,0,B3,B7,4,down,EV,엘리베이터,공항철도 공덕 방면 엘리베이터
S1_1_0296,1호선,서울역,facility_span,,1,1F,B1,1,down,EV,엘리베이터,[2호기]2번출구측
S1_1_0296,1호선,서울역,facility_span,,1,1F,B1,1,down,EV,엘리베이터,[4호기]3번출구측
S1_1_0296,1호선,서울역,facility_span,,1,1F,B1,1,down,EV,엘리베이터,[3호기]4번출구측
S1_1_0296,1호선,서울역,facility_span,,1,B1,B2,1,down,EV,엘리베이터,[1호기]시청방면5-1
KR_1_0108,1호선,남영,move_path,paren,0,1F,2F,1,up,WCLF,휠체어리프트,승강장 방향 휠체어리프트
KR_1_0447,1호선,용산,facility_span,,1,3F,1F,2,down,EV,엘리베이터,[3호기]1F(노량진역방향승강장4-3앞)3F(전철출입게이트앞)
KR_1_0447,1호선,용산,facility_span,,1,3F,1F,2,down,EV,엘리베이터,[4호기]1F(남영역방향승강장5-1앞)3F(전철출입게이트앞)
KR_1_0114,1호선,노량진,facility_span,,1,3F,1F,2,down,EV,엘리베이터,[1호기]2번출입구에스컬레이터옆
KR_1_0114,1호선,노량진,facility_span,,1,1F,B1,1,down,EV,엘리베이터,[2호기]9번출입구계단옆
KR_1_0132,1호선,대방,facility_span,,1,2F,1F,1,down,EV,엘리베이터,[3호기](F1)맞이방에서(F2)1번승강장
KR_1_0132,1호선,대방,facility_span,,1,2F,1F,1,down,EV,엘리베이터,[5호기](F1)맞이방에서(F2)4번승강장
KR_1_0132,1호선,대방,facility_span,,1,2F,1F,1,down,EV,엘리베이터,"[4호기](F1)맞이방에서(F2)2,3번승강장"
KR_1_0132,1호선,대방,facility_span,,1,1F,B1,1,down,EV,엘리베이터,[2호기](F1)맞이방에서(B1)자유통로
KR_1_0132,1호선,대방,facility_span,,1,1F,B1,1,down,EV,엘리베이터,[1호기](F1)외부에서(B1)자유통로
KR_1_0351,1호선,신길,move_path,,,B1,B1,0,same,PASSAGE,환승통로,지하1층 이동 후 환승통로 이용
KR_1_0351,1호선,신길,facility_span,,1,1F,B1,1,down,EV,엘리베이터,[3호기](1B)지하환승통로2*3번승강장입구(1F)3번승강장3-4타는곳
KR_1_0351,1호선,신길,facility_span,,1,1F,B1,1,down,EV,엘리베이터,[2호기](1B)지하환승통로1번승강장입구(1F)1번승강장3-1타는곳
KR_1_0351,1호선,신길,facility_span,,1,1F,B1,1,down,EV,엘리베이터,[4호기](1B)지하환승통로4번승강장입구(1F)4번승강장8-1타는곳
KR_1_0420,1호선,영등포,facility_span,,1,3F,1F,2,down,EV,엘리베이터,[5호기](3F)맞이방(1F)용산역방향(기차)승강장
KR_1_0420,1호선,영등포,facility_span,,1,3F,1F,2,down,EV,엘리베이터,[12호기](3F)전철맞이방화장실옆(1F)롯데백화점옆
KR_1_0420,1호선,영등포,facility_span,,1,3F,1F,2,down,EV,엘리베이터,"[7호기](3F)이동통로>맞이방(1F)1,2번출구근처"
KR_1_0420,1호선,영등포,facility_span,,1,3F,1F,2,down,EV,엘리베이터,[6호기](3F)맞이방(1F)수원역방향(기차)승강장
KR_1_0420,1호선,영등포,facility_span,,1,3F,B5,7,down,EV,엘리베이터,"[1호기](B5,B4,B3,B2,B1,1F,2F,3F)내부직원이동용"
KR_1_0420,1호선,영등포,facility_span,,1,3F,1F,2,down,EV,엘리베이터,"[4호기](3F)표내는곳내신도림역방향4번,5번승강장방면(1F)신도림역방향4번,5번승강장"
KR_1_0420,1호선,영등포,facility_span,,1,3F,1F,2,down,EV,엘리베이터,"[3호기](3F)표내는곳내신도림역방향2번,신길역방향3번승강장방면(1F)신도림역방향2번,신길역방향3번승강장"
KR_1_0420,1호선,영등포,facility_span,,1,3F,1F,2,down,EV,엘리베이터,[2호기](3F)표내는곳내신길역방향1번승강장방면(1F)신길역방향1번승강장
KR_1_0420,1호선,영등포,facility_span,,1,2F,1F,1,down,EV,엘리베이터,"[1호기](B5, B4, B3, B2, B1, 1F, 2F, 3F) 내부 직원 이동용"
KR_1_0420,1호선,영등포,facility_span,,1,1F,B1,1,down,EV,엘리베이터,"[1호기](B5, B4, B3, B2, B1, 1F, 2F, 3F) 내부 직원 이동용"
KR_1_0420,1호선,영등포,facility_span,,1,B1,B2,1,down,EV,엘리베이터,"[1호기](B5, B4, B3, B2, B1, 1F, 2F, 3F) 내부 직원 이동용"
KR_1_0420,1호선,영등포,facility_span,,1,B2,B3,1,down,EV,엘리베이터,"[1호기](B5, B4, B3, B2, B1, 1F, 2F, 3F) 내부 직원 이동용"
KR_1_0420,1호선,영등포,facility_span,,1,B3,B4,1,down,EV,엘리베이터,"[1호기](B5, B4, B3, B2, B1, 1F, 2F, 3F) 내부 직원 이동용"
KR_1_0420,1호선,영등포,facility_span,,1,1F,B1,1,down,EV,엘리베이터,[11호기](1F)3번출입구(B1)맞이방
KR_1_0420,1호선,영등포,facility_span,,1,1F,B1,1,down,EV,엘리베이터,"[9호기](1F)신도림역방향2번,신길역방향3번승강장(B1)표내는곳내이동통로"
KR_1_0420,1호선,영등포,facility_span,,1,1F,B1,1,down,EV,엘리베이터,[10호기](1F)신길역방향1번승강장(B1)표내는곳내이동통로
KR_1_0420,1호선,영등포,facility_span,,1,1F,B1,1,down,EV,엘리베이터,"[8호기](1F)신도림역방향4번,5번승강장(B1)표내는곳내이동통로"
KR_1_0359,1호선,신도림,move_path,paren,1,1F,2F,1,up,EV,엘리베이터,4번 출입구 근처 지상 1층 엘리베이터
KR_1_0359,1호선,신도림,move_path,,,B1,B1,0,same,PASSAGE,환승통로,대림방면 환승통로 이용
KR_1_0359,1호선,신도림,move_path,inline,0,B1,B2,1,down,EV,엘리베이터,4번칸 근처 엘리베이터
KR_1_0359,1호선,신도림,move_path,inline,0,B1,B2,1,down,EV,엘리베이터,2번칸 근처 엘리베이터
KR_1_0359,1호선,신도림,facility_span,,1,3F,B1,3,down,EV,엘리베이터,"[3호기](B1)-지하환승통로3번승강장영등포방면올라가는계단앞위치(1층)-동인천행열차출입문4-2위치(2층)-맞이방역무실,화장실방면"
KR_1_0359,1호선,신도림,facility_span,,1,2F,1F,1,down,EV,엘리베이터,"[3호기](B1)- 지하환승통로 3번승강장 영등포방면 올라가는 계단 앞위치
(1층)-동인천행 열차 출입문 4-2위치
(2층)-맞이방 역무실,화장실 방면"
KR_1_0359,1호선,신도림,facility_span,,1,2F,1F,1,down,EV,엘리베이터,[4호기](1층)-4번출입구계단및에스컬레이터뒤쪽
KR_1_0359,1호선,신도림,facility_span,,1,2F,B2,3,down,EV,엘리베이터,"[1호기](B2)까치산방면열차출입문1-2위치(B1)-1번승강장환승계단안쪽구석에위치(1층)-영등포역가는방면(상행)출입문4-3(2층)-5,6번출입구방면키즈카페앞위치"
KR_1_0359,1호선,신도림,facility_span,,1,2F,B1,2,down,EV,엘리베이터,"[2호기](B1)-지하환승통로2번승강장올라가는계단양쪽사이중앙에위치(1층)-구로역방면/인천,천안방면열차출입문4-3위치(2층)-맞이방자동발매기옆위치"
KR_1_0359,1호선,신도림,facility_span,,1,1F,B1,1,down,EV,엘리베이터,"[1호기](B2) 까치산방면 출입문 1-2 위치
(B1) 1번승강장 환승계단 안쪽 구석에 위치
(1F) 영등포역 방면(상행) 출입문 4-3
(2F) 5,6번출입구 키즈카페 앞 위치"
KR_1_0069,1호선,구로,move_path,paren,1,1F,3F,2,up,EV,엘리베이터,1번 출입구 옆 엘리베이터
KR_1_0069,1호선,구로,move_path,paren,1,3F,1F,2,down,EV,엘리베이터,신도림 방면(1번승강장) 엘리베이터(3호기)
KR_1_0069,1호선,구로,move_path,paren,1,3F,1F,2,down,EV,엘리베이터,신도림 방면(2번승강장) 엘리베이터(4호기)
KR_1_0069,1호선,구로,move_path,paren,1,3F,1F,2,down,EV,엘리베이터,가산디지털단지 방면 엘리베이터(4호기)
KR_1_0069,1호선,구로,move_path,paren,1,3F,1F,2,down,EV,엘리베이터,인천 방면 엘리베이터(5호기)
KR_1_0069,1호선,구로,move_path,paren,1,3F,1F,2,down,EV,엘리베이터,영등포 방면 엘리베이터(5호기)
KR_1_0069,1호선,구로,move_path,paren,1,3F,1F,2,down,EV,엘리베이터,용산(특급/급행) 방면 엘리베이터(6호기)
KR_1_0069,1호선,구로,move_path,paren,1,3F,1F,2,down,EV,엘리베이터,구로시발 방면 엘리베이터(6호기)
KR_1_0069,1호선,구로,move_path,paren,1,3F,1F,2,down,EV,엘리베이터,동인천(특급/급행) 방면 엘리베이터(7호기)
KR_1_0069,1호선,구로,move_path,paren,1,3F,1F,2,down,EV,엘리베이터,광명(셔틀)KTX 방면 엘리베이터(7호기)
KR_1_0069,1호선,구로,move_path,paren,1,1F,3F,2,up,EV,엘리베이터,3번 출입구 옆 엘리베이터
KR_1_0069,1호선,구로,facility_span,,1,3F,1F,2,down,EV,엘리베이터,"[7호기]환승통로8,9번승강장"
KR_1_0069,1호선,구로,facility_span,,1,3F,1F,2,down,EV,엘리베이터,"[6호기]환승통로6,7번승강장"
KR_1_0069,1호선,구로,facility_span,,1,3F,1F,2,down,EV,엘리베이터,"[5호기]환승통로4,5번승강장"
KR_1_0069,1호선,구로,facility_span,,1,3F,1F,2,down,EV,엘리베이터,"[4호기]환승통로2,3번승강장"
KR_1_0069,1호선,구로,facility_span,,1,3F,1F,2,down,EV,엘리베이터,[3호기]환승통로1번승강장
KR_1_0069,1호선,구로,facility_span,,1,3F,1F,2,down,EV,엘리베이터,[2호기]3번출입구옆
KR_1_0069,1호선,구로,facility_span,,1,3F,1F,2,down,EV,엘리베이터,[1호기]1번출구옆
KR_1_0077,1호선,구일,facility_span,,1,2F,1F,1,down,EV,엘리베이터,"[1호기](1F)2번출입구,맞이방,구로방면승강장(1번홈)앞(2F)인천방면승강장(4번홈),중선방향(2,3번홈)"
KR_1_0077,1호선,구일,facility_span,,1,2F,1F,1,down,EV,엘리베이터,"[2호기](1F)구로,인천방면승강장(2,3번홈)(2F)연결통로,구로방면승강장(1번홈),인천방면승강장(4번홈),2번출구방면"
KR_1_0077,1호선,구일,facility_span,,1,2F,1F,1,down,EV,엘리베이터,"[3호기](1F)인천방면승강장(4번홈),1번출구방면(2F)연결통로,구로방면승강장(1번홈),2번출구방면"
KR_1_0026,1호선,개봉,facility_span,,1,2F,1F,1,down,EV,엘리베이터,[3호기](2F)구일방향표내는곳내부(1F)상행승강장5-2
KR_1_0026,1호선,개봉,facility_span,,1,2F,1F,1,down,EV,엘리베이터,[4호기](2F)오류동방향표내는곳내부(1F)하행승강장6-2
KR_1_0026,1호선,개봉,facility_span,,1,2F,1F,1,down,EV,엘리베이터,[2호기](2F)맞이방(1F)1번출입구옆
KR_1_0026,1호선,개봉,facility_span,,1,2F,1F,1,down,EV,엘리베이터,[1호기](2F)맞이방(1F)2번출입구옆
KR_1_0427,1호선,오류동,facility_span,,1,2F,1F,1,down,EV,엘리베이터,[3호기](1F)개봉방향5-1출입문앞(2F)맞이방표내는곳안
KR_1_0427,1호선,오류동,facility_span,,1,2F,1F,1,down,EV,엘리베이터,[4호기](1F)온수방향6-2출입문앞(2F)맞이방표내는곳안
KR_1_0427,1호선,오류동,facility_span,,1,2F,1F,1,down,EV,엘리베이터,[2호기](1F)1번출입구옆(2F)이동통로
KR_1_0427,1호선,오류동,facility_span,,1,2F,1F,1,down,EV,엘리베이터,[1호기](1F)3번출입구옆(2F)이동통로
KR_1_0435,1호선,온수,move_path,inline,1,2F,1F,1,down,EV,엘리베이터,1번 출입구 근처 엘리베이터
KR_1_0435,1호선,온수,move_path,inline,1,2F,1F,1,down,EV,엘리베이터,7번8번 출입구 근처 엘리베이터
KR_1_0435,1호선,온수,move_path,inline,1,2F,1F,1,down,EV,엘리베이터,3번칸 근처 엘리베이터 이용 지상2층 이동
KR_1_0435,1호선,온수,move_path,inline,0,1F,B1,1,down,EV,엘리베이터,지상1층 3번출입구 근처 엘리베이터
KR_1_0435,1호선,온수,move_path,inline,0,B1,B2,1,down,EV,엘리베이터,개집표기 안쪽 까치울 방면 엘리베이터
KR_1_0435,1호선,온수,move_path,inline,1,2F,1F,1,down,EV,엘리베이터,7번칸 근처 엘리베이터 이용 지상2층 이동
KR_1_0435,1호선,온수,move_path,inline,0,B1,B2,1,down,EV,엘리베이터,개집표기 안쪽 천왕 방면 엘리베이터
KR_1_0435,1호선,온수,facility_span,,1,2F,1F,1,down,EV,엘리베이터,"[1호기](1F)1,3번출입구사이엘리베이터,1,3번출입구사이"
KR_1_0435,1호선,온수,facility_span,,1,2F,1F,1,down,EV,엘리베이터,"[4호기](1F)역곡역방향승강장7-3출입문앞,서울방향인천계단"
KR_1_0435,1호선,온수,facility_span,,1,2F,1F,1,down,EV,엘리베이터,"[3호기](1F)오류동역방향승강장3-3출입문앞,서울방향서울계단"
KR_1_0435,1호선,온수,facility_span,,1,2F,1F,1,down,EV,엘리베이터,"[2호기](1F)7,8번출입구사이엘리베이터,역무실옆"
KR_1_0414,1호선,역곡,facility_span,,1,2F,1F,1,down,EV,엘리베이터,[3호기](1F)온수역방향승강장6-4옆(2F)표내는곳내계단옆
KR_1_0414,1호선,역곡,facility_span,,1,2F,1F,1,down,EV,엘리베이터,[4호기](1F)2번출입구옆(2F)고객맞이방근처
KR_1_0414,1호선,역곡,facility_span,,1,2F,1F,1,down,EV,엘리베이터,[2호기](1F)소사역방향승강장4-4옆(2F)표내는곳내계단옆
KR_1_0414,1호선,역곡,facility_span,,1,2F,1F,1,down,EV,엘리베이터,[1호기](1F)2번출입구옆(2F)고객맞이방앞
KR_1_0323,1호선,소사,facility_span,,1,3F,2F,1,down,EV,엘리베이터,[3호기](2F)1번출구계단옆(3F)소사역지구대방향보행로
KR_1_0323,1호선,소사,facility_span,,1,3F,2F,1,down,EV,엘리베이터,[2호기](2F)고객맞이방표내는곳옆(3F)부천역방향승강장5-2출입문앞
KR_1_0323,1호선,소사,facility_span,,1,3F,2F,1,down,EV,엘리베이터,[1호기](2F)고객맞이방역무실옆(3F)역곡역방향승강장6-3출입문앞
KR_1_0246,1호선,부천,facility_span,,1,3F,B1,3,down,EV,엘리베이터,[2호기](B1)부천역지하서부표내는곳앞(1F)중동역방향승강장3-4출입문앞(3F)부천역맞이방
KR_1_0246,1호선,부천,facility_span,,1,3F,B1,3,down,EV,엘리베이터,[1호기](B1)부천역지하서부표내는곳앞(1F)소사역방향승강장8-1출입문앞(3F)부천역맞이방
KR_1_0246,1호선,부천,facility_span,,1,2F,1F,1,down,EV,엘리베이터,"[2호기](B1)부천역 지하 서부 표내는 곳 앞
 (1F) 중동역 방향 승강장 3-4 출입문 앞
(3F)부천역 맞이방"
KR_1_0246,1호선,부천,facility_span,,1,2F,1F,1,down,EV,엘리베이터,"[1호기](B1)부천역 지하 서부 표내는 곳 앞 
(1F) 소사역 방향 승강장 8-1 출입문 앞
(3F)부천역 맞이방"
KR_1_0246,1호선,부천,facility_span,,1,1F,B1,1,down,EV,엘리베이터,[4호기](B1)부천역지하동부표내는곳앞(1F)중동역방향승강장9-4출입문앞
KR_1_0246,1호선,부천,facility_span,,1,1F,B1,1,down,EV,엘리베이터,[3호기](B1)부천역지하동부표내는곳앞(1F)소사역방향승강장2-1출입문앞
KR_1_0526,1호선,중동,facility_span,,1,2F,1F,1,down,EV,엘리베이터,[3호기](1F)하행승강장3-4(2F)인천방면게이트
KR_1_0526,1호선,중동,facility_span,,1,2F,1F,1,down,EV,엘리베이터,[4호기](1F)상행승강장8-1(2F)인천방면게이트
KR_1_0526,1호선,중동,facility_span,,1,2F,1F,1,down,EV,엘리베이터,[2호기](1F)1번출구남광장(2F)대합실
KR_1_0526,1호선,중동,facility_span,,1,2F,1F,1,down,EV,엘리베이터,[1호기](1F)2번출구북광장(2F)대합실
KR_1_0327,1호선,송내,facility_span,,1,2F,1F,1,down,EV,엘리베이터,[5호기](1F)3번출입구근처(2F)버스환승센터A정류장근처
KR_1_0327,1호선,송내,facility_span,,1,2F,1F,1,down,EV,엘리베이터,[4호기](1F)2번출입구근처(2F)맞이방버스환승센터출입구
KR_1_0327,1호선,송내,facility_span,,1,2F,1F,1,down,EV,엘리베이터,"[3호기](1F)중동역방향승강장4-2출입문앞(2F)맞이방,중동역방향표내는곳안쪽"
KR_1_0327,1호선,송내,facility_span,,1,2F,1F,1,down,EV,엘리베이터,"[2호기](1F)부개역방향승강장7-3출입문앞(2F)맞이방,중동역방향표내는곳안쪽"
KR_1_0327,1호선,송내,facility_span,,1,2F,1F,1,down,EV,엘리베이터,"[1호기](1F)1번출입구근처(2F)맞이방,자유통로"
KR_1_0244,1호선,부개,facility_span,,1,2F,1F,1,down,EV,엘리베이터,[3호기](1F)1번출입구근처(F2)맞이방화장실옆
KR_1_0244,1호선,부개,facility_span,,1,2F,1F,1,down,EV,엘리베이터,[4호기](1F)2번출입구근처(F2)맞이방마성떡볶이옆
KR_1_0244,1호선,부개,facility_span,,1,2F,1F,1,down,EV,엘리베이터,[2호기](1F)송내역방향승강장5-1출입문앞(2F)맞이방상행계단옆
KR_1_0244,1호선,부개,facility_span,,1,2F,1F,1,down,EV,엘리베이터,[1호기](1F)부평역방향승강장6-3출입문앞(2F)맞이방하행계단옆
KR_1_0249,1호선,부평,move_path,inline,1,B1,1F,1,up,WCLF,휠체어리프트,휠치어리프트 이용 지하1층 이동
KR_1_0249,1호선,부평,move_path,,,B1,B1,0,same,PASSAGE,환승통로,환승통로 이용
KR_1_0249,1호선,부평,move_path,inline,0,B1,B4,3,down,EV,엘리베이터,5번출입구 근처 동수방면 엘리베이터
KR_1_0249,1호선,부평,move_path,inline,0,B1,B4,3,down,EV,엘리베이터,5번출입구 근처 부평시장방면 엘리베이터
KR_1_0249,1호선,부평,facility_span,,1,2F,1F,1,down,EV,엘리베이터,"[1호기](2F)2,3번출입구옆(1F)상행승강장"
KR_1_0249,1호선,부평,facility_span,,1,2F,1F,1,down,EV,엘리베이터,"[2호기](2F)2,3번출입구옆(1F)하행승강장"
KR_1_0249,1호선,부평,facility_span,,1,1F,B1,1,down,EV,엘리베이터,[3호기](1F)하행승강장(B!)인천1호선환승통로
KR_1_0249,1호선,부평,facility_span,,1,1F,B1,1,down,EV,엘리베이터,[4호기](1F)1번출입구옆(B!)인천1호선환승통로
KR_1_0226,1호선,백운,facility_span,,1,2F,1F,1,down,EV,엘리베이터,[3호기](1F)동암역방향승강장9-2출입문옆(2F)표내는곳
KR_1_0226,1호선,백운,facility_span,,1,2F,1F,1,down,EV,엘리베이터,[4호기](1F)1번출입구옆(2F)맞이방
KR_1_0226,1호선,백운,facility_span,,1,2F,1F,1,down,EV,엘리베이터,[2호기](1F)부평역방향승강장2-3출입문옆(2F)표내는곳
KR_1_0226,1호선,백운,facility_span,,1,2F,1F,1,down,EV,엘리베이터,[1호기](1F)2번출입구옆(2F)맞이방
KR_1_0164,1호선,동암,facility_span,,1,2F,1F,1,down,EV,엘리베이터,[3호기]1층맞이방
KR_1_0164,1호선,동암,facility_span,,1,2F,1F,1,down,EV,엘리베이터,[2호기]1층맞이방
KR_1_0164,1호선,동암,facility_span,,1,2F,1F,1,down,EV,엘리베이터,[1호기]1층1번출입구옆
KR_1_0013,1호선,간석,facility_span,,1,2F,1F,1,down,EV,엘리베이터,"[3호기](1F)2번출입구북광장계단옆,(2F)자유통로(맞이방)"
KR_1_0013,1호선,간석,facility_span,,1,2F,1F,1,down,EV,엘리베이터,"[4호기](1F)1번출입구남광장계단옆,(2F)자유통로(맞이방)"
KR_1_0013,1호선,간석,facility_span,,1,2F,1F,1,down,EV,엘리베이터,"[2호기](1F)주안역방향승강장5-1출입문앞,(2F)표내는곳"
KR_1_0013,1호선,간석,facility_span,,1,2F,1F,1,down,EV,엘리베이터,"[1호기](1F)동암역방향승강장6-4출입문앞,(2F)표내는곳"
KR_1_0519,1호선,주안,facility_span,,1,2F,1F,1,down,EV,엘리베이터,[4호기]선상1번출입구옆
KR_1_0519,1호선,주안,facility_span,,1,2F,1F,1,down,EV,엘리베이터,[3호기]선상하행계단옆
KR_1_0519,1호선,주안,facility_span,,1,2F,1F,1,down,EV,엘리베이터,[1호기]선상4번출입구옆
KR_1_0519,1호선,주안,facility_span,,1,2F,1F,1,down,EV,엘리베이터,[2호기]선상상행계단옆
KR_1_0519,1호선,주안,facility_span,,1,1F,B1,1,down,EV,엘리베이터,[5호기]지하하행계단옆
KR_1_0519,1호선,주안,facility_span,,1,1F,B1,1,down,EV,엘리베이터,[6호기]지하상행계단옆
KR_1_0149,1호선,도화,facility_span,,1,2F,1F,1,down,EV,엘리베이터,[3호기](2층)맞이방서울역방향개찰구앞
KR_1_0149,1호선,도화,facility_span,,1,2F,1F,1,down,EV,엘리베이터,[4호기](2층)맞이방인천방향개찰구앞
KR_1_0149,1호선,도화,facility_span,,1,2F,1F,1,down,EV,엘리베이터,"[2호기](2층)맞이방3,4번출입구근처"
KR_1_0149,1호선,도화,facility_span,,1,2F,1F,1,down,EV,엘리베이터,"[1호기](2층)맞이방1,2번출입구근처"
KR_1_0513,1호선,제물포,facility_span,,1,2F,1F,1,down,EV,엘리베이터,[3호기](1F)도화역방행승강장7-3출입구앞
KR_1_0513,1호선,제물포,facility_span,,1,2F,1F,1,down,EV,엘리베이터,[4호기](1F)도원역방행승강장4-2출입구앞
KR_1_0513,1호선,제물포,facility_span,,1,2F,1F,1,down,EV,엘리베이터,[2호기](1F)2번출입구앞
KR_1_0513,1호선,제물포,facility_span,,1,2F,1F,1,down,EV,엘리베이터,[1호기](1F)1번출입구앞
KR_1_0148,1호선,도원,facility_span,,1,2F,1F,1,down,EV,엘리베이터,[1호기](1)제물포역방향승강장7-4출입문앞
KR_1_0148,1호선,도원,facility_span,,1,2F,1F,1,down,EV,엘리베이터,[2호기](1)동인천역방향승강장4-1출입문앞
KR_1_0166,1호선,동인천,facility_span,,1,3F,1F,2,down,EV,엘리베이터,[2호기]상행승강장6-1
KR_1_0166,1호선,동인천,facility_span,,1,3F,1F,2,down,EV,엘리베이터,[1호기]선상개집표구옆
KR_1_0166,1호선,동인천,facility_span,,1,3F,1F,2,down,EV,엘리베이터,[3호기]하행승강장5-4
KR_1_0481,1호선,인천,facility_span,,1,1F,B1,1,down,EV,엘리베이터,[5호기](B1)지하1층철도경찰사무실앞복도끝좌측(1F)1번출구에서수인분당선환승통로끝
KR_1_0481,1호선,인천,facility_span,,1,1F,B1,1,down,EV,엘리베이터,[6호기](B1)지하1층맞이방에서3번출구복도끝(1F)3번출구옆
KR_1_0481,1호선,인천,facility_span,,1,1F,B1,1,down,EV,엘리베이터,"[7호기](B1)환승통로끝좌측(1F)1호선1,2번승강장2-1"
KR_1_0481,1호선,인천,facility_span,,1,B1,B3,2,down,EV,엘리베이터,[8호기](B1)지하1층철도경찰사무실앞(B2)지하2층중앙계단앞(B3)지하3층분리수거장앞
KR_1_0004,1호선,가산디지털단지,move_path,inline,1,2F,1F,1,down,EV,엘리베이터,7번 출입구 근처 엘리베이터
KR_1_0004,1호선,가산디지털단지,move_path,inline,1,2F,1F,1,down,EV,엘리베이터,1번 출입구 근처 엘리베이터
KR_1_0004,1호선,가산디지털단지,move_path,inline,1,2F,1F,1,down,EV,엘리베이터,6번칸 근처 엘리베이터
KR_1_0004,1호선,가산디지털단지,move_path,inline,0,1F,B1,1,down,EV,엘리베이터,7번출입구 근처 엘리베이터 이용 후 지상1층으로 이동
KR_1_0004,1호선,가산디지털단지,move_path,inline,0,B1,B2,1,down,EV,엘리베이터,6번출입구 근처 엘리베이터 이용 후 지하1층 이동
KR_1_0004,1호선,가산디지털단지,move_path,inline,0,B2,B4,2,down,EV,엘리베이터,철산방면 엘리베이터
KR_1_0004,1호선,가산디지털단지,move_path,inline,0,B2,B4,2,down,EV,엘리베이터,남구로방면 엘리베이터
KR_1_0004,1호선,가산디지털단지,move_path,inline,1,2F,1F,1,down,EV,엘리베이터,3번칸 근처 엘리베이터
KR_1_0004,1호선,가산디지털단지,facility_span,,1,2F,1F,1,down,EV,엘리베이터,[5호기](2F)2번출입구옆
KR_1_0004,1호선,가산디지털단지,facility_span,,1,2F,1F,1,down,EV,엘리베이터,[4호기](2F)3번출입구옆
KR_1_0004,1호선,가산디지털단지,facility_span,,1,2F,1F,1,down,EV,엘리베이터,[3호기](2F)하선계단
KR_1_0004,1호선,가산디지털단지,facility_span,,1,2F,1F,1,down,EV,엘리베이터,[2호기](2F)상선계단
KR_1_0004,1호선,가산디지털단지,facility_span,,1,2F,1F,1,down,EV,엘리베이터,[1호기](2F)11번출입구옆
KR_1_0152,1호선,독산,move_path,inline,1,1F,2F,1,up,EV,엘리베이터,1번 출입구 근처 지상1층 엘리베이터
KR_1_0152,1호선,독산,move_path,inline,1,2F,1F,1,down,EV,엘리베이터,지상 2층 금천구청 방면 엘리베이터
KR_1_0152,1호선,독산,move_path,inline,1,1F,2F,1,up,EV,엘리베이터,2번 출입구 근처 지상1층 엘리베이터
KR_1_0152,1호선,독산,move_path,inline,1,2F,1F,1,down,EV,엘리베이터,지상 2층 가산디지털단지 방면 엘리베이터
KR_1_0152,1호선,독산,facility_span,,1,2F,1F,1,down,EV,엘리베이터,"[2호기](1F)가산디지털단지역방향승강장7-1~7-2출입문사이,(2F)맞이방"
KR_1_0152,1호선,독산,facility_span,,1,2F,1F,1,down,EV,엘리베이터,"[4호기](1F)2번출입구옆,(2F)2번/3번출입구사이"
KR_1_0152,1호선,독산,facility_span,,1,2F,1F,1,down,EV,엘리베이터,"[3호기](1F)1번출입구옆,(2F)1번출입구앞"
KR_1_0152,1호선,독산,facility_span,,1,2F,1F,1,down,EV,엘리베이터,"[1호기](1F)금천구청역방향승강장4-3~4-4출입문사이,(2F)맞이방"
KR_1_0091,1호선,금천구청,move_path,inline,1,1F,2F,1,up,EV,엘리베이터,1번 출입구 지상1층 엘리베이터
KR_1_0091,1호선,금천구청,move_path,inline,0,3F,1F,2,down,EV,엘리베이터,지상 3층 독산 방면 엘리베이터
KR_1_0091,1호선,금천구청,move_path,inline,0,3F,1F,2,down,EV,엘리베이터,지상 3층 석수/광명 방면 엘리베이터
KR_1_0091,1호선,금천구청,facility_span,,1,2F,1F,1,down,EV,엘리베이터,[1호기]4호기(1층광장1번출구계단옆)3호기(2층맞이방↔이동통로)2호기(이동통로↔하행승강장)1호기(이동통로↔상행승강장)
KR_1_0063,1호선,광명,facility_span,,1,2F,B2,3,down,EV,엘리베이터,[2호기](1F)동편북쪽맨끝(B1)1번통로
KR_1_0063,1호선,광명,facility_span,,1,2F,B2,3,down,EV,엘리베이터,[3호기](1F)서편남쪽맨끝(B1)5번통로
KR_1_0063,1호선,광명,facility_span,,1,2F,B2,3,down,EV,엘리베이터,[4호기](1F)서편북쪽맨끝(B1)1번통로
KR_1_0063,1호선,광명,facility_span,,1,2F,B2,3,down,EV,엘리베이터,[7호기](1F)동편남쪽맨끝(B1)5번통로
KR_1_0063,1호선,광명,facility_span,,1,1F,B1,1,down,EV,엘리베이터,[1호기](1F)서편북쪽수유방옆(B1)2번통로
KR_1_0063,1호선,광명,facility_span,,1,1F,B1,1,down,EV,엘리베이터,[5호기](1F)서편남쪽수유방옆(B1)4번통로
KR_1_0063,1호선,광명,facility_span,,1,1F,B1,1,down,EV,엘리베이터,[12호기](1F)동편중앙(B1)3번통로
KR_1_0063,1호선,광명,facility_span,,1,1F,B1,1,down,EV,엘리베이터,"[9호기](1F) 서편 북쪽 맨끝
(B1) 1번 통로"
KR_1_0063,1호선,광명,facility_span,,1,1F,B1,1,down,EV,엘리베이터,"[10호기](1F) 서편 남쪽 맨끝
(B1) 5번 통로"
KR_1_0063,1호선,광명,facility_span,,1,1F,B1,1,down,EV,엘리베이터,"[12호기](1F) 동편 남쪽 맨끝
(B1) 5번 통로"
KR_1_0063,1호선,광명,facility_span,,1,1F,B1,1,down,EV,엘리베이터,"[11호기](1F) 동편 북쪽 맨끝
(B1) 1번 통로"
KR_1_0063,1호선,광명,facility_span,,1,B1,B2,1,down,EV,엘리베이터,[6호기](B1)1번연결통로(B2)상행승강장
KR_1_0063,1호선,광명,facility_span,,1,B1,B2,1,down,EV,엘리베이터,[8호기](B1)5번통로(B2)상행승강장
KR_1_0063,1호선,광명,facility_span,,1,B1,B2,1,down,EV,엘리베이터,[9호기](B1)4번통로(B2)하행승강장
KR_1_0063,1호선,광명,facility_span,,1,B1,B2,1,down,EV,엘리베이터,[10호기](B1)3번통로(B2)상행승강장
KR_1_0063,1호선,광명,facility_span,,1,B1,B2,1,down,EV,엘리베이터,[11호기](B1)2번연결통로(B2)하행승강장
KR_1_0303,1호선,석수,facility_span,,1,2F,1F,1,down,EV,엘리베이터,"[3호기](1F)2번출구쪽엘리베이터,2번출구옆"
KR_1_0303,1호선,석수,facility_span,,1,2F,1F,1,down,EV,엘리베이터,"[1호기](1F)도로옆육교쪽엘리베이터,보도육교를지나서석수역이동통로,맞이방및1,2번출구로가는방향"
KR_1_0303,1호선,석수,facility_span,,1,2F,1F,1,down,EV,엘리베이터,"[2호기](1F)1번출구쪽엘리베이터,1번출구옆"
KR_1_0059,1호선,관악,move_path,paren,1,1F,2F,1,up,EV,엘리베이터,1번 출입구 옆 엘리베이터
KR_1_0059,1호선,관악,move_path,paren,1,2F,1F,1,down,WCLF,휠체어리프트,석수방면 휠체어리프트
KR_1_0059,1호선,관악,move_path,paren,1,2F,1F,1,down,EV,엘리베이터,안양 방면 엘리베이터(2호기)
KR_1_0059,1호선,관악,move_path,paren,1,1F,2F,1,up,EV,엘리베이터,2번 출입구 옆 엘리베이터
KR_1_0059,1호선,관악,facility_span,,1,2F,1F,1,down,EV,엘리베이터,[1호기](1F)안양역방향승강장진행방향앞쪽끝
KR_1_0059,1호선,관악,facility_span,,1,2F,1F,1,down,EV,엘리베이터,[2호기](1F)2번출입구옆
KR_1_0059,1호선,관악,facility_span,,1,2F,1F,1,down,EV,엘리베이터,[3호기](1F)1번출입구옆
KR_1_0390,1호선,안양,move_path,paren,1,1F,2F,1,up,EV,엘리베이터,1번 출입구 옆 엘리베이터
KR_1_0390,1호선,안양,move_path,paren,1,2F,1F,1,down,EV,엘리베이터,관악 방면 엘리베이터(3호기)
KR_1_0390,1호선,안양,move_path,paren,1,2F,1F,1,down,EV,엘리베이터,명학 방면 엘리베이터(4호기)
KR_1_0390,1호선,안양,move_path,inline,1,1F,2F,1,up,EV,엘리베이터,3번 출입구 지상1층 엘리베이터
KR_1_0390,1호선,안양,move_path,inline,1,2F,1F,1,down,EV,엘리베이터,관악방면 지상2층 엘리베이터
KR_1_0390,1호선,안양,move_path,inline,1,2F,1F,1,down,EV,엘리베이터,명학방면 지상2층 엘리베이터
KR_1_0390,1호선,안양,facility_span,,1,2F,1F,1,down,EV,엘리베이터,[3호기](1F)명학역방향승강장7-2출입문앞
KR_1_0390,1호선,안양,facility_span,,1,2F,1F,1,down,EV,엘리베이터,[2호기](1F)관악역방향승강장4-3출입문앞
KR_1_0390,1호선,안양,facility_span,,1,2F,B1,2,down,EV,엘리베이터,[1호기](2F)1번출구맞이방서쪽
KR_1_0200,1호선,명학,move_path,paren,1,1F,2F,1,up,EV,엘리베이터,1번 출입구 옆 엘리베이터
KR_1_0200,1호선,명학,move_path,paren,1,2F,1F,1,down,EV,엘리베이터,안양 방면 엘리베이터(1호기)
KR_1_0200,1호선,명학,move_path,paren,1,2F,1F,1,down,EV,엘리베이터,금정 방면 엘리베이터(2호기)
KR_1_0200,1호선,명학,move_path,paren,1,1F,2F,1,up,EV,엘리베이터,2번 출입구 옆 엘리베이터
KR_1_0200,1호선,명학,facility_span,,1,2F,1F,1,down,EV,엘리베이터,[4호기](1F)2번출입구및자전거보관소(2F)2번출입구및맞이방연결통로
KR_1_0200,1호선,명학,facility_span,,1,2F,1F,1,down,EV,엘리베이터,[3호기](1F)1번출입구및성결대학교셔틀버스정류장앞(2F)1번출입구및맞이방연결통로
KR_1_0200,1호선,명학,facility_span,,1,2F,1F,1,down,EV,엘리베이터,[2호기](1F)금정역방향승강장10-4출입문앞(2F)2번출입구계단및맞이방연결통로
KR_1_0200,1호선,명학,facility_span,,1,2F,1F,1,down,EV,엘리베이터,[1호기](1F)안양역방향승강장1-1출입문앞(2F)1번출입구계단및맞이방연결통로
KR_1_0090,1호선,금정,facility_span,,1,2F,1F,1,down,EV,엘리베이터,"[6호기](2F)1,2번출입구방향(1F)역사밖"
KR_1_0090,1호선,금정,facility_span,,1,2F,1F,1,down,EV,엘리베이터,"[5호기](2F)남부역사환승통로(1F)남부역사1,4호선하행승강장10-1"
KR_1_0090,1호선,금정,facility_span,,1,2F,1F,1,down,EV,엘리베이터,"[4호기](2F)남부역사환승통로(1F)남부역사1,4호선하행승강장1-4"
KR_1_0090,1호선,금정,facility_span,,1,2F,1F,1,down,EV,엘리베이터,"[1호기](2F)북부역사환승통로(1F)북부역사1,4호선상행승강장3-2"
KR_1_0090,1호선,금정,facility_span,,1,2F,1F,1,down,EV,엘리베이터,"[2호기](2F)북부역사환승통로(1F)북부역사1,4호선하행승강장8-3"
KR_1_0083,1호선,군포,move_path,inline,1,1F,2F,1,up,EV,엘리베이터,1번 출입구 지상1층 엘리베이터
KR_1_0083,1호선,군포,facility_span,,1,2F,1F,1,down,EV,엘리베이터,[3호기](1F)광장스마트도서관옆->(2F)1번출입구방향
KR_1_0083,1호선,군포,facility_span,,1,2F,1F,1,down,EV,엘리베이터,[2호기](1F)금정역방향승강장9-2->(2F)종합안내도옆
KR_1_0083,1호선,군포,facility_span,,1,2F,1F,1,down,EV,엘리베이터,[1호기](1F)당정역방향승강장2-3->(2F)음료자판기옆
KR_1_0127,1호선,당정,move_path,inline,1,1F,2F,1,up,EV,엘리베이터,1/2번 출입구 사이 지상1층 엘리베이터
KR_1_0127,1호선,당정,move_path,inline,1,2F,1F,1,down,EV,엘리베이터,지상 2층 군포 방면 엘리베이터
KR_1_0127,1호선,당정,move_path,inline,1,1F,2F,1,up,EV,엘리베이터,3번 출입구 지상1층 엘리베이터
KR_1_0127,1호선,당정,move_path,inline,1,2F,1F,1,down,EV,엘리베이터,지상 2층 의왕 방면 엘리베이터
KR_1_0127,1호선,당정,facility_span,,1,2F,1F,1,down,EV,엘리베이터,"[2호기](1F)군포역방향승강장5-4출입문앞,(2F)이동통로군포역방향계단옆"
KR_1_0127,1호선,당정,facility_span,,1,2F,1F,1,down,EV,엘리베이터,"[4호기](1F)3번출입구옆,(2F)3번출입구앞"
KR_1_0127,1호선,당정,facility_span,,1,2F,1F,1,down,EV,엘리베이터,"[3호기](1F)1번/2번출입구사이,(2F)1번/2번출입구사이"
KR_1_0127,1호선,당정,facility_span,,1,2F,1F,1,down,EV,엘리베이터,"[1호기](1F)의왕역방향승강장5-4출입문앞,(2F)이동통로의왕역방향계단옆"
KR_1_0469,1호선,의왕,facility_span,,1,3F,1F,2,down,EV,엘리베이터,"[3호기](1F)2번출입구중앙계단용1층광장,(2F)행복마을,(3F)맞이방"
KR_1_0469,1호선,의왕,facility_span,,1,2F,1F,1,down,EV,엘리베이터,"[1호기](1F)당정역방향승강장3-2출입문앞,(2F)맞이방표내는곳안쪽"
KR_1_0469,1호선,의왕,facility_span,,1,2F,1F,1,down,EV,엘리베이터,"[2호기](1F)성균관대역방향승강장8-3출입문앞,(2F)맞이방표내는곳안쪽"
KR_1_0312,1호선,성균관대,facility_span,,1,3F,1F,2,down,EV,엘리베이터,[1호기](1F)4번출구(3F)북부역사이동통로앞
KR_1_0312,1호선,성균관대,facility_span,,1,3F,1F,2,down,EV,엘리베이터,[3호기](1F)의왕역방향7-4출입문앞(3F)북부역사맞이방
KR_1_0312,1호선,성균관대,facility_span,,1,3F,1F,2,down,EV,엘리베이터,[2호기](1F)화서역방향4-1출입문앞(3F)북부역사맞이방
KR_1_0312,1호선,성균관대,facility_span,,1,3F,1F,2,down,EV,엘리베이터,[4호기](1F)3번출구(3F)3번출구북부역사이동통로앞
KR_1_0601,1호선,화서,facility_span,,1,2F,1F,1,down,EV,엘리베이터,"[1호기](1)1층상행맞이방장애인게이트근처,5번출입구옆(2)6번출입구옆"
KR_1_0601,1호선,화서,facility_span,,1,2F,1F,1,down,EV,엘리베이터,"[2호기](1R)2번출입구근처,(1)1층하행맞이방장애인게이트앞(2)1번출입구옆"
KR_1_0338,1호선,수원,move_path,paren,1,1F,B1,1,down,EV,엘리베이터,5번 출입구 옆 엘리베이터
KR_1_0338,1호선,수원,move_path,paren,1,B1,1F,1,up,EV,엘리베이터,1호선 화서 방면 엘리베이터
KR_1_0338,1호선,수원,move_path,paren,1,B1,1F,1,up,EV,엘리베이터,1호선 세류 방면 엘리베이터
KR_1_0338,1호선,수원,move_path,paren,1,1F,B1,1,down,EV,엘리베이터,7번 출입구 옆 엘리베이터
KR_1_0338,1호선,수원,move_path,paren,1,1F,B1,1,down,EV,엘리베이터,10번 출입구 옆 엘리베이터
KR_1_0338,1호선,수원,move_path,paren,1,1F,B1,1,down,EV,엘리베이터,대합실 방향 엘리베이터
KR_1_0338,1호선,수원,move_path,paren,0,B1,B4,3,down,EV,엘리베이터,수인분당선 매교 방면 엘리베이터
KR_1_0338,1호선,수원,move_path,paren,0,B1,B4,3,down,EV,엘리베이터,수인분당선 고색 방면 엘리베이터
KR_1_0338,1호선,수원,facility_span,,1,2F,1F,1,down,EV,엘리베이터,[10호기](2F)주차장(1F)역광장매산지구대방향
KR_1_0338,1호선,수원,facility_span,,1,2F,1F,1,down,EV,엘리베이터,[9호기](2F)편의점CU방향(1F)화서역(전철상행)방향승강장6-2
KR_1_0338,1호선,수원,facility_span,,1,2F,1F,1,down,EV,엘리베이터,[8호기](2F)세류역(전철하행)방향게이트지나계단내려가기전(1F)세류역(전철하행)방향승강장1-2
KR_1_0338,1호선,수원,facility_span,,1,1F,B1,1,down,EV,엘리베이터,[11호기](1F)세류역(전철하행)방향승강장3-4(B1)지하환승통로
KR_1_0338,1호선,수원,facility_span,,1,1F,B1,1,down,EV,엘리베이터,[12호기](1F)화서역(전철상행)방향승강장7-1(B1)지하환승통로
KR_1_0318,1호선,세류,facility_span,,1,1F,B1,1,down,EV,엘리베이터,"[1호기]1층대합실,맞이방"
KR_1_0318,1호선,세류,facility_span,,1,1F,B1,1,down,EV,엘리베이터,[2호기]수원역방향승강장5-4
KR_1_0318,1호선,세류,facility_span,,1,1F,B1,1,down,EV,엘리베이터,[3호기]병점역방향승강장5-4
KR_1_0231,1호선,병점,facility_span,,1,2F,1F,1,down,EV,엘리베이터,"[3호기](1F)세류역방향승강장6-3출입문앞(2F)표내는곳앞,연결통로"
KR_1_0231,1호선,병점,facility_span,,1,2F,1F,1,down,EV,엘리베이터,[4호기](1F)2번출입구옆(2F)연결통로
KR_1_0231,1호선,병점,facility_span,,1,2F,1F,1,down,EV,엘리베이터,"[2호기](1F)세마역방향승강장5-2출입문앞(2F)표내는곳앞,연결통로"
KR_1_0231,1호선,병점,facility_span,,1,2F,1F,1,down,EV,엘리베이터,[1호기](1F)1번출입구옆(2F)고객화장실옆연결통로
KR_1_0290,1호선,서동탄,facility_span,,1,3F,1F,2,down,EV,엘리베이터,[1호기](1)표내는곳내에스컬레이터옆
KR_1_0290,1호선,서동탄,facility_span,,1,2F,1F,1,down,EV,엘리베이터,[2호기](1)하선승강장4-2출입문앞
KR_1_0319,1호선,세마,facility_span,,1,2F,1F,1,down,EV,엘리베이터,"[1호기]1층1번출구맞이방개찰구앞,2층1번홈광운대방면5-4"
KR_1_0319,1호선,세마,facility_span,,1,2F,1F,1,down,EV,엘리베이터,"[2호기]1층2번출구맞이방개찰구앞,2층2번홈천안.신창방면6-1"
KR_1_0432,1호선,오산대,facility_span,,1,2F,1F,1,down,EV,엘리베이터,"[1호기](1F)세마역방향승강장7-2출입문앞,(2F)세마역방향ES옆"
KR_1_0432,1호선,오산대,facility_span,,1,2F,1F,1,down,EV,엘리베이터,"[4호기](1F)1번출입구근처,(2F)1번출입구ES옆"
KR_1_0432,1호선,오산대,facility_span,,1,2F,1F,1,down,EV,엘리베이터,"[3호기](1F)2번출입구근처,(2F)2번출입구ES옆"
KR_1_0432,1호선,오산대,facility_span,,1,2F,1F,1,down,EV,엘리베이터,"[2호기](1F)오산역방향승강장4-3출입문앞,(2F)오산역방향ES옆"
KR_1_0431,1호선,오산,facility_span,,1,2F,1F,1,down,EV,엘리베이터,[6호기](1F)오산대역방향승강장10-4출입문앞(2F)환승센터맞이방
KR_1_0431,1호선,오산,facility_span,,1,2F,1F,1,down,EV,엘리베이터,[5호기](1F)오산대역방향승강장1-1출입문앞(2F)환승센터맞이방
KR_1_0431,1호선,오산,facility_span,,1,2F,1F,1,down,EV,엘리베이터,[4호기](1F)1번출구옆(2F)1번출구계단및e/s옆
KR_1_0431,1호선,오산,facility_span,,1,2F,1F,1,down,EV,엘리베이터,[3호기](1F)2번출구옆(2F)2번출구계단
KR_1_0431,1호선,오산,facility_span,,1,2F,1F,1,down,EV,엘리베이터,[1호기](1F)오산대역방향승강장1-3출입문앞(2F)맞이방
KR_1_0431,1호선,오산,facility_span,,1,2F,1F,1,down,EV,엘리베이터,[2호기](1F)오산대역방향승강장10-2출입문앞(2F)맞이방
KR_1_0540,1호선,진위,facility_span,,1,2F,1F,1,down,EV,엘리베이터,[3호기]송탄방향승강장6-1출입문앞/2층맞이방
KR_1_0540,1호선,진위,facility_span,,1,2F,1F,1,down,EV,엘리베이터,[4호기]오산방향승강장6-1출입문앞/2층맞이방
KR_1_0540,1호선,진위,facility_span,,1,2F,1F,1,down,EV,엘리베이터,[2호기]1층2번출구/2층이동통로
KR_1_0540,1호선,진위,facility_span,,1,2F,1F,1,down,EV,엘리베이터,[1호기]1층1번출구/2층이동통로
KR_1_0331,1호선,송탄,move_path,inline,1,2F,1F,1,down,EV,엘리베이터,진위 방면 지상 2층 엘리베이터
KR_1_0331,1호선,송탄,move_path,inline,1,2F,1F,1,down,EV,엘리베이터,서정리 방면 지상 2층 엘리베이터
KR_1_0331,1호선,송탄,facility_span,,1,2F,1F,1,down,EV,엘리베이터,[3호기](1F)진위역방향승강장7-4(2F)맞이방주출입구옆
KR_1_0331,1호선,송탄,facility_span,,1,2F,1F,1,down,EV,엘리베이터,[4호기](1F)6번출입구옆(2F)2번출입구옆
KR_1_0331,1호선,송탄,facility_span,,1,2F,1F,1,down,EV,엘리베이터,[2호기](1F)서정리역방향승강장7-3(2F)맞이방주출입구옆
KR_1_0331,1호선,송탄,facility_span,,1,2F,1F,1,down,EV,엘리베이터,[1호기](1F)2번/3번출입구사이엘리베이터(2F)2번출입구옆
KR_1_0297,1호선,서정리,facility_span,,1,3F,1F,2,down,EV,엘리베이터,[1호기](3F)3번출입구옆(1F)상선고상홈
KR_1_0297,1호선,서정리,facility_span,,1,3F,1F,2,down,EV,엘리베이터,"[4호기](3F)2,3번출입구옆(1F)2번출입구옆"
KR_1_0297,1호선,서정리,facility_span,,1,3F,1F,2,down,EV,엘리베이터,[3호기](3F)1번출입구옆(1F)1번출입구1층
KR_1_0297,1호선,서정리,facility_span,,1,3F,1F,2,down,EV,엘리베이터,[2호기](3F)1번출입구옆(1F)하선고상홈
KR_1_0535,1호선,평택지제,facility_span,,1,2F,1F,1,down,EV,엘리베이터,[3호기](1F)서정리방향승강장6-1출입문앞(2F)게이트이동통로
KR_1_0535,1호선,평택지제,facility_span,,1,2F,1F,1,down,EV,엘리베이터,[2호기](1F)평택방향승강장5-4출입문앞(2F)맞이방이동통로
KR_1_0535,1호선,평택지제,facility_span,,1,2F,1F,1,down,EV,엘리베이터,[1호기](1F)1번출구버스정류장앞(2F)맞이방이동통로
KR_1_0579,1호선,평택,facility_span,,1,4F,1F,3,down,EV,엘리베이터,[6호기](3F)1번출입구방향신발매장옆(동광장)
KR_1_0579,1호선,평택,facility_span,,1,3F,2F,1,down,EV,엘리베이터,[1호기](3F) 1번 출입구 방향 신발매장 옆(동광장)
KR_1_0579,1호선,평택,facility_span,,1,3F,1F,2,down,EV,엘리베이터,[5호기](3F)국철하행에스컬레이터옆
KR_1_0579,1호선,평택,facility_span,,1,3F,1F,2,down,EV,엘리베이터,[2호기](3F)전철상행에스컬레이터옆
KR_1_0579,1호선,평택,facility_span,,1,3F,1F,2,down,EV,엘리베이터,[3호기](3F)전철하행에스컬레이터옆
KR_1_0579,1호선,평택,facility_span,,1,3F,1F,2,down,EV,엘리베이터,[4호기](3F)국철상행에스컬레이터옆
KR_1_0579,1호선,평택,facility_span,,1,3F,1F,2,down,EV,엘리베이터,[1호기](3F)2번출입구방향물품보관함옆(서광장)
KR_1_0317,1호선,성환,facility_span,,1,2F,1F,1,down,EV,엘리베이터,[6호기](1F)성환역2번출입구계단뒤쪽(2F)성환역2번출입구계단맞은편
KR_1_0317,1호선,성환,facility_span,,1,2F,1F,1,down,EV,엘리베이터,[5호기](1F)성환역2번출입구옆(2F)성환역2번출입구와스토리웨이사이
KR_1_0317,1호선,성환,facility_span,,1,2F,1F,1,down,EV,엘리베이터,[4호기](1F)성환역1번출입구옆(2F)성환역1번출입구와스토리웨이사이
KR_1_0317,1호선,성환,facility_span,,1,2F,1F,1,down,EV,엘리베이터,[3호기](1F)직산역방향승강장4-3출입문앞(2F)화장실옆엘리베이터
KR_1_0317,1호선,성환,facility_span,,1,2F,1F,1,down,EV,엘리베이터,[1호기](1F)평택역방향승강장7-2출입문앞(2F)맞이방내엘리베이터
KR_1_0317,1호선,성환,facility_span,,1,2F,1F,1,down,EV,엘리베이터,[2호기](1F)성환역1번출입구계단맞은편(2F)성환역1번출입구계단맞은편
KR_1_0539,1호선,직산,facility_span,,1,2F,1F,1,down,EV,엘리베이터,[3호기](2F)1번/2번출입구사이(1F)성환역방향승강장8-1출입문앞
KR_1_0539,1호선,직산,facility_span,,1,2F,1F,1,down,EV,엘리베이터,[4호기](2F)2번출입구옆(1F)2번출입구옆
KR_1_0539,1호선,직산,facility_span,,1,2F,1F,1,down,EV,엘리베이터,[2호기](2F)1번/2번출입구사이(1F)두정역방향승강장3-4출입문앞
KR_1_0539,1호선,직산,facility_span,,1,2F,1F,1,down,EV,엘리베이터,[1호기](2F)1번출입구옆(1F)1번출입구옆
KR_1_0170,1호선,두정,facility_span,,1,2F,1F,1,down,EV,엘리베이터,[4호기](1F)1번출입구동쪽광장옆(2F)1번출입구동쪽광장도로변
KR_1_0170,1호선,두정,facility_span,,1,2F,1F,1,down,EV,엘리베이터,[5호기](1F)천안역방향승강장10-2출입문앞(2F)표내는곳옆
KR_1_0170,1호선,두정,facility_span,,1,2F,1F,1,down,EV,엘리베이터,[2호기](1F)직산역방향승강장10-4출입문앞(2F)표내는곳옆
KR_1_0170,1호선,두정,facility_span,,1,2F,1F,1,down,EV,엘리베이터,[1호기](1F)1번출입구서쪽광장도로변(2F)1번출입구서쪽광장옆
KR_1_0170,1호선,두정,facility_span,,1,2F,1F,1,down,EV,엘리베이터,[6호기](1F)직산역방향승강장1-3출입문앞(2F)표내는곳옆
KR_1_0170,1호선,두정,facility_span,,1,2F,1F,1,down,EV,엘리베이터,[3호기](1F)천안역방향승강장1-1출입문앞(2F)표내는곳옆
KR_1_0544,1호선,천안,facility_span,,1,3F,1F,2,down,EV,엘리베이터,"[1호기](1F)3,4번승강장(3F)동부맞이방개찰구"
KR_1_0544,1호선,천안,facility_span,,1,3F,1F,2,down,EV,엘리베이터,"[3호기](1F)7,8번승강장(3F)서부맞이방개찰구근처"
KR_1_0544,1호선,천안,facility_span,,1,3F,1F,2,down,EV,엘리베이터,[4호기](1F)2번출입구(3F)서부이동통로
KR_1_0544,1호선,천안,facility_span,,1,3F,1F,2,down,EV,엘리베이터,"[2호기](1F)5,6번승강장(3F)서부맞이방개찰구근처"
KR_1_0240,1호선,봉명,move_path,inline,1,1F,2F,1,up,EV,엘리베이터,1번 출입구 지상1층 엘리베이터
KR_1_0240,1호선,봉명,move_path,inline,1,2F,1F,1,down,EV,엘리베이터,지상 2층 천안 방면 엘리베이터
KR_1_0240,1호선,봉명,move_path,inline,1,1F,2F,1,up,EV,엘리베이터,2번 출입구 근처 지상1층 엘리베이터
KR_1_0240,1호선,봉명,facility_span,,1,2F,1F,1,down,EV,엘리베이터,[1호기]1F1번출구
KR_1_0240,1호선,봉명,facility_span,,1,2F,1F,1,down,EV,엘리베이터,[4호기]1F신창역방향승강장5-4
KR_1_0240,1호선,봉명,facility_span,,1,2F,1F,1,down,EV,엘리베이터,[3호기]1F천안역방향승강장6-3
KR_1_0240,1호선,봉명,facility_span,,1,2F,1F,1,down,EV,엘리베이터,[2호기]1F2번출구E/S옆
KR_1_0381,1호선,쌍용,facility_span,,1,2F,1F,1,down,EV,엘리베이터,[1호기](1F)표내는곳내좌측계단옆
KR_1_0381,1호선,쌍용,facility_span,,1,2F,1F,1,down,EV,엘리베이터,[2호기](1F)표내는곳내우측계단옆
KR_1_0382,1호선,아산,facility_span,,1,4F,2F,2,down,EV,엘리베이터,[1호기]아산역2층(상홈)-천안아산역4층(하홈)환승통로
KR_1_0382,1호선,아산,facility_span,,1,4F,2F,2,down,EV,엘리베이터,[2호기]아산역2층(상홈)-천안아산역4층(상홈)환승통로
KR_1_0382,1호선,아산,facility_span,,1,4F,2F,2,down,EV,엘리베이터,[4호기]아산역2층(하홈)-천안아산역4층(상홈)환승통로
KR_1_0382,1호선,아산,facility_span,,1,4F,2F,2,down,EV,엘리베이터,[3호기]아산역2층(하홈)-천안아산역4층(하홈)환승통로
KR_1_0382,1호선,아산,facility_span,,1,2F,1F,1,down,EV,엘리베이터,[5호기]1층(게이트)-2층(하홈)
KR_1_0382,1호선,아산,facility_span,,1,2F,1F,1,down,EV,엘리베이터,[6호기]1층(게이트)-2층(상홈)
KR_1_1356,1호선,탕정,move_path,paren,1,1F,2F,1,up,EV,엘리베이터,아산 방면 엘리베이터
KR_1_1356,1호선,탕정,move_path,paren,1,1F,2F,1,up,EV,엘리베이터,배방 방면 엘리베이터
KR_1_1356,1호선,탕정,facility_span,,1,2F,1F,1,down,EV,엘리베이터,[1호기](1F)표내는곳앞(2)하선승강장
KR_1_1356,1호선,탕정,facility_span,,1,2F,1F,1,down,EV,엘리베이터,[2호기](1F)표내는곳앞(2)상선승강장
KR_1_0222,1호선,배방,facility_span,,1,2F,1F,1,down,EV,엘리베이터,[1호기](1층)1/2번출입구중간게이트통과후왼쪽(2층)온양온천역방면승강장6-3칸앞
KR_1_0222,1호선,배방,facility_span,,1,2F,1F,1,down,EV,엘리베이터,[2호기](1층)1/2번출입구중간게이트통과후오른쪽(2층)탕정역방면승강장5-2칸앞
KR_1_0437,1호선,온양온천,facility_span,,1,3F,1F,2,down,EV,엘리베이터,"[1호기](F2)1번승강장>(F3)아산역4,5호차출입문앞(F2)2번승강장계단>(F3)배방역7-4출입문앞(F2)3번승강장계단>(F3)신창역4-4출입문앞"
KR_1_0375,1호선,신창,facility_span,,1,1F,B1,1,down,EV,엘리베이터,[1호기]1층2번출구에서30m
KR_1_0375,1호선,신창,facility_span,,1,1F,B1,1,down,EV,엘리베이터,[2호기]1층2번출구에서40m
KR_1_0375,1호선,신창,facility_span,,1,1F,B1,1,down,EV,엘리베이터,[3호기]1층2번출구에서50m
S1_2_0347,2호선,시청,move_path,inline,1,B1,B3,2,down,EV,엘리베이터,엘리베이터
S1_2_0347,2호선,시청,move_path,,,B2,B2,0,same,PASSAGE,환승통로,환승통로 이동
S1_2_0347,2호선,시청,move_path,inline,0,B2,B1,1,up,EV,엘리베이터,엘리베이터
S1_2_0347,2호선,시청,move_path,inline,0,B1,B2,1,down,EV,엘리베이터,개집표기 통과 후 엘리베이터
S1_2_0347,2호선,시청,facility_span,,1,1F,B1,1,down,EV,엘리베이터,[2호기]9번출구측
S1_2_0347,2호선,시청,facility_span,,1,B1,B3,2,down,EV,엘리베이터,"[1호기]충정로방면6-2,을지로입구방면5-3"
S1_2_0564,2호선,충정로,move_path,paren,1,1F,B2,2,down,EV,엘리베이터,5번 출입구 옆 엘리베이터
S1_2_0564,2호선,충정로,move_path,paren,1,B2,B3,1,down,EV,엘리베이터,승강장 방향 엘리베이터
S1_2_0564,2호선,충정로,move_path,paren,1,B3,B2,1,up,EV,엘리베이터,대합실 방향 엘리베이터
S1_2_0564,2호선,충정로,move_path,,,B2,B2,0,same,PASSAGE,환승통로,5호선 환승통로로 이동
S1_2_0564,2호선,충정로,move_path,paren,0,B2,B5,3,down,EV,엘리베이터,5호선 대합실 내 엘리베이터
S1_2_0564,2호선,충정로,facility_span,,1,1F,B2,2,down,EV,엘리베이터,[2호기]5번출구측
S1_2_0564,2호선,충정로,facility_span,,1,B2,B3,1,down,EV,엘리베이터,"[1호기]아현방면2-1,시청방면9-4"
S1_2_0386,2호선,아현,move_path,paren,1,1F,B1,1,down,EV,엘리베이터,1번 출입구 옆 엘리베이터
S1_2_0386,2호선,아현,move_path,paren,1,B1,B2,1,down,EV,엘리베이터,이대 방면 엘리베이터
S1_2_0386,2호선,아현,move_path,paren,1,B1,B2,1,down,EV,엘리베이터,충정로 방면 엘리베이터
S1_2_0386,2호선,아현,move_path,paren,1,1F,B1,1,down,EV,엘리베이터,3번 출입구 옆 엘리베이터
S1_2_0386,2호선,아현,facility_span,,1,1F,B1,1,down,EV,엘리베이터,[4호기]1번출구측
S1_2_0386,2호선,아현,facility_span,,1,1F,B1,1,down,EV,엘리베이터,[3호기]3번출구측
S1_2_0386,2호선,아현,facility_span,,1,B1,B2,1,down,EV,엘리베이터,[2호기]충정로방면4-3
S1_2_0386,2호선,아현,facility_span,,1,B1,B2,1,down,EV,엘리베이터,[1호기]이대방면7-2
S1_2_0473,2호선,이대,move_path,paren,1,1F,B1,1,down,EV,엘리베이터,2번 출입구 옆 엘리베이터
S1_2_0473,2호선,이대,move_path,paren,1,B1,B2,1,down,EV,엘리베이터,승강장 방향 엘리베이터
S1_2_0473,2호선,이대,move_path,paren,1,1F,B1,1,down,EV,엘리베이터,6번 출입구 옆 엘리베이터
S1_2_0473,2호선,이대,facility_span,,1,1F,B1,1,down,EV,엘리베이터,[3호기]2번출구측
S1_2_0473,2호선,이대,facility_span,,1,1F,B1,1,down,EV,엘리베이터,[2호기]6번출구측
S1_2_0473,2호선,이대,facility_span,,1,B1,B2,1,down,EV,엘리베이터,"[1호기]신촌방면2-2,아현방면9-3"
S1_2_0366,2호선,신촌,move_path,paren,1,1F,B1,1,down,EV,엘리베이터,4번 출입구 옆 엘리베이터
S1_2_0366,2호선,신촌,move_path,paren,1,B1,B2,1,down,EV,엘리베이터,홍대입구 방면 엘리베이터
S1_2_0366,2호선,신촌,move_path,paren,1,1F,B1,1,down,EV,엘리베이터,4번 출입구 근처 엘리베이터
S1_2_0366,2호선,신촌,move_path,paren,1,B1,B2,1,down,EV,엘리베이터,이대 방면 엘리베이터
S1_2_0366,2호선,신촌,move_path,paren,1,1F,B1,1,down,EV,엘리베이터,6번 출입구 옆 엘리베이터
S1_2_0366,2호선,신촌,facility_span,,1,1F,B1,1,down,EV,엘리베이터,[4호기]6번출구측
S1_2_0366,2호선,신촌,facility_span,,1,1F,B1,1,down,EV,엘리베이터,[3호기]4번출구측
S1_2_0366,2호선,신촌,facility_span,,1,B1,B2,1,down,EV,엘리베이터,[2호기]이대방면4-4
S1_2_0366,2호선,신촌,facility_span,,1,B1,B2,1,down,EV,엘리베이터,[1호기]홍대입구방면8-4
S1_2_0596,2호선,홍대입구,move_path,paren,1,1F,B1,1,down,EV,엘리베이터,8번 출입구 옆 엘리베이터
S1_2_0596,2호선,홍대입구,move_path,paren,1,B1,B2,1,down,EV,엘리베이터,승강장 방향 엘리베이터
S1_2_0596,2호선,홍대입구,move_path,paren,1,B2,B1,1,up,EV,엘리베이터,대합실 방향 엘리베이터
S1_2_0596,2호선,홍대입구,move_path,,,B1,B1,0,same,PASSAGE,환승통로,"경의중앙선, 공항철도 환승통로로 이동"
S1_2_0596,2호선,홍대입구,move_path,paren,1,B1,B2,1,down,EV,엘리베이터,환승 엘리베이터
S1_2_0596,2호선,홍대입구,move_path,,,B2,B2,0,same,PASSAGE,환승통로,"경의중앙선, 공항철도 환승통로로 이동"
S1_2_0596,2호선,홍대입구,move_path,paren,1,B2,B1,1,up,EV,엘리베이터,경의중앙선 가좌 방면 엘리베이터
S1_2_0596,2호선,홍대입구,move_path,paren,1,B2,B1,1,up,EV,엘리베이터,경의중앙선 서강대 방면 엘리베이터
S1_2_0596,2호선,홍대입구,move_path,paren,0,B2,B4,2,down,EV,엘리베이터,공항철도 공덕 방면 엘리베이터
S1_2_0596,2호선,홍대입구,move_path,paren,0,B2,B4,2,down,EV,엘리베이터,공항철도 디지털미디어시티 방면 엘리베이터
S1_2_0596,2호선,홍대입구,facility_span,,1,1F,B1,1,down,EV,엘리베이터,[2호기]8번출구측
S1_2_0596,2호선,홍대입구,facility_span,,1,B1,B2,1,down,EV,엘리베이터,"[1호기]합정방면7-2,신촌방면4-3"
S1_2_0591,2호선,합정,move_path,paren,1,1F,B1,1,down,EV,엘리베이터,1번/2번 출입구 사이 엘리베이터
S1_2_0591,2호선,합정,move_path,paren,1,B1,B2,1,down,EV,엘리베이터,당산 방면 엘리베이터
S1_2_0591,2호선,합정,move_path,paren,1,B1,B2,1,down,EV,엘리베이터,홍대입구 방면 엘리베이터
S1_2_0591,2호선,합정,move_path,paren,1,1F,B1,1,down,EV,엘리베이터,3번/4번 출입구 사이 엘리베이터
S1_2_0591,2호선,합정,move_path,paren,1,1F,B1,1,down,EV,엘리베이터,6번 출입구 옆 엘리베이터
S1_2_0591,2호선,합정,move_path,paren,1,B2,B1,1,up,EV,엘리베이터,대합실 방향 엘리베이터
S1_2_0591,2호선,합정,move_path,paren,0,B1,B4,3,down,EV,엘리베이터,9/10번 출입구방향 환승 엘리베이터
S1_2_0591,2호선,합정,move_path,paren,0,B1,B3,2,down,EV,엘리베이터,9/10번 출입구방향 환승 엘리베이터
S1_2_0591,2호선,합정,move_path,paren,0,B3,B4,1,down,EV,엘리베이터,6호선 상수 방면 엘리베이터
S1_2_0591,2호선,합정,facility_span,,1,1F,B1,1,down,EV,엘리베이터,"[4호기]3,4번출구사이"
S1_2_0591,2호선,합정,facility_span,,1,1F,B1,1,down,EV,엘리베이터,"[3호기]1,2번출구사이"
S1_2_0591,2호선,합정,facility_span,,1,B1,B2,1,down,EV,엘리베이터,[2호기]홍대입구방면7-3
S1_2_0591,2호선,합정,facility_span,,1,B1,B2,1,down,EV,엘리베이터,[1호기]당산방면4-1
S1_2_0126,2호선,당산,move_path,paren,1,1F,2F,1,up,EV,엘리베이터,4번 출입구 옆 엘리베이터
S1_2_0126,2호선,당산,move_path,paren,1,2F,3F,1,up,EV,엘리베이터,영등포구청 방면 엘리베이터
S1_2_0126,2호선,당산,move_path,paren,1,2F,3F,1,up,EV,엘리베이터,합정 방면 엘리베이터
S1_2_0126,2호선,당산,move_path,paren,1,1F,2F,1,up,EV,엘리베이터,3번출입구 옆 엘리베이터
S1_2_0126,2호선,당산,move_path,paren,0,3F,B2,4,down,EV,엘리베이터,9호선 환승 엘리베이터
S1_2_0126,2호선,당산,move_path,paren,0,B2,B3,1,down,EV,엘리베이터,승강장 방향 엘리베이터
S1_2_0126,2호선,당산,facility_span,,1,3F,2F,1,down,EV,엘리베이터,[2호기]합정방면3-2
S1_2_0126,2호선,당산,facility_span,,1,3F,2F,1,down,EV,엘리베이터,[1호기]영등포구청방면8-3
S1_2_0126,2호선,당산,facility_span,,1,2F,1F,1,down,EV,엘리베이터,[3호기]4번출구측
S1_2_0126,2호선,당산,facility_span,,1,2F,1F,1,down,EV,엘리베이터,[4호기]3번출구측
S1_2_0421,2호선,영등포구청,move_path,paren,1,1F,B1,1,down,EV,엘리베이터,2번 출입구 옆 엘리베이터
S1_2_0421,2호선,영등포구청,move_path,paren,1,B1,B2,1,down,EV,엘리베이터,문래 방면 엘리베이터
S1_2_0421,2호선,영등포구청,move_path,paren,1,B1,B2,1,down,EV,엘리베이터,당산 방면 엘리베이터
S1_2_0421,2호선,영등포구청,move_path,paren,1,1F,B1,1,down,EV,엘리베이터,5번 출입구 옆 엘리베이터
S1_2_0421,2호선,영등포구청,move_path,inline,1,B2,B1,1,up,EV,엘리베이터,문래방면 지하2층 엘리베이터
S1_2_0421,2호선,영등포구청,move_path,inline,1,B1,1F,1,up,EV,엘리베이터,2번출입구 지하1층 엘리베이터
S1_2_0421,2호선,영등포구청,move_path,inline,0,1F,B5,5,down,EV,엘리베이터,5호선방면 지상1층 엘리베이터
S1_2_0421,2호선,영등포구청,move_path,inline,0,1F,B4,4,down,EV,엘리베이터,5호선방면 지상1층 엘리베이터
S1_2_0421,2호선,영등포구청,move_path,inline,0,B4,B5,1,down,EV,엘리베이터,영등포시장방면 지하4층 엘리베이터
S1_2_0421,2호선,영등포구청,move_path,inline,1,B2,B1,1,up,EV,엘리베이터,당산방면 지하2층 엘리베이터
S1_2_0421,2호선,영등포구청,facility_span,,1,1F,B1,1,down,EV,엘리베이터,[4호기]5번출구측
S1_2_0421,2호선,영등포구청,facility_span,,1,1F,B1,1,down,EV,엘리베이터,[3호기]2번출구측
S1_2_0421,2호선,영등포구청,facility_span,,1,B1,B2,1,down,EV,엘리베이터,[2호기]당산방면3-1
S1_2_0421,2호선,영등포구청,facility_span,,1,B1,B2,1,down,EV,엘리베이터,[1호기]문래방면8-4
S1_2_0206,2호선,문래,move_path,paren,1,1F,B1,1,down,EV,엘리베이터,1번 출입구 옆 엘리베이터
S1_2_0206,2호선,문래,move_path,paren,1,B1,B2,1,down,EV,엘리베이터,신도림 방면 엘리베이터
S1_2_0206,2호선,문래,move_path,paren,1,B1,B2,1,down,EV,엘리베이터,영등포구청 방면 엘리베이터
S1_2_0206,2호선,문래,move_path,paren,1,1F,B1,1,down,EV,엘리베이터,4번 출입구 옆 엘리베이터
S1_2_0206,2호선,문래,move_path,paren,1,1F,B1,1,down,EV,엘리베이터,5번 출입구 옆 엘리베이터
S1_2_0206,2호선,문래,facility_span,,1,1F,B1,1,down,EV,엘리베이터,[4호기]1번출구측
S1_2_0206,2호선,문래,facility_span,,1,1F,B1,1,down,EV,엘리베이터,[3호기]5번출구측
S1_2_0206,2호선,문래,facility_span,,1,B1,B2,1,down,EV,엘리베이터,[2호기]영등포구청방면4-1
S1_2_0206,2호선,문래,facility_span,,1,B1,B2,1,down,EV,엘리베이터,[1호기]신도림방면7-4
S1_2_0359,2호선,신도림,move_path,paren,1,1F,B1,1,down,EV,엘리베이터,3번 출입구 옆 엘리베이터
S1_2_0359,2호선,신도림,move_path,paren,1,B1,B2,1,down,EV,엘리베이터,승강장 방향 엘리베이터
S1_2_0359,2호선,신도림,move_path,paren,1,B1,B2,1,down,EV,엘리베이터,도림천 방면 엘리베이터
S1_2_0359,2호선,신도림,move_path,paren,1,B2,B1,1,up,EV,엘리베이터,대합실 방향 엘리베이터
S1_2_0359,2호선,신도림,move_path,paren,1,B1,B2,1,down,EV,엘리베이터,2호선 도림천 방면 엘리베이터
S1_2_0359,2호선,신도림,move_path,paren,1,B1,B2,1,down,EV,엘리베이터,"2호선 대림, 문래 방면 엘리베이터"
S1_2_0359,2호선,신도림,move_path,paren,1,B1,1F,1,up,EV,엘리베이터,1호선 영등포 방면 엘리베이터
S1_2_0359,2호선,신도림,move_path,paren,1,B1,1F,1,up,EV,엘리베이터,1호선 구로 방면 엘리베이터
S1_2_0359,2호선,신도림,move_path,paren,0,B2,1F,2,up,EV,엘리베이터,승강장 내 엘리베이터
S1_2_0359,2호선,신도림,move_path,paren,1,B2,B1,1,up,EV,엘리베이터,승강장 내 엘리베이터
S1_2_0359,2호선,신도림,facility_span,,1,2F,B1,2,down,EV,엘리베이터,[3호기]1번출구측
S1_2_0359,2호선,신도림,facility_span,,1,2F,B1,2,down,EV,엘리베이터,[5호기](2층)-5번출입구에스컬레이터뒤쪽
S1_2_0359,2호선,신도림,facility_span,,1,1F,B1,1,down,EV,엘리베이터,[4호기]2번출구측
S1_2_0359,2호선,신도림,facility_span,,1,B1,B2,1,down,EV,엘리베이터,"[1호기]대림방면4-4,문래방면7-4"
S1_2_0359,2호선,신도림,facility_span,,1,B1,B2,1,down,EV,엘리베이터,[2호기]대림방면3-2
S1_2_0130,2호선,대림,move_path,paren,1,1F,2F,1,up,EV,엘리베이터,3번/4번 출입구 사이 엘리베이터
S1_2_0130,2호선,대림,move_path,paren,1,2F,3F,1,up,EV,엘리베이터,구로디지털단지 방면 엘리베이터
S1_2_0130,2호선,대림,move_path,paren,1,2F,3F,1,up,EV,엘리베이터,신도림 방면 엘리베이터
S1_2_0130,2호선,대림,move_path,paren,1,1F,2F,1,up,EV,엘리베이터,7번/8번 출입구 사이 엘리베이터
S1_2_0130,2호선,대림,facility_span,,1,3F,2F,1,down,EV,엘리베이터,[4호기]신도림방면8-3
S1_2_0130,2호선,대림,facility_span,,1,3F,2F,1,down,EV,엘리베이터,[3호기]구로디지털단지방면3-2
S1_2_0130,2호선,대림,facility_span,,1,2F,1F,1,down,EV,엘리베이터,[1호기]7번출구측
S1_2_0130,2호선,대림,facility_span,,1,2F,1F,1,down,EV,엘리베이터,[2호기]4번출구측
S1_2_0070,2호선,구로디지털단지,move_path,paren,1,1F,2F,1,up,EV,엘리베이터,1번 출입구와 6번 출입구 사이 엘리베이터
S1_2_0070,2호선,구로디지털단지,move_path,paren,1,2F,3F,1,up,EV,엘리베이터,신대방 방면 내부 엘리베이터
S1_2_0070,2호선,구로디지털단지,move_path,paren,1,2F,3F,1,up,EV,엘리베이터,대림 방면 내부 엘리베이터
S1_2_0070,2호선,구로디지털단지,move_path,paren,1,1F,2F,1,up,EV,엘리베이터,2번 출입구와 3번 출입구 사이 엘리베이터
S1_2_0070,2호선,구로디지털단지,move_path,,,2F,2F,0,same,PASSAGE,환승통로,"2,3번 출입구와 대합실 사이 연결통로 이동"
S1_2_0070,2호선,구로디지털단지,facility_span,,1,3F,2F,1,down,EV,엘리베이터,[3호기]6번출구측
S1_2_0070,2호선,구로디지털단지,facility_span,,1,3F,2F,1,down,EV,엘리베이터,[2호기]대림방면7-4
S1_2_0070,2호선,구로디지털단지,facility_span,,1,2F,1F,1,down,EV,엘리베이터,[1호기]신대방방면3-4
S1_2_0070,2호선,구로디지털단지,facility_span,,1,2F,1F,1,down,EV,엘리베이터,"[4호기]2,3번출구사이"
S1_2_0357,2호선,신대방,move_path,paren,1,1F,2F,1,up,EV,엘리베이터,1번 출입구 옆 엘리베이터
S1_2_0357,2호선,신대방,move_path,paren,1,2F,3F,1,up,EV,엘리베이터,신림 방면 엘리베이터
S1_2_0357,2호선,신대방,move_path,paren,1,2F,3F,1,up,EV,엘리베이터,구로디지털단지 방면 엘리베이터
S1_2_0357,2호선,신대방,facility_span,,1,3F,2F,1,down,EV,엘리베이터,[2호기]구로디지털단지방면8-1
S1_2_0357,2호선,신대방,facility_span,,1,3F,2F,1,down,EV,엘리베이터,[1호기]신림방면3-4
S1_2_0357,2호선,신대방,facility_span,,1,2F,1F,1,down,EV,엘리베이터,[3호기]1번출구측
S1_2_0361,2호선,신림,move_path,paren,1,1F,B1,1,down,EV,엘리베이터,1번 출입구 옆 엘리베이터
S1_2_0361,2호선,신림,move_path,paren,1,B1,B2,1,down,EV,엘리베이터,승강장 방향 엘리베이터
S1_2_0361,2호선,신림,move_path,paren,1,1F,B1,1,down,EV,엘리베이터,5번 출입구 옆 엘리베이터
S1_2_0361,2호선,신림,move_path,paren,1,B2,B1,1,up,EV,엘리베이터,대합실 방향 엘리베이터
S1_2_0361,2호선,신림,move_path,paren,0,B1,B3,2,down,EV,엘리베이터,신림선 승강장 방향 엘리베이터
S1_2_0361,2호선,신림,facility_span,,1,1F,B1,1,down,EV,엘리베이터,[3호기]5번출구측
S1_2_0361,2호선,신림,facility_span,,1,1F,B1,1,down,EV,엘리베이터,[2호기]1번출구측
S1_2_0361,2호선,신림,facility_span,,1,B1,B2,1,down,EV,엘리베이터,"[1호기]신대방방면2-3,봉천방면7-4"
S1_2_0242,2호선,봉천,move_path,paren,1,1F,B1,1,down,EV,엘리베이터,4번 출입구 옆 엘리베이터
S1_2_0242,2호선,봉천,move_path,paren,1,B1,B2,1,down,EV,엘리베이터,승강장 방향 엘리베이터
S1_2_0242,2호선,봉천,facility_span,,1,1F,B1,1,down,EV,엘리베이터,[2호기]4번출구측
S1_2_0242,2호선,봉천,facility_span,,1,B1,B2,1,down,EV,엘리베이터,"[1호기]신림방면4-4,서울대방면7-4"
S1_2_0294,2호선,서울대입구,facility_span,,1,1F,B1,1,down,EV,엘리베이터,[3호기]2번출구측
S1_2_0294,2호선,서울대입구,facility_span,,1,1F,B1,1,down,EV,엘리베이터,[2호기]6번출구측
S1_2_0294,2호선,서울대입구,facility_span,,1,B1,B2,1,down,EV,엘리베이터,"[1호기]봉천방면6-2,낙성대방면5-3"
S1_2_0102,2호선,낙성대,move_path,paren,1,1F,B1,1,down,EV,엘리베이터,6번 출입구 옆 엘리베이터
S1_2_0102,2호선,낙성대,move_path,paren,1,B1,B2,1,down,EV,엘리베이터,사당 방면 엘리베이터
S1_2_0102,2호선,낙성대,move_path,paren,1,B1,B2,1,down,EV,엘리베이터,서울대입구 방면 엘리베이터
S1_2_0102,2호선,낙성대,facility_span,,1,1F,B1,1,down,EV,엘리베이터,[3호기]6번출구측
S1_2_0102,2호선,낙성대,facility_span,,1,B1,B2,1,down,EV,엘리베이터,[2호기]서울대입구방면3-3
S1_2_0102,2호선,낙성대,facility_span,,1,B1,B2,1,down,EV,엘리베이터,[1호기]사당방면8-2
S1_2_0257,2호선,사당,move_path,paren,1,1F,B1,1,down,EV,엘리베이터,6번 출입구 옆 엘리베이터
S1_2_0257,2호선,사당,move_path,paren,1,B1,B2,1,down,EV,엘리베이터,방배 방면 엘리베이터
S1_2_0257,2호선,사당,move_path,paren,1,B1,B2,1,down,EV,엘리베이터,낙성대 방면 엘리베이터
S1_2_0257,2호선,사당,move_path,paren,1,1F,B1,1,down,EV,엘리베이터,14번 출입구 옆 엘리베이터
S1_2_0257,2호선,사당,move_path,paren,1,B2,B1,1,up,EV,엘리베이터,대합실 방향 엘리베이터
S1_2_0257,2호선,사당,move_path,paren,0,B1,B3,2,down,EV,엘리베이터,4호선 승강장 방향 엘리베이터
S1_2_0257,2호선,사당,move_path,paren,0,B2,B3,1,down,EV,엘리베이터,승강장 내 엘리베이터
S1_2_0257,2호선,사당,facility_span,,1,1F,B1,1,down,EV,엘리베이터,[3호기]6번출구측
S1_2_0257,2호선,사당,facility_span,,1,1F,B1,1,down,EV,엘리베이터,[2호기]14번출구측
S1_2_0257,2호선,사당,facility_span,,1,B1,B2,1,down,EV,엘리베이터,[1호기]방배방면4-4
S1_2_0218,2호선,방배,move_path,paren,1,1F,B1,1,down,EV,엘리베이터,3번 출입구 옆 엘리베이터
S1_2_0218,2호선,방배,move_path,paren,1,B1,B2,1,down,EV,엘리베이터,서초 방면 엘리베이터
S1_2_0218,2호선,방배,move_path,paren,1,B1,B2,1,down,EV,엘리베이터,사당 방면 엘리베이터
S1_2_0218,2호선,방배,facility_span,,1,1F,B1,1,down,EV,엘리베이터,[3호기]3번출구측
S1_2_0218,2호선,방배,facility_span,,1,B1,B2,1,down,EV,엘리베이터,[2호기]사당방면3-1
S1_2_0218,2호선,방배,facility_span,,1,B1,B2,1,down,EV,엘리베이터,[1호기]서초방면8-3
S1_2_0298,2호선,서초,move_path,paren,1,1F,B1,1,down,EV,엘리베이터,1번 출입구 옆 엘리베이터
S1_2_0298,2호선,서초,move_path,paren,1,B1,B2,1,down,EV,엘리베이터,교대 방면 엘리베이터
S1_2_0298,2호선,서초,move_path,paren,1,B1,B2,1,down,EV,엘리베이터,방배 방면 엘리베이터
S1_2_0298,2호선,서초,move_path,paren,1,1F,B1,1,down,EV,엘리베이터,4번 출입구 옆 엘리베이터
S1_2_0298,2호선,서초,facility_span,,1,1F,B1,1,down,EV,엘리베이터,"[4호기]3,4번출구측"
S1_2_0298,2호선,서초,facility_span,,1,1F,B1,1,down,EV,엘리베이터,[3호기]1번출구측
S1_2_0298,2호선,서초,facility_span,,1,B1,B2,1,down,EV,엘리베이터,[2호기]방배방면9-1
S1_2_0298,2호선,서초,facility_span,,1,B1,B2,1,down,EV,엘리베이터,[1호기]교대방면2-4
S1_2_0068,2호선,교대,move_path,paren,1,1F,B1,1,down,EV,엘리베이터,12번 출입구 옆 엘리베이터
S1_2_0068,2호선,교대,move_path,paren,1,B1,B2,1,down,EV,엘리베이터,강남 방면 엘리베이터
S1_2_0068,2호선,교대,move_path,paren,1,B1,B2,1,down,EV,엘리베이터,서초 방면 엘리베이터
S1_2_0068,2호선,교대,move_path,paren,1,1F,B1,1,down,EV,엘리베이터,13번 출입구 옆 엘리베이터
S1_2_0068,2호선,교대,move_path,paren,1,B2,B1,1,up,EV,엘리베이터,대합실 방향 엘리베이터
S1_2_0068,2호선,교대,move_path,paren,0,B1,B3,2,down,EV,엘리베이터,3호선 승강장 방향 엘리베이터
S1_2_0068,2호선,교대,facility_span,,1,1F,B1,1,down,EV,엘리베이터,[3호기]5번출구측
S1_2_0068,2호선,교대,facility_span,,1,B1,B2,1,down,EV,엘리베이터,[2호기]서초방면3-1
S1_2_0068,2호선,교대,facility_span,,1,B1,B2,1,down,EV,엘리베이터,[1호기]강남방면8-4
S1_2_0017,2호선,강남,move_path,paren,1,1F,B1,1,down,EV,엘리베이터,1번 출입구 옆 엘리베이터
S1_2_0017,2호선,강남,move_path,paren,1,B1,B2,1,down,EV,엘리베이터,역삼 방면 엘리베이터
S1_2_0017,2호선,강남,move_path,paren,1,B1,B2,1,down,EV,엘리베이터,교대 방면 엘리베이터
S1_2_0017,2호선,강남,move_path,paren,1,1F,B1,1,down,EV,엘리베이터,8번 출입구 옆 엘리베이터
S1_2_0017,2호선,강남,move_path,paren,1,1F,B1,1,down,EV,엘리베이터,10번 출입구 옆 엘리베이터
S1_2_0017,2호선,강남,move_path,paren,0,B2,B3,1,down,EV,엘리베이터,환승 엘리베이터
S1_2_0017,2호선,강남,move_path,,,B3,B3,0,same,PASSAGE,환승통로,환승통로로 이동
S1_2_0017,2호선,강남,move_path,paren,0,B3,B4,1,down,EV,엘리베이터,신분당선 신논현 방면 엘리베이터
S1_2_0017,2호선,강남,move_path,paren,0,B3,B4,1,down,EV,엘리베이터,신분당선 양재 방면 엘리베이터
S1_2_0017,2호선,강남,facility_span,,1,1F,B1,1,down,EV,엘리베이터,[4호기]10번출구측
S1_2_0017,2호선,강남,facility_span,,1,1F,B1,1,down,EV,엘리베이터,[3호기]1번출구측
S1_2_0017,2호선,강남,facility_span,,1,B1,B2,1,down,EV,엘리베이터,[2호기]교대방면3-4
S1_2_0017,2호선,강남,facility_span,,1,B1,B2,1,down,EV,엘리베이터,[1호기]역삼방면8-1
S1_2_0415,2호선,역삼,move_path,paren,0,1F,B2,2,down,EV,엘리베이터,3번 출입구 옆 엘리베이터
S1_2_0415,2호선,역삼,move_path,paren,0,B2,B3,1,down,EV,엘리베이터,선릉 방면 엘리베이터
S1_2_0415,2호선,역삼,move_path,paren,0,B2,B3,1,down,EV,엘리베이터,강남 방면 엘리베이터
S1_2_0415,2호선,역삼,move_path,paren,0,1F,B2,2,down,EV,엘리베이터,4번 출입구 옆 엘리베이터
S1_2_0415,2호선,역삼,facility_span,,1,1F,B1,1,down,EV,엘리베이터,[4호기]4번출구측
S1_2_0415,2호선,역삼,facility_span,,1,1F,B1,1,down,EV,엘리베이터,[3호기]3번출구측
S1_2_0415,2호선,역삼,facility_span,,1,B1,B2,1,down,EV,엘리베이터,[2호기]강남방면4-1
S1_2_0415,2호선,역삼,facility_span,,1,B1,B2,1,down,EV,엘리베이터,[1호기]선릉방면7-3
S1_2_0306,2호선,선릉,move_path,paren,1,1F,B1,1,down,EV,엘리베이터,1번 출입구 옆 엘리베이터
S1_2_0306,2호선,선릉,move_path,paren,0,B1,B2,1,down,EV,엘리베이터,삼성 방면 엘리베이터
S1_2_0306,2호선,선릉,move_path,paren,0,B1,B2,1,down,EV,엘리베이터,역삼 방면 엘리베이터
S1_2_0306,2호선,선릉,move_path,paren,1,1F,B1,1,down,EV,엘리베이터,5번 출입구 옆 엘리베이터
S1_2_0306,2호선,선릉,move_path,paren,1,1F,B1,1,down,EV,엘리베이터,10번 출입구 옆 엘리베이터
S1_2_0306,2호선,선릉,move_path,paren,0,B2,B3,1,down,EV,엘리베이터,수인분당선 선정릉 방면 엘리베이터
S1_2_0306,2호선,선릉,move_path,paren,0,B2,B3,1,down,EV,엘리베이터,수인분당선 한티 방면 엘리베이터
S1_2_0306,2호선,선릉,facility_span,,1,1F,B1,1,down,EV,엘리베이터,[1호기]1번출구측
S1_2_0306,2호선,선릉,facility_span,,1,1F,B1,1,down,EV,엘리베이터,[3호기]10번출구측
S1_2_0306,2호선,선릉,facility_span,,1,1F,B1,1,down,EV,엘리베이터,[2호기]5번출구측
S1_2_0266,2호선,삼성,move_path,paren,1,1F,B1,1,down,EV,엘리베이터,1번 출입구 옆 엘리베이터
S1_2_0266,2호선,삼성,move_path,paren,1,B1,B2,1,down,EV,엘리베이터,승강장 방향 엘리베이터
S1_2_0266,2호선,삼성,move_path,paren,1,1F,B1,1,down,EV,엘리베이터,4번 출입구 옆 엘리베이터
S1_2_0266,2호선,삼성,move_path,paren,1,1F,B1,1,down,EV,엘리베이터,6번 출입구 옆 엘리베이터
S1_2_0266,2호선,삼성,move_path,,,B1,B1,0,same,PASSAGE,환승통로,이동통로로 이동
S1_2_0266,2호선,삼성,facility_span,,1,1F,B1,1,down,EV,엘리베이터,[2호기]1번출구측
S1_2_0266,2호선,삼성,facility_span,,1,1F,B1,1,down,EV,엘리베이터,[4호기]4번출구측
S1_2_0266,2호선,삼성,facility_span,,1,1F,B1,1,down,EV,엘리베이터,[3호기]6번출구측
S1_2_0266,2호선,삼성,facility_span,,1,B1,B2,1,down,EV,엘리베이터,"[1호기]종합운동장방면3-1,선릉방면8-4"
S1_2_0518,2호선,종합운동장,move_path,paren,1,1F,B1,1,down,EV,엘리베이터,6번 출입구 옆 엘리베이터
S1_2_0518,2호선,종합운동장,move_path,paren,1,B1,B2,1,down,EV,엘리베이터,잠실새내 방면 엘리베이터
S1_2_0518,2호선,종합운동장,move_path,paren,1,B1,B2,1,down,EV,엘리베이터,삼성 방면 엘리베이터
S1_2_0518,2호선,종합운동장,move_path,paren,1,B2,B1,1,up,EV,엘리베이터,대합실 방향 엘리베이터
S1_2_0518,2호선,종합운동장,move_path,,,B1,B1,0,same,PASSAGE,환승통로,9호선 방향 환승통로로 이동
S1_2_0518,2호선,종합운동장,move_path,paren,1,B1,B2,1,down,EV,엘리베이터,환승 엘리베이터
S1_2_0518,2호선,종합운동장,move_path,paren,0,B2,B4,2,down,EV,엘리베이터,9호선 삼전 방면 엘리베이터
S1_2_0518,2호선,종합운동장,move_path,paren,0,B2,B4,2,down,EV,엘리베이터,9호선 봉은사 방면 엘리베이터
S1_2_0518,2호선,종합운동장,facility_span,,1,1F,B1,1,down,EV,엘리베이터,[3호기]6번출구측
S1_2_0518,2호선,종합운동장,facility_span,,1,B1,B2,1,down,EV,엘리베이터,[2호기]삼성방면8-4
S1_2_0518,2호선,종합운동장,facility_span,,1,B1,B2,1,down,EV,엘리베이터,[1호기]잠실새내방면2-4
S1_2_0499,2호선,잠실새내,move_path,paren,1,1F,B1,1,down,EV,엘리베이터,2번 출입구 옆 엘리베이터
S1_2_0499,2호선,잠실새내,move_path,paren,1,B1,B2,1,down,EV,엘리베이터,잠실 방면 엘리베이터
S1_2_0499,2호선,잠실새내,move_path,paren,1,B1,B2,1,down,EV,엘리베이터,종합운동장 방면 엘리베이터
S1_2_0499,2호선,잠실새내,move_path,paren,1,1F,B1,1,down,EV,엘리베이터,7번 출입구 옆 엘리베이터
S1_2_0499,2호선,잠실새내,facility_span,,1,1F,B1,1,down,EV,엘리베이터,[4호기]2번출구측
S1_2_0499,2호선,잠실새내,facility_span,,1,1F,B1,1,down,EV,엘리베이터,[3호기]7번출구측
S1_2_0499,2호선,잠실새내,facility_span,,1,B1,B2,1,down,EV,엘리베이터,[2호기]종합운동장방면4-1
S1_2_0499,2호선,잠실새내,facility_span,,1,B1,B2,1,down,EV,엘리베이터,[1호기]잠실방면7-3
S1_2_0497,2호선,잠실,move_path,paren,1,1F,B1,1,down,EV,엘리베이터,1번 출입구 옆 엘리베이터
S1_2_0497,2호선,잠실,move_path,paren,1,B1,B2,1,down,EV,엘리베이터,잠실나루 방면 엘리베이터
S1_2_0497,2호선,잠실,move_path,paren,1,B1,B2,1,down,EV,엘리베이터,잠실새내 방면 엘리베이터
S1_2_0497,2호선,잠실,move_path,paren,1,B2,B1,1,up,EV,엘리베이터,대합실 방향 엘리베이터
S1_2_0497,2호선,잠실,move_path,paren,0,B1,B3,2,down,EV,엘리베이터,8호선 몽촌토성 방면 엘리베이터
S1_2_0497,2호선,잠실,move_path,paren,0,B1,B3,2,down,EV,엘리베이터,8호선 석촌 방면 엘리베이터
S1_2_0497,2호선,잠실,facility_span,,1,1F,B1,1,down,EV,엘리베이터,[4호기]1번출구측
S1_2_0497,2호선,잠실,facility_span,,1,1F,B1,1,down,EV,엘리베이터,[3호기]6번출구측
S1_2_0497,2호선,잠실,facility_span,,1,B1,B2,1,down,EV,엘리베이터,[2호기]잠실새내방면6-3
S1_2_0497,2호선,잠실,facility_span,,1,B1,B2,1,down,EV,엘리베이터,[1호기]잠실나루방면5-2
S1_2_0498,2호선,잠실나루,move_path,paren,1,1F,2F,1,up,EV,엘리베이터,강변 방면 엘리베이터
S1_2_0498,2호선,잠실나루,move_path,paren,1,1F,2F,1,up,EV,엘리베이터,잠실 방면 엘리베이터
S1_2_0498,2호선,잠실나루,facility_span,,1,2F,1F,1,down,EV,엘리베이터,[1호기]강변방면3-4
S1_2_0498,2호선,잠실나루,facility_span,,1,2F,1F,1,down,EV,엘리베이터,[2호기]잠실방면8-1
S1_2_0023,2호선,강변,move_path,paren,1,1F,2F,1,up,EV,엘리베이터,구의 방면 엘리베이터
S1_2_0023,2호선,강변,move_path,paren,1,1F,2F,1,up,EV,엘리베이터,잠실나루 방면 엘리베이터
S1_2_0023,2호선,강변,facility_span,,1,2F,1F,1,down,EV,엘리베이터,[1호기]구의방면4-2
S1_2_0023,2호선,강변,facility_span,,1,2F,1F,1,down,EV,엘리베이터,[2호기]잠실나루방면7-3
S1_2_0076,2호선,구의,move_path,paren,1,1F,3F,2,up,EV,엘리베이터,2번 출입구 옆 엘리베이터
S1_2_0076,2호선,구의,move_path,paren,0,1F,2F,1,up,EV,엘리베이터,2번 출입구 옆 엘리베이터
S1_2_0076,2호선,구의,move_path,paren,1,2F,3F,1,up,EV,엘리베이터,강변 방면 엘리베이터
S1_2_0076,2호선,구의,facility_span,,1,3F,2F,1,down,EV,엘리베이터,[1호기]건대입구방면4-3
S1_2_0076,2호선,구의,facility_span,,1,3F,1F,2,down,EV,엘리베이터,"[2호기]강변방면7-2,2번출구측"
S1_2_0031,2호선,건대입구,move_path,paren,0,1F,2F,1,up,EV,엘리베이터,1번 출입구 옆 엘리베이터
S1_2_0031,2호선,건대입구,move_path,paren,1,2F,3F,1,up,EV,엘리베이터,구의 방면 엘리베이터
S1_2_0031,2호선,건대입구,move_path,inline,1,2F,3F,1,up,EV,엘리베이터,개집표기 통과 후 고객안내센터 맞은편 성수방면 엘리베이터
S1_2_0031,2호선,건대입구,move_path,paren,1,1F,3F,2,up,EV,엘리베이터,6번 출입구 옆 엘리베이터
S1_2_0031,2호선,건대입구,move_path,paren,1,3F,1F,2,down,EV,엘리베이터,표 내는 곳 통과 후 2호선 대합실 방향 엘리베이터
S1_2_0031,2호선,건대입구,move_path,paren,0,1F,B2,2,down,EV,엘리베이터,3번 출입구 옆 엘리베이터
S1_2_0031,2호선,건대입구,move_path,inline,0,2F,1F,1,down,EV,엘리베이터,개집표기 통과 후 1번출입구 앞 엘리베이터
S1_2_0031,2호선,건대입구,move_path,inline,0,1F,B2,2,down,EV,엘리베이터,3번출입구 옆 엘리베이터
S1_2_0031,2호선,건대입구,move_path,paren,0,B2,B3,1,down,EV,엘리베이터,7호선 어린이대공원 방면 엘리베이터
S1_2_0031,2호선,건대입구,move_path,paren,0,B3,B2,1,up,EV,엘리베이터,7호선 자양 방면 엘리베이터
S1_2_0031,2호선,건대입구,move_path,paren,1,3F,2F,1,down,EV,엘리베이터,2호선 성수 방면 엘리베이터
S1_2_0031,2호선,건대입구,move_path,paren,0,2F,B2,3,down,EV,엘리베이터,1번 출입구 옆 엘리베이터
S1_2_0031,2호선,건대입구,facility_span,,1,3F,1F,2,down,EV,엘리베이터,"[2호기]구의방면7-3,6번출구측"
S1_2_0031,2호선,건대입구,facility_span,,1,3F,2F,1,down,EV,엘리베이터,[1호기]성수방면5-4
S1_2_0314,2호선,성수,move_path,paren,1,1F,2F,1,up,EV,엘리베이터,1번 출입구 옆 엘리베이터
S1_2_0314,2호선,성수,move_path,paren,1,2F,3F,1,up,EV,엘리베이터,뚝섬 방면 엘리베이터
S1_2_0314,2호선,성수,move_path,paren,1,2F,3F,1,up,EV,엘리베이터,건대입구 방면 엘리베이터
S1_2_0314,2호선,성수,move_path,paren,1,1F,2F,1,up,EV,엘리베이터,4번 출입구 옆 엘리베이터
S1_2_0314,2호선,성수,move_path,paren,1,3F,2F,1,down,EV,엘리베이터,대합실 방향 엘리베이터
S1_2_0314,2호선,성수,move_path,paren,1,2F,3F,1,up,EV,엘리베이터,2호선 용답 방면 엘리베이터
S1_2_0314,2호선,성수,move_path,paren,1,2F,3F,1,up,EV,엘리베이터,2호선 건대입구 방면 엘리베이터
S1_2_0314,2호선,성수,facility_span,,1,3F,2F,1,down,EV,엘리베이터,[2호기]건대입구방면4-4
S1_2_0314,2호선,성수,facility_span,,1,3F,2F,1,down,EV,엘리베이터,[1호기]뚝섬방면7-1
S1_2_0314,2호선,성수,facility_span,,1,2F,1F,1,down,EV,엘리베이터,[4호기]4번출구측
S1_2_0314,2호선,성수,facility_span,,1,2F,1F,1,down,EV,엘리베이터,[3호기]1번출구측
S1_2_0175,2호선,뚝섬,move_path,paren,1,1F,2F,1,up,EV,엘리베이터,3번 출입구 옆 엘리베이터
S1_2_0175,2호선,뚝섬,move_path,paren,1,2F,3F,1,up,EV,엘리베이터,한양대 방면 엘리베이터
S1_2_0175,2호선,뚝섬,move_path,paren,1,2F,3F,1,up,EV,엘리베이터,성수 방면 엘리베이터
S1_2_0175,2호선,뚝섬,move_path,paren,1,1F,2F,1,up,EV,엘리베이터,6번 출입구 옆 엘리베이터
S1_2_0175,2호선,뚝섬,facility_span,,1,3F,2F,1,down,EV,엘리베이터,[2호기]성수방면7-1
S1_2_0175,2호선,뚝섬,facility_span,,1,3F,2F,1,down,EV,엘리베이터,[1호기]한양대방면7-1
S1_2_0175,2호선,뚝섬,facility_span,,1,2F,1F,1,down,EV,엘리베이터,[3호기]3번출구측
S1_2_0175,2호선,뚝섬,facility_span,,1,2F,1F,1,down,EV,엘리베이터,[4호기]6번출구측
S1_2_0588,2호선,한양대,move_path,paren,1,1F,2F,1,up,EV,엘리베이터,2번 출입구 옆 엘리베이터
S1_2_0588,2호선,한양대,move_path,paren,1,2F,1F,1,down,EV,엘리베이터,왕십리 방면 엘리베이터
S1_2_0588,2호선,한양대,move_path,paren,1,2F,1F,1,down,EV,엘리베이터,뚝섬 방면 엘리베이터
S1_2_0588,2호선,한양대,move_path,paren,1,1F,2F,1,up,EV,엘리베이터,4번 출입구 옆 엘리베이터
S1_2_0588,2호선,한양대,facility_span,,1,2F,1F,1,down,EV,엘리베이터,[2호기]4번출구(육교)측
S1_2_0588,2호선,한양대,facility_span,,1,2F,1F,1,down,EV,엘리베이터,[1호기]왕십리방면3-3
S1_2_0441,2호선,왕십리,move_path,paren,0,1F,B1,1,down,EV,엘리베이터,4번/5번 출입구 사이 엘리베이터
S1_2_0441,2호선,왕십리,move_path,paren,1,B1,B2,1,down,EV,엘리베이터,상왕십리 방면 엘리베이터
S1_2_0441,2호선,왕십리,move_path,paren,1,B1,B2,1,down,EV,엘리베이터,한양대 방면 엘리베이터
S1_2_0441,2호선,왕십리,move_path,paren,0,1F,B1,1,down,EV,엘리베이터,6-1번 출입구 옆 엘리베이터
S1_2_0441,2호선,왕십리,move_path,paren,0,B2,B4,2,down,EV,엘리베이터,5호선 방향 엘리베이터
S1_2_0441,2호선,왕십리,move_path,paren,0,B4,B5,1,down,EV,엘리베이터,5호선 행당 방면 엘리베이터
S1_2_0441,2호선,왕십리,move_path,paren,0,B4,B5,1,down,EV,엘리베이터,5호선 마장 방면 엘리베이터
S1_2_0441,2호선,왕십리,move_path,paren,1,B2,B1,1,up,EV,엘리베이터,환승대합실 방향 엘리베이터
S1_2_0441,2호선,왕십리,move_path,paren,1,B1,B2,1,down,EV,엘리베이터,2호선 상왕십리 방면 엘리베이터
S1_2_0441,2호선,왕십리,move_path,paren,0,B1,1F,1,up,EV,엘리베이터,수인분당선 승강장 방향 엘리베이터
S1_2_0441,2호선,왕십리,move_path,paren,0,B1,1F,1,up,EV,엘리베이터,경의중앙선 승강장 방향 엘리베이터
S1_2_0441,2호선,왕십리,facility_span,,1,B1,B2,1,down,EV,엘리베이터,[1호기]상왕십리방면3-2
S1_2_0441,2호선,왕십리,facility_span,,1,B1,B2,1,down,EV,엘리베이터,[2호기]한양대방면3-4
S1_2_0279,2호선,상왕십리,move_path,paren,1,1F,B1,1,down,EV,엘리베이터,1-1번 출입구 옆 엘리베이터
S1_2_0279,2호선,상왕십리,move_path,paren,1,B1,B2,1,down,EV,엘리베이터,신당 방면 엘리베이터
S1_2_0279,2호선,상왕십리,move_path,paren,1,B1,B2,1,down,EV,엘리베이터,왕십리 방면 엘리베이터
S1_2_0279,2호선,상왕십리,facility_span,,1,1F,B1,1,down,EV,엘리베이터,[3호기]1-1번출구측
S1_2_0279,2호선,상왕십리,facility_span,,1,B1,B2,1,down,EV,엘리베이터,[2호기]왕십리방면3-4
S1_2_0279,2호선,상왕십리,facility_span,,1,B1,B2,1,down,EV,엘리베이터,[1호기]신당방면8-1
S1_2_0356,2호선,신당,move_path,paren,1,1F,B1,1,down,EV,엘리베이터,2번 출입구 옆 엘리베이터
S1_2_0356,2호선,신당,move_path,paren,1,B1,B2,1,down,EV,엘리베이터,동대문역사문화공원 방면 엘리베이터
S1_2_0356,2호선,신당,move_path,paren,1,B1,B2,1,down,EV,엘리베이터,상왕십리 방면 엘리베이터
S1_2_0356,2호선,신당,move_path,paren,1,B2,B1,1,up,WCLF,휠체어리프트,환승통로 방향 휠체어리프트
S1_2_0356,2호선,신당,move_path,,,B1,B1,0,same,PASSAGE,환승통로,6호선 방향 환승통로로 이동
S1_2_0356,2호선,신당,move_path,paren,1,B1,B2,1,down,WCLF,휠체어리프트,휠체어리프트
S1_2_0356,2호선,신당,move_path,paren,0,B2,B3,1,down,WCLF,휠체어리프트,휠체어리프트
S1_2_0356,2호선,신당,facility_span,,1,1F,B1,1,down,EV,엘리베이터,[1호기]2번출구측
S1_2_0356,2호선,신당,facility_span,,1,B1,B2,1,down,EV,엘리베이터,[3호기]상왕십리방면7-4
S1_2_0356,2호선,신당,facility_span,,1,B1,B2,1,down,EV,엘리베이터,[2호기]동대문역사문화공원방면3-4
S1_2_0156,2호선,동대문역사문화공원,move_path,paren,1,1F,B1,1,down,EV,엘리베이터,1번 출입구 옆 엘리베이터
S1_2_0156,2호선,동대문역사문화공원,move_path,paren,1,B1,B2,1,down,EV,엘리베이터,을지로4가 방면 엘리베이터
S1_2_0156,2호선,동대문역사문화공원,move_path,paren,1,B1,B2,1,down,EV,엘리베이터,신당 방면 엘리베이터
S1_2_0156,2호선,동대문역사문화공원,move_path,paren,1,B2,B1,1,up,EV,엘리베이터,대합실 방향 엘리베이터
S1_2_0156,2호선,동대문역사문화공원,move_path,paren,0,B1,B3,2,down,EV,엘리베이터,4호선 승강장 방향 엘리베이터
S1_2_0156,2호선,동대문역사문화공원,move_path,paren,0,B3,B5,2,down,EV,엘리베이터,5호선 승강장 방향 엘리베이터
S1_2_0156,2호선,동대문역사문화공원,facility_span,,1,1F,B1,1,down,EV,엘리베이터,[3호기]1번출구측
S1_2_0156,2호선,동대문역사문화공원,facility_span,,1,B1,B2,1,down,EV,엘리베이터,[2호기]신당방면3-2
S1_2_0156,2호선,동대문역사문화공원,facility_span,,1,B1,B2,1,down,EV,엘리베이터,[1호기]을지로4가방면8-3
S1_2_0465,2호선,을지로4가,move_path,inline,1,1F,B1,1,down,EV,엘리베이터,8번 출입구 옆 엘리베이터
S1_2_0465,2호선,을지로4가,move_path,paren,1,B1,B2,1,down,EV,엘리베이터,동대문역사문화공원 방면 엘리베이터
S1_2_0465,2호선,을지로4가,move_path,inline,1,B1,B2,1,down,EV,엘리베이터,10번출구 엘리베이터
S1_2_0465,2호선,을지로4가,move_path,inline,1,B2,B1,1,up,EV,엘리베이터,지하2층 승강장에서 엘리베이터
S1_2_0465,2호선,을지로4가,move_path,inline,0,B1,B5,4,down,EV,엘리베이터,을지로3가방면 표 내는 곳 옆의 엘리베이터
S1_2_0465,2호선,을지로4가,facility_span,,1,1F,B1,1,down,EV,엘리베이터,[3호기]8번출구측
S1_2_0465,2호선,을지로4가,facility_span,,1,B1,B2,1,down,EV,엘리베이터,[2호기]동대문역사문화공원방면8-3
S1_2_0465,2호선,을지로4가,facility_span,,1,B1,B2,1,down,EV,엘리베이터,[1호기]을지로3가방면3-2
S1_2_0464,2호선,을지로3가,move_path,paren,0,1F,B1,1,down,EV,엘리베이터,10번 출입구 옆 엘리베이터
S1_2_0464,2호선,을지로3가,move_path,paren,1,B1,B2,1,down,EV,엘리베이터,을지로입구 방면 엘리베이터
S1_2_0464,2호선,을지로3가,move_path,paren,1,B1,B2,1,down,EV,엘리베이터,을지로4가 방면 엘리베이터
S1_2_0464,2호선,을지로3가,move_path,paren,0,1F,B1,1,down,EV,엘리베이터,12번 출입구 옆 엘리베이터
S1_2_0464,2호선,을지로3가,move_path,paren,1,B2,B1,1,up,EV,엘리베이터,대합실 방향 엘리베이터
S1_2_0464,2호선,을지로3가,move_path,paren,0,B1,B3,2,down,EV,엘리베이터,3호선 승강장 방향 엘리베이터
S1_2_0464,2호선,을지로3가,move_path,,,B2,B2,0,same,PASSAGE,환승통로,3호선 연결통로로 이동
S1_2_0464,2호선,을지로3가,move_path,paren,0,B2,B3,1,down,EV,엘리베이터,3호선 승강장 방향 엘리베이터
S1_2_0464,2호선,을지로3가,facility_span,,1,B1,B2,1,down,EV,엘리베이터,[2호기]을지로4가방면3-2
S1_2_0464,2호선,을지로3가,facility_span,,1,B1,B2,1,down,EV,엘리베이터,[1호기]을지로입구방면8-3
S1_2_0466,2호선,을지로입구,move_path,paren,1,1F,B1,1,down,EV,엘리베이터,1번 출입구 옆 엘리베이터
S1_2_0466,2호선,을지로입구,move_path,paren,1,B1,B2,1,down,EV,엘리베이터,시청 방면 엘리베이터
S1_2_0466,2호선,을지로입구,move_path,paren,1,B1,B2,1,down,EV,엘리베이터,을지로3가 방면 엘리베이터
S1_2_0466,2호선,을지로입구,move_path,paren,1,1F,B1,1,down,EV,엘리베이터,5번 출입구 옆 엘리베이터
S1_2_0466,2호선,을지로입구,facility_span,,1,1F,B1,1,down,EV,엘리베이터,"[4호기]5,6번출구사이"
S1_2_0466,2호선,을지로입구,facility_span,,1,1F,B1,1,down,EV,엘리베이터,[3호기]1번출구측
S1_2_0466,2호선,을지로입구,facility_span,,1,B1,B2,1,down,EV,엘리베이터,[2호기]을지로3가방면6-2
S1_2_0466,2호선,을지로입구,facility_span,,1,B1,B2,1,down,EV,엘리베이터,[1호기]시청방면5-3
S1_2_0443,2호선,용답,move_path,paren,0,1F,2F,1,up,EV,엘리베이터,신답 방면 엘리베이터
S1_2_0443,2호선,용답,move_path,paren,1,2F,3F,1,up,EV,엘리베이터,연결통로 방향 엘리베이터
S1_2_0443,2호선,용답,move_path,,,3F,3F,0,same,PASSAGE,환승통로,연결통로로 이동
S1_2_0443,2호선,용답,move_path,paren,1,3F,2F,1,down,EV,엘리베이터,성수 방면 엘리베이터
S1_2_0443,2호선,용답,facility_span,,1,3F,2F,1,down,EV,엘리베이터,[1호기]신답방면2-2
S1_2_0443,2호선,용답,facility_span,,1,3F,2F,1,down,EV,엘리베이터,[2호기]성수방면3-3
S1_2_0355,2호선,신답,move_path,paren,1,1F,2F,1,up,EV,엘리베이터,이동통로 방향 엘리베이터
S1_2_0355,2호선,신답,move_path,,,2F,2F,0,same,PASSAGE,환승통로,이동통로로 이동
S1_2_0355,2호선,신답,move_path,paren,1,2F,1F,1,down,EV,엘리베이터,용답 방면 엘리베이터
S1_2_0355,2호선,신답,facility_span,,1,2F,1F,1,down,EV,엘리베이터,[1호기]용두방면2-4
S1_2_0355,2호선,신답,facility_span,,1,2F,1F,1,down,EV,엘리베이터,[2호기]용답방면3-2
S1_2_0444,2호선,용두,move_path,paren,1,1F,B1,1,down,EV,엘리베이터,3번 출입구 옆 엘리베이터
S1_2_0444,2호선,용두,move_path,paren,0,B1,B2,1,down,EV,엘리베이터,연결통로 방향 엘리베이터
S1_2_0444,2호선,용두,move_path,,,B2,B2,0,same,PASSAGE,환승통로,연결통로로 이동
S1_2_0444,2호선,용두,move_path,paren,0,B2,B1,1,up,EV,엘리베이터,신답 방면 엘리베이터
S1_2_0444,2호선,용두,move_path,paren,1,1F,B1,1,down,EV,엘리베이터,4번 출입구 옆 엘리베이터
S1_2_0444,2호선,용두,move_path,paren,0,B2,B1,1,up,EV,엘리베이터,신설동 방면 엘리베이터
S1_2_0444,2호선,용두,facility_span,,1,1F,B2,2,down,EV,엘리베이터,[1호기]신설동방면4-3
S1_2_0444,2호선,용두,facility_span,,1,1F,B1,1,down,EV,엘리베이터,[4호기]4번출구측
S1_2_0444,2호선,용두,facility_span,,1,1F,B1,1,down,EV,엘리베이터,[3호기]3번출구측
S1_2_0444,2호선,용두,facility_span,,1,1F,B2,2,down,EV,엘리베이터,[2호기]신답방면1-1
S1_2_0367,2호선,신설동,move_path,paren,1,1F,B2,2,down,EV,엘리베이터,9번 출구 엘리베이터 뒤편 엘리베이터
S1_2_0367,2호선,신설동,move_path,paren,1,B2,B1,1,up,EV,엘리베이터,대합실 방향 엘리베이터
S1_2_0367,2호선,신설동,move_path,paren,1,B1,1F,1,up,EV,엘리베이터,9번 출입구 엘리베이터
S1_2_0367,2호선,신설동,move_path,paren,1,1F,B1,1,down,EV,엘리베이터,2번/ 3번 출입구 사이 엘리베이터
S1_2_0367,2호선,신설동,move_path,paren,1,B1,B2,1,down,EV,엘리베이터,제기동 방면 엘리베이터
S1_2_0367,2호선,신설동,move_path,paren,1,1F,B1,1,down,EV,엘리베이터,4번/ 5번 출입구 사이 엘리베이터
S1_2_0367,2호선,신설동,move_path,paren,1,B1,B2,1,down,EV,엘리베이터,동묘앞 방면 엘리베이터
S1_2_0367,2호선,신설동,move_path,paren,1,1F,B1,1,down,EV,엘리베이터,"1번, 12번 출입구 엘리베이터"
S1_2_0367,2호선,신설동,move_path,paren,1,B1,B2,1,down,EV,엘리베이터,우이신설선 승강장 방면 엘리베이터
S1_2_0367,2호선,신설동,facility_span,,1,1F,B2,2,down,EV,엘리베이터,[3호기]9번출구측
S1_2_0367,2호선,신설동,facility_span,,1,1F,B1,1,down,EV,엘리베이터,[2호기]9번출구측
S1_2_0367,2호선,신설동,facility_span,,1,B1,B2,1,down,EV,엘리베이터,[1호기]신설동방면4-4
S1_2_0144,2호선,도림천,move_path,paren,0,1F,B2,2,down,EV,엘리베이터,승강장 방향 엘리베이터
S1_2_0144,2호선,도림천,move_path,paren,1,B2,B3,1,down,EV,엘리베이터,신도림 방면 엘리베이터
S1_2_0144,2호선,도림천,move_path,paren,0,1F,B3,3,down,EV,엘리베이터,승강장 방향 엘리베이터
S1_2_0144,2호선,도림천,facility_span,,1,B1,B3,2,down,EV,엘리베이터,[2호기]도림천방면2-4
S1_2_0144,2호선,도림천,facility_span,,1,B2,B3,1,down,EV,엘리베이터,[1호기]신도림방면4-4
S1_2_0404,2호선,양천구청,move_path,paren,1,1F,B1,1,down,EV,엘리베이터,1번 출입구 옆 엘리베이터
S1_2_0404,2호선,양천구청,move_path,paren,1,B1,B2,1,down,EV,엘리베이터,도림천 방면 엘리베이터
S1_2_0404,2호선,양천구청,move_path,paren,1,B1,B2,1,down,EV,엘리베이터,신정네거리 방면 엘리베이터
S1_2_0404,2호선,양천구청,facility_span,,1,1F,B1,1,down,EV,엘리베이터,[3호기]1번출구측
S1_2_0404,2호선,양천구청,facility_span,,1,B1,B2,1,down,EV,엘리베이터,[2호기]도림천방면3-3
S1_2_0404,2호선,양천구청,facility_span,,1,B1,B2,1,down,EV,엘리베이터,[1호기]신정네거리방면4-1
S1_2_0373,2호선,신정네거리,move_path,paren,1,1F,B2,2,down,EV,엘리베이터,2번 출입구 옆 엘리베이터
S1_2_0373,2호선,신정네거리,move_path,paren,1,B2,B3,1,down,EV,엘리베이터,양천구청 방면 엘리베이터
S1_2_0373,2호선,신정네거리,move_path,paren,1,B2,B3,1,down,EV,엘리베이터,까치산 방면 엘리베이터
S1_2_0373,2호선,신정네거리,facility_span,,1,1F,B2,2,down,EV,엘리베이터,[3호기]2번출구측
S1_2_0373,2호선,신정네거리,facility_span,,1,B2,B3,1,down,EV,엘리베이터,[1호기]까치산방면4-1
S1_2_0373,2호선,신정네거리,facility_span,,1,B2,B3,1,down,EV,엘리베이터,[2호기]양천구청방면3-4
S1_2_0100,2호선,까치산,move_path,paren,0,1F,B1,1,down,WCLF,휠체어리프트,2번 출입구 휠체어리프트
S1_2_0100,2호선,까치산,move_path,paren,0,B1,B4,3,down,EV,엘리베이터,엘리베이터
S1_2_0100,2호선,까치산,move_path,paren,0,B4,B5,1,down,WCLF,휠체어리프트,신정네거리 방면 휠체어리프트
S1_2_0100,2호선,까치산,facility_span,,1,B2,B3,1,down,EV,엘리베이터,[1호기](B1-B4)지하4층 대합실
KR_3_0137,3호선,대화,facility_span,,1,1F,B1,1,down,EV,엘리베이터,[3호기]2번출입구옆
KR_3_0137,3호선,대화,facility_span,,1,1F,B1,1,down,EV,엘리베이터,[2호기]5번출입구옆
KR_3_0137,3호선,대화,facility_span,,1,B1,B2,1,down,EV,엘리베이터,[1호기](B2)1번홈7-4/2번홈3-4
KR_3_0522,3호선,주엽,move_path,paren,1,1F,B1,1,down,EV,엘리베이터,3번/4번 출입구 사이 엘리베이터
KR_3_0522,3호선,주엽,move_path,paren,1,B1,B2,1,down,EV,엘리베이터,대화 방면 엘리베이터
KR_3_0522,3호선,주엽,move_path,paren,1,B1,B2,1,down,EV,엘리베이터,정발산 방면 엘리베이터
KR_3_0522,3호선,주엽,facility_span,,1,1F,B1,1,down,EV,엘리베이터,[3호기](1F)2번/3번출입구사이엘레베이터
KR_3_0522,3호선,주엽,facility_span,,1,B1,B2,1,down,EV,엘리베이터,[2호기](B2)대화역방향승강장4-4출입문앞
KR_3_0522,3호선,주엽,facility_span,,1,B1,B2,1,down,EV,엘리베이터,[1호기](B2)정발산역방향승강장4-4출입문앞
KR_3_0508,3호선,정발산,move_path,paren,1,1F,B1,1,down,EV,엘리베이터,1번 출입구 옆 엘리베이터
KR_3_0508,3호선,정발산,move_path,paren,1,B1,B2,1,down,EV,엘리베이터,주엽 방면 엘리베이터
KR_3_0508,3호선,정발산,move_path,paren,1,B1,B2,1,down,EV,엘리베이터,마두 방면 엘리베이터
KR_3_0508,3호선,정발산,move_path,paren,1,1F,B1,1,down,EV,엘리베이터,4번 출입구 옆 엘리베이터
KR_3_0508,3호선,정발산,facility_span,,1,1F,B1,1,down,EV,엘리베이터,[4호기](1F)4번출입구옆
KR_3_0508,3호선,정발산,facility_span,,1,1F,B1,1,down,EV,엘리베이터,[3호기](1F)1번출입구옆
KR_3_0508,3호선,정발산,facility_span,,1,B1,B2,1,down,EV,엘리베이터,[2호기](B2)주엽역방향승강장7-3출입문앞
KR_3_0508,3호선,정발산,facility_span,,1,B1,B2,1,down,EV,엘리베이터,[1호기](B2)마두역방향승강장4-1출입문앞
KR_3_0179,3호선,마두,move_path,paren,1,1F,B1,1,down,EV,엘리베이터,6번/7번 출입구 사이 엘리베이터
KR_3_0179,3호선,마두,move_path,paren,1,B1,B2,1,down,EV,엘리베이터,정발산 방면 엘리베이터
KR_3_0179,3호선,마두,move_path,paren,1,B1,B2,1,down,EV,엘리베이터,백석 방면 엘리베이터
KR_3_0179,3호선,마두,facility_span,,1,1F,B1,1,down,EV,엘리베이터,"[3호기]6번/7번출입구중간엘리베이터,7번출입구옆"
KR_3_0179,3호선,마두,facility_span,,1,B1,B2,1,down,EV,엘리베이터,[2호기](B2)정발산역방향승강장3-4출입문앞
KR_3_0179,3호선,마두,facility_span,,1,B1,B2,1,down,EV,엘리베이터,[1호기](B2)백석역방향승강장7-4출입문앞
KR_3_0224,3호선,백석,move_path,paren,1,1F,B1,1,down,EV,엘리베이터,4번 출입구 옆 엘리베이터
KR_3_0224,3호선,백석,move_path,paren,1,B1,B2,1,down,EV,엘리베이터,승강장 방향 엘리베이터
KR_3_0224,3호선,백석,facility_span,,1,1F,B1,1,down,EV,엘리베이터,[2호기](B1)4번출입구방향계단옆
KR_3_0224,3호선,백석,facility_span,,1,B1,B2,1,down,EV,엘리베이터,[1호기](B2)대화역방향승강장4-1출입문앞/오금역방향승강장7-4출입문앞
KR_3_0128,3호선,대곡,move_path,paren,1,1F,2F,1,up,EV,엘리베이터,대합실 방향 엘리베이터
KR_3_0128,3호선,대곡,move_path,paren,1,2F,3F,1,up,EV,엘리베이터,백석 방면 승강장 방향 엘리베이터
KR_3_0128,3호선,대곡,move_path,paren,1,2F,3F,1,up,EV,엘리베이터,화정 방면 승강장 방향 엘리베이터
KR_3_0128,3호선,대곡,facility_span,,1,3F,2F,1,down,EV,엘리베이터,[2호기](3F)화정역방향승강장4-1출입문앞
KR_3_0128,3호선,대곡,facility_span,,1,3F,2F,1,down,EV,엘리베이터,[3호기](3F)백석역방향승강장7-4출입문앞
KR_3_0128,3호선,대곡,facility_span,,1,2F,1F,1,down,EV,엘리베이터,[1호기](1F)고객지원실앞
KR_3_0603,3호선,화정,move_path,paren,1,1F,B1,1,down,EV,엘리베이터,1번 출입구 옆 엘리베이터
KR_3_0603,3호선,화정,move_path,paren,1,B1,B2,1,down,EV,엘리베이터,대곡 방면 엘리베이터
KR_3_0603,3호선,화정,move_path,paren,1,B1,B2,1,down,EV,엘리베이터,원당 방면 엘리베이터
KR_3_0603,3호선,화정,move_path,paren,1,1F,B1,1,down,EV,엘리베이터,3번 출입구 옆 엘리베이터
KR_3_0603,3호선,화정,facility_span,,1,1F,B1,1,down,EV,엘리베이터,[2호기]3번출입구방향동고양세무서
KR_3_0603,3호선,화정,facility_span,,1,1F,B1,1,down,EV,엘리베이터,[1호기]1번출입구방향민방위교육장
KR_3_0603,3호선,화정,facility_span,,1,B1,B2,1,down,EV,엘리베이터,[4호기]대화행승강장3-4
KR_3_0603,3호선,화정,facility_span,,1,B1,B2,1,down,EV,엘리베이터,[3호기]오금행승강장8-1
KR_3_0456,3호선,원당,move_path,paren,1,1F,2F,1,up,EV,엘리베이터,3번 출입구 옆 엘리베이터
KR_3_0456,3호선,원당,move_path,paren,1,2F,3F,1,up,EV,엘리베이터,화정 방면 엘리베이터
KR_3_0456,3호선,원당,move_path,paren,1,2F,3F,1,up,EV,엘리베이터,원흥 방면 엘리베이터
KR_3_0456,3호선,원당,move_path,paren,1,1F,2F,1,up,EV,엘리베이터,5번/6번 출입구 사이 엘리베이터
KR_3_0456,3호선,원당,facility_span,,1,3F,2F,1,down,EV,엘리베이터,[2호기](2F)맞이방북쪽게이트안오금행
KR_3_0456,3호선,원당,facility_span,,1,3F,2F,1,down,EV,엘리베이터,[1호기](2F)맞이방북쪽게이트안대화행
KR_3_0456,3호선,원당,facility_span,,1,2F,1F,1,down,EV,엘리베이터,[3호기](1F)5번출입구앞
KR_3_0456,3호선,원당,facility_span,,1,2F,1F,1,down,EV,엘리베이터,[4호기](1F)3번출입구앞
KR_3_0036,3호선,원흥,move_path,paren,1,1F,B1,1,down,EV,엘리베이터,1번/2번 출입구 사이 엘리베이터
KR_3_0036,3호선,원흥,move_path,,,B1,B1,0,same,PASSAGE,환승통로,이동통로 방향 표 내는 곳 통과
KR_3_0036,3호선,원흥,move_path,paren,1,B1,B2,1,down,EV,엘리베이터,이동통로 방향 엘리베이터
KR_3_0036,3호선,원흥,move_path,,,B2,B2,0,same,PASSAGE,환승통로,이동통로로 이동
KR_3_0036,3호선,원흥,move_path,paren,1,B2,B1,1,up,EV,엘리베이터,원당 방면 엘리베이터
KR_3_0036,3호선,원흥,move_path,paren,1,1F,B1,1,down,EV,엘리베이터,4번 출입구 옆 엘리베이터
KR_3_0036,3호선,원흥,move_path,paren,1,1F,B1,1,down,EV,엘리베이터,5번 출입구 옆 엘리베이터
KR_3_0036,3호선,원흥,move_path,paren,1,B2,B1,1,up,EV,엘리베이터,대합실 방향 엘리베이터
KR_3_0036,3호선,원흥,move_path,paren,1,1F,B1,1,down,EV,엘리베이터,7번 출입구 옆 엘리베이터
KR_3_0036,3호선,원흥,facility_span,,1,1F,B1,1,down,EV,엘리베이터,"[1호기](B1)1번출구옆,(1F)1번출구와2번출구사이"
KR_3_0036,3호선,원흥,facility_span,,1,1F,B1,1,down,EV,엘리베이터,"[4호기](B1)7,8번출구하부중간,(1F)7.8번출구상부중간(동원로얄듀크비스타)"
KR_3_0036,3호선,원흥,facility_span,,1,1F,B1,1,down,EV,엘리베이터,"[3호기](B1)5번출구하부,(1F)5번출구상부"
KR_3_0036,3호선,원흥,facility_span,,1,1F,B1,1,down,EV,엘리베이터,"[2호기](B1)4번출구하부,(1F)4번출구상부(원흥역푸르지오)"
KR_3_0036,3호선,원흥,facility_span,,1,B1,B2,1,down,EV,엘리베이터,"[6호기]B2(대화방면-오금방면승강장간환승통로),B1(대화방면-앞)"
KR_3_0036,3호선,원흥,facility_span,,1,B1,B2,1,down,EV,엘리베이터,"[5호기]B2(대화방면-오금방면승강장간환승통로),B1(오금방면-앞)"
KR_3_0268,3호선,삼송,facility_span,,1,1F,B1,1,down,EV,엘리베이터,[3호기](B1)5번출입구앞
KR_3_0268,3호선,삼송,facility_span,,1,1F,B1,1,down,EV,엘리베이터,[5호기](B1)7번출입구앞
KR_3_0268,3호선,삼송,facility_span,,1,1F,B1,1,down,EV,엘리베이터,[4호기](B1)6번출입구앞
KR_3_0268,3호선,삼송,facility_span,,1,B1,B2,1,down,EV,엘리베이터,"[2호기](B2)대화역방향승강장7-4출입문앞(B1)6번출입구방향,대화행표내는곳내계단옆"
KR_3_0268,3호선,삼송,facility_span,,1,B1,B2,1,down,EV,엘리베이터,"[1호기](B2)오금역방향승강장3-4출입문앞(B1)1번출입구방향,오금행표내는곳내계단옆"
S1_3_0536,3호선,지축,move_path,paren,1,1F,2F,1,up,EV,엘리베이터,승강장 방향 엘리베이터
S1_3_0536,3호선,지축,facility_span,,1,2F,1F,1,down,EV,엘리베이터,"[1호기]삼송방면2-1,구파발방면9-4"
S1_3_0078,3호선,구파발,move_path,paren,1,1F,B1,1,down,EV,엘리베이터,1번 출입구 옆 엘리베이터
S1_3_0078,3호선,구파발,move_path,paren,1,B1,B2,1,down,EV,엘리베이터,승강장 방향 엘리베이터
S1_3_0078,3호선,구파발,facility_span,,1,1F,B1,1,down,EV,엘리베이터,[2호기]1번출구측
S1_3_0078,3호선,구파발,facility_span,,1,B1,B2,1,down,EV,엘리베이터,"[1호기]지축방면5-3,연신내방면6-2"
S1_3_0418,3호선,연신내,move_path,paren,0,1F,B1,1,down,EV,엘리베이터,6번출구 옆 엘리베이터
S1_3_0418,3호선,연신내,move_path,paren,1,B1,B2,1,down,EV,엘리베이터,승강장 방향 엘리베이터
S1_3_0418,3호선,연신내,move_path,paren,1,B2,B1,1,up,EV,엘리베이터,대합실 방향 엘리베이터
S1_3_0418,3호선,연신내,move_path,paren,0,B1,B5,4,down,EV,엘리베이터,6호선 승강장 방향 엘리베이터
S1_3_0418,3호선,연신내,facility_span,,1,B1,B2,1,down,EV,엘리베이터,"[1호기]구파발방면6-1,불광방면5-4"
S1_3_0255,3호선,불광,move_path,paren,1,1F,B1,1,down,EV,엘리베이터,1번 출입구 옆 엘리베이터
S1_3_0255,3호선,불광,move_path,paren,1,B1,B2,1,down,EV,엘리베이터,연신내 방면 엘리베이터
S1_3_0255,3호선,불광,move_path,paren,1,B1,B2,1,down,EV,엘리베이터,녹번 방면 엘리베이터
S1_3_0255,3호선,불광,move_path,paren,1,1F,B1,1,down,EV,엘리베이터,8번 출입구 옆 엘리베이터
S1_3_0255,3호선,불광,move_path,paren,1,B1,B2,1,down,EV,엘리베이터,6호선 대합실 방향 엘리베이터 앞 표 내는 곳 통과 후 엘리베이터
S1_3_0255,3호선,불광,move_path,,,B2,B2,0,same,PASSAGE,환승통로,3호선 환승통로 이동
S1_3_0255,3호선,불광,move_path,paren,1,B2,B1,1,up,EV,엘리베이터,3호선 대합실 방향 엘리베이터
S1_3_0255,3호선,불광,move_path,paren,1,B1,B2,1,down,EV,엘리베이터,녹번 방면 엘리베이터 앞 표내는 곳 통과 후 엘리베이터
S1_3_0255,3호선,불광,move_path,,,B2,B2,0,same,PASSAGE,환승통로,6호선 방향 환승통로로 이동
S1_3_0255,3호선,불광,move_path,paren,0,B2,B4,2,down,EV,엘리베이터,6호선 승강장 방향 엘리베이터
S1_3_0255,3호선,불광,facility_span,,1,1F,B1,1,down,EV,엘리베이터,[4호기]3번출구측
S1_3_0255,3호선,불광,facility_span,,1,1F,B1,1,down,EV,엘리베이터,[3호기]1번출구측
S1_3_0255,3호선,불광,facility_span,,1,B1,B2,1,down,EV,엘리베이터,[2호기]녹번방면8-2
S1_3_0255,3호선,불광,facility_span,,1,B1,B2,1,down,EV,엘리베이터,[1호기]연신내방면3-3
S1_3_0116,3호선,녹번,move_path,paren,1,1F,B1,1,down,EV,엘리베이터,1번 출입구 옆 엘리베이터
S1_3_0116,3호선,녹번,move_path,paren,1,B1,B2,1,down,EV,엘리베이터,승강장 방향 엘리베이터
S1_3_0116,3호선,녹번,move_path,paren,1,1F,B1,1,down,EV,엘리베이터,3번 출입구 옆 엘리베이터
S1_3_0116,3호선,녹번,facility_span,,1,1F,B1,1,down,EV,엘리베이터,[3호기]1번출구측
S1_3_0116,3호선,녹번,facility_span,,1,1F,B1,1,down,EV,엘리베이터,[2호기]3번출구측
S1_3_0116,3호선,녹번,facility_span,,1,B1,B2,1,down,EV,엘리베이터,"[1호기]불광방면3-1,홍제방면8-4"
S1_3_0597,3호선,홍제,move_path,paren,1,1F,B2,2,down,EV,엘리베이터,4번 출입구 옆 엘리베이터
S1_3_0597,3호선,홍제,facility_span,,1,1F,B1,1,down,EV,엘리베이터,[3호기]1번출구측
S1_3_0597,3호선,홍제,facility_span,,1,1F,B2,2,down,EV,엘리베이터,[2호기]4번출구측
S1_3_0597,3호선,홍제,facility_span,,1,B2,B3,1,down,EV,엘리베이터,"[1호기]녹번방면3-4,무악재방면8-1"
S1_3_0205,3호선,무악재,move_path,paren,1,1F,B2,2,down,EV,엘리베이터,1번 출입구 옆 엘리베이터
S1_3_0205,3호선,무악재,move_path,paren,1,B2,B3,1,down,EV,엘리베이터,홍제 방면 엘리베이터
S1_3_0205,3호선,무악재,move_path,paren,1,B2,B3,1,down,EV,엘리베이터,독립문 방면 엘리베이터
S1_3_0205,3호선,무악재,facility_span,,1,1F,B2,2,down,EV,엘리베이터,[3호기]1번출구측
S1_3_0205,3호선,무악재,facility_span,,1,B2,B3,1,down,EV,엘리베이터,[2호기]독립문방면8-2
S1_3_0205,3호선,무악재,facility_span,,1,B2,B3,1,down,EV,엘리베이터,[1호기]홍제방면3-3
S1_3_0150,3호선,독립문,move_path,paren,1,1F,B2,2,down,EV,엘리베이터,4번 출입구 옆 엘리베이터
S1_3_0150,3호선,독립문,move_path,paren,1,B2,B3,1,down,EV,엘리베이터,승강장 방향 엘리베이터
S1_3_0150,3호선,독립문,facility_span,,1,1F,B2,2,down,EV,엘리베이터,[2호기]4번출구측
S1_3_0150,3호선,독립문,facility_span,,1,B2,B3,1,down,EV,엘리베이터,"[1호기]무악재방면9-1,경복궁방면2-4"
S1_3_0040,3호선,경복궁,move_path,paren,1,1F,B2,2,down,EV,엘리베이터,4번 출입구 옆 엘리베이터
S1_3_0040,3호선,경복궁,move_path,paren,1,B2,B3,1,down,EV,엘리베이터,승강장 방향 엘리베이터
S1_3_0040,3호선,경복궁,facility_span,,1,1F,B2,2,down,EV,엘리베이터,[2호기]4번출구측
S1_3_0040,3호선,경복궁,facility_span,,1,B2,B3,1,down,EV,엘리베이터,"[1호기]독립문방면6-2,안국방면5-3"
S1_3_0387,3호선,안국,move_path,paren,0,1F,B3,3,down,EV,엘리베이터,"5,6번 출입구 사이 엘리베이터"
S1_3_0387,3호선,안국,move_path,paren,0,B3,B4,1,down,EV,엘리베이터,승강장 방향 엘리베이터
S1_3_0387,3호선,안국,facility_span,,1,1F,B2,2,down,EV,엘리베이터,[2호기]6번출구측
S1_3_0387,3호선,안국,facility_span,,1,B2,B3,1,down,EV,엘리베이터,"[1호기]경복궁방면3-2,종로3가방면8-3"
S1_3_0515,3호선,종로3가,move_path,paren,0,1F,B3,3,down,EV,엘리베이터,8번 출입구 옆 엘리베이터
S1_3_0515,3호선,종로3가,move_path,paren,0,B3,B4,1,down,EV,엘리베이터,3호선 승강장 방향 엘리베이터
S1_3_0515,3호선,종로3가,move_path,inline,1,1F,B1,1,down,EV,엘리베이터,2-1번 출입구 옆 엘리베이터
S1_3_0515,3호선,종로3가,move_path,inline,0,B1,B2,1,down,EV,엘리베이터,1호선 종로3가(1)역 청량리방면 지하1층 엘리베이터
S1_3_0515,3호선,종로3가,move_path,inline,1,B2,B4,2,down,EV,엘리베이터,환승통로 이동 3호선 종로3가(3)역 지하2층 엘리베이터
S1_3_0515,3호선,종로3가,move_path,paren,1,B4,B2,2,up,EV,엘리베이터,3호선 대합실 방향 엘리베이터
S1_3_0515,3호선,종로3가,move_path,,,B2,B2,0,same,PASSAGE,환승통로,환승통로 이용하여 1호선 종로5가 방면 승강장으로 이동
S1_3_0515,3호선,종로3가,move_path,paren,1,B4,B2,2,up,EV,엘리베이터,대합실 방향 엘리베이터
S1_3_0515,3호선,종로3가,move_path,,,B2,B2,0,same,PASSAGE,환승통로,환승통로 이동
S1_3_0515,3호선,종로3가,move_path,paren,0,B2,B1,1,up,EV,엘리베이터,1호선 대합실 방향 엘리베이터
S1_3_0515,3호선,종로3가,move_path,paren,0,B1,B2,1,down,EV,엘리베이터,종각 방면 엘리베이터
S1_3_0515,3호선,종로3가,move_path,paren,0,B4,B3,1,up,EV,엘리베이터,3호선 대합실 방향 엘리베이터
S1_3_0515,3호선,종로3가,move_path,paren,0,B3,B4,1,down,EV,엘리베이터,5호선 승강장 방향 엘리베이터
S1_3_0515,3호선,종로3가,move_path,paren,0,B4,B5,1,down,EV,엘리베이터,5호선 승강장 방향 엘리베이터
S1_3_0515,3호선,종로3가,facility_span,,1,1F,B1,1,down,EV,엘리베이터,[2호기]8번출구측
S1_3_0515,3호선,종로3가,facility_span,,1,B2,B4,2,down,EV,엘리베이터,"[1호기]안국방면4-3,을지로3가방면7-1"
S1_3_0464,3호선,을지로3가,move_path,paren,1,1F,B1,1,down,EV,엘리베이터,10번 출입구 옆 엘리베이터
S1_3_0464,3호선,을지로3가,move_path,paren,1,B1,B3,2,down,EV,엘리베이터,승강장 방향 엘리베이터
S1_3_0464,3호선,을지로3가,move_path,paren,1,1F,B1,1,down,EV,엘리베이터,12번 출입구 옆 엘리베이터
S1_3_0464,3호선,을지로3가,move_path,,,B1,B1,0,same,PASSAGE,환승통로,환승통로 이동
S1_3_0464,3호선,을지로3가,move_path,paren,1,B3,B1,2,up,EV,엘리베이터,대합실 방향 엘리베이터
S1_3_0464,3호선,을지로3가,move_path,,,B1,B1,0,same,PASSAGE,환승통로,2호선 환승통로로 이동
S1_3_0464,3호선,을지로3가,move_path,paren,0,B3,B2,1,up,EV,엘리베이터,대합실 방향 엘리베이터
S1_3_0464,3호선,을지로3가,facility_span,,1,1F,B1,1,down,EV,엘리베이터,[2호기]10번출구측
S1_3_0464,3호선,을지로3가,facility_span,,1,B1,B3,2,down,EV,엘리베이터,"[1호기]종로3가방면6-3,충무로방면5-2"
S1_3_0563,3호선,충무로,move_path,paren,0,1F,B1,1,down,EV,엘리베이터,7번 출입구 옆 엘리베이터
S1_3_0563,3호선,충무로,move_path,paren,0,B1,B2,1,down,EV,엘리베이터,승강장 방향 엘리베이터
S1_3_0563,3호선,충무로,move_path,paren,0,B2,B4,2,down,EV,엘리베이터,3호선 승강장 방향 엘리베이터
S1_3_0563,3호선,충무로,move_path,paren,0,B4,B2,2,up,EV,엘리베이터,대합실 방향 엘리베이터
S1_3_0563,3호선,충무로,move_path,paren,0,B2,B3,1,down,EV,엘리베이터,4호선 동대문역사문화공원 방면 엘리베이터
S1_3_0563,3호선,충무로,move_path,paren,0,B4,B3,1,up,EV,엘리베이터,4호선 명동 방면 엘리베이터
S1_3_0157,3호선,동대입구,move_path,paren,1,1F,B2,2,down,EV,엘리베이터,6번 출입구 옆 엘리베이터
S1_3_0157,3호선,동대입구,move_path,paren,1,B2,B3,1,down,EV,엘리베이터,승강장 방향 엘리베이터
S1_3_0157,3호선,동대입구,facility_span,,1,1F,B2,2,down,EV,엘리베이터,[4호기]2번출구측
S1_3_0157,3호선,동대입구,facility_span,,1,1F,B2,2,down,EV,엘리베이터,[3호기]6번출구측
S1_3_0157,3호선,동대입구,facility_span,,1,B1,B2,1,down,EV,엘리베이터,[2호기]대합실(F계단측)
S1_3_0157,3호선,동대입구,facility_span,,1,B2,B3,1,down,EV,엘리베이터,"[1호기]충무로방면3-1,약수방면8-4"
S1_3_0397,3호선,약수,move_path,paren,1,1F,B1,1,down,EV,엘리베이터,3번 출입구 옆 엘리베이터
S1_3_0397,3호선,약수,move_path,paren,1,B1,B2,1,down,EV,엘리베이터,승강장 방향 엘리베이터
S1_3_0397,3호선,약수,move_path,paren,1,B2,B1,1,up,EV,엘리베이터,대합실 방향 엘리베이터
S1_3_0397,3호선,약수,move_path,paren,0,B1,B3,2,down,EV,엘리베이터,대합실 엘리베이터
S1_3_0397,3호선,약수,move_path,paren,1,B1,B2,1,down,EV,엘리베이터,대합실 엘리베이터
S1_3_0397,3호선,약수,move_path,paren,0,B2,B3,1,down,EV,엘리베이터,6호선 청구 방면 엘리베이터
S1_3_0397,3호선,약수,facility_span,,1,1F,B1,1,down,EV,엘리베이터,[2호기]3번출구측
S1_3_0397,3호선,약수,facility_span,,1,B1,B2,1,down,EV,엘리베이터,"[1호기]동대입구방면8-4,금호방면3-1"
S1_3_0093,3호선,금호,move_path,paren,1,1F,B1,1,down,EV,엘리베이터,2번 출입구 옆 엘리베이터
S1_3_0093,3호선,금호,move_path,paren,1,B1,B2,1,down,EV,엘리베이터,승강장 방향 엘리베이터
S1_3_0093,3호선,금호,move_path,paren,1,1F,B1,1,down,EV,엘리베이터,3번 출입구 옆 엘리베이터
S1_3_0093,3호선,금호,facility_span,,1,1F,B1,1,down,EV,엘리베이터,[3호기]3번출구측
S1_3_0093,3호선,금호,facility_span,,1,1F,B1,1,down,EV,엘리베이터,[2호기]2번출구측
S1_3_0093,3호선,금호,facility_span,,1,B1,B2,1,down,EV,엘리베이터,"[1호기]약수방면3-2,옥수방면8-3"
S1_3_0434,3호선,옥수,move_path,paren,0,1F,3F,2,up,EV,엘리베이터,4번 출입구 옆 엘리베이터
S1_3_0434,3호선,옥수,move_path,paren,0,3F,4F,1,up,EV,엘리베이터,금호 방면 엘리베이터
S1_3_0434,3호선,옥수,move_path,paren,0,3F,4F,1,up,EV,엘리베이터,압구정 방면 엘리베이터
S1_3_0434,3호선,옥수,move_path,paren,0,4F,3F,1,down,EV,엘리베이터,대합실 방향 엘리베이터
S1_3_0434,3호선,옥수,move_path,,,3F,3F,0,same,PASSAGE,환승통로,경의중앙선 환승통로로 이동
S1_3_0434,3호선,옥수,move_path,paren,0,3F,1F,2,down,EV,엘리베이터,경의중앙선 한남 방면 엘리베이터
S1_3_0434,3호선,옥수,move_path,paren,0,3F,1F,2,down,EV,엘리베이터,경의중앙선 응봉 방면 엘리베이터
S1_3_0434,3호선,옥수,facility_span,,1,3F,2F,1,down,EV,엘리베이터,[2호기]압구정방면1-2
S1_3_0434,3호선,옥수,facility_span,,1,3F,2F,1,down,EV,엘리베이터,[1호기]금호방면10-1
S1_3_0434,3호선,옥수,facility_span,,1,2F,1F,1,down,EV,엘리베이터,"[3호기]4,5번출구측"
S1_3_0392,3호선,압구정,move_path,paren,1,1F,B1,1,down,EV,엘리베이터,2번 출입구 옆 엘리베이터
S1_3_0392,3호선,압구정,move_path,paren,1,B1,B2,1,down,EV,엘리베이터,옥수 방면 엘리베이터
S1_3_0392,3호선,압구정,move_path,paren,1,B1,B2,1,down,EV,엘리베이터,신사 방면 엘리베이터
S1_3_0392,3호선,압구정,move_path,paren,1,1F,B1,1,down,EV,엘리베이터,3번 출입구 옆 엘리베이터
S1_3_0392,3호선,압구정,facility_span,,1,1F,B1,1,down,EV,엘리베이터,[4호기]2번출구측
S1_3_0392,3호선,압구정,facility_span,,1,1F,B1,1,down,EV,엘리베이터,[3호기]3번출구측
S1_3_0392,3호선,압구정,facility_span,,1,B1,B2,1,down,EV,엘리베이터,[2호기]신사방면3-2
S1_3_0392,3호선,압구정,facility_span,,1,B1,B2,1,down,EV,엘리베이터,[1호기]옥수방면8-2
S1_3_0365,3호선,신사,move_path,paren,1,1F,B1,1,down,EV,엘리베이터,1번 출입구 옆 엘리베이터
S1_3_0365,3호선,신사,move_path,paren,1,B1,B2,1,down,EV,엘리베이터,압구정 방면 엘리베이터
S1_3_0365,3호선,신사,move_path,paren,1,B1,B2,1,down,EV,엘리베이터,잠원 방면 엘리베이터
S1_3_0365,3호선,신사,move_path,paren,1,1F,B1,1,down,EV,엘리베이터,6번 출입구 옆 엘리베이터
S1_3_0365,3호선,신사,move_path,paren,1,1F,B1,1,down,EV,엘리베이터,8번 출입구 옆 엘리베이터
S1_3_0365,3호선,신사,move_path,paren,0,B2,B4,2,down,EV,엘리베이터,신분당선 논현방면 엘리베이터
S1_3_0365,3호선,신사,facility_span,,1,1F,B1,1,down,EV,엘리베이터,[4호기]8번출구측
S1_3_0365,3호선,신사,facility_span,,1,1F,B1,1,down,EV,엘리베이터,[3호기]1번출구측
S1_3_0365,3호선,신사,facility_span,,1,B1,B2,1,down,EV,엘리베이터,[2호기]잠원방면8-3
S1_3_0365,3호선,신사,facility_span,,1,B1,B2,1,down,EV,엘리베이터,[1호기]압구정방면3-1
S1_3_0500,3호선,잠원,move_path,paren,1,1F,B1,1,down,EV,엘리베이터,1번 출입구 옆 엘리베이터
S1_3_0500,3호선,잠원,move_path,paren,1,B1,B2,1,down,EV,엘리베이터,신사 방면 엘리베이터
S1_3_0500,3호선,잠원,move_path,paren,1,B1,B2,1,down,EV,엘리베이터,고속터미널 방면 엘리베이터
S1_3_0500,3호선,잠원,facility_span,,1,1F,B1,1,down,EV,엘리베이터,[3호기]1번출구측
S1_3_0500,3호선,잠원,facility_span,,1,B1,B2,1,down,EV,엘리베이터,[2호기]고속터미널방면8-2
S1_3_0500,3호선,잠원,facility_span,,1,B1,B2,1,down,EV,엘리베이터,[1호기]신사방면3-3
S1_3_0048,3호선,고속터미널,move_path,paren,1,B3,B2,1,up,EV,엘리베이터,대합실 방향 엘리베이터
S1_3_0048,3호선,고속터미널,move_path,paren,1,B2,B3,1,down,EV,엘리베이터,7호선 반포 방면 엘리베이터
S1_3_0048,3호선,고속터미널,move_path,paren,1,B2,B3,1,down,EV,엘리베이터,7호선 내방 방면 엘리베이터
S1_3_0048,3호선,고속터미널,move_path,paren,0,B2,B5,3,down,EV,엘리베이터,9호선 사평 방면 환승 엘리베이터
S1_3_0048,3호선,고속터미널,move_path,paren,0,B2,B4,2,down,EV,엘리베이터,9호선  환승 엘리베이터
S1_3_0048,3호선,고속터미널,move_path,paren,0,B4,B5,1,down,EV,엘리베이터,9호선  신반포 방면 엘리베이터
S1_3_0048,3호선,고속터미널,facility_span,,1,B2,B3,1,down,EV,엘리베이터,[1호기]잠원방면8-2
S1_3_0048,3호선,고속터미널,facility_span,,1,B2,B3,1,down,EV,엘리베이터,[2호기]교대방면3-3
S1_3_0068,3호선,교대,move_path,paren,1,1F,B1,1,down,EV,엘리베이터,12번 출입구 옆 엘리베이터
S1_3_0068,3호선,교대,move_path,paren,1,B1,B3,2,down,EV,엘리베이터,승강장 방향 엘리베이터
S1_3_0068,3호선,교대,move_path,paren,1,1F,B1,1,down,EV,엘리베이터,13번 출입구 옆 엘리베이터
S1_3_0068,3호선,교대,move_path,paren,1,B3,B1,2,up,EV,엘리베이터,대합실 방향 엘리베이터
S1_3_0068,3호선,교대,move_path,paren,1,B1,1F,1,up,EV,엘리베이터,13번 출입구 옆 엘리베이터 탑승 후 지상으로 이동
S1_3_0068,3호선,교대,move_path,paren,0,B1,B2,1,down,EV,엘리베이터,강남 방면 엘리베이터
S1_3_0068,3호선,교대,move_path,paren,0,B1,B2,1,down,EV,엘리베이터,서초 방면 엘리베이터
S1_3_0068,3호선,교대,facility_span,,1,1F,B1,1,down,EV,엘리베이터,[1호기]13번출구측
S1_3_0068,3호선,교대,facility_span,,1,B1,B3,2,down,EV,엘리베이터,"[2호기]고속터미널방면4-2,남부터미널방면7-3"
S1_3_0106,3호선,남부터미널,move_path,paren,1,1F,B2,2,down,EV,엘리베이터,5번 출입구 옆 엘리베이터
S1_3_0106,3호선,남부터미널,move_path,paren,1,B2,B3,1,down,EV,엘리베이터,교대 방면 엘리베이터
S1_3_0106,3호선,남부터미널,move_path,paren,1,B2,B3,1,down,EV,엘리베이터,양재 방면 엘리베이터
S1_3_0106,3호선,남부터미널,facility_span,,1,1F,B2,2,down,EV,엘리베이터,[3호기]5번출구측
S1_3_0106,3호선,남부터미널,facility_span,,1,B2,B3,1,down,EV,엘리베이터,[2호기]양재방면8-2
S1_3_0106,3호선,남부터미널,facility_span,,1,B2,B3,1,down,EV,엘리베이터,[1호기]교대방면3-2
S1_3_0400,3호선,양재,move_path,paren,1,1F,B1,1,down,EV,엘리베이터,4번 출입구 옆 엘리베이터
S1_3_0400,3호선,양재,move_path,paren,1,B1,B2,1,down,EV,엘리베이터,남부터미널 방면 엘리베이터
S1_3_0400,3호선,양재,move_path,paren,1,B1,B2,1,down,EV,엘리베이터,매봉 방면 엘리베이터
S1_3_0400,3호선,양재,move_path,paren,1,1F,B1,1,down,EV,엘리베이터,7번 출입구 옆 엘리베이터
S1_3_0400,3호선,양재,move_path,paren,1,1F,B1,1,down,EV,엘리베이터,10번 출입구 옆 엘리베이터
S1_3_0400,3호선,양재,move_path,paren,1,1F,B1,1,down,EV,엘리베이터,11번 출입구 옆 엘리베이터
S1_3_0400,3호선,양재,move_path,paren,1,1F,B1,1,down,EV,엘리베이터,1번 출입구 옆 엘리베이터
S1_3_0400,3호선,양재,move_path,paren,0,B2,B3,1,down,EV,엘리베이터,신분당선 방향 환승 엘리베이터
S1_3_0400,3호선,양재,move_path,,,B3,B3,0,same,PASSAGE,환승통로,환승통로로 이동
S1_3_0400,3호선,양재,move_path,paren,0,B3,B4,1,down,EV,엘리베이터,강남 방면 엘리베이터
S1_3_0400,3호선,양재,move_path,paren,0,B3,B4,1,down,EV,엘리베이터,양재시민의숲 방면 엘리베이터
S1_3_0400,3호선,양재,facility_span,,1,1F,B1,1,down,EV,엘리베이터,[3호기]4번출구측
S1_3_0400,3호선,양재,facility_span,,1,1F,B1,1,down,EV,엘리베이터,[5호기]1번출구측
S1_3_0400,3호선,양재,facility_span,,1,1F,B1,1,down,EV,엘리베이터,[4호기]11번출구측
S1_3_0400,3호선,양재,facility_span,,1,B1,B2,1,down,EV,엘리베이터,[2호기]매봉방면8-4
S1_3_0400,3호선,양재,facility_span,,1,B1,B2,1,down,EV,엘리베이터,[1호기]남부터미널방면3-1
S1_3_0193,3호선,매봉,move_path,paren,1,1F,B1,1,down,EV,엘리베이터,1번 출입구 옆 엘리베이터
S1_3_0193,3호선,매봉,move_path,paren,1,B1,B2,1,down,EV,엘리베이터,양재 방면 엘리베이터
S1_3_0193,3호선,매봉,move_path,paren,1,B1,B2,1,down,EV,엘리베이터,도곡 방면 엘리베이터
S1_3_0193,3호선,매봉,facility_span,,1,1F,B1,1,down,EV,엘리베이터,[3호기]1번출구측
S1_3_0193,3호선,매봉,facility_span,,1,B1,B2,1,down,EV,엘리베이터,[2호기]도곡방면6-1
S1_3_0193,3호선,매봉,facility_span,,1,B1,B2,1,down,EV,엘리베이터,[1호기]양재방면5-4
S1_3_0142,3호선,도곡,move_path,paren,0,1F,B2,2,down,EV,엘리베이터,3번 출입구 옆 엘리베이터
S1_3_0142,3호선,도곡,move_path,paren,0,B2,B4,2,down,EV,엘리베이터,매봉 방면 엘리베이터
S1_3_0142,3호선,도곡,move_path,,,B4,B4,0,same,PASSAGE,환승통로,환승통로로 이동
S1_3_0142,3호선,도곡,move_path,paren,0,1F,B4,4,down,EV,엘리베이터,3번 출입구 옆 엘리베이터
S1_3_0142,3호선,도곡,move_path,paren,0,B4,B6,2,down,EV,엘리베이터,수인분당선 방향 환승 엘리베이터
S1_3_0136,3호선,대치,move_path,paren,1,1F,B1,1,down,EV,엘리베이터,7번 출입구 옆 엘리베이터
S1_3_0136,3호선,대치,move_path,paren,1,B1,B3,2,down,EV,엘리베이터,승강장 방향 엘리베이터
S1_3_0136,3호선,대치,facility_span,,1,1F,B1,1,down,EV,엘리베이터,[2호기]7번출구측
S1_3_0136,3호선,대치,facility_span,,1,B1,B3,2,down,EV,엘리베이터,"[1호기]도곡방면1-1,학여울방면10-4"
S1_3_0136,3호선,대치,facility_span,,1,B2,B3,1,down,EV,엘리베이터,[1호기](B4-B1)섬식(상) 1-1
S1_3_0583,3호선,학여울,move_path,paren,1,1F,B4,4,down,EV,엘리베이터,1번 출입구 옆 엘리베이터
S1_3_0583,3호선,학여울,move_path,paren,1,B4,B5,1,down,EV,엘리베이터,대치 방면 엘리베이터
S1_3_0583,3호선,학여울,move_path,paren,1,B4,B5,1,down,EV,엘리베이터,대청 방면 엘리베이터
S1_3_0583,3호선,학여울,facility_span,,1,1F,B4,4,down,EV,엘리베이터,[3호기]1번출구측
S1_3_0583,3호선,학여울,facility_span,,1,B1,B2,1,down,EV,엘리베이터,[3호기](B4-F1)1번 출입구측
S1_3_0583,3호선,학여울,facility_span,,1,B2,B3,1,down,EV,엘리베이터,[3호기](B4-F1)1번 출입구측
S1_3_0583,3호선,학여울,facility_span,,1,B4,B5,1,down,EV,엘리베이터,[1호기]대치방면5-4
S1_3_0583,3호선,학여울,facility_span,,1,B4,B5,1,down,EV,엘리베이터,[2호기]대청방면6-1
S1_3_0135,3호선,대청,move_path,paren,1,1F,B2,2,down,EV,엘리베이터,8번 출입구 옆 엘리베이터
S1_3_0135,3호선,대청,move_path,paren,1,B2,B3,1,down,EV,엘리베이터,학여울 방면 엘리베이터
S1_3_0135,3호선,대청,move_path,paren,1,B2,B3,1,down,EV,엘리베이터,일원 방면 엘리베이터
S1_3_0135,3호선,대청,facility_span,,1,1F,B2,2,down,EV,엘리베이터,[3호기]8번출구측
S1_3_0135,3호선,대청,facility_span,,1,B2,B3,1,down,EV,엘리베이터,[2호기]일원방면7-1
S1_3_0135,3호선,대청,facility_span,,1,B2,B3,1,down,EV,엘리베이터,[1호기]학여울방면4-4
S1_3_0494,3호선,일원,move_path,paren,1,1F,B2,2,down,EV,엘리베이터,1번 출입구 옆 엘리베이터
S1_3_0494,3호선,일원,move_path,paren,1,B2,B3,1,down,EV,엘리베이터,대청 방면 엘리베이터
S1_3_0494,3호선,일원,move_path,paren,1,B2,B3,1,down,EV,엘리베이터,수서 방면 엘리베이터
S1_3_0494,3호선,일원,facility_span,,1,1F,B2,2,down,EV,엘리베이터,[4호기]1번출구측
S1_3_0494,3호선,일원,facility_span,,1,1F,B2,2,down,EV,엘리베이터,[3호기]1번출구측
S1_3_0494,3호선,일원,facility_span,,1,B2,B3,1,down,EV,엘리베이터,[1호기]대청방면6-3
S1_3_0494,3호선,일원,facility_span,,1,B2,B3,1,down,EV,엘리베이터,[2호기]수서방면5-2
S1_3_0337,3호선,수서,move_path,paren,1,1F,B1,1,down,EV,엘리베이터,1번 출입구 옆 엘리베이터
S1_3_0337,3호선,수서,move_path,paren,1,B1,B2,1,down,EV,엘리베이터,일원 방면 엘리베이터
S1_3_0337,3호선,수서,move_path,paren,1,B1,B2,1,down,EV,엘리베이터,가락시장 방면 엘리베이터
S1_3_0337,3호선,수서,move_path,paren,1,1F,B1,1,down,EV,엘리베이터,5번 출입구 옆 엘리베이터
S1_3_0337,3호선,수서,move_path,paren,0,B2,B3,1,down,WCLF,휠체어리프트,수인분당선 환승통로 방향 휠체어리프트
S1_3_0337,3호선,수서,move_path,,,B3,B3,0,same,PASSAGE,환승통로,환승통로로 이동
S1_3_0337,3호선,수서,move_path,paren,0,B3,B4,1,down,EV,엘리베이터,수인분당선 대모산입구 방면 엘리베이터
S1_3_0337,3호선,수서,move_path,paren,0,B3,B4,1,down,EV,엘리베이터,수인분당선 복정 방면 엘리베이터
S1_3_0337,3호선,수서,facility_span,,1,1F,B1,1,down,EV,엘리베이터,[4호기]5번출구측
S1_3_0337,3호선,수서,facility_span,,1,1F,B1,1,down,EV,엘리베이터,[3호기]1번출구측
S1_3_0337,3호선,수서,facility_span,,1,B1,B2,1,down,EV,엘리베이터,[2호기]가락시장방면3-2
S1_3_0337,3호선,수서,facility_span,,1,B1,B2,1,down,EV,엘리베이터,[1호기]일원방면8-3
S1_3_0003,3호선,가락시장,move_path,paren,1,1F,B2,2,down,EV,엘리베이터,1번 출입구 옆 엘리베이터
S1_3_0003,3호선,가락시장,move_path,paren,1,B2,B4,2,down,EV,엘리베이터,수서 방면 엘리베이터
S1_3_0003,3호선,가락시장,move_path,paren,1,B2,B4,2,down,EV,엘리베이터,경찰병원 방면 엘리베이터
S1_3_0003,3호선,가락시장,move_path,paren,0,1F,B1,1,down,EV,엘리베이터,4번 출입구 옆 엘리베이터
S1_3_0003,3호선,가락시장,move_path,paren,0,B1,B2,1,down,EV,엘리베이터,3호선 대합실 방향 엘리베이터
S1_3_0003,3호선,가락시장,move_path,paren,1,1F,B2,2,down,EV,엘리베이터,7번 출입구 옆 엘리베이터
S1_3_0003,3호선,가락시장,move_path,paren,0,B4,B3,1,up,EV,엘리베이터,대합실 방향 엘리베이터
S1_3_0003,3호선,가락시장,move_path,,,B3,B3,0,same,PASSAGE,환승통로,8호선 방향 환승통로로 이동
S1_3_0003,3호선,가락시장,move_path,paren,0,B3,B2,1,up,EV,엘리베이터,8호선 송파 방면 엘리베이터
S1_3_0003,3호선,가락시장,move_path,paren,0,B3,B2,1,up,EV,엘리베이터,8호선 문정 방면 엘리베이터
S1_3_0003,3호선,가락시장,facility_span,,1,1F,B2,2,down,EV,엘리베이터,[3호기]7번출구측
S1_3_0003,3호선,가락시장,facility_span,,1,B2,B4,2,down,EV,엘리베이터,[1호기]수서방면8-2
S1_3_0003,3호선,가락시장,facility_span,,1,B2,B4,2,down,EV,엘리베이터,[2호기]경찰병원방면3-2
S1_3_0043,3호선,경찰병원,move_path,paren,1,1F,B1,1,down,EV,엘리베이터,1번 출입구 옆 엘리베이터
S1_3_0043,3호선,경찰병원,move_path,paren,1,B1,B3,2,down,EV,엘리베이터,가락시장 방면 엘리베이터
S1_3_0043,3호선,경찰병원,move_path,paren,1,B1,B3,2,down,EV,엘리베이터,오금 방면 엘리베이터
S1_3_0043,3호선,경찰병원,move_path,paren,1,1F,B1,1,down,EV,엘리베이터,3번 출입구 옆 엘리베이터
S1_3_0043,3호선,경찰병원,facility_span,,1,1F,B1,1,down,EV,엘리베이터,[4호기]3번출구측
S1_3_0043,3호선,경찰병원,facility_span,,1,1F,B1,1,down,EV,엘리베이터,[3호기]1번출구측
S1_3_0043,3호선,경찰병원,facility_span,,1,B1,B3,2,down,EV,엘리베이터,[1호기]가락시장방면4-2
S1_3_0043,3호선,경찰병원,facility_span,,1,B1,B3,2,down,EV,엘리베이터,[2호기]오금방면7-3
S1_3_0426,3호선,오금,move_path,paren,1,1F,B1,1,down,EV,엘리베이터,5번 출입구 옆 엘리베이터
S1_3_0426,3호선,오금,move_path,paren,1,B1,B4,3,down,EV,엘리베이터,경찰병원 방면 엘리베이터
S1_3_0426,3호선,오금,move_path,paren,1,1F,B1,1,down,EV,엘리베이터,7번 출입구 옆 엘리베이터
S1_3_0426,3호선,오금,move_path,paren,0,B4,B3,1,up,EV,엘리베이터,대합실 방향 엘리베이터
S1_3_0426,3호선,오금,move_path,,,B3,B3,0,same,PASSAGE,환승통로,5호선 방향 환승통로로 이동
S1_3_0426,3호선,오금,move_path,paren,1,B3,B2,1,up,EV,엘리베이터,5호선 방이 방면 엘리베이터
S1_3_0426,3호선,오금,move_path,paren,1,B3,B2,1,up,EV,엘리베이터,5호선 개롱 방면 엘리베이터
S1_3_0426,3호선,오금,facility_span,,1,1F,B1,1,down,EV,엘리베이터,[3호기]1번출구측
S1_3_0426,3호선,오금,facility_span,,1,B1,B4,3,down,EV,엘리베이터,[1호기]경찰병원방면5-1
S1_3_0426,3호선,오금,facility_span,,1,B1,B4,3,down,EV,엘리베이터,[2호기]오금방면6-4
S1_3_0426,3호선,오금,facility_span,,1,B2,B3,1,down,EV,엘리베이터,[1호기](B4-B1) (B4) 경찰병원역 방향 5-1 출입문 앞 > (B1) 표내는 곳 근처
S1_3_0426,3호선,오금,facility_span,,1,B2,B3,1,down,EV,엘리베이터,[2호기](B4-B1) (B4) 종착역 승강장 6-4 출입문 앞 > (B1) 표내는 곳 근처
NU_4_1355,4호선,진접,move_path,paren,1,1F,B1,1,down,EV,엘리베이터,2번 출입구 옆 엘리베이터
NU_4_1355,4호선,진접,move_path,paren,1,B1,B2,1,down,EV,엘리베이터,오남 방면 엘리베이터
NU_4_1355,4호선,진접,move_path,paren,1,1F,B1,1,down,EV,엘리베이터,4번 출입구 옆 엘리베이터
NU_4_1355,4호선,진접,facility_span,,1,1F,B1,1,down,EV,엘리베이터,"[6호기](1F)4번출입구근처(B1)고객안내센터옆,4번출입구방향"
NU_4_1355,4호선,진접,facility_span,,1,1F,B1,1,down,EV,엘리베이터,"[5호기](1F)2번출입구옆(B1)선큰광장옆,1번/2번출입구방향"
NU_4_1355,4호선,진접,facility_span,,1,B1,B2,1,down,EV,엘리베이터,"[4호기](B1)표내는곳내에스컬레이터앞,3번출입구방향(B2)상행방향승강장7-2출입문앞"
NU_4_1355,4호선,진접,facility_span,,1,B1,B2,1,down,EV,엘리베이터,"[3호기](B1)표내는곳내계단옆,1번/2번출입구방향(B2)상행방향승강장4-3출입문앞"
NU_4_1355,4호선,진접,facility_span,,1,B1,B2,1,down,EV,엘리베이터,"[1호기](B1)표내는곳내에스컬레이터앞,4번출입구방향(B2)오남역방향(하행)승강장4-3출입문앞"
NU_4_1355,4호선,진접,facility_span,,1,B1,B2,1,down,EV,엘리베이터,"[2호기](B1)표내는곳내계단옆,1번/2번출입구방향(B2)오남역방향(하행)승강장7-3출입문앞"
NU_4_1354,4호선,오남,move_path,paren,1,1F,B1,1,down,EV,엘리베이터,2번 출입구 옆 엘리베이터
NU_4_1354,4호선,오남,move_path,paren,1,B1,B2,1,down,EV,엘리베이터,진접 방면 엘리베이터
NU_4_1354,4호선,오남,move_path,paren,1,B1,B2,1,down,EV,엘리베이터,별내별가람 방면 엘리베이터
NU_4_1354,4호선,오남,move_path,paren,1,1F,B1,1,down,EV,엘리베이터,3번 출입구 옆 엘리베이터
NU_4_1354,4호선,오남,facility_span,,1,1F,B1,1,down,EV,엘리베이터,"[2호기](1F)3번출입구근처(B1)에스컬레이터5,6호기옆"
NU_4_1354,4호선,오남,facility_span,,1,1F,B1,1,down,EV,엘리베이터,[1호기](1F)2번출입구근처(B1)대합실출입문앞
NU_4_1354,4호선,오남,facility_span,,1,B1,B2,1,down,EV,엘리베이터,"[4호기](B1)표내는곳내하선에스컬레이터9,10호기앞(B2)별내별가람역방향승강장5-4출입문앞"
NU_4_1354,4호선,오남,facility_span,,1,B1,B2,1,down,EV,엘리베이터,"[3호기](B1)표내는곳내상선에스컬레이터7,8호기앞(B2)진접역방향승강장6-1출입문앞"
NU_4_1353,4호선,별내별가람,move_path,paren,1,1F,B1,1,down,EV,엘리베이터,1번 출입구 옆 엘리베이터
NU_4_1353,4호선,별내별가람,move_path,paren,0,B1,B3,2,down,EV,엘리베이터,오남 방면 엘리베이터
NU_4_1353,4호선,별내별가람,move_path,paren,0,B1,B3,2,down,EV,엘리베이터,당고개 방면 엘리베이터
NU_4_1353,4호선,별내별가람,move_path,paren,1,1F,B1,1,down,EV,엘리베이터,2번 출입구 옆 엘리베이터
NU_4_1353,4호선,별내별가람,move_path,paren,1,1F,B1,1,down,EV,엘리베이터,3번 출입구 옆 엘리베이터
NU_4_1353,4호선,별내별가람,facility_span,,1,1F,B1,1,down,EV,엘리베이터,[3호기](1F)1번출입구뒤(B1)1번에스컬레이터옆
NU_4_1353,4호선,별내별가람,facility_span,,1,1F,B1,1,down,EV,엘리베이터,[5호기](1F)2번출입구뒤(B1)2번에스컬레이터옆
NU_4_1353,4호선,별내별가람,facility_span,,1,1F,B1,1,down,EV,엘리베이터,[4호기](1F)파리바게트옆(B1)3번에스컬레이터옆
NU_4_1353,4호선,별내별가람,facility_span,,1,B1,B2,1,down,EV,엘리베이터,[1호기]
NU_4_1353,4호선,별내별가람,facility_span,,1,B2,B3,1,down,EV,엘리베이터,[1호기]
NU_4_1353,4호선,별내별가람,facility_span,,1,B1,B2,1,down,EV,엘리베이터,[2호기]
NU_4_1353,4호선,별내별가람,facility_span,,1,B2,B3,1,down,EV,엘리베이터,[2호기]
S1_4_0125,4호선,불암산,move_path,paren,1,1F,2F,1,up,EV,엘리베이터,대합실 방향 엘리베이터
S1_4_0125,4호선,불암산,move_path,paren,1,2F,3F,1,up,EV,엘리베이터,별내별가람 방면 엘리베이터
S1_4_0125,4호선,불암산,move_path,paren,1,2F,3F,1,up,EV,엘리베이터,상계 방면 엘리베이터
S1_4_0125,4호선,불암산,facility_span,,1,3F,2F,1,down,EV,엘리베이터,[1호기]별내별가람방면6-1
S1_4_0125,4호선,불암산,facility_span,,1,3F,2F,1,down,EV,엘리베이터,[2호기]상계방면5-4
S1_4_0125,4호선,불암산,facility_span,,1,2F,1F,1,down,EV,엘리베이터,[3호기]1번출구측
S1_4_0272,4호선,상계,move_path,paren,1,1F,2F,1,up,EV,엘리베이터,대합실 방향 엘리베이터
S1_4_0272,4호선,상계,move_path,paren,1,2F,3F,1,up,EV,엘리베이터,당고개 방면 엘리베이터
S1_4_0272,4호선,상계,move_path,paren,1,2F,3F,1,up,EV,엘리베이터,노원 방면 엘리베이터
S1_4_0272,4호선,상계,facility_span,,1,3F,2F,1,down,EV,엘리베이터,[3호기]노원역방면8-4
S1_4_0272,4호선,상계,facility_span,,1,3F,2F,1,down,EV,엘리베이터,[2호기]당고개방면2-4
S1_4_0272,4호선,상계,facility_span,,1,2F,1F,1,down,EV,엘리베이터,"[1호기]대합실(1,2번출구사이)"
S1_4_0115,4호선,노원,move_path,paren,1,1F,2F,1,up,EV,엘리베이터,2번 출입구 옆 엘리베이터
S1_4_0115,4호선,노원,move_path,paren,1,1F,2F,1,up,EV,엘리베이터,9번 출입구 옆 엘리베이터
S1_4_0115,4호선,노원,move_path,paren,1,3F,2F,1,down,EV,엘리베이터,4호선 대합실 방향 엘리베이터
S1_4_0115,4호선,노원,move_path,paren,1,2F,1F,1,down,EV,엘리베이터,4호선 2번 출입구 옆 엘리베이터
S1_4_0115,4호선,노원,move_path,paren,0,1F,B1,1,down,EV,엘리베이터,3번 출입구 옆 엘리베이터
S1_4_0115,4호선,노원,move_path,paren,0,B1,B3,2,down,EV,엘리베이터,7호선 승강장 방향 엘리베이터
S1_4_0115,4호선,노원,facility_span,,1,3F,2F,1,down,EV,엘리베이터,[1호기]상계방면8-4
S1_4_0115,4호선,노원,facility_span,,1,2F,1F,1,down,EV,엘리베이터,[3호기]9번출구측
S1_4_0115,4호선,노원,facility_span,,1,2F,1F,1,down,EV,엘리베이터,[2호기]2번출구측
S1_4_0541,4호선,창동,move_path,paren,1,1F,2F,1,up,EV,엘리베이터,1번 출입구 옆 엘리베이터
S1_4_0541,4호선,창동,move_path,paren,1,2F,3F,1,up,EV,엘리베이터,노원 방면 엘리베이터
S1_4_0541,4호선,창동,move_path,paren,1,2F,3F,1,up,EV,엘리베이터,쌍문 방면 엘리베이터
S1_4_0541,4호선,창동,move_path,paren,1,1F,2F,1,up,EV,엘리베이터,2번 출입구 옆 엘리베이터
S1_4_0541,4호선,창동,move_path,paren,1,3F,2F,1,down,EV,엘리베이터,대합실 방향 엘리베이터
S1_4_0541,4호선,창동,move_path,paren,1,3F,1F,2,down,EV,엘리베이터,녹천 방면 엘리베이터
S1_4_0541,4호선,창동,move_path,paren,1,3F,1F,2,down,EV,엘리베이터,방학 방면 엘리베이터
S1_4_0541,4호선,창동,facility_span,,1,3F,2F,1,down,EV,엘리베이터,[1호기]노원방면2-4
S1_4_0541,4호선,창동,facility_span,,1,3F,2F,1,down,EV,엘리베이터,[2호기]노원방면8-2
S1_4_0541,4호선,창동,facility_span,,1,3F,2F,1,down,EV,엘리베이터,[3호기]쌍문방면8-4
S1_4_0541,4호선,창동,facility_span,,1,3F,1F,2,down,EV,엘리베이터,[6호기]쌍문방면6-1(1호선인천방면)
S1_4_0541,4호선,창동,facility_span,,1,3F,1F,2,down,EV,엘리베이터,[5호기]쌍문방면6-1(1호선소요산방면)
S1_4_0541,4호선,창동,facility_span,,1,3F,2F,1,down,EV,엘리베이터,[4호기]쌍문방면3-2
S1_4_0541,4호선,창동,facility_span,,1,2F,1F,1,down,EV,엘리베이터,[8호기]2번출구측
S1_4_0541,4호선,창동,facility_span,,1,2F,1F,1,down,EV,엘리베이터,[7호기]1번출구측
S1_4_0380,4호선,쌍문,move_path,paren,1,1F,B1,1,down,EV,엘리베이터,1번 출입구 옆 엘리베이터
S1_4_0380,4호선,쌍문,move_path,paren,1,B1,B2,1,down,EV,엘리베이터,창동 방면 엘리베이터
S1_4_0380,4호선,쌍문,move_path,paren,1,B1,B2,1,down,EV,엘리베이터,수유 방면 엘리베이터
S1_4_0380,4호선,쌍문,facility_span,,1,1F,B1,1,down,EV,엘리베이터,[3호기]1번출구측
S1_4_0380,4호선,쌍문,facility_span,,1,B1,B2,1,down,EV,엘리베이터,[2호기]수유방면3-4
S1_4_0380,4호선,쌍문,facility_span,,1,B1,B2,1,down,EV,엘리베이터,[1호기]창동방면8-2
S1_4_0340,4호선,수유,move_path,paren,1,1F,B1,1,down,EV,엘리베이터,2번 출입구 옆 엘리베이터
S1_4_0340,4호선,수유,move_path,paren,1,B1,B2,1,down,EV,엘리베이터,쌍문 방면 엘리베이터
S1_4_0340,4호선,수유,move_path,paren,1,B1,B2,1,down,EV,엘리베이터,미아 방면 엘리베이터
S1_4_0340,4호선,수유,facility_span,,1,1F,B1,1,down,EV,엘리베이터,"[3호기]1,2번출구사이"
S1_4_0340,4호선,수유,facility_span,,1,B1,B2,1,down,EV,엘리베이터,[2호기]미아방면4-4
S1_4_0340,4호선,수유,facility_span,,1,B1,B2,1,down,EV,엘리베이터,[1호기]쌍문방면7-1
S1_4_0211,4호선,미아,move_path,paren,1,1F,B1,1,down,EV,엘리베이터,1번 출입구 옆 엘리베이터
S1_4_0211,4호선,미아,move_path,paren,1,B1,B2,1,down,EV,엘리베이터,수유 방면 엘리베이터
S1_4_0211,4호선,미아,move_path,paren,1,B1,B2,1,down,EV,엘리베이터,미아사거리 방면 엘리베이터
S1_4_0211,4호선,미아,facility_span,,1,1F,B1,1,down,EV,엘리베이터,"[3호기]1,2번출구사이"
S1_4_0211,4호선,미아,facility_span,,1,B1,B2,1,down,EV,엘리베이터,[2호기]미아사거리방면3-4
S1_4_0211,4호선,미아,facility_span,,1,B1,B2,1,down,EV,엘리베이터,[1호기]수유방면8-2
S1_4_0212,4호선,미아사거리,move_path,paren,0,1F,B1,1,down,EV,엘리베이터,1번 출입구 옆 엘리베이터
S1_4_0212,4호선,미아사거리,move_path,paren,1,B1,B2,1,down,EV,엘리베이터,미아 방면 엘리베이터
S1_4_0212,4호선,미아사거리,move_path,paren,1,B1,B2,1,down,EV,엘리베이터,길음 방면 엘리베이터
S1_4_0212,4호선,미아사거리,facility_span,,1,B1,B2,1,down,EV,엘리베이터,[1호기]미아방면3-1
S1_4_0212,4호선,미아사거리,facility_span,,1,B1,B2,1,down,EV,엘리베이터,[2호기]길음방면8-3
S1_4_0096,4호선,길음,move_path,paren,1,1F,B1,1,down,EV,엘리베이터,4번 출입구 옆 엘리베이터
S1_4_0096,4호선,길음,move_path,paren,1,B1,B2,1,down,EV,엘리베이터,승강장 방향 엘리베이터
S1_4_0096,4호선,길음,move_path,paren,1,1F,B1,1,down,EV,엘리베이터,5번 출입구 옆 엘리베이터
S1_4_0096,4호선,길음,facility_span,,1,1F,B1,1,down,EV,엘리베이터,[3호기]4번출구측
S1_4_0096,4호선,길음,facility_span,,1,1F,B1,1,down,EV,엘리베이터,[2호기]5번출구측
S1_4_0096,4호선,길음,facility_span,,1,B1,B2,1,down,EV,엘리베이터,[1호기]미아사거리방면6-1
S1_4_0315,4호선,성신여대입구,move_path,paren,1,1F,B1,1,down,EV,엘리베이터,2번 출입구 옆 엘리베이터
S1_4_0315,4호선,성신여대입구,move_path,paren,1,B1,B2,1,down,EV,엘리베이터,길음 방면 엘리베이터
S1_4_0315,4호선,성신여대입구,move_path,paren,1,B1,B2,1,down,EV,엘리베이터,한성대입구 방면 엘리베이터
S1_4_0315,4호선,성신여대입구,move_path,paren,1,1F,B1,1,down,EV,엘리베이터,3번 출입구 옆 엘리베이터
S1_4_0315,4호선,성신여대입구,move_path,paren,0,B2,B4,2,down,EV,엘리베이터,우이신설선 정릉 방면 엘리베이터
S1_4_0315,4호선,성신여대입구,move_path,paren,0,B2,B4,2,down,EV,엘리베이터,우이신설선 보문 방면 엘리베이터
S1_4_0315,4호선,성신여대입구,move_path,,,B2,B2,0,same,PASSAGE,환승통로,환승통로로 이동
S1_4_0315,4호선,성신여대입구,move_path,paren,0,B2,B4,2,down,EV,엘리베이터,우이신설선 방향 환승 엘리베이터
S1_4_0315,4호선,성신여대입구,move_path,,,B4,B4,0,same,PASSAGE,환승통로,환승통로로 이동
S1_4_0315,4호선,성신여대입구,move_path,paren,0,B4,B2,2,up,EV,엘리베이터,대합실 방향 엘리베이터
S1_4_0315,4호선,성신여대입구,facility_span,,1,1F,B1,1,down,EV,엘리베이터,[4호기]3번출구측
S1_4_0315,4호선,성신여대입구,facility_span,,1,1F,B1,1,down,EV,엘리베이터,[3호기]2번출구측
S1_4_0315,4호선,성신여대입구,facility_span,,1,B1,B2,1,down,EV,엘리베이터,[2호기]한성대입구방면3-4
S1_4_0315,4호선,성신여대입구,facility_span,,1,B1,B2,1,down,EV,엘리베이터,[1호기]길음방면8-2
S1_4_0587,4호선,한성대입구,move_path,paren,1,1F,B1,1,down,EV,엘리베이터,3번/4번 출입구 사이 엘리베이터
S1_4_0587,4호선,한성대입구,move_path,paren,1,B1,B2,1,down,EV,엘리베이터,승강장 방향 엘리베이터
S1_4_0587,4호선,한성대입구,move_path,paren,1,1F,B1,1,down,EV,엘리베이터,5번 출입구 옆 엘리베이터
S1_4_0587,4호선,한성대입구,move_path,paren,1,1F,B1,1,down,EV,엘리베이터,5번 출입구 사이 엘리베이터
S1_4_0587,4호선,한성대입구,facility_span,,1,1F,B1,1,down,EV,엘리베이터,[3호기]5번출구측
S1_4_0587,4호선,한성대입구,facility_span,,1,1F,B1,1,down,EV,엘리베이터,"[2호기]3,4번출구사이"
S1_4_0587,4호선,한성대입구,facility_span,,1,B1,B2,1,down,EV,엘리베이터,[1호기]성신여대입구방면6-1
S1_4_0594,4호선,혜화,move_path,paren,1,1F,B1,1,down,EV,엘리베이터,2번 출입구 옆 엘리베이터
S1_4_0594,4호선,혜화,move_path,paren,1,B1,B2,1,down,EV,엘리베이터,한성대입구 방면 엘리베이터
S1_4_0594,4호선,혜화,move_path,paren,1,B1,B2,1,down,EV,엘리베이터,동대문 방면 엘리베이터
S1_4_0594,4호선,혜화,move_path,paren,1,1F,B1,1,down,EV,엘리베이터,3번 출입구 옆 엘리베이터
S1_4_0594,4호선,혜화,facility_span,,1,1F,B1,1,down,EV,엘리베이터,[4호기]3번출구측
S1_4_0594,4호선,혜화,facility_span,,1,1F,B1,1,down,EV,엘리베이터,[3호기]2번출구측
S1_4_0594,4호선,혜화,facility_span,,1,B1,B2,1,down,EV,엘리베이터,[2호기]동대문방면3-4
S1_4_0594,4호선,혜화,facility_span,,1,B1,B2,1,down,EV,엘리베이터,[1호기]한성대입구방면7-4
S1_4_0155,4호선,동대문,move_path,inline,1,B1,B4,3,down,EV,엘리베이터,"고객안전실 앞 게이트(8번출구 방향) 통과 후, 엘리베이터를"
S1_4_0155,4호선,동대문,move_path,paren,1,B4,B1,3,up,EV,엘리베이터,대합실 방향 엘리베이터
S1_4_0155,4호선,동대문,move_path,,,B1,B1,0,same,PASSAGE,환승통로,1호선 방향 환승통로로 이동
S1_4_0155,4호선,동대문,move_path,paren,0,B1,B2,1,down,EV,엘리베이터,동묘앞 방면 엘리베이터
S1_4_0155,4호선,동대문,move_path,paren,0,B1,B2,1,down,EV,엘리베이터,종로5가 방면 엘리베이터
S1_4_0155,4호선,동대문,facility_span,,1,1F,B1,1,down,EV,엘리베이터,[2호기]9번출구측
S1_4_0155,4호선,동대문,facility_span,,1,B1,B4,3,down,EV,엘리베이터,[1호기]혜화방면6-3
S1_4_0155,4호선,동대문,facility_span,,1,B2,B3,1,down,EV,엘리베이터,[1호기](B4-B1)섬식(상)6-3
S1_4_0156,4호선,동대문역사문화공원,move_path,inline,1,1F,B1,1,down,EV,엘리베이터,1번 출입구 옆 지상 1층 엘리베이터
S1_4_0156,4호선,동대문역사문화공원,move_path,inline,1,B1,B3,2,down,EV,엘리베이터,지하1층 엘리베이터
S1_4_0156,4호선,동대문역사문화공원,move_path,inline,1,1F,B1,1,down,EV,엘리베이터,4번 출입구 옆 지상1층 엘리베이터
S1_4_0156,4호선,동대문역사문화공원,move_path,paren,1,B3,B1,2,up,EV,엘리베이터,대합실 방향 엘리베이터
S1_4_0156,4호선,동대문역사문화공원,move_path,paren,0,B1,B2,1,down,EV,엘리베이터,2호선 을지로4가 방면 엘리베이터
S1_4_0156,4호선,동대문역사문화공원,move_path,paren,0,B1,B2,1,down,EV,엘리베이터,2호선 신당 방면 엘리베이터
S1_4_0156,4호선,동대문역사문화공원,move_path,paren,0,B3,B5,2,down,EV,엘리베이터,5호선 방향 환승 엘리베이터
S1_4_0156,4호선,동대문역사문화공원,facility_span,,1,1F,B1,1,down,EV,엘리베이터,[2호기]4번출구측
S1_4_0156,4호선,동대문역사문화공원,facility_span,,1,B1,B3,2,down,EV,엘리베이터,[1호기]동대문방면4-4
S1_4_0563,4호선,충무로,move_path,paren,1,1F,B1,1,down,EV,엘리베이터,7번 출입구 옆 엘리베이터
S1_4_0563,4호선,충무로,move_path,paren,1,B1,B3,2,down,EV,엘리베이터,동대문역사문화공원 방면 엘리베이터
S1_4_0563,4호선,충무로,move_path,paren,1,B1,B3,2,down,EV,엘리베이터,명동 방면 엘리베이터
S1_4_0563,4호선,충무로,move_path,paren,0,B3,B2,1,up,EV,엘리베이터,대합실 방향 엘리베이터
S1_4_0563,4호선,충무로,move_path,paren,1,B2,B4,2,down,EV,엘리베이터,3호선 승강장 방향 엘리베이터
S1_4_0563,4호선,충무로,move_path,paren,0,B3,B4,1,down,EV,엘리베이터,4호선 명동역 방면 승강장 7-2 출입문 앞 엘리베이터
S1_4_0563,4호선,충무로,facility_span,,1,1F,B1,1,down,EV,엘리베이터,[4호기]7번출구측
S1_4_0563,4호선,충무로,facility_span,,1,B1,B3,2,down,EV,엘리베이터,[2호기]명동방면3-3
S1_4_0563,4호선,충무로,facility_span,,1,B1,B3,2,down,EV,엘리베이터,[1호기]동대문역사문화공원방면8-1
S1_4_0563,4호선,충무로,facility_span,,1,B2,B4,2,down,EV,엘리베이터,[3호기]대합실(B3)
S1_4_0197,4호선,명동,move_path,paren,1,1F,B1,1,down,EV,엘리베이터,1번 출입구 옆 엘리베이터
S1_4_0197,4호선,명동,move_path,paren,1,B1,B4,3,down,EV,엘리베이터,승강장 방향 엘리베이터
S1_4_0197,4호선,명동,facility_span,,1,1F,B1,1,down,EV,엘리베이터,[1호기]1번출구측
S1_4_0197,4호선,명동,facility_span,,1,B1,B4,3,down,EV,엘리베이터,[2호기]대합실
S1_4_0197,4호선,명동,facility_span,,1,B2,B3,1,down,EV,엘리베이터,[2호기](B4-B1)
S1_4_0607,4호선,회현,move_path,paren,1,1F,B1,1,down,EV,엘리베이터,"4, 5번 출구 사이 중앙 엘리베이터"
S1_4_0607,4호선,회현,move_path,paren,1,B1,B4,3,down,EV,엘리베이터,승강장 방향 엘리베이터
S1_4_0607,4호선,회현,facility_span,,1,1F,B1,1,down,EV,엘리베이터,"[2호기]3,4,5번출구중심"
S1_4_0607,4호선,회현,facility_span,,1,B1,B4,3,down,EV,엘리베이터,[1호기]명동방면10-1
S1_4_0607,4호선,회현,facility_span,,1,B2,B3,1,down,EV,엘리베이터,"[1호기](B4-B1) (B4)서울역방향 승강장1-4, 명동방향 승강장10-1 출입문 앞 (B2)물품보관함 왼쪽 통로 끝 (B1)5번출입구방향 표내는곳 옆"
S1_4_0296,4호선,서울역,move_path,paren,1,1F,B1,1,down,EV,엘리베이터,12번 출입구 옆 엘리베이터
S1_4_0296,4호선,서울역,move_path,paren,1,B1,B2,1,down,EV,엘리베이터,승강장 방향 엘리베이터
S1_4_0296,4호선,서울역,move_path,paren,1,B2,B1,1,up,EV,엘리베이터,대합실 방향 엘리베이터
S1_4_0296,4호선,서울역,move_path,,,B1,B1,0,same,PASSAGE,환승통로,1호선 방향 환승통로로 이동
S1_4_0296,4호선,서울역,move_path,paren,1,B1,B2,1,down,EV,엘리베이터,1호선 승강장 방향 엘리베이터
S1_4_0296,4호선,서울역,move_path,,,B2,B2,0,same,PASSAGE,환승통로,1호선 방향 환승통로로 이동
S1_4_0296,4호선,서울역,move_path,paren,0,B2,1F,2,up,EV,엘리베이터,회현방면 승강장 9-1 부근 엘리베이터
S1_4_0296,4호선,서울역,move_path,paren,0,2F,1F,1,down,EV,엘리베이터,경의중앙선 역사에서 승강장 엘리베이터
S1_4_0296,4호선,서울역,move_path,paren,0,B2,1F,2,up,EV,엘리베이터,숙대입구 방면 승강장 2-3 부근 엘리베이터
S1_4_0296,4호선,서울역,move_path,paren,0,B1,B3,2,down,EV,엘리베이터,공항철도 방향 엘리베이터
S1_4_0296,4호선,서울역,move_path,,,B3,B3,0,same,PASSAGE,환승통로,공항철도 방향 환승통로로 이동
S1_4_0296,4호선,서울역,move_path,paren,0,B3,B7,4,down,EV,엘리베이터,공항철도 공덕 방면 엘리베이터
S1_4_0296,4호선,서울역,facility_span,,1,1F,B1,1,down,EV,엘리베이터,[2호기]12번출구측
S1_4_0296,4호선,서울역,facility_span,,1,B1,B2,1,down,EV,엘리베이터,[1호기]회현방면9-1
S1_4_0343,4호선,숙대입구,move_path,paren,1,1F,B1,1,down,EV,엘리베이터,10번 출입구 옆 엘리베이터
S1_4_0343,4호선,숙대입구,move_path,paren,1,B1,B2,1,down,EV,엘리베이터,서울역 방면 엘리베이터
S1_4_0343,4호선,숙대입구,move_path,paren,1,B1,B2,1,down,EV,엘리베이터,삼각지 방면 엘리베이터
S1_4_0343,4호선,숙대입구,facility_span,,1,1F,B1,1,down,EV,엘리베이터,[3호기]10번출구측
S1_4_0343,4호선,숙대입구,facility_span,,1,B1,B2,1,down,EV,엘리베이터,[2호기]삼각지방면3-3
S1_4_0343,4호선,숙대입구,facility_span,,1,B1,B2,1,down,EV,엘리베이터,[1호기]서울역방면8-1
S1_4_0263,4호선,삼각지,move_path,paren,1,1F,B1,1,down,EV,엘리베이터,1번 출입구 옆 엘리베이터
S1_4_0263,4호선,삼각지,move_path,paren,1,B1,B2,1,down,EV,엘리베이터,숙대입구 방면 엘리베이터
S1_4_0263,4호선,삼각지,move_path,paren,1,B1,B2,1,down,EV,엘리베이터,신용산 방면 엘리베이터
S1_4_0263,4호선,삼각지,move_path,paren,1,1F,B1,1,down,EV,엘리베이터,3번 출입구 옆 엘리베이터
S1_4_0263,4호선,삼각지,move_path,paren,1,1F,B1,1,down,EV,엘리베이터,5번 출입구 옆 엘리베이터
S1_4_0263,4호선,삼각지,move_path,,,B3,B3,0,same,PASSAGE,환승통로,6호선 방향 환승통로로 이동
S1_4_0263,4호선,삼각지,move_path,paren,0,B3,B4,1,down,EV,엘리베이터,6호선 승강장 방향 엘리베이터
S1_4_0263,4호선,삼각지,move_path,paren,0,B3,B4,1,down,WCLF,휠체어리프트,6호선 승강장 방향 휠체어리프트
S1_4_0263,4호선,삼각지,facility_span,,1,1F,B1,1,down,EV,엘리베이터,"[3호기]1,2번출구측"
S1_4_0263,4호선,삼각지,facility_span,,1,1F,B1,1,down,EV,엘리베이터,[5호기]3번출구측
S1_4_0263,4호선,삼각지,facility_span,,1,1F,B1,1,down,EV,엘리베이터,"[4호기]5,6번출구측"
S1_4_0263,4호선,삼각지,facility_span,,1,B1,B2,1,down,EV,엘리베이터,[2호기]신용산방면7-2
S1_4_0263,4호선,삼각지,facility_span,,1,B1,B2,1,down,EV,엘리베이터,[1호기]숙대입구방면4-3
S1_4_0369,4호선,신용산,move_path,paren,1,1F,B1,1,down,EV,엘리베이터,1번 출입구 옆 엘리베이터
S1_4_0369,4호선,신용산,move_path,paren,1,B1,B2,1,down,EV,엘리베이터,삼각지 방면 엘리베이터
S1_4_0369,4호선,신용산,move_path,paren,1,B1,B2,1,down,EV,엘리베이터,이촌 방면 엘리베이터
S1_4_0369,4호선,신용산,move_path,paren,1,1F,B1,1,down,EV,엘리베이터,4번 출입구 옆 엘리베이터
S1_4_0369,4호선,신용산,facility_span,,1,1F,B1,1,down,EV,엘리베이터,[4호기]4번출구측
S1_4_0369,4호선,신용산,facility_span,,1,1F,B2,2,down,EV,엘리베이터,[3호기]1번출구측
S1_4_0369,4호선,신용산,facility_span,,1,B1,B2,1,down,EV,엘리베이터,[1호기]삼각지방면8-2
S1_4_0369,4호선,신용산,facility_span,,1,B1,B2,1,down,EV,엘리베이터,[2호기]이촌방면3-2
S1_4_0477,4호선,이촌,move_path,paren,1,1F,B1,1,down,EV,엘리베이터,1번 출입구 옆 엘리베이터
S1_4_0477,4호선,이촌,move_path,paren,1,B1,B2,1,down,EV,엘리베이터,신용산 방면 엘리베이터
S1_4_0477,4호선,이촌,move_path,paren,1,B1,B2,1,down,EV,엘리베이터,동작 방면 엘리베이터
S1_4_0477,4호선,이촌,move_path,paren,1,1F,B1,1,down,EV,엘리베이터,2번 출입구 옆 엘리베이터
S1_4_0477,4호선,이촌,move_path,paren,1,1F,B1,1,down,EV,엘리베이터,3-1번 출입구 옆 엘리베이터
S1_4_0477,4호선,이촌,move_path,inline,1,B1,1F,1,up,EV,엘리베이터,대합실 방향 엘리베이터
S1_4_0477,4호선,이촌,move_path,,,1F,1F,0,same,PASSAGE,환승통로,환승통로로 이동
S1_4_0477,4호선,이촌,move_path,paren,1,B1,1F,1,up,EV,엘리베이터,경의중앙선 방향 서빙고 방면 엘리베이터
S1_4_0477,4호선,이촌,facility_span,,1,1F,B1,1,down,EV,엘리베이터,[3호기]1번출구측
S1_4_0477,4호선,이촌,facility_span,,1,1F,B1,1,down,EV,엘리베이터,[5호기]환승통로
S1_4_0477,4호선,이촌,facility_span,,1,1F,B1,1,down,EV,엘리베이터,[4호기]2번출구측
S1_4_0477,4호선,이촌,facility_span,,1,B1,B2,1,down,EV,엘리베이터,[2호기]동작방면3-3
S1_4_0477,4호선,이촌,facility_span,,1,B1,B2,1,down,EV,엘리베이터,[1호기]신용산방면8-1
S1_4_0167,4호선,동작,move_path,paren,0,1F,2F,1,up,EV,엘리베이터,엘리베이터
S1_4_0167,4호선,동작,move_path,paren,1,2F,3F,1,up,EV,엘리베이터,이촌 방면 엘리베이터
S1_4_0167,4호선,동작,move_path,paren,1,1F,3F,2,up,EV,엘리베이터,총신대입구 방면 엘리베이터
S1_4_0167,4호선,동작,move_path,paren,1,3F,2F,1,down,EV,엘리베이터,대합실 방향 엘리베이터
S1_4_0167,4호선,동작,move_path,,,2F,2F,0,same,PASSAGE,환승통로,9호선 방향 환승통로로 이동
S1_4_0167,4호선,동작,move_path,paren,0,2F,B2,3,down,EV,엘리베이터,환승 엘리베이터
S1_4_0167,4호선,동작,move_path,paren,0,B2,B3,1,down,EV,엘리베이터,9호선 구반포 방면 엘리베이터
S1_4_0167,4호선,동작,move_path,paren,0,B2,B3,1,down,EV,엘리베이터,9호선 흑석 방면 엘리베이터
S1_4_0167,4호선,동작,facility_span,,1,3F,1F,2,down,EV,엘리베이터,[2호기]총신대입구방면4-4
S1_4_0167,4호선,동작,facility_span,,1,3F,2F,1,down,EV,엘리베이터,[1호기]이촌방면7-4
S1_4_0560,4호선,총신대입구,move_path,paren,1,1F,B1,1,down,EV,엘리베이터,1번 출입구 옆 엘리베이터
S1_4_0560,4호선,총신대입구,move_path,paren,1,B1,B2,1,down,EV,엘리베이터,동작 방면 엘리베이터
S1_4_0560,4호선,총신대입구,move_path,paren,1,B1,B2,1,down,EV,엘리베이터,사당 방면 엘리베이터
S1_4_0560,4호선,총신대입구,move_path,paren,1,1F,B1,1,down,EV,엘리베이터,14번 출입구 옆 엘리베이터
S1_4_0560,4호선,총신대입구,move_path,paren,0,B2,B4,2,down,WCLF,휠체어리프트,7호선 환승통로 방향 휠체어리프트
S1_4_0560,4호선,총신대입구,move_path,,,B4,B4,0,same,PASSAGE,환승통로,환승통로로 이동
S1_4_0560,4호선,총신대입구,move_path,paren,0,B4,B3,1,up,EV,엘리베이터,대합실 방향 엘리베이터
S1_4_0560,4호선,총신대입구,move_path,paren,0,B3,B4,1,down,EV,엘리베이터,7호선 내방 방면 엘리베이터
S1_4_0560,4호선,총신대입구,facility_span,,1,1F,B1,1,down,EV,엘리베이터,[4호기]14번출구측
S1_4_0560,4호선,총신대입구,facility_span,,1,1F,B1,1,down,EV,엘리베이터,[3호기]1번출구측
S1_4_0560,4호선,총신대입구,facility_span,,1,B1,B2,1,down,EV,엘리베이터,[2호기]사당방면8-3
S1_4_0560,4호선,총신대입구,facility_span,,1,B1,B2,1,down,EV,엘리베이터,[1호기]동작방면7-3
S1_4_0257,4호선,사당,move_path,paren,1,1F,B1,1,down,EV,엘리베이터,6번 출입구 옆 엘리베이터
S1_4_0257,4호선,사당,move_path,paren,1,B1,B3,2,down,EV,엘리베이터,4호선 승강장 방향 엘리베이터
S1_4_0257,4호선,사당,move_path,paren,1,1F,B1,1,down,EV,엘리베이터,14번 출입구 옆 엘리베이터
S1_4_0257,4호선,사당,move_path,paren,1,B3,B1,2,up,EV,엘리베이터,대합실 방향 엘리베이터
S1_4_0257,4호선,사당,move_path,paren,0,B1,B2,1,down,EV,엘리베이터,2호선 방배 방면 엘리베이터
S1_4_0257,4호선,사당,move_path,paren,0,B3,B2,1,up,EV,엘리베이터,대합실 방향 엘리베이터
S1_4_0257,4호선,사당,facility_span,,1,1F,B1,1,down,EV,엘리베이터,"[2호기]9,10번출구사이"
S1_4_0257,4호선,사당,facility_span,,1,B1,B3,2,down,EV,엘리베이터,[1호기]총신대입구방면9-2
S1_4_0110,4호선,남태령,move_path,paren,1,1F,B1,1,down,EV,엘리베이터,2번 출입구 옆 엘리베이터
S1_4_0110,4호선,남태령,move_path,paren,1,B1,B2,1,down,EV,엘리베이터,대합실 방향 엘리베이터
S1_4_0110,4호선,남태령,move_path,paren,1,B2,B3,1,down,EV,엘리베이터,승강장 방향 엘리베이터
S1_4_0110,4호선,남태령,facility_span,,1,1F,B1,1,down,EV,엘리베이터,[3호기]2번출구측
S1_4_0110,4호선,남태령,facility_span,,1,B1,B2,1,down,EV,엘리베이터,[2호기]1번출구측
S1_4_0110,4호선,남태령,facility_span,,1,B2,B3,1,down,EV,엘리베이터,[1호기]사당방면3-3
KR_4_0307,4호선,선바위,move_path,paren,1,1F,B1,1,down,EV,엘리베이터,1번 출입구 옆 엘리베이터
KR_4_0307,4호선,선바위,move_path,paren,1,B1,B2,1,down,EV,엘리베이터,남태령 방면 엘리베이터
KR_4_0307,4호선,선바위,move_path,paren,1,B1,B2,1,down,EV,엘리베이터,경마공원 방면 엘리베이터
KR_4_0307,4호선,선바위,facility_span,,1,1F,B1,1,down,EV,엘리베이터,[3호기](1F)1번출구뒤
KR_4_0307,4호선,선바위,facility_span,,1,B1,B2,1,down,EV,엘리베이터,[2호기](B1)경마공원방향승강장8-3출입문앞
KR_4_0307,4호선,선바위,facility_span,,1,B1,B2,1,down,EV,엘리베이터,[1호기](B2)남태령방향승강장3-1출입문앞
KR_4_0039,4호선,경마공원,move_path,paren,1,1F,B1,1,down,EV,엘리베이터,2번 출입구 옆 엘리베이터
KR_4_0039,4호선,경마공원,move_path,paren,1,B1,B2,1,down,EV,엘리베이터,선바위 방면 엘리베이터
KR_4_0039,4호선,경마공원,move_path,paren,1,B1,B2,1,down,EV,엘리베이터,대공원 방면 엘리베이터
KR_4_0039,4호선,경마공원,move_path,paren,1,1F,B1,1,down,EV,엘리베이터,5번 출입구 옆 엘리베이터
KR_4_0039,4호선,경마공원,facility_span,,1,1F,B1,1,down,EV,엘리베이터,[4호기](B1)2번출입구방향옆
KR_4_0039,4호선,경마공원,facility_span,,1,1F,B1,1,down,EV,엘리베이터,[3호기](B1)5번출입구방향옆
KR_4_0039,4호선,경마공원,facility_span,,1,B1,B2,1,down,EV,엘리베이터,[1호기](B2)당고개방향승강장4-1
KR_4_0039,4호선,경마공원,facility_span,,1,B1,B2,1,down,EV,엘리베이터,[2호기](B2)오이도방향승강장8-1
KR_4_0129,4호선,대공원,move_path,paren,1,1F,B1,1,down,EV,엘리베이터,1번 출입구 옆 엘리베이터
KR_4_0129,4호선,대공원,move_path,paren,1,B1,B2,1,down,EV,엘리베이터,경마공원 방면 엘리베이터
KR_4_0129,4호선,대공원,move_path,paren,1,B1,B2,1,down,EV,엘리베이터,과천 방면 엘리베이터
KR_4_0129,4호선,대공원,move_path,paren,1,1F,B1,1,down,EV,엘리베이터,5번 출입구 옆 엘리베이터
KR_4_0129,4호선,대공원,facility_span,,1,1F,B1,1,down,EV,엘리베이터,[3호기](B1)북쪽맞이방1번출구옆
KR_4_0129,4호선,대공원,facility_span,,1,B1,B2,1,down,EV,엘리베이터,[2호기](B2)과천역방향승강장7-3출입문앞
KR_4_0129,4호선,대공원,facility_span,,1,B1,B2,1,down,EV,엘리베이터,[1호기](B2)경마공원역방향승강장3-3출입문앞
KR_4_0058,4호선,과천,move_path,paren,1,1F,B1,1,down,EV,엘리베이터,2번 출입구 옆 엘리베이터
KR_4_0058,4호선,과천,move_path,paren,0,B1,B2,1,down,EV,엘리베이터,대공원 방면 엘리베이터
KR_4_0058,4호선,과천,move_path,paren,0,B1,B2,1,down,EV,엘리베이터,정부과천청사 방면 엘리베이터
KR_4_0058,4호선,과천,move_path,paren,1,1F,B1,1,down,EV,엘리베이터,6번 출입구 옆 엘리베이터
KR_4_0058,4호선,과천,move_path,paren,1,1F,B1,1,down,EV,엘리베이터,7번 출입구 옆 엘리베이터
KR_4_0058,4호선,과천,facility_span,,1,1F,B2,2,down,EV,엘리베이터,[1호기](B2)대공원역방향승강장4-3출입문앞
KR_4_0058,4호선,과천,facility_span,,1,1F,B2,2,down,EV,엘리베이터,[2호기](B2)정부청사역방향승강장7-2출입문앞
KR_4_0058,4호선,과천,facility_span,,1,1F,B1,1,down,EV,엘리베이터,[5호기](1F)7번출입구옆
KR_4_0058,4호선,과천,facility_span,,1,1F,B1,1,down,EV,엘리베이터,[4호기](1F)5번출입구옆
KR_4_0058,4호선,과천,facility_span,,1,1F,B1,1,down,EV,엘리베이터,[3호기](1F)2번출입구옆
KR_4_0509,4호선,정부과천청사,move_path,paren,1,1F,B1,1,down,EV,엘리베이터,1번/2번 출입구 사이 엘리베이터
KR_4_0509,4호선,정부과천청사,move_path,paren,1,B1,B2,1,down,EV,엘리베이터,과천 방면 엘리베이터
KR_4_0509,4호선,정부과천청사,move_path,paren,1,B1,B2,1,down,EV,엘리베이터,인덕원 방면 엘리베이터
KR_4_0509,4호선,정부과천청사,move_path,paren,1,1F,B1,1,down,EV,엘리베이터,5번 출입구 옆 엘리베이터
KR_4_0509,4호선,정부과천청사,move_path,paren,1,1F,B1,1,down,EV,엘리베이터,8번 출입구 옆 엘리베이터
KR_4_0509,4호선,정부과천청사,facility_span,,1,1F,B1,1,down,EV,엘리베이터,"[3호기]1,2번출입구중앙"
KR_4_0509,4호선,정부과천청사,facility_span,,1,1F,B1,1,down,EV,엘리베이터,[5호기]8번출입구
KR_4_0509,4호선,정부과천청사,facility_span,,1,1F,B1,1,down,EV,엘리베이터,[4호기]5번출입구
KR_4_0509,4호선,정부과천청사,facility_span,,1,B1,B2,1,down,EV,엘리베이터,[2호기](B1)남쪽맞이방(B2)하4-1
KR_4_0509,4호선,정부과천청사,facility_span,,1,B1,B2,1,down,EV,엘리베이터,[1호기](B1)남쪽맞이방(B2)상7-4
KR_4_0480,4호선,인덕원,move_path,paren,1,1F,B1,1,down,EV,엘리베이터,3번 출입구 옆 엘리베이터
KR_4_0480,4호선,인덕원,move_path,paren,1,B1,B2,1,down,EV,엘리베이터,정부과천청사 방면 엘리베이터
KR_4_0480,4호선,인덕원,move_path,paren,1,B1,B2,1,down,EV,엘리베이터,평촌 방면 엘리베이터
KR_4_0480,4호선,인덕원,move_path,paren,1,1F,B1,1,down,EV,엘리베이터,4번 출입구 옆 엘리베이터
KR_4_0480,4호선,인덕원,facility_span,,1,1F,B1,1,down,EV,엘리베이터,"[4호기](1F)4번/5번출입구사이엘리베이터,4번출입구옆"
KR_4_0480,4호선,인덕원,facility_span,,1,1F,B1,1,down,EV,엘리베이터,"[2호기](1F)2번/3번출입구사이엘리베이터,3번출입구옆"
KR_4_0480,4호선,인덕원,facility_span,,1,B1,B2,1,down,EV,엘리베이터,[5호기](B2)과천정부청사역방향승강장3-4출입문앞
KR_4_0480,4호선,인덕원,facility_span,,1,B1,B2,1,down,EV,엘리베이터,[1호기](B2)평촌역방향승강장8-2출입문앞
KR_4_0578,4호선,평촌,move_path,paren,1,1F,B1,1,down,EV,엘리베이터,1번 출입구 옆 엘리베이터
KR_4_0578,4호선,평촌,move_path,paren,0,B1,B3,2,down,EV,엘리베이터,인덕원 방면 엘리베이터
KR_4_0578,4호선,평촌,move_path,paren,0,B1,B3,2,down,EV,엘리베이터,범계 방면 엘리베이터
KR_4_0578,4호선,평촌,facility_span,,1,1F,B1,1,down,EV,엘리베이터,[3호기](1F)1번출입구광장분수대옆
KR_4_0578,4호선,평촌,facility_span,,1,B2,B3,1,down,EV,엘리베이터,[1호기](B3)당고개방향4-4출입문앞
KR_4_0578,4호선,평촌,facility_span,,1,B2,B3,1,down,EV,엘리베이터,[2호기](B3)오이도방향7-1출입문앞
KR_4_0228,4호선,범계,move_path,paren,1,1F,B1,1,down,EV,엘리베이터,6번 출입구 옆 엘리베이터
KR_4_0228,4호선,범계,move_path,paren,1,B1,B2,1,down,EV,엘리베이터,평촌 방면 엘리베이터
KR_4_0228,4호선,범계,move_path,paren,1,B1,B2,1,down,EV,엘리베이터,금정 방면 엘리베이터
KR_4_0228,4호선,범계,facility_span,,1,1F,B1,1,down,EV,엘리베이터,[3호기]6번출입구옆
KR_4_0228,4호선,범계,facility_span,,1,B1,B2,1,down,EV,엘리베이터,[2호기](B2)금정방향승강장9-2출입문앞
KR_4_0228,4호선,범계,facility_span,,1,B1,B2,1,down,EV,엘리베이터,[1호기](B2)평촌방향승강장8-1출입문앞
KR_4_0090,4호선,금정,facility_span,,1,2F,1F,1,down,EV,엘리베이터,[3호기](2F)북부역사이동통로(1F)구안산선승강장
KR_4_0260,4호선,산본,move_path,inline,1,1F,3F,2,up,EV,엘리베이터,지상 1층 엘리베이터
KR_4_0260,4호선,산본,move_path,inline,0,2F,3F,1,up,EV,엘리베이터,지상 2층 엘리베이터
KR_4_0260,4호선,산본,move_path,,,2F,2F,0,same,PASSAGE,환승통로,지상 2층 이동통로
KR_4_0260,4호선,산본,move_path,inline,0,2F,3F,1,up,EV,엘리베이터,지상 2층 대합실 방면 엘리베이터
KR_4_0260,4호선,산본,move_path,inline,1,3F,4F,1,up,EV,엘리베이터,금정 방면 지상 3층 엘리베이터
KR_4_0260,4호선,산본,move_path,inline,1,3F,4F,1,up,EV,엘리베이터,수리산 방면 지상 3층 엘리베이터
KR_4_0260,4호선,산본,facility_span,,1,4F,3F,1,down,EV,엘리베이터,[3호기](3F)동쪽표내는곳내부하행에스컬레이터앞
KR_4_0260,4호선,산본,facility_span,,1,4F,3F,1,down,EV,엘리베이터,[2호기](3F)동쪽표내는곳내부상행에스컬레이터앞
KR_4_0260,4호선,산본,facility_span,,1,3F,1F,2,down,EV,엘리베이터,"[1호기](1F)1번출구,2번출구사이중앙(2F)3번,4번출구사이십자통로(3F)이디아카페왼쪽"
KR_4_0335,4호선,수리산,facility_span,,1,2F,1F,1,down,EV,엘리베이터,[3호기](1층)2번출입구앞>(2층)맞이방
KR_4_0335,4호선,수리산,facility_span,,1,2F,1F,1,down,EV,엘리베이터,[4호기](1층)1번출입구앞>(2층)맞이방
KR_4_0335,4호선,수리산,facility_span,,1,2F,1F,1,down,EV,엘리베이터,[2호기](1층)대야미역방향승강장4-4출입문앞>(2층)표내는곳내계단옆
KR_4_0335,4호선,수리산,facility_span,,1,2F,1F,1,down,EV,엘리베이터,[1호기](1층)산본역방향승강장7-1출입문앞>(2층)표내는곳내계단옆
KR_4_0134,4호선,대야미,facility_span,,1,2F,1F,1,down,EV,엘리베이터,"[1호기](2층),수리산역,당고개방향승강장,6-2,출입문앞"
KR_4_0134,4호선,대야미,facility_span,,1,2F,1F,1,down,EV,엘리베이터,"[2호기](2층),반월역,오이도방향승강장,5-4,출입문앞"
KR_4_0214,4호선,반월,facility_span,,1,1F,B1,1,down,EV,엘리베이터,[3호기](B1)당고개/오이도방향승강장지하연결통로(1F)1번출입구방향
KR_4_0214,4호선,반월,facility_span,,1,1F,B1,1,down,EV,엘리베이터,[1호기](B1)대야미역방향승강장지하연결통로(1F)대야미역방향승강장7-3출입문앞
KR_4_0214,4호선,반월,facility_span,,1,1F,B1,1,down,EV,엘리베이터,[2호기](B1)상록수역방향승강장지하연결통로(1F)상록수역방향승강장4-2출입문앞
KR_4_0275,4호선,상록수,facility_span,,1,2F,1F,1,down,EV,엘리베이터,[1호기](1층)표내는곳내반월방향계단옆
KR_4_0275,4호선,상록수,facility_span,,1,2F,1F,1,down,EV,엘리베이터,[2호기](1층)표내는곳내한대앞방향계단옆
KR_4_0586,4호선,한대앞,facility_span,,1,2F,1F,1,down,EV,엘리베이터,[3호기](2층)2번출입구방향
KR_4_0586,4호선,한대앞,facility_span,,1,2F,1F,1,down,EV,엘리베이터,[2호기](1층)중앙역방향승강장5-2
KR_4_0586,4호선,한대앞,facility_span,,1,2F,1F,1,down,EV,엘리베이터,[1호기](1층)상록수역방향승강장6-3
KR_4_0529,4호선,중앙,move_path,inline,1,1F,2F,1,up,EV,엘리베이터,한대앞 방면 지상 1층 엘리베이터
KR_4_0529,4호선,중앙,move_path,inline,1,1F,2F,1,up,EV,엘리베이터,고잔 방면 지상 1층 엘리베이터
KR_4_0529,4호선,중앙,facility_span,,1,2F,1F,1,down,EV,엘리베이터,[1호기](1층)1번출입구옆(2층)한대앞역방향승강장4-3출입문앞
KR_4_0529,4호선,중앙,facility_span,,1,2F,1F,1,down,EV,엘리베이터,[2호기](1층)2번출입구옆(2층)고잔역방향승강장7-2출입문앞
KR_4_0049,4호선,고잔,move_path,paren,1,2F,1F,1,down,EV,엘리베이터,대합실 방향 엘리베이터
KR_4_0049,4호선,고잔,move_path,paren,1,1F,2F,1,up,EV,엘리베이터,수인분당선 초지 방면 엘리베이터
KR_4_0049,4호선,고잔,move_path,paren,1,1F,2F,1,up,EV,엘리베이터,4호선 중앙 방면 엘리베이터
KR_4_0049,4호선,고잔,facility_span,,1,2F,1F,1,down,EV,엘리베이터,[1호기](2F)중앙역방향5-3출입문앞(1F)고객맞이방화장실옆
KR_4_0049,4호선,고잔,facility_span,,1,2F,1F,1,down,EV,엘리베이터,[2호기](2F)초지역방향6-2출입문앞(1F)고객맞이방화장실옆
KR_4_0559,4호선,초지,move_path,inline,1,1F,2F,1,up,EV,엘리베이터,수인분당선 안산 방면 엘리베이터
KR_4_0559,4호선,초지,move_path,inline,1,1F,2F,1,up,EV,엘리베이터,수인분당선 고잔 방면 엘리베이터
KR_4_0559,4호선,초지,move_path,inline,0,1F,B3,3,down,EV,엘리베이터,지상 1층 환승 대합실 방향 엘리베이터
KR_4_0559,4호선,초지,move_path,,,B3,B3,0,same,PASSAGE,환승통로,지하 3층 연결통로로 이동
KR_4_0559,4호선,초지,move_path,inline,0,B3,B4,1,down,EV,엘리베이터,서해선 선부 방면 엘리베이터
KR_4_0559,4호선,초지,move_path,inline,0,1F,B4,4,down,EV,엘리베이터,서해선 시우 방면 엘리베이터
KR_4_0559,4호선,초지,facility_span,,1,2F,1F,1,down,EV,엘리베이터,[1호기](2F)고잔역방향승강장5-4출입문앞(1F)맞이방통로고잔역방향(기존계단철거)
KR_4_0559,4호선,초지,facility_span,,1,2F,1F,1,down,EV,엘리베이터,[2호기](2F)안산역방향승강장5-4출입문앞(1F)맞이방통로고잔역방향(기존계단철거)
KR_4_0388,4호선,안산,facility_span,,1,2F,1F,1,down,EV,엘리베이터,[2호기](1층)신길온천역방향승강장4-3출입문앞(2층)자유통로하행표내는곳내
KR_4_0388,4호선,안산,facility_span,,1,2F,1F,1,down,EV,엘리베이터,[1호기](1층)초지역방향승강장7-2출입문앞(2층)자유통로상행표내는곳내
KR_4_0510,4호선,정왕,facility_span,,1,2F,1F,1,down,EV,엘리베이터,"[1호기](1F)개집표구진입후당고개,수원방향E/S근처"
KR_4_0510,4호선,정왕,facility_span,,1,2F,1F,1,down,EV,엘리베이터,"[2호기](1F)개집표구진입후오이도,인천방향E/S근처"
KR_4_0433,4호선,오이도,facility_span,,1,3F,1F,2,down,EV,엘리베이터,[3호기](1층)정왕역방향승강장4-3출입문앞(3층)맞이방
KR_4_0433,4호선,오이도,facility_span,,1,3F,1F,2,down,EV,엘리베이터,[2호기](1층)3번출입구옆(3층)맞이방
KR_4_0433,4호선,오이도,facility_span,,1,3F,1F,2,down,EV,엘리베이터,[1호기](1층)2번출입구옆(3층)맞이방
KR_4_0433,4호선,오이도,facility_span,,1,3F,1F,2,down,EV,엘리베이터,[4호기](1층)달월역방향승강장7-2출입문앞(3층)맞이방
S1_5_0221,5호선,방화,move_path,paren,1,1F,B1,1,down,EV,엘리베이터,1번 출입구 옆 엘리베이터
S1_5_0221,5호선,방화,move_path,paren,1,B1,B2,1,down,EV,엘리베이터,개화산 방면 엘리베이터
S1_5_0221,5호선,방화,facility_span,,1,1F,B1,1,down,EV,엘리베이터,[3호기]2번출구측
S1_5_0221,5호선,방화,facility_span,,1,B1,B2,1,down,EV,엘리베이터,[2호기]개화산방면4-4
S1_5_0221,5호선,방화,facility_span,,1,B1,B2,1,down,EV,엘리베이터,[1호기]방화방면4-4
S1_5_0029,5호선,개화산,move_path,paren,1,1F,B2,2,down,EV,엘리베이터,방화 방면 엘리베이터
S1_5_0029,5호선,개화산,move_path,paren,1,1F,B2,2,down,EV,엘리베이터,김포공항 방면 엘리베이터
S1_5_0029,5호선,개화산,facility_span,,1,1F,B2,2,down,EV,엘리베이터,[2호기]2번출구측(대합실내)
S1_5_0029,5호선,개화산,facility_span,,1,1F,B2,2,down,EV,엘리베이터,[1호기]1번출구측(대합실내)
S1_5_0099,5호선,김포공항,move_path,paren,0,1F,B2,2,down,EV,엘리베이터,3번 출입구 옆 엘리베이터
S1_5_0099,5호선,김포공항,move_path,paren,1,B2,B3,1,down,EV,엘리베이터,개화산 방면 엘리베이터
S1_5_0099,5호선,김포공항,move_path,paren,1,B2,B3,1,down,EV,엘리베이터,송정 방면 엘리베이터
S1_5_0099,5호선,김포공항,move_path,paren,0,1F,B1,1,down,EV,엘리베이터,4번 출입구 옆 엘리베이터
S1_5_0099,5호선,김포공항,move_path,paren,0,B1,B3,2,down,EV,엘리베이터,개화산 방면 엘리베이터
S1_5_0099,5호선,김포공항,move_path,paren,0,1F,B2,2,down,EV,엘리베이터,4번 출입구 옆 엘리베이터
S1_5_0099,5호선,김포공항,move_path,paren,0,B2,B4,2,down,EV,엘리베이터,9호선 개화 방면 엘리베이터
S1_5_0099,5호선,김포공항,move_path,paren,1,B2,B3,1,down,EV,엘리베이터,9호선 공항시장 방면 엘리베이터
S1_5_0099,5호선,김포공항,move_path,,,B3,B3,0,same,PASSAGE,환승통로,"9호선, 공항철도 방향 환승통로로 이동"
S1_5_0099,5호선,김포공항,move_path,paren,0,B3,B4,1,down,EV,엘리베이터,9호선 개화 방면 엘리베이터
S1_5_0099,5호선,김포공항,move_path,paren,1,B2,B3,1,down,EV,엘리베이터,공항철도 마곡나루 방면 엘리베이터
S1_5_0099,5호선,김포공항,move_path,paren,0,B2,B4,2,down,EV,엘리베이터,공항철도 계양 방면 엘리베이터
S1_5_0099,5호선,김포공항,move_path,paren,0,B3,B4,1,down,EV,엘리베이터,공항철도 계양 방면 엘리베이터
S1_5_0099,5호선,김포공항,move_path,paren,0,B2,B4,2,down,EV,엘리베이터,김포골드라인 고촌 방면 엘리베이터
S1_5_0099,5호선,김포공항,move_path,paren,1,B3,B2,1,up,EV,엘리베이터,대합실 방향 엘리베이터
S1_5_0099,5호선,김포공항,move_path,paren,0,B2,B4,2,down,EV,엘리베이터,서해선 엘리베이터
S1_5_0099,5호선,김포공항,move_path,paren,0,B4,B5,1,down,EV,엘리베이터,서해선 능곡방면 엘리베이터
S1_5_0099,5호선,김포공항,move_path,paren,0,B4,B5,1,down,EV,엘리베이터,서해선 원종방면 엘리베이터
S1_5_0099,5호선,김포공항,facility_span,,1,B2,B3,1,down,EV,엘리베이터,[1호기]개화산방면6-3
S1_5_0099,5호선,김포공항,facility_span,,1,B2,B3,1,down,EV,엘리베이터,[2호기]송정방면3-1
S1_5_0330,5호선,송정,move_path,paren,1,1F,B2,2,down,EV,엘리베이터,2번 출입구 옆 엘리베이터
S1_5_0330,5호선,송정,move_path,paren,1,B2,B3,1,down,EV,엘리베이터,김포공항 방면 엘리베이터
S1_5_0330,5호선,송정,move_path,paren,1,B2,B3,1,down,EV,엘리베이터,마곡 방면 엘리베이터
S1_5_0330,5호선,송정,move_path,paren,1,1F,B2,2,down,EV,엘리베이터,3번 출입구 옆 엘리베이터
S1_5_0330,5호선,송정,facility_span,,1,1F,B1,1,down,EV,엘리베이터,[4호기]3번출구측
S1_5_0330,5호선,송정,facility_span,,1,1F,B2,2,down,EV,엘리베이터,[3호기]2번출구측
S1_5_0330,5호선,송정,facility_span,,1,B2,B3,1,down,EV,엘리베이터,[1호기]김포공항방면4-4
S1_5_0330,5호선,송정,facility_span,,1,B2,B3,1,down,EV,엘리베이터,[2호기]마곡방면4-4
S1_5_0177,5호선,마곡,move_path,paren,1,1F,B1,1,down,EV,엘리베이터,1번/2번 출입구 사이 엘리베이터
S1_5_0177,5호선,마곡,move_path,paren,1,B1,B2,1,down,EV,엘리베이터,송정 방면 엘리베이터
S1_5_0177,5호선,마곡,move_path,paren,1,B1,B2,1,down,EV,엘리베이터,발산 방면 엘리베이터
S1_5_0177,5호선,마곡,move_path,paren,1,1F,B1,1,down,EV,엘리베이터,3번 출입구 사이 엘리베이터
S1_5_0177,5호선,마곡,move_path,paren,1,1F,B1,1,down,EV,엘리베이터,4번/5번 출입구 사이 엘리베이터
S1_5_0177,5호선,마곡,move_path,paren,1,1F,B1,1,down,EV,엘리베이터,6/7번 출입구 사이 엘리베이터
S1_5_0177,5호선,마곡,facility_span,,1,1F,B1,1,down,EV,엘리베이터,[3호기]1번출구측
S1_5_0177,5호선,마곡,facility_span,,1,1F,B1,1,down,EV,엘리베이터,"[6호기]4,5번출구사이"
S1_5_0177,5호선,마곡,facility_span,,1,1F,B1,1,down,EV,엘리베이터,[5호기]3번출구측
S1_5_0177,5호선,마곡,facility_span,,1,1F,B1,1,down,EV,엘리베이터,"[4호기]6,7번출구사이"
S1_5_0177,5호선,마곡,facility_span,,1,B1,B2,1,down,EV,엘리베이터,[1호기]발산방면5-1
S1_5_0177,5호선,마곡,facility_span,,1,B1,B2,1,down,EV,엘리베이터,[2호기]송정방면5-1
S1_5_0217,5호선,발산,move_path,paren,1,1F,B1,1,down,EV,엘리베이터,7번 출입구 옆 엘리베이터
S1_5_0217,5호선,발산,move_path,paren,1,B1,B2,1,down,EV,엘리베이터,마곡 방면 엘리베이터
S1_5_0217,5호선,발산,move_path,paren,1,B1,B2,1,down,EV,엘리베이터,우장산 방면 엘리베이터
S1_5_0217,5호선,발산,facility_span,,1,1F,B1,1,down,EV,엘리베이터,[3호기]7번출구측
S1_5_0217,5호선,발산,facility_span,,1,B1,B2,1,down,EV,엘리베이터,[2호기]우장산방면4-3
S1_5_0217,5호선,발산,facility_span,,1,B1,B2,1,down,EV,엘리베이터,[1호기]송정방면5-1
S1_5_0449,5호선,우장산,move_path,paren,1,1F,B1,1,down,EV,엘리베이터,1번 출입구 옆 엘리베이터
S1_5_0449,5호선,우장산,move_path,paren,1,B1,B2,1,down,EV,엘리베이터,발산 방면 엘리베이터
S1_5_0449,5호선,우장산,move_path,paren,1,B1,B2,1,down,EV,엘리베이터,화곡 방면 엘리베이터
S1_5_0449,5호선,우장산,facility_span,,1,1F,B1,1,down,EV,엘리베이터,[3호기]1번출구측
S1_5_0449,5호선,우장산,facility_span,,1,B1,B2,1,down,EV,엘리베이터,[1호기]발산방면4-2
S1_5_0449,5호선,우장산,facility_span,,1,B1,B2,1,down,EV,엘리베이터,[2호기]화곡방면5-3
S1_5_0599,5호선,화곡,move_path,paren,1,1F,B1,1,down,EV,엘리베이터,2번 출입구 옆 엘리베이터
S1_5_0599,5호선,화곡,move_path,paren,1,B1,B2,1,down,EV,엘리베이터,승강장 방향 엘리베이터
S1_5_0599,5호선,화곡,facility_span,,1,1F,B1,1,down,EV,엘리베이터,[2호기]2번출구측
S1_5_0599,5호선,화곡,facility_span,,1,B1,B2,1,down,EV,엘리베이터,[1호기]까치산방면4-3
S1_5_0100,5호선,까치산,facility_span,,1,1F,B1,1,down,EV,엘리베이터,[3호기]고객안전실측
S1_5_0100,5호선,까치산,facility_span,,1,B1,B5,4,down,EV,엘리베이터,[2호기]내부하선측
S1_5_0100,5호선,까치산,facility_span,,1,B1,B4,3,down,EV,엘리베이터,[4호기]대합실(지하4층화장실)
S1_5_0100,5호선,까치산,facility_span,,1,B1,B5,4,down,EV,엘리베이터,[1호기]내부상선측
S1_5_0100,5호선,까치산,facility_span,,1,B1,B5,4,down,WCLF,휠체어리프트,2번 출구 측
S1_5_0100,5호선,까치산,facility_span,,1,B2,B3,1,down,EV,엘리베이터,[1호기](B1-B4)지하4층 대합실
S1_5_0372,5호선,신정,move_path,paren,0,1F,B2,2,down,EV,엘리베이터,2번 출입구 옆 엘리베이터
S1_5_0372,5호선,신정,move_path,paren,1,B2,B3,1,down,EV,엘리베이터,까치산 방면 엘리베이터
S1_5_0372,5호선,신정,move_path,paren,1,B2,B3,1,down,EV,엘리베이터,목동 방면 엘리베이터
S1_5_0372,5호선,신정,facility_span,,1,B2,B3,1,down,EV,엘리베이터,[1호기]까치산방면1-1
S1_5_0372,5호선,신정,facility_span,,1,B2,B3,1,down,EV,엘리베이터,[2호기]목동방면1-4
S1_5_0203,5호선,목동,move_path,paren,1,1F,B1,1,down,EV,엘리베이터,5번 출입구 옆 엘리베이터
S1_5_0203,5호선,목동,move_path,paren,1,B1,B2,1,down,EV,엘리베이터,신정 방면 엘리베이터
S1_5_0203,5호선,목동,move_path,paren,1,B1,B2,1,down,EV,엘리베이터,오목교 방면 엘리베이터
S1_5_0203,5호선,목동,facility_span,,1,1F,B1,1,down,EV,엘리베이터,[3호기]5번출구측
S1_5_0203,5호선,목동,facility_span,,1,B1,B2,1,down,EV,엘리베이터,[1호기]신정방면5-1
S1_5_0203,5호선,목동,facility_span,,1,B1,B2,1,down,EV,엘리베이터,[2호기]오목교방면4-4
S1_5_0429,5호선,오목교,move_path,paren,1,1F,B1,1,down,EV,엘리베이터,7번 출입구 옆 엘리베이터
S1_5_0429,5호선,오목교,move_path,paren,1,B1,B3,2,down,EV,엘리베이터,목동 방면 엘리베이터
S1_5_0429,5호선,오목교,move_path,paren,1,B1,B3,2,down,EV,엘리베이터,양평 방면 엘리베이터
S1_5_0429,5호선,오목교,facility_span,,1,1F,B1,1,down,EV,엘리베이터,[3호기]7번출구측
S1_5_0429,5호선,오목교,facility_span,,1,B1,B3,2,down,EV,엘리베이터,[1호기]목동방면7-1
S1_5_0429,5호선,오목교,facility_span,,1,B1,B3,2,down,EV,엘리베이터,[2호기]양평방면2-4
S1_5_0316,5호선,양평,move_path,paren,1,1F,B1,1,down,EV,엘리베이터,2번 출입구 옆 엘리베이터
S1_5_0316,5호선,양평,move_path,paren,1,B1,B5,4,down,EV,엘리베이터,승강장 방향 엘리베이터
S1_5_0316,5호선,양평,move_path,paren,0,B1,B4,3,down,EV,엘리베이터,승강장 방향 엘리베이터
S1_5_0316,5호선,양평,move_path,paren,1,B4,B5,1,down,EV,엘리베이터,영등포구청 방면 엘리베이터
S1_5_0316,5호선,양평,facility_span,,1,1F,B1,1,down,EV,엘리베이터,[3호기]2번출구측
S1_5_0316,5호선,양평,facility_span,,1,B1,B5,4,down,EV,엘리베이터,[1호기]오목교방면3-2
S1_5_0316,5호선,양평,facility_span,,1,B2,B3,1,down,EV,엘리베이터,[1호기](B1-B5) 승강장
S1_5_0316,5호선,양평,facility_span,,1,B3,B4,1,down,EV,엘리베이터,[1호기](B1-B5) 승강장
S1_5_0316,5호선,양평,facility_span,,1,B4,B5,1,down,EV,엘리베이터,[2호기]영등포구청방면6-3
S1_5_0421,5호선,영등포구청,move_path,paren,1,1F,B5,5,down,EV,엘리베이터,7번 출입구 옆 엘리베이터
S1_5_0421,5호선,영등포구청,move_path,paren,0,1F,B4,4,down,EV,엘리베이터,7번 출입구 옆 엘리베이터
S1_5_0421,5호선,영등포구청,move_path,paren,1,B4,B5,1,down,EV,엘리베이터,영등포시장 방면 엘리베이터
S1_5_0421,5호선,영등포구청,move_path,paren,1,B5,1F,5,up,EV,엘리베이터,양평방면 엘리베이터
S1_5_0421,5호선,영등포구청,move_path,paren,0,1F,B1,1,down,EV,엘리베이터,2번 출입구 엘리베이터
S1_5_0421,5호선,영등포구청,move_path,paren,1,B1,B2,1,down,EV,엘리베이터,2호선 문래방면 엘리베이터
S1_5_0421,5호선,영등포구청,move_path,paren,1,B1,B2,1,down,EV,엘리베이터,2호선 당산방면 엘리베이터
S1_5_0421,5호선,영등포구청,move_path,paren,1,B5,B4,1,up,EV,엘리베이터,영등포시장방면 엘리베이터
S1_5_0421,5호선,영등포구청,move_path,paren,0,B4,1F,4,up,EV,엘리베이터,표 내는 곳 통과 후 5호선 양평 방향 엘리베이터
S1_5_0421,5호선,영등포구청,move_path,paren,1,B1,B2,1,down,EV,엘리베이터,문래방면 엘리베이터
S1_5_0421,5호선,영등포구청,move_path,paren,1,B1,B2,1,down,EV,엘리베이터,당산방면 엘리베이터
S1_5_0421,5호선,영등포구청,facility_span,,1,1F,B5,5,down,EV,엘리베이터,"[1호기]6,7번출구사이(공영주차장입구)"
S1_5_0421,5호선,영등포구청,facility_span,,1,B1,B2,1,down,EV,엘리베이터,[1호기](F1-B5) 승강장
S1_5_0421,5호선,영등포구청,facility_span,,1,B2,B3,1,down,EV,엘리베이터,[1호기](F1-B5) 승강장
S1_5_0421,5호선,영등포구청,facility_span,,1,B3,B4,1,down,EV,엘리베이터,[1호기](F1-B5) 승강장
S1_5_0421,5호선,영등포구청,facility_span,,1,B4,B5,1,down,EV,엘리베이터,[2호기]영등포시장방면5-4
S1_5_0421,5호선,영등포구청,facility_span,,1,B4,B5,1,down,EV,엘리베이터,[3호기]양평방면8-4
S1_5_0421,5호선,영등포구청,facility_span,,1,B4,B5,1,down,EV,엘리베이터,[4호기]영등포시장방면1-1
S1_5_0422,5호선,영등포시장,move_path,paren,1,1F,B1,1,down,EV,엘리베이터,2번 출입구 옆 엘리베이터
S1_5_0422,5호선,영등포시장,move_path,paren,0,B1,B5,4,down,EV,엘리베이터,승강장 방향 엘리베이터
S1_5_0422,5호선,영등포시장,move_path,paren,1,B5,B6,1,down,EV,엘리베이터,영등포구청 방면 엘리베이터
S1_5_0422,5호선,영등포시장,move_path,paren,1,B1,B6,5,down,EV,엘리베이터,신길 방면 엘리베이터
S1_5_0422,5호선,영등포시장,facility_span,,1,1F,B1,1,down,EV,엘리베이터,[3호기]2번출구측
S1_5_0422,5호선,영등포시장,facility_span,,1,B1,B6,5,down,EV,엘리베이터,[2호기]신길방면5-2
S1_5_0422,5호선,영등포시장,facility_span,,1,B2,B3,1,down,EV,엘리베이터,[2호기](B1-B6) 승강장
S1_5_0422,5호선,영등포시장,facility_span,,1,B3,B4,1,down,EV,엘리베이터,[2호기](B1-B6) 승강장
S1_5_0422,5호선,영등포시장,facility_span,,1,B4,B5,1,down,EV,엘리베이터,[2호기](B1-B6) 승강장
S1_5_0422,5호선,영등포시장,facility_span,,1,B5,B6,1,down,EV,엘리베이터,[1호기]영등포구청방면4-3
S1_5_0351,5호선,신길,move_path,paren,0,1F,B3,3,down,EV,엘리베이터,3번 출입구 옆 엘리베이터
S1_5_0351,5호선,신길,move_path,paren,1,B3,B4,1,down,EV,엘리베이터,영등포시장 방면 엘리베이터
S1_5_0351,5호선,신길,move_path,paren,1,B3,B4,1,down,EV,엘리베이터,여의도 방면 엘리베이터
S1_5_0351,5호선,신길,move_path,paren,1,B4,B3,1,up,EV,엘리베이터,1호선 방향 환승 엘리베이터
S1_5_0351,5호선,신길,move_path,paren,1,B3,B1,2,up,EV,엘리베이터,1호선 환승통로 방향 경사형 엘리베이터
S1_5_0351,5호선,신길,move_path,,,B1,B1,0,same,PASSAGE,환승통로,환승통로로 이동
S1_5_0351,5호선,신길,move_path,paren,0,B1,1F,1,up,EV,엘리베이터,1호선 대방 방면 엘리베이터
S1_5_0351,5호선,신길,move_path,paren,0,B1,1F,1,up,EV,엘리베이터,1호선 영등포 방면 엘리베이터
S1_5_0351,5호선,신길,facility_span,,1,1F,B2,2,down,EV,엘리베이터,[3호기]3번출구측
S1_5_0351,5호선,신길,facility_span,,1,B1,B3,2,down,EV,엘리베이터,[6호기]환승통로(1호선)
S1_5_0351,5호선,신길,facility_span,,1,B3,B4,1,down,EV,엘리베이터,[1호기]영등포시장방면5-3
S1_5_0351,5호선,신길,facility_span,,1,B3,B4,1,down,EV,엘리베이터,[5호기]영등포시장방면8-4
S1_5_0351,5호선,신길,facility_span,,1,B3,B4,1,down,EV,엘리베이터,[4호기]여의도방면1-1
S1_5_0351,5호선,신길,facility_span,,1,B3,B4,1,down,EV,엘리베이터,[2호기]여의도방면4-2
S1_5_0412,5호선,여의도,move_path,paren,0,1F,B1,1,down,EV,엘리베이터,2번 출입구 옆 엘리베이터
S1_5_0412,5호선,여의도,move_path,paren,1,B1,B4,3,down,EV,엘리베이터,신길 방면 엘리베이터
S1_5_0412,5호선,여의도,move_path,paren,1,B1,B4,3,down,EV,엘리베이터,여의나루 방면 엘리베이터
S1_5_0412,5호선,여의도,move_path,paren,0,1F,B1,1,down,EV,엘리베이터,3번 출입구 옆 엘리베이터
S1_5_0412,5호선,여의도,move_path,paren,0,B4,B2,2,up,EV,엘리베이터,대합실 방향 엘리베이터
S1_5_0412,5호선,여의도,facility_span,,1,B1,B4,3,down,EV,엘리베이터,[1호기]신길방면6-4
S1_5_0412,5호선,여의도,facility_span,,1,B1,B4,3,down,EV,엘리베이터,[2호기]여의나루방면6-4
S1_5_0412,5호선,여의도,facility_span,,1,B2,B3,1,down,EV,엘리베이터,[2호기](B1-B4) 승강장
S1_5_0412,5호선,여의도,facility_span,,1,B2,B3,1,down,EV,엘리베이터,[1호기](B1-B4) 승강장
S1_5_0411,5호선,여의나루,move_path,paren,0,B2,B5,3,down,EV,엘리베이터,승강장 방향 엘리베이터
S1_5_0411,5호선,여의나루,facility_span,,1,1F,0F,0,down,EV,엘리베이터,[3호기]4번출구측
S1_5_0411,5호선,여의나루,facility_span,,1,0F,B1,1,down,EV,엘리베이터,[2호기]대합실(지하2층)
S1_5_0411,5호선,여의나루,facility_span,,1,B1,B5,4,down,EV,엘리베이터,"[1호기]여의도방면6-2,마포방면3-3"
S1_5_0411,5호선,여의나루,facility_span,,1,B2,B3,1,down,EV,엘리베이터,[1호기](B1-B5)승강장
S1_5_0411,5호선,여의나루,facility_span,,1,B3,B4,1,down,EV,엘리베이터,[1호기](B1-B5)승강장
S1_5_0185,5호선,마포,move_path,paren,1,1F,B1,1,down,EV,엘리베이터,1번 출입구 옆 엘리베이터
S1_5_0185,5호선,마포,move_path,paren,1,B1,B5,4,down,EV,엘리베이터,승강장 방향 엘리베이터
S1_5_0185,5호선,마포,facility_span,,1,1F,B1,1,down,EV,엘리베이터,[2호기]2번출구측
S1_5_0185,5호선,마포,facility_span,,1,B1,B5,4,down,EV,엘리베이터,"[1호기]여의나루방면5-1,공덕방면4-4"
S1_5_0185,5호선,마포,facility_span,,1,B2,B3,1,down,EV,엘리베이터,[1호기](B1-B5)승강장
S1_5_0185,5호선,마포,facility_span,,1,B3,B4,1,down,EV,엘리베이터,[1호기](B1-B5)승강장
S1_5_0054,5호선,공덕,move_path,paren,1,1F,B1,1,down,EV,엘리베이터,2번 출입구 옆 엘리베이터
S1_5_0054,5호선,공덕,move_path,paren,1,1F,B1,1,down,EV,엘리베이터,5번 출입구 옆 엘리베이터
S1_5_0054,5호선,공덕,move_path,paren,0,B3,B2,1,up,EV,엘리베이터,대합실 방향 엘리베이터
S1_5_0054,5호선,공덕,move_path,,,B2,B2,0,same,PASSAGE,환승통로,환승통로로 이동
S1_5_0054,5호선,공덕,move_path,paren,0,B2,B3,1,down,EV,엘리베이터,환승 엘리베이터
S1_5_0054,5호선,공덕,move_path,,,B3,B3,0,same,PASSAGE,환승통로,환승통로로 이동
S1_5_0054,5호선,공덕,move_path,paren,0,B3,B2,1,up,EV,엘리베이터,6호선 대흥 방면 엘리베이터
S1_5_0054,5호선,공덕,move_path,paren,0,B3,B2,1,up,EV,엘리베이터,경의중앙선 서강대 방면 엘리베이터
S1_5_0054,5호선,공덕,move_path,paren,0,B3,B2,1,up,EV,엘리베이터,경의중앙선 효창공원앞 방면 엘리베이터
S1_5_0054,5호선,공덕,move_path,paren,0,B3,B4,1,down,EV,엘리베이터,공항철도 서울역 방면 엘리베이터
S1_5_0054,5호선,공덕,move_path,paren,0,B3,B4,1,down,EV,엘리베이터,공항철도 홍대입구 방면 엘리베이터
S1_5_0054,5호선,공덕,facility_span,,1,1F,B1,1,down,EV,엘리베이터,[2호기]2번출구측
S1_5_0054,5호선,공덕,facility_span,,1,B1,B3,2,down,EV,엘리베이터,[1호기]환승통로(6호선)
S1_5_0394,5호선,애오개,move_path,paren,1,1F,B1,1,down,EV,엘리베이터,2번 출입구 옆 엘리베이터
S1_5_0394,5호선,애오개,move_path,paren,1,B1,B3,2,down,EV,엘리베이터,대합실 중앙 엘리베이터
S1_5_0394,5호선,애오개,move_path,paren,1,B3,B4,1,down,EV,엘리베이터,공덕 방면 엘리베이터
S1_5_0394,5호선,애오개,move_path,paren,1,B3,B4,1,down,EV,엘리베이터,충정로 방면 엘리베이터
S1_5_0394,5호선,애오개,move_path,paren,1,1F,B1,1,down,EV,엘리베이터,3번 출입구 옆 엘리베이터
S1_5_0394,5호선,애오개,facility_span,,1,1F,B1,1,down,EV,엘리베이터,[5호기]3번출구측
S1_5_0394,5호선,애오개,facility_span,,1,1F,B1,1,down,EV,엘리베이터,[4호기]2번출구측
S1_5_0394,5호선,애오개,facility_span,,1,B1,B3,2,down,EV,엘리베이터,[3호기]대합실(지하3층)
S1_5_0394,5호선,애오개,facility_span,,1,B3,B4,1,down,EV,엘리베이터,[1호기]공덕방면4-4
S1_5_0394,5호선,애오개,facility_span,,1,B3,B4,1,down,EV,엘리베이터,[2호기]충정로방면5-1
S1_5_0564,5호선,충정로,move_path,paren,1,1F,B1,1,down,EV,엘리베이터,8번 출입구 옆 엘리베이터
S1_5_0564,5호선,충정로,move_path,paren,1,B1,B5,4,down,EV,엘리베이터,승강장 방향 엘리베이터
S1_5_0564,5호선,충정로,move_path,paren,0,B5,B2,3,up,EV,엘리베이터,대합실 방향 엘리베이터
S1_5_0564,5호선,충정로,move_path,,,B2,B2,0,same,PASSAGE,환승통로,2호선 환승통로로 이동
S1_5_0564,5호선,충정로,move_path,paren,1,B2,B3,1,down,EV,엘리베이터,2호선 대합실 승강장 방향 엘리베이터
S1_5_0564,5호선,충정로,facility_span,,1,1F,B1,1,down,EV,엘리베이터,[2호기]8번출구측
S1_5_0564,5호선,충정로,facility_span,,1,B1,B5,4,down,EV,엘리베이터,"[1호기]애오개방면3-3,서대문방면6-2"
S1_5_0564,5호선,충정로,facility_span,,1,B2,B3,1,down,EV,엘리베이터,[1호기](B1-B5)승강장
S1_5_0564,5호선,충정로,facility_span,,1,B3,B4,1,down,EV,엘리베이터,[1호기](B1-B5)승강장
S1_5_0289,5호선,서대문,move_path,paren,1,1F,B1,1,down,EV,엘리베이터,2번 출입구 옆 엘리베이터
S1_5_0289,5호선,서대문,move_path,paren,1,B1,B4,3,down,EV,엘리베이터,승강장 방향 엘리베이터
S1_5_0289,5호선,서대문,facility_span,,1,1F,0F,0,down,EV,엘리베이터,"[3호기]5,6번출구사이"
S1_5_0289,5호선,서대문,facility_span,,1,1F,B1,1,down,EV,엘리베이터,[2호기]2번출구측
S1_5_0289,5호선,서대문,facility_span,,1,B1,B4,3,down,EV,엘리베이터,"[1호기]충정로방면3-2,광화문방면6-3"
S1_5_0289,5호선,서대문,facility_span,,1,B2,B3,1,down,EV,엘리베이터,[1호기](B1-B4)승강장
S1_5_0066,5호선,광화문,move_path,paren,1,1F,B2,2,down,EV,엘리베이터,1번 출입구 옆 엘리베이터
S1_5_0066,5호선,광화문,move_path,paren,1,B2,B4,2,down,EV,엘리베이터,승강장 방향 엘리베이터
S1_5_0066,5호선,광화문,facility_span,,1,1F,B2,2,down,EV,엘리베이터,"[1호기]서대문방면1-1,종로3가방면8-4"
S1_5_0066,5호선,광화문,facility_span,,1,B2,B4,2,down,EV,엘리베이터,[2호기]8번출구측
S1_5_0515,5호선,종로3가,move_path,paren,0,1F,B3,3,down,EV,엘리베이터,8번 출입구 옆 엘리베이터
S1_5_0515,5호선,종로3가,move_path,paren,0,B3,B4,1,down,EV,엘리베이터,5호선 승강장 방면 엘리베이터
S1_5_0515,5호선,종로3가,move_path,paren,1,B4,B5,1,down,WCLF,휠체어리프트,승강장 방향 휠체어리프트
S1_5_0515,5호선,종로3가,move_path,paren,1,B5,B4,1,up,EV,엘리베이터,대합실 방향 엘리베이터
S1_5_0515,5호선,종로3가,move_path,paren,0,B4,B3,1,up,EV,엘리베이터,대합실 방향 엘리베이터
S1_5_0515,5호선,종로3가,move_path,paren,1,B3,B2,1,up,EV,엘리베이터,대합실 방향 엘리베이터
S1_5_0515,5호선,종로3가,move_path,paren,0,B2,B1,1,up,EV,엘리베이터,1호선 대합실 방향 엘리베이터
S1_5_0515,5호선,종로3가,move_path,paren,0,B1,B2,1,down,EV,엘리베이터,종각 방면 엘리베이터
S1_5_0515,5호선,종로3가,move_path,paren,0,B3,B4,1,down,EV,엘리베이터,승강장 방향 엘리베이터
S1_5_0515,5호선,종로3가,facility_span,,1,B1,B4,3,down,EV,엘리베이터,"[1호기]환승통로(1,3호선)"
S1_5_0515,5호선,종로3가,facility_span,,1,B2,B3,1,down,EV,엘리베이터,[1호기](B1-B4)지하4층 대합실
S1_5_0515,5호선,종로3가,facility_span,,1,B4,B5,1,down,EV,엘리베이터,[2호기]광화문방면(8-4)
S1_5_0465,5호선,을지로4가,move_path,paren,0,1F,B1,1,down,EV,엘리베이터,8번 출입구 옆 엘리베이터
S1_5_0465,5호선,을지로4가,move_path,paren,1,B1,B5,4,down,EV,엘리베이터,승강장 방향 엘리베이터
S1_5_0465,5호선,을지로4가,move_path,paren,0,B5,B2,3,up,EV,엘리베이터,대합실 방향 엘리베이터
S1_5_0465,5호선,을지로4가,move_path,paren,1,B5,B1,4,up,EV,엘리베이터,대합실 방향 엘리베이터
S1_5_0465,5호선,을지로4가,move_path,paren,0,B1,B2,1,down,EV,엘리베이터,동대문역사문화공원 방면 엘리베이터
S1_5_0465,5호선,을지로4가,facility_span,,1,B1,B5,4,down,EV,엘리베이터,[1호기]환승통로(2호선시청방향)
S1_5_0465,5호선,을지로4가,facility_span,,1,B2,B3,1,down,EV,엘리베이터,[1호기](B1-B5)승강장
S1_5_0465,5호선,을지로4가,facility_span,,1,B3,B4,1,down,EV,엘리베이터,[1호기](B1-B5)승강장
S1_5_0156,5호선,동대문역사문화공원,move_path,paren,0,1F,B1,1,down,EV,엘리베이터,2호선 1번 출입구 옆 엘리베이터
S1_5_0156,5호선,동대문역사문화공원,move_path,,,B1,B1,0,same,PASSAGE,환승통로,4호선 환승통로 방향으로 이동
S1_5_0156,5호선,동대문역사문화공원,move_path,paren,0,B1,B3,2,down,EV,엘리베이터,4호선 승강장 방향 엘리베이터
S1_5_0156,5호선,동대문역사문화공원,move_path,paren,0,B3,B5,2,down,EV,엘리베이터,5호선 승강장 방향 환승 엘리베이터
S1_5_0156,5호선,동대문역사문화공원,move_path,paren,0,B5,B3,2,up,EV,엘리베이터,4호선 방향 환승 엘리베이터
S1_5_0156,5호선,동대문역사문화공원,move_path,paren,0,B3,B1,2,up,EV,엘리베이터,대합실 방향 엘리베이터
S1_5_0156,5호선,동대문역사문화공원,move_path,paren,0,B1,B2,1,down,EV,엘리베이터,2호선 을지로4가 방면 엘리베이터
S1_5_0156,5호선,동대문역사문화공원,move_path,paren,0,B1,B2,1,down,EV,엘리베이터,2호선 신당 방면 엘리베이터
S1_5_0156,5호선,동대문역사문화공원,facility_span,,1,B1,B5,4,down,EV,엘리베이터,"[2호기]환승통로(2,4호선)"
S1_5_0156,5호선,동대문역사문화공원,facility_span,,1,B1,B4,3,down,EV,엘리베이터,"[1호기]대합실(6,7번출구사이)"
S1_5_0156,5호선,동대문역사문화공원,facility_span,,1,B2,B3,1,down,EV,엘리베이터,[1호기](B1-B4)지하4층 대합실
S1_5_0156,5호선,동대문역사문화공원,facility_span,,1,B2,B3,1,down,EV,엘리베이터,[2호기](B1-B5)승강장
S1_5_0156,5호선,동대문역사문화공원,facility_span,,1,B3,B4,1,down,EV,엘리베이터,[2호기](B1-B5)승강장
S1_5_0549,5호선,청구,move_path,paren,0,1F,B1,1,down,EV,엘리베이터,1번 출입구 옆 엘리베이터
S1_5_0549,5호선,청구,move_path,paren,0,B1,B3,2,down,EV,엘리베이터,엘리베이터
S1_5_0549,5호선,청구,move_path,paren,0,B3,B4,1,down,EV,엘리베이터,승강장 방향 엘리베이터
S1_5_0549,5호선,청구,move_path,paren,0,1F,B1,1,down,EV,엘리베이터,3번 출입구 옆 엘리베이터
S1_5_0549,5호선,청구,move_path,paren,0,B4,B3,1,up,EV,엘리베이터,대합실 방향 엘리베이터
S1_5_0549,5호선,청구,move_path,paren,0,B3,B2,1,up,EV,엘리베이터,6호선 약수 방면 엘리베이터
S1_5_0549,5호선,청구,move_path,paren,0,B3,B2,1,up,EV,엘리베이터,6호선 신당 방면 엘리베이터
S1_5_0350,5호선,신금호,move_path,paren,1,1F,B2,2,down,EV,엘리베이터,3번 출입구 옆 엘리베이터
S1_5_0350,5호선,신금호,move_path,paren,1,B2,B8,6,down,EV,엘리베이터,승강장 방향 엘리베이터
S1_5_0350,5호선,신금호,facility_span,,1,1F,B2,2,down,EV,엘리베이터,[3호기]고개안전실측(지하2층)
S1_5_0350,5호선,신금호,facility_span,,1,B2,B8,6,down,EV,엘리베이터,"[1호기]청구방면1-2,행당방면8-3"
S1_5_0350,5호선,신금호,facility_span,,1,B2,B8,6,down,EV,엘리베이터,"[2호기]청구방면1-2,행당방면8-3"
S1_5_0350,5호선,신금호,facility_span,,1,B3,B4,1,down,EV,엘리베이터,[2호기](B2-B8)승강장
S1_5_0350,5호선,신금호,facility_span,,1,B4,B5,1,down,EV,엘리베이터,[2호기](B2-B8)승강장
S1_5_0350,5호선,신금호,facility_span,,1,B5,B6,1,down,EV,엘리베이터,[2호기](B2-B8)승강장
S1_5_0350,5호선,신금호,facility_span,,1,B6,B7,1,down,EV,엘리베이터,[2호기](B2-B8)승강장
S1_5_0350,5호선,신금호,facility_span,,1,B3,B4,1,down,EV,엘리베이터,[1호기](B2-B8)승강장
S1_5_0350,5호선,신금호,facility_span,,1,B4,B5,1,down,EV,엘리베이터,[1호기](B2-B8)승강장
S1_5_0350,5호선,신금호,facility_span,,1,B5,B6,1,down,EV,엘리베이터,[1호기](B2-B8)승강장
S1_5_0350,5호선,신금호,facility_span,,1,B6,B7,1,down,EV,엘리베이터,[1호기](B2-B8)승강장
S1_5_0592,5호선,행당,move_path,paren,1,1F,B3,3,down,EV,엘리베이터,3번 출입구 옆 엘리베이터
S1_5_0592,5호선,행당,move_path,paren,1,B3,B5,2,down,EV,엘리베이터,신금호 방면 엘리베이터
S1_5_0592,5호선,행당,move_path,paren,0,B3,B4,1,down,EV,엘리베이터,엘리베이터
S1_5_0592,5호선,행당,move_path,paren,1,B4,B5,1,down,EV,엘리베이터,왕십리 방면 엘리베이터
S1_5_0592,5호선,행당,facility_span,,1,1F,B3,3,down,EV,엘리베이터,[3호기]3번출구측
S1_5_0592,5호선,행당,facility_span,,1,B1,B2,1,down,EV,엘리베이터,[3호기](F1-B3)3번 출입구
S1_5_0592,5호선,행당,facility_span,,1,B3,B5,2,down,EV,엘리베이터,[1호기]신금호방면4-4
S1_5_0592,5호선,행당,facility_span,,1,B4,B5,1,down,EV,엘리베이터,[2호기]왕십리방면5-1
S1_5_0441,5호선,왕십리,move_path,paren,1,1F,B4,4,down,EV,엘리베이터,4번 출입구 옆 엘리베이터
S1_5_0441,5호선,왕십리,move_path,paren,1,B4,B5,1,down,EV,엘리베이터,행당 방면 엘리베이터
S1_5_0441,5호선,왕십리,move_path,paren,1,B4,B5,1,down,EV,엘리베이터,마장 방면 엘리베이터
S1_5_0441,5호선,왕십리,move_path,paren,0,1F,B1,1,down,EV,엘리베이터,6-1번 출입구 옆 엘리베이터
S1_5_0441,5호선,왕십리,move_path,paren,0,B1,B4,3,down,EV,엘리베이터,5호선 방향 엘리베이터
S1_5_0441,5호선,왕십리,move_path,paren,1,B5,B4,1,up,EV,엘리베이터,대합실 방향 엘리베이터
S1_5_0441,5호선,왕십리,move_path,paren,0,B4,B2,2,up,EV,엘리베이터,대합실 방향 엘리베이터
S1_5_0441,5호선,왕십리,move_path,paren,1,B2,B1,1,up,EV,엘리베이터,환승 대합실 방향 엘리베이터
S1_5_0441,5호선,왕십리,move_path,paren,1,B1,B2,1,down,EV,엘리베이터,2호선 한양대 방면 엘리베이터
S1_5_0441,5호선,왕십리,move_path,paren,0,B1,1F,1,up,EV,엘리베이터,수인분당선 승강장 방향 엘리베이터
S1_5_0441,5호선,왕십리,move_path,paren,0,B1,1F,1,up,EV,엘리베이터,경의중앙선 승강장 방향 엘리베이터
S1_5_0441,5호선,왕십리,facility_span,,1,1F,B4,4,down,EV,엘리베이터,[1호기]4번출구측
S1_5_0441,5호선,왕십리,facility_span,,1,B1,B2,1,down,EV,엘리베이터,[1호기](F1-B4)4번 출입구
S1_5_0441,5호선,왕십리,facility_span,,1,B2,B3,1,down,EV,엘리베이터,[1호기](F1-B4)4번 출입구
S1_5_0441,5호선,왕십리,facility_span,,1,B4,B5,1,down,EV,엘리베이터,[3호기]마장방면6-2
S1_5_0441,5호선,왕십리,facility_span,,1,B4,B5,1,down,EV,엘리베이터,[2호기]행당방면3-3
S1_5_0182,5호선,마장,move_path,paren,1,1F,B2,2,down,EV,엘리베이터,2번 출입구 옆 엘리베이터
S1_5_0182,5호선,마장,move_path,paren,1,B2,B3,1,down,EV,엘리베이터,왕십리 방면 엘리베이터
S1_5_0182,5호선,마장,move_path,paren,1,B2,B3,1,down,EV,엘리베이터,답십리 방면 엘리베이터
S1_5_0182,5호선,마장,facility_span,,1,1F,B2,2,down,EV,엘리베이터,[3호기]2번출구측
S1_5_0182,5호선,마장,facility_span,,1,B2,B3,1,down,EV,엘리베이터,[2호기]답십리방면5-1
S1_5_0182,5호선,마장,facility_span,,1,B2,B3,1,down,EV,엘리베이터,[1호기]왕십리방면4-4
S1_5_0124,5호선,답십리,move_path,paren,1,1F,B2,2,down,EV,엘리베이터,2번 출입구 옆 엘리베이터
S1_5_0124,5호선,답십리,move_path,paren,1,1F,B2,2,down,EV,엘리베이터,6번 출입구 옆 엘리베이터
S1_5_0124,5호선,답십리,facility_span,,1,1F,B2,2,down,EV,엘리베이터,[4호기]6번출구측
S1_5_0124,5호선,답십리,facility_span,,1,1F,B2,2,down,EV,엘리베이터,[3호기]2번출구측
S1_5_0124,5호선,답십리,facility_span,,1,B2,B3,1,down,EV,엘리베이터,[2호기]장한평방면5-1
S1_5_0124,5호선,답십리,facility_span,,1,B2,B3,1,down,EV,엘리베이터,[1호기]마장방면4-4
S1_5_0505,5호선,장한평,move_path,paren,1,1F,B2,2,down,EV,엘리베이터,1번 출입구 옆 엘리베이터
S1_5_0505,5호선,장한평,move_path,paren,1,B2,B3,1,down,EV,엘리베이터,승강장 방향 엘리베이터
S1_5_0505,5호선,장한평,move_path,paren,1,1F,B2,2,down,EV,엘리베이터,7번 출입구 옆 엘리베이터
S1_5_0505,5호선,장한평,facility_span,,1,1F,B2,2,down,EV,엘리베이터,[3호기]1번출구측
S1_5_0505,5호선,장한평,facility_span,,1,1F,B2,2,down,EV,엘리베이터,"[2호기]7,8번출구사이"
S1_5_0505,5호선,장한평,facility_span,,1,B2,B3,1,down,EV,엘리베이터,"[1호기]답십리방면4-2,군자방면5-2"
S1_5_0082,5호선,군자,move_path,paren,1,1F,B1,1,down,EV,엘리베이터,4번 출입구 옆 엘리베이터
S1_5_0082,5호선,군자,move_path,paren,0,B1,B2,1,down,EV,엘리베이터,승강장 방향 엘리베이터
S1_5_0082,5호선,군자,move_path,paren,1,1F,B1,1,down,EV,엘리베이터,7번 출입구 옆 엘리베이터
S1_5_0082,5호선,군자,move_path,paren,0,B2,B3,1,down,EV,엘리베이터,7호선 중곡 방면 엘리베이터
S1_5_0082,5호선,군자,move_path,paren,0,B2,B3,1,down,EV,엘리베이터,7호선 어린이대공원 방면 엘리베이터
S1_5_0082,5호선,군자,facility_span,,1,1F,B1,1,down,EV,엘리베이터,[3호기]4번출구측
S1_5_0082,5호선,군자,facility_span,,1,B1,B3,2,down,EV,엘리베이터,"[2호기]장한평방면4-3,아차산방면5-1"
S1_5_0082,5호선,군자,facility_span,,1,B1,B3,2,down,EV,엘리베이터,"[1호기]장한평방면5-3,아차산방면4-1"
S1_5_0385,5호선,아차산,move_path,paren,1,1F,B1,1,down,EV,엘리베이터,4번 출입구 옆 엘리베이터
S1_5_0385,5호선,아차산,move_path,paren,1,B1,B3,2,down,EV,엘리베이터,군자 방면 엘리베이터
S1_5_0385,5호선,아차산,move_path,paren,1,B1,B3,2,down,EV,엘리베이터,광나루 방면 엘리베이터
S1_5_0385,5호선,아차산,facility_span,,1,1F,B1,1,down,EV,엘리베이터,[3호기]3번출구측
S1_5_0385,5호선,아차산,facility_span,,1,B1,B3,2,down,EV,엘리베이터,[2호기]광나루방면3-4
S1_5_0385,5호선,아차산,facility_span,,1,B1,B3,2,down,EV,엘리베이터,[1호기]군자방면6-1
S1_5_0062,5호선,광나루,move_path,paren,1,1F,B2,2,down,EV,엘리베이터,1번 출입구 옆 엘리베이터
S1_5_0062,5호선,광나루,move_path,paren,1,B2,B3,1,down,EV,엘리베이터,아차산 방면 엘리베이터
S1_5_0062,5호선,광나루,move_path,paren,1,B2,B3,1,down,EV,엘리베이터,천호 방면 엘리베이터
S1_5_0062,5호선,광나루,facility_span,,1,1F,B1,1,down,EV,엘리베이터,[4호기]3번출구측
S1_5_0062,5호선,광나루,facility_span,,1,1F,B2,2,down,EV,엘리베이터,[3호기]1번출구측
S1_5_0062,5호선,광나루,facility_span,,1,B2,B3,1,down,EV,엘리베이터,[1호기]아차산방면5-1
S1_5_0062,5호선,광나루,facility_span,,1,B2,B3,1,down,EV,엘리베이터,[2호기]천호방면4-4
S1_5_0546,5호선,천호,move_path,paren,0,1F,B1,1,down,EV,엘리베이터,6번 출입구 옆 엘리베이터
S1_5_0546,5호선,천호,move_path,paren,1,B2,B3,1,down,EV,엘리베이터,광나루 방면 엘리베이터
S1_5_0546,5호선,천호,move_path,paren,1,B2,B3,1,down,EV,엘리베이터,강동 방면 엘리베이터
S1_5_0546,5호선,천호,move_path,paren,1,B3,B2,1,up,EV,엘리베이터,대합실 방향 엘리베이터
S1_5_0546,5호선,천호,move_path,paren,0,B2,B1,1,up,EV,엘리베이터,대합실 방향 엘리베이터
S1_5_0546,5호선,천호,move_path,paren,0,B1,B2,1,down,EV,엘리베이터,8호선 암사 방면 엘리베이터
S1_5_0546,5호선,천호,move_path,paren,0,B1,B2,1,down,EV,엘리베이터,8호선 강동구청 방면 엘리베이터
S1_5_0546,5호선,천호,facility_span,,1,1F,0F,0,down,EV,엘리베이터,"[1호기]6,7번출구사이"
S1_5_0546,5호선,천호,facility_span,,1,B1,B3,2,down,EV,엘리베이터,[2호기]광나루방면4-4
S1_5_0546,5호선,천호,facility_span,,1,B2,B3,1,down,EV,엘리베이터,[4호기]강동방면3-4
S1_5_0546,5호선,천호,facility_span,,1,B2,B3,1,down,EV,엘리베이터,[3호기]광나루방면6-1
S1_5_0020,5호선,강동,move_path,paren,1,1F,B3,3,down,EV,엘리베이터,1번 출입구 옆 엘리베이터
S1_5_0020,5호선,강동,move_path,paren,1,B3,B4,1,down,EV,엘리베이터,천호 방면 엘리베이터
S1_5_0020,5호선,강동,move_path,paren,1,B3,B4,1,down,EV,엘리베이터,"길동, 둔촌동 방면 엘리베이터"
S1_5_0020,5호선,강동,move_path,paren,0,1F,B1,1,down,EV,엘리베이터,2-1번 출입구 옆 엘리베이터
S1_5_0020,5호선,강동,facility_span,,1,1F,B3,3,down,EV,엘리베이터,[2호기]1번출구측
S1_5_0020,5호선,강동,facility_span,,1,B1,B2,1,down,EV,엘리베이터,[2호기](F1-B3)1번 출입구
S1_5_0020,5호선,강동,facility_span,,1,B3,B4,1,down,EV,엘리베이터,[1호기]둔촌동방면8-3
S1_5_0020,5호선,강동,facility_span,,1,B3,B4,1,down,EV,엘리베이터,[3호기]천호방면1-2
S1_5_0095,5호선,길동,move_path,paren,0,1F,B1,1,down,EV,엘리베이터,1번 출입구 옆 엘리베이터
S1_5_0095,5호선,길동,move_path,paren,0,B1,B2,1,down,EV,엘리베이터,대합실 방향 엘리베이터
S1_5_0095,5호선,길동,move_path,paren,1,B2,B3,1,down,EV,엘리베이터,강동 방면 엘리베이터
S1_5_0095,5호선,길동,move_path,paren,1,B2,B3,1,down,EV,엘리베이터,굽은다리 방면 엘리베이터
S1_5_0095,5호선,길동,facility_span,,1,0F,B1,1,down,EV,엘리베이터,[3호기]대합실(B2-B1)
S1_5_0095,5호선,길동,facility_span,,1,B2,B3,1,down,EV,엘리베이터,[1호기]강동방면5-1
S1_5_0095,5호선,길동,facility_span,,1,B2,B3,1,down,EV,엘리베이터,[2호기]굽은다리방면4-4
S1_5_0086,5호선,굽은다리,move_path,paren,1,1F,B1,1,down,EV,엘리베이터,1번 출입구 옆 엘리베이터
S1_5_0086,5호선,굽은다리,move_path,paren,1,B1,B2,1,down,EV,엘리베이터,길동 방면 엘리베이터
S1_5_0086,5호선,굽은다리,move_path,paren,1,B1,B2,1,down,EV,엘리베이터,명일 방면 엘리베이터
S1_5_0086,5호선,굽은다리,facility_span,,1,1F,B1,1,down,EV,엘리베이터,[3호기]2번출구측
S1_5_0086,5호선,굽은다리,facility_span,,1,B1,B2,1,down,EV,엘리베이터,"[2호기]명일방면3-2,3-3사이"
S1_5_0086,5호선,굽은다리,facility_span,,1,B1,B2,1,down,EV,엘리베이터,[1호기]길동방면6-3
S1_5_0198,5호선,명일,move_path,paren,1,1F,B1,1,down,EV,엘리베이터,3번 출입구 옆 엘리베이터
S1_5_0198,5호선,명일,move_path,paren,1,B1,B2,1,down,EV,엘리베이터,굽은다리 방면 엘리베이터
S1_5_0198,5호선,명일,move_path,paren,1,B1,B2,1,down,EV,엘리베이터,고덕 방면 엘리베이터
S1_5_0198,5호선,명일,facility_span,,1,1F,B1,1,down,EV,엘리베이터,"[3호기]3,4번출구사이"
S1_5_0198,5호선,명일,facility_span,,1,B1,B2,1,down,EV,엘리베이터,"[2호기]고덕방면4-3,4-4사이"
S1_5_0198,5호선,명일,facility_span,,1,B1,B2,1,down,EV,엘리베이터,[1호기]굽은다리방면5-2
S1_5_0046,5호선,고덕,move_path,paren,1,1F,B1,1,down,EV,엘리베이터,2번 출입구 옆 엘리베이터
S1_5_0046,5호선,고덕,move_path,paren,1,B1,B2,1,down,EV,엘리베이터,명일 방면 엘리베이터
S1_5_0046,5호선,고덕,move_path,paren,1,B1,B2,1,down,EV,엘리베이터,상일동 방면 엘리베이터
S1_5_0046,5호선,고덕,move_path,paren,1,1F,B1,1,down,EV,엘리베이터,5번 출입구 옆 엘리베이터
S1_5_0046,5호선,고덕,facility_span,,1,1F,B1,1,down,EV,엘리베이터,"[4호기]4,5번출구사이"
S1_5_0046,5호선,고덕,facility_span,,1,1F,B1,1,down,EV,엘리베이터,[3호기]2번출구측(역사화장실앞)
S1_5_0046,5호선,고덕,facility_span,,1,B1,B2,1,down,EV,엘리베이터,[2호기]상일동방면6-1
S1_5_0046,5호선,고덕,facility_span,,1,B1,B2,1,down,EV,엘리베이터,[1호기]명일방면4-1
S1_5_0281,5호선,상일동,move_path,paren,1,1F,B1,1,down,EV,엘리베이터,1번 출입구 옆 엘리베이터
S1_5_0281,5호선,상일동,move_path,paren,1,B1,B2,1,down,EV,엘리베이터,고덕 방면 엘리베이터
S1_5_0281,5호선,상일동,move_path,paren,1,B1,B2,1,down,EV,엘리베이터,강일 방면 엘리베이터
S1_5_0281,5호선,상일동,move_path,paren,1,1F,B1,1,down,EV,엘리베이터,3번/4번 출입구 사이 엘리베이터
S1_5_0281,5호선,상일동,move_path,,,B1,B1,0,same,PASSAGE,환승통로,대합실 연결통로 이동
S1_5_0281,5호선,상일동,move_path,paren,1,B1,B2,1,down,EV,엘리베이터,표 내는 곳을 통과하여 고덕 방면 엘리베이터
S1_5_0281,5호선,상일동,move_path,paren,1,B1,B2,1,down,EV,엘리베이터,표 내는 곳을 통과하여 강일 방면 엘리베이터
S1_5_0281,5호선,상일동,move_path,paren,1,1F,B1,1,down,EV,엘리베이터,5번/6번 출입구 사이 엘리베이터
S1_5_0281,5호선,상일동,move_path,paren,1,1F,B1,1,down,EV,엘리베이터,7번 출입구 옆 엘리베이터
S1_5_0281,5호선,상일동,facility_span,,1,1F,B1,1,down,EV,엘리베이터,"[1호기]1,2번출구사이"
S1_5_0281,5호선,상일동,facility_span,,1,1F,B1,1,down,EV,엘리베이터,"[4호기]7,8번출구사이"
S1_5_0281,5호선,상일동,facility_span,,1,1F,B1,1,down,EV,엘리베이터,"[3호기]5,6번출구사이"
S1_5_0281,5호선,상일동,facility_span,,1,1F,B1,1,down,EV,엘리베이터,"[2호기]3,4번출구사이"
S1_5_0281,5호선,상일동,facility_span,,1,B1,B2,1,down,EV,엘리베이터,[5호기]고덕방면(6-1)
S1_5_0281,5호선,상일동,facility_span,,1,B1,B2,1,down,EV,엘리베이터,[6호기]강일방면(3-4)
S1_5_0436,5호선,강일,move_path,paren,1,1F,B2,2,down,EV,엘리베이터,1번 출입구 옆 엘리베이터
S1_5_0436,5호선,강일,move_path,paren,1,B2,B3,1,down,EV,엘리베이터,상일동 방면 엘리베이터
S1_5_0436,5호선,강일,move_path,paren,1,B2,B3,1,down,EV,엘리베이터,미사 방면 엘리베이터
S1_5_0436,5호선,강일,move_path,paren,1,1F,B2,2,down,EV,엘리베이터,2번 출입구 옆 엘리베이터
S1_5_0436,5호선,강일,move_path,paren,1,1F,B2,2,down,EV,엘리베이터,3번 출입구 옆 엘리베이터
S1_5_0436,5호선,강일,move_path,paren,1,1F,B2,2,down,EV,엘리베이터,4번 출입구 옆 엘리베이터
S1_5_0436,5호선,강일,facility_span,,1,1F,B2,2,down,EV,엘리베이터,[5호기]1번출구측
S1_5_0436,5호선,강일,facility_span,,1,1F,B2,2,down,EV,엘리베이터,[8호기]4번출구측
S1_5_0436,5호선,강일,facility_span,,1,1F,B2,2,down,EV,엘리베이터,[7호기]3번출구측
S1_5_0436,5호선,강일,facility_span,,1,1F,B2,2,down,EV,엘리베이터,[6호기]2번출구측
S1_5_0436,5호선,강일,facility_span,,1,B1,B3,2,down,EV,엘리베이터,[4호기]미사방면1-2
S1_5_0436,5호선,강일,facility_span,,1,B1,B3,2,down,EV,엘리베이터,[3호기]상일동방면8-3
S1_5_0436,5호선,강일,facility_span,,1,B2,B3,1,down,EV,엘리베이터,[2호기]미사방면8-3
S1_5_0436,5호선,강일,facility_span,,1,B2,B3,1,down,EV,엘리베이터,[1호기]상일동방면1-2
S1_5_0475,5호선,미사,move_path,paren,1,1F,B1,1,down,EV,엘리베이터,1번 출입구 옆 엘리베이터
S1_5_0475,5호선,미사,move_path,paren,1,B1,B2,1,down,EV,엘리베이터,강일 방면 엘리베이터
S1_5_0475,5호선,미사,move_path,paren,1,B1,B2,1,down,EV,엘리베이터,하남풍산 방면 엘리베이터
S1_5_0475,5호선,미사,move_path,paren,1,1F,B1,1,down,EV,엘리베이터,6번 출입구 옆 엘리베이터
S1_5_0475,5호선,미사,facility_span,,1,1F,B1,1,down,EV,엘리베이터,[4호기]6번출구측
S1_5_0475,5호선,미사,facility_span,,1,1F,B1,1,down,EV,엘리베이터,[3호기]1번출구측
S1_5_0475,5호선,미사,facility_span,,1,B1,B2,1,down,EV,엘리베이터,[2호기]하남풍산방면5-1
S1_5_0475,5호선,미사,facility_span,,1,B1,B2,1,down,EV,엘리베이터,[1호기]강일방면5-1
S1_5_0478,5호선,하남풍산,move_path,paren,1,1F,B1,1,down,EV,엘리베이터,1번 출입구 옆 엘리베이터
S1_5_0478,5호선,하남풍산,move_path,paren,1,B1,B2,1,down,EV,엘리베이터,미사 방면 엘리베이터
S1_5_0478,5호선,하남풍산,move_path,paren,1,B1,B2,1,down,EV,엘리베이터,하남시청 방면 엘리베이터
S1_5_0478,5호선,하남풍산,move_path,paren,1,1F,B1,1,down,EV,엘리베이터,5번 출입구 옆 엘리베이터
S1_5_0478,5호선,하남풍산,move_path,paren,1,1F,B1,1,down,EV,엘리베이터,7번/8번 출입구 사이 엘리베이터
S1_5_0478,5호선,하남풍산,facility_span,,1,2F,1F,1,down,EV,엘리베이터,[3호기]1번출구측
S1_5_0478,5호선,하남풍산,facility_span,,1,1F,B1,1,down,EV,엘리베이터,[5호기]7번출구측
S1_5_0478,5호선,하남풍산,facility_span,,1,1F,B1,1,down,EV,엘리베이터,[4호기]5번출구측
S1_5_0478,5호선,하남풍산,facility_span,,1,B1,B2,1,down,EV,엘리베이터,[2호기]하남시청방면5-1
S1_5_0478,5호선,하남풍산,facility_span,,1,B1,B2,1,down,EV,엘리베이터,[1호기]미사방면4-4
S1_5_0482,5호선,하남시청,move_path,paren,0,1F,B1,1,down,EV,엘리베이터,3번 출입구 옆 엘리베이터
S1_5_0482,5호선,하남시청,move_path,paren,0,B1,B2,1,down,EV,엘리베이터,하남풍산 방면 엘리베이터
S1_5_0482,5호선,하남시청,move_path,paren,0,B1,B2,1,down,EV,엘리베이터,하남검단산 방면 엘리베이터
S1_5_0482,5호선,하남시청,move_path,paren,0,1F,B1,1,down,EV,엘리베이터,5번 출입구 옆 엘리베이터
S1_5_0482,5호선,하남시청,facility_span,,1,1F,B2,2,down,EV,엘리베이터,"[4호기]5,6번출구사이"
S1_5_0482,5호선,하남시청,facility_span,,1,1F,B2,2,down,EV,엘리베이터,[3호기]3번출구측
S1_5_0482,5호선,하남시청,facility_span,,1,B2,B3,1,down,EV,엘리베이터,[2호기]하남검단산방면5-1
S1_5_0482,5호선,하남시청,facility_span,,1,B2,B3,1,down,EV,엘리베이터,[1호기]하남풍산방면5-1
S1_5_0489,5호선,하남검단산역,move_path,paren,1,1F,B1,1,down,EV,엘리베이터,1번 출입구 옆 엘리베이터
S1_5_0489,5호선,하남검단산역,move_path,paren,1,B1,B3,2,down,EV,엘리베이터,하남시청 방면 엘리베이터
S1_5_0489,5호선,하남검단산역,move_path,paren,1,1F,B1,1,down,EV,엘리베이터,4번 출입구 옆 엘리베이터
S1_5_0489,5호선,하남검단산역,facility_span,,1,1F,B1,1,down,EV,엘리베이터,[4호기]4번출구측
S1_5_0489,5호선,하남검단산역,facility_span,,1,1F,B1,1,down,EV,엘리베이터,"[3호기]1,2번출구사이"
S1_5_0489,5호선,하남검단산역,facility_span,,1,B1,B3,2,down,EV,엘리베이터,[1호기]하남시청방면4-3
S1_5_0489,5호선,하남검단산역,facility_span,,1,B1,B3,2,down,EV,엘리베이터,[2호기]하남검단산방면5-3
S1_5_0172,5호선,둔촌동,move_path,paren,1,1F,B1,1,down,EV,엘리베이터,3번/4번 출입구 사이 엘리베이터
S1_5_0172,5호선,둔촌동,move_path,paren,1,B1,B2,1,down,EV,엘리베이터,강동 방면 엘리베이터
S1_5_0172,5호선,둔촌동,move_path,paren,1,B1,B2,1,down,EV,엘리베이터,올림픽공원 방면 엘리베이터
S1_5_0172,5호선,둔촌동,move_path,paren,1,1F,B1,1,down,EV,엘리베이터,1번/2번 출입구 사이 엘리베이터
S1_5_0172,5호선,둔촌동,facility_span,,1,1F,B1,1,down,EV,엘리베이터,[4호기]2번출구측
S1_5_0172,5호선,둔촌동,facility_span,,1,1F,B1,1,down,EV,엘리베이터,"[3호기]3,4번출구사이"
S1_5_0172,5호선,둔촌동,facility_span,,1,B1,B2,1,down,EV,엘리베이터,[2호기]올림픽공원방면5-1
S1_5_0172,5호선,둔촌동,facility_span,,1,B1,B2,1,down,EV,엘리베이터,[1호기]강동방면5-1
S1_5_0438,5호선,올림픽공원,move_path,paren,0,1F,B1,1,down,EV,엘리베이터,2번 출입구 옆 엘리베이터
S1_5_0438,5호선,올림픽공원,move_path,paren,0,B1,B2,1,down,EV,엘리베이터,둔촌동 방면 엘리베이터
S1_5_0438,5호선,올림픽공원,move_path,paren,0,B1,B2,1,down,EV,엘리베이터,방이 방면 엘리베이터
S1_5_0438,5호선,올림픽공원,move_path,paren,0,B2,B1,1,up,EV,엘리베이터,대합실 방향 엘리베이터
S1_5_0438,5호선,올림픽공원,move_path,,,B1,B1,0,same,PASSAGE,환승통로,9호선 방향 환승통로로 이동
S1_5_0438,5호선,올림픽공원,move_path,paren,0,B1,B3,2,down,EV,엘리베이터,승강장 방향 엘리베이터
S1_5_0438,5호선,올림픽공원,facility_span,,1,1F,B2,2,down,EV,엘리베이터,[3호기]2번출구측
S1_5_0438,5호선,올림픽공원,facility_span,,1,B2,B3,1,down,EV,엘리베이터,[2호기]방이방면6-3
S1_5_0438,5호선,올림픽공원,facility_span,,1,B2,B3,1,down,EV,엘리베이터,[1호기]둔촌동방면3-2
S1_5_0219,5호선,방이,move_path,paren,1,1F,B1,1,down,EV,엘리베이터,1번 출입구 옆 엘리베이터
S1_5_0219,5호선,방이,move_path,paren,1,B1,B2,1,down,EV,엘리베이터,올림픽공원 방면 엘리베이터
S1_5_0219,5호선,방이,move_path,paren,1,B1,B2,1,down,EV,엘리베이터,오금 방면 엘리베이터
S1_5_0219,5호선,방이,move_path,paren,1,1F,B1,1,down,EV,엘리베이터,3번 출입구 옆 엘리베이터
S1_5_0219,5호선,방이,facility_span,,1,1F,B1,1,down,EV,엘리베이터,[4호기]1번출구측
S1_5_0219,5호선,방이,facility_span,,1,1F,B1,1,down,EV,엘리베이터,[3호기]3번출구측
S1_5_0219,5호선,방이,facility_span,,1,B1,B2,1,down,EV,엘리베이터,[2호기]방이방면5-1
S1_5_0219,5호선,방이,facility_span,,1,B1,B2,1,down,EV,엘리베이터,[1호기]올림픽공원방면4-4
S1_5_0426,5호선,오금,move_path,paren,1,1F,B1,1,down,EV,엘리베이터,1번 출입구 옆 엘리베이터
S1_5_0426,5호선,오금,move_path,paren,1,B1,B2,1,down,EV,엘리베이터,방이 방면 엘리베이터
S1_5_0426,5호선,오금,move_path,paren,1,B1,B2,1,down,EV,엘리베이터,개롱 방면 엘리베이터
S1_5_0426,5호선,오금,move_path,paren,1,1F,B1,1,down,EV,엘리베이터,5번 출입구 옆 엘리베이터
S1_5_0426,5호선,오금,move_path,paren,1,B2,B3,1,down,EV,엘리베이터,3호선 환승통로 방향 엘리베이터
S1_5_0426,5호선,오금,move_path,,,B3,B3,0,same,PASSAGE,환승통로,3호선 환승통로로 이동
S1_5_0426,5호선,오금,move_path,paren,0,B3,B4,1,down,EV,엘리베이터,3호선 경찰병원 방면 엘리베이터
S1_5_0426,5호선,오금,facility_span,,1,1F,B1,1,down,EV,엘리베이터,[5호기]5번출구측
S1_5_0426,5호선,오금,facility_span,,1,B1,B2,1,down,EV,엘리베이터,[2호기]개롱방면5-1
S1_5_0426,5호선,오금,facility_span,,1,B1,B2,1,down,EV,엘리베이터,[1호기]방이방면4-4
S1_5_0426,5호선,오금,facility_span,,1,B2,B3,1,down,EV,엘리베이터,[3호기]환승통로(방화방면)
S1_5_0426,5호선,오금,facility_span,,1,B2,B3,1,down,EV,엘리베이터,[4호기]환승통로(마천방면)
S1_5_0025,5호선,개롱,move_path,paren,1,1F,B1,1,down,EV,엘리베이터,3번 출입구 옆 엘리베이터
S1_5_0025,5호선,개롱,move_path,paren,1,B1,B2,1,down,EV,엘리베이터,오금 방면 엘리베이터
S1_5_0025,5호선,개롱,move_path,paren,1,B1,B2,1,down,EV,엘리베이터,거여 방면 엘리베이터
S1_5_0025,5호선,개롱,facility_span,,1,1F,B1,1,down,EV,엘리베이터,"[3호기]3,4번출구사이"
S1_5_0025,5호선,개롱,facility_span,,1,B1,B2,1,down,EV,엘리베이터,[2호기]거여방면4-4
S1_5_0025,5호선,개롱,facility_span,,1,B1,B2,1,down,EV,엘리베이터,[1호기]오금방면5-1
S1_5_0030,5호선,거여,move_path,paren,1,1F,B1,1,down,EV,엘리베이터,1번 출입구 옆 엘리베이터
S1_5_0030,5호선,거여,move_path,paren,1,B1,B2,1,down,EV,엘리베이터,개롱 방면 엘리베이터
S1_5_0030,5호선,거여,move_path,paren,1,B1,B2,1,down,EV,엘리베이터,마천 방면 엘리베이터
S1_5_0030,5호선,거여,facility_span,,1,1F,B1,1,down,EV,엘리베이터,[3호기]2번출구측
S1_5_0030,5호선,거여,facility_span,,1,B1,B2,1,down,EV,엘리베이터,[1호기]개롱방면6-2
S1_5_0030,5호선,거여,facility_span,,1,B1,B2,1,down,EV,엘리베이터,[2호기]마천방면3-2
S1_5_0184,5호선,마천,move_path,paren,1,1F,B1,1,down,EV,엘리베이터,1번 출입구 경사엘리베이터
S1_5_0184,5호선,마천,move_path,paren,1,B1,B4,3,down,EV,엘리베이터,E/L 전용 게이트(개집표기) 교통카드 태그 후 거여 방면 엘리베이터
S1_5_0184,5호선,마천,move_path,paren,1,B4,B1,3,up,EV,엘리베이터,지하1층 대합실 방면 엘리베이터
S1_5_0184,5호선,마천,move_path,inline,1,B1,1F,1,up,EV,엘리베이터,B1) 1번 출입구 방향 경사엘리베이터
S1_5_0184,5호선,마천,facility_span,,1,1F,B1,1,down,EV,엘리베이터,[3호기]1번출구측
S1_5_0184,5호선,마천,facility_span,,1,B1,B4,3,down,EV,엘리베이터,[2호기]거여방면4-3
S1_5_0184,5호선,마천,facility_span,,1,B2,B3,1,down,EV,엘리베이터,[1호기](B1-B4)승강장
S1_5_0184,5호선,마천,facility_span,,1,B2,B3,1,down,EV,엘리베이터,[2호기](B1-B4)대합실
S1_5_0184,5호선,마천,facility_span,,1,B2,B4,2,down,EV,엘리베이터,[1호기]마천방면5-2
S1_6_0468,6호선,응암,move_path,paren,1,1F,B1,1,down,EV,엘리베이터,4번 출입구 옆 엘리베이터
S1_6_0468,6호선,응암,move_path,paren,1,B1,B2,1,down,EV,엘리베이터,승강장 방향 엘리베이터
S1_6_0468,6호선,응암,facility_span,,1,1F,B1,1,down,EV,엘리베이터,[2호기]4번출구측
S1_6_0468,6호선,응암,facility_span,,1,B1,B2,1,down,EV,엘리베이터,[1호기]구산방면5-2
S1_6_0416,6호선,역촌,move_path,paren,1,1F,B1,1,down,EV,엘리베이터,4번 출입구 옆 엘리베이터
S1_6_0416,6호선,역촌,move_path,paren,1,B1,B4,3,down,EV,엘리베이터,승강장 방향 엘리베이터
S1_6_0416,6호선,역촌,facility_span,,1,1F,B1,1,down,EV,엘리베이터,[2호기]4번출구측
S1_6_0416,6호선,역촌,facility_span,,1,B1,B4,3,down,EV,엘리베이터,[1호기]응암방면4-2
S1_6_0416,6호선,역촌,facility_span,,1,B2,B3,1,down,EV,엘리베이터,[1호기](B1-B4)승강장
S1_6_0255,6호선,불광,move_path,paren,1,1F,B1,1,down,EV,엘리베이터,8번 출입구 옆 엘리베이터
S1_6_0255,6호선,불광,move_path,paren,1,B1,B4,3,down,EV,엘리베이터,승강장 방향 엘리베이터
S1_6_0255,6호선,불광,move_path,paren,0,B4,B2,2,up,EV,엘리베이터,3호선 연신내 방면 환승통로 방향 엘리베이터
S1_6_0255,6호선,불광,move_path,,,B2,B2,0,same,PASSAGE,환승통로,환승통로로 이동
S1_6_0255,6호선,불광,move_path,paren,0,B4,B2,2,up,EV,엘리베이터,3호선 녹번 방면 환승통로 방향 엘리베이터
S1_6_0255,6호선,불광,facility_span,,1,1F,B1,1,down,EV,엘리베이터,[3호기]8번출구측
S1_6_0255,6호선,불광,facility_span,,1,B1,B4,3,down,EV,엘리베이터,[1호기]역촌방면2-3
S1_6_0255,6호선,불광,facility_span,,1,B1,B4,3,down,EV,엘리베이터,[2호기]역촌방면7-2
S1_6_0255,6호선,불광,facility_span,,1,B2,B3,1,down,EV,엘리베이터,[1호기](B1-B4) 승강장
S1_6_0255,6호선,불광,facility_span,,1,B2,B3,1,down,EV,엘리베이터,[2호기](B1-B4) 승강장
S1_6_0151,6호선,독바위,move_path,inline,1,1F,B1,1,down,EV,엘리베이터,1번 출입구옆 지상1층 엘리베이터
S1_6_0151,6호선,독바위,facility_span,,1,1F,B1,1,down,EV,엘리베이터,[2호기]1번출구측
S1_6_0151,6호선,독바위,facility_span,,1,B1,B6,5,down,EV,엘리베이터,[1호기]연신내방면3-2
S1_6_0151,6호선,독바위,facility_span,,1,B2,B3,1,down,EV,엘리베이터,[1호기](B1-B6)승강장
S1_6_0151,6호선,독바위,facility_span,,1,B3,B4,1,down,EV,엘리베이터,[1호기](B1-B6)승강장
S1_6_0151,6호선,독바위,facility_span,,1,B4,B5,1,down,EV,엘리베이터,[1호기](B1-B6)승강장
S1_6_0418,6호선,연신내,move_path,paren,1,1F,B1,1,down,EV,엘리베이터,6번출구 엘리베이터
S1_6_0418,6호선,연신내,move_path,paren,1,B1,B5,4,down,EV,엘리베이터,승강장 방향 엘리베이터
S1_6_0418,6호선,연신내,move_path,paren,1,B5,B1,4,up,EV,엘리베이터,대합실 방향 엘리베이터
S1_6_0418,6호선,연신내,move_path,paren,0,B1,B2,1,down,EV,엘리베이터,3호선 승강장 방향 엘리베이터
S1_6_0418,6호선,연신내,facility_span,,1,1F,B1,1,down,EV,엘리베이터,[2호기]6번출구측
S1_6_0418,6호선,연신내,facility_span,,1,B1,B5,4,down,EV,엘리베이터,[1호기]구산방면6-2
S1_6_0418,6호선,연신내,facility_span,,1,B2,B3,1,down,EV,엘리베이터,[1호기](B1-B5)승강장
S1_6_0418,6호선,연신내,facility_span,,1,B3,B4,1,down,EV,엘리베이터,[1호기](B1-B5)승강장
S1_6_0074,6호선,구산,move_path,paren,1,1F,B1,1,down,EV,엘리베이터,4번 출입구 옆 외부엘리베이터
S1_6_0074,6호선,구산,move_path,paren,1,B1,B4,3,down,EV,엘리베이터,승강장 방향 내부엘리베이터
S1_6_0074,6호선,구산,facility_span,,1,1F,B1,1,down,EV,엘리베이터,[1호기]4번출구측
S1_6_0074,6호선,구산,facility_span,,1,B1,B4,3,down,EV,엘리베이터,[2호기]대합실
S1_6_0285,6호선,새절,move_path,paren,1,1F,B1,1,down,EV,엘리베이터,1번/2번 출입구 사이 엘리베이터
S1_6_0285,6호선,새절,move_path,paren,1,B1,B2,1,down,EV,엘리베이터,응암 방면 엘리베이터
S1_6_0285,6호선,새절,move_path,paren,1,B1,B2,1,down,EV,엘리베이터,증산 방면 엘리베이터
S1_6_0285,6호선,새절,facility_span,,1,1F,B1,1,down,EV,엘리베이터,[2호기]1번출구측
S1_6_0285,6호선,새절,facility_span,,1,B1,B2,1,down,EV,엘리베이터,[3호기]응암방면1-1
S1_6_0285,6호선,새절,facility_span,,1,B1,B2,1,down,EV,엘리베이터,[1호기]응암방면5-4
S1_6_0532,6호선,증산,move_path,paren,1,1F,B1,1,down,EV,엘리베이터,2번 출입구 옆 엘리베이터
S1_6_0532,6호선,증산,move_path,paren,1,B1,B2,1,down,EV,엘리베이터,새절 방면 엘리베이터
S1_6_0532,6호선,증산,move_path,paren,1,B1,B2,1,down,EV,엘리베이터,디지털미디어시티 방면 엘리베이터
S1_6_0532,6호선,증산,facility_span,,1,1F,B1,1,down,EV,엘리베이터,[3호기]2번출구측
S1_6_0532,6호선,증산,facility_span,,1,B1,B2,1,down,EV,엘리베이터,[2호기]디지털미디어시티방면4-3
S1_6_0532,6호선,증산,facility_span,,1,B1,B2,1,down,EV,엘리베이터,[1호기]새절방면5-1
S1_6_0174,6호선,디지털미디어시티,move_path,paren,1,1F,B1,1,down,EV,엘리베이터,엘리베이터
S1_6_0174,6호선,디지털미디어시티,move_path,paren,1,B1,B2,1,down,EV,엘리베이터,증산 방면 엘리베이터
S1_6_0174,6호선,디지털미디어시티,move_path,paren,1,B1,B2,1,down,EV,엘리베이터,월드컵경기장 방면 엘리베이터
S1_6_0174,6호선,디지털미디어시티,move_path,paren,1,B2,B1,1,up,EV,엘리베이터,경의중앙선 환승통로 방향 엘리베이터
S1_6_0174,6호선,디지털미디어시티,move_path,,,B1,B1,0,same,PASSAGE,환승통로,환승통로로 이동
S1_6_0174,6호선,디지털미디어시티,move_path,paren,1,B1,1F,1,up,EV,엘리베이터,경의중앙선 수색 방면 엘리베이터
S1_6_0174,6호선,디지털미디어시티,move_path,paren,1,B1,1F,1,up,EV,엘리베이터,경의중앙선 가좌 방면 엘리베이터
S1_6_0174,6호선,디지털미디어시티,move_path,paren,1,B2,B1,1,up,WCLF,휠체어리프트,2번/3번 출입구 방향 휠체어리프트
S1_6_0174,6호선,디지털미디어시티,move_path,,,B1,B1,0,same,PASSAGE,환승통로,공항철도 환승통로로 이동
S1_6_0174,6호선,디지털미디어시티,move_path,paren,0,B1,B3,2,down,EV,엘리베이터,홍대입구 방면 엘리베이터
S1_6_0174,6호선,디지털미디어시티,move_path,paren,0,B1,B3,2,down,EV,엘리베이터,마곡나루 방면 엘리베이터
S1_6_0174,6호선,디지털미디어시티,facility_span,,1,1F,B1,1,down,EV,엘리베이터,[3호기]4번출구측
S1_6_0174,6호선,디지털미디어시티,facility_span,,1,B1,B2,1,down,EV,엘리베이터,[1호기]증산방면3-4
S1_6_0174,6호선,디지털미디어시티,facility_span,,1,B1,B2,1,down,EV,엘리베이터,[2호기]월드컵경기장방면8-4
S1_6_0462,6호선,월드컵경기장,move_path,paren,0,1F,B1,1,down,EV,엘리베이터,2번 출입구 옆 엘리베이터
S1_6_0462,6호선,월드컵경기장,move_path,paren,0,B1,B2,1,down,EV,엘리베이터,디지털미디어시티 방면 엘리베이터
S1_6_0462,6호선,월드컵경기장,move_path,paren,0,B1,B2,1,down,EV,엘리베이터,마포구청 방면 엘리베이터
S1_6_0462,6호선,월드컵경기장,facility_span,,1,1F,B2,2,down,EV,엘리베이터,[3호기]2번출구측
S1_6_0462,6호선,월드컵경기장,facility_span,,1,B2,B3,1,down,EV,엘리베이터,[1호기]디지털미디어시티방면4-4
S1_6_0462,6호선,월드컵경기장,facility_span,,1,B2,B3,1,down,EV,엘리베이터,[2호기]마포구청방면4-4
S1_6_0186,6호선,마포구청,move_path,paren,1,1F,B2,2,down,EV,엘리베이터,2번 출입구 옆 엘리베이터
S1_6_0186,6호선,마포구청,move_path,paren,1,B2,B3,1,down,EV,엘리베이터,월드컵경기장 방면 엘리베이터
S1_6_0186,6호선,마포구청,move_path,paren,1,B2,B3,1,down,EV,엘리베이터,망원 방면 엘리베이터
S1_6_0186,6호선,마포구청,move_path,paren,1,1F,B2,2,down,EV,엘리베이터,8번 출입구 옆 엘리베이터
S1_6_0186,6호선,마포구청,facility_span,,1,1F,B2,2,down,EV,엘리베이터,[4호기]2번출구측
S1_6_0186,6호선,마포구청,facility_span,,1,1F,B2,2,down,EV,엘리베이터,[3호기]8번출구측
S1_6_0186,6호선,마포구청,facility_span,,1,B2,B3,1,down,EV,엘리베이터,[2호기]망원방면8-4
S1_6_0186,6호선,마포구청,facility_span,,1,B2,B3,1,down,EV,엘리베이터,[1호기]월드컵경기장방면1-1
S1_6_0189,6호선,망원,move_path,paren,0,1F,B1,1,down,EV,엘리베이터,2번 출입구 옆 엘리베이터
S1_6_0189,6호선,망원,move_path,paren,1,B1,B2,1,down,EV,엘리베이터,마포구청 방면 엘리베이터
S1_6_0189,6호선,망원,move_path,paren,1,1F,B2,2,down,EV,엘리베이터,2번 출입구 옆 엘리베이터
S1_6_0189,6호선,망원,facility_span,,1,1F,B2,2,down,EV,엘리베이터,"[2호기]2번출구측,합정방면4-4"
S1_6_0189,6호선,망원,facility_span,,1,B1,B2,1,down,EV,엘리베이터,[1호기]마포구청방면5-1
S1_6_0591,6호선,합정,move_path,paren,1,1F,B1,1,down,EV,엘리베이터,6번 출입구 옆 엘리베이터
S1_6_0591,6호선,합정,move_path,paren,1,B1,B4,3,down,EV,엘리베이터,9번/5번 출입구 가운데 엘리베이터
S1_6_0591,6호선,합정,move_path,paren,0,B1,B3,2,down,EV,엘리베이터,9번/5번 출입구 가운데 엘리베이터
S1_6_0591,6호선,합정,move_path,paren,1,B3,B4,1,down,EV,엘리베이터,상수 방면 엘리베이터
S1_6_0591,6호선,합정,move_path,paren,1,B4,B1,3,up,EV,엘리베이터,대합실 방향 엘리베이터
S1_6_0591,6호선,합정,move_path,paren,0,B1,B2,1,down,EV,엘리베이터,2호선 당산 방면 엘리베이터
S1_6_0591,6호선,합정,move_path,paren,0,B1,B2,1,down,EV,엘리베이터,2호선 홍대입구 방면 엘리베이터
S1_6_0591,6호선,합정,move_path,paren,1,B4,B3,1,up,EV,엘리베이터,대합실 방향 엘리베이터
S1_6_0591,6호선,합정,move_path,paren,0,B3,B1,2,up,EV,엘리베이터,대합실 맞은편 엘리베이터
S1_6_0591,6호선,합정,facility_span,,1,1F,B1,1,down,EV,엘리베이터,[3호기]6번출구측
S1_6_0591,6호선,합정,facility_span,,1,B1,B4,3,down,EV,엘리베이터,[1호기]망원방면4-2
S1_6_0591,6호선,합정,facility_span,,1,B2,B3,1,down,EV,엘리베이터,[1호기](B1-B4) 승강장
S1_6_0591,6호선,합정,facility_span,,1,B3,B4,1,down,EV,엘리베이터,[2호기]상수방면6-2
S1_6_0278,6호선,상수,move_path,paren,1,1F,B1,1,down,EV,엘리베이터,3번 출입구 옆 엘리베이터
S1_6_0278,6호선,상수,move_path,paren,1,B1,B2,1,down,EV,엘리베이터,대합실 방향 엘리베이터
S1_6_0278,6호선,상수,move_path,paren,1,B2,B3,1,down,EV,엘리베이터,승강장 방향 엘리베이터
S1_6_0278,6호선,상수,facility_span,,1,1F,B1,1,down,EV,엘리베이터,[2호기]3번출구측
S1_6_0278,6호선,상수,facility_span,,1,B1,B2,1,down,EV,엘리베이터,[3호기]대합실
S1_6_0278,6호선,상수,facility_span,,1,B2,B3,1,down,EV,엘리베이터,"[1호기]합정방면4-4,광흥창방면5-1"
S1_6_0067,6호선,광흥창,move_path,paren,1,1F,B2,2,down,EV,엘리베이터,1번 출입구 옆 엘리베이터
S1_6_0067,6호선,광흥창,move_path,paren,1,B2,B3,1,down,EV,엘리베이터,승강장 방향 엘리베이터
S1_6_0067,6호선,광흥창,facility_span,,1,1F,B1,1,down,EV,엘리베이터,[3호기]4번출구측
S1_6_0067,6호선,광흥창,facility_span,,1,1F,B2,2,down,EV,엘리베이터,[1호기]1번출구측
S1_6_0067,6호선,광흥창,facility_span,,1,B2,B3,1,down,EV,엘리베이터,"[2호기]상수방면1-2,대흥방면8-3"
S1_6_0138,6호선,대흥,move_path,inline,1,1F,B2,2,down,EV,엘리베이터,3번 출입구 전방 지상 1층 엘리베이터
S1_6_0138,6호선,대흥,move_path,inline,1,B2,B3,1,down,EV,엘리베이터,지하 2층 승강장 방향 엘리베이터
S1_6_0138,6호선,대흥,facility_span,,1,1F,B2,2,down,EV,엘리베이터,[3호기]3번출구측
S1_6_0138,6호선,대흥,facility_span,,1,B1,B2,1,down,EV,엘리베이터,[2호기]대합실
S1_6_0138,6호선,대흥,facility_span,,1,B2,B3,1,down,EV,엘리베이터,"[1호기]광흥창방면4-4,공덕방면5-1"
S1_6_0054,6호선,공덕,move_path,paren,1,1F,B1,1,down,EV,엘리베이터,2번 출입구 옆 엘리베이터
S1_6_0054,6호선,공덕,move_path,paren,1,B1,B2,1,down,EV,엘리베이터,대흥 방면 엘리베이터
S1_6_0054,6호선,공덕,move_path,paren,1,B1,B2,1,down,EV,엘리베이터,효창공원앞 방면 엘리베이터
S1_6_0054,6호선,공덕,move_path,paren,1,1F,B1,1,down,EV,엘리베이터,5번 출입구 옆 엘리베이터
S1_6_0054,6호선,공덕,move_path,paren,1,B2,B3,1,down,EV,엘리베이터,환승 엘리베이터
S1_6_0054,6호선,공덕,move_path,,,B3,B3,0,same,PASSAGE,환승통로,환승통로로 이동
S1_6_0054,6호선,공덕,move_path,paren,1,B3,B2,1,up,EV,엘리베이터,6호선 효창공원앞 방면 엘리베이터
S1_6_0054,6호선,공덕,move_path,,,B2,B2,0,same,PASSAGE,환승통로,5호선 방향 환승통로로 이동
S1_6_0054,6호선,공덕,move_path,paren,1,B2,B3,1,down,EV,엘리베이터,5호선 승강장 방향 엘리베이터
S1_6_0054,6호선,공덕,move_path,paren,1,B3,B2,1,up,EV,엘리베이터,경의중앙선 서강대 방면 엘리베이터
S1_6_0054,6호선,공덕,move_path,paren,1,B3,B2,1,up,EV,엘리베이터,경의중앙선 효창공원앞 방면 엘리베이터
S1_6_0054,6호선,공덕,move_path,paren,0,B3,B4,1,down,EV,엘리베이터,공항철도 서울역 방면 엘리베이터
S1_6_0054,6호선,공덕,move_path,paren,0,B3,B4,1,down,EV,엘리베이터,공항철도 홍대입구 방면 엘리베이터
S1_6_0054,6호선,공덕,facility_span,,1,1F,B1,1,down,EV,엘리베이터,[3호기]5번출구측
S1_6_0054,6호선,공덕,facility_span,,1,B1,B2,1,down,EV,엘리베이터,[2호기]효창공원방면4-4
S1_6_0054,6호선,공덕,facility_span,,1,B1,B2,1,down,EV,엘리베이터,[1호기]대흥방면4-4
S1_6_0054,6호선,공덕,facility_span,,1,B2,B3,1,down,EV,엘리베이터,[4호기]환승통로
S1_6_0054,6호선,공덕,facility_span,,1,B2,B3,1,down,EV,엘리베이터,[5호기]환승통로
S1_6_0609,6호선,효창공원앞,move_path,paren,0,1F,B1,1,down,EV,엘리베이터,경의중앙선 4번 출입구 근처 엘리베이터
S1_6_0609,6호선,효창공원앞,move_path,paren,1,B1,B2,1,down,EV,엘리베이터,용산역 방향 엘리베이터
S1_6_0609,6호선,효창공원앞,move_path,paren,1,B2,B3,1,down,EV,엘리베이터,경의중앙선 환승 엘리베이터
S1_6_0609,6호선,효창공원앞,move_path,,,B3,B3,0,same,PASSAGE,환승통로,6호선 방향 환승통로 이동통해 6호선 B2 대합실로 이동
S1_6_0609,6호선,효창공원앞,move_path,paren,1,B3,B2,1,up,EV,엘리베이터,대합실 방향 엘리베이터
S1_6_0609,6호선,효창공원앞,move_path,,,B2,B2,0,same,PASSAGE,환승통로,경의중앙선 방향 환승통로로 이동
S1_6_0609,6호선,효창공원앞,move_path,paren,1,B2,B1,1,up,EV,엘리베이터,대합실 방향 엘리베이터
S1_6_0609,6호선,효창공원앞,move_path,paren,1,B1,B2,1,down,EV,엘리베이터,공덕 방면 엘리베이터
S1_6_0609,6호선,효창공원앞,facility_span,,1,B1,B2,1,down,EV,엘리베이터,[2호기]대합실
S1_6_0609,6호선,효창공원앞,facility_span,,1,B2,B3,1,down,EV,엘리베이터,"[1호기]공덕방면5-3,삼각지방면4-2"
S1_6_0263,6호선,삼각지,move_path,paren,1,1F,B3,3,down,EV,엘리베이터,8번 출입구 옆 엘리베이터
S1_6_0263,6호선,삼각지,move_path,paren,1,B3,B4,1,down,EV,엘리베이터,승강장 방향 엘리베이터
S1_6_0263,6호선,삼각지,move_path,paren,1,1F,B3,3,down,EV,엘리베이터,12번 출입구 옆 엘리베이터
S1_6_0263,6호선,삼각지,move_path,paren,1,B4,B3,1,up,EV,엘리베이터,4호선 숙대입구 방면 환승통로 방향 엘리베이터
S1_6_0263,6호선,삼각지,move_path,,,B3,B3,0,same,PASSAGE,환승통로,환승통로로 이동
S1_6_0263,6호선,삼각지,move_path,paren,1,B4,B3,1,up,EV,엘리베이터,효창공원앞 방면  1-1 근처 엘리베이터
S1_6_0263,6호선,삼각지,move_path,paren,1,B4,B3,1,up,EV,엘리베이터,녹사평 방면  8-4 근처 엘리베이터
S1_6_0263,6호선,삼각지,facility_span,,1,1F,B3,3,down,EV,엘리베이터,[4호기]12번출구측
S1_6_0263,6호선,삼각지,facility_span,,1,1F,B3,3,down,EV,엘리베이터,[3호기]8번출구측
S1_6_0263,6호선,삼각지,facility_span,,1,B1,B2,1,down,EV,엘리베이터,[4호기](F1-B3)12번 출입구
S1_6_0263,6호선,삼각지,facility_span,,1,B1,B2,1,down,EV,엘리베이터,[3호기](F1-B3)8번 출입구
S1_6_0263,6호선,삼각지,facility_span,,1,B3,B4,1,down,EV,엘리베이터,[5호기]환승통로
S1_6_0263,6호선,삼각지,facility_span,,1,B3,B4,1,down,EV,엘리베이터,[1호기]효창공원앞방면1-1
S1_6_0263,6호선,삼각지,facility_span,,1,B3,B4,1,down,EV,엘리베이터,[2호기]녹사평방면8-4
S1_6_0117,6호선,녹사평,move_path,paren,1,1F,B2,2,down,EV,엘리베이터,"1, 3번 출구 횡단보도 건너 엘리베이터"
S1_6_0117,6호선,녹사평,move_path,paren,1,B2,B4,2,down,EV,엘리베이터,엘리베이터
S1_6_0117,6호선,녹사평,move_path,paren,1,B4,B5,1,down,EV,엘리베이터,승강장 방향 엘리베이터
S1_6_0117,6호선,녹사평,facility_span,,1,1F,B2,2,down,EV,엘리베이터,[3호기]3번출구측
S1_6_0117,6호선,녹사평,facility_span,,1,B2,B4,2,down,EV,엘리베이터,[2호기]대합실
S1_6_0117,6호선,녹사평,facility_span,,1,B4,B5,1,down,EV,엘리베이터,"[1호기]삼각지방면4-3,이태원방면5-1"
S1_6_0479,6호선,이태원,move_path,paren,1,1F,B1,1,down,EV,엘리베이터,2번 출입구 옆 엘리베이터
S1_6_0479,6호선,이태원,move_path,paren,1,B1,B5,4,down,EV,엘리베이터,승강장 방향 엘리베이터
S1_6_0479,6호선,이태원,facility_span,,1,1F,B1,1,down,EV,엘리베이터,[2호기]2번출구측
S1_6_0479,6호선,이태원,facility_span,,1,B1,B5,4,down,EV,엘리베이터,"[1호기]녹사평방면3-1,한강진방면6-3"
S1_6_0479,6호선,이태원,facility_span,,1,B2,B3,1,down,EV,엘리베이터,[1호기](B1-B5)승강장
S1_6_0479,6호선,이태원,facility_span,,1,B3,B4,1,down,EV,엘리베이터,[1호기](B1-B5)승강장
S1_6_0584,6호선,한강진,move_path,paren,1,1F,B1,1,down,EV,엘리베이터,3번 출입구 옆 엘리베이터
S1_6_0584,6호선,한강진,move_path,paren,0,B1,B3,2,down,EV,엘리베이터,엘리베이터
S1_6_0584,6호선,한강진,move_path,paren,1,B3,B4,1,down,EV,엘리베이터,이태원 방면 엘리베이터
S1_6_0584,6호선,한강진,move_path,paren,1,B1,B4,3,down,EV,엘리베이터,엘리베이터
S1_6_0584,6호선,한강진,facility_span,,1,1F,B1,1,down,EV,엘리베이터,[3호기]3번출구측
S1_6_0584,6호선,한강진,facility_span,,1,B1,B4,3,down,EV,엘리베이터,[2호기]버티고개방면4-2
S1_6_0584,6호선,한강진,facility_span,,1,B2,B3,1,down,EV,엘리베이터,[2호기](B1-B4) 승강장
S1_6_0584,6호선,한강진,facility_span,,1,B3,B4,1,down,EV,엘리베이터,[1호기]이태원방면5-2
S1_6_0227,6호선,버티고개,move_path,paren,1,1F,B1,1,down,EV,엘리베이터,2번 출입구 옆 엘리베이터
S1_6_0227,6호선,버티고개,move_path,paren,1,B1,B2,1,down,EV,엘리베이터,엘리베이터
S1_6_0227,6호선,버티고개,move_path,paren,1,B2,B3,1,down,EV,엘리베이터,경사 엘리베이터
S1_6_0227,6호선,버티고개,move_path,paren,1,B3,B4,1,down,EV,엘리베이터,한강진 방면 엘리베이터
S1_6_0227,6호선,버티고개,move_path,paren,1,B3,B4,1,down,EV,엘리베이터,약수 방면 엘리베이터
S1_6_0227,6호선,버티고개,facility_span,,1,1F,B1,1,down,EV,엘리베이터,[5호기]2번출구측
S1_6_0227,6호선,버티고개,facility_span,,1,B1,B2,1,down,EV,엘리베이터,[2호기]약수방면4-2
S1_6_0227,6호선,버티고개,facility_span,,1,B2,B3,1,down,EV,엘리베이터,[1호기]한강진방면5-3
S1_6_0227,6호선,버티고개,facility_span,,1,B3,B4,1,down,EV,엘리베이터,[4호기]대합실
S1_6_0227,6호선,버티고개,facility_span,,1,B3,B4,1,down,EV,엘리베이터,[3호기]대합실
S1_6_0397,6호선,약수,move_path,paren,0,1F,B1,1,down,EV,엘리베이터,3번 출입구 옆 엘리베이터
S1_6_0397,6호선,약수,move_path,paren,1,B1,B3,2,down,EV,엘리베이터,엘리베이터
S1_6_0397,6호선,약수,move_path,paren,1,B1,B2,1,down,EV,엘리베이터,엘리베이터
S1_6_0397,6호선,약수,move_path,paren,1,B2,B3,1,down,EV,엘리베이터,청구 방면 엘리베이터
S1_6_0397,6호선,약수,move_path,paren,1,B3,B1,2,up,EV,엘리베이터,대합실 방향 엘리베이터
S1_6_0397,6호선,약수,move_path,paren,1,B1,B2,1,down,EV,엘리베이터,승강장 방향 엘리베이터
S1_6_0397,6호선,약수,move_path,paren,1,B3,B2,1,up,EV,엘리베이터,대합실 방향 엘리베이터
S1_6_0397,6호선,약수,move_path,paren,1,B2,B1,1,up,EV,엘리베이터,대합실 방향 엘리베이터
S1_6_0397,6호선,약수,facility_span,,1,B1,B2,1,down,EV,엘리베이터,[4호기]대합실
S1_6_0397,6호선,약수,facility_span,,1,B1,B3,2,down,EV,엘리베이터,[3호기]버티고개방면6-1
S1_6_0397,6호선,약수,facility_span,,1,B2,B3,1,down,EV,엘리베이터,[2호기]청구방면4-4
S1_6_0397,6호선,약수,facility_span,,1,B2,B3,1,down,EV,엘리베이터,[1호기]버티고개방면5-1
S1_6_0549,6호선,청구,move_path,paren,1,1F,B1,1,down,EV,엘리베이터,1번 출입구 옆 엘리베이터
S1_6_0549,6호선,청구,move_path,paren,0,B1,B2,1,down,EV,엘리베이터,약수 방면 엘리베이터
S1_6_0549,6호선,청구,move_path,paren,0,B1,B2,1,down,EV,엘리베이터,신당 방면 엘리베이터
S1_6_0549,6호선,청구,move_path,paren,1,1F,B1,1,down,EV,엘리베이터,3번 출입구 옆 엘리베이터
S1_6_0549,6호선,청구,move_path,paren,0,B2,B3,1,down,EV,엘리베이터,5호선 대합실 방향 엘리베이터
S1_6_0549,6호선,청구,move_path,paren,1,B3,B4,1,down,EV,엘리베이터,승강장 방향 중앙 엘리베이터
S1_6_0549,6호선,청구,facility_span,,1,1F,B1,1,down,EV,엘리베이터,[5호기]1번출구측
S1_6_0549,6호선,청구,facility_span,,1,1F,B1,1,down,EV,엘리베이터,[4호기]3번출구측
S1_6_0549,6호선,청구,facility_span,,1,B1,B3,2,down,EV,엘리베이터,[2호기]대합실
S1_6_0549,6호선,청구,facility_span,,1,B1,B3,2,down,EV,엘리베이터,[3호기]대합실
S1_6_0549,6호선,청구,facility_span,,1,B3,B4,1,down,EV,엘리베이터,"[1호기]신금호방면5-3,동대문역사문화공원방면4-1"
S1_6_0356,6호선,신당,move_path,paren,0,1F,B1,1,down,EV,엘리베이터,11번 출입구 옆 엘리베이터
S1_6_0356,6호선,신당,move_path,paren,0,B1,B3,2,down,EV,엘리베이터,승강장 방향 엘리베이터
S1_6_0356,6호선,신당,move_path,paren,0,B2,B1,1,up,WCLF,휠체어리프트,환승통로 방향 휠체어리프트
S1_6_0356,6호선,신당,move_path,,,B1,B1,0,same,PASSAGE,환승통로,환승통로로 이동
S1_6_0356,6호선,신당,move_path,paren,0,B1,B2,1,down,WCLF,휠체어리프트,2호선 동대문역사문화공원 방면 휠체어리프트
S1_6_0356,6호선,신당,move_path,paren,0,B1,B2,1,down,WCLF,휠체어리프트,2호선 상왕십리 방면 휠체어리프트
S1_6_0356,6호선,신당,facility_span,,1,1F,B3,3,down,EV,엘리베이터,"[1호기]청구방면5-3,동묘앞방면4-2"
S1_6_0161,6호선,동묘앞,move_path,paren,0,1F,B1,1,down,EV,엘리베이터,신설동 방면 엘리베이터
S1_6_0161,6호선,동묘앞,move_path,paren,0,B1,B2,1,down,EV,엘리베이터,6호선 환승통로 방향 엘리베이터
S1_6_0161,6호선,동묘앞,move_path,,,B2,B2,0,same,PASSAGE,환승통로,환승통로로 이동
S1_6_0161,6호선,동묘앞,move_path,paren,1,B2,B3,1,down,EV,엘리베이터,6호선 승강장 방향 엘리베이터
S1_6_0161,6호선,동묘앞,move_path,paren,0,1F,B1,1,down,EV,엘리베이터,3번 출입구 옆 엘리베이터
S1_6_0161,6호선,동묘앞,move_path,paren,0,1F,B2,2,down,EV,엘리베이터,동대문 방면 엘리베이터
S1_6_0161,6호선,동묘앞,move_path,paren,1,B2,B3,1,down,EV,엘리베이터,6호선 승강장 방면 엘리베이터
S1_6_0161,6호선,동묘앞,move_path,paren,0,B2,B1,1,up,EV,엘리베이터,1호선 신설동 방면 엘리베이터
S1_6_0161,6호선,동묘앞,move_path,paren,0,B2,B1,1,up,EV,엘리베이터,1호선 동대문 방면 엘리베이터
S1_6_0161,6호선,동묘앞,facility_span,,1,B2,B3,1,down,EV,엘리베이터,"[2호기]신당방면8-4,창신방면1-1"
S1_6_0161,6호선,동묘앞,facility_span,,1,B2,B3,1,down,EV,엘리베이터,"[1호기]신당방면5-3,창신방면4-2"
S1_6_0542,6호선,창신,move_path,paren,1,1F,B1,1,down,EV,엘리베이터,2번 출입구 옆 엘리베이터
S1_6_0542,6호선,창신,move_path,paren,1,B1,B4,3,down,EV,엘리베이터,승강장 방향 엘리베이터
S1_6_0542,6호선,창신,move_path,paren,1,1F,B1,1,down,EV,엘리베이터,4번 출입구 옆 엘리베이터
S1_6_0542,6호선,창신,facility_span,,1,1F,B1,1,down,EV,엘리베이터,[3호기]2번출구측
S1_6_0542,6호선,창신,facility_span,,1,1F,B1,1,down,EV,엘리베이터,"[2호기]3,4번출구사이"
S1_6_0542,6호선,창신,facility_span,,1,B1,B4,3,down,EV,엘리베이터,"[1호기]동묘앞방면4-2,보문방면5-3"
S1_6_0542,6호선,창신,facility_span,,1,B2,B3,1,down,EV,엘리베이터,[1호기](B1-B4)승강장
S1_6_0234,6호선,보문,move_path,paren,0,1F,B2,2,down,EV,엘리베이터,7번 출입구 옆 엘리베이터
S1_6_0234,6호선,보문,move_path,paren,1,B2,B3,1,down,EV,엘리베이터,승강장 방향 엘리베이터
S1_6_0234,6호선,보문,move_path,paren,1,B3,B2,1,up,EV,엘리베이터,대합실 방향 엘리베이터
S1_6_0234,6호선,보문,move_path,paren,0,B2,B4,2,down,EV,엘리베이터,우이신설선 신설동 방면 엘리베이터
S1_6_0234,6호선,보문,move_path,paren,0,B2,B4,2,down,EV,엘리베이터,우이신설선 성신여대입구 방면 엘리베이터
S1_6_0234,6호선,보문,facility_span,,1,B2,B3,1,down,EV,엘리베이터,"[1호기]창신방면4-4,안암방면5-1"
S1_6_0389,6호선,안암,move_path,paren,1,1F,B2,2,down,EV,엘리베이터,1번 출입구 옆 엘리베이터
S1_6_0389,6호선,안암,move_path,paren,1,B2,B3,1,down,EV,엘리베이터,보문 방면 엘리베이터
S1_6_0389,6호선,안암,move_path,paren,1,B2,B3,1,down,EV,엘리베이터,고려대 방면 엘리베이터
S1_6_0389,6호선,안암,facility_span,,1,1F,B2,2,down,EV,엘리베이터,[3호기]1번출구측
S1_6_0389,6호선,안암,facility_span,,1,B2,B3,1,down,EV,엘리베이터,[1호기]보문방면5-2
S1_6_0389,6호선,안암,facility_span,,1,B2,B3,1,down,EV,엘리베이터,[2호기]고려대방면4-3
S1_6_0047,6호선,고려대,move_path,paren,1,1F,B1,1,down,EV,엘리베이터,1번 출입구 옆 엘리베이터
S1_6_0047,6호선,고려대,move_path,paren,1,B1,B4,3,down,EV,엘리베이터,안암 방면 엘리베이터
S1_6_0047,6호선,고려대,move_path,paren,1,B1,B4,3,down,EV,엘리베이터,월곡 방면 엘리베이터
S1_6_0047,6호선,고려대,move_path,paren,1,1F,B1,1,down,EV,엘리베이터,3번/4번 출입구 사이 엘리베이터
S1_6_0047,6호선,고려대,facility_span,,1,1F,B1,1,down,EV,엘리베이터,"[4호기]3,4번출구사이"
S1_6_0047,6호선,고려대,facility_span,,1,1F,B1,1,down,EV,엘리베이터,[3호기]1번출구측
S1_6_0047,6호선,고려대,facility_span,,1,B1,B4,3,down,EV,엘리베이터,[2호기]월곡방면3-2
S1_6_0047,6호선,고려대,facility_span,,1,B1,B4,3,down,EV,엘리베이터,[1호기]안암방면6-2
S1_6_0047,6호선,고려대,facility_span,,1,B2,B3,1,down,EV,엘리베이터,[2호기](B1-B4) 승강장
S1_6_0047,6호선,고려대,facility_span,,1,B2,B3,1,down,EV,엘리베이터,[1호기](B1-B4) 승강장
S1_6_0460,6호선,월곡,move_path,paren,1,1F,B2,2,down,EV,엘리베이터,1번 출입구 옆 엘리베이터
S1_6_0460,6호선,월곡,move_path,paren,1,B2,B3,1,down,EV,엘리베이터,고려대 방면 엘리베이터
S1_6_0460,6호선,월곡,move_path,paren,1,B2,B3,1,down,EV,엘리베이터,상월곡 방면 엘리베이터
S1_6_0460,6호선,월곡,facility_span,,1,1F,B2,2,down,EV,엘리베이터,"[3호기]1,5번출구사이"
S1_6_0460,6호선,월곡,facility_span,,1,B2,B3,1,down,EV,엘리베이터,[1호기]고려대방면4-4
S1_6_0460,6호선,월곡,facility_span,,1,B2,B3,1,down,EV,엘리베이터,[2호기]상월곡방면4-4
S1_6_0280,6호선,상월곡,move_path,paren,1,1F,B2,2,down,EV,엘리베이터,4번 출입구 옆 엘리베이터
S1_6_0280,6호선,상월곡,move_path,paren,1,B2,B3,1,down,EV,엘리베이터,월곡 방면 엘리베이터
S1_6_0280,6호선,상월곡,move_path,paren,1,B2,B3,1,down,EV,엘리베이터,돌곶이 방면 엘리베이터
S1_6_0280,6호선,상월곡,facility_span,,1,1F,B2,2,down,EV,엘리베이터,[1호기]4번출구측
S1_6_0280,6호선,상월곡,facility_span,,1,B2,B3,1,down,EV,엘리베이터,[3호기]응암방면(1-4)
S1_6_0280,6호선,상월곡,facility_span,,1,B2,B3,1,down,EV,엘리베이터,[2호기]신내방면(8-4)
S1_6_0154,6호선,돌곶이,move_path,paren,1,1F,B1,1,down,EV,엘리베이터,3번 출입구 옆 엘리베이터
S1_6_0154,6호선,돌곶이,move_path,paren,1,B1,B2,1,down,EV,엘리베이터,상월곡 방면 엘리베이터
S1_6_0154,6호선,돌곶이,move_path,paren,1,B1,B2,1,down,EV,엘리베이터,석계 방면 엘리베이터
S1_6_0154,6호선,돌곶이,facility_span,,1,1F,B1,1,down,EV,엘리베이터,[3호기]3번출구측
S1_6_0154,6호선,돌곶이,facility_span,,1,B1,B2,1,down,EV,엘리베이터,[2호기]석계방면4-4
S1_6_0154,6호선,돌곶이,facility_span,,1,B1,B2,1,down,EV,엘리베이터,[1호기]상월곡방면4-4
S1_6_0300,6호선,석계,move_path,paren,1,1F,B2,2,down,EV,엘리베이터,4번 출입구 옆 엘리베이터
S1_6_0300,6호선,석계,move_path,paren,1,B2,B3,1,down,EV,엘리베이터,돌곶이 방면 엘리베이터
S1_6_0300,6호선,석계,move_path,paren,1,B2,B3,1,down,EV,엘리베이터,태릉입구 방면 엘리베이터
S1_6_0300,6호선,석계,move_path,paren,1,B3,B2,1,up,WCLF,휠체어리프트,1번칸 옆 휠체어리프트
S1_6_0300,6호선,석계,move_path,paren,0,B2,B1,1,up,EV,엘리베이터,1호선 대합실 방향 엘리베이터
S1_6_0300,6호선,석계,move_path,paren,0,B1,2F,2,up,EV,엘리베이터,1호선 석계역 역사로 들어가 개집표기 통과 후 내부 엘리베이터
S1_6_0300,6호선,석계,move_path,paren,1,B3,B2,1,up,WCLF,휠체어리프트,8번칸 옆 휠체어리프트
S1_6_0300,6호선,석계,facility_span,,1,1F,B2,2,down,EV,엘리베이터,[4호기]4번출구측
S1_6_0300,6호선,석계,facility_span,,1,1F,B2,2,down,EV,엘리베이터,[3호기]1번출구측
S1_6_0300,6호선,석계,facility_span,,1,B2,B3,1,down,EV,엘리베이터,[2호기]태릉입구방면6-2
S1_6_0300,6호선,석계,facility_span,,1,B2,B3,1,down,EV,엘리베이터,[1호기]돌곶이방면3-3
S1_6_0568,6호선,태릉입구,move_path,paren,1,1F,B1,1,down,EV,엘리베이터,8번 출입구 옆 엘리베이터
S1_6_0568,6호선,태릉입구,move_path,paren,1,B1,B2,1,down,EV,엘리베이터,석계 방면 엘리베이터
S1_6_0568,6호선,태릉입구,move_path,paren,1,B1,B2,1,down,EV,엘리베이터,화랑대 방면 엘리베이터
S1_6_0568,6호선,태릉입구,move_path,paren,1,B2,B1,1,up,EV,엘리베이터,대합실 방향 엘리베이터
S1_6_0568,6호선,태릉입구,move_path,paren,0,B1,B4,3,down,EV,엘리베이터,공릉 방면 엘리베이터
S1_6_0568,6호선,태릉입구,move_path,paren,0,B1,B4,3,down,EV,엘리베이터,먹골 방면 엘리베이터
S1_6_0568,6호선,태릉입구,facility_span,,1,1F,B1,1,down,EV,엘리베이터,[4호기]6번출구측
S1_6_0568,6호선,태릉입구,facility_span,,1,1F,B1,1,down,EV,엘리베이터,[3호기]8번출구측
S1_6_0568,6호선,태릉입구,facility_span,,1,B1,B2,1,down,EV,엘리베이터,[2호기]화랑대방면3-4
S1_6_0568,6호선,태릉입구,facility_span,,1,B1,B2,1,down,EV,엘리베이터,[1호기]석계방면5-3
S1_6_0600,6호선,화랑대,move_path,paren,1,1F,B1,1,down,EV,엘리베이터,1번 출입구 옆 엘리베이터
S1_6_0600,6호선,화랑대,move_path,paren,1,B1,B2,1,down,EV,엘리베이터,태릉입구 방면 엘리베이터
S1_6_0600,6호선,화랑대,move_path,paren,1,B1,B2,1,down,EV,엘리베이터,봉화산 방면 엘리베이터
S1_6_0600,6호선,화랑대,move_path,paren,1,1F,B1,1,down,EV,엘리베이터,6번 출입구 옆 엘리베이터
S1_6_0600,6호선,화랑대,move_path,inline,1,1F,B1,1,down,EV,엘리베이터,3번출입구 인근 지상 1층 엘리베이터 5호기
S1_6_0600,6호선,화랑대,facility_span,,1,1F,B1,1,down,EV,엘리베이터,[3호기]1번출구측
S1_6_0600,6호선,화랑대,facility_span,,1,1F,B1,1,down,EV,엘리베이터,[5호기]3번출구측
S1_6_0600,6호선,화랑대,facility_span,,1,1F,B1,1,down,EV,엘리베이터,[4호기]7번출구측
S1_6_0600,6호선,화랑대,facility_span,,1,B1,B2,1,down,EV,엘리베이터,[2호기]봉화산방면4-1
S1_6_0600,6호선,화랑대,facility_span,,1,B1,B2,1,down,EV,엘리베이터,[1호기]태릉입구방면5-4
S1_6_0243,6호선,봉화산,move_path,paren,1,1F,B1,1,down,EV,엘리베이터,2번 출입구 옆 엘리베이터
S1_6_0243,6호선,봉화산,move_path,paren,1,B1,B2,1,down,EV,엘리베이터,화랑대 방면 엘리베이터
S1_6_0243,6호선,봉화산,move_path,paren,1,B1,B2,1,down,EV,엘리베이터,신내 방면 엘리베이터
S1_6_0243,6호선,봉화산,move_path,paren,1,1F,B1,1,down,EV,엘리베이터,4번 출입구 옆 엘리베이터
S1_6_0243,6호선,봉화산,facility_span,,1,1F,B1,1,down,EV,엘리베이터,[2호기]4번출구측
S1_6_0243,6호선,봉화산,facility_span,,1,1F,B1,1,down,EV,엘리베이터,[1호기]2번출구측
S1_6_0243,6호선,봉화산,facility_span,,1,B1,B2,1,down,EV,엘리베이터,[4호기]신내방면8-3
S1_6_0353,6호선,신내,move_path,paren,0,1F,3F,2,up,EV,엘리베이터,2번 출입구 옆 엘리베이터
S1_6_0353,6호선,신내,move_path,paren,0,3F,2F,1,down,EV,엘리베이터,대합실 방향 엘리베이터
S1_6_0353,6호선,신내,move_path,paren,1,2F,1F,1,down,EV,엘리베이터,6호선 승강장 방향 엘리베이터
S1_6_0353,6호선,신내,move_path,paren,0,1F,3F,2,up,EV,엘리베이터,3번 출입구 옆 엘리베이터
S1_6_0353,6호선,신내,move_path,paren,1,1F,2F,1,up,EV,엘리베이터,4번 출입구 옆 엘리베이터
S1_6_0353,6호선,신내,move_path,paren,1,1F,2F,1,up,EV,엘리베이터,대합실 방향 엘리베이터
S1_6_0353,6호선,신내,move_path,paren,0,2F,3F,1,up,EV,엘리베이터,경춘선 망우 방면 엘리베이터
S1_6_0353,6호선,신내,move_path,paren,0,2F,3F,1,up,EV,엘리베이터,경춘선 갈매 방면 엘리베이터
S1_6_0353,6호선,신내,facility_span,,1,2F,1F,1,down,EV,엘리베이터,"[1호기]신내,봉화산방면8-3"
S1_7_0503,7호선,장암,move_path,paren,1,1F,2F,1,up,EV,엘리베이터,1번 출입구 옆 엘리베이터
S1_7_0503,7호선,장암,move_path,,,2F,2F,0,same,PASSAGE,환승통로,이동통로로 이동
S1_7_0503,7호선,장암,move_path,paren,1,2F,1F,1,down,EV,엘리베이터,대합실 방향 엘리베이터
S1_7_0503,7호선,장암,facility_span,,1,2F,1F,1,down,EV,엘리베이터,[1호기]1번출구측
S1_7_0503,7호선,장암,facility_span,,1,2F,1F,1,down,EV,엘리베이터,[2호기]1번출구측
S1_7_0146,7호선,도봉산,move_path,paren,1,1F,2F,1,up,EV,엘리베이터,장암 방면 엘리베이터
S1_7_0146,7호선,도봉산,move_path,paren,1,1F,2F,1,up,EV,엘리베이터,수락산 방면 엘리베이터
S1_7_0146,7호선,도봉산,move_path,paren,1,1F,2F,1,up,EV,엘리베이터,환승통로 중간에 위치한 경사로를 올라가 엘리베이터(3호기)
S1_7_0146,7호선,도봉산,move_path,paren,1,1F,2F,1,up,EV,엘리베이터,환승통로 가장 안쪽 엘리베이터(4호기)
S1_7_0146,7호선,도봉산,move_path,paren,1,2F,1F,1,down,EV,엘리베이터,7호선 장암 방면 엘리베이터
S1_7_0146,7호선,도봉산,move_path,paren,1,1F,2F,1,up,EV,엘리베이터,1호선 환승 엘리베이터
S1_7_0146,7호선,도봉산,move_path,paren,1,2F,1F,1,down,EV,엘리베이터,1호선 망월사 방면 엘리베이터
S1_7_0146,7호선,도봉산,move_path,paren,1,2F,1F,1,down,EV,엘리베이터,1호선 도봉 방면 엘리베이터
S1_7_0146,7호선,도봉산,facility_span,,1,2F,1F,1,down,EV,엘리베이터,[1호기]장암방면7-2
S1_7_0146,7호선,도봉산,facility_span,,1,2F,1F,1,down,EV,엘리베이터,[4호기]수락산방면4-2
S1_7_0146,7호선,도봉산,facility_span,,1,2F,1F,1,down,EV,엘리베이터,[3호기]장암방면3-4
S1_7_0146,7호선,도봉산,facility_span,,1,2F,1F,1,down,EV,엘리베이터,[2호기]수락산방면2-3
S1_7_0146,7호선,도봉산,facility_span,,1,1F,B1,1,down,EV,엘리베이터,[5호기]1-1번출구측
S1_7_0334,7호선,수락산,move_path,paren,1,1F,B2,2,down,EV,엘리베이터,1번 출입구 옆 엘리베이터
S1_7_0334,7호선,수락산,move_path,paren,1,B2,B3,1,down,EV,엘리베이터,도봉산 방면 엘리베이터
S1_7_0334,7호선,수락산,move_path,paren,1,B2,B3,1,down,EV,엘리베이터,마들 방면 엘리베이터
S1_7_0334,7호선,수락산,facility_span,,1,1F,B2,2,down,EV,엘리베이터,[1호기]1번출구측
S1_7_0334,7호선,수락산,facility_span,,1,B2,B3,1,down,EV,엘리베이터,[3호기]마들방면8-2
S1_7_0334,7호선,수락산,facility_span,,1,B2,B3,1,down,EV,엘리베이터,[2호기]도봉산방면1-1
S1_7_0180,7호선,마들,move_path,paren,1,1F,B1,1,down,EV,엘리베이터,2번 출입구 옆 엘리베이터
S1_7_0180,7호선,마들,move_path,paren,1,B1,B3,2,down,EV,엘리베이터,승강장 방향 엘리베이터
S1_7_0180,7호선,마들,move_path,paren,1,1F,B1,1,down,EV,엘리베이터,4번 출입구 옆 엘리베이터
S1_7_0180,7호선,마들,move_path,paren,1,1F,B1,1,down,EV,엘리베이터,5번 출입구 옆 엘리베이터
S1_7_0180,7호선,마들,facility_span,,1,1F,B1,1,down,EV,엘리베이터,[2호기]5번출구측
S1_7_0180,7호선,마들,facility_span,,1,1F,B1,1,down,EV,엘리베이터,[4호기]2번출구측
S1_7_0180,7호선,마들,facility_span,,1,1F,B1,1,down,EV,엘리베이터,[3호기]4번출구측
S1_7_0180,7호선,마들,facility_span,,1,B1,B3,2,down,EV,엘리베이터,"[1호기]수락산방면8-4,노원방면1-1"
S1_7_0115,7호선,노원,move_path,paren,1,1F,B1,1,down,EV,엘리베이터,3번 출입구 옆 엘리베이터
S1_7_0115,7호선,노원,move_path,paren,1,B1,B3,2,down,EV,엘리베이터,승강장 방향 엘리베이터
S1_7_0115,7호선,노원,move_path,paren,1,1F,B1,1,down,EV,엘리베이터,6번 출입구 옆 엘리베이터
S1_7_0115,7호선,노원,move_path,inline,1,B1,B3,2,down,EV,엘리베이터,5번출입구 지상층 엘리베이터
S1_7_0115,7호선,노원,move_path,paren,1,B3,B1,2,up,EV,엘리베이터,7호선 승강장 방향 엘리베이터
S1_7_0115,7호선,노원,move_path,paren,1,B1,1F,1,up,EV,엘리베이터,7호선 3번 출입구 옆 엘리베이터
S1_7_0115,7호선,노원,move_path,paren,0,1F,2F,1,up,EV,엘리베이터,4호선 2번 출입구 옆 엘리베이터
S1_7_0115,7호선,노원,move_path,paren,0,2F,3F,1,up,EV,엘리베이터,4호선 상계 방면 엘리베이터
S1_7_0115,7호선,노원,move_path,paren,0,2F,3F,1,up,EV,엘리베이터,4호선 창동 방면 엘리베이터
S1_7_0115,7호선,노원,facility_span,,1,1F,B1,1,down,EV,엘리베이터,[2호기]3번출구측
S1_7_0115,7호선,노원,facility_span,,1,1F,B1,1,down,EV,엘리베이터,[3호기]6번출구측
S1_7_0115,7호선,노원,facility_span,,1,1F,B1,1,down,EV,엘리베이터,[4호기]5번출구측
S1_7_0115,7호선,노원,facility_span,,1,B1,B3,2,down,EV,엘리베이터,"[1호기]마들방면4-4,중계방면4-3"
S1_7_0524,7호선,중계,move_path,paren,1,1F,B2,2,down,EV,엘리베이터,3번 출입구 옆 엘리베이터
S1_7_0524,7호선,중계,move_path,paren,1,B2,B3,1,down,EV,엘리베이터,승강장 방향 엘리베이터
S1_7_0524,7호선,중계,move_path,paren,1,1F,B2,2,down,EV,엘리베이터,5번 출입구 옆 엘리베이터
S1_7_0524,7호선,중계,facility_span,,1,1F,B2,2,down,EV,엘리베이터,[3호기]3번출구측
S1_7_0524,7호선,중계,facility_span,,1,1F,B2,2,down,EV,엘리베이터,[2호기]5번출구측
S1_7_0524,7호선,중계,facility_span,,1,B2,B3,1,down,EV,엘리베이터,"[1호기]노원방면5-1,하계방면4-4"
S1_7_0581,7호선,하계,move_path,paren,1,1F,B1,1,down,EV,엘리베이터,1번 출입구 옆 엘리베이터
S1_7_0581,7호선,하계,move_path,paren,1,B1,B3,2,down,EV,엘리베이터,승강장 방향 엘리베이터
S1_7_0581,7호선,하계,move_path,paren,1,1F,B1,1,down,EV,엘리베이터,6번 출입구 옆 엘리베이터
S1_7_0581,7호선,하계,facility_span,,1,1F,B1,1,down,EV,엘리베이터,[3호기]6번출구측
S1_7_0581,7호선,하계,facility_span,,1,1F,B1,1,down,EV,엘리베이터,[2호기]1번출구측
S1_7_0581,7호선,하계,facility_span,,1,B1,B3,2,down,EV,엘리베이터,"[1호기]중계방면4-4,공릉방면5-1"
S1_7_0055,7호선,공릉,move_path,paren,1,1F,B1,1,down,EV,엘리베이터,2번 출입구 옆 엘리베이터
S1_7_0055,7호선,공릉,move_path,paren,0,B1,B2,1,down,EV,엘리베이터,엘리베이터
S1_7_0055,7호선,공릉,move_path,paren,1,B2,B4,2,down,EV,엘리베이터,하계 방면 엘리베이터
S1_7_0055,7호선,공릉,move_path,paren,1,B1,B4,3,down,EV,엘리베이터,엘리베이터
S1_7_0055,7호선,공릉,facility_span,,1,1F,B1,1,down,EV,엘리베이터,[3호기]2번출구측
S1_7_0055,7호선,공릉,facility_span,,1,B1,B4,3,down,EV,엘리베이터,[2호기]태릉입구방면1-1
S1_7_0055,7호선,공릉,facility_span,,1,B2,B4,2,down,EV,엘리베이터,[1호기]하계방면8-4
S1_7_0568,7호선,태릉입구,move_path,paren,0,1F,B1,1,down,EV,엘리베이터,2번 출입구 옆 엘리베이터
S1_7_0568,7호선,태릉입구,move_path,paren,1,B1,B4,3,down,EV,엘리베이터,공릉 방면 엘리베이터
S1_7_0568,7호선,태릉입구,move_path,paren,1,1F,B4,4,down,EV,엘리베이터,2번 출입구 옆 엘리베이터
S1_7_0568,7호선,태릉입구,move_path,paren,0,1F,B1,1,down,EV,엘리베이터,6번 출입구 옆 엘리베이터
S1_7_0568,7호선,태릉입구,move_path,paren,1,B1,B4,3,down,EV,엘리베이터,먹골 방면 엘리베이터
S1_7_0568,7호선,태릉입구,move_path,paren,0,1F,B1,1,down,EV,엘리베이터,8번 출입구 옆 엘리베이터
S1_7_0568,7호선,태릉입구,move_path,paren,1,B4,B1,3,up,EV,엘리베이터,대합실 방향 엘리베이터
S1_7_0568,7호선,태릉입구,move_path,paren,1,B1,B2,1,down,EV,엘리베이터,석계 방면 엘리베이터
S1_7_0568,7호선,태릉입구,move_path,paren,1,B1,B2,1,down,EV,엘리베이터,화랑대 방면 엘리베이터
S1_7_0568,7호선,태릉입구,facility_span,,1,1F,B4,4,down,EV,엘리베이터,[2호기]먹골방면3-1
S1_7_0568,7호선,태릉입구,facility_span,,1,B1,B2,1,down,EV,엘리베이터,[2호기](F1-B4) 승강장
S1_7_0568,7호선,태릉입구,facility_span,,1,B2,B3,1,down,EV,엘리베이터,[2호기](F1-B4) 승강장
S1_7_0568,7호선,태릉입구,facility_span,,1,B1,B4,3,down,EV,엘리베이터,[1호기]공릉방면6-4
S1_7_0568,7호선,태릉입구,facility_span,,1,B2,B3,1,down,EV,엘리베이터,[1호기](B1-B4) 승강장
S1_7_0195,7호선,먹골,move_path,paren,1,1F,B2,2,down,EV,엘리베이터,2번 출입구 옆 엘리베이터
S1_7_0195,7호선,먹골,move_path,paren,1,B2,B3,1,down,EV,엘리베이터,태릉입구 방면 엘리베이터
S1_7_0195,7호선,먹골,move_path,paren,1,B2,B3,1,down,EV,엘리베이터,중화 방면 엘리베이터
S1_7_0195,7호선,먹골,facility_span,,1,1F,B2,2,down,EV,엘리베이터,[3호기]2번출구측
S1_7_0195,7호선,먹골,facility_span,,1,B2,B3,1,down,EV,엘리베이터,[1호기]태릉입구방면4-4
S1_7_0195,7호선,먹골,facility_span,,1,B2,B3,1,down,EV,엘리베이터,[2호기]중화방면5-1
S1_7_0530,7호선,중화,move_path,paren,1,1F,B1,1,down,EV,엘리베이터,3번 출입구 옆 엘리베이터
S1_7_0530,7호선,중화,move_path,paren,1,B1,B3,2,down,EV,엘리베이터,엘리베이터
S1_7_0530,7호선,중화,move_path,paren,0,B1,B2,1,down,EV,엘리베이터,엘리베이터
S1_7_0530,7호선,중화,move_path,paren,1,B2,B3,1,down,EV,엘리베이터,상봉 방면 엘리베이터
S1_7_0530,7호선,중화,facility_span,,1,1F,B1,1,down,EV,엘리베이터,[3호기]3번출구측
S1_7_0530,7호선,중화,facility_span,,1,B1,B3,2,down,EV,엘리베이터,[1호기]먹골방면4-4
S1_7_0530,7호선,중화,facility_span,,1,B2,B3,1,down,EV,엘리베이터,[2호기]먹골방면5-1
S1_7_0276,7호선,상봉,move_path,paren,1,1F,B1,1,down,EV,엘리베이터,2번 출입구 옆 엘리베이터
S1_7_0276,7호선,상봉,move_path,paren,1,B1,B3,2,down,EV,엘리베이터,중화 방면 엘리베이터
S1_7_0276,7호선,상봉,move_path,paren,1,B1,B3,2,down,EV,엘리베이터,면목 방면 엘리베이터
S1_7_0276,7호선,상봉,move_path,paren,1,B3,B1,2,up,EV,엘리베이터,대합실 방향 엘리베이터
S1_7_0276,7호선,상봉,move_path,,,B1,B1,0,same,PASSAGE,환승통로,환승통로로 이동
S1_7_0276,7호선,상봉,move_path,paren,1,B1,1F,1,up,EV,엘리베이터,경의중앙선 중랑 방면 엘리베이터
S1_7_0276,7호선,상봉,move_path,paren,1,B1,1F,1,up,EV,엘리베이터,경의중앙선 망우 방면 엘리베이터
S1_7_0276,7호선,상봉,move_path,paren,1,B1,1F,1,up,EV,엘리베이터,경춘선 중랑 방면 엘리베이터
S1_7_0276,7호선,상봉,move_path,paren,1,B1,1F,1,up,EV,엘리베이터,경춘선 망우 방면 엘리베이터
S1_7_0276,7호선,상봉,facility_span,,1,1F,B1,1,down,EV,엘리베이터,[5호기]3번출구측
S1_7_0276,7호선,상봉,facility_span,,1,B1,B3,2,down,EV,엘리베이터,[2호기]면목방면6-2
S1_7_0276,7호선,상봉,facility_span,,1,B1,B3,2,down,EV,엘리베이터,[1호기]중화방면3-2
S1_7_0276,7호선,상봉,facility_span,,1,B2,B3,1,down,EV,엘리베이터,[4호기]면목방면5-1
S1_7_0276,7호선,상봉,facility_span,,1,B2,B3,1,down,EV,엘리베이터,[3호기]중화방면4-2
S1_7_0196,7호선,면목,move_path,paren,1,1F,B1,1,down,EV,엘리베이터,3번 출입구 옆 엘리베이터
S1_7_0196,7호선,면목,move_path,paren,1,B1,B4,3,down,EV,엘리베이터,엘리베이터
S1_7_0196,7호선,면목,move_path,paren,0,B1,B3,2,down,EV,엘리베이터,엘리베이터
S1_7_0196,7호선,면목,move_path,paren,1,B3,B4,1,down,EV,엘리베이터,사가정 방면 엘리베이터
S1_7_0196,7호선,면목,facility_span,,1,1F,B1,1,down,EV,엘리베이터,[3호기]3번출구측
S1_7_0196,7호선,면목,facility_span,,1,B1,B4,3,down,EV,엘리베이터,[1호기]상봉방면4-4
S1_7_0196,7호선,면목,facility_span,,1,B2,B3,1,down,EV,엘리베이터,[1호기](B1-B4) 승강장
S1_7_0196,7호선,면목,facility_span,,1,B3,B4,1,down,EV,엘리베이터,[2호기]사가정방면5-2
S1_7_0256,7호선,사가정,move_path,paren,1,1F,B1,1,down,EV,엘리베이터,3번 출입구 옆 엘리베이터
S1_7_0256,7호선,사가정,move_path,paren,0,B1,B3,2,down,EV,엘리베이터,엘리베이터
S1_7_0256,7호선,사가정,move_path,paren,1,B3,B4,1,down,EV,엘리베이터,면목 방면 엘리베이터
S1_7_0256,7호선,사가정,move_path,paren,1,B1,B4,3,down,EV,엘리베이터,엘리베이터
S1_7_0256,7호선,사가정,facility_span,,1,1F,B1,1,down,EV,엘리베이터,[3호기]3번출구측
S1_7_0256,7호선,사가정,facility_span,,1,B1,B4,3,down,EV,엘리베이터,[2호기]용마산방면6-2
S1_7_0256,7호선,사가정,facility_span,,1,B2,B3,1,down,EV,엘리베이터,[2호기](B1-B4) 승강장
S1_7_0256,7호선,사가정,facility_span,,1,B3,B4,1,down,EV,엘리베이터,[1호기]면목방면3-3
S1_7_0445,7호선,용마산,move_path,paren,0,1F,B1,1,down,EV,엘리베이터,1번 출입구 옆 엘리베이터
S1_7_0445,7호선,용마산,move_path,paren,0,B1,B3,2,down,EV,엘리베이터,엘리베이터
S1_7_0445,7호선,용마산,move_path,paren,1,B3,B4,1,down,EV,엘리베이터,사가정 방면 엘리베이터
S1_7_0445,7호선,용마산,move_path,paren,1,B1,B4,3,down,EV,엘리베이터,엘리베이터
S1_7_0445,7호선,용마산,facility_span,,1,2F,B1,2,down,EV,엘리베이터,[3호기]1번출구측
S1_7_0445,7호선,용마산,facility_span,,1,B1,B4,3,down,EV,엘리베이터,[2호기]중곡방면6-1
S1_7_0445,7호선,용마산,facility_span,,1,B2,B3,1,down,EV,엘리베이터,[2호기](B1-B4) 승강장
S1_7_0445,7호선,용마산,facility_span,,1,B3,B4,1,down,EV,엘리베이터,[1호기]사가정방면3-3
S1_7_0525,7호선,중곡,move_path,paren,1,1F,B2,2,down,EV,엘리베이터,1번 출입구 옆 엘리베이터
S1_7_0525,7호선,중곡,move_path,paren,1,B2,B3,1,down,EV,엘리베이터,용마산 방면 엘리베이터
S1_7_0525,7호선,중곡,facility_span,,1,1F,B2,2,down,EV,엘리베이터,[3호기]1번출구측
S1_7_0525,7호선,중곡,facility_span,,1,B2,B3,1,down,EV,엘리베이터,[2호기]군자방면5-1
S1_7_0525,7호선,중곡,facility_span,,1,B2,B3,1,down,EV,엘리베이터,[1호기]용마산방면4-4
S1_7_0082,7호선,군자,move_path,paren,1,1F,B1,1,down,EV,엘리베이터,4번 출입구 옆 엘리베이터
S1_7_0082,7호선,군자,move_path,paren,0,B1,B3,2,down,EV,엘리베이터,중곡 방면 엘리베이터
S1_7_0082,7호선,군자,move_path,paren,0,B1,B3,2,down,EV,엘리베이터,어린이대공원 방면 엘리베이터
S1_7_0082,7호선,군자,move_path,paren,1,1F,B1,1,down,EV,엘리베이터,7번 출입구 옆 엘리베이터
S1_7_0082,7호선,군자,move_path,paren,0,B3,B2,1,up,EV,엘리베이터,엘리베이터
S1_7_0082,7호선,군자,facility_span,,1,1F,B1,1,down,EV,엘리베이터,[1호기]7번출구측
S1_7_0408,7호선,어린이대공원,move_path,paren,1,1F,B1,1,down,EV,엘리베이터,1번 출입구 옆 엘리베이터
S1_7_0408,7호선,어린이대공원,move_path,paren,1,B1,B3,2,down,EV,엘리베이터,군자 방면 엘리베이터
S1_7_0408,7호선,어린이대공원,move_path,paren,1,B1,B3,2,down,EV,엘리베이터,건대입구 방면 엘리베이터
S1_7_0408,7호선,어린이대공원,move_path,paren,1,1F,B1,1,down,EV,엘리베이터,5번 출입구 옆 엘리베이터
S1_7_0408,7호선,어린이대공원,facility_span,,1,1F,B1,1,down,EV,엘리베이터,[4호기]5번출구측
S1_7_0408,7호선,어린이대공원,facility_span,,1,1F,B1,1,down,EV,엘리베이터,[3호기]1번출구측
S1_7_0408,7호선,어린이대공원,facility_span,,1,B1,B3,2,down,EV,엘리베이터,[1호기]군자방면3-3
S1_7_0408,7호선,어린이대공원,facility_span,,1,B1,B3,2,down,EV,엘리베이터,[2호기]건대입구방면6-2
S1_7_0031,7호선,건대입구,move_path,paren,0,1F,B2,2,down,EV,엘리베이터,3번/4번 출입구 사이 엘리베이터
S1_7_0031,7호선,건대입구,move_path,paren,1,B2,B3,1,down,EV,엘리베이터,어린이대공원 방면 승강장 엘리베이터
S1_7_0031,7호선,건대입구,move_path,,,B3,B3,0,same,PASSAGE,환승통로,이동통로로 이동
S1_7_0031,7호선,건대입구,move_path,paren,1,B3,B2,1,up,EV,엘리베이터,자양 방면 엘리베이터
S1_7_0031,7호선,건대입구,move_path,paren,0,B2,1F,2,up,EV,엘리베이터,7호선 3번 출입구 옆 엘리베이터
S1_7_0031,7호선,건대입구,move_path,paren,0,1F,2F,1,up,EV,엘리베이터,2호선 6번 출입구 옆 엘리베이터
S1_7_0031,7호선,건대입구,move_path,paren,0,2F,3F,1,up,EV,엘리베이터,성수 방면 엘리베이터
S1_7_0031,7호선,건대입구,move_path,paren,0,1F,3F,2,up,EV,엘리베이터,2호선 6번 출입구 옆 엘리베이터
S1_7_0031,7호선,건대입구,move_path,paren,1,B2,B3,1,down,EV,엘리베이터,7호선 자양 방면 엘리베이터
S1_7_0031,7호선,건대입구,move_path,,,B3,B3,0,same,PASSAGE,환승통로,환승통로로 이동
S1_7_0031,7호선,건대입구,move_path,paren,0,B3,1F,3,up,EV,엘리베이터,7호선 3번 출입구 옆 엘리베이터
S1_7_0031,7호선,건대입구,facility_span,,1,B2,B3,1,down,EV,엘리베이터,[1호기]어린이대공원방면5-4
S1_7_0031,7호선,건대입구,facility_span,,1,B2,B3,1,down,EV,엘리베이터,[2호기]뚝섬유원지방면4-1
S1_7_0176,7호선,자양,move_path,paren,1,1F,2F,1,up,EV,엘리베이터,1번 출입구 옆 엘리베이터
S1_7_0176,7호선,자양,move_path,paren,1,2F,3F,1,up,EV,엘리베이터,건대입구 방면 엘리베이터
S1_7_0176,7호선,자양,move_path,paren,1,2F,3F,1,up,EV,엘리베이터,청담 방면 엘리베이터
S1_7_0176,7호선,자양,facility_span,,1,3F,2F,1,down,EV,엘리베이터,[3호기]청담방면7-4
S1_7_0176,7호선,자양,facility_span,,1,3F,2F,1,down,EV,엘리베이터,[2호기]건대입구방면1-4
S1_7_0176,7호선,자양,facility_span,,1,2F,1F,1,down,EV,엘리베이터,[1호기]1번출구측
S1_7_0550,7호선,청담,move_path,paren,1,1F,B3,3,down,EV,엘리베이터,5번 출입구 옆 지상1층 엘리베이터
S1_7_0550,7호선,청담,move_path,paren,0,B3,B4,1,down,EV,엘리베이터,지하3층 엘리베이터
S1_7_0550,7호선,청담,move_path,paren,1,1F,B3,3,down,EV,엘리베이터,5번 출입구 옆 엘리베이터
S1_7_0550,7호선,청담,move_path,paren,1,1F,B3,3,down,EV,엘리베이터,10번 출입구 옆 지상1층 엘리베이터
S1_7_0550,7호선,청담,move_path,paren,1,1F,B3,3,down,EV,엘리베이터,10번 출입구 옆 엘리베이터
S1_7_0550,7호선,청담,facility_span,,1,1F,B3,3,down,EV,엘리베이터,[2호기]10번출구측
S1_7_0550,7호선,청담,facility_span,,1,1F,B3,3,down,EV,엘리베이터,[1호기]5번출구측
S1_7_0550,7호선,청담,facility_span,,1,B1,B2,1,down,EV,엘리베이터,[1호기](F1-B3)5번 출입구
S1_7_0550,7호선,청담,facility_span,,1,B1,B2,1,down,EV,엘리베이터,[2호기](F1-B3)10번 출입구
S1_7_0018,7호선,강남구청,move_path,paren,0,1F,B1,1,down,EV,엘리베이터,1번 출입구 옆 엘리베이터
S1_7_0018,7호선,강남구청,move_path,paren,0,B1,B2,1,down,EV,엘리베이터,7호선 대합실 방향 엘리베이터
S1_7_0018,7호선,강남구청,move_path,paren,1,B2,B3,1,down,EV,엘리베이터,청담 방면 엘리베이터
S1_7_0018,7호선,강남구청,move_path,paren,1,B2,B3,1,down,EV,엘리베이터,학동 방면 엘리베이터
S1_7_0018,7호선,강남구청,move_path,paren,0,1F,B1,1,down,EV,엘리베이터,2번 출입구 옆 엘리베이터
S1_7_0018,7호선,강남구청,move_path,paren,0,1F,B1,1,down,EV,엘리베이터,3-1번 출입구 옆 엘리베이터
S1_7_0018,7호선,강남구청,move_path,paren,0,1F,B2,2,down,EV,엘리베이터,4번 출입구 옆 엘리베이터
S1_7_0018,7호선,강남구청,move_path,paren,0,B3,B5,2,down,EV,엘리베이터,6번칸 근처 엘리베이터
S1_7_0018,7호선,강남구청,move_path,paren,0,B3,B5,2,down,EV,엘리베이터,3번칸 근처 엘리베이터
S1_7_0018,7호선,강남구청,facility_span,,1,B2,B3,1,down,EV,엘리베이터,[2호기]학동방면8-4
S1_7_0018,7호선,강남구청,facility_span,,1,B2,B3,1,down,EV,엘리베이터,[1호기]청담방면1-1
S1_7_0582,7호선,학동,move_path,paren,1,1F,B2,2,down,EV,엘리베이터,3번 출입구 옆 엘리베이터
S1_7_0582,7호선,학동,move_path,paren,1,B2,B3,1,down,EV,엘리베이터,강남구청 방면 엘리베이터
S1_7_0582,7호선,학동,move_path,paren,1,B2,B3,1,down,EV,엘리베이터,논현 방면 엘리베이터
S1_7_0582,7호선,학동,facility_span,,1,1F,B2,2,down,EV,엘리베이터,[3호기]3번출구측
S1_7_0582,7호선,학동,facility_span,,1,B2,B3,1,down,EV,엘리베이터,[2호기]논현방면5-1
S1_7_0582,7호선,학동,facility_span,,1,B2,B3,1,down,EV,엘리베이터,[1호기]강남구청방면4-4
S1_7_0120,7호선,논현,move_path,paren,1,1F,B2,2,down,EV,엘리베이터,3번 출입구 옆 엘리베이터
S1_7_0120,7호선,논현,move_path,paren,1,B2,B3,1,down,EV,엘리베이터,학동 방면 엘리베이터
S1_7_0120,7호선,논현,move_path,paren,1,B2,B3,1,down,EV,엘리베이터,반포 방면 엘리베이터
S1_7_0120,7호선,논현,move_path,paren,1,1F,B2,2,down,EV,엘리베이터,4번 출입구 옆 엘리베이터
S1_7_0120,7호선,논현,move_path,paren,1,1F,B2,2,down,EV,엘리베이터,10번 출입구 옆 엘리베이터
S1_7_0120,7호선,논현,move_path,,,B3,B3,0,same,PASSAGE,환승통로,환승통로 표 내는 곳 통과
S1_7_0120,7호선,논현,move_path,paren,0,B3,B4,1,down,EV,엘리베이터,신분당선 승강장 방향 엘리베이터
S1_7_0120,7호선,논현,move_path,paren,0,B3,B4,1,down,EV,엘리베이터,환승통로 신분당선 승강장 방향 엘리베이터
S1_7_0120,7호선,논현,facility_span,,1,1F,B2,2,down,EV,엘리베이터,[3호기]10번출구측
S1_7_0120,7호선,논현,facility_span,,1,B2,B3,1,down,EV,엘리베이터,[1호기]학동방면7-4
S1_7_0120,7호선,논현,facility_span,,1,B2,B3,1,down,EV,엘리베이터,[2호기]반포방면2-1
S1_7_0215,7호선,반포,move_path,paren,1,1F,B2,2,down,EV,엘리베이터,1번 출입구 옆 엘리베이터
S1_7_0215,7호선,반포,move_path,paren,1,B2,B3,1,down,EV,엘리베이터,논현 방면 엘리베이터
S1_7_0215,7호선,반포,move_path,paren,1,B2,B3,1,down,EV,엘리베이터,고속터미널 방면 엘리베이터
S1_7_0215,7호선,반포,move_path,paren,1,1F,B2,2,down,EV,엘리베이터,6번 출입구 옆 엘리베이터
S1_7_0215,7호선,반포,facility_span,,1,1F,B2,2,down,EV,엘리베이터,[4호기]1번출구측
S1_7_0215,7호선,반포,facility_span,,1,1F,B2,2,down,EV,엘리베이터,[3호기]6번출구측
S1_7_0215,7호선,반포,facility_span,,1,B2,B3,1,down,EV,엘리베이터,[1호기]논현방면5-1
S1_7_0215,7호선,반포,facility_span,,1,B2,B3,1,down,EV,엘리베이터,[2호기]고속터미널방면4-4
S1_7_0048,7호선,고속터미널,move_path,paren,0,1F,B1,1,down,WCLF,휠체어리프트,3번 출입구 휠체어리프트
S1_7_0048,7호선,고속터미널,move_path,paren,0,B1,B2,1,down,WCLF,휠체어리프트,휠체어리프트
S1_7_0048,7호선,고속터미널,move_path,paren,1,B2,B3,1,down,EV,엘리베이터,반포 방면 엘리베이터
S1_7_0048,7호선,고속터미널,move_path,paren,1,B2,B3,1,down,EV,엘리베이터,내방 방면 엘리베이터
S1_7_0048,7호선,고속터미널,move_path,paren,1,B3,B2,1,up,EV,엘리베이터,대합실 방향 엘리베이터
S1_7_0048,7호선,고속터미널,move_path,paren,1,B2,B3,1,down,EV,엘리베이터,잠원 방면 엘리베이터
S1_7_0048,7호선,고속터미널,move_path,paren,1,B2,B3,1,down,EV,엘리베이터,교대 방면 엘리베이터
S1_7_0048,7호선,고속터미널,move_path,paren,0,B2,B5,3,down,EV,엘리베이터,9호선 사평 방면 엘리베이터
S1_7_0048,7호선,고속터미널,move_path,paren,0,B2,B4,2,down,EV,엘리베이터,9호선 환승 엘리베이터
S1_7_0048,7호선,고속터미널,move_path,paren,0,B4,B5,1,down,EV,엘리베이터,9호선 신반포 방면 엘리베이터
S1_7_0048,7호선,고속터미널,facility_span,,1,1F,B2,2,down,EV,엘리베이터,[2호기]4번출입구
S1_7_0048,7호선,고속터미널,facility_span,,1,B2,B3,1,down,EV,엘리베이터,[3호기]내방방면6-2
S1_7_0048,7호선,고속터미널,facility_span,,1,B2,B3,1,down,EV,엘리베이터,[1호기]반포방면3-3
S1_7_0112,7호선,내방,move_path,paren,1,1F,B1,1,down,EV,엘리베이터,3번 출입구 옆 엘리베이터
S1_7_0112,7호선,내방,move_path,paren,1,B1,B2,1,down,EV,엘리베이터,대합실 방향 엘리베이터
S1_7_0112,7호선,내방,move_path,paren,1,B2,B3,1,down,EV,엘리베이터,고속터미널 방면 엘리베이터
S1_7_0112,7호선,내방,move_path,paren,1,B2,B3,1,down,EV,엘리베이터,이수 방면 엘리베이터
S1_7_0112,7호선,내방,move_path,paren,1,1F,B1,1,down,EV,엘리베이터,5번 출입구 옆 엘리베이터
S1_7_0112,7호선,내방,facility_span,,1,1F,B1,1,down,EV,엘리베이터,[5호기]5번출구측
S1_7_0112,7호선,내방,facility_span,,1,1F,B1,1,down,EV,엘리베이터,[4호기]3번출구측
S1_7_0112,7호선,내방,facility_span,,1,B1,B2,1,down,EV,엘리베이터,[3호기]대합실(고객상담실앞)
S1_7_0112,7호선,내방,facility_span,,1,B2,B3,1,down,EV,엘리베이터,[1호기]고속터미널방면5-2
S1_7_0112,7호선,내방,facility_span,,1,B2,B3,1,down,EV,엘리베이터,[2호기]이수방면4-2
S1_7_0560,7호선,총신대입구,move_path,paren,1,1F,B3,3,down,EV,엘리베이터,11번 출입구 옆 엘리베이터
S1_7_0560,7호선,총신대입구,move_path,paren,1,B3,B4,1,down,EV,엘리베이터,내방 방면 엘리베이터
S1_7_0560,7호선,총신대입구,move_path,paren,1,B3,B4,1,down,EV,엘리베이터,남성 방면 엘리베이터
S1_7_0560,7호선,총신대입구,move_path,paren,1,B4,B3,1,up,EV,엘리베이터,대합실 방향 엘리베이터
S1_7_0560,7호선,총신대입구,move_path,,,B4,B4,0,same,PASSAGE,환승통로,4호선 방향 환승통로로 이동
S1_7_0560,7호선,총신대입구,move_path,paren,0,B4,B2,2,up,WCLF,휠체어리프트,4호선 동작 방면 휠체어리프트
S1_7_0560,7호선,총신대입구,move_path,paren,0,B4,B2,2,up,WCLF,휠체어리프트,4호선 사당 방면 휠체어리프트
S1_7_0560,7호선,총신대입구,facility_span,,1,1F,B3,3,down,EV,엘리베이터,[3호기]11번출구측
S1_7_0560,7호선,총신대입구,facility_span,,1,B1,B2,1,down,EV,엘리베이터,[3호기](F1-B3) (B3)대합실 (1F)11번출입구옆
S1_7_0560,7호선,총신대입구,facility_span,,1,B3,B4,1,down,EV,엘리베이터,[1호기]내방방면4-2
S1_7_0560,7호선,총신대입구,facility_span,,1,B3,B4,1,down,EV,엘리베이터,[2호기]남성방면5-3
S1_7_0107,7호선,남성,move_path,paren,1,1F,B2,2,down,EV,엘리베이터,3번 출입구 옆 엘리베이터
S1_7_0107,7호선,남성,move_path,paren,1,B2,B3,1,down,EV,엘리베이터,이수 방면 엘리베이터
S1_7_0107,7호선,남성,move_path,paren,1,B2,B3,1,down,EV,엘리베이터,숭실대입구 방면 엘리베이터
S1_7_0107,7호선,남성,move_path,paren,1,1F,B2,2,down,EV,엘리베이터,2번 출입구 옆 엘리베이터 또는 3번 출입구 옆 엘리베이터
S1_7_0107,7호선,남성,move_path,paren,1,B2,B3,1,down,EV,엘리베이터,이수역 방면 엘리베이터
S1_7_0107,7호선,남성,move_path,paren,1,B2,B3,1,down,EV,엘리베이터,숭실대입구역 방면 엘리베이터
S1_7_0107,7호선,남성,facility_span,,1,1F,B2,2,down,EV,엘리베이터,[4호기]2번출구측
S1_7_0107,7호선,남성,facility_span,,1,1F,B2,2,down,EV,엘리베이터,[3호기]3번출구측
S1_7_0107,7호선,남성,facility_span,,1,B1,B2,1,down,EV,엘리베이터,[4호기](B3-F1)2번 출입구
S1_7_0107,7호선,남성,facility_span,,1,B2,B3,1,down,EV,엘리베이터,[1호기]이수방면6-2
S1_7_0107,7호선,남성,facility_span,,1,B2,B3,1,down,EV,엘리베이터,[2호기]숭실대입구방면3-3
S1_7_0344,7호선,숭실대입구,move_path,paren,1,1F,B2,2,down,EV,엘리베이터,2번 출입구 옆 엘리베이터
S1_7_0344,7호선,숭실대입구,move_path,paren,1,B2,B6,4,down,EV,엘리베이터,남성 방면 엘리베이터
S1_7_0344,7호선,숭실대입구,move_path,paren,1,B2,B6,4,down,EV,엘리베이터,상도 방면 엘리베이터
S1_7_0344,7호선,숭실대입구,move_path,paren,1,1F,B2,2,down,EV,엘리베이터,3번 출입구 옆 엘리베이터
S1_7_0344,7호선,숭실대입구,facility_span,,1,1F,B2,2,down,EV,엘리베이터,[4호기]3번출구측
S1_7_0344,7호선,숭실대입구,facility_span,,1,1F,B2,2,down,EV,엘리베이터,[3호기]2번출구측
S1_7_0344,7호선,숭실대입구,facility_span,,1,B1,B2,1,down,EV,엘리베이터,[4호기](B2-1F) (B2)개찰구옆 통로 (1F)3번출입구방향 계단 앞
S1_7_0344,7호선,숭실대입구,facility_span,,1,B2,B6,4,down,EV,엘리베이터,[2호기]상도방면3-3
S1_7_0344,7호선,숭실대입구,facility_span,,1,B2,B6,4,down,EV,엘리베이터,[1호기]남성방면6-1
S1_7_0344,7호선,숭실대입구,facility_span,,1,B3,B4,1,down,EV,엘리베이터,[1호기](B2-B6) 승강장
S1_7_0344,7호선,숭실대입구,facility_span,,1,B4,B5,1,down,EV,엘리베이터,[1호기](B2-B6) 승강장
S1_7_0344,7호선,숭실대입구,facility_span,,1,B3,B4,1,down,EV,엘리베이터,[2호기](B2-B6) 승강장
S1_7_0344,7호선,숭실대입구,facility_span,,1,B4,B5,1,down,EV,엘리베이터,[2호기](B2-B6) 승강장
S1_7_0273,7호선,상도,move_path,paren,1,1F,B2,2,down,EV,엘리베이터,5번 출입구 옆 엘리베이터
S1_7_0273,7호선,상도,move_path,paren,1,B2,B3,1,down,EV,엘리베이터,숭실대입구 방면 엘리베이터
S1_7_0273,7호선,상도,move_path,paren,1,B2,B3,1,down,EV,엘리베이터,장승배기 방면 엘리베이터
S1_7_0273,7호선,상도,facility_span,,1,1F,B2,2,down,EV,엘리베이터,[3호기]5번출구측
S1_7_0273,7호선,상도,facility_span,,1,B2,B3,1,down,EV,엘리베이터,[2호기]장승배기방면4-4
S1_7_0273,7호선,상도,facility_span,,1,B2,B3,1,down,EV,엘리베이터,[1호기]숭실대입구방면4-4
S1_7_0502,7호선,장승배기,move_path,paren,1,1F,B2,2,down,EV,엘리베이터,2번 출입구 옆 엘리베이터
S1_7_0502,7호선,장승배기,move_path,paren,1,B2,B3,1,down,EV,엘리베이터,상도 방면 엘리베이터
S1_7_0502,7호선,장승배기,move_path,paren,1,B2,B3,1,down,EV,엘리베이터,신대방삼거리 방면 엘리베이터
S1_7_0502,7호선,장승배기,facility_span,,1,1F,B2,2,down,EV,엘리베이터,[3호기]2번출구측
S1_7_0502,7호선,장승배기,facility_span,,1,B2,B3,1,down,EV,엘리베이터,[2호기]신대방삼거리방면4-4
S1_7_0502,7호선,장승배기,facility_span,,1,B2,B3,1,down,EV,엘리베이터,[1호기]상도방면4-4
S1_7_0358,7호선,신대방삼거리,move_path,paren,1,1F,B1,1,down,EV,엘리베이터,2번 출입구 옆 엘리베이터
S1_7_0358,7호선,신대방삼거리,move_path,paren,1,B1,B2,1,down,EV,엘리베이터,엘리베이터
S1_7_0358,7호선,신대방삼거리,move_path,paren,1,B2,B3,1,down,EV,엘리베이터,장승배기 방면 엘리베이터
S1_7_0358,7호선,신대방삼거리,move_path,paren,1,B2,B3,1,down,EV,엘리베이터,보라매 방면 엘리베이터
S1_7_0358,7호선,신대방삼거리,facility_span,,1,1F,B1,1,down,EV,엘리베이터,[4호기]3번출구측
S1_7_0358,7호선,신대방삼거리,facility_span,,1,B1,B2,1,down,EV,엘리베이터,[3호기]대합실(고객상담실옆)
S1_7_0358,7호선,신대방삼거리,facility_span,,1,B2,B3,1,down,EV,엘리베이터,[2호기]보라매방면4-4
S1_7_0358,7호선,신대방삼거리,facility_span,,1,B2,B3,1,down,EV,엘리베이터,[1호기]장승배기방면4-4
S1_7_0232,7호선,보라매,move_path,paren,1,1F,B1,1,down,EV,엘리베이터,6번 출입구 옆 엘리베이터
S1_7_0232,7호선,보라매,move_path,paren,1,B1,B2,1,down,EV,엘리베이터,승강장 방향 엘리베이터
S1_7_0232,7호선,보라매,move_path,paren,1,B2,B1,1,up,EV,엘리베이터,대합실 방향 엘리베이터
S1_7_0232,7호선,보라매,move_path,paren,0,B1,B3,2,down,EV,엘리베이터,신림선 서울지방병무청 방면 엘리베이터
S1_7_0232,7호선,보라매,move_path,paren,0,B1,B3,2,down,EV,엘리베이터,신림선 보라매공원 방면 엘리베이터
S1_7_0232,7호선,보라매,facility_span,,1,1F,B1,1,down,EV,엘리베이터,[2호기]6번출구측
S1_7_0232,7호선,보라매,facility_span,,1,B1,B2,1,down,EV,엘리베이터,"[1호기]신풍방면5-1,신대방삼거리방면4-4"
S1_7_0378,7호선,신풍,move_path,paren,1,1F,B1,1,down,EV,엘리베이터,4번 출입구 옆 엘리베이터
S1_7_0378,7호선,신풍,move_path,paren,1,B1,B2,1,down,EV,엘리베이터,보라매 방면 엘리베이터
S1_7_0378,7호선,신풍,move_path,paren,1,B1,B2,1,down,EV,엘리베이터,대림 방면 엘리베이터
S1_7_0378,7호선,신풍,move_path,paren,1,1F,B1,1,down,EV,엘리베이터,5번 출입구 옆 엘리베이터
S1_7_0378,7호선,신풍,facility_span,,1,1F,B1,1,down,EV,엘리베이터,[4호기]5번출구측
S1_7_0378,7호선,신풍,facility_span,,1,1F,B1,1,down,EV,엘리베이터,[3호기]4번출구측
S1_7_0378,7호선,신풍,facility_span,,1,B1,B2,1,down,EV,엘리베이터,[2호기]대림방면4-1
S1_7_0378,7호선,신풍,facility_span,,1,B1,B2,1,down,EV,엘리베이터,[1호기]보라매방면5-4
S1_7_0130,7호선,대림,move_path,paren,1,1F,B1,1,down,EV,엘리베이터,10번 출입구 옆 엘리베이터
S1_7_0130,7호선,대림,move_path,paren,1,B1,B2,1,down,EV,엘리베이터,신풍 방면 엘리베이터
S1_7_0130,7호선,대림,move_path,paren,1,B1,B2,1,down,EV,엘리베이터,남구로 방면 엘리베이터
S1_7_0130,7호선,대림,move_path,paren,1,B2,B1,1,up,EV,엘리베이터,대합실 방향 엘리베이터
S1_7_0130,7호선,대림,move_path,,,B1,B1,0,same,PASSAGE,환승통로,2호선 방향 환승통로로 이동
S1_7_0130,7호선,대림,move_path,paren,0,B1,2F,2,up,WCLF,휠체어리프트,2호선 대합실 방향 휠체어리프트
S1_7_0130,7호선,대림,move_path,,,2F,2F,0,same,PASSAGE,환승통로,2호선 환승통로로 이동
S1_7_0130,7호선,대림,move_path,paren,0,2F,3F,1,up,EV,엘리베이터,2호선 구로디지털단지 방면 엘리베이터
S1_7_0130,7호선,대림,move_path,paren,0,2F,3F,1,up,EV,엘리베이터,2호선 신도림 방면 엘리베이터
S1_7_0130,7호선,대림,facility_span,,1,1F,B1,1,down,EV,엘리베이터,[3호기]10번출구측
S1_7_0130,7호선,대림,facility_span,,1,B1,B2,1,down,EV,엘리베이터,[2호기]남구로방면4-4
S1_7_0130,7호선,대림,facility_span,,1,B1,B2,1,down,EV,엘리베이터,[1호기]신풍방면5-1
S1_7_0103,7호선,남구로,move_path,paren,1,1F,B1,1,down,WCLF,휠체어리프트,4번 출입구 휠체어리프트
S1_7_0103,7호선,남구로,move_path,paren,1,B1,B2,1,down,WCLF,휠체어리프트,휠체어리프트
S1_7_0103,7호선,남구로,move_path,paren,1,B2,B4,2,down,WCLF,휠체어리프트,휠체어리프트
S1_7_0103,7호선,남구로,move_path,paren,0,B4,B5,1,down,WCLF,휠체어리프트,대림 방면 휠체어리프트
S1_7_0103,7호선,남구로,move_path,paren,0,B4,B5,1,down,WCLF,휠체어리프트,가산디지털단지 방면 휠체어리프트
S1_7_0103,7호선,남구로,facility_span,,1,5F,B2,6,down,EV,엘리베이터,[1호기]석남방면(8-2)
S1_7_0103,7호선,남구로,facility_span,,1,5F,B2,6,down,EV,엘리베이터,[2호기]장암방면(1-4)
S1_7_0103,7호선,남구로,facility_span,,1,1F,B1,1,down,EV,엘리베이터,[3호기]외부
S1_7_0103,7호선,남구로,facility_span,,1,B1,B2,1,down,WCLF,휠체어리프트,대합실(2~5번출구 방면)
S1_7_0103,7호선,남구로,facility_span,,1,B2,B4,2,down,WCLF,휠체어리프트,대합실(2~5번출구 방면)
S1_7_0004,7호선,가산디지털단지,move_path,paren,1,1F,B1,1,down,EV,엘리베이터,9번 출입구 옆 엘리베이터
S1_7_0004,7호선,가산디지털단지,move_path,paren,1,B1,B2,1,down,EV,엘리베이터,엘리베이터
S1_7_0004,7호선,가산디지털단지,move_path,paren,1,B2,B4,2,down,EV,엘리베이터,남구로 방면 엘리베이터
S1_7_0004,7호선,가산디지털단지,move_path,paren,1,B2,B4,2,down,EV,엘리베이터,철산 방면 엘리베이터
S1_7_0004,7호선,가산디지털단지,move_path,paren,1,B4,B2,2,up,EV,엘리베이터,대합실 방향 엘리베이터
S1_7_0004,7호선,가산디지털단지,move_path,paren,1,B2,B1,1,up,EV,엘리베이터,대합실 방향 엘리베이터
S1_7_0004,7호선,가산디지털단지,move_path,paren,1,B1,1F,1,up,WCLF,휠체어리프트,1호선 구로 방면 휠체어리프트
S1_7_0004,7호선,가산디지털단지,move_path,paren,1,B1,1F,1,up,WCLF,휠체어리프트,1호선 독산 방면 휠체어리프트
S1_7_0004,7호선,가산디지털단지,facility_span,,1,1F,B1,1,down,EV,엘리베이터,[4호기]6번출구측
S1_7_0004,7호선,가산디지털단지,facility_span,,1,B1,B2,1,down,EV,엘리베이터,[3호기]대합실(지하2층)
S1_7_0004,7호선,가산디지털단지,facility_span,,1,B2,B4,2,down,EV,엘리베이터,[1호기]대림방면5-4
S1_7_0004,7호선,가산디지털단지,facility_span,,1,B2,B4,2,down,EV,엘리베이터,[2호기]철산방면4-1
S1_7_0547,7호선,철산,move_path,paren,1,1F,B1,1,down,EV,엘리베이터,1번 출입구 옆 엘리베이터
S1_7_0547,7호선,철산,move_path,paren,1,B1,B2,1,down,EV,엘리베이터,가산디지털단지 방면 엘리베이터
S1_7_0547,7호선,철산,move_path,paren,1,B1,B2,1,down,EV,엘리베이터,광명사거리 방면 엘리베이터
S1_7_0547,7호선,철산,move_path,paren,1,1F,B1,1,down,EV,엘리베이터,4번 출입구 옆 엘리베이터
S1_7_0547,7호선,철산,facility_span,,1,1F,B1,1,down,EV,엘리베이터,[4호기]4번출구측
S1_7_0547,7호선,철산,facility_span,,1,1F,B1,1,down,EV,엘리베이터,[3호기]1번출구측
S1_7_0547,7호선,철산,facility_span,,1,B1,B2,1,down,EV,엘리베이터,[2호기]광명사거리방면4-4
S1_7_0547,7호선,철산,facility_span,,1,B1,B2,1,down,EV,엘리베이터,[1호기]가산디지털단지방면5-1
S1_7_0064,7호선,광명사거리,move_path,paren,1,1F,B2,2,down,EV,엘리베이터,2번 출입구 옆 엘리베이터
S1_7_0064,7호선,광명사거리,move_path,paren,1,B2,B3,1,down,EV,엘리베이터,철산 방면 엘리베이터
S1_7_0064,7호선,광명사거리,move_path,paren,1,B2,B3,1,down,EV,엘리베이터,천왕 방면 엘리베이터
S1_7_0064,7호선,광명사거리,facility_span,,1,1F,B2,2,down,EV,엘리베이터,[2호기]2번출구측
S1_7_0064,7호선,광명사거리,facility_span,,1,B2,B3,1,down,EV,엘리베이터,[3호기]철산방면1-1
S1_7_0064,7호선,광명사거리,facility_span,,1,B2,B3,1,down,EV,엘리베이터,[1호기]천왕방면2-1
S1_7_0545,7호선,천왕,move_path,paren,1,1F,B1,1,down,EV,엘리베이터,2번 출입구 옆 엘리베이터
S1_7_0545,7호선,천왕,move_path,paren,1,B1,B2,1,down,EV,엘리베이터,광명사거리 방면 엘리베이터
S1_7_0545,7호선,천왕,move_path,paren,1,B1,B2,1,down,EV,엘리베이터,온수 방면 엘리베이터
S1_7_0545,7호선,천왕,move_path,paren,1,1F,B1,1,down,EV,엘리베이터,3번 출입구 옆 엘리베이터
S1_7_0545,7호선,천왕,facility_span,,1,1F,B1,1,down,EV,엘리베이터,[4호기]2번출구측
S1_7_0545,7호선,천왕,facility_span,,1,1F,B1,1,down,EV,엘리베이터,[3호기]3번출구측
S1_7_0545,7호선,천왕,facility_span,,1,B1,B2,1,down,EV,엘리베이터,[2호기]온수방면4-4
S1_7_0545,7호선,천왕,facility_span,,1,B1,B2,1,down,EV,엘리베이터,[1호기]광명사거리방면5-1
S1_7_0435,7호선,온수,move_path,paren,1,1F,B1,1,down,EV,엘리베이터,2번 출입구 옆 엘리베이터
S1_7_0435,7호선,온수,move_path,paren,1,B1,B2,1,down,EV,엘리베이터,천왕 방면 엘리베이터
S1_7_0435,7호선,온수,move_path,paren,1,B1,B2,1,down,EV,엘리베이터,까치울 방면 엘리베이터
S1_7_0435,7호선,온수,move_path,paren,1,B2,B1,1,up,WCLF,휠체어리프트,1호선 환승통로 방향 휠체어리프트
S1_7_0435,7호선,온수,move_path,,,B1,B1,0,same,PASSAGE,환승통로,환승통로로 이동
S1_7_0435,7호선,온수,move_path,paren,1,B1,1F,1,up,WCLF,휠체어리프트,1호선 오류동 방면 휠체어리프트
S1_7_0435,7호선,온수,move_path,paren,1,B1,1F,1,up,WCLF,휠체어리프트,1호선 역곡 방면 휠체어리프트
S1_7_0435,7호선,온수,facility_span,,1,1F,B1,1,down,EV,엘리베이터,[3호기]2번출구측
S1_7_0435,7호선,온수,facility_span,,1,B1,B2,1,down,EV,엘리베이터,[2호기]까치울방면5-1
S1_7_0435,7호선,온수,facility_span,,1,B1,B2,1,down,EV,엘리베이터,[1호기]천왕방면4-4
IC_7_0101,7호선,까치울,move_path,paren,1,1F,B1,1,down,EV,엘리베이터,4번 출입구 옆 엘리베이터
IC_7_0101,7호선,까치울,move_path,paren,1,B1,B2,1,down,EV,엘리베이터,승강장 방향 엘리베이터
IC_7_0101,7호선,까치울,facility_span,,1,1F,B1,1,down,EV,엘리베이터,[2호기](1F)3번/4번출입구옆(B1)3번/4번출입구옆
IC_7_0101,7호선,까치울,facility_span,,1,B1,B2,1,down,EV,엘리베이터,"[1호기](B1)화장실옆,2번출입구방향(B2)온수방향승강장3-1출입문앞"
IC_7_0248,7호선,부천종합운동장,move_path,paren,1,1F,B1,1,down,EV,엘리베이터,2번 출입구 옆 엘리베이터
IC_7_0248,7호선,부천종합운동장,move_path,paren,1,B1,B2,1,down,EV,엘리베이터,승강장 방향 엘리베이터
IC_7_0248,7호선,부천종합운동장,move_path,paren,1,1F,B1,1,down,EV,엘리베이터,4번 출입구 옆 엘리베이터
IC_7_0248,7호선,부천종합운동장,facility_span,,1,2F,0F,1,down,EV,엘리베이터,[4호기]직원용
IC_7_0248,7호선,부천종합운동장,facility_span,,1,1F,B1,1,down,EV,엘리베이터,"[3호기](1F)4,5번출입구사이(B1)4번출입구방향대합실"
IC_7_0248,7호선,부천종합운동장,facility_span,,1,1F,B1,1,down,EV,엘리베이터,[2호기](1F)1번/2번출입구사이(B1)2번출입구방향대합실
IC_7_0248,7호선,부천종합운동장,facility_span,,1,B1,B2,1,down,EV,엘리베이터,"[1호기](B1)고객안전센터앞대합실(B2)까치울역방향승강장5-3,춘의역방향승강장4-2출입문앞"
IC_7_0561,7호선,춘의,move_path,paren,1,1F,B1,1,down,EV,엘리베이터,3번 출입구 옆 엘리베이터
IC_7_0561,7호선,춘의,move_path,paren,1,B1,B2,1,down,EV,엘리베이터,승강장 방향 엘리베이터
IC_7_0561,7호선,춘의,move_path,paren,1,1F,B1,1,down,EV,엘리베이터,7번 출입구 옆 엘리베이터
IC_7_0561,7호선,춘의,facility_span,,1,1F,B1,1,down,EV,엘리베이터,[3호기](B1)대합실7번/8번출입구(1F)3번/4번출입구사이
IC_7_0561,7호선,춘의,facility_span,,1,1F,B1,1,down,EV,엘리베이터,[2호기](B1)대합실3번/4번출입구(1F)3번/4번출입구사이
IC_7_0561,7호선,춘의,facility_span,,1,B1,B2,1,down,EV,엘리베이터,"[1호기](B2)부천종합운동장역방향5-1,신중동방향4-4(B1)고객안내센터앞대합실"
IC_7_0374,7호선,신중동,move_path,paren,1,1F,B1,1,down,EV,엘리베이터,1번 출입구 옆 엘리베이터
IC_7_0374,7호선,신중동,move_path,paren,1,B1,B2,1,down,EV,엘리베이터,승강장 방향 엘리베이터
IC_7_0374,7호선,신중동,move_path,paren,1,1F,B1,1,down,EV,엘리베이터,3번 출입구 옆 엘리베이터
IC_7_0374,7호선,신중동,move_path,paren,1,1F,B1,1,down,EV,엘리베이터,7번 출입구 옆 엘리베이터
IC_7_0374,7호선,신중동,facility_span,,1,1F,B1,1,down,EV,엘리베이터,[2호기](B1)대합실1번/2번출입구(1F)1번/2번출입구사이
IC_7_0374,7호선,신중동,facility_span,,1,1F,B1,1,down,EV,엘리베이터,[4호기](B1)대합실3번출입구(1F)3번출입구인근
IC_7_0374,7호선,신중동,facility_span,,1,1F,B1,1,down,EV,엘리베이터,[3호기](B1)대합실7번출입구(1F)7번출입구사이
IC_7_0374,7호선,신중동,facility_span,,1,B1,B2,1,down,EV,엘리베이터,"[1호기](B2)춘의역방향승강장4-1,부천시청역방향승강장5-3의사이의중앙(B1)표내는곳내대합실중앙"
IC_7_0247,7호선,부천시청,move_path,paren,1,1F,B1,1,down,EV,엘리베이터,1번 출입구 옆 엘리베이터
IC_7_0247,7호선,부천시청,move_path,paren,1,B1,B2,1,down,EV,엘리베이터,승강장 방향 엘리베이터
IC_7_0247,7호선,부천시청,move_path,paren,1,1F,B1,1,down,EV,엘리베이터,4번 출입구 옆 엘리베이터
IC_7_0247,7호선,부천시청,facility_span,,1,1F,B1,1,down,EV,엘리베이터,[3호기](B1)4번/5번출입구근처대합실(1F)4번/5번출입구근처
IC_7_0247,7호선,부천시청,facility_span,,1,1F,B1,1,down,EV,엘리베이터,[2호기](B1)1번/2번출입구근처대합실(1F)1번/2번출입구근처
IC_7_0247,7호선,부천시청,facility_span,,1,B1,B2,1,down,EV,엘리베이터,[1호기](B2)신중동역방향승강장4-4출입문앞(B1)표내는곳내계단옆(신중동방향)
IC_7_0274,7호선,상동,move_path,paren,1,1F,B1,1,down,EV,엘리베이터,2번 출입구 옆 엘리베이터
IC_7_0274,7호선,상동,move_path,paren,1,B1,B2,1,down,EV,엘리베이터,부천시청 방면 엘리베이터
IC_7_0274,7호선,상동,move_path,paren,1,B1,B2,1,down,EV,엘리베이터,삼산체육관 방면 엘리베이터
IC_7_0274,7호선,상동,move_path,paren,1,1F,B1,1,down,EV,엘리베이터,5번 출입구 옆 엘리베이터
IC_7_0274,7호선,상동,facility_span,,1,1F,B1,1,down,EV,엘리베이터,[4호기](B1)대합실5번/6번출입구사이(상상정거장옆)(1F)5번/6번출입구사이
IC_7_0274,7호선,상동,facility_span,,1,1F,B1,1,down,EV,엘리베이터,[3호기](B1)대합실1번/2번출입구사이(GS편의점옆)(1F)1번/2번출입구사이
IC_7_0274,7호선,상동,facility_span,,1,B1,B2,1,down,EV,엘리베이터,[2호기](B2)승강장하선5-1출입문앞(B1)대합실표내는곳근처
IC_7_0274,7호선,상동,facility_span,,1,B1,B2,1,down,EV,엘리베이터,[1호기](B2)승강장상선4-4출입문앞(B1)대합실표내는곳근처
IC_7_0265,7호선,삼산체육관,move_path,paren,1,1F,B1,1,down,EV,엘리베이터,2번 출입구 옆 엘리베이터
IC_7_0265,7호선,삼산체육관,move_path,paren,1,B1,B2,1,down,EV,엘리베이터,상동 방면 엘리베이터
IC_7_0265,7호선,삼산체육관,move_path,paren,1,B1,B2,1,down,EV,엘리베이터,굴포천 방면 엘리베이터
IC_7_0265,7호선,삼산체육관,move_path,paren,1,1F,B1,1,down,EV,엘리베이터,3번 출입구 옆 엘리베이터
IC_7_0265,7호선,삼산체육관,facility_span,,1,1F,B1,1,down,EV,엘리베이터,[4호기](B1)대합실3번출입구(1F)자전거보관구역근처
IC_7_0265,7호선,삼산체육관,facility_span,,1,1F,B1,1,down,EV,엘리베이터,[3호기](B1)대합실1번/2번출입구사이(1F)공원입구근처
IC_7_0265,7호선,삼산체육관,facility_span,,1,B1,B2,1,down,EV,엘리베이터,[2호기](B2)승강장하선5-3출입문앞(B1)대합실표내는곳근처
IC_7_0265,7호선,삼산체육관,facility_span,,1,B1,B2,1,down,EV,엘리베이터,[1호기](B2)승강장상선4-2출입문앞(B1)대합실표내는곳근처
IC_7_0085,7호선,굴포천,move_path,paren,1,1F,B1,1,down,EV,엘리베이터,3번 출입구 옆 엘리베이터
IC_7_0085,7호선,굴포천,move_path,paren,1,B1,B2,1,down,EV,엘리베이터,삼산체육관 방면 엘리베이터
IC_7_0085,7호선,굴포천,move_path,paren,1,B1,B2,1,down,EV,엘리베이터,부평구청 방면 엘리베이터
IC_7_0085,7호선,굴포천,move_path,paren,1,1F,B1,1,down,EV,엘리베이터,5번 출입구 옆 엘리베이터
IC_7_0085,7호선,굴포천,facility_span,,1,1F,B1,1,down,EV,엘리베이터,[4호기](B1)5번/6번출입구근처대합실(1F)5번/6번출입구근처
IC_7_0085,7호선,굴포천,facility_span,,1,1F,B1,1,down,EV,엘리베이터,[3호기](B1)3번/4번출입구근처대합실(1F)3번출입구근처
IC_7_0085,7호선,굴포천,facility_span,,1,B1,B2,1,down,EV,엘리베이터,[2호기](B2)부평구청역방향승강장5-1출입문앞(B1)표내는곳내계단옆(부평구청역방향)
IC_7_0085,7호선,굴포천,facility_span,,1,B1,B2,1,down,EV,엘리베이터,[1호기](B2)삼산체육관역방향승강장4-4출입문앞(B1)표내는곳내계단옆(삼산체육관역방향)
IC_7_0250,7호선,부평구청,move_path,paren,1,1F,B1,1,down,EV,엘리베이터,3번 출입구 옆 엘리베이터
IC_7_0250,7호선,부평구청,move_path,paren,1,B1,B2,1,down,EV,엘리베이터,엘리베이터
IC_7_0250,7호선,부평구청,move_path,paren,1,B2,B3,1,down,EV,엘리베이터,굴포천 방면 엘리베이터
IC_7_0250,7호선,부평구청,move_path,paren,1,B1,B3,2,down,EV,엘리베이터,엘리베이터
IC_7_0250,7호선,부평구청,move_path,paren,1,1F,B1,1,down,EV,엘리베이터,5번 출입구 옆 엘리베이터
IC_7_0250,7호선,부평구청,move_path,paren,1,B3,B2,1,up,EV,엘리베이터,대합실 방향 엘리베이터
IC_7_0250,7호선,부평구청,move_path,paren,1,B3,B2,1,up,EV,엘리베이터,인천1호선 부평시장 방면 환승통로 방향 엘리베이터
IC_7_0250,7호선,부평구청,move_path,,,B2,B2,0,same,PASSAGE,환승통로,환승통로로 이동
IC_7_0250,7호선,부평구청,facility_span,,1,1F,B1,1,down,EV,엘리베이터,"[7호기](B1)4,5번출입구방향대합실(1F)4,5번출입구사이엘리베이터"
IC_7_0250,7호선,부평구청,facility_span,,1,1F,B1,1,down,EV,엘리베이터,[9호기]직원용
IC_7_0250,7호선,부평구청,facility_span,,1,B1,B2,1,down,EV,엘리베이터,[9호기]직원용
IC_7_0250,7호선,부평구청,facility_span,,1,B2,B3,1,down,EV,엘리베이터,[9호기]직원용
IC_7_0250,7호선,부평구청,facility_span,,1,B3,B4,1,down,EV,엘리베이터,[9호기]직원용
IC_7_0250,7호선,부평구청,facility_span,,1,1F,B1,1,down,EV,엘리베이터,[8호기](B1)3번출입구방향계단옆엘리베이터(1F)3번출입구옆엘리베이터
IC_7_0250,7호선,부평구청,facility_span,,1,B1,B2,1,down,EV,엘리베이터,[6호기](B2)1호선(부평시장역방향)<->7호선환승통로엘리베이터(B1)1호선부평시장역방향방범셔터앞엘리베이터
IC_7_0250,7호선,부평구청,facility_span,,1,B1,B3,2,down,EV,엘리베이터,[2호기](B3)산곡역방향5-4출입문앞(B1)표내는곳안쪽남자화장실옆엘리베이터
IC_7_0250,7호선,부평구청,facility_span,,1,B1,B2,1,down,EV,엘리베이터,[5호기](B2)1호선(갈산역방향)<->7호선환승통로계단옆엘리베이터(BM1)1호선갈산역방향후미부계단옆엘리베이터
IC_7_0250,7호선,부평구청,facility_span,,1,B2,B3,1,down,EV,엘리베이터,[4호기](B3)산곡역방향1-1출입문앞(B2)1호선(부평시장역방향)<->7호선(산곡역방향)환승통로엘리베이터
IC_7_0250,7호선,부평구청,facility_span,,1,B2,B3,1,down,EV,엘리베이터,[1호기](B3)1호선(갈산역방향)<->7호선(굴포천역방향)환승통로앞쪽(B2)굴포천역방향4-1출입문앞
IC_7_0250,7호선,부평구청,facility_span,,1,B2,B3,1,down,EV,엘리베이터,[3호기](B3)굴포천역방향8-4출입문앞(B2)1호선(부평시장역방향)<->7호선(굴포천역방향)환승통로엘리베이터
IC_7_1352,7호선,산곡,move_path,paren,1,1F,B1,1,down,EV,엘리베이터,"3,4번 출입구 옆 엘리베이터"
IC_7_1352,7호선,산곡,move_path,paren,1,B1,B2,1,down,EV,엘리베이터,부평구청 승강장 방향 엘리베이터
IC_7_1352,7호선,산곡,move_path,paren,1,B1,B2,1,down,EV,엘리베이터,석남 승강장 방향 엘리베이터
IC_7_1352,7호선,산곡,move_path,paren,1,1F,B1,1,down,EV,엘리베이터,7번 출입구 옆 엘리베이터
IC_7_1352,7호선,산곡,facility_span,,1,1F,B1,1,down,EV,엘리베이터,"[4호기](B1)7번출입구방향엘리베이터(1F)1번,7번출입구사이엘리베이터"
IC_7_1352,7호선,산곡,facility_span,,1,1F,B1,1,down,EV,엘리베이터,"[3호기](B1)3번출입구방향오른쪽엘리베이터(1F)3번,4번출입구사이엘리베이터"
IC_7_1352,7호선,산곡,facility_span,,1,B1,B2,1,down,EV,엘리베이터,[2호기](B1)7호선석남역방향4-4출입문앞(1F)7호선석남역방향대합실중간엘리베이터
IC_7_1352,7호선,산곡,facility_span,,1,B1,B2,1,down,EV,엘리베이터,[1호기](B1)7호선부평구청역방향4-4출입문앞(1F)7호선부평구청역방향대합실중간엘리베이터
IC_7_0301,7호선,석남,move_path,paren,0,1F,B4,4,down,EV,엘리베이터,5번 출입구 뒤 엘리베이터
IC_7_0301,7호선,석남,move_path,paren,1,B4,B5,1,down,EV,엘리베이터,승강장 방향 엘리베이터
IC_7_0301,7호선,석남,facility_span,,1,1F,B1,1,down,EV,엘리베이터,[10호기](B1)2번/3번출입구왼쪽방향엘리베이터(1F)2번출입구뒷편고가도로밑(2호선3번출입구뒷편)
IC_7_0301,7호선,석남,facility_span,,1,1F,B1,1,down,EV,엘리베이터,[9호기](B1)4번/7번출입구오른방향안쪽엘리베이터(1F)7번출입구뒷편고가도로밑(2호선8번출입구앞)
IC_7_0301,7호선,석남,facility_span,,1,B1,B4,3,down,EV,엘리베이터,"[6호기](B4)6번출입구방향에스컬레이터11,12호기옆(1F)6번출입구뒷편고가도로옆엘리베이터"
IC_7_0301,7호선,석남,facility_span,,1,B1,B4,3,down,EV,엘리베이터,"[5호기](B4)5번출입구방향에스컬레이터9,10호기옆(1F)5번출입구뒷편고가도로옆엘리베이터"
IC_7_0301,7호선,석남,facility_span,,1,B1,B3,2,down,EV,엘리베이터,[7호기](B3)2호선서부여성회관역방향환승통로안쪽엘리베이터(B1)1번/4번/7번출입구방향표내는곳옆
IC_7_0301,7호선,석남,facility_span,,1,B2,B3,1,down,EV,엘리베이터,"[6호기](B4) 6번 출입구 방향 에스컬레이터 11,12호기 옆
(1F) 6번 출입구 뒷편 고가도로 옆 엘리베이터"
IC_7_0301,7호선,석남,facility_span,,1,B2,B3,1,down,EV,엘리베이터,"[5호기](B4) 5번 출입구 방향 에스컬레이터 9,10호기 옆
(1F) 5번 출입구 뒷편 고가도로 옆 엘리베이터"
IC_7_0301,7호선,석남,facility_span,,1,B2,B3,1,down,EV,엘리베이터,[8호기](B3)2호선가정중앙시장역방향환승통로안쪽엘리베이터(B2)2호선<->7호선환승통로
IC_7_0301,7호선,석남,facility_span,,1,B2,B4,2,down,EV,엘리베이터,[11호기](B4)2호선<->7호선환승통로(B2)2호선<->7호선환승통로
IC_7_0301,7호선,석남,facility_span,,1,B4,B5,1,down,EV,엘리베이터,[2호기](B5)종착역방향출입문8-4앞(B4)2호선<->7호선(종점역방향)환승통로
IC_7_0301,7호선,석남,facility_span,,1,B4,B5,1,down,EV,엘리베이터,[3호기](B5)산곡역방향출입문7-3앞(B4)고객안내센터옆엘리베이터
IC_7_0301,7호선,석남,facility_span,,1,B4,B5,1,down,EV,엘리베이터,[4호기](B5)종착역방향출입문2-2앞(B4)고객안내센터옆엘리베이터
IC_7_0301,7호선,석남,facility_span,,1,B4,B5,1,down,EV,엘리베이터,[1호기](B5)산곡역방향출입문1-3앞(B4)2호선<->7호선(산곡역방향)환승통로
NU_8_0230,8호선,별내,move_path,paren,1,1F,B1,1,down,EV,엘리베이터,4번 출입구 근처 엘리베이터
NU_8_0230,8호선,별내,move_path,paren,0,B1,B3,2,down,EV,엘리베이터,다산 방면 엘리베이터
NU_8_0230,8호선,별내,move_path,paren,1,1F,B1,1,down,EV,엘리베이터,5번 출입구 근처 엘리베이터
NU_8_0230,8호선,별내,move_path,paren,1,1F,B1,1,down,EV,엘리베이터,6번 출입구 근처 엘리베이터
NU_8_0230,8호선,별내,move_path,paren,0,B3,2F,4,up,EV,엘리베이터,경춘선 방향 엘리베이터
NU_8_0230,8호선,별내,move_path,paren,0,B3,B1,2,up,EV,엘리베이터,경춘선  방향 엘리베이터
NU_8_0230,8호선,별내,move_path,paren,1,B1,2F,2,up,EV,엘리베이터,경춘선 퇴계원 방향 엘리베이터
NU_8_0230,8호선,별내,facility_span,,1,2F,B1,2,down,EV,엘리베이터,[5호기](2F)경춘선퇴계원방면환승통로(B1)고객안전실옆
NU_8_0230,8호선,별내,facility_span,,1,2F,B1,2,down,EV,엘리베이터,"[6호기](2F)경춘선갈매방면환승통로(B1)6,7번출구방면대합실"
NU_8_0230,8호선,별내,facility_span,,1,1F,B1,1,down,EV,엘리베이터,"[3호기](1F)5번출입구옆(B1)3,5번연결통로앞"
NU_8_0230,8호선,별내,facility_span,,1,1F,B1,1,down,EV,엘리베이터,[2호기](1F)4번출입구옆(B1)4번대합실출입구
NU_8_1376,8호선,다산,move_path,paren,1,1F,B1,1,down,EV,엘리베이터,1번 출입구 근처 엘리베이터
NU_8_1376,8호선,다산,move_path,paren,0,B1,B3,2,down,EV,엘리베이터,동구릉 방면 엘리베이터
NU_8_1376,8호선,다산,move_path,paren,0,B1,B3,2,down,EV,엘리베이터,별내 방면 엘리베이터
NU_8_1376,8호선,다산,move_path,paren,1,1F,B1,1,down,EV,엘리베이터,4번 출입구 근처 엘리베이터
NU_8_1376,8호선,다산,move_path,paren,1,1F,B1,1,down,EV,엘리베이터,3번 출입구 근처 엘리베이터
NU_8_1376,8호선,다산,facility_span,,1,1F,B1,1,down,EV,엘리베이터,[1호기](1F)1번출입구옆(B1)1번/2번대합실출입구
NU_8_1376,8호선,다산,facility_span,,1,1F,B1,1,down,EV,엘리베이터,[2호기](1F)4번출입구옆(B1)4번대합실출입구
NU_8_1376,8호선,다산,facility_span,,1,1F,B1,1,down,EV,엘리베이터,[3호기](1F)3번출입구옆(B1)화장실옆
NU_8_1376,8호선,다산,facility_span,,1,1F,B1,1,down,EV,엘리베이터,[7호기]다산역자이구간연결통로
NU_8_1376,8호선,다산,facility_span,,1,1F,B3,3,down,EV,엘리베이터,[5호기](B1)상행에스컬레이터옆(B3)상행승강장4-1출입문앞
NU_8_1376,8호선,다산,facility_span,,1,1F,B1,1,down,EV,엘리베이터,[6호기]다산역연결통로
NU_8_1376,8호선,다산,facility_span,,1,1F,B3,3,down,EV,엘리베이터,[4호기](B1)하행에스컬레이터옆(B3)하행승강장4-1출입문앞
GU_8_1375,8호선,동구릉,move_path,paren,1,1F,B1,1,down,EV,엘리베이터,2번 출입구 근처 엘리베이터
GU_8_1375,8호선,동구릉,move_path,paren,1,B1,B4,3,down,EV,엘리베이터,구리 방면 엘리베이터
GU_8_1375,8호선,동구릉,move_path,paren,1,B1,B4,3,down,EV,엘리베이터,다산 방면 엘리베이터
GU_8_1375,8호선,동구릉,move_path,paren,1,1F,B1,1,down,EV,엘리베이터,5번 출입구 근처 엘리베이터
GU_8_1375,8호선,동구릉,facility_span,,1,1F,B1,1,down,EV,엘리베이터,[2호기](1F)5번출입구옆
GU_8_1375,8호선,동구릉,facility_span,,1,1F,B1,1,down,EV,엘리베이터,[1호기](1F)2번/3번출입구사이엘리베이터
GU_8_1375,8호선,동구릉,facility_span,,1,B1,B4,3,down,EV,엘리베이터,[3호기](B1)표내는곳내수유실근처
GU_8_1375,8호선,동구릉,facility_span,,1,B1,B4,3,down,EV,엘리베이터,[4호기](B1)표내는곳내유실물보관센터근처
GU_8_0072,8호선,구리,move_path,paren,1,1F,B1,1,down,EV,엘리베이터,환승통로 방향 엘리베이터
GU_8_0072,8호선,구리,move_path,paren,1,B1,B2,1,down,EV,엘리베이터,장자호수공원 방면 엘리베이터
GU_8_0072,8호선,구리,move_path,paren,1,B1,B2,1,down,EV,엘리베이터,동구릉 방면 엘리베이터
GU_8_0072,8호선,구리,move_path,paren,1,B2,B1,1,up,EV,엘리베이터,이동통로 방향 엘리베이터
GU_8_0072,8호선,구리,move_path,paren,1,B1,1F,1,up,EV,엘리베이터,맞이방 방향 엘리베이터
GU_8_0072,8호선,구리,move_path,paren,0,1F,3F,2,up,EV,엘리베이터,경의중앙선 도농 방면 엘리베이터
GU_8_0072,8호선,구리,move_path,paren,0,1F,3F,2,up,EV,엘리베이터,경의중앙선 양원 방면 엘리베이터
GU_8_0072,8호선,구리,facility_span,,1,2F,1F,1,down,EV,엘리베이터,[2호기](1F)유료대합실
GU_8_0072,8호선,구리,facility_span,,1,2F,1F,1,down,EV,엘리베이터,[1호기](1F)4번출입구
GU_8_0072,8호선,구리,facility_span,,1,2F,1F,1,down,EV,엘리베이터,[3호기](1F)유료대합실
GU_8_0072,8호선,구리,facility_span,,1,1F,B1,1,down,EV,엘리베이터,[4호기](1F)7번출입구
GU_8_0072,8호선,구리,facility_span,,1,B1,B2,1,down,EV,엘리베이터,[5호기](B1)동구릉역방향승강장으로내려가는계단근처
GU_8_0072,8호선,구리,facility_span,,1,B1,B2,1,down,EV,엘리베이터,[6호기](B1)구리역방향승강장으로내려가는계단근처
GU_8_1374,8호선,장자호수공원,move_path,paren,1,1F,B1,1,down,EV,엘리베이터,1번 출입구 근처 엘리베이터
GU_8_1374,8호선,장자호수공원,move_path,paren,1,B1,B3,2,down,EV,엘리베이터,암사역사공원 방면 엘리베이터
GU_8_1374,8호선,장자호수공원,move_path,paren,1,B1,B3,2,down,EV,엘리베이터,구리 방면 엘리베이터
GU_8_1374,8호선,장자호수공원,move_path,paren,1,1F,B1,1,down,EV,엘리베이터,5번 출입구 근처 엘리베이터
GU_8_1374,8호선,장자호수공원,facility_span,,1,1F,B1,1,down,EV,엘리베이터,[4호기](B1)5번출입구
GU_8_1374,8호선,장자호수공원,facility_span,,1,1F,B1,1,down,EV,엘리베이터,[3호기](B1)선큰마당및1번출입구근처
GU_8_1374,8호선,장자호수공원,facility_span,,1,B1,B3,2,down,EV,엘리베이터,[1호기](B1)유료대합실
GU_8_1374,8호선,장자호수공원,facility_span,,1,B1,B3,2,down,EV,엘리베이터,[2호기](B1)유료대합실
S1_8_1373,8호선,암사역사공원,move_path,paren,1,1F,B1,1,down,EV,엘리베이터,1번 출입구 근처 엘리베이터
S1_8_1373,8호선,암사역사공원,move_path,paren,1,B1,B2,1,down,EV,엘리베이터,암사 방면 엘리베이터
S1_8_1373,8호선,암사역사공원,move_path,paren,1,1F,B1,1,down,EV,엘리베이터,3번 출입구 근처 엘리베이터
S1_8_1373,8호선,암사역사공원,move_path,paren,1,B1,B2,1,down,EV,엘리베이터,장자호수공원 방면 엘리베이터
S1_8_1373,8호선,암사역사공원,facility_span,,1,1F,B1,1,down,EV,엘리베이터,[4호기]3번출입구
S1_8_1373,8호선,암사역사공원,facility_span,,1,1F,B1,1,down,EV,엘리베이터,[3호기]1번출입구
S1_8_1373,8호선,암사역사공원,facility_span,,1,B1,B2,1,down,EV,엘리베이터,[1호기]모란방면(하선)
S1_8_1373,8호선,암사역사공원,facility_span,,1,B1,B2,1,down,EV,엘리베이터,[2호기]별내방면(상선)
S1_8_0391,8호선,암사,move_path,paren,1,1F,B1,1,down,EV,엘리베이터,3번 출구 뒷편 엘리베이터
S1_8_0391,8호선,암사,move_path,paren,1,B1,B2,1,down,EV,엘리베이터,천호 방면 엘리베이터
S1_8_0391,8호선,암사,move_path,paren,1,B1,B2,1,down,EV,엘리베이터,암사역사공원 방면 엘리베이터
S1_8_0391,8호선,암사,facility_span,,1,1F,B1,1,down,EV,엘리베이터,"[3호기]3,4번출구사이"
S1_8_0391,8호선,암사,facility_span,,1,B1,B2,1,down,EV,엘리베이터,[2호기]천호방면4-1
S1_8_0391,8호선,암사,facility_span,,1,B1,B2,1,down,EV,엘리베이터,[1호기]암사방면3-4
S1_8_0546,8호선,천호,move_path,paren,0,1F,B1,1,down,EV,엘리베이터,6번 출입구 옆 엘리베이터
S1_8_0546,8호선,천호,move_path,paren,1,B1,B2,1,down,EV,엘리베이터,암사 방면 엘리베이터
S1_8_0546,8호선,천호,move_path,paren,1,B1,B2,1,down,EV,엘리베이터,강동구청 방면 엘리베이터
S1_8_0546,8호선,천호,move_path,paren,1,B2,B1,1,up,EV,엘리베이터,B1 방면 엘리베이터
S1_8_0546,8호선,천호,move_path,paren,1,B1,B2,1,down,EV,엘리베이터,5호선 게이트 지나 B1층 화장실 맞은 편 엘리베이터
S1_8_0546,8호선,천호,move_path,paren,0,B2,B3,1,down,EV,엘리베이터,광나루 방면 엘리베이터
S1_8_0546,8호선,천호,move_path,paren,0,B2,B3,1,down,EV,엘리베이터,강동 방면 엘리베이터
S1_8_0546,8호선,천호,facility_span,,1,B1,B2,1,down,EV,엘리베이터,[1호기]암사방면2-2
S1_8_0546,8호선,천호,facility_span,,1,B1,B2,1,down,EV,엘리베이터,[2호기]강동구청방면5-4
S1_8_0021,8호선,강동구청,move_path,paren,1,1F,B2,2,down,EV,엘리베이터,4번 출입구 옆 엘리베이터
S1_8_0021,8호선,강동구청,move_path,paren,1,B2,B3,1,down,EV,엘리베이터,천호 방면 엘리베이터
S1_8_0021,8호선,강동구청,move_path,paren,1,B2,B3,1,down,EV,엘리베이터,몽촌토성 방면 엘리베이터
S1_8_0021,8호선,강동구청,facility_span,,1,1F,B2,2,down,EV,엘리베이터,[3호기]4번출구측
S1_8_0021,8호선,강동구청,facility_span,,1,B2,B3,1,down,EV,엘리베이터,"[2호기]몽촌토성방면3-2,3-3사이"
S1_8_0021,8호선,강동구청,facility_span,,1,B2,B3,1,down,EV,엘리베이터,[1호기]천호방면4-2
S1_8_0204,8호선,몽촌토성,move_path,paren,1,1F,B1,1,down,EV,엘리베이터,4번 출입구 옆 엘리베이터
S1_8_0204,8호선,몽촌토성,move_path,paren,1,B1,B2,1,down,EV,엘리베이터,엘리베이터
S1_8_0204,8호선,몽촌토성,move_path,paren,1,B2,B3,1,down,EV,엘리베이터,강동구청 방면 엘리베이터
S1_8_0204,8호선,몽촌토성,move_path,paren,1,B2,B3,1,down,EV,엘리베이터,잠실 방면 엘리베이터
S1_8_0204,8호선,몽촌토성,facility_span,,1,1F,B1,1,down,EV,엘리베이터,"[4호기]대합실(B1,4번출구측화장실앞)"
S1_8_0204,8호선,몽촌토성,facility_span,,1,B1,B2,1,down,EV,엘리베이터,[3호기]대합실(B2)
S1_8_0204,8호선,몽촌토성,facility_span,,1,B2,B3,1,down,EV,엘리베이터,[1호기]강동구청방면3-4
S1_8_0204,8호선,몽촌토성,facility_span,,1,B2,B3,1,down,EV,엘리베이터,[2호기]잠실방면3-4
S1_8_0497,8호선,잠실,move_path,paren,1,1F,B1,1,down,EV,엘리베이터,9번 출입구 옆 엘리베이터
S1_8_0497,8호선,잠실,move_path,paren,1,B1,B3,2,down,EV,엘리베이터,몽촌토성 방면 엘리베이터
S1_8_0497,8호선,잠실,move_path,paren,1,B1,B3,2,down,EV,엘리베이터,석촌 방면 엘리베이터
S1_8_0497,8호선,잠실,move_path,paren,1,1F,B1,1,down,EV,엘리베이터,10번 출입구 옆 엘리베이터
S1_8_0497,8호선,잠실,move_path,paren,1,B3,B1,2,up,EV,엘리베이터,대합실 방향 엘리베이터
S1_8_0497,8호선,잠실,move_path,paren,0,B1,B2,1,down,EV,엘리베이터,2호선 잠실나루 방면 엘리베이터
S1_8_0497,8호선,잠실,move_path,paren,0,B1,B2,1,down,EV,엘리베이터,2호선 잠실새내 방면 엘리베이터
S1_8_0497,8호선,잠실,facility_span,,1,1F,B1,1,down,EV,엘리베이터,[3호기]9번출구측
S1_8_0497,8호선,잠실,facility_span,,1,B1,B3,2,down,EV,엘리베이터,[1호기]몽촌토성방면2-3
S1_8_0497,8호선,잠실,facility_span,,1,B1,B3,2,down,EV,엘리베이터,[2호기]석촌방면5-2
S1_8_0305,8호선,석촌,move_path,paren,1,1F,B1,1,down,EV,엘리베이터,1번 출입구 옆 엘리베이터
S1_8_0305,8호선,석촌,move_path,paren,1,B1,B2,1,down,EV,엘리베이터,잠실 방면 엘리베이터
S1_8_0305,8호선,석촌,move_path,paren,1,B1,B2,1,down,EV,엘리베이터,송파 방면 엘리베이터
S1_8_0305,8호선,석촌,move_path,paren,1,1F,B1,1,down,EV,엘리베이터,5번 출입구 옆 엘리베이터
S1_8_0305,8호선,석촌,move_path,paren,0,B2,B4,2,down,EV,엘리베이터,9호선 승강장 방향 환승 엘리베이터
S1_8_0305,8호선,석촌,move_path,paren,0,B2,B3,1,down,EV,엘리베이터,9호선 대합실 방향 환승 엘리베이터
S1_8_0305,8호선,석촌,move_path,paren,0,B3,B4,1,down,EV,엘리베이터,승강장 방향 엘리베이터
S1_8_0305,8호선,석촌,facility_span,,1,1F,B1,1,down,EV,엘리베이터,[3호기]1번출구측
S1_8_0305,8호선,석촌,facility_span,,1,B1,B2,1,down,EV,엘리베이터,[2호기]송파방면4-1
S1_8_0305,8호선,석촌,facility_span,,1,B1,B2,1,down,EV,엘리베이터,[1호기]잠실방면3-4
S1_8_0332,8호선,송파,move_path,paren,1,1F,B1,1,down,EV,엘리베이터,2번 출입구 옆 엘리베이터
S1_8_0332,8호선,송파,move_path,paren,1,B1,B2,1,down,EV,엘리베이터,석촌 방면 엘리베이터
S1_8_0332,8호선,송파,move_path,paren,1,B1,B2,1,down,EV,엘리베이터,가락시장 방면 엘리베이터
S1_8_0332,8호선,송파,move_path,paren,1,1F,B1,1,down,EV,엘리베이터,4번 출입구 근처 엘리베이터
S1_8_0332,8호선,송파,facility_span,,1,1F,B1,1,down,EV,엘리베이터,[4호기]4번출구측
S1_8_0332,8호선,송파,facility_span,,1,1F,B1,1,down,EV,엘리베이터,"[3호기]1,2번출구사이"
S1_8_0332,8호선,송파,facility_span,,1,B1,B2,1,down,EV,엘리베이터,"[2호기]가락시장방면3-4,4-1사이"
S1_8_0332,8호선,송파,facility_span,,1,B1,B2,1,down,EV,엘리베이터,[1호기]석촌방면3-4
S1_8_0003,8호선,가락시장,move_path,paren,1,1F,B1,1,down,EV,엘리베이터,1번 출입구 옆 엘리베이터
S1_8_0003,8호선,가락시장,move_path,paren,1,B1,B2,1,down,EV,엘리베이터,송파 방면 엘리베이터
S1_8_0003,8호선,가락시장,move_path,paren,1,B1,B2,1,down,EV,엘리베이터,문정 방면 엘리베이터
S1_8_0003,8호선,가락시장,move_path,paren,1,1F,B1,1,down,EV,엘리베이터,4번 출입구 옆 엘리베이터
S1_8_0003,8호선,가락시장,move_path,paren,1,1F,B2,2,down,EV,엘리베이터,7번 출입구 옆 엘리베이터
S1_8_0003,8호선,가락시장,move_path,paren,1,B2,B1,1,up,EV,엘리베이터,8호선 대합실 방향 엘리베이터
S1_8_0003,8호선,가락시장,move_path,,,B2,B2,0,same,PASSAGE,환승통로,환승통로로 이동
S1_8_0003,8호선,가락시장,move_path,paren,0,B2,B4,2,down,EV,엘리베이터,3호선 수서 방면 엘리베이터
S1_8_0003,8호선,가락시장,move_path,paren,0,B2,B4,2,down,EV,엘리베이터,3호선 경찰병원 방면 엘리베이터
S1_8_0003,8호선,가락시장,facility_span,,1,1F,B1,1,down,EV,엘리베이터,"[6호기]3,4번출구사이"
S1_8_0003,8호선,가락시장,facility_span,,1,1F,B2,2,down,EV,엘리베이터,"[5호기]1,2번출구사이"
S1_8_0003,8호선,가락시장,facility_span,,1,B1,B2,1,down,EV,엘리베이터,[2호기]문정방면2-3
S1_8_0003,8호선,가락시장,facility_span,,1,B1,B2,1,down,EV,엘리베이터,[1호기]송파방면5-4
S1_8_0003,8호선,가락시장,facility_span,,1,B2,B3,1,down,EV,엘리베이터,[3호기]환승통로(모란방면)
S1_8_0003,8호선,가락시장,facility_span,,1,B2,B3,1,down,EV,엘리베이터,[4호기]환승통로(암사방면)
S1_8_0208,8호선,문정,move_path,paren,1,1F,B1,1,down,EV,엘리베이터,2번 출입구 옆 엘리베이터
S1_8_0208,8호선,문정,move_path,paren,1,B1,B2,1,down,EV,엘리베이터,가락시장 방면 엘리베이터
S1_8_0208,8호선,문정,move_path,paren,1,B1,B2,1,down,EV,엘리베이터,장지 방면 엘리베이터
S1_8_0208,8호선,문정,move_path,paren,1,1F,B1,1,down,EV,엘리베이터,4번 출입구 근처 엘리베이터
S1_8_0208,8호선,문정,move_path,paren,1,1F,B1,1,down,EV,엘리베이터,3번 출입구 근처 엘리베이터
S1_8_0208,8호선,문정,facility_span,,1,1F,B1,1,down,EV,엘리베이터,[4호기]4번출구측
S1_8_0208,8호선,문정,facility_span,,1,1F,B1,1,down,EV,엘리베이터,[3호기]2번출구측
S1_8_0208,8호선,문정,facility_span,,1,B1,B2,1,down,EV,엘리베이터,[1호기]가락시장방면3-4
S1_8_0208,8호선,문정,facility_span,,1,B1,B2,1,down,EV,엘리베이터,[2호기]장지방면4-1
S1_8_0504,8호선,장지,move_path,paren,1,1F,B1,1,down,EV,엘리베이터,1번 출입구 옆 엘리베이터
S1_8_0504,8호선,장지,move_path,paren,1,B1,B2,1,down,EV,엘리베이터,문정 방면 엘리베이터
S1_8_0504,8호선,장지,move_path,paren,1,B1,B2,1,down,EV,엘리베이터,복정 방면 엘리베이터
S1_8_0504,8호선,장지,move_path,paren,1,1F,B1,1,down,EV,엘리베이터,4번 출입구 옆 엘리베이터
S1_8_0504,8호선,장지,facility_span,,1,1F,B1,1,down,EV,엘리베이터,[4호기]3번출구측
S1_8_0504,8호선,장지,facility_span,,1,1F,B1,1,down,EV,엘리베이터,[3호기]1번출구측
S1_8_0504,8호선,장지,facility_span,,1,B1,B2,1,down,EV,엘리베이터,[2호기]복정방면3-4
S1_8_0504,8호선,장지,facility_span,,1,B1,B2,1,down,EV,엘리베이터,[1호기]문정방면4-1
S1_8_0238,8호선,복정,move_path,paren,1,1F,B1,1,down,EV,엘리베이터,1번 출입구 옆 2호기 엘리베이터
S1_8_0238,8호선,복정,move_path,paren,0,B1,B2,1,down,EV,엘리베이터,승강장 방향 엘리베이터
S1_8_0238,8호선,복정,move_path,paren,0,B2,B3,1,down,EV,엘리베이터,수인분당선 승강장 방향 엘리베이터
S1_8_0238,8호선,복정,facility_span,,1,1F,B1,1,down,EV,엘리베이터,[2호기]1번출구측
S1_8_0238,8호선,복정,facility_span,,1,B1,B3,2,down,EV,엘리베이터,"[1호기]장지방면4-1,남위례방면3-4"
S1_8_1366,8호선,남위례,facility_span,,1,4F,1F,3,down,EV,엘리베이터,[2호기]5번출구측
S1_8_1366,8호선,남위례,facility_span,,1,3F,2F,1,down,EV,엘리베이터,[2호기](F1-F4)
S1_8_1366,8호선,남위례,facility_span,,1,3F,2F,1,down,EV,엘리베이터,[3호기]산성방면3-4
S1_8_1366,8호선,남위례,facility_span,,1,2F,1F,1,down,EV,엘리베이터,[1호기]대합실(1번출구)
S1_8_0261,8호선,산성,move_path,paren,1,1F,B1,1,down,EV,엘리베이터,3번 출입구 옆 엘리베이터
S1_8_0261,8호선,산성,move_path,paren,1,B1,B2,1,down,EV,엘리베이터,경사 엘리베이터
S1_8_0261,8호선,산성,move_path,paren,1,B2,B3,1,down,EV,엘리베이터,남위례 방면 경사 엘리베이터
S1_8_0261,8호선,산성,move_path,paren,1,B2,B3,1,down,EV,엘리베이터,남한산성입구 방면 경사 엘리베이터
S1_8_0261,8호선,산성,facility_span,,1,1F,B1,1,down,EV,엘리베이터,[4호기]3번출구측
S1_8_0261,8호선,산성,facility_span,,1,B1,B2,1,down,EV,엘리베이터,[3호기]대합실
S1_8_0261,8호선,산성,facility_span,,1,B2,B3,1,down,EV,엘리베이터,[1호기]남위례방면6-2
S1_8_0261,8호선,산성,facility_span,,1,B2,B3,1,down,EV,엘리베이터,[2호기]남한산성입구방면1-3
S1_8_0111,8호선,남한산성입구,move_path,paren,0,1F,B2,2,down,EV,엘리베이터,3번 출입구 옆 엘리베이터
S1_8_0111,8호선,남한산성입구,move_path,paren,1,B2,B3,1,down,EV,엘리베이터,산성 방면 엘리베이터
S1_8_0111,8호선,남한산성입구,move_path,paren,1,1F,B3,3,down,EV,엘리베이터,3번 출입구 옆 엘리베이터
S1_8_0111,8호선,남한산성입구,facility_span,,1,1F,B3,3,down,EV,엘리베이터,[2호기]단대오거리방면4-1
S1_8_0111,8호선,남한산성입구,facility_span,,1,B1,B2,1,down,EV,엘리베이터,[2호기](F1-B3) 승강장
S1_8_0111,8호선,남한산성입구,facility_span,,1,B2,B3,1,down,EV,엘리베이터,[1호기]산성방면3-4
S1_8_0122,8호선,단대오거리,move_path,inline,1,1F,B1,1,down,EV,엘리베이터,4번 출입구 근처 엘리베이터
S1_8_0122,8호선,단대오거리,move_path,inline,1,B1,B3,2,down,EV,엘리베이터,남한산성입구 방면 엘리베이터
S1_8_0122,8호선,단대오거리,move_path,inline,1,B1,B3,2,down,EV,엘리베이터,신흥 방면 엘리베이터
S1_8_0122,8호선,단대오거리,facility_span,,1,1F,B1,1,down,EV,엘리베이터,[3호기]4번출구측
S1_8_0122,8호선,단대오거리,facility_span,,1,B1,B3,2,down,EV,엘리베이터,[2호기]신흥방면5-1
S1_8_0122,8호선,단대오거리,facility_span,,1,B1,B3,2,down,EV,엘리베이터,[1호기]남한산성입구방면2-4
S1_8_0379,8호선,신흥,move_path,paren,0,1F,B1,1,down,EV,엘리베이터,"3, 4번 출입구 사이 엘리베이터"
S1_8_0379,8호선,신흥,move_path,paren,1,B1,B2,1,down,EV,엘리베이터,단대오거리 방면 엘리베이터
S1_8_0379,8호선,신흥,move_path,paren,1,B1,B2,1,down,EV,엘리베이터,수진 방면 엘리베이터
S1_8_0379,8호선,신흥,facility_span,,1,B1,B2,1,down,EV,엘리베이터,[2호기]수진방면3-4
S1_8_0379,8호선,신흥,facility_span,,1,B1,B2,1,down,EV,엘리베이터,[1호기]단대오거리방면4-1
S1_8_0342,8호선,수진,move_path,paren,1,1F,B1,1,down,EV,엘리베이터,3번 출입구 옆 엘리베이터
S1_8_0342,8호선,수진,move_path,paren,1,B1,B2,1,down,EV,엘리베이터,신흥 방면 엘리베이터
S1_8_0342,8호선,수진,move_path,paren,1,B1,B2,1,down,EV,엘리베이터,모란 방면 엘리베이터
S1_8_0342,8호선,수진,facility_span,,1,1F,B1,1,down,EV,엘리베이터,[3호기]3번출구측
S1_8_0342,8호선,수진,facility_span,,1,B1,B2,1,down,EV,엘리베이터,[2호기]모란방면4-1
S1_8_0342,8호선,수진,facility_span,,1,B1,B2,1,down,EV,엘리베이터,[1호기]신흥방면3-4
S1_8_0201,8호선,모란,move_path,paren,1,1F,B1,1,down,EV,엘리베이터,11번 출입구 엘리베이터
S1_8_0201,8호선,모란,move_path,paren,1,B1,B3,2,down,EV,엘리베이터,승강장 방향 엘리베이터
S1_8_0201,8호선,모란,move_path,paren,1,B3,B1,2,up,EV,엘리베이터,대합실 방향 엘리베이터
S1_8_0201,8호선,모란,move_path,,,B1,B1,0,same,PASSAGE,환승통로,환승통로로 이동
S1_8_0201,8호선,모란,move_path,paren,0,B1,B2,1,down,EV,엘리베이터,수인분당선 태평 방면 엘리베이터
S1_8_0201,8호선,모란,move_path,paren,0,B1,B2,1,down,EV,엘리베이터,수인분당선 야탑 방면 엘리베이터
S1_8_0201,8호선,모란,move_path,paren,1,B3,B2,1,up,EV,엘리베이터,대합실 방향 엘리베이터
S1_8_0201,8호선,모란,move_path,paren,0,B2,B1,1,up,EV,엘리베이터,대합실 방향 엘리베이터
S1_8_0201,8호선,모란,facility_span,,1,1F,B1,1,down,EV,엘리베이터,[3호기]11번출구측
S1_8_0201,8호선,모란,facility_span,,1,B1,B3,2,down,EV,엘리베이터,[1호기]수진방면5-2
S1_8_0201,8호선,모란,facility_span,,1,B2,B3,1,down,EV,엘리베이터,[2호기]모란방면2-3
S9_9_0028,9호선,개화,facility_span,,1,2F,1F,1,down,EV,엘리베이터,[1호기](1F)하선승강장6-4근처(2F)안전관리실옆
S9_9_0028,9호선,개화,facility_span,,1,2F,1F,1,down,EV,엘리베이터,[2호기](1F)2번출구옆(2F)편의점앞
S9_9_0099,9호선,김포공항,move_path,paren,0,1F,B1,1,down,EV,엘리베이터,4번 출입구 옆 엘리베이터
S9_9_0099,9호선,김포공항,move_path,paren,1,B1,B4,3,down,EV,엘리베이터,승강장 방향 엘리베이터
S9_9_0099,9호선,김포공항,move_path,paren,1,B1,B3,2,down,EV,엘리베이터,승강장 방향 엘리베이터
S9_9_0099,9호선,김포공항,move_path,paren,0,B4,B2,2,up,EV,엘리베이터,대합실 방향 엘리베이터
S9_9_0099,9호선,김포공항,move_path,paren,0,B4,B3,1,up,EV,엘리베이터,대합실 방향 엘리베이터
S9_9_0099,9호선,김포공항,move_path,,,B3,B3,0,same,PASSAGE,환승통로,5호선 방향 환승통로로 이동
S9_9_0099,9호선,김포공항,move_path,paren,1,B3,B2,1,up,EV,엘리베이터,대합실 방향 엘리베이터
S9_9_0099,9호선,김포공항,move_path,paren,0,B3,B4,1,down,EV,엘리베이터,승강장 방향 엘리베이터
S9_9_0099,9호선,김포공항,move_path,paren,0,B2,B4,2,down,EV,엘리베이터,김포골드라인 고촌 방면 엘리베이터
S9_9_0099,9호선,김포공항,facility_span,,1,B1,B3,2,down,EV,엘리베이터,[1호기](B1)안전관리실옆(B3)상부본선승강장4-2지점
S9_9_0099,9호선,김포공항,facility_span,,1,B1,B4,3,down,EV,엘리베이터,[3호기](B1)안전관리실앞(B4)하선승강장1-1지점
S9_9_0099,9호선,김포공항,facility_span,,1,B1,B4,3,down,EV,엘리베이터,[2호기](B1)안전관리실앞(B4)하선승강장1-1지점
S9_9_0099,9호선,김포공항,facility_span,,1,B2,B3,1,down,EV,엘리베이터,"[3호기](B1) 안전관리실 앞
(B4) 하선 승강장 1-1 지점"
S9_9_0099,9호선,김포공항,facility_span,,1,B2,B3,1,down,EV,엘리베이터,"[4호기](B1) 안전관리실 앞
(B4) 하선 승강장 1-1 지점"
S9_9_0056,9호선,공항시장,move_path,inline,1,B1,B4,3,down,EV,엘리베이터,김포공항 방면 엘리베이터
S9_9_0056,9호선,공항시장,move_path,inline,1,B1,B4,3,down,EV,엘리베이터,신방화 방면 엘리베이터
S9_9_0056,9호선,공항시장,facility_span,,1,1F,B1,1,down,EV,엘리베이터,"[3호기](1F)1번,2번출입구사이(B1)2번출구방면앞"
S9_9_0056,9호선,공항시장,facility_span,,1,B1,B4,3,down,EV,엘리베이터,[2호기](B1)대합실표내는곳방향우측(중앙보훈병원방면)(B4)상선승강장1-3출입구앞
S9_9_0056,9호선,공항시장,facility_span,,1,B1,B4,3,down,EV,엘리베이터,"[1호기](B1)대합실표내는곳방향좌측(개화,김포공항역방면)(B4)하선승강장6-2출입구앞"
S9_9_0056,9호선,공항시장,facility_span,,1,B2,B3,1,down,EV,엘리베이터,"[1호기](B1)대합실 표내는 곳 방향 좌측(개화,김포공항역 방면)
(B4)하선승강장 6-2 출입구 앞"
S9_9_0056,9호선,공항시장,facility_span,,1,B2,B3,1,down,EV,엘리베이터,"[2호기](B1)대합실 표내는 곳 방향 우측(중앙보훈병원 방면)
(B4)상선승강장 1-3 출입구 앞"
S9_9_0364,9호선,신방화,facility_span,,1,1F,B1,1,down,EV,엘리베이터,[4호기](1F)3번출입구옆(B1)3번출입구방향대합실
S9_9_0364,9호선,신방화,facility_span,,1,1F,B1,1,down,EV,엘리베이터,[3호기](1F)7번/8번출입구사이(B1)7/8번출입구방향대합실
S9_9_0364,9호선,신방화,facility_span,,1,B1,B2,1,down,EV,엘리베이터,[2호기](B1)중앙보훈병원역방향개찰구앞(B2)중앙보훈병원역방향승강장4-4출입문앞
S9_9_0364,9호선,신방화,facility_span,,1,B1,B2,1,down,EV,엘리베이터,[1호기](B1)개화역방향개찰구앞(B2)개화역방향승강장3-1출입문앞
S9_9_0178,9호선,마곡나루,move_path,paren,1,1F,B1,1,down,EV,엘리베이터,"1, 2번 출입구 사이 엘리베이터"
S9_9_0178,9호선,마곡나루,move_path,paren,1,B1,B2,1,down,EV,엘리베이터,신방화 방면 엘리베이터
S9_9_0178,9호선,마곡나루,move_path,paren,1,B1,B2,1,down,EV,엘리베이터,양천향교 방면 엘리베이터
S9_9_0178,9호선,마곡나루,move_path,paren,1,1F,B1,1,down,EV,엘리베이터,마곡중앙광장 출입구 옆 엘리베이터
S9_9_0178,9호선,마곡나루,move_path,paren,1,B2,B1,1,up,EV,엘리베이터,대합실 방향 엘리베이터
S9_9_0178,9호선,마곡나루,move_path,,,B1,B1,0,same,PASSAGE,환승통로,공항철도 방향 환승통로로 이동
S9_9_0178,9호선,마곡나루,move_path,paren,0,B1,B3,2,down,EV,엘리베이터,공항철도 디지털미디어시티 방면 엘리베이터
S9_9_0178,9호선,마곡나루,move_path,paren,0,B1,B3,2,down,EV,엘리베이터,공항철도 김포공항 방면 엘리베이터
S9_9_0178,9호선,마곡나루,facility_span,,1,1F,B1,1,down,EV,엘리베이터,"[4호기](1F)마곡중앙광장E/S출입구뒷편(B2)대합실,표내는곳방향"
S9_9_0178,9호선,마곡나루,facility_span,,1,1F,B1,1,down,EV,엘리베이터,"[3호기](1F)1번/2번출입구사이(B1)대합실,1번/2번출입구방향"
S9_9_0178,9호선,마곡나루,facility_span,,1,B1,B2,1,down,EV,엘리베이터,"[2호기](B1)대합실,표내는곳방향(B2)양천향교역방향승강장4-2출입문앞"
S9_9_0178,9호선,마곡나루,facility_span,,1,B1,B2,1,down,EV,엘리베이터,"[1호기](B1)대합실,표내는곳방향(B2)신방화역방향승강장3-3출입문앞"
S9_9_0405,9호선,양천향교,move_path,inline,1,B1,B2,1,down,EV,엘리베이터,마곡나루 방면 엘리베이터
S9_9_0405,9호선,양천향교,move_path,inline,1,B1,B2,1,down,EV,엘리베이터,가양 방면 엘리베이터
S9_9_0405,9호선,양천향교,facility_span,,1,1F,B1,1,down,EV,엘리베이터,"[4호기](1F)5,6번출입구사이(B2)대합실.5,6번출입구방향"
S9_9_0405,9호선,양천향교,facility_span,,1,1F,B1,1,down,EV,엘리베이터,"[3호기](1F)3,4번출입구사이(B2)대합실.3,4번출입구방향"
S9_9_0405,9호선,양천향교,facility_span,,1,B1,B2,1,down,EV,엘리베이터,[2호기](B1)표내는곳내가양역방향(B2)가양역방향승강장4-4출입문근처
S9_9_0405,9호선,양천향교,facility_span,,1,B1,B2,1,down,EV,엘리베이터,[1호기](B1)표내는곳내마곡나루역방향(B2)마곡나루역방향승강장3-2출입문근처
S9_9_0005,9호선,가양,move_path,inline,1,B1,B2,1,down,EV,엘리베이터,양천향교 방면 엘리베이터
S9_9_0005,9호선,가양,move_path,inline,1,B1,B2,1,down,EV,엘리베이터,증미 방면 엘리베이터
S9_9_0005,9호선,가양,facility_span,,1,1F,B1,1,down,EV,엘리베이터,"[4호기](1F)8,9번출입구사이"
S9_9_0005,9호선,가양,facility_span,,1,1F,B1,1,down,EV,엘리베이터,"[3호기](1F)4,5번출입구사이"
S9_9_0005,9호선,가양,facility_span,,1,B1,B2,1,down,EV,엘리베이터,[2호기](B2)증미역방향승강장종점비승차구역
S9_9_0005,9호선,가양,facility_span,,1,B1,B2,1,down,EV,엘리베이터,[1호기](B2)양천향교역방향승강장시점비승차구역
S9_9_0531,9호선,증미,move_path,inline,1,B2,B3,1,down,EV,엘리베이터,가양 방면 엘리베이터
S9_9_0531,9호선,증미,move_path,inline,1,B2,B3,1,down,EV,엘리베이터,등촌 방면 엘리베이터
S9_9_0531,9호선,증미,facility_span,,1,1F,B2,2,down,EV,엘리베이터,[3호기](1F)1번출입구옆(B1)대합실옆
S9_9_0531,9호선,증미,facility_span,,1,B2,B3,1,down,EV,엘리베이터,"[2호기](B1)표내는곳내계단옆,등촌역방향(B2)염창역방향승강장3-4출입문근처"
S9_9_0531,9호선,증미,facility_span,,1,B2,B3,1,down,EV,엘리베이터,"[1호기](B1)표내는곳내계단옆,가양역방향(B2)증미역방향승강장3-4출입문근처"
S9_9_0173,9호선,등촌,move_path,inline,1,B1,B2,1,down,EV,엘리베이터,증미 방면 엘리베이터
S9_9_0173,9호선,등촌,move_path,inline,1,B1,B2,1,down,EV,엘리베이터,염창 방면 엘리베이터
S9_9_0173,9호선,등촌,facility_span,,1,1F,B1,1,down,EV,엘리베이터,[3호기](1F)5번출입구옆(B1)화장실근처
S9_9_0173,9호선,등촌,facility_span,,1,B1,B2,1,down,EV,엘리베이터,"[2호기](B1)표내는곳내계단옆,염창역방향(B2)염창역방향승강장6-4출입문근처"
S9_9_0173,9호선,등촌,facility_span,,1,B1,B2,1,down,EV,엘리베이터,"[1호기](B1)표내는곳내계단옆,증미역방향(B2)증미역방향승강장1-1출입문근처"
S9_9_0419,9호선,염창,move_path,inline,1,B1,B2,1,down,EV,엘리베이터,등촌 방면 엘리베이터
S9_9_0419,9호선,염창,move_path,inline,1,B1,B2,1,down,EV,엘리베이터,신목동 방면 엘리베이터
S9_9_0419,9호선,염창,facility_span,,1,1F,B1,1,down,EV,엘리베이터,[4호기](B1)3번/4번출입구사이(1F)3번/4번출입구사이
S9_9_0419,9호선,염창,facility_span,,1,1F,B1,1,down,EV,엘리베이터,[3호기](B1)1번/2번출입구사이(1F)1번/2번출입구사이
S9_9_0419,9호선,염창,facility_span,,1,B1,B2,1,down,EV,엘리베이터,[2호기](B2)신목동역방향승강장3-4/4-1사이
S9_9_0419,9호선,염창,facility_span,,1,B1,B2,1,down,EV,엘리베이터,[1호기](B2)등촌역방향승강장3-4/4-1사이
S9_9_0362,9호선,신목동,move_path,inline,1,B2,B3,1,down,EV,엘리베이터,1번출입구 근처 엘리베이터
S9_9_0362,9호선,신목동,facility_span,,1,1F,B2,2,down,EV,엘리베이터,[4호기](1F)2번출입구에스컬레이터옆(B2)2번출입구에스컬레이터옆
S9_9_0362,9호선,신목동,facility_span,,1,1F,B2,2,down,EV,엘리베이터,"[3호기](1F)1,2번출입구사이(B2)1번출입구쪽원형대합실방면"
S9_9_0362,9호선,신목동,facility_span,,1,B2,B3,1,down,EV,엘리베이터,[1호기](B2)편의점맞은편표내는곳내부(B3)염창역방면승강장4-1출입구방향
S9_9_0362,9호선,신목동,facility_span,,1,B2,B3,1,down,EV,엘리베이터,[2호기](B2)편의점맞은편표내는곳내부(B3)선유도역방면승강장4-1출입구방향
S9_9_0308,9호선,선유도,move_path,inline,1,B2,B3,1,down,EV,엘리베이터,1번출입구 근처 엘리베이터
S9_9_0308,9호선,선유도,move_path,inline,1,B2,B3,1,down,EV,엘리베이터,8번출입구 근처 엘리베이터
S9_9_0308,9호선,선유도,facility_span,,1,1F,B2,2,down,EV,엘리베이터,"[4호기](1F)7,8번출입구사이(B1)7번출입구옆(B2)E/S7호기옆중앙통로오른쪽방향"
S9_9_0308,9호선,선유도,facility_span,,1,1F,B2,2,down,EV,엘리베이터,"[3호기](1F)1,2번출입구사이(B1)2번출입구옆(B2)E/S7호기옆중앙통로왼쪽방향"
S9_9_0308,9호선,선유도,facility_span,,1,B2,B3,1,down,EV,엘리베이터,[2호기](B2)표내는곳내부안전관리실우측(B3)신목동역방면승강장3-4출입문방향
S9_9_0308,9호선,선유도,facility_span,,1,B2,B3,1,down,EV,엘리베이터,[1호기](B2)표내는곳내부편의점맞은편방향(B3)당산역방면승강장4-1출입문방향
S9_9_0126,9호선,당산,move_path,inline,1,B2,3F,4,up,EV,엘리베이터,영등포구청 방면 엘리베이터
S9_9_0126,9호선,당산,move_path,inline,1,B2,3F,4,up,EV,엘리베이터,합정 방면 엘리베이터
S9_9_0126,9호선,당산,facility_span,,1,3F,B2,4,down,EV,엘리베이터,[2호기](3F)2호선외선(영등포구청역)승강장(B2)2호선환승외선(영등포구청역)방향에스컬레이터옆
S9_9_0126,9호선,당산,facility_span,,1,3F,B2,4,down,EV,엘리베이터,[3호기](3F)2호선내선(합정역방향)승강장(B2)2호선환승내선(합정역방향)에스컬레이터옆
S9_9_0126,9호선,당산,facility_span,,1,1F,B1,1,down,EV,엘리베이터,[4호기](1F)10번출입구옆(B1)10번출입구통로
S9_9_0126,9호선,당산,facility_span,,1,1F,B1,1,down,EV,엘리베이터,"[5호기](1F)1번,13번출입구사이(B1)13번출입구통로"
S9_9_0126,9호선,당산,facility_span,,1,B1,B3,2,down,EV,엘리베이터,[1호기](B1)편의점방향표내는곳내부(B2)대합실환승통로중앙(에스컬레이터14호기좌측)(B3)국회의사당역방면승강장6-4방향비승차구역
S9_9_0081,9호선,국회의사당,move_path,inline,1,B2,B3,1,down,EV,엘리베이터,엘리베이터
S9_9_0081,9호선,국회의사당,facility_span,,1,1F,B2,2,down,EV,엘리베이터,"[2호기](1F)2번,3번출입구사이(B2)2번,3번출입구방향"
S9_9_0081,9호선,국회의사당,facility_span,,1,1F,B2,2,down,EV,엘리베이터,[4호기](1F)6번출입구옆(B2)6번출입구방향
S9_9_0081,9호선,국회의사당,facility_span,,1,1F,B2,2,down,EV,엘리베이터,"[3호기](1F)4번,5번출입구사이(B2)4번,5번출입구방향"
S9_9_0081,9호선,국회의사당,facility_span,,1,B2,B3,1,down,EV,엘리베이터,[1호기](B2)편의점방향표내는곳내부화장실방향(B3)당산역방향승강장5-3출입문앞
S9_9_0412,9호선,여의도,move_path,paren,0,B2,B4,2,down,EV,엘리베이터,5호선 여의나루방향 엘리베이터 탑승이동
S9_9_0412,9호선,여의도,move_path,paren,1,B2,B1,1,up,EV,엘리베이터,5호선 방향 엘리베이터
S9_9_0412,9호선,여의도,move_path,paren,0,B2,B4,2,down,EV,엘리베이터,5호선 여의나루방향 엘리베이터
S9_9_0412,9호선,여의도,facility_span,,1,B1,B2,1,down,EV,엘리베이터,[1호기](B1)편의점방면게이트통과후개화방면(B2)국회의사당역방향승강장1-1출입문옆
S9_9_0412,9호선,여의도,facility_span,,1,B1,B2,1,down,EV,엘리베이터,[2호기](B1)편의점방면게이트통과후중앙보훈병원방면(B2)샛강역방향승강장6-4출입문옆
S9_9_0286,9호선,샛강,facility_span,,1,1F,B2,2,down,EV,엘리베이터,"[4호기](1F)3번출입구뒤(B2)표내는곳(9호선,신림선)방향,3번출입구옆"
S9_9_0286,9호선,샛강,facility_span,,1,1F,B2,2,down,EV,엘리베이터,"[3호기](1F)1번~2번출입구사이(B2)표내는곳(9호선,신림선)방향,1번~2번출입구방향"
S9_9_0286,9호선,샛강,facility_span,,1,B1,B2,1,down,EV,엘리베이터,[5호기]지하2층대합실및지하1층대합실간
S9_9_0286,9호선,샛강,facility_span,,1,B2,B3,1,down,EV,엘리베이터,"[1호기](B2)표내는곳(9호선,신림선)방향,1번~4번출입구방향(B3)여의도역방향승강장1-1출입문옆"
S9_9_0286,9호선,샛강,facility_span,,1,B2,B3,1,down,EV,엘리베이터,"[2호기](B2)표내는곳(9호선,신림선)방향,1번~4번출입구방향(B3)노량진역방향승강장6-4출입문옆"
S9_9_0114,9호선,노량진,move_path,,,B1,B1,0,same,PASSAGE,환승통로,1호선 환승통로 이용
S9_9_0114,9호선,노량진,facility_span,,1,1F,B1,1,down,EV,엘리베이터,"[3호기](1F)8번출입구옆(B1)9호선표내는곳방향,8번출입구방향"
S9_9_0114,9호선,노량진,facility_span,,1,1F,B1,1,down,EV,엘리베이터,"[4호기](1F)5번~6번출입구사이(B1)9호선표내는곳방향,5번~6번출입구방향,화장실방향"
S9_9_0114,9호선,노량진,facility_span,,1,1F,B1,1,down,EV,엘리베이터,"[8호기](1F)1호선용산역방향승강장(5번홈)7-1출입문앞(B1)9호선,1호선환승통로"
S9_9_0114,9호선,노량진,facility_span,,1,1F,B1,1,down,EV,엘리베이터,"[6호기](1F)1호선용산특급,급행승강장(2번홈)6-4출입문앞(B1)9호선,1호선환승통로"
S9_9_0114,9호선,노량진,facility_span,,1,1F,B1,1,down,EV,엘리베이터,"[7호기](1F)1호선대방역방향승강장(4번홈)4-4출입문앞(B1)9호선,1호선환승통로"
S9_9_0114,9호선,노량진,facility_span,,1,1F,B1,1,down,EV,엘리베이터,"[5호기](1F)1호선동인천특급,급행승강장(1번홈)4-4출입문앞(B1)9호선-1호선환승통로"
S9_9_0114,9호선,노량진,facility_span,,1,B1,B2,1,down,EV,엘리베이터,"[1호기](B1)표내는곳옆,1호선환승방향(B2)샛강역방향승강장4-1출입문앞"
S9_9_0114,9호선,노량진,facility_span,,1,B1,B2,1,down,EV,엘리베이터,"[2호기](B1)표내는곳옆,1호선환승방향(B2)노들역방향승강장3-4출입문앞"
S9_9_0113,9호선,노들,move_path,inline,1,B1,B2,1,down,EV,엘리베이터,노량진 방면 엘리베이터
S9_9_0113,9호선,노들,move_path,inline,1,B1,B2,1,down,EV,엘리베이터,흑석 방면 엘리베이터
S9_9_0113,9호선,노들,facility_span,,1,1F,B1,1,down,EV,엘리베이터,"[3호기](1F)1,5번출입구사이중간지점(B1)1번출구방향국민은행ATM기옆"
S9_9_0113,9호선,노들,facility_span,,1,1F,B1,1,down,EV,엘리베이터,[6호기](1F)5번출입구뒤(B1)5번출입구방향
S9_9_0113,9호선,노들,facility_span,,1,1F,0F,0,down,EV,엘리베이터,[5호기](1F)3번출입구뒤(중층)3번출입구방향
S9_9_0113,9호선,노들,facility_span,,1,0F,B1,1,down,EV,엘리베이터,"[4호기](중층)3,4번출입구연결통로(B1)3,4번출구방향,에스컬레이터9,10호기옆"
S9_9_0113,9호선,노들,facility_span,,1,B1,B2,1,down,EV,엘리베이터,[1호기](B2)노량진역방향승강장3-2출입문앞(B1)표내는곳내측대합실노량진역승강장방향
S9_9_0113,9호선,노들,facility_span,,1,B1,B2,1,down,EV,엘리베이터,[2호기](B2)흑석역방향승강장4-4출입문앞(B1)표내는곳내측대합실흑석역승강장방향
S9_9_0610,9호선,흑석,move_path,inline,1,B1,B2,1,down,EV,엘리베이터,동작 방면 엘리베이터
S9_9_0610,9호선,흑석,move_path,inline,1,B1,B2,1,down,EV,엘리베이터,노들 방면 엘리베이터
S9_9_0610,9호선,흑석,facility_span,,1,1F,B1,1,down,EV,엘리베이터,"[4호기](1F)3,4번출입구사이(B1)표내는곳방향,3,4번출입구방향"
S9_9_0610,9호선,흑석,facility_span,,1,1F,B1,1,down,EV,엘리베이터,"[3호기](1F)1,2번출입구사이(B1)표내는곳방향,2번출입구방향"
S9_9_0610,9호선,흑석,facility_span,,1,B1,B2,1,down,EV,엘리베이터,[2호기](B1)표내는곳방향(B2)동작역방향승강장4-2출입문앞
S9_9_0610,9호선,흑석,facility_span,,1,B1,B2,1,down,EV,엘리베이터,[1호기](B1)표내는곳방향(B2)노들역방향승강장3-3출입문앞
S9_9_0167,9호선,동작,move_path,inline,1,B2,B3,1,down,EV,엘리베이터,5번 출입구 근처 엘리베이터
S9_9_0167,9호선,동작,move_path,inline,0,B1,B2,1,down,EV,엘리베이터,지하 1층 통로를 지나 5번 출입구 근처 엘리베이터
S9_9_0167,9호선,동작,move_path,inline,0,B2,2F,3,up,EV,엘리베이터,환승통로 엘리베이터
S9_9_0167,9호선,동작,move_path,inline,0,2F,3F,1,up,EV,엘리베이터,4호선 대합실 이촌 방면 엘리베이터
S9_9_0167,9호선,동작,move_path,inline,0,2F,3F,1,up,EV,엘리베이터,4호선 대합실 총신대입구 방면 엘리베이터
S9_9_0167,9호선,동작,facility_span,,1,1F,B2,2,down,EV,엘리베이터,"[5호기](1F)5번출입구옆(B1)5번~8번출입구방향(B2)9호선표내는곳방향,5번~8번출입구방향"
S9_9_0167,9호선,동작,facility_span,,1,1F,B1,1,down,EV,엘리베이터,[7호기](B1)7번~8번출입구방향(1F)7번~8번출입구사이
S9_9_0167,9호선,동작,facility_span,,1,1F,B2,2,down,EV,엘리베이터,"[6호기](B2)9호선환승방향,5번~9번출입구방향(1F)환승표내는곳앞,1번~4번출입구방향"
S9_9_0167,9호선,동작,facility_span,,1,B2,B3,1,down,EV,엘리베이터,"[1호기](B2)표내는곳앞,5~9번출입구방향(B3)흑석역방향승강장2-1출입문앞"
S9_9_0167,9호선,동작,facility_span,,1,B2,B3,1,down,EV,엘리베이터,"[4호기](B2)4,9호선환승통로,1번~9번출입구방향(B3)구반포역방향승강장1-2출입문앞"
S9_9_0167,9호선,동작,facility_span,,1,B2,B3,1,down,EV,엘리베이터,"[3호기](B2)4,9호선환승통로,1번~9번출입구방향(B3)흑석역방향승강장6-2출입문앞"
S9_9_0167,9호선,동작,facility_span,,1,B2,B3,1,down,EV,엘리베이터,"[2호기](B2)표내는곳앞,5~9번출입구방향(B3)구반포역방향승강장5-3출입문앞"
S9_9_0073,9호선,구반포,move_path,inline,0,B1,B3,2,down,EV,엘리베이터,신반포 방면 엘리베이터
S9_9_0073,9호선,구반포,move_path,inline,0,B1,B3,2,down,EV,엘리베이터,동작 방면 엘리베이터
S9_9_0073,9호선,구반포,facility_span,,1,1F,B2,2,down,EV,엘리베이터,[3호기](1F)2번~3번출입구사이(B1)기능실1출입문앞
S9_9_0073,9호선,구반포,facility_span,,1,B2,B3,1,down,EV,엘리베이터,[1호기](B1)표내는곳방향(B2)동작역방향승강장2-1출입문앞
S9_9_0073,9호선,구반포,facility_span,,1,B2,B3,1,down,EV,엘리베이터,[2호기](B1)표내는곳방향(B2)고속터미널역방향승강장5-4출입문앞
S9_9_0363,9호선,신반포,move_path,inline,1,B1,B2,1,down,EV,엘리베이터,고속터미널 방면 엘리베이터
S9_9_0363,9호선,신반포,move_path,inline,1,B1,B2,1,down,EV,엘리베이터,구반포 방면 엘리베이터
S9_9_0363,9호선,신반포,facility_span,,1,1F,B1,1,down,EV,엘리베이터,"[4호기](1F)3번,4번출입구사이(B1)3번출구방향"
S9_9_0363,9호선,신반포,facility_span,,1,1F,B1,1,down,EV,엘리베이터,"[3호기](1F)1번,2번출입구사이(B1)1번,2번출구방향"
S9_9_0363,9호선,신반포,facility_span,,1,B1,B2,1,down,EV,엘리베이터,[2호기](B1)표내는곳방향(B2)고속터미널방향승강장3-4출입문앞
S9_9_0363,9호선,신반포,facility_span,,1,B1,B2,1,down,EV,엘리베이터,[1호기](B1)표내는곳방향(B2)구반포방향승강장3-4출입문앞
S9_9_0048,9호선,고속터미널,move_path,inline,1,B2,B5,3,down,EV,엘리베이터,사평 방면 엘리베이터
S9_9_0048,9호선,고속터미널,move_path,inline,0,B2,B4,2,down,EV,엘리베이터,신반포 방면 엘리베이터
S9_9_0048,9호선,고속터미널,move_path,inline,0,B4,B5,1,down,EV,엘리베이터,신반포 방면 엘리베이터
S9_9_0048,9호선,고속터미널,move_path,inline,0,B2,B4,2,down,EV,엘리베이터,사평 방면 엘리베이터
S9_9_0048,9호선,고속터미널,move_path,inline,0,B4,B5,1,down,EV,엘리베이터,사평 방면 엘리베이터
S9_9_0048,9호선,고속터미널,move_path,inline,1,B2,B5,3,down,EV,엘리베이터,신반포 방면 엘리베이터
S9_9_0048,9호선,고속터미널,move_path,,,B2,B2,0,same,PASSAGE,환승통로,7호선 환승통로 이동
S9_9_0048,9호선,고속터미널,move_path,inline,0,B2,B3,1,down,EV,엘리베이터,3호선 잠원 방면 엘리베이터
S9_9_0048,9호선,고속터미널,move_path,inline,0,B4,B2,2,up,EV,엘리베이터,9호선 사평 방면 엘리베이터
S9_9_0048,9호선,고속터미널,move_path,inline,0,B2,B3,1,down,EV,엘리베이터,3호선 교대 방면 엘리베이터
S9_9_0048,9호선,고속터미널,move_path,inline,0,B2,B3,1,down,EV,엘리베이터,7호선 내방 방면 엘리베이터
S9_9_0048,9호선,고속터미널,move_path,inline,0,B2,B3,1,down,EV,엘리베이터,7호선 반포 방면 엘리베이터
S9_9_0048,9호선,고속터미널,facility_span,,1,1F,B2,2,down,EV,엘리베이터,[4호기](1F)8-1번출입구뒤(B1)8-1번출구(B1)옆(B2)PS실출입문옆
S9_9_0048,9호선,고속터미널,facility_span,,1,1F,B2,2,down,EV,엘리베이터,[3호기](1F)1번출입구뒤반포지구대앞(B1)1번출구방향(B2)표내는곳옆
S9_9_0048,9호선,고속터미널,facility_span,,1,B2,B5,3,down,EV,엘리베이터,[1호기](B2)9호선안전관리실뒤(B4)전기실옆(B5)신반포역방향승강장4-4출입문앞
S9_9_0048,9호선,고속터미널,facility_span,,1,B2,B5,3,down,EV,엘리베이터,[2호기](B2)표내는곳화장실옆(B4)공연장앞(B5)사평역방면승강장1-1출입문앞
S9_9_0048,9호선,고속터미널,facility_span,,1,B3,B4,1,down,EV,엘리베이터,[2호기]
S9_9_0048,9호선,고속터미널,facility_span,,1,B3,B4,1,down,EV,엘리베이터,[1호기]
S9_9_0259,9호선,사평,move_path,inline,1,B1,B3,2,down,EV,엘리베이터,고속터미널 방면 엘리베이터
S9_9_0259,9호선,사평,move_path,inline,1,B1,B3,2,down,EV,엘리베이터,신논현 방면 엘리베이터
S9_9_0259,9호선,사평,facility_span,,1,1F,B1,1,down,EV,엘리베이터,[4호기](1F)2번출입구앞(B1)2번출구방향
S9_9_0259,9호선,사평,facility_span,,1,1F,B1,1,down,EV,엘리베이터,"[3호기](1F)1번출입구사평로방향(M1)1번출입구옆(B1)1번출구방향,화장실방향"
S9_9_0259,9호선,사평,facility_span,,1,B1,B3,2,down,EV,엘리베이터,[1호기](B1)표내는곳방향(B2)고속터미널역방향중층연결통로(B3)고속터미널역방향승강장4-2출입문앞
S9_9_0259,9호선,사평,facility_span,,1,B1,B3,2,down,EV,엘리베이터,[2호기](B1)표내는곳방향(B2)신논현역방향중층연결통로(B3)신논현역방향승강장4-1출입문앞
S9_9_0354,9호선,신논현,move_path,inline,0,B1,B4,3,down,EV,엘리베이터,사평 방면 엘리베이터
S9_9_0354,9호선,신논현,move_path,inline,0,B1,B4,3,down,EV,엘리베이터,언주 방면 엘리베이터
S9_9_0354,9호선,신논현,facility_span,,1,1F,B2,2,down,EV,엘리베이터,"[4호기](1F)8,9번출입구사이교보타워앞(B2)8번출구방향"
S9_9_0354,9호선,신논현,facility_span,,1,1F,B2,2,down,EV,엘리베이터,"[3호기](1F)1,2번출입구사이사평역방향(B2)2번출구방향"
S9_9_0354,9호선,신논현,facility_span,,1,B2,B4,2,down,EV,엘리베이터,[2호기](B2)표내는곳방향(B3)신분당선연결통로(B4)언주역방향승강장4-1출입문앞
S9_9_0354,9호선,신논현,facility_span,,1,B2,B4,2,down,EV,엘리베이터,[1호기](B2)표내는곳방향(B3)신분당선연결통로(B4)고속터미널방향(급행)승강장3-4출입문앞
S9_9_0410,9호선,언주,move_path,paren,0,1F,B1,1,down,EV,엘리베이터,2번 출입구 옆 엘리베이터
S9_9_0410,9호선,언주,move_path,paren,0,B1,B5,4,down,EV,엘리베이터,신논현 방면 엘리베이터
S9_9_0410,9호선,언주,move_path,paren,0,B1,B5,4,down,EV,엘리베이터,선정릉 방면 엘리베이터
S9_9_0410,9호선,언주,move_path,paren,0,1F,B1,1,down,EV,엘리베이터,6번 출입구 옆 엘리베이터
S9_9_0410,9호선,언주,facility_span,,1,B2,B3,1,down,EV,엘리베이터,[1호기]1번 출구와 8번 출구 사이
S9_9_0410,9호선,언주,facility_span,,1,B3,B4,1,down,EV,엘리베이터,[1호기]1번 출구와 8번 출구 사이
S9_9_0410,9호선,언주,facility_span,,1,B2,B3,1,down,EV,엘리베이터,[2호기]1번 출구와 8번 출구 사이
S9_9_0410,9호선,언주,facility_span,,1,B3,B4,1,down,EV,엘리베이터,[2호기]1번 출구와 8번 출구 사이
S9_9_0309,9호선,선정릉,move_path,paren,0,1F,B1,1,down,EV,엘리베이터,1번 출입구 옆 엘리베이터
S9_9_0309,9호선,선정릉,move_path,paren,0,B1,B3,2,down,EV,엘리베이터,언주 방면 엘리베이터
S9_9_0309,9호선,선정릉,move_path,paren,0,B1,B3,2,down,EV,엘리베이터,삼성중앙 방면 엘리베이터
S9_9_0309,9호선,선정릉,move_path,paren,0,1F,B1,1,down,EV,엘리베이터,4번 출입구 근처 엘리베이터
S9_9_0309,9호선,선정릉,move_path,paren,0,B3,B4,1,down,EV,엘리베이터,수인분당선 대합실 방향 환승 엘리베이터
S9_9_0309,9호선,선정릉,move_path,paren,0,B4,B5,1,down,EV,엘리베이터,수인분당선 강남구청 방면 엘리베이터
S9_9_0309,9호선,선정릉,move_path,paren,0,B4,B5,1,down,EV,엘리베이터,수인분당선 선릉 방면 엘리베이터
S9_9_0267,9호선,삼성중앙,move_path,paren,0,1F,B1,1,down,EV,엘리베이터,3번 출입구 옆 엘리베이터
S9_9_0267,9호선,삼성중앙,move_path,paren,0,B1,B2,1,down,EV,엘리베이터,선정릉 방면 엘리베이터
S9_9_0267,9호선,삼성중앙,move_path,paren,0,B1,B2,1,down,EV,엘리베이터,봉은사 방면 엘리베이터
S9_9_0267,9호선,삼성중앙,move_path,paren,0,1F,B1,1,down,EV,엘리베이터,5번 출입구 옆 엘리베이터
S9_9_0241,9호선,봉은사,move_path,paren,0,1F,B1,1,down,EV,엘리베이터,3번 출입구 옆 엘리베이터
S9_9_0241,9호선,봉은사,move_path,paren,0,B1,B2,1,down,EV,엘리베이터,삼성중앙 방면 엘리베이터
S9_9_0241,9호선,봉은사,move_path,paren,0,B1,B2,1,down,EV,엘리베이터,종합운동장 방면 엘리베이터
S9_9_0241,9호선,봉은사,move_path,paren,0,1F,B1,1,down,EV,엘리베이터,7번 출입구 옆 엘리베이터
S9_9_0518,9호선,종합운동장,move_path,paren,0,1F,B1,1,down,EV,엘리베이터,9번 출입구 옆 엘리베이터
S9_9_0518,9호선,종합운동장,move_path,paren,0,B1,B4,3,down,EV,엘리베이터,봉은사 방면 엘리베이터
S9_9_0518,9호선,종합운동장,move_path,paren,0,B1,B4,3,down,EV,엘리베이터,삼전 방면 엘리베이터
S9_9_0518,9호선,종합운동장,move_path,paren,0,B4,B2,2,up,EV,엘리베이터,환승 대합실 방향 엘리베이터
S9_9_0518,9호선,종합운동장,move_path,paren,0,B2,B1,1,up,EV,엘리베이터,2호선 방향 환승 엘리베이터
S9_9_0518,9호선,종합운동장,move_path,paren,0,B1,B2,1,down,EV,엘리베이터,2호선 잠실새내 방면 엘리베이터
S9_9_0518,9호선,종합운동장,move_path,paren,0,B1,B2,1,down,EV,엘리베이터,2호선 삼성 방면 엘리베이터
S9_9_0518,9호선,종합운동장,facility_span,,1,B2,B3,1,down,EV,엘리베이터,[4호기]1번 출구
S9_9_0518,9호선,종합운동장,facility_span,,1,B2,B3,1,down,EV,엘리베이터,[3호기]1번 출구와 9번 출구 사이
S9_9_1153,9호선,삼전,move_path,paren,0,1F,B1,1,down,EV,엘리베이터,1번 출입구 옆 엘리베이터
S9_9_1153,9호선,삼전,move_path,paren,0,B1,B2,1,down,EV,엘리베이터,종합운동장 방면 엘리베이터
S9_9_1153,9호선,삼전,move_path,paren,0,B1,B2,1,down,EV,엘리베이터,석촌고분 방면 엘리베이터
S9_9_1154,9호선,석촌고분,move_path,paren,0,1F,B1,1,down,EV,엘리베이터,1번 출입구 옆 엘리베이터
S9_9_1154,9호선,석촌고분,move_path,paren,0,B1,B2,1,down,EV,엘리베이터,승강장 방향 엘리베이터
S9_9_1154,9호선,석촌고분,move_path,paren,0,1F,B1,1,down,EV,엘리베이터,2번 출입구 옆 엘리베이터
S9_9_1154,9호선,석촌고분,move_path,paren,0,1F,B1,1,down,EV,엘리베이터,3번 출입구 옆 엘리베이터
S9_9_1154,9호선,석촌고분,move_path,paren,0,1F,B1,1,down,EV,엘리베이터,4번 출입구 옆 엘리베이터
S9_9_0305,9호선,석촌,move_path,paren,0,1F,B1,1,down,EV,엘리베이터,1번 출입구 옆 엘리베이터
S9_9_0305,9호선,석촌,move_path,paren,1,B1,B2,1,down,EV,엘리베이터,9호선 대합실 방향 엘리베이터
S9_9_0305,9호선,석촌,move_path,paren,0,B2,B4,2,down,EV,엘리베이터,승강장 방향 엘리베이터
S9_9_0305,9호선,석촌,move_path,paren,0,1F,B1,1,down,EV,엘리베이터,5번 출입구 옆 엘리베이터
S9_9_0305,9호선,석촌,move_path,paren,0,B4,B2,2,up,EV,엘리베이터,8호선 잠실 방면 환승 엘리베이터
S9_9_0305,9호선,석촌,move_path,paren,0,B4,B3,1,up,EV,엘리베이터,환승 대합실 방향 엘리베이터
S9_9_0305,9호선,석촌,move_path,paren,1,B3,B2,1,up,EV,엘리베이터,8호선 송파 방면 환승 엘리베이터
S9_9_0305,9호선,석촌,facility_span,,1,B1,B2,1,down,EV,엘리베이터,[3호기]
S9_9_0305,9호선,석촌,facility_span,,1,B2,B3,1,down,EV,엘리베이터,[3호기]
S9_9_1155,9호선,송파나루,move_path,paren,0,1F,B1,1,down,EV,엘리베이터,1번 출입구 옆 엘리베이터
S9_9_1155,9호선,송파나루,move_path,paren,0,B1,B2,1,down,EV,엘리베이터,승강장 방향 엘리베이터
S9_9_1155,9호선,송파나루,move_path,paren,0,1F,B1,1,down,EV,엘리베이터,2번 출입구 옆 엘리베이터
S9_9_1155,9호선,송파나루,move_path,paren,0,1F,B1,1,down,EV,엘리베이터,3번 출입구 옆 엘리베이터
S9_9_1155,9호선,송파나루,move_path,paren,0,1F,B1,1,down,EV,엘리베이터,4번 출입구 옆 엘리베이터
S9_9_1156,9호선,한성백제,move_path,paren,0,1F,B1,1,down,EV,엘리베이터,1번 출입구 옆 엘리베이터
S9_9_1156,9호선,한성백제,move_path,paren,0,B1,B2,1,down,EV,엘리베이터,승강장 방향 엘리베이터
S9_9_1156,9호선,한성백제,move_path,paren,0,1F,B1,1,down,EV,엘리베이터,2번 출입구 옆 엘리베이터
S9_9_0438,9호선,올림픽공원,move_path,paren,0,1F,B1,1,down,EV,엘리베이터,4번 출입구 옆 엘리베이터
S9_9_0438,9호선,올림픽공원,move_path,paren,0,B1,B2,1,down,EV,엘리베이터,엘리베이터
S9_9_0438,9호선,올림픽공원,move_path,paren,0,B2,B3,1,down,EV,엘리베이터,승강장 방향 엘리베이터
S9_9_0438,9호선,올림픽공원,move_path,paren,0,B3,B2,1,up,EV,엘리베이터,대합실 방향 엘리베이터
S9_9_0438,9호선,올림픽공원,move_path,paren,0,B2,B1,1,up,EV,엘리베이터,대합실 방향 엘리베이터
S9_9_0438,9호선,올림픽공원,move_path,,,B1,B1,0,same,PASSAGE,환승통로,5호선 방향 환승통로로 이동
S9_9_0438,9호선,올림픽공원,move_path,paren,0,B1,B2,1,down,EV,엘리베이터,5호선 둔촌동 방면 엘리베이터
S9_9_0438,9호선,올림픽공원,move_path,,,B2,B2,0,same,PASSAGE,환승통로,5호선 방향 환승통로로 이동
S9_9_1157,9호선,둔촌오륜,move_path,paren,0,1F,B1,1,down,EV,엘리베이터,1번 출입구 옆 엘리베이터
S9_9_1157,9호선,둔촌오륜,move_path,paren,0,B1,B2,1,down,EV,엘리베이터,승강장 방향 엘리베이터
S9_9_1157,9호선,둔촌오륜,move_path,paren,0,1F,B1,1,down,EV,엘리베이터,2번 출입구 옆 엘리베이터
S9_9_1158,9호선,중앙보훈병원,move_path,paren,0,1F,B1,1,down,EV,엘리베이터,1번 출입구 옆 엘리베이터
S9_9_1158,9호선,중앙보훈병원,move_path,paren,0,B1,B2,1,down,EV,엘리베이터,둔촌오륜 방면 엘리베이터
S9_9_1158,9호선,중앙보훈병원,move_path,paren,0,1F,B1,1,down,EV,엘리베이터,2번 출입구 옆 엘리베이터
S9_9_1158,9호선,중앙보훈병원,move_path,paren,0,1F,B1,1,down,EV,엘리베이터,3번 출입구 옆 엘리베이터
