are_cd,are_nm,rail_opr_istt_cd,ln_cd,ln_nm,prpr_stin_cd,stin_nm,mv_path_dv_cd,mv_path_dv_nm,mg_no,step_no,step_text
01,수도권,KR,1,1호선,1370,연천,1,출입구-승강장,1,1,"1) 1,2번 출입구 지상1층 엘리베이터 탑승"
01,수도권,KR,1,1호선,1370,연천,1,출입구-승강장,1,2,2) 지상2층 엘리베이터 하차
01,수도권,KR,1,1호선,1370,연천,1,출입구-승강장,1,3,3) 표 내는 곳 통과
01,수도권,KR,1,1호선,1370,연천,1,출입구-승강장,1,4,4) 인천(전곡)방면 지상3층 엘리베이터 탑승
01,수도권,KR,1,1호선,1370,연천,1,출입구-승강장,1,5,5) 인천(전곡)방면 지상1층 승강장 엘리베이터 하차
01,수도권,KR,1,1호선,1370,연천,1,출입구-승강장,1,6,6) 전곡방면 승강장 이동
01,수도권,KR,1,1호선,1370,연천,1,출입구-승강장,2,1,1) 3번 출입구 지상1층 엘리베이터 탑승
01,수도권,KR,1,1호선,1370,연천,1,출입구-승강장,2,2,2) 지상2층 엘리베이터 하차
01,수도권,KR,1,1호선,1370,연천,1,출입구-승강장,2,3,3) 표 내는 곳 통과
01,수도권,KR,1,1호선,1370,연천,1,출입구-승강장,2,4,4) 인천(전곡)방면 지상3층 엘리베이터 탑승
01,수도권,KR,1,1호선,1370,연천,1,출입구-승강장,2,5,5) 인천(전곡)방면 지상1층 승강장 엘리베이터 하차
01,수도권,KR,1,1호선,1370,연천,1,출입구-승강장,2,6,6) 전곡방면 승강장 이동
01,수도권,KR,1,1호선,1370,연천,1,출입구-승강장,3,1,1) 4번 출입구 지상1층 엘리베이터 탑승
01,수도권,KR,1,1호선,1370,연천,1,출입구-승강장,3,2,2) 지상2층 엘리베이터 하차
01,수도권,KR,1,1호선,1370,연천,1,출입구-승강장,3,3,3) 표 내는 곳 통과
01,수도권,KR,1,1호선,1370,연천,1,출입구-승강장,3,4,4) 인천(전곡)방면 지상3층 엘리베이터 탑승
01,수도권,KR,1,1호선,1370,연천,1,출입구-승강장,3,5,5) 인천(전곡)방면 지상1층 승강장 엘리베이터 하차
01,수도권,KR,1,1호선,1370,연천,1,출입구-승강장,3,6,6) 전곡방면 승강장 이동
01,수도권,KR,1,1호선,1369,전곡,1,출입구-승강장,1,1,1) 1번 출입구 옆 엘리베이터 탑승
01,수도권,KR,1,1호선,1369,전곡,1,출입구-승강장,1,2,2) 1번 출입구 옆 엘리베이터 대합실
01,수도권,KR,1,1호선,1369,전곡,1,출입구-승강장,1,3,3) 표 내는 곳 통과
01,수도권,KR,1,1호선,1369,전곡,1,출입구-승강장,1,4,4) 청산 방면 지상3층 엘리베이터
01,수도권,KR,1,1호선,1369,전곡,1,출입구-승강장,1,5,5) 청산 방면 지상1층 승강장
01,수도권,KR,1,1호선,1369,전곡,1,출입구-승강장,1,6,6) 승차 (휠체어칸)
01,수도권,KR,1,1호선,1369,전곡,1,출입구-승강장,2,1,1) 1번 출입구 옆 엘리베이터 탑승
01,수도권,KR,1,1호선,1369,전곡,1,출입구-승강장,2,2,2) 1번 출입구 옆 엘리베이터 대합실
01,수도권,KR,1,1호선,1369,전곡,1,출입구-승강장,2,3,3) 표 내는 곳 통과
01,수도권,KR,1,1호선,1369,전곡,1,출입구-승강장,2,4,4) 연천 방면 지상3층 엘리베이터
01,수도권,KR,1,1호선,1369,전곡,1,출입구-승강장,2,5,5) 연천 방면 지상1층 승강장
01,수도권,KR,1,1호선,1369,전곡,1,출입구-승강장,2,6,6) 승차 (휠체어칸)
01,수도권,KR,1,1호선,1369,전곡,1,출입구-승강장,3,1,1) 2/3번 출입구 옆 엘리베이터 탑승
01,수도권,KR,1,1호선,1369,전곡,1,출입구-승강장,3,2,2) 2/3번 출입구 옆 엘리베이터 대합실
01,수도권,KR,1,1호선,1369,전곡,1,출입구-승강장,3,3,3) 표 내는 곳 통과
01,수도권,KR,1,1호선,1369,전곡,1,출입구-승강장,3,4,4) 청산 방면 지상3층 엘리베이터
01,수도권,KR,1,1호선,1369,전곡,1,출입구-승강장,3,5,5) 청산 방면 지상1층 승강장
01,수도권,KR,1,1호선,1369,전곡,1,출입구-승강장,3,6,6) 승차 (휠체어칸)
01,수도권,KR,1,1호선,1369,전곡,1,출입구-승강장,4,1,1) 2/3번 출입구 옆 엘리베이터 탑승
01,수도권,KR,1,1호선,1369,전곡,1,출입구-승강장,4,2,2) 2/3번 출입구 옆 엘리베이터 대합실
01,수도권,KR,1,1호선,1369,전곡,1,출입구-승강장,4,3,3) 표 내는 곳 통과
01,수도권,KR,1,1호선,1369,전곡,1,출입구-승강장,4,4,4) 연천 방면 지상3층 엘리베이터
01,수도권,KR,1,1호선,1369,전곡,1,출입구-승강장,4,5,5) 연천 방면 지상1층 승강장
01,수도권,KR,1,1호선,1369,전곡,1,출입구-승강장,4,6,6) 승차 (휠체어칸)
01,수도권,KR,1,1호선,1368,청산,1,출입구-승강장,1,1,1) 1번 출입구
01,수도권,KR,1,1호선,1368,청산,1,출입구-승강장,1,2,2) 표 내는 곳 통과
01,수도권,KR,1,1호선,1368,청산,1,출입구-승강장,1,3,3) 소요산 방면 지상1층 엘리베이터
01,수도권,KR,1,1호선,1368,청산,1,출입구-승강장,1,4,4) 소요산 방면 지상2층 승강장
01,수도권,KR,1,1호선,1368,청산,1,출입구-승강장,1,5,5) 승차 (휠체어칸)
01,수도권,KR,1,1호선,1368,청산,1,출입구-승강장,2,1,1) 1번 출입구
01,수도권,KR,1,1호선,1368,청산,1,출입구-승강장,2,2,2) 표 내는 곳 통과
01,수도권,KR,1,1호선,1368,청산,1,출입구-승강장,2,3,3) 소요산 방면 지상1층 엘리베이터
01,수도권,KR,1,1호선,1368,청산,1,출입구-승강장,2,4,4) 소요산 방면 지상2층 승강장
01,수도권,KR,1,1호선,1368,청산,1,출입구-승강장,2,5,5) 승차 (휠체어칸)
01,수도권,KR,1,1호선,1368,청산,1,출입구-승강장,3,1,1) 2번 출입구
01,수도권,KR,1,1호선,1368,청산,1,출입구-승강장,3,2,2) 표 내는 곳 통과
01,수도권,KR,1,1호선,1368,청산,1,출입구-승강장,3,3,3) 소요산 방면 지상1층 엘리베이터
01,수도권,KR,1,1호선,1368,청산,1,출입구-승강장,3,4,4) 소요산 방면 지상2층 승강장
01,수도권,KR,1,1호선,1368,청산,1,출입구-승강장,3,5,5) 승차 (휠체어칸)
01,수도권,KR,1,1호선,1368,청산,1,출입구-승강장,4,1,1) 2번 출입구
01,수도권,KR,1,1호선,1368,청산,1,출입구-승강장,4,2,2) 표 내는 곳 통과
01,수도권,KR,1,1호선,1368,청산,1,출입구-승강장,4,3,3) 소요산 방면 지상1층 엘리베이터
01,수도권,KR,1,1호선,1368,청산,1,출입구-승강장,4,4,4) 소요산 방면 지상2층 승강장
01,수도권,KR,1,1호선,1368,청산,1,출입구-승강장,4,5,5) 승차 (휠체어칸)
01,수도권,KR,1,1호선,0324,소요산,1,출입구-승강장,1,1,1) (1F) 1번 출입구 대합실로 이동
01,수도권,KR,1,1호선,0324,소요산,1,출입구-승강장,1,2,2) 표 내는 곳 통과
01,수도권,KR,1,1호선,0324,소요산,1,출입구-승강장,1,3,3) 동두천 방면 승강장으로 이동
01,수도권,KR,1,1호선,0324,소요산,1,출입구-승강장,1,4,4) 승차 (휠체어칸)
01,수도권,KR,1,1호선,0324,소요산,1,출입구-승강장,2,1,1) (1F) 1번 출입구 대합실로 이동
01,수도권,KR,1,1호선,0324,소요산,1,출입구-승강장,2,2,2) 표 내는 곳 통과
01,수도권,KR,1,1호선,0324,소요산,1,출입구-승강장,2,3,3) 연천/인천 방면 엘리베이터 탑승
01,수도권,KR,1,1호선,0324,소요산,1,출입구-승강장,2,4,4) 동두천  방면승차 (휠체어칸)
01,수도권,KR,1,1호선,0158,동두천,1,출입구-승강장,1,1,1) (1F) 1번 출입구 옆 엘리베이터 탑승
01,수도권,KR,1,1호선,0158,동두천,1,출입구-승강장,1,2,2) (3F) 대합실로 이동
01,수도권,KR,1,1호선,0158,동두천,1,출입구-승강장,1,3,3) 표 내는 곳 통과
01,수도권,KR,1,1호선,0158,동두천,1,출입구-승강장,1,4,4) 소요산 방면 엘리베이터 탑승
01,수도권,KR,1,1호선,0158,동두천,1,출입구-승강장,1,5,5) (1F) 소요산 방면 승강장으로 이동
01,수도권,KR,1,1호선,0158,동두천,1,출입구-승강장,1,6,6) 승차 (휠체어칸)
01,수도권,KR,1,1호선,0158,동두천,1,출입구-승강장,2,1,1) (1F) 1번 출입구 옆 엘리베이터 탑승
01,수도권,KR,1,1호선,0158,동두천,1,출입구-승강장,2,2,2) (3F) 대합실로 이동
01,수도권,KR,1,1호선,0158,동두천,1,출입구-승강장,2,3,3) 표 내는 곳 통과
01,수도권,KR,1,1호선,0158,동두천,1,출입구-승강장,2,4,4) 보산 방면 엘리베이터 탑승
01,수도권,KR,1,1호선,0158,동두천,1,출입구-승강장,2,5,5) (1F) 보산 방면 승강장으로 이동
01,수도권,KR,1,1호선,0158,동두천,1,출입구-승강장,2,6,6) 승차 (휠체어칸)
01,수도권,KR,1,1호선,0158,동두천,1,출입구-승강장,3,1,1) (1F) 2번 출입구 옆 엘리베이터 탑승
01,수도권,KR,1,1호선,0158,동두천,1,출입구-승강장,3,2,2) (3F) 대합실로 이동
01,수도권,KR,1,1호선,0158,동두천,1,출입구-승강장,3,3,3) 표 내는 곳 통과
01,수도권,KR,1,1호선,0158,동두천,1,출입구-승강장,3,4,4) 소요산 방면 엘리베이터 탑승
01,수도권,KR,1,1호선,0158,동두천,1,출입구-승강장,3,5,5) (1F) 소요산 방면 승강장으로 이동
01,수도권,KR,1,1호선,0158,동두천,1,출입구-승강장,3,6,6) 승차 (휠체어칸)
01,수도권,KR,1,1호선,0158,동두천,1,출입구-승강장,4,1,1) (1F) 2번 출입구 옆 엘리베이터 탑승
01,수도권,KR,1,1호선,0158,동두천,1,출입구-승강장,4,2,2) (3F) 대합실로 이동
01,수도권,KR,1,1호선,0158,동두천,1,출입구-승강장,4,3,3) 표 내는 곳 통과
01,수도권,KR,1,1호선,0158,동두천,1,출입구-승강장,4,4,4) 보산 방면 엘리베이터 탑승
01,수도권,KR,1,1호선,0158,동두천,1,출입구-승강장,4,5,5) (1F) 보산 방면 승강장으로 이동
01,수도권,KR,1,1호선,0158,동두천,1,출입구-승강장,4,6,6) 승차 (휠체어칸)
01,수도권,KR,1,1호선,0235,보산,1,출입구-승강장,1,1,1) (1F) 1번 출입구 대합실로 이동
01,수도권,KR,1,1호선,0235,보산,1,출입구-승강장,1,2,2) 동두천 방면 엘리베이터 탑승
01,수도권,KR,1,1호선,0235,보산,1,출입구-승강장,1,3,3) (3F) 동두천 방면 승강장으로 이동
01,수도권,KR,1,1호선,0235,보산,1,출입구-승강장,1,4,4) 표 내는 곳 통과
01,수도권,KR,1,1호선,0235,보산,1,출입구-승강장,1,5,5) 승차 (휠체어칸)
01,수도권,KR,1,1호선,0235,보산,1,출입구-승강장,2,1,1) (1F) 1번 출입구 대합실로 이동
01,수도권,KR,1,1호선,0235,보산,1,출입구-승강장,2,2,2) 동두천중앙 방면 엘리베이터 탑승
01,수도권,KR,1,1호선,0235,보산,1,출입구-승강장,2,3,3) (3F) 동두천중앙 방면 승강장으로 이동
01,수도권,KR,1,1호선,0235,보산,1,출입구-승강장,2,4,4) 표 내는 곳 통과
01,수도권,KR,1,1호선,0235,보산,1,출입구-승강장,2,5,5) 승차 (휠체어칸)
01,수도권,KR,1,1호선,0235,보산,1,출입구-승강장,3,1,1) (1F) 2번 출입구 대합실로 이동
01,수도권,KR,1,1호선,0235,보산,1,출입구-승강장,3,2,2) 동두천 방면 엘리베이터 탑승
01,수도권,KR,1,1호선,0235,보산,1,출입구-승강장,3,3,3) (3F) 동두천 방면 승강장으로 이동
01,수도권,KR,1,1호선,0235,보산,1,출입구-승강장,3,4,4) 표 내는 곳 통과
01,수도권,KR,1,1호선,0235,보산,1,출입구-승강장,3,5,5) 승차 (휠체어칸)
01,수도권,KR,1,1호선,0235,보산,1,출입구-승강장,4,1,1) (1F) 2번 출입구 대합실로 이동
01,수도권,KR,1,1호선,0235,보산,1,출입구-승강장,4,2,2) 동두천중앙 방면 엘리베이터 탑승
01,수도권,KR,1,1호선,0235,보산,1,출입구-승강장,4,3,3) (3F) 동두천중앙 방면 승강장으로 이동
01,수도권,KR,1,1호선,0235,보산,1,출입구-승강장,4,4,4) 표 내는 곳 통과
01,수도권,KR,1,1호선,0235,보산,1,출입구-승강장,4,5,5) 승차 (휠체어칸)
01,수도권,KR,1,1호선,0159,동두천중앙,1,출입구-승강장,1,1,1) 1번 출입구
01,수도권,KR,1,1호선,0159,동두천중앙,1,출입구-승강장,1,2,2) 보산방면 지상1층 엘리베이터
01,수도권,KR,1,1호선,0159,동두천중앙,1,출입구-승강장,1,3,3) 보산방면 지상3층 승강장 엘리베이터
01,수도권,KR,1,1호선,0159,동두천중앙,1,출입구-승강장,1,4,4) 보산방면 승강장
01,수도권,KR,1,1호선,0159,동두천중앙,1,출입구-승강장,2,1,1) 2번 출입구
01,수도권,KR,1,1호선,0159,동두천중앙,1,출입구-승강장,2,2,2) 보산방면 지상1층 엘리베이터
01,수도권,KR,1,1호선,0159,동두천중앙,1,출입구-승강장,2,3,3) 보산방면 지상3층 승강장 엘리베이터
01,수도권,KR,1,1호선,0159,동두천중앙,1,출입구-승강장,2,4,4) 보산방면 승강장
01,수도권,KR,1,1호선,0159,동두천중앙,1,출입구-승강장,3,1,1) 3번 출입구
01,수도권,KR,1,1호선,0159,동두천중앙,1,출입구-승강장,3,2,2) 보산방면 지상1층 엘리베이터
01,수도권,KR,1,1호선,0159,동두천중앙,1,출입구-승강장,3,3,3) 보산방면 지상3층 승강장 엘리베이터
01,수도권,KR,1,1호선,0159,동두천중앙,1,출입구-승강장,3,4,4) 보산방면 승강장
01,수도권,KR,1,1호선,0159,동두천중앙,1,출입구-승강장,4,1,1) 4번 출입구
01,수도권,KR,1,1호선,0159,동두천중앙,1,출입구-승강장,4,2,2) 보산방면 지상1층 엘리베이터
01,수도권,KR,1,1호선,0159,동두천중앙,1,출입구-승강장,4,3,3) 보산방면 지상3층 승강장 엘리베이터
01,수도권,KR,1,1호선,0159,동두천중앙,1,출입구-승강장,4,4,4) 보산방면 승강장
01,수도권,KR,1,1호선,0159,동두천중앙,1,출입구-승강장,5,1,1) 1번 출입구
01,수도권,KR,1,1호선,0159,동두천중앙,1,출입구-승강장,5,2,2) 지행방면 지상1층 엘리베이터
01,수도권,KR,1,1호선,0159,동두천중앙,1,출입구-승강장,5,3,3) 지행방면 지상3층 승강장 엘리베이터
01,수도권,KR,1,1호선,0159,동두천중앙,1,출입구-승강장,5,4,4) 지행방면 승강장
01,수도권,KR,1,1호선,0159,동두천중앙,1,출입구-승강장,6,1,1) 2번 출입구
01,수도권,KR,1,1호선,0159,동두천중앙,1,출입구-승강장,6,2,2) 지행방면 지상1층 엘리베이터
01,수도권,KR,1,1호선,0159,동두천중앙,1,출입구-승강장,6,3,3) 지행방면 지상3층 승강장 엘리베이터
01,수도권,KR,1,1호선,0159,동두천중앙,1,출입구-승강장,6,4,4) 지행방면 승강장
01,수도권,KR,1,1호선,0159,동두천중앙,1,출입구-승강장,7,1,1) 3번 출입구
01,수도권,KR,1,1호선,0159,동두천중앙,1,출입구-승강장,7,2,2) 지행방면 지상1층 엘리베이터
01,수도권,KR,1,1호선,0159,동두천중앙,1,출입구-승강장,7,3,3) 지행방면 지상3층 승강장 엘리베이터
01,수도권,KR,1,1호선,0159,동두천중앙,1,출입구-승강장,7,4,4) 지행방면 승강장
01,수도권,KR,1,1호선,0159,동두천중앙,1,출입구-승강장,8,1,1) 4번 출입구
01,수도권,KR,1,1호선,0159,동두천중앙,1,출입구-승강장,8,2,2) 지행방면 지상1층 엘리베이터
01,수도권,KR,1,1호선,0159,동두천중앙,1,출입구-승강장,8,3,3) 지행방면 지상3층 승강장 엘리베이터
01,수도권,KR,1,1호선,0159,동두천중앙,1,출입구-승강장,8,4,4) 지행방면 승강장
01,수도권,KR,1,1호선,0538,지행,1,출입구-승강장,1,1,1) (1F) 1번 출입구 대합실로 이동
01,수도권,KR,1,1호선,0538,지행,1,출입구-승강장,1,2,2) 표 내는곳 통과
01,수도권,KR,1,1호선,0538,지행,1,출입구-승강장,1,3,3) 동두천중앙 방면 엘리베이터(2호기) 탑승
01,수도권,KR,1,1호선,0538,지행,1,출입구-승강장,1,4,4) (2F) 동두천중앙 방면 승강장으로 이동
01,수도권,KR,1,1호선,0538,지행,1,출입구-승강장,1,5,5) 승차(휠체어칸)
01,수도권,KR,1,1호선,0538,지행,1,출입구-승강장,2,1,1) (1F) 1번 출입구 대합실로 이동
01,수도권,KR,1,1호선,0538,지행,1,출입구-승강장,2,2,2) 표 내는곳 통과
01,수도권,KR,1,1호선,0538,지행,1,출입구-승강장,2,3,3) 덕정 방면 엘리베이터(1호기) 탑승
01,수도권,KR,1,1호선,0538,지행,1,출입구-승강장,2,4,4) (2F) 덕정 방면 승강장으로 이동
01,수도권,KR,1,1호선,0538,지행,1,출입구-승강장,2,5,5) 승차(휠체어칸)
01,수도권,KR,1,1호선,0538,지행,1,출입구-승강장,3,1,1) (1F) 4번 출입구 대합실로 이동
01,수도권,KR,1,1호선,0538,지행,1,출입구-승강장,3,2,2) 표 내는곳 통과
01,수도권,KR,1,1호선,0538,지행,1,출입구-승강장,3,3,3) 동두천중앙 방면 엘리베이터(2호기) 탑승
01,수도권,KR,1,1호선,0538,지행,1,출입구-승강장,3,4,4) (2F) 동두천중앙 방면 승강장으로 이동
01,수도권,KR,1,1호선,0538,지행,1,출입구-승강장,3,5,5) 승차(휠체어칸)
01,수도권,KR,1,1호선,0538,지행,1,출입구-승강장,4,1,1) (1F) 4번 출입구 대합실로 이동
01,수도권,KR,1,1호선,0538,지행,1,출입구-승강장,4,2,2) 표 내는곳 통과
01,수도권,KR,1,1호선,0538,지행,1,출입구-승강장,4,3,3) 덕정 방면 엘리베이터(1호기) 탑승
01,수도권,KR,1,1호선,0538,지행,1,출입구-승강장,4,4,4) (2F) 덕정 방면 승강장으로 이동
01,수도권,KR,1,1호선,0538,지행,1,출입구-승강장,4,5,5) 승차(휠체어칸)
01,수도권,KR,1,1호선,0141,덕정,1,출입구-승강장,1,1,1) 1번 출입구
01,수도권,KR,1,1호선,0141,덕정,1,출입구-승강장,1,2,2) 지행방면 지상1층 엘리베이터
01,수도권,KR,1,1호선,0141,덕정,1,출입구-승강장,1,3,3) 지행방면 지상2층 승강장 엘리베이터
01,수도권,KR,1,1호선,0141,덕정,1,출입구-승강장,1,4,4) 지행방면 승강장
01,수도권,KR,1,1호선,0141,덕정,1,출입구-승강장,2,1,1) 1번 출입구
01,수도권,KR,1,1호선,0141,덕정,1,출입구-승강장,2,2,2) 덕계방면 지상1층 엘리베이터
01,수도권,KR,1,1호선,0141,덕정,1,출입구-승강장,2,3,3) 덕계방면 지상2층 승강장 엘리베이터
01,수도권,KR,1,1호선,0141,덕정,1,출입구-승강장,2,4,4) 덕계방면 승강장
01,수도권,KR,1,1호선,0139,덕계,1,출입구-승강장,1,1,1) 1번 출입구
01,수도권,KR,1,1호선,0139,덕계,1,출입구-승강장,1,2,2) 개집표기 통과
01,수도권,KR,1,1호선,0139,덕계,1,출입구-승강장,1,3,3) 덕정방면 지상1층 엘리베이터
01,수도권,KR,1,1호선,0139,덕계,1,출입구-승강장,1,4,4) 덕정방면 지상2층 승강장 엘리베이터
01,수도권,KR,1,1호선,0139,덕계,1,출입구-승강장,1,5,5) 덕정방면 승강장
01,수도권,KR,1,1호선,0139,덕계,1,출입구-승강장,2,1,1) 2번 출입구
01,수도권,KR,1,1호선,0139,덕계,1,출입구-승강장,2,2,2) 개집표기 통과
01,수도권,KR,1,1호선,0139,덕계,1,출입구-승강장,2,3,3) 덕정방면 지상1층 엘리베이터
01,수도권,KR,1,1호선,0139,덕계,1,출입구-승강장,2,4,4) 덕정방면 지상2층 승강장 엘리베이터
01,수도권,KR,1,1호선,0139,덕계,1,출입구-승강장,2,5,5) 덕정방면 승강장
01,수도권,KR,1,1호선,0139,덕계,1,출입구-승강장,3,1,1) 1번 출입구
01,수도권,KR,1,1호선,0139,덕계,1,출입구-승강장,3,2,2) 개집표기 통과
01,수도권,KR,1,1호선,0139,덕계,1,출입구-승강장,3,3,3) 양주방면 지상1층 엘리베이터
01,수도권,KR,1,1호선,0139,덕계,1,출입구-승강장,3,4,4) 양주방면 지상2층 승강장 엘리베이터
01,수도권,KR,1,1호선,0139,덕계,1,출입구-승강장,3,5,5) 양주방면 승강장
01,수도권,KR,1,1호선,0139,덕계,1,출입구-승강장,4,1,1) 2번 출입구
01,수도권,KR,1,1호선,0139,덕계,1,출입구-승강장,4,2,2) 개집표기 통과
01,수도권,KR,1,1호선,0139,덕계,1,출입구-승강장,4,3,3) 양주방면 지상1층 엘리베이터
01,수도권,KR,1,1호선,0139,덕계,1,출입구-승강장,4,4,4) 양주방면 지상2층 승강장 엘리베이터
01,수도권,KR,1,1호선,0139,덕계,1,출입구-승강장,4,5,5) 양주방면 승강장
01,수도권,KR,1,1호선,0403,양주,1,출입구-승강장,1,1,1) (1F) 1번 출입구 대합실로 이동
01,수도권,KR,1,1호선,0403,양주,1,출입구-승강장,1,2,2) 표 내는곳 통과
01,수도권,KR,1,1호선,0403,양주,1,출입구-승강장,1,3,3) 덕계 방면 엘리베이터 탑승
01,수도권,KR,1,1호선,0403,양주,1,출입구-승강장,1,4,4) (2F) 덕계 방면 승강장으로 이동
01,수도권,KR,1,1호선,0403,양주,1,출입구-승강장,1,5,5) 승차(휠체어칸)
01,수도권,KR,1,1호선,0403,양주,1,출입구-승강장,2,1,1) (1F) 1번 출입구 대합실로 이동
01,수도권,KR,1,1호선,0403,양주,1,출입구-승강장,2,2,2) 표 내는곳 통과
01,수도권,KR,1,1호선,0403,양주,1,출입구-승강장,2,3,3) 녹양 방면 엘리베이터 탑승
01,수도권,KR,1,1호선,0403,양주,1,출입구-승강장,2,4,4) (2F) 녹양 방면 승강장으로 이동
01,수도권,KR,1,1호선,0403,양주,1,출입구-승강장,2,5,5) 승차(휠체어칸)
01,수도권,KR,1,1호선,0403,양주,1,출입구-승강장,3,1,1) (1F) 2번 출입구 대합실로 이동
01,수도권,KR,1,1호선,0403,양주,1,출입구-승강장,3,2,2) 표 내는곳 통과
01,수도권,KR,1,1호선,0403,양주,1,출입구-승강장,3,3,3) 덕계 방면 엘리베이터 탑승
01,수도권,KR,1,1호선,0403,양주,1,출입구-승강장,3,4,4) (2F) 덕계 방면 승강장으로 이동
01,수도권,KR,1,1호선,0403,양주,1,출입구-승강장,3,5,5) 승차(휠체어칸)
01,수도권,KR,1,1호선,0403,양주,1,출입구-승강장,4,1,1) (1F) 2번 출입구 대합실로 이동
01,수도권,KR,1,1호선,0403,양주,1,출입구-승강장,4,2,2) 표 내는곳 통과
01,수도권,KR,1,1호선,0403,양주,1,출입구-승강장,4,3,3) 녹양 방면 엘리베이터 탑승
01,수도권,KR,1,1호선,0403,양주,1,출입구-승강장,4,4,4) (2F) 녹양 방면 승강장으로 이동
01,수도권,KR,1,1호선,0403,양주,1,출입구-승강장,4,5,5) 승차(휠체어칸)
01,수도권,KR,1,1호선,0118,녹양,1,출입구-승강장,1,1,1) 1번 출입구
01,수도권,KR,1,1호선,0118,녹양,1,출입구-승강장,1,2,2) 개집표기 통과
01,수도권,KR,1,1호선,0118,녹양,1,출입구-승강장,1,3,3) 양주방면 지상1층 엘리베이터
01,수도권,KR,1,1호선,0118,녹양,1,출입구-승강장,1,4,4) 양주방면 지상2층 승강장 엘리베이터
01,수도권,KR,1,1호선,0118,녹양,1,출입구-승강장,1,5,5) 양주방면 승강장
01,수도권,KR,1,1호선,0118,녹양,1,출입구-승강장,2,1,1) 2번 출입구
01,수도권,KR,1,1호선,0118,녹양,1,출입구-승강장,2,2,2) 개집표기 통과
01,수도권,KR,1,1호선,0118,녹양,1,출입구-승강장,2,3,3) 양주방면 지상1층 엘리베이터
01,수도권,KR,1,1호선,0118,녹양,1,출입구-승강장,2,4,4) 양주방면 지상2층 승강장 엘리베이터
01,수도권,KR,1,1호선,0118,녹양,1,출입구-승강장,2,5,5) 양주방면 승강장
01,수도권,KR,1,1호선,0118,녹양,1,출입구-승강장,3,1,1) 1번 출입구
01,수도권,KR,1,1호선,0118,녹양,1,출입구-승강장,3,2,2) 개집표기 통과
01,수도권,KR,1,1호선,0118,녹양,1,출입구-승강장,3,3,3) 가능방면 지상1층 엘리베이터
01,수도권,KR,1,1호선,0118,녹양,1,출입구-승강장,3,4,4) 가능방면 지상2층 승강장 엘리베이터
01,수도권,KR,1,1호선,0118,녹양,1,출입구-승강장,3,5,5) 가능방면 승강장
01,수도권,KR,1,1호선,0118,녹양,1,출입구-승강장,4,1,1) 2번 출입구
01,수도권,KR,1,1호선,0118,녹양,1,출입구-승강장,4,2,2) 개집표기 통과
01,수도권,KR,1,1호선,0118,녹양,1,출입구-승강장,4,3,3) 가능방면 지상1층 엘리베이터
01,수도권,KR,1,1호선,0118,녹양,1,출입구-승강장,4,4,4) 가능방면 지상2층 승강장 엘리베이터
01,수도권,KR,1,1호선,0118,녹양,1,출입구-승강장,4,5,5) 가능방면 승강장
01,수도권,KR,1,1호선,0002,가능,1,출입구-승강장,1,1,1) 1번 출입구
01,수도권,KR,1,1호선,0002,가능,1,출입구-승강장,1,2,2) 개집표기 통과
01,수도권,KR,1,1호선,0002,가능,1,출입구-승강장,1,3,3) 녹양방면 지상1층 엘리베이터
01,수도권,KR,1,1호선,0002,가능,1,출입구-승강장,1,4,4) 녹양방면 지상2층 승강장 엘리베이터
01,수도권,KR,1,1호선,0002,가능,1,출입구-승강장,1,5,5) 녹양방면 승강장
01,수도권,KR,1,1호선,0002,가능,1,출입구-승강장,2,1,1) 2번 출입구
01,수도권,KR,1,1호선,0002,가능,1,출입구-승강장,2,2,2) 개집표기 통과
01,수도권,KR,1,1호선,0002,가능,1,출입구-승강장,2,3,3) 녹양방면 지상1층 엘리베이터
01,수도권,KR,1,1호선,0002,가능,1,출입구-승강장,2,4,4) 녹양방면 지상2층 승강장 엘리베이터
01,수도권,KR,1,1호선,0002,가능,1,출입구-승강장,2,5,5) 녹양방면 승강장
01,수도권,KR,1,1호선,0002,가능,1,출입구-승강장,3,1,1) 3번 출입구
01,수도권,KR,1,1호선,0002,가능,1,출입구-승강장,3,2,2) 개집표기 통과
01,수도권,KR,1,1호선,0002,가능,1,출입구-승강장,3,3,3) 녹양방면 지상1층 엘리베이터
01,수도권,KR,1,1호선,0002,가능,1,출입구-승강장,3,4,4) 녹양방면 지상2층 승강장 엘리베이터
01,수도권,KR,1,1호선,0002,가능,1,출입구-승강장,3,5,5) 녹양방면 승강장
01,수도권,KR,1,1호선,0002,가능,1,출입구-승강장,4,1,1) 1번 출입구
01,수도권,KR,1,1호선,0002,가능,1,출입구-승강장,4,2,2) 개집표기 통과
01,수도권,KR,1,1호선,0002,가능,1,출입구-승강장,4,3,3) 의정부방면 지상1층 엘리베이터
01,수도권,KR,1,1호선,0002,가능,1,출입구-승강장,4,4,4) 의정부방면 지상2층 승강장 엘리베이터
01,수도권,KR,1,1호선,0002,가능,1,출입구-승강장,4,5,5) 의정부방면 승강장
01,수도권,KR,1,1호선,0002,가능,1,출입구-승강장,5,1,1) 2번 출입구
01,수도권,KR,1,1호선,0002,가능,1,출입구-승강장,5,2,2) 개집표기 통과
01,수도권,KR,1,1호선,0002,가능,1,출입구-승강장,5,3,3) 의정부방면 지상1층 엘리베이터
01,수도권,KR,1,1호선,0002,가능,1,출입구-승강장,5,4,4) 의정부방면 지상2층 승강장 엘리베이터
01,수도권,KR,1,1호선,0002,가능,1,출입구-승강장,5,5,5) 의정부방면 승강장
01,수도권,KR,1,1호선,0002,가능,1,출입구-승강장,6,1,1) 3번 출입구
01,수도권,KR,1,1호선,0002,가능,1,출입구-승강장,6,2,2) 개집표기 통과
01,수도권,KR,1,1호선,0002,가능,1,출입구-승강장,6,3,3) 의정부방면 지상1층 엘리베이터
01,수도권,KR,1,1호선,0002,가능,1,출입구-승강장,6,4,4) 의정부방면 지상2층 승강장 엘리베이터
01,수도권,KR,1,1호선,0002,가능,1,출입구-승강장,6,5,5) 의정부방면 승강장
01,수도권,KR,1,1호선,0470,의정부,1,출입구-승강장,1,1,1) (1F) 1번 출입구 옆 엘리베이터 탑승
01,수도권,KR,1,1호선,0470,의정부,1,출입구-승강장,1,2,2) (3F) 대합실로 이동
01,수도권,KR,1,1호선,0470,의정부,1,출입구-승강장,1,3,3) 표 내는 곳 통과
01,수도권,KR,1,1호선,0470,의정부,1,출입구-승강장,1,4,4) 가능 방면 엘리베이터 탑승
01,수도권,KR,1,1호선,0470,의정부,1,출입구-승강장,1,5,5) (1F) 가능 방면 승강장으로 이동
01,수도권,KR,1,1호선,0470,의정부,1,출입구-승강장,1,6,6) 승차 (휠체어칸)
01,수도권,KR,1,1호선,0470,의정부,1,출입구-승강장,2,1,1) (1F) 1번 출입구 옆 엘리베이터 탑승
01,수도권,KR,1,1호선,0470,의정부,1,출입구-승강장,2,2,2) (3F) 대합실로 이동
01,수도권,KR,1,1호선,0470,의정부,1,출입구-승강장,2,3,3) 표 내는 곳 통과
01,수도권,KR,1,1호선,0470,의정부,1,출입구-승강장,2,4,4) 회룡 방면 엘리베이터 탑승
01,수도권,KR,1,1호선,0470,의정부,1,출입구-승강장,2,5,5) (1F) 회룡 방면 승강장으로 이동
01,수도권,KR,1,1호선,0470,의정부,1,출입구-승강장,2,6,6) 승차 (휠체어칸)
01,수도권,KR,1,1호선,0470,의정부,1,출입구-승강장,3,1,1) (1F) 3번 출입구 옆 엘리베이터 탑승
01,수도권,KR,1,1호선,0470,의정부,1,출입구-승강장,3,2,2) (3F) 대합실로 이동
01,수도권,KR,1,1호선,0470,의정부,1,출입구-승강장,3,3,3) 표 내는 곳 통과
01,수도권,KR,1,1호선,0470,의정부,1,출입구-승강장,3,4,4) 가능 방면 엘리베이터 탑승
01,수도권,KR,1,1호선,0470,의정부,1,출입구-승강장,3,5,5) (1F) 가능 방면 승강장으로 이동
01,수도권,KR,1,1호선,0470,의정부,1,출입구-승강장,3,6,6) 승차 (휠체어칸)
01,수도권,KR,1,1호선,0470,의정부,1,출입구-승강장,4,1,1) (1F) 3번 출입구 옆 엘리베이터 탑승
01,수도권,KR,1,1호선,0470,의정부,1,출입구-승강장,4,2,2) (3F) 대합실로 이동
01,수도권,KR,1,1호선,0470,의정부,1,출입구-승강장,4,3,3) 표 내는 곳 통과
01,수도권,KR,1,1호선,0470,의정부,1,출입구-승강장,4,4,4) 회룡 방면 엘리베이터 탑승
01,수도권,KR,1,1호선,0470,의정부,1,출입구-승강장,4,5,5) (1F) 회룡 방면 승강장으로 이동
01,수도권,KR,1,1호선,0470,의정부,1,출입구-승강장,4,6,6) 승차 (휠체어칸)
01,수도권,KR,1,1호선,0470,의정부,1,출입구-승강장,5,1,1) (1F) 4번 출입구 옆 엘리베이터 탑승
01,수도권,KR,1,1호선,0470,의정부,1,출입구-승강장,5,2,2) (3F) 대합실로 이동
01,수도권,KR,1,1호선,0470,의정부,1,출입구-승강장,5,3,3) 표 내는 곳 통과
01,수도권,KR,1,1호선,0470,의정부,1,출입구-승강장,5,4,4) 가능 방면 엘리베이터 탑승
01,수도권,KR,1,1호선,0470,의정부,1,출입구-승강장,5,5,5) (1F) 가능 방면 승강장으로 이동
01,수도권,KR,1,1호선,0470,의정부,1,출입구-승강장,5,6,6) 승차 (휠체어칸)
01,수도권,KR,1,1호선,0470,의정부,1,출입구-승강장,6,1,1) (1F) 4번 출입구 옆 엘리베이터 탑승
01,수도권,KR,1,1호선,0470,의정부,1,출입구-승강장,6,2,2) (3F) 대합실로 이동
01,수도권,KR,1,1호선,0470,의정부,1,출입구-승강장,6,3,3) 표 내는 곳 통과
01,수도권,KR,1,1호선,0470,의정부,1,출입구-승강장,6,4,4) 회룡 방면 엘리베이터 탑승
01,수도권,KR,1,1호선,0470,의정부,1,출입구-승강장,6,5,5) (1F) 회룡 방면 승강장으로 이동
01,수도권,KR,1,1호선,0470,의정부,1,출입구-승강장,6,6,6) 승차 (휠체어칸)
01,수도권,KR,1,1호선,0470,의정부,1,출입구-승강장,7,1,1) (1F) 6번 출입구 옆 엘리베이터 탑승
01,수도권,KR,1,1호선,0470,의정부,1,출입구-승강장,7,2,2) (3F) 대합실로 이동
01,수도권,KR,1,1호선,0470,의정부,1,출입구-승강장,7,3,3) 표 내는 곳 통과
01,수도권,KR,1,1호선,0470,의정부,1,출입구-승강장,7,4,4) 가능 방면 엘리베이터 탑승
01,수도권,KR,1,1호선,0470,의정부,1,출입구-승강장,7,5,5) (1F) 가능 방면 승강장으로 이동
01,수도권,KR,1,1호선,0470,의정부,1,출입구-승강장,7,6,6) 승차 (휠체어칸)
01,수도권,KR,1,1호선,0470,의정부,1,출입구-승강장,8,1,1) (1F) 6번 출입구 옆 엘리베이터 탑승
01,수도권,KR,1,1호선,0470,의정부,1,출입구-승강장,8,2,2) (3F) 대합실로 이동
01,수도권,KR,1,1호선,0470,의정부,1,출입구-승강장,8,3,3) 표 내는 곳 통과
01,수도권,KR,1,1호선,0470,의정부,1,출입구-승강장,8,4,4) 회룡 방면 엘리베이터 탑승
01,수도권,KR,1,1호선,0470,의정부,1,출입구-승강장,8,5,5) (1F) 회룡 방면 승강장으로 이동
01,수도권,KR,1,1호선,0470,의정부,1,출입구-승강장,8,6,6) 승차 (휠체어칸)
01,수도권,KR,1,1호선,0470,의정부,1,출입구-승강장,9,1,1) (1F) 7번 출입구 옆 엘리베이터 탑승
01,수도권,KR,1,1호선,0470,의정부,1,출입구-승강장,9,2,2) (3F) 대합실로 이동
01,수도권,KR,1,1호선,0470,의정부,1,출입구-승강장,9,3,3) 표 내는 곳 통과
01,수도권,KR,1,1호선,0470,의정부,1,출입구-승강장,9,4,4) 가능 방면 엘리베이터 탑승
01,수도권,KR,1,1호선,0470,의정부,1,출입구-승강장,9,5,5) (1F) 가능 방면 승강장으로 이동
01,수도권,KR,1,1호선,0470,의정부,1,출입구-승강장,9,6,6) 승차 (휠체어칸)
01,수도권,KR,1,1호선,0470,의정부,1,출입구-승강장,10,1,1) (1F) 7번 출입구 옆 엘리베이터 탑승
01,수도권,KR,1,1호선,0470,의정부,1,출입구-승강장,10,2,2) (3F) 대합실로 이동
01,수도권,KR,1,1호선,0470,의정부,1,출입구-승강장,10,3,3) 표 내는 곳 통과
01,수도권,KR,1,1호선,0470,의정부,1,출입구-승강장,10,4,4) 회룡 방면 엘리베이터 탑승
01,수도권,KR,1,1호선,0470,의정부,1,출입구-승강장,10,5,5) (1F) 회룡 방면 승강장으로 이동
01,수도권,KR,1,1호선,0470,의정부,1,출입구-승강장,10,6,6) 승차 (휠체어칸)
01,수도권,KR,1,1호선,0606,회룡,1,출입구-승강장,1,1,1) (1F) 1번 출입구 옆 엘리베이터 탑승
01,수도권,KR,1,1호선,0606,회룡,1,출입구-승강장,1,2,2) (2F) 대합실 이동
01,수도권,KR,1,1호선,0606,회룡,1,출입구-승강장,1,3,3) 표 내는곳 통과
01,수도권,KR,1,1호선,0606,회룡,1,출입구-승강장,1,4,4) 의정부 방면 엘리베이터(2호기) 탑승
01,수도권,KR,1,1호선,0606,회룡,1,출입구-승강장,1,5,5) (1F) 의정부 방면 승강장으로 이동
01,수도권,KR,1,1호선,0606,회룡,1,출입구-승강장,1,6,6) 승차 (휠체어칸)
01,수도권,KR,1,1호선,0606,회룡,1,출입구-승강장,2,1,1) (1F) 1번 출입구 옆 엘리베이터 탑승
01,수도권,KR,1,1호선,0606,회룡,1,출입구-승강장,2,2,2) (2F) 대합실 이동
01,수도권,KR,1,1호선,0606,회룡,1,출입구-승강장,2,3,3) 표 내는곳 통과
01,수도권,KR,1,1호선,0606,회룡,1,출입구-승강장,2,4,4) 망월사 방면 엘리베이터(1호기) 탑승
01,수도권,KR,1,1호선,0606,회룡,1,출입구-승강장,2,5,5) (1F) 망월사 방면 승강장으로 이동
01,수도권,KR,1,1호선,0606,회룡,1,출입구-승강장,2,6,6) 승차 (휠체어칸)
01,수도권,KR,1,1호선,0606,회룡,1,출입구-승강장,3,1,1) (1F) 2번 출입구 옆 엘리베이터 탑승
01,수도권,KR,1,1호선,0606,회룡,1,출입구-승강장,3,2,2) (2F) 대합실 이동
01,수도권,KR,1,1호선,0606,회룡,1,출입구-승강장,3,3,3) 표 내는곳 통과
01,수도권,KR,1,1호선,0606,회룡,1,출입구-승강장,3,4,4) 의정부 방면 엘리베이터(2호기) 탑승
01,수도권,KR,1,1호선,0606,회룡,1,출입구-승강장,3,5,5) (1F) 의정부 방면 승강장으로 이동
01,수도권,KR,1,1호선,0606,회룡,1,출입구-승강장,3,6,6) 승차 (휠체어칸)
01,수도권,KR,1,1호선,0606,회룡,1,출입구-승강장,4,1,1) (1F) 2번 출입구 옆 엘리베이터 탑승
01,수도권,KR,1,1호선,0606,회룡,1,출입구-승강장,4,2,2) (2F) 대합실 이동
01,수도권,KR,1,1호선,0606,회룡,1,출입구-승강장,4,3,3) 표 내는곳 통과
01,수도권,KR,1,1호선,0606,회룡,1,출입구-승강장,4,4,4) 망월사 방면 엘리베이터(1호기) 탑승
01,수도권,KR,1,1호선,0606,회룡,1,출입구-승강장,4,5,5) (1F) 망월사 방면 승강장으로 이동
01,수도권,KR,1,1호선,0606,회룡,1,출입구-승강장,4,6,6) 승차 (휠체어칸)
01,수도권,KR,1,1호선,0606,회룡,1,출입구-승강장,5,1,1) (1F) 3번 출입구 옆 엘리베이터 탑승
01,수도권,KR,1,1호선,0606,회룡,1,출입구-승강장,5,2,2) (2F) 대합실 이동
01,수도권,KR,1,1호선,0606,회룡,1,출입구-승강장,5,3,3) 표 내는곳 통과
01,수도권,KR,1,1호선,0606,회룡,1,출입구-승강장,5,4,4) 의정부 방면 엘리베이터(2호기) 탑승
01,수도권,KR,1,1호선,0606,회룡,1,출입구-승강장,5,5,5) (1F) 의정부 방면 승강장으로 이동
01,수도권,KR,1,1호선,0606,회룡,1,출입구-승강장,5,6,6) 승차 (휠체어칸)
01,수도권,KR,1,1호선,0606,회룡,1,출입구-승강장,6,1,1) (1F) 3번 출입구 옆 엘리베이터 탑승
01,수도권,KR,1,1호선,0606,회룡,1,출입구-승강장,6,2,2) (2F) 대합실 이동
01,수도권,KR,1,1호선,0606,회룡,1,출입구-승강장,6,3,3) 표 내는곳 통과
01,수도권,KR,1,1호선,0606,회룡,1,출입구-승강장,6,4,4) 망월사 방면 엘리베이터(1호기) 탑승
01,수도권,KR,1,1호선,0606,회룡,1,출입구-승강장,6,5,5) (1F) 망월사 방면 승강장으로 이동
01,수도권,KR,1,1호선,0606,회룡,1,출입구-승강장,6,6,6) 승차 (휠체어칸)
01,수도권,KR,1,1호선,0606,회룡,1,출입구-승강장,7,1,1) (1F) 5번 출입구 옆 엘리베이터 탑승
01,수도권,KR,1,1호선,0606,회룡,1,출입구-승강장,7,2,2) 대합실 이동
01,수도권,KR,1,1호선,0606,회룡,1,출입구-승강장,7,3,3) 표 내는 곳 통과
01,수도권,KR,1,1호선,0606,회룡,1,출입구-승강장,7,4,4) 대합실 방면 엘리베이터 탑승
01,수도권,KR,1,1호선,0606,회룡,1,출입구-승강장,7,5,5) (2F) 의정부 방면 엘리베이터 이동
01,수도권,KR,1,1호선,0606,회룡,1,출입구-승강장,7,6,6) 의정부 방면 엘리베이터 탑승
01,수도권,KR,1,1호선,0606,회룡,1,출입구-승강장,7,7,7) (1F) 의정부 방면 승강장으로 이동
01,수도권,KR,1,1호선,0606,회룡,1,출입구-승강장,7,8,8) 승차 (휠체어칸)
01,수도권,KR,1,1호선,0606,회룡,1,출입구-승강장,8,1,1) (1F) 5번 출입구 옆 엘리베이터 탑승
01,수도권,KR,1,1호선,0606,회룡,1,출입구-승강장,8,2,2) 대합실 이동
01,수도권,KR,1,1호선,0606,회룡,1,출입구-승강장,8,3,3) 표 내는 곳 통과 후 망월사 방면 승강장 으로 이동
01,수도권,KR,1,1호선,0606,회룡,1,출입구-승강장,8,4,4) 승차 (휠체어칸)
01,수도권,KR,1,1호선,0606,회룡,3,환승,1,1,1) (F1)1호선 의정부 방면 승강장 하차
01,수도권,KR,1,1호선,0606,회룡,3,환승,1,2,2) 1호선 대합실 방향 엘리베이터 탑승
01,수도권,KR,1,1호선,0606,회룡,3,환승,1,3,3) (2F) 1호선 대합실 이동
01,수도권,KR,1,1호선,0606,회룡,3,환승,1,4,4) 표 내는 곳 옆 환승통로 이동
01,수도권,KR,1,1호선,0606,회룡,3,환승,1,5,5) 표 내는 곳 통과
01,수도권,KR,1,1호선,0606,회룡,3,환승,1,6,6) 의정부 발곡 방면 승강장으로 이동
01,수도권,KR,1,1호선,0606,회룡,3,환승,1,7,7) 승차 (휠체어칸)
01,수도권,KR,1,1호선,0606,회룡,3,환승,2,1,1) (F1)1호선 의정부 방면 승강장 하차
01,수도권,KR,1,1호선,0606,회룡,3,환승,2,2,2) 1호선 대합실 방향 엘리베이터 탑승
01,수도권,KR,1,1호선,0606,회룡,3,환승,2,3,3) (2F) 1호선 대합실 이동
01,수도권,KR,1,1호선,0606,회룡,3,환승,2,4,4) 표 내는 곳 옆 환승통로 이동
01,수도권,KR,1,1호선,0606,회룡,3,환승,2,5,5) 표 내는 곳 통과
01,수도권,KR,1,1호선,0606,회룡,3,환승,2,6,6) 의정부 발곡 방면 승강장으로 이동
01,수도권,KR,1,1호선,0606,회룡,3,환승,2,7,7) 의정부 대합실 방향 엘리베이터 탑승
01,수도권,KR,1,1호선,0606,회룡,3,환승,2,8,8) 의정부 대합실 이동
01,수도권,KR,1,1호선,0606,회룡,3,환승,2,9,9) 의정부 범골 방면 엘리베이터 탑승
01,수도권,KR,1,1호선,0606,회룡,3,환승,2,10,10) (3F) 의정부 범골 방면 승강장으로 이동
01,수도권,KR,1,1호선,0606,회룡,3,환승,2,11,11) 승차 (휠체어칸)
01,수도권,KR,1,1호선,0606,회룡,3,환승,3,1,1) (F1)1호선 망월사 방면 승강장 하차
01,수도권,KR,1,1호선,0606,회룡,3,환승,3,2,2) 1호선 대합실 방향 엘리베이터 탑승
01,수도권,KR,1,1호선,0606,회룡,3,환승,3,3,3) (2F) 1호선 대합실 이동
01,수도권,KR,1,1호선,0606,회룡,3,환승,3,4,4) 표 내는 곳 옆 환승통로 이동
01,수도권,KR,1,1호선,0606,회룡,3,환승,3,5,5) 표 내는 곳 통과
01,수도권,KR,1,1호선,0606,회룡,3,환승,3,6,6) 의정부 발곡 방면 승강장으로 이동
01,수도권,KR,1,1호선,0606,회룡,3,환승,3,7,7) 승차 (휠체어칸)
01,수도권,KR,1,1호선,0606,회룡,3,환승,4,1,1) (F1)1호선 망월사 방면 승강장 하차
01,수도권,KR,1,1호선,0606,회룡,3,환승,4,2,2) 1호선 대합실 방향 엘리베이터 탑승
01,수도권,KR,1,1호선,0606,회룡,3,환승,4,3,3) (2F) 1호선 대합실 이동
01,수도권,KR,1,1호선,0606,회룡,3,환승,4,4,4) 표 내는 곳 옆 환승통로 이동
01,수도권,KR,1,1호선,0606,회룡,3,환승,4,5,5) 표 내는 곳 통과
01,수도권,KR,1,1호선,0606,회룡,3,환승,4,6,6) 의정부 발곡 방면 승강장으로 이동
01,수도권,KR,1,1호선,0606,회룡,3,환승,4,7,7) 의정부 대합실 방향 엘리베이터 탑승
01,수도권,KR,1,1호선,0606,회룡,3,환승,4,8,8) 의정부 대합실 이동
01,수도권,KR,1,1호선,0606,회룡,3,환승,4,9,9) 의정부 범골 방면 엘리베이터 탑승
01,수도권,KR,1,1호선,0606,회룡,3,환승,4,10,10) (3F) 의정부 범골 방면 승강장으로 이동
01,수도권,KR,1,1호선,0606,회룡,3,환승,4,11,11) 승차 (휠체어칸)
01,수도권,KR,1,1호선,0190,망월사,1,출입구-승강장,1,1,1) 1번 출입구
01,수도권,KR,1,1호선,0190,망월사,1,출입구-승강장,1,2,2) 표 내는곳 통과
01,수도권,KR,1,1호선,0190,망월사,1,출입구-승강장,1,3,3) 회룡방면 지상1층 엘리베이터
01,수도권,KR,1,1호선,0190,망월사,1,출입구-승강장,1,4,4) 회룡방면 지상2층 승강장 엘리베이터
01,수도권,KR,1,1호선,0190,망월사,1,출입구-승강장,1,5,5) 회룡방면 승강장
01,수도권,KR,1,1호선,0190,망월사,1,출입구-승강장,2,1,1) 2번 출입구
01,수도권,KR,1,1호선,0190,망월사,1,출입구-승강장,2,2,2) 표 내는곳 통과
01,수도권,KR,1,1호선,0190,망월사,1,출입구-승강장,2,3,3) 회룡방면 지상1층 엘리베이터
01,수도권,KR,1,1호선,0190,망월사,1,출입구-승강장,2,4,4) 회룡방면 지상2층 승강장 엘리베이터
01,수도권,KR,1,1호선,0190,망월사,1,출입구-승강장,2,5,5) 회룡방면 승강장
01,수도권,KR,1,1호선,0190,망월사,1,출입구-승강장,3,1,1) 1번 출입구
01,수도권,KR,1,1호선,0190,망월사,1,출입구-승강장,3,2,2) 표 내는곳 통과
01,수도권,KR,1,1호선,0190,망월사,1,출입구-승강장,3,3,3) 도봉산방면 지상1층 엘리베이터
01,수도권,KR,1,1호선,0190,망월사,1,출입구-승강장,3,4,4) 도봉산방면 지상2층 승강장 엘리베이터
01,수도권,KR,1,1호선,0190,망월사,1,출입구-승강장,3,5,5) 도봉산방면 승강장
01,수도권,KR,1,1호선,0190,망월사,1,출입구-승강장,4,1,1) 2번 출입구
01,수도권,KR,1,1호선,0190,망월사,1,출입구-승강장,4,2,2) 표 내는곳 통과
01,수도권,KR,1,1호선,0190,망월사,1,출입구-승강장,4,3,3) 도봉산방면 지상1층 엘리베이터
01,수도권,KR,1,1호선,0190,망월사,1,출입구-승강장,4,4,4) 도봉산방면 지상2층 승강장 엘리베이터
01,수도권,KR,1,1호선,0190,망월사,1,출입구-승강장,4,5,5) 도봉산방면 승강장
01,수도권,KR,1,1호선,0146,도봉산,3,환승,1,1,1) 7호선 환승통로 방면 휠체어리프트로 이동
01,수도권,KR,1,1호선,0146,도봉산,3,환승,1,2,2) 지상 1층으로 이동
01,수도권,KR,1,1호선,0146,도봉산,3,환승,1,3,3) 수락산 방면 휠체어리프트로 이동
01,수도권,KR,1,1호선,0146,도봉산,3,환승,1,4,4) 지상 2층으로 이동
01,수도권,KR,1,1호선,0146,도봉산,3,환승,1,5,5) 승강장 이동
01,수도권,KR,1,1호선,0146,도봉산,3,환승,2,1,1) 7호선 환승통로 방면 휠체어리프트로 이동
01,수도권,KR,1,1호선,0146,도봉산,3,환승,2,2,2) 지상 1층으로 이동
01,수도권,KR,1,1호선,0146,도봉산,3,환승,2,3,3) 장암 방면 휠체어리프트로 이동
01,수도권,KR,1,1호선,0146,도봉산,3,환승,2,4,4) 지상 2층으로 이동
01,수도권,KR,1,1호선,0146,도봉산,3,환승,2,5,5) 승강장 이동
01,수도권,KR,1,1호선,0146,도봉산,3,환승,3,1,1) 7호선 환승통로 방면 휠체어리프트로 이동
01,수도권,KR,1,1호선,0146,도봉산,3,환승,3,2,2) 지상 1층으로 이동
01,수도권,KR,1,1호선,0146,도봉산,3,환승,3,3,3) 수락산 방면 휠체어리프트로 이동
01,수도권,KR,1,1호선,0146,도봉산,3,환승,3,4,4) 지상 2층으로 이동
01,수도권,KR,1,1호선,0146,도봉산,3,환승,3,5,5) 승강장 이동
01,수도권,KR,1,1호선,0146,도봉산,3,환승,4,1,1) 7호선 환승통로 방면 휠체어리프트로 이동
01,수도권,KR,1,1호선,0146,도봉산,3,환승,4,2,2) 지상 1층으로 이동
01,수도권,KR,1,1호선,0146,도봉산,3,환승,4,3,3) 장암 방면 휠체어리프트로 이동
01,수도권,KR,1,1호선,0146,도봉산,3,환승,4,4,4) 지상 2층으로 이동
01,수도권,KR,1,1호선,0146,도봉산,3,환승,4,5,5) 승강장 이동
01,수도권,KR,1,1호선,0145,도봉,1,출입구-승강장,3,1,1) 1번 출입구 근처 엘리베이터(1호기) 이용 2층으로 이동
01,수도권,KR,1,1호선,0145,도봉,1,출입구-승강장,3,2,2) 엘리베이터 하차 후 개집표기 통과
01,수도권,KR,1,1호선,0145,도봉,1,출입구-승강장,3,3,3) 도봉산 방면 승강장
01,수도권,KR,1,1호선,0145,도봉,1,출입구-승강장,4,1,1) 2번 출입구 근처 엘리베이터(2호기) 이용 2층으로 이동
01,수도권,KR,1,1호선,0145,도봉,1,출입구-승강장,4,2,2) 엘리베이터 하차 후 개집표기 통과
01,수도권,KR,1,1호선,0145,도봉,1,출입구-승강장,4,3,3) 도봉산 방면 승강장
01,수도권,KR,1,1호선,0145,도봉,1,출입구-승강장,5,1,1) 3번 출입구 근처 엘리베이터(3호기) 이용 2층으로 이동
01,수도권,KR,1,1호선,0145,도봉,1,출입구-승강장,5,2,2) 엘리베이터 하차 후 개집표기 통과
01,수도권,KR,1,1호선,0145,도봉,1,출입구-승강장,5,3,3) 방학 방면 승강장
01,수도권,KR,1,1호선,0220,방학,1,출입구-승강장,1,1,1) (1F) 1번 출입구 근처 엘리베이터 탑승
01,수도권,KR,1,1호선,0220,방학,1,출입구-승강장,1,2,2) (2F) 도봉 방면 승강장으로 이동
01,수도권,KR,1,1호선,0220,방학,1,출입구-승강장,1,3,3) 승차 (휠체어칸)
01,수도권,KR,1,1호선,0220,방학,1,출입구-승강장,2,1,1) (1F) 3번 출입구 근처 엘리베이터 탑승
01,수도권,KR,1,1호선,0220,방학,1,출입구-승강장,2,2,2) (2F) 도봉 방면 승강장으로 이동
01,수도권,KR,1,1호선,0220,방학,1,출입구-승강장,2,3,3) 승차 (휠체어칸)
01,수도권,KR,1,1호선,0220,방학,1,출입구-승강장,3,1,1) (1F) 2번 출입구 근처 엘리베이터 탑승
01,수도권,KR,1,1호선,0220,방학,1,출입구-승강장,3,2,2) (2F) 창동 방면 승강장으로 이동
01,수도권,KR,1,1호선,0220,방학,1,출입구-승강장,3,3,3) 승차 (휠체어칸)
01,수도권,KR,1,1호선,0220,방학,1,출입구-승강장,4,1,1) (1F) 3번 출입구 근처 엘리베이터 탑승
01,수도권,KR,1,1호선,0220,방학,1,출입구-승강장,4,2,2) (2F) 창동 방면 승강장으로 이동
01,수도권,KR,1,1호선,0220,방학,1,출입구-승강장,4,3,3) 승차 (휠체어칸)
01,수도권,KR,1,1호선,0541,창동,1,출입구-승강장,1,1,1) (1F) 1번 출입구 옆 엘리베이터 탑승
01,수도권,KR,1,1호선,0541,창동,1,출입구-승강장,1,2,2) (2F) 대합실로 이동
01,수도권,KR,1,1호선,0541,창동,1,출입구-승강장,1,3,3) 표 내는 곳 통과
01,수도권,KR,1,1호선,0541,창동,1,출입구-승강장,1,4,4) 1호선 이동통로 방향 휠체어리프트 탑승
01,수도권,KR,1,1호선,0541,창동,1,출입구-승강장,1,5,5) 이동통로로 이동
01,수도권,KR,1,1호선,0541,창동,1,출입구-승강장,1,6,6) 방학 방면 휠체어리프트 탑승
01,수도권,KR,1,1호선,0541,창동,1,출입구-승강장,1,7,7) (1F) 방학 방면 승강장으로 이동
01,수도권,KR,1,1호선,0541,창동,1,출입구-승강장,1,8,8) 승차 (휠체어칸)
01,수도권,KR,1,1호선,0541,창동,1,출입구-승강장,2,1,1) (1F) 1번 출입구 옆 엘리베이터 탑승
01,수도권,KR,1,1호선,0541,창동,1,출입구-승강장,2,2,2) (2F) 대합실로 이동
01,수도권,KR,1,1호선,0541,창동,1,출입구-승강장,2,3,3) 표 내는 곳 통과
01,수도권,KR,1,1호선,0541,창동,1,출입구-승강장,2,4,4) 1호선 이동통로 방향 휠체어리프트 탑승
01,수도권,KR,1,1호선,0541,창동,1,출입구-승강장,2,5,5) 이동통로로 이동
01,수도권,KR,1,1호선,0541,창동,1,출입구-승강장,2,6,6) 녹천 방면 휠체어리프트 탑승
01,수도권,KR,1,1호선,0541,창동,1,출입구-승강장,2,7,7) (1F) 녹천 방면 승강장으로 이동
01,수도권,KR,1,1호선,0541,창동,1,출입구-승강장,2,8,8) 승차 (휠체어칸)
01,수도권,KR,1,1호선,0541,창동,1,출입구-승강장,3,1,1) (1F) 2번 출입구 옆 엘리베이터 탑승
01,수도권,KR,1,1호선,0541,창동,1,출입구-승강장,3,2,2) (2F) 대합실로 이동
01,수도권,KR,1,1호선,0541,창동,1,출입구-승강장,3,3,3) 표 내는 곳 통과
01,수도권,KR,1,1호선,0541,창동,1,출입구-승강장,3,4,4) 1호선 이동통로 방향 휠체어리프트 탑승
01,수도권,KR,1,1호선,0541,창동,1,출입구-승강장,3,5,5) 이동통로로 이동
01,수도권,KR,1,1호선,0541,창동,1,출입구-승강장,3,6,6) 방학 방면 휠체어리프트 탑승
01,수도권,KR,1,1호선,0541,창동,1,출입구-승강장,3,7,7) (1F) 방학 방면 승강장으로 이동
01,수도권,KR,1,1호선,0541,창동,1,출입구-승강장,3,8,8) 승차 (휠체어칸)
01,수도권,KR,1,1호선,0541,창동,1,출입구-승강장,4,1,1) (1F) 2번 출입구 옆 엘리베이터 탑승
01,수도권,KR,1,1호선,0541,창동,1,출입구-승강장,4,2,2) (2F) 대합실로 이동
01,수도권,KR,1,1호선,0541,창동,1,출입구-승강장,4,3,3) 표 내는 곳 통과
01,수도권,KR,1,1호선,0541,창동,1,출입구-승강장,4,4,4) 1호선 이동통로 방향 휠체어리프트 탑승
01,수도권,KR,1,1호선,0541,창동,1,출입구-승강장,4,5,5) 이동통로로 이동
01,수도권,KR,1,1호선,0541,창동,1,출입구-승강장,4,6,6) 녹천 방면 휠체어리프트 탑승
01,수도권,KR,1,1호선,0541,창동,1,출입구-승강장,4,7,7) (1F) 녹천 방면 승강장으로 이동
01,수도권,KR,1,1호선,0541,창동,1,출입구-승강장,4,8,8) 승차 (휠체어칸)
01,수도권,KR,1,1호선,0541,창동,3,환승,1,1,1) (1F) 1호선 방학 방면 승강장 하차
01,수도권,KR,1,1호선,0541,창동,3,환승,1,2,2) 이동통로 방향 휠체어리프트 탑승
01,수도권,KR,1,1호선,0541,창동,3,환승,1,3,3) (3F) 이동통로로 이동
01,수도권,KR,1,1호선,0541,창동,3,환승,1,4,4) 대합실 방향 휠체어리프트 탑승
01,수도권,KR,1,1호선,0541,창동,3,환승,1,5,5) (2F) 대합실로 이동
01,수도권,KR,1,1호선,0541,창동,3,환승,1,6,6) 4호선 노원 방면 엘리베이터 탑승
01,수도권,KR,1,1호선,0541,창동,3,환승,1,7,7) (3F) 4호선 노원 방면 승강장으로 이동
01,수도권,KR,1,1호선,0541,창동,3,환승,1,8,8) 승차 (휠체어칸)
01,수도권,KR,1,1호선,0541,창동,3,환승,2,1,1) (1F) 1호선 방학 방면 승강장 하차
01,수도권,KR,1,1호선,0541,창동,3,환승,2,2,2) 이동통로 방향 휠체어리프트 탑승
01,수도권,KR,1,1호선,0541,창동,3,환승,2,3,3) (3F) 이동통로로 이동
01,수도권,KR,1,1호선,0541,창동,3,환승,2,4,4) 대합실 방향 휠체어리프트 탑승
01,수도권,KR,1,1호선,0541,창동,3,환승,2,5,5) (2F) 대합실로 이동
01,수도권,KR,1,1호선,0541,창동,3,환승,2,6,6) 4호선 쌍문 방면 엘리베이터 탑승
01,수도권,KR,1,1호선,0541,창동,3,환승,2,7,7) (3F) 4호선 쌍문 방면 승강장으로 이동
01,수도권,KR,1,1호선,0541,창동,3,환승,2,8,8) 승차 (휠체어칸)
01,수도권,KR,1,1호선,0541,창동,3,환승,3,1,1) (1F) 1호선 녹천 방면 승강장 하차
01,수도권,KR,1,1호선,0541,창동,3,환승,3,2,2) 이동통로 방향 휠체어리프트 탑승
01,수도권,KR,1,1호선,0541,창동,3,환승,3,3,3) (3F) 이동통로로 이동
01,수도권,KR,1,1호선,0541,창동,3,환승,3,4,4) 대합실 방향 휠체어리프트 탑승
01,수도권,KR,1,1호선,0541,창동,3,환승,3,5,5) (2F) 대합실로 이동
01,수도권,KR,1,1호선,0541,창동,3,환승,3,6,6) 4호선 노원 방면 엘리베이터 탑승
01,수도권,KR,1,1호선,0541,창동,3,환승,3,7,7) (3F) 4호선 노원 방면 승강장으로 이동
01,수도권,KR,1,1호선,0541,창동,3,환승,3,8,8) 승차 (휠체어칸)
01,수도권,KR,1,1호선,0541,창동,3,환승,4,1,1) (1F) 1호선 녹천 방면 승강장 하차
01,수도권,KR,1,1호선,0541,창동,3,환승,4,2,2) 이동통로 방향 휠체어리프트 탑승
01,수도권,KR,1,1호선,0541,창동,3,환승,4,3,3) (3F) 이동통로로 이동
01,수도권,KR,1,1호선,0541,창동,3,환승,4,4,4) 대합실 방향 휠체어리프트 탑승
01,수도권,KR,1,1호선,0541,창동,3,환승,4,5,5) (2F) 대합실로 이동
01,수도권,KR,1,1호선,0541,창동,3,환승,4,6,6) 4호선 쌍문 방면 엘리베이터 탑승
01,수도권,KR,1,1호선,0541,창동,3,환승,4,7,7) (3F) 4호선 쌍문 방면 승강장으로 이동
01,수도권,KR,1,1호선,0541,창동,3,환승,4,8,8) 승차 (휠체어칸)
01,수도권,KR,1,1호선,0119,녹천,1,출입구-승강장,1,1,1) 1번 출입구 지상1층 엘리베이터
01,수도권,KR,1,1호선,0119,녹천,1,출입구-승강장,1,2,2) 1번 출입구 지상2층 엘리베이터
01,수도권,KR,1,1호선,0119,녹천,1,출입구-승강장,1,3,3) 개집표기 통과
01,수도권,KR,1,1호선,0119,녹천,1,출입구-승강장,1,4,4) 창동방면 지상2층 엘리베이터
01,수도권,KR,1,1호선,0119,녹천,1,출입구-승강장,1,5,5) 창동방면 지상1층 승강장 엘리베이터
01,수도권,KR,1,1호선,0119,녹천,1,출입구-승강장,1,6,6) 창동방면 승강장
01,수도권,KR,1,1호선,0119,녹천,1,출입구-승강장,2,1,1) 2번 출입구 지상1층 엘리베이터
01,수도권,KR,1,1호선,0119,녹천,1,출입구-승강장,2,2,2) 2번 출입구 지상2층 엘리베이터
01,수도권,KR,1,1호선,0119,녹천,1,출입구-승강장,2,3,3) 개집표기 통과
01,수도권,KR,1,1호선,0119,녹천,1,출입구-승강장,2,4,4) 창동방면 지상2층 엘리베이터
01,수도권,KR,1,1호선,0119,녹천,1,출입구-승강장,2,5,5) 창동방면 지상1층 승강장 엘리베이터
01,수도권,KR,1,1호선,0119,녹천,1,출입구-승강장,2,6,6) 창동방면 승강장
01,수도권,KR,1,1호선,0119,녹천,1,출입구-승강장,3,1,1) 3번 출입구 지상1층 엘리베이터
01,수도권,KR,1,1호선,0119,녹천,1,출입구-승강장,3,2,2) 3번 출입구 지상2층 엘리베이터
01,수도권,KR,1,1호선,0119,녹천,1,출입구-승강장,3,3,3) 개집표기 통과
01,수도권,KR,1,1호선,0119,녹천,1,출입구-승강장,3,4,4) 창동방면 지상2층 엘리베이터
01,수도권,KR,1,1호선,0119,녹천,1,출입구-승강장,3,5,5) 창동방면 지상1층 승강장 엘리베이터
01,수도권,KR,1,1호선,0119,녹천,1,출입구-승강장,3,6,6) 창동방면 승강장
01,수도권,KR,1,1호선,0119,녹천,1,출입구-승강장,4,1,1) 4번 출입구 지상1층 엘리베이터
01,수도권,KR,1,1호선,0119,녹천,1,출입구-승강장,4,2,2) 4번 출입구 지상2층 엘리베이터
01,수도권,KR,1,1호선,0119,녹천,1,출입구-승강장,4,3,3) 개집표기 통과
01,수도권,KR,1,1호선,0119,녹천,1,출입구-승강장,4,4,4) 창동방면 지상2층 엘리베이터
01,수도권,KR,1,1호선,0119,녹천,1,출입구-승강장,4,5,5) 창동방면 지상1층 승강장 엘리베이터
01,수도권,KR,1,1호선,0119,녹천,1,출입구-승강장,4,6,6) 창동방면 승강장
01,수도권,KR,1,1호선,0119,녹천,1,출입구-승강장,5,1,1) 1번 출입구 지상1층 엘리베이터
01,수도권,KR,1,1호선,0119,녹천,1,출입구-승강장,5,2,2) 1번 출입구 지상2층 엘리베이터
01,수도권,KR,1,1호선,0119,녹천,1,출입구-승강장,5,3,3) 개집표기 통과
01,수도권,KR,1,1호선,0119,녹천,1,출입구-승강장,5,4,4) 월계방면 지상2층 엘리베이터
01,수도권,KR,1,1호선,0119,녹천,1,출입구-승강장,5,5,5) 월계방면 지상1층 승강장 엘리베이터
01,수도권,KR,1,1호선,0119,녹천,1,출입구-승강장,5,6,6) 월계방면 승강장
01,수도권,KR,1,1호선,0119,녹천,1,출입구-승강장,6,1,1) 2번 출입구 지상1층 엘리베이터
01,수도권,KR,1,1호선,0119,녹천,1,출입구-승강장,6,2,2) 2번 출입구 지상2층 엘리베이터
01,수도권,KR,1,1호선,0119,녹천,1,출입구-승강장,6,3,3) 개집표기 통과
01,수도권,KR,1,1호선,0119,녹천,1,출입구-승강장,6,4,4) 월계방면 지상2층 엘리베이터
01,수도권,KR,1,1호선,0119,녹천,1,출입구-승강장,6,5,5) 월계방면 지상1층 승강장 엘리베이터
01,수도권,KR,1,1호선,0119,녹천,1,출입구-승강장,6,6,6) 월계방면 승강장
01,수도권,KR,1,1호선,0119,녹천,1,출입구-승강장,7,1,1) 3번 출입구 지상1층 엘리베이터
01,수도권,KR,1,1호선,0119,녹천,1,출입구-승강장,7,2,2) 3번 출입구 지상2층 엘리베이터
01,수도권,KR,1,1호선,0119,녹천,1,출입구-승강장,7,3,3) 개집표기 통과
01,수도권,KR,1,1호선,0119,녹천,1,출입구-승강장,7,4,4) 월계방면 지상2층 엘리베이터
01,수도권,KR,1,1호선,0119,녹천,1,출입구-승강장,7,5,5) 월계방면 지상1층 승강장 엘리베이터
01,수도권,KR,1,1호선,0119,녹천,1,출입구-승강장,7,6,6) 월계방면 승강장
01,수도권,KR,1,1호선,0119,녹천,1,출입구-승강장,8,1,1) 4번 출입구 지상1층 엘리베이터
01,수도권,KR,1,1호선,0119,녹천,1,출입구-승강장,8,2,2) 4번 출입구 지상2층 엘리베이터
01,수도권,KR,1,1호선,0119,녹천,1,출입구-승강장,8,3,3) 개집표기 통과
01,수도권,KR,1,1호선,0119,녹천,1,출입구-승강장,8,4,4) 월계방면 지상2층 엘리베이터
01,수도권,KR,1,1호선,0119,녹천,1,출입구-승강장,8,5,5) 월계방면 지상1층 승강장 엘리베이터
01,수도권,KR,1,1호선,0119,녹천,1,출입구-승강장,8,6,6) 월계방면 승강장
01,수도권,KR,1,1호선,0459,월계,1,출입구-승강장,1,1,1) 1번 출입구 지상1층 엘리베이터
01,수도권,KR,1,1호선,0459,월계,1,출입구-승강장,1,2,2) 1번 출입구 지상2층 엘리베이터
01,수도권,KR,1,1호선,0459,월계,1,출입구-승강장,1,3,3) 개집표기 통과
01,수도권,KR,1,1호선,0459,월계,1,출입구-승강장,1,4,4) 녹천방면 지상2층 엘리베이터
01,수도권,KR,1,1호선,0459,월계,1,출입구-승강장,1,5,5) 녹천방면 지상1층 승강장 엘리베이터
01,수도권,KR,1,1호선,0459,월계,1,출입구-승강장,1,6,6) 녹천방면 승강장
01,수도권,KR,1,1호선,0459,월계,1,출입구-승강장,2,1,1) 2번 출입구 지상1층 엘리베이터
01,수도권,KR,1,1호선,0459,월계,1,출입구-승강장,2,2,2) 2번출입구 지상2층 엘리베이터
01,수도권,KR,1,1호선,0459,월계,1,출입구-승강장,2,3,3) 개집표기 통과
01,수도권,KR,1,1호선,0459,월계,1,출입구-승강장,2,4,4) 녹천방면 지상2층 엘리베이터
01,수도권,KR,1,1호선,0459,월계,1,출입구-승강장,2,5,5) 녹천방면 지상1층 승강장 엘리베이터
01,수도권,KR,1,1호선,0459,월계,1,출입구-승강장,2,6,6) 녹천방면 승강장
01,수도권,KR,1,1호선,0459,월계,1,출입구-승강장,3,1,1) 3번 출입구 지상1층 엘리베이터
01,수도권,KR,1,1호선,0459,월계,1,출입구-승강장,3,2,2) 3번출입구 지상2층 엘리베이터
01,수도권,KR,1,1호선,0459,월계,1,출입구-승강장,3,3,3) 개집표기 통과
01,수도권,KR,1,1호선,0459,월계,1,출입구-승강장,3,4,4) 녹천방면 지상2층 엘리베이터
01,수도권,KR,1,1호선,0459,월계,1,출입구-승강장,3,5,5) 녹천방면 지상1층 승강장 엘리베이터
01,수도권,KR,1,1호선,0459,월계,1,출입구-승강장,3,6,6) 녹천방면 승강장
01,수도권,KR,1,1호선,0459,월계,1,출입구-승강장,4,1,1) 4번 출입구 지상1층 엘리베이터
01,수도권,KR,1,1호선,0459,월계,1,출입구-승강장,4,2,2) 4번출입구 지상2층 엘리베이터
01,수도권,KR,1,1호선,0459,월계,1,출입구-승강장,4,3,3) 개집표기 통과
01,수도권,KR,1,1호선,0459,월계,1,출입구-승강장,4,4,4) 녹천방면 지상2층 엘리베이터
01,수도권,KR,1,1호선,0459,월계,1,출입구-승강장,4,5,5) 녹천방면 지상1층 승강장 엘리베이터
01,수도권,KR,1,1호선,0459,월계,1,출입구-승강장,4,6,6) 녹천방면 승강장
01,수도권,KR,1,1호선,0459,월계,1,출입구-승강장,5,1,1) 1번 출입구 지상1층 엘리베이터
01,수도권,KR,1,1호선,0459,월계,1,출입구-승강장,5,2,2) 1번 출입구 지상2층 엘리베이터
01,수도권,KR,1,1호선,0459,월계,1,출입구-승강장,5,3,3) 개집표기 통과
01,수도권,KR,1,1호선,0459,월계,1,출입구-승강장,5,4,4) 광운대방면 지상2층 엘리베이터
01,수도권,KR,1,1호선,0459,월계,1,출입구-승강장,5,5,5) 광운대방면 지상1층 승강장 엘리베이터
01,수도권,KR,1,1호선,0459,월계,1,출입구-승강장,5,6,6) 광운대방면 승강장
01,수도권,KR,1,1호선,0459,월계,1,출입구-승강장,6,1,1) 2번 출입구 지상1층 엘리베이터
01,수도권,KR,1,1호선,0459,월계,1,출입구-승강장,6,2,2) 2번출입구 지상2층 엘리베이터
01,수도권,KR,1,1호선,0459,월계,1,출입구-승강장,6,3,3) 개집표기 통과
01,수도권,KR,1,1호선,0459,월계,1,출입구-승강장,6,4,4) 광운대방면 지상2층 엘리베이터
01,수도권,KR,1,1호선,0459,월계,1,출입구-승강장,6,5,5) 광운대방면 지상1층 승강장 엘리베이터
01,수도권,KR,1,1호선,0459,월계,1,출입구-승강장,6,6,6) 광운대방면 승강장
01,수도권,KR,1,1호선,0459,월계,1,출입구-승강장,7,1,1) 3번 출입구 지상1층 엘리베이터
01,수도권,KR,1,1호선,0459,월계,1,출입구-승강장,7,2,2) 3번출입구 지상2층 엘리베이터
01,수도권,KR,1,1호선,0459,월계,1,출입구-승강장,7,3,3) 개집표기 통과
01,수도권,KR,1,1호선,0459,월계,1,출입구-승강장,7,4,4) 광운대방면 지상2층 엘리베이터
01,수도권,KR,1,1호선,0459,월계,1,출입구-승강장,7,5,5) 광운대방면 지상1층 승강장 엘리베이터
01,수도권,KR,1,1호선,0459,월계,1,출입구-승강장,7,6,6) 광운대방면 승강장
01,수도권,KR,1,1호선,0459,월계,1,출입구-승강장,8,1,1) 4번 출입구 지상1층 엘리베이터
01,수도권,KR,1,1호선,0459,월계,1,출입구-승강장,8,2,2) 4번출입구 지상2층 엘리베이터
01,수도권,KR,1,1호선,0459,월계,1,출입구-승강장,8,3,3) 개집표기 통과
01,수도권,KR,1,1호선,0459,월계,1,출입구-승강장,8,4,4) 광운대방면 지상2층 엘리베이터
01,수도권,KR,1,1호선,0459,월계,1,출입구-승강장,8,5,5) 광운대방면 지상1층 승강장 엘리베이터
01,수도권,KR,1,1호선,0459,월계,1,출입구-승강장,8,6,6) 광운대방면 승강장
01,수도권,KR,1,1호선,0065,광운대,1,출입구-승강장,1,1,1) 1번 출입구
01,수도권,KR,1,1호선,0065,광운대,1,출입구-승강장,1,2,2) 개집표기 통과
01,수도권,KR,1,1호선,0065,광운대,1,출입구-승강장,1,3,3) 월계방면 승강장
01,수도권,KR,1,1호선,0065,광운대,1,출입구-승강장,2,1,1) 2번 출입구
01,수도권,KR,1,1호선,0065,광운대,1,출입구-승강장,2,2,2) 개집표기 통과
01,수도권,KR,1,1호선,0065,광운대,1,출입구-승강장,2,3,3) 월계방면 승강장
01,수도권,KR,1,1호선,0065,광운대,1,출입구-승강장,3,1,1) 3번 출입구 지상1층 엘리베이터
01,수도권,KR,1,1호선,0065,광운대,1,출입구-승강장,3,2,2) 3번 출입구 지상2층 엘리베이터
01,수도권,KR,1,1호선,0065,광운대,1,출입구-승강장,3,3,3) 개집표기 통과
01,수도권,KR,1,1호선,0065,광운대,1,출입구-승강장,3,4,4)  월계방면 지상2층 에스컬레이터
01,수도권,KR,1,1호선,0065,광운대,1,출입구-승강장,3,5,5) 월계방면 지상1층 승강장 에스컬레이터
01,수도권,KR,1,1호선,0065,광운대,1,출입구-승강장,3,6,6) 월계방면 승강장
01,수도권,KR,1,1호선,0065,광운대,1,출입구-승강장,4,1,1) 1번 출입구
01,수도권,KR,1,1호선,0065,광운대,1,출입구-승강장,4,2,2) 개집표기 통과
01,수도권,KR,1,1호선,0065,광운대,1,출입구-승강장,4,3,3) 월계방면 지상1층 승강장 에스컬레이터
01,수도권,KR,1,1호선,0065,광운대,1,출입구-승강장,4,4,4) 월계방면 지하1층 에스컬레이터
01,수도권,KR,1,1호선,0065,광운대,1,출입구-승강장,4,5,5) 석계/상봉방면 지하1층 에스컬레이터
01,수도권,KR,1,1호선,0065,광운대,1,출입구-승강장,4,6,6) 석계/상봉방면 지상1층 승강장 에스컬레이터
01,수도권,KR,1,1호선,0065,광운대,1,출입구-승강장,4,7,7) 석계/상봉방면 승강장
01,수도권,KR,1,1호선,0065,광운대,1,출입구-승강장,5,1,1) 2번 출입구
01,수도권,KR,1,1호선,0065,광운대,1,출입구-승강장,5,2,2) 개집표기 통과
01,수도권,KR,1,1호선,0065,광운대,1,출입구-승강장,5,3,3) 월계방면 지상1층 승강장 에스컬레이터
01,수도권,KR,1,1호선,0065,광운대,1,출입구-승강장,5,4,4) 월계방면 지하1층 에스컬레이터
01,수도권,KR,1,1호선,0065,광운대,1,출입구-승강장,5,5,5) 석계/상봉방면 지하1층 에스컬레이터
01,수도권,KR,1,1호선,0065,광운대,1,출입구-승강장,5,6,6) 석계/상봉방면 지상1층 승강장 에스컬레이터
01,수도권,KR,1,1호선,0065,광운대,1,출입구-승강장,5,7,7) 석계/상봉방면 승강장
01,수도권,KR,1,1호선,0065,광운대,1,출입구-승강장,6,1,1) 3번 출입구 지상1층 엘리베이터
01,수도권,KR,1,1호선,0065,광운대,1,출입구-승강장,6,2,2) 3번 출입구 지상2층 엘리베이터
01,수도권,KR,1,1호선,0065,광운대,1,출입구-승강장,6,3,3) 개집표기 통과
01,수도권,KR,1,1호선,0065,광운대,1,출입구-승강장,6,4,4) 석계/상봉방면 지상2층 에스컬레이터
01,수도권,KR,1,1호선,0065,광운대,1,출입구-승강장,6,5,5) 석계/상봉방면 지상1층 승강장 에스컬레이터
01,수도권,KR,1,1호선,0065,광운대,1,출입구-승강장,6,6,6) 석계/상봉방면 승강장
01,수도권,KR,1,1호선,0065,광운대,1,출입구-승강장,7,1,1) 1번 출입구
01,수도권,KR,1,1호선,0065,광운대,1,출입구-승강장,7,2,2) 개집표기 통과
01,수도권,KR,1,1호선,0065,광운대,1,출입구-승강장,7,3,3) 월계방면 지상1층 승강장 에스컬레이터
01,수도권,KR,1,1호선,0065,광운대,1,출입구-승강장,7,4,4) 월계방면 지하1층 에스컬레이터
01,수도권,KR,1,1호선,0065,광운대,1,출입구-승강장,7,5,5) 하행 급행 지하1층 에스컬레이터
01,수도권,KR,1,1호선,0065,광운대,1,출입구-승강장,7,6,6) 하행 급행 지상1층 승강장 에스컬레이터
01,수도권,KR,1,1호선,0065,광운대,1,출입구-승강장,7,7,7) 하행 급행 승강장
01,수도권,KR,1,1호선,0065,광운대,1,출입구-승강장,8,1,1) 2번 출입구
01,수도권,KR,1,1호선,0065,광운대,1,출입구-승강장,8,2,2) 개집표기 통과
01,수도권,KR,1,1호선,0065,광운대,1,출입구-승강장,8,3,3) 월계방면 지상1층 승강장 에스컬레이터
01,수도권,KR,1,1호선,0065,광운대,1,출입구-승강장,8,4,4) 월계방면 지하1층 에스컬레이터
01,수도권,KR,1,1호선,0065,광운대,1,출입구-승강장,8,5,5) 하행 급행 지하1층 에스컬레이터
01,수도권,KR,1,1호선,0065,광운대,1,출입구-승강장,8,6,6) 하행 급행 지상1층 승강장 에스컬레이터
01,수도권,KR,1,1호선,0065,광운대,1,출입구-승강장,8,7,7) 하행 급행 승강장
01,수도권,KR,1,1호선,0065,광운대,1,출입구-승강장,9,1,1) 3번 출입구 지상1층 엘리베이터
01,수도권,KR,1,1호선,0065,광운대,1,출입구-승강장,9,2,2) 3번 출입구 지상2층 엘리베이터
01,수도권,KR,1,1호선,0065,광운대,1,출입구-승강장,9,3,3) 개집표기 통과
01,수도권,KR,1,1호선,0065,광운대,1,출입구-승강장,9,4,4) 하행 급행 지상2층 에스컬레이터
01,수도권,KR,1,1호선,0065,광운대,1,출입구-승강장,9,5,5) 하행 급행 지상1층 승강장 에스컬레이터
01,수도권,KR,1,1호선,0065,광운대,1,출입구-승강장,9,6,6) 하행 급행 승강장
01,수도권,KR,1,1호선,0300,석계,1,출입구-승강장,1,1,1) 1번 출입구 근처 엘리베이터 이용 지하 1층으로 이동
01,수도권,KR,1,1호선,0300,석계,1,출입구-승강장,1,2,2) 역 출입구 진입 후 엘리베이터 이용
01,수도권,KR,1,1호선,0300,석계,1,출입구-승강장,1,3,3) 지상 2층으로 이동
01,수도권,KR,1,1호선,0300,석계,1,출입구-승강장,1,4,4) 광운대/신이문 방면 승강장 이용
01,수도권,KR,1,1호선,0300,석계,3,환승,1,1,1) 1호선 승강장에서 5번출입구 방면으로 이동
01,수도권,KR,1,1호선,0300,석계,3,환승,1,2,2) 휠체어리프트 이용 지상 1층으로 이동
01,수도권,KR,1,1호선,0300,석계,3,환승,1,3,3) 6호선 환승통로 이동
01,수도권,KR,1,1호선,0300,석계,3,환승,1,4,4) 휠체어리프트 이용 지하 2층으로 이동
01,수도권,KR,1,1호선,0300,석계,3,환승,1,5,5) 6호선 환승통로 이동
01,수도권,KR,1,1호선,0300,석계,3,환승,1,6,6) 6호선 태릉입구 방면 엘리베이터 이용 지하 3층으로 이동
01,수도권,KR,1,1호선,0300,석계,3,환승,1,7,7) 6호선 태릉입구 방면 승강장 이용
01,수도권,KR,1,1호선,0300,석계,3,환승,2,1,1) 1호선 승강장에서 5번출입구 방면으로 이동
01,수도권,KR,1,1호선,0300,석계,3,환승,2,2,2) 휠체어리프트 이용 지상 1층으로 이동
01,수도권,KR,1,1호선,0300,석계,3,환승,2,3,3) 6호선 환승통로 이동
01,수도권,KR,1,1호선,0300,석계,3,환승,2,4,4) 휠체어리프트 이용 지하 2층으로 이동
01,수도권,KR,1,1호선,0300,석계,3,환승,2,5,5) 6호선 환승통로 이동
01,수도권,KR,1,1호선,0300,석계,3,환승,2,6,6) 6호선 돌곶이 방면 엘리베이터 이용 지하 3층으로 이동
01,수도권,KR,1,1호선,0300,석계,3,환승,2,7,7) 6호선 돌곶이 방면 승강장 이용
01,수도권,KR,1,1호선,0371,신이문,1,출입구-승강장,1,1,1) 1번 출입구 지상1층 엘리베이터
01,수도권,KR,1,1호선,0371,신이문,1,출입구-승강장,1,2,2) 1번 출입구 지상2층 엘리베이터
01,수도권,KR,1,1호선,0371,신이문,1,출입구-승강장,1,3,3) 개집표기 통과
01,수도권,KR,1,1호선,0371,신이문,1,출입구-승강장,1,4,4) 석계방면 지상2층 에스컬레이터
01,수도권,KR,1,1호선,0371,신이문,1,출입구-승강장,1,5,5) 석계방면 지상1층 승강장 에스컬레이터
01,수도권,KR,1,1호선,0371,신이문,1,출입구-승강장,1,6,6) 석계방면 승강장
01,수도권,KR,1,1호선,0371,신이문,1,출입구-승강장,2,1,1) 2번 출입구 지상1층 엘리베이터
01,수도권,KR,1,1호선,0371,신이문,1,출입구-승강장,2,2,2) 2번 출입구 지상2층 엘리베이터
01,수도권,KR,1,1호선,0371,신이문,1,출입구-승강장,2,3,3) 개집표기 통과
01,수도권,KR,1,1호선,0371,신이문,1,출입구-승강장,2,4,4) 석계방면 지상2층 에스컬레이터
01,수도권,KR,1,1호선,0371,신이문,1,출입구-승강장,2,5,5) 석계방면 지상1층 승강장 에스컬레이터
01,수도권,KR,1,1호선,0371,신이문,1,출입구-승강장,2,6,6) 석계방면 승강장
01,수도권,KR,1,1호선,0371,신이문,1,출입구-승강장,3,1,1) 3번 출입구 지상1층 엘리베이터
01,수도권,KR,1,1호선,0371,신이문,1,출입구-승강장,3,2,2) 3번 출입구 지상2층 엘리베이터
01,수도권,KR,1,1호선,0371,신이문,1,출입구-승강장,3,3,3) 지상3층 계단
01,수도권,KR,1,1호선,0371,신이문,1,출입구-승강장,3,4,4) 지상2층 계단
01,수도권,KR,1,1호선,0371,신이문,1,출입구-승강장,3,5,5) 개집표기 통과
01,수도권,KR,1,1호선,0371,신이문,1,출입구-승강장,3,6,6) 석계방면 지상2층 에스컬레이터
01,수도권,KR,1,1호선,0371,신이문,1,출입구-승강장,3,7,7) 석계방면 지상1층 승강장 에스컬레이터
01,수도권,KR,1,1호선,0371,신이문,1,출입구-승강장,3,8,8) 석계방면 승강장
01,수도권,KR,1,1호선,0371,신이문,1,출입구-승강장,4,1,1) 4번 출입구 지하1층 엘리베이터
01,수도권,KR,1,1호선,0371,신이문,1,출입구-승강장,4,2,2) 4번 출입구 지상1층 엘리베이터
01,수도권,KR,1,1호선,0371,신이문,1,출입구-승강장,4,3,3) 개집표기 통과
01,수도권,KR,1,1호선,0371,신이문,1,출입구-승강장,4,4,4) 석계방면 승강장
01,수도권,KR,1,1호선,0371,신이문,1,출입구-승강장,5,1,1) 1번 출입구 지상1층 엘리베이터
01,수도권,KR,1,1호선,0371,신이문,1,출입구-승강장,5,2,2) 1번 출입구 지상2층 엘리베이터
01,수도권,KR,1,1호선,0371,신이문,1,출입구-승강장,5,3,3) 개집표기 통과
01,수도권,KR,1,1호선,0371,신이문,1,출입구-승강장,5,4,4) 외대앞방면 지상2층 에스컬레이터
01,수도권,KR,1,1호선,0371,신이문,1,출입구-승강장,5,5,5) 외대앞방면 지상1층 승강장 에스컬레이터
01,수도권,KR,1,1호선,0371,신이문,1,출입구-승강장,5,6,6) 외대앞방면 승강장
01,수도권,KR,1,1호선,0371,신이문,1,출입구-승강장,6,1,1) 2번 출입구 지상1층 엘리베이터
01,수도권,KR,1,1호선,0371,신이문,1,출입구-승강장,6,2,2) 2번 출입구 지상2층 엘리베이터
01,수도권,KR,1,1호선,0371,신이문,1,출입구-승강장,6,3,3) 개집표기 통과
01,수도권,KR,1,1호선,0371,신이문,1,출입구-승강장,6,4,4) 외대앞방면 지상2층 에스컬레이터
01,수도권,KR,1,1호선,0371,신이문,1,출입구-승강장,6,5,5) 외대앞방면 지상1층 승강장 에스컬레이터
01,수도권,KR,1,1호선,0371,신이문,1,출입구-승강장,6,6,6) 외대앞방면 승강장
01,수도권,KR,1,1호선,0371,신이문,1,출입구-승강장,7,1,1) 3번 출입구 지상1층 엘리베이터
01,수도권,KR,1,1호선,0371,신이문,1,출입구-승강장,7,2,2) 3번 출입구 지상2층 엘리베이터
01,수도권,KR,1,1호선,0371,신이문,1,출입구-승강장,7,3,3) 지상3층 계단
01,수도권,KR,1,1호선,0371,신이문,1,출입구-승강장,7,4,4) 지상2층 계단
01,수도권,KR,1,1호선,0371,신이문,1,출입구-승강장,7,5,5) 개집표기 통과
01,수도권,KR,1,1호선,0371,신이문,1,출입구-승강장,7,6,6) 외대앞방면 지상2층 에스컬레이터
01,수도권,KR,1,1호선,0371,신이문,1,출입구-승강장,7,7,7) 외대앞방면 지상1층 승강장 에스컬레이터
01,수도권,KR,1,1호선,0371,신이문,1,출입구-승강장,7,8,8) 외대앞방면 승강장
01,수도권,KR,1,1호선,0371,신이문,1,출입구-승강장,8,1,1) 4번 출입구 지하1층 엘리베이터
01,수도권,KR,1,1호선,0371,신이문,1,출입구-승강장,8,2,2) 4번 출입구 지상2층 엘리베이터
01,수도권,KR,1,1호선,0371,신이문,1,출입구-승강장,8,3,3) 석계방면 승강장
01,수도권,KR,1,1호선,0371,신이문,1,출입구-승강장,8,4,4) 석계방면 지상1층 승강장 에스컬레이터
01,수도권,KR,1,1호선,0371,신이문,1,출입구-승강장,8,5,5) 석계방면 지상2층 에스컬레이터
01,수도권,KR,1,1호선,0371,신이문,1,출입구-승강장,8,6,6) 외대앞방면 지상2층 에스컬레이터
01,수도권,KR,1,1호선,0371,신이문,1,출입구-승강장,8,7,7) 외대앞방면 지상1층 승강장 에스컬레이터
01,수도권,KR,1,1호선,0371,신이문,1,출입구-승강장,8,8,8) 외대앞방면 승강장
01,수도권,KR,1,1호선,0442,외대앞,1,출입구-승강장,1,1,"1) 3번, 5번출입구 지상 1층 엘리베이터 탑승"
01,수도권,KR,1,1호선,0442,외대앞,1,출입구-승강장,1,2,"2) 3번, 5번출입구 지상 2층 엘리베이터 하차"
01,수도권,KR,1,1호선,0442,외대앞,1,출입구-승강장,1,3,3) 게이트 통과
01,수도권,KR,1,1호선,0442,외대앞,1,출입구-승강장,1,4,4) 3층신이문방면 승강장 W/L 탑승
01,수도권,KR,1,1호선,0442,외대앞,1,출입구-승강장,1,5,5) 1층 신이문방면 승강장 W/L 하차
01,수도권,KR,1,1호선,0442,외대앞,1,출입구-승강장,1,6,6) 신이문방면 승강장 이동
01,수도권,KR,1,1호선,0442,외대앞,1,출입구-승강장,2,1,* 평면환승가능
01,수도권,KR,1,1호선,0442,외대앞,1,출입구-승강장,2,2,1) 1번출입구->게이트 통과
01,수도권,KR,1,1호선,0442,외대앞,1,출입구-승강장,2,3,2) 신이문방면 승강장 이동
01,수도권,KR,1,1호선,0604,회기,1,출입구-승강장,1,1,1) (1F) 1번 출입구 옆 엘리베이터 탑승
01,수도권,KR,1,1호선,0604,회기,1,출입구-승강장,1,2,2) (2F) 대합실로 이동
01,수도권,KR,1,1호선,0604,회기,1,출입구-승강장,1,3,3) 표 내는 곳 통과
01,수도권,KR,1,1호선,0604,회기,1,출입구-승강장,1,4,4) 1호선 승강장 방향 엘리베이터 탑승
01,수도권,KR,1,1호선,0604,회기,1,출입구-승강장,1,5,5) (1F) 외대앞 방면 승강장으로 이동
01,수도권,KR,1,1호선,0604,회기,1,출입구-승강장,1,6,6) 승차 (휠체어칸)
01,수도권,KR,1,1호선,0604,회기,1,출입구-승강장,2,1,1) (1F) 1번 출입구 옆 엘리베이터 탑승
01,수도권,KR,1,1호선,0604,회기,1,출입구-승강장,2,2,2) (2F) 대합실로 이동
01,수도권,KR,1,1호선,0604,회기,1,출입구-승강장,2,3,3) 표 내는 곳 통과
01,수도권,KR,1,1호선,0604,회기,1,출입구-승강장,2,4,4) 1호선 승강장 방향 엘리베이터 탑승
01,수도권,KR,1,1호선,0604,회기,1,출입구-승강장,2,5,5) (1F) 청량리 방면 승강장으로 이동
01,수도권,KR,1,1호선,0604,회기,1,출입구-승강장,2,6,6) 승차 (휠체어칸)
01,수도권,KR,1,1호선,0604,회기,1,출입구-승강장,3,1,1) (1F) 2번 출입구 옆 엘리베이터 탑승
01,수도권,KR,1,1호선,0604,회기,1,출입구-승강장,3,2,2) (2F) 대합실로 이동
01,수도권,KR,1,1호선,0604,회기,1,출입구-승강장,3,3,3) 표 내는 곳 통과
01,수도권,KR,1,1호선,0604,회기,1,출입구-승강장,3,4,4) 1호선 승강장 방향 엘리베이터 탑승
01,수도권,KR,1,1호선,0604,회기,1,출입구-승강장,3,5,5) (1F) 외대앞 방면 승강장으로 이동
01,수도권,KR,1,1호선,0604,회기,1,출입구-승강장,3,6,6) 승차 (휠체어칸)
01,수도권,KR,1,1호선,0604,회기,1,출입구-승강장,4,1,1) (1F) 2번 출입구 옆 엘리베이터 탑승
01,수도권,KR,1,1호선,0604,회기,1,출입구-승강장,4,2,2) (2F) 대합실로 이동
01,수도권,KR,1,1호선,0604,회기,1,출입구-승강장,4,3,3) 표 내는 곳 통과
01,수도권,KR,1,1호선,0604,회기,1,출입구-승강장,4,4,4) 1호선 승강장 방향 엘리베이터 탑승
01,수도권,KR,1,1호선,0604,회기,1,출입구-승강장,4,5,5) (1F) 청량리 방면 승강장으로 이동
01,수도권,KR,1,1호선,0604,회기,1,출입구-승강장,4,6,6) 승차 (휠체어칸)
01,수도권,KR,1,1호선,0604,회기,3,환승,1,1,1) (1F) 1호선 외대앞 방면 승강장 하차
01,수도권,KR,1,1호선,0604,회기,3,환승,1,2,2) 대합실 방향 엘리베이터 탑승
01,수도권,KR,1,1호선,0604,회기,3,환승,1,3,3) (2F) 대합실로 이동
01,수도권,KR,1,1호선,0604,회기,3,환승,1,4,4) 경의중앙선 승강장 방향 엘리베이터 탑승
01,수도권,KR,1,1호선,0604,회기,3,환승,1,5,5) (1F) 경의중앙선 청량리 방면 승강장으로 이동
01,수도권,KR,1,1호선,0604,회기,3,환승,1,6,6) 승차 (휠체어칸)
01,수도권,KR,1,1호선,0604,회기,3,환승,2,1,1) (1F) 1호선 외대앞 방면 승강장 하차
01,수도권,KR,1,1호선,0604,회기,3,환승,2,2,2) 대합실 방향 엘리베이터 탑승
01,수도권,KR,1,1호선,0604,회기,3,환승,2,3,3) (2F) 대합실로 이동
01,수도권,KR,1,1호선,0604,회기,3,환승,2,4,4) 경의중앙선 승강장 방향 엘리베이터 탑승
01,수도권,KR,1,1호선,0604,회기,3,환승,2,5,5) (1F) 경의중앙선 중랑 방면 승강장으로 이동
01,수도권,KR,1,1호선,0604,회기,3,환승,2,6,6) 승차 (휠체어칸)
01,수도권,KR,1,1호선,0604,회기,3,환승,3,1,1) (1F) 1호선 청량리 방면 승강장 하차
01,수도권,KR,1,1호선,0604,회기,3,환승,3,2,2) 대합실 방향 엘리베이터 탑승
01,수도권,KR,1,1호선,0604,회기,3,환승,3,3,3) (2F) 대합실로 이동
01,수도권,KR,1,1호선,0604,회기,3,환승,3,4,4) 경의중앙선 승강장 방향 엘리베이터 탑승
01,수도권,KR,1,1호선,0604,회기,3,환승,3,5,5) (1F) 경의중앙선 청량리 방면 승강장으로 이동
01,수도권,KR,1,1호선,0604,회기,3,환승,3,6,6) 승차 (휠체어칸)
01,수도권,KR,1,1호선,0604,회기,3,환승,4,1,1) (1F) 1호선 청량리 방면 승강장 하차
01,수도권,KR,1,1호선,0604,회기,3,환승,4,2,2) 대합실 방향 엘리베이터 탑승
01,수도권,KR,1,1호선,0604,회기,3,환승,4,3,3) (2F) 대합실로 이동
01,수도권,KR,1,1호선,0604,회기,3,환승,4,4,4) 경의중앙선 승강장 방향 엘리베이터 탑승
01,수도권,KR,1,1호선,0604,회기,3,환승,4,5,5) (1F) 경의중앙선 중랑 방면 승강장으로 이동
01,수도권,KR,1,1호선,0604,회기,3,환승,4,6,6) 승차 (휠체어칸)
01,수도권,KR,1,1호선,0604,회기,3,환승,5,1,1) (1F) 1호선 외대앞 방면 승강장 하차
01,수도권,KR,1,1호선,0604,회기,3,환승,5,2,2) 대합실 방향 엘리베이터 탑승
01,수도권,KR,1,1호선,0604,회기,3,환승,5,3,3) (2F) 대합실로 이동
01,수도권,KR,1,1호선,0604,회기,3,환승,5,4,4) 경춘선 승강장 방향 엘리베이터 탑승
01,수도권,KR,1,1호선,0604,회기,3,환승,5,5,5) (1F) 경춘선 청량리 방면 승강장으로 이동
01,수도권,KR,1,1호선,0604,회기,3,환승,5,6,6) 승차 (휠체어칸)
01,수도권,KR,1,1호선,0604,회기,3,환승,6,1,1) (1F) 1호선 외대앞 방면 승강장 하차
01,수도권,KR,1,1호선,0604,회기,3,환승,6,2,2) 대합실 방향 엘리베이터 탑승
01,수도권,KR,1,1호선,0604,회기,3,환승,6,3,3) (2F) 대합실로 이동
01,수도권,KR,1,1호선,0604,회기,3,환승,6,4,4) 경춘선 승강장 방향 엘리베이터 탑승
01,수도권,KR,1,1호선,0604,회기,3,환승,6,5,5) (1F) 경춘선 중랑 방면 승강장으로 이동
01,수도권,KR,1,1호선,0604,회기,3,환승,6,6,6) 승차 (휠체어칸)
01,수도권,KR,1,1호선,0604,회기,3,환승,7,1,1) (1F) 1호선 청량리 방면 승강장 하차
01,수도권,KR,1,1호선,0604,회기,3,환승,7,2,2) 대합실 방향 엘리베이터 탑승
01,수도권,KR,1,1호선,0604,회기,3,환승,7,3,3) (2F) 대합실로 이동
01,수도권,KR,1,1호선,0604,회기,3,환승,7,4,4) 경춘선 승강장 방향 엘리베이터 탑승
01,수도권,KR,1,1호선,0604,회기,3,환승,7,5,5) (1F) 경춘선 청량리 방면 승강장으로 이동
01,수도권,KR,1,1호선,0604,회기,3,환승,7,6,6) 승차 (휠체어칸)
01,수도권,KR,1,1호선,0604,회기,3,환승,8,1,1) (1F) 1호선 청량리 방면 승강장 하차
01,수도권,KR,1,1호선,0604,회기,3,환승,8,2,2) 대합실 방향 엘리베이터 탑승
01,수도권,KR,1,1호선,0604,회기,3,환승,8,3,3) (2F) 대합실로 이동
01,수도권,KR,1,1호선,0604,회기,3,환승,8,4,4) 경춘선 승강장 방향 엘리베이터 탑승
01,수도권,KR,1,1호선,0604,회기,3,환승,8,5,5) (1F) 경춘선 중랑 방면 승강장으로 이동
01,수도권,KR,1,1호선,0604,회기,3,환승,8,6,6) 승차 (휠체어칸)
01,수도권,S1,1,1호선,0552,청량리,1,출입구-승강장,1,1,1) (1F) 2번 출입구 지상 엘리베이터 탑승
01,수도권,S1,1,1호선,0552,청량리,1,출입구-승강장,1,2,2) 지하 2층 대합실에서 엘리베이터 하차
01,수도권,S1,1,1호선,0552,청량리,1,출입구-승강장,1,3,3) 개집표기 통과
01,수도권,S1,1,1호선,0552,청량리,1,출입구-승강장,1,4,4) 내부 엘리베이터 탑승
01,수도권,S1,1,1호선,0552,청량리,1,출입구-승강장,1,5,5) 지하 1층 제기동 방면 승강장으로 이동
01,수도권,S1,1,1호선,0552,청량리,1,출입구-승강장,1,6,6) 승차 (휠체어칸)
01,수도권,S1,1,1호선,0552,청량리,1,출입구-승강장,2,1,1) (1F) 2번 출입구 지상 엘리베이터 탑승
01,수도권,S1,1,1호선,0552,청량리,1,출입구-승강장,2,2,2) 지하 2층 대합실에서 엘리베이터 하차
01,수도권,S1,1,1호선,0552,청량리,1,출입구-승강장,2,3,3) 개집표기 통과
01,수도권,S1,1,1호선,0552,청량리,1,출입구-승강장,2,4,4) 내부 엘리베이터 탑승
01,수도권,S1,1,1호선,0552,청량리,1,출입구-승강장,2,5,5) 지하 1층 회기 방면 승강장으로 이동
01,수도권,S1,1,1호선,0552,청량리,1,출입구-승강장,2,6,6) 승차 (휠체어칸)
01,수도권,S1,1,1호선,0552,청량리,3,환승,1,1,1) 지하 2층 방향 엘리베이터 이동
01,수도권,S1,1,1호선,0552,청량리,3,환승,1,2,2) 지하 2층 대합실로 이동
01,수도권,S1,1,1호선,0552,청량리,3,환승,1,3,3) 4번 출입구 방면으로 이동
01,수도권,S1,1,1호선,0552,청량리,3,환승,1,4,4) 개집표기 통과 후 경의중앙선 방향으로 이동
01,수도권,S1,1,1호선,0552,청량리,3,환승,2,1,1) 지하 2층 방향 엘리베이터 이동
01,수도권,S1,1,1호선,0552,청량리,3,환승,2,2,2) 지하 2층 대합실로 이동
01,수도권,S1,1,1호선,0552,청량리,3,환승,2,3,3) 4번 출입구 방면으로 이동
01,수도권,S1,1,1호선,0552,청량리,3,환승,2,4,4) 개집표기 통과 후 경의중앙선 방향으로 이동
01,수도권,S1,1,1호선,0512,제기동,1,출입구-승강장,1,1,1) (1F) 1번 출입구 옆 엘리베이터 탑승
01,수도권,S1,1,1호선,0512,제기동,1,출입구-승강장,1,2,2) (B1) 대합실로 이동
01,수도권,S1,1,1호선,0512,제기동,1,출입구-승강장,1,3,3) 표 내는 곳 통과
01,수도권,S1,1,1호선,0512,제기동,1,출입구-승강장,1,4,4) 청량리 방면 엘리베이터 탑승
01,수도권,S1,1,1호선,0512,제기동,1,출입구-승강장,1,5,5) (B2) 청량리 방면 승강장으로 이동
01,수도권,S1,1,1호선,0512,제기동,1,출입구-승강장,1,6,6) 승차 (휠체어칸)
01,수도권,S1,1,1호선,0512,제기동,1,출입구-승강장,2,1,1) (1F) 1번 출입구 옆 엘리베이터 탑승
01,수도권,S1,1,1호선,0512,제기동,1,출입구-승강장,2,2,2) (B1) 대합실로 이동
01,수도권,S1,1,1호선,0512,제기동,1,출입구-승강장,2,3,3) 표 내는 곳 통과
01,수도권,S1,1,1호선,0512,제기동,1,출입구-승강장,2,4,4) 신설동 방면 엘리베이터 탑승
01,수도권,S1,1,1호선,0512,제기동,1,출입구-승강장,2,5,5) (B2) 신설동 방면 승강장으로 이동
01,수도권,S1,1,1호선,0512,제기동,1,출입구-승강장,2,6,6) 승차 (휠체어칸)
01,수도권,S1,1,1호선,0367,신설동,1,출입구-승강장,1,1,1) (1F) 2번/3번 출입구 사이 엘리베이터 탑승
01,수도권,S1,1,1호선,0367,신설동,1,출입구-승강장,1,2,2) (B1) 대합실로 이동
01,수도권,S1,1,1호선,0367,신설동,1,출입구-승강장,1,3,3) 표 내는 곳 통과
01,수도권,S1,1,1호선,0367,신설동,1,출입구-승강장,1,4,4) 제기동 방면 엘리베이터 탑승
01,수도권,S1,1,1호선,0367,신설동,1,출입구-승강장,1,5,5) (B2) 제기동 방면 승강장으로 이동
01,수도권,S1,1,1호선,0367,신설동,1,출입구-승강장,1,6,6) 승차 (휠체어칸)
01,수도권,S1,1,1호선,0367,신설동,1,출입구-승강장,2,1,1) (1F) 4번/5번 출입구 사이 엘리베이터 탑승
01,수도권,S1,1,1호선,0367,신설동,1,출입구-승강장,2,2,2) (B1) 대합실로 이동
01,수도권,S1,1,1호선,0367,신설동,1,출입구-승강장,2,3,3) 표 내는 곳 통과
01,수도권,S1,1,1호선,0367,신설동,1,출입구-승강장,2,4,4) 동묘앞 방면 엘리베이터 탑승
01,수도권,S1,1,1호선,0367,신설동,1,출입구-승강장,2,5,5) (B2) 동묘앞 방면 승강장으로 이동
01,수도권,S1,1,1호선,0367,신설동,1,출입구-승강장,2,6,6) 승차 (휠체어칸)
01,수도권,S1,1,1호선,0367,신설동,3,환승,1,1,1) (B2) 1호선 제기동 방면 승강장 하차
01,수도권,S1,1,1호선,0367,신설동,3,환승,1,2,2) 1호선 제기동 방면 대합실 방향 내부 엘리베이터 탑승
01,수도권,S1,1,1호선,0367,신설동,3,환승,1,3,3) (B1) 1호선 제기동 방면 대합실로 이동
01,수도권,S1,1,1호선,0367,신설동,3,환승,1,4,4) 우대자용 개집표기에서 호출버튼 눌러 통과 요청(비운임구역 진입)
01,수도권,S1,1,1호선,0367,신설동,3,환승,1,5,5) 2번/3번 출입구 사이 외부 엘리베이터 탑승
01,수도권,S1,1,1호선,0367,신설동,3,환승,1,6,6) (1F) 역사 바깥으로 이동
01,수도권,S1,1,1호선,0367,신설동,3,환승,1,7,7) 9번 출입구 부근 2호선 용두 방면 엘리베이터 탑승
01,수도권,S1,1,1호선,0367,신설동,3,환승,1,8,8) (B2) 2호선 용두 방면 승강장으로 이동
01,수도권,S1,1,1호선,0367,신설동,3,환승,1,9,9) 우대자용 개집표기에서 호출버튼 눌러 통과 요청(운임구역 진입)
01,수도권,S1,1,1호선,0367,신설동,3,환승,1,10,10) 승차 (휠체어칸)
01,수도권,S1,1,1호선,0367,신설동,3,환승,2,1,1) (B2) 1호선 동묘앞 방면 승강장 하차
01,수도권,S1,1,1호선,0367,신설동,3,환승,2,2,2) 1호선 동묘앞 방면 대합실 방향 내부 엘리베이터 탑승
01,수도권,S1,1,1호선,0367,신설동,3,환승,2,3,3) (B1) 1호선 동묘앞 방면 대합실로 이동
01,수도권,S1,1,1호선,0367,신설동,3,환승,2,4,4) 우대자용 개집표기에서 호출버튼 눌러 통과 요청(비운임구역 진입)
01,수도권,S1,1,1호선,0367,신설동,3,환승,2,5,5) 4번/5번 출입구 사이 외부 엘리베이터 탑승
01,수도권,S1,1,1호선,0367,신설동,3,환승,2,6,6) (1F) 역사 바깥으로 이동
01,수도권,S1,1,1호선,0367,신설동,3,환승,2,7,7) 9번 출입구 부근 2호선 용두 방면 엘리베이터 탑승
01,수도권,S1,1,1호선,0367,신설동,3,환승,2,8,8) (B2) 2호선 용두 방면 승강장으로 이동
01,수도권,S1,1,1호선,0367,신설동,3,환승,2,9,9) 우대자용 개집표기에서 호출버튼 눌러 통과 요청(운임구역 진입)
01,수도권,S1,1,1호선,0367,신설동,3,환승,2,10,10) 승차 (휠체어칸)
01,수도권,S1,1,1호선,0367,신설동,3,환승,3,1,1) (B2) 1호선 제기동 방면 승강장 하차
01,수도권,S1,1,1호선,0367,신설동,3,환승,3,2,2) 대합실 방향 휠체어리프트 탑승
01,수도권,S1,1,1호선,0367,신설동,3,환승,3,3,3) (B1) 대합실로 이동
01,수도권,S1,1,1호선,0367,신설동,3,환승,3,4,4) 우이신설선 방향 환승통로로 이동
01,수도권,S1,1,1호선,0367,신설동,3,환승,3,5,5) 환승 엘리베이터 탑승
01,수도권,S1,1,1호선,0367,신설동,3,환승,3,6,6) (B1) 우이신설선 대합실로 이동
01,수도권,S1,1,1호선,0367,신설동,3,환승,3,7,7) 우이신설선 보문 방면 엘리베이터 탑승
01,수도권,S1,1,1호선,0367,신설동,3,환승,3,8,8) (B2) 우이신설선 보문 방면 승강장으로 이동
01,수도권,S1,1,1호선,0367,신설동,3,환승,3,9,9) 승차 (휠체어칸)
01,수도권,S1,1,1호선,0367,신설동,3,환승,4,1,1) (B2) 1호선 동묘앞 방면 승강장 하차
01,수도권,S1,1,1호선,0367,신설동,3,환승,4,2,2) 대합실 방향 휠체어리프트 탑승
01,수도권,S1,1,1호선,0367,신설동,3,환승,4,3,3) (B1) 대합실로 이동
01,수도권,S1,1,1호선,0367,신설동,3,환승,4,4,4) 우이신설선 방향 환승통로로 이동
01,수도권,S1,1,1호선,0367,신설동,3,환승,4,5,5) 환승 엘리베이터 탑승
01,수도권,S1,1,1호선,0367,신설동,3,환승,4,6,6) (B1) 우이신설선 대합실로 이동
01,수도권,S1,1,1호선,0367,신설동,3,환승,4,7,7) 우이신설선 보문 방면 엘리베이터 탑승
01,수도권,S1,1,1호선,0367,신설동,3,환승,4,8,8) (B2) 우이신설선 보문 방면 승강장으로 이동
01,수도권,S1,1,1호선,0367,신설동,3,환승,4,9,9) 승차 (휠체어칸)
01,수도권,S1,1,1호선,0161,동묘앞,1,출입구-승강장,1,1,1) (1F) 2번 출입구 대합실로 이동
01,수도권,S1,1,1호선,0161,동묘앞,1,출입구-승강장,1,2,2) 표 내는 곳 통과
01,수도권,S1,1,1호선,0161,동묘앞,1,출입구-승강장,1,3,3) 승강장 방향 엘리베이터 탑승
01,수도권,S1,1,1호선,0161,동묘앞,1,출입구-승강장,1,4,4) (B1) 신설동 방면 승강장으로 이동
01,수도권,S1,1,1호선,0161,동묘앞,1,출입구-승강장,1,5,5) 승차 (휠체어칸)
01,수도권,S1,1,1호선,0161,동묘앞,1,출입구-승강장,2,1,1) (1F) 2번 출입구 대합실로 이동
01,수도권,S1,1,1호선,0161,동묘앞,1,출입구-승강장,2,2,2) 표 내는 곳 통과
01,수도권,S1,1,1호선,0161,동묘앞,1,출입구-승강장,2,3,3) 승강장 방향 엘리베이터 탑승
01,수도권,S1,1,1호선,0161,동묘앞,1,출입구-승강장,2,4,4) (B1) 신설동 방면 승강장으로 이동
01,수도권,S1,1,1호선,0161,동묘앞,1,출입구-승강장,2,5,5) 이동통로 방향 엘리베이터 탑승
01,수도권,S1,1,1호선,0161,동묘앞,1,출입구-승강장,2,6,6) (B2) 이동통로로 이동
01,수도권,S1,1,1호선,0161,동묘앞,1,출입구-승강장,2,7,7) 동대문 방면 엘리베이터 탑승
01,수도권,S1,1,1호선,0161,동묘앞,1,출입구-승강장,2,8,8) (B1) 동대문 방면 승강장으로 이동
01,수도권,S1,1,1호선,0161,동묘앞,1,출입구-승강장,2,9,9) 승차 (휠체어칸)
01,수도권,S1,1,1호선,0161,동묘앞,1,출입구-승강장,3,1,1) (1F) 3번 출입구 옆 엘리베이터 탑승
01,수도권,S1,1,1호선,0161,동묘앞,1,출입구-승강장,3,2,2) (B1) 승강장으로 이동
01,수도권,S1,1,1호선,0161,동묘앞,1,출입구-승강장,3,3,3) 표 내는 곳 통과
01,수도권,S1,1,1호선,0161,동묘앞,1,출입구-승강장,3,4,4) 이동통로 방향 엘리베이터 탑승
01,수도권,S1,1,1호선,0161,동묘앞,1,출입구-승강장,3,5,5) (B2) 이동통로로 이동
01,수도권,S1,1,1호선,0161,동묘앞,1,출입구-승강장,3,6,6) 신설동 방면 엘리베이터 탑승
01,수도권,S1,1,1호선,0161,동묘앞,1,출입구-승강장,3,7,7) (B1) 신설동 방면 승강장으로 이동
01,수도권,S1,1,1호선,0161,동묘앞,1,출입구-승강장,3,8,8) 승차 (휠체어칸)
01,수도권,S1,1,1호선,0161,동묘앞,1,출입구-승강장,4,1,1) (1F) 3번 출입구 옆 엘리베이터 탑승
01,수도권,S1,1,1호선,0161,동묘앞,1,출입구-승강장,4,2,2) (B1) 승강장으로 이동
01,수도권,S1,1,1호선,0161,동묘앞,1,출입구-승강장,4,3,3) 표 내는 곳 통과
01,수도권,S1,1,1호선,0161,동묘앞,1,출입구-승강장,4,4,4) 동대문 방면 승강장으로 이동
01,수도권,S1,1,1호선,0161,동묘앞,1,출입구-승강장,4,5,5) 승차 (휠체어칸)
01,수도권,S1,1,1호선,0161,동묘앞,3,환승,1,1,1) 1호선 신설동 방면 승강장 하차
01,수도권,S1,1,1호선,0161,동묘앞,3,환승,1,2,2) 환승통로 방향 엘리베이터 탑승
01,수도권,S1,1,1호선,0161,동묘앞,3,환승,1,3,3) (B2) 환승통로로 이동
01,수도권,S1,1,1호선,0161,동묘앞,3,환승,1,4,4) 6호선 승강장 방향 엘리베이터 탑승
01,수도권,S1,1,1호선,0161,동묘앞,3,환승,1,5,5) (B3) 6호선 신당 방면 승강장으로 이동
01,수도권,S1,1,1호선,0161,동묘앞,3,환승,1,6,6) 승차 (휠체어칸)
01,수도권,S1,1,1호선,0161,동묘앞,3,환승,2,1,1) 1호선 신설동 방면 승강장 하차
01,수도권,S1,1,1호선,0161,동묘앞,3,환승,2,2,2) 환승통로 방향 엘리베이터 탑승
01,수도권,S1,1,1호선,0161,동묘앞,3,환승,2,3,3) (B2) 환승통로로 이동
01,수도권,S1,1,1호선,0161,동묘앞,3,환승,2,4,4) 6호선 승강장 방향 엘리베이터 탑승
01,수도권,S1,1,1호선,0161,동묘앞,3,환승,2,5,5) (B3) 6호선 창신 방면 승강장으로 이동
01,수도권,S1,1,1호선,0161,동묘앞,3,환승,2,6,6) 승차 (휠체어칸)
01,수도권,S1,1,1호선,0161,동묘앞,3,환승,3,1,1) 1호선 동대문 방면 승강장 하차
01,수도권,S1,1,1호선,0161,동묘앞,3,환승,3,2,2) 환승통로 방향 엘리베이터 탑승
01,수도권,S1,1,1호선,0161,동묘앞,3,환승,3,3,3) (B2) 환승통로로 이동
01,수도권,S1,1,1호선,0161,동묘앞,3,환승,3,4,4) 6호선 승강장 방향 엘리베이터 탑승
01,수도권,S1,1,1호선,0161,동묘앞,3,환승,3,5,5) (B3) 6호선 신당 방면 승강장으로 이동
01,수도권,S1,1,1호선,0161,동묘앞,3,환승,3,6,6) 승차 (휠체어칸)
01,수도권,S1,1,1호선,0161,동묘앞,3,환승,4,1,1) 1호선 동대문 방면 승강장 하차
01,수도권,S1,1,1호선,0161,동묘앞,3,환승,4,2,2) 환승통로 방향 엘리베이터 탑승
01,수도권,S1,1,1호선,0161,동묘앞,3,환승,4,3,3) (B2) 환승통로로 이동
01,수도권,S1,1,1호선,0161,동묘앞,3,환승,4,4,4) 6호선 승강장 방향 엘리베이터 탑승
01,수도권,S1,1,1호선,0161,동묘앞,3,환승,4,5,5) (B3) 6호선 창신 방면 승강장으로 이동
01,수도권,S1,1,1호선,0161,동묘앞,3,환승,4,6,6) 승차 (휠체어칸)
01,수도권,S1,1,1호선,0155,동대문,1,출입구-승강장,1,1,1) 6번 출입구 근처 엘리베이터 이용
01,수도권,S1,1,1호선,0155,동대문,1,출입구-승강장,1,2,2) 지하 1층으로 이동
01,수도권,S1,1,1호선,0155,동대문,1,출입구-승강장,1,3,3) 1번/6번 근처 개집표기로 이동
01,수도권,S1,1,1호선,0155,동대문,1,출입구-승강장,1,4,4) 1번 출입구 근처 엘리베이터 이용
01,수도권,S1,1,1호선,0155,동대문,1,출입구-승강장,1,5,5) 지하 2층 승강장으로 이동
01,수도권,S1,1,1호선,0155,동대문,1,출입구-승강장,2,1,1) 6번 출입구 근처 엘리베이터 이용
01,수도권,S1,1,1호선,0155,동대문,1,출입구-승강장,2,2,2) 지하 1층으로 이동
01,수도권,S1,1,1호선,0155,동대문,1,출입구-승강장,2,3,3) 1번/6번 근처 개집표기로 이동
01,수도권,S1,1,1호선,0155,동대문,1,출입구-승강장,2,4,4) 종로5가 방면 엘리베이터 이용
01,수도권,S1,1,1호선,0155,동대문,1,출입구-승강장,2,5,5) 지하 2층 승강장으로 이동
01,수도권,S1,1,1호선,0155,동대문,3,환승,1,1,1) 10-4번 승강장 엘리베이터 이용
01,수도권,S1,1,1호선,0155,동대문,3,환승,1,2,2) 지하 1층으로 이동
01,수도권,S1,1,1호선,0155,동대문,3,환승,1,3,3) 환승통로 이용
01,수도권,S1,1,1호선,0155,동대문,3,환승,1,4,4) 4호선 지하 1층으로 이동
01,수도권,S1,1,1호선,0155,동대문,3,환승,1,5,5) 엘리베이터 이용
01,수도권,S1,1,1호선,0155,동대문,3,환승,1,6,6) 지하 4층 4호선 혜화/동대문역사문화공원 방면 승강장 이동
01,수도권,S1,1,1호선,0155,동대문,3,환승,2,1,1) 2-2번 승강장 엘리베이터 이용
01,수도권,S1,1,1호선,0155,동대문,3,환승,2,2,2) 지하 1층으로 이동
01,수도권,S1,1,1호선,0155,동대문,3,환승,2,3,3) 환승통로 이용
01,수도권,S1,1,1호선,0155,동대문,3,환승,2,4,4) 4호선 지하 1층으로 이동
01,수도권,S1,1,1호선,0155,동대문,3,환승,2,5,5) 엘리베이터 이용
01,수도권,S1,1,1호선,0155,동대문,3,환승,2,6,6) 지하 4층 4호선 혜화/동대문역사문화공원 방면 승강장 이동
01,수도권,S1,1,1호선,0517,종로5가,1,출입구-승강장,1,1,1) (1F) 8번 출입구 옆 엘리베이터 탑승
01,수도권,S1,1,1호선,0517,종로5가,1,출입구-승강장,1,2,2) (B1) 대합실로 이동
01,수도권,S1,1,1호선,0517,종로5가,1,출입구-승강장,1,3,3) 표 내는 곳 통과
01,수도권,S1,1,1호선,0517,종로5가,1,출입구-승강장,1,4,4) 동대문 방면 엘리베이터 탑승
01,수도권,S1,1,1호선,0517,종로5가,1,출입구-승강장,1,5,5) (B2) 동대문 방면 승강장으로 이동
01,수도권,S1,1,1호선,0517,종로5가,1,출입구-승강장,1,6,6) 승차 (휠체어칸)
01,수도권,S1,1,1호선,0517,종로5가,1,출입구-승강장,2,1,1) (1F) 8번 출입구 옆 엘리베이터 탑승
01,수도권,S1,1,1호선,0517,종로5가,1,출입구-승강장,2,2,2) (B1) 대합실로 이동
01,수도권,S1,1,1호선,0517,종로5가,1,출입구-승강장,2,3,3) 표 내는 곳 통과
01,수도권,S1,1,1호선,0517,종로5가,1,출입구-승강장,2,4,4) 종로3가 방면 엘리베이터 탑승
01,수도권,S1,1,1호선,0517,종로5가,1,출입구-승강장,2,5,5) (B2) 종로3가 방면 승강장으로 이동
01,수도권,S1,1,1호선,0517,종로5가,1,출입구-승강장,2,6,6) 승차 (휠체어칸)
01,수도권,S1,1,1호선,0515,종로3가,1,출입구-승강장,1,1,1) (1F) 2-1번 출입구 옆 엘리베이터 탑승
01,수도권,S1,1,1호선,0515,종로3가,1,출입구-승강장,1,2,2) (B1) 대합실로 이동
01,수도권,S1,1,1호선,0515,종로3가,1,출입구-승강장,1,3,3) 표 내는 곳 통과
01,수도권,S1,1,1호선,0515,종로3가,1,출입구-승강장,1,4,4) 종로5가 방면 엘리베이터 탑승
01,수도권,S1,1,1호선,0515,종로3가,1,출입구-승강장,1,5,5) (B2) 종로5가 방면 승강장으로 이동
01,수도권,S1,1,1호선,0515,종로3가,1,출입구-승강장,1,6,6) 승차 (휠체어칸)
01,수도권,S1,1,1호선,0515,종로3가,1,출입구-승강장,2,1,1) (1F) 2-1번 출입구 옆 엘리베이터 탑승
01,수도권,S1,1,1호선,0515,종로3가,1,출입구-승강장,2,2,2) (B1) 대합실로 이동
01,수도권,S1,1,1호선,0515,종로3가,1,출입구-승강장,2,3,3) 표 내는 곳 통과
01,수도권,S1,1,1호선,0515,종로3가,1,출입구-승강장,2,4,4) 종각 방면 엘리베이터 탑승
01,수도권,S1,1,1호선,0515,종로3가,1,출입구-승강장,2,5,5) (B2) 종각 방면 승강장으로 이동
01,수도권,S1,1,1호선,0515,종로3가,1,출입구-승강장,2,6,6) 승차 (휠체어칸)
01,수도권,S1,1,1호선,0515,종로3가,1,출입구-승강장,3,1,1) (1F) 12번 출입구 옆 엘리베이터 탑승
01,수도권,S1,1,1호선,0515,종로3가,1,출입구-승강장,3,2,2) (B1) 대합실로 이동
01,수도권,S1,1,1호선,0515,종로3가,1,출입구-승강장,3,3,3) 표 내는 곳 통과
01,수도권,S1,1,1호선,0515,종로3가,1,출입구-승강장,3,4,4) 종로5가 방면 엘리베이터 탑승
01,수도권,S1,1,1호선,0515,종로3가,1,출입구-승강장,3,5,5) (B2) 종로5가 방면 승강장으로 이동
01,수도권,S1,1,1호선,0515,종로3가,1,출입구-승강장,3,6,6) 승차 (휠체어칸)
01,수도권,S1,1,1호선,0515,종로3가,1,출입구-승강장,4,1,1) (1F) 12번 출입구 옆 엘리베이터 탑승
01,수도권,S1,1,1호선,0515,종로3가,1,출입구-승강장,4,2,2) (B1) 대합실로 이동
01,수도권,S1,1,1호선,0515,종로3가,1,출입구-승강장,4,3,3) 표 내는 곳 통과
01,수도권,S1,1,1호선,0515,종로3가,1,출입구-승강장,4,4,4) 종각 방면 엘리베이터 탑승
01,수도권,S1,1,1호선,0515,종로3가,1,출입구-승강장,4,5,5) (B2) 종각 방면 승강장으로 이동
01,수도권,S1,1,1호선,0515,종로3가,1,출입구-승강장,4,6,6) 승차 (휠체어칸)
01,수도권,S1,1,1호선,0515,종로3가,3,환승,1,1,1) (B2) 1호선 종로5가 방면 승강장 하차
01,수도권,S1,1,1호선,0515,종로3가,3,환승,1,2,2) 3호선 대합실 방향 환승통로로 이동
01,수도권,S1,1,1호선,0515,종로3가,3,환승,1,3,3) 3호선 승강장 방향 엘리베이터 탑승
01,수도권,S1,1,1호선,0515,종로3가,3,환승,1,4,4) (B4) 3호선 안국 방면 승강장으로 이동
01,수도권,S1,1,1호선,0515,종로3가,3,환승,1,5,5) 승차 (휠체어칸)
01,수도권,S1,1,1호선,0515,종로3가,3,환승,2,1,1) (B2) 1호선 종로5가 방면 승강장 하차
01,수도권,S1,1,1호선,0515,종로3가,3,환승,2,2,2) 3호선 대합실 방향 환승통로로 이동
01,수도권,S1,1,1호선,0515,종로3가,3,환승,2,3,3) 3호선 승강장 방향 엘리베이터 탑승
01,수도권,S1,1,1호선,0515,종로3가,3,환승,2,4,4) (B4) 3호선 을지로3가 방면 승강장으로 이동
01,수도권,S1,1,1호선,0515,종로3가,3,환승,2,5,5) 승차 (휠체어칸)
01,수도권,S1,1,1호선,0515,종로3가,3,환승,3,1,1) (B2) 1호선 종각 방면 승강장 하차
01,수도권,S1,1,1호선,0515,종로3가,3,환승,3,2,2) 1호선 대합실 방향 엘리베이터 탑승
01,수도권,S1,1,1호선,0515,종로3가,3,환승,3,3,3) (B1) 1호선 대합실로 이동
01,수도권,S1,1,1호선,0515,종로3가,3,환승,3,4,4) 종로5가 방면 엘리베이터 탑승
01,수도권,S1,1,1호선,0515,종로3가,3,환승,3,5,5) (B2) 종로5가 방면 승강장으로 이동
01,수도권,S1,1,1호선,0515,종로3가,3,환승,3,6,6) 3호선 대합실 방향 환승통로로 이동
01,수도권,S1,1,1호선,0515,종로3가,3,환승,3,7,7) 3호선 승강장 방향 엘리베이터 탑승
01,수도권,S1,1,1호선,0515,종로3가,3,환승,3,8,8) (B4) 3호선 안국 방면 승강장으로 이동
01,수도권,S1,1,1호선,0515,종로3가,3,환승,3,9,9) 승차 (휠체어칸)
01,수도권,S1,1,1호선,0515,종로3가,3,환승,4,1,1) (B2) 1호선 종각 방면 승강장 하차
01,수도권,S1,1,1호선,0515,종로3가,3,환승,4,2,2) 1호선 대합실 방향 엘리베이터 탑승
01,수도권,S1,1,1호선,0515,종로3가,3,환승,4,3,3) (B1) 1호선 대합실로 이동
01,수도권,S1,1,1호선,0515,종로3가,3,환승,4,4,4) 종로5가 방면 엘리베이터 탑승
01,수도권,S1,1,1호선,0515,종로3가,3,환승,4,5,5) (B2) 종로5가 방면 승강장으로 이동
01,수도권,S1,1,1호선,0515,종로3가,3,환승,4,6,6) 3호선 대합실 방향 환승통로로 이동
01,수도권,S1,1,1호선,0515,종로3가,3,환승,4,7,7) 3호선 승강장 방향 엘리베이터 탑승
01,수도권,S1,1,1호선,0515,종로3가,3,환승,4,8,8) (B4) 3호선 을지로3가 방면 승강장으로 이동
01,수도권,S1,1,1호선,0515,종로3가,3,환승,4,9,9) 승차 (휠체어칸)
01,수도권,S1,1,1호선,0515,종로3가,3,환승,5,1,1) (B2) 1호선 종로5가 방면 승강장 하차
01,수도권,S1,1,1호선,0515,종로3가,3,환승,5,2,2) 3호선 대합실 방향 환승통로로 이동
01,수도권,S1,1,1호선,0515,종로3가,3,환승,5,3,3) 3호선 승강장 방향 엘리베이터 탑승
01,수도권,S1,1,1호선,0515,종로3가,3,환승,5,4,4) (B3) 3호선 대합실로 이동
01,수도권,S1,1,1호선,0515,종로3가,3,환승,5,5,5) 5호선 대합실 방향 환승통로로 이동
01,수도권,S1,1,1호선,0515,종로3가,3,환승,5,6,6) 5호선 환승 엘리베이터 탑승
01,수도권,S1,1,1호선,0515,종로3가,3,환승,5,7,7) (B4) 5호선 대합실로 이동
01,수도권,S1,1,1호선,0515,종로3가,3,환승,5,8,8) 승강장 방향 엘리베이터 탑승
01,수도권,S1,1,1호선,0515,종로3가,3,환승,5,9,9) (B5) 5호선 광화문 방면 승강장으로 이동
01,수도권,S1,1,1호선,0515,종로3가,3,환승,5,10,10) 승차 (휠체어칸)
01,수도권,S1,1,1호선,0515,종로3가,3,환승,6,1,1) (B2) 1호선 종로5가 방면 승강장 하차
01,수도권,S1,1,1호선,0515,종로3가,3,환승,6,2,2) 3호선 대합실 방향 환승통로로 이동
01,수도권,S1,1,1호선,0515,종로3가,3,환승,6,3,3) 3호선 승강장 방향 엘리베이터 탑승
01,수도권,S1,1,1호선,0515,종로3가,3,환승,6,4,4) (B3) 3호선 대합실로 이동
01,수도권,S1,1,1호선,0515,종로3가,3,환승,6,5,5) 5호선 대합실 방향 환승통로로 이동
01,수도권,S1,1,1호선,0515,종로3가,3,환승,6,6,6) 5호선 환승 엘리베이터 탑승
01,수도권,S1,1,1호선,0515,종로3가,3,환승,6,7,7) (B4) 5호선 대합실로 이동
01,수도권,S1,1,1호선,0515,종로3가,3,환승,6,8,8) 승강장 방향 엘리베이터 탑승
01,수도권,S1,1,1호선,0515,종로3가,3,환승,6,9,9) (B5) 5호선 을지로4가 방면 승강장으로 이동
01,수도권,S1,1,1호선,0515,종로3가,3,환승,6,10,10) 승차 (휠체어칸)
01,수도권,S1,1,1호선,0515,종로3가,3,환승,7,1,1) (B2) 1호선 종각 방면 승강장 하차
01,수도권,S1,1,1호선,0515,종로3가,3,환승,7,2,2) 1호선 대합실 방향 엘리베이터 탑승
01,수도권,S1,1,1호선,0515,종로3가,3,환승,7,3,3) (B1) 1호선 대합실로 이동
01,수도권,S1,1,1호선,0515,종로3가,3,환승,7,4,4) 종로5가 방면 엘리베이터 탑승
01,수도권,S1,1,1호선,0515,종로3가,3,환승,7,5,5) (B2) 승강장으로 이동
01,수도권,S1,1,1호선,0515,종로3가,3,환승,7,6,6) 3호선 대합실 방향 환승통로로 이동
01,수도권,S1,1,1호선,0515,종로3가,3,환승,7,7,7) 3호선 승강장 방향 엘리베이터 탑승
01,수도권,S1,1,1호선,0515,종로3가,3,환승,7,8,8) (B3) 3호선 대합실로 이동
01,수도권,S1,1,1호선,0515,종로3가,3,환승,7,9,9) 5호선 대합실 방향 환승통로로 이동
01,수도권,S1,1,1호선,0515,종로3가,3,환승,7,10,10) 5호선 환승 엘리베이터 탑승
01,수도권,S1,1,1호선,0515,종로3가,3,환승,7,11,11) (B4) 5호선 대합실로 이동
01,수도권,S1,1,1호선,0515,종로3가,3,환승,7,12,12) 승강장 방향 엘리베이터 탑승
01,수도권,S1,1,1호선,0515,종로3가,3,환승,7,13,13) (B5) 5호선 광화문 방면 승강장으로 이동
01,수도권,S1,1,1호선,0515,종로3가,3,환승,7,14,14) 승차 (휠체어칸)
01,수도권,S1,1,1호선,0515,종로3가,3,환승,8,1,1) (B2) 1호선 종각 방면 승강장 하차
01,수도권,S1,1,1호선,0515,종로3가,3,환승,8,2,2) 1호선 대합실 방향 엘리베이터 탑승
01,수도권,S1,1,1호선,0515,종로3가,3,환승,8,3,3) (B1) 1호선 대합실로 이동
01,수도권,S1,1,1호선,0515,종로3가,3,환승,8,4,4) 종로5가 방면 엘리베이터 탑승
01,수도권,S1,1,1호선,0515,종로3가,3,환승,8,5,5) (B2) 승강장으로 이동
01,수도권,S1,1,1호선,0515,종로3가,3,환승,8,6,6) 3호선 대합실 방향 환승통로로 이동
01,수도권,S1,1,1호선,0515,종로3가,3,환승,8,7,7) 3호선 승강장 방향 엘리베이터 탑승
01,수도권,S1,1,1호선,0515,종로3가,3,환승,8,8,8) (B3) 3호선 대합실로 이동
01,수도권,S1,1,1호선,0515,종로3가,3,환승,8,9,9) 5호선 대합실 방향 환승통로로 이동
01,수도권,S1,1,1호선,0515,종로3가,3,환승,8,10,10) 5호선 환승 엘리베이터 탑승
01,수도권,S1,1,1호선,0515,종로3가,3,환승,8,11,11) (B4) 5호선 대합실로 이동
01,수도권,S1,1,1호선,0515,종로3가,3,환승,8,12,12) 승강장 방향 엘리베이터 탑승
01,수도권,S1,1,1호선,0515,종로3가,3,환승,8,13,13) (B5) 5호선 을지로4가 방면 승강장으로 이동
01,수도권,S1,1,1호선,0515,종로3가,3,환승,8,14,14) 승차 (휠체어칸)
01,수도권,S1,1,1호선,0514,종각,1,출입구-승강장,1,1,1) (1F) 1번 출입구 옆 엘리베이터 탑승
01,수도권,S1,1,1호선,0514,종각,1,출입구-승강장,1,2,2) (B1) 대합실로 이동
01,수도권,S1,1,1호선,0514,종각,1,출입구-승강장,1,3,3) 표 내는 곳 통과
01,수도권,S1,1,1호선,0514,종각,1,출입구-승강장,1,4,4) 종로3가 방면 엘리베이터 탑승
01,수도권,S1,1,1호선,0514,종각,1,출입구-승강장,1,5,5) (B2) 종로3가 방면 승강장으로 이동
01,수도권,S1,1,1호선,0514,종각,1,출입구-승강장,1,6,6) 승차 (휠체어칸)
01,수도권,S1,1,1호선,0514,종각,1,출입구-승강장,2,1,1) (1F) 1번 출입구 옆 엘리베이터 탑승
01,수도권,S1,1,1호선,0514,종각,1,출입구-승강장,2,2,2) (B1) 대합실로 이동
01,수도권,S1,1,1호선,0514,종각,1,출입구-승강장,2,3,3) 표 내는 곳 통과
01,수도권,S1,1,1호선,0514,종각,1,출입구-승강장,2,4,4) 시청 방면 엘리베이터 탑승
01,수도권,S1,1,1호선,0514,종각,1,출입구-승강장,2,5,5) (B2) 시청 방면 승강장으로 이동
01,수도권,S1,1,1호선,0514,종각,1,출입구-승강장,2,6,6) 승차 (휠체어칸)
01,수도권,S1,1,1호선,0514,종각,1,출입구-승강장,3,1,1) (1F) 3번 출입구 옆 엘리베이터 탑승
01,수도권,S1,1,1호선,0514,종각,1,출입구-승강장,3,2,2) (B1) 대합실로 이동
01,수도권,S1,1,1호선,0514,종각,1,출입구-승강장,3,3,3) 표 내는 곳 통과
01,수도권,S1,1,1호선,0514,종각,1,출입구-승강장,3,4,4) 종로3가 방면 엘리베이터 탑승
01,수도권,S1,1,1호선,0514,종각,1,출입구-승강장,3,5,5) (B2) 종로3가 방면 승강장으로 이동
01,수도권,S1,1,1호선,0514,종각,1,출입구-승강장,3,6,6) 승차 (휠체어칸)
01,수도권,S1,1,1호선,0514,종각,1,출입구-승강장,4,1,1) (1F) 3번 출입구 옆 엘리베이터 탑승
01,수도권,S1,1,1호선,0514,종각,1,출입구-승강장,4,2,2) (B1) 대합실로 이동
01,수도권,S1,1,1호선,0514,종각,1,출입구-승강장,4,3,3) 표 내는 곳 통과
01,수도권,S1,1,1호선,0514,종각,1,출입구-승강장,4,4,4) 시청 방면 엘리베이터 탑승
01,수도권,S1,1,1호선,0514,종각,1,출입구-승강장,4,5,5) (B2) 시청 방면 승강장으로 이동
01,수도권,S1,1,1호선,0514,종각,1,출입구-승강장,4,6,6) 승차 (휠체어칸)
01,수도권,S1,1,1호선,0347,시청,1,출입구-승강장,1,1,1) 2번 출입구 근처 엘리베이터로 이동
01,수도권,S1,1,1호선,0347,시청,1,출입구-승강장,1,2,2) 지하 1층으로이동
01,수도권,S1,1,1호선,0347,시청,1,출입구-승강장,1,3,3) 3번 출입구 근처 개집표기 통과 후 엘리베이터 이용
01,수도권,S1,1,1호선,0347,시청,1,출입구-승강장,1,4,4) 지하 2층 승강장으로 이동
01,수도권,S1,1,1호선,0347,시청,1,출입구-승강장,2,1,1) 2번 출입구 근처 엘리베이터로 이동
01,수도권,S1,1,1호선,0347,시청,1,출입구-승강장,2,2,2) 지하 1층으로이동
01,수도권,S1,1,1호선,0347,시청,1,출입구-승강장,2,3,3) 고객안전실 근처 개집표기 통과 후 엘리베이터 이용
01,수도권,S1,1,1호선,0347,시청,1,출입구-승강장,2,4,4) 지하 2층 승강장으로 이동
01,수도권,S1,1,1호선,0347,시청,3,환승,1,1,1) 서울역 방면 승강장
01,수도권,S1,1,1호선,0347,시청,3,환승,1,2,2) 엘리베이터 이용
01,수도권,S1,1,1호선,0347,시청,3,환승,1,3,3) 지하 1층으로 이동
01,수도권,S1,1,1호선,0347,시청,3,환승,1,4,4) 개집표기 통과 후 엘리베이터 이용
01,수도권,S1,1,1호선,0347,시청,3,환승,1,5,5) 지하 2층 종각 방면 승강장으로 이동
01,수도권,S1,1,1호선,0347,시청,3,환승,1,6,6) 환승통로 이동
01,수도권,S1,1,1호선,0347,시청,3,환승,1,7,7) 엘리베이터 이용
01,수도권,S1,1,1호선,0347,시청,3,환승,1,8,8) 지하 3층으로 이동
01,수도권,S1,1,1호선,0347,시청,3,환승,1,9,9) 을지로입구 방면 승강장으로 이동
01,수도권,S1,1,1호선,0347,시청,3,환승,2,1,1) 서울역 방면 승강장
01,수도권,S1,1,1호선,0347,시청,3,환승,2,2,2) 엘리베이터 이용
01,수도권,S1,1,1호선,0347,시청,3,환승,2,3,3) 지하 1층으로 이동
01,수도권,S1,1,1호선,0347,시청,3,환승,2,4,4) 개집표기 통과 후 엘리베이터 이용
01,수도권,S1,1,1호선,0347,시청,3,환승,2,5,5) 지하 2층 종각 방면 승강장으로 이동
01,수도권,S1,1,1호선,0347,시청,3,환승,2,6,6) 환승통로 이동
01,수도권,S1,1,1호선,0347,시청,3,환승,2,7,7) 엘리베이터 이용
01,수도권,S1,1,1호선,0347,시청,3,환승,2,8,8) 지하 3층으로 이동
01,수도권,S1,1,1호선,0347,시청,3,환승,2,9,9) 충정로 방면 승강장으로 이동
01,수도권,S1,1,1호선,0347,시청,3,환승,3,1,1) 종각 방면 승강장
01,수도권,S1,1,1호선,0347,시청,3,환승,3,2,2) 환승통로 이동
01,수도권,S1,1,1호선,0347,시청,3,환승,3,3,3) 엘리베이터 이용
01,수도권,S1,1,1호선,0347,시청,3,환승,3,4,4) 지하 3층으로 이동
01,수도권,S1,1,1호선,0347,시청,3,환승,3,5,5) 을지로입구 방면 승강장으로 이동
01,수도권,S1,1,1호선,0347,시청,3,환승,4,1,1) 종각 방면 승강장
01,수도권,S1,1,1호선,0347,시청,3,환승,4,2,2) 환승통로 이동
01,수도권,S1,1,1호선,0347,시청,3,환승,4,3,3) 엘리베이터 이용
01,수도권,S1,1,1호선,0347,시청,3,환승,4,4,4) 지하 3층으로 이동
01,수도권,S1,1,1호선,0347,시청,3,환승,4,5,5) 충정로 방면 승강장으로 이동
01,수도권,S1,1,1호선,0296,서울역,1,출입구-승강장,1,1,1) (1F) 1번 출입구 옆 엘리베이터 탑승
01,수도권,S1,1,1호선,0296,서울역,1,출입구-승강장,1,2,2) (B1) 대합실로 이동
01,수도권,S1,1,1호선,0296,서울역,1,출입구-승강장,1,3,3) 표 내는 곳 통과
01,수도권,S1,1,1호선,0296,서울역,1,출입구-승강장,1,4,4) 1호선 승강장 방향 엘리베이터 탑승
01,수도권,S1,1,1호선,0296,서울역,1,출입구-승강장,1,5,5) (B2) 시청 방면 승강장으로 이동
01,수도권,S1,1,1호선,0296,서울역,1,출입구-승강장,1,6,6) 승차 (휠체어칸)
01,수도권,S1,1,1호선,0296,서울역,1,출입구-승강장,2,1,1) (1F) 1번 출입구 옆 엘리베이터 탑승
01,수도권,S1,1,1호선,0296,서울역,1,출입구-승강장,2,2,2) (B1) 대합실로 이동
01,수도권,S1,1,1호선,0296,서울역,1,출입구-승강장,2,3,3) 표 내는 곳 통과
01,수도권,S1,1,1호선,0296,서울역,1,출입구-승강장,2,4,4) 1호선 승강장 방향 엘리베이터 탑승
01,수도권,S1,1,1호선,0296,서울역,1,출입구-승강장,2,5,5) (B2) 남영 방면 승강장으로 이동
01,수도권,S1,1,1호선,0296,서울역,1,출입구-승강장,2,6,6) 승차 (휠체어칸)
01,수도권,S1,1,1호선,0296,서울역,1,출입구-승강장,3,1,1) (1F) 2번 출입구 옆 엘리베이터 탑승
01,수도권,S1,1,1호선,0296,서울역,1,출입구-승강장,3,2,2) (B1) 대합실로 이동
01,수도권,S1,1,1호선,0296,서울역,1,출입구-승강장,3,3,3) 표 내는 곳 통과
01,수도권,S1,1,1호선,0296,서울역,1,출입구-승강장,3,4,4) 1호선 승강장 방향 엘리베이터 탑승
01,수도권,S1,1,1호선,0296,서울역,1,출입구-승강장,3,5,5) (B2) 시청 방면 승강장으로 이동
01,수도권,S1,1,1호선,0296,서울역,1,출입구-승강장,3,6,6) 승차 (휠체어칸)
01,수도권,S1,1,1호선,0296,서울역,1,출입구-승강장,4,1,1) (1F) 2번 출입구 옆 엘리베이터 탑승
01,수도권,S1,1,1호선,0296,서울역,1,출입구-승강장,4,2,2) (B1) 대합실로 이동
01,수도권,S1,1,1호선,0296,서울역,1,출입구-승강장,4,3,3) 표 내는 곳 통과
01,수도권,S1,1,1호선,0296,서울역,1,출입구-승강장,4,4,4) 1호선 승강장 방향 엘리베이터 탑승
01,수도권,S1,1,1호선,0296,서울역,1,출입구-승강장,4,5,5) (B2) 남영 방면 승강장으로 이동
01,수도권,S1,1,1호선,0296,서울역,1,출입구-승강장,4,6,6) 승차 (휠체어칸)
01,수도권,S1,1,1호선,0296,서울역,1,출입구-승강장,5,1,1) (1F) 3번 출입구 옆 엘리베이터 탑승
01,수도권,S1,1,1호선,0296,서울역,1,출입구-승강장,5,2,2) (B1) 대합실로 이동
01,수도권,S1,1,1호선,0296,서울역,1,출입구-승강장,5,3,3) 표 내는 곳 통과
01,수도권,S1,1,1호선,0296,서울역,1,출입구-승강장,5,4,4) 1호선 승강장 방향 엘리베이터 탑승
01,수도권,S1,1,1호선,0296,서울역,1,출입구-승강장,5,5,5) (B2) 시청 방면 승강장으로 이동
01,수도권,S1,1,1호선,0296,서울역,1,출입구-승강장,5,6,6) 승차 (휠체어칸)
01,수도권,S1,1,1호선,0296,서울역,1,출입구-승강장,6,1,1) (1F) 3번 출입구 옆 엘리베이터 탑승
01,수도권,S1,1,1호선,0296,서울역,1,출입구-승강장,6,2,2) (B1) 대합실로 이동
01,수도권,S1,1,1호선,0296,서울역,1,출입구-승강장,6,3,3) 표 내는 곳 통과
01,수도권,S1,1,1호선,0296,서울역,1,출입구-승강장,6,4,4) 1호선 승강장 방향 엘리베이터 탑승
01,수도권,S1,1,1호선,0296,서울역,1,출입구-승강장,6,5,5) (B2) 남영 방면 승강장으로 이동
01,수도권,S1,1,1호선,0296,서울역,1,출입구-승강장,6,6,6) 승차 (휠체어칸)
01,수도권,S1,1,1호선,0296,서울역,1,출입구-승강장,7,1,1) (1F) 4번 출입구 옆 엘리베이터 탑승
01,수도권,S1,1,1호선,0296,서울역,1,출입구-승강장,7,2,2) (B1) 대합실로 이동
01,수도권,S1,1,1호선,0296,서울역,1,출입구-승강장,7,3,3) 표 내는 곳 통과
01,수도권,S1,1,1호선,0296,서울역,1,출입구-승강장,7,4,4) 1호선 승강장 방향 엘리베이터 탑승
01,수도권,S1,1,1호선,0296,서울역,1,출입구-승강장,7,5,5) (B2) 시청 방면 승강장으로 이동
01,수도권,S1,1,1호선,0296,서울역,1,출입구-승강장,7,6,6) 승차 (휠체어칸)
01,수도권,S1,1,1호선,0296,서울역,1,출입구-승강장,8,1,1) (1F) 4번 출입구 옆 엘리베이터 탑승
01,수도권,S1,1,1호선,0296,서울역,1,출입구-승강장,8,2,2) (B1) 대합실로 이동
01,수도권,S1,1,1호선,0296,서울역,1,출입구-승강장,8,3,3) 표 내는 곳 통과
01,수도권,S1,1,1호선,0296,서울역,1,출입구-승강장,8,4,4) 1호선 승강장 방향 엘리베이터 탑승
01,수도권,S1,1,1호선,0296,서울역,1,출입구-승강장,8,5,5) (B2) 남영 방면 승강장으로 이동
01,수도권,S1,1,1호선,0296,서울역,1,출입구-승강장,8,6,6) 승차 (휠체어칸)
01,수도권,S1,1,1호선,0296,서울역,3,환승,1,1,1) (B2) 1호선 시청 방면 승강장 하차
01,수도권,S1,1,1호선,0296,서울역,3,환승,1,2,2) 시청방면 승강장 4-4 부근 승강장 엘리베이터 탑승
01,수도권,S1,1,1호선,0296,서울역,3,환승,1,3,3) 엘리베이터로 (B1) 대합실 이동
01,수도권,S1,1,1호선,0296,서울역,3,환승,1,4,4) 장애인 게이트에서 콜 버튼 눌러 4호선 환승을 위한 게이트 통과 요청
01,수도권,S1,1,1호선,0296,서울역,3,환승,1,5,5) 게이트 통과후 (B1) GTX-A 대합실로 이동(비운임구역 진입)
01,수도권,S1,1,1호선,0296,서울역,3,환승,1,6,6) GTX-A 대합실에서 4호선 12번 출구 방면 (B1) 대합실로 이동
01,수도권,S1,1,1호선,0296,서울역,3,환승,1,7,7) 12번 출구 근처 4호선 승강장 엘레베이터 앞 게이트에서 4호선 환승을 위한 게이트 통과 요청
01,수도권,S1,1,1호선,0296,서울역,3,환승,1,8,8) 4호선 게이트 통과(운임구역 진입)
01,수도권,S1,1,1호선,0296,서울역,3,환승,1,9,9) 4호선 승강장 엘레베이터 탑승
01,수도권,S1,1,1호선,0296,서울역,3,환승,1,10,10) (B2) 4호선 회현 방면 승강장으로 이동
01,수도권,S1,1,1호선,0296,서울역,3,환승,1,11,11) 승차(휠체어칸)
01,수도권,S1,1,1호선,0296,서울역,3,환승,2,1,1) (B2) 1호선 시청 방면 승강장 하차
01,수도권,S1,1,1호선,0296,서울역,3,환승,2,2,2) 시청방면 승강장 4-4 부근 승강장 엘리베이터 탑승
01,수도권,S1,1,1호선,0296,서울역,3,환승,2,3,3) 엘리베이터로 (B1) 대합실 이동
01,수도권,S1,1,1호선,0296,서울역,3,환승,2,4,4) 장애인 게이트에서 콜 버튼 눌러 4호선 환승을 위한 게이트 통과 요청
01,수도권,S1,1,1호선,0296,서울역,3,환승,2,5,5) 게이트 통과후 (B1) GTX-A 대합실로 이동(비운임구역 진입)
01,수도권,S1,1,1호선,0296,서울역,3,환승,2,6,6) GTX-A 대합실에서 4호선 12번 출구 방면 (B1) 대합실로 이동
01,수도권,S1,1,1호선,0296,서울역,3,환승,2,7,7) 12번 출구 근처 4호선 승강장 엘레베이터 앞 게이트에서 4호선 환승을 위한 게이트 통과 요청
01,수도권,S1,1,1호선,0296,서울역,3,환승,2,8,8) 4호선 게이트 통과(운임구역 진입)
01,수도권,S1,1,1호선,0296,서울역,3,환승,2,9,9) 4호선 승강장 엘레베이터 탑승
01,수도권,S1,1,1호선,0296,서울역,3,환승,2,10,10) (B2) 4호선 숙대입구 방면 승강장으로 이동
01,수도권,S1,1,1호선,0296,서울역,3,환승,2,11,11) 승차(휠체어칸)
01,수도권,S1,1,1호선,0296,서울역,3,환승,3,1,1) (B2) 1호선 남영 방면 승강장 하차
01,수도권,S1,1,1호선,0296,서울역,3,환승,3,2,2) 남영방면 승강장 7-1 부근 승강장 엘리베이터 탑승
01,수도권,S1,1,1호선,0296,서울역,3,환승,3,3,3) 엘리베이터로 (B1) 대합실 이동
01,수도권,S1,1,1호선,0296,서울역,3,환승,3,4,4) 장애인 게이트에서 콜 버튼 눌러 4호선 환승을 위한 게이트 통과 요청
01,수도권,S1,1,1호선,0296,서울역,3,환승,3,5,5) 게이트 통과후 (B1) GTX-A 대합실로 이동(비운임구역 진입)
01,수도권,S1,1,1호선,0296,서울역,3,환승,3,6,6) GTX-A 대합실에서 4호선 12번 출구 방면 (B1) 대합실로 이동
01,수도권,S1,1,1호선,0296,서울역,3,환승,3,7,7) 12번 출구 근처 4호선 승강장 엘레베이터 앞 게이트에서 4호선 환승을 위한 게이트 통과 요청
01,수도권,S1,1,1호선,0296,서울역,3,환승,3,8,8) 4호선 게이트 통과(운임구역 진입)
01,수도권,S1,1,1호선,0296,서울역,3,환승,3,9,9) 4호선 승강장 엘레베이터 탑승
01,수도권,S1,1,1호선,0296,서울역,3,환승,3,10,10) (B2) 4호선 회현 방면 승강장으로 이동
01,수도권,S1,1,1호선,0296,서울역,3,환승,3,11,11) 승차(휠체어칸)
01,수도권,S1,1,1호선,0296,서울역,3,환승,4,1,1) (B2) 1호선 남영 방면 승강장 하차
01,수도권,S1,1,1호선,0296,서울역,3,환승,4,2,2) 남영방면 승강장 7-1 부근 승강장 엘리베이터 탑승
01,수도권,S1,1,1호선,0296,서울역,3,환승,4,3,3) 엘리베이터로 (B1) 대합실 이동
01,수도권,S1,1,1호선,0296,서울역,3,환승,4,4,4) 장애인 게이트에서 콜 버튼 눌러 4호선 환승을 위한 게이트 통과 요청
01,수도권,S1,1,1호선,0296,서울역,3,환승,4,5,5) 게이트 통과후 (B1) GTX-A 대합실로 이동(비운임구역 진입)
01,수도권,S1,1,1호선,0296,서울역,3,환승,4,6,6) GTX-A 대합실에서 4호선 12번 출구 방면 (B1) 대합실로 이동
01,수도권,S1,1,1호선,0296,서울역,3,환승,4,7,7) 12번 출구 근처 4호선 승강장 엘레베이터 앞 게이트에서 4호선 환승을 위한 게이트 통과 요청
01,수도권,S1,1,1호선,0296,서울역,3,환승,4,8,8) 4호선 게이트 통과(운임구역 진입)
01,수도권,S1,1,1호선,0296,서울역,3,환승,4,9,9) 4호선 승강장 엘레베이터 탑승
01,수도권,S1,1,1호선,0296,서울역,3,환승,4,10,10) (B2) 4호선 숙대입구 방면 승강장으로 이동
01,수도권,S1,1,1호선,0296,서울역,3,환승,4,11,11) 승차(휠체어칸) 
01,수도권,S1,1,1호선,0296,서울역,3,환승,5,1,1) (B2) 1호선 남영 방면 승강장 하차
01,수도권,S1,1,1호선,0296,서울역,3,환승,5,2,2) 시청방면 승강장 4-4 부근 승강장 엘리베이터 탑승
01,수도권,S1,1,1호선,0296,서울역,3,환승,5,3,3) 엘리베이터로 (B1) 대합실로 이동
01,수도권,S1,1,1호선,0296,서울역,3,환승,5,4,4) 2번 출구 외부 1호기 엘리베이터로 이동
01,수도권,S1,1,1호선,0296,서울역,3,환승,5,5,5) 외부 1호기 엘리베이터로 (1F) 지상 이동
01,수도권,S1,1,1호선,0296,서울역,3,환승,5,6,"6) (1F) 지상에서 (2F) 경의중앙선 역사로 이동 (경의중앙선에서는 지상 대합실을 2층, 승강장을 1층으로 구분)"
01,수도권,S1,1,1호선,0296,서울역,3,환승,5,7,7) (2F) 경의중앙선 역사에서 승강장 엘리베이터 탑승
01,수도권,S1,1,1호선,0296,서울역,3,환승,5,8,8) (1F) 경의중앙선 신촌 방면 승강장으로 이동
01,수도권,S1,1,1호선,0296,서울역,3,환승,5,9,9) 승차(휠체어칸)
01,수도권,S1,1,1호선,0296,서울역,3,환승,6,1,1) (B2) 1호선 남영 방면 승강장 하차
01,수도권,S1,1,1호선,0296,서울역,3,환승,6,2,2) 남영방면 승강장 7-1 부근 승강장 엘리베이터 탑승
01,수도권,S1,1,1호선,0296,서울역,3,환승,6,3,3) 엘리베이터로 (B1) 대합실로 이동
01,수도권,S1,1,1호선,0296,서울역,3,환승,6,4,4) 2번 출구 외부 1호기 엘리베이터로 이동
01,수도권,S1,1,1호선,0296,서울역,3,환승,6,5,5) 외부 1호기 엘리베이터로 (1F) 지상 이동
01,수도권,S1,1,1호선,0296,서울역,3,환승,6,6,"6) (1F) 지상에서 (2F) 경의중앙선 역사로 이동 (경의중앙선에서는 지상 대합실을 2층, 승강장을 1층으로 구분)"
01,수도권,S1,1,1호선,0296,서울역,3,환승,6,7,7) (2F) 경의중앙선 역사에서 승강장 엘리베이터 탑승
01,수도권,S1,1,1호선,0296,서울역,3,환승,6,8,8) (1F) 경의중앙선 신촌 방면 승강장으로 이동
01,수도권,S1,1,1호선,0296,서울역,3,환승,6,9,9) 승차(휠체어칸)
01,수도권,S1,1,1호선,0296,서울역,3,환승,7,1,1) (B2) 1호선 시청 방면 승강장 하차
01,수도권,S1,1,1호선,0296,서울역,3,환승,7,2,2) 대합실 방향 엘리베이터 탑승
01,수도권,S1,1,1호선,0296,서울역,3,환승,7,3,3) (B1) 대합실로 이동
01,수도권,S1,1,1호선,0296,서울역,3,환승,7,4,4) 1번 출구 방면 엘리베이터 탑승 지상 2층 이동
01,수도권,S1,1,1호선,0296,서울역,3,환승,7,5,5) KTX 기차역 대합실 이동
01,수도권,S1,1,1호선,0296,서울역,3,환승,7,6,6) 기차역 서부역 방면 ③번 출구 이동
01,수도권,S1,1,1호선,0296,서울역,3,환승,7,7,7) 공항철도 엘리베이터 탑승
01,수도권,S1,1,1호선,0296,서울역,3,환승,7,8,8) 공항철도 대합실로 이동
01,수도권,S1,1,1호선,0296,서울역,3,환승,7,9,9) (B3) 공항철도 대합실로 이동
01,수도권,S1,1,1호선,0296,서울역,3,환승,7,10,10) 공항철도 공덕 방면 엘리베이터 탑승
01,수도권,S1,1,1호선,0296,서울역,3,환승,7,11,11) (B7) 공항철도 공덕 방면 승강장으로 이동
01,수도권,S1,1,1호선,0296,서울역,3,환승,7,12,12) 승차 (휠체어칸)
01,수도권,S1,1,1호선,0296,서울역,3,환승,8,1,1) (B2) 1호선 남영 방면 승강장 하차
01,수도권,S1,1,1호선,0296,서울역,3,환승,8,2,2) 대합실 방향 엘리베이터 탑승
01,수도권,S1,1,1호선,0296,서울역,3,환승,8,3,3) (B1) 대합실로 이동
01,수도권,S1,1,1호선,0296,서울역,3,환승,8,4,4) 1번 출구 방면 엘리베이터 탑승 지상 2층 이동
01,수도권,S1,1,1호선,0296,서울역,3,환승,8,5,5) KTX 기차역 대합실 이동
01,수도권,S1,1,1호선,0296,서울역,3,환승,8,6,6) 기차역 서부역 방면 ③번 출구 이동
01,수도권,S1,1,1호선,0296,서울역,3,환승,8,7,7) 공항철도 엘리베이터 탑승
01,수도권,S1,1,1호선,0296,서울역,3,환승,8,8,8) 공항철도 대합실로 이동
01,수도권,S1,1,1호선,0296,서울역,3,환승,8,9,9) (B3) 공항철도 대합실로 이동
01,수도권,S1,1,1호선,0296,서울역,3,환승,8,10,10) 공항철도 공덕 방면 엘리베이터 탑승
01,수도권,S1,1,1호선,0296,서울역,3,환승,8,11,11) (B7) 공항철도 공덕 방면 승강장으로 이동
01,수도권,S1,1,1호선,0296,서울역,3,환승,8,12,12) 승차 (휠체어칸)
01,수도권,KR,1,1호선,0108,남영,1,출입구-승강장,1,1,1) (1F) 1번 출입구 대합실로 이동
01,수도권,KR,1,1호선,0108,남영,1,출입구-승강장,1,2,2) 표 내는 곳 통과
01,수도권,KR,1,1호선,0108,남영,1,출입구-승강장,1,3,3) 승강장 방향 휠체어리프트 탑승
01,수도권,KR,1,1호선,0108,남영,1,출입구-승강장,1,4,4) (2F) 서울역 방면 승강장으로 이동
01,수도권,KR,1,1호선,0108,남영,1,출입구-승강장,1,5,5) 승차 (휠체어칸)
01,수도권,KR,1,1호선,0108,남영,1,출입구-승강장,2,1,1) (1F) 1번 출입구 대합실로 이동
01,수도권,KR,1,1호선,0108,남영,1,출입구-승강장,2,2,2) 표 내는 곳 통과
01,수도권,KR,1,1호선,0108,남영,1,출입구-승강장,2,3,3) 승강장 방향 휠체어리프트 탑승
01,수도권,KR,1,1호선,0108,남영,1,출입구-승강장,2,4,4) (2F) 용산 방면 승강장으로 이동
01,수도권,KR,1,1호선,0108,남영,1,출입구-승강장,2,5,5) 승차 (휠체어칸)
01,수도권,KR,1,1호선,0447,용산,1,출입구-승강장,1,1,1) 1번 출입구
01,수도권,KR,1,1호선,0447,용산,1,출입구-승강장,1,2,2) 개집표기 통과
01,수도권,KR,1,1호선,0447,용산,1,출입구-승강장,1,3,3) 타는 곳 5번 노량진방면 지상3층 엘리베이터
01,수도권,KR,1,1호선,0447,용산,1,출입구-승강장,1,4,4) 노량진방면 지상1층 승강장 엘리베이터
01,수도권,KR,1,1호선,0447,용산,1,출입구-승강장,1,5,5) 노량진방면 승강장
01,수도권,KR,1,1호선,0447,용산,1,출입구-승강장,2,1,1) 2번 출입구
01,수도권,KR,1,1호선,0447,용산,1,출입구-승강장,2,2,2) 개집표기 통과
01,수도권,KR,1,1호선,0447,용산,1,출입구-승강장,2,3,3) 타는 곳 5번 노량진방면 지상3층 엘리베이터
01,수도권,KR,1,1호선,0447,용산,1,출입구-승강장,2,4,4) 노량진방면 지상1층 승강장 엘리베이터
01,수도권,KR,1,1호선,0447,용산,1,출입구-승강장,2,5,5) 노량진방면 승강장
01,수도권,KR,1,1호선,0447,용산,1,출입구-승강장,3,1,1) 3번 출입구
01,수도권,KR,1,1호선,0447,용산,1,출입구-승강장,3,2,2) 개집표기 통과
01,수도권,KR,1,1호선,0447,용산,1,출입구-승강장,3,3,3) 타는 곳 5번 노량진방면 지상3층 엘리베이터
01,수도권,KR,1,1호선,0447,용산,1,출입구-승강장,3,4,4) 노량진방면 지상1층 승강장 엘리베이터
01,수도권,KR,1,1호선,0447,용산,1,출입구-승강장,3,5,5) 노량진방면 승강장
01,수도권,KR,1,1호선,0447,용산,1,출입구-승강장,4,1,1) 1번 출입구
01,수도권,KR,1,1호선,0447,용산,1,출입구-승강장,4,2,2) 개집표기 통과
01,수도권,KR,1,1호선,0447,용산,1,출입구-승강장,4,3,3) 타는 곳 6번 남영방면 지상3층 엘리베이터
01,수도권,KR,1,1호선,0447,용산,1,출입구-승강장,4,4,4) 남영방면 지상1층 승강장 엘리베이터
01,수도권,KR,1,1호선,0447,용산,1,출입구-승강장,4,5,5) 남영방면 승강장
01,수도권,KR,1,1호선,0447,용산,1,출입구-승강장,5,1,1) 2번 출입구
01,수도권,KR,1,1호선,0447,용산,1,출입구-승강장,5,2,2) 개집표기 통과
01,수도권,KR,1,1호선,0447,용산,1,출입구-승강장,5,3,3) 타는 곳 6번 남영방면 지상3층 엘리베이터
01,수도권,KR,1,1호선,0447,용산,1,출입구-승강장,5,4,4) 남영방면 지상1층 승강장 엘리베이터
01,수도권,KR,1,1호선,0447,용산,1,출입구-승강장,5,5,5) 남영방면 승강장
01,수도권,KR,1,1호선,0447,용산,1,출입구-승강장,6,1,1) 3번 출입구
01,수도권,KR,1,1호선,0447,용산,1,출입구-승강장,6,2,2) 개집표기 통과
01,수도권,KR,1,1호선,0447,용산,1,출입구-승강장,6,3,3) 타는 곳 6번 남영방면 지상3층 엘리베이터
01,수도권,KR,1,1호선,0447,용산,1,출입구-승강장,6,4,4) 남영방면 지상1층 승강장 엘리베이터
01,수도권,KR,1,1호선,0447,용산,1,출입구-승강장,6,5,5) 남영방면 승강장
01,수도권,KR,1,1호선,0447,용산,3,환승,1,1,1) 이촌방면 승강장
01,수도권,KR,1,1호선,0447,용산,3,환승,1,2,2) 이촌방면 지상1층 엘리베이터
01,수도권,KR,1,1호선,0447,용산,3,환승,1,3,3) 이촌방면 지상3층 엘리베이터
01,수도권,KR,1,1호선,0447,용산,3,환승,1,4,4) 효창공원앞방면 지상3층 엘리베이터
01,수도권,KR,1,1호선,0447,용산,3,환승,1,5,5) 효창공원앞방면 지상1층 승강장 엘리베이터
01,수도권,KR,1,1호선,0447,용산,3,환승,1,6,6) 효창공원앞방면 승강장
01,수도권,KR,1,1호선,0447,용산,3,환승,2,1,1) 남영방면 승강장
01,수도권,KR,1,1호선,0447,용산,3,환승,2,2,2) 남영방면 지상1층 엘리베이터
01,수도권,KR,1,1호선,0447,용산,3,환승,2,3,3) 남영방면 지상3층 엘리베이터
01,수도권,KR,1,1호선,0447,용산,3,환승,2,4,4) 효창공원앞방면 지상3층 엘리베이터
01,수도권,KR,1,1호선,0447,용산,3,환승,2,5,5) 효창공원앞방면 지상1층 승강장 엘리베이터
01,수도권,KR,1,1호선,0447,용산,3,환승,2,6,6) 효창공원앞방면 승강장
01,수도권,KR,1,1호선,0447,용산,3,환승,3,1,1) 노량진방면 승강장
01,수도권,KR,1,1호선,0447,용산,3,환승,3,2,2) 노량진방면 지상1층 엘리베이터
01,수도권,KR,1,1호선,0447,용산,3,환승,3,3,3) 노량진방면 지상3층 엘리베이터
01,수도권,KR,1,1호선,0447,용산,3,환승,3,4,4) 효창공원앞방면 지상3층 엘리베이터
01,수도권,KR,1,1호선,0447,용산,3,환승,3,5,5) 효창공원앞방면 지상1층 승강장 엘리베이터
01,수도권,KR,1,1호선,0447,용산,3,환승,3,6,6) 효창공원앞방면 승강장
01,수도권,KR,1,1호선,0447,용산,3,환승,4,1,1) 효창공원앞방면 승강장
01,수도권,KR,1,1호선,0447,용산,3,환승,4,2,2) 효창공원앞방면 지상1층 엘리베이터
01,수도권,KR,1,1호선,0447,용산,3,환승,4,3,3) 효창공원앞방면 지상3층 엘리베이터
01,수도권,KR,1,1호선,0447,용산,3,환승,4,4,4) 이촌방면 지상3층 엘리베이터
01,수도권,KR,1,1호선,0447,용산,3,환승,4,5,5) 이촌방면 지상1층 승강장 엘리베이터
01,수도권,KR,1,1호선,0447,용산,3,환승,4,6,6) 이촌방면 승강장
01,수도권,KR,1,1호선,0447,용산,3,환승,5,1,1) 남영방면 승강장
01,수도권,KR,1,1호선,0447,용산,3,환승,5,2,2) 남영방면 지상1층 엘리베이터
01,수도권,KR,1,1호선,0447,용산,3,환승,5,3,3) 남영방면 지상3층 엘리베이터
01,수도권,KR,1,1호선,0447,용산,3,환승,5,4,4) 이촌방면 지상3층 엘리베이터
01,수도권,KR,1,1호선,0447,용산,3,환승,5,5,5) 이촌방면 지상1층 승강장 엘리베이터
01,수도권,KR,1,1호선,0447,용산,3,환승,5,6,6) 이촌방면 승강장
01,수도권,KR,1,1호선,0447,용산,3,환승,6,1,1) 노량진방면 승강장
01,수도권,KR,1,1호선,0447,용산,3,환승,6,2,2) 노량진방면 지상1층 엘리베이터
01,수도권,KR,1,1호선,0447,용산,3,환승,6,3,3) 노량진방면 지상3층 엘리베이터
01,수도권,KR,1,1호선,0447,용산,3,환승,6,4,4) 이촌방면 지상3층 엘리베이터
01,수도권,KR,1,1호선,0447,용산,3,환승,6,5,5) 이촌방면 지상1층 승강장 엘리베이터
01,수도권,KR,1,1호선,0447,용산,3,환승,6,6,6) 이촌방면 승강장
01,수도권,KR,1,1호선,0114,노량진,1,출입구-승강장,1,1,1) 9번 출입구 지상 1층 엘리베이터
01,수도권,KR,1,1호선,0114,노량진,1,출입구-승강장,1,2,2) 9번 출입구 지하 1층 엘리베이터
01,수도권,KR,1,1호선,0114,노량진,1,출입구-승강장,1,3,3) 개집표기 통과
01,수도권,KR,1,1호선,0114,노량진,1,출입구-승강장,1,4,4) 대방방면 지하1층 엘리베이터
01,수도권,KR,1,1호선,0114,노량진,1,출입구-승강장,1,5,5) 대방방면 지상1층 승강장 엘리베이터
01,수도권,KR,1,1호선,0114,노량진,1,출입구-승강장,1,6,6) 대방방면 승강장
01,수도권,KR,1,1호선,0114,노량진,1,출입구-승강장,2,1,1) 5번/6번 출입구 사이 지상1층 엘리베이터
01,수도권,KR,1,1호선,0114,노량진,1,출입구-승강장,2,2,2) 5번/6번 출입구 사이 지하1층 엘리베이터
01,수도권,KR,1,1호선,0114,노량진,1,출입구-승강장,2,3,3) 개집표기 통과
01,수도권,KR,1,1호선,0114,노량진,1,출입구-승강장,2,4,4) 대방방면 지하1층 엘리베이터
01,수도권,KR,1,1호선,0114,노량진,1,출입구-승강장,2,5,5) 대방방면 지상1층 승강장 엘리베이터
01,수도권,KR,1,1호선,0114,노량진,1,출입구-승강장,2,6,6) 대방 방면 승강장
01,수도권,KR,1,1호선,0114,노량진,1,출입구-승강장,3,1,1) 8번 출입구 지상1층 엘리베이터
01,수도권,KR,1,1호선,0114,노량진,1,출입구-승강장,3,2,2) 8번 출입구 지하1층 엘리베이터
01,수도권,KR,1,1호선,0114,노량진,1,출입구-승강장,3,3,3) 개집표기 통과
01,수도권,KR,1,1호선,0114,노량진,1,출입구-승강장,3,4,4) 대방방면 지하1층 엘리베이터
01,수도권,KR,1,1호선,0114,노량진,1,출입구-승강장,3,5,5) 대방방면 지상1층 승강장 엘리베이터
01,수도권,KR,1,1호선,0114,노량진,1,출입구-승강장,3,6,6) 대방방면 승강장
01,수도권,KR,1,1호선,0114,노량진,1,출입구-승강장,4,1,1) 9번 출입구 지상 1층 엘리베이터
01,수도권,KR,1,1호선,0114,노량진,1,출입구-승강장,4,2,2) 9번 출입구 지하 1층 엘리베이터
01,수도권,KR,1,1호선,0114,노량진,1,출입구-승강장,4,3,3) 개집표기 통과
01,수도권,KR,1,1호선,0114,노량진,1,출입구-승강장,4,4,4) 용산방면 지하1층 엘리베이터
01,수도권,KR,1,1호선,0114,노량진,1,출입구-승강장,4,5,5) 용산방면 지상1층 승강장 엘리베이터
01,수도권,KR,1,1호선,0114,노량진,1,출입구-승강장,4,6,6) 용산방면 승강장
01,수도권,KR,1,1호선,0114,노량진,1,출입구-승강장,5,1,1) 5번/6번 출입구 사이 지상1층 엘리베이터
01,수도권,KR,1,1호선,0114,노량진,1,출입구-승강장,5,2,2) 5번/6번 출입구 사이 지하1층 엘리베이터
01,수도권,KR,1,1호선,0114,노량진,1,출입구-승강장,5,3,3) 개집표기 통과
01,수도권,KR,1,1호선,0114,노량진,1,출입구-승강장,5,4,4) 용산방면 지하1층 엘리베이터
01,수도권,KR,1,1호선,0114,노량진,1,출입구-승강장,5,5,5) 용산방면 지상1층 승강장 엘리베이터
01,수도권,KR,1,1호선,0114,노량진,1,출입구-승강장,5,6,6) 용산방면 승강장
01,수도권,KR,1,1호선,0114,노량진,1,출입구-승강장,6,1,1) 8번 출입구 지상1층 엘리베이터
01,수도권,KR,1,1호선,0114,노량진,1,출입구-승강장,6,2,2) 8번 출입구 지하1층 엘리베이터
01,수도권,KR,1,1호선,0114,노량진,1,출입구-승강장,6,3,3) 개집표기 통과
01,수도권,KR,1,1호선,0114,노량진,1,출입구-승강장,6,4,4) 용산방면 지하1층 엘리베이터
01,수도권,KR,1,1호선,0114,노량진,1,출입구-승강장,6,5,5) 용산방면 지상1층 승강장 엘리베이터
01,수도권,KR,1,1호선,0114,노량진,1,출입구-승강장,6,6,6) 용산방면 승강장
01,수도권,KR,1,1호선,0114,노량진,1,출입구-승강장,7,1,1) 9번 출입구 지상 1층 엘리베이터
01,수도권,KR,1,1호선,0114,노량진,1,출입구-승강장,7,2,2) 9번 출입구 지하 1층 엘리베이터
01,수도권,KR,1,1호선,0114,노량진,1,출입구-승강장,7,3,3) 개집표기 통과
01,수도권,KR,1,1호선,0114,노량진,1,출입구-승강장,7,4,4) 하행급행 지하1층 엘리베이터
01,수도권,KR,1,1호선,0114,노량진,1,출입구-승강장,7,5,5) 하행급행 지상1층 승강장 엘리베이터
01,수도권,KR,1,1호선,0114,노량진,1,출입구-승강장,7,6,6) 하행급행 승강장
01,수도권,KR,1,1호선,0114,노량진,1,출입구-승강장,8,1,1) 5번/6번 출입구 사이 지상1층 엘리베이터
01,수도권,KR,1,1호선,0114,노량진,1,출입구-승강장,8,2,2) 5번/6번 출입구 사이 지하1층 엘리베이터
01,수도권,KR,1,1호선,0114,노량진,1,출입구-승강장,8,3,3) 개집표기 통과
01,수도권,KR,1,1호선,0114,노량진,1,출입구-승강장,8,4,4) 하행급행 지하1층 엘리베이터
01,수도권,KR,1,1호선,0114,노량진,1,출입구-승강장,8,5,5) 하행급행 지상1층 승강장 엘리베이터
01,수도권,KR,1,1호선,0114,노량진,1,출입구-승강장,8,6,6) 하행급행 승강장
01,수도권,KR,1,1호선,0114,노량진,1,출입구-승강장,9,1,1) 8번 출입구 지상1층 엘리베이터
01,수도권,KR,1,1호선,0114,노량진,1,출입구-승강장,9,2,2) 8번 출입구 지하1층 엘리베이터
01,수도권,KR,1,1호선,0114,노량진,1,출입구-승강장,9,3,3) 개집표기 통과
01,수도권,KR,1,1호선,0114,노량진,1,출입구-승강장,9,4,4) 하행급행 지하1층 엘리베이터
01,수도권,KR,1,1호선,0114,노량진,1,출입구-승강장,9,5,5) 하행급행 지상1층 승강장 엘리베이터
01,수도권,KR,1,1호선,0114,노량진,1,출입구-승강장,9,6,6) 하행급행 승강장
01,수도권,KR,1,1호선,0114,노량진,1,출입구-승강장,10,1,1) 9번 출입구 지상 1층 엘리베이터
01,수도권,KR,1,1호선,0114,노량진,1,출입구-승강장,10,2,2) 9번 출입구 지하 1층 엘리베이터
01,수도권,KR,1,1호선,0114,노량진,1,출입구-승강장,10,3,3) 개집표기 통과
01,수도권,KR,1,1호선,0114,노량진,1,출입구-승강장,10,4,4) 상행급행 지하1층 엘리베이터
01,수도권,KR,1,1호선,0114,노량진,1,출입구-승강장,10,5,5) 상행급행 지상1층 승강장 엘리베이터
01,수도권,KR,1,1호선,0114,노량진,1,출입구-승강장,10,6,6) 상행급행 승강장
01,수도권,KR,1,1호선,0114,노량진,1,출입구-승강장,11,1,1) 5번/6번 출입구 사이 지상1층 엘리베이터
01,수도권,KR,1,1호선,0114,노량진,1,출입구-승강장,11,2,2) 5번/6번 출입구 사이 지하1층 엘리베이터
01,수도권,KR,1,1호선,0114,노량진,1,출입구-승강장,11,3,3) 개집표기 통과
01,수도권,KR,1,1호선,0114,노량진,1,출입구-승강장,11,4,4) 상행급행 지하1층 엘리베이터
01,수도권,KR,1,1호선,0114,노량진,1,출입구-승강장,11,5,5) 상행급행 지상1층 승강장 엘리베이터
01,수도권,KR,1,1호선,0114,노량진,1,출입구-승강장,11,6,6) 상행급행 승강장
01,수도권,KR,1,1호선,0114,노량진,1,출입구-승강장,12,1,1) 8번 출입구 지상1층 엘리베이터
01,수도권,KR,1,1호선,0114,노량진,1,출입구-승강장,12,2,2) 8번 출입구 지하1층 엘리베이터
01,수도권,KR,1,1호선,0114,노량진,1,출입구-승강장,12,3,3) 개집표기 통과
01,수도권,KR,1,1호선,0114,노량진,1,출입구-승강장,12,4,4) 상행급행 지하1층 엘리베이터
01,수도권,KR,1,1호선,0114,노량진,1,출입구-승강장,12,5,5) 상행급행 지상1층 승강장 엘리베이터
01,수도권,KR,1,1호선,0114,노량진,1,출입구-승강장,12,6,6) 상행급행 승강장
01,수도권,KR,1,1호선,0114,노량진,3,환승,1,1,1) 용산방면 승강장
01,수도권,KR,1,1호선,0114,노량진,3,환승,1,2,2) 용산방면 지상1층 승강장 엘리베이터
01,수도권,KR,1,1호선,0114,노량진,3,환승,1,3,3) 용산방면 지하1층 엘리베이터
01,수도권,KR,1,1호선,0114,노량진,3,환승,1,4,4) 노들방면 지하1층 엘리베이터
01,수도권,KR,1,1호선,0114,노량진,3,환승,1,5,5) 노들방면 지하2층 승강장 엘리베이터
01,수도권,KR,1,1호선,0114,노량진,3,환승,1,6,6) 노들방면 승강장
01,수도권,KR,1,1호선,0114,노량진,3,환승,2,1,1) 용산방면 승강장
01,수도권,KR,1,1호선,0114,노량진,3,환승,2,2,2) 용산방면 지상1층 승강장 엘리베이터
01,수도권,KR,1,1호선,0114,노량진,3,환승,2,3,3) 용산방면 지하1층 엘리베이터
01,수도권,KR,1,1호선,0114,노량진,3,환승,2,4,4) 샛강방면 지하1층 엘리베이터
01,수도권,KR,1,1호선,0114,노량진,3,환승,2,5,5) 샛강방면 지하2층 승강장 엘리베이터
01,수도권,KR,1,1호선,0114,노량진,3,환승,2,6,6) 샛강방면 승강장
01,수도권,KR,1,1호선,0114,노량진,3,환승,3,1,1) 대방방면 승강장
01,수도권,KR,1,1호선,0114,노량진,3,환승,3,2,2) 대방방면 지상1층 승강장 엘리베이터
01,수도권,KR,1,1호선,0114,노량진,3,환승,3,3,3) 대방방면 지하1층 엘리베이터
01,수도권,KR,1,1호선,0114,노량진,3,환승,3,4,4) 노들방면 지하1층 엘리베이터
01,수도권,KR,1,1호선,0114,노량진,3,환승,3,5,5) 노들방면 지하2층 승강장 엘리베이터
01,수도권,KR,1,1호선,0114,노량진,3,환승,3,6,6) 노들방면 승강장
01,수도권,KR,1,1호선,0132,대방,1,출입구-승강장,1,1,1) 5번 출입구 지상1층 엘리베이터
01,수도권,KR,1,1호선,0132,대방,1,출입구-승강장,1,2,2) 5번 출입구 지하1층 엘리베이터
01,수도권,KR,1,1호선,0132,대방,1,출입구-승강장,1,3,3) 지하1층 엘리베이터
01,수도권,KR,1,1호선,0132,대방,1,출입구-승강장,1,4,4) 지상1층 엘리베이터
01,수도권,KR,1,1호선,0132,대방,1,출입구-승강장,1,5,5) 개집표기 통과
01,수도권,KR,1,1호선,0132,대방,1,출입구-승강장,1,6,6) 노량진방면 지상1층 엘리베이터
01,수도권,KR,1,1호선,0132,대방,1,출입구-승강장,1,7,7) 노량진방면 지상2층 승강장 엘리베이터
01,수도권,KR,1,1호선,0132,대방,1,출입구-승강장,1,8,8) 노량진방면 승강장
01,수도권,KR,1,1호선,0132,대방,1,출입구-승강장,2,1,1) 6번 출입구
01,수도권,KR,1,1호선,0132,대방,1,출입구-승강장,2,2,2) 개집표기 통과
01,수도권,KR,1,1호선,0132,대방,1,출입구-승강장,2,3,3) 노량진방면 지상1층 엘리베이터
01,수도권,KR,1,1호선,0132,대방,1,출입구-승강장,2,4,4) 노량진방면 지상2층 승강장 엘리베이터
01,수도권,KR,1,1호선,0132,대방,1,출입구-승강장,2,5,5) 노량진방면 승강장
01,수도권,KR,1,1호선,0132,대방,1,출입구-승강장,3,1,1) 5번 출입구 지상1층 엘리베이터
01,수도권,KR,1,1호선,0132,대방,1,출입구-승강장,3,2,2) 5번 출입구 지하1층 엘리베이터
01,수도권,KR,1,1호선,0132,대방,1,출입구-승강장,3,3,3) 지하1층 엘리베이터
01,수도권,KR,1,1호선,0132,대방,1,출입구-승강장,3,4,4) 지상1층 엘리베이터
01,수도권,KR,1,1호선,0132,대방,1,출입구-승강장,3,5,5) 개집표기 통과
01,수도권,KR,1,1호선,0132,대방,1,출입구-승강장,3,6,6) 신길방면 지상1층 엘리베이터
01,수도권,KR,1,1호선,0132,대방,1,출입구-승강장,3,7,7) 신길방면 지상2층 승강장 엘리베이터
01,수도권,KR,1,1호선,0132,대방,1,출입구-승강장,3,8,8) 신길방면 승강장
01,수도권,KR,1,1호선,0132,대방,1,출입구-승강장,4,1,1) 6번 출입구
01,수도권,KR,1,1호선,0132,대방,1,출입구-승강장,4,2,2) 개집표기 통과
01,수도권,KR,1,1호선,0132,대방,1,출입구-승강장,4,3,3) 신길방면 지상1층 엘리베이터
01,수도권,KR,1,1호선,0132,대방,1,출입구-승강장,4,4,4) 신길방면 지상2층 승강장 엘리베이터
01,수도권,KR,1,1호선,0132,대방,1,출입구-승강장,4,5,5) 신길방면 승강장
01,수도권,KR,1,1호선,0132,대방,1,출입구-승강장,5,1,1) 5번 출입구 지상1층 엘리베이터
01,수도권,KR,1,1호선,0132,대방,1,출입구-승강장,5,2,2) 5번 출입구 지하1층 엘리베이터
01,수도권,KR,1,1호선,0132,대방,1,출입구-승강장,5,3,3) 지하1층 엘리베이터
01,수도권,KR,1,1호선,0132,대방,1,출입구-승강장,5,4,4) 지상1층 엘리베이터
01,수도권,KR,1,1호선,0132,대방,1,출입구-승강장,5,5,5) 개집표기 통과
01,수도권,KR,1,1호선,0132,대방,1,출입구-승강장,5,6,6) 상향 급행 지상1층 엘리베이터
01,수도권,KR,1,1호선,0132,대방,1,출입구-승강장,5,7,7) 상행 급행 지상2층 승강장 엘리베이터
01,수도권,KR,1,1호선,0132,대방,1,출입구-승강장,5,8,8) 상행 급행 승강장
01,수도권,KR,1,1호선,0132,대방,1,출입구-승강장,6,1,1) 6번 출입구
01,수도권,KR,1,1호선,0132,대방,1,출입구-승강장,6,2,2) 개집표기 통과
01,수도권,KR,1,1호선,0132,대방,1,출입구-승강장,6,3,3) 하행 급행 지상1층 엘리베이터
01,수도권,KR,1,1호선,0132,대방,1,출입구-승강장,6,4,4) 하행 급행 지상2층 승강장 엘리베이터
01,수도권,KR,1,1호선,0132,대방,1,출입구-승강장,6,5,5) 하행 급행 승강장
01,수도권,KR,1,1호선,0351,신길,1,출입구-승강장,1,1,1) 1번/2번 출입구 이용 대합실로 이동
01,수도권,KR,1,1호선,0351,신길,1,출입구-승강장,1,2,2) 엘리베이터(중앙) 이용 지상 1층 승강장 으로 이동
01,수도권,KR,1,1호선,0351,신길,1,출입구-승강장,1,3,3) 환승이동통로 방향 엘리베이터 탑승
01,수도권,KR,1,1호선,0351,신길,1,출입구-승강장,1,4,4) 경인선급행(1번 승강장 방명)엘리베이터로 이동
01,수도권,KR,1,1호선,0351,신길,1,출입구-승강장,1,5,5) 1번 승강장 방면 엘리베이터 탑승
01,수도권,KR,1,1호선,0351,신길,1,출입구-승강장,1,6,6) 1번 승강장 에서 영등포 방면 급행 탑승
01,수도권,KR,1,1호선,0351,신길,1,출입구-승강장,2,1,1) 1번/2번 출입구 이용 대합실로 이동
01,수도권,KR,1,1호선,0351,신길,1,출입구-승강장,2,2,2) 엘리베이터(중앙) 이용 지상 1층 승강장 으로 이동
01,수도권,KR,1,1호선,0351,신길,1,출입구-승강장,2,3,3) 2번 승강장 에서 용산(경인선) 방면 급행 탑승
01,수도권,KR,1,1호선,0351,신길,1,출입구-승강장,3,1,1) 1번/2번 출입구 이용 대합실로 이동
01,수도권,KR,1,1호선,0351,신길,1,출입구-승강장,3,2,2) 엘리베이터(중앙) 이용 지상 1층 승강장 으로 이동
01,수도권,KR,1,1호선,0351,신길,1,출입구-승강장,3,3,3) 3번 승강장 에서 수원 방면 급행 탑승
01,수도권,KR,1,1호선,0351,신길,1,출입구-승강장,4,1,1) 1번/2번 출입구 이용 대합실로 이동
01,수도권,KR,1,1호선,0351,신길,1,출입구-승강장,4,2,2) 엘리베이터(중앙) 이용 지상 1층 승강장 으로 이동
01,수도권,KR,1,1호선,0351,신길,1,출입구-승강장,4,3,3) 3번 승강장 에서 영등포 방면 급행 탑승
01,수도권,KR,1,1호선,0351,신길,1,출입구-승강장,5,1,1) 1번/2번 출입구 이용 대합실로 이동
01,수도권,KR,1,1호선,0351,신길,1,출입구-승강장,5,2,2) 엘리베이터(중앙) 이용 지상 1층 승강장 으로 이동
01,수도권,KR,1,1호선,0351,신길,1,출입구-승강장,5,3,3) 환승이동통로 방향 엘리베이터 탑승
01,수도권,KR,1,1호선,0351,신길,1,출입구-승강장,5,4,4) 경부.경원선급행(4번 승강장 방명)엘리베이터로 이동
01,수도권,KR,1,1호선,0351,신길,1,출입구-승강장,5,5,5) 4번 승강장 방면 엘리베이터 탑승
01,수도권,KR,1,1호선,0351,신길,1,출입구-승강장,5,6,6) 4번 승강장 에서 용산.청량리(경부선) 방면 급행 탑승
01,수도권,KR,1,1호선,0351,신길,1,출입구-승강장,6,1,1) 1번/2번 출입구 이용 대합실로 이동
01,수도권,KR,1,1호선,0351,신길,1,출입구-승강장,6,2,2) 엘리베이터(중앙) 이용 지상 1층 승강장 으로 이동
01,수도권,KR,1,1호선,0351,신길,1,출입구-승강장,6,3,3) 환승이동통로 방향 엘리베이터 탑승
01,수도권,KR,1,1호선,0351,신길,1,출입구-승강장,6,4,4) 경부.경원선급행(4번 승강장 방명)엘리베이터로 이동
01,수도권,KR,1,1호선,0351,신길,1,출입구-승강장,6,5,5) 4번 승강장 방면 엘리베이터 탑승
01,수도권,KR,1,1호선,0351,신길,1,출입구-승강장,6,6,6) 4번 승강장 에서 대방 방면 탑승
01,수도권,KR,1,1호선,0351,신길,3,환승,1,1,1) 3번칸 근처 엘리베이터 이용
01,수도권,KR,1,1호선,0351,신길,3,환승,1,2,2) 지하1층 이동 후 환승통로 이용
01,수도권,KR,1,1호선,0351,신길,3,환승,1,3,3) 영등포시장 방면 휠체어리프트 이용
01,수도권,KR,1,1호선,0351,신길,3,환승,1,4,4) 승강장 이동
01,수도권,KR,1,1호선,0351,신길,3,환승,2,1,1) 3번칸 근처 엘리베이터 이용
01,수도권,KR,1,1호선,0351,신길,3,환승,2,2,2) 지하1층 이동 후 환승통로 이용
01,수도권,KR,1,1호선,0351,신길,3,환승,2,3,3) 여의도 방면 휠체어리프트 이용
01,수도권,KR,1,1호선,0351,신길,3,환승,2,4,4) 승강장 이동
01,수도권,KR,1,1호선,0351,신길,3,환승,3,1,1) 3번칸 근처 엘리베이터 이용
01,수도권,KR,1,1호선,0351,신길,3,환승,3,2,2) 지하1층 이동 후 환승통로 이용
01,수도권,KR,1,1호선,0351,신길,3,환승,3,3,3) 영등포시장 방면 휠체어리프트 이용
01,수도권,KR,1,1호선,0351,신길,3,환승,3,4,4) 승강장 이동
01,수도권,KR,1,1호선,0351,신길,3,환승,4,1,1) 3번칸 근처 엘리베이터 이용
01,수도권,KR,1,1호선,0351,신길,3,환승,4,2,2) 지하1층 이동 후 환승통로 이용
01,수도권,KR,1,1호선,0351,신길,3,환승,4,3,3) 여의도 방면 휠체어리프트 이용
01,수도권,KR,1,1호선,0351,신길,3,환승,4,4,4) 승강장 이동
01,수도권,KR,1,1호선,0420,영등포,1,출입구-승강장,1,1,1) 1번/2번 출입구 사이 지상1층 엘리베이터
01,수도권,KR,1,1호선,0420,영등포,1,출입구-승강장,1,2,2) 1번/2번 출입구 사이 지상3층 엘리베이터
01,수도권,KR,1,1호선,0420,영등포,1,출입구-승강장,1,3,3) 개집표기 통과
01,수도권,KR,1,1호선,0420,영등포,1,출입구-승강장,1,4,4) 신길방면 지상3층 엘리베이터
01,수도권,KR,1,1호선,0420,영등포,1,출입구-승강장,1,5,5) 신길방면 지상1층 승강장 엘리베이터
01,수도권,KR,1,1호선,0420,영등포,1,출입구-승강장,1,6,6) 신길방면 승강장
01,수도권,KR,1,1호선,0420,영등포,1,출입구-승강장,2,1,1) 3번 출입구 지상1층 엘리베이터
01,수도권,KR,1,1호선,0420,영등포,1,출입구-승강장,2,2,2) 3번 출입구 지하1층 엘리베이터
01,수도권,KR,1,1호선,0420,영등포,1,출입구-승강장,2,3,3) 개집표기 통과
01,수도권,KR,1,1호선,0420,영등포,1,출입구-승강장,2,4,4) 신길방면 지하1층 엘리베이터
01,수도권,KR,1,1호선,0420,영등포,1,출입구-승강장,2,5,5) 신길방면 지상1층 승강장 엘리베이터
01,수도권,KR,1,1호선,0420,영등포,1,출입구-승강장,2,6,6) 신길방면 승강장
01,수도권,KR,1,1호선,0420,영등포,1,출입구-승강장,3,1,1) 1번/2번 출입구 사이 지상1층 엘리베이터
01,수도권,KR,1,1호선,0420,영등포,1,출입구-승강장,3,2,2) 1번/2번 출입구 사이 지상3층 엘리베이터
01,수도권,KR,1,1호선,0420,영등포,1,출입구-승강장,3,3,3) 개집표기 통과
01,수도권,KR,1,1호선,0420,영등포,1,출입구-승강장,3,4,4) 신도림방면 지상3층 엘리베이터
01,수도권,KR,1,1호선,0420,영등포,1,출입구-승강장,3,5,5) 신도림방면 지상1층 승강장 엘리베이터
01,수도권,KR,1,1호선,0420,영등포,1,출입구-승강장,3,6,6) 신도림방면 승강장
01,수도권,KR,1,1호선,0420,영등포,1,출입구-승강장,4,1,1) 3번 출입구 지상1층 엘리베이터
01,수도권,KR,1,1호선,0420,영등포,1,출입구-승강장,4,2,2) 3번 출입구 지하1층 엘리베이터
01,수도권,KR,1,1호선,0420,영등포,1,출입구-승강장,4,3,3) 개집표기 통과
01,수도권,KR,1,1호선,0420,영등포,1,출입구-승강장,4,4,4) 신도림방면 지하1층 엘리베이터
01,수도권,KR,1,1호선,0420,영등포,1,출입구-승강장,4,5,5) 신도림방면 지상1층 승강장 엘리베이터
01,수도권,KR,1,1호선,0420,영등포,1,출입구-승강장,4,6,6) 신도림방면 승강장
01,수도권,KR,1,1호선,0420,영등포,1,출입구-승강장,5,1,1) 1번/2번 출입구 사이 지상1층 엘리베이터
01,수도권,KR,1,1호선,0420,영등포,1,출입구-승강장,5,2,2) 1번/2번 출입구 사이 지상3층 엘리베이터
01,수도권,KR,1,1호선,0420,영등포,1,출입구-승강장,5,3,3) 개집표기 통과
01,수도권,KR,1,1호선,0420,영등포,1,출입구-승강장,5,4,4) 상행급행 지상3층 엘리베이터
01,수도권,KR,1,1호선,0420,영등포,1,출입구-승강장,5,5,5) 상행급행 지상1층 승강장 엘리베이터
01,수도권,KR,1,1호선,0420,영등포,1,출입구-승강장,5,6,6) 상행급행 승강장
01,수도권,KR,1,1호선,0420,영등포,1,출입구-승강장,6,1,1) 3번 출입구 지상1층 엘리베이터
01,수도권,KR,1,1호선,0420,영등포,1,출입구-승강장,6,2,2) 3번 출입구 지하1층 엘리베이터
01,수도권,KR,1,1호선,0420,영등포,1,출입구-승강장,6,3,3) 개집표기 통과
01,수도권,KR,1,1호선,0420,영등포,1,출입구-승강장,6,4,4) 하행급행 지하1층 엘리베이터
01,수도권,KR,1,1호선,0420,영등포,1,출입구-승강장,6,5,5) 하행급행 지상1층 승강장 엘리베이터
01,수도권,KR,1,1호선,0420,영등포,1,출입구-승강장,6,6,6) 하행급행 승강장
01,수도권,KR,1,1호선,0359,신도림,1,출입구-승강장,1,1,1) (1F) 4번 출입구 근처 지상 1층 엘리베이터 탑승
01,수도권,KR,1,1호선,0359,신도림,1,출입구-승강장,1,2,2) (2F) 2층 1호선 대합실 하차
01,수도권,KR,1,1호선,0359,신도림,1,출입구-승강장,1,3,3) 2층 구로 승강장 방면 엘리베이터 탑승 
01,수도권,KR,1,1호선,0359,신도림,1,출입구-승강장,1,4,4) 1층 구로 방면 승강장 하차
01,수도권,KR,1,1호선,0359,신도림,1,출입구-승강장,1,5,5) 승차 (휠체어칸)
01,수도권,KR,1,1호선,0359,신도림,1,출입구-승강장,2,1,1) (1F) 4번 출입구 근처 지상 1층 엘리베이터 탑승
01,수도권,KR,1,1호선,0359,신도림,1,출입구-승강장,2,2,2) (2F) 2층 1호선 대합실 하차
01,수도권,KR,1,1호선,0359,신도림,1,출입구-승강장,2,3,3) 2층 구로 승강장 방면 엘리베이터 탑승 
01,수도권,KR,1,1호선,0359,신도림,1,출입구-승강장,2,4,4) 1층 구로 방면 승강장 하차
01,수도권,KR,1,1호선,0359,신도림,1,출입구-승강장,2,5,5) 승차 (휠체어칸)
01,수도권,KR,1,1호선,0359,신도림,3,환승,1,1,1) 4번칸 근처 엘리베이터 이용
01,수도권,KR,1,1호선,0359,신도림,3,환승,1,2,2) 지하1층 이동
01,수도권,KR,1,1호선,0359,신도림,3,환승,1,3,3) 대림방면 환승통로 이용
01,수도권,KR,1,1호선,0359,신도림,3,환승,1,4,4) 대림방면 엘리베이터 이용후 지하2층 승강장 이동
01,수도권,KR,1,1호선,0359,신도림,3,환승,2,1,1) 4번칸 근처 엘리베이터 이용
01,수도권,KR,1,1호선,0359,신도림,3,환승,2,2,2) 지하1층 이동
01,수도권,KR,1,1호선,0359,신도림,3,환승,2,3,3) 문래방면 엘리베이터 이용후 지하2층 승강장 이동
01,수도권,KR,1,1호선,0359,신도림,3,환승,3,1,1) 4번칸 근처 엘리베이터 이용
01,수도권,KR,1,1호선,0359,신도림,3,환승,3,2,2) 지하1층 이동
01,수도권,KR,1,1호선,0359,신도림,3,환승,3,3,3) 도림천방면 엘리베이터 이용후 지하2층 승강장 이동
01,수도권,KR,1,1호선,0359,신도림,3,환승,4,1,1) 4번칸 근처 엘리베이터 이용
01,수도권,KR,1,1호선,0359,신도림,3,환승,4,2,2) 지하1층 이동
01,수도권,KR,1,1호선,0359,신도림,3,환승,4,3,3) 대림방면 엘리베이터 이용후 지하2층 승강장 이동
01,수도권,KR,1,1호선,0359,신도림,3,환승,5,1,1) 4번칸 근처 엘리베이터 이용
01,수도권,KR,1,1호선,0359,신도림,3,환승,5,2,2) 지하1층 이동
01,수도권,KR,1,1호선,0359,신도림,3,환승,5,3,3) 문래방면 엘리베이터 이용후 지하2층 승강장 이동
01,수도권,KR,1,1호선,0359,신도림,3,환승,6,1,1) 4번칸 근처 엘리베이터 이용
01,수도권,KR,1,1호선,0359,신도림,3,환승,6,2,2) 지하1층 이동
01,수도권,KR,1,1호선,0359,신도림,3,환승,6,3,3) 도림천방면 엘리베이터 이용후 지하2층 승강장 이동
01,수도권,KR,1,1호선,0359,신도림,3,환승,7,1,1) 2번칸 근처 엘리베이터 이용
01,수도권,KR,1,1호선,0359,신도림,3,환승,7,2,2) 지하1층 이동
01,수도권,KR,1,1호선,0359,신도림,3,환승,7,3,3) 대림방면 엘리베이터 이용후 지하2층 승강장 이동
01,수도권,KR,1,1호선,0359,신도림,3,환승,8,1,1) 2번칸 근처 엘리베이터 이용
01,수도권,KR,1,1호선,0359,신도림,3,환승,8,2,2) 지하1층 이동
01,수도권,KR,1,1호선,0359,신도림,3,환승,8,3,3) 문래방면 엘리베이터 이용후 지하2층 승강장 이동
01,수도권,KR,1,1호선,0359,신도림,3,환승,9,1,1) 2번칸 근처 엘리베이터 이용
01,수도권,KR,1,1호선,0359,신도림,3,환승,9,2,2) 지하1층 이동
01,수도권,KR,1,1호선,0359,신도림,3,환승,9,3,3) 도림천방면 엘리베이터 이용후 지하2층 승강장 이동
01,수도권,KR,1,1호선,0069,구로,1,출입구-승강장,1,1,1) (1F) 1번 출입구 옆 엘리베이터 탑승
01,수도권,KR,1,1호선,0069,구로,1,출입구-승강장,1,2,2) (3F) 대합실 이동
01,수도권,KR,1,1호선,0069,구로,1,출입구-승강장,1,3,3) 표 내는 곳 통과
01,수도권,KR,1,1호선,0069,구로,1,출입구-승강장,1,4,4) 신도림 방면(1번승강장) 엘리베이터(3호기) 탑승
01,수도권,KR,1,1호선,0069,구로,1,출입구-승강장,1,5,5) (F1) 신도림 방면 승강장으로 이동
01,수도권,KR,1,1호선,0069,구로,1,출입구-승강장,1,6,6) 승차 (휠체어칸)
01,수도권,KR,1,1호선,0069,구로,1,출입구-승강장,2,1,1) (1F) 1번 출입구 옆 엘리베이터 탑승
01,수도권,KR,1,1호선,0069,구로,1,출입구-승강장,2,2,2) (3F) 대합실 이동
01,수도권,KR,1,1호선,0069,구로,1,출입구-승강장,2,3,3) 표 내는 곳 통과
01,수도권,KR,1,1호선,0069,구로,1,출입구-승강장,2,4,4) 신도림 방면(2번승강장) 엘리베이터(4호기) 탑승
01,수도권,KR,1,1호선,0069,구로,1,출입구-승강장,2,5,5) (F1) 신도림 방면 승강장으로 이동
01,수도권,KR,1,1호선,0069,구로,1,출입구-승강장,2,6,6) 승차 (휠체어칸)
01,수도권,KR,1,1호선,0069,구로,1,출입구-승강장,3,1,1) (1F) 1번 출입구 옆 엘리베이터 탑승
01,수도권,KR,1,1호선,0069,구로,1,출입구-승강장,3,2,2) (3F) 대합실 이동
01,수도권,KR,1,1호선,0069,구로,1,출입구-승강장,3,3,3) 표 내는 곳 통과
01,수도권,KR,1,1호선,0069,구로,1,출입구-승강장,3,4,4) 가산디지털단지 방면 엘리베이터(4호기) 탑승
01,수도권,KR,1,1호선,0069,구로,1,출입구-승강장,3,5,5) (F1) 가산디지털단지 방면 승강장으로 이동
01,수도권,KR,1,1호선,0069,구로,1,출입구-승강장,3,6,6) 승차 (휠체어칸)
01,수도권,KR,1,1호선,0069,구로,1,출입구-승강장,4,1,1) (1F) 1번 출입구 옆 엘리베이터 탑승
01,수도권,KR,1,1호선,0069,구로,1,출입구-승강장,4,2,2) (3F) 대합실 이동
01,수도권,KR,1,1호선,0069,구로,1,출입구-승강장,4,3,3) 표 내는 곳 통과
01,수도권,KR,1,1호선,0069,구로,1,출입구-승강장,4,4,4) 인천 방면 엘리베이터(5호기) 탑승
01,수도권,KR,1,1호선,0069,구로,1,출입구-승강장,4,5,5) (F1) 인천 방면 승강장으로 이동
01,수도권,KR,1,1호선,0069,구로,1,출입구-승강장,4,6,6) 승차 (휠체어칸)
01,수도권,KR,1,1호선,0069,구로,1,출입구-승강장,5,1,1) (1F) 1번 출입구 옆 엘리베이터 탑승
01,수도권,KR,1,1호선,0069,구로,1,출입구-승강장,5,2,2) (3F) 대합실 이동
01,수도권,KR,1,1호선,0069,구로,1,출입구-승강장,5,3,3) 표 내는 곳 통과
01,수도권,KR,1,1호선,0069,구로,1,출입구-승강장,5,4,4) 영등포 방면 엘리베이터(5호기) 탑승
01,수도권,KR,1,1호선,0069,구로,1,출입구-승강장,5,5,5) (F1) 영등포 방면 승강장으로 이동
01,수도권,KR,1,1호선,0069,구로,1,출입구-승강장,5,6,6) 승차 (휠체어칸)
01,수도권,KR,1,1호선,0069,구로,1,출입구-승강장,6,1,1) (1F) 1번 출입구 옆 엘리베이터 탑승
01,수도권,KR,1,1호선,0069,구로,1,출입구-승강장,6,2,2) (3F) 대합실 이동
01,수도권,KR,1,1호선,0069,구로,1,출입구-승강장,6,3,3) 표 내는 곳 통과
01,수도권,KR,1,1호선,0069,구로,1,출입구-승강장,6,4,4) 용산(특급/급행) 방면 엘리베이터(6호기) 탑승
01,수도권,KR,1,1호선,0069,구로,1,출입구-승강장,6,5,5) (F1) 용산(특급/급행) 방면 승강장으로 이동
01,수도권,KR,1,1호선,0069,구로,1,출입구-승강장,6,6,6) 승차 (휠체어칸)
01,수도권,KR,1,1호선,0069,구로,1,출입구-승강장,7,1,1) (1F) 1번 출입구 옆 엘리베이터 탑승
01,수도권,KR,1,1호선,0069,구로,1,출입구-승강장,7,2,2) (3F) 대합실 이동
01,수도권,KR,1,1호선,0069,구로,1,출입구-승강장,7,3,3) 표 내는 곳 통과
01,수도권,KR,1,1호선,0069,구로,1,출입구-승강장,7,4,4) 구로시발 방면 엘리베이터(6호기) 탑승
01,수도권,KR,1,1호선,0069,구로,1,출입구-승강장,7,5,5) (F1) 구로시발 방면 승강장으로 이동
01,수도권,KR,1,1호선,0069,구로,1,출입구-승강장,7,6,6) 승차 (휠체어칸)
01,수도권,KR,1,1호선,0069,구로,1,출입구-승강장,8,1,1) (1F) 1번 출입구 옆 엘리베이터 탑승
01,수도권,KR,1,1호선,0069,구로,1,출입구-승강장,8,2,2) (3F) 대합실 이동
01,수도권,KR,1,1호선,0069,구로,1,출입구-승강장,8,3,3) 표 내는 곳 통과
01,수도권,KR,1,1호선,0069,구로,1,출입구-승강장,8,4,4) 동인천(특급/급행) 방면 엘리베이터(7호기) 탑승
01,수도권,KR,1,1호선,0069,구로,1,출입구-승강장,8,5,5) (F1) 동인천(특급/급행) 방면 승강장으로 이동
01,수도권,KR,1,1호선,0069,구로,1,출입구-승강장,8,6,6) 승차 (휠체어칸)
01,수도권,KR,1,1호선,0069,구로,1,출입구-승강장,9,1,1) (1F) 1번 출입구 옆 엘리베이터 탑승
01,수도권,KR,1,1호선,0069,구로,1,출입구-승강장,9,2,2) (3F) 대합실 이동
01,수도권,KR,1,1호선,0069,구로,1,출입구-승강장,9,3,3) 표 내는 곳 통과
01,수도권,KR,1,1호선,0069,구로,1,출입구-승강장,9,4,4) 광명(셔틀)KTX 방면 엘리베이터(7호기) 탑승
01,수도권,KR,1,1호선,0069,구로,1,출입구-승강장,9,5,5) (F1) 광명(셔틀)KTX 방면 승강장으로 이동
01,수도권,KR,1,1호선,0069,구로,1,출입구-승강장,9,6,6) 승차 (휠체어칸)
01,수도권,KR,1,1호선,0069,구로,1,출입구-승강장,10,1,1) (1F) 3번 출입구 옆 엘리베이터 탑승
01,수도권,KR,1,1호선,0069,구로,1,출입구-승강장,10,2,2) (3F) 대합실 이동
01,수도권,KR,1,1호선,0069,구로,1,출입구-승강장,10,3,3) 표 내는 곳 통과
01,수도권,KR,1,1호선,0069,구로,1,출입구-승강장,10,4,4) 신도림 방면(1번승강장) 엘리베이터(3호기) 탑승
01,수도권,KR,1,1호선,0069,구로,1,출입구-승강장,10,5,5) (F1) 신도림 방면 승강장으로 이동
01,수도권,KR,1,1호선,0069,구로,1,출입구-승강장,10,6,6) 승차 (휠체어칸)
01,수도권,KR,1,1호선,0069,구로,1,출입구-승강장,11,1,1) (1F) 3번 출입구 옆 엘리베이터 탑승
01,수도권,KR,1,1호선,0069,구로,1,출입구-승강장,11,2,2) (3F) 대합실 이동
01,수도권,KR,1,1호선,0069,구로,1,출입구-승강장,11,3,3) 표 내는 곳 통과
01,수도권,KR,1,1호선,0069,구로,1,출입구-승강장,11,4,4) 신도림 방면(2번승강장) 엘리베이터(4호기) 탑승
01,수도권,KR,1,1호선,0069,구로,1,출입구-승강장,11,5,5) (F1) 신도림 방면 승강장으로 이동
01,수도권,KR,1,1호선,0069,구로,1,출입구-승강장,11,6,6) 승차 (휠체어칸)
01,수도권,KR,1,1호선,0069,구로,1,출입구-승강장,12,1,1) (1F) 3번 출입구 옆 엘리베이터 탑승
01,수도권,KR,1,1호선,0069,구로,1,출입구-승강장,12,2,2) (3F) 대합실 이동
01,수도권,KR,1,1호선,0069,구로,1,출입구-승강장,12,3,3) 표 내는 곳 통과
01,수도권,KR,1,1호선,0069,구로,1,출입구-승강장,12,4,4) 가산디지털단지 방면 엘리베이터(4호기) 탑승
01,수도권,KR,1,1호선,0069,구로,1,출입구-승강장,12,5,5) (F1) 가산디지털단지 방면 승강장으로 이동
01,수도권,KR,1,1호선,0069,구로,1,출입구-승강장,12,6,6) 승차 (휠체어칸)
01,수도권,KR,1,1호선,0069,구로,1,출입구-승강장,13,1,1) (1F) 3번 출입구 옆 엘리베이터 탑승
01,수도권,KR,1,1호선,0069,구로,1,출입구-승강장,13,2,2) (3F) 대합실 이동
01,수도권,KR,1,1호선,0069,구로,1,출입구-승강장,13,3,3) 표 내는 곳 통과
01,수도권,KR,1,1호선,0069,구로,1,출입구-승강장,13,4,4) 인천 방면 엘리베이터(5호기) 탑승
01,수도권,KR,1,1호선,0069,구로,1,출입구-승강장,13,5,5) (F1) 인천 방면 승강장으로 이동
01,수도권,KR,1,1호선,0069,구로,1,출입구-승강장,13,6,6) 승차 (휠체어칸)
01,수도권,KR,1,1호선,0069,구로,1,출입구-승강장,14,1,1) (1F) 3번 출입구 옆 엘리베이터 탑승
01,수도권,KR,1,1호선,0069,구로,1,출입구-승강장,14,2,2) (3F) 대합실 이동
01,수도권,KR,1,1호선,0069,구로,1,출입구-승강장,14,3,3) 표 내는 곳 통과
01,수도권,KR,1,1호선,0069,구로,1,출입구-승강장,14,4,4) 영등포 방면 엘리베이터(5호기) 탑승
01,수도권,KR,1,1호선,0069,구로,1,출입구-승강장,14,5,5) (F1) 영등포 방면 승강장으로 이동
01,수도권,KR,1,1호선,0069,구로,1,출입구-승강장,14,6,6) 승차 (휠체어칸)
01,수도권,KR,1,1호선,0069,구로,1,출입구-승강장,15,1,1) (1F) 3번 출입구 옆 엘리베이터 탑승
01,수도권,KR,1,1호선,0069,구로,1,출입구-승강장,15,2,2) (3F) 대합실 이동
01,수도권,KR,1,1호선,0069,구로,1,출입구-승강장,15,3,3) 표 내는 곳 통과
01,수도권,KR,1,1호선,0069,구로,1,출입구-승강장,15,4,4) 용산(특급/급행) 방면 엘리베이터(6호기) 탑승
01,수도권,KR,1,1호선,0069,구로,1,출입구-승강장,15,5,5) (F1) 용산(특급/급행) 방면 승강장으로 이동
01,수도권,KR,1,1호선,0069,구로,1,출입구-승강장,15,6,6) 승차 (휠체어칸)
01,수도권,KR,1,1호선,0069,구로,1,출입구-승강장,16,1,1) (1F) 3번 출입구 옆 엘리베이터 탑승
01,수도권,KR,1,1호선,0069,구로,1,출입구-승강장,16,2,2) (3F) 대합실 이동
01,수도권,KR,1,1호선,0069,구로,1,출입구-승강장,16,3,3) 표 내는 곳 통과
01,수도권,KR,1,1호선,0069,구로,1,출입구-승강장,16,4,4) 구로시발 방면 엘리베이터(6호기) 탑승
01,수도권,KR,1,1호선,0069,구로,1,출입구-승강장,16,5,5) (F1) 구로시발 방면 승강장으로 이동
01,수도권,KR,1,1호선,0069,구로,1,출입구-승강장,16,6,6) 승차 (휠체어칸)
01,수도권,KR,1,1호선,0069,구로,1,출입구-승강장,17,1,1) (1F) 3번 출입구 옆 엘리베이터 탑승
01,수도권,KR,1,1호선,0069,구로,1,출입구-승강장,17,2,2) (3F) 대합실 이동
01,수도권,KR,1,1호선,0069,구로,1,출입구-승강장,17,3,3) 표 내는 곳 통과
01,수도권,KR,1,1호선,0069,구로,1,출입구-승강장,17,4,4) 동인천(특급/급행) 방면 엘리베이터(7호기) 탑승
01,수도권,KR,1,1호선,0069,구로,1,출입구-승강장,17,5,5) (F1) 동인천(특급/급행) 방면 승강장으로 이동
01,수도권,KR,1,1호선,0069,구로,1,출입구-승강장,17,6,6) 승차 (휠체어칸)
01,수도권,KR,1,1호선,0069,구로,1,출입구-승강장,18,1,1) (1F) 3번 출입구 옆 엘리베이터 탑승
01,수도권,KR,1,1호선,0069,구로,1,출입구-승강장,18,2,2) (3F) 대합실 이동
01,수도권,KR,1,1호선,0069,구로,1,출입구-승강장,18,3,3) 표 내는 곳 통과
01,수도권,KR,1,1호선,0069,구로,1,출입구-승강장,18,4,4) 광명(셔틀)KTX 방면 엘리베이터(7호기) 탑승
01,수도권,KR,1,1호선,0069,구로,1,출입구-승강장,18,5,5) (F1) 광명(셔틀)KTX 방면 승강장으로 이동
01,수도권,KR,1,1호선,0069,구로,1,출입구-승강장,18,6,6) 승차 (휠체어칸)
01,수도권,KR,1,1호선,0077,구일,1,출입구-승강장,1,1,1) 2번 출입구 
01,수도권,KR,1,1호선,0077,구일,1,출입구-승강장,1,2,2) 표 내는곳 통과 
01,수도권,KR,1,1호선,0077,구일,1,출입구-승강장,1,3,3) 3층 연결통로 방면 엘리베이터 탑승 
01,수도권,KR,1,1호선,0077,구일,1,출입구-승강장,1,4,4) 3층 연결통로 개봉 방면 엘리베이터 로이동
01,수도권,KR,1,1호선,0077,구일,1,출입구-승강장,1,5,5) 개봉 방면 엘리베이터 탑승 
01,수도권,KR,1,1호선,0077,구일,1,출입구-승강장,1,6,6) 개봉 방면 승강장으로 이동
01,수도권,KR,1,1호선,0077,구일,1,출입구-승강장,1,7,7) 승차(휠체어칸)
01,수도권,KR,1,1호선,0077,구일,1,출입구-승강장,2,1,1) 1번 출입구
01,수도권,KR,1,1호선,0077,구일,1,출입구-승강장,2,2,2) 표 내는곳 통과 
01,수도권,KR,1,1호선,0077,구일,1,출입구-승강장,2,3,3) 구로 방면 엘리베이터 탑승 
01,수도권,KR,1,1호선,0077,구일,1,출입구-승강장,2,4,4) 구로 방면 승강장으로 이동
01,수도권,KR,1,1호선,0077,구일,1,출입구-승강장,2,5,5) 승차(휠체어칸)
01,수도권,KR,1,1호선,0026,개봉,1,출입구-승강장,1,1,1) 1번 출입구 지상1층 엘리베이터
01,수도권,KR,1,1호선,0026,개봉,1,출입구-승강장,1,2,2) 1번 출입구 지상2층 엘리베이터
01,수도권,KR,1,1호선,0026,개봉,1,출입구-승강장,1,3,3) 개집표기 통과
01,수도권,KR,1,1호선,0026,개봉,1,출입구-승강장,1,4,4) 구일방면 지상2층 엘리베이터
01,수도권,KR,1,1호선,0026,개봉,1,출입구-승강장,1,5,5) 구일방면 지상1층 승강장 엘리베이터
01,수도권,KR,1,1호선,0026,개봉,1,출입구-승강장,1,6,6) 구일방면 승강장
01,수도권,KR,1,1호선,0026,개봉,1,출입구-승강장,2,1,1) 2번 출입구 지상1층 엘리베이터
01,수도권,KR,1,1호선,0026,개봉,1,출입구-승강장,2,2,2) 2번 출입구 지상2층 엘리베이터
01,수도권,KR,1,1호선,0026,개봉,1,출입구-승강장,2,3,3) 개집표기 통과
01,수도권,KR,1,1호선,0026,개봉,1,출입구-승강장,2,4,4) 구일방면 지상2층 엘리베이터
01,수도권,KR,1,1호선,0026,개봉,1,출입구-승강장,2,5,5) 구일방면 지상1층 승강장 엘리베이터
01,수도권,KR,1,1호선,0026,개봉,1,출입구-승강장,2,6,6) 구일방면 승강장
01,수도권,KR,1,1호선,0026,개봉,1,출입구-승강장,3,1,1) 1번 출입구 지상1층 엘리베이터
01,수도권,KR,1,1호선,0026,개봉,1,출입구-승강장,3,2,2) 1번 출입구 지상2층 엘리베이터
01,수도권,KR,1,1호선,0026,개봉,1,출입구-승강장,3,3,3) 개집표기 통과
01,수도권,KR,1,1호선,0026,개봉,1,출입구-승강장,3,4,4) 오류동방면 지상2층 엘리베이터
01,수도권,KR,1,1호선,0026,개봉,1,출입구-승강장,3,5,5) 오류동방면 지상1층 승강장 엘리베이터
01,수도권,KR,1,1호선,0026,개봉,1,출입구-승강장,3,6,6) 오류동방면 승강장
01,수도권,KR,1,1호선,0026,개봉,1,출입구-승강장,4,1,1) 2번 출입구 지상1층 엘리베이터
01,수도권,KR,1,1호선,0026,개봉,1,출입구-승강장,4,2,2) 2번 출입구 지상2층 엘리베이터
01,수도권,KR,1,1호선,0026,개봉,1,출입구-승강장,4,3,3) 개집표기 통과
01,수도권,KR,1,1호선,0026,개봉,1,출입구-승강장,4,4,4) 오류동방면 지상2층 엘리베이터
01,수도권,KR,1,1호선,0026,개봉,1,출입구-승강장,4,5,5) 오류동방면 지상1층 승강장 엘리베이터
01,수도권,KR,1,1호선,0026,개봉,1,출입구-승강장,4,6,6) 오류동방면 승강장
01,수도권,KR,1,1호선,0427,오류동,1,출입구-승강장,1,1,1) 2번 출입구 지상1층 엘리베이터
01,수도권,KR,1,1호선,0427,오류동,1,출입구-승강장,1,2,2) 2번 출입구 지상2층 엘리베이터
01,수도권,KR,1,1호선,0427,오류동,1,출입구-승강장,1,3,3) 개집표기 통과
01,수도권,KR,1,1호선,0427,오류동,1,출입구-승강장,1,4,4) 개봉방면 지상2층 엘리베이터
01,수도권,KR,1,1호선,0427,오류동,1,출입구-승강장,1,5,5) 개봉방면 지상1층 승강장 엘리베이터
01,수도권,KR,1,1호선,0427,오류동,1,출입구-승강장,1,6,6) 개봉방면 승강장
01,수도권,KR,1,1호선,0427,오류동,1,출입구-승강장,2,1,1) 3번 출입구 지상1층 엘리베이터
01,수도권,KR,1,1호선,0427,오류동,1,출입구-승강장,2,2,2) 3번 출입구 지상2층 엘리베이터
01,수도권,KR,1,1호선,0427,오류동,1,출입구-승강장,2,3,3) 개집표기 통과
01,수도권,KR,1,1호선,0427,오류동,1,출입구-승강장,2,4,4) 개봉방면 지상2층 엘리베이터
01,수도권,KR,1,1호선,0427,오류동,1,출입구-승강장,2,5,5) 개봉방면 지상1층 승강장 엘리베이터
01,수도권,KR,1,1호선,0427,오류동,1,출입구-승강장,2,6,6) 개봉방면 승강장
01,수도권,KR,1,1호선,0427,오류동,1,출입구-승강장,3,1,1) 2번 출입구 지상1층 엘리베이터
01,수도권,KR,1,1호선,0427,오류동,1,출입구-승강장,3,2,2) 2번 출입구 지상2층 엘리베이터
01,수도권,KR,1,1호선,0427,오류동,1,출입구-승강장,3,3,3) 개집표기 통과
01,수도권,KR,1,1호선,0427,오류동,1,출입구-승강장,3,4,4) 온수방면 지상2층 엘리베이터
01,수도권,KR,1,1호선,0427,오류동,1,출입구-승강장,3,5,5) 온수방면 지상1층 승강장 엘리베이터
01,수도권,KR,1,1호선,0427,오류동,1,출입구-승강장,3,6,6) 온수방면 승강장
01,수도권,KR,1,1호선,0427,오류동,1,출입구-승강장,4,1,1) 3번 출입구 지상1층 엘리베이터
01,수도권,KR,1,1호선,0427,오류동,1,출입구-승강장,4,2,2) 3번 출입구 지상2층 엘리베이터
01,수도권,KR,1,1호선,0427,오류동,1,출입구-승강장,4,3,3) 개집표기 통과
01,수도권,KR,1,1호선,0427,오류동,1,출입구-승강장,4,4,4) 온수방면 지상2층 엘리베이터
01,수도권,KR,1,1호선,0427,오류동,1,출입구-승강장,4,5,5) 온수방면 지상1층 승강장 엘리베이터
01,수도권,KR,1,1호선,0427,오류동,1,출입구-승강장,4,6,6) 온수방면 승강장
01,수도권,KR,1,1호선,0435,온수,1,출입구-승강장,1,1,1) 1번 출입구 근처 엘리베이터 이용
01,수도권,KR,1,1호선,0435,온수,1,출입구-승강장,1,2,2) 지상2층 이동후 개집표기 통과
01,수도권,KR,1,1호선,0435,온수,1,출입구-승강장,1,3,3) 오류동방면 엘리베이터 탑승 후 지상1층 승강장 이동
01,수도권,KR,1,1호선,0435,온수,1,출입구-승강장,2,1,1) 1번 출입구 근처 엘리베이터 이용
01,수도권,KR,1,1호선,0435,온수,1,출입구-승강장,2,2,2) 지상2층 이동후 개집표기 통과
01,수도권,KR,1,1호선,0435,온수,1,출입구-승강장,2,3,3) 역곡방면 엘리베이터 탑승 후 지상1층 승강장 이동
01,수도권,KR,1,1호선,0435,온수,1,출입구-승강장,3,1,1) 7번8번 출입구 근처 엘리베이터 이용
01,수도권,KR,1,1호선,0435,온수,1,출입구-승강장,3,2,2) 지상2층 이동후 개집표기 통과
01,수도권,KR,1,1호선,0435,온수,1,출입구-승강장,3,3,3) 오류동방면 엘리베이터 탑승 후 지상1층 승강장 이동
01,수도권,KR,1,1호선,0435,온수,1,출입구-승강장,4,1,1) 7번8번 출입구 근처 엘리베이터 이용
01,수도권,KR,1,1호선,0435,온수,1,출입구-승강장,4,2,2) 지상2층 이동후 개집표기 통과
01,수도권,KR,1,1호선,0435,온수,1,출입구-승강장,4,3,3) 역곡방면 엘리베이터 탑승 후 지상1층 승강장 이동
01,수도권,KR,1,1호선,0435,온수,3,환승,1,1,1) 3번칸 근처 엘리베이터 이용 지상2층 이동
01,수도권,KR,1,1호선,0435,온수,3,환승,1,2,2) 1번출입구 근처 엘리베이터 이용 지상1층 이동
01,수도권,KR,1,1호선,0435,온수,3,환승,1,3,3) 지상1층 3번출입구 근처 엘리베이터 이용
01,수도권,KR,1,1호선,0435,온수,3,환승,1,4,4) 지하1층 이동
01,수도권,KR,1,1호선,0435,온수,3,환승,1,5,5) 개집표기 안쪽 까치울 방면 엘리베이터 이용
01,수도권,KR,1,1호선,0435,온수,3,환승,1,6,6) 지하2층 승강장 이동
01,수도권,KR,1,1호선,0435,온수,3,환승,2,1,1) 7번칸 근처 엘리베이터 이용 지상2층 이동
01,수도권,KR,1,1호선,0435,온수,3,환승,2,2,2) 1번출입구 근처 엘리베이터 이용 지상1층 이동
01,수도권,KR,1,1호선,0435,온수,3,환승,2,3,3) 지상1층 3번출입구 근처 엘리베이터 이용
01,수도권,KR,1,1호선,0435,온수,3,환승,2,4,4) 지하1층 이동
01,수도권,KR,1,1호선,0435,온수,3,환승,2,5,5) 개집표기 안쪽 까치울 방면 엘리베이터 이용
01,수도권,KR,1,1호선,0435,온수,3,환승,2,6,6) 지하2층 승강장 이동
01,수도권,KR,1,1호선,0435,온수,3,환승,3,1,1) 3번칸 근처 엘리베이터 이용 지상2층 이동
01,수도권,KR,1,1호선,0435,온수,3,환승,3,2,2) 1번출입구 근처 엘리베이터 이용 지상1층 이동
01,수도권,KR,1,1호선,0435,온수,3,환승,3,3,3) 지상1층 3번출입구 근처 엘리베이터 이용
01,수도권,KR,1,1호선,0435,온수,3,환승,3,4,4) 지하1층 이동
01,수도권,KR,1,1호선,0435,온수,3,환승,3,5,5) 개집표기 안쪽 천왕 방면 엘리베이터 이용
01,수도권,KR,1,1호선,0435,온수,3,환승,3,6,6) 지하2층 승강장 이동
01,수도권,KR,1,1호선,0435,온수,3,환승,4,1,1) 7번칸 근처 엘리베이터 이용 지상2층 이동
01,수도권,KR,1,1호선,0435,온수,3,환승,4,2,2) 1번출입구 근처 엘리베이터 이용 지상1층 이동
01,수도권,KR,1,1호선,0435,온수,3,환승,4,3,3) 지상1층 3번출입구 근처 엘리베이터 이용
01,수도권,KR,1,1호선,0435,온수,3,환승,4,4,4) 지하1층 이동
01,수도권,KR,1,1호선,0435,온수,3,환승,4,5,5) 개집표기 안쪽 천왕 방면 엘리베이터 이용
01,수도권,KR,1,1호선,0435,온수,3,환승,4,6,6) 지하2층 승강장 이동
01,수도권,KR,1,1호선,0414,역곡,1,출입구-승강장,1,1,1) 1번 출입구 지상1층 엘리베이터
01,수도권,KR,1,1호선,0414,역곡,1,출입구-승강장,1,2,2) 1번 출입구 지상2층 엘리베이터
01,수도권,KR,1,1호선,0414,역곡,1,출입구-승강장,1,3,3) 온수방면 지상2층 엘리베이터
01,수도권,KR,1,1호선,0414,역곡,1,출입구-승강장,1,4,4) 온수방면 지상1층 승강장 엘리베이터
01,수도권,KR,1,1호선,0414,역곡,1,출입구-승강장,1,5,5) 온수방면 승강장
01,수도권,KR,1,1호선,0414,역곡,1,출입구-승강장,2,1,1) 2번 출입구 지상1층 엘리베이터
01,수도권,KR,1,1호선,0414,역곡,1,출입구-승강장,2,2,2) 2번 출입구 지상2층 엘리베이터
01,수도권,KR,1,1호선,0414,역곡,1,출입구-승강장,2,3,3) 온수방면 지상2층 엘리베이터
01,수도권,KR,1,1호선,0414,역곡,1,출입구-승강장,2,4,4) 온수방면 지상1층 승강장 엘리베이터
01,수도권,KR,1,1호선,0414,역곡,1,출입구-승강장,2,5,5) 온수방면 승강장
01,수도권,KR,1,1호선,0414,역곡,1,출입구-승강장,3,1,1) 1번 출입구 지상1층 엘리베이터
01,수도권,KR,1,1호선,0414,역곡,1,출입구-승강장,3,2,2) 1번 출입구 지상2층 엘리베이터
01,수도권,KR,1,1호선,0414,역곡,1,출입구-승강장,3,3,3) 소사방면 지상2층 엘리베이터
01,수도권,KR,1,1호선,0414,역곡,1,출입구-승강장,3,4,4) 소사방면 지상1층 승강장 엘리베이터
01,수도권,KR,1,1호선,0414,역곡,1,출입구-승강장,3,5,5) 소사방면 승강장
01,수도권,KR,1,1호선,0414,역곡,1,출입구-승강장,4,1,1) 2번 출입구 지상1층 엘리베이터
01,수도권,KR,1,1호선,0414,역곡,1,출입구-승강장,4,2,2) 2번 출입구 지상2층 엘리베이터
01,수도권,KR,1,1호선,0414,역곡,1,출입구-승강장,4,3,3) 소사방면 지상2층 엘리베이터
01,수도권,KR,1,1호선,0414,역곡,1,출입구-승강장,4,4,4) 소사방면 지상1층 승강장 엘리베이터
01,수도권,KR,1,1호선,0414,역곡,1,출입구-승강장,4,5,5) 소사방면 승강장
01,수도권,KR,1,1호선,0323,소사,1,출입구-승강장,1,1,1) 1번 출입구
01,수도권,KR,1,1호선,0323,소사,1,출입구-승강장,1,2,2) 개집표기 통과
01,수도권,KR,1,1호선,0323,소사,1,출입구-승강장,1,3,3) 역곡방면 지상1층 에스컬레이터
01,수도권,KR,1,1호선,0323,소사,1,출입구-승강장,1,4,4) 역곡방면 지상2층 승강장 에스컬레이터
01,수도권,KR,1,1호선,0323,소사,1,출입구-승강장,1,5,5) 역곡방면 승강장
01,수도권,KR,1,1호선,0323,소사,1,출입구-승강장,2,1,1) 2번 출입구
01,수도권,KR,1,1호선,0323,소사,1,출입구-승강장,2,2,2) 개집표기 통과
01,수도권,KR,1,1호선,0323,소사,1,출입구-승강장,2,3,3) 역곡방면 지상1층 에스컬레이터
01,수도권,KR,1,1호선,0323,소사,1,출입구-승강장,2,4,4) 역곡방면 지상2층 승강장 에스컬레이터
01,수도권,KR,1,1호선,0323,소사,1,출입구-승강장,2,5,5) 역곡방면 승강장
01,수도권,KR,1,1호선,0323,소사,1,출입구-승강장,3,1,1) 1번 출입구
01,수도권,KR,1,1호선,0323,소사,1,출입구-승강장,3,2,2) 개집표기 통과
01,수도권,KR,1,1호선,0323,소사,1,출입구-승강장,3,3,3) 부천방면 지상1층 에스컬레이터
01,수도권,KR,1,1호선,0323,소사,1,출입구-승강장,3,4,4) 부천방면 지상2층 승강장 에스컬레이터
01,수도권,KR,1,1호선,0323,소사,1,출입구-승강장,3,5,5) 부천방면 승강장
01,수도권,KR,1,1호선,0323,소사,1,출입구-승강장,4,1,1) 2번 출입구
01,수도권,KR,1,1호선,0323,소사,1,출입구-승강장,4,2,2) 개집표기 통과
01,수도권,KR,1,1호선,0323,소사,1,출입구-승강장,4,3,3) 부천방면 지상1층 에스컬레이터
01,수도권,KR,1,1호선,0323,소사,1,출입구-승강장,4,4,4) 부천방면 지상2층 승강장 에스컬레이터
01,수도권,KR,1,1호선,0323,소사,1,출입구-승강장,4,5,5) 부천방면 승강장
01,수도권,KR,1,1호선,0246,부천,1,출입구-승강장,1,1,1) 2번 출입구 지상1층 엘리베이터
01,수도권,KR,1,1호선,0246,부천,1,출입구-승강장,1,2,2) 2번 출입구 지상3층 엘리베이터
01,수도권,KR,1,1호선,0246,부천,1,출입구-승강장,1,3,3) 개집표기 통과
01,수도권,KR,1,1호선,0246,부천,1,출입구-승강장,1,4,4) 소사방면 지상3층 엘리베이터
01,수도권,KR,1,1호선,0246,부천,1,출입구-승강장,1,5,5) 소사방면 지상1층  승강장 엘리베이터
01,수도권,KR,1,1호선,0246,부천,1,출입구-승강장,1,6,6) 소사방면 승강장
01,수도권,KR,1,1호선,0246,부천,1,출입구-승강장,2,1,1) 3번 출입구 지상1층 엘리베이터
01,수도권,KR,1,1호선,0246,부천,1,출입구-승강장,2,2,2) 3번 출입구 지상3층 엘리베이터
01,수도권,KR,1,1호선,0246,부천,1,출입구-승강장,2,3,3) 개집표기 통과
01,수도권,KR,1,1호선,0246,부천,1,출입구-승강장,2,4,4) 소사방면 지상3층 엘리베이터
01,수도권,KR,1,1호선,0246,부천,1,출입구-승강장,2,5,5) 소사방면 지상1층  승강장 엘리베이터
01,수도권,KR,1,1호선,0246,부천,1,출입구-승강장,2,6,6) 소사방면 승강장
01,수도권,KR,1,1호선,0246,부천,1,출입구-승강장,3,1,1) 2번 출입구 지상1층 엘리베이터
01,수도권,KR,1,1호선,0246,부천,1,출입구-승강장,3,2,2) 2번 출입구 지상3층 엘리베이터
01,수도권,KR,1,1호선,0246,부천,1,출입구-승강장,3,3,3) 개집표기 통과
01,수도권,KR,1,1호선,0246,부천,1,출입구-승강장,3,4,4) 중동방면 지상3층 엘리베이터
01,수도권,KR,1,1호선,0246,부천,1,출입구-승강장,3,5,5) 중동방면 지상1층  승강장 엘리베이터
01,수도권,KR,1,1호선,0246,부천,1,출입구-승강장,3,6,6) 중동방면 승강장
01,수도권,KR,1,1호선,0246,부천,1,출입구-승강장,4,1,1) 3번 출입구 지상1층 엘리베이터
01,수도권,KR,1,1호선,0246,부천,1,출입구-승강장,4,2,2) 3번 출입구 지상3층 엘리베이터
01,수도권,KR,1,1호선,0246,부천,1,출입구-승강장,4,3,3) 개집표기 통과
01,수도권,KR,1,1호선,0246,부천,1,출입구-승강장,4,4,4) 중동방면 지상3층 엘리베이터
01,수도권,KR,1,1호선,0246,부천,1,출입구-승강장,4,5,5) 중동방면 지상1층  승강장 엘리베이터
01,수도권,KR,1,1호선,0246,부천,1,출입구-승강장,4,6,6) 중동방면 승강장
01,수도권,KR,1,1호선,0526,중동,1,출입구-승강장,1,1,1) 1번 출입구 지상1층 엘리베이터
01,수도권,KR,1,1호선,0526,중동,1,출입구-승강장,1,2,2) 1번 출입구 지상2층 엘리베이터
01,수도권,KR,1,1호선,0526,중동,1,출입구-승강장,1,3,3) 개집표기 통과
01,수도권,KR,1,1호선,0526,중동,1,출입구-승강장,1,4,4) 부천방면 지상2층 엘리베이터
01,수도권,KR,1,1호선,0526,중동,1,출입구-승강장,1,5,5) 부천방면 지상1층 승강장 엘리베이터
01,수도권,KR,1,1호선,0526,중동,1,출입구-승강장,1,6,6) 부천방면 승강장
01,수도권,KR,1,1호선,0526,중동,1,출입구-승강장,2,1,1) 2번 출입구 지상1층 엘리베이터
01,수도권,KR,1,1호선,0526,중동,1,출입구-승강장,2,2,2) 2번 출입구 지상2층 엘리베이터
01,수도권,KR,1,1호선,0526,중동,1,출입구-승강장,2,3,3) 개집표기 통과
01,수도권,KR,1,1호선,0526,중동,1,출입구-승강장,2,4,4) 부천방면 지상2층 엘리베이터
01,수도권,KR,1,1호선,0526,중동,1,출입구-승강장,2,5,5) 부천방면 지상1층 승강장 엘리베이터
01,수도권,KR,1,1호선,0526,중동,1,출입구-승강장,2,6,6) 부천방면 승강장
01,수도권,KR,1,1호선,0526,중동,1,출입구-승강장,3,1,1) 1번 출입구 지상1층 엘리베이터
01,수도권,KR,1,1호선,0526,중동,1,출입구-승강장,3,2,2) 1번 출입구 지상2층 엘리베이터
01,수도권,KR,1,1호선,0526,중동,1,출입구-승강장,3,3,3) 개집표기 통과
01,수도권,KR,1,1호선,0526,중동,1,출입구-승강장,3,4,4) 송내방면 지상2층 엘리베이터
01,수도권,KR,1,1호선,0526,중동,1,출입구-승강장,3,5,5) 송내방면 지상1층 승강장 엘리베이터
01,수도권,KR,1,1호선,0526,중동,1,출입구-승강장,3,6,6) 송내방면 승강장
01,수도권,KR,1,1호선,0526,중동,1,출입구-승강장,4,1,1) 2번 출입구 지상1층 엘리베이터
01,수도권,KR,1,1호선,0526,중동,1,출입구-승강장,4,2,2) 2번 출입구 지상2층 엘리베이터
01,수도권,KR,1,1호선,0526,중동,1,출입구-승강장,4,3,3) 개집표기 통과
01,수도권,KR,1,1호선,0526,중동,1,출입구-승강장,4,4,4) 송내방면 지상2층 엘리베이터
01,수도권,KR,1,1호선,0526,중동,1,출입구-승강장,4,5,5) 송내방면 지상1층 승강장 엘리베이터
01,수도권,KR,1,1호선,0526,중동,1,출입구-승강장,4,6,6) 송내방면 승강장
01,수도권,KR,1,1호선,0327,송내,1,출입구-승강장,1,1,1) 2번 출입구 지상1층 엘리베이터
01,수도권,KR,1,1호선,0327,송내,1,출입구-승강장,1,2,2) 2번 출입구 지상2층 엘리베이터
01,수도권,KR,1,1호선,0327,송내,1,출입구-승강장,1,3,3) 개집표기 통과
01,수도권,KR,1,1호선,0327,송내,1,출입구-승강장,1,4,4) 중동방면 지상2층 엘리베이터
01,수도권,KR,1,1호선,0327,송내,1,출입구-승강장,1,5,5) 중동방면 지상1층 승강장 엘리베이터
01,수도권,KR,1,1호선,0327,송내,1,출입구-승강장,1,6,6) 중동방면 승강장
01,수도권,KR,1,1호선,0327,송내,1,출입구-승강장,2,1,1) 3번 출입구 지상1층 엘리베이터
01,수도권,KR,1,1호선,0327,송내,1,출입구-승강장,2,2,2) 3번 출입구 지상2층 엘리베이터
01,수도권,KR,1,1호선,0327,송내,1,출입구-승강장,2,3,3) 개집표기 통과
01,수도권,KR,1,1호선,0327,송내,1,출입구-승강장,2,4,4) 중동방면 지상2층 엘리베이터
01,수도권,KR,1,1호선,0327,송내,1,출입구-승강장,2,5,5) 중동방면 지상1층 승강장 엘리베이터
01,수도권,KR,1,1호선,0327,송내,1,출입구-승강장,2,6,6) 중동방면 승강장
01,수도권,KR,1,1호선,0327,송내,1,출입구-승강장,3,1,1) 2번 출입구 지상1층 엘리베이터
01,수도권,KR,1,1호선,0327,송내,1,출입구-승강장,3,2,2) 2번 출입구 지상2층 엘리베이터
01,수도권,KR,1,1호선,0327,송내,1,출입구-승강장,3,3,3) 개집표기 통과
01,수도권,KR,1,1호선,0327,송내,1,출입구-승강장,3,4,4) 부개방면 지상2층 엘리베이터
01,수도권,KR,1,1호선,0327,송내,1,출입구-승강장,3,5,5) 부개방면 지상1층 승강장 엘리베이터
01,수도권,KR,1,1호선,0327,송내,1,출입구-승강장,3,6,6) 부개방면 승강장
01,수도권,KR,1,1호선,0327,송내,1,출입구-승강장,4,1,1) 3번 출입구 지상1층 엘리베이터
01,수도권,KR,1,1호선,0327,송내,1,출입구-승강장,4,2,2) 3번 출입구 지상2층 엘리베이터
01,수도권,KR,1,1호선,0327,송내,1,출입구-승강장,4,3,3) 개집표기 통과
01,수도권,KR,1,1호선,0327,송내,1,출입구-승강장,4,4,4) 부개방면 지상2층 엘리베이터
01,수도권,KR,1,1호선,0327,송내,1,출입구-승강장,4,5,5) 부개방면 지상1층 승강장 엘리베이터
01,수도권,KR,1,1호선,0327,송내,1,출입구-승강장,4,6,6) 부개방면 승강장
01,수도권,KR,1,1호선,0244,부개,1,출입구-승강장,1,1,1) 1번 출입구 지상1층  엘리베이터 탑승
01,수도권,KR,1,1호선,0244,부개,1,출입구-승강장,1,2,2) 대합실 이동 
01,수도권,KR,1,1호선,0244,부개,1,출입구-승강장,1,3,3) 표 내는곳 통과 
01,수도권,KR,1,1호선,0244,부개,1,출입구-승강장,1,4,4) 송내 방면 엘리베이터 탑승
01,수도권,KR,1,1호선,0244,부개,1,출입구-승강장,1,5,5) 송내 방면 승강장으로 이동
01,수도권,KR,1,1호선,0244,부개,1,출입구-승강장,1,6,6) 승차(휠체어칸)
01,수도권,KR,1,1호선,0244,부개,1,출입구-승강장,2,1,1) 2번 출입구 지상1층  엘리베이터 탑승
01,수도권,KR,1,1호선,0244,부개,1,출입구-승강장,2,2,2) 대합실 이동 
01,수도권,KR,1,1호선,0244,부개,1,출입구-승강장,2,3,3) 표 내는곳 통과 
01,수도권,KR,1,1호선,0244,부개,1,출입구-승강장,2,4,4) 송내 방면 엘리베이터 탑승
01,수도권,KR,1,1호선,0244,부개,1,출입구-승강장,2,5,5) 송내 방면 승강장으로 이동
01,수도권,KR,1,1호선,0244,부개,1,출입구-승강장,2,6,6) 승차(휠체어칸)
01,수도권,KR,1,1호선,0244,부개,1,출입구-승강장,3,1,1) 1번 출입구 지상1층  엘리베이터 탑승
01,수도권,KR,1,1호선,0244,부개,1,출입구-승강장,3,2,2) 대합실 이동 
01,수도권,KR,1,1호선,0244,부개,1,출입구-승강장,3,3,3) 표 내는곳 통과 
01,수도권,KR,1,1호선,0244,부개,1,출입구-승강장,3,4,4) 부평 방면 엘리베이터 탑승
01,수도권,KR,1,1호선,0244,부개,1,출입구-승강장,3,5,5) 부평 방면 승강장으로 이동
01,수도권,KR,1,1호선,0244,부개,1,출입구-승강장,3,6,6) 승차(휠체어칸)
01,수도권,KR,1,1호선,0244,부개,1,출입구-승강장,4,1,1) 2번 출입구 지상1층  엘리베이터 탑승
01,수도권,KR,1,1호선,0244,부개,1,출입구-승강장,4,2,2) 대합실 이동 
01,수도권,KR,1,1호선,0244,부개,1,출입구-승강장,4,3,3) 표 내는곳 통과 
01,수도권,KR,1,1호선,0244,부개,1,출입구-승강장,4,4,4) 부평 방면 엘리베이터 탑승
01,수도권,KR,1,1호선,0244,부개,1,출입구-승강장,4,5,5) 부평 방면 승강장으로 이동
01,수도권,KR,1,1호선,0244,부개,1,출입구-승강장,4,6,6) 승차(휠체어칸)
01,수도권,KR,1,1호선,0249,부평,1,출입구-승강장,1,1,1) 1번 출입구 휠체어리프트 이용
01,수도권,KR,1,1호선,0249,부평,1,출입구-승강장,1,2,2) 부개 방면
01,수도권,KR,1,1호선,0249,부평,1,출입구-승강장,2,1,1) 1번 출입구 휠체어리프트 이용
01,수도권,KR,1,1호선,0249,부평,1,출입구-승강장,2,2,2) 휠치어리프트 이용 지하1층 이동
01,수도권,KR,1,1호선,0249,부평,1,출입구-승강장,2,3,3) 백운방면 휠체어 리프트 이용 지상1층 승강장 이동
01,수도권,KR,1,1호선,0249,부평,1,출입구-승강장,3,1,1) 2번 출입구 휠체어리프트 이용
01,수도권,KR,1,1호선,0249,부평,1,출입구-승강장,3,2,2) 부개 방면
01,수도권,KR,1,1호선,0249,부평,1,출입구-승강장,4,1,1) 2번 출입구 휠체어리프트 이용
01,수도권,KR,1,1호선,0249,부평,1,출입구-승강장,4,2,2) 휠치어리프트 이용 지하1층 이동
01,수도권,KR,1,1호선,0249,부평,1,출입구-승강장,4,3,3) 백운방면 휠체어 리프트 이용 지상1층 승강장 이동
01,수도권,KR,1,1호선,0249,부평,3,환승,1,1,1) 3번칸 근처 엘리베이터 이용
01,수도권,KR,1,1호선,0249,부평,3,환승,1,2,2) 지하1층 이동
01,수도권,KR,1,1호선,0249,부평,3,환승,1,3,3) 환승통로 이용
01,수도권,KR,1,1호선,0249,부평,3,환승,1,4,4) 5번출입구 근처 동수방면 엘리베이터 이용
01,수도권,KR,1,1호선,0249,부평,3,환승,1,5,5) 지하4층 승강장 이동
01,수도권,KR,1,1호선,0249,부평,3,환승,2,1,1) 3번칸 근처 엘리베이터 이용
01,수도권,KR,1,1호선,0249,부평,3,환승,2,2,2) 지하1층 이동
01,수도권,KR,1,1호선,0249,부평,3,환승,2,3,3) 환승통로 이용
01,수도권,KR,1,1호선,0249,부평,3,환승,2,4,4) 5번출입구 근처 부평시장방면 엘리베이터 이용
01,수도권,KR,1,1호선,0249,부평,3,환승,2,5,5) 지하4층 승강장 이동
01,수도권,KR,1,1호선,0249,부평,3,환승,3,1,1) 3번칸 근처 엘리베이터 이용
01,수도권,KR,1,1호선,0249,부평,3,환승,3,2,2) 지하1층 이동
01,수도권,KR,1,1호선,0249,부평,3,환승,3,3,3) 환승통로 이용
01,수도권,KR,1,1호선,0249,부평,3,환승,3,4,4) 5번출입구 근처 동수방면 엘리베이터 이용
01,수도권,KR,1,1호선,0249,부평,3,환승,3,5,5) 지하4층 승강장 이동
01,수도권,KR,1,1호선,0249,부평,3,환승,4,1,1) 3번칸 근처 엘리베이터 이용
01,수도권,KR,1,1호선,0249,부평,3,환승,4,2,2) 지하1층 이동
01,수도권,KR,1,1호선,0249,부평,3,환승,4,3,3) 환승통로 이용
01,수도권,KR,1,1호선,0249,부평,3,환승,4,4,4) 5번출입구 근처 부평시장방면 엘리베이터 이용
01,수도권,KR,1,1호선,0249,부평,3,환승,4,5,5) 지하4층 승강장 이동
01,수도권,KR,1,1호선,0226,백운,1,출입구-승강장,1,1,1) 1번 출입구 지상1층 엘리베이터
01,수도권,KR,1,1호선,0226,백운,1,출입구-승강장,1,2,2) 1번 출입구 지상2층 엘리베이터
01,수도권,KR,1,1호선,0226,백운,1,출입구-승강장,1,3,3) 부평방면 지상2층 엘리베이터
01,수도권,KR,1,1호선,0226,백운,1,출입구-승강장,1,4,4) 부평방면 지상1층 승강장 엘리베이터
01,수도권,KR,1,1호선,0226,백운,1,출입구-승강장,1,5,5) 부평방면 승강장
01,수도권,KR,1,1호선,0226,백운,1,출입구-승강장,2,1,1) 2번 출입구 지상1층 엘리베이터
01,수도권,KR,1,1호선,0226,백운,1,출입구-승강장,2,2,2) 2번 출입구 지상2층 엘리베이터
01,수도권,KR,1,1호선,0226,백운,1,출입구-승강장,2,3,3) 부평방면 지상2층 엘리베이터
01,수도권,KR,1,1호선,0226,백운,1,출입구-승강장,2,4,4) 부평방면 지상1층 승강장 엘리베이터
01,수도권,KR,1,1호선,0226,백운,1,출입구-승강장,2,5,5) 부평방면 승강장
01,수도권,KR,1,1호선,0226,백운,1,출입구-승강장,3,1,1) 1번 출입구 지상1층 엘리베이터
01,수도권,KR,1,1호선,0226,백운,1,출입구-승강장,3,2,2) 1번 출입구 지상2층 엘리베이터
01,수도권,KR,1,1호선,0226,백운,1,출입구-승강장,3,3,3) 동암방면 지상2층 엘리베이터
01,수도권,KR,1,1호선,0226,백운,1,출입구-승강장,3,4,4) 동암방면 지상1층 승강장 엘리베이터
01,수도권,KR,1,1호선,0226,백운,1,출입구-승강장,3,5,5) 동암방면 승강장
01,수도권,KR,1,1호선,0226,백운,1,출입구-승강장,4,1,1) 2번 출입구 지상1층 엘리베이터
01,수도권,KR,1,1호선,0226,백운,1,출입구-승강장,4,2,2) 2번 출입구 지상2층 엘리베이터
01,수도권,KR,1,1호선,0226,백운,1,출입구-승강장,4,3,3) 동암방면 지상2층 엘리베이터
01,수도권,KR,1,1호선,0226,백운,1,출입구-승강장,4,4,4) 동암방면 지상1층 승강장 엘리베이터
01,수도권,KR,1,1호선,0226,백운,1,출입구-승강장,4,5,5) 동암방면 승강장
01,수도권,KR,1,1호선,0164,동암,1,출입구-승강장,1,1,1) 1번 출입구 지상1층 엘리베이터
01,수도권,KR,1,1호선,0164,동암,1,출입구-승강장,1,2,2) 1번 출입구 지하1층 엘리베이터
01,수도권,KR,1,1호선,0164,동암,1,출입구-승강장,1,3,3) 개집표기 통과
01,수도권,KR,1,1호선,0164,동암,1,출입구-승강장,1,4,4) 백운방면 지하1층 엘리베이터
01,수도권,KR,1,1호선,0164,동암,1,출입구-승강장,1,5,5) 백운방면 지상1층 승강장 엘리베이터
01,수도권,KR,1,1호선,0164,동암,1,출입구-승강장,1,6,6) 백운방면 승강장
01,수도권,KR,1,1호선,0164,동암,1,출입구-승강장,2,1,1) 2번 출입구 지상1층 엘리베이터
01,수도권,KR,1,1호선,0164,동암,1,출입구-승강장,2,2,2) 2번 출입구 지하1층 엘리베이터
01,수도권,KR,1,1호선,0164,동암,1,출입구-승강장,2,3,3) 개집표기 통과
01,수도권,KR,1,1호선,0164,동암,1,출입구-승강장,2,4,4) 백운방면 지하1층 엘리베이터
01,수도권,KR,1,1호선,0164,동암,1,출입구-승강장,2,5,5) 백운방면 지상1층 승강장 엘리베이터
01,수도권,KR,1,1호선,0164,동암,1,출입구-승강장,2,6,6) 백운방면 승강장
01,수도권,KR,1,1호선,0164,동암,1,출입구-승강장,3,1,1) 1번 출입구 지상1층 엘리베이터
01,수도권,KR,1,1호선,0164,동암,1,출입구-승강장,3,2,2) 1번 출입구 지하1층 엘리베이터
01,수도권,KR,1,1호선,0164,동암,1,출입구-승강장,3,3,3) 개집표기 통과
01,수도권,KR,1,1호선,0164,동암,1,출입구-승강장,3,4,4) 간석방면 지하1층 엘리베이터
01,수도권,KR,1,1호선,0164,동암,1,출입구-승강장,3,5,5) 간석방면 지상1층 승강장 엘리베이터
01,수도권,KR,1,1호선,0164,동암,1,출입구-승강장,3,6,6) 간석방면 승강장
01,수도권,KR,1,1호선,0164,동암,1,출입구-승강장,4,1,1) 2번 출입구 지상1층 엘리베이터
01,수도권,KR,1,1호선,0164,동암,1,출입구-승강장,4,2,2) 2번 출입구 지하1층 엘리베이터
01,수도권,KR,1,1호선,0164,동암,1,출입구-승강장,4,3,3) 개집표기 통과
01,수도권,KR,1,1호선,0164,동암,1,출입구-승강장,4,4,4) 간석방면 지하1층 엘리베이터
01,수도권,KR,1,1호선,0164,동암,1,출입구-승강장,4,5,5) 간석방면 지상1층 승강장 엘리베이터
01,수도권,KR,1,1호선,0164,동암,1,출입구-승강장,4,6,6) 간석방면 승강장
01,수도권,KR,1,1호선,0013,간석,1,출입구-승강장,1,1,1) 1번 출입구 지상1층 엘리베이터
01,수도권,KR,1,1호선,0013,간석,1,출입구-승강장,1,2,2) 1번 출입구 지상2층 엘리베이터
01,수도권,KR,1,1호선,0013,간석,1,출입구-승강장,1,3,3) 개집표기 통과
01,수도권,KR,1,1호선,0013,간석,1,출입구-승강장,1,4,4) 동암방면 지상2층 엘리베이터
01,수도권,KR,1,1호선,0013,간석,1,출입구-승강장,1,5,5) 동암방면 지상1층 승강장 엘리베이터
01,수도권,KR,1,1호선,0013,간석,1,출입구-승강장,1,6,6) 동암방면 승강장
01,수도권,KR,1,1호선,0013,간석,1,출입구-승강장,2,1,1) 2번 출입구 지상1층 엘리베이터
01,수도권,KR,1,1호선,0013,간석,1,출입구-승강장,2,2,2) 2번 출입구 지상2층 엘리베이터
01,수도권,KR,1,1호선,0013,간석,1,출입구-승강장,2,3,3) 개집표기 통과
01,수도권,KR,1,1호선,0013,간석,1,출입구-승강장,2,4,4) 동암방면 지상2층 엘리베이터
01,수도권,KR,1,1호선,0013,간석,1,출입구-승강장,2,5,5) 동암방면 지상1층 승강장 엘리베이터
01,수도권,KR,1,1호선,0013,간석,1,출입구-승강장,2,6,6) 동암방면 승강장
01,수도권,KR,1,1호선,0013,간석,1,출입구-승강장,3,1,1) 1번 출입구 지상1층 엘리베이터
01,수도권,KR,1,1호선,0013,간석,1,출입구-승강장,3,2,2) 1번 출입구 지상2층 엘리베이터
01,수도권,KR,1,1호선,0013,간석,1,출입구-승강장,3,3,3) 개집표기 통과
01,수도권,KR,1,1호선,0013,간석,1,출입구-승강장,3,4,4) 주안방면 지상2층 엘리베이터
01,수도권,KR,1,1호선,0013,간석,1,출입구-승강장,3,5,5) 주안방면 지상1층 승강장 엘리베이터
01,수도권,KR,1,1호선,0013,간석,1,출입구-승강장,3,6,6) 주안방면 승강장
01,수도권,KR,1,1호선,0013,간석,1,출입구-승강장,4,1,1) 2번 출입구 지상1층 엘리베이터
01,수도권,KR,1,1호선,0013,간석,1,출입구-승강장,4,2,2) 2번 출입구 지상2층 엘리베이터
01,수도권,KR,1,1호선,0013,간석,1,출입구-승강장,4,3,3) 개집표기 통과
01,수도권,KR,1,1호선,0013,간석,1,출입구-승강장,4,4,4) 주안방면 지상2층 엘리베이터
01,수도권,KR,1,1호선,0013,간석,1,출입구-승강장,4,5,5) 주안방면 지상1층 승강장 엘리베이터
01,수도권,KR,1,1호선,0013,간석,1,출입구-승강장,4,6,6) 주안방면 승강장
01,수도권,KR,1,1호선,0519,주안,1,출입구-승강장,1,1,1) 2번 출입구 지상1층 엘리베이터
01,수도권,KR,1,1호선,0519,주안,1,출입구-승강장,1,2,2) 2번 출입구 지상2층 엘리베이터
01,수도권,KR,1,1호선,0519,주안,1,출입구-승강장,1,3,3) 개집표기 통과
01,수도권,KR,1,1호선,0519,주안,1,출입구-승강장,1,4,4) 도화방면 지상2층 엘리베이터
01,수도권,KR,1,1호선,0519,주안,1,출입구-승강장,1,5,5) 도화방면 지상1층 승강장 엘리베이터
01,수도권,KR,1,1호선,0519,주안,1,출입구-승강장,1,6,6) 도화방면 승강장
01,수도권,KR,1,1호선,0519,주안,1,출입구-승강장,2,1,1) 4번 출입구 지상1층 엘리베이터
01,수도권,KR,1,1호선,0519,주안,1,출입구-승강장,2,2,2) 4번 출입구 지상2층 엘리베이터
01,수도권,KR,1,1호선,0519,주안,1,출입구-승강장,2,3,3) 개집표기 통과
01,수도권,KR,1,1호선,0519,주안,1,출입구-승강장,2,4,4) 도화방면 지상2층 엘리베이터
01,수도권,KR,1,1호선,0519,주안,1,출입구-승강장,2,5,5) 도화방면 지상1층 승강장 엘리베이터
01,수도권,KR,1,1호선,0519,주안,1,출입구-승강장,2,6,6) 도화방면 승강장
01,수도권,KR,1,1호선,0519,주안,1,출입구-승강장,3,1,1) 5번 출입구 지상1층 엘리베이터
01,수도권,KR,1,1호선,0519,주안,1,출입구-승강장,3,2,2) 5번 출입구 지하1층 엘리베이터
01,수도권,KR,1,1호선,0519,주안,1,출입구-승강장,3,3,3) 개집표기 통과
01,수도권,KR,1,1호선,0519,주안,1,출입구-승강장,3,4,4) 간석방면 지하1층 엘리베이터
01,수도권,KR,1,1호선,0519,주안,1,출입구-승강장,3,5,5) 간석방면 지상1층 승강장 엘리베이터
01,수도권,KR,1,1호선,0519,주안,1,출입구-승강장,3,6,6) 간석방면 승강장
01,수도권,KR,1,1호선,0519,주안,1,출입구-승강장,4,1,1) 2번 출입구 지상1층 엘리베이터
01,수도권,KR,1,1호선,0519,주안,1,출입구-승강장,4,2,2) 2번 출입구 지상2충 엘리베이터
01,수도권,KR,1,1호선,0519,주안,1,출입구-승강장,4,3,3) 개집표기 통과
01,수도권,KR,1,1호선,0519,주안,1,출입구-승강장,4,4,4) 간석방면 지상2층 엘리베이터
01,수도권,KR,1,1호선,0519,주안,1,출입구-승강장,4,5,5) 간석방면 지상1층 승강장 엘리베이터
01,수도권,KR,1,1호선,0519,주안,1,출입구-승강장,4,6,6) 간석방면 승강장
01,수도권,KR,1,1호선,0519,주안,1,출입구-승강장,5,1,1) 4번 출입구 지상1층 엘리베이터
01,수도권,KR,1,1호선,0519,주안,1,출입구-승강장,5,2,2) 4번 출입구 지상2층 엘리베이터
01,수도권,KR,1,1호선,0519,주안,1,출입구-승강장,5,3,3) 개집표기 통과
01,수도권,KR,1,1호선,0519,주안,1,출입구-승강장,5,4,4) 간석방면 지상2층 엘리베이터
01,수도권,KR,1,1호선,0519,주안,1,출입구-승강장,5,5,5) 간석방면 지상1층 승강장 엘리베이터
01,수도권,KR,1,1호선,0519,주안,1,출입구-승강장,5,6,6) 간석방면 승강장
01,수도권,KR,1,1호선,0519,주안,1,출입구-승강장,6,1,1) 5번 출입구 지상1층 엘리베이터
01,수도권,KR,1,1호선,0519,주안,1,출입구-승강장,6,2,2) 5번 출입구 지하1층 엘리베이터
01,수도권,KR,1,1호선,0519,주안,1,출입구-승강장,6,3,3) 개집표기 통과
01,수도권,KR,1,1호선,0519,주안,1,출입구-승강장,6,4,4) 도화방면 지하1층 엘리베이터
01,수도권,KR,1,1호선,0519,주안,1,출입구-승강장,6,5,5) 도화방면 지상1층 승강장 엘리베이터
01,수도권,KR,1,1호선,0519,주안,1,출입구-승강장,6,6,6) 도화방면 승강장
01,수도권,KR,1,1호선,0519,주안,3,환승,1,1,1) 도화방면 승강장
01,수도권,KR,1,1호선,0519,주안,3,환승,1,2,2)  도화방면 지상1층 승강장 엘리베이터
01,수도권,KR,1,1호선,0519,주안,3,환승,1,3,3) 도화방면 지하1층 엘리베이터
01,수도권,KR,1,1호선,0519,주안,3,환승,1,4,4) 시민공원방면 지하1층 엘리베이터
01,수도권,KR,1,1호선,0519,주안,3,환승,1,5,5) 시민공원방면 지하3층 승강장 엘리베이터
01,수도권,KR,1,1호선,0519,주안,3,환승,1,6,6) 시민공원방면 승강장
01,수도권,KR,1,1호선,0519,주안,3,환승,2,1,1) 도화방면 승강장
01,수도권,KR,1,1호선,0519,주안,3,환승,2,2,2) 도화방면 지상1층 상강장 엘리베이터
01,수도권,KR,1,1호선,0519,주안,3,환승,2,3,3) 도화방면 지하1층 엘리베이터
01,수도권,KR,1,1호선,0519,주안,3,환승,2,4,4) 주안국가산단방면 지하1층 엘리베이터
01,수도권,KR,1,1호선,0519,주안,3,환승,2,5,5) 주안국가산단방면 지하2층엘리베이터
01,수도권,KR,1,1호선,0519,주안,3,환승,2,6,6) 주안국가산단방면 지하2층 승강장 엘리베이터
01,수도권,KR,1,1호선,0519,주안,3,환승,2,7,7) 주안국가산단방면 지하3층 승강장 엘리베이터
01,수도권,KR,1,1호선,0519,주안,3,환승,2,8,8) 주안국가산단방면 승강장
01,수도권,KR,1,1호선,0519,주안,3,환승,3,1,1) 간석방면 승강장
01,수도권,KR,1,1호선,0519,주안,3,환승,3,2,2)  간석방면 지상1층 승강장 엘리베이터
01,수도권,KR,1,1호선,0519,주안,3,환승,3,3,3) 간석방면 지하1층 엘리베이터
01,수도권,KR,1,1호선,0519,주안,3,환승,3,4,4) 시민공원방면 지하1층 엘리베이터
01,수도권,KR,1,1호선,0519,주안,3,환승,3,5,5) 시민공원방면 지하3층 승강장 엘리베이터
01,수도권,KR,1,1호선,0519,주안,3,환승,3,6,6) 시민공원방면 승강장
01,수도권,KR,1,1호선,0519,주안,3,환승,4,1,1) 간석방면 승강장
01,수도권,KR,1,1호선,0519,주안,3,환승,4,2,2) 간석방면 지상1층 상강장 엘리베이터
01,수도권,KR,1,1호선,0519,주안,3,환승,4,3,3) 간석방면 지하1층 엘리베이터
01,수도권,KR,1,1호선,0519,주안,3,환승,4,4,4) 주안국가산단방면 지하1층 엘리베이터
01,수도권,KR,1,1호선,0519,주안,3,환승,4,5,5) 주안국가산단방면 지하2층엘리베이터
01,수도권,KR,1,1호선,0519,주안,3,환승,4,6,6) 주안국가산단방면 지하2층 승강장 엘리베이터
01,수도권,KR,1,1호선,0519,주안,3,환승,4,7,7) 주안국가산단방면 지하3층 승강장 엘리베이터
01,수도권,KR,1,1호선,0519,주안,3,환승,4,8,8) 주안국가산단방면 승강장
01,수도권,KR,1,1호선,0149,도화,1,출입구-승강장,1,1,1) 2번 출입구 지상1층 엘리베이터
01,수도권,KR,1,1호선,0149,도화,1,출입구-승강장,1,2,2) 2번 출입구 지상2층 엘리베이터
01,수도권,KR,1,1호선,0149,도화,1,출입구-승강장,1,3,3) 주안방면 지상2층 엘리베이터
01,수도권,KR,1,1호선,0149,도화,1,출입구-승강장,1,4,4) 주안방면 지상1층 승강장 엘리베이터
01,수도권,KR,1,1호선,0149,도화,1,출입구-승강장,1,5,5) 주안방면 승강장
01,수도권,KR,1,1호선,0149,도화,1,출입구-승강장,2,1,1) 3번/4번 출입구 사이 지상1층 엘리베이터
01,수도권,KR,1,1호선,0149,도화,1,출입구-승강장,2,2,2) 3번/4번 출입구 사이 지상2층 엘리베이터
01,수도권,KR,1,1호선,0149,도화,1,출입구-승강장,2,3,3) 주안방면 지상2층 엘리베이터
01,수도권,KR,1,1호선,0149,도화,1,출입구-승강장,2,4,4) 주안방면 지상1층 승강장 엘리베이터
01,수도권,KR,1,1호선,0149,도화,1,출입구-승강장,2,5,5) 주안방면 승강장
01,수도권,KR,1,1호선,0149,도화,1,출입구-승강장,3,1,1) 2번 출입구 지상1층 엘리베이터
01,수도권,KR,1,1호선,0149,도화,1,출입구-승강장,3,2,2) 2번 출입구 지상2층 엘리베이터
01,수도권,KR,1,1호선,0149,도화,1,출입구-승강장,3,3,3) 제물포방면 지상2층 엘리베이터
01,수도권,KR,1,1호선,0149,도화,1,출입구-승강장,3,4,4) 제물포방면 지상1층 승강장 엘리베이터
01,수도권,KR,1,1호선,0149,도화,1,출입구-승강장,3,5,5) 제물포방면 승강장
01,수도권,KR,1,1호선,0513,제물포,1,출입구-승강장,1,1,1) 1번 출입구 지상1층 엘리베이터
01,수도권,KR,1,1호선,0513,제물포,1,출입구-승강장,1,2,2) 1번 출입구 지상2층 엘리베이터
01,수도권,KR,1,1호선,0513,제물포,1,출입구-승강장,1,3,3) 개집표기 통과
01,수도권,KR,1,1호선,0513,제물포,1,출입구-승강장,1,4,4) 도화방면 지상2층 엘리베이터
01,수도권,KR,1,1호선,0513,제물포,1,출입구-승강장,1,5,5) 도화방면 지상1층 승강장 엘리베이터
01,수도권,KR,1,1호선,0513,제물포,1,출입구-승강장,1,6,6) 도화방면 승강장
01,수도권,KR,1,1호선,0513,제물포,1,출입구-승강장,2,1,1) 2번 출입구 지상1층 엘리베이터
01,수도권,KR,1,1호선,0513,제물포,1,출입구-승강장,2,2,2) 2번 출입구 지상2층 엘리베이터
01,수도권,KR,1,1호선,0513,제물포,1,출입구-승강장,2,3,3) 개집표기 통과
01,수도권,KR,1,1호선,0513,제물포,1,출입구-승강장,2,4,4) 도화방면 지상2층 엘리베이터
01,수도권,KR,1,1호선,0513,제물포,1,출입구-승강장,2,5,5) 도화방면 지상1층 승강장 엘리베이터
01,수도권,KR,1,1호선,0513,제물포,1,출입구-승강장,2,6,6) 도화방면 승강장
01,수도권,KR,1,1호선,0513,제물포,1,출입구-승강장,3,1,1) 1번 출입구 지상1층 엘리베이터
01,수도권,KR,1,1호선,0513,제물포,1,출입구-승강장,3,2,2) 1번 출입구 지상2층 엘리베이터
01,수도권,KR,1,1호선,0513,제물포,1,출입구-승강장,3,3,3) 개집표기 통과
01,수도권,KR,1,1호선,0513,제물포,1,출입구-승강장,3,4,4) 도원방면 지상2층 엘리베이터
01,수도권,KR,1,1호선,0513,제물포,1,출입구-승강장,3,5,5) 도원방면 지상1층 승강장 엘리베이터
01,수도권,KR,1,1호선,0513,제물포,1,출입구-승강장,3,6,6) 도원방면 승강장
01,수도권,KR,1,1호선,0513,제물포,1,출입구-승강장,4,1,1) 2번 출입구 지상1층 엘리베이터
01,수도권,KR,1,1호선,0513,제물포,1,출입구-승강장,4,2,2) 2번 출입구 지상2층 엘리베이터
01,수도권,KR,1,1호선,0513,제물포,1,출입구-승강장,4,3,3) 개집표기 통과
01,수도권,KR,1,1호선,0513,제물포,1,출입구-승강장,4,4,4) 도원방면 지상2층 엘리베이터
01,수도권,KR,1,1호선,0513,제물포,1,출입구-승강장,4,5,5) 도원방면 지상1층 승강장 엘리베이터
01,수도권,KR,1,1호선,0513,제물포,1,출입구-승강장,4,6,6) 도원방면 승강장
01,수도권,KR,1,1호선,0148,도원,1,출입구-승강장,1,1,1) 1번 출입구
01,수도권,KR,1,1호선,0148,도원,1,출입구-승강장,1,2,2) 제물포방면 지상2층 엘리베이터
01,수도권,KR,1,1호선,0148,도원,1,출입구-승강장,1,3,3) 제물포방면 지상1층 승강장 엘리베이터
01,수도권,KR,1,1호선,0148,도원,1,출입구-승강장,1,4,4) 제물포방면 승강장
01,수도권,KR,1,1호선,0148,도원,1,출입구-승강장,2,1,1) 2번 출입구
01,수도권,KR,1,1호선,0148,도원,1,출입구-승강장,2,2,2) 제물포방면 지상2층 엘리베이터
01,수도권,KR,1,1호선,0148,도원,1,출입구-승강장,2,3,3) 제물포방면 지상1층 승강장 엘리베이터
01,수도권,KR,1,1호선,0148,도원,1,출입구-승강장,2,4,4) 제물포방면 승강장
01,수도권,KR,1,1호선,0148,도원,1,출입구-승강장,3,1,1) 3번 출입구
01,수도권,KR,1,1호선,0148,도원,1,출입구-승강장,3,2,2) 제물포방면 지상2층 엘리베이터
01,수도권,KR,1,1호선,0148,도원,1,출입구-승강장,3,3,3) 제물포방면 지상1층 승강장 엘리베이터
01,수도권,KR,1,1호선,0148,도원,1,출입구-승강장,3,4,4) 제물포방면 승강장
01,수도권,KR,1,1호선,0148,도원,1,출입구-승강장,4,1,1) 1번 출입구
01,수도권,KR,1,1호선,0148,도원,1,출입구-승강장,4,2,2) 동인천방면 지상2층 엘리베이터
01,수도권,KR,1,1호선,0148,도원,1,출입구-승강장,4,3,3) 동인천방면 지상1층 승강장 엘리베이터
01,수도권,KR,1,1호선,0148,도원,1,출입구-승강장,4,4,4) 동인천방면 승강장
01,수도권,KR,1,1호선,0148,도원,1,출입구-승강장,5,1,1) 2번 출입구
01,수도권,KR,1,1호선,0148,도원,1,출입구-승강장,5,2,2) 동인천방면 지상2층 엘리베이터
01,수도권,KR,1,1호선,0148,도원,1,출입구-승강장,5,3,3) 동인천방면 지상1층 승강장 엘리베이터
01,수도권,KR,1,1호선,0148,도원,1,출입구-승강장,5,4,4) 동인천방면 승강장
01,수도권,KR,1,1호선,0148,도원,1,출입구-승강장,6,1,1) 3번 출입구
01,수도권,KR,1,1호선,0148,도원,1,출입구-승강장,6,2,2) 동인천방면 지상2층 엘리베이터
01,수도권,KR,1,1호선,0148,도원,1,출입구-승강장,6,3,3) 동인천방면 지상1층 승강장 엘리베이터
01,수도권,KR,1,1호선,0148,도원,1,출입구-승강장,6,4,4) 동인천방면 승강장
01,수도권,KR,1,1호선,0166,동인천,1,출입구-승강장,1,1,1) 1번 출입구
01,수도권,KR,1,1호선,0166,동인천,1,출입구-승강장,1,2,2) 개집표기 통과
01,수도권,KR,1,1호선,0166,동인천,1,출입구-승강장,1,3,3) 지상1층 엘리베이터
01,수도권,KR,1,1호선,0166,동인천,1,출입구-승강장,1,4,4) 지상2층 엘리베이터
01,수도권,KR,1,1호선,0166,동인천,1,출입구-승강장,1,5,5) 도원방면 지상2층 엘리베이터
01,수도권,KR,1,1호선,0166,동인천,1,출입구-승강장,1,6,6) 도원방면 지상1층 승강장 엘리베이터
01,수도권,KR,1,1호선,0166,동인천,1,출입구-승강장,1,7,7) 도원방면 승강장
01,수도권,KR,1,1호선,0166,동인천,1,출입구-승강장,2,1,1) 1번 출입구
01,수도권,KR,1,1호선,0166,동인천,1,출입구-승강장,2,2,2) 개집표기 통과
01,수도권,KR,1,1호선,0166,동인천,1,출입구-승강장,2,3,3) 지상1층 엘리베이터
01,수도권,KR,1,1호선,0166,동인천,1,출입구-승강장,2,4,4) 지상2층 엘리베이터
01,수도권,KR,1,1호선,0166,동인천,1,출입구-승강장,2,5,5) 인천방면 지상2층 엘리베이터
01,수도권,KR,1,1호선,0166,동인천,1,출입구-승강장,2,6,6) 인천방면 지상1층 승강장 엘리베이터
01,수도권,KR,1,1호선,0166,동인천,1,출입구-승강장,2,7,7) 인천방면 승강장
01,수도권,KR,1,1호선,0481,인천,1,출입구-승강장,1,1,1) 1번 출입구
01,수도권,KR,1,1호선,0481,인천,1,출입구-승강장,1,2,2) 개집표기 통과
01,수도권,KR,1,1호선,0481,인천,1,출입구-승강장,1,3,3) 동인천방면 승강장
01,수도권,KR,1,1호선,0481,인천,1,출입구-승강장,2,1,1) 3번 출입구 지상1층 엘리베이터
01,수도권,KR,1,1호선,0481,인천,1,출입구-승강장,2,2,2) 3번 출입구 지하1층 엘리베이터
01,수도권,KR,1,1호선,0481,인천,1,출입구-승강장,2,3,3) 개집표기 통과
01,수도권,KR,1,1호선,0481,인천,1,출입구-승강장,2,4,4) 동인천방면 지하1층 엘리베이터
01,수도권,KR,1,1호선,0481,인천,1,출입구-승강장,2,5,5) 동인천방면 지상1층 승강장 엘리베이터
01,수도권,KR,1,1호선,0481,인천,1,출입구-승강장,2,6,6) 동인천방면 승강장
01,수도권,KR,1,1호선,0481,인천,3,환승,1,1,1) 동인천방면 승강장
01,수도권,KR,1,1호선,0481,인천,3,환승,1,2,2) 동인천방면 지상1층 승강장 엘리베이터
01,수도권,KR,1,1호선,0481,인천,3,환승,1,3,3) 동인천방면 지하1층 엘리베이터
01,수도권,KR,1,1호선,0481,인천,3,환승,1,4,4) 신포방면 지하1층 엘리베이터
01,수도권,KR,1,1호선,0481,인천,3,환승,1,5,5) 신포방면 지하3층 승강장 엘리베이터
01,수도권,KR,1,1호선,0481,인천,3,환승,1,6,6) 신포방면 승강장
01,수도권,KR,1,1호선,0004,가산디지털단지,1,출입구-승강장,1,1,1) 7번 출입구 근처 엘리베이터 이용
01,수도권,KR,1,1호선,0004,가산디지털단지,1,출입구-승강장,1,2,2) 지상2층 이동후 개집표기 통과
01,수도권,KR,1,1호선,0004,가산디지털단지,1,출입구-승강장,1,3,3) 독산방면 엘리베이터 탑승 후 지상1층 승강장 이동
01,수도권,KR,1,1호선,0004,가산디지털단지,1,출입구-승강장,2,1,1) 7번 출입구 근처 엘리베이터 이용
01,수도권,KR,1,1호선,0004,가산디지털단지,1,출입구-승강장,2,2,2) 지상2층 이동후 개집표기 통과
01,수도권,KR,1,1호선,0004,가산디지털단지,1,출입구-승강장,2,3,3) 구로방면 엘리베이터 탑승 후 지상1층 승강장 이동
01,수도권,KR,1,1호선,0004,가산디지털단지,1,출입구-승강장,3,1,1) 1번 출입구 근처 엘리베이터 이용
01,수도권,KR,1,1호선,0004,가산디지털단지,1,출입구-승강장,3,2,2) 지상2층 이동후 개집표기 통과
01,수도권,KR,1,1호선,0004,가산디지털단지,1,출입구-승강장,3,3,3) 독산방면 엘리베이터 탑승 후 지상1층 승강장 이동
01,수도권,KR,1,1호선,0004,가산디지털단지,1,출입구-승강장,4,1,1) 1번 출입구 근처 엘리베이터 이용
01,수도권,KR,1,1호선,0004,가산디지털단지,1,출입구-승강장,4,2,2) 지상2층 이동후 개집표기 통과
01,수도권,KR,1,1호선,0004,가산디지털단지,1,출입구-승강장,4,3,3) 구로방면 엘리베이터 탑승 후 지상1층 승강장 이동
01,수도권,KR,1,1호선,0004,가산디지털단지,3,환승,1,1,1) 6번칸 근처 엘리베이터 이용
01,수도권,KR,1,1호선,0004,가산디지털단지,3,환승,1,2,2) 지상2층 이동후 개집표기 밖으로 이동
01,수도권,KR,1,1호선,0004,가산디지털단지,3,환승,1,3,3) 7번출입구 근처 엘리베이터 이용 후 지상1층으로 이동
01,수도권,KR,1,1호선,0004,가산디지털단지,3,환승,1,4,4) 6번출입구 근처 엘리베이터 이용 후 지하1층 이동
01,수도권,KR,1,1호선,0004,가산디지털단지,3,환승,1,5,5) 계단옆 엘리베이터 이용 후 지하2층 이동
01,수도권,KR,1,1호선,0004,가산디지털단지,3,환승,1,6,6) 철산방면 엘리베이터 이용
01,수도권,KR,1,1호선,0004,가산디지털단지,3,환승,1,7,7) 지하4층 승강장 이동
01,수도권,KR,1,1호선,0004,가산디지털단지,3,환승,2,1,1) 6번칸 근처 엘리베이터 이용
01,수도권,KR,1,1호선,0004,가산디지털단지,3,환승,2,2,2) 지상2층 이동후 개집표기 밖으로 이동
01,수도권,KR,1,1호선,0004,가산디지털단지,3,환승,2,3,3) 7번출입구 근처 엘리베이터 이용 후 지상1층으로 이동
01,수도권,KR,1,1호선,0004,가산디지털단지,3,환승,2,4,4) 6번출입구 근처 엘리베이터 이용 후 지하1층 이동
01,수도권,KR,1,1호선,0004,가산디지털단지,3,환승,2,5,5) 계단옆 엘리베이터 이용 후 지하2층 이동
01,수도권,KR,1,1호선,0004,가산디지털단지,3,환승,2,6,6) 남구로방면 엘리베이터 이용
01,수도권,KR,1,1호선,0004,가산디지털단지,3,환승,2,7,7) 지하4층 승강장 이동
01,수도권,KR,1,1호선,0004,가산디지털단지,3,환승,3,1,1) 3번칸 근처 엘리베이터 이용
01,수도권,KR,1,1호선,0004,가산디지털단지,3,환승,3,2,2) 지상2층 이동후 개집표기 밖으로 이동
01,수도권,KR,1,1호선,0004,가산디지털단지,3,환승,3,3,3) 7번출입구 근처 엘리베이터 이용 후 지상1층으로 이동
01,수도권,KR,1,1호선,0004,가산디지털단지,3,환승,3,4,4) 6번출입구 근처 엘리베이터 이용 후 지하1층 이동
01,수도권,KR,1,1호선,0004,가산디지털단지,3,환승,3,5,5) 계단옆 엘리베이터 이용 후 지하2층 이동
01,수도권,KR,1,1호선,0004,가산디지털단지,3,환승,3,6,6) 철산방면 엘리베이터 이용
01,수도권,KR,1,1호선,0004,가산디지털단지,3,환승,3,7,7) 지하4층 승강장 이동
01,수도권,KR,1,1호선,0004,가산디지털단지,3,환승,4,1,1) 3번칸 근처 엘리베이터 이용
01,수도권,KR,1,1호선,0004,가산디지털단지,3,환승,4,2,2) 지상2층 이동후 개집표기 밖으로 이동
01,수도권,KR,1,1호선,0004,가산디지털단지,3,환승,4,3,3) 7번출입구 근처 엘리베이터 이용 후 지상1층으로 이동
01,수도권,KR,1,1호선,0004,가산디지털단지,3,환승,4,4,4) 6번출입구 근처 엘리베이터 이용 후 지하1층 이동
01,수도권,KR,1,1호선,0004,가산디지털단지,3,환승,4,5,5) 계단옆 엘리베이터 이용 후 지하2층 이동
01,수도권,KR,1,1호선,0004,가산디지털단지,3,환승,4,6,6) 남구로방면 엘리베이터 이용
01,수도권,KR,1,1호선,0004,가산디지털단지,3,환승,4,7,7) 지하4층 승강장 이동
01,수도권,KR,1,1호선,0152,독산,1,출입구-승강장,1,1,1) 1번 출입구 근처 지상1층 엘리베이터 탑승
01,수도권,KR,1,1호선,0152,독산,1,출입구-승강장,1,2,2) 지상 2층 대합실 방면 이동
01,수도권,KR,1,1호선,0152,독산,1,출입구-승강장,1,3,3) 표 내는곳 통과 
01,수도권,KR,1,1호선,0152,독산,1,출입구-승강장,1,4,4) 지상 2층 금천구청 방면 엘리베이터 탑승 
01,수도권,KR,1,1호선,0152,독산,1,출입구-승강장,1,5,5) 지상 1층 금천구청 방면 승강장으로 이동
01,수도권,KR,1,1호선,0152,독산,1,출입구-승강장,1,6,6) 승차(휠체어칸)
01,수도권,KR,1,1호선,0152,독산,1,출입구-승강장,2,1,1) 2번 출입구 근처 지상1층 엘리베이터 탑승
01,수도권,KR,1,1호선,0152,독산,1,출입구-승강장,2,2,2) 지상 2층 대합실 방면 이동
01,수도권,KR,1,1호선,0152,독산,1,출입구-승강장,2,3,3) 표 내는곳 통과 
01,수도권,KR,1,1호선,0152,독산,1,출입구-승강장,2,4,4) 지상 2층 금천구청 방면 엘리베이터 탑승 
01,수도권,KR,1,1호선,0152,독산,1,출입구-승강장,2,5,5) 지상 1층 금천구청 방면 승강장으로 이동
01,수도권,KR,1,1호선,0152,독산,1,출입구-승강장,2,6,6) 승차(휠체어칸)
01,수도권,KR,1,1호선,0152,독산,1,출입구-승강장,3,1,1) 1번 출입구 근처 지상1층 엘리베이터 탑승
01,수도권,KR,1,1호선,0152,독산,1,출입구-승강장,3,2,2) 지상 2층 대합실 방면 이동
01,수도권,KR,1,1호선,0152,독산,1,출입구-승강장,3,3,3) 표 내는곳 통과 
01,수도권,KR,1,1호선,0152,독산,1,출입구-승강장,3,4,4) 지상 2층 가산디지털단지 방면 엘리베이터 탑승 
01,수도권,KR,1,1호선,0152,독산,1,출입구-승강장,3,5,5) 지상 1층 가산디지털단지 방면 승강장으로 이동
01,수도권,KR,1,1호선,0152,독산,1,출입구-승강장,3,6,6) 승차(휠체어칸)
01,수도권,KR,1,1호선,0152,독산,1,출입구-승강장,4,1,1) 2번 출입구 근처 지상1층 엘리베이터 탑승
01,수도권,KR,1,1호선,0152,독산,1,출입구-승강장,4,2,2) 지상 2층 대합실 방면 이동
01,수도권,KR,1,1호선,0152,독산,1,출입구-승강장,4,3,3) 표 내는곳 통과 
01,수도권,KR,1,1호선,0152,독산,1,출입구-승강장,4,4,4) 지상 2층 가산디지털단지 방면 엘리베이터 탑승 
01,수도권,KR,1,1호선,0152,독산,1,출입구-승강장,4,5,5) 지상 1층 가산디지털단지 방면 승강장으로 이동
01,수도권,KR,1,1호선,0152,독산,1,출입구-승강장,4,6,6) 승차(휠체어칸)
01,수도권,KR,1,1호선,0091,금천구청,1,출입구-승강장,1,1,1) 1번 출입구 지상1층 엘리베이터 탑승
01,수도권,KR,1,1호선,0091,금천구청,1,출입구-승강장,1,2,2) 지상 2층 대합실 방면 이동
01,수도권,KR,1,1호선,0091,금천구청,1,출입구-승강장,1,3,3) 표 내는곳 통과 
01,수도권,KR,1,1호선,0091,금천구청,1,출입구-승강장,1,4,4) 지상 3층 연결통로 방면 엘리베이터 탑승
01,수도권,KR,1,1호선,0091,금천구청,1,출입구-승강장,1,5,5) 연결통로 독산 방면 엘리베이터로 이동
01,수도권,KR,1,1호선,0091,금천구청,1,출입구-승강장,1,6,6) 지상 3층 독산 방면 엘리베이터 탑승 
01,수도권,KR,1,1호선,0091,금천구청,1,출입구-승강장,1,7,7) 지상 1층 독산 방면 승강장으로 이동
01,수도권,KR,1,1호선,0091,금천구청,1,출입구-승강장,1,8,8) 승차(휠체어칸)
01,수도권,KR,1,1호선,0091,금천구청,1,출입구-승강장,2,1,1) 1번 출입구 지상1층 엘리베이터 탑승
01,수도권,KR,1,1호선,0091,금천구청,1,출입구-승강장,2,2,2) 지상 2층 대합실 방면 이동
01,수도권,KR,1,1호선,0091,금천구청,1,출입구-승강장,2,3,3) 표 내는곳 통과 
01,수도권,KR,1,1호선,0091,금천구청,1,출입구-승강장,2,4,4) 지상 3층 연결통로 방면 엘리베이터 탑승
01,수도권,KR,1,1호선,0091,금천구청,1,출입구-승강장,2,5,5) 연결통로 석수/광명 방면 엘리베이터로 이동
01,수도권,KR,1,1호선,0091,금천구청,1,출입구-승강장,2,6,6) 지상 3층 석수/광명 방면 엘리베이터 탑승 
01,수도권,KR,1,1호선,0091,금천구청,1,출입구-승강장,2,7,7) 지상 1층 석수/광명 방면 승강장으로 이동
01,수도권,KR,1,1호선,0091,금천구청,1,출입구-승강장,2,8,8) 승차(휠체어칸)
01,수도권,KR,1,1호선,0063,광명,1,출입구-승강장,1,1,1) 1번 출입구
01,수도권,KR,1,1호선,0063,광명,1,출입구-승강장,1,2,2) 금천구청방면 지상1층 엘리베이터
01,수도권,KR,1,1호선,0063,광명,1,출입구-승강장,1,3,3) 금천구청방면 지하2층 승강장 엘리베이터
01,수도권,KR,1,1호선,0063,광명,1,출입구-승강장,1,4,4) 금천구청방면 승강장
01,수도권,KR,1,1호선,0063,광명,1,출입구-승강장,2,1,1) 2번 출입구
01,수도권,KR,1,1호선,0063,광명,1,출입구-승강장,2,2,2) 2번 출입구 지상1층 엘리베이터
01,수도권,KR,1,1호선,0063,광명,1,출입구-승강장,2,3,3) 2번 출입구 지하1층 엘리베이터
01,수도권,KR,1,1호선,0063,광명,1,출입구-승강장,2,4,4) 금천구청방면 지하1층 엘리베이터
01,수도권,KR,1,1호선,0063,광명,1,출입구-승강장,2,5,5) 금천구청방면 지하2층 승강장 엘리베이터
01,수도권,KR,1,1호선,0063,광명,1,출입구-승강장,2,6,6) 금천구청방면 승강장
01,수도권,KR,1,1호선,0063,광명,1,출입구-승강장,3,1,1) 5번 출입구
01,수도권,KR,1,1호선,0063,광명,1,출입구-승강장,3,2,2) 5번 출입구 지상1층 엘리베이터
01,수도권,KR,1,1호선,0063,광명,1,출입구-승강장,3,3,3) 5번 출입구 지하1층 엘리베이터
01,수도권,KR,1,1호선,0063,광명,1,출입구-승강장,3,4,4) 금천구청방면 지하1층 엘리베이터
01,수도권,KR,1,1호선,0063,광명,1,출입구-승강장,3,5,5) 금천구청방면 지하2층 승강장 엘리베이터
01,수도권,KR,1,1호선,0063,광명,1,출입구-승강장,3,6,6) 금천구청방면 승강장
01,수도권,KR,1,1호선,0063,광명,1,출입구-승강장,4,1,1) 6번 출입구
01,수도권,KR,1,1호선,0063,광명,1,출입구-승강장,4,2,2) 6번 출입구 지상1층 엘리베이터
01,수도권,KR,1,1호선,0063,광명,1,출입구-승강장,4,3,3) 6번 출입구 지하1층 엘리베이터
01,수도권,KR,1,1호선,0063,광명,1,출입구-승강장,4,4,4) 금천구청방면 지하1층 엘리베이터
01,수도권,KR,1,1호선,0063,광명,1,출입구-승강장,4,5,5) 금천구청방면 지하2층 승강장 엘리베이터
01,수도권,KR,1,1호선,0063,광명,1,출입구-승강장,4,6,6) 금천구청방면 승강장
01,수도권,KR,1,1호선,0303,석수,1,출입구-승강장,1,1,1) 1번 출입구 지상1층 엘리베이터
01,수도권,KR,1,1호선,0303,석수,1,출입구-승강장,1,2,2) 1번 출입구 지상2층 엘리베이터
01,수도권,KR,1,1호선,0303,석수,1,출입구-승강장,1,3,3) 개집표기 통과
01,수도권,KR,1,1호선,0303,석수,1,출입구-승강장,1,4,4) 금천구청방면 지상2층 에스컬레이터
01,수도권,KR,1,1호선,0303,석수,1,출입구-승강장,1,5,5) 금천구청방면 지상1층 승강장 에스컬레이터
01,수도권,KR,1,1호선,0303,석수,1,출입구-승강장,1,6,6) 금청구청방면 승강장
01,수도권,KR,1,1호선,0303,석수,1,출입구-승강장,2,1,1) 2번 출입구 지상1층 엘리베이터
01,수도권,KR,1,1호선,0303,석수,1,출입구-승강장,2,2,2) 2번 출입구 지상2층 엘리베이터
01,수도권,KR,1,1호선,0303,석수,1,출입구-승강장,2,3,3) 개집표기 통과
01,수도권,KR,1,1호선,0303,석수,1,출입구-승강장,2,4,4) 금천구청방면 지상2층 에스컬레이터
01,수도권,KR,1,1호선,0303,석수,1,출입구-승강장,2,5,5) 금천구청방면 지상1층 승강장 에스컬레이터
01,수도권,KR,1,1호선,0303,석수,1,출입구-승강장,2,6,6) 금청구청방면 승강장
01,수도권,KR,1,1호선,0303,석수,1,출입구-승강장,3,1,1) 1번 출입구 지상1층 엘리베이터
01,수도권,KR,1,1호선,0303,석수,1,출입구-승강장,3,2,2) 1번 출입구 지상2층 엘리베이터
01,수도권,KR,1,1호선,0303,석수,1,출입구-승강장,3,3,3) 개집표기 통과
01,수도권,KR,1,1호선,0303,석수,1,출입구-승강장,3,4,4) 관악방면 지상2층 에스컬레이터
01,수도권,KR,1,1호선,0303,석수,1,출입구-승강장,3,5,5) 관악방면 지상1층 승강장 에스컬레이터
01,수도권,KR,1,1호선,0303,석수,1,출입구-승강장,3,6,6) 관악방면 승강장
01,수도권,KR,1,1호선,0303,석수,1,출입구-승강장,4,1,1) 2번 출입구 지상1층 엘리베이터
01,수도권,KR,1,1호선,0303,석수,1,출입구-승강장,4,2,2) 2번 출입구 지상2층 엘리베이터
01,수도권,KR,1,1호선,0303,석수,1,출입구-승강장,4,3,3) 개집표기 통과
01,수도권,KR,1,1호선,0303,석수,1,출입구-승강장,4,4,4) 관악방면 지상2층 에스컬레이터
01,수도권,KR,1,1호선,0303,석수,1,출입구-승강장,4,5,5) 관악방면 지상1층 승강장 에스컬레이터
01,수도권,KR,1,1호선,0303,석수,1,출입구-승강장,4,6,6) 관악방면 승강장
01,수도권,KR,1,1호선,0059,관악,1,출입구-승강장,1,1,1) (1F) 1번 출입구 옆 엘리베이터 탑승
01,수도권,KR,1,1호선,0059,관악,1,출입구-승강장,1,2,2) (2F) 대합실 이동
01,수도권,KR,1,1호선,0059,관악,1,출입구-승강장,1,3,3) 표 내는곳 통과
01,수도권,KR,1,1호선,0059,관악,1,출입구-승강장,1,4,4) 석수방면 휠체어리프트 탑승
01,수도권,KR,1,1호선,0059,관악,1,출입구-승강장,1,5,5) (1F) 석수 방면 승강장으로 이동
01,수도권,KR,1,1호선,0059,관악,1,출입구-승강장,1,6,6) 승차 (휠체어칸)
01,수도권,KR,1,1호선,0059,관악,1,출입구-승강장,2,1,1) (1F) 1번 출입구 옆 엘리베이터 탑승
01,수도권,KR,1,1호선,0059,관악,1,출입구-승강장,2,2,2) (2F) 대합실 이동
01,수도권,KR,1,1호선,0059,관악,1,출입구-승강장,2,3,3) 표 내는곳 통과
01,수도권,KR,1,1호선,0059,관악,1,출입구-승강장,2,4,4) 안양 방면 엘리베이터(2호기) 탑승
01,수도권,KR,1,1호선,0059,관악,1,출입구-승강장,2,5,5) (1F) 안양 방면 승강장으로 이동
01,수도권,KR,1,1호선,0059,관악,1,출입구-승강장,2,6,6) 승차 (휠체어칸)
01,수도권,KR,1,1호선,0059,관악,1,출입구-승강장,3,1,1) (1F) 2번 출입구 옆 엘리베이터 탑승
01,수도권,KR,1,1호선,0059,관악,1,출입구-승강장,3,2,2) (2F) 대합실 이동
01,수도권,KR,1,1호선,0059,관악,1,출입구-승강장,3,3,3) 표 내는곳 통과
01,수도권,KR,1,1호선,0059,관악,1,출입구-승강장,3,4,4) 석수방면 휠체어리프트 탑승
01,수도권,KR,1,1호선,0059,관악,1,출입구-승강장,3,5,5) (1F) 석수 방면 승강장으로 이동
01,수도권,KR,1,1호선,0059,관악,1,출입구-승강장,3,6,6) 승차 (휠체어칸)
01,수도권,KR,1,1호선,0059,관악,1,출입구-승강장,4,1,1) (1F) 2번 출입구 옆 엘리베이터 탑승
01,수도권,KR,1,1호선,0059,관악,1,출입구-승강장,4,2,2) (2F) 대합실 이동
01,수도권,KR,1,1호선,0059,관악,1,출입구-승강장,4,3,3) 표 내는곳 통과
01,수도권,KR,1,1호선,0059,관악,1,출입구-승강장,4,4,4) 안양 방면 엘리베이터(2호기) 탑승
01,수도권,KR,1,1호선,0059,관악,1,출입구-승강장,4,5,5) (1F) 안양 방면 승강장으로 이동
01,수도권,KR,1,1호선,0059,관악,1,출입구-승강장,4,6,6) 승차 (휠체어칸)
01,수도권,KR,1,1호선,0390,안양,1,출입구-승강장,1,1,1) (1F) 1번 출입구 옆 엘리베이터 탑승
01,수도권,KR,1,1호선,0390,안양,1,출입구-승강장,1,2,2) (2F) 대합실 이동
01,수도권,KR,1,1호선,0390,안양,1,출입구-승강장,1,3,3) 표 내는곳 통과
01,수도권,KR,1,1호선,0390,안양,1,출입구-승강장,1,4,4) 관악 방면 엘리베이터(3호기) 탑승
01,수도권,KR,1,1호선,0390,안양,1,출입구-승강장,1,5,5) (1F) 관악 방면 승강장으로 이동
01,수도권,KR,1,1호선,0390,안양,1,출입구-승강장,1,6,6) 승차 (휠체어칸)
01,수도권,KR,1,1호선,0390,안양,1,출입구-승강장,2,1,1) (1F) 1번 출입구 옆 엘리베이터 탑승
01,수도권,KR,1,1호선,0390,안양,1,출입구-승강장,2,2,2) (2F) 대합실 이동
01,수도권,KR,1,1호선,0390,안양,1,출입구-승강장,2,3,3) 표 내는곳 통과
01,수도권,KR,1,1호선,0390,안양,1,출입구-승강장,2,4,4) 명학 방면 엘리베이터(4호기) 탑승
01,수도권,KR,1,1호선,0390,안양,1,출입구-승강장,2,5,5) (1F) 명학 방면 승강장으로 이동
01,수도권,KR,1,1호선,0390,안양,1,출입구-승강장,2,6,6) 승차 (휠체어칸)
01,수도권,KR,1,1호선,0390,안양,1,출입구-승강장,3,1,1) 3번 출입구 지상1층 엘리베이터 탑승
01,수도권,KR,1,1호선,0390,안양,1,출입구-승강장,3,2,2) 3번 출입구 지상2층 엘리베이터 하차
01,수도권,KR,1,1호선,0390,안양,1,출입구-승강장,3,3,3) 관악방면 지상2층 엘리베이터 탑승
01,수도권,KR,1,1호선,0390,안양,1,출입구-승강장,3,4,4) 관악방면 지상1층 승강장 엘리베이터 하차
01,수도권,KR,1,1호선,0390,안양,1,출입구-승강장,3,5,5) 관악방면 승강장 이동
01,수도권,KR,1,1호선,0390,안양,1,출입구-승강장,4,1,1) 3번 출입구 지상1층 엘리베이터 탑승
01,수도권,KR,1,1호선,0390,안양,1,출입구-승강장,4,2,2) 3번 출입구 지상2층 엘리베이터 하차
01,수도권,KR,1,1호선,0390,안양,1,출입구-승강장,4,3,3) 명학방면 지상2층 엘리베이터 탑승
01,수도권,KR,1,1호선,0390,안양,1,출입구-승강장,4,4,4) 명학방면 지상1층 승강장 엘리베이터 하차
01,수도권,KR,1,1호선,0390,안양,1,출입구-승강장,4,5,5) 명학방면 승강장 이동
01,수도권,KR,1,1호선,0200,명학,1,출입구-승강장,1,1,1) (1F) 1번 출입구 옆 엘리베이터 탑승
01,수도권,KR,1,1호선,0200,명학,1,출입구-승강장,1,2,2) (2F) 대합실 이동
01,수도권,KR,1,1호선,0200,명학,1,출입구-승강장,1,3,3) 표 내는곳 통과
01,수도권,KR,1,1호선,0200,명학,1,출입구-승강장,1,4,4) 안양 방면 엘리베이터(1호기) 탑승
01,수도권,KR,1,1호선,0200,명학,1,출입구-승강장,1,5,5) (1F) 안양 방면 승강장으로 이동
01,수도권,KR,1,1호선,0200,명학,1,출입구-승강장,1,6,6) 승차 (휠체어칸)
01,수도권,KR,1,1호선,0200,명학,1,출입구-승강장,2,1,1) (1F) 1번 출입구 옆 엘리베이터 탑승
01,수도권,KR,1,1호선,0200,명학,1,출입구-승강장,2,2,2) (2F) 대합실 이동
01,수도권,KR,1,1호선,0200,명학,1,출입구-승강장,2,3,3) 표 내는곳 통과
01,수도권,KR,1,1호선,0200,명학,1,출입구-승강장,2,4,4) 금정 방면 엘리베이터(2호기) 탑승
01,수도권,KR,1,1호선,0200,명학,1,출입구-승강장,2,5,5) (1F) 금정 방면 승강장으로 이동
01,수도권,KR,1,1호선,0200,명학,1,출입구-승강장,2,6,6) 승차 (휠체어칸)
01,수도권,KR,1,1호선,0200,명학,1,출입구-승강장,3,1,1) (1F) 2번 출입구 옆 엘리베이터 탑승
01,수도권,KR,1,1호선,0200,명학,1,출입구-승강장,3,2,2) (2F) 대합실 이동
01,수도권,KR,1,1호선,0200,명학,1,출입구-승강장,3,3,3) 표 내는곳 통과
01,수도권,KR,1,1호선,0200,명학,1,출입구-승강장,3,4,4) 안양 방면 엘리베이터(1호기) 탑승
01,수도권,KR,1,1호선,0200,명학,1,출입구-승강장,3,5,5) (1F) 안양 방면 승강장으로 이동
01,수도권,KR,1,1호선,0200,명학,1,출입구-승강장,3,6,6) 승차 (휠체어칸)
01,수도권,KR,1,1호선,0200,명학,1,출입구-승강장,4,1,1) (1F) 2번 출입구 옆 엘리베이터 탑승
01,수도권,KR,1,1호선,0200,명학,1,출입구-승강장,4,2,2) (2F) 대합실 이동
01,수도권,KR,1,1호선,0200,명학,1,출입구-승강장,4,3,3) 표 내는곳 통과
01,수도권,KR,1,1호선,0200,명학,1,출입구-승강장,4,4,4) 금정 방면 엘리베이터(2호기) 탑승
01,수도권,KR,1,1호선,0200,명학,1,출입구-승강장,4,5,5) (1F) 금정 방면 승강장으로 이동
01,수도권,KR,1,1호선,0200,명학,1,출입구-승강장,4,6,6) 승차 (휠체어칸)
01,수도권,KR,1,1호선,0090,금정,1,출입구-승강장,1,1,1) 2번 출입구 지상1층 엘리베이터
01,수도권,KR,1,1호선,0090,금정,1,출입구-승강장,1,2,2) 2번 출입구 지상2층 엘리베이터
01,수도권,KR,1,1호선,0090,금정,1,출입구-승강장,1,3,3) 개집표기 통과
01,수도권,KR,1,1호선,0090,금정,1,출입구-승강장,1,4,4) 명학방면 지상2층 엘리베이터
01,수도권,KR,1,1호선,0090,금정,1,출입구-승강장,1,5,5) 명학방면 지상1층 승강장 엘리베이터
01,수도권,KR,1,1호선,0090,금정,1,출입구-승강장,1,6,6) 명학방면 승강장
01,수도권,KR,1,1호선,0090,금정,1,출입구-승강장,2,1,1) 4번/5번 출입구 사이 지상1층 엘리베이터
01,수도권,KR,1,1호선,0090,금정,1,출입구-승강장,2,2,2) 4번/5번 출입구 사이 지상2층 엘리베이터
01,수도권,KR,1,1호선,0090,금정,1,출입구-승강장,2,3,3) 개집표기 통과
01,수도권,KR,1,1호선,0090,금정,1,출입구-승강장,2,4,4) 명학방면 지상2층 엘리베이터
01,수도권,KR,1,1호선,0090,금정,1,출입구-승강장,2,5,5) 명학방면 지상1층 승강장 엘리베이터
01,수도권,KR,1,1호선,0090,금정,1,출입구-승강장,2,6,6) 명학방면 승강장
01,수도권,KR,1,1호선,0090,금정,1,출입구-승강장,3,1,1) 7번/8번 출입구 사이 지상1층 엘리베이터
01,수도권,KR,1,1호선,0090,금정,1,출입구-승강장,3,2,2) 7번/8번 출입구 사이 지상2층 엘리베이터
01,수도권,KR,1,1호선,0090,금정,1,출입구-승강장,3,3,3) 개집표기 통과
01,수도권,KR,1,1호선,0090,금정,1,출입구-승강장,3,4,4) 명학방면 지상2층 엘리베이터
01,수도권,KR,1,1호선,0090,금정,1,출입구-승강장,3,5,5) 명학방면 지상1층 승강장 엘리베이터
01,수도권,KR,1,1호선,0090,금정,1,출입구-승강장,3,6,6) 명학방면 승강장
01,수도권,KR,1,1호선,0090,금정,1,출입구-승강장,4,1,1) 2번 출입구 지상1층 엘리베이터
01,수도권,KR,1,1호선,0090,금정,1,출입구-승강장,4,2,2) 2번 출입구 지상2층 엘리베이터
01,수도권,KR,1,1호선,0090,금정,1,출입구-승강장,4,3,3) 개집표기 통과
01,수도권,KR,1,1호선,0090,금정,1,출입구-승강장,4,4,4) 군포방면 지상2층 엘리베이터
01,수도권,KR,1,1호선,0090,금정,1,출입구-승강장,4,5,5) 군포방면 지상1층 승강장 엘리베이터
01,수도권,KR,1,1호선,0090,금정,1,출입구-승강장,4,6,6) 군포방면 승강장
01,수도권,KR,1,1호선,0090,금정,1,출입구-승강장,5,1,1) 4번/5번 출입구 사이 지상1층 엘리베이터
01,수도권,KR,1,1호선,0090,금정,1,출입구-승강장,5,2,2) 4번/5번 출입구 사이 지상2층 엘리베이터
01,수도권,KR,1,1호선,0090,금정,1,출입구-승강장,5,3,3) 개집표기 통과
01,수도권,KR,1,1호선,0090,금정,1,출입구-승강장,5,4,4) 군포방면 지상2층 엘리베이터
01,수도권,KR,1,1호선,0090,금정,1,출입구-승강장,5,5,5) 군포방면 지상1층 승강장 엘리베이터
01,수도권,KR,1,1호선,0090,금정,1,출입구-승강장,5,6,6) 군포방면 승강장
01,수도권,KR,1,1호선,0090,금정,1,출입구-승강장,6,1,1) 7번/8번 출입구 사이 지상1층 엘리베이터
01,수도권,KR,1,1호선,0090,금정,1,출입구-승강장,6,2,2) 7번/8번 출입구 사이 지상2층 엘리베이터
01,수도권,KR,1,1호선,0090,금정,1,출입구-승강장,6,3,3) 개집표기 통과
01,수도권,KR,1,1호선,0090,금정,1,출입구-승강장,6,4,4) 군포방면 지상2층 엘리베이터
01,수도권,KR,1,1호선,0090,금정,1,출입구-승강장,6,5,5) 군포방면 지상1층 승강장 엘리베이터
01,수도권,KR,1,1호선,0090,금정,1,출입구-승강장,6,6,6) 군포방면 승강장
01,수도권,KR,1,1호선,0090,금정,3,환승,1,1,1) 1호선 명학방면 하차 
01,수도권,KR,1,1호선,0090,금정,3,환승,1,2,2) 4호선 범계방면 인접(섬식) 승강장
01,수도권,KR,1,1호선,0090,금정,3,환승,2,1,1) 1호선 군포방면 하차
01,수도권,KR,1,1호선,0090,금정,3,환승,2,2,2) 4호선 산본방면 인접(섬식) 승강장
01,수도권,KR,1,1호선,0090,금정,3,환승,3,1,1) 1호선 명학방면 1호차/8호차 하차 
01,수도권,KR,1,1호선,0090,금정,3,환승,3,2,2) 엘리베이터 2층으로 이동
01,수도권,KR,1,1호선,0090,금정,3,환승,3,3,3) 환승통로
01,수도권,KR,1,1호선,0090,금정,3,환승,3,4,4) 3/4번 승강장 엘리베이터 1층 승강장으로 이동
01,수도권,KR,1,1호선,0090,금정,3,환승,3,5,5) 4호선 산본방명 승강장
01,수도권,KR,1,1호선,0090,금정,3,환승,4,1,1) 1호선 군포방면 3호차/10호차 하차 
01,수도권,KR,1,1호선,0090,금정,3,환승,4,2,2) 엘리베이터 2층으로 이동
01,수도권,KR,1,1호선,0090,금정,3,환승,4,3,3) 환승통로
01,수도권,KR,1,1호선,0090,금정,3,환승,4,4,4) 1/2번 승강장 엘리베이터 1층 승강장으로 이동
01,수도권,KR,1,1호선,0090,금정,3,환승,4,5,5) 4호선 범계방명 승강장
01,수도권,KR,1,1호선,0083,군포,1,출입구-승강장,1,1,1) 1번 출입구 지상1층 엘리베이터 탑승
01,수도권,KR,1,1호선,0083,군포,1,출입구-승강장,1,2,2) 지상 2층 대합실 방면 통로
01,수도권,KR,1,1호선,0083,군포,1,출입구-승강장,1,3,3) 표 내는곳 통과 
01,수도권,KR,1,1호선,0083,군포,1,출입구-승강장,1,4,4) 금정 방면 엘리베이터 탑승 
01,수도권,KR,1,1호선,0083,군포,1,출입구-승강장,1,5,5) 금정 방면 승강장으로 이동
01,수도권,KR,1,1호선,0083,군포,1,출입구-승강장,1,6,6) 승차(휠체어칸)
01,수도권,KR,1,1호선,0083,군포,1,출입구-승강장,2,1,1) 1번 출입구 지상1층 엘리베이터 탑승
01,수도권,KR,1,1호선,0083,군포,1,출입구-승강장,2,2,2) 지상 2층 대합실 방면 통로
01,수도권,KR,1,1호선,0083,군포,1,출입구-승강장,2,3,3) 표 내는곳 통과 
01,수도권,KR,1,1호선,0083,군포,1,출입구-승강장,2,4,4) 당정 방면 엘리베이터 탑승 
01,수도권,KR,1,1호선,0083,군포,1,출입구-승강장,2,5,5) 당정 방면 승강장으로 이동
01,수도권,KR,1,1호선,0083,군포,1,출입구-승강장,2,6,6) 승차(휠체어칸)
01,수도권,KR,1,1호선,0127,당정,1,출입구-승강장,1,1,1) 1/2번 출입구 사이 지상1층 엘리베이터 탑승
01,수도권,KR,1,1호선,0127,당정,1,출입구-승강장,1,2,2) 지상 2층 대합실 방면 이동
01,수도권,KR,1,1호선,0127,당정,1,출입구-승강장,1,3,3) 표 내는곳 통과 
01,수도권,KR,1,1호선,0127,당정,1,출입구-승강장,1,4,4) 지상 2층 군포 방면 엘리베이터 탑승 
01,수도권,KR,1,1호선,0127,당정,1,출입구-승강장,1,5,5) 지상 1층 군포 방면 승강장으로 이동
01,수도권,KR,1,1호선,0127,당정,1,출입구-승강장,1,6,6) 승차(휠체어칸)
01,수도권,KR,1,1호선,0127,당정,1,출입구-승강장,2,1,1) 3번 출입구 지상1층 엘리베이터 탑승
01,수도권,KR,1,1호선,0127,당정,1,출입구-승강장,2,2,2) 지상 2층 대합실 방면 이동
01,수도권,KR,1,1호선,0127,당정,1,출입구-승강장,2,3,3) 표 내는곳 통과 
01,수도권,KR,1,1호선,0127,당정,1,출입구-승강장,2,4,4) 지상 2층 군포 방면 엘리베이터 탑승 
01,수도권,KR,1,1호선,0127,당정,1,출입구-승강장,2,5,5) 지상 1층 군포 방면 승강장으로 이동
01,수도권,KR,1,1호선,0127,당정,1,출입구-승강장,2,6,6) 승차(휠체어칸)
01,수도권,KR,1,1호선,0127,당정,1,출입구-승강장,3,1,1) 1/2번 출입구 사이 지상1층 엘리베이터 탑승
01,수도권,KR,1,1호선,0127,당정,1,출입구-승강장,3,2,2) 지상 2층 대합실 방면 이동
01,수도권,KR,1,1호선,0127,당정,1,출입구-승강장,3,3,3) 표 내는곳 통과 
01,수도권,KR,1,1호선,0127,당정,1,출입구-승강장,3,4,4) 지상 2층 의왕 방면 엘리베이터 탑승 
01,수도권,KR,1,1호선,0127,당정,1,출입구-승강장,3,5,5) 지상 1층 의왕 방면 승강장으로 이동
01,수도권,KR,1,1호선,0127,당정,1,출입구-승강장,3,6,6) 승차(휠체어칸)
01,수도권,KR,1,1호선,0127,당정,1,출입구-승강장,4,1,1) 3번 출입구 지상1층 엘리베이터 탑승
01,수도권,KR,1,1호선,0127,당정,1,출입구-승강장,4,2,2) 지상 2층 대합실 방면 이동
01,수도권,KR,1,1호선,0127,당정,1,출입구-승강장,4,3,3) 표 내는곳 통과 
01,수도권,KR,1,1호선,0127,당정,1,출입구-승강장,4,4,4) 지상 2층 의왕 방면 엘리베이터 탑승 
01,수도권,KR,1,1호선,0127,당정,1,출입구-승강장,4,5,5) 지상 1층 의왕 방면 승강장으로 이동
01,수도권,KR,1,1호선,0127,당정,1,출입구-승강장,4,6,6) 승차(휠체어칸)
01,수도권,KR,1,1호선,0469,의왕,1,출입구-승강장,1,1,1) 1번 출입구 옆 엘리베이터 탑승
01,수도권,KR,1,1호선,0469,의왕,1,출입구-승강장,1,2,2) 연결통로로 대합실 이동
01,수도권,KR,1,1호선,0469,의왕,1,출입구-승강장,1,3,3) 개집표기 통과
01,수도권,KR,1,1호선,0469,의왕,1,출입구-승강장,1,4,4) 성균관대 방면 엘리베이터 탑승
01,수도권,KR,1,1호선,0469,의왕,1,출입구-승강장,1,5,5) 성균관대 방면 승강장으로 이동
01,수도권,KR,1,1호선,0469,의왕,1,출입구-승강장,1,6,6) 승차(휠체어칸)
01,수도권,KR,1,1호선,0469,의왕,1,출입구-승강장,2,1,1) 2번 출입구 옆 엘리베이터 탑승
01,수도권,KR,1,1호선,0469,의왕,1,출입구-승강장,2,2,2) 대합실 이동
01,수도권,KR,1,1호선,0469,의왕,1,출입구-승강장,2,3,3) 개집표기 통과
01,수도권,KR,1,1호선,0469,의왕,1,출입구-승강장,2,4,4) 성균관대 방면 엘리베이터 탑승
01,수도권,KR,1,1호선,0469,의왕,1,출입구-승강장,2,5,5) 성균관대 방면 승강장으로 이동
01,수도권,KR,1,1호선,0469,의왕,1,출입구-승강장,2,6,6) 승차(휠체어칸)
01,수도권,KR,1,1호선,0469,의왕,1,출입구-승강장,3,1,1) 1번 출입구 옆 엘리베이터 탑승
01,수도권,KR,1,1호선,0469,의왕,1,출입구-승강장,3,2,2) 연결통로로 대합실 이동
01,수도권,KR,1,1호선,0469,의왕,1,출입구-승강장,3,3,3) 개집표기 통과
01,수도권,KR,1,1호선,0469,의왕,1,출입구-승강장,3,4,4) 당정 방면 엘리베이터 탑승
01,수도권,KR,1,1호선,0469,의왕,1,출입구-승강장,3,5,5) 당정 방면 승강장으로 이동
01,수도권,KR,1,1호선,0469,의왕,1,출입구-승강장,3,6,6) 승차(휠체어칸)
01,수도권,KR,1,1호선,0469,의왕,1,출입구-승강장,4,1,1) 2번 출입구 옆 엘리베이터 탑승
01,수도권,KR,1,1호선,0469,의왕,1,출입구-승강장,4,2,2) 대합실 이동
01,수도권,KR,1,1호선,0469,의왕,1,출입구-승강장,4,3,3) 개집표기 통과
01,수도권,KR,1,1호선,0469,의왕,1,출입구-승강장,4,4,4) 당정 방면 엘리베이터 탑승
01,수도권,KR,1,1호선,0469,의왕,1,출입구-승강장,4,5,5) 당정 방면 승강장으로 이동
01,수도권,KR,1,1호선,0469,의왕,1,출입구-승강장,4,6,6) 승차(휠체어칸)
01,수도권,KR,1,1호선,0312,성균관대,1,출입구-승강장,1,1,1) 3번 출입구 지상1층 엘리베이터
01,수도권,KR,1,1호선,0312,성균관대,1,출입구-승강장,1,2,2) 3번 출입구 지상2층 엘리베이터
01,수도권,KR,1,1호선,0312,성균관대,1,출입구-승강장,1,3,3) 개집표기 통과
01,수도권,KR,1,1호선,0312,성균관대,1,출입구-승강장,1,4,4) 화서방면 지상2층 엘리베이터
01,수도권,KR,1,1호선,0312,성균관대,1,출입구-승강장,1,5,5) 화서방면 지상1층 승강장 엘리베이터
01,수도권,KR,1,1호선,0312,성균관대,1,출입구-승강장,1,6,6) 화서방면 승강장
01,수도권,KR,1,1호선,0312,성균관대,1,출입구-승강장,2,1,1) 4번 출입구 지상1층 엘리베이터
01,수도권,KR,1,1호선,0312,성균관대,1,출입구-승강장,2,2,2) 4번 출입구 지상2층 엘리베이터
01,수도권,KR,1,1호선,0312,성균관대,1,출입구-승강장,2,3,3) 개집표기 통과
01,수도권,KR,1,1호선,0312,성균관대,1,출입구-승강장,2,4,4) 화서방면 지상2층 엘리베이터
01,수도권,KR,1,1호선,0312,성균관대,1,출입구-승강장,2,5,5) 화서방면 지상1층 승강장 엘리베이터
01,수도권,KR,1,1호선,0312,성균관대,1,출입구-승강장,2,6,6) 화서방면 승강장
01,수도권,KR,1,1호선,0312,성균관대,1,출입구-승강장,3,1,1) 3번 출입구 지상1층 엘리베이터
01,수도권,KR,1,1호선,0312,성균관대,1,출입구-승강장,3,2,2) 3번 출입구 지상2층 엘리베이터
01,수도권,KR,1,1호선,0312,성균관대,1,출입구-승강장,3,3,3) 개집표기 통과
01,수도권,KR,1,1호선,0312,성균관대,1,출입구-승강장,3,4,4) 의왕방면 지상2층 엘리베이터
01,수도권,KR,1,1호선,0312,성균관대,1,출입구-승강장,3,5,5) 의왕방면 지상1층 승강장 엘리베이터
01,수도권,KR,1,1호선,0312,성균관대,1,출입구-승강장,3,6,6) 의왕방면 승강장
01,수도권,KR,1,1호선,0312,성균관대,1,출입구-승강장,4,1,1) 4번 출입구 지상1층 엘리베이터
01,수도권,KR,1,1호선,0312,성균관대,1,출입구-승강장,4,2,2) 4번 출입구 지상2층 엘리베이터
01,수도권,KR,1,1호선,0312,성균관대,1,출입구-승강장,4,3,3) 개집표기 통과
01,수도권,KR,1,1호선,0312,성균관대,1,출입구-승강장,4,4,4) 의왕방면 지상2층 엘리베이터
01,수도권,KR,1,1호선,0312,성균관대,1,출입구-승강장,4,5,5) 의왕방면 지상1층 승강장 엘리베이터
01,수도권,KR,1,1호선,0312,성균관대,1,출입구-승강장,4,6,6) 의왕방면 승강장
01,수도권,KR,1,1호선,0601,화서,1,출입구-승강장,1,1,1) 3번/4번 출입구
01,수도권,KR,1,1호선,0601,화서,1,출입구-승강장,1,2,2) 3번/4번 출입구 지상 1층 엘리베이터
01,수도권,KR,1,1호선,0601,화서,1,출입구-승강장,1,3,3) 지상 2층 대합실 이동
01,수도권,KR,1,1호선,0601,화서,1,출입구-승강장,1,4,4) 성균관대 방면 지상 2층 엘리베에터
01,수도권,KR,1,1호선,0601,화서,1,출입구-승강장,1,5,5) 성균관대 방면 지상 1층
01,수도권,KR,1,1호선,0601,화서,1,출입구-승강장,1,6,6) 개집표기 통과
01,수도권,KR,1,1호선,0601,화서,1,출입구-승강장,1,7,7) 성균관대 방면 승강장
01,수도권,KR,1,1호선,0601,화서,1,출입구-승강장,2,1,1) 5번/6번 출입구
01,수도권,KR,1,1호선,0601,화서,1,출입구-승강장,2,2,2) 개집표기 통과 
01,수도권,KR,1,1호선,0601,화서,1,출입구-승강장,2,3,3) 성균관대 방면 승강장
01,수도권,KR,1,1호선,0601,화서,1,출입구-승강장,3,1,1) 3번/4번 출입구
01,수도권,KR,1,1호선,0601,화서,1,출입구-승강장,3,2,2) 개집표기 통과
01,수도권,KR,1,1호선,0601,화서,1,출입구-승강장,3,3,3) 수원방면 승강장
01,수도권,KR,1,1호선,0601,화서,1,출입구-승강장,4,1,1) 5번/6번 출입구
01,수도권,KR,1,1호선,0601,화서,1,출입구-승강장,4,2,2) 5번/6번 출입구 지상 1층 엘리베이터
01,수도권,KR,1,1호선,0601,화서,1,출입구-승강장,4,3,3) 지상 2층 대합실 이동
01,수도권,KR,1,1호선,0601,화서,1,출입구-승강장,4,4,4) 수원 방면 지상 2층 엘리베에터
01,수도권,KR,1,1호선,0601,화서,1,출입구-승강장,4,5,5) 수원 방면 지상 1층
01,수도권,KR,1,1호선,0601,화서,1,출입구-승강장,4,6,6) 개집표기 통과
01,수도권,KR,1,1호선,0601,화서,1,출입구-승강장,4,7,3) 수원 방면 승강장
01,수도권,KR,1,1호선,0338,수원,1,출입구-승강장,1,1,1) (1F) 5번 출입구 옆 엘리베이터 탑승
01,수도권,KR,1,1호선,0338,수원,1,출입구-승강장,1,2,2) (B1) 대합실로 이동
01,수도권,KR,1,1호선,0338,수원,1,출입구-승강장,1,3,3) 표 내는 곳 통과
01,수도권,KR,1,1호선,0338,수원,1,출입구-승강장,1,4,4) 1호선 화서 방면 엘리베이터 탑승
01,수도권,KR,1,1호선,0338,수원,1,출입구-승강장,1,5,5) (1F) 화서 방면 승강장으로 이동
01,수도권,KR,1,1호선,0338,수원,1,출입구-승강장,1,6,6) 승차 (휠체어칸)
01,수도권,KR,1,1호선,0338,수원,1,출입구-승강장,2,1,1) (1F) 5번 출입구 옆 엘리베이터 탑승
01,수도권,KR,1,1호선,0338,수원,1,출입구-승강장,2,2,2) (B1) 대합실로 이동
01,수도권,KR,1,1호선,0338,수원,1,출입구-승강장,2,3,3) 표 내는 곳 통과
01,수도권,KR,1,1호선,0338,수원,1,출입구-승강장,2,4,4) 1호선 세류 방면 엘리베이터 탑승
01,수도권,KR,1,1호선,0338,수원,1,출입구-승강장,2,5,5) (1F) 세류 방면 승강장으로 이동
01,수도권,KR,1,1호선,0338,수원,1,출입구-승강장,2,6,6) 승차 (휠체어칸)
01,수도권,KR,1,1호선,0338,수원,1,출입구-승강장,3,1,1) (1F) 7번 출입구 옆 엘리베이터 탑승
01,수도권,KR,1,1호선,0338,수원,1,출입구-승강장,3,2,2) (B1) 대합실로 이동
01,수도권,KR,1,1호선,0338,수원,1,출입구-승강장,3,3,3) 표 내는 곳 통과
01,수도권,KR,1,1호선,0338,수원,1,출입구-승강장,3,4,4) 1호선 화서 방면 엘리베이터 탑승
01,수도권,KR,1,1호선,0338,수원,1,출입구-승강장,3,5,5) (1F) 화서 방면 승강장으로 이동
01,수도권,KR,1,1호선,0338,수원,1,출입구-승강장,3,6,6) 승차 (휠체어칸)
01,수도권,KR,1,1호선,0338,수원,1,출입구-승강장,4,1,1) (1F) 7번 출입구 옆 엘리베이터 탑승
01,수도권,KR,1,1호선,0338,수원,1,출입구-승강장,4,2,2) (B1) 대합실로 이동
01,수도권,KR,1,1호선,0338,수원,1,출입구-승강장,4,3,3) 표 내는 곳 통과
01,수도권,KR,1,1호선,0338,수원,1,출입구-승강장,4,4,4) 1호선 세류 방면 엘리베이터 탑승
01,수도권,KR,1,1호선,0338,수원,1,출입구-승강장,4,5,5) (1F) 세류 방면 승강장으로 이동
01,수도권,KR,1,1호선,0338,수원,1,출입구-승강장,4,6,6) 승차 (휠체어칸)
01,수도권,KR,1,1호선,0338,수원,1,출입구-승강장,5,1,1) (1F) 10번 출입구 옆 엘리베이터 탑승
01,수도권,KR,1,1호선,0338,수원,1,출입구-승강장,5,2,2) (B1) 대합실로 이동
01,수도권,KR,1,1호선,0338,수원,1,출입구-승강장,5,3,3) 표 내는 곳 통과
01,수도권,KR,1,1호선,0338,수원,1,출입구-승강장,5,4,4) 1호선 화서 방면 엘리베이터 탑승
01,수도권,KR,1,1호선,0338,수원,1,출입구-승강장,5,5,5) (1F) 화서 방면 승강장으로 이동
01,수도권,KR,1,1호선,0338,수원,1,출입구-승강장,5,6,6) 승차 (휠체어칸)
01,수도권,KR,1,1호선,0338,수원,1,출입구-승강장,6,1,1) (1F) 10번 출입구 옆 엘리베이터 탑승
01,수도권,KR,1,1호선,0338,수원,1,출입구-승강장,6,2,2) (B1) 대합실로 이동
01,수도권,KR,1,1호선,0338,수원,1,출입구-승강장,6,3,3) 표 내는 곳 통과
01,수도권,KR,1,1호선,0338,수원,1,출입구-승강장,6,4,4) 1호선 세류 방면 엘리베이터 탑승
01,수도권,KR,1,1호선,0338,수원,1,출입구-승강장,6,5,5) (1F) 세류 방면 승강장으로 이동
01,수도권,KR,1,1호선,0338,수원,1,출입구-승강장,6,6,6) 승차 (휠체어칸)
01,수도권,KR,1,1호선,0338,수원,3,환승,1,1,1) (1F) 1호선 화서 방면 승강장 하차
01,수도권,KR,1,1호선,0338,수원,3,환승,1,2,2) 대합실 방향 엘리베이터 탑승
01,수도권,KR,1,1호선,0338,수원,3,환승,1,3,3) (B1) 대합실로 이동
01,수도권,KR,1,1호선,0338,수원,3,환승,1,4,4) 수인분당선 매교 방면 엘리베이터 탑승
01,수도권,KR,1,1호선,0338,수원,3,환승,1,5,5) (B4) 수인분당선 매교 방면 승강장으로 이동
01,수도권,KR,1,1호선,0338,수원,3,환승,1,6,6) 승차 (휠체어칸)
01,수도권,KR,1,1호선,0338,수원,3,환승,2,1,1) (1F) 1호선 화서 방면 승강장 하차
01,수도권,KR,1,1호선,0338,수원,3,환승,2,2,2) 대합실 방향 엘리베이터 탑승
01,수도권,KR,1,1호선,0338,수원,3,환승,2,3,3) (B1) 대합실로 이동
01,수도권,KR,1,1호선,0338,수원,3,환승,2,4,4) 수인분당선 고색 방면 엘리베이터 탑승
01,수도권,KR,1,1호선,0338,수원,3,환승,2,5,5) (B4) 수인분당선 고색 방면 승강장으로 이동
01,수도권,KR,1,1호선,0338,수원,3,환승,2,6,6) 승차 (휠체어칸)
01,수도권,KR,1,1호선,0338,수원,3,환승,3,1,1) (1F) 1호선 세류 방면 승강장 하차
01,수도권,KR,1,1호선,0338,수원,3,환승,3,2,2) 대합실 방향 엘리베이터 탑승
01,수도권,KR,1,1호선,0338,수원,3,환승,3,3,3) (B1) 대합실로 이동
01,수도권,KR,1,1호선,0338,수원,3,환승,3,4,4) 수인분당선 매교 방면 엘리베이터 탑승
01,수도권,KR,1,1호선,0338,수원,3,환승,3,5,5) (B4) 수인분당선 매교 방면 승강장으로 이동
01,수도권,KR,1,1호선,0338,수원,3,환승,3,6,6) 승차 (휠체어칸)
01,수도권,KR,1,1호선,0338,수원,3,환승,4,1,1) (1F) 1호선 세류 방면 승강장 하차
01,수도권,KR,1,1호선,0338,수원,3,환승,4,2,2) 대합실 방향 엘리베이터 탑승
01,수도권,KR,1,1호선,0338,수원,3,환승,4,3,3) (B1) 대합실로 이동
01,수도권,KR,1,1호선,0338,수원,3,환승,4,4,4) 수인분당선 고색 방면 엘리베이터 탑승
01,수도권,KR,1,1호선,0338,수원,3,환승,4,5,5) (B4) 수인분당선 고색 방면 승강장으로 이동
01,수도권,KR,1,1호선,0338,수원,3,환승,4,6,6) 승차 (휠체어칸)
01,수도권,KR,1,1호선,0318,세류,1,출입구-승강장,1,1,1) 1번 출입구
01,수도권,KR,1,1호선,0318,세류,1,출입구-승강장,1,2,2) 1번 출입구 지상2층 엘리베이터
01,수도권,KR,1,1호선,0318,세류,1,출입구-승강장,1,3,3) 1번 출입구 지하1층 엘리베이터
01,수도권,KR,1,1호선,0318,세류,1,출입구-승강장,1,4,4) 수원방면 지하1층 에스컬레이터
01,수도권,KR,1,1호선,0318,세류,1,출입구-승강장,1,5,5) 수원방면 지상1층 승강장 에스컬레이터
01,수도권,KR,1,1호선,0318,세류,1,출입구-승강장,1,6,6) 수원방면 승강장
01,수도권,KR,1,1호선,0318,세류,1,출입구-승강장,2,1,1) 1번 출입구
01,수도권,KR,1,1호선,0318,세류,1,출입구-승강장,2,2,2) 1번 출입구 지상2층 엘리베이터
01,수도권,KR,1,1호선,0318,세류,1,출입구-승강장,2,3,3) 1번 출입구 지하1층 엘리베이터
01,수도권,KR,1,1호선,0318,세류,1,출입구-승강장,2,4,4) 병점방면 지하1층 에스컬레이터
01,수도권,KR,1,1호선,0318,세류,1,출입구-승강장,2,5,5) 병점방면 지상1층 승강장 에스컬레이터
01,수도권,KR,1,1호선,0318,세류,1,출입구-승강장,2,6,6) 병점방면 승강장
01,수도권,KR,1,1호선,0231,병점,1,출입구-승강장,1,1,1) 1번 출입구 지상1층  엘리베이터 탑승
01,수도권,KR,1,1호선,0231,병점,1,출입구-승강장,1,2,2) 대합실 이동 
01,수도권,KR,1,1호선,0231,병점,1,출입구-승강장,1,3,3) 표 내는곳 통과 
01,수도권,KR,1,1호선,0231,병점,1,출입구-승강장,1,4,4) 서동탄/세마 방면 엘리베이터 탑승
01,수도권,KR,1,1호선,0231,병점,1,출입구-승강장,1,5,5) 서동탄/세마 방면 승강장으로 이동
01,수도권,KR,1,1호선,0231,병점,1,출입구-승강장,1,6,6) 승차(휠체어칸)
01,수도권,KR,1,1호선,0231,병점,1,출입구-승강장,2,1,1) 2번 출입구 지상1층  엘리베이터 탑승
01,수도권,KR,1,1호선,0231,병점,1,출입구-승강장,2,2,2) 대합실 이동 
01,수도권,KR,1,1호선,0231,병점,1,출입구-승강장,2,3,3) 표 내는곳 통과 
01,수도권,KR,1,1호선,0231,병점,1,출입구-승강장,2,4,4) 서동탄/세마 방면 엘리베이터 탑승
01,수도권,KR,1,1호선,0231,병점,1,출입구-승강장,2,5,5) 서동탄/세마 방면 승강장으로 이동
01,수도권,KR,1,1호선,0231,병점,1,출입구-승강장,2,6,6) 승차(휠체어칸)
01,수도권,KR,1,1호선,0231,병점,1,출입구-승강장,3,1,1) 1번 출입구 지상1층  엘리베이터 탑승
01,수도권,KR,1,1호선,0231,병점,1,출입구-승강장,3,2,2) 대합실 이동 
01,수도권,KR,1,1호선,0231,병점,1,출입구-승강장,3,3,3) 표 내는곳 통과 
01,수도권,KR,1,1호선,0231,병점,1,출입구-승강장,3,4,4) 세류 방면 엘리베이터 탑승
01,수도권,KR,1,1호선,0231,병점,1,출입구-승강장,3,5,5) 세류 방면 승강장으로 이동
01,수도권,KR,1,1호선,0231,병점,1,출입구-승강장,3,6,6) 승차(휠체어칸)
01,수도권,KR,1,1호선,0231,병점,1,출입구-승강장,4,1,1) 2번 출입구 지상1층  엘리베이터 탑승
01,수도권,KR,1,1호선,0231,병점,1,출입구-승강장,4,2,2) 대합실 이동 
01,수도권,KR,1,1호선,0231,병점,1,출입구-승강장,4,3,3) 표 내는곳 통과 
01,수도권,KR,1,1호선,0231,병점,1,출입구-승강장,4,4,4) 세류 방면 엘리베이터 탑승
01,수도권,KR,1,1호선,0231,병점,1,출입구-승강장,4,5,5) 세류 방면 승강장으로 이동
01,수도권,KR,1,1호선,0231,병점,1,출입구-승강장,4,6,6) 승차(휠체어칸)
01,수도권,KR,1,1호선,0290,서동탄,1,출입구-승강장,1,1,1) 1번 출입구
01,수도권,KR,1,1호선,0290,서동탄,1,출입구-승강장,1,2,2) 개집표기 통과
01,수도권,KR,1,1호선,0290,서동탄,1,출입구-승강장,1,3,3) 1번 출입구 지상1층 엘리베이터
01,수도권,KR,1,1호선,0290,서동탄,1,출입구-승강장,1,4,4) 1번 출입구 지상2층 엘리베이터
01,수도권,KR,1,1호선,0290,서동탄,1,출입구-승강장,1,5,5) 병점방면 지상2층 엘리베이터
01,수도권,KR,1,1호선,0290,서동탄,1,출입구-승강장,1,6,6) 병점방면 지상1층 승강장 엘리베이터
01,수도권,KR,1,1호선,0290,서동탄,1,출입구-승강장,1,7,7) 병점방면 승강장
01,수도권,KR,1,1호선,0290,서동탄,1,출입구-승강장,2,1,1) 2번 출입구
01,수도권,KR,1,1호선,0290,서동탄,1,출입구-승강장,2,2,2) 개집표기 통과
01,수도권,KR,1,1호선,0290,서동탄,1,출입구-승강장,2,3,3) 2번 출입구 지상1층 엘리베이터
01,수도권,KR,1,1호선,0290,서동탄,1,출입구-승강장,2,4,4) 2번 출입구 지상2층 엘리베이터
01,수도권,KR,1,1호선,0290,서동탄,1,출입구-승강장,2,5,5) 병점방면 지상2층 엘리베이터
01,수도권,KR,1,1호선,0290,서동탄,1,출입구-승강장,2,6,6) 병점방면 지상1층 승강장 엘리베이터
01,수도권,KR,1,1호선,0290,서동탄,1,출입구-승강장,2,7,7) 병점방면 승강장
01,수도권,KR,1,1호선,0319,세마,1,출입구-승강장,1,1,1) 1번 출입구
01,수도권,KR,1,1호선,0319,세마,1,출입구-승강장,1,2,2) 개집표기 통과
01,수도권,KR,1,1호선,0319,세마,1,출입구-승강장,1,3,3) 오산대방면 지상1층 엘리베이터
01,수도권,KR,1,1호선,0319,세마,1,출입구-승강장,1,4,4) 오산대방면 지상2층 승강장 엘리베이터
01,수도권,KR,1,1호선,0319,세마,1,출입구-승강장,1,5,5) 오산대방면 승강장
01,수도권,KR,1,1호선,0319,세마,1,출입구-승강장,2,1,1) 2번 출입구
01,수도권,KR,1,1호선,0319,세마,1,출입구-승강장,2,2,2) 개집표기 통과
01,수도권,KR,1,1호선,0319,세마,1,출입구-승강장,2,3,3) 오산대방면 지상1층 엘리베이터
01,수도권,KR,1,1호선,0319,세마,1,출입구-승강장,2,4,4) 오산대방면 지상2층 승강장 엘리베이터
01,수도권,KR,1,1호선,0319,세마,1,출입구-승강장,2,5,5) 오산대방면 승강장
01,수도권,KR,1,1호선,0319,세마,1,출입구-승강장,3,1,1) 1번 출입구
01,수도권,KR,1,1호선,0319,세마,1,출입구-승강장,3,2,2) 개집표기 통과
01,수도권,KR,1,1호선,0319,세마,1,출입구-승강장,3,3,3) 병점방면 지상1층 엘리베이터
01,수도권,KR,1,1호선,0319,세마,1,출입구-승강장,3,4,4) 병점방면 지상2층 승강장 엘리베이터
01,수도권,KR,1,1호선,0319,세마,1,출입구-승강장,3,5,5) 병점방면 승강장
01,수도권,KR,1,1호선,0319,세마,1,출입구-승강장,4,1,1) 2번 출입구
01,수도권,KR,1,1호선,0319,세마,1,출입구-승강장,4,2,2) 개집표기 통과
01,수도권,KR,1,1호선,0319,세마,1,출입구-승강장,4,3,3) 오산대방면 지상1층 엘리베이터
01,수도권,KR,1,1호선,0319,세마,1,출입구-승강장,4,4,4) 오산대방면 지상2층 승강장 엘리베이터
01,수도권,KR,1,1호선,0319,세마,1,출입구-승강장,4,5,5) 오산대방면 승강장
01,수도권,KR,1,1호선,0432,오산대,1,출입구-승강장,1,1,1) 1번 출입구 지상1층 엘리베이터
01,수도권,KR,1,1호선,0432,오산대,1,출입구-승강장,1,2,2) 1번 출입구 지상2층 엘리베이터
01,수도권,KR,1,1호선,0432,오산대,1,출입구-승강장,1,3,3) 개집표기 통과
01,수도권,KR,1,1호선,0432,오산대,1,출입구-승강장,1,4,4) 세마방면 지상2층 엘리베이터
01,수도권,KR,1,1호선,0432,오산대,1,출입구-승강장,1,5,5) 세마방면 지상1층 승강장 엘리베이터
01,수도권,KR,1,1호선,0432,오산대,1,출입구-승강장,1,6,6) 세마방면 승강장
01,수도권,KR,1,1호선,0432,오산대,1,출입구-승강장,2,1,1) 2번 출입구 지상1층 엘리베이터
01,수도권,KR,1,1호선,0432,오산대,1,출입구-승강장,2,2,2) 2번 출입구 지상2층 엘리베이터
01,수도권,KR,1,1호선,0432,오산대,1,출입구-승강장,2,3,3) 개집표기 통과
01,수도권,KR,1,1호선,0432,오산대,1,출입구-승강장,2,4,4) 세마방면 지상2층 엘리베이터
01,수도권,KR,1,1호선,0432,오산대,1,출입구-승강장,2,5,5) 세마방면 지상1층 승강장 엘리베이터
01,수도권,KR,1,1호선,0432,오산대,1,출입구-승강장,2,6,6) 세마방면 승강장
01,수도권,KR,1,1호선,0432,오산대,1,출입구-승강장,3,1,1) 1번 출입구 지상1층 엘리베이터
01,수도권,KR,1,1호선,0432,오산대,1,출입구-승강장,3,2,2) 1번 출입구 지상2층 엘리베이터
01,수도권,KR,1,1호선,0432,오산대,1,출입구-승강장,3,3,3) 개집표기 통과
01,수도권,KR,1,1호선,0432,오산대,1,출입구-승강장,3,4,4) 오산방면 지상2층 엘리베이터
01,수도권,KR,1,1호선,0432,오산대,1,출입구-승강장,3,5,5) 오산방면 지상1층 승강장 엘리베이터
01,수도권,KR,1,1호선,0432,오산대,1,출입구-승강장,3,6,6) 오산방면 승강장
01,수도권,KR,1,1호선,0432,오산대,1,출입구-승강장,4,1,1) 2번 출입구 지상1층 엘리베이터
01,수도권,KR,1,1호선,0432,오산대,1,출입구-승강장,4,2,2) 2번 출입구 지상2층 엘리베이터
01,수도권,KR,1,1호선,0432,오산대,1,출입구-승강장,4,3,3) 개집표기 통과
01,수도권,KR,1,1호선,0432,오산대,1,출입구-승강장,4,4,4) 오산방면 지상2층 엘리베이터
01,수도권,KR,1,1호선,0432,오산대,1,출입구-승강장,4,5,5) 오산방면 지상1층 승강장 엘리베이터
01,수도권,KR,1,1호선,0432,오산대,1,출입구-승강장,4,6,6) 오산방면 승강장
01,수도권,KR,1,1호선,0431,오산,1,출입구-승강장,1,1,1) 1번 출입구 지상1층 엘리베이터
01,수도권,KR,1,1호선,0431,오산,1,출입구-승강장,1,2,2) 1번 출입구 지상2층 엘리베이터
01,수도권,KR,1,1호선,0431,오산,1,출입구-승강장,1,3,3) 개집표기 통과
01,수도권,KR,1,1호선,0431,오산,1,출입구-승강장,1,4,4) 오산대방면 지상2층 엘리베이터
01,수도권,KR,1,1호선,0431,오산,1,출입구-승강장,1,5,5) 오산대방면 지상1층 승강장 엘리베이터
01,수도권,KR,1,1호선,0431,오산,1,출입구-승강장,1,6,6) 오산대방면 승강장
01,수도권,KR,1,1호선,0431,오산,1,출입구-승강장,2,1,1) 2번 출입구 지상1층 엘리베이터
01,수도권,KR,1,1호선,0431,오산,1,출입구-승강장,2,2,2) 2번 출입구 지상2층 엘리베이터
01,수도권,KR,1,1호선,0431,오산,1,출입구-승강장,2,3,3) 개집표기 통과
01,수도권,KR,1,1호선,0431,오산,1,출입구-승강장,2,4,4) 오산대방면 지상2층 엘리베이터
01,수도권,KR,1,1호선,0431,오산,1,출입구-승강장,2,5,5) 오산대방면 지상1층 승강장 엘리베이터
01,수도권,KR,1,1호선,0431,오산,1,출입구-승강장,2,6,6) 오산대방면 승강장
01,수도권,KR,1,1호선,0431,오산,1,출입구-승강장,3,1,1) 1번 출입구 지상1층 엘리베이터
01,수도권,KR,1,1호선,0431,오산,1,출입구-승강장,3,2,2) 1번 출입구 지상2층 엘리베이터
01,수도권,KR,1,1호선,0431,오산,1,출입구-승강장,3,3,3) 개집표기 통과
01,수도권,KR,1,1호선,0431,오산,1,출입구-승강장,3,4,4) 진위방면 지상2층 엘리베이터
01,수도권,KR,1,1호선,0431,오산,1,출입구-승강장,3,5,5) 진위방면 지상1층 승강장 엘리베이터
01,수도권,KR,1,1호선,0431,오산,1,출입구-승강장,3,6,6) 진위방면 승강장
01,수도권,KR,1,1호선,0431,오산,1,출입구-승강장,4,1,1) 2번 출입구 지상1층 엘리베이터
01,수도권,KR,1,1호선,0431,오산,1,출입구-승강장,4,2,2) 2번 출입구 지상2층 엘리베이터
01,수도권,KR,1,1호선,0431,오산,1,출입구-승강장,4,3,3) 개집표기 통과
01,수도권,KR,1,1호선,0431,오산,1,출입구-승강장,4,4,4) 진위방면 지상2층 엘리베이터
01,수도권,KR,1,1호선,0431,오산,1,출입구-승강장,4,5,5) 진위방면 지상1층 승강장 엘리베이터
01,수도권,KR,1,1호선,0431,오산,1,출입구-승강장,4,6,6) 진위방면 승강장
01,수도권,KR,1,1호선,0540,진위,1,출입구-승강장,1,1,1) 1번 출입구 지상1층 엘리베이터
01,수도권,KR,1,1호선,0540,진위,1,출입구-승강장,1,2,2) 1번 출입구 지상2층 엘리베이터
01,수도권,KR,1,1호선,0540,진위,1,출입구-승강장,1,3,3) 개집표기 통과
01,수도권,KR,1,1호선,0540,진위,1,출입구-승강장,1,4,4) 오산방면 지상2층 엘리베이터
01,수도권,KR,1,1호선,0540,진위,1,출입구-승강장,1,5,5) 오산방면 지상1층 승강장 엘리베이터
01,수도권,KR,1,1호선,0540,진위,1,출입구-승강장,1,6,6) 오산방면 승강장
01,수도권,KR,1,1호선,0540,진위,1,출입구-승강장,2,1,1) 2번 출입구 지상1층 엘리베이터
01,수도권,KR,1,1호선,0540,진위,1,출입구-승강장,2,2,2) 2번 출입구 지상2층 엘리베이터
01,수도권,KR,1,1호선,0540,진위,1,출입구-승강장,2,3,3) 개집표기 통과
01,수도권,KR,1,1호선,0540,진위,1,출입구-승강장,2,4,4) 오산방면 지상2층 엘리베이터
01,수도권,KR,1,1호선,0540,진위,1,출입구-승강장,2,5,5) 오산방면 지상1층 승강장 엘리베이터
01,수도권,KR,1,1호선,0540,진위,1,출입구-승강장,2,6,6) 오산방면 승강장
01,수도권,KR,1,1호선,0540,진위,1,출입구-승강장,3,1,1) 1번 출입구 지상1층 엘리베이터
01,수도권,KR,1,1호선,0540,진위,1,출입구-승강장,3,2,2) 1번 출입구 지상2층 엘리베이터
01,수도권,KR,1,1호선,0540,진위,1,출입구-승강장,3,3,3) 개집표기 통과
01,수도권,KR,1,1호선,0540,진위,1,출입구-승강장,3,4,4) 송탄방면 지상2층 엘리베이터
01,수도권,KR,1,1호선,0540,진위,1,출입구-승강장,3,5,5) 송탄방면 지상1층 승강장 엘리베이터
01,수도권,KR,1,1호선,0540,진위,1,출입구-승강장,3,6,6) 송탄방면 승강장
01,수도권,KR,1,1호선,0540,진위,1,출입구-승강장,4,1,1) 2번 출입구 지상1층 엘리베이터
01,수도권,KR,1,1호선,0540,진위,1,출입구-승강장,4,2,2) 2번 출입구 지상2층 엘리베이터
01,수도권,KR,1,1호선,0540,진위,1,출입구-승강장,4,3,3) 개집표기 통과
01,수도권,KR,1,1호선,0540,진위,1,출입구-승강장,4,4,4) 송탄방면 지상2층 엘리베이터
01,수도권,KR,1,1호선,0540,진위,1,출입구-승강장,4,5,5) 송탄방면 지상1층 승강장 엘리베이터
01,수도권,KR,1,1호선,0540,진위,1,출입구-승강장,4,6,6) 송탄방면 승강장
01,수도권,KR,1,1호선,0331,송탄,1,출입구-승강장,1,1,1) 2번/3번 출입구 사이 지상 1층 엘리베이터
01,수도권,KR,1,1호선,0331,송탄,1,출입구-승강장,1,2,2) 2번/3번 출입구 사이 지상 2층 엘리베이터
01,수도권,KR,1,1호선,0331,송탄,1,출입구-승강장,1,3,3) 개집표기 통과
01,수도권,KR,1,1호선,0331,송탄,1,출입구-승강장,1,4,4) 진위 방면 지상 2층 엘리베이터 탑승
01,수도권,KR,1,1호선,0331,송탄,1,출입구-승강장,1,5,5) 진위 방면 지상 1층 승강장으로 이동
01,수도권,KR,1,1호선,0331,송탄,1,출입구-승강장,1,6,6) 승차(휠체어칸)
01,수도권,KR,1,1호선,0331,송탄,1,출입구-승강장,2,1,1) 6번 출입구 사이 지상 1층 엘리베이터
01,수도권,KR,1,1호선,0331,송탄,1,출입구-승강장,2,2,2) 6번 출입구 사이 지상 2층 엘리베이터
01,수도권,KR,1,1호선,0331,송탄,1,출입구-승강장,2,3,3) 개집표기 통과
01,수도권,KR,1,1호선,0331,송탄,1,출입구-승강장,2,4,4) 진위 방면 지상 2층 엘리베이터 탑승
01,수도권,KR,1,1호선,0331,송탄,1,출입구-승강장,2,5,5) 진위 방면 지상 1층 승강장으로 이동
01,수도권,KR,1,1호선,0331,송탄,1,출입구-승강장,2,6,6) 승차(휠체어칸)
01,수도권,KR,1,1호선,0331,송탄,1,출입구-승강장,3,1,1) 2번/3번 출입구 사이 지상 1층 엘리베이터
01,수도권,KR,1,1호선,0331,송탄,1,출입구-승강장,3,2,2) 2번/3번 출입구 사이 지상 2층 엘리베이터
01,수도권,KR,1,1호선,0331,송탄,1,출입구-승강장,3,3,3) 개집표기 통과
01,수도권,KR,1,1호선,0331,송탄,1,출입구-승강장,3,4,4) 서정리 방면 지상 2층 엘리베이터 탑승
01,수도권,KR,1,1호선,0331,송탄,1,출입구-승강장,3,5,5) 서정리 방면 지상 1층 승강장으로 이동
01,수도권,KR,1,1호선,0331,송탄,1,출입구-승강장,3,6,6) 승차(휠체어칸)
01,수도권,KR,1,1호선,0331,송탄,1,출입구-승강장,4,1,1) 6번 출입구 사이 지상 1층 엘리베이터
01,수도권,KR,1,1호선,0331,송탄,1,출입구-승강장,4,2,2) 6번 출입구 사이 지상 2층 엘리베이터
01,수도권,KR,1,1호선,0331,송탄,1,출입구-승강장,4,3,3) 개집표기 통과
01,수도권,KR,1,1호선,0331,송탄,1,출입구-승강장,4,4,4) 서정리 방면 지상 2층 엘리베이터 탑승
01,수도권,KR,1,1호선,0331,송탄,1,출입구-승강장,4,5,5) 서정리 방면 지상 1층 승강장으로 이동
01,수도권,KR,1,1호선,0331,송탄,1,출입구-승강장,4,6,6) 승차(휠체어칸)
01,수도권,KR,1,1호선,0297,서정리,1,출입구-승강장,1,1,1) 1번 출입구 지상1층 엘리베이터
01,수도권,KR,1,1호선,0297,서정리,1,출입구-승강장,1,2,2) 1번 출입구 지상2층 엘리베이터
01,수도권,KR,1,1호선,0297,서정리,1,출입구-승강장,1,3,3) 송탄방면 지상2층 엘리베이터
01,수도권,KR,1,1호선,0297,서정리,1,출입구-승강장,1,4,4) 송탄방면 지상1층 승강장 엘리베이터
01,수도권,KR,1,1호선,0297,서정리,1,출입구-승강장,1,5,5) 송탄방면 승강장
01,수도권,KR,1,1호선,0297,서정리,1,출입구-승강장,2,1,1) 2번/3번 출입구 사이 지상1층 엘리베이터
01,수도권,KR,1,1호선,0297,서정리,1,출입구-승강장,2,2,2) 2번/3번 출입구 사이 지상2층 엘리베이터
01,수도권,KR,1,1호선,0297,서정리,1,출입구-승강장,2,3,3) 송탄방면 지상2층 엘리베이터
01,수도권,KR,1,1호선,0297,서정리,1,출입구-승강장,2,4,4) 송탄방면 지상1층 승강장 엘리베이터
01,수도권,KR,1,1호선,0297,서정리,1,출입구-승강장,2,5,5) 송탄방면 승강장
01,수도권,KR,1,1호선,0297,서정리,1,출입구-승강장,3,1,1) 1번 출입구 지상1층 엘리베이터
01,수도권,KR,1,1호선,0297,서정리,1,출입구-승강장,3,2,2) 1번 출입구 지상2층 엘리베이터
01,수도권,KR,1,1호선,0297,서정리,1,출입구-승강장,3,3,3) 지제방면 지상2층 엘리베이터
01,수도권,KR,1,1호선,0297,서정리,1,출입구-승강장,3,4,4) 지제방면 지상1층 승강장 엘리베이터
01,수도권,KR,1,1호선,0297,서정리,1,출입구-승강장,3,5,5) 지제방면 승강장
01,수도권,KR,1,1호선,0297,서정리,1,출입구-승강장,4,1,1) 2번/3번 출입구 사이 지상1층 엘리베이터
01,수도권,KR,1,1호선,0297,서정리,1,출입구-승강장,4,2,2) 2번/3번 출입구 사이 지상2층 엘리베이터
01,수도권,KR,1,1호선,0297,서정리,1,출입구-승강장,4,3,3) 지제방면 지상2층 엘리베이터
01,수도권,KR,1,1호선,0297,서정리,1,출입구-승강장,4,4,4) 지제방면 지상1층 승강장 엘리베이터
01,수도권,KR,1,1호선,0297,서정리,1,출입구-승강장,4,5,5) 지제방면 승강장
01,수도권,KR,1,1호선,0535,평택지제,1,출입구-승강장,1,1,1) 1번 출입구 지상 1층 엘리베이터
01,수도권,KR,1,1호선,0535,평택지제,1,출입구-승강장,1,2,2) 1번 출입구 지상2층 엘리베이터
01,수도권,KR,1,1호선,0535,평택지제,1,출입구-승강장,1,3,3) 개집표기 통과
01,수도권,KR,1,1호선,0535,평택지제,1,출입구-승강장,1,4,4) 평택방면 지상2층 엘리베이터
01,수도권,KR,1,1호선,0535,평택지제,1,출입구-승강장,1,5,5) 평택방면 지상1층 승강장 엘리베이터
01,수도권,KR,1,1호선,0535,평택지제,1,출입구-승강장,1,6,6) 평택방면 승강장
01,수도권,KR,1,1호선,0535,평택지제,1,출입구-승강장,2,1,1) 2번 출입구 지상1층 엘리베이터
01,수도권,KR,1,1호선,0535,평택지제,1,출입구-승강장,2,2,2) 2번 출입구 지상2층 엘리베이터
01,수도권,KR,1,1호선,0535,평택지제,1,출입구-승강장,2,3,3) 개집표기 통과
01,수도권,KR,1,1호선,0535,평택지제,1,출입구-승강장,2,4,4) 평택방면 지상2층 엘리베이터
01,수도권,KR,1,1호선,0535,평택지제,1,출입구-승강장,2,5,5) 평택방면 지상1층 승강장 엘리베이터
01,수도권,KR,1,1호선,0535,평택지제,1,출입구-승강장,2,6,6) 평택방면 승강장
01,수도권,KR,1,1호선,0535,평택지제,1,출입구-승강장,3,1,1) 1번 출입구 지상1층 엘리베이터
01,수도권,KR,1,1호선,0535,평택지제,1,출입구-승강장,3,2,2) 1번 출입구 지상2층 엘리베이터
01,수도권,KR,1,1호선,0535,평택지제,1,출입구-승강장,3,3,3) 개집표기 통과
01,수도권,KR,1,1호선,0535,평택지제,1,출입구-승강장,3,4,4) 서정리방면 지상2층 엘리베이터
01,수도권,KR,1,1호선,0535,평택지제,1,출입구-승강장,3,5,5) 서정리방면 지상1층 승강장 엘리베이터
01,수도권,KR,1,1호선,0535,평택지제,1,출입구-승강장,3,6,6) 서정리방면 승강장
01,수도권,KR,1,1호선,0535,평택지제,1,출입구-승강장,4,1,1) 2번 출입구 지상1층 엘리베이터
01,수도권,KR,1,1호선,0535,평택지제,1,출입구-승강장,4,2,2) 2번 출입구 지상2층 엘리베이터
01,수도권,KR,1,1호선,0535,평택지제,1,출입구-승강장,4,3,3) 개집표기 통과
01,수도권,KR,1,1호선,0535,평택지제,1,출입구-승강장,4,4,4) 서정리방면 지상2층 엘리베이터
01,수도권,KR,1,1호선,0535,평택지제,1,출입구-승강장,4,5,5) 서정리방면 지상1층 승강장 엘리베이터
01,수도권,KR,1,1호선,0535,평택지제,1,출입구-승강장,4,6,6) 서정리방면 승강장
01,수도권,KR,1,1호선,0579,평택,1,출입구-승강장,1,1,1) 1번 출입구 지상2층 엘리베이터
01,수도권,KR,1,1호선,0579,평택,1,출입구-승강장,1,2,2) 개집표기 통과
01,수도권,KR,1,1호선,0579,평택,1,출입구-승강장,1,3,3) 성환방면 지상2층 엘리베이터
01,수도권,KR,1,1호선,0579,평택,1,출입구-승강장,1,4,4) 성황방면 지상1층 승강장 엘리베이터
01,수도권,KR,1,1호선,0579,평택,1,출입구-승강장,1,5,5) 성황방면 승강장
01,수도권,KR,1,1호선,0579,평택,1,출입구-승강장,2,1,1) 2번 출입구 지상1층 엘리베이터
01,수도권,KR,1,1호선,0579,평택,1,출입구-승강장,2,2,2) 2번 출입구 지상2층 엘리베이터
01,수도권,KR,1,1호선,0579,평택,1,출입구-승강장,2,3,3) 개집표기 통과
01,수도권,KR,1,1호선,0579,평택,1,출입구-승강장,2,4,4) 성황방면 지상2층 엘리베이터
01,수도권,KR,1,1호선,0579,평택,1,출입구-승강장,2,5,5) 성황방면 지상1층 승강장 엘리베이터
01,수도권,KR,1,1호선,0579,평택,1,출입구-승강장,2,6,6) 성황방면 승강장
01,수도권,KR,1,1호선,0579,평택,1,출입구-승강장,3,1,1) 1번 출입구 지상2층 엘리베이터
01,수도권,KR,1,1호선,0579,평택,1,출입구-승강장,3,2,2) 개집표기 통과
01,수도권,KR,1,1호선,0579,평택,1,출입구-승강장,3,3,3) 지제방면 지상2층 엘리베이터
01,수도권,KR,1,1호선,0579,평택,1,출입구-승강장,3,4,4) 지제방면 지상1층 승강장 엘리베이터
01,수도권,KR,1,1호선,0579,평택,1,출입구-승강장,3,5,5) 지제방면 승강장
01,수도권,KR,1,1호선,0579,평택,1,출입구-승강장,4,1,1) 2번 출입구 지상1층 엘리베이터
01,수도권,KR,1,1호선,0579,평택,1,출입구-승강장,4,2,2) 2번 출입구 지상2층 엘리베이터
01,수도권,KR,1,1호선,0579,평택,1,출입구-승강장,4,3,3) 개집표기 통과
01,수도권,KR,1,1호선,0579,평택,1,출입구-승강장,4,4,4) 지제방면 지상2층 엘리베이터
01,수도권,KR,1,1호선,0579,평택,1,출입구-승강장,4,5,5) 지제방면 지상1층 승강장 엘리베이터
01,수도권,KR,1,1호선,0579,평택,1,출입구-승강장,4,6,6) 지제방면 승강장
01,수도권,KR,1,1호선,0317,성환,1,출입구-승강장,1,1,1) 1번 출입구 지상1층 엘리베이터
01,수도권,KR,1,1호선,0317,성환,1,출입구-승강장,1,2,2) 1번 출입구 지상2층 엘리베이터
01,수도권,KR,1,1호선,0317,성환,1,출입구-승강장,1,3,3) 개집표기 통과
01,수도권,KR,1,1호선,0317,성환,1,출입구-승강장,1,4,4) 평택방면 지상2층 엘리베이터
01,수도권,KR,1,1호선,0317,성환,1,출입구-승강장,1,5,5) 평택방면 지상1층 승강장 엘리베이터
01,수도권,KR,1,1호선,0317,성환,1,출입구-승강장,1,6,6) 평택방면 승강장
01,수도권,KR,1,1호선,0317,성환,1,출입구-승강장,2,1,1) 2번 출입구 지상1층 엘리베이터
01,수도권,KR,1,1호선,0317,성환,1,출입구-승강장,2,2,2) 2번 출입구 지상2층 엘리베이터
01,수도권,KR,1,1호선,0317,성환,1,출입구-승강장,2,3,3) 개집표기 통과
01,수도권,KR,1,1호선,0317,성환,1,출입구-승강장,2,4,4) 평택방면 지상2층 엘리베이터
01,수도권,KR,1,1호선,0317,성환,1,출입구-승강장,2,5,5) 평택방면 지상1층 승강장 엘리베이터
01,수도권,KR,1,1호선,0317,성환,1,출입구-승강장,2,6,6) 평택방면 승강장
01,수도권,KR,1,1호선,0317,성환,1,출입구-승강장,3,1,1) 1번 출입구 지상1층 엘리베이터
01,수도권,KR,1,1호선,0317,성환,1,출입구-승강장,3,2,2) 1번 출입구 지상2층 엘리베이터
01,수도권,KR,1,1호선,0317,성환,1,출입구-승강장,3,3,3) 개집표기 통과
01,수도권,KR,1,1호선,0317,성환,1,출입구-승강장,3,4,4) 직산방면 지상2층 엘리베이터
01,수도권,KR,1,1호선,0317,성환,1,출입구-승강장,3,5,5) 직산방면 지상1층 승강장 엘리베이터
01,수도권,KR,1,1호선,0317,성환,1,출입구-승강장,3,6,6) 직산방면 승강장
01,수도권,KR,1,1호선,0317,성환,1,출입구-승강장,4,1,1) 2번 출입구 지상1층 엘리베이터
01,수도권,KR,1,1호선,0317,성환,1,출입구-승강장,4,2,2) 2번 출입구 지상2층 엘리베이터
01,수도권,KR,1,1호선,0317,성환,1,출입구-승강장,4,3,3) 개집표기 통과
01,수도권,KR,1,1호선,0317,성환,1,출입구-승강장,4,4,4) 직산방면 지상2층 엘리베이터
01,수도권,KR,1,1호선,0317,성환,1,출입구-승강장,4,5,5) 직산방면 지상1층 승강장 엘리베이터
01,수도권,KR,1,1호선,0317,성환,1,출입구-승강장,4,6,6) 직산방면 승강장
01,수도권,KR,1,1호선,0539,직산,1,출입구-승강장,1,1,1) 1번 출입구 지상1층 엘리베이터
01,수도권,KR,1,1호선,0539,직산,1,출입구-승강장,1,2,2) 1번 출입구 지상2층 엘리베이터
01,수도권,KR,1,1호선,0539,직산,1,출입구-승강장,1,3,3) 두정방면 지상2층 엘리베이터
01,수도권,KR,1,1호선,0539,직산,1,출입구-승강장,1,4,4) 두정방면 지상1층 승강장 엘리베이터
01,수도권,KR,1,1호선,0539,직산,1,출입구-승강장,1,5,5) 두정방면 승강장
01,수도권,KR,1,1호선,0539,직산,1,출입구-승강장,2,1,1) 2번 출입구 지상1층 엘리베이터
01,수도권,KR,1,1호선,0539,직산,1,출입구-승강장,2,2,2) 2번 출입구 지상2층 엘리베이터
01,수도권,KR,1,1호선,0539,직산,1,출입구-승강장,2,3,3) 두정방면 지상2층 엘리베이터
01,수도권,KR,1,1호선,0539,직산,1,출입구-승강장,2,4,4) 두정방면 지상1층 승강장 엘리베이터
01,수도권,KR,1,1호선,0539,직산,1,출입구-승강장,2,5,5) 두정방면 승강장
01,수도권,KR,1,1호선,0539,직산,1,출입구-승강장,3,1,1) 1번 출입구 엘리베이터
01,수도권,KR,1,1호선,0539,직산,1,출입구-승강장,3,2,2) 1번 출입구 지상2층 엘리베이터
01,수도권,KR,1,1호선,0539,직산,1,출입구-승강장,3,3,3) 성황방면 지상2층 엘리베이터
01,수도권,KR,1,1호선,0539,직산,1,출입구-승강장,3,4,4) 성환방면 지상1층 승강장 엘리베이터
01,수도권,KR,1,1호선,0539,직산,1,출입구-승강장,3,5,5) 성환방면 승강장
01,수도권,KR,1,1호선,0539,직산,1,출입구-승강장,4,1,1) 2번 출입구 지상1층 엘리베이터
01,수도권,KR,1,1호선,0539,직산,1,출입구-승강장,4,2,2) 2번 출입구 지상2층 엘리베이터
01,수도권,KR,1,1호선,0539,직산,1,출입구-승강장,4,3,3) 성환방면 지상2층 엘리베이터
01,수도권,KR,1,1호선,0539,직산,1,출입구-승강장,4,4,4) 성환방면 지상1층 승강장 엘리베이터
01,수도권,KR,1,1호선,0539,직산,1,출입구-승강장,4,5,5) 성환방면 승강장
01,수도권,KR,1,1호선,0170,두정,1,출입구-승강장,1,1,1) 1번 출입구 대합실 이동
01,수도권,KR,1,1호선,0170,두정,1,출입구-승강장,1,2,2) 개집표기 통과
01,수도권,KR,1,1호선,0170,두정,1,출입구-승강장,1,3,3) 직산 방면 엘리베이터 탑승
01,수도권,KR,1,1호선,0170,두정,1,출입구-승강장,1,4,4) 직산 방면 승강장으로 이동
01,수도권,KR,1,1호선,0170,두정,1,출입구-승강장,1,5,5) 승차(휠체어칸)
01,수도권,KR,1,1호선,0170,두정,1,출입구-승강장,2,1,1) 1번 출입구 대합실 이동
01,수도권,KR,1,1호선,0170,두정,1,출입구-승강장,2,2,2) 개집표기 통과
01,수도권,KR,1,1호선,0170,두정,1,출입구-승강장,2,3,3) 천안 방면 엘리베이터 탑승
01,수도권,KR,1,1호선,0170,두정,1,출입구-승강장,2,4,4) 천안 방면 승강장으로 이동
01,수도권,KR,1,1호선,0170,두정,1,출입구-승강장,2,5,5) 승차(휠체어칸)
01,수도권,KR,1,1호선,0170,두정,1,출입구-승강장,3,1,1) 2번 출입구 대합실 이동
01,수도권,KR,1,1호선,0170,두정,1,출입구-승강장,3,2,2) 개집표기 통과
01,수도권,KR,1,1호선,0170,두정,1,출입구-승강장,3,3,3) 직산 방면 엘리베이터 탑승
01,수도권,KR,1,1호선,0170,두정,1,출입구-승강장,3,4,4) 직산 방면 승강장으로 이동
01,수도권,KR,1,1호선,0170,두정,1,출입구-승강장,3,5,5) 승차(휠체어칸)
01,수도권,KR,1,1호선,0170,두정,1,출입구-승강장,4,1,1) 2번 출입구 대합실 이동
01,수도권,KR,1,1호선,0170,두정,1,출입구-승강장,4,2,2) 개집표기 통과
01,수도권,KR,1,1호선,0170,두정,1,출입구-승강장,4,3,3) 천안 방면 엘리베이터 탑승
01,수도권,KR,1,1호선,0170,두정,1,출입구-승강장,4,4,4) 천안 방면 승강장으로 이동
01,수도권,KR,1,1호선,0170,두정,1,출입구-승강장,4,5,5) 승차(휠체어칸)
01,수도권,KR,1,1호선,0544,천안,1,출입구-승강장,1,1,1) 1번 출입구 지상1층 엘리베이터
01,수도권,KR,1,1호선,0544,천안,1,출입구-승강장,1,2,2) 1번 출입구 지상2층 엘리베이터
01,수도권,KR,1,1호선,0544,천안,1,출입구-승강장,1,3,3) 봉명방면 지상2층 엘리베이터
01,수도권,KR,1,1호선,0544,천안,1,출입구-승강장,1,4,4) 봉명방면 지상1층 승강장 엘리베이터
01,수도권,KR,1,1호선,0544,천안,1,출입구-승강장,1,5,5) 봉명방면 승강장
01,수도권,KR,1,1호선,0544,천안,1,출입구-승강장,2,1,1) 2번 출입구 지상1층 엘리베이터
01,수도권,KR,1,1호선,0544,천안,1,출입구-승강장,2,2,2) 2번 출입구 지상2층 엘리베이터
01,수도권,KR,1,1호선,0544,천안,1,출입구-승강장,2,3,3) 봉명방면 지상2층 엘리베이터
01,수도권,KR,1,1호선,0544,천안,1,출입구-승강장,2,4,4) 봉명방면 지상1층 승강장 엘리베이터
01,수도권,KR,1,1호선,0544,천안,1,출입구-승강장,2,5,5) 봉명방면 승강장
01,수도권,KR,1,1호선,0544,천안,1,출입구-승강장,3,1,1) 1번 출입구 지상1층 엘리베이터
01,수도권,KR,1,1호선,0544,천안,1,출입구-승강장,3,2,2) 1번 출입구 지상2층 엘리베이터
01,수도권,KR,1,1호선,0544,천안,1,출입구-승강장,3,3,3) 봉명방면 지상2층 엘리베이터
01,수도권,KR,1,1호선,0544,천안,1,출입구-승강장,3,4,4) 봉명방면 지상1층 승강장 엘리베이터
01,수도권,KR,1,1호선,0544,천안,1,출입구-승강장,3,5,5) 두정방면 승강장
01,수도권,KR,1,1호선,0544,천안,1,출입구-승강장,4,1,1) 2번 출입구 지상1층 엘리베이터
01,수도권,KR,1,1호선,0544,천안,1,출입구-승강장,4,2,2) 2번 출입구 지상2층 엘리베이터
01,수도권,KR,1,1호선,0544,천안,1,출입구-승강장,4,3,3) 봉명방면 지상2층 엘리베이터
01,수도권,KR,1,1호선,0544,천안,1,출입구-승강장,4,4,4) 봉명방면 지상1층 승강장 엘리베이터
01,수도권,KR,1,1호선,0544,천안,1,출입구-승강장,4,5,5) 두정방면 승강장
01,수도권,KR,1,1호선,0240,봉명,1,출입구-승강장,1,1,1) 1번 출입구 지상1층 엘리베이터 탑승
01,수도권,KR,1,1호선,0240,봉명,1,출입구-승강장,1,2,2) 지상 2층 대합실 방면 이동
01,수도권,KR,1,1호선,0240,봉명,1,출입구-승강장,1,3,3) 표 내는곳 통과 
01,수도권,KR,1,1호선,0240,봉명,1,출입구-승강장,1,4,4) 지상 2층 천안 방면 엘리베이터 탑승 
01,수도권,KR,1,1호선,0240,봉명,1,출입구-승강장,1,5,5) 지상 1층 천안 방면 승강장으로 이동
01,수도권,KR,1,1호선,0240,봉명,1,출입구-승강장,1,6,6) 승차(휠체어칸)
01,수도권,KR,1,1호선,0240,봉명,1,출입구-승강장,2,1,1) 2번 출입구 근처 지상1층 엘리베이터 탑승
01,수도권,KR,1,1호선,0240,봉명,1,출입구-승강장,2,2,2) 지상 2층 대합실 방면 이동
01,수도권,KR,1,1호선,0240,봉명,1,출입구-승강장,2,3,3) 표 내는곳 통과 
01,수도권,KR,1,1호선,0240,봉명,1,출입구-승강장,2,4,4) 지상 2층 천안 방면 엘리베이터 탑승 
01,수도권,KR,1,1호선,0240,봉명,1,출입구-승강장,2,5,5) 지상 1층 천안 방면 승강장으로 이동
01,수도권,KR,1,1호선,0240,봉명,1,출입구-승강장,2,6,6) 승차(휠체어칸)
01,수도권,KR,1,1호선,0240,봉명,1,출입구-승강장,3,1,1) 1번 출입구 지상1층  엘리베이터 탑승
01,수도권,KR,1,1호선,0240,봉명,1,출입구-승강장,3,2,2) 대합실 이동 
01,수도권,KR,1,1호선,0240,봉명,1,출입구-승강장,3,3,3) 표 내는곳 통과 
01,수도권,KR,1,1호선,0240,봉명,1,출입구-승강장,3,4,4) 쌍용 방면 엘리베이터 탑승
01,수도권,KR,1,1호선,0240,봉명,1,출입구-승강장,3,5,5) 쌍용 방면 승강장으로 이동
01,수도권,KR,1,1호선,0240,봉명,1,출입구-승강장,3,6,6) 승차(휠체어칸)
01,수도권,KR,1,1호선,0240,봉명,1,출입구-승강장,4,1,1) 2번 출입구 지상1층  엘리베이터 탑승
01,수도권,KR,1,1호선,0240,봉명,1,출입구-승강장,4,2,2) 대합실 이동 
01,수도권,KR,1,1호선,0240,봉명,1,출입구-승강장,4,3,3) 표 내는곳 통과 
01,수도권,KR,1,1호선,0240,봉명,1,출입구-승강장,4,4,4) 쌍용 방면 엘리베이터 탑승
01,수도권,KR,1,1호선,0240,봉명,1,출입구-승강장,4,5,5) 쌍용 방면 승강장으로 이동
01,수도권,KR,1,1호선,0240,봉명,1,출입구-승강장,4,6,6) 승차(휠체어칸)
01,수도권,KR,1,1호선,0381,쌍용,1,출입구-승강장,1,1,1) 1번 출입구
01,수도권,KR,1,1호선,0381,쌍용,1,출입구-승강장,1,2,2) 개집표기 통과
01,수도권,KR,1,1호선,0381,쌍용,1,출입구-승강장,1,3,3) 봉명방면 지상1층 엘리베이터
01,수도권,KR,1,1호선,0381,쌍용,1,출입구-승강장,1,4,4) 봉명방면 지상2층 승강장 엘리베이터
01,수도권,KR,1,1호선,0381,쌍용,1,출입구-승강장,1,5,5) 봉명방면 승강장
01,수도권,KR,1,1호선,0381,쌍용,1,출입구-승강장,2,1,1) 2번 출입구
01,수도권,KR,1,1호선,0381,쌍용,1,출입구-승강장,2,2,2) 개집표기 통과
01,수도권,KR,1,1호선,0381,쌍용,1,출입구-승강장,2,3,3) 봉명방면 지상1층 엘리베이터
01,수도권,KR,1,1호선,0381,쌍용,1,출입구-승강장,2,4,4) 봉명방면 지상2층 승강장 엘리베이터
01,수도권,KR,1,1호선,0381,쌍용,1,출입구-승강장,2,5,5) 봉명방면 승강장
01,수도권,KR,1,1호선,0381,쌍용,1,출입구-승강장,3,1,1) 1번 출입구
01,수도권,KR,1,1호선,0381,쌍용,1,출입구-승강장,3,2,2) 개집표기 통과
01,수도권,KR,1,1호선,0381,쌍용,1,출입구-승강장,3,3,3) 아산방면 지상1층 엘리베이터
01,수도권,KR,1,1호선,0381,쌍용,1,출입구-승강장,3,4,4) 아산방면 지상2층 승강장 엘리베이터
01,수도권,KR,1,1호선,0381,쌍용,1,출입구-승강장,3,5,5) 아산방면 승강장
01,수도권,KR,1,1호선,0381,쌍용,1,출입구-승강장,4,1,1) 2번 출입구
01,수도권,KR,1,1호선,0381,쌍용,1,출입구-승강장,4,2,2) 개집표기 통과
01,수도권,KR,1,1호선,0381,쌍용,1,출입구-승강장,4,3,3) 아산방면 지상1층 엘리베이터
01,수도권,KR,1,1호선,0381,쌍용,1,출입구-승강장,4,4,4) 아산방면 지상2층 승강장 엘리베이터
01,수도권,KR,1,1호선,0381,쌍용,1,출입구-승강장,4,5,5) 아산방면 승강장
01,수도권,KR,1,1호선,0382,아산,1,출입구-승강장,1,1,1) 1번 출입구
01,수도권,KR,1,1호선,0382,아산,1,출입구-승강장,1,2,2) 개집표기 통과
01,수도권,KR,1,1호선,0382,아산,1,출입구-승강장,1,3,3) 탕정방면 지상1층 엘리베이터
01,수도권,KR,1,1호선,0382,아산,1,출입구-승강장,1,4,4) 탕정방면 지상2층 승강장 엘리베이터
01,수도권,KR,1,1호선,0382,아산,1,출입구-승강장,1,5,5) 탕정방면 승강장
01,수도권,KR,1,1호선,0382,아산,1,출입구-승강장,2,1,1) 2번 출입구
01,수도권,KR,1,1호선,0382,아산,1,출입구-승강장,2,2,2) 개집표기 통과
01,수도권,KR,1,1호선,0382,아산,1,출입구-승강장,2,3,3) 탕정방면 지상1층 엘리베이터
01,수도권,KR,1,1호선,0382,아산,1,출입구-승강장,2,4,4) 탕정방면 지상2층 승강장 엘리베이터
01,수도권,KR,1,1호선,0382,아산,1,출입구-승강장,2,5,5) 탕정방면 승강장
01,수도권,KR,1,1호선,0382,아산,1,출입구-승강장,3,1,1) 1번 출입구
01,수도권,KR,1,1호선,0382,아산,1,출입구-승강장,3,2,2) 개집표기 통과
01,수도권,KR,1,1호선,0382,아산,1,출입구-승강장,3,3,3) 쌍용방면 지상1층 엘리베이터
01,수도권,KR,1,1호선,0382,아산,1,출입구-승강장,3,4,4) 쌍용방면 지상2층 승강장 엘리베이터
01,수도권,KR,1,1호선,0382,아산,1,출입구-승강장,3,5,5) 쌍용방면 승강장
01,수도권,KR,1,1호선,0382,아산,1,출입구-승강장,4,1,1) 2번 출입구
01,수도권,KR,1,1호선,0382,아산,1,출입구-승강장,4,2,2) 개집표기 통과
01,수도권,KR,1,1호선,0382,아산,1,출입구-승강장,4,3,3) 쌍용방면 지상1층 엘리베이터
01,수도권,KR,1,1호선,0382,아산,1,출입구-승강장,4,4,4) 쌍용방면 지상2층 승강장 엘리베이터
01,수도권,KR,1,1호선,0382,아산,1,출입구-승강장,4,5,5) 쌍용방면 승강장
01,수도권,KR,1,1호선,1356,탕정,1,출입구-승강장,1,1,1) (1F) 1번 출입구 대합실로 이동
01,수도권,KR,1,1호선,1356,탕정,1,출입구-승강장,1,2,2) 표 내는 곳 통과
01,수도권,KR,1,1호선,1356,탕정,1,출입구-승강장,1,3,3) 아산 방면 엘리베이터 탑승
01,수도권,KR,1,1호선,1356,탕정,1,출입구-승강장,1,4,4) (2F) 아산 방면 승강장으로 이동
01,수도권,KR,1,1호선,1356,탕정,1,출입구-승강장,1,5,5) 승차 (휠체어칸)
01,수도권,KR,1,1호선,1356,탕정,1,출입구-승강장,2,1,1) (1F) 1번 출입구 대합실로 이동
01,수도권,KR,1,1호선,1356,탕정,1,출입구-승강장,2,2,2) 표 내는 곳 통과
01,수도권,KR,1,1호선,1356,탕정,1,출입구-승강장,2,3,3) 배방 방면 엘리베이터 탑승
01,수도권,KR,1,1호선,1356,탕정,1,출입구-승강장,2,4,4) (2F) 배방 방면 승강장으로 이동
01,수도권,KR,1,1호선,1356,탕정,1,출입구-승강장,2,5,5) 승차 (휠체어칸)
01,수도권,KR,1,1호선,1356,탕정,1,출입구-승강장,3,1,1) (1F) 2번 출입구 대합실로 이동
01,수도권,KR,1,1호선,1356,탕정,1,출입구-승강장,3,2,2) 표 내는 곳 통과
01,수도권,KR,1,1호선,1356,탕정,1,출입구-승강장,3,3,3) 아산 방면 엘리베이터 탑승
01,수도권,KR,1,1호선,1356,탕정,1,출입구-승강장,3,4,4) (2F) 아산 방면 승강장으로 이동
01,수도권,KR,1,1호선,1356,탕정,1,출입구-승강장,3,5,5) 승차 (휠체어칸)
01,수도권,KR,1,1호선,1356,탕정,1,출입구-승강장,4,1,1) (1F) 2번 출입구 대합실로 이동
01,수도권,KR,1,1호선,1356,탕정,1,출입구-승강장,4,2,2) 표 내는 곳 통과
01,수도권,KR,1,1호선,1356,탕정,1,출입구-승강장,4,3,3) 배방 방면 엘리베이터 탑승
01,수도권,KR,1,1호선,1356,탕정,1,출입구-승강장,4,4,4) (2F) 배방 방면 승강장으로 이동
01,수도권,KR,1,1호선,1356,탕정,1,출입구-승강장,4,5,5) 승차 (휠체어칸)
01,수도권,KR,1,1호선,0222,배방,1,출입구-승강장,1,1,1) 1번 출입구
01,수도권,KR,1,1호선,0222,배방,1,출입구-승강장,1,2,2) 개집표기 통과
01,수도권,KR,1,1호선,0222,배방,1,출입구-승강장,1,3,3) 탕정방면 지상1층 엘리베이터
01,수도권,KR,1,1호선,0222,배방,1,출입구-승강장,1,4,4) 탕정방면 지상2층 승강장 엘리베이터
01,수도권,KR,1,1호선,0222,배방,1,출입구-승강장,1,5,5) 탕정방면 승강장
01,수도권,KR,1,1호선,0222,배방,1,출입구-승강장,2,1,1) 2번 출입구
01,수도권,KR,1,1호선,0222,배방,1,출입구-승강장,2,2,2) 개집표기 통과
01,수도권,KR,1,1호선,0222,배방,1,출입구-승강장,2,3,3) 탕정방면 지상1층 엘리베이터
01,수도권,KR,1,1호선,0222,배방,1,출입구-승강장,2,4,4) 탕정방면 지상2층 승강장 엘리베이터
01,수도권,KR,1,1호선,0222,배방,1,출입구-승강장,2,5,5) 탕정방면 승강장
01,수도권,KR,1,1호선,0222,배방,1,출입구-승강장,3,1,1) 1번 출입구
01,수도권,KR,1,1호선,0222,배방,1,출입구-승강장,3,2,2) 개집표기 통과
01,수도권,KR,1,1호선,0222,배방,1,출입구-승강장,3,3,3) 온양온천방면 지상1층 엘리베이터
01,수도권,KR,1,1호선,0222,배방,1,출입구-승강장,3,4,4) 온양온천방면 지상2층 승강장 엘리베이터
01,수도권,KR,1,1호선,0222,배방,1,출입구-승강장,3,5,5) 온양온천방면 승강장
01,수도권,KR,1,1호선,0222,배방,1,출입구-승강장,4,1,1) 2번 출입구
01,수도권,KR,1,1호선,0222,배방,1,출입구-승강장,4,2,2) 개집표기 통과
01,수도권,KR,1,1호선,0222,배방,1,출입구-승강장,4,3,3) 온양온천방면 지상1층 엘리베이터
01,수도권,KR,1,1호선,0222,배방,1,출입구-승강장,4,4,4) 온양온천방면 지상2층 승강장 엘리베이터
01,수도권,KR,1,1호선,0222,배방,1,출입구-승강장,4,5,5) 온양온천방면 승강장
01,수도권,KR,1,1호선,0437,온양온천,1,출입구-승강장,1,1,1) 1번 출입구 지상1층 엘리베이터
01,수도권,KR,1,1호선,0437,온양온천,1,출입구-승강장,1,2,2) 1번 출입구 지상2층 엘리베이터
01,수도권,KR,1,1호선,0437,온양온천,1,출입구-승강장,1,3,3) 개집표기 통과
01,수도권,KR,1,1호선,0437,온양온천,1,출입구-승강장,1,4,4) 배방방면 지상2층 엘리베이터
01,수도권,KR,1,1호선,0437,온양온천,1,출입구-승강장,1,5,5) 배방방면 지상3층 승강장 엘리베이터
01,수도권,KR,1,1호선,0437,온양온천,1,출입구-승강장,1,6,6) 배방방면 승강장
01,수도권,KR,1,1호선,0437,온양온천,1,출입구-승강장,2,1,1) 1번 출입구 지상1층 엘리베이터
01,수도권,KR,1,1호선,0437,온양온천,1,출입구-승강장,2,2,2) 1번 출입구 지상2층 엘리베이터
01,수도권,KR,1,1호선,0437,온양온천,1,출입구-승강장,2,3,3) 개집표기 통과
01,수도권,KR,1,1호선,0437,온양온천,1,출입구-승강장,2,4,4) 신창방면 지상2층 엘리베이터
01,수도권,KR,1,1호선,0437,온양온천,1,출입구-승강장,2,5,5) 신창방면 지상3층 승강장 엘리베이터
01,수도권,KR,1,1호선,0437,온양온천,1,출입구-승강장,2,6,6) 신창방면 승강장
01,수도권,KR,1,1호선,0375,신창,1,출입구-승강장,1,1,1) 1번 출입구
01,수도권,KR,1,1호선,0375,신창,1,출입구-승강장,1,2,2) 개집표기 통과
01,수도권,KR,1,1호선,0375,신창,1,출입구-승강장,1,3,3) 지상1층 엘리베이터
01,수도권,KR,1,1호선,0375,신창,1,출입구-승강장,1,4,4) 지하1층 엘리베이터
01,수도권,KR,1,1호선,0375,신창,1,출입구-승강장,1,5,5) 온양온천방면 지하1층 엘리베이터
01,수도권,KR,1,1호선,0375,신창,1,출입구-승강장,1,6,6) 온양온천방면 지상1층 승강장 엘리베이터
01,수도권,KR,1,1호선,0375,신창,1,출입구-승강장,1,7,7) 온양온천방면 승강장
01,수도권,KR,1,1호선,0375,신창,1,출입구-승강장,2,1,1) 2번 출입구
01,수도권,KR,1,1호선,0375,신창,1,출입구-승강장,2,2,2) 개집표기 통과
01,수도권,KR,1,1호선,0375,신창,1,출입구-승강장,2,3,3) 지상1층 엘리베이터
01,수도권,KR,1,1호선,0375,신창,1,출입구-승강장,2,4,4) 지하1층 엘리베이터
01,수도권,KR,1,1호선,0375,신창,1,출입구-승강장,2,5,5) 온양온천방면 지하1층 엘리베이터
01,수도권,KR,1,1호선,0375,신창,1,출입구-승강장,2,6,6) 온양온천방면 지상1층 승강장 엘리베이터
01,수도권,KR,1,1호선,0375,신창,1,출입구-승강장,2,7,7) 온양온천방면 승강장
01,수도권,S1,2,2호선,0347,시청,1,출입구-승강장,1,1,1) 9번 출입구 근처 엘리베이터로 이동
01,수도권,S1,2,2호선,0347,시청,1,출입구-승강장,1,2,2) 지하 1층으로이동
01,수도권,S1,2,2호선,0347,시청,1,출입구-승강장,1,3,3) 11번 출입구 근처 개집표기 통과
01,수도권,S1,2,2호선,0347,시청,1,출입구-승강장,1,4,4) 엘리베이터 이용
01,수도권,S1,2,2호선,0347,시청,1,출입구-승강장,1,5,5) 지하 3층 승강장으로 이동
01,수도권,S1,2,2호선,0347,시청,1,출입구-승강장,2,1,1) 9번 출입구 근처 엘리베이터로 이동
01,수도권,S1,2,2호선,0347,시청,1,출입구-승강장,2,2,2) 지하 1층으로이동
01,수도권,S1,2,2호선,0347,시청,1,출입구-승강장,2,3,3) 11번 출입구 근처 개집표기 통과
01,수도권,S1,2,2호선,0347,시청,1,출입구-승강장,2,4,4) 엘리베이터 이용
01,수도권,S1,2,2호선,0347,시청,1,출입구-승강장,2,5,5) 지하 3층 승강장으로 이동
01,수도권,S1,2,2호선,0347,시청,3,환승,1,1,1) 을지로입구 방면 승강장
01,수도권,S1,2,2호선,0347,시청,3,환승,1,2,2) 엘리베이터 이용
01,수도권,S1,2,2호선,0347,시청,3,환승,1,3,3) 지하 2층으로 이동
01,수도권,S1,2,2호선,0347,시청,3,환승,1,4,4) 환승통로 이동
01,수도권,S1,2,2호선,0347,시청,3,환승,1,5,5) 엘리베이터 이용
01,수도권,S1,2,2호선,0347,시청,3,환승,1,6,6) 지하 1층으로 이동
01,수도권,S1,2,2호선,0347,시청,3,환승,1,7,7) 개집표기 통과 후 엘리베이터 이용
01,수도권,S1,2,2호선,0347,시청,3,환승,1,8,8) 지하 2층으로 이동
01,수도권,S1,2,2호선,0347,시청,3,환승,1,9,9) 서울역 방면 승강장으로 이동
01,수도권,S1,2,2호선,0347,시청,3,환승,2,1,1) 을지로입구 방면 승강장
01,수도권,S1,2,2호선,0347,시청,3,환승,2,2,2) 엘리베이터 이용
01,수도권,S1,2,2호선,0347,시청,3,환승,2,3,3) 지하 2층으로 이동
01,수도권,S1,2,2호선,0347,시청,3,환승,2,4,4) 환승통로 이동
01,수도권,S1,2,2호선,0347,시청,3,환승,2,5,5) 종각 방면 승강장으로 이동
01,수도권,S1,2,2호선,0347,시청,3,환승,3,1,1) 충정로 방면 승강장
01,수도권,S1,2,2호선,0347,시청,3,환승,3,2,2) 엘리베이터 이용
01,수도권,S1,2,2호선,0347,시청,3,환승,3,3,3) 지하 2층으로 이동
01,수도권,S1,2,2호선,0347,시청,3,환승,3,4,4) 환승통로 이동
01,수도권,S1,2,2호선,0347,시청,3,환승,3,5,5) 엘리베이터 이용
01,수도권,S1,2,2호선,0347,시청,3,환승,3,6,6) 지하 1층으로 이동
01,수도권,S1,2,2호선,0347,시청,3,환승,3,7,7) 개집표기 통과 후 엘리베이터 이용
01,수도권,S1,2,2호선,0347,시청,3,환승,3,8,8) 지하 2층으로 이동
01,수도권,S1,2,2호선,0347,시청,3,환승,3,9,9) 서울역 방면 승강장으로 이동
01,수도권,S1,2,2호선,0347,시청,3,환승,4,1,1) 충정로 방면 승강장
01,수도권,S1,2,2호선,0347,시청,3,환승,4,2,2) 엘리베이터 이용
01,수도권,S1,2,2호선,0347,시청,3,환승,4,3,3) 지하 2층으로 이동
01,수도권,S1,2,2호선,0347,시청,3,환승,4,4,4) 환승통로 이동
01,수도권,S1,2,2호선,0347,시청,3,환승,4,5,5) 종각 방면 승강장으로 이동
01,수도권,S1,2,2호선,0564,충정로,1,출입구-승강장,1,1,1) (1F) 5번 출입구 옆 엘리베이터 탑승
01,수도권,S1,2,2호선,0564,충정로,1,출입구-승강장,1,2,2) (B2) 대합실로 이동
01,수도권,S1,2,2호선,0564,충정로,1,출입구-승강장,1,3,3) 표 내는 곳 통과
01,수도권,S1,2,2호선,0564,충정로,1,출입구-승강장,1,4,4) 승강장 방향 엘리베이터 탑승
01,수도권,S1,2,2호선,0564,충정로,1,출입구-승강장,1,5,5) (B3) 아현 방면 승강장으로 이동
01,수도권,S1,2,2호선,0564,충정로,1,출입구-승강장,1,6,6) 승차 (휠체어칸)
01,수도권,S1,2,2호선,0564,충정로,1,출입구-승강장,2,1,1) (1F) 5번 출입구 옆 엘리베이터 탑승
01,수도권,S1,2,2호선,0564,충정로,1,출입구-승강장,2,2,2) (B2) 대합실로 이동
01,수도권,S1,2,2호선,0564,충정로,1,출입구-승강장,2,3,3) 표 내는 곳 통과
01,수도권,S1,2,2호선,0564,충정로,1,출입구-승강장,2,4,4) 승강장 방향 엘리베이터 탑승
01,수도권,S1,2,2호선,0564,충정로,1,출입구-승강장,2,5,5) (B3) 시청 방면 승강장으로 이동
01,수도권,S1,2,2호선,0564,충정로,1,출입구-승강장,2,6,6) 승차 (휠체어칸)
01,수도권,S1,2,2호선,0564,충정로,3,환승,1,1,1) (B3) 2호선 아현 방면 승강장 하차
01,수도권,S1,2,2호선,0564,충정로,3,환승,1,2,2) 대합실 방향 엘리베이터 탑승
01,수도권,S1,2,2호선,0564,충정로,3,환승,1,3,3) (B2) 대합실로 이동
01,수도권,S1,2,2호선,0564,충정로,3,환승,1,4,4) 5호선 환승통로로 이동
01,수도권,S1,2,2호선,0564,충정로,3,환승,1,5,5) (B2) 5호선 대합실 내 엘리베이터 탑승
01,수도권,S1,2,2호선,0564,충정로,3,환승,1,6,6) (B5) 5호선 애오개 방면 승강장으로 이동
01,수도권,S1,2,2호선,0564,충정로,3,환승,1,7,7) 승차 (휠체어칸)
01,수도권,S1,2,2호선,0564,충정로,3,환승,2,1,1) (B3) 2호선 아현 방면 승강장 하차
01,수도권,S1,2,2호선,0564,충정로,3,환승,2,2,2) 대합실 방향 엘리베이터 탑승
01,수도권,S1,2,2호선,0564,충정로,3,환승,2,3,3) (B2) 대합실로 이동
01,수도권,S1,2,2호선,0564,충정로,3,환승,2,4,4) 5호선 환승통로로 이동
01,수도권,S1,2,2호선,0564,충정로,3,환승,2,5,5) (B2) 5호선 대합실 내 엘리베이터 탑승
01,수도권,S1,2,2호선,0564,충정로,3,환승,2,6,6) (B5) 5호선 서대문 방면 승강장으로 이동
01,수도권,S1,2,2호선,0564,충정로,3,환승,2,7,7) 승차 (휠체어칸)
01,수도권,S1,2,2호선,0564,충정로,3,환승,3,1,1) (B3) 2호선 시청 방면 승강장 하차
01,수도권,S1,2,2호선,0564,충정로,3,환승,3,2,2) 대합실 방향 엘리베이터 탑승
01,수도권,S1,2,2호선,0564,충정로,3,환승,3,3,3) (B2) 대합실로 이동
01,수도권,S1,2,2호선,0564,충정로,3,환승,3,4,4) 5호선 환승통로로 이동
01,수도권,S1,2,2호선,0564,충정로,3,환승,3,5,5) (B2) 5호선 대합실 내 엘리베이터 탑승
01,수도권,S1,2,2호선,0564,충정로,3,환승,3,6,6) (B5) 5호선 애오개 방면 승강장으로 이동
01,수도권,S1,2,2호선,0564,충정로,3,환승,3,7,7) 승차 (휠체어칸)
01,수도권,S1,2,2호선,0564,충정로,3,환승,4,1,1) (B3) 2호선 시청 방면 승강장 하차
01,수도권,S1,2,2호선,0564,충정로,3,환승,4,2,2) 대합실 방향 엘리베이터 탑승
01,수도권,S1,2,2호선,0564,충정로,3,환승,4,3,3) (B2) 대합실로 이동
01,수도권,S1,2,2호선,0564,충정로,3,환승,4,4,4) 5호선 환승통로로 이동
01,수도권,S1,2,2호선,0564,충정로,3,환승,4,5,5) (B2) 5호선 대합실 내 엘리베이터 탑승
01,수도권,S1,2,2호선,0564,충정로,3,환승,4,6,6) (B5) 5호선 서대문 방면 승강장으로 이동
01,수도권,S1,2,2호선,0564,충정로,3,환승,4,7,7) 승차 (휠체어칸)
01,수도권,S1,2,2호선,0386,아현,1,출입구-승강장,1,1,1) (1F) 1번 출입구 옆 엘리베이터 탑승
01,수도권,S1,2,2호선,0386,아현,1,출입구-승강장,1,2,2) (B1) 대합실로 이동
01,수도권,S1,2,2호선,0386,아현,1,출입구-승강장,1,3,3) 표 내는 곳 통과
01,수도권,S1,2,2호선,0386,아현,1,출입구-승강장,1,4,4) 이대 방면 엘리베이터 탑승
01,수도권,S1,2,2호선,0386,아현,1,출입구-승강장,1,5,5) (B2) 이대 방면 승강장으로 이동
01,수도권,S1,2,2호선,0386,아현,1,출입구-승강장,1,6,6) 승차 (휠체어칸)
01,수도권,S1,2,2호선,0386,아현,1,출입구-승강장,2,1,1) (1F) 1번 출입구 옆 엘리베이터 탑승
01,수도권,S1,2,2호선,0386,아현,1,출입구-승강장,2,2,2) (B1) 대합실로 이동
01,수도권,S1,2,2호선,0386,아현,1,출입구-승강장,2,3,3) 표 내는 곳 통과
01,수도권,S1,2,2호선,0386,아현,1,출입구-승강장,2,4,4) 충정로 방면 엘리베이터 탑승
01,수도권,S1,2,2호선,0386,아현,1,출입구-승강장,2,5,5) (B2) 충정로 방면 승강장으로 이동
01,수도권,S1,2,2호선,0386,아현,1,출입구-승강장,2,6,6) 승차 (휠체어칸)
01,수도권,S1,2,2호선,0386,아현,1,출입구-승강장,3,1,1) (1F) 3번 출입구 옆 엘리베이터 탑승
01,수도권,S1,2,2호선,0386,아현,1,출입구-승강장,3,2,2) (B1) 경사로를 이용하여 대합실로 이동
01,수도권,S1,2,2호선,0386,아현,1,출입구-승강장,3,3,3) 표 내는 곳 통과
01,수도권,S1,2,2호선,0386,아현,1,출입구-승강장,3,4,4) 이대 방면 엘리베이터 탑승
01,수도권,S1,2,2호선,0386,아현,1,출입구-승강장,3,5,5) (B2) 이대 방면 승강장으로 이동
01,수도권,S1,2,2호선,0386,아현,1,출입구-승강장,3,6,6) 승차 (휠체어칸)
01,수도권,S1,2,2호선,0386,아현,1,출입구-승강장,4,1,1) (1F) 3번 출입구 옆 엘리베이터 탑승
01,수도권,S1,2,2호선,0386,아현,1,출입구-승강장,4,2,2) (B1) 경사로를 이용하여 대합실로 이동
01,수도권,S1,2,2호선,0386,아현,1,출입구-승강장,4,3,3) 표 내는 곳 통과
01,수도권,S1,2,2호선,0386,아현,1,출입구-승강장,4,4,4) 충정로 방면 엘리베이터 탑승
01,수도권,S1,2,2호선,0386,아현,1,출입구-승강장,4,5,5) (B2) 충정로 방면 승강장으로 이동
01,수도권,S1,2,2호선,0386,아현,1,출입구-승강장,4,6,6) 승차 (휠체어칸)
01,수도권,S1,2,2호선,0473,이대,1,출입구-승강장,1,1,1) (1F) 2번 출입구 옆 엘리베이터 탑승
01,수도권,S1,2,2호선,0473,이대,1,출입구-승강장,1,2,2) (B1) 대합실로 이동
01,수도권,S1,2,2호선,0473,이대,1,출입구-승강장,1,3,3) 엘리베이터 앞 표 내는 곳 통과
01,수도권,S1,2,2호선,0473,이대,1,출입구-승강장,1,4,4) 승강장 방향 엘리베이터 탑승
01,수도권,S1,2,2호선,0473,이대,1,출입구-승강장,1,5,5) (B2) 신촌 방면 승강장으로 이동
01,수도권,S1,2,2호선,0473,이대,1,출입구-승강장,1,6,6) 승차 (휠체어칸)
01,수도권,S1,2,2호선,0473,이대,1,출입구-승강장,2,1,1) (1F) 2번 출입구 옆 엘리베이터 탑승
01,수도권,S1,2,2호선,0473,이대,1,출입구-승강장,2,2,2) (B1) 대합실로 이동
01,수도권,S1,2,2호선,0473,이대,1,출입구-승강장,2,3,3) 엘리베이터 앞 표 내는 곳 통과
01,수도권,S1,2,2호선,0473,이대,1,출입구-승강장,2,4,4) 승강장 방향 엘리베이터 탑승
01,수도권,S1,2,2호선,0473,이대,1,출입구-승강장,2,5,5) (B2) 아현 방면 승강장으로 이동
01,수도권,S1,2,2호선,0473,이대,1,출입구-승강장,2,6,6) 승차 (휠체어칸)
01,수도권,S1,2,2호선,0473,이대,1,출입구-승강장,3,1,1) (1F) 6번 출입구 옆 엘리베이터 탑승
01,수도권,S1,2,2호선,0473,이대,1,출입구-승강장,3,2,2) (B1) 대합실로 이동
01,수도권,S1,2,2호선,0473,이대,1,출입구-승강장,3,3,3) 엘리베이터 앞 표 내는 곳 통과
01,수도권,S1,2,2호선,0473,이대,1,출입구-승강장,3,4,4) 승강장 방향 엘리베이터 탑승
01,수도권,S1,2,2호선,0473,이대,1,출입구-승강장,3,5,5) (B2) 신촌 방면 승강장으로 이동
01,수도권,S1,2,2호선,0473,이대,1,출입구-승강장,3,6,6) 승차 (휠체어칸)
01,수도권,S1,2,2호선,0473,이대,1,출입구-승강장,4,1,1) (1F) 6번 출입구 옆 엘리베이터 탑승
01,수도권,S1,2,2호선,0473,이대,1,출입구-승강장,4,2,2) (B1) 대합실로 이동
01,수도권,S1,2,2호선,0473,이대,1,출입구-승강장,4,3,3) 엘리베이터 앞 표 내는 곳 통과
01,수도권,S1,2,2호선,0473,이대,1,출입구-승강장,4,4,4) 승강장 방향 엘리베이터 탑승
01,수도권,S1,2,2호선,0473,이대,1,출입구-승강장,4,5,5) (B2) 아현 방면 승강장으로 이동
01,수도권,S1,2,2호선,0473,이대,1,출입구-승강장,4,6,6) 승차 (휠체어칸)
01,수도권,S1,2,2호선,0366,신촌,1,출입구-승강장,1,1,1) (1F) 4번 출입구 옆 엘리베이터 탑승
01,수도권,S1,2,2호선,0366,신촌,1,출입구-승강장,1,2,2) (B1) 대합실로 이동
01,수도권,S1,2,2호선,0366,신촌,1,출입구-승강장,1,3,3) 홍대입구 방면 엘리베이터 앞 표 내는 곳 통과
01,수도권,S1,2,2호선,0366,신촌,1,출입구-승강장,1,4,4) 홍대입구 방면 엘리베이터 탑승
01,수도권,S1,2,2호선,0366,신촌,1,출입구-승강장,1,5,5) (B2) 홍대입구 방면 승강장으로 이동
01,수도권,S1,2,2호선,0366,신촌,1,출입구-승강장,1,6,6) 승차 (휠체어칸)
01,수도권,S1,2,2호선,0366,신촌,1,출입구-승강장,2,1,1) (1F) 4번 출입구 근처 엘리베이터 탑승
01,수도권,S1,2,2호선,0366,신촌,1,출입구-승강장,2,2,2) (B1) 대합실로 이동
01,수도권,S1,2,2호선,0366,신촌,1,출입구-승강장,2,3,3) 이대 방면 엘리베이터 앞 표 내는 곳 통과
01,수도권,S1,2,2호선,0366,신촌,1,출입구-승강장,2,4,4) 이대 방면 엘리베이터 탑승
01,수도권,S1,2,2호선,0366,신촌,1,출입구-승강장,2,5,5) (B2) 이대 방면 승강장으로 이동
01,수도권,S1,2,2호선,0366,신촌,1,출입구-승강장,2,6,6) 승차 (휠체어칸)
01,수도권,S1,2,2호선,0366,신촌,1,출입구-승강장,3,1,1) (1F) 6번 출입구 옆 엘리베이터 탑승
01,수도권,S1,2,2호선,0366,신촌,1,출입구-승강장,3,2,2) (B1) 대합실로 이동
01,수도권,S1,2,2호선,0366,신촌,1,출입구-승강장,3,3,3) 홍대입구 방면 엘리베이터 앞 표 내는 곳 통과
01,수도권,S1,2,2호선,0366,신촌,1,출입구-승강장,3,4,4) 홍대입구 방면 엘리베이터 탑승
01,수도권,S1,2,2호선,0366,신촌,1,출입구-승강장,3,5,5) (B2) 홍대입구 방면 승강장으로 이동
01,수도권,S1,2,2호선,0366,신촌,1,출입구-승강장,3,6,6) 승차 (휠체어칸)
01,수도권,S1,2,2호선,0366,신촌,1,출입구-승강장,4,1,1) (1F) 6번 출입구 옆 엘리베이터 탑승
01,수도권,S1,2,2호선,0366,신촌,1,출입구-승강장,4,2,2) (B1) 대합실로 이동
01,수도권,S1,2,2호선,0366,신촌,1,출입구-승강장,4,3,3) 이대 방면 엘리베이터 앞 표 내는 곳 통과
01,수도권,S1,2,2호선,0366,신촌,1,출입구-승강장,4,4,4) 이대 방면 엘리베이터 탑승
01,수도권,S1,2,2호선,0366,신촌,1,출입구-승강장,4,5,5) (B2) 이대 방면 승강장으로 이동
01,수도권,S1,2,2호선,0366,신촌,1,출입구-승강장,4,6,6) 승차 (휠체어칸)
01,수도권,S1,2,2호선,0596,홍대입구,1,출입구-승강장,1,1,1) (1F) 8번 출입구 옆 엘리베이터 탑승
01,수도권,S1,2,2호선,0596,홍대입구,1,출입구-승강장,1,2,2) (B1) 대합실로 이동
01,수도권,S1,2,2호선,0596,홍대입구,1,출입구-승강장,1,3,3) 표 내는 곳 통과
01,수도권,S1,2,2호선,0596,홍대입구,1,출입구-승강장,1,4,4) 승강장 방향 엘리베이터 탑승
01,수도권,S1,2,2호선,0596,홍대입구,1,출입구-승강장,1,5,5) (B2) 합정 방면 승강장으로 이동
01,수도권,S1,2,2호선,0596,홍대입구,1,출입구-승강장,1,6,6) 승차 (휠체어칸)
01,수도권,S1,2,2호선,0596,홍대입구,1,출입구-승강장,2,1,1) (1F) 8번 출입구 옆 엘리베이터 탑승
01,수도권,S1,2,2호선,0596,홍대입구,1,출입구-승강장,2,2,2) (B1) 대합실로 이동
01,수도권,S1,2,2호선,0596,홍대입구,1,출입구-승강장,2,3,3) 표 내는 곳 통과
01,수도권,S1,2,2호선,0596,홍대입구,1,출입구-승강장,2,4,4) 승강장 방향 엘리베이터 탑승
01,수도권,S1,2,2호선,0596,홍대입구,1,출입구-승강장,2,5,5) (B2) 신촌 방면 승강장으로 이동
01,수도권,S1,2,2호선,0596,홍대입구,1,출입구-승강장,2,6,6) 승차 (휠체어칸)
01,수도권,S1,2,2호선,0596,홍대입구,3,환승,1,1,1) (B2) 2호선 합정 방면 승강장 하차
01,수도권,S1,2,2호선,0596,홍대입구,3,환승,1,2,2) 대합실 방향 엘리베이터 탑승
01,수도권,S1,2,2호선,0596,홍대입구,3,환승,1,3,3) (B1) 대합실로 이동
01,수도권,S1,2,2호선,0596,홍대입구,3,환승,1,4,"4) 경의중앙선, 공항철도 환승통로로 이동"
01,수도권,S1,2,2호선,0596,홍대입구,3,환승,1,5,5) 환승 엘리베이터 탑승
01,수도권,S1,2,2호선,0596,홍대입구,3,환승,1,6,"6) (B2) 경의중앙선, 공항철도 환승통로로 이동"
01,수도권,S1,2,2호선,0596,홍대입구,3,환승,1,7,7) 공항철도 대합실로 이동
01,수도권,S1,2,2호선,0596,홍대입구,3,환승,1,8,8) 경의중앙선 가좌 방면 엘리베이터 탑승
01,수도권,S1,2,2호선,0596,홍대입구,3,환승,1,9,9) (B1) 경의중앙선 가좌 방면 승강장으로 이동
01,수도권,S1,2,2호선,0596,홍대입구,3,환승,1,10,10) 승차 (휠체어칸)
01,수도권,S1,2,2호선,0596,홍대입구,3,환승,2,1,1) (B2) 2호선 합정 방면 승강장 하차
01,수도권,S1,2,2호선,0596,홍대입구,3,환승,2,2,2) 대합실 방향 엘리베이터 탑승
01,수도권,S1,2,2호선,0596,홍대입구,3,환승,2,3,3) (B1) 대합실로 이동
01,수도권,S1,2,2호선,0596,홍대입구,3,환승,2,4,"4) 경의중앙선, 공항철도 환승통로로 이동"
01,수도권,S1,2,2호선,0596,홍대입구,3,환승,2,5,5) 환승 엘리베이터 탑승
01,수도권,S1,2,2호선,0596,홍대입구,3,환승,2,6,"6) (B2) 경의중앙선, 공항철도 환승통로로 이동"
01,수도권,S1,2,2호선,0596,홍대입구,3,환승,2,7,7) 공항철도 대합실로 이동
01,수도권,S1,2,2호선,0596,홍대입구,3,환승,2,8,8) 경의중앙선 서강대 방면 엘리베이터 탑승
01,수도권,S1,2,2호선,0596,홍대입구,3,환승,2,9,9) (B1) 경의중앙선 서강대 방면 승강장으로 이동
01,수도권,S1,2,2호선,0596,홍대입구,3,환승,2,10,10) 승차 (휠체어칸)
01,수도권,S1,2,2호선,0596,홍대입구,3,환승,3,1,1) (B2) 2호선 신촌 방면 승강장 하차
01,수도권,S1,2,2호선,0596,홍대입구,3,환승,3,2,2) 대합실 방향 엘리베이터 탑승
01,수도권,S1,2,2호선,0596,홍대입구,3,환승,3,3,3) (B1) 대합실로 이동
01,수도권,S1,2,2호선,0596,홍대입구,3,환승,3,4,"4) 경의중앙선, 공항철도 환승통로로 이동"
01,수도권,S1,2,2호선,0596,홍대입구,3,환승,3,5,5) 환승 엘리베이터 탑승
01,수도권,S1,2,2호선,0596,홍대입구,3,환승,3,6,"6) (B2) 경의중앙선, 공항철도 환승통로로 이동"
01,수도권,S1,2,2호선,0596,홍대입구,3,환승,3,7,7) 공항철도 대합실로 이동
01,수도권,S1,2,2호선,0596,홍대입구,3,환승,3,8,8) 경의중앙선 가좌 방면 엘리베이터 탑승
01,수도권,S1,2,2호선,0596,홍대입구,3,환승,3,9,9) (B1) 경의중앙선 가좌 방면 승강장으로 이동
01,수도권,S1,2,2호선,0596,홍대입구,3,환승,3,10,10) 승차 (휠체어칸)
01,수도권,S1,2,2호선,0596,홍대입구,3,환승,4,1,1) (B2) 2호선 신촌 방면 승강장 하차
01,수도권,S1,2,2호선,0596,홍대입구,3,환승,4,2,2) 대합실 방향 엘리베이터 탑승
01,수도권,S1,2,2호선,0596,홍대입구,3,환승,4,3,3) (B1) 대합실로 이동
01,수도권,S1,2,2호선,0596,홍대입구,3,환승,4,4,"4) 경의중앙선, 공항철도 환승통로로 이동"
01,수도권,S1,2,2호선,0596,홍대입구,3,환승,4,5,5) 환승 엘리베이터 탑승
01,수도권,S1,2,2호선,0596,홍대입구,3,환승,4,6,"6) (B2) 경의중앙선, 공항철도 환승통로로 이동"
01,수도권,S1,2,2호선,0596,홍대입구,3,환승,4,7,7) 공항철도 대합실로 이동
01,수도권,S1,2,2호선,0596,홍대입구,3,환승,4,8,8) 경의중앙선 서강대 방면 엘리베이터 탑승
01,수도권,S1,2,2호선,0596,홍대입구,3,환승,4,9,9) (B1) 경의중앙선 서강대 방면 승강장으로 이동
01,수도권,S1,2,2호선,0596,홍대입구,3,환승,4,10,10) 승차 (휠체어칸)
01,수도권,S1,2,2호선,0596,홍대입구,3,환승,5,1,1) (B2) 2호선 합정 방면 승강장 하차
01,수도권,S1,2,2호선,0596,홍대입구,3,환승,5,2,2) 대합실 방향 엘리베이터 탑승
01,수도권,S1,2,2호선,0596,홍대입구,3,환승,5,3,3) (B1) 대합실로 이동
01,수도권,S1,2,2호선,0596,홍대입구,3,환승,5,4,"4) 경의중앙선, 공항철도 환승통로로 이동"
01,수도권,S1,2,2호선,0596,홍대입구,3,환승,5,5,5) 환승 엘리베이터 탑승
01,수도권,S1,2,2호선,0596,홍대입구,3,환승,5,6,"6) (B2) 경의중앙선, 공항철도 환승통로로 이동"
01,수도권,S1,2,2호선,0596,홍대입구,3,환승,5,7,7) 공항철도 대합실로 이동
01,수도권,S1,2,2호선,0596,홍대입구,3,환승,5,8,8) 공항철도 공덕 방면 엘리베이터 탑승
01,수도권,S1,2,2호선,0596,홍대입구,3,환승,5,9,9) (B4) 공항철도 공덕 방면 승강장으로 이동
01,수도권,S1,2,2호선,0596,홍대입구,3,환승,5,10,10) 승차 (휠체어칸)
01,수도권,S1,2,2호선,0596,홍대입구,3,환승,6,1,1) (B2) 2호선 합정 방면 승강장 하차
01,수도권,S1,2,2호선,0596,홍대입구,3,환승,6,2,2) 대합실 방향 엘리베이터 탑승
01,수도권,S1,2,2호선,0596,홍대입구,3,환승,6,3,3) (B1) 대합실로 이동
01,수도권,S1,2,2호선,0596,홍대입구,3,환승,6,4,"4) 경의중앙선, 공항철도 환승통로로 이동"
01,수도권,S1,2,2호선,0596,홍대입구,3,환승,6,5,5) 환승 엘리베이터 탑승
01,수도권,S1,2,2호선,0596,홍대입구,3,환승,6,6,"6) (B2) 경의중앙선, 공항철도 환승통로로 이동"
01,수도권,S1,2,2호선,0596,홍대입구,3,환승,6,7,7) 공항철도 대합실로 이동
01,수도권,S1,2,2호선,0596,홍대입구,3,환승,6,8,8) 공항철도 디지털미디어시티 방면 엘리베이터 탑승
01,수도권,S1,2,2호선,0596,홍대입구,3,환승,6,9,9) (B4) 공항철도 디지털미디어시티 방면 승강장으로 이동
01,수도권,S1,2,2호선,0596,홍대입구,3,환승,6,10,10) 승차 (휠체어칸)
01,수도권,S1,2,2호선,0596,홍대입구,3,환승,7,1,1) (B2) 2호선 신촌 방면 승강장 하차
01,수도권,S1,2,2호선,0596,홍대입구,3,환승,7,2,2) 대합실 방향 엘리베이터 탑승
01,수도권,S1,2,2호선,0596,홍대입구,3,환승,7,3,3) (B1) 대합실로 이동
01,수도권,S1,2,2호선,0596,홍대입구,3,환승,7,4,"4) 경의중앙선, 공항철도 환승통로로 이동"
01,수도권,S1,2,2호선,0596,홍대입구,3,환승,7,5,5) 환승 엘리베이터 탑승
01,수도권,S1,2,2호선,0596,홍대입구,3,환승,7,6,"6) (B2) 경의중앙선, 공항철도 환승통로로 이동"
01,수도권,S1,2,2호선,0596,홍대입구,3,환승,7,7,7) 공항철도 대합실로 이동
01,수도권,S1,2,2호선,0596,홍대입구,3,환승,7,8,8) 공항철도 공덕 방면 엘리베이터 탑승
01,수도권,S1,2,2호선,0596,홍대입구,3,환승,7,9,9) (B4) 공항철도 공덕 방면 승강장으로 이동
01,수도권,S1,2,2호선,0596,홍대입구,3,환승,7,10,10) 승차 (휠체어칸)
01,수도권,S1,2,2호선,0596,홍대입구,3,환승,8,1,1) (B2) 2호선 신촌 방면 승강장 하차
01,수도권,S1,2,2호선,0596,홍대입구,3,환승,8,2,2) 대합실 방향 엘리베이터 탑승
01,수도권,S1,2,2호선,0596,홍대입구,3,환승,8,3,3) (B1) 대합실로 이동
01,수도권,S1,2,2호선,0596,홍대입구,3,환승,8,4,"4) 경의중앙선, 공항철도 환승통로로 이동"
01,수도권,S1,2,2호선,0596,홍대입구,3,환승,8,5,5) 환승 엘리베이터 탑승
01,수도권,S1,2,2호선,0596,홍대입구,3,환승,8,6,"6) (B2) 경의중앙선, 공항철도 환승통로로 이동"
01,수도권,S1,2,2호선,0596,홍대입구,3,환승,8,7,7) 공항철도 대합실로 이동
01,수도권,S1,2,2호선,0596,홍대입구,3,환승,8,8,8) 공항철도 디지털미디어시티 방면 엘리베이터 탑승
01,수도권,S1,2,2호선,0596,홍대입구,3,환승,8,9,9) (B4) 공항철도 디지털미디어시티 방면 승강장으로 이동
01,수도권,S1,2,2호선,0596,홍대입구,3,환승,8,10,10) 승차 (휠체어칸)
01,수도권,S1,2,2호선,0591,합정,1,출입구-승강장,1,1,1) (1F) 1번/2번 출입구 사이 엘리베이터 탑승
01,수도권,S1,2,2호선,0591,합정,1,출입구-승강장,1,2,2) (B1) 대합실로 이동
01,수도권,S1,2,2호선,0591,합정,1,출입구-승강장,1,3,3) 당산 방면 엘리베이터 앞 표 내는 곳 통과
01,수도권,S1,2,2호선,0591,합정,1,출입구-승강장,1,4,4) 당산 방면 엘리베이터 탑승
01,수도권,S1,2,2호선,0591,합정,1,출입구-승강장,1,5,5) (B2) 당산 방면 승강장으로 이동
01,수도권,S1,2,2호선,0591,합정,1,출입구-승강장,1,6,6) 승차 (휠체어칸)
01,수도권,S1,2,2호선,0591,합정,1,출입구-승강장,2,1,1) (1F) 1번/2번 출입구 사이 엘리베이터 탑승
01,수도권,S1,2,2호선,0591,합정,1,출입구-승강장,2,2,2) (B1) 대합실로 이동
01,수도권,S1,2,2호선,0591,합정,1,출입구-승강장,2,3,3) 홍대입구 방면 엘리베이터 앞 표 내는 곳 통과
01,수도권,S1,2,2호선,0591,합정,1,출입구-승강장,2,4,4) 홍대입구 방면 엘리베이터 탑승
01,수도권,S1,2,2호선,0591,합정,1,출입구-승강장,2,5,5) (B2) 홍대입구 방면 승강장으로 이동
01,수도권,S1,2,2호선,0591,합정,1,출입구-승강장,2,6,6) 승차 (휠체어칸)
01,수도권,S1,2,2호선,0591,합정,1,출입구-승강장,3,1,1) (1F) 3번/4번 출입구 사이 엘리베이터 탑승
01,수도권,S1,2,2호선,0591,합정,1,출입구-승강장,3,2,2) (B1) 대합실로 이동
01,수도권,S1,2,2호선,0591,합정,1,출입구-승강장,3,3,3) 당산 방면 엘리베이터 앞 표 내는 곳 통과
01,수도권,S1,2,2호선,0591,합정,1,출입구-승강장,3,4,4) 당산 방면 엘리베이터 탑승
01,수도권,S1,2,2호선,0591,합정,1,출입구-승강장,3,5,5) (B2) 당산 방면 승강장으로 이동
01,수도권,S1,2,2호선,0591,합정,1,출입구-승강장,3,6,6) 승차 (휠체어칸)
01,수도권,S1,2,2호선,0591,합정,1,출입구-승강장,4,1,1) (1F) 3번/4번 출입구 사이 엘리베이터 탑승
01,수도권,S1,2,2호선,0591,합정,1,출입구-승강장,4,2,2) (B1) 대합실로 이동
01,수도권,S1,2,2호선,0591,합정,1,출입구-승강장,4,3,3) 홍대입구 방면 엘리베이터 앞 표 내는 곳 통과
01,수도권,S1,2,2호선,0591,합정,1,출입구-승강장,4,4,4) 홍대입구 방면 엘리베이터 탑승
01,수도권,S1,2,2호선,0591,합정,1,출입구-승강장,4,5,5) (B2) 홍대입구 방면 승강장으로 이동
01,수도권,S1,2,2호선,0591,합정,1,출입구-승강장,4,6,6) 승차 (휠체어칸)
01,수도권,S1,2,2호선,0591,합정,1,출입구-승강장,5,1,1) (1F) 6번 출입구 옆 엘리베이터 탑승
01,수도권,S1,2,2호선,0591,합정,1,출입구-승강장,5,2,2) (B1) 대합실로 이동
01,수도권,S1,2,2호선,0591,합정,1,출입구-승강장,5,3,3) 당산 방면 엘리베이터 앞 표 내는 곳 통과
01,수도권,S1,2,2호선,0591,합정,1,출입구-승강장,5,4,4) 당산 방면 엘리베이터 탑승
01,수도권,S1,2,2호선,0591,합정,1,출입구-승강장,5,5,5) (B2) 당산 방면 승강장으로 이동
01,수도권,S1,2,2호선,0591,합정,1,출입구-승강장,5,6,6) 승차 (휠체어칸)
01,수도권,S1,2,2호선,0591,합정,1,출입구-승강장,6,1,1) (1F) 6번 출입구 옆 엘리베이터 탑승
01,수도권,S1,2,2호선,0591,합정,1,출입구-승강장,6,2,2) (B1) 대합실로 이동
01,수도권,S1,2,2호선,0591,합정,1,출입구-승강장,6,3,3) 홍대입구 방면 엘리베이터 앞 표 내는 곳 통과
01,수도권,S1,2,2호선,0591,합정,1,출입구-승강장,6,4,4) 홍대입구 방면 엘리베이터 탑승
01,수도권,S1,2,2호선,0591,합정,1,출입구-승강장,6,5,5) (B2) 홍대입구 방면 승강장으로 이동
01,수도권,S1,2,2호선,0591,합정,1,출입구-승강장,6,6,6) 승차 (휠체어칸)
01,수도권,S1,2,2호선,0591,합정,3,환승,1,1,1) (B2) 2호선 당산 방면 승강장 하차
01,수도권,S1,2,2호선,0591,합정,3,환승,1,2,2) 대합실 방향 엘리베이터 탑승
01,수도권,S1,2,2호선,0591,합정,3,환승,1,3,3) (B1) 대합실로 이동
01,수도권,S1,2,2호선,0591,합정,3,환승,1,4,4) 엘리베이터 앞 표 내는 곳 통과
01,수도권,S1,2,2호선,0591,합정,3,환승,1,5,5) 9/10번 출입구방향 환승 엘리베이터 탑승
01,수도권,S1,2,2호선,0591,합정,3,환승,1,6,6) (B4) 6호선 망원 방면 승강장으로 이동
01,수도권,S1,2,2호선,0591,합정,3,환승,1,7,7) 승차 (휠체어칸)
01,수도권,S1,2,2호선,0591,합정,3,환승,2,1,1) (B2) 2호선 당산 방면 승강장 하차
01,수도권,S1,2,2호선,0591,합정,3,환승,2,2,2) 대합실 방향 엘리베이터 탑승
01,수도권,S1,2,2호선,0591,합정,3,환승,2,3,3) (B1) 대합실로 이동
01,수도권,S1,2,2호선,0591,합정,3,환승,2,4,4) 엘리베이터 앞 표 내는 곳 통과
01,수도권,S1,2,2호선,0591,합정,3,환승,2,5,5) 9/10번 출입구방향 환승 엘리베이터 탑승
01,수도권,S1,2,2호선,0591,합정,3,환승,2,6,6) (B3) 6호선 대합실로 이동
01,수도권,S1,2,2호선,0591,합정,3,환승,2,7,7) 6호선 상수 방면 엘리베이터 탑승
01,수도권,S1,2,2호선,0591,합정,3,환승,2,8,8) (B4) 6호선 상수 방면 승강장으로 이동
01,수도권,S1,2,2호선,0591,합정,3,환승,2,9,9) 승차 (휠체어칸)
01,수도권,S1,2,2호선,0591,합정,3,환승,3,1,1) (B2) 2호선 홍대입구 방면 승강장 하차
01,수도권,S1,2,2호선,0591,합정,3,환승,3,2,2) 대합실 방향 엘리베이터 탑승
01,수도권,S1,2,2호선,0591,합정,3,환승,3,3,3) (B1) 대합실로 이동
01,수도권,S1,2,2호선,0591,합정,3,환승,3,4,4) 엘리베이터 앞 표 내는 곳 통과
01,수도권,S1,2,2호선,0591,합정,3,환승,3,5,5) 9/10번 출입구방향 환승 엘리베이터 탑승
01,수도권,S1,2,2호선,0591,합정,3,환승,3,6,6) (B4) 6호선 망원 방면 승강장으로 이동
01,수도권,S1,2,2호선,0591,합정,3,환승,3,7,7) 승차 (휠체어칸)
01,수도권,S1,2,2호선,0591,합정,3,환승,4,1,1) (B2) 2호선 홍대입구 방면 승강장 하차
01,수도권,S1,2,2호선,0591,합정,3,환승,4,2,2) 대합실 방향 엘리베이터 탑승
01,수도권,S1,2,2호선,0591,합정,3,환승,4,3,3) (B1) 대합실로 이동
01,수도권,S1,2,2호선,0591,합정,3,환승,4,4,4) 엘리베이터 앞 표 내는 곳 통과
01,수도권,S1,2,2호선,0591,합정,3,환승,4,5,5) 9/10번 출입구방향 환승 엘리베이터 탑승
01,수도권,S1,2,2호선,0591,합정,3,환승,4,6,6) (B3) 6호선 대합실로 이동
01,수도권,S1,2,2호선,0591,합정,3,환승,4,7,7) 6호선 상수 방면 엘리베이터 탑승
01,수도권,S1,2,2호선,0591,합정,3,환승,4,8,8) (B4) 6호선 상수 방면 승강장으로 이동
01,수도권,S1,2,2호선,0591,합정,3,환승,4,9,9) 승차 (휠체어칸)
01,수도권,S1,2,2호선,0126,당산,1,출입구-승강장,1,1,1) (1F) 4번 출입구 옆 엘리베이터 탑승
01,수도권,S1,2,2호선,0126,당산,1,출입구-승강장,1,2,2) (2F) 대합실로 이동
01,수도권,S1,2,2호선,0126,당산,1,출입구-승강장,1,3,3) 표 내는 곳 통과
01,수도권,S1,2,2호선,0126,당산,1,출입구-승강장,1,4,4) 영등포구청 방면 엘리베이터 탑승
01,수도권,S1,2,2호선,0126,당산,1,출입구-승강장,1,5,5) (3F) 영등포구청 방면 승강장으로 이동
01,수도권,S1,2,2호선,0126,당산,1,출입구-승강장,1,6,6) 승차 (휠체어칸)
01,수도권,S1,2,2호선,0126,당산,1,출입구-승강장,2,1,1) (1F) 4번 출입구 옆 엘리베이터 탑승
01,수도권,S1,2,2호선,0126,당산,1,출입구-승강장,2,2,2) (2F) 대합실로 이동
01,수도권,S1,2,2호선,0126,당산,1,출입구-승강장,2,3,3) 표 내는 곳 통과
01,수도권,S1,2,2호선,0126,당산,1,출입구-승강장,2,4,4) 합정 방면 엘리베이터 탑승
01,수도권,S1,2,2호선,0126,당산,1,출입구-승강장,2,5,5) (3F) 합정 방면 승강장으로 이동
01,수도권,S1,2,2호선,0126,당산,1,출입구-승강장,2,6,6) 승차 (휠체어칸)
01,수도권,S1,2,2호선,0126,당산,1,출입구-승강장,3,1,1) (1F) 3번출입구 옆 엘리베이터 탑승
01,수도권,S1,2,2호선,0126,당산,1,출입구-승강장,3,2,2) (2F) 대합실로 이동
01,수도권,S1,2,2호선,0126,당산,1,출입구-승강장,3,3,3) 표 내는 곳 통과
01,수도권,S1,2,2호선,0126,당산,1,출입구-승강장,3,4,4) 영등포구청 방면 엘리베이터 탑승
01,수도권,S1,2,2호선,0126,당산,1,출입구-승강장,3,5,5) (3F) 영등포구청 방면 승강장으로 이동
01,수도권,S1,2,2호선,0126,당산,1,출입구-승강장,3,6,6) 승차(휠체어칸)
01,수도권,S1,2,2호선,0126,당산,1,출입구-승강장,4,1,1) (1F) 3번출입구 옆 엘리베이터 탑승
01,수도권,S1,2,2호선,0126,당산,1,출입구-승강장,4,2,2) (2F) 대합실로 이동
01,수도권,S1,2,2호선,0126,당산,1,출입구-승강장,4,3,3) 표 내는 곳 통과
01,수도권,S1,2,2호선,0126,당산,1,출입구-승강장,4,4,4) 합정 방면 엘리베이터 탑승
01,수도권,S1,2,2호선,0126,당산,1,출입구-승강장,4,5,5) (3F) 합정 방면 승강장으로 이동
01,수도권,S1,2,2호선,0126,당산,1,출입구-승강장,4,6,6) 승차(휠체어칸)
01,수도권,S1,2,2호선,0126,당산,3,환승,1,1,1) (3F) 2호선 영등포구청 방면 승강장 하차
01,수도권,S1,2,2호선,0126,당산,3,환승,1,2,2) 9호선 환승 엘리베이터 탑승
01,수도권,S1,2,2호선,0126,당산,3,환승,1,3,3) (B2) 9호선 대합실로 이동
01,수도권,S1,2,2호선,0126,당산,3,환승,1,4,4) 승강장 방향 엘리베이터 탑승
01,수도권,S1,2,2호선,0126,당산,3,환승,1,5,5(B3) 9호선 국회의사당 방면 승강장으로 이동
01,수도권,S1,2,2호선,0126,당산,3,환승,1,6,6) 승차 (휠체어칸)
01,수도권,S1,2,2호선,0126,당산,3,환승,2,1,1) (3F) 2호선 영등포구청 방면 승강장 하차
01,수도권,S1,2,2호선,0126,당산,3,환승,2,2,2) 9호선 환승 엘리베이터 탑승
01,수도권,S1,2,2호선,0126,당산,3,환승,2,3,3) (B2) 9호선 대합실로 이동
01,수도권,S1,2,2호선,0126,당산,3,환승,2,4,4) 승강장 방향 엘리베이터 탑승
01,수도권,S1,2,2호선,0126,당산,3,환승,2,5,5) (B3) 9호선 선유도 방면 승강장으로 이동
01,수도권,S1,2,2호선,0126,당산,3,환승,2,6,6) 승차 (휠체어칸)
01,수도권,S1,2,2호선,0126,당산,3,환승,3,1,1) (3F) 2호선 합정 방면 승강장 하차
01,수도권,S1,2,2호선,0126,당산,3,환승,3,2,2) 9호선 환승 엘리베이터 탑승
01,수도권,S1,2,2호선,0126,당산,3,환승,3,3,3) (B2) 9호선 대합실로 이동
01,수도권,S1,2,2호선,0126,당산,3,환승,3,4,4) 승강장 방향 엘리베이터 탑승
01,수도권,S1,2,2호선,0126,당산,3,환승,3,5,5) (B3) 9호선 국회의사당 방면 승강장으로 이동
01,수도권,S1,2,2호선,0126,당산,3,환승,3,6,6) 승차 (휠체어칸)
01,수도권,S1,2,2호선,0126,당산,3,환승,4,1,1) (3F) 2호선 합정 방면 승강장 하차
01,수도권,S1,2,2호선,0126,당산,3,환승,4,2,2) 9호선 환승 엘리베이터 탑승
01,수도권,S1,2,2호선,0126,당산,3,환승,4,3,3) (B2) 9호선 대합실로 이동
01,수도권,S1,2,2호선,0126,당산,3,환승,4,4,4) 승강장 방향 엘리베이터 탑승
01,수도권,S1,2,2호선,0126,당산,3,환승,4,5,5) (B3) 9호선 선유도 방면 승강장으로 이동
01,수도권,S1,2,2호선,0126,당산,3,환승,4,6,6) 승차 (휠체어칸)
01,수도권,S1,2,2호선,0421,영등포구청,1,출입구-승강장,1,1,1) (1F) 2번 출입구 옆 엘리베이터 탑승
01,수도권,S1,2,2호선,0421,영등포구청,1,출입구-승강장,1,2,2) (B1) 대합실로 이동
01,수도권,S1,2,2호선,0421,영등포구청,1,출입구-승강장,1,3,3) 표 내는 곳 통과
01,수도권,S1,2,2호선,0421,영등포구청,1,출입구-승강장,1,4,4) 문래 방면 엘리베이터 탑승
01,수도권,S1,2,2호선,0421,영등포구청,1,출입구-승강장,1,5,5) (B2) 문래 방면 승강장으로 이동
01,수도권,S1,2,2호선,0421,영등포구청,1,출입구-승강장,1,6,6) 승차 (휠체어칸)
01,수도권,S1,2,2호선,0421,영등포구청,1,출입구-승강장,2,1,1) (1F) 2번 출입구 옆 엘리베이터 탑승
01,수도권,S1,2,2호선,0421,영등포구청,1,출입구-승강장,2,2,2) (B1) 대합실로 이동
01,수도권,S1,2,2호선,0421,영등포구청,1,출입구-승강장,2,3,3) 표 내는 곳 통과
01,수도권,S1,2,2호선,0421,영등포구청,1,출입구-승강장,2,4,4) 당산 방면 엘리베이터 탑승
01,수도권,S1,2,2호선,0421,영등포구청,1,출입구-승강장,2,5,5) (B2) 당산 방면 승강장으로 이동
01,수도권,S1,2,2호선,0421,영등포구청,1,출입구-승강장,2,6,6) 승차 (휠체어칸)
01,수도권,S1,2,2호선,0421,영등포구청,1,출입구-승강장,3,1,1) (1F) 5번 출입구 옆 엘리베이터 탑승
01,수도권,S1,2,2호선,0421,영등포구청,1,출입구-승강장,3,2,2) (B1) 대합실로 이동
01,수도권,S1,2,2호선,0421,영등포구청,1,출입구-승강장,3,3,3) 표 내는 곳 통과
01,수도권,S1,2,2호선,0421,영등포구청,1,출입구-승강장,3,4,4) 문래 방면 엘리베이터 탑승
01,수도권,S1,2,2호선,0421,영등포구청,1,출입구-승강장,3,5,5) (B2) 문래 방면 승강장으로 이동
01,수도권,S1,2,2호선,0421,영등포구청,1,출입구-승강장,3,6,6) 승차 (휠체어칸)
01,수도권,S1,2,2호선,0421,영등포구청,1,출입구-승강장,4,1,1) (1F) 5번 출입구 옆 엘리베이터 탑승
01,수도권,S1,2,2호선,0421,영등포구청,1,출입구-승강장,4,2,2) (B1) 대합실로 이동
01,수도권,S1,2,2호선,0421,영등포구청,1,출입구-승강장,4,3,3) 표 내는 곳 통과
01,수도권,S1,2,2호선,0421,영등포구청,1,출입구-승강장,4,4,4) 당산 방면 엘리베이터 탑승
01,수도권,S1,2,2호선,0421,영등포구청,1,출입구-승강장,4,5,5) (B2) 당산 방면 승강장으로 이동
01,수도권,S1,2,2호선,0421,영등포구청,1,출입구-승강장,4,6,6) 승차 (휠체어칸)
01,수도권,S1,2,2호선,0421,영등포구청,3,환승,1,1,1) 문래방면 지하2층 엘리베이터 탑승
01,수도권,S1,2,2호선,0421,영등포구청,3,환승,1,2,2) 문래방면 지하1층 엘리베이터 하차
01,수도권,S1,2,2호선,0421,영등포구청,3,환승,1,3,3) 2번출입구 지하1층 엘리베이터 탑승
01,수도권,S1,2,2호선,0421,영등포구청,3,환승,1,4,4) 2번출입구 지상1층 엘리베이터 하차
01,수도권,S1,2,2호선,0421,영등포구청,3,환승,1,5,5) 5호선방면 지상1층 엘리베이터 탑승
01,수도권,S1,2,2호선,0421,영등포구청,3,환승,1,6,6) 양평방면 지하5층 엘리베이터 하차
01,수도권,S1,2,2호선,0421,영등포구청,3,환승,2,1,1) 문래방면 지하2층 엘리베이터 탑승
01,수도권,S1,2,2호선,0421,영등포구청,3,환승,2,2,2) 문래방면 지하1층 엘리베이터 하차
01,수도권,S1,2,2호선,0421,영등포구청,3,환승,2,3,3) 2번출입구 지하1층 엘리베이터 탑승
01,수도권,S1,2,2호선,0421,영등포구청,3,환승,2,4,4) 2번출입구 지상1층 엘리베이터 하차
01,수도권,S1,2,2호선,0421,영등포구청,3,환승,2,5,5) 5호선방면 지상1층 엘리베이터 탑승
01,수도권,S1,2,2호선,0421,영등포구청,3,환승,2,6,6) 5호선방면 지하4층 대합실 엘리베이터 하차
01,수도권,S1,2,2호선,0421,영등포구청,3,환승,2,7,7) 영등포시장방면 지하4층 엘리베이터 탑승
01,수도권,S1,2,2호선,0421,영등포구청,3,환승,2,8,8) 영등포시장방면 지하5층 엘리베이터 하차
01,수도권,S1,2,2호선,0421,영등포구청,3,환승,3,1,1) 당산방면 지하2층 엘리베이터 탑승
01,수도권,S1,2,2호선,0421,영등포구청,3,환승,3,2,2) 당산방면 지하1층 엘리베이터 하차
01,수도권,S1,2,2호선,0421,영등포구청,3,환승,3,3,3) 2번출입구 지하1층 엘리베이터 탑승
01,수도권,S1,2,2호선,0421,영등포구청,3,환승,3,4,4) 2번출입구 지상1층 엘리베이터 하차
01,수도권,S1,2,2호선,0421,영등포구청,3,환승,3,5,5) 5호선방면 지상1층 엘리베이터 탑승
01,수도권,S1,2,2호선,0421,영등포구청,3,환승,3,6,6) 양평방면 지하5층 엘리베이터 하차
01,수도권,S1,2,2호선,0421,영등포구청,3,환승,4,1,1) 당산방면 지하2층 엘리베이터 탑승
01,수도권,S1,2,2호선,0421,영등포구청,3,환승,4,2,2) 당산방면 지하1층 엘리베이터 하차
01,수도권,S1,2,2호선,0421,영등포구청,3,환승,4,3,3) 2번출입구 지하1층 엘리베이터 탑승
01,수도권,S1,2,2호선,0421,영등포구청,3,환승,4,4,4) 2번출입구 지상1층 엘리베이터 하차
01,수도권,S1,2,2호선,0421,영등포구청,3,환승,4,5,5) 5호선방면 지상1층 엘리베이터 탑승
01,수도권,S1,2,2호선,0421,영등포구청,3,환승,4,6,6) 5호선방면 지하4층 대합실 엘리베이터 하차
01,수도권,S1,2,2호선,0421,영등포구청,3,환승,4,7,7) 영등포시장방면 지하4층 엘리베이터 탑승
01,수도권,S1,2,2호선,0421,영등포구청,3,환승,4,8,8) 영등포시장방면 지하5층 엘리베이터 하차
01,수도권,S1,2,2호선,0206,문래,1,출입구-승강장,1,1,1) (1F) 1번 출입구 옆 엘리베이터 탑승
01,수도권,S1,2,2호선,0206,문래,1,출입구-승강장,1,2,2) (B1) 대합실로 이동
01,수도권,S1,2,2호선,0206,문래,1,출입구-승강장,1,3,3) 신도림 방면 엘리베이터 앞 표 내는 곳 통과
01,수도권,S1,2,2호선,0206,문래,1,출입구-승강장,1,4,4) 신도림 방면 엘리베이터 탑승
01,수도권,S1,2,2호선,0206,문래,1,출입구-승강장,1,5,5) (B2) 신도림 방면 승강장으로 이동
01,수도권,S1,2,2호선,0206,문래,1,출입구-승강장,1,6,6) 승차 (휠체어칸)
01,수도권,S1,2,2호선,0206,문래,1,출입구-승강장,2,1,1) (1F) 1번 출입구 옆 엘리베이터 탑승
01,수도권,S1,2,2호선,0206,문래,1,출입구-승강장,2,2,2) (B1) 대합실로 이동
01,수도권,S1,2,2호선,0206,문래,1,출입구-승강장,2,3,3) 영등포구청 방면 엘리베이터 앞 표 내는 곳 통과
01,수도권,S1,2,2호선,0206,문래,1,출입구-승강장,2,4,4) 영등포구청 방면 엘리베이터 탑승
01,수도권,S1,2,2호선,0206,문래,1,출입구-승강장,2,5,5) (B2) 영등포구청 방면 승강장으로 이동
01,수도권,S1,2,2호선,0206,문래,1,출입구-승강장,2,6,6) 승차 (휠체어칸)
01,수도권,S1,2,2호선,0206,문래,1,출입구-승강장,3,1,1) (1F) 4번 출입구 옆 엘리베이터 탑승
01,수도권,S1,2,2호선,0206,문래,1,출입구-승강장,3,2,2) (B1) 대합실로 이동
01,수도권,S1,2,2호선,0206,문래,1,출입구-승강장,3,3,3) 신도림 방면 엘리베이터 앞 표 내는 곳 통과
01,수도권,S1,2,2호선,0206,문래,1,출입구-승강장,3,4,4) 신도림 방면 엘리베이터 탑승
01,수도권,S1,2,2호선,0206,문래,1,출입구-승강장,3,5,5) (B2) 신도림 방면 승강장으로 이동
01,수도권,S1,2,2호선,0206,문래,1,출입구-승강장,3,6,6) 승차 (휠체어칸)
01,수도권,S1,2,2호선,0206,문래,1,출입구-승강장,4,1,1) (1F) 4번 출입구 옆 엘리베이터 탑승
01,수도권,S1,2,2호선,0206,문래,1,출입구-승강장,4,2,2) (B1) 대합실로 이동
01,수도권,S1,2,2호선,0206,문래,1,출입구-승강장,4,3,3) 영등포구청 방면 엘리베이터 앞 표 내는 곳 통과
01,수도권,S1,2,2호선,0206,문래,1,출입구-승강장,4,4,4) 영등포구청 방면 엘리베이터 탑승
01,수도권,S1,2,2호선,0206,문래,1,출입구-승강장,4,5,5) (B2) 영등포구청 방면 승강장으로 이동
01,수도권,S1,2,2호선,0206,문래,1,출입구-승강장,4,6,6) 승차 (휠체어칸)
01,수도권,S1,2,2호선,0206,문래,1,출입구-승강장,5,1,1) (1F) 5번 출입구 옆 엘리베이터 탑승
01,수도권,S1,2,2호선,0206,문래,1,출입구-승강장,5,2,2) (B1) 대합실로 이동
01,수도권,S1,2,2호선,0206,문래,1,출입구-승강장,5,3,3) 신도림 방면 엘리베이터 앞 표 내는 곳 통과
01,수도권,S1,2,2호선,0206,문래,1,출입구-승강장,5,4,4) 신도림 방면 엘리베이터 탑승
01,수도권,S1,2,2호선,0206,문래,1,출입구-승강장,5,5,5) (B2) 신도림 방면 승강장으로 이동
01,수도권,S1,2,2호선,0206,문래,1,출입구-승강장,5,6,6) 승차 (휠체어칸)
01,수도권,S1,2,2호선,0206,문래,1,출입구-승강장,6,1,1) (1F) 5번 출입구 옆 엘리베이터 탑승
01,수도권,S1,2,2호선,0206,문래,1,출입구-승강장,6,2,2) (B1) 대합실로 이동
01,수도권,S1,2,2호선,0206,문래,1,출입구-승강장,6,3,3) 영등포구청 방면 엘리베이터 앞 표 내는 곳 통과
01,수도권,S1,2,2호선,0206,문래,1,출입구-승강장,6,4,4) 영등포구청 방면 엘리베이터 탑승
01,수도권,S1,2,2호선,0206,문래,1,출입구-승강장,6,5,5) (B2) 영등포구청 방면 승강장으로 이동
01,수도권,S1,2,2호선,0206,문래,1,출입구-승강장,6,6,6) 승차 (휠체어칸)
01,수도권,S1,2,2호선,0359,신도림,1,출입구-승강장,1,1,1) (1F) 3번 출입구 옆 엘리베이터 탑승
01,수도권,S1,2,2호선,0359,신도림,1,출입구-승강장,1,2,2) (B1) 대합실로 이동
01,수도권,S1,2,2호선,0359,신도림,1,출입구-승강장,1,3,3) 표 내는 곳 통과
01,수도권,S1,2,2호선,0359,신도림,1,출입구-승강장,1,4,4) 승강장 방향 엘리베이터 탑승
01,수도권,S1,2,2호선,0359,신도림,1,출입구-승강장,1,5,5) (B2) 대림 방면 승강장으로 이동
01,수도권,S1,2,2호선,0359,신도림,1,출입구-승강장,1,6,6) 승차 (휠체어칸)
01,수도권,S1,2,2호선,0359,신도림,1,출입구-승강장,2,1,1) (1F) 3번 출입구 옆 엘리베이터 탑승
01,수도권,S1,2,2호선,0359,신도림,1,출입구-승강장,2,2,2) (B1) 대합실로 이동
01,수도권,S1,2,2호선,0359,신도림,1,출입구-승강장,2,3,3) 표 내는 곳 통과
01,수도권,S1,2,2호선,0359,신도림,1,출입구-승강장,2,4,4) 승강장 방향 엘리베이터 탑승
01,수도권,S1,2,2호선,0359,신도림,1,출입구-승강장,2,5,5) (B2) 문래 방면 승강장으로 이동
01,수도권,S1,2,2호선,0359,신도림,1,출입구-승강장,2,6,6) 승차 (휠체어칸)
01,수도권,S1,2,2호선,0359,신도림,1,출입구-승강장,3,1,1) (1F) 3번 출입구 옆 엘리베이터 탑승
01,수도권,S1,2,2호선,0359,신도림,1,출입구-승강장,3,2,2) (B1) 대합실로 이동
01,수도권,S1,2,2호선,0359,신도림,1,출입구-승강장,3,3,3) 표 내는 곳 통과
01,수도권,S1,2,2호선,0359,신도림,1,출입구-승강장,3,4,"4) 1번 출입구 방향, 1호선 환승 방향으로 이동"
01,수도권,S1,2,2호선,0359,신도림,1,출입구-승강장,3,5,5) 도림천 방면 엘리베이터 탑승
01,수도권,S1,2,2호선,0359,신도림,1,출입구-승강장,3,6,6) (B2) 도림천 방면 승강장으로 이동
01,수도권,S1,2,2호선,0359,신도림,1,출입구-승강장,3,7,7) 승차 (휠체어칸)
01,수도권,S1,2,2호선,0359,신도림,3,환승,1,1,1) (B2) 2호선 대림 방면 승강장 하차
01,수도권,S1,2,2호선,0359,신도림,3,환승,1,2,2) 대합실 방향 엘리베이터 탑승
01,수도권,S1,2,2호선,0359,신도림,3,환승,1,3,3) (B1) 대합실로 이동
01,수도권,S1,2,2호선,0359,신도림,3,환승,1,4,"4) 1번 출입구 방향, 1호선 환승 방향으로 이동"
01,수도권,S1,2,2호선,0359,신도림,3,환승,1,5,5) 2호선 도림천 방면 엘리베이터 탑승
01,수도권,S1,2,2호선,0359,신도림,3,환승,1,6,6) (B2) 2호선 도림천 방면 승강장으로 이동
01,수도권,S1,2,2호선,0359,신도림,3,환승,1,7,7) 승차 (휠체어칸)
01,수도권,S1,2,2호선,0359,신도림,3,환승,2,1,1) (B2) 2호선 문래 방면 승강장 하차
01,수도권,S1,2,2호선,0359,신도림,3,환승,2,2,2) 대합실 방향 엘리베이터 탑승
01,수도권,S1,2,2호선,0359,신도림,3,환승,2,3,3) (B1) 대합실로 이동
01,수도권,S1,2,2호선,0359,신도림,3,환승,2,4,"4) 1번 출입구 방향, 1호선 환승 방향으로 이동"
01,수도권,S1,2,2호선,0359,신도림,3,환승,2,5,5) 2호선 도림천 방면 엘리베이터 탑승
01,수도권,S1,2,2호선,0359,신도림,3,환승,2,6,6) (B2) 2호선 도림천 방면 승강장으로 이동
01,수도권,S1,2,2호선,0359,신도림,3,환승,2,7,7) 승차 (휠체어칸)
01,수도권,S1,2,2호선,0359,신도림,3,환승,3,1,1) (B2) 2호선 지선 신도림 (종착역) 승강장 하차
01,수도권,S1,2,2호선,0359,신도림,3,환승,3,2,2) 대합실 방향 엘리베이터 탑승
01,수도권,S1,2,2호선,0359,신도림,3,환승,3,3,3) (B1) 대합실로 이동
01,수도권,S1,2,2호선,0359,신도림,3,환승,3,4,4) 2번/3번 출입구 방향으로 이동
01,수도권,S1,2,2호선,0359,신도림,3,환승,3,5,"5) 2호선 대림, 문래 방면 엘리베이터 탑승"
01,수도권,S1,2,2호선,0359,신도림,3,환승,3,6,6) (B2) 2호선 대림 방면 승강장으로 이동
01,수도권,S1,2,2호선,0359,신도림,3,환승,3,7,7) 승차 (휠체어칸)
01,수도권,S1,2,2호선,0359,신도림,3,환승,4,1,1) (B2) 2호선 지선 신도림 (종착역) 승강장 하차
01,수도권,S1,2,2호선,0359,신도림,3,환승,4,2,2) 대합실 방향 엘리베이터 탑승
01,수도권,S1,2,2호선,0359,신도림,3,환승,4,3,3) (B1) 대합실로 이동
01,수도권,S1,2,2호선,0359,신도림,3,환승,4,4,4) 2번/3번 출입구 방향으로 이동
01,수도권,S1,2,2호선,0359,신도림,3,환승,4,5,"5) 2호선 대림, 문래 방면 엘리베이터 탑승"
01,수도권,S1,2,2호선,0359,신도림,3,환승,4,6,6) (B2) 2호선 문래 방면 승강장으로 이동
01,수도권,S1,2,2호선,0359,신도림,3,환승,4,7,7) 승차 (휠체어칸)
01,수도권,S1,2,2호선,0359,신도림,3,환승,5,1,1) (B2) 2호선 대림 방면 승강장 하차
01,수도권,S1,2,2호선,0359,신도림,3,환승,5,2,2) 대합실 방향 엘리베이터 탑승
01,수도권,S1,2,2호선,0359,신도림,3,환승,5,3,3) (B1) 대합실로 이동
01,수도권,S1,2,2호선,0359,신도림,3,환승,5,4,"4) 1번 출입구 방향, 1호선 환승 방향으로 이동"
01,수도권,S1,2,2호선,0359,신도림,3,환승,5,5,5) 1호선 영등포 방면 엘리베이터 탑승
01,수도권,S1,2,2호선,0359,신도림,3,환승,5,6,6) (1F) 1호선 영등포 방면 승강장으로 이동
01,수도권,S1,2,2호선,0359,신도림,3,환승,5,7,7) 승차 (휠체어칸)
01,수도권,S1,2,2호선,0359,신도림,3,환승,6,1,1) (B2) 2호선 대림 방면 승강장 하차
01,수도권,S1,2,2호선,0359,신도림,3,환승,6,2,2) 대합실 방향 엘리베이터 탑승
01,수도권,S1,2,2호선,0359,신도림,3,환승,6,3,3) (B1) 대합실로 이동
01,수도권,S1,2,2호선,0359,신도림,3,환승,6,4,"4) 1번 출입구 방향, 1호선 환승 방향으로 이동"
01,수도권,S1,2,2호선,0359,신도림,3,환승,6,5,5) 1호선 구로 방면 엘리베이터 탑승
01,수도권,S1,2,2호선,0359,신도림,3,환승,6,6,6) (1F) 1호선 구로 방면 승강장으로 이동
01,수도권,S1,2,2호선,0359,신도림,3,환승,6,7,7) 승차 (휠체어칸)
01,수도권,S1,2,2호선,0359,신도림,3,환승,7,1,1) (B2) 2호선 문래 방면 승강장 하차
01,수도권,S1,2,2호선,0359,신도림,3,환승,7,2,2) 대합실 방향 엘리베이터 탑승
01,수도권,S1,2,2호선,0359,신도림,3,환승,7,3,3) (B1) 대합실로 이동
01,수도권,S1,2,2호선,0359,신도림,3,환승,7,4,"4) 1번 출입구 방향, 1호선 환승 방향으로 이동"
01,수도권,S1,2,2호선,0359,신도림,3,환승,7,5,5) 1호선 영등포 방면 엘리베이터 탑승
01,수도권,S1,2,2호선,0359,신도림,3,환승,7,6,6) (1F) 1호선 영등포 방면 승강장으로 이동
01,수도권,S1,2,2호선,0359,신도림,3,환승,7,7,7) 승차 (휠체어칸)
01,수도권,S1,2,2호선,0359,신도림,3,환승,8,1,1) (B2) 2호선 문래 방면 승강장 하차
01,수도권,S1,2,2호선,0359,신도림,3,환승,8,2,2) 대합실 방향 엘리베이터 탑승
01,수도권,S1,2,2호선,0359,신도림,3,환승,8,3,3) (B1) 대합실로 이동
01,수도권,S1,2,2호선,0359,신도림,3,환승,8,4,"4) 1번 출입구 방향, 1호선 환승 방향으로 이동"
01,수도권,S1,2,2호선,0359,신도림,3,환승,8,5,5) 1호선 구로 방면 엘리베이터 탑승
01,수도권,S1,2,2호선,0359,신도림,3,환승,8,6,6) (1F) 1호선 구로 방면 승강장으로 이동
01,수도권,S1,2,2호선,0359,신도림,3,환승,8,7,7) 승차 (휠체어칸)
01,수도권,S1,2,2호선,0359,신도림,3,환승,9,1,1) (B2) 2호선 지선 신도림 (종착역) 승강장 하차
01,수도권,S1,2,2호선,0359,신도림,3,환승,9,2,2) 승강장 내 엘리베이터 탑승
01,수도권,S1,2,2호선,0359,신도림,3,환승,9,3,3) (1F) 1호선 영등포 방면 승강장으로 이동
01,수도권,S1,2,2호선,0359,신도림,3,환승,9,4,4) 승차 (휠체어칸)
01,수도권,S1,2,2호선,0359,신도림,3,환승,10,1,1) (B2) 2호선 지선 신도림 (종착역) 승강장 하차
01,수도권,S1,2,2호선,0359,신도림,3,환승,10,2,2) 승강장 내 엘리베이터 탑승
01,수도권,S1,2,2호선,0359,신도림,3,환승,10,3,3) (B1) 2호선 대합실로 이동
01,수도권,S1,2,2호선,0359,신도림,3,환승,10,4,4) 1호선 구로 방면 엘리베이터 탑승
01,수도권,S1,2,2호선,0359,신도림,3,환승,10,5,5) (1F) 1호선 구로 방면 승강장으로 이동
01,수도권,S1,2,2호선,0359,신도림,3,환승,10,6,6) 승차 (휠체어칸)
01,수도권,S1,2,2호선,0130,대림,1,출입구-승강장,1,1,1) (1F) 3번/4번 출입구 사이 엘리베이터 탑승
01,수도권,S1,2,2호선,0130,대림,1,출입구-승강장,1,2,2) (2F) 대합실로 이동
01,수도권,S1,2,2호선,0130,대림,1,출입구-승강장,1,3,3) 표 내는 곳 통과
01,수도권,S1,2,2호선,0130,대림,1,출입구-승강장,1,4,4) 구로디지털단지 방면 엘리베이터 탑승
01,수도권,S1,2,2호선,0130,대림,1,출입구-승강장,1,5,5) (3F) 구로디지털단지 방면 승강장으로 이동
01,수도권,S1,2,2호선,0130,대림,1,출입구-승강장,1,6,6) 승차 (휠체어칸)
01,수도권,S1,2,2호선,0130,대림,1,출입구-승강장,2,1,1) (1F) 3번/4번 출입구 사이 엘리베이터 탑승
01,수도권,S1,2,2호선,0130,대림,1,출입구-승강장,2,2,2) (2F) 대합실로 이동
01,수도권,S1,2,2호선,0130,대림,1,출입구-승강장,2,3,3) 표 내는 곳 통과
01,수도권,S1,2,2호선,0130,대림,1,출입구-승강장,2,4,4) 신도림 방면 엘리베이터 탑승
01,수도권,S1,2,2호선,0130,대림,1,출입구-승강장,2,5,5) (3F) 신도림 방면 승강장으로 이동
01,수도권,S1,2,2호선,0130,대림,1,출입구-승강장,2,6,6) 승차 (휠체어칸)
01,수도권,S1,2,2호선,0130,대림,1,출입구-승강장,3,1,1) (1F) 7번/8번 출입구 사이 엘리베이터 탑승
01,수도권,S1,2,2호선,0130,대림,1,출입구-승강장,3,2,2) (2F) 대합실로 이동
01,수도권,S1,2,2호선,0130,대림,1,출입구-승강장,3,3,3) 표 내는 곳 통과
01,수도권,S1,2,2호선,0130,대림,1,출입구-승강장,3,4,4) 구로디지털단지 방면 엘리베이터 탑승
01,수도권,S1,2,2호선,0130,대림,1,출입구-승강장,3,5,5) (3F) 구로디지털단지 방면 승강장으로 이동
01,수도권,S1,2,2호선,0130,대림,1,출입구-승강장,3,6,6) 승차 (휠체어칸)
01,수도권,S1,2,2호선,0130,대림,1,출입구-승강장,4,1,1) (1F) 7번/8번 출입구 사이 엘리베이터 탑승
01,수도권,S1,2,2호선,0130,대림,1,출입구-승강장,4,2,2) (2F) 대합실로 이동
01,수도권,S1,2,2호선,0130,대림,1,출입구-승강장,4,3,3) 표 내는 곳 통과
01,수도권,S1,2,2호선,0130,대림,1,출입구-승강장,4,4,4) 신도림 방면 엘리베이터 탑승
01,수도권,S1,2,2호선,0130,대림,1,출입구-승강장,4,5,5) (3F) 신도림 방면 승강장으로 이동
01,수도권,S1,2,2호선,0130,대림,1,출입구-승강장,4,6,6) 승차 (휠체어칸)
01,수도권,S1,2,2호선,0130,대림,3,환승,1,1,1) 3F 2호선 구로디지털단지 방면 승강장 하차
01,수도권,S1,2,2호선,0130,대림,3,환승,1,2,2) 대합실 방향 엘리베이터 탑승
01,수도권,S1,2,2호선,0130,대림,3,환승,1,3,3) 2F 대합실로 이동
01,수도권,S1,2,2호선,0130,대림,3,환승,1,4,4) 휠체어 비상게이트 이용해 외부로 나감
01,수도권,S1,2,2호선,0130,대림,3,환승,1,5,5) 2F 8번출구 엘리베이터 탑승
01,수도권,S1,2,2호선,0130,대림,3,환승,1,6,6) 1F 외부로 이동
01,수도권,S1,2,2호선,0130,대림,3,환승,1,7,7) 직진 후 좌회전하여 7호선 10번출구로 이동(약 200m)
01,수도권,S1,2,2호선,0130,대림,3,환승,1,8,8) 1F 7호선 엘리베이터 탑승
01,수도권,S1,2,2호선,0130,대림,3,환승,1,9,9) B1 7호선 대합실로 이동
01,수도권,S1,2,2호선,0130,대림,3,환승,1,10,10) 휠체어 비상게이트 이용해 내부로 들어옴
01,수도권,S1,2,2호선,0130,대림,3,환승,1,11,11) 7호선 신풍방면 엘리베이터 탑승
01,수도권,S1,2,2호선,0130,대림,3,환승,1,12,12) B2 7호선 신풍방면 승강장으로 이동
01,수도권,S1,2,2호선,0130,대림,3,환승,2,1,1) 3F 2호선 구로디지털단지 방면 승강장 하차
01,수도권,S1,2,2호선,0130,대림,3,환승,2,2,2) 대합실 방향 엘리베이터 탑승
01,수도권,S1,2,2호선,0130,대림,3,환승,2,3,3) 2F 대합실로 이동
01,수도권,S1,2,2호선,0130,대림,3,환승,2,4,4) 휠체어 비상게이트 이용해 외부로 나감
01,수도권,S1,2,2호선,0130,대림,3,환승,2,5,5) 2F 8번출구 엘리베이터 탑승
01,수도권,S1,2,2호선,0130,대림,3,환승,2,6,6) 1F 외부로 이동
01,수도권,S1,2,2호선,0130,대림,3,환승,2,7,7) 직진 후 좌회전하여 7호선 10번출구로 이동(약 200m)
01,수도권,S1,2,2호선,0130,대림,3,환승,2,8,8) 1F 7호선 엘리베이터 탑승
01,수도권,S1,2,2호선,0130,대림,3,환승,2,9,9) B1 7호선 대합실로 이동
01,수도권,S1,2,2호선,0130,대림,3,환승,2,10,10) 휠체어 비상게이트 이용해 내부로 들어옴
01,수도권,S1,2,2호선,0130,대림,3,환승,2,11,11) 7호선 남구로방면 엘리베이터 탑승
01,수도권,S1,2,2호선,0130,대림,3,환승,2,12,12) B2 7호선 남구로방면 승강장으로 이동
01,수도권,S1,2,2호선,0130,대림,3,환승,2,13,13) 승차(휠체어칸) 승차
01,수도권,S1,2,2호선,0130,대림,3,환승,3,1,1) 3F 2호선 신도림 방면 승강장 하차
01,수도권,S1,2,2호선,0130,대림,3,환승,3,2,2) 대합실 방향 엘리베이터 탑승
01,수도권,S1,2,2호선,0130,대림,3,환승,3,3,3) 2F 대합실로 이동
01,수도권,S1,2,2호선,0130,대림,3,환승,3,4,4) 휠체어 비상게이트 이용해 외부로 나감
01,수도권,S1,2,2호선,0130,대림,3,환승,3,5,5) 2F 8번출구 엘리베이터 탑승
01,수도권,S1,2,2호선,0130,대림,3,환승,3,6,6) 1F 외부로 이동
01,수도권,S1,2,2호선,0130,대림,3,환승,3,7,7) 직진 후 좌회전하여 7호선 10번출구로 이동(약 200m)
01,수도권,S1,2,2호선,0130,대림,3,환승,3,8,8) 1F 7호선 엘리베이터 탑승
01,수도권,S1,2,2호선,0130,대림,3,환승,3,9,9) B1 7호선 대합실로 이동
01,수도권,S1,2,2호선,0130,대림,3,환승,3,10,10) 휠체어 비상게이트 이용해 내부로 들어옴
01,수도권,S1,2,2호선,0130,대림,3,환승,3,11,11) 7호선 신풍방면 엘리베이터 탑승
01,수도권,S1,2,2호선,0130,대림,3,환승,3,12,12) B2 7호선 신풍방면 승강장으로 이동
01,수도권,S1,2,2호선,0130,대림,3,환승,3,13,13) 승차(휠체어칸) 승차
01,수도권,S1,2,2호선,0130,대림,3,환승,4,1,1) 3F 2호선 신도림 방면 승강장 하차
01,수도권,S1,2,2호선,0130,대림,3,환승,4,2,2) 대합실 방향 엘리베이터 탑승
01,수도권,S1,2,2호선,0130,대림,3,환승,4,3,3) 2F 대합실로 이동
01,수도권,S1,2,2호선,0130,대림,3,환승,4,4,4) 휠체어 비상게이트 이용해 외부로 나감
01,수도권,S1,2,2호선,0130,대림,3,환승,4,5,5) 2F 8번출구 엘리베이터 탑승
01,수도권,S1,2,2호선,0130,대림,3,환승,4,6,6) 1F 외부로 이동
01,수도권,S1,2,2호선,0130,대림,3,환승,4,7,7) 직진 후 좌회전하여 7호선 10번출구로 이동(약 200m)
01,수도권,S1,2,2호선,0130,대림,3,환승,4,8,8) 1F 7호선 엘리베이터 탑승
01,수도권,S1,2,2호선,0130,대림,3,환승,4,9,9) B1 7호선 대합실로 이동
01,수도권,S1,2,2호선,0130,대림,3,환승,4,10,10) 휠체어 비상게이트 이용해 내부로 들어옴
01,수도권,S1,2,2호선,0130,대림,3,환승,4,11,11) 7호선 남구로방면 엘리베이터 탑승
01,수도권,S1,2,2호선,0130,대림,3,환승,4,12,12) B2 7호선 남구로방면 승강장으로 이동
01,수도권,S1,2,2호선,0130,대림,3,환승,4,13,13) 승차(휠체어칸)
01,수도권,S1,2,2호선,0070,구로디지털단지,1,출입구-승강장,1,1,1) (1F) 1번 출입구와 6번 출입구 사이 엘리베이터 탑승 
01,수도권,S1,2,2호선,0070,구로디지털단지,1,출입구-승강장,1,2,2) (2F) 대합실로 이동
01,수도권,S1,2,2호선,0070,구로디지털단지,1,출입구-승강장,1,3,3)  표 내는 곳 통과
01,수도권,S1,2,2호선,0070,구로디지털단지,1,출입구-승강장,1,4,4) (2F) 신대방 방면 내부 엘리베이터 탑승 
01,수도권,S1,2,2호선,0070,구로디지털단지,1,출입구-승강장,1,5,5) (3F) 신대방 방면 승강장으로 이동 
01,수도권,S1,2,2호선,0070,구로디지털단지,1,출입구-승강장,1,6,6) 탑승(휠체어칸)
01,수도권,S1,2,2호선,0070,구로디지털단지,1,출입구-승강장,2,1,1) (1F) 1번 출입구와 6번 출입구 사이 엘리베이터 탑승 
01,수도권,S1,2,2호선,0070,구로디지털단지,1,출입구-승강장,2,2,2) (2F) 대합실로 이동
01,수도권,S1,2,2호선,0070,구로디지털단지,1,출입구-승강장,2,3,3)  표 내는 곳 통과
01,수도권,S1,2,2호선,0070,구로디지털단지,1,출입구-승강장,2,4,4) (2F) 대림 방면 내부 엘리베이터 탑승 
01,수도권,S1,2,2호선,0070,구로디지털단지,1,출입구-승강장,2,5,5) (3F) 대림 방면 승강장으로 이동
01,수도권,S1,2,2호선,0070,구로디지털단지,1,출입구-승강장,2,6,6) 탑승(휠체어칸)
01,수도권,S1,2,2호선,0070,구로디지털단지,1,출입구-승강장,3,1,1) (1F) 2번 출입구와 3번 출입구 사이 엘리베이터 탑승 
01,수도권,S1,2,2호선,0070,구로디지털단지,1,출입구-승강장,3,2,"2) (2F) 2,3번 출입구와 대합실 사이 연결통로 이동"
01,수도권,S1,2,2호선,0070,구로디지털단지,1,출입구-승강장,3,3,3)  표 내는 곳 통과
01,수도권,S1,2,2호선,0070,구로디지털단지,1,출입구-승강장,3,4,4) (2F) 신대방 방면 내부 엘리베이터 탑승 
01,수도권,S1,2,2호선,0070,구로디지털단지,1,출입구-승강장,3,5,5) (3F) 신대방 방면 승강장으로 이동 
01,수도권,S1,2,2호선,0070,구로디지털단지,1,출입구-승강장,3,6,6) 탑승(휠체어칸)
01,수도권,S1,2,2호선,0070,구로디지털단지,1,출입구-승강장,4,1,1) (1F) 2번 출입구와 3번 출입구 사이 엘리베이터 탑승 
01,수도권,S1,2,2호선,0070,구로디지털단지,1,출입구-승강장,4,2,"2) (2F) 2,3번 출입구와 대합실 사이 연결통로 이동"
01,수도권,S1,2,2호선,0070,구로디지털단지,1,출입구-승강장,4,3,3)  표 내는 곳 통과
01,수도권,S1,2,2호선,0070,구로디지털단지,1,출입구-승강장,4,4,4) (2F) 대림 방면 내부 엘리베이터 탑승 
01,수도권,S1,2,2호선,0070,구로디지털단지,1,출입구-승강장,4,5,5) (3F) 대림 방면 승강장으로 이동
01,수도권,S1,2,2호선,0070,구로디지털단지,1,출입구-승강장,4,6,6) 탑승(휠체어칸)
01,수도권,S1,2,2호선,0357,신대방,1,출입구-승강장,1,1,1) (1F) 1번 출입구 옆 엘리베이터 탑승
01,수도권,S1,2,2호선,0357,신대방,1,출입구-승강장,1,2,2) (2F) 대합실로 이동
01,수도권,S1,2,2호선,0357,신대방,1,출입구-승강장,1,3,3) 표 내는 곳 통과
01,수도권,S1,2,2호선,0357,신대방,1,출입구-승강장,1,4,4) 신림 방면 엘리베이터 탑승
01,수도권,S1,2,2호선,0357,신대방,1,출입구-승강장,1,5,5) (3F) 신림 방면 승강장으로 이동
01,수도권,S1,2,2호선,0357,신대방,1,출입구-승강장,1,6,6) 승차 (휠체어칸)
01,수도권,S1,2,2호선,0357,신대방,1,출입구-승강장,2,1,1) (1F) 1번 출입구 옆 엘리베이터 탑승
01,수도권,S1,2,2호선,0357,신대방,1,출입구-승강장,2,2,2) (2F) 대합실로 이동
01,수도권,S1,2,2호선,0357,신대방,1,출입구-승강장,2,3,3) 표 내는 곳 통과
01,수도권,S1,2,2호선,0357,신대방,1,출입구-승강장,2,4,4) 구로디지털단지 방면 엘리베이터 탑승
01,수도권,S1,2,2호선,0357,신대방,1,출입구-승강장,2,5,5) (3F) 구로디지털단지 방면 승강장으로 이동
01,수도권,S1,2,2호선,0357,신대방,1,출입구-승강장,2,6,6) 승차 (휠체어칸)
01,수도권,S1,2,2호선,0361,신림,1,출입구-승강장,1,1,1) (1F) 1번 출입구 옆 엘리베이터 탑승
01,수도권,S1,2,2호선,0361,신림,1,출입구-승강장,1,2,2) (B1) 대합실로 이동
01,수도권,S1,2,2호선,0361,신림,1,출입구-승강장,1,3,3) 표 내는 곳 통과
01,수도권,S1,2,2호선,0361,신림,1,출입구-승강장,1,4,4) 승강장 방향 엘리베이터 탑승
01,수도권,S1,2,2호선,0361,신림,1,출입구-승강장,1,5,5) (B2) 봉천 방면 승강장으로 이동
01,수도권,S1,2,2호선,0361,신림,1,출입구-승강장,1,6,6) 승차 (휠체어칸)
01,수도권,S1,2,2호선,0361,신림,1,출입구-승강장,2,1,1) (1F) 1번 출입구 옆 엘리베이터 탑승
01,수도권,S1,2,2호선,0361,신림,1,출입구-승강장,2,2,2) (B1) 대합실로 이동
01,수도권,S1,2,2호선,0361,신림,1,출입구-승강장,2,3,3) 표 내는 곳 통과
01,수도권,S1,2,2호선,0361,신림,1,출입구-승강장,2,4,4) 승강장 방향 엘리베이터 탑승
01,수도권,S1,2,2호선,0361,신림,1,출입구-승강장,2,5,5) (B2) 신대방 방면 승강장으로 이동
01,수도권,S1,2,2호선,0361,신림,1,출입구-승강장,2,6,6) 승차 (휠체어칸)
01,수도권,S1,2,2호선,0361,신림,1,출입구-승강장,3,1,1) (1F) 5번 출입구 옆 엘리베이터 탑승
01,수도권,S1,2,2호선,0361,신림,1,출입구-승강장,3,2,2) (B1) 대합실로 이동
01,수도권,S1,2,2호선,0361,신림,1,출입구-승강장,3,3,3) 표 내는 곳 통과
01,수도권,S1,2,2호선,0361,신림,1,출입구-승강장,3,4,4) 승강장 방향 엘리베이터 탑승
01,수도권,S1,2,2호선,0361,신림,1,출입구-승강장,3,5,5) (B2) 봉천 방면 승강장으로 이동
01,수도권,S1,2,2호선,0361,신림,1,출입구-승강장,3,6,6) 승차 (휠체어칸)
01,수도권,S1,2,2호선,0361,신림,1,출입구-승강장,4,1,1) (1F) 5번 출입구 옆 엘리베이터 탑승
01,수도권,S1,2,2호선,0361,신림,1,출입구-승강장,4,2,2) (B1) 대합실로 이동
01,수도권,S1,2,2호선,0361,신림,1,출입구-승강장,4,3,3) 표 내는 곳 통과
01,수도권,S1,2,2호선,0361,신림,1,출입구-승강장,4,4,4) 승강장 방향 엘리베이터 탑승
01,수도권,S1,2,2호선,0361,신림,1,출입구-승강장,4,5,5) (B2) 신대방 방면 승강장으로 이동
01,수도권,S1,2,2호선,0361,신림,1,출입구-승강장,4,6,6) 승차 (휠체어칸)
01,수도권,S1,2,2호선,0361,신림,3,환승,1,1,1) (B2) 2호선 봉천 방면 승강장 하차
01,수도권,S1,2,2호선,0361,신림,3,환승,1,2,2) 대합실 방향 엘리베이터 탑승
01,수도권,S1,2,2호선,0361,신림,3,환승,1,3,3) (B1) 대합실로 이동
01,수도권,S1,2,2호선,0361,신림,3,환승,1,4,4) 신림선 환승게이트 통과
01,수도권,S1,2,2호선,0361,신림,3,환승,1,5,5) 신림선 승강장 방향 엘리베이터 탑승
01,수도권,S1,2,2호선,0361,신림,3,환승,1,6,6) (B3) 신림선 당곡 방면 승강장으로 이동
01,수도권,S1,2,2호선,0361,신림,3,환승,1,7,7) 승차 (휠체어칸)
01,수도권,S1,2,2호선,0361,신림,3,환승,2,1,1) (B2) 2호선 봉천 방면 승강장 하차
01,수도권,S1,2,2호선,0361,신림,3,환승,2,2,2) 대합실 방향 엘리베이터 탑승
01,수도권,S1,2,2호선,0361,신림,3,환승,2,3,3) (B1) 대합실로 이동
01,수도권,S1,2,2호선,0361,신림,3,환승,2,4,4) 신림선 환승게이트 통과
01,수도권,S1,2,2호선,0361,신림,3,환승,2,5,5) 신림선 승강장 방향 엘리베이터 탑승
01,수도권,S1,2,2호선,0361,신림,3,환승,2,6,6) (B3) 신림선 서원 방면 승강장으로 이동
01,수도권,S1,2,2호선,0361,신림,3,환승,2,7,7) 승차 (휠체어칸)
01,수도권,S1,2,2호선,0361,신림,3,환승,3,1,1) (B2) 2호선 신대방 방면 승강장 하차
01,수도권,S1,2,2호선,0361,신림,3,환승,3,2,2) 대합실 방향 엘리베이터 탑승
01,수도권,S1,2,2호선,0361,신림,3,환승,3,3,3) (B1) 대합실로 이동
01,수도권,S1,2,2호선,0361,신림,3,환승,3,4,4) 신림선 환승게이트 통과
01,수도권,S1,2,2호선,0361,신림,3,환승,3,5,5) 신림선 승강장 방향 엘리베이터 탑승
01,수도권,S1,2,2호선,0361,신림,3,환승,3,6,6) (B3) 신림선 당곡 방면 승강장으로 이동
01,수도권,S1,2,2호선,0361,신림,3,환승,3,7,7) 승차 (휠체어칸)
01,수도권,S1,2,2호선,0361,신림,3,환승,4,1,1) (B2) 2호선 신대방 방면 승강장 하차
01,수도권,S1,2,2호선,0361,신림,3,환승,4,2,2) 대합실 방향 엘리베이터 탑승
01,수도권,S1,2,2호선,0361,신림,3,환승,4,3,3) (B1) 대합실로 이동
01,수도권,S1,2,2호선,0361,신림,3,환승,4,4,4) 신림선 환승게이트 통과
01,수도권,S1,2,2호선,0361,신림,3,환승,4,5,5) 신림선 승강장 방향 엘리베이터 탑승
01,수도권,S1,2,2호선,0361,신림,3,환승,4,6,6) (B3) 신림선 서원 방면 승강장으로 이동
01,수도권,S1,2,2호선,0361,신림,3,환승,4,7,7) 승차 (휠체어칸)
01,수도권,S1,2,2호선,0242,봉천,1,출입구-승강장,1,1,1) (1F) 4번 출입구 옆 엘리베이터 탑승
01,수도권,S1,2,2호선,0242,봉천,1,출입구-승강장,1,2,2) (B1) 대합실로 이동
01,수도권,S1,2,2호선,0242,봉천,1,출입구-승강장,1,3,3) 표 내는 곳 통과
01,수도권,S1,2,2호선,0242,봉천,1,출입구-승강장,1,4,4) 승강장 방향 엘리베이터 탑승
01,수도권,S1,2,2호선,0242,봉천,1,출입구-승강장,1,5,5) (B2) 서울대입구 방면 승강장으로 이동
01,수도권,S1,2,2호선,0242,봉천,1,출입구-승강장,1,6,6) 7-1칸(휠체어칸) 승차
01,수도권,S1,2,2호선,0242,봉천,1,출입구-승강장,2,1,1) (1F) 4번 출입구 옆 엘리베이터 탑승
01,수도권,S1,2,2호선,0242,봉천,1,출입구-승강장,2,2,2) (B1) 대합실로 이동
01,수도권,S1,2,2호선,0242,봉천,1,출입구-승강장,2,3,3) 표 내는 곳 통과
01,수도권,S1,2,2호선,0242,봉천,1,출입구-승강장,2,4,4) 승강장 방향 엘리베이터 탑승
01,수도권,S1,2,2호선,0242,봉천,1,출입구-승강장,2,5,5) (B2) 신림 방면 승강장으로 이동
01,수도권,S1,2,2호선,0242,봉천,1,출입구-승강장,2,6,6) 4-4칸(휠체어칸) 승차
01,수도권,S1,2,2호선,0294,서울대입구,1,출입구-승강장,1,1,1) 6번 출입구 근처 엘리베이터 이용
01,수도권,S1,2,2호선,0294,서울대입구,1,출입구-승강장,1,2,2) 고객안내센터 앞 엘리베이터를 이용하여 지하2층으로 이동
01,수도권,S1,2,2호선,0294,서울대입구,1,출입구-승강장,1,3,3) 승강장 이동
01,수도권,S1,2,2호선,0294,서울대입구,1,출입구-승강장,2,1,1) 6번 출입구 근처 엘리베이터 이용
01,수도권,S1,2,2호선,0294,서울대입구,1,출입구-승강장,2,2,2) 고객안내센터 앞 엘리베이터를 이용하여 지하2층으로 이동
01,수도권,S1,2,2호선,0294,서울대입구,1,출입구-승강장,2,3,3) 승강장 이동
01,수도권,S1,2,2호선,0294,서울대입구,1,출입구-승강장,3,1,1) 2번 출입구 근처 엘리베이터 이용
01,수도권,S1,2,2호선,0294,서울대입구,1,출입구-승강장,3,2,2) 고객안내센터 앞 엘리베이터를 이용하여 지하2층으로 이동
01,수도권,S1,2,2호선,0294,서울대입구,1,출입구-승강장,3,3,3) 승강장 이동
01,수도권,S1,2,2호선,0294,서울대입구,1,출입구-승강장,4,1,1) 2번 출입구 근처 엘리베이터 이용
01,수도권,S1,2,2호선,0294,서울대입구,1,출입구-승강장,4,2,2) 고객안내센터 앞 엘리베이터를 이용하여 지하2층으로 이동
01,수도권,S1,2,2호선,0294,서울대입구,1,출입구-승강장,4,3,3) 승강장 이동
01,수도권,S1,2,2호선,0102,낙성대,1,출입구-승강장,1,1,1) (1F) 6번 출입구 옆 엘리베이터 탑승
01,수도권,S1,2,2호선,0102,낙성대,1,출입구-승강장,1,2,2) (B1) 대합실로 이동
01,수도권,S1,2,2호선,0102,낙성대,1,출입구-승강장,1,3,3) 사당 방면 엘리베이터 앞 표 내는 곳 통과
01,수도권,S1,2,2호선,0102,낙성대,1,출입구-승강장,1,4,4) 사당 방면 엘리베이터 탑승
01,수도권,S1,2,2호선,0102,낙성대,1,출입구-승강장,1,5,5) (B2) 사당 방면 승강장으로 이동
01,수도권,S1,2,2호선,0102,낙성대,1,출입구-승강장,1,6,6) 승차 (휠체어칸)
01,수도권,S1,2,2호선,0102,낙성대,1,출입구-승강장,2,1,1) (1F) 6번 출입구 옆 엘리베이터 탑승
01,수도권,S1,2,2호선,0102,낙성대,1,출입구-승강장,2,2,2) (B1) 대합실로 이동
01,수도권,S1,2,2호선,0102,낙성대,1,출입구-승강장,2,3,3) 서울대입구 방면 엘리베이터 앞 표 내는 곳 통과
01,수도권,S1,2,2호선,0102,낙성대,1,출입구-승강장,2,4,4) 서울대입구 방면 엘리베이터 탑승
01,수도권,S1,2,2호선,0102,낙성대,1,출입구-승강장,2,5,5) (B2) 서울대입구 방면 승강장으로 이동
01,수도권,S1,2,2호선,0102,낙성대,1,출입구-승강장,2,6,6) 승차 (휠체어칸)
01,수도권,S1,2,2호선,0257,사당,1,출입구-승강장,1,1,1) (1F) 6번 출입구 옆 엘리베이터 탑승
01,수도권,S1,2,2호선,0257,사당,1,출입구-승강장,1,2,2) (B1) 대합실로 이동
01,수도권,S1,2,2호선,0257,사당,1,출입구-승강장,1,3,3) 방배 방면 엘리베이터 앞 표 내는 곳 통과
01,수도권,S1,2,2호선,0257,사당,1,출입구-승강장,1,4,4) 방배 방면 엘리베이터 탑승
01,수도권,S1,2,2호선,0257,사당,1,출입구-승강장,1,5,5) (B2) 방배 방면 승강장으로 이동
01,수도권,S1,2,2호선,0257,사당,1,출입구-승강장,1,6,6) 승차 (휠체어칸)
01,수도권,S1,2,2호선,0257,사당,1,출입구-승강장,2,1,1) (1F) 6번 출입구 옆 엘리베이터 탑승
01,수도권,S1,2,2호선,0257,사당,1,출입구-승강장,2,2,2) (B1) 대합실로 이동
01,수도권,S1,2,2호선,0257,사당,1,출입구-승강장,2,3,3) 낙성대 방면 엘리베이터 앞 표 내는 곳 통과
01,수도권,S1,2,2호선,0257,사당,1,출입구-승강장,2,4,4) 낙성대 방면 엘리베이터 탑승
01,수도권,S1,2,2호선,0257,사당,1,출입구-승강장,2,5,5) (B2) 낙성대 방면 승강장으로 이동
01,수도권,S1,2,2호선,0257,사당,1,출입구-승강장,2,6,6) 승차 (휠체어칸)
01,수도권,S1,2,2호선,0257,사당,1,출입구-승강장,3,1,1) (1F) 14번 출입구 옆 엘리베이터 탑승
01,수도권,S1,2,2호선,0257,사당,1,출입구-승강장,3,2,2) (B1) 대합실로 이동
01,수도권,S1,2,2호선,0257,사당,1,출입구-승강장,3,3,3) 방배 방면 엘리베이터 앞 표 내는 곳 통과
01,수도권,S1,2,2호선,0257,사당,1,출입구-승강장,3,4,4) 방배 방면 엘리베이터 탑승
01,수도권,S1,2,2호선,0257,사당,1,출입구-승강장,3,5,5) (B2) 방배 방면 승강장으로 이동
01,수도권,S1,2,2호선,0257,사당,1,출입구-승강장,3,6,6) 승차 (휠체어칸)
01,수도권,S1,2,2호선,0257,사당,1,출입구-승강장,4,1,1) (1F) 14번 출입구 옆 엘리베이터 탑승
01,수도권,S1,2,2호선,0257,사당,1,출입구-승강장,4,2,2) (B1) 대합실로 이동
01,수도권,S1,2,2호선,0257,사당,1,출입구-승강장,4,3,3) 낙성대 방면 엘리베이터 앞 표 내는 곳 통과
01,수도권,S1,2,2호선,0257,사당,1,출입구-승강장,4,4,4) 낙성대 방면 엘리베이터 탑승
01,수도권,S1,2,2호선,0257,사당,1,출입구-승강장,4,5,5) (B2) 낙성대 방면 승강장으로 이동
01,수도권,S1,2,2호선,0257,사당,1,출입구-승강장,4,6,6) 승차 (휠체어칸)
01,수도권,S1,2,2호선,0257,사당,3,환승,1,1,1) (B2) 2호선 방배 방면 승강장 하차
01,수도권,S1,2,2호선,0257,사당,3,환승,1,2,2) 대합실 방향 엘리베이터 탑승
01,수도권,S1,2,2호선,0257,사당,3,환승,1,3,3) (B1) 대합실로 이동
01,수도권,S1,2,2호선,0257,사당,3,환승,1,4,4) 4호선 승강장 방향 엘리베이터 탑승
01,수도권,S1,2,2호선,0257,사당,3,환승,1,5,5) (B3) 4호선 총신대입구 방면 승강장으로 이동
01,수도권,S1,2,2호선,0257,사당,3,환승,1,6,6) 승차 (휠체어칸)
01,수도권,S1,2,2호선,0257,사당,3,환승,2,1,1) (B2) 2호선 방배 방면 승강장 하차
01,수도권,S1,2,2호선,0257,사당,3,환승,2,2,2) 대합실 방향 엘리베이터 탑승
01,수도권,S1,2,2호선,0257,사당,3,환승,2,3,3) (B1) 대합실로 이동
01,수도권,S1,2,2호선,0257,사당,3,환승,2,4,4) 4호선 승강장 방향 엘리베이터 탑승
01,수도권,S1,2,2호선,0257,사당,3,환승,2,5,5) (B3) 4호선 남태령 방면 승강장으로 이동
01,수도권,S1,2,2호선,0257,사당,3,환승,2,6,6) 승차 (휠체어칸)
01,수도권,S1,2,2호선,0257,사당,3,환승,3,1,1) (B2) 2호선 낙성대 방면 승강장 하차
01,수도권,S1,2,2호선,0257,사당,3,환승,3,2,2) 승강장 내 엘리베이터 탑승
01,수도권,S1,2,2호선,0257,사당,3,환승,3,3,3) (B3) 4호선 총신대입구 방면 승강장으로 이동
01,수도권,S1,2,2호선,0257,사당,3,환승,3,4,4) 승차 (휠체어칸)
01,수도권,S1,2,2호선,0257,사당,3,환승,4,1,1) (B2) 2호선 낙성대 방면 승강장 하차
01,수도권,S1,2,2호선,0257,사당,3,환승,4,2,2) 승강장 내 엘리베이터 탑승
01,수도권,S1,2,2호선,0257,사당,3,환승,4,3,3) (B3) 4호선 남태령 방면 승강장으로 이동
01,수도권,S1,2,2호선,0257,사당,3,환승,4,4,4) 승차 (휠체어칸)
01,수도권,S1,2,2호선,0218,방배,1,출입구-승강장,1,1,1) (1F) 3번 출입구 옆 엘리베이터 탑승
01,수도권,S1,2,2호선,0218,방배,1,출입구-승강장,1,2,2) (B1) 대합실로 이동
01,수도권,S1,2,2호선,0218,방배,1,출입구-승강장,1,3,3) 표 내는 곳 통과
01,수도권,S1,2,2호선,0218,방배,1,출입구-승강장,1,4,4) 서초 방면 엘리베이터 탑승
01,수도권,S1,2,2호선,0218,방배,1,출입구-승강장,1,5,5) (B2) 서초 방면 승강장으로 이동
01,수도권,S1,2,2호선,0218,방배,1,출입구-승강장,1,6,6) 승차 (휠체어칸)
01,수도권,S1,2,2호선,0218,방배,1,출입구-승강장,2,1,1) (1F) 3번 출입구 옆 엘리베이터 탑승
01,수도권,S1,2,2호선,0218,방배,1,출입구-승강장,2,2,2) (B1) 대합실로 이동
01,수도권,S1,2,2호선,0218,방배,1,출입구-승강장,2,3,3) 표 내는 곳 통과
01,수도권,S1,2,2호선,0218,방배,1,출입구-승강장,2,4,4) 사당 방면 엘리베이터 탑승
01,수도권,S1,2,2호선,0218,방배,1,출입구-승강장,2,5,5) (B2) 사당 방면 승강장으로 이동
01,수도권,S1,2,2호선,0218,방배,1,출입구-승강장,2,6,6) 승차 (휠체어칸)
01,수도권,S1,2,2호선,0298,서초,1,출입구-승강장,1,1,1) (1F) 1번 출입구 옆 엘리베이터 탑승
01,수도권,S1,2,2호선,0298,서초,1,출입구-승강장,1,2,2) (B1) 대합실로 이동
01,수도권,S1,2,2호선,0298,서초,1,출입구-승강장,1,3,3) 교대 방면 엘리베이터 앞 표 내는 곳 통과
01,수도권,S1,2,2호선,0298,서초,1,출입구-승강장,1,4,4) 교대 방면 엘리베이터 탑승
01,수도권,S1,2,2호선,0298,서초,1,출입구-승강장,1,5,5) (B2) 교대 방면 승강장으로 이동
01,수도권,S1,2,2호선,0298,서초,1,출입구-승강장,1,6,6) 승차 (휠체어칸)
01,수도권,S1,2,2호선,0298,서초,1,출입구-승강장,2,1,1) (1F) 1번 출입구 옆 엘리베이터 탑승
01,수도권,S1,2,2호선,0298,서초,1,출입구-승강장,2,2,2) (B1) 대합실로 이동
01,수도권,S1,2,2호선,0298,서초,1,출입구-승강장,2,3,3) 방배 방면 엘리베이터 앞 표 내는 곳 통과
01,수도권,S1,2,2호선,0298,서초,1,출입구-승강장,2,4,4) 방배 방면 엘리베이터 탑승
01,수도권,S1,2,2호선,0298,서초,1,출입구-승강장,2,5,5) (B2) 방배 방면 승강장으로 이동
01,수도권,S1,2,2호선,0298,서초,1,출입구-승강장,2,6,6) 승차 (휠체어칸)
01,수도권,S1,2,2호선,0298,서초,1,출입구-승강장,3,1,1) (1F) 4번 출입구 옆 엘리베이터 탑승
01,수도권,S1,2,2호선,0298,서초,1,출입구-승강장,3,2,2) (B1) 대합실로 이동
01,수도권,S1,2,2호선,0298,서초,1,출입구-승강장,3,3,3) 교대 방면 엘리베이터 앞 표 내는 곳 통과
01,수도권,S1,2,2호선,0298,서초,1,출입구-승강장,3,4,4) 교대 방면 엘리베이터 탑승
01,수도권,S1,2,2호선,0298,서초,1,출입구-승강장,3,5,5) (B2) 교대 방면 승강장으로 이동
01,수도권,S1,2,2호선,0298,서초,1,출입구-승강장,3,6,6) 승차 (휠체어칸)
01,수도권,S1,2,2호선,0298,서초,1,출입구-승강장,4,1,1) (1F) 4번 출입구 옆 엘리베이터 탑승
01,수도권,S1,2,2호선,0298,서초,1,출입구-승강장,4,2,2) (B1) 대합실로 이동
01,수도권,S1,2,2호선,0298,서초,1,출입구-승강장,4,3,3) 방배 방면 엘리베이터 앞 표 내는 곳 통과
01,수도권,S1,2,2호선,0298,서초,1,출입구-승강장,4,4,4) 방배 방면 엘리베이터 탑승
01,수도권,S1,2,2호선,0298,서초,1,출입구-승강장,4,5,5) (B2) 방배 방면 승강장으로 이동
01,수도권,S1,2,2호선,0298,서초,1,출입구-승강장,4,6,6) 승차 (휠체어칸)
01,수도권,S1,2,2호선,0068,교대,1,출입구-승강장,1,1,1) (1F) 12번 출입구 옆 엘리베이터 탑승
01,수도권,S1,2,2호선,0068,교대,1,출입구-승강장,1,2,2) (B1) 대합실로 이동
01,수도권,S1,2,2호선,0068,교대,1,출입구-승강장,1,3,3) 강남 방면 엘리베이터 앞 표 내는 곳 통과
01,수도권,S1,2,2호선,0068,교대,1,출입구-승강장,1,4,4) 강남 방면 엘리베이터 탑승
01,수도권,S1,2,2호선,0068,교대,1,출입구-승강장,1,5,5) (B2) 강남 방면 승강장으로 이동
01,수도권,S1,2,2호선,0068,교대,1,출입구-승강장,1,6,6) 승차 (휠체어칸)
01,수도권,S1,2,2호선,0068,교대,1,출입구-승강장,2,1,1) (1F) 12번 출입구 옆 엘리베이터 탑승
01,수도권,S1,2,2호선,0068,교대,1,출입구-승강장,2,2,2) (B1) 대합실로 이동
01,수도권,S1,2,2호선,0068,교대,1,출입구-승강장,2,3,3) 서초 방면 엘리베이터 앞 표 내는 곳 통과
01,수도권,S1,2,2호선,0068,교대,1,출입구-승강장,2,4,4) 서초 방면 엘리베이터 탑승
01,수도권,S1,2,2호선,0068,교대,1,출입구-승강장,2,5,5) (B2) 서초 방면 승강장으로 이동
01,수도권,S1,2,2호선,0068,교대,1,출입구-승강장,2,6,6) 승차 (휠체어칸)
01,수도권,S1,2,2호선,0068,교대,1,출입구-승강장,3,1,1) (1F) 13번 출입구 옆 엘리베이터 탑승
01,수도권,S1,2,2호선,0068,교대,1,출입구-승강장,3,2,2) (B1) 3호선 대합실로 이동
01,수도권,S1,2,2호선,0068,교대,1,출입구-승강장,3,3,3) 2호선 대합실 방향 휠체어리프트 탑승
01,수도권,S1,2,2호선,0068,교대,1,출입구-승강장,3,4,4) 2호선 대합실 이동
01,수도권,S1,2,2호선,0068,교대,1,출입구-승강장,3,5,5) 강남 방면 엘리베이터 앞 표 내는 곳 통과
01,수도권,S1,2,2호선,0068,교대,1,출입구-승강장,3,6,6) 강남 방면 엘리베이터 탑승
01,수도권,S1,2,2호선,0068,교대,1,출입구-승강장,3,7,7) (B2) 강남 방면 승강장으로 이동
01,수도권,S1,2,2호선,0068,교대,1,출입구-승강장,3,8,8) 승차 (휠체어칸)
01,수도권,S1,2,2호선,0068,교대,1,출입구-승강장,4,1,1) (1F) 13번 출입구 옆 엘리베이터 탑승
01,수도권,S1,2,2호선,0068,교대,1,출입구-승강장,4,2,2) (B1) 3호선 대합실로 이동
01,수도권,S1,2,2호선,0068,교대,1,출입구-승강장,4,3,3) 2호선 대합실 방향 휠체어리프트 탑승
01,수도권,S1,2,2호선,0068,교대,1,출입구-승강장,4,4,4) 2호선 대합실 이동
01,수도권,S1,2,2호선,0068,교대,1,출입구-승강장,4,5,5) 서초 방면 엘리베이터 앞 표 내는 곳 통과
01,수도권,S1,2,2호선,0068,교대,1,출입구-승강장,4,6,6) 서초 방면 엘리베이터 탑승
01,수도권,S1,2,2호선,0068,교대,1,출입구-승강장,4,7,7) (B2) 서초 방면 승강장으로 이동
01,수도권,S1,2,2호선,0068,교대,1,출입구-승강장,4,8,8) 승차 (휠체어칸)
01,수도권,S1,2,2호선,0068,교대,3,환승,1,1,1) (B2) 2호선 강남 방면 승강장 하차
01,수도권,S1,2,2호선,0068,교대,3,환승,1,2,2) 대합실 방향 엘리베이터 탑승
01,수도권,S1,2,2호선,0068,교대,3,환승,1,3,3) (B1) 대합실로 이동
01,수도권,S1,2,2호선,0068,교대,3,환승,1,4,4) 3호선 대합실 방향 휠체어리프트 탑승
01,수도권,S1,2,2호선,0068,교대,3,환승,1,5,5) (B1) 3호선 대합실로 이동
01,수도권,S1,2,2호선,0068,교대,3,환승,1,6,6) 3호선 승강장 방향 엘리베이터 탑승
01,수도권,S1,2,2호선,0068,교대,3,환승,1,7,7) (B3) 3호선 고속터미널 방면 승강장으로 이동
01,수도권,S1,2,2호선,0068,교대,3,환승,1,8,8) 승차 (휠체어칸)
01,수도권,S1,2,2호선,0068,교대,3,환승,2,1,1) (B2) 2호선 강남 방면 승강장 하차
01,수도권,S1,2,2호선,0068,교대,3,환승,2,2,2) 대합실 방향 엘리베이터 탑승
01,수도권,S1,2,2호선,0068,교대,3,환승,2,3,3) (B1) 대합실로 이동
01,수도권,S1,2,2호선,0068,교대,3,환승,2,4,4) 3호선 대합실 방향 휠체어리프트 탑승
01,수도권,S1,2,2호선,0068,교대,3,환승,2,5,5) (B1) 3호선 대합실로 이동
01,수도권,S1,2,2호선,0068,교대,3,환승,2,6,6) 3호선 승강장 방향 엘리베이터 탑승
01,수도권,S1,2,2호선,0068,교대,3,환승,2,7,7) (B3) 3호선 남부터미널 방면 승강장으로 이동
01,수도권,S1,2,2호선,0068,교대,3,환승,2,8,8) 승차 (휠체어칸)
01,수도권,S1,2,2호선,0068,교대,3,환승,3,1,1) (B2) 2호선 서초 방면 승강장 하차
01,수도권,S1,2,2호선,0068,교대,3,환승,3,2,2) 대합실 방향 엘리베이터 탑승
01,수도권,S1,2,2호선,0068,교대,3,환승,3,3,3) (B1) 대합실로 이동
01,수도권,S1,2,2호선,0068,교대,3,환승,3,4,4) 3호선 대합실 방향 휠체어리프트 탑승
01,수도권,S1,2,2호선,0068,교대,3,환승,3,5,5) (B1) 3호선 대합실로 이동
01,수도권,S1,2,2호선,0068,교대,3,환승,3,6,6) 3호선 승강장 방향 엘리베이터 탑승
01,수도권,S1,2,2호선,0068,교대,3,환승,3,7,7) (B3) 3호선 고속터미널 방면 승강장으로 이동
01,수도권,S1,2,2호선,0068,교대,3,환승,3,8,8) 승차 (휠체어칸)
01,수도권,S1,2,2호선,0068,교대,3,환승,4,1,1) (B2) 2호선 서초 방면 승강장 하차
01,수도권,S1,2,2호선,0068,교대,3,환승,4,2,2) 대합실 방향 엘리베이터 탑승
01,수도권,S1,2,2호선,0068,교대,3,환승,4,3,3) (B1) 대합실로 이동
01,수도권,S1,2,2호선,0068,교대,3,환승,4,4,4) 3호선 대합실 방향 휠체어리프트 탑승
01,수도권,S1,2,2호선,0068,교대,3,환승,4,5,5) (B1) 3호선 대합실로 이동
01,수도권,S1,2,2호선,0068,교대,3,환승,4,6,6) 3호선 승강장 방향 엘리베이터 탑승
01,수도권,S1,2,2호선,0068,교대,3,환승,4,7,7) (B3) 3호선 남부터미널 방면 승강장으로 이동
01,수도권,S1,2,2호선,0068,교대,3,환승,4,8,8) 승차 (휠체어칸)
01,수도권,S1,2,2호선,0017,강남,1,출입구-승강장,1,1,1) (1F) 1번 출입구 옆 엘리베이터 탑승
01,수도권,S1,2,2호선,0017,강남,1,출입구-승강장,1,2,2) (B1) 대합실로 이동
01,수도권,S1,2,2호선,0017,강남,1,출입구-승강장,1,3,3) 표 내는 곳 통과
01,수도권,S1,2,2호선,0017,강남,1,출입구-승강장,1,4,4) 역삼 방면 엘리베이터 탑승
01,수도권,S1,2,2호선,0017,강남,1,출입구-승강장,1,5,5) (B2) 역삼 방면 승강장으로 이동
01,수도권,S1,2,2호선,0017,강남,1,출입구-승강장,1,6,6) 승차 (휠체어칸)
01,수도권,S1,2,2호선,0017,강남,1,출입구-승강장,2,1,1) (1F) 1번 출입구 옆 엘리베이터 탑승
01,수도권,S1,2,2호선,0017,강남,1,출입구-승강장,2,2,2) (B1) 대합실로 이동
01,수도권,S1,2,2호선,0017,강남,1,출입구-승강장,2,3,3) 표 내는 곳 통과
01,수도권,S1,2,2호선,0017,강남,1,출입구-승강장,2,4,4) 교대 방면 엘리베이터 탑승
01,수도권,S1,2,2호선,0017,강남,1,출입구-승강장,2,5,5) (B2) 교대 방면 승강장으로 이동
01,수도권,S1,2,2호선,0017,강남,1,출입구-승강장,2,6,6) 승차 (휠체어칸)
01,수도권,S1,2,2호선,0017,강남,1,출입구-승강장,3,1,1) (1F) 8번 출입구 옆 엘리베이터 탑승
01,수도권,S1,2,2호선,0017,강남,1,출입구-승강장,3,2,2) (B1) 대합실로 이동
01,수도권,S1,2,2호선,0017,강남,1,출입구-승강장,3,3,3) 표 내는 곳 통과
01,수도권,S1,2,2호선,0017,강남,1,출입구-승강장,3,4,4) 역삼 방면 엘리베이터 탑승
01,수도권,S1,2,2호선,0017,강남,1,출입구-승강장,3,5,5) (B2) 역삼 방면 승강장으로 이동
01,수도권,S1,2,2호선,0017,강남,1,출입구-승강장,3,6,6) 승차 (휠체어칸)
01,수도권,S1,2,2호선,0017,강남,1,출입구-승강장,4,1,1) (1F) 8번 출입구 옆 엘리베이터 탑승
01,수도권,S1,2,2호선,0017,강남,1,출입구-승강장,4,2,2) (B1) 대합실로 이동
01,수도권,S1,2,2호선,0017,강남,1,출입구-승강장,4,3,3) 표 내는 곳 통과
01,수도권,S1,2,2호선,0017,강남,1,출입구-승강장,4,4,4) 교대 방면 엘리베이터 탑승
01,수도권,S1,2,2호선,0017,강남,1,출입구-승강장,4,5,5) (B2) 교대 방면 승강장으로 이동
01,수도권,S1,2,2호선,0017,강남,1,출입구-승강장,4,6,6) 승차 (휠체어칸)
01,수도권,S1,2,2호선,0017,강남,1,출입구-승강장,5,1,1) (1F) 10번 출입구 옆 엘리베이터 탑승
01,수도권,S1,2,2호선,0017,강남,1,출입구-승강장,5,2,2) (B1) 대합실로 이동
01,수도권,S1,2,2호선,0017,강남,1,출입구-승강장,5,3,3) 표 내는 곳 통과
01,수도권,S1,2,2호선,0017,강남,1,출입구-승강장,5,4,4) 역삼 방면 엘리베이터 탑승
01,수도권,S1,2,2호선,0017,강남,1,출입구-승강장,5,5,5) (B2) 역삼 방면 승강장으로 이동
01,수도권,S1,2,2호선,0017,강남,1,출입구-승강장,5,6,6) 승차 (휠체어칸)
01,수도권,S1,2,2호선,0017,강남,1,출입구-승강장,6,1,1) (1F) 10번 출입구 옆 엘리베이터 탑승
01,수도권,S1,2,2호선,0017,강남,1,출입구-승강장,6,2,2) (B1) 대합실로 이동
01,수도권,S1,2,2호선,0017,강남,1,출입구-승강장,6,3,3) 표 내는 곳 통과
01,수도권,S1,2,2호선,0017,강남,1,출입구-승강장,6,4,4) 교대 방면 엘리베이터 탑승
01,수도권,S1,2,2호선,0017,강남,1,출입구-승강장,6,5,5) (B2) 교대 방면 승강장으로 이동
01,수도권,S1,2,2호선,0017,강남,1,출입구-승강장,6,6,6) 승차 (휠체어칸)
01,수도권,S1,2,2호선,0017,강남,3,환승,1,1,1) (B2) 2호선 역삼 방면 승강장 하차
01,수도권,S1,2,2호선,0017,강남,3,환승,1,2,2) 환승 엘리베이터 탑승
01,수도권,S1,2,2호선,0017,강남,3,환승,1,3,3) (B3) 환승통로로 이동
01,수도권,S1,2,2호선,0017,강남,3,환승,1,4,4) 신분당선 대합실로 이동
01,수도권,S1,2,2호선,0017,강남,3,환승,1,5,5) 신분당선 신논현 방면 엘리베이터 탑승
01,수도권,S1,2,2호선,0017,강남,3,환승,1,6,6) (B4) 신분당선 신논현 방면 승강장으로 이동
01,수도권,S1,2,2호선,0017,강남,3,환승,1,7,7) 승차 (휠체어칸)
01,수도권,S1,2,2호선,0017,강남,3,환승,2,1,1) (B2) 2호선 역삼 방면 승강장 하차
01,수도권,S1,2,2호선,0017,강남,3,환승,2,2,2) 환승 엘리베이터 탑승
01,수도권,S1,2,2호선,0017,강남,3,환승,2,3,3) (B3) 환승통로로 이동
01,수도권,S1,2,2호선,0017,강남,3,환승,2,4,4) 신분당선 대합실로 이동
01,수도권,S1,2,2호선,0017,강남,3,환승,2,5,5) 신분당선 양재 방면 엘리베이터 탑승
01,수도권,S1,2,2호선,0017,강남,3,환승,2,6,6) (B4) 신분당선 양재 방면 승강장으로 이동
01,수도권,S1,2,2호선,0017,강남,3,환승,2,7,7) 승차 (휠체어칸)
01,수도권,S1,2,2호선,0017,강남,3,환승,3,1,1) (B2) 2호선 교대 방면 승강장 하차
01,수도권,S1,2,2호선,0017,강남,3,환승,3,2,2) 환승 엘리베이터 탑승
01,수도권,S1,2,2호선,0017,강남,3,환승,3,3,3) (B3) 환승통로로 이동
01,수도권,S1,2,2호선,0017,강남,3,환승,3,4,4) 신분당선 대합실로 이동
01,수도권,S1,2,2호선,0017,강남,3,환승,3,5,5) 신분당선 신논현 방면 엘리베이터 탑승
01,수도권,S1,2,2호선,0017,강남,3,환승,3,6,6) (B4) 신분당선 신논현 방면 승강장으로 이동
01,수도권,S1,2,2호선,0017,강남,3,환승,3,7,7) 승차 (휠체어칸)
01,수도권,S1,2,2호선,0017,강남,3,환승,4,1,1) (B2) 2호선 교대 방면 승강장 하차
01,수도권,S1,2,2호선,0017,강남,3,환승,4,2,2) 환승 엘리베이터 탑승
01,수도권,S1,2,2호선,0017,강남,3,환승,4,3,3) (B3) 환승통로로 이동
01,수도권,S1,2,2호선,0017,강남,3,환승,4,4,4) 신분당선 대합실로 이동
01,수도권,S1,2,2호선,0017,강남,3,환승,4,5,5) 신분당선 양재 방면 엘리베이터 탑승
01,수도권,S1,2,2호선,0017,강남,3,환승,4,6,6) (B4) 신분당선 양재 방면 승강장으로 이동
01,수도권,S1,2,2호선,0017,강남,3,환승,4,7,7) 승차 (휠체어칸)
01,수도권,S1,2,2호선,0415,역삼,1,출입구-승강장,1,1,1) (1F) 3번 출입구 옆 엘리베이터 탑승
01,수도권,S1,2,2호선,0415,역삼,1,출입구-승강장,1,2,2) (B2) 대합실로 이동
01,수도권,S1,2,2호선,0415,역삼,1,출입구-승강장,1,3,3) 선릉 방면 엘리베이터 앞 표 내는 곳 통과
01,수도권,S1,2,2호선,0415,역삼,1,출입구-승강장,1,4,4) 선릉 방면 엘리베이터 탑승
01,수도권,S1,2,2호선,0415,역삼,1,출입구-승강장,1,5,5) (B3) 선릉 방면 승강장으로 이동
01,수도권,S1,2,2호선,0415,역삼,1,출입구-승강장,1,6,6) 승차 (휠체어칸)
01,수도권,S1,2,2호선,0415,역삼,1,출입구-승강장,2,1,1) (1F) 3번 출입구 옆 엘리베이터 탑승
01,수도권,S1,2,2호선,0415,역삼,1,출입구-승강장,2,2,2) (B2) 대합실로 이동
01,수도권,S1,2,2호선,0415,역삼,1,출입구-승강장,2,3,3) 강남 방면 엘리베이터 앞 표 내는 곳 통과
01,수도권,S1,2,2호선,0415,역삼,1,출입구-승강장,2,4,4) 강남 방면 엘리베이터 탑승
01,수도권,S1,2,2호선,0415,역삼,1,출입구-승강장,2,5,5) (B3) 강남 방면 승강장으로 이동
01,수도권,S1,2,2호선,0415,역삼,1,출입구-승강장,2,6,6) 승차 (휠체어칸)
01,수도권,S1,2,2호선,0415,역삼,1,출입구-승강장,3,1,1) (1F) 4번 출입구 옆 엘리베이터 탑승
01,수도권,S1,2,2호선,0415,역삼,1,출입구-승강장,3,2,2) (B2) 대합실로 이동
01,수도권,S1,2,2호선,0415,역삼,1,출입구-승강장,3,3,3) 선릉 방면 엘리베이터 앞 표 내는 곳 통과
01,수도권,S1,2,2호선,0415,역삼,1,출입구-승강장,3,4,4) 선릉 방면 엘리베이터 탑승
01,수도권,S1,2,2호선,0415,역삼,1,출입구-승강장,3,5,5) (B3) 선릉 방면 승강장으로 이동
01,수도권,S1,2,2호선,0415,역삼,1,출입구-승강장,3,6,6) 승차 (휠체어칸)
01,수도권,S1,2,2호선,0415,역삼,1,출입구-승강장,4,1,1) (1F) 4번 출입구 옆 엘리베이터 탑승
01,수도권,S1,2,2호선,0415,역삼,1,출입구-승강장,4,2,2) (B2) 대합실로 이동
01,수도권,S1,2,2호선,0415,역삼,1,출입구-승강장,4,3,3) 강남 방면 엘리베이터 앞 표 내는 곳 통과
01,수도권,S1,2,2호선,0415,역삼,1,출입구-승강장,4,4,4) 강남 방면 엘리베이터 탑승
01,수도권,S1,2,2호선,0415,역삼,1,출입구-승강장,4,5,5) (B3) 강남 방면 승강장으로 이동
01,수도권,S1,2,2호선,0415,역삼,1,출입구-승강장,4,6,6) 승차 (휠체어칸)
01,수도권,S1,2,2호선,0306,선릉,1,출입구-승강장,1,1,1) (1F) 1번 출입구 옆 엘리베이터 탑승
01,수도권,S1,2,2호선,0306,선릉,1,출입구-승강장,1,2,2) (B1) 대합실로 이동
01,수도권,S1,2,2호선,0306,선릉,1,출입구-승강장,1,3,3) 삼성 방면 엘리베이터 앞 표 내는 곳 통과
01,수도권,S1,2,2호선,0306,선릉,1,출입구-승강장,1,4,4) 삼성 방면 엘리베이터 탑승
01,수도권,S1,2,2호선,0306,선릉,1,출입구-승강장,1,5,5) (B2) 삼성 방면 승강장으로 이동
01,수도권,S1,2,2호선,0306,선릉,1,출입구-승강장,1,6,6) 승차 (휠체어칸)
01,수도권,S1,2,2호선,0306,선릉,1,출입구-승강장,2,1,1) (1F) 1번 출입구 옆 엘리베이터 탑승
01,수도권,S1,2,2호선,0306,선릉,1,출입구-승강장,2,2,2) (B1) 대합실로 이동
01,수도권,S1,2,2호선,0306,선릉,1,출입구-승강장,2,3,3) 5번 출입구 방향 역삼 방면 엘리베이터 앞 표 내는 곳 통과
01,수도권,S1,2,2호선,0306,선릉,1,출입구-승강장,2,4,4) 역삼 방면 엘리베이터 탑승
01,수도권,S1,2,2호선,0306,선릉,1,출입구-승강장,2,5,5) (B2) 역삼 방면 승강장으로 이동
01,수도권,S1,2,2호선,0306,선릉,1,출입구-승강장,2,6,6) 승차 (휠체어칸)
01,수도권,S1,2,2호선,0306,선릉,1,출입구-승강장,3,1,1) (1F) 5번 출입구 옆 엘리베이터 탑승
01,수도권,S1,2,2호선,0306,선릉,1,출입구-승강장,3,2,2) (B1) 대합실로 이동
01,수도권,S1,2,2호선,0306,선릉,1,출입구-승강장,3,3,3) 선릉역약국 옆 삼성 방면 표 내는 곳 통과
01,수도권,S1,2,2호선,0306,선릉,1,출입구-승강장,3,4,4) 삼성 방면 엘리베이터 탑승
01,수도권,S1,2,2호선,0306,선릉,1,출입구-승강장,3,5,5) (B2) 삼성 방면 승강장으로 이동
01,수도권,S1,2,2호선,0306,선릉,1,출입구-승강장,3,6,6) 승차 (휠체어칸)
01,수도권,S1,2,2호선,0306,선릉,1,출입구-승강장,4,1,1) (1F) 5번 출입구 옆 엘리베이터 탑승
01,수도권,S1,2,2호선,0306,선릉,1,출입구-승강장,4,2,2) (B1) 대합실로 이동
01,수도권,S1,2,2호선,0306,선릉,1,출입구-승강장,4,3,3) 역삼 방면 엘리베이터 앞 표 내는 곳 통과
01,수도권,S1,2,2호선,0306,선릉,1,출입구-승강장,4,4,4) 역삼 방면 엘리베이터 탑승
01,수도권,S1,2,2호선,0306,선릉,1,출입구-승강장,4,5,5) (B2) 역삼 방면 승강장으로 이동
01,수도권,S1,2,2호선,0306,선릉,1,출입구-승강장,4,6,6) 승차 (휠체어칸)
01,수도권,S1,2,2호선,0306,선릉,1,출입구-승강장,5,1,1) (1F) 10번 출입구 옆 엘리베이터 탑승
01,수도권,S1,2,2호선,0306,선릉,1,출입구-승강장,5,2,2) (B1) 대합실로 이동
01,수도권,S1,2,2호선,0306,선릉,1,출입구-승강장,5,3,3) 1번 출입구 방향 삼성 방면 엘리베이터 앞 표 내는 곳 통과
01,수도권,S1,2,2호선,0306,선릉,1,출입구-승강장,5,4,4) 삼성 방면 엘리베이터 탑승
01,수도권,S1,2,2호선,0306,선릉,1,출입구-승강장,5,5,5) (B2) 삼성 방면 승강장으로 이동
01,수도권,S1,2,2호선,0306,선릉,1,출입구-승강장,5,6,6) 승차 (휠체어칸)
01,수도권,S1,2,2호선,0306,선릉,1,출입구-승강장,6,1,1) (1F) 10번 출입구 옆 엘리베이터 탑승
01,수도권,S1,2,2호선,0306,선릉,1,출입구-승강장,6,2,2) (B1) 대합실로 이동
01,수도권,S1,2,2호선,0306,선릉,1,출입구-승강장,6,3,3) 5번 출입구 방향 역삼 방면 엘리베이터 앞 표 내는 곳 통과
01,수도권,S1,2,2호선,0306,선릉,1,출입구-승강장,6,4,4) 역삼 방면 엘리베이터 탑승
01,수도권,S1,2,2호선,0306,선릉,1,출입구-승강장,6,5,5) (B2) 역삼 방면 승강장으로 이동
01,수도권,S1,2,2호선,0306,선릉,1,출입구-승강장,6,6,6) 승차 (휠체어칸)
01,수도권,S1,2,2호선,0306,선릉,3,환승,1,1,1) (B2) 2호선 삼성 방면 승강장 하차
01,수도권,S1,2,2호선,0306,선릉,3,환승,1,2,2) 수인분당선 선정릉 방면 엘리베이터 탑승 
01,수도권,S1,2,2호선,0306,선릉,3,환승,1,3,3) (B3) 수인분당선 선정릉 방면 승강장으로 이동 
01,수도권,S1,2,2호선,0306,선릉,3,환승,1,4,4) 승차 (휠체어칸)
01,수도권,S1,2,2호선,0306,선릉,3,환승,2,1,1) (B2) 2호선 삼성 방면 승강장 하차
01,수도권,S1,2,2호선,0306,선릉,3,환승,2,2,2) 수인분당선 한티 방면 엘리베이터 탑승 
01,수도권,S1,2,2호선,0306,선릉,3,환승,2,3,3) (B3) 수인분당선 한티 방면 승강장으로 이동
01,수도권,S1,2,2호선,0306,선릉,3,환승,2,4,4) 승차 (휠체어칸)
01,수도권,S1,2,2호선,0306,선릉,3,환승,3,1,1) (B2) 2호선 역삼 방면 승강장 하차
01,수도권,S1,2,2호선,0306,선릉,3,환승,3,2,2) 수인분당선 선정릉 방면 엘리베이터 탑승 
01,수도권,S1,2,2호선,0306,선릉,3,환승,3,3,3) (B3) 수인분당선 선정릉 방면 승강장으로 이동
01,수도권,S1,2,2호선,0306,선릉,3,환승,3,4,4) 승차 (휠체어칸)
01,수도권,S1,2,2호선,0306,선릉,3,환승,4,1,1) (B2) 2호선 역삼 방면 승강장 하차
01,수도권,S1,2,2호선,0306,선릉,3,환승,4,2,2) 수인분당선 한티 방면 엘리베이터 탑승 
01,수도권,S1,2,2호선,0306,선릉,3,환승,4,3,3) (B3) 수인분당선 한티 방면 승강장으로 이동
01,수도권,S1,2,2호선,0306,선릉,3,환승,4,4,4) 승차 (휠체어칸)
01,수도권,S1,2,2호선,0266,삼성,1,출입구-승강장,1,1,1) (1F) 1번 출입구 옆 엘리베이터 탑승
01,수도권,S1,2,2호선,0266,삼성,1,출입구-승강장,1,2,2) (B1) 대합실로 이동
01,수도권,S1,2,2호선,0266,삼성,1,출입구-승강장,1,3,3) 표 내는 곳 통과
01,수도권,S1,2,2호선,0266,삼성,1,출입구-승강장,1,4,4) 승강장 방향 엘리베이터 탑승
01,수도권,S1,2,2호선,0266,삼성,1,출입구-승강장,1,5,5) (B2) 종합운동장 방면 승강장으로 이동
01,수도권,S1,2,2호선,0266,삼성,1,출입구-승강장,1,6,6) 승차 (휠체어칸)
01,수도권,S1,2,2호선,0266,삼성,1,출입구-승강장,2,1,1) (1F) 1번 출입구 옆 엘리베이터 탑승
01,수도권,S1,2,2호선,0266,삼성,1,출입구-승강장,2,2,2) (B1) 대합실로 이동
01,수도권,S1,2,2호선,0266,삼성,1,출입구-승강장,2,3,3) 표 내는 곳 통과
01,수도권,S1,2,2호선,0266,삼성,1,출입구-승강장,2,4,4) 승강장 방향 엘리베이터 탑승
01,수도권,S1,2,2호선,0266,삼성,1,출입구-승강장,2,5,5) (B2) 선릉 방면 승강장으로 이동
01,수도권,S1,2,2호선,0266,삼성,1,출입구-승강장,2,6,6) 승차 (휠체어칸)
01,수도권,S1,2,2호선,0266,삼성,1,출입구-승강장,3,1,1) (1F) 4번 출입구 옆 엘리베이터 탑승
01,수도권,S1,2,2호선,0266,삼성,1,출입구-승강장,3,2,2) (B1) 대합실로 이동
01,수도권,S1,2,2호선,0266,삼성,1,출입구-승강장,3,3,3) 표 내는 곳 통과
01,수도권,S1,2,2호선,0266,삼성,1,출입구-승강장,3,4,4) 승강장 방향 엘리베이터 탑승
01,수도권,S1,2,2호선,0266,삼성,1,출입구-승강장,3,5,5) (B2) 종합운동장 방면 승강장으로 이동
01,수도권,S1,2,2호선,0266,삼성,1,출입구-승강장,3,6,6) 승차 (휠체어칸)
01,수도권,S1,2,2호선,0266,삼성,1,출입구-승강장,4,1,1) (1F) 4번 출입구 옆 엘리베이터 탑승
01,수도권,S1,2,2호선,0266,삼성,1,출입구-승강장,4,2,2) (B1) 대합실로 이동
01,수도권,S1,2,2호선,0266,삼성,1,출입구-승강장,4,3,3) 표 내는 곳 통과
01,수도권,S1,2,2호선,0266,삼성,1,출입구-승강장,4,4,4) 승강장 방향 엘리베이터 탑승
01,수도권,S1,2,2호선,0266,삼성,1,출입구-승강장,4,5,5) (B2) 선릉 방면 승강장으로 이동
01,수도권,S1,2,2호선,0266,삼성,1,출입구-승강장,4,6,6) 승차 (휠체어칸)
01,수도권,S1,2,2호선,0266,삼성,1,출입구-승강장,5,1,1) (1F) 6번 출입구 옆 엘리베이터 탑승
01,수도권,S1,2,2호선,0266,삼성,1,출입구-승강장,5,2,2) (B1) 이동통로로 이동
01,수도권,S1,2,2호선,0266,삼성,1,출입구-승강장,5,3,3) 대합실로 이동
01,수도권,S1,2,2호선,0266,삼성,1,출입구-승강장,5,4,4) 표 내는 곳 통과
01,수도권,S1,2,2호선,0266,삼성,1,출입구-승강장,5,5,5) 승강장 방향 엘리베이터 탑승
01,수도권,S1,2,2호선,0266,삼성,1,출입구-승강장,5,6,6) (B2) 종합운동장 방면 승강장으로 이동
01,수도권,S1,2,2호선,0266,삼성,1,출입구-승강장,5,7,7) 승차 (휠체어칸)
01,수도권,S1,2,2호선,0266,삼성,1,출입구-승강장,6,1,1) (1F) 6번 출입구 옆 엘리베이터 탑승
01,수도권,S1,2,2호선,0266,삼성,1,출입구-승강장,6,2,2) (B1) 이동통로로 이동
01,수도권,S1,2,2호선,0266,삼성,1,출입구-승강장,6,3,3) 대합실로 이동
01,수도권,S1,2,2호선,0266,삼성,1,출입구-승강장,6,4,4) 표 내는 곳 통과
01,수도권,S1,2,2호선,0266,삼성,1,출입구-승강장,6,5,5) 승강장 방향 엘리베이터 탑승
01,수도권,S1,2,2호선,0266,삼성,1,출입구-승강장,6,6,6) (B2) 선릉 방면 승강장으로 이동
01,수도권,S1,2,2호선,0266,삼성,1,출입구-승강장,6,7,7) 승차 (휠체어칸)
01,수도권,S1,2,2호선,0518,종합운동장,1,출입구-승강장,1,1,1) (1F) 6번 출입구 옆 엘리베이터 탑승
01,수도권,S1,2,2호선,0518,종합운동장,1,출입구-승강장,1,2,2) (B1) 대합실로 이동
01,수도권,S1,2,2호선,0518,종합운동장,1,출입구-승강장,1,3,3) 표 내는 곳 통과
01,수도권,S1,2,2호선,0518,종합운동장,1,출입구-승강장,1,4,4) 잠실새내 방면 엘리베이터 탑승
01,수도권,S1,2,2호선,0518,종합운동장,1,출입구-승강장,1,5,5) (B2) 잠실새내 방면 승강장으로 이동
01,수도권,S1,2,2호선,0518,종합운동장,1,출입구-승강장,1,6,6) 승차 (휠체어칸)
01,수도권,S1,2,2호선,0518,종합운동장,1,출입구-승강장,2,1,1) (1F) 6번 출입구 옆 엘리베이터 탑승
01,수도권,S1,2,2호선,0518,종합운동장,1,출입구-승강장,2,2,2) (B1) 대합실로 이동
01,수도권,S1,2,2호선,0518,종합운동장,1,출입구-승강장,2,3,3) 표 내는 곳 통과
01,수도권,S1,2,2호선,0518,종합운동장,1,출입구-승강장,2,4,4) 삼성 방면 엘리베이터 탑승
01,수도권,S1,2,2호선,0518,종합운동장,1,출입구-승강장,2,5,5) (B2) 삼성 방면 승강장으로 이동
01,수도권,S1,2,2호선,0518,종합운동장,1,출입구-승강장,2,6,6) 승차 (휠체어칸)
01,수도권,S1,2,2호선,0518,종합운동장,3,환승,1,1,1) (B2) 2호선 잠실새내 방면 승강장 하차
01,수도권,S1,2,2호선,0518,종합운동장,3,환승,1,2,2) 대합실 방향 엘리베이터 탑승
01,수도권,S1,2,2호선,0518,종합운동장,3,환승,1,3,3) (B1) 대합실로 이동
01,수도권,S1,2,2호선,0518,종합운동장,3,환승,1,4,4) 9호선 방향 환승통로로 이동
01,수도권,S1,2,2호선,0518,종합운동장,3,환승,1,5,5) 환승 엘리베이터 탑승
01,수도권,S1,2,2호선,0518,종합운동장,3,환승,1,6,6) (B2) 9호선 대합실로 이동
01,수도권,S1,2,2호선,0518,종합운동장,3,환승,1,7,7) 9호선 삼전 방면 엘리베이터 탑승
01,수도권,S1,2,2호선,0518,종합운동장,3,환승,1,8,8) (B4) 9호선 삼전 방면 승강장으로 이동
01,수도권,S1,2,2호선,0518,종합운동장,3,환승,1,9,9) 승차 (휠체어칸)
01,수도권,S1,2,2호선,0518,종합운동장,3,환승,2,1,1) (B2) 2호선 잠실새내 방면 승강장 하차
01,수도권,S1,2,2호선,0518,종합운동장,3,환승,2,2,2) 대합실 방향 엘리베이터 탑승
01,수도권,S1,2,2호선,0518,종합운동장,3,환승,2,3,3) (B1) 대합실로 이동
01,수도권,S1,2,2호선,0518,종합운동장,3,환승,2,4,4) 9호선 방향 환승통로로 이동
01,수도권,S1,2,2호선,0518,종합운동장,3,환승,2,5,5) 환승 엘리베이터 탑승
01,수도권,S1,2,2호선,0518,종합운동장,3,환승,2,6,6) (B2) 9호선 대합실로 이동
01,수도권,S1,2,2호선,0518,종합운동장,3,환승,2,7,7) 9호선 봉은사 방면 엘리베이터 탑승
01,수도권,S1,2,2호선,0518,종합운동장,3,환승,2,8,8) (B4) 9호선 봉은사 방면 승강장으로 이동
01,수도권,S1,2,2호선,0518,종합운동장,3,환승,2,9,9) 승차 (휠체어칸)
01,수도권,S1,2,2호선,0518,종합운동장,3,환승,3,1,1) (B2) 2호선 삼성 방면 승강장 하차
01,수도권,S1,2,2호선,0518,종합운동장,3,환승,3,2,2) 대합실 방향 엘리베이터 탑승
01,수도권,S1,2,2호선,0518,종합운동장,3,환승,3,3,3) (B1) 대합실로 이동
01,수도권,S1,2,2호선,0518,종합운동장,3,환승,3,4,4) 9호선 방향 환승통로로 이동
01,수도권,S1,2,2호선,0518,종합운동장,3,환승,3,5,5) 환승 엘리베이터 탑승
01,수도권,S1,2,2호선,0518,종합운동장,3,환승,3,6,6) (B2) 9호선 대합실로 이동
01,수도권,S1,2,2호선,0518,종합운동장,3,환승,3,7,7) 9호선 삼전 방면 엘리베이터 탑승
01,수도권,S1,2,2호선,0518,종합운동장,3,환승,3,8,8) (B4) 9호선 삼전 방면 승강장으로 이동
01,수도권,S1,2,2호선,0518,종합운동장,3,환승,3,9,9) 승차 (휠체어칸)
01,수도권,S1,2,2호선,0518,종합운동장,3,환승,4,1,1) (B2) 2호선 삼성 방면 승강장 하차
01,수도권,S1,2,2호선,0518,종합운동장,3,환승,4,2,2) 대합실 방향 엘리베이터 탑승
01,수도권,S1,2,2호선,0518,종합운동장,3,환승,4,3,3) (B1) 대합실로 이동
01,수도권,S1,2,2호선,0518,종합운동장,3,환승,4,4,4) 9호선 방향 환승통로로 이동
01,수도권,S1,2,2호선,0518,종합운동장,3,환승,4,5,5) 환승 엘리베이터 탑승
01,수도권,S1,2,2호선,0518,종합운동장,3,환승,4,6,6) (B2) 9호선 대합실로 이동
01,수도권,S1,2,2호선,0518,종합운동장,3,환승,4,7,7) 9호선 봉은사 방면 엘리베이터 탑승
01,수도권,S1,2,2호선,0518,종합운동장,3,환승,4,8,8) (B4) 9호선 봉은사 방면 승강장으로 이동
01,수도권,S1,2,2호선,0518,종합운동장,3,환승,4,9,9) 승차 (휠체어칸)
01,수도권,S1,2,2호선,0499,잠실새내,1,출입구-승강장,1,1,1) (1F) 2번 출입구 옆 엘리베이터 탑승
01,수도권,S1,2,2호선,0499,잠실새내,1,출입구-승강장,1,2,2) (B1) 대합실로 이동
01,수도권,S1,2,2호선,0499,잠실새내,1,출입구-승강장,1,3,3) 잠실 방면 엘리베이터 앞 표 내는 곳 통과
01,수도권,S1,2,2호선,0499,잠실새내,1,출입구-승강장,1,4,4) 잠실 방면 엘리베이터 탑승
01,수도권,S1,2,2호선,0499,잠실새내,1,출입구-승강장,1,5,5) (B2) 잠실 방면 승강장으로 이동
01,수도권,S1,2,2호선,0499,잠실새내,1,출입구-승강장,1,6,6) 승차 (휠체어칸)
01,수도권,S1,2,2호선,0499,잠실새내,1,출입구-승강장,2,1,1) (1F) 2번 출입구 옆 엘리베이터 탑승
01,수도권,S1,2,2호선,0499,잠실새내,1,출입구-승강장,2,2,2) (B1) 대합실로 이동
01,수도권,S1,2,2호선,0499,잠실새내,1,출입구-승강장,2,3,3) 종합운동장 방면 엘리베이터 앞 표 내는 곳 통과
01,수도권,S1,2,2호선,0499,잠실새내,1,출입구-승강장,2,4,4) 종합운동장 방면 엘리베이터 탑승
01,수도권,S1,2,2호선,0499,잠실새내,1,출입구-승강장,2,5,5) (B2) 종합운동장 방면 승강장으로 이동
01,수도권,S1,2,2호선,0499,잠실새내,1,출입구-승강장,2,6,6) 승차 (휠체어칸)
01,수도권,S1,2,2호선,0499,잠실새내,1,출입구-승강장,3,1,1) (1F) 7번 출입구 옆 엘리베이터 탑승
01,수도권,S1,2,2호선,0499,잠실새내,1,출입구-승강장,3,2,2) (B1) 대합실로 이동
01,수도권,S1,2,2호선,0499,잠실새내,1,출입구-승강장,3,3,3) 잠실 방면 엘리베이터 앞 표 내는 곳 통과
01,수도권,S1,2,2호선,0499,잠실새내,1,출입구-승강장,3,4,4) 잠실 방면 엘리베이터 탑승
01,수도권,S1,2,2호선,0499,잠실새내,1,출입구-승강장,3,5,5) (B2) 잠실 방면 승강장으로 이동
01,수도권,S1,2,2호선,0499,잠실새내,1,출입구-승강장,3,6,6) 승차 (휠체어칸)
01,수도권,S1,2,2호선,0499,잠실새내,1,출입구-승강장,4,1,1) (1F) 7번 출입구 옆 엘리베이터 탑승
01,수도권,S1,2,2호선,0499,잠실새내,1,출입구-승강장,4,2,2) (B1) 대합실로 이동
01,수도권,S1,2,2호선,0499,잠실새내,1,출입구-승강장,4,3,3) 종합운동장 방면 엘리베이터 앞 표 내는 곳 통과
01,수도권,S1,2,2호선,0499,잠실새내,1,출입구-승강장,4,4,4) 종합운동장 방면 엘리베이터 탑승
01,수도권,S1,2,2호선,0499,잠실새내,1,출입구-승강장,4,5,5) (B2) 종합운동장 방면 승강장으로 이동
01,수도권,S1,2,2호선,0499,잠실새내,1,출입구-승강장,4,6,6) 승차 (휠체어칸)
01,수도권,S1,2,2호선,0497,잠실,1,출입구-승강장,1,1,1) (1F) 1번 출입구 옆 엘리베이터 탑승
01,수도권,S1,2,2호선,0497,잠실,1,출입구-승강장,1,2,2) (B1) 대합실로 이동
01,수도권,S1,2,2호선,0497,잠실,1,출입구-승강장,1,3,3) 잠실나루 방면 엘리베이터 앞 표 내는 곳 통과
01,수도권,S1,2,2호선,0497,잠실,1,출입구-승강장,1,4,4) 잠실나루 방면 엘리베이터 탑승
01,수도권,S1,2,2호선,0497,잠실,1,출입구-승강장,1,5,5) (B2) 잠실나루 방면 승강장으로 이동
01,수도권,S1,2,2호선,0497,잠실,1,출입구-승강장,1,6,6) 승차 (휠체어칸)
01,수도권,S1,2,2호선,0497,잠실,1,출입구-승강장,2,1,1) (1F) 1번 출입구 옆 엘리베이터 탑승
01,수도권,S1,2,2호선,0497,잠실,1,출입구-승강장,2,2,2) (B1) 대합실로 이동
01,수도권,S1,2,2호선,0497,잠실,1,출입구-승강장,2,3,3) 잠실새내 방면 엘리베이터 앞 표 내는 곳 통과
01,수도권,S1,2,2호선,0497,잠실,1,출입구-승강장,2,4,4) 잠실새내 방면 엘리베이터 탑승
01,수도권,S1,2,2호선,0497,잠실,1,출입구-승강장,2,5,5) (B2) 잠실새내 방면 승강장으로 이동
01,수도권,S1,2,2호선,0497,잠실,1,출입구-승강장,2,6,6) 승차 (휠체어칸)
01,수도권,S1,2,2호선,0497,잠실,3,환승,1,1,1) (B2) 2호선 잠실나루 방면 승강장 하차
01,수도권,S1,2,2호선,0497,잠실,3,환승,1,2,2) 대합실 방향 엘리베이터 탑승
01,수도권,S1,2,2호선,0497,잠실,3,환승,1,3,3) (B1) 대합실로 이동
01,수도권,S1,2,2호선,0497,잠실,3,환승,1,4,4) 8호선 대합실로 이동
01,수도권,S1,2,2호선,0497,잠실,3,환승,1,5,5) 8호선 몽촌토성 방면 엘리베이터 탑승
01,수도권,S1,2,2호선,0497,잠실,3,환승,1,6,6) (B3) 8호선 몽촌토성 방면 승강장으로 이동
01,수도권,S1,2,2호선,0497,잠실,3,환승,1,7,7) 승차 (휠체어칸)
01,수도권,S1,2,2호선,0497,잠실,3,환승,2,1,1) (B2) 2호선 잠실나루 방면 승강장 하차
01,수도권,S1,2,2호선,0497,잠실,3,환승,2,2,2) 대합실 방향 엘리베이터 탑승
01,수도권,S1,2,2호선,0497,잠실,3,환승,2,3,3) (B1) 대합실로 이동
01,수도권,S1,2,2호선,0497,잠실,3,환승,2,4,4) 8호선 대합실로 이동
01,수도권,S1,2,2호선,0497,잠실,3,환승,2,5,5) 8호선 석촌 방면 엘리베이터 탑승
01,수도권,S1,2,2호선,0497,잠실,3,환승,2,6,6) (B3) 8호선 석촌 방면 승강장으로 이동
01,수도권,S1,2,2호선,0497,잠실,3,환승,2,7,7) 승차 (휠체어칸)
01,수도권,S1,2,2호선,0497,잠실,3,환승,3,1,1) (B2) 2호선 잠실새내 방면 승강장 하차
01,수도권,S1,2,2호선,0497,잠실,3,환승,3,2,2) 대합실 방향 엘리베이터 탑승
01,수도권,S1,2,2호선,0497,잠실,3,환승,3,3,3) (B1) 대합실로 이동
01,수도권,S1,2,2호선,0497,잠실,3,환승,3,4,4) 8호선 대합실로 이동
01,수도권,S1,2,2호선,0497,잠실,3,환승,3,5,5) 8호선 몽촌토성 방면 엘리베이터 탑승
01,수도권,S1,2,2호선,0497,잠실,3,환승,3,6,6) (B3) 8호선 몽촌토성 방면 승강장으로 이동
01,수도권,S1,2,2호선,0497,잠실,3,환승,3,7,7) 승차 (휠체어칸)
01,수도권,S1,2,2호선,0497,잠실,3,환승,4,1,1) (B2) 2호선 잠실새내 방면 승강장 하차
01,수도권,S1,2,2호선,0497,잠실,3,환승,4,2,2) 대합실 방향 엘리베이터 탑승
01,수도권,S1,2,2호선,0497,잠실,3,환승,4,3,3) (B1) 대합실로 이동
01,수도권,S1,2,2호선,0497,잠실,3,환승,4,4,4) 8호선 대합실로 이동
01,수도권,S1,2,2호선,0497,잠실,3,환승,4,5,5) 8호선 석촌 방면 엘리베이터 탑승
01,수도권,S1,2,2호선,0497,잠실,3,환승,4,6,6) (B3) 8호선 석촌 방면 승강장으로 이동
01,수도권,S1,2,2호선,0497,잠실,3,환승,4,7,7) 승차 (휠체어칸)
01,수도권,S1,2,2호선,0498,잠실나루,1,출입구-승강장,1,1,1) (1F) 1번 출입구 대합실로 이동
01,수도권,S1,2,2호선,0498,잠실나루,1,출입구-승강장,1,2,2) 1번/4번 출입구 방향 표 내는 곳 통과
01,수도권,S1,2,2호선,0498,잠실나루,1,출입구-승강장,1,3,3) 강변 방면 엘리베이터 탑승
01,수도권,S1,2,2호선,0498,잠실나루,1,출입구-승강장,1,4,4) (2F) 강변 방면 승강장으로 이동
01,수도권,S1,2,2호선,0498,잠실나루,1,출입구-승강장,1,5,5) 승차 (휠체어칸)
01,수도권,S1,2,2호선,0498,잠실나루,1,출입구-승강장,2,1,1) (1F) 1번 출입구 대합실로 이동
01,수도권,S1,2,2호선,0498,잠실나루,1,출입구-승강장,2,2,2) 1번/4번 출입구 방향 표 내는 곳 통과
01,수도권,S1,2,2호선,0498,잠실나루,1,출입구-승강장,2,3,3) 잠실 방면 엘리베이터 탑승
01,수도권,S1,2,2호선,0498,잠실나루,1,출입구-승강장,2,4,4) (2F) 잠실 방면 승강장으로 이동
01,수도권,S1,2,2호선,0498,잠실나루,1,출입구-승강장,2,5,5) 승차 (휠체어칸)
01,수도권,S1,2,2호선,0498,잠실나루,1,출입구-승강장,3,1,1) (1F) 2번 출입구 대합실로 이동
01,수도권,S1,2,2호선,0498,잠실나루,1,출입구-승강장,3,2,2) 1번/4번 출입구 방향 표 내는 곳 통과
01,수도권,S1,2,2호선,0498,잠실나루,1,출입구-승강장,3,3,3) 강변 방면 엘리베이터 탑승
01,수도권,S1,2,2호선,0498,잠실나루,1,출입구-승강장,3,4,4) (2F) 강변 방면 승강장으로 이동
01,수도권,S1,2,2호선,0498,잠실나루,1,출입구-승강장,3,5,5) 승차 (휠체어칸)
01,수도권,S1,2,2호선,0498,잠실나루,1,출입구-승강장,4,1,1) (1F) 2번 출입구 대합실로 이동
01,수도권,S1,2,2호선,0498,잠실나루,1,출입구-승강장,4,2,2) 1번/4번 출입구 방향 표 내는 곳 통과
01,수도권,S1,2,2호선,0498,잠실나루,1,출입구-승강장,4,3,3) 잠실 방면 엘리베이터 탑승
01,수도권,S1,2,2호선,0498,잠실나루,1,출입구-승강장,4,4,4) (2F) 잠실 방면 승강장으로 이동
01,수도권,S1,2,2호선,0498,잠실나루,1,출입구-승강장,4,5,5) 승차 (휠체어칸)
01,수도권,S1,2,2호선,0498,잠실나루,1,출입구-승강장,5,1,1) (1F) 3번 출입구 대합실로 이동
01,수도권,S1,2,2호선,0498,잠실나루,1,출입구-승강장,5,2,2) 1번/4번 출입구 방향 표 내는 곳 통과
01,수도권,S1,2,2호선,0498,잠실나루,1,출입구-승강장,5,3,3) 강변 방면 엘리베이터 탑승
01,수도권,S1,2,2호선,0498,잠실나루,1,출입구-승강장,5,4,4) (2F) 강변 방면 승강장으로 이동
01,수도권,S1,2,2호선,0498,잠실나루,1,출입구-승강장,5,5,5) 승차 (휠체어칸)
01,수도권,S1,2,2호선,0498,잠실나루,1,출입구-승강장,6,1,1) (1F) 3번 출입구 대합실로 이동
01,수도권,S1,2,2호선,0498,잠실나루,1,출입구-승강장,6,2,2) 1번/4번 출입구 방향 표 내는 곳 통과
01,수도권,S1,2,2호선,0498,잠실나루,1,출입구-승강장,6,3,3) 잠실 방면 엘리베이터 탑승
01,수도권,S1,2,2호선,0498,잠실나루,1,출입구-승강장,6,4,4) (2F) 잠실 방면 승강장으로 이동
01,수도권,S1,2,2호선,0498,잠실나루,1,출입구-승강장,6,5,5) 승차 (휠체어칸)
01,수도권,S1,2,2호선,0498,잠실나루,1,출입구-승강장,7,1,1) (1F) 4번 출입구 대합실로 이동
01,수도권,S1,2,2호선,0498,잠실나루,1,출입구-승강장,7,2,2) 1번/4번 출입구 방향 표 내는 곳 통과
01,수도권,S1,2,2호선,0498,잠실나루,1,출입구-승강장,7,3,3) 강변 방면 엘리베이터 탑승
01,수도권,S1,2,2호선,0498,잠실나루,1,출입구-승강장,7,4,4) (2F) 강변 방면 승강장으로 이동
01,수도권,S1,2,2호선,0498,잠실나루,1,출입구-승강장,7,5,5) 승차 (휠체어칸)
01,수도권,S1,2,2호선,0498,잠실나루,1,출입구-승강장,8,1,1) (1F) 4번 출입구 대합실로 이동
01,수도권,S1,2,2호선,0498,잠실나루,1,출입구-승강장,8,2,2) 1번/4번 출입구 방향 표 내는 곳 통과
01,수도권,S1,2,2호선,0498,잠실나루,1,출입구-승강장,8,3,3) 잠실 방면 엘리베이터 탑승
01,수도권,S1,2,2호선,0498,잠실나루,1,출입구-승강장,8,4,4) (2F) 잠실 방면 승강장으로 이동
01,수도권,S1,2,2호선,0498,잠실나루,1,출입구-승강장,8,5,5) 승차 (휠체어칸)
01,수도권,S1,2,2호선,0023,강변,1,출입구-승강장,1,1,1) (1F) 1번 출입구 대합실로 이동
01,수도권,S1,2,2호선,0023,강변,1,출입구-승강장,1,2,2) 표 내는 곳 통과
01,수도권,S1,2,2호선,0023,강변,1,출입구-승강장,1,3,3) 구의 방면 엘리베이터 탑승
01,수도권,S1,2,2호선,0023,강변,1,출입구-승강장,1,4,4) (2F) 구의 방면 승강장으로 이동
01,수도권,S1,2,2호선,0023,강변,1,출입구-승강장,1,5,5) 승차 (휠체어칸)
01,수도권,S1,2,2호선,0023,강변,1,출입구-승강장,2,1,1) (1F) 1번 출입구 대합실로 이동
01,수도권,S1,2,2호선,0023,강변,1,출입구-승강장,2,2,2) 표 내는 곳 통과
01,수도권,S1,2,2호선,0023,강변,1,출입구-승강장,2,3,3) 잠실나루 방면 엘리베이터 탑승
01,수도권,S1,2,2호선,0023,강변,1,출입구-승강장,2,4,4) (2F) 잠실나루 방면 승강장으로 이동
01,수도권,S1,2,2호선,0023,강변,1,출입구-승강장,2,5,5) 승차 (휠체어칸)
01,수도권,S1,2,2호선,0023,강변,1,출입구-승강장,3,1,1) (1F) 2번 출입구 대합실로 이동
01,수도권,S1,2,2호선,0023,강변,1,출입구-승강장,3,2,2) 1번/4번 출입구 방향 표 내는 곳 통과
01,수도권,S1,2,2호선,0023,강변,1,출입구-승강장,3,3,3) 구의 방면 엘리베이터 탑승
01,수도권,S1,2,2호선,0023,강변,1,출입구-승강장,3,4,4) (2F) 구의 방면 승강장으로 이동
01,수도권,S1,2,2호선,0023,강변,1,출입구-승강장,3,5,5) 승차 (휠체어칸)
01,수도권,S1,2,2호선,0023,강변,1,출입구-승강장,4,1,1) (1F) 2번 출입구 대합실로 이동
01,수도권,S1,2,2호선,0023,강변,1,출입구-승강장,4,2,2) 1번/4번 출입구 방향 표 내는 곳 통과
01,수도권,S1,2,2호선,0023,강변,1,출입구-승강장,4,3,3) 잠실나루 방면 엘리베이터 탑승
01,수도권,S1,2,2호선,0023,강변,1,출입구-승강장,4,4,4) (2F) 잠실나루 방면 승강장으로 이동
01,수도권,S1,2,2호선,0023,강변,1,출입구-승강장,4,5,5) 승차 (휠체어칸)
01,수도권,S1,2,2호선,0023,강변,1,출입구-승강장,5,1,1) (1F) 3번 출입구 대합실로 이동
01,수도권,S1,2,2호선,0023,강변,1,출입구-승강장,5,2,2) 1번/4번 출입구 방향 표 내는 곳 통과
01,수도권,S1,2,2호선,0023,강변,1,출입구-승강장,5,3,3) 구의 방면 엘리베이터 탑승
01,수도권,S1,2,2호선,0023,강변,1,출입구-승강장,5,4,4) (2F) 구의 방면 승강장으로 이동
01,수도권,S1,2,2호선,0023,강변,1,출입구-승강장,5,5,5) 승차 (휠체어칸)
01,수도권,S1,2,2호선,0023,강변,1,출입구-승강장,6,1,1) (1F) 3번 출입구 대합실로 이동
01,수도권,S1,2,2호선,0023,강변,1,출입구-승강장,6,2,2) 1번/4번 출입구 방향 표 내는 곳 통과
01,수도권,S1,2,2호선,0023,강변,1,출입구-승강장,6,3,3) 잠실나루 방면 엘리베이터 탑승
01,수도권,S1,2,2호선,0023,강변,1,출입구-승강장,6,4,4) (2F) 잠실나루 방면 승강장으로 이동
01,수도권,S1,2,2호선,0023,강변,1,출입구-승강장,6,5,5) 승차 (휠체어칸)
01,수도권,S1,2,2호선,0023,강변,1,출입구-승강장,7,1,1) (1F) 4번 출입구 대합실로 이동
01,수도권,S1,2,2호선,0023,강변,1,출입구-승강장,7,2,2) 표 내는 곳 통과
01,수도권,S1,2,2호선,0023,강변,1,출입구-승강장,7,3,3) 구의 방면 엘리베이터 탑승
01,수도권,S1,2,2호선,0023,강변,1,출입구-승강장,7,4,4) (2F) 구의 방면 승강장으로 이동
01,수도권,S1,2,2호선,0023,강변,1,출입구-승강장,7,5,5) 승차 (휠체어칸)
01,수도권,S1,2,2호선,0023,강변,1,출입구-승강장,8,1,1) (1F) 4번 출입구 대합실로 이동
01,수도권,S1,2,2호선,0023,강변,1,출입구-승강장,8,2,2) 표 내는 곳 통과
01,수도권,S1,2,2호선,0023,강변,1,출입구-승강장,8,3,3) 잠실나루 방면 엘리베이터 탑승
01,수도권,S1,2,2호선,0023,강변,1,출입구-승강장,8,4,4) (2F) 잠실나루 방면 승강장으로 이동
01,수도권,S1,2,2호선,0023,강변,1,출입구-승강장,8,5,5) 승차 (휠체어칸)
01,수도권,S1,2,2호선,0076,구의,1,출입구-승강장,1,1,1) (1F) 2번 출입구 옆 엘리베이터 탑승
01,수도권,S1,2,2호선,0076,구의,1,출입구-승강장,1,2,2) (3F) 건대입구 방면 승강장으로 이동
01,수도권,S1,2,2호선,0076,구의,1,출입구-승강장,1,3,3) 엘리베이터 앞 표 내는 곳 통과
01,수도권,S1,2,2호선,0076,구의,1,출입구-승강장,1,4,4) 승차 (휠체어칸)
01,수도권,S1,2,2호선,0076,구의,1,출입구-승강장,2,1,1) (1F) 2번 출입구 옆 엘리베이터 탑승
01,수도권,S1,2,2호선,0076,구의,1,출입구-승강장,2,2,2) (2F) 대합실로 이동
01,수도권,S1,2,2호선,0076,구의,1,출입구-승강장,2,3,3) 엘리베이터 앞 표 내는 곳 통과
01,수도권,S1,2,2호선,0076,구의,1,출입구-승강장,2,4,4) 강변 방면 엘리베이터 탑승
01,수도권,S1,2,2호선,0076,구의,1,출입구-승강장,2,5,5) (3F) 강변 방면 승강장으로 이동
01,수도권,S1,2,2호선,0076,구의,1,출입구-승강장,2,6,6) 승차 (휠체어칸)
01,수도권,S1,2,2호선,0031,건대입구,1,출입구-승강장,1,1,1) (1F) 1번 출입구 옆 엘리베이터 탑승
01,수도권,S1,2,2호선,0031,건대입구,1,출입구-승강장,1,2,2) (2F) 대합실로 이동
01,수도권,S1,2,2호선,0031,건대입구,1,출입구-승강장,1,3,3) 구의 방면 엘리베이터 탑승
01,수도권,S1,2,2호선,0031,건대입구,1,출입구-승강장,1,4,4) (3F) 표 내는 곳 통과 후 구의 방면 승강장으로 이동
01,수도권,S1,2,2호선,0031,건대입구,1,출입구-승강장,1,5,5) 승차 (휠체어칸)
01,수도권,S1,2,2호선,0031,건대입구,1,출입구-승강장,2,1,1) 1번 출입구 근처 엘리베이터 이용 지상2층 이동
01,수도권,S1,2,2호선,0031,건대입구,1,출입구-승강장,2,2,2) 개집표기 통과 후 고객안내센터 맞은편 성수방면 엘리베이터 탑승
01,수도권,S1,2,2호선,0031,건대입구,1,출입구-승강장,2,3,3) 지상3층으로 이동
01,수도권,S1,2,2호선,0031,건대입구,1,출입구-승강장,2,4,4) 성수방면 승강장 이동
01,수도권,S1,2,2호선,0031,건대입구,1,출입구-승강장,3,1,1) (1F) 6번 출입구 옆 엘리베이터 탑승
01,수도권,S1,2,2호선,0031,건대입구,1,출입구-승강장,3,2,2) (3F) 표 내는 곳 통과 후 구의 방면 승강장 이동
01,수도권,S1,2,2호선,0031,건대입구,1,출입구-승강장,3,3,3) 승차(휠체어칸)
01,수도권,S1,2,2호선,0031,건대입구,1,출입구-승강장,4,1,1) 6번 출입구 근처 엘리베이터 이용 지상2층 이동
01,수도권,S1,2,2호선,0031,건대입구,1,출입구-승강장,4,2,2) 개집표기 통과 후 고객안내센터 맞은편 성수방면 엘리베이터 탑승
01,수도권,S1,2,2호선,0031,건대입구,1,출입구-승강장,4,3,3) 지상3층으로 이동
01,수도권,S1,2,2호선,0031,건대입구,1,출입구-승강장,4,4,4) 성수방면 승강장 이동
01,수도권,S1,2,2호선,0031,건대입구,3,환승,1,1,1) (3F) 2호선 구의 방면 승강장 하차
01,수도권,S1,2,2호선,0031,건대입구,3,환승,1,2,2) 표 내는 곳 통과 후 2호선 대합실 방향 엘리베이터 탑승
01,수도권,S1,2,2호선,0031,건대입구,3,환승,1,3,3) (1F) 3번 출입구 옆 엘리베이터 로 이동
01,수도권,S1,2,2호선,0031,건대입구,3,환승,1,4,4) 3번 출입구 옆 엘리베이터 탑승
01,수도권,S1,2,2호선,0031,건대입구,3,환승,1,5,5) (B2)  표 내는 곳 통과 후 7호선 어린이 대공원 방면 승강장 이동
01,수도권,S1,2,2호선,0031,건대입구,3,환승,1,6,6) 승차(휠체어칸)
01,수도권,S1,2,2호선,0031,건대입구,3,환승,2,1,1) 승강장 엘리베이터 탑승 후 지상2층으로 이동
01,수도권,S1,2,2호선,0031,건대입구,3,환승,2,2,2) 개집표기 통과 후 1번출입구 앞 엘리베이터 탑승
01,수도권,S1,2,2호선,0031,건대입구,3,환승,2,3,3) 지상1층으로 이동
01,수도권,S1,2,2호선,0031,건대입구,3,환승,2,4,4) 3번출입구 옆 엘리베이터 이용
01,수도권,S1,2,2호선,0031,건대입구,3,환승,2,5,5) 지하2층으로 이동
01,수도권,S1,2,2호선,0031,건대입구,3,환승,2,6,6) 어린이대공원 방면 승강장 방향으로 이동
01,수도권,S1,2,2호선,0031,건대입구,3,환승,2,7,7) 어린이대공원 방면 승강장 이용
01,수도권,S1,2,2호선,0031,건대입구,3,환승,3,1,1) (3F) 2호선 구의 방면 승강장 하차
01,수도권,S1,2,2호선,0031,건대입구,3,환승,3,2,2) 표 내는 곳 통과 후 2호선 대합실 방향 엘리베이터 탑승
01,수도권,S1,2,2호선,0031,건대입구,3,환승,3,3,3) (1F) 3번 출입구 옆 엘리베이터 로 이동
01,수도권,S1,2,2호선,0031,건대입구,3,환승,3,4,4) 3번 출입구 옆 엘리베이터 탑승
01,수도권,S1,2,2호선,0031,건대입구,3,환승,3,5,5) (B2)  표 내는 곳 통과 후 7호선 어린이대공원 방면 엘리베이터 로 이동
01,수도권,S1,2,2호선,0031,건대입구,3,환승,3,6,6)  7호선 어린이대공원 방면 엘리베이터 탑승
01,수도권,S1,2,2호선,0031,건대입구,3,환승,3,7,7) (B3) 7호선 자양 방면 승강장 엘리베이터 이동
01,수도권,S1,2,2호선,0031,건대입구,3,환승,3,8,8) 7호선 자양 방면 엘리베이터 탑승
01,수도권,S1,2,2호선,0031,건대입구,3,환승,3,9,9) (B2) 7호선 자양 방면 승강장 이동
01,수도권,S1,2,2호선,0031,건대입구,3,환승,3,10,10) 탑승(휠체어칸)
01,수도권,S1,2,2호선,0031,건대입구,3,환승,4,1,1) (3F) 2호선 성수 방면 승강장 하차
01,수도권,S1,2,2호선,0031,건대입구,3,환승,4,2,2) 2호선 성수 방면 엘리베이터 탑승
01,수도권,S1,2,2호선,0031,건대입구,3,환승,4,3,3) (2F) 표 내는 곳 통과 후 1번 출입구 앞 엘리베이터 이동
01,수도권,S1,2,2호선,0031,건대입구,3,환승,4,4,4) 1번 출입구 옆 엘리베이터 탑승
01,수도권,S1,2,2호선,0031,건대입구,3,환승,4,5,5) 3번 출입구 옆 엘리베이터 이동
01,수도권,S1,2,2호선,0031,건대입구,3,환승,4,6,6) 3번 출입구 옆 엘레이터 탑승
01,수도권,S1,2,2호선,0031,건대입구,3,환승,4,7,7) (B2)  표 내는 곳 통과 후 7호선 어린이대공원 방면 엘리베이터 로 이동
01,수도권,S1,2,2호선,0031,건대입구,3,환승,4,8,8) 7호선 어린이대공원 방면 엘리베이터 탑승
01,수도권,S1,2,2호선,0031,건대입구,3,환승,4,9,9) (B3) 7호선 자양 방면 승강장 엘리베이터 이동
01,수도권,S1,2,2호선,0031,건대입구,3,환승,4,10,10) 7호선 자양 방면 엘리베이터 탑승
01,수도권,S1,2,2호선,0031,건대입구,3,환승,4,11,11) (B2) 7호선 자양 방면 승강장 이동
01,수도권,S1,2,2호선,0031,건대입구,3,환승,4,12,12) 탑승(휠체어칸)
01,수도권,S1,2,2호선,0314,성수,1,출입구-승강장,1,1,1) (1F) 1번 출입구 옆 엘리베이터 탑승
01,수도권,S1,2,2호선,0314,성수,1,출입구-승강장,1,2,2) (2F) 대합실로 이동
01,수도권,S1,2,2호선,0314,성수,1,출입구-승강장,1,3,3) 뚝섬 방면 엘리베이터 앞 표 내는 곳 통과
01,수도권,S1,2,2호선,0314,성수,1,출입구-승강장,1,4,4) 뚝섬 방면 엘리베이터 탑승
01,수도권,S1,2,2호선,0314,성수,1,출입구-승강장,1,5,5) (3F) 뚝섬 방면 승강장으로 이동
01,수도권,S1,2,2호선,0314,성수,1,출입구-승강장,1,6,6) 승차 (휠체어칸)
01,수도권,S1,2,2호선,0314,성수,1,출입구-승강장,2,1,1) (1F) 1번 출입구 옆 엘리베이터 탑승
01,수도권,S1,2,2호선,0314,성수,1,출입구-승강장,2,2,2) (2F) 대합실로 이동
01,수도권,S1,2,2호선,0314,성수,1,출입구-승강장,2,3,3) 건대입구 방면 엘리베이터 앞 표 내는 곳 통과
01,수도권,S1,2,2호선,0314,성수,1,출입구-승강장,2,4,4) 건대입구 방면 엘리베이터 탑승
01,수도권,S1,2,2호선,0314,성수,1,출입구-승강장,2,5,5) (3F) 건대입구 방면 승강장으로 이동
01,수도권,S1,2,2호선,0314,성수,1,출입구-승강장,2,6,6) 승차 (휠체어칸)
01,수도권,S1,2,2호선,0314,성수,1,출입구-승강장,3,1,1) (1F) 4번 출입구 옆 엘리베이터 탑승
01,수도권,S1,2,2호선,0314,성수,1,출입구-승강장,3,2,2) (2F) 대합실로 이동
01,수도권,S1,2,2호선,0314,성수,1,출입구-승강장,3,3,3) 뚝섬 방면 엘리베이터 앞 표 내는 곳 통과
01,수도권,S1,2,2호선,0314,성수,1,출입구-승강장,3,4,4) 뚝섬 방면 엘리베이터 탑승
01,수도권,S1,2,2호선,0314,성수,1,출입구-승강장,3,5,5) (3F) 뚝섬 방면 승강장으로 이동
01,수도권,S1,2,2호선,0314,성수,1,출입구-승강장,3,6,6) 승차 (휠체어칸)
01,수도권,S1,2,2호선,0314,성수,1,출입구-승강장,4,1,1) (1F) 4번 출입구 옆 엘리베이터 탑승
01,수도권,S1,2,2호선,0314,성수,1,출입구-승강장,4,2,2) (2F) 대합실로 이동
01,수도권,S1,2,2호선,0314,성수,1,출입구-승강장,4,3,3) 건대입구 방면 엘리베이터 앞 표 내는 곳 통과
01,수도권,S1,2,2호선,0314,성수,1,출입구-승강장,4,4,4) 건대입구 방면 엘리베이터 탑승
01,수도권,S1,2,2호선,0314,성수,1,출입구-승강장,4,5,5) (3F) 건대입구 방면 승강장으로 이동
01,수도권,S1,2,2호선,0314,성수,1,출입구-승강장,4,6,6) 승차 (휠체어칸)
01,수도권,S1,2,2호선,0314,성수,3,환승,1,1,1) (3F) 2호선 뚝섬 방면 승강장 하차
01,수도권,S1,2,2호선,0314,성수,3,환승,1,2,2) 2호선 용답 방면 승강장으로 이동
01,수도권,S1,2,2호선,0314,성수,3,환승,1,3,3) 승차 (휠체어칸)
01,수도권,S1,2,2호선,0314,성수,3,환승,2,1,1) (3F) 2호선 건대입구 방면 승강장 하차
01,수도권,S1,2,2호선,0314,성수,3,환승,2,2,2) 대합실 방향 엘리베이터 탑승
01,수도권,S1,2,2호선,0314,성수,3,환승,2,3,3) (2F) 대합실로 이동
01,수도권,S1,2,2호선,0314,성수,3,환승,2,4,4) 2호선 용답 방면 엘리베이터 탑승
01,수도권,S1,2,2호선,0314,성수,3,환승,2,5,5) (3F) 2호선 용답 방면 승강장으로 이동
01,수도권,S1,2,2호선,0314,성수,3,환승,2,6,6) 승차 (휠체어칸)
01,수도권,S1,2,2호선,0314,성수,3,환승,3,1,1) (3F) 2호선 용답 방면 승강장 하차
01,수도권,S1,2,2호선,0314,성수,3,환승,3,2,2) 2호선 뚝섬 방면 승강장으로 이동
01,수도권,S1,2,2호선,0314,성수,3,환승,3,3,3) 승차 (휠체어칸)
01,수도권,S1,2,2호선,0314,성수,3,환승,4,1,1) (3F) 2호선 용답 방면 승강장 하차
01,수도권,S1,2,2호선,0314,성수,3,환승,4,2,2) 대합실 방향 엘리베이터 탑승
01,수도권,S1,2,2호선,0314,성수,3,환승,4,3,3) (2F) 대합실로 이동
01,수도권,S1,2,2호선,0314,성수,3,환승,4,4,4) 2호선 건대입구 방면 엘리베이터 탑승
01,수도권,S1,2,2호선,0314,성수,3,환승,4,5,5) (3F) 2호선 건대입구 방면 승강장으로 이동
01,수도권,S1,2,2호선,0314,성수,3,환승,4,6,6) 승차 (휠체어칸)
01,수도권,S1,2,2호선,0175,뚝섬,1,출입구-승강장,1,1,1) (1F) 3번 출입구 옆 엘리베이터 탑승
01,수도권,S1,2,2호선,0175,뚝섬,1,출입구-승강장,1,2,2) (2F) 대합실로 이동
01,수도권,S1,2,2호선,0175,뚝섬,1,출입구-승강장,1,3,3) 한양대 방면 엘리베이터 앞 표 내는 곳 통과
01,수도권,S1,2,2호선,0175,뚝섬,1,출입구-승강장,1,4,4) 한양대 방면 엘리베이터 탑승
01,수도권,S1,2,2호선,0175,뚝섬,1,출입구-승강장,1,5,5) (3F) 한양대 방면 승강장으로 이동
01,수도권,S1,2,2호선,0175,뚝섬,1,출입구-승강장,1,6,6) 승차 (휠체어칸)
01,수도권,S1,2,2호선,0175,뚝섬,1,출입구-승강장,2,1,1) (1F) 3번 출입구 옆 엘리베이터 탑승
01,수도권,S1,2,2호선,0175,뚝섬,1,출입구-승강장,2,2,2) (2F) 대합실로 이동
01,수도권,S1,2,2호선,0175,뚝섬,1,출입구-승강장,2,3,3) 성수 방면 엘리베이터 앞 표 내는 곳 통과
01,수도권,S1,2,2호선,0175,뚝섬,1,출입구-승강장,2,4,4) 성수 방면 엘리베이터 탑승
01,수도권,S1,2,2호선,0175,뚝섬,1,출입구-승강장,2,5,5) (3F) 성수 방면 승강장으로 이동
01,수도권,S1,2,2호선,0175,뚝섬,1,출입구-승강장,2,6,6) 승차 (휠체어칸)
01,수도권,S1,2,2호선,0175,뚝섬,1,출입구-승강장,3,1,1) (1F) 6번 출입구 옆 엘리베이터 탑승
01,수도권,S1,2,2호선,0175,뚝섬,1,출입구-승강장,3,2,2) (2F) 대합실로 이동
01,수도권,S1,2,2호선,0175,뚝섬,1,출입구-승강장,3,3,3) 한양대 방면 엘리베이터 앞 표 내는 곳 통과
01,수도권,S1,2,2호선,0175,뚝섬,1,출입구-승강장,3,4,4) 한양대 방면 엘리베이터 탑승
01,수도권,S1,2,2호선,0175,뚝섬,1,출입구-승강장,3,5,5) (3F) 한양대 방면 승강장으로 이동
01,수도권,S1,2,2호선,0175,뚝섬,1,출입구-승강장,3,6,6) 승차 (휠체어칸)
01,수도권,S1,2,2호선,0175,뚝섬,1,출입구-승강장,4,1,1) (1F) 6번 출입구 옆 엘리베이터 탑승
01,수도권,S1,2,2호선,0175,뚝섬,1,출입구-승강장,4,2,2) (2F) 대합실로 이동
01,수도권,S1,2,2호선,0175,뚝섬,1,출입구-승강장,4,3,3) 성수 방면 엘리베이터 앞 표 내는 곳 통과
01,수도권,S1,2,2호선,0175,뚝섬,1,출입구-승강장,4,4,4) 성수 방면 엘리베이터 탑승
01,수도권,S1,2,2호선,0175,뚝섬,1,출입구-승강장,4,5,5) (3F) 성수 방면 승강장으로 이동
01,수도권,S1,2,2호선,0175,뚝섬,1,출입구-승강장,4,6,6) 승차 (휠체어칸)
01,수도권,S1,2,2호선,0588,한양대,1,출입구-승강장,1,1,1) (1F) 2번 출입구 옆 엘리베이터 탑승
01,수도권,S1,2,2호선,0588,한양대,1,출입구-승강장,1,2,2) (2F) 대합실로 이동
01,수도권,S1,2,2호선,0588,한양대,1,출입구-승강장,1,3,3) 왕십리 방면 엘리베이터 앞 표 내는 곳 통과
01,수도권,S1,2,2호선,0588,한양대,1,출입구-승강장,1,4,4) 왕십리 방면 엘리베이터 탑승
01,수도권,S1,2,2호선,0588,한양대,1,출입구-승강장,1,5,5) (1F) 왕십리 방면 승강장으로 이동
01,수도권,S1,2,2호선,0588,한양대,1,출입구-승강장,1,6,6) 승차 (휠체어칸)
01,수도권,S1,2,2호선,0588,한양대,1,출입구-승강장,2,1,1) (1F) 2번 출입구 옆 엘리베이터 탑승
01,수도권,S1,2,2호선,0588,한양대,1,출입구-승강장,2,2,2) (2F) 대합실로 이동
01,수도권,S1,2,2호선,0588,한양대,1,출입구-승강장,2,3,3) 뚝섬 방면 엘리베이터 앞 표 내는 곳 통과
01,수도권,S1,2,2호선,0588,한양대,1,출입구-승강장,2,4,4) 뚝섬 방면 엘리베이터 탑승
01,수도권,S1,2,2호선,0588,한양대,1,출입구-승강장,2,5,5) (1F) 뚝섬 방면 승강장으로 이동
01,수도권,S1,2,2호선,0588,한양대,1,출입구-승강장,2,6,6) 승차 (휠체어칸)
01,수도권,S1,2,2호선,0588,한양대,1,출입구-승강장,3,1,1) (1F) 4번 출입구 옆 엘리베이터 탑승
01,수도권,S1,2,2호선,0588,한양대,1,출입구-승강장,3,2,2) (2F) 대합실로 이동
01,수도권,S1,2,2호선,0588,한양대,1,출입구-승강장,3,3,3) 왕십리 방면 엘리베이터 앞 표 내는 곳 통과
01,수도권,S1,2,2호선,0588,한양대,1,출입구-승강장,3,4,4) 왕십리 방면 엘리베이터 탑승
01,수도권,S1,2,2호선,0588,한양대,1,출입구-승강장,3,5,5) (1F) 왕십리 방면 승강장으로 이동
01,수도권,S1,2,2호선,0588,한양대,1,출입구-승강장,3,6,6) 승차 (휠체어칸)
01,수도권,S1,2,2호선,0588,한양대,1,출입구-승강장,4,1,1) (1F) 4번 출입구 옆 엘리베이터 탑승
01,수도권,S1,2,2호선,0588,한양대,1,출입구-승강장,4,2,2) (2F) 대합실로 이동
01,수도권,S1,2,2호선,0588,한양대,1,출입구-승강장,4,3,3) 뚝섬 방면 엘리베이터 앞 표 내는 곳 통과
01,수도권,S1,2,2호선,0588,한양대,1,출입구-승강장,4,4,4) 뚝섬 방면 엘리베이터 탑승
01,수도권,S1,2,2호선,0588,한양대,1,출입구-승강장,4,5,5) (1F) 뚝섬 방면 승강장으로 이동
01,수도권,S1,2,2호선,0588,한양대,1,출입구-승강장,4,6,6) 승차 (휠체어칸)
01,수도권,S1,2,2호선,0441,왕십리,1,출입구-승강장,1,1,1) (1F) 4번/5번 출입구 사이 엘리베이터 탑승
01,수도권,S1,2,2호선,0441,왕십리,1,출입구-승강장,1,2,2) (B1) 대합실로 이동
01,수도권,S1,2,2호선,0441,왕십리,1,출입구-승강장,1,3,3) 상왕십리 방면 엘리베이터 앞 표 내는 곳 통과
01,수도권,S1,2,2호선,0441,왕십리,1,출입구-승강장,1,4,4) 상왕십리 방면 엘리베이터 탑승
01,수도권,S1,2,2호선,0441,왕십리,1,출입구-승강장,1,5,5) (B2) 상왕십리 방면 승강장으로 이동
01,수도권,S1,2,2호선,0441,왕십리,1,출입구-승강장,1,6,6) 승차 (휠체어칸)
01,수도권,S1,2,2호선,0441,왕십리,1,출입구-승강장,2,1,1) (1F) 4번/5번 출입구 사이 엘리베이터 탑승
01,수도권,S1,2,2호선,0441,왕십리,1,출입구-승강장,2,2,2) (B1) 대합실로 이동
01,수도권,S1,2,2호선,0441,왕십리,1,출입구-승강장,2,3,3) 6번 출입구 방향 표 내는 곳 통과
01,수도권,S1,2,2호선,0441,왕십리,1,출입구-승강장,2,4,4) 한양대 방면 엘리베이터 탑승
01,수도권,S1,2,2호선,0441,왕십리,1,출입구-승강장,2,5,5) (B2) 한양대 방면 승강장으로 이동
01,수도권,S1,2,2호선,0441,왕십리,1,출입구-승강장,2,6,6) 승차 (휠체어칸)
01,수도권,S1,2,2호선,0441,왕십리,1,출입구-승강장,3,1,1) (1F) 6-1번 출입구 옆 엘리베이터 탑승
01,수도권,S1,2,2호선,0441,왕십리,1,출입구-승강장,3,2,2) (B1) 대합실로 이동
01,수도권,S1,2,2호선,0441,왕십리,1,출입구-승강장,3,3,3) 상왕십리 방면 엘리베이터 앞 표 내는 곳 통과
01,수도권,S1,2,2호선,0441,왕십리,1,출입구-승강장,3,4,4) 상왕십리 방면 엘리베이터 탑승
01,수도권,S1,2,2호선,0441,왕십리,1,출입구-승강장,3,5,5) (B2) 상왕십리 방면 승강장으로 이동
01,수도권,S1,2,2호선,0441,왕십리,1,출입구-승강장,3,6,6) 승차 (휠체어칸)
01,수도권,S1,2,2호선,0441,왕십리,1,출입구-승강장,4,1,1) (1F) 6-1번 출입구 옆 엘리베이터 탑승
01,수도권,S1,2,2호선,0441,왕십리,1,출입구-승강장,4,2,2) (B1) 대합실로 이동
01,수도권,S1,2,2호선,0441,왕십리,1,출입구-승강장,4,3,3) 6번 출입구 방향 표 내는 곳 통과
01,수도권,S1,2,2호선,0441,왕십리,1,출입구-승강장,4,4,4) 한양대 방면 엘리베이터 탑승
01,수도권,S1,2,2호선,0441,왕십리,1,출입구-승강장,4,5,5) (B2) 한양대 방면 승강장으로 이동
01,수도권,S1,2,2호선,0441,왕십리,1,출입구-승강장,4,6,6) 승차 (휠체어칸)
01,수도권,S1,2,2호선,0441,왕십리,3,환승,1,1,1) (B2) 2호선 상왕십리 방면 승강장 하차
01,수도권,S1,2,2호선,0441,왕십리,3,환승,1,2,2) 환승대합실로 이동
01,수도권,S1,2,2호선,0441,왕십리,3,환승,1,3,3) 5호선 방향 엘리베이터 탑승
01,수도권,S1,2,2호선,0441,왕십리,3,환승,1,4,4) (B4) 5호선 대합실로 이동
01,수도권,S1,2,2호선,0441,왕십리,3,환승,1,5,5) 5호선 행당 방면 엘리베이터 탑승
01,수도권,S1,2,2호선,0441,왕십리,3,환승,1,6,6) (B5) 5호선 행당 방면 승강장으로 이동
01,수도권,S1,2,2호선,0441,왕십리,3,환승,1,7,7) 승차 (휠체어칸)
01,수도권,S1,2,2호선,0441,왕십리,3,환승,2,1,1) (B2) 2호선 상왕십리 방면 승강장 하차
01,수도권,S1,2,2호선,0441,왕십리,3,환승,2,2,2) 환승대합실로 이동
01,수도권,S1,2,2호선,0441,왕십리,3,환승,2,3,3) 5호선 방향 엘리베이터 탑승
01,수도권,S1,2,2호선,0441,왕십리,3,환승,2,4,4) (B4) 5호선 대합실로 이동
01,수도권,S1,2,2호선,0441,왕십리,3,환승,2,5,5) 5호선 마장 방면 엘리베이터 탑승
01,수도권,S1,2,2호선,0441,왕십리,3,환승,2,6,6) (B5) 5호선 마장 방면 승강장으로 이동
01,수도권,S1,2,2호선,0441,왕십리,3,환승,2,7,7) 승차 (휠체어칸)
01,수도권,S1,2,2호선,0441,왕십리,3,환승,3,1,1) (B2) 2호선 한양대 방면 승강장 하차
01,수도권,S1,2,2호선,0441,왕십리,3,환승,3,2,2) 환승대합실 방향 엘리베이터 탑승
01,수도권,S1,2,2호선,0441,왕십리,3,환승,3,3,3) (B1) 환승대합실로 이동
01,수도권,S1,2,2호선,0441,왕십리,3,환승,3,4,4) 2호선 상왕십리 방면 엘리베이터 탑승
01,수도권,S1,2,2호선,0441,왕십리,3,환승,3,5,5) (B2) 환승대합실로 이동
01,수도권,S1,2,2호선,0441,왕십리,3,환승,3,6,6) 5호선 방향 엘리베이터 탑승
01,수도권,S1,2,2호선,0441,왕십리,3,환승,3,7,7) (B4) 5호선 대합실로 이동
01,수도권,S1,2,2호선,0441,왕십리,3,환승,3,8,8) 5호선 행당 방면 엘리베이터 탑승
01,수도권,S1,2,2호선,0441,왕십리,3,환승,3,9,9) (B5) 5호선 행당 방면 승강장으로 이동
01,수도권,S1,2,2호선,0441,왕십리,3,환승,3,10,10) 승차 (휠체어칸)
01,수도권,S1,2,2호선,0441,왕십리,3,환승,4,1,1) (B2) 2호선 한양대 방면 승강장 하차
01,수도권,S1,2,2호선,0441,왕십리,3,환승,4,2,2) 환승대합실 방향 엘리베이터 탑승
01,수도권,S1,2,2호선,0441,왕십리,3,환승,4,3,3) (B1) 환승대합실로 이동
01,수도권,S1,2,2호선,0441,왕십리,3,환승,4,4,4) 2호선 상왕십리 방면 엘리베이터 탑승
01,수도권,S1,2,2호선,0441,왕십리,3,환승,4,5,5) (B2) 환승대합실로 이동
01,수도권,S1,2,2호선,0441,왕십리,3,환승,4,6,6) 5호선 방향 엘리베이터 탑승
01,수도권,S1,2,2호선,0441,왕십리,3,환승,4,7,7) (B4) 5호선 대합실로 이동
01,수도권,S1,2,2호선,0441,왕십리,3,환승,4,8,8) 5호선 마장 방면 엘리베이터 탑승
01,수도권,S1,2,2호선,0441,왕십리,3,환승,4,9,9) (B5) 5호선 마장 방면 승강장으로 이동
01,수도권,S1,2,2호선,0441,왕십리,3,환승,4,10,10) 승차 (휠체어칸)
01,수도권,S1,2,2호선,0441,왕십리,3,환승,5,1,1) (B2) 2호선 상왕십리 방면 승강장 하차
01,수도권,S1,2,2호선,0441,왕십리,3,환승,5,2,2) 환승대합실 방향 엘리베이터 탑승
01,수도권,S1,2,2호선,0441,왕십리,3,환승,5,3,3) (B1) 환승대합실로 이동
01,수도권,S1,2,2호선,0441,왕십리,3,환승,5,4,4) 수인분당선 승강장 방향 엘리베이터 탑승
01,수도권,S1,2,2호선,0441,왕십리,3,환승,5,5,5) (1F) 수인분당선 청량리 방면 승강장으로 이동
01,수도권,S1,2,2호선,0441,왕십리,3,환승,5,6,6) 승차 (휠체어칸)
01,수도권,S1,2,2호선,0441,왕십리,3,환승,6,1,1) (B2) 2호선 상왕십리 방면 승강장 하차
01,수도권,S1,2,2호선,0441,왕십리,3,환승,6,2,2) 환승대합실 방향 엘리베이터 탑승
01,수도권,S1,2,2호선,0441,왕십리,3,환승,6,3,3) (B1) 환승대합실로 이동
01,수도권,S1,2,2호선,0441,왕십리,3,환승,6,4,4) 수인분당선 승강장 방향 엘리베이터 탑승
01,수도권,S1,2,2호선,0441,왕십리,3,환승,6,5,5) (1F) 수인분당선 서울숲 방면 승강장으로 이동
01,수도권,S1,2,2호선,0441,왕십리,3,환승,6,6,6) 승차 (휠체어칸)
01,수도권,S1,2,2호선,0441,왕십리,3,환승,7,1,1) (B2) 2호선 한양대 방면 승강장 하차
01,수도권,S1,2,2호선,0441,왕십리,3,환승,7,2,2) 환승대합실 방향 엘리베이터 탑승
01,수도권,S1,2,2호선,0441,왕십리,3,환승,7,3,3) (B1) 환승대합실로 이동
01,수도권,S1,2,2호선,0441,왕십리,3,환승,7,4,4) 수인분당선 승강장 방향 엘리베이터 탑승
01,수도권,S1,2,2호선,0441,왕십리,3,환승,7,5,5) (1F) 수인분당선 청량리 방면 승강장으로 이동
01,수도권,S1,2,2호선,0441,왕십리,3,환승,7,6,6) 승차 (휠체어칸)
01,수도권,S1,2,2호선,0441,왕십리,3,환승,8,1,1) (B2) 2호선 한양대 방면 승강장 하차
01,수도권,S1,2,2호선,0441,왕십리,3,환승,8,2,2) 환승대합실 방향 엘리베이터 탑승
01,수도권,S1,2,2호선,0441,왕십리,3,환승,8,3,3) (B1) 환승대합실로 이동
01,수도권,S1,2,2호선,0441,왕십리,3,환승,8,4,4) 수인분당선 승강장 방향 엘리베이터 탑승
01,수도권,S1,2,2호선,0441,왕십리,3,환승,8,5,5) (1F) 수인분당선 서울숲 방면 승강장으로 이동
01,수도권,S1,2,2호선,0441,왕십리,3,환승,8,6,6) 승차 (휠체어칸)
01,수도권,S1,2,2호선,0441,왕십리,3,환승,9,1,1) (B2) 2호선 상왕십리 방면 승강장 하차
01,수도권,S1,2,2호선,0441,왕십리,3,환승,9,2,2) 환승대합실 방향 엘리베이터 탑승
01,수도권,S1,2,2호선,0441,왕십리,3,환승,9,3,3) (B1) 환승대합실로 이동
01,수도권,S1,2,2호선,0441,왕십리,3,환승,9,4,4) 경의중앙선 승강장 방향 엘리베이터 탑승
01,수도권,S1,2,2호선,0441,왕십리,3,환승,9,5,5) (1F) 경의중앙선 응봉 방면 승강장으로 이동
01,수도권,S1,2,2호선,0441,왕십리,3,환승,9,6,6) 승차 (휠체어칸)
01,수도권,S1,2,2호선,0441,왕십리,3,환승,10,1,1) (B2) 2호선 상왕십리 방면 승강장 하차
01,수도권,S1,2,2호선,0441,왕십리,3,환승,10,2,2) 환승대합실 방향 엘리베이터 탑승
01,수도권,S1,2,2호선,0441,왕십리,3,환승,10,3,3) (B1) 환승대합실로 이동
01,수도권,S1,2,2호선,0441,왕십리,3,환승,10,4,4) 경의중앙선 승강장 방향 엘리베이터 탑승
01,수도권,S1,2,2호선,0441,왕십리,3,환승,10,5,5) (1F) 경의중앙선 청량리 방면 승강장으로 이동
01,수도권,S1,2,2호선,0441,왕십리,3,환승,10,6,6) 승차 (휠체어칸)
01,수도권,S1,2,2호선,0441,왕십리,3,환승,11,1,1) (B2) 2호선 한양대 방면 승강장 하차
01,수도권,S1,2,2호선,0441,왕십리,3,환승,11,2,2) 환승대합실 방향 엘리베이터 탑승
01,수도권,S1,2,2호선,0441,왕십리,3,환승,11,3,3) (B1) 환승대합실로 이동
01,수도권,S1,2,2호선,0441,왕십리,3,환승,11,4,4) 경의중앙선 승강장 방향 엘리베이터 탑승
01,수도권,S1,2,2호선,0441,왕십리,3,환승,11,5,5) (1F) 경의중앙선 응봉 방면 승강장으로 이동
01,수도권,S1,2,2호선,0441,왕십리,3,환승,11,6,6) 승차 (휠체어칸)
01,수도권,S1,2,2호선,0441,왕십리,3,환승,12,1,1) (B2) 2호선 한양대 방면 승강장 하차
01,수도권,S1,2,2호선,0441,왕십리,3,환승,12,2,2) 환승대합실 방향 엘리베이터 탑승
01,수도권,S1,2,2호선,0441,왕십리,3,환승,12,3,3) (B1) 환승대합실로 이동
01,수도권,S1,2,2호선,0441,왕십리,3,환승,12,4,4) 경의중앙선 승강장 방향 엘리베이터 탑승
01,수도권,S1,2,2호선,0441,왕십리,3,환승,12,5,5) (1F) 경의중앙선 청량리 방면 승강장으로 이동
01,수도권,S1,2,2호선,0441,왕십리,3,환승,12,6,6) 승차 (휠체어칸)
01,수도권,S1,2,2호선,0279,상왕십리,1,출입구-승강장,1,1,1) (1F) 1-1번 출입구 옆 엘리베이터 탑승
01,수도권,S1,2,2호선,0279,상왕십리,1,출입구-승강장,1,2,2) (B1) 대합실로 이동
01,수도권,S1,2,2호선,0279,상왕십리,1,출입구-승강장,1,3,3) 신당 방면 엘리베이터 앞 표 내는 곳 통과
01,수도권,S1,2,2호선,0279,상왕십리,1,출입구-승강장,1,4,4) 신당 방면 엘리베이터 탑승
01,수도권,S1,2,2호선,0279,상왕십리,1,출입구-승강장,1,5,5) (B2) 신당 방면 승강장으로 이동
01,수도권,S1,2,2호선,0279,상왕십리,1,출입구-승강장,1,6,6) 승차 (휠체어칸)
01,수도권,S1,2,2호선,0279,상왕십리,1,출입구-승강장,2,1,1) (1F) 1-1번 출입구 옆 엘리베이터 탑승
01,수도권,S1,2,2호선,0279,상왕십리,1,출입구-승강장,2,2,2) (B1) 대합실로 이동
01,수도권,S1,2,2호선,0279,상왕십리,1,출입구-승강장,2,3,3) 왕십리 방면 엘리베이터 앞 표 내는 곳 통과
01,수도권,S1,2,2호선,0279,상왕십리,1,출입구-승강장,2,4,4) 왕십리 방면 엘리베이터 탑승
01,수도권,S1,2,2호선,0279,상왕십리,1,출입구-승강장,2,5,5) (B2) 왕십리 방면 승강장으로 이동
01,수도권,S1,2,2호선,0279,상왕십리,1,출입구-승강장,2,6,6) 승차 (휠체어칸)
01,수도권,S1,2,2호선,0356,신당,1,출입구-승강장,1,1,1) (1F) 2번 출입구 옆 엘리베이터 탑승
01,수도권,S1,2,2호선,0356,신당,1,출입구-승강장,1,2,2) (B1) 대합실로 이동
01,수도권,S1,2,2호선,0356,신당,1,출입구-승강장,1,3,3) 동대문역사문화공원 방면 엘리베이터 앞 표 내는 곳 통과
01,수도권,S1,2,2호선,0356,신당,1,출입구-승강장,1,4,4) 동대문역사문화공원 방면 엘리베이터 탑승
01,수도권,S1,2,2호선,0356,신당,1,출입구-승강장,1,5,5) (B2) 동대문역사문화공원 방면 승강장으로 이동
01,수도권,S1,2,2호선,0356,신당,1,출입구-승강장,1,6,6) 승차 (휠체어칸)
01,수도권,S1,2,2호선,0356,신당,1,출입구-승강장,2,1,1) (1F) 2번 출입구 옆 엘리베이터 탑승
01,수도권,S1,2,2호선,0356,신당,1,출입구-승강장,2,2,2) (B1) 대합실로 이동
01,수도권,S1,2,2호선,0356,신당,1,출입구-승강장,2,3,3) 상왕십리 방면 엘리베이터 앞 표 내는 곳 통과
01,수도권,S1,2,2호선,0356,신당,1,출입구-승강장,2,4,4) 상왕십리 방면 엘리베이터 탑승
01,수도권,S1,2,2호선,0356,신당,1,출입구-승강장,2,5,5) (B2) 상왕십리 방면 승강장으로 이동
01,수도권,S1,2,2호선,0356,신당,1,출입구-승강장,2,6,6) 승차 (휠체어칸)
01,수도권,S1,2,2호선,0356,신당,3,환승,1,1,1) (B2) 2호선 동대문역사문화공원 방면 승강장 하차
01,수도권,S1,2,2호선,0356,신당,3,환승,1,2,2) 환승통로 방향 휠체어리프트 탑승
01,수도권,S1,2,2호선,0356,신당,3,환승,1,3,3) (B1) 6호선 방향 환승통로로 이동
01,수도권,S1,2,2호선,0356,신당,3,환승,1,4,4) 휠체어리프트 탑승
01,수도권,S1,2,2호선,0356,신당,3,환승,1,5,5) (B2) 6호선 대합실로 이동
01,수도권,S1,2,2호선,0356,신당,3,환승,1,6,6) 휠체어리프트 탑승
01,수도권,S1,2,2호선,0356,신당,3,환승,1,7,7) (B3) 6호선 청구 방면 승강장으로 이동
01,수도권,S1,2,2호선,0356,신당,3,환승,1,8,8) 승차 (휠체어칸)
01,수도권,S1,2,2호선,0356,신당,3,환승,2,1,1) (B2) 2호선 동대문역사문화공원 방면 승강장 하차
01,수도권,S1,2,2호선,0356,신당,3,환승,2,2,2) 환승통로 방향 휠체어리프트 탑승
01,수도권,S1,2,2호선,0356,신당,3,환승,2,3,3) (B1) 6호선 방향 환승통로로 이동
01,수도권,S1,2,2호선,0356,신당,3,환승,2,4,4) 휠체어리프트 탑승
01,수도권,S1,2,2호선,0356,신당,3,환승,2,5,5) (B2) 6호선 대합실로 이동
01,수도권,S1,2,2호선,0356,신당,3,환승,2,6,6) 휠체어리프트 탑승
01,수도권,S1,2,2호선,0356,신당,3,환승,2,7,7) (B3) 6호선 동묘앞 방면 승강장으로 이동
01,수도권,S1,2,2호선,0356,신당,3,환승,2,8,8) 승차 (휠체어칸)
01,수도권,S1,2,2호선,0356,신당,3,환승,3,1,1) (B2) 2호선 상왕십리 방면 승강장 하차
01,수도권,S1,2,2호선,0356,신당,3,환승,3,2,2) 환승통로 방향 휠체어리프트 탑승
01,수도권,S1,2,2호선,0356,신당,3,환승,3,3,3) (B1) 6호선 방향 환승통로로 이동
01,수도권,S1,2,2호선,0356,신당,3,환승,3,4,4) 휠체어리프트 탑승
01,수도권,S1,2,2호선,0356,신당,3,환승,3,5,5) (B2) 6호선 대합실로 이동
01,수도권,S1,2,2호선,0356,신당,3,환승,3,6,6) 휠체어리프트 탑승
01,수도권,S1,2,2호선,0356,신당,3,환승,3,7,7) (B3) 6호선 청구 방면 승강장으로 이동
01,수도권,S1,2,2호선,0356,신당,3,환승,3,8,8) 승차 (휠체어칸)
01,수도권,S1,2,2호선,0356,신당,3,환승,4,1,1) (B2) 2호선 상왕십리 방면 승강장 하차
01,수도권,S1,2,2호선,0356,신당,3,환승,4,2,2) 환승통로 방향 휠체어리프트 탑승
01,수도권,S1,2,2호선,0356,신당,3,환승,4,3,3) (B1) 6호선 방향 환승통로로 이동
01,수도권,S1,2,2호선,0356,신당,3,환승,4,4,4) 휠체어리프트 탑승
01,수도권,S1,2,2호선,0356,신당,3,환승,4,5,5) (B2) 6호선 대합실로 이동
01,수도권,S1,2,2호선,0356,신당,3,환승,4,6,6) 휠체어리프트 탑승
01,수도권,S1,2,2호선,0356,신당,3,환승,4,7,7) (B3) 6호선 동묘앞 방면 승강장으로 이동
01,수도권,S1,2,2호선,0356,신당,3,환승,4,8,8) 승차 (휠체어칸)
01,수도권,S1,2,2호선,0156,동대문역사문화공원,1,출입구-승강장,1,1,1) (1F) 1번 출입구 옆 엘리베이터 탑승
01,수도권,S1,2,2호선,0156,동대문역사문화공원,1,출입구-승강장,1,2,2) (B1) 대합실로 이동
01,수도권,S1,2,2호선,0156,동대문역사문화공원,1,출입구-승강장,1,3,3) 표 내는 곳 통과
01,수도권,S1,2,2호선,0156,동대문역사문화공원,1,출입구-승강장,1,4,4) 을지로4가 방면 엘리베이터 탑승
01,수도권,S1,2,2호선,0156,동대문역사문화공원,1,출입구-승강장,1,5,5) (B2) 을지로4가 방면 승강장으로 이동
01,수도권,S1,2,2호선,0156,동대문역사문화공원,1,출입구-승강장,1,6,6) 승차 (휠체어칸)
01,수도권,S1,2,2호선,0156,동대문역사문화공원,1,출입구-승강장,2,1,1) (1F) 1번 출입구 옆 엘리베이터 탑승
01,수도권,S1,2,2호선,0156,동대문역사문화공원,1,출입구-승강장,2,2,2) (B1) 대합실로 이동
01,수도권,S1,2,2호선,0156,동대문역사문화공원,1,출입구-승강장,2,3,3) 표 내는 곳 통과
01,수도권,S1,2,2호선,0156,동대문역사문화공원,1,출입구-승강장,2,4,4) 신당 방면 엘리베이터 탑승
01,수도권,S1,2,2호선,0156,동대문역사문화공원,1,출입구-승강장,2,5,5) (B2) 신당 방면 승강장으로 이동
01,수도권,S1,2,2호선,0156,동대문역사문화공원,1,출입구-승강장,2,6,6) 승차 (휠체어칸)
01,수도권,S1,2,2호선,0156,동대문역사문화공원,3,환승,1,1,1) (B2) 2호선 을지로4가 방면 승강장 하차
01,수도권,S1,2,2호선,0156,동대문역사문화공원,3,환승,1,2,2) 대합실 방향 엘리베이터 탑승
01,수도권,S1,2,2호선,0156,동대문역사문화공원,3,환승,1,3,3) (B1) 대합실로 이동
01,수도권,S1,2,2호선,0156,동대문역사문화공원,3,환승,1,4,4) 4호선 대합실로 이동
01,수도권,S1,2,2호선,0156,동대문역사문화공원,3,환승,1,5,5) 4호선 승강장 방향 엘리베이터 탑승
01,수도권,S1,2,2호선,0156,동대문역사문화공원,3,환승,1,6,6) (B3) 4호선 동대문 방면 승강장으로 이동
01,수도권,S1,2,2호선,0156,동대문역사문화공원,3,환승,1,7,7) 승차 (휠체어칸)
01,수도권,S1,2,2호선,0156,동대문역사문화공원,3,환승,2,1,1) (B2) 2호선 을지로4가 방면 승강장 하차
01,수도권,S1,2,2호선,0156,동대문역사문화공원,3,환승,2,2,2) 대합실 방향 엘리베이터 탑승
01,수도권,S1,2,2호선,0156,동대문역사문화공원,3,환승,2,3,3) (B1) 대합실로 이동
01,수도권,S1,2,2호선,0156,동대문역사문화공원,3,환승,2,4,4) 4호선 대합실로 이동
01,수도권,S1,2,2호선,0156,동대문역사문화공원,3,환승,2,5,5) 4호선 승강장 방향 엘리베이터 탑승
01,수도권,S1,2,2호선,0156,동대문역사문화공원,3,환승,2,6,6) (B3) 4호선 충무로 방면 승강장으로 이동
01,수도권,S1,2,2호선,0156,동대문역사문화공원,3,환승,2,7,7) 승차 (휠체어칸)
01,수도권,S1,2,2호선,0156,동대문역사문화공원,3,환승,3,1,1) (B2) 2호선 신당 방면 승강장 하차
01,수도권,S1,2,2호선,0156,동대문역사문화공원,3,환승,3,2,2) 대합실 방향 엘리베이터 탑승
01,수도권,S1,2,2호선,0156,동대문역사문화공원,3,환승,3,3,3) (B1) 대합실로 이동
01,수도권,S1,2,2호선,0156,동대문역사문화공원,3,환승,3,4,4) 4호선 대합실로 이동
01,수도권,S1,2,2호선,0156,동대문역사문화공원,3,환승,3,5,5) 4호선 승강장 방향 엘리베이터 탑승
01,수도권,S1,2,2호선,0156,동대문역사문화공원,3,환승,3,6,6) (B3) 4호선 동대문 방면 승강장으로 이동
01,수도권,S1,2,2호선,0156,동대문역사문화공원,3,환승,3,7,7) 승차 (휠체어칸)
01,수도권,S1,2,2호선,0156,동대문역사문화공원,3,환승,4,1,1) (B2) 2호선 신당 방면 승강장 하차
01,수도권,S1,2,2호선,0156,동대문역사문화공원,3,환승,4,2,2) 대합실 방향 엘리베이터 탑승
01,수도권,S1,2,2호선,0156,동대문역사문화공원,3,환승,4,3,3) (B1) 대합실로 이동
01,수도권,S1,2,2호선,0156,동대문역사문화공원,3,환승,4,4,4) 4호선 대합실로 이동
01,수도권,S1,2,2호선,0156,동대문역사문화공원,3,환승,4,5,5) 4호선 승강장 방향 엘리베이터 탑승
01,수도권,S1,2,2호선,0156,동대문역사문화공원,3,환승,4,6,6) (B3) 4호선 충무로 방면 승강장으로 이동
01,수도권,S1,2,2호선,0156,동대문역사문화공원,3,환승,4,7,7) 승차 (휠체어칸)
01,수도권,S1,2,2호선,0156,동대문역사문화공원,3,환승,5,1,1) (B2) 2호선 을지로4가 방면 승강장 하차
01,수도권,S1,2,2호선,0156,동대문역사문화공원,3,환승,5,2,2) 대합실 방향 엘리베이터 탑승
01,수도권,S1,2,2호선,0156,동대문역사문화공원,3,환승,5,3,3) (B1) 대합실로 이동
01,수도권,S1,2,2호선,0156,동대문역사문화공원,3,환승,5,4,4) 4호선 대합실로 이동
01,수도권,S1,2,2호선,0156,동대문역사문화공원,3,환승,5,5,5) 4호선 승강장 방향 엘리베이터 탑승
01,수도권,S1,2,2호선,0156,동대문역사문화공원,3,환승,5,6,6) (B3) 4호선 승강장으로 이동
01,수도권,S1,2,2호선,0156,동대문역사문화공원,3,환승,5,7,7) 5호선 승강장 방향 엘리베이터 탑승
01,수도권,S1,2,2호선,0156,동대문역사문화공원,3,환승,5,8,8) (B5) 5호선 을지로4가 방면 승강장으로 이동
01,수도권,S1,2,2호선,0156,동대문역사문화공원,3,환승,5,9,9) 승차 (휠체어칸)
01,수도권,S1,2,2호선,0156,동대문역사문화공원,3,환승,6,1,1) (B2) 2호선 을지로4가 방면 승강장 하차
01,수도권,S1,2,2호선,0156,동대문역사문화공원,3,환승,6,2,2) 대합실 방향 엘리베이터 탑승
01,수도권,S1,2,2호선,0156,동대문역사문화공원,3,환승,6,3,3) (B1) 대합실로 이동
01,수도권,S1,2,2호선,0156,동대문역사문화공원,3,환승,6,4,4) 4호선 대합실로 이동
01,수도권,S1,2,2호선,0156,동대문역사문화공원,3,환승,6,5,5) 4호선 승강장 방향 엘리베이터 탑승
01,수도권,S1,2,2호선,0156,동대문역사문화공원,3,환승,6,6,6) (B3) 4호선 승강장으로 이동
01,수도권,S1,2,2호선,0156,동대문역사문화공원,3,환승,6,7,7) 5호선 승강장 방향 엘리베이터 탑승
01,수도권,S1,2,2호선,0156,동대문역사문화공원,3,환승,6,8,8) (B5) 5호선 청구 방면 승강장으로 이동
01,수도권,S1,2,2호선,0156,동대문역사문화공원,3,환승,6,9,9) 승차 (휠체어칸)
01,수도권,S1,2,2호선,0156,동대문역사문화공원,3,환승,7,1,1) (B2) 2호선 신당 방면 승강장 하차
01,수도권,S1,2,2호선,0156,동대문역사문화공원,3,환승,7,2,2) 대합실 방향 엘리베이터 탑승
01,수도권,S1,2,2호선,0156,동대문역사문화공원,3,환승,7,3,3) (B1) 대합실로 이동
01,수도권,S1,2,2호선,0156,동대문역사문화공원,3,환승,7,4,4) 4호선 대합실로 이동
01,수도권,S1,2,2호선,0156,동대문역사문화공원,3,환승,7,5,5) 4호선 승강장 방향 엘리베이터 탑승
01,수도권,S1,2,2호선,0156,동대문역사문화공원,3,환승,7,6,6) (B3) 4호선 승강장으로 이동
01,수도권,S1,2,2호선,0156,동대문역사문화공원,3,환승,7,7,7) 5호선 승강장 방향 엘리베이터 탑승
01,수도권,S1,2,2호선,0156,동대문역사문화공원,3,환승,7,8,8) (B5) 5호선 을지로4가 방면 승강장으로 이동
01,수도권,S1,2,2호선,0156,동대문역사문화공원,3,환승,7,9,9) 승차 (휠체어칸)
01,수도권,S1,2,2호선,0156,동대문역사문화공원,3,환승,8,1,1) (B2) 2호선 신당 방면 승강장 하차
01,수도권,S1,2,2호선,0156,동대문역사문화공원,3,환승,8,2,2) 대합실 방향 엘리베이터 탑승
01,수도권,S1,2,2호선,0156,동대문역사문화공원,3,환승,8,3,3) (B1) 대합실로 이동
01,수도권,S1,2,2호선,0156,동대문역사문화공원,3,환승,8,4,4) 4호선 대합실로 이동
01,수도권,S1,2,2호선,0156,동대문역사문화공원,3,환승,8,5,5) 4호선 승강장 방향 엘리베이터 탑승
01,수도권,S1,2,2호선,0156,동대문역사문화공원,3,환승,8,6,6) (B3) 4호선 승강장으로 이동
01,수도권,S1,2,2호선,0156,동대문역사문화공원,3,환승,8,7,7) 5호선 승강장 방향 엘리베이터 탑승
01,수도권,S1,2,2호선,0156,동대문역사문화공원,3,환승,8,8,8) (B5) 5호선 청구 방면 승강장으로 이동
01,수도권,S1,2,2호선,0156,동대문역사문화공원,3,환승,8,9,9) 승차 (휠체어칸)
01,수도권,S1,2,2호선,0465,을지로4가,1,출입구-승강장,1,1,1) (1F) 8번 출입구 옆 엘리베이터 탑승
01,수도권,S1,2,2호선,0465,을지로4가,1,출입구-승강장,1,2,2) 지하1층 대합실 하차 후 을지로3가방면 표 내는 곳 옆 엘리베이터 탑승
01,수도권,S1,2,2호선,0465,을지로4가,1,출입구-승강장,1,3,3) (B2) 을지로3가 방면 승강장으로 이동
01,수도권,S1,2,2호선,0465,을지로4가,1,출입구-승강장,1,4,4) 승차 (휠체어칸)
01,수도권,S1,2,2호선,0465,을지로4가,1,출입구-승강장,2,1,1) (1F) 8번 출입구 옆 엘리베이터 탑승
01,수도권,S1,2,2호선,0465,을지로4가,1,출입구-승강장,2,2,2) (B1) 대합실로 이동
01,수도권,S1,2,2호선,0465,을지로4가,1,출입구-승강장,2,3,3) 동대문역사문화공원 방면 엘리베이터 앞 표 내는 곳 통과
01,수도권,S1,2,2호선,0465,을지로4가,1,출입구-승강장,2,4,4) 동대문역사문화공원 방면 엘리베이터 탑승
01,수도권,S1,2,2호선,0465,을지로4가,1,출입구-승강장,2,5,5) (B2) 동대문역사문화공원 방면 승강장으로 이동
01,수도권,S1,2,2호선,0465,을지로4가,1,출입구-승강장,2,6,6) 승차 (휠체어칸)
01,수도권,S1,2,2호선,0465,을지로4가,1,출입구-승강장,3,1,1) 10번출구 엘리베이터 탑승
01,수도권,S1,2,2호선,0465,을지로4가,1,출입구-승강장,3,2,2) 지하1층 대합실 하차 후 을지로3가 방면 표 내는 곳 통과 후 엘리베이터 탑승
01,수도권,S1,2,2호선,0465,을지로4가,1,출입구-승강장,3,3,3) 지하2층 승강장 하차
01,수도권,S1,2,2호선,0465,을지로4가,1,출입구-승강장,4,1,1) 10번출구 엘리베이터 탑승
01,수도권,S1,2,2호선,0465,을지로4가,1,출입구-승강장,4,2,2)  지하1층 대합실 하차 후 동대문역사문화공원 방면 표 내는 곳 통과 후 엘리베이터 탑승
01,수도권,S1,2,2호선,0465,을지로4가,1,출입구-승강장,4,3,3) 지하2층 승강장 하차
01,수도권,S1,2,2호선,0465,을지로4가,3,환승,1,1,1)  7-4 승강장 앞 엘리베이터 탑승
01,수도권,S1,2,2호선,0465,을지로4가,3,환승,1,2,2) 지하5층 5호선 승강장 하차
01,수도권,S1,2,2호선,0465,을지로4가,3,환승,1,3,3) 3) 종로3가 방면 승차 (휠체어칸)
01,수도권,S1,2,2호선,0465,을지로4가,3,환승,2,1,1)  7-4 승강장 앞 엘리베이터 탑승
01,수도권,S1,2,2호선,0465,을지로4가,3,환승,2,2,2) 지하5층 5호선 승강장 하차
01,수도권,S1,2,2호선,0465,을지로4가,3,환승,2,3,3) 동대문역사문화공원 방면 승차 (휠체어칸)
01,수도권,S1,2,2호선,0465,을지로4가,3,환승,3,1,1) 지하2층 승강장에서 엘리베이터 탑승 
01,수도권,S1,2,2호선,0465,을지로4가,3,환승,3,2,2) 지하1층 대합실 하차후 오른쪽으로 90M 이동
01,수도권,S1,2,2호선,0465,을지로4가,3,환승,3,3,3) 을지로3가방면 표 내는 곳 옆의 엘리베이터 탑승
01,수도권,S1,2,2호선,0465,을지로4가,3,환승,3,4,4) 지하5층 5호선 승강장 하차
01,수도권,S1,2,2호선,0465,을지로4가,3,환승,3,5,5) 종로3가 방면 승차 (휠체어칸)
01,수도권,S1,2,2호선,0465,을지로4가,3,환승,4,1,1) 지하2층 승강장에서 엘리베이터 탑승 
01,수도권,S1,2,2호선,0465,을지로4가,3,환승,4,2,2) 지하1층 대합실 하차후 오른쪽으로 90M 이동
01,수도권,S1,2,2호선,0465,을지로4가,3,환승,4,3,3) 을지로3가방면 표 내는 곳 옆의 엘리베이터 탑승
01,수도권,S1,2,2호선,0465,을지로4가,3,환승,4,4,4) 지하5층 5호선 승강장 하차
01,수도권,S1,2,2호선,0465,을지로4가,3,환승,4,5,5) 동대문역사문화공원 방면 승차 (휠체어칸)
01,수도권,S1,2,2호선,0464,을지로3가,1,출입구-승강장,1,1,1) (1F) 10번 출입구 옆 엘리베이터 탑승
01,수도권,S1,2,2호선,0464,을지로3가,1,출입구-승강장,1,2,2) (B1) 3호선 대합실로 이동
01,수도권,S1,2,2호선,0464,을지로3가,1,출입구-승강장,1,3,3) 2호선 대합실로 이동
01,수도권,S1,2,2호선,0464,을지로3가,1,출입구-승강장,1,4,4) 을지로입구 방면 엘리베이터 앞 표 내는 곳 통과
01,수도권,S1,2,2호선,0464,을지로3가,1,출입구-승강장,1,5,5) 을지로입구 방면 엘리베이터 탑승
01,수도권,S1,2,2호선,0464,을지로3가,1,출입구-승강장,1,6,6) (B2) 을지로입구 방면 승강장으로 이동
01,수도권,S1,2,2호선,0464,을지로3가,1,출입구-승강장,1,7,7) 승차 (휠체어칸)
01,수도권,S1,2,2호선,0464,을지로3가,1,출입구-승강장,2,1,1) (1F) 10번 출입구 옆 엘리베이터 탑승
01,수도권,S1,2,2호선,0464,을지로3가,1,출입구-승강장,2,2,2) (B1) 3호선 대합실로 이동
01,수도권,S1,2,2호선,0464,을지로3가,1,출입구-승강장,2,3,3) 2호선 대합실로 이동
01,수도권,S1,2,2호선,0464,을지로3가,1,출입구-승강장,2,4,4) 을지로4가 방면 엘리베이터 앞 표 내는 곳 통과
01,수도권,S1,2,2호선,0464,을지로3가,1,출입구-승강장,2,5,5) 을지로4가 방면 엘리베이터 탑승
01,수도권,S1,2,2호선,0464,을지로3가,1,출입구-승강장,2,6,6) (B2) 을지로4가 방면 승강장으로 이동
01,수도권,S1,2,2호선,0464,을지로3가,1,출입구-승강장,2,7,7) 승차 (휠체어칸)
01,수도권,S1,2,2호선,0464,을지로3가,1,출입구-승강장,3,1,1) (1F) 12번 출입구 옆 엘리베이터 탑승
01,수도권,S1,2,2호선,0464,을지로3가,1,출입구-승강장,3,2,2) (B1) 2호선 대합실로 이동
01,수도권,S1,2,2호선,0464,을지로3가,1,출입구-승강장,3,3,3) 을지로입구 방면 엘리베이터 앞 표 내는 곳 통과
01,수도권,S1,2,2호선,0464,을지로3가,1,출입구-승강장,3,4,4) 을지로입구 방면 엘리베이터 탑승
01,수도권,S1,2,2호선,0464,을지로3가,1,출입구-승강장,3,5,5) (B2) 을지로입구 방면 승강장으로 이동
01,수도권,S1,2,2호선,0464,을지로3가,1,출입구-승강장,3,6,6) 승차 (휠체어칸)
01,수도권,S1,2,2호선,0464,을지로3가,1,출입구-승강장,4,1,1) (1F) 12번 출입구 옆 엘리베이터 탑승
01,수도권,S1,2,2호선,0464,을지로3가,1,출입구-승강장,4,2,2) (B1) 2호선 대합실로 이동
01,수도권,S1,2,2호선,0464,을지로3가,1,출입구-승강장,4,3,3) 을지로4가 방면 엘리베이터 앞 표 내는 곳 통과
01,수도권,S1,2,2호선,0464,을지로3가,1,출입구-승강장,4,4,4) 을지로4가 방면 엘리베이터 탑승
01,수도권,S1,2,2호선,0464,을지로3가,1,출입구-승강장,4,5,5) (B2) 을지로4가 방면 승강장으로 이동
01,수도권,S1,2,2호선,0464,을지로3가,1,출입구-승강장,4,6,6) 승차 (휠체어칸)
01,수도권,S1,2,2호선,0464,을지로3가,3,환승,1,1,1) (B2) 2호선 을지로입구 방면 승강장 하차
01,수도권,S1,2,2호선,0464,을지로3가,3,환승,1,2,2) 대합실 방향 엘리베이터 탑승
01,수도권,S1,2,2호선,0464,을지로3가,3,환승,1,3,3) (B1) 대합실로 이동
01,수도권,S1,2,2호선,0464,을지로3가,3,환승,1,4,4) 3호선 대합실로 이동
01,수도권,S1,2,2호선,0464,을지로3가,3,환승,1,5,5) 3호선 승강장 방향 엘리베이터 탑승
01,수도권,S1,2,2호선,0464,을지로3가,3,환승,1,6,6) (B3) 3호선 종로3가 방면 승강장으로 이동
01,수도권,S1,2,2호선,0464,을지로3가,3,환승,1,7,7) 승차 (휠체어칸)
01,수도권,S1,2,2호선,0464,을지로3가,3,환승,2,1,1) (B2) 2호선 을지로입구 방면 승강장 하차
01,수도권,S1,2,2호선,0464,을지로3가,3,환승,2,2,2) 대합실 방향 엘리베이터 탑승
01,수도권,S1,2,2호선,0464,을지로3가,3,환승,2,3,3) (B1) 대합실로 이동
01,수도권,S1,2,2호선,0464,을지로3가,3,환승,2,4,4) 3호선 대합실로 이동
01,수도권,S1,2,2호선,0464,을지로3가,3,환승,2,5,5) 3호선 승강장 방향 엘리베이터 탑승
01,수도권,S1,2,2호선,0464,을지로3가,3,환승,2,6,6) (B3) 3호선 충무로 방면 승강장으로 이동
01,수도권,S1,2,2호선,0464,을지로3가,3,환승,2,7,7) 승차 (휠체어칸)
01,수도권,S1,2,2호선,0464,을지로3가,3,환승,3,1,1) (B2) 2호선 을지로4가 방면 승강장 하차
01,수도권,S1,2,2호선,0464,을지로3가,3,환승,3,2,2) 3호선 연결통로로 이동
01,수도권,S1,2,2호선,0464,을지로3가,3,환승,3,3,3) 3호선 승강장 방향 엘리베이터 탑승
01,수도권,S1,2,2호선,0464,을지로3가,3,환승,3,4,4) (B3) 3호선 종로3가 방면 승강장으로 이동
01,수도권,S1,2,2호선,0464,을지로3가,3,환승,3,5,5) 승차(휠체어칸)
01,수도권,S1,2,2호선,0464,을지로3가,3,환승,4,1,1) (B2) 2호선 을지로4가 방면 승강장 하차
01,수도권,S1,2,2호선,0464,을지로3가,3,환승,4,2,2) 3호선 연결통로로 이동
01,수도권,S1,2,2호선,0464,을지로3가,3,환승,4,3,3) 3호선 승강장 방향 엘리베이터 탑승
01,수도권,S1,2,2호선,0464,을지로3가,3,환승,4,4,4) (B3) 3호선 충무로 방면 승강장으로 이동
01,수도권,S1,2,2호선,0464,을지로3가,3,환승,4,5,5) 승차(휠체어칸)
01,수도권,S1,2,2호선,0466,을지로입구,1,출입구-승강장,1,1,1) (1F) 1번 출입구 옆 엘리베이터 탑승
01,수도권,S1,2,2호선,0466,을지로입구,1,출입구-승강장,1,2,2) (B1) 대합실로 이동
01,수도권,S1,2,2호선,0466,을지로입구,1,출입구-승강장,1,3,3) 시청 방면 엘리베이터 앞 표 내는 곳 통과
01,수도권,S1,2,2호선,0466,을지로입구,1,출입구-승강장,1,4,4) 시청 방면 엘리베이터 탑승
01,수도권,S1,2,2호선,0466,을지로입구,1,출입구-승강장,1,5,5) (B2) 시청 방면 승강장으로 이동
01,수도권,S1,2,2호선,0466,을지로입구,1,출입구-승강장,1,6,6) 승차 (휠체어칸)
01,수도권,S1,2,2호선,0466,을지로입구,1,출입구-승강장,2,1,1) (1F) 1번 출입구 옆 엘리베이터 탑승
01,수도권,S1,2,2호선,0466,을지로입구,1,출입구-승강장,2,2,2) (B1) 대합실로 이동
01,수도권,S1,2,2호선,0466,을지로입구,1,출입구-승강장,2,3,3) 을지로3가 방면 엘리베이터 앞 표 내는 곳 통과
01,수도권,S1,2,2호선,0466,을지로입구,1,출입구-승강장,2,4,4) 을지로3가 방면 엘리베이터 탑승
01,수도권,S1,2,2호선,0466,을지로입구,1,출입구-승강장,2,5,5) (B2) 을지로3가 방면 승강장으로 이동
01,수도권,S1,2,2호선,0466,을지로입구,1,출입구-승강장,2,6,6) 승차 (휠체어칸)
01,수도권,S1,2,2호선,0466,을지로입구,1,출입구-승강장,3,1,1) (1F) 5번 출입구 옆 엘리베이터 탑승
01,수도권,S1,2,2호선,0466,을지로입구,1,출입구-승강장,3,2,2) (B1) 대합실로 이동
01,수도권,S1,2,2호선,0466,을지로입구,1,출입구-승강장,3,3,3) 시청 방면 엘리베이터 앞 표 내는 곳 통과
01,수도권,S1,2,2호선,0466,을지로입구,1,출입구-승강장,3,4,4) 시청 방면 엘리베이터 탑승
01,수도권,S1,2,2호선,0466,을지로입구,1,출입구-승강장,3,5,5) (B2) 시청 방면 승강장으로 이동
01,수도권,S1,2,2호선,0466,을지로입구,1,출입구-승강장,3,6,6) 승차 (휠체어칸)
01,수도권,S1,2,2호선,0466,을지로입구,1,출입구-승강장,4,1,1) (1F) 5번 출입구 옆 엘리베이터 탑승
01,수도권,S1,2,2호선,0466,을지로입구,1,출입구-승강장,4,2,2) (B1) 대합실로 이동
01,수도권,S1,2,2호선,0466,을지로입구,1,출입구-승강장,4,3,3) 을지로3가 방면 엘리베이터 앞 표 내는 곳 통과
01,수도권,S1,2,2호선,0466,을지로입구,1,출입구-승강장,4,4,4) 을지로3가 방면 엘리베이터 탑승
01,수도권,S1,2,2호선,0466,을지로입구,1,출입구-승강장,4,5,5) (B2) 을지로3가 방면 승강장으로 이동
01,수도권,S1,2,2호선,0466,을지로입구,1,출입구-승강장,4,6,6) 승차 (휠체어칸)
01,수도권,S1,2,2호선,0443,용답,1,출입구-승강장,1,1,1) (1F) 1번 출입구 대합실로 이동
01,수도권,S1,2,2호선,0443,용답,1,출입구-승강장,1,2,2) 신답 방면 엘리베이터 탑승 
01,수도권,S1,2,2호선,0443,용답,1,출입구-승강장,1,3,3) (2F) 신답 방면 승강장으로 이동
01,수도권,S1,2,2호선,0443,용답,1,출입구-승강장,1,4,4) 엘리베이터 앞 표 내는 곳 통과
01,수도권,S1,2,2호선,0443,용답,1,출입구-승강장,1,5,5) 연결통로 방향 엘리베이터 탑승
01,수도권,S1,2,2호선,0443,용답,1,출입구-승강장,1,6,6) (3F) 연결통로로 이동
01,수도권,S1,2,2호선,0443,용답,1,출입구-승강장,1,7,7) 성수 방면 엘리베이터 탑승
01,수도권,S1,2,2호선,0443,용답,1,출입구-승강장,1,8,8) (2F) 성수 방면 승강장으로 이동
01,수도권,S1,2,2호선,0443,용답,1,출입구-승강장,1,9,9) 승차 (휠체어칸)
01,수도권,S1,2,2호선,0443,용답,1,출입구-승강장,2,1,1) (1F) 1번 출입구 대합실로 이동
01,수도권,S1,2,2호선,0443,용답,1,출입구-승강장,2,2,2) 신답 방면 엘리베이터 탑승
01,수도권,S1,2,2호선,0443,용답,1,출입구-승강장,2,3,3) (2F) 신답 방면 승강장으로 이동
01,수도권,S1,2,2호선,0443,용답,1,출입구-승강장,2,4,4) 엘리베이터 앞 표 내는 곳 통과
01,수도권,S1,2,2호선,0443,용답,1,출입구-승강장,2,5,5) 승차 (휠체어칸)
01,수도권,S1,2,2호선,0355,신답,1,출입구-승강장,1,1,1) (1F) 1번 출입구 대합실로 이동
01,수도권,S1,2,2호선,0355,신답,1,출입구-승강장,1,2,2) 표 내는 곳 통과
01,수도권,S1,2,2호선,0355,신답,1,출입구-승강장,1,3,3) 이동통로 방향 엘리베이터 탑승
01,수도권,S1,2,2호선,0355,신답,1,출입구-승강장,1,4,4) (2F) 이동통로로 이동
01,수도권,S1,2,2호선,0355,신답,1,출입구-승강장,1,5,5) 용답 방면 엘리베이터 탑승
01,수도권,S1,2,2호선,0355,신답,1,출입구-승강장,1,6,6) (1F) 용답 방면 승강장으로 이동
01,수도권,S1,2,2호선,0355,신답,1,출입구-승강장,1,7,7) 승차 (휠체어칸)
01,수도권,S1,2,2호선,0355,신답,1,출입구-승강장,2,1,1) (1F) 1번 출입구 대합실로 이동
01,수도권,S1,2,2호선,0355,신답,1,출입구-승강장,2,2,2) 표 내는 곳 통과
01,수도권,S1,2,2호선,0355,신답,1,출입구-승강장,2,3,3) 용두 방면 승강장으로 이동
01,수도권,S1,2,2호선,0355,신답,1,출입구-승강장,2,4,4) 승차 (휠체어칸)
01,수도권,S1,2,2호선,0444,용두,1,출입구-승강장,1,1,1) (1F) 3번 출입구 옆 엘리베이터 탑승
01,수도권,S1,2,2호선,0444,용두,1,출입구-승강장,1,2,2) (B1) 대합실로 이동
01,수도권,S1,2,2호선,0444,용두,1,출입구-승강장,1,3,3) 표 내는 곳 통과
01,수도권,S1,2,2호선,0444,용두,1,출입구-승강장,1,4,4) 연결통로 방향 엘리베이터 탑승
01,수도권,S1,2,2호선,0444,용두,1,출입구-승강장,1,5,5) (B2) 연결통로로 이동
01,수도권,S1,2,2호선,0444,용두,1,출입구-승강장,1,6,6) 신답 방면 엘리베이터 탑승
01,수도권,S1,2,2호선,0444,용두,1,출입구-승강장,1,7,7) (B1) 신답 방면 승강장으로 이동
01,수도권,S1,2,2호선,0444,용두,1,출입구-승강장,1,8,8) 승차 (휠체어칸)
01,수도권,S1,2,2호선,0444,용두,1,출입구-승강장,2,1,1) (1F) 3번 출입구 옆 엘리베이터 탑승
01,수도권,S1,2,2호선,0444,용두,1,출입구-승강장,2,2,2) (B1) 대합실로 이동
01,수도권,S1,2,2호선,0444,용두,1,출입구-승강장,2,3,3) 표 내는 곳 통과
01,수도권,S1,2,2호선,0444,용두,1,출입구-승강장,2,4,4) 신설동 방면 승강장으로 이동
01,수도권,S1,2,2호선,0444,용두,1,출입구-승강장,2,5,5) 승차 (휠체어칸)
01,수도권,S1,2,2호선,0444,용두,1,출입구-승강장,3,1,1) (1F) 4번 출입구 옆 엘리베이터 탑승
01,수도권,S1,2,2호선,0444,용두,1,출입구-승강장,3,2,2) (B1) 대합실로 이동
01,수도권,S1,2,2호선,0444,용두,1,출입구-승강장,3,3,3) 표 내는 곳 통과
01,수도권,S1,2,2호선,0444,용두,1,출입구-승강장,3,4,4) 신답 방면 승강장으로 이동
01,수도권,S1,2,2호선,0444,용두,1,출입구-승강장,3,5,5) 승차 (휠체어칸)
01,수도권,S1,2,2호선,0444,용두,1,출입구-승강장,4,1,1) (1F) 4번 출입구 옆 엘리베이터 탑승
01,수도권,S1,2,2호선,0444,용두,1,출입구-승강장,4,2,2) (B1) 대합실로 이동
01,수도권,S1,2,2호선,0444,용두,1,출입구-승강장,4,3,3) 표 내는 곳 통과
01,수도권,S1,2,2호선,0444,용두,1,출입구-승강장,4,4,4) 연결통로 방향 엘리베이터 탑승
01,수도권,S1,2,2호선,0444,용두,1,출입구-승강장,4,5,5) (B2) 연결통로로 이동
01,수도권,S1,2,2호선,0444,용두,1,출입구-승강장,4,6,6) 신설동 방면 엘리베이터 탑승
01,수도권,S1,2,2호선,0444,용두,1,출입구-승강장,4,7,7) (B1) 신설동 방면 승강장으로 이동
01,수도권,S1,2,2호선,0444,용두,1,출입구-승강장,4,8,8) 승차 (휠체어칸)
01,수도권,S1,2,2호선,0367,신설동,1,출입구-승강장,1,1,1) (1F) 9번 출구 엘리베이터 뒤편 엘리베이터 탑승
01,수도권,S1,2,2호선,0367,신설동,1,출입구-승강장,1,2,2) (B2) 표 찍는 곳 통과
01,수도권,S1,2,2호선,0367,신설동,1,출입구-승강장,1,3,3) (B2) 용두 방면 승강장 도착
01,수도권,S1,2,2호선,0367,신설동,1,출입구-승강장,1,4,4) 승차 (휠체어칸)
01,수도권,S1,2,2호선,0367,신설동,3,환승,1,1,1) 신설동 종착역 승강장
01,수도권,S1,2,2호선,0367,신설동,3,환승,1,2,2) (B2) 대합실 방향 엘리베이터 탑승
01,수도권,S1,2,2호선,0367,신설동,3,환승,1,3,3) (B1) 대합실로 이동
01,수도권,S1,2,2호선,0367,신설동,3,환승,1,4,4) (B1) 9번 출입구 엘리베이터 탑승
01,수도권,S1,2,2호선,0367,신설동,3,환승,1,5,5) (1F) 역사 바깥으로 이동 (필요 시 직원 동행)
01,수도권,S1,2,2호선,0367,신설동,3,환승,1,6,6) (1F) 2번/ 3번 출입구 사이 엘리베이터 탑승
01,수도권,S1,2,2호선,0367,신설동,3,환승,1,7,7) (B1) 대합실로 이동
01,수도권,S1,2,2호선,0367,신설동,3,환승,1,8,8) 제기동 방면 엘리베이터 탑승
01,수도권,S1,2,2호선,0367,신설동,3,환승,1,9,9) (B2) 제기동 방면 승강장으로 이동
01,수도권,S1,2,2호선,0367,신설동,3,환승,1,10,10) 승차 (휠체어칸)
01,수도권,S1,2,2호선,0367,신설동,3,환승,2,1,1) 신설동 종착역 승강장
01,수도권,S1,2,2호선,0367,신설동,3,환승,2,2,2) (B2) 대합실 방향 엘리베이터 탑승
01,수도권,S1,2,2호선,0367,신설동,3,환승,2,3,3) (B1) 대합실로 이동
01,수도권,S1,2,2호선,0367,신설동,3,환승,2,4,4) (B1) 9번 출입구 엘리베이터 탑승
01,수도권,S1,2,2호선,0367,신설동,3,환승,2,5,5) (1F) 역사 바깥으로 이동 (필요 시 직원 동행)
01,수도권,S1,2,2호선,0367,신설동,3,환승,2,6,6) (1F) 4번/ 5번 출입구 사이 엘리베이터 탑승
01,수도권,S1,2,2호선,0367,신설동,3,환승,2,7,7) (B1) 대합실로 이동
01,수도권,S1,2,2호선,0367,신설동,3,환승,2,8,8) 동묘앞 방면 엘리베이터 탑승
01,수도권,S1,2,2호선,0367,신설동,3,환승,2,9,9) (B2) 동묘앞 방면 승강장으로 이동
01,수도권,S1,2,2호선,0367,신설동,3,환승,2,10,10) 승차 (휠체어칸)
01,수도권,S1,2,2호선,0367,신설동,3,환승,3,1,1) 신설동 종착역 승강장
01,수도권,S1,2,2호선,0367,신설동,3,환승,3,2,2) (B2) 대합실 방향 엘리베이터 탑승
01,수도권,S1,2,2호선,0367,신설동,3,환승,3,3,3) (B1) 대합실로 이동
01,수도권,S1,2,2호선,0367,신설동,3,환승,3,4,4) (B1) 9번 출입구 엘리베이터 탑승
01,수도권,S1,2,2호선,0367,신설동,3,환승,3,5,5) (1F) 역사 바깥으로 이동 (필요 시 직원 동행)
01,수도권,S1,2,2호선,0367,신설동,3,환승,3,6,"6) (1F) 1번, 12번 출입구 엘리베이터 탑승"
01,수도권,S1,2,2호선,0367,신설동,3,환승,3,7,7) (B1) 대합실로 이동
01,수도권,S1,2,2호선,0367,신설동,3,환승,3,8,8) 우이신설선 승강장 방면 엘리베이터 탑승
01,수도권,S1,2,2호선,0367,신설동,3,환승,3,9,9) (B2) 우이신설선 승강장으로 이동
01,수도권,S1,2,2호선,0367,신설동,3,환승,3,10,10) 승차 (휠체어칸)
01,수도권,S1,2,2호선,0144,도림천,1,출입구-승강장,1,1,1) (1F) 1번 출입구 대합실로 이동
01,수도권,S1,2,2호선,0144,도림천,1,출입구-승강장,1,2,2) 표 내는 곳 통과
01,수도권,S1,2,2호선,0144,도림천,1,출입구-승강장,1,3,3) 승강장 방향 엘리베이터 탑승
01,수도권,S1,2,2호선,0144,도림천,1,출입구-승강장,1,4,4) (B2) 대합실로 이동
01,수도권,S1,2,2호선,0144,도림천,1,출입구-승강장,1,5,5) 신도림 방면 엘리베이터 탑승
01,수도권,S1,2,2호선,0144,도림천,1,출입구-승강장,1,6,6) (B3) 신도림 방면 승강장으로 이동
01,수도권,S1,2,2호선,0144,도림천,1,출입구-승강장,1,7,7) 승차 (휠체어칸)
01,수도권,S1,2,2호선,0144,도림천,1,출입구-승강장,2,1,1) (1F) 1번 출입구 대합실로 이동
01,수도권,S1,2,2호선,0144,도림천,1,출입구-승강장,2,2,2) 표 내는 곳 통과
01,수도권,S1,2,2호선,0144,도림천,1,출입구-승강장,2,3,3) 승강장 방향 엘리베이터 탑승
01,수도권,S1,2,2호선,0144,도림천,1,출입구-승강장,2,4,4) (B3) 양천구청 방면 승강장으로 이동
01,수도권,S1,2,2호선,0144,도림천,1,출입구-승강장,2,5,5) 승차 (휠체어칸)
01,수도권,S1,2,2호선,0404,양천구청,1,출입구-승강장,1,1,1) (1F) 1번 출입구 옆 엘리베이터 탑승
01,수도권,S1,2,2호선,0404,양천구청,1,출입구-승강장,1,2,2) (B1) 대합실로 이동
01,수도권,S1,2,2호선,0404,양천구청,1,출입구-승강장,1,3,3) 표 내는 곳 통과
01,수도권,S1,2,2호선,0404,양천구청,1,출입구-승강장,1,4,4) 도림천 방면 엘리베이터 탑승
01,수도권,S1,2,2호선,0404,양천구청,1,출입구-승강장,1,5,5) (B2) 도림천 방면 승강장으로 이동
01,수도권,S1,2,2호선,0404,양천구청,1,출입구-승강장,1,6,6) 승차 (휠체어칸)
01,수도권,S1,2,2호선,0404,양천구청,1,출입구-승강장,2,1,1) (1F) 1번 출입구 옆 엘리베이터 탑승
01,수도권,S1,2,2호선,0404,양천구청,1,출입구-승강장,2,2,2) (B1) 대합실로 이동
01,수도권,S1,2,2호선,0404,양천구청,1,출입구-승강장,2,3,3) 표 내는 곳 통과
01,수도권,S1,2,2호선,0404,양천구청,1,출입구-승강장,2,4,4) 신정네거리 방면 엘리베이터 탑승
01,수도권,S1,2,2호선,0404,양천구청,1,출입구-승강장,2,5,5) (B2) 신정네거리 방면 승강장으로 이동
01,수도권,S1,2,2호선,0404,양천구청,1,출입구-승강장,2,6,6) 승차 (휠체어칸)
01,수도권,S1,2,2호선,0373,신정네거리,1,출입구-승강장,1,1,1) (1F) 2번 출입구 옆 엘리베이터 탑승
01,수도권,S1,2,2호선,0373,신정네거리,1,출입구-승강장,1,2,2) (B2) 대합실로 이동
01,수도권,S1,2,2호선,0373,신정네거리,1,출입구-승강장,1,3,3) 양천구청 방면 엘리베이터 앞 표 내는 곳 통과
01,수도권,S1,2,2호선,0373,신정네거리,1,출입구-승강장,1,4,4) 양천구청 방면 엘리베이터 탑승
01,수도권,S1,2,2호선,0373,신정네거리,1,출입구-승강장,1,5,5) (B3) 양천구청 방면 승강장으로 이동
01,수도권,S1,2,2호선,0373,신정네거리,1,출입구-승강장,1,6,6) 승차 (휠체어칸)
01,수도권,S1,2,2호선,0373,신정네거리,1,출입구-승강장,2,1,1) (1F) 2번 출입구 옆 엘리베이터 탑승
01,수도권,S1,2,2호선,0373,신정네거리,1,출입구-승강장,2,2,2) (B2) 대합실로 이동
01,수도권,S1,2,2호선,0373,신정네거리,1,출입구-승강장,2,3,3) 까치산 방면 엘리베이터 앞 표 내는 곳 통과
01,수도권,S1,2,2호선,0373,신정네거리,1,출입구-승강장,2,4,4) 까치산 방면 엘리베이터 탑승
01,수도권,S1,2,2호선,0373,신정네거리,1,출입구-승강장,2,5,5) (B3) 까치산 방면 승강장으로 이동
01,수도권,S1,2,2호선,0373,신정네거리,1,출입구-승강장,2,6,6) 승차 (휠체어칸)
01,수도권,S1,2,2호선,0100,까치산,1,출입구-승강장,1,1,1) (1F) 2번 출입구 휠체어리프트 탑승
01,수도권,S1,2,2호선,0100,까치산,1,출입구-승강장,1,2,2) (B1) 대합실로 이동
01,수도권,S1,2,2호선,0100,까치산,1,출입구-승강장,1,3,3) 표 내는 곳 통과
01,수도권,S1,2,2호선,0100,까치산,1,출입구-승강장,1,4,4) 엘리베이터 탑승
01,수도권,S1,2,2호선,0100,까치산,1,출입구-승강장,1,5,5) (B4) 대합실로 이동
01,수도권,S1,2,2호선,0100,까치산,1,출입구-승강장,1,6,6) 신정네거리 방면 휠체어리프트 탑승
01,수도권,S1,2,2호선,0100,까치산,1,출입구-승강장,1,7,7) (B5) 신정네거리 방면 승강장으로 이동
01,수도권,S1,2,2호선,0100,까치산,1,출입구-승강장,1,8,8) 승차 (휠체어칸)
01,수도권,S1,2,2호선,0100,까치산,3,환승,1,1,1) (B5) 2호선 신정네거리 방면 승강장 하차
01,수도권,S1,2,2호선,0100,까치산,3,환승,1,2,2) (B5) 5호선 신정 방면 승강장으로 이동
01,수도권,S1,2,2호선,0100,까치산,3,환승,1,3,3) 승차 (휠체어칸)
01,수도권,S1,2,2호선,0100,까치산,3,환승,2,1,1) (B5) 2호선 신정네거리 방면 승강장 하차
01,수도권,S1,2,2호선,0100,까치산,3,환승,2,2,2) B1 대합실 신정역 방면 EV 탑승
01,수도권,S1,2,2호선,0100,까치산,3,환승,2,3,3) B1 대합실 EV 하차
01,수도권,S1,2,2호선,0100,까치산,3,환승,2,4,4) B5 상선 승강장(6-3) EV 탑승
01,수도권,S1,2,2호선,0100,까치산,3,환승,2,5,5) B5 5호선 화곡 방면 승강장 이동
01,수도권,S1,2,2호선,0100,까치산,3,환승,2,6,6) 승차(휠체어칸)
01,수도권,KR,3,3호선,0137,대화,1,출입구-승강장,1,1,1) 1번 출입구 지상1층 엘리베이터
01,수도권,KR,3,3호선,0137,대화,1,출입구-승강장,1,2,2) 1번 출입구 지하1층 엘리베이터
01,수도권,KR,3,3호선,0137,대화,1,출입구-승강장,1,3,3) 개집표기 통과
01,수도권,KR,3,3호선,0137,대화,1,출입구-승강장,1,4,4) 주엽방면 지하1층 엘리베이터
01,수도권,KR,3,3호선,0137,대화,1,출입구-승강장,1,5,5) 주엽방면 지하2층 승강장 엘리베이터
01,수도권,KR,3,3호선,0137,대화,1,출입구-승강장,2,1,1) 4번 출입구 지상1층 엘리베이터
01,수도권,KR,3,3호선,0137,대화,1,출입구-승강장,2,2,2) 4번 출입구 지하1층 엘리베이터
01,수도권,KR,3,3호선,0137,대화,1,출입구-승강장,2,3,3) 개집표기 통과
01,수도권,KR,3,3호선,0137,대화,1,출입구-승강장,2,4,4) 주엽방면 지하1층 엘리베이터
01,수도권,KR,3,3호선,0137,대화,1,출입구-승강장,2,5,5) 주엽방면 지하2층 승강장 엘리베이터
01,수도권,KR,3,3호선,0522,주엽,1,출입구-승강장,1,1,1) (1F) 3번/4번 출입구 사이 엘리베이터 탑승
01,수도권,KR,3,3호선,0522,주엽,1,출입구-승강장,1,2,2) (B1) 대합실로 이동
01,수도권,KR,3,3호선,0522,주엽,1,출입구-승강장,1,3,3) 표 내는 곳 통과
01,수도권,KR,3,3호선,0522,주엽,1,출입구-승강장,1,4,4) 대화 방면 엘리베이터 탑승
01,수도권,KR,3,3호선,0522,주엽,1,출입구-승강장,1,5,5) (B2) 대화 방면 승강장으로 이동
01,수도권,KR,3,3호선,0522,주엽,1,출입구-승강장,1,6,6) 승차 (휠체어칸)
01,수도권,KR,3,3호선,0522,주엽,1,출입구-승강장,2,1,1) (1F) 3번/4번 출입구 사이 엘리베이터 탑승
01,수도권,KR,3,3호선,0522,주엽,1,출입구-승강장,2,2,2) (B1) 대합실로 이동
01,수도권,KR,3,3호선,0522,주엽,1,출입구-승강장,2,3,3) 표 내는 곳 통과
01,수도권,KR,3,3호선,0522,주엽,1,출입구-승강장,2,4,4) 정발산 방면 엘리베이터 탑승
01,수도권,KR,3,3호선,0522,주엽,1,출입구-승강장,2,5,5) (B2) 정발산 방면 승강장으로 이동
01,수도권,KR,3,3호선,0522,주엽,1,출입구-승강장,2,6,6) 승차 (휠체어칸)
01,수도권,KR,3,3호선,0508,정발산,1,출입구-승강장,1,1,1) (1F) 1번 출입구 옆 엘리베이터 탑승
01,수도권,KR,3,3호선,0508,정발산,1,출입구-승강장,1,2,2) (B1) 대합실로 이동
01,수도권,KR,3,3호선,0508,정발산,1,출입구-승강장,1,3,3) 표 내는 곳 통과
01,수도권,KR,3,3호선,0508,정발산,1,출입구-승강장,1,4,4) 주엽 방면 엘리베이터 탑승
01,수도권,KR,3,3호선,0508,정발산,1,출입구-승강장,1,5,5) (B2) 주엽 방면 승강장으로 이동
01,수도권,KR,3,3호선,0508,정발산,1,출입구-승강장,1,6,6) 승차 (휠체어칸)
01,수도권,KR,3,3호선,0508,정발산,1,출입구-승강장,2,1,1) (1F) 1번 출입구 옆 엘리베이터 탑승
01,수도권,KR,3,3호선,0508,정발산,1,출입구-승강장,2,2,2) (B1) 대합실로 이동
01,수도권,KR,3,3호선,0508,정발산,1,출입구-승강장,2,3,3) 표 내는 곳 통과
01,수도권,KR,3,3호선,0508,정발산,1,출입구-승강장,2,4,4) 마두 방면 엘리베이터 탑승
01,수도권,KR,3,3호선,0508,정발산,1,출입구-승강장,2,5,5) (B2) 마두 방면 승강장으로 이동
01,수도권,KR,3,3호선,0508,정발산,1,출입구-승강장,2,6,6) 승차 (휠체어칸)
01,수도권,KR,3,3호선,0508,정발산,1,출입구-승강장,3,1,1) (1F) 4번 출입구 옆 엘리베이터 탑승
01,수도권,KR,3,3호선,0508,정발산,1,출입구-승강장,3,2,2) (B1) 대합실로 이동
01,수도권,KR,3,3호선,0508,정발산,1,출입구-승강장,3,3,3) 표 내는 곳 통과
01,수도권,KR,3,3호선,0508,정발산,1,출입구-승강장,3,4,4) 주엽 방면 엘리베이터 탑승
01,수도권,KR,3,3호선,0508,정발산,1,출입구-승강장,3,5,5) (B2) 주엽 방면 승강장으로 이동
01,수도권,KR,3,3호선,0508,정발산,1,출입구-승강장,3,6,6) 승차 (휠체어칸)
01,수도권,KR,3,3호선,0508,정발산,1,출입구-승강장,4,1,1) (1F) 4번 출입구 옆 엘리베이터 탑승
01,수도권,KR,3,3호선,0508,정발산,1,출입구-승강장,4,2,2) (B1) 대합실로 이동
01,수도권,KR,3,3호선,0508,정발산,1,출입구-승강장,4,3,3) 표 내는 곳 통과
01,수도권,KR,3,3호선,0508,정발산,1,출입구-승강장,4,4,4) 마두 방면 엘리베이터 탑승
01,수도권,KR,3,3호선,0508,정발산,1,출입구-승강장,4,5,5) (B2) 마두 방면 승강장으로 이동
01,수도권,KR,3,3호선,0508,정발산,1,출입구-승강장,4,6,6) 승차 (휠체어칸)
01,수도권,KR,3,3호선,0179,마두,1,출입구-승강장,1,1,1) (1F) 6번/7번 출입구 사이 엘리베이터 탑승
01,수도권,KR,3,3호선,0179,마두,1,출입구-승강장,1,2,2) (B1) 대합실로 이동
01,수도권,KR,3,3호선,0179,마두,1,출입구-승강장,1,3,3) 표 내는 곳 통과
01,수도권,KR,3,3호선,0179,마두,1,출입구-승강장,1,4,4) 정발산 방면 엘리베이터 탑승
01,수도권,KR,3,3호선,0179,마두,1,출입구-승강장,1,5,5) (B2) 정발산 방면 승강장으로 이동
01,수도권,KR,3,3호선,0179,마두,1,출입구-승강장,1,6,6) 승차 (휠체어칸)
01,수도권,KR,3,3호선,0179,마두,1,출입구-승강장,2,1,1) (1F) 6번/7번 출입구 사이 엘리베이터 탑승
01,수도권,KR,3,3호선,0179,마두,1,출입구-승강장,2,2,2) (B1) 대합실로 이동
01,수도권,KR,3,3호선,0179,마두,1,출입구-승강장,2,3,3) 표 내는 곳 통과
01,수도권,KR,3,3호선,0179,마두,1,출입구-승강장,2,4,4) 백석 방면 엘리베이터 탑승
01,수도권,KR,3,3호선,0179,마두,1,출입구-승강장,2,5,5) (B2) 백석 방면 승강장으로 이동
01,수도권,KR,3,3호선,0179,마두,1,출입구-승강장,2,6,6) 승차 (휠체어칸)
01,수도권,KR,3,3호선,0224,백석,1,출입구-승강장,1,1,1) (1F) 4번 출입구 옆 엘리베이터 탑승
01,수도권,KR,3,3호선,0224,백석,1,출입구-승강장,1,2,2) (B1) 대합실로 이동
01,수도권,KR,3,3호선,0224,백석,1,출입구-승강장,1,3,3) 표 내는 곳 통과
01,수도권,KR,3,3호선,0224,백석,1,출입구-승강장,1,4,4) 승강장 방향 엘리베이터 탑승
01,수도권,KR,3,3호선,0224,백석,1,출입구-승강장,1,5,5) (B2) 마두 방면 승강장으로 이동
01,수도권,KR,3,3호선,0224,백석,1,출입구-승강장,1,6,6) 승차 (휠체어칸)
01,수도권,KR,3,3호선,0224,백석,1,출입구-승강장,2,1,1) (1F) 4번 출입구 옆 엘리베이터 탑승
01,수도권,KR,3,3호선,0224,백석,1,출입구-승강장,2,2,2) (B1) 대합실로 이동
01,수도권,KR,3,3호선,0224,백석,1,출입구-승강장,2,3,3) 표 내는 곳 통과
01,수도권,KR,3,3호선,0224,백석,1,출입구-승강장,2,4,4) 승강장 방향 엘리베이터 탑승
01,수도권,KR,3,3호선,0224,백석,1,출입구-승강장,2,5,5) (B2) 대곡 방면 승강장으로 이동
01,수도권,KR,3,3호선,0224,백석,1,출입구-승강장,2,6,6) 승차 (휠체어칸)
01,수도권,KR,3,3호선,0128,대곡,1,출입구-승강장,1,1,1) (1F) 5번 출입구 옆 엘리베이터 이동
01,수도권,KR,3,3호선,0128,대곡,1,출입구-승강장,1,2,2) 대합실 방향 엘리베이터 탑승
01,수도권,KR,3,3호선,0128,대곡,1,출입구-승강장,1,3,3) (2F) 엘리베이터 앞 표 내는 곳 통과
01,수도권,KR,3,3호선,0128,대곡,1,출입구-승강장,1,4,4) 백석 방면 승강장 방향 엘리베이터 탑승
01,수도권,KR,3,3호선,0128,대곡,1,출입구-승강장,1,5,5) (3F) 백석 방면 승강장으로 이동
01,수도권,KR,3,3호선,0128,대곡,1,출입구-승강장,1,6,6) 승차 (휠체어칸)
01,수도권,KR,3,3호선,0128,대곡,1,출입구-승강장,2,1,1) (1F) 5번 출입구 옆 엘리베이터 이동
01,수도권,KR,3,3호선,0128,대곡,1,출입구-승강장,2,2,2) 대합실 방향 엘리베이터 탑승
01,수도권,KR,3,3호선,0128,대곡,1,출입구-승강장,2,3,3) (2F) 엘리베이터 앞 표 내는 곳 통과
01,수도권,KR,3,3호선,0128,대곡,1,출입구-승강장,2,4,4) 화정 방면 승강장 방향 엘리베이터 탑승
01,수도권,KR,3,3호선,0128,대곡,1,출입구-승강장,2,5,5) (3F) 화정 방면 승강장으로 이동
01,수도권,KR,3,3호선,0128,대곡,1,출입구-승강장,2,6,6) 승차 (휠체어칸)
01,수도권,KR,3,3호선,0128,대곡,3,환승,1,1,1) 3호선 백석역방면 2호차 하차
01,수도권,KR,3,3호선,0128,대곡,3,환승,1,2,2) 엘리베이터 3호기 이용 
01,수도권,KR,3,3호선,0128,대곡,3,환승,1,3,3) 3층 환승통로 이동
01,수도권,KR,3,3호선,0128,대곡,3,환승,1,4,4) 엘리베이터 1호기 이용 
01,수도권,KR,3,3호선,0128,대곡,3,환승,1,5,5) 2층 환승통로 이동
01,수도권,KR,3,3호선,0128,대곡,3,환승,1,6,6) 엘리베이터 5호기 이동
01,수도권,KR,3,3호선,0128,대곡,3,환승,1,7,7) 경의중앙선 곡산방면 승강장
01,수도권,KR,3,3호선,0128,대곡,3,환승,2,1,1) 3호선 백석역방면 2호차 하차
01,수도권,KR,3,3호선,0128,대곡,3,환승,2,2,2) 엘리베이터 3호기 이용 
01,수도권,KR,3,3호선,0128,대곡,3,환승,2,3,3) 3층 환승통로 이동
01,수도권,KR,3,3호선,0128,대곡,3,환승,2,4,4) 엘리베이터 1호기 이용 
01,수도권,KR,3,3호선,0128,대곡,3,환승,2,5,5) 2층 환승통로 이동
01,수도권,KR,3,3호선,0128,대곡,3,환승,2,6,6) 엘리베이터 6호기 이동
01,수도권,KR,3,3호선,0128,대곡,3,환승,2,7,7) 경의중앙선 능곡방면 승강장
01,수도권,KR,3,3호선,0128,대곡,3,환승,3,1,1) 3호선 화정역방면 6호차 하차
01,수도권,KR,3,3호선,0128,대곡,3,환승,3,2,2) 엘리베이터 2호기 이용 
01,수도권,KR,3,3호선,0128,대곡,3,환승,3,3,3) 3층 환승통로 이동
01,수도권,KR,3,3호선,0128,대곡,3,환승,3,4,4) 엘리베이터 1호기 이용 
01,수도권,KR,3,3호선,0128,대곡,3,환승,3,5,5) 2층 환승통로 이동
01,수도권,KR,3,3호선,0128,대곡,3,환승,3,6,6) 엘리베이터 5호기 이동
01,수도권,KR,3,3호선,0128,대곡,3,환승,3,7,7) 경의중앙선 곡산방면 승강장
01,수도권,KR,3,3호선,0128,대곡,3,환승,4,1,1) 3호선 화정역방면 6호차 하차
01,수도권,KR,3,3호선,0128,대곡,3,환승,4,2,2) 엘리베이터 2호기 이용 
01,수도권,KR,3,3호선,0128,대곡,3,환승,4,3,3) 3층 환승통로 이동
01,수도권,KR,3,3호선,0128,대곡,3,환승,4,4,4) 엘리베이터 1호기 이용 
01,수도권,KR,3,3호선,0128,대곡,3,환승,4,5,5) 2층 환승통로 이동
01,수도권,KR,3,3호선,0128,대곡,3,환승,4,6,6) 엘리베이터 6호기 이동
01,수도권,KR,3,3호선,0128,대곡,3,환승,4,7,7) 경의중앙선 능곡방면 승강장
01,수도권,KR,3,3호선,0603,화정,1,출입구-승강장,1,1,1) (1F) 1번 출입구 옆 엘리베이터 탑승
01,수도권,KR,3,3호선,0603,화정,1,출입구-승강장,1,2,2) (B1) 대합실로 이동
01,수도권,KR,3,3호선,0603,화정,1,출입구-승강장,1,3,3) 표 내는 곳 통과
01,수도권,KR,3,3호선,0603,화정,1,출입구-승강장,1,4,4) 대곡 방면 엘리베이터 탑승
01,수도권,KR,3,3호선,0603,화정,1,출입구-승강장,1,5,5) (B2) 대곡 방면 승강장으로 이동
01,수도권,KR,3,3호선,0603,화정,1,출입구-승강장,1,6,6) 승차 (휠체어칸)
01,수도권,KR,3,3호선,0603,화정,1,출입구-승강장,2,1,1) (1F) 1번 출입구 옆 엘리베이터 탑승
01,수도권,KR,3,3호선,0603,화정,1,출입구-승강장,2,2,2) (B1) 대합실로 이동
01,수도권,KR,3,3호선,0603,화정,1,출입구-승강장,2,3,3) 표 내는 곳 통과
01,수도권,KR,3,3호선,0603,화정,1,출입구-승강장,2,4,4) 원당 방면 엘리베이터 탑승
01,수도권,KR,3,3호선,0603,화정,1,출입구-승강장,2,5,5) (B2) 원당 방면 승강장으로 이동
01,수도권,KR,3,3호선,0603,화정,1,출입구-승강장,2,6,6) 승차 (휠체어칸)
01,수도권,KR,3,3호선,0603,화정,1,출입구-승강장,3,1,1) (1F) 3번 출입구 옆 엘리베이터 탑승
01,수도권,KR,3,3호선,0603,화정,1,출입구-승강장,3,2,2) (B1) 대합실로 이동
01,수도권,KR,3,3호선,0603,화정,1,출입구-승강장,3,3,3) 표 내는 곳 통과
01,수도권,KR,3,3호선,0603,화정,1,출입구-승강장,3,4,4) 대곡 방면 엘리베이터 탑승
01,수도권,KR,3,3호선,0603,화정,1,출입구-승강장,3,5,5) (B2) 대곡 방면 승강장으로 이동
01,수도권,KR,3,3호선,0603,화정,1,출입구-승강장,3,6,6) 승차 (휠체어칸)
01,수도권,KR,3,3호선,0603,화정,1,출입구-승강장,4,1,1) (1F) 3번 출입구 옆 엘리베이터 탑승
01,수도권,KR,3,3호선,0603,화정,1,출입구-승강장,4,2,2) (B1) 대합실로 이동
01,수도권,KR,3,3호선,0603,화정,1,출입구-승강장,4,3,3) 표 내는 곳 통과
01,수도권,KR,3,3호선,0603,화정,1,출입구-승강장,4,4,4) 원당 방면 엘리베이터 탑승
01,수도권,KR,3,3호선,0603,화정,1,출입구-승강장,4,5,5) (B2) 원당 방면 승강장으로 이동
01,수도권,KR,3,3호선,0603,화정,1,출입구-승강장,4,6,6) 승차 (휠체어칸)
01,수도권,KR,3,3호선,0456,원당,1,출입구-승강장,1,1,1) (1F) 3번 출입구 옆 엘리베이터 탑승
01,수도권,KR,3,3호선,0456,원당,1,출입구-승강장,1,2,2) (2F) 대합실로 이동
01,수도권,KR,3,3호선,0456,원당,1,출입구-승강장,1,3,3) 표 내는 곳 통과
01,수도권,KR,3,3호선,0456,원당,1,출입구-승강장,1,4,4) 화정 방면 엘리베이터 탑승
01,수도권,KR,3,3호선,0456,원당,1,출입구-승강장,1,5,5) (3F) 화정 방면 승강장으로 이동
01,수도권,KR,3,3호선,0456,원당,1,출입구-승강장,1,6,6) 승차 (휠체어칸)
01,수도권,KR,3,3호선,0456,원당,1,출입구-승강장,2,1,1) (1F) 3번 출입구 옆 엘리베이터 탑승
01,수도권,KR,3,3호선,0456,원당,1,출입구-승강장,2,2,2) (2F) 대합실로 이동
01,수도권,KR,3,3호선,0456,원당,1,출입구-승강장,2,3,3) 표 내는 곳 통과
01,수도권,KR,3,3호선,0456,원당,1,출입구-승강장,2,4,4) 원흥 방면 엘리베이터 탑승
01,수도권,KR,3,3호선,0456,원당,1,출입구-승강장,2,5,5) (3F) 원흥 방면 승강장으로 이동
01,수도권,KR,3,3호선,0456,원당,1,출입구-승강장,2,6,6) 승차 (휠체어칸)
01,수도권,KR,3,3호선,0456,원당,1,출입구-승강장,3,1,1) (1F) 5번/6번 출입구 사이 엘리베이터 탑승
01,수도권,KR,3,3호선,0456,원당,1,출입구-승강장,3,2,2) (2F) 대합실로 이동
01,수도권,KR,3,3호선,0456,원당,1,출입구-승강장,3,3,3) 표 내는 곳 통과
01,수도권,KR,3,3호선,0456,원당,1,출입구-승강장,3,4,4) 화정 방면 엘리베이터 탑승
01,수도권,KR,3,3호선,0456,원당,1,출입구-승강장,3,5,5) (3F) 화정 방면 승강장으로 이동
01,수도권,KR,3,3호선,0456,원당,1,출입구-승강장,3,6,6) 승차 (휠체어칸)
01,수도권,KR,3,3호선,0456,원당,1,출입구-승강장,4,1,1) (1F) 5번/6번 출입구 사이 엘리베이터 탑승
01,수도권,KR,3,3호선,0456,원당,1,출입구-승강장,4,2,2) (2F) 대합실로 이동
01,수도권,KR,3,3호선,0456,원당,1,출입구-승강장,4,3,3) 표 내는 곳 통과
01,수도권,KR,3,3호선,0456,원당,1,출입구-승강장,4,4,4) 원흥 방면 엘리베이터 탑승
01,수도권,KR,3,3호선,0456,원당,1,출입구-승강장,4,5,5) (3F) 원흥 방면 승강장으로 이동
01,수도권,KR,3,3호선,0456,원당,1,출입구-승강장,4,6,6) 승차 (휠체어칸)
01,수도권,KR,3,3호선,0036,원흥,1,출입구-승강장,1,1,1) (1F) 1번/2번 출입구 사이 엘리베이터 탑승
01,수도권,KR,3,3호선,0036,원흥,1,출입구-승강장,1,2,2) (B1) 대합실로 이동
01,수도권,KR,3,3호선,0036,원흥,1,출입구-승강장,1,3,3) 표 내는 곳 통과
01,수도권,KR,3,3호선,0036,원흥,1,출입구-승강장,1,4,4) 삼송 방면 승강장으로 이동
01,수도권,KR,3,3호선,0036,원흥,1,출입구-승강장,1,5,5) 이동통로 방향 표 내는 곳 통과
01,수도권,KR,3,3호선,0036,원흥,1,출입구-승강장,1,6,6) 이동통로 방향 엘리베이터 탑승
01,수도권,KR,3,3호선,0036,원흥,1,출입구-승강장,1,7,7) (B2) 이동통로로 이동
01,수도권,KR,3,3호선,0036,원흥,1,출입구-승강장,1,8,8) 원당 방면 엘리베이터 탑승
01,수도권,KR,3,3호선,0036,원흥,1,출입구-승강장,1,9,9) (B1) 원당 방면 승강장으로 이동
01,수도권,KR,3,3호선,0036,원흥,1,출입구-승강장,1,10,10) 승차 (휠체어칸)
01,수도권,KR,3,3호선,0036,원흥,1,출입구-승강장,2,1,1) (1F) 1번/2번 출입구 사이 엘리베이터 탑승
01,수도권,KR,3,3호선,0036,원흥,1,출입구-승강장,2,2,2) (B1) 대합실로 이동
01,수도권,KR,3,3호선,0036,원흥,1,출입구-승강장,2,3,3) 표 내는 곳 통과
01,수도권,KR,3,3호선,0036,원흥,1,출입구-승강장,2,4,4) 삼송 방면 승강장으로 이동
01,수도권,KR,3,3호선,0036,원흥,1,출입구-승강장,2,5,5) 승차 (휠체어칸)
01,수도권,KR,3,3호선,0036,원흥,1,출입구-승강장,3,1,1) (1F) 4번 출입구 옆 엘리베이터 탑승
01,수도권,KR,3,3호선,0036,원흥,1,출입구-승강장,3,2,2) (B1) 대합실로 이동
01,수도권,KR,3,3호선,0036,원흥,1,출입구-승강장,3,3,3) 표 내는 곳 통과
01,수도권,KR,3,3호선,0036,원흥,1,출입구-승강장,3,4,4) 이동통로 방향 엘리베이터 탑승
01,수도권,KR,3,3호선,0036,원흥,1,출입구-승강장,3,5,5) (B2) 이동통로로 이동
01,수도권,KR,3,3호선,0036,원흥,1,출입구-승강장,3,6,6) 원당 방면 엘리베이터 탑승
01,수도권,KR,3,3호선,0036,원흥,1,출입구-승강장,3,7,7) (B1) 원당 방면 승강장으로 이동
01,수도권,KR,3,3호선,0036,원흥,1,출입구-승강장,3,8,8) 승차 (휠체어칸)
01,수도권,KR,3,3호선,0036,원흥,1,출입구-승강장,4,1,1) (1F) 4번 출입구 옆 엘리베이터 탑승
01,수도권,KR,3,3호선,0036,원흥,1,출입구-승강장,4,2,2) (B1) 대합실로 이동
01,수도권,KR,3,3호선,0036,원흥,1,출입구-승강장,4,3,3) 표 내는 곳 통과
01,수도권,KR,3,3호선,0036,원흥,1,출입구-승강장,4,4,4) 삼송 방면 승강장으로 이동
01,수도권,KR,3,3호선,0036,원흥,1,출입구-승강장,4,5,5) 승차 (휠체어칸)
01,수도권,KR,3,3호선,0036,원흥,1,출입구-승강장,5,1,1) (1F) 5번 출입구 옆 엘리베이터 탑승
01,수도권,KR,3,3호선,0036,원흥,1,출입구-승강장,5,2,2) (B1) 대합실로 이동
01,수도권,KR,3,3호선,0036,원흥,1,출입구-승강장,5,3,3) 표 내는 곳 통과
01,수도권,KR,3,3호선,0036,원흥,1,출입구-승강장,5,4,4) 원당 방면 승강장으로 이동
01,수도권,KR,3,3호선,0036,원흥,1,출입구-승강장,5,5,5) 승차 (휠체어칸)
01,수도권,KR,3,3호선,0036,원흥,1,출입구-승강장,6,1,1) (1F) 5번 출입구 옆 엘리베이터 탑승
01,수도권,KR,3,3호선,0036,원흥,1,출입구-승강장,6,2,2) (B1) 대합실로 이동
01,수도권,KR,3,3호선,0036,원흥,1,출입구-승강장,6,3,3) 표 내는 곳 통과
01,수도권,KR,3,3호선,0036,원흥,1,출입구-승강장,6,4,4) 원당 방면 승강장으로 이동
01,수도권,KR,3,3호선,0036,원흥,1,출입구-승강장,6,5,5) 이동통로 방향 엘리베이터 탑승
01,수도권,KR,3,3호선,0036,원흥,1,출입구-승강장,6,6,6) (B2) 이동통로로 이동
01,수도권,KR,3,3호선,0036,원흥,1,출입구-승강장,6,7,7) 대합실 방향 엘리베이터 탑승
01,수도권,KR,3,3호선,0036,원흥,1,출입구-승강장,6,8,8) (B1) 대합실로 이동
01,수도권,KR,3,3호선,0036,원흥,1,출입구-승강장,6,9,9) 삼송 방면 승강장으로 이동
01,수도권,KR,3,3호선,0036,원흥,1,출입구-승강장,6,10,10) 승차 (휠체어칸)
01,수도권,KR,3,3호선,0036,원흥,1,출입구-승강장,7,1,1) (1F) 7번 출입구 옆 엘리베이터 탑승
01,수도권,KR,3,3호선,0036,원흥,1,출입구-승강장,7,2,2) (B1) 대합실로 이동
01,수도권,KR,3,3호선,0036,원흥,1,출입구-승강장,7,3,3) 표 내는 곳 통과
01,수도권,KR,3,3호선,0036,원흥,1,출입구-승강장,7,4,4) 원당 방면 승강장으로 이동
01,수도권,KR,3,3호선,0036,원흥,1,출입구-승강장,7,5,5) 승차 (휠체어칸)
01,수도권,KR,3,3호선,0036,원흥,1,출입구-승강장,8,1,1) (1F) 7번 출입구 옆 엘리베이터 탑승
01,수도권,KR,3,3호선,0036,원흥,1,출입구-승강장,8,2,2) (B1) 대합실로 이동
01,수도권,KR,3,3호선,0036,원흥,1,출입구-승강장,8,3,3) 표 내는 곳 통과
01,수도권,KR,3,3호선,0036,원흥,1,출입구-승강장,8,4,4) 원당 방면 승강장으로 이동
01,수도권,KR,3,3호선,0036,원흥,1,출입구-승강장,8,5,5) 이동통로 방향 엘리베이터 탑승
01,수도권,KR,3,3호선,0036,원흥,1,출입구-승강장,8,6,6) (B2) 이동통로로 이동
01,수도권,KR,3,3호선,0036,원흥,1,출입구-승강장,8,7,7) 대합실 방향 엘리베이터 탑승
01,수도권,KR,3,3호선,0036,원흥,1,출입구-승강장,8,8,8) (B1) 대합실로 이동
01,수도권,KR,3,3호선,0036,원흥,1,출입구-승강장,8,9,9) 삼송 방면 승강장으로 이동
01,수도권,KR,3,3호선,0036,원흥,1,출입구-승강장,8,10,10) 승차 (휠체어칸)
01,수도권,KR,3,3호선,0268,삼송,1,출입구-승강장,1,1,1) 5번 출입구 지상1층 엘리베이터
01,수도권,KR,3,3호선,0268,삼송,1,출입구-승강장,1,2,2) 5번 출입구 지하1층 엘리베이터
01,수도권,KR,3,3호선,0268,삼송,1,출입구-승강장,1,3,3) 표 내는 곳 통과
01,수도권,KR,3,3호선,0268,삼송,1,출입구-승강장,1,4,4) 원흉방면 지하1층 승강장 엘리베이터
01,수도권,KR,3,3호선,0268,삼송,1,출입구-승강장,1,5,5) 원흉방면 지하2층 승강장 엘리베이터
01,수도권,KR,3,3호선,0268,삼송,1,출입구-승강장,1,6,6) 승차 (휠체어칸)
01,수도권,KR,3,3호선,0268,삼송,1,출입구-승강장,2,1,1) 6번 출입구 지상1층 엘리베이터
01,수도권,KR,3,3호선,0268,삼송,1,출입구-승강장,2,2,2) 6번 출입구 지하1층 엘리베이터
01,수도권,KR,3,3호선,0268,삼송,1,출입구-승강장,2,3,3) 표 내는 곳 통과
01,수도권,KR,3,3호선,0268,삼송,1,출입구-승강장,2,4,4) 원흉방면 지하1층 승강장 엘리베이터
01,수도권,KR,3,3호선,0268,삼송,1,출입구-승강장,2,5,5) 원흉방면 지하2층 승강장 엘리베이터
01,수도권,KR,3,3호선,0268,삼송,1,출입구-승강장,2,6,6) 승차 (휠체어칸)
01,수도권,KR,3,3호선,0268,삼송,1,출입구-승강장,3,1,"1) 7번,8번 출입구 사이 지상1층 엘리베이터"
01,수도권,KR,3,3호선,0268,삼송,1,출입구-승강장,3,2,"2) 7번,8번 출입구 사이 지하1층 엘리베이터"
01,수도권,KR,3,3호선,0268,삼송,1,출입구-승강장,3,3,3) 표 내는 곳 통과
01,수도권,KR,3,3호선,0268,삼송,1,출입구-승강장,3,4,4) 원흉방면 지하1층 승강장 엘리베이터
01,수도권,KR,3,3호선,0268,삼송,1,출입구-승강장,3,5,5) 원흉방면 지하2층 승강장 엘리베이터
01,수도권,KR,3,3호선,0268,삼송,1,출입구-승강장,3,6,6) 승차 (휠체어칸)
01,수도권,KR,3,3호선,0268,삼송,1,출입구-승강장,4,1,1) 5번 출입구 지상1층 엘리베이터
01,수도권,KR,3,3호선,0268,삼송,1,출입구-승강장,4,2,2) 5번 출입구 지하1층 엘리베이터
01,수도권,KR,3,3호선,0268,삼송,1,출입구-승강장,4,3,3) 표 내는 곳 통과
01,수도권,KR,3,3호선,0268,삼송,1,출입구-승강장,4,4,4) 지축방면 지하1층 승강장 엘리베이터
01,수도권,KR,3,3호선,0268,삼송,1,출입구-승강장,4,5,5) 지축방면 지하2층 승강장 엘리베이터
01,수도권,KR,3,3호선,0268,삼송,1,출입구-승강장,4,6,6) 승차 (휠체어칸)
01,수도권,KR,3,3호선,0268,삼송,1,출입구-승강장,5,1,1) 6번 출입구 지상1층 엘리베이터
01,수도권,KR,3,3호선,0268,삼송,1,출입구-승강장,5,2,2) 6번 출입구 지하1층 엘리베이터
01,수도권,KR,3,3호선,0268,삼송,1,출입구-승강장,5,3,3) 지축방면 지하1층 엘리베이터
01,수도권,KR,3,3호선,0268,삼송,1,출입구-승강장,5,4,4) 지축방면 지하1층 승강장 엘리베이터
01,수도권,KR,3,3호선,0268,삼송,1,출입구-승강장,5,5,5) 지축방면 지하2층 승강장 엘리베이터
01,수도권,KR,3,3호선,0268,삼송,1,출입구-승강장,5,6,6) 승차 (휠체어칸)
01,수도권,KR,3,3호선,0268,삼송,1,출입구-승강장,6,1,"1) 7번,8번 출입구 사이 지상1층 엘리베이터"
01,수도권,KR,3,3호선,0268,삼송,1,출입구-승강장,6,2,"2) 7번,8번 출입구 사이 지하1층 엘리베이터"
01,수도권,KR,3,3호선,0268,삼송,1,출입구-승강장,6,3,3) 표 내는 곳 통과
01,수도권,KR,3,3호선,0268,삼송,1,출입구-승강장,6,4,4) 지축방면 지하1층 승강장 엘리베이터
01,수도권,KR,3,3호선,0268,삼송,1,출입구-승강장,6,5,5) 지축방면 지하2층 승강장 엘리베이터
01,수도권,KR,3,3호선,0268,삼송,1,출입구-승강장,6,6,6) 승차 (휠체어칸)
01,수도권,S1,3,3호선,0536,지축,1,출입구-승강장,1,1,1) (1F) 1번 출입구 대합실로 이동
01,수도권,S1,3,3호선,0536,지축,1,출입구-승강장,1,2,2) 대합실 표 내는 곳 통과
01,수도권,S1,3,3호선,0536,지축,1,출입구-승강장,1,3,3) 승강장 방향 엘리베이터 탑승
01,수도권,S1,3,3호선,0536,지축,1,출입구-승강장,1,4,4) (2F) 삼송 방면 승강장으로 이동
01,수도권,S1,3,3호선,0536,지축,1,출입구-승강장,1,5,5) 승차 (휠체어칸)
01,수도권,S1,3,3호선,0536,지축,1,출입구-승강장,2,1,1) (1F) 1번 출입구 대합실로 이동
01,수도권,S1,3,3호선,0536,지축,1,출입구-승강장,2,2,2) 대합실 표 내는 곳 통과
01,수도권,S1,3,3호선,0536,지축,1,출입구-승강장,2,3,3) 승강장 방향 엘리베이터 탑승
01,수도권,S1,3,3호선,0536,지축,1,출입구-승강장,2,4,4) (2F) 구파발 방면 승강장으로 이동
01,수도권,S1,3,3호선,0536,지축,1,출입구-승강장,2,5,5) 승차 (휠체어칸)
01,수도권,S1,3,3호선,0078,구파발,1,출입구-승강장,1,1,1) (1F) 1번 출입구 옆 엘리베이터 탑승
01,수도권,S1,3,3호선,0078,구파발,1,출입구-승강장,1,2,2) (B1) 대합실로 이동
01,수도권,S1,3,3호선,0078,구파발,1,출입구-승강장,1,3,3) 엘리베이터 앞 표 내는 곳 통과
01,수도권,S1,3,3호선,0078,구파발,1,출입구-승강장,1,4,4) 승강장 방향 엘리베이터 탑승
01,수도권,S1,3,3호선,0078,구파발,1,출입구-승강장,1,5,5) (B2) 지축 방면 승강장으로 이동
01,수도권,S1,3,3호선,0078,구파발,1,출입구-승강장,1,6,6) 승차 (휠체어칸)
01,수도권,S1,3,3호선,0078,구파발,1,출입구-승강장,2,1,1) (1F) 1번 출입구 옆 엘리베이터 탑승
01,수도권,S1,3,3호선,0078,구파발,1,출입구-승강장,2,2,2) (B1) 대합실로 이동
01,수도권,S1,3,3호선,0078,구파발,1,출입구-승강장,2,3,3) 엘리베이터 앞 표 내는 곳 통과
01,수도권,S1,3,3호선,0078,구파발,1,출입구-승강장,2,4,4) 승강장 방향 엘리베이터 탑승
01,수도권,S1,3,3호선,0078,구파발,1,출입구-승강장,2,5,5) (B2) 연신내 방면 승강장으로 이동
01,수도권,S1,3,3호선,0078,구파발,1,출입구-승강장,2,6,6) 승차 (휠체어칸)
01,수도권,S1,3,3호선,0418,연신내,1,출입구-승강장,1,1,1) (1F) 6번출구 옆 엘리베이터 탑승
01,수도권,S1,3,3호선,0418,연신내,1,출입구-승강장,1,2,2) (B1) 대합실로 이동
01,수도권,S1,3,3호선,0418,연신내,1,출입구-승강장,1,3,3) 엘리베이터 앞 표 내는 곳 통과
01,수도권,S1,3,3호선,0418,연신내,1,출입구-승강장,1,4,4) 승강장 방향 엘리베이터 탑승
01,수도권,S1,3,3호선,0418,연신내,1,출입구-승강장,1,5,5) (B2) 구파발 방면 승강장으로 이동
01,수도권,S1,3,3호선,0418,연신내,1,출입구-승강장,1,6,6) 승차 (휠체어칸)
01,수도권,S1,3,3호선,0418,연신내,1,출입구-승강장,2,1,1) (1F) 6번출구 옆 엘리베이터 탑승
01,수도권,S1,3,3호선,0418,연신내,1,출입구-승강장,2,2,2) (B1) 대합실로 이동
01,수도권,S1,3,3호선,0418,연신내,1,출입구-승강장,2,3,3) 엘리베이터 앞 표 내는 곳 통과
01,수도권,S1,3,3호선,0418,연신내,1,출입구-승강장,2,4,4) 승강장 방향 엘리베이터 탑승
01,수도권,S1,3,3호선,0418,연신내,1,출입구-승강장,2,5,5) (B2) 불광 방면 승강장으로 이동
01,수도권,S1,3,3호선,0418,연신내,1,출입구-승강장,2,6,6) 승차 (휠체어칸)
01,수도권,S1,3,3호선,0418,연신내,3,환승,1,1,1) (B2) 3호선 구파발 방면 승강장 하차
01,수도권,S1,3,3호선,0418,연신내,3,환승,1,2,2) 대합실 방향 엘리베이터 탑승
01,수도권,S1,3,3호선,0418,연신내,3,환승,1,3,3) (B1) 대합실로 이동
01,수도권,S1,3,3호선,0418,연신내,3,환승,1,4,4) 6호선 대합실로 이동
01,수도권,S1,3,3호선,0418,연신내,3,환승,1,5,5) 6호선 승강장 방향 엘리베이터 탑승
01,수도권,S1,3,3호선,0418,연신내,3,환승,1,6,6) (B5) 6호선 구산 방면 승강장으로 이동
01,수도권,S1,3,3호선,0418,연신내,3,환승,1,7,7) 승차 (휠체어칸)
01,수도권,S1,3,3호선,0418,연신내,3,환승,2,1,1) (B2) 3호선 불광 방면 승강장 하차
01,수도권,S1,3,3호선,0418,연신내,3,환승,2,2,2) 대합실 방향 엘리베이터 탑승
01,수도권,S1,3,3호선,0418,연신내,3,환승,2,3,3) (B1) 대합실로 이동
01,수도권,S1,3,3호선,0418,연신내,3,환승,2,4,4) 6호선 대합실로 이동
01,수도권,S1,3,3호선,0418,연신내,3,환승,2,5,5) 6호선 승강장 방향 엘리베이터 탑승
01,수도권,S1,3,3호선,0418,연신내,3,환승,2,6,6) (B5) 6호선 구산 방면 승강장으로 이동
01,수도권,S1,3,3호선,0418,연신내,3,환승,2,7,7) 승차 (휠체어칸)
01,수도권,S1,3,3호선,0255,불광,1,출입구-승강장,1,1,1) (1F) 1번 출입구 옆 엘리베이터 탑승
01,수도권,S1,3,3호선,0255,불광,1,출입구-승강장,1,2,2) (B1) 대합실로 이동
01,수도권,S1,3,3호선,0255,불광,1,출입구-승강장,1,3,3) 연신내 방면 엘리베이터 앞 표 내는 곳 통과
01,수도권,S1,3,3호선,0255,불광,1,출입구-승강장,1,4,4) 연신내 방면 엘리베이터 탑승
01,수도권,S1,3,3호선,0255,불광,1,출입구-승강장,1,5,5) (B2) 연신내 방면 승강장으로 이동
01,수도권,S1,3,3호선,0255,불광,1,출입구-승강장,1,6,6) 승차 (휠체어칸)
01,수도권,S1,3,3호선,0255,불광,1,출입구-승강장,2,1,1) (1F) 1번 출입구 옆 엘리베이터 탑승
01,수도권,S1,3,3호선,0255,불광,1,출입구-승강장,2,2,2) (B1) 대합실로 이동
01,수도권,S1,3,3호선,0255,불광,1,출입구-승강장,2,3,3) 녹번 방면 엘리베이터 앞 표 내는 곳 통과
01,수도권,S1,3,3호선,0255,불광,1,출입구-승강장,2,4,4) 녹번 방면 엘리베이터 탑승
01,수도권,S1,3,3호선,0255,불광,1,출입구-승강장,2,5,5) (B2) 녹번 방면 승강장으로 이동
01,수도권,S1,3,3호선,0255,불광,1,출입구-승강장,2,6,6) 승차 (휠체어칸)
01,수도권,S1,3,3호선,0255,불광,1,출입구-승강장,3,1,1) (1F) 8번 출입구 옆 엘리베이터 탑승
01,수도권,S1,3,3호선,0255,불광,1,출입구-승강장,3,2,2) (B1) 대합실 이동
01,수도권,S1,3,3호선,0255,불광,1,출입구-승강장,3,3,3)  6호선 대합실 방향 엘리베이터 앞 표 내는 곳 통과 후 엘리베이터 탑승
01,수도권,S1,3,3호선,0255,불광,1,출입구-승강장,3,4,4) (B2) 대합실 이동
01,수도권,S1,3,3호선,0255,불광,1,출입구-승강장,3,5,5) 3호선 환승통로 방향 휠체어리프트 탑승
01,수도권,S1,3,3호선,0255,불광,1,출입구-승강장,3,6,6) (B2) 3호선 환승통로 이동
01,수도권,S1,3,3호선,0255,불광,1,출입구-승강장,3,7,7) 연신내 방면 승강장으로 이동
01,수도권,S1,3,3호선,0255,불광,1,출입구-승강장,3,8,8) 승차(휠체어칸)
01,수도권,S1,3,3호선,0255,불광,1,출입구-승강장,4,1,1) (1F) 8번 출입구 옆 엘리베이터 탑승
01,수도권,S1,3,3호선,0255,불광,1,출입구-승강장,4,2,2) (B1) 대합실 이동
01,수도권,S1,3,3호선,0255,불광,1,출입구-승강장,4,3,3)  6호선 대합실 방향 엘리베이터 앞 표 내는 곳 통과 후 엘리베이터 탑승
01,수도권,S1,3,3호선,0255,불광,1,출입구-승강장,4,4,4) (B2) 대합실 이동
01,수도권,S1,3,3호선,0255,불광,1,출입구-승강장,4,5,5) 3호선 환승통로 방향 휠체어리프트 탑승
01,수도권,S1,3,3호선,0255,불광,1,출입구-승강장,4,6,6) (B2) 3호선 환승통로 이동
01,수도권,S1,3,3호선,0255,불광,1,출입구-승강장,4,7,7) 연신내 방면 승강장으로 이동
01,수도권,S1,3,3호선,0255,불광,1,출입구-승강장,4,8,8) 3호선 대합실 방향 엘리베이터 탑승
01,수도권,S1,3,3호선,0255,불광,1,출입구-승강장,4,9,9) (B1) 표내는곳 통과
01,수도권,S1,3,3호선,0255,불광,1,출입구-승강장,4,10,10) 녹번 방면 엘리베이터 앞 표내는 곳 통과 후 엘리베이터 탑승
01,수도권,S1,3,3호선,0255,불광,1,출입구-승강장,4,11,11) (B2) 녹번 방면 승강장으로 이동
01,수도권,S1,3,3호선,0255,불광,1,출입구-승강장,4,12,12) 승차 (휠체어칸)
01,수도권,S1,3,3호선,0255,불광,3,환승,1,1,1) (B2) 3호선 연신내 방면 승강장 하차
01,수도권,S1,3,3호선,0255,불광,3,환승,1,2,2) 6호선 방향 환승통로로 이동
01,수도권,S1,3,3호선,0255,불광,3,환승,1,3,3) 6호선 대합실 방향 휠체어리프트 탑승
01,수도권,S1,3,3호선,0255,불광,3,환승,1,4,4) (B2) 6호선 대합실로 이동
01,수도권,S1,3,3호선,0255,불광,3,환승,1,5,5) 6호선 승강장 방향 엘리베이터 탑승
01,수도권,S1,3,3호선,0255,불광,3,환승,1,6,6) (B4) 6호선 독바위 방면 승강장으로 이동
01,수도권,S1,3,3호선,0255,불광,3,환승,1,7,7) 승차 (휠체어칸)
01,수도권,S1,3,3호선,0255,불광,3,환승,2,1,1) (B2) 3호선 녹번 방면 승강장 하차
01,수도권,S1,3,3호선,0255,불광,3,환승,2,2,2) 6호선 방향 환승통로로 이동
01,수도권,S1,3,3호선,0255,불광,3,환승,2,3,3) 6호선 대합실 방향 휠체어리프트 탑승
01,수도권,S1,3,3호선,0255,불광,3,환승,2,4,4) (B2) 6호선 대합실로 이동
01,수도권,S1,3,3호선,0255,불광,3,환승,2,5,5) 6호선 승강장 방향 엘리베이터 탑승
01,수도권,S1,3,3호선,0255,불광,3,환승,2,6,6) (B4) 6호선 독바위 방면 승강장으로 이동
01,수도권,S1,3,3호선,0255,불광,3,환승,2,7,7) 승차 (휠체어칸)
01,수도권,S1,3,3호선,0116,녹번,1,출입구-승강장,1,1,1) (1F) 1번 출입구 옆 엘리베이터 탑승
01,수도권,S1,3,3호선,0116,녹번,1,출입구-승강장,1,2,2) (B1) 대합실로 이동
01,수도권,S1,3,3호선,0116,녹번,1,출입구-승강장,1,3,3) 엘리베이터 앞 표 내는 곳 통과
01,수도권,S1,3,3호선,0116,녹번,1,출입구-승강장,1,4,4) 승강장 방향 엘리베이터 탑승
01,수도권,S1,3,3호선,0116,녹번,1,출입구-승강장,1,5,5) (B2) 불광 방면 승강장으로 이동
01,수도권,S1,3,3호선,0116,녹번,1,출입구-승강장,1,6,6) 승차 (휠체어칸)
01,수도권,S1,3,3호선,0116,녹번,1,출입구-승강장,2,1,1) (1F) 1번 출입구 옆 엘리베이터 탑승
01,수도권,S1,3,3호선,0116,녹번,1,출입구-승강장,2,2,2) (B1) 대합실로 이동
01,수도권,S1,3,3호선,0116,녹번,1,출입구-승강장,2,3,3) 엘리베이터 앞 표 내는 곳 통과
01,수도권,S1,3,3호선,0116,녹번,1,출입구-승강장,2,4,4) 승강장 방향 엘리베이터 탑승
01,수도권,S1,3,3호선,0116,녹번,1,출입구-승강장,2,5,5) (B2) 홍제 방면 승강장으로 이동
01,수도권,S1,3,3호선,0116,녹번,1,출입구-승강장,2,6,6) 승차 (휠체어칸)
01,수도권,S1,3,3호선,0116,녹번,1,출입구-승강장,3,1,1) (1F) 3번 출입구 옆 엘리베이터 탑승
01,수도권,S1,3,3호선,0116,녹번,1,출입구-승강장,3,2,2) (B1) 대합실로 이동
01,수도권,S1,3,3호선,0116,녹번,1,출입구-승강장,3,3,3) 엘리베이터 앞 표 내는 곳 통과
01,수도권,S1,3,3호선,0116,녹번,1,출입구-승강장,3,4,4) 승강장 방향 엘리베이터 탑승
01,수도권,S1,3,3호선,0116,녹번,1,출입구-승강장,3,5,5) (B2) 불광 방면 승강장으로 이동
01,수도권,S1,3,3호선,0116,녹번,1,출입구-승강장,3,6,6) 승차 (휠체어칸)
01,수도권,S1,3,3호선,0116,녹번,1,출입구-승강장,4,1,1) (1F) 3번 출입구 옆 엘리베이터 탑승
01,수도권,S1,3,3호선,0116,녹번,1,출입구-승강장,4,2,2) (B1) 대합실로 이동
01,수도권,S1,3,3호선,0116,녹번,1,출입구-승강장,4,3,3) 엘리베이터 앞 표 내는 곳 통과
01,수도권,S1,3,3호선,0116,녹번,1,출입구-승강장,4,4,4) 승강장 방향 엘리베이터 탑승
01,수도권,S1,3,3호선,0116,녹번,1,출입구-승강장,4,5,5) (B2) 홍제 방면 승강장으로 이동
01,수도권,S1,3,3호선,0116,녹번,1,출입구-승강장,4,6,6) 승차 (휠체어칸)
01,수도권,S1,3,3호선,0597,홍제,1,출입구-승강장,1,1,1) (1F) 4번 출입구 옆 엘리베이터 탑승
01,수도권,S1,3,3호선,0597,홍제,1,출입구-승강장,1,2,2) (B2) 대합실로 이동
01,수도권,S1,3,3호선,0597,홍제,1,출입구-승강장,1,3,3) 엘리베이터 앞 표 내는 곳 통과
01,수도권,S1,3,3호선,0597,홍제,1,출입구-승강장,1,4,4) 승강장 방향 엘리베이터 탑승
01,수도권,S1,3,3호선,0597,홍제,1,출입구-승강장,1,5,5) (B2) 녹번 방면 승강장으로 이동
01,수도권,S1,3,3호선,0597,홍제,1,출입구-승강장,1,6,6) 승차 (휠체어칸)
01,수도권,S1,3,3호선,0597,홍제,1,출입구-승강장,2,1,1) (1F) 4번 출입구 옆 엘리베이터 탑승
01,수도권,S1,3,3호선,0597,홍제,1,출입구-승강장,2,2,2) (B2) 대합실로 이동
01,수도권,S1,3,3호선,0597,홍제,1,출입구-승강장,2,3,3) 엘리베이터 앞 표 내는 곳 통과
01,수도권,S1,3,3호선,0597,홍제,1,출입구-승강장,2,4,4) 승강장 방향 엘리베이터 탑승
01,수도권,S1,3,3호선,0597,홍제,1,출입구-승강장,2,5,5) (B2) 무악재 방면 승강장으로 이동
01,수도권,S1,3,3호선,0597,홍제,1,출입구-승강장,2,6,6) 승차 (휠체어칸)
01,수도권,S1,3,3호선,0205,무악재,1,출입구-승강장,1,1,1) (1F) 1번 출입구 옆 엘리베이터 탑승
01,수도권,S1,3,3호선,0205,무악재,1,출입구-승강장,1,2,2) (B2) 대합실로 이동
01,수도권,S1,3,3호선,0205,무악재,1,출입구-승강장,1,3,3) 표 내는 곳 통과
01,수도권,S1,3,3호선,0205,무악재,1,출입구-승강장,1,4,4) 홍제 방면 엘리베이터 탑승
01,수도권,S1,3,3호선,0205,무악재,1,출입구-승강장,1,5,5) (B3) 홍제 방면 승강장으로 이동
01,수도권,S1,3,3호선,0205,무악재,1,출입구-승강장,1,6,6) 승차 (휠체어칸)
01,수도권,S1,3,3호선,0205,무악재,1,출입구-승강장,2,1,1) (1F) 1번 출입구 옆 엘리베이터 탑승
01,수도권,S1,3,3호선,0205,무악재,1,출입구-승강장,2,2,2) (B2) 대합실로 이동
01,수도권,S1,3,3호선,0205,무악재,1,출입구-승강장,2,3,3) 표 내는 곳 통과
01,수도권,S1,3,3호선,0205,무악재,1,출입구-승강장,2,4,4) 독립문 방면 엘리베이터 탑승
01,수도권,S1,3,3호선,0205,무악재,1,출입구-승강장,2,5,5) (B3) 독립문 방면 승강장으로 이동
01,수도권,S1,3,3호선,0205,무악재,1,출입구-승강장,2,6,6) 승차 (휠체어칸)
01,수도권,S1,3,3호선,0150,독립문,1,출입구-승강장,1,1,1) (1F) 4번 출입구 옆 엘리베이터 탑승
01,수도권,S1,3,3호선,0150,독립문,1,출입구-승강장,1,2,2) (B2) 대합실로 이동
01,수도권,S1,3,3호선,0150,독립문,1,출입구-승강장,1,3,3) 엘리베이터 앞 표 내는 곳 통과
01,수도권,S1,3,3호선,0150,독립문,1,출입구-승강장,1,4,4) 승강장 방향 엘리베이터 탑승
01,수도권,S1,3,3호선,0150,독립문,1,출입구-승강장,1,5,5) (B3) 무악재 방면 승강장으로 이동
01,수도권,S1,3,3호선,0150,독립문,1,출입구-승강장,1,6,6) 승차 (휠체어칸)
01,수도권,S1,3,3호선,0150,독립문,1,출입구-승강장,2,1,1) (1F) 4번 출입구 옆 엘리베이터 탑승
01,수도권,S1,3,3호선,0150,독립문,1,출입구-승강장,2,2,2) (B2) 대합실로 이동
01,수도권,S1,3,3호선,0150,독립문,1,출입구-승강장,2,3,3) 엘리베이터 앞 표 내는 곳 통과
01,수도권,S1,3,3호선,0150,독립문,1,출입구-승강장,2,4,4) 승강장 방향 엘리베이터 탑승
01,수도권,S1,3,3호선,0150,독립문,1,출입구-승강장,2,5,5) (B3) 경복궁 방면 승강장으로 이동
01,수도권,S1,3,3호선,0150,독립문,1,출입구-승강장,2,6,6) 승차 (휠체어칸)
01,수도권,S1,3,3호선,0040,경복궁,1,출입구-승강장,1,1,1) (1F) 4번 출입구 옆 엘리베이터 탑승
01,수도권,S1,3,3호선,0040,경복궁,1,출입구-승강장,1,2,2) (B2) 대합실로 이동
01,수도권,S1,3,3호선,0040,경복궁,1,출입구-승강장,1,3,3) 엘리베이터 앞 표 내는 곳 통과
01,수도권,S1,3,3호선,0040,경복궁,1,출입구-승강장,1,4,4) 승강장 방향 엘리베이터 탑승
01,수도권,S1,3,3호선,0040,경복궁,1,출입구-승강장,1,5,5) (B3) 독립문 방면 승강장으로 이동
01,수도권,S1,3,3호선,0040,경복궁,1,출입구-승강장,1,6,6) 승차 (휠체어칸)
01,수도권,S1,3,3호선,0040,경복궁,1,출입구-승강장,2,1,1) (1F) 4번 출입구 옆 엘리베이터 탑승
01,수도권,S1,3,3호선,0040,경복궁,1,출입구-승강장,2,2,2) (B2) 대합실로 이동
01,수도권,S1,3,3호선,0040,경복궁,1,출입구-승강장,2,3,3) 엘리베이터 앞 표 내는 곳 통과
01,수도권,S1,3,3호선,0040,경복궁,1,출입구-승강장,2,4,4) 승강장 방향 엘리베이터 탑승
01,수도권,S1,3,3호선,0040,경복궁,1,출입구-승강장,2,5,5) (B3) 안국 방면 승강장으로 이동
01,수도권,S1,3,3호선,0040,경복궁,1,출입구-승강장,2,6,6) 승차 (휠체어칸)
01,수도권,S1,3,3호선,0387,안국,1,출입구-승강장,1,1,"1) (1F) 5,6번 출입구 사이 엘리베이터 탑승"
01,수도권,S1,3,3호선,0387,안국,1,출입구-승강장,1,2,2) (B3) 대합실로 이동
01,수도권,S1,3,3호선,0387,안국,1,출입구-승강장,1,3,3) 엘리베이터 앞 표 내는 곳 통과
01,수도권,S1,3,3호선,0387,안국,1,출입구-승강장,1,4,4) 승강장 방향 엘리베이터 탑승
01,수도권,S1,3,3호선,0387,안국,1,출입구-승강장,1,5,5) (B4) 경복궁 방면 승강장으로 이동
01,수도권,S1,3,3호선,0387,안국,1,출입구-승강장,1,6,6) 승차 (휠체어칸)
01,수도권,S1,3,3호선,0387,안국,1,출입구-승강장,2,1,"1) (1F) 5,6번 출입구 사이 엘리베이터 탑승"
01,수도권,S1,3,3호선,0387,안국,1,출입구-승강장,2,2,2) (B3) 대합실로 이동
01,수도권,S1,3,3호선,0387,안국,1,출입구-승강장,2,3,3) 엘리베이터 앞 표 내는 곳 통과
01,수도권,S1,3,3호선,0387,안국,1,출입구-승강장,2,4,4) 승강장 방향 엘리베이터 탑승
01,수도권,S1,3,3호선,0387,안국,1,출입구-승강장,2,5,5) (B4) 종로3가 방면 승강장으로 이동
01,수도권,S1,3,3호선,0387,안국,1,출입구-승강장,2,6,6) 승차 (휠체어칸)
01,수도권,S1,3,3호선,0515,종로3가,1,출입구-승강장,1,1,1) (1F) 8번 출입구 옆 엘리베이터 탑승
01,수도권,S1,3,3호선,0515,종로3가,1,출입구-승강장,1,2,2) (B3) 표 내는 곳 통과 후 3호선 승강장 방향 엘리베이터 로 이동
01,수도권,S1,3,3호선,0515,종로3가,1,출입구-승강장,1,3,3) 3호선 승강장 방향 엘리베이터 탑승
01,수도권,S1,3,3호선,0515,종로3가,1,출입구-승강장,1,4,4) (B4) 안국 방면 승강장으로 이동
01,수도권,S1,3,3호선,0515,종로3가,1,출입구-승강장,1,5,5) 승차 (휠체어칸)
01,수도권,S1,3,3호선,0515,종로3가,1,출입구-승강장,2,1,1) (1F) 8번 출입구 옆 엘리베이터 탑승
01,수도권,S1,3,3호선,0515,종로3가,1,출입구-승강장,2,2,2) (B3) 표 내는 곳 통과 후 3호선 승강장 방향 엘리베이터 로 이동
01,수도권,S1,3,3호선,0515,종로3가,1,출입구-승강장,2,3,3) 3호선 승강장 방향 엘리베이터 탑승
01,수도권,S1,3,3호선,0515,종로3가,1,출입구-승강장,2,4,4) (B4) 을지로 3가 방면 승강장으로 이동
01,수도권,S1,3,3호선,0515,종로3가,1,출입구-승강장,2,5,5) 승차 (휠체어칸)
01,수도권,S1,3,3호선,0515,종로3가,1,출입구-승강장,3,1,1) (1F) 2-1번 출입구 옆 엘리베이터 탑승
01,수도권,S1,3,3호선,0515,종로3가,1,출입구-승강장,3,2,2) 2-1번 출입구 지하1층 엘리베이터 하차
01,수도권,S1,3,3호선,0515,종로3가,1,출입구-승강장,3,3,3) (B1) 1호선 종로3가(1)역 대합실로 이동
01,수도권,S1,3,3호선,0515,종로3가,1,출입구-승강장,3,4,4) 1호선 종로3가(1)역 청량리방면 지하1층 엘리베이터 탑승
01,수도권,S1,3,3호선,0515,종로3가,1,출입구-승강장,3,5,5) 1호선 종로3가(1)역 청량리방면 지하2층 엘리베이터 하차
01,수도권,S1,3,3호선,0515,종로3가,1,출입구-승강장,3,6,6) 환승통로 이동 3호선 종로3가(3)역 지하2층 엘리베이터 탑승
01,수도권,S1,3,3호선,0515,종로3가,1,출입구-승강장,3,7,7) 지하4층 안국 방향 승강장 도착
01,수도권,S1,3,3호선,0515,종로3가,1,출입구-승강장,3,8,8) 승차 (휠체어칸)
01,수도권,S1,3,3호선,0515,종로3가,1,출입구-승강장,4,1,1) (1F) 2-1번 출입구 옆 엘리베이터 탑승
01,수도권,S1,3,3호선,0515,종로3가,1,출입구-승강장,4,2,2) 2-1번 출입구 지하1층 엘리베이터 하차
01,수도권,S1,3,3호선,0515,종로3가,1,출입구-승강장,4,3,3) (B1) 1호선 종로3가(1)역 대합실로 이동
01,수도권,S1,3,3호선,0515,종로3가,1,출입구-승강장,4,4,4) 1호선 종로3가(1)역 청량리방면 지하1층 엘리베이터 탑승
01,수도권,S1,3,3호선,0515,종로3가,1,출입구-승강장,4,5,5) 1호선 종로3가(1)역 청량리방면 지하2층 엘리베이터 하차
01,수도권,S1,3,3호선,0515,종로3가,1,출입구-승강장,4,6,6) 환승통로 이동 3호선 종로3가(3)역 지하2층 엘리베이터 탑승
01,수도권,S1,3,3호선,0515,종로3가,1,출입구-승강장,4,7,7) 지하4층 을지로3가 방향 승강장 도착
01,수도권,S1,3,3호선,0515,종로3가,1,출입구-승강장,4,8,8) 승차 (휠체어칸)
01,수도권,S1,3,3호선,0515,종로3가,3,환승,1,1,1) (B4) 3호선 안국 방면 승강장 하차
01,수도권,S1,3,3호선,0515,종로3가,3,환승,1,2,2) 3호선 대합실 방향 엘리베이터 탑승
01,수도권,S1,3,3호선,0515,종로3가,3,환승,1,3,3) (B2) 환승통로 이용하여 1호선 종로5가 방면 승강장으로 이동
01,수도권,S1,3,3호선,0515,종로3가,3,환승,1,4,4) 승차 (휠체어칸)
01,수도권,S1,3,3호선,0515,종로3가,3,환승,2,1,1) (B4) 3호선 안국 방면 승강장 하차
01,수도권,S1,3,3호선,0515,종로3가,3,환승,2,2,2) 대합실 방향 엘리베이터 탑승
01,수도권,S1,3,3호선,0515,종로3가,3,환승,2,3,3) (B2) 환승통로 이동
01,수도권,S1,3,3호선,0515,종로3가,3,환승,2,4,4) 1호선 종로5가 방면 승강장으로 이동
01,수도권,S1,3,3호선,0515,종로3가,3,환승,2,5,5) 1호선 대합실 방향 엘리베이터 탑승
01,수도권,S1,3,3호선,0515,종로3가,3,환승,2,6,6) (B1) 대합실로 이동
01,수도권,S1,3,3호선,0515,종로3가,3,환승,2,7,7) 종각 방면 엘리베이터 탑승
01,수도권,S1,3,3호선,0515,종로3가,3,환승,2,8,8) (B2)1호선 종각 방면 승강장으로 이동
01,수도권,S1,3,3호선,0515,종로3가,3,환승,2,9,9) 승차 (휠체어칸)
01,수도권,S1,3,3호선,0515,종로3가,3,환승,3,1,1) (B4) 3호선 을지로 3가 방면 승강장 하차
01,수도권,S1,3,3호선,0515,종로3가,3,환승,3,2,2) 3호선 대합실 방향 엘리베이터 탑승
01,수도권,S1,3,3호선,0515,종로3가,3,환승,3,3,3) (B2) 환승통로 이용하여 1호선 종로5가 방면 승강장으로 이동
01,수도권,S1,3,3호선,0515,종로3가,3,환승,3,4,4) 승차 (휠체어칸)
01,수도권,S1,3,3호선,0515,종로3가,3,환승,4,1,1) (B4) 3호선 을지로 3가 방면 승강장 하차
01,수도권,S1,3,3호선,0515,종로3가,3,환승,4,2,2) 대합실 방향 엘리베이터 탑승
01,수도권,S1,3,3호선,0515,종로3가,3,환승,4,3,3) (B2) 환승통로 이동
01,수도권,S1,3,3호선,0515,종로3가,3,환승,4,4,4) 1호선 종로5가 방면 승강장으로 이동
01,수도권,S1,3,3호선,0515,종로3가,3,환승,4,5,5) 1호선 대합실 방향 엘리베이터 탑승
01,수도권,S1,3,3호선,0515,종로3가,3,환승,4,6,6) (B1) 대합실로 이동
01,수도권,S1,3,3호선,0515,종로3가,3,환승,4,7,7) 종각 방면 엘리베이터 탑승
01,수도권,S1,3,3호선,0515,종로3가,3,환승,4,8,8) (B2)1호선 종각 방면 승강장으로 이동
01,수도권,S1,3,3호선,0515,종로3가,3,환승,4,9,9) 승차 (휠체어칸)
01,수도권,S1,3,3호선,0515,종로3가,3,환승,5,1,1) (B4) 3호선 안국 방면 승강장 하차
01,수도권,S1,3,3호선,0515,종로3가,3,환승,5,2,2) 3호선 대합실 방향 엘리베이터 탑승
01,수도권,S1,3,3호선,0515,종로3가,3,환승,5,3,3) (B3) 대합실로 이동
01,수도권,S1,3,3호선,0515,종로3가,3,환승,5,4,4) 5호선 승강장 방향 엘리베이터 탑승
01,수도권,S1,3,3호선,0515,종로3가,3,환승,5,5,5) (B4) 대합실 이동
01,수도권,S1,3,3호선,0515,종로3가,3,환승,5,6,6) 5호선 승강장 방향 엘리베이터 탑승
01,수도권,S1,3,3호선,0515,종로3가,3,환승,5,7,7) (B5) 5호선 광화문 방면 승강장으로 이동
01,수도권,S1,3,3호선,0515,종로3가,3,환승,5,8,8) 승차 (휠체어칸)
01,수도권,S1,3,3호선,0515,종로3가,3,환승,6,1,1) (B4) 3호선 안국 방면 승강장 하차
01,수도권,S1,3,3호선,0515,종로3가,3,환승,6,2,2) 3호선 대합실 방향 엘리베이터 탑승
01,수도권,S1,3,3호선,0515,종로3가,3,환승,6,3,3) (B3) 대합실로 이동
01,수도권,S1,3,3호선,0515,종로3가,3,환승,6,4,4) 5호선 승강장 방향 엘리베이터 탑승
01,수도권,S1,3,3호선,0515,종로3가,3,환승,6,5,5) (B4) 대합실 이동
01,수도권,S1,3,3호선,0515,종로3가,3,환승,6,6,6) 5호선 승강장 방향 엘리베이터 탑승
01,수도권,S1,3,3호선,0515,종로3가,3,환승,6,7,7) (B5) 5호선 을지로4가 방면 승강장으로 이동
01,수도권,S1,3,3호선,0515,종로3가,3,환승,6,8,8) 승차 (휠체어칸)
01,수도권,S1,3,3호선,0515,종로3가,3,환승,7,1,1) (B4) 3호선 을지로 3가 방면 승강장 하차
01,수도권,S1,3,3호선,0515,종로3가,3,환승,7,2,2) 3호선 대합실 방향 엘리베이터 탑승
01,수도권,S1,3,3호선,0515,종로3가,3,환승,7,3,3) (B3) 대합실로 이동
01,수도권,S1,3,3호선,0515,종로3가,3,환승,7,4,4) 5호선 승강장 방향 엘리베이터 탑승
01,수도권,S1,3,3호선,0515,종로3가,3,환승,7,5,5) (B4) 대합실 이동
01,수도권,S1,3,3호선,0515,종로3가,3,환승,7,6,6) 5호선 승강장 방향 엘리베이터 탑승
01,수도권,S1,3,3호선,0515,종로3가,3,환승,7,7,7) (B5) 5호선 광화문 방면 승강장으로 이동
01,수도권,S1,3,3호선,0515,종로3가,3,환승,7,8,8) 승차 (휠체어칸)
01,수도권,S1,3,3호선,0515,종로3가,3,환승,8,1,1) (B4) 3호선 을지로 3가 방면 승강장 하차
01,수도권,S1,3,3호선,0515,종로3가,3,환승,8,2,2) 3호선 대합실 방향 엘리베이터 탑승
01,수도권,S1,3,3호선,0515,종로3가,3,환승,8,3,3) (B3) 대합실로 이동
01,수도권,S1,3,3호선,0515,종로3가,3,환승,8,4,4) 5호선 승강장 방향 엘리베이터 탑승
01,수도권,S1,3,3호선,0515,종로3가,3,환승,8,5,5) (B4) 대합실 이동
01,수도권,S1,3,3호선,0515,종로3가,3,환승,8,6,6) 5호선 승강장 방향 엘리베이터 탑승
01,수도권,S1,3,3호선,0515,종로3가,3,환승,8,7,7) (B5) 5호선 을지로4가 방면 승강장으로 이동
01,수도권,S1,3,3호선,0515,종로3가,3,환승,8,8,8) 승차 (휠체어칸)
01,수도권,S1,3,3호선,0464,을지로3가,1,출입구-승강장,1,1,1) (1F) 10번 출입구 옆 엘리베이터 탑승
01,수도권,S1,3,3호선,0464,을지로3가,1,출입구-승강장,1,2,2) (B1) 대합실로 이동
01,수도권,S1,3,3호선,0464,을지로3가,1,출입구-승강장,1,3,3) 표 내는 곳 통과
01,수도권,S1,3,3호선,0464,을지로3가,1,출입구-승강장,1,4,4) 승강장 방향 엘리베이터 탑승
01,수도권,S1,3,3호선,0464,을지로3가,1,출입구-승강장,1,5,5) (B3) 종로3가 방면 승강장으로 이동
01,수도권,S1,3,3호선,0464,을지로3가,1,출입구-승강장,1,6,6) 승차 (휠체어칸)
01,수도권,S1,3,3호선,0464,을지로3가,1,출입구-승강장,2,1,1) (1F) 10번 출입구 옆 엘리베이터 탑승
01,수도권,S1,3,3호선,0464,을지로3가,1,출입구-승강장,2,2,2) (B1) 대합실로 이동
01,수도권,S1,3,3호선,0464,을지로3가,1,출입구-승강장,2,3,3) 표 내는 곳 통과
01,수도권,S1,3,3호선,0464,을지로3가,1,출입구-승강장,2,4,4) 승강장 방향 엘리베이터 탑승
01,수도권,S1,3,3호선,0464,을지로3가,1,출입구-승강장,2,5,5) (B3) 충무로 방면 승강장으로 이동
01,수도권,S1,3,3호선,0464,을지로3가,1,출입구-승강장,2,6,6) 승차 (휠체어칸)
01,수도권,S1,3,3호선,0464,을지로3가,1,출입구-승강장,3,1,1) (1F) 12번 출입구 옆 엘리베이터 탑승
01,수도권,S1,3,3호선,0464,을지로3가,1,출입구-승강장,3,2,2) (B1) 2호선 대합실로 이동
01,수도권,S1,3,3호선,0464,을지로3가,1,출입구-승강장,3,3,3) 환승통로 이동
01,수도권,S1,3,3호선,0464,을지로3가,1,출입구-승강장,3,4,4) 표 내는 곳 통과
01,수도권,S1,3,3호선,0464,을지로3가,1,출입구-승강장,3,5,5) 승강장 방향 엘리베이터 탑승
01,수도권,S1,3,3호선,0464,을지로3가,1,출입구-승강장,3,6,6) (B3) 종로3가 방면 승강장으로 이동
01,수도권,S1,3,3호선,0464,을지로3가,1,출입구-승강장,3,7,7) 승차 (휠체어칸)
01,수도권,S1,3,3호선,0464,을지로3가,1,출입구-승강장,4,1,1) (1F) 12번 출입구 옆 엘리베이터 탑승
01,수도권,S1,3,3호선,0464,을지로3가,1,출입구-승강장,4,2,2) (B1) 2호선 대합실로 이동
01,수도권,S1,3,3호선,0464,을지로3가,1,출입구-승강장,4,3,3) 환승통로 이동
01,수도권,S1,3,3호선,0464,을지로3가,1,출입구-승강장,4,4,4) 표 내는 곳 통과
01,수도권,S1,3,3호선,0464,을지로3가,1,출입구-승강장,4,5,5) 승강장 방향 엘리베이터 탑승
01,수도권,S1,3,3호선,0464,을지로3가,1,출입구-승강장,4,6,6) (B3) 충무로 방면 승강장으로 이동
01,수도권,S1,3,3호선,0464,을지로3가,1,출입구-승강장,4,7,7) 승차 (휠체어칸)
01,수도권,S1,3,3호선,0464,을지로3가,3,환승,1,1,1) (B3) 3호선 종로3가 방면 승강장 하차
01,수도권,S1,3,3호선,0464,을지로3가,3,환승,1,2,2) 대합실 방향 엘리베이터 탑승
01,수도권,S1,3,3호선,0464,을지로3가,3,환승,1,3,3) (B1) 대합실로 이동
01,수도권,S1,3,3호선,0464,을지로3가,3,환승,1,4,4) 2호선 환승통로로 이동
01,수도권,S1,3,3호선,0464,을지로3가,3,환승,1,5,5) 2호선 을지로입구 방면 승강장으로 이동
01,수도권,S1,3,3호선,0464,을지로3가,3,환승,1,6,6) 승차 (휠체어칸)
01,수도권,S1,3,3호선,0464,을지로3가,3,환승,2,1,1) (B3) 3호선 종로3가 방면 승강장 하차
01,수도권,S1,3,3호선,0464,을지로3가,3,환승,2,2,2) 대합실 방향 엘리베이터 탑승
01,수도권,S1,3,3호선,0464,을지로3가,3,환승,2,3,3) (B2) 2호선 을지로4가 방면 승강장으로 이동
01,수도권,S1,3,3호선,0464,을지로3가,3,환승,2,4,4) 승차 (휠체어칸)
01,수도권,S1,3,3호선,0464,을지로3가,3,환승,3,1,1) (B3) 3호선 충무로 방면 승강장 하차
01,수도권,S1,3,3호선,0464,을지로3가,3,환승,3,2,2) 대합실 방향 엘리베이터 탑승
01,수도권,S1,3,3호선,0464,을지로3가,3,환승,3,3,3) (B1) 대합실로 이동
01,수도권,S1,3,3호선,0464,을지로3가,3,환승,3,4,4) 2호선 환승통로로 이동
01,수도권,S1,3,3호선,0464,을지로3가,3,환승,3,5,5) 2호선 을지로입구 방면 승강장으로 이동
01,수도권,S1,3,3호선,0464,을지로3가,3,환승,3,6,6) 승차 (휠체어칸)
01,수도권,S1,3,3호선,0464,을지로3가,3,환승,4,1,1) (B3) 3호선 충무로 방면 승강장 하차
01,수도권,S1,3,3호선,0464,을지로3가,3,환승,4,2,2) 대합실 방향 엘리베이터 탑승
01,수도권,S1,3,3호선,0464,을지로3가,3,환승,4,3,3) (B2) 2호선 을지로4가 방면 승강장으로 이동
01,수도권,S1,3,3호선,0464,을지로3가,3,환승,4,4,4) 승차 (휠체어칸)
01,수도권,S1,3,3호선,0563,충무로,1,출입구-승강장,1,1,1) (1F) 7번 출입구 옆 엘리베이터 탑승
01,수도권,S1,3,3호선,0563,충무로,1,출입구-승강장,1,2,2) (B1) 대합실로 이동
01,수도권,S1,3,3호선,0563,충무로,1,출입구-승강장,1,3,3) 표 내는 곳 통과
01,수도권,S1,3,3호선,0563,충무로,1,출입구-승강장,1,4,4) 승강장 방향 엘리베이터 탑승
01,수도권,S1,3,3호선,0563,충무로,1,출입구-승강장,1,5,5) (B2) 대합실로 이동
01,수도권,S1,3,3호선,0563,충무로,1,출입구-승강장,1,6,6) 3호선 승강장 방향 엘리베이터 탑승
01,수도권,S1,3,3호선,0563,충무로,1,출입구-승강장,1,7,7) (B4) 을지로3가 방면 승강장으로 이동
01,수도권,S1,3,3호선,0563,충무로,1,출입구-승강장,1,8,8) 승차 (휠체어칸)
01,수도권,S1,3,3호선,0563,충무로,1,출입구-승강장,2,1,1) (1F) 7번 출입구 옆 엘리베이터 탑승
01,수도권,S1,3,3호선,0563,충무로,1,출입구-승강장,2,2,2) (B1) 대합실로 이동
01,수도권,S1,3,3호선,0563,충무로,1,출입구-승강장,2,3,3) 표 내는 곳 통과
01,수도권,S1,3,3호선,0563,충무로,1,출입구-승강장,2,4,4) 승강장 방향 엘리베이터 탑승
01,수도권,S1,3,3호선,0563,충무로,1,출입구-승강장,2,5,5) (B2) 대합실로 이동
01,수도권,S1,3,3호선,0563,충무로,1,출입구-승강장,2,6,6) 3호선 승강장 방향 엘리베이터 탑승
01,수도권,S1,3,3호선,0563,충무로,1,출입구-승강장,2,7,7) (B4) 동대입구 방면 승강장으로 이동
01,수도권,S1,3,3호선,0563,충무로,1,출입구-승강장,2,8,8) 승차 (휠체어칸)
01,수도권,S1,3,3호선,0563,충무로,3,환승,1,1,1) (B4) 3호선 을지로3가 방면 승강장 하차
01,수도권,S1,3,3호선,0563,충무로,3,환승,1,2,2) 대합실 방향 엘리베이터 탑승
01,수도권,S1,3,3호선,0563,충무로,3,환승,1,3,3) (B2) 대합실로 이동
01,수도권,S1,3,3호선,0563,충무로,3,환승,1,4,4) 4호선 동대문역사문화공원 방면 엘리베이터 탑승
01,수도권,S1,3,3호선,0563,충무로,3,환승,1,5,5) (B3) 4호선 동대문역사문화공원 방면 승강장으로 이동
01,수도권,S1,3,3호선,0563,충무로,3,환승,1,6,6) 승차 (휠체어칸)
01,수도권,S1,3,3호선,0563,충무로,3,환승,2,1,1) (B4) 3호선 을지로3가 방면 승강장 하차
01,수도권,S1,3,3호선,0563,충무로,3,환승,2,2,2) 4호선 명동 방면 엘리베이터 탑승
01,수도권,S1,3,3호선,0563,충무로,3,환승,2,3,3) (B3) 4호선 명동 방면 승강장으로 이동
01,수도권,S1,3,3호선,0563,충무로,3,환승,2,4,4) 승차(휠체어칸)
01,수도권,S1,3,3호선,0563,충무로,3,환승,3,1,1) (B4) 3호선 동대입구 방면 승강장 하차
01,수도권,S1,3,3호선,0563,충무로,3,환승,3,2,2) 대합실 방향 엘리베이터 탑승
01,수도권,S1,3,3호선,0563,충무로,3,환승,3,3,3) (B2) 대합실로 이동
01,수도권,S1,3,3호선,0563,충무로,3,환승,3,4,4) 4호선 동대문역사문화공원 방면 엘리베이터 탑승
01,수도권,S1,3,3호선,0563,충무로,3,환승,3,5,5) (B3) 4호선 동대문역사문화공원 방면 승강장으로 이동
01,수도권,S1,3,3호선,0563,충무로,3,환승,3,6,6) 승차 (휠체어칸)
01,수도권,S1,3,3호선,0563,충무로,3,환승,4,1,1) (B4) 3호선 동대입구 방면 승강장 하차
01,수도권,S1,3,3호선,0563,충무로,3,환승,4,2,2) 4호선 명동 방면 엘리베이터 탑승
01,수도권,S1,3,3호선,0563,충무로,3,환승,4,3,3) (B3) 4호선 명동 방면 승강장으로 이동
01,수도권,S1,3,3호선,0563,충무로,3,환승,4,4,4) 승차(휠체어칸)
01,수도권,S1,3,3호선,0157,동대입구,1,출입구-승강장,1,1,1) (1F) 6번 출입구 옆 엘리베이터 탑승
01,수도권,S1,3,3호선,0157,동대입구,1,출입구-승강장,1,2,2) (B2) 대합실로 이동
01,수도권,S1,3,3호선,0157,동대입구,1,출입구-승강장,1,3,3) 표 내는 곳 통과
01,수도권,S1,3,3호선,0157,동대입구,1,출입구-승강장,1,4,4) 승강장 방향 엘리베이터 탑승
01,수도권,S1,3,3호선,0157,동대입구,1,출입구-승강장,1,5,5) (B3) 충무로 방면 승강장으로 이동
01,수도권,S1,3,3호선,0157,동대입구,1,출입구-승강장,1,6,6) 승차 (휠체어칸)
01,수도권,S1,3,3호선,0157,동대입구,1,출입구-승강장,2,1,1) (1F) 6번 출입구 옆 엘리베이터 탑승
01,수도권,S1,3,3호선,0157,동대입구,1,출입구-승강장,2,2,2) (B2) 대합실로 이동
01,수도권,S1,3,3호선,0157,동대입구,1,출입구-승강장,2,3,3) 표 내는 곳 통과
01,수도권,S1,3,3호선,0157,동대입구,1,출입구-승강장,2,4,4) 승강장 방향 엘리베이터 탑승
01,수도권,S1,3,3호선,0157,동대입구,1,출입구-승강장,2,5,5) (B3) 약수 방면 승강장으로 이동
01,수도권,S1,3,3호선,0157,동대입구,1,출입구-승강장,2,6,6) 승차 (휠체어칸)
01,수도권,S1,3,3호선,0397,약수,1,출입구-승강장,1,1,1) (1F) 3번 출입구 옆 엘리베이터 탑승
01,수도권,S1,3,3호선,0397,약수,1,출입구-승강장,1,2,2) (B1) 대합실로 이동
01,수도권,S1,3,3호선,0397,약수,1,출입구-승강장,1,3,3) 표 내는 곳 통과
01,수도권,S1,3,3호선,0397,약수,1,출입구-승강장,1,4,4) 승강장 방향 엘리베이터 탑승
01,수도권,S1,3,3호선,0397,약수,1,출입구-승강장,1,5,5) (B2) 동대입구 방면 승강장으로 이동
01,수도권,S1,3,3호선,0397,약수,1,출입구-승강장,1,6,6) 승차 (휠체어칸)
01,수도권,S1,3,3호선,0397,약수,1,출입구-승강장,2,1,1) (1F) 3번 출입구 옆 엘리베이터 탑승
01,수도권,S1,3,3호선,0397,약수,1,출입구-승강장,2,2,2) (B1) 대합실로 이동
01,수도권,S1,3,3호선,0397,약수,1,출입구-승강장,2,3,3) 표 내는 곳 통과
01,수도권,S1,3,3호선,0397,약수,1,출입구-승강장,2,4,4) 승강장 방향 엘리베이터 탑승
01,수도권,S1,3,3호선,0397,약수,1,출입구-승강장,2,5,5) (B2) 금호 방면 승강장으로 이동
01,수도권,S1,3,3호선,0397,약수,1,출입구-승강장,2,6,6) 승차 (휠체어칸)
01,수도권,S1,3,3호선,0397,약수,3,환승,1,1,1) (B2) 3호선 동대입구 방면 승강장 하차
01,수도권,S1,3,3호선,0397,약수,3,환승,1,2,2) 대합실 방향 엘리베이터 탑승
01,수도권,S1,3,3호선,0397,약수,3,환승,1,3,3) (B1) 대합실로 이동
01,수도권,S1,3,3호선,0397,약수,3,환승,1,4,4) 9번 출입구 방향 표 내는 곳 통과
01,수도권,S1,3,3호선,0397,약수,3,환승,1,5,5) 6호선 환승 엘리베이터 탑승
01,수도권,S1,3,3호선,0397,약수,3,환승,1,6,6) 6호선 대합실로 이동
01,수도권,S1,3,3호선,0397,약수,3,환승,1,7,7) 대합실 엘리베이터 탑승
01,수도권,S1,3,3호선,0397,약수,3,환승,1,8,8) (B3) 6호선 버티고개 방면 승강장으로 이동
01,수도권,S1,3,3호선,0397,약수,3,환승,1,9,9) 승차 (휠체어칸)
01,수도권,S1,3,3호선,0397,약수,3,환승,2,1,1) (B2) 3호선 동대입구 방면 승강장 하차
01,수도권,S1,3,3호선,0397,약수,3,환승,2,2,2) 대합실 방향 엘리베이터 탑승
01,수도권,S1,3,3호선,0397,약수,3,환승,2,3,3) (B1) 대합실로 이동
01,수도권,S1,3,3호선,0397,약수,3,환승,2,4,4) 9번 출입구 방향 표 내는 곳 통과
01,수도권,S1,3,3호선,0397,약수,3,환승,2,5,5) 6호선 환승 엘리베이터 탑승
01,수도권,S1,3,3호선,0397,약수,3,환승,2,6,6) 6호선 대합실로 이동
01,수도권,S1,3,3호선,0397,약수,3,환승,2,7,7) 대합실 엘리베이터 탑승
01,수도권,S1,3,3호선,0397,약수,3,환승,2,8,8) (B2) 대합실로 이동
01,수도권,S1,3,3호선,0397,약수,3,환승,2,9,9) 표 내는 곳 통과
01,수도권,S1,3,3호선,0397,약수,3,환승,2,10,10) 6호선 청구 방면 엘리베이터 탑승
01,수도권,S1,3,3호선,0397,약수,3,환승,2,11,11) (B3) 6호선 청구 방면 승강장으로 이동
01,수도권,S1,3,3호선,0397,약수,3,환승,2,12,12) 승차 (휠체어칸)
01,수도권,S1,3,3호선,0397,약수,3,환승,3,1,1) (B2) 3호선 금호 방면 승강장 하차
01,수도권,S1,3,3호선,0397,약수,3,환승,3,2,2) 대합실 방향 엘리베이터 탑승
01,수도권,S1,3,3호선,0397,약수,3,환승,3,3,3) (B1) 대합실로 이동
01,수도권,S1,3,3호선,0397,약수,3,환승,3,4,4) 9번 출입구 방향 표 내는 곳 통과
01,수도권,S1,3,3호선,0397,약수,3,환승,3,5,5) 6호선 환승 엘리베이터 탑승
01,수도권,S1,3,3호선,0397,약수,3,환승,3,6,6) 6호선 대합실로 이동
01,수도권,S1,3,3호선,0397,약수,3,환승,3,7,7) 대합실 엘리베이터 탑승
01,수도권,S1,3,3호선,0397,약수,3,환승,3,8,8) (B3) 6호선 버티고개 방면 승강장으로 이동
01,수도권,S1,3,3호선,0397,약수,3,환승,3,9,9) 승차 (휠체어칸)
01,수도권,S1,3,3호선,0397,약수,3,환승,4,1,1) (B2) 3호선 금호 방면 승강장 하차
01,수도권,S1,3,3호선,0397,약수,3,환승,4,2,2) 대합실 방향 엘리베이터 탑승
01,수도권,S1,3,3호선,0397,약수,3,환승,4,3,3) (B1) 대합실로 이동
01,수도권,S1,3,3호선,0397,약수,3,환승,4,4,4) 9번 출입구 방향 표 내는 곳 통과
01,수도권,S1,3,3호선,0397,약수,3,환승,4,5,5) 6호선 환승 엘리베이터 탑승
01,수도권,S1,3,3호선,0397,약수,3,환승,4,6,6) 6호선 대합실로 이동
01,수도권,S1,3,3호선,0397,약수,3,환승,4,7,7) 대합실 엘리베이터 탑승
01,수도권,S1,3,3호선,0397,약수,3,환승,4,8,8) (B2) 대합실로 이동
01,수도권,S1,3,3호선,0397,약수,3,환승,4,9,9) 표 내는 곳 통과
01,수도권,S1,3,3호선,0397,약수,3,환승,4,10,10) 6호선 청구 방면 엘리베이터 탑승
01,수도권,S1,3,3호선,0397,약수,3,환승,4,11,11) (B3) 6호선 청구 방면 승강장으로 이동
01,수도권,S1,3,3호선,0397,약수,3,환승,4,12,12) 승차 (휠체어칸)
01,수도권,S1,3,3호선,0093,금호,1,출입구-승강장,1,1,1) (1F) 2번 출입구 옆 엘리베이터 탑승
01,수도권,S1,3,3호선,0093,금호,1,출입구-승강장,1,2,2) (B1) 대합실로 이동
01,수도권,S1,3,3호선,0093,금호,1,출입구-승강장,1,3,3) 표 내는 곳 통과
01,수도권,S1,3,3호선,0093,금호,1,출입구-승강장,1,4,4) 승강장 방향 엘리베이터 탑승
01,수도권,S1,3,3호선,0093,금호,1,출입구-승강장,1,5,5) (B2) 약수 방면 승강장으로 이동
01,수도권,S1,3,3호선,0093,금호,1,출입구-승강장,1,6,6) 승차 (휠체어칸)
01,수도권,S1,3,3호선,0093,금호,1,출입구-승강장,2,1,1) (1F) 2번 출입구 옆 엘리베이터 탑승
01,수도권,S1,3,3호선,0093,금호,1,출입구-승강장,2,2,2) (B1) 대합실로 이동
01,수도권,S1,3,3호선,0093,금호,1,출입구-승강장,2,3,3) 표 내는 곳 통과
01,수도권,S1,3,3호선,0093,금호,1,출입구-승강장,2,4,4) 승강장 방향 엘리베이터 탑승
01,수도권,S1,3,3호선,0093,금호,1,출입구-승강장,2,5,5) (B2) 옥수 방면 승강장으로 이동
01,수도권,S1,3,3호선,0093,금호,1,출입구-승강장,2,6,6) 승차 (휠체어칸)
01,수도권,S1,3,3호선,0093,금호,1,출입구-승강장,3,1,1) (1F) 3번 출입구 옆 엘리베이터 탑승
01,수도권,S1,3,3호선,0093,금호,1,출입구-승강장,3,2,2) (B1) 대합실로 이동
01,수도권,S1,3,3호선,0093,금호,1,출입구-승강장,3,3,3) 3번/4번 출입구 방향 표 내는 곳 통과
01,수도권,S1,3,3호선,0093,금호,1,출입구-승강장,3,4,4) 승강장 방향 엘리베이터 탑승
01,수도권,S1,3,3호선,0093,금호,1,출입구-승강장,3,5,5) (B2) 약수 방면 승강장으로 이동
01,수도권,S1,3,3호선,0093,금호,1,출입구-승강장,3,6,6) 승차 (휠체어칸)
01,수도권,S1,3,3호선,0093,금호,1,출입구-승강장,4,1,1) (1F) 3번 출입구 옆 엘리베이터 탑승
01,수도권,S1,3,3호선,0093,금호,1,출입구-승강장,4,2,2) (B1) 대합실로 이동
01,수도권,S1,3,3호선,0093,금호,1,출입구-승강장,4,3,3) 3번/4번 출입구 방향 표 내는 곳 통과
01,수도권,S1,3,3호선,0093,금호,1,출입구-승강장,4,4,4) 승강장 방향 엘리베이터 탑승
01,수도권,S1,3,3호선,0093,금호,1,출입구-승강장,4,5,5) (B2) 옥수 방면 승강장으로 이동
01,수도권,S1,3,3호선,0093,금호,1,출입구-승강장,4,6,6) 승차 (휠체어칸)
01,수도권,S1,3,3호선,0434,옥수,1,출입구-승강장,1,1,1) (1F) 4번 출입구 옆 엘리베이터 탑승
01,수도권,S1,3,3호선,0434,옥수,1,출입구-승강장,1,2,2) (3F) 대합실로 이동
01,수도권,S1,3,3호선,0434,옥수,1,출입구-승강장,1,3,3) 표 내는 곳 통과
01,수도권,S1,3,3호선,0434,옥수,1,출입구-승강장,1,4,4) 금호 방면 엘리베이터 탑승
01,수도권,S1,3,3호선,0434,옥수,1,출입구-승강장,1,5,5) (4F) 금호 방면 승강장으로 이동
01,수도권,S1,3,3호선,0434,옥수,1,출입구-승강장,1,6,6) 승차 (휠체어칸)
01,수도권,S1,3,3호선,0434,옥수,1,출입구-승강장,2,1,1) (1F) 4번 출입구 옆 엘리베이터 탑승
01,수도권,S1,3,3호선,0434,옥수,1,출입구-승강장,2,2,2) (3F) 대합실로 이동
01,수도권,S1,3,3호선,0434,옥수,1,출입구-승강장,2,3,3) 표 내는 곳 통과
01,수도권,S1,3,3호선,0434,옥수,1,출입구-승강장,2,4,4) 압구정 방면 엘리베이터 탑승
01,수도권,S1,3,3호선,0434,옥수,1,출입구-승강장,2,5,5) (4F) 압구정 방면 승강장으로 이동
01,수도권,S1,3,3호선,0434,옥수,1,출입구-승강장,2,6,6) 승차 (휠체어칸)
01,수도권,S1,3,3호선,0434,옥수,3,환승,1,1,1) (4F) 3호선 금호 방면 승강장 하차
01,수도권,S1,3,3호선,0434,옥수,3,환승,1,2,2) 대합실 방향 엘리베이터 탑승
01,수도권,S1,3,3호선,0434,옥수,3,환승,1,3,3) (3F) 대합실로 이동
01,수도권,S1,3,3호선,0434,옥수,3,환승,1,4,4) 경의중앙선 환승통로로 이동
01,수도권,S1,3,3호선,0434,옥수,3,환승,1,5,5) 경의중앙선 한남 방면 엘리베이터 탑승
01,수도권,S1,3,3호선,0434,옥수,3,환승,1,6,6) (1F) 경의중앙선 한남 방면 승강장으로 이동
01,수도권,S1,3,3호선,0434,옥수,3,환승,1,7,7) 승차 (휠체어칸)
01,수도권,S1,3,3호선,0434,옥수,3,환승,2,1,1) (4F) 3호선 금호 방면 승강장 하차
01,수도권,S1,3,3호선,0434,옥수,3,환승,2,2,2) 대합실 방향 엘리베이터 탑승
01,수도권,S1,3,3호선,0434,옥수,3,환승,2,3,3) (3F) 대합실로 이동
01,수도권,S1,3,3호선,0434,옥수,3,환승,2,4,4) 경의중앙선 환승통로로 이동
01,수도권,S1,3,3호선,0434,옥수,3,환승,2,5,5) 경의중앙선 응봉 방면 엘리베이터 탑승
01,수도권,S1,3,3호선,0434,옥수,3,환승,2,6,6) (1F) 경의중앙선 응봉 방면 승강장으로 이동
01,수도권,S1,3,3호선,0434,옥수,3,환승,2,7,7) 승차 (휠체어칸)
01,수도권,S1,3,3호선,0434,옥수,3,환승,3,1,1) (4F) 3호선 압구정 방면 승강장 하차
01,수도권,S1,3,3호선,0434,옥수,3,환승,3,2,2) 대합실 방향 엘리베이터 탑승
01,수도권,S1,3,3호선,0434,옥수,3,환승,3,3,3) (3F) 대합실로 이동
01,수도권,S1,3,3호선,0434,옥수,3,환승,3,4,4) 경의중앙선 환승통로로 이동
01,수도권,S1,3,3호선,0434,옥수,3,환승,3,5,5) 경의중앙선 한남 방면 엘리베이터 탑승
01,수도권,S1,3,3호선,0434,옥수,3,환승,3,6,6) (1F) 경의중앙선 한남 방면 승강장으로 이동
01,수도권,S1,3,3호선,0434,옥수,3,환승,3,7,7) 승차 (휠체어칸)
01,수도권,S1,3,3호선,0434,옥수,3,환승,4,1,1) (4F) 3호선 압구정 방면 승강장 하차
01,수도권,S1,3,3호선,0434,옥수,3,환승,4,2,2) 대합실 방향 엘리베이터 탑승
01,수도권,S1,3,3호선,0434,옥수,3,환승,4,3,3) (3F) 대합실로 이동
01,수도권,S1,3,3호선,0434,옥수,3,환승,4,4,4) 경의중앙선 환승통로로 이동
01,수도권,S1,3,3호선,0434,옥수,3,환승,4,5,5) 경의중앙선 응봉 방면 엘리베이터 탑승
01,수도권,S1,3,3호선,0434,옥수,3,환승,4,6,6) (1F) 경의중앙선 응봉 방면 승강장으로 이동
01,수도권,S1,3,3호선,0434,옥수,3,환승,4,7,7) 승차 (휠체어칸)
01,수도권,S1,3,3호선,0392,압구정,1,출입구-승강장,1,1,1) (1F) 2번 출입구 옆 엘리베이터 탑승
01,수도권,S1,3,3호선,0392,압구정,1,출입구-승강장,1,2,2) (B1) 대합실로 이동
01,수도권,S1,3,3호선,0392,압구정,1,출입구-승강장,1,3,3) 옥수 방면 엘리베이터 앞 표 내는 곳 통과
01,수도권,S1,3,3호선,0392,압구정,1,출입구-승강장,1,4,4) 옥수 방면 엘리베이터 탑승
01,수도권,S1,3,3호선,0392,압구정,1,출입구-승강장,1,5,5) (B2) 옥수 방면 승강장으로 이동
01,수도권,S1,3,3호선,0392,압구정,1,출입구-승강장,1,6,6) 승차 (휠체어칸)
01,수도권,S1,3,3호선,0392,압구정,1,출입구-승강장,2,1,1) (1F) 2번 출입구 옆 엘리베이터 탑승
01,수도권,S1,3,3호선,0392,압구정,1,출입구-승강장,2,2,2) (B1) 대합실로 이동
01,수도권,S1,3,3호선,0392,압구정,1,출입구-승강장,2,3,3) 신사 방면 엘리베이터 앞 표 내는 곳 통과
01,수도권,S1,3,3호선,0392,압구정,1,출입구-승강장,2,4,4) 신사 방면 엘리베이터 탑승
01,수도권,S1,3,3호선,0392,압구정,1,출입구-승강장,2,5,5) (B2) 신사 방면 승강장으로 이동
01,수도권,S1,3,3호선,0392,압구정,1,출입구-승강장,2,6,6) 승차 (휠체어칸)
01,수도권,S1,3,3호선,0392,압구정,1,출입구-승강장,3,1,1) (1F) 3번 출입구 옆 엘리베이터 탑승
01,수도권,S1,3,3호선,0392,압구정,1,출입구-승강장,3,2,2) (B1) 대합실로 이동
01,수도권,S1,3,3호선,0392,압구정,1,출입구-승강장,3,3,3) 옥수 방면 엘리베이터 앞 표 내는 곳 통과
01,수도권,S1,3,3호선,0392,압구정,1,출입구-승강장,3,4,4) 옥수 방면 엘리베이터 탑승
01,수도권,S1,3,3호선,0392,압구정,1,출입구-승강장,3,5,5) (B2) 옥수 방면 승강장으로 이동
01,수도권,S1,3,3호선,0392,압구정,1,출입구-승강장,3,6,6) 승차 (휠체어칸)
01,수도권,S1,3,3호선,0392,압구정,1,출입구-승강장,4,1,1) (1F) 3번 출입구 옆 엘리베이터 탑승
01,수도권,S1,3,3호선,0392,압구정,1,출입구-승강장,4,2,2) (B1) 대합실로 이동
01,수도권,S1,3,3호선,0392,압구정,1,출입구-승강장,4,3,3) 신사 방면 엘리베이터 앞 표 내는 곳 통과
01,수도권,S1,3,3호선,0392,압구정,1,출입구-승강장,4,4,4) 신사 방면 엘리베이터 탑승
01,수도권,S1,3,3호선,0392,압구정,1,출입구-승강장,4,5,5) (B2) 신사 방면 승강장으로 이동
01,수도권,S1,3,3호선,0392,압구정,1,출입구-승강장,4,6,6) 승차 (휠체어칸)
01,수도권,S1,3,3호선,0365,신사,1,출입구-승강장,1,1,1) (1F) 1번 출입구 옆 엘리베이터 탑승
01,수도권,S1,3,3호선,0365,신사,1,출입구-승강장,1,2,2) (B1) 대합실로 이동
01,수도권,S1,3,3호선,0365,신사,1,출입구-승강장,1,3,3) 표 내는 곳 통과
01,수도권,S1,3,3호선,0365,신사,1,출입구-승강장,1,4,4) 압구정 방면 엘리베이터 탑승
01,수도권,S1,3,3호선,0365,신사,1,출입구-승강장,1,5,5) (B2) 압구정 방면 승강장으로 이동
01,수도권,S1,3,3호선,0365,신사,1,출입구-승강장,1,6,6) 승차 (휠체어칸)
01,수도권,S1,3,3호선,0365,신사,1,출입구-승강장,2,1,1) (1F) 1번 출입구 옆 엘리베이터 탑승
01,수도권,S1,3,3호선,0365,신사,1,출입구-승강장,2,2,2) (B1) 대합실로 이동
01,수도권,S1,3,3호선,0365,신사,1,출입구-승강장,2,3,3) 표 내는 곳 통과
01,수도권,S1,3,3호선,0365,신사,1,출입구-승강장,2,4,4) 잠원 방면 엘리베이터 탑승
01,수도권,S1,3,3호선,0365,신사,1,출입구-승강장,2,5,5) (B2) 잠원 방면 승강장으로 이동
01,수도권,S1,3,3호선,0365,신사,1,출입구-승강장,2,6,6) 승차 (휠체어칸)
01,수도권,S1,3,3호선,0365,신사,1,출입구-승강장,3,1,1) (1F) 6번 출입구 옆 엘리베이터 탑승
01,수도권,S1,3,3호선,0365,신사,1,출입구-승강장,3,2,2) (B1) 대합실로 이동
01,수도권,S1,3,3호선,0365,신사,1,출입구-승강장,3,3,3) 표 내는 곳 통과
01,수도권,S1,3,3호선,0365,신사,1,출입구-승강장,3,4,4) 압구정 방면 엘리베이터 탑승
01,수도권,S1,3,3호선,0365,신사,1,출입구-승강장,3,5,5) (B2) 압구정 방면 승강장으로 이동
01,수도권,S1,3,3호선,0365,신사,1,출입구-승강장,3,6,6) 승차 (휠체어칸)
01,수도권,S1,3,3호선,0365,신사,1,출입구-승강장,4,1,1) (1F) 6번 출입구 옆 엘리베이터 탑승
01,수도권,S1,3,3호선,0365,신사,1,출입구-승강장,4,2,2) (B1) 대합실로 이동
01,수도권,S1,3,3호선,0365,신사,1,출입구-승강장,4,3,3) 표 내는 곳 통과
01,수도권,S1,3,3호선,0365,신사,1,출입구-승강장,4,4,4) 잠원 방면 엘리베이터 탑승
01,수도권,S1,3,3호선,0365,신사,1,출입구-승강장,4,5,5) (B2) 잠원 방면 승강장으로 이동
01,수도권,S1,3,3호선,0365,신사,1,출입구-승강장,4,6,6) 승차 (휠체어칸)
01,수도권,S1,3,3호선,0365,신사,1,출입구-승강장,5,1,1) (1F) 8번 출입구 옆 엘리베이터 탑승
01,수도권,S1,3,3호선,0365,신사,1,출입구-승강장,5,2,2) (B1) 대합실로 이동
01,수도권,S1,3,3호선,0365,신사,1,출입구-승강장,5,3,3) 표 내는 곳 통과
01,수도권,S1,3,3호선,0365,신사,1,출입구-승강장,5,4,4) 압구정 방면 엘리베이터 탑승
01,수도권,S1,3,3호선,0365,신사,1,출입구-승강장,5,5,5) (B2) 압구정 방면 승강장으로 이동
01,수도권,S1,3,3호선,0365,신사,1,출입구-승강장,5,6,6) 승차 (휠체어칸)
01,수도권,S1,3,3호선,0365,신사,1,출입구-승강장,6,1,1) (1F) 8번 출입구 옆 엘리베이터 탑승
01,수도권,S1,3,3호선,0365,신사,1,출입구-승강장,6,2,2) (B1) 대합실로 이동
01,수도권,S1,3,3호선,0365,신사,1,출입구-승강장,6,3,3) 표 내는 곳 통과
01,수도권,S1,3,3호선,0365,신사,1,출입구-승강장,6,4,4) 잠원 방면 엘리베이터 탑승
01,수도권,S1,3,3호선,0365,신사,1,출입구-승강장,6,5,5) (B2) 잠원 방면 승강장으로 이동
01,수도권,S1,3,3호선,0365,신사,1,출입구-승강장,6,6,6) 승차 (휠체어칸)
01,수도권,S1,3,3호선,0365,신사,3,환승,1,1,1) (B2) 3호선 압구정 방면 승강장 하차
01,수도권,S1,3,3호선,0365,신사,3,환승,1,2,2) 3호선 승강장 9번칸에 위치한 환승 대합실로 이동 후  환승게이트 통과
01,수도권,S1,3,3호선,0365,신사,3,환승,1,3,3) 신분당선 논현방면 엘리베이터 탑승  
01,수도권,S1,3,3호선,0365,신사,3,환승,1,4,4) (B4) 신분당선 논현 방면 승강장으로 이동
01,수도권,S1,3,3호선,0365,신사,3,환승,1,5,5) 승차 (휠체어칸)
01,수도권,S1,3,3호선,0365,신사,3,환승,2,1,1) (B2) 3호선 잠원 방면 승강장 하차
01,수도권,S1,3,3호선,0365,신사,3,환승,2,2,2) 3호선 승강장 2번칸에 위치한 환승 대합실로 이동 후 환승 게이트 통과 
01,수도권,S1,3,3호선,0365,신사,3,환승,2,3,3) 신분당선 논현방면 엘리베이터 탑승 
01,수도권,S1,3,3호선,0365,신사,3,환승,2,4,4) (B4) 신분당선 논현 방면 승강장으로 이동
01,수도권,S1,3,3호선,0365,신사,3,환승,2,5,5) 승차 (휠체어칸)
01,수도권,S1,3,3호선,0500,잠원,1,출입구-승강장,1,1,1) (1F) 1번 출입구 옆 엘리베이터 탑승
01,수도권,S1,3,3호선,0500,잠원,1,출입구-승강장,1,2,2) (B1) 대합실로 이동
01,수도권,S1,3,3호선,0500,잠원,1,출입구-승강장,1,3,3) 표 내는 곳 통과
01,수도권,S1,3,3호선,0500,잠원,1,출입구-승강장,1,4,4) 신사 방면 엘리베이터 탑승
01,수도권,S1,3,3호선,0500,잠원,1,출입구-승강장,1,5,5) (B2) 신사 방면 승강장으로 이동
01,수도권,S1,3,3호선,0500,잠원,1,출입구-승강장,1,6,6) 승차 (휠체어칸)
01,수도권,S1,3,3호선,0500,잠원,1,출입구-승강장,2,1,1) (1F) 1번 출입구 옆 엘리베이터 탑승
01,수도권,S1,3,3호선,0500,잠원,1,출입구-승강장,2,2,2) (B1) 대합실로 이동
01,수도권,S1,3,3호선,0500,잠원,1,출입구-승강장,2,3,3) 표 내는 곳 통과
01,수도권,S1,3,3호선,0500,잠원,1,출입구-승강장,2,4,4) 고속터미널 방면 엘리베이터 탑승
01,수도권,S1,3,3호선,0500,잠원,1,출입구-승강장,2,5,5) (B2) 고속터미널 방면 승강장으로 이동
01,수도권,S1,3,3호선,0500,잠원,1,출입구-승강장,2,6,6) 승차 (휠체어칸)
01,수도권,S1,3,3호선,0048,고속터미널,1,출입구-승강장,1,1,1) 1번 출입구 지상1층 엘리베이터 탑승
01,수도권,S1,3,3호선,0048,고속터미널,1,출입구-승강장,1,2,2) 대합실(B2)로 이동 후 게이트 통과
01,수도권,S1,3,3호선,0048,고속터미널,1,출입구-승강장,1,3,3) 환승게이트 통과
01,수도권,S1,3,3호선,0048,고속터미널,1,출입구-승강장,1,4,4) 오른쪽 무빙워크통로 이용 후 왼쪽으로 유턴
01,수도권,S1,3,3호선,0048,고속터미널,1,출입구-승강장,1,5,5) 잠원방면 엘리베이터 탑승
01,수도권,S1,3,3호선,0048,고속터미널,1,출입구-승강장,1,6,6) 잠원방면 승강장(B3)으로 이동
01,수도권,S1,3,3호선,0048,고속터미널,1,출입구-승강장,1,7,7) 승차(휠체어칸)
01,수도권,S1,3,3호선,0048,고속터미널,1,출입구-승강장,2,1,1) 1번 출입구 지상1층 엘리베이터 탑승
01,수도권,S1,3,3호선,0048,고속터미널,1,출입구-승강장,2,2,2) 대합실(B2)로 이동 후 게이트 통과
01,수도권,S1,3,3호선,0048,고속터미널,1,출입구-승강장,2,3,3) 환승게이트 통과
01,수도권,S1,3,3호선,0048,고속터미널,1,출입구-승강장,2,4,4) 오른쪽 무빙워크통로 이용 후 왼쪽으로 유턴
01,수도권,S1,3,3호선,0048,고속터미널,1,출입구-승강장,2,5,5) 교대방면 엘리베이터 탑승
01,수도권,S1,3,3호선,0048,고속터미널,1,출입구-승강장,2,6,6) 교대방면 승강장(B3)으로 이동
01,수도권,S1,3,3호선,0048,고속터미널,1,출입구-승강장,2,7,7) 승차(휠체어칸)
01,수도권,S1,3,3호선,0048,고속터미널,3,환승,1,1,1) (B3) 3호선 잠원 방면 승강장 하차
01,수도권,S1,3,3호선,0048,고속터미널,3,환승,1,2,2) 대합실 방향 엘리베이터 탑승
01,수도권,S1,3,3호선,0048,고속터미널,3,환승,1,3,3) (B2) 대합실로 이동
01,수도권,S1,3,3호선,0048,고속터미널,3,환승,1,4,4) 7호선 환승통로 휠체어리프트 탑승
01,수도권,S1,3,3호선,0048,고속터미널,3,환승,1,5,5) 7호선 대합실로  이동
01,수도권,S1,3,3호선,0048,고속터미널,3,환승,1,6,6) 7호선 반포 방면 엘리베이터 탑승
01,수도권,S1,3,3호선,0048,고속터미널,3,환승,1,7,7) (B3) 7호선 반포 방면 승강장으로 이동
01,수도권,S1,3,3호선,0048,고속터미널,3,환승,1,8,8) 승차 (휠체어칸)
01,수도권,S1,3,3호선,0048,고속터미널,3,환승,2,1,1) (B3) 3호선 잠원 방면 승강장 하차
01,수도권,S1,3,3호선,0048,고속터미널,3,환승,2,2,2) 대합실 방향 엘리베이터 탑승
01,수도권,S1,3,3호선,0048,고속터미널,3,환승,2,3,3) (B2) 대합실로 이동
01,수도권,S1,3,3호선,0048,고속터미널,3,환승,2,4,4) 7호선 환승통로 휠체어리프트 탑승
01,수도권,S1,3,3호선,0048,고속터미널,3,환승,2,5,5) 7호선 대합실로  이동
01,수도권,S1,3,3호선,0048,고속터미널,3,환승,2,6,6) 7호선 내방 방면 엘리베이터 탑승
01,수도권,S1,3,3호선,0048,고속터미널,3,환승,2,7,7) (B3) 7호선 내방 방면 승강장으로 이동
01,수도권,S1,3,3호선,0048,고속터미널,3,환승,2,8,8) 승차 (휠체어칸)
01,수도권,S1,3,3호선,0048,고속터미널,3,환승,3,1,1) (B3) 3호선 교대 방면 승강장 하차
01,수도권,S1,3,3호선,0048,고속터미널,3,환승,3,2,2) 대합실 방향 엘리베이터 탑승
01,수도권,S1,3,3호선,0048,고속터미널,3,환승,3,3,3) (B2) 대합실로 이동
01,수도권,S1,3,3호선,0048,고속터미널,3,환승,3,4,4) 7호선 환승통로 휠체어리프트 탑승
01,수도권,S1,3,3호선,0048,고속터미널,3,환승,3,5,5) 7호선 대합실로  이동
01,수도권,S1,3,3호선,0048,고속터미널,3,환승,3,6,6) 7호선 반포 방면 엘리베이터 탑승
01,수도권,S1,3,3호선,0048,고속터미널,3,환승,3,7,7) (B3) 7호선 반포 방면 승강장으로 이동
01,수도권,S1,3,3호선,0048,고속터미널,3,환승,3,8,8) 승차 (휠체어칸)
01,수도권,S1,3,3호선,0048,고속터미널,3,환승,4,1,1) (B3) 3호선 교대 방면 승강장 하차
01,수도권,S1,3,3호선,0048,고속터미널,3,환승,4,2,2) 대합실 방향 엘리베이터 탑승
01,수도권,S1,3,3호선,0048,고속터미널,3,환승,4,3,3) (B2) 대합실로 이동
01,수도권,S1,3,3호선,0048,고속터미널,3,환승,4,4,4) 7호선 환승통로 휠체어리프트 탑승
01,수도권,S1,3,3호선,0048,고속터미널,3,환승,4,5,5) 7호선 대합실로  이동
01,수도권,S1,3,3호선,0048,고속터미널,3,환승,4,6,6) 7호선 내방 방면 엘리베이터 탑승
01,수도권,S1,3,3호선,0048,고속터미널,3,환승,4,7,7) (B3) 7호선 내방 방면 승강장으로 이동
01,수도권,S1,3,3호선,0048,고속터미널,3,환승,4,8,8) 승차 (휠체어칸)
01,수도권,S1,3,3호선,0048,고속터미널,3,환승,5,1,1) (B3) 3호선 잠원 방면 승강장 하차
01,수도권,S1,3,3호선,0048,고속터미널,3,환승,5,2,2) 대합실 방향 엘리베이터 탑승
01,수도권,S1,3,3호선,0048,고속터미널,3,환승,5,3,3) (B2) 대합실로 이동
01,수도권,S1,3,3호선,0048,고속터미널,3,환승,5,4,4) 9호선 사평 방면 환승 엘리베이터 탑승
01,수도권,S1,3,3호선,0048,고속터미널,3,환승,5,5,5) (B5) 9호선 사평 방면 승강장으로 이동
01,수도권,S1,3,3호선,0048,고속터미널,3,환승,5,6,6) 승차 (휠체어칸)
01,수도권,S1,3,3호선,0048,고속터미널,3,환승,6,1,1) (B3) 3호선 잠원 방면 승강장 하차
01,수도권,S1,3,3호선,0048,고속터미널,3,환승,6,2,2) 대합실 방향 엘리베이터 탑승
01,수도권,S1,3,3호선,0048,고속터미널,3,환승,6,3,3) (B2) 대합실로 이동
01,수도권,S1,3,3호선,0048,고속터미널,3,환승,6,4,4) 9호선  환승 엘리베이터 탑승
01,수도권,S1,3,3호선,0048,고속터미널,3,환승,6,5,5) (B4) 대합실로 이동
01,수도권,S1,3,3호선,0048,고속터미널,3,환승,6,6,6) 9호선  신반포 방면 엘리베이터 탑승
01,수도권,S1,3,3호선,0048,고속터미널,3,환승,6,7,7) (B5) 9호선 신반포 방면 승강장으로 이동
01,수도권,S1,3,3호선,0048,고속터미널,3,환승,6,8,8) 승차 (휠체어칸)
01,수도권,S1,3,3호선,0048,고속터미널,3,환승,7,1,1) (B3) 3호선 교대 방면 승강장 하차
01,수도권,S1,3,3호선,0048,고속터미널,3,환승,7,2,2) 대합실 방향 엘리베이터 탑승
01,수도권,S1,3,3호선,0048,고속터미널,3,환승,7,3,3) (B2) 대합실로 이동
01,수도권,S1,3,3호선,0048,고속터미널,3,환승,7,4,4) 9호선 사평 방면 환승 엘리베이터 탑승
01,수도권,S1,3,3호선,0048,고속터미널,3,환승,7,5,5) (B5) 9호선 사평 방면 승강장으로 이동
01,수도권,S1,3,3호선,0048,고속터미널,3,환승,7,6,6) 승차 (휠체어칸)
01,수도권,S1,3,3호선,0048,고속터미널,3,환승,8,1,1) (B3) 3호선 교대 방면 승강장 하차
01,수도권,S1,3,3호선,0048,고속터미널,3,환승,8,2,2) 대합실 방향 엘리베이터 탑승
01,수도권,S1,3,3호선,0048,고속터미널,3,환승,8,3,3) (B2) 대합실로 이동
01,수도권,S1,3,3호선,0048,고속터미널,3,환승,8,4,4) 9호선  환승 엘리베이터 탑승
01,수도권,S1,3,3호선,0048,고속터미널,3,환승,8,5,5) (B4) 대합실로 이동
01,수도권,S1,3,3호선,0048,고속터미널,3,환승,8,6,6) 9호선  신반포 방면 엘리베이터 탑승
01,수도권,S1,3,3호선,0048,고속터미널,3,환승,8,7,7) (B5) 9호선 신반포 방면 승강장으로 이동
01,수도권,S1,3,3호선,0048,고속터미널,3,환승,8,8,8) 승차 (휠체어칸)
01,수도권,S1,3,3호선,0068,교대,1,출입구-승강장,1,1,1) (1F) 12번 출입구 옆 엘리베이터 탑승
01,수도권,S1,3,3호선,0068,교대,1,출입구-승강장,1,2,2) (B1) 2호선 대합실로 이동
01,수도권,S1,3,3호선,0068,교대,1,출입구-승강장,1,3,3) 3호선 대합실 방향 휠체어리프트 탑승
01,수도권,S1,3,3호선,0068,교대,1,출입구-승강장,1,4,4) 3호선 대합실로 이동
01,수도권,S1,3,3호선,0068,교대,1,출입구-승강장,1,5,5) 표 내는 곳 통과
01,수도권,S1,3,3호선,0068,교대,1,출입구-승강장,1,6,6) 승강장 방향 엘리베이터 탑승
01,수도권,S1,3,3호선,0068,교대,1,출입구-승강장,1,7,7) (B3) 고속터미널 방면 승강장으로 이동
01,수도권,S1,3,3호선,0068,교대,1,출입구-승강장,1,8,8) 승차 (휠체어칸)
01,수도권,S1,3,3호선,0068,교대,1,출입구-승강장,2,1,1) (1F) 12번 출입구 옆 엘리베이터 탑승
01,수도권,S1,3,3호선,0068,교대,1,출입구-승강장,2,2,2) (B1) 2호선 대합실로 이동
01,수도권,S1,3,3호선,0068,교대,1,출입구-승강장,2,3,3) 3호선 대합실 방향 휠체어리프트 탑승
01,수도권,S1,3,3호선,0068,교대,1,출입구-승강장,2,4,4) 3호선 대합실로 이동
01,수도권,S1,3,3호선,0068,교대,1,출입구-승강장,2,5,5) 표 내는 곳 통과
01,수도권,S1,3,3호선,0068,교대,1,출입구-승강장,2,6,6) 승강장 방향 엘리베이터 탑승
01,수도권,S1,3,3호선,0068,교대,1,출입구-승강장,2,7,7) (B3) 남부터미널 방면 승강장으로 이동
01,수도권,S1,3,3호선,0068,교대,1,출입구-승강장,2,8,8) 승차 (휠체어칸)
01,수도권,S1,3,3호선,0068,교대,1,출입구-승강장,3,1,1) (1F) 13번 출입구 옆 엘리베이터 탑승
01,수도권,S1,3,3호선,0068,교대,1,출입구-승강장,3,2,2) (B1) 3호선 대합실로 이동
01,수도권,S1,3,3호선,0068,교대,1,출입구-승강장,3,3,3) 표 내는 곳 통과
01,수도권,S1,3,3호선,0068,교대,1,출입구-승강장,3,4,4) 승강장 방향 엘리베이터 탑승
01,수도권,S1,3,3호선,0068,교대,1,출입구-승강장,3,5,5) (B3) 고속터미널 방면 승강장으로 이동
01,수도권,S1,3,3호선,0068,교대,1,출입구-승강장,3,6,6) 승차 (휠체어칸)
01,수도권,S1,3,3호선,0068,교대,1,출입구-승강장,4,1,1) (1F) 13번 출입구 옆 엘리베이터 탑승
01,수도권,S1,3,3호선,0068,교대,1,출입구-승강장,4,2,2) (B1) 3호선 대합실로 이동
01,수도권,S1,3,3호선,0068,교대,1,출입구-승강장,4,3,3) 표 내는 곳 통과
01,수도권,S1,3,3호선,0068,교대,1,출입구-승강장,4,4,4) 승강장 방향 엘리베이터 탑승
01,수도권,S1,3,3호선,0068,교대,1,출입구-승강장,4,5,5) (B3) 남부터미널 방면 승강장으로 이동
01,수도권,S1,3,3호선,0068,교대,1,출입구-승강장,4,6,6) 승차 (휠체어칸)
01,수도권,S1,3,3호선,0068,교대,3,환승,1,1,1) (B3) 3호선 고속터미널 방면 승강장 하차
01,수도권,S1,3,3호선,0068,교대,3,환승,1,2,2) 대합실 방향 엘리베이터 탑승
01,수도권,S1,3,3호선,0068,교대,3,환승,1,3,3) (B1) 대합실로 이동
01,수도권,S1,3,3호선,0068,교대,3,환승,1,4,4) 표 내는 곳 통과
01,수도권,S1,3,3호선,0068,교대,3,환승,1,5,5) (B1) 13번 출구로 이동
01,수도권,S1,3,3호선,0068,교대,3,환승,1,6,6) 13번 출입구 옆 엘리베이터 탑승 후 지상으로 이동
01,수도권,S1,3,3호선,0068,교대,3,환승,1,7,7) (1F) 12번 출입구 옆 엘리베이터 탑승
01,수도권,S1,3,3호선,0068,교대,3,환승,1,8,8) (B1) 대합실로 이동
01,수도권,S1,3,3호선,0068,교대,3,환승,1,9,9) 강남 방면 엘리베이터 앞 표 내는 곳 통과
01,수도권,S1,3,3호선,0068,교대,3,환승,1,10,10) 강남 방면 엘리베이터 탑승
01,수도권,S1,3,3호선,0068,교대,3,환승,1,11,11) (B2) 강남 방면 승강장으로 이동
01,수도권,S1,3,3호선,0068,교대,3,환승,1,12,12) 승차 (휠체어칸)
01,수도권,S1,3,3호선,0068,교대,3,환승,2,1,1) (B3) 3호선 고속터미널 방면 승강장 하차
01,수도권,S1,3,3호선,0068,교대,3,환승,2,2,2) 대합실 방향 엘리베이터 탑승
01,수도권,S1,3,3호선,0068,교대,3,환승,2,3,3) (B1) 대합실로 이동
01,수도권,S1,3,3호선,0068,교대,3,환승,2,4,4) 표 내는 곳 통과탑승
01,수도권,S1,3,3호선,0068,교대,3,환승,2,5,5) (B1) 13번 출구로 이동
01,수도권,S1,3,3호선,0068,교대,3,환승,2,6,6) 13번 출입구 옆 엘리베이터 탑승 후 지상으로 이동
01,수도권,S1,3,3호선,0068,교대,3,환승,2,7,7) (1F) 12번 출입구 옆 엘리베이터 탑승
01,수도권,S1,3,3호선,0068,교대,3,환승,2,8,8) (B1) 대합실로 이동
01,수도권,S1,3,3호선,0068,교대,3,환승,2,9,9) 서초 방면 엘리베이터 앞 표 내는 곳 통과
01,수도권,S1,3,3호선,0068,교대,3,환승,2,10,10) 서초 방면 엘리베이터 탑승
01,수도권,S1,3,3호선,0068,교대,3,환승,2,11,11) (B2) 서초 방면 승강장으로 이동
01,수도권,S1,3,3호선,0068,교대,3,환승,2,12,12) 승차 (휠체어칸)
01,수도권,S1,3,3호선,0068,교대,3,환승,3,1,1) (B3) 3호선 남부터미널 방면 승강장 하차
01,수도권,S1,3,3호선,0068,교대,3,환승,3,2,2) 대합실 방향 엘리베이터 탑승
01,수도권,S1,3,3호선,0068,교대,3,환승,3,3,3) (B1) 대합실로 이동
01,수도권,S1,3,3호선,0068,교대,3,환승,3,4,4) 표 내는 곳 통과탑승
01,수도권,S1,3,3호선,0068,교대,3,환승,3,5,5) (B1) 13번 출구로 이동
01,수도권,S1,3,3호선,0068,교대,3,환승,3,6,6) 13번 출입구 옆 엘리베이터 탑승 후 지상으로 이동
01,수도권,S1,3,3호선,0068,교대,3,환승,3,7,7) (1F) 12번 출입구 옆 엘리베이터 탑승
01,수도권,S1,3,3호선,0068,교대,3,환승,3,8,8) (B1) 대합실로 이동
01,수도권,S1,3,3호선,0068,교대,3,환승,3,9,9) 강남 방면 엘리베이터 앞 표 내는 곳 통과
01,수도권,S1,3,3호선,0068,교대,3,환승,3,10,10) 강남 방면 엘리베이터 탑승
01,수도권,S1,3,3호선,0068,교대,3,환승,3,11,11) (B2) 강남 방면 승강장으로 이동
01,수도권,S1,3,3호선,0068,교대,3,환승,3,12,12) 승차 (휠체어칸)
01,수도권,S1,3,3호선,0068,교대,3,환승,4,1,1) (B3) 3호선 남부터미널 방면 승강장 하차
01,수도권,S1,3,3호선,0068,교대,3,환승,4,2,2) 대합실 방향 엘리베이터 탑승
01,수도권,S1,3,3호선,0068,교대,3,환승,4,3,3) (B1) 대합실로 이동
01,수도권,S1,3,3호선,0068,교대,3,환승,4,4,4) 표 내는 곳 통과탑승
01,수도권,S1,3,3호선,0068,교대,3,환승,4,5,5) (B1) 13번 출구로 이동
01,수도권,S1,3,3호선,0068,교대,3,환승,4,6,6) 13번 출입구 옆 엘리베이터 탑승 후 지상으로 이동
01,수도권,S1,3,3호선,0068,교대,3,환승,4,7,7) (1F) 12번 출입구 옆 엘리베이터 탑승
01,수도권,S1,3,3호선,0068,교대,3,환승,4,8,8) (B1) 대합실로 이동
01,수도권,S1,3,3호선,0068,교대,3,환승,4,9,9) 서초 방면 엘리베이터 앞 표 내는 곳 통과
01,수도권,S1,3,3호선,0068,교대,3,환승,4,10,10) 서초 방면 엘리베이터 탑승
01,수도권,S1,3,3호선,0068,교대,3,환승,4,11,11) (B2) 서초 방면 승강장으로 이동
01,수도권,S1,3,3호선,0068,교대,3,환승,4,12,12) 승차 (휠체어칸)
01,수도권,S1,3,3호선,0106,남부터미널,1,출입구-승강장,1,1,1) (1F) 5번 출입구 옆 엘리베이터 탑승
01,수도권,S1,3,3호선,0106,남부터미널,1,출입구-승강장,1,2,2) (B2) 대합실로 이동
01,수도권,S1,3,3호선,0106,남부터미널,1,출입구-승강장,1,3,3) 표 내는 곳 통과
01,수도권,S1,3,3호선,0106,남부터미널,1,출입구-승강장,1,4,4) 교대 방면 엘리베이터 탑승
01,수도권,S1,3,3호선,0106,남부터미널,1,출입구-승강장,1,5,5) (B3) 교대 방면 승강장으로 이동
01,수도권,S1,3,3호선,0106,남부터미널,1,출입구-승강장,1,6,6) 승차 (휠체어칸)
01,수도권,S1,3,3호선,0106,남부터미널,1,출입구-승강장,2,1,1) (1F) 5번 출입구 옆 엘리베이터 탑승
01,수도권,S1,3,3호선,0106,남부터미널,1,출입구-승강장,2,2,2) (B2) 대합실로 이동
01,수도권,S1,3,3호선,0106,남부터미널,1,출입구-승강장,2,3,3) 표 내는 곳 통과
01,수도권,S1,3,3호선,0106,남부터미널,1,출입구-승강장,2,4,4) 양재 방면 엘리베이터 탑승
01,수도권,S1,3,3호선,0106,남부터미널,1,출입구-승강장,2,5,5) (B3) 양재 방면 승강장으로 이동
01,수도권,S1,3,3호선,0106,남부터미널,1,출입구-승강장,2,6,6) 승차 (휠체어칸)
01,수도권,S1,3,3호선,0400,양재,1,출입구-승강장,1,1,1) (1F) 4번 출입구 옆 엘리베이터 탑승
01,수도권,S1,3,3호선,0400,양재,1,출입구-승강장,1,2,2) (B1) 대합실로 이동
01,수도권,S1,3,3호선,0400,양재,1,출입구-승강장,1,3,3) 표 내는 곳 통과
01,수도권,S1,3,3호선,0400,양재,1,출입구-승강장,1,4,4) 남부터미널 방면 엘리베이터 탑승
01,수도권,S1,3,3호선,0400,양재,1,출입구-승강장,1,5,5) (B2) 남부터미널 방면 승강장으로 이동
01,수도권,S1,3,3호선,0400,양재,1,출입구-승강장,1,6,6) 승차 (휠체어칸)
01,수도권,S1,3,3호선,0400,양재,1,출입구-승강장,2,1,1) (1F) 4번 출입구 옆 엘리베이터 탑승
01,수도권,S1,3,3호선,0400,양재,1,출입구-승강장,2,2,2) (B1) 대합실로 이동
01,수도권,S1,3,3호선,0400,양재,1,출입구-승강장,2,3,3) 표 내는 곳 통과
01,수도권,S1,3,3호선,0400,양재,1,출입구-승강장,2,4,4) 매봉 방면 엘리베이터 탑승
01,수도권,S1,3,3호선,0400,양재,1,출입구-승강장,2,5,5) (B2) 매봉 방면 승강장으로 이동
01,수도권,S1,3,3호선,0400,양재,1,출입구-승강장,2,6,6) 승차 (휠체어칸)
01,수도권,S1,3,3호선,0400,양재,1,출입구-승강장,3,1,1) (1F) 7번 출입구 옆 엘리베이터 탑승
01,수도권,S1,3,3호선,0400,양재,1,출입구-승강장,3,2,2) (B1) 대합실로 이동
01,수도권,S1,3,3호선,0400,양재,1,출입구-승강장,3,3,3) 표 내는 곳 통과
01,수도권,S1,3,3호선,0400,양재,1,출입구-승강장,3,4,4) 남부터미널 방면 엘리베이터 탑승
01,수도권,S1,3,3호선,0400,양재,1,출입구-승강장,3,5,5) (B2) 남부터미널 방면 승강장으로 이동
01,수도권,S1,3,3호선,0400,양재,1,출입구-승강장,3,6,6) 승차 (휠체어칸)
01,수도권,S1,3,3호선,0400,양재,1,출입구-승강장,4,1,1) (1F) 7번 출입구 옆 엘리베이터 탑승
01,수도권,S1,3,3호선,0400,양재,1,출입구-승강장,4,2,2) (B1) 대합실로 이동
01,수도권,S1,3,3호선,0400,양재,1,출입구-승강장,4,3,3) 표 내는 곳 통과
01,수도권,S1,3,3호선,0400,양재,1,출입구-승강장,4,4,4) 매봉 방면 엘리베이터 탑승
01,수도권,S1,3,3호선,0400,양재,1,출입구-승강장,4,5,5) (B2) 매봉 방면 승강장으로 이동
01,수도권,S1,3,3호선,0400,양재,1,출입구-승강장,4,6,6) 승차 (휠체어칸)
01,수도권,S1,3,3호선,0400,양재,1,출입구-승강장,5,1,1) (1F) 10번 출입구 옆 엘리베이터 탑승
01,수도권,S1,3,3호선,0400,양재,1,출입구-승강장,5,2,2) (B1) 대합실로 이동
01,수도권,S1,3,3호선,0400,양재,1,출입구-승강장,5,3,3) 표 내는 곳 통과
01,수도권,S1,3,3호선,0400,양재,1,출입구-승강장,5,4,4) 남부터미널 방면 엘리베이터 탑승
01,수도권,S1,3,3호선,0400,양재,1,출입구-승강장,5,5,5) (B2) 남부터미널 방면 승강장으로 이동
01,수도권,S1,3,3호선,0400,양재,1,출입구-승강장,5,6,6) 승차 (휠체어칸)
01,수도권,S1,3,3호선,0400,양재,1,출입구-승강장,6,1,1) (1F) 10번 출입구 옆 엘리베이터 탑승
01,수도권,S1,3,3호선,0400,양재,1,출입구-승강장,6,2,2) (B1) 대합실로 이동
01,수도권,S1,3,3호선,0400,양재,1,출입구-승강장,6,3,3) 표 내는 곳 통과
01,수도권,S1,3,3호선,0400,양재,1,출입구-승강장,6,4,4) 매봉 방면 엘리베이터 탑승
01,수도권,S1,3,3호선,0400,양재,1,출입구-승강장,6,5,5) (B2) 매봉 방면 승강장으로 이동
01,수도권,S1,3,3호선,0400,양재,1,출입구-승강장,6,6,6) 승차 (휠체어칸)
01,수도권,S1,3,3호선,0400,양재,1,출입구-승강장,7,1,1) (1F) 11번 출입구 옆 엘리베이터 탑승
01,수도권,S1,3,3호선,0400,양재,1,출입구-승강장,7,2,2) (B1) 대합실로 이동
01,수도권,S1,3,3호선,0400,양재,1,출입구-승강장,7,3,3) 표 내는 곳 통과
01,수도권,S1,3,3호선,0400,양재,1,출입구-승강장,7,4,4) 남부터미널 방면 엘리베이터 탑승
01,수도권,S1,3,3호선,0400,양재,1,출입구-승강장,7,5,5) (B2) 남부터미널 방면 승강장으로 이동
01,수도권,S1,3,3호선,0400,양재,1,출입구-승강장,7,6,6) 승차 (휠체어칸)
01,수도권,S1,3,3호선,0400,양재,1,출입구-승강장,8,1,1) (1F) 11번 출입구 옆 엘리베이터 탑승
01,수도권,S1,3,3호선,0400,양재,1,출입구-승강장,8,2,2) (B1) 대합실로 이동
01,수도권,S1,3,3호선,0400,양재,1,출입구-승강장,8,3,3) 표 내는 곳 통과
01,수도권,S1,3,3호선,0400,양재,1,출입구-승강장,8,4,4) 매봉 방면 엘리베이터 탑승
01,수도권,S1,3,3호선,0400,양재,1,출입구-승강장,8,5,5) (B2) 매봉 방면 승강장으로 이동
01,수도권,S1,3,3호선,0400,양재,1,출입구-승강장,8,6,6) 승차 (휠체어칸)
01,수도권,S1,3,3호선,0400,양재,1,출입구-승강장,9,1,1) (1F) 1번 출입구 옆 엘리베이터 탑승
01,수도권,S1,3,3호선,0400,양재,1,출입구-승강장,9,2,2) (B1) 대합실로 이동
01,수도권,S1,3,3호선,0400,양재,1,출입구-승강장,9,3,3) 표 내는 곳 통과
01,수도권,S1,3,3호선,0400,양재,1,출입구-승강장,9,4,4) 남부터미널 방면 엘리베이터 탑승
01,수도권,S1,3,3호선,0400,양재,1,출입구-승강장,9,5,5) (B2) 남부터미널 방면 승강장으로 이동
01,수도권,S1,3,3호선,0400,양재,1,출입구-승강장,9,6,6) 승차 (휠체어칸)
01,수도권,S1,3,3호선,0400,양재,1,출입구-승강장,10,1,1) (1F) 1번 출입구 옆 엘리베이터 탑승
01,수도권,S1,3,3호선,0400,양재,1,출입구-승강장,10,2,2) (B1) 대합실로 이동
01,수도권,S1,3,3호선,0400,양재,1,출입구-승강장,10,3,3) 표 내는 곳 통과
01,수도권,S1,3,3호선,0400,양재,1,출입구-승강장,10,4,4) 매봉 방면 엘리베이터 탑승
01,수도권,S1,3,3호선,0400,양재,1,출입구-승강장,10,5,5) (B2) 매봉 방면 승강장으로 이동
01,수도권,S1,3,3호선,0400,양재,1,출입구-승강장,10,6,6) 승차 (휠체어칸)
01,수도권,S1,3,3호선,0400,양재,3,환승,1,1,1) (B2) 3호선 남부터미널 방면 승강장 하차
01,수도권,S1,3,3호선,0400,양재,3,환승,1,2,2) 신분당선 방향 환승 엘리베이터 탑승
01,수도권,S1,3,3호선,0400,양재,3,환승,1,3,3) (B3) 환승통로로 이동
01,수도권,S1,3,3호선,0400,양재,3,환승,1,4,4) 신분당선 대합실 표 내는 곳 통과
01,수도권,S1,3,3호선,0400,양재,3,환승,1,5,5) 강남 방면 엘리베이터 탑승
01,수도권,S1,3,3호선,0400,양재,3,환승,1,6,6) (B4) 신분당선 강남 방면 승강장으로 이동
01,수도권,S1,3,3호선,0400,양재,3,환승,1,7,7) 승차 (휠체어칸)
01,수도권,S1,3,3호선,0400,양재,3,환승,2,1,1) (B2) 3호선 남부터미널 방면 승강장 하차
01,수도권,S1,3,3호선,0400,양재,3,환승,2,2,2) 신분당선 방향 환승 엘리베이터 탑승
01,수도권,S1,3,3호선,0400,양재,3,환승,2,3,3) (B3) 환승통로로 이동
01,수도권,S1,3,3호선,0400,양재,3,환승,2,4,4) 신분당선 대합실 표 내는 곳 통과
01,수도권,S1,3,3호선,0400,양재,3,환승,2,5,5) 양재시민의숲 방면 엘리베이터 탑승
01,수도권,S1,3,3호선,0400,양재,3,환승,2,6,6) (B4) 신분당선 양재시민의숲 방면 승강장으로 이동
01,수도권,S1,3,3호선,0400,양재,3,환승,2,7,7) 승차 (휠체어칸)
01,수도권,S1,3,3호선,0400,양재,3,환승,3,1,1) (B2) 3호선 매봉 방면 승강장 하차
01,수도권,S1,3,3호선,0400,양재,3,환승,3,2,2) 신분당선 방향 환승 엘리베이터 탑승
01,수도권,S1,3,3호선,0400,양재,3,환승,3,3,3) (B3) 환승통로로 이동
01,수도권,S1,3,3호선,0400,양재,3,환승,3,4,4) 신분당선 대합실 표 내는 곳 통과
01,수도권,S1,3,3호선,0400,양재,3,환승,3,5,5) 강남 방면 엘리베이터 탑승
01,수도권,S1,3,3호선,0400,양재,3,환승,3,6,6) (B4) 신분당선 강남 방면 승강장으로 이동
01,수도권,S1,3,3호선,0400,양재,3,환승,3,7,7) 승차 (휠체어칸)
01,수도권,S1,3,3호선,0400,양재,3,환승,4,1,1) (B2) 3호선 매봉 방면 승강장 하차
01,수도권,S1,3,3호선,0400,양재,3,환승,4,2,2) 신분당선 방향 환승 엘리베이터 탑승
01,수도권,S1,3,3호선,0400,양재,3,환승,4,3,3) (B3) 환승통로로 이동
01,수도권,S1,3,3호선,0400,양재,3,환승,4,4,4) 신분당선 대합실 표 내는 곳 통과
01,수도권,S1,3,3호선,0400,양재,3,환승,4,5,5) 양재시민의숲 방면 엘리베이터 탑승
01,수도권,S1,3,3호선,0400,양재,3,환승,4,6,6) (B4) 신분당선 양재시민의숲 방면 승강장으로 이동
01,수도권,S1,3,3호선,0400,양재,3,환승,4,7,7) 승차 (휠체어칸)
01,수도권,S1,3,3호선,0193,매봉,1,출입구-승강장,1,1,1) (1F) 1번 출입구 옆 엘리베이터 탑승
01,수도권,S1,3,3호선,0193,매봉,1,출입구-승강장,1,2,2) (B1) 대합실로 이동
01,수도권,S1,3,3호선,0193,매봉,1,출입구-승강장,1,3,3) 표 내는 곳 통과
01,수도권,S1,3,3호선,0193,매봉,1,출입구-승강장,1,4,4) 양재 방면 엘리베이터 탑승
01,수도권,S1,3,3호선,0193,매봉,1,출입구-승강장,1,5,5) (B2) 양재 방면 승강장으로 이동
01,수도권,S1,3,3호선,0193,매봉,1,출입구-승강장,1,6,6) 승차 (휠체어칸)
01,수도권,S1,3,3호선,0193,매봉,1,출입구-승강장,2,1,1) (1F) 1번 출입구 옆 엘리베이터 탑승
01,수도권,S1,3,3호선,0193,매봉,1,출입구-승강장,2,2,2) (B1) 대합실로 이동
01,수도권,S1,3,3호선,0193,매봉,1,출입구-승강장,2,3,3) 표 내는 곳 통과
01,수도권,S1,3,3호선,0193,매봉,1,출입구-승강장,2,4,4) 도곡 방면 엘리베이터 탑승
01,수도권,S1,3,3호선,0193,매봉,1,출입구-승강장,2,5,5) (B2) 도곡 방면 승강장으로 이동
01,수도권,S1,3,3호선,0193,매봉,1,출입구-승강장,2,6,6) 승차 (휠체어칸)
01,수도권,S1,3,3호선,0142,도곡,1,출입구-승강장,1,1,1) (1F) 3번 출입구 옆 엘리베이터 탑승
01,수도권,S1,3,3호선,0142,도곡,1,출입구-승강장,1,2,2) (B2) 대합실로 이동
01,수도권,S1,3,3호선,0142,도곡,1,출입구-승강장,1,3,3) 표 내는 곳 통과
01,수도권,S1,3,3호선,0142,도곡,1,출입구-승강장,1,4,4) 매봉 방면 엘리베이터 탑승
01,수도권,S1,3,3호선,0142,도곡,1,출입구-승강장,1,5,5) (B4) 환승통로로 이동
01,수도권,S1,3,3호선,0142,도곡,1,출입구-승강장,1,6,6) 매봉 방면 승강장으로 이동
01,수도권,S1,3,3호선,0142,도곡,1,출입구-승강장,1,7,7) 승차 (휠체어칸)
01,수도권,S1,3,3호선,0142,도곡,1,출입구-승강장,2,1,1) (1F) 3번 출입구 옆 엘리베이터 탑승
01,수도권,S1,3,3호선,0142,도곡,1,출입구-승강장,2,2,2) (B4) 대합실로 이동
01,수도권,S1,3,3호선,0142,도곡,1,출입구-승강장,2,3,3) 표 내는 곳 통과
01,수도권,S1,3,3호선,0142,도곡,1,출입구-승강장,2,4,4) 대치 방면 승강장으로 이동
01,수도권,S1,3,3호선,0142,도곡,1,출입구-승강장,2,5,5) 승차 (휠체어칸)
01,수도권,S1,3,3호선,0142,도곡,3,환승,1,1,1) (B4) 3호선 매봉 방면 승강장 하차
01,수도권,S1,3,3호선,0142,도곡,3,환승,1,2,2) 수인분당선 방향 환승 엘리베이터 탑승
01,수도권,S1,3,3호선,0142,도곡,3,환승,1,3,3) (B6) 수인분당선 한티 방면 승강장으로 이동
01,수도권,S1,3,3호선,0142,도곡,3,환승,1,4,4) 승차 (휠체어칸)
01,수도권,S1,3,3호선,0142,도곡,3,환승,2,1,1) (B4) 3호선 매봉 방면 승강장 하차
01,수도권,S1,3,3호선,0142,도곡,3,환승,2,2,2) 수인분당선 방향 환승 엘리베이터 탑승
01,수도권,S1,3,3호선,0142,도곡,3,환승,2,3,3) (B6) 수인분당선 구룡 방면 승강장으로 이동
01,수도권,S1,3,3호선,0142,도곡,3,환승,2,4,4) 승차 (휠체어칸)
01,수도권,S1,3,3호선,0142,도곡,3,환승,3,1,1) (B4) 3호선 대치 방면 승강장 하차
01,수도권,S1,3,3호선,0142,도곡,3,환승,3,2,2) 수인분당선 방향 환승 엘리베이터 탑승
01,수도권,S1,3,3호선,0142,도곡,3,환승,3,3,3) (B6) 수인분당선 한티 방면 승강장으로 이동
01,수도권,S1,3,3호선,0142,도곡,3,환승,3,4,4) 승차 (휠체어칸)
01,수도권,S1,3,3호선,0142,도곡,3,환승,4,1,1) (B4) 3호선 대치 방면 승강장 하차
01,수도권,S1,3,3호선,0142,도곡,3,환승,4,2,2) 수인분당선 방향 환승 엘리베이터 탑승
01,수도권,S1,3,3호선,0142,도곡,3,환승,4,3,3) (B6) 수인분당선 구룡 방면 승강장으로 이동
01,수도권,S1,3,3호선,0142,도곡,3,환승,4,4,4) 승차 (휠체어칸)
01,수도권,S1,3,3호선,0136,대치,1,출입구-승강장,1,1,1) (1F) 7번 출입구 옆 엘리베이터 탑승
01,수도권,S1,3,3호선,0136,대치,1,출입구-승강장,1,2,2) (B1) 대합실로 이동
01,수도권,S1,3,3호선,0136,대치,1,출입구-승강장,1,3,3) 표 내는 곳 통과
01,수도권,S1,3,3호선,0136,대치,1,출입구-승강장,1,4,4) 승강장 방향 엘리베이터 탑승
01,수도권,S1,3,3호선,0136,대치,1,출입구-승강장,1,5,5) (B3) 도곡 방면 승강장으로 이동
01,수도권,S1,3,3호선,0136,대치,1,출입구-승강장,1,6,6) 승차 (휠체어칸)
01,수도권,S1,3,3호선,0136,대치,1,출입구-승강장,2,1,1) (1F) 7번 출입구 옆 엘리베이터 탑승
01,수도권,S1,3,3호선,0136,대치,1,출입구-승강장,2,2,2) (B1) 대합실로 이동
01,수도권,S1,3,3호선,0136,대치,1,출입구-승강장,2,3,3) 표 내는 곳 통과
01,수도권,S1,3,3호선,0136,대치,1,출입구-승강장,2,4,4) 승강장 방향 엘리베이터 탑승
01,수도권,S1,3,3호선,0136,대치,1,출입구-승강장,2,5,5) (B3) 학여울 방면 승강장으로 이동
01,수도권,S1,3,3호선,0136,대치,1,출입구-승강장,2,6,6) 승차 (휠체어칸)
01,수도권,S1,3,3호선,0583,학여울,1,출입구-승강장,1,1,1) (1F) 1번 출입구 옆 엘리베이터 탑승
01,수도권,S1,3,3호선,0583,학여울,1,출입구-승강장,1,2,2) (B4) 대합실로 이동
01,수도권,S1,3,3호선,0583,학여울,1,출입구-승강장,1,3,3) 표 내는 곳 통과
01,수도권,S1,3,3호선,0583,학여울,1,출입구-승강장,1,4,4) 대치 방면 엘리베이터 탑승
01,수도권,S1,3,3호선,0583,학여울,1,출입구-승강장,1,5,5) (B5) 대치 방면 승강장으로 이동
01,수도권,S1,3,3호선,0583,학여울,1,출입구-승강장,1,6,6) 승차 (휠체어칸)
01,수도권,S1,3,3호선,0583,학여울,1,출입구-승강장,2,1,1) (1F) 1번 출입구 옆 엘리베이터 탑승
01,수도권,S1,3,3호선,0583,학여울,1,출입구-승강장,2,2,2) (B4) 대합실로 이동
01,수도권,S1,3,3호선,0583,학여울,1,출입구-승강장,2,3,3) 표 내는 곳 통과
01,수도권,S1,3,3호선,0583,학여울,1,출입구-승강장,2,4,4) 대청 방면 엘리베이터 탑승
01,수도권,S1,3,3호선,0583,학여울,1,출입구-승강장,2,5,5) (B5) 대청 방면 승강장으로 이동
01,수도권,S1,3,3호선,0583,학여울,1,출입구-승강장,2,6,6) 승차 (휠체어칸)
01,수도권,S1,3,3호선,0135,대청,1,출입구-승강장,1,1,1) (1F) 8번 출입구 옆 엘리베이터 탑승
01,수도권,S1,3,3호선,0135,대청,1,출입구-승강장,1,2,2) (B2) 대합실로 이동
01,수도권,S1,3,3호선,0135,대청,1,출입구-승강장,1,3,3) 학여울 방면 엘리베이터 앞 표 내는 곳 통과
01,수도권,S1,3,3호선,0135,대청,1,출입구-승강장,1,4,4) 학여울 방면 엘리베이터 탑승
01,수도권,S1,3,3호선,0135,대청,1,출입구-승강장,1,5,5) (B3) 학여울 방면 승강장으로 이동
01,수도권,S1,3,3호선,0135,대청,1,출입구-승강장,1,6,6) 승차 (휠체어칸)
01,수도권,S1,3,3호선,0135,대청,1,출입구-승강장,2,1,1) (1F) 8번 출입구 옆 엘리베이터 탑승
01,수도권,S1,3,3호선,0135,대청,1,출입구-승강장,2,2,2) (B2) 대합실로 이동
01,수도권,S1,3,3호선,0135,대청,1,출입구-승강장,2,3,3) 일원 방면 엘리베이터 앞 표 내는 곳 통과
01,수도권,S1,3,3호선,0135,대청,1,출입구-승강장,2,4,4) 일원 방면 엘리베이터 탑승
01,수도권,S1,3,3호선,0135,대청,1,출입구-승강장,2,5,5) (B3) 일원 방면 승강장으로 이동
01,수도권,S1,3,3호선,0135,대청,1,출입구-승강장,2,6,6) 승차 (휠체어칸)
01,수도권,S1,3,3호선,0494,일원,1,출입구-승강장,1,1,1) (1F) 1번 출입구 옆 엘리베이터 탑승
01,수도권,S1,3,3호선,0494,일원,1,출입구-승강장,1,2,2) (B2) 대합실로 이동
01,수도권,S1,3,3호선,0494,일원,1,출입구-승강장,1,3,3) 대청 방면 엘리베이터 앞 표 내는 곳 통과
01,수도권,S1,3,3호선,0494,일원,1,출입구-승강장,1,4,4) 대청 방면 엘리베이터 탑승
01,수도권,S1,3,3호선,0494,일원,1,출입구-승강장,1,5,5) (B3) 대청 방면 승강장으로 이동
01,수도권,S1,3,3호선,0494,일원,1,출입구-승강장,1,6,6) 승차 (휠체어칸)
01,수도권,S1,3,3호선,0494,일원,1,출입구-승강장,2,1,1) (1F) 1번 출입구 옆 엘리베이터 탑승
01,수도권,S1,3,3호선,0494,일원,1,출입구-승강장,2,2,2) (B2) 대합실로 이동
01,수도권,S1,3,3호선,0494,일원,1,출입구-승강장,2,3,3) 수서 방면 엘리베이터 앞 표 내는 곳 통과
01,수도권,S1,3,3호선,0494,일원,1,출입구-승강장,2,4,4) 수서 방면 엘리베이터 탑승
01,수도권,S1,3,3호선,0494,일원,1,출입구-승강장,2,5,5) (B3) 수서 방면 승강장으로 이동
01,수도권,S1,3,3호선,0494,일원,1,출입구-승강장,2,6,6) 승차 (휠체어칸)
01,수도권,S1,3,3호선,0337,수서,1,출입구-승강장,1,1,1) (1F) 1번 출입구 옆 엘리베이터 탑승
01,수도권,S1,3,3호선,0337,수서,1,출입구-승강장,1,2,2) (B1) 대합실로 이동
01,수도권,S1,3,3호선,0337,수서,1,출입구-승강장,1,3,3) 표 내는 곳 통과
01,수도권,S1,3,3호선,0337,수서,1,출입구-승강장,1,4,4) 일원 방면 엘리베이터 탑승
01,수도권,S1,3,3호선,0337,수서,1,출입구-승강장,1,5,5) (B2) 일원 방면 승강장으로 이동
01,수도권,S1,3,3호선,0337,수서,1,출입구-승강장,1,6,6) 승차 (휠체어칸)
01,수도권,S1,3,3호선,0337,수서,1,출입구-승강장,2,1,1) (1F) 1번 출입구 옆 엘리베이터 탑승
01,수도권,S1,3,3호선,0337,수서,1,출입구-승강장,2,2,2) (B1) 대합실로 이동
01,수도권,S1,3,3호선,0337,수서,1,출입구-승강장,2,3,3) 표 내는 곳 통과
01,수도권,S1,3,3호선,0337,수서,1,출입구-승강장,2,4,4) 가락시장 방면 엘리베이터 탑승
01,수도권,S1,3,3호선,0337,수서,1,출입구-승강장,2,5,5) (B2) 가락시장 방면 승강장으로 이동
01,수도권,S1,3,3호선,0337,수서,1,출입구-승강장,2,6,6) 승차 (휠체어칸)
01,수도권,S1,3,3호선,0337,수서,1,출입구-승강장,3,1,1) (1F) 5번 출입구 옆 엘리베이터 탑승
01,수도권,S1,3,3호선,0337,수서,1,출입구-승강장,3,2,2) (B1) 대합실로 이동
01,수도권,S1,3,3호선,0337,수서,1,출입구-승강장,3,3,3) 표 내는 곳 통과
01,수도권,S1,3,3호선,0337,수서,1,출입구-승강장,3,4,4) 일원 방면 엘리베이터 탑승
01,수도권,S1,3,3호선,0337,수서,1,출입구-승강장,3,5,5) (B2) 일원 방면 승강장으로 이동
01,수도권,S1,3,3호선,0337,수서,1,출입구-승강장,3,6,6) 승차 (휠체어칸)
01,수도권,S1,3,3호선,0337,수서,1,출입구-승강장,4,1,1) (1F) 5번 출입구 옆 엘리베이터 탑승
01,수도권,S1,3,3호선,0337,수서,1,출입구-승강장,4,2,2) (B1) 대합실로 이동
01,수도권,S1,3,3호선,0337,수서,1,출입구-승강장,4,3,3) 표 내는 곳 통과
01,수도권,S1,3,3호선,0337,수서,1,출입구-승강장,4,4,4) 가락시장 방면 엘리베이터 탑승
01,수도권,S1,3,3호선,0337,수서,1,출입구-승강장,4,5,5) (B2) 가락시장 방면 승강장으로 이동
01,수도권,S1,3,3호선,0337,수서,1,출입구-승강장,4,6,6) 승차 (휠체어칸)
01,수도권,S1,3,3호선,0337,수서,3,환승,1,1,1) (B2) 3호선 일원 방면 승강장 하차
01,수도권,S1,3,3호선,0337,수서,3,환승,1,2,2) 수인분당선 환승통로 방향 휠체어리프트 탑승
01,수도권,S1,3,3호선,0337,수서,3,환승,1,3,3) (B3) 환승통로로 이동
01,수도권,S1,3,3호선,0337,수서,3,환승,1,4,4) 대합실 방향 휠체어리프트 탑승
01,수도권,S1,3,3호선,0337,수서,3,환승,1,5,5) 수인분당선 대합실로 이동
01,수도권,S1,3,3호선,0337,수서,3,환승,1,6,6) 수인분당선 대모산입구 방면 엘리베이터 탑승
01,수도권,S1,3,3호선,0337,수서,3,환승,1,7,7) (B4) 수인분당선 대모산입구 방면 승강장으로 이동
01,수도권,S1,3,3호선,0337,수서,3,환승,1,8,8) 승차 (휠체어칸)
01,수도권,S1,3,3호선,0337,수서,3,환승,2,1,1) (B2) 3호선 일원 방면 승강장 하차
01,수도권,S1,3,3호선,0337,수서,3,환승,2,2,2) 수인분당선 환승통로 방향 휠체어리프트 탑승
01,수도권,S1,3,3호선,0337,수서,3,환승,2,3,3) (B3) 환승통로로 이동
01,수도권,S1,3,3호선,0337,수서,3,환승,2,4,4) 대합실 방향 휠체어리프트 탑승
01,수도권,S1,3,3호선,0337,수서,3,환승,2,5,5) 수인분당선 대합실로 이동
01,수도권,S1,3,3호선,0337,수서,3,환승,2,6,6) 수인분당선 복정 방면 엘리베이터 탑승
01,수도권,S1,3,3호선,0337,수서,3,환승,2,7,7) (B4) 수인분당선 복정 방면 승강장으로 이동
01,수도권,S1,3,3호선,0337,수서,3,환승,2,8,8) 승차 (휠체어칸)
01,수도권,S1,3,3호선,0337,수서,3,환승,3,1,1) (B2) 3호선 가락시장 방면 승강장 하차
01,수도권,S1,3,3호선,0337,수서,3,환승,3,2,2) 수인분당선 환승통로 방향 휠체어리프트 탑승
01,수도권,S1,3,3호선,0337,수서,3,환승,3,3,3) (B3) 환승통로로 이동
01,수도권,S1,3,3호선,0337,수서,3,환승,3,4,4) 대합실 방향 휠체어리프트 탑승
01,수도권,S1,3,3호선,0337,수서,3,환승,3,5,5) 수인분당선 대합실로 이동
01,수도권,S1,3,3호선,0337,수서,3,환승,3,6,6) 수인분당선 대모산입구 방면 엘리베이터 탑승
01,수도권,S1,3,3호선,0337,수서,3,환승,3,7,7) (B4) 수인분당선 대모산입구 방면 승강장으로 이동
01,수도권,S1,3,3호선,0337,수서,3,환승,3,8,8) 승차 (휠체어칸)
01,수도권,S1,3,3호선,0337,수서,3,환승,4,1,1) (B2) 3호선 가락시장 방면 승강장 하차
01,수도권,S1,3,3호선,0337,수서,3,환승,4,2,2) 수인분당선 환승통로 방향 휠체어리프트 탑승
01,수도권,S1,3,3호선,0337,수서,3,환승,4,3,3) (B3) 환승통로로 이동
01,수도권,S1,3,3호선,0337,수서,3,환승,4,4,4) 대합실 방향 휠체어리프트 탑승
01,수도권,S1,3,3호선,0337,수서,3,환승,4,5,5) 수인분당선 대합실로 이동
01,수도권,S1,3,3호선,0337,수서,3,환승,4,6,6) 수인분당선 복정 방면 엘리베이터 탑승
01,수도권,S1,3,3호선,0337,수서,3,환승,4,7,7) (B4) 수인분당선 복정 방면 승강장으로 이동
01,수도권,S1,3,3호선,0337,수서,3,환승,4,8,8) 승차 (휠체어칸)
01,수도권,S1,3,3호선,0003,가락시장,1,출입구-승강장,1,1,1) (1F) 1번 출입구 옆 엘리베이터 탑승
01,수도권,S1,3,3호선,0003,가락시장,1,출입구-승강장,1,2,2) (B2) 대합실로 이동
01,수도권,S1,3,3호선,0003,가락시장,1,출입구-승강장,1,3,3) 표 내는 곳 통과
01,수도권,S1,3,3호선,0003,가락시장,1,출입구-승강장,1,4,4) 수서 방면 엘리베이터 탑승
01,수도권,S1,3,3호선,0003,가락시장,1,출입구-승강장,1,5,5) (B4) 수서 방면 승강장으로 이동
01,수도권,S1,3,3호선,0003,가락시장,1,출입구-승강장,1,6,6) 승차 (휠체어칸)
01,수도권,S1,3,3호선,0003,가락시장,1,출입구-승강장,2,1,1) (1F) 1번 출입구 옆 엘리베이터 탑승
01,수도권,S1,3,3호선,0003,가락시장,1,출입구-승강장,2,2,2) (B2) 대합실로 이동
01,수도권,S1,3,3호선,0003,가락시장,1,출입구-승강장,2,3,3) 표 내는 곳 통과
01,수도권,S1,3,3호선,0003,가락시장,1,출입구-승강장,2,4,4) 경찰병원 방면 엘리베이터 탑승
01,수도권,S1,3,3호선,0003,가락시장,1,출입구-승강장,2,5,5) (B4) 경찰병원 방면 승강장으로 이동
01,수도권,S1,3,3호선,0003,가락시장,1,출입구-승강장,2,6,6) 승차 (휠체어칸)
01,수도권,S1,3,3호선,0003,가락시장,1,출입구-승강장,3,1,1) (1F) 4번 출입구 옆 엘리베이터 탑승
01,수도권,S1,3,3호선,0003,가락시장,1,출입구-승강장,3,2,2) (B1) 8호선 대합실로 이동
01,수도권,S1,3,3호선,0003,가락시장,1,출입구-승강장,3,3,3) 3호선 대합실 방향 엘리베이터 탑승
01,수도권,S1,3,3호선,0003,가락시장,1,출입구-승강장,3,4,4) (B2) 3호선 대합실 이동
01,수도권,S1,3,3호선,0003,가락시장,1,출입구-승강장,3,5,5) 표 내는 곳 통과
01,수도권,S1,3,3호선,0003,가락시장,1,출입구-승강장,3,6,6) 수서 방면 엘리베이터 탑승
01,수도권,S1,3,3호선,0003,가락시장,1,출입구-승강장,3,7,7) (B4) 수서 방면 승강장으로 이동
01,수도권,S1,3,3호선,0003,가락시장,1,출입구-승강장,3,8,8) 승차 (휠체어칸)
01,수도권,S1,3,3호선,0003,가락시장,1,출입구-승강장,4,1,1) (1F) 4번 출입구 옆 엘리베이터 탑승
01,수도권,S1,3,3호선,0003,가락시장,1,출입구-승강장,4,2,2) (B1) 8호선 대합실로 이동
01,수도권,S1,3,3호선,0003,가락시장,1,출입구-승강장,4,3,3) 3호선 대합실 방향 엘리베이터 탑승
01,수도권,S1,3,3호선,0003,가락시장,1,출입구-승강장,4,4,4) (B2) 3호선 대합실 이동
01,수도권,S1,3,3호선,0003,가락시장,1,출입구-승강장,4,5,5) 표 내는 곳 통과
01,수도권,S1,3,3호선,0003,가락시장,1,출입구-승강장,4,6,6) 경찰병원 방면 엘리베이터 탑승
01,수도권,S1,3,3호선,0003,가락시장,1,출입구-승강장,4,7,7) (B4) 경찰병원 방면 승강장으로 이동
01,수도권,S1,3,3호선,0003,가락시장,1,출입구-승강장,4,8,8) 승차 (휠체어칸)
01,수도권,S1,3,3호선,0003,가락시장,1,출입구-승강장,5,1,1) (1F) 7번 출입구 옆 엘리베이터 탑승
01,수도권,S1,3,3호선,0003,가락시장,1,출입구-승강장,5,2,2) (B2) 대합실로 이동
01,수도권,S1,3,3호선,0003,가락시장,1,출입구-승강장,5,3,3) 표 내는 곳 통과
01,수도권,S1,3,3호선,0003,가락시장,1,출입구-승강장,5,4,4) 수서 방면 엘리베이터 탑승
01,수도권,S1,3,3호선,0003,가락시장,1,출입구-승강장,5,5,5) (B4) 수서 방면 승강장으로 이동
01,수도권,S1,3,3호선,0003,가락시장,1,출입구-승강장,5,6,6) 승차 (휠체어칸)
01,수도권,S1,3,3호선,0003,가락시장,1,출입구-승강장,6,1,1) (1F) 7번 출입구 옆 엘리베이터 탑승
01,수도권,S1,3,3호선,0003,가락시장,1,출입구-승강장,6,2,2) (B2) 대합실로 이동
01,수도권,S1,3,3호선,0003,가락시장,1,출입구-승강장,6,3,3) 표 내는 곳 통과
01,수도권,S1,3,3호선,0003,가락시장,1,출입구-승강장,6,4,4) 경찰병원 방면 엘리베이터 탑승
01,수도권,S1,3,3호선,0003,가락시장,1,출입구-승강장,6,5,5) (B4) 경찰병원 방면 승강장으로 이동
01,수도권,S1,3,3호선,0003,가락시장,1,출입구-승강장,6,6,6) 승차 (휠체어칸)
01,수도권,S1,3,3호선,0003,가락시장,3,환승,1,1,1) (B4) 3호선 수서 방면 승강장 하차
01,수도권,S1,3,3호선,0003,가락시장,3,환승,1,2,2) 대합실 방향 엘리베이터 탑승
01,수도권,S1,3,3호선,0003,가락시장,3,환승,1,3,3) (B3) 대합실로 이동
01,수도권,S1,3,3호선,0003,가락시장,3,환승,1,4,4) 8호선 방향 환승통로로 이동
01,수도권,S1,3,3호선,0003,가락시장,3,환승,1,5,5) 8호선 송파 방면 엘리베이터 탑승
01,수도권,S1,3,3호선,0003,가락시장,3,환승,1,6,6) (B2) 8호선 송파 방면 승강장으로 이동
01,수도권,S1,3,3호선,0003,가락시장,3,환승,1,7,7) 승차 (휠체어칸)
01,수도권,S1,3,3호선,0003,가락시장,3,환승,2,1,1) (B4) 3호선 수서 방면 승강장 하차
01,수도권,S1,3,3호선,0003,가락시장,3,환승,2,2,2) 대합실 방향 엘리베이터 탑승
01,수도권,S1,3,3호선,0003,가락시장,3,환승,2,3,3) (B3) 대합실로 이동
01,수도권,S1,3,3호선,0003,가락시장,3,환승,2,4,4) 8호선 방향 환승통로로 이동
01,수도권,S1,3,3호선,0003,가락시장,3,환승,2,5,5) 8호선 문정 방면 엘리베이터 탑승
01,수도권,S1,3,3호선,0003,가락시장,3,환승,2,6,6) (B2) 8호선 문정 방면 승강장으로 이동
01,수도권,S1,3,3호선,0003,가락시장,3,환승,2,7,7) 승차 (휠체어칸)
01,수도권,S1,3,3호선,0003,가락시장,3,환승,3,1,1) (B4) 3호선 경찰병원 방면 승강장 하차
01,수도권,S1,3,3호선,0003,가락시장,3,환승,3,2,2) 대합실 방향 엘리베이터 탑승
01,수도권,S1,3,3호선,0003,가락시장,3,환승,3,3,3) (B3) 대합실로 이동
01,수도권,S1,3,3호선,0003,가락시장,3,환승,3,4,4) 8호선 방향 환승통로로 이동
01,수도권,S1,3,3호선,0003,가락시장,3,환승,3,5,5) 8호선 송파 방면 엘리베이터 탑승
01,수도권,S1,3,3호선,0003,가락시장,3,환승,3,6,6) (B2) 8호선 송파 방면 승강장으로 이동
01,수도권,S1,3,3호선,0003,가락시장,3,환승,3,7,7) 승차 (휠체어칸)
01,수도권,S1,3,3호선,0003,가락시장,3,환승,4,1,1) (B4) 3호선 경찰병원 방면 승강장 하차
01,수도권,S1,3,3호선,0003,가락시장,3,환승,4,2,2) 대합실 방향 엘리베이터 탑승
01,수도권,S1,3,3호선,0003,가락시장,3,환승,4,3,3) (B3) 대합실로 이동
01,수도권,S1,3,3호선,0003,가락시장,3,환승,4,4,4) 8호선 방향 환승통로로 이동
01,수도권,S1,3,3호선,0003,가락시장,3,환승,4,5,5) 8호선 문정 방면 엘리베이터 탑승
01,수도권,S1,3,3호선,0003,가락시장,3,환승,4,6,6) (B2) 8호선 문정 방면 승강장으로 이동
01,수도권,S1,3,3호선,0003,가락시장,3,환승,4,7,7) 승차 (휠체어칸)
01,수도권,S1,3,3호선,0043,경찰병원,1,출입구-승강장,1,1,1) (1F) 1번 출입구 옆 엘리베이터 탑승
01,수도권,S1,3,3호선,0043,경찰병원,1,출입구-승강장,1,2,2) (B1) 대합실로 이동
01,수도권,S1,3,3호선,0043,경찰병원,1,출입구-승강장,1,3,3) 표 내는 곳 통과
01,수도권,S1,3,3호선,0043,경찰병원,1,출입구-승강장,1,4,4) 가락시장 방면 엘리베이터 탑승
01,수도권,S1,3,3호선,0043,경찰병원,1,출입구-승강장,1,5,5) (B3) 가락시장 방면 승강장으로 이동
01,수도권,S1,3,3호선,0043,경찰병원,1,출입구-승강장,1,6,6) 승차 (휠체어칸)
01,수도권,S1,3,3호선,0043,경찰병원,1,출입구-승강장,2,1,1) (1F) 1번 출입구 옆 엘리베이터 탑승
01,수도권,S1,3,3호선,0043,경찰병원,1,출입구-승강장,2,2,2) (B1) 대합실로 이동
01,수도권,S1,3,3호선,0043,경찰병원,1,출입구-승강장,2,3,3) 표 내는 곳 통과
01,수도권,S1,3,3호선,0043,경찰병원,1,출입구-승강장,2,4,4) 오금 방면 엘리베이터 탑승
01,수도권,S1,3,3호선,0043,경찰병원,1,출입구-승강장,2,5,5) (B3) 오금 방면 승강장으로 이동
01,수도권,S1,3,3호선,0043,경찰병원,1,출입구-승강장,2,6,6) 승차 (휠체어칸)
01,수도권,S1,3,3호선,0043,경찰병원,1,출입구-승강장,3,1,1) (1F) 3번 출입구 옆 엘리베이터 탑승
01,수도권,S1,3,3호선,0043,경찰병원,1,출입구-승강장,3,2,2) (B1) 대합실로 이동
01,수도권,S1,3,3호선,0043,경찰병원,1,출입구-승강장,3,3,3) 표 내는 곳 통과
01,수도권,S1,3,3호선,0043,경찰병원,1,출입구-승강장,3,4,4) 가락시장 방면 엘리베이터 탑승
01,수도권,S1,3,3호선,0043,경찰병원,1,출입구-승강장,3,5,5) (B3) 가락시장 방면 승강장으로 이동
01,수도권,S1,3,3호선,0043,경찰병원,1,출입구-승강장,3,6,6) 승차 (휠체어칸)
01,수도권,S1,3,3호선,0043,경찰병원,1,출입구-승강장,4,1,1) (1F) 3번 출입구 옆 엘리베이터 탑승
01,수도권,S1,3,3호선,0043,경찰병원,1,출입구-승강장,4,2,2) (B1) 대합실로 이동
01,수도권,S1,3,3호선,0043,경찰병원,1,출입구-승강장,4,3,3) 표 내는 곳 통과
01,수도권,S1,3,3호선,0043,경찰병원,1,출입구-승강장,4,4,4) 오금 방면 엘리베이터 탑승
01,수도권,S1,3,3호선,0043,경찰병원,1,출입구-승강장,4,5,5) (B3) 오금 방면 승강장으로 이동
01,수도권,S1,3,3호선,0043,경찰병원,1,출입구-승강장,4,6,6) 승차 (휠체어칸)
01,수도권,S1,3,3호선,0426,오금,1,출입구-승강장,1,1,1) (1F) 5번 출입구 옆 엘리베이터 탑승
01,수도권,S1,3,3호선,0426,오금,1,출입구-승강장,1,2,2) (B1) 대합실로 이동
01,수도권,S1,3,3호선,0426,오금,1,출입구-승강장,1,3,3) 표 내는 곳 통과
01,수도권,S1,3,3호선,0426,오금,1,출입구-승강장,1,4,4) 경찰병원 방면 엘리베이터 탑승
01,수도권,S1,3,3호선,0426,오금,1,출입구-승강장,1,5,5) (B4) 경찰병원 방면 승강장으로 이동
01,수도권,S1,3,3호선,0426,오금,1,출입구-승강장,1,6,6) 승차 (휠체어칸)
01,수도권,S1,3,3호선,0426,오금,1,출입구-승강장,2,1,1) (1F) 7번 출입구 옆 엘리베이터 탑승
01,수도권,S1,3,3호선,0426,오금,1,출입구-승강장,2,2,2) (B1) 대합실로 이동
01,수도권,S1,3,3호선,0426,오금,1,출입구-승강장,2,3,3) 표 내는 곳 통과
01,수도권,S1,3,3호선,0426,오금,1,출입구-승강장,2,4,4) 경찰병원 방면 엘리베이터 탑승
01,수도권,S1,3,3호선,0426,오금,1,출입구-승강장,2,5,5) (B4) 경찰병원 방면 승강장으로 이동
01,수도권,S1,3,3호선,0426,오금,1,출입구-승강장,2,6,6) 승차 (휠체어칸)
01,수도권,S1,3,3호선,0426,오금,3,환승,1,1,1) (B4) 3호선 오금역(종착역) 승강장 하차
01,수도권,S1,3,3호선,0426,오금,3,환승,1,2,2) 대합실 방향 엘리베이터 탑승
01,수도권,S1,3,3호선,0426,오금,3,환승,1,3,3) (B3) 대합실로 이동
01,수도권,S1,3,3호선,0426,오금,3,환승,1,4,4) 5호선 방향 환승통로로 이동
01,수도권,S1,3,3호선,0426,오금,3,환승,1,5,5) 5호선 방이 방면 엘리베이터 탑승
01,수도권,S1,3,3호선,0426,오금,3,환승,1,6,6) (B2) 5호선 방이 방면 승강장으로 이동
01,수도권,S1,3,3호선,0426,오금,3,환승,1,7,7) 승차 (휠체어칸)
01,수도권,S1,3,3호선,0426,오금,3,환승,2,1,1) (B4) 3호선 오금역(종착역) 방면 승강장 하차
01,수도권,S1,3,3호선,0426,오금,3,환승,2,2,2) 대합실 방향 엘리베이터 탑승
01,수도권,S1,3,3호선,0426,오금,3,환승,2,3,3) (B3) 대합실로 이동
01,수도권,S1,3,3호선,0426,오금,3,환승,2,4,4) 5호선 방향 환승통로로 이동
01,수도권,S1,3,3호선,0426,오금,3,환승,2,5,5) 5호선 개롱 방면 엘리베이터 탑승
01,수도권,S1,3,3호선,0426,오금,3,환승,2,6,6) (B2) 5호선 개롱 방면 승강장으로 이동
01,수도권,S1,3,3호선,0426,오금,3,환승,2,7,7) 승차 (휠체어칸)
01,수도권,S1,3,3호선,0426,오금,3,환승,3,1,1) (B4) 3호선 경찰병원 승강장 이동
01,수도권,S1,3,3호선,0426,오금,3,환승,3,2,2) 대합실 방향 엘리베이터 탑승
01,수도권,S1,3,3호선,0426,오금,3,환승,3,3,3) (B3) 대합실로 이동
01,수도권,S1,3,3호선,0426,오금,3,환승,3,4,4) 5호선 방향 환승통로로 이동
01,수도권,S1,3,3호선,0426,오금,3,환승,3,5,5) 5호선 방이 방면 엘리베이터 탑승
01,수도권,S1,3,3호선,0426,오금,3,환승,3,6,6) (B2) 5호선 방이 방면 승강장으로 이동
01,수도권,S1,3,3호선,0426,오금,3,환승,3,7,7) 승차 (휠체어칸)
01,수도권,S1,3,3호선,0426,오금,3,환승,4,1,1) (B4) 3호선 경찰병원 승강장 이동
01,수도권,S1,3,3호선,0426,오금,3,환승,4,2,2) 대합실 방향 엘리베이터 탑승
01,수도권,S1,3,3호선,0426,오금,3,환승,4,3,3) (B3) 대합실로 이동
01,수도권,S1,3,3호선,0426,오금,3,환승,4,4,4) 5호선 방향 환승통로로 이동
01,수도권,S1,3,3호선,0426,오금,3,환승,4,5,5) 5호선 개롱 방면 엘리베이터 탑승
01,수도권,S1,3,3호선,0426,오금,3,환승,4,6,6) (B2) 5호선 개롱 방면 승강장으로 이동
01,수도권,S1,3,3호선,0426,오금,3,환승,4,7,7) 승차 (휠체어칸)
01,수도권,NU,4,4호선,1355,진접,1,출입구-승강장,1,1,1) (1F) 2번 출입구 옆 엘리베이터 탑승
01,수도권,NU,4,4호선,1355,진접,1,출입구-승강장,1,2,2) (B1) 대합실로 이동
01,수도권,NU,4,4호선,1355,진접,1,출입구-승강장,1,3,3) 오남 방면 엘리베이터 앞 표 내는 곳 통과
01,수도권,NU,4,4호선,1355,진접,1,출입구-승강장,1,4,4) 오남 방면 엘리베이터 탑승
01,수도권,NU,4,4호선,1355,진접,1,출입구-승강장,1,5,5) (B2) 오남 방면 승강장으로 이동
01,수도권,NU,4,4호선,1355,진접,1,출입구-승강장,1,6,6) 승차 (휠체어칸)
01,수도권,NU,4,4호선,1355,진접,1,출입구-승강장,2,1,1) (1F) 4번 출입구 옆 엘리베이터 탑승
01,수도권,NU,4,4호선,1355,진접,1,출입구-승강장,2,2,2) (B1) 대합실로 이동
01,수도권,NU,4,4호선,1355,진접,1,출입구-승강장,2,3,3) 표 내는 곳 통과
01,수도권,NU,4,4호선,1355,진접,1,출입구-승강장,2,4,4) 오남 방면 엘리베이터 탑승
01,수도권,NU,4,4호선,1355,진접,1,출입구-승강장,2,5,5) (B2) 오남 방면 승강장으로 이동
01,수도권,NU,4,4호선,1355,진접,1,출입구-승강장,2,6,6) 승차 (휠체어칸)
01,수도권,NU,4,4호선,1354,오남,1,출입구-승강장,1,1,1) (1F) 2번 출입구 옆 엘리베이터 탑승
01,수도권,NU,4,4호선,1354,오남,1,출입구-승강장,1,2,2) (B1) 대합실로 이동
01,수도권,NU,4,4호선,1354,오남,1,출입구-승강장,1,3,3) 표 내는 곳 통과
01,수도권,NU,4,4호선,1354,오남,1,출입구-승강장,1,4,4) 진접 방면 엘리베이터 탑승
01,수도권,NU,4,4호선,1354,오남,1,출입구-승강장,1,5,5) (B2) 진접 방면 승강장으로 이동
01,수도권,NU,4,4호선,1354,오남,1,출입구-승강장,1,6,6) 승차 (휠체어칸)
01,수도권,NU,4,4호선,1354,오남,1,출입구-승강장,2,1,1) (1F) 2번 출입구 옆 엘리베이터 탑승
01,수도권,NU,4,4호선,1354,오남,1,출입구-승강장,2,2,2) (B1) 대합실로 이동
01,수도권,NU,4,4호선,1354,오남,1,출입구-승강장,2,3,3) 표 내는 곳 통과
01,수도권,NU,4,4호선,1354,오남,1,출입구-승강장,2,4,4) 별내별가람 방면 엘리베이터 탑승
01,수도권,NU,4,4호선,1354,오남,1,출입구-승강장,2,5,5) (B2) 별내별가람 방면 승강장으로 이동
01,수도권,NU,4,4호선,1354,오남,1,출입구-승강장,2,6,6) 승차 (휠체어칸)
01,수도권,NU,4,4호선,1354,오남,1,출입구-승강장,3,1,1) (1F) 3번 출입구 옆 엘리베이터 탑승
01,수도권,NU,4,4호선,1354,오남,1,출입구-승강장,3,2,2) (B1) 대합실로 이동
01,수도권,NU,4,4호선,1354,오남,1,출입구-승강장,3,3,3) 표 내는 곳 통과
01,수도권,NU,4,4호선,1354,오남,1,출입구-승강장,3,4,4) 진접 방면 엘리베이터 탑승
01,수도권,NU,4,4호선,1354,오남,1,출입구-승강장,3,5,5) (B2) 진접 방면 승강장으로 이동
01,수도권,NU,4,4호선,1354,오남,1,출입구-승강장,3,6,6) 승차 (휠체어칸)
01,수도권,NU,4,4호선,1354,오남,1,출입구-승강장,4,1,1) (1F) 3번 출입구 옆 엘리베이터 탑승
01,수도권,NU,4,4호선,1354,오남,1,출입구-승강장,4,2,2) (B1) 대합실로 이동
01,수도권,NU,4,4호선,1354,오남,1,출입구-승강장,4,3,3) 표 내는 곳 통과
01,수도권,NU,4,4호선,1354,오남,1,출입구-승강장,4,4,4) 별내별가람 방면 엘리베이터 탑승
01,수도권,NU,4,4호선,1354,오남,1,출입구-승강장,4,5,5) (B2) 별내별가람 방면 승강장으로 이동
01,수도권,NU,4,4호선,1354,오남,1,출입구-승강장,4,6,6) 승차 (휠체어칸)
01,수도권,NU,4,4호선,1353,별내별가람,1,출입구-승강장,1,1,1) (1F) 1번 출입구 옆 엘리베이터 탑승
01,수도권,NU,4,4호선,1353,별내별가람,1,출입구-승강장,1,2,2) (B1) 대합실로 이동
01,수도권,NU,4,4호선,1353,별내별가람,1,출입구-승강장,1,3,3) 표 내는 곳 통과
01,수도권,NU,4,4호선,1353,별내별가람,1,출입구-승강장,1,4,4) 오남 방면 엘리베이터 탑승
01,수도권,NU,4,4호선,1353,별내별가람,1,출입구-승강장,1,5,5) (B3) 오남 방면 승강장으로 이동
01,수도권,NU,4,4호선,1353,별내별가람,1,출입구-승강장,1,6,6) 승차 (휠체어칸)
01,수도권,NU,4,4호선,1353,별내별가람,1,출입구-승강장,2,1,1) (1F) 1번 출입구 옆 엘리베이터 탑승
01,수도권,NU,4,4호선,1353,별내별가람,1,출입구-승강장,2,2,2) (B1) 대합실로 이동
01,수도권,NU,4,4호선,1353,별내별가람,1,출입구-승강장,2,3,3) 표 내는 곳 통과
01,수도권,NU,4,4호선,1353,별내별가람,1,출입구-승강장,2,4,4) 당고개 방면 엘리베이터 탑승
01,수도권,NU,4,4호선,1353,별내별가람,1,출입구-승강장,2,5,5) (B3) 당고개 방면 승강장으로 이동
01,수도권,NU,4,4호선,1353,별내별가람,1,출입구-승강장,2,6,6) 승차 (휠체어칸)
01,수도권,NU,4,4호선,1353,별내별가람,1,출입구-승강장,3,1,1) (1F) 2번 출입구 옆 엘리베이터 탑승
01,수도권,NU,4,4호선,1353,별내별가람,1,출입구-승강장,3,2,2) (B1) 대합실로 이동
01,수도권,NU,4,4호선,1353,별내별가람,1,출입구-승강장,3,3,3) 표 내는 곳 통과
01,수도권,NU,4,4호선,1353,별내별가람,1,출입구-승강장,3,4,4) 오남 방면 엘리베이터 탑승
01,수도권,NU,4,4호선,1353,별내별가람,1,출입구-승강장,3,5,5) (B3) 오남 방면 승강장으로 이동
01,수도권,NU,4,4호선,1353,별내별가람,1,출입구-승강장,3,6,6) 승차 (휠체어칸)
01,수도권,NU,4,4호선,1353,별내별가람,1,출입구-승강장,4,1,1) (1F) 2번 출입구 옆 엘리베이터 탑승
01,수도권,NU,4,4호선,1353,별내별가람,1,출입구-승강장,4,2,2) (B1) 대합실로 이동
01,수도권,NU,4,4호선,1353,별내별가람,1,출입구-승강장,4,3,3) 표 내는 곳 통과
01,수도권,NU,4,4호선,1353,별내별가람,1,출입구-승강장,4,4,4) 당고개 방면 엘리베이터 탑승
01,수도권,NU,4,4호선,1353,별내별가람,1,출입구-승강장,4,5,5) (B3) 당고개 방면 승강장으로 이동
01,수도권,NU,4,4호선,1353,별내별가람,1,출입구-승강장,4,6,6) 승차 (휠체어칸)
01,수도권,NU,4,4호선,1353,별내별가람,1,출입구-승강장,5,1,1) (1F) 3번 출입구 옆 엘리베이터 탑승
01,수도권,NU,4,4호선,1353,별내별가람,1,출입구-승강장,5,2,2) (B1) 대합실로 이동
01,수도권,NU,4,4호선,1353,별내별가람,1,출입구-승강장,5,3,3) 표 내는 곳 통과
01,수도권,NU,4,4호선,1353,별내별가람,1,출입구-승강장,5,4,4) 오남 방면 엘리베이터 탑승
01,수도권,NU,4,4호선,1353,별내별가람,1,출입구-승강장,5,5,5) (B3) 오남 방면 승강장으로 이동
01,수도권,NU,4,4호선,1353,별내별가람,1,출입구-승강장,5,6,6) 승차 (휠체어칸)
01,수도권,NU,4,4호선,1353,별내별가람,1,출입구-승강장,6,1,1) (1F) 3번 출입구 옆 엘리베이터 탑승
01,수도권,NU,4,4호선,1353,별내별가람,1,출입구-승강장,6,2,2) (B1) 대합실로 이동
01,수도권,NU,4,4호선,1353,별내별가람,1,출입구-승강장,6,3,3) 표 내는 곳 통과
01,수도권,NU,4,4호선,1353,별내별가람,1,출입구-승강장,6,4,4) 당고개 방면 엘리베이터 탑승
01,수도권,NU,4,4호선,1353,별내별가람,1,출입구-승강장,6,5,5) (B3) 당고개 방면 승강장으로 이동
01,수도권,NU,4,4호선,1353,별내별가람,1,출입구-승강장,6,6,6) 승차 (휠체어칸)
01,수도권,S1,4,4호선,0125,불암산,1,출입구-승강장,1,1,1) (1F) 1번 출입구 대합실로 이동
01,수도권,S1,4,4호선,0125,불암산,1,출입구-승강장,1,2,2) 대합실 방향 엘리베이터 탑승
01,수도권,S1,4,4호선,0125,불암산,1,출입구-승강장,1,3,3) (2F) 대합실로 이동
01,수도권,S1,4,4호선,0125,불암산,1,출입구-승강장,1,4,4) 별내별가람 방면 엘리베이터 앞 표 내는 곳 통과
01,수도권,S1,4,4호선,0125,불암산,1,출입구-승강장,1,5,5) 별내별가람 방면 엘리베이터 탑승
01,수도권,S1,4,4호선,0125,불암산,1,출입구-승강장,1,6,6) (3F) 별내별가람 방면 승강장으로 이동
01,수도권,S1,4,4호선,0125,불암산,1,출입구-승강장,1,7,7) 승차 (휠체어칸)
01,수도권,S1,4,4호선,0125,불암산,1,출입구-승강장,2,1,1) (1F) 1번 출입구 대합실로 이동
01,수도권,S1,4,4호선,0125,불암산,1,출입구-승강장,2,2,2) 대합실 방향 엘리베이터 탑승
01,수도권,S1,4,4호선,0125,불암산,1,출입구-승강장,2,3,3) (2F) 대합실로 이동
01,수도권,S1,4,4호선,0125,불암산,1,출입구-승강장,2,4,4) 상계 방면 엘리베이터 앞 표 내는 곳 통과
01,수도권,S1,4,4호선,0125,불암산,1,출입구-승강장,2,5,5) 상계 방면 엘리베이터 탑승
01,수도권,S1,4,4호선,0125,불암산,1,출입구-승강장,2,6,6) (3F) 상계 방면 승강장으로 이동
01,수도권,S1,4,4호선,0125,불암산,1,출입구-승강장,2,7,7) 승차 (휠체어칸)
01,수도권,S1,4,4호선,0125,불암산,1,출입구-승강장,3,1,1) (1F) 4번 출입구 대합실로 이동
01,수도권,S1,4,4호선,0125,불암산,1,출입구-승강장,3,2,2) 대합실 방향 엘리베이터 탑승
01,수도권,S1,4,4호선,0125,불암산,1,출입구-승강장,3,3,3) (2F) 대합실로 이동
01,수도권,S1,4,4호선,0125,불암산,1,출입구-승강장,3,4,4) 별내별가람 방면 엘리베이터 앞 표 내는 곳 통과
01,수도권,S1,4,4호선,0125,불암산,1,출입구-승강장,3,5,5) 별내별가람 방면 엘리베이터 탑승
01,수도권,S1,4,4호선,0125,불암산,1,출입구-승강장,3,6,6) (3F) 별내별가람 방면 승강장으로 이동
01,수도권,S1,4,4호선,0125,불암산,1,출입구-승강장,3,7,7) 승차 (휠체어칸)
01,수도권,S1,4,4호선,0125,불암산,1,출입구-승강장,4,1,1) (1F) 4번 출입구 대합실로 이동
01,수도권,S1,4,4호선,0125,불암산,1,출입구-승강장,4,2,2) 대합실 방향 엘리베이터 탑승
01,수도권,S1,4,4호선,0125,불암산,1,출입구-승강장,4,3,3) (2F) 대합실로 이동
01,수도권,S1,4,4호선,0125,불암산,1,출입구-승강장,4,4,4) 상계 방면 엘리베이터 앞 표 내는 곳 통과
01,수도권,S1,4,4호선,0125,불암산,1,출입구-승강장,4,5,5) 상계 방면 엘리베이터 탑승
01,수도권,S1,4,4호선,0125,불암산,1,출입구-승강장,4,6,6) (3F) 상계 방면 승강장으로 이동
01,수도권,S1,4,4호선,0125,불암산,1,출입구-승강장,4,7,7) 승차 (휠체어칸)
01,수도권,S1,4,4호선,0272,상계,1,출입구-승강장,1,1,1) (1F) 1번 출입구 대합실로 이동
01,수도권,S1,4,4호선,0272,상계,1,출입구-승강장,1,2,2) 대합실 방향 엘리베이터 탑승
01,수도권,S1,4,4호선,0272,상계,1,출입구-승강장,1,3,3) (2F) 대합실로 이동
01,수도권,S1,4,4호선,0272,상계,1,출입구-승강장,1,4,4) 표 내는 곳 통과
01,수도권,S1,4,4호선,0272,상계,1,출입구-승강장,1,5,5) 당고개 방면 엘리베이터 탑승
01,수도권,S1,4,4호선,0272,상계,1,출입구-승강장,1,6,6) (3F) 당고개 방면 승강장으로 이동
01,수도권,S1,4,4호선,0272,상계,1,출입구-승강장,1,7,7) 승차 (휠체어칸)
01,수도권,S1,4,4호선,0272,상계,1,출입구-승강장,2,1,1) (1F) 1번 출입구 대합실로 이동
01,수도권,S1,4,4호선,0272,상계,1,출입구-승강장,2,2,2) 대합실 방향 엘리베이터 탑승
01,수도권,S1,4,4호선,0272,상계,1,출입구-승강장,2,3,3) (2F) 대합실로 이동
01,수도권,S1,4,4호선,0272,상계,1,출입구-승강장,2,4,4) 표 내는 곳 통과
01,수도권,S1,4,4호선,0272,상계,1,출입구-승강장,2,5,5) 노원 방면 엘리베이터 탑승
01,수도권,S1,4,4호선,0272,상계,1,출입구-승강장,2,6,6) (3F) 노원 방면 승강장으로 이동
01,수도권,S1,4,4호선,0272,상계,1,출입구-승강장,2,7,7) 승차 (휠체어칸)
01,수도권,S1,4,4호선,0272,상계,1,출입구-승강장,3,1,1) (1F) 5번 출입구 대합실로 이동
01,수도권,S1,4,4호선,0272,상계,1,출입구-승강장,3,2,2) 대합실 방향 엘리베이터 탑승
01,수도권,S1,4,4호선,0272,상계,1,출입구-승강장,3,3,3) (2F) 대합실로 이동
01,수도권,S1,4,4호선,0272,상계,1,출입구-승강장,3,4,4) 표 내는 곳 통과
01,수도권,S1,4,4호선,0272,상계,1,출입구-승강장,3,5,5) 당고개 방면 엘리베이터 탑승
01,수도권,S1,4,4호선,0272,상계,1,출입구-승강장,3,6,6) (3F) 당고개 방면 승강장으로 이동
01,수도권,S1,4,4호선,0272,상계,1,출입구-승강장,3,7,7) 승차 (휠체어칸)
01,수도권,S1,4,4호선,0272,상계,1,출입구-승강장,4,1,1) (1F) 5번 출입구 대합실로 이동
01,수도권,S1,4,4호선,0272,상계,1,출입구-승강장,4,2,2) 대합실 방향 엘리베이터 탑승
01,수도권,S1,4,4호선,0272,상계,1,출입구-승강장,4,3,3) (2F) 대합실로 이동
01,수도권,S1,4,4호선,0272,상계,1,출입구-승강장,4,4,4) 표 내는 곳 통과
01,수도권,S1,4,4호선,0272,상계,1,출입구-승강장,4,5,5) 노원 방면 엘리베이터 탑승
01,수도권,S1,4,4호선,0272,상계,1,출입구-승강장,4,6,6) (3F) 노원 방면 승강장으로 이동
01,수도권,S1,4,4호선,0272,상계,1,출입구-승강장,4,7,7) 승차 (휠체어칸)
01,수도권,S1,4,4호선,0115,노원,1,출입구-승강장,1,1,1) (1F) 2번 출입구 옆 엘리베이터 탑승
01,수도권,S1,4,4호선,0115,노원,1,출입구-승강장,1,2,2) (2F) 대합실로 이동
01,수도권,S1,4,4호선,0115,노원,1,출입구-승강장,1,3,3) 표 내는 곳 통과
01,수도권,S1,4,4호선,0115,노원,1,출입구-승강장,1,4,4) 상계 방면 엘리베이터 탑승
01,수도권,S1,4,4호선,0115,노원,1,출입구-승강장,1,5,5) 상계 방면 승강장으로 이동
01,수도권,S1,4,4호선,0115,노원,1,출입구-승강장,1,6,6) 승차 (휠체어칸)
01,수도권,S1,4,4호선,0115,노원,1,출입구-승강장,2,1,1) (1F) 2번 출입구 옆 엘리베이터 탑승
01,수도권,S1,4,4호선,0115,노원,1,출입구-승강장,2,2,2) (2F) 대합실로 이동
01,수도권,S1,4,4호선,0115,노원,1,출입구-승강장,2,3,3) 창동 방면 엘리베이터 탑승
01,수도권,S1,4,4호선,0115,노원,1,출입구-승강장,2,4,4) 창동 방면 승강장으로 이동
01,수도권,S1,4,4호선,0115,노원,1,출입구-승강장,2,5,5) 표 내는 곳 통과
01,수도권,S1,4,4호선,0115,노원,1,출입구-승강장,2,6,6) 승차 (휠체어칸)
01,수도권,S1,4,4호선,0115,노원,1,출입구-승강장,3,1,1) (1F) 9번 출입구 옆 엘리베이터 탑승
01,수도권,S1,4,4호선,0115,노원,1,출입구-승강장,3,2,2) (2F) 대합실로 이동
01,수도권,S1,4,4호선,0115,노원,1,출입구-승강장,3,3,3) 표 내는 곳 통과
01,수도권,S1,4,4호선,0115,노원,1,출입구-승강장,3,4,4) 상계 방면 엘리베이터 탑승
01,수도권,S1,4,4호선,0115,노원,1,출입구-승강장,3,5,5) 상계 방면 승강장으로 이동
01,수도권,S1,4,4호선,0115,노원,1,출입구-승강장,3,6,6) 승차 (휠체어칸)
01,수도권,S1,4,4호선,0115,노원,1,출입구-승강장,4,1,1) (1F) 9번 출입구 옆 엘리베이터 탑승
01,수도권,S1,4,4호선,0115,노원,1,출입구-승강장,4,2,2) 창동 방면 승강장으로 이동
01,수도권,S1,4,4호선,0115,노원,1,출입구-승강장,4,3,3) 표 내는 곳 통과
01,수도권,S1,4,4호선,0115,노원,1,출입구-승강장,4,4,4) 승차 (휠체어칸)
01,수도권,S1,4,4호선,0115,노원,3,환승,1,1,1) (F3) 4호선 상계 방면 승강장 하차
01,수도권,S1,4,4호선,0115,노원,3,환승,1,2,2) 4호선 대합실 방향 엘리베이터 탑승
01,수도권,S1,4,4호선,0115,노원,3,환승,1,3,3) (F2)  4호선 대합실 이동
01,수도권,S1,4,4호선,0115,노원,3,환승,1,4,4) 표 내는곳 통과
01,수도권,S1,4,4호선,0115,노원,3,환승,1,5,5) 4호선 2번 출입구 옆 엘리베이터 탑승
01,수도권,S1,4,4호선,0115,노원,3,환승,1,6,6) (F1) 7호선 3번 출입구 옆 엘리베이터 이동
01,수도권,S1,4,4호선,0115,노원,3,환승,1,7,7) 3번 출입구 옆 엘리베이터 탑승
01,수도권,S1,4,4호선,0115,노원,3,환승,1,8,8) (B1) 7호선 대합실 이동
01,수도권,S1,4,4호선,0115,노원,3,환승,1,9,9) 7호선 승강장 방향 엘리베이터 탑승
01,수도권,S1,4,4호선,0115,노원,3,환승,1,10,10) (B3) 7호선 마들 방면 승강장 이동
01,수도권,S1,4,4호선,0115,노원,3,환승,1,11,11) 승차(휠체어칸)
01,수도권,S1,4,4호선,0115,노원,3,환승,2,1,1) (F3) 4호선 상계 방면 승강장 하차
01,수도권,S1,4,4호선,0115,노원,3,환승,2,2,2) 4호선 대합실 방향 엘리베이터 탑승
01,수도권,S1,4,4호선,0115,노원,3,환승,2,3,3) (F2)  4호선 대합실 이동
01,수도권,S1,4,4호선,0115,노원,3,환승,2,4,4) 표 내는곳 통과
01,수도권,S1,4,4호선,0115,노원,3,환승,2,5,5) 4호선 2번 출입구 옆 엘리베이터 탑승
01,수도권,S1,4,4호선,0115,노원,3,환승,2,6,6) (F1) 7호선 3번 출입구 옆 엘리베이터 이동
01,수도권,S1,4,4호선,0115,노원,3,환승,2,7,7) 3번 출입구 옆 엘리베이터 탑승
01,수도권,S1,4,4호선,0115,노원,3,환승,2,8,8) (B1) 7호선 대합실 이동
01,수도권,S1,4,4호선,0115,노원,3,환승,2,9,9) 7호선 승강장 방향 엘리베이터 탑승
01,수도권,S1,4,4호선,0115,노원,3,환승,2,10,10) (B3) 7호선 중계 방면 승강장 이동
01,수도권,S1,4,4호선,0115,노원,3,환승,2,11,11) 승차(휠체어칸)
01,수도권,S1,4,4호선,0115,노원,3,환승,3,1,1) (F3) 4호선 창동 방면 승강장 하차
01,수도권,S1,4,4호선,0115,노원,3,환승,3,2,2) 4호선 대합실 방향 엘리베이터 탑승
01,수도권,S1,4,4호선,0115,노원,3,환승,3,3,3) (F2)  4호선 대합실 이동
01,수도권,S1,4,4호선,0115,노원,3,환승,3,4,4) 표 내는곳 통과
01,수도권,S1,4,4호선,0115,노원,3,환승,3,5,5) 4호선 2번 출입구 옆 엘리베이터 탑승
01,수도권,S1,4,4호선,0115,노원,3,환승,3,6,6) (F1) 7호선 3번 출입구 옆 엘리베이터 이동
01,수도권,S1,4,4호선,0115,노원,3,환승,3,7,7) 3번 출입구 옆 엘리베이터 탑승
01,수도권,S1,4,4호선,0115,노원,3,환승,3,8,8) (B1)7호선 대합실 이동
01,수도권,S1,4,4호선,0115,노원,3,환승,3,9,9) 7호선 승강장 방향 엘리베이터 탑승
01,수도권,S1,4,4호선,0115,노원,3,환승,3,10,10) (B3) 7호선 마들 방면 승강장 이동
01,수도권,S1,4,4호선,0115,노원,3,환승,3,11,11) 승차(휠체어칸)
01,수도권,S1,4,4호선,0115,노원,3,환승,4,1,1) (F3) 4호선 창동 방면 승강장 하차
01,수도권,S1,4,4호선,0115,노원,3,환승,4,2,2) 4호선 대합실 방향 엘리베이터 탑승
01,수도권,S1,4,4호선,0115,노원,3,환승,4,3,3) (F2)  4호선 대합실 이동
01,수도권,S1,4,4호선,0115,노원,3,환승,4,4,4) 표 내는곳 통과
01,수도권,S1,4,4호선,0115,노원,3,환승,4,5,5) 4호선 2번 출입구 옆 엘리베이터 탑승
01,수도권,S1,4,4호선,0115,노원,3,환승,4,6,6) (F1) 7호선 3번 출입구 옆 엘리베이터 이동
01,수도권,S1,4,4호선,0115,노원,3,환승,4,7,7) 3번 출입구 옆 엘리베이터 탑승
01,수도권,S1,4,4호선,0115,노원,3,환승,4,8,8) (B1)7호선 대합실 이동
01,수도권,S1,4,4호선,0115,노원,3,환승,4,9,9) 7호선 승강장 방향 엘리베이터 탑승
01,수도권,S1,4,4호선,0115,노원,3,환승,4,10,10) (B3) 7호선 중계 방면 승강장 이동
01,수도권,S1,4,4호선,0115,노원,3,환승,4,11,11) 승차(휠체어칸)
01,수도권,S1,4,4호선,0541,창동,1,출입구-승강장,1,1,1) (1F) 1번 출입구 옆 엘리베이터 탑승
01,수도권,S1,4,4호선,0541,창동,1,출입구-승강장,1,2,2) (2F) 대합실로 이동
01,수도권,S1,4,4호선,0541,창동,1,출입구-승강장,1,3,3) 표 내는 곳 통과
01,수도권,S1,4,4호선,0541,창동,1,출입구-승강장,1,4,4) 노원 방면 엘리베이터 탑승
01,수도권,S1,4,4호선,0541,창동,1,출입구-승강장,1,5,5) (3F) 노원 방면 승강장으로 이동
01,수도권,S1,4,4호선,0541,창동,1,출입구-승강장,1,6,6) 승차 (휠체어칸)
01,수도권,S1,4,4호선,0541,창동,1,출입구-승강장,2,1,1) (1F) 1번 출입구 옆 엘리베이터 탑승
01,수도권,S1,4,4호선,0541,창동,1,출입구-승강장,2,2,2) (2F) 대합실로 이동
01,수도권,S1,4,4호선,0541,창동,1,출입구-승강장,2,3,3) 표 내는 곳 통과
01,수도권,S1,4,4호선,0541,창동,1,출입구-승강장,2,4,4) 쌍문 방면 엘리베이터 탑승
01,수도권,S1,4,4호선,0541,창동,1,출입구-승강장,2,5,5) (3F) 쌍문 방면 승강장으로 이동
01,수도권,S1,4,4호선,0541,창동,1,출입구-승강장,2,6,6) 승차 (휠체어칸)
01,수도권,S1,4,4호선,0541,창동,1,출입구-승강장,3,1,1) (1F) 2번 출입구 옆 엘리베이터 탑승
01,수도권,S1,4,4호선,0541,창동,1,출입구-승강장,3,2,2) (2F) 대합실로 이동
01,수도권,S1,4,4호선,0541,창동,1,출입구-승강장,3,3,3) 표 내는 곳 통과
01,수도권,S1,4,4호선,0541,창동,1,출입구-승강장,3,4,4) 노원 방면 엘리베이터 탑승
01,수도권,S1,4,4호선,0541,창동,1,출입구-승강장,3,5,5) (3F) 노원 방면 승강장으로 이동
01,수도권,S1,4,4호선,0541,창동,1,출입구-승강장,3,6,6) 승차 (휠체어칸)
01,수도권,S1,4,4호선,0541,창동,1,출입구-승강장,4,1,1) (1F) 2번 출입구 옆 엘리베이터 탑승
01,수도권,S1,4,4호선,0541,창동,1,출입구-승강장,4,2,2) (2F) 대합실로 이동
01,수도권,S1,4,4호선,0541,창동,1,출입구-승강장,4,3,3) 표 내는 곳 통과
01,수도권,S1,4,4호선,0541,창동,1,출입구-승강장,4,4,4) 쌍문 방면 엘리베이터 탑승
01,수도권,S1,4,4호선,0541,창동,1,출입구-승강장,4,5,5) (3F) 쌍문 방면 승강장으로 이동
01,수도권,S1,4,4호선,0541,창동,1,출입구-승강장,4,6,6) 승차 (휠체어칸)
01,수도권,S1,4,4호선,0541,창동,3,환승,1,1,1) (3F) 4호선 노원 방면 승강장 하차                                    
01,수도권,S1,4,4호선,0541,창동,3,환승,1,2,2) 대합실 방향 엘리베이터 탑승                                         
01,수도권,S1,4,4호선,0541,창동,3,환승,1,3,3) (2F) 대합실로 이동                                                         
01,수도권,S1,4,4호선,0541,창동,3,환승,1,4,4) 쌍문 방면 엘리베이터 탑승                                            
01,수도권,S1,4,4호선,0541,창동,3,환승,1,5,5) (3F) 4호선 쌍문 방면 승강장으로 이동                              
01,수도권,S1,4,4호선,0541,창동,3,환승,1,6,6) 녹천 방면 엘리베이터 탑승                                              
01,수도권,S1,4,4호선,0541,창동,3,환승,1,7,7) (1F) 1호선 녹천 방면 승강장으로 이동                               
01,수도권,S1,4,4호선,0541,창동,3,환승,1,8,8) 승차(휠체어칸
01,수도권,S1,4,4호선,0541,창동,3,환승,2,1,1) (3F) 4호선 노원 방면 승강장 하차                                    
01,수도권,S1,4,4호선,0541,창동,3,환승,2,2,2) 대합실 방향 엘리베이터 탑승                                         
01,수도권,S1,4,4호선,0541,창동,3,환승,2,3,3) (2F) 대합실로 이동                                                         
01,수도권,S1,4,4호선,0541,창동,3,환승,2,4,4) 쌍문 방면 엘리베이터 탑승                                            
01,수도권,S1,4,4호선,0541,창동,3,환승,2,5,5) (3F) 4호선 쌍문 방면 승강장으로 이동                              
01,수도권,S1,4,4호선,0541,창동,3,환승,2,6,6) 방학 방면 엘리베이터 탑승                                              
01,수도권,S1,4,4호선,0541,창동,3,환승,2,7,7) (1F) 1호선 방학 방면 승강장으로 이동                               
01,수도권,S1,4,4호선,0541,창동,3,환승,2,8,8) 승차(휠체어칸
01,수도권,S1,4,4호선,0541,창동,3,환승,3,1,1) (3F) 4호선 쌍문 방면 승강장 하차                                                                 
01,수도권,S1,4,4호선,0541,창동,3,환승,3,2,2) 방학 방면 엘리베이터 탑승                                              
01,수도권,S1,4,4호선,0541,창동,3,환승,3,3,3) (1F) 1호선 방학 방면 승강장으로 이동                               
01,수도권,S1,4,4호선,0541,창동,3,환승,3,4,4) 승차(휠체어칸)
01,수도권,S1,4,4호선,0541,창동,3,환승,3,5,8) 승차 (휠체어칸)
01,수도권,S1,4,4호선,0541,창동,3,환승,4,1,1) (3F) 4호선 쌍문 방면 승강장 하차                                                                 
01,수도권,S1,4,4호선,0541,창동,3,환승,4,2,2) 방학 방면 엘리베이터 탑승                                              
01,수도권,S1,4,4호선,0541,창동,3,환승,4,3,3) (1F) 1호선 녹천 방면 승강장으로 이동                                     
01,수도권,S1,4,4호선,0541,창동,3,환승,4,4,4) 승차(휠체어칸)
01,수도권,S1,4,4호선,0380,쌍문,1,출입구-승강장,1,1,1) (1F) 1번 출입구 옆 엘리베이터 탑승
01,수도권,S1,4,4호선,0380,쌍문,1,출입구-승강장,1,2,2) (B1) 대합실로 이동
01,수도권,S1,4,4호선,0380,쌍문,1,출입구-승강장,1,3,3) 창동 방면 엘리베이터 앞 표 내는 곳 통과
01,수도권,S1,4,4호선,0380,쌍문,1,출입구-승강장,1,4,4) 창동 방면 엘리베이터 탑승
01,수도권,S1,4,4호선,0380,쌍문,1,출입구-승강장,1,5,5) (B2) 창동 방면 승강장으로 이동
01,수도권,S1,4,4호선,0380,쌍문,1,출입구-승강장,1,6,6) 승차 (휠체어칸)
01,수도권,S1,4,4호선,0380,쌍문,1,출입구-승강장,2,1,1) (1F) 1번 출입구 옆 엘리베이터 탑승
01,수도권,S1,4,4호선,0380,쌍문,1,출입구-승강장,2,2,2) (B1) 대합실로 이동
01,수도권,S1,4,4호선,0380,쌍문,1,출입구-승강장,2,3,3) 수유 방면 엘리베이터 앞 표 내는 곳 통과
01,수도권,S1,4,4호선,0380,쌍문,1,출입구-승강장,2,4,4) 수유 방면 엘리베이터 탑승
01,수도권,S1,4,4호선,0380,쌍문,1,출입구-승강장,2,5,5) (B2) 수유 방면 승강장으로 이동
01,수도권,S1,4,4호선,0380,쌍문,1,출입구-승강장,2,6,6) 승차 (휠체어칸)
01,수도권,S1,4,4호선,0340,수유,1,출입구-승강장,1,1,1) (1F) 2번 출입구 옆 엘리베이터 탑승
01,수도권,S1,4,4호선,0340,수유,1,출입구-승강장,1,2,2) (B1) 대합실로 이동
01,수도권,S1,4,4호선,0340,수유,1,출입구-승강장,1,3,3) 쌍문 방면 엘리베이터 앞 표 내는 곳 통과
01,수도권,S1,4,4호선,0340,수유,1,출입구-승강장,1,4,4) 쌍문 방면 엘리베이터 탑승
01,수도권,S1,4,4호선,0340,수유,1,출입구-승강장,1,5,5) (B2) 쌍문 방면 승강장으로 이동
01,수도권,S1,4,4호선,0340,수유,1,출입구-승강장,1,6,6) 승차 (휠체어칸)
01,수도권,S1,4,4호선,0340,수유,1,출입구-승강장,2,1,1) (1F) 2번 출입구 옆 엘리베이터 탑승
01,수도권,S1,4,4호선,0340,수유,1,출입구-승강장,2,2,2) (B1) 대합실로 이동
01,수도권,S1,4,4호선,0340,수유,1,출입구-승강장,2,3,3) 미아 방면 엘리베이터 앞 표 내는 곳 통과
01,수도권,S1,4,4호선,0340,수유,1,출입구-승강장,2,4,4) 미아 방면 엘리베이터 탑승
01,수도권,S1,4,4호선,0340,수유,1,출입구-승강장,2,5,5) (B2) 미아 방면 승강장으로 이동
01,수도권,S1,4,4호선,0340,수유,1,출입구-승강장,2,6,6) 승차 (휠체어칸)
01,수도권,S1,4,4호선,0211,미아,1,출입구-승강장,1,1,1) (1F) 1번 출입구 옆 엘리베이터 탑승
01,수도권,S1,4,4호선,0211,미아,1,출입구-승강장,1,2,2) (B1) 대합실로 이동
01,수도권,S1,4,4호선,0211,미아,1,출입구-승강장,1,3,3) 수유 방면 엘리베이터 앞 표 내는 곳 통과
01,수도권,S1,4,4호선,0211,미아,1,출입구-승강장,1,4,4) 수유 방면 엘리베이터 탑승
01,수도권,S1,4,4호선,0211,미아,1,출입구-승강장,1,5,5) (B2) 수유 방면 승강장으로 이동
01,수도권,S1,4,4호선,0211,미아,1,출입구-승강장,1,6,6) 승차 (휠체어칸)
01,수도권,S1,4,4호선,0211,미아,1,출입구-승강장,2,1,1) (1F) 1번 출입구 옆 엘리베이터 탑승
01,수도권,S1,4,4호선,0211,미아,1,출입구-승강장,2,2,2) (B1) 대합실로 이동
01,수도권,S1,4,4호선,0211,미아,1,출입구-승강장,2,3,3) 미아사거리 방면 엘리베이터 앞 표 내는 곳 통과
01,수도권,S1,4,4호선,0211,미아,1,출입구-승강장,2,4,4) 미아사거리 방면 엘리베이터 탑승
01,수도권,S1,4,4호선,0211,미아,1,출입구-승강장,2,5,5) (B2) 미아사거리 방면 승강장으로 이동
01,수도권,S1,4,4호선,0211,미아,1,출입구-승강장,2,6,6) 승차 (휠체어칸)
01,수도권,S1,4,4호선,0212,미아사거리,1,출입구-승강장,1,1,1) (1F) 1번 출입구 옆 엘리베이터 탑승
01,수도권,S1,4,4호선,0212,미아사거리,1,출입구-승강장,1,2,2) (B1) 대합실로 이동
01,수도권,S1,4,4호선,0212,미아사거리,1,출입구-승강장,1,3,3) 미아 방면 엘리베이터 앞 표 내는 곳 통과
01,수도권,S1,4,4호선,0212,미아사거리,1,출입구-승강장,1,4,4) 미아 방면 엘리베이터 탑승
01,수도권,S1,4,4호선,0212,미아사거리,1,출입구-승강장,1,5,5) (B2) 미아 방면 승강장으로 이동
01,수도권,S1,4,4호선,0212,미아사거리,1,출입구-승강장,1,6,6) 승차 (휠체어칸)
01,수도권,S1,4,4호선,0212,미아사거리,1,출입구-승강장,2,1,1) (1F) 1번 출입구 옆 엘리베이터 탑승
01,수도권,S1,4,4호선,0212,미아사거리,1,출입구-승강장,2,2,2) (B1) 대합실로 이동
01,수도권,S1,4,4호선,0212,미아사거리,1,출입구-승강장,2,3,3) 길음 방면 엘리베이터 앞 표 내는 곳 통과
01,수도권,S1,4,4호선,0212,미아사거리,1,출입구-승강장,2,4,4) 길음 방면 엘리베이터 탑승
01,수도권,S1,4,4호선,0212,미아사거리,1,출입구-승강장,2,5,5) (B2) 길음 방면 승강장으로 이동
01,수도권,S1,4,4호선,0212,미아사거리,1,출입구-승강장,2,6,6) 승차 (휠체어칸)
01,수도권,S1,4,4호선,0096,길음,1,출입구-승강장,1,1,1) (1F) 4번 출입구 옆 엘리베이터 탑승
01,수도권,S1,4,4호선,0096,길음,1,출입구-승강장,1,2,2) (B1) 대합실로 이동
01,수도권,S1,4,4호선,0096,길음,1,출입구-승강장,1,3,3) 표 내는 곳 통과
01,수도권,S1,4,4호선,0096,길음,1,출입구-승강장,1,4,4) 승강장 방향 엘리베이터 탑승
01,수도권,S1,4,4호선,0096,길음,1,출입구-승강장,1,5,5) (B2) 미아사거리 방면 승강장으로 이동
01,수도권,S1,4,4호선,0096,길음,1,출입구-승강장,1,6,6) 승차 (휠체어칸)
01,수도권,S1,4,4호선,0096,길음,1,출입구-승강장,2,1,1) (1F) 4번 출입구 옆 엘리베이터 탑승
01,수도권,S1,4,4호선,0096,길음,1,출입구-승강장,2,2,2) (B1) 대합실로 이동
01,수도권,S1,4,4호선,0096,길음,1,출입구-승강장,2,3,3) 표 내는 곳 통과
01,수도권,S1,4,4호선,0096,길음,1,출입구-승강장,2,4,4) 승강장 방향 엘리베이터 탑승
01,수도권,S1,4,4호선,0096,길음,1,출입구-승강장,2,5,5) (B2) 성신여대입구 방면 승강장으로 이동
01,수도권,S1,4,4호선,0096,길음,1,출입구-승강장,2,6,6) 승차 (휠체어칸)
01,수도권,S1,4,4호선,0096,길음,1,출입구-승강장,3,1,1) (1F) 5번 출입구 옆 엘리베이터 탑승
01,수도권,S1,4,4호선,0096,길음,1,출입구-승강장,3,2,2) (B1) 대합실로 이동
01,수도권,S1,4,4호선,0096,길음,1,출입구-승강장,3,3,3) 표 내는 곳 통과
01,수도권,S1,4,4호선,0096,길음,1,출입구-승강장,3,4,4) 승강장 방향 엘리베이터 탑승
01,수도권,S1,4,4호선,0096,길음,1,출입구-승강장,3,5,5) (B2) 미아사거리 방면 승강장으로 이동
01,수도권,S1,4,4호선,0096,길음,1,출입구-승강장,3,6,6) 승차 (휠체어칸)
01,수도권,S1,4,4호선,0096,길음,1,출입구-승강장,4,1,1) (1F) 5번 출입구 옆 엘리베이터 탑승
01,수도권,S1,4,4호선,0096,길음,1,출입구-승강장,4,2,2) (B1) 대합실로 이동
01,수도권,S1,4,4호선,0096,길음,1,출입구-승강장,4,3,3) 표 내는 곳 통과
01,수도권,S1,4,4호선,0096,길음,1,출입구-승강장,4,4,4) 승강장 방향 엘리베이터 탑승
01,수도권,S1,4,4호선,0096,길음,1,출입구-승강장,4,5,5) (B2) 성신여대입구 방면 승강장으로 이동
01,수도권,S1,4,4호선,0096,길음,1,출입구-승강장,4,6,6) 승차 (휠체어칸)
01,수도권,S1,4,4호선,0315,성신여대입구,1,출입구-승강장,1,1,1) (1F) 2번 출입구 옆 엘리베이터 탑승
01,수도권,S1,4,4호선,0315,성신여대입구,1,출입구-승강장,1,2,2) (B1) 대합실로 이동
01,수도권,S1,4,4호선,0315,성신여대입구,1,출입구-승강장,1,3,3) 표 내는 곳 통과
01,수도권,S1,4,4호선,0315,성신여대입구,1,출입구-승강장,1,4,4) 길음 방면 엘리베이터 탑승
01,수도권,S1,4,4호선,0315,성신여대입구,1,출입구-승강장,1,5,5) (B2) 길음 방면 승강장으로 이동
01,수도권,S1,4,4호선,0315,성신여대입구,1,출입구-승강장,1,6,6) 승차 (휠체어칸)
01,수도권,S1,4,4호선,0315,성신여대입구,1,출입구-승강장,2,1,1) (1F) 2번 출입구 옆 엘리베이터 탑승
01,수도권,S1,4,4호선,0315,성신여대입구,1,출입구-승강장,2,2,2) (B1) 대합실로 이동
01,수도권,S1,4,4호선,0315,성신여대입구,1,출입구-승강장,2,3,3) 표 내는 곳 통과
01,수도권,S1,4,4호선,0315,성신여대입구,1,출입구-승강장,2,4,4) 한성대입구 방면 엘리베이터 탑승
01,수도권,S1,4,4호선,0315,성신여대입구,1,출입구-승강장,2,5,5) (B2) 한성대입구 방면 승강장으로 이동
01,수도권,S1,4,4호선,0315,성신여대입구,1,출입구-승강장,2,6,6) 승차 (휠체어칸)
01,수도권,S1,4,4호선,0315,성신여대입구,1,출입구-승강장,3,1,1) (1F) 3번 출입구 옆 엘리베이터 탑승
01,수도권,S1,4,4호선,0315,성신여대입구,1,출입구-승강장,3,2,2) (B1) 대합실로 이동
01,수도권,S1,4,4호선,0315,성신여대입구,1,출입구-승강장,3,3,3) 표 내는 곳 통과
01,수도권,S1,4,4호선,0315,성신여대입구,1,출입구-승강장,3,4,4) 길음 방면 엘리베이터 탑승
01,수도권,S1,4,4호선,0315,성신여대입구,1,출입구-승강장,3,5,5) (B2) 길음 방면 승강장으로 이동
01,수도권,S1,4,4호선,0315,성신여대입구,1,출입구-승강장,3,6,6) 승차 (휠체어칸)
01,수도권,S1,4,4호선,0315,성신여대입구,1,출입구-승강장,4,1,1) (1F) 3번 출입구 옆 엘리베이터 탑승
01,수도권,S1,4,4호선,0315,성신여대입구,1,출입구-승강장,4,2,2) (B1) 대합실로 이동
01,수도권,S1,4,4호선,0315,성신여대입구,1,출입구-승강장,4,3,3) 표 내는 곳 통과
01,수도권,S1,4,4호선,0315,성신여대입구,1,출입구-승강장,4,4,4) 한성대입구 방면 엘리베이터 탑승
01,수도권,S1,4,4호선,0315,성신여대입구,1,출입구-승강장,4,5,5) (B2) 한성대입구 방면 승강장으로 이동
01,수도권,S1,4,4호선,0315,성신여대입구,1,출입구-승강장,4,6,6) 승차 (휠체어칸)
01,수도권,S1,4,4호선,0315,성신여대입구,3,환승,1,1,1) (B2) 4호선 길음 방면 승강장 하차
01,수도권,S1,4,4호선,0315,성신여대입구,3,환승,1,2,2) 우이신설선 대합실로 이동
01,수도권,S1,4,4호선,0315,성신여대입구,3,환승,1,3,3) 우이신설선 정릉 방면 엘리베이터 탑승
01,수도권,S1,4,4호선,0315,성신여대입구,3,환승,1,4,4) (B4) 우이신설선 정릉 방면 승강장으로 이동
01,수도권,S1,4,4호선,0315,성신여대입구,3,환승,1,5,5) 승차 (휠체어칸)
01,수도권,S1,4,4호선,0315,성신여대입구,3,환승,2,1,1) (B2) 4호선 길음 방면 승강장 하차
01,수도권,S1,4,4호선,0315,성신여대입구,3,환승,2,2,2) 우이신설선 대합실로 이동
01,수도권,S1,4,4호선,0315,성신여대입구,3,환승,2,3,3) 우이신설선 보문 방면 엘리베이터 탑승
01,수도권,S1,4,4호선,0315,성신여대입구,3,환승,2,4,4) (B4) 우이신설선 보문 방면 승강장으로 이동
01,수도권,S1,4,4호선,0315,성신여대입구,3,환승,2,5,5) 승차 (휠체어칸)
01,수도권,S1,4,4호선,0315,성신여대입구,3,환승,3,1,1) (B2) 4호선 한성대입구 방면 승강장 하차
01,수도권,S1,4,4호선,0315,성신여대입구,3,환승,3,2,2) 환승통로로 이동
01,수도권,S1,4,4호선,0315,성신여대입구,3,환승,3,3,3) 우이신설선 방향 환승 엘리베이터 탑승
01,수도권,S1,4,4호선,0315,성신여대입구,3,환승,3,4,4) (B4) 환승통로로 이동
01,수도권,S1,4,4호선,0315,성신여대입구,3,환승,3,5,5) 우이신설선 보문 방면 승강장으로 이동
01,수도권,S1,4,4호선,0315,성신여대입구,3,환승,3,6,6) 대합실 방향 엘리베이터 탑승
01,수도권,S1,4,4호선,0315,성신여대입구,3,환승,3,7,7) (B2) 대합실로 이동
01,수도권,S1,4,4호선,0315,성신여대입구,3,환승,3,8,8) 우이신설선 정릉 방면 엘리베이터 탑승
01,수도권,S1,4,4호선,0315,성신여대입구,3,환승,3,9,9) (B4) 우이신설선 정릉 방면 승강장으로 이동
01,수도권,S1,4,4호선,0315,성신여대입구,3,환승,3,10,10) 승차 (휠체어칸)
01,수도권,S1,4,4호선,0315,성신여대입구,3,환승,4,1,1) (B2) 4호선 한성대입구 방면 승강장 하차
01,수도권,S1,4,4호선,0315,성신여대입구,3,환승,4,2,2) 환승통로로 이동
01,수도권,S1,4,4호선,0315,성신여대입구,3,환승,4,3,3) 우이신설선 방향 환승 엘리베이터 탑승
01,수도권,S1,4,4호선,0315,성신여대입구,3,환승,4,4,4) (B4) 환승통로로 이동
01,수도권,S1,4,4호선,0315,성신여대입구,3,환승,4,5,5) 우이신설선 보문 방면 승강장으로 이동
01,수도권,S1,4,4호선,0315,성신여대입구,3,환승,4,6,6) 승차 (휠체어칸)
01,수도권,S1,4,4호선,0587,한성대입구,1,출입구-승강장,1,1,1) (1F) 3번/4번 출입구 사이 엘리베이터 탑승
01,수도권,S1,4,4호선,0587,한성대입구,1,출입구-승강장,1,2,2) (B1) 대합실로 이동
01,수도권,S1,4,4호선,0587,한성대입구,1,출입구-승강장,1,3,3) 표 내는 곳 통과
01,수도권,S1,4,4호선,0587,한성대입구,1,출입구-승강장,1,4,4) 승강장 방향 엘리베이터 탑승
01,수도권,S1,4,4호선,0587,한성대입구,1,출입구-승강장,1,5,5) (B2) 성신여대입구 방면 승강장으로 이동
01,수도권,S1,4,4호선,0587,한성대입구,1,출입구-승강장,1,6,6) 승차 (휠체어칸)
01,수도권,S1,4,4호선,0587,한성대입구,1,출입구-승강장,2,1,1) (1F) 3번/4번 출입구 사이 엘리베이터 탑승
01,수도권,S1,4,4호선,0587,한성대입구,1,출입구-승강장,2,2,2) (B1) 대합실로 이동
01,수도권,S1,4,4호선,0587,한성대입구,1,출입구-승강장,2,3,3) 표 내는 곳 통과
01,수도권,S1,4,4호선,0587,한성대입구,1,출입구-승강장,2,4,4) 승강장 방향 엘리베이터 탑승
01,수도권,S1,4,4호선,0587,한성대입구,1,출입구-승강장,2,5,5) (B2) 혜화 방면 승강장으로 이동
01,수도권,S1,4,4호선,0587,한성대입구,1,출입구-승강장,2,6,6) 승차 (휠체어칸)
01,수도권,S1,4,4호선,0587,한성대입구,1,출입구-승강장,3,1,1) (1F) 5번 출입구 옆 엘리베이터 탑승
01,수도권,S1,4,4호선,0587,한성대입구,1,출입구-승강장,3,2,2) (B1) 대합실로 이동
01,수도권,S1,4,4호선,0587,한성대입구,1,출입구-승강장,3,3,3) 표 내는 곳 통과
01,수도권,S1,4,4호선,0587,한성대입구,1,출입구-승강장,3,4,4) 승강장 방향 엘리베이터 탑승
01,수도권,S1,4,4호선,0587,한성대입구,1,출입구-승강장,3,5,5) (B2) 성신여대입구 방면 승강장으로 이동
01,수도권,S1,4,4호선,0587,한성대입구,1,출입구-승강장,3,6,6) 승차 (휠체어칸)
01,수도권,S1,4,4호선,0587,한성대입구,1,출입구-승강장,4,1,1) (1F) 5번 출입구 사이 엘리베이터 탑승
01,수도권,S1,4,4호선,0587,한성대입구,1,출입구-승강장,4,2,2) (B1) 대합실로 이동
01,수도권,S1,4,4호선,0587,한성대입구,1,출입구-승강장,4,3,3) 표 내는 곳 통과
01,수도권,S1,4,4호선,0587,한성대입구,1,출입구-승강장,4,4,4) 승강장 방향 엘리베이터 탑승
01,수도권,S1,4,4호선,0587,한성대입구,1,출입구-승강장,4,5,5) (B2) 혜화 방면 승강장으로 이동
01,수도권,S1,4,4호선,0587,한성대입구,1,출입구-승강장,4,6,6) 승차 (휠체어칸)
01,수도권,S1,4,4호선,0594,혜화,1,출입구-승강장,1,1,1) (1F) 2번 출입구 옆 엘리베이터 탑승
01,수도권,S1,4,4호선,0594,혜화,1,출입구-승강장,1,2,2) (B1) 대합실로 이동
01,수도권,S1,4,4호선,0594,혜화,1,출입구-승강장,1,3,3) 한성대입구 방면 엘리베이터 앞 표 내는 곳 통과
01,수도권,S1,4,4호선,0594,혜화,1,출입구-승강장,1,4,4) 한성대입구 방면 엘리베이터 탑승
01,수도권,S1,4,4호선,0594,혜화,1,출입구-승강장,1,5,5) (B2) 한성대입구 방면 승강장으로 이동
01,수도권,S1,4,4호선,0594,혜화,1,출입구-승강장,1,6,6) 승차 (휠체어칸)
01,수도권,S1,4,4호선,0594,혜화,1,출입구-승강장,2,1,1) (1F) 2번 출입구 옆 엘리베이터 탑승
01,수도권,S1,4,4호선,0594,혜화,1,출입구-승강장,2,2,2) (B1) 대합실로 이동
01,수도권,S1,4,4호선,0594,혜화,1,출입구-승강장,2,3,3) 동대문 방면 엘리베이터 앞 표 내는 곳 통과
01,수도권,S1,4,4호선,0594,혜화,1,출입구-승강장,2,4,4) 동대문 방면 엘리베이터 탑승
01,수도권,S1,4,4호선,0594,혜화,1,출입구-승강장,2,5,5) (B2) 동대문 방면 승강장으로 이동
01,수도권,S1,4,4호선,0594,혜화,1,출입구-승강장,2,6,6) 승차 (휠체어칸)
01,수도권,S1,4,4호선,0594,혜화,1,출입구-승강장,3,1,1) (1F) 3번 출입구 옆 엘리베이터 탑승
01,수도권,S1,4,4호선,0594,혜화,1,출입구-승강장,3,2,2) (B1) 대합실로 이동
01,수도권,S1,4,4호선,0594,혜화,1,출입구-승강장,3,3,3) 한성대입구 방면 엘리베이터 앞 표 내는 곳 통과
01,수도권,S1,4,4호선,0594,혜화,1,출입구-승강장,3,4,4) 한성대입구 방면 엘리베이터 탑승
01,수도권,S1,4,4호선,0594,혜화,1,출입구-승강장,3,5,5) (B2) 한성대입구 방면 승강장으로 이동
01,수도권,S1,4,4호선,0594,혜화,1,출입구-승강장,3,6,6) 승차 (휠체어칸)
01,수도권,S1,4,4호선,0594,혜화,1,출입구-승강장,4,1,1) (1F) 3번 출입구 옆 엘리베이터 탑승
01,수도권,S1,4,4호선,0594,혜화,1,출입구-승강장,4,2,2) (B1) 대합실로 이동
01,수도권,S1,4,4호선,0594,혜화,1,출입구-승강장,4,3,3) 동대문 방면 엘리베이터 앞 표 내는 곳 통과
01,수도권,S1,4,4호선,0594,혜화,1,출입구-승강장,4,4,4) 동대문 방면 엘리베이터 탑승
01,수도권,S1,4,4호선,0594,혜화,1,출입구-승강장,4,5,5) (B2) 동대문 방면 승강장으로 이동
01,수도권,S1,4,4호선,0594,혜화,1,출입구-승강장,4,6,6) 승차 (휠체어칸)
01,수도권,S1,4,4호선,0155,동대문,1,출입구-승강장,1,1,1) 9번 출입구 엘리베이터 탑승하여 지하1층 대합실로 이동
01,수도권,S1,4,4호선,0155,동대문,1,출입구-승강장,1,2,"2) 고객안전실 앞 게이트(8번출구 방향) 통과 후, 엘리베이터를 탑승"
01,수도권,S1,4,4호선,0155,동대문,1,출입구-승강장,1,3,3) 지하4층에서 하차하여  동대문역사문화공원 방면 승강장 이동
01,수도권,S1,4,4호선,0155,동대문,1,출입구-승강장,2,1,1) 9번 출입구 엘리베이터 탑승하여 지하1층 대합실로 이동
01,수도권,S1,4,4호선,0155,동대문,1,출입구-승강장,2,2,"2) 고객안전실 앞 게이트(8번출구 방향) 통과 후, 엘리베이터를 탑승"
01,수도권,S1,4,4호선,0155,동대문,1,출입구-승강장,2,3,3) 지하4층에서 하차하여 혜화 방면 승강장 이동
01,수도권,S1,4,4호선,0155,동대문,3,환승,1,1,1) (B4) 혜화 방면 승강장 하차
01,수도권,S1,4,4호선,0155,동대문,3,환승,1,2,2) 대합실 방향 엘리베이터 탑승
01,수도권,S1,4,4호선,0155,동대문,3,환승,1,3,3) (B1) 대합실로 이동
01,수도권,S1,4,4호선,0155,동대문,3,환승,1,4,4) 1호선 환승통로 방향 엘리베이터 탑승
01,수도권,S1,4,4호선,0155,동대문,3,환승,1,5,5) 1호선 방향 환승통로로 이동
01,수도권,S1,4,4호선,0155,동대문,3,환승,1,6,6) 동묘앞 방면 엘리베이터 탑승
01,수도권,S1,4,4호선,0155,동대문,3,환승,1,7,7) (B2) 동묘앞 방면 승강장으로 이동
01,수도권,S1,4,4호선,0155,동대문,3,환승,1,8,"8) 승차 (1-4, 4-1 휠체어칸)"
01,수도권,S1,4,4호선,0155,동대문,3,환승,2,1,1) (B4) 혜화 방면 승강장 하차
01,수도권,S1,4,4호선,0155,동대문,3,환승,2,2,2) 대합실 방향 엘리베이터 탑승
01,수도권,S1,4,4호선,0155,동대문,3,환승,2,3,3) (B1) 대합실로 이동
01,수도권,S1,4,4호선,0155,동대문,3,환승,2,4,4) 1호선 환승통로 방향 엘리베이터 탑승
01,수도권,S1,4,4호선,0155,동대문,3,환승,2,5,5) 1호선 방향 환승통로로 이동
01,수도권,S1,4,4호선,0155,동대문,3,환승,2,6,6) 종로5가 방면 엘리베이터 탑승
01,수도권,S1,4,4호선,0155,동대문,3,환승,2,7,7) (B2) 종로5가 방면 승강장으로 이동
01,수도권,S1,4,4호선,0155,동대문,3,환승,2,8,"8) 승차 (1-4, 4-1 휠체어칸)"
01,수도권,S1,4,4호선,0155,동대문,3,환승,3,1,1) (B4) 동대문역사문화공원 방면 승강장 하차
01,수도권,S1,4,4호선,0155,동대문,3,환승,3,2,2) 대합실 방향 엘리베이터 탑승
01,수도권,S1,4,4호선,0155,동대문,3,환승,3,3,3) (B1) 대합실로 이동
01,수도권,S1,4,4호선,0155,동대문,3,환승,3,4,4) 1호선 환승통로 방향 엘리베이터 탑승
01,수도권,S1,4,4호선,0155,동대문,3,환승,3,5,5) 1호선 방향 환승통로로 이동
01,수도권,S1,4,4호선,0155,동대문,3,환승,3,6,6) 동묘앞 방면 엘리베이터 탑승
01,수도권,S1,4,4호선,0155,동대문,3,환승,3,7,7) (B2) 동묘앞 방면 승강장으로 이동
01,수도권,S1,4,4호선,0155,동대문,3,환승,3,8,"8) 승차 (1-4, 4-1 휠체어칸)"
01,수도권,S1,4,4호선,0155,동대문,3,환승,4,1,1) (B4) 동대문역사문화공원 방면 승강장 하차
01,수도권,S1,4,4호선,0155,동대문,3,환승,4,2,2) 대합실 방향 엘리베이터 탑승
01,수도권,S1,4,4호선,0155,동대문,3,환승,4,3,3) (B1) 대합실로 이동
01,수도권,S1,4,4호선,0155,동대문,3,환승,4,4,4) 1호선 환승통로 방향 엘리베이터 탑승
01,수도권,S1,4,4호선,0155,동대문,3,환승,4,5,5) 1호선 방향 환승통로로 이동
01,수도권,S1,4,4호선,0155,동대문,3,환승,4,6,6) 종로5가 방면 엘리베이터 탑승
01,수도권,S1,4,4호선,0155,동대문,3,환승,4,7,7) (B2) 종로5가 방면 승강장으로 이동
01,수도권,S1,4,4호선,0155,동대문,3,환승,4,8,"8) 승차 (1-4, 4-1 휠체어칸)"
01,수도권,S1,4,4호선,0156,동대문역사문화공원,1,출입구-승강장,1,1,1) 1번 출입구 옆 지상 1층 엘리베이터 탑승
01,수도권,S1,4,4호선,0156,동대문역사문화공원,1,출입구-승강장,1,2,2) 지하1층 엘리베이터 하차
01,수도권,S1,4,4호선,0156,동대문역사문화공원,1,출입구-승강장,1,3,"3) 지하1층 9번,10번 출구 옆 표내는곳 통과 후 좌측 20M이동"
01,수도권,S1,4,4호선,0156,동대문역사문화공원,1,출입구-승강장,1,4,4) 지하1층 엘리베이터 탑승
01,수도권,S1,4,4호선,0156,동대문역사문화공원,1,출입구-승강장,1,5,5) 지하3층 승강장 엘리베이터 하차
01,수도권,S1,4,4호선,0156,동대문역사문화공원,1,출입구-승강장,1,6,6) 동대문방면 승강장 이동
01,수도권,S1,4,4호선,0156,동대문역사문화공원,1,출입구-승강장,2,1,1) 1번 출입구 옆 지상 1층 엘리베이터 탑승
01,수도권,S1,4,4호선,0156,동대문역사문화공원,1,출입구-승강장,2,2,2) 지하1층 엘리베이터 하차
01,수도권,S1,4,4호선,0156,동대문역사문화공원,1,출입구-승강장,2,3,"3) 지하1층 9번,10번 출구 옆 표내는곳 통과 후 좌측 20M이동"
01,수도권,S1,4,4호선,0156,동대문역사문화공원,1,출입구-승강장,2,4,4) 지하1층 엘리베이터 탑승
01,수도권,S1,4,4호선,0156,동대문역사문화공원,1,출입구-승강장,2,5,5) 지하3층 승강장 엘리베이터 하차
01,수도권,S1,4,4호선,0156,동대문역사문화공원,1,출입구-승강장,2,6,6) 충무로방면 승강장 이동
01,수도권,S1,4,4호선,0156,동대문역사문화공원,1,출입구-승강장,3,1,1)  4번 출입구 옆 지상1층 엘리베이터 탑승
01,수도권,S1,4,4호선,0156,동대문역사문화공원,1,출입구-승강장,3,2,2) 지하1층 엘리베이터 하차
01,수도권,S1,4,4호선,0156,동대문역사문화공원,1,출입구-승강장,3,3,"3) 지하1층 9번,10번 출구 옆 표내는곳 통과 후 좌측 20M이동"
01,수도권,S1,4,4호선,0156,동대문역사문화공원,1,출입구-승강장,3,4,4) 지하1층 엘리베이터 탑승
01,수도권,S1,4,4호선,0156,동대문역사문화공원,1,출입구-승강장,3,5,5) 지하3층 승강장 엘리베이터 하차
01,수도권,S1,4,4호선,0156,동대문역사문화공원,1,출입구-승강장,3,6,6) 동대문방면 승강장 이동
01,수도권,S1,4,4호선,0156,동대문역사문화공원,1,출입구-승강장,4,1,1)  4번 출입구 옆 지상1층 엘리베이터 탑승
01,수도권,S1,4,4호선,0156,동대문역사문화공원,1,출입구-승강장,4,2,2) 지하1층 엘리베이터 하차
01,수도권,S1,4,4호선,0156,동대문역사문화공원,1,출입구-승강장,4,3,"3) 지하1층 9번,10번 출구 옆 표내는곳 통과 후 좌측 20M이동"
01,수도권,S1,4,4호선,0156,동대문역사문화공원,1,출입구-승강장,4,4,4) 지하1층 엘리베이터 탑승
01,수도권,S1,4,4호선,0156,동대문역사문화공원,1,출입구-승강장,4,5,5) 지하3층 승강장 엘리베이터 하차
01,수도권,S1,4,4호선,0156,동대문역사문화공원,1,출입구-승강장,4,6,6) 충무로방면 승강장 이동
01,수도권,S1,4,4호선,0156,동대문역사문화공원,3,환승,1,1,1) (B3) 4호선 동대문 방면 승강장 하차
01,수도권,S1,4,4호선,0156,동대문역사문화공원,3,환승,1,2,2) 대합실 방향 엘리베이터 탑승
01,수도권,S1,4,4호선,0156,동대문역사문화공원,3,환승,1,3,3) (B1) 대합실로 이동
01,수도권,S1,4,4호선,0156,동대문역사문화공원,3,환승,1,4,4) 2호선 대합실로 이동
01,수도권,S1,4,4호선,0156,동대문역사문화공원,3,환승,1,5,5) 2호선 을지로4가 방면 엘리베이터 탑승
01,수도권,S1,4,4호선,0156,동대문역사문화공원,3,환승,1,6,6) (B2) 2호선 을지로4가 방면 승강장으로 이동
01,수도권,S1,4,4호선,0156,동대문역사문화공원,3,환승,1,7,7) 승차 (휠체어칸)
01,수도권,S1,4,4호선,0156,동대문역사문화공원,3,환승,2,1,1) (B3) 4호선 동대문 방면 승강장 하차
01,수도권,S1,4,4호선,0156,동대문역사문화공원,3,환승,2,2,2) 대합실 방향 엘리베이터 탑승
01,수도권,S1,4,4호선,0156,동대문역사문화공원,3,환승,2,3,3) (B1) 대합실로 이동
01,수도권,S1,4,4호선,0156,동대문역사문화공원,3,환승,2,4,4) 2호선 대합실로 이동
01,수도권,S1,4,4호선,0156,동대문역사문화공원,3,환승,2,5,5) 2호선 신당 방면 엘리베이터 탑승
01,수도권,S1,4,4호선,0156,동대문역사문화공원,3,환승,2,6,6) (B2) 2호선 신당 방면 승강장으로 이동
01,수도권,S1,4,4호선,0156,동대문역사문화공원,3,환승,2,7,7) 승차 (휠체어칸)
01,수도권,S1,4,4호선,0156,동대문역사문화공원,3,환승,3,1,1) (B3) 4호선 충무로 방면 승강장 하차
01,수도권,S1,4,4호선,0156,동대문역사문화공원,3,환승,3,2,2) 대합실 방향 엘리베이터 탑승
01,수도권,S1,4,4호선,0156,동대문역사문화공원,3,환승,3,3,3) (B1) 대합실로 이동
01,수도권,S1,4,4호선,0156,동대문역사문화공원,3,환승,3,4,4) 2호선 대합실로 이동
01,수도권,S1,4,4호선,0156,동대문역사문화공원,3,환승,3,5,5) 2호선 을지로4가 방면 엘리베이터 탑승
01,수도권,S1,4,4호선,0156,동대문역사문화공원,3,환승,3,6,6) (B2) 2호선 을지로4가 방면 승강장으로 이동
01,수도권,S1,4,4호선,0156,동대문역사문화공원,3,환승,3,7,7) 승차 (휠체어칸)
01,수도권,S1,4,4호선,0156,동대문역사문화공원,3,환승,4,1,1) (B3) 4호선 충무로 방면 승강장 하차
01,수도권,S1,4,4호선,0156,동대문역사문화공원,3,환승,4,2,2) 대합실 방향 엘리베이터 탑승
01,수도권,S1,4,4호선,0156,동대문역사문화공원,3,환승,4,3,3) (B1) 대합실로 이동
01,수도권,S1,4,4호선,0156,동대문역사문화공원,3,환승,4,4,4) 2호선 대합실로 이동
01,수도권,S1,4,4호선,0156,동대문역사문화공원,3,환승,4,5,5) 2호선 신당 방면 엘리베이터 탑승
01,수도권,S1,4,4호선,0156,동대문역사문화공원,3,환승,4,6,6) (B2) 2호선 신당 방면 승강장으로 이동
01,수도권,S1,4,4호선,0156,동대문역사문화공원,3,환승,4,7,7) 승차 (휠체어칸)
01,수도권,S1,4,4호선,0156,동대문역사문화공원,3,환승,5,1,1) (B3) 4호선 동대문 방면 승강장 하차
01,수도권,S1,4,4호선,0156,동대문역사문화공원,3,환승,5,2,2) 5호선 방향 환승 엘리베이터 탑승
01,수도권,S1,4,4호선,0156,동대문역사문화공원,3,환승,5,3,3) (B5) 5호선 을지로4가 방면 승강장으로 이동
01,수도권,S1,4,4호선,0156,동대문역사문화공원,3,환승,5,4,4) 승차 (휠체어칸)
01,수도권,S1,4,4호선,0156,동대문역사문화공원,3,환승,6,1,1) (B3) 4호선 동대문 방면 승강장 하차
01,수도권,S1,4,4호선,0156,동대문역사문화공원,3,환승,6,2,2) 5호선 방향 환승 엘리베이터 탑승
01,수도권,S1,4,4호선,0156,동대문역사문화공원,3,환승,6,3,3) (B5) 5호선 청구 방면 승강장으로 이동
01,수도권,S1,4,4호선,0156,동대문역사문화공원,3,환승,6,4,4) 승차 (휠체어칸)
01,수도권,S1,4,4호선,0156,동대문역사문화공원,3,환승,7,1,1) (B3) 4호선 충무로 방면 승강장 하차
01,수도권,S1,4,4호선,0156,동대문역사문화공원,3,환승,7,2,2) 5호선 방향 환승 엘리베이터 탑승
01,수도권,S1,4,4호선,0156,동대문역사문화공원,3,환승,7,3,3) (B5) 5호선 을지로4가 방면 승강장으로 이동
01,수도권,S1,4,4호선,0156,동대문역사문화공원,3,환승,7,4,4) 승차 (휠체어칸)
01,수도권,S1,4,4호선,0156,동대문역사문화공원,3,환승,8,1,1) (B3) 4호선 충무로 방면 승강장 하차
01,수도권,S1,4,4호선,0156,동대문역사문화공원,3,환승,8,2,2) 5호선 방향 환승 엘리베이터 탑승
01,수도권,S1,4,4호선,0156,동대문역사문화공원,3,환승,8,3,3) (B5) 5호선 청구 방면 승강장으로 이동
01,수도권,S1,4,4호선,0156,동대문역사문화공원,3,환승,8,4,4) 승차 (휠체어칸)
01,수도권,S1,4,4호선,0563,충무로,1,출입구-승강장,1,1,1) (1F) 7번 출입구 옆 엘리베이터 탑승
01,수도권,S1,4,4호선,0563,충무로,1,출입구-승강장,1,2,2) (B1) 대합실로 이동
01,수도권,S1,4,4호선,0563,충무로,1,출입구-승강장,1,3,3) 표 내는 곳 통과
01,수도권,S1,4,4호선,0563,충무로,1,출입구-승강장,1,4,4) 동대문역사문화공원 방면 엘리베이터 탑승
01,수도권,S1,4,4호선,0563,충무로,1,출입구-승강장,1,5,5) (B3) 동대문역사문화공원 방면 승강장으로 이동
01,수도권,S1,4,4호선,0563,충무로,1,출입구-승강장,1,6,6) 승차 (휠체어칸)
01,수도권,S1,4,4호선,0563,충무로,1,출입구-승강장,2,1,1) (1F) 7번 출입구 옆 엘리베이터 탑승
01,수도권,S1,4,4호선,0563,충무로,1,출입구-승강장,2,2,2) (B1) 대합실로 이동
01,수도권,S1,4,4호선,0563,충무로,1,출입구-승강장,2,3,3) 표 내는 곳 통과
01,수도권,S1,4,4호선,0563,충무로,1,출입구-승강장,2,4,4) 명동 방면 엘리베이터 탑승
01,수도권,S1,4,4호선,0563,충무로,1,출입구-승강장,2,5,5) (B3) 명동 방면 승강장으로 이동
01,수도권,S1,4,4호선,0563,충무로,1,출입구-승강장,2,6,6) 승차 (휠체어칸)
01,수도권,S1,4,4호선,0563,충무로,3,환승,1,1,1) (B3) 4호선 동대문역사문화공원 방면 승강장 하차
01,수도권,S1,4,4호선,0563,충무로,3,환승,1,2,2) 대합실 방향 엘리베이터 탑승
01,수도권,S1,4,4호선,0563,충무로,3,환승,1,3,3) (B2) 대합실로 이동
01,수도권,S1,4,4호선,0563,충무로,3,환승,1,4,4) 3호선 승강장 방향 엘리베이터 탑승
01,수도권,S1,4,4호선,0563,충무로,3,환승,1,5,5) (B4) 3호선 을지로3가 방면 승강장으로 이동
01,수도권,S1,4,4호선,0563,충무로,3,환승,1,6,6) 승차 (휠체어칸)
01,수도권,S1,4,4호선,0563,충무로,3,환승,2,1,1) (B3) 4호선 동대문역사문화공원 방면 승강장 하차
01,수도권,S1,4,4호선,0563,충무로,3,환승,2,2,2) 대합실 방향 엘리베이터 탑승
01,수도권,S1,4,4호선,0563,충무로,3,환승,2,3,3) (B2) 대합실로 이동
01,수도권,S1,4,4호선,0563,충무로,3,환승,2,4,4) 3호선 승강장 방향 엘리베이터 탑승
01,수도권,S1,4,4호선,0563,충무로,3,환승,2,5,5) (B4) 3호선 동대입구 방면 승강장으로 이동
01,수도권,S1,4,4호선,0563,충무로,3,환승,2,6,6) 승차 (휠체어칸)
01,수도권,S1,4,4호선,0563,충무로,3,환승,3,1,1) (B3) 4호선 명동 방면 승강장 하차
01,수도권,S1,4,4호선,0563,충무로,3,환승,3,2,2) (B3) 4호선 명동역 방면 승강장 7-2 출입문 앞 엘리베이터 탑승
01,수도권,S1,4,4호선,0563,충무로,3,환승,3,3,3) (B4) 3호선 을지로3가 방면 승강장으로 이동
01,수도권,S1,4,4호선,0563,충무로,3,환승,3,4,4) 승차 (휠체어칸)
01,수도권,S1,4,4호선,0563,충무로,3,환승,4,1,1) (B3) 4호선 명동 방면 승강장 하차
01,수도권,S1,4,4호선,0563,충무로,3,환승,4,2,2) (B3) 4호선 명동역 방면 승강장 7-2 출입문 앞 엘리베이터 탑승
01,수도권,S1,4,4호선,0563,충무로,3,환승,4,3,3) (B4) 3호선 동대입구 방면 승강장으로 이동
01,수도권,S1,4,4호선,0563,충무로,3,환승,4,4,4) 승차 (휠체어칸)
01,수도권,S1,4,4호선,0197,명동,1,출입구-승강장,1,1,1) (1F) 1번 출입구 옆 엘리베이터 탑승
01,수도권,S1,4,4호선,0197,명동,1,출입구-승강장,1,2,2) (B1) 표 내는 곳 통과
01,수도권,S1,4,4호선,0197,명동,1,출입구-승강장,1,3,3) 승강장 방향 엘리베이터 탑승
01,수도권,S1,4,4호선,0197,명동,1,출입구-승강장,1,4,4) (B4) 충무로 방면 승강장으로 이동
01,수도권,S1,4,4호선,0197,명동,1,출입구-승강장,1,5,5) 승차 (휠체어칸)
01,수도권,S1,4,4호선,0197,명동,1,출입구-승강장,2,1,1) (1F) 1번 출입구 옆 엘리베이터 탑승
01,수도권,S1,4,4호선,0197,명동,1,출입구-승강장,2,2,2) (B1) 표 내는 곳 통과
01,수도권,S1,4,4호선,0197,명동,1,출입구-승강장,2,3,3) 승강장 방향 엘리베이터 탑승
01,수도권,S1,4,4호선,0197,명동,1,출입구-승강장,2,4,4) (B4) 회현 방면 승강장으로 이동
01,수도권,S1,4,4호선,0197,명동,1,출입구-승강장,2,5,5) 승차 (휠체어칸)
01,수도권,S1,4,4호선,0607,회현,1,출입구-승강장,1,1,"1) (1F) 4, 5번 출구 사이 중앙 엘리베이터 탑승"
01,수도권,S1,4,4호선,0607,회현,1,출입구-승강장,1,2,2) (B1) 대합실로 이동
01,수도권,S1,4,4호선,0607,회현,1,출입구-승강장,1,3,3) 표 내는 곳 통과
01,수도권,S1,4,4호선,0607,회현,1,출입구-승강장,1,4,4) 승강장 방향 엘리베이터 탑승
01,수도권,S1,4,4호선,0607,회현,1,출입구-승강장,1,5,5) (B4) 명동 방면 승강장으로 이동
01,수도권,S1,4,4호선,0607,회현,1,출입구-승강장,1,6,6) 승차 (휠체어칸)
01,수도권,S1,4,4호선,0607,회현,1,출입구-승강장,2,1,"1) (1F) 4, 5번 출구 사이 중앙 엘리베이터 탑승"
01,수도권,S1,4,4호선,0607,회현,1,출입구-승강장,2,2,2) (B1) 대합실로 이동
01,수도권,S1,4,4호선,0607,회현,1,출입구-승강장,2,3,3) 표 내는 곳 통과
01,수도권,S1,4,4호선,0607,회현,1,출입구-승강장,2,4,4) 승강장 방향 엘리베이터 탑승
01,수도권,S1,4,4호선,0607,회현,1,출입구-승강장,2,5,5) (B4) 서울역 방면 승강장으로 이동
01,수도권,S1,4,4호선,0607,회현,1,출입구-승강장,2,6,6) 승차 (휠체어칸)
01,수도권,S1,4,4호선,0296,서울역,1,출입구-승강장,1,1,1) (1F) 12번 출입구 옆 엘리베이터 탑승
01,수도권,S1,4,4호선,0296,서울역,1,출입구-승강장,1,2,2) (B1) 대합실로 이동
01,수도권,S1,4,4호선,0296,서울역,1,출입구-승강장,1,3,3) 표 내는 곳 통과
01,수도권,S1,4,4호선,0296,서울역,1,출입구-승강장,1,4,4) 승강장 방향 엘리베이터 탑승
01,수도권,S1,4,4호선,0296,서울역,1,출입구-승강장,1,5,5) (B2) 회현 방면 승강장으로 이동
01,수도권,S1,4,4호선,0296,서울역,1,출입구-승강장,1,6,6) 승차 (휠체어칸)
01,수도권,S1,4,4호선,0296,서울역,1,출입구-승강장,2,1,1) (1F) 12번 출입구 옆 엘리베이터 탑승
01,수도권,S1,4,4호선,0296,서울역,1,출입구-승강장,2,2,2) (B1) 대합실로 이동
01,수도권,S1,4,4호선,0296,서울역,1,출입구-승강장,2,3,3) 표 내는 곳 통과
01,수도권,S1,4,4호선,0296,서울역,1,출입구-승강장,2,4,4) 승강장 방향 엘리베이터 탑승
01,수도권,S1,4,4호선,0296,서울역,1,출입구-승강장,2,5,5) (B2) 숙대입구 방면 승강장으로 이동
01,수도권,S1,4,4호선,0296,서울역,1,출입구-승강장,2,6,6) 승차 (휠체어칸)
01,수도권,S1,4,4호선,0296,서울역,3,환승,1,1,1) (B2) 4호선 회현 방면 승강장 하차
01,수도권,S1,4,4호선,0296,서울역,3,환승,1,2,2) 대합실 방향 엘리베이터 탑승
01,수도권,S1,4,4호선,0296,서울역,3,환승,1,3,3) (B1) 대합실로 이동
01,수도권,S1,4,4호선,0296,서울역,3,환승,1,4,4) 1호선 방향 환승통로로 이동
01,수도권,S1,4,4호선,0296,서울역,3,환승,1,5,5) 1호선 대합실로 이동
01,수도권,S1,4,4호선,0296,서울역,3,환승,1,6,6) 1호선 승강장 방향 엘리베이터 탑승
01,수도권,S1,4,4호선,0296,서울역,3,환승,1,7,7) (B2) 1호선 시청 방면 승강장으로 이동
01,수도권,S1,4,4호선,0296,서울역,3,환승,1,8,8) 승차 (휠체어칸)
01,수도권,S1,4,4호선,0296,서울역,3,환승,2,1,1) (B2) 4호선 회현 방면 승강장 하차
01,수도권,S1,4,4호선,0296,서울역,3,환승,2,2,2) 대합실 방향 엘리베이터 탑승
01,수도권,S1,4,4호선,0296,서울역,3,환승,2,3,3) (B1) 대합실로 이동
01,수도권,S1,4,4호선,0296,서울역,3,환승,2,4,4) 1호선 방향 환승통로로 이동
01,수도권,S1,4,4호선,0296,서울역,3,환승,2,5,5) 1호선 대합실로 이동
01,수도권,S1,4,4호선,0296,서울역,3,환승,2,6,6) 1호선 승강장 방향 엘리베이터 탑승
01,수도권,S1,4,4호선,0296,서울역,3,환승,2,7,7) (B2) 1호선 남영 방면 승강장으로 이동
01,수도권,S1,4,4호선,0296,서울역,3,환승,2,8,8) 승차 (휠체어칸)
01,수도권,S1,4,4호선,0296,서울역,3,환승,3,1,1) (B2) 4호선 숙대입구 방면 승강장 하차
01,수도권,S1,4,4호선,0296,서울역,3,환승,3,2,2) 대합실 방향 엘리베이터 탑승
01,수도권,S1,4,4호선,0296,서울역,3,환승,3,3,3) (B1) 대합실로 이동
01,수도권,S1,4,4호선,0296,서울역,3,환승,3,4,4) 1호선 방향 환승통로로 이동
01,수도권,S1,4,4호선,0296,서울역,3,환승,3,5,5) 1호선 대합실로 이동
01,수도권,S1,4,4호선,0296,서울역,3,환승,3,6,6) 1호선 승강장 방향 엘리베이터 탑승
01,수도권,S1,4,4호선,0296,서울역,3,환승,3,7,7) (B2) 1호선 시청 방면 승강장으로 이동
01,수도권,S1,4,4호선,0296,서울역,3,환승,3,8,8) 승차 (휠체어칸)
01,수도권,S1,4,4호선,0296,서울역,3,환승,4,1,1) (B2) 4호선 숙대입구 방면 승강장 하차
01,수도권,S1,4,4호선,0296,서울역,3,환승,4,2,2) 대합실 방향 엘리베이터 탑승
01,수도권,S1,4,4호선,0296,서울역,3,환승,4,3,3) (B1) 대합실로 이동
01,수도권,S1,4,4호선,0296,서울역,3,환승,4,4,4) 1호선 방향 환승통로로 이동
01,수도권,S1,4,4호선,0296,서울역,3,환승,4,5,5) 1호선 대합실로 이동
01,수도권,S1,4,4호선,0296,서울역,3,환승,4,6,6) 1호선 승강장 방향 엘리베이터 탑승
01,수도권,S1,4,4호선,0296,서울역,3,환승,4,7,7) (B2) 1호선 남영 방면 승강장으로 이동
01,수도권,S1,4,4호선,0296,서울역,3,환승,4,8,8) 승차 (휠체어칸)
01,수도권,S1,4,4호선,0296,서울역,3,환승,5,1,1) (B2) 4호선 회현 방면 승강장 하차
01,수도권,S1,4,4호선,0296,서울역,3,환승,5,2,2) 회현방면 승강장 9-1 부근 엘리베이터 탑승
01,수도권,S1,4,4호선,0296,서울역,3,환승,5,3,3) 엘리베이터로 (B1) 대합실로 이동
01,수도권,S1,4,4호선,0296,서울역,3,환승,5,4,4) 1호선 방향 환승통로로 이동
01,수도권,S1,4,4호선,0296,서울역,3,환승,5,5,5) 2번출구 외부 1호기 엘리베이터로 이동
01,수도권,S1,4,4호선,0296,서울역,3,환승,5,6,6) 외부 1호기 엘리베이터로 (1F) 지상 이동
01,수도권,S1,4,4호선,0296,서울역,3,환승,5,7,"7) (1F) 지상에서 (2F) 경의중앙선 역사로 이동 (경의중앙선에서는 지상 대합실을 2층, 승강장을 1층으로 구분)"
01,수도권,S1,4,4호선,0296,서울역,3,환승,5,8,8) (2F) 경의중앙선 역사에서 승강장 엘리베이터 탑승
01,수도권,S1,4,4호선,0296,서울역,3,환승,5,9,9) (1F) 경의중앙선 신촌 방면 승강장으로 이동
01,수도권,S1,4,4호선,0296,서울역,3,환승,5,10,10) 승차(휠체어칸)
01,수도권,S1,4,4호선,0296,서울역,3,환승,6,1,1) (B2) 4호선 숙대입구 방면 승강장 하차
01,수도권,S1,4,4호선,0296,서울역,3,환승,6,2,2) 숙대입구 방면 승강장 2-3 부근 엘리베이터 탑승
01,수도권,S1,4,4호선,0296,서울역,3,환승,6,3,3) 엘리베이터로 (B1) 대합실로 이동
01,수도권,S1,4,4호선,0296,서울역,3,환승,6,4,4) 1호선 방향 환승통로로 이동
01,수도권,S1,4,4호선,0296,서울역,3,환승,6,5,5) 2번출구 외부 1호기 엘리베이터로 이동
01,수도권,S1,4,4호선,0296,서울역,3,환승,6,6,6) 외부 1호기 엘리베이터로 (1F) 지상 이동
01,수도권,S1,4,4호선,0296,서울역,3,환승,6,7,"7) (1F) 지상에서 (2F) 경의중앙선 역사로 이동 (경의중앙선에서는 지상 대합실을 2층, 승강장을 1층으로 구분)"
01,수도권,S1,4,4호선,0296,서울역,3,환승,6,8,8) (2F) 경의중앙선 역사에서 승강장 엘리베이터 탑승
01,수도권,S1,4,4호선,0296,서울역,3,환승,6,9,9) (1F) 경의중앙선 신촌 방면 승강장으로 이동
01,수도권,S1,4,4호선,0296,서울역,3,환승,6,10,10) 승차(휠체어칸)
01,수도권,S1,4,4호선,0296,서울역,3,환승,7,1,1) (B2) 4호선 회현 방면 승강장 하차
01,수도권,S1,4,4호선,0296,서울역,3,환승,7,2,2) 대합실 방향 엘리베이터 탑승
01,수도권,S1,4,4호선,0296,서울역,3,환승,7,3,3) (B1) 대합실로 이동
01,수도권,S1,4,4호선,0296,서울역,3,환승,7,4,4) 공항철도 방향 대합실로 이동
01,수도권,S1,4,4호선,0296,서울역,3,환승,7,5,5) 공항철도 방향 엘리베이터 탑승
01,수도권,S1,4,4호선,0296,서울역,3,환승,7,6,6) (B3) 환승 대합실로 이동
01,수도권,S1,4,4호선,0296,서울역,3,환승,7,7,7) 공항철도 방향 환승통로로 이동
01,수도권,S1,4,4호선,0296,서울역,3,환승,7,8,8) (B3) 공항철도 대합실로 이동
01,수도권,S1,4,4호선,0296,서울역,3,환승,7,9,9) 공항철도 공덕 방면 엘리베이터 탑승
01,수도권,S1,4,4호선,0296,서울역,3,환승,7,10,10) (B7) 공항철도 공덕 방면 승강장으로 이동
01,수도권,S1,4,4호선,0296,서울역,3,환승,7,11,11) 승차 (휠체어칸)
01,수도권,S1,4,4호선,0296,서울역,3,환승,8,1,1) (B2) 4호선 숙대입구 방면 승강장 하차
01,수도권,S1,4,4호선,0296,서울역,3,환승,8,2,2) 대합실 방향 엘리베이터 탑승
01,수도권,S1,4,4호선,0296,서울역,3,환승,8,3,3) (B1) 대합실로 이동
01,수도권,S1,4,4호선,0296,서울역,3,환승,8,4,4) 공항철도 방향 대합실로 이동
01,수도권,S1,4,4호선,0296,서울역,3,환승,8,5,5) 공항철도 방향 엘리베이터 탑승
01,수도권,S1,4,4호선,0296,서울역,3,환승,8,6,6) (B3) 환승 대합실로 이동
01,수도권,S1,4,4호선,0296,서울역,3,환승,8,7,7) 공항철도 방향 환승통로로 이동
01,수도권,S1,4,4호선,0296,서울역,3,환승,8,8,8) (B3) 공항철도 대합실로 이동
01,수도권,S1,4,4호선,0296,서울역,3,환승,8,9,9) 공항철도 공덕 방면 엘리베이터 탑승
01,수도권,S1,4,4호선,0296,서울역,3,환승,8,10,10) (B7) 공항철도 공덕 방면 승강장으로 이동
01,수도권,S1,4,4호선,0296,서울역,3,환승,8,11,11) 승차 (휠체어칸)
01,수도권,S1,4,4호선,0343,숙대입구,1,출입구-승강장,1,1,1) (1F) 10번 출입구 옆 엘리베이터 탑승
01,수도권,S1,4,4호선,0343,숙대입구,1,출입구-승강장,1,2,2) (B1) 대합실로 이동
01,수도권,S1,4,4호선,0343,숙대입구,1,출입구-승강장,1,3,3) 서울역 방면 엘리베이터 앞 표 내는 곳 통과
01,수도권,S1,4,4호선,0343,숙대입구,1,출입구-승강장,1,4,4) 서울역 방면 엘리베이터 탑승
01,수도권,S1,4,4호선,0343,숙대입구,1,출입구-승강장,1,5,5) (B2) 서울역 방면 승강장으로 이동
01,수도권,S1,4,4호선,0343,숙대입구,1,출입구-승강장,1,6,6) 승차 (휠체어칸)
01,수도권,S1,4,4호선,0343,숙대입구,1,출입구-승강장,2,1,1) (1F) 10번 출입구 옆 엘리베이터 탑승
01,수도권,S1,4,4호선,0343,숙대입구,1,출입구-승강장,2,2,2) (B1) 대합실로 이동
01,수도권,S1,4,4호선,0343,숙대입구,1,출입구-승강장,2,3,3) 삼각지 방면 엘리베이터 앞 표 내는 곳 통과
01,수도권,S1,4,4호선,0343,숙대입구,1,출입구-승강장,2,4,4) 삼각지 방면 엘리베이터 탑승
01,수도권,S1,4,4호선,0343,숙대입구,1,출입구-승강장,2,5,5) (B2) 삼각지 방면 승강장으로 이동
01,수도권,S1,4,4호선,0343,숙대입구,1,출입구-승강장,2,6,6) 승차 (휠체어칸)
01,수도권,S1,4,4호선,0263,삼각지,1,출입구-승강장,1,1,1) (1F) 1번 출입구 옆 엘리베이터 탑승
01,수도권,S1,4,4호선,0263,삼각지,1,출입구-승강장,1,2,2) (B1) 대합실로 이동
01,수도권,S1,4,4호선,0263,삼각지,1,출입구-승강장,1,3,3) 표 내는 곳 통과
01,수도권,S1,4,4호선,0263,삼각지,1,출입구-승강장,1,4,4) 숙대입구 방면 엘리베이터 탑승
01,수도권,S1,4,4호선,0263,삼각지,1,출입구-승강장,1,5,5) (B2) 숙대입구 방면 승강장으로 이동
01,수도권,S1,4,4호선,0263,삼각지,1,출입구-승강장,1,6,6) 승차 (휠체어칸)
01,수도권,S1,4,4호선,0263,삼각지,1,출입구-승강장,2,1,1) (1F) 1번 출입구 옆 엘리베이터 탑승
01,수도권,S1,4,4호선,0263,삼각지,1,출입구-승강장,2,2,2) (B1) 대합실로 이동
01,수도권,S1,4,4호선,0263,삼각지,1,출입구-승강장,2,3,3) 표 내는 곳 통과
01,수도권,S1,4,4호선,0263,삼각지,1,출입구-승강장,2,4,4) 신용산 방면 엘리베이터 탑승
01,수도권,S1,4,4호선,0263,삼각지,1,출입구-승강장,2,5,5) (B2) 신용산 방면 승강장으로 이동
01,수도권,S1,4,4호선,0263,삼각지,1,출입구-승강장,2,6,6) 승차 (휠체어칸)
01,수도권,S1,4,4호선,0263,삼각지,1,출입구-승강장,3,1,1) (1F) 3번 출입구 옆 엘리베이터 탑승
01,수도권,S1,4,4호선,0263,삼각지,1,출입구-승강장,3,2,2) (B1) 대합실로 이동
01,수도권,S1,4,4호선,0263,삼각지,1,출입구-승강장,3,3,3) 표 내는 곳 통과
01,수도권,S1,4,4호선,0263,삼각지,1,출입구-승강장,3,4,4) 숙대입구 방면 엘리베이터 탑승
01,수도권,S1,4,4호선,0263,삼각지,1,출입구-승강장,3,5,5) (B2) 숙대입구 방면 승강장으로 이동
01,수도권,S1,4,4호선,0263,삼각지,1,출입구-승강장,3,6,6) 승차 (휠체어칸)
01,수도권,S1,4,4호선,0263,삼각지,1,출입구-승강장,4,1,1) (1F) 3번 출입구 옆 엘리베이터 탑승
01,수도권,S1,4,4호선,0263,삼각지,1,출입구-승강장,4,2,2) (B1) 대합실로 이동
01,수도권,S1,4,4호선,0263,삼각지,1,출입구-승강장,4,3,3) 표 내는 곳 통과
01,수도권,S1,4,4호선,0263,삼각지,1,출입구-승강장,4,4,4) 신용산 방면 엘리베이터 탑승
01,수도권,S1,4,4호선,0263,삼각지,1,출입구-승강장,4,5,5) (B2) 신용산 방면 승강장으로 이동
01,수도권,S1,4,4호선,0263,삼각지,1,출입구-승강장,4,6,6) 승차 (휠체어칸)
01,수도권,S1,4,4호선,0263,삼각지,1,출입구-승강장,5,1,1) (1F) 5번 출입구 옆 엘리베이터 탑승
01,수도권,S1,4,4호선,0263,삼각지,1,출입구-승강장,5,2,2) (B1) 대합실로 이동
01,수도권,S1,4,4호선,0263,삼각지,1,출입구-승강장,5,3,3) 표 내는 곳 통과
01,수도권,S1,4,4호선,0263,삼각지,1,출입구-승강장,5,4,4) 숙대입구 방면 엘리베이터 탑승
01,수도권,S1,4,4호선,0263,삼각지,1,출입구-승강장,5,5,5) (B2) 숙대입구 방면 승강장으로 이동
01,수도권,S1,4,4호선,0263,삼각지,1,출입구-승강장,5,6,6) 승차 (휠체어칸)
01,수도권,S1,4,4호선,0263,삼각지,1,출입구-승강장,6,1,1) (1F) 5번 출입구 옆 엘리베이터 탑승
01,수도권,S1,4,4호선,0263,삼각지,1,출입구-승강장,6,2,2) (B1) 대합실로 이동
01,수도권,S1,4,4호선,0263,삼각지,1,출입구-승강장,6,3,3) 표 내는 곳 통과
01,수도권,S1,4,4호선,0263,삼각지,1,출입구-승강장,6,4,4) 신용산 방면 엘리베이터 탑승
01,수도권,S1,4,4호선,0263,삼각지,1,출입구-승강장,6,5,5) (B2) 신용산 방면 승강장으로 이동
01,수도권,S1,4,4호선,0263,삼각지,1,출입구-승강장,6,6,6) 승차 (휠체어칸)
01,수도권,S1,4,4호선,0263,삼각지,3,환승,1,1,1) (B2) 4호선 숙대입구 방면 승강장 하차
01,수도권,S1,4,4호선,0263,삼각지,3,환승,1,2,2) (B3) 6호선 방향 환승통로로 이동
01,수도권,S1,4,4호선,0263,삼각지,3,환승,1,3,3) 6호선 승강장 방향 엘리베이터 탑승
01,수도권,S1,4,4호선,0263,삼각지,3,환승,1,4,4) (B4) 6호선 효창공원앞 방면 승강장으로 이동
01,수도권,S1,4,4호선,0263,삼각지,3,환승,1,5,5) 승차 (휠체어칸)
01,수도권,S1,4,4호선,0263,삼각지,3,환승,2,1,1) (B2) 4호선 숙대입구 방면 승강장 하차
01,수도권,S1,4,4호선,0263,삼각지,3,환승,2,2,2) (B3) 6호선 방향 환승통로로 이동
01,수도권,S1,4,4호선,0263,삼각지,3,환승,2,3,3) 6호선 승강장 방향 엘리베이터 탑승
01,수도권,S1,4,4호선,0263,삼각지,3,환승,2,4,4) (B4) 6호선 녹사평 방면 승강장으로 이동
01,수도권,S1,4,4호선,0263,삼각지,3,환승,2,5,5) 승차 (휠체어칸)
01,수도권,S1,4,4호선,0263,삼각지,3,환승,3,1,1) (B2) 4호선 신용산 방면 승강장 하차
01,수도권,S1,4,4호선,0263,삼각지,3,환승,3,2,2) (B3) 6호선 방향 환승통로로 이동
01,수도권,S1,4,4호선,0263,삼각지,3,환승,3,3,3) 6호선 승강장 방향 휠체어리프트 탑승
01,수도권,S1,4,4호선,0263,삼각지,3,환승,3,4,4) (B4) 6호선 효창공원앞 방면 승강장으로 이동
01,수도권,S1,4,4호선,0263,삼각지,3,환승,3,5,5) 승차 (휠체어칸)
01,수도권,S1,4,4호선,0263,삼각지,3,환승,4,1,1) (B2) 4호선 신용산 방면 승강장 하차
01,수도권,S1,4,4호선,0263,삼각지,3,환승,4,2,2) (B3) 6호선 방향 환승통로로 이동
01,수도권,S1,4,4호선,0263,삼각지,3,환승,4,3,3) 6호선 승강장 방향 휠체어리프트 탑승
01,수도권,S1,4,4호선,0263,삼각지,3,환승,4,4,4) (B4) 6호선 녹사평 방면 승강장으로 이동
01,수도권,S1,4,4호선,0263,삼각지,3,환승,4,5,5) 승차 (휠체어칸)
01,수도권,S1,4,4호선,0369,신용산,1,출입구-승강장,1,1,1) (1F) 1번 출입구 옆 엘리베이터 탑승
01,수도권,S1,4,4호선,0369,신용산,1,출입구-승강장,1,2,2) (B1) 대합실로 이동
01,수도권,S1,4,4호선,0369,신용산,1,출입구-승강장,1,3,3) 삼각지 방면 엘리베이터 앞 표 내는 곳 통과
01,수도권,S1,4,4호선,0369,신용산,1,출입구-승강장,1,4,4) 삼각지 방면 엘리베이터 탑승
01,수도권,S1,4,4호선,0369,신용산,1,출입구-승강장,1,5,5) (B2) 삼각지 방면 승강장으로 이동
01,수도권,S1,4,4호선,0369,신용산,1,출입구-승강장,1,6,6) 승차 (휠체어칸)
01,수도권,S1,4,4호선,0369,신용산,1,출입구-승강장,2,1,1) (1F) 1번 출입구 옆 엘리베이터 탑승
01,수도권,S1,4,4호선,0369,신용산,1,출입구-승강장,2,2,2) (B1) 대합실로 이동
01,수도권,S1,4,4호선,0369,신용산,1,출입구-승강장,2,3,3) 이촌 방면 엘리베이터 앞 표 내는 곳 통과
01,수도권,S1,4,4호선,0369,신용산,1,출입구-승강장,2,4,4) 이촌 방면 엘리베이터 탑승
01,수도권,S1,4,4호선,0369,신용산,1,출입구-승강장,2,5,5) (B2) 이촌 방면 승강장으로 이동
01,수도권,S1,4,4호선,0369,신용산,1,출입구-승강장,2,6,6) 승차 (휠체어칸)
01,수도권,S1,4,4호선,0369,신용산,1,출입구-승강장,3,1,1) (1F) 4번 출입구 옆 엘리베이터 탑승
01,수도권,S1,4,4호선,0369,신용산,1,출입구-승강장,3,2,2) (B1) 대합실로 이동
01,수도권,S1,4,4호선,0369,신용산,1,출입구-승강장,3,3,3) 삼각지 방면 엘리베이터 앞 표 내는 곳 통과
01,수도권,S1,4,4호선,0369,신용산,1,출입구-승강장,3,4,4) 삼각지 방면 엘리베이터 탑승
01,수도권,S1,4,4호선,0369,신용산,1,출입구-승강장,3,5,5) (B2) 삼각지 방면 승강장으로 이동
01,수도권,S1,4,4호선,0369,신용산,1,출입구-승강장,3,6,6) 승차 (휠체어칸)
01,수도권,S1,4,4호선,0369,신용산,1,출입구-승강장,4,1,1) (1F) 4번 출입구 옆 엘리베이터 탑승
01,수도권,S1,4,4호선,0369,신용산,1,출입구-승강장,4,2,2) (B1) 대합실로 이동
01,수도권,S1,4,4호선,0369,신용산,1,출입구-승강장,4,3,3) 이촌 방면 엘리베이터 앞 표 내는 곳 통과
01,수도권,S1,4,4호선,0369,신용산,1,출입구-승강장,4,4,4) 이촌 방면 엘리베이터 탑승
01,수도권,S1,4,4호선,0369,신용산,1,출입구-승강장,4,5,5) (B2) 이촌 방면 승강장으로 이동
01,수도권,S1,4,4호선,0369,신용산,1,출입구-승강장,4,6,6) 승차 (휠체어칸)
01,수도권,S1,4,4호선,0477,이촌,1,출입구-승강장,1,1,1) (1F) 1번 출입구 옆 엘리베이터 탑승
01,수도권,S1,4,4호선,0477,이촌,1,출입구-승강장,1,2,2) (B1) 대합실로 이동
01,수도권,S1,4,4호선,0477,이촌,1,출입구-승강장,1,3,3) 표 내는 곳 통과
01,수도권,S1,4,4호선,0477,이촌,1,출입구-승강장,1,4,4) 신용산 방면 엘리베이터 탑승
01,수도권,S1,4,4호선,0477,이촌,1,출입구-승강장,1,5,5) (B2) 신용산 방면 승강장으로 이동
01,수도권,S1,4,4호선,0477,이촌,1,출입구-승강장,1,6,6) 승차 (휠체어칸)
01,수도권,S1,4,4호선,0477,이촌,1,출입구-승강장,2,1,1) (1F) 1번 출입구 옆 엘리베이터 탑승
01,수도권,S1,4,4호선,0477,이촌,1,출입구-승강장,2,2,2) (B1) 대합실로 이동
01,수도권,S1,4,4호선,0477,이촌,1,출입구-승강장,2,3,3) 표 내는 곳 통과
01,수도권,S1,4,4호선,0477,이촌,1,출입구-승강장,2,4,4) 동작 방면 엘리베이터 탑승
01,수도권,S1,4,4호선,0477,이촌,1,출입구-승강장,2,5,5) (B2) 동작 방면 승강장으로 이동
01,수도권,S1,4,4호선,0477,이촌,1,출입구-승강장,2,6,6) 승차 (휠체어칸)
01,수도권,S1,4,4호선,0477,이촌,1,출입구-승강장,3,1,1) (1F) 2번 출입구 옆 엘리베이터 탑승
01,수도권,S1,4,4호선,0477,이촌,1,출입구-승강장,3,2,2) (B1) 대합실로 이동
01,수도권,S1,4,4호선,0477,이촌,1,출입구-승강장,3,3,3) 표 내는 곳 통과
01,수도권,S1,4,4호선,0477,이촌,1,출입구-승강장,3,4,4) 신용산 방면 엘리베이터 탑승
01,수도권,S1,4,4호선,0477,이촌,1,출입구-승강장,3,5,5) (B2) 신용산 방면 승강장으로 이동
01,수도권,S1,4,4호선,0477,이촌,1,출입구-승강장,3,6,6) 승차 (휠체어칸)
01,수도권,S1,4,4호선,0477,이촌,1,출입구-승강장,4,1,1) (1F) 2번 출입구 옆 엘리베이터 탑승
01,수도권,S1,4,4호선,0477,이촌,1,출입구-승강장,4,2,2) (B1) 대합실로 이동
01,수도권,S1,4,4호선,0477,이촌,1,출입구-승강장,4,3,3) 표 내는 곳 통과
01,수도권,S1,4,4호선,0477,이촌,1,출입구-승강장,4,4,4) 동작 방면 엘리베이터 탑승
01,수도권,S1,4,4호선,0477,이촌,1,출입구-승강장,4,5,5) (B2) 동작 방면 승강장으로 이동
01,수도권,S1,4,4호선,0477,이촌,1,출입구-승강장,4,6,6) 승차 (휠체어칸)
01,수도권,S1,4,4호선,0477,이촌,1,출입구-승강장,5,1,1) (1F) 3-1번 출입구 옆 엘리베이터 탑승
01,수도권,S1,4,4호선,0477,이촌,1,출입구-승강장,5,2,2) (B1) 대합실로 이동
01,수도권,S1,4,4호선,0477,이촌,1,출입구-승강장,5,3,3) 표 내는 곳 통과
01,수도권,S1,4,4호선,0477,이촌,1,출입구-승강장,5,4,4) 신용산 방면 엘리베이터 탑승
01,수도권,S1,4,4호선,0477,이촌,1,출입구-승강장,5,5,5) (B2) 신용산 방면 승강장으로 이동
01,수도권,S1,4,4호선,0477,이촌,1,출입구-승강장,5,6,6) 승차 (휠체어칸)
01,수도권,S1,4,4호선,0477,이촌,1,출입구-승강장,6,1,1) (1F) 3-1번 출입구 옆 엘리베이터 탑승
01,수도권,S1,4,4호선,0477,이촌,1,출입구-승강장,6,2,2) (B1) 대합실로 이동
01,수도권,S1,4,4호선,0477,이촌,1,출입구-승강장,6,3,3) 표 내는 곳 통과
01,수도권,S1,4,4호선,0477,이촌,1,출입구-승강장,6,4,4) 동작 방면 엘리베이터 탑승
01,수도권,S1,4,4호선,0477,이촌,1,출입구-승강장,6,5,5) (B2) 동작 방면 승강장으로 이동
01,수도권,S1,4,4호선,0477,이촌,1,출입구-승강장,6,6,6) 승차 (휠체어칸)
01,수도권,S1,4,4호선,0477,이촌,3,환승,1,1,1) (B2) 4호선 신용산 방면 승강장 하차
01,수도권,S1,4,4호선,0477,이촌,3,환승,1,2,2) (B1) 대합실 방향 엘리베이터 탑승
01,수도권,S1,4,4호선,0477,이촌,3,환승,1,3,3) (B1) 대합실로 이동
01,수도권,S1,4,4호선,0477,이촌,3,환승,1,4,4) 지상 1층 경의중앙선 서빙고 방면 엘리베이터 탑승
01,수도권,S1,4,4호선,0477,이촌,3,환승,1,5,5) 환승통로로 이동
01,수도권,S1,4,4호선,0477,이촌,3,환승,1,6,6) 경의중앙선 승강장 엘리베이터 이용 
01,수도권,S1,4,4호선,0477,이촌,3,환승,1,7,7) 경의중앙선 대합실로 이동
01,수도권,S1,4,4호선,0477,이촌,3,환승,1,8,8) 경의중앙선 용산 방면 엘리베이터 탑승
01,수도권,S1,4,4호선,0477,이촌,3,환승,1,9,9) (1F) 경의중앙선 용산 방면 승강장으로 이동
01,수도권,S1,4,4호선,0477,이촌,3,환승,1,10,10) 승차 (휠체어칸)
01,수도권,S1,4,4호선,0477,이촌,3,환승,2,1,1) (B2) 4호선 신용산 방면 승강장 하차
01,수도권,S1,4,4호선,0477,이촌,3,환승,2,2,2) (B1) 대합실 방향 엘리베이터 탑승
01,수도권,S1,4,4호선,0477,이촌,3,환승,2,3,3) (B1) 대합실로 이동
01,수도권,S1,4,4호선,0477,이촌,3,환승,2,4,4) 경의중앙선 방향 서빙고 방면 엘리베이터  탑승
01,수도권,S1,4,4호선,0477,이촌,3,환승,2,5,5) (1F) 경의중앙선 서빙고 방면 승강장으로 이동
01,수도권,S1,4,4호선,0477,이촌,3,환승,2,6,6) 승차 (휠체어칸
01,수도권,S1,4,4호선,0477,이촌,3,환승,3,1,1) (B2) 4호선 동작 방면 승강장 하차
01,수도권,S1,4,4호선,0477,이촌,3,환승,3,2,2) (B1) 대합실 방향 엘리베이터 탑승
01,수도권,S1,4,4호선,0477,이촌,3,환승,3,3,3) (B1) 대합실로 이동
01,수도권,S1,4,4호선,0477,이촌,3,환승,3,4,4) 지상 1층 경의중앙선 서빙고 방면 엘리베이터 탑승
01,수도권,S1,4,4호선,0477,이촌,3,환승,3,5,5) 환승통로로 이동
01,수도권,S1,4,4호선,0477,이촌,3,환승,3,6,6) 경의중앙선 승강장 엘리베이터 이용 
01,수도권,S1,4,4호선,0477,이촌,3,환승,3,7,7) 경의중앙선 대합실로 이동
01,수도권,S1,4,4호선,0477,이촌,3,환승,3,8,8) 경의중앙선 용산 방면 엘리베이터 탑승
01,수도권,S1,4,4호선,0477,이촌,3,환승,3,9,9) (1F) 경의중앙선 용산 방면 승강장으로 이동
01,수도권,S1,4,4호선,0477,이촌,3,환승,3,10,10) 승차 (휠체어칸)
01,수도권,S1,4,4호선,0477,이촌,3,환승,4,1,1) (B2) 4호선 동작 방면 승강장 하차
01,수도권,S1,4,4호선,0477,이촌,3,환승,4,2,2) (B1) 대합실 방향 엘리베이터 탑승
01,수도권,S1,4,4호선,0477,이촌,3,환승,4,3,3) (B1) 대합실로 이동
01,수도권,S1,4,4호선,0477,이촌,3,환승,4,4,4) 경의중앙선 방향 서빙고 방면 엘리베이터  탑승
01,수도권,S1,4,4호선,0477,이촌,3,환승,4,5,5) (1F) 경의중앙선 서빙고 방면 승강장으로 이동
01,수도권,S1,4,4호선,0477,이촌,3,환승,4,6,6) 승차 (휠체어칸)
01,수도권,S1,4,4호선,0167,동작,1,출입구-승강장,1,1,1) (1F) 1번 출입구 대합실로 이동
01,수도권,S1,4,4호선,0167,동작,1,출입구-승강장,1,2,2) 표 내는 곳 통과
01,수도권,S1,4,4호선,0167,동작,1,출입구-승강장,1,3,3) 엘리베이터 탑승
01,수도권,S1,4,4호선,0167,동작,1,출입구-승강장,1,4,4) (2F) 대합실로 이동
01,수도권,S1,4,4호선,0167,동작,1,출입구-승강장,1,5,5) 이촌 방면 엘리베이터 탑승
01,수도권,S1,4,4호선,0167,동작,1,출입구-승강장,1,6,6) (3F) 이촌 방면 승강장으로 이동
01,수도권,S1,4,4호선,0167,동작,1,출입구-승강장,1,7,7) 승차 (휠체어칸)
01,수도권,S1,4,4호선,0167,동작,1,출입구-승강장,2,1,1) (1F) 1번 출입구 대합실로 이동
01,수도권,S1,4,4호선,0167,동작,1,출입구-승강장,2,2,2) 표 내는 곳 통과
01,수도권,S1,4,4호선,0167,동작,1,출입구-승강장,2,3,3) 총신대입구 방면 엘리베이터 탑승
01,수도권,S1,4,4호선,0167,동작,1,출입구-승강장,2,4,4) (3F) 총신대입구 방면 승강장으로 이동
01,수도권,S1,4,4호선,0167,동작,1,출입구-승강장,2,5,5) 승차 (휠체어칸)
01,수도권,S1,4,4호선,0167,동작,1,출입구-승강장,3,1,1) (1F) 2번 출입구 대합실로 이동
01,수도권,S1,4,4호선,0167,동작,1,출입구-승강장,3,2,2) 표 내는 곳 통과
01,수도권,S1,4,4호선,0167,동작,1,출입구-승강장,3,3,3) 엘리베이터 탑승
01,수도권,S1,4,4호선,0167,동작,1,출입구-승강장,3,4,4) (2F) 대합실로 이동
01,수도권,S1,4,4호선,0167,동작,1,출입구-승강장,3,5,5) 이촌 방면 엘리베이터 탑승
01,수도권,S1,4,4호선,0167,동작,1,출입구-승강장,3,6,6) (3F) 이촌 방면 승강장으로 이동
01,수도권,S1,4,4호선,0167,동작,1,출입구-승강장,3,7,7) 승차 (휠체어칸)
01,수도권,S1,4,4호선,0167,동작,1,출입구-승강장,4,1,1) (1F) 2번 출입구 대합실로 이동
01,수도권,S1,4,4호선,0167,동작,1,출입구-승강장,4,2,2) 표 내는 곳 통과
01,수도권,S1,4,4호선,0167,동작,1,출입구-승강장,4,3,3) 총신대입구 방면 엘리베이터 탑승
01,수도권,S1,4,4호선,0167,동작,1,출입구-승강장,4,4,4) (3F) 총신대입구 방면 승강장으로 이동
01,수도권,S1,4,4호선,0167,동작,1,출입구-승강장,4,5,5) 승차 (휠체어칸)
01,수도권,S1,4,4호선,0167,동작,3,환승,1,1,1) (3F) 4호선 이촌 방면 승강장 하차
01,수도권,S1,4,4호선,0167,동작,3,환승,1,2,2) 대합실 방향 엘리베이터 탑승
01,수도권,S1,4,4호선,0167,동작,3,환승,1,3,3) (2F) 대합실로 이동
01,수도권,S1,4,4호선,0167,동작,3,환승,1,4,4) 9호선 방향 환승통로로 이동
01,수도권,S1,4,4호선,0167,동작,3,환승,1,5,5) 환승 엘리베이터 탑승
01,수도권,S1,4,4호선,0167,동작,3,환승,1,6,6) (B2) 9호선 대합실로 이동
01,수도권,S1,4,4호선,0167,동작,3,환승,1,7,7) 9호선 구반포 방면 엘리베이터 탑승
01,수도권,S1,4,4호선,0167,동작,3,환승,1,8,8) (B3) 9호선 구반포 방면 승강장으로 이동
01,수도권,S1,4,4호선,0167,동작,3,환승,1,9,9) 승차 (휠체어칸)
01,수도권,S1,4,4호선,0167,동작,3,환승,2,1,1) (3F) 4호선 이촌 방면 승강장 하차
01,수도권,S1,4,4호선,0167,동작,3,환승,2,2,2) 대합실 방향 엘리베이터 탑승
01,수도권,S1,4,4호선,0167,동작,3,환승,2,3,3) (2F) 대합실로 이동
01,수도권,S1,4,4호선,0167,동작,3,환승,2,4,4) 9호선 방향 환승통로로 이동
01,수도권,S1,4,4호선,0167,동작,3,환승,2,5,5) 환승 엘리베이터 탑승
01,수도권,S1,4,4호선,0167,동작,3,환승,2,6,6) (B2) 9호선 대합실로 이동
01,수도권,S1,4,4호선,0167,동작,3,환승,2,7,7) 9호선 흑석 방면 엘리베이터 탑승
01,수도권,S1,4,4호선,0167,동작,3,환승,2,8,8) (B3) 9호선 흑석 방면 승강장으로 이동
01,수도권,S1,4,4호선,0167,동작,3,환승,2,9,9) 승차 (휠체어칸)
01,수도권,S1,4,4호선,0167,동작,3,환승,3,1,1) (3F) 4호선 총신대입구 방면 승강장 하차
01,수도권,S1,4,4호선,0167,동작,3,환승,3,2,2) 대합실 방향 엘리베이터 탑승
01,수도권,S1,4,4호선,0167,동작,3,환승,3,3,3) (2F) 대합실로 이동
01,수도권,S1,4,4호선,0167,동작,3,환승,3,4,4) 9호선 방향 환승통로로 이동
01,수도권,S1,4,4호선,0167,동작,3,환승,3,5,5) 환승 엘리베이터 탑승
01,수도권,S1,4,4호선,0167,동작,3,환승,3,6,6) (B2) 9호선 대합실로 이동
01,수도권,S1,4,4호선,0167,동작,3,환승,3,7,7) 9호선 구반포 방면 엘리베이터 탑승
01,수도권,S1,4,4호선,0167,동작,3,환승,3,8,8) (B3) 9호선 구반포 방면 승강장으로 이동
01,수도권,S1,4,4호선,0167,동작,3,환승,3,9,9) 승차 (휠체어칸)
01,수도권,S1,4,4호선,0167,동작,3,환승,4,1,1) (3F) 4호선 총신대입구 방면 승강장 하차
01,수도권,S1,4,4호선,0167,동작,3,환승,4,2,2) 대합실 방향 엘리베이터 탑승
01,수도권,S1,4,4호선,0167,동작,3,환승,4,3,3) (2F) 대합실로 이동
01,수도권,S1,4,4호선,0167,동작,3,환승,4,4,4) 9호선 방향 환승통로로 이동
01,수도권,S1,4,4호선,0167,동작,3,환승,4,5,5) 환승 엘리베이터 탑승
01,수도권,S1,4,4호선,0167,동작,3,환승,4,6,6) (B2) 9호선 대합실로 이동
01,수도권,S1,4,4호선,0167,동작,3,환승,4,7,7) 9호선 흑석 방면 엘리베이터 탑승
01,수도권,S1,4,4호선,0167,동작,3,환승,4,8,8) (B3) 9호선 흑석 방면 승강장으로 이동
01,수도권,S1,4,4호선,0167,동작,3,환승,4,9,9) 승차 (휠체어칸)
01,수도권,S1,4,4호선,0560,총신대입구,1,출입구-승강장,1,1,1) (1F) 1번 출입구 옆 엘리베이터 탑승
01,수도권,S1,4,4호선,0560,총신대입구,1,출입구-승강장,1,2,2) (B1) 대합실로 이동
01,수도권,S1,4,4호선,0560,총신대입구,1,출입구-승강장,1,3,3) 표 내는 곳 통과
01,수도권,S1,4,4호선,0560,총신대입구,1,출입구-승강장,1,4,4) 동작 방면 엘리베이터 탑승
01,수도권,S1,4,4호선,0560,총신대입구,1,출입구-승강장,1,5,5) (B2) 동작 방면 승강장으로 이동
01,수도권,S1,4,4호선,0560,총신대입구,1,출입구-승강장,1,6,6) 승차 (휠체어칸)
01,수도권,S1,4,4호선,0560,총신대입구,1,출입구-승강장,2,1,1) (1F) 1번 출입구 옆 엘리베이터 탑승
01,수도권,S1,4,4호선,0560,총신대입구,1,출입구-승강장,2,2,2) (B1) 대합실로 이동
01,수도권,S1,4,4호선,0560,총신대입구,1,출입구-승강장,2,3,3) 표 내는 곳 통과
01,수도권,S1,4,4호선,0560,총신대입구,1,출입구-승강장,2,4,4) 사당 방면 엘리베이터 탑승
01,수도권,S1,4,4호선,0560,총신대입구,1,출입구-승강장,2,5,5) (B2) 사당 방면 승강장으로 이동
01,수도권,S1,4,4호선,0560,총신대입구,1,출입구-승강장,2,6,6) 승차 (휠체어칸)
01,수도권,S1,4,4호선,0560,총신대입구,1,출입구-승강장,3,1,1) (1F) 14번 출입구 옆 엘리베이터 탑승
01,수도권,S1,4,4호선,0560,총신대입구,1,출입구-승강장,3,2,2) (B1) 대합실로 이동
01,수도권,S1,4,4호선,0560,총신대입구,1,출입구-승강장,3,3,3) 표 내는 곳 통과
01,수도권,S1,4,4호선,0560,총신대입구,1,출입구-승강장,3,4,4) 동작 방면 엘리베이터 탑승
01,수도권,S1,4,4호선,0560,총신대입구,1,출입구-승강장,3,5,5) (B2) 동작 방면 승강장으로 이동
01,수도권,S1,4,4호선,0560,총신대입구,1,출입구-승강장,3,6,6) 승차 (휠체어칸)
01,수도권,S1,4,4호선,0560,총신대입구,1,출입구-승강장,4,1,1) (1F) 14번 출입구 옆 엘리베이터 탑승
01,수도권,S1,4,4호선,0560,총신대입구,1,출입구-승강장,4,2,2) (B1) 대합실로 이동
01,수도권,S1,4,4호선,0560,총신대입구,1,출입구-승강장,4,3,3) 표 내는 곳 통과
01,수도권,S1,4,4호선,0560,총신대입구,1,출입구-승강장,4,4,4) 사당 방면 엘리베이터 탑승
01,수도권,S1,4,4호선,0560,총신대입구,1,출입구-승강장,4,5,5) (B2) 사당 방면 승강장으로 이동
01,수도권,S1,4,4호선,0560,총신대입구,1,출입구-승강장,4,6,6) 승차 (휠체어칸)
01,수도권,S1,4,4호선,0560,총신대입구,3,환승,1,1,1) (B2) 4호선 동작 방면 승강장 하차
01,수도권,S1,4,4호선,0560,총신대입구,3,환승,1,2,2) 7호선 환승통로 방향 휠체어리프트 탑승
01,수도권,S1,4,4호선,0560,총신대입구,3,환승,1,3,3) (B4) 환승통로로 이동
01,수도권,S1,4,4호선,0560,총신대입구,3,환승,1,4,4) 7호선 방향 승강장으로 이동
01,수도권,S1,4,4호선,0560,총신대입구,3,환승,1,5,5) 대합실 방향 엘리베이터 탑승
01,수도권,S1,4,4호선,0560,총신대입구,3,환승,1,6,6) (B3) 7호선 대합실로 이동
01,수도권,S1,4,4호선,0560,총신대입구,3,환승,1,7,7) 7호선 내방 방면 엘리베이터 탑승
01,수도권,S1,4,4호선,0560,총신대입구,3,환승,1,8,8) (B4) 7호선 내방 방면 승강장으로 이동
01,수도권,S1,4,4호선,0560,총신대입구,3,환승,1,9,9) 승차 (휠체어칸)
01,수도권,S1,4,4호선,0560,총신대입구,3,환승,2,1,1) (B2) 4호선 동작 방면 승강장 하차
01,수도권,S1,4,4호선,0560,총신대입구,3,환승,2,2,2) 7호선 환승통로 방향 휠체어리프트 탑승
01,수도권,S1,4,4호선,0560,총신대입구,3,환승,2,3,3) (B4) 환승통로로 이동
01,수도권,S1,4,4호선,0560,총신대입구,3,환승,2,4,4) 7호선 남성 방면 승강장으로 이동
01,수도권,S1,4,4호선,0560,총신대입구,3,환승,2,5,5) 승차 (휠체어칸)
01,수도권,S1,4,4호선,0560,총신대입구,3,환승,3,1,1) (B2) 4호선 사당 방면 승강장 하차
01,수도권,S1,4,4호선,0560,총신대입구,3,환승,3,2,2) 7호선 환승통로 방향 휠체어리프트 탑승
01,수도권,S1,4,4호선,0560,총신대입구,3,환승,3,3,3) (B4) 환승통로로 이동
01,수도권,S1,4,4호선,0560,총신대입구,3,환승,3,4,4) 7호선 방향 승강장으로 이동
01,수도권,S1,4,4호선,0560,총신대입구,3,환승,3,5,5) 대합실 방향 엘리베이터 탑승
01,수도권,S1,4,4호선,0560,총신대입구,3,환승,3,6,6) (B3) 7호선 대합실로 이동
01,수도권,S1,4,4호선,0560,총신대입구,3,환승,3,7,7) 7호선 내방 방면 엘리베이터 탑승
01,수도권,S1,4,4호선,0560,총신대입구,3,환승,3,8,8) (B4) 7호선 내방 방면 승강장으로 이동
01,수도권,S1,4,4호선,0560,총신대입구,3,환승,3,9,9) 승차 (휠체어칸)
01,수도권,S1,4,4호선,0560,총신대입구,3,환승,4,1,1) (B2) 4호선 사당 방면 승강장 하차
01,수도권,S1,4,4호선,0560,총신대입구,3,환승,4,2,2) 7호선 환승통로 방향 휠체어리프트 탑승
01,수도권,S1,4,4호선,0560,총신대입구,3,환승,4,3,3) (B4) 환승통로로 이동
01,수도권,S1,4,4호선,0560,총신대입구,3,환승,4,4,4) 7호선 남성 방면 승강장으로 이동
01,수도권,S1,4,4호선,0560,총신대입구,3,환승,4,5,5) 승차 (휠체어칸)
01,수도권,S1,4,4호선,0257,사당,1,출입구-승강장,1,1,1) (1F) 6번 출입구 옆 엘리베이터 탑승
01,수도권,S1,4,4호선,0257,사당,1,출입구-승강장,1,2,2) (B1) 2호선 대합실로 이동
01,수도권,S1,4,4호선,0257,사당,1,출입구-승강장,1,3,3) 표 내는 곳 통과
01,수도권,S1,4,4호선,0257,사당,1,출입구-승강장,1,4,4) 4호선 승강장 방향 엘리베이터 탑승
01,수도권,S1,4,4호선,0257,사당,1,출입구-승강장,1,5,5) (B3) 총신대입구 방면 승강장으로 이동
01,수도권,S1,4,4호선,0257,사당,1,출입구-승강장,1,6,6) 승차 (휠체어칸)
01,수도권,S1,4,4호선,0257,사당,1,출입구-승강장,2,1,1) (1F) 6번 출입구 옆 엘리베이터 탑승
01,수도권,S1,4,4호선,0257,사당,1,출입구-승강장,2,2,2) (B1) 2호선 대합실로 이동
01,수도권,S1,4,4호선,0257,사당,1,출입구-승강장,2,3,3) 표 내는 곳 통과
01,수도권,S1,4,4호선,0257,사당,1,출입구-승강장,2,4,4) 4호선 승강장 방향 엘리베이터 탑승
01,수도권,S1,4,4호선,0257,사당,1,출입구-승강장,2,5,5) (B3) 남태령 방면 승강장으로 이동
01,수도권,S1,4,4호선,0257,사당,1,출입구-승강장,2,6,6) 승차 (휠체어칸)
01,수도권,S1,4,4호선,0257,사당,1,출입구-승강장,3,1,1) (1F) 14번 출입구 옆 엘리베이터 탑승
01,수도권,S1,4,4호선,0257,사당,1,출입구-승강장,3,2,2) (B1) 2호선 대합실로 이동
01,수도권,S1,4,4호선,0257,사당,1,출입구-승강장,3,3,3) 표 내는 곳 통과
01,수도권,S1,4,4호선,0257,사당,1,출입구-승강장,3,4,4) 4호선 승강장 방향 엘리베이터 탑승
01,수도권,S1,4,4호선,0257,사당,1,출입구-승강장,3,5,5) (B3) 총신대입구 방면 승강장으로 이동
01,수도권,S1,4,4호선,0257,사당,1,출입구-승강장,3,6,6) 승차 (휠체어칸)
01,수도권,S1,4,4호선,0257,사당,1,출입구-승강장,4,1,1) (1F) 14번 출입구 옆 엘리베이터 탑승
01,수도권,S1,4,4호선,0257,사당,1,출입구-승강장,4,2,2) (B1) 2호선 대합실로 이동
01,수도권,S1,4,4호선,0257,사당,1,출입구-승강장,4,3,3) 표 내는 곳 통과
01,수도권,S1,4,4호선,0257,사당,1,출입구-승강장,4,4,4) 4호선 승강장 방향 엘리베이터 탑승
01,수도권,S1,4,4호선,0257,사당,1,출입구-승강장,4,5,5) (B3) 남태령 방면 승강장으로 이동
01,수도권,S1,4,4호선,0257,사당,1,출입구-승강장,4,6,6) 승차 (휠체어칸)
01,수도권,S1,4,4호선,0257,사당,3,환승,1,1,1) (B3) 4호선 총신대입구 방면 승강장 하차
01,수도권,S1,4,4호선,0257,사당,3,환승,1,2,2) 대합실 방향 엘리베이터 탑승
01,수도권,S1,4,4호선,0257,사당,3,환승,1,3,3) (B1) 2호선 대합실로 이동
01,수도권,S1,4,4호선,0257,사당,3,환승,1,4,4) 표 내는 곳 통과
01,수도권,S1,4,4호선,0257,사당,3,환승,1,5,5) 2호선 방배 방면 엘리베이터 탑승
01,수도권,S1,4,4호선,0257,사당,3,환승,1,6,6) (B2) 2호선 방배 방면 승강장으로 이동
01,수도권,S1,4,4호선,0257,사당,3,환승,1,7,7) 승차 (휠체어칸)
01,수도권,S1,4,4호선,0257,사당,3,환승,2,1,1) (B3) 4호선 총신대입구 방면 승강장 하차
01,수도권,S1,4,4호선,0257,사당,3,환승,2,2,2) 대합실 방향 엘리베이터 탑승
01,수도권,S1,4,4호선,0257,사당,3,환승,2,3,3) (B2) 2호선 낙성대 방면 승강장으로 이동
01,수도권,S1,4,4호선,0257,사당,3,환승,2,4,4) 승차 (휠체어칸)
01,수도권,S1,4,4호선,0257,사당,3,환승,3,1,1) (B3) 4호선 남태령 방면 승강장 하차
01,수도권,S1,4,4호선,0257,사당,3,환승,3,2,2) 대합실 방향 엘리베이터 탑승
01,수도권,S1,4,4호선,0257,사당,3,환승,3,3,3) (B1) 2호선 대합실로 이동
01,수도권,S1,4,4호선,0257,사당,3,환승,3,4,4) 표 내는 곳 통과
01,수도권,S1,4,4호선,0257,사당,3,환승,3,5,5) 2호선 방배 방면 엘리베이터 탑승
01,수도권,S1,4,4호선,0257,사당,3,환승,3,6,6) (B2) 2호선 방배 방면 승강장으로 이동
01,수도권,S1,4,4호선,0257,사당,3,환승,3,7,7) 승차 (휠체어칸)
01,수도권,S1,4,4호선,0257,사당,3,환승,4,1,1) (B3) 4호선 남태령 방면 승강장 하차
01,수도권,S1,4,4호선,0257,사당,3,환승,4,2,2) 대합실 방향 엘리베이터 탑승
01,수도권,S1,4,4호선,0257,사당,3,환승,4,3,3) (B2) 2호선 낙성대 방면 승강장으로 이동
01,수도권,S1,4,4호선,0257,사당,3,환승,4,4,4) 승차 (휠체어칸)
01,수도권,S1,4,4호선,0110,남태령,1,출입구-승강장,1,1,1) (1F) 2번 출입구 옆 엘리베이터 탑승
01,수도권,S1,4,4호선,0110,남태령,1,출입구-승강장,1,2,2) (B1) 대합실로 이동
01,수도권,S1,4,4호선,0110,남태령,1,출입구-승강장,1,3,3) 대합실 방향 엘리베이터 탑승
01,수도권,S1,4,4호선,0110,남태령,1,출입구-승강장,1,4,4) (B2) 대합실로 이동
01,수도권,S1,4,4호선,0110,남태령,1,출입구-승강장,1,5,5) 표 내는 곳 통과
01,수도권,S1,4,4호선,0110,남태령,1,출입구-승강장,1,6,6) 승강장 방향 엘리베이터 탑승
01,수도권,S1,4,4호선,0110,남태령,1,출입구-승강장,1,7,7) (B3) 사당 방면 승강장으로 이동
01,수도권,S1,4,4호선,0110,남태령,1,출입구-승강장,1,8,8) 승차 (휠체어칸)
01,수도권,S1,4,4호선,0110,남태령,1,출입구-승강장,2,1,1) (1F) 2번 출입구 옆 엘리베이터 탑승
01,수도권,S1,4,4호선,0110,남태령,1,출입구-승강장,2,2,2) (B1) 대합실로 이동
01,수도권,S1,4,4호선,0110,남태령,1,출입구-승강장,2,3,3) 대합실 방향 엘리베이터 탑승
01,수도권,S1,4,4호선,0110,남태령,1,출입구-승강장,2,4,4) (B2) 대합실로 이동
01,수도권,S1,4,4호선,0110,남태령,1,출입구-승강장,2,5,5) 표 내는 곳 통과
01,수도권,S1,4,4호선,0110,남태령,1,출입구-승강장,2,6,6) 승강장 방향 엘리베이터 탑승
01,수도권,S1,4,4호선,0110,남태령,1,출입구-승강장,2,7,7) (B3) 선바위 방면 승강장으로 이동
01,수도권,S1,4,4호선,0110,남태령,1,출입구-승강장,2,8,8) 승차 (휠체어칸)
01,수도권,KR,4,4호선,0307,선바위,1,출입구-승강장,1,1,1) (1F) 1번 출입구 옆 엘리베이터 탑승
01,수도권,KR,4,4호선,0307,선바위,1,출입구-승강장,1,2,2) (B1) 대합실로 이동
01,수도권,KR,4,4호선,0307,선바위,1,출입구-승강장,1,3,3) 남태령 방면 엘리베이터 앞 표 내는 곳 통과
01,수도권,KR,4,4호선,0307,선바위,1,출입구-승강장,1,4,4) 남태령 방면 엘리베이터 탑승
01,수도권,KR,4,4호선,0307,선바위,1,출입구-승강장,1,5,5) (B2) 남태령 방면 승강장으로 이동
01,수도권,KR,4,4호선,0307,선바위,1,출입구-승강장,1,6,6) 승차 (휠체어칸)
01,수도권,KR,4,4호선,0307,선바위,1,출입구-승강장,2,1,1) (1F) 1번 출입구 옆 엘리베이터 탑승
01,수도권,KR,4,4호선,0307,선바위,1,출입구-승강장,2,2,2) (B1) 대합실로 이동
01,수도권,KR,4,4호선,0307,선바위,1,출입구-승강장,2,3,3) 경마공원 방면 엘리베이터 앞 표 내는 곳 통과
01,수도권,KR,4,4호선,0307,선바위,1,출입구-승강장,2,4,4) 경마공원 방면 엘리베이터 탑승
01,수도권,KR,4,4호선,0307,선바위,1,출입구-승강장,2,5,5) (B2) 경마공원 방면 승강장으로 이동
01,수도권,KR,4,4호선,0307,선바위,1,출입구-승강장,2,6,6) 승차 (휠체어칸)
01,수도권,KR,4,4호선,0039,경마공원,1,출입구-승강장,1,1,1) (1F) 2번 출입구 옆 엘리베이터 탑승
01,수도권,KR,4,4호선,0039,경마공원,1,출입구-승강장,1,2,2) (B1) 대합실로 이동
01,수도권,KR,4,4호선,0039,경마공원,1,출입구-승강장,1,3,3) 표 내는 곳 통과
01,수도권,KR,4,4호선,0039,경마공원,1,출입구-승강장,1,4,4) 선바위 방면 엘리베이터 탑승
01,수도권,KR,4,4호선,0039,경마공원,1,출입구-승강장,1,5,5) (B2) 선바위 방면 승강장으로 이동
01,수도권,KR,4,4호선,0039,경마공원,1,출입구-승강장,1,6,6) 승차 (휠체어칸)
01,수도권,KR,4,4호선,0039,경마공원,1,출입구-승강장,2,1,1) (1F) 2번 출입구 옆 엘리베이터 탑승
01,수도권,KR,4,4호선,0039,경마공원,1,출입구-승강장,2,2,2) (B1) 대합실로 이동
01,수도권,KR,4,4호선,0039,경마공원,1,출입구-승강장,2,3,3) 표 내는 곳 통과
01,수도권,KR,4,4호선,0039,경마공원,1,출입구-승강장,2,4,4) 대공원 방면 엘리베이터 탑승
01,수도권,KR,4,4호선,0039,경마공원,1,출입구-승강장,2,5,5) (B2) 대공원 방면 승강장으로 이동
01,수도권,KR,4,4호선,0039,경마공원,1,출입구-승강장,2,6,6) 승차 (휠체어칸)
01,수도권,KR,4,4호선,0039,경마공원,1,출입구-승강장,3,1,1) (1F) 5번 출입구 옆 엘리베이터 탑승
01,수도권,KR,4,4호선,0039,경마공원,1,출입구-승강장,3,2,2) (B1) 대합실로 이동
01,수도권,KR,4,4호선,0039,경마공원,1,출입구-승강장,3,3,3) 표 내는 곳 통과
01,수도권,KR,4,4호선,0039,경마공원,1,출입구-승강장,3,4,4) 선바위 방면 엘리베이터 탑승
01,수도권,KR,4,4호선,0039,경마공원,1,출입구-승강장,3,5,5) (B2) 선바위 방면 승강장으로 이동
01,수도권,KR,4,4호선,0039,경마공원,1,출입구-승강장,3,6,6) 승차 (휠체어칸)
01,수도권,KR,4,4호선,0039,경마공원,1,출입구-승강장,4,1,1) (1F) 5번 출입구 옆 엘리베이터 탑승
01,수도권,KR,4,4호선,0039,경마공원,1,출입구-승강장,4,2,2) (B1) 대합실로 이동
01,수도권,KR,4,4호선,0039,경마공원,1,출입구-승강장,4,3,3) 표 내는 곳 통과
01,수도권,KR,4,4호선,0039,경마공원,1,출입구-승강장,4,4,4) 대공원 방면 엘리베이터 탑승
01,수도권,KR,4,4호선,0039,경마공원,1,출입구-승강장,4,5,5) (B2) 대공원 방면 승강장으로 이동
01,수도권,KR,4,4호선,0039,경마공원,1,출입구-승강장,4,6,6) 승차 (휠체어칸)
01,수도권,KR,4,4호선,0129,대공원,1,출입구-승강장,1,1,1) (1F) 1번 출입구 옆 엘리베이터 탑승
01,수도권,KR,4,4호선,0129,대공원,1,출입구-승강장,1,2,2) (B1) 대합실로 이동
01,수도권,KR,4,4호선,0129,대공원,1,출입구-승강장,1,3,3) 표 내는 곳 통과
01,수도권,KR,4,4호선,0129,대공원,1,출입구-승강장,1,4,4) 경마공원 방면 엘리베이터 탑승
01,수도권,KR,4,4호선,0129,대공원,1,출입구-승강장,1,5,5) (B2) 경마공원 방면 승강장으로 이동
01,수도권,KR,4,4호선,0129,대공원,1,출입구-승강장,1,6,6) 승차 (휠체어칸)
01,수도권,KR,4,4호선,0129,대공원,1,출입구-승강장,2,1,1) (1F) 1번 출입구 옆 엘리베이터 탑승
01,수도권,KR,4,4호선,0129,대공원,1,출입구-승강장,2,2,2) (B1) 대합실로 이동
01,수도권,KR,4,4호선,0129,대공원,1,출입구-승강장,2,3,3) 표 내는 곳 통과
01,수도권,KR,4,4호선,0129,대공원,1,출입구-승강장,2,4,4) 과천 방면 엘리베이터 탑승
01,수도권,KR,4,4호선,0129,대공원,1,출입구-승강장,2,5,5) (B2) 과천 방면 승강장으로 이동
01,수도권,KR,4,4호선,0129,대공원,1,출입구-승강장,2,6,6) 승차 (휠체어칸)
01,수도권,KR,4,4호선,0129,대공원,1,출입구-승강장,3,1,1) (1F) 5번 출입구 옆 엘리베이터 탑승
01,수도권,KR,4,4호선,0129,대공원,1,출입구-승강장,3,2,2) (B1) 대합실로 이동
01,수도권,KR,4,4호선,0129,대공원,1,출입구-승강장,3,3,3) 표 내는 곳 통과
01,수도권,KR,4,4호선,0129,대공원,1,출입구-승강장,3,4,4) 경마공원 방면 엘리베이터 탑승
01,수도권,KR,4,4호선,0129,대공원,1,출입구-승강장,3,5,5) (B2) 경마공원 방면 승강장으로 이동
01,수도권,KR,4,4호선,0129,대공원,1,출입구-승강장,3,6,6) 승차 (휠체어칸)
01,수도권,KR,4,4호선,0129,대공원,1,출입구-승강장,4,1,1) (1F) 5번 출입구 옆 엘리베이터 탑승
01,수도권,KR,4,4호선,0129,대공원,1,출입구-승강장,4,2,2) (B1) 대합실로 이동
01,수도권,KR,4,4호선,0129,대공원,1,출입구-승강장,4,3,3) 표 내는 곳 통과
01,수도권,KR,4,4호선,0129,대공원,1,출입구-승강장,4,4,4) 과천 방면 엘리베이터 탑승
01,수도권,KR,4,4호선,0129,대공원,1,출입구-승강장,4,5,5) (B2) 과천 방면 승강장으로 이동
01,수도권,KR,4,4호선,0129,대공원,1,출입구-승강장,4,6,6) 승차 (휠체어칸)
01,수도권,KR,4,4호선,0058,과천,1,출입구-승강장,1,1,1) (1F) 2번 출입구 옆 엘리베이터 탑승
01,수도권,KR,4,4호선,0058,과천,1,출입구-승강장,1,2,2) (B1) 대합실로 이동
01,수도권,KR,4,4호선,0058,과천,1,출입구-승강장,1,3,3) 표 내는 곳 통과
01,수도권,KR,4,4호선,0058,과천,1,출입구-승강장,1,4,4) 대공원 방면 엘리베이터 탑승
01,수도권,KR,4,4호선,0058,과천,1,출입구-승강장,1,5,5) (B2) 대공원 방면 승강장으로 이동
01,수도권,KR,4,4호선,0058,과천,1,출입구-승강장,1,6,6) 승차 (휠체어칸)
01,수도권,KR,4,4호선,0058,과천,1,출입구-승강장,2,1,1) (1F) 2번 출입구 옆 엘리베이터 탑승
01,수도권,KR,4,4호선,0058,과천,1,출입구-승강장,2,2,2) (B1) 대합실로 이동
01,수도권,KR,4,4호선,0058,과천,1,출입구-승강장,2,3,3) 표 내는 곳 통과
01,수도권,KR,4,4호선,0058,과천,1,출입구-승강장,2,4,4) 정부과천청사 방면 엘리베이터 탑승
01,수도권,KR,4,4호선,0058,과천,1,출입구-승강장,2,5,5) (B2) 정부과천청사 방면 승강장으로 이동
01,수도권,KR,4,4호선,0058,과천,1,출입구-승강장,2,6,6) 승차 (휠체어칸)
01,수도권,KR,4,4호선,0058,과천,1,출입구-승강장,3,1,1) (1F) 6번 출입구 옆 엘리베이터 탑승
01,수도권,KR,4,4호선,0058,과천,1,출입구-승강장,3,2,2) (B1) 대합실로 이동
01,수도권,KR,4,4호선,0058,과천,1,출입구-승강장,3,3,3) 표 내는 곳 통과
01,수도권,KR,4,4호선,0058,과천,1,출입구-승강장,3,4,4) 대공원 방면 엘리베이터 탑승
01,수도권,KR,4,4호선,0058,과천,1,출입구-승강장,3,5,5) (B2) 대공원 방면 승강장으로 이동
01,수도권,KR,4,4호선,0058,과천,1,출입구-승강장,3,6,6) 승차 (휠체어칸)
01,수도권,KR,4,4호선,0058,과천,1,출입구-승강장,4,1,1) (1F) 6번 출입구 옆 엘리베이터 탑승
01,수도권,KR,4,4호선,0058,과천,1,출입구-승강장,4,2,2) (B1) 대합실로 이동
01,수도권,KR,4,4호선,0058,과천,1,출입구-승강장,4,3,3) 표 내는 곳 통과
01,수도권,KR,4,4호선,0058,과천,1,출입구-승강장,4,4,4) 정부과천청사 방면 엘리베이터 탑승
01,수도권,KR,4,4호선,0058,과천,1,출입구-승강장,4,5,5) (B2) 정부과천청사 방면 승강장으로 이동
01,수도권,KR,4,4호선,0058,과천,1,출입구-승강장,4,6,6) 승차 (휠체어칸)
01,수도권,KR,4,4호선,0058,과천,1,출입구-승강장,5,1,1) (1F) 7번 출입구 옆 엘리베이터 탑승
01,수도권,KR,4,4호선,0058,과천,1,출입구-승강장,5,2,2) (B1) 대합실로 이동
01,수도권,KR,4,4호선,0058,과천,1,출입구-승강장,5,3,3) 표 내는 곳 통과
01,수도권,KR,4,4호선,0058,과천,1,출입구-승강장,5,4,4) 대공원 방면 엘리베이터 탑승
01,수도권,KR,4,4호선,0058,과천,1,출입구-승강장,5,5,5) (B2) 대공원 방면 승강장으로 이동
01,수도권,KR,4,4호선,0058,과천,1,출입구-승강장,5,6,6) 승차 (휠체어칸)
01,수도권,KR,4,4호선,0058,과천,1,출입구-승강장,6,1,1) (1F) 7번 출입구 옆 엘리베이터 탑승
01,수도권,KR,4,4호선,0058,과천,1,출입구-승강장,6,2,2) (B1) 대합실로 이동
01,수도권,KR,4,4호선,0058,과천,1,출입구-승강장,6,3,3) 표 내는 곳 통과
01,수도권,KR,4,4호선,0058,과천,1,출입구-승강장,6,4,4) 정부과천청사 방면 엘리베이터 탑승
01,수도권,KR,4,4호선,0058,과천,1,출입구-승강장,6,5,5) (B2) 정부과천청사 방면 승강장으로 이동
01,수도권,KR,4,4호선,0058,과천,1,출입구-승강장,6,6,6) 승차 (휠체어칸)
01,수도권,KR,4,4호선,0509,정부과천청사,1,출입구-승강장,1,1,1) (1F) 1번/2번 출입구 사이 엘리베이터 탑승
01,수도권,KR,4,4호선,0509,정부과천청사,1,출입구-승강장,1,2,2) (B1) 대합실로 이동
01,수도권,KR,4,4호선,0509,정부과천청사,1,출입구-승강장,1,3,3) 표 내는 곳 통과
01,수도권,KR,4,4호선,0509,정부과천청사,1,출입구-승강장,1,4,4) 과천 방면 엘리베이터 탑승
01,수도권,KR,4,4호선,0509,정부과천청사,1,출입구-승강장,1,5,5) (B2) 과천 방면 승강장으로 이동
01,수도권,KR,4,4호선,0509,정부과천청사,1,출입구-승강장,1,6,6) 승차 (휠체어칸)
01,수도권,KR,4,4호선,0509,정부과천청사,1,출입구-승강장,2,1,1) (1F) 1번/2번 출입구 사이 엘리베이터 탑승
01,수도권,KR,4,4호선,0509,정부과천청사,1,출입구-승강장,2,2,2) (B1) 대합실로 이동
01,수도권,KR,4,4호선,0509,정부과천청사,1,출입구-승강장,2,3,3) 표 내는 곳 통과
01,수도권,KR,4,4호선,0509,정부과천청사,1,출입구-승강장,2,4,4) 인덕원 방면 엘리베이터 탑승
01,수도권,KR,4,4호선,0509,정부과천청사,1,출입구-승강장,2,5,5) (B2) 인덕원 방면 승강장으로 이동
01,수도권,KR,4,4호선,0509,정부과천청사,1,출입구-승강장,2,6,6) 승차 (휠체어칸)
01,수도권,KR,4,4호선,0509,정부과천청사,1,출입구-승강장,3,1,1) (1F) 5번 출입구 옆 엘리베이터 탑승
01,수도권,KR,4,4호선,0509,정부과천청사,1,출입구-승강장,3,2,2) (B1) 대합실로 이동
01,수도권,KR,4,4호선,0509,정부과천청사,1,출입구-승강장,3,3,3) 표 내는 곳 통과
01,수도권,KR,4,4호선,0509,정부과천청사,1,출입구-승강장,3,4,4) 과천 방면 엘리베이터 탑승
01,수도권,KR,4,4호선,0509,정부과천청사,1,출입구-승강장,3,5,5) (B2) 과천 방면 승강장으로 이동
01,수도권,KR,4,4호선,0509,정부과천청사,1,출입구-승강장,3,6,6) 승차 (휠체어칸)
01,수도권,KR,4,4호선,0509,정부과천청사,1,출입구-승강장,4,1,1) (1F) 5번 출입구 옆 엘리베이터 탑승
01,수도권,KR,4,4호선,0509,정부과천청사,1,출입구-승강장,4,2,2) (B1) 대합실로 이동
01,수도권,KR,4,4호선,0509,정부과천청사,1,출입구-승강장,4,3,3) 표 내는 곳 통과
01,수도권,KR,4,4호선,0509,정부과천청사,1,출입구-승강장,4,4,4) 인덕원 방면 엘리베이터 탑승
01,수도권,KR,4,4호선,0509,정부과천청사,1,출입구-승강장,4,5,5) (B2) 인덕원 방면 승강장으로 이동
01,수도권,KR,4,4호선,0509,정부과천청사,1,출입구-승강장,4,6,6) 승차 (휠체어칸)
01,수도권,KR,4,4호선,0509,정부과천청사,1,출입구-승강장,5,1,1) (1F) 8번 출입구 옆 엘리베이터 탑승
01,수도권,KR,4,4호선,0509,정부과천청사,1,출입구-승강장,5,2,2) (B1) 대합실로 이동
01,수도권,KR,4,4호선,0509,정부과천청사,1,출입구-승강장,5,3,3) 표 내는 곳 통과
01,수도권,KR,4,4호선,0509,정부과천청사,1,출입구-승강장,5,4,4) 과천 방면 엘리베이터 탑승
01,수도권,KR,4,4호선,0509,정부과천청사,1,출입구-승강장,5,5,5) (B2) 과천 방면 승강장으로 이동
01,수도권,KR,4,4호선,0509,정부과천청사,1,출입구-승강장,5,6,6) 승차 (휠체어칸)
01,수도권,KR,4,4호선,0509,정부과천청사,1,출입구-승강장,6,1,1) (1F) 8번 출입구 옆 엘리베이터 탑승
01,수도권,KR,4,4호선,0509,정부과천청사,1,출입구-승강장,6,2,2) (B1) 대합실로 이동
01,수도권,KR,4,4호선,0509,정부과천청사,1,출입구-승강장,6,3,3) 표 내는 곳 통과
01,수도권,KR,4,4호선,0509,정부과천청사,1,출입구-승강장,6,4,4) 인덕원 방면 엘리베이터 탑승
01,수도권,KR,4,4호선,0509,정부과천청사,1,출입구-승강장,6,5,5) (B2) 인덕원 방면 승강장으로 이동
01,수도권,KR,4,4호선,0509,정부과천청사,1,출입구-승강장,6,6,6) 승차 (휠체어칸)
01,수도권,KR,4,4호선,0480,인덕원,1,출입구-승강장,1,1,1) (1F) 3번 출입구 옆 엘리베이터 탑승
01,수도권,KR,4,4호선,0480,인덕원,1,출입구-승강장,1,2,2) (B1) 대합실로 이동
01,수도권,KR,4,4호선,0480,인덕원,1,출입구-승강장,1,3,3) 표 내는 곳 통과
01,수도권,KR,4,4호선,0480,인덕원,1,출입구-승강장,1,4,4) 정부과천청사 방면 엘리베이터 탑승
01,수도권,KR,4,4호선,0480,인덕원,1,출입구-승강장,1,5,5) (B2) 정부과천청사 방면 승강장으로 이동
01,수도권,KR,4,4호선,0480,인덕원,1,출입구-승강장,1,6,6) 승차 (휠체어칸)
01,수도권,KR,4,4호선,0480,인덕원,1,출입구-승강장,2,1,1) (1F) 3번 출입구 옆 엘리베이터 탑승
01,수도권,KR,4,4호선,0480,인덕원,1,출입구-승강장,2,2,2) (B1) 대합실로 이동
01,수도권,KR,4,4호선,0480,인덕원,1,출입구-승강장,2,3,3) 표 내는 곳 통과
01,수도권,KR,4,4호선,0480,인덕원,1,출입구-승강장,2,4,4) 평촌 방면 엘리베이터 탑승
01,수도권,KR,4,4호선,0480,인덕원,1,출입구-승강장,2,5,5) (B2) 평촌 방면 승강장으로 이동
01,수도권,KR,4,4호선,0480,인덕원,1,출입구-승강장,2,6,6) 승차 (휠체어칸)
01,수도권,KR,4,4호선,0480,인덕원,1,출입구-승강장,3,1,1) (1F) 4번 출입구 옆 엘리베이터 탑승
01,수도권,KR,4,4호선,0480,인덕원,1,출입구-승강장,3,2,2) (B1) 대합실로 이동
01,수도권,KR,4,4호선,0480,인덕원,1,출입구-승강장,3,3,3) 표 내는 곳 통과
01,수도권,KR,4,4호선,0480,인덕원,1,출입구-승강장,3,4,4) 정부과천청사 방면 엘리베이터 탑승
01,수도권,KR,4,4호선,0480,인덕원,1,출입구-승강장,3,5,5) (B2) 정부과천청사 방면 승강장으로 이동
01,수도권,KR,4,4호선,0480,인덕원,1,출입구-승강장,3,6,6) 승차 (휠체어칸)
01,수도권,KR,4,4호선,0480,인덕원,1,출입구-승강장,4,1,1) (1F) 4번 출입구 옆 엘리베이터 탑승
01,수도권,KR,4,4호선,0480,인덕원,1,출입구-승강장,4,2,2) (B1) 대합실로 이동
01,수도권,KR,4,4호선,0480,인덕원,1,출입구-승강장,4,3,3) 표 내는 곳 통과
01,수도권,KR,4,4호선,0480,인덕원,1,출입구-승강장,4,4,4) 평촌 방면 엘리베이터 탑승
01,수도권,KR,4,4호선,0480,인덕원,1,출입구-승강장,4,5,5) (B2) 평촌 방면 승강장으로 이동
01,수도권,KR,4,4호선,0480,인덕원,1,출입구-승강장,4,6,6) 승차 (휠체어칸)
01,수도권,KR,4,4호선,0578,평촌,1,출입구-승강장,1,1,1) (1F) 1번 출입구 옆 엘리베이터 탑승
01,수도권,KR,4,4호선,0578,평촌,1,출입구-승강장,1,2,2) (B1) 대합실로 이동
01,수도권,KR,4,4호선,0578,평촌,1,출입구-승강장,1,3,3) 표 내는 곳 통과
01,수도권,KR,4,4호선,0578,평촌,1,출입구-승강장,1,4,4) 인덕원 방면 엘리베이터 탑승
01,수도권,KR,4,4호선,0578,평촌,1,출입구-승강장,1,5,5) (B3) 인덕원 방면 승강장으로 이동
01,수도권,KR,4,4호선,0578,평촌,1,출입구-승강장,1,6,6) 승차 (휠체어칸)
01,수도권,KR,4,4호선,0578,평촌,1,출입구-승강장,2,1,1) (1F) 1번 출입구 옆 엘리베이터 탑승
01,수도권,KR,4,4호선,0578,평촌,1,출입구-승강장,2,2,2) (B1) 대합실로 이동
01,수도권,KR,4,4호선,0578,평촌,1,출입구-승강장,2,3,3) 표 내는 곳 통과
01,수도권,KR,4,4호선,0578,평촌,1,출입구-승강장,2,4,4) 범계 방면 엘리베이터 탑승
01,수도권,KR,4,4호선,0578,평촌,1,출입구-승강장,2,5,5) (B3) 범계 방면 승강장으로 이동
01,수도권,KR,4,4호선,0578,평촌,1,출입구-승강장,2,6,6) 승차 (휠체어칸)
01,수도권,KR,4,4호선,0228,범계,1,출입구-승강장,1,1,1) (1F) 6번 출입구 옆 엘리베이터 탑승
01,수도권,KR,4,4호선,0228,범계,1,출입구-승강장,1,2,2) (B1) 대합실로 이동
01,수도권,KR,4,4호선,0228,범계,1,출입구-승강장,1,3,3) 평촌 방면 엘리베이터 앞 표 내는 곳 통과
01,수도권,KR,4,4호선,0228,범계,1,출입구-승강장,1,4,4) 평촌 방면 엘리베이터 탑승
01,수도권,KR,4,4호선,0228,범계,1,출입구-승강장,1,5,5) (B2) 평촌 방면 승강장으로 이동
01,수도권,KR,4,4호선,0228,범계,1,출입구-승강장,1,6,6) 승차 (휠체어칸)
01,수도권,KR,4,4호선,0228,범계,1,출입구-승강장,2,1,1) (1F) 6번 출입구 옆 엘리베이터 탑승
01,수도권,KR,4,4호선,0228,범계,1,출입구-승강장,2,2,2) (B1) 대합실로 이동
01,수도권,KR,4,4호선,0228,범계,1,출입구-승강장,2,3,3) 금정 방면 엘리베이터 앞 표 내는 곳 통과
01,수도권,KR,4,4호선,0228,범계,1,출입구-승강장,2,4,4) 금정 방면 엘리베이터 탑승
01,수도권,KR,4,4호선,0228,범계,1,출입구-승강장,2,5,5) (B2) 금정 방면 승강장으로 이동
01,수도권,KR,4,4호선,0228,범계,1,출입구-승강장,2,6,6) 승차 (휠체어칸)
01,수도권,KR,4,4호선,0090,금정,1,출입구-승강장,1,1,1) 2번 출입구 지상1층 엘리베이터
01,수도권,KR,4,4호선,0090,금정,1,출입구-승강장,1,2,2) 2번 출입구 지상2층 엘리베이터
01,수도권,KR,4,4호선,0090,금정,1,출입구-승강장,1,3,3) 개집표기 통과
01,수도권,KR,4,4호선,0090,금정,1,출입구-승강장,1,4,4) 범계방면 지상2층 엘리베이터
01,수도권,KR,4,4호선,0090,금정,1,출입구-승강장,1,5,5) 범계방면 지상1층 승강장 엘리베이터
01,수도권,KR,4,4호선,0090,금정,1,출입구-승강장,1,6,6) 범계방면 승강장
01,수도권,KR,4,4호선,0090,금정,1,출입구-승강장,2,1,1) 4번/5번 출입구 사이 지상1층 엘리베이터
01,수도권,KR,4,4호선,0090,금정,1,출입구-승강장,2,2,2) 4번/5번 출입구 사이 지상2층 엘리베이터
01,수도권,KR,4,4호선,0090,금정,1,출입구-승강장,2,3,3) 개집표기 통과
01,수도권,KR,4,4호선,0090,금정,1,출입구-승강장,2,4,4) 범계방면 지상2층 엘리베이터
01,수도권,KR,4,4호선,0090,금정,1,출입구-승강장,2,5,5) 범계방면 지상1층 승강장 엘리베이터
01,수도권,KR,4,4호선,0090,금정,1,출입구-승강장,2,6,6) 범계방면 승강장
01,수도권,KR,4,4호선,0090,금정,1,출입구-승강장,3,1,1) 7번/8번 출입구 사이 지상1층 엘리베이터
01,수도권,KR,4,4호선,0090,금정,1,출입구-승강장,3,2,2) 7번/8번 출입구 사이 지상2층 엘리베이터
01,수도권,KR,4,4호선,0090,금정,1,출입구-승강장,3,3,3) 개집표기 통과
01,수도권,KR,4,4호선,0090,금정,1,출입구-승강장,3,4,4) 범계방면 지상2층 엘리베이터
01,수도권,KR,4,4호선,0090,금정,1,출입구-승강장,3,5,5) 범계방면 지상1층 승강장 엘리베이터
01,수도권,KR,4,4호선,0090,금정,1,출입구-승강장,3,6,6) 범계방면 승강장
01,수도권,KR,4,4호선,0090,금정,1,출입구-승강장,4,1,1) 2번 출입구 지상1층 엘리베이터
01,수도권,KR,4,4호선,0090,금정,1,출입구-승강장,4,2,2) 2번 출입구 지상2층 엘리베이터
01,수도권,KR,4,4호선,0090,금정,1,출입구-승강장,4,3,3) 개집표기 통과
01,수도권,KR,4,4호선,0090,금정,1,출입구-승강장,4,4,4) 산본방면 지상2층 엘리베이터
01,수도권,KR,4,4호선,0090,금정,1,출입구-승강장,4,5,5) 산본방면 지상1층 승강장 엘리베이터
01,수도권,KR,4,4호선,0090,금정,1,출입구-승강장,4,6,6) 산본방면 승강장
01,수도권,KR,4,4호선,0090,금정,1,출입구-승강장,5,1,1) 4번/5번 출입구 사이 지상1층 엘리베이터
01,수도권,KR,4,4호선,0090,금정,1,출입구-승강장,5,2,2) 4번/5번 출입구 사이 지상2층 엘리베이터
01,수도권,KR,4,4호선,0090,금정,1,출입구-승강장,5,3,3) 개집표기 통과
01,수도권,KR,4,4호선,0090,금정,1,출입구-승강장,5,4,4) 산본방면 지상2층 엘리베이터
01,수도권,KR,4,4호선,0090,금정,1,출입구-승강장,5,5,5) 산본방면 지상1층 승강장 엘리베이터
01,수도권,KR,4,4호선,0090,금정,1,출입구-승강장,5,6,6) 산본방면 승강장
01,수도권,KR,4,4호선,0090,금정,1,출입구-승강장,6,1,1) 7번/8번 출입구 사이 지상1층 엘리베이터
01,수도권,KR,4,4호선,0090,금정,1,출입구-승강장,6,2,2) 7번/8번 출입구 사이 지상2층 엘리베이터
01,수도권,KR,4,4호선,0090,금정,1,출입구-승강장,6,3,3) 개집표기 통과
01,수도권,KR,4,4호선,0090,금정,1,출입구-승강장,6,4,4) 산본방면 지상2층 엘리베이터
01,수도권,KR,4,4호선,0090,금정,1,출입구-승강장,6,5,5) 산본방면 지상1층 승강장 엘리베이터
01,수도권,KR,4,4호선,0090,금정,1,출입구-승강장,6,6,6) 산본방면 승강장
01,수도권,KR,4,4호선,0090,금정,3,환승,1,1,1) 4호선 범계방면 하차
01,수도권,KR,4,4호선,0090,금정,3,환승,1,2,2) 1호선 명학방면 인접(섬식) 승강장
01,수도권,KR,4,4호선,0090,금정,3,환승,2,1,1) 4호선 산본방면 하차
01,수도권,KR,4,4호선,0090,금정,3,환승,2,2,2) 1호선 군포방면 인접(섬식) 승강장
01,수도권,KR,4,4호선,0090,금정,3,환승,3,1,1) 4호선 범계방면 1호차/8호차 하차
01,수도권,KR,4,4호선,0090,금정,3,환승,3,2,2) 엘리베이터 2층으로 이동
01,수도권,KR,4,4호선,0090,금정,3,환승,3,3,3) 환승통로
01,수도권,KR,4,4호선,0090,금정,3,환승,3,4,4) 3/4번 승강장 엘리베이터 1층 승강장으로 이동
01,수도권,KR,4,4호선,0090,금정,3,환승,3,5,5) 1호선 군포방면 승강장
01,수도권,KR,4,4호선,0090,금정,3,환승,4,1,1) 4호선 산본방면 하차 1호차/8호차 하차
01,수도권,KR,4,4호선,0090,금정,3,환승,4,2,2) 엘리베이터 2층으로 이동
01,수도권,KR,4,4호선,0090,금정,3,환승,4,3,3) 환승통로
01,수도권,KR,4,4호선,0090,금정,3,환승,4,4,4) 1/2번 승강장 엘리베이터 1층 승강장으로 이동
01,수도권,KR,4,4호선,0090,금정,3,환승,4,5,5) 1호선 명학방면 승강장
01,수도권,KR,4,4호선,0090,금정,3,환승,5,1,1) 4호선 금정 당역 도착
01,수도권,KR,4,4호선,0090,금정,3,환승,5,2,2) 엘리베이터 2층으로 이동
01,수도권,KR,4,4호선,0090,금정,3,환승,5,3,3) 환승통로
01,수도권,KR,4,4호선,0090,금정,3,환승,5,4,4) 1/2번 승강장 엘리베이터 1층 승강장으로 이동
01,수도권,KR,4,4호선,0090,금정,3,환승,5,5,5) 1호선 명학방면 승강장
01,수도권,KR,4,4호선,0090,금정,3,환승,6,1,1) 4호선 금정 당역 도착
01,수도권,KR,4,4호선,0090,금정,3,환승,6,2,2) 엘리베이터 2층으로 이동
01,수도권,KR,4,4호선,0090,금정,3,환승,6,3,3) 환승통로
01,수도권,KR,4,4호선,0090,금정,3,환승,6,4,4) 3/4번 승강장 엘리베이터 1층 승강장으로 이동
01,수도권,KR,4,4호선,0090,금정,3,환승,6,5,5) 1호선 군포방면 승강장
01,수도권,KR,4,4호선,0260,산본,1,출입구-승강장,1,1,1) 지상 1층 엘리베이터 탑승
01,수도권,KR,4,4호선,0260,산본,1,출입구-승강장,1,2,2) 지상 3층 엘리베이터 하차 대합실 이동
01,수도권,KR,4,4호선,0260,산본,1,출입구-승강장,1,3,3) 표 내는 곳 통과
01,수도권,KR,4,4호선,0260,산본,1,출입구-승강장,1,4,4) 금정 방면 지상 3층 엘리베이터
01,수도권,KR,4,4호선,0260,산본,1,출입구-승강장,1,5,5) 금정 방면 지상 4층 승강장으로 이동
01,수도권,KR,4,4호선,0260,산본,1,출입구-승강장,1,6,6) 금정 방면 승강장 승차 (휠체어칸)
01,수도권,KR,4,4호선,0260,산본,1,출입구-승강장,2,1,1)  3번 출입구
01,수도권,KR,4,4호선,0260,산본,1,출입구-승강장,2,2,2) 지상 2층 엘리베이터 탑승
01,수도권,KR,4,4호선,0260,산본,1,출입구-승강장,2,3,3) 지상 3층 엘리베이터 하차 대합실 이동
01,수도권,KR,4,4호선,0260,산본,1,출입구-승강장,2,4,4) 표 내는 곳 통과
01,수도권,KR,4,4호선,0260,산본,1,출입구-승강장,2,5,5) 금정 방면 지상 3층 엘리베이터
01,수도권,KR,4,4호선,0260,산본,1,출입구-승강장,2,6,6) 금정 방면 지상 4층 승강장으로 이동
01,수도권,KR,4,4호선,0260,산본,1,출입구-승강장,2,7,7) 금정 방면 승강장 승차 (휠체어칸)
01,수도권,KR,4,4호선,0260,산본,1,출입구-승강장,3,1,1) 4번 출입구 근처 엘리베이터 탑승
01,수도권,KR,4,4호선,0260,산본,1,출입구-승강장,3,2,2) 지상 2층 이동통로
01,수도권,KR,4,4호선,0260,산본,1,출입구-승강장,3,3,3) 지상 2층 대합실 방면 엘리베이터 탑승
01,수도권,KR,4,4호선,0260,산본,1,출입구-승강장,3,4,4) 지상 3층 엘리베이터 하차 대합실 이동
01,수도권,KR,4,4호선,0260,산본,1,출입구-승강장,3,5,5) 표 내는 곳 통과
01,수도권,KR,4,4호선,0260,산본,1,출입구-승강장,3,6,6) 금정 방면 지상 3층 엘리베이터 탑승
01,수도권,KR,4,4호선,0260,산본,1,출입구-승강장,3,7,7) 금정 방면 지상 4층 승강장으로 이동
01,수도권,KR,4,4호선,0260,산본,1,출입구-승강장,3,8,8) 금정 방면 승강장 승차 (휠체어칸)
01,수도권,KR,4,4호선,0260,산본,1,출입구-승강장,4,1,1) 지상 1층 엘리베이터 탑승
01,수도권,KR,4,4호선,0260,산본,1,출입구-승강장,4,2,2) 지상 3층 엘리베이터 하차 대합실 이동
01,수도권,KR,4,4호선,0260,산본,1,출입구-승강장,4,3,3) 표 내는 곳 통과
01,수도권,KR,4,4호선,0260,산본,1,출입구-승강장,4,4,4) 수리산 방면 지상 3층 엘리베이터
01,수도권,KR,4,4호선,0260,산본,1,출입구-승강장,4,5,5) 수리산 방면 지상 4층 승강장으로 이동
01,수도권,KR,4,4호선,0260,산본,1,출입구-승강장,4,6,6) 수리산 방면 승강장 승차 (휠체어칸)
01,수도권,KR,4,4호선,0260,산본,1,출입구-승강장,5,1,1)  3번 출입구
01,수도권,KR,4,4호선,0260,산본,1,출입구-승강장,5,2,2) 지상 2층 엘리베이터 탑승
01,수도권,KR,4,4호선,0260,산본,1,출입구-승강장,5,3,3) 지상 3층 엘리베이터 하차 대합실 이동
01,수도권,KR,4,4호선,0260,산본,1,출입구-승강장,5,4,4) 표 내는 곳 통과
01,수도권,KR,4,4호선,0260,산본,1,출입구-승강장,5,5,5) 수리산 방면 지상 3층 엘리베이터
01,수도권,KR,4,4호선,0260,산본,1,출입구-승강장,5,6,6) 수리산 방면 지상 4층 승강장으로 이동
01,수도권,KR,4,4호선,0260,산본,1,출입구-승강장,5,7,7) 수리산 방면 승강장 승차 (휠체어칸)
01,수도권,KR,4,4호선,0260,산본,1,출입구-승강장,6,1,1) 4번 출입구 근처 엘리베이터 탑승
01,수도권,KR,4,4호선,0260,산본,1,출입구-승강장,6,2,2) 지상 2층 이동통로
01,수도권,KR,4,4호선,0260,산본,1,출입구-승강장,6,3,3) 지상 2층 대합실 방면 엘리베이터 탑승
01,수도권,KR,4,4호선,0260,산본,1,출입구-승강장,6,4,4) 지상 3층 엘리베이터 하차 대합실 이동
01,수도권,KR,4,4호선,0260,산본,1,출입구-승강장,6,5,5) 표 내는 곳 통과
01,수도권,KR,4,4호선,0260,산본,1,출입구-승강장,6,6,6) 수리산 방면 지상 3층 엘리베이터 탑승
01,수도권,KR,4,4호선,0260,산본,1,출입구-승강장,6,7,7) 수리산 방면 지상 4층 승강장으로 이동
01,수도권,KR,4,4호선,0260,산본,1,출입구-승강장,6,8,8) 수리산 방면 승강장 승차 (휠체어칸)
01,수도권,KR,4,4호선,0335,수리산,1,출입구-승강장,1,1,1) 1번 출입구 지상1층 엘리베이터
01,수도권,KR,4,4호선,0335,수리산,1,출입구-승강장,1,2,2) 1번 출입구 지상2층 엘리베이터
01,수도권,KR,4,4호선,0335,수리산,1,출입구-승강장,1,3,3) 개집표기 통과
01,수도권,KR,4,4호선,0335,수리산,1,출입구-승강장,1,4,4) 산본방면 지상2층 엘리베이터
01,수도권,KR,4,4호선,0335,수리산,1,출입구-승강장,1,5,5) 산본방면 지상1층 승강장 엘리베이터
01,수도권,KR,4,4호선,0335,수리산,1,출입구-승강장,1,6,6) 산본방면 승강장
01,수도권,KR,4,4호선,0335,수리산,1,출입구-승강장,2,1,1) 2번/3번 출입구 사이 지상1층 엘리베이터
01,수도권,KR,4,4호선,0335,수리산,1,출입구-승강장,2,2,2) 2번/3번 출입구 사이 지상2층 엘리베이터
01,수도권,KR,4,4호선,0335,수리산,1,출입구-승강장,2,3,3) 개집표기 통과
01,수도권,KR,4,4호선,0335,수리산,1,출입구-승강장,2,4,4) 산본방면 지상2층 엘리베이터
01,수도권,KR,4,4호선,0335,수리산,1,출입구-승강장,2,5,5) 산본방면 지상1층 승강장 엘리베이터
01,수도권,KR,4,4호선,0335,수리산,1,출입구-승강장,2,6,6) 산본방면 승강장
01,수도권,KR,4,4호선,0335,수리산,1,출입구-승강장,3,1,1) 1번 출입구 지상1층 엘리베이터
01,수도권,KR,4,4호선,0335,수리산,1,출입구-승강장,3,2,2) 1번 출입구 지상2층 엘리베이터
01,수도권,KR,4,4호선,0335,수리산,1,출입구-승강장,3,3,3) 개집표기 통과
01,수도권,KR,4,4호선,0335,수리산,1,출입구-승강장,3,4,4) 대야미방면 지상2층 엘리베이터
01,수도권,KR,4,4호선,0335,수리산,1,출입구-승강장,3,5,5) 대야미방면 지상1층 승강장 엘리베이터
01,수도권,KR,4,4호선,0335,수리산,1,출입구-승강장,3,6,6) 대야미방면 승강장
01,수도권,KR,4,4호선,0335,수리산,1,출입구-승강장,4,1,1) 2번/3번 출입구 사이 지상1층 엘리베이터
01,수도권,KR,4,4호선,0335,수리산,1,출입구-승강장,4,2,2) 2번/3번 출입구 사이 지상2층 엘리베이터
01,수도권,KR,4,4호선,0335,수리산,1,출입구-승강장,4,3,3) 개집표기 통과
01,수도권,KR,4,4호선,0335,수리산,1,출입구-승강장,4,4,4) 대야미방면 지상2층 엘리베이터
01,수도권,KR,4,4호선,0335,수리산,1,출입구-승강장,4,5,5) 대야미방면 지상1층 승강장 엘리베이터
01,수도권,KR,4,4호선,0335,수리산,1,출입구-승강장,4,6,6) 대야미방면 승강장
01,수도권,KR,4,4호선,0134,대야미,1,출입구-승강장,1,1,1) 1번 출입구
01,수도권,KR,4,4호선,0134,대야미,1,출입구-승강장,1,2,2) 수리산방면 지상1층 엘리베이터
01,수도권,KR,4,4호선,0134,대야미,1,출입구-승강장,1,3,3) 수리산방면 지상2층 승강장 엘리베이터
01,수도권,KR,4,4호선,0134,대야미,1,출입구-승강장,1,4,4) 수리산방면 승강장
01,수도권,KR,4,4호선,0134,대야미,1,출입구-승강장,2,1,1) 2번 출입구
01,수도권,KR,4,4호선,0134,대야미,1,출입구-승강장,2,2,2) 수리산방면 지상1층 엘리베이터
01,수도권,KR,4,4호선,0134,대야미,1,출입구-승강장,2,3,3) 수리산방면 지상2층 승강장 엘리베이터
01,수도권,KR,4,4호선,0134,대야미,1,출입구-승강장,2,4,4) 수리산방면 승강장
01,수도권,KR,4,4호선,0134,대야미,1,출입구-승강장,3,1,1) 1번 출입구
01,수도권,KR,4,4호선,0134,대야미,1,출입구-승강장,3,2,2) 반월방면 지상1층 엘리베이터
01,수도권,KR,4,4호선,0134,대야미,1,출입구-승강장,3,3,3) 반월방면 지상2층 승강장 엘리베이터
01,수도권,KR,4,4호선,0134,대야미,1,출입구-승강장,3,4,4) 반월방면 승강장
01,수도권,KR,4,4호선,0134,대야미,1,출입구-승강장,4,1,1) 2번 출입구
01,수도권,KR,4,4호선,0134,대야미,1,출입구-승강장,4,2,2) 반월방면 지상1층 엘리베이터
01,수도권,KR,4,4호선,0134,대야미,1,출입구-승강장,4,3,3) 반월방면 지상2층 승강장 엘리베이터
01,수도권,KR,4,4호선,0134,대야미,1,출입구-승강장,4,4,4) 반월방면 승강장
01,수도권,KR,4,4호선,0214,반월,1,출입구-승강장,1,1,1) 1번 출입구
01,수도권,KR,4,4호선,0214,반월,1,출입구-승강장,1,2,2) 개집표기 통과
01,수도권,KR,4,4호선,0214,반월,1,출입구-승강장,1,3,3) 지하1층 엘리베이터
01,수도권,KR,4,4호선,0214,반월,1,출입구-승강장,1,4,4) 지하2층 엘리베이터
01,수도권,KR,4,4호선,0214,반월,1,출입구-승강장,1,5,5) 상록수방면 지하2층 엘리베이터
01,수도권,KR,4,4호선,0214,반월,1,출입구-승강장,1,6,6) 상록수방면 지상1층 승강장 엘리베이터
01,수도권,KR,4,4호선,0214,반월,1,출입구-승강장,1,7,7) 상록수방면 승강장
01,수도권,KR,4,4호선,0214,반월,1,출입구-승강장,2,1,1) 1번 출입구
01,수도권,KR,4,4호선,0214,반월,1,출입구-승강장,2,2,2) 개집표기 통과
01,수도권,KR,4,4호선,0214,반월,1,출입구-승강장,2,3,3) 지하1층 엘리베이터
01,수도권,KR,4,4호선,0214,반월,1,출입구-승강장,2,4,4) 지하2층 엘리베이터
01,수도권,KR,4,4호선,0214,반월,1,출입구-승강장,2,5,5) 대야미방면 지하2층 엘리베이터
01,수도권,KR,4,4호선,0214,반월,1,출입구-승강장,2,6,6) 대야미방면 지상1층 승강장 엘리베이터
01,수도권,KR,4,4호선,0214,반월,1,출입구-승강장,2,7,7) 대야미방면 승강장
01,수도권,KR,4,4호선,0275,상록수,1,출입구-승강장,1,1,1) 1번 출입구
01,수도권,KR,4,4호선,0275,상록수,1,출입구-승강장,1,2,2) 개집표기 통과
01,수도권,KR,4,4호선,0275,상록수,1,출입구-승강장,1,3,3) 반월방면 지상1층 엘리베이터
01,수도권,KR,4,4호선,0275,상록수,1,출입구-승강장,1,4,4) 반월방면 지상2층 승강장 엘리베이터
01,수도권,KR,4,4호선,0275,상록수,1,출입구-승강장,1,5,5) 반월방면 승강장
01,수도권,KR,4,4호선,0275,상록수,1,출입구-승강장,2,1,1) 2번 출입구
01,수도권,KR,4,4호선,0275,상록수,1,출입구-승강장,2,2,2) 개집표기 통과
01,수도권,KR,4,4호선,0275,상록수,1,출입구-승강장,2,3,3) 반월방면 지상1층 엘리베이터
01,수도권,KR,4,4호선,0275,상록수,1,출입구-승강장,2,4,4) 반월방면 지상2층 승강장 엘리베이터
01,수도권,KR,4,4호선,0275,상록수,1,출입구-승강장,2,5,5) 반월방면 승강장
01,수도권,KR,4,4호선,0275,상록수,1,출입구-승강장,3,1,1) 3번 출입구
01,수도권,KR,4,4호선,0275,상록수,1,출입구-승강장,3,2,2) 개집표기 통과
01,수도권,KR,4,4호선,0275,상록수,1,출입구-승강장,3,3,3) 반월방면 지상1층 엘리베이터
01,수도권,KR,4,4호선,0275,상록수,1,출입구-승강장,3,4,4) 반월방면 지상2층 승강장 엘리베이터
01,수도권,KR,4,4호선,0275,상록수,1,출입구-승강장,3,5,5) 반월방면 승강장
01,수도권,KR,4,4호선,0275,상록수,1,출입구-승강장,4,1,1) 4번 출입구
01,수도권,KR,4,4호선,0275,상록수,1,출입구-승강장,4,2,2) 개집표기 통과
01,수도권,KR,4,4호선,0275,상록수,1,출입구-승강장,4,3,3) 반월방면 지상1층 엘리베이터
01,수도권,KR,4,4호선,0275,상록수,1,출입구-승강장,4,4,4) 반월방면 지상2층 승강장 엘리베이터
01,수도권,KR,4,4호선,0275,상록수,1,출입구-승강장,4,5,5) 반월방면 승강장
01,수도권,KR,4,4호선,0275,상록수,1,출입구-승강장,5,1,1) 1번 출입구
01,수도권,KR,4,4호선,0275,상록수,1,출입구-승강장,5,2,2) 개집표기 통과
01,수도권,KR,4,4호선,0275,상록수,1,출입구-승강장,5,3,3) 한대앞방면 지상1층 엘리베이터
01,수도권,KR,4,4호선,0275,상록수,1,출입구-승강장,5,4,4) 한대앞방면 지상2층 승강장 엘리베이터
01,수도권,KR,4,4호선,0275,상록수,1,출입구-승강장,5,5,5) 한대앞방면 승강장
01,수도권,KR,4,4호선,0275,상록수,1,출입구-승강장,6,1,1) 2번 출입구
01,수도권,KR,4,4호선,0275,상록수,1,출입구-승강장,6,2,2) 개집표기 통과
01,수도권,KR,4,4호선,0275,상록수,1,출입구-승강장,6,3,3) 한대앞방면 지상1층 엘리베이터
01,수도권,KR,4,4호선,0275,상록수,1,출입구-승강장,6,4,4) 한대앞방면 지상2층 승강장 엘리베이터
01,수도권,KR,4,4호선,0275,상록수,1,출입구-승강장,6,5,5) 한대앞방면 승강장
01,수도권,KR,4,4호선,0275,상록수,1,출입구-승강장,7,1,1) 3번 출입구
01,수도권,KR,4,4호선,0275,상록수,1,출입구-승강장,7,2,2) 개집표기 통과
01,수도권,KR,4,4호선,0275,상록수,1,출입구-승강장,7,3,3) 한대앞방면 지상1층 엘리베이터
01,수도권,KR,4,4호선,0275,상록수,1,출입구-승강장,7,4,4) 한대앞방면 지상2층 승강장 엘리베이터
01,수도권,KR,4,4호선,0275,상록수,1,출입구-승강장,7,5,5) 한대앞방면 승강장
01,수도권,KR,4,4호선,0275,상록수,1,출입구-승강장,8,1,1) 4번 출입구
01,수도권,KR,4,4호선,0275,상록수,1,출입구-승강장,8,2,2) 개집표기 통과
01,수도권,KR,4,4호선,0275,상록수,1,출입구-승강장,8,3,3) 한대앞방면 지상1층 엘리베이터
01,수도권,KR,4,4호선,0275,상록수,1,출입구-승강장,8,4,4) 한대앞방면 지상2층 승강장 엘리베이터
01,수도권,KR,4,4호선,0275,상록수,1,출입구-승강장,8,5,5) 한대앞방면 승강장
01,수도권,KR,4,4호선,0586,한대앞,1,출입구-승강장,1,1,1) 1번 출입구 지상1층 엘리베이터
01,수도권,KR,4,4호선,0586,한대앞,1,출입구-승강장,1,2,2) 1번 출입구 지상2층 엘리베이터
01,수도권,KR,4,4호선,0586,한대앞,1,출입구-승강장,1,3,3) 상록수방면 지상2층 엘리베이터
01,수도권,KR,4,4호선,0586,한대앞,1,출입구-승강장,1,4,4) 상록수방면 지상1층 승강장 엘리베이터
01,수도권,KR,4,4호선,0586,한대앞,1,출입구-승강장,1,5,5) 상록수방면 승강장
01,수도권,KR,4,4호선,0586,한대앞,1,출입구-승강장,2,1,1) 2번 출입구 지상1층 엘리베이터
01,수도권,KR,4,4호선,0586,한대앞,1,출입구-승강장,2,2,2) 2번 출입구 지상2층 엘리베이터
01,수도권,KR,4,4호선,0586,한대앞,1,출입구-승강장,2,3,3) 상록수방면 지상2층 엘리베이터
01,수도권,KR,4,4호선,0586,한대앞,1,출입구-승강장,2,4,4) 상록수방면 지상1층 승강장 엘리베이터
01,수도권,KR,4,4호선,0586,한대앞,1,출입구-승강장,2,5,5) 상록수방면 승강장
01,수도권,KR,4,4호선,0586,한대앞,1,출입구-승강장,3,1,1) 3번 출입구 지상1층 엘리베이터
01,수도권,KR,4,4호선,0586,한대앞,1,출입구-승강장,3,2,2) 3번 출입구 지상2층 엘리베이터
01,수도권,KR,4,4호선,0586,한대앞,1,출입구-승강장,3,3,3) 상록수방면 지상2층 엘리베이터
01,수도권,KR,4,4호선,0586,한대앞,1,출입구-승강장,3,4,4) 상록수방면 지상1층 승강장 엘리베이터
01,수도권,KR,4,4호선,0586,한대앞,1,출입구-승강장,3,5,5) 상록수방면 승강장
01,수도권,KR,4,4호선,0586,한대앞,1,출입구-승강장,4,1,1) 1번 출입구 지상1층 엘리베이터
01,수도권,KR,4,4호선,0586,한대앞,1,출입구-승강장,4,2,2) 1번 출입구 지상2층 엘리베이터
01,수도권,KR,4,4호선,0586,한대앞,1,출입구-승강장,4,3,3) 중앙방면 지상2층 엘리베이터
01,수도권,KR,4,4호선,0586,한대앞,1,출입구-승강장,4,4,4) 중앙방면 지상1층 승강장 엘리베이터
01,수도권,KR,4,4호선,0586,한대앞,1,출입구-승강장,4,5,5) 중앙방면 승강장
01,수도권,KR,4,4호선,0586,한대앞,1,출입구-승강장,5,1,1) 2번 출입구 지상1층 엘리베이터
01,수도권,KR,4,4호선,0586,한대앞,1,출입구-승강장,5,2,2) 2번 출입구 지상2층 엘리베이터
01,수도권,KR,4,4호선,0586,한대앞,1,출입구-승강장,5,3,3) 중앙방면 지상2층 엘리베이터
01,수도권,KR,4,4호선,0586,한대앞,1,출입구-승강장,5,4,4) 중앙방면 지상1층 승강장 엘리베이터
01,수도권,KR,4,4호선,0586,한대앞,1,출입구-승강장,5,5,5) 중앙방면 승강장
01,수도권,KR,4,4호선,0586,한대앞,1,출입구-승강장,6,1,1) 3번 출입구 지상1층 엘리베이터
01,수도권,KR,4,4호선,0586,한대앞,1,출입구-승강장,6,2,2) 3번 출입구 지상2층 엘리베이터
01,수도권,KR,4,4호선,0586,한대앞,1,출입구-승강장,6,3,3) 중앙방면 지상2층 엘리베이터
01,수도권,KR,4,4호선,0586,한대앞,1,출입구-승강장,6,4,4) 중앙방면 지상1층 승강장 엘리베이터
01,수도권,KR,4,4호선,0586,한대앞,1,출입구-승강장,6,5,5) 중앙방면 승강장
01,수도권,KR,4,4호선,0529,중앙,1,출입구-승강장,1,1,1) 1번 출입구 
01,수도권,KR,4,4호선,0529,중앙,1,출입구-승강장,1,2,2) 표 내는 곳 통과
01,수도권,KR,4,4호선,0529,중앙,1,출입구-승강장,1,3,3) 한대앞 방면 지상 1층 엘리베이터 탑승
01,수도권,KR,4,4호선,0529,중앙,1,출입구-승강장,1,4,4) 한대앞 방면 지상 2층 엘리베이터 하차
01,수도권,KR,4,4호선,0529,중앙,1,출입구-승강장,1,5,5) 승차 (휠체어칸)
01,수도권,KR,4,4호선,0529,중앙,1,출입구-승강장,2,1,1) 2번 출입구 
01,수도권,KR,4,4호선,0529,중앙,1,출입구-승강장,2,2,2) 표 내는 곳 통과
01,수도권,KR,4,4호선,0529,중앙,1,출입구-승강장,2,3,3) 한대앞 방면 지상 1층 엘리베이터 탑승
01,수도권,KR,4,4호선,0529,중앙,1,출입구-승강장,2,4,4) 한대앞 방면 지상 2층 엘리베이터 하차
01,수도권,KR,4,4호선,0529,중앙,1,출입구-승강장,2,5,5) 승차 (휠체어칸)
01,수도권,KR,4,4호선,0529,중앙,1,출입구-승강장,3,1,1) 1번 출입구 
01,수도권,KR,4,4호선,0529,중앙,1,출입구-승강장,3,2,2) 표 내는 곳 통과
01,수도권,KR,4,4호선,0529,중앙,1,출입구-승강장,3,3,3) 고잔 방면 지상 1층 엘리베이터 탑승
01,수도권,KR,4,4호선,0529,중앙,1,출입구-승강장,3,4,4) 고잔 방면 지상 2층 엘리베이터 하차
01,수도권,KR,4,4호선,0529,중앙,1,출입구-승강장,3,5,5) 승차 (휠체어칸)
01,수도권,KR,4,4호선,0529,중앙,1,출입구-승강장,4,1,1) 2번 출입구 
01,수도권,KR,4,4호선,0529,중앙,1,출입구-승강장,4,2,2) 표 내는 곳 통과
01,수도권,KR,4,4호선,0529,중앙,1,출입구-승강장,4,3,3) 고잔 방면 지상 1층 엘리베이터 탑승
01,수도권,KR,4,4호선,0529,중앙,1,출입구-승강장,4,4,4) 고잔 방면 지상 2층 엘리베이터 하차
01,수도권,KR,4,4호선,0529,중앙,1,출입구-승강장,4,5,5) 승차 (휠체어칸)
01,수도권,KR,4,4호선,0049,고잔,1,출입구-승강장,1,1,1) 1번 출입구
01,수도권,KR,4,4호선,0049,고잔,1,출입구-승강장,1,2,2) 개집표기 통과
01,수도권,KR,4,4호선,0049,고잔,1,출입구-승강장,1,3,3) 중앙방면 지상1층 엘리베이터
01,수도권,KR,4,4호선,0049,고잔,1,출입구-승강장,1,4,4) 중앙방면 지상2층 승강장 엘리베이터
01,수도권,KR,4,4호선,0049,고잔,1,출입구-승강장,1,5,5) 중앙방면 승강장
01,수도권,KR,4,4호선,0049,고잔,1,출입구-승강장,2,1,1) 2번 출입구
01,수도권,KR,4,4호선,0049,고잔,1,출입구-승강장,2,2,2) 개집표기 통과
01,수도권,KR,4,4호선,0049,고잔,1,출입구-승강장,2,3,3) 중앙방면 지상1층 엘리베이터
01,수도권,KR,4,4호선,0049,고잔,1,출입구-승강장,2,4,4) 중앙방면 지상2층 승강장 엘리베이터
01,수도권,KR,4,4호선,0049,고잔,1,출입구-승강장,2,5,5) 중앙방면 승강장
01,수도권,KR,4,4호선,0049,고잔,1,출입구-승강장,3,1,1) 1번 출입구
01,수도권,KR,4,4호선,0049,고잔,1,출입구-승강장,3,2,2) 개집표기 통과
01,수도권,KR,4,4호선,0049,고잔,1,출입구-승강장,3,3,3) 초지방면 지상1층 엘리베이터
01,수도권,KR,4,4호선,0049,고잔,1,출입구-승강장,3,4,4) 초지방면 지상2층 승강장 엘리베이터
01,수도권,KR,4,4호선,0049,고잔,1,출입구-승강장,3,5,5) 초지방면 승강장
01,수도권,KR,4,4호선,0049,고잔,1,출입구-승강장,4,1,1) 2번 출입구
01,수도권,KR,4,4호선,0049,고잔,1,출입구-승강장,4,2,2) 개집표기 통과
01,수도권,KR,4,4호선,0049,고잔,1,출입구-승강장,4,3,3) 초지방면 지상1층 엘리베이터
01,수도권,KR,4,4호선,0049,고잔,1,출입구-승강장,4,4,4) 초지방면 지상2층 승강장 엘리베이터
01,수도권,KR,4,4호선,0049,고잔,1,출입구-승강장,4,5,5) 초지방면 승강장
01,수도권,KR,4,4호선,0049,고잔,3,환승,1,1,1) (2F) 4호선 중앙 방면 승강장 하차
01,수도권,KR,4,4호선,0049,고잔,3,환승,1,2,2) (2F) 수인분당선 중앙 방면 승강장으로 이동
01,수도권,KR,4,4호선,0049,고잔,3,환승,1,3,3) 승차 (휠체어칸)
01,수도권,KR,4,4호선,0049,고잔,3,환승,2,1,1) (2F) 4호선 중앙 방면 승강장 하차
01,수도권,KR,4,4호선,0049,고잔,3,환승,2,2,2) 대합실 방향 엘리베이터 탑승
01,수도권,KR,4,4호선,0049,고잔,3,환승,2,3,3) (1F) 대합실로 이동
01,수도권,KR,4,4호선,0049,고잔,3,환승,2,4,4) 수인분당선 초지 방면 엘리베이터 탑승
01,수도권,KR,4,4호선,0049,고잔,3,환승,2,5,5) (2F) 수인분당선 초지 방면 승강장으로 이동
01,수도권,KR,4,4호선,0049,고잔,3,환승,2,6,6) 승차 (휠체어칸)
01,수도권,KR,4,4호선,0049,고잔,3,환승,3,1,1) (2F) 4호선 초지 방면 승강장 하차
01,수도권,KR,4,4호선,0049,고잔,3,환승,3,2,2) 대합실 방향 엘리베이터 탑승
01,수도권,KR,4,4호선,0049,고잔,3,환승,3,3,3) (1F) 대합실로 이동
01,수도권,KR,4,4호선,0049,고잔,3,환승,3,4,4) 4호선 중앙 방면 엘리베이터 탑승
01,수도권,KR,4,4호선,0049,고잔,3,환승,3,5,5) (2F) 수인분당선 중앙 방면 승강장으로 이동
01,수도권,KR,4,4호선,0049,고잔,3,환승,3,6,6) 승차 (휠체어칸)
01,수도권,KR,4,4호선,0049,고잔,3,환승,4,1,1) (2F) 4호선 초지 방면 승강장 하차
01,수도권,KR,4,4호선,0049,고잔,3,환승,4,2,2) (2F) 수인분당선 초지 방면 승강장으로 이동
01,수도권,KR,4,4호선,0049,고잔,3,환승,4,3,3) 승차 (휠체어칸)
01,수도권,KR,4,4호선,0559,초지,1,출입구-승강장,1,1,1) 1번 출입구
01,수도권,KR,4,4호선,0559,초지,1,출입구-승강장,1,2,2) 개집표기 통과
01,수도권,KR,4,4호선,0559,초지,1,출입구-승강장,1,3,3) 고잔방면 지상1층 엘리베이터
01,수도권,KR,4,4호선,0559,초지,1,출입구-승강장,1,4,4) 고잔방면 지상2층 승강장 엘리베이터
01,수도권,KR,4,4호선,0559,초지,1,출입구-승강장,1,5,5) 고잔방면 승강장
01,수도권,KR,4,4호선,0559,초지,1,출입구-승강장,2,1,1) 1번 출입구
01,수도권,KR,4,4호선,0559,초지,1,출입구-승강장,2,2,2) 개집표기 통과
01,수도권,KR,4,4호선,0559,초지,1,출입구-승강장,2,3,3) 안산방면 지상1층 엘리베이터
01,수도권,KR,4,4호선,0559,초지,1,출입구-승강장,2,4,4) 안산방면 지상2층 승강장 엘리베이터
01,수도권,KR,4,4호선,0559,초지,1,출입구-승강장,2,5,5) 안산방면 승강장
01,수도권,KR,4,4호선,0559,초지,3,환승,1,1,1) 4호선 고잔 방면 승강장 하차
01,수도권,KR,4,4호선,0559,초지,3,환승,1,2,2) 수인분당선 고잔 방면 승강장으로 이동
01,수도권,KR,4,4호선,0559,초지,3,환승,1,3,3) 승차 (휠체어칸)
01,수도권,KR,4,4호선,0559,초지,3,환승,2,1,1) 4호선 고잔 방면 승강장 하차
01,수도권,KR,4,4호선,0559,초지,3,환승,2,2,2) 대합실 방향 엘리베이터 탑승
01,수도권,KR,4,4호선,0559,초지,3,환승,2,3,3) 지상 1층 대합실로 이동
01,수도권,KR,4,4호선,0559,초지,3,환승,2,4,4) 수인분당선 안산 방면 엘리베이터 탑승 
01,수도권,KR,4,4호선,0559,초지,3,환승,2,5,5) 지상 2층 수인분당선 안산 방면 승강장으로 이동
01,수도권,KR,4,4호선,0559,초지,3,환승,2,6,6) 승차 (휠체어칸)
01,수도권,KR,4,4호선,0559,초지,3,환승,3,1,1) 4호선 안산 방면 승강장 하차
01,수도권,KR,4,4호선,0559,초지,3,환승,3,2,2) 수인분당선 안산 방면 승강장으로 이동
01,수도권,KR,4,4호선,0559,초지,3,환승,3,3,3) 승차 (휠체어칸)
01,수도권,KR,4,4호선,0559,초지,3,환승,4,1,1) 4호선 안산 방면 승강장 하차
01,수도권,KR,4,4호선,0559,초지,3,환승,4,2,2) 대합실 방향 엘리베이터 탑승
01,수도권,KR,4,4호선,0559,초지,3,환승,4,3,3) 지상 1층 대합실로 이동
01,수도권,KR,4,4호선,0559,초지,3,환승,4,4,4) 수인분당선 고잔 방면 엘리베이터 탑승 
01,수도권,KR,4,4호선,0559,초지,3,환승,4,5,5) 지상 2층 수인분당선 고잔 방면 승강장으로 이동
01,수도권,KR,4,4호선,0559,초지,3,환승,4,6,6) 승차 (휠체어칸)
01,수도권,KR,4,4호선,0559,초지,3,환승,5,1,1) 4호선 고잔 방면 승강장 하차
01,수도권,KR,4,4호선,0559,초지,3,환승,5,2,2) 지상 1층 환승 대합실 방향 엘리베이터 탑승
01,수도권,KR,4,4호선,0559,초지,3,환승,5,3,3) 지상 1층 환승 대합실로 이동
01,수도권,KR,4,4호선,0559,초지,3,환승,5,4,4) 지하 3층 연결통로 방향 엘리베이터 탑승
01,수도권,KR,4,4호선,0559,초지,3,환승,5,5,5) 지하 3층 연결통로로 이동
01,수도권,KR,4,4호선,0559,초지,3,환승,5,6,6) 서해선 선부 방면 엘리베이터 탑승 
01,수도권,KR,4,4호선,0559,초지,3,환승,5,7,7) 지하 4층 서해선 선부 방면 승강장으로 이동
01,수도권,KR,4,4호선,0559,초지,3,환승,5,8,8) 승차 (휠체어칸)
01,수도권,KR,4,4호선,0559,초지,3,환승,6,1,1) 4호선 고잔 방면 승강장 하차
01,수도권,KR,4,4호선,0559,초지,3,환승,6,2,2) 지상 1층 환승 대합실 방향 엘리베이터 탑승
01,수도권,KR,4,4호선,0559,초지,3,환승,6,3,3) 지상 1층 환승 대합실로 이동
01,수도권,KR,4,4호선,0559,초지,3,환승,6,4,4) 서해선 시우 방면 엘리베이터 탑승 
01,수도권,KR,4,4호선,0559,초지,3,환승,6,5,5) 지하 4층 서해선 시우 방면 승강장으로 이동
01,수도권,KR,4,4호선,0559,초지,3,환승,6,6,6) 승차 (휠체어칸)
01,수도권,KR,4,4호선,0559,초지,3,환승,7,1,1) 4호선 안산 방면 승강장 하차
01,수도권,KR,4,4호선,0559,초지,3,환승,7,2,2) 지상 1층 환승 대합실 방향 엘리베이터 탑승
01,수도권,KR,4,4호선,0559,초지,3,환승,7,3,3) 지상 1층 환승 대합실로 이동
01,수도권,KR,4,4호선,0559,초지,3,환승,7,4,4) 지하 3층 연결통로 방향 엘리베이터 탑승
01,수도권,KR,4,4호선,0559,초지,3,환승,7,5,5) 지하 3층 연결통로로 이동
01,수도권,KR,4,4호선,0559,초지,3,환승,7,6,6) 서해선 선부 방면 엘리베이터 탑승 
01,수도권,KR,4,4호선,0559,초지,3,환승,7,7,7) 지하 4층 서해선 선부 방면 승강장으로 이동
01,수도권,KR,4,4호선,0559,초지,3,환승,7,8,8) 승차 (휠체어칸)
01,수도권,KR,4,4호선,0559,초지,3,환승,8,1,1) 4호선 안산 방면 승강장 하차
01,수도권,KR,4,4호선,0559,초지,3,환승,8,2,2) 지상 1층 환승 대합실 방향 엘리베이터 탑승
01,수도권,KR,4,4호선,0559,초지,3,환승,8,3,3) 지상 1층 환승 대합실로 이동
01,수도권,KR,4,4호선,0559,초지,3,환승,8,4,4) 서해선 시우 방면 엘리베이터 탑승 
01,수도권,KR,4,4호선,0559,초지,3,환승,8,5,5) 지하 4층 서해선 시우 방면 승강장으로 이동
01,수도권,KR,4,4호선,0559,초지,3,환승,8,6,6) 승차 (휠체어칸)
01,수도권,KR,4,4호선,0388,안산,1,출입구-승강장,1,1,1) 1번 출입구
01,수도권,KR,4,4호선,0388,안산,1,출입구-승강장,1,2,2) 초지방면 지상2층 엘리베이터
01,수도권,KR,4,4호선,0388,안산,1,출입구-승강장,1,3,3) 초지방면 지상1층 승강장 엘리베이터
01,수도권,KR,4,4호선,0388,안산,1,출입구-승강장,1,4,4) 초지방면 승강장
01,수도권,KR,4,4호선,0388,안산,1,출입구-승강장,2,1,1) 2번 출입구
01,수도권,KR,4,4호선,0388,안산,1,출입구-승강장,2,2,2) 초지방면 지상2층 엘리베이터
01,수도권,KR,4,4호선,0388,안산,1,출입구-승강장,2,3,3) 초지방면 지상1층 승강장 엘리베이터
01,수도권,KR,4,4호선,0388,안산,1,출입구-승강장,2,4,4) 초지방면 승강장
01,수도권,KR,4,4호선,0388,안산,1,출입구-승강장,3,1,1) 1번 출입구
01,수도권,KR,4,4호선,0388,안산,1,출입구-승강장,3,2,2) 신길온천방면 지상2층 엘리베이터
01,수도권,KR,4,4호선,0388,안산,1,출입구-승강장,3,3,3) 신길온천방면 지상1층 승강장 엘리베이터
01,수도권,KR,4,4호선,0388,안산,1,출입구-승강장,3,4,4) 신길온천방면 승강장
01,수도권,KR,4,4호선,0388,안산,1,출입구-승강장,4,1,1) 2번 출입구
01,수도권,KR,4,4호선,0388,안산,1,출입구-승강장,4,2,2) 신길온천방면 지상2층 엘리베이터
01,수도권,KR,4,4호선,0388,안산,1,출입구-승강장,4,3,3) 신길온천방면 지상1층 승강장 엘리베이터
01,수도권,KR,4,4호선,0388,안산,1,출입구-승강장,4,4,4) 신길온천방면 승강장
01,수도권,KR,4,4호선,0352,능길,1,출입구-승강장,1,1,1) 1번 출입구 지상1층 엘리베이터
01,수도권,KR,4,4호선,0352,능길,1,출입구-승강장,1,2,2) 1번 출입구 지상2층 엘리베이터
01,수도권,KR,4,4호선,0352,능길,1,출입구-승강장,1,3,3) 개집표기 통과
01,수도권,KR,4,4호선,0352,능길,1,출입구-승강장,1,4,4) 안산방면 지상2층 엘리베이터
01,수도권,KR,4,4호선,0352,능길,1,출입구-승강장,1,5,5) 안산방면 지상1층 승강장 엘리베이터
01,수도권,KR,4,4호선,0352,능길,1,출입구-승강장,1,6,6) 안산방면 승강장
01,수도권,KR,4,4호선,0352,능길,1,출입구-승강장,2,1,1) 2번 출입구 지상1층 엘리베이터
01,수도권,KR,4,4호선,0352,능길,1,출입구-승강장,2,2,2) 2번 출입구 지상2층 엘리베이터
01,수도권,KR,4,4호선,0352,능길,1,출입구-승강장,2,3,3) 개집표기 통과
01,수도권,KR,4,4호선,0352,능길,1,출입구-승강장,2,4,4) 안산방면 지상2층 엘리베이터
01,수도권,KR,4,4호선,0352,능길,1,출입구-승강장,2,5,5) 안산방면 지상1층 승강장 엘리베이터
01,수도권,KR,4,4호선,0352,능길,1,출입구-승강장,2,6,6) 안산방면 승강장
01,수도권,KR,4,4호선,0352,능길,1,출입구-승강장,3,1,1) 1번 출입구 지상1층 엘리베이터
01,수도권,KR,4,4호선,0352,능길,1,출입구-승강장,3,2,2) 1번 출입구 지상2층 엘리베이터
01,수도권,KR,4,4호선,0352,능길,1,출입구-승강장,3,3,3) 개집표기 통과
01,수도권,KR,4,4호선,0352,능길,1,출입구-승강장,3,4,4) 정왕방면 지상2층 엘리베이터
01,수도권,KR,4,4호선,0352,능길,1,출입구-승강장,3,5,5) 정왕방면 지상1층 승강장 엘리베이터
01,수도권,KR,4,4호선,0352,능길,1,출입구-승강장,3,6,6) 정왕방면 승강장
01,수도권,KR,4,4호선,0352,능길,1,출입구-승강장,4,1,1) 2번 출입구 지상1층 엘리베이터
01,수도권,KR,4,4호선,0352,능길,1,출입구-승강장,4,2,2) 2번 출입구 지상2층 엘리베이터
01,수도권,KR,4,4호선,0352,능길,1,출입구-승강장,4,3,3) 개집표기 통과
01,수도권,KR,4,4호선,0352,능길,1,출입구-승강장,4,4,4) 정왕방면 지상2층 엘리베이터
01,수도권,KR,4,4호선,0352,능길,1,출입구-승강장,4,5,5) 정왕방면 지상1층 승강장 엘리베이터
01,수도권,KR,4,4호선,0352,능길,1,출입구-승강장,4,6,6) 정왕방면 승강장
01,수도권,KR,4,4호선,0510,정왕,1,출입구-승강장,1,1,1) 1번 출입구
01,수도권,KR,4,4호선,0510,정왕,1,출입구-승강장,1,2,2) 개집표기 통과
01,수도권,KR,4,4호선,0510,정왕,1,출입구-승강장,1,3,3) 신길온천방면 지상1층 엘리베이터
01,수도권,KR,4,4호선,0510,정왕,1,출입구-승강장,1,4,4) 신길온천방면 지상2층 승강장 엘리베이터
01,수도권,KR,4,4호선,0510,정왕,1,출입구-승강장,1,5,5) 신길온천방면 승강장
01,수도권,KR,4,4호선,0510,정왕,1,출입구-승강장,2,1,1) 2번 출입구
01,수도권,KR,4,4호선,0510,정왕,1,출입구-승강장,2,2,2) 개집표기 통과
01,수도권,KR,4,4호선,0510,정왕,1,출입구-승강장,2,3,3) 신길온천방면 지상1층 엘리베이터
01,수도권,KR,4,4호선,0510,정왕,1,출입구-승강장,2,4,4) 신길온천방면 지상2층 승강장 엘리베이터
01,수도권,KR,4,4호선,0510,정왕,1,출입구-승강장,2,5,5) 신길온천방면 승강장
01,수도권,KR,4,4호선,0510,정왕,1,출입구-승강장,3,1,1) 1번 출입구
01,수도권,KR,4,4호선,0510,정왕,1,출입구-승강장,3,2,2) 개집표기 통과
01,수도권,KR,4,4호선,0510,정왕,1,출입구-승강장,3,3,3) 오이도방면 지상1층 엘리베이터
01,수도권,KR,4,4호선,0510,정왕,1,출입구-승강장,3,4,4) 오이도방면 지상2층 승강장 엘리베이터
01,수도권,KR,4,4호선,0510,정왕,1,출입구-승강장,3,5,5) 오이도방면 승강장
01,수도권,KR,4,4호선,0510,정왕,1,출입구-승강장,4,1,1) 2번 출입구
01,수도권,KR,4,4호선,0510,정왕,1,출입구-승강장,4,2,2) 개집표기 통과
01,수도권,KR,4,4호선,0510,정왕,1,출입구-승강장,4,3,3) 오이도방면 지상1층 엘리베이터
01,수도권,KR,4,4호선,0510,정왕,1,출입구-승강장,4,4,4) 오이도방면 지상2층 승강장 엘리베이터
01,수도권,KR,4,4호선,0510,정왕,1,출입구-승강장,4,5,5) 오이도방면 승강장
01,수도권,KR,4,4호선,0433,오이도,1,출입구-승강장,1,1,1) 2번 출입구 지상1층 엘리베이터
01,수도권,KR,4,4호선,0433,오이도,1,출입구-승강장,1,2,2) 2번 출입구 지상2층 엘리베이터
01,수도권,KR,4,4호선,0433,오이도,1,출입구-승강장,1,3,3) 개집표기 통과
01,수도권,KR,4,4호선,0433,오이도,1,출입구-승강장,1,4,4) 정왕방면 지상2층 엘리베이터
01,수도권,KR,4,4호선,0433,오이도,1,출입구-승강장,1,5,5) 정왕방면 지상1층 승강장 엘리베이터
01,수도권,KR,4,4호선,0433,오이도,1,출입구-승강장,1,6,6) 정왕방면 승강장
01,수도권,KR,4,4호선,0433,오이도,1,출입구-승강장,2,1,1) 3번 출입구 지상1층 엘리베이터
01,수도권,KR,4,4호선,0433,오이도,1,출입구-승강장,2,2,2) 3번 출입구 지상2층 엘리베이터
01,수도권,KR,4,4호선,0433,오이도,1,출입구-승강장,2,3,3) 개집표기 통과
01,수도권,KR,4,4호선,0433,오이도,1,출입구-승강장,2,4,4) 정왕방면 지상2층 엘리베이터
01,수도권,KR,4,4호선,0433,오이도,1,출입구-승강장,2,5,5) 정왕방면 지상1층 승강장 엘리베이터
01,수도권,KR,4,4호선,0433,오이도,1,출입구-승강장,2,6,6) 정왕방면 승강장
01,수도권,KR,4,4호선,0433,오이도,3,환승,1,1,1) 오이도역 종착 승강장
01,수도권,KR,4,4호선,0433,오이도,3,환승,1,2,2) 수인선 달월방면 승강장
01,수도권,S1,5,5호선,0221,방화,1,출입구-승강장,1,1,1) (1F) 1번 출입구 옆 엘리베이터 탑승
01,수도권,S1,5,5호선,0221,방화,1,출입구-승강장,1,2,2) (B1) 대합실로 이동
01,수도권,S1,5,5호선,0221,방화,1,출입구-승강장,1,3,3) 표 내는 곳 통과
01,수도권,S1,5,5호선,0221,방화,1,출입구-승강장,1,4,4) 개화산 방면 엘리베이터 탑승
01,수도권,S1,5,5호선,0221,방화,1,출입구-승강장,1,5,5) (B2) 개화산 방면 승강장으로 이동
01,수도권,S1,5,5호선,0221,방화,1,출입구-승강장,1,6,6) 승차 (휠체어칸)
01,수도권,S1,5,5호선,0029,개화산,1,출입구-승강장,1,1,1) (1F) 1번 출입구 대합실로 이동
01,수도권,S1,5,5호선,0029,개화산,1,출입구-승강장,1,2,2) 방화 방면 엘리베이터 탑승
01,수도권,S1,5,5호선,0029,개화산,1,출입구-승강장,1,3,3) (B2) 방화 방면 승강장으로 이동
01,수도권,S1,5,5호선,0029,개화산,1,출입구-승강장,1,4,4) 표 내는 곳 통과
01,수도권,S1,5,5호선,0029,개화산,1,출입구-승강장,1,5,5) 승차 (휠체어칸)
01,수도권,S1,5,5호선,0029,개화산,1,출입구-승강장,2,1,1) (1F) 1번 출입구 대합실로 이동
01,수도권,S1,5,5호선,0029,개화산,1,출입구-승강장,2,2,2) 김포공항 방면 엘리베이터 탑승
01,수도권,S1,5,5호선,0029,개화산,1,출입구-승강장,2,3,3) (B2) 김포공항 방면 승강장으로 이동
01,수도권,S1,5,5호선,0029,개화산,1,출입구-승강장,2,4,4) 표 내는 곳 통과
01,수도권,S1,5,5호선,0029,개화산,1,출입구-승강장,2,5,5) 승차 (휠체어칸)
01,수도권,S1,5,5호선,0029,개화산,1,출입구-승강장,3,1,1) (1F) 2번 출입구 대합실로 이동
01,수도권,S1,5,5호선,0029,개화산,1,출입구-승강장,3,2,2) 방화 방면 엘리베이터 탑승
01,수도권,S1,5,5호선,0029,개화산,1,출입구-승강장,3,3,3) (B2) 방화 방면 승강장으로 이동
01,수도권,S1,5,5호선,0029,개화산,1,출입구-승강장,3,4,4) 표 내는 곳 통과
01,수도권,S1,5,5호선,0029,개화산,1,출입구-승강장,3,5,5) 승차 (휠체어칸)
01,수도권,S1,5,5호선,0029,개화산,1,출입구-승강장,4,1,1) (1F) 2번 출입구 대합실로 이동
01,수도권,S1,5,5호선,0029,개화산,1,출입구-승강장,4,2,2) 김포공항 방면 엘리베이터 탑승
01,수도권,S1,5,5호선,0029,개화산,1,출입구-승강장,4,3,3) (B2) 김포공항 방면 승강장으로 이동
01,수도권,S1,5,5호선,0029,개화산,1,출입구-승강장,4,4,4) 표 내는 곳 통과
01,수도권,S1,5,5호선,0029,개화산,1,출입구-승강장,4,5,5) 승차 (휠체어칸)
01,수도권,S1,5,5호선,0099,김포공항,1,출입구-승강장,1,1,1) (1F) 3번 출입구 옆 엘리베이터 탑승
01,수도권,S1,5,5호선,0099,김포공항,1,출입구-승강장,1,2,2) (B2) 대합실로 이동
01,수도권,S1,5,5호선,0099,김포공항,1,출입구-승강장,1,3,3) 표 내는 곳 통과
01,수도권,S1,5,5호선,0099,김포공항,1,출입구-승강장,1,4,4) 개화산 방면 엘리베이터 탑승
01,수도권,S1,5,5호선,0099,김포공항,1,출입구-승강장,1,5,5) (B3) 개화산 방면 승강장으로 이동
01,수도권,S1,5,5호선,0099,김포공항,1,출입구-승강장,1,6,6) 승차 (휠체어칸)
01,수도권,S1,5,5호선,0099,김포공항,1,출입구-승강장,2,1,1) (1F) 3번 출입구 옆 엘리베이터 탑승
01,수도권,S1,5,5호선,0099,김포공항,1,출입구-승강장,2,2,2) (B2) 대합실로 이동
01,수도권,S1,5,5호선,0099,김포공항,1,출입구-승강장,2,3,3) 표 내는 곳 통과
01,수도권,S1,5,5호선,0099,김포공항,1,출입구-승강장,2,4,4) 송정 방면 엘리베이터 탑승
01,수도권,S1,5,5호선,0099,김포공항,1,출입구-승강장,2,5,5) (B3) 송정 방면 승강장으로 이동
01,수도권,S1,5,5호선,0099,김포공항,1,출입구-승강장,2,6,6) 승차 (휠체어칸)
01,수도권,S1,5,5호선,0099,김포공항,1,출입구-승강장,3,1,1) (1F) 4번 출입구 옆 엘리베이터 탑승
01,수도권,S1,5,5호선,0099,김포공항,1,출입구-승강장,3,2,2) (B1) 대합실로 이동
01,수도권,S1,5,5호선,0099,김포공항,1,출입구-승강장,3,3,3) 5호선 대합실 표 내는 곳 통과
01,수도권,S1,5,5호선,0099,김포공항,1,출입구-승강장,3,4,4) 개화산 방면 엘리베이터 탑승
01,수도권,S1,5,5호선,0099,김포공항,1,출입구-승강장,3,5,5) (B3) 개화산 방면 승강장으로 이동
01,수도권,S1,5,5호선,0099,김포공항,1,출입구-승강장,3,6,6) 승차 (휠체어칸)
01,수도권,S1,5,5호선,0099,김포공항,1,출입구-승강장,4,1,1) (1F) 4번 출입구 옆 엘리베이터 탑승
01,수도권,S1,5,5호선,0099,김포공항,1,출입구-승강장,4,2,2) (B2) 대합실로 이동
01,수도권,S1,5,5호선,0099,김포공항,1,출입구-승강장,4,3,3) 5호선 대합실 표 내는 곳 통과
01,수도권,S1,5,5호선,0099,김포공항,1,출입구-승강장,4,4,4) 송정 방면 엘리베이터 탑승
01,수도권,S1,5,5호선,0099,김포공항,1,출입구-승강장,4,5,5) (B3) 송정 방면 승강장으로 이동
01,수도권,S1,5,5호선,0099,김포공항,1,출입구-승강장,4,6,6) 승차 (휠체어칸)
01,수도권,S1,5,5호선,0099,김포공항,3,환승,1,1,1) (B3) 5호선 개화산 방면 승강장 하차
01,수도권,S1,5,5호선,0099,김포공항,3,환승,1,2,2) (B2) 9호선 대합실로 이동
01,수도권,S1,5,5호선,0099,김포공항,3,환승,1,3,3) 9호선 개화 방면 엘리베이터 탑승
01,수도권,S1,5,5호선,0099,김포공항,3,환승,1,4,4) (B4) 9호선 개화 방면 승강장으로 이동
01,수도권,S1,5,5호선,0099,김포공항,3,환승,1,5,5) 승차 (휠체어칸)
01,수도권,S1,5,5호선,0099,김포공항,3,환승,2,1,1) (B3) 5호선 개화산 방면 승강장 하차
01,수도권,S1,5,5호선,0099,김포공항,3,환승,2,2,2) (B2) 9호선 대합실로 이동
01,수도권,S1,5,5호선,0099,김포공항,3,환승,2,3,3) 9호선 공항시장 방면 엘리베이터 탑승
01,수도권,S1,5,5호선,0099,김포공항,3,환승,2,4,4) (B3) 9호선 공항시장 방면 승강장으로 이동
01,수도권,S1,5,5호선,0099,김포공항,3,환승,2,5,5) 승차 (휠체어칸)
01,수도권,S1,5,5호선,0099,김포공항,3,환승,3,1,1) (B3) 5호선 송정 방면 승강장 하차
01,수도권,S1,5,5호선,0099,김포공항,3,환승,3,2,"2) 9호선, 공항철도 방향 환승 엘리베이터 탑승"
01,수도권,S1,5,5호선,0099,김포공항,3,환승,3,3,"3) (B3) 9호선, 공항철도 방향 환승통로로 이동"
01,수도권,S1,5,5호선,0099,김포공항,3,환승,3,4,"4) 9호선, 공항철도 승강장으로 이동"
01,수도권,S1,5,5호선,0099,김포공항,3,환승,3,5,5) 9호선 개화 방면 엘리베이터 탑승
01,수도권,S1,5,5호선,0099,김포공항,3,환승,3,6,6) (B4) 9호선 개화 방면 승강장으로 이동
01,수도권,S1,5,5호선,0099,김포공항,3,환승,3,7,7) 승차 (휠체어칸)
01,수도권,S1,5,5호선,0099,김포공항,3,환승,4,1,1) (B3) 5호선 송정 방면 승강장 하차
01,수도권,S1,5,5호선,0099,김포공항,3,환승,4,2,2) 9호선 방향 환승 엘리베이터 탑승
01,수도권,S1,5,5호선,0099,김포공항,3,환승,4,3,"3) (B3) 9호선, 공항철도 방향 환승통로로 이동"
01,수도권,S1,5,5호선,0099,김포공항,3,환승,4,4,4) 9호선 공항시장 방면 승강장으로 이동
01,수도권,S1,5,5호선,0099,김포공항,3,환승,4,5,5) 승차 (휠체어칸)
01,수도권,S1,5,5호선,0099,김포공항,3,환승,5,1,1) (B3) 5호선 개화산 방면 승강장 하차
01,수도권,S1,5,5호선,0099,김포공항,3,환승,5,2,"2) (B2) 9호선, 공항철도 대합실로 이동"
01,수도권,S1,5,5호선,0099,김포공항,3,환승,5,3,3) 공항철도 마곡나루 방면 엘리베이터 탑승
01,수도권,S1,5,5호선,0099,김포공항,3,환승,5,4,4) (B3) 공항철도 마곡나루 방면 승강장으로 이동
01,수도권,S1,5,5호선,0099,김포공항,3,환승,5,5,5) 승차 (휠체어칸)
01,수도권,S1,5,5호선,0099,김포공항,3,환승,6,1,1) (B3) 5호선 개화산 방면 승강장 하차
01,수도권,S1,5,5호선,0099,김포공항,3,환승,6,2,"2) (B2) 9호선, 공항철도 대합실로 이동"
01,수도권,S1,5,5호선,0099,김포공항,3,환승,6,3,3) 공항철도 계양 방면 엘리베이터 탑승
01,수도권,S1,5,5호선,0099,김포공항,3,환승,6,4,4) (B4) 공항철도 계양 방면 승강장으로 이동
01,수도권,S1,5,5호선,0099,김포공항,3,환승,6,5,5) 승차 (휠체어칸)
01,수도권,S1,5,5호선,0099,김포공항,3,환승,7,1,1) (B3) 5호선 송정 방면 승강장 하차
01,수도권,S1,5,5호선,0099,김포공항,3,환승,7,2,"2) 9호선, 공항철도 방향 환승 엘리베이터 탑승"
01,수도권,S1,5,5호선,0099,김포공항,3,환승,7,3,"3) (B3) 9호선, 공항철도 방향 환승통로로 이동"
01,수도권,S1,5,5호선,0099,김포공항,3,환승,7,4,4) 공항철도 마곡나루 방면 승강장으로 이동
01,수도권,S1,5,5호선,0099,김포공항,3,환승,7,5,5) 승차 (휠체어칸)
01,수도권,S1,5,5호선,0099,김포공항,3,환승,8,1,1) (B3) 5호선 송정 방면 승강장 하차
01,수도권,S1,5,5호선,0099,김포공항,3,환승,8,2,"2) 9호선, 공항철도 방향 환승 엘리베이터 탑승"
01,수도권,S1,5,5호선,0099,김포공항,3,환승,8,3,"3) (B3) 9호선, 공항철도 방향 환승통로로 이동"
01,수도권,S1,5,5호선,0099,김포공항,3,환승,8,4,4) 공항철도 계양 방면 엘리베이터 탑승
01,수도권,S1,5,5호선,0099,김포공항,3,환승,8,5,5) (B4) 공항철도 계양 방면 승강장으로 이동
01,수도권,S1,5,5호선,0099,김포공항,3,환승,8,6,6) 승차 (휠체어칸)
01,수도권,S1,5,5호선,0099,김포공항,3,환승,9,1,1) (B3) 5호선 개화산 방면 승강장 하차
01,수도권,S1,5,5호선,0099,김포공항,3,환승,9,2,"2) (B2) 9호선, 공항철도 대합실로 이동"
01,수도권,S1,5,5호선,0099,김포공항,3,환승,9,3,3) 김포골드라인 대합실로 이동
01,수도권,S1,5,5호선,0099,김포공항,3,환승,9,4,4) 김포골드라인 고촌 방면 엘리베이터 탑승
01,수도권,S1,5,5호선,0099,김포공항,3,환승,9,5,5) (B4) 김포골드라인 고촌 방면 승강장으로 이동
01,수도권,S1,5,5호선,0099,김포공항,3,환승,9,6,6) 승차 (휠체어칸)
01,수도권,S1,5,5호선,0099,김포공항,3,환승,10,1,1) (B3) 5호선 송정 방면 승강장 하차
01,수도권,S1,5,5호선,0099,김포공항,3,환승,10,2,"2) 9호선, 공항철도 방향 환승 엘리베이터 탑승"
01,수도권,S1,5,5호선,0099,김포공항,3,환승,10,3,"3) (B3) 9호선, 공항철도 방향 환승통로로 이동"
01,수도권,S1,5,5호선,0099,김포공항,3,환승,10,4,4) 대합실 방향 엘리베이터 탑승
01,수도권,S1,5,5호선,0099,김포공항,3,환승,10,5,"5) (B2) 9호선, 공항철도 대합실로 이동"
01,수도권,S1,5,5호선,0099,김포공항,3,환승,10,6,6) 김포골드라인 대합실로 이동
01,수도권,S1,5,5호선,0099,김포공항,3,환승,10,7,7) 김포골드라인 고촌 방면 엘리베이터 탑승
01,수도권,S1,5,5호선,0099,김포공항,3,환승,10,8,8) (B4) 김포골드라인 고촌 방면 승강장으로 이동
01,수도권,S1,5,5호선,0099,김포공항,3,환승,10,9,9) 승차 (휠체어칸)
01,수도권,S1,5,5호선,0099,김포공항,3,환승,11,1,1) (B3) 개화산방면 승강장 하차
01,수도권,S1,5,5호선,0099,김포공항,3,환승,11,2,"2) (B2) 9호선, 공항철도 대합실로 이동"
01,수도권,S1,5,5호선,0099,김포공항,3,환승,11,3,3) 서해선 대합실로 이동
01,수도권,S1,5,5호선,0099,김포공항,3,환승,11,4,4) (B2) 서해선 엘리베이터 탑승
01,수도권,S1,5,5호선,0099,김포공항,3,환승,11,5,5) (B4) 서해선 능곡방면 엘리베이터 탑승
01,수도권,S1,5,5호선,0099,김포공항,3,환승,11,6,6) (B5) 능곡방면 승강장 승차
01,수도권,S1,5,5호선,0099,김포공항,3,환승,12,1,1) (B3) 개화산방면 승강장 하차
01,수도권,S1,5,5호선,0099,김포공항,3,환승,12,2,"2) (B2) 9호선, 공항철도 대합실로 이동"
01,수도권,S1,5,5호선,0099,김포공항,3,환승,12,3,3) 서해선 대합실로 이동
01,수도권,S1,5,5호선,0099,김포공항,3,환승,12,4,4) (B2) 서해선 엘리베이터 탑승
01,수도권,S1,5,5호선,0099,김포공항,3,환승,12,5,5) (B4) 서해선 원종방면 엘리베이터 탑승
01,수도권,S1,5,5호선,0099,김포공항,3,환승,12,6,6) (B5) 원종방면 승강장 승차
01,수도권,S1,5,5호선,0099,김포공항,3,환승,13,1,1) (B3) 5호선 송정방면 승강장 하차
01,수도권,S1,5,5호선,0099,김포공항,3,환승,13,2,"2) 9호선, 공항철도 방향 환승 엘리베이터 탑승"
01,수도권,S1,5,5호선,0099,김포공항,3,환승,13,3,"3) (B3) 9호선, 공항철도 방향 환승 통로로 이동"
01,수도권,S1,5,5호선,0099,김포공항,3,환승,13,4,4) 대합실 방향 엘리베이터 탑승
01,수도권,S1,5,5호선,0099,김포공항,3,환승,13,5,"5) (B2) 9호선, 공항철도 대합실로 이동"
01,수도권,S1,5,5호선,0099,김포공항,3,환승,13,6,6) 서해선 대합실로 이동
01,수도권,S1,5,5호선,0099,김포공항,3,환승,13,7,7) (B2) 서해선 엘리베이터 탑승
01,수도권,S1,5,5호선,0099,김포공항,3,환승,13,8,8) (B4) 서해선 능곡방면 엘리베이터 탑승
01,수도권,S1,5,5호선,0099,김포공항,3,환승,13,9,9) (B5) 능곡방면 승강장 승차
01,수도권,S1,5,5호선,0099,김포공항,3,환승,14,1,1) (B3) 5호선 송정방면 승강장 하차
01,수도권,S1,5,5호선,0099,김포공항,3,환승,14,2,"2) 9호선, 공항철도 방향 환승 엘리베이터 탑승"
01,수도권,S1,5,5호선,0099,김포공항,3,환승,14,3,"3) (B3) 9호선, 공항철도 방향 환승 통로로 이동"
01,수도권,S1,5,5호선,0099,김포공항,3,환승,14,4,4) 대합실 방향 엘리베이터 탑승
01,수도권,S1,5,5호선,0099,김포공항,3,환승,14,5,"5) (B2) 9호선, 공항철도 대합실로 이동"
01,수도권,S1,5,5호선,0099,김포공항,3,환승,14,6,6) 서해선 대합실로 이동
01,수도권,S1,5,5호선,0099,김포공항,3,환승,14,7,7) (B2) 서해선 엘리베이터 탑승
01,수도권,S1,5,5호선,0099,김포공항,3,환승,14,8,8) (B4) 서해선 원종방면 엘리베이터 탑승
01,수도권,S1,5,5호선,0099,김포공항,3,환승,14,9,9) (B5) 원종방면 승강장 승차
01,수도권,S1,5,5호선,0330,송정,1,출입구-승강장,1,1,1) (1F) 2번 출입구 옆 엘리베이터 탑승
01,수도권,S1,5,5호선,0330,송정,1,출입구-승강장,1,2,2) (B2) 대합실로 이동
01,수도권,S1,5,5호선,0330,송정,1,출입구-승강장,1,3,3) 표 내는 곳 통과
01,수도권,S1,5,5호선,0330,송정,1,출입구-승강장,1,4,4) 김포공항 방면 엘리베이터 탑승
01,수도권,S1,5,5호선,0330,송정,1,출입구-승강장,1,5,5) (B3) 김포공항 방면 승강장으로 이동
01,수도권,S1,5,5호선,0330,송정,1,출입구-승강장,1,6,6) 승차 (휠체어칸)
01,수도권,S1,5,5호선,0330,송정,1,출입구-승강장,2,1,1) (1F) 2번 출입구 옆 엘리베이터 탑승
01,수도권,S1,5,5호선,0330,송정,1,출입구-승강장,2,2,2) (B2) 대합실로 이동
01,수도권,S1,5,5호선,0330,송정,1,출입구-승강장,2,3,3) 표 내는 곳 통과
01,수도권,S1,5,5호선,0330,송정,1,출입구-승강장,2,4,4) 마곡 방면 엘리베이터 탑승
01,수도권,S1,5,5호선,0330,송정,1,출입구-승강장,2,5,5) (B3) 마곡 방면 승강장으로 이동
01,수도권,S1,5,5호선,0330,송정,1,출입구-승강장,2,6,6) 승차 (휠체어칸)
01,수도권,S1,5,5호선,0330,송정,1,출입구-승강장,3,1,1) (1F) 3번 출입구 옆 엘리베이터 탑승
01,수도권,S1,5,5호선,0330,송정,1,출입구-승강장,3,2,2) (B2) 대합실로 이동
01,수도권,S1,5,5호선,0330,송정,1,출입구-승강장,3,3,3) 표 내는 곳 통과
01,수도권,S1,5,5호선,0330,송정,1,출입구-승강장,3,4,4) 김포공항 방면 엘리베이터 탑승
01,수도권,S1,5,5호선,0330,송정,1,출입구-승강장,3,5,5) (B3) 김포공항 방면 승강장으로 이동
01,수도권,S1,5,5호선,0330,송정,1,출입구-승강장,3,6,6) 승차 (휠체어칸)
01,수도권,S1,5,5호선,0330,송정,1,출입구-승강장,4,1,1) (1F) 3번 출입구 옆 엘리베이터 탑승
01,수도권,S1,5,5호선,0330,송정,1,출입구-승강장,4,2,2) (B2) 대합실로 이동
01,수도권,S1,5,5호선,0330,송정,1,출입구-승강장,4,3,3) 표 내는 곳 통과
01,수도권,S1,5,5호선,0330,송정,1,출입구-승강장,4,4,4) 마곡 방면 엘리베이터 탑승
01,수도권,S1,5,5호선,0330,송정,1,출입구-승강장,4,5,5) (B3) 마곡 방면 승강장으로 이동
01,수도권,S1,5,5호선,0330,송정,1,출입구-승강장,4,6,6) 승차 (휠체어칸)
01,수도권,S1,5,5호선,0177,마곡,1,출입구-승강장,1,1,1) (1F) 1번/2번 출입구 사이 엘리베이터 탑승
01,수도권,S1,5,5호선,0177,마곡,1,출입구-승강장,1,2,2) (B1) 대합실로 이동
01,수도권,S1,5,5호선,0177,마곡,1,출입구-승강장,1,3,3) 표 내는 곳 통과
01,수도권,S1,5,5호선,0177,마곡,1,출입구-승강장,1,4,4) 송정 방면 엘리베이터 탑승
01,수도권,S1,5,5호선,0177,마곡,1,출입구-승강장,1,5,5) (B2) 송정 방면 승강장으로 이동
01,수도권,S1,5,5호선,0177,마곡,1,출입구-승강장,1,6,6) 승차 (휠체어칸)
01,수도권,S1,5,5호선,0177,마곡,1,출입구-승강장,2,1,1) (1F) 1번/2번 출입구 사이 엘리베이터 탑승
01,수도권,S1,5,5호선,0177,마곡,1,출입구-승강장,2,2,2) (B1) 대합실로 이동
01,수도권,S1,5,5호선,0177,마곡,1,출입구-승강장,2,3,3) 표 내는 곳 통과
01,수도권,S1,5,5호선,0177,마곡,1,출입구-승강장,2,4,4) 발산 방면 엘리베이터 탑승
01,수도권,S1,5,5호선,0177,마곡,1,출입구-승강장,2,5,5) (B2) 발산 방면 승강장으로 이동
01,수도권,S1,5,5호선,0177,마곡,1,출입구-승강장,2,6,6) 승차 (휠체어칸)
01,수도권,S1,5,5호선,0177,마곡,1,출입구-승강장,3,1,1) (1F) 3번 출입구 사이 엘리베이터 탑승
01,수도권,S1,5,5호선,0177,마곡,1,출입구-승강장,3,2,2) (B1) 대합실로 이동
01,수도권,S1,5,5호선,0177,마곡,1,출입구-승강장,3,3,3) 표 내는 곳 통과
01,수도권,S1,5,5호선,0177,마곡,1,출입구-승강장,3,4,4) 송정 방면 엘리베이터 탑승
01,수도권,S1,5,5호선,0177,마곡,1,출입구-승강장,3,5,5) (B2) 송정 방면 승강장으로 이동
01,수도권,S1,5,5호선,0177,마곡,1,출입구-승강장,3,6,6) 승차 (휠체어칸)
01,수도권,S1,5,5호선,0177,마곡,1,출입구-승강장,4,1,1) (1F) 3번 출입구 사이 엘리베이터 탑승
01,수도권,S1,5,5호선,0177,마곡,1,출입구-승강장,4,2,2) (B1) 대합실로 이동
01,수도권,S1,5,5호선,0177,마곡,1,출입구-승강장,4,3,3) 표 내는 곳 통과
01,수도권,S1,5,5호선,0177,마곡,1,출입구-승강장,4,4,4) 발산 방면 엘리베이터 탑승
01,수도권,S1,5,5호선,0177,마곡,1,출입구-승강장,4,5,5) (B2) 발산 방면 승강장으로 이동
01,수도권,S1,5,5호선,0177,마곡,1,출입구-승강장,4,6,6) 승차 (휠체어칸)
01,수도권,S1,5,5호선,0177,마곡,1,출입구-승강장,5,1,1) (1F) 4번/5번 출입구 사이 엘리베이터 탑승
01,수도권,S1,5,5호선,0177,마곡,1,출입구-승강장,5,2,2) (B1) 대합실로 이동
01,수도권,S1,5,5호선,0177,마곡,1,출입구-승강장,5,3,3) 표 내는 곳 통과
01,수도권,S1,5,5호선,0177,마곡,1,출입구-승강장,5,4,4) 송정 방면 엘리베이터 탑승
01,수도권,S1,5,5호선,0177,마곡,1,출입구-승강장,5,5,5) (B2) 송정 방면 승강장으로 이동
01,수도권,S1,5,5호선,0177,마곡,1,출입구-승강장,5,6,6) 승차 (휠체어칸)
01,수도권,S1,5,5호선,0177,마곡,1,출입구-승강장,6,1,1) (1F) 4번/5번 출입구 사이 엘리베이터 탑승
01,수도권,S1,5,5호선,0177,마곡,1,출입구-승강장,6,2,2) (B1) 대합실로 이동
01,수도권,S1,5,5호선,0177,마곡,1,출입구-승강장,6,3,3) 표 내는 곳 통과
01,수도권,S1,5,5호선,0177,마곡,1,출입구-승강장,6,4,4) 발산 방면 엘리베이터 탑승
01,수도권,S1,5,5호선,0177,마곡,1,출입구-승강장,6,5,5) (B2) 발산 방면 승강장으로 이동
01,수도권,S1,5,5호선,0177,마곡,1,출입구-승강장,6,6,6) 승차 (휠체어칸)
01,수도권,S1,5,5호선,0177,마곡,1,출입구-승강장,7,1,(1F) 6/7번 출입구 사이 엘리베이터 탑승 
01,수도권,S1,5,5호선,0177,마곡,1,출입구-승강장,7,2,2) (B1) 대합실로 이동
01,수도권,S1,5,5호선,0177,마곡,1,출입구-승강장,7,3,3) 표 내는 곳 통과
01,수도권,S1,5,5호선,0177,마곡,1,출입구-승강장,7,4,4) 송정 방면 엘리베이터 탑승
01,수도권,S1,5,5호선,0177,마곡,1,출입구-승강장,7,5,5) (B2) 송정 방면 승강장으로 이동
01,수도권,S1,5,5호선,0177,마곡,1,출입구-승강장,7,6,6) 승차 (휠체어칸)
01,수도권,S1,5,5호선,0177,마곡,1,출입구-승강장,8,1,(1F) 6/7번 출입구 사이 엘리베이터 탑승 
01,수도권,S1,5,5호선,0177,마곡,1,출입구-승강장,8,2,2) (B1) 대합실로 이동
01,수도권,S1,5,5호선,0177,마곡,1,출입구-승강장,8,3,3) 표 내는 곳 통과
01,수도권,S1,5,5호선,0177,마곡,1,출입구-승강장,8,4,4) 발산 방면 엘리베이터 탑승
01,수도권,S1,5,5호선,0177,마곡,1,출입구-승강장,8,5,5) (B2) 발산 방면 승강장으로 이동
01,수도권,S1,5,5호선,0177,마곡,1,출입구-승강장,8,6,6) 승차 (휠체어칸)
01,수도권,S1,5,5호선,0217,발산,1,출입구-승강장,1,1,1) (1F) 7번 출입구 옆 엘리베이터 탑승
01,수도권,S1,5,5호선,0217,발산,1,출입구-승강장,1,2,2) (B1) 대합실로 이동
01,수도권,S1,5,5호선,0217,발산,1,출입구-승강장,1,3,3) 마곡 방면 엘리베이터 앞 표 내는 곳 통과
01,수도권,S1,5,5호선,0217,발산,1,출입구-승강장,1,4,4) 마곡 방면 엘리베이터 탑승
01,수도권,S1,5,5호선,0217,발산,1,출입구-승강장,1,5,5) (B2) 마곡 방면 승강장으로 이동
01,수도권,S1,5,5호선,0217,발산,1,출입구-승강장,1,6,6) 승차 (휠체어칸)
01,수도권,S1,5,5호선,0217,발산,1,출입구-승강장,2,1,1) (1F) 7번 출입구 옆 엘리베이터 탑승
01,수도권,S1,5,5호선,0217,발산,1,출입구-승강장,2,2,2) (B1) 대합실로 이동
01,수도권,S1,5,5호선,0217,발산,1,출입구-승강장,2,3,3) 우장산 방면 엘리베이터 앞 표 내는 곳 통과
01,수도권,S1,5,5호선,0217,발산,1,출입구-승강장,2,4,4) 우장산 방면 엘리베이터 탑승
01,수도권,S1,5,5호선,0217,발산,1,출입구-승강장,2,5,5) (B2) 우장산 방면 승강장으로 이동
01,수도권,S1,5,5호선,0217,발산,1,출입구-승강장,2,6,6) 승차 (휠체어칸)
01,수도권,S1,5,5호선,0449,우장산,1,출입구-승강장,1,1,1) (1F) 1번 출입구 옆 엘리베이터 탑승
01,수도권,S1,5,5호선,0449,우장산,1,출입구-승강장,1,2,2) (B1) 대합실로 이동
01,수도권,S1,5,5호선,0449,우장산,1,출입구-승강장,1,3,3) 발산 방면 엘리베이터 앞 표 내는 곳 통과
01,수도권,S1,5,5호선,0449,우장산,1,출입구-승강장,1,4,4) 발산 방면 엘리베이터 탑승
01,수도권,S1,5,5호선,0449,우장산,1,출입구-승강장,1,5,5) (B2) 발산 방면 승강장으로 이동
01,수도권,S1,5,5호선,0449,우장산,1,출입구-승강장,1,6,6) 승차 (휠체어칸)
01,수도권,S1,5,5호선,0449,우장산,1,출입구-승강장,2,1,1) (1F) 1번 출입구 옆 엘리베이터 탑승
01,수도권,S1,5,5호선,0449,우장산,1,출입구-승강장,2,2,2) (B1) 대합실로 이동
01,수도권,S1,5,5호선,0449,우장산,1,출입구-승강장,2,3,3) 화곡 방면 엘리베이터 앞 표 내는 곳 통과
01,수도권,S1,5,5호선,0449,우장산,1,출입구-승강장,2,4,4) 화곡 방면 엘리베이터 탑승
01,수도권,S1,5,5호선,0449,우장산,1,출입구-승강장,2,5,5) (B2) 화곡 방면 승강장으로 이동
01,수도권,S1,5,5호선,0449,우장산,1,출입구-승강장,2,6,6) 승차 (휠체어칸)
01,수도권,S1,5,5호선,0599,화곡,1,출입구-승강장,1,1,1) (1F) 2번 출입구 옆 엘리베이터 탑승
01,수도권,S1,5,5호선,0599,화곡,1,출입구-승강장,1,2,2) (B1) 대합실로 이동
01,수도권,S1,5,5호선,0599,화곡,1,출입구-승강장,1,3,3) 표 내는 곳 통과
01,수도권,S1,5,5호선,0599,화곡,1,출입구-승강장,1,4,4) 승강장 방향 엘리베이터 탑승
01,수도권,S1,5,5호선,0599,화곡,1,출입구-승강장,1,5,5) (B2) 우장산 방면 승강장으로 이동
01,수도권,S1,5,5호선,0599,화곡,1,출입구-승강장,1,6,6) 승차 (휠체어칸)
01,수도권,S1,5,5호선,0599,화곡,1,출입구-승강장,2,1,1) (1F) 2번 출입구 옆 엘리베이터 탑승
01,수도권,S1,5,5호선,0599,화곡,1,출입구-승강장,2,2,2) (B1) 대합실로 이동
01,수도권,S1,5,5호선,0599,화곡,1,출입구-승강장,2,3,3) 표 내는 곳 통과
01,수도권,S1,5,5호선,0599,화곡,1,출입구-승강장,2,4,4) 승강장 방향 엘리베이터 탑승
01,수도권,S1,5,5호선,0599,화곡,1,출입구-승강장,2,5,5) (B2) 까치산 방면 승강장으로 이동
01,수도권,S1,5,5호선,0599,화곡,1,출입구-승강장,2,6,6) 승차 (휠체어칸)
01,수도권,S1,5,5호선,0100,까치산,1,출입구-승강장,1,1,1) 1F 지상EV탑승->게이트 통과
01,수도권,S1,5,5호선,0100,까치산,1,출입구-승강장,1,2,2) B1 대합실 EV탑승
01,수도권,S1,5,5호선,0100,까치산,1,출입구-승강장,1,3,3) B5 상선 승강장(6-3) 
01,수도권,S1,5,5호선,0100,까치산,1,출입구-승강장,1,4,4) 승차(휠체어 칸)
01,수도권,S1,5,5호선,0100,까치산,1,출입구-승강장,2,1,1) 1F 지상EV탑승->게이트 통과
01,수도권,S1,5,5호선,0100,까치산,1,출입구-승강장,2,2,2) B1 대합실 EV탑승
01,수도권,S1,5,5호선,0100,까치산,1,출입구-승강장,2,3,3) B5 하선 승강장(3-2) 
01,수도권,S1,5,5호선,0100,까치산,1,출입구-승강장,2,4,4) 승차(휠체어 칸)
01,수도권,S1,5,5호선,0100,까치산,3,환승,1,1,1) 5호선 화곡방면 승강장
01,수도권,S1,5,5호선,0100,까치산,3,환승,1,2,2) B5 상선 승강장(6-3) EV 탑승 
01,수도권,S1,5,5호선,0100,까치산,3,환승,1,3,3) B1 대합실 EV 하차
01,수도권,S1,5,5호선,0100,까치산,3,환승,1,4,4) B1 대합실 신정역 방면 EV 탑승
01,수도권,S1,5,5호선,0100,까치산,3,환승,1,5,5) B5 하선 승강장(3-2) 하차 
01,수도권,S1,5,5호선,0100,까치산,3,환승,1,6,6) B5 2호선 신정네거리역 방면 승강장으로 이동
01,수도권,S1,5,5호선,0100,까치산,3,환승,2,1,1) (B5) 5호선 신정 방면 승강장 하차
01,수도권,S1,5,5호선,0100,까치산,3,환승,2,2,2) (B5) 2호선 신정네거리 방면 승강장으로 이동
01,수도권,S1,5,5호선,0100,까치산,3,환승,2,3,3) 승차 (휠체어칸)
01,수도권,S1,5,5호선,0372,신정,1,출입구-승강장,1,1,1) (1F) 2번 출입구 옆 엘리베이터 탑승
01,수도권,S1,5,5호선,0372,신정,1,출입구-승강장,1,2,2) (B2) 대합실로 이동
01,수도권,S1,5,5호선,0372,신정,1,출입구-승강장,1,3,3) 표 내는 곳 통과
01,수도권,S1,5,5호선,0372,신정,1,출입구-승강장,1,4,4) 까치산 방면 엘리베이터 탑승
01,수도권,S1,5,5호선,0372,신정,1,출입구-승강장,1,5,5) (B3) 까치산 방면 승강장으로 이동
01,수도권,S1,5,5호선,0372,신정,1,출입구-승강장,1,6,6) 승차 (휠체어칸)
01,수도권,S1,5,5호선,0372,신정,1,출입구-승강장,2,1,1) (1F) 2번 출입구 옆 엘리베이터 탑승
01,수도권,S1,5,5호선,0372,신정,1,출입구-승강장,2,2,2) (B2) 대합실로 이동
01,수도권,S1,5,5호선,0372,신정,1,출입구-승강장,2,3,3) 표 내는 곳 통과
01,수도권,S1,5,5호선,0372,신정,1,출입구-승강장,2,4,4) 목동 방면 엘리베이터 탑승
01,수도권,S1,5,5호선,0372,신정,1,출입구-승강장,2,5,5) (B3) 목동 방면 승강장으로 이동
01,수도권,S1,5,5호선,0372,신정,1,출입구-승강장,2,6,6) 승차 (휠체어칸)
01,수도권,S1,5,5호선,0203,목동,1,출입구-승강장,1,1,1) (1F) 5번 출입구 옆 엘리베이터 탑승
01,수도권,S1,5,5호선,0203,목동,1,출입구-승강장,1,2,2) (B1) 대합실로 이동
01,수도권,S1,5,5호선,0203,목동,1,출입구-승강장,1,3,3) 표 내는 곳 통과
01,수도권,S1,5,5호선,0203,목동,1,출입구-승강장,1,4,4) 신정 방면 엘리베이터 탑승
01,수도권,S1,5,5호선,0203,목동,1,출입구-승강장,1,5,5) (B2) 신정 방면 승강장으로 이동
01,수도권,S1,5,5호선,0203,목동,1,출입구-승강장,1,6,6) 승차 (휠체어칸)
01,수도권,S1,5,5호선,0203,목동,1,출입구-승강장,2,1,1) (1F) 5번 출입구 옆 엘리베이터 탑승
01,수도권,S1,5,5호선,0203,목동,1,출입구-승강장,2,2,2) (B1) 대합실로 이동
01,수도권,S1,5,5호선,0203,목동,1,출입구-승강장,2,3,3) 표 내는 곳 통과
01,수도권,S1,5,5호선,0203,목동,1,출입구-승강장,2,4,4) 오목교 방면 엘리베이터 탑승
01,수도권,S1,5,5호선,0203,목동,1,출입구-승강장,2,5,5) (B2) 오목교 방면 승강장으로 이동
01,수도권,S1,5,5호선,0203,목동,1,출입구-승강장,2,6,6) 승차 (휠체어칸)
01,수도권,S1,5,5호선,0429,오목교,1,출입구-승강장,1,1,1) (1F) 7번 출입구 옆 엘리베이터 탑승
01,수도권,S1,5,5호선,0429,오목교,1,출입구-승강장,1,2,2) (B1) 대합실로 이동
01,수도권,S1,5,5호선,0429,오목교,1,출입구-승강장,1,3,3) 표 내는 곳 통과
01,수도권,S1,5,5호선,0429,오목교,1,출입구-승강장,1,4,4) 목동 방면 엘리베이터 탑승
01,수도권,S1,5,5호선,0429,오목교,1,출입구-승강장,1,5,5) (B3) 목동 방면 승강장으로 이동
01,수도권,S1,5,5호선,0429,오목교,1,출입구-승강장,1,6,6) 승차 (휠체어칸)
01,수도권,S1,5,5호선,0429,오목교,1,출입구-승강장,2,1,1) (1F) 7번 출입구 옆 엘리베이터 탑승
01,수도권,S1,5,5호선,0429,오목교,1,출입구-승강장,2,2,2) (B1) 대합실로 이동
01,수도권,S1,5,5호선,0429,오목교,1,출입구-승강장,2,3,3) 표 내는 곳 통과
01,수도권,S1,5,5호선,0429,오목교,1,출입구-승강장,2,4,4) 양평 방면 엘리베이터 탑승
01,수도권,S1,5,5호선,0429,오목교,1,출입구-승강장,2,5,5) (B3) 양평 방면 승강장으로 이동
01,수도권,S1,5,5호선,0429,오목교,1,출입구-승강장,2,6,6) 승차 (휠체어칸)
01,수도권,S1,5,5호선,0316,양평,1,출입구-승강장,1,1,1) (1F) 2번 출입구 옆 엘리베이터 탑승
01,수도권,S1,5,5호선,0316,양평,1,출입구-승강장,1,2,2) (B1) 대합실로 이동
01,수도권,S1,5,5호선,0316,양평,1,출입구-승강장,1,3,3) 표 내는 곳 통과
01,수도권,S1,5,5호선,0316,양평,1,출입구-승강장,1,4,4) 승강장 방향 엘리베이터 탑승
01,수도권,S1,5,5호선,0316,양평,1,출입구-승강장,1,5,5) (B5) 오목교 방면 승강장으로 이동
01,수도권,S1,5,5호선,0316,양평,1,출입구-승강장,1,6,6) 승차(휠체어칸)
01,수도권,S1,5,5호선,0316,양평,1,출입구-승강장,2,1,1) (1F) 2번 출입구 옆 엘리베이터 탑승
01,수도권,S1,5,5호선,0316,양평,1,출입구-승강장,2,2,2) (B1) 대합실로 이동
01,수도권,S1,5,5호선,0316,양평,1,출입구-승강장,2,3,3) 표 내는 곳 통과
01,수도권,S1,5,5호선,0316,양평,1,출입구-승강장,2,4,4) 승강장 방향 엘리베이터 탑승
01,수도권,S1,5,5호선,0316,양평,1,출입구-승강장,2,5,5) (B4) 대합실로 이동
01,수도권,S1,5,5호선,0316,양평,1,출입구-승강장,2,6,6) 영등포구청 방면 엘리베이터 탑승
01,수도권,S1,5,5호선,0316,양평,1,출입구-승강장,2,7,7) (B5) 영등포구청 방면 승강장으로 이동
01,수도권,S1,5,5호선,0316,양평,1,출입구-승강장,2,8,8) 승차(휠체어칸)
01,수도권,S1,5,5호선,0421,영등포구청,1,출입구-승강장,1,1,1) (1F) 7번 출입구 옆 엘리베이터 탑승
01,수도권,S1,5,5호선,0421,영등포구청,1,출입구-승강장,1,2,2) (B5) 양평 방면 승강장으로 이동
01,수도권,S1,5,5호선,0421,영등포구청,1,출입구-승강장,1,3,3) 표 내는 곳 통과
01,수도권,S1,5,5호선,0421,영등포구청,1,출입구-승강장,1,4,4) 승차 (휠체어칸)
01,수도권,S1,5,5호선,0421,영등포구청,1,출입구-승강장,2,1,1) (1F) 7번 출입구 옆 엘리베이터 탑승
01,수도권,S1,5,5호선,0421,영등포구청,1,출입구-승강장,2,2,2) (B4) 대합실로 이동
01,수도권,S1,5,5호선,0421,영등포구청,1,출입구-승강장,2,3,3) 표 내는 곳 통과
01,수도권,S1,5,5호선,0421,영등포구청,1,출입구-승강장,2,4,4) 영등포시장 방면 엘리베이터 탑승
01,수도권,S1,5,5호선,0421,영등포구청,1,출입구-승강장,2,5,5) (B5) 영등포시장 방면 승강장으로 이동
01,수도권,S1,5,5호선,0421,영등포구청,1,출입구-승강장,2,6,6) 승차 (휠체어칸)
01,수도권,S1,5,5호선,0421,영등포구청,3,환승,1,1,1) (B5) 양평방면 엘리베이터 탑승
01,수도권,S1,5,5호선,0421,영등포구청,3,환승,1,2,2) (1F) 7번 출입구 엘리베이터 하차
01,수도권,S1,5,5호선,0421,영등포구청,3,환승,1,3,3) (1F) 2번 출입구 엘리베이터 탑승
01,수도권,S1,5,5호선,0421,영등포구청,3,환승,1,4,4) (B1) 2번 출입구 엘리베이터 하차
01,수도권,S1,5,5호선,0421,영등포구청,3,환승,1,5,5) (B1) 2호선 문래방면 엘리베이터 탑승
01,수도권,S1,5,5호선,0421,영등포구청,3,환승,1,6,6) (B2) 2호선 문래방면 엘리베이터 하차
01,수도권,S1,5,5호선,0421,영등포구청,3,환승,1,7,7) 승차(휠체어칸)
01,수도권,S1,5,5호선,0421,영등포구청,3,환승,2,1,1) (B5) 양평방면 엘리베이터 탑승
01,수도권,S1,5,5호선,0421,영등포구청,3,환승,2,2,2) (1F) 7번 출입구 엘리베이터 하차
01,수도권,S1,5,5호선,0421,영등포구청,3,환승,2,3,3) (1F) 2번 출입구 엘리베이터 탑승
01,수도권,S1,5,5호선,0421,영등포구청,3,환승,2,4,4) (B1) 2번 출입구 엘리베이터 하차
01,수도권,S1,5,5호선,0421,영등포구청,3,환승,2,5,5) (B1) 2호선 당산방면 엘리베이터 탑승
01,수도권,S1,5,5호선,0421,영등포구청,3,환승,2,6,6) (B2) 2호선 당산방면 엘리베이터 하차
01,수도권,S1,5,5호선,0421,영등포구청,3,환승,2,7,7) 승차(휠체어칸)
01,수도권,S1,5,5호선,0421,영등포구청,3,환승,3,1,1) (B5) 영등포시장방면 엘리베이터 탑승
01,수도권,S1,5,5호선,0421,영등포구청,3,환승,3,2,2) (B4) 영등포시장방면 엘리베이터 하차
01,수도권,S1,5,5호선,0421,영등포구청,3,환승,3,3,3) (B4) 표 내는 곳 통과 후 5호선 양평 방향 엘리베이터 탑승
01,수도권,S1,5,5호선,0421,영등포구청,3,환승,3,4,4) (F1) 7번 출입구 엘리베이터 하차
01,수도권,S1,5,5호선,0421,영등포구청,3,환승,3,5,5) (F1) 2번 출입구 엘리베이터 탑승
01,수도권,S1,5,5호선,0421,영등포구청,3,환승,3,6,6) (B1) 2번 출입구 엘리베이터 하차
01,수도권,S1,5,5호선,0421,영등포구청,3,환승,3,7,7) (B1) 문래방면 엘리베이터 탑승
01,수도권,S1,5,5호선,0421,영등포구청,3,환승,3,8,8) (B2) 문래방면 엘리베이터 하차
01,수도권,S1,5,5호선,0421,영등포구청,3,환승,3,9,9) 승차(휠체어칸)
01,수도권,S1,5,5호선,0421,영등포구청,3,환승,4,1,1) (B5) 영등포시장방면 엘리베이터 탑승
01,수도권,S1,5,5호선,0421,영등포구청,3,환승,4,2,2) (B4) 영등포시장방면 엘리베이터 하차
01,수도권,S1,5,5호선,0421,영등포구청,3,환승,4,3,3) (B4) 표 내는 곳 통과 후 5호선 양평 방향 엘리베이터 탑승
01,수도권,S1,5,5호선,0421,영등포구청,3,환승,4,4,4) (F1) 7번 출입구 엘리베이터 하차
01,수도권,S1,5,5호선,0421,영등포구청,3,환승,4,5,5) (F1) 2번 출입구 엘리베이터 탑승
01,수도권,S1,5,5호선,0421,영등포구청,3,환승,4,6,6) (B1) 2번 출입구 엘리베이터 하차
01,수도권,S1,5,5호선,0421,영등포구청,3,환승,4,7,7) (B1) 당산방면 엘리베이터 탑승
01,수도권,S1,5,5호선,0421,영등포구청,3,환승,4,8,8) (B2) 당산방면 엘리베이터 하차
01,수도권,S1,5,5호선,0421,영등포구청,3,환승,4,9,9) 승차(휠체어칸)
01,수도권,S1,5,5호선,0422,영등포시장,1,출입구-승강장,1,1,1) (1F) 2번 출입구 옆 엘리베이터 탑승
01,수도권,S1,5,5호선,0422,영등포시장,1,출입구-승강장,1,2,2) (B1) 대합실로 이동
01,수도권,S1,5,5호선,0422,영등포시장,1,출입구-승강장,1,3,3) 표 내는 곳 통과
01,수도권,S1,5,5호선,0422,영등포시장,1,출입구-승강장,1,4,4) 승강장 방향 엘리베이터 탑승
01,수도권,S1,5,5호선,0422,영등포시장,1,출입구-승강장,1,5,5) (B5) 대합실로 이동
01,수도권,S1,5,5호선,0422,영등포시장,1,출입구-승강장,1,6,6) 영등포구청 방면 엘리베이터 탑승
01,수도권,S1,5,5호선,0422,영등포시장,1,출입구-승강장,1,7,7) (B6) 영등포구청 방면 승강장으로 이동
01,수도권,S1,5,5호선,0422,영등포시장,1,출입구-승강장,1,8,8) 승차 (휠체어칸)
01,수도권,S1,5,5호선,0422,영등포시장,1,출입구-승강장,2,1,1) (1F) 2번 출입구 옆 엘리베이터 탑승
01,수도권,S1,5,5호선,0422,영등포시장,1,출입구-승강장,2,2,2) (B1) 대합실로 이동
01,수도권,S1,5,5호선,0422,영등포시장,1,출입구-승강장,2,3,3) 표 내는 곳 통과
01,수도권,S1,5,5호선,0422,영등포시장,1,출입구-승강장,2,4,4) 신길 방면 엘리베이터 탑승
01,수도권,S1,5,5호선,0422,영등포시장,1,출입구-승강장,2,5,5) (B6) 신길 방면 승강장으로 이동
01,수도권,S1,5,5호선,0422,영등포시장,1,출입구-승강장,2,6,6) 승차 (휠체어칸)
01,수도권,S1,5,5호선,0351,신길,1,출입구-승강장,1,1,1) (1F) 3번 출입구 옆 엘리베이터 탑승
01,수도권,S1,5,5호선,0351,신길,1,출입구-승강장,1,2,2) (B3) 대합실로 이동
01,수도권,S1,5,5호선,0351,신길,1,출입구-승강장,1,3,3) 표 내는 곳 통과
01,수도권,S1,5,5호선,0351,신길,1,출입구-승강장,1,4,4) 영등포시장 방면 엘리베이터 탑승
01,수도권,S1,5,5호선,0351,신길,1,출입구-승강장,1,5,5) (B4) 영등포시장 방면 승강장으로 이동
01,수도권,S1,5,5호선,0351,신길,1,출입구-승강장,1,6,6) 승차 (휠체어칸)
01,수도권,S1,5,5호선,0351,신길,1,출입구-승강장,2,1,1) (1F) 3번 출입구 옆 엘리베이터 탑승
01,수도권,S1,5,5호선,0351,신길,1,출입구-승강장,2,2,2) (B3) 대합실로 이동
01,수도권,S1,5,5호선,0351,신길,1,출입구-승강장,2,3,3) 표 내는 곳 통과
01,수도권,S1,5,5호선,0351,신길,1,출입구-승강장,2,4,4) 여의도 방면 엘리베이터 탑승
01,수도권,S1,5,5호선,0351,신길,1,출입구-승강장,2,5,5) (B4) 여의도 방면 승강장으로 이동
01,수도권,S1,5,5호선,0351,신길,1,출입구-승강장,2,6,6) 승차 (휠체어칸)
01,수도권,S1,5,5호선,0351,신길,3,환승,1,1,1) (B4) 5호선 영등포시장 방면 승강장 하차
01,수도권,S1,5,5호선,0351,신길,3,환승,1,2,2) 1호선 방향 환승 엘리베이터 탑승
01,수도권,S1,5,5호선,0351,신길,3,환승,1,3,3) (B3) 대합실로 이동
01,수도권,S1,5,5호선,0351,신길,3,환승,1,4,4) 1호선 환승통로 방향 경사형 엘리베이터 탑승
01,수도권,S1,5,5호선,0351,신길,3,환승,1,5,5) (B1) 환승통로로 이동
01,수도권,S1,5,5호선,0351,신길,3,환승,1,6,6) 1호선 대방 방면 엘리베이터 탑승
01,수도권,S1,5,5호선,0351,신길,3,환승,1,7,7) (1F) 1호선 대방 방면 승강장으로 이동
01,수도권,S1,5,5호선,0351,신길,3,환승,1,8,8) 승차 (휠체어칸)
01,수도권,S1,5,5호선,0351,신길,3,환승,2,1,1) (B4) 5호선 영등포시장 방면 승강장 하차
01,수도권,S1,5,5호선,0351,신길,3,환승,2,2,2) 1호선 방향 환승 엘리베이터 탑승
01,수도권,S1,5,5호선,0351,신길,3,환승,2,3,3) (B3) 대합실로 이동
01,수도권,S1,5,5호선,0351,신길,3,환승,2,4,4) 1호선 환승통로 방향 경사형 엘리베이터 탑승
01,수도권,S1,5,5호선,0351,신길,3,환승,2,5,5) (B1) 환승통로로 이동
01,수도권,S1,5,5호선,0351,신길,3,환승,2,6,6) 1호선 영등포 방면 엘리베이터 탑승
01,수도권,S1,5,5호선,0351,신길,3,환승,2,7,7) (1F) 1호선 영등포 방면 승강장으로 이동
01,수도권,S1,5,5호선,0351,신길,3,환승,2,8,8) 승차 (휠체어칸)
01,수도권,S1,5,5호선,0351,신길,3,환승,3,1,1) (B4) 5호선 여의도 방면 승강장 하차
01,수도권,S1,5,5호선,0351,신길,3,환승,3,2,2) 1호선 방향 환승 엘리베이터 탑승
01,수도권,S1,5,5호선,0351,신길,3,환승,3,3,3) (B3) 대합실로 이동
01,수도권,S1,5,5호선,0351,신길,3,환승,3,4,4) 1호선 환승통로 방향 경사형 엘리베이터 탑승
01,수도권,S1,5,5호선,0351,신길,3,환승,3,5,5) (B1) 환승통로로 이동
01,수도권,S1,5,5호선,0351,신길,3,환승,3,6,6) 1호선 대방 방면 엘리베이터 탑승
01,수도권,S1,5,5호선,0351,신길,3,환승,3,7,7) (1F) 1호선 대방 방면 승강장으로 이동
01,수도권,S1,5,5호선,0351,신길,3,환승,3,8,8) 승차 (휠체어칸)
01,수도권,S1,5,5호선,0351,신길,3,환승,4,1,1) (B4) 5호선 여의도 방면 승강장 하차
01,수도권,S1,5,5호선,0351,신길,3,환승,4,2,2) 1호선 방향 환승 엘리베이터 탑승
01,수도권,S1,5,5호선,0351,신길,3,환승,4,3,3) (B3) 대합실로 이동
01,수도권,S1,5,5호선,0351,신길,3,환승,4,4,4) 1호선 환승통로 방향 경사형 엘리베이터 탑승
01,수도권,S1,5,5호선,0351,신길,3,환승,4,5,5) (B1) 환승통로로 이동
01,수도권,S1,5,5호선,0351,신길,3,환승,4,6,6) 1호선 영등포 방면 엘리베이터 탑승
01,수도권,S1,5,5호선,0351,신길,3,환승,4,7,7) (1F) 1호선 영등포 방면 승강장으로 이동
01,수도권,S1,5,5호선,0351,신길,3,환승,4,8,8) 승차 (휠체어칸)
01,수도권,S1,5,5호선,0412,여의도,1,출입구-승강장,1,1,1) (1F) 2번 출입구 옆 엘리베이터 탑승
01,수도권,S1,5,5호선,0412,여의도,1,출입구-승강장,1,2,2) (B1) 대합실로 이동
01,수도권,S1,5,5호선,0412,여의도,1,출입구-승강장,1,3,3) 표 내는 곳 통과
01,수도권,S1,5,5호선,0412,여의도,1,출입구-승강장,1,4,4) 신길 방면 엘리베이터 탑승
01,수도권,S1,5,5호선,0412,여의도,1,출입구-승강장,1,5,5) (B4) 신길 방면 승강장으로 이동
01,수도권,S1,5,5호선,0412,여의도,1,출입구-승강장,1,6,6) 승차 (휠체어칸)
01,수도권,S1,5,5호선,0412,여의도,1,출입구-승강장,2,1,1) (1F) 2번 출입구 옆 엘리베이터 탑승
01,수도권,S1,5,5호선,0412,여의도,1,출입구-승강장,2,2,2) (B1) 대합실로 이동
01,수도권,S1,5,5호선,0412,여의도,1,출입구-승강장,2,3,3) 표 내는 곳 통과
01,수도권,S1,5,5호선,0412,여의도,1,출입구-승강장,2,4,4) 여의나루 방면 엘리베이터 탑승
01,수도권,S1,5,5호선,0412,여의도,1,출입구-승강장,2,5,5) (B4) 여의나루 방면 승강장으로 이동
01,수도권,S1,5,5호선,0412,여의도,1,출입구-승강장,2,6,6) 승차 (휠체어칸)
01,수도권,S1,5,5호선,0412,여의도,1,출입구-승강장,3,1,1) (1F) 3번 출입구 옆 엘리베이터 탑승
01,수도권,S1,5,5호선,0412,여의도,1,출입구-승강장,3,2,2) (B1) 대합실로 이동
01,수도권,S1,5,5호선,0412,여의도,1,출입구-승강장,3,3,3) 표 내는 곳 통과
01,수도권,S1,5,5호선,0412,여의도,1,출입구-승강장,3,4,4) 신길 방면 엘리베이터 탑승
01,수도권,S1,5,5호선,0412,여의도,1,출입구-승강장,3,5,5) (B4) 신길 방면 승강장으로 이동
01,수도권,S1,5,5호선,0412,여의도,1,출입구-승강장,3,6,6) 승차 (휠체어칸)
01,수도권,S1,5,5호선,0412,여의도,1,출입구-승강장,4,1,1) (1F) 3번 출입구 옆 엘리베이터 탑승
01,수도권,S1,5,5호선,0412,여의도,1,출입구-승강장,4,2,2) (B1) 대합실로 이동
01,수도권,S1,5,5호선,0412,여의도,1,출입구-승강장,4,3,3) 표 내는 곳 통과
01,수도권,S1,5,5호선,0412,여의도,1,출입구-승강장,4,4,4) 여의나루 방면 엘리베이터 탑승
01,수도권,S1,5,5호선,0412,여의도,1,출입구-승강장,4,5,5) (B4) 여의나루 방면 승강장으로 이동
01,수도권,S1,5,5호선,0412,여의도,1,출입구-승강장,4,6,6) 승차 (휠체어칸)
01,수도권,S1,5,5호선,0412,여의도,3,환승,1,1,1) (B4) 5호선 신길 방면 승강장 하차
01,수도권,S1,5,5호선,0412,여의도,3,환승,1,2,2) 대합실 방향 엘리베이터 탑승
01,수도권,S1,5,5호선,0412,여의도,3,환승,1,3,3) (B2) 9호선 승강장으로 이동
01,수도권,S1,5,5호선,0412,여의도,3,환승,1,4,4) 9호선 표 내는 곳 통과
01,수도권,S1,5,5호선,0412,여의도,3,환승,1,5,5) 9호선 승강장 으로 이동 
01,수도권,S1,5,5호선,0412,여의도,3,환승,1,6,6) 대합실 방향 엘리베이터로 이동
01,수도권,S1,5,5호선,0412,여의도,3,환승,1,7,7) 대합실 방향 엘리베이터 탑승
01,수도권,S1,5,5호선,0412,여의도,3,환승,1,8,8) 9호선 샛강 방면 엘리베이터로 이동
01,수도권,S1,5,5호선,0412,여의도,3,환승,1,9,9) 9호선 샛강 방면 엘리베이터 탑승
01,수도권,S1,5,5호선,0412,여의도,3,환승,1,10,10) (B2) 9호선 샛강 방면 승강장으로 이동
01,수도권,S1,5,5호선,0412,여의도,3,환승,1,11,11) 승차 (휠체어칸)
01,수도권,S1,5,5호선,0412,여의도,3,환승,2,1,1) (B4) 5호선 신길 방면 승강장 하차
01,수도권,S1,5,5호선,0412,여의도,3,환승,2,2,2) 대합실 방향 엘리베이터 탑승
01,수도권,S1,5,5호선,0412,여의도,3,환승,2,3,3) (B2) 9호선 대합실로 이동
01,수도권,S1,5,5호선,0412,여의도,3,환승,2,4,4) 표 내는 곳 통과
01,수도권,S1,5,5호선,0412,여의도,3,환승,2,5,5) 9호선 국회의사당 방면 승강장으로 이동
01,수도권,S1,5,5호선,0412,여의도,3,환승,2,6,6) 승차 (휠체어칸)
01,수도권,S1,5,5호선,0412,여의도,3,환승,3,1,1) (B4) 5호선 여의나루 방면 승강장 하차
01,수도권,S1,5,5호선,0412,여의도,3,환승,3,2,2) 대합실 방향 엘리베이터 탑승
01,수도권,S1,5,5호선,0412,여의도,3,환승,3,3,3) (B2) 9호선 대합실로 이동
01,수도권,S1,5,5호선,0412,여의도,3,환승,3,4,4) 표 내는 곳 통과
01,수도권,S1,5,5호선,0412,여의도,3,환승,3,5,5) 9호선 샛강 방면 승강장으로 이동
01,수도권,S1,5,5호선,0412,여의도,3,환승,3,6,6) 승차 (휠체어칸)
01,수도권,S1,5,5호선,0412,여의도,3,환승,4,1,1) (B4) 5호선 여의나루 방면 승강장 하차
01,수도권,S1,5,5호선,0412,여의도,3,환승,4,2,2) 대합실 방향 엘리베이터 탑승
01,수도권,S1,5,5호선,0412,여의도,3,환승,4,3,3) (B2) 9호선 승강장으로 이동
01,수도권,S1,5,5호선,0412,여의도,3,환승,4,4,4) 9호선 표 내는 곳 통과
01,수도권,S1,5,5호선,0412,여의도,3,환승,4,5,5) 9호선 승강장 으로 이동
01,수도권,S1,5,5호선,0412,여의도,3,환승,4,6,6) 대합실 방향 엘리베이터 탑승
01,수도권,S1,5,5호선,0412,여의도,3,환승,4,7,7) (B2) 9호선 국회의사당 방면 승강장으로 이동
01,수도권,S1,5,5호선,0412,여의도,3,환승,4,8,8) 9호선 국회의사당 방면 엘리베이터 탑승
01,수도권,S1,5,5호선,0412,여의도,3,환승,4,9,9) (B2) 9호선 국회의사당 방면 승강장으로 이동
01,수도권,S1,5,5호선,0412,여의도,3,환승,4,10,10) 승차 (휠체어칸)
01,수도권,S1,5,5호선,0411,여의나루,1,출입구-승강장,1,1,1) (지상) 4번 출입구 옆 엘리베이터 탑승
01,수도권,S1,5,5호선,0411,여의나루,1,출입구-승강장,1,2,2) 이동통로로 이동
01,수도권,S1,5,5호선,0411,여의나루,1,출입구-승강장,1,3,3) (M1) 경사형 엘리베이터 탑승
01,수도권,S1,5,5호선,0411,여의나루,1,출입구-승강장,1,4,4) (B2) 대합실로 이동
01,수도권,S1,5,5호선,0411,여의나루,1,출입구-승강장,1,5,5) 개집표기 통과
01,수도권,S1,5,5호선,0411,여의나루,1,출입구-승강장,1,6,5) 승강장 방향 엘리베이터 탑승
01,수도권,S1,5,5호선,0411,여의나루,1,출입구-승강장,1,7,6) (B5) 여의도/마포 방면 플랫폼 이동
01,수도권,S1,5,5호선,0411,여의나루,1,출입구-승강장,1,8,8) (휠체어칸) 승차
01,수도권,S1,5,5호선,0411,여의나루,1,출입구-승강장,2,1,1) (지상) 4번 출입구 옆 엘리베이터 탑승
01,수도권,S1,5,5호선,0411,여의나루,1,출입구-승강장,2,2,2) 이동통로로 이동
01,수도권,S1,5,5호선,0411,여의나루,1,출입구-승강장,2,3,3) (M1) 경사형 엘리베이터 탑승
01,수도권,S1,5,5호선,0411,여의나루,1,출입구-승강장,2,4,4) (B2) 대합실로 이동
01,수도권,S1,5,5호선,0411,여의나루,1,출입구-승강장,2,5,5) 개집표기 통과
01,수도권,S1,5,5호선,0411,여의나루,1,출입구-승강장,2,6,5) 승강장 방향 엘리베이터 탑승
01,수도권,S1,5,5호선,0411,여의나루,1,출입구-승강장,2,7,6) (B5) 여의도/마포 방면 플랫폼 이동
01,수도권,S1,5,5호선,0411,여의나루,1,출입구-승강장,2,8,8) (휠체어칸) 승차
01,수도권,S1,5,5호선,0185,마포,1,출입구-승강장,1,1,1) (1F) 1번 출입구 옆 엘리베이터 탑승
01,수도권,S1,5,5호선,0185,마포,1,출입구-승강장,1,2,2) (B1) 대합실로 이동
01,수도권,S1,5,5호선,0185,마포,1,출입구-승강장,1,3,3) 표 내는 곳 통과
01,수도권,S1,5,5호선,0185,마포,1,출입구-승강장,1,4,4) 승강장 방향 엘리베이터 탑승
01,수도권,S1,5,5호선,0185,마포,1,출입구-승강장,1,5,5) (B5) 여의나루 방면 승강장으로 이동
01,수도권,S1,5,5호선,0185,마포,1,출입구-승강장,1,6,6) 승차 (휠체어칸)
01,수도권,S1,5,5호선,0185,마포,1,출입구-승강장,2,1,1) (1F) 1번 출입구 옆 엘리베이터 탑승
01,수도권,S1,5,5호선,0185,마포,1,출입구-승강장,2,2,2) (B1) 대합실로 이동
01,수도권,S1,5,5호선,0185,마포,1,출입구-승강장,2,3,3) 표 내는 곳 통과
01,수도권,S1,5,5호선,0185,마포,1,출입구-승강장,2,4,4) 승강장 방향 엘리베이터 탑승
01,수도권,S1,5,5호선,0185,마포,1,출입구-승강장,2,5,5) (B5) 공덕 방면 승강장으로 이동
01,수도권,S1,5,5호선,0185,마포,1,출입구-승강장,2,6,6) 승차 (휠체어칸)
01,수도권,S1,5,5호선,0054,공덕,1,출입구-승강장,1,1,1) (1F) 2번 출입구 옆 엘리베이터 탑승
01,수도권,S1,5,5호선,0054,공덕,1,출입구-승강장,1,2,2) (B1) 대합실로 이동
01,수도권,S1,5,5호선,0054,공덕,1,출입구-승강장,1,3,3) 승차 태그 후 승강장 방향 엘리베이터 탑승
01,수도권,S1,5,5호선,0054,공덕,1,출입구-승강장,1,4,4) (B3) 승강장으로 이동
01,수도권,S1,5,5호선,0054,공덕,1,출입구-승강장,1,5,5) (B3) 마포 방면 승강장으로 이동
01,수도권,S1,5,5호선,0054,공덕,1,출입구-승강장,1,6,6) 승차 (휠체어칸)
01,수도권,S1,5,5호선,0054,공덕,1,출입구-승강장,2,1,1) (1F) 2번 출입구 옆 엘리베이터 탑승
01,수도권,S1,5,5호선,0054,공덕,1,출입구-승강장,2,2,2) (B1) 대합실로 이동
01,수도권,S1,5,5호선,0054,공덕,1,출입구-승강장,2,3,3) 승차 태그 후 승강장 방향 엘리베이터 탑승
01,수도권,S1,5,5호선,0054,공덕,1,출입구-승강장,2,4,4) (B3) 승강장으로 이동
01,수도권,S1,5,5호선,0054,공덕,1,출입구-승강장,2,5,5) (B3) 애오개 방면 승강장으로 이동
01,수도권,S1,5,5호선,0054,공덕,1,출입구-승강장,2,6,6) 승차 (휠체어칸)
01,수도권,S1,5,5호선,0054,공덕,1,출입구-승강장,3,1,1) (1F) 5번 출입구 옆 엘리베이터 탑승
01,수도권,S1,5,5호선,0054,공덕,1,출입구-승강장,3,2,2) (B1) 대합실로 이동
01,수도권,S1,5,5호선,0054,공덕,1,출입구-승강장,3,3,3) 승차 태그 후 승강장 방향 엘리베이터 탑승
01,수도권,S1,5,5호선,0054,공덕,1,출입구-승강장,3,4,4) (B3) 승강장으로 이동
01,수도권,S1,5,5호선,0054,공덕,1,출입구-승강장,3,5,5) (B3) 마포 방면 승강장으로 이동
01,수도권,S1,5,5호선,0054,공덕,1,출입구-승강장,3,6,6) 승차 (휠체어칸)
01,수도권,S1,5,5호선,0054,공덕,1,출입구-승강장,4,1,1) (1F) 5번 출입구 옆 엘리베이터 탑승
01,수도권,S1,5,5호선,0054,공덕,1,출입구-승강장,4,2,2) (B1) 대합실로 이동
01,수도권,S1,5,5호선,0054,공덕,1,출입구-승강장,4,3,3) 승차 태그 후 승강장 방향 엘리베이터 탑승
01,수도권,S1,5,5호선,0054,공덕,1,출입구-승강장,4,4,4) (B3) 승강장으로 이동
01,수도권,S1,5,5호선,0054,공덕,1,출입구-승강장,4,5,5) (B3) 애오개 방면 승강장으로 이동
01,수도권,S1,5,5호선,0054,공덕,1,출입구-승강장,4,6,6) 승차 (휠체어칸)
01,수도권,S1,5,5호선,0054,공덕,3,환승,1,1,1) (B3) 5호선 마포 방면 승강장 하차
01,수도권,S1,5,5호선,0054,공덕,3,환승,1,2,2) 대합실 방향 엘리베이터 탑승
01,수도권,S1,5,5호선,0054,공덕,3,환승,1,3,3) (B2) 환승통로로 이동
01,수도권,S1,5,5호선,0054,공덕,3,환승,1,4,4) 6호선 효창공원앞 방면 승강장으로 이동
01,수도권,S1,5,5호선,0054,공덕,3,환승,1,5,5) 환승 엘리베이터 탑승
01,수도권,S1,5,5호선,0054,공덕,3,환승,1,6,6) (B3) 환승통로로 이동
01,수도권,S1,5,5호선,0054,공덕,3,환승,1,7,7) 6호선 대흥 방면 엘리베이터 탑승
01,수도권,S1,5,5호선,0054,공덕,3,환승,1,8,8) (B2) 6호선 대흥 방면 승강장으로 이동
01,수도권,S1,5,5호선,0054,공덕,3,환승,1,9,9) 승차 (휠체어칸)
01,수도권,S1,5,5호선,0054,공덕,3,환승,2,1,1) (B3) 5호선 마포 방면 승강장 하차
01,수도권,S1,5,5호선,0054,공덕,3,환승,2,2,2) 대합실 방향 엘리베이터 탑승
01,수도권,S1,5,5호선,0054,공덕,3,환승,2,3,3) (B2) 환승통로로 이동
01,수도권,S1,5,5호선,0054,공덕,3,환승,2,4,4) (B2) 6호선 효창공원앞 방면 승강장으로 이동
01,수도권,S1,5,5호선,0054,공덕,3,환승,2,5,5) 승차 (휠체어칸)
01,수도권,S1,5,5호선,0054,공덕,3,환승,3,1,1) (B3) 5호선 애오개 방면 승강장 하차
01,수도권,S1,5,5호선,0054,공덕,3,환승,3,2,2) 대합실 방향 엘리베이터 탑승
01,수도권,S1,5,5호선,0054,공덕,3,환승,3,3,3) (B2) 환승통로로 이동
01,수도권,S1,5,5호선,0054,공덕,3,환승,3,4,4) 6호선 효창공원앞 방면 승강장으로 이동
01,수도권,S1,5,5호선,0054,공덕,3,환승,3,5,5) 환승 엘리베이터 탑승
01,수도권,S1,5,5호선,0054,공덕,3,환승,3,6,6) (B3) 환승통로로 이동
01,수도권,S1,5,5호선,0054,공덕,3,환승,3,7,7) 6호선 대흥 방면 엘리베이터 탑승
01,수도권,S1,5,5호선,0054,공덕,3,환승,3,8,8) (B2) 6호선 대흥 방면 승강장으로 이동
01,수도권,S1,5,5호선,0054,공덕,3,환승,3,9,9) 승차 (휠체어칸)
01,수도권,S1,5,5호선,0054,공덕,3,환승,4,1,1) (B3) 5호선 애오개 방면 승강장 하차
01,수도권,S1,5,5호선,0054,공덕,3,환승,4,2,2) 대합실 방향 엘리베이터 탑승
01,수도권,S1,5,5호선,0054,공덕,3,환승,4,3,3) (B2) 환승통로로 이동
01,수도권,S1,5,5호선,0054,공덕,3,환승,4,4,4) (B2) 6호선 효창공원앞 방면 승강장으로 이동
01,수도권,S1,5,5호선,0054,공덕,3,환승,4,5,5) 승차 (휠체어칸)
01,수도권,S1,5,5호선,0054,공덕,3,환승,5,1,1) (B3) 5호선 마포 방면 승강장 하차
01,수도권,S1,5,5호선,0054,공덕,3,환승,5,2,2) 대합실 방향 엘리베이터 탑승
01,수도권,S1,5,5호선,0054,공덕,3,환승,5,3,3) (B2) 환승통로로 이동
01,수도권,S1,5,5호선,0054,공덕,3,환승,5,4,4) 6호선 효창공원앞 방면 승강장으로 이동
01,수도권,S1,5,5호선,0054,공덕,3,환승,5,5,5) 환승 엘리베이터 탑승
01,수도권,S1,5,5호선,0054,공덕,3,환승,5,6,6) (B3) 환승통로로 이동
01,수도권,S1,5,5호선,0054,공덕,3,환승,5,7,7) 공항철도 대합실로 이동
01,수도권,S1,5,5호선,0054,공덕,3,환승,5,8,8) 경의중앙선 서강대 방면 엘리베이터 탑승
01,수도권,S1,5,5호선,0054,공덕,3,환승,5,9,9) (B2) 경의중앙선 서강대 방면 승강장으로 이동
01,수도권,S1,5,5호선,0054,공덕,3,환승,5,10,10) 승차 (휠체어칸)
01,수도권,S1,5,5호선,0054,공덕,3,환승,6,1,1) (B3) 5호선 마포 방면 승강장 하차
01,수도권,S1,5,5호선,0054,공덕,3,환승,6,2,2) 대합실 방향 엘리베이터 탑승
01,수도권,S1,5,5호선,0054,공덕,3,환승,6,3,3) (B2) 환승통로로 이동
01,수도권,S1,5,5호선,0054,공덕,3,환승,6,4,4) 6호선 효창공원앞 방면 승강장으로 이동
01,수도권,S1,5,5호선,0054,공덕,3,환승,6,5,5) 환승 엘리베이터 탑승
01,수도권,S1,5,5호선,0054,공덕,3,환승,6,6,6) (B3) 환승통로로 이동
01,수도권,S1,5,5호선,0054,공덕,3,환승,6,7,7) 공항철도 대합실로 이동
01,수도권,S1,5,5호선,0054,공덕,3,환승,6,8,8) 경의중앙선 효창공원앞 방면 엘리베이터 탑승
01,수도권,S1,5,5호선,0054,공덕,3,환승,6,9,9) (B2) 경의중앙선 효창공원앞 방면 승강장으로 이동
01,수도권,S1,5,5호선,0054,공덕,3,환승,6,10,10) 승차 (휠체어칸)
01,수도권,S1,5,5호선,0054,공덕,3,환승,7,1,1) (B3) 5호선 애오개 방면 승강장 하차
01,수도권,S1,5,5호선,0054,공덕,3,환승,7,2,2) 대합실 방향 엘리베이터 탑승
01,수도권,S1,5,5호선,0054,공덕,3,환승,7,3,3) (B2) 환승통로로 이동
01,수도권,S1,5,5호선,0054,공덕,3,환승,7,4,4) 6호선 효창공원앞 방면 승강장으로 이동
01,수도권,S1,5,5호선,0054,공덕,3,환승,7,5,5) 환승 엘리베이터 탑승
01,수도권,S1,5,5호선,0054,공덕,3,환승,7,6,6) (B3) 환승통로로 이동
01,수도권,S1,5,5호선,0054,공덕,3,환승,7,7,7) 공항철도 대합실로 이동
01,수도권,S1,5,5호선,0054,공덕,3,환승,7,8,8) 경의중앙선 서강대 방면 엘리베이터 탑승
01,수도권,S1,5,5호선,0054,공덕,3,환승,7,9,9) (B2) 경의중앙선 서강대 방면 승강장으로 이동
01,수도권,S1,5,5호선,0054,공덕,3,환승,7,10,10) 승차 (휠체어칸)
01,수도권,S1,5,5호선,0054,공덕,3,환승,8,1,1) (B3) 5호선 애오개 방면 승강장 하차
01,수도권,S1,5,5호선,0054,공덕,3,환승,8,2,2) 대합실 방향 엘리베이터 탑승
01,수도권,S1,5,5호선,0054,공덕,3,환승,8,3,3) (B2) 환승통로로 이동
01,수도권,S1,5,5호선,0054,공덕,3,환승,8,4,4) 6호선 효창공원앞 방면 승강장으로 이동
01,수도권,S1,5,5호선,0054,공덕,3,환승,8,5,5) 환승 엘리베이터 탑승
01,수도권,S1,5,5호선,0054,공덕,3,환승,8,6,6) (B3) 환승통로로 이동
01,수도권,S1,5,5호선,0054,공덕,3,환승,8,7,7) 공항철도 대합실로 이동
01,수도권,S1,5,5호선,0054,공덕,3,환승,8,8,8) 경의중앙선 효창공원앞 방면 엘리베이터 탑승
01,수도권,S1,5,5호선,0054,공덕,3,환승,8,9,9) (B2) 경의중앙선 효창공원앞 방면 승강장으로 이동
01,수도권,S1,5,5호선,0054,공덕,3,환승,8,10,10) 승차 (휠체어칸)
01,수도권,S1,5,5호선,0054,공덕,3,환승,9,1,1) (B3) 5호선 마포 방면 승강장 하차
01,수도권,S1,5,5호선,0054,공덕,3,환승,9,2,2) 대합실 방향 엘리베이터 탑승
01,수도권,S1,5,5호선,0054,공덕,3,환승,9,3,3) (B2) 환승통로로 이동
01,수도권,S1,5,5호선,0054,공덕,3,환승,9,4,4) 6호선 효창공원앞 방면 승강장으로 이동
01,수도권,S1,5,5호선,0054,공덕,3,환승,9,5,5) 환승 엘리베이터 탑승
01,수도권,S1,5,5호선,0054,공덕,3,환승,9,6,6) (B3) 환승통로로 이동
01,수도권,S1,5,5호선,0054,공덕,3,환승,9,7,7) 공항철도 대합실로 이동
01,수도권,S1,5,5호선,0054,공덕,3,환승,9,8,8) 공항철도 서울역 방면 엘리베이터 탑승
01,수도권,S1,5,5호선,0054,공덕,3,환승,9,9,9) (B4) 공항철도 서울역 방면 승강장으로 이동
01,수도권,S1,5,5호선,0054,공덕,3,환승,9,10,10) 승차 (휠체어칸)
01,수도권,S1,5,5호선,0054,공덕,3,환승,10,1,1) (B3) 5호선 마포 방면 승강장 하차
01,수도권,S1,5,5호선,0054,공덕,3,환승,10,2,2) 대합실 방향 엘리베이터 탑승
01,수도권,S1,5,5호선,0054,공덕,3,환승,10,3,3) (B2) 환승통로로 이동
01,수도권,S1,5,5호선,0054,공덕,3,환승,10,4,4) 6호선 효창공원앞 방면 승강장으로 이동
01,수도권,S1,5,5호선,0054,공덕,3,환승,10,5,5) 환승 엘리베이터 탑승
01,수도권,S1,5,5호선,0054,공덕,3,환승,10,6,6) (B3) 환승통로로 이동
01,수도권,S1,5,5호선,0054,공덕,3,환승,10,7,7) 공항철도 대합실로 이동
01,수도권,S1,5,5호선,0054,공덕,3,환승,10,8,8) 공항철도 홍대입구 방면 엘리베이터 탑승
01,수도권,S1,5,5호선,0054,공덕,3,환승,10,9,9) (B4) 공항철도 홍대입구 방면 승강장으로 이동
01,수도권,S1,5,5호선,0054,공덕,3,환승,10,10,10) 승차 (휠체어칸)
01,수도권,S1,5,5호선,0054,공덕,3,환승,11,1,1) (B3) 5호선 애오개 방면 승강장 하차
01,수도권,S1,5,5호선,0054,공덕,3,환승,11,2,2) 대합실 방향 엘리베이터 탑승
01,수도권,S1,5,5호선,0054,공덕,3,환승,11,3,3) (B2) 환승통로로 이동
01,수도권,S1,5,5호선,0054,공덕,3,환승,11,4,4) 6호선 효창공원앞 방면 승강장으로 이동
01,수도권,S1,5,5호선,0054,공덕,3,환승,11,5,5) 환승 엘리베이터 탑승
01,수도권,S1,5,5호선,0054,공덕,3,환승,11,6,6) (B3) 환승통로로 이동
01,수도권,S1,5,5호선,0054,공덕,3,환승,11,7,7) 공항철도 대합실로 이동
01,수도권,S1,5,5호선,0054,공덕,3,환승,11,8,8) 공항철도 서울역 방면 엘리베이터 탑승
01,수도권,S1,5,5호선,0054,공덕,3,환승,11,9,9) (B4) 공항철도 서울역 방면 승강장으로 이동
01,수도권,S1,5,5호선,0054,공덕,3,환승,11,10,10) 승차 (휠체어칸)
01,수도권,S1,5,5호선,0054,공덕,3,환승,12,1,1) (B3) 5호선 애오개 방면 승강장 하차
01,수도권,S1,5,5호선,0054,공덕,3,환승,12,2,2) 대합실 방향 엘리베이터 탑승
01,수도권,S1,5,5호선,0054,공덕,3,환승,12,3,3) (B2) 환승통로로 이동
01,수도권,S1,5,5호선,0054,공덕,3,환승,12,4,4) 6호선 효창공원앞 방면 승강장으로 이동
01,수도권,S1,5,5호선,0054,공덕,3,환승,12,5,5) 환승 엘리베이터 탑승
01,수도권,S1,5,5호선,0054,공덕,3,환승,12,6,6) (B3) 환승통로로 이동
01,수도권,S1,5,5호선,0054,공덕,3,환승,12,7,7) 공항철도 대합실로 이동
01,수도권,S1,5,5호선,0054,공덕,3,환승,12,8,8) 공항철도 홍대입구 방면 엘리베이터 탑승
01,수도권,S1,5,5호선,0054,공덕,3,환승,12,9,9) (B4) 공항철도 홍대입구 방면 승강장으로 이동
01,수도권,S1,5,5호선,0054,공덕,3,환승,12,10,10) 승차 (휠체어칸)
01,수도권,S1,5,5호선,0394,애오개,1,출입구-승강장,1,1,1) (1F) 2번 출입구 옆 엘리베이터 탑승
01,수도권,S1,5,5호선,0394,애오개,1,출입구-승강장,1,2,2) (B1) 대합실로 이동
01,수도권,S1,5,5호선,0394,애오개,1,출입구-승강장,1,3,3) 표 내는 곳 통과
01,수도권,S1,5,5호선,0394,애오개,1,출입구-승강장,1,4,4) 대합실 중앙 엘리베이터 탑승
01,수도권,S1,5,5호선,0394,애오개,1,출입구-승강장,1,5,5) (B3) 대합실로 이동
01,수도권,S1,5,5호선,0394,애오개,1,출입구-승강장,1,6,6) 공덕 방면 엘리베이터 탑승
01,수도권,S1,5,5호선,0394,애오개,1,출입구-승강장,1,7,7) (B4) 공덕 방면 승강장으로 이동
01,수도권,S1,5,5호선,0394,애오개,1,출입구-승강장,1,8,8) 승차 (휠체어칸)
01,수도권,S1,5,5호선,0394,애오개,1,출입구-승강장,2,1,1) (1F) 2번 출입구 옆 엘리베이터 탑승
01,수도권,S1,5,5호선,0394,애오개,1,출입구-승강장,2,2,2) (B1) 대합실로 이동
01,수도권,S1,5,5호선,0394,애오개,1,출입구-승강장,2,3,3) 표 내는 곳 통과
01,수도권,S1,5,5호선,0394,애오개,1,출입구-승강장,2,4,4) 대합실 중앙 엘리베이터 탑승
01,수도권,S1,5,5호선,0394,애오개,1,출입구-승강장,2,5,5) (B3) 대합실로 이동
01,수도권,S1,5,5호선,0394,애오개,1,출입구-승강장,2,6,6) 충정로 방면 엘리베이터 탑승
01,수도권,S1,5,5호선,0394,애오개,1,출입구-승강장,2,7,7) (B4) 충정로 방면 승강장으로 이동
01,수도권,S1,5,5호선,0394,애오개,1,출입구-승강장,2,8,8) 승차 (휠체어칸)
01,수도권,S1,5,5호선,0394,애오개,1,출입구-승강장,3,1,1) (1F) 3번 출입구 옆 엘리베이터 탑승
01,수도권,S1,5,5호선,0394,애오개,1,출입구-승강장,3,2,2) (B1) 대합실로 이동
01,수도권,S1,5,5호선,0394,애오개,1,출입구-승강장,3,3,3) 표 내는 곳 통과
01,수도권,S1,5,5호선,0394,애오개,1,출입구-승강장,3,4,4) 대합실 중앙 엘리베이터 탑승
01,수도권,S1,5,5호선,0394,애오개,1,출입구-승강장,3,5,5) (B3) 대합실로 이동
01,수도권,S1,5,5호선,0394,애오개,1,출입구-승강장,3,6,6) 공덕 방면 엘리베이터 탑승
01,수도권,S1,5,5호선,0394,애오개,1,출입구-승강장,3,7,7) (B4) 공덕 방면 승강장으로 이동
01,수도권,S1,5,5호선,0394,애오개,1,출입구-승강장,3,8,8) 승차 (휠체어칸)
01,수도권,S1,5,5호선,0394,애오개,1,출입구-승강장,4,1,1) (1F) 3번 출입구 옆 엘리베이터 탑승
01,수도권,S1,5,5호선,0394,애오개,1,출입구-승강장,4,2,2) (B1) 대합실로 이동
01,수도권,S1,5,5호선,0394,애오개,1,출입구-승강장,4,3,3) 표 내는 곳 통과
01,수도권,S1,5,5호선,0394,애오개,1,출입구-승강장,4,4,4) 대합실 중앙 엘리베이터 탑승
01,수도권,S1,5,5호선,0394,애오개,1,출입구-승강장,4,5,5) (B3) 대합실로 이동
01,수도권,S1,5,5호선,0394,애오개,1,출입구-승강장,4,6,6) 충정로 방면 엘리베이터 탑승
01,수도권,S1,5,5호선,0394,애오개,1,출입구-승강장,4,7,7) (B4) 충정로 방면 승강장으로 이동
01,수도권,S1,5,5호선,0394,애오개,1,출입구-승강장,4,8,8) 승차 (휠체어칸)
01,수도권,S1,5,5호선,0564,충정로,1,출입구-승강장,1,1,1) (1F) 8번 출입구 옆 엘리베이터 탑승
01,수도권,S1,5,5호선,0564,충정로,1,출입구-승강장,1,2,2) (B1) 대합실로 이동
01,수도권,S1,5,5호선,0564,충정로,1,출입구-승강장,1,3,3) 표 내는 곳 통과
01,수도권,S1,5,5호선,0564,충정로,1,출입구-승강장,1,4,4) 승강장 방향 엘리베이터 탑승
01,수도권,S1,5,5호선,0564,충정로,1,출입구-승강장,1,5,5) (B5) 애오개 방면 승강장으로 이동
01,수도권,S1,5,5호선,0564,충정로,1,출입구-승강장,1,6,6) 승차 (휠체어칸)
01,수도권,S1,5,5호선,0564,충정로,1,출입구-승강장,2,1,1) (1F) 8번 출입구 옆 엘리베이터 탑승
01,수도권,S1,5,5호선,0564,충정로,1,출입구-승강장,2,2,2) (B1) 대합실로 이동
01,수도권,S1,5,5호선,0564,충정로,1,출입구-승강장,2,3,3) 표 내는 곳 통과
01,수도권,S1,5,5호선,0564,충정로,1,출입구-승강장,2,4,4) 승강장 방향 엘리베이터 탑승
01,수도권,S1,5,5호선,0564,충정로,1,출입구-승강장,2,5,5) (B5) 서대문 방면 승강장으로 이동
01,수도권,S1,5,5호선,0564,충정로,1,출입구-승강장,2,6,6) 승차 (휠체어칸)
01,수도권,S1,5,5호선,0564,충정로,3,환승,1,1,1) (B5) 5호선 애오개 방면 승강장 하차
01,수도권,S1,5,5호선,0564,충정로,3,환승,1,2,2) 대합실 방향 엘리베이터 탑승
01,수도권,S1,5,5호선,0564,충정로,3,환승,1,3,3) (B2) 대합실로 이동
01,수도권,S1,5,5호선,0564,충정로,3,환승,1,4,4) 2호선 환승통로로 이동
01,수도권,S1,5,5호선,0564,충정로,3,환승,1,5,5) (B2) 2호선 대합실 승강장 방향 엘리베이터 탑승
01,수도권,S1,5,5호선,0564,충정로,3,환승,1,6,6) (B3) 2호선 아현 방면 승강장으로 이동
01,수도권,S1,5,5호선,0564,충정로,3,환승,1,7,7) 승차 (휠체어칸)
01,수도권,S1,5,5호선,0564,충정로,3,환승,2,1,1) (B5) 5호선 애오개 방면 승강장 하차
01,수도권,S1,5,5호선,0564,충정로,3,환승,2,2,2) 대합실 방향 엘리베이터 탑승
01,수도권,S1,5,5호선,0564,충정로,3,환승,2,3,3) (B2) 대합실로 이동
01,수도권,S1,5,5호선,0564,충정로,3,환승,2,4,4) 2호선 환승통로로 이동
01,수도권,S1,5,5호선,0564,충정로,3,환승,2,5,5) (B2) 2호선 대합실 승강장 방향 엘리베이터 탑승
01,수도권,S1,5,5호선,0564,충정로,3,환승,2,6,6) (B3) 2호선 시청 방면 승강장으로 이동
01,수도권,S1,5,5호선,0564,충정로,3,환승,2,7,7) 승차 (휠체어칸)
01,수도권,S1,5,5호선,0564,충정로,3,환승,3,1,1) (B5) 5호선 서대문 방면 승강장 하차
01,수도권,S1,5,5호선,0564,충정로,3,환승,3,2,2) 대합실 방향 엘리베이터 탑승
01,수도권,S1,5,5호선,0564,충정로,3,환승,3,3,3) (B2) 대합실로 이동
01,수도권,S1,5,5호선,0564,충정로,3,환승,3,4,4) 2호선 환승통로로 이동
01,수도권,S1,5,5호선,0564,충정로,3,환승,3,5,5) (B2) 2호선 대합실 승강장 방향 엘리베이터 탑승
01,수도권,S1,5,5호선,0564,충정로,3,환승,3,6,6) (B3) 2호선 아현 방면 승강장으로 이동
01,수도권,S1,5,5호선,0564,충정로,3,환승,3,7,7) 승차 (휠체어칸)
01,수도권,S1,5,5호선,0564,충정로,3,환승,4,1,1) (B5) 5호선 서대문 방면 승강장 하차
01,수도권,S1,5,5호선,0564,충정로,3,환승,4,2,2) 대합실 방향 엘리베이터 탑승
01,수도권,S1,5,5호선,0564,충정로,3,환승,4,3,3) (B2) 대합실로 이동
01,수도권,S1,5,5호선,0564,충정로,3,환승,4,4,4) 2호선 환승통로로 이동
01,수도권,S1,5,5호선,0564,충정로,3,환승,4,5,5) (B2) 2호선 대합실 승강장 방향 엘리베이터 탑승
01,수도권,S1,5,5호선,0564,충정로,3,환승,4,6,6) (B3) 2호선 시청 방면 승강장으로 이동
01,수도권,S1,5,5호선,0564,충정로,3,환승,4,7,7) 승차 (휠체어칸)
01,수도권,S1,5,5호선,0289,서대문,1,출입구-승강장,1,1,1) (1F) 2번 출입구 옆 엘리베이터 탑승
01,수도권,S1,5,5호선,0289,서대문,1,출입구-승강장,1,2,2) (B1) 대합실로 이동
01,수도권,S1,5,5호선,0289,서대문,1,출입구-승강장,1,3,3) 표 내는 곳 통과
01,수도권,S1,5,5호선,0289,서대문,1,출입구-승강장,1,4,4) 승강장 방향 엘리베이터 탑승
01,수도권,S1,5,5호선,0289,서대문,1,출입구-승강장,1,5,5) (B4) 충정로 방면 승강장으로 이동
01,수도권,S1,5,5호선,0289,서대문,1,출입구-승강장,1,6,6) 승차 (휠체어칸)
01,수도권,S1,5,5호선,0289,서대문,1,출입구-승강장,2,1,1) (1F) 2번 출입구 옆 엘리베이터 탑승
01,수도권,S1,5,5호선,0289,서대문,1,출입구-승강장,2,2,2) (B1) 대합실로 이동
01,수도권,S1,5,5호선,0289,서대문,1,출입구-승강장,2,3,3) 표 내는 곳 통과
01,수도권,S1,5,5호선,0289,서대문,1,출입구-승강장,2,4,4) 승강장 방향 엘리베이터 탑승
01,수도권,S1,5,5호선,0289,서대문,1,출입구-승강장,2,5,5) (B4) 광화문 방면 승강장으로 이동
01,수도권,S1,5,5호선,0289,서대문,1,출입구-승강장,2,6,6) 승차 (휠체어칸)
01,수도권,S1,5,5호선,0066,광화문,1,출입구-승강장,1,1,1) (1F) 1번 출입구 옆 엘리베이터 탑승
01,수도권,S1,5,5호선,0066,광화문,1,출입구-승강장,1,2,2) (B2) 대합실로 이동
01,수도권,S1,5,5호선,0066,광화문,1,출입구-승강장,1,3,3) 표 내는 곳 통과
01,수도권,S1,5,5호선,0066,광화문,1,출입구-승강장,1,4,4) 승강장 방향 엘리베이터 탑승
01,수도권,S1,5,5호선,0066,광화문,1,출입구-승강장,1,5,5) (B4) 서대문 방면 승강장으로 이동
01,수도권,S1,5,5호선,0066,광화문,1,출입구-승강장,1,6,6) 승차 (휠체어칸)
01,수도권,S1,5,5호선,0066,광화문,1,출입구-승강장,2,1,1) (1F) 1번 출입구 옆 엘리베이터 탑승
01,수도권,S1,5,5호선,0066,광화문,1,출입구-승강장,2,2,2) (B2) 대합실로 이동
01,수도권,S1,5,5호선,0066,광화문,1,출입구-승강장,2,3,3) 표 내는 곳 통과
01,수도권,S1,5,5호선,0066,광화문,1,출입구-승강장,2,4,4) 승강장 방향 엘리베이터 탑승
01,수도권,S1,5,5호선,0066,광화문,1,출입구-승강장,2,5,5) (B4) 종로3가 방면 승강장으로 이동
01,수도권,S1,5,5호선,0066,광화문,1,출입구-승강장,2,6,6) 승차 (휠체어칸)
01,수도권,S1,5,5호선,0515,종로3가,1,출입구-승강장,1,1,1) (1F) 8번 출입구 옆 엘리베이터 탑승
01,수도권,S1,5,5호선,0515,종로3가,1,출입구-승강장,1,2,2) (B3) 5호선 승강장 방면 엘리베이터 이동
01,수도권,S1,5,5호선,0515,종로3가,1,출입구-승강장,1,3,3) 5호선 승강장 방면 엘리베이터 탑승
01,수도권,S1,5,5호선,0515,종로3가,1,출입구-승강장,1,4,4) (B4) 대합실로 이동
01,수도권,S1,5,5호선,0515,종로3가,1,출입구-승강장,1,5,5) 승강장 방향 휠체어리프트 탑승
01,수도권,S1,5,5호선,0515,종로3가,1,출입구-승강장,1,6,6) (B5) 광화문 방면 승강장으로 이동
01,수도권,S1,5,5호선,0515,종로3가,1,출입구-승강장,1,7,7) 승차 (휠체어칸)
01,수도권,S1,5,5호선,0515,종로3가,1,출입구-승강장,2,1,1) (1F) 8번 출입구 옆 엘리베이터 탑승
01,수도권,S1,5,5호선,0515,종로3가,1,출입구-승강장,2,2,2) (B3) 5호선 승강장 방면 엘리베이터 이동
01,수도권,S1,5,5호선,0515,종로3가,1,출입구-승강장,2,3,3) 5호선 승강장 방면 엘리베이터 탑승
01,수도권,S1,5,5호선,0515,종로3가,1,출입구-승강장,2,4,4) (B4) 대합실로 이동
01,수도권,S1,5,5호선,0515,종로3가,1,출입구-승강장,2,5,5) 승강장 방향 휠체어리프트 탑승
01,수도권,S1,5,5호선,0515,종로3가,1,출입구-승강장,2,6,6) (B5) 을지로 4가 방면 승강장으로 이동
01,수도권,S1,5,5호선,0515,종로3가,1,출입구-승강장,2,7,7) 승차 (휠체어칸)
01,수도권,S1,5,5호선,0515,종로3가,3,환승,1,1,1) (B5) 5호선 광화문 방면 승강장 하차
01,수도권,S1,5,5호선,0515,종로3가,3,환승,1,2,2) 대합실 방향 엘리베이터 탑승
01,수도권,S1,5,5호선,0515,종로3가,3,환승,1,3,3) (B4) 대합실로 이동
01,수도권,S1,5,5호선,0515,종로3가,3,환승,1,4,4) 대합실 방향 엘리베이터 탑승
01,수도권,S1,5,5호선,0515,종로3가,3,환승,1,5,5) (B3) 대합실로 이동
01,수도권,S1,5,5호선,0515,종로3가,3,환승,1,6,6) 3호선 대합실로 이동
01,수도권,S1,5,5호선,0515,종로3가,3,환승,1,7,7) 대합실 방향 엘리베이터 탑승
01,수도권,S1,5,5호선,0515,종로3가,3,환승,1,8,8) (B2) 3호선 대합실로 이동
01,수도권,S1,5,5호선,0515,종로3가,3,환승,1,9,9) (B2) 1호선 종로5가 방면 승강장으로 이동
01,수도권,S1,5,5호선,0515,종로3가,3,환승,1,10,10) 승차 (휠체어칸)
01,수도권,S1,5,5호선,0515,종로3가,3,환승,2,1,1) (B5) 5호선 광화문 방면 승강장 하차
01,수도권,S1,5,5호선,0515,종로3가,3,환승,2,2,2) 대합실 방향 엘리베이터 탑승
01,수도권,S1,5,5호선,0515,종로3가,3,환승,2,3,3) (B4) 대합실로 이동
01,수도권,S1,5,5호선,0515,종로3가,3,환승,2,4,4) 대합실 방향 엘리베이터 탑승
01,수도권,S1,5,5호선,0515,종로3가,3,환승,2,5,5) (B3) 대합실로 이동
01,수도권,S1,5,5호선,0515,종로3가,3,환승,2,6,6) 3호선 대합실로 이동
01,수도권,S1,5,5호선,0515,종로3가,3,환승,2,7,7) 대합실 방향 엘리베이터 탑승
01,수도권,S1,5,5호선,0515,종로3가,3,환승,2,8,8) (B2) 3호선 대합실로 이동
01,수도권,S1,5,5호선,0515,종로3가,3,환승,2,9,9) 1호선 종로5가 방면 승강장으로 이동
01,수도권,S1,5,5호선,0515,종로3가,3,환승,2,10,10) 1호선 대합실 방향 엘리베이터 탑승
01,수도권,S1,5,5호선,0515,종로3가,3,환승,2,11,11) (B1) 대합실로 이동
01,수도권,S1,5,5호선,0515,종로3가,3,환승,2,12,12) 종각 방면 엘리베이터 탑승
01,수도권,S1,5,5호선,0515,종로3가,3,환승,2,13,13) (B2) 1호선 종각 방면 승강장으로 이동
01,수도권,S1,5,5호선,0515,종로3가,3,환승,2,14,14) 승차 (휠체어칸)
01,수도권,S1,5,5호선,0515,종로3가,3,환승,3,1,1) (B5) 5호선 을지로4가 방면 승강장 하차
01,수도권,S1,5,5호선,0515,종로3가,3,환승,3,2,2) 대합실 방향 엘리베이터 탑승
01,수도권,S1,5,5호선,0515,종로3가,3,환승,3,3,3) (B4) 대합실로 이동
01,수도권,S1,5,5호선,0515,종로3가,3,환승,3,4,4) 대합실 방향 엘리베이터 탑승
01,수도권,S1,5,5호선,0515,종로3가,3,환승,3,5,5) (B3) 대합실로 이동
01,수도권,S1,5,5호선,0515,종로3가,3,환승,3,6,6) 3호선 대합실로 이동
01,수도권,S1,5,5호선,0515,종로3가,3,환승,3,7,7) 대합실 방향 엘리베이터 탑승
01,수도권,S1,5,5호선,0515,종로3가,3,환승,3,8,8) (B2) 3호선 대합실로 이동
01,수도권,S1,5,5호선,0515,종로3가,3,환승,3,9,9) (B2) 1호선 종로5가 방면 승강장으로 이동
01,수도권,S1,5,5호선,0515,종로3가,3,환승,3,10,10) 승차 (휠체어칸)
01,수도권,S1,5,5호선,0515,종로3가,3,환승,4,1,1) (B5) 5호선 을지로4가 방면 승강장 하차
01,수도권,S1,5,5호선,0515,종로3가,3,환승,4,2,2) 대합실 방향 엘리베이터 탑승
01,수도권,S1,5,5호선,0515,종로3가,3,환승,4,3,3) (B4) 대합실로 이동
01,수도권,S1,5,5호선,0515,종로3가,3,환승,4,4,4) 대합실 방향 엘리베이터 탑승
01,수도권,S1,5,5호선,0515,종로3가,3,환승,4,5,5) (B3) 대합실로 이동
01,수도권,S1,5,5호선,0515,종로3가,3,환승,4,6,6) 3호선 대합실로 이동
01,수도권,S1,5,5호선,0515,종로3가,3,환승,4,7,7) 대합실 방향 엘리베이터 탑승
01,수도권,S1,5,5호선,0515,종로3가,3,환승,4,8,8) (B2) 3호선 대합실로 이동
01,수도권,S1,5,5호선,0515,종로3가,3,환승,4,9,9) 1호선 종로5가 방면 승강장으로 이동
01,수도권,S1,5,5호선,0515,종로3가,3,환승,4,10,10) 1호선 대합실 방향 엘리베이터 탑승
01,수도권,S1,5,5호선,0515,종로3가,3,환승,4,11,11) (B1) 대합실로 이동
01,수도권,S1,5,5호선,0515,종로3가,3,환승,4,12,12) 종각 방면 엘리베이터 탑승
01,수도권,S1,5,5호선,0515,종로3가,3,환승,4,13,13) (B2) 1호선 종각 방면 승강장으로 이동
01,수도권,S1,5,5호선,0515,종로3가,3,환승,4,14,14) 승차 (휠체어칸)
01,수도권,S1,5,5호선,0515,종로3가,3,환승,5,1,1) (B5) 5호선 광화문 방면 승강장 하차
01,수도권,S1,5,5호선,0515,종로3가,3,환승,5,2,2) 대합실 방향 엘리베이터 탑승
01,수도권,S1,5,5호선,0515,종로3가,3,환승,5,3,3) (B4) 대합실로 이동
01,수도권,S1,5,5호선,0515,종로3가,3,환승,5,4,4) 대합실 방향 엘리베이터 탑승
01,수도권,S1,5,5호선,0515,종로3가,3,환승,5,5,5) (B3) 대합실로 이동
01,수도권,S1,5,5호선,0515,종로3가,3,환승,5,6,6) 3호선 대합실로 이동
01,수도권,S1,5,5호선,0515,종로3가,3,환승,5,7,7) 승강장 방향 엘리베이터 탑승
01,수도권,S1,5,5호선,0515,종로3가,3,환승,5,8,8) (B4) 3호선 안국 방면 승강장으로 이동
01,수도권,S1,5,5호선,0515,종로3가,3,환승,5,9,9) 승차 (휠체어칸)
01,수도권,S1,5,5호선,0515,종로3가,3,환승,6,1,1) (B5) 5호선 광화문 방면 승강장 하차
01,수도권,S1,5,5호선,0515,종로3가,3,환승,6,2,2) 대합실 방향 엘리베이터 탑승
01,수도권,S1,5,5호선,0515,종로3가,3,환승,6,3,3) (B4) 대합실로 이동
01,수도권,S1,5,5호선,0515,종로3가,3,환승,6,4,4) 대합실 방향 엘리베이터 탑승
01,수도권,S1,5,5호선,0515,종로3가,3,환승,6,5,5) (B3) 대합실로 이동
01,수도권,S1,5,5호선,0515,종로3가,3,환승,6,6,6) 3호선 대합실로 이동
01,수도권,S1,5,5호선,0515,종로3가,3,환승,6,7,7) 승강장 방향 엘리베이터 탑승
01,수도권,S1,5,5호선,0515,종로3가,3,환승,6,8,8) (B4) 3호선 을지로3가 방면 승강장으로 이동
01,수도권,S1,5,5호선,0515,종로3가,3,환승,6,9,9) 승차 (휠체어칸)
01,수도권,S1,5,5호선,0515,종로3가,3,환승,7,1,1) (B5) 5호선 을지로4가 방면 승강장 하차
01,수도권,S1,5,5호선,0515,종로3가,3,환승,7,2,2) 대합실 방향 엘리베이터 탑승
01,수도권,S1,5,5호선,0515,종로3가,3,환승,7,3,3) (B4) 대합실로 이동
01,수도권,S1,5,5호선,0515,종로3가,3,환승,7,4,4) 대합실 방향 엘리베이터 탑승
01,수도권,S1,5,5호선,0515,종로3가,3,환승,7,5,5) (B3) 대합실로 이동
01,수도권,S1,5,5호선,0515,종로3가,3,환승,7,6,6) 3호선 대합실로 이동
01,수도권,S1,5,5호선,0515,종로3가,3,환승,7,7,7) 승강장 방향 엘리베이터 탑승
01,수도권,S1,5,5호선,0515,종로3가,3,환승,7,8,8) (B4) 3호선 안국 방면 승강장으로 이동
01,수도권,S1,5,5호선,0515,종로3가,3,환승,7,9,9) 승차 (휠체어칸)
01,수도권,S1,5,5호선,0515,종로3가,3,환승,8,1,1) (B5) 5호선 을지로4가 방면 승강장 하차
01,수도권,S1,5,5호선,0515,종로3가,3,환승,8,2,2) 대합실 방향 엘리베이터 탑승
01,수도권,S1,5,5호선,0515,종로3가,3,환승,8,3,3) (B4) 대합실로 이동
01,수도권,S1,5,5호선,0515,종로3가,3,환승,8,4,4) 대합실 방향 엘리베이터 탑승
01,수도권,S1,5,5호선,0515,종로3가,3,환승,8,5,5) (B3) 대합실로 이동
01,수도권,S1,5,5호선,0515,종로3가,3,환승,8,6,6) 3호선 대합실로 이동
01,수도권,S1,5,5호선,0515,종로3가,3,환승,8,7,7) 승강장 방향 엘리베이터 탑승
01,수도권,S1,5,5호선,0515,종로3가,3,환승,8,8,8) (B4) 3호선 을지로3가 방면 승강장으로 이동
01,수도권,S1,5,5호선,0515,종로3가,3,환승,8,9,9) 승차 (휠체어칸)
01,수도권,S1,5,5호선,0465,을지로4가,1,출입구-승강장,1,1,1) (1F) 8번 출입구 옆 엘리베이터 탑승
01,수도권,S1,5,5호선,0465,을지로4가,1,출입구-승강장,1,2,2) (B1) 대합실로 이동
01,수도권,S1,5,5호선,0465,을지로4가,1,출입구-승강장,1,3,3) 표 내는 곳 통과
01,수도권,S1,5,5호선,0465,을지로4가,1,출입구-승강장,1,4,4) 승강장 방향 엘리베이터 탑승
01,수도권,S1,5,5호선,0465,을지로4가,1,출입구-승강장,1,5,5) (B5) 종로3가 방면 승강장으로 이동
01,수도권,S1,5,5호선,0465,을지로4가,1,출입구-승강장,1,6,6) 승차 (휠체어칸)
01,수도권,S1,5,5호선,0465,을지로4가,1,출입구-승강장,2,1,1) (1F) 8번 출입구 옆 엘리베이터 탑승
01,수도권,S1,5,5호선,0465,을지로4가,1,출입구-승강장,2,2,2) (B1) 대합실로 이동
01,수도권,S1,5,5호선,0465,을지로4가,1,출입구-승강장,2,3,3) 표 내는 곳 통과
01,수도권,S1,5,5호선,0465,을지로4가,1,출입구-승강장,2,4,4) 승강장 방향 엘리베이터 탑승
01,수도권,S1,5,5호선,0465,을지로4가,1,출입구-승강장,2,5,5) (B5) 동대문역사문화공원 방면 승강장으로 이동
01,수도권,S1,5,5호선,0465,을지로4가,1,출입구-승강장,2,6,6) 승차 (휠체어칸)
01,수도권,S1,5,5호선,0465,을지로4가,3,환승,1,1,1) (B5) 5호선 종로3가 방면 승강장 하차
01,수도권,S1,5,5호선,0465,을지로4가,3,환승,1,2,2) 대합실 방향 엘리베이터 탑승
01,수도권,S1,5,5호선,0465,을지로4가,3,환승,1,3,3) (B2) 2호선 을지로3가 방면 승강장으로 이동
01,수도권,S1,5,5호선,0465,을지로4가,3,환승,1,4,4) 승차 (휠체어칸)
01,수도권,S1,5,5호선,0465,을지로4가,3,환승,2,1,1) (B5) 5호선 종로3가 방면 승강장 하차
01,수도권,S1,5,5호선,0465,을지로4가,3,환승,2,2,2) 대합실 방향 엘리베이터 탑승
01,수도권,S1,5,5호선,0465,을지로4가,3,환승,2,3,3) (B1) 2호선 대합실로 이동
01,수도권,S1,5,5호선,0465,을지로4가,3,환승,2,4,4) 동대문역사문화공원 방면 엘리베이터 탑승
01,수도권,S1,5,5호선,0465,을지로4가,3,환승,2,5,5) (B2) 2호선 동대문역사문화공원 방면 승강장으로 이동
01,수도권,S1,5,5호선,0465,을지로4가,3,환승,2,6,6) 승차 (휠체어칸)
01,수도권,S1,5,5호선,0465,을지로4가,3,환승,3,1,1) (B5) 5호선 동대문역사문화공원 방면 승강장 하차
01,수도권,S1,5,5호선,0465,을지로4가,3,환승,3,2,2) 대합실 방향 엘리베이터 탑승
01,수도권,S1,5,5호선,0465,을지로4가,3,환승,3,3,3) (B2) 2호선 을지로3가 방면 승강장으로 이동
01,수도권,S1,5,5호선,0465,을지로4가,3,환승,3,4,4) 승차 (휠체어칸)
01,수도권,S1,5,5호선,0465,을지로4가,3,환승,4,1,1) (B5) 5호선 동대문역사문화공원 방면 승강장 하차
01,수도권,S1,5,5호선,0465,을지로4가,3,환승,4,2,2) 대합실 방향 엘리베이터 탑승
01,수도권,S1,5,5호선,0465,을지로4가,3,환승,4,3,3) (B1) 2호선 대합실로 이동
01,수도권,S1,5,5호선,0465,을지로4가,3,환승,4,4,4) 동대문역사문화공원 방면 엘리베이터 탑승
01,수도권,S1,5,5호선,0465,을지로4가,3,환승,4,5,5) (B2) 2호선 동대문역사문화공원 방면 승강장으로 이동
01,수도권,S1,5,5호선,0465,을지로4가,3,환승,4,6,6) 승차 (휠체어칸)
01,수도권,S1,5,5호선,0156,동대문역사문화공원,1,출입구-승강장,1,1,1) (1F) 2호선 1번 출입구 옆 엘리베이터 탑승
01,수도권,S1,5,5호선,0156,동대문역사문화공원,1,출입구-승강장,1,2,2) (B1) 대합실 이동
01,수도권,S1,5,5호선,0156,동대문역사문화공원,1,출입구-승강장,1,3,3) 표 내는 곳 통과
01,수도권,S1,5,5호선,0156,동대문역사문화공원,1,출입구-승강장,1,4,4) 4호선 환승통로 방향으로 이동
01,수도권,S1,5,5호선,0156,동대문역사문화공원,1,출입구-승강장,1,5,5) 4호선 승강장 방향 엘리베이터 탑승
01,수도권,S1,5,5호선,0156,동대문역사문화공원,1,출입구-승강장,1,6,6) (B3) 5호선 승강장 방향 환승 엘리베이터 이동
01,수도권,S1,5,5호선,0156,동대문역사문화공원,1,출입구-승강장,1,7,7) 5호선 승강장 방향 환승 엘리베이터 탑승
01,수도권,S1,5,5호선,0156,동대문역사문화공원,1,출입구-승강장,1,8,8) (B5) 을지로4가 방면 승강장 이동
01,수도권,S1,5,5호선,0156,동대문역사문화공원,1,출입구-승강장,1,9,9) 승차 (휠체어칸)
01,수도권,S1,5,5호선,0156,동대문역사문화공원,1,출입구-승강장,2,1,1) (1F) 2호선 1번 출입구 옆 엘리베이터 탑승
01,수도권,S1,5,5호선,0156,동대문역사문화공원,1,출입구-승강장,2,2,2) (B1) 대합실 이동
01,수도권,S1,5,5호선,0156,동대문역사문화공원,1,출입구-승강장,2,3,3) 표 내는 곳 통과
01,수도권,S1,5,5호선,0156,동대문역사문화공원,1,출입구-승강장,2,4,4) 4호선 환승통로 방향으로 이동
01,수도권,S1,5,5호선,0156,동대문역사문화공원,1,출입구-승강장,2,5,5) 4호선 승강장 방향 엘리베이터 탑승
01,수도권,S1,5,5호선,0156,동대문역사문화공원,1,출입구-승강장,2,6,6) (B3) 5호선 승강장 방향 환승 엘리베이터 이동
01,수도권,S1,5,5호선,0156,동대문역사문화공원,1,출입구-승강장,2,7,7) 5호선 승강장 방향 환승 엘리베이터 탑승
01,수도권,S1,5,5호선,0156,동대문역사문화공원,1,출입구-승강장,2,8,8) (B5) 청구 방면 승강장 이동
01,수도권,S1,5,5호선,0156,동대문역사문화공원,1,출입구-승강장,2,9,9) 승차 (휠체어칸)
01,수도권,S1,5,5호선,0156,동대문역사문화공원,3,환승,1,1,1) (B5) 5호선 을지로4가 방면 승강장 하차
01,수도권,S1,5,5호선,0156,동대문역사문화공원,3,환승,1,2,2) 4호선 방향 환승 엘리베이터 탑승
01,수도권,S1,5,5호선,0156,동대문역사문화공원,3,환승,1,3,3) (B3) 4호선 승강장으로 이동
01,수도권,S1,5,5호선,0156,동대문역사문화공원,3,환승,1,4,4) 대합실 방향 엘리베이터 탑승
01,수도권,S1,5,5호선,0156,동대문역사문화공원,3,환승,1,5,5) (B1) 대합실로 이동
01,수도권,S1,5,5호선,0156,동대문역사문화공원,3,환승,1,6,6) 2호선 대합실로 이동
01,수도권,S1,5,5호선,0156,동대문역사문화공원,3,환승,1,7,7) 2호선 을지로4가 방면 엘리베이터 탑승
01,수도권,S1,5,5호선,0156,동대문역사문화공원,3,환승,1,8,8) (B2) 2호선 을지로4가 방면 승강장으로 이동
01,수도권,S1,5,5호선,0156,동대문역사문화공원,3,환승,1,9,9) 승차 (휠체어칸)
01,수도권,S1,5,5호선,0156,동대문역사문화공원,3,환승,2,1,1) (B5) 5호선 을지로4가 방면 승강장 하차
01,수도권,S1,5,5호선,0156,동대문역사문화공원,3,환승,2,2,2) 4호선 방향 환승 엘리베이터 탑승
01,수도권,S1,5,5호선,0156,동대문역사문화공원,3,환승,2,3,3) (B3) 4호선 승강장으로 이동
01,수도권,S1,5,5호선,0156,동대문역사문화공원,3,환승,2,4,4) 대합실 방향 엘리베이터 탑승
01,수도권,S1,5,5호선,0156,동대문역사문화공원,3,환승,2,5,5) (B1) 대합실로 이동
01,수도권,S1,5,5호선,0156,동대문역사문화공원,3,환승,2,6,6) 2호선 대합실로 이동
01,수도권,S1,5,5호선,0156,동대문역사문화공원,3,환승,2,7,7) 2호선 신당 방면 엘리베이터 탑승
01,수도권,S1,5,5호선,0156,동대문역사문화공원,3,환승,2,8,8) (B2) 2호선 신당 방면 승강장으로 이동
01,수도권,S1,5,5호선,0156,동대문역사문화공원,3,환승,2,9,9) 승차 (휠체어칸)
01,수도권,S1,5,5호선,0156,동대문역사문화공원,3,환승,3,1,1) (B5) 5호선 청구 방면 승강장 하차
01,수도권,S1,5,5호선,0156,동대문역사문화공원,3,환승,3,2,2) 4호선 방향 환승 엘리베이터 탑승
01,수도권,S1,5,5호선,0156,동대문역사문화공원,3,환승,3,3,3) (B3) 4호선 승강장으로 이동
01,수도권,S1,5,5호선,0156,동대문역사문화공원,3,환승,3,4,4) 대합실 방향 엘리베이터 탑승
01,수도권,S1,5,5호선,0156,동대문역사문화공원,3,환승,3,5,5) (B1) 대합실로 이동
01,수도권,S1,5,5호선,0156,동대문역사문화공원,3,환승,3,6,6) 2호선 대합실로 이동
01,수도권,S1,5,5호선,0156,동대문역사문화공원,3,환승,3,7,7) 2호선 을지로4가 방면 엘리베이터 탑승
01,수도권,S1,5,5호선,0156,동대문역사문화공원,3,환승,3,8,8) (B2) 2호선 을지로4가 방면 승강장으로 이동
01,수도권,S1,5,5호선,0156,동대문역사문화공원,3,환승,3,9,9) 승차 (휠체어칸)
01,수도권,S1,5,5호선,0156,동대문역사문화공원,3,환승,4,1,1) (B5) 5호선 청구 방면 승강장 하차
01,수도권,S1,5,5호선,0156,동대문역사문화공원,3,환승,4,2,2) 4호선 방향 환승 엘리베이터 탑승
01,수도권,S1,5,5호선,0156,동대문역사문화공원,3,환승,4,3,3) (B3) 4호선 승강장으로 이동
01,수도권,S1,5,5호선,0156,동대문역사문화공원,3,환승,4,4,4) 대합실 방향 엘리베이터 탑승
01,수도권,S1,5,5호선,0156,동대문역사문화공원,3,환승,4,5,5) (B1) 대합실로 이동
01,수도권,S1,5,5호선,0156,동대문역사문화공원,3,환승,4,6,6) 2호선 대합실로 이동
01,수도권,S1,5,5호선,0156,동대문역사문화공원,3,환승,4,7,7) 2호선 신당 방면 엘리베이터 탑승
01,수도권,S1,5,5호선,0156,동대문역사문화공원,3,환승,4,8,8) (B2) 2호선 신당 방면 승강장으로 이동
01,수도권,S1,5,5호선,0156,동대문역사문화공원,3,환승,4,9,9) 승차 (휠체어칸)
01,수도권,S1,5,5호선,0156,동대문역사문화공원,3,환승,5,1,1) (B5) 5호선 을지로4가 방면 승강장 하차
01,수도권,S1,5,5호선,0156,동대문역사문화공원,3,환승,5,2,2) 4호선 방향 환승 엘리베이터 탑승
01,수도권,S1,5,5호선,0156,동대문역사문화공원,3,환승,5,3,3) (B3) 4호선 동대문 방면 승강장으로 이동
01,수도권,S1,5,5호선,0156,동대문역사문화공원,3,환승,5,4,4) 승차 (휠체어칸)
01,수도권,S1,5,5호선,0156,동대문역사문화공원,3,환승,6,1,1) (B5) 5호선 을지로4가 방면 승강장 하차
01,수도권,S1,5,5호선,0156,동대문역사문화공원,3,환승,6,2,2) 4호선 방향 환승 엘리베이터 탑승
01,수도권,S1,5,5호선,0156,동대문역사문화공원,3,환승,6,3,3) (B3) 4호선 충무로 방면 승강장으로 이동
01,수도권,S1,5,5호선,0156,동대문역사문화공원,3,환승,6,4,4) 승차 (휠체어칸)
01,수도권,S1,5,5호선,0156,동대문역사문화공원,3,환승,7,1,1) (B5) 5호선 청구 방면 승강장 하차
01,수도권,S1,5,5호선,0156,동대문역사문화공원,3,환승,7,2,2) 4호선 방향 환승 엘리베이터 탑승
01,수도권,S1,5,5호선,0156,동대문역사문화공원,3,환승,7,3,3) (B3) 4호선 동대문 방면 승강장으로 이동
01,수도권,S1,5,5호선,0156,동대문역사문화공원,3,환승,7,4,4) 승차 (휠체어칸)
01,수도권,S1,5,5호선,0156,동대문역사문화공원,3,환승,8,1,1) (B5) 5호선 청구 방면 승강장 하차
01,수도권,S1,5,5호선,0156,동대문역사문화공원,3,환승,8,2,2) 4호선 방향 환승 엘리베이터 탑승
01,수도권,S1,5,5호선,0156,동대문역사문화공원,3,환승,8,3,3) (B3) 4호선 충무로 방면 승강장으로 이동
01,수도권,S1,5,5호선,0156,동대문역사문화공원,3,환승,8,4,4) 승차 (휠체어칸)
01,수도권,S1,5,5호선,0549,청구,1,출입구-승강장,1,1,1) (1F) 1번 출입구 옆 엘리베이터 탑승
01,수도권,S1,5,5호선,0549,청구,1,출입구-승강장,1,2,2) (B1) 대합실로 이동
01,수도권,S1,5,5호선,0549,청구,1,출입구-승강장,1,3,3) 표 내는 곳 통과
01,수도권,S1,5,5호선,0549,청구,1,출입구-승강장,1,4,4) 엘리베이터 탑승
01,수도권,S1,5,5호선,0549,청구,1,출입구-승강장,1,5,5) (B3) 대합실로 이동
01,수도권,S1,5,5호선,0549,청구,1,출입구-승강장,1,6,6) 승강장 방향 엘리베이터 탑승
01,수도권,S1,5,5호선,0549,청구,1,출입구-승강장,1,7,7) (B4) 동대문역사문화공원 방면 승강장으로 이동
01,수도권,S1,5,5호선,0549,청구,1,출입구-승강장,1,8,8) 승차 (휠체어칸)
01,수도권,S1,5,5호선,0549,청구,1,출입구-승강장,2,1,1) (1F) 1번 출입구 옆 엘리베이터 탑승
01,수도권,S1,5,5호선,0549,청구,1,출입구-승강장,2,2,2) (B1) 대합실로 이동
01,수도권,S1,5,5호선,0549,청구,1,출입구-승강장,2,3,3) 표 내는 곳 통과
01,수도권,S1,5,5호선,0549,청구,1,출입구-승강장,2,4,4) 엘리베이터 탑승
01,수도권,S1,5,5호선,0549,청구,1,출입구-승강장,2,5,5) (B3) 대합실로 이동
01,수도권,S1,5,5호선,0549,청구,1,출입구-승강장,2,6,6) 승강장 방향 엘리베이터 탑승
01,수도권,S1,5,5호선,0549,청구,1,출입구-승강장,2,7,7) (B4) 신금호 방면 승강장으로 이동
01,수도권,S1,5,5호선,0549,청구,1,출입구-승강장,2,8,8) 승차 (휠체어칸)
01,수도권,S1,5,5호선,0549,청구,1,출입구-승강장,3,1,1) (1F) 3번 출입구 옆 엘리베이터 탑승
01,수도권,S1,5,5호선,0549,청구,1,출입구-승강장,3,2,2) (B1) 대합실로 이동
01,수도권,S1,5,5호선,0549,청구,1,출입구-승강장,3,3,3) 표 내는 곳 통과
01,수도권,S1,5,5호선,0549,청구,1,출입구-승강장,3,4,4) 엘리베이터 탑승
01,수도권,S1,5,5호선,0549,청구,1,출입구-승강장,3,5,5) (B3) 대합실로 이동
01,수도권,S1,5,5호선,0549,청구,1,출입구-승강장,3,6,6) 승강장 방향 엘리베이터 탑승
01,수도권,S1,5,5호선,0549,청구,1,출입구-승강장,3,7,7) (B4) 동대문역사문화공원 방면 승강장으로 이동
01,수도권,S1,5,5호선,0549,청구,1,출입구-승강장,3,8,8) 승차 (휠체어칸)
01,수도권,S1,5,5호선,0549,청구,1,출입구-승강장,4,1,1) (1F) 3번 출입구 옆 엘리베이터 탑승
01,수도권,S1,5,5호선,0549,청구,1,출입구-승강장,4,2,2) (B1) 대합실로 이동
01,수도권,S1,5,5호선,0549,청구,1,출입구-승강장,4,3,3) 표 내는 곳 통과
01,수도권,S1,5,5호선,0549,청구,1,출입구-승강장,4,4,4) 엘리베이터 탑승
01,수도권,S1,5,5호선,0549,청구,1,출입구-승강장,4,5,5) (B3) 대합실로 이동
01,수도권,S1,5,5호선,0549,청구,1,출입구-승강장,4,6,6) 승강장 방향 엘리베이터 탑승
01,수도권,S1,5,5호선,0549,청구,1,출입구-승강장,4,7,7) (B4) 신금호 방면 승강장으로 이동
01,수도권,S1,5,5호선,0549,청구,1,출입구-승강장,4,8,8) 승차 (휠체어칸)
01,수도권,S1,5,5호선,0549,청구,3,환승,1,1,1) (B4) 5호선 동대문역사문화공원 방면 승강장 하차
01,수도권,S1,5,5호선,0549,청구,3,환승,1,2,2) 대합실 방향 엘리베이터 탑승
01,수도권,S1,5,5호선,0549,청구,3,환승,1,3,3) (B3) 대합실로 이동
01,수도권,S1,5,5호선,0549,청구,3,환승,1,4,4) 6호선 약수 방면 엘리베이터 탑승
01,수도권,S1,5,5호선,0549,청구,3,환승,1,5,5) (B2) 6호선 약수 방면 승강장으로 이동
01,수도권,S1,5,5호선,0549,청구,3,환승,1,6,6) 승차 (휠체어칸)
01,수도권,S1,5,5호선,0549,청구,3,환승,2,1,1) (B4) 5호선 동대문역사문화공원 방면 승강장 하차
01,수도권,S1,5,5호선,0549,청구,3,환승,2,2,2) 대합실 방향 엘리베이터 탑승
01,수도권,S1,5,5호선,0549,청구,3,환승,2,3,3) (B3) 대합실로 이동
01,수도권,S1,5,5호선,0549,청구,3,환승,2,4,4) 6호선 신당 방면 엘리베이터 탑승
01,수도권,S1,5,5호선,0549,청구,3,환승,2,5,5) (B2) 6호선 신당 방면 승강장으로 이동
01,수도권,S1,5,5호선,0549,청구,3,환승,2,6,6) 승차 (휠체어칸)
01,수도권,S1,5,5호선,0549,청구,3,환승,3,1,1) (B4) 5호선 신금호 방면 승강장 하차
01,수도권,S1,5,5호선,0549,청구,3,환승,3,2,2) 대합실 방향 엘리베이터 탑승
01,수도권,S1,5,5호선,0549,청구,3,환승,3,3,3) (B3) 대합실로 이동
01,수도권,S1,5,5호선,0549,청구,3,환승,3,4,4) 6호선 약수 방면 엘리베이터 탑승
01,수도권,S1,5,5호선,0549,청구,3,환승,3,5,5) (B2) 6호선 약수 방면 승강장으로 이동
01,수도권,S1,5,5호선,0549,청구,3,환승,3,6,6) 승차 (휠체어칸)
01,수도권,S1,5,5호선,0549,청구,3,환승,4,1,1) (B4) 5호선 신금호 방면 승강장 하차
01,수도권,S1,5,5호선,0549,청구,3,환승,4,2,2) 대합실 방향 엘리베이터 탑승
01,수도권,S1,5,5호선,0549,청구,3,환승,4,3,3) (B3) 대합실로 이동
01,수도권,S1,5,5호선,0549,청구,3,환승,4,4,4) 6호선 신당 방면 엘리베이터 탑승
01,수도권,S1,5,5호선,0549,청구,3,환승,4,5,5) (B2) 6호선 신당 방면 승강장으로 이동
01,수도권,S1,5,5호선,0549,청구,3,환승,4,6,6) 승차 (휠체어칸)
01,수도권,S1,5,5호선,0350,신금호,1,출입구-승강장,1,1,1) (1F) 3번 출입구 옆 엘리베이터 탑승
01,수도권,S1,5,5호선,0350,신금호,1,출입구-승강장,1,2,2) (B2) 대합실로 이동
01,수도권,S1,5,5호선,0350,신금호,1,출입구-승강장,1,3,3) 표 내는 곳 통과
01,수도권,S1,5,5호선,0350,신금호,1,출입구-승강장,1,4,4) 승강장 방향 엘리베이터 탑승
01,수도권,S1,5,5호선,0350,신금호,1,출입구-승강장,1,5,5) (B8) 청구 방면 승강장으로 이동
01,수도권,S1,5,5호선,0350,신금호,1,출입구-승강장,1,6,6) 승차 (휠체어칸)
01,수도권,S1,5,5호선,0350,신금호,1,출입구-승강장,2,1,1) (1F) 3번 출입구 옆 엘리베이터 탑승
01,수도권,S1,5,5호선,0350,신금호,1,출입구-승강장,2,2,2) (B2) 대합실로 이동
01,수도권,S1,5,5호선,0350,신금호,1,출입구-승강장,2,3,3) 표 내는 곳 통과
01,수도권,S1,5,5호선,0350,신금호,1,출입구-승강장,2,4,4) 승강장 방향 엘리베이터 탑승
01,수도권,S1,5,5호선,0350,신금호,1,출입구-승강장,2,5,5) (B8) 행당 방면 승강장으로 이동
01,수도권,S1,5,5호선,0350,신금호,1,출입구-승강장,2,6,6) 승차 (휠체어칸)
01,수도권,S1,5,5호선,0592,행당,1,출입구-승강장,1,1,1) (1F) 3번 출입구 옆 엘리베이터 탑승
01,수도권,S1,5,5호선,0592,행당,1,출입구-승강장,1,2,2) (B3) 대합실로 이동
01,수도권,S1,5,5호선,0592,행당,1,출입구-승강장,1,3,3) 표 내는 곳 통과
01,수도권,S1,5,5호선,0592,행당,1,출입구-승강장,1,4,4) 신금호 방면 엘리베이터 탑승
01,수도권,S1,5,5호선,0592,행당,1,출입구-승강장,1,5,5) (B5) 신금호 방면 승강장으로 이동
01,수도권,S1,5,5호선,0592,행당,1,출입구-승강장,1,6,6) 승차 (휠체어칸)
01,수도권,S1,5,5호선,0592,행당,1,출입구-승강장,2,1,1) (1F) 3번 출입구 옆 엘리베이터 탑승
01,수도권,S1,5,5호선,0592,행당,1,출입구-승강장,2,2,2) (B3) 대합실로 이동
01,수도권,S1,5,5호선,0592,행당,1,출입구-승강장,2,3,3) 표 내는 곳 통과
01,수도권,S1,5,5호선,0592,행당,1,출입구-승강장,2,4,4) 엘리베이터 탑승
01,수도권,S1,5,5호선,0592,행당,1,출입구-승강장,2,5,5) (B4) 대합실로 이동
01,수도권,S1,5,5호선,0592,행당,1,출입구-승강장,2,6,6) 왕십리 방면 엘리베이터 탑승
01,수도권,S1,5,5호선,0592,행당,1,출입구-승강장,2,7,7) (B5) 왕십리 방면 승강장으로 이동
01,수도권,S1,5,5호선,0592,행당,1,출입구-승강장,2,8,8) 승차 (휠체어칸)
01,수도권,S1,5,5호선,0441,왕십리,1,출입구-승강장,1,1,1) (1F) 4번 출입구 옆 엘리베이터 탑승
01,수도권,S1,5,5호선,0441,왕십리,1,출입구-승강장,1,2,2) (B4) 대합실로 이동
01,수도권,S1,5,5호선,0441,왕십리,1,출입구-승강장,1,3,3) 표 내는 곳 통과
01,수도권,S1,5,5호선,0441,왕십리,1,출입구-승강장,1,4,4) 행당 방면 엘리베이터 탑승
01,수도권,S1,5,5호선,0441,왕십리,1,출입구-승강장,1,5,5) (B5) 행당 방면 승강장으로 이동
01,수도권,S1,5,5호선,0441,왕십리,1,출입구-승강장,1,6,6) 승차 (휠체어칸)
01,수도권,S1,5,5호선,0441,왕십리,1,출입구-승강장,2,1,1) (1F) 4번 출입구 옆 엘리베이터 탑승
01,수도권,S1,5,5호선,0441,왕십리,1,출입구-승강장,2,2,2) (B4) 대합실로 이동
01,수도권,S1,5,5호선,0441,왕십리,1,출입구-승강장,2,3,3) 표 내는 곳 통과
01,수도권,S1,5,5호선,0441,왕십리,1,출입구-승강장,2,4,4) 마장 방면 엘리베이터 탑승
01,수도권,S1,5,5호선,0441,왕십리,1,출입구-승강장,2,5,5) (B5) 마장 방면 승강장으로 이동
01,수도권,S1,5,5호선,0441,왕십리,1,출입구-승강장,2,6,6) 승차 (휠체어칸)
01,수도권,S1,5,5호선,0441,왕십리,1,출입구-승강장,3,1,1) (1F) 6-1번 출입구 옆 엘리베이터 탑승
01,수도권,S1,5,5호선,0441,왕십리,1,출입구-승강장,3,2,2) (B1) 대합실로 이동
01,수도권,S1,5,5호선,0441,왕십리,1,출입구-승강장,3,3,3) 5호선 방향 엘리베이터 탑승
01,수도권,S1,5,5호선,0441,왕십리,1,출입구-승강장,3,4,4) (B4) 5호선 대합실로 이동
01,수도권,S1,5,5호선,0441,왕십리,1,출입구-승강장,3,5,5) 표 내는 곳 통과
01,수도권,S1,5,5호선,0441,왕십리,1,출입구-승강장,3,6,6) 행당 방면 엘리베이터 탑승
01,수도권,S1,5,5호선,0441,왕십리,1,출입구-승강장,3,7,7) (B5) 행당 방면 승강장으로 이동
01,수도권,S1,5,5호선,0441,왕십리,1,출입구-승강장,3,8,8) 승차 (휠체어칸)
01,수도권,S1,5,5호선,0441,왕십리,1,출입구-승강장,4,1,1) (1F) 6-1번 출입구 옆 엘리베이터 탑승
01,수도권,S1,5,5호선,0441,왕십리,1,출입구-승강장,4,2,2) (B1) 대합실로 이동
01,수도권,S1,5,5호선,0441,왕십리,1,출입구-승강장,4,3,3) 5호선 방향 엘리베이터 탑승
01,수도권,S1,5,5호선,0441,왕십리,1,출입구-승강장,4,4,4) (B4) 5호선 대합실로 이동
01,수도권,S1,5,5호선,0441,왕십리,1,출입구-승강장,4,5,5) 표 내는 곳 통과
01,수도권,S1,5,5호선,0441,왕십리,1,출입구-승강장,4,6,6) 마장 방면 엘리베이터 탑승
01,수도권,S1,5,5호선,0441,왕십리,1,출입구-승강장,4,7,7) (B5) 마장 방면 승강장으로 이동
01,수도권,S1,5,5호선,0441,왕십리,1,출입구-승강장,4,8,8) 승차 (휠체어칸)
01,수도권,S1,5,5호선,0441,왕십리,3,환승,1,1,1) (B5) 5호선 행당 방면 승강장 하차
01,수도권,S1,5,5호선,0441,왕십리,3,환승,1,2,2) 대합실 방향 엘리베이터 탑승
01,수도권,S1,5,5호선,0441,왕십리,3,환승,1,3,3) (B4) 대합실로 이동
01,수도권,S1,5,5호선,0441,왕십리,3,환승,1,4,4) 대합실 방향 엘리베이터 탑승
01,수도권,S1,5,5호선,0441,왕십리,3,환승,1,5,5) (B2) 환승 대합실로 이동
01,수도권,S1,5,5호선,0441,왕십리,3,환승,1,6,6) (B2) 2호선 상왕십리 방면 승강장으로 이동
01,수도권,S1,5,5호선,0441,왕십리,3,환승,1,7,7) 승차 (휠체어칸)
01,수도권,S1,5,5호선,0441,왕십리,3,환승,2,1,1) (B5) 5호선 행당 방면 승강장 하차
01,수도권,S1,5,5호선,0441,왕십리,3,환승,2,2,2) 대합실 방향 엘리베이터 탑승
01,수도권,S1,5,5호선,0441,왕십리,3,환승,2,3,3) (B4) 대합실로 이동
01,수도권,S1,5,5호선,0441,왕십리,3,환승,2,4,4) 대합실 방향 엘리베이터 탑승
01,수도권,S1,5,5호선,0441,왕십리,3,환승,2,5,5) (B2) 환승 대합실로 이동
01,수도권,S1,5,5호선,0441,왕십리,3,환승,2,6,6) 환승 대합실 방향 엘리베이터 탑승
01,수도권,S1,5,5호선,0441,왕십리,3,환승,2,7,7) (B1) 환승대합실로 이동
01,수도권,S1,5,5호선,0441,왕십리,3,환승,2,8,8) 2호선 한양대 방면 엘리베이터 탑승
01,수도권,S1,5,5호선,0441,왕십리,3,환승,2,9,9) (B2) 2호선 한양대 방면 승강장으로 이동
01,수도권,S1,5,5호선,0441,왕십리,3,환승,2,10,10) 승차 (휠체어칸)
01,수도권,S1,5,5호선,0441,왕십리,3,환승,3,1,1) (B5) 5호선 마장 방면 승강장 하차
01,수도권,S1,5,5호선,0441,왕십리,3,환승,3,2,2) 대합실 방향 엘리베이터 탑승
01,수도권,S1,5,5호선,0441,왕십리,3,환승,3,3,3) (B4) 대합실로 이동
01,수도권,S1,5,5호선,0441,왕십리,3,환승,3,4,4) 대합실 방향 엘리베이터 탑승
01,수도권,S1,5,5호선,0441,왕십리,3,환승,3,5,5) (B2) 환승 대합실로 이동
01,수도권,S1,5,5호선,0441,왕십리,3,환승,3,6,6) (B2) 2호선 상왕십리 방면 승강장으로 이동
01,수도권,S1,5,5호선,0441,왕십리,3,환승,3,7,7) 승차 (휠체어칸)
01,수도권,S1,5,5호선,0441,왕십리,3,환승,4,1,1) (B5) 5호선 마장 방면 승강장 하차
01,수도권,S1,5,5호선,0441,왕십리,3,환승,4,2,2) 대합실 방향 엘리베이터 탑승
01,수도권,S1,5,5호선,0441,왕십리,3,환승,4,3,3) (B4) 대합실로 이동
01,수도권,S1,5,5호선,0441,왕십리,3,환승,4,4,4) 대합실 방향 엘리베이터 탑승
01,수도권,S1,5,5호선,0441,왕십리,3,환승,4,5,5) (B2) 환승 대합실로 이동
01,수도권,S1,5,5호선,0441,왕십리,3,환승,4,6,6) 환승 대합실 방향 엘리베이터 탑승
01,수도권,S1,5,5호선,0441,왕십리,3,환승,4,7,7) (B1) 환승대합실로 이동
01,수도권,S1,5,5호선,0441,왕십리,3,환승,4,8,8) 2호선 한양대 방면 엘리베이터 탑승
01,수도권,S1,5,5호선,0441,왕십리,3,환승,4,9,9) (B2) 2호선 한양대 방면 승강장으로 이동
01,수도권,S1,5,5호선,0441,왕십리,3,환승,4,10,10) 승차 (휠체어칸)
01,수도권,S1,5,5호선,0441,왕십리,3,환승,5,1,1) (B5) 5호선 행당 방면 승강장 하차
01,수도권,S1,5,5호선,0441,왕십리,3,환승,5,2,2) 대합실 방향 엘리베이터 탑승
01,수도권,S1,5,5호선,0441,왕십리,3,환승,5,3,3) (B4) 대합실로 이동
01,수도권,S1,5,5호선,0441,왕십리,3,환승,5,4,4) 대합실 방향 엘리베이터 탑승
01,수도권,S1,5,5호선,0441,왕십리,3,환승,5,5,5) (B2) 환승 대합실로 이동
01,수도권,S1,5,5호선,0441,왕십리,3,환승,5,6,6) 환승 대합실 방향 엘리베이터 탑승
01,수도권,S1,5,5호선,0441,왕십리,3,환승,5,7,7) (B1) 환승대합실로 이동
01,수도권,S1,5,5호선,0441,왕십리,3,환승,5,8,8) 수인분당선 승강장 방향 엘리베이터 탑승
01,수도권,S1,5,5호선,0441,왕십리,3,환승,5,9,9) (1F) 수인분당선 청량리 방면 승강장으로 이동
01,수도권,S1,5,5호선,0441,왕십리,3,환승,5,10,10) 승차 (휠체어칸)
01,수도권,S1,5,5호선,0441,왕십리,3,환승,6,1,1) (B5) 5호선 행당 방면 승강장 하차
01,수도권,S1,5,5호선,0441,왕십리,3,환승,6,2,2) 대합실 방향 엘리베이터 탑승
01,수도권,S1,5,5호선,0441,왕십리,3,환승,6,3,3) (B4) 대합실로 이동
01,수도권,S1,5,5호선,0441,왕십리,3,환승,6,4,4) 대합실 방향 엘리베이터 탑승
01,수도권,S1,5,5호선,0441,왕십리,3,환승,6,5,5) (B2) 환승 대합실로 이동
01,수도권,S1,5,5호선,0441,왕십리,3,환승,6,6,6) 환승 대합실 방향 엘리베이터 탑승
01,수도권,S1,5,5호선,0441,왕십리,3,환승,6,7,7) (B1) 환승대합실로 이동
01,수도권,S1,5,5호선,0441,왕십리,3,환승,6,8,8) 수인분당선 승강장 방향 엘리베이터 탑승
01,수도권,S1,5,5호선,0441,왕십리,3,환승,6,9,9) (1F) 수인분당선 서울숲 방면 승강장으로 이동
01,수도권,S1,5,5호선,0441,왕십리,3,환승,6,10,10) 승차 (휠체어칸)
01,수도권,S1,5,5호선,0441,왕십리,3,환승,7,1,1) (B5) 5호선 마장 방면 승강장 하차
01,수도권,S1,5,5호선,0441,왕십리,3,환승,7,2,2) 대합실 방향 엘리베이터 탑승
01,수도권,S1,5,5호선,0441,왕십리,3,환승,7,3,3) (B4) 대합실로 이동
01,수도권,S1,5,5호선,0441,왕십리,3,환승,7,4,4) 대합실 방향 엘리베이터 탑승
01,수도권,S1,5,5호선,0441,왕십리,3,환승,7,5,5) (B2) 환승 대합실로 이동
01,수도권,S1,5,5호선,0441,왕십리,3,환승,7,6,6) 환승 대합실 방향 엘리베이터 탑승
01,수도권,S1,5,5호선,0441,왕십리,3,환승,7,7,7) (B1) 환승대합실로 이동
01,수도권,S1,5,5호선,0441,왕십리,3,환승,7,8,8) 수인분당선 승강장 방향 엘리베이터 탑승
01,수도권,S1,5,5호선,0441,왕십리,3,환승,7,9,9) (1F) 수인분당선 청량리 방면 승강장으로 이동
01,수도권,S1,5,5호선,0441,왕십리,3,환승,7,10,10) 승차 (휠체어칸)
01,수도권,S1,5,5호선,0441,왕십리,3,환승,8,1,1) (B5) 5호선 마장 방면 승강장 하차
01,수도권,S1,5,5호선,0441,왕십리,3,환승,8,2,2) 대합실 방향 엘리베이터 탑승
01,수도권,S1,5,5호선,0441,왕십리,3,환승,8,3,3) (B4) 대합실로 이동
01,수도권,S1,5,5호선,0441,왕십리,3,환승,8,4,4) 대합실 방향 엘리베이터 탑승
01,수도권,S1,5,5호선,0441,왕십리,3,환승,8,5,5) (B2) 환승 대합실로 이동
01,수도권,S1,5,5호선,0441,왕십리,3,환승,8,6,6) 환승 대합실 방향 엘리베이터 탑승
01,수도권,S1,5,5호선,0441,왕십리,3,환승,8,7,7) (B1) 환승대합실로 이동
01,수도권,S1,5,5호선,0441,왕십리,3,환승,8,8,8) 수인분당선 승강장 방향 엘리베이터 탑승
01,수도권,S1,5,5호선,0441,왕십리,3,환승,8,9,9) (1F) 수인분당선 서울숲 방면 승강장으로 이동
01,수도권,S1,5,5호선,0441,왕십리,3,환승,8,10,10) 승차 (휠체어칸)
01,수도권,S1,5,5호선,0441,왕십리,3,환승,9,1,1) (B5) 5호선 행당 방면 승강장 하차
01,수도권,S1,5,5호선,0441,왕십리,3,환승,9,2,2) 대합실 방향 엘리베이터 탑승
01,수도권,S1,5,5호선,0441,왕십리,3,환승,9,3,3) (B4) 대합실로 이동
01,수도권,S1,5,5호선,0441,왕십리,3,환승,9,4,4) 대합실 방향 엘리베이터 탑승
01,수도권,S1,5,5호선,0441,왕십리,3,환승,9,5,5) (B2) 환승 대합실로 이동
01,수도권,S1,5,5호선,0441,왕십리,3,환승,9,6,6) 환승 대합실 방향 엘리베이터 탑승
01,수도권,S1,5,5호선,0441,왕십리,3,환승,9,7,7) (B1) 환승대합실로 이동
01,수도권,S1,5,5호선,0441,왕십리,3,환승,9,8,8) 경의중앙선 승강장 방향 엘리베이터 탑승
01,수도권,S1,5,5호선,0441,왕십리,3,환승,9,9,9) (1F) 경의중앙선 응봉 방면 승강장으로 이동
01,수도권,S1,5,5호선,0441,왕십리,3,환승,9,10,10) 승차 (휠체어칸)
01,수도권,S1,5,5호선,0441,왕십리,3,환승,10,1,1) (B5) 5호선 행당 방면 승강장 하차
01,수도권,S1,5,5호선,0441,왕십리,3,환승,10,2,2) 대합실 방향 엘리베이터 탑승
01,수도권,S1,5,5호선,0441,왕십리,3,환승,10,3,3) (B4) 대합실로 이동
01,수도권,S1,5,5호선,0441,왕십리,3,환승,10,4,4) 대합실 방향 엘리베이터 탑승
01,수도권,S1,5,5호선,0441,왕십리,3,환승,10,5,5) (B2) 환승 대합실로 이동
01,수도권,S1,5,5호선,0441,왕십리,3,환승,10,6,6) 환승 대합실 방향 엘리베이터 탑승
01,수도권,S1,5,5호선,0441,왕십리,3,환승,10,7,7) (B1) 환승대합실로 이동
01,수도권,S1,5,5호선,0441,왕십리,3,환승,10,8,8) 경의중앙선 승강장 방향 엘리베이터 탑승
01,수도권,S1,5,5호선,0441,왕십리,3,환승,10,9,9) (1F) 경의중앙선 청량리 방면 승강장으로 이동
01,수도권,S1,5,5호선,0441,왕십리,3,환승,10,10,10) 승차 (휠체어칸)
01,수도권,S1,5,5호선,0441,왕십리,3,환승,11,1,1) (B5) 5호선 마장 방면 승강장 하차
01,수도권,S1,5,5호선,0441,왕십리,3,환승,11,2,2) 대합실 방향 엘리베이터 탑승
01,수도권,S1,5,5호선,0441,왕십리,3,환승,11,3,3) (B4) 대합실로 이동
01,수도권,S1,5,5호선,0441,왕십리,3,환승,11,4,4) 대합실 방향 엘리베이터 탑승
01,수도권,S1,5,5호선,0441,왕십리,3,환승,11,5,5) (B2) 환승 대합실로 이동
01,수도권,S1,5,5호선,0441,왕십리,3,환승,11,6,6) 환승 대합실 방향 엘리베이터 탑승
01,수도권,S1,5,5호선,0441,왕십리,3,환승,11,7,7) (B1) 환승대합실로 이동
01,수도권,S1,5,5호선,0441,왕십리,3,환승,11,8,8) 경의중앙선 승강장 방향 엘리베이터 탑승
01,수도권,S1,5,5호선,0441,왕십리,3,환승,11,9,9) (1F) 경의중앙선 응봉 방면 승강장으로 이동
01,수도권,S1,5,5호선,0441,왕십리,3,환승,11,10,10) 승차 (휠체어칸)
01,수도권,S1,5,5호선,0441,왕십리,3,환승,12,1,1) (B5) 5호선 마장 방면 승강장 하차
01,수도권,S1,5,5호선,0441,왕십리,3,환승,12,2,2) 대합실 방향 엘리베이터 탑승
01,수도권,S1,5,5호선,0441,왕십리,3,환승,12,3,3) (B4) 대합실로 이동
01,수도권,S1,5,5호선,0441,왕십리,3,환승,12,4,4) 대합실 방향 엘리베이터 탑승
01,수도권,S1,5,5호선,0441,왕십리,3,환승,12,5,5) (B2) 환승 대합실로 이동
01,수도권,S1,5,5호선,0441,왕십리,3,환승,12,6,6) 환승 대합실 방향 엘리베이터 탑승
01,수도권,S1,5,5호선,0441,왕십리,3,환승,12,7,7) (B1) 환승대합실로 이동
01,수도권,S1,5,5호선,0441,왕십리,3,환승,12,8,8) 경의중앙선 승강장 방향 엘리베이터 탑승
01,수도권,S1,5,5호선,0441,왕십리,3,환승,12,9,9) (1F) 경의중앙선 청량리 방면 승강장으로 이동
01,수도권,S1,5,5호선,0441,왕십리,3,환승,12,10,10) 승차 (휠체어칸)
01,수도권,S1,5,5호선,0182,마장,1,출입구-승강장,1,1,1) (1F) 2번 출입구 옆 엘리베이터 탑승
01,수도권,S1,5,5호선,0182,마장,1,출입구-승강장,1,2,2) (B2) 대합실로 이동
01,수도권,S1,5,5호선,0182,마장,1,출입구-승강장,1,3,3) 표 내는 곳 통과
01,수도권,S1,5,5호선,0182,마장,1,출입구-승강장,1,4,4) 왕십리 방면 엘리베이터 탑승
01,수도권,S1,5,5호선,0182,마장,1,출입구-승강장,1,5,5) (B3) 왕십리 방면 승강장으로 이동
01,수도권,S1,5,5호선,0182,마장,1,출입구-승강장,1,6,6) 승차 (휠체어칸)
01,수도권,S1,5,5호선,0182,마장,1,출입구-승강장,2,1,1) (1F) 2번 출입구 옆 엘리베이터 탑승
01,수도권,S1,5,5호선,0182,마장,1,출입구-승강장,2,2,2) (B2) 대합실로 이동
01,수도권,S1,5,5호선,0182,마장,1,출입구-승강장,2,3,3) 표 내는 곳 통과
01,수도권,S1,5,5호선,0182,마장,1,출입구-승강장,2,4,4) 답십리 방면 엘리베이터 탑승
01,수도권,S1,5,5호선,0182,마장,1,출입구-승강장,2,5,5) (B3) 답십리 방면 승강장으로 이동
01,수도권,S1,5,5호선,0182,마장,1,출입구-승강장,2,6,6) 승차 (휠체어칸)
01,수도권,S1,5,5호선,0124,답십리,1,출입구-승강장,1,1,1) (1F) 2번 출입구 옆 엘리베이터 탑승 
01,수도권,S1,5,5호선,0124,답십리,1,출입구-승강장,1,2,2) (B2) 대합실로 이동 
01,수도권,S1,5,5호선,0124,답십리,1,출입구-승강장,1,3,3) 승차 태그 후 승강장 방향 엘리베이터 탑승
01,수도권,S1,5,5호선,0124,답십리,1,출입구-승강장,1,4,4) (B3) 승강장으로 이동
01,수도권,S1,5,5호선,0124,답십리,1,출입구-승강장,1,5,5) (B3) 마장 방면 승강장으로 이동
01,수도권,S1,5,5호선,0124,답십리,1,출입구-승강장,1,6,6) 승차(휠체어칸)
01,수도권,S1,5,5호선,0124,답십리,1,출입구-승강장,2,1,1) (1F) 2번 출입구 옆 엘리베이터 탑승 
01,수도권,S1,5,5호선,0124,답십리,1,출입구-승강장,2,2,2) (B2) 대합실로 이동 
01,수도권,S1,5,5호선,0124,답십리,1,출입구-승강장,2,3,3) 승차 태그 후 승강장 방향 엘리베이터 탑승
01,수도권,S1,5,5호선,0124,답십리,1,출입구-승강장,2,4,4) (B3) 승강장으로 이동
01,수도권,S1,5,5호선,0124,답십리,1,출입구-승강장,2,5,5) (B3) 장한평 방면 승강장으로 이동
01,수도권,S1,5,5호선,0124,답십리,1,출입구-승강장,2,6,6) 승차(휠체어칸)
01,수도권,S1,5,5호선,0124,답십리,1,출입구-승강장,3,1,1) (1F) 6번 출입구 옆 엘리베이터 탑승 
01,수도권,S1,5,5호선,0124,답십리,1,출입구-승강장,3,2,2) (B2) 대합실로 이동 
01,수도권,S1,5,5호선,0124,답십리,1,출입구-승강장,3,3,3) 승차 태그 후 승강장 방향 엘리베이터 탑승
01,수도권,S1,5,5호선,0124,답십리,1,출입구-승강장,3,4,4) (B3) 승강장으로 이동
01,수도권,S1,5,5호선,0124,답십리,1,출입구-승강장,3,5,5) (B3) 마장 방면 승강장으로 이동
01,수도권,S1,5,5호선,0124,답십리,1,출입구-승강장,3,6,6) 승차(휠체어칸)
01,수도권,S1,5,5호선,0124,답십리,1,출입구-승강장,4,1,1) (1F) 6번 출입구 옆 엘리베이터 탑승 
01,수도권,S1,5,5호선,0124,답십리,1,출입구-승강장,4,2,2) (B2) 대합실로 이동 
01,수도권,S1,5,5호선,0124,답십리,1,출입구-승강장,4,3,3) 승차 태그 후 승강장 방향 엘리베이터 탑승
01,수도권,S1,5,5호선,0124,답십리,1,출입구-승강장,4,4,4) (B3) 승강장으로 이동
01,수도권,S1,5,5호선,0124,답십리,1,출입구-승강장,4,5,5) (B3) 장한평 방면 승강장으로 이동
01,수도권,S1,5,5호선,0124,답십리,1,출입구-승강장,4,6,6) 승차(휠체어칸)
01,수도권,S1,5,5호선,0505,장한평,1,출입구-승강장,1,1,1) (1F) 1번 출입구 옆 엘리베이터 탑승
01,수도권,S1,5,5호선,0505,장한평,1,출입구-승강장,1,2,2) (B2) 대합실로 이동
01,수도권,S1,5,5호선,0505,장한평,1,출입구-승강장,1,3,3) 표 내는 곳 통과
01,수도권,S1,5,5호선,0505,장한평,1,출입구-승강장,1,4,4) 승강장 방향 엘리베이터 탑승
01,수도권,S1,5,5호선,0505,장한평,1,출입구-승강장,1,5,5) (B3) 답십리 방면 승강장으로 이동
01,수도권,S1,5,5호선,0505,장한평,1,출입구-승강장,1,6,6) 승차 (휠체어칸)
01,수도권,S1,5,5호선,0505,장한평,1,출입구-승강장,2,1,1) (1F) 1번 출입구 옆 엘리베이터 탑승
01,수도권,S1,5,5호선,0505,장한평,1,출입구-승강장,2,2,2) (B2) 대합실로 이동
01,수도권,S1,5,5호선,0505,장한평,1,출입구-승강장,2,3,3) 표 내는 곳 통과
01,수도권,S1,5,5호선,0505,장한평,1,출입구-승강장,2,4,4) 승강장 방향 엘리베이터 탑승
01,수도권,S1,5,5호선,0505,장한평,1,출입구-승강장,2,5,5) (B3) 군자 방면 승강장으로 이동
01,수도권,S1,5,5호선,0505,장한평,1,출입구-승강장,2,6,6) 승차 (휠체어칸)
01,수도권,S1,5,5호선,0505,장한평,1,출입구-승강장,3,1,1) (1F) 7번 출입구 옆 엘리베이터 탑승
01,수도권,S1,5,5호선,0505,장한평,1,출입구-승강장,3,2,2) (B2) 대합실로 이동
01,수도권,S1,5,5호선,0505,장한평,1,출입구-승강장,3,3,3) 표 내는 곳 통과
01,수도권,S1,5,5호선,0505,장한평,1,출입구-승강장,3,4,4) 승강장 방향 엘리베이터 탑승
01,수도권,S1,5,5호선,0505,장한평,1,출입구-승강장,3,5,5) (B3) 답십리 방면 승강장으로 이동
01,수도권,S1,5,5호선,0505,장한평,1,출입구-승강장,3,6,6) 승차 (휠체어칸)
01,수도권,S1,5,5호선,0505,장한평,1,출입구-승강장,4,1,1) (1F) 7번 출입구 옆 엘리베이터 탑승
01,수도권,S1,5,5호선,0505,장한평,1,출입구-승강장,4,2,2) (B2) 대합실로 이동
01,수도권,S1,5,5호선,0505,장한평,1,출입구-승강장,4,3,3) 표 내는 곳 통과
01,수도권,S1,5,5호선,0505,장한평,1,출입구-승강장,4,4,4) 승강장 방향 엘리베이터 탑승
01,수도권,S1,5,5호선,0505,장한평,1,출입구-승강장,4,5,5) (B3) 군자 방면 승강장으로 이동
01,수도권,S1,5,5호선,0505,장한평,1,출입구-승강장,4,6,6) 승차 (휠체어칸)
01,수도권,S1,5,5호선,0082,군자,1,출입구-승강장,1,1,1) (1F) 4번 출입구 옆 엘리베이터 탑승
01,수도권,S1,5,5호선,0082,군자,1,출입구-승강장,1,2,2) (B1) 대합실로 이동
01,수도권,S1,5,5호선,0082,군자,1,출입구-승강장,1,3,3) 표 내는 곳 통과
01,수도권,S1,5,5호선,0082,군자,1,출입구-승강장,1,4,4) 승강장 방향 엘리베이터 탑승
01,수도권,S1,5,5호선,0082,군자,1,출입구-승강장,1,5,5) (B2) 장한평 방면 승강장으로 이동
01,수도권,S1,5,5호선,0082,군자,1,출입구-승강장,1,6,6) 승차 (휠체어칸)
01,수도권,S1,5,5호선,0082,군자,1,출입구-승강장,2,1,1) (1F) 4번 출입구 옆 엘리베이터 탑승
01,수도권,S1,5,5호선,0082,군자,1,출입구-승강장,2,2,2) (B1) 대합실로 이동
01,수도권,S1,5,5호선,0082,군자,1,출입구-승강장,2,3,3) 표 내는 곳 통과
01,수도권,S1,5,5호선,0082,군자,1,출입구-승강장,2,4,4) 승강장 방향 엘리베이터 탑승
01,수도권,S1,5,5호선,0082,군자,1,출입구-승강장,2,5,5) (B2) 아차산 방면 승강장으로 이동
01,수도권,S1,5,5호선,0082,군자,1,출입구-승강장,2,6,6) 승차 (휠체어칸)
01,수도권,S1,5,5호선,0082,군자,1,출입구-승강장,3,1,1) (1F) 7번 출입구 옆 엘리베이터 탑승
01,수도권,S1,5,5호선,0082,군자,1,출입구-승강장,3,2,2) (B1) 대합실로 이동
01,수도권,S1,5,5호선,0082,군자,1,출입구-승강장,3,3,3) 표 내는 곳 통과
01,수도권,S1,5,5호선,0082,군자,1,출입구-승강장,3,4,4) 승강장 방향 엘리베이터 탑승
01,수도권,S1,5,5호선,0082,군자,1,출입구-승강장,3,5,5) (B2) 장한평 방면 승강장으로 이동
01,수도권,S1,5,5호선,0082,군자,1,출입구-승강장,3,6,6) 승차 (휠체어칸)
01,수도권,S1,5,5호선,0082,군자,1,출입구-승강장,4,1,1) (1F) 7번 출입구 옆 엘리베이터 탑승
01,수도권,S1,5,5호선,0082,군자,1,출입구-승강장,4,2,2) (B1) 대합실로 이동
01,수도권,S1,5,5호선,0082,군자,1,출입구-승강장,4,3,3) 표 내는 곳 통과
01,수도권,S1,5,5호선,0082,군자,1,출입구-승강장,4,4,4) 승강장 방향 엘리베이터 탑승
01,수도권,S1,5,5호선,0082,군자,1,출입구-승강장,4,5,5) (B2) 아차산 방면 승강장으로 이동
01,수도권,S1,5,5호선,0082,군자,1,출입구-승강장,4,6,6) 승차 (휠체어칸)
01,수도권,S1,5,5호선,0082,군자,3,환승,1,1,1) (B2) 5호선 장한평 방면 승강장 하차
01,수도권,S1,5,5호선,0082,군자,3,환승,1,2,2) 7호선 중곡 방면 엘리베이터 탑승
01,수도권,S1,5,5호선,0082,군자,3,환승,1,3,3) (B3) 7호선 중곡 방면 승강장으로 이동
01,수도권,S1,5,5호선,0082,군자,3,환승,1,4,4) 승차 (휠체어칸)
01,수도권,S1,5,5호선,0082,군자,3,환승,2,1,1) (B2) 5호선 장한평 방면 승강장 하차
01,수도권,S1,5,5호선,0082,군자,3,환승,2,2,2) 7호선 어린이대공원 방면 엘리베이터 탑승
01,수도권,S1,5,5호선,0082,군자,3,환승,2,3,3) (B3) 7호선 어린이대공원 방면 승강장으로 이동
01,수도권,S1,5,5호선,0082,군자,3,환승,2,4,4) 승차 (휠체어칸)
01,수도권,S1,5,5호선,0082,군자,3,환승,3,1,1) (B2) 5호선 아차산 방면 승강장 하차
01,수도권,S1,5,5호선,0082,군자,3,환승,3,2,2) 7호선 중곡 방면 엘리베이터 탑승
01,수도권,S1,5,5호선,0082,군자,3,환승,3,3,3) (B3) 7호선 중곡 방면 승강장으로 이동
01,수도권,S1,5,5호선,0082,군자,3,환승,3,4,4) 승차 (휠체어칸)
01,수도권,S1,5,5호선,0082,군자,3,환승,4,1,1) (B2) 5호선 아차산 방면 승강장 하차
01,수도권,S1,5,5호선,0082,군자,3,환승,4,2,2) 7호선 어린이대공원 방면 엘리베이터 탑승
01,수도권,S1,5,5호선,0082,군자,3,환승,4,3,3) (B3) 7호선 어린이대공원 방면 승강장으로 이동
01,수도권,S1,5,5호선,0082,군자,3,환승,4,4,4) 승차 (휠체어칸)
01,수도권,S1,5,5호선,0385,아차산,1,출입구-승강장,1,1,1) (1F) 4번 출입구 옆 엘리베이터 탑승
01,수도권,S1,5,5호선,0385,아차산,1,출입구-승강장,1,2,2) (B1) 대합실로 이동
01,수도권,S1,5,5호선,0385,아차산,1,출입구-승강장,1,3,3) 표 내는 곳 통과
01,수도권,S1,5,5호선,0385,아차산,1,출입구-승강장,1,4,4) 군자 방면 엘리베이터 탑승
01,수도권,S1,5,5호선,0385,아차산,1,출입구-승강장,1,5,5) (B3) 군자 방면 승강장으로 이동
01,수도권,S1,5,5호선,0385,아차산,1,출입구-승강장,1,6,6) 승차 (휠체어칸)
01,수도권,S1,5,5호선,0385,아차산,1,출입구-승강장,2,1,1) (1F) 4번 출입구 옆 엘리베이터 탑승
01,수도권,S1,5,5호선,0385,아차산,1,출입구-승강장,2,2,2) (B1) 대합실로 이동
01,수도권,S1,5,5호선,0385,아차산,1,출입구-승강장,2,3,3) 표 내는 곳 통과
01,수도권,S1,5,5호선,0385,아차산,1,출입구-승강장,2,4,4) 광나루 방면 엘리베이터 탑승
01,수도권,S1,5,5호선,0385,아차산,1,출입구-승강장,2,5,5) (B3) 광나루 방면 승강장으로 이동
01,수도권,S1,5,5호선,0385,아차산,1,출입구-승강장,2,6,6) 승차 (휠체어칸)
01,수도권,S1,5,5호선,0062,광나루,1,출입구-승강장,1,1,1) (1F) 1번 출입구 옆 엘리베이터 탑승
01,수도권,S1,5,5호선,0062,광나루,1,출입구-승강장,1,2,2) (B2) 대합실로 이동
01,수도권,S1,5,5호선,0062,광나루,1,출입구-승강장,1,3,3) 표 내는 곳 통과
01,수도권,S1,5,5호선,0062,광나루,1,출입구-승강장,1,4,4) 아차산 방면 엘리베이터 탑승
01,수도권,S1,5,5호선,0062,광나루,1,출입구-승강장,1,5,5) (B3) 아차산 방면 승강장으로 이동
01,수도권,S1,5,5호선,0062,광나루,1,출입구-승강장,1,6,6) 승차 (휠체어칸)
01,수도권,S1,5,5호선,0062,광나루,1,출입구-승강장,2,1,1) (1F) 1번 출입구 옆 엘리베이터 탑승
01,수도권,S1,5,5호선,0062,광나루,1,출입구-승강장,2,2,2) (B2) 대합실로 이동
01,수도권,S1,5,5호선,0062,광나루,1,출입구-승강장,2,3,3) 표 내는 곳 통과
01,수도권,S1,5,5호선,0062,광나루,1,출입구-승강장,2,4,4) 천호 방면 엘리베이터 탑승
01,수도권,S1,5,5호선,0062,광나루,1,출입구-승강장,2,5,5) (B3) 천호 방면 승강장으로 이동
01,수도권,S1,5,5호선,0062,광나루,1,출입구-승강장,2,6,6) 승차 (휠체어칸)
01,수도권,S1,5,5호선,0546,천호,1,출입구-승강장,1,1,1) (1F) 6번 출입구 옆 엘리베이터 탑승
01,수도권,S1,5,5호선,0546,천호,1,출입구-승강장,1,2,2) (B1) 대합실로 이동
01,수도권,S1,5,5호선,0546,천호,1,출입구-승강장,1,3,3) (B1) 대합실 방향 엘리베이터 앞 표 내는 곳 통과
01,수도권,S1,5,5호선,0546,천호,1,출입구-승강장,1,4,4) (B2) 대합실 방향 엘리베이터 탑승
01,수도권,S1,5,5호선,0546,천호,1,출입구-승강장,1,5,5) (B2) 대합실로 이동
01,수도권,S1,5,5호선,0546,천호,1,출입구-승강장,1,6,6) 광나루 방면 엘리베이터 탑승
01,수도권,S1,5,5호선,0546,천호,1,출입구-승강장,1,7,7) (B3) 광나루 방면 승강장으로 이동
01,수도권,S1,5,5호선,0546,천호,1,출입구-승강장,1,8,8) 승차(휠체어칸)
01,수도권,S1,5,5호선,0546,천호,1,출입구-승강장,2,1,1) (1F) 6번 출입구 옆 엘리베이터 탑승
01,수도권,S1,5,5호선,0546,천호,1,출입구-승강장,2,2,2) (B1) 대합실로 이동
01,수도권,S1,5,5호선,0546,천호,1,출입구-승강장,2,3,3) (B1) 대합실 방향 엘리베이터 앞 표 내는 곳 통과
01,수도권,S1,5,5호선,0546,천호,1,출입구-승강장,2,4,4) (B2) 대합실 방향 엘리베이터 탑승
01,수도권,S1,5,5호선,0546,천호,1,출입구-승강장,2,5,5) (B2) 대합실로 이동
01,수도권,S1,5,5호선,0546,천호,1,출입구-승강장,2,6,6) 강동 방면 엘리베이터 탑승
01,수도권,S1,5,5호선,0546,천호,1,출입구-승강장,2,7,7) (B3) 강동 방면 승강장으로 이동
01,수도권,S1,5,5호선,0546,천호,1,출입구-승강장,2,8,8) 승차(휠체어칸)
01,수도권,S1,5,5호선,0546,천호,3,환승,1,1,1) (B3) 5호선 광나루 방면 승강장 하차
01,수도권,S1,5,5호선,0546,천호,3,환승,1,2,2) 대합실 방향 엘리베이터 탑승
01,수도권,S1,5,5호선,0546,천호,3,환승,1,3,3) (B2) 대합실로 이동
01,수도권,S1,5,5호선,0546,천호,3,환승,1,4,4) 대합실 방향 엘리베이터 탑승
01,수도권,S1,5,5호선,0546,천호,3,환승,1,5,5) (B1) 대합실로 이동
01,수도권,S1,5,5호선,0546,천호,3,환승,1,6,6) 8호선 암사 방면 엘리베이터 탑승
01,수도권,S1,5,5호선,0546,천호,3,환승,1,7,7) (B2) 8호선 암사 방면 승강장으로 이동
01,수도권,S1,5,5호선,0546,천호,3,환승,1,8,8) 승차 (휠체어칸)
01,수도권,S1,5,5호선,0546,천호,3,환승,2,1,1) (B3) 5호선 광나루 방면 승강장 하차
01,수도권,S1,5,5호선,0546,천호,3,환승,2,2,2) 대합실 방향 엘리베이터 탑승
01,수도권,S1,5,5호선,0546,천호,3,환승,2,3,3) (B2) 대합실로 이동
01,수도권,S1,5,5호선,0546,천호,3,환승,2,4,4) 대합실 방향 엘리베이터 탑승
01,수도권,S1,5,5호선,0546,천호,3,환승,2,5,5) (B1) 대합실로 이동
01,수도권,S1,5,5호선,0546,천호,3,환승,2,6,6) 8호선 강동구청 방면 엘리베이터 탑승
01,수도권,S1,5,5호선,0546,천호,3,환승,2,7,7) (B2) 8호선 강동구청 방면 승강장으로 이동
01,수도권,S1,5,5호선,0546,천호,3,환승,2,8,8) 승차 (휠체어칸)
01,수도권,S1,5,5호선,0546,천호,3,환승,3,1,1) (B3) 5호선 강동 방면 승강장 하차
01,수도권,S1,5,5호선,0546,천호,3,환승,3,2,2) 대합실 방향 엘리베이터 탑승
01,수도권,S1,5,5호선,0546,천호,3,환승,3,3,3) (B2) 대합실로 이동
01,수도권,S1,5,5호선,0546,천호,3,환승,3,4,4) 대합실 방향 엘리베이터 탑승
01,수도권,S1,5,5호선,0546,천호,3,환승,3,5,5) (B1) 대합실로 이동
01,수도권,S1,5,5호선,0546,천호,3,환승,3,6,6) 8호선 암사 방면 엘리베이터 탑승
01,수도권,S1,5,5호선,0546,천호,3,환승,3,7,7) (B2) 8호선 암사 방면 승강장으로 이동
01,수도권,S1,5,5호선,0546,천호,3,환승,3,8,8) 승차 (휠체어칸)
01,수도권,S1,5,5호선,0546,천호,3,환승,4,1,1) (B3) 5호선 강동 방면 승강장 하차
01,수도권,S1,5,5호선,0546,천호,3,환승,4,2,2) 대합실 방향 엘리베이터 탑승
01,수도권,S1,5,5호선,0546,천호,3,환승,4,3,3) (B2) 대합실로 이동
01,수도권,S1,5,5호선,0546,천호,3,환승,4,4,4) 대합실 방향 엘리베이터 탑승
01,수도권,S1,5,5호선,0546,천호,3,환승,4,5,5) (B1) 대합실로 이동
01,수도권,S1,5,5호선,0546,천호,3,환승,4,6,6) 8호선 강동구청 방면 엘리베이터 탑승
01,수도권,S1,5,5호선,0546,천호,3,환승,4,7,7) (B2) 8호선 강동구청 방면 승강장으로 이동
01,수도권,S1,5,5호선,0546,천호,3,환승,4,8,8) 승차 (휠체어칸)
01,수도권,S1,5,5호선,0020,강동,1,출입구-승강장,1,1,1) (1F) 1번 출입구 옆 엘리베이터 탑승
01,수도권,S1,5,5호선,0020,강동,1,출입구-승강장,1,2,2) (B3) 대합실로 이동
01,수도권,S1,5,5호선,0020,강동,1,출입구-승강장,1,3,3) 표 내는 곳 통과
01,수도권,S1,5,5호선,0020,강동,1,출입구-승강장,1,4,4) 천호 방면 엘리베이터 탑승
01,수도권,S1,5,5호선,0020,강동,1,출입구-승강장,1,5,5) (B4) 천호 방면 승강장으로 이동
01,수도권,S1,5,5호선,0020,강동,1,출입구-승강장,1,6,6) 승차 (휠체어칸)
01,수도권,S1,5,5호선,0020,강동,1,출입구-승강장,2,1,1) (1F) 1번 출입구 옆 엘리베이터 탑승
01,수도권,S1,5,5호선,0020,강동,1,출입구-승강장,2,2,2) (B3) 대합실로 이동
01,수도권,S1,5,5호선,0020,강동,1,출입구-승강장,2,3,3) 표 내는 곳 통과
01,수도권,S1,5,5호선,0020,강동,1,출입구-승강장,2,4,"4) 길동, 둔촌동 방면 엘리베이터 탑승"
01,수도권,S1,5,5호선,0020,강동,1,출입구-승강장,2,5,"5) (B4) 길동, 둔촌동 방면 승강장으로 이동"
01,수도권,S1,5,5호선,0020,강동,1,출입구-승강장,2,6,6) 승차 (휠체어칸)
01,수도권,S1,5,5호선,0020,강동,1,출입구-승강장,3,1,1) (1F) 2-1번 출입구 옆 엘리베이터 탑승
01,수도권,S1,5,5호선,0020,강동,1,출입구-승강장,3,2,2) (B1) 지하1층 대합실로 이동
01,수도권,S1,5,5호선,0020,강동,1,출입구-승강장,3,3,3) (B3) 지하3층 대합실 방향 엘리베이터 탑승
01,수도권,S1,5,5호선,0020,강동,1,출입구-승강장,3,4,4) (B3) 지하3층 대합실로 이동
01,수도권,S1,5,5호선,0020,강동,1,출입구-승강장,3,5,5) 표 내는 곳 통과
01,수도권,S1,5,5호선,0020,강동,1,출입구-승강장,3,6,6) 천호 방면 엘리베이터 탑승
01,수도권,S1,5,5호선,0020,강동,1,출입구-승강장,3,7,7) (B4) 천호 방면 승강장으로 이동
01,수도권,S1,5,5호선,0020,강동,1,출입구-승강장,3,8,8) 승차 (휠체어칸)
01,수도권,S1,5,5호선,0020,강동,1,출입구-승강장,4,1,1) (1F) 2-1번 출입구 옆 엘리베이터 탑승
01,수도권,S1,5,5호선,0020,강동,1,출입구-승강장,4,2,2) (B1) 지하1층 대합실로 이동
01,수도권,S1,5,5호선,0020,강동,1,출입구-승강장,4,3,3) (B3) 지하3층 대합실 방향 엘리베이터 탑승
01,수도권,S1,5,5호선,0020,강동,1,출입구-승강장,4,4,4) (B3) 지하3층 대합실로 이동
01,수도권,S1,5,5호선,0020,강동,1,출입구-승강장,4,5,5) 표 내는 곳 통과
01,수도권,S1,5,5호선,0020,강동,1,출입구-승강장,4,6,"6) 길동, 둔촌동 방면 엘리베이터 탑승"
01,수도권,S1,5,5호선,0020,강동,1,출입구-승강장,4,7,"7) (B4) 길동, 둔촌동 방면 승강장으로 이동"
01,수도권,S1,5,5호선,0020,강동,1,출입구-승강장,4,8,8) 승차 (휠체어칸)
01,수도권,S1,5,5호선,0095,길동,1,출입구-승강장,1,1,1) (1F) 1번 출입구 옆 엘리베이터 탑승
01,수도권,S1,5,5호선,0095,길동,1,출입구-승강장,1,2,2) (B1) 대합실로 이동
01,수도권,S1,5,5호선,0095,길동,1,출입구-승강장,1,3,3) 대합실 방향 엘리베이터 탑승
01,수도권,S1,5,5호선,0095,길동,1,출입구-승강장,1,4,4) (B2) 대합실로 이동
01,수도권,S1,5,5호선,0095,길동,1,출입구-승강장,1,5,5) 표 내는 곳 통과
01,수도권,S1,5,5호선,0095,길동,1,출입구-승강장,1,6,6) 강동 방면 엘리베이터 탑승
01,수도권,S1,5,5호선,0095,길동,1,출입구-승강장,1,7,7) (B3) 강동 방면 승강장으로 이동
01,수도권,S1,5,5호선,0095,길동,1,출입구-승강장,1,8,8) 승차 (휠체어칸)
01,수도권,S1,5,5호선,0095,길동,1,출입구-승강장,2,1,1) (1F) 1번 출입구 옆 엘리베이터 탑승
01,수도권,S1,5,5호선,0095,길동,1,출입구-승강장,2,2,2) (B1) 대합실로 이동
01,수도권,S1,5,5호선,0095,길동,1,출입구-승강장,2,3,3) 대합실 방향 엘리베이터 탑승
01,수도권,S1,5,5호선,0095,길동,1,출입구-승강장,2,4,4) (B2) 대합실로 이동
01,수도권,S1,5,5호선,0095,길동,1,출입구-승강장,2,5,5) 표 내는 곳 통과
01,수도권,S1,5,5호선,0095,길동,1,출입구-승강장,2,6,6) 굽은다리 방면 엘리베이터 탑승
01,수도권,S1,5,5호선,0095,길동,1,출입구-승강장,2,7,7) (B3) 굽은다리 방면 승강장으로 이동
01,수도권,S1,5,5호선,0095,길동,1,출입구-승강장,2,8,8) 승차 (휠체어칸)
01,수도권,S1,5,5호선,0086,굽은다리,1,출입구-승강장,1,1,1) (1F) 1번 출입구 옆 엘리베이터 탑승
01,수도권,S1,5,5호선,0086,굽은다리,1,출입구-승강장,1,2,2) (B1) 대합실로 이동
01,수도권,S1,5,5호선,0086,굽은다리,1,출입구-승강장,1,3,3) 길동 방면 엘리베이터 앞 표 내는 곳 통과
01,수도권,S1,5,5호선,0086,굽은다리,1,출입구-승강장,1,4,4) 길동 방면 엘리베이터 탑승
01,수도권,S1,5,5호선,0086,굽은다리,1,출입구-승강장,1,5,5) (B2) 길동 방면 승강장으로 이동
01,수도권,S1,5,5호선,0086,굽은다리,1,출입구-승강장,1,6,6) 승차 (휠체어칸)
01,수도권,S1,5,5호선,0086,굽은다리,1,출입구-승강장,2,1,1) (1F) 1번 출입구 옆 엘리베이터 탑승
01,수도권,S1,5,5호선,0086,굽은다리,1,출입구-승강장,2,2,2) (B1) 대합실로 이동
01,수도권,S1,5,5호선,0086,굽은다리,1,출입구-승강장,2,3,3) 명일 방면 엘리베이터 앞 표 내는 곳 통과
01,수도권,S1,5,5호선,0086,굽은다리,1,출입구-승강장,2,4,4) 명일 방면 엘리베이터 탑승
01,수도권,S1,5,5호선,0086,굽은다리,1,출입구-승강장,2,5,5) (B2) 명일 방면 승강장으로 이동
01,수도권,S1,5,5호선,0086,굽은다리,1,출입구-승강장,2,6,6) 승차 (휠체어칸)
01,수도권,S1,5,5호선,0198,명일,1,출입구-승강장,1,1,1) (1F) 3번 출입구 옆 엘리베이터 탑승
01,수도권,S1,5,5호선,0198,명일,1,출입구-승강장,1,2,2) (B1) 대합실로 이동
01,수도권,S1,5,5호선,0198,명일,1,출입구-승강장,1,3,3) 표 내는 곳 통과
01,수도권,S1,5,5호선,0198,명일,1,출입구-승강장,1,4,4) 굽은다리 방면 엘리베이터 탑승
01,수도권,S1,5,5호선,0198,명일,1,출입구-승강장,1,5,5) (B2) 굽은다리 방면 승강장으로 이동
01,수도권,S1,5,5호선,0198,명일,1,출입구-승강장,1,6,6) 승차 (휠체어칸)
01,수도권,S1,5,5호선,0198,명일,1,출입구-승강장,2,1,1) (1F) 3번 출입구 옆 엘리베이터 탑승
01,수도권,S1,5,5호선,0198,명일,1,출입구-승강장,2,2,2) (B1) 대합실로 이동
01,수도권,S1,5,5호선,0198,명일,1,출입구-승강장,2,3,3) 표 내는 곳 통과
01,수도권,S1,5,5호선,0198,명일,1,출입구-승강장,2,4,4) 고덕 방면 엘리베이터 탑승
01,수도권,S1,5,5호선,0198,명일,1,출입구-승강장,2,5,5) (B2) 고덕 방면 승강장으로 이동
01,수도권,S1,5,5호선,0198,명일,1,출입구-승강장,2,6,6) 승차 (휠체어칸)
01,수도권,S1,5,5호선,0046,고덕,1,출입구-승강장,1,1,1) (1F) 2번 출입구 옆 엘리베이터 탑승
01,수도권,S1,5,5호선,0046,고덕,1,출입구-승강장,1,2,2) (B1) 대합실로 이동
01,수도권,S1,5,5호선,0046,고덕,1,출입구-승강장,1,3,3) 명일 방면 엘리베이터 앞 이동
01,수도권,S1,5,5호선,0046,고덕,1,출입구-승강장,1,4,4) 명일 방면 엘리베이터 탑승
01,수도권,S1,5,5호선,0046,고덕,1,출입구-승강장,1,5,5) (B2) 명일 방면 승강장으로 이동
01,수도권,S1,5,5호선,0046,고덕,1,출입구-승강장,1,6,6) 승차 (휠체어칸)
01,수도권,S1,5,5호선,0046,고덕,1,출입구-승강장,2,1,1) (1F) 2번 출입구 옆 엘리베이터 탑승
01,수도권,S1,5,5호선,0046,고덕,1,출입구-승강장,2,2,2) (B1) 대합실로 이동
01,수도권,S1,5,5호선,0046,고덕,1,출입구-승강장,2,3,3) 상일동 방면 엘리베이터 앞 이동
01,수도권,S1,5,5호선,0046,고덕,1,출입구-승강장,2,4,4) 상일동 방면 엘리베이터 탑승
01,수도권,S1,5,5호선,0046,고덕,1,출입구-승강장,2,5,5) (B2) 상일동 방면 승강장으로 이동
01,수도권,S1,5,5호선,0046,고덕,1,출입구-승강장,2,6,6) 승차 (휠체어칸)
01,수도권,S1,5,5호선,0046,고덕,1,출입구-승강장,3,1,1) (1F) 5번 출입구 옆 엘리베이터 탑승
01,수도권,S1,5,5호선,0046,고덕,1,출입구-승강장,3,2,2) (B1) 대합실로 이동
01,수도권,S1,5,5호선,0046,고덕,1,출입구-승강장,3,3,3) 명일 방면 엘리베이터 앞 이동
01,수도권,S1,5,5호선,0046,고덕,1,출입구-승강장,3,4,4) 명일 방면 엘리베이터 탑승
01,수도권,S1,5,5호선,0046,고덕,1,출입구-승강장,3,5,5) (B2) 명일 방면 승강장으로 이동
01,수도권,S1,5,5호선,0046,고덕,1,출입구-승강장,3,6,6) 승차 (휠체어칸)
01,수도권,S1,5,5호선,0046,고덕,1,출입구-승강장,4,1,1) (1F) 5번 출입구 옆 엘리베이터 탑승
01,수도권,S1,5,5호선,0046,고덕,1,출입구-승강장,4,2,2) (B1) 대합실로 이동
01,수도권,S1,5,5호선,0046,고덕,1,출입구-승강장,4,3,3) 상일동 방면 엘리베이터 앞 이동
01,수도권,S1,5,5호선,0046,고덕,1,출입구-승강장,4,4,4) 상일동 방면 엘리베이터 탑승
01,수도권,S1,5,5호선,0046,고덕,1,출입구-승강장,4,5,5) (B2) 상일동 방면 승강장으로 이동
01,수도권,S1,5,5호선,0046,고덕,1,출입구-승강장,4,6,6) 승차 (휠체어칸)
01,수도권,S1,5,5호선,0281,상일동,1,출입구-승강장,1,1,1) (1F) 1번 출입구 옆 엘리베이터 탑승
01,수도권,S1,5,5호선,0281,상일동,1,출입구-승강장,1,2,2) (B1) 대합실로 이동
01,수도권,S1,5,5호선,0281,상일동,1,출입구-승강장,1,3,3) 표 내는 곳 통과
01,수도권,S1,5,5호선,0281,상일동,1,출입구-승강장,1,4,4) 고덕 방면 엘리베이터 탑승
01,수도권,S1,5,5호선,0281,상일동,1,출입구-승강장,1,5,5) (B2) 고덕 방면 승강장으로 이동
01,수도권,S1,5,5호선,0281,상일동,1,출입구-승강장,1,6,6) 승차 (휠체어칸)
01,수도권,S1,5,5호선,0281,상일동,1,출입구-승강장,2,1,1) (1F) 1번 출입구 옆 엘리베이터 탑승
01,수도권,S1,5,5호선,0281,상일동,1,출입구-승강장,2,2,2) (B1) 대합실로 이동
01,수도권,S1,5,5호선,0281,상일동,1,출입구-승강장,2,3,3) 표 내는 곳 통과
01,수도권,S1,5,5호선,0281,상일동,1,출입구-승강장,2,4,4) 강일 방면 엘리베이터 탑승
01,수도권,S1,5,5호선,0281,상일동,1,출입구-승강장,2,5,5) (B2) 강일 방면 승강장으로 이동
01,수도권,S1,5,5호선,0281,상일동,1,출입구-승강장,2,6,6) 승차 (휠체어칸)
01,수도권,S1,5,5호선,0281,상일동,1,출입구-승강장,3,1,1) (1F) 3번/4번 출입구 사이 엘리베이터 탑승
01,수도권,S1,5,5호선,0281,상일동,1,출입구-승강장,3,2,2) (B1) 대합실로 이동
01,수도권,S1,5,5호선,0281,상일동,1,출입구-승강장,3,3,3) 대합실 연결통로 이동
01,수도권,S1,5,5호선,0281,상일동,1,출입구-승강장,3,4,4) 표 내는 곳을 통과하여 고덕 방면 엘리베이터 탑승
01,수도권,S1,5,5호선,0281,상일동,1,출입구-승강장,3,5,5) (B2) 고덕 방면 승강장으로 이동
01,수도권,S1,5,5호선,0281,상일동,1,출입구-승강장,3,6,6) 승차 (휠체어칸)
01,수도권,S1,5,5호선,0281,상일동,1,출입구-승강장,4,1,1) (1F) 3번/4번 출입구 사이 엘리베이터 탑승
01,수도권,S1,5,5호선,0281,상일동,1,출입구-승강장,4,2,2) (B1) 대합실로 이동
01,수도권,S1,5,5호선,0281,상일동,1,출입구-승강장,4,3,3) 대합실 연결통로 이동
01,수도권,S1,5,5호선,0281,상일동,1,출입구-승강장,4,4,4) 표 내는 곳을 통과하여 강일 방면 엘리베이터 탑승
01,수도권,S1,5,5호선,0281,상일동,1,출입구-승강장,4,5,5) (B2) 강일 방면 승강장으로 이동
01,수도권,S1,5,5호선,0281,상일동,1,출입구-승강장,4,6,6) 승차 (휠체어칸)
01,수도권,S1,5,5호선,0281,상일동,1,출입구-승강장,5,1,1) (1F) 5번/6번 출입구 사이 엘리베이터 탑승
01,수도권,S1,5,5호선,0281,상일동,1,출입구-승강장,5,2,2) (B1) 대합실로 이동
01,수도권,S1,5,5호선,0281,상일동,1,출입구-승강장,5,3,3) 대합실 연결통로 이동
01,수도권,S1,5,5호선,0281,상일동,1,출입구-승강장,5,4,4) 표 내는 곳을 통과하여 고덕 방면 엘리베이터 탑승
01,수도권,S1,5,5호선,0281,상일동,1,출입구-승강장,5,5,5) (B2) 고덕 방면 승강장으로 이동
01,수도권,S1,5,5호선,0281,상일동,1,출입구-승강장,5,6,6) 승차 (휠체어칸)
01,수도권,S1,5,5호선,0281,상일동,1,출입구-승강장,6,1,1) (1F) 5번/6번 출입구 사이 엘리베이터 탑승
01,수도권,S1,5,5호선,0281,상일동,1,출입구-승강장,6,2,2) (B1) 대합실로 이동
01,수도권,S1,5,5호선,0281,상일동,1,출입구-승강장,6,3,3) 대합실 연결통로 이동
01,수도권,S1,5,5호선,0281,상일동,1,출입구-승강장,6,4,4) 표 내는 곳을 통과하여 강일 방면 엘리베이터 탑승
01,수도권,S1,5,5호선,0281,상일동,1,출입구-승강장,6,5,5) (B2) 강일 방면 승강장으로 이동
01,수도권,S1,5,5호선,0281,상일동,1,출입구-승강장,6,6,6) 승차 (휠체어칸)
01,수도권,S1,5,5호선,0281,상일동,1,출입구-승강장,7,1,1) (1F) 7번 출입구 옆 엘리베이터 탑승
01,수도권,S1,5,5호선,0281,상일동,1,출입구-승강장,7,2,2) (B1) 대합실로 이동
01,수도권,S1,5,5호선,0281,상일동,1,출입구-승강장,7,3,3) 표 내는 곳 통과
01,수도권,S1,5,5호선,0281,상일동,1,출입구-승강장,7,4,4) 고덕 방면 엘리베이터 탑승
01,수도권,S1,5,5호선,0281,상일동,1,출입구-승강장,7,5,5) (B2) 고덕 방면 승강장으로 이동
01,수도권,S1,5,5호선,0281,상일동,1,출입구-승강장,7,6,6) 승차 (휠체어칸)
01,수도권,S1,5,5호선,0281,상일동,1,출입구-승강장,8,1,1) (1F) 7번 출입구 옆 엘리베이터 탑승
01,수도권,S1,5,5호선,0281,상일동,1,출입구-승강장,8,2,2) (B1) 대합실로 이동
01,수도권,S1,5,5호선,0281,상일동,1,출입구-승강장,8,3,3) 표 내는 곳 통과
01,수도권,S1,5,5호선,0281,상일동,1,출입구-승강장,8,4,4) 강일 방면 엘리베이터 탑승
01,수도권,S1,5,5호선,0281,상일동,1,출입구-승강장,8,5,5) (B2) 강일 방면 승강장으로 이동
01,수도권,S1,5,5호선,0281,상일동,1,출입구-승강장,8,6,6) 승차 (휠체어칸)
01,수도권,S1,5,5호선,0436,강일,1,출입구-승강장,1,1,1) (1F) 1번 출입구 옆 엘리베이터 탑승
01,수도권,S1,5,5호선,0436,강일,1,출입구-승강장,1,2,2) (B2) 대합실로 이동
01,수도권,S1,5,5호선,0436,강일,1,출입구-승강장,1,3,3) 표 내는 곳 통과
01,수도권,S1,5,5호선,0436,강일,1,출입구-승강장,1,4,4) 상일동 방면 엘리베이터 탑승
01,수도권,S1,5,5호선,0436,강일,1,출입구-승강장,1,5,5) (B3) 상일동 방면 승강장으로 이동
01,수도권,S1,5,5호선,0436,강일,1,출입구-승강장,1,6,6) 승차 (휠체어칸)
01,수도권,S1,5,5호선,0436,강일,1,출입구-승강장,2,1,1) (1F) 1번 출입구 옆 엘리베이터 탑승
01,수도권,S1,5,5호선,0436,강일,1,출입구-승강장,2,2,2) (B2) 대합실로 이동
01,수도권,S1,5,5호선,0436,강일,1,출입구-승강장,2,3,3) 표 내는 곳 통과
01,수도권,S1,5,5호선,0436,강일,1,출입구-승강장,2,4,4) 미사 방면 엘리베이터 탑승
01,수도권,S1,5,5호선,0436,강일,1,출입구-승강장,2,5,5) (B3) 미사 방면 승강장으로 이동
01,수도권,S1,5,5호선,0436,강일,1,출입구-승강장,2,6,6) 승차 (휠체어칸)
01,수도권,S1,5,5호선,0436,강일,1,출입구-승강장,3,1,1) (1F) 2번 출입구 옆 엘리베이터 탑승
01,수도권,S1,5,5호선,0436,강일,1,출입구-승강장,3,2,2) (B2) 대합실로 이동
01,수도권,S1,5,5호선,0436,강일,1,출입구-승강장,3,3,3) 표 내는 곳 통과
01,수도권,S1,5,5호선,0436,강일,1,출입구-승강장,3,4,4) 상일동 방면 엘리베이터 탑승
01,수도권,S1,5,5호선,0436,강일,1,출입구-승강장,3,5,5) (B3) 상일동 방면 승강장으로 이동
01,수도권,S1,5,5호선,0436,강일,1,출입구-승강장,3,6,6) 승차 (휠체어칸)
01,수도권,S1,5,5호선,0436,강일,1,출입구-승강장,4,1,1) (1F) 2번 출입구 옆 엘리베이터 탑승
01,수도권,S1,5,5호선,0436,강일,1,출입구-승강장,4,2,2) (B2) 대합실로 이동
01,수도권,S1,5,5호선,0436,강일,1,출입구-승강장,4,3,3) 표 내는 곳 통과
01,수도권,S1,5,5호선,0436,강일,1,출입구-승강장,4,4,4) 미사 방면 엘리베이터 탑승
01,수도권,S1,5,5호선,0436,강일,1,출입구-승강장,4,5,5) (B3) 미사 방면 승강장으로 이동
01,수도권,S1,5,5호선,0436,강일,1,출입구-승강장,4,6,6) 승차 (휠체어칸)
01,수도권,S1,5,5호선,0436,강일,1,출입구-승강장,5,1,1) (1F) 3번 출입구 옆 엘리베이터 탑승
01,수도권,S1,5,5호선,0436,강일,1,출입구-승강장,5,2,2) (B2) 대합실로 이동
01,수도권,S1,5,5호선,0436,강일,1,출입구-승강장,5,3,3) 표 내는 곳 통과
01,수도권,S1,5,5호선,0436,강일,1,출입구-승강장,5,4,4) 상일동 방면 엘리베이터 탑승
01,수도권,S1,5,5호선,0436,강일,1,출입구-승강장,5,5,5) (B3) 상일동 방면 승강장으로 이동
01,수도권,S1,5,5호선,0436,강일,1,출입구-승강장,5,6,6) 승차 (휠체어칸)
01,수도권,S1,5,5호선,0436,강일,1,출입구-승강장,6,1,1) (1F) 3번 출입구 옆 엘리베이터 탑승
01,수도권,S1,5,5호선,0436,강일,1,출입구-승강장,6,2,2) (B2) 대합실로 이동
01,수도권,S1,5,5호선,0436,강일,1,출입구-승강장,6,3,3) 표 내는 곳 통과
01,수도권,S1,5,5호선,0436,강일,1,출입구-승강장,6,4,4) 미사 방면 엘리베이터 탑승
01,수도권,S1,5,5호선,0436,강일,1,출입구-승강장,6,5,5) (B3) 미사 방면 승강장으로 이동
01,수도권,S1,5,5호선,0436,강일,1,출입구-승강장,6,6,6) 승차 (휠체어칸)
01,수도권,S1,5,5호선,0436,강일,1,출입구-승강장,7,1,1) (1F) 4번 출입구 옆 엘리베이터 탑승
01,수도권,S1,5,5호선,0436,강일,1,출입구-승강장,7,2,2) (B2) 대합실로 이동
01,수도권,S1,5,5호선,0436,강일,1,출입구-승강장,7,3,3) 표 내는 곳 통과
01,수도권,S1,5,5호선,0436,강일,1,출입구-승강장,7,4,4) 상일동 방면 엘리베이터 탑승
01,수도권,S1,5,5호선,0436,강일,1,출입구-승강장,7,5,5) (B3) 상일동 방면 승강장으로 이동
01,수도권,S1,5,5호선,0436,강일,1,출입구-승강장,7,6,6) 승차 (휠체어칸)
01,수도권,S1,5,5호선,0436,강일,1,출입구-승강장,8,1,1) (1F) 4번 출입구 옆 엘리베이터 탑승
01,수도권,S1,5,5호선,0436,강일,1,출입구-승강장,8,2,2) (B2) 대합실로 이동
01,수도권,S1,5,5호선,0436,강일,1,출입구-승강장,8,3,3) 표 내는 곳 통과
01,수도권,S1,5,5호선,0436,강일,1,출입구-승강장,8,4,4) 미사 방면 엘리베이터 탑승
01,수도권,S1,5,5호선,0436,강일,1,출입구-승강장,8,5,5) (B3) 미사 방면 승강장으로 이동
01,수도권,S1,5,5호선,0436,강일,1,출입구-승강장,8,6,6) 승차 (휠체어칸)
01,수도권,S1,5,5호선,0475,미사,1,출입구-승강장,1,1,1) (1F) 1번 출입구 옆 엘리베이터 탑승
01,수도권,S1,5,5호선,0475,미사,1,출입구-승강장,1,2,2) (B1) 대합실로 이동
01,수도권,S1,5,5호선,0475,미사,1,출입구-승강장,1,3,3) 표 내는 곳 통과
01,수도권,S1,5,5호선,0475,미사,1,출입구-승강장,1,4,4) 강일 방면 엘리베이터 탑승
01,수도권,S1,5,5호선,0475,미사,1,출입구-승강장,1,5,5) (B2) 강일 방면 승강장으로 이동
01,수도권,S1,5,5호선,0475,미사,1,출입구-승강장,1,6,6) 승차 (휠체어칸)
01,수도권,S1,5,5호선,0475,미사,1,출입구-승강장,2,1,1) (1F) 1번 출입구 옆 엘리베이터 탑승
01,수도권,S1,5,5호선,0475,미사,1,출입구-승강장,2,2,2) (B1) 대합실로 이동
01,수도권,S1,5,5호선,0475,미사,1,출입구-승강장,2,3,3) 표 내는 곳 통과
01,수도권,S1,5,5호선,0475,미사,1,출입구-승강장,2,4,4) 하남풍산 방면 엘리베이터 탑승
01,수도권,S1,5,5호선,0475,미사,1,출입구-승강장,2,5,5) (B2) 하남풍산 방면 승강장으로 이동
01,수도권,S1,5,5호선,0475,미사,1,출입구-승강장,2,6,6) 승차 (휠체어칸)
01,수도권,S1,5,5호선,0475,미사,1,출입구-승강장,3,1,1) (1F) 6번 출입구 옆 엘리베이터 탑승
01,수도권,S1,5,5호선,0475,미사,1,출입구-승강장,3,2,2) (B1) 대합실로 이동
01,수도권,S1,5,5호선,0475,미사,1,출입구-승강장,3,3,3) 표 내는 곳 통과
01,수도권,S1,5,5호선,0475,미사,1,출입구-승강장,3,4,4) 강일 방면 엘리베이터 탑승
01,수도권,S1,5,5호선,0475,미사,1,출입구-승강장,3,5,5) (B2) 강일 방면 승강장으로 이동
01,수도권,S1,5,5호선,0475,미사,1,출입구-승강장,3,6,6) 승차 (휠체어칸)
01,수도권,S1,5,5호선,0475,미사,1,출입구-승강장,4,1,1) (1F) 6번 출입구 옆 엘리베이터 탑승
01,수도권,S1,5,5호선,0475,미사,1,출입구-승강장,4,2,2) (B1) 대합실로 이동
01,수도권,S1,5,5호선,0475,미사,1,출입구-승강장,4,3,3) 표 내는 곳 통과
01,수도권,S1,5,5호선,0475,미사,1,출입구-승강장,4,4,4) 하남풍산 방면 엘리베이터 탑승
01,수도권,S1,5,5호선,0475,미사,1,출입구-승강장,4,5,5) (B2) 하남풍산 방면 승강장으로 이동
01,수도권,S1,5,5호선,0475,미사,1,출입구-승강장,4,6,6) 승차 (휠체어칸)
01,수도권,S1,5,5호선,0478,하남풍산,1,출입구-승강장,1,1,1) (1F) 1번 출입구 옆 엘리베이터 탑승
01,수도권,S1,5,5호선,0478,하남풍산,1,출입구-승강장,1,2,2) (B1) 대합실로 이동
01,수도권,S1,5,5호선,0478,하남풍산,1,출입구-승강장,1,3,3) 표 내는 곳 통과
01,수도권,S1,5,5호선,0478,하남풍산,1,출입구-승강장,1,4,4) 미사 방면 엘리베이터 탑승
01,수도권,S1,5,5호선,0478,하남풍산,1,출입구-승강장,1,5,5) (B2) 미사 방면 승강장으로 이동
01,수도권,S1,5,5호선,0478,하남풍산,1,출입구-승강장,1,6,6) 승차 (휠체어칸)
01,수도권,S1,5,5호선,0478,하남풍산,1,출입구-승강장,2,1,1) (1F) 1번 출입구 옆 엘리베이터 탑승
01,수도권,S1,5,5호선,0478,하남풍산,1,출입구-승강장,2,2,2) (B1) 대합실로 이동
01,수도권,S1,5,5호선,0478,하남풍산,1,출입구-승강장,2,3,3) 표 내는 곳 통과
01,수도권,S1,5,5호선,0478,하남풍산,1,출입구-승강장,2,4,4) 하남시청 방면 엘리베이터 탑승
01,수도권,S1,5,5호선,0478,하남풍산,1,출입구-승강장,2,5,5) (B2) 하남시청 방면 승강장으로 이동
01,수도권,S1,5,5호선,0478,하남풍산,1,출입구-승강장,2,6,6) 승차 (휠체어칸)
01,수도권,S1,5,5호선,0478,하남풍산,1,출입구-승강장,3,1,1) (1F) 5번 출입구 옆 엘리베이터 탑승
01,수도권,S1,5,5호선,0478,하남풍산,1,출입구-승강장,3,2,2) (B1) 대합실로 이동
01,수도권,S1,5,5호선,0478,하남풍산,1,출입구-승강장,3,3,3) 표 내는 곳 통과
01,수도권,S1,5,5호선,0478,하남풍산,1,출입구-승강장,3,4,4) 미사 방면 엘리베이터 탑승
01,수도권,S1,5,5호선,0478,하남풍산,1,출입구-승강장,3,5,5) (B2) 미사 방면 승강장으로 이동
01,수도권,S1,5,5호선,0478,하남풍산,1,출입구-승강장,3,6,6) 승차 (휠체어칸)
01,수도권,S1,5,5호선,0478,하남풍산,1,출입구-승강장,4,1,1) (1F) 5번 출입구 옆 엘리베이터 탑승
01,수도권,S1,5,5호선,0478,하남풍산,1,출입구-승강장,4,2,2) (B1) 대합실로 이동
01,수도권,S1,5,5호선,0478,하남풍산,1,출입구-승강장,4,3,3) 표 내는 곳 통과
01,수도권,S1,5,5호선,0478,하남풍산,1,출입구-승강장,4,4,4) 하남시청 방면 엘리베이터 탑승
01,수도권,S1,5,5호선,0478,하남풍산,1,출입구-승강장,4,5,5) (B2) 하남시청 방면 승강장으로 이동
01,수도권,S1,5,5호선,0478,하남풍산,1,출입구-승강장,4,6,6) 승차 (휠체어칸)
01,수도권,S1,5,5호선,0478,하남풍산,1,출입구-승강장,5,1,1) (1F) 7번/8번 출입구 사이 엘리베이터 탑승
01,수도권,S1,5,5호선,0478,하남풍산,1,출입구-승강장,5,2,2) (B1) 대합실로 이동
01,수도권,S1,5,5호선,0478,하남풍산,1,출입구-승강장,5,3,3) 표 내는 곳 통과
01,수도권,S1,5,5호선,0478,하남풍산,1,출입구-승강장,5,4,4) 미사 방면 엘리베이터 탑승
01,수도권,S1,5,5호선,0478,하남풍산,1,출입구-승강장,5,5,5) (B2) 미사 방면 승강장으로 이동
01,수도권,S1,5,5호선,0478,하남풍산,1,출입구-승강장,5,6,6) 승차 (휠체어칸)
01,수도권,S1,5,5호선,0478,하남풍산,1,출입구-승강장,6,1,1) (1F) 7번/8번 출입구 사이 엘리베이터 탑승
01,수도권,S1,5,5호선,0478,하남풍산,1,출입구-승강장,6,2,2) (B1) 대합실로 이동
01,수도권,S1,5,5호선,0478,하남풍산,1,출입구-승강장,6,3,3) 표 내는 곳 통과
01,수도권,S1,5,5호선,0478,하남풍산,1,출입구-승강장,6,4,4) 하남시청 방면 엘리베이터 탑승
01,수도권,S1,5,5호선,0478,하남풍산,1,출입구-승강장,6,5,5) (B2) 하남시청 방면 승강장으로 이동
01,수도권,S1,5,5호선,0478,하남풍산,1,출입구-승강장,6,6,6) 승차 (휠체어칸)
01,수도권,S1,5,5호선,0482,하남시청,1,출입구-승강장,1,1,1) (1F) 3번 출입구 옆 엘리베이터 탑승
01,수도권,S1,5,5호선,0482,하남시청,1,출입구-승강장,1,2,2) (B1) 대합실로 이동
01,수도권,S1,5,5호선,0482,하남시청,1,출입구-승강장,1,3,3) 표 내는 곳 통과
01,수도권,S1,5,5호선,0482,하남시청,1,출입구-승강장,1,4,4) 하남풍산 방면 엘리베이터 탑승
01,수도권,S1,5,5호선,0482,하남시청,1,출입구-승강장,1,5,5) (B2) 하남풍산 방면 승강장으로 이동
01,수도권,S1,5,5호선,0482,하남시청,1,출입구-승강장,1,6,6) 승차 (휠체어칸)
01,수도권,S1,5,5호선,0482,하남시청,1,출입구-승강장,2,1,1) (1F) 3번 출입구 옆 엘리베이터 탑승
01,수도권,S1,5,5호선,0482,하남시청,1,출입구-승강장,2,2,2) (B1) 대합실로 이동
01,수도권,S1,5,5호선,0482,하남시청,1,출입구-승강장,2,3,3) 표 내는 곳 통과
01,수도권,S1,5,5호선,0482,하남시청,1,출입구-승강장,2,4,4) 하남검단산 방면 엘리베이터 탑승
01,수도권,S1,5,5호선,0482,하남시청,1,출입구-승강장,2,5,5) (B2) 하남검단산 방면 승강장으로 이동
01,수도권,S1,5,5호선,0482,하남시청,1,출입구-승강장,2,6,6) 승차 (휠체어칸)
01,수도권,S1,5,5호선,0482,하남시청,1,출입구-승강장,3,1,1) (1F) 5번 출입구 옆 엘리베이터 탑승
01,수도권,S1,5,5호선,0482,하남시청,1,출입구-승강장,3,2,2) (B1) 대합실로 이동
01,수도권,S1,5,5호선,0482,하남시청,1,출입구-승강장,3,3,3) 표 내는 곳 통과
01,수도권,S1,5,5호선,0482,하남시청,1,출입구-승강장,3,4,4) 하남풍산 방면 엘리베이터 탑승
01,수도권,S1,5,5호선,0482,하남시청,1,출입구-승강장,3,5,5) (B2) 하남풍산 방면 승강장으로 이동
01,수도권,S1,5,5호선,0482,하남시청,1,출입구-승강장,3,6,6) 승차 (휠체어칸)
01,수도권,S1,5,5호선,0482,하남시청,1,출입구-승강장,4,1,1) (1F) 5번 출입구 옆 엘리베이터 탑승
01,수도권,S1,5,5호선,0482,하남시청,1,출입구-승강장,4,2,2) (B1) 대합실로 이동
01,수도권,S1,5,5호선,0482,하남시청,1,출입구-승강장,4,3,3) 표 내는 곳 통과
01,수도권,S1,5,5호선,0482,하남시청,1,출입구-승강장,4,4,4) 하남검단산 방면 엘리베이터 탑승
01,수도권,S1,5,5호선,0482,하남시청,1,출입구-승강장,4,5,5) (B2) 하남검단산 방면 승강장으로 이동
01,수도권,S1,5,5호선,0482,하남시청,1,출입구-승강장,4,6,6) 승차 (휠체어칸)
01,수도권,S1,5,5호선,0489,하남검단산역,1,출입구-승강장,1,1,1) (1F) 1번 출입구 옆 엘리베이터 탑승
01,수도권,S1,5,5호선,0489,하남검단산역,1,출입구-승강장,1,2,2) (B1) 대합실로 이동
01,수도권,S1,5,5호선,0489,하남검단산역,1,출입구-승강장,1,3,3) 표 내는 곳 통과
01,수도권,S1,5,5호선,0489,하남검단산역,1,출입구-승강장,1,4,4) 하남시청 방면 엘리베이터 탑승
01,수도권,S1,5,5호선,0489,하남검단산역,1,출입구-승강장,1,5,5) (B3) 하남시청 방면 승강장으로 이동
01,수도권,S1,5,5호선,0489,하남검단산역,1,출입구-승강장,1,6,6) 승차 (휠체어칸)
01,수도권,S1,5,5호선,0489,하남검단산역,1,출입구-승강장,2,1,1) (1F) 4번 출입구 옆 엘리베이터 탑승
01,수도권,S1,5,5호선,0489,하남검단산역,1,출입구-승강장,2,2,2) (B1) 대합실로 이동
01,수도권,S1,5,5호선,0489,하남검단산역,1,출입구-승강장,2,3,3) 표 내는 곳 통과
01,수도권,S1,5,5호선,0489,하남검단산역,1,출입구-승강장,2,4,4) 하남시청 방면 엘리베이터 탑승
01,수도권,S1,5,5호선,0489,하남검단산역,1,출입구-승강장,2,5,5) (B3) 하남시청 방면 승강장으로 이동
01,수도권,S1,5,5호선,0489,하남검단산역,1,출입구-승강장,2,6,6) 승차 (휠체어칸)
01,수도권,S1,5,5호선,0172,둔촌동,1,출입구-승강장,1,1,1) (1F) 3번/4번 출입구 사이 엘리베이터 탑승
01,수도권,S1,5,5호선,0172,둔촌동,1,출입구-승강장,1,2,2) (B1) 대합실로 이동
01,수도권,S1,5,5호선,0172,둔촌동,1,출입구-승강장,1,3,3) 표 내는 곳 통과
01,수도권,S1,5,5호선,0172,둔촌동,1,출입구-승강장,1,4,4) 강동 방면 엘리베이터 탑승
01,수도권,S1,5,5호선,0172,둔촌동,1,출입구-승강장,1,5,5) (B2) 강동 방면 승강장으로 이동
01,수도권,S1,5,5호선,0172,둔촌동,1,출입구-승강장,1,6,6) 승차 (휠체어칸)
01,수도권,S1,5,5호선,0172,둔촌동,1,출입구-승강장,2,1,1) (1F) 3번/4번 출입구 사이 엘리베이터 탑승
01,수도권,S1,5,5호선,0172,둔촌동,1,출입구-승강장,2,2,2) (B1) 대합실로 이동
01,수도권,S1,5,5호선,0172,둔촌동,1,출입구-승강장,2,3,3) 표 내는 곳 통과
01,수도권,S1,5,5호선,0172,둔촌동,1,출입구-승강장,2,4,4) 올림픽공원 방면 엘리베이터 탑승
01,수도권,S1,5,5호선,0172,둔촌동,1,출입구-승강장,2,5,5) (B2) 올림픽공원 방면 승강장으로 이동
01,수도권,S1,5,5호선,0172,둔촌동,1,출입구-승강장,2,6,6) 승차 (휠체어칸)
01,수도권,S1,5,5호선,0172,둔촌동,1,출입구-승강장,3,1,1) (1F) 1번/2번 출입구 사이 엘리베이터 탑승
01,수도권,S1,5,5호선,0172,둔촌동,1,출입구-승강장,3,2,2) (B1) 대합실로 이동
01,수도권,S1,5,5호선,0172,둔촌동,1,출입구-승강장,3,3,3) 표 내는 곳 통과
01,수도권,S1,5,5호선,0172,둔촌동,1,출입구-승강장,3,4,4) 강동 방면 엘리베이터 탑승
01,수도권,S1,5,5호선,0172,둔촌동,1,출입구-승강장,3,5,5) (B2) 강동 방면 승강장으로 이동
01,수도권,S1,5,5호선,0172,둔촌동,1,출입구-승강장,3,6,6) 승차 (휠체어칸)
01,수도권,S1,5,5호선,0172,둔촌동,1,출입구-승강장,4,1,1) (1F) 1번/2번 출입구 사이 엘리베이터 탑승
01,수도권,S1,5,5호선,0172,둔촌동,1,출입구-승강장,4,2,2) (B1) 대합실로 이동
01,수도권,S1,5,5호선,0172,둔촌동,1,출입구-승강장,4,3,3) 표 내는 곳 통과
01,수도권,S1,5,5호선,0172,둔촌동,1,출입구-승강장,4,4,4) 올림픽공원 방면 엘리베이터 탑승
01,수도권,S1,5,5호선,0172,둔촌동,1,출입구-승강장,4,5,5) (B2) 올림픽공원 방면 승강장으로 이동
01,수도권,S1,5,5호선,0172,둔촌동,1,출입구-승강장,4,6,6) 승차 (휠체어칸)
01,수도권,S1,5,5호선,0438,올림픽공원,1,출입구-승강장,1,1,1) (1F) 2번 출입구 옆 엘리베이터 탑승
01,수도권,S1,5,5호선,0438,올림픽공원,1,출입구-승강장,1,2,2) (B1) 대합실로 이동
01,수도권,S1,5,5호선,0438,올림픽공원,1,출입구-승강장,1,3,3) 둔촌동 방면 엘리베이터 앞 표 내는 곳 통과
01,수도권,S1,5,5호선,0438,올림픽공원,1,출입구-승강장,1,4,4) 둔촌동 방면 엘리베이터 탑승
01,수도권,S1,5,5호선,0438,올림픽공원,1,출입구-승강장,1,5,5) (B2) 둔촌동 방면 승강장으로 이동
01,수도권,S1,5,5호선,0438,올림픽공원,1,출입구-승강장,1,6,6) 승차 (휠체어칸)
01,수도권,S1,5,5호선,0438,올림픽공원,1,출입구-승강장,2,1,1) (1F) 2번 출입구 옆 엘리베이터 탑승
01,수도권,S1,5,5호선,0438,올림픽공원,1,출입구-승강장,2,2,2) (B1) 대합실로 이동
01,수도권,S1,5,5호선,0438,올림픽공원,1,출입구-승강장,2,3,3) 방이 방면 엘리베이터 앞 표 내는 곳 통과
01,수도권,S1,5,5호선,0438,올림픽공원,1,출입구-승강장,2,4,4) 방이 방면 엘리베이터 탑승
01,수도권,S1,5,5호선,0438,올림픽공원,1,출입구-승강장,2,5,5) (B2) 방이 방면 승강장으로 이동
01,수도권,S1,5,5호선,0438,올림픽공원,1,출입구-승강장,2,6,6) 승차 (휠체어칸)
01,수도권,S1,5,5호선,0438,올림픽공원,3,환승,1,1,1) (B2) 5호선 둔촌동 방면 승강장 하차
01,수도권,S1,5,5호선,0438,올림픽공원,3,환승,1,2,2) 대합실 방향 엘리베이터 탑승
01,수도권,S1,5,5호선,0438,올림픽공원,3,환승,1,3,3) (B1) 대합실로 이동
01,수도권,S1,5,5호선,0438,올림픽공원,3,환승,1,4,4) 9호선 방향 환승통로로 이동
01,수도권,S1,5,5호선,0438,올림픽공원,3,환승,1,5,5) 9호선 대합실로 이동
01,수도권,S1,5,5호선,0438,올림픽공원,3,환승,1,6,6) 승강장 방향 엘리베이터 탑승
01,수도권,S1,5,5호선,0438,올림픽공원,3,환승,1,7,7) (B3) 9호선 둔촌오륜 방면 승강장으로 이동
01,수도권,S1,5,5호선,0438,올림픽공원,3,환승,1,8,8) 승차 (휠체어칸)
01,수도권,S1,5,5호선,0438,올림픽공원,3,환승,2,1,1) (B2) 5호선 둔촌동 방면 승강장 하차
01,수도권,S1,5,5호선,0438,올림픽공원,3,환승,2,2,2) 대합실 방향 엘리베이터 탑승
01,수도권,S1,5,5호선,0438,올림픽공원,3,환승,2,3,3) (B1) 대합실로 이동
01,수도권,S1,5,5호선,0438,올림픽공원,3,환승,2,4,4) 9호선 방향 환승통로로 이동
01,수도권,S1,5,5호선,0438,올림픽공원,3,환승,2,5,5) 9호선 대합실로 이동
01,수도권,S1,5,5호선,0438,올림픽공원,3,환승,2,6,6) 승강장 방향 엘리베이터 탑승
01,수도권,S1,5,5호선,0438,올림픽공원,3,환승,2,7,7) (B3) 9호선 한성백제 방면 승강장으로 이동
01,수도권,S1,5,5호선,0438,올림픽공원,3,환승,2,8,8) 승차 (휠체어칸)
01,수도권,S1,5,5호선,0438,올림픽공원,3,환승,3,1,1) 방이방면 승강장
01,수도권,S1,5,5호선,0438,올림픽공원,3,환승,3,2,"2) 환승통로로 이동, 9호선 B2 엘리베이터 탑승"
01,수도권,S1,5,5호선,0438,올림픽공원,3,환승,3,3,3) 엘리베이터 하차
01,수도권,S1,5,5호선,0438,올림픽공원,3,환승,3,4,4) 열차승차
01,수도권,S1,5,5호선,0438,올림픽공원,3,환승,4,1,1) 방이방면 승강장
01,수도권,S1,5,5호선,0438,올림픽공원,3,환승,4,2,"2) 환승통로로 이동, 9호선 B2 엘리베이터 탑승"
01,수도권,S1,5,5호선,0438,올림픽공원,3,환승,4,3,3) 엘리베이터 하차
01,수도권,S1,5,5호선,0438,올림픽공원,3,환승,4,4,4) 열차승차
01,수도권,S1,5,5호선,0219,방이,1,출입구-승강장,1,1,1) (1F) 1번 출입구 옆 엘리베이터 탑승
01,수도권,S1,5,5호선,0219,방이,1,출입구-승강장,1,2,2) (B1) 대합실로 이동
01,수도권,S1,5,5호선,0219,방이,1,출입구-승강장,1,3,3) 표 내는 곳 통과
01,수도권,S1,5,5호선,0219,방이,1,출입구-승강장,1,4,4) 올림픽공원 방면 엘리베이터 탑승
01,수도권,S1,5,5호선,0219,방이,1,출입구-승강장,1,5,5) (B2) 올림픽공원 방면 승강장으로 이동
01,수도권,S1,5,5호선,0219,방이,1,출입구-승강장,1,6,6) 승차 (휠체어칸)
01,수도권,S1,5,5호선,0219,방이,1,출입구-승강장,2,1,1) (1F) 1번 출입구 옆 엘리베이터 탑승
01,수도권,S1,5,5호선,0219,방이,1,출입구-승강장,2,2,2) (B1) 대합실로 이동
01,수도권,S1,5,5호선,0219,방이,1,출입구-승강장,2,3,3) 표 내는 곳 통과
01,수도권,S1,5,5호선,0219,방이,1,출입구-승강장,2,4,4) 오금 방면 엘리베이터 탑승
01,수도권,S1,5,5호선,0219,방이,1,출입구-승강장,2,5,5) (B2) 오금 방면 승강장으로 이동
01,수도권,S1,5,5호선,0219,방이,1,출입구-승강장,2,6,6) 승차 (휠체어칸)
01,수도권,S1,5,5호선,0219,방이,1,출입구-승강장,3,1,1) (1F) 3번 출입구 옆 엘리베이터 탑승
01,수도권,S1,5,5호선,0219,방이,1,출입구-승강장,3,2,2) (B1) 대합실로 이동
01,수도권,S1,5,5호선,0219,방이,1,출입구-승강장,3,3,3) 표 내는 곳 통과
01,수도권,S1,5,5호선,0219,방이,1,출입구-승강장,3,4,4) 올림픽공원 방면 엘리베이터 탑승
01,수도권,S1,5,5호선,0219,방이,1,출입구-승강장,3,5,5) (B2) 올림픽공원 방면 승강장으로 이동
01,수도권,S1,5,5호선,0219,방이,1,출입구-승강장,3,6,6) 승차 (휠체어칸)
01,수도권,S1,5,5호선,0219,방이,1,출입구-승강장,4,1,1) (1F) 3번 출입구 옆 엘리베이터 탑승
01,수도권,S1,5,5호선,0219,방이,1,출입구-승강장,4,2,2) (B1) 대합실로 이동
01,수도권,S1,5,5호선,0219,방이,1,출입구-승강장,4,3,3) 표 내는 곳 통과
01,수도권,S1,5,5호선,0219,방이,1,출입구-승강장,4,4,4) 오금 방면 엘리베이터 탑승
01,수도권,S1,5,5호선,0219,방이,1,출입구-승강장,4,5,5) (B2) 오금 방면 승강장으로 이동
01,수도권,S1,5,5호선,0219,방이,1,출입구-승강장,4,6,6) 승차 (휠체어칸)
01,수도권,S1,5,5호선,0426,오금,1,출입구-승강장,1,1,1) (1F) 1번 출입구 옆 엘리베이터 탑승
01,수도권,S1,5,5호선,0426,오금,1,출입구-승강장,1,2,2) (B1) 대합실로 이동
01,수도권,S1,5,5호선,0426,오금,1,출입구-승강장,1,3,3) 표 내는 곳 통과
01,수도권,S1,5,5호선,0426,오금,1,출입구-승강장,1,4,4) 방이 방면 엘리베이터 탑승
01,수도권,S1,5,5호선,0426,오금,1,출입구-승강장,1,5,5) (B2) 방이 방면 승강장으로 이동
01,수도권,S1,5,5호선,0426,오금,1,출입구-승강장,1,6,6) 승차 (휠체어칸)
01,수도권,S1,5,5호선,0426,오금,1,출입구-승강장,2,1,1) (1F) 1번 출입구 옆 엘리베이터 탑승
01,수도권,S1,5,5호선,0426,오금,1,출입구-승강장,2,2,2) (B1) 대합실로 이동
01,수도권,S1,5,5호선,0426,오금,1,출입구-승강장,2,3,3) 표 내는 곳 통과
01,수도권,S1,5,5호선,0426,오금,1,출입구-승강장,2,4,4) 개롱 방면 엘리베이터 탑승
01,수도권,S1,5,5호선,0426,오금,1,출입구-승강장,2,5,5) (B2) 개롱 방면 승강장으로 이동
01,수도권,S1,5,5호선,0426,오금,1,출입구-승강장,2,6,6) 승차 (휠체어칸)
01,수도권,S1,5,5호선,0426,오금,1,출입구-승강장,3,1,1) (1F) 5번 출입구 옆 엘리베이터 탑승
01,수도권,S1,5,5호선,0426,오금,1,출입구-승강장,3,2,2) (B1) 대합실로 이동
01,수도권,S1,5,5호선,0426,오금,1,출입구-승강장,3,3,3) 표 내는 곳 통과
01,수도권,S1,5,5호선,0426,오금,1,출입구-승강장,3,4,4) 방이 방면 엘리베이터 탑승
01,수도권,S1,5,5호선,0426,오금,1,출입구-승강장,3,5,5) (B2) 방이 방면 승강장으로 이동
01,수도권,S1,5,5호선,0426,오금,1,출입구-승강장,3,6,6) 승차 (휠체어칸)
01,수도권,S1,5,5호선,0426,오금,1,출입구-승강장,4,1,1) (1F) 5번 출입구 옆 엘리베이터 탑승
01,수도권,S1,5,5호선,0426,오금,1,출입구-승강장,4,2,2) (B1) 대합실로 이동
01,수도권,S1,5,5호선,0426,오금,1,출입구-승강장,4,3,3) 표 내는 곳 통과
01,수도권,S1,5,5호선,0426,오금,1,출입구-승강장,4,4,4) 개롱 방면 엘리베이터 탑승
01,수도권,S1,5,5호선,0426,오금,1,출입구-승강장,4,5,5) (B2) 개롱 방면 승강장으로 이동
01,수도권,S1,5,5호선,0426,오금,1,출입구-승강장,4,6,6) 승차 (휠체어칸)
01,수도권,S1,5,5호선,0426,오금,3,환승,1,1,1) (B2) 5호선 방이 방면 승강장 하차
01,수도권,S1,5,5호선,0426,오금,3,환승,1,2,2) 3호선 환승통로 방향 엘리베이터 탑승
01,수도권,S1,5,5호선,0426,오금,3,환승,1,3,3) (B3) 3호선 환승통로로 이동
01,수도권,S1,5,5호선,0426,오금,3,환승,1,4,4) 3호선 경찰병원 방면 엘리베이터 탑승
01,수도권,S1,5,5호선,0426,오금,3,환승,1,5,5) (B4) 3호선 경찰병원 방면 승강장으로 이동
01,수도권,S1,5,5호선,0426,오금,3,환승,1,6,6) 승차 (휠체어칸)
01,수도권,S1,5,5호선,0426,오금,3,환승,2,1,1) (B2) 5호선 개롱 방면 승강장 하차
01,수도권,S1,5,5호선,0426,오금,3,환승,2,2,2) 3호선 환승통로 방향 엘리베이터 탑승
01,수도권,S1,5,5호선,0426,오금,3,환승,2,3,3) (B3) 3호선 환승통로로 이동
01,수도권,S1,5,5호선,0426,오금,3,환승,2,4,4) 3호선 경찰병원 방면 엘리베이터 탑승
01,수도권,S1,5,5호선,0426,오금,3,환승,2,5,5) (B4) 3호선 경찰병원 방면 승강장으로 이동
01,수도권,S1,5,5호선,0426,오금,3,환승,2,6,6) 승차 (휠체어칸)
01,수도권,S1,5,5호선,0025,개롱,1,출입구-승강장,1,1,1) (1F) 3번 출입구 옆 엘리베이터 탑승
01,수도권,S1,5,5호선,0025,개롱,1,출입구-승강장,1,2,2) (B1) 대합실로 이동
01,수도권,S1,5,5호선,0025,개롱,1,출입구-승강장,1,3,3) 표 내는 곳 통과
01,수도권,S1,5,5호선,0025,개롱,1,출입구-승강장,1,4,4) 오금 방면 엘리베이터 탑승
01,수도권,S1,5,5호선,0025,개롱,1,출입구-승강장,1,5,5) (B2) 오금 방면 승강장으로 이동
01,수도권,S1,5,5호선,0025,개롱,1,출입구-승강장,1,6,6) 승차 (휠체어칸)
01,수도권,S1,5,5호선,0025,개롱,1,출입구-승강장,2,1,1) (1F) 3번 출입구 옆 엘리베이터 탑승
01,수도권,S1,5,5호선,0025,개롱,1,출입구-승강장,2,2,2) (B1) 대합실로 이동
01,수도권,S1,5,5호선,0025,개롱,1,출입구-승강장,2,3,3) 표 내는 곳 통과
01,수도권,S1,5,5호선,0025,개롱,1,출입구-승강장,2,4,4) 거여 방면 엘리베이터 탑승
01,수도권,S1,5,5호선,0025,개롱,1,출입구-승강장,2,5,5) (B2) 거여 방면 승강장으로 이동
01,수도권,S1,5,5호선,0025,개롱,1,출입구-승강장,2,6,6) 승차 (휠체어칸)
01,수도권,S1,5,5호선,0030,거여,1,출입구-승강장,1,1,1) (1F) 1번 출입구 옆 엘리베이터 탑승
01,수도권,S1,5,5호선,0030,거여,1,출입구-승강장,1,2,2) (B1) 대합실로 이동
01,수도권,S1,5,5호선,0030,거여,1,출입구-승강장,1,3,3) 개롱 방면 엘리베이터 앞 표 내는 곳 통과
01,수도권,S1,5,5호선,0030,거여,1,출입구-승강장,1,4,4) 개롱 방면 엘리베이터 탑승
01,수도권,S1,5,5호선,0030,거여,1,출입구-승강장,1,5,5) (B2) 개롱 방면 승강장으로 이동
01,수도권,S1,5,5호선,0030,거여,1,출입구-승강장,1,6,6) 승차 (휠체어칸)
01,수도권,S1,5,5호선,0030,거여,1,출입구-승강장,2,1,1) (1F) 1번 출입구 옆 엘리베이터 탑승
01,수도권,S1,5,5호선,0030,거여,1,출입구-승강장,2,2,2) (B1) 대합실로 이동
01,수도권,S1,5,5호선,0030,거여,1,출입구-승강장,2,3,3) 마천 방면 엘리베이터 앞 표 내는 곳 통과
01,수도권,S1,5,5호선,0030,거여,1,출입구-승강장,2,4,4) 마천 방면 엘리베이터 탑승
01,수도권,S1,5,5호선,0030,거여,1,출입구-승강장,2,5,5) (B2) 마천 방면 승강장으로 이동
01,수도권,S1,5,5호선,0030,거여,1,출입구-승강장,2,6,6) 승차 (휠체어칸)
01,수도권,S1,5,5호선,0184,마천,1,출입구-승강장,1,1,1) (1F) 1번 출입구 경사엘리베이터 탑승
01,수도권,S1,5,5호선,0184,마천,1,출입구-승강장,1,2,2) (B1) 대합실로 이동
01,수도권,S1,5,5호선,0184,마천,1,출입구-승강장,1,3,3) E/L 전용 게이트(개집표기) 교통카드 태그 후 거여 방면 엘리베이터 탑승
01,수도권,S1,5,5호선,0184,마천,1,출입구-승강장,1,4,4) (B4) 거여 방면 승강장으로 이동
01,수도권,S1,5,5호선,0184,마천,1,출입구-승강장,1,5,5) 승차 (휠체어칸)
01,수도권,S1,5,5호선,0184,마천,1,출입구-승강장,2,1,1) 지하4층 마천 종착역 승강장
01,수도권,S1,5,5호선,0184,마천,1,출입구-승강장,2,2,2) (B4) 지하1층 대합실 방면 엘리베이터 탑승
01,수도권,S1,5,5호선,0184,마천,1,출입구-승강장,2,3,3) (B1) 지하1층 대합실로 이동 후 E/L 전용 게이트(개집표기) 교통카드 태그
01,수도권,S1,5,5호선,0184,마천,1,출입구-승강장,2,4,4) B1) 1번 출입구 방향 경사엘리베이터 탑승
01,수도권,S1,5,5호선,0184,마천,1,출입구-승강장,2,5,5) F1) 지상1층 1번 출입구
01,수도권,S1,6,6호선,0468,응암,1,출입구-승강장,1,1,1) (1F) 4번 출입구 옆 엘리베이터 탑승
01,수도권,S1,6,6호선,0468,응암,1,출입구-승강장,1,2,2) (B1) 대합실로 이동
01,수도권,S1,6,6호선,0468,응암,1,출입구-승강장,1,3,3) 표 내는 곳 통과
01,수도권,S1,6,6호선,0468,응암,1,출입구-승강장,1,4,4) 승강장 방향 엘리베이터 탑승
01,수도권,S1,6,6호선,0468,응암,1,출입구-승강장,1,5,5) (B2) 새절 방면 승강장으로 이동
01,수도권,S1,6,6호선,0468,응암,1,출입구-승강장,1,6,6) 승차 (휠체어칸)
01,수도권,S1,6,6호선,0468,응암,1,출입구-승강장,2,1,1) (1F) 4번 출입구 옆 엘리베이터 탑승
01,수도권,S1,6,6호선,0468,응암,1,출입구-승강장,2,2,2) (B1) 대합실로 이동
01,수도권,S1,6,6호선,0468,응암,1,출입구-승강장,2,3,3) 표 내는 곳 통과
01,수도권,S1,6,6호선,0468,응암,1,출입구-승강장,2,4,4) 승강장 방향 엘리베이터 탑승
01,수도권,S1,6,6호선,0468,응암,1,출입구-승강장,2,5,5) (B2) 역촌 방면 승강장으로 이동
01,수도권,S1,6,6호선,0468,응암,1,출입구-승강장,2,6,6) 승차 (휠체어칸)
01,수도권,S1,6,6호선,0468,응암,3,환승,1,1,1) 6호선 새절 방면 승강장 하차
01,수도권,S1,6,6호선,0468,응암,3,환승,1,2,2) 6호선 역촌 방면 승강장으로 이동
01,수도권,S1,6,6호선,0468,응암,3,환승,1,3,3) 승차 (휠체어칸)
01,수도권,S1,6,6호선,0468,응암,3,환승,2,1,1) 6호선 역촌 방면 승강장 하차
01,수도권,S1,6,6호선,0468,응암,3,환승,2,2,2) 6호선 새절 방면 승강장으로 이동
01,수도권,S1,6,6호선,0468,응암,3,환승,2,3,3) 승차 (휠체어칸)
01,수도권,S1,6,6호선,0416,역촌,1,출입구-승강장,1,1,1) (1F) 4번 출입구 옆 엘리베이터 탑승
01,수도권,S1,6,6호선,0416,역촌,1,출입구-승강장,1,2,2) (B1) 대합실로 이동
01,수도권,S1,6,6호선,0416,역촌,1,출입구-승강장,1,3,3) 엘리베이터 옆 표 내는 곳 통과(카드태그 방향 주의)
01,수도권,S1,6,6호선,0416,역촌,1,출입구-승강장,1,4,4) 승강장 방향 엘리베이터 탑승
01,수도권,S1,6,6호선,0416,역촌,1,출입구-승강장,1,5,5) (B4) 승강장으로 이동
01,수도권,S1,6,6호선,0416,역촌,1,출입구-승강장,1,6,6) (B4) 불광 방면 승강장으로 이동
01,수도권,S1,6,6호선,0416,역촌,1,출입구-승강장,1,7,7) 승차 (휠체어칸)
01,수도권,S1,6,6호선,0255,불광,1,출입구-승강장,1,1,1) (1F) 8번 출입구 옆 엘리베이터 탑승
01,수도권,S1,6,6호선,0255,불광,1,출입구-승강장,1,2,2) (B1) 대합실로 이동
01,수도권,S1,6,6호선,0255,불광,1,출입구-승강장,1,3,3) 표 내는 곳 통과
01,수도권,S1,6,6호선,0255,불광,1,출입구-승강장,1,4,4) 승강장 방향 엘리베이터 탑승
01,수도권,S1,6,6호선,0255,불광,1,출입구-승강장,1,5,5) (B4) 독바위 방면 승강장으로 이동
01,수도권,S1,6,6호선,0255,불광,1,출입구-승강장,1,6,6) 승차 (휠체어칸)
01,수도권,S1,6,6호선,0255,불광,3,환승,3,1,1) (B4) 6호선 독바위 방면 승강장 하차
01,수도권,S1,6,6호선,0255,불광,3,환승,3,2,2) 3호선 연신내 방면 환승통로 방향 엘리베이터 탑승
01,수도권,S1,6,6호선,0255,불광,3,환승,3,3,3) (B2) 환승통로로 이동
01,수도권,S1,6,6호선,0255,불광,3,환승,3,4,4) 연신내 방면 승강장 방향 휠체어리프트 탑승
01,수도권,S1,6,6호선,0255,불광,3,환승,3,5,5) (B2) 3호선 연신내 방면 승강장으로 이동
01,수도권,S1,6,6호선,0255,불광,3,환승,3,6,6) 승차 (휠체어칸)
01,수도권,S1,6,6호선,0255,불광,3,환승,4,1,1) (B4) 6호선 독바위 방면 승강장 하차
01,수도권,S1,6,6호선,0255,불광,3,환승,4,2,2) 3호선 녹번 방면 환승통로 방향 엘리베이터 탑승
01,수도권,S1,6,6호선,0255,불광,3,환승,4,3,3) (B2) 환승통로로 이동
01,수도권,S1,6,6호선,0255,불광,3,환승,4,4,4) 녹번 방면 승강장 방향 휠체어리프트 탑승
01,수도권,S1,6,6호선,0255,불광,3,환승,4,5,5) (B2) 3호선 녹번 방면 승강장으로 이동
01,수도권,S1,6,6호선,0255,불광,3,환승,4,6,6) 승차 (휠체어칸)
01,수도권,S1,6,6호선,0151,독바위,1,출입구-승강장,1,1,1) 1번 출입구옆 지상1층 엘리베이터 탑승
01,수도권,S1,6,6호선,0151,독바위,1,출입구-승강장,1,2,2) 지하1층 대합실 이동
01,수도권,S1,6,6호선,0151,독바위,1,출입구-승강장,1,3,3) 표내는 곳 통과
01,수도권,S1,6,6호선,0151,독바위,1,출입구-승강장,1,4,4) 승강장방향 엘리베이터 탑승
01,수도권,S1,6,6호선,0151,독바위,1,출입구-승강장,1,5,5) B6층 승강장 엘리베이터 하차
01,수도권,S1,6,6호선,0151,독바위,1,출입구-승강장,1,6,6) 연신내 방면 승강장 이동 승차 (휠체어칸)
01,수도권,S1,6,6호선,0418,연신내,1,출입구-승강장,2,1,1) (1F) 6번출구 엘리베이터 탑승
01,수도권,S1,6,6호선,0418,연신내,1,출입구-승강장,2,2,2) (B1) 대합실로 이동
01,수도권,S1,6,6호선,0418,연신내,1,출입구-승강장,2,3,3) 엘리베이터 앞 표 내는 곳 통과
01,수도권,S1,6,6호선,0418,연신내,1,출입구-승강장,2,4,4) 승강장 방향 엘리베이터 탑승
01,수도권,S1,6,6호선,0418,연신내,1,출입구-승강장,2,5,5) (B5) 승강장으로 이동
01,수도권,S1,6,6호선,0418,연신내,1,출입구-승강장,2,6,6) 구산 방면 승강장으로 이동
01,수도권,S1,6,6호선,0418,연신내,1,출입구-승강장,2,7,7) 승차 (휠체어칸)
01,수도권,S1,6,6호선,0418,연신내,3,환승,3,1,1) (B5) 6호선 구산 방면 승강장 하차
01,수도권,S1,6,6호선,0418,연신내,3,환승,3,2,2) 대합실 방향 엘리베이터 탑승
01,수도권,S1,6,6호선,0418,연신내,3,환승,3,3,3) (B1) 대합실로 이동
01,수도권,S1,6,6호선,0418,연신내,3,환승,3,4,4) 3호선 승강장 방향 엘리베이터 탑승
01,수도권,S1,6,6호선,0418,연신내,3,환승,3,5,5) (B2) 3호선 구파발 방면 승강장으로 이동
01,수도권,S1,6,6호선,0418,연신내,3,환승,3,6,6) 승차 (휠체어칸)
01,수도권,S1,6,6호선,0418,연신내,3,환승,4,1,1) (B5) 6호선 구산 방면 승강장 하차
01,수도권,S1,6,6호선,0418,연신내,3,환승,4,2,2) 대합실 방향 엘리베이터 탑승
01,수도권,S1,6,6호선,0418,연신내,3,환승,4,3,3) (B1) 대합실로 이동
01,수도권,S1,6,6호선,0418,연신내,3,환승,4,4,4) 3호선 승강장 방향 엘리베이터 탑승
01,수도권,S1,6,6호선,0418,연신내,3,환승,4,5,5) (B2) 3호선 불광 방면 승강장으로 이동
01,수도권,S1,6,6호선,0418,연신내,3,환승,4,6,6) 승차 (휠체어칸)
01,수도권,S1,6,6호선,0074,구산,1,출입구-승강장,1,1,1) (1F) 4번 출입구 옆 외부엘리베이터 탑승
01,수도권,S1,6,6호선,0074,구산,1,출입구-승강장,1,2,2) (B1) 대합실로 이동
01,수도권,S1,6,6호선,0074,구산,1,출입구-승강장,1,3,3) 표 내는 곳 통과
01,수도권,S1,6,6호선,0074,구산,1,출입구-승강장,1,4,4) 승강장 방향 내부엘리베이터 탑승
01,수도권,S1,6,6호선,0074,구산,1,출입구-승강장,1,5,5) (B4) 대합실로 이동
01,수도권,S1,6,6호선,0074,구산,1,출입구-승강장,1,6,6) 응암 방면 승강장으로 이동
01,수도권,S1,6,6호선,0074,구산,1,출입구-승강장,1,7,7) 승차 (휠체어칸)
01,수도권,S1,6,6호선,0285,새절,1,출입구-승강장,1,1,1) (1F) 1번/2번 출입구 사이 엘리베이터 탑승
01,수도권,S1,6,6호선,0285,새절,1,출입구-승강장,1,2,2) (B1) 대합실로 이동
01,수도권,S1,6,6호선,0285,새절,1,출입구-승강장,1,3,3) 표 내는 곳 통과
01,수도권,S1,6,6호선,0285,새절,1,출입구-승강장,1,4,4) 응암 방면 엘리베이터 탑승
01,수도권,S1,6,6호선,0285,새절,1,출입구-승강장,1,5,5) (B2) 응암 방면 승강장으로 이동
01,수도권,S1,6,6호선,0285,새절,1,출입구-승강장,1,6,6) 승차 (휠체어칸)
01,수도권,S1,6,6호선,0285,새절,1,출입구-승강장,2,1,1) (1F) 1번/2번 출입구 사이 엘리베이터 탑승
01,수도권,S1,6,6호선,0285,새절,1,출입구-승강장,2,2,2) (B1) 대합실로 이동
01,수도권,S1,6,6호선,0285,새절,1,출입구-승강장,2,3,3) 표 내는 곳 통과
01,수도권,S1,6,6호선,0285,새절,1,출입구-승강장,2,4,4) 증산 방면 엘리베이터 탑승
01,수도권,S1,6,6호선,0285,새절,1,출입구-승강장,2,5,5) (B2) 증산 방면 승강장으로 이동
01,수도권,S1,6,6호선,0285,새절,1,출입구-승강장,2,6,6) 승차 (휠체어칸)
01,수도권,S1,6,6호선,0532,증산,1,출입구-승강장,1,1,1) (1F) 2번 출입구 옆 엘리베이터 탑승
01,수도권,S1,6,6호선,0532,증산,1,출입구-승강장,1,2,2) (B1) 대합실로 이동
01,수도권,S1,6,6호선,0532,증산,1,출입구-승강장,1,3,3) 표 내는 곳 통과
01,수도권,S1,6,6호선,0532,증산,1,출입구-승강장,1,4,4) 새절 방면 엘리베이터 탑승
01,수도권,S1,6,6호선,0532,증산,1,출입구-승강장,1,5,5) (B2) 새절 방면 승강장으로 이동
01,수도권,S1,6,6호선,0532,증산,1,출입구-승강장,1,6,6) 승차 (휠체어칸)
01,수도권,S1,6,6호선,0532,증산,1,출입구-승강장,2,1,1) (1F) 2번 출입구 옆 엘리베이터 탑승
01,수도권,S1,6,6호선,0532,증산,1,출입구-승강장,2,2,2) (B1) 대합실로 이동
01,수도권,S1,6,6호선,0532,증산,1,출입구-승강장,2,3,3) 표 내는 곳 통과
01,수도권,S1,6,6호선,0532,증산,1,출입구-승강장,2,4,4) 디지털미디어시티 방면 엘리베이터 탑승
01,수도권,S1,6,6호선,0532,증산,1,출입구-승강장,2,5,5) (B2) 디지털미디어시티 방면 승강장으로 이동
01,수도권,S1,6,6호선,0532,증산,1,출입구-승강장,2,6,6) 승차 (휠체어칸)
01,수도권,S1,6,6호선,0174,디지털미디어시티,1,출입구-승강장,1,1,1) (1F) 4번 출입구 대합실로 이동
01,수도권,S1,6,6호선,0174,디지털미디어시티,1,출입구-승강장,1,2,2) 엘리베이터 탑승
01,수도권,S1,6,6호선,0174,디지털미디어시티,1,출입구-승강장,1,3,3) (B1) 대합실로 이동
01,수도권,S1,6,6호선,0174,디지털미디어시티,1,출입구-승강장,1,4,4) 표 내는 곳 통과
01,수도권,S1,6,6호선,0174,디지털미디어시티,1,출입구-승강장,1,5,5) 증산 방면 엘리베이터 탑승
01,수도권,S1,6,6호선,0174,디지털미디어시티,1,출입구-승강장,1,6,6) (B2) 증산 방면 승강장으로 이동
01,수도권,S1,6,6호선,0174,디지털미디어시티,1,출입구-승강장,1,7,7) 승차 (휠체어칸)
01,수도권,S1,6,6호선,0174,디지털미디어시티,1,출입구-승강장,2,1,1) (1F) 4번 출입구 대합실로 이동
01,수도권,S1,6,6호선,0174,디지털미디어시티,1,출입구-승강장,2,2,2) 엘리베이터 탑승
01,수도권,S1,6,6호선,0174,디지털미디어시티,1,출입구-승강장,2,3,3) (B1) 대합실로 이동
01,수도권,S1,6,6호선,0174,디지털미디어시티,1,출입구-승강장,2,4,4) 표 내는 곳 통과
01,수도권,S1,6,6호선,0174,디지털미디어시티,1,출입구-승강장,2,5,5) 월드컵경기장 방면 엘리베이터 탑승
01,수도권,S1,6,6호선,0174,디지털미디어시티,1,출입구-승강장,2,6,6) (B2) 월드컵경기장 방면 승강장으로 이동
01,수도권,S1,6,6호선,0174,디지털미디어시티,1,출입구-승강장,2,7,7) 승차 (휠체어칸)
01,수도권,S1,6,6호선,0174,디지털미디어시티,3,환승,1,1,1) (B2) 6호선 증산 방면 승강장 하차
01,수도권,S1,6,6호선,0174,디지털미디어시티,3,환승,1,2,2) 경의중앙선 환승통로 방향 엘리베이터 탑승
01,수도권,S1,6,6호선,0174,디지털미디어시티,3,환승,1,3,3) (B1) 환승통로로 이동
01,수도권,S1,6,6호선,0174,디지털미디어시티,3,환승,1,4,4) 경의중앙선 수색 방면 엘리베이터 탑승
01,수도권,S1,6,6호선,0174,디지털미디어시티,3,환승,1,5,5) (1F) 경의중앙선 수색 방면 승강장으로 이동
01,수도권,S1,6,6호선,0174,디지털미디어시티,3,환승,1,6,6) 승차 (휠체어칸)
01,수도권,S1,6,6호선,0174,디지털미디어시티,3,환승,2,1,1) (B2) 6호선 증산 방면 승강장 하차
01,수도권,S1,6,6호선,0174,디지털미디어시티,3,환승,2,2,2) 경의중앙선 환승통로 방향 엘리베이터 탑승
01,수도권,S1,6,6호선,0174,디지털미디어시티,3,환승,2,3,3) (B1) 환승통로로 이동
01,수도권,S1,6,6호선,0174,디지털미디어시티,3,환승,2,4,4) 경의중앙선 가좌 방면 엘리베이터 탑승
01,수도권,S1,6,6호선,0174,디지털미디어시티,3,환승,2,5,5) (1F) 경의중앙선 가좌 방면 승강장으로 이동
01,수도권,S1,6,6호선,0174,디지털미디어시티,3,환승,2,6,6) 승차 (휠체어칸)
01,수도권,S1,6,6호선,0174,디지털미디어시티,3,환승,3,1,1) (B2) 6호선 월드컵경기장 방면 승강장 하차
01,수도권,S1,6,6호선,0174,디지털미디어시티,3,환승,3,2,2) 경의중앙선 환승통로 방향 엘리베이터 탑승
01,수도권,S1,6,6호선,0174,디지털미디어시티,3,환승,3,3,3) (B1) 환승통로로 이동
01,수도권,S1,6,6호선,0174,디지털미디어시티,3,환승,3,4,4) 경의중앙선 수색 방면 엘리베이터 탑승
01,수도권,S1,6,6호선,0174,디지털미디어시티,3,환승,3,5,5) (1F) 경의중앙선 수색 방면 승강장으로 이동
01,수도권,S1,6,6호선,0174,디지털미디어시티,3,환승,3,6,6) 승차 (휠체어칸)
01,수도권,S1,6,6호선,0174,디지털미디어시티,3,환승,4,1,1) (B2) 6호선 월드컵경기장 방면 승강장 하차
01,수도권,S1,6,6호선,0174,디지털미디어시티,3,환승,4,2,2) 경의중앙선 환승통로 방향 엘리베이터 탑승
01,수도권,S1,6,6호선,0174,디지털미디어시티,3,환승,4,3,3) (B1) 환승통로로 이동
01,수도권,S1,6,6호선,0174,디지털미디어시티,3,환승,4,4,4) 경의중앙선 가좌 방면 엘리베이터 탑승
01,수도권,S1,6,6호선,0174,디지털미디어시티,3,환승,4,5,5) (1F) 경의중앙선 가좌 방면 승강장으로 이동
01,수도권,S1,6,6호선,0174,디지털미디어시티,3,환승,4,6,6) 승차 (휠체어칸)
01,수도권,S1,6,6호선,0174,디지털미디어시티,3,환승,5,1,1) (B2)6호선 증산 방면 승강장 하차
01,수도권,S1,6,6호선,0174,디지털미디어시티,3,환승,5,2,2) 2번/3번 출입구 방향 휠체어리프트 탑승
01,수도권,S1,6,6호선,0174,디지털미디어시티,3,환승,5,3,3) (B1) 대합실로 이동
01,수도권,S1,6,6호선,0174,디지털미디어시티,3,환승,5,4,4) 공항철도 환승통로 방향 엘리베이터 탑승
01,수도권,S1,6,6호선,0174,디지털미디어시티,3,환승,5,5,5) (B1) 공항철도 환승통로로 이동
01,수도권,S1,6,6호선,0174,디지털미디어시티,3,환승,5,6,6) 공항철도 대합실 중앙 표 내는 곳 통과
01,수도권,S1,6,6호선,0174,디지털미디어시티,3,환승,5,7,7) 홍대입구 방면 엘리베이터 탑승
01,수도권,S1,6,6호선,0174,디지털미디어시티,3,환승,5,8,8) (B3) 공항철도 홍대입구 방면 승강장으로 이동
01,수도권,S1,6,6호선,0174,디지털미디어시티,3,환승,5,9,9) 승차 (휠체어칸)
01,수도권,S1,6,6호선,0174,디지털미디어시티,3,환승,6,1,1) (B2) 6호선 증산 방면 승강장 하차
01,수도권,S1,6,6호선,0174,디지털미디어시티,3,환승,6,2,2) 2번/3번 출입구 방향 휠체어리프트 탑승
01,수도권,S1,6,6호선,0174,디지털미디어시티,3,환승,6,3,3) (B1) 대합실로 이동
01,수도권,S1,6,6호선,0174,디지털미디어시티,3,환승,6,4,4) 공항철도 환승통로 방향 엘리베이터 탑승
01,수도권,S1,6,6호선,0174,디지털미디어시티,3,환승,6,5,5) (B1) 공항철도 환승통로로 이동
01,수도권,S1,6,6호선,0174,디지털미디어시티,3,환승,6,6,6) 공항철도 대합실 중앙 표 내는 곳 통과
01,수도권,S1,6,6호선,0174,디지털미디어시티,3,환승,6,7,7) 마곡나루 방면 엘리베이터 탑승
01,수도권,S1,6,6호선,0174,디지털미디어시티,3,환승,6,8,8) (B3) 공항철도 마곡나루 방면 승강장으로 이동
01,수도권,S1,6,6호선,0174,디지털미디어시티,3,환승,6,9,9) 승차 (휠체어칸)
01,수도권,S1,6,6호선,0174,디지털미디어시티,3,환승,7,1,1) (B2) 6호선 월드컵경기장 방면 승강장 하차
01,수도권,S1,6,6호선,0174,디지털미디어시티,3,환승,7,2,2) 2번/3번 출입구 방향 휠체어리프트 탑승
01,수도권,S1,6,6호선,0174,디지털미디어시티,3,환승,7,3,3) (B1) 대합실로 이동
01,수도권,S1,6,6호선,0174,디지털미디어시티,3,환승,7,4,4) 공항철도 환승통로 방향 엘리베이터 탑승
01,수도권,S1,6,6호선,0174,디지털미디어시티,3,환승,7,5,5) (B1) 공항철도 환승통로로 이동
01,수도권,S1,6,6호선,0174,디지털미디어시티,3,환승,7,6,6) 공항철도 대합실 중앙 표 내는 곳 통과
01,수도권,S1,6,6호선,0174,디지털미디어시티,3,환승,7,7,7) 홍대입구 방면 엘리베이터 탑승
01,수도권,S1,6,6호선,0174,디지털미디어시티,3,환승,7,8,8) (B3) 공항철도 홍대입구 방면 승강장으로 이동
01,수도권,S1,6,6호선,0174,디지털미디어시티,3,환승,7,9,9) 승차 (휠체어칸)
01,수도권,S1,6,6호선,0174,디지털미디어시티,3,환승,8,1,1) (B2) 6호선 월드컵경기장 방면 승강장 하차
01,수도권,S1,6,6호선,0174,디지털미디어시티,3,환승,8,2,2) 2번/3번 출입구 방향 휠체어리프트 탑승
01,수도권,S1,6,6호선,0174,디지털미디어시티,3,환승,8,3,3) (B1) 대합실로 이동
01,수도권,S1,6,6호선,0174,디지털미디어시티,3,환승,8,4,4) 공항철도 환승통로 방향 엘리베이터 탑승
01,수도권,S1,6,6호선,0174,디지털미디어시티,3,환승,8,5,5) (B1) 공항철도 환승통로로 이동
01,수도권,S1,6,6호선,0174,디지털미디어시티,3,환승,8,6,6) 공항철도 대합실 중앙 표 내는 곳 통과
01,수도권,S1,6,6호선,0174,디지털미디어시티,3,환승,8,7,7) 마곡나루 방면 엘리베이터 탑승
01,수도권,S1,6,6호선,0174,디지털미디어시티,3,환승,8,8,8) (B3) 공항철도 마곡나루 방면 승강장으로 이동
01,수도권,S1,6,6호선,0174,디지털미디어시티,3,환승,8,9,9) 승차 (휠체어칸)
01,수도권,S1,6,6호선,0462,월드컵경기장,1,출입구-승강장,1,1,1) (1F) 2번 출입구 옆 엘리베이터 탑승
01,수도권,S1,6,6호선,0462,월드컵경기장,1,출입구-승강장,1,2,2) (B1) 대합실로 이동
01,수도권,S1,6,6호선,0462,월드컵경기장,1,출입구-승강장,1,3,3) 표 내는 곳 통과
01,수도권,S1,6,6호선,0462,월드컵경기장,1,출입구-승강장,1,4,4) 디지털미디어시티 방면 엘리베이터 탑승
01,수도권,S1,6,6호선,0462,월드컵경기장,1,출입구-승강장,1,5,5) (B2) 디지털미디어시티 방면 승강장으로 이동
01,수도권,S1,6,6호선,0462,월드컵경기장,1,출입구-승강장,1,6,6) 승차 (휠체어칸)
01,수도권,S1,6,6호선,0462,월드컵경기장,1,출입구-승강장,2,1,1) (1F) 2번 출입구 옆 엘리베이터 탑승
01,수도권,S1,6,6호선,0462,월드컵경기장,1,출입구-승강장,2,2,2) (B1) 대합실로 이동
01,수도권,S1,6,6호선,0462,월드컵경기장,1,출입구-승강장,2,3,3) 표 내는 곳 통과
01,수도권,S1,6,6호선,0462,월드컵경기장,1,출입구-승강장,2,4,4) 마포구청 방면 엘리베이터 탑승
01,수도권,S1,6,6호선,0462,월드컵경기장,1,출입구-승강장,2,5,5) (B2) 마포구청 방면 승강장으로 이동
01,수도권,S1,6,6호선,0462,월드컵경기장,1,출입구-승강장,2,6,6) 승차 (휠체어칸)
01,수도권,S1,6,6호선,0186,마포구청,1,출입구-승강장,1,1,1) (1F) 2번 출입구 옆 엘리베이터 탑승
01,수도권,S1,6,6호선,0186,마포구청,1,출입구-승강장,1,2,2) (B2) 대합실로 이동
01,수도권,S1,6,6호선,0186,마포구청,1,출입구-승강장,1,3,3) 표 내는 곳 통과
01,수도권,S1,6,6호선,0186,마포구청,1,출입구-승강장,1,4,4) 월드컵경기장 방면 엘리베이터 탑승
01,수도권,S1,6,6호선,0186,마포구청,1,출입구-승강장,1,5,5) (B3) 월드컵경기장 방면 승강장으로 이동
01,수도권,S1,6,6호선,0186,마포구청,1,출입구-승강장,1,6,6) 승차 (휠체어칸)
01,수도권,S1,6,6호선,0186,마포구청,1,출입구-승강장,2,1,1) (1F) 2번 출입구 옆 엘리베이터 탑승
01,수도권,S1,6,6호선,0186,마포구청,1,출입구-승강장,2,2,2) (B2) 대합실로 이동
01,수도권,S1,6,6호선,0186,마포구청,1,출입구-승강장,2,3,3) 표 내는 곳 통과
01,수도권,S1,6,6호선,0186,마포구청,1,출입구-승강장,2,4,4) 망원 방면 엘리베이터 탑승
01,수도권,S1,6,6호선,0186,마포구청,1,출입구-승강장,2,5,5) (B3) 망원 방면 승강장으로 이동
01,수도권,S1,6,6호선,0186,마포구청,1,출입구-승강장,2,6,6) 승차 (휠체어칸)
01,수도권,S1,6,6호선,0186,마포구청,1,출입구-승강장,3,1,1) (1F) 8번 출입구 옆 엘리베이터 탑승
01,수도권,S1,6,6호선,0186,마포구청,1,출입구-승강장,3,2,2) (B2) 대합실로 이동
01,수도권,S1,6,6호선,0186,마포구청,1,출입구-승강장,3,3,3) 표 내는 곳 통과
01,수도권,S1,6,6호선,0186,마포구청,1,출입구-승강장,3,4,4) 월드컵경기장 방면 엘리베이터 탑승
01,수도권,S1,6,6호선,0186,마포구청,1,출입구-승강장,3,5,5) (B3) 월드컵경기장 방면 승강장으로 이동
01,수도권,S1,6,6호선,0186,마포구청,1,출입구-승강장,3,6,6) 승차 (휠체어칸)
01,수도권,S1,6,6호선,0186,마포구청,1,출입구-승강장,4,1,1) (1F) 8번 출입구 옆 엘리베이터 탑승
01,수도권,S1,6,6호선,0186,마포구청,1,출입구-승강장,4,2,2) (B2) 대합실로 이동
01,수도권,S1,6,6호선,0186,마포구청,1,출입구-승강장,4,3,3) 표 내는 곳 통과
01,수도권,S1,6,6호선,0186,마포구청,1,출입구-승강장,4,4,4) 망원 방면 엘리베이터 탑승
01,수도권,S1,6,6호선,0186,마포구청,1,출입구-승강장,4,5,5) (B3) 망원 방면 승강장으로 이동
01,수도권,S1,6,6호선,0186,마포구청,1,출입구-승강장,4,6,6) 승차 (휠체어칸)
01,수도권,S1,6,6호선,0189,망원,1,출입구-승강장,1,1,1) (1F) 2번 출입구 옆 엘리베이터 탑승
01,수도권,S1,6,6호선,0189,망원,1,출입구-승강장,1,2,2) (B1) 대합실로 이동
01,수도권,S1,6,6호선,0189,망원,1,출입구-승강장,1,3,3) 표 내는 곳 통과
01,수도권,S1,6,6호선,0189,망원,1,출입구-승강장,1,4,4) 마포구청 방면 엘리베이터 탑승
01,수도권,S1,6,6호선,0189,망원,1,출입구-승강장,1,5,5) (B2) 마포구청 방면 승강장으로 이동
01,수도권,S1,6,6호선,0189,망원,1,출입구-승강장,1,6,6) 승차 (휠체어칸)
01,수도권,S1,6,6호선,0189,망원,1,출입구-승강장,2,1,1) (1F) 2번 출입구 옆 엘리베이터 탑승
01,수도권,S1,6,6호선,0189,망원,1,출입구-승강장,2,2,2) (B2) 합정 방면 승강장으로 이동
01,수도권,S1,6,6호선,0189,망원,1,출입구-승강장,2,3,3) 표 내는 곳 통과
01,수도권,S1,6,6호선,0189,망원,1,출입구-승강장,2,4,4) 승차 (휠체어칸)
01,수도권,S1,6,6호선,0591,합정,1,출입구-승강장,1,1,1) (1F) 6번 출입구 옆 엘리베이터 탑승
01,수도권,S1,6,6호선,0591,합정,1,출입구-승강장,1,2,2) (B1) 대합실로 이동
01,수도권,S1,6,6호선,0591,합정,1,출입구-승강장,1,3,3) 표 내는 곳 통과
01,수도권,S1,6,6호선,0591,합정,1,출입구-승강장,1,4,4) 9번/5번 출입구 가운데 엘리베이터 탑승
01,수도권,S1,6,6호선,0591,합정,1,출입구-승강장,1,5,5) (B4) 망원 방면 승강장으로 이동
01,수도권,S1,6,6호선,0591,합정,1,출입구-승강장,1,6,6) 승차 (휠체어칸)
01,수도권,S1,6,6호선,0591,합정,1,출입구-승강장,2,1,1) (1F) 6번 출입구 옆 엘리베이터 탑승
01,수도권,S1,6,6호선,0591,합정,1,출입구-승강장,2,2,2) (B1) 대합실로 이동
01,수도권,S1,6,6호선,0591,합정,1,출입구-승강장,2,3,3) 표 내는 곳 통과
01,수도권,S1,6,6호선,0591,합정,1,출입구-승강장,2,4,4) 9번/5번 출입구 가운데 엘리베이터 탑승
01,수도권,S1,6,6호선,0591,합정,1,출입구-승강장,2,5,5) (B3) 대합실로 이동
01,수도권,S1,6,6호선,0591,합정,1,출입구-승강장,2,6,6) 상수 방면 엘리베이터 탑승
01,수도권,S1,6,6호선,0591,합정,1,출입구-승강장,2,7,7) (B4) 상수 방면 승강장으로 이동
01,수도권,S1,6,6호선,0591,합정,1,출입구-승강장,2,8,8) 승차 (휠체어칸)
01,수도권,S1,6,6호선,0591,합정,3,환승,1,1,1) (B4) 6호선 망원 방면 승강장 하차
01,수도권,S1,6,6호선,0591,합정,3,환승,1,2,2) 대합실 방향 엘리베이터 탑승
01,수도권,S1,6,6호선,0591,합정,3,환승,1,3,3) (B1) 2호선 대합실로 이동
01,수도권,S1,6,6호선,0591,합정,3,환승,1,4,4) 2호선 당산 방면 엘리베이터 탑승
01,수도권,S1,6,6호선,0591,합정,3,환승,1,5,5) (B2) 2호선 당산 방면 승강장으로 이동
01,수도권,S1,6,6호선,0591,합정,3,환승,1,6,6) 승차 (휠체어칸)
01,수도권,S1,6,6호선,0591,합정,3,환승,2,1,1) (B4) 6호선 망원 방면 승강장 하차
01,수도권,S1,6,6호선,0591,합정,3,환승,2,2,2) 대합실 방향 엘리베이터 탑승
01,수도권,S1,6,6호선,0591,합정,3,환승,2,3,3) (B1) 2호선 대합실로 이동
01,수도권,S1,6,6호선,0591,합정,3,환승,2,4,4) 2호선 홍대입구 방면 엘리베이터 탑승
01,수도권,S1,6,6호선,0591,합정,3,환승,2,5,5) (B2) 2호선 홍대입구 방면 승강장으로 이동
01,수도권,S1,6,6호선,0591,합정,3,환승,2,6,6) 승차 (휠체어칸)
01,수도권,S1,6,6호선,0591,합정,3,환승,3,1,1) (B4) 6호선 상수 방면 승강장 하차 
01,수도권,S1,6,6호선,0591,합정,3,환승,3,2,2) 대합실 방향 엘리베이터 탑승 
01,수도권,S1,6,6호선,0591,합정,3,환승,3,3,3) (B3) 엘리베이터 하차 
01,수도권,S1,6,6호선,0591,합정,3,환승,3,4,4) (B3) 대합실 맞은편 엘리베이터 탑승 
01,수도권,S1,6,6호선,0591,합정,3,환승,3,5,5) (B1) 2호선 대합실로 이동 
01,수도권,S1,6,6호선,0591,합정,3,환승,3,6,6) 2호선 당산 방면 엘리베이터 탑승 
01,수도권,S1,6,6호선,0591,합정,3,환승,3,7,7) (B2) 2호선 당산 방면 승강장으로 이동 
01,수도권,S1,6,6호선,0591,합정,3,환승,3,8,8) 승차 (휠체어칸)
01,수도권,S1,6,6호선,0591,합정,3,환승,4,1,1) (B4) 6호선 상수 방면 승강장 하차 
01,수도권,S1,6,6호선,0591,합정,3,환승,4,2,2) 대합실 방향 엘리베이터 탑승 
01,수도권,S1,6,6호선,0591,합정,3,환승,4,3,3) (B3) 엘리베이터 하차 
01,수도권,S1,6,6호선,0591,합정,3,환승,4,4,4) (B3) 대합실 맞은편 엘리베이터 탑승 
01,수도권,S1,6,6호선,0591,합정,3,환승,4,5,5) (B1) 2호선 대합실로 이동 
01,수도권,S1,6,6호선,0591,합정,3,환승,4,6,6) 2호선 홍대입구 방면 엘리베이터 탑승 
01,수도권,S1,6,6호선,0591,합정,3,환승,4,7,7) (B2) 2호선 홍대입구 방면 승강장으로 이동 
01,수도권,S1,6,6호선,0591,합정,3,환승,4,8,8) 승차 (휠체어칸)
01,수도권,S1,6,6호선,0278,상수,1,출입구-승강장,1,1,1) (1F) 3번 출입구 옆 엘리베이터 탑승
01,수도권,S1,6,6호선,0278,상수,1,출입구-승강장,1,2,2) (B1) 대합실로 이동
01,수도권,S1,6,6호선,0278,상수,1,출입구-승강장,1,3,3) 대합실 방향 엘리베이터 탑승
01,수도권,S1,6,6호선,0278,상수,1,출입구-승강장,1,4,4) (B2) 대합실로 이동
01,수도권,S1,6,6호선,0278,상수,1,출입구-승강장,1,5,5) 표 내는 곳 통과
01,수도권,S1,6,6호선,0278,상수,1,출입구-승강장,1,6,6) 승강장 방향 엘리베이터 탑승
01,수도권,S1,6,6호선,0278,상수,1,출입구-승강장,1,7,7) (B3) 합정 방면 승강장으로 이동
01,수도권,S1,6,6호선,0278,상수,1,출입구-승강장,1,8,8) 승차 (휠체어칸)
01,수도권,S1,6,6호선,0278,상수,1,출입구-승강장,2,1,1) (1F) 3번 출입구 옆 엘리베이터 탑승
01,수도권,S1,6,6호선,0278,상수,1,출입구-승강장,2,2,2) (B1) 대합실로 이동
01,수도권,S1,6,6호선,0278,상수,1,출입구-승강장,2,3,3) 대합실 방향 엘리베이터 탑승
01,수도권,S1,6,6호선,0278,상수,1,출입구-승강장,2,4,4) (B2) 대합실로 이동
01,수도권,S1,6,6호선,0278,상수,1,출입구-승강장,2,5,5) 표 내는 곳 통과
01,수도권,S1,6,6호선,0278,상수,1,출입구-승강장,2,6,6) 승강장 방향 엘리베이터 탑승
01,수도권,S1,6,6호선,0278,상수,1,출입구-승강장,2,7,7) (B3) 광흥창 방면 승강장으로 이동
01,수도권,S1,6,6호선,0278,상수,1,출입구-승강장,2,8,8) 승차 (휠체어칸)
01,수도권,S1,6,6호선,0067,광흥창,1,출입구-승강장,1,1,1) (1F) 1번 출입구 옆 엘리베이터 탑승
01,수도권,S1,6,6호선,0067,광흥창,1,출입구-승강장,1,2,2) (B2) 대합실로 이동
01,수도권,S1,6,6호선,0067,광흥창,1,출입구-승강장,1,3,3) 표 내는 곳 통과
01,수도권,S1,6,6호선,0067,광흥창,1,출입구-승강장,1,4,4) 승강장 방향 엘리베이터 탑승
01,수도권,S1,6,6호선,0067,광흥창,1,출입구-승강장,1,5,5) (B3) 상수 방면 승강장으로 이동
01,수도권,S1,6,6호선,0067,광흥창,1,출입구-승강장,1,6,6) 승차 (휠체어칸)
01,수도권,S1,6,6호선,0067,광흥창,1,출입구-승강장,2,1,1) (1F) 1번 출입구 옆 엘리베이터 탑승
01,수도권,S1,6,6호선,0067,광흥창,1,출입구-승강장,2,2,2) (B2) 대합실로 이동
01,수도권,S1,6,6호선,0067,광흥창,1,출입구-승강장,2,3,3) 표 내는 곳 통과
01,수도권,S1,6,6호선,0067,광흥창,1,출입구-승강장,2,4,4) 승강장 방향 엘리베이터 탑승
01,수도권,S1,6,6호선,0067,광흥창,1,출입구-승강장,2,5,5) (B3) 대흥 방면 승강장으로 이동
01,수도권,S1,6,6호선,0067,광흥창,1,출입구-승강장,2,6,6) 승차 (휠체어칸)
01,수도권,S1,6,6호선,0138,대흥,1,출입구-승강장,1,1,1) 3번 출입구 전방 지상 1층 엘리베이터 탑승
01,수도권,S1,6,6호선,0138,대흥,1,출입구-승강장,1,2,2) 3번 출입구 전방 지하 2층 엘리베이터 하차
01,수도권,S1,6,6호선,0138,대흥,1,출입구-승강장,1,3,3) 지하 2층 승강장 방향 엘리베이터 탑승
01,수도권,S1,6,6호선,0138,대흥,1,출입구-승강장,1,4,4) 지하 3층 승강장 에서 하차
01,수도권,S1,6,6호선,0138,대흥,1,출입구-승강장,1,5,5) 광흥창 방면 승차
01,수도권,S1,6,6호선,0138,대흥,1,출입구-승강장,2,1,1) 3번 출입구 전방 지상 1층 엘리베이터 탑승
01,수도권,S1,6,6호선,0138,대흥,1,출입구-승강장,2,2,2) 3번 출입구 전방 지하 2층 엘리베이터 하차
01,수도권,S1,6,6호선,0138,대흥,1,출입구-승강장,2,3,3) 지하 2층 승강장 방향 엘리베이터 탑승
01,수도권,S1,6,6호선,0138,대흥,1,출입구-승강장,2,4,4) 지하 3층 승강장 에서 하차
01,수도권,S1,6,6호선,0138,대흥,1,출입구-승강장,2,5,5) 공덕 방면 승차
01,수도권,S1,6,6호선,0054,공덕,1,출입구-승강장,1,1,1) (1F) 2번 출입구 옆 엘리베이터 탑승
01,수도권,S1,6,6호선,0054,공덕,1,출입구-승강장,1,2,2) (B1) 5호선 대합실로 이동
01,수도권,S1,6,6호선,0054,공덕,1,출입구-승강장,1,3,3) 6호선 대합실로 이동
01,수도권,S1,6,6호선,0054,공덕,1,출입구-승강장,1,4,4) 대흥 방면 엘리베이터 앞 표 내는 곳 통과
01,수도권,S1,6,6호선,0054,공덕,1,출입구-승강장,1,5,5) 대흥 방면 엘리베이터 탑승
01,수도권,S1,6,6호선,0054,공덕,1,출입구-승강장,1,6,6) (B2) 대흥 방면 승강장으로 이동
01,수도권,S1,6,6호선,0054,공덕,1,출입구-승강장,1,7,7) 승차 (휠체어칸)
01,수도권,S1,6,6호선,0054,공덕,1,출입구-승강장,2,1,1) (1F) 2번 출입구 옆 엘리베이터 탑승
01,수도권,S1,6,6호선,0054,공덕,1,출입구-승강장,2,2,2) (B1) 5호선 대합실로 이동
01,수도권,S1,6,6호선,0054,공덕,1,출입구-승강장,2,3,3) 6호선 대합실로 이동
01,수도권,S1,6,6호선,0054,공덕,1,출입구-승강장,2,4,4) 효창공원앞 방면 엘리베이터 앞 표 내는 곳 통과
01,수도권,S1,6,6호선,0054,공덕,1,출입구-승강장,2,5,5) 효창공원앞 방면 엘리베이터 탑승
01,수도권,S1,6,6호선,0054,공덕,1,출입구-승강장,2,6,6) (B2) 효창공원앞 방면 승강장으로 이동
01,수도권,S1,6,6호선,0054,공덕,1,출입구-승강장,2,7,7) 승차 (휠체어칸)
01,수도권,S1,6,6호선,0054,공덕,1,출입구-승강장,3,1,1) (1F) 5번 출입구 옆 엘리베이터 탑승
01,수도권,S1,6,6호선,0054,공덕,1,출입구-승강장,3,2,2) (B1) 5호선 대합실로 이동
01,수도권,S1,6,6호선,0054,공덕,1,출입구-승강장,3,3,3) 6호선 대합실로 이동
01,수도권,S1,6,6호선,0054,공덕,1,출입구-승강장,3,4,4) 대흥 방면 엘리베이터 앞 표 내는 곳 통과
01,수도권,S1,6,6호선,0054,공덕,1,출입구-승강장,3,5,5) 대흥 방면 엘리베이터 탑승
01,수도권,S1,6,6호선,0054,공덕,1,출입구-승강장,3,6,6) (B2) 대흥 방면 승강장으로 이동
01,수도권,S1,6,6호선,0054,공덕,1,출입구-승강장,3,7,7) 승차 (휠체어칸)
01,수도권,S1,6,6호선,0054,공덕,1,출입구-승강장,4,1,1) (1F) 5번 출입구 옆 엘리베이터 탑승
01,수도권,S1,6,6호선,0054,공덕,1,출입구-승강장,4,2,2) (B1) 5호선 대합실로 이동
01,수도권,S1,6,6호선,0054,공덕,1,출입구-승강장,4,3,3) 6호선 대합실로 이동
01,수도권,S1,6,6호선,0054,공덕,1,출입구-승강장,4,4,4) 효창공원앞 방면 엘리베이터 앞 표 내는 곳 통과
01,수도권,S1,6,6호선,0054,공덕,1,출입구-승강장,4,5,5) 효창공원앞 방면 엘리베이터 탑승
01,수도권,S1,6,6호선,0054,공덕,1,출입구-승강장,4,6,6) (B2) 효창공원앞 방면 승강장으로 이동
01,수도권,S1,6,6호선,0054,공덕,1,출입구-승강장,4,7,7) 승차 (휠체어칸)
01,수도권,S1,6,6호선,0054,공덕,3,환승,1,1,1) (B2) 6호선 대흥 방면 승강장 하차
01,수도권,S1,6,6호선,0054,공덕,3,환승,1,2,2) 환승 엘리베이터 탑승
01,수도권,S1,6,6호선,0054,공덕,3,환승,1,3,3) (B3) 환승통로로 이동
01,수도권,S1,6,6호선,0054,공덕,3,환승,1,4,4) 6호선 효창공원앞 방면 엘리베이터 탑승
01,수도권,S1,6,6호선,0054,공덕,3,환승,1,5,5) (B2) 효창공원앞 방면 승강장으로 이동
01,수도권,S1,6,6호선,0054,공덕,3,환승,1,6,6) 5호선 방향 환승통로로 이동
01,수도권,S1,6,6호선,0054,공덕,3,환승,1,7,7) 5호선 승강장 방향 엘리베이터 탑승
01,수도권,S1,6,6호선,0054,공덕,3,환승,1,8,8) (B3) 5호선 마포 방면 승강장으로 이동
01,수도권,S1,6,6호선,0054,공덕,3,환승,1,9,9) 승차 (휠체어칸)
01,수도권,S1,6,6호선,0054,공덕,3,환승,2,1,1) (B2) 6호선 대흥 방면 승강장 하차
01,수도권,S1,6,6호선,0054,공덕,3,환승,2,2,2) 환승 엘리베이터 탑승
01,수도권,S1,6,6호선,0054,공덕,3,환승,2,3,3) (B3) 환승통로로 이동
01,수도권,S1,6,6호선,0054,공덕,3,환승,2,4,4) 6호선 효창공원앞 방면 엘리베이터 탑승
01,수도권,S1,6,6호선,0054,공덕,3,환승,2,5,5) (B2) 효창공원앞 방면 승강장으로 이동
01,수도권,S1,6,6호선,0054,공덕,3,환승,2,6,6) 5호선 방향 환승통로로 이동
01,수도권,S1,6,6호선,0054,공덕,3,환승,2,7,7) 5호선 승강장 방향 엘리베이터 탑승
01,수도권,S1,6,6호선,0054,공덕,3,환승,2,8,8) (B3) 5호선 애오개 방면 승강장으로 이동
01,수도권,S1,6,6호선,0054,공덕,3,환승,2,9,9) 승차 (휠체어칸)
01,수도권,S1,6,6호선,0054,공덕,3,환승,3,1,1) (B2) 6호선 효창공원앞 방면 승강장 하차
01,수도권,S1,6,6호선,0054,공덕,3,환승,3,2,2) 5호선 방향 환승통로로 이동
01,수도권,S1,6,6호선,0054,공덕,3,환승,3,3,3) 5호선 승강장 방향 엘리베이터 탑승
01,수도권,S1,6,6호선,0054,공덕,3,환승,3,4,4) (B3) 5호선 마포 방면 승강장으로 이동
01,수도권,S1,6,6호선,0054,공덕,3,환승,3,5,5) 승차 (휠체어칸)
01,수도권,S1,6,6호선,0054,공덕,3,환승,4,1,1) (B2) 6호선 효창공원앞 방면 승강장 하차
01,수도권,S1,6,6호선,0054,공덕,3,환승,4,2,2) 5호선 방향 환승통로로 이동
01,수도권,S1,6,6호선,0054,공덕,3,환승,4,3,3) 5호선 승강장 방향 엘리베이터 탑승
01,수도권,S1,6,6호선,0054,공덕,3,환승,4,4,4) (B3) 5호선 애오개 방면 승강장으로 이동
01,수도권,S1,6,6호선,0054,공덕,3,환승,4,5,5) 승차 (휠체어칸)
01,수도권,S1,6,6호선,0054,공덕,3,환승,5,1,1) (B2) 6호선 대흥 방면 승강장 하차
01,수도권,S1,6,6호선,0054,공덕,3,환승,5,2,2) 환승 엘리베이터 탑승
01,수도권,S1,6,6호선,0054,공덕,3,환승,5,3,3) (B3) 환승통로로 이동
01,수도권,S1,6,6호선,0054,공덕,3,환승,5,4,4) 공항철도 대합실로 이동
01,수도권,S1,6,6호선,0054,공덕,3,환승,5,5,5) 경의중앙선 서강대 방면 엘리베이터 탑승
01,수도권,S1,6,6호선,0054,공덕,3,환승,5,6,6) (B2) 경의중앙선 서강대 방면 승강장으로 이동
01,수도권,S1,6,6호선,0054,공덕,3,환승,5,7,7) 승차 (휠체어칸)
01,수도권,S1,6,6호선,0054,공덕,3,환승,6,1,1) (B2) 6호선 대흥 방면 승강장 하차
01,수도권,S1,6,6호선,0054,공덕,3,환승,6,2,2) 환승 엘리베이터 탑승
01,수도권,S1,6,6호선,0054,공덕,3,환승,6,3,3) (B3) 환승통로로 이동
01,수도권,S1,6,6호선,0054,공덕,3,환승,6,4,4) 공항철도 대합실로 이동
01,수도권,S1,6,6호선,0054,공덕,3,환승,6,5,5) 경의중앙선 효창공원앞 방면 엘리베이터 탑승
01,수도권,S1,6,6호선,0054,공덕,3,환승,6,6,6) (B2) 경의중앙선 효창공원앞 방면 승강장으로 이동
01,수도권,S1,6,6호선,0054,공덕,3,환승,6,7,7) 승차 (휠체어칸)
01,수도권,S1,6,6호선,0054,공덕,3,환승,7,1,1) (B2) 6호선 효창공원앞 방면 승강장 하차
01,수도권,S1,6,6호선,0054,공덕,3,환승,7,2,2) 환승 엘리베이터 탑승
01,수도권,S1,6,6호선,0054,공덕,3,환승,7,3,3) (B3) 환승통로로 이동
01,수도권,S1,6,6호선,0054,공덕,3,환승,7,4,4) 공항철도 대합실로 이동
01,수도권,S1,6,6호선,0054,공덕,3,환승,7,5,5) 경의중앙선 서강대 방면 엘리베이터 탑승
01,수도권,S1,6,6호선,0054,공덕,3,환승,7,6,6) (B2) 경의중앙선 서강대 방면 승강장으로 이동
01,수도권,S1,6,6호선,0054,공덕,3,환승,7,7,7) 승차 (휠체어칸)
01,수도권,S1,6,6호선,0054,공덕,3,환승,8,1,1) (B2) 6호선 효창공원앞 방면 승강장 하차
01,수도권,S1,6,6호선,0054,공덕,3,환승,8,2,2) 환승 엘리베이터 탑승
01,수도권,S1,6,6호선,0054,공덕,3,환승,8,3,3) (B3) 환승통로로 이동
01,수도권,S1,6,6호선,0054,공덕,3,환승,8,4,4) 공항철도 대합실로 이동
01,수도권,S1,6,6호선,0054,공덕,3,환승,8,5,5) 경의중앙선 효창공원앞 방면 엘리베이터 탑승
01,수도권,S1,6,6호선,0054,공덕,3,환승,8,6,6) (B2) 경의중앙선 효창공원앞 방면 승강장으로 이동
01,수도권,S1,6,6호선,0054,공덕,3,환승,8,7,7) 승차 (휠체어칸)
01,수도권,S1,6,6호선,0054,공덕,3,환승,9,1,1) (B2) 6호선 대흥 방면 승강장 하차
01,수도권,S1,6,6호선,0054,공덕,3,환승,9,2,2) 환승 엘리베이터 탑승
01,수도권,S1,6,6호선,0054,공덕,3,환승,9,3,3) (B3) 환승통로로 이동
01,수도권,S1,6,6호선,0054,공덕,3,환승,9,4,4) 공항철도 대합실로 이동
01,수도권,S1,6,6호선,0054,공덕,3,환승,9,5,5) 공항철도 서울역 방면 엘리베이터 탑승
01,수도권,S1,6,6호선,0054,공덕,3,환승,9,6,6) (B4) 공항철도 서울역 방면 승강장으로 이동
01,수도권,S1,6,6호선,0054,공덕,3,환승,9,7,7) 승차 (휠체어칸)
01,수도권,S1,6,6호선,0054,공덕,3,환승,10,1,1) (B2) 6호선 대흥 방면 승강장 하차
01,수도권,S1,6,6호선,0054,공덕,3,환승,10,2,2) 환승 엘리베이터 탑승
01,수도권,S1,6,6호선,0054,공덕,3,환승,10,3,3) (B3) 환승통로로 이동
01,수도권,S1,6,6호선,0054,공덕,3,환승,10,4,4) 공항철도 대합실로 이동
01,수도권,S1,6,6호선,0054,공덕,3,환승,10,5,5) 공항철도 홍대입구 방면 엘리베이터 탑승
01,수도권,S1,6,6호선,0054,공덕,3,환승,10,6,6) (B4) 공항철도 홍대입구 방면 승강장으로 이동
01,수도권,S1,6,6호선,0054,공덕,3,환승,10,7,7) 승차 (휠체어칸)
01,수도권,S1,6,6호선,0054,공덕,3,환승,11,1,1) (B2) 6호선 효창공원앞 방면 승강장 하차
01,수도권,S1,6,6호선,0054,공덕,3,환승,11,2,2) 환승 엘리베이터 탑승
01,수도권,S1,6,6호선,0054,공덕,3,환승,11,3,3) (B3) 환승통로로 이동
01,수도권,S1,6,6호선,0054,공덕,3,환승,11,4,4) 공항철도 대합실로 이동
01,수도권,S1,6,6호선,0054,공덕,3,환승,11,5,5) 공항철도 서울역 방면 엘리베이터 탑승
01,수도권,S1,6,6호선,0054,공덕,3,환승,11,6,6) (B4) 공항철도 서울역 방면 승강장으로 이동
01,수도권,S1,6,6호선,0054,공덕,3,환승,11,7,7) 승차 (휠체어칸)
01,수도권,S1,6,6호선,0054,공덕,3,환승,12,1,1) (B2) 6호선 효창공원앞 방면 승강장 하차
01,수도권,S1,6,6호선,0054,공덕,3,환승,12,2,2) 환승 엘리베이터 탑승
01,수도권,S1,6,6호선,0054,공덕,3,환승,12,3,3) (B3) 환승통로로 이동
01,수도권,S1,6,6호선,0054,공덕,3,환승,12,4,4) 공항철도 대합실로 이동
01,수도권,S1,6,6호선,0054,공덕,3,환승,12,5,5) 공항철도 홍대입구 방면 엘리베이터 탑승
01,수도권,S1,6,6호선,0054,공덕,3,환승,12,6,6) (B4) 공항철도 홍대입구 방면 승강장으로 이동
01,수도권,S1,6,6호선,0054,공덕,3,환승,12,7,7) 승차 (휠체어칸)
01,수도권,S1,6,6호선,0609,효창공원앞,1,출입구-승강장,1,1,1) (1F) 경의중앙선 4번 출입구 근처 엘리베이터 탑승
01,수도권,S1,6,6호선,0609,효창공원앞,1,출입구-승강장,1,2,2) (B1) 대합실로 이동
01,수도권,S1,6,6호선,0609,효창공원앞,1,출입구-승강장,1,3,3) 표내는 곳 통과
01,수도권,S1,6,6호선,0609,효창공원앞,1,출입구-승강장,1,4,4) 용산역 방향 엘리베이터 탑승
01,수도권,S1,6,6호선,0609,효창공원앞,1,출입구-승강장,1,5,5) (B2) 용산 방면 승강장으로 이동
01,수도권,S1,6,6호선,0609,효창공원앞,1,출입구-승강장,1,6,6) 경의중앙선 환승 엘리베이터 탑승
01,수도권,S1,6,6호선,0609,효창공원앞,1,출입구-승강장,1,7,7) (B3) 6호선 방향 환승통로 이동통해 6호선 B2 대합실로 이동
01,수도권,S1,6,6호선,0609,효창공원앞,1,출입구-승강장,1,8,8) 6호선 승강장 방향 엘리베이터 탑승
01,수도권,S1,6,6호선,0609,효창공원앞,1,출입구-승강장,1,9,9) (B3) 공덕 방면 승강장으로 이동
01,수도권,S1,6,6호선,0609,효창공원앞,1,출입구-승강장,1,10,10) 승차(휠체어칸)
01,수도권,S1,6,6호선,0609,효창공원앞,1,출입구-승강장,2,1,1) (1F) 경의중앙선 4번 출입구 근처 엘리베이터 탑승
01,수도권,S1,6,6호선,0609,효창공원앞,1,출입구-승강장,2,2,2) (B1) 대합실로 이동
01,수도권,S1,6,6호선,0609,효창공원앞,1,출입구-승강장,2,3,3) 표내는 곳 통과
01,수도권,S1,6,6호선,0609,효창공원앞,1,출입구-승강장,2,4,4) 용산역 방향 엘리베이터 탑승
01,수도권,S1,6,6호선,0609,효창공원앞,1,출입구-승강장,2,5,5) (B2) 용산 방면 승강장으로 이동
01,수도권,S1,6,6호선,0609,효창공원앞,1,출입구-승강장,2,6,6) 경의중앙선 환승 엘리베이터 탑승
01,수도권,S1,6,6호선,0609,효창공원앞,1,출입구-승강장,2,7,7) (B3) 6호선 방향 환승통로 이동통해 6호선 B2 대합실로 이동
01,수도권,S1,6,6호선,0609,효창공원앞,1,출입구-승강장,2,8,8) 6호선 승강장 방향 엘리베이터 탑승
01,수도권,S1,6,6호선,0609,효창공원앞,1,출입구-승강장,2,9,9) (B3) 삼각지 방면 승강장으로 이동
01,수도권,S1,6,6호선,0609,효창공원앞,1,출입구-승강장,2,10,10) 승차(휠체어칸
01,수도권,S1,6,6호선,0609,효창공원앞,3,환승,1,1,1) (B3) 6호선 공덕 방면 승강장 하차
01,수도권,S1,6,6호선,0609,효창공원앞,3,환승,1,2,2) 대합실 방향 엘리베이터 탑승
01,수도권,S1,6,6호선,0609,효창공원앞,3,환승,1,3,3) (B2) 대합실로 이동
01,수도권,S1,6,6호선,0609,효창공원앞,3,환승,1,4,4) 경의중앙선 방향 환승통로로 이동
01,수도권,S1,6,6호선,0609,효창공원앞,3,환승,1,5,5) 경의중앙선 환승 엘리베이터 탑승
01,수도권,S1,6,6호선,0609,효창공원앞,3,환승,1,6,6) (B2) 용산 방면 승강장으로 이동
01,수도권,S1,6,6호선,0609,효창공원앞,3,환승,1,7,7) 대합실 방향 엘리베이터 탑승
01,수도권,S1,6,6호선,0609,효창공원앞,3,환승,1,8,8) (B1) 대합실로 이동
01,수도권,S1,6,6호선,0609,효창공원앞,3,환승,1,9,9) 공덕 방면 엘리베이터 탑승
01,수도권,S1,6,6호선,0609,효창공원앞,3,환승,1,10,10) (B2) 경의중앙선 공덕 방면 승강장으로 이동
01,수도권,S1,6,6호선,0609,효창공원앞,3,환승,1,11,11) 승차 (휠체어칸)
01,수도권,S1,6,6호선,0609,효창공원앞,3,환승,2,1,1) (B3) 6호선 공덕 방면 승강장 하차
01,수도권,S1,6,6호선,0609,효창공원앞,3,환승,2,2,2) 대합실 방향 엘리베이터 탑승
01,수도권,S1,6,6호선,0609,효창공원앞,3,환승,2,3,3) (B2) 대합실로 이동
01,수도권,S1,6,6호선,0609,효창공원앞,3,환승,2,4,4) 경의중앙선 방향 환승통로로 이동
01,수도권,S1,6,6호선,0609,효창공원앞,3,환승,2,5,5) 경의중앙선 환승 엘리베이터 탑승
01,수도권,S1,6,6호선,0609,효창공원앞,3,환승,2,6,6) (B2) 경의중앙선 용산 방면 승강장으로 이동
01,수도권,S1,6,6호선,0609,효창공원앞,3,환승,2,7,7) 승차 (휠체어칸)
01,수도권,S1,6,6호선,0609,효창공원앞,3,환승,3,1,1) (B3) 6호선 삼각지 방면 승강장 하차
01,수도권,S1,6,6호선,0609,효창공원앞,3,환승,3,2,2) 대합실 방향 엘리베이터 탑승
01,수도권,S1,6,6호선,0609,효창공원앞,3,환승,3,3,3) (B2) 대합실로 이동
01,수도권,S1,6,6호선,0609,효창공원앞,3,환승,3,4,4) 경의중앙선 방향 환승통로로 이동
01,수도권,S1,6,6호선,0609,효창공원앞,3,환승,3,5,5) 경의중앙선 환승 엘리베이터 탑승
01,수도권,S1,6,6호선,0609,효창공원앞,3,환승,3,6,6) (B2) 용산 방면 승강장으로 이동
01,수도권,S1,6,6호선,0609,효창공원앞,3,환승,3,7,7) 대합실 방향 엘리베이터 탑승
01,수도권,S1,6,6호선,0609,효창공원앞,3,환승,3,8,8) (B1) 대합실로 이동
01,수도권,S1,6,6호선,0609,효창공원앞,3,환승,3,9,9) 공덕 방면 엘리베이터 탑승
01,수도권,S1,6,6호선,0609,효창공원앞,3,환승,3,10,10) (B2) 경의중앙선 공덕 방면 승강장으로 이동
01,수도권,S1,6,6호선,0609,효창공원앞,3,환승,3,11,11) 승차 (휠체어칸)
01,수도권,S1,6,6호선,0609,효창공원앞,3,환승,4,1,1) (B3) 6호선 삼각지 방면 승강장 하차
01,수도권,S1,6,6호선,0609,효창공원앞,3,환승,4,2,2) 대합실 방향 엘리베이터 탑승
01,수도권,S1,6,6호선,0609,효창공원앞,3,환승,4,3,3) (B2) 대합실로 이동
01,수도권,S1,6,6호선,0609,효창공원앞,3,환승,4,4,4) 경의중앙선 방향 환승통로로 이동
01,수도권,S1,6,6호선,0609,효창공원앞,3,환승,4,5,5) 경의중앙선 환승 엘리베이터 탑승
01,수도권,S1,6,6호선,0609,효창공원앞,3,환승,4,6,6) (B2) 경의중앙선 용산 방면 승강장으로 이동
01,수도권,S1,6,6호선,0609,효창공원앞,3,환승,4,7,7) 승차 (휠체어칸)
01,수도권,S1,6,6호선,0263,삼각지,1,출입구-승강장,1,1,1) (1F) 8번 출입구 옆 엘리베이터 탑승
01,수도권,S1,6,6호선,0263,삼각지,1,출입구-승강장,1,2,2) (B3) 대합실로 이동
01,수도권,S1,6,6호선,0263,삼각지,1,출입구-승강장,1,3,3) 표 내는 곳 통과
01,수도권,S1,6,6호선,0263,삼각지,1,출입구-승강장,1,4,4) 승강장 방향 엘리베이터 탑승
01,수도권,S1,6,6호선,0263,삼각지,1,출입구-승강장,1,5,5) (B4) 효창공원앞 방면 승강장으로 이동
01,수도권,S1,6,6호선,0263,삼각지,1,출입구-승강장,1,6,6) 승차 (휠체어칸)
01,수도권,S1,6,6호선,0263,삼각지,1,출입구-승강장,2,1,1) (1F) 8번 출입구 옆 엘리베이터 탑승
01,수도권,S1,6,6호선,0263,삼각지,1,출입구-승강장,2,2,2) (B3) 대합실로 이동
01,수도권,S1,6,6호선,0263,삼각지,1,출입구-승강장,2,3,3) 표 내는 곳 통과
01,수도권,S1,6,6호선,0263,삼각지,1,출입구-승강장,2,4,4) 승강장 방향 엘리베이터 탑승
01,수도권,S1,6,6호선,0263,삼각지,1,출입구-승강장,2,5,5) (B4) 녹사평 방면 승강장으로 이동
01,수도권,S1,6,6호선,0263,삼각지,1,출입구-승강장,2,6,6) 승차 (휠체어칸)
01,수도권,S1,6,6호선,0263,삼각지,1,출입구-승강장,3,1,1) (1F) 12번 출입구 옆 엘리베이터 탑승
01,수도권,S1,6,6호선,0263,삼각지,1,출입구-승강장,3,2,2) (B3) 대합실로 이동
01,수도권,S1,6,6호선,0263,삼각지,1,출입구-승강장,3,3,3) 표 내는 곳 통과
01,수도권,S1,6,6호선,0263,삼각지,1,출입구-승강장,3,4,4) 승강장 방향 엘리베이터 탑승
01,수도권,S1,6,6호선,0263,삼각지,1,출입구-승강장,3,5,5) (B4) 효창공원앞 방면 승강장으로 이동
01,수도권,S1,6,6호선,0263,삼각지,1,출입구-승강장,3,6,6) 승차 (휠체어칸)
01,수도권,S1,6,6호선,0263,삼각지,1,출입구-승강장,4,1,1) (1F) 12번 출입구 옆 엘리베이터 탑승
01,수도권,S1,6,6호선,0263,삼각지,1,출입구-승강장,4,2,2) (B3) 대합실로 이동
01,수도권,S1,6,6호선,0263,삼각지,1,출입구-승강장,4,3,3) 표 내는 곳 통과
01,수도권,S1,6,6호선,0263,삼각지,1,출입구-승강장,4,4,4) 승강장 방향 엘리베이터 탑승
01,수도권,S1,6,6호선,0263,삼각지,1,출입구-승강장,4,5,5) (B4) 녹사평 방면 승강장으로 이동
01,수도권,S1,6,6호선,0263,삼각지,1,출입구-승강장,4,6,6) 승차 (휠체어칸)
01,수도권,S1,6,6호선,0263,삼각지,3,환승,1,1,1) (B4) 6호선 효창공원앞 방면 승강장 하차
01,수도권,S1,6,6호선,0263,삼각지,3,환승,1,2,2) 4호선 숙대입구 방면 환승통로 방향 엘리베이터 탑승
01,수도권,S1,6,6호선,0263,삼각지,3,환승,1,3,3) (B3) 환승통로로 이동
01,수도권,S1,6,6호선,0263,삼각지,3,환승,1,4,4) (B2) 4호선 숙대입구 방면 승강장으로 이동
01,수도권,S1,6,6호선,0263,삼각지,3,환승,1,5,5) 승차 (휠체어칸)
01,수도권,S1,6,6호선,0263,삼각지,3,환승,2,1,1) (B4)6호선 효창공원앞 방면 승강장 하차
01,수도권,S1,6,6호선,0263,삼각지,3,환승,2,2,2) 효창공원앞 방면  1-1 근처 엘리베이터 탑승 
01,수도권,S1,6,6호선,0263,삼각지,3,환승,2,3,3) (B3) 대합실로 이동
01,수도권,S1,6,6호선,0263,삼각지,3,환승,2,4,4) (B3) 환승통로로 이동
01,수도권,S1,6,6호선,0263,삼각지,3,환승,2,5,5) (B2) 4호선 신용산 방면 승강장으로 이동
01,수도권,S1,6,6호선,0263,삼각지,3,환승,2,6,6) 승차(휠체어칸
01,수도권,S1,6,6호선,0263,삼각지,3,환승,3,1,1) (B4) 6호선 녹사평 방면 승강장 하차
01,수도권,S1,6,6호선,0263,삼각지,3,환승,3,2,2) 4호선 숙대입구 방면 환승통로 방향 엘리베이터 탑승
01,수도권,S1,6,6호선,0263,삼각지,3,환승,3,3,3) (B3) 환승통로로 이동
01,수도권,S1,6,6호선,0263,삼각지,3,환승,3,4,4) (B2) 4호선 숙대입구 방면 승강장으로 이동
01,수도권,S1,6,6호선,0263,삼각지,3,환승,3,5,5) 승차 (휠체어칸)
01,수도권,S1,6,6호선,0263,삼각지,3,환승,4,1,1) (B4)6호선 녹사평 방면 승강장 하차
01,수도권,S1,6,6호선,0263,삼각지,3,환승,4,2,2) 녹사평 방면  8-4 근처 엘리베이터 탑승 
01,수도권,S1,6,6호선,0263,삼각지,3,환승,4,3,3) (B3) 대합실로 이동
01,수도권,S1,6,6호선,0263,삼각지,3,환승,4,4,4) (B3) 환승통로로 이동
01,수도권,S1,6,6호선,0263,삼각지,3,환승,4,5,5) (B2) 4호선 신용산 방면 승강장으로 이동
01,수도권,S1,6,6호선,0263,삼각지,3,환승,4,6,6) 승차(휠체어칸)
01,수도권,S1,6,6호선,0117,녹사평,1,출입구-승강장,1,1,"1) (1F) 1, 3번 출구 횡단보도 건너 엘리베이터 탑승"
01,수도권,S1,6,6호선,0117,녹사평,1,출입구-승강장,1,2,2) (B2) 대합실로 이동
01,수도권,S1,6,6호선,0117,녹사평,1,출입구-승강장,1,3,3) 엘리베이터 탑승
01,수도권,S1,6,6호선,0117,녹사평,1,출입구-승강장,1,4,4) (B4) 대합실로 이동
01,수도권,S1,6,6호선,0117,녹사평,1,출입구-승강장,1,5,5) 자동개집표기 구역 통과
01,수도권,S1,6,6호선,0117,녹사평,1,출입구-승강장,1,6,6) 승강장 방향 엘리베이터 탑승
01,수도권,S1,6,6호선,0117,녹사평,1,출입구-승강장,1,7,7) (B5) 삼각지 방면 승강장으로 이동
01,수도권,S1,6,6호선,0117,녹사평,1,출입구-승강장,1,8,8) 승차 (휠체어칸)
01,수도권,S1,6,6호선,0117,녹사평,1,출입구-승강장,2,1,"1) (1F) 1, 3번 출구 횡단보도 건너 엘리베이터 탑승"
01,수도권,S1,6,6호선,0117,녹사평,1,출입구-승강장,2,2,2) (B2) 대합실로 이동
01,수도권,S1,6,6호선,0117,녹사평,1,출입구-승강장,2,3,3) 엘리베이터 탑승
01,수도권,S1,6,6호선,0117,녹사평,1,출입구-승강장,2,4,4) (B4) 대합실로 이동
01,수도권,S1,6,6호선,0117,녹사평,1,출입구-승강장,2,5,5) 자동개집표기 구역 통과
01,수도권,S1,6,6호선,0117,녹사평,1,출입구-승강장,2,6,6) 승강장 방향 엘리베이터 탑승
01,수도권,S1,6,6호선,0117,녹사평,1,출입구-승강장,2,7,7) (B5) 이태원 방면 승강장으로 이동
01,수도권,S1,6,6호선,0117,녹사평,1,출입구-승강장,2,8,8) 승차 (휠체어칸)
01,수도권,S1,6,6호선,0479,이태원,1,출입구-승강장,1,1,1) (1F) 2번 출입구 옆 엘리베이터 탑승
01,수도권,S1,6,6호선,0479,이태원,1,출입구-승강장,1,2,2) (B1) 대합실로 이동
01,수도권,S1,6,6호선,0479,이태원,1,출입구-승강장,1,3,3) 표 내는 곳 통과
01,수도권,S1,6,6호선,0479,이태원,1,출입구-승강장,1,4,4) 승강장 방향 엘리베이터 탑승
01,수도권,S1,6,6호선,0479,이태원,1,출입구-승강장,1,5,5) (B5) 녹사평 방면 승강장으로 이동
01,수도권,S1,6,6호선,0479,이태원,1,출입구-승강장,1,6,6) 승차 (휠체어칸)
01,수도권,S1,6,6호선,0479,이태원,1,출입구-승강장,2,1,1) (1F) 2번 출입구 옆 엘리베이터 탑승
01,수도권,S1,6,6호선,0479,이태원,1,출입구-승강장,2,2,2) (B1) 대합실로 이동
01,수도권,S1,6,6호선,0479,이태원,1,출입구-승강장,2,3,3) 표 내는 곳 통과
01,수도권,S1,6,6호선,0479,이태원,1,출입구-승강장,2,4,4) 승강장 방향 엘리베이터 탑승
01,수도권,S1,6,6호선,0479,이태원,1,출입구-승강장,2,5,5) (B5) 한강진 방면 승강장으로 이동
01,수도권,S1,6,6호선,0479,이태원,1,출입구-승강장,2,6,6) 승차 (휠체어칸)
01,수도권,S1,6,6호선,0584,한강진,1,출입구-승강장,1,1,1) (1F) 3번 출입구 옆 엘리베이터 탑승
01,수도권,S1,6,6호선,0584,한강진,1,출입구-승강장,1,2,2) (B1) 대합실로 이동
01,수도권,S1,6,6호선,0584,한강진,1,출입구-승강장,1,3,3) 표 내는 곳 통과
01,수도권,S1,6,6호선,0584,한강진,1,출입구-승강장,1,4,4) 엘리베이터 탑승
01,수도권,S1,6,6호선,0584,한강진,1,출입구-승강장,1,5,5) (B3) 대합실로 이동
01,수도권,S1,6,6호선,0584,한강진,1,출입구-승강장,1,6,6) 이태원 방면 엘리베이터 탑승
01,수도권,S1,6,6호선,0584,한강진,1,출입구-승강장,1,7,7) (B4) 이태원 방면 승강장으로 이동
01,수도권,S1,6,6호선,0584,한강진,1,출입구-승강장,1,8,8) 승차 (휠체어칸)
01,수도권,S1,6,6호선,0584,한강진,1,출입구-승강장,2,1,1) (1F) 3번 출입구 옆 엘리베이터 탑승
01,수도권,S1,6,6호선,0584,한강진,1,출입구-승강장,2,2,2) (B1) 대합실로 이동
01,수도권,S1,6,6호선,0584,한강진,1,출입구-승강장,2,3,3) 표 내는 곳 통과
01,수도권,S1,6,6호선,0584,한강진,1,출입구-승강장,2,4,4) 엘리베이터 탑승
01,수도권,S1,6,6호선,0584,한강진,1,출입구-승강장,2,5,5) (B4) 버티고개 방면 승강장으로 이동
01,수도권,S1,6,6호선,0584,한강진,1,출입구-승강장,2,6,6) 승차 (휠체어칸)
01,수도권,S1,6,6호선,0227,버티고개,1,출입구-승강장,1,1,1) (1F) 2번 출입구 옆 엘리베이터 탑승
01,수도권,S1,6,6호선,0227,버티고개,1,출입구-승강장,1,2,2) (B1) 대합실로 이동
01,수도권,S1,6,6호선,0227,버티고개,1,출입구-승강장,1,3,3) 표 내는 곳 통과
01,수도권,S1,6,6호선,0227,버티고개,1,출입구-승강장,1,4,4) 엘리베이터 탑승
01,수도권,S1,6,6호선,0227,버티고개,1,출입구-승강장,1,5,5) (B2) 대합실로 이동
01,수도권,S1,6,6호선,0227,버티고개,1,출입구-승강장,1,6,6) 경사 엘리베이터 탑승
01,수도권,S1,6,6호선,0227,버티고개,1,출입구-승강장,1,7,7) (B3) 대합실로 이동
01,수도권,S1,6,6호선,0227,버티고개,1,출입구-승강장,1,8,8) 한강진 방면 엘리베이터 탑승
01,수도권,S1,6,6호선,0227,버티고개,1,출입구-승강장,1,9,9) (B4) 한강진 방면 승강장으로 이동
01,수도권,S1,6,6호선,0227,버티고개,1,출입구-승강장,1,10,10) 승차 (휠체어칸)
01,수도권,S1,6,6호선,0227,버티고개,1,출입구-승강장,2,1,1) (1F) 2번 출입구 옆 엘리베이터 탑승
01,수도권,S1,6,6호선,0227,버티고개,1,출입구-승강장,2,2,2) (B1) 대합실로 이동
01,수도권,S1,6,6호선,0227,버티고개,1,출입구-승강장,2,3,3) 표 내는 곳 통과
01,수도권,S1,6,6호선,0227,버티고개,1,출입구-승강장,2,4,4) 엘리베이터 탑승
01,수도권,S1,6,6호선,0227,버티고개,1,출입구-승강장,2,5,5) (B2) 대합실로 이동
01,수도권,S1,6,6호선,0227,버티고개,1,출입구-승강장,2,6,6) 경사 엘리베이터 탑승
01,수도권,S1,6,6호선,0227,버티고개,1,출입구-승강장,2,7,7) (B3) 대합실로 이동
01,수도권,S1,6,6호선,0227,버티고개,1,출입구-승강장,2,8,8) 약수 방면 엘리베이터 탑승
01,수도권,S1,6,6호선,0227,버티고개,1,출입구-승강장,2,9,9) (B4) 약수 방면 승강장으로 이동
01,수도권,S1,6,6호선,0227,버티고개,1,출입구-승강장,2,10,10) 승차 (휠체어칸)
01,수도권,S1,6,6호선,0397,약수,1,출입구-승강장,1,1,1) (1F) 3번 출입구 옆 엘리베이터 탑승
01,수도권,S1,6,6호선,0397,약수,1,출입구-승강장,1,2,2) (B1) 3호선 대합실로 이동
01,수도권,S1,6,6호선,0397,약수,1,출입구-승강장,1,3,3) 6호선 방향 환승 엘리베이터 탑승
01,수도권,S1,6,6호선,0397,약수,1,출입구-승강장,1,4,4) (B1) 6호선 대합실로 이동
01,수도권,S1,6,6호선,0397,약수,1,출입구-승강장,1,5,5) 엘리베이터 탑승
01,수도권,S1,6,6호선,0397,약수,1,출입구-승강장,1,6,6) (B3) 버티고개 방면 승강장으로 이동
01,수도권,S1,6,6호선,0397,약수,1,출입구-승강장,1,7,7) 승차 (휠체어칸)
01,수도권,S1,6,6호선,0397,약수,1,출입구-승강장,2,1,1) (1F) 3번 출입구 옆 엘리베이터 탑승
01,수도권,S1,6,6호선,0397,약수,1,출입구-승강장,2,2,2) (B1) 3호선 대합실로 이동
01,수도권,S1,6,6호선,0397,약수,1,출입구-승강장,2,3,3) 6호선 방향 환승 엘리베이터 탑승
01,수도권,S1,6,6호선,0397,약수,1,출입구-승강장,2,4,4) (B1) 6호선 대합실로 이동
01,수도권,S1,6,6호선,0397,약수,1,출입구-승강장,2,5,5) 엘리베이터 탑승
01,수도권,S1,6,6호선,0397,약수,1,출입구-승강장,2,6,6) (B2) 대합실로 이동
01,수도권,S1,6,6호선,0397,약수,1,출입구-승강장,2,7,7) 표 내는 곳 통과
01,수도권,S1,6,6호선,0397,약수,1,출입구-승강장,2,8,8) 청구 방면 엘리베이터 탑승
01,수도권,S1,6,6호선,0397,약수,1,출입구-승강장,2,9,9) (B3) 청구 방면 승강장으로 이동
01,수도권,S1,6,6호선,0397,약수,1,출입구-승강장,2,10,10) 승차 (휠체어칸)
01,수도권,S1,6,6호선,0397,약수,3,환승,1,1,1) (B3) 6호선 버티고개 방면 승강장 하차
01,수도권,S1,6,6호선,0397,약수,3,환승,1,2,2) 대합실 방향 엘리베이터 탑승
01,수도권,S1,6,6호선,0397,약수,3,환승,1,3,3) (B1) 대합실로 이동
01,수도권,S1,6,6호선,0397,약수,3,환승,1,4,4) 3호선 방향 환승 엘리베이터 탑승
01,수도권,S1,6,6호선,0397,약수,3,환승,1,5,5) (B1) 3호선 대합실로 이동
01,수도권,S1,6,6호선,0397,약수,3,환승,1,6,6) 표 내는 곳 통과
01,수도권,S1,6,6호선,0397,약수,3,환승,1,7,7) 승강장 방향 엘리베이터 탑승
01,수도권,S1,6,6호선,0397,약수,3,환승,1,8,8) (B2) 3호선 동대입구 방면 승강장으로 이동
01,수도권,S1,6,6호선,0397,약수,3,환승,1,9,9) 승차 (휠체어칸)
01,수도권,S1,6,6호선,0397,약수,3,환승,2,1,1) (B3) 6호선 버티고개 방면 승강장 하차
01,수도권,S1,6,6호선,0397,약수,3,환승,2,2,2) 대합실 방향 엘리베이터 탑승
01,수도권,S1,6,6호선,0397,약수,3,환승,2,3,3) (B1) 대합실로 이동
01,수도권,S1,6,6호선,0397,약수,3,환승,2,4,4) 3호선 방향 환승 엘리베이터 탑승
01,수도권,S1,6,6호선,0397,약수,3,환승,2,5,5) (B1) 3호선 대합실로 이동
01,수도권,S1,6,6호선,0397,약수,3,환승,2,6,6) 표 내는 곳 통과
01,수도권,S1,6,6호선,0397,약수,3,환승,2,7,7) 승강장 방향 엘리베이터 탑승
01,수도권,S1,6,6호선,0397,약수,3,환승,2,8,8) (B2) 3호선 금호 방면 승강장으로 이동
01,수도권,S1,6,6호선,0397,약수,3,환승,2,9,9) 승차 (휠체어칸)
01,수도권,S1,6,6호선,0397,약수,3,환승,3,1,1) (B3) 6호선 청구 방면 승강장 하차
01,수도권,S1,6,6호선,0397,약수,3,환승,3,2,2) 대합실 방향 엘리베이터 탑승
01,수도권,S1,6,6호선,0397,약수,3,환승,3,3,3) (B2) 대합실로 이동
01,수도권,S1,6,6호선,0397,약수,3,환승,3,4,4) 표 내는 곳 통과
01,수도권,S1,6,6호선,0397,약수,3,환승,3,5,5) 대합실 방향 엘리베이터 탑승
01,수도권,S1,6,6호선,0397,약수,3,환승,3,6,6) (B1) 대합실로 이동
01,수도권,S1,6,6호선,0397,약수,3,환승,3,7,7) 3호선 방향 환승 엘리베이터 탑승
01,수도권,S1,6,6호선,0397,약수,3,환승,3,8,8) (B1) 3호선 대합실로 이동
01,수도권,S1,6,6호선,0397,약수,3,환승,3,9,9) 표 내는 곳 통과
01,수도권,S1,6,6호선,0397,약수,3,환승,3,10,10) 승강장 방향 엘리베이터 탑승
01,수도권,S1,6,6호선,0397,약수,3,환승,3,11,11) (B2) 3호선 동대입구 방면 승강장으로 이동
01,수도권,S1,6,6호선,0397,약수,3,환승,3,12,12) 승차 (휠체어칸)
01,수도권,S1,6,6호선,0397,약수,3,환승,4,1,1) (B3) 6호선 청구 방면 승강장 하차
01,수도권,S1,6,6호선,0397,약수,3,환승,4,2,2) 대합실 방향 엘리베이터 탑승
01,수도권,S1,6,6호선,0397,약수,3,환승,4,3,3) (B2) 대합실로 이동
01,수도권,S1,6,6호선,0397,약수,3,환승,4,4,4) 표 내는 곳 통과
01,수도권,S1,6,6호선,0397,약수,3,환승,4,5,5) 대합실 방향 엘리베이터 탑승
01,수도권,S1,6,6호선,0397,약수,3,환승,4,6,6) (B1) 대합실로 이동
01,수도권,S1,6,6호선,0397,약수,3,환승,4,7,7) 3호선 방향 환승 엘리베이터 탑승
01,수도권,S1,6,6호선,0397,약수,3,환승,4,8,8) (B1) 3호선 대합실로 이동
01,수도권,S1,6,6호선,0397,약수,3,환승,4,9,9) 표 내는 곳 통과
01,수도권,S1,6,6호선,0397,약수,3,환승,4,10,10) 승강장 방향 엘리베이터 탑승
01,수도권,S1,6,6호선,0397,약수,3,환승,4,11,11) (B2) 3호선 금호 방면 승강장으로 이동
01,수도권,S1,6,6호선,0397,약수,3,환승,4,12,12) 승차 (휠체어칸)
01,수도권,S1,6,6호선,0549,청구,1,출입구-승강장,1,1,1) (1F) 1번 출입구 옆 엘리베이터 탑승
01,수도권,S1,6,6호선,0549,청구,1,출입구-승강장,1,2,2) (B1) 대합실로 이동
01,수도권,S1,6,6호선,0549,청구,1,출입구-승강장,1,3,3) 표 내는 곳 통과
01,수도권,S1,6,6호선,0549,청구,1,출입구-승강장,1,4,4) 약수 방면 엘리베이터 탑승
01,수도권,S1,6,6호선,0549,청구,1,출입구-승강장,1,5,5) (B2) 약수 방면 승강장으로 이동
01,수도권,S1,6,6호선,0549,청구,1,출입구-승강장,1,6,6) 승차 (휠체어칸)
01,수도권,S1,6,6호선,0549,청구,1,출입구-승강장,2,1,1) (1F) 1번 출입구 옆 엘리베이터 탑승
01,수도권,S1,6,6호선,0549,청구,1,출입구-승강장,2,2,2) (B1) 대합실로 이동
01,수도권,S1,6,6호선,0549,청구,1,출입구-승강장,2,3,3) 표 내는 곳 통과
01,수도권,S1,6,6호선,0549,청구,1,출입구-승강장,2,4,4) 신당 방면 엘리베이터 탑승
01,수도권,S1,6,6호선,0549,청구,1,출입구-승강장,2,5,5) (B2) 신당 방면 승강장으로 이동
01,수도권,S1,6,6호선,0549,청구,1,출입구-승강장,2,6,6) 승차 (휠체어칸)
01,수도권,S1,6,6호선,0549,청구,1,출입구-승강장,3,1,1) (1F) 3번 출입구 옆 엘리베이터 탑승
01,수도권,S1,6,6호선,0549,청구,1,출입구-승강장,3,2,2) (B1) 대합실로 이동
01,수도권,S1,6,6호선,0549,청구,1,출입구-승강장,3,3,3) 표 내는 곳 통과
01,수도권,S1,6,6호선,0549,청구,1,출입구-승강장,3,4,4) 약수 방면 엘리베이터 탑승
01,수도권,S1,6,6호선,0549,청구,1,출입구-승강장,3,5,5) (B2) 약수 방면 승강장으로 이동
01,수도권,S1,6,6호선,0549,청구,1,출입구-승강장,3,6,6) 승차 (휠체어칸)
01,수도권,S1,6,6호선,0549,청구,1,출입구-승강장,4,1,1) (1F) 3번 출입구 옆 엘리베이터 탑승
01,수도권,S1,6,6호선,0549,청구,1,출입구-승강장,4,2,2) (B1) 대합실로 이동
01,수도권,S1,6,6호선,0549,청구,1,출입구-승강장,4,3,3) 표 내는 곳 통과
01,수도권,S1,6,6호선,0549,청구,1,출입구-승강장,4,4,4) 신당 방면 엘리베이터 탑승
01,수도권,S1,6,6호선,0549,청구,1,출입구-승강장,4,5,5) (B2) 신당 방면 승강장으로 이동
01,수도권,S1,6,6호선,0549,청구,1,출입구-승강장,4,6,6) 승차 (휠체어칸)
01,수도권,S1,6,6호선,0549,청구,3,환승,1,1,1) (B2) 6호선 약수 방면 승강장 하차
01,수도권,S1,6,6호선,0549,청구,3,환승,1,2,2) 5호선 대합실 방향 엘리베이터 탑승
01,수도권,S1,6,6호선,0549,청구,3,환승,1,3,3) (B3) 5호선 대합실로 이동
01,수도권,S1,6,6호선,0549,청구,3,환승,1,4,4) 승강장 방향 중앙 엘리베이터 탑승
01,수도권,S1,6,6호선,0549,청구,3,환승,1,5,5) (B4) 5호선 동대문역사문화공원 방면 승강장으로 이동
01,수도권,S1,6,6호선,0549,청구,3,환승,1,6,6) 승차 (휠체어칸)
01,수도권,S1,6,6호선,0549,청구,3,환승,2,1,1) (B2) 6호선 약수 방면 승강장 하차
01,수도권,S1,6,6호선,0549,청구,3,환승,2,2,2) 5호선 대합실 방향 엘리베이터 탑승
01,수도권,S1,6,6호선,0549,청구,3,환승,2,3,3) (B3) 5호선 대합실로 이동
01,수도권,S1,6,6호선,0549,청구,3,환승,2,4,4) 승강장 방향 중앙 엘리베이터 탑승
01,수도권,S1,6,6호선,0549,청구,3,환승,2,5,5) (B4) 5호선 신금호 방면 승강장으로 이동
01,수도권,S1,6,6호선,0549,청구,3,환승,2,6,6) 승차 (휠체어칸)
01,수도권,S1,6,6호선,0549,청구,3,환승,3,1,1) (B2) 6호선 신당 방면 승강장 하차
01,수도권,S1,6,6호선,0549,청구,3,환승,3,2,2) 5호선 대합실 방향 엘리베이터 탑승
01,수도권,S1,6,6호선,0549,청구,3,환승,3,3,3) (B3) 5호선 대합실로 이동
01,수도권,S1,6,6호선,0549,청구,3,환승,3,4,4) 승강장 방향 중앙 엘리베이터 탑승
01,수도권,S1,6,6호선,0549,청구,3,환승,3,5,5) (B4) 5호선 동대문역사문화공원 방면 승강장으로 이동
01,수도권,S1,6,6호선,0549,청구,3,환승,3,6,6) 승차 (휠체어칸)
01,수도권,S1,6,6호선,0549,청구,3,환승,4,1,1) (B2) 6호선 신당 방면 승강장 하차
01,수도권,S1,6,6호선,0549,청구,3,환승,4,2,2) 5호선 대합실 방향 엘리베이터 탑승
01,수도권,S1,6,6호선,0549,청구,3,환승,4,3,3) (B3) 5호선 대합실로 이동
01,수도권,S1,6,6호선,0549,청구,3,환승,4,4,4) 승강장 방향 중앙 엘리베이터 탑승
01,수도권,S1,6,6호선,0549,청구,3,환승,4,5,5) (B4) 5호선 신금호 방면 승강장으로 이동
01,수도권,S1,6,6호선,0549,청구,3,환승,4,6,6) 승차 (휠체어칸)
01,수도권,S1,6,6호선,0356,신당,1,출입구-승강장,1,1,1) (1F) 11번 출입구 옆 엘리베이터 탑승
01,수도권,S1,6,6호선,0356,신당,1,출입구-승강장,1,2,2) (B1) 대합실로 이동
01,수도권,S1,6,6호선,0356,신당,1,출입구-승강장,1,3,3) 표 내는 곳 통과
01,수도권,S1,6,6호선,0356,신당,1,출입구-승강장,1,4,4) 승강장 방향 엘리베이터 탑승
01,수도권,S1,6,6호선,0356,신당,1,출입구-승강장,1,5,5) (B3) 청구 방면 승강장으로 이동
01,수도권,S1,6,6호선,0356,신당,1,출입구-승강장,1,6,6) 승차 (휠체어칸)
01,수도권,S1,6,6호선,0356,신당,1,출입구-승강장,2,1,1) (1F) 11번 출입구 옆 엘리베이터 탑승
01,수도권,S1,6,6호선,0356,신당,1,출입구-승강장,2,2,2) (B1) 대합실로 이동
01,수도권,S1,6,6호선,0356,신당,1,출입구-승강장,2,3,3) 표 내는 곳 통과
01,수도권,S1,6,6호선,0356,신당,1,출입구-승강장,2,4,4) 승강장 방향 엘리베이터 탑승
01,수도권,S1,6,6호선,0356,신당,1,출입구-승강장,2,5,5) (B3) 동묘앞 방면 승강장으로 이동
01,수도권,S1,6,6호선,0356,신당,1,출입구-승강장,2,6,6) 승차 (휠체어칸)
01,수도권,S1,6,6호선,0356,신당,3,환승,1,1,1) (B2) 6호선 청구 방면 승강장 하차
01,수도권,S1,6,6호선,0356,신당,3,환승,1,2,2) 환승통로 방향 휠체어리프트 탑승
01,수도권,S1,6,6호선,0356,신당,3,환승,1,3,3) (B2) 대합실로 이동
01,수도권,S1,6,6호선,0356,신당,3,환승,1,4,4) 환승통로 방향 휠체어리프트 탑승
01,수도권,S1,6,6호선,0356,신당,3,환승,1,5,5) (B1) 환승통로로 이동
01,수도권,S1,6,6호선,0356,신당,3,환승,1,6,6) 2호선 동대문역사문화공원 방면 휠체어리프트 탑승
01,수도권,S1,6,6호선,0356,신당,3,환승,1,7,7) (B2) 2호선 동대문역사문화공원 방면 승강장으로 이동
01,수도권,S1,6,6호선,0356,신당,3,환승,1,8,8) 승차 (휠체어칸)
01,수도권,S1,6,6호선,0356,신당,3,환승,2,1,1) (B2) 6호선 청구 방면 승강장 하차
01,수도권,S1,6,6호선,0356,신당,3,환승,2,2,2) 환승통로 방향 휠체어리프트 탑승
01,수도권,S1,6,6호선,0356,신당,3,환승,2,3,3) (B2) 대합실로 이동
01,수도권,S1,6,6호선,0356,신당,3,환승,2,4,4) 환승통로 방향 휠체어리프트 탑승
01,수도권,S1,6,6호선,0356,신당,3,환승,2,5,5) (B1) 환승통로로 이동
01,수도권,S1,6,6호선,0356,신당,3,환승,2,6,6) 2호선 상왕십리 방면 휠체어리프트 탑승
01,수도권,S1,6,6호선,0356,신당,3,환승,2,7,7) (B2) 2호선 상왕십리 방면 승강장으로 이동
01,수도권,S1,6,6호선,0356,신당,3,환승,2,8,8) 승차 (휠체어칸)
01,수도권,S1,6,6호선,0356,신당,3,환승,3,1,1) (B2) 6호선 동묘앞 방면 승강장 하차
01,수도권,S1,6,6호선,0356,신당,3,환승,3,2,2) 환승통로 방향 휠체어리프트 탑승
01,수도권,S1,6,6호선,0356,신당,3,환승,3,3,3) (B2) 대합실로 이동
01,수도권,S1,6,6호선,0356,신당,3,환승,3,4,4) 환승통로 방향 휠체어리프트 탑승
01,수도권,S1,6,6호선,0356,신당,3,환승,3,5,5) (B1) 환승통로로 이동
01,수도권,S1,6,6호선,0356,신당,3,환승,3,6,6) 2호선 동대문역사문화공원 방면 휠체어리프트 탑승
01,수도권,S1,6,6호선,0356,신당,3,환승,3,7,7) (B2) 2호선 동대문역사문화공원 방면 승강장으로 이동
01,수도권,S1,6,6호선,0356,신당,3,환승,3,8,8) 승차 (휠체어칸)
01,수도권,S1,6,6호선,0356,신당,3,환승,4,1,1) (B2) 6호선 동묘앞 방면 승강장 하차
01,수도권,S1,6,6호선,0356,신당,3,환승,4,2,2) 환승통로 방향 휠체어리프트 탑승
01,수도권,S1,6,6호선,0356,신당,3,환승,4,3,3) (B2) 대합실로 이동
01,수도권,S1,6,6호선,0356,신당,3,환승,4,4,4) 환승통로 방향 휠체어리프트 탑승
01,수도권,S1,6,6호선,0356,신당,3,환승,4,5,5) (B1) 환승통로로 이동
01,수도권,S1,6,6호선,0356,신당,3,환승,4,6,6) 2호선 상왕십리 방면 휠체어리프트 탑승
01,수도권,S1,6,6호선,0356,신당,3,환승,4,7,7) (B2) 2호선 상왕십리 방면 승강장으로 이동
01,수도권,S1,6,6호선,0356,신당,3,환승,4,8,8) 승차 (휠체어칸)
01,수도권,S1,6,6호선,0161,동묘앞,1,출입구-승강장,1,1,1) (1F) 2번 출입구 대합실로 이동
01,수도권,S1,6,6호선,0161,동묘앞,1,출입구-승강장,1,2,2) 표 내는 곳 통과
01,수도권,S1,6,6호선,0161,동묘앞,1,출입구-승강장,1,3,3) 신설동 방면 엘리베이터 탑승
01,수도권,S1,6,6호선,0161,동묘앞,1,출입구-승강장,1,4,4) (B1) 신설동 방면 승강장으로 이동
01,수도권,S1,6,6호선,0161,동묘앞,1,출입구-승강장,1,5,5) 6호선 환승통로 방향 엘리베이터 탑승
01,수도권,S1,6,6호선,0161,동묘앞,1,출입구-승강장,1,6,6) (B2) 환승통로로 이동
01,수도권,S1,6,6호선,0161,동묘앞,1,출입구-승강장,1,7,7) 6호선 승강장 방향 엘리베이터 탑승
01,수도권,S1,6,6호선,0161,동묘앞,1,출입구-승강장,1,8,8) (B3) 신당 방면 승강장으로 이동
01,수도권,S1,6,6호선,0161,동묘앞,1,출입구-승강장,1,9,9) 승차 (휠체어칸)
01,수도권,S1,6,6호선,0161,동묘앞,1,출입구-승강장,2,1,1) (1F) 2번 출입구 대합실로 이동
01,수도권,S1,6,6호선,0161,동묘앞,1,출입구-승강장,2,2,2) 표 내는 곳 통과
01,수도권,S1,6,6호선,0161,동묘앞,1,출입구-승강장,2,3,3) 신설동 방면 엘리베이터 탑승
01,수도권,S1,6,6호선,0161,동묘앞,1,출입구-승강장,2,4,4) (B1) 신설동 방면 승강장으로 이동
01,수도권,S1,6,6호선,0161,동묘앞,1,출입구-승강장,2,5,5) 6호선 환승통로 방향 엘리베이터 탑승
01,수도권,S1,6,6호선,0161,동묘앞,1,출입구-승강장,2,6,6) (B2) 환승통로로 이동
01,수도권,S1,6,6호선,0161,동묘앞,1,출입구-승강장,2,7,7) 6호선 승강장 방향 엘리베이터 탑승
01,수도권,S1,6,6호선,0161,동묘앞,1,출입구-승강장,2,8,8) (B3) 창신 방면 승강장으로 이동
01,수도권,S1,6,6호선,0161,동묘앞,1,출입구-승강장,2,9,9) 승차 (휠체어칸)
01,수도권,S1,6,6호선,0161,동묘앞,1,출입구-승강장,3,1,1) (1F) 3번 출입구 옆 엘리베이터 탑승
01,수도권,S1,6,6호선,0161,동묘앞,1,출입구-승강장,3,2,2) (B1) 동대문 방면 승강장으로 이동
01,수도권,S1,6,6호선,0161,동묘앞,1,출입구-승강장,3,3,3) 표 내는 곳 통과
01,수도권,S1,6,6호선,0161,동묘앞,1,출입구-승강장,3,4,4) 6호선 환승통로 방향 엘리베이터 탑승
01,수도권,S1,6,6호선,0161,동묘앞,1,출입구-승강장,3,5,5) (B2) 환승통로로 이동
01,수도권,S1,6,6호선,0161,동묘앞,1,출입구-승강장,3,6,6) 6호선 승강장 방향 엘리베이터 탑승
01,수도권,S1,6,6호선,0161,동묘앞,1,출입구-승강장,3,7,7) (B3) 신당 방면 승강장으로 이동
01,수도권,S1,6,6호선,0161,동묘앞,1,출입구-승강장,3,8,8) 승차 (휠체어칸)
01,수도권,S1,6,6호선,0161,동묘앞,1,출입구-승강장,4,1,1) (1F) 3번 출입구 옆 엘리베이터 탑승
01,수도권,S1,6,6호선,0161,동묘앞,1,출입구-승강장,4,2,2) (B1) 동대문 방면 승강장으로 이동
01,수도권,S1,6,6호선,0161,동묘앞,1,출입구-승강장,4,3,3) 표 내는 곳 통과
01,수도권,S1,6,6호선,0161,동묘앞,1,출입구-승강장,4,4,4) 6호선 환승통로 방향 엘리베이터 탑승
01,수도권,S1,6,6호선,0161,동묘앞,1,출입구-승강장,4,5,5) (B2) 환승통로로 이동
01,수도권,S1,6,6호선,0161,동묘앞,1,출입구-승강장,4,6,6) 6호선 승강장 방향 엘리베이터 탑승
01,수도권,S1,6,6호선,0161,동묘앞,1,출입구-승강장,4,7,7) (B3) 창신 방면 승강장으로 이동
01,수도권,S1,6,6호선,0161,동묘앞,1,출입구-승강장,4,8,8) 승차 (휠체어칸)
01,수도권,S1,6,6호선,0161,동묘앞,1,출입구-승강장,5,1,1) (1F)  10번 출입구 옆 엘리베이터 탑승
01,수도권,S1,6,6호선,0161,동묘앞,1,출입구-승강장,5,2,2) (BM) 대합실 이동 및 표 내는 곳 통과
01,수도권,S1,6,6호선,0161,동묘앞,1,출입구-승강장,5,3,3) 동대문 방면 엘리베이터 탑승
01,수도권,S1,6,6호선,0161,동묘앞,1,출입구-승강장,5,4,4) (B2) 환승통로로 이동
01,수도권,S1,6,6호선,0161,동묘앞,1,출입구-승강장,5,5,5) 6호선 승강장 방면 엘리베이터 탑승
01,수도권,S1,6,6호선,0161,동묘앞,1,출입구-승강장,5,6,6) (B3) 신당 방면 승강장으로 이동
01,수도권,S1,6,6호선,0161,동묘앞,1,출입구-승강장,5,7,7) 승차(휠체어칸)
01,수도권,S1,6,6호선,0161,동묘앞,1,출입구-승강장,6,1,1) (1F)  10번 출입구 옆 엘리베이터 탑승
01,수도권,S1,6,6호선,0161,동묘앞,1,출입구-승강장,6,2,2) (BM) 대합실 이동 및 표 내는 곳 통과
01,수도권,S1,6,6호선,0161,동묘앞,1,출입구-승강장,6,3,3) 동대문 방면 엘리베이터 탑승
01,수도권,S1,6,6호선,0161,동묘앞,1,출입구-승강장,6,4,4) (B2) 환승통로로 이동
01,수도권,S1,6,6호선,0161,동묘앞,1,출입구-승강장,6,5,5) 6호선 승강장 방면 엘리베이터 탑승
01,수도권,S1,6,6호선,0161,동묘앞,1,출입구-승강장,6,6,6) (B3) 창신 방면 승강장으로 이동
01,수도권,S1,6,6호선,0161,동묘앞,1,출입구-승강장,6,7,7) 승차(휠체어칸)
01,수도권,S1,6,6호선,0161,동묘앞,3,환승,1,1,1) (B2) 6호선 신당 방면 승강장 하차
01,수도권,S1,6,6호선,0161,동묘앞,3,환승,1,2,2) 환승통로 방향 엘리베이터 탑승
01,수도권,S1,6,6호선,0161,동묘앞,3,환승,1,3,3) (B2) 환승통로로 이동
01,수도권,S1,6,6호선,0161,동묘앞,3,환승,1,4,4) 1호선 신설동 방면 엘리베이터 탑승
01,수도권,S1,6,6호선,0161,동묘앞,3,환승,1,5,5) (B1) 1호선 신설동 방면 승강장으로 이동
01,수도권,S1,6,6호선,0161,동묘앞,3,환승,1,6,6) 승차 (휠체어칸)
01,수도권,S1,6,6호선,0161,동묘앞,3,환승,2,1,1) (B2) 6호선 신당 방면 승강장 하차
01,수도권,S1,6,6호선,0161,동묘앞,3,환승,2,2,2) 환승통로 방향 엘리베이터 탑승
01,수도권,S1,6,6호선,0161,동묘앞,3,환승,2,3,3) (B2) 환승통로로 이동
01,수도권,S1,6,6호선,0161,동묘앞,3,환승,2,4,4) 1호선 동대문 방면 엘리베이터 탑승
01,수도권,S1,6,6호선,0161,동묘앞,3,환승,2,5,5) (B1) 1호선 동대문 방면 승강장으로 이동
01,수도권,S1,6,6호선,0161,동묘앞,3,환승,2,6,6) 승차 (휠체어칸)
01,수도권,S1,6,6호선,0161,동묘앞,3,환승,3,1,1) (B2) 6호선 창신 방면 승강장 하차
01,수도권,S1,6,6호선,0161,동묘앞,3,환승,3,2,2) 환승통로 방향 엘리베이터 탑승
01,수도권,S1,6,6호선,0161,동묘앞,3,환승,3,3,3) (B2) 환승통로로 이동
01,수도권,S1,6,6호선,0161,동묘앞,3,환승,3,4,4) 1호선 신설동 방면 엘리베이터 탑승
01,수도권,S1,6,6호선,0161,동묘앞,3,환승,3,5,5) (B1) 1호선 신설동 방면 승강장으로 이동
01,수도권,S1,6,6호선,0161,동묘앞,3,환승,3,6,6) 승차 (휠체어칸)
01,수도권,S1,6,6호선,0161,동묘앞,3,환승,4,1,1) (B2) 6호선 창신 방면 승강장 하차
01,수도권,S1,6,6호선,0161,동묘앞,3,환승,4,2,2) 환승통로 방향 엘리베이터 탑승
01,수도권,S1,6,6호선,0161,동묘앞,3,환승,4,3,3) (B2) 환승통로로 이동
01,수도권,S1,6,6호선,0161,동묘앞,3,환승,4,4,4) 1호선 동대문 방면 엘리베이터 탑승
01,수도권,S1,6,6호선,0161,동묘앞,3,환승,4,5,5) (B1) 1호선 동대문 방면 승강장으로 이동
01,수도권,S1,6,6호선,0161,동묘앞,3,환승,4,6,6) 승차 (휠체어칸)
01,수도권,S1,6,6호선,0542,창신,1,출입구-승강장,1,1,1) (1F) 2번 출입구 옆 엘리베이터 탑승
01,수도권,S1,6,6호선,0542,창신,1,출입구-승강장,1,2,2) (B1) 대합실로 이동
01,수도권,S1,6,6호선,0542,창신,1,출입구-승강장,1,3,3) 표 내는 곳 통과
01,수도권,S1,6,6호선,0542,창신,1,출입구-승강장,1,4,4) 승강장 방향 엘리베이터 탑승
01,수도권,S1,6,6호선,0542,창신,1,출입구-승강장,1,5,5) (B4) 동묘앞 방면 승강장으로 이동
01,수도권,S1,6,6호선,0542,창신,1,출입구-승강장,1,6,6) 승차 (휠체어칸)
01,수도권,S1,6,6호선,0542,창신,1,출입구-승강장,2,1,1) (1F) 2번 출입구 옆 엘리베이터 탑승
01,수도권,S1,6,6호선,0542,창신,1,출입구-승강장,2,2,2) (B1) 대합실로 이동
01,수도권,S1,6,6호선,0542,창신,1,출입구-승강장,2,3,3) 표 내는 곳 통과
01,수도권,S1,6,6호선,0542,창신,1,출입구-승강장,2,4,4) 승강장 방향 엘리베이터 탑승
01,수도권,S1,6,6호선,0542,창신,1,출입구-승강장,2,5,5) (B4) 보문 방면 승강장으로 이동
01,수도권,S1,6,6호선,0542,창신,1,출입구-승강장,2,6,6) 승차 (휠체어칸)
01,수도권,S1,6,6호선,0542,창신,1,출입구-승강장,3,1,1) (1F) 4번 출입구 옆 엘리베이터 탑승
01,수도권,S1,6,6호선,0542,창신,1,출입구-승강장,3,2,2) (B1) 대합실로 이동
01,수도권,S1,6,6호선,0542,창신,1,출입구-승강장,3,3,3) 표 내는 곳 통과
01,수도권,S1,6,6호선,0542,창신,1,출입구-승강장,3,4,4) 승강장 방향 엘리베이터 탑승
01,수도권,S1,6,6호선,0542,창신,1,출입구-승강장,3,5,5) (B4) 동묘앞 방면 승강장으로 이동
01,수도권,S1,6,6호선,0542,창신,1,출입구-승강장,3,6,6) 승차 (휠체어칸)
01,수도권,S1,6,6호선,0542,창신,1,출입구-승강장,4,1,1) (1F) 4번 출입구 옆 엘리베이터 탑승
01,수도권,S1,6,6호선,0542,창신,1,출입구-승강장,4,2,2) (B1) 대합실로 이동
01,수도권,S1,6,6호선,0542,창신,1,출입구-승강장,4,3,3) 표 내는 곳 통과
01,수도권,S1,6,6호선,0542,창신,1,출입구-승강장,4,4,4) 승강장 방향 엘리베이터 탑승
01,수도권,S1,6,6호선,0542,창신,1,출입구-승강장,4,5,5) (B4) 보문 방면 승강장으로 이동
01,수도권,S1,6,6호선,0542,창신,1,출입구-승강장,4,6,6) 승차 (휠체어칸)
01,수도권,S1,6,6호선,0234,보문,1,출입구-승강장,1,1,1) (1F) 7번 출입구 옆 엘리베이터 탑승
01,수도권,S1,6,6호선,0234,보문,1,출입구-승강장,1,2,2) (B2) 대합실로 이동
01,수도권,S1,6,6호선,0234,보문,1,출입구-승강장,1,3,3) 표 내는 곳 통과
01,수도권,S1,6,6호선,0234,보문,1,출입구-승강장,1,4,4) 승강장 방향 엘리베이터 탑승
01,수도권,S1,6,6호선,0234,보문,1,출입구-승강장,1,5,5) (B3) 창신 방면 승강장으로 이동
01,수도권,S1,6,6호선,0234,보문,1,출입구-승강장,1,6,6) 승차 (휠체어칸)
01,수도권,S1,6,6호선,0234,보문,1,출입구-승강장,2,1,1) (1F) 7번 출입구 옆 엘리베이터 탑승
01,수도권,S1,6,6호선,0234,보문,1,출입구-승강장,2,2,2) (B2) 대합실로 이동
01,수도권,S1,6,6호선,0234,보문,1,출입구-승강장,2,3,3) 표 내는 곳 통과
01,수도권,S1,6,6호선,0234,보문,1,출입구-승강장,2,4,4) 승강장 방향 엘리베이터 탑승
01,수도권,S1,6,6호선,0234,보문,1,출입구-승강장,2,5,5) (B3) 안암 방면 승강장으로 이동
01,수도권,S1,6,6호선,0234,보문,1,출입구-승강장,2,6,6) 승차 (휠체어칸)
01,수도권,S1,6,6호선,0234,보문,3,환승,1,1,1) (B3) 6호선 창신 방면 승강장 하차
01,수도권,S1,6,6호선,0234,보문,3,환승,1,2,2) 대합실 방향 엘리베이터 탑승
01,수도권,S1,6,6호선,0234,보문,3,환승,1,3,3) (B2) 대합실로 이동
01,수도권,S1,6,6호선,0234,보문,3,환승,1,4,4) 표 내는 곳 통과
01,수도권,S1,6,6호선,0234,보문,3,환승,1,5,5) 우이신설선 신설동 방면 엘리베이터 탑승
01,수도권,S1,6,6호선,0234,보문,3,환승,1,6,6) (B4) 우이신설선 신설동 방면 승강장으로 이동
01,수도권,S1,6,6호선,0234,보문,3,환승,1,7,7) 승차 (휠체어칸)
01,수도권,S1,6,6호선,0234,보문,3,환승,2,1,1) (B3) 6호선 창신 방면 승강장 하차
01,수도권,S1,6,6호선,0234,보문,3,환승,2,2,2) 대합실 방향 엘리베이터 탑승
01,수도권,S1,6,6호선,0234,보문,3,환승,2,3,3) (B2) 대합실로 이동
01,수도권,S1,6,6호선,0234,보문,3,환승,2,4,4) 표 내는 곳 통과
01,수도권,S1,6,6호선,0234,보문,3,환승,2,5,5) 우이신설선 성신여대입구 방면 엘리베이터 탑승
01,수도권,S1,6,6호선,0234,보문,3,환승,2,6,6) (B4) 우이신설선 성신여대입구 방면 승강장으로 이동
01,수도권,S1,6,6호선,0234,보문,3,환승,2,7,7) 승차 (휠체어칸)
01,수도권,S1,6,6호선,0234,보문,3,환승,3,1,1) (B3) 6호선 안암 방면 승강장 하차
01,수도권,S1,6,6호선,0234,보문,3,환승,3,2,2) 대합실 방향 엘리베이터 탑승
01,수도권,S1,6,6호선,0234,보문,3,환승,3,3,3) (B2) 대합실로 이동
01,수도권,S1,6,6호선,0234,보문,3,환승,3,4,4) 표 내는 곳 통과
01,수도권,S1,6,6호선,0234,보문,3,환승,3,5,5) 우이신설선 신설동 방면 엘리베이터 탑승
01,수도권,S1,6,6호선,0234,보문,3,환승,3,6,6) (B4) 우이신설선 신설동 방면 승강장으로 이동
01,수도권,S1,6,6호선,0234,보문,3,환승,3,7,7) 승차 (휠체어칸)
01,수도권,S1,6,6호선,0234,보문,3,환승,4,1,1) (B3) 6호선 안암 방면 승강장 하차
01,수도권,S1,6,6호선,0234,보문,3,환승,4,2,2) 대합실 방향 엘리베이터 탑승
01,수도권,S1,6,6호선,0234,보문,3,환승,4,3,3) (B2) 대합실로 이동
01,수도권,S1,6,6호선,0234,보문,3,환승,4,4,4) 표 내는 곳 통과
01,수도권,S1,6,6호선,0234,보문,3,환승,4,5,5) 우이신설선 성신여대입구 방면 엘리베이터 탑승
01,수도권,S1,6,6호선,0234,보문,3,환승,4,6,6) (B4) 우이신설선 성신여대입구 방면 승강장으로 이동
01,수도권,S1,6,6호선,0234,보문,3,환승,4,7,7) 승차 (휠체어칸)
01,수도권,S1,6,6호선,0389,안암,1,출입구-승강장,1,1,1) (1F) 1번 출입구 옆 엘리베이터 탑승
01,수도권,S1,6,6호선,0389,안암,1,출입구-승강장,1,2,2) (B2) 대합실로 이동
01,수도권,S1,6,6호선,0389,안암,1,출입구-승강장,1,3,3) 표 내는 곳 통과
01,수도권,S1,6,6호선,0389,안암,1,출입구-승강장,1,4,4) 보문 방면 엘리베이터 탑승
01,수도권,S1,6,6호선,0389,안암,1,출입구-승강장,1,5,5) (B3) 보문 방면 승강장으로 이동
01,수도권,S1,6,6호선,0389,안암,1,출입구-승강장,1,6,6) 승차 (휠체어칸)
01,수도권,S1,6,6호선,0389,안암,1,출입구-승강장,2,1,1) (1F) 1번 출입구 옆 엘리베이터 탑승
01,수도권,S1,6,6호선,0389,안암,1,출입구-승강장,2,2,2) (B2) 대합실로 이동
01,수도권,S1,6,6호선,0389,안암,1,출입구-승강장,2,3,3) 표 내는 곳 통과
01,수도권,S1,6,6호선,0389,안암,1,출입구-승강장,2,4,4) 고려대 방면 엘리베이터 탑승
01,수도권,S1,6,6호선,0389,안암,1,출입구-승강장,2,5,5) (B3) 고려대 방면 승강장으로 이동
01,수도권,S1,6,6호선,0389,안암,1,출입구-승강장,2,6,6) 승차 (휠체어칸)
01,수도권,S1,6,6호선,0047,고려대,1,출입구-승강장,1,1,1) (1F) 1번 출입구 옆 엘리베이터 탑승
01,수도권,S1,6,6호선,0047,고려대,1,출입구-승강장,1,2,2) (B1) 대합실로 이동
01,수도권,S1,6,6호선,0047,고려대,1,출입구-승강장,1,3,3) 표 내는 곳 통과
01,수도권,S1,6,6호선,0047,고려대,1,출입구-승강장,1,4,4) 안암 방면 엘리베이터 탑승
01,수도권,S1,6,6호선,0047,고려대,1,출입구-승강장,1,5,5) (B4) 안암 방면 승강장으로 이동
01,수도권,S1,6,6호선,0047,고려대,1,출입구-승강장,1,6,6) 승차 (휠체어칸)
01,수도권,S1,6,6호선,0047,고려대,1,출입구-승강장,2,1,1) (1F) 1번 출입구 옆 엘리베이터 탑승
01,수도권,S1,6,6호선,0047,고려대,1,출입구-승강장,2,2,2) (B1) 대합실로 이동
01,수도권,S1,6,6호선,0047,고려대,1,출입구-승강장,2,3,3) 표 내는 곳 통과
01,수도권,S1,6,6호선,0047,고려대,1,출입구-승강장,2,4,4) 월곡 방면 엘리베이터 탑승
01,수도권,S1,6,6호선,0047,고려대,1,출입구-승강장,2,5,5) (B4) 월곡 방면 승강장으로 이동
01,수도권,S1,6,6호선,0047,고려대,1,출입구-승강장,2,6,6) 승차 (휠체어칸)
01,수도권,S1,6,6호선,0047,고려대,1,출입구-승강장,3,1,1) (1F) 3번/4번 출입구 사이 엘리베이터 탑승
01,수도권,S1,6,6호선,0047,고려대,1,출입구-승강장,3,2,2) (B1) 대합실로 이동
01,수도권,S1,6,6호선,0047,고려대,1,출입구-승강장,3,3,3) 표 내는 곳 통과
01,수도권,S1,6,6호선,0047,고려대,1,출입구-승강장,3,4,4) 안암 방면 엘리베이터 탑승
01,수도권,S1,6,6호선,0047,고려대,1,출입구-승강장,3,5,5) (B4) 안암 방면 승강장으로 이동
01,수도권,S1,6,6호선,0047,고려대,1,출입구-승강장,3,6,6) 승차 (휠체어칸)
01,수도권,S1,6,6호선,0047,고려대,1,출입구-승강장,4,1,1) (1F) 3번/4번 출입구 사이 엘리베이터 탑승
01,수도권,S1,6,6호선,0047,고려대,1,출입구-승강장,4,2,2) (B1) 대합실로 이동
01,수도권,S1,6,6호선,0047,고려대,1,출입구-승강장,4,3,3) 표 내는 곳 통과
01,수도권,S1,6,6호선,0047,고려대,1,출입구-승강장,4,4,4) 월곡 방면 엘리베이터 탑승
01,수도권,S1,6,6호선,0047,고려대,1,출입구-승강장,4,5,5) (B4) 월곡 방면 승강장으로 이동
01,수도권,S1,6,6호선,0047,고려대,1,출입구-승강장,4,6,6) 승차 (휠체어칸)
01,수도권,S1,6,6호선,0460,월곡,1,출입구-승강장,1,1,1) (1F) 1번 출입구 옆 엘리베이터 탑승
01,수도권,S1,6,6호선,0460,월곡,1,출입구-승강장,1,2,2) (B2) 대합실로 이동
01,수도권,S1,6,6호선,0460,월곡,1,출입구-승강장,1,3,3) 표 내는 곳 통과
01,수도권,S1,6,6호선,0460,월곡,1,출입구-승강장,1,4,4) 고려대 방면 엘리베이터 탑승
01,수도권,S1,6,6호선,0460,월곡,1,출입구-승강장,1,5,5) (B3) 고려대 방면 승강장으로 이동
01,수도권,S1,6,6호선,0460,월곡,1,출입구-승강장,1,6,6) 승차 (휠체어칸)
01,수도권,S1,6,6호선,0460,월곡,1,출입구-승강장,2,1,1) (1F) 1번 출입구 옆 엘리베이터 탑승
01,수도권,S1,6,6호선,0460,월곡,1,출입구-승강장,2,2,2) (B2) 대합실로 이동
01,수도권,S1,6,6호선,0460,월곡,1,출입구-승강장,2,3,3) 표 내는 곳 통과
01,수도권,S1,6,6호선,0460,월곡,1,출입구-승강장,2,4,4) 상월곡 방면 엘리베이터 탑승
01,수도권,S1,6,6호선,0460,월곡,1,출입구-승강장,2,5,5) (B3) 상월곡 방면 승강장으로 이동
01,수도권,S1,6,6호선,0460,월곡,1,출입구-승강장,2,6,6) 승차 (휠체어칸)
01,수도권,S1,6,6호선,0280,상월곡,1,출입구-승강장,1,1,1) (1F) 4번 출입구 옆 엘리베이터 탑승
01,수도권,S1,6,6호선,0280,상월곡,1,출입구-승강장,1,2,2) (B2) 대합실로 이동
01,수도권,S1,6,6호선,0280,상월곡,1,출입구-승강장,1,3,3) 표 내는 곳 통과
01,수도권,S1,6,6호선,0280,상월곡,1,출입구-승강장,1,4,4) 월곡 방면 엘리베이터 탑승
01,수도권,S1,6,6호선,0280,상월곡,1,출입구-승강장,1,5,5) (B3) 월곡 방면 승강장으로 이동
01,수도권,S1,6,6호선,0280,상월곡,1,출입구-승강장,1,6,6) 승차 (휠체어칸)
01,수도권,S1,6,6호선,0280,상월곡,1,출입구-승강장,2,1,1) (1F) 4번 출입구 옆 엘리베이터 탑승
01,수도권,S1,6,6호선,0280,상월곡,1,출입구-승강장,2,2,2) (B2) 대합실로 이동
01,수도권,S1,6,6호선,0280,상월곡,1,출입구-승강장,2,3,3) 표 내는 곳 통과
01,수도권,S1,6,6호선,0280,상월곡,1,출입구-승강장,2,4,4) 돌곶이 방면 엘리베이터 탑승
01,수도권,S1,6,6호선,0280,상월곡,1,출입구-승강장,2,5,5) (B3) 돌곶이 방면 승강장으로 이동
01,수도권,S1,6,6호선,0280,상월곡,1,출입구-승강장,2,6,6) 승차 (휠체어칸)
01,수도권,S1,6,6호선,0154,돌곶이,1,출입구-승강장,1,1,1) (1F) 3번 출입구 옆 엘리베이터 탑승
01,수도권,S1,6,6호선,0154,돌곶이,1,출입구-승강장,1,2,2) (B1) 대합실로 이동
01,수도권,S1,6,6호선,0154,돌곶이,1,출입구-승강장,1,3,3) 표 내는 곳 통과
01,수도권,S1,6,6호선,0154,돌곶이,1,출입구-승강장,1,4,4) 상월곡 방면 엘리베이터 탑승
01,수도권,S1,6,6호선,0154,돌곶이,1,출입구-승강장,1,5,5) (B2) 상월곡 방면 승강장으로 이동
01,수도권,S1,6,6호선,0154,돌곶이,1,출입구-승강장,1,6,6) 승차 (휠체어칸)
01,수도권,S1,6,6호선,0154,돌곶이,1,출입구-승강장,2,1,1) (1F) 3번 출입구 옆 엘리베이터 탑승
01,수도권,S1,6,6호선,0154,돌곶이,1,출입구-승강장,2,2,2) (B1) 대합실로 이동
01,수도권,S1,6,6호선,0154,돌곶이,1,출입구-승강장,2,3,3) 표 내는 곳 통과
01,수도권,S1,6,6호선,0154,돌곶이,1,출입구-승강장,2,4,4) 석계 방면 엘리베이터 탑승
01,수도권,S1,6,6호선,0154,돌곶이,1,출입구-승강장,2,5,5) (B2) 석계 방면 승강장으로 이동
01,수도권,S1,6,6호선,0154,돌곶이,1,출입구-승강장,2,6,6) 승차 (휠체어칸)
01,수도권,S1,6,6호선,0300,석계,1,출입구-승강장,1,1,1) (1F) 4번 출입구 옆 엘리베이터 탑승
01,수도권,S1,6,6호선,0300,석계,1,출입구-승강장,1,2,2) (B2) 대합실로 이동
01,수도권,S1,6,6호선,0300,석계,1,출입구-승강장,1,3,3) 표 내는 곳 통과
01,수도권,S1,6,6호선,0300,석계,1,출입구-승강장,1,4,4) 돌곶이 방면 엘리베이터 탑승
01,수도권,S1,6,6호선,0300,석계,1,출입구-승강장,1,5,5) (B3) 돌곶이 방면 승강장으로 이동
01,수도권,S1,6,6호선,0300,석계,1,출입구-승강장,1,6,6) 승차 (휠체어칸)
01,수도권,S1,6,6호선,0300,석계,1,출입구-승강장,2,1,1) (1F) 4번 출입구 옆 엘리베이터 탑승
01,수도권,S1,6,6호선,0300,석계,1,출입구-승강장,2,2,2) (B2) 대합실로 이동
01,수도권,S1,6,6호선,0300,석계,1,출입구-승강장,2,3,3) 표 내는 곳 통과
01,수도권,S1,6,6호선,0300,석계,1,출입구-승강장,2,4,4) 태릉입구 방면 엘리베이터 탑승
01,수도권,S1,6,6호선,0300,석계,1,출입구-승강장,2,5,5) (B3) 태릉입구 방면 승강장으로 이동
01,수도권,S1,6,6호선,0300,석계,1,출입구-승강장,2,6,6) 승차 (휠체어칸)
01,수도권,S1,6,6호선,0300,석계,3,환승,1,1,1) (B3) 6호선 돌곶이 방면 승강장 하차
01,수도권,S1,6,6호선,0300,석계,3,환승,1,2,2) 1번칸 옆 휠체어리프트 탑승
01,수도권,S1,6,6호선,0300,석계,3,환승,1,3,3) (B2)  표 내는 곳 통과 후 대합실 엘리베이터로 이동
01,수도권,S1,6,6호선,0300,석계,3,환승,1,4,4) 1호선 대합실 방향 엘리베이터 탑승
01,수도권,S1,6,6호선,0300,석계,3,환승,1,5,5) (B1) 1호선 대합실로 이동
01,수도권,S1,6,6호선,0300,석계,3,환승,1,6,6) 표 내는 곳 통과
01,수도권,S1,6,6호선,0300,석계,3,환승,1,7,7) 1호선 석계역 역사로 들어가 개집표기 통과 후 내부 엘리베이터 이용
01,수도권,S1,6,6호선,0300,석계,3,환승,1,8,8) (2F) 1호선 광운대 방면 승강장으로 이동
01,수도권,S1,6,6호선,0300,석계,3,환승,1,9,9) 승차 (휠체어칸)
01,수도권,S1,6,6호선,0300,석계,3,환승,2,1,1) (B3) 6호선 돌곶이 방면 승강장 하차
01,수도권,S1,6,6호선,0300,석계,3,환승,2,2,2) 1번칸 옆 휠체어리프트 탑승
01,수도권,S1,6,6호선,0300,석계,3,환승,2,3,3) (B2)  표 내는 곳 통과 후 대합실 엘리베이터로 이동
01,수도권,S1,6,6호선,0300,석계,3,환승,2,4,4) 1호선 대합실 방향 엘리베이터 탑승
01,수도권,S1,6,6호선,0300,석계,3,환승,2,5,5) (B1) 1호선 대합실로 이동
01,수도권,S1,6,6호선,0300,석계,3,환승,2,6,6) 표 내는 곳 통과
01,수도권,S1,6,6호선,0300,석계,3,환승,2,7,7) 1호선 석계역 역사로 들어가 개집표기 통과 후 내부 엘리베이터 이용
01,수도권,S1,6,6호선,0300,석계,3,환승,2,8,8) (2F) 1호선 신이문 방면 승강장으로 이동
01,수도권,S1,6,6호선,0300,석계,3,환승,2,9,9) 승차 (휠체어칸)
01,수도권,S1,6,6호선,0300,석계,3,환승,3,1,1) (B3) 6호선 태릉입구 방면 승강장 하차
01,수도권,S1,6,6호선,0300,석계,3,환승,3,2,2) 8번칸 옆 휠체어리프트 탑승
01,수도권,S1,6,6호선,0300,석계,3,환승,3,3,3) (B2) 표 내는 곳 통과 후 대합실 엘리베이터로 이동
01,수도권,S1,6,6호선,0300,석계,3,환승,3,4,4) 1호선 대합실 방향 엘리베이터 탑승
01,수도권,S1,6,6호선,0300,석계,3,환승,3,5,5) (B1) 1호선 대합실로 이동
01,수도권,S1,6,6호선,0300,석계,3,환승,3,6,6) 표 내는 곳 통과
01,수도권,S1,6,6호선,0300,석계,3,환승,3,7,7) 1호선 석계역 역사로 들어가 개집표기 통과 후 내부 엘리베이터 이용
01,수도권,S1,6,6호선,0300,석계,3,환승,3,8,8) (2F) 1호선 광운대 방면 승강장으로 이동
01,수도권,S1,6,6호선,0300,석계,3,환승,3,9,9) 승차 (휠체어칸)
01,수도권,S1,6,6호선,0300,석계,3,환승,4,1,1) (B3) 6호선 태릉입구 방면 승강장 하차
01,수도권,S1,6,6호선,0300,석계,3,환승,4,2,2) 8번칸 옆 휠체어리프트 탑승
01,수도권,S1,6,6호선,0300,석계,3,환승,4,3,3) (B2) 표 내는 곳 통과 후 대합실 엘리베이터로 이동
01,수도권,S1,6,6호선,0300,석계,3,환승,4,4,4) 1호선 대합실 방향 엘리베이터 탑승
01,수도권,S1,6,6호선,0300,석계,3,환승,4,5,5) (B1) 1호선 대합실로 이동
01,수도권,S1,6,6호선,0300,석계,3,환승,4,6,6) 표 내는 곳 통과
01,수도권,S1,6,6호선,0300,석계,3,환승,4,7,7) 1호선 석계역 역사로 들어가 개집표기 통과 후 내부 엘리베이터 이용
01,수도권,S1,6,6호선,0300,석계,3,환승,4,8,8) (2F) 1호선 신이문 방면 승강장으로 이동
01,수도권,S1,6,6호선,0300,석계,3,환승,4,9,9) 승차 (휠체어칸)
01,수도권,S1,6,6호선,0568,태릉입구,1,출입구-승강장,1,1,1) (1F) 8번 출입구 옆 엘리베이터 탑승
01,수도권,S1,6,6호선,0568,태릉입구,1,출입구-승강장,1,2,2) (B1) 대합실로 이동
01,수도권,S1,6,6호선,0568,태릉입구,1,출입구-승강장,1,3,3) 표 내는 곳 통과
01,수도권,S1,6,6호선,0568,태릉입구,1,출입구-승강장,1,4,4) 석계 방면 엘리베이터 탑승
01,수도권,S1,6,6호선,0568,태릉입구,1,출입구-승강장,1,5,5) (B2) 석계 방면 승강장으로 이동
01,수도권,S1,6,6호선,0568,태릉입구,1,출입구-승강장,1,6,6) 승차 (휠체어칸)
01,수도권,S1,6,6호선,0568,태릉입구,1,출입구-승강장,2,1,1) (1F) 8번 출입구 옆 엘리베이터 탑승
01,수도권,S1,6,6호선,0568,태릉입구,1,출입구-승강장,2,2,2) (B1) 대합실로 이동
01,수도권,S1,6,6호선,0568,태릉입구,1,출입구-승강장,2,3,3) 표 내는 곳 통과
01,수도권,S1,6,6호선,0568,태릉입구,1,출입구-승강장,2,4,4) 화랑대 방면 엘리베이터 탑승
01,수도권,S1,6,6호선,0568,태릉입구,1,출입구-승강장,2,5,5) (B2) 화랑대 방면 승강장으로 이동
01,수도권,S1,6,6호선,0568,태릉입구,1,출입구-승강장,2,6,6) 승차 (휠체어칸)
01,수도권,S1,6,6호선,0568,태릉입구,3,환승,1,1,1) (B2) 6호선 석계 방면 승강장 하차
01,수도권,S1,6,6호선,0568,태릉입구,3,환승,1,2,2) 대합실 방향 엘리베이터 탑승
01,수도권,S1,6,6호선,0568,태릉입구,3,환승,1,3,3) (B1) 대합실로 이동
01,수도권,S1,6,6호선,0568,태릉입구,3,환승,1,4,4) 7호선 대합실로 이동
01,수도권,S1,6,6호선,0568,태릉입구,3,환승,1,5,5) 공릉 방면 엘리베이터 탑승
01,수도권,S1,6,6호선,0568,태릉입구,3,환승,1,6,6) (B4) 7호선 공릉 방면 승강장으로 이동
01,수도권,S1,6,6호선,0568,태릉입구,3,환승,1,7,7) 승차 (휠체어칸)
01,수도권,S1,6,6호선,0568,태릉입구,3,환승,2,1,1) (B2) 6호선 석계 방면 승강장 하차
01,수도권,S1,6,6호선,0568,태릉입구,3,환승,2,2,2) 대합실 방향 엘리베이터 탑승
01,수도권,S1,6,6호선,0568,태릉입구,3,환승,2,3,3) (B1) 대합실로 이동
01,수도권,S1,6,6호선,0568,태릉입구,3,환승,2,4,4) 7호선 대합실로 이동
01,수도권,S1,6,6호선,0568,태릉입구,3,환승,2,5,5) 먹골 방면 엘리베이터 탑승
01,수도권,S1,6,6호선,0568,태릉입구,3,환승,2,6,6) (B4) 7호선 먹골 방면 승강장으로 이동
01,수도권,S1,6,6호선,0568,태릉입구,3,환승,2,7,7) 승차 (휠체어칸)
01,수도권,S1,6,6호선,0568,태릉입구,3,환승,3,1,1) (B2) 6호선 화랑대 방면 승강장 하차
01,수도권,S1,6,6호선,0568,태릉입구,3,환승,3,2,2) 대합실 방향 엘리베이터 탑승
01,수도권,S1,6,6호선,0568,태릉입구,3,환승,3,3,3) (B1) 대합실로 이동
01,수도권,S1,6,6호선,0568,태릉입구,3,환승,3,4,4) 7호선 대합실로 이동
01,수도권,S1,6,6호선,0568,태릉입구,3,환승,3,5,5) 공릉 방면 엘리베이터 탑승
01,수도권,S1,6,6호선,0568,태릉입구,3,환승,3,6,6) (B4) 7호선 공릉 방면 승강장으로 이동
01,수도권,S1,6,6호선,0568,태릉입구,3,환승,3,7,7) 승차 (휠체어칸)
01,수도권,S1,6,6호선,0568,태릉입구,3,환승,4,1,1) (B2) 6호선 화랑대 방면 승강장 하차
01,수도권,S1,6,6호선,0568,태릉입구,3,환승,4,2,2) 대합실 방향 엘리베이터 탑승
01,수도권,S1,6,6호선,0568,태릉입구,3,환승,4,3,3) (B1) 대합실로 이동
01,수도권,S1,6,6호선,0568,태릉입구,3,환승,4,4,4) 7호선 대합실로 이동
01,수도권,S1,6,6호선,0568,태릉입구,3,환승,4,5,5) 먹골 방면 엘리베이터 탑승
01,수도권,S1,6,6호선,0568,태릉입구,3,환승,4,6,6) (B4) 7호선 먹골 방면 승강장으로 이동
01,수도권,S1,6,6호선,0568,태릉입구,3,환승,4,7,7) 승차 (휠체어칸)
01,수도권,S1,6,6호선,0600,화랑대,1,출입구-승강장,1,1,1) (1F) 1번 출입구 옆 엘리베이터 탑승
01,수도권,S1,6,6호선,0600,화랑대,1,출입구-승강장,1,2,2) (B1) 대합실로 이동
01,수도권,S1,6,6호선,0600,화랑대,1,출입구-승강장,1,3,3) 표 내는 곳 통과
01,수도권,S1,6,6호선,0600,화랑대,1,출입구-승강장,1,4,4) 태릉입구 방면 엘리베이터 탑승
01,수도권,S1,6,6호선,0600,화랑대,1,출입구-승강장,1,5,5) (B2) 태릉입구 방면 승강장으로 이동
01,수도권,S1,6,6호선,0600,화랑대,1,출입구-승강장,1,6,6) 승차 (휠체어칸)
01,수도권,S1,6,6호선,0600,화랑대,1,출입구-승강장,2,1,1) (1F) 1번 출입구 옆 엘리베이터 탑승
01,수도권,S1,6,6호선,0600,화랑대,1,출입구-승강장,2,2,2) (B1) 대합실로 이동
01,수도권,S1,6,6호선,0600,화랑대,1,출입구-승강장,2,3,3) 표 내는 곳 통과
01,수도권,S1,6,6호선,0600,화랑대,1,출입구-승강장,2,4,4) 봉화산 방면 엘리베이터 탑승
01,수도권,S1,6,6호선,0600,화랑대,1,출입구-승강장,2,5,5) (B2) 봉화산 방면 승강장으로 이동
01,수도권,S1,6,6호선,0600,화랑대,1,출입구-승강장,2,6,6) 승차 (휠체어칸)
01,수도권,S1,6,6호선,0600,화랑대,1,출입구-승강장,3,1,1) (1F) 6번 출입구 옆 엘리베이터 탑승
01,수도권,S1,6,6호선,0600,화랑대,1,출입구-승강장,3,2,2) (B1) 대합실로 이동
01,수도권,S1,6,6호선,0600,화랑대,1,출입구-승강장,3,3,3) 표 내는 곳 통과
01,수도권,S1,6,6호선,0600,화랑대,1,출입구-승강장,3,4,4) 태릉입구 방면 엘리베이터 탑승
01,수도권,S1,6,6호선,0600,화랑대,1,출입구-승강장,3,5,5) (B2) 태릉입구 방면 승강장으로 이동
01,수도권,S1,6,6호선,0600,화랑대,1,출입구-승강장,3,6,6) 승차 (휠체어칸)
01,수도권,S1,6,6호선,0600,화랑대,1,출입구-승강장,4,1,1) (1F) 6번 출입구 옆 엘리베이터 탑승
01,수도권,S1,6,6호선,0600,화랑대,1,출입구-승강장,4,2,2) (B1) 대합실로 이동
01,수도권,S1,6,6호선,0600,화랑대,1,출입구-승강장,4,3,3) 표 내는 곳 통과
01,수도권,S1,6,6호선,0600,화랑대,1,출입구-승강장,4,4,4) 봉화산 방면 엘리베이터 탑승
01,수도권,S1,6,6호선,0600,화랑대,1,출입구-승강장,4,5,5) (B2) 봉화산 방면 승강장으로 이동
01,수도권,S1,6,6호선,0600,화랑대,1,출입구-승강장,4,6,6) 승차 (휠체어칸)
01,수도권,S1,6,6호선,0600,화랑대,1,출입구-승강장,5,1,1) 3번출입구 인근 지상 1층 엘리베이터 5호기 탑승
01,수도권,S1,6,6호선,0600,화랑대,1,출입구-승강장,5,2,2) 3번출입구 지하 1층 엘리베이터 하차
01,수도권,S1,6,6호선,0600,화랑대,1,출입구-승강장,5,3,3) B1 대합실로 이동
01,수도권,S1,6,6호선,0600,화랑대,1,출입구-승강장,5,4,4) 표내는곳 통과
01,수도권,S1,6,6호선,0600,화랑대,1,출입구-승강장,5,5,5) 태릉입구 방면  엘리베이터 탑승
01,수도권,S1,6,6호선,0600,화랑대,1,출입구-승강장,5,6,6) B2 태릉입구 방면 승강장 이동
01,수도권,S1,6,6호선,0600,화랑대,1,출입구-승강장,6,1,1) 3번출입구 인근 지상 1층 엘리베이터 5호기 탑승
01,수도권,S1,6,6호선,0600,화랑대,1,출입구-승강장,6,2,2) 3번출입구 지하 1층 엘리베이터 하차
01,수도권,S1,6,6호선,0600,화랑대,1,출입구-승강장,6,3,3) B1 대합실로 이동
01,수도권,S1,6,6호선,0600,화랑대,1,출입구-승강장,6,4,4) 표내는곳 통과
01,수도권,S1,6,6호선,0600,화랑대,1,출입구-승강장,6,5,5) (B2) 봉화산 방면  엘리베이터 탑승
01,수도권,S1,6,6호선,0600,화랑대,1,출입구-승강장,6,6,6) 봉화산 방면 승강장 이동
01,수도권,S1,6,6호선,0243,봉화산,1,출입구-승강장,1,1,1) (1F) 2번 출입구 옆 엘리베이터 탑승
01,수도권,S1,6,6호선,0243,봉화산,1,출입구-승강장,1,2,2) (B1) 대합실로 이동
01,수도권,S1,6,6호선,0243,봉화산,1,출입구-승강장,1,3,3) 표 내는 곳 통과
01,수도권,S1,6,6호선,0243,봉화산,1,출입구-승강장,1,4,4) 화랑대 방면 엘리베이터 탑승
01,수도권,S1,6,6호선,0243,봉화산,1,출입구-승강장,1,5,5) (B2) 화랑대 방면 승강장으로 이동
01,수도권,S1,6,6호선,0243,봉화산,1,출입구-승강장,1,6,6) 승차 (휠체어칸)
01,수도권,S1,6,6호선,0243,봉화산,1,출입구-승강장,2,1,1) (1F) 2번 출입구 옆 엘리베이터 탑승
01,수도권,S1,6,6호선,0243,봉화산,1,출입구-승강장,2,2,2) (B1) 대합실로 이동
01,수도권,S1,6,6호선,0243,봉화산,1,출입구-승강장,2,3,3) 표 내는 곳 통과
01,수도권,S1,6,6호선,0243,봉화산,1,출입구-승강장,2,4,4) 신내 방면 엘리베이터 탑승
01,수도권,S1,6,6호선,0243,봉화산,1,출입구-승강장,2,5,5) (B2) 신내 방면 승강장으로 이동
01,수도권,S1,6,6호선,0243,봉화산,1,출입구-승강장,2,6,6) 승차 (휠체어칸)
01,수도권,S1,6,6호선,0243,봉화산,1,출입구-승강장,3,1,1) (1F) 4번 출입구 옆 엘리베이터 탑승
01,수도권,S1,6,6호선,0243,봉화산,1,출입구-승강장,3,2,2) (B1) 대합실로 이동
01,수도권,S1,6,6호선,0243,봉화산,1,출입구-승강장,3,3,3) 표 내는 곳 통과
01,수도권,S1,6,6호선,0243,봉화산,1,출입구-승강장,3,4,4) 화랑대 방면 엘리베이터 탑승
01,수도권,S1,6,6호선,0243,봉화산,1,출입구-승강장,3,5,5) (B2) 화랑대 방면 승강장으로 이동
01,수도권,S1,6,6호선,0243,봉화산,1,출입구-승강장,3,6,6) 승차 (휠체어칸)
01,수도권,S1,6,6호선,0243,봉화산,1,출입구-승강장,4,1,1) (1F) 4번 출입구 옆 엘리베이터 탑승
01,수도권,S1,6,6호선,0243,봉화산,1,출입구-승강장,4,2,2) (B1) 대합실로 이동
01,수도권,S1,6,6호선,0243,봉화산,1,출입구-승강장,4,3,3) 표 내는 곳 통과
01,수도권,S1,6,6호선,0243,봉화산,1,출입구-승강장,4,4,4) 신내 방면 엘리베이터 탑승
01,수도권,S1,6,6호선,0243,봉화산,1,출입구-승강장,4,5,5) (B2) 신내 방면 승강장으로 이동
01,수도권,S1,6,6호선,0243,봉화산,1,출입구-승강장,4,6,6) 승차 (휠체어칸)
01,수도권,S1,6,6호선,0353,신내,1,출입구-승강장,1,1,1) (1F) 2번 출입구 옆 엘리베이터 탑승
01,수도권,S1,6,6호선,0353,신내,1,출입구-승강장,1,2,2) (3F) 차량기지 횡단육교로 이동
01,수도권,S1,6,6호선,0353,신내,1,출입구-승강장,1,3,3) 대합실 방향 엘리베이터 탑승
01,수도권,S1,6,6호선,0353,신내,1,출입구-승강장,1,4,4) (2F) 대합실로 이동
01,수도권,S1,6,6호선,0353,신내,1,출입구-승강장,1,5,5) 표 내는 곳 통과
01,수도권,S1,6,6호선,0353,신내,1,출입구-승강장,1,6,6) 6호선 승강장 방향 엘리베이터 탑승
01,수도권,S1,6,6호선,0353,신내,1,출입구-승강장,1,7,7) (1F) 봉화산 방면 승강장으로 이동
01,수도권,S1,6,6호선,0353,신내,1,출입구-승강장,1,8,8) 승차 (휠체어칸)
01,수도권,S1,6,6호선,0353,신내,1,출입구-승강장,2,1,1) (1F) 3번 출입구 옆 엘리베이터 탑승
01,수도권,S1,6,6호선,0353,신내,1,출입구-승강장,2,2,2) (3F) 차량기지 횡단육교로 이동
01,수도권,S1,6,6호선,0353,신내,1,출입구-승강장,2,3,3) 대합실 방향 엘리베이터 탑승
01,수도권,S1,6,6호선,0353,신내,1,출입구-승강장,2,4,4) (2F) 대합실로 이동
01,수도권,S1,6,6호선,0353,신내,1,출입구-승강장,2,5,5) 표 내는 곳 통과
01,수도권,S1,6,6호선,0353,신내,1,출입구-승강장,2,6,6) 6호선 승강장 방향 엘리베이터 탑승
01,수도권,S1,6,6호선,0353,신내,1,출입구-승강장,2,7,7) (1F) 봉화산 방면 승강장으로 이동
01,수도권,S1,6,6호선,0353,신내,1,출입구-승강장,2,8,8) 승차 (휠체어칸)
01,수도권,S1,6,6호선,0353,신내,1,출입구-승강장,3,1,1) (1F) 4번 출입구 옆 엘리베이터 탑승
01,수도권,S1,6,6호선,0353,신내,1,출입구-승강장,3,2,2) (2F) 대합실로 이동
01,수도권,S1,6,6호선,0353,신내,1,출입구-승강장,3,3,3) 표 내는 곳 통과
01,수도권,S1,6,6호선,0353,신내,1,출입구-승강장,3,4,4) 6호선 승강장 방향 엘리베이터 탑승
01,수도권,S1,6,6호선,0353,신내,1,출입구-승강장,3,5,5) (1F) 봉화산 방면 승강장으로 이동
01,수도권,S1,6,6호선,0353,신내,1,출입구-승강장,3,6,6) 승차 (휠체어칸)
01,수도권,S1,6,6호선,0353,신내,3,환승,1,1,1) (1F) 6호선 신내 (종착역) 승강장 하차
01,수도권,S1,6,6호선,0353,신내,3,환승,1,2,2) 대합실 방향 엘리베이터 탑승
01,수도권,S1,6,6호선,0353,신내,3,환승,1,3,3) (2F) 대합실로 이동
01,수도권,S1,6,6호선,0353,신내,3,환승,1,4,4) 경춘선 망우 방면 엘리베이터 탑승
01,수도권,S1,6,6호선,0353,신내,3,환승,1,5,5) (3F) 경춘선 망우 방면 승강장으로 이동
01,수도권,S1,6,6호선,0353,신내,3,환승,1,6,6) 승차 (휠체어칸)
01,수도권,S1,6,6호선,0353,신내,3,환승,2,1,1) (1F) 6호선 신내 (종착역) 승강장 하차
01,수도권,S1,6,6호선,0353,신내,3,환승,2,2,2) 대합실 방향 엘리베이터 탑승
01,수도권,S1,6,6호선,0353,신내,3,환승,2,3,3) (2F) 대합실로 이동
01,수도권,S1,6,6호선,0353,신내,3,환승,2,4,4) 경춘선 갈매 방면 엘리베이터 탑승
01,수도권,S1,6,6호선,0353,신내,3,환승,2,5,5) (3F) 경춘선 갈매 방면 승강장으로 이동
01,수도권,S1,6,6호선,0353,신내,3,환승,2,6,6) 승차 (휠체어칸)
01,수도권,S1,7,7호선,0503,장암,1,출입구-승강장,1,1,1) (1F) 1번 출입구 옆 엘리베이터 탑승
01,수도권,S1,7,7호선,0503,장암,1,출입구-승강장,1,2,2) (2F) 이동통로로 이동
01,수도권,S1,7,7호선,0503,장암,1,출입구-승강장,1,3,3) 대합실 방향 엘리베이터 탑승
01,수도권,S1,7,7호선,0503,장암,1,출입구-승강장,1,4,4) (1F) 대합실로 이동
01,수도권,S1,7,7호선,0503,장암,1,출입구-승강장,1,5,5) 표 내는 곳 통과
01,수도권,S1,7,7호선,0503,장암,1,출입구-승강장,1,6,6) 도봉산 방면 승강장으로 이동
01,수도권,S1,7,7호선,0503,장암,1,출입구-승강장,1,7,7) 승차 (휠체어칸)
01,수도권,S1,7,7호선,0146,도봉산,1,출입구-승강장,1,1,1) (1F) 2번 출입구 대합실로 이동
01,수도권,S1,7,7호선,0146,도봉산,1,출입구-승강장,1,2,2) 표 내는 곳 통과
01,수도권,S1,7,7호선,0146,도봉산,1,출입구-승강장,1,3,3) 장암 방면 엘리베이터 탑승
01,수도권,S1,7,7호선,0146,도봉산,1,출입구-승강장,1,4,4) (2F) 장암 방면 승강장으로 이동
01,수도권,S1,7,7호선,0146,도봉산,1,출입구-승강장,1,5,5) 승차 (휠체어칸)
01,수도권,S1,7,7호선,0146,도봉산,1,출입구-승강장,2,1,1) (1F) 2번 출입구 대합실로 이동
01,수도권,S1,7,7호선,0146,도봉산,1,출입구-승강장,2,2,2) 표 내는 곳 통과
01,수도권,S1,7,7호선,0146,도봉산,1,출입구-승강장,2,3,3) 수락산 방면 엘리베이터 탑승
01,수도권,S1,7,7호선,0146,도봉산,1,출입구-승강장,2,4,4) (2F) 수락산 방면 승강장으로 이동
01,수도권,S1,7,7호선,0146,도봉산,1,출입구-승강장,2,5,5) 승차 (휠체어칸)
01,수도권,S1,7,7호선,0146,도봉산,1,출입구-승강장,3,1,1) (B1) 환승주차장 연결된 지하통로 표 내는 곳 통과
01,수도권,S1,7,7호선,0146,도봉산,1,출입구-승강장,3,2,2) 승강장 연결된 계단 사이 위치한 환승통로 진입
01,수도권,S1,7,7호선,0146,도봉산,1,출입구-승강장,3,3,3) (1F) 환승통로 중간에 위치한 경사로를 올라가 엘리베이터(3호기) 탑승
01,수도권,S1,7,7호선,0146,도봉산,1,출입구-승강장,3,4,4) (2F) 장암 방면 승강장 도착
01,수도권,S1,7,7호선,0146,도봉산,1,출입구-승강장,3,5,5) 승차 (휠체어칸)
01,수도권,S1,7,7호선,0146,도봉산,1,출입구-승강장,4,1,1) (B1) 환승주차장 연결된 지하통로 표 내는 곳 통과
01,수도권,S1,7,7호선,0146,도봉산,1,출입구-승강장,4,2,2) 승강장 연결된 계단 사이 위치한 환승통로 진입
01,수도권,S1,7,7호선,0146,도봉산,1,출입구-승강장,4,3, *반지하로 B1-1F 간 별도의 승강시설 필요 없음
01,수도권,S1,7,7호선,0146,도봉산,1,출입구-승강장,4,4,3) (1F) 환승통로 가장 안쪽 엘리베이터(4호기) 탑승
01,수도권,S1,7,7호선,0146,도봉산,1,출입구-승강장,4,5,4) (2F) 수락산 방면 승강장 도착
01,수도권,S1,7,7호선,0146,도봉산,1,출입구-승강장,4,6,5) 승차 (휠체어칸)
01,수도권,S1,7,7호선,0146,도봉산,1,출입구-승강장,4,7, *휠체어 권장 탑승 위치: 4-3 (엘리베이터 하차 후 정면)
01,수도권,S1,7,7호선,0146,도봉산,3,환승,1,1,1) (2F) 7호선 장암 방면 승강장 하차
01,수도권,S1,7,7호선,0146,도봉산,3,환승,1,2,2) 7호선 장암 방면 엘리베이터 탑승
01,수도권,S1,7,7호선,0146,도봉산,3,환승,1,3,3) (F1) 7호선 수락산 방면 엘리베이터 이동
01,수도권,S1,7,7호선,0146,도봉산,3,환승,1,4,4) 7호선 수락산 방면 엘리베이터 탑승
01,수도권,S1,7,7호선,0146,도봉산,3,환승,1,5,5) 1호선 환승 엘리베이터 이동
01,수도권,S1,7,7호선,0146,도봉산,3,환승,1,6,6) 1호선 환승 엘리베이터 탑승
01,수도권,S1,7,7호선,0146,도봉산,3,환승,1,7,7) (2F) 1호선 망월사 방면 엘리베이터 이동
01,수도권,S1,7,7호선,0146,도봉산,3,환승,1,8,8) 1호선 망월사 방면 엘리베이터 탑승
01,수도권,S1,7,7호선,0146,도봉산,3,환승,1,9,9) (1F) 1호선 망월사 방면 승강장 이동
01,수도권,S1,7,7호선,0146,도봉산,3,환승,1,10,10) 승차(휠체어칸)
01,수도권,S1,7,7호선,0146,도봉산,3,환승,2,1,1) (2F) 7호선 장암 방면 승강장 하차
01,수도권,S1,7,7호선,0146,도봉산,3,환승,2,2,2) 7호선 장암 방면 엘리베이터 탑승
01,수도권,S1,7,7호선,0146,도봉산,3,환승,2,3,3) (F1) 7호선 수락산 방면 엘리베이터 이동
01,수도권,S1,7,7호선,0146,도봉산,3,환승,2,4,4) 7호선 수락산 방면 엘리베이터 탑승
01,수도권,S1,7,7호선,0146,도봉산,3,환승,2,5,5) 1호선 환승 엘리베이터 이동
01,수도권,S1,7,7호선,0146,도봉산,3,환승,2,6,6) 1호선 환승 엘리베이터 탑승
01,수도권,S1,7,7호선,0146,도봉산,3,환승,2,7,7) (2F) 1호선 도봉 방면 엘리베이터 이동
01,수도권,S1,7,7호선,0146,도봉산,3,환승,2,8,8) 1호선 도봉 방면 엘리베이터 탑승
01,수도권,S1,7,7호선,0146,도봉산,3,환승,2,9,9) (1F) 1호선 도봉 방면 승강장 이동
01,수도권,S1,7,7호선,0146,도봉산,3,환승,2,10,10) 승차(휠체어칸)
01,수도권,S1,7,7호선,0146,도봉산,3,환승,3,1,1) (2F) 7호선 수락산 방면 승강장 하차
01,수도권,S1,7,7호선,0146,도봉산,3,환승,3,2,2) 1호선 환승 엘리베이터 방향 이동
01,수도권,S1,7,7호선,0146,도봉산,3,환승,3,3,3) 1호선 환승 엘리베이터 탑승
01,수도권,S1,7,7호선,0146,도봉산,3,환승,3,4,4) (2F) 1호선 망월사 방면 엘리베이터 이동
01,수도권,S1,7,7호선,0146,도봉산,3,환승,3,5,5) 1호선 망월사 방면 엘리베이터 탑승
01,수도권,S1,7,7호선,0146,도봉산,3,환승,3,6,6) (1F) 1호선 망월사 방면 승강장으로 이동
01,수도권,S1,7,7호선,0146,도봉산,3,환승,3,7,7) 승차 (휠체어칸)
01,수도권,S1,7,7호선,0146,도봉산,3,환승,4,1,1) (2F) 7호선 수락산 방면 승강장 하차
01,수도권,S1,7,7호선,0146,도봉산,3,환승,4,2,2) 1호선 환승 엘리베이터 방향 이동
01,수도권,S1,7,7호선,0146,도봉산,3,환승,4,3,3) 1호선 환승 엘리베이터 탑승
01,수도권,S1,7,7호선,0146,도봉산,3,환승,4,4,4) (2F) 1호선 도봉 방면 엘리베이터 이동
01,수도권,S1,7,7호선,0146,도봉산,3,환승,4,5,5) 1호선 도봉 방면 엘리베이터 탑승
01,수도권,S1,7,7호선,0146,도봉산,3,환승,4,6,6) (1F) 1호선 도봉 방면 승강장으로 이동
01,수도권,S1,7,7호선,0146,도봉산,3,환승,4,7,7) 승차 (휠체어칸)
01,수도권,S1,7,7호선,0334,수락산,1,출입구-승강장,1,1,1) (1F) 1번 출입구 옆 엘리베이터 탑승
01,수도권,S1,7,7호선,0334,수락산,1,출입구-승강장,1,2,2) (B2) 대합실로 이동
01,수도권,S1,7,7호선,0334,수락산,1,출입구-승강장,1,3,3) 표 내는 곳 통과
01,수도권,S1,7,7호선,0334,수락산,1,출입구-승강장,1,4,4) 도봉산 방면 엘리베이터 탑승
01,수도권,S1,7,7호선,0334,수락산,1,출입구-승강장,1,5,5) (B3) 도봉산 방면 승강장으로 이동
01,수도권,S1,7,7호선,0334,수락산,1,출입구-승강장,1,6,6) 승차 (휠체어칸)
01,수도권,S1,7,7호선,0334,수락산,1,출입구-승강장,2,1,1) (1F) 1번 출입구 옆 엘리베이터 탑승
01,수도권,S1,7,7호선,0334,수락산,1,출입구-승강장,2,2,2) (B2) 대합실로 이동
01,수도권,S1,7,7호선,0334,수락산,1,출입구-승강장,2,3,3) 표 내는 곳 통과
01,수도권,S1,7,7호선,0334,수락산,1,출입구-승강장,2,4,4) 마들 방면 엘리베이터 탑승
01,수도권,S1,7,7호선,0334,수락산,1,출입구-승강장,2,5,5) (B3) 마들 방면 승강장으로 이동
01,수도권,S1,7,7호선,0334,수락산,1,출입구-승강장,2,6,6) 승차 (휠체어칸)
01,수도권,S1,7,7호선,0180,마들,1,출입구-승강장,1,1,1) (1F) 2번 출입구 옆 엘리베이터 탑승
01,수도권,S1,7,7호선,0180,마들,1,출입구-승강장,1,2,2) (B1) 대합실로 이동
01,수도권,S1,7,7호선,0180,마들,1,출입구-승강장,1,3,3) 표 내는 곳 통과
01,수도권,S1,7,7호선,0180,마들,1,출입구-승강장,1,4,4) 승강장 방향 엘리베이터 탑승
01,수도권,S1,7,7호선,0180,마들,1,출입구-승강장,1,5,5) (B3) 수락산 방면 승강장으로 이동
01,수도권,S1,7,7호선,0180,마들,1,출입구-승강장,1,6,6) 승차 (휠체어칸)
01,수도권,S1,7,7호선,0180,마들,1,출입구-승강장,2,1,1) (1F) 2번 출입구 옆 엘리베이터 탑승
01,수도권,S1,7,7호선,0180,마들,1,출입구-승강장,2,2,2) (B1) 대합실로 이동
01,수도권,S1,7,7호선,0180,마들,1,출입구-승강장,2,3,3) 표 내는 곳 통과
01,수도권,S1,7,7호선,0180,마들,1,출입구-승강장,2,4,4) 승강장 방향 엘리베이터 탑승
01,수도권,S1,7,7호선,0180,마들,1,출입구-승강장,2,5,5) (B3) 노원 방면 승강장으로 이동
01,수도권,S1,7,7호선,0180,마들,1,출입구-승강장,2,6,6) 승차 (휠체어칸)
01,수도권,S1,7,7호선,0180,마들,1,출입구-승강장,3,1,1) (1F) 4번 출입구 옆 엘리베이터 탑승
01,수도권,S1,7,7호선,0180,마들,1,출입구-승강장,3,2,2) (B1) 대합실로 이동
01,수도권,S1,7,7호선,0180,마들,1,출입구-승강장,3,3,3) 표 내는 곳 통과
01,수도권,S1,7,7호선,0180,마들,1,출입구-승강장,3,4,4) 승강장 방향 엘리베이터 탑승
01,수도권,S1,7,7호선,0180,마들,1,출입구-승강장,3,5,5) (B3) 수락산 방면 승강장으로 이동
01,수도권,S1,7,7호선,0180,마들,1,출입구-승강장,3,6,6) 승차 (휠체어칸)
01,수도권,S1,7,7호선,0180,마들,1,출입구-승강장,4,1,1) (1F) 4번 출입구 옆 엘리베이터 탑승
01,수도권,S1,7,7호선,0180,마들,1,출입구-승강장,4,2,2) (B1) 대합실로 이동
01,수도권,S1,7,7호선,0180,마들,1,출입구-승강장,4,3,3) 표 내는 곳 통과
01,수도권,S1,7,7호선,0180,마들,1,출입구-승강장,4,4,4) 승강장 방향 엘리베이터 탑승
01,수도권,S1,7,7호선,0180,마들,1,출입구-승강장,4,5,5) (B3) 노원 방면 승강장으로 이동
01,수도권,S1,7,7호선,0180,마들,1,출입구-승강장,4,6,6) 승차 (휠체어칸)
01,수도권,S1,7,7호선,0180,마들,1,출입구-승강장,5,1,1) (1F) 5번 출입구 옆 엘리베이터 탑승
01,수도권,S1,7,7호선,0180,마들,1,출입구-승강장,5,2,2) (B1) 대합실로 이동
01,수도권,S1,7,7호선,0180,마들,1,출입구-승강장,5,3,3) 표 내는 곳 통과
01,수도권,S1,7,7호선,0180,마들,1,출입구-승강장,5,4,4) 승강장 방향 엘리베이터 탑승
01,수도권,S1,7,7호선,0180,마들,1,출입구-승강장,5,5,5) (B3) 수락산 방면 승강장으로 이동
01,수도권,S1,7,7호선,0180,마들,1,출입구-승강장,5,6,6) 승차 (휠체어칸)
01,수도권,S1,7,7호선,0180,마들,1,출입구-승강장,6,1,1) (1F) 5번 출입구 옆 엘리베이터 탑승
01,수도권,S1,7,7호선,0180,마들,1,출입구-승강장,6,2,2) (B1) 대합실로 이동
01,수도권,S1,7,7호선,0180,마들,1,출입구-승강장,6,3,3) 표 내는 곳 통과
01,수도권,S1,7,7호선,0180,마들,1,출입구-승강장,6,4,4) 승강장 방향 엘리베이터 탑승
01,수도권,S1,7,7호선,0180,마들,1,출입구-승강장,6,5,5) (B3) 노원 방면 승강장으로 이동
01,수도권,S1,7,7호선,0180,마들,1,출입구-승강장,6,6,6) 승차 (휠체어칸)
01,수도권,S1,7,7호선,0115,노원,1,출입구-승강장,1,1,1) (1F) 3번 출입구 옆 엘리베이터 탑승
01,수도권,S1,7,7호선,0115,노원,1,출입구-승강장,1,2,2) (B1) 대합실로 이동
01,수도권,S1,7,7호선,0115,노원,1,출입구-승강장,1,3,3) 표 내는 곳 통과
01,수도권,S1,7,7호선,0115,노원,1,출입구-승강장,1,4,4) 승강장 방향 엘리베이터 탑승
01,수도권,S1,7,7호선,0115,노원,1,출입구-승강장,1,5,5) (B3) 마들 방면 승강장으로 이동
01,수도권,S1,7,7호선,0115,노원,1,출입구-승강장,1,6,6) 승차 (휠체어칸)
01,수도권,S1,7,7호선,0115,노원,1,출입구-승강장,2,1,1) (1F) 3번 출입구 옆 엘리베이터 탑승
01,수도권,S1,7,7호선,0115,노원,1,출입구-승강장,2,2,2) (B1) 대합실로 이동
01,수도권,S1,7,7호선,0115,노원,1,출입구-승강장,2,3,3) 표 내는 곳 통과
01,수도권,S1,7,7호선,0115,노원,1,출입구-승강장,2,4,4) 승강장 방향 엘리베이터 탑승
01,수도권,S1,7,7호선,0115,노원,1,출입구-승강장,2,5,5) (B3) 중계 방면 승강장으로 이동
01,수도권,S1,7,7호선,0115,노원,1,출입구-승강장,2,6,6) 승차 (휠체어칸)
01,수도권,S1,7,7호선,0115,노원,1,출입구-승강장,3,1,1) (1F) 6번 출입구 옆 엘리베이터 탑승
01,수도권,S1,7,7호선,0115,노원,1,출입구-승강장,3,2,2) (B1) 대합실로 이동
01,수도권,S1,7,7호선,0115,노원,1,출입구-승강장,3,3,3) 표 내는 곳 통과
01,수도권,S1,7,7호선,0115,노원,1,출입구-승강장,3,4,4) 승강장 방향 엘리베이터 탑승
01,수도권,S1,7,7호선,0115,노원,1,출입구-승강장,3,5,5) (B3) 마들 방면 승강장으로 이동
01,수도권,S1,7,7호선,0115,노원,1,출입구-승강장,3,6,6) 승차 (휠체어칸)
01,수도권,S1,7,7호선,0115,노원,1,출입구-승강장,4,1,1) (1F) 6번 출입구 옆 엘리베이터 탑승
01,수도권,S1,7,7호선,0115,노원,1,출입구-승강장,4,2,2) (B1) 대합실로 이동
01,수도권,S1,7,7호선,0115,노원,1,출입구-승강장,4,3,3) 표 내는 곳 통과
01,수도권,S1,7,7호선,0115,노원,1,출입구-승강장,4,4,4) 승강장 방향 엘리베이터 탑승
01,수도권,S1,7,7호선,0115,노원,1,출입구-승강장,4,5,5) (B3) 중계 방면 승강장으로 이동
01,수도권,S1,7,7호선,0115,노원,1,출입구-승강장,4,6,6) 승차 (휠체어칸)
01,수도권,S1,7,7호선,0115,노원,1,출입구-승강장,5,1,1) 5번출입구 지상층 엘리베이터 탑승
01,수도권,S1,7,7호선,0115,노원,1,출입구-승강장,5,2,2) 지하1층 대합실 하차 후 대합실내 엘리베이터 탑승
01,수도권,S1,7,7호선,0115,노원,1,출입구-승강장,5,3,3) 지하3층 승강장 하차 
01,수도권,S1,7,7호선,0115,노원,1,출입구-승강장,5,4,4) 중계방면 승강장으로 이동 또는 
01,수도권,S1,7,7호선,0115,노원,1,출입구-승강장,5,5,5) 마들방면 승강장으로 이동
01,수도권,S1,7,7호선,0115,노원,3,환승,1,1,1) (B3) 7호선 마들 방면 승강장 이동
01,수도권,S1,7,7호선,0115,노원,3,환승,1,2,2) 7호선 승강장 방향 엘리베이터 탑승
01,수도권,S1,7,7호선,0115,노원,3,환승,1,3,3) (B1) 표 내는 곳 통과
01,수도권,S1,7,7호선,0115,노원,3,환승,1,4,4) 7호선 3번 출입구 옆 엘리베이터 탑승
01,수도권,S1,7,7호선,0115,노원,3,환승,1,5,5) (F1) 4호선 2번 출입구 옆 엘리베이터 이동
01,수도권,S1,7,7호선,0115,노원,3,환승,1,6,6) 4호선 2번 출입구 옆 엘리베이터 탑승
01,수도권,S1,7,7호선,0115,노원,3,환승,1,7,7) (F2) 표 내는 곳 통과
01,수도권,S1,7,7호선,0115,노원,3,환승,1,8,8) 4호선 상계 방면 엘리베이터 이동
01,수도권,S1,7,7호선,0115,노원,3,환승,1,9,9) 4호선 상계 방면 엘리베이터 탑승
01,수도권,S1,7,7호선,0115,노원,3,환승,1,10,10) (F3) 4호선 상계 방면 승강장 이동
01,수도권,S1,7,7호선,0115,노원,3,환승,1,11,11) 승차(휠체어칸)
01,수도권,S1,7,7호선,0115,노원,3,환승,2,1,1) (B3) 7호선 마들 방면 승강장 이동
01,수도권,S1,7,7호선,0115,노원,3,환승,2,2,2) 7호선 승강장 방향 엘리베이터 탑승
01,수도권,S1,7,7호선,0115,노원,3,환승,2,3,3) (B1) 표 내는 곳 통과
01,수도권,S1,7,7호선,0115,노원,3,환승,2,4,4) 7호선 3번 출입구 옆 엘리베이터 탑승
01,수도권,S1,7,7호선,0115,노원,3,환승,2,5,5) (F1) 4호선 2번 출입구 옆 엘리베이터 이동
01,수도권,S1,7,7호선,0115,노원,3,환승,2,6,6) 4호선 2번 출입구 옆 엘리베이터 탑승
01,수도권,S1,7,7호선,0115,노원,3,환승,2,7,7) (F2) 표 내는 곳 통과
01,수도권,S1,7,7호선,0115,노원,3,환승,2,8,8) 4호선 창동 방면 엘리베이터 이동
01,수도권,S1,7,7호선,0115,노원,3,환승,2,9,9) 4호선 창동 방면 엘리베이터 탑승
01,수도권,S1,7,7호선,0115,노원,3,환승,2,10,10) (F3) 4호선 창동 방면 승강장 이동
01,수도권,S1,7,7호선,0115,노원,3,환승,2,11,11) 승차(휠체어칸)
01,수도권,S1,7,7호선,0115,노원,3,환승,3,1,1) (B3) 7호선 중계 방면 승강장 이동
01,수도권,S1,7,7호선,0115,노원,3,환승,3,2,2) 7호선 승강장 방향 엘리베이터 탑승
01,수도권,S1,7,7호선,0115,노원,3,환승,3,3,3) (B1) 표 내는 곳 통과
01,수도권,S1,7,7호선,0115,노원,3,환승,3,4,4) 7호선 3번 출입구 옆 엘리베이터 탑승
01,수도권,S1,7,7호선,0115,노원,3,환승,3,5,5) (F1) 4호선 2번 출입구 옆 엘리베이터 이동
01,수도권,S1,7,7호선,0115,노원,3,환승,3,6,6) 4호선 2번 출입구 옆 엘리베이터 탑승
01,수도권,S1,7,7호선,0115,노원,3,환승,3,7,7) (F2) 표 내는 곳 통과
01,수도권,S1,7,7호선,0115,노원,3,환승,3,8,8) 4호선 상계 방면 엘리베이터 이동
01,수도권,S1,7,7호선,0115,노원,3,환승,3,9,9) 4호선 상계 방면 엘리베이터 탑승
01,수도권,S1,7,7호선,0115,노원,3,환승,3,10,10) (F3) 4호선 상계 방면 승강장 이동
01,수도권,S1,7,7호선,0115,노원,3,환승,3,11,11) 승차(휠체어칸)
01,수도권,S1,7,7호선,0115,노원,3,환승,4,1,1) (B3) 7호선 중계 방면 승강장 이동
01,수도권,S1,7,7호선,0115,노원,3,환승,4,2,2) 7호선 승강장 방향 엘리베이터 탑승
01,수도권,S1,7,7호선,0115,노원,3,환승,4,3,3) (B1) 표 내는 곳 통과
01,수도권,S1,7,7호선,0115,노원,3,환승,4,4,4) 7호선 3번 출입구 옆 엘리베이터 탑승
01,수도권,S1,7,7호선,0115,노원,3,환승,4,5,5) (F1) 4호선 2번 출입구 옆 엘리베이터 이동
01,수도권,S1,7,7호선,0115,노원,3,환승,4,6,6) 4호선 2번 출입구 옆 엘리베이터 탑승
01,수도권,S1,7,7호선,0115,노원,3,환승,4,7,7) (F2) 표 내는 곳 통과
01,수도권,S1,7,7호선,0115,노원,3,환승,4,8,8) 4호선 창동 방면 엘리베이터 이동
01,수도권,S1,7,7호선,0115,노원,3,환승,4,9,9) 4호선 창동 방면 엘리베이터 탑승
01,수도권,S1,7,7호선,0115,노원,3,환승,4,10,10) (F3) 4호선 창동 방면 승강장 이동
01,수도권,S1,7,7호선,0115,노원,3,환승,4,11,11) 승차(휠체어칸)
01,수도권,S1,7,7호선,0524,중계,1,출입구-승강장,1,1,1) (1F) 3번 출입구 옆 엘리베이터 탑승
01,수도권,S1,7,7호선,0524,중계,1,출입구-승강장,1,2,2) (B2) 대합실로 이동
01,수도권,S1,7,7호선,0524,중계,1,출입구-승강장,1,3,3) 표 내는 곳 통과
01,수도권,S1,7,7호선,0524,중계,1,출입구-승강장,1,4,4) 승강장 방향 엘리베이터 탑승
01,수도권,S1,7,7호선,0524,중계,1,출입구-승강장,1,5,5) (B3) 노원 방면 승강장으로 이동
01,수도권,S1,7,7호선,0524,중계,1,출입구-승강장,1,6,6) 승차 (휠체어칸)
01,수도권,S1,7,7호선,0524,중계,1,출입구-승강장,2,1,1) (1F) 3번 출입구 옆 엘리베이터 탑승
01,수도권,S1,7,7호선,0524,중계,1,출입구-승강장,2,2,2) (B2) 대합실로 이동
01,수도권,S1,7,7호선,0524,중계,1,출입구-승강장,2,3,3) 표 내는 곳 통과
01,수도권,S1,7,7호선,0524,중계,1,출입구-승강장,2,4,4) 승강장 방향 엘리베이터 탑승
01,수도권,S1,7,7호선,0524,중계,1,출입구-승강장,2,5,5) (B3) 하계 방면 승강장으로 이동
01,수도권,S1,7,7호선,0524,중계,1,출입구-승강장,2,6,6) 승차 (휠체어칸)
01,수도권,S1,7,7호선,0524,중계,1,출입구-승강장,3,1,1) (1F) 5번 출입구 옆 엘리베이터 탑승
01,수도권,S1,7,7호선,0524,중계,1,출입구-승강장,3,2,2) (B2) 대합실로 이동
01,수도권,S1,7,7호선,0524,중계,1,출입구-승강장,3,3,3) 표 내는 곳 통과
01,수도권,S1,7,7호선,0524,중계,1,출입구-승강장,3,4,4) 승강장 방향 엘리베이터 탑승
01,수도권,S1,7,7호선,0524,중계,1,출입구-승강장,3,5,5) (B3) 노원 방면 승강장으로 이동
01,수도권,S1,7,7호선,0524,중계,1,출입구-승강장,3,6,6) 승차 (휠체어칸)
01,수도권,S1,7,7호선,0524,중계,1,출입구-승강장,4,1,1) (1F) 5번 출입구 옆 엘리베이터 탑승
01,수도권,S1,7,7호선,0524,중계,1,출입구-승강장,4,2,2) (B2) 대합실로 이동
01,수도권,S1,7,7호선,0524,중계,1,출입구-승강장,4,3,3) 표 내는 곳 통과
01,수도권,S1,7,7호선,0524,중계,1,출입구-승강장,4,4,4) 승강장 방향 엘리베이터 탑승
01,수도권,S1,7,7호선,0524,중계,1,출입구-승강장,4,5,5) (B3) 하계 방면 승강장으로 이동
01,수도권,S1,7,7호선,0524,중계,1,출입구-승강장,4,6,6) 승차 (휠체어칸)
01,수도권,S1,7,7호선,0581,하계,1,출입구-승강장,1,1,1) (1F) 1번 출입구 옆 엘리베이터 탑승
01,수도권,S1,7,7호선,0581,하계,1,출입구-승강장,1,2,2) (B1) 대합실로 이동
01,수도권,S1,7,7호선,0581,하계,1,출입구-승강장,1,3,3) 표 내는 곳 통과
01,수도권,S1,7,7호선,0581,하계,1,출입구-승강장,1,4,4) 승강장 방향 엘리베이터 탑승
01,수도권,S1,7,7호선,0581,하계,1,출입구-승강장,1,5,5) (B3) 중계 방면 승강장으로 이동
01,수도권,S1,7,7호선,0581,하계,1,출입구-승강장,1,6,6) 승차 (휠체어칸)
01,수도권,S1,7,7호선,0581,하계,1,출입구-승강장,2,1,1) (1F) 1번 출입구 옆 엘리베이터 탑승
01,수도권,S1,7,7호선,0581,하계,1,출입구-승강장,2,2,2) (B1) 대합실로 이동
01,수도권,S1,7,7호선,0581,하계,1,출입구-승강장,2,3,3) 표 내는 곳 통과
01,수도권,S1,7,7호선,0581,하계,1,출입구-승강장,2,4,4) 승강장 방향 엘리베이터 탑승
01,수도권,S1,7,7호선,0581,하계,1,출입구-승강장,2,5,5) (B3) 공릉 방면 승강장으로 이동
01,수도권,S1,7,7호선,0581,하계,1,출입구-승강장,2,6,6) 승차 (휠체어칸)
01,수도권,S1,7,7호선,0581,하계,1,출입구-승강장,3,1,1) (1F) 6번 출입구 옆 엘리베이터 탑승
01,수도권,S1,7,7호선,0581,하계,1,출입구-승강장,3,2,2) (B1) 대합실로 이동
01,수도권,S1,7,7호선,0581,하계,1,출입구-승강장,3,3,3) 표 내는 곳 통과
01,수도권,S1,7,7호선,0581,하계,1,출입구-승강장,3,4,4) 승강장 방향 엘리베이터 탑승
01,수도권,S1,7,7호선,0581,하계,1,출입구-승강장,3,5,5) (B3) 중계 방면 승강장으로 이동
01,수도권,S1,7,7호선,0581,하계,1,출입구-승강장,3,6,6) 승차 (휠체어칸)
01,수도권,S1,7,7호선,0581,하계,1,출입구-승강장,4,1,1) (1F) 6번 출입구 옆 엘리베이터 탑승
01,수도권,S1,7,7호선,0581,하계,1,출입구-승강장,4,2,2) (B1) 대합실로 이동
01,수도권,S1,7,7호선,0581,하계,1,출입구-승강장,4,3,3) 표 내는 곳 통과
01,수도권,S1,7,7호선,0581,하계,1,출입구-승강장,4,4,4) 승강장 방향 엘리베이터 탑승
01,수도권,S1,7,7호선,0581,하계,1,출입구-승강장,4,5,5) (B3) 공릉 방면 승강장으로 이동
01,수도권,S1,7,7호선,0581,하계,1,출입구-승강장,4,6,6) 승차 (휠체어칸)
01,수도권,S1,7,7호선,0055,공릉,1,출입구-승강장,1,1,1) (1F) 2번 출입구 옆 엘리베이터 탑승
01,수도권,S1,7,7호선,0055,공릉,1,출입구-승강장,1,2,2) (B1) 대합실로 이동
01,수도권,S1,7,7호선,0055,공릉,1,출입구-승강장,1,3,3) 표 내는 곳 통과
01,수도권,S1,7,7호선,0055,공릉,1,출입구-승강장,1,4,4) 엘리베이터 탑승
01,수도권,S1,7,7호선,0055,공릉,1,출입구-승강장,1,5,5) (B2) 대합실로 이동
01,수도권,S1,7,7호선,0055,공릉,1,출입구-승강장,1,6,6) 하계 방면 엘리베이터 탑승
01,수도권,S1,7,7호선,0055,공릉,1,출입구-승강장,1,7,7) (B4) 하계 방면 승강장으로 이동
01,수도권,S1,7,7호선,0055,공릉,1,출입구-승강장,1,8,8) 승차 (휠체어칸)
01,수도권,S1,7,7호선,0055,공릉,1,출입구-승강장,2,1,1) (1F) 2번 출입구 옆 엘리베이터 탑승
01,수도권,S1,7,7호선,0055,공릉,1,출입구-승강장,2,2,2) (B1) 대합실로 이동
01,수도권,S1,7,7호선,0055,공릉,1,출입구-승강장,2,3,3) 표 내는 곳 통과
01,수도권,S1,7,7호선,0055,공릉,1,출입구-승강장,2,4,4) 엘리베이터 탑승
01,수도권,S1,7,7호선,0055,공릉,1,출입구-승강장,2,5,5) (B4) 태릉입구 방면 승강장으로 이동
01,수도권,S1,7,7호선,0055,공릉,1,출입구-승강장,2,6,6) 승차 (휠체어칸)
01,수도권,S1,7,7호선,0568,태릉입구,1,출입구-승강장,1,1,1) (1F) 2번 출입구 옆 엘리베이터 탑승
01,수도권,S1,7,7호선,0568,태릉입구,1,출입구-승강장,1,2,2) (B1) 대합실로 이동
01,수도권,S1,7,7호선,0568,태릉입구,1,출입구-승강장,1,3,3) 공릉 방면 엘리베이터 탑승
01,수도권,S1,7,7호선,0568,태릉입구,1,출입구-승강장,1,4,4) (B4) 공릉 방면 승강장으로 이동
01,수도권,S1,7,7호선,0568,태릉입구,1,출입구-승강장,1,5,5) 표 내는 곳 통과
01,수도권,S1,7,7호선,0568,태릉입구,1,출입구-승강장,1,6,6) 승차 (휠체어칸)
01,수도권,S1,7,7호선,0568,태릉입구,1,출입구-승강장,2,1,1) (1F) 2번 출입구 옆 엘리베이터 탑승
01,수도권,S1,7,7호선,0568,태릉입구,1,출입구-승강장,2,2,2) (B4) 먹골 방면 승강장으로 이동
01,수도권,S1,7,7호선,0568,태릉입구,1,출입구-승강장,2,3,3) 표 내는 곳 통과
01,수도권,S1,7,7호선,0568,태릉입구,1,출입구-승강장,2,4,4) 승차 (휠체어칸)
01,수도권,S1,7,7호선,0568,태릉입구,1,출입구-승강장,3,1,1) (1F) 6번 출입구 옆 엘리베이터 탑승
01,수도권,S1,7,7호선,0568,태릉입구,1,출입구-승강장,3,2,2) (B1) 대합실로 이동
01,수도권,S1,7,7호선,0568,태릉입구,1,출입구-승강장,3,3,3) 7호선 대합실로 이동
01,수도권,S1,7,7호선,0568,태릉입구,1,출입구-승강장,3,4,4) 공릉 방면 엘리베이터 탑승
01,수도권,S1,7,7호선,0568,태릉입구,1,출입구-승강장,3,5,5) (B4) 공릉 방면 승강장으로 이동
01,수도권,S1,7,7호선,0568,태릉입구,1,출입구-승강장,3,6,6) 표 내는 곳 통과
01,수도권,S1,7,7호선,0568,태릉입구,1,출입구-승강장,3,7,7) 승차 (휠체어칸)
01,수도권,S1,7,7호선,0568,태릉입구,1,출입구-승강장,4,1,1) (1F) 6번 출입구 옆 엘리베이터 탑승
01,수도권,S1,7,7호선,0568,태릉입구,1,출입구-승강장,4,2,2) (B1) 대합실로 이동
01,수도권,S1,7,7호선,0568,태릉입구,1,출입구-승강장,4,3,3) 7호선 대합실로 이동
01,수도권,S1,7,7호선,0568,태릉입구,1,출입구-승강장,4,4,4) 먹골 방면 엘리베이터 탑승
01,수도권,S1,7,7호선,0568,태릉입구,1,출입구-승강장,4,5,5) (B4) 먹골 방면 승강장으로 이동
01,수도권,S1,7,7호선,0568,태릉입구,1,출입구-승강장,4,6,6) 표 내는 곳 통과
01,수도권,S1,7,7호선,0568,태릉입구,1,출입구-승강장,4,7,7) 승차 (휠체어칸)
01,수도권,S1,7,7호선,0568,태릉입구,1,출입구-승강장,5,1,1) (1F) 8번 출입구 옆 엘리베이터 탑승
01,수도권,S1,7,7호선,0568,태릉입구,1,출입구-승강장,5,2,2) (B1) 대합실로 이동
01,수도권,S1,7,7호선,0568,태릉입구,1,출입구-승강장,5,3,3) 7호선 대합실로 이동
01,수도권,S1,7,7호선,0568,태릉입구,1,출입구-승강장,5,4,4) 공릉 방면 엘리베이터 탑승
01,수도권,S1,7,7호선,0568,태릉입구,1,출입구-승강장,5,5,5) (B4) 공릉 방면 승강장으로 이동
01,수도권,S1,7,7호선,0568,태릉입구,1,출입구-승강장,5,6,6) 표 내는 곳 통과
01,수도권,S1,7,7호선,0568,태릉입구,1,출입구-승강장,5,7,7) 승차 (휠체어칸)
01,수도권,S1,7,7호선,0568,태릉입구,1,출입구-승강장,6,1,1) (1F) 8번 출입구 옆 엘리베이터 탑승
01,수도권,S1,7,7호선,0568,태릉입구,1,출입구-승강장,6,2,2) (B1) 대합실로 이동
01,수도권,S1,7,7호선,0568,태릉입구,1,출입구-승강장,6,3,3) 7호선 대합실로 이동
01,수도권,S1,7,7호선,0568,태릉입구,1,출입구-승강장,6,4,4) 먹골 방면 엘리베이터 탑승
01,수도권,S1,7,7호선,0568,태릉입구,1,출입구-승강장,6,5,5) (B4) 먹골 방면 승강장으로 이동
01,수도권,S1,7,7호선,0568,태릉입구,1,출입구-승강장,6,6,6) 표 내는 곳 통과
01,수도권,S1,7,7호선,0568,태릉입구,1,출입구-승강장,6,7,7) 승차 (휠체어칸)
01,수도권,S1,7,7호선,0568,태릉입구,3,환승,1,1,1) (B4) 7호선 공릉 방면 승강장 하차
01,수도권,S1,7,7호선,0568,태릉입구,3,환승,1,2,2) 대합실 방향 엘리베이터 탑승
01,수도권,S1,7,7호선,0568,태릉입구,3,환승,1,3,3) (B1) 대합실로 이동
01,수도권,S1,7,7호선,0568,태릉입구,3,환승,1,4,4) 6호선 대합실로 이동
01,수도권,S1,7,7호선,0568,태릉입구,3,환승,1,5,5) 석계 방면 엘리베이터 탑승
01,수도권,S1,7,7호선,0568,태릉입구,3,환승,1,6,6) (B2) 6호선 석계 방면 승강장으로 이동
01,수도권,S1,7,7호선,0568,태릉입구,3,환승,1,7,7) 승차 (휠체어칸)
01,수도권,S1,7,7호선,0568,태릉입구,3,환승,2,1,1) (B4) 7호선 공릉 방면 승강장 하차
01,수도권,S1,7,7호선,0568,태릉입구,3,환승,2,2,2) 대합실 방향 엘리베이터 탑승
01,수도권,S1,7,7호선,0568,태릉입구,3,환승,2,3,3) (B1) 대합실로 이동
01,수도권,S1,7,7호선,0568,태릉입구,3,환승,2,4,4) 6호선 대합실로 이동
01,수도권,S1,7,7호선,0568,태릉입구,3,환승,2,5,5) 화랑대 방면 엘리베이터 탑승
01,수도권,S1,7,7호선,0568,태릉입구,3,환승,2,6,6) (B2) 6호선 화랑대 방면 승강장으로 이동
01,수도권,S1,7,7호선,0568,태릉입구,3,환승,2,7,7) 승차 (휠체어칸)
01,수도권,S1,7,7호선,0568,태릉입구,3,환승,3,1,1) (B4) 7호선 먹골 방면 승강장 하차
01,수도권,S1,7,7호선,0568,태릉입구,3,환승,3,2,2) 대합실 방향 엘리베이터 탑승
01,수도권,S1,7,7호선,0568,태릉입구,3,환승,3,3,3) (B1) 대합실로 이동
01,수도권,S1,7,7호선,0568,태릉입구,3,환승,3,4,4) 6호선 대합실로 이동
01,수도권,S1,7,7호선,0568,태릉입구,3,환승,3,5,5) 석계 방면 엘리베이터 탑승
01,수도권,S1,7,7호선,0568,태릉입구,3,환승,3,6,6) (B2) 6호선 석계 방면 승강장으로 이동
01,수도권,S1,7,7호선,0568,태릉입구,3,환승,3,7,7) 승차 (휠체어칸)
01,수도권,S1,7,7호선,0568,태릉입구,3,환승,4,1,1) (B4) 7호선 먹골 방면 승강장 하차
01,수도권,S1,7,7호선,0568,태릉입구,3,환승,4,2,2) 대합실 방향 엘리베이터 탑승
01,수도권,S1,7,7호선,0568,태릉입구,3,환승,4,3,3) (B1) 대합실로 이동
01,수도권,S1,7,7호선,0568,태릉입구,3,환승,4,4,4) 6호선 대합실로 이동
01,수도권,S1,7,7호선,0568,태릉입구,3,환승,4,5,5) 화랑대 방면 엘리베이터 탑승
01,수도권,S1,7,7호선,0568,태릉입구,3,환승,4,6,6) (B2) 6호선 화랑대 방면 승강장으로 이동
01,수도권,S1,7,7호선,0568,태릉입구,3,환승,4,7,7) 승차 (휠체어칸)
01,수도권,S1,7,7호선,0195,먹골,1,출입구-승강장,1,1,1) (1F) 2번 출입구 옆 엘리베이터 탑승
01,수도권,S1,7,7호선,0195,먹골,1,출입구-승강장,1,2,2) (B2) 대합실로 이동
01,수도권,S1,7,7호선,0195,먹골,1,출입구-승강장,1,3,3) 태릉입구 방면 엘리베이터 앞 표 내는 곳 통과
01,수도권,S1,7,7호선,0195,먹골,1,출입구-승강장,1,4,4) 태릉입구 방면 엘리베이터 탑승
01,수도권,S1,7,7호선,0195,먹골,1,출입구-승강장,1,5,5) (B3) 태릉입구 방면 승강장으로 이동
01,수도권,S1,7,7호선,0195,먹골,1,출입구-승강장,1,6,6) 승차 (휠체어칸)
01,수도권,S1,7,7호선,0195,먹골,1,출입구-승강장,2,1,1) (1F) 2번 출입구 옆 엘리베이터 탑승
01,수도권,S1,7,7호선,0195,먹골,1,출입구-승강장,2,2,2) (B2) 대합실로 이동
01,수도권,S1,7,7호선,0195,먹골,1,출입구-승강장,2,3,3) 중화 방면 엘리베이터 앞 표 내는 곳 통과
01,수도권,S1,7,7호선,0195,먹골,1,출입구-승강장,2,4,4) 중화 방면 엘리베이터 탑승
01,수도권,S1,7,7호선,0195,먹골,1,출입구-승강장,2,5,5) (B3) 중화 방면 승강장으로 이동
01,수도권,S1,7,7호선,0195,먹골,1,출입구-승강장,2,6,6) 승차 (휠체어칸)
01,수도권,S1,7,7호선,0530,중화,1,출입구-승강장,1,1,1) (1F) 3번 출입구 옆 엘리베이터 탑승
01,수도권,S1,7,7호선,0530,중화,1,출입구-승강장,1,2,2) (B1) 대합실로 이동
01,수도권,S1,7,7호선,0530,중화,1,출입구-승강장,1,3,3) 표 내는 곳 통과
01,수도권,S1,7,7호선,0530,중화,1,출입구-승강장,1,4,4) 엘리베이터 탑승
01,수도권,S1,7,7호선,0530,중화,1,출입구-승강장,1,5,5) (B3) 먹골 방면 승강장으로 이동
01,수도권,S1,7,7호선,0530,중화,1,출입구-승강장,1,6,6) 승차 (휠체어칸)
01,수도권,S1,7,7호선,0530,중화,1,출입구-승강장,2,1,1) (1F) 3번 출입구 옆 엘리베이터 탑승
01,수도권,S1,7,7호선,0530,중화,1,출입구-승강장,2,2,2) (B1) 대합실로 이동
01,수도권,S1,7,7호선,0530,중화,1,출입구-승강장,2,3,3) 표 내는 곳 통과
01,수도권,S1,7,7호선,0530,중화,1,출입구-승강장,2,4,4) 엘리베이터 탑승
01,수도권,S1,7,7호선,0530,중화,1,출입구-승강장,2,5,5) (B2) 대합실로 이동
01,수도권,S1,7,7호선,0530,중화,1,출입구-승강장,2,6,6) 상봉 방면 엘리베이터 탑승
01,수도권,S1,7,7호선,0530,중화,1,출입구-승강장,2,7,7) (B3) 상봉 방면 승강장으로 이동
01,수도권,S1,7,7호선,0530,중화,1,출입구-승강장,2,8,8) 승차 (휠체어칸)
01,수도권,S1,7,7호선,0276,상봉,1,출입구-승강장,1,1,1) (1F) 2번 출입구 옆 엘리베이터 탑승
01,수도권,S1,7,7호선,0276,상봉,1,출입구-승강장,1,2,2) (B1) 대합실로 이동
01,수도권,S1,7,7호선,0276,상봉,1,출입구-승강장,1,3,3) 표 내는 곳 통과
01,수도권,S1,7,7호선,0276,상봉,1,출입구-승강장,1,4,4) 중화 방면 엘리베이터 탑승
01,수도권,S1,7,7호선,0276,상봉,1,출입구-승강장,1,5,5) (B3) 중화 방면 승강장으로 이동
01,수도권,S1,7,7호선,0276,상봉,1,출입구-승강장,1,6,6) 승차 (휠체어칸)
01,수도권,S1,7,7호선,0276,상봉,1,출입구-승강장,2,1,1) (1F) 2번 출입구 옆 엘리베이터 탑승
01,수도권,S1,7,7호선,0276,상봉,1,출입구-승강장,2,2,2) (B1) 대합실로 이동
01,수도권,S1,7,7호선,0276,상봉,1,출입구-승강장,2,3,3) 표 내는 곳 통과
01,수도권,S1,7,7호선,0276,상봉,1,출입구-승강장,2,4,4) 면목 방면 엘리베이터 탑승
01,수도권,S1,7,7호선,0276,상봉,1,출입구-승강장,2,5,5) (B3) 면목 방면 승강장으로 이동
01,수도권,S1,7,7호선,0276,상봉,1,출입구-승강장,2,6,6) 승차 (휠체어칸)
01,수도권,S1,7,7호선,0276,상봉,3,환승,1,1,1) (B3) 7호선 중화 방면 승강장 하차
01,수도권,S1,7,7호선,0276,상봉,3,환승,1,2,2) 대합실 방향 엘리베이터 탑승
01,수도권,S1,7,7호선,0276,상봉,3,환승,1,3,3) (B1) 대합실로 이동
01,수도권,S1,7,7호선,0276,상봉,3,환승,1,4,4) 환승통로로 이동
01,수도권,S1,7,7호선,0276,상봉,3,환승,1,5,5) 경의중앙선 중랑 방면 엘리베이터 탑승
01,수도권,S1,7,7호선,0276,상봉,3,환승,1,6,6) (1F) 경의중앙선 중랑 방면 승강장으로 이동
01,수도권,S1,7,7호선,0276,상봉,3,환승,1,7,7) 승차 (휠체어칸)
01,수도권,S1,7,7호선,0276,상봉,3,환승,2,1,1) (B3) 7호선 중화 방면 승강장 하차
01,수도권,S1,7,7호선,0276,상봉,3,환승,2,2,2) 대합실 방향 엘리베이터 탑승
01,수도권,S1,7,7호선,0276,상봉,3,환승,2,3,3) (B1) 대합실로 이동
01,수도권,S1,7,7호선,0276,상봉,3,환승,2,4,4) 환승통로로 이동
01,수도권,S1,7,7호선,0276,상봉,3,환승,2,5,5) 경의중앙선 대합실 방향 엘리베이터 탑승
01,수도권,S1,7,7호선,0276,상봉,3,환승,2,6,6) (B1) 경의중앙선 대합실로 이동
01,수도권,S1,7,7호선,0276,상봉,3,환승,2,7,7) 경의중앙선 망우 방면 엘리베이터 탑승
01,수도권,S1,7,7호선,0276,상봉,3,환승,2,8,8) (1F) 경의중앙선 망우 방면 승강장으로 이동
01,수도권,S1,7,7호선,0276,상봉,3,환승,2,9,9) 승차 (휠체어칸)
01,수도권,S1,7,7호선,0276,상봉,3,환승,3,1,1) (B3) 7호선 면목 방면 승강장 하차
01,수도권,S1,7,7호선,0276,상봉,3,환승,3,2,2) 대합실 방향 엘리베이터 탑승
01,수도권,S1,7,7호선,0276,상봉,3,환승,3,3,3) (B1) 대합실로 이동
01,수도권,S1,7,7호선,0276,상봉,3,환승,3,4,4) 환승통로로 이동
01,수도권,S1,7,7호선,0276,상봉,3,환승,3,5,5) 경의중앙선 중랑 방면 엘리베이터 탑승
01,수도권,S1,7,7호선,0276,상봉,3,환승,3,6,6) (1F) 경의중앙선 중랑 방면 승강장으로 이동
01,수도권,S1,7,7호선,0276,상봉,3,환승,3,7,7) 승차 (휠체어칸)
01,수도권,S1,7,7호선,0276,상봉,3,환승,4,1,1) (B3) 7호선 면목 방면 승강장 하차
01,수도권,S1,7,7호선,0276,상봉,3,환승,4,2,2) 대합실 방향 엘리베이터 탑승
01,수도권,S1,7,7호선,0276,상봉,3,환승,4,3,3) (B1) 대합실로 이동
01,수도권,S1,7,7호선,0276,상봉,3,환승,4,4,4) 환승통로로 이동
01,수도권,S1,7,7호선,0276,상봉,3,환승,4,5,5) 경의중앙선 대합실 방향 엘리베이터 탑승
01,수도권,S1,7,7호선,0276,상봉,3,환승,4,6,6) (B1) 경의중앙선 대합실로 이동
01,수도권,S1,7,7호선,0276,상봉,3,환승,4,7,7) 경의중앙선 망우 방면 엘리베이터 탑승
01,수도권,S1,7,7호선,0276,상봉,3,환승,4,8,8) (1F) 경의중앙선 망우 방면 승강장으로 이동
01,수도권,S1,7,7호선,0276,상봉,3,환승,4,9,9) 승차 (휠체어칸)
01,수도권,S1,7,7호선,0276,상봉,3,환승,5,1,1) (B3) 7호선 중화 방면 승강장 하차
01,수도권,S1,7,7호선,0276,상봉,3,환승,5,2,2) 대합실 방향 엘리베이터 탑승
01,수도권,S1,7,7호선,0276,상봉,3,환승,5,3,3) (B1) 대합실로 이동
01,수도권,S1,7,7호선,0276,상봉,3,환승,5,4,4) 환승통로로 이동
01,수도권,S1,7,7호선,0276,상봉,3,환승,5,5,5) 경춘선 대합실 방향 엘리베이터 탑승
01,수도권,S1,7,7호선,0276,상봉,3,환승,5,6,6) (B1) 경춘선 대합실로 이동
01,수도권,S1,7,7호선,0276,상봉,3,환승,5,7,7) 경춘선 중랑 방면 엘리베이터 탑승
01,수도권,S1,7,7호선,0276,상봉,3,환승,5,8,8) (1F) 경춘선 중랑 방면 승강장으로 이동
01,수도권,S1,7,7호선,0276,상봉,3,환승,5,9,9) 승차 (휠체어칸)
01,수도권,S1,7,7호선,0276,상봉,3,환승,6,1,1) (B3) 7호선 중화 방면 승강장 하차
01,수도권,S1,7,7호선,0276,상봉,3,환승,6,2,2) 대합실 방향 엘리베이터 탑승
01,수도권,S1,7,7호선,0276,상봉,3,환승,6,3,3) (B1) 대합실로 이동
01,수도권,S1,7,7호선,0276,상봉,3,환승,6,4,4) 환승통로로 이동
01,수도권,S1,7,7호선,0276,상봉,3,환승,6,5,5) 경춘선 대합실 방향 엘리베이터 탑승
01,수도권,S1,7,7호선,0276,상봉,3,환승,6,6,6) (B1) 경춘선 대합실로 이동
01,수도권,S1,7,7호선,0276,상봉,3,환승,6,7,7) 경춘선 망우 방면 엘리베이터 탑승
01,수도권,S1,7,7호선,0276,상봉,3,환승,6,8,8) (1F) 경춘선 망우 방면 승강장으로 이동
01,수도권,S1,7,7호선,0276,상봉,3,환승,6,9,9) 승차 (휠체어칸)
01,수도권,S1,7,7호선,0276,상봉,3,환승,7,1,1) (B3) 7호선 면목 방면 승강장 하차
01,수도권,S1,7,7호선,0276,상봉,3,환승,7,2,2) 대합실 방향 엘리베이터 탑승
01,수도권,S1,7,7호선,0276,상봉,3,환승,7,3,3) (B1) 대합실로 이동
01,수도권,S1,7,7호선,0276,상봉,3,환승,7,4,4) 환승통로로 이동
01,수도권,S1,7,7호선,0276,상봉,3,환승,7,5,5) 경춘선 대합실 방향 엘리베이터 탑승
01,수도권,S1,7,7호선,0276,상봉,3,환승,7,6,6) (B1) 경춘선 대합실로 이동
01,수도권,S1,7,7호선,0276,상봉,3,환승,7,7,7) 경춘선 중랑 방면 엘리베이터 탑승
01,수도권,S1,7,7호선,0276,상봉,3,환승,7,8,8) (1F) 경춘선 중랑 방면 승강장으로 이동
01,수도권,S1,7,7호선,0276,상봉,3,환승,7,9,9) 승차 (휠체어칸)
01,수도권,S1,7,7호선,0276,상봉,3,환승,8,1,1) (B3) 7호선 면목 방면 승강장 하차
01,수도권,S1,7,7호선,0276,상봉,3,환승,8,2,2) 대합실 방향 엘리베이터 탑승
01,수도권,S1,7,7호선,0276,상봉,3,환승,8,3,3) (B1) 대합실로 이동
01,수도권,S1,7,7호선,0276,상봉,3,환승,8,4,4) 환승통로로 이동
01,수도권,S1,7,7호선,0276,상봉,3,환승,8,5,5) 경춘선 대합실 방향 엘리베이터 탑승
01,수도권,S1,7,7호선,0276,상봉,3,환승,8,6,6) (B1) 경춘선 대합실로 이동
01,수도권,S1,7,7호선,0276,상봉,3,환승,8,7,7) 경춘선 망우 방면 엘리베이터 탑승
01,수도권,S1,7,7호선,0276,상봉,3,환승,8,8,8) (1F) 경춘선 망우 방면 승강장으로 이동
01,수도권,S1,7,7호선,0276,상봉,3,환승,8,9,9) 승차 (휠체어칸)
01,수도권,S1,7,7호선,0196,면목,1,출입구-승강장,1,1,1) (1F) 3번 출입구 옆 엘리베이터 탑승
01,수도권,S1,7,7호선,0196,면목,1,출입구-승강장,1,2,2) (B1) 대합실로 이동
01,수도권,S1,7,7호선,0196,면목,1,출입구-승강장,1,3,3) 표 내는 곳 통과
01,수도권,S1,7,7호선,0196,면목,1,출입구-승강장,1,4,4) 엘리베이터 탑승
01,수도권,S1,7,7호선,0196,면목,1,출입구-승강장,1,5,5) (B4) 상봉 방면 승강장으로 이동
01,수도권,S1,7,7호선,0196,면목,1,출입구-승강장,1,6,6) 승차 (휠체어칸)
01,수도권,S1,7,7호선,0196,면목,1,출입구-승강장,2,1,1) (1F) 3번 출입구 옆 엘리베이터 탑승
01,수도권,S1,7,7호선,0196,면목,1,출입구-승강장,2,2,2) (B1) 대합실로 이동
01,수도권,S1,7,7호선,0196,면목,1,출입구-승강장,2,3,3) 표 내는 곳 통과
01,수도권,S1,7,7호선,0196,면목,1,출입구-승강장,2,4,4) 엘리베이터 탑승
01,수도권,S1,7,7호선,0196,면목,1,출입구-승강장,2,5,5) (B3) 대합실로 이동
01,수도권,S1,7,7호선,0196,면목,1,출입구-승강장,2,6,6) 사가정 방면 엘리베이터 탑승
01,수도권,S1,7,7호선,0196,면목,1,출입구-승강장,2,7,7) (B4) 사가정 방면 승강장으로 이동
01,수도권,S1,7,7호선,0196,면목,1,출입구-승강장,2,8,8) 승차 (휠체어칸)
01,수도권,S1,7,7호선,0256,사가정,1,출입구-승강장,1,1,1) (1F) 3번 출입구 옆 엘리베이터 탑승
01,수도권,S1,7,7호선,0256,사가정,1,출입구-승강장,1,2,2) (B1) 대합실로 이동
01,수도권,S1,7,7호선,0256,사가정,1,출입구-승강장,1,3,3) 표 내는 곳 통과
01,수도권,S1,7,7호선,0256,사가정,1,출입구-승강장,1,4,4) 엘리베이터 탑승
01,수도권,S1,7,7호선,0256,사가정,1,출입구-승강장,1,5,5) (B3) 대합실로 이동
01,수도권,S1,7,7호선,0256,사가정,1,출입구-승강장,1,6,6) 면목 방면 엘리베이터 탑승
01,수도권,S1,7,7호선,0256,사가정,1,출입구-승강장,1,7,7) (B4) 면목 방면 승강장으로 이동
01,수도권,S1,7,7호선,0256,사가정,1,출입구-승강장,1,8,8) 승차 (휠체어칸)
01,수도권,S1,7,7호선,0256,사가정,1,출입구-승강장,2,1,1) (1F) 3번 출입구 옆 엘리베이터 탑승
01,수도권,S1,7,7호선,0256,사가정,1,출입구-승강장,2,2,2) (B1) 대합실로 이동
01,수도권,S1,7,7호선,0256,사가정,1,출입구-승강장,2,3,3) 표 내는 곳 통과
01,수도권,S1,7,7호선,0256,사가정,1,출입구-승강장,2,4,4) 엘리베이터 탑승
01,수도권,S1,7,7호선,0256,사가정,1,출입구-승강장,2,5,5) (B4) 용마산 방면 승강장으로 이동
01,수도권,S1,7,7호선,0256,사가정,1,출입구-승강장,2,6,6) 승차 (휠체어칸)
01,수도권,S1,7,7호선,0445,용마산,1,출입구-승강장,1,1,1) (1F) 1번 출입구 옆 엘리베이터 탑승
01,수도권,S1,7,7호선,0445,용마산,1,출입구-승강장,1,2,2) (B1) 대합실로 이동
01,수도권,S1,7,7호선,0445,용마산,1,출입구-승강장,1,3,3) 표 내는 곳 통과
01,수도권,S1,7,7호선,0445,용마산,1,출입구-승강장,1,4,4) 엘리베이터 탑승
01,수도권,S1,7,7호선,0445,용마산,1,출입구-승강장,1,5,5) (B3) 대합실로 이동
01,수도권,S1,7,7호선,0445,용마산,1,출입구-승강장,1,6,6) 사가정 방면 엘리베이터 탑승
01,수도권,S1,7,7호선,0445,용마산,1,출입구-승강장,1,7,7) (B4) 사가정 방면 승강장으로 이동
01,수도권,S1,7,7호선,0445,용마산,1,출입구-승강장,1,8,8) 승차 (휠체어칸)
01,수도권,S1,7,7호선,0445,용마산,1,출입구-승강장,2,1,1) (1F) 1번 출입구 옆 엘리베이터 탑승
01,수도권,S1,7,7호선,0445,용마산,1,출입구-승강장,2,2,2) (B1) 대합실로 이동
01,수도권,S1,7,7호선,0445,용마산,1,출입구-승강장,2,3,3) 표 내는 곳 통과
01,수도권,S1,7,7호선,0445,용마산,1,출입구-승강장,2,4,4) 엘리베이터 탑승
01,수도권,S1,7,7호선,0445,용마산,1,출입구-승강장,2,5,5) (B4) 중곡 방면 승강장으로 이동
01,수도권,S1,7,7호선,0445,용마산,1,출입구-승강장,2,6,6) 승차 (휠체어칸)
01,수도권,S1,7,7호선,0525,중곡,1,출입구-승강장,1,1,1) (1F) 1번 출입구 옆 엘리베이터 탑승
01,수도권,S1,7,7호선,0525,중곡,1,출입구-승강장,1,2,2) (B2) 대합실로 이동
01,수도권,S1,7,7호선,0525,중곡,1,출입구-승강장,1,3,3) 표 내는 곳 통과
01,수도권,S1,7,7호선,0525,중곡,1,출입구-승강장,1,4,4) 용마산 방면 엘리베이터 탑승
01,수도권,S1,7,7호선,0525,중곡,1,출입구-승강장,1,5,5) (B3) 용마산 방면 승강장으로 이동
01,수도권,S1,7,7호선,0525,중곡,1,출입구-승강장,1,6,6) 승차 (휠체어칸)
01,수도권,S1,7,7호선,0525,중곡,1,출입구-승강장,2,1,1) 1번 출입구 근처 외부 엘리베이터 이동
01,수도권,S1,7,7호선,0525,중곡,1,출입구-승강장,2,2,2) 지하 2층으로 이동
01,수도권,S1,7,7호선,0525,중곡,1,출입구-승강장,2,3,3) 개집표기 통과
01,수도권,S1,7,7호선,0525,중곡,1,출입구-승강장,2,4,4) 군자방면 내부 엘리베이터 이동
01,수도권,S1,7,7호선,0525,중곡,1,출입구-승강장,2,5,5) 군자방면 승강장 이동
01,수도권,S1,7,7호선,0525,중곡,1,출입구-승강장,2,6,6) 승차 (휠체어칸)
01,수도권,S1,7,7호선,0082,군자,1,출입구-승강장,1,1,1) (1F) 4번 출입구 옆 엘리베이터 탑승
01,수도권,S1,7,7호선,0082,군자,1,출입구-승강장,1,2,2) (B1) 대합실로 이동
01,수도권,S1,7,7호선,0082,군자,1,출입구-승강장,1,3,3) 표 내는 곳 통과
01,수도권,S1,7,7호선,0082,군자,1,출입구-승강장,1,4,4) 중곡 방면 엘리베이터 탑승
01,수도권,S1,7,7호선,0082,군자,1,출입구-승강장,1,5,5) (B3) 중곡 방면 승강장으로 이동
01,수도권,S1,7,7호선,0082,군자,1,출입구-승강장,1,6,6) 승차 (휠체어칸)
01,수도권,S1,7,7호선,0082,군자,1,출입구-승강장,2,1,1) (1F) 4번 출입구 옆 엘리베이터 탑승
01,수도권,S1,7,7호선,0082,군자,1,출입구-승강장,2,2,2) (B1) 대합실로 이동
01,수도권,S1,7,7호선,0082,군자,1,출입구-승강장,2,3,3) 표 내는 곳 통과
01,수도권,S1,7,7호선,0082,군자,1,출입구-승강장,2,4,4) 어린이대공원 방면 엘리베이터 탑승
01,수도권,S1,7,7호선,0082,군자,1,출입구-승강장,2,5,5) (B3) 어린이대공원 방면 승강장으로 이동
01,수도권,S1,7,7호선,0082,군자,1,출입구-승강장,2,6,6) 승차 (휠체어칸)
01,수도권,S1,7,7호선,0082,군자,1,출입구-승강장,3,1,1) (1F) 7번 출입구 옆 엘리베이터 탑승
01,수도권,S1,7,7호선,0082,군자,1,출입구-승강장,3,2,2) (B1) 대합실로 이동
01,수도권,S1,7,7호선,0082,군자,1,출입구-승강장,3,3,3) 표 내는 곳 통과
01,수도권,S1,7,7호선,0082,군자,1,출입구-승강장,3,4,4) 중곡 방면 엘리베이터 탑승
01,수도권,S1,7,7호선,0082,군자,1,출입구-승강장,3,5,5) (B3) 중곡 방면 승강장으로 이동
01,수도권,S1,7,7호선,0082,군자,1,출입구-승강장,3,6,6) 승차 (휠체어칸)
01,수도권,S1,7,7호선,0082,군자,1,출입구-승강장,4,1,1) (1F) 7번 출입구 옆 엘리베이터 탑승
01,수도권,S1,7,7호선,0082,군자,1,출입구-승강장,4,2,2) (B1) 대합실로 이동
01,수도권,S1,7,7호선,0082,군자,1,출입구-승강장,4,3,3) 표 내는 곳 통과
01,수도권,S1,7,7호선,0082,군자,1,출입구-승강장,4,4,4) 어린이대공원 방면 엘리베이터 탑승
01,수도권,S1,7,7호선,0082,군자,1,출입구-승강장,4,5,5) (B3) 어린이대공원 방면 승강장으로 이동
01,수도권,S1,7,7호선,0082,군자,1,출입구-승강장,4,6,6) 승차 (휠체어칸)
01,수도권,S1,7,7호선,0082,군자,3,환승,1,1,1) (B3) 7호선 중곡 방면 승강장 하차
01,수도권,S1,7,7호선,0082,군자,3,환승,1,2,2) 엘리베이터 탑승
01,수도권,S1,7,7호선,0082,군자,3,환승,1,3,3) (B2) 5호선 장한평 방면 승강장으로 이동
01,수도권,S1,7,7호선,0082,군자,3,환승,1,4,4) 승차 (휠체어칸)
01,수도권,S1,7,7호선,0082,군자,3,환승,2,1,1) (B3) 7호선 중곡 방면 승강장 하차
01,수도권,S1,7,7호선,0082,군자,3,환승,2,2,2) 엘리베이터 탑승
01,수도권,S1,7,7호선,0082,군자,3,환승,2,3,3) (B2) 5호선 아차산 방면 승강장으로 이동
01,수도권,S1,7,7호선,0082,군자,3,환승,2,4,4) 승차 (휠체어칸)
01,수도권,S1,7,7호선,0082,군자,3,환승,3,1,1) (B3) 7호선 어린이대공원 방면 승강장 하차
01,수도권,S1,7,7호선,0082,군자,3,환승,3,2,2) 엘리베이터 탑승
01,수도권,S1,7,7호선,0082,군자,3,환승,3,3,3) (B2) 5호선 장한평 방면 승강장으로 이동
01,수도권,S1,7,7호선,0082,군자,3,환승,3,4,4) 승차 (휠체어칸)
01,수도권,S1,7,7호선,0082,군자,3,환승,4,1,1) (B3) 7호선 어린이대공원 방면 승강장 하차
01,수도권,S1,7,7호선,0082,군자,3,환승,4,2,2) 엘리베이터 탑승
01,수도권,S1,7,7호선,0082,군자,3,환승,4,3,3) (B2) 5호선 아차산 방면 승강장으로 이동
01,수도권,S1,7,7호선,0082,군자,3,환승,4,4,4) 승차 (휠체어칸)
01,수도권,S1,7,7호선,0408,어린이대공원,1,출입구-승강장,1,1,1) (1F) 1번 출입구 옆 엘리베이터 탑승
01,수도권,S1,7,7호선,0408,어린이대공원,1,출입구-승강장,1,2,2) (B1) 대합실로 이동
01,수도권,S1,7,7호선,0408,어린이대공원,1,출입구-승강장,1,3,3) 군자 방면 엘리베이터 탑승
01,수도권,S1,7,7호선,0408,어린이대공원,1,출입구-승강장,1,4,4) (B3) 군자 방면 승강장으로 이동
01,수도권,S1,7,7호선,0408,어린이대공원,1,출입구-승강장,1,5,5) 표 내는곳(엘리베이터 전용 게이트)에 카드 태그(승강장에 위치)
01,수도권,S1,7,7호선,0408,어린이대공원,1,출입구-승강장,1,6,6) 승차 (휠체어칸)
01,수도권,S1,7,7호선,0408,어린이대공원,1,출입구-승강장,2,1,1) (1F) 1번 출입구 옆 엘리베이터 탑승
01,수도권,S1,7,7호선,0408,어린이대공원,1,출입구-승강장,2,2,2) (B1) 대합실로 이동
01,수도권,S1,7,7호선,0408,어린이대공원,1,출입구-승강장,2,3,3) 건대입구 방면 엘리베이터 탑승
01,수도권,S1,7,7호선,0408,어린이대공원,1,출입구-승강장,2,4,4) (B3) 건대입구 방면 승강장으로 이동
01,수도권,S1,7,7호선,0408,어린이대공원,1,출입구-승강장,2,5,5) 표 내는곳(엘리베이터 전용 게이트)에 카드 태그(승강장에 위치) 
01,수도권,S1,7,7호선,0408,어린이대공원,1,출입구-승강장,2,6,6)승차 (휠체어칸)
01,수도권,S1,7,7호선,0408,어린이대공원,1,출입구-승강장,3,1,1) (1F) 5번 출입구 옆 엘리베이터 탑승
01,수도권,S1,7,7호선,0408,어린이대공원,1,출입구-승강장,3,2,2) (B1) 대합실로 이동
01,수도권,S1,7,7호선,0408,어린이대공원,1,출입구-승강장,3,3,3) 군자 방면 엘리베이터 탑승
01,수도권,S1,7,7호선,0408,어린이대공원,1,출입구-승강장,3,4,4) (B3) 군자 방면 승강장으로 이동
01,수도권,S1,7,7호선,0408,어린이대공원,1,출입구-승강장,3,5,5) 표 내는곳(엘리베이터 전용 게이트)에 카드 태그(승강장에 위치)
01,수도권,S1,7,7호선,0408,어린이대공원,1,출입구-승강장,3,6,6) 승차 (휠체어칸)
01,수도권,S1,7,7호선,0408,어린이대공원,1,출입구-승강장,4,1,1) (1F) 5번 출입구 옆 엘리베이터 탑승
01,수도권,S1,7,7호선,0408,어린이대공원,1,출입구-승강장,4,2,2) (B1) 대합실로 이동
01,수도권,S1,7,7호선,0408,어린이대공원,1,출입구-승강장,4,3,3) 건대입구 방면 엘리베이터 탑승
01,수도권,S1,7,7호선,0408,어린이대공원,1,출입구-승강장,4,4,4) (B3) 건대입구 방면 승강장으로 이동
01,수도권,S1,7,7호선,0408,어린이대공원,1,출입구-승강장,4,5,5) 표 내는곳(엘리베이터 전용 게이트)에 카드 태그(승강장에 위치)
01,수도권,S1,7,7호선,0408,어린이대공원,1,출입구-승강장,4,6,6) 승차 (휠체어칸)
01,수도권,S1,7,7호선,0031,건대입구,1,출입구-승강장,1,1,1) (1F) 3번/4번 출입구 사이 엘리베이터 탑승
01,수도권,S1,7,7호선,0031,건대입구,1,출입구-승강장,1,2,2) (B2) 대합실 이동
01,수도권,S1,7,7호선,0031,건대입구,1,출입구-승강장,1,3,3) 표 내는 곳 통과
01,수도권,S1,7,7호선,0031,건대입구,1,출입구-승강장,1,4,4) (B2) 어린이대공원 방면 승강장으로 이동
01,수도권,S1,7,7호선,0031,건대입구,1,출입구-승강장,1,5,5) 승차 (휠체어칸)
01,수도권,S1,7,7호선,0031,건대입구,1,출입구-승강장,2,1,1) (1F) 3번/4번 출입구 사이 엘리베이터 탑승
01,수도권,S1,7,7호선,0031,건대입구,1,출입구-승강장,2,2,2) (B2) 대합실 이동
01,수도권,S1,7,7호선,0031,건대입구,1,출입구-승강장,2,3,3) 표 내는 곳 통과
01,수도권,S1,7,7호선,0031,건대입구,1,출입구-승강장,2,4,4) 어린이대공원 방면 승강장 엘리베이터 탑승
01,수도권,S1,7,7호선,0031,건대입구,1,출입구-승강장,2,5,5) (B3) 이동통로로 이동
01,수도권,S1,7,7호선,0031,건대입구,1,출입구-승강장,2,6,6) 자양 방면 엘리베이터 탑승
01,수도권,S1,7,7호선,0031,건대입구,1,출입구-승강장,2,7,7) (B2) 자양 방면 승강장으로 이동
01,수도권,S1,7,7호선,0031,건대입구,1,출입구-승강장,2,8,8) 승차 (휠체어칸)
01,수도권,S1,7,7호선,0031,건대입구,3,환승,1,1,1) (B2) 7호선 어린이대공원 방면 승강장 하차
01,수도권,S1,7,7호선,0031,건대입구,3,환승,1,2,2) 표 내는 곳 통과
01,수도권,S1,7,7호선,0031,건대입구,3,환승,1,3,3) 7호선 3번 출입구 옆 엘리베이터 탑승
01,수도권,S1,7,7호선,0031,건대입구,3,환승,1,4,4) (F1) 횡단보도 건넌 후 2호선 5번 출입구로 이동
01,수도권,S1,7,7호선,0031,건대입구,3,환승,1,5,5) 2호선 6번 출입구 옆 엘리베이터 이동
01,수도권,S1,7,7호선,0031,건대입구,3,환승,1,6,6) 2호선 6번 출입구 옆 엘리베이터 탑승
01,수도권,S1,7,7호선,0031,건대입구,3,환승,1,7,7) (F2) 표 내는 곳 통과
01,수도권,S1,7,7호선,0031,건대입구,3,환승,1,8,8) 성수 방면 엘리베이터 탑승
01,수도권,S1,7,7호선,0031,건대입구,3,환승,1,9,9) (3F) 2호선 성수 방면 승강장으로 이동
01,수도권,S1,7,7호선,0031,건대입구,3,환승,1,10,10) 승차 (휠체어칸)
01,수도권,S1,7,7호선,0031,건대입구,3,환승,2,1,1) (B2) 7호선 어린이대공원 방면 승강장 하차
01,수도권,S1,7,7호선,0031,건대입구,3,환승,2,2,2) 표 내는 곳 통과
01,수도권,S1,7,7호선,0031,건대입구,3,환승,2,3,3) 7호선 3번 출입구 옆 엘리베이터 탑승
01,수도권,S1,7,7호선,0031,건대입구,3,환승,2,4,4) (F1) 횡단보도 건넌 후 2호선 5번 출입구로 이동
01,수도권,S1,7,7호선,0031,건대입구,3,환승,2,5,5) 2호선 6번 출입구 옆 엘리베이터 이동
01,수도권,S1,7,7호선,0031,건대입구,3,환승,2,6,6) 2호선 6번 출입구 옆 엘리베이터 탑승
01,수도권,S1,7,7호선,0031,건대입구,3,환승,2,7,7) (3F) 2호선 구의 방면 승강장으로 이동
01,수도권,S1,7,7호선,0031,건대입구,3,환승,2,8,8) 승차 (휠체어칸)
01,수도권,S1,7,7호선,0031,건대입구,3,환승,3,1,1) (B2) 7호선 자양 방면 승강장 하차
01,수도권,S1,7,7호선,0031,건대입구,3,환승,3,2,2) 7호선 자양 방면 엘리베이터 탑승
01,수도권,S1,7,7호선,0031,건대입구,3,환승,3,3,3) (B3) 환승통로로 이동
01,수도권,S1,7,7호선,0031,건대입구,3,환승,3,4,4) 7호선 어린이대공원 방면 엘리베이터 탑승
01,수도권,S1,7,7호선,0031,건대입구,3,환승,3,5,5) 7호선 어린이대공원 방면 승강장 이동
01,수도권,S1,7,7호선,0031,건대입구,3,환승,3,6,6) 표 내는 곳 통과
01,수도권,S1,7,7호선,0031,건대입구,3,환승,3,7,7) 7호선 3번 출입구 옆 엘리베이터 이동
01,수도권,S1,7,7호선,0031,건대입구,3,환승,3,8,8) 7호선 3번 출입구 옆 엘리베이터 탑승
01,수도권,S1,7,7호선,0031,건대입구,3,환승,3,9,9) (F1) 횡단보도 건넌 후 2호선 5번 출입구로 이동
01,수도권,S1,7,7호선,0031,건대입구,3,환승,3,10,10) 2호선 6번 출입구 옆 엘리베이터 이동
01,수도권,S1,7,7호선,0031,건대입구,3,환승,3,11,11) 2호선 6번 출입구 옆 엘리베이터 탑승
01,수도권,S1,7,7호선,0031,건대입구,3,환승,3,12,12) (F2) 표 내는 곳 통과
01,수도권,S1,7,7호선,0031,건대입구,3,환승,3,13,13) 성수 방면 엘리베이터 탑승
01,수도권,S1,7,7호선,0031,건대입구,3,환승,3,14,14) (3F) 2호선 성수 방면 승강장으로 이동
01,수도권,S1,7,7호선,0031,건대입구,3,환승,3,15,15) 승차 (휠체어칸)
01,수도권,S1,7,7호선,0031,건대입구,3,환승,4,1,1) (B2) 7호선 자양 방면 승강장 하차
01,수도권,S1,7,7호선,0031,건대입구,3,환승,4,2,2) 7호선 자양 방면 엘리베이터 탑승
01,수도권,S1,7,7호선,0031,건대입구,3,환승,4,3,3) (B3) 환승통로로 이동
01,수도권,S1,7,7호선,0031,건대입구,3,환승,4,4,4) 7호선 어린이대공원 방면 엘리베이터 탑승
01,수도권,S1,7,7호선,0031,건대입구,3,환승,4,5,5) 7호선 어린이대공원 방면 승강장 이동
01,수도권,S1,7,7호선,0031,건대입구,3,환승,4,6,6) 표 내는 곳 통과
01,수도권,S1,7,7호선,0031,건대입구,3,환승,4,7,7) 7호선 3번 출입구 옆 엘리베이터 이동
01,수도권,S1,7,7호선,0031,건대입구,3,환승,4,8,8) 7호선 3번 출입구 옆 엘리베이터 탑승
01,수도권,S1,7,7호선,0031,건대입구,3,환승,4,9,9) (F1) 횡단보도 건넌 후 2호선 5번 출입구로 이동
01,수도권,S1,7,7호선,0031,건대입구,3,환승,4,10,10) 2호선 6번 출입구 옆 엘리베이터 이동
01,수도권,S1,7,7호선,0031,건대입구,3,환승,4,11,11) 2호선 6번 출입구 옆 엘리베이터 탑승
01,수도권,S1,7,7호선,0031,건대입구,3,환승,4,12,12) (3F) 2호선 구의 방면 승강장으로 이동
01,수도권,S1,7,7호선,0031,건대입구,3,환승,4,13,13) 승차 (휠체어칸)
01,수도권,S1,7,7호선,0176,자양,1,출입구-승강장,1,1,1) (1F) 1번 출입구 옆 엘리베이터 탑승
01,수도권,S1,7,7호선,0176,자양,1,출입구-승강장,1,2,2) (2F) 대합실로 이동
01,수도권,S1,7,7호선,0176,자양,1,출입구-승강장,1,3,3) 표 내는 곳 통과
01,수도권,S1,7,7호선,0176,자양,1,출입구-승강장,1,4,4) 건대입구 방면 엘리베이터 탑승
01,수도권,S1,7,7호선,0176,자양,1,출입구-승강장,1,5,5) (3F) 건대입구 방면 승강장으로 이동
01,수도권,S1,7,7호선,0176,자양,1,출입구-승강장,1,6,6) 승차 (휠체어칸)
01,수도권,S1,7,7호선,0176,자양,1,출입구-승강장,2,1,1) (1F) 1번 출입구 옆 엘리베이터 탑승
01,수도권,S1,7,7호선,0176,자양,1,출입구-승강장,2,2,2) (2F) 대합실로 이동
01,수도권,S1,7,7호선,0176,자양,1,출입구-승강장,2,3,3) 표 내는 곳 통과
01,수도권,S1,7,7호선,0176,자양,1,출입구-승강장,2,4,4) 청담 방면 엘리베이터 탑승
01,수도권,S1,7,7호선,0176,자양,1,출입구-승강장,2,5,5) (3F) 청담 방면 승강장으로 이동
01,수도권,S1,7,7호선,0176,자양,1,출입구-승강장,2,6,6) 승차 (휠체어칸)
01,수도권,S1,7,7호선,0550,청담,1,출입구-승강장,1,1,1) (1F) 5번 출입구 옆 지상1층 엘리베이터 탑승
01,수도권,S1,7,7호선,0550,청담,1,출입구-승강장,1,2,2) (B3) 지하3층 엘리베이터 하차
01,수도권,S1,7,7호선,0550,청담,1,출입구-승강장,1,3,3) 엘리베이터용 표 내는 곳 통과
01,수도권,S1,7,7호선,0550,청담,1,출입구-승강장,1,4,4) 지하3층 엘리베이터 탑승
01,수도권,S1,7,7호선,0550,청담,1,출입구-승강장,1,5,5) (B4) 자양 방면 지하4층 엘리베이터 하차
01,수도권,S1,7,7호선,0550,청담,1,출입구-승강장,1,6,6) 승차 (휠체어칸)
01,수도권,S1,7,7호선,0550,청담,1,출입구-승강장,2,1,1) (1F) 5번 출입구 옆 엘리베이터 탑승
01,수도권,S1,7,7호선,0550,청담,1,출입구-승강장,2,2,2) (B3) 대합실로 이동
01,수도권,S1,7,7호선,0550,청담,1,출입구-승강장,2,3,3) 엘리베이터용 표 내는 곳 통과
01,수도권,S1,7,7호선,0550,청담,1,출입구-승강장,2,4,4) 지하3층 엘리베이터 탑승
01,수도권,S1,7,7호선,0550,청담,1,출입구-승강장,2,5,5) (B4)강남구청 방면 지하4층 엘리베이터 하차
01,수도권,S1,7,7호선,0550,청담,1,출입구-승강장,2,6,6) 승차(휠체어칸)
01,수도권,S1,7,7호선,0550,청담,1,출입구-승강장,3,1,1) (1F) 10번 출입구 옆 지상1층 엘리베이터 탑승
01,수도권,S1,7,7호선,0550,청담,1,출입구-승강장,3,2,2) (B3) 지하3층 엘리베이터 하차
01,수도권,S1,7,7호선,0550,청담,1,출입구-승강장,3,3,3) 엘리베이터용 표 내는 곳 통과
01,수도권,S1,7,7호선,0550,청담,1,출입구-승강장,3,4,4) 지하3층 엘리베이터 탑승
01,수도권,S1,7,7호선,0550,청담,1,출입구-승강장,3,5,5) (B4) 자양 방면 지하4층 엘리베이터 하차
01,수도권,S1,7,7호선,0550,청담,1,출입구-승강장,3,6,6) 승차 (휠체어칸)
01,수도권,S1,7,7호선,0550,청담,1,출입구-승강장,4,1,1) (1F) 10번 출입구 옆 엘리베이터 탑승
01,수도권,S1,7,7호선,0550,청담,1,출입구-승강장,4,2,2) (B3) 대합실로 이동
01,수도권,S1,7,7호선,0550,청담,1,출입구-승강장,4,3,3) 엘리베이터용 표 내는 곳 통과
01,수도권,S1,7,7호선,0550,청담,1,출입구-승강장,4,4,4) 지하3층 엘리베이터 탑승
01,수도권,S1,7,7호선,0550,청담,1,출입구-승강장,4,5,5) (B4)강남구청 방면 지하4층 엘리베이터 하차
01,수도권,S1,7,7호선,0550,청담,1,출입구-승강장,4,6,6) 승차(휠체어칸)
01,수도권,S1,7,7호선,0018,강남구청,1,출입구-승강장,1,1,1) (1F) 1번 출입구 옆 엘리베이터 탑승
01,수도권,S1,7,7호선,0018,강남구청,1,출입구-승강장,1,2,2) (B1) 수인분당선 대합실로 이동
01,수도권,S1,7,7호선,0018,강남구청,1,출입구-승강장,1,3,3) 7호선 대합실 방향 엘리베이터 탑승
01,수도권,S1,7,7호선,0018,강남구청,1,출입구-승강장,1,4,4) (B2) 7호선 대합실로 이동
01,수도권,S1,7,7호선,0018,강남구청,1,출입구-승강장,1,5,5) 표 내는 곳 통과
01,수도권,S1,7,7호선,0018,강남구청,1,출입구-승강장,1,6,6) 청담 방면 엘리베이터 탑승
01,수도권,S1,7,7호선,0018,강남구청,1,출입구-승강장,1,7,7) (B3) 청담 방면 승강장으로 이동
01,수도권,S1,7,7호선,0018,강남구청,1,출입구-승강장,1,8,8) 승차 (휠체어칸)
01,수도권,S1,7,7호선,0018,강남구청,1,출입구-승강장,2,1,1) (1F) 1번 출입구 옆 엘리베이터 탑승
01,수도권,S1,7,7호선,0018,강남구청,1,출입구-승강장,2,2,2) (B1) 수인분당선 대합실로 이동
01,수도권,S1,7,7호선,0018,강남구청,1,출입구-승강장,2,3,3) 7호선 대합실 방향 엘리베이터 탑승
01,수도권,S1,7,7호선,0018,강남구청,1,출입구-승강장,2,4,4) (B2) 7호선 대합실로 이동
01,수도권,S1,7,7호선,0018,강남구청,1,출입구-승강장,2,5,5) 표 내는 곳 통과
01,수도권,S1,7,7호선,0018,강남구청,1,출입구-승강장,2,6,6) 학동 방면 엘리베이터 탑승
01,수도권,S1,7,7호선,0018,강남구청,1,출입구-승강장,2,7,7) (B3) 학동 방면 승강장으로 이동
01,수도권,S1,7,7호선,0018,강남구청,1,출입구-승강장,2,8,8) 승차 (휠체어칸)
01,수도권,S1,7,7호선,0018,강남구청,1,출입구-승강장,3,1,1) (1F) 2번 출입구 옆 엘리베이터 탑승
01,수도권,S1,7,7호선,0018,강남구청,1,출입구-승강장,3,2,2) (B1) 수인분당선 대합실로 이동
01,수도권,S1,7,7호선,0018,강남구청,1,출입구-승강장,3,3,3) 7호선 대합실 방향 엘리베이터 탑승
01,수도권,S1,7,7호선,0018,강남구청,1,출입구-승강장,3,4,4) (B2) 7호선 대합실로 이동
01,수도권,S1,7,7호선,0018,강남구청,1,출입구-승강장,3,5,5) 표 내는 곳 통과
01,수도권,S1,7,7호선,0018,강남구청,1,출입구-승강장,3,6,6) 청담 방면 엘리베이터 탑승
01,수도권,S1,7,7호선,0018,강남구청,1,출입구-승강장,3,7,7) (B3) 청담 방면 승강장으로 이동
01,수도권,S1,7,7호선,0018,강남구청,1,출입구-승강장,3,8,8) 승차 (휠체어칸)
01,수도권,S1,7,7호선,0018,강남구청,1,출입구-승강장,4,1,1) (1F) 2번 출입구 옆 엘리베이터 탑승
01,수도권,S1,7,7호선,0018,강남구청,1,출입구-승강장,4,2,2) (B1) 수인분당선 대합실로 이동
01,수도권,S1,7,7호선,0018,강남구청,1,출입구-승강장,4,3,3) 7호선 대합실 방향 엘리베이터 탑승
01,수도권,S1,7,7호선,0018,강남구청,1,출입구-승강장,4,4,4) (B2) 7호선 대합실로 이동
01,수도권,S1,7,7호선,0018,강남구청,1,출입구-승강장,4,5,5) 표 내는 곳 통과
01,수도권,S1,7,7호선,0018,강남구청,1,출입구-승강장,4,6,6) 학동 방면 엘리베이터 탑승
01,수도권,S1,7,7호선,0018,강남구청,1,출입구-승강장,4,7,7) (B3) 학동 방면 승강장으로 이동
01,수도권,S1,7,7호선,0018,강남구청,1,출입구-승강장,4,8,8) 승차 (휠체어칸)
01,수도권,S1,7,7호선,0018,강남구청,1,출입구-승강장,5,1,1) (1F) 3-1번 출입구 옆 엘리베이터 탑승
01,수도권,S1,7,7호선,0018,강남구청,1,출입구-승강장,5,2,2) (B1) 수인분당선 대합실로 이동
01,수도권,S1,7,7호선,0018,강남구청,1,출입구-승강장,5,3,3) 7호선 대합실 방향 엘리베이터 탑승
01,수도권,S1,7,7호선,0018,강남구청,1,출입구-승강장,5,4,4) (B2) 7호선 대합실로 이동
01,수도권,S1,7,7호선,0018,강남구청,1,출입구-승강장,5,5,5) 표 내는 곳 통과
01,수도권,S1,7,7호선,0018,강남구청,1,출입구-승강장,5,6,6) 청담 방면 엘리베이터 탑승
01,수도권,S1,7,7호선,0018,강남구청,1,출입구-승강장,5,7,7) (B3) 청담 방면 승강장으로 이동
01,수도권,S1,7,7호선,0018,강남구청,1,출입구-승강장,5,8,8) 승차 (휠체어칸)
01,수도권,S1,7,7호선,0018,강남구청,1,출입구-승강장,6,1,1) (1F) 3-1번 출입구 옆 엘리베이터 탑승
01,수도권,S1,7,7호선,0018,강남구청,1,출입구-승강장,6,2,2) (B1) 수인분당선 대합실로 이동
01,수도권,S1,7,7호선,0018,강남구청,1,출입구-승강장,6,3,3) 7호선 대합실 방향 엘리베이터 탑승
01,수도권,S1,7,7호선,0018,강남구청,1,출입구-승강장,6,4,4) (B2) 7호선 대합실로 이동
01,수도권,S1,7,7호선,0018,강남구청,1,출입구-승강장,6,5,5) 표 내는 곳 통과
01,수도권,S1,7,7호선,0018,강남구청,1,출입구-승강장,6,6,6) 학동 방면 엘리베이터 탑승
01,수도권,S1,7,7호선,0018,강남구청,1,출입구-승강장,6,7,7) (B3) 학동 방면 승강장으로 이동
01,수도권,S1,7,7호선,0018,강남구청,1,출입구-승강장,6,8,8) 승차 (휠체어칸)
01,수도권,S1,7,7호선,0018,강남구청,1,출입구-승강장,7,1,1) (1F) 4번 출입구 옆 엘리베이터 탑승
01,수도권,S1,7,7호선,0018,강남구청,1,출입구-승강장,7,2,2) (B2) 대합실로 이동
01,수도권,S1,7,7호선,0018,강남구청,1,출입구-승강장,7,3,3) 표 내는 곳 통과
01,수도권,S1,7,7호선,0018,강남구청,1,출입구-승강장,7,4,4) 청담 방면 엘리베이터 탑승
01,수도권,S1,7,7호선,0018,강남구청,1,출입구-승강장,7,5,5) (B3) 청담 방면 승강장으로 이동
01,수도권,S1,7,7호선,0018,강남구청,1,출입구-승강장,7,6,6) 승차 (휠체어칸)
01,수도권,S1,7,7호선,0018,강남구청,1,출입구-승강장,8,1,1) (1F) 4번 출입구 옆 엘리베이터 탑승
01,수도권,S1,7,7호선,0018,강남구청,1,출입구-승강장,8,2,2) (B2) 대합실로 이동
01,수도권,S1,7,7호선,0018,강남구청,1,출입구-승강장,8,3,3) 표 내는 곳 통과
01,수도권,S1,7,7호선,0018,강남구청,1,출입구-승강장,8,4,4) 학동 방면 엘리베이터 탑승
01,수도권,S1,7,7호선,0018,강남구청,1,출입구-승강장,8,5,5) (B3) 학동 방면 승강장으로 이동
01,수도권,S1,7,7호선,0018,강남구청,1,출입구-승강장,8,6,6) 승차 (휠체어칸)
01,수도권,S1,7,7호선,0018,강남구청,3,환승,1,1,1) (B3) 7호선 청담 방면 승강장 하차
01,수도권,S1,7,7호선,0018,강남구청,3,환승,1,2,2) 6번칸 근처 엘리베이터 탑승
01,수도권,S1,7,7호선,0018,강남구청,3,환승,1,3,3) (B5) 수인분당선 압구정로데오 방면 승강장으로 이동
01,수도권,S1,7,7호선,0018,강남구청,3,환승,1,4,4) 승차(휠체어칸)
01,수도권,S1,7,7호선,0018,강남구청,3,환승,2,1,1) (B3) 7호선 청담 방면 승강장 하차
01,수도권,S1,7,7호선,0018,강남구청,3,환승,2,2,2) 3번칸 근처 엘리베이터 탑승
01,수도권,S1,7,7호선,0018,강남구청,3,환승,2,3,3) (B5) 수인분당선 선정릉 방면 승강장으로 이동
01,수도권,S1,7,7호선,0018,강남구청,3,환승,2,4,4) 승차(휠체어칸)
01,수도권,S1,7,7호선,0018,강남구청,3,환승,3,1,1) (B3) 7호선 학동 방면 승강장 하차
01,수도권,S1,7,7호선,0018,강남구청,3,환승,3,2,2) 6번칸 근처 엘리베이터 탑승
01,수도권,S1,7,7호선,0018,강남구청,3,환승,3,3,3) (B5) 수인분당선 선정릉 방면 승강장으로 이동
01,수도권,S1,7,7호선,0018,강남구청,3,환승,3,4,4) 승차(휠체어칸)
01,수도권,S1,7,7호선,0018,강남구청,3,환승,4,1,1) (B3) 7호선 학동방면 승강장 하차
01,수도권,S1,7,7호선,0018,강남구청,3,환승,4,2,2) 3번칸 근처 엘리베이터 탑승
01,수도권,S1,7,7호선,0018,강남구청,3,환승,4,3,3) (B5) 수인분당선 선정릉 방면 승강장으로 이동
01,수도권,S1,7,7호선,0018,강남구청,3,환승,4,4,4) 승차(휠체어칸)
01,수도권,S1,7,7호선,0582,학동,1,출입구-승강장,1,1,1) (1F) 3번 출입구 옆 엘리베이터 탑승
01,수도권,S1,7,7호선,0582,학동,1,출입구-승강장,1,2,2) (B2) 대합실로 이동
01,수도권,S1,7,7호선,0582,학동,1,출입구-승강장,1,3,3) 강남구청 방면 엘리베이터 앞 표 내는 곳 통과
01,수도권,S1,7,7호선,0582,학동,1,출입구-승강장,1,4,4) 강남구청 방면 엘리베이터 탑승
01,수도권,S1,7,7호선,0582,학동,1,출입구-승강장,1,5,5) (B3) 강남구청 방면 승강장으로 이동
01,수도권,S1,7,7호선,0582,학동,1,출입구-승강장,1,6,6) 승차 (휠체어칸)
01,수도권,S1,7,7호선,0582,학동,1,출입구-승강장,2,1,1) (1F) 3번 출입구 옆 엘리베이터 탑승
01,수도권,S1,7,7호선,0582,학동,1,출입구-승강장,2,2,2) (B2) 대합실로 이동
01,수도권,S1,7,7호선,0582,학동,1,출입구-승강장,2,3,3) 논현 방면 엘리베이터 앞 표 내는 곳 통과
01,수도권,S1,7,7호선,0582,학동,1,출입구-승강장,2,4,4) 논현 방면 엘리베이터 탑승
01,수도권,S1,7,7호선,0582,학동,1,출입구-승강장,2,5,5) (B3) 논현 방면 승강장으로 이동
01,수도권,S1,7,7호선,0582,학동,1,출입구-승강장,2,6,6) 승차 (휠체어칸)
01,수도권,S1,7,7호선,0120,논현,1,출입구-승강장,1,1,1) (1F) 3번 출입구 옆 엘리베이터 탑승
01,수도권,S1,7,7호선,0120,논현,1,출입구-승강장,1,2,2) (B2) 대합실로 이동
01,수도권,S1,7,7호선,0120,논현,1,출입구-승강장,1,3,3) 7호선 대합실로 이동
01,수도권,S1,7,7호선,0120,논현,1,출입구-승강장,1,4,4) 표 내는 곳 통과
01,수도권,S1,7,7호선,0120,논현,1,출입구-승강장,1,5,5) 학동 방면 엘리베이터 탑승
01,수도권,S1,7,7호선,0120,논현,1,출입구-승강장,1,6,6) (B3) 학동 방면 승강장으로 이동
01,수도권,S1,7,7호선,0120,논현,1,출입구-승강장,1,7,7) 승차 (휠체어칸)
01,수도권,S1,7,7호선,0120,논현,1,출입구-승강장,2,1,1) (1F) 3번 출입구 옆 엘리베이터 탑승
01,수도권,S1,7,7호선,0120,논현,1,출입구-승강장,2,2,2) (B2) 대합실로 이동
01,수도권,S1,7,7호선,0120,논현,1,출입구-승강장,2,3,3) 7호선 대합실로 이동
01,수도권,S1,7,7호선,0120,논현,1,출입구-승강장,2,4,4) 표 내는 곳 통과
01,수도권,S1,7,7호선,0120,논현,1,출입구-승강장,2,5,5) 반포 방면 엘리베이터 탑승
01,수도권,S1,7,7호선,0120,논현,1,출입구-승강장,2,6,6) (B3) 반포 방면 승강장으로 이동
01,수도권,S1,7,7호선,0120,논현,1,출입구-승강장,2,7,7) 승차 (휠체어칸)
01,수도권,S1,7,7호선,0120,논현,1,출입구-승강장,3,1,1) (1F) 4번 출입구 옆 엘리베이터 탑승
01,수도권,S1,7,7호선,0120,논현,1,출입구-승강장,3,2,2) (B2) 대합실로 이동
01,수도권,S1,7,7호선,0120,논현,1,출입구-승강장,3,3,3) 7호선 대합실로 이동
01,수도권,S1,7,7호선,0120,논현,1,출입구-승강장,3,4,4) 표 내는 곳 통과
01,수도권,S1,7,7호선,0120,논현,1,출입구-승강장,3,5,5) 학동 방면 엘리베이터 탑승
01,수도권,S1,7,7호선,0120,논현,1,출입구-승강장,3,6,6) (B3) 학동 방면 승강장으로 이동
01,수도권,S1,7,7호선,0120,논현,1,출입구-승강장,3,7,7) 승차 (휠체어칸)
01,수도권,S1,7,7호선,0120,논현,1,출입구-승강장,4,1,1) (1F) 4번 출입구 옆 엘리베이터 탑승
01,수도권,S1,7,7호선,0120,논현,1,출입구-승강장,4,2,2) (B2) 대합실로 이동
01,수도권,S1,7,7호선,0120,논현,1,출입구-승강장,4,3,3) 7호선 대합실로 이동
01,수도권,S1,7,7호선,0120,논현,1,출입구-승강장,4,4,4) 표 내는 곳 통과
01,수도권,S1,7,7호선,0120,논현,1,출입구-승강장,4,5,5) 반포 방면 엘리베이터 탑승
01,수도권,S1,7,7호선,0120,논현,1,출입구-승강장,4,6,6) (B3) 반포 방면 승강장으로 이동
01,수도권,S1,7,7호선,0120,논현,1,출입구-승강장,4,7,7) 승차 (휠체어칸)
01,수도권,S1,7,7호선,0120,논현,1,출입구-승강장,5,1,1) (1F) 10번 출입구 옆 엘리베이터 탑승
01,수도권,S1,7,7호선,0120,논현,1,출입구-승강장,5,2,2) (B2) 대합실로 이동
01,수도권,S1,7,7호선,0120,논현,1,출입구-승강장,5,3,3) 표 내는 곳 통과
01,수도권,S1,7,7호선,0120,논현,1,출입구-승강장,5,4,4) 학동 방면 엘리베이터 탑승
01,수도권,S1,7,7호선,0120,논현,1,출입구-승강장,5,5,5) (B3) 학동 방면 승강장으로 이동
01,수도권,S1,7,7호선,0120,논현,1,출입구-승강장,5,6,6) 승차 (휠체어칸)
01,수도권,S1,7,7호선,0120,논현,1,출입구-승강장,6,1,1) (1F) 10번 출입구 옆 엘리베이터 탑승
01,수도권,S1,7,7호선,0120,논현,1,출입구-승강장,6,2,2) (B2) 대합실로 이동
01,수도권,S1,7,7호선,0120,논현,1,출입구-승강장,6,3,3) 표 내는 곳 통과
01,수도권,S1,7,7호선,0120,논현,1,출입구-승강장,6,4,4) 반포 방면 엘리베이터 탑승
01,수도권,S1,7,7호선,0120,논현,1,출입구-승강장,6,5,5) (B3) 반포 방면 승강장으로 이동
01,수도권,S1,7,7호선,0120,논현,1,출입구-승강장,6,6,6) 승차 (휠체어칸)
01,수도권,S1,7,7호선,0120,논현,3,환승,1,1,1) (B3) 7호선 학동 방면 승강장 하차
01,수도권,S1,7,7호선,0120,논현,3,환승,1,2,2) 환승통로 표 내는 곳 통과
01,수도권,S1,7,7호선,0120,논현,3,환승,1,3,3) 신분당선 승강장 방향 엘리베이터 탑승
01,수도권,S1,7,7호선,0120,논현,3,환승,1,4,4) (B4) 신분당선 신사 방면 승강장으로 이동
01,수도권,S1,7,7호선,0120,논현,3,환승,1,5,5) 승차 (휠체어칸)
01,수도권,S1,7,7호선,0120,논현,3,환승,2,1,1) (B3) 7호선 학동 방면 승강장 하차
01,수도권,S1,7,7호선,0120,논현,3,환승,2,2,2) 환승통로 표 내는 곳 통과
01,수도권,S1,7,7호선,0120,논현,3,환승,2,3,3) 신분당선 승강장 방향 엘리베이터 탑승
01,수도권,S1,7,7호선,0120,논현,3,환승,2,4,4) (B4) 신분당선 신논현 방면 승강장으로 이동
01,수도권,S1,7,7호선,0120,논현,3,환승,2,5,5) 승차 (휠체어칸)
01,수도권,S1,7,7호선,0120,논현,3,환승,3,1,1) (B3) 7호선 반포 방면 승강장 하차
01,수도권,S1,7,7호선,0120,논현,3,환승,3,2,2) 환승통로 신분당선 승강장 방향 엘리베이터 탑승
01,수도권,S1,7,7호선,0120,논현,3,환승,3,3,3) (B4) 신분당선 신사 방면 승강장으로 이동
01,수도권,S1,7,7호선,0120,논현,3,환승,3,4,4) 표 내는 곳 통과
01,수도권,S1,7,7호선,0120,논현,3,환승,3,5,5) 승차 (휠체어칸)
01,수도권,S1,7,7호선,0120,논현,3,환승,4,1,1) (B3) 7호선 반포 방면 승강장 하차
01,수도권,S1,7,7호선,0120,논현,3,환승,4,2,2) 환승통로 신분당선 승강장 방향 엘리베이터 탑승
01,수도권,S1,7,7호선,0120,논현,3,환승,4,3,3) (B4) 신분당선 신논현 방면 승강장으로 이동
01,수도권,S1,7,7호선,0120,논현,3,환승,4,4,4) 표 내는 곳 통과
01,수도권,S1,7,7호선,0120,논현,3,환승,4,5,5) 승차 (휠체어칸)
01,수도권,S1,7,7호선,0215,반포,1,출입구-승강장,1,1,1) (1F) 1번 출입구 옆 엘리베이터 탑승
01,수도권,S1,7,7호선,0215,반포,1,출입구-승강장,1,2,2) (B2) 대합실로 이동
01,수도권,S1,7,7호선,0215,반포,1,출입구-승강장,1,3,3) 표 내는 곳 통과
01,수도권,S1,7,7호선,0215,반포,1,출입구-승강장,1,4,4) 논현 방면 엘리베이터 탑승
01,수도권,S1,7,7호선,0215,반포,1,출입구-승강장,1,5,5) (B3) 논현 방면 승강장으로 이동
01,수도권,S1,7,7호선,0215,반포,1,출입구-승강장,1,6,6) 승차 (휠체어칸)
01,수도권,S1,7,7호선,0215,반포,1,출입구-승강장,2,1,1) (1F) 1번 출입구 옆 엘리베이터 탑승
01,수도권,S1,7,7호선,0215,반포,1,출입구-승강장,2,2,2) (B2) 대합실로 이동
01,수도권,S1,7,7호선,0215,반포,1,출입구-승강장,2,3,3) 표 내는 곳 통과
01,수도권,S1,7,7호선,0215,반포,1,출입구-승강장,2,4,4) 고속터미널 방면 엘리베이터 탑승
01,수도권,S1,7,7호선,0215,반포,1,출입구-승강장,2,5,5) (B3) 고속터미널 방면 승강장으로 이동
01,수도권,S1,7,7호선,0215,반포,1,출입구-승강장,2,6,6) 승차 (휠체어칸)
01,수도권,S1,7,7호선,0215,반포,1,출입구-승강장,3,1,1) (1F) 6번 출입구 옆 엘리베이터 탑승
01,수도권,S1,7,7호선,0215,반포,1,출입구-승강장,3,2,2) (B2) 대합실로 이동
01,수도권,S1,7,7호선,0215,반포,1,출입구-승강장,3,3,3) 표 내는 곳 통과
01,수도권,S1,7,7호선,0215,반포,1,출입구-승강장,3,4,4) 논현 방면 엘리베이터 탑승
01,수도권,S1,7,7호선,0215,반포,1,출입구-승강장,3,5,5) (B3) 논현 방면 승강장으로 이동
01,수도권,S1,7,7호선,0215,반포,1,출입구-승강장,3,6,6) 승차 (휠체어칸)
01,수도권,S1,7,7호선,0215,반포,1,출입구-승강장,4,1,1) (1F) 6번 출입구 옆 엘리베이터 탑승
01,수도권,S1,7,7호선,0215,반포,1,출입구-승강장,4,2,2) (B2) 대합실로 이동
01,수도권,S1,7,7호선,0215,반포,1,출입구-승강장,4,3,3) 표 내는 곳 통과
01,수도권,S1,7,7호선,0215,반포,1,출입구-승강장,4,4,4) 고속터미널 방면 엘리베이터 탑승
01,수도권,S1,7,7호선,0215,반포,1,출입구-승강장,4,5,5) (B3) 고속터미널 방면 승강장으로 이동
01,수도권,S1,7,7호선,0215,반포,1,출입구-승강장,4,6,6) 승차 (휠체어칸)
01,수도권,S1,7,7호선,0048,고속터미널,1,출입구-승강장,1,1,1) (1F) 3번 출입구 휠체어리프트 탑승
01,수도권,S1,7,7호선,0048,고속터미널,1,출입구-승강장,1,2,2) (B1) 대합실로 이동
01,수도권,S1,7,7호선,0048,고속터미널,1,출입구-승강장,1,3,3) 표 내는 곳 통과
01,수도권,S1,7,7호선,0048,고속터미널,1,출입구-승강장,1,4,4) 휠체어리프트 탑승
01,수도권,S1,7,7호선,0048,고속터미널,1,출입구-승강장,1,5,5) (B2) 대합실로 이동
01,수도권,S1,7,7호선,0048,고속터미널,1,출입구-승강장,1,6,6) 반포 방면 엘리베이터 탑승
01,수도권,S1,7,7호선,0048,고속터미널,1,출입구-승강장,1,7,7) (B3) 반포 방면 승강장으로 이동
01,수도권,S1,7,7호선,0048,고속터미널,1,출입구-승강장,1,8,8) 승차 (휠체어칸)
01,수도권,S1,7,7호선,0048,고속터미널,1,출입구-승강장,2,1,1) (1F) 3번 출입구 휠체어리프트 탑승
01,수도권,S1,7,7호선,0048,고속터미널,1,출입구-승강장,2,2,2) (B1) 대합실로 이동
01,수도권,S1,7,7호선,0048,고속터미널,1,출입구-승강장,2,3,3) 표 내는 곳 통과
01,수도권,S1,7,7호선,0048,고속터미널,1,출입구-승강장,2,4,4) 휠체어리프트 탑승
01,수도권,S1,7,7호선,0048,고속터미널,1,출입구-승강장,2,5,5) (B2) 대합실로 이동
01,수도권,S1,7,7호선,0048,고속터미널,1,출입구-승강장,2,6,6) 내방 방면 엘리베이터 탑승
01,수도권,S1,7,7호선,0048,고속터미널,1,출입구-승강장,2,7,7) (B3) 내방 방면 승강장으로 이동
01,수도권,S1,7,7호선,0048,고속터미널,1,출입구-승강장,2,8,8) 승차 (휠체어칸)
01,수도권,S1,7,7호선,0048,고속터미널,3,환승,1,1,1) (B3) 7호선 반포 방면 승강장 하차
01,수도권,S1,7,7호선,0048,고속터미널,3,환승,1,2,2) 대합실 방향 엘리베이터 탑승
01,수도권,S1,7,7호선,0048,고속터미널,3,환승,1,3,3) (B2) 대합실로 이동
01,수도권,S1,7,7호선,0048,고속터미널,3,환승,1,4,4) 3호선 방향 휠체어리프트 탑승
01,수도권,S1,7,7호선,0048,고속터미널,3,환승,1,5,5) (B2) 3호선 대합실로 이동
01,수도권,S1,7,7호선,0048,고속터미널,3,환승,1,6,6) 잠원 방면 엘리베이터 탑승
01,수도권,S1,7,7호선,0048,고속터미널,3,환승,1,7,7) (B3) 3호선 잠원 방면 승강장으로 이동
01,수도권,S1,7,7호선,0048,고속터미널,3,환승,1,8,8) 승차 (휠체어칸)
01,수도권,S1,7,7호선,0048,고속터미널,3,환승,2,1,1) (B3) 7호선 반포 방면 승강장 하차
01,수도권,S1,7,7호선,0048,고속터미널,3,환승,2,2,2) 대합실 방향 엘리베이터 탑승
01,수도권,S1,7,7호선,0048,고속터미널,3,환승,2,3,3) (B2) 대합실로 이동
01,수도권,S1,7,7호선,0048,고속터미널,3,환승,2,4,4) 3호선 방향 휠체어리프트 탑승
01,수도권,S1,7,7호선,0048,고속터미널,3,환승,2,5,5) (B2) 3호선 대합실로 이동
01,수도권,S1,7,7호선,0048,고속터미널,3,환승,2,6,6) 교대 방면 엘리베이터 탑승
01,수도권,S1,7,7호선,0048,고속터미널,3,환승,2,7,7) (B3) 3호선 교대 방면 승강장으로 이동
01,수도권,S1,7,7호선,0048,고속터미널,3,환승,2,8,8) 승차 (휠체어칸)
01,수도권,S1,7,7호선,0048,고속터미널,3,환승,3,1,1) (B3) 7호선 내방 방면 승강장 하차
01,수도권,S1,7,7호선,0048,고속터미널,3,환승,3,2,2) 대합실 방향 엘리베이터 탑승
01,수도권,S1,7,7호선,0048,고속터미널,3,환승,3,3,3) (B2) 대합실로 이동
01,수도권,S1,7,7호선,0048,고속터미널,3,환승,3,4,4) 3호선 방향 휠체어리프트 탑승
01,수도권,S1,7,7호선,0048,고속터미널,3,환승,3,5,5) (B2) 3호선 대합실로 이동
01,수도권,S1,7,7호선,0048,고속터미널,3,환승,3,6,6) 잠원 방면 엘리베이터 탑승
01,수도권,S1,7,7호선,0048,고속터미널,3,환승,3,7,7) (B3) 3호선 잠원 방면 승강장으로 이동
01,수도권,S1,7,7호선,0048,고속터미널,3,환승,3,8,8) 승차 (휠체어칸)
01,수도권,S1,7,7호선,0048,고속터미널,3,환승,4,1,1) (B3) 7호선 내방 방면 승강장 하차
01,수도권,S1,7,7호선,0048,고속터미널,3,환승,4,2,2) 대합실 방향 엘리베이터 탑승
01,수도권,S1,7,7호선,0048,고속터미널,3,환승,4,3,3) (B2) 대합실로 이동
01,수도권,S1,7,7호선,0048,고속터미널,3,환승,4,4,4) 3호선 방향 휠체어리프트 탑승
01,수도권,S1,7,7호선,0048,고속터미널,3,환승,4,5,5) (B2) 3호선 대합실로 이동
01,수도권,S1,7,7호선,0048,고속터미널,3,환승,4,6,6) 교대 방면 엘리베이터 탑승
01,수도권,S1,7,7호선,0048,고속터미널,3,환승,4,7,7) (B3) 3호선 교대 방면 승강장으로 이동
01,수도권,S1,7,7호선,0048,고속터미널,3,환승,4,8,8) 승차 (휠체어칸)
01,수도권,S1,7,7호선,0048,고속터미널,3,환승,5,1,1) (B3) 7호선 반포 방면 승강장 하차
01,수도권,S1,7,7호선,0048,고속터미널,3,환승,5,2,2) 대합실 방향 엘리베이터 탑승
01,수도권,S1,7,7호선,0048,고속터미널,3,환승,5,3,3) (B2) 대합실로 이동
01,수도권,S1,7,7호선,0048,고속터미널,3,환승,5,4,4) 3호선 방향 휠체어리프트 탑승
01,수도권,S1,7,7호선,0048,고속터미널,3,환승,5,5,5) (B2) 3호선 대합실로 이동
01,수도권,S1,7,7호선,0048,고속터미널,3,환승,5,6,6) 9호선 사평 방면 엘리베이터 탑승
01,수도권,S1,7,7호선,0048,고속터미널,3,환승,5,7,7) (B5) 9호선 사평 방면 승강장으로 이동
01,수도권,S1,7,7호선,0048,고속터미널,3,환승,5,8,8) 승차 (휠체어칸)
01,수도권,S1,7,7호선,0048,고속터미널,3,환승,6,1,1) (B3) 7호선 반포 방면 승강장 하차
01,수도권,S1,7,7호선,0048,고속터미널,3,환승,6,2,2) 대합실 방향 엘리베이터 탑승
01,수도권,S1,7,7호선,0048,고속터미널,3,환승,6,3,3) (B2) 대합실로 이동
01,수도권,S1,7,7호선,0048,고속터미널,3,환승,6,4,4) 3호선 방향 휠체어리프트 탑승
01,수도권,S1,7,7호선,0048,고속터미널,3,환승,6,5,5) (B2) 3호선 대합실로 이동
01,수도권,S1,7,7호선,0048,고속터미널,3,환승,6,6,6) 9호선 환승 엘리베이터 탑승
01,수도권,S1,7,7호선,0048,고속터미널,3,환승,6,7,7) (B4) 대합실로 이동
01,수도권,S1,7,7호선,0048,고속터미널,3,환승,6,8,8) 9호선 신반포 방면 엘리베이터 탑승
01,수도권,S1,7,7호선,0048,고속터미널,3,환승,6,9,9) (B5) 9호선 신반포 방면 승강장으로 이동
01,수도권,S1,7,7호선,0048,고속터미널,3,환승,6,10,10) 승차 (휠체어칸)
01,수도권,S1,7,7호선,0048,고속터미널,3,환승,7,1,1) (B3) 7호선 내방 방면 승강장 하차
01,수도권,S1,7,7호선,0048,고속터미널,3,환승,7,2,2) 대합실 방향 엘리베이터 탑승
01,수도권,S1,7,7호선,0048,고속터미널,3,환승,7,3,3) (B2) 대합실로 이동
01,수도권,S1,7,7호선,0048,고속터미널,3,환승,7,4,4) 3호선 방향 휠체어리프트 탑승
01,수도권,S1,7,7호선,0048,고속터미널,3,환승,7,5,5) (B2) 3호선 대합실로 이동
01,수도권,S1,7,7호선,0048,고속터미널,3,환승,7,6,6) 9호선 사평 방면 엘리베이터 탑승
01,수도권,S1,7,7호선,0048,고속터미널,3,환승,7,7,7) (B5) 9호선 사평 방면 승강장으로 이동
01,수도권,S1,7,7호선,0048,고속터미널,3,환승,7,8,8) 승차 (휠체어칸)
01,수도권,S1,7,7호선,0048,고속터미널,3,환승,8,1,1) (B3) 7호선 내방 방면 승강장 하차
01,수도권,S1,7,7호선,0048,고속터미널,3,환승,8,2,2) 대합실 방향 엘리베이터 탑승
01,수도권,S1,7,7호선,0048,고속터미널,3,환승,8,3,3) (B2) 대합실로 이동
01,수도권,S1,7,7호선,0048,고속터미널,3,환승,8,4,4) 3호선 방향 휠체어리프트 탑승
01,수도권,S1,7,7호선,0048,고속터미널,3,환승,8,5,5) (B2) 3호선 대합실로 이동
01,수도권,S1,7,7호선,0048,고속터미널,3,환승,8,6,6) 9호선 환승 엘리베이터 탑승
01,수도권,S1,7,7호선,0048,고속터미널,3,환승,8,7,7) (B4) 대합실로 이동
01,수도권,S1,7,7호선,0048,고속터미널,3,환승,8,8,8) 9호선 신반포 방면 엘리베이터 탑승
01,수도권,S1,7,7호선,0048,고속터미널,3,환승,8,9,9) (B5) 9호선 신반포 방면 승강장으로 이동
01,수도권,S1,7,7호선,0048,고속터미널,3,환승,8,10,10) 승차 (휠체어칸)
01,수도권,S1,7,7호선,0112,내방,1,출입구-승강장,1,1,1) (1F) 3번 출입구 옆 엘리베이터 탑승
01,수도권,S1,7,7호선,0112,내방,1,출입구-승강장,1,2,2) (B1) 대합실로 이동
01,수도권,S1,7,7호선,0112,내방,1,출입구-승강장,1,3,3) 대합실 방향 엘리베이터 탑승
01,수도권,S1,7,7호선,0112,내방,1,출입구-승강장,1,4,4) (B2) 대합실로 이동
01,수도권,S1,7,7호선,0112,내방,1,출입구-승강장,1,5,5) 표 내는 곳 통과
01,수도권,S1,7,7호선,0112,내방,1,출입구-승강장,1,6,6) 고속터미널 방면 엘리베이터 탑승
01,수도권,S1,7,7호선,0112,내방,1,출입구-승강장,1,7,7) (B3) 고속터미널 방면 승강장으로 이동
01,수도권,S1,7,7호선,0112,내방,1,출입구-승강장,1,8,8) 승차 (휠체어칸)
01,수도권,S1,7,7호선,0112,내방,1,출입구-승강장,2,1,1) (1F) 3번 출입구 옆 엘리베이터 탑승
01,수도권,S1,7,7호선,0112,내방,1,출입구-승강장,2,2,2) (B1) 대합실로 이동
01,수도권,S1,7,7호선,0112,내방,1,출입구-승강장,2,3,3) 대합실 방향 엘리베이터 탑승
01,수도권,S1,7,7호선,0112,내방,1,출입구-승강장,2,4,4) (B2) 대합실로 이동
01,수도권,S1,7,7호선,0112,내방,1,출입구-승강장,2,5,5) 표 내는 곳 통과
01,수도권,S1,7,7호선,0112,내방,1,출입구-승강장,2,6,6) 이수 방면 엘리베이터 탑승
01,수도권,S1,7,7호선,0112,내방,1,출입구-승강장,2,7,7) (B3) 이수 방면 승강장으로 이동
01,수도권,S1,7,7호선,0112,내방,1,출입구-승강장,2,8,8) 승차 (휠체어칸)
01,수도권,S1,7,7호선,0112,내방,1,출입구-승강장,3,1,1) (1F) 5번 출입구 옆 엘리베이터 탑승
01,수도권,S1,7,7호선,0112,내방,1,출입구-승강장,3,2,2) (B1) 대합실로 이동
01,수도권,S1,7,7호선,0112,내방,1,출입구-승강장,3,3,3) 대합실 방향 엘리베이터 탑승
01,수도권,S1,7,7호선,0112,내방,1,출입구-승강장,3,4,4) (B2) 대합실로 이동
01,수도권,S1,7,7호선,0112,내방,1,출입구-승강장,3,5,5) 표 내는 곳 통과
01,수도권,S1,7,7호선,0112,내방,1,출입구-승강장,3,6,6) 고속터미널 방면 엘리베이터 탑승
01,수도권,S1,7,7호선,0112,내방,1,출입구-승강장,3,7,7) (B3) 고속터미널 방면 승강장으로 이동
01,수도권,S1,7,7호선,0112,내방,1,출입구-승강장,3,8,8) 승차 (휠체어칸)
01,수도권,S1,7,7호선,0112,내방,1,출입구-승강장,4,1,1) (1F) 5번 출입구 옆 엘리베이터 탑승
01,수도권,S1,7,7호선,0112,내방,1,출입구-승강장,4,2,2) (B1) 대합실로 이동
01,수도권,S1,7,7호선,0112,내방,1,출입구-승강장,4,3,3) 대합실 방향 엘리베이터 탑승
01,수도권,S1,7,7호선,0112,내방,1,출입구-승강장,4,4,4) (B2) 대합실로 이동
01,수도권,S1,7,7호선,0112,내방,1,출입구-승강장,4,5,5) 표 내는 곳 통과
01,수도권,S1,7,7호선,0112,내방,1,출입구-승강장,4,6,6) 이수 방면 엘리베이터 탑승
01,수도권,S1,7,7호선,0112,내방,1,출입구-승강장,4,7,7) (B3) 이수 방면 승강장으로 이동
01,수도권,S1,7,7호선,0112,내방,1,출입구-승강장,4,8,8) 승차 (휠체어칸)
01,수도권,S1,7,7호선,0560,총신대입구,1,출입구-승강장,1,1,1) (1F) 11번 출입구 옆 엘리베이터 탑승
01,수도권,S1,7,7호선,0560,총신대입구,1,출입구-승강장,1,2,2) (B3) 대합실로 이동
01,수도권,S1,7,7호선,0560,총신대입구,1,출입구-승강장,1,3,3) 표 내는 곳 통과
01,수도권,S1,7,7호선,0560,총신대입구,1,출입구-승강장,1,4,4) 내방 방면 엘리베이터 탑승
01,수도권,S1,7,7호선,0560,총신대입구,1,출입구-승강장,1,5,5) (B4) 내방 방면 승강장으로 이동
01,수도권,S1,7,7호선,0560,총신대입구,1,출입구-승강장,1,6,6) 승차 (휠체어칸)
01,수도권,S1,7,7호선,0560,총신대입구,1,출입구-승강장,2,1,1) (1F) 11번 출입구 옆 엘리베이터 탑승
01,수도권,S1,7,7호선,0560,총신대입구,1,출입구-승강장,2,2,2) (B3) 대합실로 이동
01,수도권,S1,7,7호선,0560,총신대입구,1,출입구-승강장,2,3,3) 표 내는 곳 통과
01,수도권,S1,7,7호선,0560,총신대입구,1,출입구-승강장,2,4,4) 남성 방면 엘리베이터 탑승
01,수도권,S1,7,7호선,0560,총신대입구,1,출입구-승강장,2,5,5) (B4) 남성 방면 승강장으로 이동
01,수도권,S1,7,7호선,0560,총신대입구,1,출입구-승강장,2,6,6) 승차 (휠체어칸)
01,수도권,S1,7,7호선,0560,총신대입구,3,환승,1,1,1) (B4) 7호선 내방 방면 승강장 하차
01,수도권,S1,7,7호선,0560,총신대입구,3,환승,1,2,2) 대합실 방향 엘리베이터 탑승
01,수도권,S1,7,7호선,0560,총신대입구,3,환승,1,3,3) (B3) 대합실로 이동
01,수도권,S1,7,7호선,0560,총신대입구,3,환승,1,4,4) 남성 방면 엘리베이터 탑승
01,수도권,S1,7,7호선,0560,총신대입구,3,환승,1,5,5) (B4) 남성 방면 승강장으로 이동
01,수도권,S1,7,7호선,0560,총신대입구,3,환승,1,6,6) 4호선 방향 환승통로로 이동
01,수도권,S1,7,7호선,0560,총신대입구,3,환승,1,7,7) 4호선 동작 방면 휠체어리프트 탑승
01,수도권,S1,7,7호선,0560,총신대입구,3,환승,1,8,8) (B2) 4호선 동작 방면 승강장으로 이동
01,수도권,S1,7,7호선,0560,총신대입구,3,환승,1,9,9) 승차 (휠체어칸)
01,수도권,S1,7,7호선,0560,총신대입구,3,환승,2,1,1) (B4) 7호선 내방 방면 승강장 하차
01,수도권,S1,7,7호선,0560,총신대입구,3,환승,2,2,2) 대합실 방향 엘리베이터 탑승
01,수도권,S1,7,7호선,0560,총신대입구,3,환승,2,3,3) (B3) 대합실로 이동
01,수도권,S1,7,7호선,0560,총신대입구,3,환승,2,4,4) 남성 방면 엘리베이터 탑승
01,수도권,S1,7,7호선,0560,총신대입구,3,환승,2,5,5) (B4) 남성 방면 승강장으로 이동
01,수도권,S1,7,7호선,0560,총신대입구,3,환승,2,6,6) 4호선 방향 환승통로로 이동
01,수도권,S1,7,7호선,0560,총신대입구,3,환승,2,7,7) 4호선 사당 방면 휠체어리프트 탑승
01,수도권,S1,7,7호선,0560,총신대입구,3,환승,2,8,8) (B2) 4호선 사당 방면 승강장으로 이동
01,수도권,S1,7,7호선,0560,총신대입구,3,환승,2,9,9) 승차 (휠체어칸)
01,수도권,S1,7,7호선,0560,총신대입구,3,환승,3,1,1) (B4) 7호선 남성 방면 승강장 하차
01,수도권,S1,7,7호선,0560,총신대입구,3,환승,3,2,2) 4호선 방향 환승통로로 이동
01,수도권,S1,7,7호선,0560,총신대입구,3,환승,3,3,3) 4호선 동작 방면 휠체어리프트 탑승
01,수도권,S1,7,7호선,0560,총신대입구,3,환승,3,4,4) (B2) 4호선 동작 방면 승강장으로 이동
01,수도권,S1,7,7호선,0560,총신대입구,3,환승,3,5,5) 승차 (휠체어칸)
01,수도권,S1,7,7호선,0560,총신대입구,3,환승,4,1,1) (B4) 7호선 남성 방면 승강장 하차
01,수도권,S1,7,7호선,0560,총신대입구,3,환승,4,2,2) 4호선 방향 환승통로로 이동
01,수도권,S1,7,7호선,0560,총신대입구,3,환승,4,3,3) 4호선 사당 방면 휠체어리프트 탑승
01,수도권,S1,7,7호선,0560,총신대입구,3,환승,4,4,4) (B2) 4호선 사당 방면 승강장으로 이동
01,수도권,S1,7,7호선,0560,총신대입구,3,환승,4,5,5) 승차 (휠체어칸)
01,수도권,S1,7,7호선,0107,남성,1,출입구-승강장,1,1,1) (1F) 3번 출입구 옆 엘리베이터 탑승
01,수도권,S1,7,7호선,0107,남성,1,출입구-승강장,1,2,2) (B2) 대합실로 이동
01,수도권,S1,7,7호선,0107,남성,1,출입구-승강장,1,3,3) 표 내는 곳 통과
01,수도권,S1,7,7호선,0107,남성,1,출입구-승강장,1,4,4) 이수 방면 엘리베이터 탑승
01,수도권,S1,7,7호선,0107,남성,1,출입구-승강장,1,5,5) (B3) 이수 방면 승강장으로 이동
01,수도권,S1,7,7호선,0107,남성,1,출입구-승강장,1,6,6) 승차 (휠체어칸)
01,수도권,S1,7,7호선,0107,남성,1,출입구-승강장,2,1,1) (1F) 3번 출입구 옆 엘리베이터 탑승
01,수도권,S1,7,7호선,0107,남성,1,출입구-승강장,2,2,2) (B2) 대합실로 이동
01,수도권,S1,7,7호선,0107,남성,1,출입구-승강장,2,3,3) 표 내는 곳 통과
01,수도권,S1,7,7호선,0107,남성,1,출입구-승강장,2,4,4) 숭실대입구 방면 엘리베이터 탑승
01,수도권,S1,7,7호선,0107,남성,1,출입구-승강장,2,5,5) (B3) 숭실대입구 방면 승강장으로 이동
01,수도권,S1,7,7호선,0107,남성,1,출입구-승강장,2,6,6) 승차 (휠체어칸)
01,수도권,S1,7,7호선,0107,남성,1,출입구-승강장,3,1,1) (1F) 2번 출입구 옆 엘리베이터 또는 3번 출입구 옆 엘리베이터 탑승
01,수도권,S1,7,7호선,0107,남성,1,출입구-승강장,3,2,2) (B2) 대합실로 이동
01,수도권,S1,7,7호선,0107,남성,1,출입구-승강장,3,3,3) 표 내는 곳 통과
01,수도권,S1,7,7호선,0107,남성,1,출입구-승강장,3,4,4) 이수역 방면 엘리베이터 탑승
01,수도권,S1,7,7호선,0107,남성,1,출입구-승강장,3,5,5) (B3) 이수역 방면 승강장으로 이동
01,수도권,S1,7,7호선,0107,남성,1,출입구-승강장,3,6,6) 승차 (휠체어칸)
01,수도권,S1,7,7호선,0107,남성,1,출입구-승강장,4,1,1) (1F) 2번 출입구 옆 엘리베이터 또는 3번 출입구 옆 엘리베이터 탑승
01,수도권,S1,7,7호선,0107,남성,1,출입구-승강장,4,2,2) (B2) 대합실로 이동
01,수도권,S1,7,7호선,0107,남성,1,출입구-승강장,4,3,3) 표 내는 곳 통과
01,수도권,S1,7,7호선,0107,남성,1,출입구-승강장,4,4,4) 숭실대입구역 방면 엘리베이터 탑승
01,수도권,S1,7,7호선,0107,남성,1,출입구-승강장,4,5,5) (B3) 숭실대입구역 방면 승강장으로 이동
01,수도권,S1,7,7호선,0107,남성,1,출입구-승강장,4,6,6) 승차 (휠체어칸)
01,수도권,S1,7,7호선,0344,숭실대입구,1,출입구-승강장,1,1,1) (1F) 2번 출입구 옆 엘리베이터 탑승
01,수도권,S1,7,7호선,0344,숭실대입구,1,출입구-승강장,1,2,2) (B2) 대합실로 이동
01,수도권,S1,7,7호선,0344,숭실대입구,1,출입구-승강장,1,3,3) 표 내는 곳 통과
01,수도권,S1,7,7호선,0344,숭실대입구,1,출입구-승강장,1,4,4) 남성 방면 엘리베이터 탑승
01,수도권,S1,7,7호선,0344,숭실대입구,1,출입구-승강장,1,5,5) (B6) 남성 방면 승강장으로 이동
01,수도권,S1,7,7호선,0344,숭실대입구,1,출입구-승강장,1,6,6) 승차 (휠체어칸)
01,수도권,S1,7,7호선,0344,숭실대입구,1,출입구-승강장,2,1,1) (1F) 2번 출입구 옆 엘리베이터 탑승
01,수도권,S1,7,7호선,0344,숭실대입구,1,출입구-승강장,2,2,2) (B2) 대합실로 이동
01,수도권,S1,7,7호선,0344,숭실대입구,1,출입구-승강장,2,3,3) 표 내는 곳 통과
01,수도권,S1,7,7호선,0344,숭실대입구,1,출입구-승강장,2,4,4) 상도 방면 엘리베이터 탑승
01,수도권,S1,7,7호선,0344,숭실대입구,1,출입구-승강장,2,5,5) (B6) 상도 방면 승강장으로 이동
01,수도권,S1,7,7호선,0344,숭실대입구,1,출입구-승강장,2,6,6) 승차 (휠체어칸)
01,수도권,S1,7,7호선,0344,숭실대입구,1,출입구-승강장,3,1,1) (1F) 3번 출입구 옆 엘리베이터 탑승
01,수도권,S1,7,7호선,0344,숭실대입구,1,출입구-승강장,3,2,2) (B2) 대합실로 이동
01,수도권,S1,7,7호선,0344,숭실대입구,1,출입구-승강장,3,3,3) 표 내는 곳 통과
01,수도권,S1,7,7호선,0344,숭실대입구,1,출입구-승강장,3,4,4) 남성 방면 엘리베이터 탑승
01,수도권,S1,7,7호선,0344,숭실대입구,1,출입구-승강장,3,5,5) (B6) 남성 방면 승강장으로 이동
01,수도권,S1,7,7호선,0344,숭실대입구,1,출입구-승강장,3,6,6) 승차 (휠체어칸)
01,수도권,S1,7,7호선,0344,숭실대입구,1,출입구-승강장,4,1,1) (1F) 3번 출입구 옆 엘리베이터 탑승
01,수도권,S1,7,7호선,0344,숭실대입구,1,출입구-승강장,4,2,2) (B2) 대합실로 이동
01,수도권,S1,7,7호선,0344,숭실대입구,1,출입구-승강장,4,3,3) 표 내는 곳 통과
01,수도권,S1,7,7호선,0344,숭실대입구,1,출입구-승강장,4,4,4) 상도 방면 엘리베이터 탑승
01,수도권,S1,7,7호선,0344,숭실대입구,1,출입구-승강장,4,5,5) (B6) 상도 방면 승강장으로 이동
01,수도권,S1,7,7호선,0344,숭실대입구,1,출입구-승강장,4,6,6) 승차 (휠체어칸)
01,수도권,S1,7,7호선,0273,상도,1,출입구-승강장,1,1,1) (1F) 5번 출입구 옆 엘리베이터 탑승
01,수도권,S1,7,7호선,0273,상도,1,출입구-승강장,1,2,2) (B2) 대합실로 이동
01,수도권,S1,7,7호선,0273,상도,1,출입구-승강장,1,3,3) 표 내는 곳 통과
01,수도권,S1,7,7호선,0273,상도,1,출입구-승강장,1,4,4) 숭실대입구 방면 엘리베이터 탑승
01,수도권,S1,7,7호선,0273,상도,1,출입구-승강장,1,5,5) (B3) 숭실대입구 방면 승강장으로 이동
01,수도권,S1,7,7호선,0273,상도,1,출입구-승강장,1,6,6) 승차 (휠체어칸)
01,수도권,S1,7,7호선,0273,상도,1,출입구-승강장,2,1,1) (1F) 5번 출입구 옆 엘리베이터 탑승
01,수도권,S1,7,7호선,0273,상도,1,출입구-승강장,2,2,2) (B2) 대합실로 이동
01,수도권,S1,7,7호선,0273,상도,1,출입구-승강장,2,3,3) 표 내는 곳 통과
01,수도권,S1,7,7호선,0273,상도,1,출입구-승강장,2,4,4) 장승배기 방면 엘리베이터 탑승
01,수도권,S1,7,7호선,0273,상도,1,출입구-승강장,2,5,5) (B3) 장승배기 방면 승강장으로 이동
01,수도권,S1,7,7호선,0273,상도,1,출입구-승강장,2,6,6) 승차 (휠체어칸)
01,수도권,S1,7,7호선,0502,장승배기,1,출입구-승강장,1,1,1) (1F) 2번 출입구 옆 엘리베이터 탑승
01,수도권,S1,7,7호선,0502,장승배기,1,출입구-승강장,1,2,2) (B2) 대합실로 이동
01,수도권,S1,7,7호선,0502,장승배기,1,출입구-승강장,1,3,3) 상도 방면 엘리베이터 앞 표 내는 곳 통과
01,수도권,S1,7,7호선,0502,장승배기,1,출입구-승강장,1,4,4) 상도 방면 엘리베이터 탑승
01,수도권,S1,7,7호선,0502,장승배기,1,출입구-승강장,1,5,5) (B3) 상도 방면 승강장으로 이동
01,수도권,S1,7,7호선,0502,장승배기,1,출입구-승강장,1,6,6) 승차 (휠체어칸)
01,수도권,S1,7,7호선,0502,장승배기,1,출입구-승강장,2,1,1) (1F) 2번 출입구 옆 엘리베이터 탑승
01,수도권,S1,7,7호선,0502,장승배기,1,출입구-승강장,2,2,2) (B2) 대합실로 이동
01,수도권,S1,7,7호선,0502,장승배기,1,출입구-승강장,2,3,3) 신대방삼거리 방면 엘리베이터 앞 표 내는 곳 통과
01,수도권,S1,7,7호선,0502,장승배기,1,출입구-승강장,2,4,4) 신대방삼거리 방면 엘리베이터 탑승
01,수도권,S1,7,7호선,0502,장승배기,1,출입구-승강장,2,5,5) (B3) 신대방삼거리 방면 승강장으로 이동
01,수도권,S1,7,7호선,0502,장승배기,1,출입구-승강장,2,6,6) 승차 (휠체어칸)
01,수도권,S1,7,7호선,0358,신대방삼거리,1,출입구-승강장,1,1,1) (1F) 2번 출입구 옆 엘리베이터 탑승
01,수도권,S1,7,7호선,0358,신대방삼거리,1,출입구-승강장,1,2,2) (B1) 대합실로 이동
01,수도권,S1,7,7호선,0358,신대방삼거리,1,출입구-승강장,1,3,3) 엘리베이터 탑승
01,수도권,S1,7,7호선,0358,신대방삼거리,1,출입구-승강장,1,4,4) (B2) 대합실로 이동
01,수도권,S1,7,7호선,0358,신대방삼거리,1,출입구-승강장,1,5,5) 장승배기 방면 엘리베이터 앞 표 내는 곳 통과
01,수도권,S1,7,7호선,0358,신대방삼거리,1,출입구-승강장,1,6,6) 장승배기 방면 엘리베이터 탑승
01,수도권,S1,7,7호선,0358,신대방삼거리,1,출입구-승강장,1,7,7) (B3) 장승배기 방면 승강장으로 이동
01,수도권,S1,7,7호선,0358,신대방삼거리,1,출입구-승강장,1,8,8) 승차 (휠체어칸)
01,수도권,S1,7,7호선,0358,신대방삼거리,1,출입구-승강장,2,1,1) (1F) 2번 출입구 옆 엘리베이터 탑승
01,수도권,S1,7,7호선,0358,신대방삼거리,1,출입구-승강장,2,2,2) (B1) 대합실로 이동
01,수도권,S1,7,7호선,0358,신대방삼거리,1,출입구-승강장,2,3,3) 엘리베이터 탑승
01,수도권,S1,7,7호선,0358,신대방삼거리,1,출입구-승강장,2,4,4) (B2) 대합실로 이동
01,수도권,S1,7,7호선,0358,신대방삼거리,1,출입구-승강장,2,5,5) 보라매 방면 엘리베이터 앞 표 내는 곳 통과
01,수도권,S1,7,7호선,0358,신대방삼거리,1,출입구-승강장,2,6,6) 보라매 방면 엘리베이터 탑승
01,수도권,S1,7,7호선,0358,신대방삼거리,1,출입구-승강장,2,7,7) (B3) 보라매 방면 승강장으로 이동
01,수도권,S1,7,7호선,0358,신대방삼거리,1,출입구-승강장,2,8,8) 승차 (휠체어칸)
01,수도권,S1,7,7호선,0232,보라매,1,출입구-승강장,1,1,1) (1F) 6번 출입구 옆 엘리베이터 탑승
01,수도권,S1,7,7호선,0232,보라매,1,출입구-승강장,1,2,2) (B1) 대합실로 이동
01,수도권,S1,7,7호선,0232,보라매,1,출입구-승강장,1,3,3) 표 내는 곳 통과
01,수도권,S1,7,7호선,0232,보라매,1,출입구-승강장,1,4,4) 승강장 방향 엘리베이터 탑승
01,수도권,S1,7,7호선,0232,보라매,1,출입구-승강장,1,5,5) (B2) 신대방삼거리 방면 승강장으로 이동
01,수도권,S1,7,7호선,0232,보라매,1,출입구-승강장,1,6,6) 승차 (휠체어칸)
01,수도권,S1,7,7호선,0232,보라매,1,출입구-승강장,2,1,1) (1F) 6번 출입구 옆 엘리베이터 탑승
01,수도권,S1,7,7호선,0232,보라매,1,출입구-승강장,2,2,2) (B1) 대합실로 이동
01,수도권,S1,7,7호선,0232,보라매,1,출입구-승강장,2,3,3) 표 내는 곳 통과
01,수도권,S1,7,7호선,0232,보라매,1,출입구-승강장,2,4,4) 승강장 방향 엘리베이터 탑승
01,수도권,S1,7,7호선,0232,보라매,1,출입구-승강장,2,5,5) (B2) 신풍 방면 승강장으로 이동
01,수도권,S1,7,7호선,0232,보라매,1,출입구-승강장,2,6,6) 승차 (휠체어칸)
01,수도권,S1,7,7호선,0232,보라매,3,환승,1,1,1) (B2) 7호선 신대방삼거리 방면 승강장 하차
01,수도권,S1,7,7호선,0232,보라매,3,환승,1,2,2) 대합실 방향 엘리베이터 탑승
01,수도권,S1,7,7호선,0232,보라매,3,환승,1,3,3) (B1) 대합실로 이동
01,수도권,S1,7,7호선,0232,보라매,3,환승,1,4,4) 신림선 대합실로 이동
01,수도권,S1,7,7호선,0232,보라매,3,환승,1,5,5) 신림선 서울지방병무청 방면 엘리베이터 탑승
01,수도권,S1,7,7호선,0232,보라매,3,환승,1,6,6) (B3) 신림선 서울지방병무청 방면 승강장으로 이동
01,수도권,S1,7,7호선,0232,보라매,3,환승,1,7,7) 승차 (휠체어칸)
01,수도권,S1,7,7호선,0232,보라매,3,환승,2,1,1) (B2) 7호선 신대방삼거리 방면 승강장 하차
01,수도권,S1,7,7호선,0232,보라매,3,환승,2,2,2) 대합실 방향 엘리베이터 탑승
01,수도권,S1,7,7호선,0232,보라매,3,환승,2,3,3) (B1) 대합실로 이동
01,수도권,S1,7,7호선,0232,보라매,3,환승,2,4,4) 신림선 대합실로 이동
01,수도권,S1,7,7호선,0232,보라매,3,환승,2,5,5) 신림선 보라매공원 방면 엘리베이터 탑승
01,수도권,S1,7,7호선,0232,보라매,3,환승,2,6,6) (B3) 신림선 보라매공원 방면 승강장으로 이동
01,수도권,S1,7,7호선,0232,보라매,3,환승,2,7,7) 승차 (휠체어칸)
01,수도권,S1,7,7호선,0232,보라매,3,환승,3,1,1) (B2) 7호선 신풍 방면 승강장 하차
01,수도권,S1,7,7호선,0232,보라매,3,환승,3,2,2) 대합실 방향 엘리베이터 탑승
01,수도권,S1,7,7호선,0232,보라매,3,환승,3,3,3) (B1) 대합실로 이동
01,수도권,S1,7,7호선,0232,보라매,3,환승,3,4,4) 신림선 대합실로 이동
01,수도권,S1,7,7호선,0232,보라매,3,환승,3,5,5) 신림선 서울지방병무청 방면 엘리베이터 탑승
01,수도권,S1,7,7호선,0232,보라매,3,환승,3,6,6) (B3) 신림선 서울지방병무청 방면 승강장으로 이동
01,수도권,S1,7,7호선,0232,보라매,3,환승,3,7,7) 승차 (휠체어칸)
01,수도권,S1,7,7호선,0232,보라매,3,환승,4,1,1) (B2) 7호선 신풍 방면 승강장 하차
01,수도권,S1,7,7호선,0232,보라매,3,환승,4,2,2) 대합실 방향 엘리베이터 탑승
01,수도권,S1,7,7호선,0232,보라매,3,환승,4,3,3) (B1) 대합실로 이동
01,수도권,S1,7,7호선,0232,보라매,3,환승,4,4,4) 신림선 대합실로 이동
01,수도권,S1,7,7호선,0232,보라매,3,환승,4,5,5) 신림선 보라매공원 방면 엘리베이터 탑승
01,수도권,S1,7,7호선,0232,보라매,3,환승,4,6,6) (B3) 신림선 보라매공원 방면 승강장으로 이동
01,수도권,S1,7,7호선,0232,보라매,3,환승,4,7,7) 승차 (휠체어칸)
01,수도권,S1,7,7호선,0378,신풍,1,출입구-승강장,1,1,1) (1F) 4번 출입구 옆 엘리베이터 탑승
01,수도권,S1,7,7호선,0378,신풍,1,출입구-승강장,1,2,2) (B1) 대합실로 이동
01,수도권,S1,7,7호선,0378,신풍,1,출입구-승강장,1,3,3) 표 내는 곳 통과
01,수도권,S1,7,7호선,0378,신풍,1,출입구-승강장,1,4,4) 보라매 방면 엘리베이터 탑승
01,수도권,S1,7,7호선,0378,신풍,1,출입구-승강장,1,5,5) (B2) 보라매 방면 승강장으로 이동
01,수도권,S1,7,7호선,0378,신풍,1,출입구-승강장,1,6,6) 승차 (휠체어칸)
01,수도권,S1,7,7호선,0378,신풍,1,출입구-승강장,2,1,1) (1F) 4번 출입구 옆 엘리베이터 탑승
01,수도권,S1,7,7호선,0378,신풍,1,출입구-승강장,2,2,2) (B1) 대합실로 이동
01,수도권,S1,7,7호선,0378,신풍,1,출입구-승강장,2,3,3) 표 내는 곳 통과
01,수도권,S1,7,7호선,0378,신풍,1,출입구-승강장,2,4,4) 대림 방면 엘리베이터 탑승
01,수도권,S1,7,7호선,0378,신풍,1,출입구-승강장,2,5,5) (B2) 대림 방면 승강장으로 이동
01,수도권,S1,7,7호선,0378,신풍,1,출입구-승강장,2,6,6) 승차 (휠체어칸)
01,수도권,S1,7,7호선,0378,신풍,1,출입구-승강장,3,1,1) (1F) 5번 출입구 옆 엘리베이터 탑승
01,수도권,S1,7,7호선,0378,신풍,1,출입구-승강장,3,2,2) (B1) 대합실로 이동
01,수도권,S1,7,7호선,0378,신풍,1,출입구-승강장,3,3,3) 표 내는 곳 통과
01,수도권,S1,7,7호선,0378,신풍,1,출입구-승강장,3,4,4) 보라매 방면 엘리베이터 탑승
01,수도권,S1,7,7호선,0378,신풍,1,출입구-승강장,3,5,5) (B2) 보라매 방면 승강장으로 이동
01,수도권,S1,7,7호선,0378,신풍,1,출입구-승강장,3,6,6) 승차 (휠체어칸)
01,수도권,S1,7,7호선,0378,신풍,1,출입구-승강장,4,1,1) (1F) 5번 출입구 옆 엘리베이터 탑승
01,수도권,S1,7,7호선,0378,신풍,1,출입구-승강장,4,2,2) (B1) 대합실로 이동
01,수도권,S1,7,7호선,0378,신풍,1,출입구-승강장,4,3,3) 표 내는 곳 통과
01,수도권,S1,7,7호선,0378,신풍,1,출입구-승강장,4,4,4) 대림 방면 엘리베이터 탑승
01,수도권,S1,7,7호선,0378,신풍,1,출입구-승강장,4,5,5) (B2) 대림 방면 승강장으로 이동
01,수도권,S1,7,7호선,0378,신풍,1,출입구-승강장,4,6,6) 승차 (휠체어칸)
01,수도권,S1,7,7호선,0130,대림,1,출입구-승강장,1,1,1) (1F) 10번 출입구 옆 엘리베이터 탑승
01,수도권,S1,7,7호선,0130,대림,1,출입구-승강장,1,2,2) (B1) 대합실로 이동
01,수도권,S1,7,7호선,0130,대림,1,출입구-승강장,1,3,3) 표 내는 곳 통과
01,수도권,S1,7,7호선,0130,대림,1,출입구-승강장,1,4,4) 신풍 방면 엘리베이터 탑승
01,수도권,S1,7,7호선,0130,대림,1,출입구-승강장,1,5,5) (B2) 신풍 방면 승강장으로 이동
01,수도권,S1,7,7호선,0130,대림,1,출입구-승강장,1,6,6) 승차 (휠체어칸)
01,수도권,S1,7,7호선,0130,대림,1,출입구-승강장,2,1,1) (1F) 10번 출입구 옆 엘리베이터 탑승
01,수도권,S1,7,7호선,0130,대림,1,출입구-승강장,2,2,2) (B1) 대합실로 이동
01,수도권,S1,7,7호선,0130,대림,1,출입구-승강장,2,3,3) 표 내는 곳 통과
01,수도권,S1,7,7호선,0130,대림,1,출입구-승강장,2,4,4) 남구로 방면 엘리베이터 탑승
01,수도권,S1,7,7호선,0130,대림,1,출입구-승강장,2,5,5) (B2) 남구로 방면 승강장으로 이동
01,수도권,S1,7,7호선,0130,대림,1,출입구-승강장,2,6,6) 승차 (휠체어칸)
01,수도권,S1,7,7호선,0130,대림,3,환승,1,1,1) (B2) 7호선 신풍 방면 승강장 하차
01,수도권,S1,7,7호선,0130,대림,3,환승,1,2,2) 대합실 방향 엘리베이터 탑승
01,수도권,S1,7,7호선,0130,대림,3,환승,1,3,3) (B1) 대합실로 이동
01,수도권,S1,7,7호선,0130,대림,3,환승,1,4,4) 2호선 방향 환승통로로 이동
01,수도권,S1,7,7호선,0130,대림,3,환승,1,5,5) 2호선 대합실 방향 휠체어리프트 탑승
01,수도권,S1,7,7호선,0130,대림,3,환승,1,6,6) (2F) 2호선 환승통로로 이동
01,수도권,S1,7,7호선,0130,대림,3,환승,1,7,7) 2호선 대합실로 이동
01,수도권,S1,7,7호선,0130,대림,3,환승,1,8,8) 2호선 구로디지털단지 방면 엘리베이터 탑승
01,수도권,S1,7,7호선,0130,대림,3,환승,1,9,9) (3F) 2호선 구로디지털단지 방면 승강장으로 이동
01,수도권,S1,7,7호선,0130,대림,3,환승,1,10,10) 승차 (휠체어칸)
01,수도권,S1,7,7호선,0130,대림,3,환승,2,1,1) (B2) 7호선 신풍 방면 승강장 하차
01,수도권,S1,7,7호선,0130,대림,3,환승,2,2,2) 대합실 방향 엘리베이터 탑승
01,수도권,S1,7,7호선,0130,대림,3,환승,2,3,3) (B1) 대합실로 이동
01,수도권,S1,7,7호선,0130,대림,3,환승,2,4,4) 2호선 방향 환승통로로 이동
01,수도권,S1,7,7호선,0130,대림,3,환승,2,5,5) 2호선 대합실 방향 휠체어리프트 탑승
01,수도권,S1,7,7호선,0130,대림,3,환승,2,6,6) (2F) 2호선 환승통로로 이동
01,수도권,S1,7,7호선,0130,대림,3,환승,2,7,7) 2호선 대합실로 이동
01,수도권,S1,7,7호선,0130,대림,3,환승,2,8,8) 2호선 신도림 방면 엘리베이터 탑승
01,수도권,S1,7,7호선,0130,대림,3,환승,2,9,9) (3F) 2호선 신도림 방면 승강장으로 이동
01,수도권,S1,7,7호선,0130,대림,3,환승,2,10,10) 승차 (휠체어칸)
01,수도권,S1,7,7호선,0130,대림,3,환승,3,1,1) (B2) 7호선 남구로 방면 승강장 하차
01,수도권,S1,7,7호선,0130,대림,3,환승,3,2,2) 대합실 방향 엘리베이터 탑승
01,수도권,S1,7,7호선,0130,대림,3,환승,3,3,3) (B1) 대합실로 이동
01,수도권,S1,7,7호선,0130,대림,3,환승,3,4,4) 2호선 방향 환승통로로 이동
01,수도권,S1,7,7호선,0130,대림,3,환승,3,5,5) 2호선 대합실 방향 휠체어리프트 탑승
01,수도권,S1,7,7호선,0130,대림,3,환승,3,6,6) (2F) 2호선 환승통로로 이동
01,수도권,S1,7,7호선,0130,대림,3,환승,3,7,7) 2호선 대합실로 이동
01,수도권,S1,7,7호선,0130,대림,3,환승,3,8,8) 2호선 구로디지털단지 방면 엘리베이터 탑승
01,수도권,S1,7,7호선,0130,대림,3,환승,3,9,9) (3F) 2호선 구로디지털단지 방면 승강장으로 이동
01,수도권,S1,7,7호선,0130,대림,3,환승,3,10,10) 승차 (휠체어칸)
01,수도권,S1,7,7호선,0130,대림,3,환승,4,1,1) (B2) 7호선 남구로 방면 승강장 하차
01,수도권,S1,7,7호선,0130,대림,3,환승,4,2,2) 대합실 방향 엘리베이터 탑승
01,수도권,S1,7,7호선,0130,대림,3,환승,4,3,3) (B1) 대합실로 이동
01,수도권,S1,7,7호선,0130,대림,3,환승,4,4,4) 2호선 방향 환승통로로 이동
01,수도권,S1,7,7호선,0130,대림,3,환승,4,5,5) 2호선 대합실 방향 휠체어리프트 탑승
01,수도권,S1,7,7호선,0130,대림,3,환승,4,6,6) (2F) 2호선 환승통로로 이동
01,수도권,S1,7,7호선,0130,대림,3,환승,4,7,7) 2호선 대합실로 이동
01,수도권,S1,7,7호선,0130,대림,3,환승,4,8,8) 2호선 신도림 방면 엘리베이터 탑승
01,수도권,S1,7,7호선,0130,대림,3,환승,4,9,9) (3F) 2호선 신도림 방면 승강장으로 이동
01,수도권,S1,7,7호선,0130,대림,3,환승,4,10,10) 승차 (휠체어칸)
01,수도권,S1,7,7호선,0103,남구로,1,출입구-승강장,1,1,1) 1번 출입구 E/L 3호기 지상 탑승
01,수도권,S1,7,7호선,0103,남구로,1,출입구-승강장,1,2,2) 1번 출입구 E/L 3호기 B2층 하차
01,수도권,S1,7,7호선,0103,남구로,1,출입구-승강장,1,3,3) 게이트 통과
01,수도권,S1,7,7호선,0103,남구로,1,출입구-승강장,1,4,4) 대림 방면 엘리베이터 1호기 탑승
01,수도권,S1,7,7호선,0103,남구로,1,출입구-승강장,1,5,5) (B5) 대림 방면 승강장으로 이동
01,수도권,S1,7,7호선,0103,남구로,1,출입구-승강장,1,6,6) 승차 (휠체어칸)
01,수도권,S1,7,7호선,0103,남구로,1,출입구-승강장,2,1,1) 1번 출입구 E/L 3호기 지상 탑승
01,수도권,S1,7,7호선,0103,남구로,1,출입구-승강장,2,2,2) 1번 출입구 E/L 3호기 B2층 하차
01,수도권,S1,7,7호선,0103,남구로,1,출입구-승강장,2,3,3) 게이트 통과
01,수도권,S1,7,7호선,0103,남구로,1,출입구-승강장,2,4,4) 가산디지털단지 방면 엘리베이터 2호기 탑승
01,수도권,S1,7,7호선,0103,남구로,1,출입구-승강장,2,5,5) (B5) 가산디지털단지 방면 승강장으로 이동
01,수도권,S1,7,7호선,0103,남구로,1,출입구-승강장,2,6,6) 승차 (휠체어칸)
01,수도권,S1,7,7호선,0103,남구로,1,출입구-승강장,3,1,1) (1F) 4번 출입구 휠체어리프트 탑승
01,수도권,S1,7,7호선,0103,남구로,1,출입구-승강장,3,2,2) (B1) 대합실로 이동
01,수도권,S1,7,7호선,0103,남구로,1,출입구-승강장,3,3,3) 표 내는 곳 통과
01,수도권,S1,7,7호선,0103,남구로,1,출입구-승강장,3,4,4) 휠체어리프트 탑승
01,수도권,S1,7,7호선,0103,남구로,1,출입구-승강장,3,5,5) (B2) 대합실로 이동
01,수도권,S1,7,7호선,0103,남구로,1,출입구-승강장,3,6,6) 휠체어리프트 탑승
01,수도권,S1,7,7호선,0103,남구로,1,출입구-승강장,3,7,7) (B4) 대합실로 이동
01,수도권,S1,7,7호선,0103,남구로,1,출입구-승강장,3,8,8) 대림 방면 휠체어리프트 탑승
01,수도권,S1,7,7호선,0103,남구로,1,출입구-승강장,3,9,9) (B5) 대림 방면 승강장으로 이동
01,수도권,S1,7,7호선,0103,남구로,1,출입구-승강장,3,10,10) 승차 (휠체어칸)
01,수도권,S1,7,7호선,0103,남구로,1,출입구-승강장,4,1,1) (1F) 4번 출입구 휠체어리프트 탑승
01,수도권,S1,7,7호선,0103,남구로,1,출입구-승강장,4,2,2) (B1) 대합실로 이동
01,수도권,S1,7,7호선,0103,남구로,1,출입구-승강장,4,3,3) 표 내는 곳 통과
01,수도권,S1,7,7호선,0103,남구로,1,출입구-승강장,4,4,4) 휠체어리프트 탑승
01,수도권,S1,7,7호선,0103,남구로,1,출입구-승강장,4,5,5) (B2) 대합실로 이동
01,수도권,S1,7,7호선,0103,남구로,1,출입구-승강장,4,6,6) 휠체어리프트 탑승
01,수도권,S1,7,7호선,0103,남구로,1,출입구-승강장,4,7,7) (B4) 대합실로 이동
01,수도권,S1,7,7호선,0103,남구로,1,출입구-승강장,4,8,8) 가산디지털단지 방면 휠체어리프트 탑승
01,수도권,S1,7,7호선,0103,남구로,1,출입구-승강장,4,9,9) (B5) 가산디지털단지 방면 승강장으로 이동
01,수도권,S1,7,7호선,0103,남구로,1,출입구-승강장,4,10,10) 승차 (휠체어칸)
01,수도권,S1,7,7호선,0004,가산디지털단지,1,출입구-승강장,1,1,1) (1F) 9번 출입구 옆 엘리베이터 탑승
01,수도권,S1,7,7호선,0004,가산디지털단지,1,출입구-승강장,1,2,2) (B1) 대합실로 이동
01,수도권,S1,7,7호선,0004,가산디지털단지,1,출입구-승강장,1,3,3) 표 내는 곳 통과
01,수도권,S1,7,7호선,0004,가산디지털단지,1,출입구-승강장,1,4,4) 엘리베이터 탑승
01,수도권,S1,7,7호선,0004,가산디지털단지,1,출입구-승강장,1,5,5) (B2) 대합실로 이동
01,수도권,S1,7,7호선,0004,가산디지털단지,1,출입구-승강장,1,6,6) 남구로 방면 엘리베이터 탑승
01,수도권,S1,7,7호선,0004,가산디지털단지,1,출입구-승강장,1,7,7) (B4) 남구로 방면 승강장으로 이동
01,수도권,S1,7,7호선,0004,가산디지털단지,1,출입구-승강장,1,8,8) 승차 (휠체어칸)
01,수도권,S1,7,7호선,0004,가산디지털단지,1,출입구-승강장,2,1,1) (1F) 9번 출입구 옆 엘리베이터 탑승
01,수도권,S1,7,7호선,0004,가산디지털단지,1,출입구-승강장,2,2,2) (B1) 대합실로 이동
01,수도권,S1,7,7호선,0004,가산디지털단지,1,출입구-승강장,2,3,3) 표 내는 곳 통과
01,수도권,S1,7,7호선,0004,가산디지털단지,1,출입구-승강장,2,4,4) 엘리베이터 탑승
01,수도권,S1,7,7호선,0004,가산디지털단지,1,출입구-승강장,2,5,5) (B2) 대합실로 이동
01,수도권,S1,7,7호선,0004,가산디지털단지,1,출입구-승강장,2,6,6) 철산 방면 엘리베이터 탑승
01,수도권,S1,7,7호선,0004,가산디지털단지,1,출입구-승강장,2,7,7) (B4) 철산 방면 승강장으로 이동
01,수도권,S1,7,7호선,0004,가산디지털단지,1,출입구-승강장,2,8,8) 승차 (휠체어칸)
01,수도권,S1,7,7호선,0004,가산디지털단지,3,환승,1,1,1) (B4) 7호선 남구로 방면 승강장 하차
01,수도권,S1,7,7호선,0004,가산디지털단지,3,환승,1,2,2) 대합실 방향 엘리베이터 탑승
01,수도권,S1,7,7호선,0004,가산디지털단지,3,환승,1,3,3) (B2) 대합실로 이동
01,수도권,S1,7,7호선,0004,가산디지털단지,3,환승,1,4,4) 대합실 방향 엘리베이터 탑승
01,수도권,S1,7,7호선,0004,가산디지털단지,3,환승,1,5,5) (B1) 대합실로 이동
01,수도권,S1,7,7호선,0004,가산디지털단지,3,환승,1,6,6) 1호선 구로 방면 휠체어리프트 탑승
01,수도권,S1,7,7호선,0004,가산디지털단지,3,환승,1,7,7) (1F) 1호선 구로 방면 승강장으로 이동
01,수도권,S1,7,7호선,0004,가산디지털단지,3,환승,1,8,8) 승차 (휠체어칸)
01,수도권,S1,7,7호선,0004,가산디지털단지,3,환승,2,1,1) (B4) 7호선 남구로 방면 승강장 하차
01,수도권,S1,7,7호선,0004,가산디지털단지,3,환승,2,2,2) 대합실 방향 엘리베이터 탑승
01,수도권,S1,7,7호선,0004,가산디지털단지,3,환승,2,3,3) (B2) 대합실로 이동
01,수도권,S1,7,7호선,0004,가산디지털단지,3,환승,2,4,4) 대합실 방향 엘리베이터 탑승
01,수도권,S1,7,7호선,0004,가산디지털단지,3,환승,2,5,5) (B1) 대합실로 이동
01,수도권,S1,7,7호선,0004,가산디지털단지,3,환승,2,6,6) 1호선 독산 방면 휠체어리프트 탑승
01,수도권,S1,7,7호선,0004,가산디지털단지,3,환승,2,7,7) (1F) 1호선 독산 방면 승강장으로 이동
01,수도권,S1,7,7호선,0004,가산디지털단지,3,환승,2,8,8) 승차 (휠체어칸)
01,수도권,S1,7,7호선,0004,가산디지털단지,3,환승,3,1,1) (B4) 7호선 철산 방면 승강장 하차
01,수도권,S1,7,7호선,0004,가산디지털단지,3,환승,3,2,2) 대합실 방향 엘리베이터 탑승
01,수도권,S1,7,7호선,0004,가산디지털단지,3,환승,3,3,3) (B2) 대합실로 이동
01,수도권,S1,7,7호선,0004,가산디지털단지,3,환승,3,4,4) 대합실 방향 엘리베이터 탑승
01,수도권,S1,7,7호선,0004,가산디지털단지,3,환승,3,5,5) (B1) 대합실로 이동
01,수도권,S1,7,7호선,0004,가산디지털단지,3,환승,3,6,6) 1호선 구로 방면 휠체어리프트 탑승
01,수도권,S1,7,7호선,0004,가산디지털단지,3,환승,3,7,7) (1F) 1호선 구로 방면 승강장으로 이동
01,수도권,S1,7,7호선,0004,가산디지털단지,3,환승,3,8,8) 승차 (휠체어칸)
01,수도권,S1,7,7호선,0004,가산디지털단지,3,환승,4,1,1) (B4) 7호선 철산 방면 승강장 하차
01,수도권,S1,7,7호선,0004,가산디지털단지,3,환승,4,2,2) 대합실 방향 엘리베이터 탑승
01,수도권,S1,7,7호선,0004,가산디지털단지,3,환승,4,3,3) (B2) 대합실로 이동
01,수도권,S1,7,7호선,0004,가산디지털단지,3,환승,4,4,4) 대합실 방향 엘리베이터 탑승
01,수도권,S1,7,7호선,0004,가산디지털단지,3,환승,4,5,5) (B1) 대합실로 이동
01,수도권,S1,7,7호선,0004,가산디지털단지,3,환승,4,6,6) 1호선 독산 방면 휠체어리프트 탑승
01,수도권,S1,7,7호선,0004,가산디지털단지,3,환승,4,7,7) (1F) 1호선 독산 방면 승강장으로 이동
01,수도권,S1,7,7호선,0004,가산디지털단지,3,환승,4,8,8) 승차 (휠체어칸)
01,수도권,S1,7,7호선,0547,철산,1,출입구-승강장,1,1,1) (1F) 1번 출입구 옆 엘리베이터 탑승
01,수도권,S1,7,7호선,0547,철산,1,출입구-승강장,1,2,2) (B1) 대합실로 이동
01,수도권,S1,7,7호선,0547,철산,1,출입구-승강장,1,3,3) 가산디지털단지 방면 엘리베이터 앞 표 내는 곳 통과
01,수도권,S1,7,7호선,0547,철산,1,출입구-승강장,1,4,4) 가산디지털단지 방면 엘리베이터 탑승
01,수도권,S1,7,7호선,0547,철산,1,출입구-승강장,1,5,5) (B2) 가산디지털단지 방면 승강장으로 이동
01,수도권,S1,7,7호선,0547,철산,1,출입구-승강장,1,6,6) 승차 (휠체어칸)
01,수도권,S1,7,7호선,0547,철산,1,출입구-승강장,2,1,1) (1F) 1번 출입구 옆 엘리베이터 탑승
01,수도권,S1,7,7호선,0547,철산,1,출입구-승강장,2,2,2) (B1) 대합실로 이동
01,수도권,S1,7,7호선,0547,철산,1,출입구-승강장,2,3,3) 광명사거리 방면 엘리베이터 앞 표 내는 곳 통과
01,수도권,S1,7,7호선,0547,철산,1,출입구-승강장,2,4,4) 광명사거리 방면 엘리베이터 탑승
01,수도권,S1,7,7호선,0547,철산,1,출입구-승강장,2,5,5) (B2) 광명사거리 방면 승강장으로 이동
01,수도권,S1,7,7호선,0547,철산,1,출입구-승강장,2,6,6) 승차 (휠체어칸)
01,수도권,S1,7,7호선,0547,철산,1,출입구-승강장,3,1,1) (1F) 4번 출입구 옆 엘리베이터 탑승
01,수도권,S1,7,7호선,0547,철산,1,출입구-승강장,3,2,2) (B1) 대합실로 이동
01,수도권,S1,7,7호선,0547,철산,1,출입구-승강장,3,3,3) 가산디지털단지 방면 엘리베이터 앞 표 내는 곳 통과
01,수도권,S1,7,7호선,0547,철산,1,출입구-승강장,3,4,4) 가산디지털단지 방면 엘리베이터 탑승
01,수도권,S1,7,7호선,0547,철산,1,출입구-승강장,3,5,5) (B2) 가산디지털단지 방면 승강장으로 이동
01,수도권,S1,7,7호선,0547,철산,1,출입구-승강장,3,6,6) 승차 (휠체어칸)
01,수도권,S1,7,7호선,0547,철산,1,출입구-승강장,4,1,1) (1F) 4번 출입구 옆 엘리베이터 탑승
01,수도권,S1,7,7호선,0547,철산,1,출입구-승강장,4,2,2) (B1) 대합실로 이동
01,수도권,S1,7,7호선,0547,철산,1,출입구-승강장,4,3,3) 광명사거리 방면 엘리베이터 앞 표 내는 곳 통과
01,수도권,S1,7,7호선,0547,철산,1,출입구-승강장,4,4,4) 광명사거리 방면 엘리베이터 탑승
01,수도권,S1,7,7호선,0547,철산,1,출입구-승강장,4,5,5) (B2) 광명사거리 방면 승강장으로 이동
01,수도권,S1,7,7호선,0547,철산,1,출입구-승강장,4,6,6) 승차 (휠체어칸)
01,수도권,S1,7,7호선,0064,광명사거리,1,출입구-승강장,1,1,1) (1F) 2번 출입구 옆 엘리베이터 탑승
01,수도권,S1,7,7호선,0064,광명사거리,1,출입구-승강장,1,2,2) (B2) 대합실로 이동
01,수도권,S1,7,7호선,0064,광명사거리,1,출입구-승강장,1,3,3) 철산 방면 엘리베이터 탑승
01,수도권,S1,7,7호선,0064,광명사거리,1,출입구-승강장,1,4,4) (B3) 철산 방면 승강장으로 이동
01,수도권,S1,7,7호선,0064,광명사거리,1,출입구-승강장,1,5,5) 승차 (휠체어칸)
01,수도권,S1,7,7호선,0064,광명사거리,1,출입구-승강장,2,1,1) (1F) 2번 출입구 옆 엘리베이터 탑승
01,수도권,S1,7,7호선,0064,광명사거리,1,출입구-승강장,2,2,2) (B2) 대합실로 이동
01,수도권,S1,7,7호선,0064,광명사거리,1,출입구-승강장,2,3,3) 표 내는 곳 통과
01,수도권,S1,7,7호선,0064,광명사거리,1,출입구-승강장,2,4,4) 천왕 방면 엘리베이터 탑승
01,수도권,S1,7,7호선,0064,광명사거리,1,출입구-승강장,2,5,5) (B3) 천왕 방면 승강장으로 이동
01,수도권,S1,7,7호선,0064,광명사거리,1,출입구-승강장,2,6,6) 승차 (휠체어칸)
01,수도권,S1,7,7호선,0545,천왕,1,출입구-승강장,1,1,1) (1F) 2번 출입구 옆 엘리베이터 탑승
01,수도권,S1,7,7호선,0545,천왕,1,출입구-승강장,1,2,2) (B1) 대합실로 이동
01,수도권,S1,7,7호선,0545,천왕,1,출입구-승강장,1,3,3) 표 내는 곳 통과
01,수도권,S1,7,7호선,0545,천왕,1,출입구-승강장,1,4,4) 광명사거리 방면 엘리베이터 탑승
01,수도권,S1,7,7호선,0545,천왕,1,출입구-승강장,1,5,5) (B2) 광명사거리 방면 승강장으로 이동
01,수도권,S1,7,7호선,0545,천왕,1,출입구-승강장,1,6,6) 승차 (휠체어칸)
01,수도권,S1,7,7호선,0545,천왕,1,출입구-승강장,2,1,1) (1F) 2번 출입구 옆 엘리베이터 탑승
01,수도권,S1,7,7호선,0545,천왕,1,출입구-승강장,2,2,2) (B1) 대합실로 이동
01,수도권,S1,7,7호선,0545,천왕,1,출입구-승강장,2,3,3) 표 내는 곳 통과
01,수도권,S1,7,7호선,0545,천왕,1,출입구-승강장,2,4,4) 온수 방면 엘리베이터 탑승
01,수도권,S1,7,7호선,0545,천왕,1,출입구-승강장,2,5,5) (B2) 온수 방면 승강장으로 이동
01,수도권,S1,7,7호선,0545,천왕,1,출입구-승강장,2,6,6) 승차 (휠체어칸)
01,수도권,S1,7,7호선,0545,천왕,1,출입구-승강장,3,1,1) (1F) 3번 출입구 옆 엘리베이터 탑승
01,수도권,S1,7,7호선,0545,천왕,1,출입구-승강장,3,2,2) (B1) 대합실로 이동
01,수도권,S1,7,7호선,0545,천왕,1,출입구-승강장,3,3,3) 표 내는 곳 통과
01,수도권,S1,7,7호선,0545,천왕,1,출입구-승강장,3,4,4) 광명사거리 방면 엘리베이터 탑승
01,수도권,S1,7,7호선,0545,천왕,1,출입구-승강장,3,5,5) (B2) 광명사거리 방면 승강장으로 이동
01,수도권,S1,7,7호선,0545,천왕,1,출입구-승강장,3,6,6) 승차 (휠체어칸)
01,수도권,S1,7,7호선,0545,천왕,1,출입구-승강장,4,1,1) (1F) 3번 출입구 옆 엘리베이터 탑승
01,수도권,S1,7,7호선,0545,천왕,1,출입구-승강장,4,2,2) (B1) 대합실로 이동
01,수도권,S1,7,7호선,0545,천왕,1,출입구-승강장,4,3,3) 표 내는 곳 통과
01,수도권,S1,7,7호선,0545,천왕,1,출입구-승강장,4,4,4) 온수 방면 엘리베이터 탑승
01,수도권,S1,7,7호선,0545,천왕,1,출입구-승강장,4,5,5) (B2) 온수 방면 승강장으로 이동
01,수도권,S1,7,7호선,0545,천왕,1,출입구-승강장,4,6,6) 승차 (휠체어칸)
01,수도권,S1,7,7호선,0545,천왕,1,출입구-승강장,5,1,1) 광역환승센터주차장 옆 엘리베이터 탑승
01,수도권,S1,7,7호선,0545,천왕,1,출입구-승강장,5,2,2) (B1) 대합실로 이동
01,수도권,S1,7,7호선,0545,천왕,1,출입구-승강장,5,3,3) 표 내는 곳 통과
01,수도권,S1,7,7호선,0545,천왕,1,출입구-승강장,5,4,4) 광명사거리 방면 엘리베이터 탑승
01,수도권,S1,7,7호선,0545,천왕,1,출입구-승강장,5,5,5) (B2) 광명사거리 방면 승강장으로 이동
01,수도권,S1,7,7호선,0545,천왕,1,출입구-승강장,5,6,6) 승차 (휠체어칸)
01,수도권,S1,7,7호선,0545,천왕,1,출입구-승강장,6,1,1) 광역환승센터주차장 옆 엘리베이터 탑승
01,수도권,S1,7,7호선,0545,천왕,1,출입구-승강장,6,2,2) (B1) 대합실로 이동
01,수도권,S1,7,7호선,0545,천왕,1,출입구-승강장,6,3,3) 표 내는 곳 통과
01,수도권,S1,7,7호선,0545,천왕,1,출입구-승강장,6,4,4) 온수 방면 엘리베이터 탑승
01,수도권,S1,7,7호선,0545,천왕,1,출입구-승강장,6,5,5) (B2) 온수 방면 승강장으로 이동
01,수도권,S1,7,7호선,0545,천왕,1,출입구-승강장,6,6,6) 승차 (휠체어칸)
01,수도권,S1,7,7호선,0435,온수,1,출입구-승강장,1,1,1) (1F) 2번 출입구 옆 엘리베이터 탑승
01,수도권,S1,7,7호선,0435,온수,1,출입구-승강장,1,2,2) (B1) 대합실로 이동
01,수도권,S1,7,7호선,0435,온수,1,출입구-승강장,1,3,3) 표 내는 곳 통과
01,수도권,S1,7,7호선,0435,온수,1,출입구-승강장,1,4,4) 천왕 방면 엘리베이터 탑승
01,수도권,S1,7,7호선,0435,온수,1,출입구-승강장,1,5,5) (B2) 천왕 방면 승강장으로 이동
01,수도권,S1,7,7호선,0435,온수,1,출입구-승강장,1,6,6) 승차 (휠체어칸)
01,수도권,S1,7,7호선,0435,온수,1,출입구-승강장,2,1,1) (1F) 2번 출입구 옆 엘리베이터 탑승
01,수도권,S1,7,7호선,0435,온수,1,출입구-승강장,2,2,2) (B1) 대합실로 이동
01,수도권,S1,7,7호선,0435,온수,1,출입구-승강장,2,3,3) 표 내는 곳 통과
01,수도권,S1,7,7호선,0435,온수,1,출입구-승강장,2,4,4) 까치울 방면 엘리베이터 탑승
01,수도권,S1,7,7호선,0435,온수,1,출입구-승강장,2,5,5) (B2) 까치울 방면 승강장으로 이동
01,수도권,S1,7,7호선,0435,온수,1,출입구-승강장,2,6,6) 승차 (휠체어칸)
01,수도권,S1,7,7호선,0435,온수,3,환승,1,1,1) (B2) 7호선 천왕 방면 승강장 하차
01,수도권,S1,7,7호선,0435,온수,3,환승,1,2,2) 1호선 환승통로 방향 휠체어리프트 탑승
01,수도권,S1,7,7호선,0435,온수,3,환승,1,3,3) (B1) 환승통로로 이동
01,수도권,S1,7,7호선,0435,온수,3,환승,1,4,4) 1호선 오류동 방면 휠체어리프트 탑승
01,수도권,S1,7,7호선,0435,온수,3,환승,1,5,5) (1F) 1호선 오류동 방면 승강장으로 이동
01,수도권,S1,7,7호선,0435,온수,3,환승,1,6,6) 승차 (휠체어칸)
01,수도권,S1,7,7호선,0435,온수,3,환승,2,1,1) (B2) 7호선 천왕 방면 승강장 하차
01,수도권,S1,7,7호선,0435,온수,3,환승,2,2,2) 1호선 환승통로 방향 휠체어리프트 탑승
01,수도권,S1,7,7호선,0435,온수,3,환승,2,3,3) (B1) 환승통로로 이동
01,수도권,S1,7,7호선,0435,온수,3,환승,2,4,4) 1호선 역곡 방면 휠체어리프트 탑승
01,수도권,S1,7,7호선,0435,온수,3,환승,2,5,5) (1F) 1호선 역곡 방면 승강장으로 이동
01,수도권,S1,7,7호선,0435,온수,3,환승,2,6,6) 승차 (휠체어칸)
01,수도권,S1,7,7호선,0435,온수,3,환승,3,1,1) (B2) 7호선 까치울 방면 승강장 하차
01,수도권,S1,7,7호선,0435,온수,3,환승,3,2,2) 1호선 환승통로 방향 휠체어리프트 탑승
01,수도권,S1,7,7호선,0435,온수,3,환승,3,3,3) (B1) 환승통로로 이동
01,수도권,S1,7,7호선,0435,온수,3,환승,3,4,4) 1호선 오류동 방면 휠체어리프트 탑승
01,수도권,S1,7,7호선,0435,온수,3,환승,3,5,5) (1F) 1호선 오류동 방면 승강장으로 이동
01,수도권,S1,7,7호선,0435,온수,3,환승,3,6,6) 승차 (휠체어칸)
01,수도권,S1,7,7호선,0435,온수,3,환승,4,1,1) (B2) 7호선 까치울 방면 승강장 하차
01,수도권,S1,7,7호선,0435,온수,3,환승,4,2,2) 1호선 환승통로 방향 휠체어리프트 탑승
01,수도권,S1,7,7호선,0435,온수,3,환승,4,3,3) (B1) 환승통로로 이동
01,수도권,S1,7,7호선,0435,온수,3,환승,4,4,4) 1호선 역곡 방면 휠체어리프트 탑승
01,수도권,S1,7,7호선,0435,온수,3,환승,4,5,5) (1F) 1호선 역곡 방면 승강장으로 이동
01,수도권,S1,7,7호선,0435,온수,3,환승,4,6,6) 승차 (휠체어칸)
01,수도권,IC,7,7호선,0101,까치울,1,출입구-승강장,1,1,1) (1F) 4번 출입구 옆 엘리베이터 탑승
01,수도권,IC,7,7호선,0101,까치울,1,출입구-승강장,1,2,2) (B1) 대합실로 이동
01,수도권,IC,7,7호선,0101,까치울,1,출입구-승강장,1,3,3) 표 내는 곳 통과
01,수도권,IC,7,7호선,0101,까치울,1,출입구-승강장,1,4,4) 승강장 방향 엘리베이터 탑승
01,수도권,IC,7,7호선,0101,까치울,1,출입구-승강장,1,5,5) (B2) 온수 방면 승강장으로 이동
01,수도권,IC,7,7호선,0101,까치울,1,출입구-승강장,1,6,6) 승차 (휠체어칸)
01,수도권,IC,7,7호선,0101,까치울,1,출입구-승강장,2,1,1) (1F) 4번 출입구 옆 엘리베이터 탑승
01,수도권,IC,7,7호선,0101,까치울,1,출입구-승강장,2,2,2) (B1) 대합실로 이동
01,수도권,IC,7,7호선,0101,까치울,1,출입구-승강장,2,3,3) 표 내는 곳 통과
01,수도권,IC,7,7호선,0101,까치울,1,출입구-승강장,2,4,4) 승강장 방향 엘리베이터 탑승
01,수도권,IC,7,7호선,0101,까치울,1,출입구-승강장,2,5,5) (B2) 부천종합운동장 방면 승강장으로 이동
01,수도권,IC,7,7호선,0101,까치울,1,출입구-승강장,2,6,6) 승차 (휠체어칸)
01,수도권,IC,7,7호선,0248,부천종합운동장,1,출입구-승강장,1,1,1) (1F) 2번 출입구 옆 엘리베이터 탑승
01,수도권,IC,7,7호선,0248,부천종합운동장,1,출입구-승강장,1,2,2) (B1) 대합실로 이동
01,수도권,IC,7,7호선,0248,부천종합운동장,1,출입구-승강장,1,3,3) 표 내는 곳 통과
01,수도권,IC,7,7호선,0248,부천종합운동장,1,출입구-승강장,1,4,4) 승강장 방향 엘리베이터 탑승
01,수도권,IC,7,7호선,0248,부천종합운동장,1,출입구-승강장,1,5,5) (B2) 까치울 방면 승강장으로 이동
01,수도권,IC,7,7호선,0248,부천종합운동장,1,출입구-승강장,1,6,6) 승차 (휠체어칸)
01,수도권,IC,7,7호선,0248,부천종합운동장,1,출입구-승강장,2,1,1) (1F) 2번 출입구 옆 엘리베이터 탑승
01,수도권,IC,7,7호선,0248,부천종합운동장,1,출입구-승강장,2,2,2) (B1) 대합실로 이동
01,수도권,IC,7,7호선,0248,부천종합운동장,1,출입구-승강장,2,3,3) 표 내는 곳 통과
01,수도권,IC,7,7호선,0248,부천종합운동장,1,출입구-승강장,2,4,4) 승강장 방향 엘리베이터 탑승
01,수도권,IC,7,7호선,0248,부천종합운동장,1,출입구-승강장,2,5,5) (B2) 춘의 방면 승강장으로 이동
01,수도권,IC,7,7호선,0248,부천종합운동장,1,출입구-승강장,2,6,6) 승차 (휠체어칸)
01,수도권,IC,7,7호선,0248,부천종합운동장,1,출입구-승강장,3,1,1) (1F) 4번 출입구 옆 엘리베이터 탑승
01,수도권,IC,7,7호선,0248,부천종합운동장,1,출입구-승강장,3,2,2) (B1) 대합실로 이동
01,수도권,IC,7,7호선,0248,부천종합운동장,1,출입구-승강장,3,3,3) 표 내는 곳 통과
01,수도권,IC,7,7호선,0248,부천종합운동장,1,출입구-승강장,3,4,4) 승강장 방향 엘리베이터 탑승
01,수도권,IC,7,7호선,0248,부천종합운동장,1,출입구-승강장,3,5,5) (B2) 까치울 방면 승강장으로 이동
01,수도권,IC,7,7호선,0248,부천종합운동장,1,출입구-승강장,3,6,6) 승차 (휠체어칸)
01,수도권,IC,7,7호선,0248,부천종합운동장,1,출입구-승강장,4,1,1) (1F) 4번 출입구 옆 엘리베이터 탑승
01,수도권,IC,7,7호선,0248,부천종합운동장,1,출입구-승강장,4,2,2) (B1) 대합실로 이동
01,수도권,IC,7,7호선,0248,부천종합운동장,1,출입구-승강장,4,3,3) 표 내는 곳 통과
01,수도권,IC,7,7호선,0248,부천종합운동장,1,출입구-승강장,4,4,4) 승강장 방향 엘리베이터 탑승
01,수도권,IC,7,7호선,0248,부천종합운동장,1,출입구-승강장,4,5,5) (B2) 춘의 방면 승강장으로 이동
01,수도권,IC,7,7호선,0248,부천종합운동장,1,출입구-승강장,4,6,6) 승차 (휠체어칸)
01,수도권,IC,7,7호선,0561,춘의,1,출입구-승강장,1,1,1) (1F) 3번 출입구 옆 엘리베이터 탑승
01,수도권,IC,7,7호선,0561,춘의,1,출입구-승강장,1,2,2) (B1) 대합실로 이동
01,수도권,IC,7,7호선,0561,춘의,1,출입구-승강장,1,3,3) 표 내는 곳 통과
01,수도권,IC,7,7호선,0561,춘의,1,출입구-승강장,1,4,4) 승강장 방향 엘리베이터 탑승
01,수도권,IC,7,7호선,0561,춘의,1,출입구-승강장,1,5,5) (B2) 부천종합운동장 방면 승강장으로 이동
01,수도권,IC,7,7호선,0561,춘의,1,출입구-승강장,1,6,6) 승차 (휠체어칸)
01,수도권,IC,7,7호선,0561,춘의,1,출입구-승강장,2,1,1) (1F) 3번 출입구 옆 엘리베이터 탑승
01,수도권,IC,7,7호선,0561,춘의,1,출입구-승강장,2,2,2) (B1) 대합실로 이동
01,수도권,IC,7,7호선,0561,춘의,1,출입구-승강장,2,3,3) 표 내는 곳 통과
01,수도권,IC,7,7호선,0561,춘의,1,출입구-승강장,2,4,4) 승강장 방향 엘리베이터 탑승
01,수도권,IC,7,7호선,0561,춘의,1,출입구-승강장,2,5,5) (B2) 신중동 방면 승강장으로 이동
01,수도권,IC,7,7호선,0561,춘의,1,출입구-승강장,2,6,6) 승차 (휠체어칸)
01,수도권,IC,7,7호선,0561,춘의,1,출입구-승강장,3,1,1) (1F) 7번 출입구 옆 엘리베이터 탑승
01,수도권,IC,7,7호선,0561,춘의,1,출입구-승강장,3,2,2) (B1) 대합실로 이동
01,수도권,IC,7,7호선,0561,춘의,1,출입구-승강장,3,3,3) 표 내는 곳 통과
01,수도권,IC,7,7호선,0561,춘의,1,출입구-승강장,3,4,4) 승강장 방향 엘리베이터 탑승
01,수도권,IC,7,7호선,0561,춘의,1,출입구-승강장,3,5,5) (B2) 부천종합운동장 방면 승강장으로 이동
01,수도권,IC,7,7호선,0561,춘의,1,출입구-승강장,3,6,6) 승차 (휠체어칸)
01,수도권,IC,7,7호선,0561,춘의,1,출입구-승강장,4,1,1) (1F) 7번 출입구 옆 엘리베이터 탑승
01,수도권,IC,7,7호선,0561,춘의,1,출입구-승강장,4,2,2) (B1) 대합실로 이동
01,수도권,IC,7,7호선,0561,춘의,1,출입구-승강장,4,3,3) 표 내는 곳 통과
01,수도권,IC,7,7호선,0561,춘의,1,출입구-승강장,4,4,4) 승강장 방향 엘리베이터 탑승
01,수도권,IC,7,7호선,0561,춘의,1,출입구-승강장,4,5,5) (B2) 신중동 방면 승강장으로 이동
01,수도권,IC,7,7호선,0561,춘의,1,출입구-승강장,4,6,6) 승차 (휠체어칸)
01,수도권,IC,7,7호선,0374,신중동,1,출입구-승강장,1,1,1) (1F) 1번 출입구 옆 엘리베이터 탑승
01,수도권,IC,7,7호선,0374,신중동,1,출입구-승강장,1,2,2) (B1) 대합실로 이동
01,수도권,IC,7,7호선,0374,신중동,1,출입구-승강장,1,3,3) 표 내는 곳 통과
01,수도권,IC,7,7호선,0374,신중동,1,출입구-승강장,1,4,4) 승강장 방향 엘리베이터 탑승
01,수도권,IC,7,7호선,0374,신중동,1,출입구-승강장,1,5,5) (B2) 춘의 방면 승강장으로 이동
01,수도권,IC,7,7호선,0374,신중동,1,출입구-승강장,1,6,6) 승차 (휠체어칸)
01,수도권,IC,7,7호선,0374,신중동,1,출입구-승강장,2,1,1) (1F) 1번 출입구 옆 엘리베이터 탑승
01,수도권,IC,7,7호선,0374,신중동,1,출입구-승강장,2,2,2) (B1) 대합실로 이동
01,수도권,IC,7,7호선,0374,신중동,1,출입구-승강장,2,3,3) 표 내는 곳 통과
01,수도권,IC,7,7호선,0374,신중동,1,출입구-승강장,2,4,4) 승강장 방향 엘리베이터 탑승
01,수도권,IC,7,7호선,0374,신중동,1,출입구-승강장,2,5,5) (B2) 부천시장 방면 승강장으로 이동
01,수도권,IC,7,7호선,0374,신중동,1,출입구-승강장,2,6,6) 승차 (휠체어칸)
01,수도권,IC,7,7호선,0374,신중동,1,출입구-승강장,3,1,1) (1F) 3번 출입구 옆 엘리베이터 탑승
01,수도권,IC,7,7호선,0374,신중동,1,출입구-승강장,3,2,2) (B1) 대합실로 이동
01,수도권,IC,7,7호선,0374,신중동,1,출입구-승강장,3,3,3) 표 내는 곳 통과
01,수도권,IC,7,7호선,0374,신중동,1,출입구-승강장,3,4,4) 승강장 방향 엘리베이터 탑승
01,수도권,IC,7,7호선,0374,신중동,1,출입구-승강장,3,5,5) (B2) 춘의 방면 승강장으로 이동
01,수도권,IC,7,7호선,0374,신중동,1,출입구-승강장,3,6,6) 승차 (휠체어칸)
01,수도권,IC,7,7호선,0374,신중동,1,출입구-승강장,4,1,1) (1F) 3번 출입구 옆 엘리베이터 탑승
01,수도권,IC,7,7호선,0374,신중동,1,출입구-승강장,4,2,2) (B1) 대합실로 이동
01,수도권,IC,7,7호선,0374,신중동,1,출입구-승강장,4,3,3) 표 내는 곳 통과
01,수도권,IC,7,7호선,0374,신중동,1,출입구-승강장,4,4,4) 승강장 방향 엘리베이터 탑승
01,수도권,IC,7,7호선,0374,신중동,1,출입구-승강장,4,5,5) (B2) 부천시장 방면 승강장으로 이동
01,수도권,IC,7,7호선,0374,신중동,1,출입구-승강장,4,6,6) 승차 (휠체어칸)
01,수도권,IC,7,7호선,0374,신중동,1,출입구-승강장,5,1,1) (1F) 7번 출입구 옆 엘리베이터 탑승
01,수도권,IC,7,7호선,0374,신중동,1,출입구-승강장,5,2,2) (B1) 대합실로 이동
01,수도권,IC,7,7호선,0374,신중동,1,출입구-승강장,5,3,3) 표 내는 곳 통과
01,수도권,IC,7,7호선,0374,신중동,1,출입구-승강장,5,4,4) 승강장 방향 엘리베이터 탑승
01,수도권,IC,7,7호선,0374,신중동,1,출입구-승강장,5,5,5) (B2) 춘의 방면 승강장으로 이동
01,수도권,IC,7,7호선,0374,신중동,1,출입구-승강장,5,6,6) 승차 (휠체어칸)
01,수도권,IC,7,7호선,0374,신중동,1,출입구-승강장,6,1,1) (1F) 7번 출입구 옆 엘리베이터 탑승
01,수도권,IC,7,7호선,0374,신중동,1,출입구-승강장,6,2,2) (B1) 대합실로 이동
01,수도권,IC,7,7호선,0374,신중동,1,출입구-승강장,6,3,3) 표 내는 곳 통과
01,수도권,IC,7,7호선,0374,신중동,1,출입구-승강장,6,4,4) 승강장 방향 엘리베이터 탑승
01,수도권,IC,7,7호선,0374,신중동,1,출입구-승강장,6,5,5) (B2) 부천시장 방면 승강장으로 이동
01,수도권,IC,7,7호선,0374,신중동,1,출입구-승강장,6,6,6) 승차 (휠체어칸)
01,수도권,IC,7,7호선,0247,부천시청,1,출입구-승강장,1,1,1) (1F) 1번 출입구 옆 엘리베이터 탑승
01,수도권,IC,7,7호선,0247,부천시청,1,출입구-승강장,1,2,2) (B1) 대합실로 이동
01,수도권,IC,7,7호선,0247,부천시청,1,출입구-승강장,1,3,3) 표 내는 곳 통과
01,수도권,IC,7,7호선,0247,부천시청,1,출입구-승강장,1,4,4) 승강장 방향 엘리베이터 탑승
01,수도권,IC,7,7호선,0247,부천시청,1,출입구-승강장,1,5,5) (B2) 신중동 방면 승강장으로 이동
01,수도권,IC,7,7호선,0247,부천시청,1,출입구-승강장,1,6,6) 승차 (휠체어칸)
01,수도권,IC,7,7호선,0247,부천시청,1,출입구-승강장,2,1,1) (1F) 1번 출입구 옆 엘리베이터 탑승
01,수도권,IC,7,7호선,0247,부천시청,1,출입구-승강장,2,2,2) (B1) 대합실로 이동
01,수도권,IC,7,7호선,0247,부천시청,1,출입구-승강장,2,3,3) 표 내는 곳 통과
01,수도권,IC,7,7호선,0247,부천시청,1,출입구-승강장,2,4,4) 승강장 방향 엘리베이터 탑승
01,수도권,IC,7,7호선,0247,부천시청,1,출입구-승강장,2,5,5) (B2) 상동 방면 승강장으로 이동
01,수도권,IC,7,7호선,0247,부천시청,1,출입구-승강장,2,6,6) 승차 (휠체어칸)
01,수도권,IC,7,7호선,0247,부천시청,1,출입구-승강장,3,1,1) (1F) 4번 출입구 옆 엘리베이터 탑승
01,수도권,IC,7,7호선,0247,부천시청,1,출입구-승강장,3,2,2) (B1) 대합실로 이동
01,수도권,IC,7,7호선,0247,부천시청,1,출입구-승강장,3,3,3) 표 내는 곳 통과
01,수도권,IC,7,7호선,0247,부천시청,1,출입구-승강장,3,4,4) 승강장 방향 엘리베이터 탑승
01,수도권,IC,7,7호선,0247,부천시청,1,출입구-승강장,3,5,5) (B2) 신중동 방면 승강장으로 이동
01,수도권,IC,7,7호선,0247,부천시청,1,출입구-승강장,3,6,6) 승차 (휠체어칸)
01,수도권,IC,7,7호선,0247,부천시청,1,출입구-승강장,4,1,1) (1F) 4번 출입구 옆 엘리베이터 탑승
01,수도권,IC,7,7호선,0247,부천시청,1,출입구-승강장,4,2,2) (B1) 대합실로 이동
01,수도권,IC,7,7호선,0247,부천시청,1,출입구-승강장,4,3,3) 표 내는 곳 통과
01,수도권,IC,7,7호선,0247,부천시청,1,출입구-승강장,4,4,4) 승강장 방향 엘리베이터 탑승
01,수도권,IC,7,7호선,0247,부천시청,1,출입구-승강장,4,5,5) (B2) 상동 방면 승강장으로 이동
01,수도권,IC,7,7호선,0247,부천시청,1,출입구-승강장,4,6,6) 승차 (휠체어칸)
01,수도권,IC,7,7호선,0274,상동,1,출입구-승강장,1,1,1) (1F) 2번 출입구 옆 엘리베이터 탑승
01,수도권,IC,7,7호선,0274,상동,1,출입구-승강장,1,2,2) (B1) 대합실로 이동
01,수도권,IC,7,7호선,0274,상동,1,출입구-승강장,1,3,3) 표 내는 곳 통과
01,수도권,IC,7,7호선,0274,상동,1,출입구-승강장,1,4,4) 부천시청 방면 엘리베이터 탑승
01,수도권,IC,7,7호선,0274,상동,1,출입구-승강장,1,5,5) (B2) 부천시청 방면 승강장으로 이동
01,수도권,IC,7,7호선,0274,상동,1,출입구-승강장,1,6,6) 승차 (휠체어칸)
01,수도권,IC,7,7호선,0274,상동,1,출입구-승강장,2,1,1) (1F) 2번 출입구 옆 엘리베이터 탑승
01,수도권,IC,7,7호선,0274,상동,1,출입구-승강장,2,2,2) (B1) 대합실로 이동
01,수도권,IC,7,7호선,0274,상동,1,출입구-승강장,2,3,3) 표 내는 곳 통과
01,수도권,IC,7,7호선,0274,상동,1,출입구-승강장,2,4,4) 삼산체육관 방면 엘리베이터 탑승
01,수도권,IC,7,7호선,0274,상동,1,출입구-승강장,2,5,5) (B2) 삼산체육관 방면 승강장으로 이동
01,수도권,IC,7,7호선,0274,상동,1,출입구-승강장,2,6,6) 승차 (휠체어칸)
01,수도권,IC,7,7호선,0274,상동,1,출입구-승강장,3,1,1) (1F) 5번 출입구 옆 엘리베이터 탑승
01,수도권,IC,7,7호선,0274,상동,1,출입구-승강장,3,2,2) (B1) 대합실로 이동
01,수도권,IC,7,7호선,0274,상동,1,출입구-승강장,3,3,3) 표 내는 곳 통과
01,수도권,IC,7,7호선,0274,상동,1,출입구-승강장,3,4,4) 부천시청 방면 엘리베이터 탑승
01,수도권,IC,7,7호선,0274,상동,1,출입구-승강장,3,5,5) (B2) 부천시청 방면 승강장으로 이동
01,수도권,IC,7,7호선,0274,상동,1,출입구-승강장,3,6,6) 승차 (휠체어칸)
01,수도권,IC,7,7호선,0274,상동,1,출입구-승강장,4,1,1) (1F) 5번 출입구 옆 엘리베이터 탑승
01,수도권,IC,7,7호선,0274,상동,1,출입구-승강장,4,2,2) (B1) 대합실로 이동
01,수도권,IC,7,7호선,0274,상동,1,출입구-승강장,4,3,3) 표 내는 곳 통과
01,수도권,IC,7,7호선,0274,상동,1,출입구-승강장,4,4,4) 삼산체육관 방면 엘리베이터 탑승
01,수도권,IC,7,7호선,0274,상동,1,출입구-승강장,4,5,5) (B2) 삼산체육관 방면 승강장으로 이동
01,수도권,IC,7,7호선,0274,상동,1,출입구-승강장,4,6,6) 승차 (휠체어칸)
01,수도권,IC,7,7호선,0265,삼산체육관,1,출입구-승강장,1,1,1) (1F) 2번 출입구 옆 엘리베이터 탑승
01,수도권,IC,7,7호선,0265,삼산체육관,1,출입구-승강장,1,2,2) (B1) 대합실로 이동
01,수도권,IC,7,7호선,0265,삼산체육관,1,출입구-승강장,1,3,3) 표 내는 곳 통과
01,수도권,IC,7,7호선,0265,삼산체육관,1,출입구-승강장,1,4,4) 상동 방면 엘리베이터 탑승
01,수도권,IC,7,7호선,0265,삼산체육관,1,출입구-승강장,1,5,5) (B2) 상동 방면 승강장으로 이동
01,수도권,IC,7,7호선,0265,삼산체육관,1,출입구-승강장,1,6,6) 승차 (휠체어칸)
01,수도권,IC,7,7호선,0265,삼산체육관,1,출입구-승강장,2,1,1) (1F) 2번 출입구 옆 엘리베이터 탑승
01,수도권,IC,7,7호선,0265,삼산체육관,1,출입구-승강장,2,2,2) (B1) 대합실로 이동
01,수도권,IC,7,7호선,0265,삼산체육관,1,출입구-승강장,2,3,3) 표 내는 곳 통과
01,수도권,IC,7,7호선,0265,삼산체육관,1,출입구-승강장,2,4,4) 굴포천 방면 엘리베이터 탑승
01,수도권,IC,7,7호선,0265,삼산체육관,1,출입구-승강장,2,5,5) (B2) 굴포천 방면 승강장으로 이동
01,수도권,IC,7,7호선,0265,삼산체육관,1,출입구-승강장,2,6,6) 승차 (휠체어칸)
01,수도권,IC,7,7호선,0265,삼산체육관,1,출입구-승강장,3,1,1) (1F) 3번 출입구 옆 엘리베이터 탑승
01,수도권,IC,7,7호선,0265,삼산체육관,1,출입구-승강장,3,2,2) (B1) 대합실로 이동
01,수도권,IC,7,7호선,0265,삼산체육관,1,출입구-승강장,3,3,3) 표 내는 곳 통과
01,수도권,IC,7,7호선,0265,삼산체육관,1,출입구-승강장,3,4,4) 상동 방면 엘리베이터 탑승
01,수도권,IC,7,7호선,0265,삼산체육관,1,출입구-승강장,3,5,5) (B2) 상동 방면 승강장으로 이동
01,수도권,IC,7,7호선,0265,삼산체육관,1,출입구-승강장,3,6,6) 승차 (휠체어칸)
01,수도권,IC,7,7호선,0265,삼산체육관,1,출입구-승강장,4,1,1) (1F) 3번 출입구 옆 엘리베이터 탑승
01,수도권,IC,7,7호선,0265,삼산체육관,1,출입구-승강장,4,2,2) (B1) 대합실로 이동
01,수도권,IC,7,7호선,0265,삼산체육관,1,출입구-승강장,4,3,3) 표 내는 곳 통과
01,수도권,IC,7,7호선,0265,삼산체육관,1,출입구-승강장,4,4,4) 굴포천 방면 엘리베이터 탑승
01,수도권,IC,7,7호선,0265,삼산체육관,1,출입구-승강장,4,5,5) (B2) 굴포천 방면 승강장으로 이동
01,수도권,IC,7,7호선,0265,삼산체육관,1,출입구-승강장,4,6,6) 승차 (휠체어칸)
01,수도권,IC,7,7호선,0085,굴포천,1,출입구-승강장,1,1,1) (1F) 3번 출입구 옆 엘리베이터 탑승
01,수도권,IC,7,7호선,0085,굴포천,1,출입구-승강장,1,2,2) (B1) 대합실로 이동
01,수도권,IC,7,7호선,0085,굴포천,1,출입구-승강장,1,3,3) 표 내는 곳 통과
01,수도권,IC,7,7호선,0085,굴포천,1,출입구-승강장,1,4,4) 삼산체육관 방면 엘리베이터 탑승
01,수도권,IC,7,7호선,0085,굴포천,1,출입구-승강장,1,5,5) (B2) 삼산체육관 방면 승강장으로 이동
01,수도권,IC,7,7호선,0085,굴포천,1,출입구-승강장,1,6,6) 승차 (휠체어칸)
01,수도권,IC,7,7호선,0085,굴포천,1,출입구-승강장,2,1,1) (1F) 3번 출입구 옆 엘리베이터 탑승
01,수도권,IC,7,7호선,0085,굴포천,1,출입구-승강장,2,2,2) (B1) 대합실로 이동
01,수도권,IC,7,7호선,0085,굴포천,1,출입구-승강장,2,3,3) 표 내는 곳 통과
01,수도권,IC,7,7호선,0085,굴포천,1,출입구-승강장,2,4,4) 부평구청 방면 엘리베이터 탑승
01,수도권,IC,7,7호선,0085,굴포천,1,출입구-승강장,2,5,5) (B2) 부평구청 방면 승강장으로 이동
01,수도권,IC,7,7호선,0085,굴포천,1,출입구-승강장,2,6,6) 승차 (휠체어칸)
01,수도권,IC,7,7호선,0085,굴포천,1,출입구-승강장,3,1,1) (1F) 5번 출입구 옆 엘리베이터 탑승
01,수도권,IC,7,7호선,0085,굴포천,1,출입구-승강장,3,2,2) (B1) 대합실로 이동
01,수도권,IC,7,7호선,0085,굴포천,1,출입구-승강장,3,3,3) 표 내는 곳 통과
01,수도권,IC,7,7호선,0085,굴포천,1,출입구-승강장,3,4,4) 삼산체육관 방면 엘리베이터 탑승
01,수도권,IC,7,7호선,0085,굴포천,1,출입구-승강장,3,5,5) (B2) 삼산체육관 방면 승강장으로 이동
01,수도권,IC,7,7호선,0085,굴포천,1,출입구-승강장,3,6,6) 승차 (휠체어칸)
01,수도권,IC,7,7호선,0085,굴포천,1,출입구-승강장,4,1,1) (1F) 5번 출입구 옆 엘리베이터 탑승
01,수도권,IC,7,7호선,0085,굴포천,1,출입구-승강장,4,2,2) (B1) 대합실로 이동
01,수도권,IC,7,7호선,0085,굴포천,1,출입구-승강장,4,3,3) 표 내는 곳 통과
01,수도권,IC,7,7호선,0085,굴포천,1,출입구-승강장,4,4,4) 부평구청 방면 엘리베이터 탑승
01,수도권,IC,7,7호선,0085,굴포천,1,출입구-승강장,4,5,5) (B2) 부평구청 방면 승강장으로 이동
01,수도권,IC,7,7호선,0085,굴포천,1,출입구-승강장,4,6,6) 승차 (휠체어칸)
01,수도권,IC,7,7호선,0250,부평구청,1,출입구-승강장,1,1,1) (1F) 3번 출입구 옆 엘리베이터 탑승
01,수도권,IC,7,7호선,0250,부평구청,1,출입구-승강장,1,2,2) (B1) 대합실로 이동
01,수도권,IC,7,7호선,0250,부평구청,1,출입구-승강장,1,3,3) 표 내는 곳 통과
01,수도권,IC,7,7호선,0250,부평구청,1,출입구-승강장,1,4,4) 엘리베이터 탑승
01,수도권,IC,7,7호선,0250,부평구청,1,출입구-승강장,1,5,5) (B2) 대합실로 이동
01,수도권,IC,7,7호선,0250,부평구청,1,출입구-승강장,1,6,6) 굴포천 방면 엘리베이터 탑승
01,수도권,IC,7,7호선,0250,부평구청,1,출입구-승강장,1,7,7) (B3) 굴포천 방면 승강장으로 이동
01,수도권,IC,7,7호선,0250,부평구청,1,출입구-승강장,1,8,8) 승차 (휠체어칸)
01,수도권,IC,7,7호선,0250,부평구청,1,출입구-승강장,2,1,1) (1F) 3번 출입구 옆 엘리베이터 탑승
01,수도권,IC,7,7호선,0250,부평구청,1,출입구-승강장,2,2,2) (B1) 대합실로 이동
01,수도권,IC,7,7호선,0250,부평구청,1,출입구-승강장,2,3,3) 표 내는 곳 통과
01,수도권,IC,7,7호선,0250,부평구청,1,출입구-승강장,2,4,4) 엘리베이터 탑승
01,수도권,IC,7,7호선,0250,부평구청,1,출입구-승강장,2,5,5) (B3) 산곡 방면 승강장으로 이동
01,수도권,IC,7,7호선,0250,부평구청,1,출입구-승강장,2,6,6) 승차 (휠체어칸)
01,수도권,IC,7,7호선,0250,부평구청,1,출입구-승강장,3,1,1) (1F) 5번 출입구 옆 엘리베이터 탑승
01,수도권,IC,7,7호선,0250,부평구청,1,출입구-승강장,3,2,2) (B1) 대합실로 이동
01,수도권,IC,7,7호선,0250,부평구청,1,출입구-승강장,3,3,3) 표 내는 곳 통과
01,수도권,IC,7,7호선,0250,부평구청,1,출입구-승강장,3,4,4) 엘리베이터 탑승
01,수도권,IC,7,7호선,0250,부평구청,1,출입구-승강장,3,5,5) (B2) 대합실로 이동
01,수도권,IC,7,7호선,0250,부평구청,1,출입구-승강장,3,6,6) 굴포천 방면 엘리베이터 탑승
01,수도권,IC,7,7호선,0250,부평구청,1,출입구-승강장,3,7,7) (B3) 굴포천 방면 승강장으로 이동
01,수도권,IC,7,7호선,0250,부평구청,1,출입구-승강장,3,8,8) 승차 (휠체어칸)
01,수도권,IC,7,7호선,0250,부평구청,1,출입구-승강장,4,1,1) (1F) 5번 출입구 옆 엘리베이터 탑승
01,수도권,IC,7,7호선,0250,부평구청,1,출입구-승강장,4,2,2) (B1) 대합실로 이동
01,수도권,IC,7,7호선,0250,부평구청,1,출입구-승강장,4,3,3) 표 내는 곳 통과
01,수도권,IC,7,7호선,0250,부평구청,1,출입구-승강장,4,4,4) 엘리베이터 탑승
01,수도권,IC,7,7호선,0250,부평구청,1,출입구-승강장,4,5,5) (B3) 산곡 방면 승강장으로 이동
01,수도권,IC,7,7호선,0250,부평구청,1,출입구-승강장,4,6,6) 승차 (휠체어칸)
01,수도권,IC,7,7호선,0250,부평구청,3,환승,1,1,1) (B3) 7호선 굴포천 방면 승강장 하차
01,수도권,IC,7,7호선,0250,부평구청,3,환승,1,2,2) 대합실 방향 엘리베이터 탑승
01,수도권,IC,7,7호선,0250,부평구청,3,환승,1,3,3) (B2) 대합실로 이동
01,수도권,IC,7,7호선,0250,부평구청,3,환승,1,4,4) 인천1호선 갈산 방면 환승 엘리베이터 탑승
01,수도권,IC,7,7호선,0250,부평구청,3,환승,1,5,5) (B2) 인천1호선 갈산 방면 승강장으로 이동
01,수도권,IC,7,7호선,0250,부평구청,3,환승,1,6,6) 승차 (휠체어칸)
01,수도권,IC,7,7호선,0250,부평구청,3,환승,2,1,1) (B3) 7호선 굴포천 방면 승강장 하차
01,수도권,IC,7,7호선,0250,부평구청,3,환승,2,2,2) 인천1호선 부평시장 방면 환승통로 방향 엘리베이터 탑승
01,수도권,IC,7,7호선,0250,부평구청,3,환승,2,3,3) (B2) 환승통로로 이동
01,수도권,IC,7,7호선,0250,부평구청,3,환승,2,4,4) 인천1호선 부평시장 방면 엘리베이터 탑승
01,수도권,IC,7,7호선,0250,부평구청,3,환승,2,5,5) (B2) 인천1호선 부평시장 방면 승강장으로 이동
01,수도권,IC,7,7호선,0250,부평구청,3,환승,2,6,6) 승차 (휠체어칸)
01,수도권,IC,7,7호선,0250,부평구청,3,환승,3,1,1) (B3) 7호선 산곡 방면 승강장 하차
01,수도권,IC,7,7호선,0250,부평구청,3,환승,3,2,2) 대합실 방향 엘리베이터 탑승
01,수도권,IC,7,7호선,0250,부평구청,3,환승,3,3,3) (B2) 대합실로 이동
01,수도권,IC,7,7호선,0250,부평구청,3,환승,3,4,4) 인천1호선 갈산 방면 환승 엘리베이터 탑승
01,수도권,IC,7,7호선,0250,부평구청,3,환승,3,5,5) (B2) 인천1호선 갈산 방면 승강장으로 이동
01,수도권,IC,7,7호선,0250,부평구청,3,환승,3,6,6) 승차 (휠체어칸)
01,수도권,IC,7,7호선,0250,부평구청,3,환승,4,1,1) (B3) 7호선 산곡 방면 승강장 하차
01,수도권,IC,7,7호선,0250,부평구청,3,환승,4,2,2) 인천1호선 부평시장 방면 환승통로 방향 엘리베이터 탑승
01,수도권,IC,7,7호선,0250,부평구청,3,환승,4,3,3) (B2) 환승통로로 이동
01,수도권,IC,7,7호선,0250,부평구청,3,환승,4,4,4) 인천1호선 부평시장 방면 엘리베이터 탑승
01,수도권,IC,7,7호선,0250,부평구청,3,환승,4,5,5) (B2) 인천1호선 부평시장 방면 승강장으로 이동
01,수도권,IC,7,7호선,0250,부평구청,3,환승,4,6,6) 승차 (휠체어칸)
01,수도권,IC,7,7호선,1352,산곡,1,출입구-승강장,1,1,"1) (1F) 3,4번 출입구 옆 엘리베이터 탑승"
01,수도권,IC,7,7호선,1352,산곡,1,출입구-승강장,1,2,2) (B1) 대합실로 이동
01,수도권,IC,7,7호선,1352,산곡,1,출입구-승강장,1,3,3) 표 내는 곳 통과
01,수도권,IC,7,7호선,1352,산곡,1,출입구-승강장,1,4,4) 부평구청 승강장 방향 엘리베이터 탑승
01,수도권,IC,7,7호선,1352,산곡,1,출입구-승강장,1,5,5) (B2) 부평구청 방면 승강장으로 이동
01,수도권,IC,7,7호선,1352,산곡,1,출입구-승강장,1,6,6) 승차 (휠체어칸)
01,수도권,IC,7,7호선,1352,산곡,1,출입구-승강장,2,1,"1) (1F) 3,4번 출입구 옆 엘리베이터 탑승"
01,수도권,IC,7,7호선,1352,산곡,1,출입구-승강장,2,2,2) (B1) 대합실로 이동
01,수도권,IC,7,7호선,1352,산곡,1,출입구-승강장,2,3,3) 표 내는 곳 통과
01,수도권,IC,7,7호선,1352,산곡,1,출입구-승강장,2,4,4) 석남 승강장 방향 엘리베이터 탑승
01,수도권,IC,7,7호선,1352,산곡,1,출입구-승강장,2,5,5) (B2) 석남역 방면 승강장으로 이동
01,수도권,IC,7,7호선,1352,산곡,1,출입구-승강장,2,6,6) 승차 (휠체어칸)
01,수도권,IC,7,7호선,1352,산곡,1,출입구-승강장,3,1,1) (1F) 7번 출입구 옆 엘리베이터 탑승
01,수도권,IC,7,7호선,1352,산곡,1,출입구-승강장,3,2,2) (B1) 대합실로 이동
01,수도권,IC,7,7호선,1352,산곡,1,출입구-승강장,3,3,3) 표 내는 곳 통과
01,수도권,IC,7,7호선,1352,산곡,1,출입구-승강장,3,4,4) 부평구청 승강장 방향 엘리베이터 탑승
01,수도권,IC,7,7호선,1352,산곡,1,출입구-승강장,3,5,5) (B2) 부평구청 방면 승강장으로 이동
01,수도권,IC,7,7호선,1352,산곡,1,출입구-승강장,3,6,6) 승차 (휠체어칸)
01,수도권,IC,7,7호선,1352,산곡,1,출입구-승강장,4,1,1) (1F) 7번 출입구 옆 엘리베이터 탑승
01,수도권,IC,7,7호선,1352,산곡,1,출입구-승강장,4,2,2) (B1) 대합실로 이동
01,수도권,IC,7,7호선,1352,산곡,1,출입구-승강장,4,3,3) 표 내는 곳 통과
01,수도권,IC,7,7호선,1352,산곡,1,출입구-승강장,4,4,4) 석남 승강장 방향 엘리베이터 탑승
01,수도권,IC,7,7호선,1352,산곡,1,출입구-승강장,4,5,5) (B2) 석남역 방면 승강장으로 이동
01,수도권,IC,7,7호선,1352,산곡,1,출입구-승강장,4,6,6) 승차 (휠체어칸)
01,수도권,IC,7,7호선,0301,석남,1,출입구-승강장,1,1,1) (1F) 5번 출입구 뒤 엘리베이터 탑승
01,수도권,IC,7,7호선,0301,석남,1,출입구-승강장,1,2,2) (B4) 대합실로 이동
01,수도권,IC,7,7호선,0301,석남,1,출입구-승강장,1,3,3) 표 내는 곳 통과
01,수도권,IC,7,7호선,0301,석남,1,출입구-승강장,1,4,4) 승강장 방향 엘리베이터 탑승
01,수도권,IC,7,7호선,0301,석남,1,출입구-승강장,1,5,5) (B5) 산곡역 방면 승강장으로 이동
01,수도권,IC,7,7호선,0301,석남,1,출입구-승강장,1,6,6) 승차 (휠체어칸)
01,수도권,NU,8,8호선,0230,별내,1,출입구-승강장,1,1,1) (1F) 4번 출입구 근처 엘리베이터 탑승
01,수도권,NU,8,8호선,0230,별내,1,출입구-승강장,1,2,2) (B1) 지하1층 대합실로 이동
01,수도권,NU,8,8호선,0230,별내,1,출입구-승강장,1,3,3) 표 내는 곳 통과
01,수도권,NU,8,8호선,0230,별내,1,출입구-승강장,1,4,4) 다산 방면 엘리베이터 탑승
01,수도권,NU,8,8호선,0230,별내,1,출입구-승강장,1,5,5) (B3) 다산 방면 승강장으로 이동
01,수도권,NU,8,8호선,0230,별내,1,출입구-승강장,1,6,6) 승차 (휠체어칸)
01,수도권,NU,8,8호선,0230,별내,1,출입구-승강장,2,1,1) (1F) 5번 출입구 근처 엘리베이터 탑승
01,수도권,NU,8,8호선,0230,별내,1,출입구-승강장,2,2,2) 지하 보도 엘리베이터 에서 하차
01,수도권,NU,8,8호선,0230,별내,1,출입구-승강장,2,3,3) 지하 보도 엘리베이터 하차 후 대합실 방향  엘리베이터 탑승
01,수도권,NU,8,8호선,0230,별내,1,출입구-승강장,2,4,4) (B1) 지하1층 대합실로 이동
01,수도권,NU,8,8호선,0230,별내,1,출입구-승강장,2,5,5) 다산 방면 엘리베이터 탑승
01,수도권,NU,8,8호선,0230,별내,1,출입구-승강장,2,6,6) (B3) 다산 방면 승강장으로 이동
01,수도권,NU,8,8호선,0230,별내,1,출입구-승강장,2,7,7) 승차 (휠체어칸)
01,수도권,NU,8,8호선,0230,별내,1,출입구-승강장,3,1,1) (1F) 6번 출입구 근처 엘리베이터 탑승
01,수도권,NU,8,8호선,0230,별내,1,출입구-승강장,3,2,2) (B1) 지하1층 대합실로 이동
01,수도권,NU,8,8호선,0230,별내,1,출입구-승강장,3,3,3) 표 내는 곳 통과
01,수도권,NU,8,8호선,0230,별내,1,출입구-승강장,3,4,4) 다산 방면 엘리베이터 탑승
01,수도권,NU,8,8호선,0230,별내,1,출입구-승강장,3,5,5) (B3) 다산 방면 승강장으로 이동
01,수도권,NU,8,8호선,0230,별내,1,출입구-승강장,3,6,6) 승차 (휠체어칸)
01,수도권,NU,8,8호선,0230,별내,3,환승,1,1,1) (B3) 8호선 별내 종착역  하차
01,수도권,NU,8,8호선,0230,별내,3,환승,1,2,2) 경춘선 방향 엘리베이터  탑승
01,수도권,NU,8,8호선,0230,별내,3,환승,1,3,3) (2F) 경춘선 갈매 방면 승강장으로 이동
01,수도권,NU,8,8호선,0230,별내,3,환승,1,4,4) 승차 (휠체어칸)
01,수도권,NU,8,8호선,0230,별내,3,환승,2,1,1) (B3) 8호선 별내 종착역  하차
01,수도권,NU,8,8호선,0230,별내,3,환승,2,2,2) 경춘선  방향 엘리베이터  탑승
01,수도권,NU,8,8호선,0230,별내,3,환승,2,3,3) (B1) 지하1층 대합실 에서 하차
01,수도권,NU,8,8호선,0230,별내,3,환승,2,4,4) 경춘선 퇴계원 방향 엘리베이터  탑승
01,수도권,NU,8,8호선,0230,별내,3,환승,2,5,5) (2F) 경춘선 퇴계원 방면 승강장으로 이동
01,수도권,NU,8,8호선,0230,별내,3,환승,2,6,6) 승차 (휠체어칸)
01,수도권,NU,8,8호선,1376,다산,1,출입구-승강장,1,1,1) (1F) 1번 출입구 근처 엘리베이터 탑승
01,수도권,NU,8,8호선,1376,다산,1,출입구-승강장,1,2,2) (B1) 지하1층 대합실로 이동
01,수도권,NU,8,8호선,1376,다산,1,출입구-승강장,1,3,3) 표 내는 곳 통과
01,수도권,NU,8,8호선,1376,다산,1,출입구-승강장,1,4,4) 동구릉 방면 엘리베이터 탑승
01,수도권,NU,8,8호선,1376,다산,1,출입구-승강장,1,5,5) (B3) 동구릉 방면 승강장으로 이동
01,수도권,NU,8,8호선,1376,다산,1,출입구-승강장,1,6,6) 승차 (휠체어칸)
01,수도권,NU,8,8호선,1376,다산,1,출입구-승강장,2,1,1) (1F) 1번 출입구 근처 엘리베이터 탑승
01,수도권,NU,8,8호선,1376,다산,1,출입구-승강장,2,2,2) (B1) 지하1층 대합실로 이동
01,수도권,NU,8,8호선,1376,다산,1,출입구-승강장,2,3,3) 표 내는 곳 통과
01,수도권,NU,8,8호선,1376,다산,1,출입구-승강장,2,4,4) 별내 방면 엘리베이터 탑승
01,수도권,NU,8,8호선,1376,다산,1,출입구-승강장,2,5,5) (B3) 별내 방면 승강장으로 이동
01,수도권,NU,8,8호선,1376,다산,1,출입구-승강장,2,6,6) 승차 (휠체어칸)
01,수도권,NU,8,8호선,1376,다산,1,출입구-승강장,3,1,1) (1F) 4번 출입구 근처 엘리베이터 탑승
01,수도권,NU,8,8호선,1376,다산,1,출입구-승강장,3,2,2) (B1) 지하1층 대합실로 이동
01,수도권,NU,8,8호선,1376,다산,1,출입구-승강장,3,3,3) 표 내는 곳 통과
01,수도권,NU,8,8호선,1376,다산,1,출입구-승강장,3,4,4) 동구릉 방면 엘리베이터 탑승
01,수도권,NU,8,8호선,1376,다산,1,출입구-승강장,3,5,5) (B3) 동구릉 방면 승강장으로 이동
01,수도권,NU,8,8호선,1376,다산,1,출입구-승강장,3,6,6) 승차 (휠체어칸)
01,수도권,NU,8,8호선,1376,다산,1,출입구-승강장,4,1,1) (1F) 4번 출입구 근처 엘리베이터 탑승
01,수도권,NU,8,8호선,1376,다산,1,출입구-승강장,4,2,2) (B1) 지하1층 대합실로 이동
01,수도권,NU,8,8호선,1376,다산,1,출입구-승강장,4,3,3) 표 내는 곳 통과
01,수도권,NU,8,8호선,1376,다산,1,출입구-승강장,4,4,4) 별내 방면 엘리베이터 탑승
01,수도권,NU,8,8호선,1376,다산,1,출입구-승강장,4,5,5) (B3) 별내 방면 승강장으로 이동
01,수도권,NU,8,8호선,1376,다산,1,출입구-승강장,4,6,6) 승차 (휠체어칸)
01,수도권,NU,8,8호선,1376,다산,1,출입구-승강장,5,1,1) (1F) 3번 출입구 근처 엘리베이터 탑승
01,수도권,NU,8,8호선,1376,다산,1,출입구-승강장,5,2,2) (B1) 지하1층 대합실로 이동
01,수도권,NU,8,8호선,1376,다산,1,출입구-승강장,5,3,3) 표 내는 곳 통과
01,수도권,NU,8,8호선,1376,다산,1,출입구-승강장,5,4,4) 동구릉 방면 엘리베이터 탑승
01,수도권,NU,8,8호선,1376,다산,1,출입구-승강장,5,5,5) (B3) 동구릉 방면 승강장으로 이동
01,수도권,NU,8,8호선,1376,다산,1,출입구-승강장,5,6,6) 승차 (휠체어칸)
01,수도권,NU,8,8호선,1376,다산,1,출입구-승강장,6,1,1) (1F) 3번 출입구 근처 엘리베이터 탑승
01,수도권,NU,8,8호선,1376,다산,1,출입구-승강장,6,2,2) (B1) 지하1층 대합실로 이동
01,수도권,NU,8,8호선,1376,다산,1,출입구-승강장,6,3,3) 표 내는 곳 통과
01,수도권,NU,8,8호선,1376,다산,1,출입구-승강장,6,4,4) 별내 방면 엘리베이터 탑승
01,수도권,NU,8,8호선,1376,다산,1,출입구-승강장,6,5,5) (B3) 별내 방면 승강장으로 이동
01,수도권,NU,8,8호선,1376,다산,1,출입구-승강장,6,6,6) 승차 (휠체어칸)
01,수도권,GU,8,8호선,1375,동구릉,1,출입구-승강장,1,1,1) (1F) 2번 출입구 근처 엘리베이터 탑승
01,수도권,GU,8,8호선,1375,동구릉,1,출입구-승강장,1,2,2) (B1) 지하1층 대합실로 이동
01,수도권,GU,8,8호선,1375,동구릉,1,출입구-승강장,1,3,3) 표 내는 곳 통과
01,수도권,GU,8,8호선,1375,동구릉,1,출입구-승강장,1,4,4) 구리 방면 엘리베이터 탑승
01,수도권,GU,8,8호선,1375,동구릉,1,출입구-승강장,1,5,5) (B4) 구리 방면 승강장으로 이동
01,수도권,GU,8,8호선,1375,동구릉,1,출입구-승강장,1,6,6) 승차 (휠체어칸)
01,수도권,GU,8,8호선,1375,동구릉,1,출입구-승강장,2,1,1) (1F) 2번 출입구 근처 엘리베이터 탑승
01,수도권,GU,8,8호선,1375,동구릉,1,출입구-승강장,2,2,2) (B1) 지하1층 대합실로 이동
01,수도권,GU,8,8호선,1375,동구릉,1,출입구-승강장,2,3,3) 표 내는 곳 통과
01,수도권,GU,8,8호선,1375,동구릉,1,출입구-승강장,2,4,4) 다산 방면 엘리베이터 탑승
01,수도권,GU,8,8호선,1375,동구릉,1,출입구-승강장,2,5,5) (B4) 다산 방면 승강장으로 이동
01,수도권,GU,8,8호선,1375,동구릉,1,출입구-승강장,2,6,6) 승차 (휠체어칸)
01,수도권,GU,8,8호선,1375,동구릉,1,출입구-승강장,3,1,1) (1F) 5번 출입구 근처 엘리베이터 탑승
01,수도권,GU,8,8호선,1375,동구릉,1,출입구-승강장,3,2,2) (B1) 지하1층 대합실로 이동
01,수도권,GU,8,8호선,1375,동구릉,1,출입구-승강장,3,3,3) 표 내는 곳 통과
01,수도권,GU,8,8호선,1375,동구릉,1,출입구-승강장,3,4,4) 구리 방면 엘리베이터 탑승
01,수도권,GU,8,8호선,1375,동구릉,1,출입구-승강장,3,5,5) (B4) 구리 방면 승강장으로 이동
01,수도권,GU,8,8호선,1375,동구릉,1,출입구-승강장,3,6,6) 승차 (휠체어칸)
01,수도권,GU,8,8호선,1375,동구릉,1,출입구-승강장,4,1,1) (1F) 5번 출입구 근처 엘리베이터 탑승
01,수도권,GU,8,8호선,1375,동구릉,1,출입구-승강장,4,2,2) (B1) 지하1층 대합실로 이동
01,수도권,GU,8,8호선,1375,동구릉,1,출입구-승강장,4,3,3) 표 내는 곳 통과
01,수도권,GU,8,8호선,1375,동구릉,1,출입구-승강장,4,4,4) 다산 방면 엘리베이터 탑승
01,수도권,GU,8,8호선,1375,동구릉,1,출입구-승강장,4,5,5) (B4) 다산 방면 승강장으로 이동
01,수도권,GU,8,8호선,1375,동구릉,1,출입구-승강장,4,6,6) 승차 (휠체어칸)
01,수도권,GU,8,8호선,0072,구리,1,출입구-승강장,1,1,"1) (1F) 4,5,6,7번 출입구"
01,수도권,GU,8,8호선,0072,구리,1,출입구-승강장,1,2,2) 표 내는 곳 통과
01,수도권,GU,8,8호선,0072,구리,1,출입구-승강장,1,3,3) (1F) 환승통로 방향 엘리베이터 탑승
01,수도권,GU,8,8호선,0072,구리,1,출입구-승강장,1,4,4) (B1) 환승통로 엘리베이터 하차
01,수도권,GU,8,8호선,0072,구리,1,출입구-승강장,1,5,5) (B1) 장자호수공원 방면 엘리베이터 탑승
01,수도권,GU,8,8호선,0072,구리,1,출입구-승강장,1,6,6) (B2) 장자호수공원 방면 승강장으로 이동
01,수도권,GU,8,8호선,0072,구리,1,출입구-승강장,1,7,7) 승차 (휠체어칸)
01,수도권,GU,8,8호선,0072,구리,1,출입구-승강장,2,1,"1) (1F) 4,5,6,7번 출입구"
01,수도권,GU,8,8호선,0072,구리,1,출입구-승강장,2,2,2) 표 내는 곳 통과
01,수도권,GU,8,8호선,0072,구리,1,출입구-승강장,2,3,3) (1F) 환승통로 방향 엘리베이터 탑승
01,수도권,GU,8,8호선,0072,구리,1,출입구-승강장,2,4,4) (B1) 환승통로 엘리베이터 하차
01,수도권,GU,8,8호선,0072,구리,1,출입구-승강장,2,5,5) (B1) 동구릉 방면 엘리베이터 탑승
01,수도권,GU,8,8호선,0072,구리,1,출입구-승강장,2,6,6) (B2) 동구릉 방면 승강장으로 이동
01,수도권,GU,8,8호선,0072,구리,1,출입구-승강장,2,7,7) 승차 (휠체어칸)
01,수도권,GU,8,8호선,0072,구리,3,환승,1,1,1) (B2) 8호선 동구릉 방면 승강장 하차
01,수도권,GU,8,8호선,0072,구리,3,환승,1,2,2) (B2) 이동통로 방향 엘리베이터 탑승
01,수도권,GU,8,8호선,0072,구리,3,환승,1,3,3) (B1) 이동통로 엘리베이터 하차
01,수도권,GU,8,8호선,0072,구리,3,환승,1,4,4) (B1) 맞이방 방향 엘리베이터 탑승
01,수도권,GU,8,8호선,0072,구리,3,환승,1,5,5) (1F) 맞이방 엘리베이터  하차
01,수도권,GU,8,8호선,0072,구리,3,환승,1,6,6) (1F) 경의중앙선 도농 방면 엘리베이터 탑승
01,수도권,GU,8,8호선,0072,구리,3,환승,1,7,7) (3F)경의중앙선 도농 방면 승강장
01,수도권,GU,8,8호선,0072,구리,3,환승,1,8,8) 승차 (휠체어칸)
01,수도권,GU,8,8호선,0072,구리,3,환승,2,1,1) (B2) 8호선 동구릉 방면 승강장 하차
01,수도권,GU,8,8호선,0072,구리,3,환승,2,2,2) (B2) 이동통로 방향 엘리베이터 탑승
01,수도권,GU,8,8호선,0072,구리,3,환승,2,3,3) (B1) 이동통로 엘리베이터 하차
01,수도권,GU,8,8호선,0072,구리,3,환승,2,4,4) (B1) 맞이방 방향 엘리베이터 탑승
01,수도권,GU,8,8호선,0072,구리,3,환승,2,5,5) (1F) 맞이방 엘리베이터  하차
01,수도권,GU,8,8호선,0072,구리,3,환승,2,6,6) (1F) 경의중앙선 양원 방면 엘리베이터 탑승
01,수도권,GU,8,8호선,0072,구리,3,환승,2,7,7) (3F) 경의중앙선 양원 방면 승강장
01,수도권,GU,8,8호선,0072,구리,3,환승,2,8,8) 승차 (휠체어칸)
01,수도권,GU,8,8호선,0072,구리,3,환승,3,1,1) (B2) 8호선 장자호수공원 방면 승강장 하차
01,수도권,GU,8,8호선,0072,구리,3,환승,3,2,2) (B2) 이동통로 방향 엘리베이터 탑승
01,수도권,GU,8,8호선,0072,구리,3,환승,3,3,3) (B1) 이동통로 엘리베이터 하차
01,수도권,GU,8,8호선,0072,구리,3,환승,3,4,4) (B1) 맞이방 방향 엘리베이터 탑승
01,수도권,GU,8,8호선,0072,구리,3,환승,3,5,5) (1F) 맞이방 엘리베이터  하차
01,수도권,GU,8,8호선,0072,구리,3,환승,3,6,6) (1F) 경의중앙선 도농 방면 엘리베이터 탑승
01,수도권,GU,8,8호선,0072,구리,3,환승,3,7,7) (3F)경의중앙선 도농 방면 승강장
01,수도권,GU,8,8호선,0072,구리,3,환승,3,8,8) 승차 (휠체어칸)
01,수도권,GU,8,8호선,0072,구리,3,환승,4,1,1) (B2) 8호선 장자호수공원 방면 승강장 하차
01,수도권,GU,8,8호선,0072,구리,3,환승,4,2,2) (B2) 이동통로 방향 엘리베이터 탑승
01,수도권,GU,8,8호선,0072,구리,3,환승,4,3,3) (B1) 이동통로 엘리베이터 하차
01,수도권,GU,8,8호선,0072,구리,3,환승,4,4,4) (B1) 맞이방 방향 엘리베이터 탑승
01,수도권,GU,8,8호선,0072,구리,3,환승,4,5,5) (1F) 맞이방 엘리베이터  하차
01,수도권,GU,8,8호선,0072,구리,3,환승,4,6,6) (1F) 경의중앙선 양원 방면 엘리베이터 탑승
01,수도권,GU,8,8호선,0072,구리,3,환승,4,7,7) (3F) 경의중앙선 양원 방면 승강장
01,수도권,GU,8,8호선,0072,구리,3,환승,4,8,8) 승차 (휠체어칸)
01,수도권,GU,8,8호선,1374,장자호수공원,1,출입구-승강장,1,1,1) (1F) 1번 출입구 근처 엘리베이터 탑승
01,수도권,GU,8,8호선,1374,장자호수공원,1,출입구-승강장,1,2,2) (B1) 지하1층 대합실로 이동
01,수도권,GU,8,8호선,1374,장자호수공원,1,출입구-승강장,1,3,3) 표 내는 곳 통과
01,수도권,GU,8,8호선,1374,장자호수공원,1,출입구-승강장,1,4,4) 암사역사공원 방면 엘리베이터 탑승
01,수도권,GU,8,8호선,1374,장자호수공원,1,출입구-승강장,1,5,5) (B3) 암사역사공원 방면 승강장으로 이동
01,수도권,GU,8,8호선,1374,장자호수공원,1,출입구-승강장,1,6,6) 승차 (휠체어칸)
01,수도권,GU,8,8호선,1374,장자호수공원,1,출입구-승강장,2,1,1) (1F) 1번 출입구 근처 엘리베이터 탑승
01,수도권,GU,8,8호선,1374,장자호수공원,1,출입구-승강장,2,2,2) (B1) 지하1층 대합실로 이동
01,수도권,GU,8,8호선,1374,장자호수공원,1,출입구-승강장,2,3,3) 표 내는 곳 통과
01,수도권,GU,8,8호선,1374,장자호수공원,1,출입구-승강장,2,4,4) 구리 방면 엘리베이터 탑승
01,수도권,GU,8,8호선,1374,장자호수공원,1,출입구-승강장,2,5,5) (B3) 구리 방면 승강장으로 이동
01,수도권,GU,8,8호선,1374,장자호수공원,1,출입구-승강장,2,6,6) 승차 (휠체어칸)
01,수도권,GU,8,8호선,1374,장자호수공원,1,출입구-승강장,3,1,1) (1F) 5번 출입구 근처 엘리베이터 탑승
01,수도권,GU,8,8호선,1374,장자호수공원,1,출입구-승강장,3,2,2) (B1) 지하1층 대합실로 이동
01,수도권,GU,8,8호선,1374,장자호수공원,1,출입구-승강장,3,3,3) 표 내는 곳 통과
01,수도권,GU,8,8호선,1374,장자호수공원,1,출입구-승강장,3,4,4) 암사역사공원 방면 엘리베이터 탑승
01,수도권,GU,8,8호선,1374,장자호수공원,1,출입구-승강장,3,5,5) (B3) 암사역사공원 방면 승강장으로 이동
01,수도권,GU,8,8호선,1374,장자호수공원,1,출입구-승강장,3,6,6) 승차 (휠체어칸)
01,수도권,GU,8,8호선,1374,장자호수공원,1,출입구-승강장,4,1,1) (1F) 5번 출입구 근처 엘리베이터 탑승
01,수도권,GU,8,8호선,1374,장자호수공원,1,출입구-승강장,4,2,2) (B1) 지하1층 대합실로 이동
01,수도권,GU,8,8호선,1374,장자호수공원,1,출입구-승강장,4,3,3) 표 내는 곳 통과
01,수도권,GU,8,8호선,1374,장자호수공원,1,출입구-승강장,4,4,4) 구리 방면 엘리베이터 탑승
01,수도권,GU,8,8호선,1374,장자호수공원,1,출입구-승강장,4,5,5) (B3) 구리 방면 승강장으로 이동
01,수도권,GU,8,8호선,1374,장자호수공원,1,출입구-승강장,4,6,6) 승차 (휠체어칸)
01,수도권,S1,8,8호선,1373,암사역사공원,1,출입구-승강장,1,1,1) (1F) 1번 출입구 근처 엘리베이터 탑승
01,수도권,S1,8,8호선,1373,암사역사공원,1,출입구-승강장,1,2,2) (B1) 지하1층 대합실로 이동
01,수도권,S1,8,8호선,1373,암사역사공원,1,출입구-승강장,1,3,3) 표 내는 곳 통과
01,수도권,S1,8,8호선,1373,암사역사공원,1,출입구-승강장,1,4,4) 암사 방면 엘리베이터 탑승
01,수도권,S1,8,8호선,1373,암사역사공원,1,출입구-승강장,1,5,5) (B2) 암사 방면 승강장으로 이동
01,수도권,S1,8,8호선,1373,암사역사공원,1,출입구-승강장,1,6,6) 승차 (휠체어칸)
01,수도권,S1,8,8호선,1373,암사역사공원,1,출입구-승강장,2,1,1) (1F) 3번 출입구 근처 엘리베이터 탑승
01,수도권,S1,8,8호선,1373,암사역사공원,1,출입구-승강장,2,2,2) (B1) 지하1층 대합실로 이동
01,수도권,S1,8,8호선,1373,암사역사공원,1,출입구-승강장,2,3,3) 표 내는 곳 통과
01,수도권,S1,8,8호선,1373,암사역사공원,1,출입구-승강장,2,4,4) 암사 방면 엘리베이터 탑승
01,수도권,S1,8,8호선,1373,암사역사공원,1,출입구-승강장,2,5,5) (B2) 암사 방면 승강장으로 이동
01,수도권,S1,8,8호선,1373,암사역사공원,1,출입구-승강장,2,6,6) 승차 (휠체어칸)
01,수도권,S1,8,8호선,1373,암사역사공원,1,출입구-승강장,3,1,1) (1F) 1번 출입구 근처 엘리베이터 탑승
01,수도권,S1,8,8호선,1373,암사역사공원,1,출입구-승강장,3,2,2) (B1) 지하1층 대합실로 이동
01,수도권,S1,8,8호선,1373,암사역사공원,1,출입구-승강장,3,3,3) 표 내는 곳 통과
01,수도권,S1,8,8호선,1373,암사역사공원,1,출입구-승강장,3,4,4) 장자호수공원 방면 엘리베이터 탑승
01,수도권,S1,8,8호선,1373,암사역사공원,1,출입구-승강장,3,5,5) (B2) 장자호수공원 방면 승강장으로 이동
01,수도권,S1,8,8호선,1373,암사역사공원,1,출입구-승강장,3,6,6) 승차 (휠체어칸)
01,수도권,S1,8,8호선,1373,암사역사공원,1,출입구-승강장,4,1,1) (1F) 3번 출입구 근처 엘리베이터 탑승
01,수도권,S1,8,8호선,1373,암사역사공원,1,출입구-승강장,4,2,2) (B1) 지하1층 대합실로 이동
01,수도권,S1,8,8호선,1373,암사역사공원,1,출입구-승강장,4,3,3) 표 내는 곳 통과
01,수도권,S1,8,8호선,1373,암사역사공원,1,출입구-승강장,4,4,4) 장자호수공원 방면 엘리베이터 탑승
01,수도권,S1,8,8호선,1373,암사역사공원,1,출입구-승강장,4,5,5) (B2) 장자호수공원 방면 승강장으로 이동
01,수도권,S1,8,8호선,1373,암사역사공원,1,출입구-승강장,4,6,6) 승차 (휠체어칸)
01,수도권,S1,8,8호선,0391,암사,1,출입구-승강장,1,1,1) (1F) 3번 출구 뒷편 엘리베이터 탑승
01,수도권,S1,8,8호선,0391,암사,1,출입구-승강장,1,2,2) (B1) 대합실로 이동
01,수도권,S1,8,8호선,0391,암사,1,출입구-승강장,1,3,3) 표 내는 곳 통과
01,수도권,S1,8,8호선,0391,암사,1,출입구-승강장,1,4,4) 천호 방면 엘리베이터 탑승
01,수도권,S1,8,8호선,0391,암사,1,출입구-승강장,1,5,5) (B2) 천호 방면 승강장으로 이동
01,수도권,S1,8,8호선,0391,암사,1,출입구-승강장,1,6,6) 승차 (휠체어칸)
01,수도권,S1,8,8호선,0391,암사,1,출입구-승강장,2,1,1) (1F) 3번 출구 뒷편 엘리베이터 탑승
01,수도권,S1,8,8호선,0391,암사,1,출입구-승강장,2,2,2) (B1) 대합실로 이동
01,수도권,S1,8,8호선,0391,암사,1,출입구-승강장,2,3,3) 표 내는 곳 통과
01,수도권,S1,8,8호선,0391,암사,1,출입구-승강장,2,4,4) 암사역사공원 방면 엘리베이터 탑승
01,수도권,S1,8,8호선,0391,암사,1,출입구-승강장,2,5,5) (B2) 암사역사공원 방면 승강장으로 이동
01,수도권,S1,8,8호선,0391,암사,1,출입구-승강장,2,6,6) 승차 (휠체어칸)
01,수도권,S1,8,8호선,0546,천호,1,출입구-승강장,1,1,1) (1F) 6번 출입구 옆 엘리베이터 탑승
01,수도권,S1,8,8호선,0546,천호,1,출입구-승강장,1,2,2) (B1) 대합실로 이동
01,수도권,S1,8,8호선,0546,천호,1,출입구-승강장,1,3,3) 표 내는 곳 통과
01,수도권,S1,8,8호선,0546,천호,1,출입구-승강장,1,4,4) 암사 방면 엘리베이터 탑승
01,수도권,S1,8,8호선,0546,천호,1,출입구-승강장,1,5,5) (B2) 암사 방면 승강장으로 이동
01,수도권,S1,8,8호선,0546,천호,1,출입구-승강장,1,6,6) 승차 (휠체어칸)
01,수도권,S1,8,8호선,0546,천호,1,출입구-승강장,2,1,1) (1F) 6번 출입구 옆 엘리베이터 탑승
01,수도권,S1,8,8호선,0546,천호,1,출입구-승강장,2,2,2) (B1) 대합실로 이동
01,수도권,S1,8,8호선,0546,천호,1,출입구-승강장,2,3,3) 표 내는 곳 통과
01,수도권,S1,8,8호선,0546,천호,1,출입구-승강장,2,4,4) 강동구청 방면 엘리베이터 탑승
01,수도권,S1,8,8호선,0546,천호,1,출입구-승강장,2,5,5) (B2) 강동구청 방면 승강장으로 이동
01,수도권,S1,8,8호선,0546,천호,1,출입구-승강장,2,6,6) 승차 (휠체어칸)
01,수도권,S1,8,8호선,0546,천호,3,환승,1,1,1) (B2) B1 방면 엘리베이터 탑승
01,수도권,S1,8,8호선,0546,천호,3,환승,1,2,2) (B1) 대합실로 이동
01,수도권,S1,8,8호선,0546,천호,3,환승,1,3,3) 5호선 게이트 지나 B1층 화장실 맞은 편 엘리베이터 탑승
01,수도권,S1,8,8호선,0546,천호,3,환승,1,4,4) (B2) 대합실 방향 엘리베이터 탑승 
01,수도권,S1,8,8호선,0546,천호,3,환승,1,5,5) (B2) 대합실로 이동
01,수도권,S1,8,8호선,0546,천호,3,환승,1,6,6) 광나루 방면 엘리베이터 탑승
01,수도권,S1,8,8호선,0546,천호,3,환승,1,7,7) (B3) 광나루 방면 승강장으로 이동
01,수도권,S1,8,8호선,0546,천호,3,환승,1,8,8) 승차(휠체어칸)
01,수도권,S1,8,8호선,0546,천호,3,환승,2,1,1) (B2) B1 방면 엘리베이터 탑승
01,수도권,S1,8,8호선,0546,천호,3,환승,2,2,2) (B1) 대합실로 이동
01,수도권,S1,8,8호선,0546,천호,3,환승,2,3,3) 5호선 게이트 지나 B1층 화장실 맞은 편 엘리베이터 탑승 
01,수도권,S1,8,8호선,0546,천호,3,환승,2,4,4) (B2) 대합실 방향 엘리베이터 탑승 
01,수도권,S1,8,8호선,0546,천호,3,환승,2,5,5) (B2) 대합실로 이동
01,수도권,S1,8,8호선,0546,천호,3,환승,2,6,6) 강동 방면 엘리베이터 탑승
01,수도권,S1,8,8호선,0546,천호,3,환승,2,7,7) (B3) 강동 방면 승강장으로 이동
01,수도권,S1,8,8호선,0546,천호,3,환승,2,8,8) 승차(휠체어칸)
01,수도권,S1,8,8호선,0546,천호,3,환승,3,1,1) (B2) B1 방면 엘리베이터 탑승
01,수도권,S1,8,8호선,0546,천호,3,환승,3,2,2) (B1) 대합실로 이동
01,수도권,S1,8,8호선,0546,천호,3,환승,3,3,3) 5호선 게이트 지나 B1층 화장실 맞은 편 엘리베이터 탑승 
01,수도권,S1,8,8호선,0546,천호,3,환승,3,4,4) (B2) 대합실 방향 엘리베이터 탑승 
01,수도권,S1,8,8호선,0546,천호,3,환승,3,5,5) (B2) 대합실로 이동
01,수도권,S1,8,8호선,0546,천호,3,환승,3,6,6) 광나루 방면 엘리베이터 탑승
01,수도권,S1,8,8호선,0546,천호,3,환승,3,7,7) (B3) 광나루 방면 승강장으로 이동
01,수도권,S1,8,8호선,0546,천호,3,환승,3,8,8) 승차(휠체어칸)
01,수도권,S1,8,8호선,0546,천호,3,환승,4,1,1) (B2) B1 방면 엘리베이터 탑승
01,수도권,S1,8,8호선,0546,천호,3,환승,4,2,2) (B1) 대합실로 이동
01,수도권,S1,8,8호선,0546,천호,3,환승,4,3,3) 5호선 게이트 지나 B1층 화장실 맞은 편 엘리베이터 탑승 
01,수도권,S1,8,8호선,0546,천호,3,환승,4,4,4) (B2) 대합실 방향 엘리베이터 탑승 
01,수도권,S1,8,8호선,0546,천호,3,환승,4,5,5) (B2) 대합실로 이동
01,수도권,S1,8,8호선,0546,천호,3,환승,4,6,6) 강동 방면 엘리베이터 탑승
01,수도권,S1,8,8호선,0546,천호,3,환승,4,7,7) (B3) 강동 방면 승강장으로 이동
01,수도권,S1,8,8호선,0546,천호,3,환승,4,8,8) 승차(휠체어칸)
01,수도권,S1,8,8호선,0021,강동구청,1,출입구-승강장,1,1,1) (1F) 4번 출입구 옆 엘리베이터 탑승
01,수도권,S1,8,8호선,0021,강동구청,1,출입구-승강장,1,2,2) (B2) 대합실로 이동
01,수도권,S1,8,8호선,0021,강동구청,1,출입구-승강장,1,3,3) 표 내는 곳 통과
01,수도권,S1,8,8호선,0021,강동구청,1,출입구-승강장,1,4,4) 천호 방면 엘리베이터 탑승
01,수도권,S1,8,8호선,0021,강동구청,1,출입구-승강장,1,5,5) (B3) 천호 방면 승강장으로 이동
01,수도권,S1,8,8호선,0021,강동구청,1,출입구-승강장,1,6,6) 승차 (휠체어칸)
01,수도권,S1,8,8호선,0021,강동구청,1,출입구-승강장,2,1,1) (1F) 4번 출입구 옆 엘리베이터 탑승
01,수도권,S1,8,8호선,0021,강동구청,1,출입구-승강장,2,2,2) (B2) 대합실로 이동
01,수도권,S1,8,8호선,0021,강동구청,1,출입구-승강장,2,3,3) 표 내는 곳 통과
01,수도권,S1,8,8호선,0021,강동구청,1,출입구-승강장,2,4,4) 몽촌토성 방면 엘리베이터 탑승
01,수도권,S1,8,8호선,0021,강동구청,1,출입구-승강장,2,5,5) (B3) 몽촌토성 방면 승강장으로 이동
01,수도권,S1,8,8호선,0021,강동구청,1,출입구-승강장,2,6,6) 승차 (휠체어칸)
01,수도권,S1,8,8호선,0204,몽촌토성,1,출입구-승강장,1,1,1) (1F) 4번 출입구 옆 엘리베이터 탑승
01,수도권,S1,8,8호선,0204,몽촌토성,1,출입구-승강장,1,2,2) (B1) 대합실로 이동
01,수도권,S1,8,8호선,0204,몽촌토성,1,출입구-승강장,1,3,3) 엘리베이터 탑승
01,수도권,S1,8,8호선,0204,몽촌토성,1,출입구-승강장,1,4,4) (B2) 대합실로 이동
01,수도권,S1,8,8호선,0204,몽촌토성,1,출입구-승강장,1,5,5) 표 내는 곳 통과
01,수도권,S1,8,8호선,0204,몽촌토성,1,출입구-승강장,1,6,6) 강동구청 방면 엘리베이터 탑승
01,수도권,S1,8,8호선,0204,몽촌토성,1,출입구-승강장,1,7,7) (B3) 강동구청 방면 승강장으로 이동
01,수도권,S1,8,8호선,0204,몽촌토성,1,출입구-승강장,1,8,8) 승차 (휠체어칸)
01,수도권,S1,8,8호선,0204,몽촌토성,1,출입구-승강장,2,1,1) (1F) 4번 출입구 옆 엘리베이터 탑승
01,수도권,S1,8,8호선,0204,몽촌토성,1,출입구-승강장,2,2,2) (B1) 대합실로 이동
01,수도권,S1,8,8호선,0204,몽촌토성,1,출입구-승강장,2,3,3) 엘리베이터 탑승
01,수도권,S1,8,8호선,0204,몽촌토성,1,출입구-승강장,2,4,4) (B2) 대합실로 이동
01,수도권,S1,8,8호선,0204,몽촌토성,1,출입구-승강장,2,5,5) 표 내는 곳 통과
01,수도권,S1,8,8호선,0204,몽촌토성,1,출입구-승강장,2,6,6) 잠실 방면 엘리베이터 탑승
01,수도권,S1,8,8호선,0204,몽촌토성,1,출입구-승강장,2,7,7) (B3) 잠실 방면 승강장으로 이동
01,수도권,S1,8,8호선,0204,몽촌토성,1,출입구-승강장,2,8,8) 승차 (휠체어칸)
01,수도권,S1,8,8호선,0497,잠실,1,출입구-승강장,1,1,1) (1F) 9번 출입구 옆 엘리베이터 탑승
01,수도권,S1,8,8호선,0497,잠실,1,출입구-승강장,1,2,2) (B1) 대합실로 이동
01,수도권,S1,8,8호선,0497,잠실,1,출입구-승강장,1,3,3) 몽촌토성 방면 엘리베이터 탑승
01,수도권,S1,8,8호선,0497,잠실,1,출입구-승강장,1,4,4) (B3) 몽촌토성 방면 승강장으로 이동
01,수도권,S1,8,8호선,0497,잠실,1,출입구-승강장,1,5,5) 승차 (휠체어칸)
01,수도권,S1,8,8호선,0497,잠실,1,출입구-승강장,2,1,1) (1F) 9번 출입구 옆 엘리베이터 탑승
01,수도권,S1,8,8호선,0497,잠실,1,출입구-승강장,2,2,2) (B1) 대합실로 이동
01,수도권,S1,8,8호선,0497,잠실,1,출입구-승강장,2,3,3) 석촌 방면 엘리베이터 탑승
01,수도권,S1,8,8호선,0497,잠실,1,출입구-승강장,2,4,4) (B3) 석촌 방면 승강장으로 이동
01,수도권,S1,8,8호선,0497,잠실,1,출입구-승강장,2,5,5) 승차 (휠체어칸)
01,수도권,S1,8,8호선,0497,잠실,1,출입구-승강장,3,1,1) (1F) 10번 출입구 옆 엘리베이터 탑승
01,수도권,S1,8,8호선,0497,잠실,1,출입구-승강장,3,2,2) (B1) 대합실로 이동
01,수도권,S1,8,8호선,0497,잠실,1,출입구-승강장,3,3,3) 몽촌토성 방면 엘리베이터 탑승
01,수도권,S1,8,8호선,0497,잠실,1,출입구-승강장,3,4,4) (B3) 몽촌토성 방면 승강장으로 이동
01,수도권,S1,8,8호선,0497,잠실,1,출입구-승강장,3,5,5) 승차 (휠체어칸)
01,수도권,S1,8,8호선,0497,잠실,1,출입구-승강장,4,1,1) (1F) 10번 출입구 옆 엘리베이터 탑승
01,수도권,S1,8,8호선,0497,잠실,1,출입구-승강장,4,2,2) (B1) 대합실로 이동
01,수도권,S1,8,8호선,0497,잠실,1,출입구-승강장,4,3,3) 석촌 방면 엘리베이터 탑승
01,수도권,S1,8,8호선,0497,잠실,1,출입구-승강장,4,4,4) (B3) 석촌 방면 승강장으로 이동
01,수도권,S1,8,8호선,0497,잠실,1,출입구-승강장,4,5,5) 승차 (휠체어칸)
01,수도권,S1,8,8호선,0497,잠실,3,환승,1,1,1) (B3) 8호선 몽촌토성 방면 승강장 하차
01,수도권,S1,8,8호선,0497,잠실,3,환승,1,2,2) 대합실 방향 엘리베이터 탑승
01,수도권,S1,8,8호선,0497,잠실,3,환승,1,3,3) (B1) 2호선 대합실로 이동
01,수도권,S1,8,8호선,0497,잠실,3,환승,1,4,4) 2호선 잠실나루 방면 엘리베이터 탑승
01,수도권,S1,8,8호선,0497,잠실,3,환승,1,5,5) (B2) 2호선 잠실나루 방면 승강장으로 이동
01,수도권,S1,8,8호선,0497,잠실,3,환승,1,6,6) 승차 (휠체어칸)
01,수도권,S1,8,8호선,0497,잠실,3,환승,2,1,1) (B3) 8호선 몽촌토성 방면 승강장 하차
01,수도권,S1,8,8호선,0497,잠실,3,환승,2,2,2) 대합실 방향 엘리베이터 탑승
01,수도권,S1,8,8호선,0497,잠실,3,환승,2,3,3) (B1) 2호선 대합실로 이동
01,수도권,S1,8,8호선,0497,잠실,3,환승,2,4,4) 2호선 잠실새내 방면 엘리베이터 탑승
01,수도권,S1,8,8호선,0497,잠실,3,환승,2,5,5) (B2) 2호선 잠실새내 방면 승강장으로 이동
01,수도권,S1,8,8호선,0497,잠실,3,환승,2,6,6) 승차 (휠체어칸)
01,수도권,S1,8,8호선,0497,잠실,3,환승,3,1,1) (B3) 8호선 석촌 방면 승강장 하차
01,수도권,S1,8,8호선,0497,잠실,3,환승,3,2,2) 대합실 방향 엘리베이터 탑승
01,수도권,S1,8,8호선,0497,잠실,3,환승,3,3,3) (B1) 2호선 대합실로 이동
01,수도권,S1,8,8호선,0497,잠실,3,환승,3,4,4) 2호선 잠실나루 방면 엘리베이터 탑승
01,수도권,S1,8,8호선,0497,잠실,3,환승,3,5,5) (B2) 2호선 잠실나루 방면 승강장으로 이동
01,수도권,S1,8,8호선,0497,잠실,3,환승,3,6,6) 승차 (휠체어칸)
01,수도권,S1,8,8호선,0497,잠실,3,환승,4,1,1) (B3) 8호선 석촌 방면 승강장 하차
01,수도권,S1,8,8호선,0497,잠실,3,환승,4,2,2) 대합실 방향 엘리베이터 탑승
01,수도권,S1,8,8호선,0497,잠실,3,환승,4,3,3) (B1) 2호선 대합실로 이동
01,수도권,S1,8,8호선,0497,잠실,3,환승,4,4,4) 2호선 잠실새내 방면 엘리베이터 탑승
01,수도권,S1,8,8호선,0497,잠실,3,환승,4,5,5) (B2) 2호선 잠실새내 방면 승강장으로 이동
01,수도권,S1,8,8호선,0497,잠실,3,환승,4,6,6) 승차 (휠체어칸)
01,수도권,S1,8,8호선,0305,석촌,1,출입구-승강장,1,1,1) (1F) 1번 출입구 옆 엘리베이터 탑승
01,수도권,S1,8,8호선,0305,석촌,1,출입구-승강장,1,2,2) (B1) 대합실로 이동
01,수도권,S1,8,8호선,0305,석촌,1,출입구-승강장,1,3,3) 표 내는 곳 통과
01,수도권,S1,8,8호선,0305,석촌,1,출입구-승강장,1,4,4) 잠실 방면 엘리베이터 탑승
01,수도권,S1,8,8호선,0305,석촌,1,출입구-승강장,1,5,5) (B2) 잠실 방면 승강장으로 이동
01,수도권,S1,8,8호선,0305,석촌,1,출입구-승강장,1,6,6) 승차 (휠체어칸)
01,수도권,S1,8,8호선,0305,석촌,1,출입구-승강장,2,1,1) (1F) 1번 출입구 옆 엘리베이터 탑승
01,수도권,S1,8,8호선,0305,석촌,1,출입구-승강장,2,2,2) (B1) 대합실로 이동
01,수도권,S1,8,8호선,0305,석촌,1,출입구-승강장,2,3,3) 표 내는 곳 통과
01,수도권,S1,8,8호선,0305,석촌,1,출입구-승강장,2,4,4) 송파 방면 엘리베이터 탑승
01,수도권,S1,8,8호선,0305,석촌,1,출입구-승강장,2,5,5) (B2) 송파 방면 승강장으로 이동
01,수도권,S1,8,8호선,0305,석촌,1,출입구-승강장,2,6,6) 승차 (휠체어칸)
01,수도권,S1,8,8호선,0305,석촌,1,출입구-승강장,3,1,1) (1F) 5번 출입구 옆 엘리베이터 탑승
01,수도권,S1,8,8호선,0305,석촌,1,출입구-승강장,3,2,2) (B1) 대합실로 이동
01,수도권,S1,8,8호선,0305,석촌,1,출입구-승강장,3,3,3) 표 내는 곳 통과
01,수도권,S1,8,8호선,0305,석촌,1,출입구-승강장,3,4,4) 잠실 방면 엘리베이터 탑승
01,수도권,S1,8,8호선,0305,석촌,1,출입구-승강장,3,5,5) (B2) 잠실 방면 승강장으로 이동
01,수도권,S1,8,8호선,0305,석촌,1,출입구-승강장,3,6,6) 승차 (휠체어칸)
01,수도권,S1,8,8호선,0305,석촌,1,출입구-승강장,4,1,1) (1F) 5번 출입구 옆 엘리베이터 탑승
01,수도권,S1,8,8호선,0305,석촌,1,출입구-승강장,4,2,2) (B1) 대합실로 이동
01,수도권,S1,8,8호선,0305,석촌,1,출입구-승강장,4,3,3) 표 내는 곳 통과
01,수도권,S1,8,8호선,0305,석촌,1,출입구-승강장,4,4,4) 송파 방면 엘리베이터 탑승
01,수도권,S1,8,8호선,0305,석촌,1,출입구-승강장,4,5,5) (B2) 송파 방면 승강장으로 이동
01,수도권,S1,8,8호선,0305,석촌,1,출입구-승강장,4,6,6) 승차 (휠체어칸)
01,수도권,S1,8,8호선,0305,석촌,3,환승,1,1,1) (B2) 8호선 잠실 방면 승강장 하차
01,수도권,S1,8,8호선,0305,석촌,3,환승,1,2,2) 9호선 승강장 방향 환승 엘리베이터 탑승
01,수도권,S1,8,8호선,0305,석촌,3,환승,1,3,3) (B4) 9호선 송파나루 방면 승강장으로 이동
01,수도권,S1,8,8호선,0305,석촌,3,환승,1,4,4) 승차 (휠체어칸)
01,수도권,S1,8,8호선,0305,석촌,3,환승,2,1,1) (B2) 8호선 잠실 방면 승강장 하차
01,수도권,S1,8,8호선,0305,석촌,3,환승,2,2,2) 9호선 승강장 방향 환승 엘리베이터 탑승
01,수도권,S1,8,8호선,0305,석촌,3,환승,2,3,3) (B4) 9호선 석촌고분 방면 승강장으로 이동
01,수도권,S1,8,8호선,0305,석촌,3,환승,2,4,4) 승차 (휠체어칸)
01,수도권,S1,8,8호선,0305,석촌,3,환승,3,1,1) (B2) 8호선 송파 방면 승강장 하차
01,수도권,S1,8,8호선,0305,석촌,3,환승,3,2,2) 9호선 대합실 방향 환승 엘리베이터 탑승
01,수도권,S1,8,8호선,0305,석촌,3,환승,3,3,3) (B3) 9호선 대합실로 이동
01,수도권,S1,8,8호선,0305,석촌,3,환승,3,4,4) 승강장 방향 엘리베이터 탑승
01,수도권,S1,8,8호선,0305,석촌,3,환승,3,5,5) (B4) 9호선 송파나루 방면 승강장으로 이동
01,수도권,S1,8,8호선,0305,석촌,3,환승,3,6,6) 승차 (휠체어칸)
01,수도권,S1,8,8호선,0305,석촌,3,환승,4,1,1) (B2) 8호선 송파 방면 승강장 하차
01,수도권,S1,8,8호선,0305,석촌,3,환승,4,2,2) 9호선 대합실 방향 환승 엘리베이터 탑승
01,수도권,S1,8,8호선,0305,석촌,3,환승,4,3,3) (B3) 9호선 대합실로 이동
01,수도권,S1,8,8호선,0305,석촌,3,환승,4,4,4) 승강장 방향 엘리베이터 탑승
01,수도권,S1,8,8호선,0305,석촌,3,환승,4,5,5) (B4) 9호선 석촌고분 방면 승강장으로 이동
01,수도권,S1,8,8호선,0305,석촌,3,환승,4,6,6) 승차 (휠체어칸)
01,수도권,S1,8,8호선,0332,송파,1,출입구-승강장,1,1,1) (1F) 2번 출입구 옆 엘리베이터 탑승
01,수도권,S1,8,8호선,0332,송파,1,출입구-승강장,1,2,2) (B1) 대합실로 이동
01,수도권,S1,8,8호선,0332,송파,1,출입구-승강장,1,3,3) 표 내는 곳 통과
01,수도권,S1,8,8호선,0332,송파,1,출입구-승강장,1,4,4) 석촌 방면 엘리베이터 탑승
01,수도권,S1,8,8호선,0332,송파,1,출입구-승강장,1,5,5) (B2) 석촌 방면 승강장으로 이동
01,수도권,S1,8,8호선,0332,송파,1,출입구-승강장,1,6,"6) 승차 (1-4, 4-1 휠체어칸)"
01,수도권,S1,8,8호선,0332,송파,1,출입구-승강장,2,1,1) (1F) 2번 출입구 옆 엘리베이터 탑승
01,수도권,S1,8,8호선,0332,송파,1,출입구-승강장,2,2,2) (B1) 대합실로 이동
01,수도권,S1,8,8호선,0332,송파,1,출입구-승강장,2,3,3) 표 내는 곳 통과
01,수도권,S1,8,8호선,0332,송파,1,출입구-승강장,2,4,4) 가락시장 방면 엘리베이터 탑승
01,수도권,S1,8,8호선,0332,송파,1,출입구-승강장,2,5,5) (B2) 가락시장 방면 승강장으로 이동
01,수도권,S1,8,8호선,0332,송파,1,출입구-승강장,2,6,"6) 승차 (1-4, 4-1 휠체어칸)"
01,수도권,S1,8,8호선,0332,송파,1,출입구-승강장,3,1,1) (1F) 4번 출입구 근처 엘리베이터 탑승
01,수도권,S1,8,8호선,0332,송파,1,출입구-승강장,3,2,2) (B1) 대합실로 이동
01,수도권,S1,8,8호선,0332,송파,1,출입구-승강장,3,3,3) 표 내는 곳 통과
01,수도권,S1,8,8호선,0332,송파,1,출입구-승강장,3,4,4) 석촌 방면 엘리베이터 탑승
01,수도권,S1,8,8호선,0332,송파,1,출입구-승강장,3,5,5) (B2) 석촌 방면 승강장으로 이동
01,수도권,S1,8,8호선,0332,송파,1,출입구-승강장,3,6,"6) 승차 (1-4, 4-1 휠체어칸)"
01,수도권,S1,8,8호선,0332,송파,1,출입구-승강장,4,1,1) (1F) 4번 출입구 근처 엘리베이터 탑승
01,수도권,S1,8,8호선,0332,송파,1,출입구-승강장,4,2,2) (B1) 대합실로 이동
01,수도권,S1,8,8호선,0332,송파,1,출입구-승강장,4,3,3) 표 내는 곳 통과
01,수도권,S1,8,8호선,0332,송파,1,출입구-승강장,4,4,4) 가락시장 방면 엘리베이터 탑승
01,수도권,S1,8,8호선,0332,송파,1,출입구-승강장,4,5,5) (B2) 가락시장 방면 승강장으로 이동
01,수도권,S1,8,8호선,0332,송파,1,출입구-승강장,4,6,"6) 승차 (1-4, 4-1 휠체어칸)"
01,수도권,S1,8,8호선,0003,가락시장,1,출입구-승강장,1,1,1) (1F) 1번 출입구 옆 엘리베이터 탑승
01,수도권,S1,8,8호선,0003,가락시장,1,출입구-승강장,1,2,2) (B1) 대합실로 이동
01,수도권,S1,8,8호선,0003,가락시장,1,출입구-승강장,1,3,3) 표 내는 곳 통과
01,수도권,S1,8,8호선,0003,가락시장,1,출입구-승강장,1,4,4) 송파 방면 엘리베이터 탑승
01,수도권,S1,8,8호선,0003,가락시장,1,출입구-승강장,1,5,5) (B2) 송파 방면 승강장으로 이동
01,수도권,S1,8,8호선,0003,가락시장,1,출입구-승강장,1,6,6) 승차 (휠체어칸)
01,수도권,S1,8,8호선,0003,가락시장,1,출입구-승강장,2,1,1) (1F) 1번 출입구 옆 엘리베이터 탑승
01,수도권,S1,8,8호선,0003,가락시장,1,출입구-승강장,2,2,2) (B1) 대합실로 이동
01,수도권,S1,8,8호선,0003,가락시장,1,출입구-승강장,2,3,3) 표 내는 곳 통과
01,수도권,S1,8,8호선,0003,가락시장,1,출입구-승강장,2,4,4) 문정 방면 엘리베이터 탑승
01,수도권,S1,8,8호선,0003,가락시장,1,출입구-승강장,2,5,5) (B2) 문정 방면 승강장으로 이동
01,수도권,S1,8,8호선,0003,가락시장,1,출입구-승강장,2,6,6) 승차 (휠체어칸)
01,수도권,S1,8,8호선,0003,가락시장,1,출입구-승강장,3,1,1) (1F) 4번 출입구 옆 엘리베이터 탑승
01,수도권,S1,8,8호선,0003,가락시장,1,출입구-승강장,3,2,2) (B1) 대합실로 이동
01,수도권,S1,8,8호선,0003,가락시장,1,출입구-승강장,3,3,3) 표 내는 곳 통과
01,수도권,S1,8,8호선,0003,가락시장,1,출입구-승강장,3,4,4) 송파 방면 엘리베이터 탑승
01,수도권,S1,8,8호선,0003,가락시장,1,출입구-승강장,3,5,5) (B2) 송파 방면 승강장으로 이동
01,수도권,S1,8,8호선,0003,가락시장,1,출입구-승강장,3,6,6) 승차 (휠체어칸)
01,수도권,S1,8,8호선,0003,가락시장,1,출입구-승강장,4,1,1) (1F) 4번 출입구 옆 엘리베이터 탑승
01,수도권,S1,8,8호선,0003,가락시장,1,출입구-승강장,4,2,2) (B1) 대합실로 이동
01,수도권,S1,8,8호선,0003,가락시장,1,출입구-승강장,4,3,3) 표 내는 곳 통과
01,수도권,S1,8,8호선,0003,가락시장,1,출입구-승강장,4,4,4) 문정 방면 엘리베이터 탑승
01,수도권,S1,8,8호선,0003,가락시장,1,출입구-승강장,4,5,5) (B2) 문정 방면 승강장으로 이동
01,수도권,S1,8,8호선,0003,가락시장,1,출입구-승강장,4,6,6) 승차 (휠체어칸)
01,수도권,S1,8,8호선,0003,가락시장,1,출입구-승강장,5,1,1) (1F) 7번 출입구 옆 엘리베이터 탑승
01,수도권,S1,8,8호선,0003,가락시장,1,출입구-승강장,5,2,2) (B2) 3호선 대합실로 이동
01,수도권,S1,8,8호선,0003,가락시장,1,출입구-승강장,5,3,3) 8호선 대합실 방향 엘리베이터 탑승
01,수도권,S1,8,8호선,0003,가락시장,1,출입구-승강장,5,4,4) (B1) 8호선 대합실 이동
01,수도권,S1,8,8호선,0003,가락시장,1,출입구-승강장,5,5,5) 표 내는 곳 통과
01,수도권,S1,8,8호선,0003,가락시장,1,출입구-승강장,5,6,6) 송파 방면 엘리베이터 탑승
01,수도권,S1,8,8호선,0003,가락시장,1,출입구-승강장,5,7,7) (B2) 송파 방면 승강장으로 이동
01,수도권,S1,8,8호선,0003,가락시장,1,출입구-승강장,5,8,8) 승차 (휠체어칸)
01,수도권,S1,8,8호선,0003,가락시장,1,출입구-승강장,6,1,1) (1F) 7번 출입구 옆 엘리베이터 탑승
01,수도권,S1,8,8호선,0003,가락시장,1,출입구-승강장,6,2,2) (B2) 3호선 대합실로 이동
01,수도권,S1,8,8호선,0003,가락시장,1,출입구-승강장,6,3,3) 8호선 대합실 방향 엘리베이터 탑승
01,수도권,S1,8,8호선,0003,가락시장,1,출입구-승강장,6,4,4) (B1) 8호선 대합실 이동
01,수도권,S1,8,8호선,0003,가락시장,1,출입구-승강장,6,5,5) 표 내는 곳 통과
01,수도권,S1,8,8호선,0003,가락시장,1,출입구-승강장,6,6,6) 문정 방면 엘리베이터 탑승
01,수도권,S1,8,8호선,0003,가락시장,1,출입구-승강장,6,7,7) (B2) 문정 방면 승강장으로 이동
01,수도권,S1,8,8호선,0003,가락시장,1,출입구-승강장,6,8,8) 승차 (휠체어칸)
01,수도권,S1,8,8호선,0003,가락시장,3,환승,1,1,1) (B2) 8호선 송파 방면 승강장 하차
01,수도권,S1,8,8호선,0003,가락시장,3,환승,1,2,2) 3호선 방향 환승 엘리베이터 탑승
01,수도권,S1,8,8호선,0003,가락시장,3,환승,1,3,3) 환승통로로 이동
01,수도권,S1,8,8호선,0003,가락시장,3,환승,1,4,4) 3호선 대합실로 이동
01,수도권,S1,8,8호선,0003,가락시장,3,환승,1,5,5) 3호선 수서 방면 엘리베이터 탑승
01,수도권,S1,8,8호선,0003,가락시장,3,환승,1,6,6) (B4) 3호선 수서 방면 승강장으로 이동
01,수도권,S1,8,8호선,0003,가락시장,3,환승,1,7,7) 승차 (휠체어칸)
01,수도권,S1,8,8호선,0003,가락시장,3,환승,2,1,1) (B2) 8호선 송파 방면 승강장 하차
01,수도권,S1,8,8호선,0003,가락시장,3,환승,2,2,2) 3호선 방향 환승 엘리베이터 탑승
01,수도권,S1,8,8호선,0003,가락시장,3,환승,2,3,3) 환승통로로 이동
01,수도권,S1,8,8호선,0003,가락시장,3,환승,2,4,4) 3호선 대합실로 이동
01,수도권,S1,8,8호선,0003,가락시장,3,환승,2,5,5) 3호선 경찰병원 방면 엘리베이터 탑승
01,수도권,S1,8,8호선,0003,가락시장,3,환승,2,6,6) (B4) 3호선 경찰병원 방면 승강장으로 이동
01,수도권,S1,8,8호선,0003,가락시장,3,환승,2,7,7) 승차 (휠체어칸)
01,수도권,S1,8,8호선,0003,가락시장,3,환승,3,1,1) (B2) 8호선 문정 방면 승강장 하차
01,수도권,S1,8,8호선,0003,가락시장,3,환승,3,2,2) 3호선 방향 환승 엘리베이터 탑승
01,수도권,S1,8,8호선,0003,가락시장,3,환승,3,3,3) 환승통로로 이동
01,수도권,S1,8,8호선,0003,가락시장,3,환승,3,4,4) 3호선 대합실로 이동
01,수도권,S1,8,8호선,0003,가락시장,3,환승,3,5,5) 3호선 수서 방면 엘리베이터 탑승
01,수도권,S1,8,8호선,0003,가락시장,3,환승,3,6,6) (B4) 3호선 수서 방면 승강장으로 이동
01,수도권,S1,8,8호선,0003,가락시장,3,환승,3,7,7) 승차 (휠체어칸)
01,수도권,S1,8,8호선,0003,가락시장,3,환승,4,1,1) (B2) 8호선 문정 방면 승강장 하차
01,수도권,S1,8,8호선,0003,가락시장,3,환승,4,2,2) 3호선 방향 환승 엘리베이터 탑승
01,수도권,S1,8,8호선,0003,가락시장,3,환승,4,3,3) 환승통로로 이동
01,수도권,S1,8,8호선,0003,가락시장,3,환승,4,4,4) 3호선 대합실로 이동
01,수도권,S1,8,8호선,0003,가락시장,3,환승,4,5,5) 3호선 경찰병원 방면 엘리베이터 탑승
01,수도권,S1,8,8호선,0003,가락시장,3,환승,4,6,6) (B4) 3호선 경찰병원 방면 승강장으로 이동
01,수도권,S1,8,8호선,0003,가락시장,3,환승,4,7,7) 승차 (휠체어칸)
01,수도권,S1,8,8호선,0208,문정,1,출입구-승강장,1,1,1) (1F) 2번 출입구 옆 엘리베이터 탑승
01,수도권,S1,8,8호선,0208,문정,1,출입구-승강장,1,2,2) (B1) 대합실로 이동
01,수도권,S1,8,8호선,0208,문정,1,출입구-승강장,1,3,3) 표 내는 곳 통과
01,수도권,S1,8,8호선,0208,문정,1,출입구-승강장,1,4,4) 가락시장 방면 엘리베이터 탑승
01,수도권,S1,8,8호선,0208,문정,1,출입구-승강장,1,5,5) (B2) 가락시장 방면 승강장으로 이동
01,수도권,S1,8,8호선,0208,문정,1,출입구-승강장,1,6,6) 승차 (휠체어칸)
01,수도권,S1,8,8호선,0208,문정,1,출입구-승강장,2,1,1) (1F) 2번 출입구 옆 엘리베이터 탑승
01,수도권,S1,8,8호선,0208,문정,1,출입구-승강장,2,2,2) (B1) 대합실로 이동
01,수도권,S1,8,8호선,0208,문정,1,출입구-승강장,2,3,3) 표 내는 곳 통과
01,수도권,S1,8,8호선,0208,문정,1,출입구-승강장,2,4,4) 장지 방면 엘리베이터 탑승
01,수도권,S1,8,8호선,0208,문정,1,출입구-승강장,2,5,5) (B2) 장지 방면 승강장으로 이동
01,수도권,S1,8,8호선,0208,문정,1,출입구-승강장,2,6,6) 승차 (휠체어칸)
01,수도권,S1,8,8호선,0208,문정,1,출입구-승강장,3,1,1) (1F) 4번 출입구 근처 엘리베이터 탑승
01,수도권,S1,8,8호선,0208,문정,1,출입구-승강장,3,2,2) (B1) 대합실로 이동
01,수도권,S1,8,8호선,0208,문정,1,출입구-승강장,3,3,3) 표 내는 곳 통과
01,수도권,S1,8,8호선,0208,문정,1,출입구-승강장,3,4,4) 가락시장 방면 엘리베이터 탑승
01,수도권,S1,8,8호선,0208,문정,1,출입구-승강장,3,5,5) (B2) 가락시장 방면 승강장으로 이동
01,수도권,S1,8,8호선,0208,문정,1,출입구-승강장,3,6,6) 승차 (휠체어칸)
01,수도권,S1,8,8호선,0208,문정,1,출입구-승강장,4,1,1) (1F) 4번 출입구 근처 엘리베이터 탑승
01,수도권,S1,8,8호선,0208,문정,1,출입구-승강장,4,2,2) (B1) 대합실로 이동
01,수도권,S1,8,8호선,0208,문정,1,출입구-승강장,4,3,3) 표 내는 곳 통과
01,수도권,S1,8,8호선,0208,문정,1,출입구-승강장,4,4,4) 장지 방면 엘리베이터 탑승
01,수도권,S1,8,8호선,0208,문정,1,출입구-승강장,4,5,5) (B2) 장지 방면 승강장으로 이동
01,수도권,S1,8,8호선,0208,문정,1,출입구-승강장,4,6,6) 승차 (휠체어칸)
01,수도권,S1,8,8호선,0208,문정,1,출입구-승강장,5,1,1) (1F) 3번 출입구 근처 엘리베이터 탑승
01,수도권,S1,8,8호선,0208,문정,1,출입구-승강장,5,2,2) (B1) 대합실로 이동
01,수도권,S1,8,8호선,0208,문정,1,출입구-승강장,5,3,3) 표 내는 곳 통과
01,수도권,S1,8,8호선,0208,문정,1,출입구-승강장,5,4,4) 가락시장 방면 엘리베이터 탑승
01,수도권,S1,8,8호선,0208,문정,1,출입구-승강장,5,5,5) (B2) 가락시장 방면 승강장으로 이동
01,수도권,S1,8,8호선,0208,문정,1,출입구-승강장,5,6,6) 승차 (휠체어칸)
01,수도권,S1,8,8호선,0208,문정,1,출입구-승강장,6,1,1) (1F) 3번 출입구 근처 엘리베이터 탑승
01,수도권,S1,8,8호선,0208,문정,1,출입구-승강장,6,2,2) (B1) 대합실로 이동
01,수도권,S1,8,8호선,0208,문정,1,출입구-승강장,6,3,3) 표 내는 곳 통과
01,수도권,S1,8,8호선,0208,문정,1,출입구-승강장,6,4,4) 장지 방면 엘리베이터 탑승
01,수도권,S1,8,8호선,0208,문정,1,출입구-승강장,6,5,5) (B2) 장지 방면 승강장으로 이동
01,수도권,S1,8,8호선,0208,문정,1,출입구-승강장,6,6,6) 승차 (휠체어칸)
01,수도권,S1,8,8호선,0504,장지,1,출입구-승강장,1,1,1) (1F) 1번 출입구 옆 엘리베이터 탑승
01,수도권,S1,8,8호선,0504,장지,1,출입구-승강장,1,2,2) (B1) 대합실로 이동
01,수도권,S1,8,8호선,0504,장지,1,출입구-승강장,1,3,3) 표 내는 곳 통과
01,수도권,S1,8,8호선,0504,장지,1,출입구-승강장,1,4,4) 문정 방면 엘리베이터 탑승
01,수도권,S1,8,8호선,0504,장지,1,출입구-승강장,1,5,5) (B2) 문정 방면 승강장으로 이동
01,수도권,S1,8,8호선,0504,장지,1,출입구-승강장,1,6,6) 승차 (휠체어칸)
01,수도권,S1,8,8호선,0504,장지,1,출입구-승강장,2,1,1) (1F) 1번 출입구 옆 엘리베이터 탑승
01,수도권,S1,8,8호선,0504,장지,1,출입구-승강장,2,2,2) (B1) 대합실로 이동
01,수도권,S1,8,8호선,0504,장지,1,출입구-승강장,2,3,3) 표 내는 곳 통과
01,수도권,S1,8,8호선,0504,장지,1,출입구-승강장,2,4,4) 복정 방면 엘리베이터 탑승
01,수도권,S1,8,8호선,0504,장지,1,출입구-승강장,2,5,5) (B2) 복정 방면 승강장으로 이동
01,수도권,S1,8,8호선,0504,장지,1,출입구-승강장,2,6,6) 승차 (휠체어칸)
01,수도권,S1,8,8호선,0504,장지,1,출입구-승강장,3,1,1) (1F) 4번 출입구 옆 엘리베이터 탑승
01,수도권,S1,8,8호선,0504,장지,1,출입구-승강장,3,2,2) (B1) 대합실로 이동
01,수도권,S1,8,8호선,0504,장지,1,출입구-승강장,3,3,3) 표 내는 곳 통과
01,수도권,S1,8,8호선,0504,장지,1,출입구-승강장,3,4,4) 문정 방면 엘리베이터 탑승
01,수도권,S1,8,8호선,0504,장지,1,출입구-승강장,3,5,5) (B2) 문정 방면 승강장으로 이동
01,수도권,S1,8,8호선,0504,장지,1,출입구-승강장,3,6,6) 승차 (휠체어칸)
01,수도권,S1,8,8호선,0504,장지,1,출입구-승강장,4,1,1) (1F) 4번 출입구 옆 엘리베이터 탑승
01,수도권,S1,8,8호선,0504,장지,1,출입구-승강장,4,2,2) (B1) 대합실로 이동
01,수도권,S1,8,8호선,0504,장지,1,출입구-승강장,4,3,3) 표 내는 곳 통과
01,수도권,S1,8,8호선,0504,장지,1,출입구-승강장,4,4,4) 복정 방면 엘리베이터 탑승
01,수도권,S1,8,8호선,0504,장지,1,출입구-승강장,4,5,5) (B2) 복정 방면 승강장으로 이동
01,수도권,S1,8,8호선,0504,장지,1,출입구-승강장,4,6,6) 승차 (휠체어칸)
01,수도권,S1,8,8호선,0238,복정,1,출입구-승강장,1,1,1) (1F) 1번 출입구 옆 2호기 엘리베이터 탑승
01,수도권,S1,8,8호선,0238,복정,1,출입구-승강장,1,2,2) (B1) 대합실로 이동
01,수도권,S1,8,8호선,0238,복정,1,출입구-승강장,1,3,3) 표 내는 곳 통과
01,수도권,S1,8,8호선,0238,복정,1,출입구-승강장,1,4,4) 승강장 방향 엘리베이터 탑승
01,수도권,S1,8,8호선,0238,복정,1,출입구-승강장,1,5,5) (B2) 장지 방면 승강장으로 이동
01,수도권,S1,8,8호선,0238,복정,1,출입구-승강장,1,6,6) 승차 (휠체어칸)
01,수도권,S1,8,8호선,0238,복정,1,출입구-승강장,2,1,1) (1F) 1번 출입구 옆 2호기 엘리베이터 탑승
01,수도권,S1,8,8호선,0238,복정,1,출입구-승강장,2,2,2) (B1) 대합실로 이동
01,수도권,S1,8,8호선,0238,복정,1,출입구-승강장,2,3,3) 표 내는 곳 통과
01,수도권,S1,8,8호선,0238,복정,1,출입구-승강장,2,4,4) 승강장 방향 엘리베이터 탑승
01,수도권,S1,8,8호선,0238,복정,1,출입구-승강장,2,5,5) (B2) 남위례 방면 승강장으로 이동
01,수도권,S1,8,8호선,0238,복정,1,출입구-승강장,2,6,6) 승차 (휠체어칸)
01,수도권,S1,8,8호선,0238,복정,3,환승,1,1,1) (B2) 8호선 장지 방면 승강장 하차
01,수도권,S1,8,8호선,0238,복정,3,환승,1,2,2) 수인분당선 승강장 방향 엘리베이터 탑승
01,수도권,S1,8,8호선,0238,복정,3,환승,1,3,3) (B3) 수인분당선 수서 방면 승강장으로 이동
01,수도권,S1,8,8호선,0238,복정,3,환승,1,4,4) 승차 (휠체어칸)
01,수도권,S1,8,8호선,0238,복정,3,환승,2,1,1) (B2) 8호선 장지 방면 승강장 하차
01,수도권,S1,8,8호선,0238,복정,3,환승,2,2,2) 수인분당선 승강장 방향 엘리베이터 탑승
01,수도권,S1,8,8호선,0238,복정,3,환승,2,3,3) (B3) 수인분당선 가천대 방면 승강장으로 이동
01,수도권,S1,8,8호선,0238,복정,3,환승,2,4,4) 승차 (휠체어칸)
01,수도권,S1,8,8호선,0238,복정,3,환승,3,1,1) (B2) 8호선 남위례 방면 승강장 하차
01,수도권,S1,8,8호선,0238,복정,3,환승,3,2,2) 수인분당선 승강장 방향 엘리베이터 탑승
01,수도권,S1,8,8호선,0238,복정,3,환승,3,3,3) (B3) 수인분당선 수서 방면 승강장으로 이동
01,수도권,S1,8,8호선,0238,복정,3,환승,3,4,4) 승차 (휠체어칸)
01,수도권,S1,8,8호선,0238,복정,3,환승,4,1,1) (B2) 8호선 남위례 방면 승강장 하차
01,수도권,S1,8,8호선,0238,복정,3,환승,4,2,2) 수인분당선 승강장 방향 엘리베이터 탑승
01,수도권,S1,8,8호선,0238,복정,3,환승,4,3,3) (B3) 수인분당선 가천대 방면 승강장으로 이동
01,수도권,S1,8,8호선,0238,복정,3,환승,4,4,4) 승차 (휠체어칸)
01,수도권,S1,8,8호선,1366,남위례,1,출입구-승강장,1,1,1) 5번출입구옆 1층 엘리베이터(2호기)탑승
01,수도권,S1,8,8호선,1366,남위례,1,출입구-승강장,1,2,2) 2층 대합실로 이동
01,수도권,S1,8,8호선,1366,남위례,1,출입구-승강장,1,3,3) 표내는 곳 통과 후 암사방면 승강장으로 이동하여 탑승(휠체어) 
01,수도권,S1,8,8호선,1366,남위례,1,출입구-승강장,2,1,1) 5번출입구 옆 1층 엘리베이터(2호기)탑승
01,수도권,S1,8,8호선,1366,남위례,1,출입구-승강장,2,2,2) 3층 대합실로 이동
01,수도권,S1,8,8호선,1366,남위례,1,출입구-승강장,2,3,3) 표내는 곳 통과 후 엘리베이터(3호기) 탑승
01,수도권,S1,8,8호선,1366,남위례,1,출입구-승강장,2,4,4) 모란방면 승강장으로 이동하여 탑승(휠체어) 
01,수도권,S1,8,8호선,0261,산성,1,출입구-승강장,1,1,"""산성역 노후 승강기 공사로 2025.01.31.까지 E/L 이용이 불가합니다"""
01,수도권,S1,8,8호선,0261,산성,1,출입구-승강장,1,2,1) (1F) 3번 출입구 옆 엘리베이터 탑승
01,수도권,S1,8,8호선,0261,산성,1,출입구-승강장,1,3,2) (B1) 대합실로 이동
01,수도권,S1,8,8호선,0261,산성,1,출입구-승강장,1,4,3) 표 내는 곳 통과
01,수도권,S1,8,8호선,0261,산성,1,출입구-승강장,1,5,4) 경사 엘리베이터 탑승
01,수도권,S1,8,8호선,0261,산성,1,출입구-승강장,1,6,5) (B2) 대합실로 이동
01,수도권,S1,8,8호선,0261,산성,1,출입구-승강장,1,7,6) 남위례 방면 경사 엘리베이터 탑승
01,수도권,S1,8,8호선,0261,산성,1,출입구-승강장,1,8,7) (B3) 남위례 방면 승강장으로 이동
01,수도권,S1,8,8호선,0261,산성,1,출입구-승강장,1,9,8) 승차 (휠체어칸)
01,수도권,S1,8,8호선,0261,산성,1,출입구-승강장,2,1,"""산성역 노후 승강기 공사로 2025.01.31.까지 E/L 이용이 불가합니다"""
01,수도권,S1,8,8호선,0261,산성,1,출입구-승강장,2,2,1) (1F) 3번 출입구 옆 엘리베이터 탑승
01,수도권,S1,8,8호선,0261,산성,1,출입구-승강장,2,3,2) (B1) 대합실로 이동
01,수도권,S1,8,8호선,0261,산성,1,출입구-승강장,2,4,3) 표 내는 곳 통과
01,수도권,S1,8,8호선,0261,산성,1,출입구-승강장,2,5,4) 경사 엘리베이터 탑승
01,수도권,S1,8,8호선,0261,산성,1,출입구-승강장,2,6,5) (B2) 대합실로 이동
01,수도권,S1,8,8호선,0261,산성,1,출입구-승강장,2,7,6) 남한산성입구 방면 경사 엘리베이터 탑승
01,수도권,S1,8,8호선,0261,산성,1,출입구-승강장,2,8,7) (B3) 남한산성입구 방면 승강장으로 이동
01,수도권,S1,8,8호선,0261,산성,1,출입구-승강장,2,9,8) 승차 (휠체어칸)
01,수도권,S1,8,8호선,0111,남한산성입구,1,출입구-승강장,1,1,1) (1F) 3번 출입구 옆 엘리베이터 탑승
01,수도권,S1,8,8호선,0111,남한산성입구,1,출입구-승강장,1,2,2) (B2) 대합실로 이동
01,수도권,S1,8,8호선,0111,남한산성입구,1,출입구-승강장,1,3,3) 표 내는 곳 통과
01,수도권,S1,8,8호선,0111,남한산성입구,1,출입구-승강장,1,4,4) 산성 방면 엘리베이터 탑승
01,수도권,S1,8,8호선,0111,남한산성입구,1,출입구-승강장,1,5,5) (B3) 산성 방면 승강장으로 이동
01,수도권,S1,8,8호선,0111,남한산성입구,1,출입구-승강장,1,6,6) 승차 (휠체어칸)
01,수도권,S1,8,8호선,0111,남한산성입구,1,출입구-승강장,2,1,1) (1F) 3번 출입구 옆 엘리베이터 탑승
01,수도권,S1,8,8호선,0111,남한산성입구,1,출입구-승강장,2,2,2) (B3) 단대오거리 방면 승강장으로 이동
01,수도권,S1,8,8호선,0111,남한산성입구,1,출입구-승강장,2,3,3) 표 내는 곳 통과
01,수도권,S1,8,8호선,0111,남한산성입구,1,출입구-승강장,2,4,4) 승차 (휠체어칸)
01,수도권,S1,8,8호선,0122,단대오거리,1,출입구-승강장,1,1,1) (1F) 4번 출입구 근처 엘리베이터 탑승
01,수도권,S1,8,8호선,0122,단대오거리,1,출입구-승강장,1,2,2) 지하1층으로 이동
01,수도권,S1,8,8호선,0122,단대오거리,1,출입구-승강장,1,3,3) 남한산성입구 방면 엘리베이터 이용
01,수도권,S1,8,8호선,0122,단대오거리,1,출입구-승강장,1,4,4) 지하3층으로 이동
01,수도권,S1,8,8호선,0122,단대오거리,1,출입구-승강장,1,5,5) 승강장으로 이동
01,수도권,S1,8,8호선,0122,단대오거리,1,출입구-승강장,2,1,1) (1F) 4번 출입구 근처 엘리베이터 탑승
01,수도권,S1,8,8호선,0122,단대오거리,1,출입구-승강장,2,2,2) 지하1층으로 이동
01,수도권,S1,8,8호선,0122,단대오거리,1,출입구-승강장,2,3,3) 신흥 방면 엘리베이터 이용
01,수도권,S1,8,8호선,0122,단대오거리,1,출입구-승강장,2,4,4) 지하3층으로 이동
01,수도권,S1,8,8호선,0122,단대오거리,1,출입구-승강장,2,5,5) 승강장으로 이동
01,수도권,S1,8,8호선,0379,신흥,1,출입구-승강장,1,1,"1) (1F) 3, 4번 출입구 사이 엘리베이터 탑승"
01,수도권,S1,8,8호선,0379,신흥,1,출입구-승강장,1,2,2) (B1) 대합실로 이동
01,수도권,S1,8,8호선,0379,신흥,1,출입구-승강장,1,3,3) 표 내는 곳 통과
01,수도권,S1,8,8호선,0379,신흥,1,출입구-승강장,1,4,4) 단대오거리 방면 엘리베이터 탑승
01,수도권,S1,8,8호선,0379,신흥,1,출입구-승강장,1,5,5) (B2) 단대오거리 방면 승강장으로 이동
01,수도권,S1,8,8호선,0379,신흥,1,출입구-승강장,1,6,6) 승차 (휠체어칸)
01,수도권,S1,8,8호선,0379,신흥,1,출입구-승강장,2,1,"1) (1F) 3, 4번 출입구 사이 엘리베이터 탑승"
01,수도권,S1,8,8호선,0379,신흥,1,출입구-승강장,2,2,2) (B1) 대합실로 이동
01,수도권,S1,8,8호선,0379,신흥,1,출입구-승강장,2,3,3) 표 내는 곳 통과
01,수도권,S1,8,8호선,0379,신흥,1,출입구-승강장,2,4,4) 수진 방면 엘리베이터 탑승
01,수도권,S1,8,8호선,0379,신흥,1,출입구-승강장,2,5,5) (B2) 수진 방면 승강장으로 이동
01,수도권,S1,8,8호선,0379,신흥,1,출입구-승강장,2,6,6) 승차 (휠체어칸)
01,수도권,S1,8,8호선,0342,수진,1,출입구-승강장,1,1,1) (1F) 3번 출입구 옆 엘리베이터 탑승
01,수도권,S1,8,8호선,0342,수진,1,출입구-승강장,1,2,2) (B1) 대합실로 이동
01,수도권,S1,8,8호선,0342,수진,1,출입구-승강장,1,3,3) 표 내는 곳 통과
01,수도권,S1,8,8호선,0342,수진,1,출입구-승강장,1,4,4) 신흥 방면 엘리베이터 탑승
01,수도권,S1,8,8호선,0342,수진,1,출입구-승강장,1,5,5) (B2) 신흥 방면 승강장으로 이동
01,수도권,S1,8,8호선,0342,수진,1,출입구-승강장,1,6,6) 승차 (휠체어칸)
01,수도권,S1,8,8호선,0342,수진,1,출입구-승강장,2,1,1) (1F) 3번 출입구 옆 엘리베이터 탑승
01,수도권,S1,8,8호선,0342,수진,1,출입구-승강장,2,2,2) (B1) 대합실로 이동
01,수도권,S1,8,8호선,0342,수진,1,출입구-승강장,2,3,3) 표 내는 곳 통과
01,수도권,S1,8,8호선,0342,수진,1,출입구-승강장,2,4,4) 모란 방면 엘리베이터 탑승
01,수도권,S1,8,8호선,0342,수진,1,출입구-승강장,2,5,5) (B2) 모란 방면 승강장으로 이동
01,수도권,S1,8,8호선,0342,수진,1,출입구-승강장,2,6,6) 승차 (휠체어칸)
01,수도권,S1,8,8호선,0201,모란,1,출입구-승강장,1,1,1) (1F) 11번 출입구 엘리베이터 탑승
01,수도권,S1,8,8호선,0201,모란,1,출입구-승강장,1,2,2) (B1) 대합실로 이동
01,수도권,S1,8,8호선,0201,모란,1,출입구-승강장,1,3,3) 승강장 방향 엘리베이터 탑승
01,수도권,S1,8,8호선,0201,모란,1,출입구-승강장,1,4,4) (B3) 수진 방면 승강장으로 이동
01,수도권,S1,8,8호선,0201,모란,1,출입구-승강장,1,5,5) 승차 (휠체어칸)
01,수도권,S1,8,8호선,0201,모란,3,환승,1,1,1) (B3) 8호선 수진 방면 승강장 하차
01,수도권,S1,8,8호선,0201,모란,3,환승,1,2,2) 대합실 방향 엘리베이터 탑승
01,수도권,S1,8,8호선,0201,모란,3,환승,1,3,3) (B1) 대합실로 이동
01,수도권,S1,8,8호선,0201,모란,3,환승,1,4,4) 환승통로로 이동
01,수도권,S1,8,8호선,0201,모란,3,환승,1,5,5) 수인분당선 대합실로 이동
01,수도권,S1,8,8호선,0201,모란,3,환승,1,6,6) 수인분당선 태평 방면 엘리베이터 탑승
01,수도권,S1,8,8호선,0201,모란,3,환승,1,7,7) (B2) 수인분당선 태평 방면 승강장으로 이동
01,수도권,S1,8,8호선,0201,모란,3,환승,1,8,8) 승차 (휠체어칸)
01,수도권,S1,8,8호선,0201,모란,3,환승,2,1,1) (B3) 8호선 수진 방면 승강장 하차
01,수도권,S1,8,8호선,0201,모란,3,환승,2,2,2) 대합실 방향 엘리베이터 탑승
01,수도권,S1,8,8호선,0201,모란,3,환승,2,3,3) (B1) 대합실로 이동
01,수도권,S1,8,8호선,0201,모란,3,환승,2,4,4) 환승통로로 이동
01,수도권,S1,8,8호선,0201,모란,3,환승,2,5,5) 수인분당선 대합실로 이동
01,수도권,S1,8,8호선,0201,모란,3,환승,2,6,6) 수인분당선 야탑 방면 엘리베이터 탑승
01,수도권,S1,8,8호선,0201,모란,3,환승,2,7,7) (B2) 수인분당선 야탑 방면 승강장으로 이동
01,수도권,S1,8,8호선,0201,모란,3,환승,2,8,8) 승차 (휠체어칸)
01,수도권,S1,8,8호선,0201,모란,3,환승,3,1,1) (B3) 8호선 모란(종착역)  승강장 하차
01,수도권,S1,8,8호선,0201,모란,3,환승,3,2,2) 대합실 방향 엘리베이터 탑승
01,수도권,S1,8,8호선,0201,모란,3,환승,3,3,3) (B2) 대합실로 이동
01,수도권,S1,8,8호선,0201,모란,3,환승,3,4,4) 대합실 방향 엘리베이터 탑승
01,수도권,S1,8,8호선,0201,모란,3,환승,3,5,5) (B1) 대합실로 이동
01,수도권,S1,8,8호선,0201,모란,3,환승,3,6,6) 환승통로로 이동
01,수도권,S1,8,8호선,0201,모란,3,환승,3,7,7) 수인분당선 대합실로 이동
01,수도권,S1,8,8호선,0201,모란,3,환승,3,8,8) 수인분당선 태평 방면 엘리베이터 탑승
01,수도권,S1,8,8호선,0201,모란,3,환승,3,9,9) (B2) 수인분당선 태평 방면 승강장으로 이동
01,수도권,S1,8,8호선,0201,모란,3,환승,3,10,10) 승차 (휠체어칸)
01,수도권,S1,8,8호선,0201,모란,3,환승,4,1,1) (B3) 8호선 모란(종착역)  승강장 하차
01,수도권,S1,8,8호선,0201,모란,3,환승,4,2,2) 대합실 방향 엘리베이터 탑승
01,수도권,S1,8,8호선,0201,모란,3,환승,4,3,3) (B2) 대합실로 이동
01,수도권,S1,8,8호선,0201,모란,3,환승,4,4,4) 대합실 방향 엘리베이터 탑승
01,수도권,S1,8,8호선,0201,모란,3,환승,4,5,5) (B1) 대합실로 이동
01,수도권,S1,8,8호선,0201,모란,3,환승,4,6,6) 환승통로로 이동
01,수도권,S1,8,8호선,0201,모란,3,환승,4,7,7) 수인분당선 대합실로 이동
01,수도권,S1,8,8호선,0201,모란,3,환승,4,8,8) 수인분당선 야탑 방면 엘리베이터 탑승
01,수도권,S1,8,8호선,0201,모란,3,환승,4,9,9) (B2) 수인분당선 야탑 방면 승강장으로 이동
01,수도권,S1,8,8호선,0201,모란,3,환승,4,10,10) 승차 (휠체어칸)
01,수도권,S9,9,9호선,0028,개화,1,출입구-승강장,1,1,1) 2번 출입구 근처 엘리베이터 이용
01,수도권,S9,9,9호선,0028,개화,1,출입구-승강장,1,2,2) 지상 2층으로 이동
01,수도권,S9,9,9호선,0028,개화,1,출입구-승강장,1,3,3) 개집표기 통과
01,수도권,S9,9,9호선,0028,개화,1,출입구-승강장,1,4,4) 김포공항 방면 엘리베이터 이용
01,수도권,S9,9,9호선,0028,개화,1,출입구-승강장,1,5,5) 승강장으로 이동
01,수도권,S9,9,9호선,0099,김포공항,1,출입구-승강장,1,1,1) (1F) 4번 출입구 옆 엘리베이터 탑승
01,수도권,S9,9,9호선,0099,김포공항,1,출입구-승강장,1,2,2) (B1) 대합실로 이동
01,수도권,S9,9,9호선,0099,김포공항,1,출입구-승강장,1,3,3) 표 내는 곳 통과
01,수도권,S9,9,9호선,0099,김포공항,1,출입구-승강장,1,4,4) 승강장 방향 엘리베이터 탑승
01,수도권,S9,9,9호선,0099,김포공항,1,출입구-승강장,1,5,5) (B4) 9호선 개화 방면 승강장으로 이동
01,수도권,S9,9,9호선,0099,김포공항,1,출입구-승강장,1,6,6) 승차 (휠체어칸)
01,수도권,S9,9,9호선,0099,김포공항,1,출입구-승강장,2,1,1) (1F) 4번 출입구 옆 엘리베이터 탑승
01,수도권,S9,9,9호선,0099,김포공항,1,출입구-승강장,2,2,2) (B1) 대합실로 이동
01,수도권,S9,9,9호선,0099,김포공항,1,출입구-승강장,2,3,3) 표 내는 곳 통과
01,수도권,S9,9,9호선,0099,김포공항,1,출입구-승강장,2,4,4) 승강장 방향 엘리베이터 탑승
01,수도권,S9,9,9호선,0099,김포공항,1,출입구-승강장,2,5,5) (B3) 9호선 공항시장 방면 승강장으로 이동
01,수도권,S9,9,9호선,0099,김포공항,1,출입구-승강장,2,6,6) 승차 (휠체어칸)
01,수도권,S9,9,9호선,0099,김포공항,3,환승,1,1,1) (B4) 9호선 개화 방면 승강장 하차
01,수도권,S9,9,9호선,0099,김포공항,3,환승,1,2,2) 대합실 방향 엘리베이터 탑승
01,수도권,S9,9,9호선,0099,김포공항,3,환승,1,3,3) (B2) 대합실로 이동
01,수도권,S9,9,9호선,0099,김포공항,3,환승,1,4,4) (B3) 5호선 개화산 방면 승강장으로 이동
01,수도권,S9,9,9호선,0099,김포공항,3,환승,1,5,5) 승차 (휠체어칸)
01,수도권,S9,9,9호선,0099,김포공항,3,환승,2,1,1) (B4) 9호선 개화 방면 승강장 하차
01,수도권,S9,9,9호선,0099,김포공항,3,환승,2,2,2) 대합실 방향 엘리베이터 탑승
01,수도권,S9,9,9호선,0099,김포공항,3,환승,2,3,3) (B3) 승강장으로 이동
01,수도권,S9,9,9호선,0099,김포공항,3,환승,2,4,4) 5호선 방향 환승통로로 이동
01,수도권,S9,9,9호선,0099,김포공항,3,환승,2,5,5) 5호선 방향 환승 엘리베이터 탑승
01,수도권,S9,9,9호선,0099,김포공항,3,환승,2,6,6) (B3) 5호선 송정 방면 승강장으로 이동
01,수도권,S9,9,9호선,0099,김포공항,3,환승,2,7,7) 승차 (휠체어칸)
01,수도권,S9,9,9호선,0099,김포공항,3,환승,3,1,1) (B3) 9호선 공항시장 방면 승강장 하차
01,수도권,S9,9,9호선,0099,김포공항,3,환승,3,2,2) 대합실 방향 엘리베이터 탑승
01,수도권,S9,9,9호선,0099,김포공항,3,환승,3,3,3) (B2) 대합실로 이동
01,수도권,S9,9,9호선,0099,김포공항,3,환승,3,4,4) (B3) 5호선 개화산 방면 승강장으로 이동
01,수도권,S9,9,9호선,0099,김포공항,3,환승,3,5,5) 승차 (휠체어칸)
01,수도권,S9,9,9호선,0099,김포공항,3,환승,4,1,1) (B3) 9호선 공항시장 방면 승강장 하차
01,수도권,S9,9,9호선,0099,김포공항,3,환승,4,2,2) 5호선 방향 환승통로로 이동
01,수도권,S9,9,9호선,0099,김포공항,3,환승,4,3,3) 5호선 방향 환승 엘리베이터 탑승
01,수도권,S9,9,9호선,0099,김포공항,3,환승,4,4,4) (B3) 5호선 송정 방면 승강장으로 이동
01,수도권,S9,9,9호선,0099,김포공항,3,환승,4,5,5) 승차 (휠체어칸)
01,수도권,S9,9,9호선,0099,김포공항,3,환승,5,1,1) (B4) 9호선 개화 방면 승강장 하차
01,수도권,S9,9,9호선,0099,김포공항,3,환승,5,2,2) 대합실 방향 엘리베이터 탑승
01,수도권,S9,9,9호선,0099,김포공항,3,환승,5,3,3) (B3) 공항철도 마곡나루 방면 승강장으로 이동
01,수도권,S9,9,9호선,0099,김포공항,3,환승,5,4,4) 승차 (휠체어칸)
01,수도권,S9,9,9호선,0099,김포공항,3,환승,6,1,1) (B4) 9호선 개화 방면 승강장 하차
01,수도권,S9,9,9호선,0099,김포공항,3,환승,6,2,2) 공항철도 계양 방면 승강장으로 이동
01,수도권,S9,9,9호선,0099,김포공항,3,환승,6,3,3) 승차 (휠체어칸)
01,수도권,S9,9,9호선,0099,김포공항,3,환승,7,1,1) (B3) 9호선 공항시장 방면 승강장 하차
01,수도권,S9,9,9호선,0099,김포공항,3,환승,7,2,2) 공항철도 마곡나루 방면 승강장으로 이동
01,수도권,S9,9,9호선,0099,김포공항,3,환승,7,3,3) 승차 (휠체어칸)
01,수도권,S9,9,9호선,0099,김포공항,3,환승,8,1,1) (B3) 9호선 공항시장 방면 승강장 하차
01,수도권,S9,9,9호선,0099,김포공항,3,환승,8,2,2) 승강장 방향 엘리베이터 탑승
01,수도권,S9,9,9호선,0099,김포공항,3,환승,8,3,3) (B4) 공항철도 계양 방면 승강장으로 이동
01,수도권,S9,9,9호선,0099,김포공항,3,환승,8,4,4) 승차 (휠체어칸)
01,수도권,S9,9,9호선,0099,김포공항,3,환승,9,1,1) (B4) 9호선 개화 방면 승강장 하차
01,수도권,S9,9,9호선,0099,김포공항,3,환승,9,2,2) 대합실 방향 엘리베이터 탑승
01,수도권,S9,9,9호선,0099,김포공항,3,환승,9,3,3) (B2) 대합실로 이동
01,수도권,S9,9,9호선,0099,김포공항,3,환승,9,4,4) 김포골드라인 대합실로 이동
01,수도권,S9,9,9호선,0099,김포공항,3,환승,9,5,5) 김포골드라인 고촌 방면 엘리베이터 탑승
01,수도권,S9,9,9호선,0099,김포공항,3,환승,9,6,6) (B4) 김포골드라인 고촌 방면 승강장으로 이동
01,수도권,S9,9,9호선,0099,김포공항,3,환승,9,7,7) 승차 (휠체어칸)
01,수도권,S9,9,9호선,0099,김포공항,3,환승,10,1,1) (B3) 9호선 공항시장 방면 승강장 하차
01,수도권,S9,9,9호선,0099,김포공항,3,환승,10,2,2) 대합실 방향 엘리베이터 탑승
01,수도권,S9,9,9호선,0099,김포공항,3,환승,10,3,3) (B2) 대합실로 이동
01,수도권,S9,9,9호선,0099,김포공항,3,환승,10,4,4) 김포골드라인 대합실로 이동
01,수도권,S9,9,9호선,0099,김포공항,3,환승,10,5,5) 김포골드라인 고촌 방면 엘리베이터 탑승
01,수도권,S9,9,9호선,0099,김포공항,3,환승,10,6,6) (B4) 김포골드라인 고촌 방면 승강장으로 이동
01,수도권,S9,9,9호선,0099,김포공항,3,환승,10,7,7) 승차 (휠체어칸)
01,수도권,S9,9,9호선,0056,공항시장,1,출입구-승강장,1,1,1) 1번 출입구 근처 엘리베이터 이용
01,수도권,S9,9,9호선,0056,공항시장,1,출입구-승강장,1,2,2) 지하 1층으로 이동
01,수도권,S9,9,9호선,0056,공항시장,1,출입구-승강장,1,3,3) 개집표기 통과
01,수도권,S9,9,9호선,0056,공항시장,1,출입구-승강장,1,4,4) 김포공항 방면 엘리베이터 이용
01,수도권,S9,9,9호선,0056,공항시장,1,출입구-승강장,1,5,5) 지하 4층 승강장으로 이동
01,수도권,S9,9,9호선,0056,공항시장,1,출입구-승강장,2,1,1) 1번 출입구 근처 엘리베이터 이용
01,수도권,S9,9,9호선,0056,공항시장,1,출입구-승강장,2,2,2) 지하 1층으로 이동
01,수도권,S9,9,9호선,0056,공항시장,1,출입구-승강장,2,3,3) 개집표기 통과
01,수도권,S9,9,9호선,0056,공항시장,1,출입구-승강장,2,4,4) 신방화 방면 엘리베이터 이용
01,수도권,S9,9,9호선,0056,공항시장,1,출입구-승강장,2,5,5) 지하 4층 승강장으로 이동
01,수도권,S9,9,9호선,0364,신방화,1,출입구-승강장,1,1,1) 3번 출입구 근처 엘리베이터 이용
01,수도권,S9,9,9호선,0364,신방화,1,출입구-승강장,1,2,2) 개집표기 통과
01,수도권,S9,9,9호선,0364,신방화,1,출입구-승강장,1,3,3) 공항시장 방면 엘리베이터 이용
01,수도권,S9,9,9호선,0364,신방화,1,출입구-승강장,1,4,4) 지하 2층 승강장으로 이동
01,수도권,S9,9,9호선,0364,신방화,1,출입구-승강장,2,1,1) 7번 출입구 근처 엘리베이터 이용
01,수도권,S9,9,9호선,0364,신방화,1,출입구-승강장,2,2,2) 개집표기 통과
01,수도권,S9,9,9호선,0364,신방화,1,출입구-승강장,2,3,3) 공항시장 방면 엘리베이터 이용
01,수도권,S9,9,9호선,0364,신방화,1,출입구-승강장,2,4,4) 지하 2층 승강장으로 이동
01,수도권,S9,9,9호선,0364,신방화,1,출입구-승강장,3,1,1) 3번 출입구 근처 엘리베이터 이용
01,수도권,S9,9,9호선,0364,신방화,1,출입구-승강장,3,2,2) 지하 2층 승강장으로 이동
01,수도권,S9,9,9호선,0364,신방화,1,출입구-승강장,3,3,3) 마곡나루 방면 엘리베이터 이용
01,수도권,S9,9,9호선,0364,신방화,1,출입구-승강장,3,4,4) 개집표기 통과
01,수도권,S9,9,9호선,0364,신방화,1,출입구-승강장,4,1,1) 7번 출입구 근처 엘리베이터 이용
01,수도권,S9,9,9호선,0364,신방화,1,출입구-승강장,4,2,2) 개집표기 통과
01,수도권,S9,9,9호선,0364,신방화,1,출입구-승강장,4,3,3) 마곡나루 방면 엘리베이터 이용
01,수도권,S9,9,9호선,0364,신방화,1,출입구-승강장,4,4,4) 지하 2층 승강장으로 이동
01,수도권,S9,9,9호선,0178,마곡나루,1,출입구-승강장,1,1,"1) (1F) 1, 2번 출입구 사이 엘리베이터 탑승"
01,수도권,S9,9,9호선,0178,마곡나루,1,출입구-승강장,1,2,2) (B1) 대합실로 이동
01,수도권,S9,9,9호선,0178,마곡나루,1,출입구-승강장,1,3,3) 표 내는 곳 통과
01,수도권,S9,9,9호선,0178,마곡나루,1,출입구-승강장,1,4,4) 신방화 방면 엘리베이터 탑승
01,수도권,S9,9,9호선,0178,마곡나루,1,출입구-승강장,1,5,5) (B2) 신방화 방면 승강장으로 이동
01,수도권,S9,9,9호선,0178,마곡나루,1,출입구-승강장,1,6,6) 승차 (휠체어칸)
01,수도권,S9,9,9호선,0178,마곡나루,1,출입구-승강장,2,1,"1) (1F) 1, 2번 출입구 사이 엘리베이터 탑승"
01,수도권,S9,9,9호선,0178,마곡나루,1,출입구-승강장,2,2,2) (B1) 대합실로 이동
01,수도권,S9,9,9호선,0178,마곡나루,1,출입구-승강장,2,3,3) 표 내는 곳 통과
01,수도권,S9,9,9호선,0178,마곡나루,1,출입구-승강장,2,4,4) 양천향교 방면 엘리베이터 탑승
01,수도권,S9,9,9호선,0178,마곡나루,1,출입구-승강장,2,5,5) (B2) 양천향교 방면 승강장으로 이동
01,수도권,S9,9,9호선,0178,마곡나루,1,출입구-승강장,2,6,6) 승차 (휠체어칸)
01,수도권,S9,9,9호선,0178,마곡나루,1,출입구-승강장,3,1,1) (1F) 마곡중앙광장 출입구 옆 엘리베이터 탑승
01,수도권,S9,9,9호선,0178,마곡나루,1,출입구-승강장,3,2,2) (B1) 대합실로 이동
01,수도권,S9,9,9호선,0178,마곡나루,1,출입구-승강장,3,3,3) 표 내는 곳 통과
01,수도권,S9,9,9호선,0178,마곡나루,1,출입구-승강장,3,4,4) 신방화 방면 엘리베이터 탑승
01,수도권,S9,9,9호선,0178,마곡나루,1,출입구-승강장,3,5,5) (B2) 신방화 방면 승강장으로 이동
01,수도권,S9,9,9호선,0178,마곡나루,1,출입구-승강장,3,6,6) 승차 (휠체어칸)
01,수도권,S9,9,9호선,0178,마곡나루,1,출입구-승강장,4,1,1) (1F) 마곡중앙광장 출입구 옆 엘리베이터 탑승
01,수도권,S9,9,9호선,0178,마곡나루,1,출입구-승강장,4,2,2) (B1) 대합실로 이동
01,수도권,S9,9,9호선,0178,마곡나루,1,출입구-승강장,4,3,3) 표 내는 곳 통과
01,수도권,S9,9,9호선,0178,마곡나루,1,출입구-승강장,4,4,4) 양천향교 방면 엘리베이터 탑승
01,수도권,S9,9,9호선,0178,마곡나루,1,출입구-승강장,4,5,5) (B2) 양천향교 방면 승강장으로 이동
01,수도권,S9,9,9호선,0178,마곡나루,1,출입구-승강장,4,6,6) 승차 (휠체어칸)
01,수도권,S9,9,9호선,0178,마곡나루,3,환승,1,1,1) (B2) 9호선 신방화 방면 승강장 하차
01,수도권,S9,9,9호선,0178,마곡나루,3,환승,1,2,2) 대합실 방향 엘리베이터 탑승
01,수도권,S9,9,9호선,0178,마곡나루,3,환승,1,3,3) (B1) 대합실로 이동
01,수도권,S9,9,9호선,0178,마곡나루,3,환승,1,4,4) 공항철도 방향 환승 엘리베이터 탑승
01,수도권,S9,9,9호선,0178,마곡나루,3,환승,1,5,5) 공항철도 방향 환승통로로 이동
01,수도권,S9,9,9호선,0178,마곡나루,3,환승,1,6,6) 공항철도 대합실로 이동
01,수도권,S9,9,9호선,0178,마곡나루,3,환승,1,7,7) 공항철도 디지털미디어시티 방면 엘리베이터 탑승
01,수도권,S9,9,9호선,0178,마곡나루,3,환승,1,8,8) (B3) 공항철도 디지털미디어시티 방면 승강장으로 이동
01,수도권,S9,9,9호선,0178,마곡나루,3,환승,1,9,9) 승차 (휠체어칸)
01,수도권,S9,9,9호선,0178,마곡나루,3,환승,2,1,1) (B2) 9호선 신방화 방면 승강장 하차
01,수도권,S9,9,9호선,0178,마곡나루,3,환승,2,2,2) 대합실 방향 엘리베이터 탑승
01,수도권,S9,9,9호선,0178,마곡나루,3,환승,2,3,3) (B1) 대합실로 이동
01,수도권,S9,9,9호선,0178,마곡나루,3,환승,2,4,4) 공항철도 방향 환승 엘리베이터 탑승
01,수도권,S9,9,9호선,0178,마곡나루,3,환승,2,5,5) 공항철도 방향 환승통로로 이동
01,수도권,S9,9,9호선,0178,마곡나루,3,환승,2,6,6) 공항철도 대합실로 이동
01,수도권,S9,9,9호선,0178,마곡나루,3,환승,2,7,7) 공항철도 김포공항 방면 엘리베이터 탑승
01,수도권,S9,9,9호선,0178,마곡나루,3,환승,2,8,8) (B3) 공항철도 김포공항 방면 승강장으로 이동
01,수도권,S9,9,9호선,0178,마곡나루,3,환승,2,9,9) 승차 (휠체어칸)
01,수도권,S9,9,9호선,0178,마곡나루,3,환승,3,1,1) (B2) 9호선 양천향교 방면 승강장 하차
01,수도권,S9,9,9호선,0178,마곡나루,3,환승,3,2,2) 대합실 방향 엘리베이터 탑승
01,수도권,S9,9,9호선,0178,마곡나루,3,환승,3,3,3) (B1) 대합실로 이동
01,수도권,S9,9,9호선,0178,마곡나루,3,환승,3,4,4) 공항철도 방향 환승 엘리베이터 탑승
01,수도권,S9,9,9호선,0178,마곡나루,3,환승,3,5,5) 공항철도 방향 환승통로로 이동
01,수도권,S9,9,9호선,0178,마곡나루,3,환승,3,6,6) 공항철도 대합실로 이동
01,수도권,S9,9,9호선,0178,마곡나루,3,환승,3,7,7) 공항철도 디지털미디어시티 방면 엘리베이터 탑승
01,수도권,S9,9,9호선,0178,마곡나루,3,환승,3,8,8) (B3) 공항철도 디지털미디어시티 방면 승강장으로 이동
01,수도권,S9,9,9호선,0178,마곡나루,3,환승,3,9,9) 승차 (휠체어칸)
01,수도권,S9,9,9호선,0178,마곡나루,3,환승,4,1,1) (B2) 9호선 양천향교 방면 승강장 하차
01,수도권,S9,9,9호선,0178,마곡나루,3,환승,4,2,2) 대합실 방향 엘리베이터 탑승
01,수도권,S9,9,9호선,0178,마곡나루,3,환승,4,3,3) (B1) 대합실로 이동
01,수도권,S9,9,9호선,0178,마곡나루,3,환승,4,4,4) 공항철도 방향 환승 엘리베이터 탑승
01,수도권,S9,9,9호선,0178,마곡나루,3,환승,4,5,5) 공항철도 방향 환승통로로 이동
01,수도권,S9,9,9호선,0178,마곡나루,3,환승,4,6,6) 공항철도 대합실로 이동
01,수도권,S9,9,9호선,0178,마곡나루,3,환승,4,7,7) 공항철도 김포공항 방면 엘리베이터 탑승
01,수도권,S9,9,9호선,0178,마곡나루,3,환승,4,8,8) (B3) 공항철도 김포공항 방면 승강장으로 이동
01,수도권,S9,9,9호선,0178,마곡나루,3,환승,4,9,9) 승차 (휠체어칸)
01,수도권,S9,9,9호선,0405,양천향교,1,출입구-승강장,1,1,1) 3번 출입구 근처 엘리베이터 이용
01,수도권,S9,9,9호선,0405,양천향교,1,출입구-승강장,1,2,2) 지하 1층으로 이동
01,수도권,S9,9,9호선,0405,양천향교,1,출입구-승강장,1,3,3) 개집표기 통과
01,수도권,S9,9,9호선,0405,양천향교,1,출입구-승강장,1,4,4) 마곡나루 방면 엘리베이터 이용
01,수도권,S9,9,9호선,0405,양천향교,1,출입구-승강장,1,5,5) 지하 2층 승강장으로 이동
01,수도권,S9,9,9호선,0405,양천향교,1,출입구-승강장,2,1,1) 5번 출입구 근처 엘리베이터 이용
01,수도권,S9,9,9호선,0405,양천향교,1,출입구-승강장,2,2,2) 지하 1층으로 이동
01,수도권,S9,9,9호선,0405,양천향교,1,출입구-승강장,2,3,3) 개집표기 통과
01,수도권,S9,9,9호선,0405,양천향교,1,출입구-승강장,2,4,4) 마곡나루 방면 엘리베이터 이용
01,수도권,S9,9,9호선,0405,양천향교,1,출입구-승강장,2,5,5) 지하 2층 승강장으로 이동
01,수도권,S9,9,9호선,0405,양천향교,1,출입구-승강장,3,1,1) 3번 출입구 근처 엘리베이터 이용
01,수도권,S9,9,9호선,0405,양천향교,1,출입구-승강장,3,2,2) 지하 1층으로 이동
01,수도권,S9,9,9호선,0405,양천향교,1,출입구-승강장,3,3,3) 개집표기 통과
01,수도권,S9,9,9호선,0405,양천향교,1,출입구-승강장,3,4,4) 가양 방면 엘리베이터 이용
01,수도권,S9,9,9호선,0405,양천향교,1,출입구-승강장,3,5,5) 지하 2층 승강장으로 이동
01,수도권,S9,9,9호선,0405,양천향교,1,출입구-승강장,4,1,1) 5번 출입구 근처 엘리베이터 이용
01,수도권,S9,9,9호선,0405,양천향교,1,출입구-승강장,4,2,2) 지하 1층으로 이동
01,수도권,S9,9,9호선,0405,양천향교,1,출입구-승강장,4,3,3) 개집표기 통과
01,수도권,S9,9,9호선,0405,양천향교,1,출입구-승강장,4,4,4) 가양 방면 엘리베이터 이용
01,수도권,S9,9,9호선,0405,양천향교,1,출입구-승강장,4,5,5) 지하 2층 승강장으로 이동
01,수도권,S9,9,9호선,0005,가양,1,출입구-승강장,1,1,1) 4번 출입구 근처 엘리베이터 이용
01,수도권,S9,9,9호선,0005,가양,1,출입구-승강장,1,2,2) 지하 1층으로 이동
01,수도권,S9,9,9호선,0005,가양,1,출입구-승강장,1,3,3) 개집표기 통과
01,수도권,S9,9,9호선,0005,가양,1,출입구-승강장,1,4,4) 양천향교 방면 엘리베이터 이용
01,수도권,S9,9,9호선,0005,가양,1,출입구-승강장,1,5,5) 지하 2층 승강장으로 이동
01,수도권,S9,9,9호선,0005,가양,1,출입구-승강장,2,1,1) 8번 출입구 근처 엘리베이터 이용
01,수도권,S9,9,9호선,0005,가양,1,출입구-승강장,2,2,2) 지하 1층으로 이동
01,수도권,S9,9,9호선,0005,가양,1,출입구-승강장,2,3,3) 개집표기 통과
01,수도권,S9,9,9호선,0005,가양,1,출입구-승강장,2,4,4) 양천향교 방면 엘리베이터 이용
01,수도권,S9,9,9호선,0005,가양,1,출입구-승강장,2,5,5) 지하 2층 승강장으로 이동
01,수도권,S9,9,9호선,0005,가양,1,출입구-승강장,3,1,1) 4번 출입구 근처 엘리베이터 이용
01,수도권,S9,9,9호선,0005,가양,1,출입구-승강장,3,2,2) 지하 1층으로 이동
01,수도권,S9,9,9호선,0005,가양,1,출입구-승강장,3,3,3) 개집표기 통과
01,수도권,S9,9,9호선,0005,가양,1,출입구-승강장,3,4,4) 증미 방면 엘리베이터 이용
01,수도권,S9,9,9호선,0005,가양,1,출입구-승강장,3,5,5) 지하 2층 승강장으로 이동
01,수도권,S9,9,9호선,0005,가양,1,출입구-승강장,4,1,1) 8번 출입구 근처 엘리베이터 이용
01,수도권,S9,9,9호선,0005,가양,1,출입구-승강장,4,2,2) 지하 1층으로 이동
01,수도권,S9,9,9호선,0005,가양,1,출입구-승강장,4,3,3) 개집표기 통과
01,수도권,S9,9,9호선,0005,가양,1,출입구-승강장,4,4,4) 증미 방면 엘리베이터 이용
01,수도권,S9,9,9호선,0005,가양,1,출입구-승강장,4,5,5) 지하 2층 승강장으로 이동
01,수도권,S9,9,9호선,0531,증미,1,출입구-승강장,1,1,1) 1번 출입구 근처 엘리베이터 이용
01,수도권,S9,9,9호선,0531,증미,1,출입구-승강장,1,2,2) 지하 2층으로 이동
01,수도권,S9,9,9호선,0531,증미,1,출입구-승강장,1,3,3) 개집표기 통과
01,수도권,S9,9,9호선,0531,증미,1,출입구-승강장,1,4,4) 가양 방면 엘리베이터 이용
01,수도권,S9,9,9호선,0531,증미,1,출입구-승강장,1,5,5) 지하 3층 승강장으로 이동
01,수도권,S9,9,9호선,0531,증미,1,출입구-승강장,2,1,1) 1번 출입구 근처 엘리베이터 이용
01,수도권,S9,9,9호선,0531,증미,1,출입구-승강장,2,2,2) 지하 2층으로 이동
01,수도권,S9,9,9호선,0531,증미,1,출입구-승강장,2,3,3) 개집표기 통과
01,수도권,S9,9,9호선,0531,증미,1,출입구-승강장,2,4,4) 등촌 방면 엘리베이터 이용
01,수도권,S9,9,9호선,0531,증미,1,출입구-승강장,2,5,5) 지하 3층 승강장으로 이동
01,수도권,S9,9,9호선,0173,등촌,1,출입구-승강장,1,1,1) 5번 출입구 근처 엘리베이터 이용
01,수도권,S9,9,9호선,0173,등촌,1,출입구-승강장,1,2,2) 지하 1층으로 이동
01,수도권,S9,9,9호선,0173,등촌,1,출입구-승강장,1,3,3) 개집표기 통과
01,수도권,S9,9,9호선,0173,등촌,1,출입구-승강장,1,4,4) 증미 방면 엘리베이터 이용
01,수도권,S9,9,9호선,0173,등촌,1,출입구-승강장,1,5,5) 지하 2층 승강장으로 이동
01,수도권,S9,9,9호선,0173,등촌,1,출입구-승강장,2,1,1) 5번 출입구 근처 엘리베이터 이용
01,수도권,S9,9,9호선,0173,등촌,1,출입구-승강장,2,2,2) 지하 1층으로 이동
01,수도권,S9,9,9호선,0173,등촌,1,출입구-승강장,2,3,3) 개집표기 통과
01,수도권,S9,9,9호선,0173,등촌,1,출입구-승강장,2,4,4) 염창 방면 엘리베이터 이용
01,수도권,S9,9,9호선,0173,등촌,1,출입구-승강장,2,5,5) 지하 2층 승강장으로 이동
01,수도권,S9,9,9호선,0419,염창,1,출입구-승강장,1,1,1) 1번 출입구 근처 엘리베이터 이용
01,수도권,S9,9,9호선,0419,염창,1,출입구-승강장,1,2,2) 지하 1층으로 이동
01,수도권,S9,9,9호선,0419,염창,1,출입구-승강장,1,3,3) 개집표기 통과
01,수도권,S9,9,9호선,0419,염창,1,출입구-승강장,1,4,4) 등촌 방면 엘리베이터 이용
01,수도권,S9,9,9호선,0419,염창,1,출입구-승강장,1,5,5) 지하 2층 승강장으로 이동
01,수도권,S9,9,9호선,0419,염창,1,출입구-승강장,2,1,1) 1번 출입구 근처 엘리베이터 이용
01,수도권,S9,9,9호선,0419,염창,1,출입구-승강장,2,2,2) 지하 1층으로 이동
01,수도권,S9,9,9호선,0419,염창,1,출입구-승강장,2,3,3) 개집표기 통과
01,수도권,S9,9,9호선,0419,염창,1,출입구-승강장,2,4,4) 신목동 방면 엘리베이터 이용
01,수도권,S9,9,9호선,0419,염창,1,출입구-승강장,2,5,5) 지하 2층 승강장으로 이동
01,수도권,S9,9,9호선,0419,염창,1,출입구-승강장,3,1,1) 3번 출입구 근처 엘리베이터 이용
01,수도권,S9,9,9호선,0419,염창,1,출입구-승강장,3,2,2) 지하 1층으로 이동
01,수도권,S9,9,9호선,0419,염창,1,출입구-승강장,3,3,3) 개집표기 통과
01,수도권,S9,9,9호선,0419,염창,1,출입구-승강장,3,4,4) 등촌 방면 엘리베이터 이용
01,수도권,S9,9,9호선,0419,염창,1,출입구-승강장,3,5,5) 지하 2층 승강장으로 이동
01,수도권,S9,9,9호선,0419,염창,1,출입구-승강장,4,1,1) 3번 출입구 근처 엘리베이터 이용
01,수도권,S9,9,9호선,0419,염창,1,출입구-승강장,4,2,2) 지하 1층으로 이동
01,수도권,S9,9,9호선,0419,염창,1,출입구-승강장,4,3,3) 개집표기 통과
01,수도권,S9,9,9호선,0419,염창,1,출입구-승강장,4,4,4) 신목동 방면 엘리베이터 이용
01,수도권,S9,9,9호선,0419,염창,1,출입구-승강장,4,5,5) 지하 2층 승강장으로 이동
01,수도권,S9,9,9호선,0362,신목동,1,출입구-승강장,1,1,1) 2번출입구 근처 엘리베이터 이동
01,수도권,S9,9,9호선,0362,신목동,1,출입구-승강장,1,2,2) 지하2층 대합실에서 선유도방면 엘리베이터로 이동
01,수도권,S9,9,9호선,0362,신목동,1,출입구-승강장,1,3,3) 엘리베이터를 이용하여 지하3층으로 이동
01,수도권,S9,9,9호선,0362,신목동,1,출입구-승강장,1,4,4) 승강장으로 이동
01,수도권,S9,9,9호선,0362,신목동,1,출입구-승강장,2,1,1) 2번출입구 근처 엘리베이터 이동
01,수도권,S9,9,9호선,0362,신목동,1,출입구-승강장,2,2,2) 지하2층 대합실에서 염창방면 엘리베이터로 이동
01,수도권,S9,9,9호선,0362,신목동,1,출입구-승강장,2,3,3) 엘리베이터를 이용하여 지하3층으로 이동
01,수도권,S9,9,9호선,0362,신목동,1,출입구-승강장,2,4,4) 승강장으로 이동
01,수도권,S9,9,9호선,0362,신목동,1,출입구-승강장,3,1,1) 1번출입구 근처 엘리베이터 이용
01,수도권,S9,9,9호선,0362,신목동,1,출입구-승강장,3,2,2) 지하2층 대합실에서 선유도방면 엘리베이터로 이동
01,수도권,S9,9,9호선,0362,신목동,1,출입구-승강장,3,3,3) 엘리베이터를 이용하여 지하3층으로 이동
01,수도권,S9,9,9호선,0362,신목동,1,출입구-승강장,3,4,4) 승강장으로 이동
01,수도권,S9,9,9호선,0362,신목동,1,출입구-승강장,4,1,1) 1번출입구 근처 엘리베이터 이용
01,수도권,S9,9,9호선,0362,신목동,1,출입구-승강장,4,2,2) 지하2층 대합실에서 염창방면 엘리베이터로 이동
01,수도권,S9,9,9호선,0362,신목동,1,출입구-승강장,4,3,3) 엘리베이터를 이용하여 지하3층으로 이동
01,수도권,S9,9,9호선,0362,신목동,1,출입구-승강장,4,4,4) 승강장으로 이동
01,수도권,S9,9,9호선,0308,선유도,1,출입구-승강장,1,1,1) 1번출입구 근처 엘리베이터 이용
01,수도권,S9,9,9호선,0308,선유도,1,출입구-승강장,1,2,2) 지하2층에서 당산역 방면 좌측 엘리베이터로 이동
01,수도권,S9,9,9호선,0308,선유도,1,출입구-승강장,1,3,3) 엘리베이터를 이용하여 지하3층으로 이동
01,수도권,S9,9,9호선,0308,선유도,1,출입구-승강장,1,4,4) 승강장으로 이동  
01,수도권,S9,9,9호선,0308,선유도,1,출입구-승강장,2,1,1) 1번출입구 근처 엘리베이터 이용
01,수도권,S9,9,9호선,0308,선유도,1,출입구-승강장,2,2,2) 지하2층에서 신목동역 방면 우측 엘리베이터로 이동
01,수도권,S9,9,9호선,0308,선유도,1,출입구-승강장,2,3,3) 엘리베이터를 이용하여 지하3층으로 이동
01,수도권,S9,9,9호선,0308,선유도,1,출입구-승강장,2,4,4) 승강장으로 이동  
01,수도권,S9,9,9호선,0308,선유도,1,출입구-승강장,3,1,1) 8번출입구 근처 엘리베이터 이용 
01,수도권,S9,9,9호선,0308,선유도,1,출입구-승강장,3,2,2) 지하2층에서 당산역 방면 좌측엘리베이터로 이동
01,수도권,S9,9,9호선,0308,선유도,1,출입구-승강장,3,3,3) 엘리베이터를 이용하여 지하3층으로 이동
01,수도권,S9,9,9호선,0308,선유도,1,출입구-승강장,3,4,4) 승강장으로 이동
01,수도권,S9,9,9호선,0308,선유도,1,출입구-승강장,4,1,1) 8번출입구 근처 엘리베이터 이용 
01,수도권,S9,9,9호선,0308,선유도,1,출입구-승강장,4,2,2) 지하2층에서 신목동역 방면 우측엘리베이터로 이동
01,수도권,S9,9,9호선,0308,선유도,1,출입구-승강장,4,3,3) 엘리베이터를 이용하여 지하3층으로 이동
01,수도권,S9,9,9호선,0308,선유도,1,출입구-승강장,4,4,4) 승강장으로 이동
01,수도권,S9,9,9호선,0126,당산,1,출입구-승강장,1,1,1) 10번출입구 근처 엘리베이터 이동
01,수도권,S9,9,9호선,0126,당산,1,출입구-승강장,1,2,2) 지하1층 화장실 맞은편 엘리베이터로 이동
01,수도권,S9,9,9호선,0126,당산,1,출입구-승강장,1,3,3) 엘리베이터를 이용하여 지하3층으로 이동
01,수도권,S9,9,9호선,0126,당산,1,출입구-승강장,1,4,4) 국회의사당 방면 승강장으로 이동
01,수도권,S9,9,9호선,0126,당산,1,출입구-승강장,2,1,1) 10번출입구 근처 엘리베이터 이동
01,수도권,S9,9,9호선,0126,당산,1,출입구-승강장,2,2,2) 지하1층 화장실 맞은편 엘리베이터로 이동
01,수도권,S9,9,9호선,0126,당산,1,출입구-승강장,2,3,3) 엘리베이터를 이용하여 지하3층으로 이동
01,수도권,S9,9,9호선,0126,당산,1,출입구-승강장,2,4,4) 선유도 방면 승강장으로 이동
01,수도권,S9,9,9호선,0126,당산,1,출입구-승강장,3,1,1) 13번출입구 근처 엘리베이터 이동
01,수도권,S9,9,9호선,0126,당산,1,출입구-승강장,3,2,2) 지하1층 화장실 맞은편 엘리베이터로 이동
01,수도권,S9,9,9호선,0126,당산,1,출입구-승강장,3,3,3) 엘리베이터를 이용하여 지하3층으로 이동
01,수도권,S9,9,9호선,0126,당산,1,출입구-승강장,3,4,4) 국회의사당 방면 승강장으로 이동
01,수도권,S9,9,9호선,0126,당산,1,출입구-승강장,4,1,1) 13번출입구 근처 엘리베이터 이동
01,수도권,S9,9,9호선,0126,당산,1,출입구-승강장,4,2,2) 지하1층 화장실 맞은편 엘리베이터로 이동
01,수도권,S9,9,9호선,0126,당산,1,출입구-승강장,4,3,3) 엘리베이터를 이용하여 지하3층으로 이동
01,수도권,S9,9,9호선,0126,당산,1,출입구-승강장,4,4,4) 선유도 방면 승강장으로 이동
01,수도권,S9,9,9호선,0126,당산,3,환승,1,1,1) 국회의사당 방면 승강장
01,수도권,S9,9,9호선,0126,당산,3,환승,1,2,2) 승강장 엘리베이터 이용
01,수도권,S9,9,9호선,0126,당산,3,환승,1,3,3) 지하 2층으로 이동
01,수도권,S9,9,9호선,0126,당산,3,환승,1,4,4) 개집표기 통과
01,수도권,S9,9,9호선,0126,당산,3,환승,1,5,5) 영등포구청 방면 엘리베이터 이용
01,수도권,S9,9,9호선,0126,당산,3,환승,1,6,6) 지상 3층으로 이동
01,수도권,S9,9,9호선,0126,당산,3,환승,1,7,7) 영등포구청 방면 방면 승강장
01,수도권,S9,9,9호선,0126,당산,3,환승,2,1,1) 국회의사당 방면 승강장
01,수도권,S9,9,9호선,0126,당산,3,환승,2,2,2) 승강장 엘리베이터 이용
01,수도권,S9,9,9호선,0126,당산,3,환승,2,3,3) 지하 2층으로 이동
01,수도권,S9,9,9호선,0126,당산,3,환승,2,4,4) 개집표기 통과
01,수도권,S9,9,9호선,0126,당산,3,환승,2,5,5) 합정 방면 엘리베이터 이용
01,수도권,S9,9,9호선,0126,당산,3,환승,2,6,6) 지상 3층으로 이동
01,수도권,S9,9,9호선,0126,당산,3,환승,2,7,7) 합정 방면 승강장
01,수도권,S9,9,9호선,0126,당산,3,환승,3,1,1) 선유도 방면 승강장
01,수도권,S9,9,9호선,0126,당산,3,환승,3,2,2) 승강장 엘리베이터 이용
01,수도권,S9,9,9호선,0126,당산,3,환승,3,3,3) 지하 2층으로 이동
01,수도권,S9,9,9호선,0126,당산,3,환승,3,4,4) 개집표기 통과
01,수도권,S9,9,9호선,0126,당산,3,환승,3,5,5) 영등포구청 방면 엘리베이터 이용
01,수도권,S9,9,9호선,0126,당산,3,환승,3,6,6) 지상 3층으로 이동
01,수도권,S9,9,9호선,0126,당산,3,환승,3,7,7) 영등포구청 방면 방면 승강장
01,수도권,S9,9,9호선,0126,당산,3,환승,4,1,1) 선유도 방면 승강장
01,수도권,S9,9,9호선,0126,당산,3,환승,4,2,2) 승강장 엘리베이터 이용
01,수도권,S9,9,9호선,0126,당산,3,환승,4,3,3) 지하 2층으로 이동
01,수도권,S9,9,9호선,0126,당산,3,환승,4,4,4) 개집표기 통과
01,수도권,S9,9,9호선,0126,당산,3,환승,4,5,5) 합정 방면 엘리베이터 이용
01,수도권,S9,9,9호선,0126,당산,3,환승,4,6,6) 지상 3층으로 이동
01,수도권,S9,9,9호선,0126,당산,3,환승,4,7,7) 합정 방면 승강장
01,수도권,S9,9,9호선,0081,국회의사당,1,출입구-승강장,1,1,1) 2번 출입구 근처 엘리베이터 이용
01,수도권,S9,9,9호선,0081,국회의사당,1,출입구-승강장,1,2,2) 지하 2층 개집표기 통과
01,수도권,S9,9,9호선,0081,국회의사당,1,출입구-승강장,1,3,3) 엘리베이터 이용
01,수도권,S9,9,9호선,0081,국회의사당,1,출입구-승강장,1,4,4) 지하 3층으로 이동
01,수도권,S9,9,9호선,0081,국회의사당,1,출입구-승강장,1,5,5) 승강장으로 이동
01,수도권,S9,9,9호선,0081,국회의사당,1,출입구-승강장,2,1,1) 2번 출입구 근처 엘리베이터 이용
01,수도권,S9,9,9호선,0081,국회의사당,1,출입구-승강장,2,2,2) 지하 2층 개집표기 통과
01,수도권,S9,9,9호선,0081,국회의사당,1,출입구-승강장,2,3,3) 엘리베이터 이용
01,수도권,S9,9,9호선,0081,국회의사당,1,출입구-승강장,2,4,4) 지하 3층으로 이동
01,수도권,S9,9,9호선,0081,국회의사당,1,출입구-승강장,2,5,5) 승강장으로 이동
01,수도권,S9,9,9호선,0081,국회의사당,1,출입구-승강장,3,1,1) 5번 출입구 근처 엘리베이터 이용
01,수도권,S9,9,9호선,0081,국회의사당,1,출입구-승강장,3,2,2) 지하 2층 개집표기 통과
01,수도권,S9,9,9호선,0081,국회의사당,1,출입구-승강장,3,3,3) 엘리베이터 이용
01,수도권,S9,9,9호선,0081,국회의사당,1,출입구-승강장,3,4,4) 지하 3층으로 이동
01,수도권,S9,9,9호선,0081,국회의사당,1,출입구-승강장,3,5,5) 승강장으로 이동
01,수도권,S9,9,9호선,0081,국회의사당,1,출입구-승강장,4,1,1) 5번 출입구 근처 엘리베이터 이용
01,수도권,S9,9,9호선,0081,국회의사당,1,출입구-승강장,4,2,2) 지하 2층 개집표기 통과
01,수도권,S9,9,9호선,0081,국회의사당,1,출입구-승강장,4,3,3) 엘리베이터 이용
01,수도권,S9,9,9호선,0081,국회의사당,1,출입구-승강장,4,4,4) 지하 3층으로 이동
01,수도권,S9,9,9호선,0081,국회의사당,1,출입구-승강장,4,5,5) 승강장으로 이동
01,수도권,S9,9,9호선,0081,국회의사당,1,출입구-승강장,5,1,1) 6번 출입구 근처 엘리베이터 이용
01,수도권,S9,9,9호선,0081,국회의사당,1,출입구-승강장,5,2,2) 지하 2층 개집표기 통과
01,수도권,S9,9,9호선,0081,국회의사당,1,출입구-승강장,5,3,3) 엘리베이터 이용
01,수도권,S9,9,9호선,0081,국회의사당,1,출입구-승강장,5,4,4) 지하 3층으로 이동
01,수도권,S9,9,9호선,0081,국회의사당,1,출입구-승강장,5,5,5) 승강장으로 이동
01,수도권,S9,9,9호선,0081,국회의사당,1,출입구-승강장,6,1,1) 6번 출입구 근처 엘리베이터 이용
01,수도권,S9,9,9호선,0081,국회의사당,1,출입구-승강장,6,2,2) 지하 2층 개집표기 통과
01,수도권,S9,9,9호선,0081,국회의사당,1,출입구-승강장,6,3,3) 엘리베이터 이용
01,수도권,S9,9,9호선,0081,국회의사당,1,출입구-승강장,6,4,4) 지하 3층으로 이동
01,수도권,S9,9,9호선,0081,국회의사당,1,출입구-승강장,6,5,5) 승강장으로 이동
01,수도권,S9,9,9호선,0412,여의도,1,출입구-승강장,1,1,1) 2번출입구 근처 엘리베이터 이동
01,수도권,S9,9,9호선,0412,여의도,1,출입구-승강장,1,2,2) 지하1층 샛강방면 엘리베이터로 이동
01,수도권,S9,9,9호선,0412,여의도,1,출입구-승강장,1,3,3) 엘리베이터를 이용하여 지하2층으로 이동
01,수도권,S9,9,9호선,0412,여의도,1,출입구-승강장,1,4,4) 샛강방면 승강장으로 이동
01,수도권,S9,9,9호선,0412,여의도,1,출입구-승강장,2,1,1) 2번출입구 근처 엘리베이터 이동
01,수도권,S9,9,9호선,0412,여의도,1,출입구-승강장,2,2,2) 지하1층 국회의사당방면 엘리베이터로 이동
01,수도권,S9,9,9호선,0412,여의도,1,출입구-승강장,2,3,3) 엘리베이터를 이용하여 지하2층으로 이동
01,수도권,S9,9,9호선,0412,여의도,1,출입구-승강장,2,4,4) 국회의사당 방면 승강장으로 이동
01,수도권,S9,9,9호선,0412,여의도,1,출입구-승강장,3,1,1) 3번출입구 근처 엘리베이터 이동
01,수도권,S9,9,9호선,0412,여의도,1,출입구-승강장,3,2,2) 지하1층 샛강방면 엘리베이터로 이동
01,수도권,S9,9,9호선,0412,여의도,1,출입구-승강장,3,3,3) 엘리베이터를 이용하여 지하2층으로 이동
01,수도권,S9,9,9호선,0412,여의도,1,출입구-승강장,3,4,4) 샛강방면 승강장으로 이동
01,수도권,S9,9,9호선,0412,여의도,1,출입구-승강장,4,1,1) 3번출입구 근처 엘리베이터 이동
01,수도권,S9,9,9호선,0412,여의도,1,출입구-승강장,4,2,2) 지하1층 국회의사당방면 엘리베이터로 이동
01,수도권,S9,9,9호선,0412,여의도,1,출입구-승강장,4,3,3) 엘리베이터를 이용하여 지하2층으로 이동
01,수도권,S9,9,9호선,0412,여의도,1,출입구-승강장,4,4,4) 국회의사당 방면 승강장으로 이동
01,수도권,S9,9,9호선,0412,여의도,3,환승,1,1,1) (B2) 9호선 국회의사당 방면 승강장 하차
01,수도권,S9,9,9호선,0412,여의도,3,환승,1,2,2) 5호선 여의나루방향 엘리베이터 탑승이동
01,수도권,S9,9,9호선,0412,여의도,3,환승,1,3,3) (B4) 여의나루 방면 승강장으로 이동이동
01,수도권,S9,9,9호선,0412,여의도,3,환승,1,4,4) 승차이동
01,수도권,S9,9,9호선,0412,여의도,3,환승,2,1,1) (B2) 9호선 국회의사당 방면 승강장 하차
01,수도권,S9,9,9호선,0412,여의도,3,환승,2,2,2) 5호선 방향 엘리베이터 탑승
01,수도권,S9,9,9호선,0412,여의도,3,환승,2,3,3) (B1)게이트로 하차 후 반대편 여의나루방향 엘리베이터 이동
01,수도권,S9,9,9호선,0412,여의도,3,환승,2,4,4) 5호선 여의나루 방면 엘리베이터 탑승 
01,수도권,S9,9,9호선,0412,여의도,3,환승,2,5,5) 여의나루 방면 승강장으로 이동
01,수도권,S9,9,9호선,0412,여의도,3,환승,2,6,6) 승차
01,수도권,S9,9,9호선,0412,여의도,3,환승,3,1,1) (B2) 9호선 샛강 방면 승강장 하차
01,수도권,S9,9,9호선,0412,여의도,3,환승,3,2,2) 5호선 여의나루방향 엘리베이터 탑승
01,수도권,S9,9,9호선,0412,여의도,3,환승,3,3,3) (B4) 여의나루 방면 승강장으로 이동
01,수도권,S9,9,9호선,0412,여의도,3,환승,3,4,4) 승차
01,수도권,S9,9,9호선,0412,여의도,3,환승,4,1,1) (B2) 9호선 샛강 방면 승강장 하차
01,수도권,S9,9,9호선,0412,여의도,3,환승,4,2,2) 5호선 방향 엘리베이터 탑승
01,수도권,S9,9,9호선,0412,여의도,3,환승,4,3,3) (B1)게이트로 하차 후 반대편 신길방향 엘리베이터로 이동
01,수도권,S9,9,9호선,0412,여의도,3,환승,4,4,4) 5호선 신길방면 엘리베이터 탑승 
01,수도권,S9,9,9호선,0412,여의도,3,환승,4,5,5) 신길 방면 승강장으로 이동
01,수도권,S9,9,9호선,0412,여의도,3,환승,4,6,6) 승차
01,수도권,S9,9,9호선,0286,샛강,1,출입구-승강장,1,1,1) 2번출입구 근처 엘리베이터 이동
01,수도권,S9,9,9호선,0286,샛강,1,출입구-승강장,1,2,2) 지하2층 매표소를 지나 우측 엘리베이터로 이동
01,수도권,S9,9,9호선,0286,샛강,1,출입구-승강장,1,3,3) 엘리베이터를 이용하여 지하3층으로 이동
01,수도권,S9,9,9호선,0286,샛강,1,출입구-승강장,1,4,4) 승강장으로 이동
01,수도권,S9,9,9호선,0286,샛강,1,출입구-승강장,2,1,1) 2번출입구 근처 엘리베이터 이동
01,수도권,S9,9,9호선,0286,샛강,1,출입구-승강장,2,2,2) 지하2층 매표소를 지나 좌측 엘리베이터로 이동
01,수도권,S9,9,9호선,0286,샛강,1,출입구-승강장,2,3,3) 엘리베이터를 이용하여 지하3층으로 이동
01,수도권,S9,9,9호선,0286,샛강,1,출입구-승강장,2,4,4) 승강장으로 이동
01,수도권,S9,9,9호선,0286,샛강,1,출입구-승강장,3,1,1) 3번출입구 근처 엘리베이터 이동
01,수도권,S9,9,9호선,0286,샛강,1,출입구-승강장,3,2,2) 지하2층 매표소를 지나 우측 엘리베이터로 이동
01,수도권,S9,9,9호선,0286,샛강,1,출입구-승강장,3,3,3) 엘리베이터를 이용하여 지하3층으로 이동
01,수도권,S9,9,9호선,0286,샛강,1,출입구-승강장,3,4,4) 승강장으로 이동
01,수도권,S9,9,9호선,0286,샛강,1,출입구-승강장,4,1,1) 3번출입구 근처 엘리베이터 이동
01,수도권,S9,9,9호선,0286,샛강,1,출입구-승강장,4,2,2) 지하2층 매표소를 지나 좌측 엘리베이터로 이동
01,수도권,S9,9,9호선,0286,샛강,1,출입구-승강장,4,3,3) 엘리베이터를 이용하여 지하3층으로 이동
01,수도권,S9,9,9호선,0286,샛강,1,출입구-승강장,4,4,4) 승강장으로 이동
01,수도권,S9,9,9호선,0286,샛강,1,출입구-승강장,5,1,1) 2번 출입구 뒤쪽 엘리베이터 이동(B2)
01,수도권,S9,9,9호선,0286,샛강,1,출입구-승강장,5,2,2) B2 3번 출구 옆 신림선 개찰구를 지나 우측 엘리베이터 이용
01,수도권,S9,9,9호선,0286,샛강,1,출입구-승강장,5,3,3) B2 엘리베이터를 이용하여 B4층으로 이동
01,수도권,S9,9,9호선,0286,샛강,1,출입구-승강장,5,4,4) 승강장으로 이동
01,수도권,S9,9,9호선,0286,샛강,1,출입구-승강장,6,1,1) 3번 출입구 뒤쪽 엘리베이터 이동(B2)
01,수도권,S9,9,9호선,0286,샛강,1,출입구-승강장,6,2,2) B2 3번 출구 옆 신림선 개찰구를 지나 우측 엘리베이터 이용
01,수도권,S9,9,9호선,0286,샛강,1,출입구-승강장,6,3,3) B2 엘리베이터를 이용하여 B4층으로 이동
01,수도권,S9,9,9호선,0286,샛강,1,출입구-승강장,6,4,4) 승강장으로 이동
01,수도권,S9,9,9호선,0286,샛강,1,출입구-승강장,7,1,1) B4 승강장 엘리베이터 이용하여 B2로 이동
01,수도권,S9,9,9호선,0286,샛강,1,출입구-승강장,7,2,2) 좌측 신림선 개찰구를 지나 2번 출입구로 이동
01,수도권,S9,9,9호선,0286,샛강,1,출입구-승강장,7,3,3) B2 2번 출구 좌측 엘리베이터를 이용하여 지상으로 이동
01,수도권,S9,9,9호선,0286,샛강,1,출입구-승강장,8,1,1) B4 승강장 엘리베이터 이용하여 B2로 이동
01,수도권,S9,9,9호선,0286,샛강,1,출입구-승강장,8,2,2) 좌측 신림선 개찰구를 지나 우측 엘리베이터로 이동 
01,수도권,S9,9,9호선,0286,샛강,1,출입구-승강장,8,3,3) B2 3번 출구 우측 엘리베이터를 이용하여 지상으로 이동
01,수도권,S9,9,9호선,0286,샛강,3,환승,1,1,1) B3 승강장 엘리베이터 이용하여 B2로 이동
01,수도권,S9,9,9호선,0286,샛강,3,환승,1,2,2) 11시방향 이동 및 좌측 환승게이트 통과 
01,수도권,S9,9,9호선,0286,샛강,3,환승,1,3,3) B2 엘리베이터를 이용하여 B4층으로 이동
01,수도권,S9,9,9호선,0286,샛강,3,환승,1,4,4) 승강장으로 이동
01,수도권,S9,9,9호선,0286,샛강,3,환승,2,1,1) B3 승강장 엘리베이터 이용하여 B2로 이동
01,수도권,S9,9,9호선,0286,샛강,3,환승,2,2,2) 좌측 12시방향 직진 후 좌측 환승게이트 통과
01,수도권,S9,9,9호선,0286,샛강,3,환승,2,3,3) B2 엘리베이터를 이용하여 B4층으로 이동
01,수도권,S9,9,9호선,0286,샛강,3,환승,2,4,4) 승강장으로 이동
01,수도권,S9,9,9호선,0286,샛강,3,환승,3,1,1) B4 승강장 엘리베이터 이용하여 B2로 이동
01,수도권,S9,9,9호선,0286,샛강,3,환승,3,2,2) 우측 환승게이트 통과 
01,수도권,S9,9,9호선,0286,샛강,3,환승,3,3,3) 환승게이트 통과 후 우측방향 엘리베이터로 이동
01,수도권,S9,9,9호선,0286,샛강,3,환승,3,4,4) B3 승강장으로 이동(여의도/개화 방향)
01,수도권,S9,9,9호선,0286,샛강,3,환승,4,1,1) B4 승강장 엘리베이터 이용하여 B2로 이동
01,수도권,S9,9,9호선,0286,샛강,3,환승,4,2,2) 우측 환승게이트 통과 
01,수도권,S9,9,9호선,0286,샛강,3,환승,4,3,3) 환승게이트 통과 후 우측 1시방향 엘리베이터로 이동
01,수도권,S9,9,9호선,0286,샛강,3,환승,4,4,4) B3 승강장으로 이동(노량진/종합운동장 방향)
01,수도권,S9,9,9호선,0114,노량진,1,출입구-승강장,1,1,1) 5번출입구 근처 엘리베이터 이동
01,수도권,S9,9,9호선,0114,노량진,1,출입구-승강장,1,2,2) 지하1층 매표소를 지나 우측 엘리베이터로 이동
01,수도권,S9,9,9호선,0114,노량진,1,출입구-승강장,1,3,3) 엘리베이터를 이용하여 지하2층으로 이동
01,수도권,S9,9,9호선,0114,노량진,1,출입구-승강장,1,4,4) 승강장으로 이동
01,수도권,S9,9,9호선,0114,노량진,1,출입구-승강장,2,1,1) 5번출입구 근처 엘리베이터 이동
01,수도권,S9,9,9호선,0114,노량진,1,출입구-승강장,2,2,2) 지하1층 매표소를 지나 좌측 엘리베이터로 이동
01,수도권,S9,9,9호선,0114,노량진,1,출입구-승강장,2,3,3) 엘리베이터를 이용하여 지하2층으로 이동
01,수도권,S9,9,9호선,0114,노량진,1,출입구-승강장,2,4,4) 승강장으로 이동
01,수도권,S9,9,9호선,0114,노량진,1,출입구-승강장,3,1,1) 8번출입구 근처 엘리베이터 이동
01,수도권,S9,9,9호선,0114,노량진,1,출입구-승강장,3,2,2) 지하1층 안전관리실을 지나 좌측 엘리베이터로 이동
01,수도권,S9,9,9호선,0114,노량진,1,출입구-승강장,3,3,3) 엘리베이터를 이용하여 지하2층으로 이동
01,수도권,S9,9,9호선,0114,노량진,1,출입구-승강장,3,4,4) 승강장으로 이동
01,수도권,S9,9,9호선,0114,노량진,1,출입구-승강장,4,1,1) 8번출입구 근처 엘리베이터 이동
01,수도권,S9,9,9호선,0114,노량진,1,출입구-승강장,4,2,2) 지하1층 안전관리실을 지나 우측 엘리베이터로 이동
01,수도권,S9,9,9호선,0114,노량진,1,출입구-승강장,4,3,3) 엘리베이터를 이용하여 지하2층으로 이동
01,수도권,S9,9,9호선,0114,노량진,1,출입구-승강장,4,4,4) 승강장으로 이동
01,수도권,S9,9,9호선,0114,노량진,1,출입구-승강장,5,1,1) 9번출입구 근처 엘리베이터 이동
01,수도권,S9,9,9호선,0114,노량진,1,출입구-승강장,5,2,2) 환승게이트로 이동
01,수도권,S9,9,9호선,0114,노량진,1,출입구-승강장,5,3,"3) 대합실 우측방향 이동중 샛강, 개화방면으로 이동"
01,수도권,S9,9,9호선,0114,노량진,1,출입구-승강장,5,4,4) 엘리베이터를 이용하여 지하2층으로 이동
01,수도권,S9,9,9호선,0114,노량진,1,출입구-승강장,5,5,5) 승강장으로 이동
01,수도권,S9,9,9호선,0114,노량진,1,출입구-승강장,6,1,1) 9번출입구 근처 엘리베이터 이동
01,수도권,S9,9,9호선,0114,노량진,1,출입구-승강장,6,2,2) 환승게이트로 이동
01,수도권,S9,9,9호선,0114,노량진,1,출입구-승강장,6,3,"3) 대합실 우측방향 이동중 동작, 종합운동장방면으로 이동"
01,수도권,S9,9,9호선,0114,노량진,1,출입구-승강장,6,4,4) 엘리베이터를 이용하여 지하2층으로 이동
01,수도권,S9,9,9호선,0114,노량진,1,출입구-승강장,6,5,5) 승강장으로 이동
01,수도권,S9,9,9호선,0114,노량진,3,환승,1,1,1) 승강장 엘리베이터 이동
01,수도권,S9,9,9호선,0114,노량진,3,환승,1,2,2) 지하 1층 이동
01,수도권,S9,9,9호선,0114,노량진,3,환승,1,3,3) 1호선 환승통로 이용
01,수도권,S9,9,9호선,0114,노량진,3,환승,1,4,4) 1호선 대방방면 승강장
01,수도권,S9,9,9호선,0114,노량진,3,환승,2,1,1) 승강장 엘리베이터 이동
01,수도권,S9,9,9호선,0114,노량진,3,환승,2,2,2) 지하 1층 이동
01,수도권,S9,9,9호선,0114,노량진,3,환승,2,3,3) 1호선 환승통로 이용
01,수도권,S9,9,9호선,0114,노량진,3,환승,2,4,4) 1호선 용산방면 승강장
01,수도권,S9,9,9호선,0114,노량진,3,환승,3,1,1) 승강장 엘리베이터 이동
01,수도권,S9,9,9호선,0114,노량진,3,환승,3,2,2) 지하 1층 이동
01,수도권,S9,9,9호선,0114,노량진,3,환승,3,3,3) 1호선 환승통로 이용
01,수도권,S9,9,9호선,0114,노량진,3,환승,3,4,4) 1호선 대방방면 승강장
01,수도권,S9,9,9호선,0114,노량진,3,환승,4,1,1) 승강장 엘리베이터 이동
01,수도권,S9,9,9호선,0114,노량진,3,환승,4,2,2) 지하 1층 이동
01,수도권,S9,9,9호선,0114,노량진,3,환승,4,3,3) 1호선 환승통로 이용
01,수도권,S9,9,9호선,0114,노량진,3,환승,4,4,4) 1호선 용산방면 승강장
01,수도권,S9,9,9호선,0113,노들,1,출입구-승강장,1,1,1) 1번 출입구 근처 엘리베이터 이용
01,수도권,S9,9,9호선,0113,노들,1,출입구-승강장,1,2,2) 지하 1층으로 이동
01,수도권,S9,9,9호선,0113,노들,1,출입구-승강장,1,3,3) 개집표기를 통과
01,수도권,S9,9,9호선,0113,노들,1,출입구-승강장,1,4,4) 노량진 방면 엘리베이터 이용
01,수도권,S9,9,9호선,0113,노들,1,출입구-승강장,1,5,5) 지하 2층으로 이동
01,수도권,S9,9,9호선,0113,노들,1,출입구-승강장,1,6,6) 승강장으로 이동
01,수도권,S9,9,9호선,0113,노들,1,출입구-승강장,2,1,1) 3번 출입구 근처 엘리베이터 이용
01,수도권,S9,9,9호선,0113,노들,1,출입구-승강장,2,2,2) 지하 1층으로 이동
01,수도권,S9,9,9호선,0113,노들,1,출입구-승강장,2,3,3) 2번 출입구 근처 엘리베이터 이용
01,수도권,S9,9,9호선,0113,노들,1,출입구-승강장,2,4,4) 지하 1층으로 이동
01,수도권,S9,9,9호선,0113,노들,1,출입구-승강장,2,5,5) 개집표기를 통과
01,수도권,S9,9,9호선,0113,노들,1,출입구-승강장,2,6,6) 노량진 방면 엘리베이터 이용
01,수도권,S9,9,9호선,0113,노들,1,출입구-승강장,2,7,7) 지하 2층으로 이동
01,수도권,S9,9,9호선,0113,노들,1,출입구-승강장,2,8,8) 승강장으로 이동
01,수도권,S9,9,9호선,0113,노들,1,출입구-승강장,3,1,1) 5번 출입구 근처 엘리베이터 이용
01,수도권,S9,9,9호선,0113,노들,1,출입구-승강장,3,2,2) 지하 1층으로 이동
01,수도권,S9,9,9호선,0113,노들,1,출입구-승강장,3,3,3) 개집표기를 통과
01,수도권,S9,9,9호선,0113,노들,1,출입구-승강장,3,4,4) 노량진 방면 엘리베이터 이용
01,수도권,S9,9,9호선,0113,노들,1,출입구-승강장,3,5,5) 지하 2층으로 이동
01,수도권,S9,9,9호선,0113,노들,1,출입구-승강장,3,6,6) 승강장으로 이동
01,수도권,S9,9,9호선,0113,노들,1,출입구-승강장,4,1,1) 1번 출입구 근처 엘리베이터 이용
01,수도권,S9,9,9호선,0113,노들,1,출입구-승강장,4,2,2) 지하 1층으로 이동
01,수도권,S9,9,9호선,0113,노들,1,출입구-승강장,4,3,3) 개집표기를 통과
01,수도권,S9,9,9호선,0113,노들,1,출입구-승강장,4,4,4) 흑석 방면 엘리베이터 이용
01,수도권,S9,9,9호선,0113,노들,1,출입구-승강장,4,5,5) 지하 2층으로 이동
01,수도권,S9,9,9호선,0113,노들,1,출입구-승강장,4,6,6) 승강장으로 이동
01,수도권,S9,9,9호선,0113,노들,1,출입구-승강장,5,1,1) 3번 출입구 근처 엘리베이터 이용
01,수도권,S9,9,9호선,0113,노들,1,출입구-승강장,5,2,2) 지하 1층으로 이동
01,수도권,S9,9,9호선,0113,노들,1,출입구-승강장,5,3,3) 2번 출입구 근처 엘리베이터 이용
01,수도권,S9,9,9호선,0113,노들,1,출입구-승강장,5,4,4) 지하 1층으로 이동
01,수도권,S9,9,9호선,0113,노들,1,출입구-승강장,5,5,5) 개집표기를 통과
01,수도권,S9,9,9호선,0113,노들,1,출입구-승강장,5,6,6) 흑석 방면 엘리베이터 이용
01,수도권,S9,9,9호선,0113,노들,1,출입구-승강장,5,7,7) 지하 2층으로 이동
01,수도권,S9,9,9호선,0113,노들,1,출입구-승강장,5,8,8) 승강장으로 이동
01,수도권,S9,9,9호선,0113,노들,1,출입구-승강장,6,1,1) 5번 출입구 근처 엘리베이터 이용
01,수도권,S9,9,9호선,0113,노들,1,출입구-승강장,6,2,2) 지하 1층으로 이동
01,수도권,S9,9,9호선,0113,노들,1,출입구-승강장,6,3,3) 개집표기를 통과
01,수도권,S9,9,9호선,0113,노들,1,출입구-승강장,6,4,4) 흑석 방면 엘리베이터 이용
01,수도권,S9,9,9호선,0113,노들,1,출입구-승강장,6,5,5) 지하 2층으로 이동
01,수도권,S9,9,9호선,0113,노들,1,출입구-승강장,6,6,6) 승강장으로 이동
01,수도권,S9,9,9호선,0610,흑석,1,출입구-승강장,1,1,1) 2번 출입구 근처 엘리베이터 이용
01,수도권,S9,9,9호선,0610,흑석,1,출입구-승강장,1,2,2) 지하 1층으로 이동
01,수도권,S9,9,9호선,0610,흑석,1,출입구-승강장,1,3,3) 개집표기를 통과하여 동작 방면 엘리베이터로 이동
01,수도권,S9,9,9호선,0610,흑석,1,출입구-승강장,1,4,4) 동작 방면 엘리베이터 이용
01,수도권,S9,9,9호선,0610,흑석,1,출입구-승강장,1,5,5) 지하 2층으로 이동
01,수도권,S9,9,9호선,0610,흑석,1,출입구-승강장,1,6,6) 동작 방향 승강장으로 이동
01,수도권,S9,9,9호선,0610,흑석,1,출입구-승강장,2,1,1) 3번 출입구 근처 엘리베이터 이용
01,수도권,S9,9,9호선,0610,흑석,1,출입구-승강장,2,2,2) 지하 1층으로 이동
01,수도권,S9,9,9호선,0610,흑석,1,출입구-승강장,2,3,3) 개집표기를 통과하여 동작 방면 엘리베이터로 이동
01,수도권,S9,9,9호선,0610,흑석,1,출입구-승강장,2,4,4) 동작 방면 엘리베이터 이용
01,수도권,S9,9,9호선,0610,흑석,1,출입구-승강장,2,5,5) 지하 2층으로 이동
01,수도권,S9,9,9호선,0610,흑석,1,출입구-승강장,2,6,6) 동작 방향 승강장으로 이동
01,수도권,S9,9,9호선,0610,흑석,1,출입구-승강장,3,1,1) 2번 출입구 근처 엘리베이터 이용
01,수도권,S9,9,9호선,0610,흑석,1,출입구-승강장,3,2,2) 지하 1층으로 이동
01,수도권,S9,9,9호선,0610,흑석,1,출입구-승강장,3,3,3) 개집표기를 통과하여 노들 방면 엘리베이터로 이동
01,수도권,S9,9,9호선,0610,흑석,1,출입구-승강장,3,4,4) 노들 방면 엘리베이터 이용
01,수도권,S9,9,9호선,0610,흑석,1,출입구-승강장,3,5,5) 지하 2층으로 이동
01,수도권,S9,9,9호선,0610,흑석,1,출입구-승강장,3,6,6) 노들 방향 승강장으로 이동
01,수도권,S9,9,9호선,0610,흑석,1,출입구-승강장,4,1,1) 3번 출입구 근처 엘리베이터 이용
01,수도권,S9,9,9호선,0610,흑석,1,출입구-승강장,4,2,2) 지하 1층으로 이동
01,수도권,S9,9,9호선,0610,흑석,1,출입구-승강장,4,3,3) 개집표기를 통과하여 노들 방면 엘리베이터로 이동
01,수도권,S9,9,9호선,0610,흑석,1,출입구-승강장,4,4,4) 노들 방면 엘리베이터 이용
01,수도권,S9,9,9호선,0610,흑석,1,출입구-승강장,4,5,5) 지하 2층으로 이동
01,수도권,S9,9,9호선,0610,흑석,1,출입구-승강장,4,6,6) 노들 방향 승강장으로 이동
01,수도권,S9,9,9호선,0167,동작,1,출입구-승강장,1,1,1) 1번 출입구로 개집표기로 이동
01,수도권,S9,9,9호선,0167,동작,1,출입구-승강장,1,2,2) 개집표기 근처 엘리베이터로 이동
01,수도권,S9,9,9호선,0167,동작,1,출입구-승강장,1,3,3) 지상 2층으로 이동
01,수도권,S9,9,9호선,0167,동작,1,출입구-승강장,1,4,4) 환승통로 엘리베이터로 이동
01,수도권,S9,9,9호선,0167,동작,1,출입구-승강장,1,5,5) 지하 2층으로 이동
01,수도권,S9,9,9호선,0167,동작,1,출입구-승강장,1,6,6) 환승통로를 지나 9호선 대합실 구반포 방면 엘리베이터로 이동
01,수도권,S9,9,9호선,0167,동작,1,출입구-승강장,1,7,7) 지하 3층으로 이동
01,수도권,S9,9,9호선,0167,동작,1,출입구-승강장,1,8,8) 구반포 방향 승강장으로 이동
01,수도권,S9,9,9호선,0167,동작,1,출입구-승강장,2,1,1) 5번 출입구 근처 엘리베이터 이용
01,수도권,S9,9,9호선,0167,동작,1,출입구-승강장,2,2,2) 지하 2층으로 이동
01,수도권,S9,9,9호선,0167,동작,1,출입구-승강장,2,3,3) 개집표기로 이동
01,수도권,S9,9,9호선,0167,동작,1,출입구-승강장,2,4,4) 9호선 대합실 구반포 방면 엘리베이터로 이동
01,수도권,S9,9,9호선,0167,동작,1,출입구-승강장,2,5,5) 지하 3층으로 이동
01,수도권,S9,9,9호선,0167,동작,1,출입구-승강장,2,6,6) 구반포 방향 승강장으로 이동
01,수도권,S9,9,9호선,0167,동작,1,출입구-승강장,3,1,1) 7번 출입구 근처 엘리베이터 이용
01,수도권,S9,9,9호선,0167,동작,1,출입구-승강장,3,2,2) 지하 1층으로 이동
01,수도권,S9,9,9호선,0167,동작,1,출입구-승강장,3,3,3) 지하 1층 통로를 지나 5번 출입구 근처 엘리베이터 이용
01,수도권,S9,9,9호선,0167,동작,1,출입구-승강장,3,4,4) 지하 2층으로 이동
01,수도권,S9,9,9호선,0167,동작,1,출입구-승강장,3,5,5) 개집표기로 이동
01,수도권,S9,9,9호선,0167,동작,1,출입구-승강장,3,6,6) 9호선 대합실 구반포 방면 엘리베이터로 이동
01,수도권,S9,9,9호선,0167,동작,1,출입구-승강장,3,7,7) 지하 3층으로 이동
01,수도권,S9,9,9호선,0167,동작,1,출입구-승강장,3,8,8) 구반포 방향 승강장으로 이동
01,수도권,S9,9,9호선,0167,동작,1,출입구-승강장,4,1,1) 1번 출입구로 개집표기로 이동
01,수도권,S9,9,9호선,0167,동작,1,출입구-승강장,4,2,2) 개집표기 근처 엘리베이터로 이동
01,수도권,S9,9,9호선,0167,동작,1,출입구-승강장,4,3,3) 지상 2층으로 이동
01,수도권,S9,9,9호선,0167,동작,1,출입구-승강장,4,4,4) 환승통로 엘리베이터로 이동
01,수도권,S9,9,9호선,0167,동작,1,출입구-승강장,4,5,5) 지하 2층으로 이동
01,수도권,S9,9,9호선,0167,동작,1,출입구-승강장,4,6,6) 환승통로를 지나 9호선 대합실 흑석방면 엘리베이터로 이동
01,수도권,S9,9,9호선,0167,동작,1,출입구-승강장,4,7,7) 지하 3층으로 이동
01,수도권,S9,9,9호선,0167,동작,1,출입구-승강장,4,8,8) 흑석 방향 승강장으로 이동
01,수도권,S9,9,9호선,0167,동작,1,출입구-승강장,5,1,1) 5번 출입구 근처 엘리베이터 이용
01,수도권,S9,9,9호선,0167,동작,1,출입구-승강장,5,2,2) 지하 2층으로 이동
01,수도권,S9,9,9호선,0167,동작,1,출입구-승강장,5,3,3) 개집표기로 이동
01,수도권,S9,9,9호선,0167,동작,1,출입구-승강장,5,4,4) 9호선 대합실 흑석방면 엘리베이터로 이동
01,수도권,S9,9,9호선,0167,동작,1,출입구-승강장,5,5,5) 지하 3층으로 이동
01,수도권,S9,9,9호선,0167,동작,1,출입구-승강장,5,6,6) 흑석 방향 승강장으로 이동
01,수도권,S9,9,9호선,0167,동작,1,출입구-승강장,6,1,1) 7번 출입구 근처 엘리베이터 이용
01,수도권,S9,9,9호선,0167,동작,1,출입구-승강장,6,2,2) 지하 1층으로 이동
01,수도권,S9,9,9호선,0167,동작,1,출입구-승강장,6,3,3) 지하 1층 통로를 지나 5번 출입구 근처 엘리베이터 이용
01,수도권,S9,9,9호선,0167,동작,1,출입구-승강장,6,4,4) 지하 2층으로 이동
01,수도권,S9,9,9호선,0167,동작,1,출입구-승강장,6,5,5) 개집표기로 이동
01,수도권,S9,9,9호선,0167,동작,1,출입구-승강장,6,6,6) 9호선 대합실 흑석방면 엘리베이터로 이동
01,수도권,S9,9,9호선,0167,동작,1,출입구-승강장,6,7,7) 지하 3층으로 이동
01,수도권,S9,9,9호선,0167,동작,1,출입구-승강장,6,8,8) 흑석 방향 승강장으로 이동
01,수도권,S9,9,9호선,0167,동작,3,환승,1,1,1) 흑석 방면 승강장
01,수도권,S9,9,9호선,0167,동작,3,환승,1,2,2) 승강장 엘리베이터 이용
01,수도권,S9,9,9호선,0167,동작,3,환승,1,3,3) 지하 2층으로 이동
01,수도권,S9,9,9호선,0167,동작,3,환승,1,4,4) 환승통로 엘리베이터 이용
01,수도권,S9,9,9호선,0167,동작,3,환승,1,5,5) 지상 2층으로 이동
01,수도권,S9,9,9호선,0167,동작,3,환승,1,6,6) 4호선 대합실 이촌 방면 엘리베이터 이용
01,수도권,S9,9,9호선,0167,동작,3,환승,1,7,7) 지상 3층으로 이동
01,수도권,S9,9,9호선,0167,동작,3,환승,1,8,8) 이촌 방면 승강장
01,수도권,S9,9,9호선,0167,동작,3,환승,2,1,1) 흑석 방면 승강장
01,수도권,S9,9,9호선,0167,동작,3,환승,2,2,2) 승강장 엘리베이터 이용
01,수도권,S9,9,9호선,0167,동작,3,환승,2,3,3) 지하 2층으로 이동
01,수도권,S9,9,9호선,0167,동작,3,환승,2,4,4) 환승통로 엘리베이터 이용
01,수도권,S9,9,9호선,0167,동작,3,환승,2,5,5) 지상 2층으로 이동
01,수도권,S9,9,9호선,0167,동작,3,환승,2,6,6) 4호선 대합실 총신대입구 방면 엘리베이터 이용
01,수도권,S9,9,9호선,0167,동작,3,환승,2,7,7) 지상 3층으로 이동
01,수도권,S9,9,9호선,0167,동작,3,환승,2,8,8) 총신대입구 방면 승강장
01,수도권,S9,9,9호선,0167,동작,3,환승,3,1,1) 구반포 방면 승강장
01,수도권,S9,9,9호선,0167,동작,3,환승,3,2,2) 승강장 엘리베이터 이용
01,수도권,S9,9,9호선,0167,동작,3,환승,3,3,3) 지하 2층으로 이동
01,수도권,S9,9,9호선,0167,동작,3,환승,3,4,4) 환승통로 엘리베이터 이용
01,수도권,S9,9,9호선,0167,동작,3,환승,3,5,5) 지상 2층으로 이동
01,수도권,S9,9,9호선,0167,동작,3,환승,3,6,6) 4호선 대합실 이촌 방면 엘리베이터 이용
01,수도권,S9,9,9호선,0167,동작,3,환승,3,7,7) 지상 3층으로 이동
01,수도권,S9,9,9호선,0167,동작,3,환승,3,8,8) 이촌 방면 승강장
01,수도권,S9,9,9호선,0167,동작,3,환승,4,1,1) 구반포 방면 승강장
01,수도권,S9,9,9호선,0167,동작,3,환승,4,2,2) 승강장 엘리베이터 이용
01,수도권,S9,9,9호선,0167,동작,3,환승,4,3,3) 지하 2층으로 이동
01,수도권,S9,9,9호선,0167,동작,3,환승,4,4,4) 환승통로 엘리베이터 이용
01,수도권,S9,9,9호선,0167,동작,3,환승,4,5,5) 지상 2층으로 이동
01,수도권,S9,9,9호선,0167,동작,3,환승,4,6,6) 4호선 대합실 총신대입구 방면 엘리베이터 이용
01,수도권,S9,9,9호선,0167,동작,3,환승,4,7,7) 지상 3층으로 이동
01,수도권,S9,9,9호선,0167,동작,3,환승,4,8,8) 총신대입구 방면 승강장
01,수도권,S9,9,9호선,0073,구반포,1,출입구-승강장,1,1,1) 2번 출입구 근처 엘리베이터 이용
01,수도권,S9,9,9호선,0073,구반포,1,출입구-승강장,1,2,2) 지하 1층 대합실으로 이동
01,수도권,S9,9,9호선,0073,구반포,1,출입구-승강장,1,3,3) 개집표기를 통과
01,수도권,S9,9,9호선,0073,구반포,1,출입구-승강장,1,4,4) 신반포 방면 엘리베이터 이용
01,수도권,S9,9,9호선,0073,구반포,1,출입구-승강장,1,5,5) 지하 3층 엘리베이터 하차
01,수도권,S9,9,9호선,0073,구반포,1,출입구-승강장,1,6,6) 지하 3층 승강장으로 이동
01,수도권,S9,9,9호선,0073,구반포,1,출입구-승강장,2,1,1) 2번 출입구 근처 엘리베이터 이용
01,수도권,S9,9,9호선,0073,구반포,1,출입구-승강장,2,2,2) 지하 1층 대합실으로 이동
01,수도권,S9,9,9호선,0073,구반포,1,출입구-승강장,2,3,3) 개집표기를 통과
01,수도권,S9,9,9호선,0073,구반포,1,출입구-승강장,2,4,4) 동작 방면 엘리베이터 이용
01,수도권,S9,9,9호선,0073,구반포,1,출입구-승강장,2,5,5) 지하 3층 엘리베이터 하차
01,수도권,S9,9,9호선,0073,구반포,1,출입구-승강장,2,6,6) 지하 3층 승강장으로 이동
01,수도권,S9,9,9호선,0363,신반포,1,출입구-승강장,1,1,1) 1번 출입구 근처 엘리베이터 이용
01,수도권,S9,9,9호선,0363,신반포,1,출입구-승강장,1,2,2) 지하 1층으로 이동
01,수도권,S9,9,9호선,0363,신반포,1,출입구-승강장,1,3,3) 개집표기를 통과
01,수도권,S9,9,9호선,0363,신반포,1,출입구-승강장,1,4,4) 고속터미널 방면 엘리베이터 이용
01,수도권,S9,9,9호선,0363,신반포,1,출입구-승강장,1,5,5) 지하 2층 엘리베이터 하차
01,수도권,S9,9,9호선,0363,신반포,1,출입구-승강장,1,6,6) 지하 2층 승강장으로 이동
01,수도권,S9,9,9호선,0363,신반포,1,출입구-승강장,2,1,1) 4번 출입구 근처 엘리베이터 이용
01,수도권,S9,9,9호선,0363,신반포,1,출입구-승강장,2,2,2) 지하 1층으로 이동
01,수도권,S9,9,9호선,0363,신반포,1,출입구-승강장,2,3,3) 개집표기를 통과
01,수도권,S9,9,9호선,0363,신반포,1,출입구-승강장,2,4,4) 고속터미널 방면 엘리베이터 이용
01,수도권,S9,9,9호선,0363,신반포,1,출입구-승강장,2,5,5) 지하 2층 엘리베이터 하차
01,수도권,S9,9,9호선,0363,신반포,1,출입구-승강장,2,6,6) 지하 2층 승강장으로 이동
01,수도권,S9,9,9호선,0363,신반포,1,출입구-승강장,3,1,1) 1번 출입구 근처 엘리베이터 이용
01,수도권,S9,9,9호선,0363,신반포,1,출입구-승강장,3,2,2) 지하 1층으로 이동
01,수도권,S9,9,9호선,0363,신반포,1,출입구-승강장,3,3,3) 개집표기를 통과
01,수도권,S9,9,9호선,0363,신반포,1,출입구-승강장,3,4,4) 구반포 방면 엘리베이터 이용
01,수도권,S9,9,9호선,0363,신반포,1,출입구-승강장,3,5,5) 지하 2층 엘리베이터 하차
01,수도권,S9,9,9호선,0363,신반포,1,출입구-승강장,3,6,6) 지하 2층 승강장으로 이동
01,수도권,S9,9,9호선,0363,신반포,1,출입구-승강장,4,1,1) 4번 출입구 근처 엘리베이터 이용
01,수도권,S9,9,9호선,0363,신반포,1,출입구-승강장,4,2,2) 지하 1층으로 이동
01,수도권,S9,9,9호선,0363,신반포,1,출입구-승강장,4,3,3) 개집표기를 통과
01,수도권,S9,9,9호선,0363,신반포,1,출입구-승강장,4,4,4) 구반포 방면 엘리베이터 이용
01,수도권,S9,9,9호선,0363,신반포,1,출입구-승강장,4,5,5) 지하 2층 엘리베이터 하차
01,수도권,S9,9,9호선,0363,신반포,1,출입구-승강장,4,6,6) 지하 2층 승강장으로 이동
01,수도권,S9,9,9호선,0048,고속터미널,1,출입구-승강장,1,1,1) 1번 출입구 근처 엘리베이터 이용
01,수도권,S9,9,9호선,0048,고속터미널,1,출입구-승강장,1,2,2) 지하 2층으로 이동
01,수도권,S9,9,9호선,0048,고속터미널,1,출입구-승강장,1,3,3) 개집표기 통과
01,수도권,S9,9,9호선,0048,고속터미널,1,출입구-승강장,1,4,4) 사평 방면 엘리베이터 이용
01,수도권,S9,9,9호선,0048,고속터미널,1,출입구-승강장,1,5,5) 지하 5층으로 이동
01,수도권,S9,9,9호선,0048,고속터미널,1,출입구-승강장,1,6,6) 승강장으로 이동
01,수도권,S9,9,9호선,0048,고속터미널,1,출입구-승강장,2,1,1) 1번 출입구 근처 엘리베이터 이용
01,수도권,S9,9,9호선,0048,고속터미널,1,출입구-승강장,2,2,2) 지하 2층으로 이동
01,수도권,S9,9,9호선,0048,고속터미널,1,출입구-승강장,2,3,3) 개집표기 통과
01,수도권,S9,9,9호선,0048,고속터미널,1,출입구-승강장,2,4,4) 신반포 방면 엘리베이터 이용
01,수도권,S9,9,9호선,0048,고속터미널,1,출입구-승강장,2,5,5) 지하 4층으로 이동
01,수도권,S9,9,9호선,0048,고속터미널,1,출입구-승강장,2,6,6) 신반포 방면 엘리베이터 이용
01,수도권,S9,9,9호선,0048,고속터미널,1,출입구-승강장,2,7,7) 지하 5층으로 이동
01,수도권,S9,9,9호선,0048,고속터미널,1,출입구-승강장,2,8,8) 승강장으로 이동
01,수도권,S9,9,9호선,0048,고속터미널,1,출입구-승강장,3,1,1) 8-1번 출입구 근처 엘리베이터 이용
01,수도권,S9,9,9호선,0048,고속터미널,1,출입구-승강장,3,2,2) 지하 2층으로 이동
01,수도권,S9,9,9호선,0048,고속터미널,1,출입구-승강장,3,3,3) 개집표기 통과
01,수도권,S9,9,9호선,0048,고속터미널,1,출입구-승강장,3,4,4) 사평 방면 엘리베이터 이용
01,수도권,S9,9,9호선,0048,고속터미널,1,출입구-승강장,3,5,5) 지하 4층으로 이동
01,수도권,S9,9,9호선,0048,고속터미널,1,출입구-승강장,3,6,6) 사평 방면 엘리베이터 이용
01,수도권,S9,9,9호선,0048,고속터미널,1,출입구-승강장,3,7,7) 지하 5층으로 이동
01,수도권,S9,9,9호선,0048,고속터미널,1,출입구-승강장,3,8,8) 승강장으로 이동
01,수도권,S9,9,9호선,0048,고속터미널,1,출입구-승강장,4,1,1) 8-1번 출입구 근처 엘리베이터 이용
01,수도권,S9,9,9호선,0048,고속터미널,1,출입구-승강장,4,2,2) 지하 2층으로 이동
01,수도권,S9,9,9호선,0048,고속터미널,1,출입구-승강장,4,3,3) 개집표기 통과
01,수도권,S9,9,9호선,0048,고속터미널,1,출입구-승강장,4,4,4) 신반포 방면 엘리베이터 이용
01,수도권,S9,9,9호선,0048,고속터미널,1,출입구-승강장,4,5,5) 지하 5층으로 이동
01,수도권,S9,9,9호선,0048,고속터미널,1,출입구-승강장,4,6,6) 승강장으로 이동
01,수도권,S9,9,9호선,0048,고속터미널,3,환승,1,1,1) 사평 방면 승강장
01,수도권,S9,9,9호선,0048,고속터미널,3,환승,1,2,2) 엘리베이터 이용
01,수도권,S9,9,9호선,0048,고속터미널,3,환승,1,3,3) 지하 2층으로 이동
01,수도권,S9,9,9호선,0048,고속터미널,3,환승,1,4,4) 7호선 환승통로 이동
01,수도권,S9,9,9호선,0048,고속터미널,3,환승,1,5,5) 3호선 잠원 방면 엘리베이터 이용
01,수도권,S9,9,9호선,0048,고속터미널,3,환승,1,6,6) 지하 3층으로 이동
01,수도권,S9,9,9호선,0048,고속터미널,3,환승,1,7,7) 3호선 잠원 방면 승강장
01,수도권,S9,9,9호선,0048,고속터미널,3,환승,2,1,1) 신반포 방면 승강장
01,수도권,S9,9,9호선,0048,고속터미널,3,환승,2,2,2) 엘리베이터 이용
01,수도권,S9,9,9호선,0048,고속터미널,3,환승,2,3,3) 지하 4층으로 이동
01,수도권,S9,9,9호선,0048,고속터미널,3,환승,2,4,4) 9호선 사평 방면 엘리베이터 이용
01,수도권,S9,9,9호선,0048,고속터미널,3,환승,2,5,5) 지하 2층으로 이동
01,수도권,S9,9,9호선,0048,고속터미널,3,환승,2,6,6) 7호선 환승통로 이동
01,수도권,S9,9,9호선,0048,고속터미널,3,환승,2,7,7) 3호선 잠원 방면 엘리베이터 이용
01,수도권,S9,9,9호선,0048,고속터미널,3,환승,2,8,8) 지하 3층으로 이동
01,수도권,S9,9,9호선,0048,고속터미널,3,환승,2,9,9) 3호선 잠원 방면 승강장
01,수도권,S9,9,9호선,0048,고속터미널,3,환승,3,1,1) 사평 방면 승강장
01,수도권,S9,9,9호선,0048,고속터미널,3,환승,3,2,2) 엘리베이터 이용
01,수도권,S9,9,9호선,0048,고속터미널,3,환승,3,3,3) 지하 2층으로 이동
01,수도권,S9,9,9호선,0048,고속터미널,3,환승,3,4,4) 7호선 환승통로 이동
01,수도권,S9,9,9호선,0048,고속터미널,3,환승,3,5,5) 3호선 교대 방면 엘리베이터 이용
01,수도권,S9,9,9호선,0048,고속터미널,3,환승,3,6,6) 지하 3층으로 이동
01,수도권,S9,9,9호선,0048,고속터미널,3,환승,3,7,7) 3호선 교대 방면 승강장
01,수도권,S9,9,9호선,0048,고속터미널,3,환승,4,1,1) 신반포 방면 승강장
01,수도권,S9,9,9호선,0048,고속터미널,3,환승,4,2,2) 엘리베이터 이용
01,수도권,S9,9,9호선,0048,고속터미널,3,환승,4,3,3) 지하 4층으로 이동
01,수도권,S9,9,9호선,0048,고속터미널,3,환승,4,4,4) 9호선 사평 방면 엘리베이터 이용
01,수도권,S9,9,9호선,0048,고속터미널,3,환승,4,5,5) 지하 2층으로 이동
01,수도권,S9,9,9호선,0048,고속터미널,3,환승,4,6,6) 7호선 환승통로 이동
01,수도권,S9,9,9호선,0048,고속터미널,3,환승,4,7,7) 3호선 교대 방면 엘리베이터 이용
01,수도권,S9,9,9호선,0048,고속터미널,3,환승,4,8,8) 지하 3층으로 이동
01,수도권,S9,9,9호선,0048,고속터미널,3,환승,4,9,9) 3호선 교대 방면 승강장
01,수도권,S9,9,9호선,0048,고속터미널,3,환승,5,1,1) 사평 방면 승강장
01,수도권,S9,9,9호선,0048,고속터미널,3,환승,5,2,2) 엘리베이터 이용
01,수도권,S9,9,9호선,0048,고속터미널,3,환승,5,3,3) 지하 2층으로 이동
01,수도권,S9,9,9호선,0048,고속터미널,3,환승,5,4,4) 7호선 환승통로 이동
01,수도권,S9,9,9호선,0048,고속터미널,3,환승,5,5,5) 휠체어리프트 이용
01,수도권,S9,9,9호선,0048,고속터미널,3,환승,5,6,6) 7호선 지하 2층으로 이동
01,수도권,S9,9,9호선,0048,고속터미널,3,환승,5,7,7) 7호선 내방 방면 엘리베이터 이용
01,수도권,S9,9,9호선,0048,고속터미널,3,환승,5,8,8) 지하 3층으로 이동
01,수도권,S9,9,9호선,0048,고속터미널,3,환승,5,9,9) 7호선 내방 방면 승강장
01,수도권,S9,9,9호선,0048,고속터미널,3,환승,6,1,1) 신반포 방면 승강장
01,수도권,S9,9,9호선,0048,고속터미널,3,환승,6,2,2) 엘리베이터 이용
01,수도권,S9,9,9호선,0048,고속터미널,3,환승,6,3,3) 지하 4층으로 이동
01,수도권,S9,9,9호선,0048,고속터미널,3,환승,6,4,4) 9호선 사평 방면 엘리베이터 이용
01,수도권,S9,9,9호선,0048,고속터미널,3,환승,6,5,5) 지하 2층으로 이동
01,수도권,S9,9,9호선,0048,고속터미널,3,환승,6,6,6) 7호선 환승통로 이동
01,수도권,S9,9,9호선,0048,고속터미널,3,환승,6,7,7) 휠체어리프트 이용
01,수도권,S9,9,9호선,0048,고속터미널,3,환승,6,8,8) 7호선 지하 2층으로 이동
01,수도권,S9,9,9호선,0048,고속터미널,3,환승,6,9,9) 7호선 내방 방면 엘리베이터 이용
01,수도권,S9,9,9호선,0048,고속터미널,3,환승,6,10,10) 지하 3층으로 이동
01,수도권,S9,9,9호선,0048,고속터미널,3,환승,6,11,11) 7호선 내방 방면 승강장
01,수도권,S9,9,9호선,0048,고속터미널,3,환승,7,1,1) 사평 방면 승강장
01,수도권,S9,9,9호선,0048,고속터미널,3,환승,7,2,2) 엘리베이터 이용
01,수도권,S9,9,9호선,0048,고속터미널,3,환승,7,3,3) 지하 2층으로 이동
01,수도권,S9,9,9호선,0048,고속터미널,3,환승,7,4,4) 7호선 환승통로 이동
01,수도권,S9,9,9호선,0048,고속터미널,3,환승,7,5,5) 휠체어리프트 이용
01,수도권,S9,9,9호선,0048,고속터미널,3,환승,7,6,6) 7호선 지하 2층으로 이동
01,수도권,S9,9,9호선,0048,고속터미널,3,환승,7,7,7) 7호선 반포 방면 엘리베이터 이용
01,수도권,S9,9,9호선,0048,고속터미널,3,환승,7,8,8) 지하 3층으로 이동
01,수도권,S9,9,9호선,0048,고속터미널,3,환승,7,9,9) 7호선 반포 방면 승강장
01,수도권,S9,9,9호선,0048,고속터미널,3,환승,8,1,1) 신반포 방면 승강장
01,수도권,S9,9,9호선,0048,고속터미널,3,환승,8,2,2) 엘리베이터 이용
01,수도권,S9,9,9호선,0048,고속터미널,3,환승,8,3,3) 지하 4층으로 이동
01,수도권,S9,9,9호선,0048,고속터미널,3,환승,8,4,4) 9호선 사평 방면 엘리베이터 이용
01,수도권,S9,9,9호선,0048,고속터미널,3,환승,8,5,5) 지하 2층으로 이동
01,수도권,S9,9,9호선,0048,고속터미널,3,환승,8,6,6) 7호선 환승통로 이동
01,수도권,S9,9,9호선,0048,고속터미널,3,환승,8,7,7) 휠체어리프트 이용
01,수도권,S9,9,9호선,0048,고속터미널,3,환승,8,8,8) 지하 2층으로 이동
01,수도권,S9,9,9호선,0048,고속터미널,3,환승,8,9,9) 7호선 반포 방면 엘리베이터 이용
01,수도권,S9,9,9호선,0048,고속터미널,3,환승,8,10,10) 지하 3층으로 이동
01,수도권,S9,9,9호선,0048,고속터미널,3,환승,8,11,11) 7호선 반포 방면 승강장
01,수도권,S9,9,9호선,0259,사평,1,출입구-승강장,1,1,1) 1번 출입구 근처 엘리베이터 이용
01,수도권,S9,9,9호선,0259,사평,1,출입구-승강장,1,2,2) 지하 1층으로 이동
01,수도권,S9,9,9호선,0259,사평,1,출입구-승강장,1,3,3) 개집표기를 통과
01,수도권,S9,9,9호선,0259,사평,1,출입구-승강장,1,4,4) 고속터미널 방면 엘리베이터 이용
01,수도권,S9,9,9호선,0259,사평,1,출입구-승강장,1,5,5) 지하 3층으로 이동
01,수도권,S9,9,9호선,0259,사평,1,출입구-승강장,1,6,6) 승강장으로 이동
01,수도권,S9,9,9호선,0259,사평,1,출입구-승강장,2,1,1) 2번 출입구 근처 엘리베이터 이용
01,수도권,S9,9,9호선,0259,사평,1,출입구-승강장,2,2,2) 지하 1층으로 이동
01,수도권,S9,9,9호선,0259,사평,1,출입구-승강장,2,3,3) 개집표기를 통과
01,수도권,S9,9,9호선,0259,사평,1,출입구-승강장,2,4,4) 고속터미널 방면 엘리베이터 이용
01,수도권,S9,9,9호선,0259,사평,1,출입구-승강장,2,5,5) 지하 3층으로 이동
01,수도권,S9,9,9호선,0259,사평,1,출입구-승강장,2,6,6) 승강장으로 이동
01,수도권,S9,9,9호선,0259,사평,1,출입구-승강장,3,1,1) 1번 출입구 근처 엘리베이터 이용
01,수도권,S9,9,9호선,0259,사평,1,출입구-승강장,3,2,2) 지하 1층으로 이동
01,수도권,S9,9,9호선,0259,사평,1,출입구-승강장,3,3,3) 개집표기를 통과
01,수도권,S9,9,9호선,0259,사평,1,출입구-승강장,3,4,4) 신논현 방면 엘리베이터 이용
01,수도권,S9,9,9호선,0259,사평,1,출입구-승강장,3,5,5) 지하 3층으로 이동
01,수도권,S9,9,9호선,0259,사평,1,출입구-승강장,3,6,6) 승강장으로 이동
01,수도권,S9,9,9호선,0259,사평,1,출입구-승강장,4,1,1) 2번 출입구 근처 엘리베이터 이용
01,수도권,S9,9,9호선,0259,사평,1,출입구-승강장,4,2,2) 지하 1층으로 이동
01,수도권,S9,9,9호선,0259,사평,1,출입구-승강장,4,3,3) 개집표기를 통과
01,수도권,S9,9,9호선,0259,사평,1,출입구-승강장,4,4,4) 신논현 방면 엘리베이터 이용
01,수도권,S9,9,9호선,0259,사평,1,출입구-승강장,4,5,5) 지하 3층으로 이동
01,수도권,S9,9,9호선,0259,사평,1,출입구-승강장,4,6,6) 승강장으로 이동
01,수도권,S9,9,9호선,0354,신논현,1,출입구-승강장,1,1,1) 2번 출입구 근처 엘리베이터 이용
01,수도권,S9,9,9호선,0354,신논현,1,출입구-승강장,1,2,2) 지하 1층으로 이동
01,수도권,S9,9,9호선,0354,신논현,1,출입구-승강장,1,3,3) 개집표기를 통과
01,수도권,S9,9,9호선,0354,신논현,1,출입구-승강장,1,4,4) 사평 방면 엘리베이터 이용
01,수도권,S9,9,9호선,0354,신논현,1,출입구-승강장,1,5,5) 지하 4층으로 이동
01,수도권,S9,9,9호선,0354,신논현,1,출입구-승강장,1,6,6) 승강장으로 이동
01,수도권,S9,9,9호선,0354,신논현,1,출입구-승강장,2,1,1) 2번 출입구 근처 엘리베이터 이용
01,수도권,S9,9,9호선,0354,신논현,1,출입구-승강장,2,2,2) 지하 1층으로 이동
01,수도권,S9,9,9호선,0354,신논현,1,출입구-승강장,2,3,3) 개집표기를 통과
01,수도권,S9,9,9호선,0354,신논현,1,출입구-승강장,2,4,4) 언주 방면 엘리베이터 이용
01,수도권,S9,9,9호선,0354,신논현,1,출입구-승강장,2,5,5) 지하 4층으로 이동
01,수도권,S9,9,9호선,0354,신논현,1,출입구-승강장,2,6,6) 승강장으로 이동
01,수도권,S9,9,9호선,0354,신논현,1,출입구-승강장,5,1,1) 8번 출입구 근처 엘리베이터 이용
01,수도권,S9,9,9호선,0354,신논현,1,출입구-승강장,5,2,2) 지하 1층으로 이동
01,수도권,S9,9,9호선,0354,신논현,1,출입구-승강장,5,3,3) 개집표기를 통과
01,수도권,S9,9,9호선,0354,신논현,1,출입구-승강장,5,4,4) 사평 방면 엘리베이터 이용
01,수도권,S9,9,9호선,0354,신논현,1,출입구-승강장,5,5,5) 지하 4층으로 이동
01,수도권,S9,9,9호선,0354,신논현,1,출입구-승강장,5,6,6) 승강장으로 이동
01,수도권,S9,9,9호선,0354,신논현,1,출입구-승강장,6,1,1) 8번 출입구 근처 엘리베이터 이용
01,수도권,S9,9,9호선,0354,신논현,1,출입구-승강장,6,2,2) 지하 1층으로 이동
01,수도권,S9,9,9호선,0354,신논현,1,출입구-승강장,6,3,3) 개집표기를 통과
01,수도권,S9,9,9호선,0354,신논현,1,출입구-승강장,6,4,4) 언주 방면 엘리베이터 이용
01,수도권,S9,9,9호선,0354,신논현,1,출입구-승강장,6,5,5) 지하 4층으로 이동
01,수도권,S9,9,9호선,0354,신논현,1,출입구-승강장,6,6,6) 승강장으로 이동
01,수도권,S9,9,9호선,0410,언주,1,출입구-승강장,1,1,1) (1F) 2번 출입구 옆 엘리베이터 탑승
01,수도권,S9,9,9호선,0410,언주,1,출입구-승강장,1,2,2) (B1) 대합실로 이동
01,수도권,S9,9,9호선,0410,언주,1,출입구-승강장,1,3,3) 표 내는 곳 통과
01,수도권,S9,9,9호선,0410,언주,1,출입구-승강장,1,4,4) 신논현 방면 엘리베이터 탑승
01,수도권,S9,9,9호선,0410,언주,1,출입구-승강장,1,5,5) (B5) 신논현 방면 승강장으로 이동
01,수도권,S9,9,9호선,0410,언주,1,출입구-승강장,1,6,6) 승차 (휠체어칸)
01,수도권,S9,9,9호선,0410,언주,1,출입구-승강장,2,1,1) (1F) 2번 출입구 옆 엘리베이터 탑승
01,수도권,S9,9,9호선,0410,언주,1,출입구-승강장,2,2,2) (B1) 대합실로 이동
01,수도권,S9,9,9호선,0410,언주,1,출입구-승강장,2,3,3) 표 내는 곳 통과
01,수도권,S9,9,9호선,0410,언주,1,출입구-승강장,2,4,4) 선정릉 방면 엘리베이터 탑승
01,수도권,S9,9,9호선,0410,언주,1,출입구-승강장,2,5,5) (B5) 선정릉 방면 승강장으로 이동
01,수도권,S9,9,9호선,0410,언주,1,출입구-승강장,2,6,6) 승차 (휠체어칸)
01,수도권,S9,9,9호선,0410,언주,1,출입구-승강장,3,1,1) (1F) 6번 출입구 옆 엘리베이터 탑승
01,수도권,S9,9,9호선,0410,언주,1,출입구-승강장,3,2,2) (B1) 대합실로 이동
01,수도권,S9,9,9호선,0410,언주,1,출입구-승강장,3,3,3) 표 내는 곳 통과
01,수도권,S9,9,9호선,0410,언주,1,출입구-승강장,3,4,4) 신논현 방면 엘리베이터 탑승
01,수도권,S9,9,9호선,0410,언주,1,출입구-승강장,3,5,5) (B5) 신논현 방면 승강장으로 이동
01,수도권,S9,9,9호선,0410,언주,1,출입구-승강장,3,6,6) 승차 (휠체어칸)
01,수도권,S9,9,9호선,0410,언주,1,출입구-승강장,4,1,1) (1F) 6번 출입구 옆 엘리베이터 탑승
01,수도권,S9,9,9호선,0410,언주,1,출입구-승강장,4,2,2) (B1) 대합실로 이동
01,수도권,S9,9,9호선,0410,언주,1,출입구-승강장,4,3,3) 표 내는 곳 통과
01,수도권,S9,9,9호선,0410,언주,1,출입구-승강장,4,4,4) 선정릉 방면 엘리베이터 탑승
01,수도권,S9,9,9호선,0410,언주,1,출입구-승강장,4,5,5) (B5) 선정릉 방면 승강장으로 이동
01,수도권,S9,9,9호선,0410,언주,1,출입구-승강장,4,6,6) 승차 (휠체어칸)
01,수도권,S9,9,9호선,0309,선정릉,1,출입구-승강장,1,1,1) (1F) 1번 출입구 옆 엘리베이터 탑승
01,수도권,S9,9,9호선,0309,선정릉,1,출입구-승강장,1,2,2) (B1) 대합실로 이동
01,수도권,S9,9,9호선,0309,선정릉,1,출입구-승강장,1,3,3) 표 내는 곳 통과
01,수도권,S9,9,9호선,0309,선정릉,1,출입구-승강장,1,4,4) 언주 방면 엘리베이터 탑승
01,수도권,S9,9,9호선,0309,선정릉,1,출입구-승강장,1,5,5) (B3) 언주 방면 승강장으로 이동
01,수도권,S9,9,9호선,0309,선정릉,1,출입구-승강장,1,6,6) 승차 (휠체어칸)
01,수도권,S9,9,9호선,0309,선정릉,1,출입구-승강장,2,1,1) (1F) 1번 출입구 옆 엘리베이터 탑승
01,수도권,S9,9,9호선,0309,선정릉,1,출입구-승강장,2,2,2) (B1) 대합실로 이동
01,수도권,S9,9,9호선,0309,선정릉,1,출입구-승강장,2,3,3) 표 내는 곳 통과
01,수도권,S9,9,9호선,0309,선정릉,1,출입구-승강장,2,4,4) 삼성중앙 방면 엘리베이터 탑승
01,수도권,S9,9,9호선,0309,선정릉,1,출입구-승강장,2,5,5) (B3) 삼성중앙 방면 승강장으로 이동
01,수도권,S9,9,9호선,0309,선정릉,1,출입구-승강장,2,6,6) 승차 (휠체어칸)
01,수도권,S9,9,9호선,0309,선정릉,1,출입구-승강장,3,1,1) (1F) 4번 출입구 근처 엘리베이터 탑승
01,수도권,S9,9,9호선,0309,선정릉,1,출입구-승강장,3,2,2) (B1) 대합실로 이동
01,수도권,S9,9,9호선,0309,선정릉,1,출입구-승강장,3,3,3) 표 내는 곳 통과
01,수도권,S9,9,9호선,0309,선정릉,1,출입구-승강장,3,4,4) 언주 방면 엘리베이터 탑승
01,수도권,S9,9,9호선,0309,선정릉,1,출입구-승강장,3,5,5) (B3) 언주 방면 승강장으로 이동
01,수도권,S9,9,9호선,0309,선정릉,1,출입구-승강장,3,6,6) 승차 (휠체어칸)
01,수도권,S9,9,9호선,0309,선정릉,1,출입구-승강장,4,1,1) (1F) 4번 출입구 근처 엘리베이터 탑승
01,수도권,S9,9,9호선,0309,선정릉,1,출입구-승강장,4,2,2) (B1) 대합실로 이동
01,수도권,S9,9,9호선,0309,선정릉,1,출입구-승강장,4,3,3) 표 내는 곳 통과
01,수도권,S9,9,9호선,0309,선정릉,1,출입구-승강장,4,4,4) 삼성중앙 방면 엘리베이터 탑승
01,수도권,S9,9,9호선,0309,선정릉,1,출입구-승강장,4,5,5) (B3) 삼성중앙 방면 승강장으로 이동
01,수도권,S9,9,9호선,0309,선정릉,1,출입구-승강장,4,6,6) 승차 (휠체어칸)
01,수도권,S9,9,9호선,0309,선정릉,3,환승,1,1,1) (B3) 9호선 언주 방면 승강장 하차
01,수도권,S9,9,9호선,0309,선정릉,3,환승,1,2,2) 수인분당선 대합실 방향 환승 엘리베이터 탑승
01,수도권,S9,9,9호선,0309,선정릉,3,환승,1,3,3) (B4) 수인분당선 대합실로 이동
01,수도권,S9,9,9호선,0309,선정릉,3,환승,1,4,4) 수인분당선 강남구청 방면 엘리베이터 탑승
01,수도권,S9,9,9호선,0309,선정릉,3,환승,1,5,5) (B5) 수인분당선 강남구청 방면 승강장으로 이동
01,수도권,S9,9,9호선,0309,선정릉,3,환승,1,6,6) 승차 (휠체어칸)
01,수도권,S9,9,9호선,0309,선정릉,3,환승,2,1,1) (B3) 9호선 언주 방면 승강장 하차
01,수도권,S9,9,9호선,0309,선정릉,3,환승,2,2,2) 수인분당선 대합실 방향 환승 엘리베이터 탑승
01,수도권,S9,9,9호선,0309,선정릉,3,환승,2,3,3) (B4) 수인분당선 대합실로 이동
01,수도권,S9,9,9호선,0309,선정릉,3,환승,2,4,4) 수인분당선 선릉 방면 엘리베이터 탑승
01,수도권,S9,9,9호선,0309,선정릉,3,환승,2,5,5) (B5) 수인분당선 선릉 방면 승강장으로 이동
01,수도권,S9,9,9호선,0309,선정릉,3,환승,2,6,6) 승차 (휠체어칸)
01,수도권,S9,9,9호선,0309,선정릉,3,환승,3,1,1) (B3) 9호선 삼성중앙 방면 승강장 하차
01,수도권,S9,9,9호선,0309,선정릉,3,환승,3,2,2) 수인분당선 대합실 방향 환승 엘리베이터 탑승
01,수도권,S9,9,9호선,0309,선정릉,3,환승,3,3,3) (B4) 수인분당선 대합실로 이동
01,수도권,S9,9,9호선,0309,선정릉,3,환승,3,4,4) 수인분당선 강남구청 방면 엘리베이터 탑승
01,수도권,S9,9,9호선,0309,선정릉,3,환승,3,5,5) (B5) 수인분당선 강남구청 방면 승강장으로 이동
01,수도권,S9,9,9호선,0309,선정릉,3,환승,3,6,6) 승차 (휠체어칸)
01,수도권,S9,9,9호선,0309,선정릉,3,환승,4,1,1) (B3) 9호선 삼성중앙 방면 승강장 하차
01,수도권,S9,9,9호선,0309,선정릉,3,환승,4,2,2) 수인분당선 대합실 방향 환승 엘리베이터 탑승
01,수도권,S9,9,9호선,0309,선정릉,3,환승,4,3,3) (B4) 수인분당선 대합실로 이동
01,수도권,S9,9,9호선,0309,선정릉,3,환승,4,4,4) 수인분당선 선릉 방면 엘리베이터 탑승
01,수도권,S9,9,9호선,0309,선정릉,3,환승,4,5,5) (B5) 수인분당선 선릉 방면 승강장으로 이동
01,수도권,S9,9,9호선,0309,선정릉,3,환승,4,6,6) 승차 (휠체어칸)
01,수도권,S9,9,9호선,0267,삼성중앙,1,출입구-승강장,1,1,1) (1F) 3번 출입구 옆 엘리베이터 탑승
01,수도권,S9,9,9호선,0267,삼성중앙,1,출입구-승강장,1,2,2) (B1) 대합실로 이동
01,수도권,S9,9,9호선,0267,삼성중앙,1,출입구-승강장,1,3,3) 표 내는 곳 통과
01,수도권,S9,9,9호선,0267,삼성중앙,1,출입구-승강장,1,4,4) 선정릉 방면 엘리베이터 탑승
01,수도권,S9,9,9호선,0267,삼성중앙,1,출입구-승강장,1,5,5) (B2) 선정릉 방면 승강장으로 이동
01,수도권,S9,9,9호선,0267,삼성중앙,1,출입구-승강장,1,6,6) 승차 (휠체어칸)
01,수도권,S9,9,9호선,0267,삼성중앙,1,출입구-승강장,2,1,1) (1F) 3번 출입구 옆 엘리베이터 탑승
01,수도권,S9,9,9호선,0267,삼성중앙,1,출입구-승강장,2,2,2) (B1) 대합실로 이동
01,수도권,S9,9,9호선,0267,삼성중앙,1,출입구-승강장,2,3,3) 표 내는 곳 통과
01,수도권,S9,9,9호선,0267,삼성중앙,1,출입구-승강장,2,4,4) 봉은사 방면 엘리베이터 탑승
01,수도권,S9,9,9호선,0267,삼성중앙,1,출입구-승강장,2,5,5) (B2) 봉은사 방면 승강장으로 이동
01,수도권,S9,9,9호선,0267,삼성중앙,1,출입구-승강장,2,6,6) 승차 (휠체어칸)
01,수도권,S9,9,9호선,0267,삼성중앙,1,출입구-승강장,3,1,1) (1F) 5번 출입구 옆 엘리베이터 탑승
01,수도권,S9,9,9호선,0267,삼성중앙,1,출입구-승강장,3,2,2) (B1) 대합실로 이동
01,수도권,S9,9,9호선,0267,삼성중앙,1,출입구-승강장,3,3,3) 표 내는 곳 통과
01,수도권,S9,9,9호선,0267,삼성중앙,1,출입구-승강장,3,4,4) 선정릉 방면 엘리베이터 탑승
01,수도권,S9,9,9호선,0267,삼성중앙,1,출입구-승강장,3,5,5) (B2) 선정릉 방면 승강장으로 이동
01,수도권,S9,9,9호선,0267,삼성중앙,1,출입구-승강장,3,6,6) 승차 (휠체어칸)
01,수도권,S9,9,9호선,0267,삼성중앙,1,출입구-승강장,4,1,1) (1F) 5번 출입구 옆 엘리베이터 탑승
01,수도권,S9,9,9호선,0267,삼성중앙,1,출입구-승강장,4,2,2) (B1) 대합실로 이동
01,수도권,S9,9,9호선,0267,삼성중앙,1,출입구-승강장,4,3,3) 표 내는 곳 통과
01,수도권,S9,9,9호선,0267,삼성중앙,1,출입구-승강장,4,4,4) 봉은사 방면 엘리베이터 탑승
01,수도권,S9,9,9호선,0267,삼성중앙,1,출입구-승강장,4,5,5) (B2) 봉은사 방면 승강장으로 이동
01,수도권,S9,9,9호선,0267,삼성중앙,1,출입구-승강장,4,6,6) 승차 (휠체어칸)
01,수도권,S9,9,9호선,0241,봉은사,1,출입구-승강장,1,1,1) (1F) 3번 출입구 옆 엘리베이터 탑승
01,수도권,S9,9,9호선,0241,봉은사,1,출입구-승강장,1,2,2) (B1) 대합실로 이동
01,수도권,S9,9,9호선,0241,봉은사,1,출입구-승강장,1,3,3) 표 내는 곳 통과
01,수도권,S9,9,9호선,0241,봉은사,1,출입구-승강장,1,4,4) 삼성중앙 방면 엘리베이터 탑승
01,수도권,S9,9,9호선,0241,봉은사,1,출입구-승강장,1,5,5) (B2) 삼성중앙 방면 승강장으로 이동
01,수도권,S9,9,9호선,0241,봉은사,1,출입구-승강장,1,6,6) 승차 (휠체어칸)
01,수도권,S9,9,9호선,0241,봉은사,1,출입구-승강장,2,1,1) (1F) 3번 출입구 옆 엘리베이터 탑승
01,수도권,S9,9,9호선,0241,봉은사,1,출입구-승강장,2,2,2) (B1) 대합실로 이동
01,수도권,S9,9,9호선,0241,봉은사,1,출입구-승강장,2,3,3) 표 내는 곳 통과
01,수도권,S9,9,9호선,0241,봉은사,1,출입구-승강장,2,4,4) 종합운동장 방면 엘리베이터 탑승
01,수도권,S9,9,9호선,0241,봉은사,1,출입구-승강장,2,5,5) (B2) 종합운동장 방면 승강장으로 이동
01,수도권,S9,9,9호선,0241,봉은사,1,출입구-승강장,2,6,6) 승차 (휠체어칸)
01,수도권,S9,9,9호선,0241,봉은사,1,출입구-승강장,3,1,1) (1F) 7번 출입구 옆 엘리베이터 탑승
01,수도권,S9,9,9호선,0241,봉은사,1,출입구-승강장,3,2,2) (B1) 대합실로 이동
01,수도권,S9,9,9호선,0241,봉은사,1,출입구-승강장,3,3,3) 표 내는 곳 통과
01,수도권,S9,9,9호선,0241,봉은사,1,출입구-승강장,3,4,4) 삼성중앙 방면 엘리베이터 탑승
01,수도권,S9,9,9호선,0241,봉은사,1,출입구-승강장,3,5,5) (B2) 삼성중앙 방면 승강장으로 이동
01,수도권,S9,9,9호선,0241,봉은사,1,출입구-승강장,3,6,6) 승차 (휠체어칸)
01,수도권,S9,9,9호선,0241,봉은사,1,출입구-승강장,4,1,1) (1F) 7번 출입구 옆 엘리베이터 탑승
01,수도권,S9,9,9호선,0241,봉은사,1,출입구-승강장,4,2,2) (B1) 대합실로 이동
01,수도권,S9,9,9호선,0241,봉은사,1,출입구-승강장,4,3,3) 표 내는 곳 통과
01,수도권,S9,9,9호선,0241,봉은사,1,출입구-승강장,4,4,4) 종합운동장 방면 엘리베이터 탑승
01,수도권,S9,9,9호선,0241,봉은사,1,출입구-승강장,4,5,5) (B2) 종합운동장 방면 승강장으로 이동
01,수도권,S9,9,9호선,0241,봉은사,1,출입구-승강장,4,6,6) 승차 (휠체어칸)
01,수도권,S9,9,9호선,0518,종합운동장,1,출입구-승강장,1,1,1) (1F) 9번 출입구 옆 엘리베이터 탑승
01,수도권,S9,9,9호선,0518,종합운동장,1,출입구-승강장,1,2,2) (B1) 대합실로 이동
01,수도권,S9,9,9호선,0518,종합운동장,1,출입구-승강장,1,3,3) 표 내는 곳 통과
01,수도권,S9,9,9호선,0518,종합운동장,1,출입구-승강장,1,4,4) 봉은사 방면 엘리베이터 탑승
01,수도권,S9,9,9호선,0518,종합운동장,1,출입구-승강장,1,5,5) (B4) 봉은사 방면 승강장으로 이동
01,수도권,S9,9,9호선,0518,종합운동장,1,출입구-승강장,1,6,6) 승차 (휠체어칸)
01,수도권,S9,9,9호선,0518,종합운동장,1,출입구-승강장,2,1,1) (1F) 9번 출입구 옆 엘리베이터 탑승
01,수도권,S9,9,9호선,0518,종합운동장,1,출입구-승강장,2,2,2) (B1) 대합실로 이동
01,수도권,S9,9,9호선,0518,종합운동장,1,출입구-승강장,2,3,3) 표 내는 곳 통과
01,수도권,S9,9,9호선,0518,종합운동장,1,출입구-승강장,2,4,4) 삼전 방면 엘리베이터 탑승
01,수도권,S9,9,9호선,0518,종합운동장,1,출입구-승강장,2,5,5) (B4) 삼전 방면 승강장으로 이동
01,수도권,S9,9,9호선,0518,종합운동장,1,출입구-승강장,2,6,6) 승차 (휠체어칸)
01,수도권,S9,9,9호선,0518,종합운동장,3,환승,1,1,1) (B4) 9호선 봉은사 방면 승강장 하차
01,수도권,S9,9,9호선,0518,종합운동장,3,환승,1,2,2) 환승 대합실 방향 엘리베이터 탑승
01,수도권,S9,9,9호선,0518,종합운동장,3,환승,1,3,3) (B2) 환승 대합실로 이동
01,수도권,S9,9,9호선,0518,종합운동장,3,환승,1,4,4) 2호선 방향 환승 엘리베이터 탑승
01,수도권,S9,9,9호선,0518,종합운동장,3,환승,1,5,5) (B1) 2호선 대합실로 이동
01,수도권,S9,9,9호선,0518,종합운동장,3,환승,1,6,6) 2호선 잠실새내 방면 엘리베이터 탑승
01,수도권,S9,9,9호선,0518,종합운동장,3,환승,1,7,7) (B2) 2호선 잠실새내 방면 승강장으로 이동
01,수도권,S9,9,9호선,0518,종합운동장,3,환승,1,8,8) 승차 (휠체어칸)
01,수도권,S9,9,9호선,0518,종합운동장,3,환승,2,1,1) (B4) 9호선 봉은사 방면 승강장 하차
01,수도권,S9,9,9호선,0518,종합운동장,3,환승,2,2,2) 환승 대합실 방향 엘리베이터 탑승
01,수도권,S9,9,9호선,0518,종합운동장,3,환승,2,3,3) (B2) 환승 대합실로 이동
01,수도권,S9,9,9호선,0518,종합운동장,3,환승,2,4,4) 2호선 방향 환승 엘리베이터 탑승
01,수도권,S9,9,9호선,0518,종합운동장,3,환승,2,5,5) (B1) 2호선 대합실로 이동
01,수도권,S9,9,9호선,0518,종합운동장,3,환승,2,6,6) 2호선 삼성 방면 엘리베이터 탑승
01,수도권,S9,9,9호선,0518,종합운동장,3,환승,2,7,7) (B2) 2호선 삼성 방면 승강장으로 이동
01,수도권,S9,9,9호선,0518,종합운동장,3,환승,2,8,8) 승차 (휠체어칸)
01,수도권,S9,9,9호선,0518,종합운동장,3,환승,3,1,1) (B4) 9호선 삼전 방면 승강장 하차
01,수도권,S9,9,9호선,0518,종합운동장,3,환승,3,2,2) 환승 대합실 방향 엘리베이터 탑승
01,수도권,S9,9,9호선,0518,종합운동장,3,환승,3,3,3) (B2) 환승 대합실로 이동
01,수도권,S9,9,9호선,0518,종합운동장,3,환승,3,4,4) 2호선 방향 환승 엘리베이터 탑승
01,수도권,S9,9,9호선,0518,종합운동장,3,환승,3,5,5) (B1) 2호선 대합실로 이동
01,수도권,S9,9,9호선,0518,종합운동장,3,환승,3,6,6) 2호선 잠실새내 방면 엘리베이터 탑승
01,수도권,S9,9,9호선,0518,종합운동장,3,환승,3,7,7) (B2) 2호선 잠실새내 방면 승강장으로 이동
01,수도권,S9,9,9호선,0518,종합운동장,3,환승,3,8,8) 승차 (휠체어칸)
01,수도권,S9,9,9호선,0518,종합운동장,3,환승,4,1,1) (B4) 9호선 삼전 방면 승강장 하차
01,수도권,S9,9,9호선,0518,종합운동장,3,환승,4,2,2) 환승 대합실 방향 엘리베이터 탑승
01,수도권,S9,9,9호선,0518,종합운동장,3,환승,4,3,3) (B2) 환승 대합실로 이동
01,수도권,S9,9,9호선,0518,종합운동장,3,환승,4,4,4) 2호선 방향 환승 엘리베이터 탑승
01,수도권,S9,9,9호선,0518,종합운동장,3,환승,4,5,5) (B1) 2호선 대합실로 이동
01,수도권,S9,9,9호선,0518,종합운동장,3,환승,4,6,6) 2호선 삼성 방면 엘리베이터 탑승
01,수도권,S9,9,9호선,0518,종합운동장,3,환승,4,7,7) (B2) 2호선 삼성 방면 승강장으로 이동
01,수도권,S9,9,9호선,0518,종합운동장,3,환승,4,8,8) 승차 (휠체어칸)
01,수도권,S9,9,9호선,1153,삼전,1,출입구-승강장,1,1,1) (1F) 1번 출입구 옆 엘리베이터 탑승
01,수도권,S9,9,9호선,1153,삼전,1,출입구-승강장,1,2,2) (B1) 대합실로 이동
01,수도권,S9,9,9호선,1153,삼전,1,출입구-승강장,1,3,3) 표 내는 곳 통과
01,수도권,S9,9,9호선,1153,삼전,1,출입구-승강장,1,4,4) 종합운동장 방면 엘리베이터 탑승
01,수도권,S9,9,9호선,1153,삼전,1,출입구-승강장,1,5,5) (B2) 종합운동장 방면 승강장으로 이동
01,수도권,S9,9,9호선,1153,삼전,1,출입구-승강장,1,6,6) 승차 (휠체어칸)
01,수도권,S9,9,9호선,1153,삼전,1,출입구-승강장,2,1,1) (1F) 1번 출입구 옆 엘리베이터 탑승
01,수도권,S9,9,9호선,1153,삼전,1,출입구-승강장,2,2,2) (B1) 대합실로 이동
01,수도권,S9,9,9호선,1153,삼전,1,출입구-승강장,2,3,3) 표 내는 곳 통과
01,수도권,S9,9,9호선,1153,삼전,1,출입구-승강장,2,4,4) 석촌고분 방면 엘리베이터 탑승
01,수도권,S9,9,9호선,1153,삼전,1,출입구-승강장,2,5,5) (B2) 석촌고분 방면 승강장으로 이동
01,수도권,S9,9,9호선,1153,삼전,1,출입구-승강장,2,6,6) 승차 (휠체어칸)
01,수도권,S9,9,9호선,1154,석촌고분,1,출입구-승강장,1,1,1) (1F) 1번 출입구 옆 엘리베이터 탑승
01,수도권,S9,9,9호선,1154,석촌고분,1,출입구-승강장,1,2,2) (B1) 대합실로 이동
01,수도권,S9,9,9호선,1154,석촌고분,1,출입구-승강장,1,3,3) 표 내는 곳 통과
01,수도권,S9,9,9호선,1154,석촌고분,1,출입구-승강장,1,4,4) 승강장 방향 엘리베이터 탑승
01,수도권,S9,9,9호선,1154,석촌고분,1,출입구-승강장,1,5,5) (B2) 삼전 방면 승강장으로 이동
01,수도권,S9,9,9호선,1154,석촌고분,1,출입구-승강장,1,6,6) 승차 (휠체어칸)
01,수도권,S9,9,9호선,1154,석촌고분,1,출입구-승강장,2,1,1) (1F) 1번 출입구 옆 엘리베이터 탑승
01,수도권,S9,9,9호선,1154,석촌고분,1,출입구-승강장,2,2,2) (B1) 대합실로 이동
01,수도권,S9,9,9호선,1154,석촌고분,1,출입구-승강장,2,3,3) 표 내는 곳 통과
01,수도권,S9,9,9호선,1154,석촌고분,1,출입구-승강장,2,4,4) 승강장 방향 엘리베이터 탑승
01,수도권,S9,9,9호선,1154,석촌고분,1,출입구-승강장,2,5,5) (B2) 석촌 방면 승강장으로 이동
01,수도권,S9,9,9호선,1154,석촌고분,1,출입구-승강장,2,6,6) 승차 (휠체어칸)
01,수도권,S9,9,9호선,1154,석촌고분,1,출입구-승강장,3,1,1) (1F) 2번 출입구 옆 엘리베이터 탑승
01,수도권,S9,9,9호선,1154,석촌고분,1,출입구-승강장,3,2,2) (B1) 대합실로 이동
01,수도권,S9,9,9호선,1154,석촌고분,1,출입구-승강장,3,3,3) 표 내는 곳 통과
01,수도권,S9,9,9호선,1154,석촌고분,1,출입구-승강장,3,4,4) 승강장 방향 엘리베이터 탑승
01,수도권,S9,9,9호선,1154,석촌고분,1,출입구-승강장,3,5,5) (B2) 삼전 방면 승강장으로 이동
01,수도권,S9,9,9호선,1154,석촌고분,1,출입구-승강장,3,6,6) 승차 (휠체어칸)
01,수도권,S9,9,9호선,1154,석촌고분,1,출입구-승강장,4,1,1) (1F) 2번 출입구 옆 엘리베이터 탑승
01,수도권,S9,9,9호선,1154,석촌고분,1,출입구-승강장,4,2,2) (B1) 대합실로 이동
01,수도권,S9,9,9호선,1154,석촌고분,1,출입구-승강장,4,3,3) 표 내는 곳 통과
01,수도권,S9,9,9호선,1154,석촌고분,1,출입구-승강장,4,4,4) 승강장 방향 엘리베이터 탑승
01,수도권,S9,9,9호선,1154,석촌고분,1,출입구-승강장,4,5,5) (B2) 석촌 방면 승강장으로 이동
01,수도권,S9,9,9호선,1154,석촌고분,1,출입구-승강장,4,6,6) 승차 (휠체어칸)
01,수도권,S9,9,9호선,1154,석촌고분,1,출입구-승강장,5,1,1) (1F) 3번 출입구 옆 엘리베이터 탑승
01,수도권,S9,9,9호선,1154,석촌고분,1,출입구-승강장,5,2,2) (B1) 대합실로 이동
01,수도권,S9,9,9호선,1154,석촌고분,1,출입구-승강장,5,3,3) 표 내는 곳 통과
01,수도권,S9,9,9호선,1154,석촌고분,1,출입구-승강장,5,4,4) 승강장 방향 엘리베이터 탑승
01,수도권,S9,9,9호선,1154,석촌고분,1,출입구-승강장,5,5,5) (B2) 삼전 방면 승강장으로 이동
01,수도권,S9,9,9호선,1154,석촌고분,1,출입구-승강장,5,6,6) 승차 (휠체어칸)
01,수도권,S9,9,9호선,1154,석촌고분,1,출입구-승강장,6,1,1) (1F) 3번 출입구 옆 엘리베이터 탑승
01,수도권,S9,9,9호선,1154,석촌고분,1,출입구-승강장,6,2,2) (B1) 대합실로 이동
01,수도권,S9,9,9호선,1154,석촌고분,1,출입구-승강장,6,3,3) 표 내는 곳 통과
01,수도권,S9,9,9호선,1154,석촌고분,1,출입구-승강장,6,4,4) 승강장 방향 엘리베이터 탑승
01,수도권,S9,9,9호선,1154,석촌고분,1,출입구-승강장,6,5,5) (B2) 석촌 방면 승강장으로 이동
01,수도권,S9,9,9호선,1154,석촌고분,1,출입구-승강장,6,6,6) 승차 (휠체어칸)
01,수도권,S9,9,9호선,1154,석촌고분,1,출입구-승강장,7,1,1) (1F) 4번 출입구 옆 엘리베이터 탑승
01,수도권,S9,9,9호선,1154,석촌고분,1,출입구-승강장,7,2,2) (B1) 대합실로 이동
01,수도권,S9,9,9호선,1154,석촌고분,1,출입구-승강장,7,3,3) 표 내는 곳 통과
01,수도권,S9,9,9호선,1154,석촌고분,1,출입구-승강장,7,4,4) 승강장 방향 엘리베이터 탑승
01,수도권,S9,9,9호선,1154,석촌고분,1,출입구-승강장,7,5,5) (B2) 삼전 방면 승강장으로 이동
01,수도권,S9,9,9호선,1154,석촌고분,1,출입구-승강장,7,6,6) 승차 (휠체어칸)
01,수도권,S9,9,9호선,1154,석촌고분,1,출입구-승강장,8,1,1) (1F) 4번 출입구 옆 엘리베이터 탑승
01,수도권,S9,9,9호선,1154,석촌고분,1,출입구-승강장,8,2,2) (B1) 대합실로 이동
01,수도권,S9,9,9호선,1154,석촌고분,1,출입구-승강장,8,3,3) 표 내는 곳 통과
01,수도권,S9,9,9호선,1154,석촌고분,1,출입구-승강장,8,4,4) 승강장 방향 엘리베이터 탑승
01,수도권,S9,9,9호선,1154,석촌고분,1,출입구-승강장,8,5,5) (B2) 석촌 방면 승강장으로 이동
01,수도권,S9,9,9호선,1154,석촌고분,1,출입구-승강장,8,6,6) 승차 (휠체어칸)
01,수도권,S9,9,9호선,0305,석촌,1,출입구-승강장,1,1,1) (1F) 1번 출입구 옆 엘리베이터 탑승
01,수도권,S9,9,9호선,0305,석촌,1,출입구-승강장,1,2,2) (B1) 대합실로 이동
01,수도권,S9,9,9호선,0305,석촌,1,출입구-승강장,1,3,3) 9호선 대합실 방향 엘리베이터 탑승
01,수도권,S9,9,9호선,0305,석촌,1,출입구-승강장,1,4,4) (B2) 9호선 대합실로 이동
01,수도권,S9,9,9호선,0305,석촌,1,출입구-승강장,1,5,5) 표 내는 곳 통과
01,수도권,S9,9,9호선,0305,석촌,1,출입구-승강장,1,6,6) 승강장 방향 엘리베이터 탑승
01,수도권,S9,9,9호선,0305,석촌,1,출입구-승강장,1,7,7) (B4) 석촌고분 방면 승강장으로 이동
01,수도권,S9,9,9호선,0305,석촌,1,출입구-승강장,1,8,8) 승차 (휠체어칸)
01,수도권,S9,9,9호선,0305,석촌,1,출입구-승강장,2,1,1) (1F) 1번 출입구 옆 엘리베이터 탑승
01,수도권,S9,9,9호선,0305,석촌,1,출입구-승강장,2,2,2) (B1) 대합실로 이동
01,수도권,S9,9,9호선,0305,석촌,1,출입구-승강장,2,3,3) 9호선 대합실 방향 엘리베이터 탑승
01,수도권,S9,9,9호선,0305,석촌,1,출입구-승강장,2,4,4) (B2) 9호선 대합실로 이동
01,수도권,S9,9,9호선,0305,석촌,1,출입구-승강장,2,5,5) 표 내는 곳 통과
01,수도권,S9,9,9호선,0305,석촌,1,출입구-승강장,2,6,6) 승강장 방향 엘리베이터 탑승
01,수도권,S9,9,9호선,0305,석촌,1,출입구-승강장,2,7,7) (B4) 송파나루 방면 승강장으로 이동
01,수도권,S9,9,9호선,0305,석촌,1,출입구-승강장,2,8,8) 승차 (휠체어칸)
01,수도권,S9,9,9호선,0305,석촌,1,출입구-승강장,3,1,1) (1F) 5번 출입구 옆 엘리베이터 탑승
01,수도권,S9,9,9호선,0305,석촌,1,출입구-승강장,3,2,2) (B1) 대합실로 이동
01,수도권,S9,9,9호선,0305,석촌,1,출입구-승강장,3,3,3) 9호선 대합실 방향 엘리베이터 탑승
01,수도권,S9,9,9호선,0305,석촌,1,출입구-승강장,3,4,4) (B2) 9호선 대합실로 이동
01,수도권,S9,9,9호선,0305,석촌,1,출입구-승강장,3,5,5) 표 내는 곳 통과
01,수도권,S9,9,9호선,0305,석촌,1,출입구-승강장,3,6,6) 승강장 방향 엘리베이터 탑승
01,수도권,S9,9,9호선,0305,석촌,1,출입구-승강장,3,7,7) (B4) 석촌고분 방면 승강장으로 이동
01,수도권,S9,9,9호선,0305,석촌,1,출입구-승강장,3,8,8) 승차 (휠체어칸)
01,수도권,S9,9,9호선,0305,석촌,1,출입구-승강장,4,1,1) (1F) 5번 출입구 옆 엘리베이터 탑승
01,수도권,S9,9,9호선,0305,석촌,1,출입구-승강장,4,2,2) (B1) 대합실로 이동
01,수도권,S9,9,9호선,0305,석촌,1,출입구-승강장,4,3,3) 9호선 대합실 방향 엘리베이터 탑승
01,수도권,S9,9,9호선,0305,석촌,1,출입구-승강장,4,4,4) (B2) 9호선 대합실로 이동
01,수도권,S9,9,9호선,0305,석촌,1,출입구-승강장,4,5,5) 표 내는 곳 통과
01,수도권,S9,9,9호선,0305,석촌,1,출입구-승강장,4,6,6) 승강장 방향 엘리베이터 탑승
01,수도권,S9,9,9호선,0305,석촌,1,출입구-승강장,4,7,7) (B4) 송파나루 방면 승강장으로 이동
01,수도권,S9,9,9호선,0305,석촌,1,출입구-승강장,4,8,8) 승차 (휠체어칸)
01,수도권,S9,9,9호선,0305,석촌,3,환승,1,1,1) (B4) 9호선 석촌고분 방면 승강장 하차
01,수도권,S9,9,9호선,0305,석촌,3,환승,1,2,2) 8호선 잠실 방면 환승 엘리베이터 탑승
01,수도권,S9,9,9호선,0305,석촌,3,환승,1,3,3) (B2) 8호선 잠실 방면 승강장으로 이동
01,수도권,S9,9,9호선,0305,석촌,3,환승,1,4,4) 승차 (휠체어칸)
01,수도권,S9,9,9호선,0305,석촌,3,환승,2,1,1) (B4) 9호선 석촌고분 방면 승강장 하차
01,수도권,S9,9,9호선,0305,석촌,3,환승,2,2,2) 환승 대합실 방향 엘리베이터 탑승
01,수도권,S9,9,9호선,0305,석촌,3,환승,2,3,3) (B3) 환승 대합실로 이동
01,수도권,S9,9,9호선,0305,석촌,3,환승,2,4,4) 8호선 송파 방면 환승 엘리베이터 탑승
01,수도권,S9,9,9호선,0305,석촌,3,환승,2,5,5) (B2) 8호선 송파 방면 승강장으로 이동
01,수도권,S9,9,9호선,0305,석촌,3,환승,2,6,6) 승차 (휠체어칸)
01,수도권,S9,9,9호선,0305,석촌,3,환승,3,1,1) (B4) 9호선 송파나루 방면 승강장 하차
01,수도권,S9,9,9호선,0305,석촌,3,환승,3,2,2) 8호선 잠실 방면 환승 엘리베이터 탑승
01,수도권,S9,9,9호선,0305,석촌,3,환승,3,3,3) (B2) 8호선 잠실 방면 승강장으로 이동
01,수도권,S9,9,9호선,0305,석촌,3,환승,3,4,4) 승차 (휠체어칸)
01,수도권,S9,9,9호선,0305,석촌,3,환승,4,1,1) (B4) 9호선 송파나루 방면 승강장 하차
01,수도권,S9,9,9호선,0305,석촌,3,환승,4,2,2) 환승 대합실 방향 엘리베이터 탑승
01,수도권,S9,9,9호선,0305,석촌,3,환승,4,3,3) (B3) 환승 대합실로 이동
01,수도권,S9,9,9호선,0305,석촌,3,환승,4,4,4) 8호선 송파 방면 환승 엘리베이터 탑승
01,수도권,S9,9,9호선,0305,석촌,3,환승,4,5,5) (B2) 8호선 송파 방면 승강장으로 이동
01,수도권,S9,9,9호선,0305,석촌,3,환승,4,6,6) 승차 (휠체어칸)
01,수도권,S9,9,9호선,1155,송파나루,1,출입구-승강장,1,1,1) (1F) 1번 출입구 옆 엘리베이터 탑승
01,수도권,S9,9,9호선,1155,송파나루,1,출입구-승강장,1,2,2) (B1) 대합실로 이동
01,수도권,S9,9,9호선,1155,송파나루,1,출입구-승강장,1,3,3) 표 내는 곳 통과
01,수도권,S9,9,9호선,1155,송파나루,1,출입구-승강장,1,4,4) 승강장 방향 엘리베이터 탑승
01,수도권,S9,9,9호선,1155,송파나루,1,출입구-승강장,1,5,5) (B2) 석촌 방면 승강장으로 이동
01,수도권,S9,9,9호선,1155,송파나루,1,출입구-승강장,1,6,6) 승차 (휠체어칸)
01,수도권,S9,9,9호선,1155,송파나루,1,출입구-승강장,2,1,1) (1F) 1번 출입구 옆 엘리베이터 탑승
01,수도권,S9,9,9호선,1155,송파나루,1,출입구-승강장,2,2,2) (B1) 대합실로 이동
01,수도권,S9,9,9호선,1155,송파나루,1,출입구-승강장,2,3,3) 표 내는 곳 통과
01,수도권,S9,9,9호선,1155,송파나루,1,출입구-승강장,2,4,4) 승강장 방향 엘리베이터 탑승
01,수도권,S9,9,9호선,1155,송파나루,1,출입구-승강장,2,5,5) (B2) 한성백제 방면 승강장으로 이동
01,수도권,S9,9,9호선,1155,송파나루,1,출입구-승강장,2,6,6) 승차 (휠체어칸)
01,수도권,S9,9,9호선,1155,송파나루,1,출입구-승강장,3,1,1) (1F) 2번 출입구 옆 엘리베이터 탑승
01,수도권,S9,9,9호선,1155,송파나루,1,출입구-승강장,3,2,2) (B1) 대합실로 이동
01,수도권,S9,9,9호선,1155,송파나루,1,출입구-승강장,3,3,3) 표 내는 곳 통과
01,수도권,S9,9,9호선,1155,송파나루,1,출입구-승강장,3,4,4) 승강장 방향 엘리베이터 탑승
01,수도권,S9,9,9호선,1155,송파나루,1,출입구-승강장,3,5,5) (B2) 석촌 방면 승강장으로 이동
01,수도권,S9,9,9호선,1155,송파나루,1,출입구-승강장,3,6,6) 승차 (휠체어칸)
01,수도권,S9,9,9호선,1155,송파나루,1,출입구-승강장,4,1,1) (1F) 2번 출입구 옆 엘리베이터 탑승
01,수도권,S9,9,9호선,1155,송파나루,1,출입구-승강장,4,2,2) (B1) 대합실로 이동
01,수도권,S9,9,9호선,1155,송파나루,1,출입구-승강장,4,3,3) 표 내는 곳 통과
01,수도권,S9,9,9호선,1155,송파나루,1,출입구-승강장,4,4,4) 승강장 방향 엘리베이터 탑승
01,수도권,S9,9,9호선,1155,송파나루,1,출입구-승강장,4,5,5) (B2) 한성백제 방면 승강장으로 이동
01,수도권,S9,9,9호선,1155,송파나루,1,출입구-승강장,4,6,6) 승차 (휠체어칸)
01,수도권,S9,9,9호선,1155,송파나루,1,출입구-승강장,5,1,1) (1F) 3번 출입구 옆 엘리베이터 탑승
01,수도권,S9,9,9호선,1155,송파나루,1,출입구-승강장,5,2,2) (B1) 대합실로 이동
01,수도권,S9,9,9호선,1155,송파나루,1,출입구-승강장,5,3,3) 표 내는 곳 통과
01,수도권,S9,9,9호선,1155,송파나루,1,출입구-승강장,5,4,4) 승강장 방향 엘리베이터 탑승
01,수도권,S9,9,9호선,1155,송파나루,1,출입구-승강장,5,5,5) (B2) 석촌 방면 승강장으로 이동
01,수도권,S9,9,9호선,1155,송파나루,1,출입구-승강장,5,6,6) 승차 (휠체어칸)
01,수도권,S9,9,9호선,1155,송파나루,1,출입구-승강장,6,1,1) (1F) 3번 출입구 옆 엘리베이터 탑승
01,수도권,S9,9,9호선,1155,송파나루,1,출입구-승강장,6,2,2) (B1) 대합실로 이동
01,수도권,S9,9,9호선,1155,송파나루,1,출입구-승강장,6,3,3) 표 내는 곳 통과
01,수도권,S9,9,9호선,1155,송파나루,1,출입구-승강장,6,4,4) 승강장 방향 엘리베이터 탑승
01,수도권,S9,9,9호선,1155,송파나루,1,출입구-승강장,6,5,5) (B2) 한성백제 방면 승강장으로 이동
01,수도권,S9,9,9호선,1155,송파나루,1,출입구-승강장,6,6,6) 승차 (휠체어칸)
01,수도권,S9,9,9호선,1155,송파나루,1,출입구-승강장,7,1,1) (1F) 4번 출입구 옆 엘리베이터 탑승
01,수도권,S9,9,9호선,1155,송파나루,1,출입구-승강장,7,2,2) (B1) 대합실로 이동
01,수도권,S9,9,9호선,1155,송파나루,1,출입구-승강장,7,3,3) 표 내는 곳 통과
01,수도권,S9,9,9호선,1155,송파나루,1,출입구-승강장,7,4,4) 승강장 방향 엘리베이터 탑승
01,수도권,S9,9,9호선,1155,송파나루,1,출입구-승강장,7,5,5) (B2) 석촌 방면 승강장으로 이동
01,수도권,S9,9,9호선,1155,송파나루,1,출입구-승강장,7,6,6) 승차 (휠체어칸)
01,수도권,S9,9,9호선,1155,송파나루,1,출입구-승강장,8,1,1) (1F) 4번 출입구 옆 엘리베이터 탑승
01,수도권,S9,9,9호선,1155,송파나루,1,출입구-승강장,8,2,2) (B1) 대합실로 이동
01,수도권,S9,9,9호선,1155,송파나루,1,출입구-승강장,8,3,3) 표 내는 곳 통과
01,수도권,S9,9,9호선,1155,송파나루,1,출입구-승강장,8,4,4) 승강장 방향 엘리베이터 탑승
01,수도권,S9,9,9호선,1155,송파나루,1,출입구-승강장,8,5,5) (B2) 한성백제 방면 승강장으로 이동
01,수도권,S9,9,9호선,1155,송파나루,1,출입구-승강장,8,6,6) 승차 (휠체어칸)
01,수도권,S9,9,9호선,1156,한성백제,1,출입구-승강장,1,1,1) (1F) 1번 출입구 옆 엘리베이터 탑승
01,수도권,S9,9,9호선,1156,한성백제,1,출입구-승강장,1,2,2) (B1) 대합실로 이동
01,수도권,S9,9,9호선,1156,한성백제,1,출입구-승강장,1,3,3) 표 내는 곳 통과
01,수도권,S9,9,9호선,1156,한성백제,1,출입구-승강장,1,4,4) 승강장 방향 엘리베이터 탑승
01,수도권,S9,9,9호선,1156,한성백제,1,출입구-승강장,1,5,5) (B2) 송파나루 방면 승강장으로 이동
01,수도권,S9,9,9호선,1156,한성백제,1,출입구-승강장,1,6,6) 승차 (휠체어칸)
01,수도권,S9,9,9호선,1156,한성백제,1,출입구-승강장,2,1,1) (1F) 1번 출입구 옆 엘리베이터 탑승
01,수도권,S9,9,9호선,1156,한성백제,1,출입구-승강장,2,2,2) (B1) 대합실로 이동
01,수도권,S9,9,9호선,1156,한성백제,1,출입구-승강장,2,3,3) 표 내는 곳 통과
01,수도권,S9,9,9호선,1156,한성백제,1,출입구-승강장,2,4,4) 승강장 방향 엘리베이터 탑승
01,수도권,S9,9,9호선,1156,한성백제,1,출입구-승강장,2,5,5) (B2) 올림픽공원 방면 승강장으로 이동
01,수도권,S9,9,9호선,1156,한성백제,1,출입구-승강장,2,6,6) 승차 (휠체어칸)
01,수도권,S9,9,9호선,1156,한성백제,1,출입구-승강장,3,1,1) (1F) 2번 출입구 옆 엘리베이터 탑승
01,수도권,S9,9,9호선,1156,한성백제,1,출입구-승강장,3,2,2) (B1) 대합실로 이동
01,수도권,S9,9,9호선,1156,한성백제,1,출입구-승강장,3,3,3) 표 내는 곳 통과
01,수도권,S9,9,9호선,1156,한성백제,1,출입구-승강장,3,4,4) 승강장 방향 엘리베이터 탑승
01,수도권,S9,9,9호선,1156,한성백제,1,출입구-승강장,3,5,5) (B2) 송파나루 방면 승강장으로 이동
01,수도권,S9,9,9호선,1156,한성백제,1,출입구-승강장,3,6,6) 승차 (휠체어칸)
01,수도권,S9,9,9호선,1156,한성백제,1,출입구-승강장,4,1,1) (1F) 2번 출입구 옆 엘리베이터 탑승
01,수도권,S9,9,9호선,1156,한성백제,1,출입구-승강장,4,2,2) (B1) 대합실로 이동
01,수도권,S9,9,9호선,1156,한성백제,1,출입구-승강장,4,3,3) 표 내는 곳 통과
01,수도권,S9,9,9호선,1156,한성백제,1,출입구-승강장,4,4,4) 승강장 방향 엘리베이터 탑승
01,수도권,S9,9,9호선,1156,한성백제,1,출입구-승강장,4,5,5) (B2) 올림픽공원 방면 승강장으로 이동
01,수도권,S9,9,9호선,1156,한성백제,1,출입구-승강장,4,6,6) 승차 (휠체어칸)
01,수도권,S9,9,9호선,0438,올림픽공원,1,출입구-승강장,1,1,1) (1F) 4번 출입구 옆 엘리베이터 탑승
01,수도권,S9,9,9호선,0438,올림픽공원,1,출입구-승강장,1,2,2) (B1) 대합실로 이동
01,수도권,S9,9,9호선,0438,올림픽공원,1,출입구-승강장,1,3,3) 표 내는 곳 통과
01,수도권,S9,9,9호선,0438,올림픽공원,1,출입구-승강장,1,4,4) 엘리베이터 탑승
01,수도권,S9,9,9호선,0438,올림픽공원,1,출입구-승강장,1,5,5) (B2) 대합실로 이동
01,수도권,S9,9,9호선,0438,올림픽공원,1,출입구-승강장,1,6,6) 승강장 방향 엘리베이터 탑승
01,수도권,S9,9,9호선,0438,올림픽공원,1,출입구-승강장,1,7,7) (B3) 한성백제 방면 승강장으로 이동
01,수도권,S9,9,9호선,0438,올림픽공원,1,출입구-승강장,1,8,8) 승차 (휠체어칸)
01,수도권,S9,9,9호선,0438,올림픽공원,1,출입구-승강장,2,1,1) (1F) 4번 출입구 옆 엘리베이터 탑승
01,수도권,S9,9,9호선,0438,올림픽공원,1,출입구-승강장,2,2,2) (B1) 대합실로 이동
01,수도권,S9,9,9호선,0438,올림픽공원,1,출입구-승강장,2,3,3) 표 내는 곳 통과
01,수도권,S9,9,9호선,0438,올림픽공원,1,출입구-승강장,2,4,4) 엘리베이터 탑승
01,수도권,S9,9,9호선,0438,올림픽공원,1,출입구-승강장,2,5,5) (B2) 대합실로 이동
01,수도권,S9,9,9호선,0438,올림픽공원,1,출입구-승강장,2,6,6) 승강장 방향 엘리베이터 탑승
01,수도권,S9,9,9호선,0438,올림픽공원,1,출입구-승강장,2,7,7) (B3) 둔촌오륜 방면 승강장으로 이동
01,수도권,S9,9,9호선,0438,올림픽공원,1,출입구-승강장,2,8,8) 승차 (휠체어칸)
01,수도권,S9,9,9호선,0438,올림픽공원,3,환승,1,1,1) (B3) 9호선 한성백제 방면 승강장 하차
01,수도권,S9,9,9호선,0438,올림픽공원,3,환승,1,2,2) 대합실 방향 엘리베이터 탑승
01,수도권,S9,9,9호선,0438,올림픽공원,3,환승,1,3,3) (B2) 대합실로 이동
01,수도권,S9,9,9호선,0438,올림픽공원,3,환승,1,4,4) 대합실 방향 엘리베이터 탑승
01,수도권,S9,9,9호선,0438,올림픽공원,3,환승,1,5,5) (B1) 대합실로 이동
01,수도권,S9,9,9호선,0438,올림픽공원,3,환승,1,6,6) 5호선 방향 환승통로로 이동
01,수도권,S9,9,9호선,0438,올림픽공원,3,환승,1,7,7) 5호선 대합실로 이동
01,수도권,S9,9,9호선,0438,올림픽공원,3,환승,1,8,8) 5호선 둔촌동 방면 엘리베이터 탑승
01,수도권,S9,9,9호선,0438,올림픽공원,3,환승,1,9,9) (B2) 5호선 둔촌동 방면 승강장으로 이동
01,수도권,S9,9,9호선,0438,올림픽공원,3,환승,1,10,10) 승차 (휠체어칸)
01,수도권,S9,9,9호선,0438,올림픽공원,3,환승,2,1,1) (B3) 9호선 한성백제 방면 승강장 하차
01,수도권,S9,9,9호선,0438,올림픽공원,3,환승,2,2,2) 대합실 방향 엘리베이터 탑승
01,수도권,S9,9,9호선,0438,올림픽공원,3,환승,2,3,3) (B2) 대합실로 이동
01,수도권,S9,9,9호선,0438,올림픽공원,3,환승,2,4,4) 5호선 방향 환승통로로 이동
01,수도권,S9,9,9호선,0438,올림픽공원,3,환승,2,5,5) (B2) 5호선 방이 방면 승강장으로 이동
01,수도권,S9,9,9호선,0438,올림픽공원,3,환승,2,6,6) 승차 (휠체어칸)
01,수도권,S9,9,9호선,0438,올림픽공원,3,환승,3,1,1) (B3) 9호선 둔촌오륜 방면 승강장 하차
01,수도권,S9,9,9호선,0438,올림픽공원,3,환승,3,2,2) 대합실 방향 엘리베이터 탑승
01,수도권,S9,9,9호선,0438,올림픽공원,3,환승,3,3,3) (B2) 대합실로 이동
01,수도권,S9,9,9호선,0438,올림픽공원,3,환승,3,4,4) 대합실 방향 엘리베이터 탑승
01,수도권,S9,9,9호선,0438,올림픽공원,3,환승,3,5,5) (B1) 대합실로 이동
01,수도권,S9,9,9호선,0438,올림픽공원,3,환승,3,6,6) 5호선 방향 환승통로로 이동
01,수도권,S9,9,9호선,0438,올림픽공원,3,환승,3,7,7) 5호선 대합실로 이동
01,수도권,S9,9,9호선,0438,올림픽공원,3,환승,3,8,8) 5호선 둔촌동 방면 엘리베이터 탑승
01,수도권,S9,9,9호선,0438,올림픽공원,3,환승,3,9,9) (B2) 5호선 둔촌동 방면 승강장으로 이동
01,수도권,S9,9,9호선,0438,올림픽공원,3,환승,3,10,10) 승차 (휠체어칸)
01,수도권,S9,9,9호선,0438,올림픽공원,3,환승,4,1,1) (B3) 9호선 둔촌오륜 방면 승강장 하차
01,수도권,S9,9,9호선,0438,올림픽공원,3,환승,4,2,2) 대합실 방향 엘리베이터 탑승
01,수도권,S9,9,9호선,0438,올림픽공원,3,환승,4,3,3) (B2) 대합실로 이동
01,수도권,S9,9,9호선,0438,올림픽공원,3,환승,4,4,4) 5호선 방향 환승통로로 이동
01,수도권,S9,9,9호선,0438,올림픽공원,3,환승,4,5,5) (B2) 5호선 방이 방면 승강장으로 이동
01,수도권,S9,9,9호선,0438,올림픽공원,3,환승,4,6,6) 승차 (휠체어칸)
01,수도권,S9,9,9호선,1157,둔촌오륜,1,출입구-승강장,1,1,1) (1F) 1번 출입구 옆 엘리베이터 탑승
01,수도권,S9,9,9호선,1157,둔촌오륜,1,출입구-승강장,1,2,2) (B1) 대합실로 이동
01,수도권,S9,9,9호선,1157,둔촌오륜,1,출입구-승강장,1,3,3) 표 내는 곳 통과
01,수도권,S9,9,9호선,1157,둔촌오륜,1,출입구-승강장,1,4,4) 승강장 방향 엘리베이터 탑승
01,수도권,S9,9,9호선,1157,둔촌오륜,1,출입구-승강장,1,5,5) (B2) 올림픽공원 방면 승강장으로 이동
01,수도권,S9,9,9호선,1157,둔촌오륜,1,출입구-승강장,1,6,6) 승차 (휠체어칸)
01,수도권,S9,9,9호선,1157,둔촌오륜,1,출입구-승강장,2,1,1) (1F) 1번 출입구 옆 엘리베이터 탑승
01,수도권,S9,9,9호선,1157,둔촌오륜,1,출입구-승강장,2,2,2) (B1) 대합실로 이동
01,수도권,S9,9,9호선,1157,둔촌오륜,1,출입구-승강장,2,3,3) 표 내는 곳 통과
01,수도권,S9,9,9호선,1157,둔촌오륜,1,출입구-승강장,2,4,4) 승강장 방향 엘리베이터 탑승
01,수도권,S9,9,9호선,1157,둔촌오륜,1,출입구-승강장,2,5,5) (B2) 중앙보훈병원 방면 승강장으로 이동
01,수도권,S9,9,9호선,1157,둔촌오륜,1,출입구-승강장,2,6,6) 승차 (휠체어칸)
01,수도권,S9,9,9호선,1157,둔촌오륜,1,출입구-승강장,3,1,1) (1F) 2번 출입구 옆 엘리베이터 탑승
01,수도권,S9,9,9호선,1157,둔촌오륜,1,출입구-승강장,3,2,2) (B1) 대합실로 이동
01,수도권,S9,9,9호선,1157,둔촌오륜,1,출입구-승강장,3,3,3) 표 내는 곳 통과
01,수도권,S9,9,9호선,1157,둔촌오륜,1,출입구-승강장,3,4,4) 승강장 방향 엘리베이터 탑승
01,수도권,S9,9,9호선,1157,둔촌오륜,1,출입구-승강장,3,5,5) (B2) 올림픽공원 방면 승강장으로 이동
01,수도권,S9,9,9호선,1157,둔촌오륜,1,출입구-승강장,3,6,6) 승차 (휠체어칸)
01,수도권,S9,9,9호선,1157,둔촌오륜,1,출입구-승강장,4,1,1) (1F) 2번 출입구 옆 엘리베이터 탑승
01,수도권,S9,9,9호선,1157,둔촌오륜,1,출입구-승강장,4,2,2) (B1) 대합실로 이동
01,수도권,S9,9,9호선,1157,둔촌오륜,1,출입구-승강장,4,3,3) 표 내는 곳 통과
01,수도권,S9,9,9호선,1157,둔촌오륜,1,출입구-승강장,4,4,4) 승강장 방향 엘리베이터 탑승
01,수도권,S9,9,9호선,1157,둔촌오륜,1,출입구-승강장,4,5,5) (B2) 중앙보훈병원 방면 승강장으로 이동
01,수도권,S9,9,9호선,1157,둔촌오륜,1,출입구-승강장,4,6,6) 승차 (휠체어칸)
01,수도권,S9,9,9호선,1158,중앙보훈병원,1,출입구-승강장,1,1,1) (1F) 1번 출입구 옆 엘리베이터 탑승
01,수도권,S9,9,9호선,1158,중앙보훈병원,1,출입구-승강장,1,2,2) (B1) 대합실로 이동
01,수도권,S9,9,9호선,1158,중앙보훈병원,1,출입구-승강장,1,3,3) 표 내는 곳 통과
01,수도권,S9,9,9호선,1158,중앙보훈병원,1,출입구-승강장,1,4,4) 둔촌오륜 방면 엘리베이터 탑승
01,수도권,S9,9,9호선,1158,중앙보훈병원,1,출입구-승강장,1,5,5) (B2) 둔촌오륜 방면 승강장으로 이동
01,수도권,S9,9,9호선,1158,중앙보훈병원,1,출입구-승강장,1,6,6) 승차 (휠체어칸)
01,수도권,S9,9,9호선,1158,중앙보훈병원,1,출입구-승강장,2,1,1) (1F) 2번 출입구 옆 엘리베이터 탑승
01,수도권,S9,9,9호선,1158,중앙보훈병원,1,출입구-승강장,2,2,2) (B1) 대합실로 이동
01,수도권,S9,9,9호선,1158,중앙보훈병원,1,출입구-승강장,2,3,3) 표 내는 곳 통과
01,수도권,S9,9,9호선,1158,중앙보훈병원,1,출입구-승강장,2,4,4) 둔촌오륜 방면 엘리베이터 탑승
01,수도권,S9,9,9호선,1158,중앙보훈병원,1,출입구-승강장,2,5,5) (B2) 둔촌오륜 방면 승강장으로 이동
01,수도권,S9,9,9호선,1158,중앙보훈병원,1,출입구-승강장,2,6,6) 승차 (휠체어칸)
01,수도권,S9,9,9호선,1158,중앙보훈병원,1,출입구-승강장,3,1,1) (1F) 3번 출입구 옆 엘리베이터 탑승
01,수도권,S9,9,9호선,1158,중앙보훈병원,1,출입구-승강장,3,2,2) (B1) 대합실로 이동
01,수도권,S9,9,9호선,1158,중앙보훈병원,1,출입구-승강장,3,3,3) 표 내는 곳 통과
01,수도권,S9,9,9호선,1158,중앙보훈병원,1,출입구-승강장,3,4,4) 둔촌오륜 방면 엘리베이터 탑승
01,수도권,S9,9,9호선,1158,중앙보훈병원,1,출입구-승강장,3,5,5) (B2) 둔촌오륜 방면 승강장으로 이동
01,수도권,S9,9,9호선,1158,중앙보훈병원,1,출입구-승강장,3,6,6) 승차 (휠체어칸)
