are_cd,are_nm,rail_opr_istt_cd,ln_cd,ln_nm,prpr_stin_cd,stin_nm,mv_path_dv_cd,mv_path_dv_nm,mg_no,start_point,end_point,path_label
01,수도권,KR,1,1호선,1370,연천,1,출입구-승강장,1,"1,2번 출입구 엘리베이터",전곡방면 승강장,"1,2번 출입구 엘리베이터 → 전곡방면 승강장"
01,수도권,KR,1,1호선,1370,연천,1,출입구-승강장,2,3번 출입구 엘리베이터,전곡방면 승강장,3번 출입구 엘리베이터 → 전곡방면 승강장
01,수도권,KR,1,1호선,1370,연천,1,출입구-승강장,3,4번 출입구 엘리베이터,전곡방면 승강장,4번 출입구 엘리베이터 → 전곡방면 승강장
01,수도권,KR,1,1호선,1369,전곡,1,출입구-승강장,1,1번출입구 옆 엘리베이터,청산,1번출입구 옆 엘리베이터 → 청산
01,수도권,KR,1,1호선,1369,전곡,1,출입구-승강장,2,1번출입구 옆 엘리베이터,연천,1번출입구 옆 엘리베이터 → 연천
01,수도권,KR,1,1호선,1369,전곡,1,출입구-승강장,3,2/3번출입구 옆 엘리베이터,청산,2/3번출입구 옆 엘리베이터 → 청산
01,수도권,KR,1,1호선,1369,전곡,1,출입구-승강장,4,2/3번출입구 옆 엘리베이터,연천,2/3번출입구 옆 엘리베이터 → 연천
01,수도권,KR,1,1호선,1368,청산,1,출입구-승강장,1,1번출입구 옆 엘리베이터,소요산,1번출입구 옆 엘리베이터 → 소요산
01,수도권,KR,1,1호선,1368,청산,1,출입구-승강장,2,1번출입구 옆 엘리베이터,전곡,1번출입구 옆 엘리베이터 → 전곡
01,수도권,KR,1,1호선,1368,청산,1,출입구-승강장,3,2번출입구 옆 엘리베이터,소요산,2번출입구 옆 엘리베이터 → 소요산
01,수도권,KR,1,1호선,1368,청산,1,출입구-승강장,4,2번출입구 옆 엘리베이터,전곡,2번출입구 옆 엘리베이터 → 전곡
01,수도권,KR,1,1호선,0324,소요산,1,출입구-승강장,1,1번 출입구,동두천 방면 승강장,1번 출입구 → 동두천 방면 승강장
01,수도권,KR,1,1호선,0324,소요산,1,출입구-승강장,2,1번 출입구,청산방면 승강장,1번 출입구 → 청산방면 승강장
01,수도권,KR,1,1호선,0158,동두천,1,출입구-승강장,1,1번 출입구 옆 엘리베이터,소요산 방면 승강장,1번 출입구 옆 엘리베이터 → 소요산 방면 승강장
01,수도권,KR,1,1호선,0158,동두천,1,출입구-승강장,2,1번 출입구 옆 엘리베이터,보산 방면 승강장,1번 출입구 옆 엘리베이터 → 보산 방면 승강장
01,수도권,KR,1,1호선,0158,동두천,1,출입구-승강장,3,2번 출입구 옆 엘리베이터,소요산 방면 승강장,2번 출입구 옆 엘리베이터 → 소요산 방면 승강장
01,수도권,KR,1,1호선,0158,동두천,1,출입구-승강장,4,2번 출입구 옆 엘리베이터,보산 방면 승강장,2번 출입구 옆 엘리베이터 → 보산 방면 승강장
01,수도권,KR,1,1호선,0235,보산,1,출입구-승강장,1,1번 출입구,동두천 방면 승강장,1번 출입구 → 동두천 방면 승강장
01,수도권,KR,1,1호선,0235,보산,1,출입구-승강장,2,1번 출입구,동두천중앙 방면 승강장,1번 출입구 → 동두천중앙 방면 승강장
01,수도권,KR,1,1호선,0235,보산,1,출입구-승강장,3,2번 출입구,동두천 방면 승강장,2번 출입구 → 동두천 방면 승강장
01,수도권,KR,1,1호선,0235,보산,1,출입구-승강장,4,2번 출입구,동두천중앙 방면 승강장,2번 출입구 → 동두천중앙 방면 승강장
01,수도권,KR,1,1호선,0159,동두천중앙,1,출입구-승강장,1,1번 출입구,보산 방면,1번 출입구 → 보산 방면
01,수도권,KR,1,1호선,0159,동두천중앙,1,출입구-승강장,2,2번 출입구,보산 방면,2번 출입구 → 보산 방면
01,수도권,KR,1,1호선,0159,동두천중앙,1,출입구-승강장,3,3번 출입구,보산 방면,3번 출입구 → 보산 방면
01,수도권,KR,1,1호선,0159,동두천중앙,1,출입구-승강장,4,4번 출입구,보산 방면,4번 출입구 → 보산 방면
01,수도권,KR,1,1호선,0159,동두천중앙,1,출입구-승강장,5,1번 출입구,지행 방면,1번 출입구 → 지행 방면
01,수도권,KR,1,1호선,0159,동두천중앙,1,출입구-승강장,6,2번 출입구,지행 방면,2번 출입구 → 지행 방면
01,수도권,KR,1,1호선,0159,동두천중앙,1,출입구-승강장,7,3번 출입구,지행 방면,3번 출입구 → 지행 방면
01,수도권,KR,1,1호선,0159,동두천중앙,1,출입구-승강장,8,4번 출입구,지행 방면,4번 출입구 → 지행 방면
01,수도권,KR,1,1호선,0538,지행,1,출입구-승강장,1,1번 출입구,동두천중앙 방면,1번 출입구 → 동두천중앙 방면
01,수도권,KR,1,1호선,0538,지행,1,출입구-승강장,2,1번 출입구,덕정 방면,1번 출입구 → 덕정 방면
01,수도권,KR,1,1호선,0538,지행,1,출입구-승강장,3,4번 출입구,동두천중앙 방면,4번 출입구 → 동두천중앙 방면
01,수도권,KR,1,1호선,0538,지행,1,출입구-승강장,4,4번 출입구,덕정 방면,4번 출입구 → 덕정 방면
01,수도권,KR,1,1호선,0141,덕정,1,출입구-승강장,1,1번 출입구,지행 방면,1번 출입구 → 지행 방면
01,수도권,KR,1,1호선,0141,덕정,1,출입구-승강장,2,1번 출입구,덕계 방면,1번 출입구 → 덕계 방면
01,수도권,KR,1,1호선,0139,덕계,1,출입구-승강장,1,1번 출입구,덕정 방면,1번 출입구 → 덕정 방면
01,수도권,KR,1,1호선,0139,덕계,1,출입구-승강장,2,2번 출입구,덕정 방면,2번 출입구 → 덕정 방면
01,수도권,KR,1,1호선,0139,덕계,1,출입구-승강장,3,1번 출입구,양주 방면,1번 출입구 → 양주 방면
01,수도권,KR,1,1호선,0139,덕계,1,출입구-승강장,4,2번 출입구,양주 방면,2번 출입구 → 양주 방면
01,수도권,KR,1,1호선,0403,양주,1,출입구-승강장,1,1번 출입구,덕계 방면,1번 출입구 → 덕계 방면
01,수도권,KR,1,1호선,0403,양주,1,출입구-승강장,2,1번 출입구,녹양 방면,1번 출입구 → 녹양 방면
01,수도권,KR,1,1호선,0403,양주,1,출입구-승강장,3,2번 출입구,덕계 방면,2번 출입구 → 덕계 방면
01,수도권,KR,1,1호선,0403,양주,1,출입구-승강장,4,2번 출입구,녹양 방면,2번 출입구 → 녹양 방면
01,수도권,KR,1,1호선,0118,녹양,1,출입구-승강장,1,1번 출입구,양주 방면,1번 출입구 → 양주 방면
01,수도권,KR,1,1호선,0118,녹양,1,출입구-승강장,2,2번 출입구,양주 방면,2번 출입구 → 양주 방면
01,수도권,KR,1,1호선,0118,녹양,1,출입구-승강장,3,1번 출입구,가능 방면,1번 출입구 → 가능 방면
01,수도권,KR,1,1호선,0118,녹양,1,출입구-승강장,4,2번 출입구,가능 방면,2번 출입구 → 가능 방면
01,수도권,KR,1,1호선,0002,가능,1,출입구-승강장,1,1번 출입구,녹양 방면,1번 출입구 → 녹양 방면
01,수도권,KR,1,1호선,0002,가능,1,출입구-승강장,2,2번 출입구,녹양 방면,2번 출입구 → 녹양 방면
01,수도권,KR,1,1호선,0002,가능,1,출입구-승강장,3,3번 출입구,녹양 방면,3번 출입구 → 녹양 방면
01,수도권,KR,1,1호선,0002,가능,1,출입구-승강장,4,1번 출입구,의정부 방면,1번 출입구 → 의정부 방면
01,수도권,KR,1,1호선,0002,가능,1,출입구-승강장,5,2번 출입구,의정부 방면,2번 출입구 → 의정부 방면
01,수도권,KR,1,1호선,0002,가능,1,출입구-승강장,6,3번 출입구,의정부 방면,3번 출입구 → 의정부 방면
01,수도권,KR,1,1호선,0470,의정부,1,출입구-승강장,1,1번 출입구 옆 엘리베이터,가능 방면 승강장,1번 출입구 옆 엘리베이터 → 가능 방면 승강장
01,수도권,KR,1,1호선,0470,의정부,1,출입구-승강장,2,1번 출입구 옆 엘리베이터,회룡 방면 승강장,1번 출입구 옆 엘리베이터 → 회룡 방면 승강장
01,수도권,KR,1,1호선,0470,의정부,1,출입구-승강장,3,3번 출입구 옆 엘리베이터,가능 방면 승강장,3번 출입구 옆 엘리베이터 → 가능 방면 승강장
01,수도권,KR,1,1호선,0470,의정부,1,출입구-승강장,4,3번 출입구 옆 엘리베이터,회룡 방면 승강장,3번 출입구 옆 엘리베이터 → 회룡 방면 승강장
01,수도권,KR,1,1호선,0470,의정부,1,출입구-승강장,5,4번 출입구 옆 엘리베이터,가능 방면 승강장,4번 출입구 옆 엘리베이터 → 가능 방면 승강장
01,수도권,KR,1,1호선,0470,의정부,1,출입구-승강장,6,4번 출입구 옆 엘리베이터,회룡 방면 승강장,4번 출입구 옆 엘리베이터 → 회룡 방면 승강장
01,수도권,KR,1,1호선,0470,의정부,1,출입구-승강장,7,6번 출입구 옆 엘리베이터,가능 방면 승강장,6번 출입구 옆 엘리베이터 → 가능 방면 승강장
01,수도권,KR,1,1호선,0470,의정부,1,출입구-승강장,8,6번 출입구 옆 엘리베이터,회룡 방면 승강장,6번 출입구 옆 엘리베이터 → 회룡 방면 승강장
01,수도권,KR,1,1호선,0470,의정부,1,출입구-승강장,9,7번 출입구 옆 엘리베이터,가능 방면 승강장,7번 출입구 옆 엘리베이터 → 가능 방면 승강장
01,수도권,KR,1,1호선,0470,의정부,1,출입구-승강장,10,7번 출입구 옆 엘리베이터,회룡 방면 승강장,7번 출입구 옆 엘리베이터 → 회룡 방면 승강장
01,수도권,KR,1,1호선,0606,회룡,1,출입구-승강장,1,1번 출입구 옆 엘리베이터,의정부 방면,1번 출입구 옆 엘리베이터 → 의정부 방면
01,수도권,KR,1,1호선,0606,회룡,1,출입구-승강장,2,1번 출입구 옆 엘리베이터,망월사 방면,1번 출입구 옆 엘리베이터 → 망월사 방면
01,수도권,KR,1,1호선,0606,회룡,1,출입구-승강장,3,2번 출입구 옆 엘리베이터,의정부 방면,2번 출입구 옆 엘리베이터 → 의정부 방면
01,수도권,KR,1,1호선,0606,회룡,1,출입구-승강장,4,2번 출입구 옆 엘리베이터,망월사 방면,2번 출입구 옆 엘리베이터 → 망월사 방면
01,수도권,KR,1,1호선,0606,회룡,1,출입구-승강장,5,3번 출입구 옆 엘리베이터,의정부 방면,3번 출입구 옆 엘리베이터 → 의정부 방면
01,수도권,KR,1,1호선,0606,회룡,1,출입구-승강장,6,3번 출입구 옆 엘리베이터,망월사 방면,3번 출입구 옆 엘리베이터 → 망월사 방면
01,수도권,KR,1,1호선,0606,회룡,1,출입구-승강장,7,5번 출입구 옆 엘리베이터,의정부 방면,5번 출입구 옆 엘리베이터 → 의정부 방면
01,수도권,KR,1,1호선,0606,회룡,1,출입구-승강장,8,5번 출입구 옆 엘리베이터,망월사 방면,5번 출입구 옆 엘리베이터 → 망월사 방면
01,수도권,KR,1,1호선,0606,회룡,3,환승,1,1호선 의정부 방면,의정부 발곡 방면,1호선 의정부 방면 → 의정부 발곡 방면
01,수도권,KR,1,1호선,0606,회룡,3,환승,2,1호선 의정부 방면,의정부 범골 방면,1호선 의정부 방면 → 의정부 범골 방면
01,수도권,KR,1,1호선,0606,회룡,3,환승,3,1호선 망월사 방면,의정부 발곡 방면,1호선 망월사 방면 → 의정부 발곡 방면
01,수도권,KR,1,1호선,0606,회룡,3,환승,4,1호선 망월사 방면,의정부 범골 방면,1호선 망월사 방면 → 의정부 범골 방면
01,수도권,KR,1,1호선,0190,망월사,1,출입구-승강장,1,1번 출입구,회룡 방면,1번 출입구 → 회룡 방면
01,수도권,KR,1,1호선,0190,망월사,1,출입구-승강장,2,2번 출입구,회룡 방면,2번 출입구 → 회룡 방면
01,수도권,KR,1,1호선,0190,망월사,1,출입구-승강장,3,1번 출입구,도봉산 방면,1번 출입구 → 도봉산 방면
01,수도권,KR,1,1호선,0190,망월사,1,출입구-승강장,4,2번 출입구,도봉산 방면,2번 출입구 → 도봉산 방면
01,수도권,KR,1,1호선,0146,도봉산,3,환승,1,1호선 망월사 방면,7호선 수락산 방면,1호선 망월사 방면 → 7호선 수락산 방면
01,수도권,KR,1,1호선,0146,도봉산,3,환승,2,1호선 망월사 방면,7호선 장암 방면,1호선 망월사 방면 → 7호선 장암 방면
01,수도권,KR,1,1호선,0146,도봉산,3,환승,3,1호선 도봉 방면,7호선 수락산 방면,1호선 도봉 방면 → 7호선 수락산 방면
01,수도권,KR,1,1호선,0146,도봉산,3,환승,4,1호선 도봉 방면,7호선 장암 방면,1호선 도봉 방면 → 7호선 장암 방면
01,수도권,KR,1,1호선,0145,도봉,1,출입구-승강장,3,1번 출입구 근처 엘리베이터,도봉산 방면,1번 출입구 근처 엘리베이터 → 도봉산 방면
01,수도권,KR,1,1호선,0145,도봉,1,출입구-승강장,4,2번 출입구 근처 엘리베이터,도봉산 방면,2번 출입구 근처 엘리베이터 → 도봉산 방면
01,수도권,KR,1,1호선,0145,도봉,1,출입구-승강장,5,3번 출입구 근처 엘리베이터,방학 방면,3번 출입구 근처 엘리베이터 → 방학 방면
01,수도권,KR,1,1호선,0220,방학,1,출입구-승강장,1,1번 출입구,도봉 방면,1번 출입구 → 도봉 방면
01,수도권,KR,1,1호선,0220,방학,1,출입구-승강장,2,3번 출입구,도봉 방면,3번 출입구 → 도봉 방면
01,수도권,KR,1,1호선,0220,방학,1,출입구-승강장,3,2번 출입구,창동 방면,2번 출입구 → 창동 방면
01,수도권,KR,1,1호선,0220,방학,1,출입구-승강장,4,3번 출입구,창동 방면,3번 출입구 → 창동 방면
01,수도권,KR,1,1호선,0541,창동,1,출입구-승강장,1,1번 출입구 옆 엘리베이터,방학 방면 승강장,1번 출입구 옆 엘리베이터 → 방학 방면 승강장
01,수도권,KR,1,1호선,0541,창동,1,출입구-승강장,2,1번 출입구 옆 엘리베이터,녹천 방면 승강장,1번 출입구 옆 엘리베이터 → 녹천 방면 승강장
01,수도권,KR,1,1호선,0541,창동,1,출입구-승강장,3,2번 출입구 옆 엘리베이터,방학 방면 승강장,2번 출입구 옆 엘리베이터 → 방학 방면 승강장
01,수도권,KR,1,1호선,0541,창동,1,출입구-승강장,4,2번 출입구 옆 엘리베이터,녹천 방면 승강장,2번 출입구 옆 엘리베이터 → 녹천 방면 승강장
01,수도권,KR,1,1호선,0541,창동,3,환승,1,1호선 방학 방면,4호선 노원 방면,1호선 방학 방면 → 4호선 노원 방면
01,수도권,KR,1,1호선,0541,창동,3,환승,2,1호선 방학 방면,4호선 쌍문 방면,1호선 방학 방면 → 4호선 쌍문 방면
01,수도권,KR,1,1호선,0541,창동,3,환승,3,1호선 녹천 방면,4호선 노원 방면,1호선 녹천 방면 → 4호선 노원 방면
01,수도권,KR,1,1호선,0541,창동,3,환승,4,1호선 녹천 방면,4호선 쌍문 방면,1호선 녹천 방면 → 4호선 쌍문 방면
01,수도권,KR,1,1호선,0119,녹천,1,출입구-승강장,1,1번 출입구 엘리베이터,창동 방면,1번 출입구 엘리베이터 → 창동 방면
01,수도권,KR,1,1호선,0119,녹천,1,출입구-승강장,2,2번 출입구 엘리베이터,창동 방면,2번 출입구 엘리베이터 → 창동 방면
01,수도권,KR,1,1호선,0119,녹천,1,출입구-승강장,3,3번 출입구 에스컬레이터,창동 방면,3번 출입구 에스컬레이터 → 창동 방면
01,수도권,KR,1,1호선,0119,녹천,1,출입구-승강장,4,4번 출입구 에스컬레이터,창동 방면,4번 출입구 에스컬레이터 → 창동 방면
01,수도권,KR,1,1호선,0119,녹천,1,출입구-승강장,5,1번 출입구 엘리베이터,월계 방면,1번 출입구 엘리베이터 → 월계 방면
01,수도권,KR,1,1호선,0119,녹천,1,출입구-승강장,6,2번 출입구 엘리베이터,월계 방면,2번 출입구 엘리베이터 → 월계 방면
01,수도권,KR,1,1호선,0119,녹천,1,출입구-승강장,7,3번 출입구 에스컬레이터,월계 방면,3번 출입구 에스컬레이터 → 월계 방면
01,수도권,KR,1,1호선,0119,녹천,1,출입구-승강장,8,4번 출입구 에스컬레이터,월계 방면,4번 출입구 에스컬레이터 → 월계 방면
01,수도권,KR,1,1호선,0459,월계,1,출입구-승강장,1,1번 출입구 엘리베이터,녹천 방면,1번 출입구 엘리베이터 → 녹천 방면
01,수도권,KR,1,1호선,0459,월계,1,출입구-승강장,2,2번 출입구 엘리베이터,녹천 방면,2번 출입구 엘리베이터 → 녹천 방면
01,수도권,KR,1,1호선,0459,월계,1,출입구-승강장,3,3번 출입구 엘리베이터,녹천 방면,3번 출입구 엘리베이터 → 녹천 방면
01,수도권,KR,1,1호선,0459,월계,1,출입구-승강장,4,4번 출입구 엘리베이터,녹천 방면,4번 출입구 엘리베이터 → 녹천 방면
01,수도권,KR,1,1호선,0459,월계,1,출입구-승강장,5,1번 출입구 엘리베이터,광운대 방면,1번 출입구 엘리베이터 → 광운대 방면
01,수도권,KR,1,1호선,0459,월계,1,출입구-승강장,6,2번 출입구 엘리베이터,광운대 방면,2번 출입구 엘리베이터 → 광운대 방면
01,수도권,KR,1,1호선,0459,월계,1,출입구-승강장,7,3번 출입구 엘리베이터,광운대 방면,3번 출입구 엘리베이터 → 광운대 방면
01,수도권,KR,1,1호선,0459,월계,1,출입구-승강장,8,4번 출입구 엘리베이터,광운대 방면,4번 출입구 엘리베이터 → 광운대 방면
01,수도권,KR,1,1호선,0065,광운대,1,출입구-승강장,1,1번 출입구,월계 방면,1번 출입구 → 월계 방면
01,수도권,KR,1,1호선,0065,광운대,1,출입구-승강장,2,2번 출입구,월계 방면,2번 출입구 → 월계 방면
01,수도권,KR,1,1호선,0065,광운대,1,출입구-승강장,3,3번 출입구 엘리베이터,월계 방면,3번 출입구 엘리베이터 → 월계 방면
01,수도권,KR,1,1호선,0065,광운대,1,출입구-승강장,4,1번 출입구,석계/상봉 방면,1번 출입구 → 석계/상봉 방면
01,수도권,KR,1,1호선,0065,광운대,1,출입구-승강장,5,2번 출입구,석계/상봉 방면,2번 출입구 → 석계/상봉 방면
01,수도권,KR,1,1호선,0065,광운대,1,출입구-승강장,6,3번 출입구 엘리베이터,석계/상봉 방면,3번 출입구 엘리베이터 → 석계/상봉 방면
01,수도권,KR,1,1호선,0065,광운대,1,출입구-승강장,7,1번 출입구,하행 급행,1번 출입구 → 하행 급행
01,수도권,KR,1,1호선,0065,광운대,1,출입구-승강장,8,2번 출입구,하행 급행,2번 출입구 → 하행 급행
01,수도권,KR,1,1호선,0065,광운대,1,출입구-승강장,9,3번 출입구 엘리베이터,하행 급행,3번 출입구 엘리베이터 → 하행 급행
01,수도권,KR,1,1호선,0300,석계,1,출입구-승강장,1,1번 출입구 근처 엘리베이터,광운대/신이문 방면,1번 출입구 근처 엘리베이터 → 광운대/신이문 방면
01,수도권,KR,1,1호선,0300,석계,3,환승,1,1호선 성북/신이문 방면,6호선 태릉입구 방면,1호선 성북/신이문 방면 → 6호선 태릉입구 방면
01,수도권,KR,1,1호선,0300,석계,3,환승,2,1호선 성북/신이문 방면,6호선 돌곶이 방면,1호선 성북/신이문 방면 → 6호선 돌곶이 방면
01,수도권,KR,1,1호선,0371,신이문,1,출입구-승강장,1,1번 출입구 엘리베이터,석계 방면,1번 출입구 엘리베이터 → 석계 방면
01,수도권,KR,1,1호선,0371,신이문,1,출입구-승강장,2,2번 출입구 엘리베이터,석계 방면,2번 출입구 엘리베이터 → 석계 방면
01,수도권,KR,1,1호선,0371,신이문,1,출입구-승강장,3,3번 출입구 엘리베이터,석계 방면,3번 출입구 엘리베이터 → 석계 방면
01,수도권,KR,1,1호선,0371,신이문,1,출입구-승강장,4,4번 출입구 엘리베이터,석계 방면,4번 출입구 엘리베이터 → 석계 방면
01,수도권,KR,1,1호선,0371,신이문,1,출입구-승강장,5,1번 출입구 엘리베이터,외대앞 방면,1번 출입구 엘리베이터 → 외대앞 방면
01,수도권,KR,1,1호선,0371,신이문,1,출입구-승강장,6,2번 출입구 엘리베이터,외대앞 방면,2번 출입구 엘리베이터 → 외대앞 방면
01,수도권,KR,1,1호선,0371,신이문,1,출입구-승강장,7,3번 출입구 엘리베이터,외대앞 방면,3번 출입구 엘리베이터 → 외대앞 방면
01,수도권,KR,1,1호선,0371,신이문,1,출입구-승강장,8,4번 출입구 엘리베이터,외대앞 방면,4번 출입구 엘리베이터 → 외대앞 방면
01,수도권,KR,1,1호선,0442,외대앞,1,출입구-승강장,1,"외부 3,5번 출입구",신이문방면,"외부 3,5번 출입구 → 신이문방면"
01,수도권,KR,1,1호선,0442,외대앞,1,출입구-승강장,2,1번출입구,신이문방면 ,1번출입구 → 신이문방면 
01,수도권,KR,1,1호선,0604,회기,1,출입구-승강장,1,1번 출입구 옆 엘리베이터,외대앞 방면 승강장,1번 출입구 옆 엘리베이터 → 외대앞 방면 승강장
01,수도권,KR,1,1호선,0604,회기,1,출입구-승강장,2,1번 출입구 옆 엘리베이터,청량리 방면 승강장,1번 출입구 옆 엘리베이터 → 청량리 방면 승강장
01,수도권,KR,1,1호선,0604,회기,1,출입구-승강장,3,2번 출입구 옆 엘리베이터,외대앞 방면 승강장,2번 출입구 옆 엘리베이터 → 외대앞 방면 승강장
01,수도권,KR,1,1호선,0604,회기,1,출입구-승강장,4,2번 출입구 옆 엘리베이터,청량리 방면 승강장,2번 출입구 옆 엘리베이터 → 청량리 방면 승강장
01,수도권,KR,1,1호선,0604,회기,3,환승,1,1호선 외대앞 방면,경의중앙선 청량리 방면,1호선 외대앞 방면 → 경의중앙선 청량리 방면
01,수도권,KR,1,1호선,0604,회기,3,환승,2,1호선 외대앞 방면,경의중앙선 중랑 방면,1호선 외대앞 방면 → 경의중앙선 중랑 방면
01,수도권,KR,1,1호선,0604,회기,3,환승,3,1호선 청량리 방면,경의중앙선 청량리 방면,1호선 청량리 방면 → 경의중앙선 청량리 방면
01,수도권,KR,1,1호선,0604,회기,3,환승,4,1호선 청량리 방면,경의중앙선 중랑 방면,1호선 청량리 방면 → 경의중앙선 중랑 방면
01,수도권,KR,1,1호선,0604,회기,3,환승,5,1호선 외대앞 방면,경춘선 청량리 방면,1호선 외대앞 방면 → 경춘선 청량리 방면
01,수도권,KR,1,1호선,0604,회기,3,환승,6,1호선 외대앞 방면,경춘선 중랑 방면,1호선 외대앞 방면 → 경춘선 중랑 방면
01,수도권,KR,1,1호선,0604,회기,3,환승,7,1호선 청량리 방면,경춘선 청량리 방면,1호선 청량리 방면 → 경춘선 청량리 방면
01,수도권,KR,1,1호선,0604,회기,3,환승,8,1호선 청량리 방면,경춘선 중랑 방면,1호선 청량리 방면 → 경춘선 중랑 방면
01,수도권,S1,1,1호선,0552,청량리,1,출입구-승강장,1,2번 출입구 근처 엘리베이터,제기동 방면,2번 출입구 근처 엘리베이터 → 제기동 방면
01,수도권,S1,1,1호선,0552,청량리,1,출입구-승강장,2,2번 출입구 근처 엘리베이터,회기 방면,2번 출입구 근처 엘리베이터 → 회기 방면
01,수도권,S1,1,1호선,0552,청량리,3,환승,1,1호선 회기 방면,경의중앙선 방면,1호선 회기 방면 → 경의중앙선 방면
01,수도권,S1,1,1호선,0552,청량리,3,환승,2,1호선 제기동 방면,경의중앙선 방면,1호선 제기동 방면 → 경의중앙선 방면
01,수도권,S1,1,1호선,0512,제기동,1,출입구-승강장,1,1번 출입구 옆 엘리베이터,청량리 방면 승강장,1번 출입구 옆 엘리베이터 → 청량리 방면 승강장
01,수도권,S1,1,1호선,0512,제기동,1,출입구-승강장,2,1번 출입구 옆 엘리베이터,신설동 방면 승강장,1번 출입구 옆 엘리베이터 → 신설동 방면 승강장
01,수도권,S1,1,1호선,0367,신설동,1,출입구-승강장,1,2번/3번 출입구 사이 엘리베이터,제기동 방면 승강장,2번/3번 출입구 사이 엘리베이터 → 제기동 방면 승강장
01,수도권,S1,1,1호선,0367,신설동,1,출입구-승강장,2,4번/5번 출입구 사이 엘리베이터,동묘앞 방면 승강장,4번/5번 출입구 사이 엘리베이터 → 동묘앞 방면 승강장
01,수도권,S1,1,1호선,0367,신설동,3,환승,1,1호선 제기동 방면,2호선 용두 방면,1호선 제기동 방면 → 2호선 용두 방면
01,수도권,S1,1,1호선,0367,신설동,3,환승,2,1호선 동묘앞 방면,2호선 용두 방면,1호선 동묘앞 방면 → 2호선 용두 방면
01,수도권,S1,1,1호선,0367,신설동,3,환승,3,1호선 제기동 방면,우이신설선 보문 방면,1호선 제기동 방면 → 우이신설선 보문 방면
01,수도권,S1,1,1호선,0367,신설동,3,환승,4,1호선 동묘앞 방면,우이신설선 보문 방면,1호선 동묘앞 방면 → 우이신설선 보문 방면
01,수도권,S1,1,1호선,0161,동묘앞,1,출입구-승강장,1,2번 출입구,신설동 방면 승강장,2번 출입구 → 신설동 방면 승강장
01,수도권,S1,1,1호선,0161,동묘앞,1,출입구-승강장,2,2번 출입구,동대문 방면 승강장,2번 출입구 → 동대문 방면 승강장
01,수도권,S1,1,1호선,0161,동묘앞,1,출입구-승강장,3,3번 출입구 옆 엘리베이터,신설동 방면 승강장,3번 출입구 옆 엘리베이터 → 신설동 방면 승강장
01,수도권,S1,1,1호선,0161,동묘앞,1,출입구-승강장,4,3번 출입구 옆 엘리베이터,동대문 방면 승강장,3번 출입구 옆 엘리베이터 → 동대문 방면 승강장
01,수도권,S1,1,1호선,0161,동묘앞,3,환승,1,1호선 신설동 방면,6호선 신당 방면,1호선 신설동 방면 → 6호선 신당 방면
01,수도권,S1,1,1호선,0161,동묘앞,3,환승,2,1호선 신설동 방면,6호선 창신 방면,1호선 신설동 방면 → 6호선 창신 방면
01,수도권,S1,1,1호선,0161,동묘앞,3,환승,3,1호선 동대문 방면,6호선 신당 방면,1호선 동대문 방면 → 6호선 신당 방면
01,수도권,S1,1,1호선,0161,동묘앞,3,환승,4,1호선 동대문 방면,6호선 창신 방면,1호선 동대문 방면 → 6호선 창신 방면
01,수도권,S1,1,1호선,0155,동대문,1,출입구-승강장,1,6번 출입구 근처 엘리베이터,1호선 동묘앞 방면,6번 출입구 근처 엘리베이터 → 1호선 동묘앞 방면
01,수도권,S1,1,1호선,0155,동대문,1,출입구-승강장,2,6번 출입구 근처 엘리베이터,1호선 종로 5가 방면,6번 출입구 근처 엘리베이터 → 1호선 종로 5가 방면
01,수도권,S1,1,1호선,0155,동대문,3,환승,1,1호선 동묘앞 방면,4호선 혜화/동대문역사문화공원 방면,1호선 동묘앞 방면 → 4호선 혜화/동대문역사문화공원 방면
01,수도권,S1,1,1호선,0155,동대문,3,환승,2,1호선 종로5가 방면,4호선 혜화/동대문역사문화공원 방면,1호선 종로5가 방면 → 4호선 혜화/동대문역사문화공원 방면
01,수도권,S1,1,1호선,0517,종로5가,1,출입구-승강장,1,8번 출입구 옆 엘리베이터,동대문 방면 승강장,8번 출입구 옆 엘리베이터 → 동대문 방면 승강장
01,수도권,S1,1,1호선,0517,종로5가,1,출입구-승강장,2,8번 출입구 옆 엘리베이터,종로3가 방면 승강장,8번 출입구 옆 엘리베이터 → 종로3가 방면 승강장
01,수도권,S1,1,1호선,0515,종로3가,1,출입구-승강장,1,2-1번 출입구 옆 엘리베이터,종로5가 방면 승강장,2-1번 출입구 옆 엘리베이터 → 종로5가 방면 승강장
01,수도권,S1,1,1호선,0515,종로3가,1,출입구-승강장,2,2-1번 출입구 옆 엘리베이터,종각 방면 승강장,2-1번 출입구 옆 엘리베이터 → 종각 방면 승강장
01,수도권,S1,1,1호선,0515,종로3가,1,출입구-승강장,3,12번 출입구 옆 엘리베이터,종로5가 방면 승강장,12번 출입구 옆 엘리베이터 → 종로5가 방면 승강장
01,수도권,S1,1,1호선,0515,종로3가,1,출입구-승강장,4,12번 출입구 옆 엘리베이터,종각 방면 승강장,12번 출입구 옆 엘리베이터 → 종각 방면 승강장
01,수도권,S1,1,1호선,0515,종로3가,3,환승,1,1호선 종로5가 방면,3호선 안국 방면,1호선 종로5가 방면 → 3호선 안국 방면
01,수도권,S1,1,1호선,0515,종로3가,3,환승,2,1호선 종로5가 방면,3호선 을지로3가 방면,1호선 종로5가 방면 → 3호선 을지로3가 방면
01,수도권,S1,1,1호선,0515,종로3가,3,환승,3,1호선 종각 방면,3호선 안국 방면,1호선 종각 방면 → 3호선 안국 방면
01,수도권,S1,1,1호선,0515,종로3가,3,환승,4,1호선 종각 방면,3호선 을지로3가 방면,1호선 종각 방면 → 3호선 을지로3가 방면
01,수도권,S1,1,1호선,0515,종로3가,3,환승,5,1호선 종로5가 방면,5호선 광화문 방면,1호선 종로5가 방면 → 5호선 광화문 방면
01,수도권,S1,1,1호선,0515,종로3가,3,환승,6,1호선 종로5가 방면,5호선 을지로4가 방면,1호선 종로5가 방면 → 5호선 을지로4가 방면
01,수도권,S1,1,1호선,0515,종로3가,3,환승,7,1호선 종각 방면,5호선 광화문 방면,1호선 종각 방면 → 5호선 광화문 방면
01,수도권,S1,1,1호선,0515,종로3가,3,환승,8,1호선 종각 방면,5호선 을지로4가 방면,1호선 종각 방면 → 5호선 을지로4가 방면
01,수도권,S1,1,1호선,0514,종각,1,출입구-승강장,1,1번 출입구 옆 엘리베이터,종로3가 방면 승강장,1번 출입구 옆 엘리베이터 → 종로3가 방면 승강장
01,수도권,S1,1,1호선,0514,종각,1,출입구-승강장,2,1번 출입구 옆 엘리베이터,시청 방면 승강장,1번 출입구 옆 엘리베이터 → 시청 방면 승강장
01,수도권,S1,1,1호선,0514,종각,1,출입구-승강장,3,3번 출입구 옆 엘리베이터,종로3가 방면 승강장,3번 출입구 옆 엘리베이터 → 종로3가 방면 승강장
01,수도권,S1,1,1호선,0514,종각,1,출입구-승강장,4,3번 출입구 옆 엘리베이터,시청 방면 승강장,3번 출입구 옆 엘리베이터 → 시청 방면 승강장
01,수도권,S1,1,1호선,0347,시청,1,출입구-승강장,1,2번 출입구 근처 엘리베이터,1호선 종각 방면,2번 출입구 근처 엘리베이터 → 1호선 종각 방면
01,수도권,S1,1,1호선,0347,시청,1,출입구-승강장,2,2번 출입구 근처 엘리베이터,1호선 서울역 방면,2번 출입구 근처 엘리베이터 → 1호선 서울역 방면
01,수도권,S1,1,1호선,0347,시청,3,환승,1,1호선 서울역 방면,2호선 을지로입구 방면,1호선 서울역 방면 → 2호선 을지로입구 방면
01,수도권,S1,1,1호선,0347,시청,3,환승,2,1호선 서울역 방면,2호선 충정로 방면,1호선 서울역 방면 → 2호선 충정로 방면
01,수도권,S1,1,1호선,0347,시청,3,환승,3,1호선 종각 방면,2호선 을지로입구 방면,1호선 종각 방면 → 2호선 을지로입구 방면
01,수도권,S1,1,1호선,0347,시청,3,환승,4,1호선 종각 방면,2호선 충정로 방면,1호선 종각 방면 → 2호선 충정로 방면
01,수도권,S1,1,1호선,0296,서울역,1,출입구-승강장,1,1번 출입구 옆 엘리베이터,시청 방면 승강장,1번 출입구 옆 엘리베이터 → 시청 방면 승강장
01,수도권,S1,1,1호선,0296,서울역,1,출입구-승강장,2,1번 출입구 옆 엘리베이터,남영 방면 승강장,1번 출입구 옆 엘리베이터 → 남영 방면 승강장
01,수도권,S1,1,1호선,0296,서울역,1,출입구-승강장,3,2번 출입구 옆 엘리베이터,시청 방면 승강장,2번 출입구 옆 엘리베이터 → 시청 방면 승강장
01,수도권,S1,1,1호선,0296,서울역,1,출입구-승강장,4,2번 출입구 옆 엘리베이터,남영 방면 승강장,2번 출입구 옆 엘리베이터 → 남영 방면 승강장
01,수도권,S1,1,1호선,0296,서울역,1,출입구-승강장,5,3번 출입구 옆 엘리베이터,시청 방면 승강장,3번 출입구 옆 엘리베이터 → 시청 방면 승강장
01,수도권,S1,1,1호선,0296,서울역,1,출입구-승강장,6,3번 출입구 옆 엘리베이터,남영 방면 승강장,3번 출입구 옆 엘리베이터 → 남영 방면 승강장
01,수도권,S1,1,1호선,0296,서울역,1,출입구-승강장,7,4번 출입구 옆 엘리베이터,시청 방면 승강장,4번 출입구 옆 엘리베이터 → 시청 방면 승강장
01,수도권,S1,1,1호선,0296,서울역,1,출입구-승강장,8,4번 출입구 옆 엘리베이터,남영 방면 승강장,4번 출입구 옆 엘리베이터 → 남영 방면 승강장
01,수도권,S1,1,1호선,0296,서울역,3,환승,1,1호선 시청 방면,4호선 회현 방면,1호선 시청 방면 → 4호선 회현 방면
01,수도권,S1,1,1호선,0296,서울역,3,환승,2,1호선 시청 방면,4호선 숙대입구 방면,1호선 시청 방면 → 4호선 숙대입구 방면
01,수도권,S1,1,1호선,0296,서울역,3,환승,3,1호선 남영 방면,4호선 회현 방면,1호선 남영 방면 → 4호선 회현 방면
01,수도권,S1,1,1호선,0296,서울역,3,환승,4,1호선 남영 방면,4호선 숙대입구 방면,1호선 남영 방면 → 4호선 숙대입구 방면
01,수도권,S1,1,1호선,0296,서울역,3,환승,5,1호선 시청 방면,경의중앙선 신촌 방면,1호선 시청 방면 → 경의중앙선 신촌 방면
01,수도권,S1,1,1호선,0296,서울역,3,환승,6,1호선 남영 방면,경의중앙선 신촌 방면,1호선 남영 방면 → 경의중앙선 신촌 방면
01,수도권,S1,1,1호선,0296,서울역,3,환승,7,1호선 시청 방면,공항철도 공덕 방면,1호선 시청 방면 → 공항철도 공덕 방면
01,수도권,S1,1,1호선,0296,서울역,3,환승,8,1호선 남영 방면,공항철도 공덕 방면,1호선 남영 방면 → 공항철도 공덕 방면
01,수도권,KR,1,1호선,0108,남영,1,출입구-승강장,1,1번 출입구,서울역 방면 승강장,1번 출입구 → 서울역 방면 승강장
01,수도권,KR,1,1호선,0108,남영,1,출입구-승강장,2,1번 출입구,용산 방면 승강장,1번 출입구 → 용산 방면 승강장
01,수도권,KR,1,1호선,0447,용산,1,출입구-승강장,1,1번 출입구,노량진 방면,1번 출입구 → 노량진 방면
01,수도권,KR,1,1호선,0447,용산,1,출입구-승강장,2,2번 출입구,노량진 방면,2번 출입구 → 노량진 방면
01,수도권,KR,1,1호선,0447,용산,1,출입구-승강장,3,3번 출입구,노량진 방면,3번 출입구 → 노량진 방면
01,수도권,KR,1,1호선,0447,용산,1,출입구-승강장,4,1번 출입구,남영 방면,1번 출입구 → 남영 방면
01,수도권,KR,1,1호선,0447,용산,1,출입구-승강장,5,2번 출입구,남영 방면,2번 출입구 → 남영 방면
01,수도권,KR,1,1호선,0447,용산,1,출입구-승강장,6,3번 출입구,남영 방면,3번 출입구 → 남영 방면
01,수도권,KR,1,1호선,0447,용산,3,환승,1,이촌방면 승강장,효창공원앞방면 승강장,이촌방면 승강장 → 효창공원앞방면 승강장
01,수도권,KR,1,1호선,0447,용산,3,환승,2,남영방면 승강장,효창공원앞방면 승강장,남영방면 승강장 → 효창공원앞방면 승강장
01,수도권,KR,1,1호선,0447,용산,3,환승,3,노량진방면 승강장,효창공원앞방면 승강장,노량진방면 승강장 → 효창공원앞방면 승강장
01,수도권,KR,1,1호선,0447,용산,3,환승,4,효창공원앞방면 승강장,이촌방면 승강장,효창공원앞방면 승강장 → 이촌방면 승강장
01,수도권,KR,1,1호선,0447,용산,3,환승,5,남영방면 승강장,이촌방면 승강장,남영방면 승강장 → 이촌방면 승강장
01,수도권,KR,1,1호선,0447,용산,3,환승,6,노량진방면 승강장,이촌방면 승강장,노량진방면 승강장 → 이촌방면 승강장
01,수도권,KR,1,1호선,0114,노량진,1,출입구-승강장,1,9번 출입구 엘리베이터,대방 방면,9번 출입구 엘리베이터 → 대방 방면
01,수도권,KR,1,1호선,0114,노량진,1,출입구-승강장,2,5/6번 출입구 사이 엘리베이터,대방 방면,5/6번 출입구 사이 엘리베이터 → 대방 방면
01,수도권,KR,1,1호선,0114,노량진,1,출입구-승강장,3,8번 출입구 엘리베이터,대방 방면,8번 출입구 엘리베이터 → 대방 방면
01,수도권,KR,1,1호선,0114,노량진,1,출입구-승강장,4,9번 출입구 엘리베이터,용산 방면,9번 출입구 엘리베이터 → 용산 방면
01,수도권,KR,1,1호선,0114,노량진,1,출입구-승강장,5,5/6번 출입구 사이 엘리베이터,용산 방면,5/6번 출입구 사이 엘리베이터 → 용산 방면
01,수도권,KR,1,1호선,0114,노량진,1,출입구-승강장,6,8번 출입구 엘리베이터,용산 방면,8번 출입구 엘리베이터 → 용산 방면
01,수도권,KR,1,1호선,0114,노량진,1,출입구-승강장,7,9번 출입구 엘리베이터,하행 급행,9번 출입구 엘리베이터 → 하행 급행
01,수도권,KR,1,1호선,0114,노량진,1,출입구-승강장,8,5/6번 출입구 사이 엘리베이터,하행 급행,5/6번 출입구 사이 엘리베이터 → 하행 급행
01,수도권,KR,1,1호선,0114,노량진,1,출입구-승강장,9,8번 출입구 엘리베이터,하행 급행,8번 출입구 엘리베이터 → 하행 급행
01,수도권,KR,1,1호선,0114,노량진,1,출입구-승강장,10,9번 출입구 엘리베이터,상행 급행,9번 출입구 엘리베이터 → 상행 급행
01,수도권,KR,1,1호선,0114,노량진,1,출입구-승강장,11,5/6번 출입구 사이 엘리베이터,상행 급행,5/6번 출입구 사이 엘리베이터 → 상행 급행
01,수도권,KR,1,1호선,0114,노량진,1,출입구-승강장,12,8번 출입구 엘리베이터,상행 급행,8번 출입구 엘리베이터 → 상행 급행
01,수도권,KR,1,1호선,0114,노량진,3,환승,1,용산방면 승강장,노들방면 승강장,용산방면 승강장 → 노들방면 승강장
01,수도권,KR,1,1호선,0114,노량진,3,환승,2,용산방면 승강장,샛강방면 승강장,용산방면 승강장 → 샛강방면 승강장
01,수도권,KR,1,1호선,0114,노량진,3,환승,3,대방방면 승강장,노들방면 승강장,대방방면 승강장 → 노들방면 승강장
01,수도권,KR,1,1호선,0132,대방,1,출입구-승강장,1,5번 출입구 엘리베이터,노량진 방면,5번 출입구 엘리베이터 → 노량진 방면
01,수도권,KR,1,1호선,0132,대방,1,출입구-승강장,2,6번 출입구,노량진 방면,6번 출입구 → 노량진 방면
01,수도권,KR,1,1호선,0132,대방,1,출입구-승강장,3,5번 출입구 엘리베이터,신길 방면,5번 출입구 엘리베이터 → 신길 방면
01,수도권,KR,1,1호선,0132,대방,1,출입구-승강장,4,6번 출입구,신길 방면,6번 출입구 → 신길 방면
01,수도권,KR,1,1호선,0132,대방,1,출입구-승강장,5,5번 출입구 엘리베이터,상행 급행,5번 출입구 엘리베이터 → 상행 급행
01,수도권,KR,1,1호선,0132,대방,1,출입구-승강장,6,6번 출입구,하행 급행,6번 출입구 → 하행 급행
01,수도권,KR,1,1호선,0351,신길,1,출입구-승강장,1,1번/2번 출입구 입장,영등포_동인천 급행,1번/2번 출입구 입장 → 영등포_동인천 급행
01,수도권,KR,1,1호선,0351,신길,1,출입구-승강장,2,1번/2번 출입구 입장,대방_용산급행,1번/2번 출입구 입장 → 대방_용산급행
01,수도권,KR,1,1호선,0351,신길,1,출입구-승강장,3,1번/2번 출입구 입장,영등포_수원급행,1번/2번 출입구 입장 → 영등포_수원급행
01,수도권,KR,1,1호선,0351,신길,1,출입구-승강장,4,1번/2번 출입구 입장,영등포,1번/2번 출입구 입장 → 영등포
01,수도권,KR,1,1호선,0351,신길,1,출입구-승강장,5,1번/2번 출입구 입장,대방_청량리급행,1번/2번 출입구 입장 → 대방_청량리급행
01,수도권,KR,1,1호선,0351,신길,1,출입구-승강장,6,1번/2번 출입구 입장,대방,1번/2번 출입구 입장 → 대방
01,수도권,KR,1,1호선,0351,신길,3,환승,1,1호선 대방 방면 승강장,5호선 영등포시장 방면,1호선 대방 방면 승강장 → 5호선 영등포시장 방면
01,수도권,KR,1,1호선,0351,신길,3,환승,2,1호선 대방 방면 승강장,5호선 여의도 방면,1호선 대방 방면 승강장 → 5호선 여의도 방면
01,수도권,KR,1,1호선,0351,신길,3,환승,3,1호선 영등포 방면 승강장,5호선 영등포시장 방면,1호선 영등포 방면 승강장 → 5호선 영등포시장 방면
01,수도권,KR,1,1호선,0351,신길,3,환승,4,1호선 영등포 방면 승강장,5호선 여의도 방면,1호선 영등포 방면 승강장 → 5호선 여의도 방면
01,수도권,KR,1,1호선,0420,영등포,1,출입구-승강장,1,1/2번 출입구 사이 엘리베이터,신길 방면,1/2번 출입구 사이 엘리베이터 → 신길 방면
01,수도권,KR,1,1호선,0420,영등포,1,출입구-승강장,2,3번 출입구 엘리베이터,신길 방면,3번 출입구 엘리베이터 → 신길 방면
01,수도권,KR,1,1호선,0420,영등포,1,출입구-승강장,3,1/2번 출입구 사이 엘리베이터,신도림 방면,1/2번 출입구 사이 엘리베이터 → 신도림 방면
01,수도권,KR,1,1호선,0420,영등포,1,출입구-승강장,4,3번 출입구 엘리베이터,신도림 방면,3번 출입구 엘리베이터 → 신도림 방면
01,수도권,KR,1,1호선,0420,영등포,1,출입구-승강장,5,1/2번 출입구 사이 엘리베이터,상행 급행,1/2번 출입구 사이 엘리베이터 → 상행 급행
01,수도권,KR,1,1호선,0420,영등포,1,출입구-승강장,6,3번 출입구 엘리베이터,하행 급행,3번 출입구 엘리베이터 → 하행 급행
01,수도권,KR,1,1호선,0359,신도림,1,출입구-승강장,1,4번 출입구 부근 엘리베이터 ,영등포 방면,4번 출입구 부근 엘리베이터  → 영등포 방면
01,수도권,KR,1,1호선,0359,신도림,1,출입구-승강장,2,4번 출입구 부근 엘리베이터,구로 방면,4번 출입구 부근 엘리베이터 → 구로 방면
01,수도권,KR,1,1호선,0359,신도림,3,환승,1,1호선 의정부 방면 승강장,2호선 대림 방면,1호선 의정부 방면 승강장 → 2호선 대림 방면
01,수도권,KR,1,1호선,0359,신도림,3,환승,2,1호선 의정부 방면 승강장,2호선 문래 방면,1호선 의정부 방면 승강장 → 2호선 문래 방면
01,수도권,KR,1,1호선,0359,신도림,3,환승,3,1호선 의정부 방면 승강장,2호선 도림천 방면,1호선 의정부 방면 승강장 → 2호선 도림천 방면
01,수도권,KR,1,1호선,0359,신도림,3,환승,4,1호선 용산 방면 승강장,2호선 대림 방면,1호선 용산 방면 승강장 → 2호선 대림 방면
01,수도권,KR,1,1호선,0359,신도림,3,환승,5,1호선 용산 방면 승강장,2호선 문래 방면,1호선 용산 방면 승강장 → 2호선 문래 방면
01,수도권,KR,1,1호선,0359,신도림,3,환승,6,1호선 용산 방면 승강장,2호선 도림천 방면,1호선 용산 방면 승강장 → 2호선 도림천 방면
01,수도권,KR,1,1호선,0359,신도림,3,환승,7,1호선 인천ㆍ천안 방면 승강장,2호선 대림 방면,1호선 인천ㆍ천안 방면 승강장 → 2호선 대림 방면
01,수도권,KR,1,1호선,0359,신도림,3,환승,8,1호선 인천ㆍ천안 방면 승강장,2호선 문래 방면,1호선 인천ㆍ천안 방면 승강장 → 2호선 문래 방면
01,수도권,KR,1,1호선,0359,신도림,3,환승,9,1호선 인천ㆍ천안 방면 승강장,2호선 도림천 방면,1호선 인천ㆍ천안 방면 승강장 → 2호선 도림천 방면
01,수도권,KR,1,1호선,0069,구로,1,출입구-승강장,1,1번 출입구 옆 엘리베이터,신도림 방면(1번승강장),1번 출입구 옆 엘리베이터 → 신도림 방면(1번승강장)
01,수도권,KR,1,1호선,0069,구로,1,출입구-승강장,2,1번 출입구 옆 엘리베이터,신도림 방면(2번승강장),1번 출입구 옆 엘리베이터 → 신도림 방면(2번승강장)
01,수도권,KR,1,1호선,0069,구로,1,출입구-승강장,3,1번 출입구 옆 엘리베이터,가산디지털단지 방면,1번 출입구 옆 엘리베이터 → 가산디지털단지 방면
01,수도권,KR,1,1호선,0069,구로,1,출입구-승강장,4,1번 출입구 옆 엘리베이터,인천 방면,1번 출입구 옆 엘리베이터 → 인천 방면
01,수도권,KR,1,1호선,0069,구로,1,출입구-승강장,5,1번 출입구 옆 엘리베이터,영등포 방면,1번 출입구 옆 엘리베이터 → 영등포 방면
01,수도권,KR,1,1호선,0069,구로,1,출입구-승강장,6,1번 출입구 옆 엘리베이터,용산(특급/급행),1번 출입구 옆 엘리베이터 → 용산(특급/급행)
01,수도권,KR,1,1호선,0069,구로,1,출입구-승강장,7,1번 출입구 옆 엘리베이터,구로시발 방면,1번 출입구 옆 엘리베이터 → 구로시발 방면
01,수도권,KR,1,1호선,0069,구로,1,출입구-승강장,8,1번 출입구 옆 엘리베이터,동인천(특급/급행) 방면,1번 출입구 옆 엘리베이터 → 동인천(특급/급행) 방면
01,수도권,KR,1,1호선,0069,구로,1,출입구-승강장,9,1번 출입구 옆 엘리베이터,광명(셔틀)KTX 방면,1번 출입구 옆 엘리베이터 → 광명(셔틀)KTX 방면
01,수도권,KR,1,1호선,0069,구로,1,출입구-승강장,10,3번 출입구 옆 엘리베이터,신도림 방면(1번승강장),3번 출입구 옆 엘리베이터 → 신도림 방면(1번승강장)
01,수도권,KR,1,1호선,0069,구로,1,출입구-승강장,11,3번 출입구 옆 엘리베이터,신도림 방면(2번승강장),3번 출입구 옆 엘리베이터 → 신도림 방면(2번승강장)
01,수도권,KR,1,1호선,0069,구로,1,출입구-승강장,12,3번 출입구 옆 엘리베이터,가산디지털단지 방면,3번 출입구 옆 엘리베이터 → 가산디지털단지 방면
01,수도권,KR,1,1호선,0069,구로,1,출입구-승강장,13,3번 출입구 옆 엘리베이터,인천 방면,3번 출입구 옆 엘리베이터 → 인천 방면
01,수도권,KR,1,1호선,0069,구로,1,출입구-승강장,14,3번 출입구 옆 엘리베이터,영등포 방면,3번 출입구 옆 엘리베이터 → 영등포 방면
01,수도권,KR,1,1호선,0069,구로,1,출입구-승강장,15,3번 출입구 옆 엘리베이터,용산(특급/급행) 방면,3번 출입구 옆 엘리베이터 → 용산(특급/급행) 방면
01,수도권,KR,1,1호선,0069,구로,1,출입구-승강장,16,3번 출입구 옆 엘리베이터,구로시발 방면,3번 출입구 옆 엘리베이터 → 구로시발 방면
01,수도권,KR,1,1호선,0069,구로,1,출입구-승강장,17,3번 출입구 옆 엘리베이터,동인천(특급/급행) 방면,3번 출입구 옆 엘리베이터 → 동인천(특급/급행) 방면
01,수도권,KR,1,1호선,0069,구로,1,출입구-승강장,18,3번 출입구 옆 엘리베이터,광명(셔틀)KTX 방면,3번 출입구 옆 엘리베이터 → 광명(셔틀)KTX 방면
01,수도권,KR,1,1호선,0077,구일,1,출입구-승강장,1,2번 출입구 엘리베이터,개봉 방면,2번 출입구 엘리베이터 → 개봉 방면
01,수도권,KR,1,1호선,0077,구일,1,출입구-승강장,2,1번 출입구,구로 방면,1번 출입구 → 구로 방면
01,수도권,KR,1,1호선,0026,개봉,1,출입구-승강장,1,1번 출입구 엘리베이터,구일 방면,1번 출입구 엘리베이터 → 구일 방면
01,수도권,KR,1,1호선,0026,개봉,1,출입구-승강장,2,2번 출입구 엘리베이터,구일 방면,2번 출입구 엘리베이터 → 구일 방면
01,수도권,KR,1,1호선,0026,개봉,1,출입구-승강장,3,1번 출입구 엘리베이터,오류동 방면,1번 출입구 엘리베이터 → 오류동 방면
01,수도권,KR,1,1호선,0026,개봉,1,출입구-승강장,4,2번 출입구 엘리베이터,오류동 방면,2번 출입구 엘리베이터 → 오류동 방면
01,수도권,KR,1,1호선,0427,오류동,1,출입구-승강장,1,2번 출입구 엘리베이터,개봉 방면,2번 출입구 엘리베이터 → 개봉 방면
01,수도권,KR,1,1호선,0427,오류동,1,출입구-승강장,2,3번 출입구 엘리베이터,개봉 방면,3번 출입구 엘리베이터 → 개봉 방면
01,수도권,KR,1,1호선,0427,오류동,1,출입구-승강장,3,2번 출입구 엘리베이터,온수 방면,2번 출입구 엘리베이터 → 온수 방면
01,수도권,KR,1,1호선,0427,오류동,1,출입구-승강장,4,3번 출입구 엘리베이터,온수 방면,3번 출입구 엘리베이터 → 온수 방면
01,수도권,KR,1,1호선,0435,온수,1,출입구-승강장,1,1번 출입구 근처 엘리베이터,1호선 오류동 방면,1번 출입구 근처 엘리베이터 → 1호선 오류동 방면
01,수도권,KR,1,1호선,0435,온수,1,출입구-승강장,2,1번 출입구 근처 엘리베이터,1호선 역곡 방면,1번 출입구 근처 엘리베이터 → 1호선 역곡 방면
01,수도권,KR,1,1호선,0435,온수,1,출입구-승강장,3,7번8번 출입구 근처 엘리베이터,1호선 오류동 방면,7번8번 출입구 근처 엘리베이터 → 1호선 오류동 방면
01,수도권,KR,1,1호선,0435,온수,1,출입구-승강장,4,7번8번 출입구 근처 엘리베이터,1호선 역곡 방면,7번8번 출입구 근처 엘리베이터 → 1호선 역곡 방면
01,수도권,KR,1,1호선,0435,온수,3,환승,1,1호선 오류동 방면 승강장,7호선 까치울 방면,1호선 오류동 방면 승강장 → 7호선 까치울 방면
01,수도권,KR,1,1호선,0435,온수,3,환승,2,1호선 역곡 방면 승강장,7호선 까치울 방면,1호선 역곡 방면 승강장 → 7호선 까치울 방면
01,수도권,KR,1,1호선,0435,온수,3,환승,3,1호선 오류동 방면 승강장,7호선 천왕 방면,1호선 오류동 방면 승강장 → 7호선 천왕 방면
01,수도권,KR,1,1호선,0435,온수,3,환승,4,1호선 역곡 방면 승강장,7호선 천왕 방면,1호선 역곡 방면 승강장 → 7호선 천왕 방면
01,수도권,KR,1,1호선,0414,역곡,1,출입구-승강장,1,1번 출입구 엘리베이터,온수 방면,1번 출입구 엘리베이터 → 온수 방면
01,수도권,KR,1,1호선,0414,역곡,1,출입구-승강장,2,2번 출입구 엘리베이터,온수 방면,2번 출입구 엘리베이터 → 온수 방면
01,수도권,KR,1,1호선,0414,역곡,1,출입구-승강장,3,1번 출입구 엘리베이터,소사 방면,1번 출입구 엘리베이터 → 소사 방면
01,수도권,KR,1,1호선,0414,역곡,1,출입구-승강장,4,2번 출입구 엘리베이터,소사 방면,2번 출입구 엘리베이터 → 소사 방면
01,수도권,KR,1,1호선,0323,소사,1,출입구-승강장,1,1번 출입구,역곡 방면,1번 출입구 → 역곡 방면
01,수도권,KR,1,1호선,0323,소사,1,출입구-승강장,2,2번 출입구,역곡 방면,2번 출입구 → 역곡 방면
01,수도권,KR,1,1호선,0323,소사,1,출입구-승강장,3,1번 출입구,부천 방면 ,1번 출입구 → 부천 방면 
01,수도권,KR,1,1호선,0323,소사,1,출입구-승강장,4,2번 출입구,부천 방면 ,2번 출입구 → 부천 방면 
01,수도권,KR,1,1호선,0246,부천,1,출입구-승강장,1,2번 출입구 엘리베이터,소사 방면,2번 출입구 엘리베이터 → 소사 방면
01,수도권,KR,1,1호선,0246,부천,1,출입구-승강장,2,3번 출입구 엘리베이터,소사 방면,3번 출입구 엘리베이터 → 소사 방면
01,수도권,KR,1,1호선,0246,부천,1,출입구-승강장,3,2번 출입구 엘리베이터,중동 방면,2번 출입구 엘리베이터 → 중동 방면
01,수도권,KR,1,1호선,0246,부천,1,출입구-승강장,4,3번 출입구 엘리베이터,중동 방면,3번 출입구 엘리베이터 → 중동 방면
01,수도권,KR,1,1호선,0526,중동,1,출입구-승강장,1,1번 출입구 엘리베이터,부천 방면 ,1번 출입구 엘리베이터 → 부천 방면 
01,수도권,KR,1,1호선,0526,중동,1,출입구-승강장,2,2번 출입구 엘리베이터,부천 방면 ,2번 출입구 엘리베이터 → 부천 방면 
01,수도권,KR,1,1호선,0526,중동,1,출입구-승강장,3,1번 출입구 엘리베이터,송내 방면,1번 출입구 엘리베이터 → 송내 방면
01,수도권,KR,1,1호선,0526,중동,1,출입구-승강장,4,2번 출입구 엘리베이터,송내 방면,2번 출입구 엘리베이터 → 송내 방면
01,수도권,KR,1,1호선,0327,송내,1,출입구-승강장,1,2번 출입구 엘리베이터,중동 방면,2번 출입구 엘리베이터 → 중동 방면
01,수도권,KR,1,1호선,0327,송내,1,출입구-승강장,2,3번 출입구 엘리베이터,중동 방면,3번 출입구 엘리베이터 → 중동 방면
01,수도권,KR,1,1호선,0327,송내,1,출입구-승강장,3,2번 출입구 엘리베이터,부개 방면,2번 출입구 엘리베이터 → 부개 방면
01,수도권,KR,1,1호선,0327,송내,1,출입구-승강장,4,3번 출입구 엘리베이터,부개 방면,3번 출입구 엘리베이터 → 부개 방면
01,수도권,KR,1,1호선,0244,부개,1,출입구-승강장,1,1번 출입구 엘리베이터,송내 방면,1번 출입구 엘리베이터 → 송내 방면
01,수도권,KR,1,1호선,0244,부개,1,출입구-승강장,2,2번 출입구 엘리베이터,송내 방면,2번 출입구 엘리베이터 → 송내 방면
01,수도권,KR,1,1호선,0244,부개,1,출입구-승강장,3,1번 출입구 엘리베이터,부평 방면,1번 출입구 엘리베이터 → 부평 방면
01,수도권,KR,1,1호선,0244,부개,1,출입구-승강장,4,2번 출입구 엘리베이터,부평 방면,2번 출입구 엘리베이터 → 부평 방면
01,수도권,KR,1,1호선,0249,부평,1,출입구-승강장,1,1번 출입구 휠체어리프트 이용,부개방면 승강장 이동,1번 출입구 휠체어리프트 이용 → 부개방면 승강장 이동
01,수도권,KR,1,1호선,0249,부평,1,출입구-승강장,2,1번 출입구 휠체어리프트 이용,백운방면 승강장 이동,1번 출입구 휠체어리프트 이용 → 백운방면 승강장 이동
01,수도권,KR,1,1호선,0249,부평,1,출입구-승강장,3,2번 출입구 휠체어리프트 이용,부개방면 승강장 이동,2번 출입구 휠체어리프트 이용 → 부개방면 승강장 이동
01,수도권,KR,1,1호선,0249,부평,1,출입구-승강장,4,2번 출입구 휠체어리프트 이용,백운방면 승강장 이동,2번 출입구 휠체어리프트 이용 → 백운방면 승강장 이동
01,수도권,KR,1,1호선,0249,부평,3,환승,1,1호선 주안 방면 승강장,인천1호선 동수 방면,1호선 주안 방면 승강장 → 인천1호선 동수 방면
01,수도권,KR,1,1호선,0249,부평,3,환승,2,1호선 주안 방면 승강장,인천1호선 부평시장 방면,1호선 주안 방면 승강장 → 인천1호선 부평시장 방면
01,수도권,KR,1,1호선,0249,부평,3,환승,3,1호선 부개 방면 승강장,인천1호선 동수 방면,1호선 부개 방면 승강장 → 인천1호선 동수 방면
01,수도권,KR,1,1호선,0249,부평,3,환승,4,1호선 부개 방면 승강장,인천1호선 부평시장 방면,1호선 부개 방면 승강장 → 인천1호선 부평시장 방면
01,수도권,KR,1,1호선,0226,백운,1,출입구-승강장,1,1번 출입구 엘리베이터,부평 방면,1번 출입구 엘리베이터 → 부평 방면
01,수도권,KR,1,1호선,0226,백운,1,출입구-승강장,2,2번 출입구 엘리베이터,부평 방면,2번 출입구 엘리베이터 → 부평 방면
01,수도권,KR,1,1호선,0226,백운,1,출입구-승강장,3,1번 출입구 엘리베이터,동암 방면,1번 출입구 엘리베이터 → 동암 방면
01,수도권,KR,1,1호선,0226,백운,1,출입구-승강장,4,2번 출입구 엘리베이터,동암 방면,2번 출입구 엘리베이터 → 동암 방면
01,수도권,KR,1,1호선,0164,동암,1,출입구-승강장,1,1번 출입구 엘리베이터,백운 방면,1번 출입구 엘리베이터 → 백운 방면
01,수도권,KR,1,1호선,0164,동암,1,출입구-승강장,2,2번 출입구 엘리베이터,백운 방면,2번 출입구 엘리베이터 → 백운 방면
01,수도권,KR,1,1호선,0164,동암,1,출입구-승강장,3,1번 출입구 엘리베이터,간석 방면,1번 출입구 엘리베이터 → 간석 방면
01,수도권,KR,1,1호선,0164,동암,1,출입구-승강장,4,2번 출입구 엘리베이터,간석 방면,2번 출입구 엘리베이터 → 간석 방면
01,수도권,KR,1,1호선,0013,간석,1,출입구-승강장,1,1번 출입구 엘리베이터,동암 방면,1번 출입구 엘리베이터 → 동암 방면
01,수도권,KR,1,1호선,0013,간석,1,출입구-승강장,2,2번 출입구 엘리베이터,동암 방면,2번 출입구 엘리베이터 → 동암 방면
01,수도권,KR,1,1호선,0013,간석,1,출입구-승강장,3,1번 출입구 엘리베이터,주안 방면,1번 출입구 엘리베이터 → 주안 방면
01,수도권,KR,1,1호선,0013,간석,1,출입구-승강장,4,2번 출입구 엘리베이터,주안 방면,2번 출입구 엘리베이터 → 주안 방면
01,수도권,KR,1,1호선,0519,주안,1,출입구-승강장,1,2번 출입구 엘리베이터,도화 방면,2번 출입구 엘리베이터 → 도화 방면
01,수도권,KR,1,1호선,0519,주안,1,출입구-승강장,2,4번 출입구 엘리베이터,도화 방면,4번 출입구 엘리베이터 → 도화 방면
01,수도권,KR,1,1호선,0519,주안,1,출입구-승강장,3,5번 출입구 엘리베이터,간석 방면,5번 출입구 엘리베이터 → 간석 방면
01,수도권,KR,1,1호선,0519,주안,1,출입구-승강장,4,2번 출입구 엘리베이터,간석 방면,2번 출입구 엘리베이터 → 간석 방면
01,수도권,KR,1,1호선,0519,주안,1,출입구-승강장,5,4번 출입구 엘리베이터,간석 방면,4번 출입구 엘리베이터 → 간석 방면
01,수도권,KR,1,1호선,0519,주안,1,출입구-승강장,6,5번 출입구 엘리베이터,도화 방면,5번 출입구 엘리베이터 → 도화 방면
01,수도권,KR,1,1호선,0519,주안,3,환승,1,도화방면 승강장,시민공원방면 승강장,도화방면 승강장 → 시민공원방면 승강장
01,수도권,KR,1,1호선,0519,주안,3,환승,2,도화방면 승강장,주안국가산단방면 승강장,도화방면 승강장 → 주안국가산단방면 승강장
01,수도권,KR,1,1호선,0519,주안,3,환승,3,간석방면 승강장,시민공원방면 승강장,간석방면 승강장 → 시민공원방면 승강장
01,수도권,KR,1,1호선,0519,주안,3,환승,4,간석방면 승강장,주안국가산단방면 승강장,간석방면 승강장 → 주안국가산단방면 승강장
01,수도권,KR,1,1호선,0149,도화,1,출입구-승강장,1,2번 출입구 엘리베이터,주안 방면,2번 출입구 엘리베이터 → 주안 방면
01,수도권,KR,1,1호선,0149,도화,1,출입구-승강장,2,3/4번 출입구 사이 엘리베이터,주안 방면,3/4번 출입구 사이 엘리베이터 → 주안 방면
01,수도권,KR,1,1호선,0149,도화,1,출입구-승강장,3,2번 출입구 엘리베이터,제물포 방면,2번 출입구 엘리베이터 → 제물포 방면
01,수도권,KR,1,1호선,0513,제물포,1,출입구-승강장,1,1번 출입구 엘리베이터,도화 방면,1번 출입구 엘리베이터 → 도화 방면
01,수도권,KR,1,1호선,0513,제물포,1,출입구-승강장,2,2번 출입구 엘리베이터,도화 방면,2번 출입구 엘리베이터 → 도화 방면
01,수도권,KR,1,1호선,0513,제물포,1,출입구-승강장,3,1번 출입구 엘리베이터,도원 방면,1번 출입구 엘리베이터 → 도원 방면
01,수도권,KR,1,1호선,0513,제물포,1,출입구-승강장,4,2번 출입구 엘리베이터,도원 방면,2번 출입구 엘리베이터 → 도원 방면
01,수도권,KR,1,1호선,0148,도원,1,출입구-승강장,1,1번 출입구,제물포 방면,1번 출입구 → 제물포 방면
01,수도권,KR,1,1호선,0148,도원,1,출입구-승강장,2,2번 출입구,제물포 방면,2번 출입구 → 제물포 방면
01,수도권,KR,1,1호선,0148,도원,1,출입구-승강장,3,3번 출입구,제물포 방면,3번 출입구 → 제물포 방면
01,수도권,KR,1,1호선,0148,도원,1,출입구-승강장,4,1번 출입구,동인천 방면,1번 출입구 → 동인천 방면
01,수도권,KR,1,1호선,0148,도원,1,출입구-승강장,5,2번 출입구,동인천 방면,2번 출입구 → 동인천 방면
01,수도권,KR,1,1호선,0148,도원,1,출입구-승강장,6,3번 출입구,동인천 방면,3번 출입구 → 동인천 방면
01,수도권,KR,1,1호선,0166,동인천,1,출입구-승강장,1,1번 출입구,도원 방면,1번 출입구 → 도원 방면
01,수도권,KR,1,1호선,0166,동인천,1,출입구-승강장,2,1번 출입구,인천 방면,1번 출입구 → 인천 방면
01,수도권,KR,1,1호선,0481,인천,1,출입구-승강장,1,1번 출입구,동인천 방면,1번 출입구 → 동인천 방면
01,수도권,KR,1,1호선,0481,인천,1,출입구-승강장,2,3번 출입구 엘리베이터,동인천 방면,3번 출입구 엘리베이터 → 동인천 방면
01,수도권,KR,1,1호선,0481,인천,3,환승,1,동인천방면 승강장,신포방면 승강장,동인천방면 승강장 → 신포방면 승강장
01,수도권,KR,1,1호선,0004,가산디지털단지,1,출입구-승강장,1,7번 출입구 근처 엘리베이터,1호선 독산 방면,7번 출입구 근처 엘리베이터 → 1호선 독산 방면
01,수도권,KR,1,1호선,0004,가산디지털단지,1,출입구-승강장,2,7번 출입구 근처 엘리베이터,1호선 구로 방면,7번 출입구 근처 엘리베이터 → 1호선 구로 방면
01,수도권,KR,1,1호선,0004,가산디지털단지,1,출입구-승강장,3,1번 출입구 근처 엘리베이터,1호선 독산 방면,1번 출입구 근처 엘리베이터 → 1호선 독산 방면
01,수도권,KR,1,1호선,0004,가산디지털단지,1,출입구-승강장,4,1번 출입구 근처 엘리베이터,1호선 구로 방면,1번 출입구 근처 엘리베이터 → 1호선 구로 방면
01,수도권,KR,1,1호선,0004,가산디지털단지,3,환승,1,1호선 독산 방면 승강장,7호선 철산 방면,1호선 독산 방면 승강장 → 7호선 철산 방면
01,수도권,KR,1,1호선,0004,가산디지털단지,3,환승,2,1호선 독산 방면 승강장,7호선 남구로 방면,1호선 독산 방면 승강장 → 7호선 남구로 방면
01,수도권,KR,1,1호선,0004,가산디지털단지,3,환승,3,1호선 구로 방면 승강장,7호선 철산 방면,1호선 구로 방면 승강장 → 7호선 철산 방면
01,수도권,KR,1,1호선,0004,가산디지털단지,3,환승,4,1호선 구로 방면 승강장,7호선 남구로 방면,1호선 구로 방면 승강장 → 7호선 남구로 방면
01,수도권,KR,1,1호선,0152,독산,1,출입구-승강장,1,1번 출입구 사이 엘리베이터,금천구청 방면,1번 출입구 사이 엘리베이터 → 금천구청 방면
01,수도권,KR,1,1호선,0152,독산,1,출입구-승강장,2,2번 출입구 사이 엘리베이터,금천구청 방면,2번 출입구 사이 엘리베이터 → 금천구청 방면
01,수도권,KR,1,1호선,0152,독산,1,출입구-승강장,3,1번 출입구 사이 엘리베이터,가산디지털단지 방면,1번 출입구 사이 엘리베이터 → 가산디지털단지 방면
01,수도권,KR,1,1호선,0152,독산,1,출입구-승강장,4,2번 출입구 사이 엘리베이터,가산디지털단지 방면,2번 출입구 사이 엘리베이터 → 가산디지털단지 방면
01,수도권,KR,1,1호선,0091,금천구청,1,출입구-승강장,1,1번 출입구 엘리베이터,독산 방면,1번 출입구 엘리베이터 → 독산 방면
01,수도권,KR,1,1호선,0091,금천구청,1,출입구-승강장,2,1번 출입구 엘리베이터,석수/광명 방면,1번 출입구 엘리베이터 → 석수/광명 방면
01,수도권,KR,1,1호선,0063,광명,1,출입구-승강장,1,1번 출입구,금천구청 방면,1번 출입구 → 금천구청 방면
01,수도권,KR,1,1호선,0063,광명,1,출입구-승강장,2,2번 출입구,금천구청 방면,2번 출입구 → 금천구청 방면
01,수도권,KR,1,1호선,0063,광명,1,출입구-승강장,3,5번 출입구,금천구청 방면,5번 출입구 → 금천구청 방면
01,수도권,KR,1,1호선,0063,광명,1,출입구-승강장,4,6번 출입구,금천구청 방면,6번 출입구 → 금천구청 방면
01,수도권,KR,1,1호선,0303,석수,1,출입구-승강장,1,1번 출입구 엘리베이터,금천구청 방면,1번 출입구 엘리베이터 → 금천구청 방면
01,수도권,KR,1,1호선,0303,석수,1,출입구-승강장,2,2번 출입구 엘리베이터,금천구청 방면,2번 출입구 엘리베이터 → 금천구청 방면
01,수도권,KR,1,1호선,0303,석수,1,출입구-승강장,3,1번 출입구 엘리베이터,관악 방면,1번 출입구 엘리베이터 → 관악 방면
01,수도권,KR,1,1호선,0303,석수,1,출입구-승강장,4,2번 출입구 엘리베이터,관악 방면,2번 출입구 엘리베이터 → 관악 방면
01,수도권,KR,1,1호선,0059,관악,1,출입구-승강장,1,1번 출입구 옆 엘리베이터,석수 방면,1번 출입구 옆 엘리베이터 → 석수 방면
01,수도권,KR,1,1호선,0059,관악,1,출입구-승강장,2,1번 출입구 옆 엘리베이터,안양 방면,1번 출입구 옆 엘리베이터 → 안양 방면
01,수도권,KR,1,1호선,0059,관악,1,출입구-승강장,3,2번 출입구 옆 엘리베이터,석수 방면,2번 출입구 옆 엘리베이터 → 석수 방면
01,수도권,KR,1,1호선,0059,관악,1,출입구-승강장,4,2번 출입구 옆 엘리베이터,안양 방면,2번 출입구 옆 엘리베이터 → 안양 방면
01,수도권,KR,1,1호선,0390,안양,1,출입구-승강장,1,1번 출입구 옆 엘리베이터,관악 방면,1번 출입구 옆 엘리베이터 → 관악 방면
01,수도권,KR,1,1호선,0390,안양,1,출입구-승강장,2,1번 출입구 옆 엘리베이터,명학 방면,1번 출입구 옆 엘리베이터 → 명학 방면
01,수도권,KR,1,1호선,0390,안양,1,출입구-승강장,3,3번 출입구 옆 엘리베이터,관악 방면,3번 출입구 옆 엘리베이터 → 관악 방면
01,수도권,KR,1,1호선,0390,안양,1,출입구-승강장,4,3번 출입구 옆 엘리베이터,명학 방면,3번 출입구 옆 엘리베이터 → 명학 방면
01,수도권,KR,1,1호선,0200,명학,1,출입구-승강장,1,1번 출입구 옆 엘리베이터,안양 방면,1번 출입구 옆 엘리베이터 → 안양 방면
01,수도권,KR,1,1호선,0200,명학,1,출입구-승강장,2,1번 출입구 옆 엘리베이터,금정 방면,1번 출입구 옆 엘리베이터 → 금정 방면
01,수도권,KR,1,1호선,0200,명학,1,출입구-승강장,3,2번 출입구 옆 엘리베이터,안양 방면,2번 출입구 옆 엘리베이터 → 안양 방면
01,수도권,KR,1,1호선,0200,명학,1,출입구-승강장,4,2번 출입구 옆 엘리베이터,금정 방면,2번 출입구 옆 엘리베이터 → 금정 방면
01,수도권,KR,1,1호선,0090,금정,1,출입구-승강장,1,2번 출입구 엘리베이터,명학 방면,2번 출입구 엘리베이터 → 명학 방면
01,수도권,KR,1,1호선,0090,금정,1,출입구-승강장,2,4/5번 출입구 사이 엘리베이터,명학 방면,4/5번 출입구 사이 엘리베이터 → 명학 방면
01,수도권,KR,1,1호선,0090,금정,1,출입구-승강장,3,7/8번 출입구 사이 엘리베이터,명학 방면,7/8번 출입구 사이 엘리베이터 → 명학 방면
01,수도권,KR,1,1호선,0090,금정,1,출입구-승강장,4,2번 출입구 엘리베이터,군포 방면,2번 출입구 엘리베이터 → 군포 방면
01,수도권,KR,1,1호선,0090,금정,1,출입구-승강장,5,4/5번 출입구 사이 엘리베이터,군포 방면,4/5번 출입구 사이 엘리베이터 → 군포 방면
01,수도권,KR,1,1호선,0090,금정,1,출입구-승강장,6,7/8번 출입구 사이 엘리베이터,군포 방면,7/8번 출입구 사이 엘리베이터 → 군포 방면
01,수도권,KR,1,1호선,0090,금정,3,환승,1,1호선 명학방면 승강장,4호선 범계방면 승강장,1호선 명학방면 승강장 → 4호선 범계방면 승강장
01,수도권,KR,1,1호선,0090,금정,3,환승,2,1호선 군포방면 승강장,4호선 산본방면 승강장,1호선 군포방면 승강장 → 4호선 산본방면 승강장
01,수도권,KR,1,1호선,0090,금정,3,환승,3,1호선 명학방면 승강장,4호선 산본방면 승강장,1호선 명학방면 승강장 → 4호선 산본방면 승강장
01,수도권,KR,1,1호선,0090,금정,3,환승,4,1호선 군포방면 승강장,4호선 범계방면 승강장,1호선 군포방면 승강장 → 4호선 범계방면 승강장
01,수도권,KR,1,1호선,0083,군포,1,출입구-승강장,1,1번 출입구 엘리베이터,금정 방면,1번 출입구 엘리베이터 → 금정 방면
01,수도권,KR,1,1호선,0083,군포,1,출입구-승강장,2,1번 출입구 엘리베이터,당정 방면,1번 출입구 엘리베이터 → 당정 방면
01,수도권,KR,1,1호선,0127,당정,1,출입구-승강장,1,1/2번 출입구 사이 엘리베이터,군포 방면,1/2번 출입구 사이 엘리베이터 → 군포 방면
01,수도권,KR,1,1호선,0127,당정,1,출입구-승강장,2,3번 출입구 엘리베이터,군포 방면,3번 출입구 엘리베이터 → 군포 방면
01,수도권,KR,1,1호선,0127,당정,1,출입구-승강장,3,1/2번 출입구 사이 엘리베이터,의왕 방면,1/2번 출입구 사이 엘리베이터 → 의왕 방면
01,수도권,KR,1,1호선,0127,당정,1,출입구-승강장,4,3번 출입구 엘리베이터,의왕 방면,3번 출입구 엘리베이터 → 의왕 방면
01,수도권,KR,1,1호선,0469,의왕,1,출입구-승강장,1,1번 출입구 옆 엘리베이터,성균관대 방면,1번 출입구 옆 엘리베이터 → 성균관대 방면
01,수도권,KR,1,1호선,0469,의왕,1,출입구-승강장,2,2번 출입구 옆 엘리베이터,성균관대 방면,2번 출입구 옆 엘리베이터 → 성균관대 방면
01,수도권,KR,1,1호선,0469,의왕,1,출입구-승강장,3,1번 출입구 옆 엘리베이터,당정 방면,1번 출입구 옆 엘리베이터 → 당정 방면
01,수도권,KR,1,1호선,0469,의왕,1,출입구-승강장,4,2번 출입구 옆 엘리베이터,당정 방면,2번 출입구 옆 엘리베이터 → 당정 방면
01,수도권,KR,1,1호선,0312,성균관대,1,출입구-승강장,1,3번 출입구 엘리베이터,화서 방면,3번 출입구 엘리베이터 → 화서 방면
01,수도권,KR,1,1호선,0312,성균관대,1,출입구-승강장,2,4번 출입구 엘리베이터,화서 방면,4번 출입구 엘리베이터 → 화서 방면
01,수도권,KR,1,1호선,0312,성균관대,1,출입구-승강장,3,3번 출입구 엘리베이터,의왕 방면,3번 출입구 엘리베이터 → 의왕 방면
01,수도권,KR,1,1호선,0312,성균관대,1,출입구-승강장,4,4번 출입구 엘리베이터,의왕 방면,4번 출입구 엘리베이터 → 의왕 방면
01,수도권,KR,1,1호선,0601,화서,1,출입구-승강장,1,3/4번 출입구 ,성균관대 방면,3/4번 출입구  → 성균관대 방면
01,수도권,KR,1,1호선,0601,화서,1,출입구-승강장,2,5/6번 출입구,성균관대 방면,5/6번 출입구 → 성균관대 방면
01,수도권,KR,1,1호선,0601,화서,1,출입구-승강장,3,3/4번 출입구,수원 방면,3/4번 출입구 → 수원 방면
01,수도권,KR,1,1호선,0601,화서,1,출입구-승강장,4,5/6번 출입구,수원 방면,5/6번 출입구 → 수원 방면
01,수도권,KR,1,1호선,0338,수원,1,출입구-승강장,1,5번 출입구 옆 엘리베이터,화서 방면 승강장,5번 출입구 옆 엘리베이터 → 화서 방면 승강장
01,수도권,KR,1,1호선,0338,수원,1,출입구-승강장,2,5번 출입구 옆 엘리베이터,세류 방면 승강장,5번 출입구 옆 엘리베이터 → 세류 방면 승강장
01,수도권,KR,1,1호선,0338,수원,1,출입구-승강장,3,7번 출입구 옆 엘리베이터,화서 방면 승강장,7번 출입구 옆 엘리베이터 → 화서 방면 승강장
01,수도권,KR,1,1호선,0338,수원,1,출입구-승강장,4,7번 출입구 옆 엘리베이터,세류 방면 승강장,7번 출입구 옆 엘리베이터 → 세류 방면 승강장
01,수도권,KR,1,1호선,0338,수원,1,출입구-승강장,5,10번 출입구 옆 엘리베이터,화서 방면 승강장,10번 출입구 옆 엘리베이터 → 화서 방면 승강장
01,수도권,KR,1,1호선,0338,수원,1,출입구-승강장,6,10번 출입구 옆 엘리베이터,세류 방면 승강장,10번 출입구 옆 엘리베이터 → 세류 방면 승강장
01,수도권,KR,1,1호선,0338,수원,3,환승,1,1호선 화서 방면,수인분당선 매교 방면,1호선 화서 방면 → 수인분당선 매교 방면
01,수도권,KR,1,1호선,0338,수원,3,환승,2,1호선 화서 방면,수인분당선 고색 방면,1호선 화서 방면 → 수인분당선 고색 방면
01,수도권,KR,1,1호선,0338,수원,3,환승,3,1호선 세류 방면,수인분당선 매교 방면,1호선 세류 방면 → 수인분당선 매교 방면
01,수도권,KR,1,1호선,0338,수원,3,환승,4,1호선 세류 방면,수인분당선 고색 방면,1호선 세류 방면 → 수인분당선 고색 방면
01,수도권,KR,1,1호선,0318,세류,1,출입구-승강장,1,1번 출입구,수원 방면,1번 출입구 → 수원 방면
01,수도권,KR,1,1호선,0318,세류,1,출입구-승강장,2,1번 출입구,병점 방면,1번 출입구 → 병점 방면
01,수도권,KR,1,1호선,0231,병점,1,출입구-승강장,1,1번 출입구 엘리베이터,서동탄/세마 방면,1번 출입구 엘리베이터 → 서동탄/세마 방면
01,수도권,KR,1,1호선,0231,병점,1,출입구-승강장,2,2번 출입구 엘리베이터,서동탄/세마 방면,2번 출입구 엘리베이터 → 서동탄/세마 방면
01,수도권,KR,1,1호선,0231,병점,1,출입구-승강장,3,1번 출입구 엘리베이터,세류 방면,1번 출입구 엘리베이터 → 세류 방면
01,수도권,KR,1,1호선,0231,병점,1,출입구-승강장,4,2번 출입구 엘리베이터,세류 방면,2번 출입구 엘리베이터 → 세류 방면
01,수도권,KR,1,1호선,0290,서동탄,1,출입구-승강장,1,1번 출입구,병점 방면,1번 출입구 → 병점 방면
01,수도권,KR,1,1호선,0290,서동탄,1,출입구-승강장,2,2번 출입구,병점 방면,2번 출입구 → 병점 방면
01,수도권,KR,1,1호선,0319,세마,1,출입구-승강장,1,1번 출입구,오산대 방면,1번 출입구 → 오산대 방면
01,수도권,KR,1,1호선,0319,세마,1,출입구-승강장,2,2번 출입구,오산대 방면,2번 출입구 → 오산대 방면
01,수도권,KR,1,1호선,0319,세마,1,출입구-승강장,3,1번 출입구,병점 방면,1번 출입구 → 병점 방면
01,수도권,KR,1,1호선,0319,세마,1,출입구-승강장,4,2번 출입구,병점 방면,2번 출입구 → 병점 방면
01,수도권,KR,1,1호선,0432,오산대,1,출입구-승강장,1,1번 출입구 엘리베이터,세마 방면,1번 출입구 엘리베이터 → 세마 방면
01,수도권,KR,1,1호선,0432,오산대,1,출입구-승강장,2,2번 출입구 엘리베이터,세마 방면,2번 출입구 엘리베이터 → 세마 방면
01,수도권,KR,1,1호선,0432,오산대,1,출입구-승강장,3,1번 출입구 엘리베이터,오산 방면,1번 출입구 엘리베이터 → 오산 방면
01,수도권,KR,1,1호선,0432,오산대,1,출입구-승강장,4,2번 출입구 엘리베이터,오산 방면,2번 출입구 엘리베이터 → 오산 방면
01,수도권,KR,1,1호선,0431,오산,1,출입구-승강장,1,1번 출입구 엘리베이터,오산대 방면,1번 출입구 엘리베이터 → 오산대 방면
01,수도권,KR,1,1호선,0431,오산,1,출입구-승강장,2,2번 출입구 엘리베이터,오산대 방면,2번 출입구 엘리베이터 → 오산대 방면
01,수도권,KR,1,1호선,0431,오산,1,출입구-승강장,3,1번 출입구 엘리베이터,진위 방면,1번 출입구 엘리베이터 → 진위 방면
01,수도권,KR,1,1호선,0431,오산,1,출입구-승강장,4,2번 출입구 엘리베이터,진위 방면,2번 출입구 엘리베이터 → 진위 방면
01,수도권,KR,1,1호선,0540,진위,1,출입구-승강장,1,1번 출입구 엘리베이터,오산 방면,1번 출입구 엘리베이터 → 오산 방면
01,수도권,KR,1,1호선,0540,진위,1,출입구-승강장,2,2번 출입구 엘리베이터,오산 방면,2번 출입구 엘리베이터 → 오산 방면
01,수도권,KR,1,1호선,0540,진위,1,출입구-승강장,3,1번 출입구 엘리베이터,송탄 방면,1번 출입구 엘리베이터 → 송탄 방면
01,수도권,KR,1,1호선,0540,진위,1,출입구-승강장,4,2번 출입구 엘리베이터,송탄 방면 ,2번 출입구 엘리베이터 → 송탄 방면 
01,수도권,KR,1,1호선,0331,송탄,1,출입구-승강장,1,2번/3번 출입구 사이 엘리베이터,진위 방면,2번/3번 출입구 사이 엘리베이터 → 진위 방면
01,수도권,KR,1,1호선,0331,송탄,1,출입구-승강장,2,6번 출입구 엘리베이터,진위 방면,6번 출입구 엘리베이터 → 진위 방면
01,수도권,KR,1,1호선,0331,송탄,1,출입구-승강장,3,2번/3번 출입구 사이 엘리베이터,서정리 방면,2번/3번 출입구 사이 엘리베이터 → 서정리 방면
01,수도권,KR,1,1호선,0331,송탄,1,출입구-승강장,4,6번 출입구 엘리베이터,서정리 방면,6번 출입구 엘리베이터 → 서정리 방면
01,수도권,KR,1,1호선,0297,서정리,1,출입구-승강장,1,1번 출입구 엘리베이터,송탄 방면,1번 출입구 엘리베이터 → 송탄 방면
01,수도권,KR,1,1호선,0297,서정리,1,출입구-승강장,2,2/3번 출입구 사이 엘리베이터,송탄 방면,2/3번 출입구 사이 엘리베이터 → 송탄 방면
01,수도권,KR,1,1호선,0297,서정리,1,출입구-승강장,3,1번 출입구 엘리베이터,지제 방면,1번 출입구 엘리베이터 → 지제 방면
01,수도권,KR,1,1호선,0297,서정리,1,출입구-승강장,4,2/3번 출입구 사이 엘리베이터,지제 방면,2/3번 출입구 사이 엘리베이터 → 지제 방면
01,수도권,KR,1,1호선,0535,평택지제,1,출입구-승강장,1,1번 출입구 엘리베이터,평택 방면,1번 출입구 엘리베이터 → 평택 방면
01,수도권,KR,1,1호선,0535,평택지제,1,출입구-승강장,2,2번 출입구 엘리베이터,평택 방면,2번 출입구 엘리베이터 → 평택 방면
01,수도권,KR,1,1호선,0535,평택지제,1,출입구-승강장,3,1번 출입구 엘리베이터,서정리 방면,1번 출입구 엘리베이터 → 서정리 방면
01,수도권,KR,1,1호선,0535,평택지제,1,출입구-승강장,4,2번 출입구 엘리베이터,서정리 방면,2번 출입구 엘리베이터 → 서정리 방면
01,수도권,KR,1,1호선,0579,평택,1,출입구-승강장,1,1번 출입구 엘리베이터,성환 방면,1번 출입구 엘리베이터 → 성환 방면
01,수도권,KR,1,1호선,0579,평택,1,출입구-승강장,2,2번 출입구 엘리베이터,성환 방면,2번 출입구 엘리베이터 → 성환 방면
01,수도권,KR,1,1호선,0579,평택,1,출입구-승강장,3,1번 출입구 엘리베이터,지제 방면,1번 출입구 엘리베이터 → 지제 방면
01,수도권,KR,1,1호선,0579,평택,1,출입구-승강장,4,2번 출입구 엘리베이터,지제 방면,2번 출입구 엘리베이터 → 지제 방면
01,수도권,KR,1,1호선,0317,성환,1,출입구-승강장,1,1번 출입구 엘리베이터,평택 방면,1번 출입구 엘리베이터 → 평택 방면
01,수도권,KR,1,1호선,0317,성환,1,출입구-승강장,2,2번 출입구 엘리베이터,평택 방면,2번 출입구 엘리베이터 → 평택 방면
01,수도권,KR,1,1호선,0317,성환,1,출입구-승강장,3,1번 출입구 엘리베이터,직산 방면,1번 출입구 엘리베이터 → 직산 방면
01,수도권,KR,1,1호선,0317,성환,1,출입구-승강장,4,2번 출입구 엘리베이터,직산 방면,2번 출입구 엘리베이터 → 직산 방면
01,수도권,KR,1,1호선,0539,직산,1,출입구-승강장,1,1번 출입구 엘리베이터,두정 방면,1번 출입구 엘리베이터 → 두정 방면
01,수도권,KR,1,1호선,0539,직산,1,출입구-승강장,2,2번 출입구 엘리베이터,두정 방면,2번 출입구 엘리베이터 → 두정 방면
01,수도권,KR,1,1호선,0539,직산,1,출입구-승강장,3,1번 출입구 엘리베이터,성환 방면,1번 출입구 엘리베이터 → 성환 방면
01,수도권,KR,1,1호선,0539,직산,1,출입구-승강장,4,2번 출입구 엘리베이터,성환 방면,2번 출입구 엘리베이터 → 성환 방면
01,수도권,KR,1,1호선,0170,두정,1,출입구-승강장,1,1번 출입구,직산 방면,1번 출입구 → 직산 방면
01,수도권,KR,1,1호선,0170,두정,1,출입구-승강장,2,1번 출입구,천안 방면,1번 출입구 → 천안 방면
01,수도권,KR,1,1호선,0170,두정,1,출입구-승강장,3,2번 출입구,직산 방면,2번 출입구 → 직산 방면
01,수도권,KR,1,1호선,0170,두정,1,출입구-승강장,4,2번 출입구,천안 방면,2번 출입구 → 천안 방면
01,수도권,KR,1,1호선,0544,천안,1,출입구-승강장,1,1번 출입구 엘리베이터,봉명 방면,1번 출입구 엘리베이터 → 봉명 방면
01,수도권,KR,1,1호선,0544,천안,1,출입구-승강장,2,2번 출입구 엘리베이터,봉명 방면,2번 출입구 엘리베이터 → 봉명 방면
01,수도권,KR,1,1호선,0544,천안,1,출입구-승강장,3,1번 출입구 엘리베이터,두정 방면,1번 출입구 엘리베이터 → 두정 방면
01,수도권,KR,1,1호선,0544,천안,1,출입구-승강장,4,2번 출입구 엘리베이터,두정 방면,2번 출입구 엘리베이터 → 두정 방면
01,수도권,KR,1,1호선,0240,봉명,1,출입구-승강장,1,1번 출입구 엘리베이터,천안 방면,1번 출입구 엘리베이터 → 천안 방면
01,수도권,KR,1,1호선,0240,봉명,1,출입구-승강장,2,2번 출입구 엘리베이터,천안 방면,2번 출입구 엘리베이터 → 천안 방면
01,수도권,KR,1,1호선,0240,봉명,1,출입구-승강장,3,1번 출입구 엘리베이터,쌍용 방면,1번 출입구 엘리베이터 → 쌍용 방면
01,수도권,KR,1,1호선,0240,봉명,1,출입구-승강장,4,2번 출입구 엘리베이터,쌍용 방면,2번 출입구 엘리베이터 → 쌍용 방면
01,수도권,KR,1,1호선,0381,쌍용,1,출입구-승강장,1,1번 출입구,봉명 방면,1번 출입구 → 봉명 방면
01,수도권,KR,1,1호선,0381,쌍용,1,출입구-승강장,2,2번 출입구,봉명 방면,2번 출입구 → 봉명 방면
01,수도권,KR,1,1호선,0381,쌍용,1,출입구-승강장,3,1번 출입구,아산 방면,1번 출입구 → 아산 방면
01,수도권,KR,1,1호선,0381,쌍용,1,출입구-승강장,4,2번 출입구,아산 방면,2번 출입구 → 아산 방면
01,수도권,KR,1,1호선,0382,아산,1,출입구-승강장,1,1번 출입구,탕정 방면,1번 출입구 → 탕정 방면
01,수도권,KR,1,1호선,0382,아산,1,출입구-승강장,2,2번 출입구,탕정 방면 ,2번 출입구 → 탕정 방면 
01,수도권,KR,1,1호선,0382,아산,1,출입구-승강장,3,1번 출입구,쌍용 방면,1번 출입구 → 쌍용 방면
01,수도권,KR,1,1호선,0382,아산,1,출입구-승강장,4,2번 출입구,쌍용 방면,2번 출입구 → 쌍용 방면
01,수도권,KR,1,1호선,1356,탕정,1,출입구-승강장,1,1번 출입구,아산 방면 승강장,1번 출입구 → 아산 방면 승강장
01,수도권,KR,1,1호선,1356,탕정,1,출입구-승강장,2,1번 출입구,배방 방면 승강장,1번 출입구 → 배방 방면 승강장
01,수도권,KR,1,1호선,1356,탕정,1,출입구-승강장,3,2번 출입구,아산 방면 승강장,2번 출입구 → 아산 방면 승강장
01,수도권,KR,1,1호선,1356,탕정,1,출입구-승강장,4,2번 출입구,배방 방면 승강장,2번 출입구 → 배방 방면 승강장
01,수도권,KR,1,1호선,0222,배방,1,출입구-승강장,1,1번 출입구,탕정 방면,1번 출입구 → 탕정 방면
01,수도권,KR,1,1호선,0222,배방,1,출입구-승강장,2,2번 출입구,탕정 방면,2번 출입구 → 탕정 방면
01,수도권,KR,1,1호선,0222,배방,1,출입구-승강장,3,1번 출입구,온양온천 방면,1번 출입구 → 온양온천 방면
01,수도권,KR,1,1호선,0222,배방,1,출입구-승강장,4,2번 출입구,온양온천 방면,2번 출입구 → 온양온천 방면
01,수도권,KR,1,1호선,0437,온양온천,1,출입구-승강장,1,1번 출입구 엘리베이터,배방 방면,1번 출입구 엘리베이터 → 배방 방면
01,수도권,KR,1,1호선,0437,온양온천,1,출입구-승강장,2,1번 출입구 엘리베이터,신창 방면,1번 출입구 엘리베이터 → 신창 방면
01,수도권,KR,1,1호선,0375,신창,1,출입구-승강장,1,1번 출입구,온양온천 방면,1번 출입구 → 온양온천 방면
01,수도권,KR,1,1호선,0375,신창,1,출입구-승강장,2,2번 출입구,온양온천 방면,2번 출입구 → 온양온천 방면
01,수도권,S1,2,2호선,0347,시청,1,출입구-승강장,1,9번 출입구 근처 엘리베이터,을지로입구 방면,9번 출입구 근처 엘리베이터 → 을지로입구 방면
01,수도권,S1,2,2호선,0347,시청,1,출입구-승강장,2,9번 출입구 근처 엘리베이터,충정로 방면,9번 출입구 근처 엘리베이터 → 충정로 방면
01,수도권,S1,2,2호선,0347,시청,3,환승,1,2호선 을지로입구 방면,1호선 서울역 방면,2호선 을지로입구 방면 → 1호선 서울역 방면
01,수도권,S1,2,2호선,0347,시청,3,환승,2,2호선 을지로입구 방면,1호선 종각 방면,2호선 을지로입구 방면 → 1호선 종각 방면
01,수도권,S1,2,2호선,0347,시청,3,환승,3,2호선 충정로 방면,1호선 서울역 방면,2호선 충정로 방면 → 1호선 서울역 방면
01,수도권,S1,2,2호선,0347,시청,3,환승,4,2호선 충정로 방면,1호선 종각 방면,2호선 충정로 방면 → 1호선 종각 방면
01,수도권,S1,2,2호선,0564,충정로,1,출입구-승강장,1,5번 출입구 옆 엘리베이터,아현 방면,5번 출입구 옆 엘리베이터 → 아현 방면
01,수도권,S1,2,2호선,0564,충정로,1,출입구-승강장,2,5번 출입구 옆 엘리베이터,시청 방면,5번 출입구 옆 엘리베이터 → 시청 방면
01,수도권,S1,2,2호선,0564,충정로,3,환승,1,2호선 아현 방면,5호선 애오개 방면,2호선 아현 방면 → 5호선 애오개 방면
01,수도권,S1,2,2호선,0564,충정로,3,환승,2,2호선 아현 방면,5호선 서대문 방면,2호선 아현 방면 → 5호선 서대문 방면
01,수도권,S1,2,2호선,0564,충정로,3,환승,3,2호선 시청 방면,5호선 애오개 방면,2호선 시청 방면 → 5호선 애오개 방면
01,수도권,S1,2,2호선,0564,충정로,3,환승,4,2호선 시청 방면,5호선 서대문 방면,2호선 시청 방면 → 5호선 서대문 방면
01,수도권,S1,2,2호선,0386,아현,1,출입구-승강장,1,1번 출입구 옆 엘리베이터,이대 방면,1번 출입구 옆 엘리베이터 → 이대 방면
01,수도권,S1,2,2호선,0386,아현,1,출입구-승강장,2,1번 출입구 옆 엘리베이터,충정로 방면,1번 출입구 옆 엘리베이터 → 충정로 방면
01,수도권,S1,2,2호선,0386,아현,1,출입구-승강장,3,3번 출입구 옆 엘리베이터,이대 방면,3번 출입구 옆 엘리베이터 → 이대 방면
01,수도권,S1,2,2호선,0386,아현,1,출입구-승강장,4,3번 출입구 옆 엘리베이터,충정로 방면,3번 출입구 옆 엘리베이터 → 충정로 방면
01,수도권,S1,2,2호선,0473,이대,1,출입구-승강장,1,2번 출입구 옆 엘리베이터,신촌 방면,2번 출입구 옆 엘리베이터 → 신촌 방면
01,수도권,S1,2,2호선,0473,이대,1,출입구-승강장,2,2번 출입구 옆 엘리베이터,아현 방면,2번 출입구 옆 엘리베이터 → 아현 방면
01,수도권,S1,2,2호선,0473,이대,1,출입구-승강장,3,6번 출입구 옆 엘리베이터,신촌 방면,6번 출입구 옆 엘리베이터 → 신촌 방면
01,수도권,S1,2,2호선,0473,이대,1,출입구-승강장,4,6번 출입구 옆 엘리베이터,아현 방면,6번 출입구 옆 엘리베이터 → 아현 방면
01,수도권,S1,2,2호선,0366,신촌,1,출입구-승강장,1,4번 출입구 옆 엘리베이터,홍대입구 방면,4번 출입구 옆 엘리베이터 → 홍대입구 방면
01,수도권,S1,2,2호선,0366,신촌,1,출입구-승강장,2,4번 출입구 옆 엘리베이터,이대 방면,4번 출입구 옆 엘리베이터 → 이대 방면
01,수도권,S1,2,2호선,0366,신촌,1,출입구-승강장,3,6번 출입구 옆 엘리베이터,홍대입구 방면,6번 출입구 옆 엘리베이터 → 홍대입구 방면
01,수도권,S1,2,2호선,0366,신촌,1,출입구-승강장,4,6번 출입구 옆 엘리베이터,이대 방면,6번 출입구 옆 엘리베이터 → 이대 방면
01,수도권,S1,2,2호선,0596,홍대입구,1,출입구-승강장,1,8번 출입구 옆 엘리베이터,합정 방면,8번 출입구 옆 엘리베이터 → 합정 방면
01,수도권,S1,2,2호선,0596,홍대입구,1,출입구-승강장,2,8번 출입구 옆 엘리베이터,신촌 방면,8번 출입구 옆 엘리베이터 → 신촌 방면
01,수도권,S1,2,2호선,0596,홍대입구,3,환승,1,2호선 합정 방면,경의중앙선 가좌 방면,2호선 합정 방면 → 경의중앙선 가좌 방면
01,수도권,S1,2,2호선,0596,홍대입구,3,환승,2,2호선 합정 방면,경의중앙선 서강대 방면,2호선 합정 방면 → 경의중앙선 서강대 방면
01,수도권,S1,2,2호선,0596,홍대입구,3,환승,3,2호선 신촌 방면,경의중앙선 가좌 방면,2호선 신촌 방면 → 경의중앙선 가좌 방면
01,수도권,S1,2,2호선,0596,홍대입구,3,환승,4,2호선 신촌 방면,경의중앙선 서강대 방면,2호선 신촌 방면 → 경의중앙선 서강대 방면
01,수도권,S1,2,2호선,0596,홍대입구,3,환승,5,2호선 합정 방면,공항철도 공덕 방면,2호선 합정 방면 → 공항철도 공덕 방면
01,수도권,S1,2,2호선,0596,홍대입구,3,환승,6,2호선 합정 방면,공항철도 디지털미디어시티 방면,2호선 합정 방면 → 공항철도 디지털미디어시티 방면
01,수도권,S1,2,2호선,0596,홍대입구,3,환승,7,2호선 신촌 방면,공항철도 공덕 방면,2호선 신촌 방면 → 공항철도 공덕 방면
01,수도권,S1,2,2호선,0596,홍대입구,3,환승,8,2호선 신촌 방면,공항철도 디지털미디어시티 방면,2호선 신촌 방면 → 공항철도 디지털미디어시티 방면
01,수도권,S1,2,2호선,0591,합정,1,출입구-승강장,1,1번/2번 출입구 사이 엘리베이터,당산 방면,1번/2번 출입구 사이 엘리베이터 → 당산 방면
01,수도권,S1,2,2호선,0591,합정,1,출입구-승강장,2,1번/2번 출입구 사이 엘리베이터,홍대입구 방면,1번/2번 출입구 사이 엘리베이터 → 홍대입구 방면
01,수도권,S1,2,2호선,0591,합정,1,출입구-승강장,3,3번/4번 출입구 사이 엘리베이터,당산 방면,3번/4번 출입구 사이 엘리베이터 → 당산 방면
01,수도권,S1,2,2호선,0591,합정,1,출입구-승강장,4,3번/4번 출입구 사이 엘리베이터,홍대입구 방면,3번/4번 출입구 사이 엘리베이터 → 홍대입구 방면
01,수도권,S1,2,2호선,0591,합정,1,출입구-승강장,5,6번 출입구 옆 엘리베이터,당산 방면,6번 출입구 옆 엘리베이터 → 당산 방면
01,수도권,S1,2,2호선,0591,합정,1,출입구-승강장,6,6번 출입구 옆 엘리베이터,홍대입구 방면,6번 출입구 옆 엘리베이터 → 홍대입구 방면
01,수도권,S1,2,2호선,0591,합정,3,환승,1,2호선 당산 방면,6호선 망원 방면,2호선 당산 방면 → 6호선 망원 방면
01,수도권,S1,2,2호선,0591,합정,3,환승,2,2호선 당산 방면,6호선 상수 방면,2호선 당산 방면 → 6호선 상수 방면
01,수도권,S1,2,2호선,0591,합정,3,환승,3,2호선 홍대입구 방면,6호선 망원 방면,2호선 홍대입구 방면 → 6호선 망원 방면
01,수도권,S1,2,2호선,0591,합정,3,환승,4,2호선 홍대입구 방면,6호선 상수 방면,2호선 홍대입구 방면 → 6호선 상수 방면
01,수도권,S1,2,2호선,0126,당산,1,출입구-승강장,1,4번 출입구 옆 엘리베이터,영등포구청 방면,4번 출입구 옆 엘리베이터 → 영등포구청 방면
01,수도권,S1,2,2호선,0126,당산,1,출입구-승강장,2,4번 출입구 옆 엘리베이터,합정 방면,4번 출입구 옆 엘리베이터 → 합정 방면
01,수도권,S1,2,2호선,0126,당산,1,출입구-승강장,3,3번 출입구 옆 엘리베이터,영등포구청 방면,3번 출입구 옆 엘리베이터 → 영등포구청 방면
01,수도권,S1,2,2호선,0126,당산,1,출입구-승강장,4,3번 출입구 옆 엘리베이터,합정 방면,3번 출입구 옆 엘리베이터 → 합정 방면
01,수도권,S1,2,2호선,0126,당산,3,환승,1,2호선 영등포구청 방면,9호선 국회의사당 방면,2호선 영등포구청 방면 → 9호선 국회의사당 방면
01,수도권,S1,2,2호선,0126,당산,3,환승,2,2호선 영등포구청 방면,9호선 선유도 방면,2호선 영등포구청 방면 → 9호선 선유도 방면
01,수도권,S1,2,2호선,0126,당산,3,환승,3,2호선 합정 방면,9호선 국회의사당 방면,2호선 합정 방면 → 9호선 국회의사당 방면
01,수도권,S1,2,2호선,0126,당산,3,환승,4,2호선 합정 방면,9호선 선유도 방면,2호선 합정 방면 → 9호선 선유도 방면
01,수도권,S1,2,2호선,0421,영등포구청,1,출입구-승강장,1,2번 출입구 옆 엘리베이터,문래 방면,2번 출입구 옆 엘리베이터 → 문래 방면
01,수도권,S1,2,2호선,0421,영등포구청,1,출입구-승강장,2,2번 출입구 옆 엘리베이터,당산 방면,2번 출입구 옆 엘리베이터 → 당산 방면
01,수도권,S1,2,2호선,0421,영등포구청,1,출입구-승강장,3,5번 출입구 근처 엘리베이터,문래 방면,5번 출입구 근처 엘리베이터 → 문래 방면
01,수도권,S1,2,2호선,0421,영등포구청,1,출입구-승강장,4,5번 출입구 근처 엘리베이터,당산 방면,5번 출입구 근처 엘리베이터 → 당산 방면
01,수도권,S1,2,2호선,0421,영등포구청,3,환승,1,2호선 문래 방면,5호선 양평 방면,2호선 문래 방면 → 5호선 양평 방면
01,수도권,S1,2,2호선,0421,영등포구청,3,환승,2,2호선 문래 방면,5호선 영등포시장 방면,2호선 문래 방면 → 5호선 영등포시장 방면
01,수도권,S1,2,2호선,0421,영등포구청,3,환승,3,2호선 당산 방면,5호선 양평 방면,2호선 당산 방면 → 5호선 양평 방면
01,수도권,S1,2,2호선,0421,영등포구청,3,환승,4,2호선 당산 방면,5호선 영등포시장 방면,2호선 당산 방면 → 5호선 영등포시장 방면
01,수도권,S1,2,2호선,0206,문래,1,출입구-승강장,1,1번 출입구 옆 엘리베이터,신도림 방면,1번 출입구 옆 엘리베이터 → 신도림 방면
01,수도권,S1,2,2호선,0206,문래,1,출입구-승강장,2,1번 출입구 옆 엘리베이터,영등포구청 방면,1번 출입구 옆 엘리베이터 → 영등포구청 방면
01,수도권,S1,2,2호선,0206,문래,1,출입구-승강장,3,4번 출입구 옆 엘리베이터,신도림 방면,4번 출입구 옆 엘리베이터 → 신도림 방면
01,수도권,S1,2,2호선,0206,문래,1,출입구-승강장,4,4번 출입구 옆 엘리베이터,영등포구청 방면,4번 출입구 옆 엘리베이터 → 영등포구청 방면
01,수도권,S1,2,2호선,0206,문래,1,출입구-승강장,5,5번 출입구 옆 엘리베이터,신도림 방면,5번 출입구 옆 엘리베이터 → 신도림 방면
01,수도권,S1,2,2호선,0206,문래,1,출입구-승강장,6,5번 출입구 옆 엘리베이터,영등포구청 방면,5번 출입구 옆 엘리베이터 → 영등포구청 방면
01,수도권,S1,2,2호선,0359,신도림,1,출입구-승강장,1,3번 출입구 옆 엘리베이터,대림 방면,3번 출입구 옆 엘리베이터 → 대림 방면
01,수도권,S1,2,2호선,0359,신도림,1,출입구-승강장,2,3번 출입구 옆 엘리베이터,문래 방면,3번 출입구 옆 엘리베이터 → 문래 방면
01,수도권,S1,2,2호선,0359,신도림,1,출입구-승강장,3,3번 출입구 옆 엘리베이터,도림천 방면,3번 출입구 옆 엘리베이터 → 도림천 방면
01,수도권,S1,2,2호선,0359,신도림,3,환승,1,2호선 대림 방면,2호선 도림천 방면,2호선 대림 방면 → 2호선 도림천 방면
01,수도권,S1,2,2호선,0359,신도림,3,환승,2,2호선 문래 방면,2호선 도림천 방면,2호선 문래 방면 → 2호선 도림천 방면
01,수도권,S1,2,2호선,0359,신도림,3,환승,3,2호선 지선 신도림 (종착역) 승강장,2호선 대림 방면,2호선 지선 신도림 (종착역) 승강장 → 2호선 대림 방면
01,수도권,S1,2,2호선,0359,신도림,3,환승,4,2호선 지선 신도림 (종착역) 승강장,2호선 문래 방면,2호선 지선 신도림 (종착역) 승강장 → 2호선 문래 방면
01,수도권,S1,2,2호선,0359,신도림,3,환승,5,2호선 대림 방면,1호선 영등포 방면,2호선 대림 방면 → 1호선 영등포 방면
01,수도권,S1,2,2호선,0359,신도림,3,환승,6,2호선 대림 방면,1호선 구로 방면,2호선 대림 방면 → 1호선 구로 방면
01,수도권,S1,2,2호선,0359,신도림,3,환승,7,2호선 문래 방면,1호선 영등포 방면,2호선 문래 방면 → 1호선 영등포 방면
01,수도권,S1,2,2호선,0359,신도림,3,환승,8,2호선 문래 방면,1호선 구로 방면,2호선 문래 방면 → 1호선 구로 방면
01,수도권,S1,2,2호선,0359,신도림,3,환승,9,2호선 지선 신도림 (종착역) 승강장,1호선 영등포 방면,2호선 지선 신도림 (종착역) 승강장 → 1호선 영등포 방면
01,수도권,S1,2,2호선,0359,신도림,3,환승,10,2호선 지선 신도림 (종착역) 승강장,1호선 구로 방면,2호선 지선 신도림 (종착역) 승강장 → 1호선 구로 방면
01,수도권,S1,2,2호선,0130,대림,1,출입구-승강장,1,3번/4번 출입구 사이 엘리베이터,구로디지털단지 방면,3번/4번 출입구 사이 엘리베이터 → 구로디지털단지 방면
01,수도권,S1,2,2호선,0130,대림,1,출입구-승강장,2,3번/4번 출입구 사이 엘리베이터,신도림 방면,3번/4번 출입구 사이 엘리베이터 → 신도림 방면
01,수도권,S1,2,2호선,0130,대림,1,출입구-승강장,3,7번/8번 출입구 사이 엘리베이터,구로디지털단지 방면,7번/8번 출입구 사이 엘리베이터 → 구로디지털단지 방면
01,수도권,S1,2,2호선,0130,대림,1,출입구-승강장,4,7번/8번 출입구 사이 엘리베이터,신도림 방면,7번/8번 출입구 사이 엘리베이터 → 신도림 방면
01,수도권,S1,2,2호선,0130,대림,3,환승,1,2호선 구로디지털단지 방면,7호선 신풍 방면,2호선 구로디지털단지 방면 → 7호선 신풍 방면
01,수도권,S1,2,2호선,0130,대림,3,환승,2,2호선 구로디지털단지 방면,7호선 남구로 방면,2호선 구로디지털단지 방면 → 7호선 남구로 방면
01,수도권,S1,2,2호선,0130,대림,3,환승,3,2호선 신도림 방면,7호선 신풍 방면,2호선 신도림 방면 → 7호선 신풍 방면
01,수도권,S1,2,2호선,0130,대림,3,환승,4,2호선 신도림 방면,7호선 남구로 방면,2호선 신도림 방면 → 7호선 남구로 방면
01,수도권,S1,2,2호선,0070,구로디지털단지,1,출입구-승강장,1,1번 출입구 옆 엘리베이터,신대방 방면,1번 출입구 옆 엘리베이터 → 신대방 방면
01,수도권,S1,2,2호선,0070,구로디지털단지,1,출입구-승강장,2,1번 출입구 옆 엘리베이터,대림 방면,1번 출입구 옆 엘리베이터 → 대림 방면
01,수도권,S1,2,2호선,0070,구로디지털단지,1,출입구-승강장,3,"2,3번 출입구 옆 엘리베이터",신대방 방면,"2,3번 출입구 옆 엘리베이터 → 신대방 방면"
01,수도권,S1,2,2호선,0070,구로디지털단지,1,출입구-승강장,4,"2,3번 출입구 옆 엘리베이터",대림 방면,"2,3번 출입구 옆 엘리베이터 → 대림 방면"
01,수도권,S1,2,2호선,0357,신대방,1,출입구-승강장,1,1번 출입구 옆 엘리베이터,신림 방면,1번 출입구 옆 엘리베이터 → 신림 방면
01,수도권,S1,2,2호선,0357,신대방,1,출입구-승강장,2,1번 출입구 옆 엘리베이터,구로디지털단지 방면,1번 출입구 옆 엘리베이터 → 구로디지털단지 방면
01,수도권,S1,2,2호선,0361,신림,1,출입구-승강장,1,1번 출입구 옆 엘리베이터,봉천 방면,1번 출입구 옆 엘리베이터 → 봉천 방면
01,수도권,S1,2,2호선,0361,신림,1,출입구-승강장,2,1번 출입구 옆 엘리베이터,신대방 방면,1번 출입구 옆 엘리베이터 → 신대방 방면
01,수도권,S1,2,2호선,0361,신림,1,출입구-승강장,3,5번 출입구 옆 엘리베이터,봉천 방면,5번 출입구 옆 엘리베이터 → 봉천 방면
01,수도권,S1,2,2호선,0361,신림,1,출입구-승강장,4,5번 출입구 옆 엘리베이터,신대방 방면,5번 출입구 옆 엘리베이터 → 신대방 방면
01,수도권,S1,2,2호선,0361,신림,3,환승,1,2호선 봉천 방면,신림선 당곡 방면,2호선 봉천 방면 → 신림선 당곡 방면
01,수도권,S1,2,2호선,0361,신림,3,환승,2,2호선 봉천 방면,신림선 서원 방면,2호선 봉천 방면 → 신림선 서원 방면
01,수도권,S1,2,2호선,0361,신림,3,환승,3,2호선 신대방 방면,신림선 당곡 방면,2호선 신대방 방면 → 신림선 당곡 방면
01,수도권,S1,2,2호선,0361,신림,3,환승,4,2호선 신대방 방면,신림선 서원 방면,2호선 신대방 방면 → 신림선 서원 방면
01,수도권,S1,2,2호선,0242,봉천,1,출입구-승강장,1,4번 출입구 옆 엘리베이터,서울대입구 방면,4번 출입구 옆 엘리베이터 → 서울대입구 방면
01,수도권,S1,2,2호선,0242,봉천,1,출입구-승강장,2,4번 출입구 옆 엘리베이터,신림 방면,4번 출입구 옆 엘리베이터 → 신림 방면
01,수도권,S1,2,2호선,0294,서울대입구,1,출입구-승강장,1,6번 출입구 근처 엘리베이터,낙성대방면,6번 출입구 근처 엘리베이터 → 낙성대방면
01,수도권,S1,2,2호선,0294,서울대입구,1,출입구-승강장,2,6번 출입구 근처 엘리베이터,봉천방면,6번 출입구 근처 엘리베이터 → 봉천방면
01,수도권,S1,2,2호선,0294,서울대입구,1,출입구-승강장,3,2번 출입구 근처 엘리베이터,낙성대방면,2번 출입구 근처 엘리베이터 → 낙성대방면
01,수도권,S1,2,2호선,0294,서울대입구,1,출입구-승강장,4,2번 출입구 근처 엘리베이터,봉천방면,2번 출입구 근처 엘리베이터 → 봉천방면
01,수도권,S1,2,2호선,0102,낙성대,1,출입구-승강장,1,6번 출입구 옆 엘리베이터,사당 방면,6번 출입구 옆 엘리베이터 → 사당 방면
01,수도권,S1,2,2호선,0102,낙성대,1,출입구-승강장,2,6번 출입구 옆 엘리베이터,서울대입구 방면,6번 출입구 옆 엘리베이터 → 서울대입구 방면
01,수도권,S1,2,2호선,0257,사당,1,출입구-승강장,1,6번 출입구 옆 엘리베이터,방배 방면,6번 출입구 옆 엘리베이터 → 방배 방면
01,수도권,S1,2,2호선,0257,사당,1,출입구-승강장,2,6번 출입구 옆 엘리베이터,낙성대 방면,6번 출입구 옆 엘리베이터 → 낙성대 방면
01,수도권,S1,2,2호선,0257,사당,1,출입구-승강장,3,14번 출입구 옆 엘리베이터,방배 방면,14번 출입구 옆 엘리베이터 → 방배 방면
01,수도권,S1,2,2호선,0257,사당,1,출입구-승강장,4,14번 출입구 옆 엘리베이터,낙성대 방면,14번 출입구 옆 엘리베이터 → 낙성대 방면
01,수도권,S1,2,2호선,0257,사당,3,환승,1,2호선 방배 방면,4호선 총신대입구 방면,2호선 방배 방면 → 4호선 총신대입구 방면
01,수도권,S1,2,2호선,0257,사당,3,환승,2,2호선 방배 방면,4호선 남태령 방면,2호선 방배 방면 → 4호선 남태령 방면
01,수도권,S1,2,2호선,0257,사당,3,환승,3,2호선 낙성대 방면,4호선 총신대입구 방면,2호선 낙성대 방면 → 4호선 총신대입구 방면
01,수도권,S1,2,2호선,0257,사당,3,환승,4,2호선 낙성대 방면,4호선 남태령 방면,2호선 낙성대 방면 → 4호선 남태령 방면
01,수도권,S1,2,2호선,0218,방배,1,출입구-승강장,1,3번 출입구 옆 엘리베이터,서초 방면,3번 출입구 옆 엘리베이터 → 서초 방면
01,수도권,S1,2,2호선,0218,방배,1,출입구-승강장,2,3번 출입구 옆 엘리베이터,사당 방면,3번 출입구 옆 엘리베이터 → 사당 방면
01,수도권,S1,2,2호선,0298,서초,1,출입구-승강장,1,1번 출입구 옆 엘리베이터,교대 방면,1번 출입구 옆 엘리베이터 → 교대 방면
01,수도권,S1,2,2호선,0298,서초,1,출입구-승강장,2,1번 출입구 옆 엘리베이터,방배 방면,1번 출입구 옆 엘리베이터 → 방배 방면
01,수도권,S1,2,2호선,0298,서초,1,출입구-승강장,3,4번 출입구 옆 엘리베이터,교대 방면,4번 출입구 옆 엘리베이터 → 교대 방면
01,수도권,S1,2,2호선,0298,서초,1,출입구-승강장,4,4번 출입구 옆 엘리베이터,방배 방면,4번 출입구 옆 엘리베이터 → 방배 방면
01,수도권,S1,2,2호선,0068,교대,1,출입구-승강장,1,12번 출입구 옆 엘리베이터,강남 방면,12번 출입구 옆 엘리베이터 → 강남 방면
01,수도권,S1,2,2호선,0068,교대,1,출입구-승강장,2,12번 출입구 옆 엘리베이터,서초 방면,12번 출입구 옆 엘리베이터 → 서초 방면
01,수도권,S1,2,2호선,0068,교대,1,출입구-승강장,3,13번 출입구 옆 엘리베이터,강남 방면,13번 출입구 옆 엘리베이터 → 강남 방면
01,수도권,S1,2,2호선,0068,교대,1,출입구-승강장,4,13번 출입구 옆 엘리베이터,서초 방면,13번 출입구 옆 엘리베이터 → 서초 방면
01,수도권,S1,2,2호선,0068,교대,3,환승,1,2호선 강남 방면,3호선 고속터미널 방면,2호선 강남 방면 → 3호선 고속터미널 방면
01,수도권,S1,2,2호선,0068,교대,3,환승,2,2호선 강남 방면,3호선 남부터미널 방면,2호선 강남 방면 → 3호선 남부터미널 방면
01,수도권,S1,2,2호선,0068,교대,3,환승,3,2호선 서초 방면,3호선 고속터미널 방면,2호선 서초 방면 → 3호선 고속터미널 방면
01,수도권,S1,2,2호선,0068,교대,3,환승,4,2호선 서초 방면,3호선 남부터미널 방면,2호선 서초 방면 → 3호선 남부터미널 방면
01,수도권,S1,2,2호선,0017,강남,1,출입구-승강장,1,1번 출입구 옆 엘리베이터,역삼 방면,1번 출입구 옆 엘리베이터 → 역삼 방면
01,수도권,S1,2,2호선,0017,강남,1,출입구-승강장,2,1번 출입구 옆 엘리베이터,교대 방면,1번 출입구 옆 엘리베이터 → 교대 방면
01,수도권,S1,2,2호선,0017,강남,1,출입구-승강장,3,8번 출입구 옆 엘리베이터,역삼 방면,8번 출입구 옆 엘리베이터 → 역삼 방면
01,수도권,S1,2,2호선,0017,강남,1,출입구-승강장,4,8번 출입구 옆 엘리베이터,교대 방면,8번 출입구 옆 엘리베이터 → 교대 방면
01,수도권,S1,2,2호선,0017,강남,1,출입구-승강장,5,10번 출입구 옆 엘리베이터,역삼 방면,10번 출입구 옆 엘리베이터 → 역삼 방면
01,수도권,S1,2,2호선,0017,강남,1,출입구-승강장,6,10번 출입구 옆 엘리베이터,교대 방면,10번 출입구 옆 엘리베이터 → 교대 방면
01,수도권,S1,2,2호선,0017,강남,3,환승,1,2호선 역삼 방면,신분당선 신논현 방면,2호선 역삼 방면 → 신분당선 신논현 방면
01,수도권,S1,2,2호선,0017,강남,3,환승,2,2호선 역삼 방면,신분당선 양재 방면,2호선 역삼 방면 → 신분당선 양재 방면
01,수도권,S1,2,2호선,0017,강남,3,환승,3,2호선 교대 방면,신분당선 신논현 방면,2호선 교대 방면 → 신분당선 신논현 방면
01,수도권,S1,2,2호선,0017,강남,3,환승,4,2호선 교대 방면,신분당선 양재 방면,2호선 교대 방면 → 신분당선 양재 방면
01,수도권,S1,2,2호선,0415,역삼,1,출입구-승강장,1,3번 출입구 옆 엘리베이터,선릉 방면,3번 출입구 옆 엘리베이터 → 선릉 방면
01,수도권,S1,2,2호선,0415,역삼,1,출입구-승강장,2,3번 출입구 옆 엘리베이터,강남 방면,3번 출입구 옆 엘리베이터 → 강남 방면
01,수도권,S1,2,2호선,0415,역삼,1,출입구-승강장,3,4번 출입구 옆 엘리베이터,선릉 방면,4번 출입구 옆 엘리베이터 → 선릉 방면
01,수도권,S1,2,2호선,0415,역삼,1,출입구-승강장,4,4번 출입구 옆 엘리베이터,강남 방면,4번 출입구 옆 엘리베이터 → 강남 방면
01,수도권,S1,2,2호선,0306,선릉,1,출입구-승강장,1,1번 출입구 옆 엘리베이터,삼성 방면,1번 출입구 옆 엘리베이터 → 삼성 방면
01,수도권,S1,2,2호선,0306,선릉,1,출입구-승강장,2,1번 출입구 옆 엘리베이터,역삼 방면,1번 출입구 옆 엘리베이터 → 역삼 방면
01,수도권,S1,2,2호선,0306,선릉,1,출입구-승강장,3,5번 출입구 옆 엘리베이터,삼성 방면,5번 출입구 옆 엘리베이터 → 삼성 방면
01,수도권,S1,2,2호선,0306,선릉,1,출입구-승강장,4,5번 출입구 옆 엘리베이터,역삼 방면,5번 출입구 옆 엘리베이터 → 역삼 방면
01,수도권,S1,2,2호선,0306,선릉,1,출입구-승강장,5,10번 출입구 옆 엘리베이터,삼성 방면,10번 출입구 옆 엘리베이터 → 삼성 방면
01,수도권,S1,2,2호선,0306,선릉,1,출입구-승강장,6,10번 출입구 옆 엘리베이터,역삼 방면,10번 출입구 옆 엘리베이터 → 역삼 방면
01,수도권,S1,2,2호선,0306,선릉,3,환승,1,2호선 삼성 방면,수인분당선 선정릉 방면,2호선 삼성 방면 → 수인분당선 선정릉 방면
01,수도권,S1,2,2호선,0306,선릉,3,환승,2,2호선 삼성 방면,수인분당선 한티 방면,2호선 삼성 방면 → 수인분당선 한티 방면
01,수도권,S1,2,2호선,0306,선릉,3,환승,3,2호선 역삼 방면,수인분당선 선정릉 방면,2호선 역삼 방면 → 수인분당선 선정릉 방면
01,수도권,S1,2,2호선,0306,선릉,3,환승,4, 2호선 역삼 방면,수인분당선 한티 방면, 2호선 역삼 방면 → 수인분당선 한티 방면
01,수도권,S1,2,2호선,0266,삼성,1,출입구-승강장,1,1번 출입구 옆 엘리베이터,종합운동장 방면,1번 출입구 옆 엘리베이터 → 종합운동장 방면
01,수도권,S1,2,2호선,0266,삼성,1,출입구-승강장,2,1번 출입구 옆 엘리베이터,선릉 방면,1번 출입구 옆 엘리베이터 → 선릉 방면
01,수도권,S1,2,2호선,0266,삼성,1,출입구-승강장,3,4번 출입구 옆 엘리베이터,종합운동장 방면,4번 출입구 옆 엘리베이터 → 종합운동장 방면
01,수도권,S1,2,2호선,0266,삼성,1,출입구-승강장,4,4번 출입구 옆 엘리베이터,선릉 방면,4번 출입구 옆 엘리베이터 → 선릉 방면
01,수도권,S1,2,2호선,0266,삼성,1,출입구-승강장,5,6번 출입구 옆 엘리베이터,종합운동장 방면,6번 출입구 옆 엘리베이터 → 종합운동장 방면
01,수도권,S1,2,2호선,0266,삼성,1,출입구-승강장,6,6번 출입구 옆 엘리베이터,선릉 방면,6번 출입구 옆 엘리베이터 → 선릉 방면
01,수도권,S1,2,2호선,0518,종합운동장,1,출입구-승강장,1,6번 출입구 옆 엘리베이터,잠실새내 방면,6번 출입구 옆 엘리베이터 → 잠실새내 방면
01,수도권,S1,2,2호선,0518,종합운동장,1,출입구-승강장,2,6번 출입구 옆 엘리베이터,삼성 방면,6번 출입구 옆 엘리베이터 → 삼성 방면
01,수도권,S1,2,2호선,0518,종합운동장,3,환승,1,2호선 잠실새내 방면,9호선 삼전 방면,2호선 잠실새내 방면 → 9호선 삼전 방면
01,수도권,S1,2,2호선,0518,종합운동장,3,환승,2,2호선 잠실새내 방면,9호선 봉은사 방면,2호선 잠실새내 방면 → 9호선 봉은사 방면
01,수도권,S1,2,2호선,0518,종합운동장,3,환승,3,2호선 삼성 방면,9호선 삼전 방면,2호선 삼성 방면 → 9호선 삼전 방면
01,수도권,S1,2,2호선,0518,종합운동장,3,환승,4,2호선 삼성 방면,9호선 봉은사 방면,2호선 삼성 방면 → 9호선 봉은사 방면
01,수도권,S1,2,2호선,0499,잠실새내,1,출입구-승강장,1,2번 출입구 옆 엘리베이터,잠실 방면,2번 출입구 옆 엘리베이터 → 잠실 방면
01,수도권,S1,2,2호선,0499,잠실새내,1,출입구-승강장,2,2번 출입구 옆 엘리베이터,종합운동장 방면,2번 출입구 옆 엘리베이터 → 종합운동장 방면
01,수도권,S1,2,2호선,0499,잠실새내,1,출입구-승강장,3,7번 출입구 옆 엘리베이터,잠실 방면,7번 출입구 옆 엘리베이터 → 잠실 방면
01,수도권,S1,2,2호선,0499,잠실새내,1,출입구-승강장,4,7번 출입구 옆 엘리베이터,종합운동장 방면,7번 출입구 옆 엘리베이터 → 종합운동장 방면
01,수도권,S1,2,2호선,0497,잠실,1,출입구-승강장,1,1번 출입구 옆 엘리베이터,잠실나루 방면,1번 출입구 옆 엘리베이터 → 잠실나루 방면
01,수도권,S1,2,2호선,0497,잠실,1,출입구-승강장,2,1번 출입구 옆 엘리베이터,잠실새내 방면,1번 출입구 옆 엘리베이터 → 잠실새내 방면
01,수도권,S1,2,2호선,0497,잠실,3,환승,1,2호선 잠실나루 방면,8호선 몽촌토성 방면,2호선 잠실나루 방면 → 8호선 몽촌토성 방면
01,수도권,S1,2,2호선,0497,잠실,3,환승,2,2호선 잠실나루 방면,8호선 석촌 방면,2호선 잠실나루 방면 → 8호선 석촌 방면
01,수도권,S1,2,2호선,0497,잠실,3,환승,3,2호선 잠실새내 방면,8호선 몽촌토성 방면,2호선 잠실새내 방면 → 8호선 몽촌토성 방면
01,수도권,S1,2,2호선,0497,잠실,3,환승,4,2호선 잠실새내 방면,8호선 석촌 방면,2호선 잠실새내 방면 → 8호선 석촌 방면
01,수도권,S1,2,2호선,0498,잠실나루,1,출입구-승강장,1,1번 출입구,강변 방면,1번 출입구 → 강변 방면
01,수도권,S1,2,2호선,0498,잠실나루,1,출입구-승강장,2,1번 출입구,잠실 방면,1번 출입구 → 잠실 방면
01,수도권,S1,2,2호선,0498,잠실나루,1,출입구-승강장,3,2번 출입구,강변 방면,2번 출입구 → 강변 방면
01,수도권,S1,2,2호선,0498,잠실나루,1,출입구-승강장,4,2번 출입구,잠실 방면,2번 출입구 → 잠실 방면
01,수도권,S1,2,2호선,0498,잠실나루,1,출입구-승강장,5,3번 출입구,강변 방면,3번 출입구 → 강변 방면
01,수도권,S1,2,2호선,0498,잠실나루,1,출입구-승강장,6,3번 출입구,잠실 방면,3번 출입구 → 잠실 방면
01,수도권,S1,2,2호선,0498,잠실나루,1,출입구-승강장,7,4번 출입구,강변 방면,4번 출입구 → 강변 방면
01,수도권,S1,2,2호선,0498,잠실나루,1,출입구-승강장,8,4번 출입구,잠실 방면,4번 출입구 → 잠실 방면
01,수도권,S1,2,2호선,0023,강변,1,출입구-승강장,1,1번 출입구,구의 방면,1번 출입구 → 구의 방면
01,수도권,S1,2,2호선,0023,강변,1,출입구-승강장,2,1번 출입구,잠실나루 방면,1번 출입구 → 잠실나루 방면
01,수도권,S1,2,2호선,0023,강변,1,출입구-승강장,3,2번 출입구,구의 방면,2번 출입구 → 구의 방면
01,수도권,S1,2,2호선,0023,강변,1,출입구-승강장,4,2번 출입구,잠실나루 방면,2번 출입구 → 잠실나루 방면
01,수도권,S1,2,2호선,0023,강변,1,출입구-승강장,5,3번 출입구,구의 방면,3번 출입구 → 구의 방면
01,수도권,S1,2,2호선,0023,강변,1,출입구-승강장,6,3번 출입구,잠실나루 방면,3번 출입구 → 잠실나루 방면
01,수도권,S1,2,2호선,0023,강변,1,출입구-승강장,7,4번 출입구,구의 방면,4번 출입구 → 구의 방면
01,수도권,S1,2,2호선,0023,강변,1,출입구-승강장,8,4번 출입구,잠실나루 방면,4번 출입구 → 잠실나루 방면
01,수도권,S1,2,2호선,0076,구의,1,출입구-승강장,1,2번 출입구 옆 엘리베이터,건대입구 방면,2번 출입구 옆 엘리베이터 → 건대입구 방면
01,수도권,S1,2,2호선,0076,구의,1,출입구-승강장,2,2번 출입구 옆 엘리베이터,강변 방면,2번 출입구 옆 엘리베이터 → 강변 방면
01,수도권,S1,2,2호선,0031,건대입구,1,출입구-승강장,1,1번 출입구 옆 엘리베이터,구의 방면,1번 출입구 옆 엘리베이터 → 구의 방면
01,수도권,S1,2,2호선,0031,건대입구,1,출입구-승강장,2,1번 출입구 근처 엘리베이터,성수 방면,1번 출입구 근처 엘리베이터 → 성수 방면
01,수도권,S1,2,2호선,0031,건대입구,1,출입구-승강장,3,6번 출입구 옆 엘리베이터,구의 방면,6번 출입구 옆 엘리베이터 → 구의 방면
01,수도권,S1,2,2호선,0031,건대입구,1,출입구-승강장,4,6번 출입구 근처 엘리베이터,성수 방면,6번 출입구 근처 엘리베이터 → 성수 방면
01,수도권,S1,2,2호선,0031,건대입구,3,환승,1,2호선 구의 방면,7호선 어린이 대공원 방면,2호선 구의 방면 → 7호선 어린이 대공원 방면
01,수도권,S1,2,2호선,0031,건대입구,3,환승,2,2호선 성수 방면,7호선 어린이대공원 방면,2호선 성수 방면 → 7호선 어린이대공원 방면
01,수도권,S1,2,2호선,0031,건대입구,3,환승,3,2호선 구의 방면,7호선 뚝섬유원지 방면,2호선 구의 방면 → 7호선 뚝섬유원지 방면
01,수도권,S1,2,2호선,0031,건대입구,3,환승,4,2호선 성수 방면,7호선 뚝섬유원지 방면,2호선 성수 방면 → 7호선 뚝섬유원지 방면
01,수도권,S1,2,2호선,0314,성수,1,출입구-승강장,1,1번 출입구 옆 엘리베이터,뚝섬 방면,1번 출입구 옆 엘리베이터 → 뚝섬 방면
01,수도권,S1,2,2호선,0314,성수,1,출입구-승강장,2,1번 출입구 옆 엘리베이터,건대입구 방면,1번 출입구 옆 엘리베이터 → 건대입구 방면
01,수도권,S1,2,2호선,0314,성수,1,출입구-승강장,3,4번 출입구 옆 엘리베이터,뚝섬 방면,4번 출입구 옆 엘리베이터 → 뚝섬 방면
01,수도권,S1,2,2호선,0314,성수,1,출입구-승강장,4,4번 출입구 옆 엘리베이터,건대입구 방면,4번 출입구 옆 엘리베이터 → 건대입구 방면
01,수도권,S1,2,2호선,0314,성수,3,환승,1,2호선 뚝섬 방면,2호선 용답 방면,2호선 뚝섬 방면 → 2호선 용답 방면
01,수도권,S1,2,2호선,0314,성수,3,환승,2,2호선 건대입구 방면,2호선 용답 방면,2호선 건대입구 방면 → 2호선 용답 방면
01,수도권,S1,2,2호선,0314,성수,3,환승,3,2호선 용답 방면,2호선 뚝섬 방면,2호선 용답 방면 → 2호선 뚝섬 방면
01,수도권,S1,2,2호선,0314,성수,3,환승,4,2호선 용답 방면,2호선 건대입구 방면,2호선 용답 방면 → 2호선 건대입구 방면
01,수도권,S1,2,2호선,0175,뚝섬,1,출입구-승강장,1,3번 출입구 옆 엘리베이터,한양대 방면,3번 출입구 옆 엘리베이터 → 한양대 방면
01,수도권,S1,2,2호선,0175,뚝섬,1,출입구-승강장,2,3번 출입구 옆 엘리베이터,성수 방면,3번 출입구 옆 엘리베이터 → 성수 방면
01,수도권,S1,2,2호선,0175,뚝섬,1,출입구-승강장,3,6번 출입구 옆 엘리베이터,한양대 방면,6번 출입구 옆 엘리베이터 → 한양대 방면
01,수도권,S1,2,2호선,0175,뚝섬,1,출입구-승강장,4,6번 출입구 옆 엘리베이터,성수 방면,6번 출입구 옆 엘리베이터 → 성수 방면
01,수도권,S1,2,2호선,0588,한양대,1,출입구-승강장,1,2번 출입구 옆 엘리베이터,왕십리 방면,2번 출입구 옆 엘리베이터 → 왕십리 방면
01,수도권,S1,2,2호선,0588,한양대,1,출입구-승강장,2,2번 출입구 옆 엘리베이터,뚝섬 방면,2번 출입구 옆 엘리베이터 → 뚝섬 방면
01,수도권,S1,2,2호선,0588,한양대,1,출입구-승강장,3,4번 출입구 옆 엘리베이터,왕십리 방면,4번 출입구 옆 엘리베이터 → 왕십리 방면
01,수도권,S1,2,2호선,0588,한양대,1,출입구-승강장,4,4번 출입구 옆 엘리베이터,뚝섬 방면,4번 출입구 옆 엘리베이터 → 뚝섬 방면
01,수도권,S1,2,2호선,0441,왕십리,1,출입구-승강장,1,4번/5번 출입구 사이 엘리베이터,상왕십리 방면,4번/5번 출입구 사이 엘리베이터 → 상왕십리 방면
01,수도권,S1,2,2호선,0441,왕십리,1,출입구-승강장,2,4번/5번 출입구 사이 엘리베이터,한양대 방면,4번/5번 출입구 사이 엘리베이터 → 한양대 방면
01,수도권,S1,2,2호선,0441,왕십리,1,출입구-승강장,3,6-1번 출입구 옆 엘리베이터,상왕십리 방면,6-1번 출입구 옆 엘리베이터 → 상왕십리 방면
01,수도권,S1,2,2호선,0441,왕십리,1,출입구-승강장,4,6-1번 출입구 옆 엘리베이터,한양대 방면,6-1번 출입구 옆 엘리베이터 → 한양대 방면
01,수도권,S1,2,2호선,0441,왕십리,3,환승,1,2호선 상왕십리 방면,5호선 행당 방면,2호선 상왕십리 방면 → 5호선 행당 방면
01,수도권,S1,2,2호선,0441,왕십리,3,환승,2,2호선 상왕십리 방면,5호선 마장 방면,2호선 상왕십리 방면 → 5호선 마장 방면
01,수도권,S1,2,2호선,0441,왕십리,3,환승,3,2호선 한양대 방면,5호선 행당 방면,2호선 한양대 방면 → 5호선 행당 방면
01,수도권,S1,2,2호선,0441,왕십리,3,환승,4,2호선 한양대 방면,5호선 마장 방면,2호선 한양대 방면 → 5호선 마장 방면
01,수도권,S1,2,2호선,0441,왕십리,3,환승,5,2호선 상왕십리 방면,수인분당선 청량리 방면,2호선 상왕십리 방면 → 수인분당선 청량리 방면
01,수도권,S1,2,2호선,0441,왕십리,3,환승,6,2호선 상왕십리 방면,수인분당선 서울숲 방면,2호선 상왕십리 방면 → 수인분당선 서울숲 방면
01,수도권,S1,2,2호선,0441,왕십리,3,환승,7,2호선 한양대 방면,수인분당선 청량리 방면,2호선 한양대 방면 → 수인분당선 청량리 방면
01,수도권,S1,2,2호선,0441,왕십리,3,환승,8,2호선 한양대 방면,수인분당선 서울숲 방면,2호선 한양대 방면 → 수인분당선 서울숲 방면
01,수도권,S1,2,2호선,0441,왕십리,3,환승,9,2호선 상왕십리 방면,경의중앙선 응봉 방면,2호선 상왕십리 방면 → 경의중앙선 응봉 방면
01,수도권,S1,2,2호선,0441,왕십리,3,환승,10,2호선 상왕십리 방면,경의중앙선 청량리 방면,2호선 상왕십리 방면 → 경의중앙선 청량리 방면
01,수도권,S1,2,2호선,0441,왕십리,3,환승,11,2호선 한양대 방면,경의중앙선 응봉 방면,2호선 한양대 방면 → 경의중앙선 응봉 방면
01,수도권,S1,2,2호선,0441,왕십리,3,환승,12,2호선 한양대 방면,경의중앙선 청량리 방면,2호선 한양대 방면 → 경의중앙선 청량리 방면
01,수도권,S1,2,2호선,0279,상왕십리,1,출입구-승강장,1,1-1번 출입구 옆 엘리베이터,신당 방면 승강장,1-1번 출입구 옆 엘리베이터 → 신당 방면 승강장
01,수도권,S1,2,2호선,0279,상왕십리,1,출입구-승강장,2,1-1번 출입구 옆 엘리베이터,왕십리 방면 승강장,1-1번 출입구 옆 엘리베이터 → 왕십리 방면 승강장
01,수도권,S1,2,2호선,0356,신당,1,출입구-승강장,1,2번 출입구 옆 엘리베이터,동대문역사문화공원 방면 승강장,2번 출입구 옆 엘리베이터 → 동대문역사문화공원 방면 승강장
01,수도권,S1,2,2호선,0356,신당,1,출입구-승강장,2,2번 출입구 옆 엘리베이터,상왕십리 방면 승강장,2번 출입구 옆 엘리베이터 → 상왕십리 방면 승강장
01,수도권,S1,2,2호선,0356,신당,3,환승,1,2호선 동대문역사문화공원 방면,6호선 청구 방면,2호선 동대문역사문화공원 방면 → 6호선 청구 방면
01,수도권,S1,2,2호선,0356,신당,3,환승,2,2호선 동대문역사문화공원 방면,6호선 동묘앞 방면,2호선 동대문역사문화공원 방면 → 6호선 동묘앞 방면
01,수도권,S1,2,2호선,0356,신당,3,환승,3,2호선 상왕십리 방면,6호선 청구 방면,2호선 상왕십리 방면 → 6호선 청구 방면
01,수도권,S1,2,2호선,0356,신당,3,환승,4,2호선 상왕십리 방면,6호선 동묘앞 방면,2호선 상왕십리 방면 → 6호선 동묘앞 방면
01,수도권,S1,2,2호선,0156,동대문역사문화공원,1,출입구-승강장,1,1번 출입구 옆 엘리베이터,을지로4가 방면 승강장,1번 출입구 옆 엘리베이터 → 을지로4가 방면 승강장
01,수도권,S1,2,2호선,0156,동대문역사문화공원,1,출입구-승강장,2,1번 출입구 옆 엘리베이터,신당 방면 승강장,1번 출입구 옆 엘리베이터 → 신당 방면 승강장
01,수도권,S1,2,2호선,0156,동대문역사문화공원,3,환승,1,2호선 을지로4가 방면,4호선 동대문 방면,2호선 을지로4가 방면 → 4호선 동대문 방면
01,수도권,S1,2,2호선,0156,동대문역사문화공원,3,환승,2,2호선 을지로4가 방면,4호선 충무로 방면,2호선 을지로4가 방면 → 4호선 충무로 방면
01,수도권,S1,2,2호선,0156,동대문역사문화공원,3,환승,3,2호선 신당 방면,4호선 동대문 방면,2호선 신당 방면 → 4호선 동대문 방면
01,수도권,S1,2,2호선,0156,동대문역사문화공원,3,환승,4,2호선 신당 방면,4호선 충무로 방면,2호선 신당 방면 → 4호선 충무로 방면
01,수도권,S1,2,2호선,0156,동대문역사문화공원,3,환승,5,2호선 을지로4가 방면,5호선 을지로4가 방면,2호선 을지로4가 방면 → 5호선 을지로4가 방면
01,수도권,S1,2,2호선,0156,동대문역사문화공원,3,환승,6,2호선 을지로4가 방면,5호선 청구 방면,2호선 을지로4가 방면 → 5호선 청구 방면
01,수도권,S1,2,2호선,0156,동대문역사문화공원,3,환승,7,2호선 신당 방면,5호선 을지로4가 방면,2호선 신당 방면 → 5호선 을지로4가 방면
01,수도권,S1,2,2호선,0156,동대문역사문화공원,3,환승,8,2호선 신당 방면,5호선 청구 방면,2호선 신당 방면 → 5호선 청구 방면
01,수도권,S1,2,2호선,0465,을지로4가,1,출입구-승강장,1,8번 출입구 옆 엘리베이터,을지로3가 방면 승강장,8번 출입구 옆 엘리베이터 → 을지로3가 방면 승강장
01,수도권,S1,2,2호선,0465,을지로4가,1,출입구-승강장,2,8번 출입구 옆 엘리베이터,동대문역사문화공원 방면 승강장,8번 출입구 옆 엘리베이터 → 동대문역사문화공원 방면 승강장
01,수도권,S1,2,2호선,0465,을지로4가,1,출입구-승강장,3,10번출입구 옆 엘리베이터 ,을지로3가 방면 승강장,10번출입구 옆 엘리베이터  → 을지로3가 방면 승강장
01,수도권,S1,2,2호선,0465,을지로4가,1,출입구-승강장,4,10번출입구 옆 엘리베이터 ,동대문역사문화공원 방면 승강장,10번출입구 옆 엘리베이터  → 동대문역사문화공원 방면 승강장
01,수도권,S1,2,2호선,0465,을지로4가,3,환승,1,2호선 을지로3가 방면,5호선 종로3가 방면,2호선 을지로3가 방면 → 5호선 종로3가 방면
01,수도권,S1,2,2호선,0465,을지로4가,3,환승,2,2호선 을지로3가 방면,5호선 동대문역사문화공원 방면,2호선 을지로3가 방면 → 5호선 동대문역사문화공원 방면
01,수도권,S1,2,2호선,0465,을지로4가,3,환승,3,2호선 동대문역사문화공원 방면,5호선 종로3가 방면,2호선 동대문역사문화공원 방면 → 5호선 종로3가 방면
01,수도권,S1,2,2호선,0465,을지로4가,3,환승,4,2호선 동대문역사문화공원 방면,5호선 동대문역사문화공원 방면,2호선 동대문역사문화공원 방면 → 5호선 동대문역사문화공원 방면
01,수도권,S1,2,2호선,0464,을지로3가,1,출입구-승강장,1,10번 출입구 옆 엘리베이터,을지로입구 방면 승강장,10번 출입구 옆 엘리베이터 → 을지로입구 방면 승강장
01,수도권,S1,2,2호선,0464,을지로3가,1,출입구-승강장,2,10번 출입구 옆 엘리베이터,을지로4가 방면 승강장,10번 출입구 옆 엘리베이터 → 을지로4가 방면 승강장
01,수도권,S1,2,2호선,0464,을지로3가,1,출입구-승강장,3,12번 출입구 옆 엘리베이터,을지로입구 방면,12번 출입구 옆 엘리베이터 → 을지로입구 방면
01,수도권,S1,2,2호선,0464,을지로3가,1,출입구-승강장,4,12번 출입구 옆 엘리베이터,을지로4가 방면,12번 출입구 옆 엘리베이터 → 을지로4가 방면
01,수도권,S1,2,2호선,0464,을지로3가,3,환승,1,2호선 을지로입구 방면,3호선 종로3가 방면,2호선 을지로입구 방면 → 3호선 종로3가 방면
01,수도권,S1,2,2호선,0464,을지로3가,3,환승,2,2호선 을지로입구 방면,3호선 충무로 방면,2호선 을지로입구 방면 → 3호선 충무로 방면
01,수도권,S1,2,2호선,0464,을지로3가,3,환승,3,2호선 을지로4가 방면,3호선 종로3가 방면,2호선 을지로4가 방면 → 3호선 종로3가 방면
01,수도권,S1,2,2호선,0464,을지로3가,3,환승,4,2호선 을지로4가 방면,3호선 충무로 방면,2호선 을지로4가 방면 → 3호선 충무로 방면
01,수도권,S1,2,2호선,0466,을지로입구,1,출입구-승강장,1,1번 출입구 옆 엘리베이터,시청 방면 승강장,1번 출입구 옆 엘리베이터 → 시청 방면 승강장
01,수도권,S1,2,2호선,0466,을지로입구,1,출입구-승강장,2,1번 출입구 옆 엘리베이터,을지로3가 방면 승강장,1번 출입구 옆 엘리베이터 → 을지로3가 방면 승강장
01,수도권,S1,2,2호선,0466,을지로입구,1,출입구-승강장,3,5번 출입구 옆 엘리베이터,시청 방면 승강장,5번 출입구 옆 엘리베이터 → 시청 방면 승강장
01,수도권,S1,2,2호선,0466,을지로입구,1,출입구-승강장,4,5번 출입구 옆 엘리베이터,을지로3가 방면 승강장,5번 출입구 옆 엘리베이터 → 을지로3가 방면 승강장
01,수도권,S1,2,2호선,0443,용답,1,출입구-승강장,1,1번 출입구,성수 방면,1번 출입구 → 성수 방면
01,수도권,S1,2,2호선,0443,용답,1,출입구-승강장,2,1번 출입구,신답 방면,1번 출입구 → 신답 방면
01,수도권,S1,2,2호선,0355,신답,1,출입구-승강장,1,1번 출입구,용답 방면,1번 출입구 → 용답 방면
01,수도권,S1,2,2호선,0355,신답,1,출입구-승강장,2,1번 출입구,용두 방면,1번 출입구 → 용두 방면
01,수도권,S1,2,2호선,0444,용두,1,출입구-승강장,1,3번 출입구 옆 엘리베이터,신답 방면,3번 출입구 옆 엘리베이터 → 신답 방면
01,수도권,S1,2,2호선,0444,용두,1,출입구-승강장,2,3번 출입구 옆 엘리베이터,신설동 방면,3번 출입구 옆 엘리베이터 → 신설동 방면
01,수도권,S1,2,2호선,0444,용두,1,출입구-승강장,3,4번 출입구 옆 엘리베이터,신답 방면,4번 출입구 옆 엘리베이터 → 신답 방면
01,수도권,S1,2,2호선,0444,용두,1,출입구-승강장,4,4번 출입구 옆 엘리베이터,신설동 방면,4번 출입구 옆 엘리베이터 → 신설동 방면
01,수도권,S1,2,2호선,0367,신설동,1,출입구-승강장,1,9번 출입구 옆 엘리베이터,용두 방면,9번 출입구 옆 엘리베이터 → 용두 방면
01,수도권,S1,2,2호선,0367,신설동,3,환승,1,2호선 신설동(종착역) 승강장,1호선 제기동 방면,2호선 신설동(종착역) 승강장 → 1호선 제기동 방면
01,수도권,S1,2,2호선,0367,신설동,3,환승,2,2호선 신설동(종착역) 승강장,1호선 동묘앞 방면,2호선 신설동(종착역) 승강장 → 1호선 동묘앞 방면
01,수도권,S1,2,2호선,0367,신설동,3,환승,3,2호선 신설동(종착역) 승강장,우이신설선 보문 방면,2호선 신설동(종착역) 승강장 → 우이신설선 보문 방면
01,수도권,S1,2,2호선,0144,도림천,1,출입구-승강장,1,1번 출입구,신도림 방면,1번 출입구 → 신도림 방면
01,수도권,S1,2,2호선,0144,도림천,1,출입구-승강장,2,1번 출입구,양천구청 방면,1번 출입구 → 양천구청 방면
01,수도권,S1,2,2호선,0404,양천구청,1,출입구-승강장,1,1번 출입구 옆 엘리베이터,도림천 방면,1번 출입구 옆 엘리베이터 → 도림천 방면
01,수도권,S1,2,2호선,0404,양천구청,1,출입구-승강장,2,1번 출입구 옆 엘리베이터,신정네거리 방면,1번 출입구 옆 엘리베이터 → 신정네거리 방면
01,수도권,S1,2,2호선,0373,신정네거리,1,출입구-승강장,1,2번 출입구 옆 엘리베이터,양천구청 방면,2번 출입구 옆 엘리베이터 → 양천구청 방면
01,수도권,S1,2,2호선,0373,신정네거리,1,출입구-승강장,2,2번 출입구 옆 엘리베이터,까치산 방면,2번 출입구 옆 엘리베이터 → 까치산 방면
01,수도권,S1,2,2호선,0100,까치산,1,출입구-승강장,1,2번 출입구 휠체어리프트, 신정네거리 방면,2번 출입구 휠체어리프트 →  신정네거리 방면
01,수도권,S1,2,2호선,0100,까치산,3,환승,1,2호선 신정네거리 방면,5호선 신정 방면,2호선 신정네거리 방면 → 5호선 신정 방면
01,수도권,S1,2,2호선,0100,까치산,3,환승,2,2호선 신정네거리 방면,5호선 화곡 방면,2호선 신정네거리 방면 → 5호선 화곡 방면
01,수도권,KR,3,3호선,0137,대화,1,출입구-승강장,1,1번 출입구 엘리베이터,주엽 방면,1번 출입구 엘리베이터 → 주엽 방면
01,수도권,KR,3,3호선,0137,대화,1,출입구-승강장,2,4번 출입구 엘리베이터,주엽 방면,4번 출입구 엘리베이터 → 주엽 방면
01,수도권,KR,3,3호선,0522,주엽,1,출입구-승강장,1,3번/4번 출입구 사이 엘리베이터,대화 방면,3번/4번 출입구 사이 엘리베이터 → 대화 방면
01,수도권,KR,3,3호선,0522,주엽,1,출입구-승강장,2,3번/4번 출입구 사이 엘리베이터,정발산 방면,3번/4번 출입구 사이 엘리베이터 → 정발산 방면
01,수도권,KR,3,3호선,0508,정발산,1,출입구-승강장,1,1번 출입구 옆 엘리베이터,주엽 방면,1번 출입구 옆 엘리베이터 → 주엽 방면
01,수도권,KR,3,3호선,0508,정발산,1,출입구-승강장,2,1번 출입구 옆 엘리베이터,마두 방면,1번 출입구 옆 엘리베이터 → 마두 방면
01,수도권,KR,3,3호선,0508,정발산,1,출입구-승강장,3,4번 출입구 옆 엘리베이터,주엽 방면,4번 출입구 옆 엘리베이터 → 주엽 방면
01,수도권,KR,3,3호선,0508,정발산,1,출입구-승강장,4,4번 출입구 옆 엘리베이터,마두 방면,4번 출입구 옆 엘리베이터 → 마두 방면
01,수도권,KR,3,3호선,0179,마두,1,출입구-승강장,1,6번/7번 출입구 사이 엘리베이터,정발산 방면,6번/7번 출입구 사이 엘리베이터 → 정발산 방면
01,수도권,KR,3,3호선,0179,마두,1,출입구-승강장,2,6번/7번 출입구 사이 엘리베이터,백석 방면,6번/7번 출입구 사이 엘리베이터 → 백석 방면
01,수도권,KR,3,3호선,0224,백석,1,출입구-승강장,1,4번 출입구 옆 엘리베이터,마두 방면,4번 출입구 옆 엘리베이터 → 마두 방면
01,수도권,KR,3,3호선,0224,백석,1,출입구-승강장,2,4번 출입구 옆 엘리베이터,대곡 방면,4번 출입구 옆 엘리베이터 → 대곡 방면
01,수도권,KR,3,3호선,0128,대곡,1,출입구-승강장,1,5번 출입구 옆 엘리베이터,백석 방면,5번 출입구 옆 엘리베이터 → 백석 방면
01,수도권,KR,3,3호선,0128,대곡,1,출입구-승강장,2,5번 출입구 옆 엘리베이터,화정 방면,5번 출입구 옆 엘리베이터 → 화정 방면
01,수도권,KR,3,3호선,0128,대곡,3,환승,1,3호선 백석방면 승강장,경의중앙선 곡산방면 승강장,3호선 백석방면 승강장 → 경의중앙선 곡산방면 승강장
01,수도권,KR,3,3호선,0128,대곡,3,환승,2,3호선 백석방면 승강장,경의중앙선 능곡방면 승강장,3호선 백석방면 승강장 → 경의중앙선 능곡방면 승강장
01,수도권,KR,3,3호선,0128,대곡,3,환승,3,3호선 화정방면 승강장,경의중앙선 곡산방면 승강장,3호선 화정방면 승강장 → 경의중앙선 곡산방면 승강장
01,수도권,KR,3,3호선,0128,대곡,3,환승,4,3호선 화정방면 승강장,경의중앙선 능곡방면 승강장,3호선 화정방면 승강장 → 경의중앙선 능곡방면 승강장
01,수도권,KR,3,3호선,0603,화정,1,출입구-승강장,1,1번 출입구 옆 엘리베이터,대곡 방면,1번 출입구 옆 엘리베이터 → 대곡 방면
01,수도권,KR,3,3호선,0603,화정,1,출입구-승강장,2,1번 출입구 옆 엘리베이터,원당 방면,1번 출입구 옆 엘리베이터 → 원당 방면
01,수도권,KR,3,3호선,0603,화정,1,출입구-승강장,3,3번 출입구 옆 엘리베이터,대곡 방면,3번 출입구 옆 엘리베이터 → 대곡 방면
01,수도권,KR,3,3호선,0603,화정,1,출입구-승강장,4,3번 출입구 옆 엘리베이터,원당 방면,3번 출입구 옆 엘리베이터 → 원당 방면
01,수도권,KR,3,3호선,0456,원당,1,출입구-승강장,1,3번 출입구 옆 엘리베이터,화정 방면,3번 출입구 옆 엘리베이터 → 화정 방면
01,수도권,KR,3,3호선,0456,원당,1,출입구-승강장,2,3번 출입구 옆 엘리베이터,원흥 방면,3번 출입구 옆 엘리베이터 → 원흥 방면
01,수도권,KR,3,3호선,0456,원당,1,출입구-승강장,3,5번/6번 출입구 사이 엘리베이터,화정 방면,5번/6번 출입구 사이 엘리베이터 → 화정 방면
01,수도권,KR,3,3호선,0456,원당,1,출입구-승강장,4,5번/6번 출입구 사이 엘리베이터,원흥 방면,5번/6번 출입구 사이 엘리베이터 → 원흥 방면
01,수도권,KR,3,3호선,0036,원흥,1,출입구-승강장,1,1번/2번 출입구 사이 엘리베이터,원당 방면,1번/2번 출입구 사이 엘리베이터 → 원당 방면
01,수도권,KR,3,3호선,0036,원흥,1,출입구-승강장,2,1번/2번 출입구 사이 엘리베이터,삼송 방면,1번/2번 출입구 사이 엘리베이터 → 삼송 방면
01,수도권,KR,3,3호선,0036,원흥,1,출입구-승강장,3,4번 출입구 옆 엘리베이터,원당 방면,4번 출입구 옆 엘리베이터 → 원당 방면
01,수도권,KR,3,3호선,0036,원흥,1,출입구-승강장,4,4번 출입구 옆 엘리베이터,삼송 방면,4번 출입구 옆 엘리베이터 → 삼송 방면
01,수도권,KR,3,3호선,0036,원흥,1,출입구-승강장,5,5번 출입구 옆 엘리베이터,원당 방면,5번 출입구 옆 엘리베이터 → 원당 방면
01,수도권,KR,3,3호선,0036,원흥,1,출입구-승강장,6,5번 출입구 옆 엘리베이터,삼송 방면,5번 출입구 옆 엘리베이터 → 삼송 방면
01,수도권,KR,3,3호선,0036,원흥,1,출입구-승강장,7,7번 출입구 옆 엘리베이터,원당 방면,7번 출입구 옆 엘리베이터 → 원당 방면
01,수도권,KR,3,3호선,0036,원흥,1,출입구-승강장,8,7번 출입구 옆 엘리베이터,삼송 방면,7번 출입구 옆 엘리베이터 → 삼송 방면
01,수도권,KR,3,3호선,0268,삼송,1,출입구-승강장,1,5번 출입구 엘리베이터,원흉 방면,5번 출입구 엘리베이터 → 원흉 방면
01,수도권,KR,3,3호선,0268,삼송,1,출입구-승강장,2,6번 출입구 엘리베이터,원흉 방면,6번 출입구 엘리베이터 → 원흉 방면
01,수도권,KR,3,3호선,0268,삼송,1,출입구-승강장,3,7/8번 출입구 엘리베이터,원흉 방면,7/8번 출입구 엘리베이터 → 원흉 방면
01,수도권,KR,3,3호선,0268,삼송,1,출입구-승강장,4,5번 출입구 엘리베이터,지축 방면,5번 출입구 엘리베이터 → 지축 방면
01,수도권,KR,3,3호선,0268,삼송,1,출입구-승강장,5,6번 출입구 엘리베이터,지축 방면,6번 출입구 엘리베이터 → 지축 방면
01,수도권,KR,3,3호선,0268,삼송,1,출입구-승강장,6,7/8번 출입구 엘리베이터,지축 방면,7/8번 출입구 엘리베이터 → 지축 방면
01,수도권,S1,3,3호선,0536,지축,1,출입구-승강장,1,1번 출입구,삼송 방면,1번 출입구 → 삼송 방면
01,수도권,S1,3,3호선,0536,지축,1,출입구-승강장,2,1번 출입구,구파발 방면,1번 출입구 → 구파발 방면
01,수도권,S1,3,3호선,0078,구파발,1,출입구-승강장,1,1번 출입구 옆 엘리베이터,지축 방면,1번 출입구 옆 엘리베이터 → 지축 방면
01,수도권,S1,3,3호선,0078,구파발,1,출입구-승강장,2,1번 출입구 옆 엘리베이터,연신내 방면,1번 출입구 옆 엘리베이터 → 연신내 방면
01,수도권,S1,3,3호선,0418,연신내,1,출입구-승강장,1,6번출구 엘리베이터,구파발 방면,6번출구 엘리베이터 → 구파발 방면
01,수도권,S1,3,3호선,0418,연신내,1,출입구-승강장,2,6번출구 엘리베이터,불광 방면,6번출구 엘리베이터 → 불광 방면
01,수도권,S1,3,3호선,0418,연신내,3,환승,1,3호선 구파발 방면,6호선 구산 방면,3호선 구파발 방면 → 6호선 구산 방면
01,수도권,S1,3,3호선,0418,연신내,3,환승,2,3호선 불광 방면,6호선 구산 방면,3호선 불광 방면 → 6호선 구산 방면
01,수도권,S1,3,3호선,0255,불광,1,출입구-승강장,1,1번 출입구 옆 엘리베이터,연신내 방면,1번 출입구 옆 엘리베이터 → 연신내 방면
01,수도권,S1,3,3호선,0255,불광,1,출입구-승강장,2,1번 출입구 옆 엘리베이터,녹번 방면,1번 출입구 옆 엘리베이터 → 녹번 방면
01,수도권,S1,3,3호선,0255,불광,1,출입구-승강장,3,8번 출입구 옆 엘리베이터,연신내 방면,8번 출입구 옆 엘리베이터 → 연신내 방면
01,수도권,S1,3,3호선,0255,불광,1,출입구-승강장,4,8번 출입구 옆 엘리베이터,녹번 방면,8번 출입구 옆 엘리베이터 → 녹번 방면
01,수도권,S1,3,3호선,0255,불광,3,환승,1,3호선 연신내 방면,6호선 독바위 방면,3호선 연신내 방면 → 6호선 독바위 방면
01,수도권,S1,3,3호선,0255,불광,3,환승,2,3호선 녹번 방면,6호선 독바위 방면,3호선 녹번 방면 → 6호선 독바위 방면
01,수도권,S1,3,3호선,0116,녹번,1,출입구-승강장,1,1번 출입구 옆 엘리베이터,불광 방면,1번 출입구 옆 엘리베이터 → 불광 방면
01,수도권,S1,3,3호선,0116,녹번,1,출입구-승강장,2,1번 출입구 옆 엘리베이터,홍제 방면,1번 출입구 옆 엘리베이터 → 홍제 방면
01,수도권,S1,3,3호선,0116,녹번,1,출입구-승강장,3,3번 출입구 옆 엘리베이터,불광 방면,3번 출입구 옆 엘리베이터 → 불광 방면
01,수도권,S1,3,3호선,0116,녹번,1,출입구-승강장,4,3번 출입구 옆 엘리베이터,홍제 방면,3번 출입구 옆 엘리베이터 → 홍제 방면
01,수도권,S1,3,3호선,0597,홍제,1,출입구-승강장,1,4번 출입구 옆 엘리베이터,녹번 방면,4번 출입구 옆 엘리베이터 → 녹번 방면
01,수도권,S1,3,3호선,0597,홍제,1,출입구-승강장,2,4번 출입구 옆 엘리베이터,무악재 방면,4번 출입구 옆 엘리베이터 → 무악재 방면
01,수도권,S1,3,3호선,0205,무악재,1,출입구-승강장,1,1번 출입구 옆 엘리베이터,홍제 방면,1번 출입구 옆 엘리베이터 → 홍제 방면
01,수도권,S1,3,3호선,0205,무악재,1,출입구-승강장,2,1번 출입구 옆 엘리베이터,독립문 방면,1번 출입구 옆 엘리베이터 → 독립문 방면
01,수도권,S1,3,3호선,0150,독립문,1,출입구-승강장,1,4번 출입구 옆 엘리베이터,무악재 방면,4번 출입구 옆 엘리베이터 → 무악재 방면
01,수도권,S1,3,3호선,0150,독립문,1,출입구-승강장,2,4번 출입구 옆 엘리베이터,경복궁 방면,4번 출입구 옆 엘리베이터 → 경복궁 방면
01,수도권,S1,3,3호선,0040,경복궁,1,출입구-승강장,1,4번 출입구 옆 엘리베이터,독립문 방면,4번 출입구 옆 엘리베이터 → 독립문 방면
01,수도권,S1,3,3호선,0040,경복궁,1,출입구-승강장,2,4번 출입구 옆 엘리베이터,안국 방면,4번 출입구 옆 엘리베이터 → 안국 방면
01,수도권,S1,3,3호선,0387,안국,1,출입구-승강장,1,"5,6번 출입구 사이 엘리베이터",경복궁 방면,"5,6번 출입구 사이 엘리베이터 → 경복궁 방면"
01,수도권,S1,3,3호선,0387,안국,1,출입구-승강장,2,"5,6번 출입구 사이 엘리베이터",종로3가 방면,"5,6번 출입구 사이 엘리베이터 → 종로3가 방면"
01,수도권,S1,3,3호선,0515,종로3가,1,출입구-승강장,1,8번 출입구 옆 엘리베이터,안국 방면,8번 출입구 옆 엘리베이터 → 안국 방면
01,수도권,S1,3,3호선,0515,종로3가,1,출입구-승강장,2,8번 출입구 옆 엘리베이터,을지로 3가 방면,8번 출입구 옆 엘리베이터 → 을지로 3가 방면
01,수도권,S1,3,3호선,0515,종로3가,1,출입구-승강장,3,2-1 출입구옆 엘리베이터 ,안국 방면,2-1 출입구옆 엘리베이터  → 안국 방면
01,수도권,S1,3,3호선,0515,종로3가,1,출입구-승강장,4,2-1 출입구옆 엘리베이터 ,을지로 3가 방면,2-1 출입구옆 엘리베이터  → 을지로 3가 방면
01,수도권,S1,3,3호선,0515,종로3가,3,환승,1,3호선 안국 방면,1호선 종로5가 방면,3호선 안국 방면 → 1호선 종로5가 방면
01,수도권,S1,3,3호선,0515,종로3가,3,환승,2,3호선 안국 방면,1호선 종각 방면 승강장,3호선 안국 방면 → 1호선 종각 방면 승강장
01,수도권,S1,3,3호선,0515,종로3가,3,환승,3,3호선 을지로 3가 방면,1호선 종로5가 방면,3호선 을지로 3가 방면 → 1호선 종로5가 방면
01,수도권,S1,3,3호선,0515,종로3가,3,환승,4,3호선 을지로 3가 방면,1호선 종각 방면,3호선 을지로 3가 방면 → 1호선 종각 방면
01,수도권,S1,3,3호선,0515,종로3가,3,환승,5,3호선 안국 방면,5호선 광화문 방면,3호선 안국 방면 → 5호선 광화문 방면
01,수도권,S1,3,3호선,0515,종로3가,3,환승,6,3호선 안국 방면,5호선 을지로4가 방면,3호선 안국 방면 → 5호선 을지로4가 방면
01,수도권,S1,3,3호선,0515,종로3가,3,환승,7,3호선 을지로 3가 방면,5호선 광화문 방면,3호선 을지로 3가 방면 → 5호선 광화문 방면
01,수도권,S1,3,3호선,0515,종로3가,3,환승,8,3호선 을지로 3가 방면,5호선 을지로4가 방면,3호선 을지로 3가 방면 → 5호선 을지로4가 방면
01,수도권,S1,3,3호선,0464,을지로3가,1,출입구-승강장,1,10번 출입구 옆 엘리베이터,종로3가 방면,10번 출입구 옆 엘리베이터 → 종로3가 방면
01,수도권,S1,3,3호선,0464,을지로3가,1,출입구-승강장,2,10번 출입구 옆 엘리베이터,충무로 방면,10번 출입구 옆 엘리베이터 → 충무로 방면
01,수도권,S1,3,3호선,0464,을지로3가,1,출입구-승강장,3,12번 출입구 옆 엘리베이터,종로3가 방면,12번 출입구 옆 엘리베이터 → 종로3가 방면
01,수도권,S1,3,3호선,0464,을지로3가,1,출입구-승강장,4,12번 출입구 옆 엘리베이터,충무로 방면,12번 출입구 옆 엘리베이터 → 충무로 방면
01,수도권,S1,3,3호선,0464,을지로3가,3,환승,1,3호선 종로3가 방면,2호선 을지로입구 방면,3호선 종로3가 방면 → 2호선 을지로입구 방면
01,수도권,S1,3,3호선,0464,을지로3가,3,환승,2,3호선 종로3가 방면,2호선 을지로4가 방면,3호선 종로3가 방면 → 2호선 을지로4가 방면
01,수도권,S1,3,3호선,0464,을지로3가,3,환승,3,3호선 충무로 방면,2호선 을지로입구 방면,3호선 충무로 방면 → 2호선 을지로입구 방면
01,수도권,S1,3,3호선,0464,을지로3가,3,환승,4,3호선 충무로 방면,2호선 을지로4가 방면,3호선 충무로 방면 → 2호선 을지로4가 방면
01,수도권,S1,3,3호선,0563,충무로,1,출입구-승강장,1,7번 출입구 옆 엘리베이터,을지로3가 방면,7번 출입구 옆 엘리베이터 → 을지로3가 방면
01,수도권,S1,3,3호선,0563,충무로,1,출입구-승강장,2,7번 출입구 옆 엘리베이터,동대입구 방면,7번 출입구 옆 엘리베이터 → 동대입구 방면
01,수도권,S1,3,3호선,0563,충무로,3,환승,1,3호선 을지로3가 방면,4호선 동대문역사문화공원 방면,3호선 을지로3가 방면 → 4호선 동대문역사문화공원 방면
01,수도권,S1,3,3호선,0563,충무로,3,환승,2,3호선 을지로3가 방면,4호선 명동 방면,3호선 을지로3가 방면 → 4호선 명동 방면
01,수도권,S1,3,3호선,0563,충무로,3,환승,3,3호선 동대입구 방면,4호선 동대문역사문화공원 방면,3호선 동대입구 방면 → 4호선 동대문역사문화공원 방면
01,수도권,S1,3,3호선,0563,충무로,3,환승,4,3호선 동대입구 방면,4호선 명동 방면,3호선 동대입구 방면 → 4호선 명동 방면
01,수도권,S1,3,3호선,0157,동대입구,1,출입구-승강장,1,6번 출입구 옆 엘리베이터,충무로 방면,6번 출입구 옆 엘리베이터 → 충무로 방면
01,수도권,S1,3,3호선,0157,동대입구,1,출입구-승강장,2,6번 출입구 옆 엘리베이터,약수 방면,6번 출입구 옆 엘리베이터 → 약수 방면
01,수도권,S1,3,3호선,0397,약수,1,출입구-승강장,1,3번 출입구 옆 엘리베이터,동대입구 방면,3번 출입구 옆 엘리베이터 → 동대입구 방면
01,수도권,S1,3,3호선,0397,약수,1,출입구-승강장,2,3번 출입구 옆 엘리베이터,금호 방면,3번 출입구 옆 엘리베이터 → 금호 방면
01,수도권,S1,3,3호선,0397,약수,3,환승,1,3호선 동대입구 방면,6호선 버티고개 방면,3호선 동대입구 방면 → 6호선 버티고개 방면
01,수도권,S1,3,3호선,0397,약수,3,환승,2,3호선 동대입구 방면,6호선 청구 방면,3호선 동대입구 방면 → 6호선 청구 방면
01,수도권,S1,3,3호선,0397,약수,3,환승,3,3호선 금호 방면,6호선 버티고개 방면,3호선 금호 방면 → 6호선 버티고개 방면
01,수도권,S1,3,3호선,0397,약수,3,환승,4,3호선 금호 방면,6호선 청구 방면,3호선 금호 방면 → 6호선 청구 방면
01,수도권,S1,3,3호선,0093,금호,1,출입구-승강장,1,2번 출입구 옆 엘리베이터,약수 방면,2번 출입구 옆 엘리베이터 → 약수 방면
01,수도권,S1,3,3호선,0093,금호,1,출입구-승강장,2,2번 출입구 옆 엘리베이터,옥수 방면,2번 출입구 옆 엘리베이터 → 옥수 방면
01,수도권,S1,3,3호선,0093,금호,1,출입구-승강장,3,3번 출입구 옆 엘리베이터,약수 방면,3번 출입구 옆 엘리베이터 → 약수 방면
01,수도권,S1,3,3호선,0093,금호,1,출입구-승강장,4,3번 출입구 옆 엘리베이터,옥수 방면,3번 출입구 옆 엘리베이터 → 옥수 방면
01,수도권,S1,3,3호선,0434,옥수,1,출입구-승강장,1,4번 출입구 옆 엘리베이터,금호 방면,4번 출입구 옆 엘리베이터 → 금호 방면
01,수도권,S1,3,3호선,0434,옥수,1,출입구-승강장,2,4번 출입구 옆 엘리베이터,압구정 방면,4번 출입구 옆 엘리베이터 → 압구정 방면
01,수도권,S1,3,3호선,0434,옥수,3,환승,1,3호선 금호 방면,경의중앙선 한남 방면,3호선 금호 방면 → 경의중앙선 한남 방면
01,수도권,S1,3,3호선,0434,옥수,3,환승,2,3호선 금호 방면,경의중앙선 응봉 방면,3호선 금호 방면 → 경의중앙선 응봉 방면
01,수도권,S1,3,3호선,0434,옥수,3,환승,3,3호선 압구정 방면,경의중앙선 한남 방면,3호선 압구정 방면 → 경의중앙선 한남 방면
01,수도권,S1,3,3호선,0434,옥수,3,환승,4,3호선 압구정 방면,경의중앙선 응봉 방면,3호선 압구정 방면 → 경의중앙선 응봉 방면
01,수도권,S1,3,3호선,0392,압구정,1,출입구-승강장,1,2번 출입구 옆 엘리베이터,옥수 방면,2번 출입구 옆 엘리베이터 → 옥수 방면
01,수도권,S1,3,3호선,0392,압구정,1,출입구-승강장,2,2번 출입구 옆 엘리베이터,신사 방면,2번 출입구 옆 엘리베이터 → 신사 방면
01,수도권,S1,3,3호선,0392,압구정,1,출입구-승강장,3,3번 출입구 옆 엘리베이터,옥수 방면,3번 출입구 옆 엘리베이터 → 옥수 방면
01,수도권,S1,3,3호선,0392,압구정,1,출입구-승강장,4,3번 출입구 옆 엘리베이터,신사 방면,3번 출입구 옆 엘리베이터 → 신사 방면
01,수도권,S1,3,3호선,0365,신사,1,출입구-승강장,1,1번 출입구 옆 엘리베이터,압구정 방면,1번 출입구 옆 엘리베이터 → 압구정 방면
01,수도권,S1,3,3호선,0365,신사,1,출입구-승강장,2,1번 출입구 옆 엘리베이터,잠원 방면,1번 출입구 옆 엘리베이터 → 잠원 방면
01,수도권,S1,3,3호선,0365,신사,1,출입구-승강장,3,6번 출입구 옆 엘리베이터,압구정 방면,6번 출입구 옆 엘리베이터 → 압구정 방면
01,수도권,S1,3,3호선,0365,신사,1,출입구-승강장,4,6번 출입구 옆 엘리베이터,잠원 방면,6번 출입구 옆 엘리베이터 → 잠원 방면
01,수도권,S1,3,3호선,0365,신사,1,출입구-승강장,5,8번 출입구 옆 엘리베이터,압구정 방면,8번 출입구 옆 엘리베이터 → 압구정 방면
01,수도권,S1,3,3호선,0365,신사,1,출입구-승강장,6,8번 출입구 옆 엘리베이터,잠원 방면,8번 출입구 옆 엘리베이터 → 잠원 방면
01,수도권,S1,3,3호선,0365,신사,3,환승,1,3호선 압구정 방면,신분당선 논현역 방면,3호선 압구정 방면 → 신분당선 논현역 방면
01,수도권,S1,3,3호선,0365,신사,3,환승,2,3호선 잠원 방면,신분당선 논현역 방면,3호선 잠원 방면 → 신분당선 논현역 방면
01,수도권,S1,3,3호선,0500,잠원,1,출입구-승강장,1,1번 출입구 옆 엘리베이터,신사 방면,1번 출입구 옆 엘리베이터 → 신사 방면
01,수도권,S1,3,3호선,0500,잠원,1,출입구-승강장,2,1번 출입구 옆 엘리베이터,고속터미널 방면,1번 출입구 옆 엘리베이터 → 고속터미널 방면
01,수도권,S1,3,3호선,0048,고속터미널,1,출입구-승강장,1,1번 출입구 옆 엘리베이터,잠원 방면,1번 출입구 옆 엘리베이터 → 잠원 방면
01,수도권,S1,3,3호선,0048,고속터미널,1,출입구-승강장,2,1번 출입구 옆 엘리베이터,교대 방면,1번 출입구 옆 엘리베이터 → 교대 방면
01,수도권,S1,3,3호선,0048,고속터미널,3,환승,1,3호선 잠원 방면,7호선 반포 방면,3호선 잠원 방면 → 7호선 반포 방면
01,수도권,S1,3,3호선,0048,고속터미널,3,환승,2,3호선 잠원 방면,7호선 내방 방면,3호선 잠원 방면 → 7호선 내방 방면
01,수도권,S1,3,3호선,0048,고속터미널,3,환승,3,3호선 교대 방면,7호선 반포 방면,3호선 교대 방면 → 7호선 반포 방면
01,수도권,S1,3,3호선,0048,고속터미널,3,환승,4,3호선 교대 방면,7호선 내방 방면,3호선 교대 방면 → 7호선 내방 방면
01,수도권,S1,3,3호선,0048,고속터미널,3,환승,5,3호선 잠원 방면,9호선 사평 방면,3호선 잠원 방면 → 9호선 사평 방면
01,수도권,S1,3,3호선,0048,고속터미널,3,환승,6,3호선 잠원 방면,9호선 신반포 방면,3호선 잠원 방면 → 9호선 신반포 방면
01,수도권,S1,3,3호선,0048,고속터미널,3,환승,7,3호선 교대 방면,9호선 사평 방면,3호선 교대 방면 → 9호선 사평 방면
01,수도권,S1,3,3호선,0048,고속터미널,3,환승,8,3호선 교대 방면,9호선 신반포 방면,3호선 교대 방면 → 9호선 신반포 방면
01,수도권,S1,3,3호선,0068,교대,1,출입구-승강장,1,12번 출입구 옆 엘리베이터,고속터미널 방면,12번 출입구 옆 엘리베이터 → 고속터미널 방면
01,수도권,S1,3,3호선,0068,교대,1,출입구-승강장,2,12번 출입구 옆 엘리베이터,남부터미널 방면,12번 출입구 옆 엘리베이터 → 남부터미널 방면
01,수도권,S1,3,3호선,0068,교대,1,출입구-승강장,3,13번 출입구 옆 엘리베이터,고속터미널 방면,13번 출입구 옆 엘리베이터 → 고속터미널 방면
01,수도권,S1,3,3호선,0068,교대,1,출입구-승강장,4,13번 출입구 옆 엘리베이터,남부터미널 방면,13번 출입구 옆 엘리베이터 → 남부터미널 방면
01,수도권,S1,3,3호선,0068,교대,3,환승,1,3호선 고속터미널 방면,2호선 강남 방면,3호선 고속터미널 방면 → 2호선 강남 방면
01,수도권,S1,3,3호선,0068,교대,3,환승,2,3호선 고속터미널 방면,2호선 서초 방면,3호선 고속터미널 방면 → 2호선 서초 방면
01,수도권,S1,3,3호선,0068,교대,3,환승,3,3호선 남부터미널 방면,2호선 강남 방면,3호선 남부터미널 방면 → 2호선 강남 방면
01,수도권,S1,3,3호선,0068,교대,3,환승,4,3호선 남부터미널 방면,2호선 서초 방면,3호선 남부터미널 방면 → 2호선 서초 방면
01,수도권,S1,3,3호선,0106,남부터미널,1,출입구-승강장,1,5번 출입구 옆 엘리베이터,교대 방면,5번 출입구 옆 엘리베이터 → 교대 방면
01,수도권,S1,3,3호선,0106,남부터미널,1,출입구-승강장,2,5번 출입구 옆 엘리베이터,양재 방면,5번 출입구 옆 엘리베이터 → 양재 방면
01,수도권,S1,3,3호선,0400,양재,1,출입구-승강장,1,4번 출입구 옆 엘리베이터,남부터미널 방면,4번 출입구 옆 엘리베이터 → 남부터미널 방면
01,수도권,S1,3,3호선,0400,양재,1,출입구-승강장,2,4번 출입구 옆 엘리베이터,매봉 방면,4번 출입구 옆 엘리베이터 → 매봉 방면
01,수도권,S1,3,3호선,0400,양재,1,출입구-승강장,3,7번 출입구 옆 엘리베이터,남부터미널 방면,7번 출입구 옆 엘리베이터 → 남부터미널 방면
01,수도권,S1,3,3호선,0400,양재,1,출입구-승강장,4,7번 출입구 옆 엘리베이터,매봉 방면,7번 출입구 옆 엘리베이터 → 매봉 방면
01,수도권,S1,3,3호선,0400,양재,1,출입구-승강장,5,10번 출입구 옆 엘리베이터,남부터미널 방면,10번 출입구 옆 엘리베이터 → 남부터미널 방면
01,수도권,S1,3,3호선,0400,양재,1,출입구-승강장,6,10번 출입구 옆 엘리베이터,매봉 방면,10번 출입구 옆 엘리베이터 → 매봉 방면
01,수도권,S1,3,3호선,0400,양재,1,출입구-승강장,7,11번 출입구 옆 엘리베이터,남부터미널 방면,11번 출입구 옆 엘리베이터 → 남부터미널 방면
01,수도권,S1,3,3호선,0400,양재,1,출입구-승강장,8,11번 출입구 옆 엘리베이터,매봉 방면,11번 출입구 옆 엘리베이터 → 매봉 방면
01,수도권,S1,3,3호선,0400,양재,1,출입구-승강장,9,1번 출입구 옆 엘리베이터,남부터미널 방면,1번 출입구 옆 엘리베이터 → 남부터미널 방면
01,수도권,S1,3,3호선,0400,양재,1,출입구-승강장,10,1번 출입구 옆 엘리베이터,매봉 방면,1번 출입구 옆 엘리베이터 → 매봉 방면
01,수도권,S1,3,3호선,0400,양재,3,환승,1,3호선 남부터미널 방면,신분당선 강남 방면,3호선 남부터미널 방면 → 신분당선 강남 방면
01,수도권,S1,3,3호선,0400,양재,3,환승,2,3호선 남부터미널 방면,신분당선 양재시민의숲 방면,3호선 남부터미널 방면 → 신분당선 양재시민의숲 방면
01,수도권,S1,3,3호선,0400,양재,3,환승,3,3호선 매봉 방면,신분당선 강남 방면,3호선 매봉 방면 → 신분당선 강남 방면
01,수도권,S1,3,3호선,0400,양재,3,환승,4,3호선 매봉 방면,신분당선 양재시민의숲 방면,3호선 매봉 방면 → 신분당선 양재시민의숲 방면
01,수도권,S1,3,3호선,0193,매봉,1,출입구-승강장,1,1번 출입구 옆 엘리베이터,양재 방면,1번 출입구 옆 엘리베이터 → 양재 방면
01,수도권,S1,3,3호선,0193,매봉,1,출입구-승강장,2,1번 출입구 옆 엘리베이터,도곡 방면,1번 출입구 옆 엘리베이터 → 도곡 방면
01,수도권,S1,3,3호선,0142,도곡,1,출입구-승강장,1,3번 출입구 옆 엘리베이터,매봉 방면,3번 출입구 옆 엘리베이터 → 매봉 방면
01,수도권,S1,3,3호선,0142,도곡,1,출입구-승강장,2,3번 출입구 옆 엘리베이터,대치 방면,3번 출입구 옆 엘리베이터 → 대치 방면
01,수도권,S1,3,3호선,0142,도곡,3,환승,1,3호선 매봉 방면,수인분당선 한티 방면,3호선 매봉 방면 → 수인분당선 한티 방면
01,수도권,S1,3,3호선,0142,도곡,3,환승,2,3호선 매봉 방면,수인분당선 구룡 방면,3호선 매봉 방면 → 수인분당선 구룡 방면
01,수도권,S1,3,3호선,0142,도곡,3,환승,3,3호선 대치 방면,수인분당선 한티 방면,3호선 대치 방면 → 수인분당선 한티 방면
01,수도권,S1,3,3호선,0142,도곡,3,환승,4,3호선 대치 방면,수인분당선 구룡 방면,3호선 대치 방면 → 수인분당선 구룡 방면
01,수도권,S1,3,3호선,0136,대치,1,출입구-승강장,1,7번 출입구 옆 엘리베이터,도곡 방면,7번 출입구 옆 엘리베이터 → 도곡 방면
01,수도권,S1,3,3호선,0136,대치,1,출입구-승강장,2,7번 출입구 옆 엘리베이터,학여울 방면,7번 출입구 옆 엘리베이터 → 학여울 방면
01,수도권,S1,3,3호선,0583,학여울,1,출입구-승강장,1,1번 출입구 옆 엘리베이터,대치 방면,1번 출입구 옆 엘리베이터 → 대치 방면
01,수도권,S1,3,3호선,0583,학여울,1,출입구-승강장,2,1번 출입구 옆 엘리베이터,대청 방면,1번 출입구 옆 엘리베이터 → 대청 방면
01,수도권,S1,3,3호선,0135,대청,1,출입구-승강장,1,8번 출입구 옆 엘리베이터,학여울 방면,8번 출입구 옆 엘리베이터 → 학여울 방면
01,수도권,S1,3,3호선,0135,대청,1,출입구-승강장,2,8번 출입구 옆 엘리베이터,일원 방면,8번 출입구 옆 엘리베이터 → 일원 방면
01,수도권,S1,3,3호선,0494,일원,1,출입구-승강장,1,1번 출입구 옆 엘리베이터,대청 방면,1번 출입구 옆 엘리베이터 → 대청 방면
01,수도권,S1,3,3호선,0494,일원,1,출입구-승강장,2,1번 출입구 옆 엘리베이터,수서 방면,1번 출입구 옆 엘리베이터 → 수서 방면
01,수도권,S1,3,3호선,0337,수서,1,출입구-승강장,1,1번 출입구 옆 엘리베이터,일원 방면,1번 출입구 옆 엘리베이터 → 일원 방면
01,수도권,S1,3,3호선,0337,수서,1,출입구-승강장,2,1번 출입구 옆 엘리베이터,가락시장 방면,1번 출입구 옆 엘리베이터 → 가락시장 방면
01,수도권,S1,3,3호선,0337,수서,1,출입구-승강장,3,5번 출입구 옆 엘리베이터,일원 방면,5번 출입구 옆 엘리베이터 → 일원 방면
01,수도권,S1,3,3호선,0337,수서,1,출입구-승강장,4,5번 출입구 옆 엘리베이터,가락시장 방면,5번 출입구 옆 엘리베이터 → 가락시장 방면
01,수도권,S1,3,3호선,0337,수서,3,환승,1,3호선 일원 방면,수인분당선 대모산입구 방면,3호선 일원 방면 → 수인분당선 대모산입구 방면
01,수도권,S1,3,3호선,0337,수서,3,환승,2,3호선 일원 방면,수인분당선 복정 방면,3호선 일원 방면 → 수인분당선 복정 방면
01,수도권,S1,3,3호선,0337,수서,3,환승,3,3호선 가락시장 방면,수인분당선 대모산입구 방면,3호선 가락시장 방면 → 수인분당선 대모산입구 방면
01,수도권,S1,3,3호선,0337,수서,3,환승,4,3호선 가락시장 방면,수인분당선 복정 방면,3호선 가락시장 방면 → 수인분당선 복정 방면
01,수도권,S1,3,3호선,0003,가락시장,1,출입구-승강장,1,1번 출입구 옆 엘리베이터,수서 방면,1번 출입구 옆 엘리베이터 → 수서 방면
01,수도권,S1,3,3호선,0003,가락시장,1,출입구-승강장,2,1번 출입구 옆 엘리베이터,경찰병원 방면,1번 출입구 옆 엘리베이터 → 경찰병원 방면
01,수도권,S1,3,3호선,0003,가락시장,1,출입구-승강장,3,4번 출입구 옆 엘리베이터,수서 방면,4번 출입구 옆 엘리베이터 → 수서 방면
01,수도권,S1,3,3호선,0003,가락시장,1,출입구-승강장,4,4번 출입구 옆 엘리베이터,경찰병원 방면,4번 출입구 옆 엘리베이터 → 경찰병원 방면
01,수도권,S1,3,3호선,0003,가락시장,1,출입구-승강장,5,7번 출입구 옆 엘리베이터,수서 방면,7번 출입구 옆 엘리베이터 → 수서 방면
01,수도권,S1,3,3호선,0003,가락시장,1,출입구-승강장,6,7번 출입구 옆 엘리베이터,경찰병원 방면,7번 출입구 옆 엘리베이터 → 경찰병원 방면
01,수도권,S1,3,3호선,0003,가락시장,3,환승,1,3호선 수서 방면,8호선 송파 방면,3호선 수서 방면 → 8호선 송파 방면
01,수도권,S1,3,3호선,0003,가락시장,3,환승,2,3호선 수서 방면,8호선 문정 방면,3호선 수서 방면 → 8호선 문정 방면
01,수도권,S1,3,3호선,0003,가락시장,3,환승,3,3호선 경찰병원 방면,8호선 송파 방면,3호선 경찰병원 방면 → 8호선 송파 방면
01,수도권,S1,3,3호선,0003,가락시장,3,환승,4,3호선 경찰병원 방면,8호선 문정 방면,3호선 경찰병원 방면 → 8호선 문정 방면
01,수도권,S1,3,3호선,0043,경찰병원,1,출입구-승강장,1,1번 출입구 옆 엘리베이터,가락시장 방면,1번 출입구 옆 엘리베이터 → 가락시장 방면
01,수도권,S1,3,3호선,0043,경찰병원,1,출입구-승강장,2,1번 출입구 옆 엘리베이터,오금 방면,1번 출입구 옆 엘리베이터 → 오금 방면
01,수도권,S1,3,3호선,0043,경찰병원,1,출입구-승강장,3,3번 출입구 옆 엘리베이터,가락시장 방면,3번 출입구 옆 엘리베이터 → 가락시장 방면
01,수도권,S1,3,3호선,0043,경찰병원,1,출입구-승강장,4,3번 출입구 옆 엘리베이터,오금 방면,3번 출입구 옆 엘리베이터 → 오금 방면
01,수도권,S1,3,3호선,0426,오금,1,출입구-승강장,1,5번 출입구 옆 엘리베이터,경찰병원 방면,5번 출입구 옆 엘리베이터 → 경찰병원 방면
01,수도권,S1,3,3호선,0426,오금,1,출입구-승강장,2,7번 출입구 옆 엘리베이터,경찰병원 방면,7번 출입구 옆 엘리베이터 → 경찰병원 방면
01,수도권,S1,3,3호선,0426,오금,3,환승,1,3호선 오금역(종착역) 승강장,5호선 방이 방면,3호선 오금역(종착역) 승강장 → 5호선 방이 방면
01,수도권,S1,3,3호선,0426,오금,3,환승,2,3호선 오금역(종착역) 승강장,5호선 개롱 방면,3호선 오금역(종착역) 승강장 → 5호선 개롱 방면
01,수도권,S1,3,3호선,0426,오금,3,환승,3,3호선 경찰병원 승강장,5호선 방이 방면,3호선 경찰병원 승강장 → 5호선 방이 방면
01,수도권,S1,3,3호선,0426,오금,3,환승,4,3호선 경찰병원 승강장,5호선 개롱 방면,3호선 경찰병원 승강장 → 5호선 개롱 방면
01,수도권,NU,4,4호선,1355,진접,1,출입구-승강장,1,2번 출입구 옆 엘리베이터,오남 방면,2번 출입구 옆 엘리베이터 → 오남 방면
01,수도권,NU,4,4호선,1355,진접,1,출입구-승강장,2,4번 출입구 옆 엘리베이터,오남 방면,4번 출입구 옆 엘리베이터 → 오남 방면
01,수도권,NU,4,4호선,1354,오남,1,출입구-승강장,1,2번 출입구 옆 엘리베이터,진접 방면,2번 출입구 옆 엘리베이터 → 진접 방면
01,수도권,NU,4,4호선,1354,오남,1,출입구-승강장,2,2번 출입구 옆 엘리베이터,별내별가람 방면,2번 출입구 옆 엘리베이터 → 별내별가람 방면
01,수도권,NU,4,4호선,1354,오남,1,출입구-승강장,3,3번 출입구 옆 엘리베이터,진접 방면,3번 출입구 옆 엘리베이터 → 진접 방면
01,수도권,NU,4,4호선,1354,오남,1,출입구-승강장,4,3번 출입구 옆 엘리베이터,별내별가람 방면,3번 출입구 옆 엘리베이터 → 별내별가람 방면
01,수도권,NU,4,4호선,1353,별내별가람,1,출입구-승강장,1,1번 출입구 옆 엘리베이터,오남 방면,1번 출입구 옆 엘리베이터 → 오남 방면
01,수도권,NU,4,4호선,1353,별내별가람,1,출입구-승강장,2,1번 출입구 옆 엘리베이터,당고개 방면,1번 출입구 옆 엘리베이터 → 당고개 방면
01,수도권,NU,4,4호선,1353,별내별가람,1,출입구-승강장,3,2번 출입구 옆 엘리베이터,오남 방면,2번 출입구 옆 엘리베이터 → 오남 방면
01,수도권,NU,4,4호선,1353,별내별가람,1,출입구-승강장,4,2번 출입구 옆 엘리베이터,당고개 방면,2번 출입구 옆 엘리베이터 → 당고개 방면
01,수도권,NU,4,4호선,1353,별내별가람,1,출입구-승강장,5,3번 출입구 옆 엘리베이터,오남 방면,3번 출입구 옆 엘리베이터 → 오남 방면
01,수도권,NU,4,4호선,1353,별내별가람,1,출입구-승강장,6,3번 출입구 옆 엘리베이터,당고개 방면,3번 출입구 옆 엘리베이터 → 당고개 방면
01,수도권,S1,4,4호선,0125,불암산,1,출입구-승강장,1,1번 출입구 옆 엘리베이터,별내별가람 방면,1번 출입구 옆 엘리베이터 → 별내별가람 방면
01,수도권,S1,4,4호선,0125,불암산,1,출입구-승강장,2,1번 출입구 옆 엘리베이터,상계 방면,1번 출입구 옆 엘리베이터 → 상계 방면
01,수도권,S1,4,4호선,0125,불암산,1,출입구-승강장,3,4번 출입구 옆 엘리베이터,별내별가람 방면,4번 출입구 옆 엘리베이터 → 별내별가람 방면
01,수도권,S1,4,4호선,0125,불암산,1,출입구-승강장,4,4번 출입구 옆 엘리베이터,상계 방면,4번 출입구 옆 엘리베이터 → 상계 방면
01,수도권,S1,4,4호선,0272,상계,1,출입구-승강장,1,1번 출입구 옆 엘리베이터,당고개 방면,1번 출입구 옆 엘리베이터 → 당고개 방면
01,수도권,S1,4,4호선,0272,상계,1,출입구-승강장,2,1번 출입구 옆 엘리베이터,노원 방면,1번 출입구 옆 엘리베이터 → 노원 방면
01,수도권,S1,4,4호선,0272,상계,1,출입구-승강장,3,5번 출입구 옆 엘리베이터,당고개 방면,5번 출입구 옆 엘리베이터 → 당고개 방면
01,수도권,S1,4,4호선,0272,상계,1,출입구-승강장,4,5번 출입구 옆 엘리베이터,노원 방면,5번 출입구 옆 엘리베이터 → 노원 방면
01,수도권,S1,4,4호선,0115,노원,1,출입구-승강장,1,2번 출입구 옆 엘리베이터,상계 방면,2번 출입구 옆 엘리베이터 → 상계 방면
01,수도권,S1,4,4호선,0115,노원,1,출입구-승강장,2,2번 출입구 옆 엘리베이터,창동 방면,2번 출입구 옆 엘리베이터 → 창동 방면
01,수도권,S1,4,4호선,0115,노원,1,출입구-승강장,3,9번 출입구 옆 엘리베이터,상계 방면,9번 출입구 옆 엘리베이터 → 상계 방면
01,수도권,S1,4,4호선,0115,노원,1,출입구-승강장,4,9번 출입구 옆 엘리베이터,창동 방면,9번 출입구 옆 엘리베이터 → 창동 방면
01,수도권,S1,4,4호선,0115,노원,3,환승,1,4호선 상계 방면,7호선 마들 방면,4호선 상계 방면 → 7호선 마들 방면
01,수도권,S1,4,4호선,0115,노원,3,환승,2,4호선 상계 방면,7호선 중계 방면,4호선 상계 방면 → 7호선 중계 방면
01,수도권,S1,4,4호선,0115,노원,3,환승,3,4호선 창동 방면,7호선 마들 방면,4호선 창동 방면 → 7호선 마들 방면
01,수도권,S1,4,4호선,0115,노원,3,환승,4,4호선 창동 방면,7호선 중계 방면,4호선 창동 방면 → 7호선 중계 방면
01,수도권,S1,4,4호선,0541,창동,1,출입구-승강장,1,1번 출입구 옆 엘리베이터,노원 방면,1번 출입구 옆 엘리베이터 → 노원 방면
01,수도권,S1,4,4호선,0541,창동,1,출입구-승강장,2,1번 출입구 옆 엘리베이터,쌍문 방면,1번 출입구 옆 엘리베이터 → 쌍문 방면
01,수도권,S1,4,4호선,0541,창동,1,출입구-승강장,3,2번 출입구 옆 엘리베이터,노원 방면,2번 출입구 옆 엘리베이터 → 노원 방면
01,수도권,S1,4,4호선,0541,창동,1,출입구-승강장,4,2번 출입구 옆 엘리베이터,쌍문 방면,2번 출입구 옆 엘리베이터 → 쌍문 방면
01,수도권,S1,4,4호선,0541,창동,3,환승,1, 4호선 노원 방면,1호선 방학 방면, 4호선 노원 방면 → 1호선 방학 방면
01,수도권,S1,4,4호선,0541,창동,3,환승,2, 4호선 노원 방면,1호선 녹천 방면, 4호선 노원 방면 → 1호선 녹천 방면
01,수도권,S1,4,4호선,0541,창동,3,환승,3,4호선 쌍문 방면,1호선 방학 방면,4호선 쌍문 방면 → 1호선 방학 방면
01,수도권,S1,4,4호선,0541,창동,3,환승,4,4호선 쌍문 방면,1호선 녹천 방면,4호선 쌍문 방면 → 1호선 녹천 방면
01,수도권,S1,4,4호선,0380,쌍문,1,출입구-승강장,1,1번 출입구 옆 엘리베이터,창동 방면,1번 출입구 옆 엘리베이터 → 창동 방면
01,수도권,S1,4,4호선,0380,쌍문,1,출입구-승강장,2,1번 출입구 옆 엘리베이터,수유 방면,1번 출입구 옆 엘리베이터 → 수유 방면
01,수도권,S1,4,4호선,0340,수유,1,출입구-승강장,1,2번 출입구 옆 엘리베이터,쌍문 방면,2번 출입구 옆 엘리베이터 → 쌍문 방면
01,수도권,S1,4,4호선,0340,수유,1,출입구-승강장,2,2번 출입구 옆 엘리베이터,미아 방면,2번 출입구 옆 엘리베이터 → 미아 방면
01,수도권,S1,4,4호선,0211,미아,1,출입구-승강장,1,1번 출입구 옆 엘리베이터,수유 방면,1번 출입구 옆 엘리베이터 → 수유 방면
01,수도권,S1,4,4호선,0211,미아,1,출입구-승강장,2,1번 출입구 옆 엘리베이터,미아사거리 방면,1번 출입구 옆 엘리베이터 → 미아사거리 방면
01,수도권,S1,4,4호선,0212,미아사거리,1,출입구-승강장,1,1번 출입구 옆 엘리베이터,미아 방면,1번 출입구 옆 엘리베이터 → 미아 방면
01,수도권,S1,4,4호선,0212,미아사거리,1,출입구-승강장,2,1번 출입구 옆 엘리베이터,길음 방면,1번 출입구 옆 엘리베이터 → 길음 방면
01,수도권,S1,4,4호선,0096,길음,1,출입구-승강장,1,4번 출입구 옆 엘리베이터,미아사거리 방면,4번 출입구 옆 엘리베이터 → 미아사거리 방면
01,수도권,S1,4,4호선,0096,길음,1,출입구-승강장,2,4번 출입구 옆 엘리베이터,성신여대입구 방면,4번 출입구 옆 엘리베이터 → 성신여대입구 방면
01,수도권,S1,4,4호선,0096,길음,1,출입구-승강장,3,5번 출입구 옆 엘리베이터,미아사거리 방면,5번 출입구 옆 엘리베이터 → 미아사거리 방면
01,수도권,S1,4,4호선,0096,길음,1,출입구-승강장,4,5번 출입구 옆 엘리베이터,성신여대입구 방면,5번 출입구 옆 엘리베이터 → 성신여대입구 방면
01,수도권,S1,4,4호선,0315,성신여대입구,1,출입구-승강장,1,2번 출입구 옆 엘리베이터,길음 방면,2번 출입구 옆 엘리베이터 → 길음 방면
01,수도권,S1,4,4호선,0315,성신여대입구,1,출입구-승강장,2,2번 출입구 옆 엘리베이터,한성대입구 방면,2번 출입구 옆 엘리베이터 → 한성대입구 방면
01,수도권,S1,4,4호선,0315,성신여대입구,1,출입구-승강장,3,3번 출입구 옆 엘리베이터,길음 방면,3번 출입구 옆 엘리베이터 → 길음 방면
01,수도권,S1,4,4호선,0315,성신여대입구,1,출입구-승강장,4,3번 출입구 옆 엘리베이터,한성대입구 방면,3번 출입구 옆 엘리베이터 → 한성대입구 방면
01,수도권,S1,4,4호선,0315,성신여대입구,3,환승,1,4호선 길음 방면,우이신설선 정릉 방면,4호선 길음 방면 → 우이신설선 정릉 방면
01,수도권,S1,4,4호선,0315,성신여대입구,3,환승,2,4호선 길음 방면,우이신설선 보문 방면,4호선 길음 방면 → 우이신설선 보문 방면
01,수도권,S1,4,4호선,0315,성신여대입구,3,환승,3,4호선 한성대입구 방면,우이신설선 정릉 방면,4호선 한성대입구 방면 → 우이신설선 정릉 방면
01,수도권,S1,4,4호선,0315,성신여대입구,3,환승,4,4호선 한성대입구 방면,우이신설선 보문 방면,4호선 한성대입구 방면 → 우이신설선 보문 방면
01,수도권,S1,4,4호선,0587,한성대입구,1,출입구-승강장,1,3번/4번 출입구 사이 엘리베이터,성신여대입구 방면,3번/4번 출입구 사이 엘리베이터 → 성신여대입구 방면
01,수도권,S1,4,4호선,0587,한성대입구,1,출입구-승강장,2,3번/4번 출입구 사이 엘리베이터,혜화 방면,3번/4번 출입구 사이 엘리베이터 → 혜화 방면
01,수도권,S1,4,4호선,0587,한성대입구,1,출입구-승강장,3,5번 출입구 옆 엘리베이터,성신여대입구 방면,5번 출입구 옆 엘리베이터 → 성신여대입구 방면
01,수도권,S1,4,4호선,0587,한성대입구,1,출입구-승강장,4,5번 출입구 옆 엘리베이터,혜화 방면,5번 출입구 옆 엘리베이터 → 혜화 방면
01,수도권,S1,4,4호선,0594,혜화,1,출입구-승강장,1,2번 출입구 옆 엘리베이터,한성대입구 방면,2번 출입구 옆 엘리베이터 → 한성대입구 방면
01,수도권,S1,4,4호선,0594,혜화,1,출입구-승강장,2,2번 출입구 옆 엘리베이터,동대문 방면,2번 출입구 옆 엘리베이터 → 동대문 방면
01,수도권,S1,4,4호선,0594,혜화,1,출입구-승강장,3,3번 출입구 옆 엘리베이터,한성대입구 방면,3번 출입구 옆 엘리베이터 → 한성대입구 방면
01,수도권,S1,4,4호선,0594,혜화,1,출입구-승강장,4,3번 출입구 옆 엘리베이터,동대문 방면,3번 출입구 옆 엘리베이터 → 동대문 방면
01,수도권,S1,4,4호선,0155,동대문,1,출입구-승강장,1,9번 출입구 근처 엘리베이터,4호선 동대문역사문화공원 방면,9번 출입구 근처 엘리베이터 → 4호선 동대문역사문화공원 방면
01,수도권,S1,4,4호선,0155,동대문,1,출입구-승강장,2,9번 출입구 근처 엘리베이터,4호선 혜화 방면,9번 출입구 근처 엘리베이터 → 4호선 혜화 방면
01,수도권,S1,4,4호선,0155,동대문,3,환승,1,4호선 혜화 방면,1호선 동묘앞 방면,4호선 혜화 방면 → 1호선 동묘앞 방면
01,수도권,S1,4,4호선,0155,동대문,3,환승,2,4호선 혜화 방면,1호선 종로5가 방면,4호선 혜화 방면 → 1호선 종로5가 방면
01,수도권,S1,4,4호선,0155,동대문,3,환승,3,4호선 동대문역사문화공원 방면,1호선 동묘앞 방면,4호선 동대문역사문화공원 방면 → 1호선 동묘앞 방면
01,수도권,S1,4,4호선,0155,동대문,3,환승,4,4호선 동대문역사문화공원 방면,1호선 종로5가 방면,4호선 동대문역사문화공원 방면 → 1호선 종로5가 방면
01,수도권,S1,4,4호선,0156,동대문역사문화공원,1,출입구-승강장,1,1번 출입구 옆 엘리베이터,동대문 방면,1번 출입구 옆 엘리베이터 → 동대문 방면
01,수도권,S1,4,4호선,0156,동대문역사문화공원,1,출입구-승강장,2,1번 출입구 옆 엘리베이터,충무로 방면,1번 출입구 옆 엘리베이터 → 충무로 방면
01,수도권,S1,4,4호선,0156,동대문역사문화공원,1,출입구-승강장,3,4번출구 옆 외부엘리베이터 ,동대문 방면,4번출구 옆 외부엘리베이터  → 동대문 방면
01,수도권,S1,4,4호선,0156,동대문역사문화공원,1,출입구-승강장,4,4번출구 옆 외부엘리베이터 ,충무로 방면,4번출구 옆 외부엘리베이터  → 충무로 방면
01,수도권,S1,4,4호선,0156,동대문역사문화공원,3,환승,1,4호선 동대문 방면,2호선 을지로4가 방면,4호선 동대문 방면 → 2호선 을지로4가 방면
01,수도권,S1,4,4호선,0156,동대문역사문화공원,3,환승,2,4호선 동대문 방면,2호선 신당 방면,4호선 동대문 방면 → 2호선 신당 방면
01,수도권,S1,4,4호선,0156,동대문역사문화공원,3,환승,3,4호선 충무로 방면,2호선 을지로4가 방면,4호선 충무로 방면 → 2호선 을지로4가 방면
01,수도권,S1,4,4호선,0156,동대문역사문화공원,3,환승,4,4호선 충무로 방면,2호선 신당 방면,4호선 충무로 방면 → 2호선 신당 방면
01,수도권,S1,4,4호선,0156,동대문역사문화공원,3,환승,5,4호선 동대문 방면,5호선 을지로4가 방면,4호선 동대문 방면 → 5호선 을지로4가 방면
01,수도권,S1,4,4호선,0156,동대문역사문화공원,3,환승,6,4호선 동대문 방면,5호선 청구 방면,4호선 동대문 방면 → 5호선 청구 방면
01,수도권,S1,4,4호선,0156,동대문역사문화공원,3,환승,7,4호선 충무로 방면,5호선 을지로4가 방면,4호선 충무로 방면 → 5호선 을지로4가 방면
01,수도권,S1,4,4호선,0156,동대문역사문화공원,3,환승,8,4호선 충무로 방면,5호선 청구 방면,4호선 충무로 방면 → 5호선 청구 방면
01,수도권,S1,4,4호선,0563,충무로,1,출입구-승강장,1,7번 출입구 옆 엘리베이터,동대문역사문화공원 방면,7번 출입구 옆 엘리베이터 → 동대문역사문화공원 방면
01,수도권,S1,4,4호선,0563,충무로,1,출입구-승강장,2,7번 출입구 옆 엘리베이터,명동 방면,7번 출입구 옆 엘리베이터 → 명동 방면
01,수도권,S1,4,4호선,0563,충무로,3,환승,1,4호선 동대문역사문화공원 방면,3호선 을지로3가 방면,4호선 동대문역사문화공원 방면 → 3호선 을지로3가 방면
01,수도권,S1,4,4호선,0563,충무로,3,환승,2,4호선 동대문역사문화공원 방면,3호선 동대입구 방면,4호선 동대문역사문화공원 방면 → 3호선 동대입구 방면
01,수도권,S1,4,4호선,0563,충무로,3,환승,3,4호선 명동 방면,3호선 을지로 3가 방면,4호선 명동 방면 → 3호선 을지로 3가 방면
01,수도권,S1,4,4호선,0563,충무로,3,환승,4,4호선 명동 방면,3호선 동대입구 방면,4호선 명동 방면 → 3호선 동대입구 방면
01,수도권,S1,4,4호선,0197,명동,1,출입구-승강장,1,1번 출입구 옆 엘리베이터,충무로 방면,1번 출입구 옆 엘리베이터 → 충무로 방면
01,수도권,S1,4,4호선,0197,명동,1,출입구-승강장,2,1번 출입구 옆 엘리베이터,회현 방면,1번 출입구 옆 엘리베이터 → 회현 방면
01,수도권,S1,4,4호선,0607,회현,1,출입구-승강장,1,"4, 5번 출구 사이 중앙 엘리베이터",명동 방면,"4, 5번 출구 사이 중앙 엘리베이터 → 명동 방면"
01,수도권,S1,4,4호선,0607,회현,1,출입구-승강장,2,"4, 5번 출구 사이 중앙 엘리베이터",서울역 방면,"4, 5번 출구 사이 중앙 엘리베이터 → 서울역 방면"
01,수도권,S1,4,4호선,0296,서울역,1,출입구-승강장,1,12번 출입구 옆 엘리베이터,회현 방면,12번 출입구 옆 엘리베이터 → 회현 방면
01,수도권,S1,4,4호선,0296,서울역,1,출입구-승강장,2,12번 출입구 옆 엘리베이터,숙대입구 방면,12번 출입구 옆 엘리베이터 → 숙대입구 방면
01,수도권,S1,4,4호선,0296,서울역,3,환승,1,4호선 회현 방면,1호선 시청 방면,4호선 회현 방면 → 1호선 시청 방면
01,수도권,S1,4,4호선,0296,서울역,3,환승,2,4호선 회현 방면,1호선 남영 방면,4호선 회현 방면 → 1호선 남영 방면
01,수도권,S1,4,4호선,0296,서울역,3,환승,3,4호선 숙대입구 방면,1호선 시청 방면,4호선 숙대입구 방면 → 1호선 시청 방면
01,수도권,S1,4,4호선,0296,서울역,3,환승,4,4호선 숙대입구 방면,1호선 남영 방면,4호선 숙대입구 방면 → 1호선 남영 방면
01,수도권,S1,4,4호선,0296,서울역,3,환승,5,4호선 회현 방면,경의중앙선 신촌 방면,4호선 회현 방면 → 경의중앙선 신촌 방면
01,수도권,S1,4,4호선,0296,서울역,3,환승,6,4호선 숙대입구 방면,경의중앙선 신촌 방면,4호선 숙대입구 방면 → 경의중앙선 신촌 방면
01,수도권,S1,4,4호선,0296,서울역,3,환승,7,4호선 회현 방면,공항철도 공덕 방면,4호선 회현 방면 → 공항철도 공덕 방면
01,수도권,S1,4,4호선,0296,서울역,3,환승,8,4호선 숙대입구 방면,공항철도 공덕 방면,4호선 숙대입구 방면 → 공항철도 공덕 방면
01,수도권,S1,4,4호선,0343,숙대입구,1,출입구-승강장,1,10번 출입구 옆 엘리베이터,서울역 방면,10번 출입구 옆 엘리베이터 → 서울역 방면
01,수도권,S1,4,4호선,0343,숙대입구,1,출입구-승강장,2,10번 출입구 옆 엘리베이터,삼각지 방면,10번 출입구 옆 엘리베이터 → 삼각지 방면
01,수도권,S1,4,4호선,0263,삼각지,1,출입구-승강장,1,1번 출입구 옆 엘리베이터,숙대입구 방면,1번 출입구 옆 엘리베이터 → 숙대입구 방면
01,수도권,S1,4,4호선,0263,삼각지,1,출입구-승강장,2,1번 출입구 옆 엘리베이터,신용산 방면,1번 출입구 옆 엘리베이터 → 신용산 방면
01,수도권,S1,4,4호선,0263,삼각지,1,출입구-승강장,3,3번 출입구 옆 엘리베이터,숙대입구 방면,3번 출입구 옆 엘리베이터 → 숙대입구 방면
01,수도권,S1,4,4호선,0263,삼각지,1,출입구-승강장,4,3번 출입구 옆 엘리베이터,신용산 방면,3번 출입구 옆 엘리베이터 → 신용산 방면
01,수도권,S1,4,4호선,0263,삼각지,1,출입구-승강장,5,5번 출입구 옆 엘리베이터,숙대입구 방면,5번 출입구 옆 엘리베이터 → 숙대입구 방면
01,수도권,S1,4,4호선,0263,삼각지,1,출입구-승강장,6,5번 출입구 옆 엘리베이터,신용산 방면,5번 출입구 옆 엘리베이터 → 신용산 방면
01,수도권,S1,4,4호선,0263,삼각지,3,환승,1,4호선 숙대입구 방면,6호선 효창공원앞 방면,4호선 숙대입구 방면 → 6호선 효창공원앞 방면
01,수도권,S1,4,4호선,0263,삼각지,3,환승,2,4호선 숙대입구 방면,6호선 녹사평 방면,4호선 숙대입구 방면 → 6호선 녹사평 방면
01,수도권,S1,4,4호선,0263,삼각지,3,환승,3,4호선 신용산 방면,6호선 효창공원앞 방면,4호선 신용산 방면 → 6호선 효창공원앞 방면
01,수도권,S1,4,4호선,0263,삼각지,3,환승,4,4호선 신용산 방면,6호선 녹사평 방면,4호선 신용산 방면 → 6호선 녹사평 방면
01,수도권,S1,4,4호선,0369,신용산,1,출입구-승강장,1,1번 출입구 옆 엘리베이터,삼각지 방면,1번 출입구 옆 엘리베이터 → 삼각지 방면
01,수도권,S1,4,4호선,0369,신용산,1,출입구-승강장,2,1번 출입구 옆 엘리베이터,이촌 방면,1번 출입구 옆 엘리베이터 → 이촌 방면
01,수도권,S1,4,4호선,0369,신용산,1,출입구-승강장,3,4번 출입구 옆 엘리베이터,삼각지 방면,4번 출입구 옆 엘리베이터 → 삼각지 방면
01,수도권,S1,4,4호선,0369,신용산,1,출입구-승강장,4,4번 출입구 옆 엘리베이터,이촌 방면,4번 출입구 옆 엘리베이터 → 이촌 방면
01,수도권,S1,4,4호선,0477,이촌,1,출입구-승강장,1,1번 출입구 옆 엘리베이터,신용산 방면,1번 출입구 옆 엘리베이터 → 신용산 방면
01,수도권,S1,4,4호선,0477,이촌,1,출입구-승강장,2,1번 출입구 옆 엘리베이터,동작 방면,1번 출입구 옆 엘리베이터 → 동작 방면
01,수도권,S1,4,4호선,0477,이촌,1,출입구-승강장,3,2번 출입구 옆 엘리베이터,신용산 방면,2번 출입구 옆 엘리베이터 → 신용산 방면
01,수도권,S1,4,4호선,0477,이촌,1,출입구-승강장,4,2번 출입구 옆 엘리베이터,동작 방면,2번 출입구 옆 엘리베이터 → 동작 방면
01,수도권,S1,4,4호선,0477,이촌,1,출입구-승강장,5,3-1번 출입구 옆 엘리베이터,신용산 방면,3-1번 출입구 옆 엘리베이터 → 신용산 방면
01,수도권,S1,4,4호선,0477,이촌,1,출입구-승강장,6,3-1번 출입구 옆 엘리베이터,동작 방면,3-1번 출입구 옆 엘리베이터 → 동작 방면
01,수도권,S1,4,4호선,0477,이촌,3,환승,1,4호선 신용산 방면,경의중앙선 용산 방면,4호선 신용산 방면 → 경의중앙선 용산 방면
01,수도권,S1,4,4호선,0477,이촌,3,환승,2,4호선 신용산 방면,경의중앙선 서빙고 방면,4호선 신용산 방면 → 경의중앙선 서빙고 방면
01,수도권,S1,4,4호선,0477,이촌,3,환승,3,4호선 동작 방면,경의중앙선 용산 방면,4호선 동작 방면 → 경의중앙선 용산 방면
01,수도권,S1,4,4호선,0477,이촌,3,환승,4,4호선 동작 방면,경의중앙선 서빙고 방면,4호선 동작 방면 → 경의중앙선 서빙고 방면
01,수도권,S1,4,4호선,0167,동작,1,출입구-승강장,1,1번 출입구,이촌 방면,1번 출입구 → 이촌 방면
01,수도권,S1,4,4호선,0167,동작,1,출입구-승강장,2,1번 출입구,총신대입구 방면,1번 출입구 → 총신대입구 방면
01,수도권,S1,4,4호선,0167,동작,1,출입구-승강장,3,2번 출입구,이촌 방면,2번 출입구 → 이촌 방면
01,수도권,S1,4,4호선,0167,동작,1,출입구-승강장,4,2번 출입구,총신대입구 방면,2번 출입구 → 총신대입구 방면
01,수도권,S1,4,4호선,0167,동작,3,환승,1,4호선 이촌 방면,9호선 구반포 방면,4호선 이촌 방면 → 9호선 구반포 방면
01,수도권,S1,4,4호선,0167,동작,3,환승,2,4호선 이촌 방면,9호선 흑석 방면,4호선 이촌 방면 → 9호선 흑석 방면
01,수도권,S1,4,4호선,0167,동작,3,환승,3,4호선 총신대입구 방면,9호선 구반포 방면,4호선 총신대입구 방면 → 9호선 구반포 방면
01,수도권,S1,4,4호선,0167,동작,3,환승,4,4호선 총신대입구 방면,9호선 흑석 방면,4호선 총신대입구 방면 → 9호선 흑석 방면
01,수도권,S1,4,4호선,0560,총신대입구,1,출입구-승강장,1,1번 출입구 옆 엘리베이터,동작 방면,1번 출입구 옆 엘리베이터 → 동작 방면
01,수도권,S1,4,4호선,0560,총신대입구,1,출입구-승강장,2,1번 출입구 옆 엘리베이터,사당 방면,1번 출입구 옆 엘리베이터 → 사당 방면
01,수도권,S1,4,4호선,0560,총신대입구,1,출입구-승강장,3,14번 출입구 옆 엘리베이터,동작 방면,14번 출입구 옆 엘리베이터 → 동작 방면
01,수도권,S1,4,4호선,0560,총신대입구,1,출입구-승강장,4,14번 출입구 옆 엘리베이터,사당 방면,14번 출입구 옆 엘리베이터 → 사당 방면
01,수도권,S1,4,4호선,0560,총신대입구,3,환승,1,4호선 동작 방면,7호선 내방 방면,4호선 동작 방면 → 7호선 내방 방면
01,수도권,S1,4,4호선,0560,총신대입구,3,환승,2,4호선 동작 방면,7호선 남성 방면,4호선 동작 방면 → 7호선 남성 방면
01,수도권,S1,4,4호선,0560,총신대입구,3,환승,3,4호선 사당 방면,7호선 내방 방면,4호선 사당 방면 → 7호선 내방 방면
01,수도권,S1,4,4호선,0560,총신대입구,3,환승,4,4호선 사당 방면,7호선 남성 방면,4호선 사당 방면 → 7호선 남성 방면
01,수도권,S1,4,4호선,0257,사당,1,출입구-승강장,1,6번 출입구 옆 엘리베이터,총신대입구 방면,6번 출입구 옆 엘리베이터 → 총신대입구 방면
01,수도권,S1,4,4호선,0257,사당,1,출입구-승강장,2,6번 출입구 옆 엘리베이터,남태령 방면,6번 출입구 옆 엘리베이터 → 남태령 방면
01,수도권,S1,4,4호선,0257,사당,1,출입구-승강장,3,14번 출입구 옆 엘리베이터,총신대입구 방면,14번 출입구 옆 엘리베이터 → 총신대입구 방면
01,수도권,S1,4,4호선,0257,사당,1,출입구-승강장,4,14번 출입구 옆 엘리베이터,남태령 방면,14번 출입구 옆 엘리베이터 → 남태령 방면
01,수도권,S1,4,4호선,0257,사당,3,환승,1,4호선 총신대입구 방면,2호선 방배 방면,4호선 총신대입구 방면 → 2호선 방배 방면
01,수도권,S1,4,4호선,0257,사당,3,환승,2,4호선 총신대입구 방면,2호선 낙성대 방면,4호선 총신대입구 방면 → 2호선 낙성대 방면
01,수도권,S1,4,4호선,0257,사당,3,환승,3,4호선 남태령 방면,2호선 방배 방면,4호선 남태령 방면 → 2호선 방배 방면
01,수도권,S1,4,4호선,0257,사당,3,환승,4,4호선 남태령 방면,2호선 낙성대 방면,4호선 남태령 방면 → 2호선 낙성대 방면
01,수도권,S1,4,4호선,0110,남태령,1,출입구-승강장,1,2번 출입구 옆 엘리베이터,사당 방면,2번 출입구 옆 엘리베이터 → 사당 방면
01,수도권,S1,4,4호선,0110,남태령,1,출입구-승강장,2,2번 출입구 옆 엘리베이터,선바위 방면,2번 출입구 옆 엘리베이터 → 선바위 방면
01,수도권,KR,4,4호선,0307,선바위,1,출입구-승강장,1,1번 출입구 옆 엘리베이터,남태령 방면,1번 출입구 옆 엘리베이터 → 남태령 방면
01,수도권,KR,4,4호선,0307,선바위,1,출입구-승강장,2,1번 출입구 옆 엘리베이터,경마공원 방면,1번 출입구 옆 엘리베이터 → 경마공원 방면
01,수도권,KR,4,4호선,0039,경마공원,1,출입구-승강장,1,2번 출입구 옆 엘리베이터,선바위 방면,2번 출입구 옆 엘리베이터 → 선바위 방면
01,수도권,KR,4,4호선,0039,경마공원,1,출입구-승강장,2,2번 출입구 옆 엘리베이터,대공원 방면,2번 출입구 옆 엘리베이터 → 대공원 방면
01,수도권,KR,4,4호선,0039,경마공원,1,출입구-승강장,3,5번 출입구 옆 엘리베이터,선바위 방면,5번 출입구 옆 엘리베이터 → 선바위 방면
01,수도권,KR,4,4호선,0039,경마공원,1,출입구-승강장,4,5번 출입구 옆 엘리베이터,대공원 방면,5번 출입구 옆 엘리베이터 → 대공원 방면
01,수도권,KR,4,4호선,0129,대공원,1,출입구-승강장,1,1번 출입구 옆 엘리베이터,경마공원 방면,1번 출입구 옆 엘리베이터 → 경마공원 방면
01,수도권,KR,4,4호선,0129,대공원,1,출입구-승강장,2,1번 출입구 옆 엘리베이터,과천 방면,1번 출입구 옆 엘리베이터 → 과천 방면
01,수도권,KR,4,4호선,0129,대공원,1,출입구-승강장,3,5번 출입구 옆 엘리베이터,경마공원 방면,5번 출입구 옆 엘리베이터 → 경마공원 방면
01,수도권,KR,4,4호선,0129,대공원,1,출입구-승강장,4,5번 출입구 옆 엘리베이터,과천 방면,5번 출입구 옆 엘리베이터 → 과천 방면
01,수도권,KR,4,4호선,0058,과천,1,출입구-승강장,1,2번 출입구 옆 엘리베이터,대공원 방면,2번 출입구 옆 엘리베이터 → 대공원 방면
01,수도권,KR,4,4호선,0058,과천,1,출입구-승강장,2,2번 출입구 옆 엘리베이터,정부과천청사 방면,2번 출입구 옆 엘리베이터 → 정부과천청사 방면
01,수도권,KR,4,4호선,0058,과천,1,출입구-승강장,3,6번 출입구 옆 엘리베이터,대공원 방면,6번 출입구 옆 엘리베이터 → 대공원 방면
01,수도권,KR,4,4호선,0058,과천,1,출입구-승강장,4,6번 출입구 옆 엘리베이터,정부과천청사 방면,6번 출입구 옆 엘리베이터 → 정부과천청사 방면
01,수도권,KR,4,4호선,0058,과천,1,출입구-승강장,5,7번 출입구 옆 엘리베이터,대공원 방면,7번 출입구 옆 엘리베이터 → 대공원 방면
01,수도권,KR,4,4호선,0058,과천,1,출입구-승강장,6,7번 출입구 옆 엘리베이터,정부과천청사 방면,7번 출입구 옆 엘리베이터 → 정부과천청사 방면
01,수도권,KR,4,4호선,0509,정부과천청사,1,출입구-승강장,1,1번/2번 출입구 사이 엘리베이터,과천 방면,1번/2번 출입구 사이 엘리베이터 → 과천 방면
01,수도권,KR,4,4호선,0509,정부과천청사,1,출입구-승강장,2,1번/2번 출입구 사이 엘리베이터,인덕원 방면,1번/2번 출입구 사이 엘리베이터 → 인덕원 방면
01,수도권,KR,4,4호선,0509,정부과천청사,1,출입구-승강장,3,5번 출입구 옆 엘리베이터,과천 방면,5번 출입구 옆 엘리베이터 → 과천 방면
01,수도권,KR,4,4호선,0509,정부과천청사,1,출입구-승강장,4,5번 출입구 옆 엘리베이터,인덕원 방면,5번 출입구 옆 엘리베이터 → 인덕원 방면
01,수도권,KR,4,4호선,0509,정부과천청사,1,출입구-승강장,5,8번 출입구 옆 엘리베이터,과천 방면,8번 출입구 옆 엘리베이터 → 과천 방면
01,수도권,KR,4,4호선,0509,정부과천청사,1,출입구-승강장,6,8번 출입구 옆 엘리베이터,인덕원 방면,8번 출입구 옆 엘리베이터 → 인덕원 방면
01,수도권,KR,4,4호선,0480,인덕원,1,출입구-승강장,1,3번 출입구 옆 엘리베이터,정부과천청사 방면,3번 출입구 옆 엘리베이터 → 정부과천청사 방면
01,수도권,KR,4,4호선,0480,인덕원,1,출입구-승강장,2,3번 출입구 옆 엘리베이터,평촌 방면,3번 출입구 옆 엘리베이터 → 평촌 방면
01,수도권,KR,4,4호선,0480,인덕원,1,출입구-승강장,3,4번 출입구 옆 엘리베이터,정부과천청사 방면,4번 출입구 옆 엘리베이터 → 정부과천청사 방면
01,수도권,KR,4,4호선,0480,인덕원,1,출입구-승강장,4,4번 출입구 옆 엘리베이터,평촌 방면,4번 출입구 옆 엘리베이터 → 평촌 방면
01,수도권,KR,4,4호선,0578,평촌,1,출입구-승강장,1,1번 출입구 옆 엘리베이터,인덕원 방면,1번 출입구 옆 엘리베이터 → 인덕원 방면
01,수도권,KR,4,4호선,0578,평촌,1,출입구-승강장,2,1번 출입구 옆 엘리베이터,범계 방면,1번 출입구 옆 엘리베이터 → 범계 방면
01,수도권,KR,4,4호선,0228,범계,1,출입구-승강장,1,6번 출입구 옆 엘리베이터,평촌 방면,6번 출입구 옆 엘리베이터 → 평촌 방면
01,수도권,KR,4,4호선,0228,범계,1,출입구-승강장,2,6번 출입구 옆 엘리베이터,금정 방면,6번 출입구 옆 엘리베이터 → 금정 방면
01,수도권,KR,4,4호선,0090,금정,1,출입구-승강장,1,2번 출입구 엘리베이터,범계 방면,2번 출입구 엘리베이터 → 범계 방면
01,수도권,KR,4,4호선,0090,금정,1,출입구-승강장,2,4/5번 출입구 사이 엘리베이터,범계 방면,4/5번 출입구 사이 엘리베이터 → 범계 방면
01,수도권,KR,4,4호선,0090,금정,1,출입구-승강장,3,7/8번 출입구 사이 엘리베이터,범계 방면,7/8번 출입구 사이 엘리베이터 → 범계 방면
01,수도권,KR,4,4호선,0090,금정,1,출입구-승강장,4,2번 출입구 엘리베이터,산본 방면,2번 출입구 엘리베이터 → 산본 방면
01,수도권,KR,4,4호선,0090,금정,1,출입구-승강장,5,4/5번 출입구 사이 엘리베이터,산본 방면,4/5번 출입구 사이 엘리베이터 → 산본 방면
01,수도권,KR,4,4호선,0090,금정,1,출입구-승강장,6,7/8번 출입구 사이 엘리베이터,산본 방면,7/8번 출입구 사이 엘리베이터 → 산본 방면
01,수도권,KR,4,4호선,0090,금정,3,환승,1,4호선 범계방면 승강장,1호선 명학방면 승강장,4호선 범계방면 승강장 → 1호선 명학방면 승강장
01,수도권,KR,4,4호선,0090,금정,3,환승,2,4호선 산본방면 승강장,1호선 군포방면 승강장,4호선 산본방면 승강장 → 1호선 군포방면 승강장
01,수도권,KR,4,4호선,0090,금정,3,환승,3,4호선 범계방면 승강장,1호선 군포방면 승강장,4호선 범계방면 승강장 → 1호선 군포방면 승강장
01,수도권,KR,4,4호선,0090,금정,3,환승,4,4호선 산본방면 승강장,1호선 명학방면 승강장,4호선 산본방면 승강장 → 1호선 명학방면 승강장
01,수도권,KR,4,4호선,0090,금정,3,환승,5,4호선 금정 도착,1호선 명학방면 승강장,4호선 금정 도착 → 1호선 명학방면 승강장
01,수도권,KR,4,4호선,0090,금정,3,환승,6,4호선 금정 도착,1호선 군포방면 승강장,4호선 금정 도착 → 1호선 군포방면 승강장
01,수도권,KR,4,4호선,0260,산본,1,출입구-승강장,1,지상1층 엘리베이터,금정 방면,지상1층 엘리베이터 → 금정 방면
01,수도권,KR,4,4호선,0260,산본,1,출입구-승강장,2,3번 출입구,금정 방면,3번 출입구 → 금정 방면
01,수도권,KR,4,4호선,0260,산본,1,출입구-승강장,3,4번 출입구 엘리베이터,금정 방면,4번 출입구 엘리베이터 → 금정 방면
01,수도권,KR,4,4호선,0260,산본,1,출입구-승강장,4,지상1층 엘리베이터,수리산 방면,지상1층 엘리베이터 → 수리산 방면
01,수도권,KR,4,4호선,0260,산본,1,출입구-승강장,5,3번 출입구,수리산 방면,3번 출입구 → 수리산 방면
01,수도권,KR,4,4호선,0260,산본,1,출입구-승강장,6,4번 출입구 엘리베이터,수리산 방면,4번 출입구 엘리베이터 → 수리산 방면
01,수도권,KR,4,4호선,0335,수리산,1,출입구-승강장,1,1번 출입구 엘리베이터,산본 방면,1번 출입구 엘리베이터 → 산본 방면
01,수도권,KR,4,4호선,0335,수리산,1,출입구-승강장,2,2/3번 출입구 사이 엘리베이터,산본 방면,2/3번 출입구 사이 엘리베이터 → 산본 방면
01,수도권,KR,4,4호선,0335,수리산,1,출입구-승강장,3,1번 출입구 엘리베이터,대야미 방면,1번 출입구 엘리베이터 → 대야미 방면
01,수도권,KR,4,4호선,0335,수리산,1,출입구-승강장,4,2/3번 출입구 사이 엘리베이터,대야미 방면,2/3번 출입구 사이 엘리베이터 → 대야미 방면
01,수도권,KR,4,4호선,0134,대야미,1,출입구-승강장,1,1번 출입구,수리산 방면,1번 출입구 → 수리산 방면
01,수도권,KR,4,4호선,0134,대야미,1,출입구-승강장,2,2번 출입구,수리산 방면,2번 출입구 → 수리산 방면
01,수도권,KR,4,4호선,0134,대야미,1,출입구-승강장,3,1번 출입구,반월 방면,1번 출입구 → 반월 방면
01,수도권,KR,4,4호선,0134,대야미,1,출입구-승강장,4,2번 출입구,반월 방면,2번 출입구 → 반월 방면
01,수도권,KR,4,4호선,0214,반월,1,출입구-승강장,1,1번 출입구,상록수 방면,1번 출입구 → 상록수 방면
01,수도권,KR,4,4호선,0214,반월,1,출입구-승강장,2,1번 출입구,대야미 방면,1번 출입구 → 대야미 방면
01,수도권,KR,4,4호선,0275,상록수,1,출입구-승강장,1,1번 출입구,반월 방면,1번 출입구 → 반월 방면
01,수도권,KR,4,4호선,0275,상록수,1,출입구-승강장,2,2번 출입구,반월 방면,2번 출입구 → 반월 방면
01,수도권,KR,4,4호선,0275,상록수,1,출입구-승강장,3,3번 출입구,반월 방면,3번 출입구 → 반월 방면
01,수도권,KR,4,4호선,0275,상록수,1,출입구-승강장,4,4번 출입구,반월 방면,4번 출입구 → 반월 방면
01,수도권,KR,4,4호선,0275,상록수,1,출입구-승강장,5,1번 출입구,한대앞 방면,1번 출입구 → 한대앞 방면
01,수도권,KR,4,4호선,0275,상록수,1,출입구-승강장,6,2번 출입구,한대앞 방면,2번 출입구 → 한대앞 방면
01,수도권,KR,4,4호선,0275,상록수,1,출입구-승강장,7,3번 출입구,한대앞 방면,3번 출입구 → 한대앞 방면
01,수도권,KR,4,4호선,0275,상록수,1,출입구-승강장,8,4번 출입구,한대앞 방면,4번 출입구 → 한대앞 방면
01,수도권,KR,4,4호선,0586,한대앞,1,출입구-승강장,1,1번 출입구 엘리베이터,반월 방면,1번 출입구 엘리베이터 → 반월 방면
01,수도권,KR,4,4호선,0586,한대앞,1,출입구-승강장,2,2번 출입구 엘리베이터,상록수 방면,2번 출입구 엘리베이터 → 상록수 방면
01,수도권,KR,4,4호선,0586,한대앞,1,출입구-승강장,3,3번 출입구 엘리베이터,상록수 방면,3번 출입구 엘리베이터 → 상록수 방면
01,수도권,KR,4,4호선,0586,한대앞,1,출입구-승강장,4,1번 출입구 엘리베이터,중앙 방면,1번 출입구 엘리베이터 → 중앙 방면
01,수도권,KR,4,4호선,0586,한대앞,1,출입구-승강장,5,2번 출입구 엘리베이터,중앙 방면,2번 출입구 엘리베이터 → 중앙 방면
01,수도권,KR,4,4호선,0586,한대앞,1,출입구-승강장,6,3번 출입구 엘리베이터,중앙 방면,3번 출입구 엘리베이터 → 중앙 방면
01,수도권,KR,4,4호선,0529,중앙,1,출입구-승강장,1,1번 출입구,한대앞 방면,1번 출입구 → 한대앞 방면
01,수도권,KR,4,4호선,0529,중앙,1,출입구-승강장,2,2번 출입구,한대앞 방면,2번 출입구 → 한대앞 방면
01,수도권,KR,4,4호선,0529,중앙,1,출입구-승강장,3,1번 출입구,고잔 방면,1번 출입구 → 고잔 방면
01,수도권,KR,4,4호선,0529,중앙,1,출입구-승강장,4,2번 출입구,고잔 방면,2번 출입구 → 고잔 방면
01,수도권,KR,4,4호선,0049,고잔,1,출입구-승강장,1,1번 출입구,중앙 방면,1번 출입구 → 중앙 방면
01,수도권,KR,4,4호선,0049,고잔,1,출입구-승강장,2,2번 출입구,중앙 방면,2번 출입구 → 중앙 방면
01,수도권,KR,4,4호선,0049,고잔,1,출입구-승강장,3,1번 출입구,초지 방면,1번 출입구 → 초지 방면
01,수도권,KR,4,4호선,0049,고잔,1,출입구-승강장,4,2번 출입구,초지 방면,2번 출입구 → 초지 방면
01,수도권,KR,4,4호선,0049,고잔,3,환승,1,수인분당선 중앙 방면,4호선 중앙 방면,수인분당선 중앙 방면 → 4호선 중앙 방면
01,수도권,KR,4,4호선,0049,고잔,3,환승,2,수인분당선 중앙 방면,4호선 초지 방면,수인분당선 중앙 방면 → 4호선 초지 방면
01,수도권,KR,4,4호선,0049,고잔,3,환승,3,수인분당선 초지 방면,4호선 중앙 방면,수인분당선 초지 방면 → 4호선 중앙 방면
01,수도권,KR,4,4호선,0049,고잔,3,환승,4,수인분당선 초지 방면,4호선 초지 방면,수인분당선 초지 방면 → 4호선 초지 방면
01,수도권,KR,4,4호선,0559,초지,1,출입구-승강장,1,1번 출입구,고잔 방면,1번 출입구 → 고잔 방면
01,수도권,KR,4,4호선,0559,초지,1,출입구-승강장,2,1번 출입구,안산 방면,1번 출입구 → 안산 방면
01,수도권,KR,4,4호선,0559,초지,3,환승,1,4호선 고잔 방면 승강장,수인분당선 고잔 방면 승강장,4호선 고잔 방면 승강장 → 수인분당선 고잔 방면 승강장
01,수도권,KR,4,4호선,0559,초지,3,환승,2,4호선 고잔 방면 승강장,수인분당선안산 방면 승강장,4호선 고잔 방면 승강장 → 수인분당선안산 방면 승강장
01,수도권,KR,4,4호선,0559,초지,3,환승,3,4호선 안산 방면 승강장,수인분당선 안산 방면 승강장,4호선 안산 방면 승강장 → 수인분당선 안산 방면 승강장
01,수도권,KR,4,4호선,0559,초지,3,환승,4,4호선 안산 방면 승강장,수인분당선고잔 방면 승강장,4호선 안산 방면 승강장 → 수인분당선고잔 방면 승강장
01,수도권,KR,4,4호선,0559,초지,3,환승,5,4호선 고잔 방면 승강장,서해선 선부 방면 승강장,4호선 고잔 방면 승강장 → 서해선 선부 방면 승강장
01,수도권,KR,4,4호선,0559,초지,3,환승,6,4호선 고잔 방면 승강장 ,서해선 시우 방면 승강장,4호선 고잔 방면 승강장  → 서해선 시우 방면 승강장
01,수도권,KR,4,4호선,0559,초지,3,환승,7,4호선 안산 방면 승강장,서해선 선부 방면 승강장,4호선 안산 방면 승강장 → 서해선 선부 방면 승강장
01,수도권,KR,4,4호선,0559,초지,3,환승,8,4호선 안산 방면 승강장 ,서해선 시우 방면 승강장,4호선 안산 방면 승강장  → 서해선 시우 방면 승강장
01,수도권,KR,4,4호선,0388,안산,1,출입구-승강장,1,1번 출입구,초지 방면,1번 출입구 → 초지 방면
01,수도권,KR,4,4호선,0388,안산,1,출입구-승강장,2,2번 출입구,초지 방면,2번 출입구 → 초지 방면
01,수도권,KR,4,4호선,0388,안산,1,출입구-승강장,3,1번 출입구,신길온천 방면,1번 출입구 → 신길온천 방면
01,수도권,KR,4,4호선,0388,안산,1,출입구-승강장,4,2번 출입구,신길온천 방면,2번 출입구 → 신길온천 방면
01,수도권,KR,4,4호선,0352,능길,1,출입구-승강장,1,1번 출입구 엘리베이터,안산 방면,1번 출입구 엘리베이터 → 안산 방면
01,수도권,KR,4,4호선,0352,능길,1,출입구-승강장,2,2번 출입구 엘리베이터,안산 방면,2번 출입구 엘리베이터 → 안산 방면
01,수도권,KR,4,4호선,0352,능길,1,출입구-승강장,3,1번 출입구 엘리베이터,정왕 방면,1번 출입구 엘리베이터 → 정왕 방면
01,수도권,KR,4,4호선,0352,능길,1,출입구-승강장,4,2번 출입구 엘리베이터,정왕 방면,2번 출입구 엘리베이터 → 정왕 방면
01,수도권,KR,4,4호선,0510,정왕,1,출입구-승강장,1,1번 출입구,신길온천 방면,1번 출입구 → 신길온천 방면
01,수도권,KR,4,4호선,0510,정왕,1,출입구-승강장,2,2번 출입구,신길온천 방면,2번 출입구 → 신길온천 방면
01,수도권,KR,4,4호선,0510,정왕,1,출입구-승강장,3,1번 출입구,오이도 방면,1번 출입구 → 오이도 방면
01,수도권,KR,4,4호선,0510,정왕,1,출입구-승강장,4,2번 출입구,오이도 방면,2번 출입구 → 오이도 방면
01,수도권,KR,4,4호선,0433,오이도,1,출입구-승강장,1,2번 출입구 엘리베이터,정왕 방면,2번 출입구 엘리베이터 → 정왕 방면
01,수도권,KR,4,4호선,0433,오이도,1,출입구-승강장,2,3번 출입구 엘리베이터,정왕 방면,3번 출입구 엘리베이터 → 정왕 방면
01,수도권,KR,4,4호선,0433,오이도,3,환승,1,4호선 오이도 종착,수인선 달월방면,4호선 오이도 종착 → 수인선 달월방면
01,수도권,S1,5,5호선,0221,방화,1,출입구-승강장,1,1번 출입구 옆 엘리베이터,개화산 방면,1번 출입구 옆 엘리베이터 → 개화산 방면
01,수도권,S1,5,5호선,0029,개화산,1,출입구-승강장,1,1번 출입구,방화 방면,1번 출입구 → 방화 방면
01,수도권,S1,5,5호선,0029,개화산,1,출입구-승강장,2,1번 출입구,김포공항 방면,1번 출입구 → 김포공항 방면
01,수도권,S1,5,5호선,0029,개화산,1,출입구-승강장,3,2번 출입구,방화 방면,2번 출입구 → 방화 방면
01,수도권,S1,5,5호선,0029,개화산,1,출입구-승강장,4,2번 출입구,김포공항 방면,2번 출입구 → 김포공항 방면
01,수도권,S1,5,5호선,0099,김포공항,1,출입구-승강장,1,3번 출입구 옆 엘리베이터,개화산 방면,3번 출입구 옆 엘리베이터 → 개화산 방면
01,수도권,S1,5,5호선,0099,김포공항,1,출입구-승강장,2,3번 출입구 옆 엘리베이터,송정 방면,3번 출입구 옆 엘리베이터 → 송정 방면
01,수도권,S1,5,5호선,0099,김포공항,1,출입구-승강장,3,4번 출입구 옆 엘리베이터,개화산 방면,4번 출입구 옆 엘리베이터 → 개화산 방면
01,수도권,S1,5,5호선,0099,김포공항,1,출입구-승강장,4,4번 출입구 옆 엘리베이터,송정 방면,4번 출입구 옆 엘리베이터 → 송정 방면
01,수도권,S1,5,5호선,0099,김포공항,3,환승,1,5호선 개화산 방면,9호선 개화 방면,5호선 개화산 방면 → 9호선 개화 방면
01,수도권,S1,5,5호선,0099,김포공항,3,환승,2,5호선 개화산 방면,9호선 공항시장 방면,5호선 개화산 방면 → 9호선 공항시장 방면
01,수도권,S1,5,5호선,0099,김포공항,3,환승,3,5호선 송정 방면,9호선 개화 방면,5호선 송정 방면 → 9호선 개화 방면
01,수도권,S1,5,5호선,0099,김포공항,3,환승,4,5호선 송정 방면,9호선 공항시장 방면,5호선 송정 방면 → 9호선 공항시장 방면
01,수도권,S1,5,5호선,0099,김포공항,3,환승,5,5호선 개화산 방면,공항철도 마곡나루 방면,5호선 개화산 방면 → 공항철도 마곡나루 방면
01,수도권,S1,5,5호선,0099,김포공항,3,환승,6,5호선 개화산 방면,공항철도 계양 방면,5호선 개화산 방면 → 공항철도 계양 방면
01,수도권,S1,5,5호선,0099,김포공항,3,환승,7,5호선 송정 방면,공항철도 마곡나루 방면,5호선 송정 방면 → 공항철도 마곡나루 방면
01,수도권,S1,5,5호선,0099,김포공항,3,환승,8,5호선 송정 방면,공항철도 계양 방면,5호선 송정 방면 → 공항철도 계양 방면
01,수도권,S1,5,5호선,0099,김포공항,3,환승,9,5호선 개화산 방면,김포골드라인 고촌 방면,5호선 개화산 방면 → 김포골드라인 고촌 방면
01,수도권,S1,5,5호선,0099,김포공항,3,환승,10,5호선 송정 방면,김포골드라인 고촌 방면,5호선 송정 방면 → 김포골드라인 고촌 방면
01,수도권,S1,5,5호선,0099,김포공항,3,환승,11,5호선 개화산 방면,서해선 능곡 방면,5호선 개화산 방면 → 서해선 능곡 방면
01,수도권,S1,5,5호선,0099,김포공항,3,환승,12,5호선 개화산 방면,서해선 원종 방면,5호선 개화산 방면 → 서해선 원종 방면
01,수도권,S1,5,5호선,0099,김포공항,3,환승,13,5호선 송정 방면,서해선 능곡 방면,5호선 송정 방면 → 서해선 능곡 방면
01,수도권,S1,5,5호선,0099,김포공항,3,환승,14,5호선 송정 방면,서해선 원종 방면,5호선 송정 방면 → 서해선 원종 방면
01,수도권,S1,5,5호선,0330,송정,1,출입구-승강장,1,2번 출입구 옆 엘리베이터,김포공항 방면,2번 출입구 옆 엘리베이터 → 김포공항 방면
01,수도권,S1,5,5호선,0330,송정,1,출입구-승강장,2,2번 출입구 옆 엘리베이터,마곡 방면,2번 출입구 옆 엘리베이터 → 마곡 방면
01,수도권,S1,5,5호선,0330,송정,1,출입구-승강장,3,3번 출입구 옆 엘리베이터,김포공항 방면,3번 출입구 옆 엘리베이터 → 김포공항 방면
01,수도권,S1,5,5호선,0330,송정,1,출입구-승강장,4,3번 출입구 옆 엘리베이터,마곡 방면,3번 출입구 옆 엘리베이터 → 마곡 방면
01,수도권,S1,5,5호선,0177,마곡,1,출입구-승강장,1,1번/2번 출입구 사이 엘리베이터,송정 방면,1번/2번 출입구 사이 엘리베이터 → 송정 방면
01,수도권,S1,5,5호선,0177,마곡,1,출입구-승강장,2,1번/2번 출입구 사이 엘리베이터,발산 방면,1번/2번 출입구 사이 엘리베이터 → 발산 방면
01,수도권,S1,5,5호선,0177,마곡,1,출입구-승강장,3,3번 출입구 사이 엘리베이터,송정 방면,3번 출입구 사이 엘리베이터 → 송정 방면
01,수도권,S1,5,5호선,0177,마곡,1,출입구-승강장,4,3번 출입구 사이 엘리베이터,발산 방면,3번 출입구 사이 엘리베이터 → 발산 방면
01,수도권,S1,5,5호선,0177,마곡,1,출입구-승강장,5,4번/5번 출입구 사이 엘리베이터,송정 방면,4번/5번 출입구 사이 엘리베이터 → 송정 방면
01,수도권,S1,5,5호선,0177,마곡,1,출입구-승강장,6,4번/5번 출입구 사이 엘리베이터,발산 방면,4번/5번 출입구 사이 엘리베이터 → 발산 방면
01,수도권,S1,5,5호선,0177,마곡,1,출입구-승강장,7,"6,7번 출입구 사이 엘리베이터",송정 방면,"6,7번 출입구 사이 엘리베이터 → 송정 방면"
01,수도권,S1,5,5호선,0177,마곡,1,출입구-승강장,8,"6,7번 출입구 사이 엘리베이터",발산 방면,"6,7번 출입구 사이 엘리베이터 → 발산 방면"
01,수도권,S1,5,5호선,0217,발산,1,출입구-승강장,1,7번 출입구 옆 엘리베이터,마곡 방면,7번 출입구 옆 엘리베이터 → 마곡 방면
01,수도권,S1,5,5호선,0217,발산,1,출입구-승강장,2,7번 출입구 옆 엘리베이터,우장산 방면,7번 출입구 옆 엘리베이터 → 우장산 방면
01,수도권,S1,5,5호선,0449,우장산,1,출입구-승강장,1,1번 출입구 옆 엘리베이터,발산 방면,1번 출입구 옆 엘리베이터 → 발산 방면
01,수도권,S1,5,5호선,0449,우장산,1,출입구-승강장,2,1번 출입구 옆 엘리베이터,화곡 방면,1번 출입구 옆 엘리베이터 → 화곡 방면
01,수도권,S1,5,5호선,0599,화곡,1,출입구-승강장,1, 2번 출입구 옆 엘리베이터,우장산 방면, 2번 출입구 옆 엘리베이터 → 우장산 방면
01,수도권,S1,5,5호선,0599,화곡,1,출입구-승강장,2, 2번 출입구 옆 엘리베이터,까치산 방면, 2번 출입구 옆 엘리베이터 → 까치산 방면
01,수도권,S1,5,5호선,0100,까치산,1,출입구-승강장,1,지상1층 엘리베이터,화곡 방면,지상1층 엘리베이터 → 화곡 방면
01,수도권,S1,5,5호선,0100,까치산,1,출입구-승강장,2,지상1층 엘리베이터,신정 방면,지상1층 엘리베이터 → 신정 방면
01,수도권,S1,5,5호선,0100,까치산,3,환승,1,5호선 화곡 방면,2호선 신정네거리 방면,5호선 화곡 방면 → 2호선 신정네거리 방면
01,수도권,S1,5,5호선,0100,까치산,3,환승,2,5호선 신정 방면,2호선 신정네거리 방면,5호선 신정 방면 → 2호선 신정네거리 방면
01,수도권,S1,5,5호선,0372,신정,1,출입구-승강장,1,2번 출입구 옆 엘리베이터,까치산 방면,2번 출입구 옆 엘리베이터 → 까치산 방면
01,수도권,S1,5,5호선,0372,신정,1,출입구-승강장,2,2번 출입구 옆 엘리베이터,목동 방면,2번 출입구 옆 엘리베이터 → 목동 방면
01,수도권,S1,5,5호선,0203,목동,1,출입구-승강장,1,5번 출입구 옆 엘리베이터,신정 방면,5번 출입구 옆 엘리베이터 → 신정 방면
01,수도권,S1,5,5호선,0203,목동,1,출입구-승강장,2,5번 출입구 옆 엘리베이터,오목교 방면,5번 출입구 옆 엘리베이터 → 오목교 방면
01,수도권,S1,5,5호선,0429,오목교,1,출입구-승강장,1,7번 출입구 옆 엘리베이터,목동 방면,7번 출입구 옆 엘리베이터 → 목동 방면
01,수도권,S1,5,5호선,0429,오목교,1,출입구-승강장,2,7번 출입구 옆 엘리베이터,양평 방면,7번 출입구 옆 엘리베이터 → 양평 방면
01,수도권,S1,5,5호선,0316,양평,1,출입구-승강장,1,2번 출입구 옆 엘리베이터,오목교 방면,2번 출입구 옆 엘리베이터 → 오목교 방면
01,수도권,S1,5,5호선,0316,양평,1,출입구-승강장,2,2번 출입구 옆 엘리베이터,오목교 방면,2번 출입구 옆 엘리베이터 → 오목교 방면
01,수도권,S1,5,5호선,0421,영등포구청,1,출입구-승강장,1,7번 출입구 옆 엘리베이터,양평 방면,7번 출입구 옆 엘리베이터 → 양평 방면
01,수도권,S1,5,5호선,0421,영등포구청,1,출입구-승강장,2,7번 출입구 옆 엘리베이터,영등포시장 방면,7번 출입구 옆 엘리베이터 → 영등포시장 방면
01,수도권,S1,5,5호선,0421,영등포구청,3,환승,1,5호선 양평 방면,2호선 문래 방면,5호선 양평 방면 → 2호선 문래 방면
01,수도권,S1,5,5호선,0421,영등포구청,3,환승,2,5호선 양평 방면,2호선 당산 방면,5호선 양평 방면 → 2호선 당산 방면
01,수도권,S1,5,5호선,0421,영등포구청,3,환승,3,5호선 영등포시장 방면,2호선 문래 방면,5호선 영등포시장 방면 → 2호선 문래 방면
01,수도권,S1,5,5호선,0421,영등포구청,3,환승,4,5호선 영등포시장 방면,2호선 당산 방면,5호선 영등포시장 방면 → 2호선 당산 방면
01,수도권,S1,5,5호선,0422,영등포시장,1,출입구-승강장,1,2번 출입구 옆 엘리베이터,영등포구청 방면,2번 출입구 옆 엘리베이터 → 영등포구청 방면
01,수도권,S1,5,5호선,0422,영등포시장,1,출입구-승강장,2,2번 출입구 옆 엘리베이터,신길 방면,2번 출입구 옆 엘리베이터 → 신길 방면
01,수도권,S1,5,5호선,0351,신길,1,출입구-승강장,1,3번 출입구 옆 엘리베이터,영등포시장 방면,3번 출입구 옆 엘리베이터 → 영등포시장 방면
01,수도권,S1,5,5호선,0351,신길,1,출입구-승강장,2,3번 출입구 옆 엘리베이터,여의도 방면,3번 출입구 옆 엘리베이터 → 여의도 방면
01,수도권,S1,5,5호선,0351,신길,3,환승,1,5호선 영등포시장 방면,1호선 대방 방면,5호선 영등포시장 방면 → 1호선 대방 방면
01,수도권,S1,5,5호선,0351,신길,3,환승,2,5호선 영등포시장 방면,1호선 영등포 방면,5호선 영등포시장 방면 → 1호선 영등포 방면
01,수도권,S1,5,5호선,0351,신길,3,환승,3,5호선 여의도 방면,1호선 대방 방면,5호선 여의도 방면 → 1호선 대방 방면
01,수도권,S1,5,5호선,0351,신길,3,환승,4,5호선 여의도 방면,1호선 영등포 방면,5호선 여의도 방면 → 1호선 영등포 방면
01,수도권,S1,5,5호선,0412,여의도,1,출입구-승강장,1,2번 출입구 옆 엘리베이터,신길 방면,2번 출입구 옆 엘리베이터 → 신길 방면
01,수도권,S1,5,5호선,0412,여의도,1,출입구-승강장,2,2번 출입구 옆 엘리베이터,여의나루 방면,2번 출입구 옆 엘리베이터 → 여의나루 방면
01,수도권,S1,5,5호선,0412,여의도,1,출입구-승강장,3,3번 출입구 옆 엘리베이터,신길 방면,3번 출입구 옆 엘리베이터 → 신길 방면
01,수도권,S1,5,5호선,0412,여의도,1,출입구-승강장,4,3번 출입구 옆 엘리베이터,여의나루 방면,3번 출입구 옆 엘리베이터 → 여의나루 방면
01,수도권,S1,5,5호선,0412,여의도,3,환승,1,5호선 신길 방면,9호선 샛강 방면,5호선 신길 방면 → 9호선 샛강 방면
01,수도권,S1,5,5호선,0412,여의도,3,환승,2,5호선 신길 방면,9호선 국회의사당 방면,5호선 신길 방면 → 9호선 국회의사당 방면
01,수도권,S1,5,5호선,0412,여의도,3,환승,3,5호선 여의나루 방면,9호선 샛강 방면,5호선 여의나루 방면 → 9호선 샛강 방면
01,수도권,S1,5,5호선,0412,여의도,3,환승,4,5호선 여의나루 방면,9호선 국회의사당 방면,5호선 여의나루 방면 → 9호선 국회의사당 방면
01,수도권,S1,5,5호선,0411,여의나루,1,출입구-승강장,1,4번 출입구 옆 엘리베이터,여의도 방면,4번 출입구 옆 엘리베이터 → 여의도 방면
01,수도권,S1,5,5호선,0411,여의나루,1,출입구-승강장,2,4번 출입구 옆 엘리베이터,마포 방면,4번 출입구 옆 엘리베이터 → 마포 방면
01,수도권,S1,5,5호선,0185,마포,1,출입구-승강장,1,1번 출입구 옆 엘리베이터,여의나루 방면,1번 출입구 옆 엘리베이터 → 여의나루 방면
01,수도권,S1,5,5호선,0185,마포,1,출입구-승강장,2,1번 출입구 옆 엘리베이터,공덕 방면,1번 출입구 옆 엘리베이터 → 공덕 방면
01,수도권,S1,5,5호선,0054,공덕,1,출입구-승강장,1,2번 출입구 옆 엘리베이터,마포 방면,2번 출입구 옆 엘리베이터 → 마포 방면
01,수도권,S1,5,5호선,0054,공덕,1,출입구-승강장,2,2번 출입구 옆 엘리베이터,애오개 방면,2번 출입구 옆 엘리베이터 → 애오개 방면
01,수도권,S1,5,5호선,0054,공덕,1,출입구-승강장,3,5번 출입구 옆 엘리베이터,마포 방면,5번 출입구 옆 엘리베이터 → 마포 방면
01,수도권,S1,5,5호선,0054,공덕,1,출입구-승강장,4,5번 출입구 옆 엘리베이터,애오개 방면,5번 출입구 옆 엘리베이터 → 애오개 방면
01,수도권,S1,5,5호선,0054,공덕,3,환승,1,5호선 마포 방면,6호선 대흥 방면,5호선 마포 방면 → 6호선 대흥 방면
01,수도권,S1,5,5호선,0054,공덕,3,환승,2,5호선 마포 방면,6호선 효창공원앞 방면,5호선 마포 방면 → 6호선 효창공원앞 방면
01,수도권,S1,5,5호선,0054,공덕,3,환승,3,5호선 애오개 방면,6호선 대흥 방면,5호선 애오개 방면 → 6호선 대흥 방면
01,수도권,S1,5,5호선,0054,공덕,3,환승,4,5호선 애오개 방면,6호선 효창공원앞 방면,5호선 애오개 방면 → 6호선 효창공원앞 방면
01,수도권,S1,5,5호선,0054,공덕,3,환승,5,5호선 마포 방면,경의중앙선 서강대 방면,5호선 마포 방면 → 경의중앙선 서강대 방면
01,수도권,S1,5,5호선,0054,공덕,3,환승,6,5호선 마포 방면,경의중앙선 효창공원앞 방면,5호선 마포 방면 → 경의중앙선 효창공원앞 방면
01,수도권,S1,5,5호선,0054,공덕,3,환승,7,5호선 애오개 방면,경의중앙선 서강대 방면,5호선 애오개 방면 → 경의중앙선 서강대 방면
01,수도권,S1,5,5호선,0054,공덕,3,환승,8,5호선 애오개 방면,경의중앙선 효창공원앞 방면,5호선 애오개 방면 → 경의중앙선 효창공원앞 방면
01,수도권,S1,5,5호선,0054,공덕,3,환승,9,5호선 마포 방면,공항철도 서울역 방면,5호선 마포 방면 → 공항철도 서울역 방면
01,수도권,S1,5,5호선,0054,공덕,3,환승,10,5호선 마포 방면,공항철도 홍대입구 방면,5호선 마포 방면 → 공항철도 홍대입구 방면
01,수도권,S1,5,5호선,0054,공덕,3,환승,11,5호선 애오개 방면,공항철도 서울역 방면,5호선 애오개 방면 → 공항철도 서울역 방면
01,수도권,S1,5,5호선,0054,공덕,3,환승,12,5호선 애오개 방면,공항철도 홍대입구 방면,5호선 애오개 방면 → 공항철도 홍대입구 방면
01,수도권,S1,5,5호선,0394,애오개,1,출입구-승강장,1,2번 출입구 옆 엘리베이터,공덕 방면,2번 출입구 옆 엘리베이터 → 공덕 방면
01,수도권,S1,5,5호선,0394,애오개,1,출입구-승강장,2,2번 출입구 옆 엘리베이터,충정로 방면,2번 출입구 옆 엘리베이터 → 충정로 방면
01,수도권,S1,5,5호선,0394,애오개,1,출입구-승강장,3,3번 출입구 옆 엘리베이터,공덕 방면,3번 출입구 옆 엘리베이터 → 공덕 방면
01,수도권,S1,5,5호선,0394,애오개,1,출입구-승강장,4,3번 출입구 옆 엘리베이터,충정로 방면,3번 출입구 옆 엘리베이터 → 충정로 방면
01,수도권,S1,5,5호선,0564,충정로,1,출입구-승강장,1,8번 출입구 옆 엘리베이터,애오개 방면,8번 출입구 옆 엘리베이터 → 애오개 방면
01,수도권,S1,5,5호선,0564,충정로,1,출입구-승강장,2,8번 출입구 옆 엘리베이터,서대문 방면,8번 출입구 옆 엘리베이터 → 서대문 방면
01,수도권,S1,5,5호선,0564,충정로,3,환승,1,5호선 애오개 방면,2호선 아현,5호선 애오개 방면 → 2호선 아현
01,수도권,S1,5,5호선,0564,충정로,3,환승,2,5호선 애오개 방면,2호선 시청 방면,5호선 애오개 방면 → 2호선 시청 방면
01,수도권,S1,5,5호선,0564,충정로,3,환승,3,5호선 서대문 방면,2호선 아현 방면,5호선 서대문 방면 → 2호선 아현 방면
01,수도권,S1,5,5호선,0564,충정로,3,환승,4,5호선 서대문 방면,2호선 시청 방면,5호선 서대문 방면 → 2호선 시청 방면
01,수도권,S1,5,5호선,0289,서대문,1,출입구-승강장,1,2번 출입구 옆 엘리베이터,충정로 방면,2번 출입구 옆 엘리베이터 → 충정로 방면
01,수도권,S1,5,5호선,0289,서대문,1,출입구-승강장,2,2번 출입구 옆 엘리베이터,광화문 방면,2번 출입구 옆 엘리베이터 → 광화문 방면
01,수도권,S1,5,5호선,0066,광화문,1,출입구-승강장,1,1번 출입구 옆 엘리베이터,서대문 방면,1번 출입구 옆 엘리베이터 → 서대문 방면
01,수도권,S1,5,5호선,0066,광화문,1,출입구-승강장,2,1번 출입구 옆 엘리베이터,종로3가 방면,1번 출입구 옆 엘리베이터 → 종로3가 방면
01,수도권,S1,5,5호선,0515,종로3가,1,출입구-승강장,1,8번 출입구 옆 엘리베이터,광화문 방면,8번 출입구 옆 엘리베이터 → 광화문 방면
01,수도권,S1,5,5호선,0515,종로3가,1,출입구-승강장,2,8번 출입구 옆 엘리베이터,을지로 4가 방면,8번 출입구 옆 엘리베이터 → 을지로 4가 방면
01,수도권,S1,5,5호선,0515,종로3가,3,환승,1,5호선 광화문 방면,1호선 종로5가 방면,5호선 광화문 방면 → 1호선 종로5가 방면
01,수도권,S1,5,5호선,0515,종로3가,3,환승,2,5호선 광화문 방면,1호선 종각 방면,5호선 광화문 방면 → 1호선 종각 방면
01,수도권,S1,5,5호선,0515,종로3가,3,환승,3,5호선 을지로4가 방면,1호선 종로5가 방면,5호선 을지로4가 방면 → 1호선 종로5가 방면
01,수도권,S1,5,5호선,0515,종로3가,3,환승,4,5호선 을지로4가 방면,1호선 종각 방면,5호선 을지로4가 방면 → 1호선 종각 방면
01,수도권,S1,5,5호선,0515,종로3가,3,환승,5,5호선 광화문 방면,3호선 안국 방면,5호선 광화문 방면 → 3호선 안국 방면
01,수도권,S1,5,5호선,0515,종로3가,3,환승,6,5호선 광화문 방면,3호선 을지로3가 방면,5호선 광화문 방면 → 3호선 을지로3가 방면
01,수도권,S1,5,5호선,0515,종로3가,3,환승,7,5호선 을지로4가 방면,3호선 안국 방면,5호선 을지로4가 방면 → 3호선 안국 방면
01,수도권,S1,5,5호선,0515,종로3가,3,환승,8,5호선 을지로4가 방면,3호선 을지로3가 방면,5호선 을지로4가 방면 → 3호선 을지로3가 방면
01,수도권,S1,5,5호선,0465,을지로4가,1,출입구-승강장,1,8번 출입구 옆 엘리베이터,종로3가 방면,8번 출입구 옆 엘리베이터 → 종로3가 방면
01,수도권,S1,5,5호선,0465,을지로4가,1,출입구-승강장,2,8번 출입구 옆 엘리베이터,동대문역사문화공원 방면,8번 출입구 옆 엘리베이터 → 동대문역사문화공원 방면
01,수도권,S1,5,5호선,0465,을지로4가,3,환승,1,5호선 종로3가 방면,2호선 을지로3가 방면,5호선 종로3가 방면 → 2호선 을지로3가 방면
01,수도권,S1,5,5호선,0465,을지로4가,3,환승,2,5호선 종로3가 방면,2호선 동대문역사문화공원 방면,5호선 종로3가 방면 → 2호선 동대문역사문화공원 방면
01,수도권,S1,5,5호선,0465,을지로4가,3,환승,3,5호선 동대문역사문화공원 방면,2호선 을지로3가 방면,5호선 동대문역사문화공원 방면 → 2호선 을지로3가 방면
01,수도권,S1,5,5호선,0465,을지로4가,3,환승,4,5호선 동대문역사문화공원 방면,2호선 동대문역사문화공원 방면,5호선 동대문역사문화공원 방면 → 2호선 동대문역사문화공원 방면
01,수도권,S1,5,5호선,0156,동대문역사문화공원,1,출입구-승강장,1,1번 출입구 옆 엘리베이터,을지로4가 방면,1번 출입구 옆 엘리베이터 → 을지로4가 방면
01,수도권,S1,5,5호선,0156,동대문역사문화공원,1,출입구-승강장,2,1번 출입구 옆 엘리베이터,청구 방면,1번 출입구 옆 엘리베이터 → 청구 방면
01,수도권,S1,5,5호선,0156,동대문역사문화공원,3,환승,1,5호선 을지로4가 방면,2호선 을지로4가 방면,5호선 을지로4가 방면 → 2호선 을지로4가 방면
01,수도권,S1,5,5호선,0156,동대문역사문화공원,3,환승,2,5호선 을지로4가 방면,2호선 신당 방면,5호선 을지로4가 방면 → 2호선 신당 방면
01,수도권,S1,5,5호선,0156,동대문역사문화공원,3,환승,3,5호선 청구 방면,2호선 을지로4가 방면,5호선 청구 방면 → 2호선 을지로4가 방면
01,수도권,S1,5,5호선,0156,동대문역사문화공원,3,환승,4,5호선 청구 방면,2호선 신당 방면,5호선 청구 방면 → 2호선 신당 방면
01,수도권,S1,5,5호선,0156,동대문역사문화공원,3,환승,5,5호선 을지로4가 방면,4호선 동대문 방면,5호선 을지로4가 방면 → 4호선 동대문 방면
01,수도권,S1,5,5호선,0156,동대문역사문화공원,3,환승,6,5호선 을지로4가 방면,4호선 충무로 방면,5호선 을지로4가 방면 → 4호선 충무로 방면
01,수도권,S1,5,5호선,0156,동대문역사문화공원,3,환승,7,5호선 청구 방면,4호선 동대문 방면,5호선 청구 방면 → 4호선 동대문 방면
01,수도권,S1,5,5호선,0156,동대문역사문화공원,3,환승,8,5호선 청구 방면,4호선 충무로 방면,5호선 청구 방면 → 4호선 충무로 방면
01,수도권,S1,5,5호선,0549,청구,1,출입구-승강장,1,1번 출입구 옆 엘리베이터,동대문역사문화공원 방면,1번 출입구 옆 엘리베이터 → 동대문역사문화공원 방면
01,수도권,S1,5,5호선,0549,청구,1,출입구-승강장,2,1번 출입구 옆 엘리베이터,신금호 방면,1번 출입구 옆 엘리베이터 → 신금호 방면
01,수도권,S1,5,5호선,0549,청구,1,출입구-승강장,3,3번 출입구 옆 엘리베이터,동대문역사문화공원 방면,3번 출입구 옆 엘리베이터 → 동대문역사문화공원 방면
01,수도권,S1,5,5호선,0549,청구,1,출입구-승강장,4,3번 출입구 옆 엘리베이터,신금호 방면,3번 출입구 옆 엘리베이터 → 신금호 방면
01,수도권,S1,5,5호선,0549,청구,3,환승,1,5호선 동대문역사문화공원 방면,6호선 약수 방면,5호선 동대문역사문화공원 방면 → 6호선 약수 방면
01,수도권,S1,5,5호선,0549,청구,3,환승,2,5호선 동대문역사문화공원 방면,6호선 신당 방면,5호선 동대문역사문화공원 방면 → 6호선 신당 방면
01,수도권,S1,5,5호선,0549,청구,3,환승,3,5호선 신금호 방면,6호선 약수 방면,5호선 신금호 방면 → 6호선 약수 방면
01,수도권,S1,5,5호선,0549,청구,3,환승,4,5호선 신금호 방면,6호선 신당 방면,5호선 신금호 방면 → 6호선 신당 방면
01,수도권,S1,5,5호선,0350,신금호,1,출입구-승강장,1,3번 출입구 옆 엘리베이터,청구 방면,3번 출입구 옆 엘리베이터 → 청구 방면
01,수도권,S1,5,5호선,0350,신금호,1,출입구-승강장,2,3번 출입구 옆 엘리베이터,행당 방면,3번 출입구 옆 엘리베이터 → 행당 방면
01,수도권,S1,5,5호선,0592,행당,1,출입구-승강장,1,3번 출입구 옆 엘리베이터,신금호 방면,3번 출입구 옆 엘리베이터 → 신금호 방면
01,수도권,S1,5,5호선,0592,행당,1,출입구-승강장,2,3번 출입구 옆 엘리베이터,왕십리 방면,3번 출입구 옆 엘리베이터 → 왕십리 방면
01,수도권,S1,5,5호선,0441,왕십리,1,출입구-승강장,1,4번 출입구 옆 엘리베이터,행당 방면,4번 출입구 옆 엘리베이터 → 행당 방면
01,수도권,S1,5,5호선,0441,왕십리,1,출입구-승강장,2,4번 출입구 옆 엘리베이터,마장 방면,4번 출입구 옆 엘리베이터 → 마장 방면
01,수도권,S1,5,5호선,0441,왕십리,1,출입구-승강장,3,6-1번 출입구 옆 엘리베이터,행당 방면,6-1번 출입구 옆 엘리베이터 → 행당 방면
01,수도권,S1,5,5호선,0441,왕십리,1,출입구-승강장,4,6-1번 출입구 옆 엘리베이터,마장 방면,6-1번 출입구 옆 엘리베이터 → 마장 방면
01,수도권,S1,5,5호선,0441,왕십리,3,환승,1,5호선 행당 방면,2호선 상왕십리 방면,5호선 행당 방면 → 2호선 상왕십리 방면
01,수도권,S1,5,5호선,0441,왕십리,3,환승,2,5호선 행당 방면,2호선 한양대 방면,5호선 행당 방면 → 2호선 한양대 방면
01,수도권,S1,5,5호선,0441,왕십리,3,환승,3,5호선 마장 방면,2호선 상왕십리 방면,5호선 마장 방면 → 2호선 상왕십리 방면
01,수도권,S1,5,5호선,0441,왕십리,3,환승,4,5호선 마장 방면,2호선 한양대 방면,5호선 마장 방면 → 2호선 한양대 방면
01,수도권,S1,5,5호선,0441,왕십리,3,환승,5,5호선 행당 방면,수인분당선 청량리 방면,5호선 행당 방면 → 수인분당선 청량리 방면
01,수도권,S1,5,5호선,0441,왕십리,3,환승,6, 5호선 행당 방면,수인분당선 서울숲 방면, 5호선 행당 방면 → 수인분당선 서울숲 방면
01,수도권,S1,5,5호선,0441,왕십리,3,환승,7,5호선 마장 방면,수인분당선 청량리 방면,5호선 마장 방면 → 수인분당선 청량리 방면
01,수도권,S1,5,5호선,0441,왕십리,3,환승,8,5호선 마장 방면,수인분당선 서울숲 방면,5호선 마장 방면 → 수인분당선 서울숲 방면
01,수도권,S1,5,5호선,0441,왕십리,3,환승,9,5호선 행당 방면,경의중앙선 응봉 방면,5호선 행당 방면 → 경의중앙선 응봉 방면
01,수도권,S1,5,5호선,0441,왕십리,3,환승,10,5호선 행당 방면,경의중앙선 청량리 방면,5호선 행당 방면 → 경의중앙선 청량리 방면
01,수도권,S1,5,5호선,0441,왕십리,3,환승,11,5호선 마장 방면,경의중앙선 응봉 방면,5호선 마장 방면 → 경의중앙선 응봉 방면
01,수도권,S1,5,5호선,0441,왕십리,3,환승,12, 5호선 마장 방면,경의중앙선 청량리 방면, 5호선 마장 방면 → 경의중앙선 청량리 방면
01,수도권,S1,5,5호선,0182,마장,1,출입구-승강장,1,2번 출입구 옆 엘리베이터,왕십리 방면,2번 출입구 옆 엘리베이터 → 왕십리 방면
01,수도권,S1,5,5호선,0182,마장,1,출입구-승강장,2,2번 출입구 옆 엘리베이터,답십리 방면,2번 출입구 옆 엘리베이터 → 답십리 방면
01,수도권,S1,5,5호선,0124,답십리,1,출입구-승강장,1,2번 출입구 옆 엘리베이터,마장 방면,2번 출입구 옆 엘리베이터 → 마장 방면
01,수도권,S1,5,5호선,0124,답십리,1,출입구-승강장,2, 2번 출입구 옆 엘리베이터,장한평 방면, 2번 출입구 옆 엘리베이터 → 장한평 방면
01,수도권,S1,5,5호선,0124,답십리,1,출입구-승강장,3,6번 출입구 옆 엘리베이터,마장 방면,6번 출입구 옆 엘리베이터 → 마장 방면
01,수도권,S1,5,5호선,0124,답십리,1,출입구-승강장,4,6번 출입구 옆 엘리베이터,장한평 방면,6번 출입구 옆 엘리베이터 → 장한평 방면
01,수도권,S1,5,5호선,0505,장한평,1,출입구-승강장,1,1번 출입구 옆 엘리베이터,답십리 방면,1번 출입구 옆 엘리베이터 → 답십리 방면
01,수도권,S1,5,5호선,0505,장한평,1,출입구-승강장,2,1번 출입구 옆 엘리베이터,군자 방면,1번 출입구 옆 엘리베이터 → 군자 방면
01,수도권,S1,5,5호선,0505,장한평,1,출입구-승강장,3,7번 출입구 옆 엘리베이터,답십리 방면,7번 출입구 옆 엘리베이터 → 답십리 방면
01,수도권,S1,5,5호선,0505,장한평,1,출입구-승강장,4,7번 출입구 옆 엘리베이터,군자 방면,7번 출입구 옆 엘리베이터 → 군자 방면
01,수도권,S1,5,5호선,0082,군자,1,출입구-승강장,1,4번 출입구 옆 엘리베이터,장한평 방면,4번 출입구 옆 엘리베이터 → 장한평 방면
01,수도권,S1,5,5호선,0082,군자,1,출입구-승강장,2, 4번 출입구 옆 엘리베이터,아차산 방면, 4번 출입구 옆 엘리베이터 → 아차산 방면
01,수도권,S1,5,5호선,0082,군자,1,출입구-승강장,3,7번 출입구 옆 엘리베이터,장한평 방면,7번 출입구 옆 엘리베이터 → 장한평 방면
01,수도권,S1,5,5호선,0082,군자,1,출입구-승강장,4,7번 출입구 옆 엘리베이터,아차산 방면,7번 출입구 옆 엘리베이터 → 아차산 방면
01,수도권,S1,5,5호선,0082,군자,3,환승,1,5호선 장한평 방면,7호선 중곡 방면,5호선 장한평 방면 → 7호선 중곡 방면
01,수도권,S1,5,5호선,0082,군자,3,환승,2, 5호선 장한평 방면,7호선 어린이대공원 방면, 5호선 장한평 방면 → 7호선 어린이대공원 방면
01,수도권,S1,5,5호선,0082,군자,3,환승,3,5호선 아차산 방면,7호선 중곡 방면,5호선 아차산 방면 → 7호선 중곡 방면
01,수도권,S1,5,5호선,0082,군자,3,환승,4,5호선 아차산 방면,7호선 어린이대공원 방면,5호선 아차산 방면 → 7호선 어린이대공원 방면
01,수도권,S1,5,5호선,0385,아차산,1,출입구-승강장,1,4번 출입구 옆 엘리베이터,군자 방면,4번 출입구 옆 엘리베이터 → 군자 방면
01,수도권,S1,5,5호선,0385,아차산,1,출입구-승강장,2,4번 출입구 옆 엘리베이터,광나루 방면,4번 출입구 옆 엘리베이터 → 광나루 방면
01,수도권,S1,5,5호선,0062,광나루,1,출입구-승강장,1,1번 출입구 옆 엘리베이터,아차산 방면,1번 출입구 옆 엘리베이터 → 아차산 방면
01,수도권,S1,5,5호선,0062,광나루,1,출입구-승강장,2,1번 출입구 옆 엘리베이터,천호 방면,1번 출입구 옆 엘리베이터 → 천호 방면
01,수도권,S1,5,5호선,0546,천호,1,출입구-승강장,1,6번 출입구 옆 엘리베이터,광나루 방면,6번 출입구 옆 엘리베이터 → 광나루 방면
01,수도권,S1,5,5호선,0546,천호,1,출입구-승강장,2,6번 출입구 옆 엘리베이터,강동 방면,6번 출입구 옆 엘리베이터 → 강동 방면
01,수도권,S1,5,5호선,0546,천호,3,환승,1,5호선 광나루 방면,8호선 암사 방면,5호선 광나루 방면 → 8호선 암사 방면
01,수도권,S1,5,5호선,0546,천호,3,환승,2,5호선 광나루 방면,8호선 강동구청 방면,5호선 광나루 방면 → 8호선 강동구청 방면
01,수도권,S1,5,5호선,0546,천호,3,환승,3,5호선 강동 방면,8호선 암사 방면,5호선 강동 방면 → 8호선 암사 방면
01,수도권,S1,5,5호선,0546,천호,3,환승,4,5호선 강동 방면,8호선 강동구청 방면,5호선 강동 방면 → 8호선 강동구청 방면
01,수도권,S1,5,5호선,0020,강동,1,출입구-승강장,1,1번 출입구 근처 엘리베이터 ,천호 방면,1번 출입구 근처 엘리베이터  → 천호 방면
01,수도권,S1,5,5호선,0020,강동,1,출입구-승강장,2,1번 출입구 근처 엘리베이터,"길동, 둔촌동 방면","1번 출입구 근처 엘리베이터 → 길동, 둔촌동 방면"
01,수도권,S1,5,5호선,0020,강동,1,출입구-승강장,3,2-1번 출입구 근처 엘리베이터 ,천호 방면,2-1번 출입구 근처 엘리베이터  → 천호 방면
01,수도권,S1,5,5호선,0020,강동,1,출입구-승강장,4,2-1번 출입구 근처 엘리베이터 ,"길동, 둔촌동 방면","2-1번 출입구 근처 엘리베이터  → 길동, 둔촌동 방면"
01,수도권,S1,5,5호선,0095,길동,1,출입구-승강장,1,1번 출입구 옆 엘리베이터,강동 방면,1번 출입구 옆 엘리베이터 → 강동 방면
01,수도권,S1,5,5호선,0095,길동,1,출입구-승강장,2,1번 출입구 옆 엘리베이터,굽은다리 방면,1번 출입구 옆 엘리베이터 → 굽은다리 방면
01,수도권,S1,5,5호선,0086,굽은다리,1,출입구-승강장,1,1번 출입구 옆 엘리베이터,길동 방면,1번 출입구 옆 엘리베이터 → 길동 방면
01,수도권,S1,5,5호선,0086,굽은다리,1,출입구-승강장,2,1번 출입구 옆 엘리베이터,명일 방면,1번 출입구 옆 엘리베이터 → 명일 방면
01,수도권,S1,5,5호선,0198,명일,1,출입구-승강장,1,3번 출입구 옆 엘리베이터,굽은다리 방면,3번 출입구 옆 엘리베이터 → 굽은다리 방면
01,수도권,S1,5,5호선,0198,명일,1,출입구-승강장,2,3번 출입구 옆 엘리베이터,고덕 방면,3번 출입구 옆 엘리베이터 → 고덕 방면
01,수도권,S1,5,5호선,0046,고덕,1,출입구-승강장,1,2번 출입구 옆 엘리베이터,명일 방면,2번 출입구 옆 엘리베이터 → 명일 방면
01,수도권,S1,5,5호선,0046,고덕,1,출입구-승강장,2,2번 출입구 옆 엘리베이터,상일동 방면,2번 출입구 옆 엘리베이터 → 상일동 방면
01,수도권,S1,5,5호선,0046,고덕,1,출입구-승강장,3,5번 출입구 옆 엘리베이터,명일 방면,5번 출입구 옆 엘리베이터 → 명일 방면
01,수도권,S1,5,5호선,0046,고덕,1,출입구-승강장,4,5번 출입구 옆 엘리베이터,상일동 방면,5번 출입구 옆 엘리베이터 → 상일동 방면
01,수도권,S1,5,5호선,0281,상일동,1,출입구-승강장,1,1번 출입구 옆 엘리베이터,고덕 방면,1번 출입구 옆 엘리베이터 → 고덕 방면
01,수도권,S1,5,5호선,0281,상일동,1,출입구-승강장,2,1번 출입구 옆 엘리베이터,강일 방면,1번 출입구 옆 엘리베이터 → 강일 방면
01,수도권,S1,5,5호선,0281,상일동,1,출입구-승강장,3,3번/4번 출입구 사이 엘리베이터,고덕 방면,3번/4번 출입구 사이 엘리베이터 → 고덕 방면
01,수도권,S1,5,5호선,0281,상일동,1,출입구-승강장,4,3번/4번 출입구 사이 엘리베이터,강일 방면,3번/4번 출입구 사이 엘리베이터 → 강일 방면
01,수도권,S1,5,5호선,0281,상일동,1,출입구-승강장,5,5번/6번 출입구 사이 엘리베이터,고덕 방면,5번/6번 출입구 사이 엘리베이터 → 고덕 방면
01,수도권,S1,5,5호선,0281,상일동,1,출입구-승강장,6,5번/6번 출입구 사이 엘리베이터,강일 방면,5번/6번 출입구 사이 엘리베이터 → 강일 방면
01,수도권,S1,5,5호선,0281,상일동,1,출입구-승강장,7,7번 출입구 옆 엘리베이터,고덕 방면,7번 출입구 옆 엘리베이터 → 고덕 방면
01,수도권,S1,5,5호선,0281,상일동,1,출입구-승강장,8,7번 출입구 옆 엘리베이터,강일 방면,7번 출입구 옆 엘리베이터 → 강일 방면
01,수도권,S1,5,5호선,0436,강일,1,출입구-승강장,1,1번 출입구 옆 엘리베이터,상일동 방면,1번 출입구 옆 엘리베이터 → 상일동 방면
01,수도권,S1,5,5호선,0436,강일,1,출입구-승강장,2,1번 출입구 옆 엘리베이터,미사 방면,1번 출입구 옆 엘리베이터 → 미사 방면
01,수도권,S1,5,5호선,0436,강일,1,출입구-승강장,3,2번 출입구 옆 엘리베이터,상일동 방면,2번 출입구 옆 엘리베이터 → 상일동 방면
01,수도권,S1,5,5호선,0436,강일,1,출입구-승강장,4,2번 출입구 옆 엘리베이터,미사 방면,2번 출입구 옆 엘리베이터 → 미사 방면
01,수도권,S1,5,5호선,0436,강일,1,출입구-승강장,5,3번 출입구 옆 엘리베이터,상일동 방면,3번 출입구 옆 엘리베이터 → 상일동 방면
01,수도권,S1,5,5호선,0436,강일,1,출입구-승강장,6,3번 출입구 옆 엘리베이터,미사 방면,3번 출입구 옆 엘리베이터 → 미사 방면
01,수도권,S1,5,5호선,0436,강일,1,출입구-승강장,7,4번 출입구 옆 엘리베이터,상일동 방면,4번 출입구 옆 엘리베이터 → 상일동 방면
01,수도권,S1,5,5호선,0436,강일,1,출입구-승강장,8,4번 출입구 옆 엘리베이터,미사 방면,4번 출입구 옆 엘리베이터 → 미사 방면
01,수도권,S1,5,5호선,0475,미사,1,출입구-승강장,1,1번 출입구 옆 엘리베이터,강일 방면,1번 출입구 옆 엘리베이터 → 강일 방면
01,수도권,S1,5,5호선,0475,미사,1,출입구-승강장,2,1번 출입구 옆 엘리베이터,하남풍산 방면,1번 출입구 옆 엘리베이터 → 하남풍산 방면
01,수도권,S1,5,5호선,0475,미사,1,출입구-승강장,3,6번 출입구 옆 엘리베이터,강일 방면,6번 출입구 옆 엘리베이터 → 강일 방면
01,수도권,S1,5,5호선,0475,미사,1,출입구-승강장,4,6번 출입구 옆 엘리베이터,하남풍산 방면,6번 출입구 옆 엘리베이터 → 하남풍산 방면
01,수도권,S1,5,5호선,0478,하남풍산,1,출입구-승강장,1,1번 출입구 옆 엘리베이터,미사 방면,1번 출입구 옆 엘리베이터 → 미사 방면
01,수도권,S1,5,5호선,0478,하남풍산,1,출입구-승강장,2,1번 출입구 옆 엘리베이터,하남시청 방면,1번 출입구 옆 엘리베이터 → 하남시청 방면
01,수도권,S1,5,5호선,0478,하남풍산,1,출입구-승강장,3,5번 출입구 옆 엘리베이터,미사 방면,5번 출입구 옆 엘리베이터 → 미사 방면
01,수도권,S1,5,5호선,0478,하남풍산,1,출입구-승강장,4,5번 출입구 옆 엘리베이터,하남시청 방면,5번 출입구 옆 엘리베이터 → 하남시청 방면
01,수도권,S1,5,5호선,0478,하남풍산,1,출입구-승강장,5,7/8번 출입구 사이 엘리베이터,미사 방면,7/8번 출입구 사이 엘리베이터 → 미사 방면
01,수도권,S1,5,5호선,0478,하남풍산,1,출입구-승강장,6,7/8번 출입구 사이 엘리베이터,하남시청 방면,7/8번 출입구 사이 엘리베이터 → 하남시청 방면
01,수도권,S1,5,5호선,0482,하남시청,1,출입구-승강장,1,3번 출입구 옆 엘리베이터,하남풍산 방면,3번 출입구 옆 엘리베이터 → 하남풍산 방면
01,수도권,S1,5,5호선,0482,하남시청,1,출입구-승강장,2,3번 출입구 옆 엘리베이터,하남검단산 방면,3번 출입구 옆 엘리베이터 → 하남검단산 방면
01,수도권,S1,5,5호선,0482,하남시청,1,출입구-승강장,3,5번 출입구 옆 엘리베이터,하남풍산 방면,5번 출입구 옆 엘리베이터 → 하남풍산 방면
01,수도권,S1,5,5호선,0482,하남시청,1,출입구-승강장,4,5번 출입구 옆 엘리베이터,하남검단산 방면,5번 출입구 옆 엘리베이터 → 하남검단산 방면
01,수도권,S1,5,5호선,0489,하남검단산역,1,출입구-승강장,1,1번 출입구 옆 엘리베이터,하남시청 방면,1번 출입구 옆 엘리베이터 → 하남시청 방면
01,수도권,S1,5,5호선,0489,하남검단산역,1,출입구-승강장,2,4번 출입구 옆 엘리베이터,하남시청 방면,4번 출입구 옆 엘리베이터 → 하남시청 방면
01,수도권,S1,5,5호선,0172,둔촌동,1,출입구-승강장,1,3번/4번 출입구 사이 엘리베이터,강동 방면,3번/4번 출입구 사이 엘리베이터 → 강동 방면
01,수도권,S1,5,5호선,0172,둔촌동,1,출입구-승강장,2,3번/4번 출입구 사이 엘리베이터,올림픽공원 방면,3번/4번 출입구 사이 엘리베이터 → 올림픽공원 방면
01,수도권,S1,5,5호선,0172,둔촌동,1,출입구-승강장,3,1번/2번 출입구 사이 엘리베이터,강동 방면,1번/2번 출입구 사이 엘리베이터 → 강동 방면
01,수도권,S1,5,5호선,0172,둔촌동,1,출입구-승강장,4,1번/2번 출입구 사이 엘리베이터,올림픽공원 방면,1번/2번 출입구 사이 엘리베이터 → 올림픽공원 방면
01,수도권,S1,5,5호선,0438,올림픽공원,1,출입구-승강장,1,2번 출입구 옆 엘리베이터,둔촌동 방면,2번 출입구 옆 엘리베이터 → 둔촌동 방면
01,수도권,S1,5,5호선,0438,올림픽공원,1,출입구-승강장,2,2번 출입구 옆 엘리베이터,방이 방면,2번 출입구 옆 엘리베이터 → 방이 방면
01,수도권,S1,5,5호선,0438,올림픽공원,3,환승,1,5호선 둔촌동 방면,9호선 둔촌오륜 방면,5호선 둔촌동 방면 → 9호선 둔촌오륜 방면
01,수도권,S1,5,5호선,0438,올림픽공원,3,환승,2,5호선 둔촌동 방면,9호선 한성백제 방면,5호선 둔촌동 방면 → 9호선 한성백제 방면
01,수도권,S1,5,5호선,0438,올림픽공원,3,환승,3,5호선 방이 방면,9호선 둔촌오륜 방면,5호선 방이 방면 → 9호선 둔촌오륜 방면
01,수도권,S1,5,5호선,0438,올림픽공원,3,환승,4,5호선 방이 방면,9호선 한성백제 방면,5호선 방이 방면 → 9호선 한성백제 방면
01,수도권,S1,5,5호선,0219,방이,1,출입구-승강장,1,1번 출입구 옆 엘리베이터,올림픽공원 방면,1번 출입구 옆 엘리베이터 → 올림픽공원 방면
01,수도권,S1,5,5호선,0219,방이,1,출입구-승강장,2,1번 출입구 옆 엘리베이터,오금 방면,1번 출입구 옆 엘리베이터 → 오금 방면
01,수도권,S1,5,5호선,0219,방이,1,출입구-승강장,3,3번 출입구 옆 엘리베이터,올림픽공원 방면,3번 출입구 옆 엘리베이터 → 올림픽공원 방면
01,수도권,S1,5,5호선,0219,방이,1,출입구-승강장,4,3번 출입구 옆 엘리베이터,오금 방면,3번 출입구 옆 엘리베이터 → 오금 방면
01,수도권,S1,5,5호선,0426,오금,1,출입구-승강장,1,1번 출입구 옆 엘리베이터,방이 방면,1번 출입구 옆 엘리베이터 → 방이 방면
01,수도권,S1,5,5호선,0426,오금,1,출입구-승강장,2,1번 출입구 옆 엘리베이터,개롱 방면,1번 출입구 옆 엘리베이터 → 개롱 방면
01,수도권,S1,5,5호선,0426,오금,1,출입구-승강장,3,5번 출입구 옆 엘리베이터,방이 방면,5번 출입구 옆 엘리베이터 → 방이 방면
01,수도권,S1,5,5호선,0426,오금,1,출입구-승강장,4,5번 출입구 옆 엘리베이터,개롱 방면,5번 출입구 옆 엘리베이터 → 개롱 방면
01,수도권,S1,5,5호선,0426,오금,3,환승,1,5호선 방이 방면,3호선 경찰병원 방면,5호선 방이 방면 → 3호선 경찰병원 방면
01,수도권,S1,5,5호선,0426,오금,3,환승,2,5호선 개롱 방면,3호선 경찰병원 방면,5호선 개롱 방면 → 3호선 경찰병원 방면
01,수도권,S1,5,5호선,0025,개롱,1,출입구-승강장,1,3번 출입구 옆 엘리베이터,오금 방면,3번 출입구 옆 엘리베이터 → 오금 방면
01,수도권,S1,5,5호선,0025,개롱,1,출입구-승강장,2,3번 출입구 옆 엘리베이터,거여 방면,3번 출입구 옆 엘리베이터 → 거여 방면
01,수도권,S1,5,5호선,0030,거여,1,출입구-승강장,1,1번 출입구 옆 엘리베이터,개롱 방면,1번 출입구 옆 엘리베이터 → 개롱 방면
01,수도권,S1,5,5호선,0030,거여,1,출입구-승강장,2,1번 출입구 옆 엘리베이터,마천 방면,1번 출입구 옆 엘리베이터 → 마천 방면
01,수도권,S1,5,5호선,0184,마천,1,출입구-승강장,1,1번 출입구,거여 방면,1번 출입구 → 거여 방면
01,수도권,S1,5,5호선,0184,마천,1,출입구-승강장,2,종착역 승강장,1번 출입구,종착역 승강장 → 1번 출입구
01,수도권,S1,6,6호선,0468,응암,1,출입구-승강장,1,4번 출입구 옆 엘리베이터,새절 방면,4번 출입구 옆 엘리베이터 → 새절 방면
01,수도권,S1,6,6호선,0468,응암,1,출입구-승강장,2,4번 출입구 옆 엘리베이터,역촌 방면,4번 출입구 옆 엘리베이터 → 역촌 방면
01,수도권,S1,6,6호선,0468,응암,3,환승,1,6호선 새절 방면,6호선 역촌 방면,6호선 새절 방면 → 6호선 역촌 방면
01,수도권,S1,6,6호선,0468,응암,3,환승,2,6호선 역촌 방면,6호선 새절 방면,6호선 역촌 방면 → 6호선 새절 방면
01,수도권,S1,6,6호선,0416,역촌,1,출입구-승강장,1,4번 출입구 옆 엘리베이터,불광 방면,4번 출입구 옆 엘리베이터 → 불광 방면
01,수도권,S1,6,6호선,0255,불광,1,출입구-승강장,1, 8번 출입구 옆 엘리베이터,독바위 방면, 8번 출입구 옆 엘리베이터 → 독바위 방면
01,수도권,S1,6,6호선,0255,불광,3,환승,3,6호선 독바위 방면,3호선 연신내 방면,6호선 독바위 방면 → 3호선 연신내 방면
01,수도권,S1,6,6호선,0255,불광,3,환승,4,6호선 독바위 방면,3호선 녹번 방면,6호선 독바위 방면 → 3호선 녹번 방면
01,수도권,S1,6,6호선,0151,독바위,1,출입구-승강장,1,1번 출입구 옆 엘리베이터,연신내 방면,1번 출입구 옆 엘리베이터 → 연신내 방면
01,수도권,S1,6,6호선,0418,연신내,1,출입구-승강장,2,6번출구 엘리베이터,구산 방면,6번출구 엘리베이터 → 구산 방면
01,수도권,S1,6,6호선,0418,연신내,3,환승,3,6호선 구산 방면,3호선 구파발 방면,6호선 구산 방면 → 3호선 구파발 방면
01,수도권,S1,6,6호선,0418,연신내,3,환승,4,6호선 구산 방면,3호선 불광 방면,6호선 구산 방면 → 3호선 불광 방면
01,수도권,S1,6,6호선,0074,구산,1,출입구-승강장,1,4번 출입구 옆 엘리베이터,응암 방면,4번 출입구 옆 엘리베이터 → 응암 방면
01,수도권,S1,6,6호선,0285,새절,1,출입구-승강장,1,1번/2번 출입구 사이 엘리베이터,응암 방면,1번/2번 출입구 사이 엘리베이터 → 응암 방면
01,수도권,S1,6,6호선,0285,새절,1,출입구-승강장,2,1번/2번 출입구 사이 엘리베이터,증산 방면,1번/2번 출입구 사이 엘리베이터 → 증산 방면
01,수도권,S1,6,6호선,0532,증산,1,출입구-승강장,1,2번 출입구 옆 엘리베이터,새절 방면,2번 출입구 옆 엘리베이터 → 새절 방면
01,수도권,S1,6,6호선,0532,증산,1,출입구-승강장,2,2번 출입구 옆 엘리베이터,디지털미디어시티 방면,2번 출입구 옆 엘리베이터 → 디지털미디어시티 방면
01,수도권,S1,6,6호선,0174,디지털미디어시티,1,출입구-승강장,1,4번 출입구,증산 방면,4번 출입구 → 증산 방면
01,수도권,S1,6,6호선,0174,디지털미디어시티,1,출입구-승강장,2,4번 출입구,월드컵경기장 방면,4번 출입구 → 월드컵경기장 방면
01,수도권,S1,6,6호선,0174,디지털미디어시티,3,환승,1,6호선 증산 방면,경의중앙선 수색 방면,6호선 증산 방면 → 경의중앙선 수색 방면
01,수도권,S1,6,6호선,0174,디지털미디어시티,3,환승,2,6호선 증산 방면,경의중앙선 가좌 방면,6호선 증산 방면 → 경의중앙선 가좌 방면
01,수도권,S1,6,6호선,0174,디지털미디어시티,3,환승,3,6호선 월드컵경기장 방면,경의중앙선 수색 방면,6호선 월드컵경기장 방면 → 경의중앙선 수색 방면
01,수도권,S1,6,6호선,0174,디지털미디어시티,3,환승,4,6호선 월드컵경기장 방면,경의중앙선 가좌 방면,6호선 월드컵경기장 방면 → 경의중앙선 가좌 방면
01,수도권,S1,6,6호선,0174,디지털미디어시티,3,환승,5, 6호선 증산 방면,공항철도 홍대입구 방면, 6호선 증산 방면 → 공항철도 홍대입구 방면
01,수도권,S1,6,6호선,0174,디지털미디어시티,3,환승,6,6호선 증산 방면,공항철도 마곡나루 방면,6호선 증산 방면 → 공항철도 마곡나루 방면
01,수도권,S1,6,6호선,0174,디지털미디어시티,3,환승,7,6호선 월드컵경기장 방면,공항철도 홍대입구 방면,6호선 월드컵경기장 방면 → 공항철도 홍대입구 방면
01,수도권,S1,6,6호선,0174,디지털미디어시티,3,환승,8,6호선 월드컵경기장 방면,공항철도 마곡나루 방면,6호선 월드컵경기장 방면 → 공항철도 마곡나루 방면
01,수도권,S1,6,6호선,0462,월드컵경기장,1,출입구-승강장,1,2번 출입구 옆 엘리베이터,디지털미디어시티 방면,2번 출입구 옆 엘리베이터 → 디지털미디어시티 방면
01,수도권,S1,6,6호선,0462,월드컵경기장,1,출입구-승강장,2,2번 출입구 옆 엘리베이터,마포구청 방면,2번 출입구 옆 엘리베이터 → 마포구청 방면
01,수도권,S1,6,6호선,0186,마포구청,1,출입구-승강장,1,2번 출입구 옆 엘리베이터,월드컵경기장 방면,2번 출입구 옆 엘리베이터 → 월드컵경기장 방면
01,수도권,S1,6,6호선,0186,마포구청,1,출입구-승강장,2,2번 출입구 옆 엘리베이터,망원 방면,2번 출입구 옆 엘리베이터 → 망원 방면
01,수도권,S1,6,6호선,0186,마포구청,1,출입구-승강장,3,8번 출입구 옆 엘리베이터,월드컵경기장 방면,8번 출입구 옆 엘리베이터 → 월드컵경기장 방면
01,수도권,S1,6,6호선,0186,마포구청,1,출입구-승강장,4,8번 출입구 옆 엘리베이터,망원 방면,8번 출입구 옆 엘리베이터 → 망원 방면
01,수도권,S1,6,6호선,0189,망원,1,출입구-승강장,1,2번 출입구 옆 엘리베이터,마포구청 방면,2번 출입구 옆 엘리베이터 → 마포구청 방면
01,수도권,S1,6,6호선,0189,망원,1,출입구-승강장,2,2번 출입구 옆 엘리베이터,합정 방면,2번 출입구 옆 엘리베이터 → 합정 방면
01,수도권,S1,6,6호선,0591,합정,1,출입구-승강장,1,6번 출입구 옆 엘리베이터,망원 방면,6번 출입구 옆 엘리베이터 → 망원 방면
01,수도권,S1,6,6호선,0591,합정,1,출입구-승강장,2,6번 출입구 옆 엘리베이터,상수 방면,6번 출입구 옆 엘리베이터 → 상수 방면
01,수도권,S1,6,6호선,0591,합정,3,환승,1,6호선 망원 방면,2호선 당산 방면,6호선 망원 방면 → 2호선 당산 방면
01,수도권,S1,6,6호선,0591,합정,3,환승,2,6호선 망원 방면,2호선 홍대입구 방면,6호선 망원 방면 → 2호선 홍대입구 방면
01,수도권,S1,6,6호선,0591,합정,3,환승,3,6호선 상수 방면,2호선 당산 방면,6호선 상수 방면 → 2호선 당산 방면
01,수도권,S1,6,6호선,0591,합정,3,환승,4,6호선 상수 방면,2호선 홍대입구 방면,6호선 상수 방면 → 2호선 홍대입구 방면
01,수도권,S1,6,6호선,0278,상수,1,출입구-승강장,1,3번 출입구 옆 엘리베이터,합정 방면,3번 출입구 옆 엘리베이터 → 합정 방면
01,수도권,S1,6,6호선,0278,상수,1,출입구-승강장,2,3번 출입구 옆 엘리베이터,광흥창 방면,3번 출입구 옆 엘리베이터 → 광흥창 방면
01,수도권,S1,6,6호선,0067,광흥창,1,출입구-승강장,1,1번 출입구 옆 엘리베이터,상수 방면,1번 출입구 옆 엘리베이터 → 상수 방면
01,수도권,S1,6,6호선,0067,광흥창,1,출입구-승강장,2,1번 출입구 옆 엘리베이터,대흥 방면,1번 출입구 옆 엘리베이터 → 대흥 방면
01,수도권,S1,6,6호선,0138,대흥,1,출입구-승강장,1,3번 출입구 전방 엘리베이터,광흥창 방면,3번 출입구 전방 엘리베이터 → 광흥창 방면
01,수도권,S1,6,6호선,0138,대흥,1,출입구-승강장,2,3번 출입구 전방 엘리베이터,공덕 방면,3번 출입구 전방 엘리베이터 → 공덕 방면
01,수도권,S1,6,6호선,0054,공덕,1,출입구-승강장,1,2번 출입구 옆 엘리베이터,대흥 방면,2번 출입구 옆 엘리베이터 → 대흥 방면
01,수도권,S1,6,6호선,0054,공덕,1,출입구-승강장,2,2번 출입구 옆 엘리베이터,효창공원앞 방면,2번 출입구 옆 엘리베이터 → 효창공원앞 방면
01,수도권,S1,6,6호선,0054,공덕,1,출입구-승강장,3,5번 출입구 옆 엘리베이터,대흥 방면,5번 출입구 옆 엘리베이터 → 대흥 방면
01,수도권,S1,6,6호선,0054,공덕,1,출입구-승강장,4,5번 출입구 옆 엘리베이터,효창공원앞 방면,5번 출입구 옆 엘리베이터 → 효창공원앞 방면
01,수도권,S1,6,6호선,0054,공덕,3,환승,1,6호선 대흥 방면,5호선 마포 방면,6호선 대흥 방면 → 5호선 마포 방면
01,수도권,S1,6,6호선,0054,공덕,3,환승,2,6호선 대흥 방면,5호선 애오개 방면,6호선 대흥 방면 → 5호선 애오개 방면
01,수도권,S1,6,6호선,0054,공덕,3,환승,3,6호선 효창공원앞 방면,5호선 마포 방면,6호선 효창공원앞 방면 → 5호선 마포 방면
01,수도권,S1,6,6호선,0054,공덕,3,환승,4,6호선 효창공원앞 방면,5호선 애오개 방면,6호선 효창공원앞 방면 → 5호선 애오개 방면
01,수도권,S1,6,6호선,0054,공덕,3,환승,5,6호선 대흥 방면,경의중앙선 서강대 방면,6호선 대흥 방면 → 경의중앙선 서강대 방면
01,수도권,S1,6,6호선,0054,공덕,3,환승,6,6호선 대흥 방면,경의중앙선 효창공원앞 방면,6호선 대흥 방면 → 경의중앙선 효창공원앞 방면
01,수도권,S1,6,6호선,0054,공덕,3,환승,7,6호선 효창공원앞 방면,경의중앙선 서강대 방면,6호선 효창공원앞 방면 → 경의중앙선 서강대 방면
01,수도권,S1,6,6호선,0054,공덕,3,환승,8,6호선 효창공원앞 방면,경의중앙선 효창공원앞 방면,6호선 효창공원앞 방면 → 경의중앙선 효창공원앞 방면
01,수도권,S1,6,6호선,0054,공덕,3,환승,9,6호선 대흥 방면,공항철도 서울역 방면,6호선 대흥 방면 → 공항철도 서울역 방면
01,수도권,S1,6,6호선,0054,공덕,3,환승,10,6호선 대흥 방면,공항철도 홍대입구 방면,6호선 대흥 방면 → 공항철도 홍대입구 방면
01,수도권,S1,6,6호선,0054,공덕,3,환승,11,6호선 효창공원앞 방면,공항철도 서울역 방면,6호선 효창공원앞 방면 → 공항철도 서울역 방면
01,수도권,S1,6,6호선,0054,공덕,3,환승,12,6호선 효창공원앞 방면,공항철도 홍대입구 방면,6호선 효창공원앞 방면 → 공항철도 홍대입구 방면
01,수도권,S1,6,6호선,0609,효창공원앞,1,출입구-승강장,1,4번 출입구 근처 엘리베이터 ,공덕 방면,4번 출입구 근처 엘리베이터  → 공덕 방면
01,수도권,S1,6,6호선,0609,효창공원앞,1,출입구-승강장,2,4번 출입구 근처 엘리베이터 ,삼각지 방면,4번 출입구 근처 엘리베이터  → 삼각지 방면
01,수도권,S1,6,6호선,0609,효창공원앞,3,환승,1,6호선 공덕 방면,경의중앙선 공덕 방면,6호선 공덕 방면 → 경의중앙선 공덕 방면
01,수도권,S1,6,6호선,0609,효창공원앞,3,환승,2,6호선 공덕 방면,경의중앙선 용산 방면,6호선 공덕 방면 → 경의중앙선 용산 방면
01,수도권,S1,6,6호선,0609,효창공원앞,3,환승,3,6호선 삼각지 방면,경의중앙선 공덕 방면,6호선 삼각지 방면 → 경의중앙선 공덕 방면
01,수도권,S1,6,6호선,0609,효창공원앞,3,환승,4,6호선 삼각지 방면,경의중앙선 용산 방면,6호선 삼각지 방면 → 경의중앙선 용산 방면
01,수도권,S1,6,6호선,0263,삼각지,1,출입구-승강장,1,8번 출입구 옆 엘리베이터,효창공원앞 방면,8번 출입구 옆 엘리베이터 → 효창공원앞 방면
01,수도권,S1,6,6호선,0263,삼각지,1,출입구-승강장,2,8번 출입구 옆 엘리베이터,녹사평 방면,8번 출입구 옆 엘리베이터 → 녹사평 방면
01,수도권,S1,6,6호선,0263,삼각지,1,출입구-승강장,3,12번 출입구 옆 엘리베이터,효창공원앞 방면,12번 출입구 옆 엘리베이터 → 효창공원앞 방면
01,수도권,S1,6,6호선,0263,삼각지,1,출입구-승강장,4,12번 출입구 옆 엘리베이터,녹사평 방면,12번 출입구 옆 엘리베이터 → 녹사평 방면
01,수도권,S1,6,6호선,0263,삼각지,3,환승,1,6호선 효창공원앞 방면,4호선 숙대입구 방면,6호선 효창공원앞 방면 → 4호선 숙대입구 방면
01,수도권,S1,6,6호선,0263,삼각지,3,환승,2,6호선 효창공원앞 방면,4호선 신용산 방면,6호선 효창공원앞 방면 → 4호선 신용산 방면
01,수도권,S1,6,6호선,0263,삼각지,3,환승,3,6호선 녹사평 방면,4호선 숙대입구 방면,6호선 녹사평 방면 → 4호선 숙대입구 방면
01,수도권,S1,6,6호선,0263,삼각지,3,환승,4,6호선 녹사평 방면,4호선 신용산 방면,6호선 녹사평 방면 → 4호선 신용산 방면
01,수도권,S1,6,6호선,0117,녹사평,1,출입구-승강장,1,3번 출입구 옆 엘리베이터,삼각지 방면,3번 출입구 옆 엘리베이터 → 삼각지 방면
01,수도권,S1,6,6호선,0117,녹사평,1,출입구-승강장,2,3번 출입구 옆 엘리베이터,이태원 방면,3번 출입구 옆 엘리베이터 → 이태원 방면
01,수도권,S1,6,6호선,0479,이태원,1,출입구-승강장,1,2번 출입구 옆 엘리베이터,녹사평 방면,2번 출입구 옆 엘리베이터 → 녹사평 방면
01,수도권,S1,6,6호선,0479,이태원,1,출입구-승강장,2,2번 출입구 옆 엘리베이터,한강진 방면,2번 출입구 옆 엘리베이터 → 한강진 방면
01,수도권,S1,6,6호선,0584,한강진,1,출입구-승강장,1,3번 출입구 옆 엘리베이터,이태원 방면,3번 출입구 옆 엘리베이터 → 이태원 방면
01,수도권,S1,6,6호선,0584,한강진,1,출입구-승강장,2,3번 출입구 옆 엘리베이터,버티고개 방면,3번 출입구 옆 엘리베이터 → 버티고개 방면
01,수도권,S1,6,6호선,0227,버티고개,1,출입구-승강장,1,2번 출입구 옆 엘리베이터,한강진 방면,2번 출입구 옆 엘리베이터 → 한강진 방면
01,수도권,S1,6,6호선,0227,버티고개,1,출입구-승강장,2,2번 출입구 옆 엘리베이터,약수 방면,2번 출입구 옆 엘리베이터 → 약수 방면
01,수도권,S1,6,6호선,0397,약수,1,출입구-승강장,1,3번 출입구 옆 엘리베이터,버티고개 방면,3번 출입구 옆 엘리베이터 → 버티고개 방면
01,수도권,S1,6,6호선,0397,약수,1,출입구-승강장,2,3번 출입구 옆 엘리베이터,청구 방면,3번 출입구 옆 엘리베이터 → 청구 방면
01,수도권,S1,6,6호선,0397,약수,3,환승,1,6호선 버티고개 방면,3호선 동대입구 방면,6호선 버티고개 방면 → 3호선 동대입구 방면
01,수도권,S1,6,6호선,0397,약수,3,환승,2,6호선 버티고개 방면,3호선 금호 방면,6호선 버티고개 방면 → 3호선 금호 방면
01,수도권,S1,6,6호선,0397,약수,3,환승,3,6호선 청구 방면,3호선 동대입구 방면,6호선 청구 방면 → 3호선 동대입구 방면
01,수도권,S1,6,6호선,0397,약수,3,환승,4,6호선 청구 방면,3호선 금호 방면,6호선 청구 방면 → 3호선 금호 방면
01,수도권,S1,6,6호선,0549,청구,1,출입구-승강장,1,1번 출입구 옆 엘리베이터,약수 방면,1번 출입구 옆 엘리베이터 → 약수 방면
01,수도권,S1,6,6호선,0549,청구,1,출입구-승강장,2,1번 출입구 옆 엘리베이터,신당 방면,1번 출입구 옆 엘리베이터 → 신당 방면
01,수도권,S1,6,6호선,0549,청구,1,출입구-승강장,3,3번 출입구 옆 엘리베이터,약수 방면,3번 출입구 옆 엘리베이터 → 약수 방면
01,수도권,S1,6,6호선,0549,청구,1,출입구-승강장,4,3번 출입구 옆 엘리베이터,신당 방면,3번 출입구 옆 엘리베이터 → 신당 방면
01,수도권,S1,6,6호선,0549,청구,3,환승,1,6호선 약수 방면,5호선 동대문역사문화공원 방면,6호선 약수 방면 → 5호선 동대문역사문화공원 방면
01,수도권,S1,6,6호선,0549,청구,3,환승,2,6호선 약수 방면,5호선 신금호 방면,6호선 약수 방면 → 5호선 신금호 방면
01,수도권,S1,6,6호선,0549,청구,3,환승,3,6호선 신당 방면,5호선 동대문역사문화공원 방면,6호선 신당 방면 → 5호선 동대문역사문화공원 방면
01,수도권,S1,6,6호선,0549,청구,3,환승,4,6호선 신당 방면,5호선 신금호 방면,6호선 신당 방면 → 5호선 신금호 방면
01,수도권,S1,6,6호선,0356,신당,1,출입구-승강장,1,11번 출입구 옆 엘리베이터,청구 방면,11번 출입구 옆 엘리베이터 → 청구 방면
01,수도권,S1,6,6호선,0356,신당,1,출입구-승강장,2,11번 출입구 옆 엘리베이터,동묘앞 방면,11번 출입구 옆 엘리베이터 → 동묘앞 방면
01,수도권,S1,6,6호선,0356,신당,3,환승,1,6호선 청구 방면,2호선 동대문역사문화공원 방면,6호선 청구 방면 → 2호선 동대문역사문화공원 방면
01,수도권,S1,6,6호선,0356,신당,3,환승,2,6호선 청구 방면,2호선 상왕십리 방면,6호선 청구 방면 → 2호선 상왕십리 방면
01,수도권,S1,6,6호선,0356,신당,3,환승,3,6호선 동묘앞 방면,2호선 동대문역사문화공원 방면,6호선 동묘앞 방면 → 2호선 동대문역사문화공원 방면
01,수도권,S1,6,6호선,0356,신당,3,환승,4,6호선 동묘앞 방면,2호선 상왕십리 방면,6호선 동묘앞 방면 → 2호선 상왕십리 방면
01,수도권,S1,6,6호선,0161,동묘앞,1,출입구-승강장,1,2번 출입구,신당 방면,2번 출입구 → 신당 방면
01,수도권,S1,6,6호선,0161,동묘앞,1,출입구-승강장,2,2번 출입구,창신 방면,2번 출입구 → 창신 방면
01,수도권,S1,6,6호선,0161,동묘앞,1,출입구-승강장,3,3번 출입구 옆 엘리베이터,신당 방면,3번 출입구 옆 엘리베이터 → 신당 방면
01,수도권,S1,6,6호선,0161,동묘앞,1,출입구-승강장,4,3번 출입구 옆 엘리베이터,창신 방면,3번 출입구 옆 엘리베이터 → 창신 방면
01,수도권,S1,6,6호선,0161,동묘앞,1,출입구-승강장,5,10번 출입구 옆 엘리베이터,신당 방면 승강장,10번 출입구 옆 엘리베이터 → 신당 방면 승강장
01,수도권,S1,6,6호선,0161,동묘앞,1,출입구-승강장,6,10번 출입구 옆 엘리베이터,창신 방면 승강장,10번 출입구 옆 엘리베이터 → 창신 방면 승강장
01,수도권,S1,6,6호선,0161,동묘앞,3,환승,1,6호선 신당 방면,1호선 신설동 방면,6호선 신당 방면 → 1호선 신설동 방면
01,수도권,S1,6,6호선,0161,동묘앞,3,환승,2,6호선 신당 방면,1호선 동대문 방면,6호선 신당 방면 → 1호선 동대문 방면
01,수도권,S1,6,6호선,0161,동묘앞,3,환승,3,6호선 창신 방면,1호선 신설동 방면,6호선 창신 방면 → 1호선 신설동 방면
01,수도권,S1,6,6호선,0161,동묘앞,3,환승,4,6호선 창신 방면,1호선 동대문 방면,6호선 창신 방면 → 1호선 동대문 방면
01,수도권,S1,6,6호선,0542,창신,1,출입구-승강장,1, 2번 출입구 옆 엘리베이터,동묘앞 방면, 2번 출입구 옆 엘리베이터 → 동묘앞 방면
01,수도권,S1,6,6호선,0542,창신,1,출입구-승강장,2, 2번 출입구 옆 엘리베이터,보문 방면, 2번 출입구 옆 엘리베이터 → 보문 방면
01,수도권,S1,6,6호선,0542,창신,1,출입구-승강장,3,4번 출입구 옆 엘리베이터,동묘앞 방면,4번 출입구 옆 엘리베이터 → 동묘앞 방면
01,수도권,S1,6,6호선,0542,창신,1,출입구-승강장,4,4번 출입구 옆 엘리베이터,보문 방면,4번 출입구 옆 엘리베이터 → 보문 방면
01,수도권,S1,6,6호선,0234,보문,1,출입구-승강장,1,7번 출입구 옆 엘리베이터,창신 방면,7번 출입구 옆 엘리베이터 → 창신 방면
01,수도권,S1,6,6호선,0234,보문,1,출입구-승강장,2,7번 출입구 옆 엘리베이터,안암 방면,7번 출입구 옆 엘리베이터 → 안암 방면
01,수도권,S1,6,6호선,0234,보문,3,환승,1, 6호선 창신 방면,우이신설선 신설동 방면, 6호선 창신 방면 → 우이신설선 신설동 방면
01,수도권,S1,6,6호선,0234,보문,3,환승,2,6호선 창신 방면,우이신설선 성신여대입구 방면,6호선 창신 방면 → 우이신설선 성신여대입구 방면
01,수도권,S1,6,6호선,0234,보문,3,환승,3,6호선 안암 방면,우이신설선 신설동 방면,6호선 안암 방면 → 우이신설선 신설동 방면
01,수도권,S1,6,6호선,0234,보문,3,환승,4,6호선 안암 방면,우이신설선 성신여대입구 방면,6호선 안암 방면 → 우이신설선 성신여대입구 방면
01,수도권,S1,6,6호선,0389,안암,1,출입구-승강장,1,1번 출입구 옆 엘리베이터,보문 방면,1번 출입구 옆 엘리베이터 → 보문 방면
01,수도권,S1,6,6호선,0389,안암,1,출입구-승강장,2,1번 출입구 옆 엘리베이터,고려대 방면,1번 출입구 옆 엘리베이터 → 고려대 방면
01,수도권,S1,6,6호선,0047,고려대,1,출입구-승강장,1,1번 출입구 옆 엘리베이터,안암 방면,1번 출입구 옆 엘리베이터 → 안암 방면
01,수도권,S1,6,6호선,0047,고려대,1,출입구-승강장,2,1번 출입구 옆 엘리베이터,월곡 방면,1번 출입구 옆 엘리베이터 → 월곡 방면
01,수도권,S1,6,6호선,0047,고려대,1,출입구-승강장,3,3번/4번 출입구 사이 엘리베이터,안암 방면,3번/4번 출입구 사이 엘리베이터 → 안암 방면
01,수도권,S1,6,6호선,0047,고려대,1,출입구-승강장,4,3번/4번 출입구 사이 엘리베이터,월곡 방면,3번/4번 출입구 사이 엘리베이터 → 월곡 방면
01,수도권,S1,6,6호선,0460,월곡,1,출입구-승강장,1,1번 출입구 옆 엘리베이터,고려대 방면,1번 출입구 옆 엘리베이터 → 고려대 방면
01,수도권,S1,6,6호선,0460,월곡,1,출입구-승강장,2, 1번 출입구 옆 엘리베이터,상월곡 방면, 1번 출입구 옆 엘리베이터 → 상월곡 방면
01,수도권,S1,6,6호선,0280,상월곡,1,출입구-승강장,1,4번 출입구 옆 엘리베이터,월곡 방면,4번 출입구 옆 엘리베이터 → 월곡 방면
01,수도권,S1,6,6호선,0280,상월곡,1,출입구-승강장,2,4번 출입구 옆 엘리베이터,돌곶이 방면,4번 출입구 옆 엘리베이터 → 돌곶이 방면
01,수도권,S1,6,6호선,0154,돌곶이,1,출입구-승강장,1,3번 출입구 옆 엘리베이터,상월곡 방면,3번 출입구 옆 엘리베이터 → 상월곡 방면
01,수도권,S1,6,6호선,0154,돌곶이,1,출입구-승강장,2,3번 출입구 옆 엘리베이터,석계 방면,3번 출입구 옆 엘리베이터 → 석계 방면
01,수도권,S1,6,6호선,0300,석계,1,출입구-승강장,1,4번 출입구 옆 엘리베이터,돌곶이 방면,4번 출입구 옆 엘리베이터 → 돌곶이 방면
01,수도권,S1,6,6호선,0300,석계,1,출입구-승강장,2,4번 출입구 옆 엘리베이터,태릉입구 방면,4번 출입구 옆 엘리베이터 → 태릉입구 방면
01,수도권,S1,6,6호선,0300,석계,3,환승,1,6호선 돌곶이 방면,1호선 광운대 방면,6호선 돌곶이 방면 → 1호선 광운대 방면
01,수도권,S1,6,6호선,0300,석계,3,환승,2,6호선 돌곶이 방면,1호선 신이문 방면,6호선 돌곶이 방면 → 1호선 신이문 방면
01,수도권,S1,6,6호선,0300,석계,3,환승,3,6호선 태릉입구 방면,1호선 광운대 방면,6호선 태릉입구 방면 → 1호선 광운대 방면
01,수도권,S1,6,6호선,0300,석계,3,환승,4,6호선 태릉입구 방면,1호선 신이문 방면,6호선 태릉입구 방면 → 1호선 신이문 방면
01,수도권,S1,6,6호선,0568,태릉입구,1,출입구-승강장,1,8번 출입구 옆 엘리베이터,석계 방면,8번 출입구 옆 엘리베이터 → 석계 방면
01,수도권,S1,6,6호선,0568,태릉입구,1,출입구-승강장,2,8번 출입구 옆 엘리베이터,화랑대 방면,8번 출입구 옆 엘리베이터 → 화랑대 방면
01,수도권,S1,6,6호선,0568,태릉입구,3,환승,1,6호선 석계 방면,7호선 공릉 방면,6호선 석계 방면 → 7호선 공릉 방면
01,수도권,S1,6,6호선,0568,태릉입구,3,환승,2,6호선 석계 방면,7호선 먹골 방면,6호선 석계 방면 → 7호선 먹골 방면
01,수도권,S1,6,6호선,0568,태릉입구,3,환승,3,6호선 화랑대 방면,7호선 공릉 방면,6호선 화랑대 방면 → 7호선 공릉 방면
01,수도권,S1,6,6호선,0568,태릉입구,3,환승,4,6호선 화랑대 방면,7호선 먹골 방면,6호선 화랑대 방면 → 7호선 먹골 방면
01,수도권,S1,6,6호선,0600,화랑대,1,출입구-승강장,1,1번 출입구 옆 엘리베이터,태릉입구 방면,1번 출입구 옆 엘리베이터 → 태릉입구 방면
01,수도권,S1,6,6호선,0600,화랑대,1,출입구-승강장,2,1번 출입구 옆 엘리베이터,봉화산 방면,1번 출입구 옆 엘리베이터 → 봉화산 방면
01,수도권,S1,6,6호선,0600,화랑대,1,출입구-승강장,3,6번 출입구 옆 엘리베이터,태릉입구 방면,6번 출입구 옆 엘리베이터 → 태릉입구 방면
01,수도권,S1,6,6호선,0600,화랑대,1,출입구-승강장,4,6번 출입구 옆 엘리베이터,봉화산 방면,6번 출입구 옆 엘리베이터 → 봉화산 방면
01,수도권,S1,6,6호선,0600,화랑대,1,출입구-승강장,5,3번 출입구 옆 엘리베이터,태릉입구 방면,3번 출입구 옆 엘리베이터 → 태릉입구 방면
01,수도권,S1,6,6호선,0600,화랑대,1,출입구-승강장,6,3번 출입구 옆 엘리베이터,봉화산 방면,3번 출입구 옆 엘리베이터 → 봉화산 방면
01,수도권,S1,6,6호선,0243,봉화산,1,출입구-승강장,1,2번 출입구 옆 엘리베이터,화랑대 방면,2번 출입구 옆 엘리베이터 → 화랑대 방면
01,수도권,S1,6,6호선,0243,봉화산,1,출입구-승강장,2,2번 출입구 옆 엘리베이터,신내 방면,2번 출입구 옆 엘리베이터 → 신내 방면
01,수도권,S1,6,6호선,0243,봉화산,1,출입구-승강장,3,4번 출입구 옆 엘리베이터,화랑대 방면,4번 출입구 옆 엘리베이터 → 화랑대 방면
01,수도권,S1,6,6호선,0243,봉화산,1,출입구-승강장,4,4번 출입구 옆 엘리베이터,신내 방면,4번 출입구 옆 엘리베이터 → 신내 방면
01,수도권,S1,6,6호선,0353,신내,1,출입구-승강장,1,2번 출입구 옆 엘리베이터,봉화산 방면,2번 출입구 옆 엘리베이터 → 봉화산 방면
01,수도권,S1,6,6호선,0353,신내,1,출입구-승강장,2,3번 출입구 옆 엘리베이터,봉화산 방면,3번 출입구 옆 엘리베이터 → 봉화산 방면
01,수도권,S1,6,6호선,0353,신내,1,출입구-승강장,3,4번 출입구 옆 엘리베이터,봉화산 방면,4번 출입구 옆 엘리베이터 → 봉화산 방면
01,수도권,S1,6,6호선,0353,신내,3,환승,1, 6호선 신내 (종착역),경춘선 망우 방면, 6호선 신내 (종착역) → 경춘선 망우 방면
01,수도권,S1,6,6호선,0353,신내,3,환승,2,6호선 신내 (종착역),경춘선 갈매 방면,6호선 신내 (종착역) → 경춘선 갈매 방면
01,수도권,S1,7,7호선,0503,장암,1,출입구-승강장,1,1번 출입구 옆 엘리베이터,도봉산 방면,1번 출입구 옆 엘리베이터 → 도봉산 방면
01,수도권,S1,7,7호선,0146,도봉산,1,출입구-승강장,1,2번 출입구,장암 방면,2번 출입구 → 장암 방면
01,수도권,S1,7,7호선,0146,도봉산,1,출입구-승강장,2,2번 출입구,수락산 방면,2번 출입구 → 수락산 방면
01,수도권,S1,7,7호선,0146,도봉산,1,출입구-승강장,3,환승주차장,장암 방면,환승주차장 → 장암 방면
01,수도권,S1,7,7호선,0146,도봉산,1,출입구-승강장,4,환승주차장,수락산 방면,환승주차장 → 수락산 방면
01,수도권,S1,7,7호선,0146,도봉산,3,환승,1,7호선 장암 방면,1호선 망월사 방면,7호선 장암 방면 → 1호선 망월사 방면
01,수도권,S1,7,7호선,0146,도봉산,3,환승,2,7호선 장암 방면,1호선 도봉 방면,7호선 장암 방면 → 1호선 도봉 방면
01,수도권,S1,7,7호선,0146,도봉산,3,환승,3,7호선 수락산 방면,1호선 망월사 방면,7호선 수락산 방면 → 1호선 망월사 방면
01,수도권,S1,7,7호선,0146,도봉산,3,환승,4,7호선 수락산 방면,1호선 도봉 방면,7호선 수락산 방면 → 1호선 도봉 방면
01,수도권,S1,7,7호선,0334,수락산,1,출입구-승강장,1,1번 출입구 옆 엘리베이터,도봉산 방면,1번 출입구 옆 엘리베이터 → 도봉산 방면
01,수도권,S1,7,7호선,0334,수락산,1,출입구-승강장,2,1번 출입구 옆 엘리베이터,마들 방면,1번 출입구 옆 엘리베이터 → 마들 방면
01,수도권,S1,7,7호선,0180,마들,1,출입구-승강장,1,2번 출입구 옆 엘리베이터,수락산 방면,2번 출입구 옆 엘리베이터 → 수락산 방면
01,수도권,S1,7,7호선,0180,마들,1,출입구-승강장,2,2번 출입구 옆 엘리베이터,노원 방면,2번 출입구 옆 엘리베이터 → 노원 방면
01,수도권,S1,7,7호선,0180,마들,1,출입구-승강장,3,4번 출입구 옆 엘리베이터,수락산 방면,4번 출입구 옆 엘리베이터 → 수락산 방면
01,수도권,S1,7,7호선,0180,마들,1,출입구-승강장,4,4번 출입구 옆 엘리베이터,노원 방면,4번 출입구 옆 엘리베이터 → 노원 방면
01,수도권,S1,7,7호선,0180,마들,1,출입구-승강장,5,5번 출입구 옆 엘리베이터,수락산 방면,5번 출입구 옆 엘리베이터 → 수락산 방면
01,수도권,S1,7,7호선,0180,마들,1,출입구-승강장,6,5번 출입구 옆 엘리베이터,노원 방면,5번 출입구 옆 엘리베이터 → 노원 방면
01,수도권,S1,7,7호선,0115,노원,1,출입구-승강장,1,3번 출입구 옆 엘리베이터,마들 방면,3번 출입구 옆 엘리베이터 → 마들 방면
01,수도권,S1,7,7호선,0115,노원,1,출입구-승강장,2,3번 출입구 옆 엘리베이터,중계 방면,3번 출입구 옆 엘리베이터 → 중계 방면
01,수도권,S1,7,7호선,0115,노원,1,출입구-승강장,3,6번 출입구 옆 엘리베이터,마들 방면,6번 출입구 옆 엘리베이터 → 마들 방면
01,수도권,S1,7,7호선,0115,노원,1,출입구-승강장,4,6번 출입구 옆 엘리베이터,중계 방면,6번 출입구 옆 엘리베이터 → 중계 방면
01,수도권,S1,7,7호선,0115,노원,1,출입구-승강장,5,5번출구 엘리베이터 ,중계/마들방면,5번출구 엘리베이터  → 중계/마들방면
01,수도권,S1,7,7호선,0115,노원,3,환승,1,7호선 마들 방면,4호선 상계 방면,7호선 마들 방면 → 4호선 상계 방면
01,수도권,S1,7,7호선,0115,노원,3,환승,2,7호선 마들 방면,4호선 창동 방면,7호선 마들 방면 → 4호선 창동 방면
01,수도권,S1,7,7호선,0115,노원,3,환승,3,7호선 중계 방면,4호선 상계 방면,7호선 중계 방면 → 4호선 상계 방면
01,수도권,S1,7,7호선,0115,노원,3,환승,4,7호선 중계 방면,4호선 창동 방면,7호선 중계 방면 → 4호선 창동 방면
01,수도권,S1,7,7호선,0524,중계,1,출입구-승강장,1,3번 출입구 옆 엘리베이터,노원 방면,3번 출입구 옆 엘리베이터 → 노원 방면
01,수도권,S1,7,7호선,0524,중계,1,출입구-승강장,2,3번 출입구 옆 엘리베이터,하계 방면,3번 출입구 옆 엘리베이터 → 하계 방면
01,수도권,S1,7,7호선,0524,중계,1,출입구-승강장,3,5번 출입구 옆 엘리베이터,노원 방면,5번 출입구 옆 엘리베이터 → 노원 방면
01,수도권,S1,7,7호선,0524,중계,1,출입구-승강장,4,5번 출입구 옆 엘리베이터,하계 방면,5번 출입구 옆 엘리베이터 → 하계 방면
01,수도권,S1,7,7호선,0581,하계,1,출입구-승강장,1,1번 출입구 옆 엘리베이터,중계 방면,1번 출입구 옆 엘리베이터 → 중계 방면
01,수도권,S1,7,7호선,0581,하계,1,출입구-승강장,2,1번 출입구 옆 엘리베이터,공릉 방면,1번 출입구 옆 엘리베이터 → 공릉 방면
01,수도권,S1,7,7호선,0581,하계,1,출입구-승강장,3,6번 출입구 옆 엘리베이터,중계 방면,6번 출입구 옆 엘리베이터 → 중계 방면
01,수도권,S1,7,7호선,0581,하계,1,출입구-승강장,4,6번 출입구 옆 엘리베이터,공릉 방면,6번 출입구 옆 엘리베이터 → 공릉 방면
01,수도권,S1,7,7호선,0055,공릉,1,출입구-승강장,1,2번 출입구 옆 엘리베이터,하계 방면,2번 출입구 옆 엘리베이터 → 하계 방면
01,수도권,S1,7,7호선,0055,공릉,1,출입구-승강장,2,2번 출입구 옆 엘리베이터,태릉입구 방면,2번 출입구 옆 엘리베이터 → 태릉입구 방면
01,수도권,S1,7,7호선,0568,태릉입구,1,출입구-승강장,1,2번 출입구 옆 엘리베이터,공릉 방면,2번 출입구 옆 엘리베이터 → 공릉 방면
01,수도권,S1,7,7호선,0568,태릉입구,1,출입구-승강장,2,2번 출입구 옆 엘리베이터,먹골 방면,2번 출입구 옆 엘리베이터 → 먹골 방면
01,수도권,S1,7,7호선,0568,태릉입구,1,출입구-승강장,3,6번 출입구 옆 엘리베이터,공릉 방면,6번 출입구 옆 엘리베이터 → 공릉 방면
01,수도권,S1,7,7호선,0568,태릉입구,1,출입구-승강장,4,6번 출입구 옆 엘리베이터,먹골 방면,6번 출입구 옆 엘리베이터 → 먹골 방면
01,수도권,S1,7,7호선,0568,태릉입구,1,출입구-승강장,5,8번 출입구 옆 엘리베이터,공릉 방면,8번 출입구 옆 엘리베이터 → 공릉 방면
01,수도권,S1,7,7호선,0568,태릉입구,1,출입구-승강장,6,8번 출입구 옆 엘리베이터,먹골 방면,8번 출입구 옆 엘리베이터 → 먹골 방면
01,수도권,S1,7,7호선,0568,태릉입구,3,환승,1,7호선 공릉 방면,6호선 석계 방면,7호선 공릉 방면 → 6호선 석계 방면
01,수도권,S1,7,7호선,0568,태릉입구,3,환승,2,7호선 공릉 방면,6호선 화랑대 방면,7호선 공릉 방면 → 6호선 화랑대 방면
01,수도권,S1,7,7호선,0568,태릉입구,3,환승,3,7호선 먹골 방면,6호선 석계 방면,7호선 먹골 방면 → 6호선 석계 방면
01,수도권,S1,7,7호선,0568,태릉입구,3,환승,4,7호선 먹골 방면,6호선 화랑대 방면,7호선 먹골 방면 → 6호선 화랑대 방면
01,수도권,S1,7,7호선,0195,먹골,1,출입구-승강장,1,2번 출입구 옆 엘리베이터,태릉입구 방면,2번 출입구 옆 엘리베이터 → 태릉입구 방면
01,수도권,S1,7,7호선,0195,먹골,1,출입구-승강장,2,2번 출입구 옆 엘리베이터,중화 방면,2번 출입구 옆 엘리베이터 → 중화 방면
01,수도권,S1,7,7호선,0530,중화,1,출입구-승강장,1,3번 출입구 옆 엘리베이터,먹골 방면,3번 출입구 옆 엘리베이터 → 먹골 방면
01,수도권,S1,7,7호선,0530,중화,1,출입구-승강장,2,3번 출입구 옆 엘리베이터,상봉 방면,3번 출입구 옆 엘리베이터 → 상봉 방면
01,수도권,S1,7,7호선,0276,상봉,1,출입구-승강장,1,2번 출입구 옆 엘리베이터,중화 방면,2번 출입구 옆 엘리베이터 → 중화 방면
01,수도권,S1,7,7호선,0276,상봉,1,출입구-승강장,2,2번 출입구 옆 엘리베이터,면목 방면,2번 출입구 옆 엘리베이터 → 면목 방면
01,수도권,S1,7,7호선,0276,상봉,3,환승,1,7호선 중화 방면,경의중앙선 중랑 방면,7호선 중화 방면 → 경의중앙선 중랑 방면
01,수도권,S1,7,7호선,0276,상봉,3,환승,2,7호선 중화 방면,경의중앙선 망우 방면,7호선 중화 방면 → 경의중앙선 망우 방면
01,수도권,S1,7,7호선,0276,상봉,3,환승,3,7호선 면목 방면,경의중앙선 중랑 방면,7호선 면목 방면 → 경의중앙선 중랑 방면
01,수도권,S1,7,7호선,0276,상봉,3,환승,4,7호선 면목 방면,경의중앙선 망우 방면,7호선 면목 방면 → 경의중앙선 망우 방면
01,수도권,S1,7,7호선,0276,상봉,3,환승,5,7호선 중화 방면,경춘선 중랑 방면,7호선 중화 방면 → 경춘선 중랑 방면
01,수도권,S1,7,7호선,0276,상봉,3,환승,6,7호선 중화 방면,경춘선 망우 방면,7호선 중화 방면 → 경춘선 망우 방면
01,수도권,S1,7,7호선,0276,상봉,3,환승,7, 7호선 면목 방면,경춘선 중랑 방면, 7호선 면목 방면 → 경춘선 중랑 방면
01,수도권,S1,7,7호선,0276,상봉,3,환승,8,7호선 면목 방면,경춘선 망우 방면,7호선 면목 방면 → 경춘선 망우 방면
01,수도권,S1,7,7호선,0196,면목,1,출입구-승강장,1,3번 출입구 옆 엘리베이터,상봉 방면,3번 출입구 옆 엘리베이터 → 상봉 방면
01,수도권,S1,7,7호선,0196,면목,1,출입구-승강장,2,3번 출입구 옆 엘리베이터,사가정 방면,3번 출입구 옆 엘리베이터 → 사가정 방면
01,수도권,S1,7,7호선,0256,사가정,1,출입구-승강장,1,3번 출입구 옆 엘리베이터,면목 방면,3번 출입구 옆 엘리베이터 → 면목 방면
01,수도권,S1,7,7호선,0256,사가정,1,출입구-승강장,2,3번 출입구 옆 엘리베이터,용마산 방면,3번 출입구 옆 엘리베이터 → 용마산 방면
01,수도권,S1,7,7호선,0445,용마산,1,출입구-승강장,1,1번 출입구 옆 엘리베이터,사가정 방면,1번 출입구 옆 엘리베이터 → 사가정 방면
01,수도권,S1,7,7호선,0445,용마산,1,출입구-승강장,2,1번 출입구 옆 엘리베이터,중곡 방면,1번 출입구 옆 엘리베이터 → 중곡 방면
01,수도권,S1,7,7호선,0525,중곡,1,출입구-승강장,1,1번 출입구 옆 엘리베이터,용마산 방면,1번 출입구 옆 엘리베이터 → 용마산 방면
01,수도권,S1,7,7호선,0525,중곡,1,출입구-승강장,2,1번 출입구 옆 엘리베이터,군자 방면,1번 출입구 옆 엘리베이터 → 군자 방면
01,수도권,S1,7,7호선,0082,군자,1,출입구-승강장,1,4번 출입구 옆 엘리베이터,중곡 방면,4번 출입구 옆 엘리베이터 → 중곡 방면
01,수도권,S1,7,7호선,0082,군자,1,출입구-승강장,2,4번 출입구 옆 엘리베이터,어린이대공원 방면,4번 출입구 옆 엘리베이터 → 어린이대공원 방면
01,수도권,S1,7,7호선,0082,군자,1,출입구-승강장,3,7번 출입구 옆 엘리베이터,중곡 방면,7번 출입구 옆 엘리베이터 → 중곡 방면
01,수도권,S1,7,7호선,0082,군자,1,출입구-승강장,4,7번 출입구 옆 엘리베이터,어린이대공원 방면,7번 출입구 옆 엘리베이터 → 어린이대공원 방면
01,수도권,S1,7,7호선,0082,군자,3,환승,1,7호선 중곡 방면,5호선 장한평 방면,7호선 중곡 방면 → 5호선 장한평 방면
01,수도권,S1,7,7호선,0082,군자,3,환승,2,7호선 중곡 방면,5호선 아차산 방면,7호선 중곡 방면 → 5호선 아차산 방면
01,수도권,S1,7,7호선,0082,군자,3,환승,3,7호선 어린이대공원 방면,5호선 장한평 방면,7호선 어린이대공원 방면 → 5호선 장한평 방면
01,수도권,S1,7,7호선,0082,군자,3,환승,4,7호선 어린이대공원 방면,5호선 아차산 방면,7호선 어린이대공원 방면 → 5호선 아차산 방면
01,수도권,S1,7,7호선,0408,어린이대공원,1,출입구-승강장,1,1번 출입구 옆 엘리베이터,군자 방면,1번 출입구 옆 엘리베이터 → 군자 방면
01,수도권,S1,7,7호선,0408,어린이대공원,1,출입구-승강장,2,1번 출입구 옆 엘리베이터,건대입구 방면,1번 출입구 옆 엘리베이터 → 건대입구 방면
01,수도권,S1,7,7호선,0408,어린이대공원,1,출입구-승강장,3,5번 출입구 옆 엘리베이터,군자 방면,5번 출입구 옆 엘리베이터 → 군자 방면
01,수도권,S1,7,7호선,0408,어린이대공원,1,출입구-승강장,4,5번 출입구 옆 엘리베이터,건대입구 방면,5번 출입구 옆 엘리베이터 → 건대입구 방면
01,수도권,S1,7,7호선,0031,건대입구,1,출입구-승강장,1,3번/4번 출입구 사이 엘리베이터,어린이대공원 방면,3번/4번 출입구 사이 엘리베이터 → 어린이대공원 방면
01,수도권,S1,7,7호선,0031,건대입구,1,출입구-승강장,2,3번/4번 출입구 사이 엘리베이터,자양 방면,3번/4번 출입구 사이 엘리베이터 → 자양 방면
01,수도권,S1,7,7호선,0031,건대입구,3,환승,1,7호선 어린이대공원 방면,2호선 성수 방면,7호선 어린이대공원 방면 → 2호선 성수 방면
01,수도권,S1,7,7호선,0031,건대입구,3,환승,2,7호선 어린이대공원 방면,2호선 구의 방면,7호선 어린이대공원 방면 → 2호선 구의 방면
01,수도권,S1,7,7호선,0031,건대입구,3,환승,3,7호선 자양 방면,2호선 성수 방면,7호선 자양 방면 → 2호선 성수 방면
01,수도권,S1,7,7호선,0031,건대입구,3,환승,4,7호선 자양 방면,2호선 구의 방면,7호선 자양 방면 → 2호선 구의 방면
01,수도권,S1,7,7호선,0176,자양,1,출입구-승강장,1,1번 출입구 옆 엘리베이터,건대입구 방면,1번 출입구 옆 엘리베이터 → 건대입구 방면
01,수도권,S1,7,7호선,0176,자양,1,출입구-승강장,2,1번 출입구 옆 엘리베이터,청담 방면,1번 출입구 옆 엘리베이터 → 청담 방면
01,수도권,S1,7,7호선,0550,청담,1,출입구-승강장,1,5번 출입구 옆 엘리베이터,자양 방면,5번 출입구 옆 엘리베이터 → 자양 방면
01,수도권,S1,7,7호선,0550,청담,1,출입구-승강장,2,5번 출입구 옆 엘리베이터,강남구청 방면,5번 출입구 옆 엘리베이터 → 강남구청 방면
01,수도권,S1,7,7호선,0550,청담,1,출입구-승강장,3,10번 출입구 옆 엘리베이터,자양 방면,10번 출입구 옆 엘리베이터 → 자양 방면
01,수도권,S1,7,7호선,0550,청담,1,출입구-승강장,4,10번 출입구 옆 엘리베이터,강남구청 방면,10번 출입구 옆 엘리베이터 → 강남구청 방면
01,수도권,S1,7,7호선,0018,강남구청,1,출입구-승강장,1,1번 출입구 옆 엘리베이터,청담 방면,1번 출입구 옆 엘리베이터 → 청담 방면
01,수도권,S1,7,7호선,0018,강남구청,1,출입구-승강장,2,1번 출입구 옆 엘리베이터,학동 방면,1번 출입구 옆 엘리베이터 → 학동 방면
01,수도권,S1,7,7호선,0018,강남구청,1,출입구-승강장,3,2번 출입구 옆 엘리베이터,청담 방면,2번 출입구 옆 엘리베이터 → 청담 방면
01,수도권,S1,7,7호선,0018,강남구청,1,출입구-승강장,4,2번 출입구 옆 엘리베이터,학동 방면,2번 출입구 옆 엘리베이터 → 학동 방면
01,수도권,S1,7,7호선,0018,강남구청,1,출입구-승강장,5,3-1번 출입구 옆 엘리베이터,청담 방면,3-1번 출입구 옆 엘리베이터 → 청담 방면
01,수도권,S1,7,7호선,0018,강남구청,1,출입구-승강장,6,3-1번 출입구 옆 엘리베이터,학동 방면,3-1번 출입구 옆 엘리베이터 → 학동 방면
01,수도권,S1,7,7호선,0018,강남구청,1,출입구-승강장,7,4번 출입구 옆 엘리베이터,청담 방면,4번 출입구 옆 엘리베이터 → 청담 방면
01,수도권,S1,7,7호선,0018,강남구청,1,출입구-승강장,8,4번 출입구 옆 엘리베이터,학동 방면,4번 출입구 옆 엘리베이터 → 학동 방면
01,수도권,S1,7,7호선,0018,강남구청,3,환승,1,7호선 청담 방면,수인분당선 압구정로데오 방면,7호선 청담 방면 → 수인분당선 압구정로데오 방면
01,수도권,S1,7,7호선,0018,강남구청,3,환승,2,7호선 청담 방면,수인분당선 선정릉 방면,7호선 청담 방면 → 수인분당선 선정릉 방면
01,수도권,S1,7,7호선,0018,강남구청,3,환승,3,7호선 학동 방면,수인분당선 압구정로데오 방면,7호선 학동 방면 → 수인분당선 압구정로데오 방면
01,수도권,S1,7,7호선,0018,강남구청,3,환승,4,7호선 학동 방면,수인분당선 선정릉 방면,7호선 학동 방면 → 수인분당선 선정릉 방면
01,수도권,S1,7,7호선,0582,학동,1,출입구-승강장,1,3번 출입구 옆 엘리베이터,강남구청 방면,3번 출입구 옆 엘리베이터 → 강남구청 방면
01,수도권,S1,7,7호선,0582,학동,1,출입구-승강장,2,3번 출입구 옆 엘리베이터,논현 방면,3번 출입구 옆 엘리베이터 → 논현 방면
01,수도권,S1,7,7호선,0120,논현,1,출입구-승강장,1,3번 출입구 옆 엘리베이터,학동 방면,3번 출입구 옆 엘리베이터 → 학동 방면
01,수도권,S1,7,7호선,0120,논현,1,출입구-승강장,2,3번 출입구 옆 엘리베이터,반포 방면,3번 출입구 옆 엘리베이터 → 반포 방면
01,수도권,S1,7,7호선,0120,논현,1,출입구-승강장,3,4번 출입구 옆 엘리베이터,학동 방면,4번 출입구 옆 엘리베이터 → 학동 방면
01,수도권,S1,7,7호선,0120,논현,1,출입구-승강장,4,4번 출입구 옆 엘리베이터,반포 방면,4번 출입구 옆 엘리베이터 → 반포 방면
01,수도권,S1,7,7호선,0120,논현,1,출입구-승강장,5,10번 출입구 옆 엘리베이터,학동 방면,10번 출입구 옆 엘리베이터 → 학동 방면
01,수도권,S1,7,7호선,0120,논현,1,출입구-승강장,6,10번 출입구 옆 엘리베이터,반포 방면,10번 출입구 옆 엘리베이터 → 반포 방면
01,수도권,S1,7,7호선,0120,논현,3,환승,1, 7호선 학동 방면,신분당선 신사 방면, 7호선 학동 방면 → 신분당선 신사 방면
01,수도권,S1,7,7호선,0120,논현,3,환승,2,7호선 학동 방면,신분당선 신논현 방면,7호선 학동 방면 → 신분당선 신논현 방면
01,수도권,S1,7,7호선,0120,논현,3,환승,3,7호선 반포 방면,신분당선 신사 방면,7호선 반포 방면 → 신분당선 신사 방면
01,수도권,S1,7,7호선,0120,논현,3,환승,4,7호선 반포 방면,신분당선 신논현 방면,7호선 반포 방면 → 신분당선 신논현 방면
01,수도권,S1,7,7호선,0215,반포,1,출입구-승강장,1,1번 출입구 옆 엘리베이터,논현 방면,1번 출입구 옆 엘리베이터 → 논현 방면
01,수도권,S1,7,7호선,0215,반포,1,출입구-승강장,2,1번 출입구 옆 엘리베이터,고속터미널 방면,1번 출입구 옆 엘리베이터 → 고속터미널 방면
01,수도권,S1,7,7호선,0215,반포,1,출입구-승강장,3,6번 출입구 옆 엘리베이터,논현 방면,6번 출입구 옆 엘리베이터 → 논현 방면
01,수도권,S1,7,7호선,0215,반포,1,출입구-승강장,4,6번 출입구 옆 엘리베이터,고속터미널 방면,6번 출입구 옆 엘리베이터 → 고속터미널 방면
01,수도권,S1,7,7호선,0048,고속터미널,1,출입구-승강장,1,3번 출입구 휠체어리프트,반포 방면,3번 출입구 휠체어리프트 → 반포 방면
01,수도권,S1,7,7호선,0048,고속터미널,1,출입구-승강장,2,3번 출입구 휠체어리프트,내방 방면,3번 출입구 휠체어리프트 → 내방 방면
01,수도권,S1,7,7호선,0048,고속터미널,3,환승,1,7호선 반포 방면,3호선 잠원 방면,7호선 반포 방면 → 3호선 잠원 방면
01,수도권,S1,7,7호선,0048,고속터미널,3,환승,2,7호선 반포 방면,3호선 교대 방면,7호선 반포 방면 → 3호선 교대 방면
01,수도권,S1,7,7호선,0048,고속터미널,3,환승,3,7호선 내방 방면,3호선 잠원 방면,7호선 내방 방면 → 3호선 잠원 방면
01,수도권,S1,7,7호선,0048,고속터미널,3,환승,4,7호선 내방 방면,3호선 교대 방면,7호선 내방 방면 → 3호선 교대 방면
01,수도권,S1,7,7호선,0048,고속터미널,3,환승,5,7호선 반포 방면,9호선 사평 방면,7호선 반포 방면 → 9호선 사평 방면
01,수도권,S1,7,7호선,0048,고속터미널,3,환승,6,7호선 반포 방면,9호선 신반포 방면,7호선 반포 방면 → 9호선 신반포 방면
01,수도권,S1,7,7호선,0048,고속터미널,3,환승,7,7호선 내방 방면,9호선 사평 방면,7호선 내방 방면 → 9호선 사평 방면
01,수도권,S1,7,7호선,0048,고속터미널,3,환승,8,7호선 내방 방면,9호선 신반포 방면,7호선 내방 방면 → 9호선 신반포 방면
01,수도권,S1,7,7호선,0112,내방,1,출입구-승강장,1,3번 출입구 옆 엘리베이터,고속터미널 방면,3번 출입구 옆 엘리베이터 → 고속터미널 방면
01,수도권,S1,7,7호선,0112,내방,1,출입구-승강장,2,3번 출입구 옆 엘리베이터,이수 방면,3번 출입구 옆 엘리베이터 → 이수 방면
01,수도권,S1,7,7호선,0112,내방,1,출입구-승강장,3,5번 출입구 옆 엘리베이터,고속터미널 방면,5번 출입구 옆 엘리베이터 → 고속터미널 방면
01,수도권,S1,7,7호선,0112,내방,1,출입구-승강장,4,5번 출입구 옆 엘리베이터,이수 방면,5번 출입구 옆 엘리베이터 → 이수 방면
01,수도권,S1,7,7호선,0560,총신대입구,1,출입구-승강장,1,11번 출입구 옆 엘리베이터,내방 방면,11번 출입구 옆 엘리베이터 → 내방 방면
01,수도권,S1,7,7호선,0560,총신대입구,1,출입구-승강장,2,11번 출입구 옆 엘리베이터,남성 방면,11번 출입구 옆 엘리베이터 → 남성 방면
01,수도권,S1,7,7호선,0560,총신대입구,3,환승,1,7호선 내방 방면,4호선 동작 방면,7호선 내방 방면 → 4호선 동작 방면
01,수도권,S1,7,7호선,0560,총신대입구,3,환승,2,7호선 내방 방면,4호선 사당 방면,7호선 내방 방면 → 4호선 사당 방면
01,수도권,S1,7,7호선,0560,총신대입구,3,환승,3,7호선 남성 방면,4호선 동작 방면,7호선 남성 방면 → 4호선 동작 방면
01,수도권,S1,7,7호선,0560,총신대입구,3,환승,4,7호선 남성 방면,4호선 사당 방면,7호선 남성 방면 → 4호선 사당 방면
01,수도권,S1,7,7호선,0107,남성,1,출입구-승강장,1,3번 출입구 옆 엘리베이터,이수 방면,3번 출입구 옆 엘리베이터 → 이수 방면
01,수도권,S1,7,7호선,0107,남성,1,출입구-승강장,2,3번 출입구 옆 엘리베이터,숭실대입구 방면,3번 출입구 옆 엘리베이터 → 숭실대입구 방면
01,수도권,S1,7,7호선,0107,남성,1,출입구-승강장,3,"2번, 3번 출입구 옆 엘리베이터 ",이수역 방면,"2번, 3번 출입구 옆 엘리베이터  → 이수역 방면"
01,수도권,S1,7,7호선,0107,남성,1,출입구-승강장,4,"2번, 3번 출입구 옆 엘리베이터 ",숭실대입구역 방면,"2번, 3번 출입구 옆 엘리베이터  → 숭실대입구역 방면"
01,수도권,S1,7,7호선,0344,숭실대입구,1,출입구-승강장,1,2번 출입구 옆 엘리베이터,남성 방면,2번 출입구 옆 엘리베이터 → 남성 방면
01,수도권,S1,7,7호선,0344,숭실대입구,1,출입구-승강장,2,2번 출입구 옆 엘리베이터,상도 방면,2번 출입구 옆 엘리베이터 → 상도 방면
01,수도권,S1,7,7호선,0344,숭실대입구,1,출입구-승강장,3,3번 출입구 옆 엘리베이터,남성 방면,3번 출입구 옆 엘리베이터 → 남성 방면
01,수도권,S1,7,7호선,0344,숭실대입구,1,출입구-승강장,4,3번 출입구 옆 엘리베이터,상도 방면,3번 출입구 옆 엘리베이터 → 상도 방면
01,수도권,S1,7,7호선,0273,상도,1,출입구-승강장,1,5번 출입구 옆 엘리베이터,숭실대입구 방면,5번 출입구 옆 엘리베이터 → 숭실대입구 방면
01,수도권,S1,7,7호선,0273,상도,1,출입구-승강장,2,5번 출입구 옆 엘리베이터,장승배기 방면,5번 출입구 옆 엘리베이터 → 장승배기 방면
01,수도권,S1,7,7호선,0502,장승배기,1,출입구-승강장,1,2번 출입구 옆 엘리베이터,상도 방면,2번 출입구 옆 엘리베이터 → 상도 방면
01,수도권,S1,7,7호선,0502,장승배기,1,출입구-승강장,2,2번 출입구 옆 엘리베이터,신대방삼거리 방면,2번 출입구 옆 엘리베이터 → 신대방삼거리 방면
01,수도권,S1,7,7호선,0358,신대방삼거리,1,출입구-승강장,1,2번 출입구 옆 엘리베이터,장승배기 방면,2번 출입구 옆 엘리베이터 → 장승배기 방면
01,수도권,S1,7,7호선,0358,신대방삼거리,1,출입구-승강장,2,2번 출입구 옆 엘리베이터,보라매 방면,2번 출입구 옆 엘리베이터 → 보라매 방면
01,수도권,S1,7,7호선,0232,보라매,1,출입구-승강장,1,6번 출입구 옆 엘리베이터,신대방삼거리 방면,6번 출입구 옆 엘리베이터 → 신대방삼거리 방면
01,수도권,S1,7,7호선,0232,보라매,1,출입구-승강장,2,6번 출입구 옆,신풍 방면,6번 출입구 옆 → 신풍 방면
01,수도권,S1,7,7호선,0232,보라매,3,환승,1,7호선 신대방삼거리 방면,신림선 서울지방병무청 방면,7호선 신대방삼거리 방면 → 신림선 서울지방병무청 방면
01,수도권,S1,7,7호선,0232,보라매,3,환승,2,7호선 신대방삼거리 방면,신림선 보라매공원 방면,7호선 신대방삼거리 방면 → 신림선 보라매공원 방면
01,수도권,S1,7,7호선,0232,보라매,3,환승,3,7호선 신풍 방면,신림선 서울지방병무청 방면,7호선 신풍 방면 → 신림선 서울지방병무청 방면
01,수도권,S1,7,7호선,0232,보라매,3,환승,4,7호선 신풍 방면,신림선 보라매공원 방면,7호선 신풍 방면 → 신림선 보라매공원 방면
01,수도권,S1,7,7호선,0378,신풍,1,출입구-승강장,1,4번 출입구 옆 엘리베이터,보라매 방면,4번 출입구 옆 엘리베이터 → 보라매 방면
01,수도권,S1,7,7호선,0378,신풍,1,출입구-승강장,2,4번 출입구 옆 엘리베이터,대림 방면,4번 출입구 옆 엘리베이터 → 대림 방면
01,수도권,S1,7,7호선,0378,신풍,1,출입구-승강장,3, 5번 출입구 옆,보라매 방면, 5번 출입구 옆 → 보라매 방면
01,수도권,S1,7,7호선,0378,신풍,1,출입구-승강장,4,5번 출입구 옆,대림 방면,5번 출입구 옆 → 대림 방면
01,수도권,S1,7,7호선,0130,대림,1,출입구-승강장,1,10번 출입구 옆 엘리베이터,신풍 방면,10번 출입구 옆 엘리베이터 → 신풍 방면
01,수도권,S1,7,7호선,0130,대림,1,출입구-승강장,2,10번 출입구 옆 엘리베이터,남구로 방면,10번 출입구 옆 엘리베이터 → 남구로 방면
01,수도권,S1,7,7호선,0130,대림,3,환승,1,7호선 신풍 방면,2호선 구로디지털단지 방면,7호선 신풍 방면 → 2호선 구로디지털단지 방면
01,수도권,S1,7,7호선,0130,대림,3,환승,2,7호선 신풍 방면,2호선 신도림 방면,7호선 신풍 방면 → 2호선 신도림 방면
01,수도권,S1,7,7호선,0130,대림,3,환승,3,7호선 남구로 방면,2호선 구로디지털단지 방면,7호선 남구로 방면 → 2호선 구로디지털단지 방면
01,수도권,S1,7,7호선,0130,대림,3,환승,4,7호선 남구로 방면,2호선 신도림 방면,7호선 남구로 방면 → 2호선 신도림 방면
01,수도권,S1,7,7호선,0103,남구로,1,출입구-승강장,1,1번 출입구 옆 엘리베이트,대림 방면,1번 출입구 옆 엘리베이트 → 대림 방면
01,수도권,S1,7,7호선,0103,남구로,1,출입구-승강장,2,1번 출입구 옆 엘리베이트,가산디지털단지 방면,1번 출입구 옆 엘리베이트 → 가산디지털단지 방면
01,수도권,S1,7,7호선,0103,남구로,1,출입구-승강장,3,4번 출입구 휠체어리프트,대림 방면,4번 출입구 휠체어리프트 → 대림 방면
01,수도권,S1,7,7호선,0103,남구로,1,출입구-승강장,4,4번 출입구 휠체어리프트,가산디지털단지 방면,4번 출입구 휠체어리프트 → 가산디지털단지 방면
01,수도권,S1,7,7호선,0004,가산디지털단지,1,출입구-승강장,1,9번 출입구 옆 엘리베이터,남구로 방면,9번 출입구 옆 엘리베이터 → 남구로 방면
01,수도권,S1,7,7호선,0004,가산디지털단지,1,출입구-승강장,2,9번 출입구 옆 엘리베이터,철산 방면,9번 출입구 옆 엘리베이터 → 철산 방면
01,수도권,S1,7,7호선,0004,가산디지털단지,3,환승,1,7호선 남구로 방면,1호선 구로 방면,7호선 남구로 방면 → 1호선 구로 방면
01,수도권,S1,7,7호선,0004,가산디지털단지,3,환승,2,7호선 남구로 방면,1호선 독산 방면,7호선 남구로 방면 → 1호선 독산 방면
01,수도권,S1,7,7호선,0004,가산디지털단지,3,환승,3,7호선 철산 방면,1호선 구로 방면,7호선 철산 방면 → 1호선 구로 방면
01,수도권,S1,7,7호선,0004,가산디지털단지,3,환승,4,7호선 철산 방면,1호선 독산 방면,7호선 철산 방면 → 1호선 독산 방면
01,수도권,S1,7,7호선,0547,철산,1,출입구-승강장,1,1번 출입구 옆 엘리베이터,가산디지털단지 방면,1번 출입구 옆 엘리베이터 → 가산디지털단지 방면
01,수도권,S1,7,7호선,0547,철산,1,출입구-승강장,2,1번 출입구 옆 엘리베이터,광명사거리 방면,1번 출입구 옆 엘리베이터 → 광명사거리 방면
01,수도권,S1,7,7호선,0547,철산,1,출입구-승강장,3,4번 출입구 옆 엘리베이터,가산디지털단지 방면,4번 출입구 옆 엘리베이터 → 가산디지털단지 방면
01,수도권,S1,7,7호선,0547,철산,1,출입구-승강장,4,4번 출입구 옆 엘리베이터,광명사거리 방면,4번 출입구 옆 엘리베이터 → 광명사거리 방면
01,수도권,S1,7,7호선,0064,광명사거리,1,출입구-승강장,1,2번 출입구 옆 엘리베이터,철산 방면,2번 출입구 옆 엘리베이터 → 철산 방면
01,수도권,S1,7,7호선,0064,광명사거리,1,출입구-승강장,2,2번 출입구 옆 엘리베이터,천왕 방면,2번 출입구 옆 엘리베이터 → 천왕 방면
01,수도권,S1,7,7호선,0545,천왕,1,출입구-승강장,1,2번 출입구 옆 엘리베이터,광명사거리 방면,2번 출입구 옆 엘리베이터 → 광명사거리 방면
01,수도권,S1,7,7호선,0545,천왕,1,출입구-승강장,2,2번 출입구 옆 엘리베이터,온수 방면,2번 출입구 옆 엘리베이터 → 온수 방면
01,수도권,S1,7,7호선,0545,천왕,1,출입구-승강장,3,3번 출입구 옆 엘리베이터,광명사거리 방면,3번 출입구 옆 엘리베이터 → 광명사거리 방면
01,수도권,S1,7,7호선,0545,천왕,1,출입구-승강장,4,3번 출입구 옆 엘리베이터,온수 방면,3번 출입구 옆 엘리베이터 → 온수 방면
01,수도권,S1,7,7호선,0545,천왕,1,출입구-승강장,5,광역환승센터주차장 옆 엘리베이터,광명사거리 방면,광역환승센터주차장 옆 엘리베이터 → 광명사거리 방면
01,수도권,S1,7,7호선,0545,천왕,1,출입구-승강장,6,광역환승센터주차장 옆 엘리베이터,온수 방면,광역환승센터주차장 옆 엘리베이터 → 온수 방면
01,수도권,S1,7,7호선,0435,온수,1,출입구-승강장,1,2번 출입구 옆 엘리베이터,천왕 방면,2번 출입구 옆 엘리베이터 → 천왕 방면
01,수도권,S1,7,7호선,0435,온수,1,출입구-승강장,2,2번 출입구 옆 엘리베이터,까치울 방면,2번 출입구 옆 엘리베이터 → 까치울 방면
01,수도권,S1,7,7호선,0435,온수,3,환승,1,7호선 천왕 방면,1호선 오류동 방면,7호선 천왕 방면 → 1호선 오류동 방면
01,수도권,S1,7,7호선,0435,온수,3,환승,2,7호선 천왕 방면,1호선 역곡 방면,7호선 천왕 방면 → 1호선 역곡 방면
01,수도권,S1,7,7호선,0435,온수,3,환승,3,7호선 까치울 방면,1호선 오류동 방면,7호선 까치울 방면 → 1호선 오류동 방면
01,수도권,S1,7,7호선,0435,온수,3,환승,4,7호선 까치울 방면,1호선 역곡 방면,7호선 까치울 방면 → 1호선 역곡 방면
01,수도권,IC,7,7호선,0101,까치울,1,출입구-승강장,1,4번 출입구 옆 엘리베이터,온수 방면,4번 출입구 옆 엘리베이터 → 온수 방면
01,수도권,IC,7,7호선,0101,까치울,1,출입구-승강장,2,4번 출입구 옆 엘리베이터,부천종합운동장 방면,4번 출입구 옆 엘리베이터 → 부천종합운동장 방면
01,수도권,IC,7,7호선,0248,부천종합운동장,1,출입구-승강장,1,2번 출입구 옆 엘리베이터,까치울 방면,2번 출입구 옆 엘리베이터 → 까치울 방면
01,수도권,IC,7,7호선,0248,부천종합운동장,1,출입구-승강장,2,2번 출입구 옆 엘리베이터,춘의 방면,2번 출입구 옆 엘리베이터 → 춘의 방면
01,수도권,IC,7,7호선,0248,부천종합운동장,1,출입구-승강장,3,4번 출입구 옆 엘리베이터,까치울 방면,4번 출입구 옆 엘리베이터 → 까치울 방면
01,수도권,IC,7,7호선,0248,부천종합운동장,1,출입구-승강장,4,4번 출입구 옆 엘리베이터,춘의 방면,4번 출입구 옆 엘리베이터 → 춘의 방면
01,수도권,IC,7,7호선,0561,춘의,1,출입구-승강장,1,3번 출입구 옆 엘리베이터,부천종합운동장 방면,3번 출입구 옆 엘리베이터 → 부천종합운동장 방면
01,수도권,IC,7,7호선,0561,춘의,1,출입구-승강장,2,3번 출입구 옆 엘리베이터,신중동 방면,3번 출입구 옆 엘리베이터 → 신중동 방면
01,수도권,IC,7,7호선,0561,춘의,1,출입구-승강장,3,7번 출입구 옆 엘리베이터,부천종합운동장 방면,7번 출입구 옆 엘리베이터 → 부천종합운동장 방면
01,수도권,IC,7,7호선,0561,춘의,1,출입구-승강장,4,7번 출입구 옆 엘리베이터,신중동 방면,7번 출입구 옆 엘리베이터 → 신중동 방면
01,수도권,IC,7,7호선,0374,신중동,1,출입구-승강장,1,1번 출입구 옆 엘리베이터,춘의 방면,1번 출입구 옆 엘리베이터 → 춘의 방면
01,수도권,IC,7,7호선,0374,신중동,1,출입구-승강장,2,1번 출입구 옆 엘리베이터,부천시장 방면,1번 출입구 옆 엘리베이터 → 부천시장 방면
01,수도권,IC,7,7호선,0374,신중동,1,출입구-승강장,3,3번 출입구 옆 엘리베이터,춘의 방면,3번 출입구 옆 엘리베이터 → 춘의 방면
01,수도권,IC,7,7호선,0374,신중동,1,출입구-승강장,4,3번 출입구 옆 엘리베이터,부천시장 방면,3번 출입구 옆 엘리베이터 → 부천시장 방면
01,수도권,IC,7,7호선,0374,신중동,1,출입구-승강장,5,7번 출입구 옆 엘리베이터,춘의 방면,7번 출입구 옆 엘리베이터 → 춘의 방면
01,수도권,IC,7,7호선,0374,신중동,1,출입구-승강장,6,7번 출입구 옆 엘리베이터,부천시장 방면,7번 출입구 옆 엘리베이터 → 부천시장 방면
01,수도권,IC,7,7호선,0247,부천시청,1,출입구-승강장,1,1번 출입구 옆 엘리베이터,신중동 방면,1번 출입구 옆 엘리베이터 → 신중동 방면
01,수도권,IC,7,7호선,0247,부천시청,1,출입구-승강장,2,1번 출입구 옆 엘리베이터,상동 방면,1번 출입구 옆 엘리베이터 → 상동 방면
01,수도권,IC,7,7호선,0247,부천시청,1,출입구-승강장,3,4번 출입구 옆 엘리베이터,신중동 방면,4번 출입구 옆 엘리베이터 → 신중동 방면
01,수도권,IC,7,7호선,0247,부천시청,1,출입구-승강장,4,4번 출입구 옆 엘리베이터,상동 방면,4번 출입구 옆 엘리베이터 → 상동 방면
01,수도권,IC,7,7호선,0274,상동,1,출입구-승강장,1,2번 출입구 옆 엘리베이터,부천시청 방면,2번 출입구 옆 엘리베이터 → 부천시청 방면
01,수도권,IC,7,7호선,0274,상동,1,출입구-승강장,2,2번 출입구 옆 엘리베이터,삼산체육관 방면,2번 출입구 옆 엘리베이터 → 삼산체육관 방면
01,수도권,IC,7,7호선,0274,상동,1,출입구-승강장,3,5번 출입구 옆 엘리베이터,부천시청 방면,5번 출입구 옆 엘리베이터 → 부천시청 방면
01,수도권,IC,7,7호선,0274,상동,1,출입구-승강장,4,5번 출입구 옆 엘리베이터,삼산체육관 방면,5번 출입구 옆 엘리베이터 → 삼산체육관 방면
01,수도권,IC,7,7호선,0265,삼산체육관,1,출입구-승강장,1,2번 출입구 옆 엘리베이터,상동 방면,2번 출입구 옆 엘리베이터 → 상동 방면
01,수도권,IC,7,7호선,0265,삼산체육관,1,출입구-승강장,2,2번 출입구 옆 엘리베이터,굴포천 방면,2번 출입구 옆 엘리베이터 → 굴포천 방면
01,수도권,IC,7,7호선,0265,삼산체육관,1,출입구-승강장,3,3번 출입구 옆 엘리베이터,상동 방면,3번 출입구 옆 엘리베이터 → 상동 방면
01,수도권,IC,7,7호선,0265,삼산체육관,1,출입구-승강장,4,3번 출입구 옆 엘리베이터,굴포천 방면,3번 출입구 옆 엘리베이터 → 굴포천 방면
01,수도권,IC,7,7호선,0085,굴포천,1,출입구-승강장,1,3번 출입구 옆 엘리베이터,삼산체육관 방면,3번 출입구 옆 엘리베이터 → 삼산체육관 방면
01,수도권,IC,7,7호선,0085,굴포천,1,출입구-승강장,2,3번 출입구 옆 엘리베이터,부평구청 방면,3번 출입구 옆 엘리베이터 → 부평구청 방면
01,수도권,IC,7,7호선,0085,굴포천,1,출입구-승강장,3,5번 출입구 옆 엘리베이터,삼산체육관 방면,5번 출입구 옆 엘리베이터 → 삼산체육관 방면
01,수도권,IC,7,7호선,0085,굴포천,1,출입구-승강장,4,5번 출입구 옆 엘리베이터,부평구청 방면,5번 출입구 옆 엘리베이터 → 부평구청 방면
01,수도권,IC,7,7호선,0250,부평구청,1,출입구-승강장,1,3번 출입구 옆 엘리베이터,굴포천 방면,3번 출입구 옆 엘리베이터 → 굴포천 방면
01,수도권,IC,7,7호선,0250,부평구청,1,출입구-승강장,2,3번 출입구 옆 엘리베이터,산곡 방면,3번 출입구 옆 엘리베이터 → 산곡 방면
01,수도권,IC,7,7호선,0250,부평구청,1,출입구-승강장,3,5번 출입구 옆 엘리베이터,굴포천 방면,5번 출입구 옆 엘리베이터 → 굴포천 방면
01,수도권,IC,7,7호선,0250,부평구청,1,출입구-승강장,4,5번 출입구 옆 엘리베이터,산곡 방면,5번 출입구 옆 엘리베이터 → 산곡 방면
01,수도권,IC,7,7호선,0250,부평구청,3,환승,1,7호선 굴포천 방면,인천1호선 갈산 방면,7호선 굴포천 방면 → 인천1호선 갈산 방면
01,수도권,IC,7,7호선,0250,부평구청,3,환승,2,7호선 굴포천 방면,인천1호선 부평시장 방면,7호선 굴포천 방면 → 인천1호선 부평시장 방면
01,수도권,IC,7,7호선,0250,부평구청,3,환승,3,7호선 산곡 방면,인천1호선 갈산 방면,7호선 산곡 방면 → 인천1호선 갈산 방면
01,수도권,IC,7,7호선,0250,부평구청,3,환승,4,7호선 산곡 방면,인천1호선 부평시장 방면,7호선 산곡 방면 → 인천1호선 부평시장 방면
01,수도권,IC,7,7호선,1352,산곡,1,출입구-승강장,1,"3,4번 출입구 옆 엘리베이터",부평구청 방면,"3,4번 출입구 옆 엘리베이터 → 부평구청 방면"
01,수도권,IC,7,7호선,1352,산곡,1,출입구-승강장,2,"3,4번 출입구 옆 엘리베이터",석남 방면,"3,4번 출입구 옆 엘리베이터 → 석남 방면"
01,수도권,IC,7,7호선,1352,산곡,1,출입구-승강장,3,7번 출입구 옆 엘리베이터,부평구청 방면,7번 출입구 옆 엘리베이터 → 부평구청 방면
01,수도권,IC,7,7호선,1352,산곡,1,출입구-승강장,4,7번 출입구 옆 엘리베이터,석남 방면,7번 출입구 옆 엘리베이터 → 석남 방면
01,수도권,IC,7,7호선,0301,석남,1,출입구-승강장,1,5번 출입구 뒤 엘리베이터,산곡 방면,5번 출입구 뒤 엘리베이터 → 산곡 방면
01,수도권,NU,8,8호선,0230,별내,1,출입구-승강장,1,4번 출입구 근처 엘리베이터 ,다산 방면,4번 출입구 근처 엘리베이터  → 다산 방면
01,수도권,NU,8,8호선,0230,별내,1,출입구-승강장,2,5번 출입구 근처 엘리베이터 ,다산 방면,5번 출입구 근처 엘리베이터  → 다산 방면
01,수도권,NU,8,8호선,0230,별내,1,출입구-승강장,3,6번 출입구 근처 엘리베이터 ,다산 방면,6번 출입구 근처 엘리베이터  → 다산 방면
01,수도권,NU,8,8호선,0230,별내,3,환승,1,8호선 별내 종점,경춘선 갈매 방면,8호선 별내 종점 → 경춘선 갈매 방면
01,수도권,NU,8,8호선,0230,별내,3,환승,2,8호선 별내 종점,경춘선 퇴계원 방면,8호선 별내 종점 → 경춘선 퇴계원 방면
01,수도권,NU,8,8호선,1376,다산,1,출입구-승강장,1,"1,2번 출입구 근처 엘리베이터",동구릉 방면,"1,2번 출입구 근처 엘리베이터 → 동구릉 방면"
01,수도권,NU,8,8호선,1376,다산,1,출입구-승강장,2,"1,2번 출입구 근처 엘리베이터",별내 방면,"1,2번 출입구 근처 엘리베이터 → 별내 방면"
01,수도권,NU,8,8호선,1376,다산,1,출입구-승강장,3,4번 출입구 근처 엘리베이터 ,동구릉 방면,4번 출입구 근처 엘리베이터  → 동구릉 방면
01,수도권,NU,8,8호선,1376,다산,1,출입구-승강장,4,4번 출입구 근처 엘리베이터 ,별내 방면,4번 출입구 근처 엘리베이터  → 별내 방면
01,수도권,NU,8,8호선,1376,다산,1,출입구-승강장,5,3번 출입구 근처 엘리베이터 ,동구릉 방면,3번 출입구 근처 엘리베이터  → 동구릉 방면
01,수도권,NU,8,8호선,1376,다산,1,출입구-승강장,6,3번 출입구 근처 엘리베이터 ,별내 방면,3번 출입구 근처 엘리베이터  → 별내 방면
01,수도권,GU,8,8호선,1375,동구릉,1,출입구-승강장,1,2번 출입구 근처 엘리베이터 ,구리 방면,2번 출입구 근처 엘리베이터  → 구리 방면
01,수도권,GU,8,8호선,1375,동구릉,1,출입구-승강장,2,2번 출입구 근처 엘리베이터 ,다산 방면,2번 출입구 근처 엘리베이터  → 다산 방면
01,수도권,GU,8,8호선,1375,동구릉,1,출입구-승강장,3,5번 출입구 근처 엘리베이터 ,구리 방면,5번 출입구 근처 엘리베이터  → 구리 방면
01,수도권,GU,8,8호선,1375,동구릉,1,출입구-승강장,4,5번 출입구 근처 엘리베이터 ,다산 방면,5번 출입구 근처 엘리베이터  → 다산 방면
01,수도권,GU,8,8호선,0072,구리,1,출입구-승강장,1,"4,5,6,7번 출입구",장자호수공원 방면,"4,5,6,7번 출입구 → 장자호수공원 방면"
01,수도권,GU,8,8호선,0072,구리,1,출입구-승강장,2,"4,5,6,7번 출입구",동구릉 방면,"4,5,6,7번 출입구 → 동구릉 방면"
01,수도권,GU,8,8호선,0072,구리,3,환승,1,8호선 동구릉 방면,경의중앙선 도농방면,8호선 동구릉 방면 → 경의중앙선 도농방면
01,수도권,GU,8,8호선,0072,구리,3,환승,2,8호선 동구릉 방면,경의중앙선 양원방면,8호선 동구릉 방면 → 경의중앙선 양원방면
01,수도권,GU,8,8호선,0072,구리,3,환승,3,8호선 장자호수공원 방면,경의중앙선 도농방면,8호선 장자호수공원 방면 → 경의중앙선 도농방면
01,수도권,GU,8,8호선,0072,구리,3,환승,4,8호선 장자호수공원 방면,경의중앙선 양원방면,8호선 장자호수공원 방면 → 경의중앙선 양원방면
01,수도권,GU,8,8호선,1374,장자호수공원,1,출입구-승강장,1,1번 출입구 근처 엘리베이터 ,암사역사공원 방면,1번 출입구 근처 엘리베이터  → 암사역사공원 방면
01,수도권,GU,8,8호선,1374,장자호수공원,1,출입구-승강장,2,1번 출입구 근처 엘리베이터 ,구리 방면,1번 출입구 근처 엘리베이터  → 구리 방면
01,수도권,GU,8,8호선,1374,장자호수공원,1,출입구-승강장,3,5번 출입구 근처 엘리베이터 ,암사역사공원 방면,5번 출입구 근처 엘리베이터  → 암사역사공원 방면
01,수도권,GU,8,8호선,1374,장자호수공원,1,출입구-승강장,4,5번 출입구 근처 엘리베이터 ,구리 방면,5번 출입구 근처 엘리베이터  → 구리 방면
01,수도권,S1,8,8호선,1373,암사역사공원,1,출입구-승강장,1,1번 출입구 근처 엘리베이터 ,암사 방면,1번 출입구 근처 엘리베이터  → 암사 방면
01,수도권,S1,8,8호선,1373,암사역사공원,1,출입구-승강장,2,3번 출입구 근처 엘리베이터 ,암사 방면,3번 출입구 근처 엘리베이터  → 암사 방면
01,수도권,S1,8,8호선,1373,암사역사공원,1,출입구-승강장,3,1번 출입구 근처 엘리베이터 ,장자호수공원 방면,1번 출입구 근처 엘리베이터  → 장자호수공원 방면
01,수도권,S1,8,8호선,1373,암사역사공원,1,출입구-승강장,4,3번 출입구 근처 엘리베이터 ,장자호수공원 방면,3번 출입구 근처 엘리베이터  → 장자호수공원 방면
01,수도권,S1,8,8호선,0391,암사,1,출입구-승강장,1,3번 출구 뒷편 엘리베이터,천호 방면,3번 출구 뒷편 엘리베이터 → 천호 방면
01,수도권,S1,8,8호선,0391,암사,1,출입구-승강장,2,3번 출구 뒷편 엘리베이터,암사역사공원 방면,3번 출구 뒷편 엘리베이터 → 암사역사공원 방면
01,수도권,S1,8,8호선,0546,천호,1,출입구-승강장,1,6번 출입구 옆 엘리베이터,암사 방면,6번 출입구 옆 엘리베이터 → 암사 방면
01,수도권,S1,8,8호선,0546,천호,1,출입구-승강장,2,6번 출입구 옆 엘리베이터,강동구청 방면,6번 출입구 옆 엘리베이터 → 강동구청 방면
01,수도권,S1,8,8호선,0546,천호,3,환승,1,8호선 암사 방면,5호선 광나루 방면,8호선 암사 방면 → 5호선 광나루 방면
01,수도권,S1,8,8호선,0546,천호,3,환승,2,8호선 암사 방면,5호선 강동 방면,8호선 암사 방면 → 5호선 강동 방면
01,수도권,S1,8,8호선,0546,천호,3,환승,3,8호선 강동구청,5호선 광나루 방면,8호선 강동구청 → 5호선 광나루 방면
01,수도권,S1,8,8호선,0546,천호,3,환승,4,8호선 강동구청,5호선 강동 방면,8호선 강동구청 → 5호선 강동 방면
01,수도권,S1,8,8호선,0021,강동구청,1,출입구-승강장,1,4번 출입구 옆 엘리베이터,천호 방면,4번 출입구 옆 엘리베이터 → 천호 방면
01,수도권,S1,8,8호선,0021,강동구청,1,출입구-승강장,2,4번 출입구 옆 엘리베이터,몽촌토성 방면,4번 출입구 옆 엘리베이터 → 몽촌토성 방면
01,수도권,S1,8,8호선,0204,몽촌토성,1,출입구-승강장,1,4번 출입구 옆 엘리베이터,강동구청 방면,4번 출입구 옆 엘리베이터 → 강동구청 방면
01,수도권,S1,8,8호선,0204,몽촌토성,1,출입구-승강장,2,4번 출입구 옆 엘리베이터,잠실 방면,4번 출입구 옆 엘리베이터 → 잠실 방면
01,수도권,S1,8,8호선,0497,잠실,1,출입구-승강장,1,9번 출입구 옆 엘리베이터,몽촌토성 방면,9번 출입구 옆 엘리베이터 → 몽촌토성 방면
01,수도권,S1,8,8호선,0497,잠실,1,출입구-승강장,2,9번 출입구 옆 엘리베이터,석촌 방면,9번 출입구 옆 엘리베이터 → 석촌 방면
01,수도권,S1,8,8호선,0497,잠실,1,출입구-승강장,3,10번 출입구 옆 엘리베이터,몽촌토성 방면,10번 출입구 옆 엘리베이터 → 몽촌토성 방면
01,수도권,S1,8,8호선,0497,잠실,1,출입구-승강장,4,10번 출입구 옆 엘리베이터,석촌 방면,10번 출입구 옆 엘리베이터 → 석촌 방면
01,수도권,S1,8,8호선,0497,잠실,3,환승,1,8호선 몽촌토성 방면,2호선 잠실나루 방면,8호선 몽촌토성 방면 → 2호선 잠실나루 방면
01,수도권,S1,8,8호선,0497,잠실,3,환승,2,8호선 몽촌토성 방면,2호선 잠실새내 방면,8호선 몽촌토성 방면 → 2호선 잠실새내 방면
01,수도권,S1,8,8호선,0497,잠실,3,환승,3,8호선 석촌 방면,2호선 잠실나루 방면,8호선 석촌 방면 → 2호선 잠실나루 방면
01,수도권,S1,8,8호선,0497,잠실,3,환승,4,8호선 석촌 방면,2호선 잠실새내 방면,8호선 석촌 방면 → 2호선 잠실새내 방면
01,수도권,S1,8,8호선,0305,석촌,1,출입구-승강장,1,1번 출입구 옆 엘리베이터,잠실 방면,1번 출입구 옆 엘리베이터 → 잠실 방면
01,수도권,S1,8,8호선,0305,석촌,1,출입구-승강장,2,1번 출입구 옆 엘리베이터,송파 방면,1번 출입구 옆 엘리베이터 → 송파 방면
01,수도권,S1,8,8호선,0305,석촌,1,출입구-승강장,3,5번 출입구 옆 엘리베이터,잠실 방면,5번 출입구 옆 엘리베이터 → 잠실 방면
01,수도권,S1,8,8호선,0305,석촌,1,출입구-승강장,4,5번 출입구 옆 엘리베이터,송파 방면,5번 출입구 옆 엘리베이터 → 송파 방면
01,수도권,S1,8,8호선,0305,석촌,3,환승,1,8호선 잠실 방면,9호선 송파나루 방면,8호선 잠실 방면 → 9호선 송파나루 방면
01,수도권,S1,8,8호선,0305,석촌,3,환승,2,8호선 잠실 방면,9호선 석촌고분 방면,8호선 잠실 방면 → 9호선 석촌고분 방면
01,수도권,S1,8,8호선,0305,석촌,3,환승,3,8호선 송파 방면,9호선 송파나루 방면,8호선 송파 방면 → 9호선 송파나루 방면
01,수도권,S1,8,8호선,0305,석촌,3,환승,4,8호선 송파 방면,9호선 석촌고분 방면,8호선 송파 방면 → 9호선 석촌고분 방면
01,수도권,S1,8,8호선,0332,송파,1,출입구-승강장,1,2번 출입구 옆 엘리베이터,석촌 방면,2번 출입구 옆 엘리베이터 → 석촌 방면
01,수도권,S1,8,8호선,0332,송파,1,출입구-승강장,2,2번 출입구 옆 엘리베이터,가락시장 방면,2번 출입구 옆 엘리베이터 → 가락시장 방면
01,수도권,S1,8,8호선,0332,송파,1,출입구-승강장,3,4번 출입구 옆 엘리베이터 ,석촌 방면,4번 출입구 옆 엘리베이터  → 석촌 방면
01,수도권,S1,8,8호선,0332,송파,1,출입구-승강장,4,4번 출입구 옆 엘리베이터 ,가락시장 방면,4번 출입구 옆 엘리베이터  → 가락시장 방면
01,수도권,S1,8,8호선,0003,가락시장,1,출입구-승강장,1,1번 출입구 옆 엘리베이터,송파 방면,1번 출입구 옆 엘리베이터 → 송파 방면
01,수도권,S1,8,8호선,0003,가락시장,1,출입구-승강장,2,1번 출입구 옆 엘리베이터,문정 방면,1번 출입구 옆 엘리베이터 → 문정 방면
01,수도권,S1,8,8호선,0003,가락시장,1,출입구-승강장,3,4번 출입구 옆 엘리베이터,송파 방면,4번 출입구 옆 엘리베이터 → 송파 방면
01,수도권,S1,8,8호선,0003,가락시장,1,출입구-승강장,4,4번 출입구 옆 엘리베이터,문정 방면,4번 출입구 옆 엘리베이터 → 문정 방면
01,수도권,S1,8,8호선,0003,가락시장,1,출입구-승강장,5,7번 출입구 옆 엘리베이터,송파 방면,7번 출입구 옆 엘리베이터 → 송파 방면
01,수도권,S1,8,8호선,0003,가락시장,1,출입구-승강장,6,7번 출입구 옆 엘리베이터,문정 방면,7번 출입구 옆 엘리베이터 → 문정 방면
01,수도권,S1,8,8호선,0003,가락시장,3,환승,1,8호선 송파 방면,3호선 수서 방면,8호선 송파 방면 → 3호선 수서 방면
01,수도권,S1,8,8호선,0003,가락시장,3,환승,2,8호선 송파 방면,3호선 경찰병원 방면,8호선 송파 방면 → 3호선 경찰병원 방면
01,수도권,S1,8,8호선,0003,가락시장,3,환승,3,8호선 문정 방면,3호선 수서 방면,8호선 문정 방면 → 3호선 수서 방면
01,수도권,S1,8,8호선,0003,가락시장,3,환승,4,8호선 문정 방면,3호선 경찰병원 방면,8호선 문정 방면 → 3호선 경찰병원 방면
01,수도권,S1,8,8호선,0208,문정,1,출입구-승강장,1,2번 출입구 옆 엘리베이터,가락시장 방면,2번 출입구 옆 엘리베이터 → 가락시장 방면
01,수도권,S1,8,8호선,0208,문정,1,출입구-승강장,2,2번 출입구 옆 엘리베이터,장지 방면,2번 출입구 옆 엘리베이터 → 장지 방면
01,수도권,S1,8,8호선,0208,문정,1,출입구-승강장,3,4번 출입구 근처 엘리베이터,가락시장 방면,4번 출입구 근처 엘리베이터 → 가락시장 방면
01,수도권,S1,8,8호선,0208,문정,1,출입구-승강장,4,4번 출입구 근처 엘리베이터,장지 방면,4번 출입구 근처 엘리베이터 → 장지 방면
01,수도권,S1,8,8호선,0208,문정,1,출입구-승강장,5,3번 출입구 근처 엘리베이터 ,가락시장 방면,3번 출입구 근처 엘리베이터  → 가락시장 방면
01,수도권,S1,8,8호선,0208,문정,1,출입구-승강장,6,3번 출입구 근처 엘리베이터 ,장지 방면,3번 출입구 근처 엘리베이터  → 장지 방면
01,수도권,S1,8,8호선,0504,장지,1,출입구-승강장,1,1번 출입구 옆 엘리베이터,문정 방면,1번 출입구 옆 엘리베이터 → 문정 방면
01,수도권,S1,8,8호선,0504,장지,1,출입구-승강장,2,1번 출입구 옆 엘리베이터,복정 방면,1번 출입구 옆 엘리베이터 → 복정 방면
01,수도권,S1,8,8호선,0504,장지,1,출입구-승강장,3,4번 출입구 옆 엘리베이터,문정 방면,4번 출입구 옆 엘리베이터 → 문정 방면
01,수도권,S1,8,8호선,0504,장지,1,출입구-승강장,4,4번 출입구 옆 엘리베이터,복정 방면,4번 출입구 옆 엘리베이터 → 복정 방면
01,수도권,S1,8,8호선,0238,복정,1,출입구-승강장,1,1번 출입구 엘리베이터,장지 방면,1번 출입구 엘리베이터 → 장지 방면
01,수도권,S1,8,8호선,0238,복정,1,출입구-승강장,2,1번 출입구 엘리베이터,남위례 방면,1번 출입구 엘리베이터 → 남위례 방면
01,수도권,S1,8,8호선,0238,복정,3,환승,1,8호선 장지 방면,수인분당선 수서 방면,8호선 장지 방면 → 수인분당선 수서 방면
01,수도권,S1,8,8호선,0238,복정,3,환승,2,8호선 장지 방면,수인분당선 가천대 방면,8호선 장지 방면 → 수인분당선 가천대 방면
01,수도권,S1,8,8호선,0238,복정,3,환승,3,8호선 남위례 방면,수인분당선 수서 방면,8호선 남위례 방면 → 수인분당선 수서 방면
01,수도권,S1,8,8호선,0238,복정,3,환승,4,8호선 남위례 방면,수인분당선 가천대 방면,8호선 남위례 방면 → 수인분당선 가천대 방면
01,수도권,S1,8,8호선,1366,남위례,1,출입구-승강장,1,5번출입구옆 엘리베이터,암사 방면,5번출입구옆 엘리베이터 → 암사 방면
01,수도권,S1,8,8호선,1366,남위례,1,출입구-승강장,2,5번출입구옆 엘리베이터,모란방면,5번출입구옆 엘리베이터 → 모란방면
01,수도권,S1,8,8호선,0261,산성,1,출입구-승강장,1,3번 출입구 옆 엘리베이터,남위례 방면,3번 출입구 옆 엘리베이터 → 남위례 방면
01,수도권,S1,8,8호선,0261,산성,1,출입구-승강장,2,3번 출입구 옆 엘리베이터,남한산성입구 방면,3번 출입구 옆 엘리베이터 → 남한산성입구 방면
01,수도권,S1,8,8호선,0111,남한산성입구,1,출입구-승강장,1,3번 출입구 옆 엘리베이터,산성 방면,3번 출입구 옆 엘리베이터 → 산성 방면
01,수도권,S1,8,8호선,0111,남한산성입구,1,출입구-승강장,2,3번 출입구 옆 엘리베이터,단대오거리 방면,3번 출입구 옆 엘리베이터 → 단대오거리 방면
01,수도권,S1,8,8호선,0122,단대오거리,1,출입구-승강장,1,4번 출입구 옆 엘리베이터,남한산성입구 방면,4번 출입구 옆 엘리베이터 → 남한산성입구 방면
01,수도권,S1,8,8호선,0122,단대오거리,1,출입구-승강장,2,4번 출입구 옆 엘리베이터,신흥 방면,4번 출입구 옆 엘리베이터 → 신흥 방면
01,수도권,S1,8,8호선,0379,신흥,1,출입구-승강장,1,"3, 4번 출입구 사이 엘리베이터",단대오거리 방면,"3, 4번 출입구 사이 엘리베이터 → 단대오거리 방면"
01,수도권,S1,8,8호선,0379,신흥,1,출입구-승강장,2,"3, 4번 출입구 사이",수진 방면,"3, 4번 출입구 사이 → 수진 방면"
01,수도권,S1,8,8호선,0342,수진,1,출입구-승강장,1,3번 출입구 옆 엘리베이터,신흥 방면,3번 출입구 옆 엘리베이터 → 신흥 방면
01,수도권,S1,8,8호선,0342,수진,1,출입구-승강장,2,3번 출입구 옆 엘리베이터,모란 방면,3번 출입구 옆 엘리베이터 → 모란 방면
01,수도권,S1,8,8호선,0201,모란,1,출입구-승강장,1,11번 출입구 휠체어리프트,수진 방면,11번 출입구 휠체어리프트 → 수진 방면
01,수도권,S1,8,8호선,0201,모란,3,환승,1,8호선 수진 방면,수인분당선 태평 방면,8호선 수진 방면 → 수인분당선 태평 방면
01,수도권,S1,8,8호선,0201,모란,3,환승,2,8호선 수진 방면,수인분당선 야탑 방면,8호선 수진 방면 → 수인분당선 야탑 방면
01,수도권,S1,8,8호선,0201,모란,3,환승,3,8호선 모란(종착역),수인분당선 태평 방면,8호선 모란(종착역) → 수인분당선 태평 방면
01,수도권,S1,8,8호선,0201,모란,3,환승,4,8호선 모란(종착역),수인분당선 야탑 방면,8호선 모란(종착역) → 수인분당선 야탑 방면
01,수도권,S9,9,9호선,0028,개화,1,출입구-승강장,1,2번 출입구 근처 엘리베이터,김포공항 방면,2번 출입구 근처 엘리베이터 → 김포공항 방면
01,수도권,S9,9,9호선,0099,김포공항,1,출입구-승강장,1,4번 출입구 옆 엘리베이터,개화 방면,4번 출입구 옆 엘리베이터 → 개화 방면
01,수도권,S9,9,9호선,0099,김포공항,1,출입구-승강장,2,4번 출입구 옆 엘리베이터,공항시장 방면,4번 출입구 옆 엘리베이터 → 공항시장 방면
01,수도권,S9,9,9호선,0099,김포공항,3,환승,1,9호선 개화 방면,5호선 개화산 방면,9호선 개화 방면 → 5호선 개화산 방면
01,수도권,S9,9,9호선,0099,김포공항,3,환승,2,9호선 개화 방면,5호선 송정 방면,9호선 개화 방면 → 5호선 송정 방면
01,수도권,S9,9,9호선,0099,김포공항,3,환승,3,9호선 공항시장 방면,5호선 개화산 방면,9호선 공항시장 방면 → 5호선 개화산 방면
01,수도권,S9,9,9호선,0099,김포공항,3,환승,4,9호선 공항시장 방면,5호선 송정 방면,9호선 공항시장 방면 → 5호선 송정 방면
01,수도권,S9,9,9호선,0099,김포공항,3,환승,5,9호선 개화 방면,공항철도 마곡나루 방면,9호선 개화 방면 → 공항철도 마곡나루 방면
01,수도권,S9,9,9호선,0099,김포공항,3,환승,6,9호선 개화 방면,공항철도 계양 방면,9호선 개화 방면 → 공항철도 계양 방면
01,수도권,S9,9,9호선,0099,김포공항,3,환승,7,9호선 공항시장 방면,공항철도 마곡나루 방면,9호선 공항시장 방면 → 공항철도 마곡나루 방면
01,수도권,S9,9,9호선,0099,김포공항,3,환승,8,9호선 공항시장 방면,공항철도 계양 방면,9호선 공항시장 방면 → 공항철도 계양 방면
01,수도권,S9,9,9호선,0099,김포공항,3,환승,9,9호선 개화 방면,김포골드라인 고촌 방면,9호선 개화 방면 → 김포골드라인 고촌 방면
01,수도권,S9,9,9호선,0099,김포공항,3,환승,10,9호선 공항시장 방면,김포골드라인 고촌 방면,9호선 공항시장 방면 → 김포골드라인 고촌 방면
01,수도권,S9,9,9호선,0056,공항시장,1,출입구-승강장,1,1번 출입구 근처 엘리베이터,김포공항 방면,1번 출입구 근처 엘리베이터 → 김포공항 방면
01,수도권,S9,9,9호선,0056,공항시장,1,출입구-승강장,2,1번 출입구 근처 엘리베이터,신방화 방면,1번 출입구 근처 엘리베이터 → 신방화 방면
01,수도권,S9,9,9호선,0364,신방화,1,출입구-승강장,1,3번 출입구 근처 엘리베이터,공항시장 방면,3번 출입구 근처 엘리베이터 → 공항시장 방면
01,수도권,S9,9,9호선,0364,신방화,1,출입구-승강장,2,7번 출입구 근처 엘리베이터,공항시장 방면,7번 출입구 근처 엘리베이터 → 공항시장 방면
01,수도권,S9,9,9호선,0364,신방화,1,출입구-승강장,3,3번 출입구 근처 엘리베이터,마곡나루 방면,3번 출입구 근처 엘리베이터 → 마곡나루 방면
01,수도권,S9,9,9호선,0364,신방화,1,출입구-승강장,4,7번 출입구 근처 엘리베이터,마곡나루 방면,7번 출입구 근처 엘리베이터 → 마곡나루 방면
01,수도권,S9,9,9호선,0178,마곡나루,1,출입구-승강장,1,"1, 2번 출입구 사이 엘리베이터",신방화 방면,"1, 2번 출입구 사이 엘리베이터 → 신방화 방면"
01,수도권,S9,9,9호선,0178,마곡나루,1,출입구-승강장,2,"1, 2번 출입구 사이 엘리베이터",양천향교 방면,"1, 2번 출입구 사이 엘리베이터 → 양천향교 방면"
01,수도권,S9,9,9호선,0178,마곡나루,1,출입구-승강장,3,마곡중앙광장 출입구 옆 엘리베이터,신방화 방면,마곡중앙광장 출입구 옆 엘리베이터 → 신방화 방면
01,수도권,S9,9,9호선,0178,마곡나루,1,출입구-승강장,4,마곡중앙광장 출입구 옆 엘리베이터,양천향교 방면,마곡중앙광장 출입구 옆 엘리베이터 → 양천향교 방면
01,수도권,S9,9,9호선,0178,마곡나루,3,환승,1,9호선 신방화 방면,공항철도 디지털미디어시티 방면,9호선 신방화 방면 → 공항철도 디지털미디어시티 방면
01,수도권,S9,9,9호선,0178,마곡나루,3,환승,2,9호선 신방화 방면,공항철도 김포공항 방면,9호선 신방화 방면 → 공항철도 김포공항 방면
01,수도권,S9,9,9호선,0178,마곡나루,3,환승,3,9호선 양천향교 방면,공항철도 디지털미디어시티 방면,9호선 양천향교 방면 → 공항철도 디지털미디어시티 방면
01,수도권,S9,9,9호선,0178,마곡나루,3,환승,4,9호선 양천향교 방면,공항철도 김포공항 방면,9호선 양천향교 방면 → 공항철도 김포공항 방면
01,수도권,S9,9,9호선,0405,양천향교,1,출입구-승강장,1,3번 출입구 근처 엘리베이터,마곡나루 방면,3번 출입구 근처 엘리베이터 → 마곡나루 방면
01,수도권,S9,9,9호선,0405,양천향교,1,출입구-승강장,2,5번 출입구 근처 엘리베이터,마곡나루 방면,5번 출입구 근처 엘리베이터 → 마곡나루 방면
01,수도권,S9,9,9호선,0405,양천향교,1,출입구-승강장,3,3번 출입구 근처 엘리베이터,가양 방면,3번 출입구 근처 엘리베이터 → 가양 방면
01,수도권,S9,9,9호선,0405,양천향교,1,출입구-승강장,4,5번 출입구 근처 엘리베이터,가양 방면,5번 출입구 근처 엘리베이터 → 가양 방면
01,수도권,S9,9,9호선,0005,가양,1,출입구-승강장,1,4번 출입구 근처 엘리베이터,양천향교 방면,4번 출입구 근처 엘리베이터 → 양천향교 방면
01,수도권,S9,9,9호선,0005,가양,1,출입구-승강장,2,8번 출입구 근처 엘리베이터,양천향교 방면,8번 출입구 근처 엘리베이터 → 양천향교 방면
01,수도권,S9,9,9호선,0005,가양,1,출입구-승강장,3,4번 출입구 근처 엘리베이터,증미 방면,4번 출입구 근처 엘리베이터 → 증미 방면
01,수도권,S9,9,9호선,0005,가양,1,출입구-승강장,4,8번 출입구 근처 엘리베이터,증미 방면,8번 출입구 근처 엘리베이터 → 증미 방면
01,수도권,S9,9,9호선,0531,증미,1,출입구-승강장,1,1번 출입구 근처 엘리베이터,가양 방면,1번 출입구 근처 엘리베이터 → 가양 방면
01,수도권,S9,9,9호선,0531,증미,1,출입구-승강장,2,1번 출입구 근처 엘리베이터,등촌 방면,1번 출입구 근처 엘리베이터 → 등촌 방면
01,수도권,S9,9,9호선,0173,등촌,1,출입구-승강장,1,5번 출입구 근처 엘리베이터,증미 방면,5번 출입구 근처 엘리베이터 → 증미 방면
01,수도권,S9,9,9호선,0173,등촌,1,출입구-승강장,2,5번 출입구 근처 엘리베이터,염창 방면,5번 출입구 근처 엘리베이터 → 염창 방면
01,수도권,S9,9,9호선,0419,염창,1,출입구-승강장,1,1번출입구근처엘리베이터,등촌 방면,1번출입구근처엘리베이터 → 등촌 방면
01,수도권,S9,9,9호선,0419,염창,1,출입구-승강장,2,1번출입구근처엘리베이터,신목동 방면,1번출입구근처엘리베이터 → 신목동 방면
01,수도권,S9,9,9호선,0419,염창,1,출입구-승강장,3,3번출입구근처엘리베이터,등촌 방면,3번출입구근처엘리베이터 → 등촌 방면
01,수도권,S9,9,9호선,0419,염창,1,출입구-승강장,4,3번출입구근처엘리베이터,신목동 방면,3번출입구근처엘리베이터 → 신목동 방면
01,수도권,S9,9,9호선,0362,신목동,1,출입구-승강장,1,2번출입구근처엘리베이터,선유도 방면,2번출입구근처엘리베이터 → 선유도 방면
01,수도권,S9,9,9호선,0362,신목동,1,출입구-승강장,2,2번출입구근처엘리베이터,염창 방면,2번출입구근처엘리베이터 → 염창 방면
01,수도권,S9,9,9호선,0362,신목동,1,출입구-승강장,3,1번출입구근처엘리베이터,선유도 방면,1번출입구근처엘리베이터 → 선유도 방면
01,수도권,S9,9,9호선,0362,신목동,1,출입구-승강장,4,1번출입구근처엘리베이터,염창 방면,1번출입구근처엘리베이터 → 염창 방면
01,수도권,S9,9,9호선,0308,선유도,1,출입구-승강장,1,1번출입구근처엘리베이터,당산 방면,1번출입구근처엘리베이터 → 당산 방면
01,수도권,S9,9,9호선,0308,선유도,1,출입구-승강장,2,1번출입구근처엘리베이터,신목동 방면,1번출입구근처엘리베이터 → 신목동 방면
01,수도권,S9,9,9호선,0308,선유도,1,출입구-승강장,3,8번출입구근처엘리베이터,당산 방면,8번출입구근처엘리베이터 → 당산 방면
01,수도권,S9,9,9호선,0308,선유도,1,출입구-승강장,4,8번출입구근처엘리베이터,신목동 방면,8번출입구근처엘리베이터 → 신목동 방면
01,수도권,S9,9,9호선,0126,당산,1,출입구-승강장,1,10번출입구근처엘리베이터,국회의사당 방면,10번출입구근처엘리베이터 → 국회의사당 방면
01,수도권,S9,9,9호선,0126,당산,1,출입구-승강장,2,10번출입구근처엘리베이터,선유도 방면,10번출입구근처엘리베이터 → 선유도 방면
01,수도권,S9,9,9호선,0126,당산,1,출입구-승강장,3,13번출입구근처엘리베이터,국회의사당 방면,13번출입구근처엘리베이터 → 국회의사당 방면
01,수도권,S9,9,9호선,0126,당산,1,출입구-승강장,4,13번출입구근처엘리베이터,선유도 방면,13번출입구근처엘리베이터 → 선유도 방면
01,수도권,S9,9,9호선,0126,당산,3,환승,1,9호선 국회의사당 방면,2호선 영등포구청 방면,9호선 국회의사당 방면 → 2호선 영등포구청 방면
01,수도권,S9,9,9호선,0126,당산,3,환승,2,9호선 국회의사당 방면,2호선 합정 방면,9호선 국회의사당 방면 → 2호선 합정 방면
01,수도권,S9,9,9호선,0126,당산,3,환승,3,9호선 선유도 방면,2호선 영등포구청 방면,9호선 선유도 방면 → 2호선 영등포구청 방면
01,수도권,S9,9,9호선,0126,당산,3,환승,4,9호선 선유도 방면,2호선 합정 방면,9호선 선유도 방면 → 2호선 합정 방면
01,수도권,S9,9,9호선,0081,국회의사당,1,출입구-승강장,1,2번 출입구 근처 엘리베이터,당산 방면,2번 출입구 근처 엘리베이터 → 당산 방면
01,수도권,S9,9,9호선,0081,국회의사당,1,출입구-승강장,2,2번 출입구 근처 엘리베이터,여의도 방면,2번 출입구 근처 엘리베이터 → 여의도 방면
01,수도권,S9,9,9호선,0081,국회의사당,1,출입구-승강장,3,5번 출입구 근처 엘리베이터,당산 방면,5번 출입구 근처 엘리베이터 → 당산 방면
01,수도권,S9,9,9호선,0081,국회의사당,1,출입구-승강장,4,5번 출입구 근처 엘리베이터,여의도 방면,5번 출입구 근처 엘리베이터 → 여의도 방면
01,수도권,S9,9,9호선,0081,국회의사당,1,출입구-승강장,5,6번 출입구 근처 엘리베이터,당산 방면,6번 출입구 근처 엘리베이터 → 당산 방면
01,수도권,S9,9,9호선,0081,국회의사당,1,출입구-승강장,6,6번 출입구 근처 엘리베이터,여의도 방면,6번 출입구 근처 엘리베이터 → 여의도 방면
01,수도권,S9,9,9호선,0412,여의도,1,출입구-승강장,1,2번출입구근처엘리베이터,샛강 방면 엘리베이터,2번출입구근처엘리베이터 → 샛강 방면 엘리베이터
01,수도권,S9,9,9호선,0412,여의도,1,출입구-승강장,2,2번출입구근처엘리베이터,국회의사당 방면 엘리베이터,2번출입구근처엘리베이터 → 국회의사당 방면 엘리베이터
01,수도권,S9,9,9호선,0412,여의도,1,출입구-승강장,3,3번출입구근처엘리베이터,샛강 방면 엘리베이터,3번출입구근처엘리베이터 → 샛강 방면 엘리베이터
01,수도권,S9,9,9호선,0412,여의도,1,출입구-승강장,4,3번출입구근처엘리베이터,국회의사당 방면 엘리베이터,3번출입구근처엘리베이터 → 국회의사당 방면 엘리베이터
01,수도권,S9,9,9호선,0412,여의도,3,환승,1,국회의사당 방면,5호선 신길 방면,국회의사당 방면 → 5호선 신길 방면
01,수도권,S9,9,9호선,0412,여의도,3,환승,2,국회의사당  방면,5호선 여의나루 방면,국회의사당  방면 → 5호선 여의나루 방면
01,수도권,S9,9,9호선,0412,여의도,3,환승,3,샛강 방면,5호선 여의나루 방면,샛강 방면 → 5호선 여의나루 방면
01,수도권,S9,9,9호선,0412,여의도,3,환승,4,샛강  방면,5호선 신길 방면,샛강  방면 → 5호선 신길 방면
01,수도권,S9,9,9호선,0286,샛강,1,출입구-승강장,1,2번출입구근처엘리베이터,노량진 방면,2번출입구근처엘리베이터 → 노량진 방면
01,수도권,S9,9,9호선,0286,샛강,1,출입구-승강장,2,2번출입구근처엘리베이터,여의도 방면,2번출입구근처엘리베이터 → 여의도 방면
01,수도권,S9,9,9호선,0286,샛강,1,출입구-승강장,3,3번출입구근처엘리베이터,노량진 방면,3번출입구근처엘리베이터 → 노량진 방면
01,수도권,S9,9,9호선,0286,샛강,1,출입구-승강장,4,3번출입구근처엘리베이터,여의도 방면,3번출입구근처엘리베이터 → 여의도 방면
01,수도권,S9,9,9호선,0286,샛강,1,출입구-승강장,5,2번 출입구 근처 엘리베이터 ,관악산(서울대)방면,2번 출입구 근처 엘리베이터  → 관악산(서울대)방면
01,수도권,S9,9,9호선,0286,샛강,1,출입구-승강장,6,3번 출입구 근처 엘리베이터,관악산(서울대)방면,3번 출입구 근처 엘리베이터 → 관악산(서울대)방면
01,수도권,S9,9,9호선,0286,샛강,1,출입구-승강장,7,신림선 승강장,2번 출입구 근처 엘리베이터 ,신림선 승강장 → 2번 출입구 근처 엘리베이터 
01,수도권,S9,9,9호선,0286,샛강,1,출입구-승강장,8,신림선 승강장,3번 출입구 근처 엘리베이터,신림선 승강장 → 3번 출입구 근처 엘리베이터
01,수도권,S9,9,9호선,0286,샛강,3,환승,1,9호선 노량진방면 승강장,신림선 관악산(서울대)방면,9호선 노량진방면 승강장 → 신림선 관악산(서울대)방면
01,수도권,S9,9,9호선,0286,샛강,3,환승,2,9호선 여의도방면 승강장,신림선 관악산(서울대)방면,9호선 여의도방면 승강장 → 신림선 관악산(서울대)방면
01,수도권,S9,9,9호선,0286,샛강,3,환승,3,신림선 승강장,9호선 여의도방면 승강장,신림선 승강장 → 9호선 여의도방면 승강장
01,수도권,S9,9,9호선,0286,샛강,3,환승,4,신림선 승강장, 9호선 노량진방면 승강장 ,신림선 승강장 →  9호선 노량진방면 승강장 
01,수도권,S9,9,9호선,0114,노량진,1,출입구-승강장,1,5번출입구근처엘리베이터,노들방면,5번출입구근처엘리베이터 → 노들방면
01,수도권,S9,9,9호선,0114,노량진,1,출입구-승강장,2,5번출입구근처엘리베이터,샛강 방면,5번출입구근처엘리베이터 → 샛강 방면
01,수도권,S9,9,9호선,0114,노량진,1,출입구-승강장,3,8번출입구근처엘리베이터,노들방면,8번출입구근처엘리베이터 → 노들방면
01,수도권,S9,9,9호선,0114,노량진,1,출입구-승강장,4,8번출입구근처엘리베이터,샛강 방면,8번출입구근처엘리베이터 → 샛강 방면
01,수도권,S9,9,9호선,0114,노량진,1,출입구-승강장,5,9번출입구근처엘리베이터,샛강방면,9번출입구근처엘리베이터 → 샛강방면
01,수도권,S9,9,9호선,0114,노량진,1,출입구-승강장,6,9번출입구근처엘리베이터,노들방면,9번출입구근처엘리베이터 → 노들방면
01,수도권,S9,9,9호선,0114,노량진,3,환승,1,9호선 노들방면 승강장,1호선 대방 방면 승강장,9호선 노들방면 승강장 → 1호선 대방 방면 승강장
01,수도권,S9,9,9호선,0114,노량진,3,환승,2,9호선 노들방면 승강장,1호선 용산 방면 승강장,9호선 노들방면 승강장 → 1호선 용산 방면 승강장
01,수도권,S9,9,9호선,0114,노량진,3,환승,3,9호선 샛강방면 승강장,1호선 대방 방면 승강장,9호선 샛강방면 승강장 → 1호선 대방 방면 승강장
01,수도권,S9,9,9호선,0114,노량진,3,환승,4,9호선 샛강방면 승강장,1호선 용산 방면 승강장,9호선 샛강방면 승강장 → 1호선 용산 방면 승강장
01,수도권,S9,9,9호선,0113,노들,1,출입구-승강장,1,1번 출입구 근처 엘리베이터,노량진 방면,1번 출입구 근처 엘리베이터 → 노량진 방면
01,수도권,S9,9,9호선,0113,노들,1,출입구-승강장,2,3번 출입구 근처 엘리베이터,노량진 방면,3번 출입구 근처 엘리베이터 → 노량진 방면
01,수도권,S9,9,9호선,0113,노들,1,출입구-승강장,3,5번 출입구 근처 엘리베이터,노량진 방면,5번 출입구 근처 엘리베이터 → 노량진 방면
01,수도권,S9,9,9호선,0113,노들,1,출입구-승강장,4,1번 출입구 근처 엘리베이터,흑석 방면,1번 출입구 근처 엘리베이터 → 흑석 방면
01,수도권,S9,9,9호선,0113,노들,1,출입구-승강장,5,3번 출입구 근처 엘리베이터,흑석 방면,3번 출입구 근처 엘리베이터 → 흑석 방면
01,수도권,S9,9,9호선,0113,노들,1,출입구-승강장,6,5번 출입구 근처 엘리베이터,흑석 방면,5번 출입구 근처 엘리베이터 → 흑석 방면
01,수도권,S9,9,9호선,0610,흑석,1,출입구-승강장,1,2번 출입구 근처 엘리베이터,동작 방면,2번 출입구 근처 엘리베이터 → 동작 방면
01,수도권,S9,9,9호선,0610,흑석,1,출입구-승강장,2,3번 출입구 근처 엘리베이터,동작 방면,3번 출입구 근처 엘리베이터 → 동작 방면
01,수도권,S9,9,9호선,0610,흑석,1,출입구-승강장,3,2번 출입구 근처 엘리베이터,노들 방면,2번 출입구 근처 엘리베이터 → 노들 방면
01,수도권,S9,9,9호선,0610,흑석,1,출입구-승강장,4,3번 출입구 근처 엘리베이터,노들 방면,3번 출입구 근처 엘리베이터 → 노들 방면
01,수도권,S9,9,9호선,0167,동작,1,출입구-승강장,1,1번 출입구 개찰구로 이동,구반포 방면,1번 출입구 개찰구로 이동 → 구반포 방면
01,수도권,S9,9,9호선,0167,동작,1,출입구-승강장,2,5번 출입구 개찰구로 이동,구반포 방면,5번 출입구 개찰구로 이동 → 구반포 방면
01,수도권,S9,9,9호선,0167,동작,1,출입구-승강장,3,7번 출입구 개찰구로 이동,구반포 방면,7번 출입구 개찰구로 이동 → 구반포 방면
01,수도권,S9,9,9호선,0167,동작,1,출입구-승강장,4,1번 출입구 개찰구로 이동,흑석 방면,1번 출입구 개찰구로 이동 → 흑석 방면
01,수도권,S9,9,9호선,0167,동작,1,출입구-승강장,5,5번 출입구 개찰구로 이동,흑석 방면,5번 출입구 개찰구로 이동 → 흑석 방면
01,수도권,S9,9,9호선,0167,동작,1,출입구-승강장,6,7번 출입구 개찰구로 이동,흑석 방면,7번 출입구 개찰구로 이동 → 흑석 방면
01,수도권,S9,9,9호선,0167,동작,3,환승,1,9호선 흑석 방면,4호선 이촌 방면,9호선 흑석 방면 → 4호선 이촌 방면
01,수도권,S9,9,9호선,0167,동작,3,환승,2,9호선 흑석 방면,4호선 총신대입구 방면,9호선 흑석 방면 → 4호선 총신대입구 방면
01,수도권,S9,9,9호선,0167,동작,3,환승,3,9호선 구반포 방면,4호선 이촌 방면,9호선 구반포 방면 → 4호선 이촌 방면
01,수도권,S9,9,9호선,0167,동작,3,환승,4,9호선 구반포 방면,4호선 총신대입구 방면,9호선 구반포 방면 → 4호선 총신대입구 방면
01,수도권,S9,9,9호선,0073,구반포,1,출입구-승강장,1,2번 출입구 근처 엘리베이터,신반포 방면,2번 출입구 근처 엘리베이터 → 신반포 방면
01,수도권,S9,9,9호선,0073,구반포,1,출입구-승강장,2,2번 출입구 근처 엘리베이터,동작 방면,2번 출입구 근처 엘리베이터 → 동작 방면
01,수도권,S9,9,9호선,0363,신반포,1,출입구-승강장,1,1번 출입구 근처 엘리베이터,고속터미널 방면,1번 출입구 근처 엘리베이터 → 고속터미널 방면
01,수도권,S9,9,9호선,0363,신반포,1,출입구-승강장,2,4번 출입구 근처 엘리베이터,고속터미널 방면,4번 출입구 근처 엘리베이터 → 고속터미널 방면
01,수도권,S9,9,9호선,0363,신반포,1,출입구-승강장,3,1번 출입구 근처 엘리베이터,구반포 방면,1번 출입구 근처 엘리베이터 → 구반포 방면
01,수도권,S9,9,9호선,0363,신반포,1,출입구-승강장,4,4번 출입구 근처 엘리베이터,구반포 방면,4번 출입구 근처 엘리베이터 → 구반포 방면
01,수도권,S9,9,9호선,0048,고속터미널,1,출입구-승강장,1,1번 출입구 근처 엘리베이터,사평 방면,1번 출입구 근처 엘리베이터 → 사평 방면
01,수도권,S9,9,9호선,0048,고속터미널,1,출입구-승강장,2,1번 출입구 근처 엘리베이터,신반포 방면,1번 출입구 근처 엘리베이터 → 신반포 방면
01,수도권,S9,9,9호선,0048,고속터미널,1,출입구-승강장,3,8-1번 출입구 근처 엘리베이터,사평 방면,8-1번 출입구 근처 엘리베이터 → 사평 방면
01,수도권,S9,9,9호선,0048,고속터미널,1,출입구-승강장,4,8-1번 출입구 근처 엘리베이터,신반포 방면,8-1번 출입구 근처 엘리베이터 → 신반포 방면
01,수도권,S9,9,9호선,0048,고속터미널,3,환승,1,9호선 사평 방면,3호선 잠원 방면,9호선 사평 방면 → 3호선 잠원 방면
01,수도권,S9,9,9호선,0048,고속터미널,3,환승,2,9호선 신반포 방면,3호선 잠원 방면,9호선 신반포 방면 → 3호선 잠원 방면
01,수도권,S9,9,9호선,0048,고속터미널,3,환승,3,9호선 사평 방면,3호선 교대 방면,9호선 사평 방면 → 3호선 교대 방면
01,수도권,S9,9,9호선,0048,고속터미널,3,환승,4,9호선 신반포 방면,3호선 교대 방면,9호선 신반포 방면 → 3호선 교대 방면
01,수도권,S9,9,9호선,0048,고속터미널,3,환승,5,9호선 사평 방면,7호선 내방 방면,9호선 사평 방면 → 7호선 내방 방면
01,수도권,S9,9,9호선,0048,고속터미널,3,환승,6,9호선 신반포 방면,7호선 내방 방면,9호선 신반포 방면 → 7호선 내방 방면
01,수도권,S9,9,9호선,0048,고속터미널,3,환승,7,9호선 사평 방면,7호선 반포 방면,9호선 사평 방면 → 7호선 반포 방면
01,수도권,S9,9,9호선,0048,고속터미널,3,환승,8,9호선 신반포 방면,7호선 반포 방면,9호선 신반포 방면 → 7호선 반포 방면
01,수도권,S9,9,9호선,0259,사평,1,출입구-승강장,1,1번 출입구 근처 엘리베이터,고속터미널 방면,1번 출입구 근처 엘리베이터 → 고속터미널 방면
01,수도권,S9,9,9호선,0259,사평,1,출입구-승강장,2,2번 출입구 근처 엘리베이터,고속터미널 방면,2번 출입구 근처 엘리베이터 → 고속터미널 방면
01,수도권,S9,9,9호선,0259,사평,1,출입구-승강장,3,1번 출입구 근처 엘리베이터,신논현 방면,1번 출입구 근처 엘리베이터 → 신논현 방면
01,수도권,S9,9,9호선,0259,사평,1,출입구-승강장,4,2번 출입구 근처 엘리베이터,신논현 방면,2번 출입구 근처 엘리베이터 → 신논현 방면
01,수도권,S9,9,9호선,0354,신논현,1,출입구-승강장,1,2번 출입구 근처 엘리베이터,사평 방면,2번 출입구 근처 엘리베이터 → 사평 방면
01,수도권,S9,9,9호선,0354,신논현,1,출입구-승강장,2,2번 출입구 근처 엘리베이터,언주 방면,2번 출입구 근처 엘리베이터 → 언주 방면
01,수도권,S9,9,9호선,0354,신논현,1,출입구-승강장,5,8번 출입구 근처 엘리베이터,사평 방면,8번 출입구 근처 엘리베이터 → 사평 방면
01,수도권,S9,9,9호선,0354,신논현,1,출입구-승강장,6,8번 출입구 근처 엘리베이터,언주 방면,8번 출입구 근처 엘리베이터 → 언주 방면
01,수도권,S9,9,9호선,0410,언주,1,출입구-승강장,1,2번 출입구 옆 엘리베이터,신논현 방면,2번 출입구 옆 엘리베이터 → 신논현 방면
01,수도권,S9,9,9호선,0410,언주,1,출입구-승강장,2,2번 출입구 옆 엘리베이터,선정릉 방면,2번 출입구 옆 엘리베이터 → 선정릉 방면
01,수도권,S9,9,9호선,0410,언주,1,출입구-승강장,3,6번 출입구 옆 엘리베이터,신논현 방면,6번 출입구 옆 엘리베이터 → 신논현 방면
01,수도권,S9,9,9호선,0410,언주,1,출입구-승강장,4,6번 출입구 옆 엘리베이터,선정릉 방면,6번 출입구 옆 엘리베이터 → 선정릉 방면
01,수도권,S9,9,9호선,0309,선정릉,1,출입구-승강장,1,1번 출입구 옆 엘리베이터,언주 방면,1번 출입구 옆 엘리베이터 → 언주 방면
01,수도권,S9,9,9호선,0309,선정릉,1,출입구-승강장,2,1번 출입구 옆 엘리베이터,삼성중앙 방면,1번 출입구 옆 엘리베이터 → 삼성중앙 방면
01,수도권,S9,9,9호선,0309,선정릉,1,출입구-승강장,3,4번 출입구 근처 엘리베이터,언주 방면,4번 출입구 근처 엘리베이터 → 언주 방면
01,수도권,S9,9,9호선,0309,선정릉,1,출입구-승강장,4,4번 출입구 근처 엘리베이터,삼성중앙 방면,4번 출입구 근처 엘리베이터 → 삼성중앙 방면
01,수도권,S9,9,9호선,0309,선정릉,3,환승,1,9호선 언주 방면,수인분당선 강남구청 방면,9호선 언주 방면 → 수인분당선 강남구청 방면
01,수도권,S9,9,9호선,0309,선정릉,3,환승,2,9호선 언주 방면,수인분당선 선릉 방면,9호선 언주 방면 → 수인분당선 선릉 방면
01,수도권,S9,9,9호선,0309,선정릉,3,환승,3,9호선 삼성중앙 방면,수인분당선 강남구청 방면,9호선 삼성중앙 방면 → 수인분당선 강남구청 방면
01,수도권,S9,9,9호선,0309,선정릉,3,환승,4,9호선 삼성중앙 방면,수인분당선 선릉 방면,9호선 삼성중앙 방면 → 수인분당선 선릉 방면
01,수도권,S9,9,9호선,0267,삼성중앙,1,출입구-승강장,1,3번 출입구 옆 엘리베이터,선정릉 방면,3번 출입구 옆 엘리베이터 → 선정릉 방면
01,수도권,S9,9,9호선,0267,삼성중앙,1,출입구-승강장,2,3번 출입구 옆 엘리베이터,봉은사 방면,3번 출입구 옆 엘리베이터 → 봉은사 방면
01,수도권,S9,9,9호선,0267,삼성중앙,1,출입구-승강장,3,5번 출입구 옆 엘리베이터,선정릉 방면,5번 출입구 옆 엘리베이터 → 선정릉 방면
01,수도권,S9,9,9호선,0267,삼성중앙,1,출입구-승강장,4,5번 출입구 옆 엘리베이터,봉은사 방면,5번 출입구 옆 엘리베이터 → 봉은사 방면
01,수도권,S9,9,9호선,0241,봉은사,1,출입구-승강장,1,3번 출입구 옆 엘리베이터,삼성중앙 방면,3번 출입구 옆 엘리베이터 → 삼성중앙 방면
01,수도권,S9,9,9호선,0241,봉은사,1,출입구-승강장,2,3번 출입구 옆 엘리베이터,종합운동장 방면,3번 출입구 옆 엘리베이터 → 종합운동장 방면
01,수도권,S9,9,9호선,0241,봉은사,1,출입구-승강장,3,7번 출입구 옆 엘리베이터,삼성중앙 방면,7번 출입구 옆 엘리베이터 → 삼성중앙 방면
01,수도권,S9,9,9호선,0241,봉은사,1,출입구-승강장,4,7번 출입구 옆 엘리베이터,종합운동장 방면,7번 출입구 옆 엘리베이터 → 종합운동장 방면
01,수도권,S9,9,9호선,0518,종합운동장,1,출입구-승강장,1,9번 출입구 옆 엘리베이터,봉은사 방면,9번 출입구 옆 엘리베이터 → 봉은사 방면
01,수도권,S9,9,9호선,0518,종합운동장,1,출입구-승강장,2,9번 출입구 옆 엘리베이터,삼전 방면,9번 출입구 옆 엘리베이터 → 삼전 방면
01,수도권,S9,9,9호선,0518,종합운동장,3,환승,1,9호선 봉은사 방면,2호선 잠실새내 방면,9호선 봉은사 방면 → 2호선 잠실새내 방면
01,수도권,S9,9,9호선,0518,종합운동장,3,환승,2,9호선 봉은사 방면,2호선 삼성 방면,9호선 봉은사 방면 → 2호선 삼성 방면
01,수도권,S9,9,9호선,0518,종합운동장,3,환승,3,9호선 삼전 방면,2호선 잠실새내 방면,9호선 삼전 방면 → 2호선 잠실새내 방면
01,수도권,S9,9,9호선,0518,종합운동장,3,환승,4,9호선 삼전 방면,2호선 삼성 방면,9호선 삼전 방면 → 2호선 삼성 방면
01,수도권,S9,9,9호선,1153,삼전,1,출입구-승강장,1,1번 출입구 옆 엘리베이터,종합운동장 방면,1번 출입구 옆 엘리베이터 → 종합운동장 방면
01,수도권,S9,9,9호선,1153,삼전,1,출입구-승강장,2,1번 출입구 옆 엘리베이터,석촌고분 방면,1번 출입구 옆 엘리베이터 → 석촌고분 방면
01,수도권,S9,9,9호선,1154,석촌고분,1,출입구-승강장,1,1번 출입구 옆 엘리베이터,삼전 방면,1번 출입구 옆 엘리베이터 → 삼전 방면
01,수도권,S9,9,9호선,1154,석촌고분,1,출입구-승강장,2,1번 출입구 옆 엘리베이터,석촌 방면,1번 출입구 옆 엘리베이터 → 석촌 방면
01,수도권,S9,9,9호선,1154,석촌고분,1,출입구-승강장,3,2번 출입구 옆 엘리베이터,삼전 방면,2번 출입구 옆 엘리베이터 → 삼전 방면
01,수도권,S9,9,9호선,1154,석촌고분,1,출입구-승강장,4,2번 출입구 옆 엘리베이터,석촌 방면,2번 출입구 옆 엘리베이터 → 석촌 방면
01,수도권,S9,9,9호선,1154,석촌고분,1,출입구-승강장,5,3번 출입구 옆 엘리베이터,삼전 방면,3번 출입구 옆 엘리베이터 → 삼전 방면
01,수도권,S9,9,9호선,1154,석촌고분,1,출입구-승강장,6,3번 출입구 옆 엘리베이터,석촌 방면,3번 출입구 옆 엘리베이터 → 석촌 방면
01,수도권,S9,9,9호선,1154,석촌고분,1,출입구-승강장,7,4번 출입구 옆 엘리베이터,삼전 방면,4번 출입구 옆 엘리베이터 → 삼전 방면
01,수도권,S9,9,9호선,1154,석촌고분,1,출입구-승강장,8,4번 출입구 옆 엘리베이터,석촌 방면,4번 출입구 옆 엘리베이터 → 석촌 방면
01,수도권,S9,9,9호선,0305,석촌,1,출입구-승강장,1,1번 출입구 옆 엘리베이터,석촌고분 방면,1번 출입구 옆 엘리베이터 → 석촌고분 방면
01,수도권,S9,9,9호선,0305,석촌,1,출입구-승강장,2,1번 출입구 옆 엘리베이터,송파나루 방면,1번 출입구 옆 엘리베이터 → 송파나루 방면
01,수도권,S9,9,9호선,0305,석촌,1,출입구-승강장,3,5번 출입구 옆 엘리베이터,석촌고분 방면,5번 출입구 옆 엘리베이터 → 석촌고분 방면
01,수도권,S9,9,9호선,0305,석촌,1,출입구-승강장,4,5번 출입구 옆 엘리베이터,송파나루 방면,5번 출입구 옆 엘리베이터 → 송파나루 방면
01,수도권,S9,9,9호선,0305,석촌,3,환승,1,9호선 석촌고분 방면,8호선 잠실 방면,9호선 석촌고분 방면 → 8호선 잠실 방면
01,수도권,S9,9,9호선,0305,석촌,3,환승,2,9호선 석촌고분 방면,8호선 송파 방면,9호선 석촌고분 방면 → 8호선 송파 방면
01,수도권,S9,9,9호선,0305,석촌,3,환승,3,9호선 송파나루 방면,8호선 잠실 방면,9호선 송파나루 방면 → 8호선 잠실 방면
01,수도권,S9,9,9호선,0305,석촌,3,환승,4,9호선 송파나루 방면,8호선 송파 방면,9호선 송파나루 방면 → 8호선 송파 방면
01,수도권,S9,9,9호선,1155,송파나루,1,출입구-승강장,1,1번 출입구 옆 엘리베이터,석촌 방면,1번 출입구 옆 엘리베이터 → 석촌 방면
01,수도권,S9,9,9호선,1155,송파나루,1,출입구-승강장,2,1번 출입구 옆 엘리베이터,한성백제 방면,1번 출입구 옆 엘리베이터 → 한성백제 방면
01,수도권,S9,9,9호선,1155,송파나루,1,출입구-승강장,3,2번 출입구 옆 엘리베이터,석촌 방면,2번 출입구 옆 엘리베이터 → 석촌 방면
01,수도권,S9,9,9호선,1155,송파나루,1,출입구-승강장,4,2번 출입구 옆 엘리베이터,한성백제 방면,2번 출입구 옆 엘리베이터 → 한성백제 방면
01,수도권,S9,9,9호선,1155,송파나루,1,출입구-승강장,5,3번 출입구 옆 엘리베이터,석촌 방면,3번 출입구 옆 엘리베이터 → 석촌 방면
01,수도권,S9,9,9호선,1155,송파나루,1,출입구-승강장,6,3번 출입구 옆 엘리베이터,한성백제 방면,3번 출입구 옆 엘리베이터 → 한성백제 방면
01,수도권,S9,9,9호선,1155,송파나루,1,출입구-승강장,7,4번 출입구 옆 엘리베이터,석촌 방면,4번 출입구 옆 엘리베이터 → 석촌 방면
01,수도권,S9,9,9호선,1155,송파나루,1,출입구-승강장,8,4번 출입구 옆 엘리베이터,한성백제 방면,4번 출입구 옆 엘리베이터 → 한성백제 방면
01,수도권,S9,9,9호선,1156,한성백제,1,출입구-승강장,1,1번 출입구 옆 엘리베이터,송파나루 방면,1번 출입구 옆 엘리베이터 → 송파나루 방면
01,수도권,S9,9,9호선,1156,한성백제,1,출입구-승강장,2,1번 출입구 옆 엘리베이터,올림픽공원 방면,1번 출입구 옆 엘리베이터 → 올림픽공원 방면
01,수도권,S9,9,9호선,1156,한성백제,1,출입구-승강장,3,2번 출입구 옆 엘리베이터,송파나루 방면,2번 출입구 옆 엘리베이터 → 송파나루 방면
01,수도권,S9,9,9호선,1156,한성백제,1,출입구-승강장,4,2번 출입구 옆 엘리베이터,올림픽공원 방면,2번 출입구 옆 엘리베이터 → 올림픽공원 방면
01,수도권,S9,9,9호선,0438,올림픽공원,1,출입구-승강장,1,4번 출입구 옆 엘리베이터,한성백제 방면,4번 출입구 옆 엘리베이터 → 한성백제 방면
01,수도권,S9,9,9호선,0438,올림픽공원,1,출입구-승강장,2,4번 출입구 옆 엘리베이터,둔촌오륜 방면,4번 출입구 옆 엘리베이터 → 둔촌오륜 방면
01,수도권,S9,9,9호선,0438,올림픽공원,3,환승,1,9호선 한성백제 방면,5호선 둔촌동 방면,9호선 한성백제 방면 → 5호선 둔촌동 방면
01,수도권,S9,9,9호선,0438,올림픽공원,3,환승,2,9호선 한성백제 방면,5호선 방이 방면,9호선 한성백제 방면 → 5호선 방이 방면
01,수도권,S9,9,9호선,0438,올림픽공원,3,환승,3,9호선 둔촌오륜 방면,5호선 둔촌동 방면,9호선 둔촌오륜 방면 → 5호선 둔촌동 방면
01,수도권,S9,9,9호선,0438,올림픽공원,3,환승,4,9호선 둔촌오륜 방면,5호선 방이 방면,9호선 둔촌오륜 방면 → 5호선 방이 방면
01,수도권,S9,9,9호선,1157,둔촌오륜,1,출입구-승강장,1,1번 출입구 옆 엘리베이터,올림픽공원 방면,1번 출입구 옆 엘리베이터 → 올림픽공원 방면
01,수도권,S9,9,9호선,1157,둔촌오륜,1,출입구-승강장,2,1번 출입구 옆 엘리베이터,중앙보훈병원 방면,1번 출입구 옆 엘리베이터 → 중앙보훈병원 방면
01,수도권,S9,9,9호선,1157,둔촌오륜,1,출입구-승강장,3,2번 출입구 옆 엘리베이터,올림픽공원 방면,2번 출입구 옆 엘리베이터 → 올림픽공원 방면
01,수도권,S9,9,9호선,1157,둔촌오륜,1,출입구-승강장,4,2번 출입구 옆 엘리베이터,중앙보훈병원 방면,2번 출입구 옆 엘리베이터 → 중앙보훈병원 방면
01,수도권,S9,9,9호선,1158,중앙보훈병원,1,출입구-승강장,1,1번 출입구 옆 엘리베이터,둔촌오륜 방면,1번 출입구 옆 엘리베이터 → 둔촌오륜 방면
01,수도권,S9,9,9호선,1158,중앙보훈병원,1,출입구-승강장,2,2번 출입구 옆 엘리베이터,둔촌오륜 방면,2번 출입구 옆 엘리베이터 → 둔촌오륜 방면
01,수도권,S9,9,9호선,1158,중앙보훈병원,1,출입구-승강장,3,3번 출입구 옆 엘리베이터,둔촌오륜 방면,3번 출입구 옆 엘리베이터 → 둔촌오륜 방면
