station_id,ln_nm,stin_nm,plf_no,car_ordr,car_etrc_no,car_label,facility_nm
KR_1_1370,1호선,연천,1,4,4,4-4칸,계단
KR_1_1370,1호선,연천,1,6,1,6-1칸,엘리베이터
KR_1_1370,1호선,연천,1,7,4,7-4칸,에스컬레이터
KR_1_1370,1호선,연천,2,4,4,4-4칸,계단
KR_1_1370,1호선,연천,2,6,1,6-1칸,엘리베이터
KR_1_1370,1호선,연천,2,7,4,7-4칸,에스컬레이터
KR_1_1369,1호선,전곡,1,3,3,3-3칸,계단
KR_1_1369,1호선,전곡,1,5,4,5-4칸,엘리베이터
KR_1_1369,1호선,전곡,1,7,2,7-2칸,에스컬레이터
KR_1_1369,1호선,전곡,2,4,2,4-2칸,에스컬레이터
KR_1_1369,1호선,전곡,2,6,1,6-1칸,엘리베이터
KR_1_1369,1호선,전곡,2,8,2,8-2칸,계단
KR_1_1368,1호선,청산,1,4,3,4-3칸,에스컬레이터
KR_1_1368,1호선,청산,1,4,3,4-3칸,계단
KR_1_1368,1호선,청산,1,6,1,6-1칸,엘리베이터
KR_1_1368,1호선,청산,2,5,4,5-4칸,엘리베이터
KR_1_1368,1호선,청산,2,7,2,7-2칸,에스컬레이터
KR_1_1368,1호선,청산,2,7,2,7-2칸,계단
KR_1_0324,1호선,소요산,1,4,3,4-3칸,계단
KR_1_0324,1호선,소요산,1,6,1,6-1칸,엘리베이터
KR_1_0324,1호선,소요산,1,7,4,7-4칸,에스컬레이터
KR_1_0158,1호선,동두천,1,5,1,5-1칸,엘리베이터
KR_1_0158,1호선,동두천,1,6,4,6-4칸,에스컬레이터
KR_1_0158,1호선,동두천,1,8,1,8-1칸,계단
KR_1_0158,1호선,동두천,2,5,1,5-1칸,엘리베이터
KR_1_0158,1호선,동두천,2,6,4,6-4칸,에스컬레이터
KR_1_0158,1호선,동두천,2,8,1,8-1칸,계단
KR_1_0235,1호선,보산,1,2,1,2-1칸,계단
KR_1_0235,1호선,보산,1,4,3,4-3칸,계단
KR_1_0235,1호선,보산,1,5,3,5-3칸,에스컬레이터
KR_1_0235,1호선,보산,1,7,2,7-2칸,계단
KR_1_0235,1호선,보산,1,9,3,9-3칸,엘리베이터
KR_1_0235,1호선,보산,2,2,2,2-2칸,엘리베이터
KR_1_0235,1호선,보산,2,4,3,4-3칸,계단
KR_1_0235,1호선,보산,2,6,2,6-2칸,에스컬레이터
KR_1_0235,1호선,보산,2,7,2,7-2칸,계단
KR_1_0235,1호선,보산,2,9,4,9-4칸,계단
KR_1_0159,1호선,동두천중앙,1,2,3,2-3칸,계단
KR_1_0159,1호선,동두천중앙,1,4,3,4-3칸,계단
KR_1_0159,1호선,동두천중앙,1,5,3,5-3칸,에스컬레이터
KR_1_0159,1호선,동두천중앙,1,7,3,7-3칸,엘리베이터
KR_1_0159,1호선,동두천중앙,1,9,3,9-3칸,계단
KR_1_0159,1호선,동두천중앙,2,2,2,2-2칸,계단
KR_1_0159,1호선,동두천중앙,2,4,2,4-2칸,엘리베이터
KR_1_0159,1호선,동두천중앙,2,6,2,6-2칸,에스컬레이터
KR_1_0159,1호선,동두천중앙,2,7,2,7-2칸,계단
KR_1_0159,1호선,동두천중앙,2,9,2,9-2칸,계단
KR_1_0538,1호선,지행,1,4,1,4-1칸,엘리베이터
KR_1_0538,1호선,지행,1,4,1,4-1칸,계단
KR_1_0538,1호선,지행,1,4,3,4-3칸,에스컬레이터
KR_1_0538,1호선,지행,1,8,4,8-4칸,엘리베이터
KR_1_0538,1호선,지행,1,8,4,8-4칸,계단
KR_1_0538,1호선,지행,2,3,1,3-1칸,엘리베이터
KR_1_0538,1호선,지행,2,3,1,3-1칸,계단
KR_1_0538,1호선,지행,2,7,2,7-2칸,에스컬레이터
KR_1_0538,1호선,지행,2,7,4,7-4칸,엘리베이터
KR_1_0538,1호선,지행,2,7,4,7-4칸,계단
KR_1_0141,1호선,덕정,1,4,2,4-2칸,엘리베이터
KR_1_0141,1호선,덕정,1,7,2,7-2칸,에스컬레이터
KR_1_0141,1호선,덕정,1,7,2,7-2칸,계단
KR_1_0141,1호선,덕정,2,4,2,4-2칸,엘리베이터
KR_1_0141,1호선,덕정,2,7,3,7-3칸,에스컬레이터
KR_1_0141,1호선,덕정,2,7,3,7-3칸,계단
KR_1_0139,1호선,덕계,1,5,3,5-3칸,엘리베이터
KR_1_0139,1호선,덕계,1,5,3,5-3칸,에스컬레이터
KR_1_0139,1호선,덕계,1,5,3,5-3칸,계단
KR_1_0139,1호선,덕계,2,6,2,6-2칸,엘리베이터
KR_1_0139,1호선,덕계,2,6,2,6-2칸,에스컬레이터
KR_1_0139,1호선,덕계,2,6,2,6-2칸,계단
KR_1_0403,1호선,양주,1,6,2,6-2칸,엘리베이터
KR_1_0403,1호선,양주,1,6,2,6-2칸,에스컬레이터
KR_1_0403,1호선,양주,1,6,2,6-2칸,계단
KR_1_0403,1호선,양주,2,5,3,5-3칸,엘리베이터
KR_1_0403,1호선,양주,2,5,3,5-3칸,에스컬레이터
KR_1_0403,1호선,양주,2,5,3,5-3칸,계단
KR_1_0403,1호선,양주,3,6,2,6-2칸,엘리베이터
KR_1_0403,1호선,양주,3,6,2,6-2칸,에스컬레이터
KR_1_0403,1호선,양주,3,6,2,6-2칸,계단
KR_1_0118,1호선,녹양,1,5,4,5-4칸,엘리베이터
KR_1_0118,1호선,녹양,1,5,4,5-4칸,에스컬레이터
KR_1_0118,1호선,녹양,1,5,4,5-4칸,계단
KR_1_0118,1호선,녹양,2,6,1,6-1칸,엘리베이터
KR_1_0118,1호선,녹양,2,6,1,6-1칸,에스컬레이터
KR_1_0118,1호선,녹양,2,6,1,6-1칸,계단
KR_1_0002,1호선,가능,1,2,1,2-1칸,계단
KR_1_0002,1호선,가능,1,5,2,5-2칸,에스컬레이터
KR_1_0002,1호선,가능,1,6,4,6-4칸,엘리베이터
KR_1_0002,1호선,가능,1,8,2,8-2칸,에스컬레이터
KR_1_0002,1호선,가능,2,3,3,3-3칸,계단
KR_1_0002,1호선,가능,2,5,1,5-1칸,에스컬레이터
KR_1_0002,1호선,가능,2,6,3,6-3칸,엘리베이터
KR_1_0002,1호선,가능,2,9,4,9-4칸,에스컬레이터
KR_1_0470,1호선,의정부,1,1,1,1-1칸,에스컬레이터
KR_1_0470,1호선,의정부,1,1,1,1-1칸,계단
KR_1_0470,1호선,의정부,1,2,1,2-1칸,에스컬레이터
KR_1_0470,1호선,의정부,1,2,4,2-4칸,에스컬레이터
KR_1_0470,1호선,의정부,1,4,2,4-2칸,엘리베이터
KR_1_0470,1호선,의정부,1,10,4,10-4칸,계단
KR_1_0470,1호선,의정부,2,1,1,1-1칸,에스컬레이터
KR_1_0470,1호선,의정부,2,1,1,1-1칸,계단
KR_1_0470,1호선,의정부,2,7,3,7-3칸,엘리베이터
KR_1_0470,1호선,의정부,2,9,1,9-1칸,에스컬레이터
KR_1_0470,1호선,의정부,2,9,4,9-4칸,에스컬레이터
KR_1_0470,1호선,의정부,2,10,4,10-4칸,계단
KR_1_0606,1호선,회룡,1,8,2,8-2칸,엘리베이터
KR_1_0606,1호선,회룡,1,8,2,8-2칸,에스컬레이터
KR_1_0606,1호선,회룡,1,8,2,8-2칸,계단
KR_1_0606,1호선,회룡,2,3,3,3-3칸,엘리베이터
KR_1_0606,1호선,회룡,2,3,3,3-3칸,에스컬레이터
KR_1_0606,1호선,회룡,2,3,3,3-3칸,계단
KR_1_0146,1호선,도봉산,1,10,2,10-2칸,계단
KR_1_0146,1호선,도봉산,2,10,2,10-2칸,계단
KR_1_0145,1호선,도봉,1,1,1,1-1칸,계단
KR_1_0145,1호선,도봉,1,10,4,10-4칸,계단
KR_1_0145,1호선,도봉,2,1,1,1-1칸,계단
KR_1_0145,1호선,도봉,2,10,4,10-4칸,계단
KR_1_0220,1호선,방학,1,1,1,1-1칸,계단
KR_1_0220,1호선,방학,1,10,4,10-4칸,계단
KR_1_0220,1호선,방학,2,1,1,1-1칸,계단
KR_1_0220,1호선,방학,2,10,4,10-4칸,계단
KR_1_0119,1호선,녹천,1,1,1,1-1칸,엘리베이터
KR_1_0119,1호선,녹천,1,2,1,2-1칸,계단
KR_1_0119,1호선,녹천,1,10,4,10-4칸,계단
KR_1_0119,1호선,녹천,2,1,1,1-1칸,계단
KR_1_0119,1호선,녹천,2,9,4,9-4칸,계단
KR_1_0119,1호선,녹천,2,10,4,10-4칸,엘리베이터
KR_1_0459,1호선,월계,1,1,1,1-1칸,엘리베이터
KR_1_0459,1호선,월계,1,1,1,1-1칸,에스컬레이터
KR_1_0459,1호선,월계,1,1,1,1-1칸,계단
KR_1_0459,1호선,월계,1,9,1,9-1칸,엘리베이터
KR_1_0459,1호선,월계,1,9,1,9-1칸,계단
KR_1_0459,1호선,월계,2,4,3,4-3칸,엘리베이터
KR_1_0459,1호선,월계,2,4,3,4-3칸,계단
KR_1_0459,1호선,월계,2,10,1,10-1칸,엘리베이터
KR_1_0459,1호선,월계,2,10,1,10-1칸,에스컬레이터
KR_1_0459,1호선,월계,2,10,1,10-1칸,계단
KR_1_0065,1호선,광운대,1,10,3,10-3칸,계단
KR_1_0065,1호선,광운대,2,1,3,1-3칸,계단
KR_1_0065,1호선,광운대,3,1,3,1-3칸,계단
KR_1_0065,1호선,광운대,4,10,4,10-4칸,계단
KR_1_0065,1호선,광운대,5,10,4,10-4칸,계단
KR_1_0300,1호선,석계,1,7,1,7-1칸,엘리베이터
KR_1_0300,1호선,석계,1,7,1,7-1칸,에스컬레이터
KR_1_0300,1호선,석계,1,7,1,7-1칸,계단
KR_1_0300,1호선,석계,2,4,1,4-1칸,엘리베이터
KR_1_0300,1호선,석계,2,4,1,4-1칸,에스컬레이터
KR_1_0300,1호선,석계,2,4,1,4-1칸,계단
KR_1_0371,1호선,신이문,1,1,1,1-1칸,엘리베이터
KR_1_0371,1호선,신이문,1,10,4,10-4칸,계단
KR_1_0371,1호선,신이문,2,1,1,1-1칸,계단
KR_1_0371,1호선,신이문,2,10,4,10-4칸,계단
KR_1_0442,1호선,외대앞,1,1,1,1-1칸,계단
KR_1_0442,1호선,외대앞,2,10,4,10-4칸,계단
KR_1_0604,1호선,회기,1,4,3,4-3칸,엘리베이터
KR_1_0604,1호선,회기,1,7,2,7-2칸,에스컬레이터
KR_1_0604,1호선,회기,1,7,2,7-2칸,계단
KR_1_0604,1호선,회기,2,4,3,4-3칸,엘리베이터
KR_1_0604,1호선,회기,2,7,2,7-2칸,에스컬레이터
KR_1_0604,1호선,회기,2,7,2,7-2칸,계단
S1_1_0552,1호선,청량리,1,1,1,1-1칸,계단
S1_1_0552,1호선,청량리,1,3,3,3-3칸,엘리베이터
S1_1_0552,1호선,청량리,1,4,1,4-1칸,계단
S1_1_0552,1호선,청량리,1,6,1,6-1칸,계단
S1_1_0552,1호선,청량리,1,10,4,10-4칸,계단
S1_1_0552,1호선,청량리,2,1,1,1-1칸,계단
S1_1_0552,1호선,청량리,2,6,1,6-1칸,계단
S1_1_0552,1호선,청량리,2,8,1,8-1칸,계단
S1_1_0552,1호선,청량리,2,8,2,8-2칸,엘리베이터
S1_1_0552,1호선,청량리,2,10,4,10-4칸,계단
S1_1_0512,1호선,제기동,1,4,4,4-4칸,계단
S1_1_0512,1호선,제기동,1,8,4,8-4칸,계단
S1_1_0512,1호선,제기동,1,9,4,9-4칸,엘리베이터
S1_1_0512,1호선,제기동,2,2,1,2-1칸,엘리베이터
S1_1_0512,1호선,제기동,2,3,1,3-1칸,계단
S1_1_0512,1호선,제기동,2,6,4,6-4칸,계단
S1_1_0367,1호선,신설동,1,3,1,3-1칸,계단
S1_1_0367,1호선,신설동,1,3,4,3-4칸,엘리베이터
S1_1_0367,1호선,신설동,1,4,4,4-4칸,계단
S1_1_0367,1호선,신설동,1,9,4,9-4칸,계단
S1_1_0367,1호선,신설동,2,2,1,2-1칸,계단
S1_1_0367,1호선,신설동,2,7,1,7-1칸,계단
S1_1_0367,1호선,신설동,2,8,1,8-1칸,엘리베이터
S1_1_0367,1호선,신설동,2,8,4,8-4칸,계단
S1_1_0161,1호선,동묘앞,1,4,3,4-3칸,엘리베이터
S1_1_0161,1호선,동묘앞,1,4,3,4-3칸,에스컬레이터
S1_1_0161,1호선,동묘앞,1,6,1,6-1칸,엘리베이터
S1_1_0161,1호선,동묘앞,1,6,1,6-1칸,에스컬레이터
S1_1_0161,1호선,동묘앞,1,6,1,6-1칸,계단
S1_1_0161,1호선,동묘앞,1,9,1,9-1칸,에스컬레이터
S1_1_0161,1호선,동묘앞,1,9,1,9-1칸,계단
S1_1_0161,1호선,동묘앞,1,10,3,10-3칸,엘리베이터
S1_1_0161,1호선,동묘앞,2,1,2,1-2칸,엘리베이터
S1_1_0161,1호선,동묘앞,2,2,3,2-3칸,에스컬레이터
S1_1_0161,1호선,동묘앞,2,2,3,2-3칸,계단
S1_1_0161,1호선,동묘앞,2,5,4,5-4칸,에스컬레이터
S1_1_0161,1호선,동묘앞,2,5,4,5-4칸,계단
S1_1_0161,1호선,동묘앞,2,6,4,6-4칸,엘리베이터
S1_1_0161,1호선,동묘앞,2,7,2,7-2칸,엘리베이터
S1_1_0161,1호선,동묘앞,2,7,2,7-2칸,에스컬레이터
S1_1_0155,1호선,동대문,1,2,3,2-3칸,계단
S1_1_0155,1호선,동대문,1,4,1,4-1칸,계단
S1_1_0155,1호선,동대문,1,6,3,6-3칸,계단
S1_1_0155,1호선,동대문,1,8,1,8-1칸,계단
S1_1_0155,1호선,동대문,1,9,1,9-1칸,계단
S1_1_0155,1호선,동대문,1,9,4,9-4칸,계단
S1_1_0155,1호선,동대문,1,10,4,10-4칸,엘리베이터
S1_1_0155,1호선,동대문,2,1,3,1-3칸,계단
S1_1_0155,1호선,동대문,2,2,2,2-2칸,엘리베이터
S1_1_0155,1호선,동대문,2,2,4,2-4칸,계단
S1_1_0155,1호선,동대문,2,3,4,3-4칸,계단
S1_1_0155,1호선,동대문,2,5,2,5-2칸,계단
S1_1_0155,1호선,동대문,2,7,4,7-4칸,계단
S1_1_0155,1호선,동대문,2,9,2,9-2칸,계단
S1_1_0517,1호선,종로5가,1,2,3,2-3칸,계단
S1_1_0517,1호선,종로5가,1,4,2,4-2칸,계단
S1_1_0517,1호선,종로5가,1,7,3,7-3칸,계단
S1_1_0517,1호선,종로5가,1,8,3,8-3칸,엘리베이터
S1_1_0517,1호선,종로5가,1,9,2,9-2칸,계단
S1_1_0517,1호선,종로5가,2,2,3,2-3칸,계단
S1_1_0517,1호선,종로5가,2,3,2,3-2칸,엘리베이터
S1_1_0517,1호선,종로5가,2,4,2,4-2칸,계단
S1_1_0517,1호선,종로5가,2,7,3,7-3칸,계단
S1_1_0517,1호선,종로5가,2,9,2,9-2칸,계단
S1_1_0515,1호선,종로3가,1,2,2,2-2칸,계단
S1_1_0515,1호선,종로3가,1,4,2,4-2칸,계단
S1_1_0515,1호선,종로3가,1,6,4,6-4칸,엘리베이터
S1_1_0515,1호선,종로3가,1,7,3,7-3칸,계단
S1_1_0515,1호선,종로3가,1,9,3,9-3칸,계단
S1_1_0515,1호선,종로3가,2,2,2,2-2칸,계단
S1_1_0515,1호선,종로3가,2,4,2,4-2칸,계단
S1_1_0515,1호선,종로3가,2,5,1,5-1칸,엘리베이터
S1_1_0515,1호선,종로3가,2,7,3,7-3칸,계단
S1_1_0515,1호선,종로3가,2,9,3,9-3칸,계단
S1_1_0514,1호선,종각,1,1,4,1-4칸,계단
S1_1_0514,1호선,종각,1,6,1,6-1칸,계단
S1_1_0514,1호선,종각,1,6,4,6-4칸,엘리베이터
S1_1_0514,1호선,종각,1,7,4,7-4칸,계단
S1_1_0514,1호선,종각,1,10,1,10-1칸,계단
S1_1_0514,1호선,종각,2,1,4,1-4칸,계단
S1_1_0514,1호선,종각,2,4,1,4-1칸,계단
S1_1_0514,1호선,종각,2,4,4,4-4칸,엘리베이터
S1_1_0514,1호선,종각,2,5,4,5-4칸,계단
S1_1_0514,1호선,종각,2,10,1,10-1칸,계단
S1_1_0347,1호선,시청,1,2,2,2-2칸,계단
S1_1_0347,1호선,시청,1,3,2,3-2칸,엘리베이터
S1_1_0347,1호선,시청,1,4,1,4-1칸,계단
S1_1_0347,1호선,시청,1,6,1,6-1칸,계단
S1_1_0347,1호선,시청,1,7,4,7-4칸,계단
S1_1_0347,1호선,시청,2,4,1,4-1칸,계단
S1_1_0347,1호선,시청,2,5,4,5-4칸,계단
S1_1_0347,1호선,시청,2,7,4,7-4칸,계단
S1_1_0347,1호선,시청,2,8,3,8-3칸,엘리베이터
S1_1_0347,1호선,시청,2,9,3,9-3칸,계단
S1_1_0296,1호선,서울역,1,1,2,1-2칸,계단
S1_1_0296,1호선,서울역,1,3,3,3-3칸,계단
S1_1_0296,1호선,서울역,1,5,1,5-1칸,엘리베이터
S1_1_0296,1호선,서울역,1,7,4,7-4칸,계단
S1_1_0296,1호선,서울역,1,9,3,9-3칸,에스컬레이터
S1_1_0296,1호선,서울역,1,10,3,10-3칸,계단
S1_1_0296,1호선,서울역,1,10,4,10-4칸,에스컬레이터
S1_1_0296,1호선,서울역,2,1,2,1-2칸,에스컬레이터
S1_1_0296,1호선,서울역,2,1,3,1-3칸,계단
S1_1_0296,1호선,서울역,2,2,3,2-3칸,에스컬레이터
S1_1_0296,1호선,서울역,2,4,2,4-2칸,계단
S1_1_0296,1호선,서울역,2,7,1,7-1칸,엘리베이터
S1_1_0296,1호선,서울역,2,8,2,8-2칸,계단
S1_1_0296,1호선,서울역,2,10,4,10-4칸,계단
KR_1_0108,1호선,남영,1,1,1,1-1칸,계단
KR_1_0108,1호선,남영,2,10,4,10-4칸,계단
KR_1_0447,1호선,용산,1,1,1,1-1칸,에스컬레이터
KR_1_0447,1호선,용산,1,1,1,1-1칸,계단
KR_1_0447,1호선,용산,1,4,4,4-4칸,에스컬레이터
KR_1_0447,1호선,용산,1,4,4,4-4칸,계단
KR_1_0447,1호선,용산,1,6,4,6-4칸,엘리베이터
KR_1_0447,1호선,용산,1,9,2,9-2칸,에스컬레이터
KR_1_0447,1호선,용산,1,9,2,9-2칸,계단
KR_1_0447,1호선,용산,2,3,1,3-1칸,에스컬레이터
KR_1_0447,1호선,용산,2,3,1,3-1칸,계단
KR_1_0447,1호선,용산,2,5,1,5-1칸,엘리베이터
KR_1_0447,1호선,용산,2,6,3,6-3칸,에스컬레이터
KR_1_0447,1호선,용산,2,6,3,6-3칸,계단
KR_1_0447,1호선,용산,2,10,2,10-2칸,에스컬레이터
KR_1_0447,1호선,용산,2,10,2,10-2칸,계단
KR_1_0447,1호선,용산,3,2,1,2-1칸,계단
KR_1_0447,1호선,용산,3,6,1,6-1칸,에스컬레이터
KR_1_0447,1호선,용산,3,7,2,7-2칸,엘리베이터
KR_1_0447,1호선,용산,3,9,1,9-1칸,계단
KR_1_0447,1호선,용산,4,2,4,2-4칸,에스컬레이터
KR_1_0447,1호선,용산,4,2,4,2-4칸,계단
KR_1_0447,1호선,용산,4,4,3,4-3칸,엘리베이터
KR_1_0447,1호선,용산,4,6,1,6-1칸,에스컬레이터
KR_1_0447,1호선,용산,4,6,1,6-1칸,계단
KR_1_0447,1호선,용산,4,9,4,9-4칸,에스컬레이터
KR_1_0447,1호선,용산,4,9,4,9-4칸,계단
KR_1_0114,1호선,노량진,1,10,4,10-4칸,계단
KR_1_0114,1호선,노량진,2,1,4,1-4칸,계단
KR_1_0114,1호선,노량진,4,10,4,10-4칸,계단
KR_1_0132,1호선,대방,1,5,1,5-1칸,에스컬레이터
KR_1_0132,1호선,대방,1,6,1,6-1칸,엘리베이터
KR_1_0132,1호선,대방,1,7,2,7-2칸,계단
KR_1_0132,1호선,대방,2,4,2,4-2칸,에스컬레이터
KR_1_0132,1호선,대방,2,5,4,5-4칸,엘리베이터
KR_1_0132,1호선,대방,2,6,4,6-4칸,계단
KR_1_0132,1호선,대방,3,5,1,5-1칸,계단
KR_1_0132,1호선,대방,3,6,1,6-1칸,엘리베이터
KR_1_0132,1호선,대방,3,7,3,7-3칸,에스컬레이터
KR_1_0132,1호선,대방,4,4,3,4-3칸,계단
KR_1_0132,1호선,대방,4,5,4,5-4칸,엘리베이터
KR_1_0132,1호선,대방,4,7,1,7-1칸,에스컬레이터
KR_1_0351,1호선,신길,1,1,1,1-1칸,계단
KR_1_0351,1호선,신길,2,10,4,10-4칸,계단
KR_1_0351,1호선,신길,3,1,1,1-1칸,계단
KR_1_0351,1호선,신길,4,10,4,10-4칸,계단
KR_1_0420,1호선,영등포,1,2,3,2-3칸,계단
KR_1_0420,1호선,영등포,1,4,3,4-3칸,엘리베이터
KR_1_0420,1호선,영등포,1,7,1,7-1칸,엘리베이터
KR_1_0420,1호선,영등포,1,7,3,7-3칸,계단
KR_1_0420,1호선,영등포,1,8,3,8-3칸,계단
KR_1_0420,1호선,영등포,2,3,2,3-2칸,계단
KR_1_0420,1호선,영등포,2,4,3,4-3칸,엘리베이터
KR_1_0420,1호선,영등포,2,5,2,5-2칸,계단
KR_1_0420,1호선,영등포,2,7,3,7-3칸,엘리베이터
KR_1_0420,1호선,영등포,2,9,1,9-1칸,계단
KR_1_0420,1호선,영등포,3,2,3,2-3칸,계단
KR_1_0420,1호선,영등포,3,4,1,4-1칸,엘리베이터
KR_1_0420,1호선,영등포,3,6,2,6-2칸,계단
KR_1_0420,1호선,영등포,3,7,1,7-1칸,엘리베이터
KR_1_0420,1호선,영등포,3,8,2,8-2칸,계단
KR_1_0420,1호선,영등포,4,2,4,2-4칸,계단
KR_1_0420,1호선,영등포,4,4,1,4-1칸,엘리베이터
KR_1_0420,1호선,영등포,4,4,4,4-4칸,계단
KR_1_0420,1호선,영등포,4,6,4,6-4칸,엘리베이터
KR_1_0420,1호선,영등포,4,8,1,8-1칸,계단
KR_1_0420,1호선,영등포,5,2,4,2-4칸,계단
KR_1_0420,1호선,영등포,5,4,1,4-1칸,엘리베이터
KR_1_0420,1호선,영등포,5,6,1,6-1칸,계단
KR_1_0420,1호선,영등포,5,6,4,6-4칸,엘리베이터
KR_1_0420,1호선,영등포,5,8,1,8-1칸,계단
KR_1_0359,1호선,신도림,1,3,4,3-4칸,엘리베이터
KR_1_0359,1호선,신도림,1,3,4,3-4칸,에스컬레이터
KR_1_0359,1호선,신도림,1,4,3,4-3칸,엘리베이터
KR_1_0359,1호선,신도림,1,4,4,4-4칸,엘리베이터
KR_1_0359,1호선,신도림,2,2,3,2-3칸,엘리베이터
KR_1_0359,1호선,신도림,2,4,3,4-3칸,엘리베이터
KR_1_0359,1호선,신도림,2,4,4,4-4칸,엘리베이터
KR_1_0359,1호선,신도림,2,4,4,4-4칸,에스컬레이터
KR_1_0359,1호선,신도림,2,6,2,6-2칸,엘리베이터
KR_1_0359,1호선,신도림,3,7,2,7-2칸,엘리베이터
KR_1_0359,1호선,신도림,3,8,4,8-4칸,엘리베이터
KR_1_0359,1호선,신도림,3,8,4,8-4칸,에스컬레이터
KR_1_0359,1호선,신도림,3,9,1,9-1칸,엘리베이터
KR_1_0359,1호선,신도림,3,10,1,10-1칸,엘리베이터
KR_1_0359,1호선,신도림,4,3,1,3-1칸,엘리베이터
KR_1_0359,1호선,신도림,4,4,2,4-2칸,엘리베이터
KR_1_0359,1호선,신도림,4,4,4,4-4칸,엘리베이터
KR_1_0359,1호선,신도림,4,4,4,4-4칸,에스컬레이터
KR_1_0359,1호선,신도림,4,6,1,6-1칸,엘리베이터
KR_1_0069,1호선,구로,1,10,1,10-1칸,계단
KR_1_0069,1호선,구로,2,10,1,10-1칸,계단
KR_1_0069,1호선,구로,3,1,2,1-2칸,계단
KR_1_0069,1호선,구로,4,1,2,1-2칸,계단
KR_1_0069,1호선,구로,5,10,1,10-1칸,계단
KR_1_0069,1호선,구로,6,10,2,10-2칸,계단
KR_1_0069,1호선,구로,7,1,1,1-1칸,계단
KR_1_0069,1호선,구로,7,10,2,10-2칸,계단
KR_1_0069,1호선,구로,8,1,2,1-2칸,계단
KR_1_0069,1호선,구로,9,1,1,1-1칸,계단
KR_1_0077,1호선,구일,2,4,1,4-1칸,계단
KR_1_0077,1호선,구일,3,10,1,10-1칸,계단
KR_1_0077,1호선,구일,4,8,1,8-1칸,에스컬레이터
KR_1_0077,1호선,구일,4,8,1,8-1칸,계단
KR_1_0026,1호선,개봉,1,5,1,5-1칸,엘리베이터
KR_1_0026,1호선,개봉,1,5,1,5-1칸,에스컬레이터
KR_1_0026,1호선,개봉,1,5,1,5-1칸,계단
KR_1_0026,1호선,개봉,2,5,1,5-1칸,엘리베이터
KR_1_0026,1호선,개봉,2,5,1,5-1칸,에스컬레이터
KR_1_0026,1호선,개봉,2,5,1,5-1칸,계단
KR_1_0026,1호선,개봉,3,6,2,6-2칸,엘리베이터
KR_1_0026,1호선,개봉,3,6,2,6-2칸,에스컬레이터
KR_1_0026,1호선,개봉,3,6,2,6-2칸,계단
KR_1_0026,1호선,개봉,4,6,2,6-2칸,엘리베이터
KR_1_0026,1호선,개봉,4,6,2,6-2칸,에스컬레이터
KR_1_0026,1호선,개봉,4,6,2,6-2칸,계단
KR_1_0435,1호선,온수,1,2,1,2-1칸,계단
KR_1_0435,1호선,온수,1,3,3,3-3칸,엘리베이터
KR_1_0435,1호선,온수,1,5,2,5-2칸,에스컬레이터
KR_1_0435,1호선,온수,1,7,4,7-4칸,계단
KR_1_0435,1호선,온수,2,2,1,2-1칸,계단
KR_1_0435,1호선,온수,2,3,3,3-3칸,엘리베이터
KR_1_0435,1호선,온수,2,5,2,5-2칸,에스컬레이터
KR_1_0435,1호선,온수,2,7,4,7-4칸,계단
KR_1_0414,1호선,역곡,1,5,3,5-3칸,계단
KR_1_0414,1호선,역곡,1,6,4,6-4칸,엘리베이터
KR_1_0414,1호선,역곡,1,8,1,8-1칸,에스컬레이터
KR_1_0414,1호선,역곡,1,10,3,10-3칸,계단
KR_1_0414,1호선,역곡,2,6,4,6-4칸,엘리베이터
KR_1_0414,1호선,역곡,3,1,3,1-3칸,계단
KR_1_0414,1호선,역곡,3,3,3,3-3칸,에스컬레이터
KR_1_0414,1호선,역곡,3,4,4,4-4칸,엘리베이터
KR_1_0414,1호선,역곡,3,6,1,6-1칸,계단
KR_1_0414,1호선,역곡,3,8,1,8-1칸,에스컬레이터
KR_1_0414,1호선,역곡,4,1,3,1-3칸,계단
KR_1_0414,1호선,역곡,4,3,3,3-3칸,에스컬레이터
KR_1_0414,1호선,역곡,4,4,4,4-4칸,엘리베이터
KR_1_0414,1호선,역곡,4,5,3,5-3칸,계단
KR_1_0414,1호선,역곡,4,6,1,6-1칸,계단
KR_1_0323,1호선,소사,1,3,1,3-1칸,계단
KR_1_0323,1호선,소사,2,8,1,8-1칸,에스컬레이터
KR_1_0246,1호선,부천,1,2,2,2-2칸,엘리베이터
KR_1_0246,1호선,부천,1,3,4,3-4칸,에스컬레이터
KR_1_0246,1호선,부천,1,5,4,5-4칸,계단
KR_1_0246,1호선,부천,1,6,4,6-4칸,에스컬레이터
KR_1_0246,1호선,부천,1,8,1,8-1칸,엘리베이터
KR_1_0246,1호선,부천,1,9,1,9-1칸,계단
KR_1_0246,1호선,부천,2,2,2,2-2칸,엘리베이터
KR_1_0246,1호선,부천,2,3,4,3-4칸,에스컬레이터
KR_1_0246,1호선,부천,2,5,4,5-4칸,계단
KR_1_0246,1호선,부천,2,6,4,6-4칸,에스컬레이터
KR_1_0246,1호선,부천,2,8,1,8-1칸,엘리베이터
KR_1_0246,1호선,부천,2,9,1,9-1칸,계단
KR_1_0246,1호선,부천,3,2,4,2-4칸,계단
KR_1_0246,1호선,부천,3,3,4,3-4칸,엘리베이터
KR_1_0246,1호선,부천,3,5,1,5-1칸,에스컬레이터
KR_1_0246,1호선,부천,3,6,1,6-1칸,계단
KR_1_0246,1호선,부천,3,8,1,8-1칸,에스컬레이터
KR_1_0246,1호선,부천,3,9,3,9-3칸,엘리베이터
KR_1_0246,1호선,부천,4,2,4,2-4칸,계단
KR_1_0246,1호선,부천,4,3,4,3-4칸,엘리베이터
KR_1_0246,1호선,부천,4,5,1,5-1칸,에스컬레이터
KR_1_0246,1호선,부천,4,6,1,6-1칸,계단
KR_1_0246,1호선,부천,4,8,1,8-1칸,에스컬레이터
KR_1_0246,1호선,부천,4,9,3,9-3칸,엘리베이터
KR_1_0526,1호선,중동,1,4,2,4-2칸,계단
KR_1_0526,1호선,중동,1,6,4,6-4칸,에스컬레이터
KR_1_0526,1호선,중동,1,8,1,8-1칸,엘리베이터
KR_1_0526,1호선,중동,1,9,2,9-2칸,계단
KR_1_0526,1호선,중동,2,2,3,2-3칸,계단
KR_1_0526,1호선,중동,2,3,4,3-4칸,엘리베이터
KR_1_0526,1호선,중동,2,5,1,5-1칸,에스컬레이터
KR_1_0526,1호선,중동,2,7,3,7-3칸,계단
KR_1_0327,1호선,송내,1,4,2,4-2칸,엘리베이터
KR_1_0327,1호선,송내,1,4,2,4-2칸,에스컬레이터
KR_1_0327,1호선,송내,1,4,2,4-2칸,계단
KR_1_0327,1호선,송내,2,4,2,4-2칸,엘리베이터
KR_1_0327,1호선,송내,2,4,2,4-2칸,에스컬레이터
KR_1_0327,1호선,송내,2,4,2,4-2칸,계단
KR_1_0327,1호선,송내,3,7,3,7-3칸,엘리베이터
KR_1_0327,1호선,송내,3,7,3,7-3칸,에스컬레이터
KR_1_0327,1호선,송내,3,7,3,7-3칸,계단
KR_1_0327,1호선,송내,4,7,3,7-3칸,엘리베이터
KR_1_0327,1호선,송내,4,7,3,7-3칸,에스컬레이터
KR_1_0327,1호선,송내,4,7,3,7-3칸,계단
KR_1_0244,1호선,부개,1,2,4,2-4칸,엘리베이터
KR_1_0244,1호선,부개,1,3,3,3-3칸,계단
KR_1_0244,1호선,부개,1,6,2,6-2칸,에스컬레이터
KR_1_0244,1호선,부개,2,5,3,5-3칸,에스컬레이터
KR_1_0244,1호선,부개,2,6,3,6-3칸,엘리베이터
KR_1_0244,1호선,부개,2,8,2,8-2칸,계단
KR_1_0249,1호선,부평,1,4,2,4-2칸,에스컬레이터
KR_1_0249,1호선,부평,1,4,2,4-2칸,계단
KR_1_0249,1호선,부평,1,10,1,10-1칸,엘리베이터
KR_1_0249,1호선,부평,2,4,2,4-2칸,에스컬레이터
KR_1_0249,1호선,부평,2,4,2,4-2칸,계단
KR_1_0249,1호선,부평,2,10,1,10-1칸,엘리베이터
KR_1_0249,1호선,부평,3,1,1,1-1칸,엘리베이터
KR_1_0249,1호선,부평,3,4,2,4-2칸,에스컬레이터
KR_1_0249,1호선,부평,3,4,2,4-2칸,계단
KR_1_0249,1호선,부평,4,1,1,1-1칸,엘리베이터
KR_1_0249,1호선,부평,4,4,2,4-2칸,에스컬레이터
KR_1_0249,1호선,부평,4,4,2,4-2칸,계단
KR_1_0226,1호선,백운,1,2,2,2-2칸,에스컬레이터
KR_1_0226,1호선,백운,1,2,4,2-4칸,계단
KR_1_0226,1호선,백운,1,5,2,5-2칸,엘리베이터
KR_1_0226,1호선,백운,2,2,2,2-2칸,에스컬레이터
KR_1_0226,1호선,백운,2,2,4,2-4칸,계단
KR_1_0226,1호선,백운,2,5,2,5-2칸,엘리베이터
KR_1_0164,1호선,동암,1,3,1,3-1칸,엘리베이터
KR_1_0164,1호선,동암,1,5,3,5-3칸,에스컬레이터
KR_1_0164,1호선,동암,1,7,4,7-4칸,계단
KR_1_0164,1호선,동암,2,3,1,3-1칸,엘리베이터
KR_1_0164,1호선,동암,2,5,3,5-3칸,에스컬레이터
KR_1_0164,1호선,동암,2,7,4,7-4칸,계단
KR_1_0164,1호선,동암,3,4,1,4-1칸,엘리베이터
KR_1_0164,1호선,동암,3,6,3,6-3칸,에스컬레이터
KR_1_0164,1호선,동암,3,8,4,8-4칸,계단
KR_1_0164,1호선,동암,4,4,1,4-1칸,엘리베이터
KR_1_0164,1호선,동암,4,6,3,6-3칸,에스컬레이터
KR_1_0164,1호선,동암,4,8,4,8-4칸,계단
KR_1_0013,1호선,간석,1,6,4,6-4칸,엘리베이터
KR_1_0013,1호선,간석,1,6,4,6-4칸,에스컬레이터
KR_1_0013,1호선,간석,1,6,4,6-4칸,계단
KR_1_0013,1호선,간석,2,6,4,6-4칸,엘리베이터
KR_1_0013,1호선,간석,2,6,4,6-4칸,에스컬레이터
KR_1_0013,1호선,간석,2,6,4,6-4칸,계단
KR_1_0519,1호선,주안,1,2,1,2-1칸,엘리베이터
KR_1_0519,1호선,주안,1,3,3,3-3칸,에스컬레이터
KR_1_0519,1호선,주안,1,3,3,3-3칸,계단
KR_1_0519,1호선,주안,1,5,3,5-3칸,엘리베이터
KR_1_0519,1호선,주안,1,6,4,6-4칸,계단
KR_1_0519,1호선,주안,2,2,1,2-1칸,엘리베이터
KR_1_0519,1호선,주안,2,3,3,3-3칸,에스컬레이터
KR_1_0519,1호선,주안,2,3,3,3-3칸,계단
KR_1_0519,1호선,주안,2,5,3,5-3칸,엘리베이터
KR_1_0519,1호선,주안,2,6,4,6-4칸,계단
KR_1_0519,1호선,주안,3,5,1,5-1칸,계단
KR_1_0519,1호선,주안,3,6,2,6-2칸,엘리베이터
KR_1_0519,1호선,주안,3,8,2,8-2칸,에스컬레이터
KR_1_0519,1호선,주안,3,9,4,9-4칸,엘리베이터
KR_1_0519,1호선,주안,4,5,1,5-1칸,계단
KR_1_0519,1호선,주안,4,6,2,6-2칸,엘리베이터
KR_1_0519,1호선,주안,4,8,2,8-2칸,계단
KR_1_0519,1호선,주안,4,9,4,9-4칸,엘리베이터
KR_1_0149,1호선,도화,1,7,4,7-4칸,엘리베이터
KR_1_0149,1호선,도화,2,4,1,4-1칸,엘리베이터
KR_1_0513,1호선,제물포,1,5,4,5-4칸,계단
KR_1_0513,1호선,제물포,1,7,3,7-3칸,엘리베이터
KR_1_0513,1호선,제물포,1,8,4,8-4칸,에스컬레이터
KR_1_0513,1호선,제물포,1,8,4,8-4칸,계단
KR_1_0513,1호선,제물포,2,5,4,5-4칸,계단
KR_1_0513,1호선,제물포,2,7,3,7-3칸,엘리베이터
KR_1_0513,1호선,제물포,2,8,4,8-4칸,에스컬레이터
KR_1_0513,1호선,제물포,2,8,4,8-4칸,계단
KR_1_0513,1호선,제물포,3,3,1,3-1칸,에스컬레이터
KR_1_0513,1호선,제물포,3,3,1,3-1칸,계단
KR_1_0513,1호선,제물포,3,4,2,4-2칸,엘리베이터
KR_1_0513,1호선,제물포,3,6,1,6-1칸,에스컬레이터
KR_1_0513,1호선,제물포,3,6,1,6-1칸,계단
KR_1_0513,1호선,제물포,4,3,1,3-1칸,에스컬레이터
KR_1_0513,1호선,제물포,4,3,1,3-1칸,계단
KR_1_0513,1호선,제물포,4,4,2,4-2칸,엘리베이터
KR_1_0513,1호선,제물포,4,6,1,6-1칸,에스컬레이터
KR_1_0513,1호선,제물포,4,6,1,6-1칸,계단
KR_1_0148,1호선,도원,1,4,4,4-4칸,계단
KR_1_0148,1호선,도원,1,7,2,7-2칸,에스컬레이터
KR_1_0148,1호선,도원,1,7,4,7-4칸,엘리베이터
KR_1_0148,1호선,도원,2,4,1,4-1칸,엘리베이터
KR_1_0148,1호선,도원,2,4,3,4-3칸,에스컬레이터
KR_1_0148,1호선,도원,2,7,1,7-1칸,계단
KR_1_0166,1호선,동인천,1,5,4,5-4칸,엘리베이터
KR_1_0166,1호선,동인천,1,7,1,7-1칸,계단
KR_1_0166,1호선,동인천,1,10,4,10-4칸,에스컬레이터
KR_1_0166,1호선,동인천,2,5,4,5-4칸,엘리베이터
KR_1_0166,1호선,동인천,2,7,1,7-1칸,계단
KR_1_0166,1호선,동인천,2,10,4,10-4칸,에스컬레이터
KR_1_0166,1호선,동인천,3,1,1,1-1칸,에스컬레이터
KR_1_0166,1호선,동인천,3,4,4,4-4칸,계단
KR_1_0166,1호선,동인천,3,6,1,6-1칸,엘리베이터
KR_1_0166,1호선,동인천,4,1,1,1-1칸,에스컬레이터
KR_1_0166,1호선,동인천,4,4,4,4-4칸,계단
KR_1_0166,1호선,동인천,4,6,1,6-1칸,엘리베이터
KR_1_0481,1호선,인천,1,1,1,1-1칸,엘리베이터
KR_1_0481,1호선,인천,1,1,1,1-1칸,에스컬레이터
KR_1_0481,1호선,인천,2,1,1,1-1칸,에스컬레이터
KR_1_0481,1호선,인천,2,1,1,1-1칸,계단
KR_1_0004,1호선,가산디지털단지,1,7,2,7-2칸,엘리베이터
KR_1_0004,1호선,가산디지털단지,1,7,4,7-4칸,에스컬레이터
KR_1_0004,1호선,가산디지털단지,1,10,1,10-1칸,계단
KR_1_0004,1호선,가산디지털단지,2,1,1,1-1칸,엘리베이터
KR_1_0004,1호선,가산디지털단지,2,1,4,1-4칸,에스컬레이터
KR_1_0004,1호선,가산디지털단지,2,4,4,4-4칸,계단
KR_1_0152,1호선,독산,1,6,1,6-1칸,에스컬레이터
KR_1_0152,1호선,독산,1,7,1,7-1칸,엘리베이터
KR_1_0152,1호선,독산,1,8,3,8-3칸,계단
KR_1_0152,1호선,독산,2,2,3,2-3칸,계단
KR_1_0152,1호선,독산,2,4,3,4-3칸,엘리베이터
KR_1_0152,1호선,독산,2,5,4,5-4칸,에스컬레이터
KR_1_0091,1호선,금천구청,1,7,1,7-1칸,엘리베이터
KR_1_0091,1호선,금천구청,1,7,1,7-1칸,계단
KR_1_0091,1호선,금천구청,2,4,4,4-4칸,엘리베이터
KR_1_0091,1호선,금천구청,2,4,4,4-4칸,계단
KR_1_0303,1호선,석수,1,1,1,1-1칸,계단
KR_1_0303,1호선,석수,2,10,4,10-4칸,계단
KR_1_0059,1호선,관악,1,10,1,10-1칸,계단
KR_1_0059,1호선,관악,2,1,1,1-1칸,엘리베이터
KR_1_0059,1호선,관악,2,1,1,1-1칸,계단
KR_1_0390,1호선,안양,1,4,4,4-4칸,엘리베이터
KR_1_0390,1호선,안양,1,4,4,4-4칸,에스컬레이터
KR_1_0390,1호선,안양,1,4,4,4-4칸,계단
KR_1_0390,1호선,안양,2,4,4,4-4칸,엘리베이터
KR_1_0390,1호선,안양,2,4,4,4-4칸,에스컬레이터
KR_1_0390,1호선,안양,2,4,4,4-4칸,계단
KR_1_0390,1호선,안양,3,7,2,7-2칸,엘리베이터
KR_1_0390,1호선,안양,3,7,4,7-4칸,에스컬레이터
KR_1_0390,1호선,안양,3,7,4,7-4칸,계단
KR_1_0390,1호선,안양,4,7,2,7-2칸,엘리베이터
KR_1_0390,1호선,안양,4,7,4,7-4칸,에스컬레이터
KR_1_0390,1호선,안양,4,7,4,7-4칸,계단
KR_1_0200,1호선,명학,1,8,4,8-4칸,계단
KR_1_0200,1호선,명학,1,10,4,10-4칸,엘리베이터
KR_1_0200,1호선,명학,2,1,1,1-1칸,엘리베이터
KR_1_0200,1호선,명학,2,2,4,2-4칸,계단
KR_1_0090,1호선,금정,1,1,4,1-4칸,엘리베이터
KR_1_0090,1호선,금정,1,2,1,2-1칸,계단
KR_1_0090,1호선,금정,1,4,2,4-2칸,계단
KR_1_0090,1호선,금정,1,7,1,7-1칸,계단
KR_1_0090,1호선,금정,1,8,3,8-3칸,엘리베이터
KR_1_0090,1호선,금정,1,9,2,9-2칸,계단
KR_1_0090,1호선,금정,2,2,3,2-3칸,계단
KR_1_0090,1호선,금정,2,3,2,3-2칸,엘리베이터
KR_1_0090,1호선,금정,2,4,4,4-4칸,계단
KR_1_0090,1호선,금정,2,7,3,7-3칸,계단
KR_1_0090,1호선,금정,2,9,4,9-4칸,계단
KR_1_0090,1호선,금정,2,10,1,10-1칸,엘리베이터
KR_1_0083,1호선,군포,1,6,4,6-4칸,엘리베이터
KR_1_0083,1호선,군포,1,9,1,9-1칸,계단
KR_1_0083,1호선,군포,2,6,4,6-4칸,엘리베이터
KR_1_0083,1호선,군포,2,9,2,9-2칸,계단
KR_1_0083,1호선,군포,3,2,3,2-3칸,엘리베이터
KR_1_0083,1호선,군포,3,2,4,2-4칸,계단
KR_1_0083,1호선,군포,4,2,3,2-3칸,엘리베이터
KR_1_0083,1호선,군포,4,5,1,5-1칸,계단
KR_1_0127,1호선,당정,1,4,1,4-1칸,에스컬레이터
KR_1_0127,1호선,당정,1,5,3,5-3칸,엘리베이터
KR_1_0127,1호선,당정,1,7,3,7-3칸,계단
KR_1_0127,1호선,당정,2,4,2,4-2칸,계단
KR_1_0127,1호선,당정,2,5,3,5-3칸,엘리베이터
KR_1_0127,1호선,당정,2,7,4,7-4칸,에스컬레이터
KR_1_0469,1호선,의왕,1,2,1,2-1칸,계단
KR_1_0469,1호선,의왕,1,4,3,4-3칸,계단
KR_1_0469,1호선,의왕,1,8,3,8-3칸,엘리베이터
KR_1_0469,1호선,의왕,2,2,3,2-3칸,엘리베이터
KR_1_0469,1호선,의왕,2,7,2,7-2칸,계단
KR_1_0469,1호선,의왕,2,9,4,9-4칸,계단
KR_1_0312,1호선,성균관대,1,1,1,1-1칸,계단
KR_1_0312,1호선,성균관대,2,1,1,1-1칸,계단
KR_1_0601,1호선,화서,1,1,1,1-1칸,계단
KR_1_0601,1호선,화서,2,10,3,10-3칸,계단
KR_1_0338,1호선,수원,1,1,4,1-4칸,계단
KR_1_0338,1호선,수원,1,3,4,3-4칸,엘리베이터
KR_1_0338,1호선,수원,1,5,4,5-4칸,에스컬레이터
KR_1_0338,1호선,수원,2,1,2,1-2칸,엘리베이터
KR_1_0338,1호선,수원,2,2,4,2-4칸,계단
KR_1_0338,1호선,수원,2,5,4,5-4칸,에스컬레이터
KR_1_0231,1호선,병점,1,5,2,5-2칸,엘리베이터
KR_1_0231,1호선,병점,1,5,4,5-4칸,계단
KR_1_0231,1호선,병점,1,8,3,8-3칸,계단
KR_1_0231,1호선,병점,2,5,2,5-2칸,엘리베이터
KR_1_0231,1호선,병점,2,5,4,5-4칸,계단
KR_1_0231,1호선,병점,2,8,3,8-3칸,계단
KR_1_0231,1호선,병점,3,6,1,6-1칸,계단
KR_1_0231,1호선,병점,3,6,3,6-3칸,엘리베이터
KR_1_0290,1호선,서동탄,1,2,4,2-4칸,계단
KR_1_0290,1호선,서동탄,1,4,2,4-2칸,엘리베이터
KR_1_0290,1호선,서동탄,1,5,3,5-3칸,에스컬레이터
KR_1_0290,1호선,서동탄,2,6,2,6-2칸,에스컬레이터
KR_1_0290,1호선,서동탄,2,7,3,7-3칸,엘리베이터
KR_1_0290,1호선,서동탄,2,9,1,9-1칸,계단
KR_1_0319,1호선,세마,1,4,4,4-4칸,에스컬레이터
KR_1_0319,1호선,세마,1,5,2,5-2칸,엘리베이터
KR_1_0319,1호선,세마,1,7,4,7-4칸,계단
KR_1_0319,1호선,세마,2,4,4,4-4칸,계단
KR_1_0319,1호선,세마,2,6,2,6-2칸,엘리베이터
KR_1_0319,1호선,세마,2,7,4,7-4칸,에스컬레이터
KR_1_0432,1호선,오산대,1,3,2,3-2칸,에스컬레이터
KR_1_0432,1호선,오산대,2,3,2,3-2칸,에스컬레이터
KR_1_0431,1호선,오산,1,7,2,7-2칸,계단
KR_1_0431,1호선,오산,1,10,1,10-1칸,계단
KR_1_0431,1호선,오산,1,10,4,10-4칸,엘리베이터
KR_1_0431,1호선,오산,2,7,2,7-2칸,계단
KR_1_0431,1호선,오산,2,10,1,10-1칸,계단
KR_1_0431,1호선,오산,2,10,4,10-4칸,엘리베이터
KR_1_0540,1호선,진위,1,5,1,5-1칸,엘리베이터
KR_1_0540,1호선,진위,1,5,2,5-2칸,계단
KR_1_0540,1호선,진위,1,5,3,5-3칸,에스컬레이터
KR_1_0540,1호선,진위,2,5,2,5-2칸,에스컬레이터
KR_1_0540,1호선,진위,2,5,3,5-3칸,계단
KR_1_0540,1호선,진위,2,5,4,5-4칸,엘리베이터
KR_1_0331,1호선,송탄,1,4,2,4-2칸,계단
KR_1_0331,1호선,송탄,1,7,4,7-4칸,엘리베이터
KR_1_0331,1호선,송탄,1,7,4,7-4칸,에스컬레이터
KR_1_0331,1호선,송탄,2,4,1,4-1칸,엘리베이터
KR_1_0331,1호선,송탄,2,4,1,4-1칸,에스컬레이터
KR_1_0331,1호선,송탄,2,7,3,7-3칸,계단
KR_1_0297,1호선,서정리,1,2,2,2-2칸,엘리베이터
KR_1_0297,1호선,서정리,2,9,3,9-3칸,엘리베이터
KR_1_0535,1호선,평택지제,1,4,3,4-3칸,에스컬레이터
KR_1_0535,1호선,평택지제,1,4,3,4-3칸,계단
KR_1_0535,1호선,평택지제,1,5,4,5-4칸,엘리베이터
KR_1_0535,1호선,평택지제,1,7,1,7-1칸,계단
KR_1_0535,1호선,평택지제,2,4,4,4-4칸,계단
KR_1_0535,1호선,평택지제,2,6,1,6-1칸,엘리베이터
KR_1_0535,1호선,평택지제,2,7,2,7-2칸,에스컬레이터
KR_1_0535,1호선,평택지제,2,7,2,7-2칸,계단
KR_1_0579,1호선,평택,1,4,1,4-1칸,에스컬레이터
KR_1_0579,1호선,평택,1,5,2,5-2칸,엘리베이터
KR_1_0579,1호선,평택,1,7,1,7-1칸,계단
KR_1_0579,1호선,평택,2,4,1,4-1칸,에스컬레이터
KR_1_0579,1호선,평택,2,5,2,5-2칸,엘리베이터
KR_1_0579,1호선,평택,2,7,1,7-1칸,계단
KR_1_0317,1호선,성환,1,7,3,7-3칸,엘리베이터
KR_1_0317,1호선,성환,1,7,3,7-3칸,계단
KR_1_0317,1호선,성환,2,7,3,7-3칸,엘리베이터
KR_1_0317,1호선,성환,2,7,3,7-3칸,계단
KR_1_0539,1호선,직산,1,3,4,3-4칸,엘리베이터
KR_1_0539,1호선,직산,1,4,2,4-2칸,계단
KR_1_0539,1호선,직산,1,6,4,6-4칸,계단
KR_1_0539,1호선,직산,2,3,4,3-4칸,엘리베이터
KR_1_0539,1호선,직산,2,4,2,4-2칸,계단
KR_1_0539,1호선,직산,2,6,4,6-4칸,계단
KR_1_0170,1호선,두정,1,9,4,9-4칸,엘리베이터
KR_1_0170,1호선,두정,1,9,4,9-4칸,계단
KR_1_0170,1호선,두정,2,9,4,9-4칸,엘리베이터
KR_1_0170,1호선,두정,2,9,4,9-4칸,계단
KR_1_0170,1호선,두정,3,2,1,2-1칸,엘리베이터
KR_1_0170,1호선,두정,3,2,1,2-1칸,계단
KR_1_0170,1호선,두정,4,2,1,2-1칸,엘리베이터
KR_1_0170,1호선,두정,4,2,1,2-1칸,계단
KR_1_0544,1호선,천안,1,4,3,4-3칸,엘리베이터
KR_1_0544,1호선,천안,1,4,3,4-3칸,계단
KR_1_0544,1호선,천안,2,7,4,7-4칸,엘리베이터
KR_1_0544,1호선,천안,2,7,4,7-4칸,계단
KR_1_0240,1호선,봉명,1,4,4,4-4칸,에스컬레이터
KR_1_0240,1호선,봉명,1,5,4,5-4칸,엘리베이터
KR_1_0240,1호선,봉명,1,7,4,7-4칸,계단
KR_1_0240,1호선,봉명,2,4,3,4-3칸,계단
KR_1_0240,1호선,봉명,2,6,1,6-1칸,엘리베이터
KR_1_0240,1호선,봉명,2,7,1,7-1칸,에스컬레이터
KR_1_0381,1호선,쌍용,1,3,3,3-3칸,에스컬레이터
KR_1_0381,1호선,쌍용,1,5,1,5-1칸,엘리베이터
KR_1_0381,1호선,쌍용,1,6,1,6-1칸,계단
KR_1_0381,1호선,쌍용,1,8,3,8-3칸,계단
KR_1_0381,1호선,쌍용,2,3,2,3-2칸,계단
KR_1_0381,1호선,쌍용,2,5,4,5-4칸,계단
KR_1_0381,1호선,쌍용,2,6,4,6-4칸,엘리베이터
KR_1_0381,1호선,쌍용,2,8,2,8-2칸,에스컬레이터
KR_1_0382,1호선,아산,1,5,4,5-4칸,엘리베이터
KR_1_0382,1호선,아산,1,5,4,5-4칸,에스컬레이터
KR_1_0382,1호선,아산,1,5,4,5-4칸,계단
KR_1_0382,1호선,아산,2,4,4,4-4칸,엘리베이터
KR_1_0382,1호선,아산,2,4,4,4-4칸,에스컬레이터
KR_1_0382,1호선,아산,2,4,4,4-4칸,계단
KR_1_0222,1호선,배방,1,3,4,3-4칸,계단
KR_1_0222,1호선,배방,1,5,1,5-1칸,엘리베이터
KR_1_0222,1호선,배방,1,7,1,7-1칸,에스컬레이터
KR_1_0222,1호선,배방,2,4,4,4-4칸,에스컬레이터
KR_1_0222,1호선,배방,2,6,4,6-4칸,엘리베이터
KR_1_0222,1호선,배방,2,8,1,8-1칸,계단
KR_1_0437,1호선,온양온천,1,4,4,4-4칸,엘리베이터
KR_1_0437,1호선,온양온천,1,4,4,4-4칸,에스컬레이터
KR_1_0437,1호선,온양온천,1,4,4,4-4칸,계단
KR_1_0437,1호선,온양온천,2,7,4,7-4칸,엘리베이터
KR_1_0437,1호선,온양온천,2,7,4,7-4칸,에스컬레이터
KR_1_0437,1호선,온양온천,2,7,4,7-4칸,계단
KR_1_0375,1호선,신창,1,2,3,2-3칸,엘리베이터
KR_1_0375,1호선,신창,1,2,3,2-3칸,에스컬레이터
KR_1_0375,1호선,신창,1,2,3,2-3칸,계단
KR_1_0375,1호선,신창,2,9,2,9-2칸,엘리베이터
KR_1_0375,1호선,신창,2,9,2,9-2칸,에스컬레이터
KR_1_0375,1호선,신창,2,9,2,9-2칸,계단
S1_2_0347,2호선,시청,1,2,1,2-1칸,계단
S1_2_0347,2호선,시청,1,4,1,4-1칸,계단
S1_2_0347,2호선,시청,1,4,4,4-4칸,계단
S1_2_0347,2호선,시청,1,6,3,6-3칸,엘리베이터
S1_2_0347,2호선,시청,1,7,3,7-3칸,계단
S1_2_0347,2호선,시청,1,9,3,9-3칸,계단
S1_2_0347,2호선,시청,1,10,4,10-4칸,계단
S1_2_0347,2호선,시청,2,1,1,1-1칸,계단
S1_2_0347,2호선,시청,2,2,2,2-2칸,계단
S1_2_0347,2호선,시청,2,4,2,4-2칸,계단
S1_2_0347,2호선,시청,2,5,2,5-2칸,엘리베이터
S1_2_0347,2호선,시청,2,7,1,7-1칸,계단
S1_2_0347,2호선,시청,2,7,4,7-4칸,계단
S1_2_0347,2호선,시청,2,9,4,9-4칸,계단
S1_2_0564,2호선,충정로,1,2,2,2-2칸,엘리베이터
S1_2_0564,2호선,충정로,1,2,4,2-4칸,계단
S1_2_0564,2호선,충정로,1,4,3,4-3칸,에스컬레이터
S1_2_0564,2호선,충정로,1,8,1,8-1칸,계단
S1_2_0564,2호선,충정로,1,9,4,9-4칸,계단
S1_2_0564,2호선,충정로,2,2,1,2-1칸,계단
S1_2_0564,2호선,충정로,2,3,4,3-4칸,계단
S1_2_0564,2호선,충정로,2,7,2,7-2칸,에스컬레이터
S1_2_0564,2호선,충정로,2,9,1,9-1칸,계단
S1_2_0564,2호선,충정로,2,9,4,9-4칸,엘리베이터
S1_2_0386,2호선,아현,1,3,2,3-2칸,계단
S1_2_0386,2호선,아현,1,4,3,4-3칸,엘리베이터
S1_2_0386,2호선,아현,1,5,2,5-2칸,계단
S1_2_0386,2호선,아현,1,7,4,7-4칸,계단
S1_2_0386,2호선,아현,1,9,3,9-3칸,계단
S1_2_0386,2호선,아현,2,2,1,2-1칸,계단
S1_2_0386,2호선,아현,2,4,1,4-1칸,계단
S1_2_0386,2호선,아현,2,6,3,6-3칸,계단
S1_2_0386,2호선,아현,2,7,2,7-2칸,엘리베이터
S1_2_0386,2호선,아현,2,8,3,8-3칸,계단
S1_2_0473,2호선,이대,1,2,3,2-3칸,엘리베이터
S1_2_0473,2호선,이대,1,2,3,2-3칸,에스컬레이터
S1_2_0473,2호선,이대,1,9,2,9-2칸,에스컬레이터
S1_2_0473,2호선,이대,1,9,2,9-2칸,계단
S1_2_0473,2호선,이대,2,2,2,2-2칸,에스컬레이터
S1_2_0473,2호선,이대,2,2,2,2-2칸,계단
S1_2_0473,2호선,이대,2,9,2,9-2칸,엘리베이터
S1_2_0473,2호선,이대,2,9,2,9-2칸,에스컬레이터
S1_2_0366,2호선,신촌,1,4,1,4-1칸,계단
S1_2_0366,2호선,신촌,1,5,4,5-4칸,계단
S1_2_0366,2호선,신촌,1,6,2,6-2칸,계단
S1_2_0366,2호선,신촌,1,7,1,7-1칸,엘리베이터
S1_2_0366,2호선,신촌,1,8,1,8-1칸,계단
S1_2_0366,2호선,신촌,2,3,4,3-4칸,계단
S1_2_0366,2호선,신촌,2,4,4,4-4칸,엘리베이터
S1_2_0366,2호선,신촌,2,5,3,5-3칸,엘리베이터
S1_2_0366,2호선,신촌,2,6,1,6-1칸,계단
S1_2_0366,2호선,신촌,2,7,4,7-4칸,계단
S1_2_0596,2호선,홍대입구,1,2,2,2-2칸,계단
S1_2_0596,2호선,홍대입구,1,4,2,4-2칸,에스컬레이터
S1_2_0596,2호선,홍대입구,1,6,2,6-2칸,계단
S1_2_0596,2호선,홍대입구,1,7,2,7-2칸,엘리베이터
S1_2_0596,2호선,홍대입구,1,8,2,8-2칸,계단
S1_2_0596,2호선,홍대입구,2,3,2,3-2칸,계단
S1_2_0596,2호선,홍대입구,2,4,2,4-2칸,엘리베이터
S1_2_0596,2호선,홍대입구,2,5,1,5-1칸,계단
S1_2_0596,2호선,홍대입구,2,7,3,7-3칸,에스컬레이터
S1_2_0596,2호선,홍대입구,2,9,2,9-2칸,계단
S1_2_0591,2호선,합정,1,4,1,4-1칸,계단
S1_2_0591,2호선,합정,1,4,2,4-2칸,엘리베이터
S1_2_0591,2호선,합정,1,4,2,4-2칸,에스컬레이터
S1_2_0591,2호선,합정,1,7,1,7-1칸,계단
S1_2_0591,2호선,합정,1,8,4,8-4칸,계단
S1_2_0591,2호선,합정,2,2,4,2-4칸,계단
S1_2_0591,2호선,합정,2,4,3,4-3칸,계단
S1_2_0591,2호선,합정,2,7,2,7-2칸,엘리베이터
S1_2_0591,2호선,합정,2,7,4,7-4칸,에스컬레이터
S1_2_0591,2호선,합정,2,7,4,7-4칸,계단
S1_2_0126,2호선,당산,1,3,1,3-1칸,계단
S1_2_0126,2호선,당산,1,7,1,7-1칸,계단
S1_2_0126,2호선,당산,1,8,2,8-2칸,엘리베이터
S1_2_0126,2호선,당산,1,8,4,8-4칸,계단
S1_2_0126,2호선,당산,2,3,1,3-1칸,계단
S1_2_0126,2호선,당산,2,3,3,3-3칸,엘리베이터
S1_2_0126,2호선,당산,2,4,4,4-4칸,계단
S1_2_0126,2호선,당산,2,8,4,8-4칸,계단
S1_2_0421,2호선,영등포구청,1,2,4,2-4칸,계단
S1_2_0421,2호선,영등포구청,1,7,4,7-4칸,계단
S1_2_0421,2호선,영등포구청,1,8,3,8-3칸,엘리베이터
S1_2_0421,2호선,영등포구청,1,9,3,9-3칸,계단
S1_2_0421,2호선,영등포구청,2,2,3,2-3칸,계단
S1_2_0421,2호선,영등포구청,2,3,2,3-2칸,엘리베이터
S1_2_0421,2호선,영등포구청,2,4,2,4-2칸,계단
S1_2_0421,2호선,영등포구청,2,7,4,7-4칸,계단
S1_2_0421,2호선,영등포구청,2,9,3,9-3칸,계단
S1_2_0206,2호선,문래,1,2,3,2-3칸,계단
S1_2_0206,2호선,문래,1,4,1,4-1칸,계단
S1_2_0206,2호선,문래,1,7,2,7-2칸,계단
S1_2_0206,2호선,문래,1,7,4,7-4칸,엘리베이터
S1_2_0206,2호선,문래,1,8,4,8-4칸,계단
S1_2_0206,2호선,문래,2,3,1,3-1칸,계단
S1_2_0206,2호선,문래,2,4,1,4-1칸,엘리베이터
S1_2_0206,2호선,문래,2,4,3,4-3칸,계단
S1_2_0206,2호선,문래,2,7,4,7-4칸,계단
S1_2_0206,2호선,문래,2,9,2,9-2칸,계단
S1_2_0359,2호선,신도림,1,2,2,2-2칸,계단
S1_2_0359,2호선,신도림,1,4,4,4-4칸,엘리베이터
S1_2_0359,2호선,신도림,1,4,4,4-4칸,계단
S1_2_0359,2호선,신도림,1,7,3,7-3칸,계단
S1_2_0359,2호선,신도림,1,9,3,9-3칸,계단
S1_2_0359,2호선,신도림,2,2,2,2-2칸,계단
S1_2_0359,2호선,신도림,2,4,2,4-2칸,계단
S1_2_0359,2호선,신도림,2,6,4,6-4칸,계단
S1_2_0359,2호선,신도림,2,7,1,7-1칸,엘리베이터
S1_2_0359,2호선,신도림,2,9,2,9-2칸,계단
S1_2_0130,2호선,대림,1,2,1,2-1칸,계단
S1_2_0130,2호선,대림,1,3,2,3-2칸,엘리베이터
S1_2_0130,2호선,대림,1,4,2,4-2칸,계단
S1_2_0130,2호선,대림,1,7,3,7-3칸,계단
S1_2_0130,2호선,대림,1,9,4,9-4칸,계단
S1_2_0130,2호선,대림,2,2,1,2-1칸,계단
S1_2_0130,2호선,대림,2,4,2,4-2칸,계단
S1_2_0130,2호선,대림,2,7,3,7-3칸,계단
S1_2_0130,2호선,대림,2,8,3,8-3칸,엘리베이터
S1_2_0130,2호선,대림,2,10,1,10-1칸,계단
S1_2_0070,2호선,구로디지털단지,1,2,4,2-4칸,계단
S1_2_0070,2호선,구로디지털단지,1,3,4,3-4칸,엘리베이터
S1_2_0070,2호선,구로디지털단지,1,4,3,4-3칸,계단
S1_2_0070,2호선,구로디지털단지,1,6,3,6-3칸,계단
S1_2_0070,2호선,구로디지털단지,1,8,2,8-2칸,계단
S1_2_0070,2호선,구로디지털단지,2,3,2,3-2칸,계단
S1_2_0070,2호선,구로디지털단지,2,5,1,5-1칸,계단
S1_2_0070,2호선,구로디지털단지,2,6,4,6-4칸,계단
S1_2_0070,2호선,구로디지털단지,2,7,4,7-4칸,엘리베이터
S1_2_0070,2호선,구로디지털단지,2,8,4,8-4칸,계단
S1_2_0357,2호선,신대방,1,2,3,2-3칸,계단
S1_2_0357,2호선,신대방,1,3,4,3-4칸,엘리베이터
S1_2_0357,2호선,신대방,1,4,4,4-4칸,에스컬레이터
S1_2_0357,2호선,신대방,1,8,3,8-3칸,에스컬레이터
S1_2_0357,2호선,신대방,1,10,3,10-3칸,계단
S1_2_0357,2호선,신대방,2,1,2,1-2칸,계단
S1_2_0357,2호선,신대방,2,3,1,3-1칸,에스컬레이터
S1_2_0357,2호선,신대방,2,7,1,7-1칸,에스컬레이터
S1_2_0357,2호선,신대방,2,8,1,8-1칸,엘리베이터
S1_2_0357,2호선,신대방,2,9,1,9-1칸,계단
S1_2_0361,2호선,신림,1,3,4,3-4칸,계단
S1_2_0361,2호선,신림,1,4,4,4-4칸,엘리베이터
S1_2_0361,2호선,신림,1,5,3,5-3칸,계단
S1_2_0361,2호선,신림,1,7,3,7-3칸,계단
S1_2_0361,2호선,신림,1,9,2,9-2칸,계단
S1_2_0361,2호선,신림,2,2,3,2-3칸,계단
S1_2_0361,2호선,신림,2,4,2,4-2칸,계단
S1_2_0361,2호선,신림,2,6,2,6-2칸,계단
S1_2_0361,2호선,신림,2,7,1,7-1칸,엘리베이터
S1_2_0361,2호선,신림,2,8,1,8-1칸,계단
S1_2_0242,2호선,봉천,1,2,4,2-4칸,계단
S1_2_0242,2호선,봉천,1,4,3,4-3칸,계단
S1_2_0242,2호선,봉천,1,5,3,5-3칸,에스컬레이터
S1_2_0242,2호선,봉천,1,6,3,6-3칸,엘리베이터
S1_2_0242,2호선,봉천,1,7,1,7-1칸,계단
S1_2_0242,2호선,봉천,1,8,4,8-4칸,계단
S1_2_0242,2호선,봉천,2,2,4,2-4칸,계단
S1_2_0242,2호선,봉천,2,4,3,4-3칸,계단
S1_2_0242,2호선,봉천,2,5,1,5-1칸,엘리베이터
S1_2_0242,2호선,봉천,2,6,1,6-1칸,에스컬레이터
S1_2_0242,2호선,봉천,2,7,1,7-1칸,계단
S1_2_0242,2호선,봉천,2,8,4,8-4칸,계단
S1_2_0294,2호선,서울대입구,1,3,1,3-1칸,에스컬레이터
S1_2_0294,2호선,서울대입구,1,4,1,4-1칸,계단
S1_2_0294,2호선,서울대입구,1,5,2,5-2칸,에스컬레이터
S1_2_0294,2호선,서울대입구,1,6,3,6-3칸,엘리베이터
S1_2_0294,2호선,서울대입구,1,7,4,7-4칸,계단
S1_2_0294,2호선,서울대입구,1,8,4,8-4칸,에스컬레이터
S1_2_0294,2호선,서울대입구,2,2,4,2-4칸,에스컬레이터
S1_2_0294,2호선,서울대입구,2,3,4,3-4칸,계단
S1_2_0294,2호선,서울대입구,2,5,1,5-1칸,엘리베이터
S1_2_0294,2호선,서울대입구,2,6,2,6-2칸,에스컬레이터
S1_2_0294,2호선,서울대입구,2,7,4,7-4칸,계단
S1_2_0294,2호선,서울대입구,2,8,4,8-4칸,에스컬레이터
S1_2_0102,2호선,낙성대,1,2,3,2-3칸,계단
S1_2_0102,2호선,낙성대,1,4,1,4-1칸,계단
S1_2_0102,2호선,낙성대,1,7,3,7-3칸,계단
S1_2_0102,2호선,낙성대,1,8,2,8-2칸,엘리베이터
S1_2_0102,2호선,낙성대,1,9,2,9-2칸,계단
S1_2_0102,2호선,낙성대,2,2,3,2-3칸,계단
S1_2_0102,2호선,낙성대,2,3,3,3-3칸,엘리베이터
S1_2_0102,2호선,낙성대,2,4,2,4-2칸,계단
S1_2_0102,2호선,낙성대,2,7,4,7-4칸,계단
S1_2_0102,2호선,낙성대,2,9,2,9-2칸,계단
S1_2_0257,2호선,사당,1,3,3,3-3칸,에스컬레이터
S1_2_0257,2호선,사당,1,3,3,3-3칸,계단
S1_2_0257,2호선,사당,1,6,3,6-3칸,엘리베이터
S1_2_0257,2호선,사당,1,8,1,8-1칸,에스컬레이터
S1_2_0257,2호선,사당,1,8,1,8-1칸,계단
S1_2_0257,2호선,사당,2,3,3,3-3칸,에스컬레이터
S1_2_0257,2호선,사당,2,3,3,3-3칸,계단
S1_2_0257,2호선,사당,2,4,4,4-4칸,엘리베이터
S1_2_0257,2호선,사당,2,8,1,8-1칸,에스컬레이터
S1_2_0257,2호선,사당,2,8,1,8-1칸,계단
S1_2_0218,2호선,방배,1,2,3,2-3칸,계단
S1_2_0218,2호선,방배,1,4,3,4-3칸,계단
S1_2_0218,2호선,방배,1,7,4,7-4칸,계단
S1_2_0218,2호선,방배,1,8,3,8-3칸,엘리베이터
S1_2_0218,2호선,방배,1,9,4,9-4칸,계단
S1_2_0218,2호선,방배,2,2,1,2-1칸,계단
S1_2_0218,2호선,방배,2,3,1,3-1칸,엘리베이터
S1_2_0218,2호선,방배,2,4,1,4-1칸,계단
S1_2_0218,2호선,방배,2,7,2,7-2칸,계단
S1_2_0218,2호선,방배,2,9,1,9-1칸,계단
S1_2_0298,2호선,서초,1,1,4,1-4칸,계단
S1_2_0298,2호선,서초,1,2,4,2-4칸,엘리베이터
S1_2_0298,2호선,서초,1,3,4,3-4칸,계단
S1_2_0298,2호선,서초,1,7,4,7-4칸,계단
S1_2_0298,2호선,서초,1,9,4,9-4칸,계단
S1_2_0298,2호선,서초,2,4,4,4-4칸,계단
S1_2_0298,2호선,서초,2,8,1,8-1칸,계단
S1_2_0298,2호선,서초,2,9,1,9-1칸,엘리베이터
S1_2_0298,2호선,서초,2,10,1,10-1칸,계단
S1_2_0068,2호선,교대,1,2,1,2-1칸,계단
S1_2_0068,2호선,교대,1,3,3,3-3칸,계단
S1_2_0068,2호선,교대,1,8,1,8-1칸,계단
S1_2_0068,2호선,교대,1,8,4,8-4칸,엘리베이터
S1_2_0068,2호선,교대,1,10,1,10-1칸,계단
S1_2_0068,2호선,교대,2,1,4,1-4칸,계단
S1_2_0068,2호선,교대,2,3,1,3-1칸,엘리베이터
S1_2_0068,2호선,교대,2,3,4,3-4칸,계단
S1_2_0068,2호선,교대,2,8,2,8-2칸,계단
S1_2_0068,2호선,교대,2,9,4,9-4칸,계단
S1_2_0017,2호선,강남,1,2,4,2-4칸,계단
S1_2_0017,2호선,강남,1,4,2,4-2칸,계단
S1_2_0017,2호선,강남,1,7,3,7-3칸,계단
S1_2_0017,2호선,강남,1,8,1,8-1칸,엘리베이터
S1_2_0017,2호선,강남,1,9,1,9-1칸,계단
S1_2_0017,2호선,강남,2,2,4,2-4칸,계단
S1_2_0017,2호선,강남,2,3,4,3-4칸,엘리베이터
S1_2_0017,2호선,강남,2,4,3,4-3칸,계단
S1_2_0017,2호선,강남,2,7,3,7-3칸,계단
S1_2_0017,2호선,강남,2,9,2,9-2칸,계단
S1_2_0415,2호선,역삼,1,2,1,2-1칸,계단
S1_2_0415,2호선,역삼,1,3,4,3-4칸,계단
S1_2_0415,2호선,역삼,1,6,4,6-4칸,계단
S1_2_0415,2호선,역삼,1,7,3,7-3칸,엘리베이터
S1_2_0415,2호선,역삼,1,8,2,8-2칸,계단
S1_2_0415,2호선,역삼,2,3,3,3-3칸,계단
S1_2_0415,2호선,역삼,2,4,2,4-2칸,엘리베이터
S1_2_0415,2호선,역삼,2,5,1,5-1칸,계단
S1_2_0415,2호선,역삼,2,8,1,8-1칸,계단
S1_2_0415,2호선,역삼,2,9,3,9-3칸,계단
S1_2_0306,2호선,선릉,1,3,1,3-1칸,계단
S1_2_0306,2호선,선릉,1,4,1,4-1칸,엘리베이터
S1_2_0306,2호선,선릉,1,4,4,4-4칸,계단
S1_2_0306,2호선,선릉,1,7,1,7-1칸,계단
S1_2_0306,2호선,선릉,1,8,1,8-1칸,엘리베이터
S1_2_0306,2호선,선릉,1,9,1,9-1칸,계단
S1_2_0306,2호선,선릉,2,2,4,2-4칸,계단
S1_2_0306,2호선,선릉,2,3,4,3-4칸,엘리베이터
S1_2_0306,2호선,선릉,2,4,4,4-4칸,계단
S1_2_0306,2호선,선릉,2,7,1,7-1칸,계단
S1_2_0306,2호선,선릉,2,8,4,8-4칸,계단
S1_2_0266,2호선,삼성,1,2,2,2-2칸,계단
S1_2_0266,2호선,삼성,1,3,1,3-1칸,엘리베이터
S1_2_0266,2호선,삼성,1,4,1,4-1칸,계단
S1_2_0266,2호선,삼성,1,8,1,8-1칸,계단
S1_2_0266,2호선,삼성,1,9,4,9-4칸,계단
S1_2_0266,2호선,삼성,2,1,4,1-4칸,계단
S1_2_0266,2호선,삼성,2,3,3,3-3칸,계단
S1_2_0266,2호선,삼성,2,7,3,7-3칸,계단
S1_2_0266,2호선,삼성,2,8,1,8-1칸,엘리베이터
S1_2_0266,2호선,삼성,2,9,2,9-2칸,계단
S1_2_0518,2호선,종합운동장,1,2,1,2-1칸,계단
S1_2_0518,2호선,종합운동장,1,2,4,2-4칸,엘리베이터
S1_2_0518,2호선,종합운동장,1,4,1,4-1칸,계단
S1_2_0518,2호선,종합운동장,1,5,4,5-4칸,계단
S1_2_0518,2호선,종합운동장,1,8,1,8-1칸,계단
S1_2_0518,2호선,종합운동장,2,3,4,3-4칸,계단
S1_2_0518,2호선,종합운동장,2,6,1,6-1칸,계단
S1_2_0518,2호선,종합운동장,2,7,3,7-3칸,계단
S1_2_0518,2호선,종합운동장,2,8,4,8-4칸,엘리베이터
S1_2_0518,2호선,종합운동장,2,9,3,9-3칸,계단
S1_2_0499,2호선,잠실새내,1,3,3,3-3칸,계단
S1_2_0499,2호선,잠실새내,1,5,2,5-2칸,계단
S1_2_0499,2호선,잠실새내,1,6,3,6-3칸,엘리베이터
S1_2_0499,2호선,잠실새내,1,7,4,7-4칸,계단
S1_2_0499,2호선,잠실새내,1,8,2,8-2칸,계단
S1_2_0499,2호선,잠실새내,2,3,1,3-1칸,계단
S1_2_0499,2호선,잠실새내,2,4,1,4-1칸,엘리베이터
S1_2_0499,2호선,잠실새내,2,5,1,5-1칸,계단
S1_2_0499,2호선,잠실새내,2,6,3,6-3칸,계단
S1_2_0499,2호선,잠실새내,2,8,1,8-1칸,계단
S1_2_0497,2호선,잠실,1,4,1,4-1칸,계단
S1_2_0497,2호선,잠실,1,5,1,5-1칸,엘리베이터
S1_2_0497,2호선,잠실,1,5,4,5-4칸,계단
S1_2_0497,2호선,잠실,1,7,2,7-2칸,계단
S1_2_0497,2호선,잠실,1,9,1,9-1칸,계단
S1_2_0497,2호선,잠실,2,2,2,2-2칸,계단
S1_2_0497,2호선,잠실,2,6,3,6-3칸,엘리베이터
S1_2_0497,2호선,잠실,2,7,3,7-3칸,계단
S1_2_0498,2호선,잠실나루,1,3,4,3-4칸,엘리베이터
S1_2_0498,2호선,잠실나루,1,4,2,4-2칸,계단
S1_2_0498,2호선,잠실나루,1,7,3,7-3칸,계단
S1_2_0498,2호선,잠실나루,1,9,4,9-4칸,에스컬레이터
S1_2_0498,2호선,잠실나루,2,2,1,2-1칸,에스컬레이터
S1_2_0498,2호선,잠실나루,2,4,2,4-2칸,계단
S1_2_0498,2호선,잠실나루,2,7,3,7-3칸,계단
S1_2_0498,2호선,잠실나루,2,8,1,8-1칸,엘리베이터
S1_2_0023,2호선,강변,1,3,1,3-1칸,계단
S1_2_0023,2호선,강변,1,4,2,4-2칸,엘리베이터
S1_2_0023,2호선,강변,1,5,2,5-2칸,계단
S1_2_0023,2호선,강변,1,8,3,8-3칸,계단
S1_2_0023,2호선,강변,2,3,2,3-2칸,계단
S1_2_0023,2호선,강변,2,6,3,6-3칸,계단
S1_2_0023,2호선,강변,2,7,3,7-3칸,엘리베이터
S1_2_0023,2호선,강변,2,8,4,8-4칸,계단
S1_2_0076,2호선,구의,1,3,4,3-4칸,계단
S1_2_0076,2호선,구의,1,7,3,7-3칸,엘리베이터
S1_2_0076,2호선,구의,1,8,4,8-4칸,계단
S1_2_0076,2호선,구의,2,3,4,3-4칸,계단
S1_2_0076,2호선,구의,2,4,3,4-3칸,엘리베이터
S1_2_0076,2호선,구의,2,8,3,8-3칸,계단
S1_2_0031,2호선,건대입구,1,5,2,5-2칸,엘리베이터
S1_2_0031,2호선,건대입구,1,5,2,5-2칸,계단
S1_2_0031,2호선,건대입구,1,7,2,7-2칸,엘리베이터
S1_2_0031,2호선,건대입구,1,8,3,8-3칸,계단
S1_2_0031,2호선,건대입구,2,3,2,3-2칸,계단
S1_2_0031,2호선,건대입구,2,4,3,4-3칸,계단
S1_2_0031,2호선,건대입구,2,6,3,6-3칸,계단
S1_2_0031,2호선,건대입구,2,7,4,7-4칸,엘리베이터
S1_2_0314,2호선,성수,1,1,1,1-1칸,계단
S1_2_0314,2호선,성수,1,7,1,7-1칸,엘리베이터
S1_2_0314,2호선,성수,1,10,4,10-4칸,계단
S1_2_0314,2호선,성수,2,1,1,1-1칸,계단
S1_2_0314,2호선,성수,2,4,4,4-4칸,엘리베이터
S1_2_0314,2호선,성수,2,10,4,10-4칸,계단
S1_2_0175,2호선,뚝섬,1,2,3,2-3칸,계단
S1_2_0175,2호선,뚝섬,1,4,4,4-4칸,계단
S1_2_0175,2호선,뚝섬,1,7,1,7-1칸,엘리베이터
S1_2_0175,2호선,뚝섬,1,7,1,7-1칸,계단
S1_2_0175,2호선,뚝섬,1,9,2,9-2칸,계단
S1_2_0175,2호선,뚝섬,2,2,3,2-3칸,계단
S1_2_0175,2호선,뚝섬,2,4,4,4-4칸,계단
S1_2_0175,2호선,뚝섬,2,7,1,7-1칸,엘리베이터
S1_2_0175,2호선,뚝섬,2,7,1,7-1칸,계단
S1_2_0175,2호선,뚝섬,2,9,2,9-2칸,계단
S1_2_0588,2호선,한양대,1,2,4,2-4칸,계단
S1_2_0588,2호선,한양대,1,3,3,3-3칸,엘리베이터
S1_2_0588,2호선,한양대,1,4,2,4-2칸,계단
S1_2_0588,2호선,한양대,1,7,4,7-4칸,계단
S1_2_0588,2호선,한양대,1,9,1,9-1칸,계단
S1_2_0588,2호선,한양대,2,2,4,2-4칸,계단
S1_2_0588,2호선,한양대,2,4,2,4-2칸,계단
S1_2_0588,2호선,한양대,2,7,3,7-3칸,계단
S1_2_0588,2호선,한양대,2,8,4,8-4칸,엘리베이터
S1_2_0588,2호선,한양대,2,9,1,9-1칸,계단
S1_2_0441,2호선,왕십리,1,2,2,2-2칸,엘리베이터
S1_2_0441,2호선,왕십리,1,2,2,2-2칸,계단
S1_2_0441,2호선,왕십리,1,4,1,4-1칸,계단
S1_2_0441,2호선,왕십리,1,7,1,7-1칸,에스컬레이터
S1_2_0441,2호선,왕십리,1,8,4,8-4칸,계단
S1_2_0441,2호선,왕십리,2,2,3,2-3칸,에스컬레이터
S1_2_0441,2호선,왕십리,2,3,1,3-1칸,에스컬레이터
S1_2_0441,2호선,왕십리,2,3,1,3-1칸,계단
S1_2_0441,2호선,왕십리,2,3,4,3-4칸,엘리베이터
S1_2_0441,2호선,왕십리,2,4,4,4-4칸,계단
S1_2_0279,2호선,상왕십리,1,3,1,3-1칸,계단
S1_2_0279,2호선,상왕십리,1,4,3,4-3칸,계단
S1_2_0279,2호선,상왕십리,1,7,2,7-2칸,계단
S1_2_0279,2호선,상왕십리,1,8,1,8-1칸,엘리베이터
S1_2_0279,2호선,상왕십리,1,8,4,8-4칸,계단
S1_2_0279,2호선,상왕십리,2,3,1,3-1칸,계단
S1_2_0279,2호선,상왕십리,2,3,4,3-4칸,엘리베이터
S1_2_0279,2호선,상왕십리,2,4,3,4-3칸,계단
S1_2_0279,2호선,상왕십리,2,7,2,7-2칸,계단
S1_2_0279,2호선,상왕십리,2,8,4,8-4칸,계단
S1_2_0356,2호선,신당,1,1,1,1-1칸,에스컬레이터
S1_2_0356,2호선,신당,1,3,1,3-1칸,계단
S1_2_0356,2호선,신당,1,3,4,3-4칸,엘리베이터
S1_2_0356,2호선,신당,1,4,3,4-3칸,계단
S1_2_0356,2호선,신당,1,7,3,7-3칸,계단
S1_2_0356,2호선,신당,1,9,1,9-1칸,계단
S1_2_0356,2호선,신당,2,2,4,2-4칸,계단
S1_2_0356,2호선,신당,2,4,2,4-2칸,계단
S1_2_0356,2호선,신당,2,7,2,7-2칸,계단
S1_2_0356,2호선,신당,2,7,4,7-4칸,엘리베이터
S1_2_0356,2호선,신당,2,8,4,8-4칸,계단
S1_2_0356,2호선,신당,2,10,4,10-4칸,에스컬레이터
S1_2_0156,2호선,동대문역사문화공원,1,3,3,3-3칸,계단
S1_2_0156,2호선,동대문역사문화공원,1,5,3,5-3칸,계단
S1_2_0156,2호선,동대문역사문화공원,1,7,3,7-3칸,계단
S1_2_0156,2호선,동대문역사문화공원,1,8,2,8-2칸,엘리베이터
S1_2_0156,2호선,동대문역사문화공원,1,9,3,9-3칸,계단
S1_2_0156,2호선,동대문역사문화공원,2,2,2,2-2칸,계단
S1_2_0156,2호선,동대문역사문화공원,2,3,3,3-3칸,엘리베이터
S1_2_0156,2호선,동대문역사문화공원,2,4,2,4-2칸,계단
S1_2_0156,2호선,동대문역사문화공원,2,6,2,6-2칸,계단
S1_2_0156,2호선,동대문역사문화공원,2,8,2,8-2칸,계단
S1_2_0465,2호선,을지로4가,1,2,3,2-3칸,계단
S1_2_0465,2호선,을지로4가,1,3,2,3-2칸,엘리베이터
S1_2_0465,2호선,을지로4가,1,4,1,4-1칸,계단
S1_2_0465,2호선,을지로4가,1,7,4,7-4칸,엘리베이터
S1_2_0465,2호선,을지로4가,1,9,1,9-1칸,계단
S1_2_0465,2호선,을지로4가,2,2,4,2-4칸,계단
S1_2_0465,2호선,을지로4가,2,7,4,7-4칸,계단
S1_2_0465,2호선,을지로4가,2,8,3,8-3칸,엘리베이터
S1_2_0465,2호선,을지로4가,2,9,2,9-2칸,계단
S1_2_0464,2호선,을지로3가,1,2,2,2-2칸,계단
S1_2_0464,2호선,을지로3가,1,4,2,4-2칸,계단
S1_2_0464,2호선,을지로3가,1,7,3,7-3칸,계단
S1_2_0464,2호선,을지로3가,1,8,2,8-2칸,엘리베이터
S1_2_0464,2호선,을지로3가,1,9,3,9-3칸,계단
S1_2_0464,2호선,을지로3가,2,2,2,2-2칸,계단
S1_2_0464,2호선,을지로3가,2,3,3,3-3칸,엘리베이터
S1_2_0464,2호선,을지로3가,2,4,2,4-2칸,계단
S1_2_0464,2호선,을지로3가,2,7,2,7-2칸,계단
S1_2_0464,2호선,을지로3가,2,9,3,9-3칸,계단
S1_2_0466,2호선,을지로입구,1,1,3,1-3칸,계단
S1_2_0466,2호선,을지로입구,1,4,3,4-3칸,계단
S1_2_0466,2호선,을지로입구,1,5,3,5-3칸,엘리베이터
S1_2_0466,2호선,을지로입구,1,6,3,6-3칸,계단
S1_2_0466,2호선,을지로입구,1,10,2,10-2칸,계단
S1_2_0466,2호선,을지로입구,2,5,2,5-2칸,계단
S1_2_0466,2호선,을지로입구,2,6,2,6-2칸,엘리베이터
S1_2_0466,2호선,을지로입구,2,7,2,7-2칸,계단
S1_2_0466,2호선,을지로입구,2,10,2,10-2칸,계단
KR_3_0137,3호선,대화,1,7,4,7-4칸,엘리베이터
KR_3_0137,3호선,대화,1,7,4,7-4칸,에스컬레이터
KR_3_0137,3호선,대화,1,7,4,7-4칸,계단
KR_3_0137,3호선,대화,2,3,4,3-4칸,엘리베이터
KR_3_0137,3호선,대화,2,3,4,3-4칸,에스컬레이터
KR_3_0137,3호선,대화,2,3,4,3-4칸,계단
KR_3_0522,3호선,주엽,1,3,1,3-1칸,계단
KR_3_0522,3호선,주엽,1,5,1,5-1칸,에스컬레이터
KR_3_0522,3호선,주엽,1,6,4,6-4칸,계단
KR_3_0522,3호선,주엽,1,7,3,7-3칸,엘리베이터
KR_3_0522,3호선,주엽,1,8,4,8-4칸,계단
KR_3_0522,3호선,주엽,2,3,1,3-1칸,계단
KR_3_0522,3호선,주엽,2,4,1,4-1칸,엘리베이터
KR_3_0522,3호선,주엽,2,5,1,5-1칸,계단
KR_3_0522,3호선,주엽,2,6,4,6-4칸,에스컬레이터
KR_3_0522,3호선,주엽,2,8,4,8-4칸,계단
KR_3_0508,3호선,정발산,1,3,3,3-3칸,엘리베이터
KR_3_0508,3호선,정발산,1,3,3,3-3칸,에스컬레이터
KR_3_0508,3호선,정발산,1,3,3,3-3칸,계단
KR_3_0508,3호선,정발산,2,8,1,8-1칸,엘리베이터
KR_3_0508,3호선,정발산,2,8,1,8-1칸,에스컬레이터
KR_3_0508,3호선,정발산,2,8,1,8-1칸,계단
KR_3_0179,3호선,마두,1,2,4,2-4칸,엘리베이터
KR_3_0179,3호선,마두,1,2,4,2-4칸,에스컬레이터
KR_3_0179,3호선,마두,1,2,4,2-4칸,계단
KR_3_0179,3호선,마두,2,9,1,9-1칸,엘리베이터
KR_3_0179,3호선,마두,2,9,1,9-1칸,에스컬레이터
KR_3_0179,3호선,마두,2,9,1,9-1칸,계단
KR_3_0224,3호선,백석,1,4,1,4-1칸,엘리베이터
KR_3_0224,3호선,백석,1,4,1,4-1칸,에스컬레이터
KR_3_0224,3호선,백석,1,4,1,4-1칸,계단
KR_3_0224,3호선,백석,1,5,3,5-3칸,엘리베이터
KR_3_0224,3호선,백석,1,5,3,5-3칸,에스컬레이터
KR_3_0224,3호선,백석,1,5,3,5-3칸,계단
KR_3_0224,3호선,백석,2,5,3,5-3칸,엘리베이터
KR_3_0224,3호선,백석,2,5,3,5-3칸,에스컬레이터
KR_3_0224,3호선,백석,2,5,3,5-3칸,계단
KR_3_0224,3호선,백석,2,7,4,7-4칸,엘리베이터
KR_3_0224,3호선,백석,2,7,4,7-4칸,에스컬레이터
KR_3_0224,3호선,백석,2,7,4,7-4칸,계단
KR_3_0128,3호선,대곡,1,2,4,2-4칸,계단
KR_3_0128,3호선,대곡,1,3,4,3-4칸,엘리베이터
KR_3_0128,3호선,대곡,1,4,3,4-3칸,계단
KR_3_0128,3호선,대곡,1,7,1,7-1칸,에스컬레이터
KR_3_0128,3호선,대곡,1,8,4,8-4칸,계단
KR_3_0128,3호선,대곡,2,2,4,2-4칸,계단
KR_3_0128,3호선,대곡,2,4,1,4-1칸,에스컬레이터
KR_3_0128,3호선,대곡,2,7,1,7-1칸,계단
KR_3_0128,3호선,대곡,2,8,1,8-1칸,엘리베이터
KR_3_0128,3호선,대곡,2,8,4,8-4칸,계단
KR_3_0603,3호선,화정,1,3,1,3-1칸,엘리베이터
KR_3_0603,3호선,화정,1,4,2,4-2칸,계단
KR_3_0603,3호선,화정,1,7,1,7-1칸,에스컬레이터
KR_3_0603,3호선,화정,2,4,2,4-2칸,에스컬레이터
KR_3_0603,3호선,화정,2,7,1,7-1칸,계단
KR_3_0603,3호선,화정,2,8,3,8-3칸,엘리베이터
KR_3_0456,3호선,원당,1,3,2,3-2칸,엘리베이터
KR_3_0456,3호선,원당,1,3,3,3-3칸,에스컬레이터
KR_3_0456,3호선,원당,1,9,2,9-2칸,엘리베이터
KR_3_0456,3호선,원당,1,9,3,9-3칸,에스컬레이터
KR_3_0456,3호선,원당,2,2,3,2-3칸,엘리베이터
KR_3_0456,3호선,원당,2,2,4,2-4칸,에스컬레이터
KR_3_0456,3호선,원당,2,6,2,6-2칸,엘리베이터
KR_3_0456,3호선,원당,2,6,3,6-3칸,에스컬레이터
KR_3_0036,3호선,원흥,1,3,2,3-2칸,엘리베이터
KR_3_0036,3호선,원흥,1,3,3,3-3칸,에스컬레이터
KR_3_0036,3호선,원흥,1,9,2,9-2칸,엘리베이터
KR_3_0036,3호선,원흥,1,9,3,9-3칸,에스컬레이터
KR_3_0036,3호선,원흥,2,2,3,2-3칸,엘리베이터
KR_3_0036,3호선,원흥,2,2,4,2-4칸,에스컬레이터
KR_3_0036,3호선,원흥,2,6,2,6-2칸,엘리베이터
KR_3_0036,3호선,원흥,2,6,3,6-3칸,에스컬레이터
KR_3_0268,3호선,삼송,1,2,4,2-4칸,계단
KR_3_0268,3호선,삼송,1,4,4,4-4칸,에스컬레이터
KR_3_0268,3호선,삼송,1,7,1,7-1칸,계단
KR_3_0268,3호선,삼송,1,8,1,8-1칸,엘리베이터
KR_3_0268,3호선,삼송,1,8,4,8-4칸,계단
KR_3_0268,3호선,삼송,2,2,4,2-4칸,계단
KR_3_0268,3호선,삼송,2,3,4,3-4칸,엘리베이터
KR_3_0268,3호선,삼송,2,4,4,4-4칸,계단
KR_3_0268,3호선,삼송,2,6,4,6-4칸,에스컬레이터
KR_3_0268,3호선,삼송,2,9,1,9-1칸,계단
S1_3_0536,3호선,지축,1,4,2,4-2칸,계단
S1_3_0536,3호선,지축,1,8,2,8-2칸,계단
S1_3_0536,3호선,지축,1,9,3,9-3칸,엘리베이터
S1_3_0536,3호선,지축,2,2,2,2-2칸,엘리베이터
S1_3_0536,3호선,지축,2,3,3,3-3칸,계단
S1_3_0536,3호선,지축,2,7,3,7-3칸,계단
S1_3_0078,3호선,구파발,1,1,2,1-2칸,계단
S1_3_0078,3호선,구파발,1,5,3,5-3칸,엘리베이터
S1_3_0078,3호선,구파발,1,6,4,6-4칸,계단
S1_3_0078,3호선,구파발,1,9,4,9-4칸,계단
S1_3_0078,3호선,구파발,2,2,1,2-1칸,계단
S1_3_0078,3호선,구파발,2,5,1,5-1칸,계단
S1_3_0078,3호선,구파발,2,6,2,6-2칸,엘리베이터
S1_3_0078,3호선,구파발,2,10,1,10-1칸,계단
S1_3_0418,3호선,연신내,1,1,3,1-3칸,계단
S1_3_0418,3호선,연신내,1,5,1,5-1칸,계단
S1_3_0418,3호선,연신내,1,5,4,5-4칸,엘리베이터
S1_3_0418,3호선,연신내,1,6,4,6-4칸,계단
S1_3_0418,3호선,연신내,1,9,3,9-3칸,계단
S1_3_0418,3호선,연신내,2,2,1,2-1칸,계단
S1_3_0418,3호선,연신내,2,4,4,4-4칸,계단
S1_3_0418,3호선,연신내,2,5,4,5-4칸,엘리베이터
S1_3_0418,3호선,연신내,2,6,3,6-3칸,계단
S1_3_0418,3호선,연신내,2,10,1,10-1칸,계단
S1_3_0255,3호선,불광,1,2,3,2-3칸,계단
S1_3_0255,3호선,불광,1,3,2,3-2칸,엘리베이터
S1_3_0255,3호선,불광,1,4,3,4-3칸,계단
S1_3_0255,3호선,불광,1,7,1,7-1칸,계단
S1_3_0255,3호선,불광,1,9,1,9-1칸,계단
S1_3_0255,3호선,불광,2,2,4,2-4칸,계단
S1_3_0255,3호선,불광,2,4,4,4-4칸,계단
S1_3_0255,3호선,불광,2,7,2,7-2칸,계단
S1_3_0255,3호선,불광,2,8,3,8-3칸,엘리베이터
S1_3_0255,3호선,불광,2,9,2,9-2칸,계단
S1_3_0116,3호선,녹번,1,2,1,2-1칸,엘리베이터
S1_3_0116,3호선,녹번,1,3,1,3-1칸,계단
S1_3_0116,3호선,녹번,1,4,1,4-1칸,계단
S1_3_0116,3호선,녹번,1,7,2,7-2칸,계단
S1_3_0116,3호선,녹번,1,9,2,9-2칸,계단
S1_3_0116,3호선,녹번,2,2,3,2-3칸,계단
S1_3_0116,3호선,녹번,2,4,3,4-3칸,계단
S1_3_0116,3호선,녹번,2,7,4,7-4칸,계단
S1_3_0116,3호선,녹번,2,8,3,8-3칸,계단
S1_3_0116,3호선,녹번,2,9,3,9-3칸,엘리베이터
S1_3_0597,3호선,홍제,1,2,4,2-4칸,계단
S1_3_0597,3호선,홍제,1,3,4,3-4칸,엘리베이터
S1_3_0597,3호선,홍제,1,4,4,4-4칸,계단
S1_3_0597,3호선,홍제,1,6,4,6-4칸,계단
S1_3_0597,3호선,홍제,1,8,4,8-4칸,계단
S1_3_0597,3호선,홍제,2,3,1,3-1칸,계단
S1_3_0597,3호선,홍제,2,5,1,5-1칸,계단
S1_3_0597,3호선,홍제,2,7,1,7-1칸,계단
S1_3_0597,3호선,홍제,2,8,1,8-1칸,엘리베이터
S1_3_0597,3호선,홍제,2,8,4,8-4칸,계단
S1_3_0205,3호선,무악재,1,2,4,2-4칸,계단
S1_3_0205,3호선,무악재,1,4,1,4-1칸,엘리베이터
S1_3_0205,3호선,무악재,1,4,4,4-4칸,계단
S1_3_0205,3호선,무악재,1,7,1,7-1칸,계단
S1_3_0205,3호선,무악재,1,9,1,9-1칸,계단
S1_3_0205,3호선,무악재,2,2,4,2-4칸,계단
S1_3_0205,3호선,무악재,2,4,4,4-4칸,계단
S1_3_0205,3호선,무악재,2,7,1,7-1칸,계단
S1_3_0205,3호선,무악재,2,7,4,7-4칸,엘리베이터
S1_3_0205,3호선,무악재,2,9,1,9-1칸,계단
S1_3_0150,3호선,독립문,1,2,4,2-4칸,계단
S1_3_0150,3호선,독립문,1,4,3,4-3칸,에스컬레이터
S1_3_0150,3호선,독립문,1,4,3,4-3칸,계단
S1_3_0150,3호선,독립문,1,7,4,7-4칸,에스컬레이터
S1_3_0150,3호선,독립문,1,7,4,7-4칸,계단
S1_3_0150,3호선,독립문,1,8,4,8-4칸,엘리베이터
S1_3_0150,3호선,독립문,2,2,4,2-4칸,엘리베이터
S1_3_0150,3호선,독립문,2,4,1,4-1칸,에스컬레이터
S1_3_0150,3호선,독립문,2,4,1,4-1칸,계단
S1_3_0150,3호선,독립문,2,6,4,6-4칸,에스컬레이터
S1_3_0150,3호선,독립문,2,6,4,6-4칸,계단
S1_3_0150,3호선,독립문,2,9,1,9-1칸,계단
S1_3_0040,3호선,경복궁,1,2,4,2-4칸,에스컬레이터
S1_3_0040,3호선,경복궁,1,2,4,2-4칸,계단
S1_3_0040,3호선,경복궁,1,5,1,5-1칸,계단
S1_3_0040,3호선,경복궁,1,6,2,6-2칸,엘리베이터
S1_3_0040,3호선,경복궁,1,7,1,7-1칸,계단
S1_3_0040,3호선,경복궁,1,8,3,8-3칸,에스컬레이터
S1_3_0040,3호선,경복궁,1,8,3,8-3칸,계단
S1_3_0040,3호선,경복궁,2,3,2,3-2칸,에스컬레이터
S1_3_0040,3호선,경복궁,2,3,2,3-2칸,계단
S1_3_0040,3호선,경복궁,2,4,4,4-4칸,계단
S1_3_0040,3호선,경복궁,2,5,3,5-3칸,엘리베이터
S1_3_0040,3호선,경복궁,2,6,4,6-4칸,계단
S1_3_0040,3호선,경복궁,2,9,1,9-1칸,에스컬레이터
S1_3_0040,3호선,경복궁,2,9,1,9-1칸,계단
S1_3_0387,3호선,안국,1,2,1,2-1칸,계단
S1_3_0387,3호선,안국,1,3,3,3-3칸,엘리베이터
S1_3_0387,3호선,안국,1,4,3,4-3칸,에스컬레이터
S1_3_0387,3호선,안국,1,7,1,7-1칸,에스컬레이터
S1_3_0387,3호선,안국,1,9,2,9-2칸,계단
S1_3_0387,3호선,안국,2,2,3,2-3칸,계단
S1_3_0387,3호선,안국,2,4,4,4-4칸,에스컬레이터
S1_3_0387,3호선,안국,2,7,2,7-2칸,에스컬레이터
S1_3_0387,3호선,안국,2,8,2,8-2칸,엘리베이터
S1_3_0387,3호선,안국,2,9,4,9-4칸,계단
S1_3_0515,3호선,종로3가,1,2,3,2-3칸,계단
S1_3_0515,3호선,종로3가,1,4,2,4-2칸,계단
S1_3_0515,3호선,종로3가,1,7,2,7-2칸,계단
S1_3_0515,3호선,종로3가,1,9,1,9-1칸,계단
S1_3_0515,3호선,종로3가,1,10,4,10-4칸,에스컬레이터
S1_3_0515,3호선,종로3가,2,1,1,1-1칸,에스컬레이터
S1_3_0515,3호선,종로3가,2,2,4,2-4칸,계단
S1_3_0515,3호선,종로3가,2,4,3,4-3칸,계단
S1_3_0515,3호선,종로3가,2,7,3,7-3칸,계단
S1_3_0515,3호선,종로3가,2,9,2,9-2칸,계단
S1_3_0464,3호선,을지로3가,1,2,2,2-2칸,에스컬레이터
S1_3_0464,3호선,을지로3가,1,2,2,2-2칸,계단
S1_3_0464,3호선,을지로3가,1,4,2,4-2칸,계단
S1_3_0464,3호선,을지로3가,1,6,2,6-2칸,엘리베이터
S1_3_0464,3호선,을지로3가,1,7,1,7-1칸,에스컬레이터
S1_3_0464,3호선,을지로3가,1,7,1,7-1칸,계단
S1_3_0464,3호선,을지로3가,1,9,2,9-2칸,계단
S1_3_0464,3호선,을지로3가,2,2,2,2-2칸,계단
S1_3_0464,3호선,을지로3가,2,4,4,4-4칸,에스컬레이터
S1_3_0464,3호선,을지로3가,2,4,4,4-4칸,계단
S1_3_0464,3호선,을지로3가,2,5,2,5-2칸,엘리베이터
S1_3_0464,3호선,을지로3가,2,7,2,7-2칸,에스컬레이터
S1_3_0464,3호선,을지로3가,2,7,2,7-2칸,계단
S1_3_0464,3호선,을지로3가,2,9,2,9-2칸,계단
S1_3_0563,3호선,충무로,1,4,4,4-4칸,계단
S1_3_0563,3호선,충무로,1,6,3,6-3칸,에스컬레이터
S1_3_0563,3호선,충무로,1,6,3,6-3칸,계단
S1_3_0563,3호선,충무로,2,5,3,5-3칸,에스컬레이터
S1_3_0563,3호선,충무로,2,5,3,5-3칸,계단
S1_3_0563,3호선,충무로,2,8,4,8-4칸,계단
S1_3_0157,3호선,동대입구,1,2,2,2-2칸,계단
S1_3_0157,3호선,동대입구,1,3,2,3-2칸,엘리베이터
S1_3_0157,3호선,동대입구,1,4,3,4-3칸,계단
S1_3_0157,3호선,동대입구,1,7,2,7-2칸,계단
S1_3_0157,3호선,동대입구,1,9,2,9-2칸,계단
S1_3_0157,3호선,동대입구,2,2,4,2-4칸,계단
S1_3_0157,3호선,동대입구,2,4,4,4-4칸,계단
S1_3_0157,3호선,동대입구,2,7,2,7-2칸,계단
S1_3_0157,3호선,동대입구,2,8,3,8-3칸,엘리베이터
S1_3_0157,3호선,동대입구,2,9,2,9-2칸,계단
S1_3_0397,3호선,약수,1,2,4,2-4칸,계단
S1_3_0397,3호선,약수,1,4,4,4-4칸,계단
S1_3_0397,3호선,약수,1,7,1,7-1칸,계단
S1_3_0397,3호선,약수,1,9,1,9-1칸,엘리베이터
S1_3_0397,3호선,약수,2,2,4,2-4칸,엘리베이터
S1_3_0397,3호선,약수,2,4,4,4-4칸,계단
S1_3_0397,3호선,약수,2,7,1,7-1칸,계단
S1_3_0397,3호선,약수,2,9,1,9-1칸,계단
S1_3_0093,3호선,금호,1,2,2,2-2칸,계단
S1_3_0093,3호선,금호,1,3,2,3-2칸,엘리베이터
S1_3_0093,3호선,금호,1,4,2,4-2칸,계단
S1_3_0093,3호선,금호,1,6,4,6-4칸,계단
S1_3_0093,3호선,금호,1,8,3,8-3칸,계단
S1_3_0093,3호선,금호,2,3,2,3-2칸,계단
S1_3_0093,3호선,금호,2,5,1,5-1칸,계단
S1_3_0093,3호선,금호,2,7,3,7-3칸,계단
S1_3_0093,3호선,금호,2,8,3,8-3칸,엘리베이터
S1_3_0093,3호선,금호,2,9,3,9-3칸,계단
S1_3_0434,3호선,옥수,1,1,4,1-4칸,계단
S1_3_0434,3호선,옥수,1,4,1,4-1칸,계단
S1_3_0434,3호선,옥수,1,7,3,7-3칸,계단
S1_3_0434,3호선,옥수,1,10,2,10-2칸,엘리베이터
S1_3_0434,3호선,옥수,1,10,2,10-2칸,계단
S1_3_0434,3호선,옥수,2,1,4,1-4칸,엘리베이터
S1_3_0434,3호선,옥수,2,1,4,1-4칸,계단
S1_3_0434,3호선,옥수,2,4,1,4-1칸,계단
S1_3_0434,3호선,옥수,2,7,3,7-3칸,계단
S1_3_0434,3호선,옥수,2,9,4,9-4칸,계단
S1_3_0392,3호선,압구정,1,2,2,2-2칸,계단
S1_3_0392,3호선,압구정,1,4,1,4-1칸,계단
S1_3_0392,3호선,압구정,1,7,3,7-3칸,계단
S1_3_0392,3호선,압구정,1,8,3,8-3칸,엘리베이터
S1_3_0392,3호선,압구정,1,9,1,9-1칸,계단
S1_3_0392,3호선,압구정,2,2,3,2-3칸,계단
S1_3_0392,3호선,압구정,2,3,2,3-2칸,엘리베이터
S1_3_0392,3호선,압구정,2,4,2,4-2칸,계단
S1_3_0392,3호선,압구정,2,7,3,7-3칸,계단
S1_3_0392,3호선,압구정,2,9,2,9-2칸,계단
S1_3_0365,3호선,신사,1,2,2,2-2칸,계단
S1_3_0365,3호선,신사,1,3,1,3-1칸,엘리베이터
S1_3_0365,3호선,신사,1,4,2,4-2칸,계단
S1_3_0365,3호선,신사,1,7,2,7-2칸,계단
S1_3_0365,3호선,신사,1,9,2,9-2칸,계단
S1_3_0365,3호선,신사,2,2,3,2-3칸,계단
S1_3_0365,3호선,신사,2,4,3,4-3칸,엘리베이터
S1_3_0365,3호선,신사,2,7,3,7-3칸,계단
S1_3_0365,3호선,신사,2,8,4,8-4칸,엘리베이터
S1_3_0365,3호선,신사,2,9,3,9-3칸,에스컬레이터
S1_3_0500,3호선,잠원,1,2,3,2-3칸,계단
S1_3_0500,3호선,잠원,1,3,3,3-3칸,계단
S1_3_0500,3호선,잠원,1,4,2,4-2칸,계단
S1_3_0500,3호선,잠원,1,7,1,7-1칸,계단
S1_3_0500,3호선,잠원,1,8,4,8-4칸,계단
S1_3_0500,3호선,잠원,2,2,4,2-4칸,계단
S1_3_0500,3호선,잠원,2,4,3,4-3칸,계단
S1_3_0500,3호선,잠원,2,5,1,5-1칸,계단
S1_3_0500,3호선,잠원,2,7,3,7-3칸,계단
S1_3_0500,3호선,잠원,2,9,1,9-1칸,계단
S1_3_0048,3호선,고속터미널,1,2,3,2-3칸,에스컬레이터
S1_3_0048,3호선,고속터미널,1,4,3,4-3칸,에스컬레이터
S1_3_0048,3호선,고속터미널,1,7,2,7-2칸,에스컬레이터
S1_3_0048,3호선,고속터미널,1,8,2,8-2칸,엘리베이터
S1_3_0048,3호선,고속터미널,1,9,2,9-2칸,에스컬레이터
S1_3_0048,3호선,고속터미널,2,2,3,2-3칸,에스컬레이터
S1_3_0048,3호선,고속터미널,2,3,3,3-3칸,엘리베이터
S1_3_0048,3호선,고속터미널,2,4,3,4-3칸,에스컬레이터
S1_3_0048,3호선,고속터미널,2,7,2,7-2칸,에스컬레이터
S1_3_0048,3호선,고속터미널,2,9,2,9-2칸,에스컬레이터
S1_3_0068,3호선,교대,1,3,2,3-2칸,에스컬레이터
S1_3_0068,3호선,교대,1,4,2,4-2칸,엘리베이터
S1_3_0068,3호선,교대,1,7,4,7-4칸,계단
S1_3_0068,3호선,교대,1,9,4,9-4칸,계단
S1_3_0068,3호선,교대,2,2,1,2-1칸,계단
S1_3_0068,3호선,교대,2,4,1,4-1칸,계단
S1_3_0068,3호선,교대,2,7,3,7-3칸,엘리베이터
S1_3_0068,3호선,교대,2,8,3,8-3칸,에스컬레이터
S1_3_0106,3호선,남부터미널,1,2,4,2-4칸,계단
S1_3_0106,3호선,남부터미널,1,3,3,3-3칸,엘리베이터
S1_3_0106,3호선,남부터미널,1,4,3,4-3칸,계단
S1_3_0106,3호선,남부터미널,1,7,1,7-1칸,계단
S1_3_0106,3호선,남부터미널,1,9,3,9-3칸,계단
S1_3_0106,3호선,남부터미널,2,2,3,2-3칸,계단
S1_3_0106,3호선,남부터미널,2,4,2,4-2칸,계단
S1_3_0106,3호선,남부터미널,2,7,2,7-2칸,계단
S1_3_0106,3호선,남부터미널,2,8,3,8-3칸,엘리베이터
S1_3_0106,3호선,남부터미널,2,9,4,9-4칸,계단
S1_3_0400,3호선,양재,1,2,1,2-1칸,계단
S1_3_0400,3호선,양재,1,3,4,3-4칸,계단
S1_3_0400,3호선,양재,1,8,1,8-1칸,계단
S1_3_0400,3호선,양재,1,8,4,8-4칸,엘리베이터
S1_3_0400,3호선,양재,1,9,4,9-4칸,계단
S1_3_0400,3호선,양재,2,1,4,1-4칸,계단
S1_3_0400,3호선,양재,2,2,4,2-4칸,엘리베이터
S1_3_0400,3호선,양재,2,3,3,3-3칸,계단
S1_3_0400,3호선,양재,2,7,4,7-4칸,계단
S1_3_0400,3호선,양재,2,9,3,9-3칸,계단
S1_3_0193,3호선,매봉,1,5,1,5-1칸,계단
S1_3_0193,3호선,매봉,1,5,4,5-4칸,엘리베이터
S1_3_0193,3호선,매봉,1,6,4,6-4칸,계단
S1_3_0193,3호선,매봉,2,5,1,5-1칸,계단
S1_3_0193,3호선,매봉,2,6,1,6-1칸,엘리베이터
S1_3_0193,3호선,매봉,2,6,4,6-4칸,계단
S1_3_0142,3호선,도곡,1,4,2,4-2칸,에스컬레이터
S1_3_0142,3호선,도곡,1,4,2,4-2칸,계단
S1_3_0142,3호선,도곡,1,7,3,7-3칸,에스컬레이터
S1_3_0142,3호선,도곡,1,7,3,7-3칸,계단
S1_3_0142,3호선,도곡,2,4,2,4-2칸,에스컬레이터
S1_3_0142,3호선,도곡,2,4,2,4-2칸,계단
S1_3_0142,3호선,도곡,2,7,3,7-3칸,에스컬레이터
S1_3_0142,3호선,도곡,2,7,3,7-3칸,계단
S1_3_0136,3호선,대치,1,1,1,1-1칸,엘리베이터
S1_3_0136,3호선,대치,1,1,1,1-1칸,에스컬레이터
S1_3_0136,3호선,대치,1,1,1,1-1칸,계단
S1_3_0136,3호선,대치,1,10,4,10-4칸,에스컬레이터
S1_3_0136,3호선,대치,1,10,4,10-4칸,계단
S1_3_0136,3호선,대치,2,1,1,1-1칸,에스컬레이터
S1_3_0136,3호선,대치,2,1,1,1-1칸,계단
S1_3_0136,3호선,대치,2,10,4,10-4칸,엘리베이터
S1_3_0136,3호선,대치,2,10,4,10-4칸,에스컬레이터
S1_3_0136,3호선,대치,2,10,4,10-4칸,계단
S1_3_0583,3호선,학여울,1,4,4,4-4칸,계단
S1_3_0583,3호선,학여울,1,5,4,5-4칸,엘리베이터
S1_3_0583,3호선,학여울,1,7,1,7-1칸,계단
S1_3_0583,3호선,학여울,2,4,4,4-4칸,계단
S1_3_0583,3호선,학여울,2,6,1,6-1칸,엘리베이터
S1_3_0583,3호선,학여울,2,7,1,7-1칸,계단
S1_3_0135,3호선,대청,1,3,3,3-3칸,계단
S1_3_0135,3호선,대청,1,4,3,4-3칸,엘리베이터
S1_3_0135,3호선,대청,1,6,2,6-2칸,계단
S1_3_0135,3호선,대청,2,5,4,5-4칸,계단
S1_3_0135,3호선,대청,2,7,2,7-2칸,엘리베이터
S1_3_0135,3호선,대청,2,8,2,8-2칸,계단
S1_3_0494,3호선,일원,1,5,2,5-2칸,계단
S1_3_0494,3호선,일원,1,6,2,6-2칸,엘리베이터
S1_3_0494,3호선,일원,1,7,4,7-4칸,계단
S1_3_0494,3호선,일원,2,4,1,4-1칸,계단
S1_3_0494,3호선,일원,2,5,3,5-3칸,엘리베이터
S1_3_0494,3호선,일원,2,6,3,6-3칸,계단
S1_3_0337,3호선,수서,1,7,2,7-2칸,계단
S1_3_0337,3호선,수서,1,8,3,8-3칸,엘리베이터
S1_3_0337,3호선,수서,1,9,3,9-3칸,계단
S1_3_0337,3호선,수서,2,2,3,2-3칸,계단
S1_3_0337,3호선,수서,2,3,2,3-2칸,엘리베이터
S1_3_0337,3호선,수서,2,4,3,4-3칸,계단
S1_3_0003,3호선,가락시장,1,4,4,4-4칸,에스컬레이터
S1_3_0003,3호선,가락시장,1,6,3,6-3칸,에스컬레이터
S1_3_0003,3호선,가락시장,1,8,3,8-3칸,엘리베이터
S1_3_0003,3호선,가락시장,1,8,3,8-3칸,에스컬레이터
S1_3_0003,3호선,가락시장,1,10,1,10-1칸,에스컬레이터
S1_3_0003,3호선,가락시장,1,10,1,10-1칸,계단
S1_3_0003,3호선,가락시장,2,1,4,1-4칸,에스컬레이터
S1_3_0003,3호선,가락시장,2,1,4,1-4칸,계단
S1_3_0003,3호선,가락시장,2,3,2,3-2칸,엘리베이터
S1_3_0003,3호선,가락시장,2,3,2,3-2칸,에스컬레이터
S1_3_0003,3호선,가락시장,2,5,2,5-2칸,에스컬레이터
S1_3_0003,3호선,가락시장,2,7,1,7-1칸,에스컬레이터
S1_3_0043,3호선,경찰병원,1,2,1,2-1칸,에스컬레이터
S1_3_0043,3호선,경찰병원,1,4,2,4-2칸,엘리베이터
S1_3_0043,3호선,경찰병원,1,6,2,6-2칸,에스컬레이터
S1_3_0043,3호선,경찰병원,1,7,4,7-4칸,에스컬레이터
S1_3_0043,3호선,경찰병원,2,4,1,4-1칸,에스컬레이터
S1_3_0043,3호선,경찰병원,2,5,3,5-3칸,에스컬레이터
S1_3_0043,3호선,경찰병원,2,7,3,7-3칸,엘리베이터
S1_3_0043,3호선,경찰병원,2,9,3,9-3칸,에스컬레이터
S1_3_0426,3호선,오금,1,2,1,2-1칸,에스컬레이터
S1_3_0426,3호선,오금,1,5,1,5-1칸,엘리베이터
S1_3_0426,3호선,오금,1,5,1,5-1칸,에스컬레이터
S1_3_0426,3호선,오금,1,7,1,7-1칸,에스컬레이터
S1_3_0426,3호선,오금,2,4,4,4-4칸,에스컬레이터
S1_3_0426,3호선,오금,2,4,4,4-4칸,계단
S1_3_0426,3호선,오금,2,6,4,6-4칸,엘리베이터
S1_3_0426,3호선,오금,2,7,4,7-4칸,에스컬레이터
S1_3_0426,3호선,오금,2,9,4,9-4칸,에스컬레이터
S1_4_0125,4호선,불암산,1,4,3,4-3칸,계단
S1_4_0125,4호선,불암산,1,6,1,6-1칸,엘리베이터
S1_4_0125,4호선,불암산,1,7,2,7-2칸,계단
S1_4_0125,4호선,불암산,2,4,3,4-3칸,계단
S1_4_0125,4호선,불암산,2,5,4,5-4칸,엘리베이터
S1_4_0125,4호선,불암산,2,7,2,7-2칸,계단
S1_4_0272,4호선,상계,1,3,1,3-1칸,엘리베이터
S1_4_0272,4호선,상계,1,4,1,4-1칸,계단
S1_4_0272,4호선,상계,1,7,4,7-4칸,계단
S1_4_0272,4호선,상계,1,9,4,9-4칸,계단
S1_4_0272,4호선,상계,2,2,1,2-1칸,계단
S1_4_0272,4호선,상계,2,4,1,4-1칸,계단
S1_4_0272,4호선,상계,2,7,4,7-4칸,계단
S1_4_0272,4호선,상계,2,8,4,8-4칸,엘리베이터
S1_4_0115,4호선,노원,1,2,1,2-1칸,계단
S1_4_0115,4호선,노원,1,4,1,4-1칸,계단
S1_4_0115,4호선,노원,1,7,3,7-3칸,계단
S1_4_0115,4호선,노원,1,8,4,8-4칸,엘리베이터
S1_4_0115,4호선,노원,1,9,3,9-3칸,계단
S1_4_0115,4호선,노원,1,10,4,10-4칸,계단
S1_4_0115,4호선,노원,2,1,1,1-1칸,계단
S1_4_0115,4호선,노원,2,3,1,3-1칸,엘리베이터
S1_4_0115,4호선,노원,2,4,2,4-2칸,계단
S1_4_0115,4호선,노원,2,7,3,7-3칸,계단
S1_4_0115,4호선,노원,2,9,3,9-3칸,계단
S1_4_0541,4호선,창동,1,3,4,3-4칸,계단
S1_4_0541,4호선,창동,1,7,3,7-3칸,계단
S1_4_0541,4호선,창동,1,9,3,9-3칸,계단
S1_4_0541,4호선,창동,2,2,2,2-2칸,계단
S1_4_0541,4호선,창동,2,4,2,4-2칸,계단
S1_4_0541,4호선,창동,2,8,1,8-1칸,계단
S1_4_0380,4호선,쌍문,1,2,4,2-4칸,계단
S1_4_0380,4호선,쌍문,1,4,3,4-3칸,계단
S1_4_0380,4호선,쌍문,1,7,2,7-2칸,계단
S1_4_0380,4호선,쌍문,1,8,1,8-1칸,엘리베이터
S1_4_0380,4호선,쌍문,1,9,1,9-1칸,계단
S1_4_0380,4호선,쌍문,2,2,4,2-4칸,계단
S1_4_0380,4호선,쌍문,2,3,4,3-4칸,엘리베이터
S1_4_0380,4호선,쌍문,2,4,3,4-3칸,계단
S1_4_0380,4호선,쌍문,2,7,2,7-2칸,계단
S1_4_0380,4호선,쌍문,2,9,1,9-1칸,계단
S1_4_0340,4호선,수유,1,2,4,2-4칸,계단
S1_4_0340,4호선,수유,1,4,3,4-3칸,계단
S1_4_0340,4호선,수유,1,7,1,7-1칸,엘리베이터
S1_4_0340,4호선,수유,1,7,2,7-2칸,계단
S1_4_0340,4호선,수유,1,9,1,9-1칸,계단
S1_4_0340,4호선,수유,2,2,4,2-4칸,계단
S1_4_0340,4호선,수유,2,4,3,4-3칸,계단
S1_4_0340,4호선,수유,2,4,4,4-4칸,엘리베이터
S1_4_0340,4호선,수유,2,7,2,7-2칸,계단
S1_4_0340,4호선,수유,2,9,1,9-1칸,계단
S1_4_0211,4호선,미아,1,3,1,3-1칸,계단
S1_4_0211,4호선,미아,1,4,3,4-3칸,계단
S1_4_0211,4호선,미아,1,7,2,7-2칸,계단
S1_4_0211,4호선,미아,1,8,2,8-2칸,엘리베이터
S1_4_0211,4호선,미아,1,8,4,8-4칸,계단
S1_4_0211,4호선,미아,2,3,1,3-1칸,계단
S1_4_0211,4호선,미아,2,3,3,3-3칸,엘리베이터
S1_4_0211,4호선,미아,2,4,3,4-3칸,계단
S1_4_0211,4호선,미아,2,7,1,7-1칸,계단
S1_4_0211,4호선,미아,2,8,4,8-4칸,계단
S1_4_0212,4호선,미아사거리,1,2,2,2-2칸,계단
S1_4_0212,4호선,미아사거리,1,3,1,3-1칸,엘리베이터
S1_4_0212,4호선,미아사거리,1,4,1,4-1칸,계단
S1_4_0212,4호선,미아사거리,1,6,4,6-4칸,계단
S1_4_0212,4호선,미아사거리,1,8,3,8-3칸,계단
S1_4_0212,4호선,미아사거리,2,3,1,3-1칸,계단
S1_4_0212,4호선,미아사거리,2,4,4,4-4칸,계단
S1_4_0212,4호선,미아사거리,2,7,3,7-3칸,계단
S1_4_0212,4호선,미아사거리,2,8,3,8-3칸,엘리베이터
S1_4_0212,4호선,미아사거리,2,9,2,9-2칸,계단
S1_4_0096,4호선,길음,1,2,1,2-1칸,계단
S1_4_0096,4호선,길음,1,5,1,5-1칸,계단
S1_4_0096,4호선,길음,1,5,4,5-4칸,엘리베이터
S1_4_0096,4호선,길음,1,6,3,6-3칸,계단
S1_4_0096,4호선,길음,1,9,3,9-3칸,계단
S1_4_0096,4호선,길음,2,2,2,2-2칸,계단
S1_4_0096,4호선,길음,2,5,2,5-2칸,계단
S1_4_0096,4호선,길음,2,6,1,6-1칸,엘리베이터
S1_4_0096,4호선,길음,2,6,4,6-4칸,계단
S1_4_0096,4호선,길음,2,9,4,9-4칸,계단
S1_4_0315,4호선,성신여대입구,1,2,4,2-4칸,계단
S1_4_0315,4호선,성신여대입구,1,4,4,4-4칸,계단
S1_4_0315,4호선,성신여대입구,1,7,1,7-1칸,계단
S1_4_0315,4호선,성신여대입구,1,8,1,8-1칸,엘리베이터
S1_4_0315,4호선,성신여대입구,1,9,1,9-1칸,계단
S1_4_0315,4호선,성신여대입구,2,2,4,2-4칸,계단
S1_4_0315,4호선,성신여대입구,2,3,4,3-4칸,엘리베이터
S1_4_0315,4호선,성신여대입구,2,4,4,4-4칸,계단
S1_4_0315,4호선,성신여대입구,2,7,1,7-1칸,계단
S1_4_0315,4호선,성신여대입구,2,8,4,8-4칸,계단
S1_4_0587,4호선,한성대입구,1,2,3,2-3칸,계단
S1_4_0587,4호선,한성대입구,1,5,2,5-2칸,계단
S1_4_0587,4호선,한성대입구,1,5,4,5-4칸,엘리베이터
S1_4_0587,4호선,한성대입구,1,7,1,7-1칸,계단
S1_4_0587,4호선,한성대입구,1,9,2,9-2칸,계단
S1_4_0587,4호선,한성대입구,2,2,3,2-3칸,계단
S1_4_0587,4호선,한성대입구,2,4,4,4-4칸,계단
S1_4_0587,4호선,한성대입구,2,6,1,6-1칸,엘리베이터
S1_4_0587,4호선,한성대입구,2,6,3,6-3칸,계단
S1_4_0587,4호선,한성대입구,2,9,2,9-2칸,계단
S1_4_0594,4호선,혜화,1,2,4,2-4칸,계단
S1_4_0594,4호선,혜화,1,4,4,4-4칸,계단
S1_4_0594,4호선,혜화,1,7,1,7-1칸,계단
S1_4_0594,4호선,혜화,1,7,4,7-4칸,엘리베이터
S1_4_0594,4호선,혜화,1,9,1,9-1칸,계단
S1_4_0594,4호선,혜화,2,2,4,2-4칸,계단
S1_4_0594,4호선,혜화,2,3,4,3-4칸,엘리베이터
S1_4_0594,4호선,혜화,2,4,4,4-4칸,계단
S1_4_0594,4호선,혜화,2,7,1,7-1칸,계단
S1_4_0594,4호선,혜화,2,9,1,9-1칸,계단
S1_4_0155,4호선,동대문,1,4,1,4-1칸,에스컬레이터
S1_4_0155,4호선,동대문,1,5,3,5-3칸,계단
S1_4_0155,4호선,동대문,1,6,3,6-3칸,엘리베이터
S1_4_0155,4호선,동대문,1,8,1,8-1칸,에스컬레이터
S1_4_0155,4호선,동대문,2,3,3,3-3칸,에스컬레이터
S1_4_0155,4호선,동대문,2,5,1,5-1칸,엘리베이터
S1_4_0155,4호선,동대문,2,6,1,6-1칸,계단
S1_4_0155,4호선,동대문,2,7,3,7-3칸,에스컬레이터
S1_4_0156,4호선,동대문역사문화공원,1,1,2,1-2칸,계단
S1_4_0156,4호선,동대문역사문화공원,1,3,1,3-1칸,에스컬레이터
S1_4_0156,4호선,동대문역사문화공원,1,4,4,4-4칸,엘리베이터
S1_4_0156,4호선,동대문역사문화공원,1,6,3,6-3칸,에스컬레이터
S1_4_0156,4호선,동대문역사문화공원,1,9,2,9-2칸,에스컬레이터
S1_4_0156,4호선,동대문역사문화공원,1,10,3,10-3칸,엘리베이터
S1_4_0156,4호선,동대문역사문화공원,2,1,3,1-3칸,엘리베이터
S1_4_0156,4호선,동대문역사문화공원,2,2,3,2-3칸,에스컬레이터
S1_4_0156,4호선,동대문역사문화공원,2,5,1,5-1칸,에스컬레이터
S1_4_0156,4호선,동대문역사문화공원,2,6,4,6-4칸,엘리베이터
S1_4_0156,4호선,동대문역사문화공원,2,8,3,8-3칸,에스컬레이터
S1_4_0156,4호선,동대문역사문화공원,2,10,3,10-3칸,계단
S1_4_0563,4호선,충무로,1,1,4,1-4칸,계단
S1_4_0563,4호선,충무로,1,3,4,3-4칸,엘리베이터
S1_4_0563,4호선,충무로,1,4,2,4-2칸,에스컬레이터
S1_4_0563,4호선,충무로,1,6,3,6-3칸,에스컬레이터
S1_4_0563,4호선,충무로,1,9,1,9-1칸,계단
S1_4_0563,4호선,충무로,2,2,3,2-3칸,계단
S1_4_0563,4호선,충무로,2,5,2,5-2칸,에스컬레이터
S1_4_0563,4호선,충무로,2,7,3,7-3칸,에스컬레이터
S1_4_0563,4호선,충무로,2,8,1,8-1칸,엘리베이터
S1_4_0563,4호선,충무로,2,9,4,9-4칸,계단
S1_4_0197,4호선,명동,1,1,1,1-1칸,에스컬레이터
S1_4_0197,4호선,명동,1,1,1,1-1칸,계단
S1_4_0197,4호선,명동,1,10,4,10-4칸,에스컬레이터
S1_4_0197,4호선,명동,1,10,4,10-4칸,계단
S1_4_0197,4호선,명동,2,1,1,1-1칸,에스컬레이터
S1_4_0197,4호선,명동,2,1,1,1-1칸,계단
S1_4_0197,4호선,명동,2,10,4,10-4칸,에스컬레이터
S1_4_0197,4호선,명동,2,10,4,10-4칸,계단
S1_4_0607,4호선,회현,1,1,1,1-1칸,에스컬레이터
S1_4_0607,4호선,회현,1,1,1,1-1칸,계단
S1_4_0607,4호선,회현,1,6,4,6-4칸,에스컬레이터
S1_4_0607,4호선,회현,1,6,4,6-4칸,계단
S1_4_0607,4호선,회현,1,9,4,9-4칸,에스컬레이터
S1_4_0607,4호선,회현,1,9,4,9-4칸,계단
S1_4_0607,4호선,회현,1,10,1,10-1칸,엘리베이터
S1_4_0607,4호선,회현,2,1,4,1-4칸,엘리베이터
S1_4_0607,4호선,회현,2,1,4,1-4칸,에스컬레이터
S1_4_0607,4호선,회현,2,1,4,1-4칸,계단
S1_4_0607,4호선,회현,2,4,4,4-4칸,에스컬레이터
S1_4_0607,4호선,회현,2,4,4,4-4칸,계단
S1_4_0607,4호선,회현,2,10,4,10-4칸,에스컬레이터
S1_4_0607,4호선,회현,2,10,4,10-4칸,계단
S1_4_0296,4호선,서울역,1,1,1,1-1칸,에스컬레이터
S1_4_0296,4호선,서울역,1,1,4,1-4칸,계단
S1_4_0296,4호선,서울역,1,3,4,3-4칸,계단
S1_4_0296,4호선,서울역,1,7,4,7-4칸,계단
S1_4_0296,4호선,서울역,1,9,2,9-2칸,엘리베이터
S1_4_0296,4호선,서울역,1,9,4,9-4칸,계단
S1_4_0296,4호선,서울역,2,2,1,2-1칸,계단
S1_4_0296,4호선,서울역,2,2,3,2-3칸,엘리베이터
S1_4_0296,4호선,서울역,2,4,1,4-1칸,계단
S1_4_0296,4호선,서울역,2,7,4,7-4칸,계단
S1_4_0296,4호선,서울역,2,10,1,10-1칸,계단
S1_4_0296,4호선,서울역,2,10,4,10-4칸,에스컬레이터
S1_4_0343,4호선,숙대입구,1,2,4,2-4칸,계단
S1_4_0343,4호선,숙대입구,1,4,3,4-3칸,계단
S1_4_0343,4호선,숙대입구,1,7,1,7-1칸,계단
S1_4_0343,4호선,숙대입구,1,8,2,8-2칸,엘리베이터
S1_4_0343,4호선,숙대입구,1,8,4,8-4칸,계단
S1_4_0343,4호선,숙대입구,2,2,4,2-4칸,계단
S1_4_0343,4호선,숙대입구,2,3,3,3-3칸,엘리베이터
S1_4_0343,4호선,숙대입구,2,4,3,4-3칸,계단
S1_4_0343,4호선,숙대입구,2,7,1,7-1칸,계단
S1_4_0343,4호선,숙대입구,2,8,4,8-4칸,계단
S1_4_0263,4호선,삼각지,1,2,1,2-1칸,계단
S1_4_0263,4호선,삼각지,1,4,2,4-2칸,계단
S1_4_0263,4호선,삼각지,1,4,3,4-3칸,엘리베이터
S1_4_0263,4호선,삼각지,1,7,2,7-2칸,계단
S1_4_0263,4호선,삼각지,1,9,2,9-2칸,계단
S1_4_0263,4호선,삼각지,2,2,3,2-3칸,계단
S1_4_0263,4호선,삼각지,2,4,3,4-3칸,계단
S1_4_0263,4호선,삼각지,2,7,2,7-2칸,엘리베이터
S1_4_0263,4호선,삼각지,2,7,3,7-3칸,계단
S1_4_0263,4호선,삼각지,2,9,3,9-3칸,계단
S1_4_0369,4호선,신용산,1,2,4,2-4칸,계단
S1_4_0369,4호선,신용산,1,4,3,4-3칸,계단
S1_4_0369,4호선,신용산,1,7,2,7-2칸,계단
S1_4_0369,4호선,신용산,1,8,2,8-2칸,엘리베이터
S1_4_0369,4호선,신용산,1,9,1,9-1칸,계단
S1_4_0369,4호선,신용산,2,2,3,2-3칸,계단
S1_4_0369,4호선,신용산,2,3,2,3-2칸,엘리베이터
S1_4_0369,4호선,신용산,2,4,2,4-2칸,계단
S1_4_0369,4호선,신용산,2,7,1,7-1칸,계단
S1_4_0369,4호선,신용산,2,9,1,9-1칸,계단
S1_4_0477,4호선,이촌,1,2,3,2-3칸,계단
S1_4_0477,4호선,이촌,1,4,3,4-3칸,계단
S1_4_0477,4호선,이촌,1,7,1,7-1칸,계단
S1_4_0477,4호선,이촌,1,8,2,8-2칸,엘리베이터
S1_4_0477,4호선,이촌,1,9,1,9-1칸,계단
S1_4_0477,4호선,이촌,2,2,4,2-4칸,계단
S1_4_0477,4호선,이촌,2,3,3,3-3칸,엘리베이터
S1_4_0477,4호선,이촌,2,4,4,4-4칸,계단
S1_4_0477,4호선,이촌,2,7,2,7-2칸,계단
S1_4_0477,4호선,이촌,2,9,2,9-2칸,계단
S1_4_0167,4호선,동작,1,5,2,5-2칸,계단
S1_4_0167,4호선,동작,1,6,3,6-3칸,계단
S1_4_0167,4호선,동작,1,7,4,7-4칸,엘리베이터
S1_4_0167,4호선,동작,1,9,1,9-1칸,계단
S1_4_0167,4호선,동작,2,2,4,2-4칸,계단
S1_4_0167,4호선,동작,2,4,4,4-4칸,엘리베이터
S1_4_0167,4호선,동작,2,5,4,5-4칸,계단
S1_4_0167,4호선,동작,2,6,3,6-3칸,계단
S1_4_0167,4호선,동작,2,9,1,9-1칸,계단
S1_4_0560,4호선,총신대입구,1,2,2,2-2칸,계단
S1_4_0560,4호선,총신대입구,1,4,1,4-1칸,계단
S1_4_0560,4호선,총신대입구,1,7,3,7-3칸,엘리베이터
S1_4_0560,4호선,총신대입구,1,7,3,7-3칸,계단
S1_4_0560,4호선,총신대입구,1,9,2,9-2칸,계단
S1_4_0560,4호선,총신대입구,2,2,3,2-3칸,계단
S1_4_0560,4호선,총신대입구,2,4,2,4-2칸,계단
S1_4_0560,4호선,총신대입구,2,7,4,7-4칸,계단
S1_4_0560,4호선,총신대입구,2,8,4,8-4칸,엘리베이터
S1_4_0257,4호선,사당,1,4,2,4-2칸,계단
S1_4_0257,4호선,사당,1,6,3,6-3칸,계단
S1_4_0257,4호선,사당,1,10,4,10-4칸,에스컬레이터
S1_4_0257,4호선,사당,1,10,4,10-4칸,계단
S1_4_0257,4호선,사당,2,1,1,1-1칸,에스컬레이터
S1_4_0257,4호선,사당,2,1,1,1-1칸,계단
S1_4_0257,4호선,사당,2,2,3,2-3칸,엘리베이터
S1_4_0257,4호선,사당,2,5,2,5-2칸,계단
S1_4_0257,4호선,사당,2,7,3,7-3칸,계단
S1_4_0110,4호선,남태령,1,3,2,3-2칸,엘리베이터
S1_4_0110,4호선,남태령,1,8,3,8-3칸,에스컬레이터
S1_4_0110,4호선,남태령,1,8,3,8-3칸,계단
S1_4_0110,4호선,남태령,2,3,2,3-2칸,에스컬레이터
S1_4_0110,4호선,남태령,2,3,2,3-2칸,계단
S1_4_0110,4호선,남태령,2,8,3,8-3칸,엘리베이터
KR_4_0307,4호선,선바위,1,3,1,3-1칸,엘리베이터
KR_4_0307,4호선,선바위,1,3,1,3-1칸,계단
KR_4_0307,4호선,선바위,2,8,3,8-3칸,엘리베이터
KR_4_0307,4호선,선바위,2,8,3,8-3칸,계단
KR_4_0039,4호선,경마공원,1,3,4,3-4칸,엘리베이터
KR_4_0039,4호선,경마공원,1,3,4,3-4칸,계단
KR_4_0039,4호선,경마공원,2,8,1,8-1칸,엘리베이터
KR_4_0039,4호선,경마공원,2,8,1,8-1칸,계단
KR_4_0129,4호선,대공원,1,2,4,2-4칸,계단
KR_4_0129,4호선,대공원,1,3,4,3-4칸,엘리베이터
KR_4_0129,4호선,대공원,1,4,4,4-4칸,계단
KR_4_0129,4호선,대공원,1,7,3,7-3칸,에스컬레이터
KR_4_0129,4호선,대공원,1,7,3,7-3칸,계단
KR_4_0129,4호선,대공원,1,9,3,9-3칸,계단
KR_4_0129,4호선,대공원,2,2,2,2-2칸,계단
KR_4_0129,4호선,대공원,2,4,2,4-2칸,에스컬레이터
KR_4_0129,4호선,대공원,2,4,2,4-2칸,계단
KR_4_0129,4호선,대공원,2,7,1,7-1칸,계단
KR_4_0129,4호선,대공원,2,8,1,8-1칸,엘리베이터
KR_4_0129,4호선,대공원,2,9,1,9-1칸,계단
KR_4_0058,4호선,과천,1,4,3,4-3칸,엘리베이터
KR_4_0058,4호선,과천,1,4,3,4-3칸,에스컬레이터
KR_4_0058,4호선,과천,1,4,3,4-3칸,계단
KR_4_0058,4호선,과천,2,7,2,7-2칸,엘리베이터
KR_4_0058,4호선,과천,2,7,2,7-2칸,에스컬레이터
KR_4_0058,4호선,과천,2,7,2,7-2칸,계단
KR_4_0509,4호선,정부과천청사,1,2,3,2-3칸,계단
KR_4_0509,4호선,정부과천청사,1,4,2,4-2칸,계단
KR_4_0509,4호선,정부과천청사,1,6,4,6-4칸,계단
KR_4_0509,4호선,정부과천청사,1,7,3,7-3칸,엘리베이터
KR_4_0509,4호선,정부과천청사,1,8,3,8-3칸,계단
KR_4_0509,4호선,정부과천청사,2,3,2,3-2칸,계단
KR_4_0509,4호선,정부과천청사,2,4,1,4-1칸,엘리베이터
KR_4_0509,4호선,정부과천청사,2,5,1,5-1칸,계단
KR_4_0509,4호선,정부과천청사,2,7,3,7-3칸,계단
KR_4_0509,4호선,정부과천청사,2,9,2,9-2칸,계단
KR_4_0480,4호선,인덕원,1,2,4,2-4칸,계단
KR_4_0480,4호선,인덕원,1,3,4,3-4칸,엘리베이터
KR_4_0480,4호선,인덕원,1,4,3,4-3칸,계단
KR_4_0480,4호선,인덕원,1,7,3,7-3칸,에스컬레이터
KR_4_0480,4호선,인덕원,2,2,4,2-4칸,계단
KR_4_0480,4호선,인덕원,2,4,3,4-3칸,에스컬레이터
KR_4_0480,4호선,인덕원,2,4,3,4-3칸,계단
KR_4_0480,4호선,인덕원,2,7,2,7-2칸,계단
KR_4_0480,4호선,인덕원,2,8,2,8-2칸,엘리베이터
KR_4_0480,4호선,인덕원,2,9,2,9-2칸,계단
KR_4_0578,4호선,평촌,1,4,4,4-4칸,엘리베이터
KR_4_0578,4호선,평촌,1,4,4,4-4칸,에스컬레이터
KR_4_0578,4호선,평촌,1,4,4,4-4칸,계단
KR_4_0578,4호선,평촌,2,7,1,7-1칸,엘리베이터
KR_4_0578,4호선,평촌,2,7,1,7-1칸,에스컬레이터
KR_4_0578,4호선,평촌,2,7,1,7-1칸,계단
KR_4_0228,4호선,범계,1,4,2,4-2칸,엘리베이터
KR_4_0228,4호선,범계,1,4,4,4-4칸,에스컬레이터
KR_4_0228,4호선,범계,1,7,4,7-4칸,계단
KR_4_0228,4호선,범계,2,4,2,4-2칸,엘리베이터
KR_4_0228,4호선,범계,2,4,4,4-4칸,에스컬레이터
KR_4_0228,4호선,범계,2,7,4,7-4칸,계단
KR_4_0090,4호선,금정,1,2,3,2-3칸,계단
KR_4_0090,4호선,금정,1,3,2,3-2칸,엘리베이터
KR_4_0090,4호선,금정,1,4,4,4-4칸,계단
KR_4_0090,4호선,금정,1,7,3,7-3칸,계단
KR_4_0090,4호선,금정,1,9,4,9-4칸,계단
KR_4_0090,4호선,금정,1,10,1,10-1칸,엘리베이터
KR_4_0090,4호선,금정,2,1,4,1-4칸,엘리베이터
KR_4_0090,4호선,금정,2,2,1,2-1칸,계단
KR_4_0090,4호선,금정,2,4,2,4-2칸,계단
KR_4_0090,4호선,금정,2,7,1,7-1칸,계단
KR_4_0090,4호선,금정,2,8,3,8-3칸,엘리베이터
KR_4_0090,4호선,금정,2,9,2,9-2칸,계단
KR_4_0260,4호선,산본,1,2,1,2-1칸,계단
KR_4_0260,4호선,산본,1,5,2,5-2칸,계단
KR_4_0260,4호선,산본,1,6,3,6-3칸,엘리베이터
KR_4_0260,4호선,산본,1,7,4,7-4칸,에스컬레이터
KR_4_0260,4호선,산본,1,9,4,9-4칸,계단
KR_4_0260,4호선,산본,2,2,1,2-1칸,계단
KR_4_0260,4호선,산본,2,5,2,5-2칸,계단
KR_4_0260,4호선,산본,2,6,3,6-3칸,엘리베이터
KR_4_0260,4호선,산본,2,7,4,7-4칸,에스컬레이터
KR_4_0260,4호선,산본,2,9,4,9-4칸,계단
KR_4_0335,4호선,수리산,1,3,3,3-3칸,계단
KR_4_0335,4호선,수리산,1,4,4,4-4칸,엘리베이터
KR_4_0335,4호선,수리산,1,6,2,6-2칸,에스컬레이터
KR_4_0335,4호선,수리산,1,6,2,6-2칸,계단
KR_4_0335,4호선,수리산,2,5,4,5-4칸,에스컬레이터
KR_4_0335,4호선,수리산,2,5,4,5-4칸,계단
KR_4_0335,4호선,수리산,2,7,1,7-1칸,엘리베이터
KR_4_0335,4호선,수리산,2,8,2,8-2칸,계단
KR_4_0134,4호선,대야미,1,4,1,4-1칸,에스컬레이터
KR_4_0134,4호선,대야미,1,6,2,6-2칸,엘리베이터
KR_4_0134,4호선,대야미,1,6,3,6-3칸,계단
KR_4_0134,4호선,대야미,2,5,2,5-2칸,엘리베이터
KR_4_0134,4호선,대야미,2,5,3,5-3칸,계단
KR_4_0134,4호선,대야미,2,7,4,7-4칸,에스컬레이터
KR_4_0214,4호선,반월,1,3,3,3-3칸,계단
KR_4_0214,4호선,반월,1,4,2,4-2칸,엘리베이터
KR_4_0214,4호선,반월,1,5,3,5-3칸,에스컬레이터
KR_4_0214,4호선,반월,2,6,2,6-2칸,에스컬레이터
KR_4_0214,4호선,반월,2,7,2,7-2칸,엘리베이터
KR_4_0214,4호선,반월,2,8,3,8-3칸,계단
KR_4_0275,4호선,상록수,1,4,2,4-2칸,엘리베이터
KR_4_0275,4호선,상록수,1,5,4,5-4칸,에스컬레이터
KR_4_0275,4호선,상록수,1,7,1,7-1칸,계단
KR_4_0275,4호선,상록수,2,4,2,4-2칸,엘리베이터
KR_4_0275,4호선,상록수,2,5,4,5-4칸,에스컬레이터
KR_4_0275,4호선,상록수,2,7,1,7-1칸,계단
KR_4_0586,4호선,한대앞,1,4,1,4-1칸,계단
KR_4_0586,4호선,한대앞,1,6,2,6-2칸,엘리베이터
KR_4_0586,4호선,한대앞,1,6,4,6-4칸,에스컬레이터
KR_4_0586,4호선,한대앞,2,5,1,5-1칸,에스컬레이터
KR_4_0586,4호선,한대앞,2,5,3,5-3칸,엘리베이터
KR_4_0586,4호선,한대앞,2,7,4,7-4칸,계단
KR_4_0529,4호선,중앙,1,4,3,4-3칸,엘리베이터
KR_4_0529,4호선,중앙,1,4,4,4-4칸,계단
KR_4_0529,4호선,중앙,1,7,1,7-1칸,계단
KR_4_0529,4호선,중앙,2,4,4,4-4칸,계단
KR_4_0529,4호선,중앙,2,7,1,7-1칸,계단
KR_4_0529,4호선,중앙,2,7,2,7-2칸,엘리베이터
KR_4_0049,4호선,고잔,1,4,2,4-2칸,계단
KR_4_0049,4호선,고잔,1,5,3,5-3칸,에스컬레이터
KR_4_0049,4호선,고잔,1,6,4,6-4칸,엘리베이터
KR_4_0049,4호선,고잔,2,5,1,5-1칸,엘리베이터
KR_4_0049,4호선,고잔,2,6,2,6-2칸,에스컬레이터
KR_4_0049,4호선,고잔,2,7,3,7-3칸,계단
KR_4_0559,4호선,초지,1,4,2,4-2칸,엘리베이터
KR_4_0559,4호선,초지,1,5,3,5-3칸,계단
KR_4_0559,4호선,초지,1,6,4,6-4칸,계단
KR_4_0559,4호선,초지,2,5,1,5-1칸,엘리베이터
KR_4_0559,4호선,초지,2,6,2,6-2칸,계단
KR_4_0559,4호선,초지,2,7,3,7-3칸,계단
KR_4_0388,4호선,안산,1,4,4,4-4칸,에스컬레이터
KR_4_0388,4호선,안산,1,7,2,7-2칸,엘리베이터
KR_4_0388,4호선,안산,1,7,2,7-2칸,계단
KR_4_0388,4호선,안산,2,4,4,4-4칸,에스컬레이터
KR_4_0388,4호선,안산,2,7,2,7-2칸,엘리베이터
KR_4_0388,4호선,안산,2,7,2,7-2칸,계단
KR_4_0352,4호선,능길,1,4,1,4-1칸,계단
KR_4_0352,4호선,능길,1,7,1,7-1칸,엘리베이터
KR_4_0352,4호선,능길,1,8,1,8-1칸,계단
KR_4_0352,4호선,능길,2,3,3,3-3칸,엘리베이터
KR_4_0352,4호선,능길,2,4,4,4-4칸,계단
KR_4_0352,4호선,능길,2,7,4,7-4칸,계단
KR_4_0510,4호선,정왕,1,3,4,3-4칸,계단
KR_4_0510,4호선,정왕,1,5,2,5-2칸,엘리베이터
KR_4_0510,4호선,정왕,1,6,4,6-4칸,계단
KR_4_0510,4호선,정왕,2,5,1,5-1칸,계단
KR_4_0510,4호선,정왕,2,6,3,6-3칸,엘리베이터
KR_4_0510,4호선,정왕,2,8,1,8-1칸,계단
KR_4_0433,4호선,오이도,1,6,1,6-1칸,계단
KR_4_0433,4호선,오이도,1,7,2,7-2칸,엘리베이터
KR_4_0433,4호선,오이도,1,8,1,8-1칸,계단
KR_4_0433,4호선,오이도,2,6,1,6-1칸,계단
KR_4_0433,4호선,오이도,2,7,2,7-2칸,엘리베이터
KR_4_0433,4호선,오이도,2,9,1,9-1칸,계단
S1_5_0221,5호선,방화,1,4,1,4-1칸,엘리베이터
S1_5_0221,5호선,방화,2,5,4,5-4칸,엘리베이터
S1_5_0029,5호선,개화산,1,4,4,4-4칸,계단
S1_5_0029,5호선,개화산,1,6,3,6-3칸,계단
S1_5_0029,5호선,개화산,1,7,2,7-2칸,엘리베이터
S1_5_0029,5호선,개화산,2,2,3,2-3칸,엘리베이터
S1_5_0029,5호선,개화산,2,3,1,3-1칸,계단
S1_5_0029,5호선,개화산,2,4,4,4-4칸,계단
S1_5_0099,5호선,김포공항,1,6,1,6-1칸,에스컬레이터
S1_5_0099,5호선,김포공항,1,6,1,6-1칸,계단
S1_5_0099,5호선,김포공항,1,6,3,6-3칸,엘리베이터
S1_5_0099,5호선,김포공항,2,3,2,3-2칸,엘리베이터
S1_5_0099,5호선,김포공항,2,3,4,3-4칸,에스컬레이터
S1_5_0099,5호선,김포공항,2,3,4,3-4칸,계단
S1_5_0330,5호선,송정,1,3,4,3-4칸,계단
S1_5_0330,5호선,송정,1,4,1,4-1칸,계단
S1_5_0330,5호선,송정,1,4,4,4-4칸,엘리베이터
S1_5_0330,5호선,송정,1,5,1,5-1칸,엘리베이터
S1_5_0330,5호선,송정,1,5,4,5-4칸,계단
S1_5_0330,5호선,송정,1,6,1,6-1칸,계단
S1_5_0330,5호선,송정,2,3,4,3-4칸,엘리베이터
S1_5_0330,5호선,송정,2,4,1,4-1칸,엘리베이터
S1_5_0330,5호선,송정,2,4,4,4-4칸,엘리베이터
S1_5_0330,5호선,송정,2,5,1,5-1칸,엘리베이터
S1_5_0330,5호선,송정,2,5,4,5-4칸,엘리베이터
S1_5_0330,5호선,송정,2,6,1,6-1칸,엘리베이터
S1_5_0177,5호선,마곡,1,4,4,4-4칸,엘리베이터
S1_5_0177,5호선,마곡,2,5,1,5-1칸,엘리베이터
S1_5_0217,5호선,발산,1,5,2,5-2칸,엘리베이터
S1_5_0217,5호선,발산,2,4,3,4-3칸,엘리베이터
S1_5_0449,5호선,우장산,1,4,2,4-2칸,엘리베이터
S1_5_0449,5호선,우장산,1,5,2,5-2칸,계단
S1_5_0449,5호선,우장산,2,4,3,4-3칸,계단
S1_5_0449,5호선,우장산,2,5,3,5-3칸,엘리베이터
S1_5_0599,5호선,화곡,1,1,1,1-1칸,계단
S1_5_0599,5호선,화곡,1,4,2,4-2칸,계단
S1_5_0599,5호선,화곡,1,5,2,5-2칸,엘리베이터
S1_5_0599,5호선,화곡,1,6,3,6-3칸,계단
S1_5_0599,5호선,화곡,2,3,2,3-2칸,계단
S1_5_0599,5호선,화곡,2,4,3,4-3칸,엘리베이터
S1_5_0599,5호선,화곡,2,5,3,5-3칸,계단
S1_5_0599,5호선,화곡,2,8,4,8-4칸,계단
S1_5_0100,5호선,까치산,1,1,1,1-1칸,계단
S1_5_0100,5호선,까치산,1,2,3,2-3칸,에스컬레이터
S1_5_0100,5호선,까치산,1,7,3,7-3칸,에스컬레이터
S1_5_0100,5호선,까치산,2,2,2,2-2칸,에스컬레이터
S1_5_0100,5호선,까치산,2,7,2,7-2칸,에스컬레이터
S1_5_0100,5호선,까치산,2,8,4,8-4칸,계단
S1_5_0372,5호선,신정,1,1,1,1-1칸,에스컬레이터
S1_5_0372,5호선,신정,1,7,4,7-4칸,엘리베이터
S1_5_0372,5호선,신정,1,8,4,8-4칸,계단
S1_5_0372,5호선,신정,2,1,1,1-1칸,계단
S1_5_0372,5호선,신정,2,1,4,1-4칸,엘리베이터
S1_5_0372,5호선,신정,2,8,4,8-4칸,에스컬레이터
S1_5_0203,5호선,목동,1,4,1,4-1칸,계단
S1_5_0203,5호선,목동,1,5,1,5-1칸,엘리베이터
S1_5_0203,5호선,목동,1,5,4,5-4칸,계단
S1_5_0203,5호선,목동,2,3,4,3-4칸,계단
S1_5_0203,5호선,목동,2,4,4,4-4칸,엘리베이터
S1_5_0203,5호선,목동,2,5,4,5-4칸,계단
S1_5_0429,5호선,오목교,1,4,1,4-1칸,계단
S1_5_0429,5호선,오목교,1,6,3,6-3칸,에스컬레이터
S1_5_0429,5호선,오목교,1,7,1,7-1칸,엘리베이터
S1_5_0429,5호선,오목교,2,2,3,2-3칸,엘리베이터
S1_5_0429,5호선,오목교,2,3,1,3-1칸,에스컬레이터
S1_5_0429,5호선,오목교,2,5,4,5-4칸,계단
S1_5_0316,5호선,양평,1,2,3,2-3칸,계단
S1_5_0316,5호선,양평,1,3,2,3-2칸,엘리베이터
S1_5_0316,5호선,양평,1,4,3,4-3칸,계단
S1_5_0316,5호선,양평,2,5,2,5-2칸,계단
S1_5_0316,5호선,양평,2,6,2,6-2칸,엘리베이터
S1_5_0316,5호선,양평,2,7,2,7-2칸,계단
S1_5_0421,5호선,영등포구청,1,2,4,2-4칸,계단
S1_5_0421,5호선,영등포구청,1,4,4,4-4칸,계단
S1_5_0421,5호선,영등포구청,1,6,4,6-4칸,엘리베이터
S1_5_0421,5호선,영등포구청,1,7,2,7-2칸,에스컬레이터
S1_5_0421,5호선,영등포구청,1,7,2,7-2칸,계단
S1_5_0421,5호선,영등포구청,1,8,4,8-4칸,엘리베이터
S1_5_0421,5호선,영등포구청,2,2,3,2-3칸,에스컬레이터
S1_5_0421,5호선,영등포구청,2,2,3,2-3칸,계단
S1_5_0421,5호선,영등포구청,2,5,1,5-1칸,계단
S1_5_0421,5호선,영등포구청,2,5,4,5-4칸,엘리베이터
S1_5_0421,5호선,영등포구청,2,7,1,7-1칸,계단
S1_5_0422,5호선,영등포시장,1,4,3,4-3칸,엘리베이터
S1_5_0422,5호선,영등포시장,1,4,4,4-4칸,계단
S1_5_0422,5호선,영등포시장,1,5,1,5-1칸,계단
S1_5_0422,5호선,영등포시장,2,4,3,4-3칸,계단
S1_5_0422,5호선,영등포시장,2,5,2,5-2칸,엘리베이터
S1_5_0422,5호선,영등포시장,2,5,4,5-4칸,계단
S1_5_0351,5호선,신길,1,4,3,4-3칸,계단
S1_5_0351,5호선,신길,1,5,3,5-3칸,엘리베이터
S1_5_0351,5호선,신길,1,6,3,6-3칸,계단
S1_5_0351,5호선,신길,1,7,3,7-3칸,에스컬레이터
S1_5_0351,5호선,신길,1,7,3,7-3칸,계단
S1_5_0351,5호선,신길,2,1,1,1-1칸,엘리베이터
S1_5_0351,5호선,신길,2,2,2,2-2칸,에스컬레이터
S1_5_0351,5호선,신길,2,2,2,2-2칸,계단
S1_5_0351,5호선,신길,2,3,2,3-2칸,계단
S1_5_0351,5호선,신길,2,4,2,4-2칸,엘리베이터
S1_5_0351,5호선,신길,2,5,2,5-2칸,계단
S1_5_0412,5호선,여의도,1,2,1,2-1칸,계단
S1_5_0412,5호선,여의도,1,3,4,3-4칸,계단
S1_5_0412,5호선,여의도,1,6,1,6-1칸,계단
S1_5_0412,5호선,여의도,1,6,4,6-4칸,엘리베이터
S1_5_0412,5호선,여의도,1,7,4,7-4칸,계단
S1_5_0412,5호선,여의도,2,2,1,2-1칸,계단
S1_5_0412,5호선,여의도,2,3,4,3-4칸,계단
S1_5_0412,5호선,여의도,2,6,1,6-1칸,계단
S1_5_0412,5호선,여의도,2,6,4,6-4칸,엘리베이터
S1_5_0412,5호선,여의도,2,7,4,7-4칸,계단
S1_5_0411,5호선,여의나루,1,6,2,6-2칸,엘리베이터
S1_5_0411,5호선,여의나루,1,7,3,7-3칸,계단
S1_5_0411,5호선,여의나루,2,2,1,2-1칸,계단
S1_5_0411,5호선,여의나루,2,3,3,3-3칸,엘리베이터
S1_5_0185,5호선,마포,1,3,4,3-4칸,계단
S1_5_0185,5호선,마포,1,5,1,5-1칸,엘리베이터
S1_5_0185,5호선,마포,1,5,4,5-4칸,계단
S1_5_0185,5호선,마포,2,3,4,3-4칸,계단
S1_5_0185,5호선,마포,2,4,4,4-4칸,엘리베이터
S1_5_0185,5호선,마포,2,5,4,5-4칸,계단
S1_5_0054,5호선,공덕,1,1,1,1-1칸,엘리베이터
S1_5_0054,5호선,공덕,2,8,4,8-4칸,엘리베이터
S1_5_0394,5호선,애오개,1,3,4,3-4칸,계단
S1_5_0394,5호선,애오개,1,4,4,4-4칸,엘리베이터
S1_5_0394,5호선,애오개,1,5,4,5-4칸,계단
S1_5_0394,5호선,애오개,2,3,4,3-4칸,계단
S1_5_0394,5호선,애오개,2,5,1,5-1칸,엘리베이터
S1_5_0394,5호선,애오개,2,5,4,5-4칸,계단
S1_5_0564,5호선,충정로,1,3,4,3-4칸,엘리베이터
S1_5_0564,5호선,충정로,1,4,1,4-1칸,계단
S1_5_0564,5호선,충정로,2,5,3,5-3칸,계단
S1_5_0564,5호선,충정로,2,6,1,6-1칸,엘리베이터
S1_5_0289,5호선,서대문,1,3,1,3-1칸,엘리베이터
S1_5_0289,5호선,서대문,1,3,2,3-2칸,에스컬레이터
S1_5_0289,5호선,서대문,1,3,2,3-2칸,계단
S1_5_0289,5호선,서대문,1,6,2,6-2칸,에스컬레이터
S1_5_0289,5호선,서대문,1,6,2,6-2칸,계단
S1_5_0289,5호선,서대문,2,3,2,3-2칸,에스컬레이터
S1_5_0289,5호선,서대문,2,3,2,3-2칸,계단
S1_5_0289,5호선,서대문,2,6,2,6-2칸,에스컬레이터
S1_5_0289,5호선,서대문,2,6,2,6-2칸,계단
S1_5_0289,5호선,서대문,2,6,3,6-3칸,엘리베이터
S1_5_0066,5호선,광화문,1,1,1,1-1칸,에스컬레이터
S1_5_0066,5호선,광화문,1,8,4,8-4칸,계단
S1_5_0066,5호선,광화문,2,1,1,1-1칸,계단
S1_5_0066,5호선,광화문,2,8,4,8-4칸,에스컬레이터
S1_5_0515,5호선,종로3가,1,1,2,1-2칸,에스컬레이터
S1_5_0515,5호선,종로3가,1,8,1,8-1칸,계단
S1_5_0515,5호선,종로3가,2,1,1,1-1칸,계단
S1_5_0515,5호선,종로3가,2,8,3,8-3칸,에스컬레이터
S1_5_0465,5호선,을지로4가,1,4,4,4-4칸,에스컬레이터
S1_5_0465,5호선,을지로4가,1,4,4,4-4칸,계단
S1_5_0465,5호선,을지로4가,2,5,1,5-1칸,에스컬레이터
S1_5_0465,5호선,을지로4가,2,5,1,5-1칸,계단
S1_5_0156,5호선,동대문역사문화공원,1,1,1,1-1칸,계단
S1_5_0156,5호선,동대문역사문화공원,1,8,4,8-4칸,엘리베이터
S1_5_0156,5호선,동대문역사문화공원,2,1,1,1-1칸,엘리베이터
S1_5_0156,5호선,동대문역사문화공원,2,8,4,8-4칸,계단
S1_5_0549,5호선,청구,1,2,3,2-3칸,계단
S1_5_0549,5호선,청구,1,4,3,4-3칸,엘리베이터
S1_5_0549,5호선,청구,1,5,3,5-3칸,계단
S1_5_0549,5호선,청구,2,4,1,4-1칸,계단
S1_5_0549,5호선,청구,2,5,4,5-4칸,엘리베이터
S1_5_0549,5호선,청구,2,6,1,6-1칸,계단
S1_5_0350,5호선,신금호,1,1,2,1-2칸,엘리베이터
S1_5_0350,5호선,신금호,1,5,3,5-3칸,에스컬레이터
S1_5_0350,5호선,신금호,1,5,3,5-3칸,계단
S1_5_0350,5호선,신금호,2,3,4,3-4칸,에스컬레이터
S1_5_0350,5호선,신금호,2,3,4,3-4칸,계단
S1_5_0350,5호선,신금호,2,8,3,8-3칸,엘리베이터
S1_5_0592,5호선,행당,1,3,4,3-4칸,에스컬레이터
S1_5_0592,5호선,행당,1,4,4,4-4칸,엘리베이터
S1_5_0592,5호선,행당,1,5,4,5-4칸,에스컬레이터
S1_5_0592,5호선,행당,2,4,1,4-1칸,에스컬레이터
S1_5_0592,5호선,행당,2,5,1,5-1칸,엘리베이터
S1_5_0592,5호선,행당,2,6,1,6-1칸,에스컬레이터
S1_5_0441,5호선,왕십리,1,3,3,3-3칸,엘리베이터
S1_5_0441,5호선,왕십리,2,6,2,6-2칸,엘리베이터
S1_5_0182,5호선,마장,1,3,3,3-3칸,계단
S1_5_0182,5호선,마장,1,4,3,4-3칸,엘리베이터
S1_5_0182,5호선,마장,1,6,1,6-1칸,계단
S1_5_0182,5호선,마장,2,3,4,3-4칸,계단
S1_5_0182,5호선,마장,2,5,2,5-2칸,엘리베이터
S1_5_0182,5호선,마장,2,6,2,6-2칸,계단
S1_5_0124,5호선,답십리,1,4,1,4-1칸,계단
S1_5_0124,5호선,답십리,1,4,4,4-4칸,엘리베이터
S1_5_0124,5호선,답십리,1,5,4,5-4칸,계단
S1_5_0124,5호선,답십리,2,4,1,4-1칸,계단
S1_5_0124,5호선,답십리,2,5,1,5-1칸,엘리베이터
S1_5_0124,5호선,답십리,2,5,4,5-4칸,계단
S1_5_0505,5호선,장한평,1,3,4,3-4칸,계단
S1_5_0505,5호선,장한평,1,4,4,4-4칸,엘리베이터
S1_5_0505,5호선,장한평,1,5,3,5-3칸,계단
S1_5_0505,5호선,장한평,2,4,1,4-1칸,계단
S1_5_0505,5호선,장한평,2,5,1,5-1칸,엘리베이터
S1_5_0505,5호선,장한평,2,6,1,6-1칸,계단
S1_5_0082,5호선,군자,1,5,4,5-4칸,엘리베이터
S1_5_0082,5호선,군자,2,4,2,4-2칸,엘리베이터
S1_5_0385,5호선,아차산,1,3,4,3-4칸,계단
S1_5_0385,5호선,아차산,1,5,4,5-4칸,계단
S1_5_0385,5호선,아차산,1,6,1,6-1칸,엘리베이터
S1_5_0385,5호선,아차산,2,3,3,3-3칸,엘리베이터
S1_5_0385,5호선,아차산,2,4,1,4-1칸,계단
S1_5_0385,5호선,아차산,2,6,1,6-1칸,계단
S1_5_0062,5호선,광나루,1,4,1,4-1칸,계단
S1_5_0062,5호선,광나루,1,5,1,5-1칸,엘리베이터
S1_5_0062,5호선,광나루,1,6,1,6-1칸,계단
S1_5_0062,5호선,광나루,2,3,3,3-3칸,계단
S1_5_0062,5호선,광나루,2,4,4,4-4칸,엘리베이터
S1_5_0062,5호선,광나루,2,5,3,5-3칸,계단
S1_5_0546,5호선,천호,1,1,4,1-4칸,계단
S1_5_0546,5호선,천호,1,5,4,5-4칸,엘리베이터
S1_5_0546,5호선,천호,2,2,4,2-4칸,계단
S1_5_0546,5호선,천호,2,4,1,4-1칸,엘리베이터
S1_5_0020,5호선,강동,1,1,1,1-1칸,계단
S1_5_0020,5호선,강동,1,8,4,8-4칸,에스컬레이터
S1_5_0020,5호선,강동,1,8,4,8-4칸,계단
S1_5_0020,5호선,강동,2,1,1,1-1칸,에스컬레이터
S1_5_0020,5호선,강동,2,1,1,1-1칸,계단
S1_5_0020,5호선,강동,2,8,4,8-4칸,엘리베이터
S1_5_0020,5호선,강동,2,8,4,8-4칸,계단
S1_5_0095,5호선,길동,1,3,3,3-3칸,계단
S1_5_0095,5호선,길동,1,5,1,5-1칸,엘리베이터
S1_5_0095,5호선,길동,2,4,4,4-4칸,엘리베이터
S1_5_0095,5호선,길동,2,5,4,5-4칸,계단
S1_5_0086,5호선,굽은다리,1,4,1,4-1칸,계단
S1_5_0086,5호선,굽은다리,1,5,4,5-4칸,계단
S1_5_0086,5호선,굽은다리,1,6,2,6-2칸,엘리베이터
S1_5_0086,5호선,굽은다리,2,3,2,3-2칸,엘리베이터
S1_5_0086,5호선,굽은다리,2,4,1,4-1칸,계단
S1_5_0086,5호선,굽은다리,2,5,4,5-4칸,계단
S1_5_0198,5호선,명일,1,4,1,4-1칸,계단
S1_5_0198,5호선,명일,1,5,2,5-2칸,엘리베이터
S1_5_0198,5호선,명일,1,6,2,6-2칸,계단
S1_5_0198,5호선,명일,2,3,3,3-3칸,계단
S1_5_0198,5호선,명일,2,4,3,4-3칸,엘리베이터
S1_5_0198,5호선,명일,2,5,4,5-4칸,계단
S1_5_0046,5호선,고덕,1,4,1,4-1칸,엘리베이터
S1_5_0046,5호선,고덕,1,4,3,4-3칸,계단
S1_5_0046,5호선,고덕,1,6,1,6-1칸,계단
S1_5_0046,5호선,고덕,2,3,4,3-4칸,계단
S1_5_0046,5호선,고덕,2,5,2,5-2칸,계단
S1_5_0046,5호선,고덕,2,6,1,6-1칸,엘리베이터
S1_5_0281,5호선,상일동,1,1,1,1-1칸,계단
S1_5_0281,5호선,상일동,2,8,4,8-4칸,계단
S1_5_0436,5호선,강일,1,1,2,1-2칸,엘리베이터
S1_5_0436,5호선,강일,1,2,3,2-3칸,에스컬레이터
S1_5_0436,5호선,강일,1,2,3,2-3칸,계단
S1_5_0436,5호선,강일,1,7,2,7-2칸,에스컬레이터
S1_5_0436,5호선,강일,1,7,2,7-2칸,계단
S1_5_0436,5호선,강일,1,8,3,8-3칸,엘리베이터
S1_5_0436,5호선,강일,2,1,2,1-2칸,엘리베이터
S1_5_0436,5호선,강일,2,2,3,2-3칸,에스컬레이터
S1_5_0436,5호선,강일,2,2,3,2-3칸,계단
S1_5_0436,5호선,강일,2,7,2,7-2칸,에스컬레이터
S1_5_0436,5호선,강일,2,7,2,7-2칸,계단
S1_5_0436,5호선,강일,2,8,3,8-3칸,엘리베이터
S1_5_0475,5호선,미사,1,3,4,3-4칸,계단
S1_5_0475,5호선,미사,1,5,1,5-1칸,엘리베이터
S1_5_0475,5호선,미사,1,6,1,6-1칸,계단
S1_5_0475,5호선,미사,2,3,1,3-1칸,계단
S1_5_0475,5호선,미사,2,5,1,5-1칸,엘리베이터
S1_5_0475,5호선,미사,2,6,1,6-1칸,계단
S1_5_0478,5호선,하남풍산,1,4,4,4-4칸,계단
S1_5_0478,5호선,하남풍산,1,5,1,5-1칸,엘리베이터
S1_5_0478,5호선,하남풍산,2,5,1,5-1칸,엘리베이터
S1_5_0478,5호선,하남풍산,2,5,1,5-1칸,에스컬레이터
S1_5_0478,5호선,하남풍산,2,5,1,5-1칸,계단
S1_5_0482,5호선,하남시청,1,3,3,3-3칸,에스컬레이터
S1_5_0482,5호선,하남시청,1,4,4,4-4칸,엘리베이터
S1_5_0482,5호선,하남시청,1,6,2,6-2칸,에스컬레이터
S1_5_0482,5호선,하남시청,2,3,3,3-3칸,에스컬레이터
S1_5_0482,5호선,하남시청,2,4,4,4-4칸,엘리베이터
S1_5_0482,5호선,하남시청,2,6,2,6-2칸,에스컬레이터
S1_5_0489,5호선,하남검단산역,1,2,4,2-4칸,에스컬레이터
S1_5_0489,5호선,하남검단산역,1,2,4,2-4칸,계단
S1_5_0489,5호선,하남검단산역,1,4,3,4-3칸,엘리베이터
S1_5_0489,5호선,하남검단산역,1,6,2,6-2칸,에스컬레이터
S1_5_0489,5호선,하남검단산역,2,3,3,3-3칸,에스컬레이터
S1_5_0489,5호선,하남검단산역,2,5,3,5-3칸,엘리베이터
S1_5_0489,5호선,하남검단산역,2,7,1,7-1칸,에스컬레이터
S1_5_0489,5호선,하남검단산역,2,7,1,7-1칸,계단
S1_5_0172,5호선,둔촌동,1,3,4,3-4칸,계단
S1_5_0172,5호선,둔촌동,1,5,1,5-1칸,엘리베이터
S1_5_0172,5호선,둔촌동,1,5,4,5-4칸,계단
S1_5_0172,5호선,둔촌동,2,3,4,3-4칸,계단
S1_5_0172,5호선,둔촌동,2,5,1,5-1칸,엘리베이터
S1_5_0172,5호선,둔촌동,2,5,4,5-4칸,계단
S1_5_0438,5호선,올림픽공원,1,3,3,3-3칸,엘리베이터
S1_5_0438,5호선,올림픽공원,1,4,4,4-4칸,계단
S1_5_0438,5호선,올림픽공원,2,3,3,3-3칸,에스컬레이터
S1_5_0219,5호선,방이,1,4,1,4-1칸,계단
S1_5_0219,5호선,방이,1,4,4,4-4칸,엘리베이터
S1_5_0219,5호선,방이,1,5,4,5-4칸,계단
S1_5_0219,5호선,방이,2,4,1,4-1칸,계단
S1_5_0219,5호선,방이,2,4,4,4-4칸,엘리베이터
S1_5_0219,5호선,방이,2,5,4,5-4칸,계단
S1_5_0025,5호선,개롱,2,4,4,4-4칸,엘리베이터
S1_5_0025,5호선,개롱,2,4,4,4-4칸,계단
S1_5_0030,5호선,거여,1,5,4,5-4칸,계단
S1_5_0030,5호선,거여,1,6,2,6-2칸,엘리베이터
S1_5_0030,5호선,거여,2,3,2,3-2칸,엘리베이터
S1_5_0030,5호선,거여,2,3,4,3-4칸,계단
S1_5_0184,5호선,마천,1,3,1,3-1칸,에스컬레이터
S1_5_0184,5호선,마천,1,6,1,6-1칸,계단
S1_5_0184,5호선,마천,2,3,4,3-4칸,계단
S1_5_0184,5호선,마천,2,5,1,5-1칸,엘리베이터
S1_5_0184,5호선,마천,2,6,4,6-4칸,에스컬레이터
S1_6_0468,6호선,응암,1,4,1,4-1칸,엘리베이터
S1_6_0468,6호선,응암,1,4,1,4-1칸,계단
S1_6_0468,6호선,응암,1,5,4,5-4칸,엘리베이터
S1_6_0468,6호선,응암,1,5,4,5-4칸,계단
S1_6_0418,6호선,연신내,1,6,1,6-1칸,엘리베이터
S1_6_0285,6호선,새절,1,3,3,3-3칸,에스컬레이터
S1_6_0285,6호선,새절,1,4,4,4-4칸,엘리베이터
S1_6_0285,6호선,새절,1,5,4,5-4칸,계단
S1_6_0285,6호선,새절,2,3,4,3-4칸,에스컬레이터
S1_6_0285,6호선,새절,2,5,4,5-4칸,계단
S1_6_0532,6호선,증산,1,3,4,3-4칸,계단
S1_6_0532,6호선,증산,1,4,4,4-4칸,엘리베이터
S1_6_0532,6호선,증산,2,5,1,5-1칸,엘리베이터
S1_6_0532,6호선,증산,2,6,1,6-1칸,계단
S1_6_0174,6호선,디지털미디어시티,1,1,1,1-1칸,엘리베이터
S1_6_0174,6호선,디지털미디어시티,1,1,1,1-1칸,에스컬레이터
S1_6_0174,6호선,디지털미디어시티,1,1,1,1-1칸,계단
S1_6_0174,6호선,디지털미디어시티,1,8,4,8-4칸,에스컬레이터
S1_6_0174,6호선,디지털미디어시티,1,8,4,8-4칸,계단
S1_6_0174,6호선,디지털미디어시티,2,1,1,1-1칸,에스컬레이터
S1_6_0174,6호선,디지털미디어시티,2,1,1,1-1칸,계단
S1_6_0174,6호선,디지털미디어시티,2,8,4,8-4칸,엘리베이터
S1_6_0174,6호선,디지털미디어시티,2,8,4,8-4칸,에스컬레이터
S1_6_0174,6호선,디지털미디어시티,2,8,4,8-4칸,계단
S1_6_0462,6호선,월드컵경기장,1,1,1,1-1칸,계단
S1_6_0462,6호선,월드컵경기장,1,3,4,3-4칸,계단
S1_6_0462,6호선,월드컵경기장,1,4,4,4-4칸,엘리베이터
S1_6_0462,6호선,월드컵경기장,1,5,4,5-4칸,계단
S1_6_0462,6호선,월드컵경기장,1,8,4,8-4칸,계단
S1_6_0462,6호선,월드컵경기장,2,1,1,1-1칸,계단
S1_6_0462,6호선,월드컵경기장,2,4,1,4-1칸,계단
S1_6_0462,6호선,월드컵경기장,2,5,1,5-1칸,엘리베이터
S1_6_0462,6호선,월드컵경기장,2,6,1,6-1칸,계단
S1_6_0462,6호선,월드컵경기장,2,8,4,8-4칸,계단
S1_6_0186,6호선,마포구청,1,1,2,1-2칸,엘리베이터
S1_6_0186,6호선,마포구청,1,1,2,1-2칸,계단
S1_6_0186,6호선,마포구청,2,8,2,8-2칸,엘리베이터
S1_6_0186,6호선,마포구청,2,8,2,8-2칸,계단
S1_6_0189,6호선,망원,1,5,1,5-1칸,엘리베이터
S1_6_0189,6호선,망원,1,5,2,5-2칸,계단
S1_6_0189,6호선,망원,2,4,2,4-2칸,계단
S1_6_0189,6호선,망원,2,5,2,5-2칸,엘리베이터
S1_6_0591,6호선,합정,1,3,3,3-3칸,에스컬레이터
S1_6_0591,6호선,합정,1,3,3,3-3칸,계단
S1_6_0591,6호선,합정,1,4,2,4-2칸,엘리베이터
S1_6_0591,6호선,합정,1,5,3,5-3칸,계단
S1_6_0591,6호선,합정,2,4,2,4-2칸,계단
S1_6_0591,6호선,합정,2,5,2,5-2칸,엘리베이터
S1_6_0591,6호선,합정,2,6,2,6-2칸,에스컬레이터
S1_6_0591,6호선,합정,2,6,2,6-2칸,계단
S1_6_0278,6호선,상수,1,3,4,3-4칸,에스컬레이터
S1_6_0278,6호선,상수,1,4,4,4-4칸,엘리베이터
S1_6_0278,6호선,상수,1,5,4,5-4칸,계단
S1_6_0278,6호선,상수,2,4,1,4-1칸,계단
S1_6_0278,6호선,상수,2,5,1,5-1칸,엘리베이터
S1_6_0278,6호선,상수,2,6,1,6-1칸,에스컬레이터
S1_6_0067,6호선,광흥창,1,1,1,1-1칸,엘리베이터
S1_6_0067,6호선,광흥창,1,1,1,1-1칸,에스컬레이터
S1_6_0067,6호선,광흥창,1,1,1,1-1칸,계단
S1_6_0067,6호선,광흥창,1,8,4,8-4칸,계단
S1_6_0067,6호선,광흥창,2,1,1,1-1칸,계단
S1_6_0067,6호선,광흥창,2,8,4,8-4칸,엘리베이터
S1_6_0067,6호선,광흥창,2,8,4,8-4칸,에스컬레이터
S1_6_0067,6호선,광흥창,2,8,4,8-4칸,계단
S1_6_0138,6호선,대흥,1,3,4,3-4칸,계단
S1_6_0138,6호선,대흥,1,4,4,4-4칸,엘리베이터
S1_6_0138,6호선,대흥,1,5,4,5-4칸,계단
S1_6_0138,6호선,대흥,2,3,4,3-4칸,계단
S1_6_0138,6호선,대흥,2,5,1,5-1칸,엘리베이터
S1_6_0138,6호선,대흥,2,5,4,5-4칸,계단
S1_6_0054,6호선,공덕,1,4,4,4-4칸,엘리베이터
S1_6_0054,6호선,공덕,2,4,4,4-4칸,엘리베이터
S1_6_0609,6호선,효창공원앞,1,4,1,4-1칸,계단
S1_6_0609,6호선,효창공원앞,1,5,4,5-4칸,엘리베이터
S1_6_0609,6호선,효창공원앞,1,6,4,6-4칸,에스컬레이터
S1_6_0609,6호선,효창공원앞,2,3,1,3-1칸,에스컬레이터
S1_6_0609,6호선,효창공원앞,2,4,1,4-1칸,엘리베이터
S1_6_0609,6호선,효창공원앞,2,5,3,5-3칸,계단
S1_6_0263,6호선,삼각지,1,1,1,1-1칸,엘리베이터
S1_6_0263,6호선,삼각지,1,1,1,1-1칸,계단
S1_6_0263,6호선,삼각지,1,8,4,8-4칸,엘리베이터
S1_6_0263,6호선,삼각지,1,8,4,8-4칸,계단
S1_6_0263,6호선,삼각지,2,1,1,1-1칸,엘리베이터
S1_6_0263,6호선,삼각지,2,1,1,1-1칸,계단
S1_6_0263,6호선,삼각지,2,8,4,8-4칸,엘리베이터
S1_6_0263,6호선,삼각지,2,8,4,8-4칸,계단
S1_6_0117,6호선,녹사평,1,2,3,2-3칸,계단
S1_6_0117,6호선,녹사평,1,3,2,3-2칸,에스컬레이터
S1_6_0117,6호선,녹사평,1,4,3,4-3칸,엘리베이터
S1_6_0117,6호선,녹사평,1,6,1,6-1칸,에스컬레이터
S1_6_0117,6호선,녹사평,1,6,4,6-4칸,계단
S1_6_0117,6호선,녹사평,2,3,1,3-1칸,계단
S1_6_0117,6호선,녹사평,2,3,4,3-4칸,에스컬레이터
S1_6_0117,6호선,녹사평,2,5,2,5-2칸,엘리베이터
S1_6_0117,6호선,녹사평,2,6,2,6-2칸,에스컬레이터
S1_6_0117,6호선,녹사평,2,7,2,7-2칸,계단
S1_6_0479,6호선,이태원,1,3,2,3-2칸,엘리베이터
S1_6_0479,6호선,이태원,1,3,3,3-3칸,계단
S1_6_0479,6호선,이태원,1,6,2,6-2칸,계단
S1_6_0479,6호선,이태원,2,3,2,3-2칸,계단
S1_6_0479,6호선,이태원,2,6,2,6-2칸,계단
S1_6_0479,6호선,이태원,2,6,3,6-3칸,엘리베이터
S1_6_0584,6호선,한강진,1,4,2,4-2칸,계단
S1_6_0584,6호선,한강진,1,5,2,5-2칸,엘리베이터
S1_6_0584,6호선,한강진,1,6,2,6-2칸,계단
S1_6_0584,6호선,한강진,2,3,2,3-2칸,계단
S1_6_0584,6호선,한강진,2,4,2,4-2칸,엘리베이터
S1_6_0584,6호선,한강진,2,5,1,5-1칸,계단
S1_6_0227,6호선,버티고개,1,3,3,3-3칸,계단
S1_6_0227,6호선,버티고개,1,4,2,4-2칸,엘리베이터
S1_6_0227,6호선,버티고개,1,6,1,6-1칸,계단
S1_6_0227,6호선,버티고개,2,3,4,3-4칸,계단
S1_6_0227,6호선,버티고개,2,5,3,5-3칸,엘리베이터
S1_6_0227,6호선,버티고개,2,6,2,6-2칸,계단
S1_6_0397,6호선,약수,1,4,1,4-1칸,계단
S1_6_0397,6호선,약수,1,5,1,5-1칸,엘리베이터
S1_6_0397,6호선,약수,1,5,4,5-4칸,계단
S1_6_0397,6호선,약수,1,6,1,6-1칸,엘리베이터
S1_6_0397,6호선,약수,1,8,4,8-4칸,에스컬레이터
S1_6_0397,6호선,약수,2,1,1,1-1칸,에스컬레이터
S1_6_0397,6호선,약수,2,4,1,4-1칸,계단
S1_6_0397,6호선,약수,2,4,4,4-4칸,엘리베이터
S1_6_0397,6호선,약수,2,5,3,5-3칸,계단
S1_6_0549,6호선,청구,1,6,1,6-1칸,엘리베이터
S1_6_0549,6호선,청구,1,6,1,6-1칸,계단
S1_6_0549,6호선,청구,2,6,1,6-1칸,엘리베이터
S1_6_0549,6호선,청구,2,6,1,6-1칸,계단
S1_6_0356,6호선,신당,1,2,2,2-2칸,에스컬레이터
S1_6_0356,6호선,신당,1,2,2,2-2칸,계단
S1_6_0356,6호선,신당,1,4,2,4-2칸,엘리베이터
S1_6_0356,6호선,신당,2,5,3,5-3칸,엘리베이터
S1_6_0356,6호선,신당,2,7,3,7-3칸,에스컬레이터
S1_6_0356,6호선,신당,2,7,3,7-3칸,계단
S1_6_0161,6호선,동묘앞,1,2,2,2-2칸,에스컬레이터
S1_6_0161,6호선,동묘앞,1,3,4,3-4칸,엘리베이터
S1_6_0161,6호선,동묘앞,1,4,3,4-3칸,계단
S1_6_0161,6호선,동묘앞,1,7,3,7-3칸,에스컬레이터
S1_6_0161,6호선,동묘앞,1,8,4,8-4칸,엘리베이터
S1_6_0542,6호선,창신,1,2,4,2-4칸,계단
S1_6_0542,6호선,창신,1,5,2,5-2칸,계단
S1_6_0542,6호선,창신,1,6,1,6-1칸,엘리베이터
S1_6_0542,6호선,창신,2,3,4,3-4칸,엘리베이터
S1_6_0542,6호선,창신,2,4,2,4-2칸,계단
S1_6_0542,6호선,창신,2,6,4,6-4칸,계단
S1_6_0234,6호선,보문,1,3,4,3-4칸,계단
S1_6_0234,6호선,보문,1,4,4,4-4칸,엘리베이터
S1_6_0234,6호선,보문,1,5,4,5-4칸,계단
S1_6_0234,6호선,보문,2,3,4,3-4칸,계단
S1_6_0234,6호선,보문,2,4,4,4-4칸,엘리베이터
S1_6_0234,6호선,보문,2,5,4,5-4칸,계단
S1_6_0389,6호선,안암,1,5,1,5-1칸,계단
S1_6_0389,6호선,안암,1,5,2,5-2칸,엘리베이터
S1_6_0389,6호선,안암,1,6,4,6-4칸,계단
S1_6_0389,6호선,안암,2,3,1,3-1칸,계단
S1_6_0389,6호선,안암,2,4,3,4-3칸,엘리베이터
S1_6_0389,6호선,안암,2,5,3,5-3칸,계단
S1_6_0047,6호선,고려대,1,3,2,3-2칸,에스컬레이터
S1_6_0047,6호선,고려대,1,3,2,3-2칸,계단
S1_6_0047,6호선,고려대,1,6,1,6-1칸,엘리베이터
S1_6_0047,6호선,고려대,2,3,2,3-2칸,엘리베이터
S1_6_0047,6호선,고려대,2,4,2,4-2칸,에스컬레이터
S1_6_0047,6호선,고려대,2,4,3,4-3칸,계단
S1_6_0460,6호선,월곡,1,3,3,3-3칸,에스컬레이터
S1_6_0460,6호선,월곡,1,4,4,4-4칸,엘리베이터
S1_6_0460,6호선,월곡,1,5,4,5-4칸,계단
S1_6_0460,6호선,월곡,2,3,3,3-3칸,에스컬레이터
S1_6_0460,6호선,월곡,2,4,4,4-4칸,엘리베이터
S1_6_0460,6호선,월곡,2,5,4,5-4칸,계단
S1_6_0280,6호선,상월곡,1,1,1,1-1칸,계단
S1_6_0154,6호선,돌곶이,1,5,4,5-4칸,계단
S1_6_0154,6호선,돌곶이,2,3,4,3-4칸,계단
S1_6_0300,6호선,석계,1,1,1,1-1칸,에스컬레이터
S1_6_0300,6호선,석계,1,1,1,1-1칸,계단
S1_6_0300,6호선,석계,1,3,3,3-3칸,엘리베이터
S1_6_0300,6호선,석계,1,4,3,4-3칸,계단
S1_6_0300,6호선,석계,1,6,2,6-2칸,에스컬레이터
S1_6_0300,6호선,석계,1,6,3,6-3칸,계단
S1_6_0300,6호선,석계,2,3,2,3-2칸,계단
S1_6_0300,6호선,석계,2,3,3,3-3칸,에스컬레이터
S1_6_0300,6호선,석계,2,5,2,5-2칸,계단
S1_6_0300,6호선,석계,2,6,2,6-2칸,엘리베이터
S1_6_0300,6호선,석계,2,8,4,8-4칸,에스컬레이터
S1_6_0300,6호선,석계,2,8,4,8-4칸,계단
S1_6_0568,6호선,태릉입구,1,3,2,3-2칸,계단
S1_6_0568,6호선,태릉입구,1,5,2,5-2칸,계단
S1_6_0568,6호선,태릉입구,1,5,4,5-4칸,엘리베이터
S1_6_0568,6호선,태릉입구,2,3,4,3-4칸,엘리베이터
S1_6_0568,6호선,태릉입구,2,4,2,4-2칸,계단
S1_6_0568,6호선,태릉입구,2,6,2,6-2칸,계단
S1_6_0600,6호선,화랑대,1,4,3,4-3칸,계단
S1_6_0600,6호선,화랑대,1,5,4,5-4칸,엘리베이터
S1_6_0600,6호선,화랑대,1,6,4,6-4칸,계단
S1_6_0600,6호선,화랑대,2,3,1,3-1칸,계단
S1_6_0600,6호선,화랑대,2,4,2,4-2칸,엘리베이터
S1_6_0600,6호선,화랑대,2,5,2,5-2칸,계단
S1_6_0243,6호선,봉화산,1,8,4,8-4칸,에스컬레이터
S1_6_0243,6호선,봉화산,2,1,1,1-1칸,에스컬레이터
S1_7_0503,7호선,장암,1,4,3,4-3칸,엘리베이터
S1_7_0146,7호선,도봉산,1,7,3,7-3칸,엘리베이터
S1_7_0146,7호선,도봉산,1,7,3,7-3칸,계단
S1_7_0146,7호선,도봉산,2,1,4,1-4칸,엘리베이터
S1_7_0146,7호선,도봉산,2,2,2,2-2칸,계단
S1_7_0334,7호선,수락산,1,1,1,1-1칸,계단
S1_7_0334,7호선,수락산,1,8,4,8-4칸,계단
S1_7_0334,7호선,수락산,2,1,1,1-1칸,계단
S1_7_0334,7호선,수락산,2,8,4,8-4칸,계단
S1_7_0180,7호선,마들,1,5,3,5-3칸,계단
S1_7_0180,7호선,마들,2,1,1,1-1칸,엘리베이터
S1_7_0115,7호선,노원,1,1,1,1-1칸,엘리베이터
S1_7_0115,7호선,노원,1,5,1,5-1칸,에스컬레이터
S1_7_0115,7호선,노원,1,6,2,6-2칸,계단
S1_7_0115,7호선,노원,2,3,3,3-3칸,계단
S1_7_0115,7호선,노원,2,4,4,4-4칸,에스컬레이터
S1_7_0115,7호선,노원,2,8,4,8-4칸,엘리베이터
S1_7_0524,7호선,중계,1,4,1,4-1칸,계단
S1_7_0524,7호선,중계,1,4,4,4-4칸,엘리베이터
S1_7_0524,7호선,중계,1,6,2,6-2칸,계단
S1_7_0524,7호선,중계,2,3,3,3-3칸,계단
S1_7_0524,7호선,중계,2,4,4,4-4칸,엘리베이터
S1_7_0524,7호선,중계,2,5,4,5-4칸,계단
S1_7_0581,7호선,하계,1,3,3,3-3칸,계단
S1_7_0581,7호선,하계,1,4,4,4-4칸,엘리베이터
S1_7_0581,7호선,하계,1,5,3,5-3칸,계단
S1_7_0581,7호선,하계,2,4,1,4-1칸,계단
S1_7_0581,7호선,하계,2,5,1,5-1칸,엘리베이터
S1_7_0581,7호선,하계,2,6,1,6-1칸,계단
S1_7_0055,7호선,공릉,1,5,1,5-1칸,계단
S1_7_0055,7호선,공릉,1,7,2,7-2칸,계단
S1_7_0055,7호선,공릉,1,7,3,7-3칸,에스컬레이터
S1_7_0055,7호선,공릉,1,8,4,8-4칸,엘리베이터
S1_7_0055,7호선,공릉,2,1,1,1-1칸,엘리베이터
S1_7_0055,7호선,공릉,2,2,2,2-2칸,에스컬레이터
S1_7_0055,7호선,공릉,2,2,2,2-2칸,계단
S1_7_0055,7호선,공릉,2,4,4,4-4칸,계단
S1_7_0568,7호선,태릉입구,1,2,1,2-1칸,계단
S1_7_0568,7호선,태릉입구,1,4,1,4-1칸,계단
S1_7_0568,7호선,태릉입구,1,6,3,6-3칸,엘리베이터
S1_7_0568,7호선,태릉입구,2,3,1,3-1칸,엘리베이터
S1_7_0568,7호선,태릉입구,2,5,3,5-3칸,계단
S1_7_0568,7호선,태릉입구,2,7,3,7-3칸,계단
S1_7_0195,7호선,먹골,1,4,1,4-1칸,계단
S1_7_0195,7호선,먹골,1,4,4,4-4칸,엘리베이터
S1_7_0195,7호선,먹골,1,5,4,5-4칸,계단
S1_7_0195,7호선,먹골,2,4,1,4-1칸,계단
S1_7_0195,7호선,먹골,2,5,1,5-1칸,엘리베이터
S1_7_0195,7호선,먹골,2,5,4,5-4칸,계단
S1_7_0530,7호선,중화,1,3,4,3-4칸,계단
S1_7_0530,7호선,중화,1,4,4,4-4칸,엘리베이터
S1_7_0530,7호선,중화,1,5,4,5-4칸,계단
S1_7_0530,7호선,중화,2,3,4,3-4칸,계단
S1_7_0530,7호선,중화,2,5,1,5-1칸,엘리베이터
S1_7_0530,7호선,중화,2,5,4,5-4칸,계단
S1_7_0276,7호선,상봉,1,3,2,3-2칸,엘리베이터
S1_7_0276,7호선,상봉,1,3,4,3-4칸,에스컬레이터
S1_7_0276,7호선,상봉,1,3,4,3-4칸,계단
S1_7_0276,7호선,상봉,1,4,4,4-4칸,엘리베이터
S1_7_0276,7호선,상봉,1,6,1,6-1칸,에스컬레이터
S1_7_0276,7호선,상봉,1,6,1,6-1칸,계단
S1_7_0276,7호선,상봉,2,3,4,3-4칸,에스컬레이터
S1_7_0276,7호선,상봉,2,3,4,3-4칸,계단
S1_7_0276,7호선,상봉,2,5,1,5-1칸,엘리베이터
S1_7_0276,7호선,상봉,2,6,1,6-1칸,에스컬레이터
S1_7_0276,7호선,상봉,2,6,1,6-1칸,계단
S1_7_0276,7호선,상봉,2,6,2,6-2칸,엘리베이터
S1_7_0196,7호선,면목,1,3,4,3-4칸,계단
S1_7_0196,7호선,면목,1,4,4,4-4칸,엘리베이터
S1_7_0196,7호선,면목,1,5,4,5-4칸,계단
S1_7_0196,7호선,면목,2,4,1,4-1칸,계단
S1_7_0196,7호선,면목,2,5,2,5-2칸,엘리베이터
S1_7_0196,7호선,면목,2,6,2,6-2칸,계단
S1_7_0256,7호선,사가정,1,2,3,2-3칸,계단
S1_7_0256,7호선,사가정,1,3,3,3-3칸,엘리베이터
S1_7_0256,7호선,사가정,1,4,3,4-3칸,계단
S1_7_0256,7호선,사가정,2,5,1,5-1칸,계단
S1_7_0256,7호선,사가정,2,6,2,6-2칸,엘리베이터
S1_7_0256,7호선,사가정,2,7,1,7-1칸,계단
S1_7_0445,7호선,용마산,1,2,4,2-4칸,엘리베이터
S1_7_0445,7호선,용마산,1,4,3,4-3칸,엘리베이터
S1_7_0445,7호선,용마산,2,5,2,5-2칸,계단
S1_7_0445,7호선,용마산,2,6,1,6-1칸,엘리베이터
S1_7_0445,7호선,용마산,2,7,1,7-1칸,계단
S1_7_0525,7호선,중곡,1,3,4,3-4칸,계단
S1_7_0525,7호선,중곡,1,5,1,5-1칸,엘리베이터
S1_7_0525,7호선,중곡,1,6,1,6-1칸,계단
S1_7_0525,7호선,중곡,2,3,4,3-4칸,계단
S1_7_0525,7호선,중곡,2,5,1,5-1칸,엘리베이터
S1_7_0525,7호선,중곡,2,6,1,6-1칸,계단
S1_7_0082,7호선,군자,1,4,4,4-4칸,엘리베이터
S1_7_0082,7호선,군자,2,4,4,4-4칸,엘리베이터
S1_7_0408,7호선,어린이대공원,1,3,3,3-3칸,엘리베이터
S1_7_0408,7호선,어린이대공원,1,4,1,4-1칸,계단
S1_7_0408,7호선,어린이대공원,1,5,4,5-4칸,계단
S1_7_0408,7호선,어린이대공원,2,4,1,4-1칸,계단
S1_7_0408,7호선,어린이대공원,2,5,4,5-4칸,계단
S1_7_0408,7호선,어린이대공원,2,6,2,6-2칸,엘리베이터
S1_7_0031,7호선,건대입구,1,7,1,7-1칸,엘리베이터
S1_7_0031,7호선,건대입구,2,1,1,1-1칸,계단
S1_7_0176,7호선,자양,1,1,4,1-4칸,엘리베이터
S1_7_0176,7호선,자양,2,7,4,7-4칸,엘리베이터
S1_7_0550,7호선,청담,1,8,4,8-4칸,계단
S1_7_0550,7호선,청담,2,1,1,1-1칸,계단
S1_7_0018,7호선,강남구청,1,1,1,1-1칸,엘리베이터
S1_7_0018,7호선,강남구청,2,8,4,8-4칸,엘리베이터
S1_7_0582,7호선,학동,1,5,1,5-1칸,엘리베이터
S1_7_0582,7호선,학동,2,4,4,4-4칸,에스컬레이터
S1_7_0120,7호선,논현,1,2,4,2-4칸,계단
S1_7_0120,7호선,논현,1,6,2,6-2칸,계단
S1_7_0120,7호선,논현,1,7,3,7-3칸,엘리베이터
S1_7_0120,7호선,논현,2,2,2,2-2칸,엘리베이터
S1_7_0120,7호선,논현,2,3,2,3-2칸,계단
S1_7_0120,7호선,논현,2,6,4,6-4칸,계단
S1_7_0215,7호선,반포,1,3,4,3-4칸,계단
S1_7_0215,7호선,반포,1,4,4,4-4칸,엘리베이터
S1_7_0215,7호선,반포,1,5,4,5-4칸,계단
S1_7_0215,7호선,반포,2,3,4,3-4칸,계단
S1_7_0215,7호선,반포,2,4,4,4-4칸,엘리베이터
S1_7_0215,7호선,반포,2,5,4,5-4칸,계단
S1_7_0048,7호선,고속터미널,1,3,2,3-2칸,엘리베이터
S1_7_0048,7호선,고속터미널,1,5,1,5-1칸,에스컬레이터
S1_7_0048,7호선,고속터미널,1,5,1,5-1칸,계단
S1_7_0048,7호선,고속터미널,2,4,4,4-4칸,에스컬레이터
S1_7_0048,7호선,고속터미널,2,4,4,4-4칸,계단
S1_7_0048,7호선,고속터미널,2,6,2,6-2칸,엘리베이터
S1_7_0112,7호선,내방,1,4,2,4-2칸,계단
S1_7_0112,7호선,내방,1,5,2,5-2칸,엘리베이터
S1_7_0112,7호선,내방,1,6,2,6-2칸,계단
S1_7_0112,7호선,내방,2,3,2,3-2칸,계단
S1_7_0112,7호선,내방,2,4,2,4-2칸,엘리베이터
S1_7_0112,7호선,내방,2,5,2,5-2칸,계단
S1_7_0560,7호선,총신대입구,1,3,4,3-4칸,에스컬레이터
S1_7_0560,7호선,총신대입구,1,4,2,4-2칸,엘리베이터
S1_7_0560,7호선,총신대입구,1,5,3,5-3칸,계단
S1_7_0560,7호선,총신대입구,1,7,2,7-2칸,계단
S1_7_0560,7호선,총신대입구,2,2,2,2-2칸,계단
S1_7_0560,7호선,총신대입구,2,4,2,4-2칸,계단
S1_7_0560,7호선,총신대입구,2,5,2,5-2칸,엘리베이터
S1_7_0560,7호선,총신대입구,2,6,1,6-1칸,에스컬레이터
S1_7_0107,7호선,남성,1,6,3,6-3칸,엘리베이터
S1_7_0107,7호선,남성,2,3,3,3-3칸,엘리베이터
S1_7_0344,7호선,숭실대입구,1,6,2,6-2칸,엘리베이터
S1_7_0344,7호선,숭실대입구,2,3,3,3-3칸,엘리베이터
S1_7_0273,7호선,상도,1,4,4,4-4칸,엘리베이터
S1_7_0273,7호선,상도,2,4,4,4-4칸,엘리베이터
S1_7_0502,7호선,장승배기,1,4,4,4-4칸,엘리베이터
S1_7_0502,7호선,장승배기,2,4,4,4-4칸,엘리베이터
S1_7_0502,7호선,장승배기,2,5,1,5-1칸,에스컬레이터
S1_7_0358,7호선,신대방삼거리,1,4,4,4-4칸,엘리베이터
S1_7_0358,7호선,신대방삼거리,2,4,4,4-4칸,에스컬레이터
S1_7_0232,7호선,보라매,1,3,3,3-3칸,계단
S1_7_0232,7호선,보라매,1,4,4,4-4칸,엘리베이터
S1_7_0232,7호선,보라매,1,6,2,6-2칸,계단
S1_7_0232,7호선,보라매,2,3,3,3-3칸,계단
S1_7_0232,7호선,보라매,2,5,1,5-1칸,엘리베이터
S1_7_0232,7호선,보라매,2,6,2,6-2칸,계단
S1_7_0378,7호선,신풍,1,1,4,1-4칸,계단
S1_7_0378,7호선,신풍,1,5,2,5-2칸,계단
S1_7_0378,7호선,신풍,1,5,4,5-4칸,엘리베이터
S1_7_0378,7호선,신풍,2,4,1,4-1칸,엘리베이터
S1_7_0378,7호선,신풍,2,4,4,4-4칸,계단
S1_7_0378,7호선,신풍,2,7,4,7-4칸,계단
S1_7_0130,7호선,대림,1,3,4,3-4칸,계단
S1_7_0130,7호선,대림,1,4,4,4-4칸,엘리베이터
S1_7_0130,7호선,대림,1,6,1,6-1칸,계단
S1_7_0130,7호선,대림,1,8,4,8-4칸,에스컬레이터
S1_7_0130,7호선,대림,2,1,1,1-1칸,에스컬레이터
S1_7_0130,7호선,대림,2,3,4,3-4칸,계단
S1_7_0130,7호선,대림,2,4,4,4-4칸,엘리베이터
S1_7_0130,7호선,대림,2,6,1,6-1칸,계단
S1_7_0103,7호선,남구로,1,1,1,1-1칸,계단
S1_7_0103,7호선,남구로,1,8,4,8-4칸,계단
S1_7_0103,7호선,남구로,2,1,1,1-1칸,계단
S1_7_0103,7호선,남구로,2,8,4,8-4칸,계단
S1_7_0004,7호선,가산디지털단지,1,4,3,4-3칸,계단
S1_7_0004,7호선,가산디지털단지,1,5,4,5-4칸,엘리베이터
S1_7_0004,7호선,가산디지털단지,1,6,4,6-4칸,계단
S1_7_0004,7호선,가산디지털단지,2,3,1,3-1칸,계단
S1_7_0004,7호선,가산디지털단지,2,4,1,4-1칸,엘리베이터
S1_7_0004,7호선,가산디지털단지,2,5,1,5-1칸,계단
S1_7_0547,7호선,철산,1,4,1,4-1칸,계단
S1_7_0547,7호선,철산,1,5,1,5-1칸,엘리베이터
S1_7_0547,7호선,철산,1,5,4,5-4칸,계단
S1_7_0547,7호선,철산,2,4,1,4-1칸,계단
S1_7_0547,7호선,철산,2,4,4,4-4칸,엘리베이터
S1_7_0547,7호선,철산,2,5,4,5-4칸,계단
S1_7_0064,7호선,광명사거리,1,8,4,8-4칸,계단
S1_7_0064,7호선,광명사거리,2,2,1,2-1칸,엘리베이터
S1_7_0545,7호선,천왕,1,3,4,3-4칸,계단
S1_7_0545,7호선,천왕,1,5,1,5-1칸,엘리베이터
S1_7_0545,7호선,천왕,1,6,1,6-1칸,계단
S1_7_0545,7호선,천왕,2,3,4,3-4칸,계단
S1_7_0545,7호선,천왕,2,4,4,4-4칸,엘리베이터
S1_7_0545,7호선,천왕,2,6,1,6-1칸,계단
S1_7_0435,7호선,온수,1,4,1,4-1칸,계단
S1_7_0435,7호선,온수,1,4,4,4-4칸,엘리베이터
S1_7_0435,7호선,온수,1,5,1,5-1칸,계단
S1_7_0435,7호선,온수,2,4,1,4-1칸,계단
S1_7_0435,7호선,온수,2,5,1,5-1칸,계단
S1_7_0435,7호선,온수,2,5,4,5-4칸,엘리베이터
IC_7_0101,7호선,까치울,1,3,2,3-2칸,엘리베이터
IC_7_0101,7호선,까치울,1,3,3,3-3칸,에스컬레이터
IC_7_0101,7호선,까치울,1,3,3,3-3칸,계단
IC_7_0101,7호선,까치울,2,6,2,6-2칸,에스컬레이터
IC_7_0101,7호선,까치울,2,6,2,6-2칸,계단
IC_7_0101,7호선,까치울,2,6,3,6-3칸,엘리베이터
IC_7_0248,7호선,부천종합운동장,1,3,2,3-2칸,계단
IC_7_0248,7호선,부천종합운동장,1,4,1,4-1칸,에스컬레이터
IC_7_0248,7호선,부천종합운동장,1,5,3,5-3칸,엘리베이터
IC_7_0248,7호선,부천종합운동장,1,6,4,6-4칸,에스컬레이터
IC_7_0248,7호선,부천종합운동장,2,3,1,3-1칸,에스컬레이터
IC_7_0248,7호선,부천종합운동장,2,4,2,4-2칸,엘리베이터
IC_7_0248,7호선,부천종합운동장,2,5,4,5-4칸,에스컬레이터
IC_7_0248,7호선,부천종합운동장,2,6,3,6-3칸,계단
IC_7_0561,7호선,춘의,1,3,3,3-3칸,에스컬레이터
IC_7_0561,7호선,춘의,1,3,3,3-3칸,계단
IC_7_0561,7호선,춘의,1,5,1,5-1칸,엘리베이터
IC_7_0561,7호선,춘의,1,6,2,6-2칸,에스컬레이터
IC_7_0561,7호선,춘의,1,6,2,6-2칸,계단
IC_7_0561,7호선,춘의,2,3,3,3-3칸,에스컬레이터
IC_7_0561,7호선,춘의,2,3,3,3-3칸,계단
IC_7_0561,7호선,춘의,2,4,4,4-4칸,엘리베이터
IC_7_0561,7호선,춘의,2,6,2,6-2칸,에스컬레이터
IC_7_0561,7호선,춘의,2,6,2,6-2칸,계단
IC_7_0374,7호선,신중동,1,3,1,3-1칸,에스컬레이터
IC_7_0374,7호선,신중동,1,3,1,3-1칸,계단
IC_7_0374,7호선,신중동,1,4,2,4-2칸,엘리베이터
IC_7_0374,7호선,신중동,1,5,2,5-2칸,에스컬레이터
IC_7_0374,7호선,신중동,2,4,3,4-3칸,에스컬레이터
IC_7_0374,7호선,신중동,2,5,3,5-3칸,엘리베이터
IC_7_0374,7호선,신중동,2,6,4,6-4칸,에스컬레이터
IC_7_0374,7호선,신중동,2,6,4,6-4칸,계단
IC_7_0247,7호선,부천시청,1,4,4,4-4칸,에스컬레이터
IC_7_0247,7호선,부천시청,1,4,4,4-4칸,계단
IC_7_0247,7호선,부천시청,1,5,3,5-3칸,엘리베이터
IC_7_0247,7호선,부천시청,2,4,2,4-2칸,엘리베이터
IC_7_0247,7호선,부천시청,2,5,1,5-1칸,에스컬레이터
IC_7_0247,7호선,부천시청,2,5,1,5-1칸,계단
IC_7_0274,7호선,상동,1,3,4,3-4칸,에스컬레이터
IC_7_0274,7호선,상동,1,4,3,4-3칸,엘리베이터
IC_7_0274,7호선,상동,1,5,4,5-4칸,에스컬레이터
IC_7_0274,7호선,상동,2,4,1,4-1칸,에스컬레이터
IC_7_0274,7호선,상동,2,4,3,4-3칸,엘리베이터
IC_7_0274,7호선,상동,2,6,2,6-2칸,에스컬레이터
IC_7_0265,7호선,삼산체육관,1,3,1,3-1칸,에스컬레이터
IC_7_0265,7호선,삼산체육관,1,3,2,3-2칸,계단
IC_7_0265,7호선,삼산체육관,1,4,2,4-2칸,엘리베이터
IC_7_0265,7호선,삼산체육관,1,5,2,5-2칸,계단
IC_7_0265,7호선,삼산체육관,1,5,3,5-3칸,에스컬레이터
IC_7_0265,7호선,삼산체육관,2,4,2,4-2칸,에스컬레이터
IC_7_0265,7호선,삼산체육관,2,4,3,4-3칸,계단
IC_7_0265,7호선,삼산체육관,2,5,3,5-3칸,엘리베이터
IC_7_0265,7호선,삼산체육관,2,6,3,6-3칸,계단
IC_7_0265,7호선,삼산체육관,2,6,4,6-4칸,에스컬레이터
IC_7_0085,7호선,굴포천,1,3,3,3-3칸,에스컬레이터
IC_7_0085,7호선,굴포천,1,3,3,3-3칸,계단
IC_7_0085,7호선,굴포천,1,4,4,4-4칸,엘리베이터
IC_7_0085,7호선,굴포천,1,5,4,5-4칸,계단
IC_7_0085,7호선,굴포천,1,6,1,6-1칸,에스컬레이터
IC_7_0085,7호선,굴포천,2,3,4,3-4칸,에스컬레이터
IC_7_0085,7호선,굴포천,2,4,1,4-1칸,계단
IC_7_0085,7호선,굴포천,2,5,1,5-1칸,엘리베이터
IC_7_0085,7호선,굴포천,2,6,2,6-2칸,에스컬레이터
IC_7_0085,7호선,굴포천,2,6,2,6-2칸,계단
IC_7_0250,7호선,부평구청,1,2,4,2-4칸,에스컬레이터
IC_7_0250,7호선,부평구청,1,2,4,2-4칸,계단
IC_7_0250,7호선,부평구청,1,4,1,4-1칸,엘리베이터
IC_7_0250,7호선,부평구청,1,4,4,4-4칸,에스컬레이터
IC_7_0250,7호선,부평구청,1,4,4,4-4칸,계단
IC_7_0250,7호선,부평구청,1,8,4,8-4칸,엘리베이터
IC_7_0250,7호선,부평구청,1,8,4,8-4칸,에스컬레이터
IC_7_0250,7호선,부평구청,1,8,4,8-4칸,계단
IC_7_0250,7호선,부평구청,2,1,1,1-1칸,엘리베이터
IC_7_0250,7호선,부평구청,2,2,1,2-1칸,에스컬레이터
IC_7_0250,7호선,부평구청,2,2,1,2-1칸,계단
IC_7_0250,7호선,부평구청,2,5,1,5-1칸,에스컬레이터
IC_7_0250,7호선,부평구청,2,5,1,5-1칸,계단
IC_7_0250,7호선,부평구청,2,5,4,5-4칸,엘리베이터
IC_7_0250,7호선,부평구청,2,7,1,7-1칸,에스컬레이터
IC_7_0250,7호선,부평구청,2,7,1,7-1칸,계단
IC_7_1352,7호선,산곡,1,3,3,3-3칸,에스컬레이터
IC_7_1352,7호선,산곡,1,5,1,5-1칸,엘리베이터
IC_7_1352,7호선,산곡,1,6,1,6-1칸,계단
IC_7_1352,7호선,산곡,1,6,2,6-2칸,에스컬레이터
IC_7_1352,7호선,산곡,2,3,3,3-3칸,에스컬레이터
IC_7_1352,7호선,산곡,2,3,4,3-4칸,계단
IC_7_1352,7호선,산곡,2,5,1,5-1칸,엘리베이터
IC_7_1352,7호선,산곡,2,6,2,6-2칸,에스컬레이터
IC_7_0301,7호선,석남,1,1,3,1-3칸,엘리베이터
IC_7_0301,7호선,석남,1,2,4,2-4칸,에스컬레이터
IC_7_0301,7호선,석남,1,2,4,2-4칸,계단
IC_7_0301,7호선,석남,1,6,2,6-2칸,에스컬레이터
IC_7_0301,7호선,석남,1,6,2,6-2칸,계단
IC_7_0301,7호선,석남,1,7,3,7-3칸,엘리베이터
IC_7_0301,7호선,석남,2,2,2,2-2칸,엘리베이터
IC_7_0301,7호선,석남,2,3,3,3-3칸,에스컬레이터
IC_7_0301,7호선,석남,2,3,3,3-3칸,계단
IC_7_0301,7호선,석남,2,7,1,7-1칸,에스컬레이터
IC_7_0301,7호선,석남,2,7,1,7-1칸,계단
IC_7_0301,7호선,석남,2,8,4,8-4칸,엘리베이터
NU_8_0230,8호선,별내,1,2,1,2-1칸,계단
NU_8_0230,8호선,별내,1,3,1,3-1칸,에스컬레이터
NU_8_0230,8호선,별내,1,3,2,3-2칸,엘리베이터
NU_8_0230,8호선,별내,1,4,4,4-4칸,계단
NU_8_0230,8호선,별내,1,6,4,6-4칸,계단
NU_8_0230,8호선,별내,2,1,1,1-1칸,계단
NU_8_0230,8호선,별내,2,2,1,2-1칸,에스컬레이터
NU_8_0230,8호선,별내,2,3,2,3-2칸,엘리베이터
NU_8_0230,8호선,별내,2,4,4,4-4칸,계단
NU_8_0230,8호선,별내,2,6,1,6-1칸,계단
NU_8_1376,8호선,다산,1,1,1,1-1칸,계단
NU_8_1376,8호선,다산,1,2,1,2-1칸,에스컬레이터
NU_8_1376,8호선,다산,1,4,1,4-1칸,엘리베이터
NU_8_1376,8호선,다산,1,5,4,5-4칸,에스컬레이터
NU_8_1376,8호선,다산,2,2,1,2-1칸,에스컬레이터
NU_8_1376,8호선,다산,2,4,1,4-1칸,엘리베이터
NU_8_1376,8호선,다산,2,5,4,5-4칸,에스컬레이터
NU_8_1376,8호선,다산,2,6,3,6-3칸,계단
S1_8_1373,8호선,암사역사공원,1,2,3,2-3칸,에스컬레이터
S1_8_1373,8호선,암사역사공원,1,3,4,3-4칸,엘리베이터
S1_8_1373,8호선,암사역사공원,1,5,1,5-1칸,계단
S1_8_1373,8호선,암사역사공원,2,2,4,2-4칸,계단
S1_8_1373,8호선,암사역사공원,2,4,1,4-1칸,엘리베이터
S1_8_1373,8호선,암사역사공원,2,5,2,5-2칸,에스컬레이터
S1_8_0391,8호선,암사,1,2,4,2-4칸,에스컬레이터
S1_8_0391,8호선,암사,1,3,4,3-4칸,엘리베이터
S1_8_0391,8호선,암사,1,4,3,4-3칸,에스컬레이터
S1_8_0391,8호선,암사,2,3,2,3-2칸,에스컬레이터
S1_8_0391,8호선,암사,2,4,1,4-1칸,엘리베이터
S1_8_0391,8호선,암사,2,5,1,5-1칸,에스컬레이터
S1_8_0546,8호선,천호,1,2,1,2-1칸,엘리베이터
S1_8_0546,8호선,천호,1,2,4,2-4칸,계단
S1_8_0546,8호선,천호,2,5,4,5-4칸,엘리베이터
S1_8_0546,8호선,천호,2,5,4,5-4칸,계단
S1_8_0021,8호선,강동구청,1,3,2,3-2칸,계단
S1_8_0021,8호선,강동구청,1,4,2,4-2칸,엘리베이터
S1_8_0021,8호선,강동구청,1,5,1,5-1칸,계단
S1_8_0021,8호선,강동구청,2,2,4,2-4칸,계단
S1_8_0021,8호선,강동구청,2,3,2,3-2칸,엘리베이터
S1_8_0021,8호선,강동구청,2,4,3,4-3칸,계단
S1_8_0204,8호선,몽촌토성,1,2,4,2-4칸,계단
S1_8_0204,8호선,몽촌토성,1,3,4,3-4칸,엘리베이터
S1_8_0204,8호선,몽촌토성,1,4,4,4-4칸,계단
S1_8_0204,8호선,몽촌토성,2,3,1,3-1칸,계단
S1_8_0204,8호선,몽촌토성,2,4,1,4-1칸,엘리베이터
S1_8_0204,8호선,몽촌토성,2,5,1,5-1칸,계단
S1_8_0497,8호선,잠실,1,2,3,2-3칸,엘리베이터
S1_8_0497,8호선,잠실,1,3,1,3-1칸,계단
S1_8_0497,8호선,잠실,1,5,1,5-1칸,계단
S1_8_0497,8호선,잠실,2,2,4,2-4칸,계단
S1_8_0497,8호선,잠실,2,4,4,4-4칸,계단
S1_8_0497,8호선,잠실,2,5,2,5-2칸,엘리베이터
S1_8_0305,8호선,석촌,1,2,4,2-4칸,계단
S1_8_0305,8호선,석촌,1,3,4,3-4칸,엘리베이터
S1_8_0305,8호선,석촌,1,4,4,4-4칸,계단
S1_8_0305,8호선,석촌,2,3,1,3-1칸,계단
S1_8_0305,8호선,석촌,2,4,1,4-1칸,엘리베이터
S1_8_0305,8호선,석촌,2,5,1,5-1칸,계단
S1_8_0332,8호선,송파,1,2,4,2-4칸,계단
S1_8_0332,8호선,송파,1,3,4,3-4칸,엘리베이터
S1_8_0332,8호선,송파,1,4,4,4-4칸,계단
S1_8_0332,8호선,송파,2,3,1,3-1칸,계단
S1_8_0332,8호선,송파,2,4,1,4-1칸,엘리베이터
S1_8_0332,8호선,송파,2,5,1,5-1칸,계단
S1_8_0003,8호선,가락시장,1,3,1,3-1칸,계단
S1_8_0003,8호선,가락시장,1,4,3,4-3칸,계단
S1_8_0003,8호선,가락시장,1,5,4,5-4칸,엘리베이터
S1_8_0003,8호선,가락시장,1,6,4,6-4칸,엘리베이터
S1_8_0003,8호선,가락시장,1,6,4,6-4칸,에스컬레이터
S1_8_0003,8호선,가락시장,2,1,1,1-1칸,엘리베이터
S1_8_0003,8호선,가락시장,2,1,1,1-1칸,에스컬레이터
S1_8_0003,8호선,가락시장,2,2,3,2-3칸,엘리베이터
S1_8_0003,8호선,가락시장,2,3,1,3-1칸,계단
S1_8_0003,8호선,가락시장,2,4,4,4-4칸,계단
S1_8_0208,8호선,문정,1,2,4,2-4칸,계단
S1_8_0208,8호선,문정,1,3,4,3-4칸,엘리베이터
S1_8_0208,8호선,문정,1,4,4,4-4칸,계단
S1_8_0208,8호선,문정,2,3,1,3-1칸,계단
S1_8_0208,8호선,문정,2,4,1,4-1칸,엘리베이터
S1_8_0208,8호선,문정,2,5,1,5-1칸,계단
S1_8_0504,8호선,장지,1,3,1,3-1칸,계단
S1_8_0504,8호선,장지,1,4,1,4-1칸,엘리베이터
S1_8_0504,8호선,장지,1,5,1,5-1칸,계단
S1_8_0504,8호선,장지,2,2,4,2-4칸,계단
S1_8_0504,8호선,장지,2,3,4,3-4칸,엘리베이터
S1_8_0504,8호선,장지,2,4,4,4-4칸,계단
S1_8_0238,8호선,복정,1,2,4,2-4칸,계단
S1_8_0238,8호선,복정,1,3,4,3-4칸,엘리베이터
S1_8_0238,8호선,복정,1,5,2,5-2칸,에스컬레이터
S1_8_0238,8호선,복정,1,5,2,5-2칸,계단
S1_8_0238,8호선,복정,2,2,3,2-3칸,에스컬레이터
S1_8_0238,8호선,복정,2,2,3,2-3칸,계단
S1_8_0238,8호선,복정,2,3,4,3-4칸,엘리베이터
S1_8_0238,8호선,복정,2,4,4,4-4칸,계단
S1_8_1366,8호선,남위례,1,4,1,4-1칸,엘리베이터
S1_8_1366,8호선,남위례,1,4,1,4-1칸,에스컬레이터
S1_8_1366,8호선,남위례,1,4,1,4-1칸,계단
S1_8_1366,8호선,남위례,2,2,2,2-2칸,계단
S1_8_1366,8호선,남위례,2,3,4,3-4칸,엘리베이터
S1_8_1366,8호선,남위례,2,5,1,5-1칸,에스컬레이터
S1_8_0261,8호선,산성,1,1,1,1-1칸,엘리베이터
S1_8_0261,8호선,산성,1,1,3,1-3칸,계단
S1_8_0261,8호선,산성,1,1,4,1-4칸,에스컬레이터
S1_8_0261,8호선,산성,2,6,1,6-1칸,엘리베이터
S1_8_0261,8호선,산성,2,6,3,6-3칸,계단
S1_8_0261,8호선,산성,2,6,4,6-4칸,에스컬레이터
S1_8_0111,8호선,남한산성입구,1,1,1,1-1칸,엘리베이터
S1_8_0111,8호선,남한산성입구,1,1,1,1-1칸,에스컬레이터
S1_8_0111,8호선,남한산성입구,1,1,1,1-1칸,계단
S1_8_0111,8호선,남한산성입구,1,3,1,3-1칸,엘리베이터
S1_8_0111,8호선,남한산성입구,1,4,3,4-3칸,계단
S1_8_0111,8호선,남한산성입구,2,3,2,3-2칸,엘리베이터
S1_8_0111,8호선,남한산성입구,2,4,4,4-4칸,계단
S1_8_0111,8호선,남한산성입구,2,6,1,6-1칸,엘리베이터
S1_8_0111,8호선,남한산성입구,2,6,1,6-1칸,에스컬레이터
S1_8_0111,8호선,남한산성입구,2,6,1,6-1칸,계단
S1_8_0122,8호선,단대오거리,1,2,4,2-4칸,엘리베이터
S1_8_0122,8호선,단대오거리,1,3,3,3-3칸,계단
S1_8_0122,8호선,단대오거리,1,5,1,5-1칸,계단
S1_8_0122,8호선,단대오거리,2,2,4,2-4칸,계단
S1_8_0122,8호선,단대오거리,2,4,2,4-2칸,계단
S1_8_0122,8호선,단대오거리,2,5,1,5-1칸,엘리베이터
S1_8_0379,8호선,신흥,1,3,2,3-2칸,계단
S1_8_0379,8호선,신흥,1,4,1,4-1칸,엘리베이터
S1_8_0379,8호선,신흥,1,5,1,5-1칸,계단
S1_8_0379,8호선,신흥,2,2,4,2-4칸,계단
S1_8_0379,8호선,신흥,2,3,4,3-4칸,엘리베이터
S1_8_0379,8호선,신흥,2,4,4,4-4칸,계단
S1_8_0342,8호선,수진,1,2,4,2-4칸,계단
S1_8_0342,8호선,수진,1,3,4,3-4칸,엘리베이터
S1_8_0342,8호선,수진,1,4,4,4-4칸,계단
S1_8_0342,8호선,수진,2,3,1,3-1칸,계단
S1_8_0342,8호선,수진,2,4,1,4-1칸,엘리베이터
S1_8_0342,8호선,수진,2,5,1,5-1칸,계단
S1_8_0201,8호선,모란,1,2,3,2-3칸,엘리베이터
S1_8_0201,8호선,모란,1,3,2,3-2칸,계단
S1_8_0201,8호선,모란,1,5,1,5-1칸,계단
S1_8_0201,8호선,모란,2,2,4,2-4칸,계단
S1_8_0201,8호선,모란,2,4,3,4-3칸,계단
S1_8_0201,8호선,모란,2,5,2,5-2칸,엘리베이터
S9_9_0531,9호선,증미,1,1,1,1-1칸,에스컬레이터
S9_9_0531,9호선,증미,1,1,1,1-1칸,계단
S9_9_0531,9호선,증미,1,3,1,3-1칸,엘리베이터
S9_9_0531,9호선,증미,1,4,4,4-4칸,에스컬레이터
S9_9_0531,9호선,증미,1,4,4,4-4칸,계단
S9_9_0531,9호선,증미,2,1,1,1-1칸,에스컬레이터
S9_9_0531,9호선,증미,2,1,1,1-1칸,계단
S9_9_0531,9호선,증미,2,2,4,2-4칸,엘리베이터
S9_9_0531,9호선,증미,2,4,4,4-4칸,에스컬레이터
S9_9_0531,9호선,증미,2,4,4,4-4칸,계단
S9_9_0610,9호선,흑석,1,2,2,2-2칸,에스컬레이터
S9_9_0610,9호선,흑석,1,2,2,2-2칸,계단
S9_9_0610,9호선,흑석,1,3,3,3-3칸,엘리베이터
S9_9_0610,9호선,흑석,1,4,4,4-4칸,에스컬레이터
S9_9_0610,9호선,흑석,1,4,4,4-4칸,계단
S9_9_0610,9호선,흑석,2,1,1,1-1칸,에스컬레이터
S9_9_0610,9호선,흑석,2,2,2,2-2칸,엘리베이터
S9_9_0610,9호선,흑석,2,3,3,3-3칸,에스컬레이터
S9_9_0410,9호선,언주,1,2,2,2-2칸,에스컬레이터
S9_9_0410,9호선,언주,1,2,2,2-2칸,계단
S9_9_0410,9호선,언주,1,2,3,2-3칸,에스컬레이터
S9_9_0410,9호선,언주,1,2,3,2-3칸,계단
S9_9_0410,9호선,언주,1,3,3,3-3칸,엘리베이터
S9_9_0410,9호선,언주,1,3,4,3-4칸,엘리베이터
S9_9_0410,9호선,언주,1,4,3,4-3칸,에스컬레이터
S9_9_0410,9호선,언주,1,4,3,4-3칸,계단
S9_9_0410,9호선,언주,1,4,4,4-4칸,에스컬레이터
S9_9_0410,9호선,언주,1,4,4,4-4칸,계단
S9_9_0410,9호선,언주,2,3,1,3-1칸,에스컬레이터
S9_9_0410,9호선,언주,2,3,1,3-1칸,계단
S9_9_0410,9호선,언주,2,3,2,3-2칸,에스컬레이터
S9_9_0410,9호선,언주,2,3,2,3-2칸,계단
S9_9_0410,9호선,언주,2,4,1,4-1칸,엘리베이터
S9_9_0410,9호선,언주,2,4,2,4-2칸,엘리베이터
S9_9_0410,9호선,언주,2,5,1,5-1칸,에스컬레이터
S9_9_0410,9호선,언주,2,5,1,5-1칸,계단
S9_9_0410,9호선,언주,2,5,2,5-2칸,에스컬레이터
S9_9_0410,9호선,언주,2,5,2,5-2칸,계단
S9_9_0309,9호선,선정릉,1,2,1,2-1칸,에스컬레이터
S9_9_0309,9호선,선정릉,1,2,1,2-1칸,계단
S9_9_0309,9호선,선정릉,1,2,2,2-2칸,에스컬레이터
S9_9_0309,9호선,선정릉,1,2,2,2-2칸,계단
S9_9_0309,9호선,선정릉,1,2,3,2-3칸,엘리베이터
S9_9_0309,9호선,선정릉,1,2,4,2-4칸,엘리베이터
S9_9_0309,9호선,선정릉,1,3,3,3-3칸,에스컬레이터
S9_9_0309,9호선,선정릉,1,3,3,3-3칸,계단
S9_9_0309,9호선,선정릉,1,3,4,3-4칸,에스컬레이터
S9_9_0309,9호선,선정릉,1,3,4,3-4칸,계단
S9_9_0309,9호선,선정릉,1,5,2,5-2칸,엘리베이터
S9_9_0309,9호선,선정릉,1,5,3,5-3칸,엘리베이터
S9_9_0309,9호선,선정릉,1,6,4,6-4칸,에스컬레이터
S9_9_0309,9호선,선정릉,1,6,4,6-4칸,계단
S9_9_0309,9호선,선정릉,2,1,1,1-1칸,에스컬레이터
S9_9_0309,9호선,선정릉,2,1,1,1-1칸,계단
S9_9_0309,9호선,선정릉,2,2,2,2-2칸,엘리베이터
S9_9_0309,9호선,선정릉,2,2,3,2-3칸,엘리베이터
S9_9_0309,9호선,선정릉,2,4,1,4-1칸,에스컬레이터
S9_9_0309,9호선,선정릉,2,4,1,4-1칸,계단
S9_9_0309,9호선,선정릉,2,4,2,4-2칸,에스컬레이터
S9_9_0309,9호선,선정릉,2,4,2,4-2칸,계단
S9_9_0309,9호선,선정릉,2,4,4,4-4칸,엘리베이터
S9_9_0309,9호선,선정릉,2,5,1,5-1칸,엘리베이터
S9_9_0309,9호선,선정릉,2,5,3,5-3칸,에스컬레이터
S9_9_0309,9호선,선정릉,2,5,3,5-3칸,계단
S9_9_0309,9호선,선정릉,2,5,4,5-4칸,에스컬레이터
S9_9_0309,9호선,선정릉,2,5,4,5-4칸,계단
S9_9_0267,9호선,삼성중앙,1,2,4,2-4칸,에스컬레이터
S9_9_0267,9호선,삼성중앙,1,3,1,3-1칸,에스컬레이터
S9_9_0267,9호선,삼성중앙,1,4,1,4-1칸,엘리베이터
S9_9_0267,9호선,삼성중앙,1,4,2,4-2칸,엘리베이터
S9_9_0267,9호선,삼성중앙,1,5,1,5-1칸,계단
S9_9_0267,9호선,삼성중앙,1,5,2,5-2칸,계단
S9_9_0267,9호선,삼성중앙,2,2,3,2-3칸,계단
S9_9_0267,9호선,삼성중앙,2,2,4,2-4칸,계단
S9_9_0267,9호선,삼성중앙,2,3,3,3-3칸,엘리베이터
S9_9_0267,9호선,삼성중앙,2,3,4,3-4칸,엘리베이터
S9_9_0267,9호선,삼성중앙,2,4,4,4-4칸,에스컬레이터
S9_9_0267,9호선,삼성중앙,2,5,1,5-1칸,에스컬레이터
S9_9_0241,9호선,봉은사,1,2,3,2-3칸,에스컬레이터
S9_9_0241,9호선,봉은사,1,2,3,2-3칸,계단
S9_9_0241,9호선,봉은사,1,2,4,2-4칸,에스컬레이터
S9_9_0241,9호선,봉은사,1,2,4,2-4칸,계단
S9_9_0241,9호선,봉은사,1,3,4,3-4칸,엘리베이터
S9_9_0241,9호선,봉은사,1,4,1,4-1칸,엘리베이터
S9_9_0241,9호선,봉은사,1,5,1,5-1칸,에스컬레이터
S9_9_0241,9호선,봉은사,1,5,1,5-1칸,계단
S9_9_0241,9호선,봉은사,1,5,2,5-2칸,에스컬레이터
S9_9_0241,9호선,봉은사,1,5,2,5-2칸,계단
S9_9_0241,9호선,봉은사,2,2,3,2-3칸,에스컬레이터
S9_9_0241,9호선,봉은사,2,2,3,2-3칸,계단
S9_9_0241,9호선,봉은사,2,2,4,2-4칸,에스컬레이터
S9_9_0241,9호선,봉은사,2,2,4,2-4칸,계단
S9_9_0241,9호선,봉은사,2,3,4,3-4칸,엘리베이터
S9_9_0241,9호선,봉은사,2,4,1,4-1칸,엘리베이터
S9_9_0241,9호선,봉은사,2,5,1,5-1칸,에스컬레이터
S9_9_0241,9호선,봉은사,2,5,1,5-1칸,계단
S9_9_0241,9호선,봉은사,2,5,2,5-2칸,에스컬레이터
S9_9_0241,9호선,봉은사,2,5,2,5-2칸,계단
S9_9_0518,9호선,종합운동장,1,1,4,1-4칸,엘리베이터
S9_9_0518,9호선,종합운동장,1,2,1,2-1칸,엘리베이터
S9_9_0518,9호선,종합운동장,1,2,2,2-2칸,에스컬레이터
S9_9_0518,9호선,종합운동장,1,2,2,2-2칸,계단
S9_9_0518,9호선,종합운동장,1,2,3,2-3칸,에스컬레이터
S9_9_0518,9호선,종합운동장,1,2,3,2-3칸,계단
S9_9_0518,9호선,종합운동장,1,4,1,4-1칸,엘리베이터
S9_9_0518,9호선,종합운동장,1,4,2,4-2칸,엘리베이터
S9_9_0518,9호선,종합운동장,1,5,4,5-4칸,에스컬레이터
S9_9_0518,9호선,종합운동장,1,5,4,5-4칸,계단
S9_9_0518,9호선,종합운동장,1,6,1,6-1칸,에스컬레이터
S9_9_0518,9호선,종합운동장,1,6,1,6-1칸,계단
S9_9_0518,9호선,종합운동장,2,1,4,1-4칸,에스컬레이터
S9_9_0518,9호선,종합운동장,2,1,4,1-4칸,계단
S9_9_0518,9호선,종합운동장,2,2,1,2-1칸,에스컬레이터
S9_9_0518,9호선,종합운동장,2,2,1,2-1칸,계단
S9_9_0518,9호선,종합운동장,2,3,3,3-3칸,엘리베이터
S9_9_0518,9호선,종합운동장,2,3,4,3-4칸,엘리베이터
S9_9_0518,9호선,종합운동장,2,5,2,5-2칸,에스컬레이터
S9_9_0518,9호선,종합운동장,2,5,2,5-2칸,계단
S9_9_0518,9호선,종합운동장,2,5,3,5-3칸,에스컬레이터
S9_9_0518,9호선,종합운동장,2,5,3,5-3칸,계단
S9_9_0518,9호선,종합운동장,2,5,4,5-4칸,엘리베이터
S9_9_0518,9호선,종합운동장,2,6,1,6-1칸,엘리베이터
S9_9_1153,9호선,삼전,1,2,2,2-2칸,에스컬레이터
S9_9_1153,9호선,삼전,1,2,3,2-3칸,에스컬레이터
S9_9_1153,9호선,삼전,1,3,3,3-3칸,엘리베이터
S9_9_1153,9호선,삼전,1,3,4,3-4칸,엘리베이터
S9_9_1153,9호선,삼전,1,5,1,5-1칸,에스컬레이터
S9_9_1153,9호선,삼전,1,5,2,5-2칸,에스컬레이터
S9_9_1153,9호선,삼전,2,2,3,2-3칸,에스컬레이터
S9_9_1153,9호선,삼전,2,2,4,2-4칸,에스컬레이터
S9_9_1153,9호선,삼전,2,4,1,4-1칸,엘리베이터
S9_9_1153,9호선,삼전,2,4,2,4-2칸,엘리베이터
S9_9_1153,9호선,삼전,2,5,3,5-3칸,에스컬레이터
S9_9_1153,9호선,삼전,2,5,4,5-4칸,에스컬레이터
S9_9_1154,9호선,석촌고분,1,2,4,2-4칸,에스컬레이터
S9_9_1154,9호선,석촌고분,1,3,1,3-1칸,에스컬레이터
S9_9_1154,9호선,석촌고분,1,3,1,3-1칸,계단
S9_9_1154,9호선,석촌고분,1,4,1,4-1칸,엘리베이터
S9_9_1154,9호선,석촌고분,1,4,2,4-2칸,엘리베이터
S9_9_1154,9호선,석촌고분,1,5,2,5-2칸,에스컬레이터
S9_9_1154,9호선,석촌고분,1,5,3,5-3칸,에스컬레이터
S9_9_1154,9호선,석촌고분,1,5,3,5-3칸,계단
S9_9_1154,9호선,석촌고분,2,2,2,2-2칸,에스컬레이터
S9_9_1154,9호선,석촌고분,2,2,3,2-3칸,에스컬레이터
S9_9_1154,9호선,석촌고분,2,2,3,2-3칸,계단
S9_9_1154,9호선,석촌고분,2,3,3,3-3칸,엘리베이터
S9_9_1154,9호선,석촌고분,2,3,4,3-4칸,엘리베이터
S9_9_1154,9호선,석촌고분,2,4,4,4-4칸,에스컬레이터
S9_9_1154,9호선,석촌고분,2,5,1,5-1칸,에스컬레이터
S9_9_1154,9호선,석촌고분,2,5,1,5-1칸,계단
S9_9_0305,9호선,석촌,1,1,1,1-1칸,에스컬레이터
S9_9_0305,9호선,석촌,1,1,2,1-2칸,에스컬레이터
S9_9_0305,9호선,석촌,1,1,3,1-3칸,엘리베이터
S9_9_0305,9호선,석촌,1,1,4,1-4칸,에스컬레이터
S9_9_0305,9호선,석촌,1,2,1,2-1칸,에스컬레이터
S9_9_0305,9호선,석촌,1,2,1,2-1칸,계단
S9_9_0305,9호선,석촌,1,4,1,4-1칸,에스컬레이터
S9_9_0305,9호선,석촌,1,4,2,4-2칸,에스컬레이터
S9_9_0305,9호선,석촌,1,4,4,4-4칸,엘리베이터
S9_9_0305,9호선,석촌,1,5,1,5-1칸,엘리베이터
S9_9_0305,9호선,석촌,1,6,4,6-4칸,에스컬레이터
S9_9_0305,9호선,석촌,1,6,4,6-4칸,계단
S9_9_0305,9호선,석촌,2,1,1,1-1칸,에스컬레이터
S9_9_0305,9호선,석촌,2,1,1,1-1칸,계단
S9_9_0305,9호선,석촌,2,2,4,2-4칸,엘리베이터
S9_9_0305,9호선,석촌,2,3,1,3-1칸,엘리베이터
S9_9_0305,9호선,석촌,2,3,3,3-3칸,에스컬레이터
S9_9_0305,9호선,석촌,2,3,4,3-4칸,에스컬레이터
S9_9_0305,9호선,석촌,2,5,4,5-4칸,에스컬레이터
S9_9_0305,9호선,석촌,2,6,1,6-1칸,에스컬레이터
S9_9_0305,9호선,석촌,2,6,1,6-1칸,계단
S9_9_0305,9호선,석촌,2,6,2,6-2칸,엘리베이터
S9_9_0305,9호선,석촌,2,6,3,6-3칸,에스컬레이터
S9_9_0305,9호선,석촌,2,6,4,6-4칸,에스컬레이터
S9_9_1155,9호선,송파나루,1,2,3,2-3칸,에스컬레이터
S9_9_1155,9호선,송파나루,1,2,4,2-4칸,에스컬레이터
S9_9_1155,9호선,송파나루,1,2,4,2-4칸,계단
S9_9_1155,9호선,송파나루,1,3,4,3-4칸,엘리베이터
S9_9_1155,9호선,송파나루,1,4,1,4-1칸,엘리베이터
S9_9_1155,9호선,송파나루,1,5,3,5-3칸,에스컬레이터
S9_9_1155,9호선,송파나루,1,5,4,5-4칸,에스컬레이터
S9_9_1155,9호선,송파나루,1,5,4,5-4칸,계단
S9_9_1155,9호선,송파나루,2,2,1,2-1칸,에스컬레이터
S9_9_1155,9호선,송파나루,2,2,2,2-2칸,에스컬레이터
S9_9_1155,9호선,송파나루,2,2,2,2-2칸,계단
S9_9_1155,9호선,송파나루,2,3,4,3-4칸,엘리베이터
S9_9_1155,9호선,송파나루,2,4,1,4-1칸,엘리베이터
S9_9_1155,9호선,송파나루,2,5,1,5-1칸,에스컬레이터
S9_9_1155,9호선,송파나루,2,5,2,5-2칸,에스컬레이터
S9_9_1155,9호선,송파나루,2,5,2,5-2칸,계단
S9_9_1156,9호선,한성백제,1,2,4,2-4칸,에스컬레이터
S9_9_1156,9호선,한성백제,1,3,1,3-1칸,에스컬레이터
S9_9_1156,9호선,한성백제,1,3,1,3-1칸,계단
S9_9_1156,9호선,한성백제,1,4,2,4-2칸,엘리베이터
S9_9_1156,9호선,한성백제,1,4,3,4-3칸,엘리베이터
S9_9_1156,9호선,한성백제,1,5,4,5-4칸,에스컬레이터
S9_9_1156,9호선,한성백제,1,6,1,6-1칸,에스컬레이터
S9_9_1156,9호선,한성백제,1,6,1,6-1칸,계단
S9_9_1156,9호선,한성백제,2,1,4,1-4칸,에스컬레이터
S9_9_1156,9호선,한성백제,2,2,1,2-1칸,에스컬레이터
S9_9_1156,9호선,한성백제,2,2,1,2-1칸,계단
S9_9_1156,9호선,한성백제,2,3,2,3-2칸,엘리베이터
S9_9_1156,9호선,한성백제,2,3,3,3-3칸,엘리베이터
S9_9_1156,9호선,한성백제,2,4,4,4-4칸,에스컬레이터
S9_9_1156,9호선,한성백제,2,5,1,5-1칸,에스컬레이터
S9_9_1156,9호선,한성백제,2,5,1,5-1칸,계단
S9_9_0438,9호선,올림픽공원,1,1,4,1-4칸,계단
S9_9_0438,9호선,올림픽공원,1,2,1,2-1칸,계단
S9_9_0438,9호선,올림픽공원,1,2,3,2-3칸,엘리베이터
S9_9_0438,9호선,올림픽공원,1,2,4,2-4칸,엘리베이터
S9_9_0438,9호선,올림픽공원,1,3,3,3-3칸,에스컬레이터
S9_9_0438,9호선,올림픽공원,1,3,4,3-4칸,에스컬레이터
S9_9_0438,9호선,올림픽공원,1,4,4,4-4칸,계단
S9_9_0438,9호선,올림픽공원,1,5,1,5-1칸,계단
S9_9_0438,9호선,올림픽공원,1,6,3,6-3칸,에스컬레이터
S9_9_0438,9호선,올림픽공원,1,6,4,6-4칸,에스컬레이터
S9_9_0438,9호선,올림픽공원,2,1,1,1-1칸,에스컬레이터
S9_9_0438,9호선,올림픽공원,2,1,2,1-2칸,에스컬레이터
S9_9_0438,9호선,올림픽공원,2,2,4,2-4칸,계단
S9_9_0438,9호선,올림픽공원,2,3,1,3-1칸,계단
S9_9_0438,9호선,올림픽공원,2,4,1,4-1칸,에스컬레이터
S9_9_0438,9호선,올림픽공원,2,4,2,4-2칸,에스컬레이터
S9_9_0438,9호선,올림픽공원,2,5,1,5-1칸,엘리베이터
S9_9_0438,9호선,올림픽공원,2,5,2,5-2칸,엘리베이터
S9_9_0438,9호선,올림픽공원,2,5,4,5-4칸,계단
S9_9_0438,9호선,올림픽공원,2,6,1,6-1칸,계단
S9_9_1157,9호선,둔촌오륜,1,2,2,2-2칸,에스컬레이터
S9_9_1157,9호선,둔촌오륜,1,2,3,2-3칸,에스컬레이터
S9_9_1157,9호선,둔촌오륜,1,3,4,3-4칸,엘리베이터
S9_9_1157,9호선,둔촌오륜,1,4,1,4-1칸,엘리베이터
S9_9_1157,9호선,둔촌오륜,1,5,4,5-4칸,에스컬레이터
S9_9_1157,9호선,둔촌오륜,1,6,1,6-1칸,에스컬레이터
S9_9_1157,9호선,둔촌오륜,2,1,4,1-4칸,에스컬레이터
S9_9_1157,9호선,둔촌오륜,2,2,1,2-1칸,에스컬레이터
S9_9_1157,9호선,둔촌오륜,2,3,4,3-4칸,엘리베이터
S9_9_1157,9호선,둔촌오륜,2,4,1,4-1칸,엘리베이터
S9_9_1157,9호선,둔촌오륜,2,5,2,5-2칸,에스컬레이터
S9_9_1157,9호선,둔촌오륜,2,5,3,5-3칸,에스컬레이터
S9_9_1158,9호선,중앙보훈병원,1,2,3,2-3칸,에스컬레이터
S9_9_1158,9호선,중앙보훈병원,1,2,4,2-4칸,에스컬레이터
S9_9_1158,9호선,중앙보훈병원,1,3,3,3-3칸,엘리베이터
S9_9_1158,9호선,중앙보훈병원,1,3,4,3-4칸,엘리베이터
S9_9_1158,9호선,중앙보훈병원,1,5,1,5-1칸,계단
S9_9_1158,9호선,중앙보훈병원,1,5,2,5-2칸,계단
S9_9_1158,9호선,중앙보훈병원,2,2,3,2-3칸,계단
S9_9_1158,9호선,중앙보훈병원,2,2,4,2-4칸,계단
S9_9_1158,9호선,중앙보훈병원,2,4,1,4-1칸,엘리베이터
S9_9_1158,9호선,중앙보훈병원,2,4,2,4-2칸,엘리베이터
S9_9_1158,9호선,중앙보훈병원,2,5,2,5-2칸,에스컬레이터
S9_9_1158,9호선,중앙보훈병원,2,5,3,5-3칸,에스컬레이터
