station_id,ln_nm,stin_nm,mv_path_dv_cd,mv_path_dv_nm,mg_no,path_label,floor_sequence,n_steps,n_elevator,n_escalator,guide_text,guide_lines
KR_1_1370,1호선,연천,1,출입구-승강장,1,"1,2번 출입구 엘리베이터 → 전곡방면 승강장",1F → 2F → 3F → 1F,6,2,0,"1,2번 출입구 지상1층 엘리베이터(으)로 1개 층 올라가기 (1F → 2F, 엘리베이터) → [2F] 지상2층 엘리베이터 하차 → [2F] 표 내는 곳 통과 → 인천(전곡)방면 지상3층 엘리베이터(으)로 2개 층 내려가기 (3F → 1F, 엘리베이터) → [1F] 인천(전곡)방면 지상1층 승강장 엘리베이터 하차 → [1F] 전곡방면 승강장 이동","1. 1,2번 출입구 지상1층 엘리베이터(으)로 1개 층 올라가기 (1F → 2F, 엘리베이터) | 2. [2F] 지상2층 엘리베이터 하차 | 3. [2F] 표 내는 곳 통과 | 4. 인천(전곡)방면 지상3층 엘리베이터(으)로 2개 층 내려가기 (3F → 1F, 엘리베이터) | 5. [1F] 인천(전곡)방면 지상1층 승강장 엘리베이터 하차 | 6. [1F] 전곡방면 승강장 이동"
KR_1_1370,1호선,연천,1,출입구-승강장,2,3번 출입구 엘리베이터 → 전곡방면 승강장,1F → 2F → 3F → 1F,6,2,0,"3번 출입구 지상1층 엘리베이터(으)로 1개 층 올라가기 (1F → 2F, 엘리베이터) → [2F] 지상2층 엘리베이터 하차 → [2F] 표 내는 곳 통과 → 인천(전곡)방면 지상3층 엘리베이터(으)로 2개 층 내려가기 (3F → 1F, 엘리베이터) → [1F] 인천(전곡)방면 지상1층 승강장 엘리베이터 하차 → [1F] 전곡방면 승강장 이동","1. 3번 출입구 지상1층 엘리베이터(으)로 1개 층 올라가기 (1F → 2F, 엘리베이터) | 2. [2F] 지상2층 엘리베이터 하차 | 3. [2F] 표 내는 곳 통과 | 4. 인천(전곡)방면 지상3층 엘리베이터(으)로 2개 층 내려가기 (3F → 1F, 엘리베이터) | 5. [1F] 인천(전곡)방면 지상1층 승강장 엘리베이터 하차 | 6. [1F] 전곡방면 승강장 이동"
KR_1_1370,1호선,연천,1,출입구-승강장,3,4번 출입구 엘리베이터 → 전곡방면 승강장,1F → 2F → 3F → 1F,6,2,0,"4번 출입구 지상1층 엘리베이터(으)로 1개 층 올라가기 (1F → 2F, 엘리베이터) → [2F] 지상2층 엘리베이터 하차 → [2F] 표 내는 곳 통과 → 인천(전곡)방면 지상3층 엘리베이터(으)로 2개 층 내려가기 (3F → 1F, 엘리베이터) → [1F] 인천(전곡)방면 지상1층 승강장 엘리베이터 하차 → [1F] 전곡방면 승강장 이동","1. 4번 출입구 지상1층 엘리베이터(으)로 1개 층 올라가기 (1F → 2F, 엘리베이터) | 2. [2F] 지상2층 엘리베이터 하차 | 3. [2F] 표 내는 곳 통과 | 4. 인천(전곡)방면 지상3층 엘리베이터(으)로 2개 층 내려가기 (3F → 1F, 엘리베이터) | 5. [1F] 인천(전곡)방면 지상1층 승강장 엘리베이터 하차 | 6. [1F] 전곡방면 승강장 이동"
KR_1_1369,1호선,전곡,1,출입구-승강장,1,1번출입구 옆 엘리베이터 → 청산,3F → 1F,6,1,0,"1번 출입구 옆 엘리베이터 대합실 → 표 내는 곳 통과 → [3F] 청산 방면 지상3층 엘리베이터 → 1번 출입구 옆 엘리베이터(으)로 2개 층 내려가기 (3F → 1F, 엘리베이터) → [1F] 청산 방면 지상1층 승강장 → [1F] 승차 (휠체어칸)","1. 1번 출입구 옆 엘리베이터 대합실 | 2. 표 내는 곳 통과 | 3. [3F] 청산 방면 지상3층 엘리베이터 | 4. 1번 출입구 옆 엘리베이터(으)로 2개 층 내려가기 (3F → 1F, 엘리베이터) | 5. [1F] 청산 방면 지상1층 승강장 | 6. [1F] 승차 (휠체어칸)"
KR_1_1369,1호선,전곡,1,출입구-승강장,2,1번출입구 옆 엘리베이터 → 연천,3F → 1F,6,1,0,"1번 출입구 옆 엘리베이터 대합실 → 표 내는 곳 통과 → [3F] 연천 방면 지상3층 엘리베이터 → 1번 출입구 옆 엘리베이터(으)로 2개 층 내려가기 (3F → 1F, 엘리베이터) → [1F] 연천 방면 지상1층 승강장 → [1F] 승차 (휠체어칸)","1. 1번 출입구 옆 엘리베이터 대합실 | 2. 표 내는 곳 통과 | 3. [3F] 연천 방면 지상3층 엘리베이터 | 4. 1번 출입구 옆 엘리베이터(으)로 2개 층 내려가기 (3F → 1F, 엘리베이터) | 5. [1F] 연천 방면 지상1층 승강장 | 6. [1F] 승차 (휠체어칸)"
KR_1_1369,1호선,전곡,1,출입구-승강장,3,2/3번출입구 옆 엘리베이터 → 청산,3F → 1F,6,1,0,"2/3번 출입구 옆 엘리베이터 대합실 → 표 내는 곳 통과 → [3F] 청산 방면 지상3층 엘리베이터 → 2/3번 출입구 옆 엘리베이터(으)로 2개 층 내려가기 (3F → 1F, 엘리베이터) → [1F] 청산 방면 지상1층 승강장 → [1F] 승차 (휠체어칸)","1. 2/3번 출입구 옆 엘리베이터 대합실 | 2. 표 내는 곳 통과 | 3. [3F] 청산 방면 지상3층 엘리베이터 | 4. 2/3번 출입구 옆 엘리베이터(으)로 2개 층 내려가기 (3F → 1F, 엘리베이터) | 5. [1F] 청산 방면 지상1층 승강장 | 6. [1F] 승차 (휠체어칸)"
KR_1_1369,1호선,전곡,1,출입구-승강장,4,2/3번출입구 옆 엘리베이터 → 연천,3F → 1F,6,1,0,"2/3번 출입구 옆 엘리베이터 대합실 → 표 내는 곳 통과 → [3F] 연천 방면 지상3층 엘리베이터 → 2/3번 출입구 옆 엘리베이터(으)로 2개 층 내려가기 (3F → 1F, 엘리베이터) → [1F] 연천 방면 지상1층 승강장 → [1F] 승차 (휠체어칸)","1. 2/3번 출입구 옆 엘리베이터 대합실 | 2. 표 내는 곳 통과 | 3. [3F] 연천 방면 지상3층 엘리베이터 | 4. 2/3번 출입구 옆 엘리베이터(으)로 2개 층 내려가기 (3F → 1F, 엘리베이터) | 5. [1F] 연천 방면 지상1층 승강장 | 6. [1F] 승차 (휠체어칸)"
KR_1_1368,1호선,청산,1,출입구-승강장,1,1번출입구 옆 엘리베이터 → 소요산,1F → 2F,5,0,0,1번 출입구 → 표 내는 곳 통과 → [1F] 소요산 방면 지상1층 엘리베이터 → [2F] 소요산 방면 지상2층 승강장 → [2F] 승차 (휠체어칸),1. 1번 출입구 | 2. 표 내는 곳 통과 | 3. [1F] 소요산 방면 지상1층 엘리베이터 | 4. [2F] 소요산 방면 지상2층 승강장 | 5. [2F] 승차 (휠체어칸)
KR_1_1368,1호선,청산,1,출입구-승강장,2,1번출입구 옆 엘리베이터 → 전곡,1F → 2F,5,0,0,1번 출입구 → 표 내는 곳 통과 → [1F] 소요산 방면 지상1층 엘리베이터 → [2F] 소요산 방면 지상2층 승강장 → [2F] 승차 (휠체어칸),1. 1번 출입구 | 2. 표 내는 곳 통과 | 3. [1F] 소요산 방면 지상1층 엘리베이터 | 4. [2F] 소요산 방면 지상2층 승강장 | 5. [2F] 승차 (휠체어칸)
KR_1_1368,1호선,청산,1,출입구-승강장,3,2번출입구 옆 엘리베이터 → 소요산,1F → 2F,5,0,0,2번 출입구 → 표 내는 곳 통과 → [1F] 소요산 방면 지상1층 엘리베이터 → [2F] 소요산 방면 지상2층 승강장 → [2F] 승차 (휠체어칸),1. 2번 출입구 | 2. 표 내는 곳 통과 | 3. [1F] 소요산 방면 지상1층 엘리베이터 | 4. [2F] 소요산 방면 지상2층 승강장 | 5. [2F] 승차 (휠체어칸)
KR_1_1368,1호선,청산,1,출입구-승강장,4,2번출입구 옆 엘리베이터 → 전곡,1F → 2F,5,0,0,2번 출입구 → 표 내는 곳 통과 → [1F] 소요산 방면 지상1층 엘리베이터 → [2F] 소요산 방면 지상2층 승강장 → [2F] 승차 (휠체어칸),1. 2번 출입구 | 2. 표 내는 곳 통과 | 3. [1F] 소요산 방면 지상1층 엘리베이터 | 4. [2F] 소요산 방면 지상2층 승강장 | 5. [2F] 승차 (휠체어칸)
KR_1_0324,1호선,소요산,1,출입구-승강장,1,1번 출입구 → 동두천 방면 승강장,1F,4,0,0,[1F] 1번 출입구 대합실로 이동 → [1F] 표 내는 곳 통과 → [1F] 동두천 방면 승강장으로 이동 → [1F] 승차 (휠체어칸),1. [1F] 1번 출입구 대합실로 이동 | 2. [1F] 표 내는 곳 통과 | 3. [1F] 동두천 방면 승강장으로 이동 | 4. [1F] 승차 (휠체어칸)
KR_1_0324,1호선,소요산,1,출입구-승강장,2,1번 출입구 → 청산방면 승강장,1F,4,0,0,[1F] 1번 출입구 대합실로 이동 → [1F] 표 내는 곳 통과 → [1F] 동두천  방면승차 (휠체어칸) → 연천/인천 방면 엘리베이터 이용 (엘리베이터),1. [1F] 1번 출입구 대합실로 이동 | 2. [1F] 표 내는 곳 통과 | 3. [1F] 동두천  방면승차 (휠체어칸) | 4. 연천/인천 방면 엘리베이터 이용 (엘리베이터)
KR_1_0158,1호선,동두천,1,출입구-승강장,1,1번 출입구 옆 엘리베이터 → 소요산 방면 승강장,1F → 3F → 1F,6,2,0,"1번 출입구 옆 엘리베이터(으)로 2개 층 올라가기 (1F → 3F, 엘리베이터) → [3F] 대합실로 이동 → [3F] 표 내는 곳 통과 → 소요산 방면 엘리베이터(으)로 2개 층 내려가기 (3F → 1F, 엘리베이터) → [1F] 소요산 방면 승강장으로 이동 → [1F] 승차 (휠체어칸)","1. 1번 출입구 옆 엘리베이터(으)로 2개 층 올라가기 (1F → 3F, 엘리베이터) | 2. [3F] 대합실로 이동 | 3. [3F] 표 내는 곳 통과 | 4. 소요산 방면 엘리베이터(으)로 2개 층 내려가기 (3F → 1F, 엘리베이터) | 5. [1F] 소요산 방면 승강장으로 이동 | 6. [1F] 승차 (휠체어칸)"
KR_1_0158,1호선,동두천,1,출입구-승강장,2,1번 출입구 옆 엘리베이터 → 보산 방면 승강장,1F → 3F → 1F,6,2,0,"1번 출입구 옆 엘리베이터(으)로 2개 층 올라가기 (1F → 3F, 엘리베이터) → [3F] 대합실로 이동 → [3F] 표 내는 곳 통과 → 보산 방면 엘리베이터(으)로 2개 층 내려가기 (3F → 1F, 엘리베이터) → [1F] 보산 방면 승강장으로 이동 → [1F] 승차 (휠체어칸)","1. 1번 출입구 옆 엘리베이터(으)로 2개 층 올라가기 (1F → 3F, 엘리베이터) | 2. [3F] 대합실로 이동 | 3. [3F] 표 내는 곳 통과 | 4. 보산 방면 엘리베이터(으)로 2개 층 내려가기 (3F → 1F, 엘리베이터) | 5. [1F] 보산 방면 승강장으로 이동 | 6. [1F] 승차 (휠체어칸)"
KR_1_0158,1호선,동두천,1,출입구-승강장,3,2번 출입구 옆 엘리베이터 → 소요산 방면 승강장,1F → 3F → 1F,6,2,0,"2번 출입구 옆 엘리베이터(으)로 2개 층 올라가기 (1F → 3F, 엘리베이터) → [3F] 대합실로 이동 → [3F] 표 내는 곳 통과 → 소요산 방면 엘리베이터(으)로 2개 층 내려가기 (3F → 1F, 엘리베이터) → [1F] 소요산 방면 승강장으로 이동 → [1F] 승차 (휠체어칸)","1. 2번 출입구 옆 엘리베이터(으)로 2개 층 올라가기 (1F → 3F, 엘리베이터) | 2. [3F] 대합실로 이동 | 3. [3F] 표 내는 곳 통과 | 4. 소요산 방면 엘리베이터(으)로 2개 층 내려가기 (3F → 1F, 엘리베이터) | 5. [1F] 소요산 방면 승강장으로 이동 | 6. [1F] 승차 (휠체어칸)"
KR_1_0158,1호선,동두천,1,출입구-승강장,4,2번 출입구 옆 엘리베이터 → 보산 방면 승강장,1F → 3F → 1F,6,2,0,"2번 출입구 옆 엘리베이터(으)로 2개 층 올라가기 (1F → 3F, 엘리베이터) → [3F] 대합실로 이동 → [3F] 표 내는 곳 통과 → 보산 방면 엘리베이터(으)로 2개 층 내려가기 (3F → 1F, 엘리베이터) → [1F] 보산 방면 승강장으로 이동 → [1F] 승차 (휠체어칸)","1. 2번 출입구 옆 엘리베이터(으)로 2개 층 올라가기 (1F → 3F, 엘리베이터) | 2. [3F] 대합실로 이동 | 3. [3F] 표 내는 곳 통과 | 4. 보산 방면 엘리베이터(으)로 2개 층 내려가기 (3F → 1F, 엘리베이터) | 5. [1F] 보산 방면 승강장으로 이동 | 6. [1F] 승차 (휠체어칸)"
KR_1_0235,1호선,보산,1,출입구-승강장,1,1번 출입구 → 동두천 방면 승강장,1F → 3F,5,1,0,"[1F] 1번 출입구 대합실로 이동 → 동두천 방면 엘리베이터(으)로 2개 층 올라가기 (1F → 3F, 엘리베이터) → [3F] 동두천 방면 승강장으로 이동 → [3F] 표 내는 곳 통과 → [3F] 승차 (휠체어칸)","1. [1F] 1번 출입구 대합실로 이동 | 2. 동두천 방면 엘리베이터(으)로 2개 층 올라가기 (1F → 3F, 엘리베이터) | 3. [3F] 동두천 방면 승강장으로 이동 | 4. [3F] 표 내는 곳 통과 | 5. [3F] 승차 (휠체어칸)"
KR_1_0235,1호선,보산,1,출입구-승강장,2,1번 출입구 → 동두천중앙 방면 승강장,1F → 3F,5,1,0,"[1F] 1번 출입구 대합실로 이동 → 동두천중앙 방면 엘리베이터(으)로 2개 층 올라가기 (1F → 3F, 엘리베이터) → [3F] 동두천중앙 방면 승강장으로 이동 → [3F] 표 내는 곳 통과 → [3F] 승차 (휠체어칸)","1. [1F] 1번 출입구 대합실로 이동 | 2. 동두천중앙 방면 엘리베이터(으)로 2개 층 올라가기 (1F → 3F, 엘리베이터) | 3. [3F] 동두천중앙 방면 승강장으로 이동 | 4. [3F] 표 내는 곳 통과 | 5. [3F] 승차 (휠체어칸)"
KR_1_0235,1호선,보산,1,출입구-승강장,3,2번 출입구 → 동두천 방면 승강장,1F → 3F,5,1,0,"[1F] 2번 출입구 대합실로 이동 → 동두천 방면 엘리베이터(으)로 2개 층 올라가기 (1F → 3F, 엘리베이터) → [3F] 동두천 방면 승강장으로 이동 → [3F] 표 내는 곳 통과 → [3F] 승차 (휠체어칸)","1. [1F] 2번 출입구 대합실로 이동 | 2. 동두천 방면 엘리베이터(으)로 2개 층 올라가기 (1F → 3F, 엘리베이터) | 3. [3F] 동두천 방면 승강장으로 이동 | 4. [3F] 표 내는 곳 통과 | 5. [3F] 승차 (휠체어칸)"
KR_1_0235,1호선,보산,1,출입구-승강장,4,2번 출입구 → 동두천중앙 방면 승강장,1F → 3F,5,1,0,"[1F] 2번 출입구 대합실로 이동 → 동두천중앙 방면 엘리베이터(으)로 2개 층 올라가기 (1F → 3F, 엘리베이터) → [3F] 동두천중앙 방면 승강장으로 이동 → [3F] 표 내는 곳 통과 → [3F] 승차 (휠체어칸)","1. [1F] 2번 출입구 대합실로 이동 | 2. 동두천중앙 방면 엘리베이터(으)로 2개 층 올라가기 (1F → 3F, 엘리베이터) | 3. [3F] 동두천중앙 방면 승강장으로 이동 | 4. [3F] 표 내는 곳 통과 | 5. [3F] 승차 (휠체어칸)"
KR_1_0159,1호선,동두천중앙,1,출입구-승강장,1,1번 출입구 → 보산 방면,1F → 3F,4,0,0,1번 출입구 → [1F] 보산방면 지상1층 엘리베이터 → [3F] 보산방면 지상3층 승강장 엘리베이터 → [3F] 보산방면 승강장,1. 1번 출입구 | 2. [1F] 보산방면 지상1층 엘리베이터 | 3. [3F] 보산방면 지상3층 승강장 엘리베이터 | 4. [3F] 보산방면 승강장
KR_1_0159,1호선,동두천중앙,1,출입구-승강장,2,2번 출입구 → 보산 방면,1F → 3F,4,0,0,2번 출입구 → [1F] 보산방면 지상1층 엘리베이터 → [3F] 보산방면 지상3층 승강장 엘리베이터 → [3F] 보산방면 승강장,1. 2번 출입구 | 2. [1F] 보산방면 지상1층 엘리베이터 | 3. [3F] 보산방면 지상3층 승강장 엘리베이터 | 4. [3F] 보산방면 승강장
KR_1_0159,1호선,동두천중앙,1,출입구-승강장,3,3번 출입구 → 보산 방면,1F → 3F,4,0,0,3번 출입구 → [1F] 보산방면 지상1층 엘리베이터 → [3F] 보산방면 지상3층 승강장 엘리베이터 → [3F] 보산방면 승강장,1. 3번 출입구 | 2. [1F] 보산방면 지상1층 엘리베이터 | 3. [3F] 보산방면 지상3층 승강장 엘리베이터 | 4. [3F] 보산방면 승강장
KR_1_0159,1호선,동두천중앙,1,출입구-승강장,4,4번 출입구 → 보산 방면,1F → 3F,4,0,0,4번 출입구 → [1F] 보산방면 지상1층 엘리베이터 → [3F] 보산방면 지상3층 승강장 엘리베이터 → [3F] 보산방면 승강장,1. 4번 출입구 | 2. [1F] 보산방면 지상1층 엘리베이터 | 3. [3F] 보산방면 지상3층 승강장 엘리베이터 | 4. [3F] 보산방면 승강장
KR_1_0159,1호선,동두천중앙,1,출입구-승강장,5,1번 출입구 → 지행 방면,1F → 3F,4,0,0,1번 출입구 → [1F] 지행방면 지상1층 엘리베이터 → [3F] 지행방면 지상3층 승강장 엘리베이터 → [3F] 지행방면 승강장,1. 1번 출입구 | 2. [1F] 지행방면 지상1층 엘리베이터 | 3. [3F] 지행방면 지상3층 승강장 엘리베이터 | 4. [3F] 지행방면 승강장
KR_1_0159,1호선,동두천중앙,1,출입구-승강장,6,2번 출입구 → 지행 방면,1F → 3F,4,0,0,2번 출입구 → [1F] 지행방면 지상1층 엘리베이터 → [3F] 지행방면 지상3층 승강장 엘리베이터 → [3F] 지행방면 승강장,1. 2번 출입구 | 2. [1F] 지행방면 지상1층 엘리베이터 | 3. [3F] 지행방면 지상3층 승강장 엘리베이터 | 4. [3F] 지행방면 승강장
KR_1_0159,1호선,동두천중앙,1,출입구-승강장,7,3번 출입구 → 지행 방면,1F → 3F,4,0,0,3번 출입구 → [1F] 지행방면 지상1층 엘리베이터 → [3F] 지행방면 지상3층 승강장 엘리베이터 → [3F] 지행방면 승강장,1. 3번 출입구 | 2. [1F] 지행방면 지상1층 엘리베이터 | 3. [3F] 지행방면 지상3층 승강장 엘리베이터 | 4. [3F] 지행방면 승강장
KR_1_0159,1호선,동두천중앙,1,출입구-승강장,8,4번 출입구 → 지행 방면,1F → 3F,4,0,0,4번 출입구 → [1F] 지행방면 지상1층 엘리베이터 → [3F] 지행방면 지상3층 승강장 엘리베이터 → [3F] 지행방면 승강장,1. 4번 출입구 | 2. [1F] 지행방면 지상1층 엘리베이터 | 3. [3F] 지행방면 지상3층 승강장 엘리베이터 | 4. [3F] 지행방면 승강장
KR_1_0538,1호선,지행,1,출입구-승강장,1,1번 출입구 → 동두천중앙 방면,1F → 2F,5,1,0,"[1F] 1번 출입구 대합실로 이동 → [1F] 표 내는곳 통과 → 동두천중앙 방면 엘리베이터(2호기)(으)로 1개 층 올라가기 (1F → 2F, 엘리베이터) → [2F] 동두천중앙 방면 승강장으로 이동 → [2F] 승차(휠체어칸)","1. [1F] 1번 출입구 대합실로 이동 | 2. [1F] 표 내는곳 통과 | 3. 동두천중앙 방면 엘리베이터(2호기)(으)로 1개 층 올라가기 (1F → 2F, 엘리베이터) | 4. [2F] 동두천중앙 방면 승강장으로 이동 | 5. [2F] 승차(휠체어칸)"
KR_1_0538,1호선,지행,1,출입구-승강장,2,1번 출입구 → 덕정 방면,1F → 2F,5,1,0,"[1F] 1번 출입구 대합실로 이동 → [1F] 표 내는곳 통과 → 덕정 방면 엘리베이터(1호기)(으)로 1개 층 올라가기 (1F → 2F, 엘리베이터) → [2F] 덕정 방면 승강장으로 이동 → [2F] 승차(휠체어칸)","1. [1F] 1번 출입구 대합실로 이동 | 2. [1F] 표 내는곳 통과 | 3. 덕정 방면 엘리베이터(1호기)(으)로 1개 층 올라가기 (1F → 2F, 엘리베이터) | 4. [2F] 덕정 방면 승강장으로 이동 | 5. [2F] 승차(휠체어칸)"
KR_1_0538,1호선,지행,1,출입구-승강장,3,4번 출입구 → 동두천중앙 방면,1F → 2F,5,1,0,"[1F] 4번 출입구 대합실로 이동 → [1F] 표 내는곳 통과 → 동두천중앙 방면 엘리베이터(2호기)(으)로 1개 층 올라가기 (1F → 2F, 엘리베이터) → [2F] 동두천중앙 방면 승강장으로 이동 → [2F] 승차(휠체어칸)","1. [1F] 4번 출입구 대합실로 이동 | 2. [1F] 표 내는곳 통과 | 3. 동두천중앙 방면 엘리베이터(2호기)(으)로 1개 층 올라가기 (1F → 2F, 엘리베이터) | 4. [2F] 동두천중앙 방면 승강장으로 이동 | 5. [2F] 승차(휠체어칸)"
KR_1_0538,1호선,지행,1,출입구-승강장,4,4번 출입구 → 덕정 방면,1F → 2F,5,1,0,"[1F] 4번 출입구 대합실로 이동 → [1F] 표 내는곳 통과 → 덕정 방면 엘리베이터(1호기)(으)로 1개 층 올라가기 (1F → 2F, 엘리베이터) → [2F] 덕정 방면 승강장으로 이동 → [2F] 승차(휠체어칸)","1. [1F] 4번 출입구 대합실로 이동 | 2. [1F] 표 내는곳 통과 | 3. 덕정 방면 엘리베이터(1호기)(으)로 1개 층 올라가기 (1F → 2F, 엘리베이터) | 4. [2F] 덕정 방면 승강장으로 이동 | 5. [2F] 승차(휠체어칸)"
KR_1_0141,1호선,덕정,1,출입구-승강장,1,1번 출입구 → 지행 방면,1F → 2F,4,0,0,1번 출입구 → [1F] 지행방면 지상1층 엘리베이터 → [2F] 지행방면 지상2층 승강장 엘리베이터 → [2F] 지행방면 승강장,1. 1번 출입구 | 2. [1F] 지행방면 지상1층 엘리베이터 | 3. [2F] 지행방면 지상2층 승강장 엘리베이터 | 4. [2F] 지행방면 승강장
KR_1_0141,1호선,덕정,1,출입구-승강장,2,1번 출입구 → 덕계 방면,1F → 2F,4,0,0,1번 출입구 → [1F] 덕계방면 지상1층 엘리베이터 → [2F] 덕계방면 지상2층 승강장 엘리베이터 → [2F] 덕계방면 승강장,1. 1번 출입구 | 2. [1F] 덕계방면 지상1층 엘리베이터 | 3. [2F] 덕계방면 지상2층 승강장 엘리베이터 | 4. [2F] 덕계방면 승강장
KR_1_0139,1호선,덕계,1,출입구-승강장,1,1번 출입구 → 덕정 방면,1F → 2F,5,0,0,1번 출입구 → 개집표기 통과 → [1F] 덕정방면 지상1층 엘리베이터 → [2F] 덕정방면 지상2층 승강장 엘리베이터 → [2F] 덕정방면 승강장,1. 1번 출입구 | 2. 개집표기 통과 | 3. [1F] 덕정방면 지상1층 엘리베이터 | 4. [2F] 덕정방면 지상2층 승강장 엘리베이터 | 5. [2F] 덕정방면 승강장
KR_1_0139,1호선,덕계,1,출입구-승강장,2,2번 출입구 → 덕정 방면,1F → 2F,5,0,0,2번 출입구 → 개집표기 통과 → [1F] 덕정방면 지상1층 엘리베이터 → [2F] 덕정방면 지상2층 승강장 엘리베이터 → [2F] 덕정방면 승강장,1. 2번 출입구 | 2. 개집표기 통과 | 3. [1F] 덕정방면 지상1층 엘리베이터 | 4. [2F] 덕정방면 지상2층 승강장 엘리베이터 | 5. [2F] 덕정방면 승강장
KR_1_0139,1호선,덕계,1,출입구-승강장,3,1번 출입구 → 양주 방면,1F → 2F,5,0,0,1번 출입구 → 개집표기 통과 → [1F] 양주방면 지상1층 엘리베이터 → [2F] 양주방면 지상2층 승강장 엘리베이터 → [2F] 양주방면 승강장,1. 1번 출입구 | 2. 개집표기 통과 | 3. [1F] 양주방면 지상1층 엘리베이터 | 4. [2F] 양주방면 지상2층 승강장 엘리베이터 | 5. [2F] 양주방면 승강장
KR_1_0139,1호선,덕계,1,출입구-승강장,4,2번 출입구 → 양주 방면,1F → 2F,5,0,0,2번 출입구 → 개집표기 통과 → [1F] 양주방면 지상1층 엘리베이터 → [2F] 양주방면 지상2층 승강장 엘리베이터 → [2F] 양주방면 승강장,1. 2번 출입구 | 2. 개집표기 통과 | 3. [1F] 양주방면 지상1층 엘리베이터 | 4. [2F] 양주방면 지상2층 승강장 엘리베이터 | 5. [2F] 양주방면 승강장
KR_1_0403,1호선,양주,1,출입구-승강장,1,1번 출입구 → 덕계 방면,1F → 2F,5,1,0,"[1F] 1번 출입구 대합실로 이동 → [1F] 표 내는곳 통과 → 덕계 방면 엘리베이터(으)로 1개 층 올라가기 (1F → 2F, 엘리베이터) → [2F] 덕계 방면 승강장으로 이동 → [2F] 승차(휠체어칸)","1. [1F] 1번 출입구 대합실로 이동 | 2. [1F] 표 내는곳 통과 | 3. 덕계 방면 엘리베이터(으)로 1개 층 올라가기 (1F → 2F, 엘리베이터) | 4. [2F] 덕계 방면 승강장으로 이동 | 5. [2F] 승차(휠체어칸)"
KR_1_0403,1호선,양주,1,출입구-승강장,2,1번 출입구 → 녹양 방면,1F → 2F,5,1,0,"[1F] 1번 출입구 대합실로 이동 → [1F] 표 내는곳 통과 → 녹양 방면 엘리베이터(으)로 1개 층 올라가기 (1F → 2F, 엘리베이터) → [2F] 녹양 방면 승강장으로 이동 → [2F] 승차(휠체어칸)","1. [1F] 1번 출입구 대합실로 이동 | 2. [1F] 표 내는곳 통과 | 3. 녹양 방면 엘리베이터(으)로 1개 층 올라가기 (1F → 2F, 엘리베이터) | 4. [2F] 녹양 방면 승강장으로 이동 | 5. [2F] 승차(휠체어칸)"
KR_1_0403,1호선,양주,1,출입구-승강장,3,2번 출입구 → 덕계 방면,1F → 2F,5,1,0,"[1F] 2번 출입구 대합실로 이동 → [1F] 표 내는곳 통과 → 덕계 방면 엘리베이터(으)로 1개 층 올라가기 (1F → 2F, 엘리베이터) → [2F] 덕계 방면 승강장으로 이동 → [2F] 승차(휠체어칸)","1. [1F] 2번 출입구 대합실로 이동 | 2. [1F] 표 내는곳 통과 | 3. 덕계 방면 엘리베이터(으)로 1개 층 올라가기 (1F → 2F, 엘리베이터) | 4. [2F] 덕계 방면 승강장으로 이동 | 5. [2F] 승차(휠체어칸)"
KR_1_0403,1호선,양주,1,출입구-승강장,4,2번 출입구 → 녹양 방면,1F → 2F,5,1,0,"[1F] 2번 출입구 대합실로 이동 → [1F] 표 내는곳 통과 → 녹양 방면 엘리베이터(으)로 1개 층 올라가기 (1F → 2F, 엘리베이터) → [2F] 녹양 방면 승강장으로 이동 → [2F] 승차(휠체어칸)","1. [1F] 2번 출입구 대합실로 이동 | 2. [1F] 표 내는곳 통과 | 3. 녹양 방면 엘리베이터(으)로 1개 층 올라가기 (1F → 2F, 엘리베이터) | 4. [2F] 녹양 방면 승강장으로 이동 | 5. [2F] 승차(휠체어칸)"
KR_1_0118,1호선,녹양,1,출입구-승강장,1,1번 출입구 → 양주 방면,1F → 2F,5,0,0,1번 출입구 → 개집표기 통과 → [1F] 양주방면 지상1층 엘리베이터 → [2F] 양주방면 지상2층 승강장 엘리베이터 → [2F] 양주방면 승강장,1. 1번 출입구 | 2. 개집표기 통과 | 3. [1F] 양주방면 지상1층 엘리베이터 | 4. [2F] 양주방면 지상2층 승강장 엘리베이터 | 5. [2F] 양주방면 승강장
KR_1_0118,1호선,녹양,1,출입구-승강장,2,2번 출입구 → 양주 방면,1F → 2F,5,0,0,2번 출입구 → 개집표기 통과 → [1F] 양주방면 지상1층 엘리베이터 → [2F] 양주방면 지상2층 승강장 엘리베이터 → [2F] 양주방면 승강장,1. 2번 출입구 | 2. 개집표기 통과 | 3. [1F] 양주방면 지상1층 엘리베이터 | 4. [2F] 양주방면 지상2층 승강장 엘리베이터 | 5. [2F] 양주방면 승강장
KR_1_0118,1호선,녹양,1,출입구-승강장,3,1번 출입구 → 가능 방면,1F → 2F,5,0,0,1번 출입구 → 개집표기 통과 → [1F] 가능방면 지상1층 엘리베이터 → [2F] 가능방면 지상2층 승강장 엘리베이터 → [2F] 가능방면 승강장,1. 1번 출입구 | 2. 개집표기 통과 | 3. [1F] 가능방면 지상1층 엘리베이터 | 4. [2F] 가능방면 지상2층 승강장 엘리베이터 | 5. [2F] 가능방면 승강장
KR_1_0118,1호선,녹양,1,출입구-승강장,4,2번 출입구 → 가능 방면,1F → 2F,5,0,0,2번 출입구 → 개집표기 통과 → [1F] 가능방면 지상1층 엘리베이터 → [2F] 가능방면 지상2층 승강장 엘리베이터 → [2F] 가능방면 승강장,1. 2번 출입구 | 2. 개집표기 통과 | 3. [1F] 가능방면 지상1층 엘리베이터 | 4. [2F] 가능방면 지상2층 승강장 엘리베이터 | 5. [2F] 가능방면 승강장
KR_1_0002,1호선,가능,1,출입구-승강장,1,1번 출입구 → 녹양 방면,1F → 2F,5,0,0,1번 출입구 → 개집표기 통과 → [1F] 녹양방면 지상1층 엘리베이터 → [2F] 녹양방면 지상2층 승강장 엘리베이터 → [2F] 녹양방면 승강장,1. 1번 출입구 | 2. 개집표기 통과 | 3. [1F] 녹양방면 지상1층 엘리베이터 | 4. [2F] 녹양방면 지상2층 승강장 엘리베이터 | 5. [2F] 녹양방면 승강장
KR_1_0002,1호선,가능,1,출입구-승강장,2,2번 출입구 → 녹양 방면,1F → 2F,5,0,0,2번 출입구 → 개집표기 통과 → [1F] 녹양방면 지상1층 엘리베이터 → [2F] 녹양방면 지상2층 승강장 엘리베이터 → [2F] 녹양방면 승강장,1. 2번 출입구 | 2. 개집표기 통과 | 3. [1F] 녹양방면 지상1층 엘리베이터 | 4. [2F] 녹양방면 지상2층 승강장 엘리베이터 | 5. [2F] 녹양방면 승강장
KR_1_0002,1호선,가능,1,출입구-승강장,3,3번 출입구 → 녹양 방면,1F → 2F,5,0,0,3번 출입구 → 개집표기 통과 → [1F] 녹양방면 지상1층 엘리베이터 → [2F] 녹양방면 지상2층 승강장 엘리베이터 → [2F] 녹양방면 승강장,1. 3번 출입구 | 2. 개집표기 통과 | 3. [1F] 녹양방면 지상1층 엘리베이터 | 4. [2F] 녹양방면 지상2층 승강장 엘리베이터 | 5. [2F] 녹양방면 승강장
KR_1_0002,1호선,가능,1,출입구-승강장,4,1번 출입구 → 의정부 방면,1F → 2F,5,0,0,1번 출입구 → 개집표기 통과 → [1F] 의정부방면 지상1층 엘리베이터 → [2F] 의정부방면 지상2층 승강장 엘리베이터 → [2F] 의정부방면 승강장,1. 1번 출입구 | 2. 개집표기 통과 | 3. [1F] 의정부방면 지상1층 엘리베이터 | 4. [2F] 의정부방면 지상2층 승강장 엘리베이터 | 5. [2F] 의정부방면 승강장
KR_1_0002,1호선,가능,1,출입구-승강장,5,2번 출입구 → 의정부 방면,1F → 2F,5,0,0,2번 출입구 → 개집표기 통과 → [1F] 의정부방면 지상1층 엘리베이터 → [2F] 의정부방면 지상2층 승강장 엘리베이터 → [2F] 의정부방면 승강장,1. 2번 출입구 | 2. 개집표기 통과 | 3. [1F] 의정부방면 지상1층 엘리베이터 | 4. [2F] 의정부방면 지상2층 승강장 엘리베이터 | 5. [2F] 의정부방면 승강장
KR_1_0002,1호선,가능,1,출입구-승강장,6,3번 출입구 → 의정부 방면,1F → 2F,5,0,0,3번 출입구 → 개집표기 통과 → [1F] 의정부방면 지상1층 엘리베이터 → [2F] 의정부방면 지상2층 승강장 엘리베이터 → [2F] 의정부방면 승강장,1. 3번 출입구 | 2. 개집표기 통과 | 3. [1F] 의정부방면 지상1층 엘리베이터 | 4. [2F] 의정부방면 지상2층 승강장 엘리베이터 | 5. [2F] 의정부방면 승강장
KR_1_0470,1호선,의정부,1,출입구-승강장,1,1번 출입구 옆 엘리베이터 → 가능 방면 승강장,1F → 3F → 1F,6,2,0,"1번 출입구 옆 엘리베이터(으)로 2개 층 올라가기 (1F → 3F, 엘리베이터) → [3F] 대합실로 이동 → [3F] 표 내는 곳 통과 → 가능 방면 엘리베이터(으)로 2개 층 내려가기 (3F → 1F, 엘리베이터) → [1F] 가능 방면 승강장으로 이동 → [1F] 승차 (휠체어칸)","1. 1번 출입구 옆 엘리베이터(으)로 2개 층 올라가기 (1F → 3F, 엘리베이터) | 2. [3F] 대합실로 이동 | 3. [3F] 표 내는 곳 통과 | 4. 가능 방면 엘리베이터(으)로 2개 층 내려가기 (3F → 1F, 엘리베이터) | 5. [1F] 가능 방면 승강장으로 이동 | 6. [1F] 승차 (휠체어칸)"
KR_1_0470,1호선,의정부,1,출입구-승강장,2,1번 출입구 옆 엘리베이터 → 회룡 방면 승강장,1F → 3F → 1F,6,2,0,"1번 출입구 옆 엘리베이터(으)로 2개 층 올라가기 (1F → 3F, 엘리베이터) → [3F] 대합실로 이동 → [3F] 표 내는 곳 통과 → 회룡 방면 엘리베이터(으)로 2개 층 내려가기 (3F → 1F, 엘리베이터) → [1F] 회룡 방면 승강장으로 이동 → [1F] 승차 (휠체어칸)","1. 1번 출입구 옆 엘리베이터(으)로 2개 층 올라가기 (1F → 3F, 엘리베이터) | 2. [3F] 대합실로 이동 | 3. [3F] 표 내는 곳 통과 | 4. 회룡 방면 엘리베이터(으)로 2개 층 내려가기 (3F → 1F, 엘리베이터) | 5. [1F] 회룡 방면 승강장으로 이동 | 6. [1F] 승차 (휠체어칸)"
KR_1_0470,1호선,의정부,1,출입구-승강장,3,3번 출입구 옆 엘리베이터 → 가능 방면 승강장,1F → 3F → 1F,6,2,0,"3번 출입구 옆 엘리베이터(으)로 2개 층 올라가기 (1F → 3F, 엘리베이터) → [3F] 대합실로 이동 → [3F] 표 내는 곳 통과 → 가능 방면 엘리베이터(으)로 2개 층 내려가기 (3F → 1F, 엘리베이터) → [1F] 가능 방면 승강장으로 이동 → [1F] 승차 (휠체어칸)","1. 3번 출입구 옆 엘리베이터(으)로 2개 층 올라가기 (1F → 3F, 엘리베이터) | 2. [3F] 대합실로 이동 | 3. [3F] 표 내는 곳 통과 | 4. 가능 방면 엘리베이터(으)로 2개 층 내려가기 (3F → 1F, 엘리베이터) | 5. [1F] 가능 방면 승강장으로 이동 | 6. [1F] 승차 (휠체어칸)"
KR_1_0470,1호선,의정부,1,출입구-승강장,4,3번 출입구 옆 엘리베이터 → 회룡 방면 승강장,1F → 3F → 1F,6,2,0,"3번 출입구 옆 엘리베이터(으)로 2개 층 올라가기 (1F → 3F, 엘리베이터) → [3F] 대합실로 이동 → [3F] 표 내는 곳 통과 → 회룡 방면 엘리베이터(으)로 2개 층 내려가기 (3F → 1F, 엘리베이터) → [1F] 회룡 방면 승강장으로 이동 → [1F] 승차 (휠체어칸)","1. 3번 출입구 옆 엘리베이터(으)로 2개 층 올라가기 (1F → 3F, 엘리베이터) | 2. [3F] 대합실로 이동 | 3. [3F] 표 내는 곳 통과 | 4. 회룡 방면 엘리베이터(으)로 2개 층 내려가기 (3F → 1F, 엘리베이터) | 5. [1F] 회룡 방면 승강장으로 이동 | 6. [1F] 승차 (휠체어칸)"
KR_1_0470,1호선,의정부,1,출입구-승강장,5,4번 출입구 옆 엘리베이터 → 가능 방면 승강장,1F → 3F → 1F,6,2,0,"4번 출입구 옆 엘리베이터(으)로 2개 층 올라가기 (1F → 3F, 엘리베이터) → [3F] 대합실로 이동 → [3F] 표 내는 곳 통과 → 가능 방면 엘리베이터(으)로 2개 층 내려가기 (3F → 1F, 엘리베이터) → [1F] 가능 방면 승강장으로 이동 → [1F] 승차 (휠체어칸)","1. 4번 출입구 옆 엘리베이터(으)로 2개 층 올라가기 (1F → 3F, 엘리베이터) | 2. [3F] 대합실로 이동 | 3. [3F] 표 내는 곳 통과 | 4. 가능 방면 엘리베이터(으)로 2개 층 내려가기 (3F → 1F, 엘리베이터) | 5. [1F] 가능 방면 승강장으로 이동 | 6. [1F] 승차 (휠체어칸)"
KR_1_0470,1호선,의정부,1,출입구-승강장,6,4번 출입구 옆 엘리베이터 → 회룡 방면 승강장,1F → 3F → 1F,6,2,0,"4번 출입구 옆 엘리베이터(으)로 2개 층 올라가기 (1F → 3F, 엘리베이터) → [3F] 대합실로 이동 → [3F] 표 내는 곳 통과 → 회룡 방면 엘리베이터(으)로 2개 층 내려가기 (3F → 1F, 엘리베이터) → [1F] 회룡 방면 승강장으로 이동 → [1F] 승차 (휠체어칸)","1. 4번 출입구 옆 엘리베이터(으)로 2개 층 올라가기 (1F → 3F, 엘리베이터) | 2. [3F] 대합실로 이동 | 3. [3F] 표 내는 곳 통과 | 4. 회룡 방면 엘리베이터(으)로 2개 층 내려가기 (3F → 1F, 엘리베이터) | 5. [1F] 회룡 방면 승강장으로 이동 | 6. [1F] 승차 (휠체어칸)"
KR_1_0470,1호선,의정부,1,출입구-승강장,7,6번 출입구 옆 엘리베이터 → 가능 방면 승강장,1F → 3F → 1F,6,2,0,"6번 출입구 옆 엘리베이터(으)로 2개 층 올라가기 (1F → 3F, 엘리베이터) → [3F] 대합실로 이동 → [3F] 표 내는 곳 통과 → 가능 방면 엘리베이터(으)로 2개 층 내려가기 (3F → 1F, 엘리베이터) → [1F] 가능 방면 승강장으로 이동 → [1F] 승차 (휠체어칸)","1. 6번 출입구 옆 엘리베이터(으)로 2개 층 올라가기 (1F → 3F, 엘리베이터) | 2. [3F] 대합실로 이동 | 3. [3F] 표 내는 곳 통과 | 4. 가능 방면 엘리베이터(으)로 2개 층 내려가기 (3F → 1F, 엘리베이터) | 5. [1F] 가능 방면 승강장으로 이동 | 6. [1F] 승차 (휠체어칸)"
KR_1_0470,1호선,의정부,1,출입구-승강장,8,6번 출입구 옆 엘리베이터 → 회룡 방면 승강장,1F → 3F → 1F,6,2,0,"6번 출입구 옆 엘리베이터(으)로 2개 층 올라가기 (1F → 3F, 엘리베이터) → [3F] 대합실로 이동 → [3F] 표 내는 곳 통과 → 회룡 방면 엘리베이터(으)로 2개 층 내려가기 (3F → 1F, 엘리베이터) → [1F] 회룡 방면 승강장으로 이동 → [1F] 승차 (휠체어칸)","1. 6번 출입구 옆 엘리베이터(으)로 2개 층 올라가기 (1F → 3F, 엘리베이터) | 2. [3F] 대합실로 이동 | 3. [3F] 표 내는 곳 통과 | 4. 회룡 방면 엘리베이터(으)로 2개 층 내려가기 (3F → 1F, 엘리베이터) | 5. [1F] 회룡 방면 승강장으로 이동 | 6. [1F] 승차 (휠체어칸)"
KR_1_0470,1호선,의정부,1,출입구-승강장,9,7번 출입구 옆 엘리베이터 → 가능 방면 승강장,1F → 3F → 1F,6,2,0,"7번 출입구 옆 엘리베이터(으)로 2개 층 올라가기 (1F → 3F, 엘리베이터) → [3F] 대합실로 이동 → [3F] 표 내는 곳 통과 → 가능 방면 엘리베이터(으)로 2개 층 내려가기 (3F → 1F, 엘리베이터) → [1F] 가능 방면 승강장으로 이동 → [1F] 승차 (휠체어칸)","1. 7번 출입구 옆 엘리베이터(으)로 2개 층 올라가기 (1F → 3F, 엘리베이터) | 2. [3F] 대합실로 이동 | 3. [3F] 표 내는 곳 통과 | 4. 가능 방면 엘리베이터(으)로 2개 층 내려가기 (3F → 1F, 엘리베이터) | 5. [1F] 가능 방면 승강장으로 이동 | 6. [1F] 승차 (휠체어칸)"
KR_1_0470,1호선,의정부,1,출입구-승강장,10,7번 출입구 옆 엘리베이터 → 회룡 방면 승강장,1F → 3F → 1F,6,2,0,"7번 출입구 옆 엘리베이터(으)로 2개 층 올라가기 (1F → 3F, 엘리베이터) → [3F] 대합실로 이동 → [3F] 표 내는 곳 통과 → 회룡 방면 엘리베이터(으)로 2개 층 내려가기 (3F → 1F, 엘리베이터) → [1F] 회룡 방면 승강장으로 이동 → [1F] 승차 (휠체어칸)","1. 7번 출입구 옆 엘리베이터(으)로 2개 층 올라가기 (1F → 3F, 엘리베이터) | 2. [3F] 대합실로 이동 | 3. [3F] 표 내는 곳 통과 | 4. 회룡 방면 엘리베이터(으)로 2개 층 내려가기 (3F → 1F, 엘리베이터) | 5. [1F] 회룡 방면 승강장으로 이동 | 6. [1F] 승차 (휠체어칸)"
KR_1_0606,1호선,회룡,1,출입구-승강장,1,1번 출입구 옆 엘리베이터 → 의정부 방면,1F → 2F → 1F,6,2,0,"1번 출입구 옆 엘리베이터(으)로 1개 층 올라가기 (1F → 2F, 엘리베이터) → [2F] 대합실 이동 → [2F] 표 내는곳 통과 → 의정부 방면 엘리베이터(2호기)(으)로 1개 층 내려가기 (2F → 1F, 엘리베이터) → [1F] 의정부 방면 승강장으로 이동 → [1F] 승차 (휠체어칸)","1. 1번 출입구 옆 엘리베이터(으)로 1개 층 올라가기 (1F → 2F, 엘리베이터) | 2. [2F] 대합실 이동 | 3. [2F] 표 내는곳 통과 | 4. 의정부 방면 엘리베이터(2호기)(으)로 1개 층 내려가기 (2F → 1F, 엘리베이터) | 5. [1F] 의정부 방면 승강장으로 이동 | 6. [1F] 승차 (휠체어칸)"
KR_1_0606,1호선,회룡,1,출입구-승강장,2,1번 출입구 옆 엘리베이터 → 망월사 방면,1F → 2F → 1F,6,2,0,"1번 출입구 옆 엘리베이터(으)로 1개 층 올라가기 (1F → 2F, 엘리베이터) → [2F] 대합실 이동 → [2F] 표 내는곳 통과 → 망월사 방면 엘리베이터(1호기)(으)로 1개 층 내려가기 (2F → 1F, 엘리베이터) → [1F] 망월사 방면 승강장으로 이동 → [1F] 승차 (휠체어칸)","1. 1번 출입구 옆 엘리베이터(으)로 1개 층 올라가기 (1F → 2F, 엘리베이터) | 2. [2F] 대합실 이동 | 3. [2F] 표 내는곳 통과 | 4. 망월사 방면 엘리베이터(1호기)(으)로 1개 층 내려가기 (2F → 1F, 엘리베이터) | 5. [1F] 망월사 방면 승강장으로 이동 | 6. [1F] 승차 (휠체어칸)"
KR_1_0606,1호선,회룡,1,출입구-승강장,3,2번 출입구 옆 엘리베이터 → 의정부 방면,1F → 2F → 1F,6,2,0,"2번 출입구 옆 엘리베이터(으)로 1개 층 올라가기 (1F → 2F, 엘리베이터) → [2F] 대합실 이동 → [2F] 표 내는곳 통과 → 의정부 방면 엘리베이터(2호기)(으)로 1개 층 내려가기 (2F → 1F, 엘리베이터) → [1F] 의정부 방면 승강장으로 이동 → [1F] 승차 (휠체어칸)","1. 2번 출입구 옆 엘리베이터(으)로 1개 층 올라가기 (1F → 2F, 엘리베이터) | 2. [2F] 대합실 이동 | 3. [2F] 표 내는곳 통과 | 4. 의정부 방면 엘리베이터(2호기)(으)로 1개 층 내려가기 (2F → 1F, 엘리베이터) | 5. [1F] 의정부 방면 승강장으로 이동 | 6. [1F] 승차 (휠체어칸)"
KR_1_0606,1호선,회룡,1,출입구-승강장,4,2번 출입구 옆 엘리베이터 → 망월사 방면,1F → 2F → 1F,6,2,0,"2번 출입구 옆 엘리베이터(으)로 1개 층 올라가기 (1F → 2F, 엘리베이터) → [2F] 대합실 이동 → [2F] 표 내는곳 통과 → 망월사 방면 엘리베이터(1호기)(으)로 1개 층 내려가기 (2F → 1F, 엘리베이터) → [1F] 망월사 방면 승강장으로 이동 → [1F] 승차 (휠체어칸)","1. 2번 출입구 옆 엘리베이터(으)로 1개 층 올라가기 (1F → 2F, 엘리베이터) | 2. [2F] 대합실 이동 | 3. [2F] 표 내는곳 통과 | 4. 망월사 방면 엘리베이터(1호기)(으)로 1개 층 내려가기 (2F → 1F, 엘리베이터) | 5. [1F] 망월사 방면 승강장으로 이동 | 6. [1F] 승차 (휠체어칸)"
KR_1_0606,1호선,회룡,1,출입구-승강장,5,3번 출입구 옆 엘리베이터 → 의정부 방면,1F → 2F → 1F,6,2,0,"3번 출입구 옆 엘리베이터(으)로 1개 층 올라가기 (1F → 2F, 엘리베이터) → [2F] 대합실 이동 → [2F] 표 내는곳 통과 → 의정부 방면 엘리베이터(2호기)(으)로 1개 층 내려가기 (2F → 1F, 엘리베이터) → [1F] 의정부 방면 승강장으로 이동 → [1F] 승차 (휠체어칸)","1. 3번 출입구 옆 엘리베이터(으)로 1개 층 올라가기 (1F → 2F, 엘리베이터) | 2. [2F] 대합실 이동 | 3. [2F] 표 내는곳 통과 | 4. 의정부 방면 엘리베이터(2호기)(으)로 1개 층 내려가기 (2F → 1F, 엘리베이터) | 5. [1F] 의정부 방면 승강장으로 이동 | 6. [1F] 승차 (휠체어칸)"
KR_1_0606,1호선,회룡,1,출입구-승강장,6,3번 출입구 옆 엘리베이터 → 망월사 방면,1F → 2F → 1F,6,2,0,"3번 출입구 옆 엘리베이터(으)로 1개 층 올라가기 (1F → 2F, 엘리베이터) → [2F] 대합실 이동 → [2F] 표 내는곳 통과 → 망월사 방면 엘리베이터(1호기)(으)로 1개 층 내려가기 (2F → 1F, 엘리베이터) → [1F] 망월사 방면 승강장으로 이동 → [1F] 승차 (휠체어칸)","1. 3번 출입구 옆 엘리베이터(으)로 1개 층 올라가기 (1F → 2F, 엘리베이터) | 2. [2F] 대합실 이동 | 3. [2F] 표 내는곳 통과 | 4. 망월사 방면 엘리베이터(1호기)(으)로 1개 층 내려가기 (2F → 1F, 엘리베이터) | 5. [1F] 망월사 방면 승강장으로 이동 | 6. [1F] 승차 (휠체어칸)"
KR_1_0606,1호선,회룡,1,출입구-승강장,7,5번 출입구 옆 엘리베이터 → 의정부 방면,1F → 2F → 1F,7,2,0,"[1F] 대합실 이동 → [1F] 표 내는 곳 통과 → 대합실 방면 엘리베이터(으)로 1개 층 올라가기 (1F → 2F, 엘리베이터) → [2F] 의정부 방면 엘리베이터 이동 → 의정부 방면 엘리베이터(으)로 1개 층 내려가기 (2F → 1F, 엘리베이터) → [1F] 의정부 방면 승강장으로 이동 → [1F] 승차 (휠체어칸)","1. [1F] 대합실 이동 | 2. [1F] 표 내는 곳 통과 | 3. 대합실 방면 엘리베이터(으)로 1개 층 올라가기 (1F → 2F, 엘리베이터) | 4. [2F] 의정부 방면 엘리베이터 이동 | 5. 의정부 방면 엘리베이터(으)로 1개 층 내려가기 (2F → 1F, 엘리베이터) | 6. [1F] 의정부 방면 승강장으로 이동 | 7. [1F] 승차 (휠체어칸)"
KR_1_0606,1호선,회룡,1,출입구-승강장,8,5번 출입구 옆 엘리베이터 → 망월사 방면,1F,4,0,0,[1F] 대합실 이동 → [1F] 표 내는 곳 통과 후 망월사 방면 승강장 으로 이동 → [1F] 승차 (휠체어칸) → 5번 출입구 옆 엘리베이터 이용 (엘리베이터),1. [1F] 대합실 이동 | 2. [1F] 표 내는 곳 통과 후 망월사 방면 승강장 으로 이동 | 3. [1F] 승차 (휠체어칸) | 4. 5번 출입구 옆 엘리베이터 이용 (엘리베이터)
KR_1_0606,1호선,회룡,3,환승,1,1호선 의정부 방면 → 의정부 발곡 방면,1F → 2F,7,1,0,"[1F] 1호선 의정부 방면 승강장 하차 → 1호선 대합실 방향 엘리베이터(으)로 1개 층 올라가기 (1F → 2F, 엘리베이터) → [2F] 1호선 대합실 이동 → [2F] 표 내는 곳 옆 환승통로 이동 → [2F] 표 내는 곳 통과 → [2F] 의정부 발곡 방면 승강장으로 이동 → [2F] 승차 (휠체어칸)","1. [1F] 1호선 의정부 방면 승강장 하차 | 2. 1호선 대합실 방향 엘리베이터(으)로 1개 층 올라가기 (1F → 2F, 엘리베이터) | 3. [2F] 1호선 대합실 이동 | 4. [2F] 표 내는 곳 옆 환승통로 이동 | 5. [2F] 표 내는 곳 통과 | 6. [2F] 의정부 발곡 방면 승강장으로 이동 | 7. [2F] 승차 (휠체어칸)"
KR_1_0606,1호선,회룡,3,환승,2,1호선 의정부 방면 → 의정부 범골 방면,1F → 2F → 3F,10,2,0,"[1F] 1호선 의정부 방면 승강장 하차 → 1호선 대합실 방향 엘리베이터(으)로 1개 층 올라가기 (1F → 2F, 엘리베이터) → [2F] 1호선 대합실 이동 → [2F] 표 내는 곳 옆 환승통로 이동 → [2F] 표 내는 곳 통과 → [2F] 의정부 발곡 방면 승강장으로 이동 → [2F] 의정부 대합실 이동 → 의정부 범골 방면 엘리베이터(으)로 1개 층 올라가기 (2F → 3F, 엘리베이터) → [3F] 의정부 범골 방면 승강장으로 이동 → [3F] 승차 (휠체어칸)","1. [1F] 1호선 의정부 방면 승강장 하차 | 2. 1호선 대합실 방향 엘리베이터(으)로 1개 층 올라가기 (1F → 2F, 엘리베이터) | 3. [2F] 1호선 대합실 이동 | 4. [2F] 표 내는 곳 옆 환승통로 이동 | 5. [2F] 표 내는 곳 통과 | 6. [2F] 의정부 발곡 방면 승강장으로 이동 | 7. [2F] 의정부 대합실 이동 | 8. 의정부 범골 방면 엘리베이터(으)로 1개 층 올라가기 (2F → 3F, 엘리베이터) | 9. [3F] 의정부 범골 방면 승강장으로 이동 | 10. [3F] 승차 (휠체어칸)"
KR_1_0606,1호선,회룡,3,환승,3,1호선 망월사 방면 → 의정부 발곡 방면,1F → 2F,7,1,0,"[1F] 1호선 망월사 방면 승강장 하차 → 1호선 대합실 방향 엘리베이터(으)로 1개 층 올라가기 (1F → 2F, 엘리베이터) → [2F] 1호선 대합실 이동 → [2F] 표 내는 곳 옆 환승통로 이동 → [2F] 표 내는 곳 통과 → [2F] 의정부 발곡 방면 승강장으로 이동 → [2F] 승차 (휠체어칸)","1. [1F] 1호선 망월사 방면 승강장 하차 | 2. 1호선 대합실 방향 엘리베이터(으)로 1개 층 올라가기 (1F → 2F, 엘리베이터) | 3. [2F] 1호선 대합실 이동 | 4. [2F] 표 내는 곳 옆 환승통로 이동 | 5. [2F] 표 내는 곳 통과 | 6. [2F] 의정부 발곡 방면 승강장으로 이동 | 7. [2F] 승차 (휠체어칸)"
KR_1_0606,1호선,회룡,3,환승,4,1호선 망월사 방면 → 의정부 범골 방면,1F → 2F → 3F,10,2,0,"[1F] 1호선 망월사 방면 승강장 하차 → 1호선 대합실 방향 엘리베이터(으)로 1개 층 올라가기 (1F → 2F, 엘리베이터) → [2F] 1호선 대합실 이동 → [2F] 표 내는 곳 옆 환승통로 이동 → [2F] 표 내는 곳 통과 → [2F] 의정부 발곡 방면 승강장으로 이동 → [2F] 의정부 대합실 이동 → 의정부 범골 방면 엘리베이터(으)로 1개 층 올라가기 (2F → 3F, 엘리베이터) → [3F] 의정부 범골 방면 승강장으로 이동 → [3F] 승차 (휠체어칸)","1. [1F] 1호선 망월사 방면 승강장 하차 | 2. 1호선 대합실 방향 엘리베이터(으)로 1개 층 올라가기 (1F → 2F, 엘리베이터) | 3. [2F] 1호선 대합실 이동 | 4. [2F] 표 내는 곳 옆 환승통로 이동 | 5. [2F] 표 내는 곳 통과 | 6. [2F] 의정부 발곡 방면 승강장으로 이동 | 7. [2F] 의정부 대합실 이동 | 8. 의정부 범골 방면 엘리베이터(으)로 1개 층 올라가기 (2F → 3F, 엘리베이터) | 9. [3F] 의정부 범골 방면 승강장으로 이동 | 10. [3F] 승차 (휠체어칸)"
KR_1_0190,1호선,망월사,1,출입구-승강장,1,1번 출입구 → 회룡 방면,1F → 2F,5,0,0,1번 출입구 → 표 내는곳 통과 → [1F] 회룡방면 지상1층 엘리베이터 → [2F] 회룡방면 지상2층 승강장 엘리베이터 → [2F] 회룡방면 승강장,1. 1번 출입구 | 2. 표 내는곳 통과 | 3. [1F] 회룡방면 지상1층 엘리베이터 | 4. [2F] 회룡방면 지상2층 승강장 엘리베이터 | 5. [2F] 회룡방면 승강장
KR_1_0190,1호선,망월사,1,출입구-승강장,2,2번 출입구 → 회룡 방면,1F → 2F,5,0,0,2번 출입구 → 표 내는곳 통과 → [1F] 회룡방면 지상1층 엘리베이터 → [2F] 회룡방면 지상2층 승강장 엘리베이터 → [2F] 회룡방면 승강장,1. 2번 출입구 | 2. 표 내는곳 통과 | 3. [1F] 회룡방면 지상1층 엘리베이터 | 4. [2F] 회룡방면 지상2층 승강장 엘리베이터 | 5. [2F] 회룡방면 승강장
KR_1_0190,1호선,망월사,1,출입구-승강장,3,1번 출입구 → 도봉산 방면,1F → 2F,5,0,0,1번 출입구 → 표 내는곳 통과 → [1F] 도봉산방면 지상1층 엘리베이터 → [2F] 도봉산방면 지상2층 승강장 엘리베이터 → [2F] 도봉산방면 승강장,1. 1번 출입구 | 2. 표 내는곳 통과 | 3. [1F] 도봉산방면 지상1층 엘리베이터 | 4. [2F] 도봉산방면 지상2층 승강장 엘리베이터 | 5. [2F] 도봉산방면 승강장
KR_1_0190,1호선,망월사,1,출입구-승강장,4,2번 출입구 → 도봉산 방면,1F → 2F,5,0,0,2번 출입구 → 표 내는곳 통과 → [1F] 도봉산방면 지상1층 엘리베이터 → [2F] 도봉산방면 지상2층 승강장 엘리베이터 → [2F] 도봉산방면 승강장,1. 2번 출입구 | 2. 표 내는곳 통과 | 3. [1F] 도봉산방면 지상1층 엘리베이터 | 4. [2F] 도봉산방면 지상2층 승강장 엘리베이터 | 5. [2F] 도봉산방면 승강장
KR_1_0146,1호선,도봉산,3,환승,1,1호선 망월사 방면 → 7호선 수락산 방면,1F → 2F,5,0,0,7호선 환승통로 방면 휠체어리프트로 이동 → [1F] 지상 1층으로 이동 → [1F] 수락산 방면 휠체어리프트로 이동 → [2F] 지상 2층으로 이동 → [2F] 승강장 이동,1. 7호선 환승통로 방면 휠체어리프트로 이동 | 2. [1F] 지상 1층으로 이동 | 3. [1F] 수락산 방면 휠체어리프트로 이동 | 4. [2F] 지상 2층으로 이동 | 5. [2F] 승강장 이동
KR_1_0146,1호선,도봉산,3,환승,2,1호선 망월사 방면 → 7호선 장암 방면,1F → 2F,5,0,0,7호선 환승통로 방면 휠체어리프트로 이동 → [1F] 지상 1층으로 이동 → [1F] 장암 방면 휠체어리프트로 이동 → [2F] 지상 2층으로 이동 → [2F] 승강장 이동,1. 7호선 환승통로 방면 휠체어리프트로 이동 | 2. [1F] 지상 1층으로 이동 | 3. [1F] 장암 방면 휠체어리프트로 이동 | 4. [2F] 지상 2층으로 이동 | 5. [2F] 승강장 이동
KR_1_0146,1호선,도봉산,3,환승,3,1호선 도봉 방면 → 7호선 수락산 방면,1F → 2F,5,0,0,7호선 환승통로 방면 휠체어리프트로 이동 → [1F] 지상 1층으로 이동 → [1F] 수락산 방면 휠체어리프트로 이동 → [2F] 지상 2층으로 이동 → [2F] 승강장 이동,1. 7호선 환승통로 방면 휠체어리프트로 이동 | 2. [1F] 지상 1층으로 이동 | 3. [1F] 수락산 방면 휠체어리프트로 이동 | 4. [2F] 지상 2층으로 이동 | 5. [2F] 승강장 이동
KR_1_0146,1호선,도봉산,3,환승,4,1호선 도봉 방면 → 7호선 장암 방면,1F → 2F,5,0,0,7호선 환승통로 방면 휠체어리프트로 이동 → [1F] 지상 1층으로 이동 → [1F] 장암 방면 휠체어리프트로 이동 → [2F] 지상 2층으로 이동 → [2F] 승강장 이동,1. 7호선 환승통로 방면 휠체어리프트로 이동 | 2. [1F] 지상 1층으로 이동 | 3. [1F] 장암 방면 휠체어리프트로 이동 | 4. [2F] 지상 2층으로 이동 | 5. [2F] 승강장 이동
KR_1_0145,1호선,도봉,1,출입구-승강장,3,1번 출입구 근처 엘리베이터 → 도봉산 방면,,3,0,0,엘리베이터 하차 후 개집표기 통과 → 도봉산 방면 승강장 → 1번 출입구 근처 엘리베이터(1호기) 이용 2층으로 이동 이용 (엘리베이터),1. 엘리베이터 하차 후 개집표기 통과 | 2. 도봉산 방면 승강장 | 3. 1번 출입구 근처 엘리베이터(1호기) 이용 2층으로 이동 이용 (엘리베이터)
KR_1_0145,1호선,도봉,1,출입구-승강장,4,2번 출입구 근처 엘리베이터 → 도봉산 방면,,3,0,0,엘리베이터 하차 후 개집표기 통과 → 도봉산 방면 승강장 → 2번 출입구 근처 엘리베이터(2호기) 이용 2층으로 이동 이용 (엘리베이터),1. 엘리베이터 하차 후 개집표기 통과 | 2. 도봉산 방면 승강장 | 3. 2번 출입구 근처 엘리베이터(2호기) 이용 2층으로 이동 이용 (엘리베이터)
KR_1_0145,1호선,도봉,1,출입구-승강장,5,3번 출입구 근처 엘리베이터 → 방학 방면,,3,0,0,엘리베이터 하차 후 개집표기 통과 → 방학 방면 승강장 → 3번 출입구 근처 엘리베이터(3호기) 이용 2층으로 이동 이용 (엘리베이터),1. 엘리베이터 하차 후 개집표기 통과 | 2. 방학 방면 승강장 | 3. 3번 출입구 근처 엘리베이터(3호기) 이용 2층으로 이동 이용 (엘리베이터)
KR_1_0220,1호선,방학,1,출입구-승강장,1,1번 출입구 → 도봉 방면,1F → 2F,3,1,0,"1번 출입구 근처 엘리베이터(으)로 1개 층 올라가기 (1F → 2F, 엘리베이터) → [2F] 도봉 방면 승강장으로 이동 → [2F] 승차 (휠체어칸)","1. 1번 출입구 근처 엘리베이터(으)로 1개 층 올라가기 (1F → 2F, 엘리베이터) | 2. [2F] 도봉 방면 승강장으로 이동 | 3. [2F] 승차 (휠체어칸)"
KR_1_0220,1호선,방학,1,출입구-승강장,2,3번 출입구 → 도봉 방면,1F → 2F,3,1,0,"3번 출입구 근처 엘리베이터(으)로 1개 층 올라가기 (1F → 2F, 엘리베이터) → [2F] 도봉 방면 승강장으로 이동 → [2F] 승차 (휠체어칸)","1. 3번 출입구 근처 엘리베이터(으)로 1개 층 올라가기 (1F → 2F, 엘리베이터) | 2. [2F] 도봉 방면 승강장으로 이동 | 3. [2F] 승차 (휠체어칸)"
KR_1_0220,1호선,방학,1,출입구-승강장,3,2번 출입구 → 창동 방면,1F → 2F,3,1,0,"2번 출입구 근처 엘리베이터(으)로 1개 층 올라가기 (1F → 2F, 엘리베이터) → [2F] 창동 방면 승강장으로 이동 → [2F] 승차 (휠체어칸)","1. 2번 출입구 근처 엘리베이터(으)로 1개 층 올라가기 (1F → 2F, 엘리베이터) | 2. [2F] 창동 방면 승강장으로 이동 | 3. [2F] 승차 (휠체어칸)"
KR_1_0220,1호선,방학,1,출입구-승강장,4,3번 출입구 → 창동 방면,1F → 2F,3,1,0,"3번 출입구 근처 엘리베이터(으)로 1개 층 올라가기 (1F → 2F, 엘리베이터) → [2F] 창동 방면 승강장으로 이동 → [2F] 승차 (휠체어칸)","1. 3번 출입구 근처 엘리베이터(으)로 1개 층 올라가기 (1F → 2F, 엘리베이터) | 2. [2F] 창동 방면 승강장으로 이동 | 3. [2F] 승차 (휠체어칸)"
KR_1_0541,1호선,창동,1,출입구-승강장,1,1번 출입구 옆 엘리베이터 → 방학 방면 승강장,1F → 2F → 1F,7,1,0,"1번 출입구 옆 엘리베이터(으)로 1개 층 올라가기 (1F → 2F, 엘리베이터) → [2F] 대합실로 이동 → [2F] 표 내는 곳 통과 → [2F] 이동통로로 이동 → 방학 방면 휠체어리프트(으)로 1개 층 내려가기 (2F → 1F, 휠체어리프트) → [1F] 방학 방면 승강장으로 이동 → [1F] 승차 (휠체어칸)","1. 1번 출입구 옆 엘리베이터(으)로 1개 층 올라가기 (1F → 2F, 엘리베이터) | 2. [2F] 대합실로 이동 | 3. [2F] 표 내는 곳 통과 | 4. [2F] 이동통로로 이동 | 5. 방학 방면 휠체어리프트(으)로 1개 층 내려가기 (2F → 1F, 휠체어리프트) | 6. [1F] 방학 방면 승강장으로 이동 | 7. [1F] 승차 (휠체어칸)"
KR_1_0541,1호선,창동,1,출입구-승강장,2,1번 출입구 옆 엘리베이터 → 녹천 방면 승강장,1F → 2F → 1F,7,1,0,"1번 출입구 옆 엘리베이터(으)로 1개 층 올라가기 (1F → 2F, 엘리베이터) → [2F] 대합실로 이동 → [2F] 표 내는 곳 통과 → [2F] 이동통로로 이동 → 녹천 방면 휠체어리프트(으)로 1개 층 내려가기 (2F → 1F, 휠체어리프트) → [1F] 녹천 방면 승강장으로 이동 → [1F] 승차 (휠체어칸)","1. 1번 출입구 옆 엘리베이터(으)로 1개 층 올라가기 (1F → 2F, 엘리베이터) | 2. [2F] 대합실로 이동 | 3. [2F] 표 내는 곳 통과 | 4. [2F] 이동통로로 이동 | 5. 녹천 방면 휠체어리프트(으)로 1개 층 내려가기 (2F → 1F, 휠체어리프트) | 6. [1F] 녹천 방면 승강장으로 이동 | 7. [1F] 승차 (휠체어칸)"
KR_1_0541,1호선,창동,1,출입구-승강장,3,2번 출입구 옆 엘리베이터 → 방학 방면 승강장,1F → 2F → 1F,7,1,0,"2번 출입구 옆 엘리베이터(으)로 1개 층 올라가기 (1F → 2F, 엘리베이터) → [2F] 대합실로 이동 → [2F] 표 내는 곳 통과 → [2F] 이동통로로 이동 → 방학 방면 휠체어리프트(으)로 1개 층 내려가기 (2F → 1F, 휠체어리프트) → [1F] 방학 방면 승강장으로 이동 → [1F] 승차 (휠체어칸)","1. 2번 출입구 옆 엘리베이터(으)로 1개 층 올라가기 (1F → 2F, 엘리베이터) | 2. [2F] 대합실로 이동 | 3. [2F] 표 내는 곳 통과 | 4. [2F] 이동통로로 이동 | 5. 방학 방면 휠체어리프트(으)로 1개 층 내려가기 (2F → 1F, 휠체어리프트) | 6. [1F] 방학 방면 승강장으로 이동 | 7. [1F] 승차 (휠체어칸)"
KR_1_0541,1호선,창동,1,출입구-승강장,4,2번 출입구 옆 엘리베이터 → 녹천 방면 승강장,1F → 2F → 1F,7,1,0,"2번 출입구 옆 엘리베이터(으)로 1개 층 올라가기 (1F → 2F, 엘리베이터) → [2F] 대합실로 이동 → [2F] 표 내는 곳 통과 → [2F] 이동통로로 이동 → 녹천 방면 휠체어리프트(으)로 1개 층 내려가기 (2F → 1F, 휠체어리프트) → [1F] 녹천 방면 승강장으로 이동 → [1F] 승차 (휠체어칸)","1. 2번 출입구 옆 엘리베이터(으)로 1개 층 올라가기 (1F → 2F, 엘리베이터) | 2. [2F] 대합실로 이동 | 3. [2F] 표 내는 곳 통과 | 4. [2F] 이동통로로 이동 | 5. 녹천 방면 휠체어리프트(으)로 1개 층 내려가기 (2F → 1F, 휠체어리프트) | 6. [1F] 녹천 방면 승강장으로 이동 | 7. [1F] 승차 (휠체어칸)"
KR_1_0541,1호선,창동,3,환승,1,1호선 방학 방면 → 4호선 노원 방면,1F → 3F → 2F → 3F,8,1,0,"[1F] 1호선 방학 방면 승강장 하차 → 이동통로 방향 휠체어리프트(으)로 2개 층 올라가기 (1F → 3F, 휠체어리프트) → [3F] 이동통로로 이동 → 대합실 방향 휠체어리프트(으)로 1개 층 내려가기 (3F → 2F, 휠체어리프트) → [2F] 대합실로 이동 → 4호선 노원 방면 엘리베이터(으)로 1개 층 올라가기 (2F → 3F, 엘리베이터) → [3F] 4호선 노원 방면 승강장으로 이동 → [3F] 승차 (휠체어칸)","1. [1F] 1호선 방학 방면 승강장 하차 | 2. 이동통로 방향 휠체어리프트(으)로 2개 층 올라가기 (1F → 3F, 휠체어리프트) | 3. [3F] 이동통로로 이동 | 4. 대합실 방향 휠체어리프트(으)로 1개 층 내려가기 (3F → 2F, 휠체어리프트) | 5. [2F] 대합실로 이동 | 6. 4호선 노원 방면 엘리베이터(으)로 1개 층 올라가기 (2F → 3F, 엘리베이터) | 7. [3F] 4호선 노원 방면 승강장으로 이동 | 8. [3F] 승차 (휠체어칸)"
KR_1_0541,1호선,창동,3,환승,2,1호선 방학 방면 → 4호선 쌍문 방면,1F → 3F → 2F → 3F,8,1,0,"[1F] 1호선 방학 방면 승강장 하차 → 이동통로 방향 휠체어리프트(으)로 2개 층 올라가기 (1F → 3F, 휠체어리프트) → [3F] 이동통로로 이동 → 대합실 방향 휠체어리프트(으)로 1개 층 내려가기 (3F → 2F, 휠체어리프트) → [2F] 대합실로 이동 → 4호선 쌍문 방면 엘리베이터(으)로 1개 층 올라가기 (2F → 3F, 엘리베이터) → [3F] 4호선 쌍문 방면 승강장으로 이동 → [3F] 승차 (휠체어칸)","1. [1F] 1호선 방학 방면 승강장 하차 | 2. 이동통로 방향 휠체어리프트(으)로 2개 층 올라가기 (1F → 3F, 휠체어리프트) | 3. [3F] 이동통로로 이동 | 4. 대합실 방향 휠체어리프트(으)로 1개 층 내려가기 (3F → 2F, 휠체어리프트) | 5. [2F] 대합실로 이동 | 6. 4호선 쌍문 방면 엘리베이터(으)로 1개 층 올라가기 (2F → 3F, 엘리베이터) | 7. [3F] 4호선 쌍문 방면 승강장으로 이동 | 8. [3F] 승차 (휠체어칸)"
KR_1_0541,1호선,창동,3,환승,3,1호선 녹천 방면 → 4호선 노원 방면,1F → 3F → 2F → 3F,8,1,0,"[1F] 1호선 녹천 방면 승강장 하차 → 이동통로 방향 휠체어리프트(으)로 2개 층 올라가기 (1F → 3F, 휠체어리프트) → [3F] 이동통로로 이동 → 대합실 방향 휠체어리프트(으)로 1개 층 내려가기 (3F → 2F, 휠체어리프트) → [2F] 대합실로 이동 → 4호선 노원 방면 엘리베이터(으)로 1개 층 올라가기 (2F → 3F, 엘리베이터) → [3F] 4호선 노원 방면 승강장으로 이동 → [3F] 승차 (휠체어칸)","1. [1F] 1호선 녹천 방면 승강장 하차 | 2. 이동통로 방향 휠체어리프트(으)로 2개 층 올라가기 (1F → 3F, 휠체어리프트) | 3. [3F] 이동통로로 이동 | 4. 대합실 방향 휠체어리프트(으)로 1개 층 내려가기 (3F → 2F, 휠체어리프트) | 5. [2F] 대합실로 이동 | 6. 4호선 노원 방면 엘리베이터(으)로 1개 층 올라가기 (2F → 3F, 엘리베이터) | 7. [3F] 4호선 노원 방면 승강장으로 이동 | 8. [3F] 승차 (휠체어칸)"
KR_1_0541,1호선,창동,3,환승,4,1호선 녹천 방면 → 4호선 쌍문 방면,1F → 3F → 2F → 3F,8,1,0,"[1F] 1호선 녹천 방면 승강장 하차 → 이동통로 방향 휠체어리프트(으)로 2개 층 올라가기 (1F → 3F, 휠체어리프트) → [3F] 이동통로로 이동 → 대합실 방향 휠체어리프트(으)로 1개 층 내려가기 (3F → 2F, 휠체어리프트) → [2F] 대합실로 이동 → 4호선 쌍문 방면 엘리베이터(으)로 1개 층 올라가기 (2F → 3F, 엘리베이터) → [3F] 4호선 쌍문 방면 승강장으로 이동 → [3F] 승차 (휠체어칸)","1. [1F] 1호선 녹천 방면 승강장 하차 | 2. 이동통로 방향 휠체어리프트(으)로 2개 층 올라가기 (1F → 3F, 휠체어리프트) | 3. [3F] 이동통로로 이동 | 4. 대합실 방향 휠체어리프트(으)로 1개 층 내려가기 (3F → 2F, 휠체어리프트) | 5. [2F] 대합실로 이동 | 6. 4호선 쌍문 방면 엘리베이터(으)로 1개 층 올라가기 (2F → 3F, 엘리베이터) | 7. [3F] 4호선 쌍문 방면 승강장으로 이동 | 8. [3F] 승차 (휠체어칸)"
KR_1_0119,1호선,녹천,1,출입구-승강장,1,1번 출입구 엘리베이터 → 창동 방면,1F → 2F → 1F,6,0,0,[1F] 1번 출입구 지상1층 엘리베이터 → [2F] 1번 출입구 지상2층 엘리베이터 → [2F] 개집표기 통과 → [2F] 창동방면 지상2층 엘리베이터 → [1F] 창동방면 지상1층 승강장 엘리베이터 → [1F] 창동방면 승강장,1. [1F] 1번 출입구 지상1층 엘리베이터 | 2. [2F] 1번 출입구 지상2층 엘리베이터 | 3. [2F] 개집표기 통과 | 4. [2F] 창동방면 지상2층 엘리베이터 | 5. [1F] 창동방면 지상1층 승강장 엘리베이터 | 6. [1F] 창동방면 승강장
KR_1_0119,1호선,녹천,1,출입구-승강장,2,2번 출입구 엘리베이터 → 창동 방면,1F → 2F → 1F,6,0,0,[1F] 2번 출입구 지상1층 엘리베이터 → [2F] 2번 출입구 지상2층 엘리베이터 → [2F] 개집표기 통과 → [2F] 창동방면 지상2층 엘리베이터 → [1F] 창동방면 지상1층 승강장 엘리베이터 → [1F] 창동방면 승강장,1. [1F] 2번 출입구 지상1층 엘리베이터 | 2. [2F] 2번 출입구 지상2층 엘리베이터 | 3. [2F] 개집표기 통과 | 4. [2F] 창동방면 지상2층 엘리베이터 | 5. [1F] 창동방면 지상1층 승강장 엘리베이터 | 6. [1F] 창동방면 승강장
KR_1_0119,1호선,녹천,1,출입구-승강장,3,3번 출입구 에스컬레이터 → 창동 방면,1F → 2F → 1F,6,0,0,[1F] 3번 출입구 지상1층 엘리베이터 → [2F] 3번 출입구 지상2층 엘리베이터 → [2F] 개집표기 통과 → [2F] 창동방면 지상2층 엘리베이터 → [1F] 창동방면 지상1층 승강장 엘리베이터 → [1F] 창동방면 승강장,1. [1F] 3번 출입구 지상1층 엘리베이터 | 2. [2F] 3번 출입구 지상2층 엘리베이터 | 3. [2F] 개집표기 통과 | 4. [2F] 창동방면 지상2층 엘리베이터 | 5. [1F] 창동방면 지상1층 승강장 엘리베이터 | 6. [1F] 창동방면 승강장
KR_1_0119,1호선,녹천,1,출입구-승강장,4,4번 출입구 에스컬레이터 → 창동 방면,1F → 2F → 1F,6,0,0,[1F] 4번 출입구 지상1층 엘리베이터 → [2F] 4번 출입구 지상2층 엘리베이터 → [2F] 개집표기 통과 → [2F] 창동방면 지상2층 엘리베이터 → [1F] 창동방면 지상1층 승강장 엘리베이터 → [1F] 창동방면 승강장,1. [1F] 4번 출입구 지상1층 엘리베이터 | 2. [2F] 4번 출입구 지상2층 엘리베이터 | 3. [2F] 개집표기 통과 | 4. [2F] 창동방면 지상2층 엘리베이터 | 5. [1F] 창동방면 지상1층 승강장 엘리베이터 | 6. [1F] 창동방면 승강장
KR_1_0119,1호선,녹천,1,출입구-승강장,5,1번 출입구 엘리베이터 → 월계 방면,1F → 2F → 1F,6,0,0,[1F] 1번 출입구 지상1층 엘리베이터 → [2F] 1번 출입구 지상2층 엘리베이터 → [2F] 개집표기 통과 → [2F] 월계방면 지상2층 엘리베이터 → [1F] 월계방면 지상1층 승강장 엘리베이터 → [1F] 월계방면 승강장,1. [1F] 1번 출입구 지상1층 엘리베이터 | 2. [2F] 1번 출입구 지상2층 엘리베이터 | 3. [2F] 개집표기 통과 | 4. [2F] 월계방면 지상2층 엘리베이터 | 5. [1F] 월계방면 지상1층 승강장 엘리베이터 | 6. [1F] 월계방면 승강장
KR_1_0119,1호선,녹천,1,출입구-승강장,6,2번 출입구 엘리베이터 → 월계 방면,1F → 2F → 1F,6,0,0,[1F] 2번 출입구 지상1층 엘리베이터 → [2F] 2번 출입구 지상2층 엘리베이터 → [2F] 개집표기 통과 → [2F] 월계방면 지상2층 엘리베이터 → [1F] 월계방면 지상1층 승강장 엘리베이터 → [1F] 월계방면 승강장,1. [1F] 2번 출입구 지상1층 엘리베이터 | 2. [2F] 2번 출입구 지상2층 엘리베이터 | 3. [2F] 개집표기 통과 | 4. [2F] 월계방면 지상2층 엘리베이터 | 5. [1F] 월계방면 지상1층 승강장 엘리베이터 | 6. [1F] 월계방면 승강장
KR_1_0119,1호선,녹천,1,출입구-승강장,7,3번 출입구 에스컬레이터 → 월계 방면,1F → 2F → 1F,6,0,0,[1F] 3번 출입구 지상1층 엘리베이터 → [2F] 3번 출입구 지상2층 엘리베이터 → [2F] 개집표기 통과 → [2F] 월계방면 지상2층 엘리베이터 → [1F] 월계방면 지상1층 승강장 엘리베이터 → [1F] 월계방면 승강장,1. [1F] 3번 출입구 지상1층 엘리베이터 | 2. [2F] 3번 출입구 지상2층 엘리베이터 | 3. [2F] 개집표기 통과 | 4. [2F] 월계방면 지상2층 엘리베이터 | 5. [1F] 월계방면 지상1층 승강장 엘리베이터 | 6. [1F] 월계방면 승강장
KR_1_0119,1호선,녹천,1,출입구-승강장,8,4번 출입구 에스컬레이터 → 월계 방면,1F → 2F → 1F,6,0,0,[1F] 4번 출입구 지상1층 엘리베이터 → [2F] 4번 출입구 지상2층 엘리베이터 → [2F] 개집표기 통과 → [2F] 월계방면 지상2층 엘리베이터 → [1F] 월계방면 지상1층 승강장 엘리베이터 → [1F] 월계방면 승강장,1. [1F] 4번 출입구 지상1층 엘리베이터 | 2. [2F] 4번 출입구 지상2층 엘리베이터 | 3. [2F] 개집표기 통과 | 4. [2F] 월계방면 지상2층 엘리베이터 | 5. [1F] 월계방면 지상1층 승강장 엘리베이터 | 6. [1F] 월계방면 승강장
KR_1_0459,1호선,월계,1,출입구-승강장,1,1번 출입구 엘리베이터 → 녹천 방면,1F → 2F → 1F,6,0,0,[1F] 1번 출입구 지상1층 엘리베이터 → [2F] 1번 출입구 지상2층 엘리베이터 → [2F] 개집표기 통과 → [2F] 녹천방면 지상2층 엘리베이터 → [1F] 녹천방면 지상1층 승강장 엘리베이터 → [1F] 녹천방면 승강장,1. [1F] 1번 출입구 지상1층 엘리베이터 | 2. [2F] 1번 출입구 지상2층 엘리베이터 | 3. [2F] 개집표기 통과 | 4. [2F] 녹천방면 지상2층 엘리베이터 | 5. [1F] 녹천방면 지상1층 승강장 엘리베이터 | 6. [1F] 녹천방면 승강장
KR_1_0459,1호선,월계,1,출입구-승강장,2,2번 출입구 엘리베이터 → 녹천 방면,1F → 2F → 1F,6,0,0,[1F] 2번 출입구 지상1층 엘리베이터 → [2F] 2번출입구 지상2층 엘리베이터 → [2F] 개집표기 통과 → [2F] 녹천방면 지상2층 엘리베이터 → [1F] 녹천방면 지상1층 승강장 엘리베이터 → [1F] 녹천방면 승강장,1. [1F] 2번 출입구 지상1층 엘리베이터 | 2. [2F] 2번출입구 지상2층 엘리베이터 | 3. [2F] 개집표기 통과 | 4. [2F] 녹천방면 지상2층 엘리베이터 | 5. [1F] 녹천방면 지상1층 승강장 엘리베이터 | 6. [1F] 녹천방면 승강장
KR_1_0459,1호선,월계,1,출입구-승강장,3,3번 출입구 엘리베이터 → 녹천 방면,1F → 2F → 1F,6,0,0,[1F] 3번 출입구 지상1층 엘리베이터 → [2F] 3번출입구 지상2층 엘리베이터 → [2F] 개집표기 통과 → [2F] 녹천방면 지상2층 엘리베이터 → [1F] 녹천방면 지상1층 승강장 엘리베이터 → [1F] 녹천방면 승강장,1. [1F] 3번 출입구 지상1층 엘리베이터 | 2. [2F] 3번출입구 지상2층 엘리베이터 | 3. [2F] 개집표기 통과 | 4. [2F] 녹천방면 지상2층 엘리베이터 | 5. [1F] 녹천방면 지상1층 승강장 엘리베이터 | 6. [1F] 녹천방면 승강장
KR_1_0459,1호선,월계,1,출입구-승강장,4,4번 출입구 엘리베이터 → 녹천 방면,1F → 2F → 1F,6,0,0,[1F] 4번 출입구 지상1층 엘리베이터 → [2F] 4번출입구 지상2층 엘리베이터 → [2F] 개집표기 통과 → [2F] 녹천방면 지상2층 엘리베이터 → [1F] 녹천방면 지상1층 승강장 엘리베이터 → [1F] 녹천방면 승강장,1. [1F] 4번 출입구 지상1층 엘리베이터 | 2. [2F] 4번출입구 지상2층 엘리베이터 | 3. [2F] 개집표기 통과 | 4. [2F] 녹천방면 지상2층 엘리베이터 | 5. [1F] 녹천방면 지상1층 승강장 엘리베이터 | 6. [1F] 녹천방면 승강장
KR_1_0459,1호선,월계,1,출입구-승강장,5,1번 출입구 엘리베이터 → 광운대 방면,1F → 2F → 1F,6,0,0,[1F] 1번 출입구 지상1층 엘리베이터 → [2F] 1번 출입구 지상2층 엘리베이터 → [2F] 개집표기 통과 → [2F] 광운대방면 지상2층 엘리베이터 → [1F] 광운대방면 지상1층 승강장 엘리베이터 → [1F] 광운대방면 승강장,1. [1F] 1번 출입구 지상1층 엘리베이터 | 2. [2F] 1번 출입구 지상2층 엘리베이터 | 3. [2F] 개집표기 통과 | 4. [2F] 광운대방면 지상2층 엘리베이터 | 5. [1F] 광운대방면 지상1층 승강장 엘리베이터 | 6. [1F] 광운대방면 승강장
KR_1_0459,1호선,월계,1,출입구-승강장,6,2번 출입구 엘리베이터 → 광운대 방면,1F → 2F → 1F,6,0,0,[1F] 2번 출입구 지상1층 엘리베이터 → [2F] 2번출입구 지상2층 엘리베이터 → [2F] 개집표기 통과 → [2F] 광운대방면 지상2층 엘리베이터 → [1F] 광운대방면 지상1층 승강장 엘리베이터 → [1F] 광운대방면 승강장,1. [1F] 2번 출입구 지상1층 엘리베이터 | 2. [2F] 2번출입구 지상2층 엘리베이터 | 3. [2F] 개집표기 통과 | 4. [2F] 광운대방면 지상2층 엘리베이터 | 5. [1F] 광운대방면 지상1층 승강장 엘리베이터 | 6. [1F] 광운대방면 승강장
KR_1_0459,1호선,월계,1,출입구-승강장,7,3번 출입구 엘리베이터 → 광운대 방면,1F → 2F → 1F,6,0,0,[1F] 3번 출입구 지상1층 엘리베이터 → [2F] 3번출입구 지상2층 엘리베이터 → [2F] 개집표기 통과 → [2F] 광운대방면 지상2층 엘리베이터 → [1F] 광운대방면 지상1층 승강장 엘리베이터 → [1F] 광운대방면 승강장,1. [1F] 3번 출입구 지상1층 엘리베이터 | 2. [2F] 3번출입구 지상2층 엘리베이터 | 3. [2F] 개집표기 통과 | 4. [2F] 광운대방면 지상2층 엘리베이터 | 5. [1F] 광운대방면 지상1층 승강장 엘리베이터 | 6. [1F] 광운대방면 승강장
KR_1_0459,1호선,월계,1,출입구-승강장,8,4번 출입구 엘리베이터 → 광운대 방면,1F → 2F → 1F,6,0,0,[1F] 4번 출입구 지상1층 엘리베이터 → [2F] 4번출입구 지상2층 엘리베이터 → [2F] 개집표기 통과 → [2F] 광운대방면 지상2층 엘리베이터 → [1F] 광운대방면 지상1층 승강장 엘리베이터 → [1F] 광운대방면 승강장,1. [1F] 4번 출입구 지상1층 엘리베이터 | 2. [2F] 4번출입구 지상2층 엘리베이터 | 3. [2F] 개집표기 통과 | 4. [2F] 광운대방면 지상2층 엘리베이터 | 5. [1F] 광운대방면 지상1층 승강장 엘리베이터 | 6. [1F] 광운대방면 승강장
KR_1_0065,1호선,광운대,1,출입구-승강장,1,1번 출입구 → 월계 방면,,3,0,0,1번 출입구 → 개집표기 통과 → 월계방면 승강장,1. 1번 출입구 | 2. 개집표기 통과 | 3. 월계방면 승강장
KR_1_0065,1호선,광운대,1,출입구-승강장,2,2번 출입구 → 월계 방면,,3,0,0,2번 출입구 → 개집표기 통과 → 월계방면 승강장,1. 2번 출입구 | 2. 개집표기 통과 | 3. 월계방면 승강장
KR_1_0065,1호선,광운대,1,출입구-승강장,3,3번 출입구 엘리베이터 → 월계 방면,1F → 2F → 1F,6,0,0,[1F] 3번 출입구 지상1층 엘리베이터 → [2F] 3번 출입구 지상2층 엘리베이터 → [2F] 개집표기 통과 → [2F] 월계방면 지상2층 에스컬레이터 → [1F] 월계방면 지상1층 승강장 에스컬레이터 → [1F] 월계방면 승강장,1. [1F] 3번 출입구 지상1층 엘리베이터 | 2. [2F] 3번 출입구 지상2층 엘리베이터 | 3. [2F] 개집표기 통과 | 4. [2F] 월계방면 지상2층 에스컬레이터 | 5. [1F] 월계방면 지상1층 승강장 에스컬레이터 | 6. [1F] 월계방면 승강장
KR_1_0065,1호선,광운대,1,출입구-승강장,4,1번 출입구 → 석계/상봉 방면,1F → B1 → 1F,7,0,0,1번 출입구 → 개집표기 통과 → [1F] 월계방면 지상1층 승강장 에스컬레이터 → [B1] 월계방면 지하1층 에스컬레이터 → [B1] 석계/상봉방면 지하1층 에스컬레이터 → [1F] 석계/상봉방면 지상1층 승강장 에스컬레이터 → [1F] 석계/상봉방면 승강장,1. 1번 출입구 | 2. 개집표기 통과 | 3. [1F] 월계방면 지상1층 승강장 에스컬레이터 | 4. [B1] 월계방면 지하1층 에스컬레이터 | 5. [B1] 석계/상봉방면 지하1층 에스컬레이터 | 6. [1F] 석계/상봉방면 지상1층 승강장 에스컬레이터 | 7. [1F] 석계/상봉방면 승강장
KR_1_0065,1호선,광운대,1,출입구-승강장,5,2번 출입구 → 석계/상봉 방면,1F → B1 → 1F,7,0,0,2번 출입구 → 개집표기 통과 → [1F] 월계방면 지상1층 승강장 에스컬레이터 → [B1] 월계방면 지하1층 에스컬레이터 → [B1] 석계/상봉방면 지하1층 에스컬레이터 → [1F] 석계/상봉방면 지상1층 승강장 에스컬레이터 → [1F] 석계/상봉방면 승강장,1. 2번 출입구 | 2. 개집표기 통과 | 3. [1F] 월계방면 지상1층 승강장 에스컬레이터 | 4. [B1] 월계방면 지하1층 에스컬레이터 | 5. [B1] 석계/상봉방면 지하1층 에스컬레이터 | 6. [1F] 석계/상봉방면 지상1층 승강장 에스컬레이터 | 7. [1F] 석계/상봉방면 승강장
KR_1_0065,1호선,광운대,1,출입구-승강장,6,3번 출입구 엘리베이터 → 석계/상봉 방면,1F → 2F → 1F,6,0,0,[1F] 3번 출입구 지상1층 엘리베이터 → [2F] 3번 출입구 지상2층 엘리베이터 → [2F] 개집표기 통과 → [2F] 석계/상봉방면 지상2층 에스컬레이터 → [1F] 석계/상봉방면 지상1층 승강장 에스컬레이터 → [1F] 석계/상봉방면 승강장,1. [1F] 3번 출입구 지상1층 엘리베이터 | 2. [2F] 3번 출입구 지상2층 엘리베이터 | 3. [2F] 개집표기 통과 | 4. [2F] 석계/상봉방면 지상2층 에스컬레이터 | 5. [1F] 석계/상봉방면 지상1층 승강장 에스컬레이터 | 6. [1F] 석계/상봉방면 승강장
KR_1_0065,1호선,광운대,1,출입구-승강장,7,1번 출입구 → 하행 급행,1F → B1 → 1F,7,0,0,1번 출입구 → 개집표기 통과 → [1F] 월계방면 지상1층 승강장 에스컬레이터 → [B1] 월계방면 지하1층 에스컬레이터 → [B1] 하행 급행 지하1층 에스컬레이터 → [1F] 하행 급행 지상1층 승강장 에스컬레이터 → [1F] 하행 급행 승강장,1. 1번 출입구 | 2. 개집표기 통과 | 3. [1F] 월계방면 지상1층 승강장 에스컬레이터 | 4. [B1] 월계방면 지하1층 에스컬레이터 | 5. [B1] 하행 급행 지하1층 에스컬레이터 | 6. [1F] 하행 급행 지상1층 승강장 에스컬레이터 | 7. [1F] 하행 급행 승강장
KR_1_0065,1호선,광운대,1,출입구-승강장,8,2번 출입구 → 하행 급행,1F → B1 → 1F,7,0,0,2번 출입구 → 개집표기 통과 → [1F] 월계방면 지상1층 승강장 에스컬레이터 → [B1] 월계방면 지하1층 에스컬레이터 → [B1] 하행 급행 지하1층 에스컬레이터 → [1F] 하행 급행 지상1층 승강장 에스컬레이터 → [1F] 하행 급행 승강장,1. 2번 출입구 | 2. 개집표기 통과 | 3. [1F] 월계방면 지상1층 승강장 에스컬레이터 | 4. [B1] 월계방면 지하1층 에스컬레이터 | 5. [B1] 하행 급행 지하1층 에스컬레이터 | 6. [1F] 하행 급행 지상1층 승강장 에스컬레이터 | 7. [1F] 하행 급행 승강장
KR_1_0065,1호선,광운대,1,출입구-승강장,9,3번 출입구 엘리베이터 → 하행 급행,1F → 2F → 1F,6,0,0,[1F] 3번 출입구 지상1층 엘리베이터 → [2F] 3번 출입구 지상2층 엘리베이터 → [2F] 개집표기 통과 → [2F] 하행 급행 지상2층 에스컬레이터 → [1F] 하행 급행 지상1층 승강장 에스컬레이터 → [1F] 하행 급행 승강장,1. [1F] 3번 출입구 지상1층 엘리베이터 | 2. [2F] 3번 출입구 지상2층 엘리베이터 | 3. [2F] 개집표기 통과 | 4. [2F] 하행 급행 지상2층 에스컬레이터 | 5. [1F] 하행 급행 지상1층 승강장 에스컬레이터 | 6. [1F] 하행 급행 승강장
KR_1_0300,1호선,석계,1,출입구-승강장,1,1번 출입구 근처 엘리베이터 → 광운대/신이문 방면,B1 → 2F,3,1,0,"역 출입구 진입 후 엘리베이터(으)로 2개 층 올라가기 (B1 → 2F, 엘리베이터) → [2F] 지상 2층으로 이동 → [2F] 광운대/신이문 방면 승강장 이용","1. 역 출입구 진입 후 엘리베이터(으)로 2개 층 올라가기 (B1 → 2F, 엘리베이터) | 2. [2F] 지상 2층으로 이동 | 3. [2F] 광운대/신이문 방면 승강장 이용"
KR_1_0300,1호선,석계,3,환승,1,1호선 성북/신이문 방면 → 6호선 태릉입구 방면,1F → B2 → B3,7,0,0,"1호선 승강장에서 5번출입구 방면으로 이동 → [1F] 6호선 환승통로 이동 → 휠체어리프트 이용 지상 1층으로 이동(으)로 2개 층 내려가기 (1F → B2, 휠체어리프트) → [B2] 6호선 환승통로 이동 → 휠체어리프트 이용 지하 2층으로 이동(으)로 1개 층 내려가기 (B2 → B3, 휠체어리프트) → [B3] 6호선 태릉입구 방면 승강장 이용 → 6호선 태릉입구 방면 엘리베이터 이용 지하 3층으로 이동 이용 (엘리베이터)","1. 1호선 승강장에서 5번출입구 방면으로 이동 | 2. [1F] 6호선 환승통로 이동 | 3. 휠체어리프트 이용 지상 1층으로 이동(으)로 2개 층 내려가기 (1F → B2, 휠체어리프트) | 4. [B2] 6호선 환승통로 이동 | 5. 휠체어리프트 이용 지하 2층으로 이동(으)로 1개 층 내려가기 (B2 → B3, 휠체어리프트) | 6. [B3] 6호선 태릉입구 방면 승강장 이용 | 7. 6호선 태릉입구 방면 엘리베이터 이용 지하 3층으로 이동 이용 (엘리베이터)"
KR_1_0300,1호선,석계,3,환승,2,1호선 성북/신이문 방면 → 6호선 돌곶이 방면,1F → B2 → B3,7,0,0,"1호선 승강장에서 5번출입구 방면으로 이동 → [1F] 6호선 환승통로 이동 → 휠체어리프트 이용 지상 1층으로 이동(으)로 2개 층 내려가기 (1F → B2, 휠체어리프트) → [B2] 6호선 환승통로 이동 → 휠체어리프트 이용 지하 2층으로 이동(으)로 1개 층 내려가기 (B2 → B3, 휠체어리프트) → [B3] 6호선 돌곶이 방면 승강장 이용 → 6호선 돌곶이 방면 엘리베이터 이용 지하 3층으로 이동 이용 (엘리베이터)","1. 1호선 승강장에서 5번출입구 방면으로 이동 | 2. [1F] 6호선 환승통로 이동 | 3. 휠체어리프트 이용 지상 1층으로 이동(으)로 2개 층 내려가기 (1F → B2, 휠체어리프트) | 4. [B2] 6호선 환승통로 이동 | 5. 휠체어리프트 이용 지하 2층으로 이동(으)로 1개 층 내려가기 (B2 → B3, 휠체어리프트) | 6. [B3] 6호선 돌곶이 방면 승강장 이용 | 7. 6호선 돌곶이 방면 엘리베이터 이용 지하 3층으로 이동 이용 (엘리베이터)"
KR_1_0371,1호선,신이문,1,출입구-승강장,1,1번 출입구 엘리베이터 → 석계 방면,1F → 2F → 1F,6,0,0,[1F] 1번 출입구 지상1층 엘리베이터 → [2F] 1번 출입구 지상2층 엘리베이터 → [2F] 개집표기 통과 → [2F] 석계방면 지상2층 에스컬레이터 → [1F] 석계방면 지상1층 승강장 에스컬레이터 → [1F] 석계방면 승강장,1. [1F] 1번 출입구 지상1층 엘리베이터 | 2. [2F] 1번 출입구 지상2층 엘리베이터 | 3. [2F] 개집표기 통과 | 4. [2F] 석계방면 지상2층 에스컬레이터 | 5. [1F] 석계방면 지상1층 승강장 에스컬레이터 | 6. [1F] 석계방면 승강장
KR_1_0371,1호선,신이문,1,출입구-승강장,2,2번 출입구 엘리베이터 → 석계 방면,1F → 2F → 1F,6,0,0,[1F] 2번 출입구 지상1층 엘리베이터 → [2F] 2번 출입구 지상2층 엘리베이터 → [2F] 개집표기 통과 → [2F] 석계방면 지상2층 에스컬레이터 → [1F] 석계방면 지상1층 승강장 에스컬레이터 → [1F] 석계방면 승강장,1. [1F] 2번 출입구 지상1층 엘리베이터 | 2. [2F] 2번 출입구 지상2층 엘리베이터 | 3. [2F] 개집표기 통과 | 4. [2F] 석계방면 지상2층 에스컬레이터 | 5. [1F] 석계방면 지상1층 승강장 에스컬레이터 | 6. [1F] 석계방면 승강장
KR_1_0371,1호선,신이문,1,출입구-승강장,3,3번 출입구 엘리베이터 → 석계 방면,1F → 2F → 3F → 2F → 1F,8,0,0,[1F] 3번 출입구 지상1층 엘리베이터 → [2F] 3번 출입구 지상2층 엘리베이터 → [3F] 지상3층 계단 → [2F] 지상2층 계단 → [2F] 개집표기 통과 → [2F] 석계방면 지상2층 에스컬레이터 → [1F] 석계방면 지상1층 승강장 에스컬레이터 → [1F] 석계방면 승강장,1. [1F] 3번 출입구 지상1층 엘리베이터 | 2. [2F] 3번 출입구 지상2층 엘리베이터 | 3. [3F] 지상3층 계단 | 4. [2F] 지상2층 계단 | 5. [2F] 개집표기 통과 | 6. [2F] 석계방면 지상2층 에스컬레이터 | 7. [1F] 석계방면 지상1층 승강장 에스컬레이터 | 8. [1F] 석계방면 승강장
KR_1_0371,1호선,신이문,1,출입구-승강장,4,4번 출입구 엘리베이터 → 석계 방면,B1 → 1F,4,0,0,[B1] 4번 출입구 지하1층 엘리베이터 → [1F] 4번 출입구 지상1층 엘리베이터 → [1F] 개집표기 통과 → [1F] 석계방면 승강장,1. [B1] 4번 출입구 지하1층 엘리베이터 | 2. [1F] 4번 출입구 지상1층 엘리베이터 | 3. [1F] 개집표기 통과 | 4. [1F] 석계방면 승강장
KR_1_0371,1호선,신이문,1,출입구-승강장,5,1번 출입구 엘리베이터 → 외대앞 방면,1F → 2F → 1F,6,0,0,[1F] 1번 출입구 지상1층 엘리베이터 → [2F] 1번 출입구 지상2층 엘리베이터 → [2F] 개집표기 통과 → [2F] 외대앞방면 지상2층 에스컬레이터 → [1F] 외대앞방면 지상1층 승강장 에스컬레이터 → [1F] 외대앞방면 승강장,1. [1F] 1번 출입구 지상1층 엘리베이터 | 2. [2F] 1번 출입구 지상2층 엘리베이터 | 3. [2F] 개집표기 통과 | 4. [2F] 외대앞방면 지상2층 에스컬레이터 | 5. [1F] 외대앞방면 지상1층 승강장 에스컬레이터 | 6. [1F] 외대앞방면 승강장
KR_1_0371,1호선,신이문,1,출입구-승강장,6,2번 출입구 엘리베이터 → 외대앞 방면,1F → 2F → 1F,6,0,0,[1F] 2번 출입구 지상1층 엘리베이터 → [2F] 2번 출입구 지상2층 엘리베이터 → [2F] 개집표기 통과 → [2F] 외대앞방면 지상2층 에스컬레이터 → [1F] 외대앞방면 지상1층 승강장 에스컬레이터 → [1F] 외대앞방면 승강장,1. [1F] 2번 출입구 지상1층 엘리베이터 | 2. [2F] 2번 출입구 지상2층 엘리베이터 | 3. [2F] 개집표기 통과 | 4. [2F] 외대앞방면 지상2층 에스컬레이터 | 5. [1F] 외대앞방면 지상1층 승강장 에스컬레이터 | 6. [1F] 외대앞방면 승강장
KR_1_0371,1호선,신이문,1,출입구-승강장,7,3번 출입구 엘리베이터 → 외대앞 방면,1F → 2F → 3F → 2F → 1F,8,0,0,[1F] 3번 출입구 지상1층 엘리베이터 → [2F] 3번 출입구 지상2층 엘리베이터 → [3F] 지상3층 계단 → [2F] 지상2층 계단 → [2F] 개집표기 통과 → [2F] 외대앞방면 지상2층 에스컬레이터 → [1F] 외대앞방면 지상1층 승강장 에스컬레이터 → [1F] 외대앞방면 승강장,1. [1F] 3번 출입구 지상1층 엘리베이터 | 2. [2F] 3번 출입구 지상2층 엘리베이터 | 3. [3F] 지상3층 계단 | 4. [2F] 지상2층 계단 | 5. [2F] 개집표기 통과 | 6. [2F] 외대앞방면 지상2층 에스컬레이터 | 7. [1F] 외대앞방면 지상1층 승강장 에스컬레이터 | 8. [1F] 외대앞방면 승강장
KR_1_0371,1호선,신이문,1,출입구-승강장,8,4번 출입구 엘리베이터 → 외대앞 방면,B1 → 2F → 1F → 2F → 1F,8,0,0,[B1] 4번 출입구 지하1층 엘리베이터 → [2F] 4번 출입구 지상2층 엘리베이터 → [2F] 석계방면 승강장 → [1F] 석계방면 지상1층 승강장 에스컬레이터 → [2F] 석계방면 지상2층 에스컬레이터 → [2F] 외대앞방면 지상2층 에스컬레이터 → [1F] 외대앞방면 지상1층 승강장 에스컬레이터 → [1F] 외대앞방면 승강장,1. [B1] 4번 출입구 지하1층 엘리베이터 | 2. [2F] 4번 출입구 지상2층 엘리베이터 | 3. [2F] 석계방면 승강장 | 4. [1F] 석계방면 지상1층 승강장 에스컬레이터 | 5. [2F] 석계방면 지상2층 에스컬레이터 | 6. [2F] 외대앞방면 지상2층 에스컬레이터 | 7. [1F] 외대앞방면 지상1층 승강장 에스컬레이터 | 8. [1F] 외대앞방면 승강장
KR_1_0442,1호선,외대앞,1,출입구-승강장,1,"외부 3,5번 출입구 → 신이문방면",1F → 2F,6,1,0,"3번, 5번출입구 지상 1층 엘리베이터(으)로 1개 층 올라가기 (1F → 2F, 엘리베이터) → [2F] 3번, 5번출입구 지상 2층 엘리베이터 하차 → [2F] 게이트 통과 → [2F] 3층신이문방면 승강장 W/L 탑승 → [2F] 1층 신이문방면 승강장 W/L 하차 → [2F] 신이문방면 승강장 이동","1. 3번, 5번출입구 지상 1층 엘리베이터(으)로 1개 층 올라가기 (1F → 2F, 엘리베이터) | 2. [2F] 3번, 5번출입구 지상 2층 엘리베이터 하차 | 3. [2F] 게이트 통과 | 4. [2F] 3층신이문방면 승강장 W/L 탑승 | 5. [2F] 1층 신이문방면 승강장 W/L 하차 | 6. [2F] 신이문방면 승강장 이동"
KR_1_0442,1호선,외대앞,1,출입구-승강장,2,1번출입구 → 신이문방면 ,,3,0,0,* 평면환승가능 → 1번출입구->게이트 통과 → 신이문방면 승강장 이동,1. * 평면환승가능 | 2. 1번출입구->게이트 통과 | 3. 신이문방면 승강장 이동
KR_1_0604,1호선,회기,1,출입구-승강장,1,1번 출입구 옆 엘리베이터 → 외대앞 방면 승강장,1F → 2F → 1F,6,2,0,"1번 출입구 옆 엘리베이터(으)로 1개 층 올라가기 (1F → 2F, 엘리베이터) → [2F] 대합실로 이동 → [2F] 표 내는 곳 통과 → 1호선 승강장 방향 엘리베이터(으)로 1개 층 내려가기 (2F → 1F, 엘리베이터) → [1F] 외대앞 방면 승강장으로 이동 → [1F] 승차 (휠체어칸)","1. 1번 출입구 옆 엘리베이터(으)로 1개 층 올라가기 (1F → 2F, 엘리베이터) | 2. [2F] 대합실로 이동 | 3. [2F] 표 내는 곳 통과 | 4. 1호선 승강장 방향 엘리베이터(으)로 1개 층 내려가기 (2F → 1F, 엘리베이터) | 5. [1F] 외대앞 방면 승강장으로 이동 | 6. [1F] 승차 (휠체어칸)"
KR_1_0604,1호선,회기,1,출입구-승강장,2,1번 출입구 옆 엘리베이터 → 청량리 방면 승강장,1F → 2F → 1F,6,2,0,"1번 출입구 옆 엘리베이터(으)로 1개 층 올라가기 (1F → 2F, 엘리베이터) → [2F] 대합실로 이동 → [2F] 표 내는 곳 통과 → 1호선 승강장 방향 엘리베이터(으)로 1개 층 내려가기 (2F → 1F, 엘리베이터) → [1F] 청량리 방면 승강장으로 이동 → [1F] 승차 (휠체어칸)","1. 1번 출입구 옆 엘리베이터(으)로 1개 층 올라가기 (1F → 2F, 엘리베이터) | 2. [2F] 대합실로 이동 | 3. [2F] 표 내는 곳 통과 | 4. 1호선 승강장 방향 엘리베이터(으)로 1개 층 내려가기 (2F → 1F, 엘리베이터) | 5. [1F] 청량리 방면 승강장으로 이동 | 6. [1F] 승차 (휠체어칸)"
KR_1_0604,1호선,회기,1,출입구-승강장,3,2번 출입구 옆 엘리베이터 → 외대앞 방면 승강장,1F → 2F → 1F,6,2,0,"2번 출입구 옆 엘리베이터(으)로 1개 층 올라가기 (1F → 2F, 엘리베이터) → [2F] 대합실로 이동 → [2F] 표 내는 곳 통과 → 1호선 승강장 방향 엘리베이터(으)로 1개 층 내려가기 (2F → 1F, 엘리베이터) → [1F] 외대앞 방면 승강장으로 이동 → [1F] 승차 (휠체어칸)","1. 2번 출입구 옆 엘리베이터(으)로 1개 층 올라가기 (1F → 2F, 엘리베이터) | 2. [2F] 대합실로 이동 | 3. [2F] 표 내는 곳 통과 | 4. 1호선 승강장 방향 엘리베이터(으)로 1개 층 내려가기 (2F → 1F, 엘리베이터) | 5. [1F] 외대앞 방면 승강장으로 이동 | 6. [1F] 승차 (휠체어칸)"
KR_1_0604,1호선,회기,1,출입구-승강장,4,2번 출입구 옆 엘리베이터 → 청량리 방면 승강장,1F → 2F → 1F,6,2,0,"2번 출입구 옆 엘리베이터(으)로 1개 층 올라가기 (1F → 2F, 엘리베이터) → [2F] 대합실로 이동 → [2F] 표 내는 곳 통과 → 1호선 승강장 방향 엘리베이터(으)로 1개 층 내려가기 (2F → 1F, 엘리베이터) → [1F] 청량리 방면 승강장으로 이동 → [1F] 승차 (휠체어칸)","1. 2번 출입구 옆 엘리베이터(으)로 1개 층 올라가기 (1F → 2F, 엘리베이터) | 2. [2F] 대합실로 이동 | 3. [2F] 표 내는 곳 통과 | 4. 1호선 승강장 방향 엘리베이터(으)로 1개 층 내려가기 (2F → 1F, 엘리베이터) | 5. [1F] 청량리 방면 승강장으로 이동 | 6. [1F] 승차 (휠체어칸)"
KR_1_0604,1호선,회기,3,환승,1,1호선 외대앞 방면 → 경의중앙선 청량리 방면,1F → 2F → 1F,6,2,0,"[1F] 1호선 외대앞 방면 승강장 하차 → 대합실 방향 엘리베이터(으)로 1개 층 올라가기 (1F → 2F, 엘리베이터) → [2F] 대합실로 이동 → 경의중앙선 승강장 방향 엘리베이터(으)로 1개 층 내려가기 (2F → 1F, 엘리베이터) → [1F] 경의중앙선 청량리 방면 승강장으로 이동 → [1F] 승차 (휠체어칸)","1. [1F] 1호선 외대앞 방면 승강장 하차 | 2. 대합실 방향 엘리베이터(으)로 1개 층 올라가기 (1F → 2F, 엘리베이터) | 3. [2F] 대합실로 이동 | 4. 경의중앙선 승강장 방향 엘리베이터(으)로 1개 층 내려가기 (2F → 1F, 엘리베이터) | 5. [1F] 경의중앙선 청량리 방면 승강장으로 이동 | 6. [1F] 승차 (휠체어칸)"
KR_1_0604,1호선,회기,3,환승,2,1호선 외대앞 방면 → 경의중앙선 중랑 방면,1F → 2F → 1F,6,2,0,"[1F] 1호선 외대앞 방면 승강장 하차 → 대합실 방향 엘리베이터(으)로 1개 층 올라가기 (1F → 2F, 엘리베이터) → [2F] 대합실로 이동 → 경의중앙선 승강장 방향 엘리베이터(으)로 1개 층 내려가기 (2F → 1F, 엘리베이터) → [1F] 경의중앙선 중랑 방면 승강장으로 이동 → [1F] 승차 (휠체어칸)","1. [1F] 1호선 외대앞 방면 승강장 하차 | 2. 대합실 방향 엘리베이터(으)로 1개 층 올라가기 (1F → 2F, 엘리베이터) | 3. [2F] 대합실로 이동 | 4. 경의중앙선 승강장 방향 엘리베이터(으)로 1개 층 내려가기 (2F → 1F, 엘리베이터) | 5. [1F] 경의중앙선 중랑 방면 승강장으로 이동 | 6. [1F] 승차 (휠체어칸)"
KR_1_0604,1호선,회기,3,환승,3,1호선 청량리 방면 → 경의중앙선 청량리 방면,1F → 2F → 1F,6,2,0,"[1F] 1호선 청량리 방면 승강장 하차 → 대합실 방향 엘리베이터(으)로 1개 층 올라가기 (1F → 2F, 엘리베이터) → [2F] 대합실로 이동 → 경의중앙선 승강장 방향 엘리베이터(으)로 1개 층 내려가기 (2F → 1F, 엘리베이터) → [1F] 경의중앙선 청량리 방면 승강장으로 이동 → [1F] 승차 (휠체어칸)","1. [1F] 1호선 청량리 방면 승강장 하차 | 2. 대합실 방향 엘리베이터(으)로 1개 층 올라가기 (1F → 2F, 엘리베이터) | 3. [2F] 대합실로 이동 | 4. 경의중앙선 승강장 방향 엘리베이터(으)로 1개 층 내려가기 (2F → 1F, 엘리베이터) | 5. [1F] 경의중앙선 청량리 방면 승강장으로 이동 | 6. [1F] 승차 (휠체어칸)"
KR_1_0604,1호선,회기,3,환승,4,1호선 청량리 방면 → 경의중앙선 중랑 방면,1F → 2F → 1F,6,2,0,"[1F] 1호선 청량리 방면 승강장 하차 → 대합실 방향 엘리베이터(으)로 1개 층 올라가기 (1F → 2F, 엘리베이터) → [2F] 대합실로 이동 → 경의중앙선 승강장 방향 엘리베이터(으)로 1개 층 내려가기 (2F → 1F, 엘리베이터) → [1F] 경의중앙선 중랑 방면 승강장으로 이동 → [1F] 승차 (휠체어칸)","1. [1F] 1호선 청량리 방면 승강장 하차 | 2. 대합실 방향 엘리베이터(으)로 1개 층 올라가기 (1F → 2F, 엘리베이터) | 3. [2F] 대합실로 이동 | 4. 경의중앙선 승강장 방향 엘리베이터(으)로 1개 층 내려가기 (2F → 1F, 엘리베이터) | 5. [1F] 경의중앙선 중랑 방면 승강장으로 이동 | 6. [1F] 승차 (휠체어칸)"
KR_1_0604,1호선,회기,3,환승,5,1호선 외대앞 방면 → 경춘선 청량리 방면,1F → 2F → 1F,6,2,0,"[1F] 1호선 외대앞 방면 승강장 하차 → 대합실 방향 엘리베이터(으)로 1개 층 올라가기 (1F → 2F, 엘리베이터) → [2F] 대합실로 이동 → 경춘선 승강장 방향 엘리베이터(으)로 1개 층 내려가기 (2F → 1F, 엘리베이터) → [1F] 경춘선 청량리 방면 승강장으로 이동 → [1F] 승차 (휠체어칸)","1. [1F] 1호선 외대앞 방면 승강장 하차 | 2. 대합실 방향 엘리베이터(으)로 1개 층 올라가기 (1F → 2F, 엘리베이터) | 3. [2F] 대합실로 이동 | 4. 경춘선 승강장 방향 엘리베이터(으)로 1개 층 내려가기 (2F → 1F, 엘리베이터) | 5. [1F] 경춘선 청량리 방면 승강장으로 이동 | 6. [1F] 승차 (휠체어칸)"
KR_1_0604,1호선,회기,3,환승,6,1호선 외대앞 방면 → 경춘선 중랑 방면,1F → 2F → 1F,6,2,0,"[1F] 1호선 외대앞 방면 승강장 하차 → 대합실 방향 엘리베이터(으)로 1개 층 올라가기 (1F → 2F, 엘리베이터) → [2F] 대합실로 이동 → 경춘선 승강장 방향 엘리베이터(으)로 1개 층 내려가기 (2F → 1F, 엘리베이터) → [1F] 경춘선 중랑 방면 승강장으로 이동 → [1F] 승차 (휠체어칸)","1. [1F] 1호선 외대앞 방면 승강장 하차 | 2. 대합실 방향 엘리베이터(으)로 1개 층 올라가기 (1F → 2F, 엘리베이터) | 3. [2F] 대합실로 이동 | 4. 경춘선 승강장 방향 엘리베이터(으)로 1개 층 내려가기 (2F → 1F, 엘리베이터) | 5. [1F] 경춘선 중랑 방면 승강장으로 이동 | 6. [1F] 승차 (휠체어칸)"
KR_1_0604,1호선,회기,3,환승,7,1호선 청량리 방면 → 경춘선 청량리 방면,1F → 2F → 1F,6,2,0,"[1F] 1호선 청량리 방면 승강장 하차 → 대합실 방향 엘리베이터(으)로 1개 층 올라가기 (1F → 2F, 엘리베이터) → [2F] 대합실로 이동 → 경춘선 승강장 방향 엘리베이터(으)로 1개 층 내려가기 (2F → 1F, 엘리베이터) → [1F] 경춘선 청량리 방면 승강장으로 이동 → [1F] 승차 (휠체어칸)","1. [1F] 1호선 청량리 방면 승강장 하차 | 2. 대합실 방향 엘리베이터(으)로 1개 층 올라가기 (1F → 2F, 엘리베이터) | 3. [2F] 대합실로 이동 | 4. 경춘선 승강장 방향 엘리베이터(으)로 1개 층 내려가기 (2F → 1F, 엘리베이터) | 5. [1F] 경춘선 청량리 방면 승강장으로 이동 | 6. [1F] 승차 (휠체어칸)"
KR_1_0604,1호선,회기,3,환승,8,1호선 청량리 방면 → 경춘선 중랑 방면,1F → 2F → 1F,6,2,0,"[1F] 1호선 청량리 방면 승강장 하차 → 대합실 방향 엘리베이터(으)로 1개 층 올라가기 (1F → 2F, 엘리베이터) → [2F] 대합실로 이동 → 경춘선 승강장 방향 엘리베이터(으)로 1개 층 내려가기 (2F → 1F, 엘리베이터) → [1F] 경춘선 중랑 방면 승강장으로 이동 → [1F] 승차 (휠체어칸)","1. [1F] 1호선 청량리 방면 승강장 하차 | 2. 대합실 방향 엘리베이터(으)로 1개 층 올라가기 (1F → 2F, 엘리베이터) | 3. [2F] 대합실로 이동 | 4. 경춘선 승강장 방향 엘리베이터(으)로 1개 층 내려가기 (2F → 1F, 엘리베이터) | 5. [1F] 경춘선 중랑 방면 승강장으로 이동 | 6. [1F] 승차 (휠체어칸)"
S1_1_0552,1호선,청량리,1,출입구-승강장,1,2번 출입구 근처 엘리베이터 → 제기동 방면,1F → B2 → B1,6,2,0,"2번 출입구 지상 엘리베이터(으)로 2개 층 내려가기 (1F → B2, 엘리베이터) → [B2] 지하 2층 대합실에서 엘리베이터 하차 → [B2] 개집표기 통과 → 내부 엘리베이터(으)로 1개 층 올라가기 (B2 → B1, 엘리베이터) → [B1] 지하 1층 제기동 방면 승강장으로 이동 → [B1] 승차 (휠체어칸)","1. 2번 출입구 지상 엘리베이터(으)로 2개 층 내려가기 (1F → B2, 엘리베이터) | 2. [B2] 지하 2층 대합실에서 엘리베이터 하차 | 3. [B2] 개집표기 통과 | 4. 내부 엘리베이터(으)로 1개 층 올라가기 (B2 → B1, 엘리베이터) | 5. [B1] 지하 1층 제기동 방면 승강장으로 이동 | 6. [B1] 승차 (휠체어칸)"
S1_1_0552,1호선,청량리,1,출입구-승강장,2,2번 출입구 근처 엘리베이터 → 회기 방면,1F → B2 → B1,6,2,0,"2번 출입구 지상 엘리베이터(으)로 2개 층 내려가기 (1F → B2, 엘리베이터) → [B2] 지하 2층 대합실에서 엘리베이터 하차 → [B2] 개집표기 통과 → 내부 엘리베이터(으)로 1개 층 올라가기 (B2 → B1, 엘리베이터) → [B1] 지하 1층 회기 방면 승강장으로 이동 → [B1] 승차 (휠체어칸)","1. 2번 출입구 지상 엘리베이터(으)로 2개 층 내려가기 (1F → B2, 엘리베이터) | 2. [B2] 지하 2층 대합실에서 엘리베이터 하차 | 3. [B2] 개집표기 통과 | 4. 내부 엘리베이터(으)로 1개 층 올라가기 (B2 → B1, 엘리베이터) | 5. [B1] 지하 1층 회기 방면 승강장으로 이동 | 6. [B1] 승차 (휠체어칸)"
S1_1_0552,1호선,청량리,3,환승,1,1호선 회기 방면 → 경의중앙선 방면,B2,4,0,0,[B2] 지하 2층 방향 엘리베이터 이동 → [B2] 지하 2층 대합실로 이동 → [B2] 4번 출입구 방면으로 이동 → [B2] 개집표기 통과 후 경의중앙선 방향으로 이동,1. [B2] 지하 2층 방향 엘리베이터 이동 | 2. [B2] 지하 2층 대합실로 이동 | 3. [B2] 4번 출입구 방면으로 이동 | 4. [B2] 개집표기 통과 후 경의중앙선 방향으로 이동
S1_1_0552,1호선,청량리,3,환승,2,1호선 제기동 방면 → 경의중앙선 방면,B2,4,0,0,[B2] 지하 2층 방향 엘리베이터 이동 → [B2] 지하 2층 대합실로 이동 → [B2] 4번 출입구 방면으로 이동 → [B2] 개집표기 통과 후 경의중앙선 방향으로 이동,1. [B2] 지하 2층 방향 엘리베이터 이동 | 2. [B2] 지하 2층 대합실로 이동 | 3. [B2] 4번 출입구 방면으로 이동 | 4. [B2] 개집표기 통과 후 경의중앙선 방향으로 이동
S1_1_0512,1호선,제기동,1,출입구-승강장,1,1번 출입구 옆 엘리베이터 → 청량리 방면 승강장,1F → B1 → B2,6,2,0,"1번 출입구 옆 엘리베이터(으)로 1개 층 내려가기 (1F → B1, 엘리베이터) → [B1] 대합실로 이동 → [B1] 표 내는 곳 통과 → 청량리 방면 엘리베이터(으)로 1개 층 내려가기 (B1 → B2, 엘리베이터) → [B2] 청량리 방면 승강장으로 이동 → [B2] 승차 (휠체어칸)","1. 1번 출입구 옆 엘리베이터(으)로 1개 층 내려가기 (1F → B1, 엘리베이터) | 2. [B1] 대합실로 이동 | 3. [B1] 표 내는 곳 통과 | 4. 청량리 방면 엘리베이터(으)로 1개 층 내려가기 (B1 → B2, 엘리베이터) | 5. [B2] 청량리 방면 승강장으로 이동 | 6. [B2] 승차 (휠체어칸)"
S1_1_0512,1호선,제기동,1,출입구-승강장,2,1번 출입구 옆 엘리베이터 → 신설동 방면 승강장,1F → B1 → B2,6,2,0,"1번 출입구 옆 엘리베이터(으)로 1개 층 내려가기 (1F → B1, 엘리베이터) → [B1] 대합실로 이동 → [B1] 표 내는 곳 통과 → 신설동 방면 엘리베이터(으)로 1개 층 내려가기 (B1 → B2, 엘리베이터) → [B2] 신설동 방면 승강장으로 이동 → [B2] 승차 (휠체어칸)","1. 1번 출입구 옆 엘리베이터(으)로 1개 층 내려가기 (1F → B1, 엘리베이터) | 2. [B1] 대합실로 이동 | 3. [B1] 표 내는 곳 통과 | 4. 신설동 방면 엘리베이터(으)로 1개 층 내려가기 (B1 → B2, 엘리베이터) | 5. [B2] 신설동 방면 승강장으로 이동 | 6. [B2] 승차 (휠체어칸)"
S1_1_0367,1호선,신설동,1,출입구-승강장,1,2번/3번 출입구 사이 엘리베이터 → 제기동 방면 승강장,1F → B1 → B2,6,2,0,"2번/3번 출입구 사이 엘리베이터(으)로 1개 층 내려가기 (1F → B1, 엘리베이터) → [B1] 대합실로 이동 → [B1] 표 내는 곳 통과 → 제기동 방면 엘리베이터(으)로 1개 층 내려가기 (B1 → B2, 엘리베이터) → [B2] 제기동 방면 승강장으로 이동 → [B2] 승차 (휠체어칸)","1. 2번/3번 출입구 사이 엘리베이터(으)로 1개 층 내려가기 (1F → B1, 엘리베이터) | 2. [B1] 대합실로 이동 | 3. [B1] 표 내는 곳 통과 | 4. 제기동 방면 엘리베이터(으)로 1개 층 내려가기 (B1 → B2, 엘리베이터) | 5. [B2] 제기동 방면 승강장으로 이동 | 6. [B2] 승차 (휠체어칸)"
S1_1_0367,1호선,신설동,1,출입구-승강장,2,4번/5번 출입구 사이 엘리베이터 → 동묘앞 방면 승강장,1F → B1 → B2,6,2,0,"4번/5번 출입구 사이 엘리베이터(으)로 1개 층 내려가기 (1F → B1, 엘리베이터) → [B1] 대합실로 이동 → [B1] 표 내는 곳 통과 → 동묘앞 방면 엘리베이터(으)로 1개 층 내려가기 (B1 → B2, 엘리베이터) → [B2] 동묘앞 방면 승강장으로 이동 → [B2] 승차 (휠체어칸)","1. 4번/5번 출입구 사이 엘리베이터(으)로 1개 층 내려가기 (1F → B1, 엘리베이터) | 2. [B1] 대합실로 이동 | 3. [B1] 표 내는 곳 통과 | 4. 동묘앞 방면 엘리베이터(으)로 1개 층 내려가기 (B1 → B2, 엘리베이터) | 5. [B2] 동묘앞 방면 승강장으로 이동 | 6. [B2] 승차 (휠체어칸)"
S1_1_0367,1호선,신설동,3,환승,1,1호선 제기동 방면 → 2호선 용두 방면,B2 → B1 → 1F → B2,10,3,0,"[B2] 1호선 제기동 방면 승강장 하차 → 1호선 제기동 방면 대합실 방향 내부 엘리베이터(으)로 1개 층 올라가기 (B2 → B1, 엘리베이터) → [B1] 1호선 제기동 방면 대합실로 이동 → [B1] 우대자용 개집표기에서 호출버튼 눌러 통과 요청(비운임구역 진입) → 2번/3번 출입구 사이 외부 엘리베이터(으)로 1개 층 올라가기 (B1 → 1F, 엘리베이터) → [1F] 역사 바깥으로 이동 → 9번 출입구 부근 2호선 용두 방면 엘리베이터(으)로 2개 층 내려가기 (1F → B2, 엘리베이터) → [B2] 2호선 용두 방면 승강장으로 이동 → [B2] 우대자용 개집표기에서 호출버튼 눌러 통과 요청(운임구역 진입) → [B2] 승차 (휠체어칸)","1. [B2] 1호선 제기동 방면 승강장 하차 | 2. 1호선 제기동 방면 대합실 방향 내부 엘리베이터(으)로 1개 층 올라가기 (B2 → B1, 엘리베이터) | 3. [B1] 1호선 제기동 방면 대합실로 이동 | 4. [B1] 우대자용 개집표기에서 호출버튼 눌러 통과 요청(비운임구역 진입) | 5. 2번/3번 출입구 사이 외부 엘리베이터(으)로 1개 층 올라가기 (B1 → 1F, 엘리베이터) | 6. [1F] 역사 바깥으로 이동 | 7. 9번 출입구 부근 2호선 용두 방면 엘리베이터(으)로 2개 층 내려가기 (1F → B2, 엘리베이터) | 8. [B2] 2호선 용두 방면 승강장으로 이동 | 9. [B2] 우대자용 개집표기에서 호출버튼 눌러 통과 요청(운임구역 진입) | 10. [B2] 승차 (휠체어칸)"
S1_1_0367,1호선,신설동,3,환승,2,1호선 동묘앞 방면 → 2호선 용두 방면,B2 → B1 → 1F → B2,10,3,0,"[B2] 1호선 동묘앞 방면 승강장 하차 → 1호선 동묘앞 방면 대합실 방향 내부 엘리베이터(으)로 1개 층 올라가기 (B2 → B1, 엘리베이터) → [B1] 1호선 동묘앞 방면 대합실로 이동 → [B1] 우대자용 개집표기에서 호출버튼 눌러 통과 요청(비운임구역 진입) → 4번/5번 출입구 사이 외부 엘리베이터(으)로 1개 층 올라가기 (B1 → 1F, 엘리베이터) → [1F] 역사 바깥으로 이동 → 9번 출입구 부근 2호선 용두 방면 엘리베이터(으)로 2개 층 내려가기 (1F → B2, 엘리베이터) → [B2] 2호선 용두 방면 승강장으로 이동 → [B2] 우대자용 개집표기에서 호출버튼 눌러 통과 요청(운임구역 진입) → [B2] 승차 (휠체어칸)","1. [B2] 1호선 동묘앞 방면 승강장 하차 | 2. 1호선 동묘앞 방면 대합실 방향 내부 엘리베이터(으)로 1개 층 올라가기 (B2 → B1, 엘리베이터) | 3. [B1] 1호선 동묘앞 방면 대합실로 이동 | 4. [B1] 우대자용 개집표기에서 호출버튼 눌러 통과 요청(비운임구역 진입) | 5. 4번/5번 출입구 사이 외부 엘리베이터(으)로 1개 층 올라가기 (B1 → 1F, 엘리베이터) | 6. [1F] 역사 바깥으로 이동 | 7. 9번 출입구 부근 2호선 용두 방면 엘리베이터(으)로 2개 층 내려가기 (1F → B2, 엘리베이터) | 8. [B2] 2호선 용두 방면 승강장으로 이동 | 9. [B2] 우대자용 개집표기에서 호출버튼 눌러 통과 요청(운임구역 진입) | 10. [B2] 승차 (휠체어칸)"
S1_1_0367,1호선,신설동,3,환승,3,1호선 제기동 방면 → 우이신설선 보문 방면,B2 → B1 → B2,8,1,0,"[B2] 1호선 제기동 방면 승강장 하차 → 대합실 방향 휠체어리프트(으)로 1개 층 올라가기 (B2 → B1, 휠체어리프트) → [B1] 대합실로 이동 → [B1] 우이신설선 방향 환승통로로 이동 → [B1] 우이신설선 대합실로 이동 → 우이신설선 보문 방면 엘리베이터(으)로 1개 층 내려가기 (B1 → B2, 엘리베이터) → [B2] 우이신설선 보문 방면 승강장으로 이동 → [B2] 승차 (휠체어칸)","1. [B2] 1호선 제기동 방면 승강장 하차 | 2. 대합실 방향 휠체어리프트(으)로 1개 층 올라가기 (B2 → B1, 휠체어리프트) | 3. [B1] 대합실로 이동 | 4. [B1] 우이신설선 방향 환승통로로 이동 | 5. [B1] 우이신설선 대합실로 이동 | 6. 우이신설선 보문 방면 엘리베이터(으)로 1개 층 내려가기 (B1 → B2, 엘리베이터) | 7. [B2] 우이신설선 보문 방면 승강장으로 이동 | 8. [B2] 승차 (휠체어칸)"
S1_1_0367,1호선,신설동,3,환승,4,1호선 동묘앞 방면 → 우이신설선 보문 방면,B2 → B1 → B2,8,1,0,"[B2] 1호선 동묘앞 방면 승강장 하차 → 대합실 방향 휠체어리프트(으)로 1개 층 올라가기 (B2 → B1, 휠체어리프트) → [B1] 대합실로 이동 → [B1] 우이신설선 방향 환승통로로 이동 → [B1] 우이신설선 대합실로 이동 → 우이신설선 보문 방면 엘리베이터(으)로 1개 층 내려가기 (B1 → B2, 엘리베이터) → [B2] 우이신설선 보문 방면 승강장으로 이동 → [B2] 승차 (휠체어칸)","1. [B2] 1호선 동묘앞 방면 승강장 하차 | 2. 대합실 방향 휠체어리프트(으)로 1개 층 올라가기 (B2 → B1, 휠체어리프트) | 3. [B1] 대합실로 이동 | 4. [B1] 우이신설선 방향 환승통로로 이동 | 5. [B1] 우이신설선 대합실로 이동 | 6. 우이신설선 보문 방면 엘리베이터(으)로 1개 층 내려가기 (B1 → B2, 엘리베이터) | 7. [B2] 우이신설선 보문 방면 승강장으로 이동 | 8. [B2] 승차 (휠체어칸)"
S1_1_0161,1호선,동묘앞,1,출입구-승강장,1,2번 출입구 → 신설동 방면 승강장,1F → B1,5,1,0,"[1F] 2번 출입구 대합실로 이동 → [1F] 표 내는 곳 통과 → 승강장 방향 엘리베이터(으)로 1개 층 내려가기 (1F → B1, 엘리베이터) → [B1] 신설동 방면 승강장으로 이동 → [B1] 승차 (휠체어칸)","1. [1F] 2번 출입구 대합실로 이동 | 2. [1F] 표 내는 곳 통과 | 3. 승강장 방향 엘리베이터(으)로 1개 층 내려가기 (1F → B1, 엘리베이터) | 4. [B1] 신설동 방면 승강장으로 이동 | 5. [B1] 승차 (휠체어칸)"
S1_1_0161,1호선,동묘앞,1,출입구-승강장,2,2번 출입구 → 동대문 방면 승강장,1F → B1 → B2 → B1,9,3,0,"[1F] 2번 출입구 대합실로 이동 → [1F] 표 내는 곳 통과 → 승강장 방향 엘리베이터(으)로 1개 층 내려가기 (1F → B1, 엘리베이터) → [B1] 신설동 방면 승강장으로 이동 → 이동통로 방향 엘리베이터(으)로 1개 층 내려가기 (B1 → B2, 엘리베이터) → [B2] 이동통로로 이동 → 동대문 방면 엘리베이터(으)로 1개 층 올라가기 (B2 → B1, 엘리베이터) → [B1] 동대문 방면 승강장으로 이동 → [B1] 승차 (휠체어칸)","1. [1F] 2번 출입구 대합실로 이동 | 2. [1F] 표 내는 곳 통과 | 3. 승강장 방향 엘리베이터(으)로 1개 층 내려가기 (1F → B1, 엘리베이터) | 4. [B1] 신설동 방면 승강장으로 이동 | 5. 이동통로 방향 엘리베이터(으)로 1개 층 내려가기 (B1 → B2, 엘리베이터) | 6. [B2] 이동통로로 이동 | 7. 동대문 방면 엘리베이터(으)로 1개 층 올라가기 (B2 → B1, 엘리베이터) | 8. [B1] 동대문 방면 승강장으로 이동 | 9. [B1] 승차 (휠체어칸)"
S1_1_0161,1호선,동묘앞,1,출입구-승강장,3,3번 출입구 옆 엘리베이터 → 신설동 방면 승강장,1F → B1 → B2 → B1,8,3,0,"3번 출입구 옆 엘리베이터(으)로 1개 층 내려가기 (1F → B1, 엘리베이터) → [B1] 승강장으로 이동 → [B1] 표 내는 곳 통과 → 이동통로 방향 엘리베이터(으)로 1개 층 내려가기 (B1 → B2, 엘리베이터) → [B2] 이동통로로 이동 → 신설동 방면 엘리베이터(으)로 1개 층 올라가기 (B2 → B1, 엘리베이터) → [B1] 신설동 방면 승강장으로 이동 → [B1] 승차 (휠체어칸)","1. 3번 출입구 옆 엘리베이터(으)로 1개 층 내려가기 (1F → B1, 엘리베이터) | 2. [B1] 승강장으로 이동 | 3. [B1] 표 내는 곳 통과 | 4. 이동통로 방향 엘리베이터(으)로 1개 층 내려가기 (B1 → B2, 엘리베이터) | 5. [B2] 이동통로로 이동 | 6. 신설동 방면 엘리베이터(으)로 1개 층 올라가기 (B2 → B1, 엘리베이터) | 7. [B1] 신설동 방면 승강장으로 이동 | 8. [B1] 승차 (휠체어칸)"
S1_1_0161,1호선,동묘앞,1,출입구-승강장,4,3번 출입구 옆 엘리베이터 → 동대문 방면 승강장,1F → B1,5,1,0,"3번 출입구 옆 엘리베이터(으)로 1개 층 내려가기 (1F → B1, 엘리베이터) → [B1] 승강장으로 이동 → [B1] 표 내는 곳 통과 → [B1] 동대문 방면 승강장으로 이동 → [B1] 승차 (휠체어칸)","1. 3번 출입구 옆 엘리베이터(으)로 1개 층 내려가기 (1F → B1, 엘리베이터) | 2. [B1] 승강장으로 이동 | 3. [B1] 표 내는 곳 통과 | 4. [B1] 동대문 방면 승강장으로 이동 | 5. [B1] 승차 (휠체어칸)"
S1_1_0161,1호선,동묘앞,3,환승,1,1호선 신설동 방면 → 6호선 신당 방면,B2 → B3,5,1,0,"1호선 신설동 방면 승강장 하차 → [B2] 환승통로로 이동 → 6호선 승강장 방향 엘리베이터(으)로 1개 층 내려가기 (B2 → B3, 엘리베이터) → [B3] 6호선 신당 방면 승강장으로 이동 → [B3] 승차 (휠체어칸)","1. 1호선 신설동 방면 승강장 하차 | 2. [B2] 환승통로로 이동 | 3. 6호선 승강장 방향 엘리베이터(으)로 1개 층 내려가기 (B2 → B3, 엘리베이터) | 4. [B3] 6호선 신당 방면 승강장으로 이동 | 5. [B3] 승차 (휠체어칸)"
S1_1_0161,1호선,동묘앞,3,환승,2,1호선 신설동 방면 → 6호선 창신 방면,B2 → B3,5,1,0,"1호선 신설동 방면 승강장 하차 → [B2] 환승통로로 이동 → 6호선 승강장 방향 엘리베이터(으)로 1개 층 내려가기 (B2 → B3, 엘리베이터) → [B3] 6호선 창신 방면 승강장으로 이동 → [B3] 승차 (휠체어칸)","1. 1호선 신설동 방면 승강장 하차 | 2. [B2] 환승통로로 이동 | 3. 6호선 승강장 방향 엘리베이터(으)로 1개 층 내려가기 (B2 → B3, 엘리베이터) | 4. [B3] 6호선 창신 방면 승강장으로 이동 | 5. [B3] 승차 (휠체어칸)"
S1_1_0161,1호선,동묘앞,3,환승,3,1호선 동대문 방면 → 6호선 신당 방면,B2 → B3,5,1,0,"1호선 동대문 방면 승강장 하차 → [B2] 환승통로로 이동 → 6호선 승강장 방향 엘리베이터(으)로 1개 층 내려가기 (B2 → B3, 엘리베이터) → [B3] 6호선 신당 방면 승강장으로 이동 → [B3] 승차 (휠체어칸)","1. 1호선 동대문 방면 승강장 하차 | 2. [B2] 환승통로로 이동 | 3. 6호선 승강장 방향 엘리베이터(으)로 1개 층 내려가기 (B2 → B3, 엘리베이터) | 4. [B3] 6호선 신당 방면 승강장으로 이동 | 5. [B3] 승차 (휠체어칸)"
S1_1_0161,1호선,동묘앞,3,환승,4,1호선 동대문 방면 → 6호선 창신 방면,B2 → B3,5,1,0,"1호선 동대문 방면 승강장 하차 → [B2] 환승통로로 이동 → 6호선 승강장 방향 엘리베이터(으)로 1개 층 내려가기 (B2 → B3, 엘리베이터) → [B3] 6호선 창신 방면 승강장으로 이동 → [B3] 승차 (휠체어칸)","1. 1호선 동대문 방면 승강장 하차 | 2. [B2] 환승통로로 이동 | 3. 6호선 승강장 방향 엘리베이터(으)로 1개 층 내려가기 (B2 → B3, 엘리베이터) | 4. [B3] 6호선 창신 방면 승강장으로 이동 | 5. [B3] 승차 (휠체어칸)"
S1_1_0155,1호선,동대문,1,출입구-승강장,1,6번 출입구 근처 엘리베이터 → 1호선 동묘앞 방면,B1 → B2,4,1,0,"[B1] 지하 1층으로 이동 → [B1] 1번/6번 근처 개집표기로 이동 → 1번 출입구 근처 엘리베이터(으)로 1개 층 내려가기 (B1 → B2, 엘리베이터) → [B2] 지하 2층 승강장으로 이동","1. [B1] 지하 1층으로 이동 | 2. [B1] 1번/6번 근처 개집표기로 이동 | 3. 1번 출입구 근처 엘리베이터(으)로 1개 층 내려가기 (B1 → B2, 엘리베이터) | 4. [B2] 지하 2층 승강장으로 이동"
S1_1_0155,1호선,동대문,1,출입구-승강장,2,6번 출입구 근처 엘리베이터 → 1호선 종로 5가 방면,B1 → B2,4,1,0,"[B1] 지하 1층으로 이동 → [B1] 1번/6번 근처 개집표기로 이동 → 종로5가 방면 엘리베이터(으)로 1개 층 내려가기 (B1 → B2, 엘리베이터) → [B2] 지하 2층 승강장으로 이동","1. [B1] 지하 1층으로 이동 | 2. [B1] 1번/6번 근처 개집표기로 이동 | 3. 종로5가 방면 엘리베이터(으)로 1개 층 내려가기 (B1 → B2, 엘리베이터) | 4. [B2] 지하 2층 승강장으로 이동"
S1_1_0155,1호선,동대문,3,환승,1,1호선 동묘앞 방면 → 4호선 혜화/동대문역사문화공원 방면,B1 → B4,5,1,0,"[B1] 지하 1층으로 이동 → [B1] 환승통로 이용 → [B1] 4호선 지하 1층으로 이동 → 엘리베이터(으)로 3개 층 내려가기 (B1 → B4, 엘리베이터) → [B4] 지하 4층 4호선 혜화/동대문역사문화공원 방면 승강장 이동","1. [B1] 지하 1층으로 이동 | 2. [B1] 환승통로 이용 | 3. [B1] 4호선 지하 1층으로 이동 | 4. 엘리베이터(으)로 3개 층 내려가기 (B1 → B4, 엘리베이터) | 5. [B4] 지하 4층 4호선 혜화/동대문역사문화공원 방면 승강장 이동"
S1_1_0155,1호선,동대문,3,환승,2,1호선 종로5가 방면 → 4호선 혜화/동대문역사문화공원 방면,B1 → B4,5,1,0,"[B1] 지하 1층으로 이동 → [B1] 환승통로 이용 → [B1] 4호선 지하 1층으로 이동 → 엘리베이터(으)로 3개 층 내려가기 (B1 → B4, 엘리베이터) → [B4] 지하 4층 4호선 혜화/동대문역사문화공원 방면 승강장 이동","1. [B1] 지하 1층으로 이동 | 2. [B1] 환승통로 이용 | 3. [B1] 4호선 지하 1층으로 이동 | 4. 엘리베이터(으)로 3개 층 내려가기 (B1 → B4, 엘리베이터) | 5. [B4] 지하 4층 4호선 혜화/동대문역사문화공원 방면 승강장 이동"
S1_1_0517,1호선,종로5가,1,출입구-승강장,1,8번 출입구 옆 엘리베이터 → 동대문 방면 승강장,1F → B1 → B2,6,2,0,"8번 출입구 옆 엘리베이터(으)로 1개 층 내려가기 (1F → B1, 엘리베이터) → [B1] 대합실로 이동 → [B1] 표 내는 곳 통과 → 동대문 방면 엘리베이터(으)로 1개 층 내려가기 (B1 → B2, 엘리베이터) → [B2] 동대문 방면 승강장으로 이동 → [B2] 승차 (휠체어칸)","1. 8번 출입구 옆 엘리베이터(으)로 1개 층 내려가기 (1F → B1, 엘리베이터) | 2. [B1] 대합실로 이동 | 3. [B1] 표 내는 곳 통과 | 4. 동대문 방면 엘리베이터(으)로 1개 층 내려가기 (B1 → B2, 엘리베이터) | 5. [B2] 동대문 방면 승강장으로 이동 | 6. [B2] 승차 (휠체어칸)"
S1_1_0517,1호선,종로5가,1,출입구-승강장,2,8번 출입구 옆 엘리베이터 → 종로3가 방면 승강장,1F → B1 → B2,6,2,0,"8번 출입구 옆 엘리베이터(으)로 1개 층 내려가기 (1F → B1, 엘리베이터) → [B1] 대합실로 이동 → [B1] 표 내는 곳 통과 → 종로3가 방면 엘리베이터(으)로 1개 층 내려가기 (B1 → B2, 엘리베이터) → [B2] 종로3가 방면 승강장으로 이동 → [B2] 승차 (휠체어칸)","1. 8번 출입구 옆 엘리베이터(으)로 1개 층 내려가기 (1F → B1, 엘리베이터) | 2. [B1] 대합실로 이동 | 3. [B1] 표 내는 곳 통과 | 4. 종로3가 방면 엘리베이터(으)로 1개 층 내려가기 (B1 → B2, 엘리베이터) | 5. [B2] 종로3가 방면 승강장으로 이동 | 6. [B2] 승차 (휠체어칸)"
S1_1_0515,1호선,종로3가,1,출입구-승강장,1,2-1번 출입구 옆 엘리베이터 → 종로5가 방면 승강장,1F → B1 → B2,6,2,0,"2-1번 출입구 옆 엘리베이터(으)로 1개 층 내려가기 (1F → B1, 엘리베이터) → [B1] 대합실로 이동 → [B1] 표 내는 곳 통과 → 종로5가 방면 엘리베이터(으)로 1개 층 내려가기 (B1 → B2, 엘리베이터) → [B2] 종로5가 방면 승강장으로 이동 → [B2] 승차 (휠체어칸)","1. 2-1번 출입구 옆 엘리베이터(으)로 1개 층 내려가기 (1F → B1, 엘리베이터) | 2. [B1] 대합실로 이동 | 3. [B1] 표 내는 곳 통과 | 4. 종로5가 방면 엘리베이터(으)로 1개 층 내려가기 (B1 → B2, 엘리베이터) | 5. [B2] 종로5가 방면 승강장으로 이동 | 6. [B2] 승차 (휠체어칸)"
S1_1_0515,1호선,종로3가,1,출입구-승강장,2,2-1번 출입구 옆 엘리베이터 → 종각 방면 승강장,1F → B1 → B2,6,2,0,"2-1번 출입구 옆 엘리베이터(으)로 1개 층 내려가기 (1F → B1, 엘리베이터) → [B1] 대합실로 이동 → [B1] 표 내는 곳 통과 → 종각 방면 엘리베이터(으)로 1개 층 내려가기 (B1 → B2, 엘리베이터) → [B2] 종각 방면 승강장으로 이동 → [B2] 승차 (휠체어칸)","1. 2-1번 출입구 옆 엘리베이터(으)로 1개 층 내려가기 (1F → B1, 엘리베이터) | 2. [B1] 대합실로 이동 | 3. [B1] 표 내는 곳 통과 | 4. 종각 방면 엘리베이터(으)로 1개 층 내려가기 (B1 → B2, 엘리베이터) | 5. [B2] 종각 방면 승강장으로 이동 | 6. [B2] 승차 (휠체어칸)"
S1_1_0515,1호선,종로3가,1,출입구-승강장,3,12번 출입구 옆 엘리베이터 → 종로5가 방면 승강장,1F → B1 → B2,6,2,0,"12번 출입구 옆 엘리베이터(으)로 1개 층 내려가기 (1F → B1, 엘리베이터) → [B1] 대합실로 이동 → [B1] 표 내는 곳 통과 → 종로5가 방면 엘리베이터(으)로 1개 층 내려가기 (B1 → B2, 엘리베이터) → [B2] 종로5가 방면 승강장으로 이동 → [B2] 승차 (휠체어칸)","1. 12번 출입구 옆 엘리베이터(으)로 1개 층 내려가기 (1F → B1, 엘리베이터) | 2. [B1] 대합실로 이동 | 3. [B1] 표 내는 곳 통과 | 4. 종로5가 방면 엘리베이터(으)로 1개 층 내려가기 (B1 → B2, 엘리베이터) | 5. [B2] 종로5가 방면 승강장으로 이동 | 6. [B2] 승차 (휠체어칸)"
S1_1_0515,1호선,종로3가,1,출입구-승강장,4,12번 출입구 옆 엘리베이터 → 종각 방면 승강장,1F → B1 → B2,6,2,0,"12번 출입구 옆 엘리베이터(으)로 1개 층 내려가기 (1F → B1, 엘리베이터) → [B1] 대합실로 이동 → [B1] 표 내는 곳 통과 → 종각 방면 엘리베이터(으)로 1개 층 내려가기 (B1 → B2, 엘리베이터) → [B2] 종각 방면 승강장으로 이동 → [B2] 승차 (휠체어칸)","1. 12번 출입구 옆 엘리베이터(으)로 1개 층 내려가기 (1F → B1, 엘리베이터) | 2. [B1] 대합실로 이동 | 3. [B1] 표 내는 곳 통과 | 4. 종각 방면 엘리베이터(으)로 1개 층 내려가기 (B1 → B2, 엘리베이터) | 5. [B2] 종각 방면 승강장으로 이동 | 6. [B2] 승차 (휠체어칸)"
S1_1_0515,1호선,종로3가,3,환승,1,1호선 종로5가 방면 → 3호선 안국 방면,B2 → B4,5,1,0,"[B2] 1호선 종로5가 방면 승강장 하차 → [B2] 3호선 대합실 방향 환승통로로 이동 → 3호선 승강장 방향 엘리베이터(으)로 2개 층 내려가기 (B2 → B4, 엘리베이터) → [B4] 3호선 안국 방면 승강장으로 이동 → [B4] 승차 (휠체어칸)","1. [B2] 1호선 종로5가 방면 승강장 하차 | 2. [B2] 3호선 대합실 방향 환승통로로 이동 | 3. 3호선 승강장 방향 엘리베이터(으)로 2개 층 내려가기 (B2 → B4, 엘리베이터) | 4. [B4] 3호선 안국 방면 승강장으로 이동 | 5. [B4] 승차 (휠체어칸)"
S1_1_0515,1호선,종로3가,3,환승,2,1호선 종로5가 방면 → 3호선 을지로3가 방면,B2 → B4,5,1,0,"[B2] 1호선 종로5가 방면 승강장 하차 → [B2] 3호선 대합실 방향 환승통로로 이동 → 3호선 승강장 방향 엘리베이터(으)로 2개 층 내려가기 (B2 → B4, 엘리베이터) → [B4] 3호선 을지로3가 방면 승강장으로 이동 → [B4] 승차 (휠체어칸)","1. [B2] 1호선 종로5가 방면 승강장 하차 | 2. [B2] 3호선 대합실 방향 환승통로로 이동 | 3. 3호선 승강장 방향 엘리베이터(으)로 2개 층 내려가기 (B2 → B4, 엘리베이터) | 4. [B4] 3호선 을지로3가 방면 승강장으로 이동 | 5. [B4] 승차 (휠체어칸)"
S1_1_0515,1호선,종로3가,3,환승,3,1호선 종각 방면 → 3호선 안국 방면,B2 → B1 → B2 → B4,9,3,0,"[B2] 1호선 종각 방면 승강장 하차 → 1호선 대합실 방향 엘리베이터(으)로 1개 층 올라가기 (B2 → B1, 엘리베이터) → [B1] 1호선 대합실로 이동 → 종로5가 방면 엘리베이터(으)로 1개 층 내려가기 (B1 → B2, 엘리베이터) → [B2] 종로5가 방면 승강장으로 이동 → [B2] 3호선 대합실 방향 환승통로로 이동 → 3호선 승강장 방향 엘리베이터(으)로 2개 층 내려가기 (B2 → B4, 엘리베이터) → [B4] 3호선 안국 방면 승강장으로 이동 → [B4] 승차 (휠체어칸)","1. [B2] 1호선 종각 방면 승강장 하차 | 2. 1호선 대합실 방향 엘리베이터(으)로 1개 층 올라가기 (B2 → B1, 엘리베이터) | 3. [B1] 1호선 대합실로 이동 | 4. 종로5가 방면 엘리베이터(으)로 1개 층 내려가기 (B1 → B2, 엘리베이터) | 5. [B2] 종로5가 방면 승강장으로 이동 | 6. [B2] 3호선 대합실 방향 환승통로로 이동 | 7. 3호선 승강장 방향 엘리베이터(으)로 2개 층 내려가기 (B2 → B4, 엘리베이터) | 8. [B4] 3호선 안국 방면 승강장으로 이동 | 9. [B4] 승차 (휠체어칸)"
S1_1_0515,1호선,종로3가,3,환승,4,1호선 종각 방면 → 3호선 을지로3가 방면,B2 → B1 → B2 → B4,9,3,0,"[B2] 1호선 종각 방면 승강장 하차 → 1호선 대합실 방향 엘리베이터(으)로 1개 층 올라가기 (B2 → B1, 엘리베이터) → [B1] 1호선 대합실로 이동 → 종로5가 방면 엘리베이터(으)로 1개 층 내려가기 (B1 → B2, 엘리베이터) → [B2] 종로5가 방면 승강장으로 이동 → [B2] 3호선 대합실 방향 환승통로로 이동 → 3호선 승강장 방향 엘리베이터(으)로 2개 층 내려가기 (B2 → B4, 엘리베이터) → [B4] 3호선 을지로3가 방면 승강장으로 이동 → [B4] 승차 (휠체어칸)","1. [B2] 1호선 종각 방면 승강장 하차 | 2. 1호선 대합실 방향 엘리베이터(으)로 1개 층 올라가기 (B2 → B1, 엘리베이터) | 3. [B1] 1호선 대합실로 이동 | 4. 종로5가 방면 엘리베이터(으)로 1개 층 내려가기 (B1 → B2, 엘리베이터) | 5. [B2] 종로5가 방면 승강장으로 이동 | 6. [B2] 3호선 대합실 방향 환승통로로 이동 | 7. 3호선 승강장 방향 엘리베이터(으)로 2개 층 내려가기 (B2 → B4, 엘리베이터) | 8. [B4] 3호선 을지로3가 방면 승강장으로 이동 | 9. [B4] 승차 (휠체어칸)"
S1_1_0515,1호선,종로3가,3,환승,5,1호선 종로5가 방면 → 5호선 광화문 방면,B2 → B3 → B4 → B5,10,3,0,"[B2] 1호선 종로5가 방면 승강장 하차 → [B2] 3호선 대합실 방향 환승통로로 이동 → 3호선 승강장 방향 엘리베이터(으)로 1개 층 내려가기 (B2 → B3, 엘리베이터) → [B3] 3호선 대합실로 이동 → [B3] 5호선 대합실 방향 환승통로로 이동 → 5호선 환승 엘리베이터(으)로 1개 층 내려가기 (B3 → B4, 엘리베이터) → [B4] 5호선 대합실로 이동 → 승강장 방향 엘리베이터(으)로 1개 층 내려가기 (B4 → B5, 엘리베이터) → [B5] 5호선 광화문 방면 승강장으로 이동 → [B5] 승차 (휠체어칸)","1. [B2] 1호선 종로5가 방면 승강장 하차 | 2. [B2] 3호선 대합실 방향 환승통로로 이동 | 3. 3호선 승강장 방향 엘리베이터(으)로 1개 층 내려가기 (B2 → B3, 엘리베이터) | 4. [B3] 3호선 대합실로 이동 | 5. [B3] 5호선 대합실 방향 환승통로로 이동 | 6. 5호선 환승 엘리베이터(으)로 1개 층 내려가기 (B3 → B4, 엘리베이터) | 7. [B4] 5호선 대합실로 이동 | 8. 승강장 방향 엘리베이터(으)로 1개 층 내려가기 (B4 → B5, 엘리베이터) | 9. [B5] 5호선 광화문 방면 승강장으로 이동 | 10. [B5] 승차 (휠체어칸)"
S1_1_0515,1호선,종로3가,3,환승,6,1호선 종로5가 방면 → 5호선 을지로4가 방면,B2 → B3 → B4 → B5,10,3,0,"[B2] 1호선 종로5가 방면 승강장 하차 → [B2] 3호선 대합실 방향 환승통로로 이동 → 3호선 승강장 방향 엘리베이터(으)로 1개 층 내려가기 (B2 → B3, 엘리베이터) → [B3] 3호선 대합실로 이동 → [B3] 5호선 대합실 방향 환승통로로 이동 → 5호선 환승 엘리베이터(으)로 1개 층 내려가기 (B3 → B4, 엘리베이터) → [B4] 5호선 대합실로 이동 → 승강장 방향 엘리베이터(으)로 1개 층 내려가기 (B4 → B5, 엘리베이터) → [B5] 5호선 을지로4가 방면 승강장으로 이동 → [B5] 승차 (휠체어칸)","1. [B2] 1호선 종로5가 방면 승강장 하차 | 2. [B2] 3호선 대합실 방향 환승통로로 이동 | 3. 3호선 승강장 방향 엘리베이터(으)로 1개 층 내려가기 (B2 → B3, 엘리베이터) | 4. [B3] 3호선 대합실로 이동 | 5. [B3] 5호선 대합실 방향 환승통로로 이동 | 6. 5호선 환승 엘리베이터(으)로 1개 층 내려가기 (B3 → B4, 엘리베이터) | 7. [B4] 5호선 대합실로 이동 | 8. 승강장 방향 엘리베이터(으)로 1개 층 내려가기 (B4 → B5, 엘리베이터) | 9. [B5] 5호선 을지로4가 방면 승강장으로 이동 | 10. [B5] 승차 (휠체어칸)"
S1_1_0515,1호선,종로3가,3,환승,7,1호선 종각 방면 → 5호선 광화문 방면,B2 → B1 → B2 → B3 → B4 → B5,14,5,0,"[B2] 1호선 종각 방면 승강장 하차 → 1호선 대합실 방향 엘리베이터(으)로 1개 층 올라가기 (B2 → B1, 엘리베이터) → [B1] 1호선 대합실로 이동 → 종로5가 방면 엘리베이터(으)로 1개 층 내려가기 (B1 → B2, 엘리베이터) → [B2] 승강장으로 이동 → [B2] 3호선 대합실 방향 환승통로로 이동 → 3호선 승강장 방향 엘리베이터(으)로 1개 층 내려가기 (B2 → B3, 엘리베이터) → [B3] 3호선 대합실로 이동 → [B3] 5호선 대합실 방향 환승통로로 이동 → 5호선 환승 엘리베이터(으)로 1개 층 내려가기 (B3 → B4, 엘리베이터) → [B4] 5호선 대합실로 이동 → 승강장 방향 엘리베이터(으)로 1개 층 내려가기 (B4 → B5, 엘리베이터) → [B5] 5호선 광화문 방면 승강장으로 이동 → [B5] 승차 (휠체어칸)","1. [B2] 1호선 종각 방면 승강장 하차 | 2. 1호선 대합실 방향 엘리베이터(으)로 1개 층 올라가기 (B2 → B1, 엘리베이터) | 3. [B1] 1호선 대합실로 이동 | 4. 종로5가 방면 엘리베이터(으)로 1개 층 내려가기 (B1 → B2, 엘리베이터) | 5. [B2] 승강장으로 이동 | 6. [B2] 3호선 대합실 방향 환승통로로 이동 | 7. 3호선 승강장 방향 엘리베이터(으)로 1개 층 내려가기 (B2 → B3, 엘리베이터) | 8. [B3] 3호선 대합실로 이동 | 9. [B3] 5호선 대합실 방향 환승통로로 이동 | 10. 5호선 환승 엘리베이터(으)로 1개 층 내려가기 (B3 → B4, 엘리베이터) | 11. [B4] 5호선 대합실로 이동 | 12. 승강장 방향 엘리베이터(으)로 1개 층 내려가기 (B4 → B5, 엘리베이터) | 13. [B5] 5호선 광화문 방면 승강장으로 이동 | 14. [B5] 승차 (휠체어칸)"
S1_1_0515,1호선,종로3가,3,환승,8,1호선 종각 방면 → 5호선 을지로4가 방면,B2 → B1 → B2 → B3 → B4 → B5,14,5,0,"[B2] 1호선 종각 방면 승강장 하차 → 1호선 대합실 방향 엘리베이터(으)로 1개 층 올라가기 (B2 → B1, 엘리베이터) → [B1] 1호선 대합실로 이동 → 종로5가 방면 엘리베이터(으)로 1개 층 내려가기 (B1 → B2, 엘리베이터) → [B2] 승강장으로 이동 → [B2] 3호선 대합실 방향 환승통로로 이동 → 3호선 승강장 방향 엘리베이터(으)로 1개 층 내려가기 (B2 → B3, 엘리베이터) → [B3] 3호선 대합실로 이동 → [B3] 5호선 대합실 방향 환승통로로 이동 → 5호선 환승 엘리베이터(으)로 1개 층 내려가기 (B3 → B4, 엘리베이터) → [B4] 5호선 대합실로 이동 → 승강장 방향 엘리베이터(으)로 1개 층 내려가기 (B4 → B5, 엘리베이터) → [B5] 5호선 을지로4가 방면 승강장으로 이동 → [B5] 승차 (휠체어칸)","1. [B2] 1호선 종각 방면 승강장 하차 | 2. 1호선 대합실 방향 엘리베이터(으)로 1개 층 올라가기 (B2 → B1, 엘리베이터) | 3. [B1] 1호선 대합실로 이동 | 4. 종로5가 방면 엘리베이터(으)로 1개 층 내려가기 (B1 → B2, 엘리베이터) | 5. [B2] 승강장으로 이동 | 6. [B2] 3호선 대합실 방향 환승통로로 이동 | 7. 3호선 승강장 방향 엘리베이터(으)로 1개 층 내려가기 (B2 → B3, 엘리베이터) | 8. [B3] 3호선 대합실로 이동 | 9. [B3] 5호선 대합실 방향 환승통로로 이동 | 10. 5호선 환승 엘리베이터(으)로 1개 층 내려가기 (B3 → B4, 엘리베이터) | 11. [B4] 5호선 대합실로 이동 | 12. 승강장 방향 엘리베이터(으)로 1개 층 내려가기 (B4 → B5, 엘리베이터) | 13. [B5] 5호선 을지로4가 방면 승강장으로 이동 | 14. [B5] 승차 (휠체어칸)"
S1_1_0514,1호선,종각,1,출입구-승강장,1,1번 출입구 옆 엘리베이터 → 종로3가 방면 승강장,1F → B1 → B2,6,2,0,"1번 출입구 옆 엘리베이터(으)로 1개 층 내려가기 (1F → B1, 엘리베이터) → [B1] 대합실로 이동 → [B1] 표 내는 곳 통과 → 종로3가 방면 엘리베이터(으)로 1개 층 내려가기 (B1 → B2, 엘리베이터) → [B2] 종로3가 방면 승강장으로 이동 → [B2] 승차 (휠체어칸)","1. 1번 출입구 옆 엘리베이터(으)로 1개 층 내려가기 (1F → B1, 엘리베이터) | 2. [B1] 대합실로 이동 | 3. [B1] 표 내는 곳 통과 | 4. 종로3가 방면 엘리베이터(으)로 1개 층 내려가기 (B1 → B2, 엘리베이터) | 5. [B2] 종로3가 방면 승강장으로 이동 | 6. [B2] 승차 (휠체어칸)"
S1_1_0514,1호선,종각,1,출입구-승강장,2,1번 출입구 옆 엘리베이터 → 시청 방면 승강장,1F → B1 → B2,6,2,0,"1번 출입구 옆 엘리베이터(으)로 1개 층 내려가기 (1F → B1, 엘리베이터) → [B1] 대합실로 이동 → [B1] 표 내는 곳 통과 → 시청 방면 엘리베이터(으)로 1개 층 내려가기 (B1 → B2, 엘리베이터) → [B2] 시청 방면 승강장으로 이동 → [B2] 승차 (휠체어칸)","1. 1번 출입구 옆 엘리베이터(으)로 1개 층 내려가기 (1F → B1, 엘리베이터) | 2. [B1] 대합실로 이동 | 3. [B1] 표 내는 곳 통과 | 4. 시청 방면 엘리베이터(으)로 1개 층 내려가기 (B1 → B2, 엘리베이터) | 5. [B2] 시청 방면 승강장으로 이동 | 6. [B2] 승차 (휠체어칸)"
S1_1_0514,1호선,종각,1,출입구-승강장,3,3번 출입구 옆 엘리베이터 → 종로3가 방면 승강장,1F → B1 → B2,6,2,0,"3번 출입구 옆 엘리베이터(으)로 1개 층 내려가기 (1F → B1, 엘리베이터) → [B1] 대합실로 이동 → [B1] 표 내는 곳 통과 → 종로3가 방면 엘리베이터(으)로 1개 층 내려가기 (B1 → B2, 엘리베이터) → [B2] 종로3가 방면 승강장으로 이동 → [B2] 승차 (휠체어칸)","1. 3번 출입구 옆 엘리베이터(으)로 1개 층 내려가기 (1F → B1, 엘리베이터) | 2. [B1] 대합실로 이동 | 3. [B1] 표 내는 곳 통과 | 4. 종로3가 방면 엘리베이터(으)로 1개 층 내려가기 (B1 → B2, 엘리베이터) | 5. [B2] 종로3가 방면 승강장으로 이동 | 6. [B2] 승차 (휠체어칸)"
S1_1_0514,1호선,종각,1,출입구-승강장,4,3번 출입구 옆 엘리베이터 → 시청 방면 승강장,1F → B1 → B2,6,2,0,"3번 출입구 옆 엘리베이터(으)로 1개 층 내려가기 (1F → B1, 엘리베이터) → [B1] 대합실로 이동 → [B1] 표 내는 곳 통과 → 시청 방면 엘리베이터(으)로 1개 층 내려가기 (B1 → B2, 엘리베이터) → [B2] 시청 방면 승강장으로 이동 → [B2] 승차 (휠체어칸)","1. 3번 출입구 옆 엘리베이터(으)로 1개 층 내려가기 (1F → B1, 엘리베이터) | 2. [B1] 대합실로 이동 | 3. [B1] 표 내는 곳 통과 | 4. 시청 방면 엘리베이터(으)로 1개 층 내려가기 (B1 → B2, 엘리베이터) | 5. [B2] 시청 방면 승강장으로 이동 | 6. [B2] 승차 (휠체어칸)"
S1_1_0347,1호선,시청,1,출입구-승강장,1,2번 출입구 근처 엘리베이터 → 1호선 종각 방면,B1 → B2,4,1,0,"2번 출입구 근처 엘리베이터로 이동 → [B1] 지하 1층으로이동 → 3번 출입구 근처 개집표기 통과 후 엘리베이터(으)로 1개 층 내려가기 (B1 → B2, 엘리베이터) → [B2] 지하 2층 승강장으로 이동","1. 2번 출입구 근처 엘리베이터로 이동 | 2. [B1] 지하 1층으로이동 | 3. 3번 출입구 근처 개집표기 통과 후 엘리베이터(으)로 1개 층 내려가기 (B1 → B2, 엘리베이터) | 4. [B2] 지하 2층 승강장으로 이동"
S1_1_0347,1호선,시청,1,출입구-승강장,2,2번 출입구 근처 엘리베이터 → 1호선 서울역 방면,B1 → B2,4,1,0,"2번 출입구 근처 엘리베이터로 이동 → [B1] 지하 1층으로이동 → 고객안전실 근처 개집표기 통과 후 엘리베이터(으)로 1개 층 내려가기 (B1 → B2, 엘리베이터) → [B2] 지하 2층 승강장으로 이동","1. 2번 출입구 근처 엘리베이터로 이동 | 2. [B1] 지하 1층으로이동 | 3. 고객안전실 근처 개집표기 통과 후 엘리베이터(으)로 1개 층 내려가기 (B1 → B2, 엘리베이터) | 4. [B2] 지하 2층 승강장으로 이동"
S1_1_0347,1호선,시청,3,환승,1,1호선 서울역 방면 → 2호선 을지로입구 방면,B1 → B2 → B3,8,2,0,"서울역 방면 승강장 → [B1] 지하 1층으로 이동 → 개집표기 통과 후 엘리베이터(으)로 1개 층 내려가기 (B1 → B2, 엘리베이터) → [B2] 지하 2층 종각 방면 승강장으로 이동 → [B2] 환승통로 이동 → 엘리베이터(으)로 1개 층 내려가기 (B2 → B3, 엘리베이터) → [B3] 지하 3층으로 이동 → [B3] 을지로입구 방면 승강장으로 이동","1. 서울역 방면 승강장 | 2. [B1] 지하 1층으로 이동 | 3. 개집표기 통과 후 엘리베이터(으)로 1개 층 내려가기 (B1 → B2, 엘리베이터) | 4. [B2] 지하 2층 종각 방면 승강장으로 이동 | 5. [B2] 환승통로 이동 | 6. 엘리베이터(으)로 1개 층 내려가기 (B2 → B3, 엘리베이터) | 7. [B3] 지하 3층으로 이동 | 8. [B3] 을지로입구 방면 승강장으로 이동"
S1_1_0347,1호선,시청,3,환승,2,1호선 서울역 방면 → 2호선 충정로 방면,B1 → B2 → B3,8,2,0,"서울역 방면 승강장 → [B1] 지하 1층으로 이동 → 개집표기 통과 후 엘리베이터(으)로 1개 층 내려가기 (B1 → B2, 엘리베이터) → [B2] 지하 2층 종각 방면 승강장으로 이동 → [B2] 환승통로 이동 → 엘리베이터(으)로 1개 층 내려가기 (B2 → B3, 엘리베이터) → [B3] 지하 3층으로 이동 → [B3] 충정로 방면 승강장으로 이동","1. 서울역 방면 승강장 | 2. [B1] 지하 1층으로 이동 | 3. 개집표기 통과 후 엘리베이터(으)로 1개 층 내려가기 (B1 → B2, 엘리베이터) | 4. [B2] 지하 2층 종각 방면 승강장으로 이동 | 5. [B2] 환승통로 이동 | 6. 엘리베이터(으)로 1개 층 내려가기 (B2 → B3, 엘리베이터) | 7. [B3] 지하 3층으로 이동 | 8. [B3] 충정로 방면 승강장으로 이동"
S1_1_0347,1호선,시청,3,환승,3,1호선 종각 방면 → 2호선 을지로입구 방면,B3,5,0,0,종각 방면 승강장 → 환승통로 이동 → [B3] 지하 3층으로 이동 → [B3] 을지로입구 방면 승강장으로 이동 → 엘리베이터 이용 (엘리베이터),1. 종각 방면 승강장 | 2. 환승통로 이동 | 3. [B3] 지하 3층으로 이동 | 4. [B3] 을지로입구 방면 승강장으로 이동 | 5. 엘리베이터 이용 (엘리베이터)
S1_1_0347,1호선,시청,3,환승,4,1호선 종각 방면 → 2호선 충정로 방면,B3,5,0,0,종각 방면 승강장 → 환승통로 이동 → [B3] 지하 3층으로 이동 → [B3] 충정로 방면 승강장으로 이동 → 엘리베이터 이용 (엘리베이터),1. 종각 방면 승강장 | 2. 환승통로 이동 | 3. [B3] 지하 3층으로 이동 | 4. [B3] 충정로 방면 승강장으로 이동 | 5. 엘리베이터 이용 (엘리베이터)
S1_1_0296,1호선,서울역,1,출입구-승강장,1,1번 출입구 옆 엘리베이터 → 시청 방면 승강장,1F → B1 → B2,6,2,0,"1번 출입구 옆 엘리베이터(으)로 1개 층 내려가기 (1F → B1, 엘리베이터) → [B1] 대합실로 이동 → [B1] 표 내는 곳 통과 → 1호선 승강장 방향 엘리베이터(으)로 1개 층 내려가기 (B1 → B2, 엘리베이터) → [B2] 시청 방면 승강장으로 이동 → [B2] 승차 (휠체어칸)","1. 1번 출입구 옆 엘리베이터(으)로 1개 층 내려가기 (1F → B1, 엘리베이터) | 2. [B1] 대합실로 이동 | 3. [B1] 표 내는 곳 통과 | 4. 1호선 승강장 방향 엘리베이터(으)로 1개 층 내려가기 (B1 → B2, 엘리베이터) | 5. [B2] 시청 방면 승강장으로 이동 | 6. [B2] 승차 (휠체어칸)"
S1_1_0296,1호선,서울역,1,출입구-승강장,2,1번 출입구 옆 엘리베이터 → 남영 방면 승강장,1F → B1 → B2,6,2,0,"1번 출입구 옆 엘리베이터(으)로 1개 층 내려가기 (1F → B1, 엘리베이터) → [B1] 대합실로 이동 → [B1] 표 내는 곳 통과 → 1호선 승강장 방향 엘리베이터(으)로 1개 층 내려가기 (B1 → B2, 엘리베이터) → [B2] 남영 방면 승강장으로 이동 → [B2] 승차 (휠체어칸)","1. 1번 출입구 옆 엘리베이터(으)로 1개 층 내려가기 (1F → B1, 엘리베이터) | 2. [B1] 대합실로 이동 | 3. [B1] 표 내는 곳 통과 | 4. 1호선 승강장 방향 엘리베이터(으)로 1개 층 내려가기 (B1 → B2, 엘리베이터) | 5. [B2] 남영 방면 승강장으로 이동 | 6. [B2] 승차 (휠체어칸)"
S1_1_0296,1호선,서울역,1,출입구-승강장,3,2번 출입구 옆 엘리베이터 → 시청 방면 승강장,1F → B1 → B2,6,2,0,"2번 출입구 옆 엘리베이터(으)로 1개 층 내려가기 (1F → B1, 엘리베이터) → [B1] 대합실로 이동 → [B1] 표 내는 곳 통과 → 1호선 승강장 방향 엘리베이터(으)로 1개 층 내려가기 (B1 → B2, 엘리베이터) → [B2] 시청 방면 승강장으로 이동 → [B2] 승차 (휠체어칸)","1. 2번 출입구 옆 엘리베이터(으)로 1개 층 내려가기 (1F → B1, 엘리베이터) | 2. [B1] 대합실로 이동 | 3. [B1] 표 내는 곳 통과 | 4. 1호선 승강장 방향 엘리베이터(으)로 1개 층 내려가기 (B1 → B2, 엘리베이터) | 5. [B2] 시청 방면 승강장으로 이동 | 6. [B2] 승차 (휠체어칸)"
S1_1_0296,1호선,서울역,1,출입구-승강장,4,2번 출입구 옆 엘리베이터 → 남영 방면 승강장,1F → B1 → B2,6,2,0,"2번 출입구 옆 엘리베이터(으)로 1개 층 내려가기 (1F → B1, 엘리베이터) → [B1] 대합실로 이동 → [B1] 표 내는 곳 통과 → 1호선 승강장 방향 엘리베이터(으)로 1개 층 내려가기 (B1 → B2, 엘리베이터) → [B2] 남영 방면 승강장으로 이동 → [B2] 승차 (휠체어칸)","1. 2번 출입구 옆 엘리베이터(으)로 1개 층 내려가기 (1F → B1, 엘리베이터) | 2. [B1] 대합실로 이동 | 3. [B1] 표 내는 곳 통과 | 4. 1호선 승강장 방향 엘리베이터(으)로 1개 층 내려가기 (B1 → B2, 엘리베이터) | 5. [B2] 남영 방면 승강장으로 이동 | 6. [B2] 승차 (휠체어칸)"
S1_1_0296,1호선,서울역,1,출입구-승강장,5,3번 출입구 옆 엘리베이터 → 시청 방면 승강장,1F → B1 → B2,6,2,0,"3번 출입구 옆 엘리베이터(으)로 1개 층 내려가기 (1F → B1, 엘리베이터) → [B1] 대합실로 이동 → [B1] 표 내는 곳 통과 → 1호선 승강장 방향 엘리베이터(으)로 1개 층 내려가기 (B1 → B2, 엘리베이터) → [B2] 시청 방면 승강장으로 이동 → [B2] 승차 (휠체어칸)","1. 3번 출입구 옆 엘리베이터(으)로 1개 층 내려가기 (1F → B1, 엘리베이터) | 2. [B1] 대합실로 이동 | 3. [B1] 표 내는 곳 통과 | 4. 1호선 승강장 방향 엘리베이터(으)로 1개 층 내려가기 (B1 → B2, 엘리베이터) | 5. [B2] 시청 방면 승강장으로 이동 | 6. [B2] 승차 (휠체어칸)"
S1_1_0296,1호선,서울역,1,출입구-승강장,6,3번 출입구 옆 엘리베이터 → 남영 방면 승강장,1F → B1 → B2,6,2,0,"3번 출입구 옆 엘리베이터(으)로 1개 층 내려가기 (1F → B1, 엘리베이터) → [B1] 대합실로 이동 → [B1] 표 내는 곳 통과 → 1호선 승강장 방향 엘리베이터(으)로 1개 층 내려가기 (B1 → B2, 엘리베이터) → [B2] 남영 방면 승강장으로 이동 → [B2] 승차 (휠체어칸)","1. 3번 출입구 옆 엘리베이터(으)로 1개 층 내려가기 (1F → B1, 엘리베이터) | 2. [B1] 대합실로 이동 | 3. [B1] 표 내는 곳 통과 | 4. 1호선 승강장 방향 엘리베이터(으)로 1개 층 내려가기 (B1 → B2, 엘리베이터) | 5. [B2] 남영 방면 승강장으로 이동 | 6. [B2] 승차 (휠체어칸)"
S1_1_0296,1호선,서울역,1,출입구-승강장,7,4번 출입구 옆 엘리베이터 → 시청 방면 승강장,1F → B1 → B2,6,2,0,"4번 출입구 옆 엘리베이터(으)로 1개 층 내려가기 (1F → B1, 엘리베이터) → [B1] 대합실로 이동 → [B1] 표 내는 곳 통과 → 1호선 승강장 방향 엘리베이터(으)로 1개 층 내려가기 (B1 → B2, 엘리베이터) → [B2] 시청 방면 승강장으로 이동 → [B2] 승차 (휠체어칸)","1. 4번 출입구 옆 엘리베이터(으)로 1개 층 내려가기 (1F → B1, 엘리베이터) | 2. [B1] 대합실로 이동 | 3. [B1] 표 내는 곳 통과 | 4. 1호선 승강장 방향 엘리베이터(으)로 1개 층 내려가기 (B1 → B2, 엘리베이터) | 5. [B2] 시청 방면 승강장으로 이동 | 6. [B2] 승차 (휠체어칸)"
S1_1_0296,1호선,서울역,1,출입구-승강장,8,4번 출입구 옆 엘리베이터 → 남영 방면 승강장,1F → B1 → B2,6,2,0,"4번 출입구 옆 엘리베이터(으)로 1개 층 내려가기 (1F → B1, 엘리베이터) → [B1] 대합실로 이동 → [B1] 표 내는 곳 통과 → 1호선 승강장 방향 엘리베이터(으)로 1개 층 내려가기 (B1 → B2, 엘리베이터) → [B2] 남영 방면 승강장으로 이동 → [B2] 승차 (휠체어칸)","1. 4번 출입구 옆 엘리베이터(으)로 1개 층 내려가기 (1F → B1, 엘리베이터) | 2. [B1] 대합실로 이동 | 3. [B1] 표 내는 곳 통과 | 4. 1호선 승강장 방향 엘리베이터(으)로 1개 층 내려가기 (B1 → B2, 엘리베이터) | 5. [B2] 남영 방면 승강장으로 이동 | 6. [B2] 승차 (휠체어칸)"
S1_1_0296,1호선,서울역,3,환승,1,1호선 시청 방면 → 4호선 회현 방면,B2,11,0,0,[B2] 1호선 시청 방면 승강장 하차 → [B2] 엘리베이터로 (B1) 대합실 이동 → [B2] 장애인 게이트에서 콜 버튼 눌러 4호선 환승을 위한 게이트 통과 요청 → [B2] 게이트 통과후 (B1) GTX-A 대합실로 이동(비운임구역 진입) → [B2] GTX-A 대합실에서 4호선 12번 출구 방면 (B1) 대합실로 이동 → [B2] 12번 출구 근처 4호선 승강장 엘레베이터 앞 게이트에서 4호선 환승을 위한 게이트 통과 요청 → [B2] 4호선 게이트 통과(운임구역 진입) → [B2] 4호선 승강장 엘레베이터 탑승 → [B2] 4호선 회현 방면 승강장으로 이동 → [B2] 승차(휠체어칸) → 시청방면 승강장 4-4 부근 승강장 엘리베이터 이용 (엘리베이터),1. [B2] 1호선 시청 방면 승강장 하차 | 2. [B2] 엘리베이터로 (B1) 대합실 이동 | 3. [B2] 장애인 게이트에서 콜 버튼 눌러 4호선 환승을 위한 게이트 통과 요청 | 4. [B2] 게이트 통과후 (B1) GTX-A 대합실로 이동(비운임구역 진입) | 5. [B2] GTX-A 대합실에서 4호선 12번 출구 방면 (B1) 대합실로 이동 | 6. [B2] 12번 출구 근처 4호선 승강장 엘레베이터 앞 게이트에서 4호선 환승을 위한 게이트 통과 요청 | 7. [B2] 4호선 게이트 통과(운임구역 진입) | 8. [B2] 4호선 승강장 엘레베이터 탑승 | 9. [B2] 4호선 회현 방면 승강장으로 이동 | 10. [B2] 승차(휠체어칸) | 11. 시청방면 승강장 4-4 부근 승강장 엘리베이터 이용 (엘리베이터)
S1_1_0296,1호선,서울역,3,환승,2,1호선 시청 방면 → 4호선 숙대입구 방면,B2,11,0,0,[B2] 1호선 시청 방면 승강장 하차 → [B2] 엘리베이터로 (B1) 대합실 이동 → [B2] 장애인 게이트에서 콜 버튼 눌러 4호선 환승을 위한 게이트 통과 요청 → [B2] 게이트 통과후 (B1) GTX-A 대합실로 이동(비운임구역 진입) → [B2] GTX-A 대합실에서 4호선 12번 출구 방면 (B1) 대합실로 이동 → [B2] 12번 출구 근처 4호선 승강장 엘레베이터 앞 게이트에서 4호선 환승을 위한 게이트 통과 요청 → [B2] 4호선 게이트 통과(운임구역 진입) → [B2] 4호선 승강장 엘레베이터 탑승 → [B2] 4호선 숙대입구 방면 승강장으로 이동 → [B2] 승차(휠체어칸) → 시청방면 승강장 4-4 부근 승강장 엘리베이터 이용 (엘리베이터),1. [B2] 1호선 시청 방면 승강장 하차 | 2. [B2] 엘리베이터로 (B1) 대합실 이동 | 3. [B2] 장애인 게이트에서 콜 버튼 눌러 4호선 환승을 위한 게이트 통과 요청 | 4. [B2] 게이트 통과후 (B1) GTX-A 대합실로 이동(비운임구역 진입) | 5. [B2] GTX-A 대합실에서 4호선 12번 출구 방면 (B1) 대합실로 이동 | 6. [B2] 12번 출구 근처 4호선 승강장 엘레베이터 앞 게이트에서 4호선 환승을 위한 게이트 통과 요청 | 7. [B2] 4호선 게이트 통과(운임구역 진입) | 8. [B2] 4호선 승강장 엘레베이터 탑승 | 9. [B2] 4호선 숙대입구 방면 승강장으로 이동 | 10. [B2] 승차(휠체어칸) | 11. 시청방면 승강장 4-4 부근 승강장 엘리베이터 이용 (엘리베이터)
S1_1_0296,1호선,서울역,3,환승,3,1호선 남영 방면 → 4호선 회현 방면,B2,11,0,0,[B2] 1호선 남영 방면 승강장 하차 → [B2] 엘리베이터로 (B1) 대합실 이동 → [B2] 장애인 게이트에서 콜 버튼 눌러 4호선 환승을 위한 게이트 통과 요청 → [B2] 게이트 통과후 (B1) GTX-A 대합실로 이동(비운임구역 진입) → [B2] GTX-A 대합실에서 4호선 12번 출구 방면 (B1) 대합실로 이동 → [B2] 12번 출구 근처 4호선 승강장 엘레베이터 앞 게이트에서 4호선 환승을 위한 게이트 통과 요청 → [B2] 4호선 게이트 통과(운임구역 진입) → [B2] 4호선 승강장 엘레베이터 탑승 → [B2] 4호선 회현 방면 승강장으로 이동 → [B2] 승차(휠체어칸) → 남영방면 승강장 7-1 부근 승강장 엘리베이터 이용 (엘리베이터),1. [B2] 1호선 남영 방면 승강장 하차 | 2. [B2] 엘리베이터로 (B1) 대합실 이동 | 3. [B2] 장애인 게이트에서 콜 버튼 눌러 4호선 환승을 위한 게이트 통과 요청 | 4. [B2] 게이트 통과후 (B1) GTX-A 대합실로 이동(비운임구역 진입) | 5. [B2] GTX-A 대합실에서 4호선 12번 출구 방면 (B1) 대합실로 이동 | 6. [B2] 12번 출구 근처 4호선 승강장 엘레베이터 앞 게이트에서 4호선 환승을 위한 게이트 통과 요청 | 7. [B2] 4호선 게이트 통과(운임구역 진입) | 8. [B2] 4호선 승강장 엘레베이터 탑승 | 9. [B2] 4호선 회현 방면 승강장으로 이동 | 10. [B2] 승차(휠체어칸) | 11. 남영방면 승강장 7-1 부근 승강장 엘리베이터 이용 (엘리베이터)
S1_1_0296,1호선,서울역,3,환승,4,1호선 남영 방면 → 4호선 숙대입구 방면,B2,11,0,0,[B2] 1호선 남영 방면 승강장 하차 → [B2] 엘리베이터로 (B1) 대합실 이동 → [B2] 장애인 게이트에서 콜 버튼 눌러 4호선 환승을 위한 게이트 통과 요청 → [B2] 게이트 통과후 (B1) GTX-A 대합실로 이동(비운임구역 진입) → [B2] GTX-A 대합실에서 4호선 12번 출구 방면 (B1) 대합실로 이동 → [B2] 12번 출구 근처 4호선 승강장 엘레베이터 앞 게이트에서 4호선 환승을 위한 게이트 통과 요청 → [B2] 4호선 게이트 통과(운임구역 진입) → [B2] 4호선 승강장 엘레베이터 탑승 → [B2] 4호선 숙대입구 방면 승강장으로 이동 → [B2] 승차(휠체어칸) → 남영방면 승강장 7-1 부근 승강장 엘리베이터 이용 (엘리베이터),1. [B2] 1호선 남영 방면 승강장 하차 | 2. [B2] 엘리베이터로 (B1) 대합실 이동 | 3. [B2] 장애인 게이트에서 콜 버튼 눌러 4호선 환승을 위한 게이트 통과 요청 | 4. [B2] 게이트 통과후 (B1) GTX-A 대합실로 이동(비운임구역 진입) | 5. [B2] GTX-A 대합실에서 4호선 12번 출구 방면 (B1) 대합실로 이동 | 6. [B2] 12번 출구 근처 4호선 승강장 엘레베이터 앞 게이트에서 4호선 환승을 위한 게이트 통과 요청 | 7. [B2] 4호선 게이트 통과(운임구역 진입) | 8. [B2] 4호선 승강장 엘레베이터 탑승 | 9. [B2] 4호선 숙대입구 방면 승강장으로 이동 | 10. [B2] 승차(휠체어칸) | 11. 남영방면 승강장 7-1 부근 승강장 엘리베이터 이용 (엘리베이터)
S1_1_0296,1호선,서울역,3,환승,5,1호선 시청 방면 → 경의중앙선 신촌 방면,B2 → 1F → 2F → 1F,9,2,0,"[B2] 1호선 남영 방면 승강장 하차 → [B2] 엘리베이터로 (B1) 대합실로 이동 → [B2] 2번 출구 외부 1호기 엘리베이터로 이동 → [B2] 외부 1호기 엘리베이터로 (1F) 지상 이동 → 시청방면 승강장 4-4 부근 승강장 엘리베이터(으)로 2개 층 올라가기 (B2 → 1F, 엘리베이터) → [1F] 지상에서 (2F) 경의중앙선 역사로 이동 (경의중앙선에서는 지상 대합실을 2층, 승강장을 1층으로 구분) → 경의중앙선 역사에서 승강장 엘리베이터(으)로 1개 층 내려가기 (2F → 1F, 엘리베이터) → [1F] 경의중앙선 신촌 방면 승강장으로 이동 → [1F] 승차(휠체어칸)","1. [B2] 1호선 남영 방면 승강장 하차 | 2. [B2] 엘리베이터로 (B1) 대합실로 이동 | 3. [B2] 2번 출구 외부 1호기 엘리베이터로 이동 | 4. [B2] 외부 1호기 엘리베이터로 (1F) 지상 이동 | 5. 시청방면 승강장 4-4 부근 승강장 엘리베이터(으)로 2개 층 올라가기 (B2 → 1F, 엘리베이터) | 6. [1F] 지상에서 (2F) 경의중앙선 역사로 이동 (경의중앙선에서는 지상 대합실을 2층, 승강장을 1층으로 구분) | 7. 경의중앙선 역사에서 승강장 엘리베이터(으)로 1개 층 내려가기 (2F → 1F, 엘리베이터) | 8. [1F] 경의중앙선 신촌 방면 승강장으로 이동 | 9. [1F] 승차(휠체어칸)"
S1_1_0296,1호선,서울역,3,환승,6,1호선 남영 방면 → 경의중앙선 신촌 방면,B2 → 1F → 2F → 1F,9,2,0,"[B2] 1호선 남영 방면 승강장 하차 → [B2] 엘리베이터로 (B1) 대합실로 이동 → [B2] 2번 출구 외부 1호기 엘리베이터로 이동 → [B2] 외부 1호기 엘리베이터로 (1F) 지상 이동 → 남영방면 승강장 7-1 부근 승강장 엘리베이터(으)로 2개 층 올라가기 (B2 → 1F, 엘리베이터) → [1F] 지상에서 (2F) 경의중앙선 역사로 이동 (경의중앙선에서는 지상 대합실을 2층, 승강장을 1층으로 구분) → 경의중앙선 역사에서 승강장 엘리베이터(으)로 1개 층 내려가기 (2F → 1F, 엘리베이터) → [1F] 경의중앙선 신촌 방면 승강장으로 이동 → [1F] 승차(휠체어칸)","1. [B2] 1호선 남영 방면 승강장 하차 | 2. [B2] 엘리베이터로 (B1) 대합실로 이동 | 3. [B2] 2번 출구 외부 1호기 엘리베이터로 이동 | 4. [B2] 외부 1호기 엘리베이터로 (1F) 지상 이동 | 5. 남영방면 승강장 7-1 부근 승강장 엘리베이터(으)로 2개 층 올라가기 (B2 → 1F, 엘리베이터) | 6. [1F] 지상에서 (2F) 경의중앙선 역사로 이동 (경의중앙선에서는 지상 대합실을 2층, 승강장을 1층으로 구분) | 7. 경의중앙선 역사에서 승강장 엘리베이터(으)로 1개 층 내려가기 (2F → 1F, 엘리베이터) | 8. [1F] 경의중앙선 신촌 방면 승강장으로 이동 | 9. [1F] 승차(휠체어칸)"
S1_1_0296,1호선,서울역,3,환승,7,1호선 시청 방면 → 공항철도 공덕 방면,B2 → B1 → 2F → B3 → B7,11,3,0,"[B2] 1호선 시청 방면 승강장 하차 → 대합실 방향 엘리베이터(으)로 1개 층 올라가기 (B2 → B1, 엘리베이터) → [B1] 대합실로 이동 → [2F] KTX 기차역 대합실 이동 → [2F] 기차역 서부역 방면 ③번 출구 이동 → [2F] 공항철도 대합실로 이동 → 공항철도 엘리베이터(으)로 4개 층 내려가기 (2F → B3, 엘리베이터) → [B3] 공항철도 대합실로 이동 → 공항철도 공덕 방면 엘리베이터(으)로 4개 층 내려가기 (B3 → B7, 엘리베이터) → [B7] 공항철도 공덕 방면 승강장으로 이동 → [B7] 승차 (휠체어칸)","1. [B2] 1호선 시청 방면 승강장 하차 | 2. 대합실 방향 엘리베이터(으)로 1개 층 올라가기 (B2 → B1, 엘리베이터) | 3. [B1] 대합실로 이동 | 4. [2F] KTX 기차역 대합실 이동 | 5. [2F] 기차역 서부역 방면 ③번 출구 이동 | 6. [2F] 공항철도 대합실로 이동 | 7. 공항철도 엘리베이터(으)로 4개 층 내려가기 (2F → B3, 엘리베이터) | 8. [B3] 공항철도 대합실로 이동 | 9. 공항철도 공덕 방면 엘리베이터(으)로 4개 층 내려가기 (B3 → B7, 엘리베이터) | 10. [B7] 공항철도 공덕 방면 승강장으로 이동 | 11. [B7] 승차 (휠체어칸)"
S1_1_0296,1호선,서울역,3,환승,8,1호선 남영 방면 → 공항철도 공덕 방면,B2 → B1 → 2F → B3 → B7,11,3,0,"[B2] 1호선 남영 방면 승강장 하차 → 대합실 방향 엘리베이터(으)로 1개 층 올라가기 (B2 → B1, 엘리베이터) → [B1] 대합실로 이동 → [2F] KTX 기차역 대합실 이동 → [2F] 기차역 서부역 방면 ③번 출구 이동 → [2F] 공항철도 대합실로 이동 → 공항철도 엘리베이터(으)로 4개 층 내려가기 (2F → B3, 엘리베이터) → [B3] 공항철도 대합실로 이동 → 공항철도 공덕 방면 엘리베이터(으)로 4개 층 내려가기 (B3 → B7, 엘리베이터) → [B7] 공항철도 공덕 방면 승강장으로 이동 → [B7] 승차 (휠체어칸)","1. [B2] 1호선 남영 방면 승강장 하차 | 2. 대합실 방향 엘리베이터(으)로 1개 층 올라가기 (B2 → B1, 엘리베이터) | 3. [B1] 대합실로 이동 | 4. [2F] KTX 기차역 대합실 이동 | 5. [2F] 기차역 서부역 방면 ③번 출구 이동 | 6. [2F] 공항철도 대합실로 이동 | 7. 공항철도 엘리베이터(으)로 4개 층 내려가기 (2F → B3, 엘리베이터) | 8. [B3] 공항철도 대합실로 이동 | 9. 공항철도 공덕 방면 엘리베이터(으)로 4개 층 내려가기 (B3 → B7, 엘리베이터) | 10. [B7] 공항철도 공덕 방면 승강장으로 이동 | 11. [B7] 승차 (휠체어칸)"
KR_1_0108,1호선,남영,1,출입구-승강장,1,1번 출입구 → 서울역 방면 승강장,1F → 2F,5,0,0,"[1F] 1번 출입구 대합실로 이동 → [1F] 표 내는 곳 통과 → 승강장 방향 휠체어리프트(으)로 1개 층 올라가기 (1F → 2F, 휠체어리프트) → [2F] 서울역 방면 승강장으로 이동 → [2F] 승차 (휠체어칸)","1. [1F] 1번 출입구 대합실로 이동 | 2. [1F] 표 내는 곳 통과 | 3. 승강장 방향 휠체어리프트(으)로 1개 층 올라가기 (1F → 2F, 휠체어리프트) | 4. [2F] 서울역 방면 승강장으로 이동 | 5. [2F] 승차 (휠체어칸)"
KR_1_0108,1호선,남영,1,출입구-승강장,2,1번 출입구 → 용산 방면 승강장,1F → 2F,5,0,0,"[1F] 1번 출입구 대합실로 이동 → [1F] 표 내는 곳 통과 → 승강장 방향 휠체어리프트(으)로 1개 층 올라가기 (1F → 2F, 휠체어리프트) → [2F] 용산 방면 승강장으로 이동 → [2F] 승차 (휠체어칸)","1. [1F] 1번 출입구 대합실로 이동 | 2. [1F] 표 내는 곳 통과 | 3. 승강장 방향 휠체어리프트(으)로 1개 층 올라가기 (1F → 2F, 휠체어리프트) | 4. [2F] 용산 방면 승강장으로 이동 | 5. [2F] 승차 (휠체어칸)"
KR_1_0447,1호선,용산,1,출입구-승강장,1,1번 출입구 → 노량진 방면,3F → 1F,5,0,0,1번 출입구 → 개집표기 통과 → [3F] 타는 곳 5번 노량진방면 지상3층 엘리베이터 → [1F] 노량진방면 지상1층 승강장 엘리베이터 → [1F] 노량진방면 승강장,1. 1번 출입구 | 2. 개집표기 통과 | 3. [3F] 타는 곳 5번 노량진방면 지상3층 엘리베이터 | 4. [1F] 노량진방면 지상1층 승강장 엘리베이터 | 5. [1F] 노량진방면 승강장
KR_1_0447,1호선,용산,1,출입구-승강장,2,2번 출입구 → 노량진 방면,3F → 1F,5,0,0,2번 출입구 → 개집표기 통과 → [3F] 타는 곳 5번 노량진방면 지상3층 엘리베이터 → [1F] 노량진방면 지상1층 승강장 엘리베이터 → [1F] 노량진방면 승강장,1. 2번 출입구 | 2. 개집표기 통과 | 3. [3F] 타는 곳 5번 노량진방면 지상3층 엘리베이터 | 4. [1F] 노량진방면 지상1층 승강장 엘리베이터 | 5. [1F] 노량진방면 승강장
KR_1_0447,1호선,용산,1,출입구-승강장,3,3번 출입구 → 노량진 방면,3F → 1F,5,0,0,3번 출입구 → 개집표기 통과 → [3F] 타는 곳 5번 노량진방면 지상3층 엘리베이터 → [1F] 노량진방면 지상1층 승강장 엘리베이터 → [1F] 노량진방면 승강장,1. 3번 출입구 | 2. 개집표기 통과 | 3. [3F] 타는 곳 5번 노량진방면 지상3층 엘리베이터 | 4. [1F] 노량진방면 지상1층 승강장 엘리베이터 | 5. [1F] 노량진방면 승강장
KR_1_0447,1호선,용산,1,출입구-승강장,4,1번 출입구 → 남영 방면,3F → 1F,5,0,0,1번 출입구 → 개집표기 통과 → [3F] 타는 곳 6번 남영방면 지상3층 엘리베이터 → [1F] 남영방면 지상1층 승강장 엘리베이터 → [1F] 남영방면 승강장,1. 1번 출입구 | 2. 개집표기 통과 | 3. [3F] 타는 곳 6번 남영방면 지상3층 엘리베이터 | 4. [1F] 남영방면 지상1층 승강장 엘리베이터 | 5. [1F] 남영방면 승강장
KR_1_0447,1호선,용산,1,출입구-승강장,5,2번 출입구 → 남영 방면,3F → 1F,5,0,0,2번 출입구 → 개집표기 통과 → [3F] 타는 곳 6번 남영방면 지상3층 엘리베이터 → [1F] 남영방면 지상1층 승강장 엘리베이터 → [1F] 남영방면 승강장,1. 2번 출입구 | 2. 개집표기 통과 | 3. [3F] 타는 곳 6번 남영방면 지상3층 엘리베이터 | 4. [1F] 남영방면 지상1층 승강장 엘리베이터 | 5. [1F] 남영방면 승강장
KR_1_0447,1호선,용산,1,출입구-승강장,6,3번 출입구 → 남영 방면,3F → 1F,5,0,0,3번 출입구 → 개집표기 통과 → [3F] 타는 곳 6번 남영방면 지상3층 엘리베이터 → [1F] 남영방면 지상1층 승강장 엘리베이터 → [1F] 남영방면 승강장,1. 3번 출입구 | 2. 개집표기 통과 | 3. [3F] 타는 곳 6번 남영방면 지상3층 엘리베이터 | 4. [1F] 남영방면 지상1층 승강장 엘리베이터 | 5. [1F] 남영방면 승강장
KR_1_0447,1호선,용산,3,환승,1,이촌방면 승강장 → 효창공원앞방면 승강장,1F → 3F → 1F,6,0,0,이촌방면 승강장 → [1F] 이촌방면 지상1층 엘리베이터 → [3F] 이촌방면 지상3층 엘리베이터 → [3F] 효창공원앞방면 지상3층 엘리베이터 → [1F] 효창공원앞방면 지상1층 승강장 엘리베이터 → [1F] 효창공원앞방면 승강장,1. 이촌방면 승강장 | 2. [1F] 이촌방면 지상1층 엘리베이터 | 3. [3F] 이촌방면 지상3층 엘리베이터 | 4. [3F] 효창공원앞방면 지상3층 엘리베이터 | 5. [1F] 효창공원앞방면 지상1층 승강장 엘리베이터 | 6. [1F] 효창공원앞방면 승강장
KR_1_0447,1호선,용산,3,환승,2,남영방면 승강장 → 효창공원앞방면 승강장,1F → 3F → 1F,6,0,0,남영방면 승강장 → [1F] 남영방면 지상1층 엘리베이터 → [3F] 남영방면 지상3층 엘리베이터 → [3F] 효창공원앞방면 지상3층 엘리베이터 → [1F] 효창공원앞방면 지상1층 승강장 엘리베이터 → [1F] 효창공원앞방면 승강장,1. 남영방면 승강장 | 2. [1F] 남영방면 지상1층 엘리베이터 | 3. [3F] 남영방면 지상3층 엘리베이터 | 4. [3F] 효창공원앞방면 지상3층 엘리베이터 | 5. [1F] 효창공원앞방면 지상1층 승강장 엘리베이터 | 6. [1F] 효창공원앞방면 승강장
KR_1_0447,1호선,용산,3,환승,3,노량진방면 승강장 → 효창공원앞방면 승강장,1F → 3F → 1F,6,0,0,노량진방면 승강장 → [1F] 노량진방면 지상1층 엘리베이터 → [3F] 노량진방면 지상3층 엘리베이터 → [3F] 효창공원앞방면 지상3층 엘리베이터 → [1F] 효창공원앞방면 지상1층 승강장 엘리베이터 → [1F] 효창공원앞방면 승강장,1. 노량진방면 승강장 | 2. [1F] 노량진방면 지상1층 엘리베이터 | 3. [3F] 노량진방면 지상3층 엘리베이터 | 4. [3F] 효창공원앞방면 지상3층 엘리베이터 | 5. [1F] 효창공원앞방면 지상1층 승강장 엘리베이터 | 6. [1F] 효창공원앞방면 승강장
KR_1_0447,1호선,용산,3,환승,4,효창공원앞방면 승강장 → 이촌방면 승강장,1F → 3F → 1F,6,0,0,효창공원앞방면 승강장 → [1F] 효창공원앞방면 지상1층 엘리베이터 → [3F] 효창공원앞방면 지상3층 엘리베이터 → [3F] 이촌방면 지상3층 엘리베이터 → [1F] 이촌방면 지상1층 승강장 엘리베이터 → [1F] 이촌방면 승강장,1. 효창공원앞방면 승강장 | 2. [1F] 효창공원앞방면 지상1층 엘리베이터 | 3. [3F] 효창공원앞방면 지상3층 엘리베이터 | 4. [3F] 이촌방면 지상3층 엘리베이터 | 5. [1F] 이촌방면 지상1층 승강장 엘리베이터 | 6. [1F] 이촌방면 승강장
KR_1_0447,1호선,용산,3,환승,5,남영방면 승강장 → 이촌방면 승강장,1F → 3F → 1F,6,0,0,남영방면 승강장 → [1F] 남영방면 지상1층 엘리베이터 → [3F] 남영방면 지상3층 엘리베이터 → [3F] 이촌방면 지상3층 엘리베이터 → [1F] 이촌방면 지상1층 승강장 엘리베이터 → [1F] 이촌방면 승강장,1. 남영방면 승강장 | 2. [1F] 남영방면 지상1층 엘리베이터 | 3. [3F] 남영방면 지상3층 엘리베이터 | 4. [3F] 이촌방면 지상3층 엘리베이터 | 5. [1F] 이촌방면 지상1층 승강장 엘리베이터 | 6. [1F] 이촌방면 승강장
KR_1_0447,1호선,용산,3,환승,6,노량진방면 승강장 → 이촌방면 승강장,1F → 3F → 1F,6,0,0,노량진방면 승강장 → [1F] 노량진방면 지상1층 엘리베이터 → [3F] 노량진방면 지상3층 엘리베이터 → [3F] 이촌방면 지상3층 엘리베이터 → [1F] 이촌방면 지상1층 승강장 엘리베이터 → [1F] 이촌방면 승강장,1. 노량진방면 승강장 | 2. [1F] 노량진방면 지상1층 엘리베이터 | 3. [3F] 노량진방면 지상3층 엘리베이터 | 4. [3F] 이촌방면 지상3층 엘리베이터 | 5. [1F] 이촌방면 지상1층 승강장 엘리베이터 | 6. [1F] 이촌방면 승강장
KR_1_0114,1호선,노량진,1,출입구-승강장,1,9번 출입구 엘리베이터 → 대방 방면,1F → B1 → 1F,6,0,0,[1F] 9번 출입구 지상 1층 엘리베이터 → [B1] 9번 출입구 지하 1층 엘리베이터 → [B1] 개집표기 통과 → [B1] 대방방면 지하1층 엘리베이터 → [1F] 대방방면 지상1층 승강장 엘리베이터 → [1F] 대방방면 승강장,1. [1F] 9번 출입구 지상 1층 엘리베이터 | 2. [B1] 9번 출입구 지하 1층 엘리베이터 | 3. [B1] 개집표기 통과 | 4. [B1] 대방방면 지하1층 엘리베이터 | 5. [1F] 대방방면 지상1층 승강장 엘리베이터 | 6. [1F] 대방방면 승강장
KR_1_0114,1호선,노량진,1,출입구-승강장,2,5/6번 출입구 사이 엘리베이터 → 대방 방면,1F → B1 → 1F,6,0,0,[1F] 5번/6번 출입구 사이 지상1층 엘리베이터 → [B1] 5번/6번 출입구 사이 지하1층 엘리베이터 → [B1] 개집표기 통과 → [B1] 대방방면 지하1층 엘리베이터 → [1F] 대방방면 지상1층 승강장 엘리베이터 → [1F] 대방 방면 승강장,1. [1F] 5번/6번 출입구 사이 지상1층 엘리베이터 | 2. [B1] 5번/6번 출입구 사이 지하1층 엘리베이터 | 3. [B1] 개집표기 통과 | 4. [B1] 대방방면 지하1층 엘리베이터 | 5. [1F] 대방방면 지상1층 승강장 엘리베이터 | 6. [1F] 대방 방면 승강장
KR_1_0114,1호선,노량진,1,출입구-승강장,3,8번 출입구 엘리베이터 → 대방 방면,1F → B1 → 1F,6,0,0,[1F] 8번 출입구 지상1층 엘리베이터 → [B1] 8번 출입구 지하1층 엘리베이터 → [B1] 개집표기 통과 → [B1] 대방방면 지하1층 엘리베이터 → [1F] 대방방면 지상1층 승강장 엘리베이터 → [1F] 대방방면 승강장,1. [1F] 8번 출입구 지상1층 엘리베이터 | 2. [B1] 8번 출입구 지하1층 엘리베이터 | 3. [B1] 개집표기 통과 | 4. [B1] 대방방면 지하1층 엘리베이터 | 5. [1F] 대방방면 지상1층 승강장 엘리베이터 | 6. [1F] 대방방면 승강장
KR_1_0114,1호선,노량진,1,출입구-승강장,4,9번 출입구 엘리베이터 → 용산 방면,1F → B1 → 1F,6,0,0,[1F] 9번 출입구 지상 1층 엘리베이터 → [B1] 9번 출입구 지하 1층 엘리베이터 → [B1] 개집표기 통과 → [B1] 용산방면 지하1층 엘리베이터 → [1F] 용산방면 지상1층 승강장 엘리베이터 → [1F] 용산방면 승강장,1. [1F] 9번 출입구 지상 1층 엘리베이터 | 2. [B1] 9번 출입구 지하 1층 엘리베이터 | 3. [B1] 개집표기 통과 | 4. [B1] 용산방면 지하1층 엘리베이터 | 5. [1F] 용산방면 지상1층 승강장 엘리베이터 | 6. [1F] 용산방면 승강장
KR_1_0114,1호선,노량진,1,출입구-승강장,5,5/6번 출입구 사이 엘리베이터 → 용산 방면,1F → B1 → 1F,6,0,0,[1F] 5번/6번 출입구 사이 지상1층 엘리베이터 → [B1] 5번/6번 출입구 사이 지하1층 엘리베이터 → [B1] 개집표기 통과 → [B1] 용산방면 지하1층 엘리베이터 → [1F] 용산방면 지상1층 승강장 엘리베이터 → [1F] 용산방면 승강장,1. [1F] 5번/6번 출입구 사이 지상1층 엘리베이터 | 2. [B1] 5번/6번 출입구 사이 지하1층 엘리베이터 | 3. [B1] 개집표기 통과 | 4. [B1] 용산방면 지하1층 엘리베이터 | 5. [1F] 용산방면 지상1층 승강장 엘리베이터 | 6. [1F] 용산방면 승강장
KR_1_0114,1호선,노량진,1,출입구-승강장,6,8번 출입구 엘리베이터 → 용산 방면,1F → B1 → 1F,6,0,0,[1F] 8번 출입구 지상1층 엘리베이터 → [B1] 8번 출입구 지하1층 엘리베이터 → [B1] 개집표기 통과 → [B1] 용산방면 지하1층 엘리베이터 → [1F] 용산방면 지상1층 승강장 엘리베이터 → [1F] 용산방면 승강장,1. [1F] 8번 출입구 지상1층 엘리베이터 | 2. [B1] 8번 출입구 지하1층 엘리베이터 | 3. [B1] 개집표기 통과 | 4. [B1] 용산방면 지하1층 엘리베이터 | 5. [1F] 용산방면 지상1층 승강장 엘리베이터 | 6. [1F] 용산방면 승강장
KR_1_0114,1호선,노량진,1,출입구-승강장,7,9번 출입구 엘리베이터 → 하행 급행,1F → B1 → 1F,6,0,0,[1F] 9번 출입구 지상 1층 엘리베이터 → [B1] 9번 출입구 지하 1층 엘리베이터 → [B1] 개집표기 통과 → [B1] 하행급행 지하1층 엘리베이터 → [1F] 하행급행 지상1층 승강장 엘리베이터 → [1F] 하행급행 승강장,1. [1F] 9번 출입구 지상 1층 엘리베이터 | 2. [B1] 9번 출입구 지하 1층 엘리베이터 | 3. [B1] 개집표기 통과 | 4. [B1] 하행급행 지하1층 엘리베이터 | 5. [1F] 하행급행 지상1층 승강장 엘리베이터 | 6. [1F] 하행급행 승강장
KR_1_0114,1호선,노량진,1,출입구-승강장,8,5/6번 출입구 사이 엘리베이터 → 하행 급행,1F → B1 → 1F,6,0,0,[1F] 5번/6번 출입구 사이 지상1층 엘리베이터 → [B1] 5번/6번 출입구 사이 지하1층 엘리베이터 → [B1] 개집표기 통과 → [B1] 하행급행 지하1층 엘리베이터 → [1F] 하행급행 지상1층 승강장 엘리베이터 → [1F] 하행급행 승강장,1. [1F] 5번/6번 출입구 사이 지상1층 엘리베이터 | 2. [B1] 5번/6번 출입구 사이 지하1층 엘리베이터 | 3. [B1] 개집표기 통과 | 4. [B1] 하행급행 지하1층 엘리베이터 | 5. [1F] 하행급행 지상1층 승강장 엘리베이터 | 6. [1F] 하행급행 승강장
KR_1_0114,1호선,노량진,1,출입구-승강장,9,8번 출입구 엘리베이터 → 하행 급행,1F → B1 → 1F,6,0,0,[1F] 8번 출입구 지상1층 엘리베이터 → [B1] 8번 출입구 지하1층 엘리베이터 → [B1] 개집표기 통과 → [B1] 하행급행 지하1층 엘리베이터 → [1F] 하행급행 지상1층 승강장 엘리베이터 → [1F] 하행급행 승강장,1. [1F] 8번 출입구 지상1층 엘리베이터 | 2. [B1] 8번 출입구 지하1층 엘리베이터 | 3. [B1] 개집표기 통과 | 4. [B1] 하행급행 지하1층 엘리베이터 | 5. [1F] 하행급행 지상1층 승강장 엘리베이터 | 6. [1F] 하행급행 승강장
KR_1_0114,1호선,노량진,1,출입구-승강장,10,9번 출입구 엘리베이터 → 상행 급행,1F → B1 → 1F,6,0,0,[1F] 9번 출입구 지상 1층 엘리베이터 → [B1] 9번 출입구 지하 1층 엘리베이터 → [B1] 개집표기 통과 → [B1] 상행급행 지하1층 엘리베이터 → [1F] 상행급행 지상1층 승강장 엘리베이터 → [1F] 상행급행 승강장,1. [1F] 9번 출입구 지상 1층 엘리베이터 | 2. [B1] 9번 출입구 지하 1층 엘리베이터 | 3. [B1] 개집표기 통과 | 4. [B1] 상행급행 지하1층 엘리베이터 | 5. [1F] 상행급행 지상1층 승강장 엘리베이터 | 6. [1F] 상행급행 승강장
KR_1_0114,1호선,노량진,1,출입구-승강장,11,5/6번 출입구 사이 엘리베이터 → 상행 급행,1F → B1 → 1F,6,0,0,[1F] 5번/6번 출입구 사이 지상1층 엘리베이터 → [B1] 5번/6번 출입구 사이 지하1층 엘리베이터 → [B1] 개집표기 통과 → [B1] 상행급행 지하1층 엘리베이터 → [1F] 상행급행 지상1층 승강장 엘리베이터 → [1F] 상행급행 승강장,1. [1F] 5번/6번 출입구 사이 지상1층 엘리베이터 | 2. [B1] 5번/6번 출입구 사이 지하1층 엘리베이터 | 3. [B1] 개집표기 통과 | 4. [B1] 상행급행 지하1층 엘리베이터 | 5. [1F] 상행급행 지상1층 승강장 엘리베이터 | 6. [1F] 상행급행 승강장
KR_1_0114,1호선,노량진,1,출입구-승강장,12,8번 출입구 엘리베이터 → 상행 급행,1F → B1 → 1F,6,0,0,[1F] 8번 출입구 지상1층 엘리베이터 → [B1] 8번 출입구 지하1층 엘리베이터 → [B1] 개집표기 통과 → [B1] 상행급행 지하1층 엘리베이터 → [1F] 상행급행 지상1층 승강장 엘리베이터 → [1F] 상행급행 승강장,1. [1F] 8번 출입구 지상1층 엘리베이터 | 2. [B1] 8번 출입구 지하1층 엘리베이터 | 3. [B1] 개집표기 통과 | 4. [B1] 상행급행 지하1층 엘리베이터 | 5. [1F] 상행급행 지상1층 승강장 엘리베이터 | 6. [1F] 상행급행 승강장
KR_1_0114,1호선,노량진,3,환승,1,용산방면 승강장 → 노들방면 승강장,1F → B1 → B2,6,0,0,용산방면 승강장 → [1F] 용산방면 지상1층 승강장 엘리베이터 → [B1] 용산방면 지하1층 엘리베이터 → [B1] 노들방면 지하1층 엘리베이터 → [B2] 노들방면 지하2층 승강장 엘리베이터 → [B2] 노들방면 승강장,1. 용산방면 승강장 | 2. [1F] 용산방면 지상1층 승강장 엘리베이터 | 3. [B1] 용산방면 지하1층 엘리베이터 | 4. [B1] 노들방면 지하1층 엘리베이터 | 5. [B2] 노들방면 지하2층 승강장 엘리베이터 | 6. [B2] 노들방면 승강장
KR_1_0114,1호선,노량진,3,환승,2,용산방면 승강장 → 샛강방면 승강장,1F → B1 → B2,6,0,0,용산방면 승강장 → [1F] 용산방면 지상1층 승강장 엘리베이터 → [B1] 용산방면 지하1층 엘리베이터 → [B1] 샛강방면 지하1층 엘리베이터 → [B2] 샛강방면 지하2층 승강장 엘리베이터 → [B2] 샛강방면 승강장,1. 용산방면 승강장 | 2. [1F] 용산방면 지상1층 승강장 엘리베이터 | 3. [B1] 용산방면 지하1층 엘리베이터 | 4. [B1] 샛강방면 지하1층 엘리베이터 | 5. [B2] 샛강방면 지하2층 승강장 엘리베이터 | 6. [B2] 샛강방면 승강장
KR_1_0114,1호선,노량진,3,환승,3,대방방면 승강장 → 노들방면 승강장,1F → B1 → B2,6,0,0,대방방면 승강장 → [1F] 대방방면 지상1층 승강장 엘리베이터 → [B1] 대방방면 지하1층 엘리베이터 → [B1] 노들방면 지하1층 엘리베이터 → [B2] 노들방면 지하2층 승강장 엘리베이터 → [B2] 노들방면 승강장,1. 대방방면 승강장 | 2. [1F] 대방방면 지상1층 승강장 엘리베이터 | 3. [B1] 대방방면 지하1층 엘리베이터 | 4. [B1] 노들방면 지하1층 엘리베이터 | 5. [B2] 노들방면 지하2층 승강장 엘리베이터 | 6. [B2] 노들방면 승강장
KR_1_0132,1호선,대방,1,출입구-승강장,1,5번 출입구 엘리베이터 → 노량진 방면,1F → B1 → 1F → 2F,8,0,0,[1F] 5번 출입구 지상1층 엘리베이터 → [B1] 5번 출입구 지하1층 엘리베이터 → [B1] 지하1층 엘리베이터 → [1F] 지상1층 엘리베이터 → [1F] 개집표기 통과 → [1F] 노량진방면 지상1층 엘리베이터 → [2F] 노량진방면 지상2층 승강장 엘리베이터 → [2F] 노량진방면 승강장,1. [1F] 5번 출입구 지상1층 엘리베이터 | 2. [B1] 5번 출입구 지하1층 엘리베이터 | 3. [B1] 지하1층 엘리베이터 | 4. [1F] 지상1층 엘리베이터 | 5. [1F] 개집표기 통과 | 6. [1F] 노량진방면 지상1층 엘리베이터 | 7. [2F] 노량진방면 지상2층 승강장 엘리베이터 | 8. [2F] 노량진방면 승강장
KR_1_0132,1호선,대방,1,출입구-승강장,2,6번 출입구 → 노량진 방면,1F → 2F,5,0,0,6번 출입구 → 개집표기 통과 → [1F] 노량진방면 지상1층 엘리베이터 → [2F] 노량진방면 지상2층 승강장 엘리베이터 → [2F] 노량진방면 승강장,1. 6번 출입구 | 2. 개집표기 통과 | 3. [1F] 노량진방면 지상1층 엘리베이터 | 4. [2F] 노량진방면 지상2층 승강장 엘리베이터 | 5. [2F] 노량진방면 승강장
KR_1_0132,1호선,대방,1,출입구-승강장,3,5번 출입구 엘리베이터 → 신길 방면,1F → B1 → 1F → 2F,8,0,0,[1F] 5번 출입구 지상1층 엘리베이터 → [B1] 5번 출입구 지하1층 엘리베이터 → [B1] 지하1층 엘리베이터 → [1F] 지상1층 엘리베이터 → [1F] 개집표기 통과 → [1F] 신길방면 지상1층 엘리베이터 → [2F] 신길방면 지상2층 승강장 엘리베이터 → [2F] 신길방면 승강장,1. [1F] 5번 출입구 지상1층 엘리베이터 | 2. [B1] 5번 출입구 지하1층 엘리베이터 | 3. [B1] 지하1층 엘리베이터 | 4. [1F] 지상1층 엘리베이터 | 5. [1F] 개집표기 통과 | 6. [1F] 신길방면 지상1층 엘리베이터 | 7. [2F] 신길방면 지상2층 승강장 엘리베이터 | 8. [2F] 신길방면 승강장
KR_1_0132,1호선,대방,1,출입구-승강장,4,6번 출입구 → 신길 방면,1F → 2F,5,0,0,6번 출입구 → 개집표기 통과 → [1F] 신길방면 지상1층 엘리베이터 → [2F] 신길방면 지상2층 승강장 엘리베이터 → [2F] 신길방면 승강장,1. 6번 출입구 | 2. 개집표기 통과 | 3. [1F] 신길방면 지상1층 엘리베이터 | 4. [2F] 신길방면 지상2층 승강장 엘리베이터 | 5. [2F] 신길방면 승강장
KR_1_0132,1호선,대방,1,출입구-승강장,5,5번 출입구 엘리베이터 → 상행 급행,1F → B1 → 1F → 2F,8,0,0,[1F] 5번 출입구 지상1층 엘리베이터 → [B1] 5번 출입구 지하1층 엘리베이터 → [B1] 지하1층 엘리베이터 → [1F] 지상1층 엘리베이터 → [1F] 개집표기 통과 → [1F] 상향 급행 지상1층 엘리베이터 → [2F] 상행 급행 지상2층 승강장 엘리베이터 → [2F] 상행 급행 승강장,1. [1F] 5번 출입구 지상1층 엘리베이터 | 2. [B1] 5번 출입구 지하1층 엘리베이터 | 3. [B1] 지하1층 엘리베이터 | 4. [1F] 지상1층 엘리베이터 | 5. [1F] 개집표기 통과 | 6. [1F] 상향 급행 지상1층 엘리베이터 | 7. [2F] 상행 급행 지상2층 승강장 엘리베이터 | 8. [2F] 상행 급행 승강장
KR_1_0132,1호선,대방,1,출입구-승강장,6,6번 출입구 → 하행 급행,1F → 2F,5,0,0,6번 출입구 → 개집표기 통과 → [1F] 하행 급행 지상1층 엘리베이터 → [2F] 하행 급행 지상2층 승강장 엘리베이터 → [2F] 하행 급행 승강장,1. 6번 출입구 | 2. 개집표기 통과 | 3. [1F] 하행 급행 지상1층 엘리베이터 | 4. [2F] 하행 급행 지상2층 승강장 엘리베이터 | 5. [2F] 하행 급행 승강장
KR_1_0351,1호선,신길,1,출입구-승강장,1,1번/2번 출입구 입장 → 영등포_동인천 급행,1F,4,0,0,1번/2번 출입구 이용 대합실로 이동 → [1F] 경인선급행(1번 승강장 방명)엘리베이터로 이동 → [1F] 1번 승강장 에서 영등포 방면 급행 탑승 → 1번 승강장 방면 엘리베이터 이용 (엘리베이터),1. 1번/2번 출입구 이용 대합실로 이동 | 2. [1F] 경인선급행(1번 승강장 방명)엘리베이터로 이동 | 3. [1F] 1번 승강장 에서 영등포 방면 급행 탑승 | 4. 1번 승강장 방면 엘리베이터 이용 (엘리베이터)
KR_1_0351,1호선,신길,1,출입구-승강장,2,1번/2번 출입구 입장 → 대방_용산급행,1F,3,0,0,1번/2번 출입구 이용 대합실로 이동 → [1F] 2번 승강장 에서 용산(경인선) 방면 급행 탑승 → 엘리베이터(중앙) 이용 지상 1층 승강장 으로 이동 이용 (엘리베이터),1. 1번/2번 출입구 이용 대합실로 이동 | 2. [1F] 2번 승강장 에서 용산(경인선) 방면 급행 탑승 | 3. 엘리베이터(중앙) 이용 지상 1층 승강장 으로 이동 이용 (엘리베이터)
KR_1_0351,1호선,신길,1,출입구-승강장,3,1번/2번 출입구 입장 → 영등포_수원급행,1F,3,0,0,1번/2번 출입구 이용 대합실로 이동 → [1F] 3번 승강장 에서 수원 방면 급행 탑승 → 엘리베이터(중앙) 이용 지상 1층 승강장 으로 이동 이용 (엘리베이터),1. 1번/2번 출입구 이용 대합실로 이동 | 2. [1F] 3번 승강장 에서 수원 방면 급행 탑승 | 3. 엘리베이터(중앙) 이용 지상 1층 승강장 으로 이동 이용 (엘리베이터)
KR_1_0351,1호선,신길,1,출입구-승강장,4,1번/2번 출입구 입장 → 영등포,1F,3,0,0,1번/2번 출입구 이용 대합실로 이동 → [1F] 3번 승강장 에서 영등포 방면 급행 탑승 → 엘리베이터(중앙) 이용 지상 1층 승강장 으로 이동 이용 (엘리베이터),1. 1번/2번 출입구 이용 대합실로 이동 | 2. [1F] 3번 승강장 에서 영등포 방면 급행 탑승 | 3. 엘리베이터(중앙) 이용 지상 1층 승강장 으로 이동 이용 (엘리베이터)
KR_1_0351,1호선,신길,1,출입구-승강장,5,1번/2번 출입구 입장 → 대방_청량리급행,1F,4,0,0,1번/2번 출입구 이용 대합실로 이동 → [1F] 경부.경원선급행(4번 승강장 방명)엘리베이터로 이동 → [1F] 4번 승강장 에서 용산.청량리(경부선) 방면 급행 탑승 → 4번 승강장 방면 엘리베이터 이용 (엘리베이터),1. 1번/2번 출입구 이용 대합실로 이동 | 2. [1F] 경부.경원선급행(4번 승강장 방명)엘리베이터로 이동 | 3. [1F] 4번 승강장 에서 용산.청량리(경부선) 방면 급행 탑승 | 4. 4번 승강장 방면 엘리베이터 이용 (엘리베이터)
KR_1_0351,1호선,신길,1,출입구-승강장,6,1번/2번 출입구 입장 → 대방,1F,4,0,0,1번/2번 출입구 이용 대합실로 이동 → [1F] 경부.경원선급행(4번 승강장 방명)엘리베이터로 이동 → [1F] 4번 승강장 에서 대방 방면 탑승 → 4번 승강장 방면 엘리베이터 이용 (엘리베이터),1. 1번/2번 출입구 이용 대합실로 이동 | 2. [1F] 경부.경원선급행(4번 승강장 방명)엘리베이터로 이동 | 3. [1F] 4번 승강장 에서 대방 방면 탑승 | 4. 4번 승강장 방면 엘리베이터 이용 (엘리베이터)
KR_1_0351,1호선,신길,3,환승,1,1호선 대방 방면 승강장 → 5호선 영등포시장 방면,B1,3,0,0,[B1] 지하1층 이동 후 환승통로 이용 → [B1] 승강장 이동 → 영등포시장 방면 휠체어리프트 이용 (휠체어리프트),1. [B1] 지하1층 이동 후 환승통로 이용 | 2. [B1] 승강장 이동 | 3. 영등포시장 방면 휠체어리프트 이용 (휠체어리프트)
KR_1_0351,1호선,신길,3,환승,2,1호선 대방 방면 승강장 → 5호선 여의도 방면,B1,3,0,0,[B1] 지하1층 이동 후 환승통로 이용 → [B1] 승강장 이동 → 여의도 방면 휠체어리프트 이용 (휠체어리프트),1. [B1] 지하1층 이동 후 환승통로 이용 | 2. [B1] 승강장 이동 | 3. 여의도 방면 휠체어리프트 이용 (휠체어리프트)
KR_1_0351,1호선,신길,3,환승,3,1호선 영등포 방면 승강장 → 5호선 영등포시장 방면,B1,3,0,0,[B1] 지하1층 이동 후 환승통로 이용 → [B1] 승강장 이동 → 영등포시장 방면 휠체어리프트 이용 (휠체어리프트),1. [B1] 지하1층 이동 후 환승통로 이용 | 2. [B1] 승강장 이동 | 3. 영등포시장 방면 휠체어리프트 이용 (휠체어리프트)
KR_1_0351,1호선,신길,3,환승,4,1호선 영등포 방면 승강장 → 5호선 여의도 방면,B1,3,0,0,[B1] 지하1층 이동 후 환승통로 이용 → [B1] 승강장 이동 → 여의도 방면 휠체어리프트 이용 (휠체어리프트),1. [B1] 지하1층 이동 후 환승통로 이용 | 2. [B1] 승강장 이동 | 3. 여의도 방면 휠체어리프트 이용 (휠체어리프트)
KR_1_0420,1호선,영등포,1,출입구-승강장,1,1/2번 출입구 사이 엘리베이터 → 신길 방면,1F → 3F → 1F,6,0,0,[1F] 1번/2번 출입구 사이 지상1층 엘리베이터 → [3F] 1번/2번 출입구 사이 지상3층 엘리베이터 → [3F] 개집표기 통과 → [3F] 신길방면 지상3층 엘리베이터 → [1F] 신길방면 지상1층 승강장 엘리베이터 → [1F] 신길방면 승강장,1. [1F] 1번/2번 출입구 사이 지상1층 엘리베이터 | 2. [3F] 1번/2번 출입구 사이 지상3층 엘리베이터 | 3. [3F] 개집표기 통과 | 4. [3F] 신길방면 지상3층 엘리베이터 | 5. [1F] 신길방면 지상1층 승강장 엘리베이터 | 6. [1F] 신길방면 승강장
KR_1_0420,1호선,영등포,1,출입구-승강장,2,3번 출입구 엘리베이터 → 신길 방면,1F → B1 → 1F,6,0,0,[1F] 3번 출입구 지상1층 엘리베이터 → [B1] 3번 출입구 지하1층 엘리베이터 → [B1] 개집표기 통과 → [B1] 신길방면 지하1층 엘리베이터 → [1F] 신길방면 지상1층 승강장 엘리베이터 → [1F] 신길방면 승강장,1. [1F] 3번 출입구 지상1층 엘리베이터 | 2. [B1] 3번 출입구 지하1층 엘리베이터 | 3. [B1] 개집표기 통과 | 4. [B1] 신길방면 지하1층 엘리베이터 | 5. [1F] 신길방면 지상1층 승강장 엘리베이터 | 6. [1F] 신길방면 승강장
KR_1_0420,1호선,영등포,1,출입구-승강장,3,1/2번 출입구 사이 엘리베이터 → 신도림 방면,1F → 3F → 1F,6,0,0,[1F] 1번/2번 출입구 사이 지상1층 엘리베이터 → [3F] 1번/2번 출입구 사이 지상3층 엘리베이터 → [3F] 개집표기 통과 → [3F] 신도림방면 지상3층 엘리베이터 → [1F] 신도림방면 지상1층 승강장 엘리베이터 → [1F] 신도림방면 승강장,1. [1F] 1번/2번 출입구 사이 지상1층 엘리베이터 | 2. [3F] 1번/2번 출입구 사이 지상3층 엘리베이터 | 3. [3F] 개집표기 통과 | 4. [3F] 신도림방면 지상3층 엘리베이터 | 5. [1F] 신도림방면 지상1층 승강장 엘리베이터 | 6. [1F] 신도림방면 승강장
KR_1_0420,1호선,영등포,1,출입구-승강장,4,3번 출입구 엘리베이터 → 신도림 방면,1F → B1 → 1F,6,0,0,[1F] 3번 출입구 지상1층 엘리베이터 → [B1] 3번 출입구 지하1층 엘리베이터 → [B1] 개집표기 통과 → [B1] 신도림방면 지하1층 엘리베이터 → [1F] 신도림방면 지상1층 승강장 엘리베이터 → [1F] 신도림방면 승강장,1. [1F] 3번 출입구 지상1층 엘리베이터 | 2. [B1] 3번 출입구 지하1층 엘리베이터 | 3. [B1] 개집표기 통과 | 4. [B1] 신도림방면 지하1층 엘리베이터 | 5. [1F] 신도림방면 지상1층 승강장 엘리베이터 | 6. [1F] 신도림방면 승강장
KR_1_0420,1호선,영등포,1,출입구-승강장,5,1/2번 출입구 사이 엘리베이터 → 상행 급행,1F → 3F → 1F,6,0,0,[1F] 1번/2번 출입구 사이 지상1층 엘리베이터 → [3F] 1번/2번 출입구 사이 지상3층 엘리베이터 → [3F] 개집표기 통과 → [3F] 상행급행 지상3층 엘리베이터 → [1F] 상행급행 지상1층 승강장 엘리베이터 → [1F] 상행급행 승강장,1. [1F] 1번/2번 출입구 사이 지상1층 엘리베이터 | 2. [3F] 1번/2번 출입구 사이 지상3층 엘리베이터 | 3. [3F] 개집표기 통과 | 4. [3F] 상행급행 지상3층 엘리베이터 | 5. [1F] 상행급행 지상1층 승강장 엘리베이터 | 6. [1F] 상행급행 승강장
KR_1_0420,1호선,영등포,1,출입구-승강장,6,3번 출입구 엘리베이터 → 하행 급행,1F → B1 → 1F,6,0,0,[1F] 3번 출입구 지상1층 엘리베이터 → [B1] 3번 출입구 지하1층 엘리베이터 → [B1] 개집표기 통과 → [B1] 하행급행 지하1층 엘리베이터 → [1F] 하행급행 지상1층 승강장 엘리베이터 → [1F] 하행급행 승강장,1. [1F] 3번 출입구 지상1층 엘리베이터 | 2. [B1] 3번 출입구 지하1층 엘리베이터 | 3. [B1] 개집표기 통과 | 4. [B1] 하행급행 지하1층 엘리베이터 | 5. [1F] 하행급행 지상1층 승강장 엘리베이터 | 6. [1F] 하행급행 승강장
KR_1_0359,1호선,신도림,1,출입구-승강장,1,4번 출입구 부근 엘리베이터  → 영등포 방면,1F → 2F,5,1,0,"4번 출입구 근처 지상 1층 엘리베이터(으)로 1개 층 올라가기 (1F → 2F, 엘리베이터) → [2F] 2층 1호선 대합실 하차 → [2F] 1층 구로 방면 승강장 하차 → [2F] 승차 (휠체어칸) → 2층 구로 승강장 방면 엘리베이터 이용 (엘리베이터)","1. 4번 출입구 근처 지상 1층 엘리베이터(으)로 1개 층 올라가기 (1F → 2F, 엘리베이터) | 2. [2F] 2층 1호선 대합실 하차 | 3. [2F] 1층 구로 방면 승강장 하차 | 4. [2F] 승차 (휠체어칸) | 5. 2층 구로 승강장 방면 엘리베이터 이용 (엘리베이터)"
KR_1_0359,1호선,신도림,1,출입구-승강장,2,4번 출입구 부근 엘리베이터 → 구로 방면,1F → 2F,5,1,0,"4번 출입구 근처 지상 1층 엘리베이터(으)로 1개 층 올라가기 (1F → 2F, 엘리베이터) → [2F] 2층 1호선 대합실 하차 → [2F] 1층 구로 방면 승강장 하차 → [2F] 승차 (휠체어칸) → 2층 구로 승강장 방면 엘리베이터 이용 (엘리베이터)","1. 4번 출입구 근처 지상 1층 엘리베이터(으)로 1개 층 올라가기 (1F → 2F, 엘리베이터) | 2. [2F] 2층 1호선 대합실 하차 | 3. [2F] 1층 구로 방면 승강장 하차 | 4. [2F] 승차 (휠체어칸) | 5. 2층 구로 승강장 방면 엘리베이터 이용 (엘리베이터)"
KR_1_0359,1호선,신도림,3,환승,1,1호선 의정부 방면 승강장 → 2호선 대림 방면,B1 → B2,4,1,0,"[B1] 지하1층 이동 → [B1] 대림방면 환승통로 이용 → 4번칸 근처 엘리베이터(으)로 1개 층 내려가기 (B1 → B2, 엘리베이터) → 대림방면 엘리베이터 이용후 지하2층 승강장 이동 이용 (엘리베이터)","1. [B1] 지하1층 이동 | 2. [B1] 대림방면 환승통로 이용 | 3. 4번칸 근처 엘리베이터(으)로 1개 층 내려가기 (B1 → B2, 엘리베이터) | 4. 대림방면 엘리베이터 이용후 지하2층 승강장 이동 이용 (엘리베이터)"
KR_1_0359,1호선,신도림,3,환승,2,1호선 의정부 방면 승강장 → 2호선 문래 방면,B1 → B2,3,1,0,"[B1] 지하1층 이동 → 4번칸 근처 엘리베이터(으)로 1개 층 내려가기 (B1 → B2, 엘리베이터) → 문래방면 엘리베이터 이용후 지하2층 승강장 이동 이용 (엘리베이터)","1. [B1] 지하1층 이동 | 2. 4번칸 근처 엘리베이터(으)로 1개 층 내려가기 (B1 → B2, 엘리베이터) | 3. 문래방면 엘리베이터 이용후 지하2층 승강장 이동 이용 (엘리베이터)"
KR_1_0359,1호선,신도림,3,환승,3,1호선 의정부 방면 승강장 → 2호선 도림천 방면,B1 → B2,3,1,0,"[B1] 지하1층 이동 → 4번칸 근처 엘리베이터(으)로 1개 층 내려가기 (B1 → B2, 엘리베이터) → 도림천방면 엘리베이터 이용후 지하2층 승강장 이동 이용 (엘리베이터)","1. [B1] 지하1층 이동 | 2. 4번칸 근처 엘리베이터(으)로 1개 층 내려가기 (B1 → B2, 엘리베이터) | 3. 도림천방면 엘리베이터 이용후 지하2층 승강장 이동 이용 (엘리베이터)"
KR_1_0359,1호선,신도림,3,환승,4,1호선 용산 방면 승강장 → 2호선 대림 방면,B1 → B2,3,1,0,"[B1] 지하1층 이동 → 4번칸 근처 엘리베이터(으)로 1개 층 내려가기 (B1 → B2, 엘리베이터) → 대림방면 엘리베이터 이용후 지하2층 승강장 이동 이용 (엘리베이터)","1. [B1] 지하1층 이동 | 2. 4번칸 근처 엘리베이터(으)로 1개 층 내려가기 (B1 → B2, 엘리베이터) | 3. 대림방면 엘리베이터 이용후 지하2층 승강장 이동 이용 (엘리베이터)"
KR_1_0359,1호선,신도림,3,환승,5,1호선 용산 방면 승강장 → 2호선 문래 방면,B1 → B2,3,1,0,"[B1] 지하1층 이동 → 4번칸 근처 엘리베이터(으)로 1개 층 내려가기 (B1 → B2, 엘리베이터) → 문래방면 엘리베이터 이용후 지하2층 승강장 이동 이용 (엘리베이터)","1. [B1] 지하1층 이동 | 2. 4번칸 근처 엘리베이터(으)로 1개 층 내려가기 (B1 → B2, 엘리베이터) | 3. 문래방면 엘리베이터 이용후 지하2층 승강장 이동 이용 (엘리베이터)"
KR_1_0359,1호선,신도림,3,환승,6,1호선 용산 방면 승강장 → 2호선 도림천 방면,B1 → B2,3,1,0,"[B1] 지하1층 이동 → 4번칸 근처 엘리베이터(으)로 1개 층 내려가기 (B1 → B2, 엘리베이터) → 도림천방면 엘리베이터 이용후 지하2층 승강장 이동 이용 (엘리베이터)","1. [B1] 지하1층 이동 | 2. 4번칸 근처 엘리베이터(으)로 1개 층 내려가기 (B1 → B2, 엘리베이터) | 3. 도림천방면 엘리베이터 이용후 지하2층 승강장 이동 이용 (엘리베이터)"
KR_1_0359,1호선,신도림,3,환승,7,1호선 인천ㆍ천안 방면 승강장 → 2호선 대림 방면,B1 → B2,3,1,0,"[B1] 지하1층 이동 → 2번칸 근처 엘리베이터(으)로 1개 층 내려가기 (B1 → B2, 엘리베이터) → 대림방면 엘리베이터 이용후 지하2층 승강장 이동 이용 (엘리베이터)","1. [B1] 지하1층 이동 | 2. 2번칸 근처 엘리베이터(으)로 1개 층 내려가기 (B1 → B2, 엘리베이터) | 3. 대림방면 엘리베이터 이용후 지하2층 승강장 이동 이용 (엘리베이터)"
KR_1_0359,1호선,신도림,3,환승,8,1호선 인천ㆍ천안 방면 승강장 → 2호선 문래 방면,B1 → B2,3,1,0,"[B1] 지하1층 이동 → 2번칸 근처 엘리베이터(으)로 1개 층 내려가기 (B1 → B2, 엘리베이터) → 문래방면 엘리베이터 이용후 지하2층 승강장 이동 이용 (엘리베이터)","1. [B1] 지하1층 이동 | 2. 2번칸 근처 엘리베이터(으)로 1개 층 내려가기 (B1 → B2, 엘리베이터) | 3. 문래방면 엘리베이터 이용후 지하2층 승강장 이동 이용 (엘리베이터)"
KR_1_0359,1호선,신도림,3,환승,9,1호선 인천ㆍ천안 방면 승강장 → 2호선 도림천 방면,B1 → B2,3,1,0,"[B1] 지하1층 이동 → 2번칸 근처 엘리베이터(으)로 1개 층 내려가기 (B1 → B2, 엘리베이터) → 도림천방면 엘리베이터 이용후 지하2층 승강장 이동 이용 (엘리베이터)","1. [B1] 지하1층 이동 | 2. 2번칸 근처 엘리베이터(으)로 1개 층 내려가기 (B1 → B2, 엘리베이터) | 3. 도림천방면 엘리베이터 이용후 지하2층 승강장 이동 이용 (엘리베이터)"
KR_1_0069,1호선,구로,1,출입구-승강장,1,1번 출입구 옆 엘리베이터 → 신도림 방면(1번승강장),1F → 3F → 1F,6,2,0,"1번 출입구 옆 엘리베이터(으)로 2개 층 올라가기 (1F → 3F, 엘리베이터) → [3F] 대합실 이동 → [3F] 표 내는 곳 통과 → 신도림 방면(1번승강장) 엘리베이터(3호기)(으)로 2개 층 내려가기 (3F → 1F, 엘리베이터) → [1F] 신도림 방면 승강장으로 이동 → [1F] 승차 (휠체어칸)","1. 1번 출입구 옆 엘리베이터(으)로 2개 층 올라가기 (1F → 3F, 엘리베이터) | 2. [3F] 대합실 이동 | 3. [3F] 표 내는 곳 통과 | 4. 신도림 방면(1번승강장) 엘리베이터(3호기)(으)로 2개 층 내려가기 (3F → 1F, 엘리베이터) | 5. [1F] 신도림 방면 승강장으로 이동 | 6. [1F] 승차 (휠체어칸)"
KR_1_0069,1호선,구로,1,출입구-승강장,2,1번 출입구 옆 엘리베이터 → 신도림 방면(2번승강장),1F → 3F → 1F,6,2,0,"1번 출입구 옆 엘리베이터(으)로 2개 층 올라가기 (1F → 3F, 엘리베이터) → [3F] 대합실 이동 → [3F] 표 내는 곳 통과 → 신도림 방면(2번승강장) 엘리베이터(4호기)(으)로 2개 층 내려가기 (3F → 1F, 엘리베이터) → [1F] 신도림 방면 승강장으로 이동 → [1F] 승차 (휠체어칸)","1. 1번 출입구 옆 엘리베이터(으)로 2개 층 올라가기 (1F → 3F, 엘리베이터) | 2. [3F] 대합실 이동 | 3. [3F] 표 내는 곳 통과 | 4. 신도림 방면(2번승강장) 엘리베이터(4호기)(으)로 2개 층 내려가기 (3F → 1F, 엘리베이터) | 5. [1F] 신도림 방면 승강장으로 이동 | 6. [1F] 승차 (휠체어칸)"
KR_1_0069,1호선,구로,1,출입구-승강장,3,1번 출입구 옆 엘리베이터 → 가산디지털단지 방면,1F → 3F → 1F,6,2,0,"1번 출입구 옆 엘리베이터(으)로 2개 층 올라가기 (1F → 3F, 엘리베이터) → [3F] 대합실 이동 → [3F] 표 내는 곳 통과 → 가산디지털단지 방면 엘리베이터(4호기)(으)로 2개 층 내려가기 (3F → 1F, 엘리베이터) → [1F] 가산디지털단지 방면 승강장으로 이동 → [1F] 승차 (휠체어칸)","1. 1번 출입구 옆 엘리베이터(으)로 2개 층 올라가기 (1F → 3F, 엘리베이터) | 2. [3F] 대합실 이동 | 3. [3F] 표 내는 곳 통과 | 4. 가산디지털단지 방면 엘리베이터(4호기)(으)로 2개 층 내려가기 (3F → 1F, 엘리베이터) | 5. [1F] 가산디지털단지 방면 승강장으로 이동 | 6. [1F] 승차 (휠체어칸)"
KR_1_0069,1호선,구로,1,출입구-승강장,4,1번 출입구 옆 엘리베이터 → 인천 방면,1F → 3F → 1F,6,2,0,"1번 출입구 옆 엘리베이터(으)로 2개 층 올라가기 (1F → 3F, 엘리베이터) → [3F] 대합실 이동 → [3F] 표 내는 곳 통과 → 인천 방면 엘리베이터(5호기)(으)로 2개 층 내려가기 (3F → 1F, 엘리베이터) → [1F] 인천 방면 승강장으로 이동 → [1F] 승차 (휠체어칸)","1. 1번 출입구 옆 엘리베이터(으)로 2개 층 올라가기 (1F → 3F, 엘리베이터) | 2. [3F] 대합실 이동 | 3. [3F] 표 내는 곳 통과 | 4. 인천 방면 엘리베이터(5호기)(으)로 2개 층 내려가기 (3F → 1F, 엘리베이터) | 5. [1F] 인천 방면 승강장으로 이동 | 6. [1F] 승차 (휠체어칸)"
KR_1_0069,1호선,구로,1,출입구-승강장,5,1번 출입구 옆 엘리베이터 → 영등포 방면,1F → 3F → 1F,6,2,0,"1번 출입구 옆 엘리베이터(으)로 2개 층 올라가기 (1F → 3F, 엘리베이터) → [3F] 대합실 이동 → [3F] 표 내는 곳 통과 → 영등포 방면 엘리베이터(5호기)(으)로 2개 층 내려가기 (3F → 1F, 엘리베이터) → [1F] 영등포 방면 승강장으로 이동 → [1F] 승차 (휠체어칸)","1. 1번 출입구 옆 엘리베이터(으)로 2개 층 올라가기 (1F → 3F, 엘리베이터) | 2. [3F] 대합실 이동 | 3. [3F] 표 내는 곳 통과 | 4. 영등포 방면 엘리베이터(5호기)(으)로 2개 층 내려가기 (3F → 1F, 엘리베이터) | 5. [1F] 영등포 방면 승강장으로 이동 | 6. [1F] 승차 (휠체어칸)"
KR_1_0069,1호선,구로,1,출입구-승강장,6,1번 출입구 옆 엘리베이터 → 용산(특급/급행),1F → 3F → 1F,6,2,0,"1번 출입구 옆 엘리베이터(으)로 2개 층 올라가기 (1F → 3F, 엘리베이터) → [3F] 대합실 이동 → [3F] 표 내는 곳 통과 → 용산(특급/급행) 방면 엘리베이터(6호기)(으)로 2개 층 내려가기 (3F → 1F, 엘리베이터) → [1F] 용산(특급/급행) 방면 승강장으로 이동 → [1F] 승차 (휠체어칸)","1. 1번 출입구 옆 엘리베이터(으)로 2개 층 올라가기 (1F → 3F, 엘리베이터) | 2. [3F] 대합실 이동 | 3. [3F] 표 내는 곳 통과 | 4. 용산(특급/급행) 방면 엘리베이터(6호기)(으)로 2개 층 내려가기 (3F → 1F, 엘리베이터) | 5. [1F] 용산(특급/급행) 방면 승강장으로 이동 | 6. [1F] 승차 (휠체어칸)"
KR_1_0069,1호선,구로,1,출입구-승강장,7,1번 출입구 옆 엘리베이터 → 구로시발 방면,1F → 3F → 1F,6,2,0,"1번 출입구 옆 엘리베이터(으)로 2개 층 올라가기 (1F → 3F, 엘리베이터) → [3F] 대합실 이동 → [3F] 표 내는 곳 통과 → 구로시발 방면 엘리베이터(6호기)(으)로 2개 층 내려가기 (3F → 1F, 엘리베이터) → [1F] 구로시발 방면 승강장으로 이동 → [1F] 승차 (휠체어칸)","1. 1번 출입구 옆 엘리베이터(으)로 2개 층 올라가기 (1F → 3F, 엘리베이터) | 2. [3F] 대합실 이동 | 3. [3F] 표 내는 곳 통과 | 4. 구로시발 방면 엘리베이터(6호기)(으)로 2개 층 내려가기 (3F → 1F, 엘리베이터) | 5. [1F] 구로시발 방면 승강장으로 이동 | 6. [1F] 승차 (휠체어칸)"
KR_1_0069,1호선,구로,1,출입구-승강장,8,1번 출입구 옆 엘리베이터 → 동인천(특급/급행) 방면,1F → 3F → 1F,6,2,0,"1번 출입구 옆 엘리베이터(으)로 2개 층 올라가기 (1F → 3F, 엘리베이터) → [3F] 대합실 이동 → [3F] 표 내는 곳 통과 → 동인천(특급/급행) 방면 엘리베이터(7호기)(으)로 2개 층 내려가기 (3F → 1F, 엘리베이터) → [1F] 동인천(특급/급행) 방면 승강장으로 이동 → [1F] 승차 (휠체어칸)","1. 1번 출입구 옆 엘리베이터(으)로 2개 층 올라가기 (1F → 3F, 엘리베이터) | 2. [3F] 대합실 이동 | 3. [3F] 표 내는 곳 통과 | 4. 동인천(특급/급행) 방면 엘리베이터(7호기)(으)로 2개 층 내려가기 (3F → 1F, 엘리베이터) | 5. [1F] 동인천(특급/급행) 방면 승강장으로 이동 | 6. [1F] 승차 (휠체어칸)"
KR_1_0069,1호선,구로,1,출입구-승강장,9,1번 출입구 옆 엘리베이터 → 광명(셔틀)KTX 방면,1F → 3F → 1F,6,2,0,"1번 출입구 옆 엘리베이터(으)로 2개 층 올라가기 (1F → 3F, 엘리베이터) → [3F] 대합실 이동 → [3F] 표 내는 곳 통과 → 광명(셔틀)KTX 방면 엘리베이터(7호기)(으)로 2개 층 내려가기 (3F → 1F, 엘리베이터) → [1F] 광명(셔틀)KTX 방면 승강장으로 이동 → [1F] 승차 (휠체어칸)","1. 1번 출입구 옆 엘리베이터(으)로 2개 층 올라가기 (1F → 3F, 엘리베이터) | 2. [3F] 대합실 이동 | 3. [3F] 표 내는 곳 통과 | 4. 광명(셔틀)KTX 방면 엘리베이터(7호기)(으)로 2개 층 내려가기 (3F → 1F, 엘리베이터) | 5. [1F] 광명(셔틀)KTX 방면 승강장으로 이동 | 6. [1F] 승차 (휠체어칸)"
KR_1_0069,1호선,구로,1,출입구-승강장,10,3번 출입구 옆 엘리베이터 → 신도림 방면(1번승강장),1F → 3F → 1F,6,2,0,"3번 출입구 옆 엘리베이터(으)로 2개 층 올라가기 (1F → 3F, 엘리베이터) → [3F] 대합실 이동 → [3F] 표 내는 곳 통과 → 신도림 방면(1번승강장) 엘리베이터(3호기)(으)로 2개 층 내려가기 (3F → 1F, 엘리베이터) → [1F] 신도림 방면 승강장으로 이동 → [1F] 승차 (휠체어칸)","1. 3번 출입구 옆 엘리베이터(으)로 2개 층 올라가기 (1F → 3F, 엘리베이터) | 2. [3F] 대합실 이동 | 3. [3F] 표 내는 곳 통과 | 4. 신도림 방면(1번승강장) 엘리베이터(3호기)(으)로 2개 층 내려가기 (3F → 1F, 엘리베이터) | 5. [1F] 신도림 방면 승강장으로 이동 | 6. [1F] 승차 (휠체어칸)"
KR_1_0069,1호선,구로,1,출입구-승강장,11,3번 출입구 옆 엘리베이터 → 신도림 방면(2번승강장),1F → 3F → 1F,6,2,0,"3번 출입구 옆 엘리베이터(으)로 2개 층 올라가기 (1F → 3F, 엘리베이터) → [3F] 대합실 이동 → [3F] 표 내는 곳 통과 → 신도림 방면(2번승강장) 엘리베이터(4호기)(으)로 2개 층 내려가기 (3F → 1F, 엘리베이터) → [1F] 신도림 방면 승강장으로 이동 → [1F] 승차 (휠체어칸)","1. 3번 출입구 옆 엘리베이터(으)로 2개 층 올라가기 (1F → 3F, 엘리베이터) | 2. [3F] 대합실 이동 | 3. [3F] 표 내는 곳 통과 | 4. 신도림 방면(2번승강장) 엘리베이터(4호기)(으)로 2개 층 내려가기 (3F → 1F, 엘리베이터) | 5. [1F] 신도림 방면 승강장으로 이동 | 6. [1F] 승차 (휠체어칸)"
KR_1_0069,1호선,구로,1,출입구-승강장,12,3번 출입구 옆 엘리베이터 → 가산디지털단지 방면,1F → 3F → 1F,6,2,0,"3번 출입구 옆 엘리베이터(으)로 2개 층 올라가기 (1F → 3F, 엘리베이터) → [3F] 대합실 이동 → [3F] 표 내는 곳 통과 → 가산디지털단지 방면 엘리베이터(4호기)(으)로 2개 층 내려가기 (3F → 1F, 엘리베이터) → [1F] 가산디지털단지 방면 승강장으로 이동 → [1F] 승차 (휠체어칸)","1. 3번 출입구 옆 엘리베이터(으)로 2개 층 올라가기 (1F → 3F, 엘리베이터) | 2. [3F] 대합실 이동 | 3. [3F] 표 내는 곳 통과 | 4. 가산디지털단지 방면 엘리베이터(4호기)(으)로 2개 층 내려가기 (3F → 1F, 엘리베이터) | 5. [1F] 가산디지털단지 방면 승강장으로 이동 | 6. [1F] 승차 (휠체어칸)"
KR_1_0069,1호선,구로,1,출입구-승강장,13,3번 출입구 옆 엘리베이터 → 인천 방면,1F → 3F → 1F,6,2,0,"3번 출입구 옆 엘리베이터(으)로 2개 층 올라가기 (1F → 3F, 엘리베이터) → [3F] 대합실 이동 → [3F] 표 내는 곳 통과 → 인천 방면 엘리베이터(5호기)(으)로 2개 층 내려가기 (3F → 1F, 엘리베이터) → [1F] 인천 방면 승강장으로 이동 → [1F] 승차 (휠체어칸)","1. 3번 출입구 옆 엘리베이터(으)로 2개 층 올라가기 (1F → 3F, 엘리베이터) | 2. [3F] 대합실 이동 | 3. [3F] 표 내는 곳 통과 | 4. 인천 방면 엘리베이터(5호기)(으)로 2개 층 내려가기 (3F → 1F, 엘리베이터) | 5. [1F] 인천 방면 승강장으로 이동 | 6. [1F] 승차 (휠체어칸)"
KR_1_0069,1호선,구로,1,출입구-승강장,14,3번 출입구 옆 엘리베이터 → 영등포 방면,1F → 3F → 1F,6,2,0,"3번 출입구 옆 엘리베이터(으)로 2개 층 올라가기 (1F → 3F, 엘리베이터) → [3F] 대합실 이동 → [3F] 표 내는 곳 통과 → 영등포 방면 엘리베이터(5호기)(으)로 2개 층 내려가기 (3F → 1F, 엘리베이터) → [1F] 영등포 방면 승강장으로 이동 → [1F] 승차 (휠체어칸)","1. 3번 출입구 옆 엘리베이터(으)로 2개 층 올라가기 (1F → 3F, 엘리베이터) | 2. [3F] 대합실 이동 | 3. [3F] 표 내는 곳 통과 | 4. 영등포 방면 엘리베이터(5호기)(으)로 2개 층 내려가기 (3F → 1F, 엘리베이터) | 5. [1F] 영등포 방면 승강장으로 이동 | 6. [1F] 승차 (휠체어칸)"
KR_1_0069,1호선,구로,1,출입구-승강장,15,3번 출입구 옆 엘리베이터 → 용산(특급/급행) 방면,1F → 3F → 1F,6,2,0,"3번 출입구 옆 엘리베이터(으)로 2개 층 올라가기 (1F → 3F, 엘리베이터) → [3F] 대합실 이동 → [3F] 표 내는 곳 통과 → 용산(특급/급행) 방면 엘리베이터(6호기)(으)로 2개 층 내려가기 (3F → 1F, 엘리베이터) → [1F] 용산(특급/급행) 방면 승강장으로 이동 → [1F] 승차 (휠체어칸)","1. 3번 출입구 옆 엘리베이터(으)로 2개 층 올라가기 (1F → 3F, 엘리베이터) | 2. [3F] 대합실 이동 | 3. [3F] 표 내는 곳 통과 | 4. 용산(특급/급행) 방면 엘리베이터(6호기)(으)로 2개 층 내려가기 (3F → 1F, 엘리베이터) | 5. [1F] 용산(특급/급행) 방면 승강장으로 이동 | 6. [1F] 승차 (휠체어칸)"
KR_1_0069,1호선,구로,1,출입구-승강장,16,3번 출입구 옆 엘리베이터 → 구로시발 방면,1F → 3F → 1F,6,2,0,"3번 출입구 옆 엘리베이터(으)로 2개 층 올라가기 (1F → 3F, 엘리베이터) → [3F] 대합실 이동 → [3F] 표 내는 곳 통과 → 구로시발 방면 엘리베이터(6호기)(으)로 2개 층 내려가기 (3F → 1F, 엘리베이터) → [1F] 구로시발 방면 승강장으로 이동 → [1F] 승차 (휠체어칸)","1. 3번 출입구 옆 엘리베이터(으)로 2개 층 올라가기 (1F → 3F, 엘리베이터) | 2. [3F] 대합실 이동 | 3. [3F] 표 내는 곳 통과 | 4. 구로시발 방면 엘리베이터(6호기)(으)로 2개 층 내려가기 (3F → 1F, 엘리베이터) | 5. [1F] 구로시발 방면 승강장으로 이동 | 6. [1F] 승차 (휠체어칸)"
KR_1_0069,1호선,구로,1,출입구-승강장,17,3번 출입구 옆 엘리베이터 → 동인천(특급/급행) 방면,1F → 3F → 1F,6,2,0,"3번 출입구 옆 엘리베이터(으)로 2개 층 올라가기 (1F → 3F, 엘리베이터) → [3F] 대합실 이동 → [3F] 표 내는 곳 통과 → 동인천(특급/급행) 방면 엘리베이터(7호기)(으)로 2개 층 내려가기 (3F → 1F, 엘리베이터) → [1F] 동인천(특급/급행) 방면 승강장으로 이동 → [1F] 승차 (휠체어칸)","1. 3번 출입구 옆 엘리베이터(으)로 2개 층 올라가기 (1F → 3F, 엘리베이터) | 2. [3F] 대합실 이동 | 3. [3F] 표 내는 곳 통과 | 4. 동인천(특급/급행) 방면 엘리베이터(7호기)(으)로 2개 층 내려가기 (3F → 1F, 엘리베이터) | 5. [1F] 동인천(특급/급행) 방면 승강장으로 이동 | 6. [1F] 승차 (휠체어칸)"
KR_1_0069,1호선,구로,1,출입구-승강장,18,3번 출입구 옆 엘리베이터 → 광명(셔틀)KTX 방면,1F → 3F → 1F,6,2,0,"3번 출입구 옆 엘리베이터(으)로 2개 층 올라가기 (1F → 3F, 엘리베이터) → [3F] 대합실 이동 → [3F] 표 내는 곳 통과 → 광명(셔틀)KTX 방면 엘리베이터(7호기)(으)로 2개 층 내려가기 (3F → 1F, 엘리베이터) → [1F] 광명(셔틀)KTX 방면 승강장으로 이동 → [1F] 승차 (휠체어칸)","1. 3번 출입구 옆 엘리베이터(으)로 2개 층 올라가기 (1F → 3F, 엘리베이터) | 2. [3F] 대합실 이동 | 3. [3F] 표 내는 곳 통과 | 4. 광명(셔틀)KTX 방면 엘리베이터(7호기)(으)로 2개 층 내려가기 (3F → 1F, 엘리베이터) | 5. [1F] 광명(셔틀)KTX 방면 승강장으로 이동 | 6. [1F] 승차 (휠체어칸)"
KR_1_0077,1호선,구일,1,출입구-승강장,1,2번 출입구 엘리베이터 → 개봉 방면,,6,0,0,2번 출입구 → 표 내는곳 통과 → 3층 연결통로 개봉 방면 엘리베이터 로이동 → 개봉 방면 승강장으로 이동 → 승차(휠체어칸) → 개봉 방면 엘리베이터 이용 (엘리베이터),1. 2번 출입구 | 2. 표 내는곳 통과 | 3. 3층 연결통로 개봉 방면 엘리베이터 로이동 | 4. 개봉 방면 승강장으로 이동 | 5. 승차(휠체어칸) | 6. 개봉 방면 엘리베이터 이용 (엘리베이터)
KR_1_0077,1호선,구일,1,출입구-승강장,2,1번 출입구 → 구로 방면,,5,0,0,1번 출입구 → 표 내는곳 통과 → 구로 방면 승강장으로 이동 → 승차(휠체어칸) → 구로 방면 엘리베이터 이용 (엘리베이터),1. 1번 출입구 | 2. 표 내는곳 통과 | 3. 구로 방면 승강장으로 이동 | 4. 승차(휠체어칸) | 5. 구로 방면 엘리베이터 이용 (엘리베이터)
KR_1_0026,1호선,개봉,1,출입구-승강장,1,1번 출입구 엘리베이터 → 구일 방면,1F → 2F → 1F,6,0,0,[1F] 1번 출입구 지상1층 엘리베이터 → [2F] 1번 출입구 지상2층 엘리베이터 → [2F] 개집표기 통과 → [2F] 구일방면 지상2층 엘리베이터 → [1F] 구일방면 지상1층 승강장 엘리베이터 → [1F] 구일방면 승강장,1. [1F] 1번 출입구 지상1층 엘리베이터 | 2. [2F] 1번 출입구 지상2층 엘리베이터 | 3. [2F] 개집표기 통과 | 4. [2F] 구일방면 지상2층 엘리베이터 | 5. [1F] 구일방면 지상1층 승강장 엘리베이터 | 6. [1F] 구일방면 승강장
KR_1_0026,1호선,개봉,1,출입구-승강장,2,2번 출입구 엘리베이터 → 구일 방면,1F → 2F → 1F,6,0,0,[1F] 2번 출입구 지상1층 엘리베이터 → [2F] 2번 출입구 지상2층 엘리베이터 → [2F] 개집표기 통과 → [2F] 구일방면 지상2층 엘리베이터 → [1F] 구일방면 지상1층 승강장 엘리베이터 → [1F] 구일방면 승강장,1. [1F] 2번 출입구 지상1층 엘리베이터 | 2. [2F] 2번 출입구 지상2층 엘리베이터 | 3. [2F] 개집표기 통과 | 4. [2F] 구일방면 지상2층 엘리베이터 | 5. [1F] 구일방면 지상1층 승강장 엘리베이터 | 6. [1F] 구일방면 승강장
KR_1_0026,1호선,개봉,1,출입구-승강장,3,1번 출입구 엘리베이터 → 오류동 방면,1F → 2F → 1F,6,0,0,[1F] 1번 출입구 지상1층 엘리베이터 → [2F] 1번 출입구 지상2층 엘리베이터 → [2F] 개집표기 통과 → [2F] 오류동방면 지상2층 엘리베이터 → [1F] 오류동방면 지상1층 승강장 엘리베이터 → [1F] 오류동방면 승강장,1. [1F] 1번 출입구 지상1층 엘리베이터 | 2. [2F] 1번 출입구 지상2층 엘리베이터 | 3. [2F] 개집표기 통과 | 4. [2F] 오류동방면 지상2층 엘리베이터 | 5. [1F] 오류동방면 지상1층 승강장 엘리베이터 | 6. [1F] 오류동방면 승강장
KR_1_0026,1호선,개봉,1,출입구-승강장,4,2번 출입구 엘리베이터 → 오류동 방면,1F → 2F → 1F,6,0,0,[1F] 2번 출입구 지상1층 엘리베이터 → [2F] 2번 출입구 지상2층 엘리베이터 → [2F] 개집표기 통과 → [2F] 오류동방면 지상2층 엘리베이터 → [1F] 오류동방면 지상1층 승강장 엘리베이터 → [1F] 오류동방면 승강장,1. [1F] 2번 출입구 지상1층 엘리베이터 | 2. [2F] 2번 출입구 지상2층 엘리베이터 | 3. [2F] 개집표기 통과 | 4. [2F] 오류동방면 지상2층 엘리베이터 | 5. [1F] 오류동방면 지상1층 승강장 엘리베이터 | 6. [1F] 오류동방면 승강장
KR_1_0427,1호선,오류동,1,출입구-승강장,1,2번 출입구 엘리베이터 → 개봉 방면,1F → 2F → 1F,6,0,0,[1F] 2번 출입구 지상1층 엘리베이터 → [2F] 2번 출입구 지상2층 엘리베이터 → [2F] 개집표기 통과 → [2F] 개봉방면 지상2층 엘리베이터 → [1F] 개봉방면 지상1층 승강장 엘리베이터 → [1F] 개봉방면 승강장,1. [1F] 2번 출입구 지상1층 엘리베이터 | 2. [2F] 2번 출입구 지상2층 엘리베이터 | 3. [2F] 개집표기 통과 | 4. [2F] 개봉방면 지상2층 엘리베이터 | 5. [1F] 개봉방면 지상1층 승강장 엘리베이터 | 6. [1F] 개봉방면 승강장
KR_1_0427,1호선,오류동,1,출입구-승강장,2,3번 출입구 엘리베이터 → 개봉 방면,1F → 2F → 1F,6,0,0,[1F] 3번 출입구 지상1층 엘리베이터 → [2F] 3번 출입구 지상2층 엘리베이터 → [2F] 개집표기 통과 → [2F] 개봉방면 지상2층 엘리베이터 → [1F] 개봉방면 지상1층 승강장 엘리베이터 → [1F] 개봉방면 승강장,1. [1F] 3번 출입구 지상1층 엘리베이터 | 2. [2F] 3번 출입구 지상2층 엘리베이터 | 3. [2F] 개집표기 통과 | 4. [2F] 개봉방면 지상2층 엘리베이터 | 5. [1F] 개봉방면 지상1층 승강장 엘리베이터 | 6. [1F] 개봉방면 승강장
KR_1_0427,1호선,오류동,1,출입구-승강장,3,2번 출입구 엘리베이터 → 온수 방면,1F → 2F → 1F,6,0,0,[1F] 2번 출입구 지상1층 엘리베이터 → [2F] 2번 출입구 지상2층 엘리베이터 → [2F] 개집표기 통과 → [2F] 온수방면 지상2층 엘리베이터 → [1F] 온수방면 지상1층 승강장 엘리베이터 → [1F] 온수방면 승강장,1. [1F] 2번 출입구 지상1층 엘리베이터 | 2. [2F] 2번 출입구 지상2층 엘리베이터 | 3. [2F] 개집표기 통과 | 4. [2F] 온수방면 지상2층 엘리베이터 | 5. [1F] 온수방면 지상1층 승강장 엘리베이터 | 6. [1F] 온수방면 승강장
KR_1_0427,1호선,오류동,1,출입구-승강장,4,3번 출입구 엘리베이터 → 온수 방면,1F → 2F → 1F,6,0,0,[1F] 3번 출입구 지상1층 엘리베이터 → [2F] 3번 출입구 지상2층 엘리베이터 → [2F] 개집표기 통과 → [2F] 온수방면 지상2층 엘리베이터 → [1F] 온수방면 지상1층 승강장 엘리베이터 → [1F] 온수방면 승강장,1. [1F] 3번 출입구 지상1층 엘리베이터 | 2. [2F] 3번 출입구 지상2층 엘리베이터 | 3. [2F] 개집표기 통과 | 4. [2F] 온수방면 지상2층 엘리베이터 | 5. [1F] 온수방면 지상1층 승강장 엘리베이터 | 6. [1F] 온수방면 승강장
KR_1_0435,1호선,온수,1,출입구-승강장,1,1번 출입구 근처 엘리베이터 → 1호선 오류동 방면,2F → 1F,3,1,0,"[2F] 지상2층 이동후 개집표기 통과 → 1번 출입구 근처 엘리베이터(으)로 1개 층 내려가기 (2F → 1F, 엘리베이터) → 오류동방면 엘리베이터 탑승 후 지상1층 승강장 이동 이용 (엘리베이터)","1. [2F] 지상2층 이동후 개집표기 통과 | 2. 1번 출입구 근처 엘리베이터(으)로 1개 층 내려가기 (2F → 1F, 엘리베이터) | 3. 오류동방면 엘리베이터 탑승 후 지상1층 승강장 이동 이용 (엘리베이터)"
KR_1_0435,1호선,온수,1,출입구-승강장,2,1번 출입구 근처 엘리베이터 → 1호선 역곡 방면,2F → 1F,3,1,0,"[2F] 지상2층 이동후 개집표기 통과 → 1번 출입구 근처 엘리베이터(으)로 1개 층 내려가기 (2F → 1F, 엘리베이터) → 역곡방면 엘리베이터 탑승 후 지상1층 승강장 이동 이용 (엘리베이터)","1. [2F] 지상2층 이동후 개집표기 통과 | 2. 1번 출입구 근처 엘리베이터(으)로 1개 층 내려가기 (2F → 1F, 엘리베이터) | 3. 역곡방면 엘리베이터 탑승 후 지상1층 승강장 이동 이용 (엘리베이터)"
KR_1_0435,1호선,온수,1,출입구-승강장,3,7번8번 출입구 근처 엘리베이터 → 1호선 오류동 방면,2F → 1F,3,1,0,"[2F] 지상2층 이동후 개집표기 통과 → 7번8번 출입구 근처 엘리베이터(으)로 1개 층 내려가기 (2F → 1F, 엘리베이터) → 오류동방면 엘리베이터 탑승 후 지상1층 승강장 이동 이용 (엘리베이터)","1. [2F] 지상2층 이동후 개집표기 통과 | 2. 7번8번 출입구 근처 엘리베이터(으)로 1개 층 내려가기 (2F → 1F, 엘리베이터) | 3. 오류동방면 엘리베이터 탑승 후 지상1층 승강장 이동 이용 (엘리베이터)"
KR_1_0435,1호선,온수,1,출입구-승강장,4,7번8번 출입구 근처 엘리베이터 → 1호선 역곡 방면,2F → 1F,3,1,0,"[2F] 지상2층 이동후 개집표기 통과 → 7번8번 출입구 근처 엘리베이터(으)로 1개 층 내려가기 (2F → 1F, 엘리베이터) → 역곡방면 엘리베이터 탑승 후 지상1층 승강장 이동 이용 (엘리베이터)","1. [2F] 지상2층 이동후 개집표기 통과 | 2. 7번8번 출입구 근처 엘리베이터(으)로 1개 층 내려가기 (2F → 1F, 엘리베이터) | 3. 역곡방면 엘리베이터 탑승 후 지상1층 승강장 이동 이용 (엘리베이터)"
KR_1_0435,1호선,온수,3,환승,1,1호선 오류동 방면 승강장 → 7호선 까치울 방면,2F → 1F → B1 → B2,5,3,0,"3번칸 근처 엘리베이터 이용 지상2층 이동(으)로 1개 층 내려가기 (2F → 1F, 엘리베이터) → 지상1층 3번출입구 근처 엘리베이터(으)로 1개 층 내려가기 (1F → B1, 엘리베이터) → [B1] 지하1층 이동 → 개집표기 안쪽 까치울 방면 엘리베이터(으)로 1개 층 내려가기 (B1 → B2, 엘리베이터) → [B2] 지하2층 승강장 이동","1. 3번칸 근처 엘리베이터 이용 지상2층 이동(으)로 1개 층 내려가기 (2F → 1F, 엘리베이터) | 2. 지상1층 3번출입구 근처 엘리베이터(으)로 1개 층 내려가기 (1F → B1, 엘리베이터) | 3. [B1] 지하1층 이동 | 4. 개집표기 안쪽 까치울 방면 엘리베이터(으)로 1개 층 내려가기 (B1 → B2, 엘리베이터) | 5. [B2] 지하2층 승강장 이동"
KR_1_0435,1호선,온수,3,환승,2,1호선 역곡 방면 승강장 → 7호선 까치울 방면,2F → 1F → B1 → B2,5,3,0,"7번칸 근처 엘리베이터 이용 지상2층 이동(으)로 1개 층 내려가기 (2F → 1F, 엘리베이터) → 지상1층 3번출입구 근처 엘리베이터(으)로 1개 층 내려가기 (1F → B1, 엘리베이터) → [B1] 지하1층 이동 → 개집표기 안쪽 까치울 방면 엘리베이터(으)로 1개 층 내려가기 (B1 → B2, 엘리베이터) → [B2] 지하2층 승강장 이동","1. 7번칸 근처 엘리베이터 이용 지상2층 이동(으)로 1개 층 내려가기 (2F → 1F, 엘리베이터) | 2. 지상1층 3번출입구 근처 엘리베이터(으)로 1개 층 내려가기 (1F → B1, 엘리베이터) | 3. [B1] 지하1층 이동 | 4. 개집표기 안쪽 까치울 방면 엘리베이터(으)로 1개 층 내려가기 (B1 → B2, 엘리베이터) | 5. [B2] 지하2층 승강장 이동"
KR_1_0435,1호선,온수,3,환승,3,1호선 오류동 방면 승강장 → 7호선 천왕 방면,2F → 1F → B1 → B2,5,3,0,"3번칸 근처 엘리베이터 이용 지상2층 이동(으)로 1개 층 내려가기 (2F → 1F, 엘리베이터) → 지상1층 3번출입구 근처 엘리베이터(으)로 1개 층 내려가기 (1F → B1, 엘리베이터) → [B1] 지하1층 이동 → 개집표기 안쪽 천왕 방면 엘리베이터(으)로 1개 층 내려가기 (B1 → B2, 엘리베이터) → [B2] 지하2층 승강장 이동","1. 3번칸 근처 엘리베이터 이용 지상2층 이동(으)로 1개 층 내려가기 (2F → 1F, 엘리베이터) | 2. 지상1층 3번출입구 근처 엘리베이터(으)로 1개 층 내려가기 (1F → B1, 엘리베이터) | 3. [B1] 지하1층 이동 | 4. 개집표기 안쪽 천왕 방면 엘리베이터(으)로 1개 층 내려가기 (B1 → B2, 엘리베이터) | 5. [B2] 지하2층 승강장 이동"
KR_1_0435,1호선,온수,3,환승,4,1호선 역곡 방면 승강장 → 7호선 천왕 방면,2F → 1F → B1 → B2,5,3,0,"7번칸 근처 엘리베이터 이용 지상2층 이동(으)로 1개 층 내려가기 (2F → 1F, 엘리베이터) → 지상1층 3번출입구 근처 엘리베이터(으)로 1개 층 내려가기 (1F → B1, 엘리베이터) → [B1] 지하1층 이동 → 개집표기 안쪽 천왕 방면 엘리베이터(으)로 1개 층 내려가기 (B1 → B2, 엘리베이터) → [B2] 지하2층 승강장 이동","1. 7번칸 근처 엘리베이터 이용 지상2층 이동(으)로 1개 층 내려가기 (2F → 1F, 엘리베이터) | 2. 지상1층 3번출입구 근처 엘리베이터(으)로 1개 층 내려가기 (1F → B1, 엘리베이터) | 3. [B1] 지하1층 이동 | 4. 개집표기 안쪽 천왕 방면 엘리베이터(으)로 1개 층 내려가기 (B1 → B2, 엘리베이터) | 5. [B2] 지하2층 승강장 이동"
KR_1_0414,1호선,역곡,1,출입구-승강장,1,1번 출입구 엘리베이터 → 온수 방면,1F → 2F → 1F,5,0,0,[1F] 1번 출입구 지상1층 엘리베이터 → [2F] 1번 출입구 지상2층 엘리베이터 → [2F] 온수방면 지상2층 엘리베이터 → [1F] 온수방면 지상1층 승강장 엘리베이터 → [1F] 온수방면 승강장,1. [1F] 1번 출입구 지상1층 엘리베이터 | 2. [2F] 1번 출입구 지상2층 엘리베이터 | 3. [2F] 온수방면 지상2층 엘리베이터 | 4. [1F] 온수방면 지상1층 승강장 엘리베이터 | 5. [1F] 온수방면 승강장
KR_1_0414,1호선,역곡,1,출입구-승강장,2,2번 출입구 엘리베이터 → 온수 방면,1F → 2F → 1F,5,0,0,[1F] 2번 출입구 지상1층 엘리베이터 → [2F] 2번 출입구 지상2층 엘리베이터 → [2F] 온수방면 지상2층 엘리베이터 → [1F] 온수방면 지상1층 승강장 엘리베이터 → [1F] 온수방면 승강장,1. [1F] 2번 출입구 지상1층 엘리베이터 | 2. [2F] 2번 출입구 지상2층 엘리베이터 | 3. [2F] 온수방면 지상2층 엘리베이터 | 4. [1F] 온수방면 지상1층 승강장 엘리베이터 | 5. [1F] 온수방면 승강장
KR_1_0414,1호선,역곡,1,출입구-승강장,3,1번 출입구 엘리베이터 → 소사 방면,1F → 2F → 1F,5,0,0,[1F] 1번 출입구 지상1층 엘리베이터 → [2F] 1번 출입구 지상2층 엘리베이터 → [2F] 소사방면 지상2층 엘리베이터 → [1F] 소사방면 지상1층 승강장 엘리베이터 → [1F] 소사방면 승강장,1. [1F] 1번 출입구 지상1층 엘리베이터 | 2. [2F] 1번 출입구 지상2층 엘리베이터 | 3. [2F] 소사방면 지상2층 엘리베이터 | 4. [1F] 소사방면 지상1층 승강장 엘리베이터 | 5. [1F] 소사방면 승강장
KR_1_0414,1호선,역곡,1,출입구-승강장,4,2번 출입구 엘리베이터 → 소사 방면,1F → 2F → 1F,5,0,0,[1F] 2번 출입구 지상1층 엘리베이터 → [2F] 2번 출입구 지상2층 엘리베이터 → [2F] 소사방면 지상2층 엘리베이터 → [1F] 소사방면 지상1층 승강장 엘리베이터 → [1F] 소사방면 승강장,1. [1F] 2번 출입구 지상1층 엘리베이터 | 2. [2F] 2번 출입구 지상2층 엘리베이터 | 3. [2F] 소사방면 지상2층 엘리베이터 | 4. [1F] 소사방면 지상1층 승강장 엘리베이터 | 5. [1F] 소사방면 승강장
KR_1_0323,1호선,소사,1,출입구-승강장,1,1번 출입구 → 역곡 방면,1F → 2F,5,0,0,1번 출입구 → 개집표기 통과 → [1F] 역곡방면 지상1층 에스컬레이터 → [2F] 역곡방면 지상2층 승강장 에스컬레이터 → [2F] 역곡방면 승강장,1. 1번 출입구 | 2. 개집표기 통과 | 3. [1F] 역곡방면 지상1층 에스컬레이터 | 4. [2F] 역곡방면 지상2층 승강장 에스컬레이터 | 5. [2F] 역곡방면 승강장
KR_1_0323,1호선,소사,1,출입구-승강장,2,2번 출입구 → 역곡 방면,1F → 2F,5,0,0,2번 출입구 → 개집표기 통과 → [1F] 역곡방면 지상1층 에스컬레이터 → [2F] 역곡방면 지상2층 승강장 에스컬레이터 → [2F] 역곡방면 승강장,1. 2번 출입구 | 2. 개집표기 통과 | 3. [1F] 역곡방면 지상1층 에스컬레이터 | 4. [2F] 역곡방면 지상2층 승강장 에스컬레이터 | 5. [2F] 역곡방면 승강장
KR_1_0323,1호선,소사,1,출입구-승강장,3,1번 출입구 → 부천 방면 ,1F → 2F,5,0,0,1번 출입구 → 개집표기 통과 → [1F] 부천방면 지상1층 에스컬레이터 → [2F] 부천방면 지상2층 승강장 에스컬레이터 → [2F] 부천방면 승강장,1. 1번 출입구 | 2. 개집표기 통과 | 3. [1F] 부천방면 지상1층 에스컬레이터 | 4. [2F] 부천방면 지상2층 승강장 에스컬레이터 | 5. [2F] 부천방면 승강장
KR_1_0323,1호선,소사,1,출입구-승강장,4,2번 출입구 → 부천 방면 ,1F → 2F,5,0,0,2번 출입구 → 개집표기 통과 → [1F] 부천방면 지상1층 에스컬레이터 → [2F] 부천방면 지상2층 승강장 에스컬레이터 → [2F] 부천방면 승강장,1. 2번 출입구 | 2. 개집표기 통과 | 3. [1F] 부천방면 지상1층 에스컬레이터 | 4. [2F] 부천방면 지상2층 승강장 에스컬레이터 | 5. [2F] 부천방면 승강장
KR_1_0246,1호선,부천,1,출입구-승강장,1,2번 출입구 엘리베이터 → 소사 방면,1F → 3F → 1F,6,0,0,[1F] 2번 출입구 지상1층 엘리베이터 → [3F] 2번 출입구 지상3층 엘리베이터 → [3F] 개집표기 통과 → [3F] 소사방면 지상3층 엘리베이터 → [1F] 소사방면 지상1층  승강장 엘리베이터 → [1F] 소사방면 승강장,1. [1F] 2번 출입구 지상1층 엘리베이터 | 2. [3F] 2번 출입구 지상3층 엘리베이터 | 3. [3F] 개집표기 통과 | 4. [3F] 소사방면 지상3층 엘리베이터 | 5. [1F] 소사방면 지상1층  승강장 엘리베이터 | 6. [1F] 소사방면 승강장
KR_1_0246,1호선,부천,1,출입구-승강장,2,3번 출입구 엘리베이터 → 소사 방면,1F → 3F → 1F,6,0,0,[1F] 3번 출입구 지상1층 엘리베이터 → [3F] 3번 출입구 지상3층 엘리베이터 → [3F] 개집표기 통과 → [3F] 소사방면 지상3층 엘리베이터 → [1F] 소사방면 지상1층  승강장 엘리베이터 → [1F] 소사방면 승강장,1. [1F] 3번 출입구 지상1층 엘리베이터 | 2. [3F] 3번 출입구 지상3층 엘리베이터 | 3. [3F] 개집표기 통과 | 4. [3F] 소사방면 지상3층 엘리베이터 | 5. [1F] 소사방면 지상1층  승강장 엘리베이터 | 6. [1F] 소사방면 승강장
KR_1_0246,1호선,부천,1,출입구-승강장,3,2번 출입구 엘리베이터 → 중동 방면,1F → 3F → 1F,6,0,0,[1F] 2번 출입구 지상1층 엘리베이터 → [3F] 2번 출입구 지상3층 엘리베이터 → [3F] 개집표기 통과 → [3F] 중동방면 지상3층 엘리베이터 → [1F] 중동방면 지상1층  승강장 엘리베이터 → [1F] 중동방면 승강장,1. [1F] 2번 출입구 지상1층 엘리베이터 | 2. [3F] 2번 출입구 지상3층 엘리베이터 | 3. [3F] 개집표기 통과 | 4. [3F] 중동방면 지상3층 엘리베이터 | 5. [1F] 중동방면 지상1층  승강장 엘리베이터 | 6. [1F] 중동방면 승강장
KR_1_0246,1호선,부천,1,출입구-승강장,4,3번 출입구 엘리베이터 → 중동 방면,1F → 3F → 1F,6,0,0,[1F] 3번 출입구 지상1층 엘리베이터 → [3F] 3번 출입구 지상3층 엘리베이터 → [3F] 개집표기 통과 → [3F] 중동방면 지상3층 엘리베이터 → [1F] 중동방면 지상1층  승강장 엘리베이터 → [1F] 중동방면 승강장,1. [1F] 3번 출입구 지상1층 엘리베이터 | 2. [3F] 3번 출입구 지상3층 엘리베이터 | 3. [3F] 개집표기 통과 | 4. [3F] 중동방면 지상3층 엘리베이터 | 5. [1F] 중동방면 지상1층  승강장 엘리베이터 | 6. [1F] 중동방면 승강장
KR_1_0526,1호선,중동,1,출입구-승강장,1,1번 출입구 엘리베이터 → 부천 방면 ,1F → 2F → 1F,6,0,0,[1F] 1번 출입구 지상1층 엘리베이터 → [2F] 1번 출입구 지상2층 엘리베이터 → [2F] 개집표기 통과 → [2F] 부천방면 지상2층 엘리베이터 → [1F] 부천방면 지상1층 승강장 엘리베이터 → [1F] 부천방면 승강장,1. [1F] 1번 출입구 지상1층 엘리베이터 | 2. [2F] 1번 출입구 지상2층 엘리베이터 | 3. [2F] 개집표기 통과 | 4. [2F] 부천방면 지상2층 엘리베이터 | 5. [1F] 부천방면 지상1층 승강장 엘리베이터 | 6. [1F] 부천방면 승강장
KR_1_0526,1호선,중동,1,출입구-승강장,2,2번 출입구 엘리베이터 → 부천 방면 ,1F → 2F → 1F,6,0,0,[1F] 2번 출입구 지상1층 엘리베이터 → [2F] 2번 출입구 지상2층 엘리베이터 → [2F] 개집표기 통과 → [2F] 부천방면 지상2층 엘리베이터 → [1F] 부천방면 지상1층 승강장 엘리베이터 → [1F] 부천방면 승강장,1. [1F] 2번 출입구 지상1층 엘리베이터 | 2. [2F] 2번 출입구 지상2층 엘리베이터 | 3. [2F] 개집표기 통과 | 4. [2F] 부천방면 지상2층 엘리베이터 | 5. [1F] 부천방면 지상1층 승강장 엘리베이터 | 6. [1F] 부천방면 승강장
KR_1_0526,1호선,중동,1,출입구-승강장,3,1번 출입구 엘리베이터 → 송내 방면,1F → 2F → 1F,6,0,0,[1F] 1번 출입구 지상1층 엘리베이터 → [2F] 1번 출입구 지상2층 엘리베이터 → [2F] 개집표기 통과 → [2F] 송내방면 지상2층 엘리베이터 → [1F] 송내방면 지상1층 승강장 엘리베이터 → [1F] 송내방면 승강장,1. [1F] 1번 출입구 지상1층 엘리베이터 | 2. [2F] 1번 출입구 지상2층 엘리베이터 | 3. [2F] 개집표기 통과 | 4. [2F] 송내방면 지상2층 엘리베이터 | 5. [1F] 송내방면 지상1층 승강장 엘리베이터 | 6. [1F] 송내방면 승강장
KR_1_0526,1호선,중동,1,출입구-승강장,4,2번 출입구 엘리베이터 → 송내 방면,1F → 2F → 1F,6,0,0,[1F] 2번 출입구 지상1층 엘리베이터 → [2F] 2번 출입구 지상2층 엘리베이터 → [2F] 개집표기 통과 → [2F] 송내방면 지상2층 엘리베이터 → [1F] 송내방면 지상1층 승강장 엘리베이터 → [1F] 송내방면 승강장,1. [1F] 2번 출입구 지상1층 엘리베이터 | 2. [2F] 2번 출입구 지상2층 엘리베이터 | 3. [2F] 개집표기 통과 | 4. [2F] 송내방면 지상2층 엘리베이터 | 5. [1F] 송내방면 지상1층 승강장 엘리베이터 | 6. [1F] 송내방면 승강장
KR_1_0327,1호선,송내,1,출입구-승강장,1,2번 출입구 엘리베이터 → 중동 방면,1F → 2F → 1F,6,0,0,[1F] 2번 출입구 지상1층 엘리베이터 → [2F] 2번 출입구 지상2층 엘리베이터 → [2F] 개집표기 통과 → [2F] 중동방면 지상2층 엘리베이터 → [1F] 중동방면 지상1층 승강장 엘리베이터 → [1F] 중동방면 승강장,1. [1F] 2번 출입구 지상1층 엘리베이터 | 2. [2F] 2번 출입구 지상2층 엘리베이터 | 3. [2F] 개집표기 통과 | 4. [2F] 중동방면 지상2층 엘리베이터 | 5. [1F] 중동방면 지상1층 승강장 엘리베이터 | 6. [1F] 중동방면 승강장
KR_1_0327,1호선,송내,1,출입구-승강장,2,3번 출입구 엘리베이터 → 중동 방면,1F → 2F → 1F,6,0,0,[1F] 3번 출입구 지상1층 엘리베이터 → [2F] 3번 출입구 지상2층 엘리베이터 → [2F] 개집표기 통과 → [2F] 중동방면 지상2층 엘리베이터 → [1F] 중동방면 지상1층 승강장 엘리베이터 → [1F] 중동방면 승강장,1. [1F] 3번 출입구 지상1층 엘리베이터 | 2. [2F] 3번 출입구 지상2층 엘리베이터 | 3. [2F] 개집표기 통과 | 4. [2F] 중동방면 지상2층 엘리베이터 | 5. [1F] 중동방면 지상1층 승강장 엘리베이터 | 6. [1F] 중동방면 승강장
KR_1_0327,1호선,송내,1,출입구-승강장,3,2번 출입구 엘리베이터 → 부개 방면,1F → 2F → 1F,6,0,0,[1F] 2번 출입구 지상1층 엘리베이터 → [2F] 2번 출입구 지상2층 엘리베이터 → [2F] 개집표기 통과 → [2F] 부개방면 지상2층 엘리베이터 → [1F] 부개방면 지상1층 승강장 엘리베이터 → [1F] 부개방면 승강장,1. [1F] 2번 출입구 지상1층 엘리베이터 | 2. [2F] 2번 출입구 지상2층 엘리베이터 | 3. [2F] 개집표기 통과 | 4. [2F] 부개방면 지상2층 엘리베이터 | 5. [1F] 부개방면 지상1층 승강장 엘리베이터 | 6. [1F] 부개방면 승강장
KR_1_0327,1호선,송내,1,출입구-승강장,4,3번 출입구 엘리베이터 → 부개 방면,1F → 2F → 1F,6,0,0,[1F] 3번 출입구 지상1층 엘리베이터 → [2F] 3번 출입구 지상2층 엘리베이터 → [2F] 개집표기 통과 → [2F] 부개방면 지상2층 엘리베이터 → [1F] 부개방면 지상1층 승강장 엘리베이터 → [1F] 부개방면 승강장,1. [1F] 3번 출입구 지상1층 엘리베이터 | 2. [2F] 3번 출입구 지상2층 엘리베이터 | 3. [2F] 개집표기 통과 | 4. [2F] 부개방면 지상2층 엘리베이터 | 5. [1F] 부개방면 지상1층 승강장 엘리베이터 | 6. [1F] 부개방면 승강장
KR_1_0244,1호선,부개,1,출입구-승강장,1,1번 출입구 엘리베이터 → 송내 방면,1F,5,0,0,[1F] 대합실 이동 → [1F] 표 내는곳 통과 → [1F] 송내 방면 승강장으로 이동 → [1F] 승차(휠체어칸) → 송내 방면 엘리베이터 이용 (엘리베이터),1. [1F] 대합실 이동 | 2. [1F] 표 내는곳 통과 | 3. [1F] 송내 방면 승강장으로 이동 | 4. [1F] 승차(휠체어칸) | 5. 송내 방면 엘리베이터 이용 (엘리베이터)
KR_1_0244,1호선,부개,1,출입구-승강장,2,2번 출입구 엘리베이터 → 송내 방면,1F,5,0,0,[1F] 대합실 이동 → [1F] 표 내는곳 통과 → [1F] 송내 방면 승강장으로 이동 → [1F] 승차(휠체어칸) → 송내 방면 엘리베이터 이용 (엘리베이터),1. [1F] 대합실 이동 | 2. [1F] 표 내는곳 통과 | 3. [1F] 송내 방면 승강장으로 이동 | 4. [1F] 승차(휠체어칸) | 5. 송내 방면 엘리베이터 이용 (엘리베이터)
KR_1_0244,1호선,부개,1,출입구-승강장,3,1번 출입구 엘리베이터 → 부평 방면,1F,5,0,0,[1F] 대합실 이동 → [1F] 표 내는곳 통과 → [1F] 부평 방면 승강장으로 이동 → [1F] 승차(휠체어칸) → 부평 방면 엘리베이터 이용 (엘리베이터),1. [1F] 대합실 이동 | 2. [1F] 표 내는곳 통과 | 3. [1F] 부평 방면 승강장으로 이동 | 4. [1F] 승차(휠체어칸) | 5. 부평 방면 엘리베이터 이용 (엘리베이터)
KR_1_0244,1호선,부개,1,출입구-승강장,4,2번 출입구 엘리베이터 → 부평 방면,1F,5,0,0,[1F] 대합실 이동 → [1F] 표 내는곳 통과 → [1F] 부평 방면 승강장으로 이동 → [1F] 승차(휠체어칸) → 부평 방면 엘리베이터 이용 (엘리베이터),1. [1F] 대합실 이동 | 2. [1F] 표 내는곳 통과 | 3. [1F] 부평 방면 승강장으로 이동 | 4. [1F] 승차(휠체어칸) | 5. 부평 방면 엘리베이터 이용 (엘리베이터)
KR_1_0249,1호선,부평,1,출입구-승강장,1,1번 출입구 휠체어리프트 이용 → 부개방면 승강장 이동,,2,0,0,부개 방면 → 1번 출입구 휠체어리프트 이용 (휠체어리프트),1. 부개 방면 | 2. 1번 출입구 휠체어리프트 이용 (휠체어리프트)
KR_1_0249,1호선,부평,1,출입구-승강장,2,1번 출입구 휠체어리프트 이용 → 백운방면 승강장 이동,B1 → 1F,2,0,0,"휠치어리프트 이용 지하1층 이동(으)로 1개 층 올라가기 (B1 → 1F, 휠체어리프트) → 백운방면 휠체어 리프트 이용 지상1층 승강장 이동 이용 (휠체어리프트)","1. 휠치어리프트 이용 지하1층 이동(으)로 1개 층 올라가기 (B1 → 1F, 휠체어리프트) | 2. 백운방면 휠체어 리프트 이용 지상1층 승강장 이동 이용 (휠체어리프트)"
KR_1_0249,1호선,부평,1,출입구-승강장,3,2번 출입구 휠체어리프트 이용 → 부개방면 승강장 이동,,2,0,0,부개 방면 → 2번 출입구 휠체어리프트 이용 (휠체어리프트),1. 부개 방면 | 2. 2번 출입구 휠체어리프트 이용 (휠체어리프트)
KR_1_0249,1호선,부평,1,출입구-승강장,4,2번 출입구 휠체어리프트 이용 → 백운방면 승강장 이동,B1 → 1F,2,0,0,"휠치어리프트 이용 지하1층 이동(으)로 1개 층 올라가기 (B1 → 1F, 휠체어리프트) → 백운방면 휠체어 리프트 이용 지상1층 승강장 이동 이용 (휠체어리프트)","1. 휠치어리프트 이용 지하1층 이동(으)로 1개 층 올라가기 (B1 → 1F, 휠체어리프트) | 2. 백운방면 휠체어 리프트 이용 지상1층 승강장 이동 이용 (휠체어리프트)"
KR_1_0249,1호선,부평,3,환승,1,1호선 주안 방면 승강장 → 인천1호선 동수 방면,B1 → B4,4,1,0,"[B1] 지하1층 이동 → [B1] 환승통로 이용 → 5번출입구 근처 동수방면 엘리베이터(으)로 3개 층 내려가기 (B1 → B4, 엘리베이터) → [B4] 지하4층 승강장 이동","1. [B1] 지하1층 이동 | 2. [B1] 환승통로 이용 | 3. 5번출입구 근처 동수방면 엘리베이터(으)로 3개 층 내려가기 (B1 → B4, 엘리베이터) | 4. [B4] 지하4층 승강장 이동"
KR_1_0249,1호선,부평,3,환승,2,1호선 주안 방면 승강장 → 인천1호선 부평시장 방면,B1 → B4,4,1,0,"[B1] 지하1층 이동 → [B1] 환승통로 이용 → 5번출입구 근처 부평시장방면 엘리베이터(으)로 3개 층 내려가기 (B1 → B4, 엘리베이터) → [B4] 지하4층 승강장 이동","1. [B1] 지하1층 이동 | 2. [B1] 환승통로 이용 | 3. 5번출입구 근처 부평시장방면 엘리베이터(으)로 3개 층 내려가기 (B1 → B4, 엘리베이터) | 4. [B4] 지하4층 승강장 이동"
KR_1_0249,1호선,부평,3,환승,3,1호선 부개 방면 승강장 → 인천1호선 동수 방면,B1 → B4,4,1,0,"[B1] 지하1층 이동 → [B1] 환승통로 이용 → 5번출입구 근처 동수방면 엘리베이터(으)로 3개 층 내려가기 (B1 → B4, 엘리베이터) → [B4] 지하4층 승강장 이동","1. [B1] 지하1층 이동 | 2. [B1] 환승통로 이용 | 3. 5번출입구 근처 동수방면 엘리베이터(으)로 3개 층 내려가기 (B1 → B4, 엘리베이터) | 4. [B4] 지하4층 승강장 이동"
KR_1_0249,1호선,부평,3,환승,4,1호선 부개 방면 승강장 → 인천1호선 부평시장 방면,B1 → B4,4,1,0,"[B1] 지하1층 이동 → [B1] 환승통로 이용 → 5번출입구 근처 부평시장방면 엘리베이터(으)로 3개 층 내려가기 (B1 → B4, 엘리베이터) → [B4] 지하4층 승강장 이동","1. [B1] 지하1층 이동 | 2. [B1] 환승통로 이용 | 3. 5번출입구 근처 부평시장방면 엘리베이터(으)로 3개 층 내려가기 (B1 → B4, 엘리베이터) | 4. [B4] 지하4층 승강장 이동"
KR_1_0226,1호선,백운,1,출입구-승강장,1,1번 출입구 엘리베이터 → 부평 방면,1F → 2F → 1F,5,0,0,[1F] 1번 출입구 지상1층 엘리베이터 → [2F] 1번 출입구 지상2층 엘리베이터 → [2F] 부평방면 지상2층 엘리베이터 → [1F] 부평방면 지상1층 승강장 엘리베이터 → [1F] 부평방면 승강장,1. [1F] 1번 출입구 지상1층 엘리베이터 | 2. [2F] 1번 출입구 지상2층 엘리베이터 | 3. [2F] 부평방면 지상2층 엘리베이터 | 4. [1F] 부평방면 지상1층 승강장 엘리베이터 | 5. [1F] 부평방면 승강장
KR_1_0226,1호선,백운,1,출입구-승강장,2,2번 출입구 엘리베이터 → 부평 방면,1F → 2F → 1F,5,0,0,[1F] 2번 출입구 지상1층 엘리베이터 → [2F] 2번 출입구 지상2층 엘리베이터 → [2F] 부평방면 지상2층 엘리베이터 → [1F] 부평방면 지상1층 승강장 엘리베이터 → [1F] 부평방면 승강장,1. [1F] 2번 출입구 지상1층 엘리베이터 | 2. [2F] 2번 출입구 지상2층 엘리베이터 | 3. [2F] 부평방면 지상2층 엘리베이터 | 4. [1F] 부평방면 지상1층 승강장 엘리베이터 | 5. [1F] 부평방면 승강장
KR_1_0226,1호선,백운,1,출입구-승강장,3,1번 출입구 엘리베이터 → 동암 방면,1F → 2F → 1F,5,0,0,[1F] 1번 출입구 지상1층 엘리베이터 → [2F] 1번 출입구 지상2층 엘리베이터 → [2F] 동암방면 지상2층 엘리베이터 → [1F] 동암방면 지상1층 승강장 엘리베이터 → [1F] 동암방면 승강장,1. [1F] 1번 출입구 지상1층 엘리베이터 | 2. [2F] 1번 출입구 지상2층 엘리베이터 | 3. [2F] 동암방면 지상2층 엘리베이터 | 4. [1F] 동암방면 지상1층 승강장 엘리베이터 | 5. [1F] 동암방면 승강장
KR_1_0226,1호선,백운,1,출입구-승강장,4,2번 출입구 엘리베이터 → 동암 방면,1F → 2F → 1F,5,0,0,[1F] 2번 출입구 지상1층 엘리베이터 → [2F] 2번 출입구 지상2층 엘리베이터 → [2F] 동암방면 지상2층 엘리베이터 → [1F] 동암방면 지상1층 승강장 엘리베이터 → [1F] 동암방면 승강장,1. [1F] 2번 출입구 지상1층 엘리베이터 | 2. [2F] 2번 출입구 지상2층 엘리베이터 | 3. [2F] 동암방면 지상2층 엘리베이터 | 4. [1F] 동암방면 지상1층 승강장 엘리베이터 | 5. [1F] 동암방면 승강장
KR_1_0164,1호선,동암,1,출입구-승강장,1,1번 출입구 엘리베이터 → 백운 방면,1F → B1 → 1F,6,0,0,[1F] 1번 출입구 지상1층 엘리베이터 → [B1] 1번 출입구 지하1층 엘리베이터 → [B1] 개집표기 통과 → [B1] 백운방면 지하1층 엘리베이터 → [1F] 백운방면 지상1층 승강장 엘리베이터 → [1F] 백운방면 승강장,1. [1F] 1번 출입구 지상1층 엘리베이터 | 2. [B1] 1번 출입구 지하1층 엘리베이터 | 3. [B1] 개집표기 통과 | 4. [B1] 백운방면 지하1층 엘리베이터 | 5. [1F] 백운방면 지상1층 승강장 엘리베이터 | 6. [1F] 백운방면 승강장
KR_1_0164,1호선,동암,1,출입구-승강장,2,2번 출입구 엘리베이터 → 백운 방면,1F → B1 → 1F,6,0,0,[1F] 2번 출입구 지상1층 엘리베이터 → [B1] 2번 출입구 지하1층 엘리베이터 → [B1] 개집표기 통과 → [B1] 백운방면 지하1층 엘리베이터 → [1F] 백운방면 지상1층 승강장 엘리베이터 → [1F] 백운방면 승강장,1. [1F] 2번 출입구 지상1층 엘리베이터 | 2. [B1] 2번 출입구 지하1층 엘리베이터 | 3. [B1] 개집표기 통과 | 4. [B1] 백운방면 지하1층 엘리베이터 | 5. [1F] 백운방면 지상1층 승강장 엘리베이터 | 6. [1F] 백운방면 승강장
KR_1_0164,1호선,동암,1,출입구-승강장,3,1번 출입구 엘리베이터 → 간석 방면,1F → B1 → 1F,6,0,0,[1F] 1번 출입구 지상1층 엘리베이터 → [B1] 1번 출입구 지하1층 엘리베이터 → [B1] 개집표기 통과 → [B1] 간석방면 지하1층 엘리베이터 → [1F] 간석방면 지상1층 승강장 엘리베이터 → [1F] 간석방면 승강장,1. [1F] 1번 출입구 지상1층 엘리베이터 | 2. [B1] 1번 출입구 지하1층 엘리베이터 | 3. [B1] 개집표기 통과 | 4. [B1] 간석방면 지하1층 엘리베이터 | 5. [1F] 간석방면 지상1층 승강장 엘리베이터 | 6. [1F] 간석방면 승강장
KR_1_0164,1호선,동암,1,출입구-승강장,4,2번 출입구 엘리베이터 → 간석 방면,1F → B1 → 1F,6,0,0,[1F] 2번 출입구 지상1층 엘리베이터 → [B1] 2번 출입구 지하1층 엘리베이터 → [B1] 개집표기 통과 → [B1] 간석방면 지하1층 엘리베이터 → [1F] 간석방면 지상1층 승강장 엘리베이터 → [1F] 간석방면 승강장,1. [1F] 2번 출입구 지상1층 엘리베이터 | 2. [B1] 2번 출입구 지하1층 엘리베이터 | 3. [B1] 개집표기 통과 | 4. [B1] 간석방면 지하1층 엘리베이터 | 5. [1F] 간석방면 지상1층 승강장 엘리베이터 | 6. [1F] 간석방면 승강장
KR_1_0013,1호선,간석,1,출입구-승강장,1,1번 출입구 엘리베이터 → 동암 방면,1F → 2F → 1F,6,0,0,[1F] 1번 출입구 지상1층 엘리베이터 → [2F] 1번 출입구 지상2층 엘리베이터 → [2F] 개집표기 통과 → [2F] 동암방면 지상2층 엘리베이터 → [1F] 동암방면 지상1층 승강장 엘리베이터 → [1F] 동암방면 승강장,1. [1F] 1번 출입구 지상1층 엘리베이터 | 2. [2F] 1번 출입구 지상2층 엘리베이터 | 3. [2F] 개집표기 통과 | 4. [2F] 동암방면 지상2층 엘리베이터 | 5. [1F] 동암방면 지상1층 승강장 엘리베이터 | 6. [1F] 동암방면 승강장
KR_1_0013,1호선,간석,1,출입구-승강장,2,2번 출입구 엘리베이터 → 동암 방면,1F → 2F → 1F,6,0,0,[1F] 2번 출입구 지상1층 엘리베이터 → [2F] 2번 출입구 지상2층 엘리베이터 → [2F] 개집표기 통과 → [2F] 동암방면 지상2층 엘리베이터 → [1F] 동암방면 지상1층 승강장 엘리베이터 → [1F] 동암방면 승강장,1. [1F] 2번 출입구 지상1층 엘리베이터 | 2. [2F] 2번 출입구 지상2층 엘리베이터 | 3. [2F] 개집표기 통과 | 4. [2F] 동암방면 지상2층 엘리베이터 | 5. [1F] 동암방면 지상1층 승강장 엘리베이터 | 6. [1F] 동암방면 승강장
KR_1_0013,1호선,간석,1,출입구-승강장,3,1번 출입구 엘리베이터 → 주안 방면,1F → 2F → 1F,6,0,0,[1F] 1번 출입구 지상1층 엘리베이터 → [2F] 1번 출입구 지상2층 엘리베이터 → [2F] 개집표기 통과 → [2F] 주안방면 지상2층 엘리베이터 → [1F] 주안방면 지상1층 승강장 엘리베이터 → [1F] 주안방면 승강장,1. [1F] 1번 출입구 지상1층 엘리베이터 | 2. [2F] 1번 출입구 지상2층 엘리베이터 | 3. [2F] 개집표기 통과 | 4. [2F] 주안방면 지상2층 엘리베이터 | 5. [1F] 주안방면 지상1층 승강장 엘리베이터 | 6. [1F] 주안방면 승강장
KR_1_0013,1호선,간석,1,출입구-승강장,4,2번 출입구 엘리베이터 → 주안 방면,1F → 2F → 1F,6,0,0,[1F] 2번 출입구 지상1층 엘리베이터 → [2F] 2번 출입구 지상2층 엘리베이터 → [2F] 개집표기 통과 → [2F] 주안방면 지상2층 엘리베이터 → [1F] 주안방면 지상1층 승강장 엘리베이터 → [1F] 주안방면 승강장,1. [1F] 2번 출입구 지상1층 엘리베이터 | 2. [2F] 2번 출입구 지상2층 엘리베이터 | 3. [2F] 개집표기 통과 | 4. [2F] 주안방면 지상2층 엘리베이터 | 5. [1F] 주안방면 지상1층 승강장 엘리베이터 | 6. [1F] 주안방면 승강장
KR_1_0519,1호선,주안,1,출입구-승강장,1,2번 출입구 엘리베이터 → 도화 방면,1F → 2F → 1F,6,0,0,[1F] 2번 출입구 지상1층 엘리베이터 → [2F] 2번 출입구 지상2층 엘리베이터 → [2F] 개집표기 통과 → [2F] 도화방면 지상2층 엘리베이터 → [1F] 도화방면 지상1층 승강장 엘리베이터 → [1F] 도화방면 승강장,1. [1F] 2번 출입구 지상1층 엘리베이터 | 2. [2F] 2번 출입구 지상2층 엘리베이터 | 3. [2F] 개집표기 통과 | 4. [2F] 도화방면 지상2층 엘리베이터 | 5. [1F] 도화방면 지상1층 승강장 엘리베이터 | 6. [1F] 도화방면 승강장
KR_1_0519,1호선,주안,1,출입구-승강장,2,4번 출입구 엘리베이터 → 도화 방면,1F → 2F → 1F,6,0,0,[1F] 4번 출입구 지상1층 엘리베이터 → [2F] 4번 출입구 지상2층 엘리베이터 → [2F] 개집표기 통과 → [2F] 도화방면 지상2층 엘리베이터 → [1F] 도화방면 지상1층 승강장 엘리베이터 → [1F] 도화방면 승강장,1. [1F] 4번 출입구 지상1층 엘리베이터 | 2. [2F] 4번 출입구 지상2층 엘리베이터 | 3. [2F] 개집표기 통과 | 4. [2F] 도화방면 지상2층 엘리베이터 | 5. [1F] 도화방면 지상1층 승강장 엘리베이터 | 6. [1F] 도화방면 승강장
KR_1_0519,1호선,주안,1,출입구-승강장,3,5번 출입구 엘리베이터 → 간석 방면,1F → B1 → 1F,6,0,0,[1F] 5번 출입구 지상1층 엘리베이터 → [B1] 5번 출입구 지하1층 엘리베이터 → [B1] 개집표기 통과 → [B1] 간석방면 지하1층 엘리베이터 → [1F] 간석방면 지상1층 승강장 엘리베이터 → [1F] 간석방면 승강장,1. [1F] 5번 출입구 지상1층 엘리베이터 | 2. [B1] 5번 출입구 지하1층 엘리베이터 | 3. [B1] 개집표기 통과 | 4. [B1] 간석방면 지하1층 엘리베이터 | 5. [1F] 간석방면 지상1층 승강장 엘리베이터 | 6. [1F] 간석방면 승강장
KR_1_0519,1호선,주안,1,출입구-승강장,4,2번 출입구 엘리베이터 → 간석 방면,1F → 2F → 1F,6,0,0,[1F] 2번 출입구 지상1층 엘리베이터 → [1F] 2번 출입구 지상2충 엘리베이터 → [1F] 개집표기 통과 → [2F] 간석방면 지상2층 엘리베이터 → [1F] 간석방면 지상1층 승강장 엘리베이터 → [1F] 간석방면 승강장,1. [1F] 2번 출입구 지상1층 엘리베이터 | 2. [1F] 2번 출입구 지상2충 엘리베이터 | 3. [1F] 개집표기 통과 | 4. [2F] 간석방면 지상2층 엘리베이터 | 5. [1F] 간석방면 지상1층 승강장 엘리베이터 | 6. [1F] 간석방면 승강장
KR_1_0519,1호선,주안,1,출입구-승강장,5,4번 출입구 엘리베이터 → 간석 방면,1F → 2F → 1F,6,0,0,[1F] 4번 출입구 지상1층 엘리베이터 → [2F] 4번 출입구 지상2층 엘리베이터 → [2F] 개집표기 통과 → [2F] 간석방면 지상2층 엘리베이터 → [1F] 간석방면 지상1층 승강장 엘리베이터 → [1F] 간석방면 승강장,1. [1F] 4번 출입구 지상1층 엘리베이터 | 2. [2F] 4번 출입구 지상2층 엘리베이터 | 3. [2F] 개집표기 통과 | 4. [2F] 간석방면 지상2층 엘리베이터 | 5. [1F] 간석방면 지상1층 승강장 엘리베이터 | 6. [1F] 간석방면 승강장
KR_1_0519,1호선,주안,1,출입구-승강장,6,5번 출입구 엘리베이터 → 도화 방면,1F → B1 → 1F,6,0,0,[1F] 5번 출입구 지상1층 엘리베이터 → [B1] 5번 출입구 지하1층 엘리베이터 → [B1] 개집표기 통과 → [B1] 도화방면 지하1층 엘리베이터 → [1F] 도화방면 지상1층 승강장 엘리베이터 → [1F] 도화방면 승강장,1. [1F] 5번 출입구 지상1층 엘리베이터 | 2. [B1] 5번 출입구 지하1층 엘리베이터 | 3. [B1] 개집표기 통과 | 4. [B1] 도화방면 지하1층 엘리베이터 | 5. [1F] 도화방면 지상1층 승강장 엘리베이터 | 6. [1F] 도화방면 승강장
KR_1_0519,1호선,주안,3,환승,1,도화방면 승강장 → 시민공원방면 승강장,1F → B1 → B3,6,0,0,도화방면 승강장 → [1F] 도화방면 지상1층 승강장 엘리베이터 → [B1] 도화방면 지하1층 엘리베이터 → [B1] 시민공원방면 지하1층 엘리베이터 → [B3] 시민공원방면 지하3층 승강장 엘리베이터 → [B3] 시민공원방면 승강장,1. 도화방면 승강장 | 2. [1F] 도화방면 지상1층 승강장 엘리베이터 | 3. [B1] 도화방면 지하1층 엘리베이터 | 4. [B1] 시민공원방면 지하1층 엘리베이터 | 5. [B3] 시민공원방면 지하3층 승강장 엘리베이터 | 6. [B3] 시민공원방면 승강장
KR_1_0519,1호선,주안,3,환승,2,도화방면 승강장 → 주안국가산단방면 승강장,1F → B1 → B2 → B3,8,0,0,도화방면 승강장 → [1F] 도화방면 지상1층 상강장 엘리베이터 → [B1] 도화방면 지하1층 엘리베이터 → [B1] 주안국가산단방면 지하1층 엘리베이터 → [B2] 주안국가산단방면 지하2층엘리베이터 → [B2] 주안국가산단방면 지하2층 승강장 엘리베이터 → [B3] 주안국가산단방면 지하3층 승강장 엘리베이터 → [B3] 주안국가산단방면 승강장,1. 도화방면 승강장 | 2. [1F] 도화방면 지상1층 상강장 엘리베이터 | 3. [B1] 도화방면 지하1층 엘리베이터 | 4. [B1] 주안국가산단방면 지하1층 엘리베이터 | 5. [B2] 주안국가산단방면 지하2층엘리베이터 | 6. [B2] 주안국가산단방면 지하2층 승강장 엘리베이터 | 7. [B3] 주안국가산단방면 지하3층 승강장 엘리베이터 | 8. [B3] 주안국가산단방면 승강장
KR_1_0519,1호선,주안,3,환승,3,간석방면 승강장 → 시민공원방면 승강장,1F → B1 → B3,6,0,0,간석방면 승강장 → [1F] 간석방면 지상1층 승강장 엘리베이터 → [B1] 간석방면 지하1층 엘리베이터 → [B1] 시민공원방면 지하1층 엘리베이터 → [B3] 시민공원방면 지하3층 승강장 엘리베이터 → [B3] 시민공원방면 승강장,1. 간석방면 승강장 | 2. [1F] 간석방면 지상1층 승강장 엘리베이터 | 3. [B1] 간석방면 지하1층 엘리베이터 | 4. [B1] 시민공원방면 지하1층 엘리베이터 | 5. [B3] 시민공원방면 지하3층 승강장 엘리베이터 | 6. [B3] 시민공원방면 승강장
KR_1_0519,1호선,주안,3,환승,4,간석방면 승강장 → 주안국가산단방면 승강장,1F → B1 → B2 → B3,8,0,0,간석방면 승강장 → [1F] 간석방면 지상1층 상강장 엘리베이터 → [B1] 간석방면 지하1층 엘리베이터 → [B1] 주안국가산단방면 지하1층 엘리베이터 → [B2] 주안국가산단방면 지하2층엘리베이터 → [B2] 주안국가산단방면 지하2층 승강장 엘리베이터 → [B3] 주안국가산단방면 지하3층 승강장 엘리베이터 → [B3] 주안국가산단방면 승강장,1. 간석방면 승강장 | 2. [1F] 간석방면 지상1층 상강장 엘리베이터 | 3. [B1] 간석방면 지하1층 엘리베이터 | 4. [B1] 주안국가산단방면 지하1층 엘리베이터 | 5. [B2] 주안국가산단방면 지하2층엘리베이터 | 6. [B2] 주안국가산단방면 지하2층 승강장 엘리베이터 | 7. [B3] 주안국가산단방면 지하3층 승강장 엘리베이터 | 8. [B3] 주안국가산단방면 승강장
KR_1_0149,1호선,도화,1,출입구-승강장,1,2번 출입구 엘리베이터 → 주안 방면,1F → 2F → 1F,5,0,0,[1F] 2번 출입구 지상1층 엘리베이터 → [2F] 2번 출입구 지상2층 엘리베이터 → [2F] 주안방면 지상2층 엘리베이터 → [1F] 주안방면 지상1층 승강장 엘리베이터 → [1F] 주안방면 승강장,1. [1F] 2번 출입구 지상1층 엘리베이터 | 2. [2F] 2번 출입구 지상2층 엘리베이터 | 3. [2F] 주안방면 지상2층 엘리베이터 | 4. [1F] 주안방면 지상1층 승강장 엘리베이터 | 5. [1F] 주안방면 승강장
KR_1_0149,1호선,도화,1,출입구-승강장,2,3/4번 출입구 사이 엘리베이터 → 주안 방면,1F → 2F → 1F,5,0,0,[1F] 3번/4번 출입구 사이 지상1층 엘리베이터 → [2F] 3번/4번 출입구 사이 지상2층 엘리베이터 → [2F] 주안방면 지상2층 엘리베이터 → [1F] 주안방면 지상1층 승강장 엘리베이터 → [1F] 주안방면 승강장,1. [1F] 3번/4번 출입구 사이 지상1층 엘리베이터 | 2. [2F] 3번/4번 출입구 사이 지상2층 엘리베이터 | 3. [2F] 주안방면 지상2층 엘리베이터 | 4. [1F] 주안방면 지상1층 승강장 엘리베이터 | 5. [1F] 주안방면 승강장
KR_1_0149,1호선,도화,1,출입구-승강장,3,2번 출입구 엘리베이터 → 제물포 방면,1F → 2F → 1F,5,0,0,[1F] 2번 출입구 지상1층 엘리베이터 → [2F] 2번 출입구 지상2층 엘리베이터 → [2F] 제물포방면 지상2층 엘리베이터 → [1F] 제물포방면 지상1층 승강장 엘리베이터 → [1F] 제물포방면 승강장,1. [1F] 2번 출입구 지상1층 엘리베이터 | 2. [2F] 2번 출입구 지상2층 엘리베이터 | 3. [2F] 제물포방면 지상2층 엘리베이터 | 4. [1F] 제물포방면 지상1층 승강장 엘리베이터 | 5. [1F] 제물포방면 승강장
KR_1_0513,1호선,제물포,1,출입구-승강장,1,1번 출입구 엘리베이터 → 도화 방면,1F → 2F → 1F,6,0,0,[1F] 1번 출입구 지상1층 엘리베이터 → [2F] 1번 출입구 지상2층 엘리베이터 → [2F] 개집표기 통과 → [2F] 도화방면 지상2층 엘리베이터 → [1F] 도화방면 지상1층 승강장 엘리베이터 → [1F] 도화방면 승강장,1. [1F] 1번 출입구 지상1층 엘리베이터 | 2. [2F] 1번 출입구 지상2층 엘리베이터 | 3. [2F] 개집표기 통과 | 4. [2F] 도화방면 지상2층 엘리베이터 | 5. [1F] 도화방면 지상1층 승강장 엘리베이터 | 6. [1F] 도화방면 승강장
KR_1_0513,1호선,제물포,1,출입구-승강장,2,2번 출입구 엘리베이터 → 도화 방면,1F → 2F → 1F,6,0,0,[1F] 2번 출입구 지상1층 엘리베이터 → [2F] 2번 출입구 지상2층 엘리베이터 → [2F] 개집표기 통과 → [2F] 도화방면 지상2층 엘리베이터 → [1F] 도화방면 지상1층 승강장 엘리베이터 → [1F] 도화방면 승강장,1. [1F] 2번 출입구 지상1층 엘리베이터 | 2. [2F] 2번 출입구 지상2층 엘리베이터 | 3. [2F] 개집표기 통과 | 4. [2F] 도화방면 지상2층 엘리베이터 | 5. [1F] 도화방면 지상1층 승강장 엘리베이터 | 6. [1F] 도화방면 승강장
KR_1_0513,1호선,제물포,1,출입구-승강장,3,1번 출입구 엘리베이터 → 도원 방면,1F → 2F → 1F,6,0,0,[1F] 1번 출입구 지상1층 엘리베이터 → [2F] 1번 출입구 지상2층 엘리베이터 → [2F] 개집표기 통과 → [2F] 도원방면 지상2층 엘리베이터 → [1F] 도원방면 지상1층 승강장 엘리베이터 → [1F] 도원방면 승강장,1. [1F] 1번 출입구 지상1층 엘리베이터 | 2. [2F] 1번 출입구 지상2층 엘리베이터 | 3. [2F] 개집표기 통과 | 4. [2F] 도원방면 지상2층 엘리베이터 | 5. [1F] 도원방면 지상1층 승강장 엘리베이터 | 6. [1F] 도원방면 승강장
KR_1_0513,1호선,제물포,1,출입구-승강장,4,2번 출입구 엘리베이터 → 도원 방면,1F → 2F → 1F,6,0,0,[1F] 2번 출입구 지상1층 엘리베이터 → [2F] 2번 출입구 지상2층 엘리베이터 → [2F] 개집표기 통과 → [2F] 도원방면 지상2층 엘리베이터 → [1F] 도원방면 지상1층 승강장 엘리베이터 → [1F] 도원방면 승강장,1. [1F] 2번 출입구 지상1층 엘리베이터 | 2. [2F] 2번 출입구 지상2층 엘리베이터 | 3. [2F] 개집표기 통과 | 4. [2F] 도원방면 지상2층 엘리베이터 | 5. [1F] 도원방면 지상1층 승강장 엘리베이터 | 6. [1F] 도원방면 승강장
KR_1_0148,1호선,도원,1,출입구-승강장,1,1번 출입구 → 제물포 방면,2F → 1F,4,0,0,1번 출입구 → [2F] 제물포방면 지상2층 엘리베이터 → [1F] 제물포방면 지상1층 승강장 엘리베이터 → [1F] 제물포방면 승강장,1. 1번 출입구 | 2. [2F] 제물포방면 지상2층 엘리베이터 | 3. [1F] 제물포방면 지상1층 승강장 엘리베이터 | 4. [1F] 제물포방면 승강장
KR_1_0148,1호선,도원,1,출입구-승강장,2,2번 출입구 → 제물포 방면,2F → 1F,4,0,0,2번 출입구 → [2F] 제물포방면 지상2층 엘리베이터 → [1F] 제물포방면 지상1층 승강장 엘리베이터 → [1F] 제물포방면 승강장,1. 2번 출입구 | 2. [2F] 제물포방면 지상2층 엘리베이터 | 3. [1F] 제물포방면 지상1층 승강장 엘리베이터 | 4. [1F] 제물포방면 승강장
KR_1_0148,1호선,도원,1,출입구-승강장,3,3번 출입구 → 제물포 방면,2F → 1F,4,0,0,3번 출입구 → [2F] 제물포방면 지상2층 엘리베이터 → [1F] 제물포방면 지상1층 승강장 엘리베이터 → [1F] 제물포방면 승강장,1. 3번 출입구 | 2. [2F] 제물포방면 지상2층 엘리베이터 | 3. [1F] 제물포방면 지상1층 승강장 엘리베이터 | 4. [1F] 제물포방면 승강장
KR_1_0148,1호선,도원,1,출입구-승강장,4,1번 출입구 → 동인천 방면,2F → 1F,4,0,0,1번 출입구 → [2F] 동인천방면 지상2층 엘리베이터 → [1F] 동인천방면 지상1층 승강장 엘리베이터 → [1F] 동인천방면 승강장,1. 1번 출입구 | 2. [2F] 동인천방면 지상2층 엘리베이터 | 3. [1F] 동인천방면 지상1층 승강장 엘리베이터 | 4. [1F] 동인천방면 승강장
KR_1_0148,1호선,도원,1,출입구-승강장,5,2번 출입구 → 동인천 방면,2F → 1F,4,0,0,2번 출입구 → [2F] 동인천방면 지상2층 엘리베이터 → [1F] 동인천방면 지상1층 승강장 엘리베이터 → [1F] 동인천방면 승강장,1. 2번 출입구 | 2. [2F] 동인천방면 지상2층 엘리베이터 | 3. [1F] 동인천방면 지상1층 승강장 엘리베이터 | 4. [1F] 동인천방면 승강장
KR_1_0148,1호선,도원,1,출입구-승강장,6,3번 출입구 → 동인천 방면,2F → 1F,4,0,0,3번 출입구 → [2F] 동인천방면 지상2층 엘리베이터 → [1F] 동인천방면 지상1층 승강장 엘리베이터 → [1F] 동인천방면 승강장,1. 3번 출입구 | 2. [2F] 동인천방면 지상2층 엘리베이터 | 3. [1F] 동인천방면 지상1층 승강장 엘리베이터 | 4. [1F] 동인천방면 승강장
KR_1_0166,1호선,동인천,1,출입구-승강장,1,1번 출입구 → 도원 방면,1F → 2F → 1F,7,0,0,1번 출입구 → 개집표기 통과 → [1F] 지상1층 엘리베이터 → [2F] 지상2층 엘리베이터 → [2F] 도원방면 지상2층 엘리베이터 → [1F] 도원방면 지상1층 승강장 엘리베이터 → [1F] 도원방면 승강장,1. 1번 출입구 | 2. 개집표기 통과 | 3. [1F] 지상1층 엘리베이터 | 4. [2F] 지상2층 엘리베이터 | 5. [2F] 도원방면 지상2층 엘리베이터 | 6. [1F] 도원방면 지상1층 승강장 엘리베이터 | 7. [1F] 도원방면 승강장
KR_1_0166,1호선,동인천,1,출입구-승강장,2,1번 출입구 → 인천 방면,1F → 2F → 1F,7,0,0,1번 출입구 → 개집표기 통과 → [1F] 지상1층 엘리베이터 → [2F] 지상2층 엘리베이터 → [2F] 인천방면 지상2층 엘리베이터 → [1F] 인천방면 지상1층 승강장 엘리베이터 → [1F] 인천방면 승강장,1. 1번 출입구 | 2. 개집표기 통과 | 3. [1F] 지상1층 엘리베이터 | 4. [2F] 지상2층 엘리베이터 | 5. [2F] 인천방면 지상2층 엘리베이터 | 6. [1F] 인천방면 지상1층 승강장 엘리베이터 | 7. [1F] 인천방면 승강장
KR_1_0481,1호선,인천,1,출입구-승강장,1,1번 출입구 → 동인천 방면,,3,0,0,1번 출입구 → 개집표기 통과 → 동인천방면 승강장,1. 1번 출입구 | 2. 개집표기 통과 | 3. 동인천방면 승강장
KR_1_0481,1호선,인천,1,출입구-승강장,2,3번 출입구 엘리베이터 → 동인천 방면,1F → B1 → 1F,6,0,0,[1F] 3번 출입구 지상1층 엘리베이터 → [B1] 3번 출입구 지하1층 엘리베이터 → [B1] 개집표기 통과 → [B1] 동인천방면 지하1층 엘리베이터 → [1F] 동인천방면 지상1층 승강장 엘리베이터 → [1F] 동인천방면 승강장,1. [1F] 3번 출입구 지상1층 엘리베이터 | 2. [B1] 3번 출입구 지하1층 엘리베이터 | 3. [B1] 개집표기 통과 | 4. [B1] 동인천방면 지하1층 엘리베이터 | 5. [1F] 동인천방면 지상1층 승강장 엘리베이터 | 6. [1F] 동인천방면 승강장
KR_1_0481,1호선,인천,3,환승,1,동인천방면 승강장 → 신포방면 승강장,1F → B1 → B3,6,0,0,동인천방면 승강장 → [1F] 동인천방면 지상1층 승강장 엘리베이터 → [B1] 동인천방면 지하1층 엘리베이터 → [B1] 신포방면 지하1층 엘리베이터 → [B3] 신포방면 지하3층 승강장 엘리베이터 → [B3] 신포방면 승강장,1. 동인천방면 승강장 | 2. [1F] 동인천방면 지상1층 승강장 엘리베이터 | 3. [B1] 동인천방면 지하1층 엘리베이터 | 4. [B1] 신포방면 지하1층 엘리베이터 | 5. [B3] 신포방면 지하3층 승강장 엘리베이터 | 6. [B3] 신포방면 승강장
KR_1_0004,1호선,가산디지털단지,1,출입구-승강장,1,7번 출입구 근처 엘리베이터 → 1호선 독산 방면,2F → 1F,3,1,0,"[2F] 지상2층 이동후 개집표기 통과 → 7번 출입구 근처 엘리베이터(으)로 1개 층 내려가기 (2F → 1F, 엘리베이터) → 독산방면 엘리베이터 탑승 후 지상1층 승강장 이동 이용 (엘리베이터)","1. [2F] 지상2층 이동후 개집표기 통과 | 2. 7번 출입구 근처 엘리베이터(으)로 1개 층 내려가기 (2F → 1F, 엘리베이터) | 3. 독산방면 엘리베이터 탑승 후 지상1층 승강장 이동 이용 (엘리베이터)"
KR_1_0004,1호선,가산디지털단지,1,출입구-승강장,2,7번 출입구 근처 엘리베이터 → 1호선 구로 방면,2F → 1F,3,1,0,"[2F] 지상2층 이동후 개집표기 통과 → 7번 출입구 근처 엘리베이터(으)로 1개 층 내려가기 (2F → 1F, 엘리베이터) → 구로방면 엘리베이터 탑승 후 지상1층 승강장 이동 이용 (엘리베이터)","1. [2F] 지상2층 이동후 개집표기 통과 | 2. 7번 출입구 근처 엘리베이터(으)로 1개 층 내려가기 (2F → 1F, 엘리베이터) | 3. 구로방면 엘리베이터 탑승 후 지상1층 승강장 이동 이용 (엘리베이터)"
KR_1_0004,1호선,가산디지털단지,1,출입구-승강장,3,1번 출입구 근처 엘리베이터 → 1호선 독산 방면,2F → 1F,3,1,0,"[2F] 지상2층 이동후 개집표기 통과 → 1번 출입구 근처 엘리베이터(으)로 1개 층 내려가기 (2F → 1F, 엘리베이터) → 독산방면 엘리베이터 탑승 후 지상1층 승강장 이동 이용 (엘리베이터)","1. [2F] 지상2층 이동후 개집표기 통과 | 2. 1번 출입구 근처 엘리베이터(으)로 1개 층 내려가기 (2F → 1F, 엘리베이터) | 3. 독산방면 엘리베이터 탑승 후 지상1층 승강장 이동 이용 (엘리베이터)"
KR_1_0004,1호선,가산디지털단지,1,출입구-승강장,4,1번 출입구 근처 엘리베이터 → 1호선 구로 방면,2F → 1F,3,1,0,"[2F] 지상2층 이동후 개집표기 통과 → 1번 출입구 근처 엘리베이터(으)로 1개 층 내려가기 (2F → 1F, 엘리베이터) → 구로방면 엘리베이터 탑승 후 지상1층 승강장 이동 이용 (엘리베이터)","1. [2F] 지상2층 이동후 개집표기 통과 | 2. 1번 출입구 근처 엘리베이터(으)로 1개 층 내려가기 (2F → 1F, 엘리베이터) | 3. 구로방면 엘리베이터 탑승 후 지상1층 승강장 이동 이용 (엘리베이터)"
KR_1_0004,1호선,가산디지털단지,3,환승,1,1호선 독산 방면 승강장 → 7호선 철산 방면,2F → 1F → B1 → B2 → B4,6,4,0,"[2F] 지상2층 이동후 개집표기 밖으로 이동 → 6번칸 근처 엘리베이터(으)로 1개 층 내려가기 (2F → 1F, 엘리베이터) → 7번출입구 근처 엘리베이터 이용 후 지상1층으로 이동(으)로 1개 층 내려가기 (1F → B1, 엘리베이터) → 6번출입구 근처 엘리베이터 이용 후 지하1층 이동(으)로 1개 층 내려가기 (B1 → B2, 엘리베이터) → 철산방면 엘리베이터(으)로 2개 층 내려가기 (B2 → B4, 엘리베이터) → [B4] 지하4층 승강장 이동","1. [2F] 지상2층 이동후 개집표기 밖으로 이동 | 2. 6번칸 근처 엘리베이터(으)로 1개 층 내려가기 (2F → 1F, 엘리베이터) | 3. 7번출입구 근처 엘리베이터 이용 후 지상1층으로 이동(으)로 1개 층 내려가기 (1F → B1, 엘리베이터) | 4. 6번출입구 근처 엘리베이터 이용 후 지하1층 이동(으)로 1개 층 내려가기 (B1 → B2, 엘리베이터) | 5. 철산방면 엘리베이터(으)로 2개 층 내려가기 (B2 → B4, 엘리베이터) | 6. [B4] 지하4층 승강장 이동"
KR_1_0004,1호선,가산디지털단지,3,환승,2,1호선 독산 방면 승강장 → 7호선 남구로 방면,2F → 1F → B1 → B2 → B4,6,4,0,"[2F] 지상2층 이동후 개집표기 밖으로 이동 → 6번칸 근처 엘리베이터(으)로 1개 층 내려가기 (2F → 1F, 엘리베이터) → 7번출입구 근처 엘리베이터 이용 후 지상1층으로 이동(으)로 1개 층 내려가기 (1F → B1, 엘리베이터) → 6번출입구 근처 엘리베이터 이용 후 지하1층 이동(으)로 1개 층 내려가기 (B1 → B2, 엘리베이터) → 남구로방면 엘리베이터(으)로 2개 층 내려가기 (B2 → B4, 엘리베이터) → [B4] 지하4층 승강장 이동","1. [2F] 지상2층 이동후 개집표기 밖으로 이동 | 2. 6번칸 근처 엘리베이터(으)로 1개 층 내려가기 (2F → 1F, 엘리베이터) | 3. 7번출입구 근처 엘리베이터 이용 후 지상1층으로 이동(으)로 1개 층 내려가기 (1F → B1, 엘리베이터) | 4. 6번출입구 근처 엘리베이터 이용 후 지하1층 이동(으)로 1개 층 내려가기 (B1 → B2, 엘리베이터) | 5. 남구로방면 엘리베이터(으)로 2개 층 내려가기 (B2 → B4, 엘리베이터) | 6. [B4] 지하4층 승강장 이동"
KR_1_0004,1호선,가산디지털단지,3,환승,3,1호선 구로 방면 승강장 → 7호선 철산 방면,2F → 1F → B1 → B2 → B4,6,4,0,"[2F] 지상2층 이동후 개집표기 밖으로 이동 → 3번칸 근처 엘리베이터(으)로 1개 층 내려가기 (2F → 1F, 엘리베이터) → 7번출입구 근처 엘리베이터 이용 후 지상1층으로 이동(으)로 1개 층 내려가기 (1F → B1, 엘리베이터) → 6번출입구 근처 엘리베이터 이용 후 지하1층 이동(으)로 1개 층 내려가기 (B1 → B2, 엘리베이터) → 철산방면 엘리베이터(으)로 2개 층 내려가기 (B2 → B4, 엘리베이터) → [B4] 지하4층 승강장 이동","1. [2F] 지상2층 이동후 개집표기 밖으로 이동 | 2. 3번칸 근처 엘리베이터(으)로 1개 층 내려가기 (2F → 1F, 엘리베이터) | 3. 7번출입구 근처 엘리베이터 이용 후 지상1층으로 이동(으)로 1개 층 내려가기 (1F → B1, 엘리베이터) | 4. 6번출입구 근처 엘리베이터 이용 후 지하1층 이동(으)로 1개 층 내려가기 (B1 → B2, 엘리베이터) | 5. 철산방면 엘리베이터(으)로 2개 층 내려가기 (B2 → B4, 엘리베이터) | 6. [B4] 지하4층 승강장 이동"
KR_1_0004,1호선,가산디지털단지,3,환승,4,1호선 구로 방면 승강장 → 7호선 남구로 방면,2F → 1F → B1 → B2 → B4,6,4,0,"[2F] 지상2층 이동후 개집표기 밖으로 이동 → 3번칸 근처 엘리베이터(으)로 1개 층 내려가기 (2F → 1F, 엘리베이터) → 7번출입구 근처 엘리베이터 이용 후 지상1층으로 이동(으)로 1개 층 내려가기 (1F → B1, 엘리베이터) → 6번출입구 근처 엘리베이터 이용 후 지하1층 이동(으)로 1개 층 내려가기 (B1 → B2, 엘리베이터) → 남구로방면 엘리베이터(으)로 2개 층 내려가기 (B2 → B4, 엘리베이터) → [B4] 지하4층 승강장 이동","1. [2F] 지상2층 이동후 개집표기 밖으로 이동 | 2. 3번칸 근처 엘리베이터(으)로 1개 층 내려가기 (2F → 1F, 엘리베이터) | 3. 7번출입구 근처 엘리베이터 이용 후 지상1층으로 이동(으)로 1개 층 내려가기 (1F → B1, 엘리베이터) | 4. 6번출입구 근처 엘리베이터 이용 후 지하1층 이동(으)로 1개 층 내려가기 (B1 → B2, 엘리베이터) | 5. 남구로방면 엘리베이터(으)로 2개 층 내려가기 (B2 → B4, 엘리베이터) | 6. [B4] 지하4층 승강장 이동"
KR_1_0152,1호선,독산,1,출입구-승강장,1,1번 출입구 사이 엘리베이터 → 금천구청 방면,1F → 2F → 1F,6,2,0,"1번 출입구 근처 지상1층 엘리베이터(으)로 1개 층 올라가기 (1F → 2F, 엘리베이터) → [2F] 지상 2층 대합실 방면 이동 → [2F] 표 내는곳 통과 → 지상 2층 금천구청 방면 엘리베이터(으)로 1개 층 내려가기 (2F → 1F, 엘리베이터) → [1F] 지상 1층 금천구청 방면 승강장으로 이동 → [1F] 승차(휠체어칸)","1. 1번 출입구 근처 지상1층 엘리베이터(으)로 1개 층 올라가기 (1F → 2F, 엘리베이터) | 2. [2F] 지상 2층 대합실 방면 이동 | 3. [2F] 표 내는곳 통과 | 4. 지상 2층 금천구청 방면 엘리베이터(으)로 1개 층 내려가기 (2F → 1F, 엘리베이터) | 5. [1F] 지상 1층 금천구청 방면 승강장으로 이동 | 6. [1F] 승차(휠체어칸)"
KR_1_0152,1호선,독산,1,출입구-승강장,2,2번 출입구 사이 엘리베이터 → 금천구청 방면,1F → 2F → 1F,6,2,0,"2번 출입구 근처 지상1층 엘리베이터(으)로 1개 층 올라가기 (1F → 2F, 엘리베이터) → [2F] 지상 2층 대합실 방면 이동 → [2F] 표 내는곳 통과 → 지상 2층 금천구청 방면 엘리베이터(으)로 1개 층 내려가기 (2F → 1F, 엘리베이터) → [1F] 지상 1층 금천구청 방면 승강장으로 이동 → [1F] 승차(휠체어칸)","1. 2번 출입구 근처 지상1층 엘리베이터(으)로 1개 층 올라가기 (1F → 2F, 엘리베이터) | 2. [2F] 지상 2층 대합실 방면 이동 | 3. [2F] 표 내는곳 통과 | 4. 지상 2층 금천구청 방면 엘리베이터(으)로 1개 층 내려가기 (2F → 1F, 엘리베이터) | 5. [1F] 지상 1층 금천구청 방면 승강장으로 이동 | 6. [1F] 승차(휠체어칸)"
KR_1_0152,1호선,독산,1,출입구-승강장,3,1번 출입구 사이 엘리베이터 → 가산디지털단지 방면,1F → 2F → 1F,6,2,0,"1번 출입구 근처 지상1층 엘리베이터(으)로 1개 층 올라가기 (1F → 2F, 엘리베이터) → [2F] 지상 2층 대합실 방면 이동 → [2F] 표 내는곳 통과 → 지상 2층 가산디지털단지 방면 엘리베이터(으)로 1개 층 내려가기 (2F → 1F, 엘리베이터) → [1F] 지상 1층 가산디지털단지 방면 승강장으로 이동 → [1F] 승차(휠체어칸)","1. 1번 출입구 근처 지상1층 엘리베이터(으)로 1개 층 올라가기 (1F → 2F, 엘리베이터) | 2. [2F] 지상 2층 대합실 방면 이동 | 3. [2F] 표 내는곳 통과 | 4. 지상 2층 가산디지털단지 방면 엘리베이터(으)로 1개 층 내려가기 (2F → 1F, 엘리베이터) | 5. [1F] 지상 1층 가산디지털단지 방면 승강장으로 이동 | 6. [1F] 승차(휠체어칸)"
KR_1_0152,1호선,독산,1,출입구-승강장,4,2번 출입구 사이 엘리베이터 → 가산디지털단지 방면,1F → 2F → 1F,6,2,0,"2번 출입구 근처 지상1층 엘리베이터(으)로 1개 층 올라가기 (1F → 2F, 엘리베이터) → [2F] 지상 2층 대합실 방면 이동 → [2F] 표 내는곳 통과 → 지상 2층 가산디지털단지 방면 엘리베이터(으)로 1개 층 내려가기 (2F → 1F, 엘리베이터) → [1F] 지상 1층 가산디지털단지 방면 승강장으로 이동 → [1F] 승차(휠체어칸)","1. 2번 출입구 근처 지상1층 엘리베이터(으)로 1개 층 올라가기 (1F → 2F, 엘리베이터) | 2. [2F] 지상 2층 대합실 방면 이동 | 3. [2F] 표 내는곳 통과 | 4. 지상 2층 가산디지털단지 방면 엘리베이터(으)로 1개 층 내려가기 (2F → 1F, 엘리베이터) | 5. [1F] 지상 1층 가산디지털단지 방면 승강장으로 이동 | 6. [1F] 승차(휠체어칸)"
KR_1_0091,1호선,금천구청,1,출입구-승강장,1,1번 출입구 엘리베이터 → 독산 방면,1F → 2F → 3F → 1F,7,2,0,"1번 출입구 지상1층 엘리베이터(으)로 1개 층 올라가기 (1F → 2F, 엘리베이터) → [2F] 지상 2층 대합실 방면 이동 → [2F] 표 내는곳 통과 → [3F] 연결통로 독산 방면 엘리베이터로 이동 → 지상 3층 독산 방면 엘리베이터(으)로 2개 층 내려가기 (3F → 1F, 엘리베이터) → [1F] 지상 1층 독산 방면 승강장으로 이동 → [1F] 승차(휠체어칸)","1. 1번 출입구 지상1층 엘리베이터(으)로 1개 층 올라가기 (1F → 2F, 엘리베이터) | 2. [2F] 지상 2층 대합실 방면 이동 | 3. [2F] 표 내는곳 통과 | 4. [3F] 연결통로 독산 방면 엘리베이터로 이동 | 5. 지상 3층 독산 방면 엘리베이터(으)로 2개 층 내려가기 (3F → 1F, 엘리베이터) | 6. [1F] 지상 1층 독산 방면 승강장으로 이동 | 7. [1F] 승차(휠체어칸)"
KR_1_0091,1호선,금천구청,1,출입구-승강장,2,1번 출입구 엘리베이터 → 석수/광명 방면,1F → 2F → 3F → 1F,7,2,0,"1번 출입구 지상1층 엘리베이터(으)로 1개 층 올라가기 (1F → 2F, 엘리베이터) → [2F] 지상 2층 대합실 방면 이동 → [2F] 표 내는곳 통과 → [3F] 연결통로 석수/광명 방면 엘리베이터로 이동 → 지상 3층 석수/광명 방면 엘리베이터(으)로 2개 층 내려가기 (3F → 1F, 엘리베이터) → [1F] 지상 1층 석수/광명 방면 승강장으로 이동 → [1F] 승차(휠체어칸)","1. 1번 출입구 지상1층 엘리베이터(으)로 1개 층 올라가기 (1F → 2F, 엘리베이터) | 2. [2F] 지상 2층 대합실 방면 이동 | 3. [2F] 표 내는곳 통과 | 4. [3F] 연결통로 석수/광명 방면 엘리베이터로 이동 | 5. 지상 3층 석수/광명 방면 엘리베이터(으)로 2개 층 내려가기 (3F → 1F, 엘리베이터) | 6. [1F] 지상 1층 석수/광명 방면 승강장으로 이동 | 7. [1F] 승차(휠체어칸)"
KR_1_0063,1호선,광명,1,출입구-승강장,1,1번 출입구 → 금천구청 방면,1F → B2,4,0,0,1번 출입구 → [1F] 금천구청방면 지상1층 엘리베이터 → [B2] 금천구청방면 지하2층 승강장 엘리베이터 → [B2] 금천구청방면 승강장,1. 1번 출입구 | 2. [1F] 금천구청방면 지상1층 엘리베이터 | 3. [B2] 금천구청방면 지하2층 승강장 엘리베이터 | 4. [B2] 금천구청방면 승강장
KR_1_0063,1호선,광명,1,출입구-승강장,2,2번 출입구 → 금천구청 방면,1F → B1 → B2,6,0,0,2번 출입구 → [1F] 2번 출입구 지상1층 엘리베이터 → [B1] 2번 출입구 지하1층 엘리베이터 → [B1] 금천구청방면 지하1층 엘리베이터 → [B2] 금천구청방면 지하2층 승강장 엘리베이터 → [B2] 금천구청방면 승강장,1. 2번 출입구 | 2. [1F] 2번 출입구 지상1층 엘리베이터 | 3. [B1] 2번 출입구 지하1층 엘리베이터 | 4. [B1] 금천구청방면 지하1층 엘리베이터 | 5. [B2] 금천구청방면 지하2층 승강장 엘리베이터 | 6. [B2] 금천구청방면 승강장
KR_1_0063,1호선,광명,1,출입구-승강장,3,5번 출입구 → 금천구청 방면,1F → B1 → B2,6,0,0,5번 출입구 → [1F] 5번 출입구 지상1층 엘리베이터 → [B1] 5번 출입구 지하1층 엘리베이터 → [B1] 금천구청방면 지하1층 엘리베이터 → [B2] 금천구청방면 지하2층 승강장 엘리베이터 → [B2] 금천구청방면 승강장,1. 5번 출입구 | 2. [1F] 5번 출입구 지상1층 엘리베이터 | 3. [B1] 5번 출입구 지하1층 엘리베이터 | 4. [B1] 금천구청방면 지하1층 엘리베이터 | 5. [B2] 금천구청방면 지하2층 승강장 엘리베이터 | 6. [B2] 금천구청방면 승강장
KR_1_0063,1호선,광명,1,출입구-승강장,4,6번 출입구 → 금천구청 방면,1F → B1 → B2,6,0,0,6번 출입구 → [1F] 6번 출입구 지상1층 엘리베이터 → [B1] 6번 출입구 지하1층 엘리베이터 → [B1] 금천구청방면 지하1층 엘리베이터 → [B2] 금천구청방면 지하2층 승강장 엘리베이터 → [B2] 금천구청방면 승강장,1. 6번 출입구 | 2. [1F] 6번 출입구 지상1층 엘리베이터 | 3. [B1] 6번 출입구 지하1층 엘리베이터 | 4. [B1] 금천구청방면 지하1층 엘리베이터 | 5. [B2] 금천구청방면 지하2층 승강장 엘리베이터 | 6. [B2] 금천구청방면 승강장
KR_1_0303,1호선,석수,1,출입구-승강장,1,1번 출입구 엘리베이터 → 금천구청 방면,1F → 2F → 1F,6,0,0,[1F] 1번 출입구 지상1층 엘리베이터 → [2F] 1번 출입구 지상2층 엘리베이터 → [2F] 개집표기 통과 → [2F] 금천구청방면 지상2층 에스컬레이터 → [1F] 금천구청방면 지상1층 승강장 에스컬레이터 → [1F] 금청구청방면 승강장,1. [1F] 1번 출입구 지상1층 엘리베이터 | 2. [2F] 1번 출입구 지상2층 엘리베이터 | 3. [2F] 개집표기 통과 | 4. [2F] 금천구청방면 지상2층 에스컬레이터 | 5. [1F] 금천구청방면 지상1층 승강장 에스컬레이터 | 6. [1F] 금청구청방면 승강장
KR_1_0303,1호선,석수,1,출입구-승강장,2,2번 출입구 엘리베이터 → 금천구청 방면,1F → 2F → 1F,6,0,0,[1F] 2번 출입구 지상1층 엘리베이터 → [2F] 2번 출입구 지상2층 엘리베이터 → [2F] 개집표기 통과 → [2F] 금천구청방면 지상2층 에스컬레이터 → [1F] 금천구청방면 지상1층 승강장 에스컬레이터 → [1F] 금청구청방면 승강장,1. [1F] 2번 출입구 지상1층 엘리베이터 | 2. [2F] 2번 출입구 지상2층 엘리베이터 | 3. [2F] 개집표기 통과 | 4. [2F] 금천구청방면 지상2층 에스컬레이터 | 5. [1F] 금천구청방면 지상1층 승강장 에스컬레이터 | 6. [1F] 금청구청방면 승강장
KR_1_0303,1호선,석수,1,출입구-승강장,3,1번 출입구 엘리베이터 → 관악 방면,1F → 2F → 1F,6,0,0,[1F] 1번 출입구 지상1층 엘리베이터 → [2F] 1번 출입구 지상2층 엘리베이터 → [2F] 개집표기 통과 → [2F] 관악방면 지상2층 에스컬레이터 → [1F] 관악방면 지상1층 승강장 에스컬레이터 → [1F] 관악방면 승강장,1. [1F] 1번 출입구 지상1층 엘리베이터 | 2. [2F] 1번 출입구 지상2층 엘리베이터 | 3. [2F] 개집표기 통과 | 4. [2F] 관악방면 지상2층 에스컬레이터 | 5. [1F] 관악방면 지상1층 승강장 에스컬레이터 | 6. [1F] 관악방면 승강장
KR_1_0303,1호선,석수,1,출입구-승강장,4,2번 출입구 엘리베이터 → 관악 방면,1F → 2F → 1F,6,0,0,[1F] 2번 출입구 지상1층 엘리베이터 → [2F] 2번 출입구 지상2층 엘리베이터 → [2F] 개집표기 통과 → [2F] 관악방면 지상2층 에스컬레이터 → [1F] 관악방면 지상1층 승강장 에스컬레이터 → [1F] 관악방면 승강장,1. [1F] 2번 출입구 지상1층 엘리베이터 | 2. [2F] 2번 출입구 지상2층 엘리베이터 | 3. [2F] 개집표기 통과 | 4. [2F] 관악방면 지상2층 에스컬레이터 | 5. [1F] 관악방면 지상1층 승강장 에스컬레이터 | 6. [1F] 관악방면 승강장
KR_1_0059,1호선,관악,1,출입구-승강장,1,1번 출입구 옆 엘리베이터 → 석수 방면,1F → 2F → 1F,6,1,0,"1번 출입구 옆 엘리베이터(으)로 1개 층 올라가기 (1F → 2F, 엘리베이터) → [2F] 대합실 이동 → [2F] 표 내는곳 통과 → 석수방면 휠체어리프트(으)로 1개 층 내려가기 (2F → 1F, 휠체어리프트) → [1F] 석수 방면 승강장으로 이동 → [1F] 승차 (휠체어칸)","1. 1번 출입구 옆 엘리베이터(으)로 1개 층 올라가기 (1F → 2F, 엘리베이터) | 2. [2F] 대합실 이동 | 3. [2F] 표 내는곳 통과 | 4. 석수방면 휠체어리프트(으)로 1개 층 내려가기 (2F → 1F, 휠체어리프트) | 5. [1F] 석수 방면 승강장으로 이동 | 6. [1F] 승차 (휠체어칸)"
KR_1_0059,1호선,관악,1,출입구-승강장,2,1번 출입구 옆 엘리베이터 → 안양 방면,1F → 2F → 1F,6,2,0,"1번 출입구 옆 엘리베이터(으)로 1개 층 올라가기 (1F → 2F, 엘리베이터) → [2F] 대합실 이동 → [2F] 표 내는곳 통과 → 안양 방면 엘리베이터(2호기)(으)로 1개 층 내려가기 (2F → 1F, 엘리베이터) → [1F] 안양 방면 승강장으로 이동 → [1F] 승차 (휠체어칸)","1. 1번 출입구 옆 엘리베이터(으)로 1개 층 올라가기 (1F → 2F, 엘리베이터) | 2. [2F] 대합실 이동 | 3. [2F] 표 내는곳 통과 | 4. 안양 방면 엘리베이터(2호기)(으)로 1개 층 내려가기 (2F → 1F, 엘리베이터) | 5. [1F] 안양 방면 승강장으로 이동 | 6. [1F] 승차 (휠체어칸)"
KR_1_0059,1호선,관악,1,출입구-승강장,3,2번 출입구 옆 엘리베이터 → 석수 방면,1F → 2F → 1F,6,1,0,"2번 출입구 옆 엘리베이터(으)로 1개 층 올라가기 (1F → 2F, 엘리베이터) → [2F] 대합실 이동 → [2F] 표 내는곳 통과 → 석수방면 휠체어리프트(으)로 1개 층 내려가기 (2F → 1F, 휠체어리프트) → [1F] 석수 방면 승강장으로 이동 → [1F] 승차 (휠체어칸)","1. 2번 출입구 옆 엘리베이터(으)로 1개 층 올라가기 (1F → 2F, 엘리베이터) | 2. [2F] 대합실 이동 | 3. [2F] 표 내는곳 통과 | 4. 석수방면 휠체어리프트(으)로 1개 층 내려가기 (2F → 1F, 휠체어리프트) | 5. [1F] 석수 방면 승강장으로 이동 | 6. [1F] 승차 (휠체어칸)"
KR_1_0059,1호선,관악,1,출입구-승강장,4,2번 출입구 옆 엘리베이터 → 안양 방면,1F → 2F → 1F,6,2,0,"2번 출입구 옆 엘리베이터(으)로 1개 층 올라가기 (1F → 2F, 엘리베이터) → [2F] 대합실 이동 → [2F] 표 내는곳 통과 → 안양 방면 엘리베이터(2호기)(으)로 1개 층 내려가기 (2F → 1F, 엘리베이터) → [1F] 안양 방면 승강장으로 이동 → [1F] 승차 (휠체어칸)","1. 2번 출입구 옆 엘리베이터(으)로 1개 층 올라가기 (1F → 2F, 엘리베이터) | 2. [2F] 대합실 이동 | 3. [2F] 표 내는곳 통과 | 4. 안양 방면 엘리베이터(2호기)(으)로 1개 층 내려가기 (2F → 1F, 엘리베이터) | 5. [1F] 안양 방면 승강장으로 이동 | 6. [1F] 승차 (휠체어칸)"
KR_1_0390,1호선,안양,1,출입구-승강장,1,1번 출입구 옆 엘리베이터 → 관악 방면,1F → 2F → 1F,6,2,0,"1번 출입구 옆 엘리베이터(으)로 1개 층 올라가기 (1F → 2F, 엘리베이터) → [2F] 대합실 이동 → [2F] 표 내는곳 통과 → 관악 방면 엘리베이터(3호기)(으)로 1개 층 내려가기 (2F → 1F, 엘리베이터) → [1F] 관악 방면 승강장으로 이동 → [1F] 승차 (휠체어칸)","1. 1번 출입구 옆 엘리베이터(으)로 1개 층 올라가기 (1F → 2F, 엘리베이터) | 2. [2F] 대합실 이동 | 3. [2F] 표 내는곳 통과 | 4. 관악 방면 엘리베이터(3호기)(으)로 1개 층 내려가기 (2F → 1F, 엘리베이터) | 5. [1F] 관악 방면 승강장으로 이동 | 6. [1F] 승차 (휠체어칸)"
KR_1_0390,1호선,안양,1,출입구-승강장,2,1번 출입구 옆 엘리베이터 → 명학 방면,1F → 2F → 1F,6,2,0,"1번 출입구 옆 엘리베이터(으)로 1개 층 올라가기 (1F → 2F, 엘리베이터) → [2F] 대합실 이동 → [2F] 표 내는곳 통과 → 명학 방면 엘리베이터(4호기)(으)로 1개 층 내려가기 (2F → 1F, 엘리베이터) → [1F] 명학 방면 승강장으로 이동 → [1F] 승차 (휠체어칸)","1. 1번 출입구 옆 엘리베이터(으)로 1개 층 올라가기 (1F → 2F, 엘리베이터) | 2. [2F] 대합실 이동 | 3. [2F] 표 내는곳 통과 | 4. 명학 방면 엘리베이터(4호기)(으)로 1개 층 내려가기 (2F → 1F, 엘리베이터) | 5. [1F] 명학 방면 승강장으로 이동 | 6. [1F] 승차 (휠체어칸)"
KR_1_0390,1호선,안양,1,출입구-승강장,3,3번 출입구 옆 엘리베이터 → 관악 방면,1F → 2F → 1F,5,2,0,"3번 출입구 지상1층 엘리베이터(으)로 1개 층 올라가기 (1F → 2F, 엘리베이터) → [2F] 3번 출입구 지상2층 엘리베이터 하차 → 관악방면 지상2층 엘리베이터(으)로 1개 층 내려가기 (2F → 1F, 엘리베이터) → [1F] 관악방면 지상1층 승강장 엘리베이터 하차 → [1F] 관악방면 승강장 이동","1. 3번 출입구 지상1층 엘리베이터(으)로 1개 층 올라가기 (1F → 2F, 엘리베이터) | 2. [2F] 3번 출입구 지상2층 엘리베이터 하차 | 3. 관악방면 지상2층 엘리베이터(으)로 1개 층 내려가기 (2F → 1F, 엘리베이터) | 4. [1F] 관악방면 지상1층 승강장 엘리베이터 하차 | 5. [1F] 관악방면 승강장 이동"
KR_1_0390,1호선,안양,1,출입구-승강장,4,3번 출입구 옆 엘리베이터 → 명학 방면,1F → 2F → 1F,5,2,0,"3번 출입구 지상1층 엘리베이터(으)로 1개 층 올라가기 (1F → 2F, 엘리베이터) → [2F] 3번 출입구 지상2층 엘리베이터 하차 → 명학방면 지상2층 엘리베이터(으)로 1개 층 내려가기 (2F → 1F, 엘리베이터) → [1F] 명학방면 지상1층 승강장 엘리베이터 하차 → [1F] 명학방면 승강장 이동","1. 3번 출입구 지상1층 엘리베이터(으)로 1개 층 올라가기 (1F → 2F, 엘리베이터) | 2. [2F] 3번 출입구 지상2층 엘리베이터 하차 | 3. 명학방면 지상2층 엘리베이터(으)로 1개 층 내려가기 (2F → 1F, 엘리베이터) | 4. [1F] 명학방면 지상1층 승강장 엘리베이터 하차 | 5. [1F] 명학방면 승강장 이동"
KR_1_0200,1호선,명학,1,출입구-승강장,1,1번 출입구 옆 엘리베이터 → 안양 방면,1F → 2F → 1F,6,2,0,"1번 출입구 옆 엘리베이터(으)로 1개 층 올라가기 (1F → 2F, 엘리베이터) → [2F] 대합실 이동 → [2F] 표 내는곳 통과 → 안양 방면 엘리베이터(1호기)(으)로 1개 층 내려가기 (2F → 1F, 엘리베이터) → [1F] 안양 방면 승강장으로 이동 → [1F] 승차 (휠체어칸)","1. 1번 출입구 옆 엘리베이터(으)로 1개 층 올라가기 (1F → 2F, 엘리베이터) | 2. [2F] 대합실 이동 | 3. [2F] 표 내는곳 통과 | 4. 안양 방면 엘리베이터(1호기)(으)로 1개 층 내려가기 (2F → 1F, 엘리베이터) | 5. [1F] 안양 방면 승강장으로 이동 | 6. [1F] 승차 (휠체어칸)"
KR_1_0200,1호선,명학,1,출입구-승강장,2,1번 출입구 옆 엘리베이터 → 금정 방면,1F → 2F → 1F,6,2,0,"1번 출입구 옆 엘리베이터(으)로 1개 층 올라가기 (1F → 2F, 엘리베이터) → [2F] 대합실 이동 → [2F] 표 내는곳 통과 → 금정 방면 엘리베이터(2호기)(으)로 1개 층 내려가기 (2F → 1F, 엘리베이터) → [1F] 금정 방면 승강장으로 이동 → [1F] 승차 (휠체어칸)","1. 1번 출입구 옆 엘리베이터(으)로 1개 층 올라가기 (1F → 2F, 엘리베이터) | 2. [2F] 대합실 이동 | 3. [2F] 표 내는곳 통과 | 4. 금정 방면 엘리베이터(2호기)(으)로 1개 층 내려가기 (2F → 1F, 엘리베이터) | 5. [1F] 금정 방면 승강장으로 이동 | 6. [1F] 승차 (휠체어칸)"
KR_1_0200,1호선,명학,1,출입구-승강장,3,2번 출입구 옆 엘리베이터 → 안양 방면,1F → 2F → 1F,6,2,0,"2번 출입구 옆 엘리베이터(으)로 1개 층 올라가기 (1F → 2F, 엘리베이터) → [2F] 대합실 이동 → [2F] 표 내는곳 통과 → 안양 방면 엘리베이터(1호기)(으)로 1개 층 내려가기 (2F → 1F, 엘리베이터) → [1F] 안양 방면 승강장으로 이동 → [1F] 승차 (휠체어칸)","1. 2번 출입구 옆 엘리베이터(으)로 1개 층 올라가기 (1F → 2F, 엘리베이터) | 2. [2F] 대합실 이동 | 3. [2F] 표 내는곳 통과 | 4. 안양 방면 엘리베이터(1호기)(으)로 1개 층 내려가기 (2F → 1F, 엘리베이터) | 5. [1F] 안양 방면 승강장으로 이동 | 6. [1F] 승차 (휠체어칸)"
KR_1_0200,1호선,명학,1,출입구-승강장,4,2번 출입구 옆 엘리베이터 → 금정 방면,1F → 2F → 1F,6,2,0,"2번 출입구 옆 엘리베이터(으)로 1개 층 올라가기 (1F → 2F, 엘리베이터) → [2F] 대합실 이동 → [2F] 표 내는곳 통과 → 금정 방면 엘리베이터(2호기)(으)로 1개 층 내려가기 (2F → 1F, 엘리베이터) → [1F] 금정 방면 승강장으로 이동 → [1F] 승차 (휠체어칸)","1. 2번 출입구 옆 엘리베이터(으)로 1개 층 올라가기 (1F → 2F, 엘리베이터) | 2. [2F] 대합실 이동 | 3. [2F] 표 내는곳 통과 | 4. 금정 방면 엘리베이터(2호기)(으)로 1개 층 내려가기 (2F → 1F, 엘리베이터) | 5. [1F] 금정 방면 승강장으로 이동 | 6. [1F] 승차 (휠체어칸)"
KR_1_0090,1호선,금정,1,출입구-승강장,1,2번 출입구 엘리베이터 → 명학 방면,1F → 2F → 1F,6,0,0,[1F] 2번 출입구 지상1층 엘리베이터 → [2F] 2번 출입구 지상2층 엘리베이터 → [2F] 개집표기 통과 → [2F] 명학방면 지상2층 엘리베이터 → [1F] 명학방면 지상1층 승강장 엘리베이터 → [1F] 명학방면 승강장,1. [1F] 2번 출입구 지상1층 엘리베이터 | 2. [2F] 2번 출입구 지상2층 엘리베이터 | 3. [2F] 개집표기 통과 | 4. [2F] 명학방면 지상2층 엘리베이터 | 5. [1F] 명학방면 지상1층 승강장 엘리베이터 | 6. [1F] 명학방면 승강장
KR_1_0090,1호선,금정,1,출입구-승강장,2,4/5번 출입구 사이 엘리베이터 → 명학 방면,1F → 2F → 1F,6,0,0,[1F] 4번/5번 출입구 사이 지상1층 엘리베이터 → [2F] 4번/5번 출입구 사이 지상2층 엘리베이터 → [2F] 개집표기 통과 → [2F] 명학방면 지상2층 엘리베이터 → [1F] 명학방면 지상1층 승강장 엘리베이터 → [1F] 명학방면 승강장,1. [1F] 4번/5번 출입구 사이 지상1층 엘리베이터 | 2. [2F] 4번/5번 출입구 사이 지상2층 엘리베이터 | 3. [2F] 개집표기 통과 | 4. [2F] 명학방면 지상2층 엘리베이터 | 5. [1F] 명학방면 지상1층 승강장 엘리베이터 | 6. [1F] 명학방면 승강장
KR_1_0090,1호선,금정,1,출입구-승강장,3,7/8번 출입구 사이 엘리베이터 → 명학 방면,1F → 2F → 1F,6,0,0,[1F] 7번/8번 출입구 사이 지상1층 엘리베이터 → [2F] 7번/8번 출입구 사이 지상2층 엘리베이터 → [2F] 개집표기 통과 → [2F] 명학방면 지상2층 엘리베이터 → [1F] 명학방면 지상1층 승강장 엘리베이터 → [1F] 명학방면 승강장,1. [1F] 7번/8번 출입구 사이 지상1층 엘리베이터 | 2. [2F] 7번/8번 출입구 사이 지상2층 엘리베이터 | 3. [2F] 개집표기 통과 | 4. [2F] 명학방면 지상2층 엘리베이터 | 5. [1F] 명학방면 지상1층 승강장 엘리베이터 | 6. [1F] 명학방면 승강장
KR_1_0090,1호선,금정,1,출입구-승강장,4,2번 출입구 엘리베이터 → 군포 방면,1F → 2F → 1F,6,0,0,[1F] 2번 출입구 지상1층 엘리베이터 → [2F] 2번 출입구 지상2층 엘리베이터 → [2F] 개집표기 통과 → [2F] 군포방면 지상2층 엘리베이터 → [1F] 군포방면 지상1층 승강장 엘리베이터 → [1F] 군포방면 승강장,1. [1F] 2번 출입구 지상1층 엘리베이터 | 2. [2F] 2번 출입구 지상2층 엘리베이터 | 3. [2F] 개집표기 통과 | 4. [2F] 군포방면 지상2층 엘리베이터 | 5. [1F] 군포방면 지상1층 승강장 엘리베이터 | 6. [1F] 군포방면 승강장
KR_1_0090,1호선,금정,1,출입구-승강장,5,4/5번 출입구 사이 엘리베이터 → 군포 방면,1F → 2F → 1F,6,0,0,[1F] 4번/5번 출입구 사이 지상1층 엘리베이터 → [2F] 4번/5번 출입구 사이 지상2층 엘리베이터 → [2F] 개집표기 통과 → [2F] 군포방면 지상2층 엘리베이터 → [1F] 군포방면 지상1층 승강장 엘리베이터 → [1F] 군포방면 승강장,1. [1F] 4번/5번 출입구 사이 지상1층 엘리베이터 | 2. [2F] 4번/5번 출입구 사이 지상2층 엘리베이터 | 3. [2F] 개집표기 통과 | 4. [2F] 군포방면 지상2층 엘리베이터 | 5. [1F] 군포방면 지상1층 승강장 엘리베이터 | 6. [1F] 군포방면 승강장
KR_1_0090,1호선,금정,1,출입구-승강장,6,7/8번 출입구 사이 엘리베이터 → 군포 방면,1F → 2F → 1F,6,0,0,[1F] 7번/8번 출입구 사이 지상1층 엘리베이터 → [2F] 7번/8번 출입구 사이 지상2층 엘리베이터 → [2F] 개집표기 통과 → [2F] 군포방면 지상2층 엘리베이터 → [1F] 군포방면 지상1층 승강장 엘리베이터 → [1F] 군포방면 승강장,1. [1F] 7번/8번 출입구 사이 지상1층 엘리베이터 | 2. [2F] 7번/8번 출입구 사이 지상2층 엘리베이터 | 3. [2F] 개집표기 통과 | 4. [2F] 군포방면 지상2층 엘리베이터 | 5. [1F] 군포방면 지상1층 승강장 엘리베이터 | 6. [1F] 군포방면 승강장
KR_1_0090,1호선,금정,3,환승,1,1호선 명학방면 승강장 → 4호선 범계방면 승강장,,2,0,0,1호선 명학방면 하차 → 4호선 범계방면 인접(섬식) 승강장,1. 1호선 명학방면 하차 | 2. 4호선 범계방면 인접(섬식) 승강장
KR_1_0090,1호선,금정,3,환승,2,1호선 군포방면 승강장 → 4호선 산본방면 승강장,,2,0,0,1호선 군포방면 하차 → 4호선 산본방면 인접(섬식) 승강장,1. 1호선 군포방면 하차 | 2. 4호선 산본방면 인접(섬식) 승강장
KR_1_0090,1호선,금정,3,환승,3,1호선 명학방면 승강장 → 4호선 산본방면 승강장,,5,0,0,1호선 명학방면 1호차/8호차 하차 → 엘리베이터 2층으로 이동 → 환승통로 → 3/4번 승강장 엘리베이터 1층 승강장으로 이동 → 4호선 산본방명 승강장,1. 1호선 명학방면 1호차/8호차 하차 | 2. 엘리베이터 2층으로 이동 | 3. 환승통로 | 4. 3/4번 승강장 엘리베이터 1층 승강장으로 이동 | 5. 4호선 산본방명 승강장
KR_1_0090,1호선,금정,3,환승,4,1호선 군포방면 승강장 → 4호선 범계방면 승강장,,5,0,0,1호선 군포방면 3호차/10호차 하차 → 엘리베이터 2층으로 이동 → 환승통로 → 1/2번 승강장 엘리베이터 1층 승강장으로 이동 → 4호선 범계방명 승강장,1. 1호선 군포방면 3호차/10호차 하차 | 2. 엘리베이터 2층으로 이동 | 3. 환승통로 | 4. 1/2번 승강장 엘리베이터 1층 승강장으로 이동 | 5. 4호선 범계방명 승강장
KR_1_0083,1호선,군포,1,출입구-승강장,1,1번 출입구 엘리베이터 → 금정 방면,1F → 2F,6,1,0,"1번 출입구 지상1층 엘리베이터(으)로 1개 층 올라가기 (1F → 2F, 엘리베이터) → [2F] 지상 2층 대합실 방면 통로 → [2F] 표 내는곳 통과 → [2F] 금정 방면 승강장으로 이동 → [2F] 승차(휠체어칸) → 금정 방면 엘리베이터 이용 (엘리베이터)","1. 1번 출입구 지상1층 엘리베이터(으)로 1개 층 올라가기 (1F → 2F, 엘리베이터) | 2. [2F] 지상 2층 대합실 방면 통로 | 3. [2F] 표 내는곳 통과 | 4. [2F] 금정 방면 승강장으로 이동 | 5. [2F] 승차(휠체어칸) | 6. 금정 방면 엘리베이터 이용 (엘리베이터)"
KR_1_0083,1호선,군포,1,출입구-승강장,2,1번 출입구 엘리베이터 → 당정 방면,1F → 2F,6,1,0,"1번 출입구 지상1층 엘리베이터(으)로 1개 층 올라가기 (1F → 2F, 엘리베이터) → [2F] 지상 2층 대합실 방면 통로 → [2F] 표 내는곳 통과 → [2F] 당정 방면 승강장으로 이동 → [2F] 승차(휠체어칸) → 당정 방면 엘리베이터 이용 (엘리베이터)","1. 1번 출입구 지상1층 엘리베이터(으)로 1개 층 올라가기 (1F → 2F, 엘리베이터) | 2. [2F] 지상 2층 대합실 방면 통로 | 3. [2F] 표 내는곳 통과 | 4. [2F] 당정 방면 승강장으로 이동 | 5. [2F] 승차(휠체어칸) | 6. 당정 방면 엘리베이터 이용 (엘리베이터)"
KR_1_0127,1호선,당정,1,출입구-승강장,1,1/2번 출입구 사이 엘리베이터 → 군포 방면,1F → 2F → 1F,6,2,0,"1/2번 출입구 사이 지상1층 엘리베이터(으)로 1개 층 올라가기 (1F → 2F, 엘리베이터) → [2F] 지상 2층 대합실 방면 이동 → [2F] 표 내는곳 통과 → 지상 2층 군포 방면 엘리베이터(으)로 1개 층 내려가기 (2F → 1F, 엘리베이터) → [1F] 지상 1층 군포 방면 승강장으로 이동 → [1F] 승차(휠체어칸)","1. 1/2번 출입구 사이 지상1층 엘리베이터(으)로 1개 층 올라가기 (1F → 2F, 엘리베이터) | 2. [2F] 지상 2층 대합실 방면 이동 | 3. [2F] 표 내는곳 통과 | 4. 지상 2층 군포 방면 엘리베이터(으)로 1개 층 내려가기 (2F → 1F, 엘리베이터) | 5. [1F] 지상 1층 군포 방면 승강장으로 이동 | 6. [1F] 승차(휠체어칸)"
KR_1_0127,1호선,당정,1,출입구-승강장,2,3번 출입구 엘리베이터 → 군포 방면,1F → 2F → 1F,6,2,0,"3번 출입구 지상1층 엘리베이터(으)로 1개 층 올라가기 (1F → 2F, 엘리베이터) → [2F] 지상 2층 대합실 방면 이동 → [2F] 표 내는곳 통과 → 지상 2층 군포 방면 엘리베이터(으)로 1개 층 내려가기 (2F → 1F, 엘리베이터) → [1F] 지상 1층 군포 방면 승강장으로 이동 → [1F] 승차(휠체어칸)","1. 3번 출입구 지상1층 엘리베이터(으)로 1개 층 올라가기 (1F → 2F, 엘리베이터) | 2. [2F] 지상 2층 대합실 방면 이동 | 3. [2F] 표 내는곳 통과 | 4. 지상 2층 군포 방면 엘리베이터(으)로 1개 층 내려가기 (2F → 1F, 엘리베이터) | 5. [1F] 지상 1층 군포 방면 승강장으로 이동 | 6. [1F] 승차(휠체어칸)"
KR_1_0127,1호선,당정,1,출입구-승강장,3,1/2번 출입구 사이 엘리베이터 → 의왕 방면,1F → 2F → 1F,6,2,0,"1/2번 출입구 사이 지상1층 엘리베이터(으)로 1개 층 올라가기 (1F → 2F, 엘리베이터) → [2F] 지상 2층 대합실 방면 이동 → [2F] 표 내는곳 통과 → 지상 2층 의왕 방면 엘리베이터(으)로 1개 층 내려가기 (2F → 1F, 엘리베이터) → [1F] 지상 1층 의왕 방면 승강장으로 이동 → [1F] 승차(휠체어칸)","1. 1/2번 출입구 사이 지상1층 엘리베이터(으)로 1개 층 올라가기 (1F → 2F, 엘리베이터) | 2. [2F] 지상 2층 대합실 방면 이동 | 3. [2F] 표 내는곳 통과 | 4. 지상 2층 의왕 방면 엘리베이터(으)로 1개 층 내려가기 (2F → 1F, 엘리베이터) | 5. [1F] 지상 1층 의왕 방면 승강장으로 이동 | 6. [1F] 승차(휠체어칸)"
KR_1_0127,1호선,당정,1,출입구-승강장,4,3번 출입구 엘리베이터 → 의왕 방면,1F → 2F → 1F,6,2,0,"3번 출입구 지상1층 엘리베이터(으)로 1개 층 올라가기 (1F → 2F, 엘리베이터) → [2F] 지상 2층 대합실 방면 이동 → [2F] 표 내는곳 통과 → 지상 2층 의왕 방면 엘리베이터(으)로 1개 층 내려가기 (2F → 1F, 엘리베이터) → [1F] 지상 1층 의왕 방면 승강장으로 이동 → [1F] 승차(휠체어칸)","1. 3번 출입구 지상1층 엘리베이터(으)로 1개 층 올라가기 (1F → 2F, 엘리베이터) | 2. [2F] 지상 2층 대합실 방면 이동 | 3. [2F] 표 내는곳 통과 | 4. 지상 2층 의왕 방면 엘리베이터(으)로 1개 층 내려가기 (2F → 1F, 엘리베이터) | 5. [1F] 지상 1층 의왕 방면 승강장으로 이동 | 6. [1F] 승차(휠체어칸)"
KR_1_0469,1호선,의왕,1,출입구-승강장,1,1번 출입구 옆 엘리베이터 → 성균관대 방면,,5,0,0,연결통로로 대합실 이동 → 개집표기 통과 → 성균관대 방면 승강장으로 이동 → 승차(휠체어칸) → 성균관대 방면 엘리베이터 이용 (엘리베이터),1. 연결통로로 대합실 이동 | 2. 개집표기 통과 | 3. 성균관대 방면 승강장으로 이동 | 4. 승차(휠체어칸) | 5. 성균관대 방면 엘리베이터 이용 (엘리베이터)
KR_1_0469,1호선,의왕,1,출입구-승강장,2,2번 출입구 옆 엘리베이터 → 성균관대 방면,,5,0,0,대합실 이동 → 개집표기 통과 → 성균관대 방면 승강장으로 이동 → 승차(휠체어칸) → 성균관대 방면 엘리베이터 이용 (엘리베이터),1. 대합실 이동 | 2. 개집표기 통과 | 3. 성균관대 방면 승강장으로 이동 | 4. 승차(휠체어칸) | 5. 성균관대 방면 엘리베이터 이용 (엘리베이터)
KR_1_0469,1호선,의왕,1,출입구-승강장,3,1번 출입구 옆 엘리베이터 → 당정 방면,,5,0,0,연결통로로 대합실 이동 → 개집표기 통과 → 당정 방면 승강장으로 이동 → 승차(휠체어칸) → 당정 방면 엘리베이터 이용 (엘리베이터),1. 연결통로로 대합실 이동 | 2. 개집표기 통과 | 3. 당정 방면 승강장으로 이동 | 4. 승차(휠체어칸) | 5. 당정 방면 엘리베이터 이용 (엘리베이터)
KR_1_0469,1호선,의왕,1,출입구-승강장,4,2번 출입구 옆 엘리베이터 → 당정 방면,,5,0,0,대합실 이동 → 개집표기 통과 → 당정 방면 승강장으로 이동 → 승차(휠체어칸) → 당정 방면 엘리베이터 이용 (엘리베이터),1. 대합실 이동 | 2. 개집표기 통과 | 3. 당정 방면 승강장으로 이동 | 4. 승차(휠체어칸) | 5. 당정 방면 엘리베이터 이용 (엘리베이터)
KR_1_0312,1호선,성균관대,1,출입구-승강장,1,3번 출입구 엘리베이터 → 화서 방면,1F → 2F → 1F,6,0,0,[1F] 3번 출입구 지상1층 엘리베이터 → [2F] 3번 출입구 지상2층 엘리베이터 → [2F] 개집표기 통과 → [2F] 화서방면 지상2층 엘리베이터 → [1F] 화서방면 지상1층 승강장 엘리베이터 → [1F] 화서방면 승강장,1. [1F] 3번 출입구 지상1층 엘리베이터 | 2. [2F] 3번 출입구 지상2층 엘리베이터 | 3. [2F] 개집표기 통과 | 4. [2F] 화서방면 지상2층 엘리베이터 | 5. [1F] 화서방면 지상1층 승강장 엘리베이터 | 6. [1F] 화서방면 승강장
KR_1_0312,1호선,성균관대,1,출입구-승강장,2,4번 출입구 엘리베이터 → 화서 방면,1F → 2F → 1F,6,0,0,[1F] 4번 출입구 지상1층 엘리베이터 → [2F] 4번 출입구 지상2층 엘리베이터 → [2F] 개집표기 통과 → [2F] 화서방면 지상2층 엘리베이터 → [1F] 화서방면 지상1층 승강장 엘리베이터 → [1F] 화서방면 승강장,1. [1F] 4번 출입구 지상1층 엘리베이터 | 2. [2F] 4번 출입구 지상2층 엘리베이터 | 3. [2F] 개집표기 통과 | 4. [2F] 화서방면 지상2층 엘리베이터 | 5. [1F] 화서방면 지상1층 승강장 엘리베이터 | 6. [1F] 화서방면 승강장
KR_1_0312,1호선,성균관대,1,출입구-승강장,3,3번 출입구 엘리베이터 → 의왕 방면,1F → 2F → 1F,6,0,0,[1F] 3번 출입구 지상1층 엘리베이터 → [2F] 3번 출입구 지상2층 엘리베이터 → [2F] 개집표기 통과 → [2F] 의왕방면 지상2층 엘리베이터 → [1F] 의왕방면 지상1층 승강장 엘리베이터 → [1F] 의왕방면 승강장,1. [1F] 3번 출입구 지상1층 엘리베이터 | 2. [2F] 3번 출입구 지상2층 엘리베이터 | 3. [2F] 개집표기 통과 | 4. [2F] 의왕방면 지상2층 엘리베이터 | 5. [1F] 의왕방면 지상1층 승강장 엘리베이터 | 6. [1F] 의왕방면 승강장
KR_1_0312,1호선,성균관대,1,출입구-승강장,4,4번 출입구 엘리베이터 → 의왕 방면,1F → 2F → 1F,6,0,0,[1F] 4번 출입구 지상1층 엘리베이터 → [2F] 4번 출입구 지상2층 엘리베이터 → [2F] 개집표기 통과 → [2F] 의왕방면 지상2층 엘리베이터 → [1F] 의왕방면 지상1층 승강장 엘리베이터 → [1F] 의왕방면 승강장,1. [1F] 4번 출입구 지상1층 엘리베이터 | 2. [2F] 4번 출입구 지상2층 엘리베이터 | 3. [2F] 개집표기 통과 | 4. [2F] 의왕방면 지상2층 엘리베이터 | 5. [1F] 의왕방면 지상1층 승강장 엘리베이터 | 6. [1F] 의왕방면 승강장
KR_1_0601,1호선,화서,1,출입구-승강장,1,3/4번 출입구  → 성균관대 방면,1F → 2F → 1F,7,0,0,3번/4번 출입구 → [1F] 3번/4번 출입구 지상 1층 엘리베이터 → [2F] 지상 2층 대합실 이동 → [2F] 성균관대 방면 지상 2층 엘리베에터 → [1F] 성균관대 방면 지상 1층 → [1F] 개집표기 통과 → [1F] 성균관대 방면 승강장,1. 3번/4번 출입구 | 2. [1F] 3번/4번 출입구 지상 1층 엘리베이터 | 3. [2F] 지상 2층 대합실 이동 | 4. [2F] 성균관대 방면 지상 2층 엘리베에터 | 5. [1F] 성균관대 방면 지상 1층 | 6. [1F] 개집표기 통과 | 7. [1F] 성균관대 방면 승강장
KR_1_0601,1호선,화서,1,출입구-승강장,2,5/6번 출입구 → 성균관대 방면,,3,0,0,5번/6번 출입구 → 개집표기 통과 → 성균관대 방면 승강장,1. 5번/6번 출입구 | 2. 개집표기 통과 | 3. 성균관대 방면 승강장
KR_1_0601,1호선,화서,1,출입구-승강장,3,3/4번 출입구 → 수원 방면,,3,0,0,3번/4번 출입구 → 개집표기 통과 → 수원방면 승강장,1. 3번/4번 출입구 | 2. 개집표기 통과 | 3. 수원방면 승강장
KR_1_0601,1호선,화서,1,출입구-승강장,4,5/6번 출입구 → 수원 방면,1F → 2F → 1F,7,0,0,5번/6번 출입구 → [1F] 5번/6번 출입구 지상 1층 엘리베이터 → [2F] 지상 2층 대합실 이동 → [2F] 수원 방면 지상 2층 엘리베에터 → [1F] 수원 방면 지상 1층 → [1F] 개집표기 통과 → [1F] 수원 방면 승강장,1. 5번/6번 출입구 | 2. [1F] 5번/6번 출입구 지상 1층 엘리베이터 | 3. [2F] 지상 2층 대합실 이동 | 4. [2F] 수원 방면 지상 2층 엘리베에터 | 5. [1F] 수원 방면 지상 1층 | 6. [1F] 개집표기 통과 | 7. [1F] 수원 방면 승강장
KR_1_0338,1호선,수원,1,출입구-승강장,1,5번 출입구 옆 엘리베이터 → 화서 방면 승강장,1F → B1 → 1F,6,2,0,"5번 출입구 옆 엘리베이터(으)로 1개 층 내려가기 (1F → B1, 엘리베이터) → [B1] 대합실로 이동 → [B1] 표 내는 곳 통과 → 1호선 화서 방면 엘리베이터(으)로 1개 층 올라가기 (B1 → 1F, 엘리베이터) → [1F] 화서 방면 승강장으로 이동 → [1F] 승차 (휠체어칸)","1. 5번 출입구 옆 엘리베이터(으)로 1개 층 내려가기 (1F → B1, 엘리베이터) | 2. [B1] 대합실로 이동 | 3. [B1] 표 내는 곳 통과 | 4. 1호선 화서 방면 엘리베이터(으)로 1개 층 올라가기 (B1 → 1F, 엘리베이터) | 5. [1F] 화서 방면 승강장으로 이동 | 6. [1F] 승차 (휠체어칸)"
KR_1_0338,1호선,수원,1,출입구-승강장,2,5번 출입구 옆 엘리베이터 → 세류 방면 승강장,1F → B1 → 1F,6,2,0,"5번 출입구 옆 엘리베이터(으)로 1개 층 내려가기 (1F → B1, 엘리베이터) → [B1] 대합실로 이동 → [B1] 표 내는 곳 통과 → 1호선 세류 방면 엘리베이터(으)로 1개 층 올라가기 (B1 → 1F, 엘리베이터) → [1F] 세류 방면 승강장으로 이동 → [1F] 승차 (휠체어칸)","1. 5번 출입구 옆 엘리베이터(으)로 1개 층 내려가기 (1F → B1, 엘리베이터) | 2. [B1] 대합실로 이동 | 3. [B1] 표 내는 곳 통과 | 4. 1호선 세류 방면 엘리베이터(으)로 1개 층 올라가기 (B1 → 1F, 엘리베이터) | 5. [1F] 세류 방면 승강장으로 이동 | 6. [1F] 승차 (휠체어칸)"
KR_1_0338,1호선,수원,1,출입구-승강장,3,7번 출입구 옆 엘리베이터 → 화서 방면 승강장,1F → B1 → 1F,6,2,0,"7번 출입구 옆 엘리베이터(으)로 1개 층 내려가기 (1F → B1, 엘리베이터) → [B1] 대합실로 이동 → [B1] 표 내는 곳 통과 → 1호선 화서 방면 엘리베이터(으)로 1개 층 올라가기 (B1 → 1F, 엘리베이터) → [1F] 화서 방면 승강장으로 이동 → [1F] 승차 (휠체어칸)","1. 7번 출입구 옆 엘리베이터(으)로 1개 층 내려가기 (1F → B1, 엘리베이터) | 2. [B1] 대합실로 이동 | 3. [B1] 표 내는 곳 통과 | 4. 1호선 화서 방면 엘리베이터(으)로 1개 층 올라가기 (B1 → 1F, 엘리베이터) | 5. [1F] 화서 방면 승강장으로 이동 | 6. [1F] 승차 (휠체어칸)"
KR_1_0338,1호선,수원,1,출입구-승강장,4,7번 출입구 옆 엘리베이터 → 세류 방면 승강장,1F → B1 → 1F,6,2,0,"7번 출입구 옆 엘리베이터(으)로 1개 층 내려가기 (1F → B1, 엘리베이터) → [B1] 대합실로 이동 → [B1] 표 내는 곳 통과 → 1호선 세류 방면 엘리베이터(으)로 1개 층 올라가기 (B1 → 1F, 엘리베이터) → [1F] 세류 방면 승강장으로 이동 → [1F] 승차 (휠체어칸)","1. 7번 출입구 옆 엘리베이터(으)로 1개 층 내려가기 (1F → B1, 엘리베이터) | 2. [B1] 대합실로 이동 | 3. [B1] 표 내는 곳 통과 | 4. 1호선 세류 방면 엘리베이터(으)로 1개 층 올라가기 (B1 → 1F, 엘리베이터) | 5. [1F] 세류 방면 승강장으로 이동 | 6. [1F] 승차 (휠체어칸)"
KR_1_0338,1호선,수원,1,출입구-승강장,5,10번 출입구 옆 엘리베이터 → 화서 방면 승강장,1F → B1 → 1F,6,2,0,"10번 출입구 옆 엘리베이터(으)로 1개 층 내려가기 (1F → B1, 엘리베이터) → [B1] 대합실로 이동 → [B1] 표 내는 곳 통과 → 1호선 화서 방면 엘리베이터(으)로 1개 층 올라가기 (B1 → 1F, 엘리베이터) → [1F] 화서 방면 승강장으로 이동 → [1F] 승차 (휠체어칸)","1. 10번 출입구 옆 엘리베이터(으)로 1개 층 내려가기 (1F → B1, 엘리베이터) | 2. [B1] 대합실로 이동 | 3. [B1] 표 내는 곳 통과 | 4. 1호선 화서 방면 엘리베이터(으)로 1개 층 올라가기 (B1 → 1F, 엘리베이터) | 5. [1F] 화서 방면 승강장으로 이동 | 6. [1F] 승차 (휠체어칸)"
KR_1_0338,1호선,수원,1,출입구-승강장,6,10번 출입구 옆 엘리베이터 → 세류 방면 승강장,1F → B1 → 1F,6,2,0,"10번 출입구 옆 엘리베이터(으)로 1개 층 내려가기 (1F → B1, 엘리베이터) → [B1] 대합실로 이동 → [B1] 표 내는 곳 통과 → 1호선 세류 방면 엘리베이터(으)로 1개 층 올라가기 (B1 → 1F, 엘리베이터) → [1F] 세류 방면 승강장으로 이동 → [1F] 승차 (휠체어칸)","1. 10번 출입구 옆 엘리베이터(으)로 1개 층 내려가기 (1F → B1, 엘리베이터) | 2. [B1] 대합실로 이동 | 3. [B1] 표 내는 곳 통과 | 4. 1호선 세류 방면 엘리베이터(으)로 1개 층 올라가기 (B1 → 1F, 엘리베이터) | 5. [1F] 세류 방면 승강장으로 이동 | 6. [1F] 승차 (휠체어칸)"
KR_1_0338,1호선,수원,3,환승,1,1호선 화서 방면 → 수인분당선 매교 방면,1F → B1 → B4,6,2,0,"[1F] 1호선 화서 방면 승강장 하차 → 대합실 방향 엘리베이터(으)로 1개 층 내려가기 (1F → B1, 엘리베이터) → [B1] 대합실로 이동 → 수인분당선 매교 방면 엘리베이터(으)로 3개 층 내려가기 (B1 → B4, 엘리베이터) → [B4] 수인분당선 매교 방면 승강장으로 이동 → [B4] 승차 (휠체어칸)","1. [1F] 1호선 화서 방면 승강장 하차 | 2. 대합실 방향 엘리베이터(으)로 1개 층 내려가기 (1F → B1, 엘리베이터) | 3. [B1] 대합실로 이동 | 4. 수인분당선 매교 방면 엘리베이터(으)로 3개 층 내려가기 (B1 → B4, 엘리베이터) | 5. [B4] 수인분당선 매교 방면 승강장으로 이동 | 6. [B4] 승차 (휠체어칸)"
KR_1_0338,1호선,수원,3,환승,2,1호선 화서 방면 → 수인분당선 고색 방면,1F → B1 → B4,6,2,0,"[1F] 1호선 화서 방면 승강장 하차 → 대합실 방향 엘리베이터(으)로 1개 층 내려가기 (1F → B1, 엘리베이터) → [B1] 대합실로 이동 → 수인분당선 고색 방면 엘리베이터(으)로 3개 층 내려가기 (B1 → B4, 엘리베이터) → [B4] 수인분당선 고색 방면 승강장으로 이동 → [B4] 승차 (휠체어칸)","1. [1F] 1호선 화서 방면 승강장 하차 | 2. 대합실 방향 엘리베이터(으)로 1개 층 내려가기 (1F → B1, 엘리베이터) | 3. [B1] 대합실로 이동 | 4. 수인분당선 고색 방면 엘리베이터(으)로 3개 층 내려가기 (B1 → B4, 엘리베이터) | 5. [B4] 수인분당선 고색 방면 승강장으로 이동 | 6. [B4] 승차 (휠체어칸)"
KR_1_0338,1호선,수원,3,환승,3,1호선 세류 방면 → 수인분당선 매교 방면,1F → B1 → B4,6,2,0,"[1F] 1호선 세류 방면 승강장 하차 → 대합실 방향 엘리베이터(으)로 1개 층 내려가기 (1F → B1, 엘리베이터) → [B1] 대합실로 이동 → 수인분당선 매교 방면 엘리베이터(으)로 3개 층 내려가기 (B1 → B4, 엘리베이터) → [B4] 수인분당선 매교 방면 승강장으로 이동 → [B4] 승차 (휠체어칸)","1. [1F] 1호선 세류 방면 승강장 하차 | 2. 대합실 방향 엘리베이터(으)로 1개 층 내려가기 (1F → B1, 엘리베이터) | 3. [B1] 대합실로 이동 | 4. 수인분당선 매교 방면 엘리베이터(으)로 3개 층 내려가기 (B1 → B4, 엘리베이터) | 5. [B4] 수인분당선 매교 방면 승강장으로 이동 | 6. [B4] 승차 (휠체어칸)"
KR_1_0338,1호선,수원,3,환승,4,1호선 세류 방면 → 수인분당선 고색 방면,1F → B1 → B4,6,2,0,"[1F] 1호선 세류 방면 승강장 하차 → 대합실 방향 엘리베이터(으)로 1개 층 내려가기 (1F → B1, 엘리베이터) → [B1] 대합실로 이동 → 수인분당선 고색 방면 엘리베이터(으)로 3개 층 내려가기 (B1 → B4, 엘리베이터) → [B4] 수인분당선 고색 방면 승강장으로 이동 → [B4] 승차 (휠체어칸)","1. [1F] 1호선 세류 방면 승강장 하차 | 2. 대합실 방향 엘리베이터(으)로 1개 층 내려가기 (1F → B1, 엘리베이터) | 3. [B1] 대합실로 이동 | 4. 수인분당선 고색 방면 엘리베이터(으)로 3개 층 내려가기 (B1 → B4, 엘리베이터) | 5. [B4] 수인분당선 고색 방면 승강장으로 이동 | 6. [B4] 승차 (휠체어칸)"
KR_1_0318,1호선,세류,1,출입구-승강장,1,1번 출입구 → 수원 방면,2F → B1 → 1F,6,0,0,1번 출입구 → [2F] 1번 출입구 지상2층 엘리베이터 → [B1] 1번 출입구 지하1층 엘리베이터 → [B1] 수원방면 지하1층 에스컬레이터 → [1F] 수원방면 지상1층 승강장 에스컬레이터 → [1F] 수원방면 승강장,1. 1번 출입구 | 2. [2F] 1번 출입구 지상2층 엘리베이터 | 3. [B1] 1번 출입구 지하1층 엘리베이터 | 4. [B1] 수원방면 지하1층 에스컬레이터 | 5. [1F] 수원방면 지상1층 승강장 에스컬레이터 | 6. [1F] 수원방면 승강장
KR_1_0318,1호선,세류,1,출입구-승강장,2,1번 출입구 → 병점 방면,2F → B1 → 1F,6,0,0,1번 출입구 → [2F] 1번 출입구 지상2층 엘리베이터 → [B1] 1번 출입구 지하1층 엘리베이터 → [B1] 병점방면 지하1층 에스컬레이터 → [1F] 병점방면 지상1층 승강장 에스컬레이터 → [1F] 병점방면 승강장,1. 1번 출입구 | 2. [2F] 1번 출입구 지상2층 엘리베이터 | 3. [B1] 1번 출입구 지하1층 엘리베이터 | 4. [B1] 병점방면 지하1층 에스컬레이터 | 5. [1F] 병점방면 지상1층 승강장 에스컬레이터 | 6. [1F] 병점방면 승강장
KR_1_0231,1호선,병점,1,출입구-승강장,1,1번 출입구 엘리베이터 → 서동탄/세마 방면,1F,5,0,0,[1F] 대합실 이동 → [1F] 표 내는곳 통과 → [1F] 서동탄/세마 방면 승강장으로 이동 → [1F] 승차(휠체어칸) → 서동탄/세마 방면 엘리베이터 이용 (엘리베이터),1. [1F] 대합실 이동 | 2. [1F] 표 내는곳 통과 | 3. [1F] 서동탄/세마 방면 승강장으로 이동 | 4. [1F] 승차(휠체어칸) | 5. 서동탄/세마 방면 엘리베이터 이용 (엘리베이터)
KR_1_0231,1호선,병점,1,출입구-승강장,2,2번 출입구 엘리베이터 → 서동탄/세마 방면,1F,5,0,0,[1F] 대합실 이동 → [1F] 표 내는곳 통과 → [1F] 서동탄/세마 방면 승강장으로 이동 → [1F] 승차(휠체어칸) → 서동탄/세마 방면 엘리베이터 이용 (엘리베이터),1. [1F] 대합실 이동 | 2. [1F] 표 내는곳 통과 | 3. [1F] 서동탄/세마 방면 승강장으로 이동 | 4. [1F] 승차(휠체어칸) | 5. 서동탄/세마 방면 엘리베이터 이용 (엘리베이터)
KR_1_0231,1호선,병점,1,출입구-승강장,3,1번 출입구 엘리베이터 → 세류 방면,1F,5,0,0,[1F] 대합실 이동 → [1F] 표 내는곳 통과 → [1F] 세류 방면 승강장으로 이동 → [1F] 승차(휠체어칸) → 세류 방면 엘리베이터 이용 (엘리베이터),1. [1F] 대합실 이동 | 2. [1F] 표 내는곳 통과 | 3. [1F] 세류 방면 승강장으로 이동 | 4. [1F] 승차(휠체어칸) | 5. 세류 방면 엘리베이터 이용 (엘리베이터)
KR_1_0231,1호선,병점,1,출입구-승강장,4,2번 출입구 엘리베이터 → 세류 방면,1F,5,0,0,[1F] 대합실 이동 → [1F] 표 내는곳 통과 → [1F] 세류 방면 승강장으로 이동 → [1F] 승차(휠체어칸) → 세류 방면 엘리베이터 이용 (엘리베이터),1. [1F] 대합실 이동 | 2. [1F] 표 내는곳 통과 | 3. [1F] 세류 방면 승강장으로 이동 | 4. [1F] 승차(휠체어칸) | 5. 세류 방면 엘리베이터 이용 (엘리베이터)
KR_1_0290,1호선,서동탄,1,출입구-승강장,1,1번 출입구 → 병점 방면,1F → 2F → 1F,7,0,0,1번 출입구 → 개집표기 통과 → [1F] 1번 출입구 지상1층 엘리베이터 → [2F] 1번 출입구 지상2층 엘리베이터 → [2F] 병점방면 지상2층 엘리베이터 → [1F] 병점방면 지상1층 승강장 엘리베이터 → [1F] 병점방면 승강장,1. 1번 출입구 | 2. 개집표기 통과 | 3. [1F] 1번 출입구 지상1층 엘리베이터 | 4. [2F] 1번 출입구 지상2층 엘리베이터 | 5. [2F] 병점방면 지상2층 엘리베이터 | 6. [1F] 병점방면 지상1층 승강장 엘리베이터 | 7. [1F] 병점방면 승강장
KR_1_0290,1호선,서동탄,1,출입구-승강장,2,2번 출입구 → 병점 방면,1F → 2F → 1F,7,0,0,2번 출입구 → 개집표기 통과 → [1F] 2번 출입구 지상1층 엘리베이터 → [2F] 2번 출입구 지상2층 엘리베이터 → [2F] 병점방면 지상2층 엘리베이터 → [1F] 병점방면 지상1층 승강장 엘리베이터 → [1F] 병점방면 승강장,1. 2번 출입구 | 2. 개집표기 통과 | 3. [1F] 2번 출입구 지상1층 엘리베이터 | 4. [2F] 2번 출입구 지상2층 엘리베이터 | 5. [2F] 병점방면 지상2층 엘리베이터 | 6. [1F] 병점방면 지상1층 승강장 엘리베이터 | 7. [1F] 병점방면 승강장
KR_1_0319,1호선,세마,1,출입구-승강장,1,1번 출입구 → 오산대 방면,1F → 2F,5,0,0,1번 출입구 → 개집표기 통과 → [1F] 오산대방면 지상1층 엘리베이터 → [2F] 오산대방면 지상2층 승강장 엘리베이터 → [2F] 오산대방면 승강장,1. 1번 출입구 | 2. 개집표기 통과 | 3. [1F] 오산대방면 지상1층 엘리베이터 | 4. [2F] 오산대방면 지상2층 승강장 엘리베이터 | 5. [2F] 오산대방면 승강장
KR_1_0319,1호선,세마,1,출입구-승강장,2,2번 출입구 → 오산대 방면,1F → 2F,5,0,0,2번 출입구 → 개집표기 통과 → [1F] 오산대방면 지상1층 엘리베이터 → [2F] 오산대방면 지상2층 승강장 엘리베이터 → [2F] 오산대방면 승강장,1. 2번 출입구 | 2. 개집표기 통과 | 3. [1F] 오산대방면 지상1층 엘리베이터 | 4. [2F] 오산대방면 지상2층 승강장 엘리베이터 | 5. [2F] 오산대방면 승강장
KR_1_0319,1호선,세마,1,출입구-승강장,3,1번 출입구 → 병점 방면,1F → 2F,5,0,0,1번 출입구 → 개집표기 통과 → [1F] 병점방면 지상1층 엘리베이터 → [2F] 병점방면 지상2층 승강장 엘리베이터 → [2F] 병점방면 승강장,1. 1번 출입구 | 2. 개집표기 통과 | 3. [1F] 병점방면 지상1층 엘리베이터 | 4. [2F] 병점방면 지상2층 승강장 엘리베이터 | 5. [2F] 병점방면 승강장
KR_1_0319,1호선,세마,1,출입구-승강장,4,2번 출입구 → 병점 방면,1F → 2F,5,0,0,2번 출입구 → 개집표기 통과 → [1F] 오산대방면 지상1층 엘리베이터 → [2F] 오산대방면 지상2층 승강장 엘리베이터 → [2F] 오산대방면 승강장,1. 2번 출입구 | 2. 개집표기 통과 | 3. [1F] 오산대방면 지상1층 엘리베이터 | 4. [2F] 오산대방면 지상2층 승강장 엘리베이터 | 5. [2F] 오산대방면 승강장
KR_1_0432,1호선,오산대,1,출입구-승강장,1,1번 출입구 엘리베이터 → 세마 방면,1F → 2F → 1F,6,0,0,[1F] 1번 출입구 지상1층 엘리베이터 → [2F] 1번 출입구 지상2층 엘리베이터 → [2F] 개집표기 통과 → [2F] 세마방면 지상2층 엘리베이터 → [1F] 세마방면 지상1층 승강장 엘리베이터 → [1F] 세마방면 승강장,1. [1F] 1번 출입구 지상1층 엘리베이터 | 2. [2F] 1번 출입구 지상2층 엘리베이터 | 3. [2F] 개집표기 통과 | 4. [2F] 세마방면 지상2층 엘리베이터 | 5. [1F] 세마방면 지상1층 승강장 엘리베이터 | 6. [1F] 세마방면 승강장
KR_1_0432,1호선,오산대,1,출입구-승강장,2,2번 출입구 엘리베이터 → 세마 방면,1F → 2F → 1F,6,0,0,[1F] 2번 출입구 지상1층 엘리베이터 → [2F] 2번 출입구 지상2층 엘리베이터 → [2F] 개집표기 통과 → [2F] 세마방면 지상2층 엘리베이터 → [1F] 세마방면 지상1층 승강장 엘리베이터 → [1F] 세마방면 승강장,1. [1F] 2번 출입구 지상1층 엘리베이터 | 2. [2F] 2번 출입구 지상2층 엘리베이터 | 3. [2F] 개집표기 통과 | 4. [2F] 세마방면 지상2층 엘리베이터 | 5. [1F] 세마방면 지상1층 승강장 엘리베이터 | 6. [1F] 세마방면 승강장
KR_1_0432,1호선,오산대,1,출입구-승강장,3,1번 출입구 엘리베이터 → 오산 방면,1F → 2F → 1F,6,0,0,[1F] 1번 출입구 지상1층 엘리베이터 → [2F] 1번 출입구 지상2층 엘리베이터 → [2F] 개집표기 통과 → [2F] 오산방면 지상2층 엘리베이터 → [1F] 오산방면 지상1층 승강장 엘리베이터 → [1F] 오산방면 승강장,1. [1F] 1번 출입구 지상1층 엘리베이터 | 2. [2F] 1번 출입구 지상2층 엘리베이터 | 3. [2F] 개집표기 통과 | 4. [2F] 오산방면 지상2층 엘리베이터 | 5. [1F] 오산방면 지상1층 승강장 엘리베이터 | 6. [1F] 오산방면 승강장
KR_1_0432,1호선,오산대,1,출입구-승강장,4,2번 출입구 엘리베이터 → 오산 방면,1F → 2F → 1F,6,0,0,[1F] 2번 출입구 지상1층 엘리베이터 → [2F] 2번 출입구 지상2층 엘리베이터 → [2F] 개집표기 통과 → [2F] 오산방면 지상2층 엘리베이터 → [1F] 오산방면 지상1층 승강장 엘리베이터 → [1F] 오산방면 승강장,1. [1F] 2번 출입구 지상1층 엘리베이터 | 2. [2F] 2번 출입구 지상2층 엘리베이터 | 3. [2F] 개집표기 통과 | 4. [2F] 오산방면 지상2층 엘리베이터 | 5. [1F] 오산방면 지상1층 승강장 엘리베이터 | 6. [1F] 오산방면 승강장
KR_1_0431,1호선,오산,1,출입구-승강장,1,1번 출입구 엘리베이터 → 오산대 방면,1F → 2F → 1F,6,0,0,[1F] 1번 출입구 지상1층 엘리베이터 → [2F] 1번 출입구 지상2층 엘리베이터 → [2F] 개집표기 통과 → [2F] 오산대방면 지상2층 엘리베이터 → [1F] 오산대방면 지상1층 승강장 엘리베이터 → [1F] 오산대방면 승강장,1. [1F] 1번 출입구 지상1층 엘리베이터 | 2. [2F] 1번 출입구 지상2층 엘리베이터 | 3. [2F] 개집표기 통과 | 4. [2F] 오산대방면 지상2층 엘리베이터 | 5. [1F] 오산대방면 지상1층 승강장 엘리베이터 | 6. [1F] 오산대방면 승강장
KR_1_0431,1호선,오산,1,출입구-승강장,2,2번 출입구 엘리베이터 → 오산대 방면,1F → 2F → 1F,6,0,0,[1F] 2번 출입구 지상1층 엘리베이터 → [2F] 2번 출입구 지상2층 엘리베이터 → [2F] 개집표기 통과 → [2F] 오산대방면 지상2층 엘리베이터 → [1F] 오산대방면 지상1층 승강장 엘리베이터 → [1F] 오산대방면 승강장,1. [1F] 2번 출입구 지상1층 엘리베이터 | 2. [2F] 2번 출입구 지상2층 엘리베이터 | 3. [2F] 개집표기 통과 | 4. [2F] 오산대방면 지상2층 엘리베이터 | 5. [1F] 오산대방면 지상1층 승강장 엘리베이터 | 6. [1F] 오산대방면 승강장
KR_1_0431,1호선,오산,1,출입구-승강장,3,1번 출입구 엘리베이터 → 진위 방면,1F → 2F → 1F,6,0,0,[1F] 1번 출입구 지상1층 엘리베이터 → [2F] 1번 출입구 지상2층 엘리베이터 → [2F] 개집표기 통과 → [2F] 진위방면 지상2층 엘리베이터 → [1F] 진위방면 지상1층 승강장 엘리베이터 → [1F] 진위방면 승강장,1. [1F] 1번 출입구 지상1층 엘리베이터 | 2. [2F] 1번 출입구 지상2층 엘리베이터 | 3. [2F] 개집표기 통과 | 4. [2F] 진위방면 지상2층 엘리베이터 | 5. [1F] 진위방면 지상1층 승강장 엘리베이터 | 6. [1F] 진위방면 승강장
KR_1_0431,1호선,오산,1,출입구-승강장,4,2번 출입구 엘리베이터 → 진위 방면,1F → 2F → 1F,6,0,0,[1F] 2번 출입구 지상1층 엘리베이터 → [2F] 2번 출입구 지상2층 엘리베이터 → [2F] 개집표기 통과 → [2F] 진위방면 지상2층 엘리베이터 → [1F] 진위방면 지상1층 승강장 엘리베이터 → [1F] 진위방면 승강장,1. [1F] 2번 출입구 지상1층 엘리베이터 | 2. [2F] 2번 출입구 지상2층 엘리베이터 | 3. [2F] 개집표기 통과 | 4. [2F] 진위방면 지상2층 엘리베이터 | 5. [1F] 진위방면 지상1층 승강장 엘리베이터 | 6. [1F] 진위방면 승강장
KR_1_0540,1호선,진위,1,출입구-승강장,1,1번 출입구 엘리베이터 → 오산 방면,1F → 2F → 1F,6,0,0,[1F] 1번 출입구 지상1층 엘리베이터 → [2F] 1번 출입구 지상2층 엘리베이터 → [2F] 개집표기 통과 → [2F] 오산방면 지상2층 엘리베이터 → [1F] 오산방면 지상1층 승강장 엘리베이터 → [1F] 오산방면 승강장,1. [1F] 1번 출입구 지상1층 엘리베이터 | 2. [2F] 1번 출입구 지상2층 엘리베이터 | 3. [2F] 개집표기 통과 | 4. [2F] 오산방면 지상2층 엘리베이터 | 5. [1F] 오산방면 지상1층 승강장 엘리베이터 | 6. [1F] 오산방면 승강장
KR_1_0540,1호선,진위,1,출입구-승강장,2,2번 출입구 엘리베이터 → 오산 방면,1F → 2F → 1F,6,0,0,[1F] 2번 출입구 지상1층 엘리베이터 → [2F] 2번 출입구 지상2층 엘리베이터 → [2F] 개집표기 통과 → [2F] 오산방면 지상2층 엘리베이터 → [1F] 오산방면 지상1층 승강장 엘리베이터 → [1F] 오산방면 승강장,1. [1F] 2번 출입구 지상1층 엘리베이터 | 2. [2F] 2번 출입구 지상2층 엘리베이터 | 3. [2F] 개집표기 통과 | 4. [2F] 오산방면 지상2층 엘리베이터 | 5. [1F] 오산방면 지상1층 승강장 엘리베이터 | 6. [1F] 오산방면 승강장
KR_1_0540,1호선,진위,1,출입구-승강장,3,1번 출입구 엘리베이터 → 송탄 방면,1F → 2F → 1F,6,0,0,[1F] 1번 출입구 지상1층 엘리베이터 → [2F] 1번 출입구 지상2층 엘리베이터 → [2F] 개집표기 통과 → [2F] 송탄방면 지상2층 엘리베이터 → [1F] 송탄방면 지상1층 승강장 엘리베이터 → [1F] 송탄방면 승강장,1. [1F] 1번 출입구 지상1층 엘리베이터 | 2. [2F] 1번 출입구 지상2층 엘리베이터 | 3. [2F] 개집표기 통과 | 4. [2F] 송탄방면 지상2층 엘리베이터 | 5. [1F] 송탄방면 지상1층 승강장 엘리베이터 | 6. [1F] 송탄방면 승강장
KR_1_0540,1호선,진위,1,출입구-승강장,4,2번 출입구 엘리베이터 → 송탄 방면 ,1F → 2F → 1F,6,0,0,[1F] 2번 출입구 지상1층 엘리베이터 → [2F] 2번 출입구 지상2층 엘리베이터 → [2F] 개집표기 통과 → [2F] 송탄방면 지상2층 엘리베이터 → [1F] 송탄방면 지상1층 승강장 엘리베이터 → [1F] 송탄방면 승강장,1. [1F] 2번 출입구 지상1층 엘리베이터 | 2. [2F] 2번 출입구 지상2층 엘리베이터 | 3. [2F] 개집표기 통과 | 4. [2F] 송탄방면 지상2층 엘리베이터 | 5. [1F] 송탄방면 지상1층 승강장 엘리베이터 | 6. [1F] 송탄방면 승강장
KR_1_0331,1호선,송탄,1,출입구-승강장,1,2번/3번 출입구 사이 엘리베이터 → 진위 방면,1F → 2F → 1F,6,1,0,"[1F] 2번/3번 출입구 사이 지상 1층 엘리베이터 → [2F] 2번/3번 출입구 사이 지상 2층 엘리베이터 → [2F] 개집표기 통과 → 진위 방면 지상 2층 엘리베이터(으)로 1개 층 내려가기 (2F → 1F, 엘리베이터) → [1F] 진위 방면 지상 1층 승강장으로 이동 → [1F] 승차(휠체어칸)","1. [1F] 2번/3번 출입구 사이 지상 1층 엘리베이터 | 2. [2F] 2번/3번 출입구 사이 지상 2층 엘리베이터 | 3. [2F] 개집표기 통과 | 4. 진위 방면 지상 2층 엘리베이터(으)로 1개 층 내려가기 (2F → 1F, 엘리베이터) | 5. [1F] 진위 방면 지상 1층 승강장으로 이동 | 6. [1F] 승차(휠체어칸)"
KR_1_0331,1호선,송탄,1,출입구-승강장,2,6번 출입구 엘리베이터 → 진위 방면,1F → 2F → 1F,6,1,0,"[1F] 6번 출입구 사이 지상 1층 엘리베이터 → [2F] 6번 출입구 사이 지상 2층 엘리베이터 → [2F] 개집표기 통과 → 진위 방면 지상 2층 엘리베이터(으)로 1개 층 내려가기 (2F → 1F, 엘리베이터) → [1F] 진위 방면 지상 1층 승강장으로 이동 → [1F] 승차(휠체어칸)","1. [1F] 6번 출입구 사이 지상 1층 엘리베이터 | 2. [2F] 6번 출입구 사이 지상 2층 엘리베이터 | 3. [2F] 개집표기 통과 | 4. 진위 방면 지상 2층 엘리베이터(으)로 1개 층 내려가기 (2F → 1F, 엘리베이터) | 5. [1F] 진위 방면 지상 1층 승강장으로 이동 | 6. [1F] 승차(휠체어칸)"
KR_1_0331,1호선,송탄,1,출입구-승강장,3,2번/3번 출입구 사이 엘리베이터 → 서정리 방면,1F → 2F → 1F,6,1,0,"[1F] 2번/3번 출입구 사이 지상 1층 엘리베이터 → [2F] 2번/3번 출입구 사이 지상 2층 엘리베이터 → [2F] 개집표기 통과 → 서정리 방면 지상 2층 엘리베이터(으)로 1개 층 내려가기 (2F → 1F, 엘리베이터) → [1F] 서정리 방면 지상 1층 승강장으로 이동 → [1F] 승차(휠체어칸)","1. [1F] 2번/3번 출입구 사이 지상 1층 엘리베이터 | 2. [2F] 2번/3번 출입구 사이 지상 2층 엘리베이터 | 3. [2F] 개집표기 통과 | 4. 서정리 방면 지상 2층 엘리베이터(으)로 1개 층 내려가기 (2F → 1F, 엘리베이터) | 5. [1F] 서정리 방면 지상 1층 승강장으로 이동 | 6. [1F] 승차(휠체어칸)"
KR_1_0331,1호선,송탄,1,출입구-승강장,4,6번 출입구 엘리베이터 → 서정리 방면,1F → 2F → 1F,6,1,0,"[1F] 6번 출입구 사이 지상 1층 엘리베이터 → [2F] 6번 출입구 사이 지상 2층 엘리베이터 → [2F] 개집표기 통과 → 서정리 방면 지상 2층 엘리베이터(으)로 1개 층 내려가기 (2F → 1F, 엘리베이터) → [1F] 서정리 방면 지상 1층 승강장으로 이동 → [1F] 승차(휠체어칸)","1. [1F] 6번 출입구 사이 지상 1층 엘리베이터 | 2. [2F] 6번 출입구 사이 지상 2층 엘리베이터 | 3. [2F] 개집표기 통과 | 4. 서정리 방면 지상 2층 엘리베이터(으)로 1개 층 내려가기 (2F → 1F, 엘리베이터) | 5. [1F] 서정리 방면 지상 1층 승강장으로 이동 | 6. [1F] 승차(휠체어칸)"
KR_1_0297,1호선,서정리,1,출입구-승강장,1,1번 출입구 엘리베이터 → 송탄 방면,1F → 2F → 1F,5,0,0,[1F] 1번 출입구 지상1층 엘리베이터 → [2F] 1번 출입구 지상2층 엘리베이터 → [2F] 송탄방면 지상2층 엘리베이터 → [1F] 송탄방면 지상1층 승강장 엘리베이터 → [1F] 송탄방면 승강장,1. [1F] 1번 출입구 지상1층 엘리베이터 | 2. [2F] 1번 출입구 지상2층 엘리베이터 | 3. [2F] 송탄방면 지상2층 엘리베이터 | 4. [1F] 송탄방면 지상1층 승강장 엘리베이터 | 5. [1F] 송탄방면 승강장
KR_1_0297,1호선,서정리,1,출입구-승강장,2,2/3번 출입구 사이 엘리베이터 → 송탄 방면,1F → 2F → 1F,5,0,0,[1F] 2번/3번 출입구 사이 지상1층 엘리베이터 → [2F] 2번/3번 출입구 사이 지상2층 엘리베이터 → [2F] 송탄방면 지상2층 엘리베이터 → [1F] 송탄방면 지상1층 승강장 엘리베이터 → [1F] 송탄방면 승강장,1. [1F] 2번/3번 출입구 사이 지상1층 엘리베이터 | 2. [2F] 2번/3번 출입구 사이 지상2층 엘리베이터 | 3. [2F] 송탄방면 지상2층 엘리베이터 | 4. [1F] 송탄방면 지상1층 승강장 엘리베이터 | 5. [1F] 송탄방면 승강장
KR_1_0297,1호선,서정리,1,출입구-승강장,3,1번 출입구 엘리베이터 → 지제 방면,1F → 2F → 1F,5,0,0,[1F] 1번 출입구 지상1층 엘리베이터 → [2F] 1번 출입구 지상2층 엘리베이터 → [2F] 지제방면 지상2층 엘리베이터 → [1F] 지제방면 지상1층 승강장 엘리베이터 → [1F] 지제방면 승강장,1. [1F] 1번 출입구 지상1층 엘리베이터 | 2. [2F] 1번 출입구 지상2층 엘리베이터 | 3. [2F] 지제방면 지상2층 엘리베이터 | 4. [1F] 지제방면 지상1층 승강장 엘리베이터 | 5. [1F] 지제방면 승강장
KR_1_0297,1호선,서정리,1,출입구-승강장,4,2/3번 출입구 사이 엘리베이터 → 지제 방면,1F → 2F → 1F,5,0,0,[1F] 2번/3번 출입구 사이 지상1층 엘리베이터 → [2F] 2번/3번 출입구 사이 지상2층 엘리베이터 → [2F] 지제방면 지상2층 엘리베이터 → [1F] 지제방면 지상1층 승강장 엘리베이터 → [1F] 지제방면 승강장,1. [1F] 2번/3번 출입구 사이 지상1층 엘리베이터 | 2. [2F] 2번/3번 출입구 사이 지상2층 엘리베이터 | 3. [2F] 지제방면 지상2층 엘리베이터 | 4. [1F] 지제방면 지상1층 승강장 엘리베이터 | 5. [1F] 지제방면 승강장
KR_1_0535,1호선,평택지제,1,출입구-승강장,1,1번 출입구 엘리베이터 → 평택 방면,1F → 2F → 1F,6,0,0,[1F] 1번 출입구 지상 1층 엘리베이터 → [2F] 1번 출입구 지상2층 엘리베이터 → [2F] 개집표기 통과 → [2F] 평택방면 지상2층 엘리베이터 → [1F] 평택방면 지상1층 승강장 엘리베이터 → [1F] 평택방면 승강장,1. [1F] 1번 출입구 지상 1층 엘리베이터 | 2. [2F] 1번 출입구 지상2층 엘리베이터 | 3. [2F] 개집표기 통과 | 4. [2F] 평택방면 지상2층 엘리베이터 | 5. [1F] 평택방면 지상1층 승강장 엘리베이터 | 6. [1F] 평택방면 승강장
KR_1_0535,1호선,평택지제,1,출입구-승강장,2,2번 출입구 엘리베이터 → 평택 방면,1F → 2F → 1F,6,0,0,[1F] 2번 출입구 지상1층 엘리베이터 → [2F] 2번 출입구 지상2층 엘리베이터 → [2F] 개집표기 통과 → [2F] 평택방면 지상2층 엘리베이터 → [1F] 평택방면 지상1층 승강장 엘리베이터 → [1F] 평택방면 승강장,1. [1F] 2번 출입구 지상1층 엘리베이터 | 2. [2F] 2번 출입구 지상2층 엘리베이터 | 3. [2F] 개집표기 통과 | 4. [2F] 평택방면 지상2층 엘리베이터 | 5. [1F] 평택방면 지상1층 승강장 엘리베이터 | 6. [1F] 평택방면 승강장
KR_1_0535,1호선,평택지제,1,출입구-승강장,3,1번 출입구 엘리베이터 → 서정리 방면,1F → 2F → 1F,6,0,0,[1F] 1번 출입구 지상1층 엘리베이터 → [2F] 1번 출입구 지상2층 엘리베이터 → [2F] 개집표기 통과 → [2F] 서정리방면 지상2층 엘리베이터 → [1F] 서정리방면 지상1층 승강장 엘리베이터 → [1F] 서정리방면 승강장,1. [1F] 1번 출입구 지상1층 엘리베이터 | 2. [2F] 1번 출입구 지상2층 엘리베이터 | 3. [2F] 개집표기 통과 | 4. [2F] 서정리방면 지상2층 엘리베이터 | 5. [1F] 서정리방면 지상1층 승강장 엘리베이터 | 6. [1F] 서정리방면 승강장
KR_1_0535,1호선,평택지제,1,출입구-승강장,4,2번 출입구 엘리베이터 → 서정리 방면,1F → 2F → 1F,6,0,0,[1F] 2번 출입구 지상1층 엘리베이터 → [2F] 2번 출입구 지상2층 엘리베이터 → [2F] 개집표기 통과 → [2F] 서정리방면 지상2층 엘리베이터 → [1F] 서정리방면 지상1층 승강장 엘리베이터 → [1F] 서정리방면 승강장,1. [1F] 2번 출입구 지상1층 엘리베이터 | 2. [2F] 2번 출입구 지상2층 엘리베이터 | 3. [2F] 개집표기 통과 | 4. [2F] 서정리방면 지상2층 엘리베이터 | 5. [1F] 서정리방면 지상1층 승강장 엘리베이터 | 6. [1F] 서정리방면 승강장
KR_1_0579,1호선,평택,1,출입구-승강장,1,1번 출입구 엘리베이터 → 성환 방면,2F → 1F,5,0,0,[2F] 1번 출입구 지상2층 엘리베이터 → [2F] 개집표기 통과 → [2F] 성환방면 지상2층 엘리베이터 → [1F] 성황방면 지상1층 승강장 엘리베이터 → [1F] 성황방면 승강장,1. [2F] 1번 출입구 지상2층 엘리베이터 | 2. [2F] 개집표기 통과 | 3. [2F] 성환방면 지상2층 엘리베이터 | 4. [1F] 성황방면 지상1층 승강장 엘리베이터 | 5. [1F] 성황방면 승강장
KR_1_0579,1호선,평택,1,출입구-승강장,2,2번 출입구 엘리베이터 → 성환 방면,1F → 2F → 1F,6,0,0,[1F] 2번 출입구 지상1층 엘리베이터 → [2F] 2번 출입구 지상2층 엘리베이터 → [2F] 개집표기 통과 → [2F] 성황방면 지상2층 엘리베이터 → [1F] 성황방면 지상1층 승강장 엘리베이터 → [1F] 성황방면 승강장,1. [1F] 2번 출입구 지상1층 엘리베이터 | 2. [2F] 2번 출입구 지상2층 엘리베이터 | 3. [2F] 개집표기 통과 | 4. [2F] 성황방면 지상2층 엘리베이터 | 5. [1F] 성황방면 지상1층 승강장 엘리베이터 | 6. [1F] 성황방면 승강장
KR_1_0579,1호선,평택,1,출입구-승강장,3,1번 출입구 엘리베이터 → 지제 방면,2F → 1F,5,0,0,[2F] 1번 출입구 지상2층 엘리베이터 → [2F] 개집표기 통과 → [2F] 지제방면 지상2층 엘리베이터 → [1F] 지제방면 지상1층 승강장 엘리베이터 → [1F] 지제방면 승강장,1. [2F] 1번 출입구 지상2층 엘리베이터 | 2. [2F] 개집표기 통과 | 3. [2F] 지제방면 지상2층 엘리베이터 | 4. [1F] 지제방면 지상1층 승강장 엘리베이터 | 5. [1F] 지제방면 승강장
KR_1_0579,1호선,평택,1,출입구-승강장,4,2번 출입구 엘리베이터 → 지제 방면,1F → 2F → 1F,6,0,0,[1F] 2번 출입구 지상1층 엘리베이터 → [2F] 2번 출입구 지상2층 엘리베이터 → [2F] 개집표기 통과 → [2F] 지제방면 지상2층 엘리베이터 → [1F] 지제방면 지상1층 승강장 엘리베이터 → [1F] 지제방면 승강장,1. [1F] 2번 출입구 지상1층 엘리베이터 | 2. [2F] 2번 출입구 지상2층 엘리베이터 | 3. [2F] 개집표기 통과 | 4. [2F] 지제방면 지상2층 엘리베이터 | 5. [1F] 지제방면 지상1층 승강장 엘리베이터 | 6. [1F] 지제방면 승강장
KR_1_0317,1호선,성환,1,출입구-승강장,1,1번 출입구 엘리베이터 → 평택 방면,1F → 2F → 1F,6,0,0,[1F] 1번 출입구 지상1층 엘리베이터 → [2F] 1번 출입구 지상2층 엘리베이터 → [2F] 개집표기 통과 → [2F] 평택방면 지상2층 엘리베이터 → [1F] 평택방면 지상1층 승강장 엘리베이터 → [1F] 평택방면 승강장,1. [1F] 1번 출입구 지상1층 엘리베이터 | 2. [2F] 1번 출입구 지상2층 엘리베이터 | 3. [2F] 개집표기 통과 | 4. [2F] 평택방면 지상2층 엘리베이터 | 5. [1F] 평택방면 지상1층 승강장 엘리베이터 | 6. [1F] 평택방면 승강장
KR_1_0317,1호선,성환,1,출입구-승강장,2,2번 출입구 엘리베이터 → 평택 방면,1F → 2F → 1F,6,0,0,[1F] 2번 출입구 지상1층 엘리베이터 → [2F] 2번 출입구 지상2층 엘리베이터 → [2F] 개집표기 통과 → [2F] 평택방면 지상2층 엘리베이터 → [1F] 평택방면 지상1층 승강장 엘리베이터 → [1F] 평택방면 승강장,1. [1F] 2번 출입구 지상1층 엘리베이터 | 2. [2F] 2번 출입구 지상2층 엘리베이터 | 3. [2F] 개집표기 통과 | 4. [2F] 평택방면 지상2층 엘리베이터 | 5. [1F] 평택방면 지상1층 승강장 엘리베이터 | 6. [1F] 평택방면 승강장
KR_1_0317,1호선,성환,1,출입구-승강장,3,1번 출입구 엘리베이터 → 직산 방면,1F → 2F → 1F,6,0,0,[1F] 1번 출입구 지상1층 엘리베이터 → [2F] 1번 출입구 지상2층 엘리베이터 → [2F] 개집표기 통과 → [2F] 직산방면 지상2층 엘리베이터 → [1F] 직산방면 지상1층 승강장 엘리베이터 → [1F] 직산방면 승강장,1. [1F] 1번 출입구 지상1층 엘리베이터 | 2. [2F] 1번 출입구 지상2층 엘리베이터 | 3. [2F] 개집표기 통과 | 4. [2F] 직산방면 지상2층 엘리베이터 | 5. [1F] 직산방면 지상1층 승강장 엘리베이터 | 6. [1F] 직산방면 승강장
KR_1_0317,1호선,성환,1,출입구-승강장,4,2번 출입구 엘리베이터 → 직산 방면,1F → 2F → 1F,6,0,0,[1F] 2번 출입구 지상1층 엘리베이터 → [2F] 2번 출입구 지상2층 엘리베이터 → [2F] 개집표기 통과 → [2F] 직산방면 지상2층 엘리베이터 → [1F] 직산방면 지상1층 승강장 엘리베이터 → [1F] 직산방면 승강장,1. [1F] 2번 출입구 지상1층 엘리베이터 | 2. [2F] 2번 출입구 지상2층 엘리베이터 | 3. [2F] 개집표기 통과 | 4. [2F] 직산방면 지상2층 엘리베이터 | 5. [1F] 직산방면 지상1층 승강장 엘리베이터 | 6. [1F] 직산방면 승강장
KR_1_0539,1호선,직산,1,출입구-승강장,1,1번 출입구 엘리베이터 → 두정 방면,1F → 2F → 1F,5,0,0,[1F] 1번 출입구 지상1층 엘리베이터 → [2F] 1번 출입구 지상2층 엘리베이터 → [2F] 두정방면 지상2층 엘리베이터 → [1F] 두정방면 지상1층 승강장 엘리베이터 → [1F] 두정방면 승강장,1. [1F] 1번 출입구 지상1층 엘리베이터 | 2. [2F] 1번 출입구 지상2층 엘리베이터 | 3. [2F] 두정방면 지상2층 엘리베이터 | 4. [1F] 두정방면 지상1층 승강장 엘리베이터 | 5. [1F] 두정방면 승강장
KR_1_0539,1호선,직산,1,출입구-승강장,2,2번 출입구 엘리베이터 → 두정 방면,1F → 2F → 1F,5,0,0,[1F] 2번 출입구 지상1층 엘리베이터 → [2F] 2번 출입구 지상2층 엘리베이터 → [2F] 두정방면 지상2층 엘리베이터 → [1F] 두정방면 지상1층 승강장 엘리베이터 → [1F] 두정방면 승강장,1. [1F] 2번 출입구 지상1층 엘리베이터 | 2. [2F] 2번 출입구 지상2층 엘리베이터 | 3. [2F] 두정방면 지상2층 엘리베이터 | 4. [1F] 두정방면 지상1층 승강장 엘리베이터 | 5. [1F] 두정방면 승강장
KR_1_0539,1호선,직산,1,출입구-승강장,3,1번 출입구 엘리베이터 → 성환 방면,2F → 1F,5,0,0,1번 출입구 엘리베이터 → [2F] 1번 출입구 지상2층 엘리베이터 → [2F] 성황방면 지상2층 엘리베이터 → [1F] 성환방면 지상1층 승강장 엘리베이터 → [1F] 성환방면 승강장,1. 1번 출입구 엘리베이터 | 2. [2F] 1번 출입구 지상2층 엘리베이터 | 3. [2F] 성황방면 지상2층 엘리베이터 | 4. [1F] 성환방면 지상1층 승강장 엘리베이터 | 5. [1F] 성환방면 승강장
KR_1_0539,1호선,직산,1,출입구-승강장,4,2번 출입구 엘리베이터 → 성환 방면,1F → 2F → 1F,5,0,0,[1F] 2번 출입구 지상1층 엘리베이터 → [2F] 2번 출입구 지상2층 엘리베이터 → [2F] 성환방면 지상2층 엘리베이터 → [1F] 성환방면 지상1층 승강장 엘리베이터 → [1F] 성환방면 승강장,1. [1F] 2번 출입구 지상1층 엘리베이터 | 2. [2F] 2번 출입구 지상2층 엘리베이터 | 3. [2F] 성환방면 지상2층 엘리베이터 | 4. [1F] 성환방면 지상1층 승강장 엘리베이터 | 5. [1F] 성환방면 승강장
KR_1_0170,1호선,두정,1,출입구-승강장,1,1번 출입구 → 직산 방면,,5,0,0,1번 출입구 대합실 이동 → 개집표기 통과 → 직산 방면 승강장으로 이동 → 승차(휠체어칸) → 직산 방면 엘리베이터 이용 (엘리베이터),1. 1번 출입구 대합실 이동 | 2. 개집표기 통과 | 3. 직산 방면 승강장으로 이동 | 4. 승차(휠체어칸) | 5. 직산 방면 엘리베이터 이용 (엘리베이터)
KR_1_0170,1호선,두정,1,출입구-승강장,2,1번 출입구 → 천안 방면,,5,0,0,1번 출입구 대합실 이동 → 개집표기 통과 → 천안 방면 승강장으로 이동 → 승차(휠체어칸) → 천안 방면 엘리베이터 이용 (엘리베이터),1. 1번 출입구 대합실 이동 | 2. 개집표기 통과 | 3. 천안 방면 승강장으로 이동 | 4. 승차(휠체어칸) | 5. 천안 방면 엘리베이터 이용 (엘리베이터)
KR_1_0170,1호선,두정,1,출입구-승강장,3,2번 출입구 → 직산 방면,,5,0,0,2번 출입구 대합실 이동 → 개집표기 통과 → 직산 방면 승강장으로 이동 → 승차(휠체어칸) → 직산 방면 엘리베이터 이용 (엘리베이터),1. 2번 출입구 대합실 이동 | 2. 개집표기 통과 | 3. 직산 방면 승강장으로 이동 | 4. 승차(휠체어칸) | 5. 직산 방면 엘리베이터 이용 (엘리베이터)
KR_1_0170,1호선,두정,1,출입구-승강장,4,2번 출입구 → 천안 방면,,5,0,0,2번 출입구 대합실 이동 → 개집표기 통과 → 천안 방면 승강장으로 이동 → 승차(휠체어칸) → 천안 방면 엘리베이터 이용 (엘리베이터),1. 2번 출입구 대합실 이동 | 2. 개집표기 통과 | 3. 천안 방면 승강장으로 이동 | 4. 승차(휠체어칸) | 5. 천안 방면 엘리베이터 이용 (엘리베이터)
KR_1_0544,1호선,천안,1,출입구-승강장,1,1번 출입구 엘리베이터 → 봉명 방면,1F → 2F → 1F,5,0,0,[1F] 1번 출입구 지상1층 엘리베이터 → [2F] 1번 출입구 지상2층 엘리베이터 → [2F] 봉명방면 지상2층 엘리베이터 → [1F] 봉명방면 지상1층 승강장 엘리베이터 → [1F] 봉명방면 승강장,1. [1F] 1번 출입구 지상1층 엘리베이터 | 2. [2F] 1번 출입구 지상2층 엘리베이터 | 3. [2F] 봉명방면 지상2층 엘리베이터 | 4. [1F] 봉명방면 지상1층 승강장 엘리베이터 | 5. [1F] 봉명방면 승강장
KR_1_0544,1호선,천안,1,출입구-승강장,2,2번 출입구 엘리베이터 → 봉명 방면,1F → 2F → 1F,5,0,0,[1F] 2번 출입구 지상1층 엘리베이터 → [2F] 2번 출입구 지상2층 엘리베이터 → [2F] 봉명방면 지상2층 엘리베이터 → [1F] 봉명방면 지상1층 승강장 엘리베이터 → [1F] 봉명방면 승강장,1. [1F] 2번 출입구 지상1층 엘리베이터 | 2. [2F] 2번 출입구 지상2층 엘리베이터 | 3. [2F] 봉명방면 지상2층 엘리베이터 | 4. [1F] 봉명방면 지상1층 승강장 엘리베이터 | 5. [1F] 봉명방면 승강장
KR_1_0544,1호선,천안,1,출입구-승강장,3,1번 출입구 엘리베이터 → 두정 방면,1F → 2F → 1F,5,0,0,[1F] 1번 출입구 지상1층 엘리베이터 → [2F] 1번 출입구 지상2층 엘리베이터 → [2F] 봉명방면 지상2층 엘리베이터 → [1F] 봉명방면 지상1층 승강장 엘리베이터 → [1F] 두정방면 승강장,1. [1F] 1번 출입구 지상1층 엘리베이터 | 2. [2F] 1번 출입구 지상2층 엘리베이터 | 3. [2F] 봉명방면 지상2층 엘리베이터 | 4. [1F] 봉명방면 지상1층 승강장 엘리베이터 | 5. [1F] 두정방면 승강장
KR_1_0544,1호선,천안,1,출입구-승강장,4,2번 출입구 엘리베이터 → 두정 방면,1F → 2F → 1F,5,0,0,[1F] 2번 출입구 지상1층 엘리베이터 → [2F] 2번 출입구 지상2층 엘리베이터 → [2F] 봉명방면 지상2층 엘리베이터 → [1F] 봉명방면 지상1층 승강장 엘리베이터 → [1F] 두정방면 승강장,1. [1F] 2번 출입구 지상1층 엘리베이터 | 2. [2F] 2번 출입구 지상2층 엘리베이터 | 3. [2F] 봉명방면 지상2층 엘리베이터 | 4. [1F] 봉명방면 지상1층 승강장 엘리베이터 | 5. [1F] 두정방면 승강장
KR_1_0240,1호선,봉명,1,출입구-승강장,1,1번 출입구 엘리베이터 → 천안 방면,1F → 2F → 1F,6,2,0,"1번 출입구 지상1층 엘리베이터(으)로 1개 층 올라가기 (1F → 2F, 엘리베이터) → [2F] 지상 2층 대합실 방면 이동 → [2F] 표 내는곳 통과 → 지상 2층 천안 방면 엘리베이터(으)로 1개 층 내려가기 (2F → 1F, 엘리베이터) → [1F] 지상 1층 천안 방면 승강장으로 이동 → [1F] 승차(휠체어칸)","1. 1번 출입구 지상1층 엘리베이터(으)로 1개 층 올라가기 (1F → 2F, 엘리베이터) | 2. [2F] 지상 2층 대합실 방면 이동 | 3. [2F] 표 내는곳 통과 | 4. 지상 2층 천안 방면 엘리베이터(으)로 1개 층 내려가기 (2F → 1F, 엘리베이터) | 5. [1F] 지상 1층 천안 방면 승강장으로 이동 | 6. [1F] 승차(휠체어칸)"
KR_1_0240,1호선,봉명,1,출입구-승강장,2,2번 출입구 엘리베이터 → 천안 방면,1F → 2F → 1F,6,2,0,"2번 출입구 근처 지상1층 엘리베이터(으)로 1개 층 올라가기 (1F → 2F, 엘리베이터) → [2F] 지상 2층 대합실 방면 이동 → [2F] 표 내는곳 통과 → 지상 2층 천안 방면 엘리베이터(으)로 1개 층 내려가기 (2F → 1F, 엘리베이터) → [1F] 지상 1층 천안 방면 승강장으로 이동 → [1F] 승차(휠체어칸)","1. 2번 출입구 근처 지상1층 엘리베이터(으)로 1개 층 올라가기 (1F → 2F, 엘리베이터) | 2. [2F] 지상 2층 대합실 방면 이동 | 3. [2F] 표 내는곳 통과 | 4. 지상 2층 천안 방면 엘리베이터(으)로 1개 층 내려가기 (2F → 1F, 엘리베이터) | 5. [1F] 지상 1층 천안 방면 승강장으로 이동 | 6. [1F] 승차(휠체어칸)"
KR_1_0240,1호선,봉명,1,출입구-승강장,3,1번 출입구 엘리베이터 → 쌍용 방면,1F,5,0,0,[1F] 대합실 이동 → [1F] 표 내는곳 통과 → [1F] 쌍용 방면 승강장으로 이동 → [1F] 승차(휠체어칸) → 쌍용 방면 엘리베이터 이용 (엘리베이터),1. [1F] 대합실 이동 | 2. [1F] 표 내는곳 통과 | 3. [1F] 쌍용 방면 승강장으로 이동 | 4. [1F] 승차(휠체어칸) | 5. 쌍용 방면 엘리베이터 이용 (엘리베이터)
KR_1_0240,1호선,봉명,1,출입구-승강장,4,2번 출입구 엘리베이터 → 쌍용 방면,1F,5,0,0,[1F] 대합실 이동 → [1F] 표 내는곳 통과 → [1F] 쌍용 방면 승강장으로 이동 → [1F] 승차(휠체어칸) → 쌍용 방면 엘리베이터 이용 (엘리베이터),1. [1F] 대합실 이동 | 2. [1F] 표 내는곳 통과 | 3. [1F] 쌍용 방면 승강장으로 이동 | 4. [1F] 승차(휠체어칸) | 5. 쌍용 방면 엘리베이터 이용 (엘리베이터)
KR_1_0381,1호선,쌍용,1,출입구-승강장,1,1번 출입구 → 봉명 방면,1F → 2F,5,0,0,1번 출입구 → 개집표기 통과 → [1F] 봉명방면 지상1층 엘리베이터 → [2F] 봉명방면 지상2층 승강장 엘리베이터 → [2F] 봉명방면 승강장,1. 1번 출입구 | 2. 개집표기 통과 | 3. [1F] 봉명방면 지상1층 엘리베이터 | 4. [2F] 봉명방면 지상2층 승강장 엘리베이터 | 5. [2F] 봉명방면 승강장
KR_1_0381,1호선,쌍용,1,출입구-승강장,2,2번 출입구 → 봉명 방면,1F → 2F,5,0,0,2번 출입구 → 개집표기 통과 → [1F] 봉명방면 지상1층 엘리베이터 → [2F] 봉명방면 지상2층 승강장 엘리베이터 → [2F] 봉명방면 승강장,1. 2번 출입구 | 2. 개집표기 통과 | 3. [1F] 봉명방면 지상1층 엘리베이터 | 4. [2F] 봉명방면 지상2층 승강장 엘리베이터 | 5. [2F] 봉명방면 승강장
KR_1_0381,1호선,쌍용,1,출입구-승강장,3,1번 출입구 → 아산 방면,1F → 2F,5,0,0,1번 출입구 → 개집표기 통과 → [1F] 아산방면 지상1층 엘리베이터 → [2F] 아산방면 지상2층 승강장 엘리베이터 → [2F] 아산방면 승강장,1. 1번 출입구 | 2. 개집표기 통과 | 3. [1F] 아산방면 지상1층 엘리베이터 | 4. [2F] 아산방면 지상2층 승강장 엘리베이터 | 5. [2F] 아산방면 승강장
KR_1_0381,1호선,쌍용,1,출입구-승강장,4,2번 출입구 → 아산 방면,1F → 2F,5,0,0,2번 출입구 → 개집표기 통과 → [1F] 아산방면 지상1층 엘리베이터 → [2F] 아산방면 지상2층 승강장 엘리베이터 → [2F] 아산방면 승강장,1. 2번 출입구 | 2. 개집표기 통과 | 3. [1F] 아산방면 지상1층 엘리베이터 | 4. [2F] 아산방면 지상2층 승강장 엘리베이터 | 5. [2F] 아산방면 승강장
KR_1_0382,1호선,아산,1,출입구-승강장,1,1번 출입구 → 탕정 방면,1F → 2F,5,0,0,1번 출입구 → 개집표기 통과 → [1F] 탕정방면 지상1층 엘리베이터 → [2F] 탕정방면 지상2층 승강장 엘리베이터 → [2F] 탕정방면 승강장,1. 1번 출입구 | 2. 개집표기 통과 | 3. [1F] 탕정방면 지상1층 엘리베이터 | 4. [2F] 탕정방면 지상2층 승강장 엘리베이터 | 5. [2F] 탕정방면 승강장
KR_1_0382,1호선,아산,1,출입구-승강장,2,2번 출입구 → 탕정 방면 ,1F → 2F,5,0,0,2번 출입구 → 개집표기 통과 → [1F] 탕정방면 지상1층 엘리베이터 → [2F] 탕정방면 지상2층 승강장 엘리베이터 → [2F] 탕정방면 승강장,1. 2번 출입구 | 2. 개집표기 통과 | 3. [1F] 탕정방면 지상1층 엘리베이터 | 4. [2F] 탕정방면 지상2층 승강장 엘리베이터 | 5. [2F] 탕정방면 승강장
KR_1_0382,1호선,아산,1,출입구-승강장,3,1번 출입구 → 쌍용 방면,1F → 2F,5,0,0,1번 출입구 → 개집표기 통과 → [1F] 쌍용방면 지상1층 엘리베이터 → [2F] 쌍용방면 지상2층 승강장 엘리베이터 → [2F] 쌍용방면 승강장,1. 1번 출입구 | 2. 개집표기 통과 | 3. [1F] 쌍용방면 지상1층 엘리베이터 | 4. [2F] 쌍용방면 지상2층 승강장 엘리베이터 | 5. [2F] 쌍용방면 승강장
KR_1_0382,1호선,아산,1,출입구-승강장,4,2번 출입구 → 쌍용 방면,1F → 2F,5,0,0,2번 출입구 → 개집표기 통과 → [1F] 쌍용방면 지상1층 엘리베이터 → [2F] 쌍용방면 지상2층 승강장 엘리베이터 → [2F] 쌍용방면 승강장,1. 2번 출입구 | 2. 개집표기 통과 | 3. [1F] 쌍용방면 지상1층 엘리베이터 | 4. [2F] 쌍용방면 지상2층 승강장 엘리베이터 | 5. [2F] 쌍용방면 승강장
KR_1_1356,1호선,탕정,1,출입구-승강장,1,1번 출입구 → 아산 방면 승강장,1F → 2F,5,1,0,"[1F] 1번 출입구 대합실로 이동 → [1F] 표 내는 곳 통과 → 아산 방면 엘리베이터(으)로 1개 층 올라가기 (1F → 2F, 엘리베이터) → [2F] 아산 방면 승강장으로 이동 → [2F] 승차 (휠체어칸)","1. [1F] 1번 출입구 대합실로 이동 | 2. [1F] 표 내는 곳 통과 | 3. 아산 방면 엘리베이터(으)로 1개 층 올라가기 (1F → 2F, 엘리베이터) | 4. [2F] 아산 방면 승강장으로 이동 | 5. [2F] 승차 (휠체어칸)"
KR_1_1356,1호선,탕정,1,출입구-승강장,2,1번 출입구 → 배방 방면 승강장,1F → 2F,5,1,0,"[1F] 1번 출입구 대합실로 이동 → [1F] 표 내는 곳 통과 → 배방 방면 엘리베이터(으)로 1개 층 올라가기 (1F → 2F, 엘리베이터) → [2F] 배방 방면 승강장으로 이동 → [2F] 승차 (휠체어칸)","1. [1F] 1번 출입구 대합실로 이동 | 2. [1F] 표 내는 곳 통과 | 3. 배방 방면 엘리베이터(으)로 1개 층 올라가기 (1F → 2F, 엘리베이터) | 4. [2F] 배방 방면 승강장으로 이동 | 5. [2F] 승차 (휠체어칸)"
KR_1_1356,1호선,탕정,1,출입구-승강장,3,2번 출입구 → 아산 방면 승강장,1F → 2F,5,1,0,"[1F] 2번 출입구 대합실로 이동 → [1F] 표 내는 곳 통과 → 아산 방면 엘리베이터(으)로 1개 층 올라가기 (1F → 2F, 엘리베이터) → [2F] 아산 방면 승강장으로 이동 → [2F] 승차 (휠체어칸)","1. [1F] 2번 출입구 대합실로 이동 | 2. [1F] 표 내는 곳 통과 | 3. 아산 방면 엘리베이터(으)로 1개 층 올라가기 (1F → 2F, 엘리베이터) | 4. [2F] 아산 방면 승강장으로 이동 | 5. [2F] 승차 (휠체어칸)"
KR_1_1356,1호선,탕정,1,출입구-승강장,4,2번 출입구 → 배방 방면 승강장,1F → 2F,5,1,0,"[1F] 2번 출입구 대합실로 이동 → [1F] 표 내는 곳 통과 → 배방 방면 엘리베이터(으)로 1개 층 올라가기 (1F → 2F, 엘리베이터) → [2F] 배방 방면 승강장으로 이동 → [2F] 승차 (휠체어칸)","1. [1F] 2번 출입구 대합실로 이동 | 2. [1F] 표 내는 곳 통과 | 3. 배방 방면 엘리베이터(으)로 1개 층 올라가기 (1F → 2F, 엘리베이터) | 4. [2F] 배방 방면 승강장으로 이동 | 5. [2F] 승차 (휠체어칸)"
KR_1_0222,1호선,배방,1,출입구-승강장,1,1번 출입구 → 탕정 방면,1F → 2F,5,0,0,1번 출입구 → 개집표기 통과 → [1F] 탕정방면 지상1층 엘리베이터 → [2F] 탕정방면 지상2층 승강장 엘리베이터 → [2F] 탕정방면 승강장,1. 1번 출입구 | 2. 개집표기 통과 | 3. [1F] 탕정방면 지상1층 엘리베이터 | 4. [2F] 탕정방면 지상2층 승강장 엘리베이터 | 5. [2F] 탕정방면 승강장
KR_1_0222,1호선,배방,1,출입구-승강장,2,2번 출입구 → 탕정 방면,1F → 2F,5,0,0,2번 출입구 → 개집표기 통과 → [1F] 탕정방면 지상1층 엘리베이터 → [2F] 탕정방면 지상2층 승강장 엘리베이터 → [2F] 탕정방면 승강장,1. 2번 출입구 | 2. 개집표기 통과 | 3. [1F] 탕정방면 지상1층 엘리베이터 | 4. [2F] 탕정방면 지상2층 승강장 엘리베이터 | 5. [2F] 탕정방면 승강장
KR_1_0222,1호선,배방,1,출입구-승강장,3,1번 출입구 → 온양온천 방면,1F → 2F,5,0,0,1번 출입구 → 개집표기 통과 → [1F] 온양온천방면 지상1층 엘리베이터 → [2F] 온양온천방면 지상2층 승강장 엘리베이터 → [2F] 온양온천방면 승강장,1. 1번 출입구 | 2. 개집표기 통과 | 3. [1F] 온양온천방면 지상1층 엘리베이터 | 4. [2F] 온양온천방면 지상2층 승강장 엘리베이터 | 5. [2F] 온양온천방면 승강장
KR_1_0222,1호선,배방,1,출입구-승강장,4,2번 출입구 → 온양온천 방면,1F → 2F,5,0,0,2번 출입구 → 개집표기 통과 → [1F] 온양온천방면 지상1층 엘리베이터 → [2F] 온양온천방면 지상2층 승강장 엘리베이터 → [2F] 온양온천방면 승강장,1. 2번 출입구 | 2. 개집표기 통과 | 3. [1F] 온양온천방면 지상1층 엘리베이터 | 4. [2F] 온양온천방면 지상2층 승강장 엘리베이터 | 5. [2F] 온양온천방면 승강장
KR_1_0437,1호선,온양온천,1,출입구-승강장,1,1번 출입구 엘리베이터 → 배방 방면,1F → 2F → 3F,6,0,0,[1F] 1번 출입구 지상1층 엘리베이터 → [2F] 1번 출입구 지상2층 엘리베이터 → [2F] 개집표기 통과 → [2F] 배방방면 지상2층 엘리베이터 → [3F] 배방방면 지상3층 승강장 엘리베이터 → [3F] 배방방면 승강장,1. [1F] 1번 출입구 지상1층 엘리베이터 | 2. [2F] 1번 출입구 지상2층 엘리베이터 | 3. [2F] 개집표기 통과 | 4. [2F] 배방방면 지상2층 엘리베이터 | 5. [3F] 배방방면 지상3층 승강장 엘리베이터 | 6. [3F] 배방방면 승강장
KR_1_0437,1호선,온양온천,1,출입구-승강장,2,1번 출입구 엘리베이터 → 신창 방면,1F → 2F → 3F,6,0,0,[1F] 1번 출입구 지상1층 엘리베이터 → [2F] 1번 출입구 지상2층 엘리베이터 → [2F] 개집표기 통과 → [2F] 신창방면 지상2층 엘리베이터 → [3F] 신창방면 지상3층 승강장 엘리베이터 → [3F] 신창방면 승강장,1. [1F] 1번 출입구 지상1층 엘리베이터 | 2. [2F] 1번 출입구 지상2층 엘리베이터 | 3. [2F] 개집표기 통과 | 4. [2F] 신창방면 지상2층 엘리베이터 | 5. [3F] 신창방면 지상3층 승강장 엘리베이터 | 6. [3F] 신창방면 승강장
KR_1_0375,1호선,신창,1,출입구-승강장,1,1번 출입구 → 온양온천 방면,1F → B1 → 1F,7,0,0,1번 출입구 → 개집표기 통과 → [1F] 지상1층 엘리베이터 → [B1] 지하1층 엘리베이터 → [B1] 온양온천방면 지하1층 엘리베이터 → [1F] 온양온천방면 지상1층 승강장 엘리베이터 → [1F] 온양온천방면 승강장,1. 1번 출입구 | 2. 개집표기 통과 | 3. [1F] 지상1층 엘리베이터 | 4. [B1] 지하1층 엘리베이터 | 5. [B1] 온양온천방면 지하1층 엘리베이터 | 6. [1F] 온양온천방면 지상1층 승강장 엘리베이터 | 7. [1F] 온양온천방면 승강장
KR_1_0375,1호선,신창,1,출입구-승강장,2,2번 출입구 → 온양온천 방면,1F → B1 → 1F,7,0,0,2번 출입구 → 개집표기 통과 → [1F] 지상1층 엘리베이터 → [B1] 지하1층 엘리베이터 → [B1] 온양온천방면 지하1층 엘리베이터 → [1F] 온양온천방면 지상1층 승강장 엘리베이터 → [1F] 온양온천방면 승강장,1. 2번 출입구 | 2. 개집표기 통과 | 3. [1F] 지상1층 엘리베이터 | 4. [B1] 지하1층 엘리베이터 | 5. [B1] 온양온천방면 지하1층 엘리베이터 | 6. [1F] 온양온천방면 지상1층 승강장 엘리베이터 | 7. [1F] 온양온천방면 승강장
S1_2_0347,2호선,시청,1,출입구-승강장,1,9번 출입구 근처 엘리베이터 → 을지로입구 방면,B1 → B3,5,1,0,"9번 출입구 근처 엘리베이터로 이동 → [B1] 지하 1층으로이동 → [B1] 11번 출입구 근처 개집표기 통과 → 엘리베이터(으)로 2개 층 내려가기 (B1 → B3, 엘리베이터) → [B3] 지하 3층 승강장으로 이동","1. 9번 출입구 근처 엘리베이터로 이동 | 2. [B1] 지하 1층으로이동 | 3. [B1] 11번 출입구 근처 개집표기 통과 | 4. 엘리베이터(으)로 2개 층 내려가기 (B1 → B3, 엘리베이터) | 5. [B3] 지하 3층 승강장으로 이동"
S1_2_0347,2호선,시청,1,출입구-승강장,2,9번 출입구 근처 엘리베이터 → 충정로 방면,B1 → B3,5,1,0,"9번 출입구 근처 엘리베이터로 이동 → [B1] 지하 1층으로이동 → [B1] 11번 출입구 근처 개집표기 통과 → 엘리베이터(으)로 2개 층 내려가기 (B1 → B3, 엘리베이터) → [B3] 지하 3층 승강장으로 이동","1. 9번 출입구 근처 엘리베이터로 이동 | 2. [B1] 지하 1층으로이동 | 3. [B1] 11번 출입구 근처 개집표기 통과 | 4. 엘리베이터(으)로 2개 층 내려가기 (B1 → B3, 엘리베이터) | 5. [B3] 지하 3층 승강장으로 이동"
S1_2_0347,2호선,시청,3,환승,1,2호선 을지로입구 방면 → 1호선 서울역 방면,B2 → B1 → B2,8,2,0,"을지로입구 방면 승강장 → [B2] 지하 2층으로 이동 → [B2] 환승통로 이동 → 엘리베이터(으)로 1개 층 올라가기 (B2 → B1, 엘리베이터) → [B1] 지하 1층으로 이동 → 개집표기 통과 후 엘리베이터(으)로 1개 층 내려가기 (B1 → B2, 엘리베이터) → [B2] 지하 2층으로 이동 → [B2] 서울역 방면 승강장으로 이동","1. 을지로입구 방면 승강장 | 2. [B2] 지하 2층으로 이동 | 3. [B2] 환승통로 이동 | 4. 엘리베이터(으)로 1개 층 올라가기 (B2 → B1, 엘리베이터) | 5. [B1] 지하 1층으로 이동 | 6. 개집표기 통과 후 엘리베이터(으)로 1개 층 내려가기 (B1 → B2, 엘리베이터) | 7. [B2] 지하 2층으로 이동 | 8. [B2] 서울역 방면 승강장으로 이동"
S1_2_0347,2호선,시청,3,환승,2,2호선 을지로입구 방면 → 1호선 종각 방면,B2,5,0,0,을지로입구 방면 승강장 → [B2] 지하 2층으로 이동 → [B2] 환승통로 이동 → [B2] 종각 방면 승강장으로 이동 → 엘리베이터 이용 (엘리베이터),1. 을지로입구 방면 승강장 | 2. [B2] 지하 2층으로 이동 | 3. [B2] 환승통로 이동 | 4. [B2] 종각 방면 승강장으로 이동 | 5. 엘리베이터 이용 (엘리베이터)
S1_2_0347,2호선,시청,3,환승,3,2호선 충정로 방면 → 1호선 서울역 방면,B2 → B1 → B2,8,2,0,"충정로 방면 승강장 → [B2] 지하 2층으로 이동 → [B2] 환승통로 이동 → 엘리베이터(으)로 1개 층 올라가기 (B2 → B1, 엘리베이터) → [B1] 지하 1층으로 이동 → 개집표기 통과 후 엘리베이터(으)로 1개 층 내려가기 (B1 → B2, 엘리베이터) → [B2] 지하 2층으로 이동 → [B2] 서울역 방면 승강장으로 이동","1. 충정로 방면 승강장 | 2. [B2] 지하 2층으로 이동 | 3. [B2] 환승통로 이동 | 4. 엘리베이터(으)로 1개 층 올라가기 (B2 → B1, 엘리베이터) | 5. [B1] 지하 1층으로 이동 | 6. 개집표기 통과 후 엘리베이터(으)로 1개 층 내려가기 (B1 → B2, 엘리베이터) | 7. [B2] 지하 2층으로 이동 | 8. [B2] 서울역 방면 승강장으로 이동"
S1_2_0347,2호선,시청,3,환승,4,2호선 충정로 방면 → 1호선 종각 방면,B2,5,0,0,충정로 방면 승강장 → [B2] 지하 2층으로 이동 → [B2] 환승통로 이동 → [B2] 종각 방면 승강장으로 이동 → 엘리베이터 이용 (엘리베이터),1. 충정로 방면 승강장 | 2. [B2] 지하 2층으로 이동 | 3. [B2] 환승통로 이동 | 4. [B2] 종각 방면 승강장으로 이동 | 5. 엘리베이터 이용 (엘리베이터)
S1_2_0564,2호선,충정로,1,출입구-승강장,1,5번 출입구 옆 엘리베이터 → 아현 방면,1F → B2 → B3,6,2,0,"5번 출입구 옆 엘리베이터(으)로 2개 층 내려가기 (1F → B2, 엘리베이터) → [B2] 대합실로 이동 → [B2] 표 내는 곳 통과 → 승강장 방향 엘리베이터(으)로 1개 층 내려가기 (B2 → B3, 엘리베이터) → [B3] 아현 방면 승강장으로 이동 → [B3] 승차 (휠체어칸)","1. 5번 출입구 옆 엘리베이터(으)로 2개 층 내려가기 (1F → B2, 엘리베이터) | 2. [B2] 대합실로 이동 | 3. [B2] 표 내는 곳 통과 | 4. 승강장 방향 엘리베이터(으)로 1개 층 내려가기 (B2 → B3, 엘리베이터) | 5. [B3] 아현 방면 승강장으로 이동 | 6. [B3] 승차 (휠체어칸)"
S1_2_0564,2호선,충정로,1,출입구-승강장,2,5번 출입구 옆 엘리베이터 → 시청 방면,1F → B2 → B3,6,2,0,"5번 출입구 옆 엘리베이터(으)로 2개 층 내려가기 (1F → B2, 엘리베이터) → [B2] 대합실로 이동 → [B2] 표 내는 곳 통과 → 승강장 방향 엘리베이터(으)로 1개 층 내려가기 (B2 → B3, 엘리베이터) → [B3] 시청 방면 승강장으로 이동 → [B3] 승차 (휠체어칸)","1. 5번 출입구 옆 엘리베이터(으)로 2개 층 내려가기 (1F → B2, 엘리베이터) | 2. [B2] 대합실로 이동 | 3. [B2] 표 내는 곳 통과 | 4. 승강장 방향 엘리베이터(으)로 1개 층 내려가기 (B2 → B3, 엘리베이터) | 5. [B3] 시청 방면 승강장으로 이동 | 6. [B3] 승차 (휠체어칸)"
S1_2_0564,2호선,충정로,3,환승,1,2호선 아현 방면 → 5호선 애오개 방면,B3 → B2 → B5,7,2,0,"[B3] 2호선 아현 방면 승강장 하차 → 대합실 방향 엘리베이터(으)로 1개 층 올라가기 (B3 → B2, 엘리베이터) → [B2] 대합실로 이동 → [B2] 5호선 환승통로로 이동 → 5호선 대합실 내 엘리베이터(으)로 3개 층 내려가기 (B2 → B5, 엘리베이터) → [B5] 5호선 애오개 방면 승강장으로 이동 → [B5] 승차 (휠체어칸)","1. [B3] 2호선 아현 방면 승강장 하차 | 2. 대합실 방향 엘리베이터(으)로 1개 층 올라가기 (B3 → B2, 엘리베이터) | 3. [B2] 대합실로 이동 | 4. [B2] 5호선 환승통로로 이동 | 5. 5호선 대합실 내 엘리베이터(으)로 3개 층 내려가기 (B2 → B5, 엘리베이터) | 6. [B5] 5호선 애오개 방면 승강장으로 이동 | 7. [B5] 승차 (휠체어칸)"
S1_2_0564,2호선,충정로,3,환승,2,2호선 아현 방면 → 5호선 서대문 방면,B3 → B2 → B5,7,2,0,"[B3] 2호선 아현 방면 승강장 하차 → 대합실 방향 엘리베이터(으)로 1개 층 올라가기 (B3 → B2, 엘리베이터) → [B2] 대합실로 이동 → [B2] 5호선 환승통로로 이동 → 5호선 대합실 내 엘리베이터(으)로 3개 층 내려가기 (B2 → B5, 엘리베이터) → [B5] 5호선 서대문 방면 승강장으로 이동 → [B5] 승차 (휠체어칸)","1. [B3] 2호선 아현 방면 승강장 하차 | 2. 대합실 방향 엘리베이터(으)로 1개 층 올라가기 (B3 → B2, 엘리베이터) | 3. [B2] 대합실로 이동 | 4. [B2] 5호선 환승통로로 이동 | 5. 5호선 대합실 내 엘리베이터(으)로 3개 층 내려가기 (B2 → B5, 엘리베이터) | 6. [B5] 5호선 서대문 방면 승강장으로 이동 | 7. [B5] 승차 (휠체어칸)"
S1_2_0564,2호선,충정로,3,환승,3,2호선 시청 방면 → 5호선 애오개 방면,B3 → B2 → B5,7,2,0,"[B3] 2호선 시청 방면 승강장 하차 → 대합실 방향 엘리베이터(으)로 1개 층 올라가기 (B3 → B2, 엘리베이터) → [B2] 대합실로 이동 → [B2] 5호선 환승통로로 이동 → 5호선 대합실 내 엘리베이터(으)로 3개 층 내려가기 (B2 → B5, 엘리베이터) → [B5] 5호선 애오개 방면 승강장으로 이동 → [B5] 승차 (휠체어칸)","1. [B3] 2호선 시청 방면 승강장 하차 | 2. 대합실 방향 엘리베이터(으)로 1개 층 올라가기 (B3 → B2, 엘리베이터) | 3. [B2] 대합실로 이동 | 4. [B2] 5호선 환승통로로 이동 | 5. 5호선 대합실 내 엘리베이터(으)로 3개 층 내려가기 (B2 → B5, 엘리베이터) | 6. [B5] 5호선 애오개 방면 승강장으로 이동 | 7. [B5] 승차 (휠체어칸)"
S1_2_0564,2호선,충정로,3,환승,4,2호선 시청 방면 → 5호선 서대문 방면,B3 → B2 → B5,7,2,0,"[B3] 2호선 시청 방면 승강장 하차 → 대합실 방향 엘리베이터(으)로 1개 층 올라가기 (B3 → B2, 엘리베이터) → [B2] 대합실로 이동 → [B2] 5호선 환승통로로 이동 → 5호선 대합실 내 엘리베이터(으)로 3개 층 내려가기 (B2 → B5, 엘리베이터) → [B5] 5호선 서대문 방면 승강장으로 이동 → [B5] 승차 (휠체어칸)","1. [B3] 2호선 시청 방면 승강장 하차 | 2. 대합실 방향 엘리베이터(으)로 1개 층 올라가기 (B3 → B2, 엘리베이터) | 3. [B2] 대합실로 이동 | 4. [B2] 5호선 환승통로로 이동 | 5. 5호선 대합실 내 엘리베이터(으)로 3개 층 내려가기 (B2 → B5, 엘리베이터) | 6. [B5] 5호선 서대문 방면 승강장으로 이동 | 7. [B5] 승차 (휠체어칸)"
S1_2_0386,2호선,아현,1,출입구-승강장,1,1번 출입구 옆 엘리베이터 → 이대 방면,1F → B1 → B2,6,2,0,"1번 출입구 옆 엘리베이터(으)로 1개 층 내려가기 (1F → B1, 엘리베이터) → [B1] 대합실로 이동 → [B1] 표 내는 곳 통과 → 이대 방면 엘리베이터(으)로 1개 층 내려가기 (B1 → B2, 엘리베이터) → [B2] 이대 방면 승강장으로 이동 → [B2] 승차 (휠체어칸)","1. 1번 출입구 옆 엘리베이터(으)로 1개 층 내려가기 (1F → B1, 엘리베이터) | 2. [B1] 대합실로 이동 | 3. [B1] 표 내는 곳 통과 | 4. 이대 방면 엘리베이터(으)로 1개 층 내려가기 (B1 → B2, 엘리베이터) | 5. [B2] 이대 방면 승강장으로 이동 | 6. [B2] 승차 (휠체어칸)"
S1_2_0386,2호선,아현,1,출입구-승강장,2,1번 출입구 옆 엘리베이터 → 충정로 방면,1F → B1 → B2,6,2,0,"1번 출입구 옆 엘리베이터(으)로 1개 층 내려가기 (1F → B1, 엘리베이터) → [B1] 대합실로 이동 → [B1] 표 내는 곳 통과 → 충정로 방면 엘리베이터(으)로 1개 층 내려가기 (B1 → B2, 엘리베이터) → [B2] 충정로 방면 승강장으로 이동 → [B2] 승차 (휠체어칸)","1. 1번 출입구 옆 엘리베이터(으)로 1개 층 내려가기 (1F → B1, 엘리베이터) | 2. [B1] 대합실로 이동 | 3. [B1] 표 내는 곳 통과 | 4. 충정로 방면 엘리베이터(으)로 1개 층 내려가기 (B1 → B2, 엘리베이터) | 5. [B2] 충정로 방면 승강장으로 이동 | 6. [B2] 승차 (휠체어칸)"
S1_2_0386,2호선,아현,1,출입구-승강장,3,3번 출입구 옆 엘리베이터 → 이대 방면,1F → B1 → B2,5,2,0,"3번 출입구 옆 엘리베이터(으)로 1개 층 내려가기 (1F → B1, 엘리베이터) → [B1] 표 내는 곳 통과 → 이대 방면 엘리베이터(으)로 1개 층 내려가기 (B1 → B2, 엘리베이터) → [B2] 이대 방면 승강장으로 이동 → [B2] 승차 (휠체어칸)","1. 3번 출입구 옆 엘리베이터(으)로 1개 층 내려가기 (1F → B1, 엘리베이터) | 2. [B1] 표 내는 곳 통과 | 3. 이대 방면 엘리베이터(으)로 1개 층 내려가기 (B1 → B2, 엘리베이터) | 4. [B2] 이대 방면 승강장으로 이동 | 5. [B2] 승차 (휠체어칸)"
S1_2_0386,2호선,아현,1,출입구-승강장,4,3번 출입구 옆 엘리베이터 → 충정로 방면,1F → B1 → B2,5,2,0,"3번 출입구 옆 엘리베이터(으)로 1개 층 내려가기 (1F → B1, 엘리베이터) → [B1] 표 내는 곳 통과 → 충정로 방면 엘리베이터(으)로 1개 층 내려가기 (B1 → B2, 엘리베이터) → [B2] 충정로 방면 승강장으로 이동 → [B2] 승차 (휠체어칸)","1. 3번 출입구 옆 엘리베이터(으)로 1개 층 내려가기 (1F → B1, 엘리베이터) | 2. [B1] 표 내는 곳 통과 | 3. 충정로 방면 엘리베이터(으)로 1개 층 내려가기 (B1 → B2, 엘리베이터) | 4. [B2] 충정로 방면 승강장으로 이동 | 5. [B2] 승차 (휠체어칸)"
S1_2_0473,2호선,이대,1,출입구-승강장,1,2번 출입구 옆 엘리베이터 → 신촌 방면,1F → B1 → B2,6,2,0,"2번 출입구 옆 엘리베이터(으)로 1개 층 내려가기 (1F → B1, 엘리베이터) → [B1] 대합실로 이동 → [B1] 엘리베이터 앞 표 내는 곳 통과 → 승강장 방향 엘리베이터(으)로 1개 층 내려가기 (B1 → B2, 엘리베이터) → [B2] 신촌 방면 승강장으로 이동 → [B2] 승차 (휠체어칸)","1. 2번 출입구 옆 엘리베이터(으)로 1개 층 내려가기 (1F → B1, 엘리베이터) | 2. [B1] 대합실로 이동 | 3. [B1] 엘리베이터 앞 표 내는 곳 통과 | 4. 승강장 방향 엘리베이터(으)로 1개 층 내려가기 (B1 → B2, 엘리베이터) | 5. [B2] 신촌 방면 승강장으로 이동 | 6. [B2] 승차 (휠체어칸)"
S1_2_0473,2호선,이대,1,출입구-승강장,2,2번 출입구 옆 엘리베이터 → 아현 방면,1F → B1 → B2,6,2,0,"2번 출입구 옆 엘리베이터(으)로 1개 층 내려가기 (1F → B1, 엘리베이터) → [B1] 대합실로 이동 → [B1] 엘리베이터 앞 표 내는 곳 통과 → 승강장 방향 엘리베이터(으)로 1개 층 내려가기 (B1 → B2, 엘리베이터) → [B2] 아현 방면 승강장으로 이동 → [B2] 승차 (휠체어칸)","1. 2번 출입구 옆 엘리베이터(으)로 1개 층 내려가기 (1F → B1, 엘리베이터) | 2. [B1] 대합실로 이동 | 3. [B1] 엘리베이터 앞 표 내는 곳 통과 | 4. 승강장 방향 엘리베이터(으)로 1개 층 내려가기 (B1 → B2, 엘리베이터) | 5. [B2] 아현 방면 승강장으로 이동 | 6. [B2] 승차 (휠체어칸)"
S1_2_0473,2호선,이대,1,출입구-승강장,3,6번 출입구 옆 엘리베이터 → 신촌 방면,1F → B1 → B2,6,2,0,"6번 출입구 옆 엘리베이터(으)로 1개 층 내려가기 (1F → B1, 엘리베이터) → [B1] 대합실로 이동 → [B1] 엘리베이터 앞 표 내는 곳 통과 → 승강장 방향 엘리베이터(으)로 1개 층 내려가기 (B1 → B2, 엘리베이터) → [B2] 신촌 방면 승강장으로 이동 → [B2] 승차 (휠체어칸)","1. 6번 출입구 옆 엘리베이터(으)로 1개 층 내려가기 (1F → B1, 엘리베이터) | 2. [B1] 대합실로 이동 | 3. [B1] 엘리베이터 앞 표 내는 곳 통과 | 4. 승강장 방향 엘리베이터(으)로 1개 층 내려가기 (B1 → B2, 엘리베이터) | 5. [B2] 신촌 방면 승강장으로 이동 | 6. [B2] 승차 (휠체어칸)"
S1_2_0473,2호선,이대,1,출입구-승강장,4,6번 출입구 옆 엘리베이터 → 아현 방면,1F → B1 → B2,6,2,0,"6번 출입구 옆 엘리베이터(으)로 1개 층 내려가기 (1F → B1, 엘리베이터) → [B1] 대합실로 이동 → [B1] 엘리베이터 앞 표 내는 곳 통과 → 승강장 방향 엘리베이터(으)로 1개 층 내려가기 (B1 → B2, 엘리베이터) → [B2] 아현 방면 승강장으로 이동 → [B2] 승차 (휠체어칸)","1. 6번 출입구 옆 엘리베이터(으)로 1개 층 내려가기 (1F → B1, 엘리베이터) | 2. [B1] 대합실로 이동 | 3. [B1] 엘리베이터 앞 표 내는 곳 통과 | 4. 승강장 방향 엘리베이터(으)로 1개 층 내려가기 (B1 → B2, 엘리베이터) | 5. [B2] 아현 방면 승강장으로 이동 | 6. [B2] 승차 (휠체어칸)"
S1_2_0366,2호선,신촌,1,출입구-승강장,1,4번 출입구 옆 엘리베이터 → 홍대입구 방면,1F → B1 → B2,6,2,0,"4번 출입구 옆 엘리베이터(으)로 1개 층 내려가기 (1F → B1, 엘리베이터) → [B1] 대합실로 이동 → [B1] 홍대입구 방면 엘리베이터 앞 표 내는 곳 통과 → 홍대입구 방면 엘리베이터(으)로 1개 층 내려가기 (B1 → B2, 엘리베이터) → [B2] 홍대입구 방면 승강장으로 이동 → [B2] 승차 (휠체어칸)","1. 4번 출입구 옆 엘리베이터(으)로 1개 층 내려가기 (1F → B1, 엘리베이터) | 2. [B1] 대합실로 이동 | 3. [B1] 홍대입구 방면 엘리베이터 앞 표 내는 곳 통과 | 4. 홍대입구 방면 엘리베이터(으)로 1개 층 내려가기 (B1 → B2, 엘리베이터) | 5. [B2] 홍대입구 방면 승강장으로 이동 | 6. [B2] 승차 (휠체어칸)"
S1_2_0366,2호선,신촌,1,출입구-승강장,2,4번 출입구 옆 엘리베이터 → 이대 방면,1F → B1 → B2,6,2,0,"4번 출입구 근처 엘리베이터(으)로 1개 층 내려가기 (1F → B1, 엘리베이터) → [B1] 대합실로 이동 → [B1] 이대 방면 엘리베이터 앞 표 내는 곳 통과 → 이대 방면 엘리베이터(으)로 1개 층 내려가기 (B1 → B2, 엘리베이터) → [B2] 이대 방면 승강장으로 이동 → [B2] 승차 (휠체어칸)","1. 4번 출입구 근처 엘리베이터(으)로 1개 층 내려가기 (1F → B1, 엘리베이터) | 2. [B1] 대합실로 이동 | 3. [B1] 이대 방면 엘리베이터 앞 표 내는 곳 통과 | 4. 이대 방면 엘리베이터(으)로 1개 층 내려가기 (B1 → B2, 엘리베이터) | 5. [B2] 이대 방면 승강장으로 이동 | 6. [B2] 승차 (휠체어칸)"
S1_2_0366,2호선,신촌,1,출입구-승강장,3,6번 출입구 옆 엘리베이터 → 홍대입구 방면,1F → B1 → B2,6,2,0,"6번 출입구 옆 엘리베이터(으)로 1개 층 내려가기 (1F → B1, 엘리베이터) → [B1] 대합실로 이동 → [B1] 홍대입구 방면 엘리베이터 앞 표 내는 곳 통과 → 홍대입구 방면 엘리베이터(으)로 1개 층 내려가기 (B1 → B2, 엘리베이터) → [B2] 홍대입구 방면 승강장으로 이동 → [B2] 승차 (휠체어칸)","1. 6번 출입구 옆 엘리베이터(으)로 1개 층 내려가기 (1F → B1, 엘리베이터) | 2. [B1] 대합실로 이동 | 3. [B1] 홍대입구 방면 엘리베이터 앞 표 내는 곳 통과 | 4. 홍대입구 방면 엘리베이터(으)로 1개 층 내려가기 (B1 → B2, 엘리베이터) | 5. [B2] 홍대입구 방면 승강장으로 이동 | 6. [B2] 승차 (휠체어칸)"
S1_2_0366,2호선,신촌,1,출입구-승강장,4,6번 출입구 옆 엘리베이터 → 이대 방면,1F → B1 → B2,6,2,0,"6번 출입구 옆 엘리베이터(으)로 1개 층 내려가기 (1F → B1, 엘리베이터) → [B1] 대합실로 이동 → [B1] 이대 방면 엘리베이터 앞 표 내는 곳 통과 → 이대 방면 엘리베이터(으)로 1개 층 내려가기 (B1 → B2, 엘리베이터) → [B2] 이대 방면 승강장으로 이동 → [B2] 승차 (휠체어칸)","1. 6번 출입구 옆 엘리베이터(으)로 1개 층 내려가기 (1F → B1, 엘리베이터) | 2. [B1] 대합실로 이동 | 3. [B1] 이대 방면 엘리베이터 앞 표 내는 곳 통과 | 4. 이대 방면 엘리베이터(으)로 1개 층 내려가기 (B1 → B2, 엘리베이터) | 5. [B2] 이대 방면 승강장으로 이동 | 6. [B2] 승차 (휠체어칸)"
S1_2_0596,2호선,홍대입구,1,출입구-승강장,1,8번 출입구 옆 엘리베이터 → 합정 방면,1F → B1 → B2,6,2,0,"8번 출입구 옆 엘리베이터(으)로 1개 층 내려가기 (1F → B1, 엘리베이터) → [B1] 대합실로 이동 → [B1] 표 내는 곳 통과 → 승강장 방향 엘리베이터(으)로 1개 층 내려가기 (B1 → B2, 엘리베이터) → [B2] 합정 방면 승강장으로 이동 → [B2] 승차 (휠체어칸)","1. 8번 출입구 옆 엘리베이터(으)로 1개 층 내려가기 (1F → B1, 엘리베이터) | 2. [B1] 대합실로 이동 | 3. [B1] 표 내는 곳 통과 | 4. 승강장 방향 엘리베이터(으)로 1개 층 내려가기 (B1 → B2, 엘리베이터) | 5. [B2] 합정 방면 승강장으로 이동 | 6. [B2] 승차 (휠체어칸)"
S1_2_0596,2호선,홍대입구,1,출입구-승강장,2,8번 출입구 옆 엘리베이터 → 신촌 방면,1F → B1 → B2,6,2,0,"8번 출입구 옆 엘리베이터(으)로 1개 층 내려가기 (1F → B1, 엘리베이터) → [B1] 대합실로 이동 → [B1] 표 내는 곳 통과 → 승강장 방향 엘리베이터(으)로 1개 층 내려가기 (B1 → B2, 엘리베이터) → [B2] 신촌 방면 승강장으로 이동 → [B2] 승차 (휠체어칸)","1. 8번 출입구 옆 엘리베이터(으)로 1개 층 내려가기 (1F → B1, 엘리베이터) | 2. [B1] 대합실로 이동 | 3. [B1] 표 내는 곳 통과 | 4. 승강장 방향 엘리베이터(으)로 1개 층 내려가기 (B1 → B2, 엘리베이터) | 5. [B2] 신촌 방면 승강장으로 이동 | 6. [B2] 승차 (휠체어칸)"
S1_2_0596,2호선,홍대입구,3,환승,1,2호선 합정 방면 → 경의중앙선 가좌 방면,B2 → B1 → B2 → B1,10,3,0,"[B2] 2호선 합정 방면 승강장 하차 → 대합실 방향 엘리베이터(으)로 1개 층 올라가기 (B2 → B1, 엘리베이터) → [B1] 대합실로 이동 → [B1] 경의중앙선, 공항철도 환승통로로 이동 → 환승 엘리베이터(으)로 1개 층 내려가기 (B1 → B2, 엘리베이터) → [B2] 경의중앙선, 공항철도 환승통로로 이동 → [B2] 공항철도 대합실로 이동 → 경의중앙선 가좌 방면 엘리베이터(으)로 1개 층 올라가기 (B2 → B1, 엘리베이터) → [B1] 경의중앙선 가좌 방면 승강장으로 이동 → [B1] 승차 (휠체어칸)","1. [B2] 2호선 합정 방면 승강장 하차 | 2. 대합실 방향 엘리베이터(으)로 1개 층 올라가기 (B2 → B1, 엘리베이터) | 3. [B1] 대합실로 이동 | 4. [B1] 경의중앙선, 공항철도 환승통로로 이동 | 5. 환승 엘리베이터(으)로 1개 층 내려가기 (B1 → B2, 엘리베이터) | 6. [B2] 경의중앙선, 공항철도 환승통로로 이동 | 7. [B2] 공항철도 대합실로 이동 | 8. 경의중앙선 가좌 방면 엘리베이터(으)로 1개 층 올라가기 (B2 → B1, 엘리베이터) | 9. [B1] 경의중앙선 가좌 방면 승강장으로 이동 | 10. [B1] 승차 (휠체어칸)"
S1_2_0596,2호선,홍대입구,3,환승,2,2호선 합정 방면 → 경의중앙선 서강대 방면,B2 → B1 → B2 → B1,10,3,0,"[B2] 2호선 합정 방면 승강장 하차 → 대합실 방향 엘리베이터(으)로 1개 층 올라가기 (B2 → B1, 엘리베이터) → [B1] 대합실로 이동 → [B1] 경의중앙선, 공항철도 환승통로로 이동 → 환승 엘리베이터(으)로 1개 층 내려가기 (B1 → B2, 엘리베이터) → [B2] 경의중앙선, 공항철도 환승통로로 이동 → [B2] 공항철도 대합실로 이동 → 경의중앙선 서강대 방면 엘리베이터(으)로 1개 층 올라가기 (B2 → B1, 엘리베이터) → [B1] 경의중앙선 서강대 방면 승강장으로 이동 → [B1] 승차 (휠체어칸)","1. [B2] 2호선 합정 방면 승강장 하차 | 2. 대합실 방향 엘리베이터(으)로 1개 층 올라가기 (B2 → B1, 엘리베이터) | 3. [B1] 대합실로 이동 | 4. [B1] 경의중앙선, 공항철도 환승통로로 이동 | 5. 환승 엘리베이터(으)로 1개 층 내려가기 (B1 → B2, 엘리베이터) | 6. [B2] 경의중앙선, 공항철도 환승통로로 이동 | 7. [B2] 공항철도 대합실로 이동 | 8. 경의중앙선 서강대 방면 엘리베이터(으)로 1개 층 올라가기 (B2 → B1, 엘리베이터) | 9. [B1] 경의중앙선 서강대 방면 승강장으로 이동 | 10. [B1] 승차 (휠체어칸)"
S1_2_0596,2호선,홍대입구,3,환승,3,2호선 신촌 방면 → 경의중앙선 가좌 방면,B2 → B1 → B2 → B1,10,3,0,"[B2] 2호선 신촌 방면 승강장 하차 → 대합실 방향 엘리베이터(으)로 1개 층 올라가기 (B2 → B1, 엘리베이터) → [B1] 대합실로 이동 → [B1] 경의중앙선, 공항철도 환승통로로 이동 → 환승 엘리베이터(으)로 1개 층 내려가기 (B1 → B2, 엘리베이터) → [B2] 경의중앙선, 공항철도 환승통로로 이동 → [B2] 공항철도 대합실로 이동 → 경의중앙선 가좌 방면 엘리베이터(으)로 1개 층 올라가기 (B2 → B1, 엘리베이터) → [B1] 경의중앙선 가좌 방면 승강장으로 이동 → [B1] 승차 (휠체어칸)","1. [B2] 2호선 신촌 방면 승강장 하차 | 2. 대합실 방향 엘리베이터(으)로 1개 층 올라가기 (B2 → B1, 엘리베이터) | 3. [B1] 대합실로 이동 | 4. [B1] 경의중앙선, 공항철도 환승통로로 이동 | 5. 환승 엘리베이터(으)로 1개 층 내려가기 (B1 → B2, 엘리베이터) | 6. [B2] 경의중앙선, 공항철도 환승통로로 이동 | 7. [B2] 공항철도 대합실로 이동 | 8. 경의중앙선 가좌 방면 엘리베이터(으)로 1개 층 올라가기 (B2 → B1, 엘리베이터) | 9. [B1] 경의중앙선 가좌 방면 승강장으로 이동 | 10. [B1] 승차 (휠체어칸)"
S1_2_0596,2호선,홍대입구,3,환승,4,2호선 신촌 방면 → 경의중앙선 서강대 방면,B2 → B1 → B2 → B1,10,3,0,"[B2] 2호선 신촌 방면 승강장 하차 → 대합실 방향 엘리베이터(으)로 1개 층 올라가기 (B2 → B1, 엘리베이터) → [B1] 대합실로 이동 → [B1] 경의중앙선, 공항철도 환승통로로 이동 → 환승 엘리베이터(으)로 1개 층 내려가기 (B1 → B2, 엘리베이터) → [B2] 경의중앙선, 공항철도 환승통로로 이동 → [B2] 공항철도 대합실로 이동 → 경의중앙선 서강대 방면 엘리베이터(으)로 1개 층 올라가기 (B2 → B1, 엘리베이터) → [B1] 경의중앙선 서강대 방면 승강장으로 이동 → [B1] 승차 (휠체어칸)","1. [B2] 2호선 신촌 방면 승강장 하차 | 2. 대합실 방향 엘리베이터(으)로 1개 층 올라가기 (B2 → B1, 엘리베이터) | 3. [B1] 대합실로 이동 | 4. [B1] 경의중앙선, 공항철도 환승통로로 이동 | 5. 환승 엘리베이터(으)로 1개 층 내려가기 (B1 → B2, 엘리베이터) | 6. [B2] 경의중앙선, 공항철도 환승통로로 이동 | 7. [B2] 공항철도 대합실로 이동 | 8. 경의중앙선 서강대 방면 엘리베이터(으)로 1개 층 올라가기 (B2 → B1, 엘리베이터) | 9. [B1] 경의중앙선 서강대 방면 승강장으로 이동 | 10. [B1] 승차 (휠체어칸)"
S1_2_0596,2호선,홍대입구,3,환승,5,2호선 합정 방면 → 공항철도 공덕 방면,B2 → B1 → B2 → B4,10,3,0,"[B2] 2호선 합정 방면 승강장 하차 → 대합실 방향 엘리베이터(으)로 1개 층 올라가기 (B2 → B1, 엘리베이터) → [B1] 대합실로 이동 → [B1] 경의중앙선, 공항철도 환승통로로 이동 → 환승 엘리베이터(으)로 1개 층 내려가기 (B1 → B2, 엘리베이터) → [B2] 경의중앙선, 공항철도 환승통로로 이동 → [B2] 공항철도 대합실로 이동 → 공항철도 공덕 방면 엘리베이터(으)로 2개 층 내려가기 (B2 → B4, 엘리베이터) → [B4] 공항철도 공덕 방면 승강장으로 이동 → [B4] 승차 (휠체어칸)","1. [B2] 2호선 합정 방면 승강장 하차 | 2. 대합실 방향 엘리베이터(으)로 1개 층 올라가기 (B2 → B1, 엘리베이터) | 3. [B1] 대합실로 이동 | 4. [B1] 경의중앙선, 공항철도 환승통로로 이동 | 5. 환승 엘리베이터(으)로 1개 층 내려가기 (B1 → B2, 엘리베이터) | 6. [B2] 경의중앙선, 공항철도 환승통로로 이동 | 7. [B2] 공항철도 대합실로 이동 | 8. 공항철도 공덕 방면 엘리베이터(으)로 2개 층 내려가기 (B2 → B4, 엘리베이터) | 9. [B4] 공항철도 공덕 방면 승강장으로 이동 | 10. [B4] 승차 (휠체어칸)"
S1_2_0596,2호선,홍대입구,3,환승,6,2호선 합정 방면 → 공항철도 디지털미디어시티 방면,B2 → B1 → B2 → B4,10,3,0,"[B2] 2호선 합정 방면 승강장 하차 → 대합실 방향 엘리베이터(으)로 1개 층 올라가기 (B2 → B1, 엘리베이터) → [B1] 대합실로 이동 → [B1] 경의중앙선, 공항철도 환승통로로 이동 → 환승 엘리베이터(으)로 1개 층 내려가기 (B1 → B2, 엘리베이터) → [B2] 경의중앙선, 공항철도 환승통로로 이동 → [B2] 공항철도 대합실로 이동 → 공항철도 디지털미디어시티 방면 엘리베이터(으)로 2개 층 내려가기 (B2 → B4, 엘리베이터) → [B4] 공항철도 디지털미디어시티 방면 승강장으로 이동 → [B4] 승차 (휠체어칸)","1. [B2] 2호선 합정 방면 승강장 하차 | 2. 대합실 방향 엘리베이터(으)로 1개 층 올라가기 (B2 → B1, 엘리베이터) | 3. [B1] 대합실로 이동 | 4. [B1] 경의중앙선, 공항철도 환승통로로 이동 | 5. 환승 엘리베이터(으)로 1개 층 내려가기 (B1 → B2, 엘리베이터) | 6. [B2] 경의중앙선, 공항철도 환승통로로 이동 | 7. [B2] 공항철도 대합실로 이동 | 8. 공항철도 디지털미디어시티 방면 엘리베이터(으)로 2개 층 내려가기 (B2 → B4, 엘리베이터) | 9. [B4] 공항철도 디지털미디어시티 방면 승강장으로 이동 | 10. [B4] 승차 (휠체어칸)"
S1_2_0596,2호선,홍대입구,3,환승,7,2호선 신촌 방면 → 공항철도 공덕 방면,B2 → B1 → B2 → B4,10,3,0,"[B2] 2호선 신촌 방면 승강장 하차 → 대합실 방향 엘리베이터(으)로 1개 층 올라가기 (B2 → B1, 엘리베이터) → [B1] 대합실로 이동 → [B1] 경의중앙선, 공항철도 환승통로로 이동 → 환승 엘리베이터(으)로 1개 층 내려가기 (B1 → B2, 엘리베이터) → [B2] 경의중앙선, 공항철도 환승통로로 이동 → [B2] 공항철도 대합실로 이동 → 공항철도 공덕 방면 엘리베이터(으)로 2개 층 내려가기 (B2 → B4, 엘리베이터) → [B4] 공항철도 공덕 방면 승강장으로 이동 → [B4] 승차 (휠체어칸)","1. [B2] 2호선 신촌 방면 승강장 하차 | 2. 대합실 방향 엘리베이터(으)로 1개 층 올라가기 (B2 → B1, 엘리베이터) | 3. [B1] 대합실로 이동 | 4. [B1] 경의중앙선, 공항철도 환승통로로 이동 | 5. 환승 엘리베이터(으)로 1개 층 내려가기 (B1 → B2, 엘리베이터) | 6. [B2] 경의중앙선, 공항철도 환승통로로 이동 | 7. [B2] 공항철도 대합실로 이동 | 8. 공항철도 공덕 방면 엘리베이터(으)로 2개 층 내려가기 (B2 → B4, 엘리베이터) | 9. [B4] 공항철도 공덕 방면 승강장으로 이동 | 10. [B4] 승차 (휠체어칸)"
S1_2_0596,2호선,홍대입구,3,환승,8,2호선 신촌 방면 → 공항철도 디지털미디어시티 방면,B2 → B1 → B2 → B4,10,3,0,"[B2] 2호선 신촌 방면 승강장 하차 → 대합실 방향 엘리베이터(으)로 1개 층 올라가기 (B2 → B1, 엘리베이터) → [B1] 대합실로 이동 → [B1] 경의중앙선, 공항철도 환승통로로 이동 → 환승 엘리베이터(으)로 1개 층 내려가기 (B1 → B2, 엘리베이터) → [B2] 경의중앙선, 공항철도 환승통로로 이동 → [B2] 공항철도 대합실로 이동 → 공항철도 디지털미디어시티 방면 엘리베이터(으)로 2개 층 내려가기 (B2 → B4, 엘리베이터) → [B4] 공항철도 디지털미디어시티 방면 승강장으로 이동 → [B4] 승차 (휠체어칸)","1. [B2] 2호선 신촌 방면 승강장 하차 | 2. 대합실 방향 엘리베이터(으)로 1개 층 올라가기 (B2 → B1, 엘리베이터) | 3. [B1] 대합실로 이동 | 4. [B1] 경의중앙선, 공항철도 환승통로로 이동 | 5. 환승 엘리베이터(으)로 1개 층 내려가기 (B1 → B2, 엘리베이터) | 6. [B2] 경의중앙선, 공항철도 환승통로로 이동 | 7. [B2] 공항철도 대합실로 이동 | 8. 공항철도 디지털미디어시티 방면 엘리베이터(으)로 2개 층 내려가기 (B2 → B4, 엘리베이터) | 9. [B4] 공항철도 디지털미디어시티 방면 승강장으로 이동 | 10. [B4] 승차 (휠체어칸)"
S1_2_0591,2호선,합정,1,출입구-승강장,1,1번/2번 출입구 사이 엘리베이터 → 당산 방면,1F → B1 → B2,6,2,0,"1번/2번 출입구 사이 엘리베이터(으)로 1개 층 내려가기 (1F → B1, 엘리베이터) → [B1] 대합실로 이동 → [B1] 당산 방면 엘리베이터 앞 표 내는 곳 통과 → 당산 방면 엘리베이터(으)로 1개 층 내려가기 (B1 → B2, 엘리베이터) → [B2] 당산 방면 승강장으로 이동 → [B2] 승차 (휠체어칸)","1. 1번/2번 출입구 사이 엘리베이터(으)로 1개 층 내려가기 (1F → B1, 엘리베이터) | 2. [B1] 대합실로 이동 | 3. [B1] 당산 방면 엘리베이터 앞 표 내는 곳 통과 | 4. 당산 방면 엘리베이터(으)로 1개 층 내려가기 (B1 → B2, 엘리베이터) | 5. [B2] 당산 방면 승강장으로 이동 | 6. [B2] 승차 (휠체어칸)"
S1_2_0591,2호선,합정,1,출입구-승강장,2,1번/2번 출입구 사이 엘리베이터 → 홍대입구 방면,1F → B1 → B2,6,2,0,"1번/2번 출입구 사이 엘리베이터(으)로 1개 층 내려가기 (1F → B1, 엘리베이터) → [B1] 대합실로 이동 → [B1] 홍대입구 방면 엘리베이터 앞 표 내는 곳 통과 → 홍대입구 방면 엘리베이터(으)로 1개 층 내려가기 (B1 → B2, 엘리베이터) → [B2] 홍대입구 방면 승강장으로 이동 → [B2] 승차 (휠체어칸)","1. 1번/2번 출입구 사이 엘리베이터(으)로 1개 층 내려가기 (1F → B1, 엘리베이터) | 2. [B1] 대합실로 이동 | 3. [B1] 홍대입구 방면 엘리베이터 앞 표 내는 곳 통과 | 4. 홍대입구 방면 엘리베이터(으)로 1개 층 내려가기 (B1 → B2, 엘리베이터) | 5. [B2] 홍대입구 방면 승강장으로 이동 | 6. [B2] 승차 (휠체어칸)"
S1_2_0591,2호선,합정,1,출입구-승강장,3,3번/4번 출입구 사이 엘리베이터 → 당산 방면,1F → B1 → B2,6,2,0,"3번/4번 출입구 사이 엘리베이터(으)로 1개 층 내려가기 (1F → B1, 엘리베이터) → [B1] 대합실로 이동 → [B1] 당산 방면 엘리베이터 앞 표 내는 곳 통과 → 당산 방면 엘리베이터(으)로 1개 층 내려가기 (B1 → B2, 엘리베이터) → [B2] 당산 방면 승강장으로 이동 → [B2] 승차 (휠체어칸)","1. 3번/4번 출입구 사이 엘리베이터(으)로 1개 층 내려가기 (1F → B1, 엘리베이터) | 2. [B1] 대합실로 이동 | 3. [B1] 당산 방면 엘리베이터 앞 표 내는 곳 통과 | 4. 당산 방면 엘리베이터(으)로 1개 층 내려가기 (B1 → B2, 엘리베이터) | 5. [B2] 당산 방면 승강장으로 이동 | 6. [B2] 승차 (휠체어칸)"
S1_2_0591,2호선,합정,1,출입구-승강장,4,3번/4번 출입구 사이 엘리베이터 → 홍대입구 방면,1F → B1 → B2,6,2,0,"3번/4번 출입구 사이 엘리베이터(으)로 1개 층 내려가기 (1F → B1, 엘리베이터) → [B1] 대합실로 이동 → [B1] 홍대입구 방면 엘리베이터 앞 표 내는 곳 통과 → 홍대입구 방면 엘리베이터(으)로 1개 층 내려가기 (B1 → B2, 엘리베이터) → [B2] 홍대입구 방면 승강장으로 이동 → [B2] 승차 (휠체어칸)","1. 3번/4번 출입구 사이 엘리베이터(으)로 1개 층 내려가기 (1F → B1, 엘리베이터) | 2. [B1] 대합실로 이동 | 3. [B1] 홍대입구 방면 엘리베이터 앞 표 내는 곳 통과 | 4. 홍대입구 방면 엘리베이터(으)로 1개 층 내려가기 (B1 → B2, 엘리베이터) | 5. [B2] 홍대입구 방면 승강장으로 이동 | 6. [B2] 승차 (휠체어칸)"
S1_2_0591,2호선,합정,1,출입구-승강장,5,6번 출입구 옆 엘리베이터 → 당산 방면,1F → B1 → B2,6,2,0,"6번 출입구 옆 엘리베이터(으)로 1개 층 내려가기 (1F → B1, 엘리베이터) → [B1] 대합실로 이동 → [B1] 당산 방면 엘리베이터 앞 표 내는 곳 통과 → 당산 방면 엘리베이터(으)로 1개 층 내려가기 (B1 → B2, 엘리베이터) → [B2] 당산 방면 승강장으로 이동 → [B2] 승차 (휠체어칸)","1. 6번 출입구 옆 엘리베이터(으)로 1개 층 내려가기 (1F → B1, 엘리베이터) | 2. [B1] 대합실로 이동 | 3. [B1] 당산 방면 엘리베이터 앞 표 내는 곳 통과 | 4. 당산 방면 엘리베이터(으)로 1개 층 내려가기 (B1 → B2, 엘리베이터) | 5. [B2] 당산 방면 승강장으로 이동 | 6. [B2] 승차 (휠체어칸)"
S1_2_0591,2호선,합정,1,출입구-승강장,6,6번 출입구 옆 엘리베이터 → 홍대입구 방면,1F → B1 → B2,6,2,0,"6번 출입구 옆 엘리베이터(으)로 1개 층 내려가기 (1F → B1, 엘리베이터) → [B1] 대합실로 이동 → [B1] 홍대입구 방면 엘리베이터 앞 표 내는 곳 통과 → 홍대입구 방면 엘리베이터(으)로 1개 층 내려가기 (B1 → B2, 엘리베이터) → [B2] 홍대입구 방면 승강장으로 이동 → [B2] 승차 (휠체어칸)","1. 6번 출입구 옆 엘리베이터(으)로 1개 층 내려가기 (1F → B1, 엘리베이터) | 2. [B1] 대합실로 이동 | 3. [B1] 홍대입구 방면 엘리베이터 앞 표 내는 곳 통과 | 4. 홍대입구 방면 엘리베이터(으)로 1개 층 내려가기 (B1 → B2, 엘리베이터) | 5. [B2] 홍대입구 방면 승강장으로 이동 | 6. [B2] 승차 (휠체어칸)"
S1_2_0591,2호선,합정,3,환승,1,2호선 당산 방면 → 6호선 망원 방면,B2 → B1 → B4,7,2,0,"[B2] 2호선 당산 방면 승강장 하차 → 대합실 방향 엘리베이터(으)로 1개 층 올라가기 (B2 → B1, 엘리베이터) → [B1] 대합실로 이동 → [B1] 엘리베이터 앞 표 내는 곳 통과 → 9/10번 출입구방향 환승 엘리베이터(으)로 3개 층 내려가기 (B1 → B4, 엘리베이터) → [B4] 6호선 망원 방면 승강장으로 이동 → [B4] 승차 (휠체어칸)","1. [B2] 2호선 당산 방면 승강장 하차 | 2. 대합실 방향 엘리베이터(으)로 1개 층 올라가기 (B2 → B1, 엘리베이터) | 3. [B1] 대합실로 이동 | 4. [B1] 엘리베이터 앞 표 내는 곳 통과 | 5. 9/10번 출입구방향 환승 엘리베이터(으)로 3개 층 내려가기 (B1 → B4, 엘리베이터) | 6. [B4] 6호선 망원 방면 승강장으로 이동 | 7. [B4] 승차 (휠체어칸)"
S1_2_0591,2호선,합정,3,환승,2,2호선 당산 방면 → 6호선 상수 방면,B2 → B1 → B3 → B4,9,3,0,"[B2] 2호선 당산 방면 승강장 하차 → 대합실 방향 엘리베이터(으)로 1개 층 올라가기 (B2 → B1, 엘리베이터) → [B1] 대합실로 이동 → [B1] 엘리베이터 앞 표 내는 곳 통과 → 9/10번 출입구방향 환승 엘리베이터(으)로 2개 층 내려가기 (B1 → B3, 엘리베이터) → [B3] 6호선 대합실로 이동 → 6호선 상수 방면 엘리베이터(으)로 1개 층 내려가기 (B3 → B4, 엘리베이터) → [B4] 6호선 상수 방면 승강장으로 이동 → [B4] 승차 (휠체어칸)","1. [B2] 2호선 당산 방면 승강장 하차 | 2. 대합실 방향 엘리베이터(으)로 1개 층 올라가기 (B2 → B1, 엘리베이터) | 3. [B1] 대합실로 이동 | 4. [B1] 엘리베이터 앞 표 내는 곳 통과 | 5. 9/10번 출입구방향 환승 엘리베이터(으)로 2개 층 내려가기 (B1 → B3, 엘리베이터) | 6. [B3] 6호선 대합실로 이동 | 7. 6호선 상수 방면 엘리베이터(으)로 1개 층 내려가기 (B3 → B4, 엘리베이터) | 8. [B4] 6호선 상수 방면 승강장으로 이동 | 9. [B4] 승차 (휠체어칸)"
S1_2_0591,2호선,합정,3,환승,3,2호선 홍대입구 방면 → 6호선 망원 방면,B2 → B1 → B4,7,2,0,"[B2] 2호선 홍대입구 방면 승강장 하차 → 대합실 방향 엘리베이터(으)로 1개 층 올라가기 (B2 → B1, 엘리베이터) → [B1] 대합실로 이동 → [B1] 엘리베이터 앞 표 내는 곳 통과 → 9/10번 출입구방향 환승 엘리베이터(으)로 3개 층 내려가기 (B1 → B4, 엘리베이터) → [B4] 6호선 망원 방면 승강장으로 이동 → [B4] 승차 (휠체어칸)","1. [B2] 2호선 홍대입구 방면 승강장 하차 | 2. 대합실 방향 엘리베이터(으)로 1개 층 올라가기 (B2 → B1, 엘리베이터) | 3. [B1] 대합실로 이동 | 4. [B1] 엘리베이터 앞 표 내는 곳 통과 | 5. 9/10번 출입구방향 환승 엘리베이터(으)로 3개 층 내려가기 (B1 → B4, 엘리베이터) | 6. [B4] 6호선 망원 방면 승강장으로 이동 | 7. [B4] 승차 (휠체어칸)"
S1_2_0591,2호선,합정,3,환승,4,2호선 홍대입구 방면 → 6호선 상수 방면,B2 → B1 → B3 → B4,9,3,0,"[B2] 2호선 홍대입구 방면 승강장 하차 → 대합실 방향 엘리베이터(으)로 1개 층 올라가기 (B2 → B1, 엘리베이터) → [B1] 대합실로 이동 → [B1] 엘리베이터 앞 표 내는 곳 통과 → 9/10번 출입구방향 환승 엘리베이터(으)로 2개 층 내려가기 (B1 → B3, 엘리베이터) → [B3] 6호선 대합실로 이동 → 6호선 상수 방면 엘리베이터(으)로 1개 층 내려가기 (B3 → B4, 엘리베이터) → [B4] 6호선 상수 방면 승강장으로 이동 → [B4] 승차 (휠체어칸)","1. [B2] 2호선 홍대입구 방면 승강장 하차 | 2. 대합실 방향 엘리베이터(으)로 1개 층 올라가기 (B2 → B1, 엘리베이터) | 3. [B1] 대합실로 이동 | 4. [B1] 엘리베이터 앞 표 내는 곳 통과 | 5. 9/10번 출입구방향 환승 엘리베이터(으)로 2개 층 내려가기 (B1 → B3, 엘리베이터) | 6. [B3] 6호선 대합실로 이동 | 7. 6호선 상수 방면 엘리베이터(으)로 1개 층 내려가기 (B3 → B4, 엘리베이터) | 8. [B4] 6호선 상수 방면 승강장으로 이동 | 9. [B4] 승차 (휠체어칸)"
S1_2_0126,2호선,당산,1,출입구-승강장,1,4번 출입구 옆 엘리베이터 → 영등포구청 방면,1F → 2F → 3F,6,2,0,"4번 출입구 옆 엘리베이터(으)로 1개 층 올라가기 (1F → 2F, 엘리베이터) → [2F] 대합실로 이동 → [2F] 표 내는 곳 통과 → 영등포구청 방면 엘리베이터(으)로 1개 층 올라가기 (2F → 3F, 엘리베이터) → [3F] 영등포구청 방면 승강장으로 이동 → [3F] 승차 (휠체어칸)","1. 4번 출입구 옆 엘리베이터(으)로 1개 층 올라가기 (1F → 2F, 엘리베이터) | 2. [2F] 대합실로 이동 | 3. [2F] 표 내는 곳 통과 | 4. 영등포구청 방면 엘리베이터(으)로 1개 층 올라가기 (2F → 3F, 엘리베이터) | 5. [3F] 영등포구청 방면 승강장으로 이동 | 6. [3F] 승차 (휠체어칸)"
S1_2_0126,2호선,당산,1,출입구-승강장,2,4번 출입구 옆 엘리베이터 → 합정 방면,1F → 2F → 3F,6,2,0,"4번 출입구 옆 엘리베이터(으)로 1개 층 올라가기 (1F → 2F, 엘리베이터) → [2F] 대합실로 이동 → [2F] 표 내는 곳 통과 → 합정 방면 엘리베이터(으)로 1개 층 올라가기 (2F → 3F, 엘리베이터) → [3F] 합정 방면 승강장으로 이동 → [3F] 승차 (휠체어칸)","1. 4번 출입구 옆 엘리베이터(으)로 1개 층 올라가기 (1F → 2F, 엘리베이터) | 2. [2F] 대합실로 이동 | 3. [2F] 표 내는 곳 통과 | 4. 합정 방면 엘리베이터(으)로 1개 층 올라가기 (2F → 3F, 엘리베이터) | 5. [3F] 합정 방면 승강장으로 이동 | 6. [3F] 승차 (휠체어칸)"
S1_2_0126,2호선,당산,1,출입구-승강장,3,3번 출입구 옆 엘리베이터 → 영등포구청 방면,1F → 2F → 3F,6,2,0,"3번출입구 옆 엘리베이터(으)로 1개 층 올라가기 (1F → 2F, 엘리베이터) → [2F] 대합실로 이동 → [2F] 표 내는 곳 통과 → 영등포구청 방면 엘리베이터(으)로 1개 층 올라가기 (2F → 3F, 엘리베이터) → [3F] 영등포구청 방면 승강장으로 이동 → [3F] 승차(휠체어칸)","1. 3번출입구 옆 엘리베이터(으)로 1개 층 올라가기 (1F → 2F, 엘리베이터) | 2. [2F] 대합실로 이동 | 3. [2F] 표 내는 곳 통과 | 4. 영등포구청 방면 엘리베이터(으)로 1개 층 올라가기 (2F → 3F, 엘리베이터) | 5. [3F] 영등포구청 방면 승강장으로 이동 | 6. [3F] 승차(휠체어칸)"
S1_2_0126,2호선,당산,1,출입구-승강장,4,3번 출입구 옆 엘리베이터 → 합정 방면,1F → 2F → 3F,6,2,0,"3번출입구 옆 엘리베이터(으)로 1개 층 올라가기 (1F → 2F, 엘리베이터) → [2F] 대합실로 이동 → [2F] 표 내는 곳 통과 → 합정 방면 엘리베이터(으)로 1개 층 올라가기 (2F → 3F, 엘리베이터) → [3F] 합정 방면 승강장으로 이동 → [3F] 승차(휠체어칸)","1. 3번출입구 옆 엘리베이터(으)로 1개 층 올라가기 (1F → 2F, 엘리베이터) | 2. [2F] 대합실로 이동 | 3. [2F] 표 내는 곳 통과 | 4. 합정 방면 엘리베이터(으)로 1개 층 올라가기 (2F → 3F, 엘리베이터) | 5. [3F] 합정 방면 승강장으로 이동 | 6. [3F] 승차(휠체어칸)"
S1_2_0126,2호선,당산,3,환승,1,2호선 영등포구청 방면 → 9호선 국회의사당 방면,3F → B2,6,1,0,"[3F] 2호선 영등포구청 방면 승강장 하차 → 9호선 환승 엘리베이터(으)로 4개 층 내려가기 (3F → B2, 엘리베이터) → [B2] 9호선 대합실로 이동 → [B2] 5(B3) 9호선 국회의사당 방면 승강장으로 이동 → [B2] 승차 (휠체어칸) → 승강장 방향 엘리베이터 이용 (엘리베이터)","1. [3F] 2호선 영등포구청 방면 승강장 하차 | 2. 9호선 환승 엘리베이터(으)로 4개 층 내려가기 (3F → B2, 엘리베이터) | 3. [B2] 9호선 대합실로 이동 | 4. [B2] 5(B3) 9호선 국회의사당 방면 승강장으로 이동 | 5. [B2] 승차 (휠체어칸) | 6. 승강장 방향 엘리베이터 이용 (엘리베이터)"
S1_2_0126,2호선,당산,3,환승,2,2호선 영등포구청 방면 → 9호선 선유도 방면,3F → B2 → B3,6,2,0,"[3F] 2호선 영등포구청 방면 승강장 하차 → 9호선 환승 엘리베이터(으)로 4개 층 내려가기 (3F → B2, 엘리베이터) → [B2] 9호선 대합실로 이동 → 승강장 방향 엘리베이터(으)로 1개 층 내려가기 (B2 → B3, 엘리베이터) → [B3] 9호선 선유도 방면 승강장으로 이동 → [B3] 승차 (휠체어칸)","1. [3F] 2호선 영등포구청 방면 승강장 하차 | 2. 9호선 환승 엘리베이터(으)로 4개 층 내려가기 (3F → B2, 엘리베이터) | 3. [B2] 9호선 대합실로 이동 | 4. 승강장 방향 엘리베이터(으)로 1개 층 내려가기 (B2 → B3, 엘리베이터) | 5. [B3] 9호선 선유도 방면 승강장으로 이동 | 6. [B3] 승차 (휠체어칸)"
S1_2_0126,2호선,당산,3,환승,3,2호선 합정 방면 → 9호선 국회의사당 방면,3F → B2 → B3,6,2,0,"[3F] 2호선 합정 방면 승강장 하차 → 9호선 환승 엘리베이터(으)로 4개 층 내려가기 (3F → B2, 엘리베이터) → [B2] 9호선 대합실로 이동 → 승강장 방향 엘리베이터(으)로 1개 층 내려가기 (B2 → B3, 엘리베이터) → [B3] 9호선 국회의사당 방면 승강장으로 이동 → [B3] 승차 (휠체어칸)","1. [3F] 2호선 합정 방면 승강장 하차 | 2. 9호선 환승 엘리베이터(으)로 4개 층 내려가기 (3F → B2, 엘리베이터) | 3. [B2] 9호선 대합실로 이동 | 4. 승강장 방향 엘리베이터(으)로 1개 층 내려가기 (B2 → B3, 엘리베이터) | 5. [B3] 9호선 국회의사당 방면 승강장으로 이동 | 6. [B3] 승차 (휠체어칸)"
S1_2_0126,2호선,당산,3,환승,4,2호선 합정 방면 → 9호선 선유도 방면,3F → B2 → B3,6,2,0,"[3F] 2호선 합정 방면 승강장 하차 → 9호선 환승 엘리베이터(으)로 4개 층 내려가기 (3F → B2, 엘리베이터) → [B2] 9호선 대합실로 이동 → 승강장 방향 엘리베이터(으)로 1개 층 내려가기 (B2 → B3, 엘리베이터) → [B3] 9호선 선유도 방면 승강장으로 이동 → [B3] 승차 (휠체어칸)","1. [3F] 2호선 합정 방면 승강장 하차 | 2. 9호선 환승 엘리베이터(으)로 4개 층 내려가기 (3F → B2, 엘리베이터) | 3. [B2] 9호선 대합실로 이동 | 4. 승강장 방향 엘리베이터(으)로 1개 층 내려가기 (B2 → B3, 엘리베이터) | 5. [B3] 9호선 선유도 방면 승강장으로 이동 | 6. [B3] 승차 (휠체어칸)"
S1_2_0421,2호선,영등포구청,1,출입구-승강장,1,2번 출입구 옆 엘리베이터 → 문래 방면,1F → B1 → B2,6,2,0,"2번 출입구 옆 엘리베이터(으)로 1개 층 내려가기 (1F → B1, 엘리베이터) → [B1] 대합실로 이동 → [B1] 표 내는 곳 통과 → 문래 방면 엘리베이터(으)로 1개 층 내려가기 (B1 → B2, 엘리베이터) → [B2] 문래 방면 승강장으로 이동 → [B2] 승차 (휠체어칸)","1. 2번 출입구 옆 엘리베이터(으)로 1개 층 내려가기 (1F → B1, 엘리베이터) | 2. [B1] 대합실로 이동 | 3. [B1] 표 내는 곳 통과 | 4. 문래 방면 엘리베이터(으)로 1개 층 내려가기 (B1 → B2, 엘리베이터) | 5. [B2] 문래 방면 승강장으로 이동 | 6. [B2] 승차 (휠체어칸)"
S1_2_0421,2호선,영등포구청,1,출입구-승강장,2,2번 출입구 옆 엘리베이터 → 당산 방면,1F → B1 → B2,6,2,0,"2번 출입구 옆 엘리베이터(으)로 1개 층 내려가기 (1F → B1, 엘리베이터) → [B1] 대합실로 이동 → [B1] 표 내는 곳 통과 → 당산 방면 엘리베이터(으)로 1개 층 내려가기 (B1 → B2, 엘리베이터) → [B2] 당산 방면 승강장으로 이동 → [B2] 승차 (휠체어칸)","1. 2번 출입구 옆 엘리베이터(으)로 1개 층 내려가기 (1F → B1, 엘리베이터) | 2. [B1] 대합실로 이동 | 3. [B1] 표 내는 곳 통과 | 4. 당산 방면 엘리베이터(으)로 1개 층 내려가기 (B1 → B2, 엘리베이터) | 5. [B2] 당산 방면 승강장으로 이동 | 6. [B2] 승차 (휠체어칸)"
S1_2_0421,2호선,영등포구청,1,출입구-승강장,3,5번 출입구 근처 엘리베이터 → 문래 방면,1F → B1 → B2,6,2,0,"5번 출입구 옆 엘리베이터(으)로 1개 층 내려가기 (1F → B1, 엘리베이터) → [B1] 대합실로 이동 → [B1] 표 내는 곳 통과 → 문래 방면 엘리베이터(으)로 1개 층 내려가기 (B1 → B2, 엘리베이터) → [B2] 문래 방면 승강장으로 이동 → [B2] 승차 (휠체어칸)","1. 5번 출입구 옆 엘리베이터(으)로 1개 층 내려가기 (1F → B1, 엘리베이터) | 2. [B1] 대합실로 이동 | 3. [B1] 표 내는 곳 통과 | 4. 문래 방면 엘리베이터(으)로 1개 층 내려가기 (B1 → B2, 엘리베이터) | 5. [B2] 문래 방면 승강장으로 이동 | 6. [B2] 승차 (휠체어칸)"
S1_2_0421,2호선,영등포구청,1,출입구-승강장,4,5번 출입구 근처 엘리베이터 → 당산 방면,1F → B1 → B2,6,2,0,"5번 출입구 옆 엘리베이터(으)로 1개 층 내려가기 (1F → B1, 엘리베이터) → [B1] 대합실로 이동 → [B1] 표 내는 곳 통과 → 당산 방면 엘리베이터(으)로 1개 층 내려가기 (B1 → B2, 엘리베이터) → [B2] 당산 방면 승강장으로 이동 → [B2] 승차 (휠체어칸)","1. 5번 출입구 옆 엘리베이터(으)로 1개 층 내려가기 (1F → B1, 엘리베이터) | 2. [B1] 대합실로 이동 | 3. [B1] 표 내는 곳 통과 | 4. 당산 방면 엘리베이터(으)로 1개 층 내려가기 (B1 → B2, 엘리베이터) | 5. [B2] 당산 방면 승강장으로 이동 | 6. [B2] 승차 (휠체어칸)"
S1_2_0421,2호선,영등포구청,3,환승,1,2호선 문래 방면 → 5호선 양평 방면,B2 → B1 → 1F → B5,6,3,0,"문래방면 지하2층 엘리베이터(으)로 1개 층 올라가기 (B2 → B1, 엘리베이터) → [B1] 문래방면 지하1층 엘리베이터 하차 → 2번출입구 지하1층 엘리베이터(으)로 1개 층 올라가기 (B1 → 1F, 엘리베이터) → [1F] 2번출입구 지상1층 엘리베이터 하차 → 5호선방면 지상1층 엘리베이터(으)로 5개 층 내려가기 (1F → B5, 엘리베이터) → [B5] 양평방면 지하5층 엘리베이터 하차","1. 문래방면 지하2층 엘리베이터(으)로 1개 층 올라가기 (B2 → B1, 엘리베이터) | 2. [B1] 문래방면 지하1층 엘리베이터 하차 | 3. 2번출입구 지하1층 엘리베이터(으)로 1개 층 올라가기 (B1 → 1F, 엘리베이터) | 4. [1F] 2번출입구 지상1층 엘리베이터 하차 | 5. 5호선방면 지상1층 엘리베이터(으)로 5개 층 내려가기 (1F → B5, 엘리베이터) | 6. [B5] 양평방면 지하5층 엘리베이터 하차"
S1_2_0421,2호선,영등포구청,3,환승,2,2호선 문래 방면 → 5호선 영등포시장 방면,B2 → B1 → 1F → B4 → B5,8,4,0,"문래방면 지하2층 엘리베이터(으)로 1개 층 올라가기 (B2 → B1, 엘리베이터) → [B1] 문래방면 지하1층 엘리베이터 하차 → 2번출입구 지하1층 엘리베이터(으)로 1개 층 올라가기 (B1 → 1F, 엘리베이터) → [1F] 2번출입구 지상1층 엘리베이터 하차 → 5호선방면 지상1층 엘리베이터(으)로 4개 층 내려가기 (1F → B4, 엘리베이터) → [B4] 5호선방면 지하4층 대합실 엘리베이터 하차 → 영등포시장방면 지하4층 엘리베이터(으)로 1개 층 내려가기 (B4 → B5, 엘리베이터) → [B5] 영등포시장방면 지하5층 엘리베이터 하차","1. 문래방면 지하2층 엘리베이터(으)로 1개 층 올라가기 (B2 → B1, 엘리베이터) | 2. [B1] 문래방면 지하1층 엘리베이터 하차 | 3. 2번출입구 지하1층 엘리베이터(으)로 1개 층 올라가기 (B1 → 1F, 엘리베이터) | 4. [1F] 2번출입구 지상1층 엘리베이터 하차 | 5. 5호선방면 지상1층 엘리베이터(으)로 4개 층 내려가기 (1F → B4, 엘리베이터) | 6. [B4] 5호선방면 지하4층 대합실 엘리베이터 하차 | 7. 영등포시장방면 지하4층 엘리베이터(으)로 1개 층 내려가기 (B4 → B5, 엘리베이터) | 8. [B5] 영등포시장방면 지하5층 엘리베이터 하차"
S1_2_0421,2호선,영등포구청,3,환승,3,2호선 당산 방면 → 5호선 양평 방면,B2 → B1 → 1F → B5,6,3,0,"당산방면 지하2층 엘리베이터(으)로 1개 층 올라가기 (B2 → B1, 엘리베이터) → [B1] 당산방면 지하1층 엘리베이터 하차 → 2번출입구 지하1층 엘리베이터(으)로 1개 층 올라가기 (B1 → 1F, 엘리베이터) → [1F] 2번출입구 지상1층 엘리베이터 하차 → 5호선방면 지상1층 엘리베이터(으)로 5개 층 내려가기 (1F → B5, 엘리베이터) → [B5] 양평방면 지하5층 엘리베이터 하차","1. 당산방면 지하2층 엘리베이터(으)로 1개 층 올라가기 (B2 → B1, 엘리베이터) | 2. [B1] 당산방면 지하1층 엘리베이터 하차 | 3. 2번출입구 지하1층 엘리베이터(으)로 1개 층 올라가기 (B1 → 1F, 엘리베이터) | 4. [1F] 2번출입구 지상1층 엘리베이터 하차 | 5. 5호선방면 지상1층 엘리베이터(으)로 5개 층 내려가기 (1F → B5, 엘리베이터) | 6. [B5] 양평방면 지하5층 엘리베이터 하차"
S1_2_0421,2호선,영등포구청,3,환승,4,2호선 당산 방면 → 5호선 영등포시장 방면,B2 → B1 → 1F → B4 → B5,8,4,0,"당산방면 지하2층 엘리베이터(으)로 1개 층 올라가기 (B2 → B1, 엘리베이터) → [B1] 당산방면 지하1층 엘리베이터 하차 → 2번출입구 지하1층 엘리베이터(으)로 1개 층 올라가기 (B1 → 1F, 엘리베이터) → [1F] 2번출입구 지상1층 엘리베이터 하차 → 5호선방면 지상1층 엘리베이터(으)로 4개 층 내려가기 (1F → B4, 엘리베이터) → [B4] 5호선방면 지하4층 대합실 엘리베이터 하차 → 영등포시장방면 지하4층 엘리베이터(으)로 1개 층 내려가기 (B4 → B5, 엘리베이터) → [B5] 영등포시장방면 지하5층 엘리베이터 하차","1. 당산방면 지하2층 엘리베이터(으)로 1개 층 올라가기 (B2 → B1, 엘리베이터) | 2. [B1] 당산방면 지하1층 엘리베이터 하차 | 3. 2번출입구 지하1층 엘리베이터(으)로 1개 층 올라가기 (B1 → 1F, 엘리베이터) | 4. [1F] 2번출입구 지상1층 엘리베이터 하차 | 5. 5호선방면 지상1층 엘리베이터(으)로 4개 층 내려가기 (1F → B4, 엘리베이터) | 6. [B4] 5호선방면 지하4층 대합실 엘리베이터 하차 | 7. 영등포시장방면 지하4층 엘리베이터(으)로 1개 층 내려가기 (B4 → B5, 엘리베이터) | 8. [B5] 영등포시장방면 지하5층 엘리베이터 하차"
S1_2_0206,2호선,문래,1,출입구-승강장,1,1번 출입구 옆 엘리베이터 → 신도림 방면,1F → B1 → B2,6,2,0,"1번 출입구 옆 엘리베이터(으)로 1개 층 내려가기 (1F → B1, 엘리베이터) → [B1] 대합실로 이동 → [B1] 신도림 방면 엘리베이터 앞 표 내는 곳 통과 → 신도림 방면 엘리베이터(으)로 1개 층 내려가기 (B1 → B2, 엘리베이터) → [B2] 신도림 방면 승강장으로 이동 → [B2] 승차 (휠체어칸)","1. 1번 출입구 옆 엘리베이터(으)로 1개 층 내려가기 (1F → B1, 엘리베이터) | 2. [B1] 대합실로 이동 | 3. [B1] 신도림 방면 엘리베이터 앞 표 내는 곳 통과 | 4. 신도림 방면 엘리베이터(으)로 1개 층 내려가기 (B1 → B2, 엘리베이터) | 5. [B2] 신도림 방면 승강장으로 이동 | 6. [B2] 승차 (휠체어칸)"
S1_2_0206,2호선,문래,1,출입구-승강장,2,1번 출입구 옆 엘리베이터 → 영등포구청 방면,1F → B1 → B2,6,2,0,"1번 출입구 옆 엘리베이터(으)로 1개 층 내려가기 (1F → B1, 엘리베이터) → [B1] 대합실로 이동 → [B1] 영등포구청 방면 엘리베이터 앞 표 내는 곳 통과 → 영등포구청 방면 엘리베이터(으)로 1개 층 내려가기 (B1 → B2, 엘리베이터) → [B2] 영등포구청 방면 승강장으로 이동 → [B2] 승차 (휠체어칸)","1. 1번 출입구 옆 엘리베이터(으)로 1개 층 내려가기 (1F → B1, 엘리베이터) | 2. [B1] 대합실로 이동 | 3. [B1] 영등포구청 방면 엘리베이터 앞 표 내는 곳 통과 | 4. 영등포구청 방면 엘리베이터(으)로 1개 층 내려가기 (B1 → B2, 엘리베이터) | 5. [B2] 영등포구청 방면 승강장으로 이동 | 6. [B2] 승차 (휠체어칸)"
S1_2_0206,2호선,문래,1,출입구-승강장,3,4번 출입구 옆 엘리베이터 → 신도림 방면,1F → B1 → B2,6,2,0,"4번 출입구 옆 엘리베이터(으)로 1개 층 내려가기 (1F → B1, 엘리베이터) → [B1] 대합실로 이동 → [B1] 신도림 방면 엘리베이터 앞 표 내는 곳 통과 → 신도림 방면 엘리베이터(으)로 1개 층 내려가기 (B1 → B2, 엘리베이터) → [B2] 신도림 방면 승강장으로 이동 → [B2] 승차 (휠체어칸)","1. 4번 출입구 옆 엘리베이터(으)로 1개 층 내려가기 (1F → B1, 엘리베이터) | 2. [B1] 대합실로 이동 | 3. [B1] 신도림 방면 엘리베이터 앞 표 내는 곳 통과 | 4. 신도림 방면 엘리베이터(으)로 1개 층 내려가기 (B1 → B2, 엘리베이터) | 5. [B2] 신도림 방면 승강장으로 이동 | 6. [B2] 승차 (휠체어칸)"
S1_2_0206,2호선,문래,1,출입구-승강장,4,4번 출입구 옆 엘리베이터 → 영등포구청 방면,1F → B1 → B2,6,2,0,"4번 출입구 옆 엘리베이터(으)로 1개 층 내려가기 (1F → B1, 엘리베이터) → [B1] 대합실로 이동 → [B1] 영등포구청 방면 엘리베이터 앞 표 내는 곳 통과 → 영등포구청 방면 엘리베이터(으)로 1개 층 내려가기 (B1 → B2, 엘리베이터) → [B2] 영등포구청 방면 승강장으로 이동 → [B2] 승차 (휠체어칸)","1. 4번 출입구 옆 엘리베이터(으)로 1개 층 내려가기 (1F → B1, 엘리베이터) | 2. [B1] 대합실로 이동 | 3. [B1] 영등포구청 방면 엘리베이터 앞 표 내는 곳 통과 | 4. 영등포구청 방면 엘리베이터(으)로 1개 층 내려가기 (B1 → B2, 엘리베이터) | 5. [B2] 영등포구청 방면 승강장으로 이동 | 6. [B2] 승차 (휠체어칸)"
S1_2_0206,2호선,문래,1,출입구-승강장,5,5번 출입구 옆 엘리베이터 → 신도림 방면,1F → B1 → B2,6,2,0,"5번 출입구 옆 엘리베이터(으)로 1개 층 내려가기 (1F → B1, 엘리베이터) → [B1] 대합실로 이동 → [B1] 신도림 방면 엘리베이터 앞 표 내는 곳 통과 → 신도림 방면 엘리베이터(으)로 1개 층 내려가기 (B1 → B2, 엘리베이터) → [B2] 신도림 방면 승강장으로 이동 → [B2] 승차 (휠체어칸)","1. 5번 출입구 옆 엘리베이터(으)로 1개 층 내려가기 (1F → B1, 엘리베이터) | 2. [B1] 대합실로 이동 | 3. [B1] 신도림 방면 엘리베이터 앞 표 내는 곳 통과 | 4. 신도림 방면 엘리베이터(으)로 1개 층 내려가기 (B1 → B2, 엘리베이터) | 5. [B2] 신도림 방면 승강장으로 이동 | 6. [B2] 승차 (휠체어칸)"
S1_2_0206,2호선,문래,1,출입구-승강장,6,5번 출입구 옆 엘리베이터 → 영등포구청 방면,1F → B1 → B2,6,2,0,"5번 출입구 옆 엘리베이터(으)로 1개 층 내려가기 (1F → B1, 엘리베이터) → [B1] 대합실로 이동 → [B1] 영등포구청 방면 엘리베이터 앞 표 내는 곳 통과 → 영등포구청 방면 엘리베이터(으)로 1개 층 내려가기 (B1 → B2, 엘리베이터) → [B2] 영등포구청 방면 승강장으로 이동 → [B2] 승차 (휠체어칸)","1. 5번 출입구 옆 엘리베이터(으)로 1개 층 내려가기 (1F → B1, 엘리베이터) | 2. [B1] 대합실로 이동 | 3. [B1] 영등포구청 방면 엘리베이터 앞 표 내는 곳 통과 | 4. 영등포구청 방면 엘리베이터(으)로 1개 층 내려가기 (B1 → B2, 엘리베이터) | 5. [B2] 영등포구청 방면 승강장으로 이동 | 6. [B2] 승차 (휠체어칸)"
S1_2_0359,2호선,신도림,1,출입구-승강장,1,3번 출입구 옆 엘리베이터 → 대림 방면,1F → B1 → B2,6,2,0,"3번 출입구 옆 엘리베이터(으)로 1개 층 내려가기 (1F → B1, 엘리베이터) → [B1] 대합실로 이동 → [B1] 표 내는 곳 통과 → 승강장 방향 엘리베이터(으)로 1개 층 내려가기 (B1 → B2, 엘리베이터) → [B2] 대림 방면 승강장으로 이동 → [B2] 승차 (휠체어칸)","1. 3번 출입구 옆 엘리베이터(으)로 1개 층 내려가기 (1F → B1, 엘리베이터) | 2. [B1] 대합실로 이동 | 3. [B1] 표 내는 곳 통과 | 4. 승강장 방향 엘리베이터(으)로 1개 층 내려가기 (B1 → B2, 엘리베이터) | 5. [B2] 대림 방면 승강장으로 이동 | 6. [B2] 승차 (휠체어칸)"
S1_2_0359,2호선,신도림,1,출입구-승강장,2,3번 출입구 옆 엘리베이터 → 문래 방면,1F → B1 → B2,6,2,0,"3번 출입구 옆 엘리베이터(으)로 1개 층 내려가기 (1F → B1, 엘리베이터) → [B1] 대합실로 이동 → [B1] 표 내는 곳 통과 → 승강장 방향 엘리베이터(으)로 1개 층 내려가기 (B1 → B2, 엘리베이터) → [B2] 문래 방면 승강장으로 이동 → [B2] 승차 (휠체어칸)","1. 3번 출입구 옆 엘리베이터(으)로 1개 층 내려가기 (1F → B1, 엘리베이터) | 2. [B1] 대합실로 이동 | 3. [B1] 표 내는 곳 통과 | 4. 승강장 방향 엘리베이터(으)로 1개 층 내려가기 (B1 → B2, 엘리베이터) | 5. [B2] 문래 방면 승강장으로 이동 | 6. [B2] 승차 (휠체어칸)"
S1_2_0359,2호선,신도림,1,출입구-승강장,3,3번 출입구 옆 엘리베이터 → 도림천 방면,1F → B1 → B2,7,2,0,"3번 출입구 옆 엘리베이터(으)로 1개 층 내려가기 (1F → B1, 엘리베이터) → [B1] 대합실로 이동 → [B1] 표 내는 곳 통과 → [B1] 1번 출입구 방향, 1호선 환승 방향으로 이동 → 도림천 방면 엘리베이터(으)로 1개 층 내려가기 (B1 → B2, 엘리베이터) → [B2] 도림천 방면 승강장으로 이동 → [B2] 승차 (휠체어칸)","1. 3번 출입구 옆 엘리베이터(으)로 1개 층 내려가기 (1F → B1, 엘리베이터) | 2. [B1] 대합실로 이동 | 3. [B1] 표 내는 곳 통과 | 4. [B1] 1번 출입구 방향, 1호선 환승 방향으로 이동 | 5. 도림천 방면 엘리베이터(으)로 1개 층 내려가기 (B1 → B2, 엘리베이터) | 6. [B2] 도림천 방면 승강장으로 이동 | 7. [B2] 승차 (휠체어칸)"
S1_2_0359,2호선,신도림,3,환승,1,2호선 대림 방면 → 2호선 도림천 방면,B2 → B1 → B2,7,2,0,"[B2] 2호선 대림 방면 승강장 하차 → 대합실 방향 엘리베이터(으)로 1개 층 올라가기 (B2 → B1, 엘리베이터) → [B1] 대합실로 이동 → [B1] 1번 출입구 방향, 1호선 환승 방향으로 이동 → 2호선 도림천 방면 엘리베이터(으)로 1개 층 내려가기 (B1 → B2, 엘리베이터) → [B2] 2호선 도림천 방면 승강장으로 이동 → [B2] 승차 (휠체어칸)","1. [B2] 2호선 대림 방면 승강장 하차 | 2. 대합실 방향 엘리베이터(으)로 1개 층 올라가기 (B2 → B1, 엘리베이터) | 3. [B1] 대합실로 이동 | 4. [B1] 1번 출입구 방향, 1호선 환승 방향으로 이동 | 5. 2호선 도림천 방면 엘리베이터(으)로 1개 층 내려가기 (B1 → B2, 엘리베이터) | 6. [B2] 2호선 도림천 방면 승강장으로 이동 | 7. [B2] 승차 (휠체어칸)"
S1_2_0359,2호선,신도림,3,환승,2,2호선 문래 방면 → 2호선 도림천 방면,B2 → B1 → B2,7,2,0,"[B2] 2호선 문래 방면 승강장 하차 → 대합실 방향 엘리베이터(으)로 1개 층 올라가기 (B2 → B1, 엘리베이터) → [B1] 대합실로 이동 → [B1] 1번 출입구 방향, 1호선 환승 방향으로 이동 → 2호선 도림천 방면 엘리베이터(으)로 1개 층 내려가기 (B1 → B2, 엘리베이터) → [B2] 2호선 도림천 방면 승강장으로 이동 → [B2] 승차 (휠체어칸)","1. [B2] 2호선 문래 방면 승강장 하차 | 2. 대합실 방향 엘리베이터(으)로 1개 층 올라가기 (B2 → B1, 엘리베이터) | 3. [B1] 대합실로 이동 | 4. [B1] 1번 출입구 방향, 1호선 환승 방향으로 이동 | 5. 2호선 도림천 방면 엘리베이터(으)로 1개 층 내려가기 (B1 → B2, 엘리베이터) | 6. [B2] 2호선 도림천 방면 승강장으로 이동 | 7. [B2] 승차 (휠체어칸)"
S1_2_0359,2호선,신도림,3,환승,3,2호선 지선 신도림 (종착역) 승강장 → 2호선 대림 방면,B2 → B1 → B2,7,2,0,"[B2] 2호선 지선 신도림 (종착역) 승강장 하차 → 대합실 방향 엘리베이터(으)로 1개 층 올라가기 (B2 → B1, 엘리베이터) → [B1] 대합실로 이동 → [B1] 2번/3번 출입구 방향으로 이동 → 2호선 대림, 문래 방면 엘리베이터(으)로 1개 층 내려가기 (B1 → B2, 엘리베이터) → [B2] 2호선 대림 방면 승강장으로 이동 → [B2] 승차 (휠체어칸)","1. [B2] 2호선 지선 신도림 (종착역) 승강장 하차 | 2. 대합실 방향 엘리베이터(으)로 1개 층 올라가기 (B2 → B1, 엘리베이터) | 3. [B1] 대합실로 이동 | 4. [B1] 2번/3번 출입구 방향으로 이동 | 5. 2호선 대림, 문래 방면 엘리베이터(으)로 1개 층 내려가기 (B1 → B2, 엘리베이터) | 6. [B2] 2호선 대림 방면 승강장으로 이동 | 7. [B2] 승차 (휠체어칸)"
S1_2_0359,2호선,신도림,3,환승,4,2호선 지선 신도림 (종착역) 승강장 → 2호선 문래 방면,B2 → B1 → B2,7,2,0,"[B2] 2호선 지선 신도림 (종착역) 승강장 하차 → 대합실 방향 엘리베이터(으)로 1개 층 올라가기 (B2 → B1, 엘리베이터) → [B1] 대합실로 이동 → [B1] 2번/3번 출입구 방향으로 이동 → 2호선 대림, 문래 방면 엘리베이터(으)로 1개 층 내려가기 (B1 → B2, 엘리베이터) → [B2] 2호선 문래 방면 승강장으로 이동 → [B2] 승차 (휠체어칸)","1. [B2] 2호선 지선 신도림 (종착역) 승강장 하차 | 2. 대합실 방향 엘리베이터(으)로 1개 층 올라가기 (B2 → B1, 엘리베이터) | 3. [B1] 대합실로 이동 | 4. [B1] 2번/3번 출입구 방향으로 이동 | 5. 2호선 대림, 문래 방면 엘리베이터(으)로 1개 층 내려가기 (B1 → B2, 엘리베이터) | 6. [B2] 2호선 문래 방면 승강장으로 이동 | 7. [B2] 승차 (휠체어칸)"
S1_2_0359,2호선,신도림,3,환승,5,2호선 대림 방면 → 1호선 영등포 방면,B2 → B1 → 1F,7,2,0,"[B2] 2호선 대림 방면 승강장 하차 → 대합실 방향 엘리베이터(으)로 1개 층 올라가기 (B2 → B1, 엘리베이터) → [B1] 대합실로 이동 → [B1] 1번 출입구 방향, 1호선 환승 방향으로 이동 → 1호선 영등포 방면 엘리베이터(으)로 1개 층 올라가기 (B1 → 1F, 엘리베이터) → [1F] 1호선 영등포 방면 승강장으로 이동 → [1F] 승차 (휠체어칸)","1. [B2] 2호선 대림 방면 승강장 하차 | 2. 대합실 방향 엘리베이터(으)로 1개 층 올라가기 (B2 → B1, 엘리베이터) | 3. [B1] 대합실로 이동 | 4. [B1] 1번 출입구 방향, 1호선 환승 방향으로 이동 | 5. 1호선 영등포 방면 엘리베이터(으)로 1개 층 올라가기 (B1 → 1F, 엘리베이터) | 6. [1F] 1호선 영등포 방면 승강장으로 이동 | 7. [1F] 승차 (휠체어칸)"
S1_2_0359,2호선,신도림,3,환승,6,2호선 대림 방면 → 1호선 구로 방면,B2 → B1 → 1F,7,2,0,"[B2] 2호선 대림 방면 승강장 하차 → 대합실 방향 엘리베이터(으)로 1개 층 올라가기 (B2 → B1, 엘리베이터) → [B1] 대합실로 이동 → [B1] 1번 출입구 방향, 1호선 환승 방향으로 이동 → 1호선 구로 방면 엘리베이터(으)로 1개 층 올라가기 (B1 → 1F, 엘리베이터) → [1F] 1호선 구로 방면 승강장으로 이동 → [1F] 승차 (휠체어칸)","1. [B2] 2호선 대림 방면 승강장 하차 | 2. 대합실 방향 엘리베이터(으)로 1개 층 올라가기 (B2 → B1, 엘리베이터) | 3. [B1] 대합실로 이동 | 4. [B1] 1번 출입구 방향, 1호선 환승 방향으로 이동 | 5. 1호선 구로 방면 엘리베이터(으)로 1개 층 올라가기 (B1 → 1F, 엘리베이터) | 6. [1F] 1호선 구로 방면 승강장으로 이동 | 7. [1F] 승차 (휠체어칸)"
S1_2_0359,2호선,신도림,3,환승,7,2호선 문래 방면 → 1호선 영등포 방면,B2 → B1 → 1F,7,2,0,"[B2] 2호선 문래 방면 승강장 하차 → 대합실 방향 엘리베이터(으)로 1개 층 올라가기 (B2 → B1, 엘리베이터) → [B1] 대합실로 이동 → [B1] 1번 출입구 방향, 1호선 환승 방향으로 이동 → 1호선 영등포 방면 엘리베이터(으)로 1개 층 올라가기 (B1 → 1F, 엘리베이터) → [1F] 1호선 영등포 방면 승강장으로 이동 → [1F] 승차 (휠체어칸)","1. [B2] 2호선 문래 방면 승강장 하차 | 2. 대합실 방향 엘리베이터(으)로 1개 층 올라가기 (B2 → B1, 엘리베이터) | 3. [B1] 대합실로 이동 | 4. [B1] 1번 출입구 방향, 1호선 환승 방향으로 이동 | 5. 1호선 영등포 방면 엘리베이터(으)로 1개 층 올라가기 (B1 → 1F, 엘리베이터) | 6. [1F] 1호선 영등포 방면 승강장으로 이동 | 7. [1F] 승차 (휠체어칸)"
S1_2_0359,2호선,신도림,3,환승,8,2호선 문래 방면 → 1호선 구로 방면,B2 → B1 → 1F,7,2,0,"[B2] 2호선 문래 방면 승강장 하차 → 대합실 방향 엘리베이터(으)로 1개 층 올라가기 (B2 → B1, 엘리베이터) → [B1] 대합실로 이동 → [B1] 1번 출입구 방향, 1호선 환승 방향으로 이동 → 1호선 구로 방면 엘리베이터(으)로 1개 층 올라가기 (B1 → 1F, 엘리베이터) → [1F] 1호선 구로 방면 승강장으로 이동 → [1F] 승차 (휠체어칸)","1. [B2] 2호선 문래 방면 승강장 하차 | 2. 대합실 방향 엘리베이터(으)로 1개 층 올라가기 (B2 → B1, 엘리베이터) | 3. [B1] 대합실로 이동 | 4. [B1] 1번 출입구 방향, 1호선 환승 방향으로 이동 | 5. 1호선 구로 방면 엘리베이터(으)로 1개 층 올라가기 (B1 → 1F, 엘리베이터) | 6. [1F] 1호선 구로 방면 승강장으로 이동 | 7. [1F] 승차 (휠체어칸)"
S1_2_0359,2호선,신도림,3,환승,9,2호선 지선 신도림 (종착역) 승강장 → 1호선 영등포 방면,B2 → 1F,4,1,0,"[B2] 2호선 지선 신도림 (종착역) 승강장 하차 → 승강장 내 엘리베이터(으)로 2개 층 올라가기 (B2 → 1F, 엘리베이터) → [1F] 1호선 영등포 방면 승강장으로 이동 → [1F] 승차 (휠체어칸)","1. [B2] 2호선 지선 신도림 (종착역) 승강장 하차 | 2. 승강장 내 엘리베이터(으)로 2개 층 올라가기 (B2 → 1F, 엘리베이터) | 3. [1F] 1호선 영등포 방면 승강장으로 이동 | 4. [1F] 승차 (휠체어칸)"
S1_2_0359,2호선,신도림,3,환승,10,2호선 지선 신도림 (종착역) 승강장 → 1호선 구로 방면,B2 → B1 → 1F,6,2,0,"[B2] 2호선 지선 신도림 (종착역) 승강장 하차 → 승강장 내 엘리베이터(으)로 1개 층 올라가기 (B2 → B1, 엘리베이터) → [B1] 2호선 대합실로 이동 → 1호선 구로 방면 엘리베이터(으)로 1개 층 올라가기 (B1 → 1F, 엘리베이터) → [1F] 1호선 구로 방면 승강장으로 이동 → [1F] 승차 (휠체어칸)","1. [B2] 2호선 지선 신도림 (종착역) 승강장 하차 | 2. 승강장 내 엘리베이터(으)로 1개 층 올라가기 (B2 → B1, 엘리베이터) | 3. [B1] 2호선 대합실로 이동 | 4. 1호선 구로 방면 엘리베이터(으)로 1개 층 올라가기 (B1 → 1F, 엘리베이터) | 5. [1F] 1호선 구로 방면 승강장으로 이동 | 6. [1F] 승차 (휠체어칸)"
S1_2_0130,2호선,대림,1,출입구-승강장,1,3번/4번 출입구 사이 엘리베이터 → 구로디지털단지 방면,1F → 2F → 3F,6,2,0,"3번/4번 출입구 사이 엘리베이터(으)로 1개 층 올라가기 (1F → 2F, 엘리베이터) → [2F] 대합실로 이동 → [2F] 표 내는 곳 통과 → 구로디지털단지 방면 엘리베이터(으)로 1개 층 올라가기 (2F → 3F, 엘리베이터) → [3F] 구로디지털단지 방면 승강장으로 이동 → [3F] 승차 (휠체어칸)","1. 3번/4번 출입구 사이 엘리베이터(으)로 1개 층 올라가기 (1F → 2F, 엘리베이터) | 2. [2F] 대합실로 이동 | 3. [2F] 표 내는 곳 통과 | 4. 구로디지털단지 방면 엘리베이터(으)로 1개 층 올라가기 (2F → 3F, 엘리베이터) | 5. [3F] 구로디지털단지 방면 승강장으로 이동 | 6. [3F] 승차 (휠체어칸)"
S1_2_0130,2호선,대림,1,출입구-승강장,2,3번/4번 출입구 사이 엘리베이터 → 신도림 방면,1F → 2F → 3F,6,2,0,"3번/4번 출입구 사이 엘리베이터(으)로 1개 층 올라가기 (1F → 2F, 엘리베이터) → [2F] 대합실로 이동 → [2F] 표 내는 곳 통과 → 신도림 방면 엘리베이터(으)로 1개 층 올라가기 (2F → 3F, 엘리베이터) → [3F] 신도림 방면 승강장으로 이동 → [3F] 승차 (휠체어칸)","1. 3번/4번 출입구 사이 엘리베이터(으)로 1개 층 올라가기 (1F → 2F, 엘리베이터) | 2. [2F] 대합실로 이동 | 3. [2F] 표 내는 곳 통과 | 4. 신도림 방면 엘리베이터(으)로 1개 층 올라가기 (2F → 3F, 엘리베이터) | 5. [3F] 신도림 방면 승강장으로 이동 | 6. [3F] 승차 (휠체어칸)"
S1_2_0130,2호선,대림,1,출입구-승강장,3,7번/8번 출입구 사이 엘리베이터 → 구로디지털단지 방면,1F → 2F → 3F,6,2,0,"7번/8번 출입구 사이 엘리베이터(으)로 1개 층 올라가기 (1F → 2F, 엘리베이터) → [2F] 대합실로 이동 → [2F] 표 내는 곳 통과 → 구로디지털단지 방면 엘리베이터(으)로 1개 층 올라가기 (2F → 3F, 엘리베이터) → [3F] 구로디지털단지 방면 승강장으로 이동 → [3F] 승차 (휠체어칸)","1. 7번/8번 출입구 사이 엘리베이터(으)로 1개 층 올라가기 (1F → 2F, 엘리베이터) | 2. [2F] 대합실로 이동 | 3. [2F] 표 내는 곳 통과 | 4. 구로디지털단지 방면 엘리베이터(으)로 1개 층 올라가기 (2F → 3F, 엘리베이터) | 5. [3F] 구로디지털단지 방면 승강장으로 이동 | 6. [3F] 승차 (휠체어칸)"
S1_2_0130,2호선,대림,1,출입구-승강장,4,7번/8번 출입구 사이 엘리베이터 → 신도림 방면,1F → 2F → 3F,6,2,0,"7번/8번 출입구 사이 엘리베이터(으)로 1개 층 올라가기 (1F → 2F, 엘리베이터) → [2F] 대합실로 이동 → [2F] 표 내는 곳 통과 → 신도림 방면 엘리베이터(으)로 1개 층 올라가기 (2F → 3F, 엘리베이터) → [3F] 신도림 방면 승강장으로 이동 → [3F] 승차 (휠체어칸)","1. 7번/8번 출입구 사이 엘리베이터(으)로 1개 층 올라가기 (1F → 2F, 엘리베이터) | 2. [2F] 대합실로 이동 | 3. [2F] 표 내는 곳 통과 | 4. 신도림 방면 엘리베이터(으)로 1개 층 올라가기 (2F → 3F, 엘리베이터) | 5. [3F] 신도림 방면 승강장으로 이동 | 6. [3F] 승차 (휠체어칸)"
S1_2_0130,2호선,대림,3,환승,1,2호선 구로디지털단지 방면 → 7호선 신풍 방면,,9,0,0,3F 2호선 구로디지털단지 방면 승강장 하차 → 2F 대합실로 이동 → 휠체어 비상게이트 이용해 외부로 나감 → 1F 외부로 이동 → 직진 후 좌회전하여 7호선 10번출구로 이동(약 200m) (좌회전) → B1 7호선 대합실로 이동 → 휠체어 비상게이트 이용해 내부로 들어옴 → B2 7호선 신풍방면 승강장으로 이동 → 7호선 신풍방면 엘리베이터 이용 (엘리베이터),1. 3F 2호선 구로디지털단지 방면 승강장 하차 | 2. 2F 대합실로 이동 | 3. 휠체어 비상게이트 이용해 외부로 나감 | 4. 1F 외부로 이동 | 5. 직진 후 좌회전하여 7호선 10번출구로 이동(약 200m) (좌회전) | 6. B1 7호선 대합실로 이동 | 7. 휠체어 비상게이트 이용해 내부로 들어옴 | 8. B2 7호선 신풍방면 승강장으로 이동 | 9. 7호선 신풍방면 엘리베이터 이용 (엘리베이터)
S1_2_0130,2호선,대림,3,환승,2,2호선 구로디지털단지 방면 → 7호선 남구로 방면,,10,0,0,3F 2호선 구로디지털단지 방면 승강장 하차 → 2F 대합실로 이동 → 휠체어 비상게이트 이용해 외부로 나감 → 1F 외부로 이동 → 직진 후 좌회전하여 7호선 10번출구로 이동(약 200m) (좌회전) → B1 7호선 대합실로 이동 → 휠체어 비상게이트 이용해 내부로 들어옴 → B2 7호선 남구로방면 승강장으로 이동 → 승차(휠체어칸) 승차 → 7호선 남구로방면 엘리베이터 이용 (엘리베이터),1. 3F 2호선 구로디지털단지 방면 승강장 하차 | 2. 2F 대합실로 이동 | 3. 휠체어 비상게이트 이용해 외부로 나감 | 4. 1F 외부로 이동 | 5. 직진 후 좌회전하여 7호선 10번출구로 이동(약 200m) (좌회전) | 6. B1 7호선 대합실로 이동 | 7. 휠체어 비상게이트 이용해 내부로 들어옴 | 8. B2 7호선 남구로방면 승강장으로 이동 | 9. 승차(휠체어칸) 승차 | 10. 7호선 남구로방면 엘리베이터 이용 (엘리베이터)
S1_2_0130,2호선,대림,3,환승,3,2호선 신도림 방면 → 7호선 신풍 방면,,10,0,0,3F 2호선 신도림 방면 승강장 하차 → 2F 대합실로 이동 → 휠체어 비상게이트 이용해 외부로 나감 → 1F 외부로 이동 → 직진 후 좌회전하여 7호선 10번출구로 이동(약 200m) (좌회전) → B1 7호선 대합실로 이동 → 휠체어 비상게이트 이용해 내부로 들어옴 → B2 7호선 신풍방면 승강장으로 이동 → 승차(휠체어칸) 승차 → 7호선 신풍방면 엘리베이터 이용 (엘리베이터),1. 3F 2호선 신도림 방면 승강장 하차 | 2. 2F 대합실로 이동 | 3. 휠체어 비상게이트 이용해 외부로 나감 | 4. 1F 외부로 이동 | 5. 직진 후 좌회전하여 7호선 10번출구로 이동(약 200m) (좌회전) | 6. B1 7호선 대합실로 이동 | 7. 휠체어 비상게이트 이용해 내부로 들어옴 | 8. B2 7호선 신풍방면 승강장으로 이동 | 9. 승차(휠체어칸) 승차 | 10. 7호선 신풍방면 엘리베이터 이용 (엘리베이터)
S1_2_0130,2호선,대림,3,환승,4,2호선 신도림 방면 → 7호선 남구로 방면,,10,0,0,3F 2호선 신도림 방면 승강장 하차 → 2F 대합실로 이동 → 휠체어 비상게이트 이용해 외부로 나감 → 1F 외부로 이동 → 직진 후 좌회전하여 7호선 10번출구로 이동(약 200m) (좌회전) → B1 7호선 대합실로 이동 → 휠체어 비상게이트 이용해 내부로 들어옴 → B2 7호선 남구로방면 승강장으로 이동 → 승차(휠체어칸) → 7호선 남구로방면 엘리베이터 이용 (엘리베이터),1. 3F 2호선 신도림 방면 승강장 하차 | 2. 2F 대합실로 이동 | 3. 휠체어 비상게이트 이용해 외부로 나감 | 4. 1F 외부로 이동 | 5. 직진 후 좌회전하여 7호선 10번출구로 이동(약 200m) (좌회전) | 6. B1 7호선 대합실로 이동 | 7. 휠체어 비상게이트 이용해 내부로 들어옴 | 8. B2 7호선 남구로방면 승강장으로 이동 | 9. 승차(휠체어칸) | 10. 7호선 남구로방면 엘리베이터 이용 (엘리베이터)
S1_2_0070,2호선,구로디지털단지,1,출입구-승강장,1,1번 출입구 옆 엘리베이터 → 신대방 방면,1F → 2F → 3F,6,2,0,"1번 출입구와 6번 출입구 사이 엘리베이터(으)로 1개 층 올라가기 (1F → 2F, 엘리베이터) → [2F] 대합실로 이동 → [2F] 표 내는 곳 통과 → 신대방 방면 내부 엘리베이터(으)로 1개 층 올라가기 (2F → 3F, 엘리베이터) → [3F] 신대방 방면 승강장으로 이동 → [3F] 탑승(휠체어칸)","1. 1번 출입구와 6번 출입구 사이 엘리베이터(으)로 1개 층 올라가기 (1F → 2F, 엘리베이터) | 2. [2F] 대합실로 이동 | 3. [2F] 표 내는 곳 통과 | 4. 신대방 방면 내부 엘리베이터(으)로 1개 층 올라가기 (2F → 3F, 엘리베이터) | 5. [3F] 신대방 방면 승강장으로 이동 | 6. [3F] 탑승(휠체어칸)"
S1_2_0070,2호선,구로디지털단지,1,출입구-승강장,2,1번 출입구 옆 엘리베이터 → 대림 방면,1F → 2F → 3F,6,2,0,"1번 출입구와 6번 출입구 사이 엘리베이터(으)로 1개 층 올라가기 (1F → 2F, 엘리베이터) → [2F] 대합실로 이동 → [2F] 표 내는 곳 통과 → 대림 방면 내부 엘리베이터(으)로 1개 층 올라가기 (2F → 3F, 엘리베이터) → [3F] 대림 방면 승강장으로 이동 → [3F] 탑승(휠체어칸)","1. 1번 출입구와 6번 출입구 사이 엘리베이터(으)로 1개 층 올라가기 (1F → 2F, 엘리베이터) | 2. [2F] 대합실로 이동 | 3. [2F] 표 내는 곳 통과 | 4. 대림 방면 내부 엘리베이터(으)로 1개 층 올라가기 (2F → 3F, 엘리베이터) | 5. [3F] 대림 방면 승강장으로 이동 | 6. [3F] 탑승(휠체어칸)"
S1_2_0070,2호선,구로디지털단지,1,출입구-승강장,3,"2,3번 출입구 옆 엘리베이터 → 신대방 방면",1F → 2F → 3F,6,2,0,"2번 출입구와 3번 출입구 사이 엘리베이터(으)로 1개 층 올라가기 (1F → 2F, 엘리베이터) → [2F] 2,3번 출입구와 대합실 사이 연결통로 이동 → [2F] 표 내는 곳 통과 → 신대방 방면 내부 엘리베이터(으)로 1개 층 올라가기 (2F → 3F, 엘리베이터) → [3F] 신대방 방면 승강장으로 이동 → [3F] 탑승(휠체어칸)","1. 2번 출입구와 3번 출입구 사이 엘리베이터(으)로 1개 층 올라가기 (1F → 2F, 엘리베이터) | 2. [2F] 2,3번 출입구와 대합실 사이 연결통로 이동 | 3. [2F] 표 내는 곳 통과 | 4. 신대방 방면 내부 엘리베이터(으)로 1개 층 올라가기 (2F → 3F, 엘리베이터) | 5. [3F] 신대방 방면 승강장으로 이동 | 6. [3F] 탑승(휠체어칸)"
S1_2_0070,2호선,구로디지털단지,1,출입구-승강장,4,"2,3번 출입구 옆 엘리베이터 → 대림 방면",1F → 2F → 3F,6,2,0,"2번 출입구와 3번 출입구 사이 엘리베이터(으)로 1개 층 올라가기 (1F → 2F, 엘리베이터) → [2F] 2,3번 출입구와 대합실 사이 연결통로 이동 → [2F] 표 내는 곳 통과 → 대림 방면 내부 엘리베이터(으)로 1개 층 올라가기 (2F → 3F, 엘리베이터) → [3F] 대림 방면 승강장으로 이동 → [3F] 탑승(휠체어칸)","1. 2번 출입구와 3번 출입구 사이 엘리베이터(으)로 1개 층 올라가기 (1F → 2F, 엘리베이터) | 2. [2F] 2,3번 출입구와 대합실 사이 연결통로 이동 | 3. [2F] 표 내는 곳 통과 | 4. 대림 방면 내부 엘리베이터(으)로 1개 층 올라가기 (2F → 3F, 엘리베이터) | 5. [3F] 대림 방면 승강장으로 이동 | 6. [3F] 탑승(휠체어칸)"
S1_2_0357,2호선,신대방,1,출입구-승강장,1,1번 출입구 옆 엘리베이터 → 신림 방면,1F → 2F → 3F,6,2,0,"1번 출입구 옆 엘리베이터(으)로 1개 층 올라가기 (1F → 2F, 엘리베이터) → [2F] 대합실로 이동 → [2F] 표 내는 곳 통과 → 신림 방면 엘리베이터(으)로 1개 층 올라가기 (2F → 3F, 엘리베이터) → [3F] 신림 방면 승강장으로 이동 → [3F] 승차 (휠체어칸)","1. 1번 출입구 옆 엘리베이터(으)로 1개 층 올라가기 (1F → 2F, 엘리베이터) | 2. [2F] 대합실로 이동 | 3. [2F] 표 내는 곳 통과 | 4. 신림 방면 엘리베이터(으)로 1개 층 올라가기 (2F → 3F, 엘리베이터) | 5. [3F] 신림 방면 승강장으로 이동 | 6. [3F] 승차 (휠체어칸)"
S1_2_0357,2호선,신대방,1,출입구-승강장,2,1번 출입구 옆 엘리베이터 → 구로디지털단지 방면,1F → 2F → 3F,6,2,0,"1번 출입구 옆 엘리베이터(으)로 1개 층 올라가기 (1F → 2F, 엘리베이터) → [2F] 대합실로 이동 → [2F] 표 내는 곳 통과 → 구로디지털단지 방면 엘리베이터(으)로 1개 층 올라가기 (2F → 3F, 엘리베이터) → [3F] 구로디지털단지 방면 승강장으로 이동 → [3F] 승차 (휠체어칸)","1. 1번 출입구 옆 엘리베이터(으)로 1개 층 올라가기 (1F → 2F, 엘리베이터) | 2. [2F] 대합실로 이동 | 3. [2F] 표 내는 곳 통과 | 4. 구로디지털단지 방면 엘리베이터(으)로 1개 층 올라가기 (2F → 3F, 엘리베이터) | 5. [3F] 구로디지털단지 방면 승강장으로 이동 | 6. [3F] 승차 (휠체어칸)"
S1_2_0361,2호선,신림,1,출입구-승강장,1,1번 출입구 옆 엘리베이터 → 봉천 방면,1F → B1 → B2,6,2,0,"1번 출입구 옆 엘리베이터(으)로 1개 층 내려가기 (1F → B1, 엘리베이터) → [B1] 대합실로 이동 → [B1] 표 내는 곳 통과 → 승강장 방향 엘리베이터(으)로 1개 층 내려가기 (B1 → B2, 엘리베이터) → [B2] 봉천 방면 승강장으로 이동 → [B2] 승차 (휠체어칸)","1. 1번 출입구 옆 엘리베이터(으)로 1개 층 내려가기 (1F → B1, 엘리베이터) | 2. [B1] 대합실로 이동 | 3. [B1] 표 내는 곳 통과 | 4. 승강장 방향 엘리베이터(으)로 1개 층 내려가기 (B1 → B2, 엘리베이터) | 5. [B2] 봉천 방면 승강장으로 이동 | 6. [B2] 승차 (휠체어칸)"
S1_2_0361,2호선,신림,1,출입구-승강장,2,1번 출입구 옆 엘리베이터 → 신대방 방면,1F → B1 → B2,6,2,0,"1번 출입구 옆 엘리베이터(으)로 1개 층 내려가기 (1F → B1, 엘리베이터) → [B1] 대합실로 이동 → [B1] 표 내는 곳 통과 → 승강장 방향 엘리베이터(으)로 1개 층 내려가기 (B1 → B2, 엘리베이터) → [B2] 신대방 방면 승강장으로 이동 → [B2] 승차 (휠체어칸)","1. 1번 출입구 옆 엘리베이터(으)로 1개 층 내려가기 (1F → B1, 엘리베이터) | 2. [B1] 대합실로 이동 | 3. [B1] 표 내는 곳 통과 | 4. 승강장 방향 엘리베이터(으)로 1개 층 내려가기 (B1 → B2, 엘리베이터) | 5. [B2] 신대방 방면 승강장으로 이동 | 6. [B2] 승차 (휠체어칸)"
S1_2_0361,2호선,신림,1,출입구-승강장,3,5번 출입구 옆 엘리베이터 → 봉천 방면,1F → B1 → B2,6,2,0,"5번 출입구 옆 엘리베이터(으)로 1개 층 내려가기 (1F → B1, 엘리베이터) → [B1] 대합실로 이동 → [B1] 표 내는 곳 통과 → 승강장 방향 엘리베이터(으)로 1개 층 내려가기 (B1 → B2, 엘리베이터) → [B2] 봉천 방면 승강장으로 이동 → [B2] 승차 (휠체어칸)","1. 5번 출입구 옆 엘리베이터(으)로 1개 층 내려가기 (1F → B1, 엘리베이터) | 2. [B1] 대합실로 이동 | 3. [B1] 표 내는 곳 통과 | 4. 승강장 방향 엘리베이터(으)로 1개 층 내려가기 (B1 → B2, 엘리베이터) | 5. [B2] 봉천 방면 승강장으로 이동 | 6. [B2] 승차 (휠체어칸)"
S1_2_0361,2호선,신림,1,출입구-승강장,4,5번 출입구 옆 엘리베이터 → 신대방 방면,1F → B1 → B2,6,2,0,"5번 출입구 옆 엘리베이터(으)로 1개 층 내려가기 (1F → B1, 엘리베이터) → [B1] 대합실로 이동 → [B1] 표 내는 곳 통과 → 승강장 방향 엘리베이터(으)로 1개 층 내려가기 (B1 → B2, 엘리베이터) → [B2] 신대방 방면 승강장으로 이동 → [B2] 승차 (휠체어칸)","1. 5번 출입구 옆 엘리베이터(으)로 1개 층 내려가기 (1F → B1, 엘리베이터) | 2. [B1] 대합실로 이동 | 3. [B1] 표 내는 곳 통과 | 4. 승강장 방향 엘리베이터(으)로 1개 층 내려가기 (B1 → B2, 엘리베이터) | 5. [B2] 신대방 방면 승강장으로 이동 | 6. [B2] 승차 (휠체어칸)"
S1_2_0361,2호선,신림,3,환승,1,2호선 봉천 방면 → 신림선 당곡 방면,B2 → B1 → B3,7,2,0,"[B2] 2호선 봉천 방면 승강장 하차 → 대합실 방향 엘리베이터(으)로 1개 층 올라가기 (B2 → B1, 엘리베이터) → [B1] 대합실로 이동 → [B1] 신림선 환승게이트 통과 → 신림선 승강장 방향 엘리베이터(으)로 2개 층 내려가기 (B1 → B3, 엘리베이터) → [B3] 신림선 당곡 방면 승강장으로 이동 → [B3] 승차 (휠체어칸)","1. [B2] 2호선 봉천 방면 승강장 하차 | 2. 대합실 방향 엘리베이터(으)로 1개 층 올라가기 (B2 → B1, 엘리베이터) | 3. [B1] 대합실로 이동 | 4. [B1] 신림선 환승게이트 통과 | 5. 신림선 승강장 방향 엘리베이터(으)로 2개 층 내려가기 (B1 → B3, 엘리베이터) | 6. [B3] 신림선 당곡 방면 승강장으로 이동 | 7. [B3] 승차 (휠체어칸)"
S1_2_0361,2호선,신림,3,환승,2,2호선 봉천 방면 → 신림선 서원 방면,B2 → B1 → B3,7,2,0,"[B2] 2호선 봉천 방면 승강장 하차 → 대합실 방향 엘리베이터(으)로 1개 층 올라가기 (B2 → B1, 엘리베이터) → [B1] 대합실로 이동 → [B1] 신림선 환승게이트 통과 → 신림선 승강장 방향 엘리베이터(으)로 2개 층 내려가기 (B1 → B3, 엘리베이터) → [B3] 신림선 서원 방면 승강장으로 이동 → [B3] 승차 (휠체어칸)","1. [B2] 2호선 봉천 방면 승강장 하차 | 2. 대합실 방향 엘리베이터(으)로 1개 층 올라가기 (B2 → B1, 엘리베이터) | 3. [B1] 대합실로 이동 | 4. [B1] 신림선 환승게이트 통과 | 5. 신림선 승강장 방향 엘리베이터(으)로 2개 층 내려가기 (B1 → B3, 엘리베이터) | 6. [B3] 신림선 서원 방면 승강장으로 이동 | 7. [B3] 승차 (휠체어칸)"
S1_2_0361,2호선,신림,3,환승,3,2호선 신대방 방면 → 신림선 당곡 방면,B2 → B1 → B3,7,2,0,"[B2] 2호선 신대방 방면 승강장 하차 → 대합실 방향 엘리베이터(으)로 1개 층 올라가기 (B2 → B1, 엘리베이터) → [B1] 대합실로 이동 → [B1] 신림선 환승게이트 통과 → 신림선 승강장 방향 엘리베이터(으)로 2개 층 내려가기 (B1 → B3, 엘리베이터) → [B3] 신림선 당곡 방면 승강장으로 이동 → [B3] 승차 (휠체어칸)","1. [B2] 2호선 신대방 방면 승강장 하차 | 2. 대합실 방향 엘리베이터(으)로 1개 층 올라가기 (B2 → B1, 엘리베이터) | 3. [B1] 대합실로 이동 | 4. [B1] 신림선 환승게이트 통과 | 5. 신림선 승강장 방향 엘리베이터(으)로 2개 층 내려가기 (B1 → B3, 엘리베이터) | 6. [B3] 신림선 당곡 방면 승강장으로 이동 | 7. [B3] 승차 (휠체어칸)"
S1_2_0361,2호선,신림,3,환승,4,2호선 신대방 방면 → 신림선 서원 방면,B2 → B1 → B3,7,2,0,"[B2] 2호선 신대방 방면 승강장 하차 → 대합실 방향 엘리베이터(으)로 1개 층 올라가기 (B2 → B1, 엘리베이터) → [B1] 대합실로 이동 → [B1] 신림선 환승게이트 통과 → 신림선 승강장 방향 엘리베이터(으)로 2개 층 내려가기 (B1 → B3, 엘리베이터) → [B3] 신림선 서원 방면 승강장으로 이동 → [B3] 승차 (휠체어칸)","1. [B2] 2호선 신대방 방면 승강장 하차 | 2. 대합실 방향 엘리베이터(으)로 1개 층 올라가기 (B2 → B1, 엘리베이터) | 3. [B1] 대합실로 이동 | 4. [B1] 신림선 환승게이트 통과 | 5. 신림선 승강장 방향 엘리베이터(으)로 2개 층 내려가기 (B1 → B3, 엘리베이터) | 6. [B3] 신림선 서원 방면 승강장으로 이동 | 7. [B3] 승차 (휠체어칸)"
S1_2_0242,2호선,봉천,1,출입구-승강장,1,4번 출입구 옆 엘리베이터 → 서울대입구 방면,1F → B1 → B2,6,2,0,"4번 출입구 옆 엘리베이터(으)로 1개 층 내려가기 (1F → B1, 엘리베이터) → [B1] 대합실로 이동 → [B1] 표 내는 곳 통과 → 승강장 방향 엘리베이터(으)로 1개 층 내려가기 (B1 → B2, 엘리베이터) → [B2] 서울대입구 방면 승강장으로 이동 → [B2] 7-1칸(휠체어칸) 승차","1. 4번 출입구 옆 엘리베이터(으)로 1개 층 내려가기 (1F → B1, 엘리베이터) | 2. [B1] 대합실로 이동 | 3. [B1] 표 내는 곳 통과 | 4. 승강장 방향 엘리베이터(으)로 1개 층 내려가기 (B1 → B2, 엘리베이터) | 5. [B2] 서울대입구 방면 승강장으로 이동 | 6. [B2] 7-1칸(휠체어칸) 승차"
S1_2_0242,2호선,봉천,1,출입구-승강장,2,4번 출입구 옆 엘리베이터 → 신림 방면,1F → B1 → B2,6,2,0,"4번 출입구 옆 엘리베이터(으)로 1개 층 내려가기 (1F → B1, 엘리베이터) → [B1] 대합실로 이동 → [B1] 표 내는 곳 통과 → 승강장 방향 엘리베이터(으)로 1개 층 내려가기 (B1 → B2, 엘리베이터) → [B2] 신림 방면 승강장으로 이동 → [B2] 4-4칸(휠체어칸) 승차","1. 4번 출입구 옆 엘리베이터(으)로 1개 층 내려가기 (1F → B1, 엘리베이터) | 2. [B1] 대합실로 이동 | 3. [B1] 표 내는 곳 통과 | 4. 승강장 방향 엘리베이터(으)로 1개 층 내려가기 (B1 → B2, 엘리베이터) | 5. [B2] 신림 방면 승강장으로 이동 | 6. [B2] 4-4칸(휠체어칸) 승차"
S1_2_0294,2호선,서울대입구,1,출입구-승강장,1,6번 출입구 근처 엘리베이터 → 낙성대방면,B2,2,0,0,[B2] 승강장 이동 → 고객안내센터 앞 엘리베이터를 이용하여 지하2층으로 이동 이용 (엘리베이터),1. [B2] 승강장 이동 | 2. 고객안내센터 앞 엘리베이터를 이용하여 지하2층으로 이동 이용 (엘리베이터)
S1_2_0294,2호선,서울대입구,1,출입구-승강장,2,6번 출입구 근처 엘리베이터 → 봉천방면,B2,2,0,0,[B2] 승강장 이동 → 고객안내센터 앞 엘리베이터를 이용하여 지하2층으로 이동 이용 (엘리베이터),1. [B2] 승강장 이동 | 2. 고객안내센터 앞 엘리베이터를 이용하여 지하2층으로 이동 이용 (엘리베이터)
S1_2_0294,2호선,서울대입구,1,출입구-승강장,3,2번 출입구 근처 엘리베이터 → 낙성대방면,B2,2,0,0,[B2] 승강장 이동 → 고객안내센터 앞 엘리베이터를 이용하여 지하2층으로 이동 이용 (엘리베이터),1. [B2] 승강장 이동 | 2. 고객안내센터 앞 엘리베이터를 이용하여 지하2층으로 이동 이용 (엘리베이터)
S1_2_0294,2호선,서울대입구,1,출입구-승강장,4,2번 출입구 근처 엘리베이터 → 봉천방면,B2,2,0,0,[B2] 승강장 이동 → 고객안내센터 앞 엘리베이터를 이용하여 지하2층으로 이동 이용 (엘리베이터),1. [B2] 승강장 이동 | 2. 고객안내센터 앞 엘리베이터를 이용하여 지하2층으로 이동 이용 (엘리베이터)
S1_2_0102,2호선,낙성대,1,출입구-승강장,1,6번 출입구 옆 엘리베이터 → 사당 방면,1F → B1 → B2,6,2,0,"6번 출입구 옆 엘리베이터(으)로 1개 층 내려가기 (1F → B1, 엘리베이터) → [B1] 대합실로 이동 → [B1] 사당 방면 엘리베이터 앞 표 내는 곳 통과 → 사당 방면 엘리베이터(으)로 1개 층 내려가기 (B1 → B2, 엘리베이터) → [B2] 사당 방면 승강장으로 이동 → [B2] 승차 (휠체어칸)","1. 6번 출입구 옆 엘리베이터(으)로 1개 층 내려가기 (1F → B1, 엘리베이터) | 2. [B1] 대합실로 이동 | 3. [B1] 사당 방면 엘리베이터 앞 표 내는 곳 통과 | 4. 사당 방면 엘리베이터(으)로 1개 층 내려가기 (B1 → B2, 엘리베이터) | 5. [B2] 사당 방면 승강장으로 이동 | 6. [B2] 승차 (휠체어칸)"
S1_2_0102,2호선,낙성대,1,출입구-승강장,2,6번 출입구 옆 엘리베이터 → 서울대입구 방면,1F → B1 → B2,6,2,0,"6번 출입구 옆 엘리베이터(으)로 1개 층 내려가기 (1F → B1, 엘리베이터) → [B1] 대합실로 이동 → [B1] 서울대입구 방면 엘리베이터 앞 표 내는 곳 통과 → 서울대입구 방면 엘리베이터(으)로 1개 층 내려가기 (B1 → B2, 엘리베이터) → [B2] 서울대입구 방면 승강장으로 이동 → [B2] 승차 (휠체어칸)","1. 6번 출입구 옆 엘리베이터(으)로 1개 층 내려가기 (1F → B1, 엘리베이터) | 2. [B1] 대합실로 이동 | 3. [B1] 서울대입구 방면 엘리베이터 앞 표 내는 곳 통과 | 4. 서울대입구 방면 엘리베이터(으)로 1개 층 내려가기 (B1 → B2, 엘리베이터) | 5. [B2] 서울대입구 방면 승강장으로 이동 | 6. [B2] 승차 (휠체어칸)"
S1_2_0257,2호선,사당,1,출입구-승강장,1,6번 출입구 옆 엘리베이터 → 방배 방면,1F → B1 → B2,6,2,0,"6번 출입구 옆 엘리베이터(으)로 1개 층 내려가기 (1F → B1, 엘리베이터) → [B1] 대합실로 이동 → [B1] 방배 방면 엘리베이터 앞 표 내는 곳 통과 → 방배 방면 엘리베이터(으)로 1개 층 내려가기 (B1 → B2, 엘리베이터) → [B2] 방배 방면 승강장으로 이동 → [B2] 승차 (휠체어칸)","1. 6번 출입구 옆 엘리베이터(으)로 1개 층 내려가기 (1F → B1, 엘리베이터) | 2. [B1] 대합실로 이동 | 3. [B1] 방배 방면 엘리베이터 앞 표 내는 곳 통과 | 4. 방배 방면 엘리베이터(으)로 1개 층 내려가기 (B1 → B2, 엘리베이터) | 5. [B2] 방배 방면 승강장으로 이동 | 6. [B2] 승차 (휠체어칸)"
S1_2_0257,2호선,사당,1,출입구-승강장,2,6번 출입구 옆 엘리베이터 → 낙성대 방면,1F → B1 → B2,6,2,0,"6번 출입구 옆 엘리베이터(으)로 1개 층 내려가기 (1F → B1, 엘리베이터) → [B1] 대합실로 이동 → [B1] 낙성대 방면 엘리베이터 앞 표 내는 곳 통과 → 낙성대 방면 엘리베이터(으)로 1개 층 내려가기 (B1 → B2, 엘리베이터) → [B2] 낙성대 방면 승강장으로 이동 → [B2] 승차 (휠체어칸)","1. 6번 출입구 옆 엘리베이터(으)로 1개 층 내려가기 (1F → B1, 엘리베이터) | 2. [B1] 대합실로 이동 | 3. [B1] 낙성대 방면 엘리베이터 앞 표 내는 곳 통과 | 4. 낙성대 방면 엘리베이터(으)로 1개 층 내려가기 (B1 → B2, 엘리베이터) | 5. [B2] 낙성대 방면 승강장으로 이동 | 6. [B2] 승차 (휠체어칸)"
S1_2_0257,2호선,사당,1,출입구-승강장,3,14번 출입구 옆 엘리베이터 → 방배 방면,1F → B1 → B2,6,2,0,"14번 출입구 옆 엘리베이터(으)로 1개 층 내려가기 (1F → B1, 엘리베이터) → [B1] 대합실로 이동 → [B1] 방배 방면 엘리베이터 앞 표 내는 곳 통과 → 방배 방면 엘리베이터(으)로 1개 층 내려가기 (B1 → B2, 엘리베이터) → [B2] 방배 방면 승강장으로 이동 → [B2] 승차 (휠체어칸)","1. 14번 출입구 옆 엘리베이터(으)로 1개 층 내려가기 (1F → B1, 엘리베이터) | 2. [B1] 대합실로 이동 | 3. [B1] 방배 방면 엘리베이터 앞 표 내는 곳 통과 | 4. 방배 방면 엘리베이터(으)로 1개 층 내려가기 (B1 → B2, 엘리베이터) | 5. [B2] 방배 방면 승강장으로 이동 | 6. [B2] 승차 (휠체어칸)"
S1_2_0257,2호선,사당,1,출입구-승강장,4,14번 출입구 옆 엘리베이터 → 낙성대 방면,1F → B1 → B2,6,2,0,"14번 출입구 옆 엘리베이터(으)로 1개 층 내려가기 (1F → B1, 엘리베이터) → [B1] 대합실로 이동 → [B1] 낙성대 방면 엘리베이터 앞 표 내는 곳 통과 → 낙성대 방면 엘리베이터(으)로 1개 층 내려가기 (B1 → B2, 엘리베이터) → [B2] 낙성대 방면 승강장으로 이동 → [B2] 승차 (휠체어칸)","1. 14번 출입구 옆 엘리베이터(으)로 1개 층 내려가기 (1F → B1, 엘리베이터) | 2. [B1] 대합실로 이동 | 3. [B1] 낙성대 방면 엘리베이터 앞 표 내는 곳 통과 | 4. 낙성대 방면 엘리베이터(으)로 1개 층 내려가기 (B1 → B2, 엘리베이터) | 5. [B2] 낙성대 방면 승강장으로 이동 | 6. [B2] 승차 (휠체어칸)"
S1_2_0257,2호선,사당,3,환승,1,2호선 방배 방면 → 4호선 총신대입구 방면,B2 → B1 → B3,6,2,0,"[B2] 2호선 방배 방면 승강장 하차 → 대합실 방향 엘리베이터(으)로 1개 층 올라가기 (B2 → B1, 엘리베이터) → [B1] 대합실로 이동 → 4호선 승강장 방향 엘리베이터(으)로 2개 층 내려가기 (B1 → B3, 엘리베이터) → [B3] 4호선 총신대입구 방면 승강장으로 이동 → [B3] 승차 (휠체어칸)","1. [B2] 2호선 방배 방면 승강장 하차 | 2. 대합실 방향 엘리베이터(으)로 1개 층 올라가기 (B2 → B1, 엘리베이터) | 3. [B1] 대합실로 이동 | 4. 4호선 승강장 방향 엘리베이터(으)로 2개 층 내려가기 (B1 → B3, 엘리베이터) | 5. [B3] 4호선 총신대입구 방면 승강장으로 이동 | 6. [B3] 승차 (휠체어칸)"
S1_2_0257,2호선,사당,3,환승,2,2호선 방배 방면 → 4호선 남태령 방면,B2 → B1 → B3,6,2,0,"[B2] 2호선 방배 방면 승강장 하차 → 대합실 방향 엘리베이터(으)로 1개 층 올라가기 (B2 → B1, 엘리베이터) → [B1] 대합실로 이동 → 4호선 승강장 방향 엘리베이터(으)로 2개 층 내려가기 (B1 → B3, 엘리베이터) → [B3] 4호선 남태령 방면 승강장으로 이동 → [B3] 승차 (휠체어칸)","1. [B2] 2호선 방배 방면 승강장 하차 | 2. 대합실 방향 엘리베이터(으)로 1개 층 올라가기 (B2 → B1, 엘리베이터) | 3. [B1] 대합실로 이동 | 4. 4호선 승강장 방향 엘리베이터(으)로 2개 층 내려가기 (B1 → B3, 엘리베이터) | 5. [B3] 4호선 남태령 방면 승강장으로 이동 | 6. [B3] 승차 (휠체어칸)"
S1_2_0257,2호선,사당,3,환승,3,2호선 낙성대 방면 → 4호선 총신대입구 방면,B2 → B3,4,1,0,"[B2] 2호선 낙성대 방면 승강장 하차 → 승강장 내 엘리베이터(으)로 1개 층 내려가기 (B2 → B3, 엘리베이터) → [B3] 4호선 총신대입구 방면 승강장으로 이동 → [B3] 승차 (휠체어칸)","1. [B2] 2호선 낙성대 방면 승강장 하차 | 2. 승강장 내 엘리베이터(으)로 1개 층 내려가기 (B2 → B3, 엘리베이터) | 3. [B3] 4호선 총신대입구 방면 승강장으로 이동 | 4. [B3] 승차 (휠체어칸)"
S1_2_0257,2호선,사당,3,환승,4,2호선 낙성대 방면 → 4호선 남태령 방면,B2 → B3,4,1,0,"[B2] 2호선 낙성대 방면 승강장 하차 → 승강장 내 엘리베이터(으)로 1개 층 내려가기 (B2 → B3, 엘리베이터) → [B3] 4호선 남태령 방면 승강장으로 이동 → [B3] 승차 (휠체어칸)","1. [B2] 2호선 낙성대 방면 승강장 하차 | 2. 승강장 내 엘리베이터(으)로 1개 층 내려가기 (B2 → B3, 엘리베이터) | 3. [B3] 4호선 남태령 방면 승강장으로 이동 | 4. [B3] 승차 (휠체어칸)"
S1_2_0218,2호선,방배,1,출입구-승강장,1,3번 출입구 옆 엘리베이터 → 서초 방면,1F → B1 → B2,6,2,0,"3번 출입구 옆 엘리베이터(으)로 1개 층 내려가기 (1F → B1, 엘리베이터) → [B1] 대합실로 이동 → [B1] 표 내는 곳 통과 → 서초 방면 엘리베이터(으)로 1개 층 내려가기 (B1 → B2, 엘리베이터) → [B2] 서초 방면 승강장으로 이동 → [B2] 승차 (휠체어칸)","1. 3번 출입구 옆 엘리베이터(으)로 1개 층 내려가기 (1F → B1, 엘리베이터) | 2. [B1] 대합실로 이동 | 3. [B1] 표 내는 곳 통과 | 4. 서초 방면 엘리베이터(으)로 1개 층 내려가기 (B1 → B2, 엘리베이터) | 5. [B2] 서초 방면 승강장으로 이동 | 6. [B2] 승차 (휠체어칸)"
S1_2_0218,2호선,방배,1,출입구-승강장,2,3번 출입구 옆 엘리베이터 → 사당 방면,1F → B1 → B2,6,2,0,"3번 출입구 옆 엘리베이터(으)로 1개 층 내려가기 (1F → B1, 엘리베이터) → [B1] 대합실로 이동 → [B1] 표 내는 곳 통과 → 사당 방면 엘리베이터(으)로 1개 층 내려가기 (B1 → B2, 엘리베이터) → [B2] 사당 방면 승강장으로 이동 → [B2] 승차 (휠체어칸)","1. 3번 출입구 옆 엘리베이터(으)로 1개 층 내려가기 (1F → B1, 엘리베이터) | 2. [B1] 대합실로 이동 | 3. [B1] 표 내는 곳 통과 | 4. 사당 방면 엘리베이터(으)로 1개 층 내려가기 (B1 → B2, 엘리베이터) | 5. [B2] 사당 방면 승강장으로 이동 | 6. [B2] 승차 (휠체어칸)"
S1_2_0298,2호선,서초,1,출입구-승강장,1,1번 출입구 옆 엘리베이터 → 교대 방면,1F → B1 → B2,6,2,0,"1번 출입구 옆 엘리베이터(으)로 1개 층 내려가기 (1F → B1, 엘리베이터) → [B1] 대합실로 이동 → [B1] 교대 방면 엘리베이터 앞 표 내는 곳 통과 → 교대 방면 엘리베이터(으)로 1개 층 내려가기 (B1 → B2, 엘리베이터) → [B2] 교대 방면 승강장으로 이동 → [B2] 승차 (휠체어칸)","1. 1번 출입구 옆 엘리베이터(으)로 1개 층 내려가기 (1F → B1, 엘리베이터) | 2. [B1] 대합실로 이동 | 3. [B1] 교대 방면 엘리베이터 앞 표 내는 곳 통과 | 4. 교대 방면 엘리베이터(으)로 1개 층 내려가기 (B1 → B2, 엘리베이터) | 5. [B2] 교대 방면 승강장으로 이동 | 6. [B2] 승차 (휠체어칸)"
S1_2_0298,2호선,서초,1,출입구-승강장,2,1번 출입구 옆 엘리베이터 → 방배 방면,1F → B1 → B2,6,2,0,"1번 출입구 옆 엘리베이터(으)로 1개 층 내려가기 (1F → B1, 엘리베이터) → [B1] 대합실로 이동 → [B1] 방배 방면 엘리베이터 앞 표 내는 곳 통과 → 방배 방면 엘리베이터(으)로 1개 층 내려가기 (B1 → B2, 엘리베이터) → [B2] 방배 방면 승강장으로 이동 → [B2] 승차 (휠체어칸)","1. 1번 출입구 옆 엘리베이터(으)로 1개 층 내려가기 (1F → B1, 엘리베이터) | 2. [B1] 대합실로 이동 | 3. [B1] 방배 방면 엘리베이터 앞 표 내는 곳 통과 | 4. 방배 방면 엘리베이터(으)로 1개 층 내려가기 (B1 → B2, 엘리베이터) | 5. [B2] 방배 방면 승강장으로 이동 | 6. [B2] 승차 (휠체어칸)"
S1_2_0298,2호선,서초,1,출입구-승강장,3,4번 출입구 옆 엘리베이터 → 교대 방면,1F → B1 → B2,6,2,0,"4번 출입구 옆 엘리베이터(으)로 1개 층 내려가기 (1F → B1, 엘리베이터) → [B1] 대합실로 이동 → [B1] 교대 방면 엘리베이터 앞 표 내는 곳 통과 → 교대 방면 엘리베이터(으)로 1개 층 내려가기 (B1 → B2, 엘리베이터) → [B2] 교대 방면 승강장으로 이동 → [B2] 승차 (휠체어칸)","1. 4번 출입구 옆 엘리베이터(으)로 1개 층 내려가기 (1F → B1, 엘리베이터) | 2. [B1] 대합실로 이동 | 3. [B1] 교대 방면 엘리베이터 앞 표 내는 곳 통과 | 4. 교대 방면 엘리베이터(으)로 1개 층 내려가기 (B1 → B2, 엘리베이터) | 5. [B2] 교대 방면 승강장으로 이동 | 6. [B2] 승차 (휠체어칸)"
S1_2_0298,2호선,서초,1,출입구-승강장,4,4번 출입구 옆 엘리베이터 → 방배 방면,1F → B1 → B2,6,2,0,"4번 출입구 옆 엘리베이터(으)로 1개 층 내려가기 (1F → B1, 엘리베이터) → [B1] 대합실로 이동 → [B1] 방배 방면 엘리베이터 앞 표 내는 곳 통과 → 방배 방면 엘리베이터(으)로 1개 층 내려가기 (B1 → B2, 엘리베이터) → [B2] 방배 방면 승강장으로 이동 → [B2] 승차 (휠체어칸)","1. 4번 출입구 옆 엘리베이터(으)로 1개 층 내려가기 (1F → B1, 엘리베이터) | 2. [B1] 대합실로 이동 | 3. [B1] 방배 방면 엘리베이터 앞 표 내는 곳 통과 | 4. 방배 방면 엘리베이터(으)로 1개 층 내려가기 (B1 → B2, 엘리베이터) | 5. [B2] 방배 방면 승강장으로 이동 | 6. [B2] 승차 (휠체어칸)"
S1_2_0068,2호선,교대,1,출입구-승강장,1,12번 출입구 옆 엘리베이터 → 강남 방면,1F → B1 → B2,6,2,0,"12번 출입구 옆 엘리베이터(으)로 1개 층 내려가기 (1F → B1, 엘리베이터) → [B1] 대합실로 이동 → [B1] 강남 방면 엘리베이터 앞 표 내는 곳 통과 → 강남 방면 엘리베이터(으)로 1개 층 내려가기 (B1 → B2, 엘리베이터) → [B2] 강남 방면 승강장으로 이동 → [B2] 승차 (휠체어칸)","1. 12번 출입구 옆 엘리베이터(으)로 1개 층 내려가기 (1F → B1, 엘리베이터) | 2. [B1] 대합실로 이동 | 3. [B1] 강남 방면 엘리베이터 앞 표 내는 곳 통과 | 4. 강남 방면 엘리베이터(으)로 1개 층 내려가기 (B1 → B2, 엘리베이터) | 5. [B2] 강남 방면 승강장으로 이동 | 6. [B2] 승차 (휠체어칸)"
S1_2_0068,2호선,교대,1,출입구-승강장,2,12번 출입구 옆 엘리베이터 → 서초 방면,1F → B1 → B2,6,2,0,"12번 출입구 옆 엘리베이터(으)로 1개 층 내려가기 (1F → B1, 엘리베이터) → [B1] 대합실로 이동 → [B1] 서초 방면 엘리베이터 앞 표 내는 곳 통과 → 서초 방면 엘리베이터(으)로 1개 층 내려가기 (B1 → B2, 엘리베이터) → [B2] 서초 방면 승강장으로 이동 → [B2] 승차 (휠체어칸)","1. 12번 출입구 옆 엘리베이터(으)로 1개 층 내려가기 (1F → B1, 엘리베이터) | 2. [B1] 대합실로 이동 | 3. [B1] 서초 방면 엘리베이터 앞 표 내는 곳 통과 | 4. 서초 방면 엘리베이터(으)로 1개 층 내려가기 (B1 → B2, 엘리베이터) | 5. [B2] 서초 방면 승강장으로 이동 | 6. [B2] 승차 (휠체어칸)"
S1_2_0068,2호선,교대,1,출입구-승강장,3,13번 출입구 옆 엘리베이터 → 강남 방면,1F → B1 → B2,7,2,0,"13번 출입구 옆 엘리베이터(으)로 1개 층 내려가기 (1F → B1, 엘리베이터) → [B1] 3호선 대합실로 이동 → [B1] 2호선 대합실 이동 → [B1] 강남 방면 엘리베이터 앞 표 내는 곳 통과 → 강남 방면 엘리베이터(으)로 1개 층 내려가기 (B1 → B2, 엘리베이터) → [B2] 강남 방면 승강장으로 이동 → [B2] 승차 (휠체어칸)","1. 13번 출입구 옆 엘리베이터(으)로 1개 층 내려가기 (1F → B1, 엘리베이터) | 2. [B1] 3호선 대합실로 이동 | 3. [B1] 2호선 대합실 이동 | 4. [B1] 강남 방면 엘리베이터 앞 표 내는 곳 통과 | 5. 강남 방면 엘리베이터(으)로 1개 층 내려가기 (B1 → B2, 엘리베이터) | 6. [B2] 강남 방면 승강장으로 이동 | 7. [B2] 승차 (휠체어칸)"
S1_2_0068,2호선,교대,1,출입구-승강장,4,13번 출입구 옆 엘리베이터 → 서초 방면,1F → B1 → B2,7,2,0,"13번 출입구 옆 엘리베이터(으)로 1개 층 내려가기 (1F → B1, 엘리베이터) → [B1] 3호선 대합실로 이동 → [B1] 2호선 대합실 이동 → [B1] 서초 방면 엘리베이터 앞 표 내는 곳 통과 → 서초 방면 엘리베이터(으)로 1개 층 내려가기 (B1 → B2, 엘리베이터) → [B2] 서초 방면 승강장으로 이동 → [B2] 승차 (휠체어칸)","1. 13번 출입구 옆 엘리베이터(으)로 1개 층 내려가기 (1F → B1, 엘리베이터) | 2. [B1] 3호선 대합실로 이동 | 3. [B1] 2호선 대합실 이동 | 4. [B1] 서초 방면 엘리베이터 앞 표 내는 곳 통과 | 5. 서초 방면 엘리베이터(으)로 1개 층 내려가기 (B1 → B2, 엘리베이터) | 6. [B2] 서초 방면 승강장으로 이동 | 7. [B2] 승차 (휠체어칸)"
S1_2_0068,2호선,교대,3,환승,1,2호선 강남 방면 → 3호선 고속터미널 방면,B2 → B1 → B3,7,2,0,"[B2] 2호선 강남 방면 승강장 하차 → 대합실 방향 엘리베이터(으)로 1개 층 올라가기 (B2 → B1, 엘리베이터) → [B1] 대합실로 이동 → [B1] 3호선 대합실로 이동 → 3호선 승강장 방향 엘리베이터(으)로 2개 층 내려가기 (B1 → B3, 엘리베이터) → [B3] 3호선 고속터미널 방면 승강장으로 이동 → [B3] 승차 (휠체어칸)","1. [B2] 2호선 강남 방면 승강장 하차 | 2. 대합실 방향 엘리베이터(으)로 1개 층 올라가기 (B2 → B1, 엘리베이터) | 3. [B1] 대합실로 이동 | 4. [B1] 3호선 대합실로 이동 | 5. 3호선 승강장 방향 엘리베이터(으)로 2개 층 내려가기 (B1 → B3, 엘리베이터) | 6. [B3] 3호선 고속터미널 방면 승강장으로 이동 | 7. [B3] 승차 (휠체어칸)"
S1_2_0068,2호선,교대,3,환승,2,2호선 강남 방면 → 3호선 남부터미널 방면,B2 → B1 → B3,7,2,0,"[B2] 2호선 강남 방면 승강장 하차 → 대합실 방향 엘리베이터(으)로 1개 층 올라가기 (B2 → B1, 엘리베이터) → [B1] 대합실로 이동 → [B1] 3호선 대합실로 이동 → 3호선 승강장 방향 엘리베이터(으)로 2개 층 내려가기 (B1 → B3, 엘리베이터) → [B3] 3호선 남부터미널 방면 승강장으로 이동 → [B3] 승차 (휠체어칸)","1. [B2] 2호선 강남 방면 승강장 하차 | 2. 대합실 방향 엘리베이터(으)로 1개 층 올라가기 (B2 → B1, 엘리베이터) | 3. [B1] 대합실로 이동 | 4. [B1] 3호선 대합실로 이동 | 5. 3호선 승강장 방향 엘리베이터(으)로 2개 층 내려가기 (B1 → B3, 엘리베이터) | 6. [B3] 3호선 남부터미널 방면 승강장으로 이동 | 7. [B3] 승차 (휠체어칸)"
S1_2_0068,2호선,교대,3,환승,3,2호선 서초 방면 → 3호선 고속터미널 방면,B2 → B1 → B3,7,2,0,"[B2] 2호선 서초 방면 승강장 하차 → 대합실 방향 엘리베이터(으)로 1개 층 올라가기 (B2 → B1, 엘리베이터) → [B1] 대합실로 이동 → [B1] 3호선 대합실로 이동 → 3호선 승강장 방향 엘리베이터(으)로 2개 층 내려가기 (B1 → B3, 엘리베이터) → [B3] 3호선 고속터미널 방면 승강장으로 이동 → [B3] 승차 (휠체어칸)","1. [B2] 2호선 서초 방면 승강장 하차 | 2. 대합실 방향 엘리베이터(으)로 1개 층 올라가기 (B2 → B1, 엘리베이터) | 3. [B1] 대합실로 이동 | 4. [B1] 3호선 대합실로 이동 | 5. 3호선 승강장 방향 엘리베이터(으)로 2개 층 내려가기 (B1 → B3, 엘리베이터) | 6. [B3] 3호선 고속터미널 방면 승강장으로 이동 | 7. [B3] 승차 (휠체어칸)"
S1_2_0068,2호선,교대,3,환승,4,2호선 서초 방면 → 3호선 남부터미널 방면,B2 → B1 → B3,7,2,0,"[B2] 2호선 서초 방면 승강장 하차 → 대합실 방향 엘리베이터(으)로 1개 층 올라가기 (B2 → B1, 엘리베이터) → [B1] 대합실로 이동 → [B1] 3호선 대합실로 이동 → 3호선 승강장 방향 엘리베이터(으)로 2개 층 내려가기 (B1 → B3, 엘리베이터) → [B3] 3호선 남부터미널 방면 승강장으로 이동 → [B3] 승차 (휠체어칸)","1. [B2] 2호선 서초 방면 승강장 하차 | 2. 대합실 방향 엘리베이터(으)로 1개 층 올라가기 (B2 → B1, 엘리베이터) | 3. [B1] 대합실로 이동 | 4. [B1] 3호선 대합실로 이동 | 5. 3호선 승강장 방향 엘리베이터(으)로 2개 층 내려가기 (B1 → B3, 엘리베이터) | 6. [B3] 3호선 남부터미널 방면 승강장으로 이동 | 7. [B3] 승차 (휠체어칸)"
S1_2_0017,2호선,강남,1,출입구-승강장,1,1번 출입구 옆 엘리베이터 → 역삼 방면,1F → B1 → B2,6,2,0,"1번 출입구 옆 엘리베이터(으)로 1개 층 내려가기 (1F → B1, 엘리베이터) → [B1] 대합실로 이동 → [B1] 표 내는 곳 통과 → 역삼 방면 엘리베이터(으)로 1개 층 내려가기 (B1 → B2, 엘리베이터) → [B2] 역삼 방면 승강장으로 이동 → [B2] 승차 (휠체어칸)","1. 1번 출입구 옆 엘리베이터(으)로 1개 층 내려가기 (1F → B1, 엘리베이터) | 2. [B1] 대합실로 이동 | 3. [B1] 표 내는 곳 통과 | 4. 역삼 방면 엘리베이터(으)로 1개 층 내려가기 (B1 → B2, 엘리베이터) | 5. [B2] 역삼 방면 승강장으로 이동 | 6. [B2] 승차 (휠체어칸)"
S1_2_0017,2호선,강남,1,출입구-승강장,2,1번 출입구 옆 엘리베이터 → 교대 방면,1F → B1 → B2,6,2,0,"1번 출입구 옆 엘리베이터(으)로 1개 층 내려가기 (1F → B1, 엘리베이터) → [B1] 대합실로 이동 → [B1] 표 내는 곳 통과 → 교대 방면 엘리베이터(으)로 1개 층 내려가기 (B1 → B2, 엘리베이터) → [B2] 교대 방면 승강장으로 이동 → [B2] 승차 (휠체어칸)","1. 1번 출입구 옆 엘리베이터(으)로 1개 층 내려가기 (1F → B1, 엘리베이터) | 2. [B1] 대합실로 이동 | 3. [B1] 표 내는 곳 통과 | 4. 교대 방면 엘리베이터(으)로 1개 층 내려가기 (B1 → B2, 엘리베이터) | 5. [B2] 교대 방면 승강장으로 이동 | 6. [B2] 승차 (휠체어칸)"
S1_2_0017,2호선,강남,1,출입구-승강장,3,8번 출입구 옆 엘리베이터 → 역삼 방면,1F → B1 → B2,6,2,0,"8번 출입구 옆 엘리베이터(으)로 1개 층 내려가기 (1F → B1, 엘리베이터) → [B1] 대합실로 이동 → [B1] 표 내는 곳 통과 → 역삼 방면 엘리베이터(으)로 1개 층 내려가기 (B1 → B2, 엘리베이터) → [B2] 역삼 방면 승강장으로 이동 → [B2] 승차 (휠체어칸)","1. 8번 출입구 옆 엘리베이터(으)로 1개 층 내려가기 (1F → B1, 엘리베이터) | 2. [B1] 대합실로 이동 | 3. [B1] 표 내는 곳 통과 | 4. 역삼 방면 엘리베이터(으)로 1개 층 내려가기 (B1 → B2, 엘리베이터) | 5. [B2] 역삼 방면 승강장으로 이동 | 6. [B2] 승차 (휠체어칸)"
S1_2_0017,2호선,강남,1,출입구-승강장,4,8번 출입구 옆 엘리베이터 → 교대 방면,1F → B1 → B2,6,2,0,"8번 출입구 옆 엘리베이터(으)로 1개 층 내려가기 (1F → B1, 엘리베이터) → [B1] 대합실로 이동 → [B1] 표 내는 곳 통과 → 교대 방면 엘리베이터(으)로 1개 층 내려가기 (B1 → B2, 엘리베이터) → [B2] 교대 방면 승강장으로 이동 → [B2] 승차 (휠체어칸)","1. 8번 출입구 옆 엘리베이터(으)로 1개 층 내려가기 (1F → B1, 엘리베이터) | 2. [B1] 대합실로 이동 | 3. [B1] 표 내는 곳 통과 | 4. 교대 방면 엘리베이터(으)로 1개 층 내려가기 (B1 → B2, 엘리베이터) | 5. [B2] 교대 방면 승강장으로 이동 | 6. [B2] 승차 (휠체어칸)"
S1_2_0017,2호선,강남,1,출입구-승강장,5,10번 출입구 옆 엘리베이터 → 역삼 방면,1F → B1 → B2,6,2,0,"10번 출입구 옆 엘리베이터(으)로 1개 층 내려가기 (1F → B1, 엘리베이터) → [B1] 대합실로 이동 → [B1] 표 내는 곳 통과 → 역삼 방면 엘리베이터(으)로 1개 층 내려가기 (B1 → B2, 엘리베이터) → [B2] 역삼 방면 승강장으로 이동 → [B2] 승차 (휠체어칸)","1. 10번 출입구 옆 엘리베이터(으)로 1개 층 내려가기 (1F → B1, 엘리베이터) | 2. [B1] 대합실로 이동 | 3. [B1] 표 내는 곳 통과 | 4. 역삼 방면 엘리베이터(으)로 1개 층 내려가기 (B1 → B2, 엘리베이터) | 5. [B2] 역삼 방면 승강장으로 이동 | 6. [B2] 승차 (휠체어칸)"
S1_2_0017,2호선,강남,1,출입구-승강장,6,10번 출입구 옆 엘리베이터 → 교대 방면,1F → B1 → B2,6,2,0,"10번 출입구 옆 엘리베이터(으)로 1개 층 내려가기 (1F → B1, 엘리베이터) → [B1] 대합실로 이동 → [B1] 표 내는 곳 통과 → 교대 방면 엘리베이터(으)로 1개 층 내려가기 (B1 → B2, 엘리베이터) → [B2] 교대 방면 승강장으로 이동 → [B2] 승차 (휠체어칸)","1. 10번 출입구 옆 엘리베이터(으)로 1개 층 내려가기 (1F → B1, 엘리베이터) | 2. [B1] 대합실로 이동 | 3. [B1] 표 내는 곳 통과 | 4. 교대 방면 엘리베이터(으)로 1개 층 내려가기 (B1 → B2, 엘리베이터) | 5. [B2] 교대 방면 승강장으로 이동 | 6. [B2] 승차 (휠체어칸)"
S1_2_0017,2호선,강남,3,환승,1,2호선 역삼 방면 → 신분당선 신논현 방면,B2 → B3 → B4,7,2,0,"[B2] 2호선 역삼 방면 승강장 하차 → 환승 엘리베이터(으)로 1개 층 내려가기 (B2 → B3, 엘리베이터) → [B3] 환승통로로 이동 → [B3] 신분당선 대합실로 이동 → 신분당선 신논현 방면 엘리베이터(으)로 1개 층 내려가기 (B3 → B4, 엘리베이터) → [B4] 신분당선 신논현 방면 승강장으로 이동 → [B4] 승차 (휠체어칸)","1. [B2] 2호선 역삼 방면 승강장 하차 | 2. 환승 엘리베이터(으)로 1개 층 내려가기 (B2 → B3, 엘리베이터) | 3. [B3] 환승통로로 이동 | 4. [B3] 신분당선 대합실로 이동 | 5. 신분당선 신논현 방면 엘리베이터(으)로 1개 층 내려가기 (B3 → B4, 엘리베이터) | 6. [B4] 신분당선 신논현 방면 승강장으로 이동 | 7. [B4] 승차 (휠체어칸)"
S1_2_0017,2호선,강남,3,환승,2,2호선 역삼 방면 → 신분당선 양재 방면,B2 → B3 → B4,7,2,0,"[B2] 2호선 역삼 방면 승강장 하차 → 환승 엘리베이터(으)로 1개 층 내려가기 (B2 → B3, 엘리베이터) → [B3] 환승통로로 이동 → [B3] 신분당선 대합실로 이동 → 신분당선 양재 방면 엘리베이터(으)로 1개 층 내려가기 (B3 → B4, 엘리베이터) → [B4] 신분당선 양재 방면 승강장으로 이동 → [B4] 승차 (휠체어칸)","1. [B2] 2호선 역삼 방면 승강장 하차 | 2. 환승 엘리베이터(으)로 1개 층 내려가기 (B2 → B3, 엘리베이터) | 3. [B3] 환승통로로 이동 | 4. [B3] 신분당선 대합실로 이동 | 5. 신분당선 양재 방면 엘리베이터(으)로 1개 층 내려가기 (B3 → B4, 엘리베이터) | 6. [B4] 신분당선 양재 방면 승강장으로 이동 | 7. [B4] 승차 (휠체어칸)"
S1_2_0017,2호선,강남,3,환승,3,2호선 교대 방면 → 신분당선 신논현 방면,B2 → B3 → B4,7,2,0,"[B2] 2호선 교대 방면 승강장 하차 → 환승 엘리베이터(으)로 1개 층 내려가기 (B2 → B3, 엘리베이터) → [B3] 환승통로로 이동 → [B3] 신분당선 대합실로 이동 → 신분당선 신논현 방면 엘리베이터(으)로 1개 층 내려가기 (B3 → B4, 엘리베이터) → [B4] 신분당선 신논현 방면 승강장으로 이동 → [B4] 승차 (휠체어칸)","1. [B2] 2호선 교대 방면 승강장 하차 | 2. 환승 엘리베이터(으)로 1개 층 내려가기 (B2 → B3, 엘리베이터) | 3. [B3] 환승통로로 이동 | 4. [B3] 신분당선 대합실로 이동 | 5. 신분당선 신논현 방면 엘리베이터(으)로 1개 층 내려가기 (B3 → B4, 엘리베이터) | 6. [B4] 신분당선 신논현 방면 승강장으로 이동 | 7. [B4] 승차 (휠체어칸)"
S1_2_0017,2호선,강남,3,환승,4,2호선 교대 방면 → 신분당선 양재 방면,B2 → B3 → B4,7,2,0,"[B2] 2호선 교대 방면 승강장 하차 → 환승 엘리베이터(으)로 1개 층 내려가기 (B2 → B3, 엘리베이터) → [B3] 환승통로로 이동 → [B3] 신분당선 대합실로 이동 → 신분당선 양재 방면 엘리베이터(으)로 1개 층 내려가기 (B3 → B4, 엘리베이터) → [B4] 신분당선 양재 방면 승강장으로 이동 → [B4] 승차 (휠체어칸)","1. [B2] 2호선 교대 방면 승강장 하차 | 2. 환승 엘리베이터(으)로 1개 층 내려가기 (B2 → B3, 엘리베이터) | 3. [B3] 환승통로로 이동 | 4. [B3] 신분당선 대합실로 이동 | 5. 신분당선 양재 방면 엘리베이터(으)로 1개 층 내려가기 (B3 → B4, 엘리베이터) | 6. [B4] 신분당선 양재 방면 승강장으로 이동 | 7. [B4] 승차 (휠체어칸)"
S1_2_0415,2호선,역삼,1,출입구-승강장,1,3번 출입구 옆 엘리베이터 → 선릉 방면,1F → B2 → B3,6,2,0,"3번 출입구 옆 엘리베이터(으)로 2개 층 내려가기 (1F → B2, 엘리베이터) → [B2] 대합실로 이동 → [B2] 선릉 방면 엘리베이터 앞 표 내는 곳 통과 → 선릉 방면 엘리베이터(으)로 1개 층 내려가기 (B2 → B3, 엘리베이터) → [B3] 선릉 방면 승강장으로 이동 → [B3] 승차 (휠체어칸)","1. 3번 출입구 옆 엘리베이터(으)로 2개 층 내려가기 (1F → B2, 엘리베이터) | 2. [B2] 대합실로 이동 | 3. [B2] 선릉 방면 엘리베이터 앞 표 내는 곳 통과 | 4. 선릉 방면 엘리베이터(으)로 1개 층 내려가기 (B2 → B3, 엘리베이터) | 5. [B3] 선릉 방면 승강장으로 이동 | 6. [B3] 승차 (휠체어칸)"
S1_2_0415,2호선,역삼,1,출입구-승강장,2,3번 출입구 옆 엘리베이터 → 강남 방면,1F → B2 → B3,6,2,0,"3번 출입구 옆 엘리베이터(으)로 2개 층 내려가기 (1F → B2, 엘리베이터) → [B2] 대합실로 이동 → [B2] 강남 방면 엘리베이터 앞 표 내는 곳 통과 → 강남 방면 엘리베이터(으)로 1개 층 내려가기 (B2 → B3, 엘리베이터) → [B3] 강남 방면 승강장으로 이동 → [B3] 승차 (휠체어칸)","1. 3번 출입구 옆 엘리베이터(으)로 2개 층 내려가기 (1F → B2, 엘리베이터) | 2. [B2] 대합실로 이동 | 3. [B2] 강남 방면 엘리베이터 앞 표 내는 곳 통과 | 4. 강남 방면 엘리베이터(으)로 1개 층 내려가기 (B2 → B3, 엘리베이터) | 5. [B3] 강남 방면 승강장으로 이동 | 6. [B3] 승차 (휠체어칸)"
S1_2_0415,2호선,역삼,1,출입구-승강장,3,4번 출입구 옆 엘리베이터 → 선릉 방면,1F → B2 → B3,6,2,0,"4번 출입구 옆 엘리베이터(으)로 2개 층 내려가기 (1F → B2, 엘리베이터) → [B2] 대합실로 이동 → [B2] 선릉 방면 엘리베이터 앞 표 내는 곳 통과 → 선릉 방면 엘리베이터(으)로 1개 층 내려가기 (B2 → B3, 엘리베이터) → [B3] 선릉 방면 승강장으로 이동 → [B3] 승차 (휠체어칸)","1. 4번 출입구 옆 엘리베이터(으)로 2개 층 내려가기 (1F → B2, 엘리베이터) | 2. [B2] 대합실로 이동 | 3. [B2] 선릉 방면 엘리베이터 앞 표 내는 곳 통과 | 4. 선릉 방면 엘리베이터(으)로 1개 층 내려가기 (B2 → B3, 엘리베이터) | 5. [B3] 선릉 방면 승강장으로 이동 | 6. [B3] 승차 (휠체어칸)"
S1_2_0415,2호선,역삼,1,출입구-승강장,4,4번 출입구 옆 엘리베이터 → 강남 방면,1F → B2 → B3,6,2,0,"4번 출입구 옆 엘리베이터(으)로 2개 층 내려가기 (1F → B2, 엘리베이터) → [B2] 대합실로 이동 → [B2] 강남 방면 엘리베이터 앞 표 내는 곳 통과 → 강남 방면 엘리베이터(으)로 1개 층 내려가기 (B2 → B3, 엘리베이터) → [B3] 강남 방면 승강장으로 이동 → [B3] 승차 (휠체어칸)","1. 4번 출입구 옆 엘리베이터(으)로 2개 층 내려가기 (1F → B2, 엘리베이터) | 2. [B2] 대합실로 이동 | 3. [B2] 강남 방면 엘리베이터 앞 표 내는 곳 통과 | 4. 강남 방면 엘리베이터(으)로 1개 층 내려가기 (B2 → B3, 엘리베이터) | 5. [B3] 강남 방면 승강장으로 이동 | 6. [B3] 승차 (휠체어칸)"
S1_2_0306,2호선,선릉,1,출입구-승강장,1,1번 출입구 옆 엘리베이터 → 삼성 방면,1F → B1 → B2,6,2,0,"1번 출입구 옆 엘리베이터(으)로 1개 층 내려가기 (1F → B1, 엘리베이터) → [B1] 대합실로 이동 → [B1] 삼성 방면 엘리베이터 앞 표 내는 곳 통과 → 삼성 방면 엘리베이터(으)로 1개 층 내려가기 (B1 → B2, 엘리베이터) → [B2] 삼성 방면 승강장으로 이동 → [B2] 승차 (휠체어칸)","1. 1번 출입구 옆 엘리베이터(으)로 1개 층 내려가기 (1F → B1, 엘리베이터) | 2. [B1] 대합실로 이동 | 3. [B1] 삼성 방면 엘리베이터 앞 표 내는 곳 통과 | 4. 삼성 방면 엘리베이터(으)로 1개 층 내려가기 (B1 → B2, 엘리베이터) | 5. [B2] 삼성 방면 승강장으로 이동 | 6. [B2] 승차 (휠체어칸)"
S1_2_0306,2호선,선릉,1,출입구-승강장,2,1번 출입구 옆 엘리베이터 → 역삼 방면,1F → B1 → B2,6,2,0,"1번 출입구 옆 엘리베이터(으)로 1개 층 내려가기 (1F → B1, 엘리베이터) → [B1] 대합실로 이동 → [B1] 5번 출입구 방향 역삼 방면 엘리베이터 앞 표 내는 곳 통과 → 역삼 방면 엘리베이터(으)로 1개 층 내려가기 (B1 → B2, 엘리베이터) → [B2] 역삼 방면 승강장으로 이동 → [B2] 승차 (휠체어칸)","1. 1번 출입구 옆 엘리베이터(으)로 1개 층 내려가기 (1F → B1, 엘리베이터) | 2. [B1] 대합실로 이동 | 3. [B1] 5번 출입구 방향 역삼 방면 엘리베이터 앞 표 내는 곳 통과 | 4. 역삼 방면 엘리베이터(으)로 1개 층 내려가기 (B1 → B2, 엘리베이터) | 5. [B2] 역삼 방면 승강장으로 이동 | 6. [B2] 승차 (휠체어칸)"
S1_2_0306,2호선,선릉,1,출입구-승강장,3,5번 출입구 옆 엘리베이터 → 삼성 방면,1F → B1 → B2,6,2,0,"5번 출입구 옆 엘리베이터(으)로 1개 층 내려가기 (1F → B1, 엘리베이터) → [B1] 대합실로 이동 → [B1] 선릉역약국 옆 삼성 방면 표 내는 곳 통과 → 삼성 방면 엘리베이터(으)로 1개 층 내려가기 (B1 → B2, 엘리베이터) → [B2] 삼성 방면 승강장으로 이동 → [B2] 승차 (휠체어칸)","1. 5번 출입구 옆 엘리베이터(으)로 1개 층 내려가기 (1F → B1, 엘리베이터) | 2. [B1] 대합실로 이동 | 3. [B1] 선릉역약국 옆 삼성 방면 표 내는 곳 통과 | 4. 삼성 방면 엘리베이터(으)로 1개 층 내려가기 (B1 → B2, 엘리베이터) | 5. [B2] 삼성 방면 승강장으로 이동 | 6. [B2] 승차 (휠체어칸)"
S1_2_0306,2호선,선릉,1,출입구-승강장,4,5번 출입구 옆 엘리베이터 → 역삼 방면,1F → B1 → B2,6,2,0,"5번 출입구 옆 엘리베이터(으)로 1개 층 내려가기 (1F → B1, 엘리베이터) → [B1] 대합실로 이동 → [B1] 역삼 방면 엘리베이터 앞 표 내는 곳 통과 → 역삼 방면 엘리베이터(으)로 1개 층 내려가기 (B1 → B2, 엘리베이터) → [B2] 역삼 방면 승강장으로 이동 → [B2] 승차 (휠체어칸)","1. 5번 출입구 옆 엘리베이터(으)로 1개 층 내려가기 (1F → B1, 엘리베이터) | 2. [B1] 대합실로 이동 | 3. [B1] 역삼 방면 엘리베이터 앞 표 내는 곳 통과 | 4. 역삼 방면 엘리베이터(으)로 1개 층 내려가기 (B1 → B2, 엘리베이터) | 5. [B2] 역삼 방면 승강장으로 이동 | 6. [B2] 승차 (휠체어칸)"
S1_2_0306,2호선,선릉,1,출입구-승강장,5,10번 출입구 옆 엘리베이터 → 삼성 방면,1F → B1 → B2,6,2,0,"10번 출입구 옆 엘리베이터(으)로 1개 층 내려가기 (1F → B1, 엘리베이터) → [B1] 대합실로 이동 → [B1] 1번 출입구 방향 삼성 방면 엘리베이터 앞 표 내는 곳 통과 → 삼성 방면 엘리베이터(으)로 1개 층 내려가기 (B1 → B2, 엘리베이터) → [B2] 삼성 방면 승강장으로 이동 → [B2] 승차 (휠체어칸)","1. 10번 출입구 옆 엘리베이터(으)로 1개 층 내려가기 (1F → B1, 엘리베이터) | 2. [B1] 대합실로 이동 | 3. [B1] 1번 출입구 방향 삼성 방면 엘리베이터 앞 표 내는 곳 통과 | 4. 삼성 방면 엘리베이터(으)로 1개 층 내려가기 (B1 → B2, 엘리베이터) | 5. [B2] 삼성 방면 승강장으로 이동 | 6. [B2] 승차 (휠체어칸)"
S1_2_0306,2호선,선릉,1,출입구-승강장,6,10번 출입구 옆 엘리베이터 → 역삼 방면,1F → B1 → B2,6,2,0,"10번 출입구 옆 엘리베이터(으)로 1개 층 내려가기 (1F → B1, 엘리베이터) → [B1] 대합실로 이동 → [B1] 5번 출입구 방향 역삼 방면 엘리베이터 앞 표 내는 곳 통과 → 역삼 방면 엘리베이터(으)로 1개 층 내려가기 (B1 → B2, 엘리베이터) → [B2] 역삼 방면 승강장으로 이동 → [B2] 승차 (휠체어칸)","1. 10번 출입구 옆 엘리베이터(으)로 1개 층 내려가기 (1F → B1, 엘리베이터) | 2. [B1] 대합실로 이동 | 3. [B1] 5번 출입구 방향 역삼 방면 엘리베이터 앞 표 내는 곳 통과 | 4. 역삼 방면 엘리베이터(으)로 1개 층 내려가기 (B1 → B2, 엘리베이터) | 5. [B2] 역삼 방면 승강장으로 이동 | 6. [B2] 승차 (휠체어칸)"
S1_2_0306,2호선,선릉,3,환승,1,2호선 삼성 방면 → 수인분당선 선정릉 방면,B2 → B3,4,1,0,"[B2] 2호선 삼성 방면 승강장 하차 → 수인분당선 선정릉 방면 엘리베이터(으)로 1개 층 내려가기 (B2 → B3, 엘리베이터) → [B3] 수인분당선 선정릉 방면 승강장으로 이동 → [B3] 승차 (휠체어칸)","1. [B2] 2호선 삼성 방면 승강장 하차 | 2. 수인분당선 선정릉 방면 엘리베이터(으)로 1개 층 내려가기 (B2 → B3, 엘리베이터) | 3. [B3] 수인분당선 선정릉 방면 승강장으로 이동 | 4. [B3] 승차 (휠체어칸)"
S1_2_0306,2호선,선릉,3,환승,2,2호선 삼성 방면 → 수인분당선 한티 방면,B2 → B3,4,1,0,"[B2] 2호선 삼성 방면 승강장 하차 → 수인분당선 한티 방면 엘리베이터(으)로 1개 층 내려가기 (B2 → B3, 엘리베이터) → [B3] 수인분당선 한티 방면 승강장으로 이동 → [B3] 승차 (휠체어칸)","1. [B2] 2호선 삼성 방면 승강장 하차 | 2. 수인분당선 한티 방면 엘리베이터(으)로 1개 층 내려가기 (B2 → B3, 엘리베이터) | 3. [B3] 수인분당선 한티 방면 승강장으로 이동 | 4. [B3] 승차 (휠체어칸)"
S1_2_0306,2호선,선릉,3,환승,3,2호선 역삼 방면 → 수인분당선 선정릉 방면,B2 → B3,4,1,0,"[B2] 2호선 역삼 방면 승강장 하차 → 수인분당선 선정릉 방면 엘리베이터(으)로 1개 층 내려가기 (B2 → B3, 엘리베이터) → [B3] 수인분당선 선정릉 방면 승강장으로 이동 → [B3] 승차 (휠체어칸)","1. [B2] 2호선 역삼 방면 승강장 하차 | 2. 수인분당선 선정릉 방면 엘리베이터(으)로 1개 층 내려가기 (B2 → B3, 엘리베이터) | 3. [B3] 수인분당선 선정릉 방면 승강장으로 이동 | 4. [B3] 승차 (휠체어칸)"
S1_2_0306,2호선,선릉,3,환승,4, 2호선 역삼 방면 → 수인분당선 한티 방면,B2 → B3,4,1,0,"[B2] 2호선 역삼 방면 승강장 하차 → 수인분당선 한티 방면 엘리베이터(으)로 1개 층 내려가기 (B2 → B3, 엘리베이터) → [B3] 수인분당선 한티 방면 승강장으로 이동 → [B3] 승차 (휠체어칸)","1. [B2] 2호선 역삼 방면 승강장 하차 | 2. 수인분당선 한티 방면 엘리베이터(으)로 1개 층 내려가기 (B2 → B3, 엘리베이터) | 3. [B3] 수인분당선 한티 방면 승강장으로 이동 | 4. [B3] 승차 (휠체어칸)"
S1_2_0266,2호선,삼성,1,출입구-승강장,1,1번 출입구 옆 엘리베이터 → 종합운동장 방면,1F → B1 → B2,6,2,0,"1번 출입구 옆 엘리베이터(으)로 1개 층 내려가기 (1F → B1, 엘리베이터) → [B1] 대합실로 이동 → [B1] 표 내는 곳 통과 → 승강장 방향 엘리베이터(으)로 1개 층 내려가기 (B1 → B2, 엘리베이터) → [B2] 종합운동장 방면 승강장으로 이동 → [B2] 승차 (휠체어칸)","1. 1번 출입구 옆 엘리베이터(으)로 1개 층 내려가기 (1F → B1, 엘리베이터) | 2. [B1] 대합실로 이동 | 3. [B1] 표 내는 곳 통과 | 4. 승강장 방향 엘리베이터(으)로 1개 층 내려가기 (B1 → B2, 엘리베이터) | 5. [B2] 종합운동장 방면 승강장으로 이동 | 6. [B2] 승차 (휠체어칸)"
S1_2_0266,2호선,삼성,1,출입구-승강장,2,1번 출입구 옆 엘리베이터 → 선릉 방면,1F → B1 → B2,6,2,0,"1번 출입구 옆 엘리베이터(으)로 1개 층 내려가기 (1F → B1, 엘리베이터) → [B1] 대합실로 이동 → [B1] 표 내는 곳 통과 → 승강장 방향 엘리베이터(으)로 1개 층 내려가기 (B1 → B2, 엘리베이터) → [B2] 선릉 방면 승강장으로 이동 → [B2] 승차 (휠체어칸)","1. 1번 출입구 옆 엘리베이터(으)로 1개 층 내려가기 (1F → B1, 엘리베이터) | 2. [B1] 대합실로 이동 | 3. [B1] 표 내는 곳 통과 | 4. 승강장 방향 엘리베이터(으)로 1개 층 내려가기 (B1 → B2, 엘리베이터) | 5. [B2] 선릉 방면 승강장으로 이동 | 6. [B2] 승차 (휠체어칸)"
S1_2_0266,2호선,삼성,1,출입구-승강장,3,4번 출입구 옆 엘리베이터 → 종합운동장 방면,1F → B1 → B2,6,2,0,"4번 출입구 옆 엘리베이터(으)로 1개 층 내려가기 (1F → B1, 엘리베이터) → [B1] 대합실로 이동 → [B1] 표 내는 곳 통과 → 승강장 방향 엘리베이터(으)로 1개 층 내려가기 (B1 → B2, 엘리베이터) → [B2] 종합운동장 방면 승강장으로 이동 → [B2] 승차 (휠체어칸)","1. 4번 출입구 옆 엘리베이터(으)로 1개 층 내려가기 (1F → B1, 엘리베이터) | 2. [B1] 대합실로 이동 | 3. [B1] 표 내는 곳 통과 | 4. 승강장 방향 엘리베이터(으)로 1개 층 내려가기 (B1 → B2, 엘리베이터) | 5. [B2] 종합운동장 방면 승강장으로 이동 | 6. [B2] 승차 (휠체어칸)"
S1_2_0266,2호선,삼성,1,출입구-승강장,4,4번 출입구 옆 엘리베이터 → 선릉 방면,1F → B1 → B2,6,2,0,"4번 출입구 옆 엘리베이터(으)로 1개 층 내려가기 (1F → B1, 엘리베이터) → [B1] 대합실로 이동 → [B1] 표 내는 곳 통과 → 승강장 방향 엘리베이터(으)로 1개 층 내려가기 (B1 → B2, 엘리베이터) → [B2] 선릉 방면 승강장으로 이동 → [B2] 승차 (휠체어칸)","1. 4번 출입구 옆 엘리베이터(으)로 1개 층 내려가기 (1F → B1, 엘리베이터) | 2. [B1] 대합실로 이동 | 3. [B1] 표 내는 곳 통과 | 4. 승강장 방향 엘리베이터(으)로 1개 층 내려가기 (B1 → B2, 엘리베이터) | 5. [B2] 선릉 방면 승강장으로 이동 | 6. [B2] 승차 (휠체어칸)"
S1_2_0266,2호선,삼성,1,출입구-승강장,5,6번 출입구 옆 엘리베이터 → 종합운동장 방면,1F → B1 → B2,7,2,0,"6번 출입구 옆 엘리베이터(으)로 1개 층 내려가기 (1F → B1, 엘리베이터) → [B1] 이동통로로 이동 → [B1] 대합실로 이동 → [B1] 표 내는 곳 통과 → 승강장 방향 엘리베이터(으)로 1개 층 내려가기 (B1 → B2, 엘리베이터) → [B2] 종합운동장 방면 승강장으로 이동 → [B2] 승차 (휠체어칸)","1. 6번 출입구 옆 엘리베이터(으)로 1개 층 내려가기 (1F → B1, 엘리베이터) | 2. [B1] 이동통로로 이동 | 3. [B1] 대합실로 이동 | 4. [B1] 표 내는 곳 통과 | 5. 승강장 방향 엘리베이터(으)로 1개 층 내려가기 (B1 → B2, 엘리베이터) | 6. [B2] 종합운동장 방면 승강장으로 이동 | 7. [B2] 승차 (휠체어칸)"
S1_2_0266,2호선,삼성,1,출입구-승강장,6,6번 출입구 옆 엘리베이터 → 선릉 방면,1F → B1 → B2,7,2,0,"6번 출입구 옆 엘리베이터(으)로 1개 층 내려가기 (1F → B1, 엘리베이터) → [B1] 이동통로로 이동 → [B1] 대합실로 이동 → [B1] 표 내는 곳 통과 → 승강장 방향 엘리베이터(으)로 1개 층 내려가기 (B1 → B2, 엘리베이터) → [B2] 선릉 방면 승강장으로 이동 → [B2] 승차 (휠체어칸)","1. 6번 출입구 옆 엘리베이터(으)로 1개 층 내려가기 (1F → B1, 엘리베이터) | 2. [B1] 이동통로로 이동 | 3. [B1] 대합실로 이동 | 4. [B1] 표 내는 곳 통과 | 5. 승강장 방향 엘리베이터(으)로 1개 층 내려가기 (B1 → B2, 엘리베이터) | 6. [B2] 선릉 방면 승강장으로 이동 | 7. [B2] 승차 (휠체어칸)"
S1_2_0518,2호선,종합운동장,1,출입구-승강장,1,6번 출입구 옆 엘리베이터 → 잠실새내 방면,1F → B1 → B2,6,2,0,"6번 출입구 옆 엘리베이터(으)로 1개 층 내려가기 (1F → B1, 엘리베이터) → [B1] 대합실로 이동 → [B1] 표 내는 곳 통과 → 잠실새내 방면 엘리베이터(으)로 1개 층 내려가기 (B1 → B2, 엘리베이터) → [B2] 잠실새내 방면 승강장으로 이동 → [B2] 승차 (휠체어칸)","1. 6번 출입구 옆 엘리베이터(으)로 1개 층 내려가기 (1F → B1, 엘리베이터) | 2. [B1] 대합실로 이동 | 3. [B1] 표 내는 곳 통과 | 4. 잠실새내 방면 엘리베이터(으)로 1개 층 내려가기 (B1 → B2, 엘리베이터) | 5. [B2] 잠실새내 방면 승강장으로 이동 | 6. [B2] 승차 (휠체어칸)"
S1_2_0518,2호선,종합운동장,1,출입구-승강장,2,6번 출입구 옆 엘리베이터 → 삼성 방면,1F → B1 → B2,6,2,0,"6번 출입구 옆 엘리베이터(으)로 1개 층 내려가기 (1F → B1, 엘리베이터) → [B1] 대합실로 이동 → [B1] 표 내는 곳 통과 → 삼성 방면 엘리베이터(으)로 1개 층 내려가기 (B1 → B2, 엘리베이터) → [B2] 삼성 방면 승강장으로 이동 → [B2] 승차 (휠체어칸)","1. 6번 출입구 옆 엘리베이터(으)로 1개 층 내려가기 (1F → B1, 엘리베이터) | 2. [B1] 대합실로 이동 | 3. [B1] 표 내는 곳 통과 | 4. 삼성 방면 엘리베이터(으)로 1개 층 내려가기 (B1 → B2, 엘리베이터) | 5. [B2] 삼성 방면 승강장으로 이동 | 6. [B2] 승차 (휠체어칸)"
S1_2_0518,2호선,종합운동장,3,환승,1,2호선 잠실새내 방면 → 9호선 삼전 방면,B2 → B1 → B2 → B4,9,3,0,"[B2] 2호선 잠실새내 방면 승강장 하차 → 대합실 방향 엘리베이터(으)로 1개 층 올라가기 (B2 → B1, 엘리베이터) → [B1] 대합실로 이동 → [B1] 9호선 방향 환승통로로 이동 → 환승 엘리베이터(으)로 1개 층 내려가기 (B1 → B2, 엘리베이터) → [B2] 9호선 대합실로 이동 → 9호선 삼전 방면 엘리베이터(으)로 2개 층 내려가기 (B2 → B4, 엘리베이터) → [B4] 9호선 삼전 방면 승강장으로 이동 → [B4] 승차 (휠체어칸)","1. [B2] 2호선 잠실새내 방면 승강장 하차 | 2. 대합실 방향 엘리베이터(으)로 1개 층 올라가기 (B2 → B1, 엘리베이터) | 3. [B1] 대합실로 이동 | 4. [B1] 9호선 방향 환승통로로 이동 | 5. 환승 엘리베이터(으)로 1개 층 내려가기 (B1 → B2, 엘리베이터) | 6. [B2] 9호선 대합실로 이동 | 7. 9호선 삼전 방면 엘리베이터(으)로 2개 층 내려가기 (B2 → B4, 엘리베이터) | 8. [B4] 9호선 삼전 방면 승강장으로 이동 | 9. [B4] 승차 (휠체어칸)"
S1_2_0518,2호선,종합운동장,3,환승,2,2호선 잠실새내 방면 → 9호선 봉은사 방면,B2 → B1 → B2 → B4,9,3,0,"[B2] 2호선 잠실새내 방면 승강장 하차 → 대합실 방향 엘리베이터(으)로 1개 층 올라가기 (B2 → B1, 엘리베이터) → [B1] 대합실로 이동 → [B1] 9호선 방향 환승통로로 이동 → 환승 엘리베이터(으)로 1개 층 내려가기 (B1 → B2, 엘리베이터) → [B2] 9호선 대합실로 이동 → 9호선 봉은사 방면 엘리베이터(으)로 2개 층 내려가기 (B2 → B4, 엘리베이터) → [B4] 9호선 봉은사 방면 승강장으로 이동 → [B4] 승차 (휠체어칸)","1. [B2] 2호선 잠실새내 방면 승강장 하차 | 2. 대합실 방향 엘리베이터(으)로 1개 층 올라가기 (B2 → B1, 엘리베이터) | 3. [B1] 대합실로 이동 | 4. [B1] 9호선 방향 환승통로로 이동 | 5. 환승 엘리베이터(으)로 1개 층 내려가기 (B1 → B2, 엘리베이터) | 6. [B2] 9호선 대합실로 이동 | 7. 9호선 봉은사 방면 엘리베이터(으)로 2개 층 내려가기 (B2 → B4, 엘리베이터) | 8. [B4] 9호선 봉은사 방면 승강장으로 이동 | 9. [B4] 승차 (휠체어칸)"
S1_2_0518,2호선,종합운동장,3,환승,3,2호선 삼성 방면 → 9호선 삼전 방면,B2 → B1 → B2 → B4,9,3,0,"[B2] 2호선 삼성 방면 승강장 하차 → 대합실 방향 엘리베이터(으)로 1개 층 올라가기 (B2 → B1, 엘리베이터) → [B1] 대합실로 이동 → [B1] 9호선 방향 환승통로로 이동 → 환승 엘리베이터(으)로 1개 층 내려가기 (B1 → B2, 엘리베이터) → [B2] 9호선 대합실로 이동 → 9호선 삼전 방면 엘리베이터(으)로 2개 층 내려가기 (B2 → B4, 엘리베이터) → [B4] 9호선 삼전 방면 승강장으로 이동 → [B4] 승차 (휠체어칸)","1. [B2] 2호선 삼성 방면 승강장 하차 | 2. 대합실 방향 엘리베이터(으)로 1개 층 올라가기 (B2 → B1, 엘리베이터) | 3. [B1] 대합실로 이동 | 4. [B1] 9호선 방향 환승통로로 이동 | 5. 환승 엘리베이터(으)로 1개 층 내려가기 (B1 → B2, 엘리베이터) | 6. [B2] 9호선 대합실로 이동 | 7. 9호선 삼전 방면 엘리베이터(으)로 2개 층 내려가기 (B2 → B4, 엘리베이터) | 8. [B4] 9호선 삼전 방면 승강장으로 이동 | 9. [B4] 승차 (휠체어칸)"
S1_2_0518,2호선,종합운동장,3,환승,4,2호선 삼성 방면 → 9호선 봉은사 방면,B2 → B1 → B2 → B4,9,3,0,"[B2] 2호선 삼성 방면 승강장 하차 → 대합실 방향 엘리베이터(으)로 1개 층 올라가기 (B2 → B1, 엘리베이터) → [B1] 대합실로 이동 → [B1] 9호선 방향 환승통로로 이동 → 환승 엘리베이터(으)로 1개 층 내려가기 (B1 → B2, 엘리베이터) → [B2] 9호선 대합실로 이동 → 9호선 봉은사 방면 엘리베이터(으)로 2개 층 내려가기 (B2 → B4, 엘리베이터) → [B4] 9호선 봉은사 방면 승강장으로 이동 → [B4] 승차 (휠체어칸)","1. [B2] 2호선 삼성 방면 승강장 하차 | 2. 대합실 방향 엘리베이터(으)로 1개 층 올라가기 (B2 → B1, 엘리베이터) | 3. [B1] 대합실로 이동 | 4. [B1] 9호선 방향 환승통로로 이동 | 5. 환승 엘리베이터(으)로 1개 층 내려가기 (B1 → B2, 엘리베이터) | 6. [B2] 9호선 대합실로 이동 | 7. 9호선 봉은사 방면 엘리베이터(으)로 2개 층 내려가기 (B2 → B4, 엘리베이터) | 8. [B4] 9호선 봉은사 방면 승강장으로 이동 | 9. [B4] 승차 (휠체어칸)"
S1_2_0499,2호선,잠실새내,1,출입구-승강장,1,2번 출입구 옆 엘리베이터 → 잠실 방면,1F → B1 → B2,6,2,0,"2번 출입구 옆 엘리베이터(으)로 1개 층 내려가기 (1F → B1, 엘리베이터) → [B1] 대합실로 이동 → [B1] 잠실 방면 엘리베이터 앞 표 내는 곳 통과 → 잠실 방면 엘리베이터(으)로 1개 층 내려가기 (B1 → B2, 엘리베이터) → [B2] 잠실 방면 승강장으로 이동 → [B2] 승차 (휠체어칸)","1. 2번 출입구 옆 엘리베이터(으)로 1개 층 내려가기 (1F → B1, 엘리베이터) | 2. [B1] 대합실로 이동 | 3. [B1] 잠실 방면 엘리베이터 앞 표 내는 곳 통과 | 4. 잠실 방면 엘리베이터(으)로 1개 층 내려가기 (B1 → B2, 엘리베이터) | 5. [B2] 잠실 방면 승강장으로 이동 | 6. [B2] 승차 (휠체어칸)"
S1_2_0499,2호선,잠실새내,1,출입구-승강장,2,2번 출입구 옆 엘리베이터 → 종합운동장 방면,1F → B1 → B2,6,2,0,"2번 출입구 옆 엘리베이터(으)로 1개 층 내려가기 (1F → B1, 엘리베이터) → [B1] 대합실로 이동 → [B1] 종합운동장 방면 엘리베이터 앞 표 내는 곳 통과 → 종합운동장 방면 엘리베이터(으)로 1개 층 내려가기 (B1 → B2, 엘리베이터) → [B2] 종합운동장 방면 승강장으로 이동 → [B2] 승차 (휠체어칸)","1. 2번 출입구 옆 엘리베이터(으)로 1개 층 내려가기 (1F → B1, 엘리베이터) | 2. [B1] 대합실로 이동 | 3. [B1] 종합운동장 방면 엘리베이터 앞 표 내는 곳 통과 | 4. 종합운동장 방면 엘리베이터(으)로 1개 층 내려가기 (B1 → B2, 엘리베이터) | 5. [B2] 종합운동장 방면 승강장으로 이동 | 6. [B2] 승차 (휠체어칸)"
S1_2_0499,2호선,잠실새내,1,출입구-승강장,3,7번 출입구 옆 엘리베이터 → 잠실 방면,1F → B1 → B2,6,2,0,"7번 출입구 옆 엘리베이터(으)로 1개 층 내려가기 (1F → B1, 엘리베이터) → [B1] 대합실로 이동 → [B1] 잠실 방면 엘리베이터 앞 표 내는 곳 통과 → 잠실 방면 엘리베이터(으)로 1개 층 내려가기 (B1 → B2, 엘리베이터) → [B2] 잠실 방면 승강장으로 이동 → [B2] 승차 (휠체어칸)","1. 7번 출입구 옆 엘리베이터(으)로 1개 층 내려가기 (1F → B1, 엘리베이터) | 2. [B1] 대합실로 이동 | 3. [B1] 잠실 방면 엘리베이터 앞 표 내는 곳 통과 | 4. 잠실 방면 엘리베이터(으)로 1개 층 내려가기 (B1 → B2, 엘리베이터) | 5. [B2] 잠실 방면 승강장으로 이동 | 6. [B2] 승차 (휠체어칸)"
S1_2_0499,2호선,잠실새내,1,출입구-승강장,4,7번 출입구 옆 엘리베이터 → 종합운동장 방면,1F → B1 → B2,6,2,0,"7번 출입구 옆 엘리베이터(으)로 1개 층 내려가기 (1F → B1, 엘리베이터) → [B1] 대합실로 이동 → [B1] 종합운동장 방면 엘리베이터 앞 표 내는 곳 통과 → 종합운동장 방면 엘리베이터(으)로 1개 층 내려가기 (B1 → B2, 엘리베이터) → [B2] 종합운동장 방면 승강장으로 이동 → [B2] 승차 (휠체어칸)","1. 7번 출입구 옆 엘리베이터(으)로 1개 층 내려가기 (1F → B1, 엘리베이터) | 2. [B1] 대합실로 이동 | 3. [B1] 종합운동장 방면 엘리베이터 앞 표 내는 곳 통과 | 4. 종합운동장 방면 엘리베이터(으)로 1개 층 내려가기 (B1 → B2, 엘리베이터) | 5. [B2] 종합운동장 방면 승강장으로 이동 | 6. [B2] 승차 (휠체어칸)"
S1_2_0497,2호선,잠실,1,출입구-승강장,1,1번 출입구 옆 엘리베이터 → 잠실나루 방면,1F → B1 → B2,6,2,0,"1번 출입구 옆 엘리베이터(으)로 1개 층 내려가기 (1F → B1, 엘리베이터) → [B1] 대합실로 이동 → [B1] 잠실나루 방면 엘리베이터 앞 표 내는 곳 통과 → 잠실나루 방면 엘리베이터(으)로 1개 층 내려가기 (B1 → B2, 엘리베이터) → [B2] 잠실나루 방면 승강장으로 이동 → [B2] 승차 (휠체어칸)","1. 1번 출입구 옆 엘리베이터(으)로 1개 층 내려가기 (1F → B1, 엘리베이터) | 2. [B1] 대합실로 이동 | 3. [B1] 잠실나루 방면 엘리베이터 앞 표 내는 곳 통과 | 4. 잠실나루 방면 엘리베이터(으)로 1개 층 내려가기 (B1 → B2, 엘리베이터) | 5. [B2] 잠실나루 방면 승강장으로 이동 | 6. [B2] 승차 (휠체어칸)"
S1_2_0497,2호선,잠실,1,출입구-승강장,2,1번 출입구 옆 엘리베이터 → 잠실새내 방면,1F → B1 → B2,6,2,0,"1번 출입구 옆 엘리베이터(으)로 1개 층 내려가기 (1F → B1, 엘리베이터) → [B1] 대합실로 이동 → [B1] 잠실새내 방면 엘리베이터 앞 표 내는 곳 통과 → 잠실새내 방면 엘리베이터(으)로 1개 층 내려가기 (B1 → B2, 엘리베이터) → [B2] 잠실새내 방면 승강장으로 이동 → [B2] 승차 (휠체어칸)","1. 1번 출입구 옆 엘리베이터(으)로 1개 층 내려가기 (1F → B1, 엘리베이터) | 2. [B1] 대합실로 이동 | 3. [B1] 잠실새내 방면 엘리베이터 앞 표 내는 곳 통과 | 4. 잠실새내 방면 엘리베이터(으)로 1개 층 내려가기 (B1 → B2, 엘리베이터) | 5. [B2] 잠실새내 방면 승강장으로 이동 | 6. [B2] 승차 (휠체어칸)"
S1_2_0497,2호선,잠실,3,환승,1,2호선 잠실나루 방면 → 8호선 몽촌토성 방면,B2 → B1 → B3,7,2,0,"[B2] 2호선 잠실나루 방면 승강장 하차 → 대합실 방향 엘리베이터(으)로 1개 층 올라가기 (B2 → B1, 엘리베이터) → [B1] 대합실로 이동 → [B1] 8호선 대합실로 이동 → 8호선 몽촌토성 방면 엘리베이터(으)로 2개 층 내려가기 (B1 → B3, 엘리베이터) → [B3] 8호선 몽촌토성 방면 승강장으로 이동 → [B3] 승차 (휠체어칸)","1. [B2] 2호선 잠실나루 방면 승강장 하차 | 2. 대합실 방향 엘리베이터(으)로 1개 층 올라가기 (B2 → B1, 엘리베이터) | 3. [B1] 대합실로 이동 | 4. [B1] 8호선 대합실로 이동 | 5. 8호선 몽촌토성 방면 엘리베이터(으)로 2개 층 내려가기 (B1 → B3, 엘리베이터) | 6. [B3] 8호선 몽촌토성 방면 승강장으로 이동 | 7. [B3] 승차 (휠체어칸)"
S1_2_0497,2호선,잠실,3,환승,2,2호선 잠실나루 방면 → 8호선 석촌 방면,B2 → B1 → B3,7,2,0,"[B2] 2호선 잠실나루 방면 승강장 하차 → 대합실 방향 엘리베이터(으)로 1개 층 올라가기 (B2 → B1, 엘리베이터) → [B1] 대합실로 이동 → [B1] 8호선 대합실로 이동 → 8호선 석촌 방면 엘리베이터(으)로 2개 층 내려가기 (B1 → B3, 엘리베이터) → [B3] 8호선 석촌 방면 승강장으로 이동 → [B3] 승차 (휠체어칸)","1. [B2] 2호선 잠실나루 방면 승강장 하차 | 2. 대합실 방향 엘리베이터(으)로 1개 층 올라가기 (B2 → B1, 엘리베이터) | 3. [B1] 대합실로 이동 | 4. [B1] 8호선 대합실로 이동 | 5. 8호선 석촌 방면 엘리베이터(으)로 2개 층 내려가기 (B1 → B3, 엘리베이터) | 6. [B3] 8호선 석촌 방면 승강장으로 이동 | 7. [B3] 승차 (휠체어칸)"
S1_2_0497,2호선,잠실,3,환승,3,2호선 잠실새내 방면 → 8호선 몽촌토성 방면,B2 → B1 → B3,7,2,0,"[B2] 2호선 잠실새내 방면 승강장 하차 → 대합실 방향 엘리베이터(으)로 1개 층 올라가기 (B2 → B1, 엘리베이터) → [B1] 대합실로 이동 → [B1] 8호선 대합실로 이동 → 8호선 몽촌토성 방면 엘리베이터(으)로 2개 층 내려가기 (B1 → B3, 엘리베이터) → [B3] 8호선 몽촌토성 방면 승강장으로 이동 → [B3] 승차 (휠체어칸)","1. [B2] 2호선 잠실새내 방면 승강장 하차 | 2. 대합실 방향 엘리베이터(으)로 1개 층 올라가기 (B2 → B1, 엘리베이터) | 3. [B1] 대합실로 이동 | 4. [B1] 8호선 대합실로 이동 | 5. 8호선 몽촌토성 방면 엘리베이터(으)로 2개 층 내려가기 (B1 → B3, 엘리베이터) | 6. [B3] 8호선 몽촌토성 방면 승강장으로 이동 | 7. [B3] 승차 (휠체어칸)"
S1_2_0497,2호선,잠실,3,환승,4,2호선 잠실새내 방면 → 8호선 석촌 방면,B2 → B1 → B3,7,2,0,"[B2] 2호선 잠실새내 방면 승강장 하차 → 대합실 방향 엘리베이터(으)로 1개 층 올라가기 (B2 → B1, 엘리베이터) → [B1] 대합실로 이동 → [B1] 8호선 대합실로 이동 → 8호선 석촌 방면 엘리베이터(으)로 2개 층 내려가기 (B1 → B3, 엘리베이터) → [B3] 8호선 석촌 방면 승강장으로 이동 → [B3] 승차 (휠체어칸)","1. [B2] 2호선 잠실새내 방면 승강장 하차 | 2. 대합실 방향 엘리베이터(으)로 1개 층 올라가기 (B2 → B1, 엘리베이터) | 3. [B1] 대합실로 이동 | 4. [B1] 8호선 대합실로 이동 | 5. 8호선 석촌 방면 엘리베이터(으)로 2개 층 내려가기 (B1 → B3, 엘리베이터) | 6. [B3] 8호선 석촌 방면 승강장으로 이동 | 7. [B3] 승차 (휠체어칸)"
S1_2_0498,2호선,잠실나루,1,출입구-승강장,1,1번 출입구 → 강변 방면,1F → 2F,5,1,0,"[1F] 1번 출입구 대합실로 이동 → [1F] 1번/4번 출입구 방향 표 내는 곳 통과 → 강변 방면 엘리베이터(으)로 1개 층 올라가기 (1F → 2F, 엘리베이터) → [2F] 강변 방면 승강장으로 이동 → [2F] 승차 (휠체어칸)","1. [1F] 1번 출입구 대합실로 이동 | 2. [1F] 1번/4번 출입구 방향 표 내는 곳 통과 | 3. 강변 방면 엘리베이터(으)로 1개 층 올라가기 (1F → 2F, 엘리베이터) | 4. [2F] 강변 방면 승강장으로 이동 | 5. [2F] 승차 (휠체어칸)"
S1_2_0498,2호선,잠실나루,1,출입구-승강장,2,1번 출입구 → 잠실 방면,1F → 2F,5,1,0,"[1F] 1번 출입구 대합실로 이동 → [1F] 1번/4번 출입구 방향 표 내는 곳 통과 → 잠실 방면 엘리베이터(으)로 1개 층 올라가기 (1F → 2F, 엘리베이터) → [2F] 잠실 방면 승강장으로 이동 → [2F] 승차 (휠체어칸)","1. [1F] 1번 출입구 대합실로 이동 | 2. [1F] 1번/4번 출입구 방향 표 내는 곳 통과 | 3. 잠실 방면 엘리베이터(으)로 1개 층 올라가기 (1F → 2F, 엘리베이터) | 4. [2F] 잠실 방면 승강장으로 이동 | 5. [2F] 승차 (휠체어칸)"
S1_2_0498,2호선,잠실나루,1,출입구-승강장,3,2번 출입구 → 강변 방면,1F → 2F,5,1,0,"[1F] 2번 출입구 대합실로 이동 → [1F] 1번/4번 출입구 방향 표 내는 곳 통과 → 강변 방면 엘리베이터(으)로 1개 층 올라가기 (1F → 2F, 엘리베이터) → [2F] 강변 방면 승강장으로 이동 → [2F] 승차 (휠체어칸)","1. [1F] 2번 출입구 대합실로 이동 | 2. [1F] 1번/4번 출입구 방향 표 내는 곳 통과 | 3. 강변 방면 엘리베이터(으)로 1개 층 올라가기 (1F → 2F, 엘리베이터) | 4. [2F] 강변 방면 승강장으로 이동 | 5. [2F] 승차 (휠체어칸)"
S1_2_0498,2호선,잠실나루,1,출입구-승강장,4,2번 출입구 → 잠실 방면,1F → 2F,5,1,0,"[1F] 2번 출입구 대합실로 이동 → [1F] 1번/4번 출입구 방향 표 내는 곳 통과 → 잠실 방면 엘리베이터(으)로 1개 층 올라가기 (1F → 2F, 엘리베이터) → [2F] 잠실 방면 승강장으로 이동 → [2F] 승차 (휠체어칸)","1. [1F] 2번 출입구 대합실로 이동 | 2. [1F] 1번/4번 출입구 방향 표 내는 곳 통과 | 3. 잠실 방면 엘리베이터(으)로 1개 층 올라가기 (1F → 2F, 엘리베이터) | 4. [2F] 잠실 방면 승강장으로 이동 | 5. [2F] 승차 (휠체어칸)"
S1_2_0498,2호선,잠실나루,1,출입구-승강장,5,3번 출입구 → 강변 방면,1F → 2F,5,1,0,"[1F] 3번 출입구 대합실로 이동 → [1F] 1번/4번 출입구 방향 표 내는 곳 통과 → 강변 방면 엘리베이터(으)로 1개 층 올라가기 (1F → 2F, 엘리베이터) → [2F] 강변 방면 승강장으로 이동 → [2F] 승차 (휠체어칸)","1. [1F] 3번 출입구 대합실로 이동 | 2. [1F] 1번/4번 출입구 방향 표 내는 곳 통과 | 3. 강변 방면 엘리베이터(으)로 1개 층 올라가기 (1F → 2F, 엘리베이터) | 4. [2F] 강변 방면 승강장으로 이동 | 5. [2F] 승차 (휠체어칸)"
S1_2_0498,2호선,잠실나루,1,출입구-승강장,6,3번 출입구 → 잠실 방면,1F → 2F,5,1,0,"[1F] 3번 출입구 대합실로 이동 → [1F] 1번/4번 출입구 방향 표 내는 곳 통과 → 잠실 방면 엘리베이터(으)로 1개 층 올라가기 (1F → 2F, 엘리베이터) → [2F] 잠실 방면 승강장으로 이동 → [2F] 승차 (휠체어칸)","1. [1F] 3번 출입구 대합실로 이동 | 2. [1F] 1번/4번 출입구 방향 표 내는 곳 통과 | 3. 잠실 방면 엘리베이터(으)로 1개 층 올라가기 (1F → 2F, 엘리베이터) | 4. [2F] 잠실 방면 승강장으로 이동 | 5. [2F] 승차 (휠체어칸)"
S1_2_0498,2호선,잠실나루,1,출입구-승강장,7,4번 출입구 → 강변 방면,1F → 2F,5,1,0,"[1F] 4번 출입구 대합실로 이동 → [1F] 1번/4번 출입구 방향 표 내는 곳 통과 → 강변 방면 엘리베이터(으)로 1개 층 올라가기 (1F → 2F, 엘리베이터) → [2F] 강변 방면 승강장으로 이동 → [2F] 승차 (휠체어칸)","1. [1F] 4번 출입구 대합실로 이동 | 2. [1F] 1번/4번 출입구 방향 표 내는 곳 통과 | 3. 강변 방면 엘리베이터(으)로 1개 층 올라가기 (1F → 2F, 엘리베이터) | 4. [2F] 강변 방면 승강장으로 이동 | 5. [2F] 승차 (휠체어칸)"
S1_2_0498,2호선,잠실나루,1,출입구-승강장,8,4번 출입구 → 잠실 방면,1F → 2F,5,1,0,"[1F] 4번 출입구 대합실로 이동 → [1F] 1번/4번 출입구 방향 표 내는 곳 통과 → 잠실 방면 엘리베이터(으)로 1개 층 올라가기 (1F → 2F, 엘리베이터) → [2F] 잠실 방면 승강장으로 이동 → [2F] 승차 (휠체어칸)","1. [1F] 4번 출입구 대합실로 이동 | 2. [1F] 1번/4번 출입구 방향 표 내는 곳 통과 | 3. 잠실 방면 엘리베이터(으)로 1개 층 올라가기 (1F → 2F, 엘리베이터) | 4. [2F] 잠실 방면 승강장으로 이동 | 5. [2F] 승차 (휠체어칸)"
S1_2_0023,2호선,강변,1,출입구-승강장,1,1번 출입구 → 구의 방면,1F → 2F,5,1,0,"[1F] 1번 출입구 대합실로 이동 → [1F] 표 내는 곳 통과 → 구의 방면 엘리베이터(으)로 1개 층 올라가기 (1F → 2F, 엘리베이터) → [2F] 구의 방면 승강장으로 이동 → [2F] 승차 (휠체어칸)","1. [1F] 1번 출입구 대합실로 이동 | 2. [1F] 표 내는 곳 통과 | 3. 구의 방면 엘리베이터(으)로 1개 층 올라가기 (1F → 2F, 엘리베이터) | 4. [2F] 구의 방면 승강장으로 이동 | 5. [2F] 승차 (휠체어칸)"
S1_2_0023,2호선,강변,1,출입구-승강장,2,1번 출입구 → 잠실나루 방면,1F → 2F,5,1,0,"[1F] 1번 출입구 대합실로 이동 → [1F] 표 내는 곳 통과 → 잠실나루 방면 엘리베이터(으)로 1개 층 올라가기 (1F → 2F, 엘리베이터) → [2F] 잠실나루 방면 승강장으로 이동 → [2F] 승차 (휠체어칸)","1. [1F] 1번 출입구 대합실로 이동 | 2. [1F] 표 내는 곳 통과 | 3. 잠실나루 방면 엘리베이터(으)로 1개 층 올라가기 (1F → 2F, 엘리베이터) | 4. [2F] 잠실나루 방면 승강장으로 이동 | 5. [2F] 승차 (휠체어칸)"
S1_2_0023,2호선,강변,1,출입구-승강장,3,2번 출입구 → 구의 방면,1F → 2F,5,1,0,"[1F] 2번 출입구 대합실로 이동 → [1F] 1번/4번 출입구 방향 표 내는 곳 통과 → 구의 방면 엘리베이터(으)로 1개 층 올라가기 (1F → 2F, 엘리베이터) → [2F] 구의 방면 승강장으로 이동 → [2F] 승차 (휠체어칸)","1. [1F] 2번 출입구 대합실로 이동 | 2. [1F] 1번/4번 출입구 방향 표 내는 곳 통과 | 3. 구의 방면 엘리베이터(으)로 1개 층 올라가기 (1F → 2F, 엘리베이터) | 4. [2F] 구의 방면 승강장으로 이동 | 5. [2F] 승차 (휠체어칸)"
S1_2_0023,2호선,강변,1,출입구-승강장,4,2번 출입구 → 잠실나루 방면,1F → 2F,5,1,0,"[1F] 2번 출입구 대합실로 이동 → [1F] 1번/4번 출입구 방향 표 내는 곳 통과 → 잠실나루 방면 엘리베이터(으)로 1개 층 올라가기 (1F → 2F, 엘리베이터) → [2F] 잠실나루 방면 승강장으로 이동 → [2F] 승차 (휠체어칸)","1. [1F] 2번 출입구 대합실로 이동 | 2. [1F] 1번/4번 출입구 방향 표 내는 곳 통과 | 3. 잠실나루 방면 엘리베이터(으)로 1개 층 올라가기 (1F → 2F, 엘리베이터) | 4. [2F] 잠실나루 방면 승강장으로 이동 | 5. [2F] 승차 (휠체어칸)"
S1_2_0023,2호선,강변,1,출입구-승강장,5,3번 출입구 → 구의 방면,1F → 2F,5,1,0,"[1F] 3번 출입구 대합실로 이동 → [1F] 1번/4번 출입구 방향 표 내는 곳 통과 → 구의 방면 엘리베이터(으)로 1개 층 올라가기 (1F → 2F, 엘리베이터) → [2F] 구의 방면 승강장으로 이동 → [2F] 승차 (휠체어칸)","1. [1F] 3번 출입구 대합실로 이동 | 2. [1F] 1번/4번 출입구 방향 표 내는 곳 통과 | 3. 구의 방면 엘리베이터(으)로 1개 층 올라가기 (1F → 2F, 엘리베이터) | 4. [2F] 구의 방면 승강장으로 이동 | 5. [2F] 승차 (휠체어칸)"
S1_2_0023,2호선,강변,1,출입구-승강장,6,3번 출입구 → 잠실나루 방면,1F → 2F,5,1,0,"[1F] 3번 출입구 대합실로 이동 → [1F] 1번/4번 출입구 방향 표 내는 곳 통과 → 잠실나루 방면 엘리베이터(으)로 1개 층 올라가기 (1F → 2F, 엘리베이터) → [2F] 잠실나루 방면 승강장으로 이동 → [2F] 승차 (휠체어칸)","1. [1F] 3번 출입구 대합실로 이동 | 2. [1F] 1번/4번 출입구 방향 표 내는 곳 통과 | 3. 잠실나루 방면 엘리베이터(으)로 1개 층 올라가기 (1F → 2F, 엘리베이터) | 4. [2F] 잠실나루 방면 승강장으로 이동 | 5. [2F] 승차 (휠체어칸)"
S1_2_0023,2호선,강변,1,출입구-승강장,7,4번 출입구 → 구의 방면,1F → 2F,5,1,0,"[1F] 4번 출입구 대합실로 이동 → [1F] 표 내는 곳 통과 → 구의 방면 엘리베이터(으)로 1개 층 올라가기 (1F → 2F, 엘리베이터) → [2F] 구의 방면 승강장으로 이동 → [2F] 승차 (휠체어칸)","1. [1F] 4번 출입구 대합실로 이동 | 2. [1F] 표 내는 곳 통과 | 3. 구의 방면 엘리베이터(으)로 1개 층 올라가기 (1F → 2F, 엘리베이터) | 4. [2F] 구의 방면 승강장으로 이동 | 5. [2F] 승차 (휠체어칸)"
S1_2_0023,2호선,강변,1,출입구-승강장,8,4번 출입구 → 잠실나루 방면,1F → 2F,5,1,0,"[1F] 4번 출입구 대합실로 이동 → [1F] 표 내는 곳 통과 → 잠실나루 방면 엘리베이터(으)로 1개 층 올라가기 (1F → 2F, 엘리베이터) → [2F] 잠실나루 방면 승강장으로 이동 → [2F] 승차 (휠체어칸)","1. [1F] 4번 출입구 대합실로 이동 | 2. [1F] 표 내는 곳 통과 | 3. 잠실나루 방면 엘리베이터(으)로 1개 층 올라가기 (1F → 2F, 엘리베이터) | 4. [2F] 잠실나루 방면 승강장으로 이동 | 5. [2F] 승차 (휠체어칸)"
S1_2_0076,2호선,구의,1,출입구-승강장,1,2번 출입구 옆 엘리베이터 → 건대입구 방면,1F → 3F,4,1,0,"2번 출입구 옆 엘리베이터(으)로 2개 층 올라가기 (1F → 3F, 엘리베이터) → [3F] 건대입구 방면 승강장으로 이동 → [3F] 엘리베이터 앞 표 내는 곳 통과 → [3F] 승차 (휠체어칸)","1. 2번 출입구 옆 엘리베이터(으)로 2개 층 올라가기 (1F → 3F, 엘리베이터) | 2. [3F] 건대입구 방면 승강장으로 이동 | 3. [3F] 엘리베이터 앞 표 내는 곳 통과 | 4. [3F] 승차 (휠체어칸)"
S1_2_0076,2호선,구의,1,출입구-승강장,2,2번 출입구 옆 엘리베이터 → 강변 방면,1F → 2F → 3F,6,2,0,"2번 출입구 옆 엘리베이터(으)로 1개 층 올라가기 (1F → 2F, 엘리베이터) → [2F] 대합실로 이동 → [2F] 엘리베이터 앞 표 내는 곳 통과 → 강변 방면 엘리베이터(으)로 1개 층 올라가기 (2F → 3F, 엘리베이터) → [3F] 강변 방면 승강장으로 이동 → [3F] 승차 (휠체어칸)","1. 2번 출입구 옆 엘리베이터(으)로 1개 층 올라가기 (1F → 2F, 엘리베이터) | 2. [2F] 대합실로 이동 | 3. [2F] 엘리베이터 앞 표 내는 곳 통과 | 4. 강변 방면 엘리베이터(으)로 1개 층 올라가기 (2F → 3F, 엘리베이터) | 5. [3F] 강변 방면 승강장으로 이동 | 6. [3F] 승차 (휠체어칸)"
S1_2_0031,2호선,건대입구,1,출입구-승강장,1,1번 출입구 옆 엘리베이터 → 구의 방면,1F → 2F → 3F,5,2,0,"1번 출입구 옆 엘리베이터(으)로 1개 층 올라가기 (1F → 2F, 엘리베이터) → [2F] 대합실로 이동 → 구의 방면 엘리베이터(으)로 1개 층 올라가기 (2F → 3F, 엘리베이터) → [3F] 표 내는 곳 통과 후 구의 방면 승강장으로 이동 → [3F] 승차 (휠체어칸)","1. 1번 출입구 옆 엘리베이터(으)로 1개 층 올라가기 (1F → 2F, 엘리베이터) | 2. [2F] 대합실로 이동 | 3. 구의 방면 엘리베이터(으)로 1개 층 올라가기 (2F → 3F, 엘리베이터) | 4. [3F] 표 내는 곳 통과 후 구의 방면 승강장으로 이동 | 5. [3F] 승차 (휠체어칸)"
S1_2_0031,2호선,건대입구,1,출입구-승강장,2,1번 출입구 근처 엘리베이터 → 성수 방면,2F → 3F,3,1,0,"개집표기 통과 후 고객안내센터 맞은편 성수방면 엘리베이터(으)로 1개 층 올라가기 (2F → 3F, 엘리베이터) → [3F] 지상3층으로 이동 → [3F] 성수방면 승강장 이동","1. 개집표기 통과 후 고객안내센터 맞은편 성수방면 엘리베이터(으)로 1개 층 올라가기 (2F → 3F, 엘리베이터) | 2. [3F] 지상3층으로 이동 | 3. [3F] 성수방면 승강장 이동"
S1_2_0031,2호선,건대입구,1,출입구-승강장,3,6번 출입구 옆 엘리베이터 → 구의 방면,1F → 3F,3,1,0,"6번 출입구 옆 엘리베이터(으)로 2개 층 올라가기 (1F → 3F, 엘리베이터) → [3F] 표 내는 곳 통과 후 구의 방면 승강장 이동 → [3F] 승차(휠체어칸)","1. 6번 출입구 옆 엘리베이터(으)로 2개 층 올라가기 (1F → 3F, 엘리베이터) | 2. [3F] 표 내는 곳 통과 후 구의 방면 승강장 이동 | 3. [3F] 승차(휠체어칸)"
S1_2_0031,2호선,건대입구,1,출입구-승강장,4,6번 출입구 근처 엘리베이터 → 성수 방면,2F → 3F,3,1,0,"개집표기 통과 후 고객안내센터 맞은편 성수방면 엘리베이터(으)로 1개 층 올라가기 (2F → 3F, 엘리베이터) → [3F] 지상3층으로 이동 → [3F] 성수방면 승강장 이동","1. 개집표기 통과 후 고객안내센터 맞은편 성수방면 엘리베이터(으)로 1개 층 올라가기 (2F → 3F, 엘리베이터) | 2. [3F] 지상3층으로 이동 | 3. [3F] 성수방면 승강장 이동"
S1_2_0031,2호선,건대입구,3,환승,1,2호선 구의 방면 → 7호선 어린이 대공원 방면,3F → 1F → B2,6,2,0,"[3F] 2호선 구의 방면 승강장 하차 → 표 내는 곳 통과 후 2호선 대합실 방향 엘리베이터(으)로 2개 층 내려가기 (3F → 1F, 엘리베이터) → [1F] 3번 출입구 옆 엘리베이터 로 이동 → 3번 출입구 옆 엘리베이터(으)로 2개 층 내려가기 (1F → B2, 엘리베이터) → [B2] 표 내는 곳 통과 후 7호선 어린이 대공원 방면 승강장 이동 → [B2] 승차(휠체어칸)","1. [3F] 2호선 구의 방면 승강장 하차 | 2. 표 내는 곳 통과 후 2호선 대합실 방향 엘리베이터(으)로 2개 층 내려가기 (3F → 1F, 엘리베이터) | 3. [1F] 3번 출입구 옆 엘리베이터 로 이동 | 4. 3번 출입구 옆 엘리베이터(으)로 2개 층 내려가기 (1F → B2, 엘리베이터) | 5. [B2] 표 내는 곳 통과 후 7호선 어린이 대공원 방면 승강장 이동 | 6. [B2] 승차(휠체어칸)"
S1_2_0031,2호선,건대입구,3,환승,2,2호선 성수 방면 → 7호선 어린이대공원 방면,2F → 1F → B2,6,2,0,"개집표기 통과 후 1번출입구 앞 엘리베이터(으)로 1개 층 내려가기 (2F → 1F, 엘리베이터) → [1F] 지상1층으로 이동 → 3번출입구 옆 엘리베이터(으)로 2개 층 내려가기 (1F → B2, 엘리베이터) → [B2] 지하2층으로 이동 → [B2] 어린이대공원 방면 승강장 방향으로 이동 → [B2] 어린이대공원 방면 승강장 이용","1. 개집표기 통과 후 1번출입구 앞 엘리베이터(으)로 1개 층 내려가기 (2F → 1F, 엘리베이터) | 2. [1F] 지상1층으로 이동 | 3. 3번출입구 옆 엘리베이터(으)로 2개 층 내려가기 (1F → B2, 엘리베이터) | 4. [B2] 지하2층으로 이동 | 5. [B2] 어린이대공원 방면 승강장 방향으로 이동 | 6. [B2] 어린이대공원 방면 승강장 이용"
S1_2_0031,2호선,건대입구,3,환승,3,2호선 구의 방면 → 7호선 뚝섬유원지 방면,3F → 1F → B2 → B3 → B2,10,4,0,"[3F] 2호선 구의 방면 승강장 하차 → 표 내는 곳 통과 후 2호선 대합실 방향 엘리베이터(으)로 2개 층 내려가기 (3F → 1F, 엘리베이터) → [1F] 3번 출입구 옆 엘리베이터 로 이동 → 3번 출입구 옆 엘리베이터(으)로 2개 층 내려가기 (1F → B2, 엘리베이터) → [B2] 표 내는 곳 통과 후 7호선 어린이대공원 방면 엘리베이터 로 이동 → 7호선 어린이대공원 방면 엘리베이터(으)로 1개 층 내려가기 (B2 → B3, 엘리베이터) → [B3] 7호선 자양 방면 승강장 엘리베이터 이동 → 7호선 자양 방면 엘리베이터(으)로 1개 층 올라가기 (B3 → B2, 엘리베이터) → [B2] 7호선 자양 방면 승강장 이동 → [B2] 탑승(휠체어칸)","1. [3F] 2호선 구의 방면 승강장 하차 | 2. 표 내는 곳 통과 후 2호선 대합실 방향 엘리베이터(으)로 2개 층 내려가기 (3F → 1F, 엘리베이터) | 3. [1F] 3번 출입구 옆 엘리베이터 로 이동 | 4. 3번 출입구 옆 엘리베이터(으)로 2개 층 내려가기 (1F → B2, 엘리베이터) | 5. [B2] 표 내는 곳 통과 후 7호선 어린이대공원 방면 엘리베이터 로 이동 | 6. 7호선 어린이대공원 방면 엘리베이터(으)로 1개 층 내려가기 (B2 → B3, 엘리베이터) | 7. [B3] 7호선 자양 방면 승강장 엘리베이터 이동 | 8. 7호선 자양 방면 엘리베이터(으)로 1개 층 올라가기 (B3 → B2, 엘리베이터) | 9. [B2] 7호선 자양 방면 승강장 이동 | 10. [B2] 탑승(휠체어칸)"
S1_2_0031,2호선,건대입구,3,환승,4,2호선 성수 방면 → 7호선 뚝섬유원지 방면,3F → 2F → B2 → B3 → B2,12,4,0,"[3F] 2호선 성수 방면 승강장 하차 → 2호선 성수 방면 엘리베이터(으)로 1개 층 내려가기 (3F → 2F, 엘리베이터) → [2F] 표 내는 곳 통과 후 1번 출입구 앞 엘리베이터 이동 → [2F] 3번 출입구 옆 엘리베이터 이동 → [2F] 3번 출입구 옆 엘레이터 탑승 → 1번 출입구 옆 엘리베이터(으)로 3개 층 내려가기 (2F → B2, 엘리베이터) → [B2] 표 내는 곳 통과 후 7호선 어린이대공원 방면 엘리베이터 로 이동 → 7호선 어린이대공원 방면 엘리베이터(으)로 1개 층 내려가기 (B2 → B3, 엘리베이터) → [B3] 7호선 자양 방면 승강장 엘리베이터 이동 → 7호선 자양 방면 엘리베이터(으)로 1개 층 올라가기 (B3 → B2, 엘리베이터) → [B2] 7호선 자양 방면 승강장 이동 → [B2] 탑승(휠체어칸)","1. [3F] 2호선 성수 방면 승강장 하차 | 2. 2호선 성수 방면 엘리베이터(으)로 1개 층 내려가기 (3F → 2F, 엘리베이터) | 3. [2F] 표 내는 곳 통과 후 1번 출입구 앞 엘리베이터 이동 | 4. [2F] 3번 출입구 옆 엘리베이터 이동 | 5. [2F] 3번 출입구 옆 엘레이터 탑승 | 6. 1번 출입구 옆 엘리베이터(으)로 3개 층 내려가기 (2F → B2, 엘리베이터) | 7. [B2] 표 내는 곳 통과 후 7호선 어린이대공원 방면 엘리베이터 로 이동 | 8. 7호선 어린이대공원 방면 엘리베이터(으)로 1개 층 내려가기 (B2 → B3, 엘리베이터) | 9. [B3] 7호선 자양 방면 승강장 엘리베이터 이동 | 10. 7호선 자양 방면 엘리베이터(으)로 1개 층 올라가기 (B3 → B2, 엘리베이터) | 11. [B2] 7호선 자양 방면 승강장 이동 | 12. [B2] 탑승(휠체어칸)"
S1_2_0314,2호선,성수,1,출입구-승강장,1,1번 출입구 옆 엘리베이터 → 뚝섬 방면,1F → 2F → 3F,6,2,0,"1번 출입구 옆 엘리베이터(으)로 1개 층 올라가기 (1F → 2F, 엘리베이터) → [2F] 대합실로 이동 → [2F] 뚝섬 방면 엘리베이터 앞 표 내는 곳 통과 → 뚝섬 방면 엘리베이터(으)로 1개 층 올라가기 (2F → 3F, 엘리베이터) → [3F] 뚝섬 방면 승강장으로 이동 → [3F] 승차 (휠체어칸)","1. 1번 출입구 옆 엘리베이터(으)로 1개 층 올라가기 (1F → 2F, 엘리베이터) | 2. [2F] 대합실로 이동 | 3. [2F] 뚝섬 방면 엘리베이터 앞 표 내는 곳 통과 | 4. 뚝섬 방면 엘리베이터(으)로 1개 층 올라가기 (2F → 3F, 엘리베이터) | 5. [3F] 뚝섬 방면 승강장으로 이동 | 6. [3F] 승차 (휠체어칸)"
S1_2_0314,2호선,성수,1,출입구-승강장,2,1번 출입구 옆 엘리베이터 → 건대입구 방면,1F → 2F → 3F,6,2,0,"1번 출입구 옆 엘리베이터(으)로 1개 층 올라가기 (1F → 2F, 엘리베이터) → [2F] 대합실로 이동 → [2F] 건대입구 방면 엘리베이터 앞 표 내는 곳 통과 → 건대입구 방면 엘리베이터(으)로 1개 층 올라가기 (2F → 3F, 엘리베이터) → [3F] 건대입구 방면 승강장으로 이동 → [3F] 승차 (휠체어칸)","1. 1번 출입구 옆 엘리베이터(으)로 1개 층 올라가기 (1F → 2F, 엘리베이터) | 2. [2F] 대합실로 이동 | 3. [2F] 건대입구 방면 엘리베이터 앞 표 내는 곳 통과 | 4. 건대입구 방면 엘리베이터(으)로 1개 층 올라가기 (2F → 3F, 엘리베이터) | 5. [3F] 건대입구 방면 승강장으로 이동 | 6. [3F] 승차 (휠체어칸)"
S1_2_0314,2호선,성수,1,출입구-승강장,3,4번 출입구 옆 엘리베이터 → 뚝섬 방면,1F → 2F → 3F,6,2,0,"4번 출입구 옆 엘리베이터(으)로 1개 층 올라가기 (1F → 2F, 엘리베이터) → [2F] 대합실로 이동 → [2F] 뚝섬 방면 엘리베이터 앞 표 내는 곳 통과 → 뚝섬 방면 엘리베이터(으)로 1개 층 올라가기 (2F → 3F, 엘리베이터) → [3F] 뚝섬 방면 승강장으로 이동 → [3F] 승차 (휠체어칸)","1. 4번 출입구 옆 엘리베이터(으)로 1개 층 올라가기 (1F → 2F, 엘리베이터) | 2. [2F] 대합실로 이동 | 3. [2F] 뚝섬 방면 엘리베이터 앞 표 내는 곳 통과 | 4. 뚝섬 방면 엘리베이터(으)로 1개 층 올라가기 (2F → 3F, 엘리베이터) | 5. [3F] 뚝섬 방면 승강장으로 이동 | 6. [3F] 승차 (휠체어칸)"
S1_2_0314,2호선,성수,1,출입구-승강장,4,4번 출입구 옆 엘리베이터 → 건대입구 방면,1F → 2F → 3F,6,2,0,"4번 출입구 옆 엘리베이터(으)로 1개 층 올라가기 (1F → 2F, 엘리베이터) → [2F] 대합실로 이동 → [2F] 건대입구 방면 엘리베이터 앞 표 내는 곳 통과 → 건대입구 방면 엘리베이터(으)로 1개 층 올라가기 (2F → 3F, 엘리베이터) → [3F] 건대입구 방면 승강장으로 이동 → [3F] 승차 (휠체어칸)","1. 4번 출입구 옆 엘리베이터(으)로 1개 층 올라가기 (1F → 2F, 엘리베이터) | 2. [2F] 대합실로 이동 | 3. [2F] 건대입구 방면 엘리베이터 앞 표 내는 곳 통과 | 4. 건대입구 방면 엘리베이터(으)로 1개 층 올라가기 (2F → 3F, 엘리베이터) | 5. [3F] 건대입구 방면 승강장으로 이동 | 6. [3F] 승차 (휠체어칸)"
S1_2_0314,2호선,성수,3,환승,1,2호선 뚝섬 방면 → 2호선 용답 방면,3F,3,0,0,[3F] 2호선 뚝섬 방면 승강장 하차 → [3F] 2호선 용답 방면 승강장으로 이동 → [3F] 승차 (휠체어칸),1. [3F] 2호선 뚝섬 방면 승강장 하차 | 2. [3F] 2호선 용답 방면 승강장으로 이동 | 3. [3F] 승차 (휠체어칸)
S1_2_0314,2호선,성수,3,환승,2,2호선 건대입구 방면 → 2호선 용답 방면,3F → 2F → 3F,6,2,0,"[3F] 2호선 건대입구 방면 승강장 하차 → 대합실 방향 엘리베이터(으)로 1개 층 내려가기 (3F → 2F, 엘리베이터) → [2F] 대합실로 이동 → 2호선 용답 방면 엘리베이터(으)로 1개 층 올라가기 (2F → 3F, 엘리베이터) → [3F] 2호선 용답 방면 승강장으로 이동 → [3F] 승차 (휠체어칸)","1. [3F] 2호선 건대입구 방면 승강장 하차 | 2. 대합실 방향 엘리베이터(으)로 1개 층 내려가기 (3F → 2F, 엘리베이터) | 3. [2F] 대합실로 이동 | 4. 2호선 용답 방면 엘리베이터(으)로 1개 층 올라가기 (2F → 3F, 엘리베이터) | 5. [3F] 2호선 용답 방면 승강장으로 이동 | 6. [3F] 승차 (휠체어칸)"
S1_2_0314,2호선,성수,3,환승,3,2호선 용답 방면 → 2호선 뚝섬 방면,3F,3,0,0,[3F] 2호선 용답 방면 승강장 하차 → [3F] 2호선 뚝섬 방면 승강장으로 이동 → [3F] 승차 (휠체어칸),1. [3F] 2호선 용답 방면 승강장 하차 | 2. [3F] 2호선 뚝섬 방면 승강장으로 이동 | 3. [3F] 승차 (휠체어칸)
S1_2_0314,2호선,성수,3,환승,4,2호선 용답 방면 → 2호선 건대입구 방면,3F → 2F → 3F,6,2,0,"[3F] 2호선 용답 방면 승강장 하차 → 대합실 방향 엘리베이터(으)로 1개 층 내려가기 (3F → 2F, 엘리베이터) → [2F] 대합실로 이동 → 2호선 건대입구 방면 엘리베이터(으)로 1개 층 올라가기 (2F → 3F, 엘리베이터) → [3F] 2호선 건대입구 방면 승강장으로 이동 → [3F] 승차 (휠체어칸)","1. [3F] 2호선 용답 방면 승강장 하차 | 2. 대합실 방향 엘리베이터(으)로 1개 층 내려가기 (3F → 2F, 엘리베이터) | 3. [2F] 대합실로 이동 | 4. 2호선 건대입구 방면 엘리베이터(으)로 1개 층 올라가기 (2F → 3F, 엘리베이터) | 5. [3F] 2호선 건대입구 방면 승강장으로 이동 | 6. [3F] 승차 (휠체어칸)"
S1_2_0175,2호선,뚝섬,1,출입구-승강장,1,3번 출입구 옆 엘리베이터 → 한양대 방면,1F → 2F → 3F,6,2,0,"3번 출입구 옆 엘리베이터(으)로 1개 층 올라가기 (1F → 2F, 엘리베이터) → [2F] 대합실로 이동 → [2F] 한양대 방면 엘리베이터 앞 표 내는 곳 통과 → 한양대 방면 엘리베이터(으)로 1개 층 올라가기 (2F → 3F, 엘리베이터) → [3F] 한양대 방면 승강장으로 이동 → [3F] 승차 (휠체어칸)","1. 3번 출입구 옆 엘리베이터(으)로 1개 층 올라가기 (1F → 2F, 엘리베이터) | 2. [2F] 대합실로 이동 | 3. [2F] 한양대 방면 엘리베이터 앞 표 내는 곳 통과 | 4. 한양대 방면 엘리베이터(으)로 1개 층 올라가기 (2F → 3F, 엘리베이터) | 5. [3F] 한양대 방면 승강장으로 이동 | 6. [3F] 승차 (휠체어칸)"
S1_2_0175,2호선,뚝섬,1,출입구-승강장,2,3번 출입구 옆 엘리베이터 → 성수 방면,1F → 2F → 3F,6,2,0,"3번 출입구 옆 엘리베이터(으)로 1개 층 올라가기 (1F → 2F, 엘리베이터) → [2F] 대합실로 이동 → [2F] 성수 방면 엘리베이터 앞 표 내는 곳 통과 → 성수 방면 엘리베이터(으)로 1개 층 올라가기 (2F → 3F, 엘리베이터) → [3F] 성수 방면 승강장으로 이동 → [3F] 승차 (휠체어칸)","1. 3번 출입구 옆 엘리베이터(으)로 1개 층 올라가기 (1F → 2F, 엘리베이터) | 2. [2F] 대합실로 이동 | 3. [2F] 성수 방면 엘리베이터 앞 표 내는 곳 통과 | 4. 성수 방면 엘리베이터(으)로 1개 층 올라가기 (2F → 3F, 엘리베이터) | 5. [3F] 성수 방면 승강장으로 이동 | 6. [3F] 승차 (휠체어칸)"
S1_2_0175,2호선,뚝섬,1,출입구-승강장,3,6번 출입구 옆 엘리베이터 → 한양대 방면,1F → 2F → 3F,6,2,0,"6번 출입구 옆 엘리베이터(으)로 1개 층 올라가기 (1F → 2F, 엘리베이터) → [2F] 대합실로 이동 → [2F] 한양대 방면 엘리베이터 앞 표 내는 곳 통과 → 한양대 방면 엘리베이터(으)로 1개 층 올라가기 (2F → 3F, 엘리베이터) → [3F] 한양대 방면 승강장으로 이동 → [3F] 승차 (휠체어칸)","1. 6번 출입구 옆 엘리베이터(으)로 1개 층 올라가기 (1F → 2F, 엘리베이터) | 2. [2F] 대합실로 이동 | 3. [2F] 한양대 방면 엘리베이터 앞 표 내는 곳 통과 | 4. 한양대 방면 엘리베이터(으)로 1개 층 올라가기 (2F → 3F, 엘리베이터) | 5. [3F] 한양대 방면 승강장으로 이동 | 6. [3F] 승차 (휠체어칸)"
S1_2_0175,2호선,뚝섬,1,출입구-승강장,4,6번 출입구 옆 엘리베이터 → 성수 방면,1F → 2F → 3F,6,2,0,"6번 출입구 옆 엘리베이터(으)로 1개 층 올라가기 (1F → 2F, 엘리베이터) → [2F] 대합실로 이동 → [2F] 성수 방면 엘리베이터 앞 표 내는 곳 통과 → 성수 방면 엘리베이터(으)로 1개 층 올라가기 (2F → 3F, 엘리베이터) → [3F] 성수 방면 승강장으로 이동 → [3F] 승차 (휠체어칸)","1. 6번 출입구 옆 엘리베이터(으)로 1개 층 올라가기 (1F → 2F, 엘리베이터) | 2. [2F] 대합실로 이동 | 3. [2F] 성수 방면 엘리베이터 앞 표 내는 곳 통과 | 4. 성수 방면 엘리베이터(으)로 1개 층 올라가기 (2F → 3F, 엘리베이터) | 5. [3F] 성수 방면 승강장으로 이동 | 6. [3F] 승차 (휠체어칸)"
S1_2_0588,2호선,한양대,1,출입구-승강장,1,2번 출입구 옆 엘리베이터 → 왕십리 방면,1F → 2F → 1F,6,2,0,"2번 출입구 옆 엘리베이터(으)로 1개 층 올라가기 (1F → 2F, 엘리베이터) → [2F] 대합실로 이동 → [2F] 왕십리 방면 엘리베이터 앞 표 내는 곳 통과 → 왕십리 방면 엘리베이터(으)로 1개 층 내려가기 (2F → 1F, 엘리베이터) → [1F] 왕십리 방면 승강장으로 이동 → [1F] 승차 (휠체어칸)","1. 2번 출입구 옆 엘리베이터(으)로 1개 층 올라가기 (1F → 2F, 엘리베이터) | 2. [2F] 대합실로 이동 | 3. [2F] 왕십리 방면 엘리베이터 앞 표 내는 곳 통과 | 4. 왕십리 방면 엘리베이터(으)로 1개 층 내려가기 (2F → 1F, 엘리베이터) | 5. [1F] 왕십리 방면 승강장으로 이동 | 6. [1F] 승차 (휠체어칸)"
S1_2_0588,2호선,한양대,1,출입구-승강장,2,2번 출입구 옆 엘리베이터 → 뚝섬 방면,1F → 2F → 1F,6,2,0,"2번 출입구 옆 엘리베이터(으)로 1개 층 올라가기 (1F → 2F, 엘리베이터) → [2F] 대합실로 이동 → [2F] 뚝섬 방면 엘리베이터 앞 표 내는 곳 통과 → 뚝섬 방면 엘리베이터(으)로 1개 층 내려가기 (2F → 1F, 엘리베이터) → [1F] 뚝섬 방면 승강장으로 이동 → [1F] 승차 (휠체어칸)","1. 2번 출입구 옆 엘리베이터(으)로 1개 층 올라가기 (1F → 2F, 엘리베이터) | 2. [2F] 대합실로 이동 | 3. [2F] 뚝섬 방면 엘리베이터 앞 표 내는 곳 통과 | 4. 뚝섬 방면 엘리베이터(으)로 1개 층 내려가기 (2F → 1F, 엘리베이터) | 5. [1F] 뚝섬 방면 승강장으로 이동 | 6. [1F] 승차 (휠체어칸)"
S1_2_0588,2호선,한양대,1,출입구-승강장,3,4번 출입구 옆 엘리베이터 → 왕십리 방면,1F → 2F → 1F,6,2,0,"4번 출입구 옆 엘리베이터(으)로 1개 층 올라가기 (1F → 2F, 엘리베이터) → [2F] 대합실로 이동 → [2F] 왕십리 방면 엘리베이터 앞 표 내는 곳 통과 → 왕십리 방면 엘리베이터(으)로 1개 층 내려가기 (2F → 1F, 엘리베이터) → [1F] 왕십리 방면 승강장으로 이동 → [1F] 승차 (휠체어칸)","1. 4번 출입구 옆 엘리베이터(으)로 1개 층 올라가기 (1F → 2F, 엘리베이터) | 2. [2F] 대합실로 이동 | 3. [2F] 왕십리 방면 엘리베이터 앞 표 내는 곳 통과 | 4. 왕십리 방면 엘리베이터(으)로 1개 층 내려가기 (2F → 1F, 엘리베이터) | 5. [1F] 왕십리 방면 승강장으로 이동 | 6. [1F] 승차 (휠체어칸)"
S1_2_0588,2호선,한양대,1,출입구-승강장,4,4번 출입구 옆 엘리베이터 → 뚝섬 방면,1F → 2F → 1F,6,2,0,"4번 출입구 옆 엘리베이터(으)로 1개 층 올라가기 (1F → 2F, 엘리베이터) → [2F] 대합실로 이동 → [2F] 뚝섬 방면 엘리베이터 앞 표 내는 곳 통과 → 뚝섬 방면 엘리베이터(으)로 1개 층 내려가기 (2F → 1F, 엘리베이터) → [1F] 뚝섬 방면 승강장으로 이동 → [1F] 승차 (휠체어칸)","1. 4번 출입구 옆 엘리베이터(으)로 1개 층 올라가기 (1F → 2F, 엘리베이터) | 2. [2F] 대합실로 이동 | 3. [2F] 뚝섬 방면 엘리베이터 앞 표 내는 곳 통과 | 4. 뚝섬 방면 엘리베이터(으)로 1개 층 내려가기 (2F → 1F, 엘리베이터) | 5. [1F] 뚝섬 방면 승강장으로 이동 | 6. [1F] 승차 (휠체어칸)"
S1_2_0441,2호선,왕십리,1,출입구-승강장,1,4번/5번 출입구 사이 엘리베이터 → 상왕십리 방면,1F → B1 → B2,6,2,0,"4번/5번 출입구 사이 엘리베이터(으)로 1개 층 내려가기 (1F → B1, 엘리베이터) → [B1] 대합실로 이동 → [B1] 상왕십리 방면 엘리베이터 앞 표 내는 곳 통과 → 상왕십리 방면 엘리베이터(으)로 1개 층 내려가기 (B1 → B2, 엘리베이터) → [B2] 상왕십리 방면 승강장으로 이동 → [B2] 승차 (휠체어칸)","1. 4번/5번 출입구 사이 엘리베이터(으)로 1개 층 내려가기 (1F → B1, 엘리베이터) | 2. [B1] 대합실로 이동 | 3. [B1] 상왕십리 방면 엘리베이터 앞 표 내는 곳 통과 | 4. 상왕십리 방면 엘리베이터(으)로 1개 층 내려가기 (B1 → B2, 엘리베이터) | 5. [B2] 상왕십리 방면 승강장으로 이동 | 6. [B2] 승차 (휠체어칸)"
S1_2_0441,2호선,왕십리,1,출입구-승강장,2,4번/5번 출입구 사이 엘리베이터 → 한양대 방면,1F → B1 → B2,6,2,0,"4번/5번 출입구 사이 엘리베이터(으)로 1개 층 내려가기 (1F → B1, 엘리베이터) → [B1] 대합실로 이동 → [B1] 6번 출입구 방향 표 내는 곳 통과 → 한양대 방면 엘리베이터(으)로 1개 층 내려가기 (B1 → B2, 엘리베이터) → [B2] 한양대 방면 승강장으로 이동 → [B2] 승차 (휠체어칸)","1. 4번/5번 출입구 사이 엘리베이터(으)로 1개 층 내려가기 (1F → B1, 엘리베이터) | 2. [B1] 대합실로 이동 | 3. [B1] 6번 출입구 방향 표 내는 곳 통과 | 4. 한양대 방면 엘리베이터(으)로 1개 층 내려가기 (B1 → B2, 엘리베이터) | 5. [B2] 한양대 방면 승강장으로 이동 | 6. [B2] 승차 (휠체어칸)"
S1_2_0441,2호선,왕십리,1,출입구-승강장,3,6-1번 출입구 옆 엘리베이터 → 상왕십리 방면,1F → B1 → B2,6,2,0,"6-1번 출입구 옆 엘리베이터(으)로 1개 층 내려가기 (1F → B1, 엘리베이터) → [B1] 대합실로 이동 → [B1] 상왕십리 방면 엘리베이터 앞 표 내는 곳 통과 → 상왕십리 방면 엘리베이터(으)로 1개 층 내려가기 (B1 → B2, 엘리베이터) → [B2] 상왕십리 방면 승강장으로 이동 → [B2] 승차 (휠체어칸)","1. 6-1번 출입구 옆 엘리베이터(으)로 1개 층 내려가기 (1F → B1, 엘리베이터) | 2. [B1] 대합실로 이동 | 3. [B1] 상왕십리 방면 엘리베이터 앞 표 내는 곳 통과 | 4. 상왕십리 방면 엘리베이터(으)로 1개 층 내려가기 (B1 → B2, 엘리베이터) | 5. [B2] 상왕십리 방면 승강장으로 이동 | 6. [B2] 승차 (휠체어칸)"
S1_2_0441,2호선,왕십리,1,출입구-승강장,4,6-1번 출입구 옆 엘리베이터 → 한양대 방면,1F → B1 → B2,6,2,0,"6-1번 출입구 옆 엘리베이터(으)로 1개 층 내려가기 (1F → B1, 엘리베이터) → [B1] 대합실로 이동 → [B1] 6번 출입구 방향 표 내는 곳 통과 → 한양대 방면 엘리베이터(으)로 1개 층 내려가기 (B1 → B2, 엘리베이터) → [B2] 한양대 방면 승강장으로 이동 → [B2] 승차 (휠체어칸)","1. 6-1번 출입구 옆 엘리베이터(으)로 1개 층 내려가기 (1F → B1, 엘리베이터) | 2. [B1] 대합실로 이동 | 3. [B1] 6번 출입구 방향 표 내는 곳 통과 | 4. 한양대 방면 엘리베이터(으)로 1개 층 내려가기 (B1 → B2, 엘리베이터) | 5. [B2] 한양대 방면 승강장으로 이동 | 6. [B2] 승차 (휠체어칸)"
S1_2_0441,2호선,왕십리,3,환승,1,2호선 상왕십리 방면 → 5호선 행당 방면,B2 → B4 → B5,7,2,0,"[B2] 2호선 상왕십리 방면 승강장 하차 → [B2] 환승대합실로 이동 → 5호선 방향 엘리베이터(으)로 2개 층 내려가기 (B2 → B4, 엘리베이터) → [B4] 5호선 대합실로 이동 → 5호선 행당 방면 엘리베이터(으)로 1개 층 내려가기 (B4 → B5, 엘리베이터) → [B5] 5호선 행당 방면 승강장으로 이동 → [B5] 승차 (휠체어칸)","1. [B2] 2호선 상왕십리 방면 승강장 하차 | 2. [B2] 환승대합실로 이동 | 3. 5호선 방향 엘리베이터(으)로 2개 층 내려가기 (B2 → B4, 엘리베이터) | 4. [B4] 5호선 대합실로 이동 | 5. 5호선 행당 방면 엘리베이터(으)로 1개 층 내려가기 (B4 → B5, 엘리베이터) | 6. [B5] 5호선 행당 방면 승강장으로 이동 | 7. [B5] 승차 (휠체어칸)"
S1_2_0441,2호선,왕십리,3,환승,2,2호선 상왕십리 방면 → 5호선 마장 방면,B2 → B4 → B5,7,2,0,"[B2] 2호선 상왕십리 방면 승강장 하차 → [B2] 환승대합실로 이동 → 5호선 방향 엘리베이터(으)로 2개 층 내려가기 (B2 → B4, 엘리베이터) → [B4] 5호선 대합실로 이동 → 5호선 마장 방면 엘리베이터(으)로 1개 층 내려가기 (B4 → B5, 엘리베이터) → [B5] 5호선 마장 방면 승강장으로 이동 → [B5] 승차 (휠체어칸)","1. [B2] 2호선 상왕십리 방면 승강장 하차 | 2. [B2] 환승대합실로 이동 | 3. 5호선 방향 엘리베이터(으)로 2개 층 내려가기 (B2 → B4, 엘리베이터) | 4. [B4] 5호선 대합실로 이동 | 5. 5호선 마장 방면 엘리베이터(으)로 1개 층 내려가기 (B4 → B5, 엘리베이터) | 6. [B5] 5호선 마장 방면 승강장으로 이동 | 7. [B5] 승차 (휠체어칸)"
S1_2_0441,2호선,왕십리,3,환승,3,2호선 한양대 방면 → 5호선 행당 방면,B2 → B1 → B2 → B4 → B5,10,4,0,"[B2] 2호선 한양대 방면 승강장 하차 → 환승대합실 방향 엘리베이터(으)로 1개 층 올라가기 (B2 → B1, 엘리베이터) → [B1] 환승대합실로 이동 → 2호선 상왕십리 방면 엘리베이터(으)로 1개 층 내려가기 (B1 → B2, 엘리베이터) → [B2] 환승대합실로 이동 → 5호선 방향 엘리베이터(으)로 2개 층 내려가기 (B2 → B4, 엘리베이터) → [B4] 5호선 대합실로 이동 → 5호선 행당 방면 엘리베이터(으)로 1개 층 내려가기 (B4 → B5, 엘리베이터) → [B5] 5호선 행당 방면 승강장으로 이동 → [B5] 승차 (휠체어칸)","1. [B2] 2호선 한양대 방면 승강장 하차 | 2. 환승대합실 방향 엘리베이터(으)로 1개 층 올라가기 (B2 → B1, 엘리베이터) | 3. [B1] 환승대합실로 이동 | 4. 2호선 상왕십리 방면 엘리베이터(으)로 1개 층 내려가기 (B1 → B2, 엘리베이터) | 5. [B2] 환승대합실로 이동 | 6. 5호선 방향 엘리베이터(으)로 2개 층 내려가기 (B2 → B4, 엘리베이터) | 7. [B4] 5호선 대합실로 이동 | 8. 5호선 행당 방면 엘리베이터(으)로 1개 층 내려가기 (B4 → B5, 엘리베이터) | 9. [B5] 5호선 행당 방면 승강장으로 이동 | 10. [B5] 승차 (휠체어칸)"
S1_2_0441,2호선,왕십리,3,환승,4,2호선 한양대 방면 → 5호선 마장 방면,B2 → B1 → B2 → B4 → B5,10,4,0,"[B2] 2호선 한양대 방면 승강장 하차 → 환승대합실 방향 엘리베이터(으)로 1개 층 올라가기 (B2 → B1, 엘리베이터) → [B1] 환승대합실로 이동 → 2호선 상왕십리 방면 엘리베이터(으)로 1개 층 내려가기 (B1 → B2, 엘리베이터) → [B2] 환승대합실로 이동 → 5호선 방향 엘리베이터(으)로 2개 층 내려가기 (B2 → B4, 엘리베이터) → [B4] 5호선 대합실로 이동 → 5호선 마장 방면 엘리베이터(으)로 1개 층 내려가기 (B4 → B5, 엘리베이터) → [B5] 5호선 마장 방면 승강장으로 이동 → [B5] 승차 (휠체어칸)","1. [B2] 2호선 한양대 방면 승강장 하차 | 2. 환승대합실 방향 엘리베이터(으)로 1개 층 올라가기 (B2 → B1, 엘리베이터) | 3. [B1] 환승대합실로 이동 | 4. 2호선 상왕십리 방면 엘리베이터(으)로 1개 층 내려가기 (B1 → B2, 엘리베이터) | 5. [B2] 환승대합실로 이동 | 6. 5호선 방향 엘리베이터(으)로 2개 층 내려가기 (B2 → B4, 엘리베이터) | 7. [B4] 5호선 대합실로 이동 | 8. 5호선 마장 방면 엘리베이터(으)로 1개 층 내려가기 (B4 → B5, 엘리베이터) | 9. [B5] 5호선 마장 방면 승강장으로 이동 | 10. [B5] 승차 (휠체어칸)"
S1_2_0441,2호선,왕십리,3,환승,5,2호선 상왕십리 방면 → 수인분당선 청량리 방면,B2 → B1 → 1F,6,2,0,"[B2] 2호선 상왕십리 방면 승강장 하차 → 환승대합실 방향 엘리베이터(으)로 1개 층 올라가기 (B2 → B1, 엘리베이터) → [B1] 환승대합실로 이동 → 수인분당선 승강장 방향 엘리베이터(으)로 1개 층 올라가기 (B1 → 1F, 엘리베이터) → [1F] 수인분당선 청량리 방면 승강장으로 이동 → [1F] 승차 (휠체어칸)","1. [B2] 2호선 상왕십리 방면 승강장 하차 | 2. 환승대합실 방향 엘리베이터(으)로 1개 층 올라가기 (B2 → B1, 엘리베이터) | 3. [B1] 환승대합실로 이동 | 4. 수인분당선 승강장 방향 엘리베이터(으)로 1개 층 올라가기 (B1 → 1F, 엘리베이터) | 5. [1F] 수인분당선 청량리 방면 승강장으로 이동 | 6. [1F] 승차 (휠체어칸)"
S1_2_0441,2호선,왕십리,3,환승,6,2호선 상왕십리 방면 → 수인분당선 서울숲 방면,B2 → B1 → 1F,6,2,0,"[B2] 2호선 상왕십리 방면 승강장 하차 → 환승대합실 방향 엘리베이터(으)로 1개 층 올라가기 (B2 → B1, 엘리베이터) → [B1] 환승대합실로 이동 → 수인분당선 승강장 방향 엘리베이터(으)로 1개 층 올라가기 (B1 → 1F, 엘리베이터) → [1F] 수인분당선 서울숲 방면 승강장으로 이동 → [1F] 승차 (휠체어칸)","1. [B2] 2호선 상왕십리 방면 승강장 하차 | 2. 환승대합실 방향 엘리베이터(으)로 1개 층 올라가기 (B2 → B1, 엘리베이터) | 3. [B1] 환승대합실로 이동 | 4. 수인분당선 승강장 방향 엘리베이터(으)로 1개 층 올라가기 (B1 → 1F, 엘리베이터) | 5. [1F] 수인분당선 서울숲 방면 승강장으로 이동 | 6. [1F] 승차 (휠체어칸)"
S1_2_0441,2호선,왕십리,3,환승,7,2호선 한양대 방면 → 수인분당선 청량리 방면,B2 → B1 → 1F,6,2,0,"[B2] 2호선 한양대 방면 승강장 하차 → 환승대합실 방향 엘리베이터(으)로 1개 층 올라가기 (B2 → B1, 엘리베이터) → [B1] 환승대합실로 이동 → 수인분당선 승강장 방향 엘리베이터(으)로 1개 층 올라가기 (B1 → 1F, 엘리베이터) → [1F] 수인분당선 청량리 방면 승강장으로 이동 → [1F] 승차 (휠체어칸)","1. [B2] 2호선 한양대 방면 승강장 하차 | 2. 환승대합실 방향 엘리베이터(으)로 1개 층 올라가기 (B2 → B1, 엘리베이터) | 3. [B1] 환승대합실로 이동 | 4. 수인분당선 승강장 방향 엘리베이터(으)로 1개 층 올라가기 (B1 → 1F, 엘리베이터) | 5. [1F] 수인분당선 청량리 방면 승강장으로 이동 | 6. [1F] 승차 (휠체어칸)"
S1_2_0441,2호선,왕십리,3,환승,8,2호선 한양대 방면 → 수인분당선 서울숲 방면,B2 → B1 → 1F,6,2,0,"[B2] 2호선 한양대 방면 승강장 하차 → 환승대합실 방향 엘리베이터(으)로 1개 층 올라가기 (B2 → B1, 엘리베이터) → [B1] 환승대합실로 이동 → 수인분당선 승강장 방향 엘리베이터(으)로 1개 층 올라가기 (B1 → 1F, 엘리베이터) → [1F] 수인분당선 서울숲 방면 승강장으로 이동 → [1F] 승차 (휠체어칸)","1. [B2] 2호선 한양대 방면 승강장 하차 | 2. 환승대합실 방향 엘리베이터(으)로 1개 층 올라가기 (B2 → B1, 엘리베이터) | 3. [B1] 환승대합실로 이동 | 4. 수인분당선 승강장 방향 엘리베이터(으)로 1개 층 올라가기 (B1 → 1F, 엘리베이터) | 5. [1F] 수인분당선 서울숲 방면 승강장으로 이동 | 6. [1F] 승차 (휠체어칸)"
S1_2_0441,2호선,왕십리,3,환승,9,2호선 상왕십리 방면 → 경의중앙선 응봉 방면,B2 → B1 → 1F,6,2,0,"[B2] 2호선 상왕십리 방면 승강장 하차 → 환승대합실 방향 엘리베이터(으)로 1개 층 올라가기 (B2 → B1, 엘리베이터) → [B1] 환승대합실로 이동 → 경의중앙선 승강장 방향 엘리베이터(으)로 1개 층 올라가기 (B1 → 1F, 엘리베이터) → [1F] 경의중앙선 응봉 방면 승강장으로 이동 → [1F] 승차 (휠체어칸)","1. [B2] 2호선 상왕십리 방면 승강장 하차 | 2. 환승대합실 방향 엘리베이터(으)로 1개 층 올라가기 (B2 → B1, 엘리베이터) | 3. [B1] 환승대합실로 이동 | 4. 경의중앙선 승강장 방향 엘리베이터(으)로 1개 층 올라가기 (B1 → 1F, 엘리베이터) | 5. [1F] 경의중앙선 응봉 방면 승강장으로 이동 | 6. [1F] 승차 (휠체어칸)"
S1_2_0441,2호선,왕십리,3,환승,10,2호선 상왕십리 방면 → 경의중앙선 청량리 방면,B2 → B1 → 1F,6,2,0,"[B2] 2호선 상왕십리 방면 승강장 하차 → 환승대합실 방향 엘리베이터(으)로 1개 층 올라가기 (B2 → B1, 엘리베이터) → [B1] 환승대합실로 이동 → 경의중앙선 승강장 방향 엘리베이터(으)로 1개 층 올라가기 (B1 → 1F, 엘리베이터) → [1F] 경의중앙선 청량리 방면 승강장으로 이동 → [1F] 승차 (휠체어칸)","1. [B2] 2호선 상왕십리 방면 승강장 하차 | 2. 환승대합실 방향 엘리베이터(으)로 1개 층 올라가기 (B2 → B1, 엘리베이터) | 3. [B1] 환승대합실로 이동 | 4. 경의중앙선 승강장 방향 엘리베이터(으)로 1개 층 올라가기 (B1 → 1F, 엘리베이터) | 5. [1F] 경의중앙선 청량리 방면 승강장으로 이동 | 6. [1F] 승차 (휠체어칸)"
S1_2_0441,2호선,왕십리,3,환승,11,2호선 한양대 방면 → 경의중앙선 응봉 방면,B2 → B1 → 1F,6,2,0,"[B2] 2호선 한양대 방면 승강장 하차 → 환승대합실 방향 엘리베이터(으)로 1개 층 올라가기 (B2 → B1, 엘리베이터) → [B1] 환승대합실로 이동 → 경의중앙선 승강장 방향 엘리베이터(으)로 1개 층 올라가기 (B1 → 1F, 엘리베이터) → [1F] 경의중앙선 응봉 방면 승강장으로 이동 → [1F] 승차 (휠체어칸)","1. [B2] 2호선 한양대 방면 승강장 하차 | 2. 환승대합실 방향 엘리베이터(으)로 1개 층 올라가기 (B2 → B1, 엘리베이터) | 3. [B1] 환승대합실로 이동 | 4. 경의중앙선 승강장 방향 엘리베이터(으)로 1개 층 올라가기 (B1 → 1F, 엘리베이터) | 5. [1F] 경의중앙선 응봉 방면 승강장으로 이동 | 6. [1F] 승차 (휠체어칸)"
S1_2_0441,2호선,왕십리,3,환승,12,2호선 한양대 방면 → 경의중앙선 청량리 방면,B2 → B1 → 1F,6,2,0,"[B2] 2호선 한양대 방면 승강장 하차 → 환승대합실 방향 엘리베이터(으)로 1개 층 올라가기 (B2 → B1, 엘리베이터) → [B1] 환승대합실로 이동 → 경의중앙선 승강장 방향 엘리베이터(으)로 1개 층 올라가기 (B1 → 1F, 엘리베이터) → [1F] 경의중앙선 청량리 방면 승강장으로 이동 → [1F] 승차 (휠체어칸)","1. [B2] 2호선 한양대 방면 승강장 하차 | 2. 환승대합실 방향 엘리베이터(으)로 1개 층 올라가기 (B2 → B1, 엘리베이터) | 3. [B1] 환승대합실로 이동 | 4. 경의중앙선 승강장 방향 엘리베이터(으)로 1개 층 올라가기 (B1 → 1F, 엘리베이터) | 5. [1F] 경의중앙선 청량리 방면 승강장으로 이동 | 6. [1F] 승차 (휠체어칸)"
S1_2_0279,2호선,상왕십리,1,출입구-승강장,1,1-1번 출입구 옆 엘리베이터 → 신당 방면 승강장,1F → B1 → B2,6,2,0,"1-1번 출입구 옆 엘리베이터(으)로 1개 층 내려가기 (1F → B1, 엘리베이터) → [B1] 대합실로 이동 → [B1] 신당 방면 엘리베이터 앞 표 내는 곳 통과 → 신당 방면 엘리베이터(으)로 1개 층 내려가기 (B1 → B2, 엘리베이터) → [B2] 신당 방면 승강장으로 이동 → [B2] 승차 (휠체어칸)","1. 1-1번 출입구 옆 엘리베이터(으)로 1개 층 내려가기 (1F → B1, 엘리베이터) | 2. [B1] 대합실로 이동 | 3. [B1] 신당 방면 엘리베이터 앞 표 내는 곳 통과 | 4. 신당 방면 엘리베이터(으)로 1개 층 내려가기 (B1 → B2, 엘리베이터) | 5. [B2] 신당 방면 승강장으로 이동 | 6. [B2] 승차 (휠체어칸)"
S1_2_0279,2호선,상왕십리,1,출입구-승강장,2,1-1번 출입구 옆 엘리베이터 → 왕십리 방면 승강장,1F → B1 → B2,6,2,0,"1-1번 출입구 옆 엘리베이터(으)로 1개 층 내려가기 (1F → B1, 엘리베이터) → [B1] 대합실로 이동 → [B1] 왕십리 방면 엘리베이터 앞 표 내는 곳 통과 → 왕십리 방면 엘리베이터(으)로 1개 층 내려가기 (B1 → B2, 엘리베이터) → [B2] 왕십리 방면 승강장으로 이동 → [B2] 승차 (휠체어칸)","1. 1-1번 출입구 옆 엘리베이터(으)로 1개 층 내려가기 (1F → B1, 엘리베이터) | 2. [B1] 대합실로 이동 | 3. [B1] 왕십리 방면 엘리베이터 앞 표 내는 곳 통과 | 4. 왕십리 방면 엘리베이터(으)로 1개 층 내려가기 (B1 → B2, 엘리베이터) | 5. [B2] 왕십리 방면 승강장으로 이동 | 6. [B2] 승차 (휠체어칸)"
S1_2_0356,2호선,신당,1,출입구-승강장,1,2번 출입구 옆 엘리베이터 → 동대문역사문화공원 방면 승강장,1F → B1 → B2,6,2,0,"2번 출입구 옆 엘리베이터(으)로 1개 층 내려가기 (1F → B1, 엘리베이터) → [B1] 대합실로 이동 → [B1] 동대문역사문화공원 방면 엘리베이터 앞 표 내는 곳 통과 → 동대문역사문화공원 방면 엘리베이터(으)로 1개 층 내려가기 (B1 → B2, 엘리베이터) → [B2] 동대문역사문화공원 방면 승강장으로 이동 → [B2] 승차 (휠체어칸)","1. 2번 출입구 옆 엘리베이터(으)로 1개 층 내려가기 (1F → B1, 엘리베이터) | 2. [B1] 대합실로 이동 | 3. [B1] 동대문역사문화공원 방면 엘리베이터 앞 표 내는 곳 통과 | 4. 동대문역사문화공원 방면 엘리베이터(으)로 1개 층 내려가기 (B1 → B2, 엘리베이터) | 5. [B2] 동대문역사문화공원 방면 승강장으로 이동 | 6. [B2] 승차 (휠체어칸)"
S1_2_0356,2호선,신당,1,출입구-승강장,2,2번 출입구 옆 엘리베이터 → 상왕십리 방면 승강장,1F → B1 → B2,6,2,0,"2번 출입구 옆 엘리베이터(으)로 1개 층 내려가기 (1F → B1, 엘리베이터) → [B1] 대합실로 이동 → [B1] 상왕십리 방면 엘리베이터 앞 표 내는 곳 통과 → 상왕십리 방면 엘리베이터(으)로 1개 층 내려가기 (B1 → B2, 엘리베이터) → [B2] 상왕십리 방면 승강장으로 이동 → [B2] 승차 (휠체어칸)","1. 2번 출입구 옆 엘리베이터(으)로 1개 층 내려가기 (1F → B1, 엘리베이터) | 2. [B1] 대합실로 이동 | 3. [B1] 상왕십리 방면 엘리베이터 앞 표 내는 곳 통과 | 4. 상왕십리 방면 엘리베이터(으)로 1개 층 내려가기 (B1 → B2, 엘리베이터) | 5. [B2] 상왕십리 방면 승강장으로 이동 | 6. [B2] 승차 (휠체어칸)"
S1_2_0356,2호선,신당,3,환승,1,2호선 동대문역사문화공원 방면 → 6호선 청구 방면,B2 → B1 → B2 → B3,8,0,0,"[B2] 2호선 동대문역사문화공원 방면 승강장 하차 → 환승통로 방향 휠체어리프트(으)로 1개 층 올라가기 (B2 → B1, 휠체어리프트) → [B1] 6호선 방향 환승통로로 이동 → 휠체어리프트(으)로 1개 층 내려가기 (B1 → B2, 휠체어리프트) → [B2] 6호선 대합실로 이동 → 휠체어리프트(으)로 1개 층 내려가기 (B2 → B3, 휠체어리프트) → [B3] 6호선 청구 방면 승강장으로 이동 → [B3] 승차 (휠체어칸)","1. [B2] 2호선 동대문역사문화공원 방면 승강장 하차 | 2. 환승통로 방향 휠체어리프트(으)로 1개 층 올라가기 (B2 → B1, 휠체어리프트) | 3. [B1] 6호선 방향 환승통로로 이동 | 4. 휠체어리프트(으)로 1개 층 내려가기 (B1 → B2, 휠체어리프트) | 5. [B2] 6호선 대합실로 이동 | 6. 휠체어리프트(으)로 1개 층 내려가기 (B2 → B3, 휠체어리프트) | 7. [B3] 6호선 청구 방면 승강장으로 이동 | 8. [B3] 승차 (휠체어칸)"
S1_2_0356,2호선,신당,3,환승,2,2호선 동대문역사문화공원 방면 → 6호선 동묘앞 방면,B2 → B1 → B2 → B3,8,0,0,"[B2] 2호선 동대문역사문화공원 방면 승강장 하차 → 환승통로 방향 휠체어리프트(으)로 1개 층 올라가기 (B2 → B1, 휠체어리프트) → [B1] 6호선 방향 환승통로로 이동 → 휠체어리프트(으)로 1개 층 내려가기 (B1 → B2, 휠체어리프트) → [B2] 6호선 대합실로 이동 → 휠체어리프트(으)로 1개 층 내려가기 (B2 → B3, 휠체어리프트) → [B3] 6호선 동묘앞 방면 승강장으로 이동 → [B3] 승차 (휠체어칸)","1. [B2] 2호선 동대문역사문화공원 방면 승강장 하차 | 2. 환승통로 방향 휠체어리프트(으)로 1개 층 올라가기 (B2 → B1, 휠체어리프트) | 3. [B1] 6호선 방향 환승통로로 이동 | 4. 휠체어리프트(으)로 1개 층 내려가기 (B1 → B2, 휠체어리프트) | 5. [B2] 6호선 대합실로 이동 | 6. 휠체어리프트(으)로 1개 층 내려가기 (B2 → B3, 휠체어리프트) | 7. [B3] 6호선 동묘앞 방면 승강장으로 이동 | 8. [B3] 승차 (휠체어칸)"
S1_2_0356,2호선,신당,3,환승,3,2호선 상왕십리 방면 → 6호선 청구 방면,B2 → B1 → B2 → B3,8,0,0,"[B2] 2호선 상왕십리 방면 승강장 하차 → 환승통로 방향 휠체어리프트(으)로 1개 층 올라가기 (B2 → B1, 휠체어리프트) → [B1] 6호선 방향 환승통로로 이동 → 휠체어리프트(으)로 1개 층 내려가기 (B1 → B2, 휠체어리프트) → [B2] 6호선 대합실로 이동 → 휠체어리프트(으)로 1개 층 내려가기 (B2 → B3, 휠체어리프트) → [B3] 6호선 청구 방면 승강장으로 이동 → [B3] 승차 (휠체어칸)","1. [B2] 2호선 상왕십리 방면 승강장 하차 | 2. 환승통로 방향 휠체어리프트(으)로 1개 층 올라가기 (B2 → B1, 휠체어리프트) | 3. [B1] 6호선 방향 환승통로로 이동 | 4. 휠체어리프트(으)로 1개 층 내려가기 (B1 → B2, 휠체어리프트) | 5. [B2] 6호선 대합실로 이동 | 6. 휠체어리프트(으)로 1개 층 내려가기 (B2 → B3, 휠체어리프트) | 7. [B3] 6호선 청구 방면 승강장으로 이동 | 8. [B3] 승차 (휠체어칸)"
S1_2_0356,2호선,신당,3,환승,4,2호선 상왕십리 방면 → 6호선 동묘앞 방면,B2 → B1 → B2 → B3,8,0,0,"[B2] 2호선 상왕십리 방면 승강장 하차 → 환승통로 방향 휠체어리프트(으)로 1개 층 올라가기 (B2 → B1, 휠체어리프트) → [B1] 6호선 방향 환승통로로 이동 → 휠체어리프트(으)로 1개 층 내려가기 (B1 → B2, 휠체어리프트) → [B2] 6호선 대합실로 이동 → 휠체어리프트(으)로 1개 층 내려가기 (B2 → B3, 휠체어리프트) → [B3] 6호선 동묘앞 방면 승강장으로 이동 → [B3] 승차 (휠체어칸)","1. [B2] 2호선 상왕십리 방면 승강장 하차 | 2. 환승통로 방향 휠체어리프트(으)로 1개 층 올라가기 (B2 → B1, 휠체어리프트) | 3. [B1] 6호선 방향 환승통로로 이동 | 4. 휠체어리프트(으)로 1개 층 내려가기 (B1 → B2, 휠체어리프트) | 5. [B2] 6호선 대합실로 이동 | 6. 휠체어리프트(으)로 1개 층 내려가기 (B2 → B3, 휠체어리프트) | 7. [B3] 6호선 동묘앞 방면 승강장으로 이동 | 8. [B3] 승차 (휠체어칸)"
S1_2_0156,2호선,동대문역사문화공원,1,출입구-승강장,1,1번 출입구 옆 엘리베이터 → 을지로4가 방면 승강장,1F → B1 → B2,6,2,0,"1번 출입구 옆 엘리베이터(으)로 1개 층 내려가기 (1F → B1, 엘리베이터) → [B1] 대합실로 이동 → [B1] 표 내는 곳 통과 → 을지로4가 방면 엘리베이터(으)로 1개 층 내려가기 (B1 → B2, 엘리베이터) → [B2] 을지로4가 방면 승강장으로 이동 → [B2] 승차 (휠체어칸)","1. 1번 출입구 옆 엘리베이터(으)로 1개 층 내려가기 (1F → B1, 엘리베이터) | 2. [B1] 대합실로 이동 | 3. [B1] 표 내는 곳 통과 | 4. 을지로4가 방면 엘리베이터(으)로 1개 층 내려가기 (B1 → B2, 엘리베이터) | 5. [B2] 을지로4가 방면 승강장으로 이동 | 6. [B2] 승차 (휠체어칸)"
S1_2_0156,2호선,동대문역사문화공원,1,출입구-승강장,2,1번 출입구 옆 엘리베이터 → 신당 방면 승강장,1F → B1 → B2,6,2,0,"1번 출입구 옆 엘리베이터(으)로 1개 층 내려가기 (1F → B1, 엘리베이터) → [B1] 대합실로 이동 → [B1] 표 내는 곳 통과 → 신당 방면 엘리베이터(으)로 1개 층 내려가기 (B1 → B2, 엘리베이터) → [B2] 신당 방면 승강장으로 이동 → [B2] 승차 (휠체어칸)","1. 1번 출입구 옆 엘리베이터(으)로 1개 층 내려가기 (1F → B1, 엘리베이터) | 2. [B1] 대합실로 이동 | 3. [B1] 표 내는 곳 통과 | 4. 신당 방면 엘리베이터(으)로 1개 층 내려가기 (B1 → B2, 엘리베이터) | 5. [B2] 신당 방면 승강장으로 이동 | 6. [B2] 승차 (휠체어칸)"
S1_2_0156,2호선,동대문역사문화공원,3,환승,1,2호선 을지로4가 방면 → 4호선 동대문 방면,B2 → B1 → B3,7,2,0,"[B2] 2호선 을지로4가 방면 승강장 하차 → 대합실 방향 엘리베이터(으)로 1개 층 올라가기 (B2 → B1, 엘리베이터) → [B1] 대합실로 이동 → [B1] 4호선 대합실로 이동 → 4호선 승강장 방향 엘리베이터(으)로 2개 층 내려가기 (B1 → B3, 엘리베이터) → [B3] 4호선 동대문 방면 승강장으로 이동 → [B3] 승차 (휠체어칸)","1. [B2] 2호선 을지로4가 방면 승강장 하차 | 2. 대합실 방향 엘리베이터(으)로 1개 층 올라가기 (B2 → B1, 엘리베이터) | 3. [B1] 대합실로 이동 | 4. [B1] 4호선 대합실로 이동 | 5. 4호선 승강장 방향 엘리베이터(으)로 2개 층 내려가기 (B1 → B3, 엘리베이터) | 6. [B3] 4호선 동대문 방면 승강장으로 이동 | 7. [B3] 승차 (휠체어칸)"
S1_2_0156,2호선,동대문역사문화공원,3,환승,2,2호선 을지로4가 방면 → 4호선 충무로 방면,B2 → B1 → B3,7,2,0,"[B2] 2호선 을지로4가 방면 승강장 하차 → 대합실 방향 엘리베이터(으)로 1개 층 올라가기 (B2 → B1, 엘리베이터) → [B1] 대합실로 이동 → [B1] 4호선 대합실로 이동 → 4호선 승강장 방향 엘리베이터(으)로 2개 층 내려가기 (B1 → B3, 엘리베이터) → [B3] 4호선 충무로 방면 승강장으로 이동 → [B3] 승차 (휠체어칸)","1. [B2] 2호선 을지로4가 방면 승강장 하차 | 2. 대합실 방향 엘리베이터(으)로 1개 층 올라가기 (B2 → B1, 엘리베이터) | 3. [B1] 대합실로 이동 | 4. [B1] 4호선 대합실로 이동 | 5. 4호선 승강장 방향 엘리베이터(으)로 2개 층 내려가기 (B1 → B3, 엘리베이터) | 6. [B3] 4호선 충무로 방면 승강장으로 이동 | 7. [B3] 승차 (휠체어칸)"
S1_2_0156,2호선,동대문역사문화공원,3,환승,3,2호선 신당 방면 → 4호선 동대문 방면,B2 → B1 → B3,7,2,0,"[B2] 2호선 신당 방면 승강장 하차 → 대합실 방향 엘리베이터(으)로 1개 층 올라가기 (B2 → B1, 엘리베이터) → [B1] 대합실로 이동 → [B1] 4호선 대합실로 이동 → 4호선 승강장 방향 엘리베이터(으)로 2개 층 내려가기 (B1 → B3, 엘리베이터) → [B3] 4호선 동대문 방면 승강장으로 이동 → [B3] 승차 (휠체어칸)","1. [B2] 2호선 신당 방면 승강장 하차 | 2. 대합실 방향 엘리베이터(으)로 1개 층 올라가기 (B2 → B1, 엘리베이터) | 3. [B1] 대합실로 이동 | 4. [B1] 4호선 대합실로 이동 | 5. 4호선 승강장 방향 엘리베이터(으)로 2개 층 내려가기 (B1 → B3, 엘리베이터) | 6. [B3] 4호선 동대문 방면 승강장으로 이동 | 7. [B3] 승차 (휠체어칸)"
S1_2_0156,2호선,동대문역사문화공원,3,환승,4,2호선 신당 방면 → 4호선 충무로 방면,B2 → B1 → B3,7,2,0,"[B2] 2호선 신당 방면 승강장 하차 → 대합실 방향 엘리베이터(으)로 1개 층 올라가기 (B2 → B1, 엘리베이터) → [B1] 대합실로 이동 → [B1] 4호선 대합실로 이동 → 4호선 승강장 방향 엘리베이터(으)로 2개 층 내려가기 (B1 → B3, 엘리베이터) → [B3] 4호선 충무로 방면 승강장으로 이동 → [B3] 승차 (휠체어칸)","1. [B2] 2호선 신당 방면 승강장 하차 | 2. 대합실 방향 엘리베이터(으)로 1개 층 올라가기 (B2 → B1, 엘리베이터) | 3. [B1] 대합실로 이동 | 4. [B1] 4호선 대합실로 이동 | 5. 4호선 승강장 방향 엘리베이터(으)로 2개 층 내려가기 (B1 → B3, 엘리베이터) | 6. [B3] 4호선 충무로 방면 승강장으로 이동 | 7. [B3] 승차 (휠체어칸)"
S1_2_0156,2호선,동대문역사문화공원,3,환승,5,2호선 을지로4가 방면 → 5호선 을지로4가 방면,B2 → B1 → B3 → B5,9,3,0,"[B2] 2호선 을지로4가 방면 승강장 하차 → 대합실 방향 엘리베이터(으)로 1개 층 올라가기 (B2 → B1, 엘리베이터) → [B1] 대합실로 이동 → [B1] 4호선 대합실로 이동 → 4호선 승강장 방향 엘리베이터(으)로 2개 층 내려가기 (B1 → B3, 엘리베이터) → [B3] 4호선 승강장으로 이동 → 5호선 승강장 방향 엘리베이터(으)로 2개 층 내려가기 (B3 → B5, 엘리베이터) → [B5] 5호선 을지로4가 방면 승강장으로 이동 → [B5] 승차 (휠체어칸)","1. [B2] 2호선 을지로4가 방면 승강장 하차 | 2. 대합실 방향 엘리베이터(으)로 1개 층 올라가기 (B2 → B1, 엘리베이터) | 3. [B1] 대합실로 이동 | 4. [B1] 4호선 대합실로 이동 | 5. 4호선 승강장 방향 엘리베이터(으)로 2개 층 내려가기 (B1 → B3, 엘리베이터) | 6. [B3] 4호선 승강장으로 이동 | 7. 5호선 승강장 방향 엘리베이터(으)로 2개 층 내려가기 (B3 → B5, 엘리베이터) | 8. [B5] 5호선 을지로4가 방면 승강장으로 이동 | 9. [B5] 승차 (휠체어칸)"
S1_2_0156,2호선,동대문역사문화공원,3,환승,6,2호선 을지로4가 방면 → 5호선 청구 방면,B2 → B1 → B3 → B5,9,3,0,"[B2] 2호선 을지로4가 방면 승강장 하차 → 대합실 방향 엘리베이터(으)로 1개 층 올라가기 (B2 → B1, 엘리베이터) → [B1] 대합실로 이동 → [B1] 4호선 대합실로 이동 → 4호선 승강장 방향 엘리베이터(으)로 2개 층 내려가기 (B1 → B3, 엘리베이터) → [B3] 4호선 승강장으로 이동 → 5호선 승강장 방향 엘리베이터(으)로 2개 층 내려가기 (B3 → B5, 엘리베이터) → [B5] 5호선 청구 방면 승강장으로 이동 → [B5] 승차 (휠체어칸)","1. [B2] 2호선 을지로4가 방면 승강장 하차 | 2. 대합실 방향 엘리베이터(으)로 1개 층 올라가기 (B2 → B1, 엘리베이터) | 3. [B1] 대합실로 이동 | 4. [B1] 4호선 대합실로 이동 | 5. 4호선 승강장 방향 엘리베이터(으)로 2개 층 내려가기 (B1 → B3, 엘리베이터) | 6. [B3] 4호선 승강장으로 이동 | 7. 5호선 승강장 방향 엘리베이터(으)로 2개 층 내려가기 (B3 → B5, 엘리베이터) | 8. [B5] 5호선 청구 방면 승강장으로 이동 | 9. [B5] 승차 (휠체어칸)"
S1_2_0156,2호선,동대문역사문화공원,3,환승,7,2호선 신당 방면 → 5호선 을지로4가 방면,B2 → B1 → B3 → B5,9,3,0,"[B2] 2호선 신당 방면 승강장 하차 → 대합실 방향 엘리베이터(으)로 1개 층 올라가기 (B2 → B1, 엘리베이터) → [B1] 대합실로 이동 → [B1] 4호선 대합실로 이동 → 4호선 승강장 방향 엘리베이터(으)로 2개 층 내려가기 (B1 → B3, 엘리베이터) → [B3] 4호선 승강장으로 이동 → 5호선 승강장 방향 엘리베이터(으)로 2개 층 내려가기 (B3 → B5, 엘리베이터) → [B5] 5호선 을지로4가 방면 승강장으로 이동 → [B5] 승차 (휠체어칸)","1. [B2] 2호선 신당 방면 승강장 하차 | 2. 대합실 방향 엘리베이터(으)로 1개 층 올라가기 (B2 → B1, 엘리베이터) | 3. [B1] 대합실로 이동 | 4. [B1] 4호선 대합실로 이동 | 5. 4호선 승강장 방향 엘리베이터(으)로 2개 층 내려가기 (B1 → B3, 엘리베이터) | 6. [B3] 4호선 승강장으로 이동 | 7. 5호선 승강장 방향 엘리베이터(으)로 2개 층 내려가기 (B3 → B5, 엘리베이터) | 8. [B5] 5호선 을지로4가 방면 승강장으로 이동 | 9. [B5] 승차 (휠체어칸)"
S1_2_0156,2호선,동대문역사문화공원,3,환승,8,2호선 신당 방면 → 5호선 청구 방면,B2 → B1 → B3 → B5,9,3,0,"[B2] 2호선 신당 방면 승강장 하차 → 대합실 방향 엘리베이터(으)로 1개 층 올라가기 (B2 → B1, 엘리베이터) → [B1] 대합실로 이동 → [B1] 4호선 대합실로 이동 → 4호선 승강장 방향 엘리베이터(으)로 2개 층 내려가기 (B1 → B3, 엘리베이터) → [B3] 4호선 승강장으로 이동 → 5호선 승강장 방향 엘리베이터(으)로 2개 층 내려가기 (B3 → B5, 엘리베이터) → [B5] 5호선 청구 방면 승강장으로 이동 → [B5] 승차 (휠체어칸)","1. [B2] 2호선 신당 방면 승강장 하차 | 2. 대합실 방향 엘리베이터(으)로 1개 층 올라가기 (B2 → B1, 엘리베이터) | 3. [B1] 대합실로 이동 | 4. [B1] 4호선 대합실로 이동 | 5. 4호선 승강장 방향 엘리베이터(으)로 2개 층 내려가기 (B1 → B3, 엘리베이터) | 6. [B3] 4호선 승강장으로 이동 | 7. 5호선 승강장 방향 엘리베이터(으)로 2개 층 내려가기 (B3 → B5, 엘리베이터) | 8. [B5] 5호선 청구 방면 승강장으로 이동 | 9. [B5] 승차 (휠체어칸)"
S1_2_0465,2호선,을지로4가,1,출입구-승강장,1,8번 출입구 옆 엘리베이터 → 을지로3가 방면 승강장,1F → B1 → B2,4,1,0,"8번 출입구 옆 엘리베이터(으)로 1개 층 내려가기 (1F → B1, 엘리베이터) → [B1] 지하1층 대합실 하차 후 을지로3가방면 표 내는 곳 옆 엘리베이터 탑승 → [B2] 을지로3가 방면 승강장으로 이동 → [B2] 승차 (휠체어칸)","1. 8번 출입구 옆 엘리베이터(으)로 1개 층 내려가기 (1F → B1, 엘리베이터) | 2. [B1] 지하1층 대합실 하차 후 을지로3가방면 표 내는 곳 옆 엘리베이터 탑승 | 3. [B2] 을지로3가 방면 승강장으로 이동 | 4. [B2] 승차 (휠체어칸)"
S1_2_0465,2호선,을지로4가,1,출입구-승강장,2,8번 출입구 옆 엘리베이터 → 동대문역사문화공원 방면 승강장,1F → B1 → B2,6,2,0,"8번 출입구 옆 엘리베이터(으)로 1개 층 내려가기 (1F → B1, 엘리베이터) → [B1] 대합실로 이동 → [B1] 동대문역사문화공원 방면 엘리베이터 앞 표 내는 곳 통과 → 동대문역사문화공원 방면 엘리베이터(으)로 1개 층 내려가기 (B1 → B2, 엘리베이터) → [B2] 동대문역사문화공원 방면 승강장으로 이동 → [B2] 승차 (휠체어칸)","1. 8번 출입구 옆 엘리베이터(으)로 1개 층 내려가기 (1F → B1, 엘리베이터) | 2. [B1] 대합실로 이동 | 3. [B1] 동대문역사문화공원 방면 엘리베이터 앞 표 내는 곳 통과 | 4. 동대문역사문화공원 방면 엘리베이터(으)로 1개 층 내려가기 (B1 → B2, 엘리베이터) | 5. [B2] 동대문역사문화공원 방면 승강장으로 이동 | 6. [B2] 승차 (휠체어칸)"
S1_2_0465,2호선,을지로4가,1,출입구-승강장,3,10번출입구 옆 엘리베이터  → 을지로3가 방면 승강장,B1 → B2,3,1,0,"[B1] 지하1층 대합실 하차 후 을지로3가 방면 표 내는 곳 통과 후 엘리베이터 탑승 → 10번출구 엘리베이터(으)로 1개 층 내려가기 (B1 → B2, 엘리베이터) → [B2] 지하2층 승강장 하차","1. [B1] 지하1층 대합실 하차 후 을지로3가 방면 표 내는 곳 통과 후 엘리베이터 탑승 | 2. 10번출구 엘리베이터(으)로 1개 층 내려가기 (B1 → B2, 엘리베이터) | 3. [B2] 지하2층 승강장 하차"
S1_2_0465,2호선,을지로4가,1,출입구-승강장,4,10번출입구 옆 엘리베이터  → 동대문역사문화공원 방면 승강장,B1 → B2,3,1,0,"[B1] 지하1층 대합실 하차 후 동대문역사문화공원 방면 표 내는 곳 통과 후 엘리베이터 탑승 → 10번출구 엘리베이터(으)로 1개 층 내려가기 (B1 → B2, 엘리베이터) → [B2] 지하2층 승강장 하차","1. [B1] 지하1층 대합실 하차 후 동대문역사문화공원 방면 표 내는 곳 통과 후 엘리베이터 탑승 | 2. 10번출구 엘리베이터(으)로 1개 층 내려가기 (B1 → B2, 엘리베이터) | 3. [B2] 지하2층 승강장 하차"
S1_2_0465,2호선,을지로4가,3,환승,1,2호선 을지로3가 방면 → 5호선 종로3가 방면,B5,3,0,0,[B5] 지하5층 5호선 승강장 하차 → [B5] 3) 종로3가 방면 승차 (휠체어칸) → 7-4 승강장 앞 엘리베이터 이용 (엘리베이터),1. [B5] 지하5층 5호선 승강장 하차 | 2. [B5] 3) 종로3가 방면 승차 (휠체어칸) | 3. 7-4 승강장 앞 엘리베이터 이용 (엘리베이터)
S1_2_0465,2호선,을지로4가,3,환승,2,2호선 을지로3가 방면 → 5호선 동대문역사문화공원 방면,B5,3,0,0,[B5] 지하5층 5호선 승강장 하차 → [B5] 동대문역사문화공원 방면 승차 (휠체어칸) → 7-4 승강장 앞 엘리베이터 이용 (엘리베이터),1. [B5] 지하5층 5호선 승강장 하차 | 2. [B5] 동대문역사문화공원 방면 승차 (휠체어칸) | 3. 7-4 승강장 앞 엘리베이터 이용 (엘리베이터)
S1_2_0465,2호선,을지로4가,3,환승,3,2호선 동대문역사문화공원 방면 → 5호선 종로3가 방면,B2 → B1 → B5,5,2,0,"지하2층 승강장에서 엘리베이터(으)로 1개 층 올라가기 (B2 → B1, 엘리베이터) → [B1] 지하1층 대합실 하차후 오른쪽으로 90M 이동 → 을지로3가방면 표 내는 곳 옆의 엘리베이터(으)로 4개 층 내려가기 (B1 → B5, 엘리베이터) → [B5] 지하5층 5호선 승강장 하차 → [B5] 종로3가 방면 승차 (휠체어칸)","1. 지하2층 승강장에서 엘리베이터(으)로 1개 층 올라가기 (B2 → B1, 엘리베이터) | 2. [B1] 지하1층 대합실 하차후 오른쪽으로 90M 이동 | 3. 을지로3가방면 표 내는 곳 옆의 엘리베이터(으)로 4개 층 내려가기 (B1 → B5, 엘리베이터) | 4. [B5] 지하5층 5호선 승강장 하차 | 5. [B5] 종로3가 방면 승차 (휠체어칸)"
S1_2_0465,2호선,을지로4가,3,환승,4,2호선 동대문역사문화공원 방면 → 5호선 동대문역사문화공원 방면,B2 → B1 → B5,5,2,0,"지하2층 승강장에서 엘리베이터(으)로 1개 층 올라가기 (B2 → B1, 엘리베이터) → [B1] 지하1층 대합실 하차후 오른쪽으로 90M 이동 → 을지로3가방면 표 내는 곳 옆의 엘리베이터(으)로 4개 층 내려가기 (B1 → B5, 엘리베이터) → [B5] 지하5층 5호선 승강장 하차 → [B5] 동대문역사문화공원 방면 승차 (휠체어칸)","1. 지하2층 승강장에서 엘리베이터(으)로 1개 층 올라가기 (B2 → B1, 엘리베이터) | 2. [B1] 지하1층 대합실 하차후 오른쪽으로 90M 이동 | 3. 을지로3가방면 표 내는 곳 옆의 엘리베이터(으)로 4개 층 내려가기 (B1 → B5, 엘리베이터) | 4. [B5] 지하5층 5호선 승강장 하차 | 5. [B5] 동대문역사문화공원 방면 승차 (휠체어칸)"
S1_2_0464,2호선,을지로3가,1,출입구-승강장,1,10번 출입구 옆 엘리베이터 → 을지로입구 방면 승강장,1F → B1 → B2,7,2,0,"10번 출입구 옆 엘리베이터(으)로 1개 층 내려가기 (1F → B1, 엘리베이터) → [B1] 3호선 대합실로 이동 → [B1] 2호선 대합실로 이동 → [B1] 을지로입구 방면 엘리베이터 앞 표 내는 곳 통과 → 을지로입구 방면 엘리베이터(으)로 1개 층 내려가기 (B1 → B2, 엘리베이터) → [B2] 을지로입구 방면 승강장으로 이동 → [B2] 승차 (휠체어칸)","1. 10번 출입구 옆 엘리베이터(으)로 1개 층 내려가기 (1F → B1, 엘리베이터) | 2. [B1] 3호선 대합실로 이동 | 3. [B1] 2호선 대합실로 이동 | 4. [B1] 을지로입구 방면 엘리베이터 앞 표 내는 곳 통과 | 5. 을지로입구 방면 엘리베이터(으)로 1개 층 내려가기 (B1 → B2, 엘리베이터) | 6. [B2] 을지로입구 방면 승강장으로 이동 | 7. [B2] 승차 (휠체어칸)"
S1_2_0464,2호선,을지로3가,1,출입구-승강장,2,10번 출입구 옆 엘리베이터 → 을지로4가 방면 승강장,1F → B1 → B2,7,2,0,"10번 출입구 옆 엘리베이터(으)로 1개 층 내려가기 (1F → B1, 엘리베이터) → [B1] 3호선 대합실로 이동 → [B1] 2호선 대합실로 이동 → [B1] 을지로4가 방면 엘리베이터 앞 표 내는 곳 통과 → 을지로4가 방면 엘리베이터(으)로 1개 층 내려가기 (B1 → B2, 엘리베이터) → [B2] 을지로4가 방면 승강장으로 이동 → [B2] 승차 (휠체어칸)","1. 10번 출입구 옆 엘리베이터(으)로 1개 층 내려가기 (1F → B1, 엘리베이터) | 2. [B1] 3호선 대합실로 이동 | 3. [B1] 2호선 대합실로 이동 | 4. [B1] 을지로4가 방면 엘리베이터 앞 표 내는 곳 통과 | 5. 을지로4가 방면 엘리베이터(으)로 1개 층 내려가기 (B1 → B2, 엘리베이터) | 6. [B2] 을지로4가 방면 승강장으로 이동 | 7. [B2] 승차 (휠체어칸)"
S1_2_0464,2호선,을지로3가,1,출입구-승강장,3,12번 출입구 옆 엘리베이터 → 을지로입구 방면,1F → B1 → B2,6,2,0,"12번 출입구 옆 엘리베이터(으)로 1개 층 내려가기 (1F → B1, 엘리베이터) → [B1] 2호선 대합실로 이동 → [B1] 을지로입구 방면 엘리베이터 앞 표 내는 곳 통과 → 을지로입구 방면 엘리베이터(으)로 1개 층 내려가기 (B1 → B2, 엘리베이터) → [B2] 을지로입구 방면 승강장으로 이동 → [B2] 승차 (휠체어칸)","1. 12번 출입구 옆 엘리베이터(으)로 1개 층 내려가기 (1F → B1, 엘리베이터) | 2. [B1] 2호선 대합실로 이동 | 3. [B1] 을지로입구 방면 엘리베이터 앞 표 내는 곳 통과 | 4. 을지로입구 방면 엘리베이터(으)로 1개 층 내려가기 (B1 → B2, 엘리베이터) | 5. [B2] 을지로입구 방면 승강장으로 이동 | 6. [B2] 승차 (휠체어칸)"
S1_2_0464,2호선,을지로3가,1,출입구-승강장,4,12번 출입구 옆 엘리베이터 → 을지로4가 방면,1F → B1 → B2,6,2,0,"12번 출입구 옆 엘리베이터(으)로 1개 층 내려가기 (1F → B1, 엘리베이터) → [B1] 2호선 대합실로 이동 → [B1] 을지로4가 방면 엘리베이터 앞 표 내는 곳 통과 → 을지로4가 방면 엘리베이터(으)로 1개 층 내려가기 (B1 → B2, 엘리베이터) → [B2] 을지로4가 방면 승강장으로 이동 → [B2] 승차 (휠체어칸)","1. 12번 출입구 옆 엘리베이터(으)로 1개 층 내려가기 (1F → B1, 엘리베이터) | 2. [B1] 2호선 대합실로 이동 | 3. [B1] 을지로4가 방면 엘리베이터 앞 표 내는 곳 통과 | 4. 을지로4가 방면 엘리베이터(으)로 1개 층 내려가기 (B1 → B2, 엘리베이터) | 5. [B2] 을지로4가 방면 승강장으로 이동 | 6. [B2] 승차 (휠체어칸)"
S1_2_0464,2호선,을지로3가,3,환승,1,2호선 을지로입구 방면 → 3호선 종로3가 방면,B2 → B1 → B3,7,2,0,"[B2] 2호선 을지로입구 방면 승강장 하차 → 대합실 방향 엘리베이터(으)로 1개 층 올라가기 (B2 → B1, 엘리베이터) → [B1] 대합실로 이동 → [B1] 3호선 대합실로 이동 → 3호선 승강장 방향 엘리베이터(으)로 2개 층 내려가기 (B1 → B3, 엘리베이터) → [B3] 3호선 종로3가 방면 승강장으로 이동 → [B3] 승차 (휠체어칸)","1. [B2] 2호선 을지로입구 방면 승강장 하차 | 2. 대합실 방향 엘리베이터(으)로 1개 층 올라가기 (B2 → B1, 엘리베이터) | 3. [B1] 대합실로 이동 | 4. [B1] 3호선 대합실로 이동 | 5. 3호선 승강장 방향 엘리베이터(으)로 2개 층 내려가기 (B1 → B3, 엘리베이터) | 6. [B3] 3호선 종로3가 방면 승강장으로 이동 | 7. [B3] 승차 (휠체어칸)"
S1_2_0464,2호선,을지로3가,3,환승,2,2호선 을지로입구 방면 → 3호선 충무로 방면,B2 → B1 → B3,7,2,0,"[B2] 2호선 을지로입구 방면 승강장 하차 → 대합실 방향 엘리베이터(으)로 1개 층 올라가기 (B2 → B1, 엘리베이터) → [B1] 대합실로 이동 → [B1] 3호선 대합실로 이동 → 3호선 승강장 방향 엘리베이터(으)로 2개 층 내려가기 (B1 → B3, 엘리베이터) → [B3] 3호선 충무로 방면 승강장으로 이동 → [B3] 승차 (휠체어칸)","1. [B2] 2호선 을지로입구 방면 승강장 하차 | 2. 대합실 방향 엘리베이터(으)로 1개 층 올라가기 (B2 → B1, 엘리베이터) | 3. [B1] 대합실로 이동 | 4. [B1] 3호선 대합실로 이동 | 5. 3호선 승강장 방향 엘리베이터(으)로 2개 층 내려가기 (B1 → B3, 엘리베이터) | 6. [B3] 3호선 충무로 방면 승강장으로 이동 | 7. [B3] 승차 (휠체어칸)"
S1_2_0464,2호선,을지로3가,3,환승,3,2호선 을지로4가 방면 → 3호선 종로3가 방면,B2 → B3,5,1,0,"[B2] 2호선 을지로4가 방면 승강장 하차 → [B2] 3호선 연결통로로 이동 → 3호선 승강장 방향 엘리베이터(으)로 1개 층 내려가기 (B2 → B3, 엘리베이터) → [B3] 3호선 종로3가 방면 승강장으로 이동 → [B3] 승차(휠체어칸)","1. [B2] 2호선 을지로4가 방면 승강장 하차 | 2. [B2] 3호선 연결통로로 이동 | 3. 3호선 승강장 방향 엘리베이터(으)로 1개 층 내려가기 (B2 → B3, 엘리베이터) | 4. [B3] 3호선 종로3가 방면 승강장으로 이동 | 5. [B3] 승차(휠체어칸)"
S1_2_0464,2호선,을지로3가,3,환승,4,2호선 을지로4가 방면 → 3호선 충무로 방면,B2 → B3,5,1,0,"[B2] 2호선 을지로4가 방면 승강장 하차 → [B2] 3호선 연결통로로 이동 → 3호선 승강장 방향 엘리베이터(으)로 1개 층 내려가기 (B2 → B3, 엘리베이터) → [B3] 3호선 충무로 방면 승강장으로 이동 → [B3] 승차(휠체어칸)","1. [B2] 2호선 을지로4가 방면 승강장 하차 | 2. [B2] 3호선 연결통로로 이동 | 3. 3호선 승강장 방향 엘리베이터(으)로 1개 층 내려가기 (B2 → B3, 엘리베이터) | 4. [B3] 3호선 충무로 방면 승강장으로 이동 | 5. [B3] 승차(휠체어칸)"
S1_2_0466,2호선,을지로입구,1,출입구-승강장,1,1번 출입구 옆 엘리베이터 → 시청 방면 승강장,1F → B1 → B2,6,2,0,"1번 출입구 옆 엘리베이터(으)로 1개 층 내려가기 (1F → B1, 엘리베이터) → [B1] 대합실로 이동 → [B1] 시청 방면 엘리베이터 앞 표 내는 곳 통과 → 시청 방면 엘리베이터(으)로 1개 층 내려가기 (B1 → B2, 엘리베이터) → [B2] 시청 방면 승강장으로 이동 → [B2] 승차 (휠체어칸)","1. 1번 출입구 옆 엘리베이터(으)로 1개 층 내려가기 (1F → B1, 엘리베이터) | 2. [B1] 대합실로 이동 | 3. [B1] 시청 방면 엘리베이터 앞 표 내는 곳 통과 | 4. 시청 방면 엘리베이터(으)로 1개 층 내려가기 (B1 → B2, 엘리베이터) | 5. [B2] 시청 방면 승강장으로 이동 | 6. [B2] 승차 (휠체어칸)"
S1_2_0466,2호선,을지로입구,1,출입구-승강장,2,1번 출입구 옆 엘리베이터 → 을지로3가 방면 승강장,1F → B1 → B2,6,2,0,"1번 출입구 옆 엘리베이터(으)로 1개 층 내려가기 (1F → B1, 엘리베이터) → [B1] 대합실로 이동 → [B1] 을지로3가 방면 엘리베이터 앞 표 내는 곳 통과 → 을지로3가 방면 엘리베이터(으)로 1개 층 내려가기 (B1 → B2, 엘리베이터) → [B2] 을지로3가 방면 승강장으로 이동 → [B2] 승차 (휠체어칸)","1. 1번 출입구 옆 엘리베이터(으)로 1개 층 내려가기 (1F → B1, 엘리베이터) | 2. [B1] 대합실로 이동 | 3. [B1] 을지로3가 방면 엘리베이터 앞 표 내는 곳 통과 | 4. 을지로3가 방면 엘리베이터(으)로 1개 층 내려가기 (B1 → B2, 엘리베이터) | 5. [B2] 을지로3가 방면 승강장으로 이동 | 6. [B2] 승차 (휠체어칸)"
S1_2_0466,2호선,을지로입구,1,출입구-승강장,3,5번 출입구 옆 엘리베이터 → 시청 방면 승강장,1F → B1 → B2,6,2,0,"5번 출입구 옆 엘리베이터(으)로 1개 층 내려가기 (1F → B1, 엘리베이터) → [B1] 대합실로 이동 → [B1] 시청 방면 엘리베이터 앞 표 내는 곳 통과 → 시청 방면 엘리베이터(으)로 1개 층 내려가기 (B1 → B2, 엘리베이터) → [B2] 시청 방면 승강장으로 이동 → [B2] 승차 (휠체어칸)","1. 5번 출입구 옆 엘리베이터(으)로 1개 층 내려가기 (1F → B1, 엘리베이터) | 2. [B1] 대합실로 이동 | 3. [B1] 시청 방면 엘리베이터 앞 표 내는 곳 통과 | 4. 시청 방면 엘리베이터(으)로 1개 층 내려가기 (B1 → B2, 엘리베이터) | 5. [B2] 시청 방면 승강장으로 이동 | 6. [B2] 승차 (휠체어칸)"
S1_2_0466,2호선,을지로입구,1,출입구-승강장,4,5번 출입구 옆 엘리베이터 → 을지로3가 방면 승강장,1F → B1 → B2,6,2,0,"5번 출입구 옆 엘리베이터(으)로 1개 층 내려가기 (1F → B1, 엘리베이터) → [B1] 대합실로 이동 → [B1] 을지로3가 방면 엘리베이터 앞 표 내는 곳 통과 → 을지로3가 방면 엘리베이터(으)로 1개 층 내려가기 (B1 → B2, 엘리베이터) → [B2] 을지로3가 방면 승강장으로 이동 → [B2] 승차 (휠체어칸)","1. 5번 출입구 옆 엘리베이터(으)로 1개 층 내려가기 (1F → B1, 엘리베이터) | 2. [B1] 대합실로 이동 | 3. [B1] 을지로3가 방면 엘리베이터 앞 표 내는 곳 통과 | 4. 을지로3가 방면 엘리베이터(으)로 1개 층 내려가기 (B1 → B2, 엘리베이터) | 5. [B2] 을지로3가 방면 승강장으로 이동 | 6. [B2] 승차 (휠체어칸)"
S1_2_0443,2호선,용답,1,출입구-승강장,1,1번 출입구 → 성수 방면,1F → 2F → 3F → 2F,9,3,0,"[1F] 1번 출입구 대합실로 이동 → 신답 방면 엘리베이터(으)로 1개 층 올라가기 (1F → 2F, 엘리베이터) → [2F] 신답 방면 승강장으로 이동 → [2F] 엘리베이터 앞 표 내는 곳 통과 → 연결통로 방향 엘리베이터(으)로 1개 층 올라가기 (2F → 3F, 엘리베이터) → [3F] 연결통로로 이동 → 성수 방면 엘리베이터(으)로 1개 층 내려가기 (3F → 2F, 엘리베이터) → [2F] 성수 방면 승강장으로 이동 → [2F] 승차 (휠체어칸)","1. [1F] 1번 출입구 대합실로 이동 | 2. 신답 방면 엘리베이터(으)로 1개 층 올라가기 (1F → 2F, 엘리베이터) | 3. [2F] 신답 방면 승강장으로 이동 | 4. [2F] 엘리베이터 앞 표 내는 곳 통과 | 5. 연결통로 방향 엘리베이터(으)로 1개 층 올라가기 (2F → 3F, 엘리베이터) | 6. [3F] 연결통로로 이동 | 7. 성수 방면 엘리베이터(으)로 1개 층 내려가기 (3F → 2F, 엘리베이터) | 8. [2F] 성수 방면 승강장으로 이동 | 9. [2F] 승차 (휠체어칸)"
S1_2_0443,2호선,용답,1,출입구-승강장,2,1번 출입구 → 신답 방면,1F → 2F,5,1,0,"[1F] 1번 출입구 대합실로 이동 → 신답 방면 엘리베이터(으)로 1개 층 올라가기 (1F → 2F, 엘리베이터) → [2F] 신답 방면 승강장으로 이동 → [2F] 엘리베이터 앞 표 내는 곳 통과 → [2F] 승차 (휠체어칸)","1. [1F] 1번 출입구 대합실로 이동 | 2. 신답 방면 엘리베이터(으)로 1개 층 올라가기 (1F → 2F, 엘리베이터) | 3. [2F] 신답 방면 승강장으로 이동 | 4. [2F] 엘리베이터 앞 표 내는 곳 통과 | 5. [2F] 승차 (휠체어칸)"
S1_2_0355,2호선,신답,1,출입구-승강장,1,1번 출입구 → 용답 방면,1F → 2F → 1F,7,2,0,"[1F] 1번 출입구 대합실로 이동 → [1F] 표 내는 곳 통과 → 이동통로 방향 엘리베이터(으)로 1개 층 올라가기 (1F → 2F, 엘리베이터) → [2F] 이동통로로 이동 → 용답 방면 엘리베이터(으)로 1개 층 내려가기 (2F → 1F, 엘리베이터) → [1F] 용답 방면 승강장으로 이동 → [1F] 승차 (휠체어칸)","1. [1F] 1번 출입구 대합실로 이동 | 2. [1F] 표 내는 곳 통과 | 3. 이동통로 방향 엘리베이터(으)로 1개 층 올라가기 (1F → 2F, 엘리베이터) | 4. [2F] 이동통로로 이동 | 5. 용답 방면 엘리베이터(으)로 1개 층 내려가기 (2F → 1F, 엘리베이터) | 6. [1F] 용답 방면 승강장으로 이동 | 7. [1F] 승차 (휠체어칸)"
S1_2_0355,2호선,신답,1,출입구-승강장,2,1번 출입구 → 용두 방면,1F,4,0,0,[1F] 1번 출입구 대합실로 이동 → [1F] 표 내는 곳 통과 → [1F] 용두 방면 승강장으로 이동 → [1F] 승차 (휠체어칸),1. [1F] 1번 출입구 대합실로 이동 | 2. [1F] 표 내는 곳 통과 | 3. [1F] 용두 방면 승강장으로 이동 | 4. [1F] 승차 (휠체어칸)
S1_2_0444,2호선,용두,1,출입구-승강장,1,3번 출입구 옆 엘리베이터 → 신답 방면,1F → B1 → B2 → B1,8,3,0,"3번 출입구 옆 엘리베이터(으)로 1개 층 내려가기 (1F → B1, 엘리베이터) → [B1] 대합실로 이동 → [B1] 표 내는 곳 통과 → 연결통로 방향 엘리베이터(으)로 1개 층 내려가기 (B1 → B2, 엘리베이터) → [B2] 연결통로로 이동 → 신답 방면 엘리베이터(으)로 1개 층 올라가기 (B2 → B1, 엘리베이터) → [B1] 신답 방면 승강장으로 이동 → [B1] 승차 (휠체어칸)","1. 3번 출입구 옆 엘리베이터(으)로 1개 층 내려가기 (1F → B1, 엘리베이터) | 2. [B1] 대합실로 이동 | 3. [B1] 표 내는 곳 통과 | 4. 연결통로 방향 엘리베이터(으)로 1개 층 내려가기 (B1 → B2, 엘리베이터) | 5. [B2] 연결통로로 이동 | 6. 신답 방면 엘리베이터(으)로 1개 층 올라가기 (B2 → B1, 엘리베이터) | 7. [B1] 신답 방면 승강장으로 이동 | 8. [B1] 승차 (휠체어칸)"
S1_2_0444,2호선,용두,1,출입구-승강장,2,3번 출입구 옆 엘리베이터 → 신설동 방면,1F → B1,5,1,0,"3번 출입구 옆 엘리베이터(으)로 1개 층 내려가기 (1F → B1, 엘리베이터) → [B1] 대합실로 이동 → [B1] 표 내는 곳 통과 → [B1] 신설동 방면 승강장으로 이동 → [B1] 승차 (휠체어칸)","1. 3번 출입구 옆 엘리베이터(으)로 1개 층 내려가기 (1F → B1, 엘리베이터) | 2. [B1] 대합실로 이동 | 3. [B1] 표 내는 곳 통과 | 4. [B1] 신설동 방면 승강장으로 이동 | 5. [B1] 승차 (휠체어칸)"
S1_2_0444,2호선,용두,1,출입구-승강장,3,4번 출입구 옆 엘리베이터 → 신답 방면,1F → B1,5,1,0,"4번 출입구 옆 엘리베이터(으)로 1개 층 내려가기 (1F → B1, 엘리베이터) → [B1] 대합실로 이동 → [B1] 표 내는 곳 통과 → [B1] 신답 방면 승강장으로 이동 → [B1] 승차 (휠체어칸)","1. 4번 출입구 옆 엘리베이터(으)로 1개 층 내려가기 (1F → B1, 엘리베이터) | 2. [B1] 대합실로 이동 | 3. [B1] 표 내는 곳 통과 | 4. [B1] 신답 방면 승강장으로 이동 | 5. [B1] 승차 (휠체어칸)"
S1_2_0444,2호선,용두,1,출입구-승강장,4,4번 출입구 옆 엘리베이터 → 신설동 방면,1F → B1 → B2 → B1,8,3,0,"4번 출입구 옆 엘리베이터(으)로 1개 층 내려가기 (1F → B1, 엘리베이터) → [B1] 대합실로 이동 → [B1] 표 내는 곳 통과 → 연결통로 방향 엘리베이터(으)로 1개 층 내려가기 (B1 → B2, 엘리베이터) → [B2] 연결통로로 이동 → 신설동 방면 엘리베이터(으)로 1개 층 올라가기 (B2 → B1, 엘리베이터) → [B1] 신설동 방면 승강장으로 이동 → [B1] 승차 (휠체어칸)","1. 4번 출입구 옆 엘리베이터(으)로 1개 층 내려가기 (1F → B1, 엘리베이터) | 2. [B1] 대합실로 이동 | 3. [B1] 표 내는 곳 통과 | 4. 연결통로 방향 엘리베이터(으)로 1개 층 내려가기 (B1 → B2, 엘리베이터) | 5. [B2] 연결통로로 이동 | 6. 신설동 방면 엘리베이터(으)로 1개 층 올라가기 (B2 → B1, 엘리베이터) | 7. [B1] 신설동 방면 승강장으로 이동 | 8. [B1] 승차 (휠체어칸)"
S1_2_0367,2호선,신설동,1,출입구-승강장,1,9번 출입구 옆 엘리베이터 → 용두 방면,1F → B2,4,1,0,"9번 출구 엘리베이터 뒤편 엘리베이터(으)로 2개 층 내려가기 (1F → B2, 엘리베이터) → [B2] 표 찍는 곳 통과 → [B2] 용두 방면 승강장 도착 → [B2] 승차 (휠체어칸)","1. 9번 출구 엘리베이터 뒤편 엘리베이터(으)로 2개 층 내려가기 (1F → B2, 엘리베이터) | 2. [B2] 표 찍는 곳 통과 | 3. [B2] 용두 방면 승강장 도착 | 4. [B2] 승차 (휠체어칸)"
S1_2_0367,2호선,신설동,3,환승,1,2호선 신설동(종착역) 승강장 → 1호선 제기동 방면,B2 → B1 → 1F → B1 → B2,10,4,0,"신설동 종착역 승강장 → 대합실 방향 엘리베이터(으)로 1개 층 올라가기 (B2 → B1, 엘리베이터) → [B1] 대합실로 이동 → 9번 출입구 엘리베이터(으)로 1개 층 올라가기 (B1 → 1F, 엘리베이터) → [1F] 역사 바깥으로 이동 (필요 시 직원 동행) → 2번/ 3번 출입구 사이 엘리베이터(으)로 1개 층 내려가기 (1F → B1, 엘리베이터) → [B1] 대합실로 이동 → 제기동 방면 엘리베이터(으)로 1개 층 내려가기 (B1 → B2, 엘리베이터) → [B2] 제기동 방면 승강장으로 이동 → [B2] 승차 (휠체어칸)","1. 신설동 종착역 승강장 | 2. 대합실 방향 엘리베이터(으)로 1개 층 올라가기 (B2 → B1, 엘리베이터) | 3. [B1] 대합실로 이동 | 4. 9번 출입구 엘리베이터(으)로 1개 층 올라가기 (B1 → 1F, 엘리베이터) | 5. [1F] 역사 바깥으로 이동 (필요 시 직원 동행) | 6. 2번/ 3번 출입구 사이 엘리베이터(으)로 1개 층 내려가기 (1F → B1, 엘리베이터) | 7. [B1] 대합실로 이동 | 8. 제기동 방면 엘리베이터(으)로 1개 층 내려가기 (B1 → B2, 엘리베이터) | 9. [B2] 제기동 방면 승강장으로 이동 | 10. [B2] 승차 (휠체어칸)"
S1_2_0367,2호선,신설동,3,환승,2,2호선 신설동(종착역) 승강장 → 1호선 동묘앞 방면,B2 → B1 → 1F → B1 → B2,10,4,0,"신설동 종착역 승강장 → 대합실 방향 엘리베이터(으)로 1개 층 올라가기 (B2 → B1, 엘리베이터) → [B1] 대합실로 이동 → 9번 출입구 엘리베이터(으)로 1개 층 올라가기 (B1 → 1F, 엘리베이터) → [1F] 역사 바깥으로 이동 (필요 시 직원 동행) → 4번/ 5번 출입구 사이 엘리베이터(으)로 1개 층 내려가기 (1F → B1, 엘리베이터) → [B1] 대합실로 이동 → 동묘앞 방면 엘리베이터(으)로 1개 층 내려가기 (B1 → B2, 엘리베이터) → [B2] 동묘앞 방면 승강장으로 이동 → [B2] 승차 (휠체어칸)","1. 신설동 종착역 승강장 | 2. 대합실 방향 엘리베이터(으)로 1개 층 올라가기 (B2 → B1, 엘리베이터) | 3. [B1] 대합실로 이동 | 4. 9번 출입구 엘리베이터(으)로 1개 층 올라가기 (B1 → 1F, 엘리베이터) | 5. [1F] 역사 바깥으로 이동 (필요 시 직원 동행) | 6. 4번/ 5번 출입구 사이 엘리베이터(으)로 1개 층 내려가기 (1F → B1, 엘리베이터) | 7. [B1] 대합실로 이동 | 8. 동묘앞 방면 엘리베이터(으)로 1개 층 내려가기 (B1 → B2, 엘리베이터) | 9. [B2] 동묘앞 방면 승강장으로 이동 | 10. [B2] 승차 (휠체어칸)"
S1_2_0367,2호선,신설동,3,환승,3,2호선 신설동(종착역) 승강장 → 우이신설선 보문 방면,B2 → B1 → 1F → B1 → B2,10,4,0,"신설동 종착역 승강장 → 대합실 방향 엘리베이터(으)로 1개 층 올라가기 (B2 → B1, 엘리베이터) → [B1] 대합실로 이동 → 9번 출입구 엘리베이터(으)로 1개 층 올라가기 (B1 → 1F, 엘리베이터) → [1F] 역사 바깥으로 이동 (필요 시 직원 동행) → 1번, 12번 출입구 엘리베이터(으)로 1개 층 내려가기 (1F → B1, 엘리베이터) → [B1] 대합실로 이동 → 우이신설선 승강장 방면 엘리베이터(으)로 1개 층 내려가기 (B1 → B2, 엘리베이터) → [B2] 우이신설선 승강장으로 이동 → [B2] 승차 (휠체어칸)","1. 신설동 종착역 승강장 | 2. 대합실 방향 엘리베이터(으)로 1개 층 올라가기 (B2 → B1, 엘리베이터) | 3. [B1] 대합실로 이동 | 4. 9번 출입구 엘리베이터(으)로 1개 층 올라가기 (B1 → 1F, 엘리베이터) | 5. [1F] 역사 바깥으로 이동 (필요 시 직원 동행) | 6. 1번, 12번 출입구 엘리베이터(으)로 1개 층 내려가기 (1F → B1, 엘리베이터) | 7. [B1] 대합실로 이동 | 8. 우이신설선 승강장 방면 엘리베이터(으)로 1개 층 내려가기 (B1 → B2, 엘리베이터) | 9. [B2] 우이신설선 승강장으로 이동 | 10. [B2] 승차 (휠체어칸)"
S1_2_0144,2호선,도림천,1,출입구-승강장,1,1번 출입구 → 신도림 방면,1F → B2 → B3,7,2,0,"[1F] 1번 출입구 대합실로 이동 → [1F] 표 내는 곳 통과 → 승강장 방향 엘리베이터(으)로 2개 층 내려가기 (1F → B2, 엘리베이터) → [B2] 대합실로 이동 → 신도림 방면 엘리베이터(으)로 1개 층 내려가기 (B2 → B3, 엘리베이터) → [B3] 신도림 방면 승강장으로 이동 → [B3] 승차 (휠체어칸)","1. [1F] 1번 출입구 대합실로 이동 | 2. [1F] 표 내는 곳 통과 | 3. 승강장 방향 엘리베이터(으)로 2개 층 내려가기 (1F → B2, 엘리베이터) | 4. [B2] 대합실로 이동 | 5. 신도림 방면 엘리베이터(으)로 1개 층 내려가기 (B2 → B3, 엘리베이터) | 6. [B3] 신도림 방면 승강장으로 이동 | 7. [B3] 승차 (휠체어칸)"
S1_2_0144,2호선,도림천,1,출입구-승강장,2,1번 출입구 → 양천구청 방면,1F → B3,5,1,0,"[1F] 1번 출입구 대합실로 이동 → [1F] 표 내는 곳 통과 → 승강장 방향 엘리베이터(으)로 3개 층 내려가기 (1F → B3, 엘리베이터) → [B3] 양천구청 방면 승강장으로 이동 → [B3] 승차 (휠체어칸)","1. [1F] 1번 출입구 대합실로 이동 | 2. [1F] 표 내는 곳 통과 | 3. 승강장 방향 엘리베이터(으)로 3개 층 내려가기 (1F → B3, 엘리베이터) | 4. [B3] 양천구청 방면 승강장으로 이동 | 5. [B3] 승차 (휠체어칸)"
S1_2_0404,2호선,양천구청,1,출입구-승강장,1,1번 출입구 옆 엘리베이터 → 도림천 방면,1F → B1 → B2,6,2,0,"1번 출입구 옆 엘리베이터(으)로 1개 층 내려가기 (1F → B1, 엘리베이터) → [B1] 대합실로 이동 → [B1] 표 내는 곳 통과 → 도림천 방면 엘리베이터(으)로 1개 층 내려가기 (B1 → B2, 엘리베이터) → [B2] 도림천 방면 승강장으로 이동 → [B2] 승차 (휠체어칸)","1. 1번 출입구 옆 엘리베이터(으)로 1개 층 내려가기 (1F → B1, 엘리베이터) | 2. [B1] 대합실로 이동 | 3. [B1] 표 내는 곳 통과 | 4. 도림천 방면 엘리베이터(으)로 1개 층 내려가기 (B1 → B2, 엘리베이터) | 5. [B2] 도림천 방면 승강장으로 이동 | 6. [B2] 승차 (휠체어칸)"
S1_2_0404,2호선,양천구청,1,출입구-승강장,2,1번 출입구 옆 엘리베이터 → 신정네거리 방면,1F → B1 → B2,6,2,0,"1번 출입구 옆 엘리베이터(으)로 1개 층 내려가기 (1F → B1, 엘리베이터) → [B1] 대합실로 이동 → [B1] 표 내는 곳 통과 → 신정네거리 방면 엘리베이터(으)로 1개 층 내려가기 (B1 → B2, 엘리베이터) → [B2] 신정네거리 방면 승강장으로 이동 → [B2] 승차 (휠체어칸)","1. 1번 출입구 옆 엘리베이터(으)로 1개 층 내려가기 (1F → B1, 엘리베이터) | 2. [B1] 대합실로 이동 | 3. [B1] 표 내는 곳 통과 | 4. 신정네거리 방면 엘리베이터(으)로 1개 층 내려가기 (B1 → B2, 엘리베이터) | 5. [B2] 신정네거리 방면 승강장으로 이동 | 6. [B2] 승차 (휠체어칸)"
S1_2_0373,2호선,신정네거리,1,출입구-승강장,1,2번 출입구 옆 엘리베이터 → 양천구청 방면,1F → B2 → B3,6,2,0,"2번 출입구 옆 엘리베이터(으)로 2개 층 내려가기 (1F → B2, 엘리베이터) → [B2] 대합실로 이동 → [B2] 양천구청 방면 엘리베이터 앞 표 내는 곳 통과 → 양천구청 방면 엘리베이터(으)로 1개 층 내려가기 (B2 → B3, 엘리베이터) → [B3] 양천구청 방면 승강장으로 이동 → [B3] 승차 (휠체어칸)","1. 2번 출입구 옆 엘리베이터(으)로 2개 층 내려가기 (1F → B2, 엘리베이터) | 2. [B2] 대합실로 이동 | 3. [B2] 양천구청 방면 엘리베이터 앞 표 내는 곳 통과 | 4. 양천구청 방면 엘리베이터(으)로 1개 층 내려가기 (B2 → B3, 엘리베이터) | 5. [B3] 양천구청 방면 승강장으로 이동 | 6. [B3] 승차 (휠체어칸)"
S1_2_0373,2호선,신정네거리,1,출입구-승강장,2,2번 출입구 옆 엘리베이터 → 까치산 방면,1F → B2 → B3,6,2,0,"2번 출입구 옆 엘리베이터(으)로 2개 층 내려가기 (1F → B2, 엘리베이터) → [B2] 대합실로 이동 → [B2] 까치산 방면 엘리베이터 앞 표 내는 곳 통과 → 까치산 방면 엘리베이터(으)로 1개 층 내려가기 (B2 → B3, 엘리베이터) → [B3] 까치산 방면 승강장으로 이동 → [B3] 승차 (휠체어칸)","1. 2번 출입구 옆 엘리베이터(으)로 2개 층 내려가기 (1F → B2, 엘리베이터) | 2. [B2] 대합실로 이동 | 3. [B2] 까치산 방면 엘리베이터 앞 표 내는 곳 통과 | 4. 까치산 방면 엘리베이터(으)로 1개 층 내려가기 (B2 → B3, 엘리베이터) | 5. [B3] 까치산 방면 승강장으로 이동 | 6. [B3] 승차 (휠체어칸)"
S1_2_0100,2호선,까치산,1,출입구-승강장,1,2번 출입구 휠체어리프트 →  신정네거리 방면,1F → B1 → B4 → B5,8,1,0,"2번 출입구 휠체어리프트(으)로 1개 층 내려가기 (1F → B1, 휠체어리프트) → [B1] 대합실로 이동 → [B1] 표 내는 곳 통과 → 엘리베이터(으)로 3개 층 내려가기 (B1 → B4, 엘리베이터) → [B4] 대합실로 이동 → 신정네거리 방면 휠체어리프트(으)로 1개 층 내려가기 (B4 → B5, 휠체어리프트) → [B5] 신정네거리 방면 승강장으로 이동 → [B5] 승차 (휠체어칸)","1. 2번 출입구 휠체어리프트(으)로 1개 층 내려가기 (1F → B1, 휠체어리프트) | 2. [B1] 대합실로 이동 | 3. [B1] 표 내는 곳 통과 | 4. 엘리베이터(으)로 3개 층 내려가기 (B1 → B4, 엘리베이터) | 5. [B4] 대합실로 이동 | 6. 신정네거리 방면 휠체어리프트(으)로 1개 층 내려가기 (B4 → B5, 휠체어리프트) | 7. [B5] 신정네거리 방면 승강장으로 이동 | 8. [B5] 승차 (휠체어칸)"
S1_2_0100,2호선,까치산,3,환승,1,2호선 신정네거리 방면 → 5호선 신정 방면,B5,3,0,0,[B5] 2호선 신정네거리 방면 승강장 하차 → [B5] 5호선 신정 방면 승강장으로 이동 → [B5] 승차 (휠체어칸),1. [B5] 2호선 신정네거리 방면 승강장 하차 | 2. [B5] 5호선 신정 방면 승강장으로 이동 | 3. [B5] 승차 (휠체어칸)
S1_2_0100,2호선,까치산,3,환승,2,2호선 신정네거리 방면 → 5호선 화곡 방면,B5,5,0,0,[B5] 2호선 신정네거리 방면 승강장 하차 → [B5] B1 대합실 EV 하차 → [B5] B5 5호선 화곡 방면 승강장 이동 → [B5] 승차(휠체어칸) → B5 상선 승강장(6-3) EV 이용 (엘리베이터),1. [B5] 2호선 신정네거리 방면 승강장 하차 | 2. [B5] B1 대합실 EV 하차 | 3. [B5] B5 5호선 화곡 방면 승강장 이동 | 4. [B5] 승차(휠체어칸) | 5. B5 상선 승강장(6-3) EV 이용 (엘리베이터)
KR_3_0137,3호선,대화,1,출입구-승강장,1,1번 출입구 엘리베이터 → 주엽 방면,1F → B1 → B2,5,0,0,[1F] 1번 출입구 지상1층 엘리베이터 → [B1] 1번 출입구 지하1층 엘리베이터 → [B1] 개집표기 통과 → [B1] 주엽방면 지하1층 엘리베이터 → [B2] 주엽방면 지하2층 승강장 엘리베이터,1. [1F] 1번 출입구 지상1층 엘리베이터 | 2. [B1] 1번 출입구 지하1층 엘리베이터 | 3. [B1] 개집표기 통과 | 4. [B1] 주엽방면 지하1층 엘리베이터 | 5. [B2] 주엽방면 지하2층 승강장 엘리베이터
KR_3_0137,3호선,대화,1,출입구-승강장,2,4번 출입구 엘리베이터 → 주엽 방면,1F → B1 → B2,5,0,0,[1F] 4번 출입구 지상1층 엘리베이터 → [B1] 4번 출입구 지하1층 엘리베이터 → [B1] 개집표기 통과 → [B1] 주엽방면 지하1층 엘리베이터 → [B2] 주엽방면 지하2층 승강장 엘리베이터,1. [1F] 4번 출입구 지상1층 엘리베이터 | 2. [B1] 4번 출입구 지하1층 엘리베이터 | 3. [B1] 개집표기 통과 | 4. [B1] 주엽방면 지하1층 엘리베이터 | 5. [B2] 주엽방면 지하2층 승강장 엘리베이터
KR_3_0522,3호선,주엽,1,출입구-승강장,1,3번/4번 출입구 사이 엘리베이터 → 대화 방면,1F → B1 → B2,6,2,0,"3번/4번 출입구 사이 엘리베이터(으)로 1개 층 내려가기 (1F → B1, 엘리베이터) → [B1] 대합실로 이동 → [B1] 표 내는 곳 통과 → 대화 방면 엘리베이터(으)로 1개 층 내려가기 (B1 → B2, 엘리베이터) → [B2] 대화 방면 승강장으로 이동 → [B2] 승차 (휠체어칸)","1. 3번/4번 출입구 사이 엘리베이터(으)로 1개 층 내려가기 (1F → B1, 엘리베이터) | 2. [B1] 대합실로 이동 | 3. [B1] 표 내는 곳 통과 | 4. 대화 방면 엘리베이터(으)로 1개 층 내려가기 (B1 → B2, 엘리베이터) | 5. [B2] 대화 방면 승강장으로 이동 | 6. [B2] 승차 (휠체어칸)"
KR_3_0522,3호선,주엽,1,출입구-승강장,2,3번/4번 출입구 사이 엘리베이터 → 정발산 방면,1F → B1 → B2,6,2,0,"3번/4번 출입구 사이 엘리베이터(으)로 1개 층 내려가기 (1F → B1, 엘리베이터) → [B1] 대합실로 이동 → [B1] 표 내는 곳 통과 → 정발산 방면 엘리베이터(으)로 1개 층 내려가기 (B1 → B2, 엘리베이터) → [B2] 정발산 방면 승강장으로 이동 → [B2] 승차 (휠체어칸)","1. 3번/4번 출입구 사이 엘리베이터(으)로 1개 층 내려가기 (1F → B1, 엘리베이터) | 2. [B1] 대합실로 이동 | 3. [B1] 표 내는 곳 통과 | 4. 정발산 방면 엘리베이터(으)로 1개 층 내려가기 (B1 → B2, 엘리베이터) | 5. [B2] 정발산 방면 승강장으로 이동 | 6. [B2] 승차 (휠체어칸)"
KR_3_0508,3호선,정발산,1,출입구-승강장,1,1번 출입구 옆 엘리베이터 → 주엽 방면,1F → B1 → B2,6,2,0,"1번 출입구 옆 엘리베이터(으)로 1개 층 내려가기 (1F → B1, 엘리베이터) → [B1] 대합실로 이동 → [B1] 표 내는 곳 통과 → 주엽 방면 엘리베이터(으)로 1개 층 내려가기 (B1 → B2, 엘리베이터) → [B2] 주엽 방면 승강장으로 이동 → [B2] 승차 (휠체어칸)","1. 1번 출입구 옆 엘리베이터(으)로 1개 층 내려가기 (1F → B1, 엘리베이터) | 2. [B1] 대합실로 이동 | 3. [B1] 표 내는 곳 통과 | 4. 주엽 방면 엘리베이터(으)로 1개 층 내려가기 (B1 → B2, 엘리베이터) | 5. [B2] 주엽 방면 승강장으로 이동 | 6. [B2] 승차 (휠체어칸)"
KR_3_0508,3호선,정발산,1,출입구-승강장,2,1번 출입구 옆 엘리베이터 → 마두 방면,1F → B1 → B2,6,2,0,"1번 출입구 옆 엘리베이터(으)로 1개 층 내려가기 (1F → B1, 엘리베이터) → [B1] 대합실로 이동 → [B1] 표 내는 곳 통과 → 마두 방면 엘리베이터(으)로 1개 층 내려가기 (B1 → B2, 엘리베이터) → [B2] 마두 방면 승강장으로 이동 → [B2] 승차 (휠체어칸)","1. 1번 출입구 옆 엘리베이터(으)로 1개 층 내려가기 (1F → B1, 엘리베이터) | 2. [B1] 대합실로 이동 | 3. [B1] 표 내는 곳 통과 | 4. 마두 방면 엘리베이터(으)로 1개 층 내려가기 (B1 → B2, 엘리베이터) | 5. [B2] 마두 방면 승강장으로 이동 | 6. [B2] 승차 (휠체어칸)"
KR_3_0508,3호선,정발산,1,출입구-승강장,3,4번 출입구 옆 엘리베이터 → 주엽 방면,1F → B1 → B2,6,2,0,"4번 출입구 옆 엘리베이터(으)로 1개 층 내려가기 (1F → B1, 엘리베이터) → [B1] 대합실로 이동 → [B1] 표 내는 곳 통과 → 주엽 방면 엘리베이터(으)로 1개 층 내려가기 (B1 → B2, 엘리베이터) → [B2] 주엽 방면 승강장으로 이동 → [B2] 승차 (휠체어칸)","1. 4번 출입구 옆 엘리베이터(으)로 1개 층 내려가기 (1F → B1, 엘리베이터) | 2. [B1] 대합실로 이동 | 3. [B1] 표 내는 곳 통과 | 4. 주엽 방면 엘리베이터(으)로 1개 층 내려가기 (B1 → B2, 엘리베이터) | 5. [B2] 주엽 방면 승강장으로 이동 | 6. [B2] 승차 (휠체어칸)"
KR_3_0508,3호선,정발산,1,출입구-승강장,4,4번 출입구 옆 엘리베이터 → 마두 방면,1F → B1 → B2,6,2,0,"4번 출입구 옆 엘리베이터(으)로 1개 층 내려가기 (1F → B1, 엘리베이터) → [B1] 대합실로 이동 → [B1] 표 내는 곳 통과 → 마두 방면 엘리베이터(으)로 1개 층 내려가기 (B1 → B2, 엘리베이터) → [B2] 마두 방면 승강장으로 이동 → [B2] 승차 (휠체어칸)","1. 4번 출입구 옆 엘리베이터(으)로 1개 층 내려가기 (1F → B1, 엘리베이터) | 2. [B1] 대합실로 이동 | 3. [B1] 표 내는 곳 통과 | 4. 마두 방면 엘리베이터(으)로 1개 층 내려가기 (B1 → B2, 엘리베이터) | 5. [B2] 마두 방면 승강장으로 이동 | 6. [B2] 승차 (휠체어칸)"
KR_3_0179,3호선,마두,1,출입구-승강장,1,6번/7번 출입구 사이 엘리베이터 → 정발산 방면,1F → B1 → B2,6,2,0,"6번/7번 출입구 사이 엘리베이터(으)로 1개 층 내려가기 (1F → B1, 엘리베이터) → [B1] 대합실로 이동 → [B1] 표 내는 곳 통과 → 정발산 방면 엘리베이터(으)로 1개 층 내려가기 (B1 → B2, 엘리베이터) → [B2] 정발산 방면 승강장으로 이동 → [B2] 승차 (휠체어칸)","1. 6번/7번 출입구 사이 엘리베이터(으)로 1개 층 내려가기 (1F → B1, 엘리베이터) | 2. [B1] 대합실로 이동 | 3. [B1] 표 내는 곳 통과 | 4. 정발산 방면 엘리베이터(으)로 1개 층 내려가기 (B1 → B2, 엘리베이터) | 5. [B2] 정발산 방면 승강장으로 이동 | 6. [B2] 승차 (휠체어칸)"
KR_3_0179,3호선,마두,1,출입구-승강장,2,6번/7번 출입구 사이 엘리베이터 → 백석 방면,1F → B1 → B2,6,2,0,"6번/7번 출입구 사이 엘리베이터(으)로 1개 층 내려가기 (1F → B1, 엘리베이터) → [B1] 대합실로 이동 → [B1] 표 내는 곳 통과 → 백석 방면 엘리베이터(으)로 1개 층 내려가기 (B1 → B2, 엘리베이터) → [B2] 백석 방면 승강장으로 이동 → [B2] 승차 (휠체어칸)","1. 6번/7번 출입구 사이 엘리베이터(으)로 1개 층 내려가기 (1F → B1, 엘리베이터) | 2. [B1] 대합실로 이동 | 3. [B1] 표 내는 곳 통과 | 4. 백석 방면 엘리베이터(으)로 1개 층 내려가기 (B1 → B2, 엘리베이터) | 5. [B2] 백석 방면 승강장으로 이동 | 6. [B2] 승차 (휠체어칸)"
KR_3_0224,3호선,백석,1,출입구-승강장,1,4번 출입구 옆 엘리베이터 → 마두 방면,1F → B1 → B2,6,2,0,"4번 출입구 옆 엘리베이터(으)로 1개 층 내려가기 (1F → B1, 엘리베이터) → [B1] 대합실로 이동 → [B1] 표 내는 곳 통과 → 승강장 방향 엘리베이터(으)로 1개 층 내려가기 (B1 → B2, 엘리베이터) → [B2] 마두 방면 승강장으로 이동 → [B2] 승차 (휠체어칸)","1. 4번 출입구 옆 엘리베이터(으)로 1개 층 내려가기 (1F → B1, 엘리베이터) | 2. [B1] 대합실로 이동 | 3. [B1] 표 내는 곳 통과 | 4. 승강장 방향 엘리베이터(으)로 1개 층 내려가기 (B1 → B2, 엘리베이터) | 5. [B2] 마두 방면 승강장으로 이동 | 6. [B2] 승차 (휠체어칸)"
KR_3_0224,3호선,백석,1,출입구-승강장,2,4번 출입구 옆 엘리베이터 → 대곡 방면,1F → B1 → B2,6,2,0,"4번 출입구 옆 엘리베이터(으)로 1개 층 내려가기 (1F → B1, 엘리베이터) → [B1] 대합실로 이동 → [B1] 표 내는 곳 통과 → 승강장 방향 엘리베이터(으)로 1개 층 내려가기 (B1 → B2, 엘리베이터) → [B2] 대곡 방면 승강장으로 이동 → [B2] 승차 (휠체어칸)","1. 4번 출입구 옆 엘리베이터(으)로 1개 층 내려가기 (1F → B1, 엘리베이터) | 2. [B1] 대합실로 이동 | 3. [B1] 표 내는 곳 통과 | 4. 승강장 방향 엘리베이터(으)로 1개 층 내려가기 (B1 → B2, 엘리베이터) | 5. [B2] 대곡 방면 승강장으로 이동 | 6. [B2] 승차 (휠체어칸)"
KR_3_0128,3호선,대곡,1,출입구-승강장,1,5번 출입구 옆 엘리베이터 → 백석 방면,1F → 2F → 3F,6,2,0,"[1F] 5번 출입구 옆 엘리베이터 이동 → 대합실 방향 엘리베이터(으)로 1개 층 올라가기 (1F → 2F, 엘리베이터) → [2F] 엘리베이터 앞 표 내는 곳 통과 → 백석 방면 승강장 방향 엘리베이터(으)로 1개 층 올라가기 (2F → 3F, 엘리베이터) → [3F] 백석 방면 승강장으로 이동 → [3F] 승차 (휠체어칸)","1. [1F] 5번 출입구 옆 엘리베이터 이동 | 2. 대합실 방향 엘리베이터(으)로 1개 층 올라가기 (1F → 2F, 엘리베이터) | 3. [2F] 엘리베이터 앞 표 내는 곳 통과 | 4. 백석 방면 승강장 방향 엘리베이터(으)로 1개 층 올라가기 (2F → 3F, 엘리베이터) | 5. [3F] 백석 방면 승강장으로 이동 | 6. [3F] 승차 (휠체어칸)"
KR_3_0128,3호선,대곡,1,출입구-승강장,2,5번 출입구 옆 엘리베이터 → 화정 방면,1F → 2F → 3F,6,2,0,"[1F] 5번 출입구 옆 엘리베이터 이동 → 대합실 방향 엘리베이터(으)로 1개 층 올라가기 (1F → 2F, 엘리베이터) → [2F] 엘리베이터 앞 표 내는 곳 통과 → 화정 방면 승강장 방향 엘리베이터(으)로 1개 층 올라가기 (2F → 3F, 엘리베이터) → [3F] 화정 방면 승강장으로 이동 → [3F] 승차 (휠체어칸)","1. [1F] 5번 출입구 옆 엘리베이터 이동 | 2. 대합실 방향 엘리베이터(으)로 1개 층 올라가기 (1F → 2F, 엘리베이터) | 3. [2F] 엘리베이터 앞 표 내는 곳 통과 | 4. 화정 방면 승강장 방향 엘리베이터(으)로 1개 층 올라가기 (2F → 3F, 엘리베이터) | 5. [3F] 화정 방면 승강장으로 이동 | 6. [3F] 승차 (휠체어칸)"
KR_3_0128,3호선,대곡,3,환승,1,3호선 백석방면 승강장 → 경의중앙선 곡산방면 승강장,,6,0,0,3호선 백석역방면 2호차 하차 → 3층 환승통로 이동 → 2층 환승통로 이동 → 엘리베이터 5호기 이동 → 경의중앙선 곡산방면 승강장 → 엘리베이터 1호기 이용 (엘리베이터),1. 3호선 백석역방면 2호차 하차 | 2. 3층 환승통로 이동 | 3. 2층 환승통로 이동 | 4. 엘리베이터 5호기 이동 | 5. 경의중앙선 곡산방면 승강장 | 6. 엘리베이터 1호기 이용 (엘리베이터)
KR_3_0128,3호선,대곡,3,환승,2,3호선 백석방면 승강장 → 경의중앙선 능곡방면 승강장,,6,0,0,3호선 백석역방면 2호차 하차 → 3층 환승통로 이동 → 2층 환승통로 이동 → 엘리베이터 6호기 이동 → 경의중앙선 능곡방면 승강장 → 엘리베이터 1호기 이용 (엘리베이터),1. 3호선 백석역방면 2호차 하차 | 2. 3층 환승통로 이동 | 3. 2층 환승통로 이동 | 4. 엘리베이터 6호기 이동 | 5. 경의중앙선 능곡방면 승강장 | 6. 엘리베이터 1호기 이용 (엘리베이터)
KR_3_0128,3호선,대곡,3,환승,3,3호선 화정방면 승강장 → 경의중앙선 곡산방면 승강장,,6,0,0,3호선 화정역방면 6호차 하차 → 3층 환승통로 이동 → 2층 환승통로 이동 → 엘리베이터 5호기 이동 → 경의중앙선 곡산방면 승강장 → 엘리베이터 1호기 이용 (엘리베이터),1. 3호선 화정역방면 6호차 하차 | 2. 3층 환승통로 이동 | 3. 2층 환승통로 이동 | 4. 엘리베이터 5호기 이동 | 5. 경의중앙선 곡산방면 승강장 | 6. 엘리베이터 1호기 이용 (엘리베이터)
KR_3_0128,3호선,대곡,3,환승,4,3호선 화정방면 승강장 → 경의중앙선 능곡방면 승강장,,6,0,0,3호선 화정역방면 6호차 하차 → 3층 환승통로 이동 → 2층 환승통로 이동 → 엘리베이터 6호기 이동 → 경의중앙선 능곡방면 승강장 → 엘리베이터 1호기 이용 (엘리베이터),1. 3호선 화정역방면 6호차 하차 | 2. 3층 환승통로 이동 | 3. 2층 환승통로 이동 | 4. 엘리베이터 6호기 이동 | 5. 경의중앙선 능곡방면 승강장 | 6. 엘리베이터 1호기 이용 (엘리베이터)
KR_3_0603,3호선,화정,1,출입구-승강장,1,1번 출입구 옆 엘리베이터 → 대곡 방면,1F → B1 → B2,6,2,0,"1번 출입구 옆 엘리베이터(으)로 1개 층 내려가기 (1F → B1, 엘리베이터) → [B1] 대합실로 이동 → [B1] 표 내는 곳 통과 → 대곡 방면 엘리베이터(으)로 1개 층 내려가기 (B1 → B2, 엘리베이터) → [B2] 대곡 방면 승강장으로 이동 → [B2] 승차 (휠체어칸)","1. 1번 출입구 옆 엘리베이터(으)로 1개 층 내려가기 (1F → B1, 엘리베이터) | 2. [B1] 대합실로 이동 | 3. [B1] 표 내는 곳 통과 | 4. 대곡 방면 엘리베이터(으)로 1개 층 내려가기 (B1 → B2, 엘리베이터) | 5. [B2] 대곡 방면 승강장으로 이동 | 6. [B2] 승차 (휠체어칸)"
KR_3_0603,3호선,화정,1,출입구-승강장,2,1번 출입구 옆 엘리베이터 → 원당 방면,1F → B1 → B2,6,2,0,"1번 출입구 옆 엘리베이터(으)로 1개 층 내려가기 (1F → B1, 엘리베이터) → [B1] 대합실로 이동 → [B1] 표 내는 곳 통과 → 원당 방면 엘리베이터(으)로 1개 층 내려가기 (B1 → B2, 엘리베이터) → [B2] 원당 방면 승강장으로 이동 → [B2] 승차 (휠체어칸)","1. 1번 출입구 옆 엘리베이터(으)로 1개 층 내려가기 (1F → B1, 엘리베이터) | 2. [B1] 대합실로 이동 | 3. [B1] 표 내는 곳 통과 | 4. 원당 방면 엘리베이터(으)로 1개 층 내려가기 (B1 → B2, 엘리베이터) | 5. [B2] 원당 방면 승강장으로 이동 | 6. [B2] 승차 (휠체어칸)"
KR_3_0603,3호선,화정,1,출입구-승강장,3,3번 출입구 옆 엘리베이터 → 대곡 방면,1F → B1 → B2,6,2,0,"3번 출입구 옆 엘리베이터(으)로 1개 층 내려가기 (1F → B1, 엘리베이터) → [B1] 대합실로 이동 → [B1] 표 내는 곳 통과 → 대곡 방면 엘리베이터(으)로 1개 층 내려가기 (B1 → B2, 엘리베이터) → [B2] 대곡 방면 승강장으로 이동 → [B2] 승차 (휠체어칸)","1. 3번 출입구 옆 엘리베이터(으)로 1개 층 내려가기 (1F → B1, 엘리베이터) | 2. [B1] 대합실로 이동 | 3. [B1] 표 내는 곳 통과 | 4. 대곡 방면 엘리베이터(으)로 1개 층 내려가기 (B1 → B2, 엘리베이터) | 5. [B2] 대곡 방면 승강장으로 이동 | 6. [B2] 승차 (휠체어칸)"
KR_3_0603,3호선,화정,1,출입구-승강장,4,3번 출입구 옆 엘리베이터 → 원당 방면,1F → B1 → B2,6,2,0,"3번 출입구 옆 엘리베이터(으)로 1개 층 내려가기 (1F → B1, 엘리베이터) → [B1] 대합실로 이동 → [B1] 표 내는 곳 통과 → 원당 방면 엘리베이터(으)로 1개 층 내려가기 (B1 → B2, 엘리베이터) → [B2] 원당 방면 승강장으로 이동 → [B2] 승차 (휠체어칸)","1. 3번 출입구 옆 엘리베이터(으)로 1개 층 내려가기 (1F → B1, 엘리베이터) | 2. [B1] 대합실로 이동 | 3. [B1] 표 내는 곳 통과 | 4. 원당 방면 엘리베이터(으)로 1개 층 내려가기 (B1 → B2, 엘리베이터) | 5. [B2] 원당 방면 승강장으로 이동 | 6. [B2] 승차 (휠체어칸)"
KR_3_0456,3호선,원당,1,출입구-승강장,1,3번 출입구 옆 엘리베이터 → 화정 방면,1F → 2F → 3F,6,2,0,"3번 출입구 옆 엘리베이터(으)로 1개 층 올라가기 (1F → 2F, 엘리베이터) → [2F] 대합실로 이동 → [2F] 표 내는 곳 통과 → 화정 방면 엘리베이터(으)로 1개 층 올라가기 (2F → 3F, 엘리베이터) → [3F] 화정 방면 승강장으로 이동 → [3F] 승차 (휠체어칸)","1. 3번 출입구 옆 엘리베이터(으)로 1개 층 올라가기 (1F → 2F, 엘리베이터) | 2. [2F] 대합실로 이동 | 3. [2F] 표 내는 곳 통과 | 4. 화정 방면 엘리베이터(으)로 1개 층 올라가기 (2F → 3F, 엘리베이터) | 5. [3F] 화정 방면 승강장으로 이동 | 6. [3F] 승차 (휠체어칸)"
KR_3_0456,3호선,원당,1,출입구-승강장,2,3번 출입구 옆 엘리베이터 → 원흥 방면,1F → 2F → 3F,6,2,0,"3번 출입구 옆 엘리베이터(으)로 1개 층 올라가기 (1F → 2F, 엘리베이터) → [2F] 대합실로 이동 → [2F] 표 내는 곳 통과 → 원흥 방면 엘리베이터(으)로 1개 층 올라가기 (2F → 3F, 엘리베이터) → [3F] 원흥 방면 승강장으로 이동 → [3F] 승차 (휠체어칸)","1. 3번 출입구 옆 엘리베이터(으)로 1개 층 올라가기 (1F → 2F, 엘리베이터) | 2. [2F] 대합실로 이동 | 3. [2F] 표 내는 곳 통과 | 4. 원흥 방면 엘리베이터(으)로 1개 층 올라가기 (2F → 3F, 엘리베이터) | 5. [3F] 원흥 방면 승강장으로 이동 | 6. [3F] 승차 (휠체어칸)"
KR_3_0456,3호선,원당,1,출입구-승강장,3,5번/6번 출입구 사이 엘리베이터 → 화정 방면,1F → 2F → 3F,6,2,0,"5번/6번 출입구 사이 엘리베이터(으)로 1개 층 올라가기 (1F → 2F, 엘리베이터) → [2F] 대합실로 이동 → [2F] 표 내는 곳 통과 → 화정 방면 엘리베이터(으)로 1개 층 올라가기 (2F → 3F, 엘리베이터) → [3F] 화정 방면 승강장으로 이동 → [3F] 승차 (휠체어칸)","1. 5번/6번 출입구 사이 엘리베이터(으)로 1개 층 올라가기 (1F → 2F, 엘리베이터) | 2. [2F] 대합실로 이동 | 3. [2F] 표 내는 곳 통과 | 4. 화정 방면 엘리베이터(으)로 1개 층 올라가기 (2F → 3F, 엘리베이터) | 5. [3F] 화정 방면 승강장으로 이동 | 6. [3F] 승차 (휠체어칸)"
KR_3_0456,3호선,원당,1,출입구-승강장,4,5번/6번 출입구 사이 엘리베이터 → 원흥 방면,1F → 2F → 3F,6,2,0,"5번/6번 출입구 사이 엘리베이터(으)로 1개 층 올라가기 (1F → 2F, 엘리베이터) → [2F] 대합실로 이동 → [2F] 표 내는 곳 통과 → 원흥 방면 엘리베이터(으)로 1개 층 올라가기 (2F → 3F, 엘리베이터) → [3F] 원흥 방면 승강장으로 이동 → [3F] 승차 (휠체어칸)","1. 5번/6번 출입구 사이 엘리베이터(으)로 1개 층 올라가기 (1F → 2F, 엘리베이터) | 2. [2F] 대합실로 이동 | 3. [2F] 표 내는 곳 통과 | 4. 원흥 방면 엘리베이터(으)로 1개 층 올라가기 (2F → 3F, 엘리베이터) | 5. [3F] 원흥 방면 승강장으로 이동 | 6. [3F] 승차 (휠체어칸)"
KR_3_0036,3호선,원흥,1,출입구-승강장,1,1번/2번 출입구 사이 엘리베이터 → 원당 방면,1F → B1 → B2 → B1,10,3,0,"1번/2번 출입구 사이 엘리베이터(으)로 1개 층 내려가기 (1F → B1, 엘리베이터) → [B1] 대합실로 이동 → [B1] 표 내는 곳 통과 → [B1] 삼송 방면 승강장으로 이동 → [B1] 이동통로 방향 표 내는 곳 통과 → 이동통로 방향 엘리베이터(으)로 1개 층 내려가기 (B1 → B2, 엘리베이터) → [B2] 이동통로로 이동 → 원당 방면 엘리베이터(으)로 1개 층 올라가기 (B2 → B1, 엘리베이터) → [B1] 원당 방면 승강장으로 이동 → [B1] 승차 (휠체어칸)","1. 1번/2번 출입구 사이 엘리베이터(으)로 1개 층 내려가기 (1F → B1, 엘리베이터) | 2. [B1] 대합실로 이동 | 3. [B1] 표 내는 곳 통과 | 4. [B1] 삼송 방면 승강장으로 이동 | 5. [B1] 이동통로 방향 표 내는 곳 통과 | 6. 이동통로 방향 엘리베이터(으)로 1개 층 내려가기 (B1 → B2, 엘리베이터) | 7. [B2] 이동통로로 이동 | 8. 원당 방면 엘리베이터(으)로 1개 층 올라가기 (B2 → B1, 엘리베이터) | 9. [B1] 원당 방면 승강장으로 이동 | 10. [B1] 승차 (휠체어칸)"
KR_3_0036,3호선,원흥,1,출입구-승강장,2,1번/2번 출입구 사이 엘리베이터 → 삼송 방면,1F → B1,5,1,0,"1번/2번 출입구 사이 엘리베이터(으)로 1개 층 내려가기 (1F → B1, 엘리베이터) → [B1] 대합실로 이동 → [B1] 표 내는 곳 통과 → [B1] 삼송 방면 승강장으로 이동 → [B1] 승차 (휠체어칸)","1. 1번/2번 출입구 사이 엘리베이터(으)로 1개 층 내려가기 (1F → B1, 엘리베이터) | 2. [B1] 대합실로 이동 | 3. [B1] 표 내는 곳 통과 | 4. [B1] 삼송 방면 승강장으로 이동 | 5. [B1] 승차 (휠체어칸)"
KR_3_0036,3호선,원흥,1,출입구-승강장,3,4번 출입구 옆 엘리베이터 → 원당 방면,1F → B1 → B2 → B1,8,3,0,"4번 출입구 옆 엘리베이터(으)로 1개 층 내려가기 (1F → B1, 엘리베이터) → [B1] 대합실로 이동 → [B1] 표 내는 곳 통과 → 이동통로 방향 엘리베이터(으)로 1개 층 내려가기 (B1 → B2, 엘리베이터) → [B2] 이동통로로 이동 → 원당 방면 엘리베이터(으)로 1개 층 올라가기 (B2 → B1, 엘리베이터) → [B1] 원당 방면 승강장으로 이동 → [B1] 승차 (휠체어칸)","1. 4번 출입구 옆 엘리베이터(으)로 1개 층 내려가기 (1F → B1, 엘리베이터) | 2. [B1] 대합실로 이동 | 3. [B1] 표 내는 곳 통과 | 4. 이동통로 방향 엘리베이터(으)로 1개 층 내려가기 (B1 → B2, 엘리베이터) | 5. [B2] 이동통로로 이동 | 6. 원당 방면 엘리베이터(으)로 1개 층 올라가기 (B2 → B1, 엘리베이터) | 7. [B1] 원당 방면 승강장으로 이동 | 8. [B1] 승차 (휠체어칸)"
KR_3_0036,3호선,원흥,1,출입구-승강장,4,4번 출입구 옆 엘리베이터 → 삼송 방면,1F → B1,5,1,0,"4번 출입구 옆 엘리베이터(으)로 1개 층 내려가기 (1F → B1, 엘리베이터) → [B1] 대합실로 이동 → [B1] 표 내는 곳 통과 → [B1] 삼송 방면 승강장으로 이동 → [B1] 승차 (휠체어칸)","1. 4번 출입구 옆 엘리베이터(으)로 1개 층 내려가기 (1F → B1, 엘리베이터) | 2. [B1] 대합실로 이동 | 3. [B1] 표 내는 곳 통과 | 4. [B1] 삼송 방면 승강장으로 이동 | 5. [B1] 승차 (휠체어칸)"
KR_3_0036,3호선,원흥,1,출입구-승강장,5,5번 출입구 옆 엘리베이터 → 원당 방면,1F → B1,5,1,0,"5번 출입구 옆 엘리베이터(으)로 1개 층 내려가기 (1F → B1, 엘리베이터) → [B1] 대합실로 이동 → [B1] 표 내는 곳 통과 → [B1] 원당 방면 승강장으로 이동 → [B1] 승차 (휠체어칸)","1. 5번 출입구 옆 엘리베이터(으)로 1개 층 내려가기 (1F → B1, 엘리베이터) | 2. [B1] 대합실로 이동 | 3. [B1] 표 내는 곳 통과 | 4. [B1] 원당 방면 승강장으로 이동 | 5. [B1] 승차 (휠체어칸)"
KR_3_0036,3호선,원흥,1,출입구-승강장,6,5번 출입구 옆 엘리베이터 → 삼송 방면,1F → B1 → B2 → B1,10,3,0,"5번 출입구 옆 엘리베이터(으)로 1개 층 내려가기 (1F → B1, 엘리베이터) → [B1] 대합실로 이동 → [B1] 표 내는 곳 통과 → [B1] 원당 방면 승강장으로 이동 → 이동통로 방향 엘리베이터(으)로 1개 층 내려가기 (B1 → B2, 엘리베이터) → [B2] 이동통로로 이동 → 대합실 방향 엘리베이터(으)로 1개 층 올라가기 (B2 → B1, 엘리베이터) → [B1] 대합실로 이동 → [B1] 삼송 방면 승강장으로 이동 → [B1] 승차 (휠체어칸)","1. 5번 출입구 옆 엘리베이터(으)로 1개 층 내려가기 (1F → B1, 엘리베이터) | 2. [B1] 대합실로 이동 | 3. [B1] 표 내는 곳 통과 | 4. [B1] 원당 방면 승강장으로 이동 | 5. 이동통로 방향 엘리베이터(으)로 1개 층 내려가기 (B1 → B2, 엘리베이터) | 6. [B2] 이동통로로 이동 | 7. 대합실 방향 엘리베이터(으)로 1개 층 올라가기 (B2 → B1, 엘리베이터) | 8. [B1] 대합실로 이동 | 9. [B1] 삼송 방면 승강장으로 이동 | 10. [B1] 승차 (휠체어칸)"
KR_3_0036,3호선,원흥,1,출입구-승강장,7,7번 출입구 옆 엘리베이터 → 원당 방면,1F → B1,5,1,0,"7번 출입구 옆 엘리베이터(으)로 1개 층 내려가기 (1F → B1, 엘리베이터) → [B1] 대합실로 이동 → [B1] 표 내는 곳 통과 → [B1] 원당 방면 승강장으로 이동 → [B1] 승차 (휠체어칸)","1. 7번 출입구 옆 엘리베이터(으)로 1개 층 내려가기 (1F → B1, 엘리베이터) | 2. [B1] 대합실로 이동 | 3. [B1] 표 내는 곳 통과 | 4. [B1] 원당 방면 승강장으로 이동 | 5. [B1] 승차 (휠체어칸)"
KR_3_0036,3호선,원흥,1,출입구-승강장,8,7번 출입구 옆 엘리베이터 → 삼송 방면,1F → B1 → B2 → B1,10,3,0,"7번 출입구 옆 엘리베이터(으)로 1개 층 내려가기 (1F → B1, 엘리베이터) → [B1] 대합실로 이동 → [B1] 표 내는 곳 통과 → [B1] 원당 방면 승강장으로 이동 → 이동통로 방향 엘리베이터(으)로 1개 층 내려가기 (B1 → B2, 엘리베이터) → [B2] 이동통로로 이동 → 대합실 방향 엘리베이터(으)로 1개 층 올라가기 (B2 → B1, 엘리베이터) → [B1] 대합실로 이동 → [B1] 삼송 방면 승강장으로 이동 → [B1] 승차 (휠체어칸)","1. 7번 출입구 옆 엘리베이터(으)로 1개 층 내려가기 (1F → B1, 엘리베이터) | 2. [B1] 대합실로 이동 | 3. [B1] 표 내는 곳 통과 | 4. [B1] 원당 방면 승강장으로 이동 | 5. 이동통로 방향 엘리베이터(으)로 1개 층 내려가기 (B1 → B2, 엘리베이터) | 6. [B2] 이동통로로 이동 | 7. 대합실 방향 엘리베이터(으)로 1개 층 올라가기 (B2 → B1, 엘리베이터) | 8. [B1] 대합실로 이동 | 9. [B1] 삼송 방면 승강장으로 이동 | 10. [B1] 승차 (휠체어칸)"
KR_3_0268,3호선,삼송,1,출입구-승강장,1,5번 출입구 엘리베이터 → 원흉 방면,1F → B1 → B2,6,0,0,[1F] 5번 출입구 지상1층 엘리베이터 → [B1] 5번 출입구 지하1층 엘리베이터 → [B1] 표 내는 곳 통과 → [B1] 원흉방면 지하1층 승강장 엘리베이터 → [B2] 원흉방면 지하2층 승강장 엘리베이터 → [B2] 승차 (휠체어칸),1. [1F] 5번 출입구 지상1층 엘리베이터 | 2. [B1] 5번 출입구 지하1층 엘리베이터 | 3. [B1] 표 내는 곳 통과 | 4. [B1] 원흉방면 지하1층 승강장 엘리베이터 | 5. [B2] 원흉방면 지하2층 승강장 엘리베이터 | 6. [B2] 승차 (휠체어칸)
KR_3_0268,3호선,삼송,1,출입구-승강장,2,6번 출입구 엘리베이터 → 원흉 방면,1F → B1 → B2,6,0,0,[1F] 6번 출입구 지상1층 엘리베이터 → [B1] 6번 출입구 지하1층 엘리베이터 → [B1] 표 내는 곳 통과 → [B1] 원흉방면 지하1층 승강장 엘리베이터 → [B2] 원흉방면 지하2층 승강장 엘리베이터 → [B2] 승차 (휠체어칸),1. [1F] 6번 출입구 지상1층 엘리베이터 | 2. [B1] 6번 출입구 지하1층 엘리베이터 | 3. [B1] 표 내는 곳 통과 | 4. [B1] 원흉방면 지하1층 승강장 엘리베이터 | 5. [B2] 원흉방면 지하2층 승강장 엘리베이터 | 6. [B2] 승차 (휠체어칸)
KR_3_0268,3호선,삼송,1,출입구-승강장,3,7/8번 출입구 엘리베이터 → 원흉 방면,1F → B1 → B2,6,0,0,"[1F] 7번,8번 출입구 사이 지상1층 엘리베이터 → [B1] 7번,8번 출입구 사이 지하1층 엘리베이터 → [B1] 표 내는 곳 통과 → [B1] 원흉방면 지하1층 승강장 엘리베이터 → [B2] 원흉방면 지하2층 승강장 엘리베이터 → [B2] 승차 (휠체어칸)","1. [1F] 7번,8번 출입구 사이 지상1층 엘리베이터 | 2. [B1] 7번,8번 출입구 사이 지하1층 엘리베이터 | 3. [B1] 표 내는 곳 통과 | 4. [B1] 원흉방면 지하1층 승강장 엘리베이터 | 5. [B2] 원흉방면 지하2층 승강장 엘리베이터 | 6. [B2] 승차 (휠체어칸)"
KR_3_0268,3호선,삼송,1,출입구-승강장,4,5번 출입구 엘리베이터 → 지축 방면,1F → B1 → B2,6,0,0,[1F] 5번 출입구 지상1층 엘리베이터 → [B1] 5번 출입구 지하1층 엘리베이터 → [B1] 표 내는 곳 통과 → [B1] 지축방면 지하1층 승강장 엘리베이터 → [B2] 지축방면 지하2층 승강장 엘리베이터 → [B2] 승차 (휠체어칸),1. [1F] 5번 출입구 지상1층 엘리베이터 | 2. [B1] 5번 출입구 지하1층 엘리베이터 | 3. [B1] 표 내는 곳 통과 | 4. [B1] 지축방면 지하1층 승강장 엘리베이터 | 5. [B2] 지축방면 지하2층 승강장 엘리베이터 | 6. [B2] 승차 (휠체어칸)
KR_3_0268,3호선,삼송,1,출입구-승강장,5,6번 출입구 엘리베이터 → 지축 방면,1F → B1 → B2,6,0,0,[1F] 6번 출입구 지상1층 엘리베이터 → [B1] 6번 출입구 지하1층 엘리베이터 → [B1] 지축방면 지하1층 엘리베이터 → [B1] 지축방면 지하1층 승강장 엘리베이터 → [B2] 지축방면 지하2층 승강장 엘리베이터 → [B2] 승차 (휠체어칸),1. [1F] 6번 출입구 지상1층 엘리베이터 | 2. [B1] 6번 출입구 지하1층 엘리베이터 | 3. [B1] 지축방면 지하1층 엘리베이터 | 4. [B1] 지축방면 지하1층 승강장 엘리베이터 | 5. [B2] 지축방면 지하2층 승강장 엘리베이터 | 6. [B2] 승차 (휠체어칸)
KR_3_0268,3호선,삼송,1,출입구-승강장,6,7/8번 출입구 엘리베이터 → 지축 방면,1F → B1 → B2,6,0,0,"[1F] 7번,8번 출입구 사이 지상1층 엘리베이터 → [B1] 7번,8번 출입구 사이 지하1층 엘리베이터 → [B1] 표 내는 곳 통과 → [B1] 지축방면 지하1층 승강장 엘리베이터 → [B2] 지축방면 지하2층 승강장 엘리베이터 → [B2] 승차 (휠체어칸)","1. [1F] 7번,8번 출입구 사이 지상1층 엘리베이터 | 2. [B1] 7번,8번 출입구 사이 지하1층 엘리베이터 | 3. [B1] 표 내는 곳 통과 | 4. [B1] 지축방면 지하1층 승강장 엘리베이터 | 5. [B2] 지축방면 지하2층 승강장 엘리베이터 | 6. [B2] 승차 (휠체어칸)"
S1_3_0536,3호선,지축,1,출입구-승강장,1,1번 출입구 → 삼송 방면,1F → 2F,5,1,0,"[1F] 1번 출입구 대합실로 이동 → [1F] 대합실 표 내는 곳 통과 → 승강장 방향 엘리베이터(으)로 1개 층 올라가기 (1F → 2F, 엘리베이터) → [2F] 삼송 방면 승강장으로 이동 → [2F] 승차 (휠체어칸)","1. [1F] 1번 출입구 대합실로 이동 | 2. [1F] 대합실 표 내는 곳 통과 | 3. 승강장 방향 엘리베이터(으)로 1개 층 올라가기 (1F → 2F, 엘리베이터) | 4. [2F] 삼송 방면 승강장으로 이동 | 5. [2F] 승차 (휠체어칸)"
S1_3_0536,3호선,지축,1,출입구-승강장,2,1번 출입구 → 구파발 방면,1F → 2F,5,1,0,"[1F] 1번 출입구 대합실로 이동 → [1F] 대합실 표 내는 곳 통과 → 승강장 방향 엘리베이터(으)로 1개 층 올라가기 (1F → 2F, 엘리베이터) → [2F] 구파발 방면 승강장으로 이동 → [2F] 승차 (휠체어칸)","1. [1F] 1번 출입구 대합실로 이동 | 2. [1F] 대합실 표 내는 곳 통과 | 3. 승강장 방향 엘리베이터(으)로 1개 층 올라가기 (1F → 2F, 엘리베이터) | 4. [2F] 구파발 방면 승강장으로 이동 | 5. [2F] 승차 (휠체어칸)"
S1_3_0078,3호선,구파발,1,출입구-승강장,1,1번 출입구 옆 엘리베이터 → 지축 방면,1F → B1 → B2,6,2,0,"1번 출입구 옆 엘리베이터(으)로 1개 층 내려가기 (1F → B1, 엘리베이터) → [B1] 대합실로 이동 → [B1] 엘리베이터 앞 표 내는 곳 통과 → 승강장 방향 엘리베이터(으)로 1개 층 내려가기 (B1 → B2, 엘리베이터) → [B2] 지축 방면 승강장으로 이동 → [B2] 승차 (휠체어칸)","1. 1번 출입구 옆 엘리베이터(으)로 1개 층 내려가기 (1F → B1, 엘리베이터) | 2. [B1] 대합실로 이동 | 3. [B1] 엘리베이터 앞 표 내는 곳 통과 | 4. 승강장 방향 엘리베이터(으)로 1개 층 내려가기 (B1 → B2, 엘리베이터) | 5. [B2] 지축 방면 승강장으로 이동 | 6. [B2] 승차 (휠체어칸)"
S1_3_0078,3호선,구파발,1,출입구-승강장,2,1번 출입구 옆 엘리베이터 → 연신내 방면,1F → B1 → B2,6,2,0,"1번 출입구 옆 엘리베이터(으)로 1개 층 내려가기 (1F → B1, 엘리베이터) → [B1] 대합실로 이동 → [B1] 엘리베이터 앞 표 내는 곳 통과 → 승강장 방향 엘리베이터(으)로 1개 층 내려가기 (B1 → B2, 엘리베이터) → [B2] 연신내 방면 승강장으로 이동 → [B2] 승차 (휠체어칸)","1. 1번 출입구 옆 엘리베이터(으)로 1개 층 내려가기 (1F → B1, 엘리베이터) | 2. [B1] 대합실로 이동 | 3. [B1] 엘리베이터 앞 표 내는 곳 통과 | 4. 승강장 방향 엘리베이터(으)로 1개 층 내려가기 (B1 → B2, 엘리베이터) | 5. [B2] 연신내 방면 승강장으로 이동 | 6. [B2] 승차 (휠체어칸)"
S1_3_0418,3호선,연신내,1,출입구-승강장,1,6번출구 엘리베이터 → 구파발 방면,1F → B1 → B2,6,2,0,"6번출구 옆 엘리베이터(으)로 1개 층 내려가기 (1F → B1, 엘리베이터) → [B1] 대합실로 이동 → [B1] 엘리베이터 앞 표 내는 곳 통과 → 승강장 방향 엘리베이터(으)로 1개 층 내려가기 (B1 → B2, 엘리베이터) → [B2] 구파발 방면 승강장으로 이동 → [B2] 승차 (휠체어칸)","1. 6번출구 옆 엘리베이터(으)로 1개 층 내려가기 (1F → B1, 엘리베이터) | 2. [B1] 대합실로 이동 | 3. [B1] 엘리베이터 앞 표 내는 곳 통과 | 4. 승강장 방향 엘리베이터(으)로 1개 층 내려가기 (B1 → B2, 엘리베이터) | 5. [B2] 구파발 방면 승강장으로 이동 | 6. [B2] 승차 (휠체어칸)"
S1_3_0418,3호선,연신내,1,출입구-승강장,2,6번출구 엘리베이터 → 불광 방면,1F → B1 → B2,6,2,0,"6번출구 옆 엘리베이터(으)로 1개 층 내려가기 (1F → B1, 엘리베이터) → [B1] 대합실로 이동 → [B1] 엘리베이터 앞 표 내는 곳 통과 → 승강장 방향 엘리베이터(으)로 1개 층 내려가기 (B1 → B2, 엘리베이터) → [B2] 불광 방면 승강장으로 이동 → [B2] 승차 (휠체어칸)","1. 6번출구 옆 엘리베이터(으)로 1개 층 내려가기 (1F → B1, 엘리베이터) | 2. [B1] 대합실로 이동 | 3. [B1] 엘리베이터 앞 표 내는 곳 통과 | 4. 승강장 방향 엘리베이터(으)로 1개 층 내려가기 (B1 → B2, 엘리베이터) | 5. [B2] 불광 방면 승강장으로 이동 | 6. [B2] 승차 (휠체어칸)"
S1_3_0418,3호선,연신내,3,환승,1,3호선 구파발 방면 → 6호선 구산 방면,B2 → B1 → B5,7,2,0,"[B2] 3호선 구파발 방면 승강장 하차 → 대합실 방향 엘리베이터(으)로 1개 층 올라가기 (B2 → B1, 엘리베이터) → [B1] 대합실로 이동 → [B1] 6호선 대합실로 이동 → 6호선 승강장 방향 엘리베이터(으)로 4개 층 내려가기 (B1 → B5, 엘리베이터) → [B5] 6호선 구산 방면 승강장으로 이동 → [B5] 승차 (휠체어칸)","1. [B2] 3호선 구파발 방면 승강장 하차 | 2. 대합실 방향 엘리베이터(으)로 1개 층 올라가기 (B2 → B1, 엘리베이터) | 3. [B1] 대합실로 이동 | 4. [B1] 6호선 대합실로 이동 | 5. 6호선 승강장 방향 엘리베이터(으)로 4개 층 내려가기 (B1 → B5, 엘리베이터) | 6. [B5] 6호선 구산 방면 승강장으로 이동 | 7. [B5] 승차 (휠체어칸)"
S1_3_0418,3호선,연신내,3,환승,2,3호선 불광 방면 → 6호선 구산 방면,B2 → B1 → B5,7,2,0,"[B2] 3호선 불광 방면 승강장 하차 → 대합실 방향 엘리베이터(으)로 1개 층 올라가기 (B2 → B1, 엘리베이터) → [B1] 대합실로 이동 → [B1] 6호선 대합실로 이동 → 6호선 승강장 방향 엘리베이터(으)로 4개 층 내려가기 (B1 → B5, 엘리베이터) → [B5] 6호선 구산 방면 승강장으로 이동 → [B5] 승차 (휠체어칸)","1. [B2] 3호선 불광 방면 승강장 하차 | 2. 대합실 방향 엘리베이터(으)로 1개 층 올라가기 (B2 → B1, 엘리베이터) | 3. [B1] 대합실로 이동 | 4. [B1] 6호선 대합실로 이동 | 5. 6호선 승강장 방향 엘리베이터(으)로 4개 층 내려가기 (B1 → B5, 엘리베이터) | 6. [B5] 6호선 구산 방면 승강장으로 이동 | 7. [B5] 승차 (휠체어칸)"
S1_3_0255,3호선,불광,1,출입구-승강장,1,1번 출입구 옆 엘리베이터 → 연신내 방면,1F → B1 → B2,6,2,0,"1번 출입구 옆 엘리베이터(으)로 1개 층 내려가기 (1F → B1, 엘리베이터) → [B1] 대합실로 이동 → [B1] 연신내 방면 엘리베이터 앞 표 내는 곳 통과 → 연신내 방면 엘리베이터(으)로 1개 층 내려가기 (B1 → B2, 엘리베이터) → [B2] 연신내 방면 승강장으로 이동 → [B2] 승차 (휠체어칸)","1. 1번 출입구 옆 엘리베이터(으)로 1개 층 내려가기 (1F → B1, 엘리베이터) | 2. [B1] 대합실로 이동 | 3. [B1] 연신내 방면 엘리베이터 앞 표 내는 곳 통과 | 4. 연신내 방면 엘리베이터(으)로 1개 층 내려가기 (B1 → B2, 엘리베이터) | 5. [B2] 연신내 방면 승강장으로 이동 | 6. [B2] 승차 (휠체어칸)"
S1_3_0255,3호선,불광,1,출입구-승강장,2,1번 출입구 옆 엘리베이터 → 녹번 방면,1F → B1 → B2,6,2,0,"1번 출입구 옆 엘리베이터(으)로 1개 층 내려가기 (1F → B1, 엘리베이터) → [B1] 대합실로 이동 → [B1] 녹번 방면 엘리베이터 앞 표 내는 곳 통과 → 녹번 방면 엘리베이터(으)로 1개 층 내려가기 (B1 → B2, 엘리베이터) → [B2] 녹번 방면 승강장으로 이동 → [B2] 승차 (휠체어칸)","1. 1번 출입구 옆 엘리베이터(으)로 1개 층 내려가기 (1F → B1, 엘리베이터) | 2. [B1] 대합실로 이동 | 3. [B1] 녹번 방면 엘리베이터 앞 표 내는 곳 통과 | 4. 녹번 방면 엘리베이터(으)로 1개 층 내려가기 (B1 → B2, 엘리베이터) | 5. [B2] 녹번 방면 승강장으로 이동 | 6. [B2] 승차 (휠체어칸)"
S1_3_0255,3호선,불광,1,출입구-승강장,3,8번 출입구 옆 엘리베이터 → 연신내 방면,1F → B1 → B2,8,2,0,"8번 출입구 옆 엘리베이터(으)로 1개 층 내려가기 (1F → B1, 엘리베이터) → [B1] 대합실 이동 → 6호선 대합실 방향 엘리베이터 앞 표 내는 곳 통과 후 엘리베이터(으)로 1개 층 내려가기 (B1 → B2, 엘리베이터) → [B2] 대합실 이동 → [B2] 3호선 환승통로 이동 → [B2] 연신내 방면 승강장으로 이동 → [B2] 승차(휠체어칸) → 3호선 환승통로 방향 휠체어리프트 이용 (휠체어리프트)","1. 8번 출입구 옆 엘리베이터(으)로 1개 층 내려가기 (1F → B1, 엘리베이터) | 2. [B1] 대합실 이동 | 3. 6호선 대합실 방향 엘리베이터 앞 표 내는 곳 통과 후 엘리베이터(으)로 1개 층 내려가기 (B1 → B2, 엘리베이터) | 4. [B2] 대합실 이동 | 5. [B2] 3호선 환승통로 이동 | 6. [B2] 연신내 방면 승강장으로 이동 | 7. [B2] 승차(휠체어칸) | 8. 3호선 환승통로 방향 휠체어리프트 이용 (휠체어리프트)"
S1_3_0255,3호선,불광,1,출입구-승강장,4,8번 출입구 옆 엘리베이터 → 녹번 방면,1F → B1 → B2 → B1 → B2,11,4,0,"8번 출입구 옆 엘리베이터(으)로 1개 층 내려가기 (1F → B1, 엘리베이터) → [B1] 대합실 이동 → 6호선 대합실 방향 엘리베이터 앞 표 내는 곳 통과 후 엘리베이터(으)로 1개 층 내려가기 (B1 → B2, 엘리베이터) → [B2] 대합실 이동 → [B2] 3호선 환승통로 이동 → [B2] 연신내 방면 승강장으로 이동 → 3호선 대합실 방향 엘리베이터(으)로 1개 층 올라가기 (B2 → B1, 엘리베이터) → [B1] 표내는곳 통과 → 녹번 방면 엘리베이터 앞 표내는 곳 통과 후 엘리베이터(으)로 1개 층 내려가기 (B1 → B2, 엘리베이터) → [B2] 녹번 방면 승강장으로 이동 → [B2] 승차 (휠체어칸)","1. 8번 출입구 옆 엘리베이터(으)로 1개 층 내려가기 (1F → B1, 엘리베이터) | 2. [B1] 대합실 이동 | 3. 6호선 대합실 방향 엘리베이터 앞 표 내는 곳 통과 후 엘리베이터(으)로 1개 층 내려가기 (B1 → B2, 엘리베이터) | 4. [B2] 대합실 이동 | 5. [B2] 3호선 환승통로 이동 | 6. [B2] 연신내 방면 승강장으로 이동 | 7. 3호선 대합실 방향 엘리베이터(으)로 1개 층 올라가기 (B2 → B1, 엘리베이터) | 8. [B1] 표내는곳 통과 | 9. 녹번 방면 엘리베이터 앞 표내는 곳 통과 후 엘리베이터(으)로 1개 층 내려가기 (B1 → B2, 엘리베이터) | 10. [B2] 녹번 방면 승강장으로 이동 | 11. [B2] 승차 (휠체어칸)"
S1_3_0255,3호선,불광,3,환승,1,3호선 연신내 방면 → 6호선 독바위 방면,B2 → B4,6,1,0,"[B2] 3호선 연신내 방면 승강장 하차 → [B2] 6호선 방향 환승통로로 이동 → [B2] 6호선 대합실로 이동 → 6호선 승강장 방향 엘리베이터(으)로 2개 층 내려가기 (B2 → B4, 엘리베이터) → [B4] 6호선 독바위 방면 승강장으로 이동 → [B4] 승차 (휠체어칸)","1. [B2] 3호선 연신내 방면 승강장 하차 | 2. [B2] 6호선 방향 환승통로로 이동 | 3. [B2] 6호선 대합실로 이동 | 4. 6호선 승강장 방향 엘리베이터(으)로 2개 층 내려가기 (B2 → B4, 엘리베이터) | 5. [B4] 6호선 독바위 방면 승강장으로 이동 | 6. [B4] 승차 (휠체어칸)"
S1_3_0255,3호선,불광,3,환승,2,3호선 녹번 방면 → 6호선 독바위 방면,B2 → B4,6,1,0,"[B2] 3호선 녹번 방면 승강장 하차 → [B2] 6호선 방향 환승통로로 이동 → [B2] 6호선 대합실로 이동 → 6호선 승강장 방향 엘리베이터(으)로 2개 층 내려가기 (B2 → B4, 엘리베이터) → [B4] 6호선 독바위 방면 승강장으로 이동 → [B4] 승차 (휠체어칸)","1. [B2] 3호선 녹번 방면 승강장 하차 | 2. [B2] 6호선 방향 환승통로로 이동 | 3. [B2] 6호선 대합실로 이동 | 4. 6호선 승강장 방향 엘리베이터(으)로 2개 층 내려가기 (B2 → B4, 엘리베이터) | 5. [B4] 6호선 독바위 방면 승강장으로 이동 | 6. [B4] 승차 (휠체어칸)"
S1_3_0116,3호선,녹번,1,출입구-승강장,1,1번 출입구 옆 엘리베이터 → 불광 방면,1F → B1 → B2,6,2,0,"1번 출입구 옆 엘리베이터(으)로 1개 층 내려가기 (1F → B1, 엘리베이터) → [B1] 대합실로 이동 → [B1] 엘리베이터 앞 표 내는 곳 통과 → 승강장 방향 엘리베이터(으)로 1개 층 내려가기 (B1 → B2, 엘리베이터) → [B2] 불광 방면 승강장으로 이동 → [B2] 승차 (휠체어칸)","1. 1번 출입구 옆 엘리베이터(으)로 1개 층 내려가기 (1F → B1, 엘리베이터) | 2. [B1] 대합실로 이동 | 3. [B1] 엘리베이터 앞 표 내는 곳 통과 | 4. 승강장 방향 엘리베이터(으)로 1개 층 내려가기 (B1 → B2, 엘리베이터) | 5. [B2] 불광 방면 승강장으로 이동 | 6. [B2] 승차 (휠체어칸)"
S1_3_0116,3호선,녹번,1,출입구-승강장,2,1번 출입구 옆 엘리베이터 → 홍제 방면,1F → B1 → B2,6,2,0,"1번 출입구 옆 엘리베이터(으)로 1개 층 내려가기 (1F → B1, 엘리베이터) → [B1] 대합실로 이동 → [B1] 엘리베이터 앞 표 내는 곳 통과 → 승강장 방향 엘리베이터(으)로 1개 층 내려가기 (B1 → B2, 엘리베이터) → [B2] 홍제 방면 승강장으로 이동 → [B2] 승차 (휠체어칸)","1. 1번 출입구 옆 엘리베이터(으)로 1개 층 내려가기 (1F → B1, 엘리베이터) | 2. [B1] 대합실로 이동 | 3. [B1] 엘리베이터 앞 표 내는 곳 통과 | 4. 승강장 방향 엘리베이터(으)로 1개 층 내려가기 (B1 → B2, 엘리베이터) | 5. [B2] 홍제 방면 승강장으로 이동 | 6. [B2] 승차 (휠체어칸)"
S1_3_0116,3호선,녹번,1,출입구-승강장,3,3번 출입구 옆 엘리베이터 → 불광 방면,1F → B1 → B2,6,2,0,"3번 출입구 옆 엘리베이터(으)로 1개 층 내려가기 (1F → B1, 엘리베이터) → [B1] 대합실로 이동 → [B1] 엘리베이터 앞 표 내는 곳 통과 → 승강장 방향 엘리베이터(으)로 1개 층 내려가기 (B1 → B2, 엘리베이터) → [B2] 불광 방면 승강장으로 이동 → [B2] 승차 (휠체어칸)","1. 3번 출입구 옆 엘리베이터(으)로 1개 층 내려가기 (1F → B1, 엘리베이터) | 2. [B1] 대합실로 이동 | 3. [B1] 엘리베이터 앞 표 내는 곳 통과 | 4. 승강장 방향 엘리베이터(으)로 1개 층 내려가기 (B1 → B2, 엘리베이터) | 5. [B2] 불광 방면 승강장으로 이동 | 6. [B2] 승차 (휠체어칸)"
S1_3_0116,3호선,녹번,1,출입구-승강장,4,3번 출입구 옆 엘리베이터 → 홍제 방면,1F → B1 → B2,6,2,0,"3번 출입구 옆 엘리베이터(으)로 1개 층 내려가기 (1F → B1, 엘리베이터) → [B1] 대합실로 이동 → [B1] 엘리베이터 앞 표 내는 곳 통과 → 승강장 방향 엘리베이터(으)로 1개 층 내려가기 (B1 → B2, 엘리베이터) → [B2] 홍제 방면 승강장으로 이동 → [B2] 승차 (휠체어칸)","1. 3번 출입구 옆 엘리베이터(으)로 1개 층 내려가기 (1F → B1, 엘리베이터) | 2. [B1] 대합실로 이동 | 3. [B1] 엘리베이터 앞 표 내는 곳 통과 | 4. 승강장 방향 엘리베이터(으)로 1개 층 내려가기 (B1 → B2, 엘리베이터) | 5. [B2] 홍제 방면 승강장으로 이동 | 6. [B2] 승차 (휠체어칸)"
S1_3_0597,3호선,홍제,1,출입구-승강장,1,4번 출입구 옆 엘리베이터 → 녹번 방면,1F → B2,6,1,0,"4번 출입구 옆 엘리베이터(으)로 2개 층 내려가기 (1F → B2, 엘리베이터) → [B2] 대합실로 이동 → [B2] 엘리베이터 앞 표 내는 곳 통과 → [B2] 녹번 방면 승강장으로 이동 → [B2] 승차 (휠체어칸) → 승강장 방향 엘리베이터 이용 (엘리베이터)","1. 4번 출입구 옆 엘리베이터(으)로 2개 층 내려가기 (1F → B2, 엘리베이터) | 2. [B2] 대합실로 이동 | 3. [B2] 엘리베이터 앞 표 내는 곳 통과 | 4. [B2] 녹번 방면 승강장으로 이동 | 5. [B2] 승차 (휠체어칸) | 6. 승강장 방향 엘리베이터 이용 (엘리베이터)"
S1_3_0597,3호선,홍제,1,출입구-승강장,2,4번 출입구 옆 엘리베이터 → 무악재 방면,1F → B2,6,1,0,"4번 출입구 옆 엘리베이터(으)로 2개 층 내려가기 (1F → B2, 엘리베이터) → [B2] 대합실로 이동 → [B2] 엘리베이터 앞 표 내는 곳 통과 → [B2] 무악재 방면 승강장으로 이동 → [B2] 승차 (휠체어칸) → 승강장 방향 엘리베이터 이용 (엘리베이터)","1. 4번 출입구 옆 엘리베이터(으)로 2개 층 내려가기 (1F → B2, 엘리베이터) | 2. [B2] 대합실로 이동 | 3. [B2] 엘리베이터 앞 표 내는 곳 통과 | 4. [B2] 무악재 방면 승강장으로 이동 | 5. [B2] 승차 (휠체어칸) | 6. 승강장 방향 엘리베이터 이용 (엘리베이터)"
S1_3_0205,3호선,무악재,1,출입구-승강장,1,1번 출입구 옆 엘리베이터 → 홍제 방면,1F → B2 → B3,6,2,0,"1번 출입구 옆 엘리베이터(으)로 2개 층 내려가기 (1F → B2, 엘리베이터) → [B2] 대합실로 이동 → [B2] 표 내는 곳 통과 → 홍제 방면 엘리베이터(으)로 1개 층 내려가기 (B2 → B3, 엘리베이터) → [B3] 홍제 방면 승강장으로 이동 → [B3] 승차 (휠체어칸)","1. 1번 출입구 옆 엘리베이터(으)로 2개 층 내려가기 (1F → B2, 엘리베이터) | 2. [B2] 대합실로 이동 | 3. [B2] 표 내는 곳 통과 | 4. 홍제 방면 엘리베이터(으)로 1개 층 내려가기 (B2 → B3, 엘리베이터) | 5. [B3] 홍제 방면 승강장으로 이동 | 6. [B3] 승차 (휠체어칸)"
S1_3_0205,3호선,무악재,1,출입구-승강장,2,1번 출입구 옆 엘리베이터 → 독립문 방면,1F → B2 → B3,6,2,0,"1번 출입구 옆 엘리베이터(으)로 2개 층 내려가기 (1F → B2, 엘리베이터) → [B2] 대합실로 이동 → [B2] 표 내는 곳 통과 → 독립문 방면 엘리베이터(으)로 1개 층 내려가기 (B2 → B3, 엘리베이터) → [B3] 독립문 방면 승강장으로 이동 → [B3] 승차 (휠체어칸)","1. 1번 출입구 옆 엘리베이터(으)로 2개 층 내려가기 (1F → B2, 엘리베이터) | 2. [B2] 대합실로 이동 | 3. [B2] 표 내는 곳 통과 | 4. 독립문 방면 엘리베이터(으)로 1개 층 내려가기 (B2 → B3, 엘리베이터) | 5. [B3] 독립문 방면 승강장으로 이동 | 6. [B3] 승차 (휠체어칸)"
S1_3_0150,3호선,독립문,1,출입구-승강장,1,4번 출입구 옆 엘리베이터 → 무악재 방면,1F → B2 → B3,6,2,0,"4번 출입구 옆 엘리베이터(으)로 2개 층 내려가기 (1F → B2, 엘리베이터) → [B2] 대합실로 이동 → [B2] 엘리베이터 앞 표 내는 곳 통과 → 승강장 방향 엘리베이터(으)로 1개 층 내려가기 (B2 → B3, 엘리베이터) → [B3] 무악재 방면 승강장으로 이동 → [B3] 승차 (휠체어칸)","1. 4번 출입구 옆 엘리베이터(으)로 2개 층 내려가기 (1F → B2, 엘리베이터) | 2. [B2] 대합실로 이동 | 3. [B2] 엘리베이터 앞 표 내는 곳 통과 | 4. 승강장 방향 엘리베이터(으)로 1개 층 내려가기 (B2 → B3, 엘리베이터) | 5. [B3] 무악재 방면 승강장으로 이동 | 6. [B3] 승차 (휠체어칸)"
S1_3_0150,3호선,독립문,1,출입구-승강장,2,4번 출입구 옆 엘리베이터 → 경복궁 방면,1F → B2 → B3,6,2,0,"4번 출입구 옆 엘리베이터(으)로 2개 층 내려가기 (1F → B2, 엘리베이터) → [B2] 대합실로 이동 → [B2] 엘리베이터 앞 표 내는 곳 통과 → 승강장 방향 엘리베이터(으)로 1개 층 내려가기 (B2 → B3, 엘리베이터) → [B3] 경복궁 방면 승강장으로 이동 → [B3] 승차 (휠체어칸)","1. 4번 출입구 옆 엘리베이터(으)로 2개 층 내려가기 (1F → B2, 엘리베이터) | 2. [B2] 대합실로 이동 | 3. [B2] 엘리베이터 앞 표 내는 곳 통과 | 4. 승강장 방향 엘리베이터(으)로 1개 층 내려가기 (B2 → B3, 엘리베이터) | 5. [B3] 경복궁 방면 승강장으로 이동 | 6. [B3] 승차 (휠체어칸)"
S1_3_0040,3호선,경복궁,1,출입구-승강장,1,4번 출입구 옆 엘리베이터 → 독립문 방면,1F → B2 → B3,6,2,0,"4번 출입구 옆 엘리베이터(으)로 2개 층 내려가기 (1F → B2, 엘리베이터) → [B2] 대합실로 이동 → [B2] 엘리베이터 앞 표 내는 곳 통과 → 승강장 방향 엘리베이터(으)로 1개 층 내려가기 (B2 → B3, 엘리베이터) → [B3] 독립문 방면 승강장으로 이동 → [B3] 승차 (휠체어칸)","1. 4번 출입구 옆 엘리베이터(으)로 2개 층 내려가기 (1F → B2, 엘리베이터) | 2. [B2] 대합실로 이동 | 3. [B2] 엘리베이터 앞 표 내는 곳 통과 | 4. 승강장 방향 엘리베이터(으)로 1개 층 내려가기 (B2 → B3, 엘리베이터) | 5. [B3] 독립문 방면 승강장으로 이동 | 6. [B3] 승차 (휠체어칸)"
S1_3_0040,3호선,경복궁,1,출입구-승강장,2,4번 출입구 옆 엘리베이터 → 안국 방면,1F → B2 → B3,6,2,0,"4번 출입구 옆 엘리베이터(으)로 2개 층 내려가기 (1F → B2, 엘리베이터) → [B2] 대합실로 이동 → [B2] 엘리베이터 앞 표 내는 곳 통과 → 승강장 방향 엘리베이터(으)로 1개 층 내려가기 (B2 → B3, 엘리베이터) → [B3] 안국 방면 승강장으로 이동 → [B3] 승차 (휠체어칸)","1. 4번 출입구 옆 엘리베이터(으)로 2개 층 내려가기 (1F → B2, 엘리베이터) | 2. [B2] 대합실로 이동 | 3. [B2] 엘리베이터 앞 표 내는 곳 통과 | 4. 승강장 방향 엘리베이터(으)로 1개 층 내려가기 (B2 → B3, 엘리베이터) | 5. [B3] 안국 방면 승강장으로 이동 | 6. [B3] 승차 (휠체어칸)"
S1_3_0387,3호선,안국,1,출입구-승강장,1,"5,6번 출입구 사이 엘리베이터 → 경복궁 방면",1F → B3 → B4,6,2,0,"5,6번 출입구 사이 엘리베이터(으)로 3개 층 내려가기 (1F → B3, 엘리베이터) → [B3] 대합실로 이동 → [B3] 엘리베이터 앞 표 내는 곳 통과 → 승강장 방향 엘리베이터(으)로 1개 층 내려가기 (B3 → B4, 엘리베이터) → [B4] 경복궁 방면 승강장으로 이동 → [B4] 승차 (휠체어칸)","1. 5,6번 출입구 사이 엘리베이터(으)로 3개 층 내려가기 (1F → B3, 엘리베이터) | 2. [B3] 대합실로 이동 | 3. [B3] 엘리베이터 앞 표 내는 곳 통과 | 4. 승강장 방향 엘리베이터(으)로 1개 층 내려가기 (B3 → B4, 엘리베이터) | 5. [B4] 경복궁 방면 승강장으로 이동 | 6. [B4] 승차 (휠체어칸)"
S1_3_0387,3호선,안국,1,출입구-승강장,2,"5,6번 출입구 사이 엘리베이터 → 종로3가 방면",1F → B3 → B4,6,2,0,"5,6번 출입구 사이 엘리베이터(으)로 3개 층 내려가기 (1F → B3, 엘리베이터) → [B3] 대합실로 이동 → [B3] 엘리베이터 앞 표 내는 곳 통과 → 승강장 방향 엘리베이터(으)로 1개 층 내려가기 (B3 → B4, 엘리베이터) → [B4] 종로3가 방면 승강장으로 이동 → [B4] 승차 (휠체어칸)","1. 5,6번 출입구 사이 엘리베이터(으)로 3개 층 내려가기 (1F → B3, 엘리베이터) | 2. [B3] 대합실로 이동 | 3. [B3] 엘리베이터 앞 표 내는 곳 통과 | 4. 승강장 방향 엘리베이터(으)로 1개 층 내려가기 (B3 → B4, 엘리베이터) | 5. [B4] 종로3가 방면 승강장으로 이동 | 6. [B4] 승차 (휠체어칸)"
S1_3_0515,3호선,종로3가,1,출입구-승강장,1,8번 출입구 옆 엘리베이터 → 안국 방면,1F → B3 → B4,5,2,0,"8번 출입구 옆 엘리베이터(으)로 3개 층 내려가기 (1F → B3, 엘리베이터) → [B3] 표 내는 곳 통과 후 3호선 승강장 방향 엘리베이터 로 이동 → 3호선 승강장 방향 엘리베이터(으)로 1개 층 내려가기 (B3 → B4, 엘리베이터) → [B4] 안국 방면 승강장으로 이동 → [B4] 승차 (휠체어칸)","1. 8번 출입구 옆 엘리베이터(으)로 3개 층 내려가기 (1F → B3, 엘리베이터) | 2. [B3] 표 내는 곳 통과 후 3호선 승강장 방향 엘리베이터 로 이동 | 3. 3호선 승강장 방향 엘리베이터(으)로 1개 층 내려가기 (B3 → B4, 엘리베이터) | 4. [B4] 안국 방면 승강장으로 이동 | 5. [B4] 승차 (휠체어칸)"
S1_3_0515,3호선,종로3가,1,출입구-승강장,2,8번 출입구 옆 엘리베이터 → 을지로 3가 방면,1F → B3 → B4,5,2,0,"8번 출입구 옆 엘리베이터(으)로 3개 층 내려가기 (1F → B3, 엘리베이터) → [B3] 표 내는 곳 통과 후 3호선 승강장 방향 엘리베이터 로 이동 → 3호선 승강장 방향 엘리베이터(으)로 1개 층 내려가기 (B3 → B4, 엘리베이터) → [B4] 을지로 3가 방면 승강장으로 이동 → [B4] 승차 (휠체어칸)","1. 8번 출입구 옆 엘리베이터(으)로 3개 층 내려가기 (1F → B3, 엘리베이터) | 2. [B3] 표 내는 곳 통과 후 3호선 승강장 방향 엘리베이터 로 이동 | 3. 3호선 승강장 방향 엘리베이터(으)로 1개 층 내려가기 (B3 → B4, 엘리베이터) | 4. [B4] 을지로 3가 방면 승강장으로 이동 | 5. [B4] 승차 (휠체어칸)"
S1_3_0515,3호선,종로3가,1,출입구-승강장,3,2-1 출입구옆 엘리베이터  → 안국 방면,1F → B1 → B2 → B4,8,3,0,"2-1번 출입구 옆 엘리베이터(으)로 1개 층 내려가기 (1F → B1, 엘리베이터) → [B1] 2-1번 출입구 지하1층 엘리베이터 하차 → [B1] 1호선 종로3가(1)역 대합실로 이동 → 1호선 종로3가(1)역 청량리방면 지하1층 엘리베이터(으)로 1개 층 내려가기 (B1 → B2, 엘리베이터) → [B2] 1호선 종로3가(1)역 청량리방면 지하2층 엘리베이터 하차 → 환승통로 이동 3호선 종로3가(3)역 지하2층 엘리베이터(으)로 2개 층 내려가기 (B2 → B4, 엘리베이터) → [B4] 지하4층 안국 방향 승강장 도착 → [B4] 승차 (휠체어칸)","1. 2-1번 출입구 옆 엘리베이터(으)로 1개 층 내려가기 (1F → B1, 엘리베이터) | 2. [B1] 2-1번 출입구 지하1층 엘리베이터 하차 | 3. [B1] 1호선 종로3가(1)역 대합실로 이동 | 4. 1호선 종로3가(1)역 청량리방면 지하1층 엘리베이터(으)로 1개 층 내려가기 (B1 → B2, 엘리베이터) | 5. [B2] 1호선 종로3가(1)역 청량리방면 지하2층 엘리베이터 하차 | 6. 환승통로 이동 3호선 종로3가(3)역 지하2층 엘리베이터(으)로 2개 층 내려가기 (B2 → B4, 엘리베이터) | 7. [B4] 지하4층 안국 방향 승강장 도착 | 8. [B4] 승차 (휠체어칸)"
S1_3_0515,3호선,종로3가,1,출입구-승강장,4,2-1 출입구옆 엘리베이터  → 을지로 3가 방면,1F → B1 → B2 → B4,8,3,0,"2-1번 출입구 옆 엘리베이터(으)로 1개 층 내려가기 (1F → B1, 엘리베이터) → [B1] 2-1번 출입구 지하1층 엘리베이터 하차 → [B1] 1호선 종로3가(1)역 대합실로 이동 → 1호선 종로3가(1)역 청량리방면 지하1층 엘리베이터(으)로 1개 층 내려가기 (B1 → B2, 엘리베이터) → [B2] 1호선 종로3가(1)역 청량리방면 지하2층 엘리베이터 하차 → 환승통로 이동 3호선 종로3가(3)역 지하2층 엘리베이터(으)로 2개 층 내려가기 (B2 → B4, 엘리베이터) → [B4] 지하4층 을지로3가 방향 승강장 도착 → [B4] 승차 (휠체어칸)","1. 2-1번 출입구 옆 엘리베이터(으)로 1개 층 내려가기 (1F → B1, 엘리베이터) | 2. [B1] 2-1번 출입구 지하1층 엘리베이터 하차 | 3. [B1] 1호선 종로3가(1)역 대합실로 이동 | 4. 1호선 종로3가(1)역 청량리방면 지하1층 엘리베이터(으)로 1개 층 내려가기 (B1 → B2, 엘리베이터) | 5. [B2] 1호선 종로3가(1)역 청량리방면 지하2층 엘리베이터 하차 | 6. 환승통로 이동 3호선 종로3가(3)역 지하2층 엘리베이터(으)로 2개 층 내려가기 (B2 → B4, 엘리베이터) | 7. [B4] 지하4층 을지로3가 방향 승강장 도착 | 8. [B4] 승차 (휠체어칸)"
S1_3_0515,3호선,종로3가,3,환승,1,3호선 안국 방면 → 1호선 종로5가 방면,B4 → B2,4,1,0,"[B4] 3호선 안국 방면 승강장 하차 → 3호선 대합실 방향 엘리베이터(으)로 2개 층 올라가기 (B4 → B2, 엘리베이터) → [B2] 환승통로 이용하여 1호선 종로5가 방면 승강장으로 이동 → [B2] 승차 (휠체어칸)","1. [B4] 3호선 안국 방면 승강장 하차 | 2. 3호선 대합실 방향 엘리베이터(으)로 2개 층 올라가기 (B4 → B2, 엘리베이터) | 3. [B2] 환승통로 이용하여 1호선 종로5가 방면 승강장으로 이동 | 4. [B2] 승차 (휠체어칸)"
S1_3_0515,3호선,종로3가,3,환승,2,3호선 안국 방면 → 1호선 종각 방면 승강장,B4 → B2 → B1 → B2,9,3,0,"[B4] 3호선 안국 방면 승강장 하차 → 대합실 방향 엘리베이터(으)로 2개 층 올라가기 (B4 → B2, 엘리베이터) → [B2] 환승통로 이동 → [B2] 1호선 종로5가 방면 승강장으로 이동 → 1호선 대합실 방향 엘리베이터(으)로 1개 층 올라가기 (B2 → B1, 엘리베이터) → [B1] 대합실로 이동 → 종각 방면 엘리베이터(으)로 1개 층 내려가기 (B1 → B2, 엘리베이터) → [B2] 1호선 종각 방면 승강장으로 이동 → [B2] 승차 (휠체어칸)","1. [B4] 3호선 안국 방면 승강장 하차 | 2. 대합실 방향 엘리베이터(으)로 2개 층 올라가기 (B4 → B2, 엘리베이터) | 3. [B2] 환승통로 이동 | 4. [B2] 1호선 종로5가 방면 승강장으로 이동 | 5. 1호선 대합실 방향 엘리베이터(으)로 1개 층 올라가기 (B2 → B1, 엘리베이터) | 6. [B1] 대합실로 이동 | 7. 종각 방면 엘리베이터(으)로 1개 층 내려가기 (B1 → B2, 엘리베이터) | 8. [B2] 1호선 종각 방면 승강장으로 이동 | 9. [B2] 승차 (휠체어칸)"
S1_3_0515,3호선,종로3가,3,환승,3,3호선 을지로 3가 방면 → 1호선 종로5가 방면,B4 → B2,4,1,0,"[B4] 3호선 을지로 3가 방면 승강장 하차 → 3호선 대합실 방향 엘리베이터(으)로 2개 층 올라가기 (B4 → B2, 엘리베이터) → [B2] 환승통로 이용하여 1호선 종로5가 방면 승강장으로 이동 → [B2] 승차 (휠체어칸)","1. [B4] 3호선 을지로 3가 방면 승강장 하차 | 2. 3호선 대합실 방향 엘리베이터(으)로 2개 층 올라가기 (B4 → B2, 엘리베이터) | 3. [B2] 환승통로 이용하여 1호선 종로5가 방면 승강장으로 이동 | 4. [B2] 승차 (휠체어칸)"
S1_3_0515,3호선,종로3가,3,환승,4,3호선 을지로 3가 방면 → 1호선 종각 방면,B4 → B2 → B1 → B2,9,3,0,"[B4] 3호선 을지로 3가 방면 승강장 하차 → 대합실 방향 엘리베이터(으)로 2개 층 올라가기 (B4 → B2, 엘리베이터) → [B2] 환승통로 이동 → [B2] 1호선 종로5가 방면 승강장으로 이동 → 1호선 대합실 방향 엘리베이터(으)로 1개 층 올라가기 (B2 → B1, 엘리베이터) → [B1] 대합실로 이동 → 종각 방면 엘리베이터(으)로 1개 층 내려가기 (B1 → B2, 엘리베이터) → [B2] 1호선 종각 방면 승강장으로 이동 → [B2] 승차 (휠체어칸)","1. [B4] 3호선 을지로 3가 방면 승강장 하차 | 2. 대합실 방향 엘리베이터(으)로 2개 층 올라가기 (B4 → B2, 엘리베이터) | 3. [B2] 환승통로 이동 | 4. [B2] 1호선 종로5가 방면 승강장으로 이동 | 5. 1호선 대합실 방향 엘리베이터(으)로 1개 층 올라가기 (B2 → B1, 엘리베이터) | 6. [B1] 대합실로 이동 | 7. 종각 방면 엘리베이터(으)로 1개 층 내려가기 (B1 → B2, 엘리베이터) | 8. [B2] 1호선 종각 방면 승강장으로 이동 | 9. [B2] 승차 (휠체어칸)"
S1_3_0515,3호선,종로3가,3,환승,5,3호선 안국 방면 → 5호선 광화문 방면,B4 → B3 → B4 → B5,8,3,0,"[B4] 3호선 안국 방면 승강장 하차 → 3호선 대합실 방향 엘리베이터(으)로 1개 층 올라가기 (B4 → B3, 엘리베이터) → [B3] 대합실로 이동 → 5호선 승강장 방향 엘리베이터(으)로 1개 층 내려가기 (B3 → B4, 엘리베이터) → [B4] 대합실 이동 → 5호선 승강장 방향 엘리베이터(으)로 1개 층 내려가기 (B4 → B5, 엘리베이터) → [B5] 5호선 광화문 방면 승강장으로 이동 → [B5] 승차 (휠체어칸)","1. [B4] 3호선 안국 방면 승강장 하차 | 2. 3호선 대합실 방향 엘리베이터(으)로 1개 층 올라가기 (B4 → B3, 엘리베이터) | 3. [B3] 대합실로 이동 | 4. 5호선 승강장 방향 엘리베이터(으)로 1개 층 내려가기 (B3 → B4, 엘리베이터) | 5. [B4] 대합실 이동 | 6. 5호선 승강장 방향 엘리베이터(으)로 1개 층 내려가기 (B4 → B5, 엘리베이터) | 7. [B5] 5호선 광화문 방면 승강장으로 이동 | 8. [B5] 승차 (휠체어칸)"
S1_3_0515,3호선,종로3가,3,환승,6,3호선 안국 방면 → 5호선 을지로4가 방면,B4 → B3 → B4 → B5,8,3,0,"[B4] 3호선 안국 방면 승강장 하차 → 3호선 대합실 방향 엘리베이터(으)로 1개 층 올라가기 (B4 → B3, 엘리베이터) → [B3] 대합실로 이동 → 5호선 승강장 방향 엘리베이터(으)로 1개 층 내려가기 (B3 → B4, 엘리베이터) → [B4] 대합실 이동 → 5호선 승강장 방향 엘리베이터(으)로 1개 층 내려가기 (B4 → B5, 엘리베이터) → [B5] 5호선 을지로4가 방면 승강장으로 이동 → [B5] 승차 (휠체어칸)","1. [B4] 3호선 안국 방면 승강장 하차 | 2. 3호선 대합실 방향 엘리베이터(으)로 1개 층 올라가기 (B4 → B3, 엘리베이터) | 3. [B3] 대합실로 이동 | 4. 5호선 승강장 방향 엘리베이터(으)로 1개 층 내려가기 (B3 → B4, 엘리베이터) | 5. [B4] 대합실 이동 | 6. 5호선 승강장 방향 엘리베이터(으)로 1개 층 내려가기 (B4 → B5, 엘리베이터) | 7. [B5] 5호선 을지로4가 방면 승강장으로 이동 | 8. [B5] 승차 (휠체어칸)"
S1_3_0515,3호선,종로3가,3,환승,7,3호선 을지로 3가 방면 → 5호선 광화문 방면,B4 → B3 → B4 → B5,8,3,0,"[B4] 3호선 을지로 3가 방면 승강장 하차 → 3호선 대합실 방향 엘리베이터(으)로 1개 층 올라가기 (B4 → B3, 엘리베이터) → [B3] 대합실로 이동 → 5호선 승강장 방향 엘리베이터(으)로 1개 층 내려가기 (B3 → B4, 엘리베이터) → [B4] 대합실 이동 → 5호선 승강장 방향 엘리베이터(으)로 1개 층 내려가기 (B4 → B5, 엘리베이터) → [B5] 5호선 광화문 방면 승강장으로 이동 → [B5] 승차 (휠체어칸)","1. [B4] 3호선 을지로 3가 방면 승강장 하차 | 2. 3호선 대합실 방향 엘리베이터(으)로 1개 층 올라가기 (B4 → B3, 엘리베이터) | 3. [B3] 대합실로 이동 | 4. 5호선 승강장 방향 엘리베이터(으)로 1개 층 내려가기 (B3 → B4, 엘리베이터) | 5. [B4] 대합실 이동 | 6. 5호선 승강장 방향 엘리베이터(으)로 1개 층 내려가기 (B4 → B5, 엘리베이터) | 7. [B5] 5호선 광화문 방면 승강장으로 이동 | 8. [B5] 승차 (휠체어칸)"
S1_3_0515,3호선,종로3가,3,환승,8,3호선 을지로 3가 방면 → 5호선 을지로4가 방면,B4 → B3 → B4 → B5,8,3,0,"[B4] 3호선 을지로 3가 방면 승강장 하차 → 3호선 대합실 방향 엘리베이터(으)로 1개 층 올라가기 (B4 → B3, 엘리베이터) → [B3] 대합실로 이동 → 5호선 승강장 방향 엘리베이터(으)로 1개 층 내려가기 (B3 → B4, 엘리베이터) → [B4] 대합실 이동 → 5호선 승강장 방향 엘리베이터(으)로 1개 층 내려가기 (B4 → B5, 엘리베이터) → [B5] 5호선 을지로4가 방면 승강장으로 이동 → [B5] 승차 (휠체어칸)","1. [B4] 3호선 을지로 3가 방면 승강장 하차 | 2. 3호선 대합실 방향 엘리베이터(으)로 1개 층 올라가기 (B4 → B3, 엘리베이터) | 3. [B3] 대합실로 이동 | 4. 5호선 승강장 방향 엘리베이터(으)로 1개 층 내려가기 (B3 → B4, 엘리베이터) | 5. [B4] 대합실 이동 | 6. 5호선 승강장 방향 엘리베이터(으)로 1개 층 내려가기 (B4 → B5, 엘리베이터) | 7. [B5] 5호선 을지로4가 방면 승강장으로 이동 | 8. [B5] 승차 (휠체어칸)"
S1_3_0464,3호선,을지로3가,1,출입구-승강장,1,10번 출입구 옆 엘리베이터 → 종로3가 방면,1F → B1 → B3,6,2,0,"10번 출입구 옆 엘리베이터(으)로 1개 층 내려가기 (1F → B1, 엘리베이터) → [B1] 대합실로 이동 → [B1] 표 내는 곳 통과 → 승강장 방향 엘리베이터(으)로 2개 층 내려가기 (B1 → B3, 엘리베이터) → [B3] 종로3가 방면 승강장으로 이동 → [B3] 승차 (휠체어칸)","1. 10번 출입구 옆 엘리베이터(으)로 1개 층 내려가기 (1F → B1, 엘리베이터) | 2. [B1] 대합실로 이동 | 3. [B1] 표 내는 곳 통과 | 4. 승강장 방향 엘리베이터(으)로 2개 층 내려가기 (B1 → B3, 엘리베이터) | 5. [B3] 종로3가 방면 승강장으로 이동 | 6. [B3] 승차 (휠체어칸)"
S1_3_0464,3호선,을지로3가,1,출입구-승강장,2,10번 출입구 옆 엘리베이터 → 충무로 방면,1F → B1 → B3,6,2,0,"10번 출입구 옆 엘리베이터(으)로 1개 층 내려가기 (1F → B1, 엘리베이터) → [B1] 대합실로 이동 → [B1] 표 내는 곳 통과 → 승강장 방향 엘리베이터(으)로 2개 층 내려가기 (B1 → B3, 엘리베이터) → [B3] 충무로 방면 승강장으로 이동 → [B3] 승차 (휠체어칸)","1. 10번 출입구 옆 엘리베이터(으)로 1개 층 내려가기 (1F → B1, 엘리베이터) | 2. [B1] 대합실로 이동 | 3. [B1] 표 내는 곳 통과 | 4. 승강장 방향 엘리베이터(으)로 2개 층 내려가기 (B1 → B3, 엘리베이터) | 5. [B3] 충무로 방면 승강장으로 이동 | 6. [B3] 승차 (휠체어칸)"
S1_3_0464,3호선,을지로3가,1,출입구-승강장,3,12번 출입구 옆 엘리베이터 → 종로3가 방면,1F → B1 → B3,7,2,0,"12번 출입구 옆 엘리베이터(으)로 1개 층 내려가기 (1F → B1, 엘리베이터) → [B1] 2호선 대합실로 이동 → [B1] 환승통로 이동 → [B1] 표 내는 곳 통과 → 승강장 방향 엘리베이터(으)로 2개 층 내려가기 (B1 → B3, 엘리베이터) → [B3] 종로3가 방면 승강장으로 이동 → [B3] 승차 (휠체어칸)","1. 12번 출입구 옆 엘리베이터(으)로 1개 층 내려가기 (1F → B1, 엘리베이터) | 2. [B1] 2호선 대합실로 이동 | 3. [B1] 환승통로 이동 | 4. [B1] 표 내는 곳 통과 | 5. 승강장 방향 엘리베이터(으)로 2개 층 내려가기 (B1 → B3, 엘리베이터) | 6. [B3] 종로3가 방면 승강장으로 이동 | 7. [B3] 승차 (휠체어칸)"
S1_3_0464,3호선,을지로3가,1,출입구-승강장,4,12번 출입구 옆 엘리베이터 → 충무로 방면,1F → B1 → B3,7,2,0,"12번 출입구 옆 엘리베이터(으)로 1개 층 내려가기 (1F → B1, 엘리베이터) → [B1] 2호선 대합실로 이동 → [B1] 환승통로 이동 → [B1] 표 내는 곳 통과 → 승강장 방향 엘리베이터(으)로 2개 층 내려가기 (B1 → B3, 엘리베이터) → [B3] 충무로 방면 승강장으로 이동 → [B3] 승차 (휠체어칸)","1. 12번 출입구 옆 엘리베이터(으)로 1개 층 내려가기 (1F → B1, 엘리베이터) | 2. [B1] 2호선 대합실로 이동 | 3. [B1] 환승통로 이동 | 4. [B1] 표 내는 곳 통과 | 5. 승강장 방향 엘리베이터(으)로 2개 층 내려가기 (B1 → B3, 엘리베이터) | 6. [B3] 충무로 방면 승강장으로 이동 | 7. [B3] 승차 (휠체어칸)"
S1_3_0464,3호선,을지로3가,3,환승,1,3호선 종로3가 방면 → 2호선 을지로입구 방면,B3 → B1,6,1,0,"[B3] 3호선 종로3가 방면 승강장 하차 → 대합실 방향 엘리베이터(으)로 2개 층 올라가기 (B3 → B1, 엘리베이터) → [B1] 대합실로 이동 → [B1] 2호선 환승통로로 이동 → [B1] 2호선 을지로입구 방면 승강장으로 이동 → [B1] 승차 (휠체어칸)","1. [B3] 3호선 종로3가 방면 승강장 하차 | 2. 대합실 방향 엘리베이터(으)로 2개 층 올라가기 (B3 → B1, 엘리베이터) | 3. [B1] 대합실로 이동 | 4. [B1] 2호선 환승통로로 이동 | 5. [B1] 2호선 을지로입구 방면 승강장으로 이동 | 6. [B1] 승차 (휠체어칸)"
S1_3_0464,3호선,을지로3가,3,환승,2,3호선 종로3가 방면 → 2호선 을지로4가 방면,B3 → B2,4,1,0,"[B3] 3호선 종로3가 방면 승강장 하차 → 대합실 방향 엘리베이터(으)로 1개 층 올라가기 (B3 → B2, 엘리베이터) → [B2] 2호선 을지로4가 방면 승강장으로 이동 → [B2] 승차 (휠체어칸)","1. [B3] 3호선 종로3가 방면 승강장 하차 | 2. 대합실 방향 엘리베이터(으)로 1개 층 올라가기 (B3 → B2, 엘리베이터) | 3. [B2] 2호선 을지로4가 방면 승강장으로 이동 | 4. [B2] 승차 (휠체어칸)"
S1_3_0464,3호선,을지로3가,3,환승,3,3호선 충무로 방면 → 2호선 을지로입구 방면,B3 → B1,6,1,0,"[B3] 3호선 충무로 방면 승강장 하차 → 대합실 방향 엘리베이터(으)로 2개 층 올라가기 (B3 → B1, 엘리베이터) → [B1] 대합실로 이동 → [B1] 2호선 환승통로로 이동 → [B1] 2호선 을지로입구 방면 승강장으로 이동 → [B1] 승차 (휠체어칸)","1. [B3] 3호선 충무로 방면 승강장 하차 | 2. 대합실 방향 엘리베이터(으)로 2개 층 올라가기 (B3 → B1, 엘리베이터) | 3. [B1] 대합실로 이동 | 4. [B1] 2호선 환승통로로 이동 | 5. [B1] 2호선 을지로입구 방면 승강장으로 이동 | 6. [B1] 승차 (휠체어칸)"
S1_3_0464,3호선,을지로3가,3,환승,4,3호선 충무로 방면 → 2호선 을지로4가 방면,B3 → B2,4,1,0,"[B3] 3호선 충무로 방면 승강장 하차 → 대합실 방향 엘리베이터(으)로 1개 층 올라가기 (B3 → B2, 엘리베이터) → [B2] 2호선 을지로4가 방면 승강장으로 이동 → [B2] 승차 (휠체어칸)","1. [B3] 3호선 충무로 방면 승강장 하차 | 2. 대합실 방향 엘리베이터(으)로 1개 층 올라가기 (B3 → B2, 엘리베이터) | 3. [B2] 2호선 을지로4가 방면 승강장으로 이동 | 4. [B2] 승차 (휠체어칸)"
S1_3_0563,3호선,충무로,1,출입구-승강장,1,7번 출입구 옆 엘리베이터 → 을지로3가 방면,1F → B1 → B2 → B4,8,3,0,"7번 출입구 옆 엘리베이터(으)로 1개 층 내려가기 (1F → B1, 엘리베이터) → [B1] 대합실로 이동 → [B1] 표 내는 곳 통과 → 승강장 방향 엘리베이터(으)로 1개 층 내려가기 (B1 → B2, 엘리베이터) → [B2] 대합실로 이동 → 3호선 승강장 방향 엘리베이터(으)로 2개 층 내려가기 (B2 → B4, 엘리베이터) → [B4] 을지로3가 방면 승강장으로 이동 → [B4] 승차 (휠체어칸)","1. 7번 출입구 옆 엘리베이터(으)로 1개 층 내려가기 (1F → B1, 엘리베이터) | 2. [B1] 대합실로 이동 | 3. [B1] 표 내는 곳 통과 | 4. 승강장 방향 엘리베이터(으)로 1개 층 내려가기 (B1 → B2, 엘리베이터) | 5. [B2] 대합실로 이동 | 6. 3호선 승강장 방향 엘리베이터(으)로 2개 층 내려가기 (B2 → B4, 엘리베이터) | 7. [B4] 을지로3가 방면 승강장으로 이동 | 8. [B4] 승차 (휠체어칸)"
S1_3_0563,3호선,충무로,1,출입구-승강장,2,7번 출입구 옆 엘리베이터 → 동대입구 방면,1F → B1 → B2 → B4,8,3,0,"7번 출입구 옆 엘리베이터(으)로 1개 층 내려가기 (1F → B1, 엘리베이터) → [B1] 대합실로 이동 → [B1] 표 내는 곳 통과 → 승강장 방향 엘리베이터(으)로 1개 층 내려가기 (B1 → B2, 엘리베이터) → [B2] 대합실로 이동 → 3호선 승강장 방향 엘리베이터(으)로 2개 층 내려가기 (B2 → B4, 엘리베이터) → [B4] 동대입구 방면 승강장으로 이동 → [B4] 승차 (휠체어칸)","1. 7번 출입구 옆 엘리베이터(으)로 1개 층 내려가기 (1F → B1, 엘리베이터) | 2. [B1] 대합실로 이동 | 3. [B1] 표 내는 곳 통과 | 4. 승강장 방향 엘리베이터(으)로 1개 층 내려가기 (B1 → B2, 엘리베이터) | 5. [B2] 대합실로 이동 | 6. 3호선 승강장 방향 엘리베이터(으)로 2개 층 내려가기 (B2 → B4, 엘리베이터) | 7. [B4] 동대입구 방면 승강장으로 이동 | 8. [B4] 승차 (휠체어칸)"
S1_3_0563,3호선,충무로,3,환승,1,3호선 을지로3가 방면 → 4호선 동대문역사문화공원 방면,B4 → B2 → B3,6,2,0,"[B4] 3호선 을지로3가 방면 승강장 하차 → 대합실 방향 엘리베이터(으)로 2개 층 올라가기 (B4 → B2, 엘리베이터) → [B2] 대합실로 이동 → 4호선 동대문역사문화공원 방면 엘리베이터(으)로 1개 층 내려가기 (B2 → B3, 엘리베이터) → [B3] 4호선 동대문역사문화공원 방면 승강장으로 이동 → [B3] 승차 (휠체어칸)","1. [B4] 3호선 을지로3가 방면 승강장 하차 | 2. 대합실 방향 엘리베이터(으)로 2개 층 올라가기 (B4 → B2, 엘리베이터) | 3. [B2] 대합실로 이동 | 4. 4호선 동대문역사문화공원 방면 엘리베이터(으)로 1개 층 내려가기 (B2 → B3, 엘리베이터) | 5. [B3] 4호선 동대문역사문화공원 방면 승강장으로 이동 | 6. [B3] 승차 (휠체어칸)"
S1_3_0563,3호선,충무로,3,환승,2,3호선 을지로3가 방면 → 4호선 명동 방면,B4 → B3,4,1,0,"[B4] 3호선 을지로3가 방면 승강장 하차 → 4호선 명동 방면 엘리베이터(으)로 1개 층 올라가기 (B4 → B3, 엘리베이터) → [B3] 4호선 명동 방면 승강장으로 이동 → [B3] 승차(휠체어칸)","1. [B4] 3호선 을지로3가 방면 승강장 하차 | 2. 4호선 명동 방면 엘리베이터(으)로 1개 층 올라가기 (B4 → B3, 엘리베이터) | 3. [B3] 4호선 명동 방면 승강장으로 이동 | 4. [B3] 승차(휠체어칸)"
S1_3_0563,3호선,충무로,3,환승,3,3호선 동대입구 방면 → 4호선 동대문역사문화공원 방면,B4 → B2 → B3,6,2,0,"[B4] 3호선 동대입구 방면 승강장 하차 → 대합실 방향 엘리베이터(으)로 2개 층 올라가기 (B4 → B2, 엘리베이터) → [B2] 대합실로 이동 → 4호선 동대문역사문화공원 방면 엘리베이터(으)로 1개 층 내려가기 (B2 → B3, 엘리베이터) → [B3] 4호선 동대문역사문화공원 방면 승강장으로 이동 → [B3] 승차 (휠체어칸)","1. [B4] 3호선 동대입구 방면 승강장 하차 | 2. 대합실 방향 엘리베이터(으)로 2개 층 올라가기 (B4 → B2, 엘리베이터) | 3. [B2] 대합실로 이동 | 4. 4호선 동대문역사문화공원 방면 엘리베이터(으)로 1개 층 내려가기 (B2 → B3, 엘리베이터) | 5. [B3] 4호선 동대문역사문화공원 방면 승강장으로 이동 | 6. [B3] 승차 (휠체어칸)"
S1_3_0563,3호선,충무로,3,환승,4,3호선 동대입구 방면 → 4호선 명동 방면,B4 → B3,4,1,0,"[B4] 3호선 동대입구 방면 승강장 하차 → 4호선 명동 방면 엘리베이터(으)로 1개 층 올라가기 (B4 → B3, 엘리베이터) → [B3] 4호선 명동 방면 승강장으로 이동 → [B3] 승차(휠체어칸)","1. [B4] 3호선 동대입구 방면 승강장 하차 | 2. 4호선 명동 방면 엘리베이터(으)로 1개 층 올라가기 (B4 → B3, 엘리베이터) | 3. [B3] 4호선 명동 방면 승강장으로 이동 | 4. [B3] 승차(휠체어칸)"
S1_3_0157,3호선,동대입구,1,출입구-승강장,1,6번 출입구 옆 엘리베이터 → 충무로 방면,1F → B2 → B3,6,2,0,"6번 출입구 옆 엘리베이터(으)로 2개 층 내려가기 (1F → B2, 엘리베이터) → [B2] 대합실로 이동 → [B2] 표 내는 곳 통과 → 승강장 방향 엘리베이터(으)로 1개 층 내려가기 (B2 → B3, 엘리베이터) → [B3] 충무로 방면 승강장으로 이동 → [B3] 승차 (휠체어칸)","1. 6번 출입구 옆 엘리베이터(으)로 2개 층 내려가기 (1F → B2, 엘리베이터) | 2. [B2] 대합실로 이동 | 3. [B2] 표 내는 곳 통과 | 4. 승강장 방향 엘리베이터(으)로 1개 층 내려가기 (B2 → B3, 엘리베이터) | 5. [B3] 충무로 방면 승강장으로 이동 | 6. [B3] 승차 (휠체어칸)"
S1_3_0157,3호선,동대입구,1,출입구-승강장,2,6번 출입구 옆 엘리베이터 → 약수 방면,1F → B2 → B3,6,2,0,"6번 출입구 옆 엘리베이터(으)로 2개 층 내려가기 (1F → B2, 엘리베이터) → [B2] 대합실로 이동 → [B2] 표 내는 곳 통과 → 승강장 방향 엘리베이터(으)로 1개 층 내려가기 (B2 → B3, 엘리베이터) → [B3] 약수 방면 승강장으로 이동 → [B3] 승차 (휠체어칸)","1. 6번 출입구 옆 엘리베이터(으)로 2개 층 내려가기 (1F → B2, 엘리베이터) | 2. [B2] 대합실로 이동 | 3. [B2] 표 내는 곳 통과 | 4. 승강장 방향 엘리베이터(으)로 1개 층 내려가기 (B2 → B3, 엘리베이터) | 5. [B3] 약수 방면 승강장으로 이동 | 6. [B3] 승차 (휠체어칸)"
S1_3_0397,3호선,약수,1,출입구-승강장,1,3번 출입구 옆 엘리베이터 → 동대입구 방면,1F → B1 → B2,6,2,0,"3번 출입구 옆 엘리베이터(으)로 1개 층 내려가기 (1F → B1, 엘리베이터) → [B1] 대합실로 이동 → [B1] 표 내는 곳 통과 → 승강장 방향 엘리베이터(으)로 1개 층 내려가기 (B1 → B2, 엘리베이터) → [B2] 동대입구 방면 승강장으로 이동 → [B2] 승차 (휠체어칸)","1. 3번 출입구 옆 엘리베이터(으)로 1개 층 내려가기 (1F → B1, 엘리베이터) | 2. [B1] 대합실로 이동 | 3. [B1] 표 내는 곳 통과 | 4. 승강장 방향 엘리베이터(으)로 1개 층 내려가기 (B1 → B2, 엘리베이터) | 5. [B2] 동대입구 방면 승강장으로 이동 | 6. [B2] 승차 (휠체어칸)"
S1_3_0397,3호선,약수,1,출입구-승강장,2,3번 출입구 옆 엘리베이터 → 금호 방면,1F → B1 → B2,6,2,0,"3번 출입구 옆 엘리베이터(으)로 1개 층 내려가기 (1F → B1, 엘리베이터) → [B1] 대합실로 이동 → [B1] 표 내는 곳 통과 → 승강장 방향 엘리베이터(으)로 1개 층 내려가기 (B1 → B2, 엘리베이터) → [B2] 금호 방면 승강장으로 이동 → [B2] 승차 (휠체어칸)","1. 3번 출입구 옆 엘리베이터(으)로 1개 층 내려가기 (1F → B1, 엘리베이터) | 2. [B1] 대합실로 이동 | 3. [B1] 표 내는 곳 통과 | 4. 승강장 방향 엘리베이터(으)로 1개 층 내려가기 (B1 → B2, 엘리베이터) | 5. [B2] 금호 방면 승강장으로 이동 | 6. [B2] 승차 (휠체어칸)"
S1_3_0397,3호선,약수,3,환승,1,3호선 동대입구 방면 → 6호선 버티고개 방면,B2 → B1 → B3,8,2,0,"[B2] 3호선 동대입구 방면 승강장 하차 → 대합실 방향 엘리베이터(으)로 1개 층 올라가기 (B2 → B1, 엘리베이터) → [B1] 대합실로 이동 → [B1] 9번 출입구 방향 표 내는 곳 통과 → [B1] 6호선 대합실로 이동 → 대합실 엘리베이터(으)로 2개 층 내려가기 (B1 → B3, 엘리베이터) → [B3] 6호선 버티고개 방면 승강장으로 이동 → [B3] 승차 (휠체어칸)","1. [B2] 3호선 동대입구 방면 승강장 하차 | 2. 대합실 방향 엘리베이터(으)로 1개 층 올라가기 (B2 → B1, 엘리베이터) | 3. [B1] 대합실로 이동 | 4. [B1] 9번 출입구 방향 표 내는 곳 통과 | 5. [B1] 6호선 대합실로 이동 | 6. 대합실 엘리베이터(으)로 2개 층 내려가기 (B1 → B3, 엘리베이터) | 7. [B3] 6호선 버티고개 방면 승강장으로 이동 | 8. [B3] 승차 (휠체어칸)"
S1_3_0397,3호선,약수,3,환승,2,3호선 동대입구 방면 → 6호선 청구 방면,B2 → B1 → B2 → B3,11,3,0,"[B2] 3호선 동대입구 방면 승강장 하차 → 대합실 방향 엘리베이터(으)로 1개 층 올라가기 (B2 → B1, 엘리베이터) → [B1] 대합실로 이동 → [B1] 9번 출입구 방향 표 내는 곳 통과 → [B1] 6호선 대합실로 이동 → 대합실 엘리베이터(으)로 1개 층 내려가기 (B1 → B2, 엘리베이터) → [B2] 대합실로 이동 → [B2] 표 내는 곳 통과 → 6호선 청구 방면 엘리베이터(으)로 1개 층 내려가기 (B2 → B3, 엘리베이터) → [B3] 6호선 청구 방면 승강장으로 이동 → [B3] 승차 (휠체어칸)","1. [B2] 3호선 동대입구 방면 승강장 하차 | 2. 대합실 방향 엘리베이터(으)로 1개 층 올라가기 (B2 → B1, 엘리베이터) | 3. [B1] 대합실로 이동 | 4. [B1] 9번 출입구 방향 표 내는 곳 통과 | 5. [B1] 6호선 대합실로 이동 | 6. 대합실 엘리베이터(으)로 1개 층 내려가기 (B1 → B2, 엘리베이터) | 7. [B2] 대합실로 이동 | 8. [B2] 표 내는 곳 통과 | 9. 6호선 청구 방면 엘리베이터(으)로 1개 층 내려가기 (B2 → B3, 엘리베이터) | 10. [B3] 6호선 청구 방면 승강장으로 이동 | 11. [B3] 승차 (휠체어칸)"
S1_3_0397,3호선,약수,3,환승,3,3호선 금호 방면 → 6호선 버티고개 방면,B2 → B1 → B3,8,2,0,"[B2] 3호선 금호 방면 승강장 하차 → 대합실 방향 엘리베이터(으)로 1개 층 올라가기 (B2 → B1, 엘리베이터) → [B1] 대합실로 이동 → [B1] 9번 출입구 방향 표 내는 곳 통과 → [B1] 6호선 대합실로 이동 → 대합실 엘리베이터(으)로 2개 층 내려가기 (B1 → B3, 엘리베이터) → [B3] 6호선 버티고개 방면 승강장으로 이동 → [B3] 승차 (휠체어칸)","1. [B2] 3호선 금호 방면 승강장 하차 | 2. 대합실 방향 엘리베이터(으)로 1개 층 올라가기 (B2 → B1, 엘리베이터) | 3. [B1] 대합실로 이동 | 4. [B1] 9번 출입구 방향 표 내는 곳 통과 | 5. [B1] 6호선 대합실로 이동 | 6. 대합실 엘리베이터(으)로 2개 층 내려가기 (B1 → B3, 엘리베이터) | 7. [B3] 6호선 버티고개 방면 승강장으로 이동 | 8. [B3] 승차 (휠체어칸)"
S1_3_0397,3호선,약수,3,환승,4,3호선 금호 방면 → 6호선 청구 방면,B2 → B1 → B2 → B3,11,3,0,"[B2] 3호선 금호 방면 승강장 하차 → 대합실 방향 엘리베이터(으)로 1개 층 올라가기 (B2 → B1, 엘리베이터) → [B1] 대합실로 이동 → [B1] 9번 출입구 방향 표 내는 곳 통과 → [B1] 6호선 대합실로 이동 → 대합실 엘리베이터(으)로 1개 층 내려가기 (B1 → B2, 엘리베이터) → [B2] 대합실로 이동 → [B2] 표 내는 곳 통과 → 6호선 청구 방면 엘리베이터(으)로 1개 층 내려가기 (B2 → B3, 엘리베이터) → [B3] 6호선 청구 방면 승강장으로 이동 → [B3] 승차 (휠체어칸)","1. [B2] 3호선 금호 방면 승강장 하차 | 2. 대합실 방향 엘리베이터(으)로 1개 층 올라가기 (B2 → B1, 엘리베이터) | 3. [B1] 대합실로 이동 | 4. [B1] 9번 출입구 방향 표 내는 곳 통과 | 5. [B1] 6호선 대합실로 이동 | 6. 대합실 엘리베이터(으)로 1개 층 내려가기 (B1 → B2, 엘리베이터) | 7. [B2] 대합실로 이동 | 8. [B2] 표 내는 곳 통과 | 9. 6호선 청구 방면 엘리베이터(으)로 1개 층 내려가기 (B2 → B3, 엘리베이터) | 10. [B3] 6호선 청구 방면 승강장으로 이동 | 11. [B3] 승차 (휠체어칸)"
S1_3_0093,3호선,금호,1,출입구-승강장,1,2번 출입구 옆 엘리베이터 → 약수 방면,1F → B1 → B2,6,2,0,"2번 출입구 옆 엘리베이터(으)로 1개 층 내려가기 (1F → B1, 엘리베이터) → [B1] 대합실로 이동 → [B1] 표 내는 곳 통과 → 승강장 방향 엘리베이터(으)로 1개 층 내려가기 (B1 → B2, 엘리베이터) → [B2] 약수 방면 승강장으로 이동 → [B2] 승차 (휠체어칸)","1. 2번 출입구 옆 엘리베이터(으)로 1개 층 내려가기 (1F → B1, 엘리베이터) | 2. [B1] 대합실로 이동 | 3. [B1] 표 내는 곳 통과 | 4. 승강장 방향 엘리베이터(으)로 1개 층 내려가기 (B1 → B2, 엘리베이터) | 5. [B2] 약수 방면 승강장으로 이동 | 6. [B2] 승차 (휠체어칸)"
S1_3_0093,3호선,금호,1,출입구-승강장,2,2번 출입구 옆 엘리베이터 → 옥수 방면,1F → B1 → B2,6,2,0,"2번 출입구 옆 엘리베이터(으)로 1개 층 내려가기 (1F → B1, 엘리베이터) → [B1] 대합실로 이동 → [B1] 표 내는 곳 통과 → 승강장 방향 엘리베이터(으)로 1개 층 내려가기 (B1 → B2, 엘리베이터) → [B2] 옥수 방면 승강장으로 이동 → [B2] 승차 (휠체어칸)","1. 2번 출입구 옆 엘리베이터(으)로 1개 층 내려가기 (1F → B1, 엘리베이터) | 2. [B1] 대합실로 이동 | 3. [B1] 표 내는 곳 통과 | 4. 승강장 방향 엘리베이터(으)로 1개 층 내려가기 (B1 → B2, 엘리베이터) | 5. [B2] 옥수 방면 승강장으로 이동 | 6. [B2] 승차 (휠체어칸)"
S1_3_0093,3호선,금호,1,출입구-승강장,3,3번 출입구 옆 엘리베이터 → 약수 방면,1F → B1 → B2,6,2,0,"3번 출입구 옆 엘리베이터(으)로 1개 층 내려가기 (1F → B1, 엘리베이터) → [B1] 대합실로 이동 → [B1] 3번/4번 출입구 방향 표 내는 곳 통과 → 승강장 방향 엘리베이터(으)로 1개 층 내려가기 (B1 → B2, 엘리베이터) → [B2] 약수 방면 승강장으로 이동 → [B2] 승차 (휠체어칸)","1. 3번 출입구 옆 엘리베이터(으)로 1개 층 내려가기 (1F → B1, 엘리베이터) | 2. [B1] 대합실로 이동 | 3. [B1] 3번/4번 출입구 방향 표 내는 곳 통과 | 4. 승강장 방향 엘리베이터(으)로 1개 층 내려가기 (B1 → B2, 엘리베이터) | 5. [B2] 약수 방면 승강장으로 이동 | 6. [B2] 승차 (휠체어칸)"
S1_3_0093,3호선,금호,1,출입구-승강장,4,3번 출입구 옆 엘리베이터 → 옥수 방면,1F → B1 → B2,6,2,0,"3번 출입구 옆 엘리베이터(으)로 1개 층 내려가기 (1F → B1, 엘리베이터) → [B1] 대합실로 이동 → [B1] 3번/4번 출입구 방향 표 내는 곳 통과 → 승강장 방향 엘리베이터(으)로 1개 층 내려가기 (B1 → B2, 엘리베이터) → [B2] 옥수 방면 승강장으로 이동 → [B2] 승차 (휠체어칸)","1. 3번 출입구 옆 엘리베이터(으)로 1개 층 내려가기 (1F → B1, 엘리베이터) | 2. [B1] 대합실로 이동 | 3. [B1] 3번/4번 출입구 방향 표 내는 곳 통과 | 4. 승강장 방향 엘리베이터(으)로 1개 층 내려가기 (B1 → B2, 엘리베이터) | 5. [B2] 옥수 방면 승강장으로 이동 | 6. [B2] 승차 (휠체어칸)"
S1_3_0434,3호선,옥수,1,출입구-승강장,1,4번 출입구 옆 엘리베이터 → 금호 방면,1F → 3F → 4F,6,2,0,"4번 출입구 옆 엘리베이터(으)로 2개 층 올라가기 (1F → 3F, 엘리베이터) → [3F] 대합실로 이동 → [3F] 표 내는 곳 통과 → 금호 방면 엘리베이터(으)로 1개 층 올라가기 (3F → 4F, 엘리베이터) → [4F] 금호 방면 승강장으로 이동 → [4F] 승차 (휠체어칸)","1. 4번 출입구 옆 엘리베이터(으)로 2개 층 올라가기 (1F → 3F, 엘리베이터) | 2. [3F] 대합실로 이동 | 3. [3F] 표 내는 곳 통과 | 4. 금호 방면 엘리베이터(으)로 1개 층 올라가기 (3F → 4F, 엘리베이터) | 5. [4F] 금호 방면 승강장으로 이동 | 6. [4F] 승차 (휠체어칸)"
S1_3_0434,3호선,옥수,1,출입구-승강장,2,4번 출입구 옆 엘리베이터 → 압구정 방면,1F → 3F → 4F,6,2,0,"4번 출입구 옆 엘리베이터(으)로 2개 층 올라가기 (1F → 3F, 엘리베이터) → [3F] 대합실로 이동 → [3F] 표 내는 곳 통과 → 압구정 방면 엘리베이터(으)로 1개 층 올라가기 (3F → 4F, 엘리베이터) → [4F] 압구정 방면 승강장으로 이동 → [4F] 승차 (휠체어칸)","1. 4번 출입구 옆 엘리베이터(으)로 2개 층 올라가기 (1F → 3F, 엘리베이터) | 2. [3F] 대합실로 이동 | 3. [3F] 표 내는 곳 통과 | 4. 압구정 방면 엘리베이터(으)로 1개 층 올라가기 (3F → 4F, 엘리베이터) | 5. [4F] 압구정 방면 승강장으로 이동 | 6. [4F] 승차 (휠체어칸)"
S1_3_0434,3호선,옥수,3,환승,1,3호선 금호 방면 → 경의중앙선 한남 방면,4F → 3F → 1F,7,2,0,"[4F] 3호선 금호 방면 승강장 하차 → 대합실 방향 엘리베이터(으)로 1개 층 내려가기 (4F → 3F, 엘리베이터) → [3F] 대합실로 이동 → [3F] 경의중앙선 환승통로로 이동 → 경의중앙선 한남 방면 엘리베이터(으)로 2개 층 내려가기 (3F → 1F, 엘리베이터) → [1F] 경의중앙선 한남 방면 승강장으로 이동 → [1F] 승차 (휠체어칸)","1. [4F] 3호선 금호 방면 승강장 하차 | 2. 대합실 방향 엘리베이터(으)로 1개 층 내려가기 (4F → 3F, 엘리베이터) | 3. [3F] 대합실로 이동 | 4. [3F] 경의중앙선 환승통로로 이동 | 5. 경의중앙선 한남 방면 엘리베이터(으)로 2개 층 내려가기 (3F → 1F, 엘리베이터) | 6. [1F] 경의중앙선 한남 방면 승강장으로 이동 | 7. [1F] 승차 (휠체어칸)"
S1_3_0434,3호선,옥수,3,환승,2,3호선 금호 방면 → 경의중앙선 응봉 방면,4F → 3F → 1F,7,2,0,"[4F] 3호선 금호 방면 승강장 하차 → 대합실 방향 엘리베이터(으)로 1개 층 내려가기 (4F → 3F, 엘리베이터) → [3F] 대합실로 이동 → [3F] 경의중앙선 환승통로로 이동 → 경의중앙선 응봉 방면 엘리베이터(으)로 2개 층 내려가기 (3F → 1F, 엘리베이터) → [1F] 경의중앙선 응봉 방면 승강장으로 이동 → [1F] 승차 (휠체어칸)","1. [4F] 3호선 금호 방면 승강장 하차 | 2. 대합실 방향 엘리베이터(으)로 1개 층 내려가기 (4F → 3F, 엘리베이터) | 3. [3F] 대합실로 이동 | 4. [3F] 경의중앙선 환승통로로 이동 | 5. 경의중앙선 응봉 방면 엘리베이터(으)로 2개 층 내려가기 (3F → 1F, 엘리베이터) | 6. [1F] 경의중앙선 응봉 방면 승강장으로 이동 | 7. [1F] 승차 (휠체어칸)"
S1_3_0434,3호선,옥수,3,환승,3,3호선 압구정 방면 → 경의중앙선 한남 방면,4F → 3F → 1F,7,2,0,"[4F] 3호선 압구정 방면 승강장 하차 → 대합실 방향 엘리베이터(으)로 1개 층 내려가기 (4F → 3F, 엘리베이터) → [3F] 대합실로 이동 → [3F] 경의중앙선 환승통로로 이동 → 경의중앙선 한남 방면 엘리베이터(으)로 2개 층 내려가기 (3F → 1F, 엘리베이터) → [1F] 경의중앙선 한남 방면 승강장으로 이동 → [1F] 승차 (휠체어칸)","1. [4F] 3호선 압구정 방면 승강장 하차 | 2. 대합실 방향 엘리베이터(으)로 1개 층 내려가기 (4F → 3F, 엘리베이터) | 3. [3F] 대합실로 이동 | 4. [3F] 경의중앙선 환승통로로 이동 | 5. 경의중앙선 한남 방면 엘리베이터(으)로 2개 층 내려가기 (3F → 1F, 엘리베이터) | 6. [1F] 경의중앙선 한남 방면 승강장으로 이동 | 7. [1F] 승차 (휠체어칸)"
S1_3_0434,3호선,옥수,3,환승,4,3호선 압구정 방면 → 경의중앙선 응봉 방면,4F → 3F → 1F,7,2,0,"[4F] 3호선 압구정 방면 승강장 하차 → 대합실 방향 엘리베이터(으)로 1개 층 내려가기 (4F → 3F, 엘리베이터) → [3F] 대합실로 이동 → [3F] 경의중앙선 환승통로로 이동 → 경의중앙선 응봉 방면 엘리베이터(으)로 2개 층 내려가기 (3F → 1F, 엘리베이터) → [1F] 경의중앙선 응봉 방면 승강장으로 이동 → [1F] 승차 (휠체어칸)","1. [4F] 3호선 압구정 방면 승강장 하차 | 2. 대합실 방향 엘리베이터(으)로 1개 층 내려가기 (4F → 3F, 엘리베이터) | 3. [3F] 대합실로 이동 | 4. [3F] 경의중앙선 환승통로로 이동 | 5. 경의중앙선 응봉 방면 엘리베이터(으)로 2개 층 내려가기 (3F → 1F, 엘리베이터) | 6. [1F] 경의중앙선 응봉 방면 승강장으로 이동 | 7. [1F] 승차 (휠체어칸)"
S1_3_0392,3호선,압구정,1,출입구-승강장,1,2번 출입구 옆 엘리베이터 → 옥수 방면,1F → B1 → B2,6,2,0,"2번 출입구 옆 엘리베이터(으)로 1개 층 내려가기 (1F → B1, 엘리베이터) → [B1] 대합실로 이동 → [B1] 옥수 방면 엘리베이터 앞 표 내는 곳 통과 → 옥수 방면 엘리베이터(으)로 1개 층 내려가기 (B1 → B2, 엘리베이터) → [B2] 옥수 방면 승강장으로 이동 → [B2] 승차 (휠체어칸)","1. 2번 출입구 옆 엘리베이터(으)로 1개 층 내려가기 (1F → B1, 엘리베이터) | 2. [B1] 대합실로 이동 | 3. [B1] 옥수 방면 엘리베이터 앞 표 내는 곳 통과 | 4. 옥수 방면 엘리베이터(으)로 1개 층 내려가기 (B1 → B2, 엘리베이터) | 5. [B2] 옥수 방면 승강장으로 이동 | 6. [B2] 승차 (휠체어칸)"
S1_3_0392,3호선,압구정,1,출입구-승강장,2,2번 출입구 옆 엘리베이터 → 신사 방면,1F → B1 → B2,6,2,0,"2번 출입구 옆 엘리베이터(으)로 1개 층 내려가기 (1F → B1, 엘리베이터) → [B1] 대합실로 이동 → [B1] 신사 방면 엘리베이터 앞 표 내는 곳 통과 → 신사 방면 엘리베이터(으)로 1개 층 내려가기 (B1 → B2, 엘리베이터) → [B2] 신사 방면 승강장으로 이동 → [B2] 승차 (휠체어칸)","1. 2번 출입구 옆 엘리베이터(으)로 1개 층 내려가기 (1F → B1, 엘리베이터) | 2. [B1] 대합실로 이동 | 3. [B1] 신사 방면 엘리베이터 앞 표 내는 곳 통과 | 4. 신사 방면 엘리베이터(으)로 1개 층 내려가기 (B1 → B2, 엘리베이터) | 5. [B2] 신사 방면 승강장으로 이동 | 6. [B2] 승차 (휠체어칸)"
S1_3_0392,3호선,압구정,1,출입구-승강장,3,3번 출입구 옆 엘리베이터 → 옥수 방면,1F → B1 → B2,6,2,0,"3번 출입구 옆 엘리베이터(으)로 1개 층 내려가기 (1F → B1, 엘리베이터) → [B1] 대합실로 이동 → [B1] 옥수 방면 엘리베이터 앞 표 내는 곳 통과 → 옥수 방면 엘리베이터(으)로 1개 층 내려가기 (B1 → B2, 엘리베이터) → [B2] 옥수 방면 승강장으로 이동 → [B2] 승차 (휠체어칸)","1. 3번 출입구 옆 엘리베이터(으)로 1개 층 내려가기 (1F → B1, 엘리베이터) | 2. [B1] 대합실로 이동 | 3. [B1] 옥수 방면 엘리베이터 앞 표 내는 곳 통과 | 4. 옥수 방면 엘리베이터(으)로 1개 층 내려가기 (B1 → B2, 엘리베이터) | 5. [B2] 옥수 방면 승강장으로 이동 | 6. [B2] 승차 (휠체어칸)"
S1_3_0392,3호선,압구정,1,출입구-승강장,4,3번 출입구 옆 엘리베이터 → 신사 방면,1F → B1 → B2,6,2,0,"3번 출입구 옆 엘리베이터(으)로 1개 층 내려가기 (1F → B1, 엘리베이터) → [B1] 대합실로 이동 → [B1] 신사 방면 엘리베이터 앞 표 내는 곳 통과 → 신사 방면 엘리베이터(으)로 1개 층 내려가기 (B1 → B2, 엘리베이터) → [B2] 신사 방면 승강장으로 이동 → [B2] 승차 (휠체어칸)","1. 3번 출입구 옆 엘리베이터(으)로 1개 층 내려가기 (1F → B1, 엘리베이터) | 2. [B1] 대합실로 이동 | 3. [B1] 신사 방면 엘리베이터 앞 표 내는 곳 통과 | 4. 신사 방면 엘리베이터(으)로 1개 층 내려가기 (B1 → B2, 엘리베이터) | 5. [B2] 신사 방면 승강장으로 이동 | 6. [B2] 승차 (휠체어칸)"
S1_3_0365,3호선,신사,1,출입구-승강장,1,1번 출입구 옆 엘리베이터 → 압구정 방면,1F → B1 → B2,6,2,0,"1번 출입구 옆 엘리베이터(으)로 1개 층 내려가기 (1F → B1, 엘리베이터) → [B1] 대합실로 이동 → [B1] 표 내는 곳 통과 → 압구정 방면 엘리베이터(으)로 1개 층 내려가기 (B1 → B2, 엘리베이터) → [B2] 압구정 방면 승강장으로 이동 → [B2] 승차 (휠체어칸)","1. 1번 출입구 옆 엘리베이터(으)로 1개 층 내려가기 (1F → B1, 엘리베이터) | 2. [B1] 대합실로 이동 | 3. [B1] 표 내는 곳 통과 | 4. 압구정 방면 엘리베이터(으)로 1개 층 내려가기 (B1 → B2, 엘리베이터) | 5. [B2] 압구정 방면 승강장으로 이동 | 6. [B2] 승차 (휠체어칸)"
S1_3_0365,3호선,신사,1,출입구-승강장,2,1번 출입구 옆 엘리베이터 → 잠원 방면,1F → B1 → B2,6,2,0,"1번 출입구 옆 엘리베이터(으)로 1개 층 내려가기 (1F → B1, 엘리베이터) → [B1] 대합실로 이동 → [B1] 표 내는 곳 통과 → 잠원 방면 엘리베이터(으)로 1개 층 내려가기 (B1 → B2, 엘리베이터) → [B2] 잠원 방면 승강장으로 이동 → [B2] 승차 (휠체어칸)","1. 1번 출입구 옆 엘리베이터(으)로 1개 층 내려가기 (1F → B1, 엘리베이터) | 2. [B1] 대합실로 이동 | 3. [B1] 표 내는 곳 통과 | 4. 잠원 방면 엘리베이터(으)로 1개 층 내려가기 (B1 → B2, 엘리베이터) | 5. [B2] 잠원 방면 승강장으로 이동 | 6. [B2] 승차 (휠체어칸)"
S1_3_0365,3호선,신사,1,출입구-승강장,3,6번 출입구 옆 엘리베이터 → 압구정 방면,1F → B1 → B2,6,2,0,"6번 출입구 옆 엘리베이터(으)로 1개 층 내려가기 (1F → B1, 엘리베이터) → [B1] 대합실로 이동 → [B1] 표 내는 곳 통과 → 압구정 방면 엘리베이터(으)로 1개 층 내려가기 (B1 → B2, 엘리베이터) → [B2] 압구정 방면 승강장으로 이동 → [B2] 승차 (휠체어칸)","1. 6번 출입구 옆 엘리베이터(으)로 1개 층 내려가기 (1F → B1, 엘리베이터) | 2. [B1] 대합실로 이동 | 3. [B1] 표 내는 곳 통과 | 4. 압구정 방면 엘리베이터(으)로 1개 층 내려가기 (B1 → B2, 엘리베이터) | 5. [B2] 압구정 방면 승강장으로 이동 | 6. [B2] 승차 (휠체어칸)"
S1_3_0365,3호선,신사,1,출입구-승강장,4,6번 출입구 옆 엘리베이터 → 잠원 방면,1F → B1 → B2,6,2,0,"6번 출입구 옆 엘리베이터(으)로 1개 층 내려가기 (1F → B1, 엘리베이터) → [B1] 대합실로 이동 → [B1] 표 내는 곳 통과 → 잠원 방면 엘리베이터(으)로 1개 층 내려가기 (B1 → B2, 엘리베이터) → [B2] 잠원 방면 승강장으로 이동 → [B2] 승차 (휠체어칸)","1. 6번 출입구 옆 엘리베이터(으)로 1개 층 내려가기 (1F → B1, 엘리베이터) | 2. [B1] 대합실로 이동 | 3. [B1] 표 내는 곳 통과 | 4. 잠원 방면 엘리베이터(으)로 1개 층 내려가기 (B1 → B2, 엘리베이터) | 5. [B2] 잠원 방면 승강장으로 이동 | 6. [B2] 승차 (휠체어칸)"
S1_3_0365,3호선,신사,1,출입구-승강장,5,8번 출입구 옆 엘리베이터 → 압구정 방면,1F → B1 → B2,6,2,0,"8번 출입구 옆 엘리베이터(으)로 1개 층 내려가기 (1F → B1, 엘리베이터) → [B1] 대합실로 이동 → [B1] 표 내는 곳 통과 → 압구정 방면 엘리베이터(으)로 1개 층 내려가기 (B1 → B2, 엘리베이터) → [B2] 압구정 방면 승강장으로 이동 → [B2] 승차 (휠체어칸)","1. 8번 출입구 옆 엘리베이터(으)로 1개 층 내려가기 (1F → B1, 엘리베이터) | 2. [B1] 대합실로 이동 | 3. [B1] 표 내는 곳 통과 | 4. 압구정 방면 엘리베이터(으)로 1개 층 내려가기 (B1 → B2, 엘리베이터) | 5. [B2] 압구정 방면 승강장으로 이동 | 6. [B2] 승차 (휠체어칸)"
S1_3_0365,3호선,신사,1,출입구-승강장,6,8번 출입구 옆 엘리베이터 → 잠원 방면,1F → B1 → B2,6,2,0,"8번 출입구 옆 엘리베이터(으)로 1개 층 내려가기 (1F → B1, 엘리베이터) → [B1] 대합실로 이동 → [B1] 표 내는 곳 통과 → 잠원 방면 엘리베이터(으)로 1개 층 내려가기 (B1 → B2, 엘리베이터) → [B2] 잠원 방면 승강장으로 이동 → [B2] 승차 (휠체어칸)","1. 8번 출입구 옆 엘리베이터(으)로 1개 층 내려가기 (1F → B1, 엘리베이터) | 2. [B1] 대합실로 이동 | 3. [B1] 표 내는 곳 통과 | 4. 잠원 방면 엘리베이터(으)로 1개 층 내려가기 (B1 → B2, 엘리베이터) | 5. [B2] 잠원 방면 승강장으로 이동 | 6. [B2] 승차 (휠체어칸)"
S1_3_0365,3호선,신사,3,환승,1,3호선 압구정 방면 → 신분당선 논현역 방면,B2 → B4,5,1,0,"[B2] 3호선 압구정 방면 승강장 하차 → [B2] 3호선 승강장 9번칸에 위치한 환승 대합실로 이동 후  환승게이트 통과 → 신분당선 논현방면 엘리베이터(으)로 2개 층 내려가기 (B2 → B4, 엘리베이터) → [B4] 신분당선 논현 방면 승강장으로 이동 → [B4] 승차 (휠체어칸)","1. [B2] 3호선 압구정 방면 승강장 하차 | 2. [B2] 3호선 승강장 9번칸에 위치한 환승 대합실로 이동 후  환승게이트 통과 | 3. 신분당선 논현방면 엘리베이터(으)로 2개 층 내려가기 (B2 → B4, 엘리베이터) | 4. [B4] 신분당선 논현 방면 승강장으로 이동 | 5. [B4] 승차 (휠체어칸)"
S1_3_0365,3호선,신사,3,환승,2,3호선 잠원 방면 → 신분당선 논현역 방면,B2 → B4,5,1,0,"[B2] 3호선 잠원 방면 승강장 하차 → [B2] 3호선 승강장 2번칸에 위치한 환승 대합실로 이동 후 환승 게이트 통과 → 신분당선 논현방면 엘리베이터(으)로 2개 층 내려가기 (B2 → B4, 엘리베이터) → [B4] 신분당선 논현 방면 승강장으로 이동 → [B4] 승차 (휠체어칸)","1. [B2] 3호선 잠원 방면 승강장 하차 | 2. [B2] 3호선 승강장 2번칸에 위치한 환승 대합실로 이동 후 환승 게이트 통과 | 3. 신분당선 논현방면 엘리베이터(으)로 2개 층 내려가기 (B2 → B4, 엘리베이터) | 4. [B4] 신분당선 논현 방면 승강장으로 이동 | 5. [B4] 승차 (휠체어칸)"
S1_3_0500,3호선,잠원,1,출입구-승강장,1,1번 출입구 옆 엘리베이터 → 신사 방면,1F → B1 → B2,6,2,0,"1번 출입구 옆 엘리베이터(으)로 1개 층 내려가기 (1F → B1, 엘리베이터) → [B1] 대합실로 이동 → [B1] 표 내는 곳 통과 → 신사 방면 엘리베이터(으)로 1개 층 내려가기 (B1 → B2, 엘리베이터) → [B2] 신사 방면 승강장으로 이동 → [B2] 승차 (휠체어칸)","1. 1번 출입구 옆 엘리베이터(으)로 1개 층 내려가기 (1F → B1, 엘리베이터) | 2. [B1] 대합실로 이동 | 3. [B1] 표 내는 곳 통과 | 4. 신사 방면 엘리베이터(으)로 1개 층 내려가기 (B1 → B2, 엘리베이터) | 5. [B2] 신사 방면 승강장으로 이동 | 6. [B2] 승차 (휠체어칸)"
S1_3_0500,3호선,잠원,1,출입구-승강장,2,1번 출입구 옆 엘리베이터 → 고속터미널 방면,1F → B1 → B2,6,2,0,"1번 출입구 옆 엘리베이터(으)로 1개 층 내려가기 (1F → B1, 엘리베이터) → [B1] 대합실로 이동 → [B1] 표 내는 곳 통과 → 고속터미널 방면 엘리베이터(으)로 1개 층 내려가기 (B1 → B2, 엘리베이터) → [B2] 고속터미널 방면 승강장으로 이동 → [B2] 승차 (휠체어칸)","1. 1번 출입구 옆 엘리베이터(으)로 1개 층 내려가기 (1F → B1, 엘리베이터) | 2. [B1] 대합실로 이동 | 3. [B1] 표 내는 곳 통과 | 4. 고속터미널 방면 엘리베이터(으)로 1개 층 내려가기 (B1 → B2, 엘리베이터) | 5. [B2] 고속터미널 방면 승강장으로 이동 | 6. [B2] 승차 (휠체어칸)"
S1_3_0048,3호선,고속터미널,1,출입구-승강장,1,1번 출입구 옆 엘리베이터 → 잠원 방면,1F,6,0,0,[1F] 대합실(B2)로 이동 후 게이트 통과 → [1F] 환승게이트 통과 → [1F] 오른쪽 무빙워크통로 이용 후 왼쪽으로 유턴 (왼쪽) → [1F] 잠원방면 승강장(B3)으로 이동 → [1F] 승차(휠체어칸) → 잠원방면 엘리베이터 이용 (엘리베이터),1. [1F] 대합실(B2)로 이동 후 게이트 통과 | 2. [1F] 환승게이트 통과 | 3. [1F] 오른쪽 무빙워크통로 이용 후 왼쪽으로 유턴 (왼쪽) | 4. [1F] 잠원방면 승강장(B3)으로 이동 | 5. [1F] 승차(휠체어칸) | 6. 잠원방면 엘리베이터 이용 (엘리베이터)
S1_3_0048,3호선,고속터미널,1,출입구-승강장,2,1번 출입구 옆 엘리베이터 → 교대 방면,1F,6,0,0,[1F] 대합실(B2)로 이동 후 게이트 통과 → [1F] 환승게이트 통과 → [1F] 오른쪽 무빙워크통로 이용 후 왼쪽으로 유턴 (왼쪽) → [1F] 교대방면 승강장(B3)으로 이동 → [1F] 승차(휠체어칸) → 교대방면 엘리베이터 이용 (엘리베이터),1. [1F] 대합실(B2)로 이동 후 게이트 통과 | 2. [1F] 환승게이트 통과 | 3. [1F] 오른쪽 무빙워크통로 이용 후 왼쪽으로 유턴 (왼쪽) | 4. [1F] 교대방면 승강장(B3)으로 이동 | 5. [1F] 승차(휠체어칸) | 6. 교대방면 엘리베이터 이용 (엘리베이터)
S1_3_0048,3호선,고속터미널,3,환승,1,3호선 잠원 방면 → 7호선 반포 방면,B3 → B2 → B3,7,2,0,"[B3] 3호선 잠원 방면 승강장 하차 → 대합실 방향 엘리베이터(으)로 1개 층 올라가기 (B3 → B2, 엘리베이터) → [B2] 대합실로 이동 → [B2] 7호선 대합실로  이동 → 7호선 반포 방면 엘리베이터(으)로 1개 층 내려가기 (B2 → B3, 엘리베이터) → [B3] 7호선 반포 방면 승강장으로 이동 → [B3] 승차 (휠체어칸)","1. [B3] 3호선 잠원 방면 승강장 하차 | 2. 대합실 방향 엘리베이터(으)로 1개 층 올라가기 (B3 → B2, 엘리베이터) | 3. [B2] 대합실로 이동 | 4. [B2] 7호선 대합실로  이동 | 5. 7호선 반포 방면 엘리베이터(으)로 1개 층 내려가기 (B2 → B3, 엘리베이터) | 6. [B3] 7호선 반포 방면 승강장으로 이동 | 7. [B3] 승차 (휠체어칸)"
S1_3_0048,3호선,고속터미널,3,환승,2,3호선 잠원 방면 → 7호선 내방 방면,B3 → B2 → B3,7,2,0,"[B3] 3호선 잠원 방면 승강장 하차 → 대합실 방향 엘리베이터(으)로 1개 층 올라가기 (B3 → B2, 엘리베이터) → [B2] 대합실로 이동 → [B2] 7호선 대합실로  이동 → 7호선 내방 방면 엘리베이터(으)로 1개 층 내려가기 (B2 → B3, 엘리베이터) → [B3] 7호선 내방 방면 승강장으로 이동 → [B3] 승차 (휠체어칸)","1. [B3] 3호선 잠원 방면 승강장 하차 | 2. 대합실 방향 엘리베이터(으)로 1개 층 올라가기 (B3 → B2, 엘리베이터) | 3. [B2] 대합실로 이동 | 4. [B2] 7호선 대합실로  이동 | 5. 7호선 내방 방면 엘리베이터(으)로 1개 층 내려가기 (B2 → B3, 엘리베이터) | 6. [B3] 7호선 내방 방면 승강장으로 이동 | 7. [B3] 승차 (휠체어칸)"
S1_3_0048,3호선,고속터미널,3,환승,3,3호선 교대 방면 → 7호선 반포 방면,B3 → B2 → B3,7,2,0,"[B3] 3호선 교대 방면 승강장 하차 → 대합실 방향 엘리베이터(으)로 1개 층 올라가기 (B3 → B2, 엘리베이터) → [B2] 대합실로 이동 → [B2] 7호선 대합실로  이동 → 7호선 반포 방면 엘리베이터(으)로 1개 층 내려가기 (B2 → B3, 엘리베이터) → [B3] 7호선 반포 방면 승강장으로 이동 → [B3] 승차 (휠체어칸)","1. [B3] 3호선 교대 방면 승강장 하차 | 2. 대합실 방향 엘리베이터(으)로 1개 층 올라가기 (B3 → B2, 엘리베이터) | 3. [B2] 대합실로 이동 | 4. [B2] 7호선 대합실로  이동 | 5. 7호선 반포 방면 엘리베이터(으)로 1개 층 내려가기 (B2 → B3, 엘리베이터) | 6. [B3] 7호선 반포 방면 승강장으로 이동 | 7. [B3] 승차 (휠체어칸)"
S1_3_0048,3호선,고속터미널,3,환승,4,3호선 교대 방면 → 7호선 내방 방면,B3 → B2 → B3,7,2,0,"[B3] 3호선 교대 방면 승강장 하차 → 대합실 방향 엘리베이터(으)로 1개 층 올라가기 (B3 → B2, 엘리베이터) → [B2] 대합실로 이동 → [B2] 7호선 대합실로  이동 → 7호선 내방 방면 엘리베이터(으)로 1개 층 내려가기 (B2 → B3, 엘리베이터) → [B3] 7호선 내방 방면 승강장으로 이동 → [B3] 승차 (휠체어칸)","1. [B3] 3호선 교대 방면 승강장 하차 | 2. 대합실 방향 엘리베이터(으)로 1개 층 올라가기 (B3 → B2, 엘리베이터) | 3. [B2] 대합실로 이동 | 4. [B2] 7호선 대합실로  이동 | 5. 7호선 내방 방면 엘리베이터(으)로 1개 층 내려가기 (B2 → B3, 엘리베이터) | 6. [B3] 7호선 내방 방면 승강장으로 이동 | 7. [B3] 승차 (휠체어칸)"
S1_3_0048,3호선,고속터미널,3,환승,5,3호선 잠원 방면 → 9호선 사평 방면,B3 → B2 → B5,6,2,0,"[B3] 3호선 잠원 방면 승강장 하차 → 대합실 방향 엘리베이터(으)로 1개 층 올라가기 (B3 → B2, 엘리베이터) → [B2] 대합실로 이동 → 9호선 사평 방면 환승 엘리베이터(으)로 3개 층 내려가기 (B2 → B5, 엘리베이터) → [B5] 9호선 사평 방면 승강장으로 이동 → [B5] 승차 (휠체어칸)","1. [B3] 3호선 잠원 방면 승강장 하차 | 2. 대합실 방향 엘리베이터(으)로 1개 층 올라가기 (B3 → B2, 엘리베이터) | 3. [B2] 대합실로 이동 | 4. 9호선 사평 방면 환승 엘리베이터(으)로 3개 층 내려가기 (B2 → B5, 엘리베이터) | 5. [B5] 9호선 사평 방면 승강장으로 이동 | 6. [B5] 승차 (휠체어칸)"
S1_3_0048,3호선,고속터미널,3,환승,6,3호선 잠원 방면 → 9호선 신반포 방면,B3 → B2 → B4 → B5,8,3,0,"[B3] 3호선 잠원 방면 승강장 하차 → 대합실 방향 엘리베이터(으)로 1개 층 올라가기 (B3 → B2, 엘리베이터) → [B2] 대합실로 이동 → 9호선  환승 엘리베이터(으)로 2개 층 내려가기 (B2 → B4, 엘리베이터) → [B4] 대합실로 이동 → 9호선  신반포 방면 엘리베이터(으)로 1개 층 내려가기 (B4 → B5, 엘리베이터) → [B5] 9호선 신반포 방면 승강장으로 이동 → [B5] 승차 (휠체어칸)","1. [B3] 3호선 잠원 방면 승강장 하차 | 2. 대합실 방향 엘리베이터(으)로 1개 층 올라가기 (B3 → B2, 엘리베이터) | 3. [B2] 대합실로 이동 | 4. 9호선  환승 엘리베이터(으)로 2개 층 내려가기 (B2 → B4, 엘리베이터) | 5. [B4] 대합실로 이동 | 6. 9호선  신반포 방면 엘리베이터(으)로 1개 층 내려가기 (B4 → B5, 엘리베이터) | 7. [B5] 9호선 신반포 방면 승강장으로 이동 | 8. [B5] 승차 (휠체어칸)"
S1_3_0048,3호선,고속터미널,3,환승,7,3호선 교대 방면 → 9호선 사평 방면,B3 → B2 → B5,6,2,0,"[B3] 3호선 교대 방면 승강장 하차 → 대합실 방향 엘리베이터(으)로 1개 층 올라가기 (B3 → B2, 엘리베이터) → [B2] 대합실로 이동 → 9호선 사평 방면 환승 엘리베이터(으)로 3개 층 내려가기 (B2 → B5, 엘리베이터) → [B5] 9호선 사평 방면 승강장으로 이동 → [B5] 승차 (휠체어칸)","1. [B3] 3호선 교대 방면 승강장 하차 | 2. 대합실 방향 엘리베이터(으)로 1개 층 올라가기 (B3 → B2, 엘리베이터) | 3. [B2] 대합실로 이동 | 4. 9호선 사평 방면 환승 엘리베이터(으)로 3개 층 내려가기 (B2 → B5, 엘리베이터) | 5. [B5] 9호선 사평 방면 승강장으로 이동 | 6. [B5] 승차 (휠체어칸)"
S1_3_0048,3호선,고속터미널,3,환승,8,3호선 교대 방면 → 9호선 신반포 방면,B3 → B2 → B4 → B5,8,3,0,"[B3] 3호선 교대 방면 승강장 하차 → 대합실 방향 엘리베이터(으)로 1개 층 올라가기 (B3 → B2, 엘리베이터) → [B2] 대합실로 이동 → 9호선  환승 엘리베이터(으)로 2개 층 내려가기 (B2 → B4, 엘리베이터) → [B4] 대합실로 이동 → 9호선  신반포 방면 엘리베이터(으)로 1개 층 내려가기 (B4 → B5, 엘리베이터) → [B5] 9호선 신반포 방면 승강장으로 이동 → [B5] 승차 (휠체어칸)","1. [B3] 3호선 교대 방면 승강장 하차 | 2. 대합실 방향 엘리베이터(으)로 1개 층 올라가기 (B3 → B2, 엘리베이터) | 3. [B2] 대합실로 이동 | 4. 9호선  환승 엘리베이터(으)로 2개 층 내려가기 (B2 → B4, 엘리베이터) | 5. [B4] 대합실로 이동 | 6. 9호선  신반포 방면 엘리베이터(으)로 1개 층 내려가기 (B4 → B5, 엘리베이터) | 7. [B5] 9호선 신반포 방면 승강장으로 이동 | 8. [B5] 승차 (휠체어칸)"
S1_3_0068,3호선,교대,1,출입구-승강장,1,12번 출입구 옆 엘리베이터 → 고속터미널 방면,1F → B1 → B3,7,2,0,"12번 출입구 옆 엘리베이터(으)로 1개 층 내려가기 (1F → B1, 엘리베이터) → [B1] 2호선 대합실로 이동 → [B1] 3호선 대합실로 이동 → [B1] 표 내는 곳 통과 → 승강장 방향 엘리베이터(으)로 2개 층 내려가기 (B1 → B3, 엘리베이터) → [B3] 고속터미널 방면 승강장으로 이동 → [B3] 승차 (휠체어칸)","1. 12번 출입구 옆 엘리베이터(으)로 1개 층 내려가기 (1F → B1, 엘리베이터) | 2. [B1] 2호선 대합실로 이동 | 3. [B1] 3호선 대합실로 이동 | 4. [B1] 표 내는 곳 통과 | 5. 승강장 방향 엘리베이터(으)로 2개 층 내려가기 (B1 → B3, 엘리베이터) | 6. [B3] 고속터미널 방면 승강장으로 이동 | 7. [B3] 승차 (휠체어칸)"
S1_3_0068,3호선,교대,1,출입구-승강장,2,12번 출입구 옆 엘리베이터 → 남부터미널 방면,1F → B1 → B3,7,2,0,"12번 출입구 옆 엘리베이터(으)로 1개 층 내려가기 (1F → B1, 엘리베이터) → [B1] 2호선 대합실로 이동 → [B1] 3호선 대합실로 이동 → [B1] 표 내는 곳 통과 → 승강장 방향 엘리베이터(으)로 2개 층 내려가기 (B1 → B3, 엘리베이터) → [B3] 남부터미널 방면 승강장으로 이동 → [B3] 승차 (휠체어칸)","1. 12번 출입구 옆 엘리베이터(으)로 1개 층 내려가기 (1F → B1, 엘리베이터) | 2. [B1] 2호선 대합실로 이동 | 3. [B1] 3호선 대합실로 이동 | 4. [B1] 표 내는 곳 통과 | 5. 승강장 방향 엘리베이터(으)로 2개 층 내려가기 (B1 → B3, 엘리베이터) | 6. [B3] 남부터미널 방면 승강장으로 이동 | 7. [B3] 승차 (휠체어칸)"
S1_3_0068,3호선,교대,1,출입구-승강장,3,13번 출입구 옆 엘리베이터 → 고속터미널 방면,1F → B1 → B3,6,2,0,"13번 출입구 옆 엘리베이터(으)로 1개 층 내려가기 (1F → B1, 엘리베이터) → [B1] 3호선 대합실로 이동 → [B1] 표 내는 곳 통과 → 승강장 방향 엘리베이터(으)로 2개 층 내려가기 (B1 → B3, 엘리베이터) → [B3] 고속터미널 방면 승강장으로 이동 → [B3] 승차 (휠체어칸)","1. 13번 출입구 옆 엘리베이터(으)로 1개 층 내려가기 (1F → B1, 엘리베이터) | 2. [B1] 3호선 대합실로 이동 | 3. [B1] 표 내는 곳 통과 | 4. 승강장 방향 엘리베이터(으)로 2개 층 내려가기 (B1 → B3, 엘리베이터) | 5. [B3] 고속터미널 방면 승강장으로 이동 | 6. [B3] 승차 (휠체어칸)"
S1_3_0068,3호선,교대,1,출입구-승강장,4,13번 출입구 옆 엘리베이터 → 남부터미널 방면,1F → B1 → B3,6,2,0,"13번 출입구 옆 엘리베이터(으)로 1개 층 내려가기 (1F → B1, 엘리베이터) → [B1] 3호선 대합실로 이동 → [B1] 표 내는 곳 통과 → 승강장 방향 엘리베이터(으)로 2개 층 내려가기 (B1 → B3, 엘리베이터) → [B3] 남부터미널 방면 승강장으로 이동 → [B3] 승차 (휠체어칸)","1. 13번 출입구 옆 엘리베이터(으)로 1개 층 내려가기 (1F → B1, 엘리베이터) | 2. [B1] 3호선 대합실로 이동 | 3. [B1] 표 내는 곳 통과 | 4. 승강장 방향 엘리베이터(으)로 2개 층 내려가기 (B1 → B3, 엘리베이터) | 5. [B3] 남부터미널 방면 승강장으로 이동 | 6. [B3] 승차 (휠체어칸)"
S1_3_0068,3호선,교대,3,환승,1,3호선 고속터미널 방면 → 2호선 강남 방면,B3 → B1 → 1F → B1 → B2,12,4,0,"[B3] 3호선 고속터미널 방면 승강장 하차 → 대합실 방향 엘리베이터(으)로 2개 층 올라가기 (B3 → B1, 엘리베이터) → [B1] 대합실로 이동 → [B1] 표 내는 곳 통과 → [B1] 13번 출구로 이동 → 13번 출입구 옆 엘리베이터 탑승 후 지상으로 이동(으)로 1개 층 올라가기 (B1 → 1F, 엘리베이터) → 12번 출입구 옆 엘리베이터(으)로 1개 층 내려가기 (1F → B1, 엘리베이터) → [B1] 대합실로 이동 → [B1] 강남 방면 엘리베이터 앞 표 내는 곳 통과 → 강남 방면 엘리베이터(으)로 1개 층 내려가기 (B1 → B2, 엘리베이터) → [B2] 강남 방면 승강장으로 이동 → [B2] 승차 (휠체어칸)","1. [B3] 3호선 고속터미널 방면 승강장 하차 | 2. 대합실 방향 엘리베이터(으)로 2개 층 올라가기 (B3 → B1, 엘리베이터) | 3. [B1] 대합실로 이동 | 4. [B1] 표 내는 곳 통과 | 5. [B1] 13번 출구로 이동 | 6. 13번 출입구 옆 엘리베이터 탑승 후 지상으로 이동(으)로 1개 층 올라가기 (B1 → 1F, 엘리베이터) | 7. 12번 출입구 옆 엘리베이터(으)로 1개 층 내려가기 (1F → B1, 엘리베이터) | 8. [B1] 대합실로 이동 | 9. [B1] 강남 방면 엘리베이터 앞 표 내는 곳 통과 | 10. 강남 방면 엘리베이터(으)로 1개 층 내려가기 (B1 → B2, 엘리베이터) | 11. [B2] 강남 방면 승강장으로 이동 | 12. [B2] 승차 (휠체어칸)"
S1_3_0068,3호선,교대,3,환승,2,3호선 고속터미널 방면 → 2호선 서초 방면,B3 → B1 → 1F → B1 → B2,12,4,0,"[B3] 3호선 고속터미널 방면 승강장 하차 → 대합실 방향 엘리베이터(으)로 2개 층 올라가기 (B3 → B1, 엘리베이터) → [B1] 대합실로 이동 → [B1] 표 내는 곳 통과탑승 → [B1] 13번 출구로 이동 → 13번 출입구 옆 엘리베이터 탑승 후 지상으로 이동(으)로 1개 층 올라가기 (B1 → 1F, 엘리베이터) → 12번 출입구 옆 엘리베이터(으)로 1개 층 내려가기 (1F → B1, 엘리베이터) → [B1] 대합실로 이동 → [B1] 서초 방면 엘리베이터 앞 표 내는 곳 통과 → 서초 방면 엘리베이터(으)로 1개 층 내려가기 (B1 → B2, 엘리베이터) → [B2] 서초 방면 승강장으로 이동 → [B2] 승차 (휠체어칸)","1. [B3] 3호선 고속터미널 방면 승강장 하차 | 2. 대합실 방향 엘리베이터(으)로 2개 층 올라가기 (B3 → B1, 엘리베이터) | 3. [B1] 대합실로 이동 | 4. [B1] 표 내는 곳 통과탑승 | 5. [B1] 13번 출구로 이동 | 6. 13번 출입구 옆 엘리베이터 탑승 후 지상으로 이동(으)로 1개 층 올라가기 (B1 → 1F, 엘리베이터) | 7. 12번 출입구 옆 엘리베이터(으)로 1개 층 내려가기 (1F → B1, 엘리베이터) | 8. [B1] 대합실로 이동 | 9. [B1] 서초 방면 엘리베이터 앞 표 내는 곳 통과 | 10. 서초 방면 엘리베이터(으)로 1개 층 내려가기 (B1 → B2, 엘리베이터) | 11. [B2] 서초 방면 승강장으로 이동 | 12. [B2] 승차 (휠체어칸)"
S1_3_0068,3호선,교대,3,환승,3,3호선 남부터미널 방면 → 2호선 강남 방면,B3 → B1 → 1F → B1 → B2,12,4,0,"[B3] 3호선 남부터미널 방면 승강장 하차 → 대합실 방향 엘리베이터(으)로 2개 층 올라가기 (B3 → B1, 엘리베이터) → [B1] 대합실로 이동 → [B1] 표 내는 곳 통과탑승 → [B1] 13번 출구로 이동 → 13번 출입구 옆 엘리베이터 탑승 후 지상으로 이동(으)로 1개 층 올라가기 (B1 → 1F, 엘리베이터) → 12번 출입구 옆 엘리베이터(으)로 1개 층 내려가기 (1F → B1, 엘리베이터) → [B1] 대합실로 이동 → [B1] 강남 방면 엘리베이터 앞 표 내는 곳 통과 → 강남 방면 엘리베이터(으)로 1개 층 내려가기 (B1 → B2, 엘리베이터) → [B2] 강남 방면 승강장으로 이동 → [B2] 승차 (휠체어칸)","1. [B3] 3호선 남부터미널 방면 승강장 하차 | 2. 대합실 방향 엘리베이터(으)로 2개 층 올라가기 (B3 → B1, 엘리베이터) | 3. [B1] 대합실로 이동 | 4. [B1] 표 내는 곳 통과탑승 | 5. [B1] 13번 출구로 이동 | 6. 13번 출입구 옆 엘리베이터 탑승 후 지상으로 이동(으)로 1개 층 올라가기 (B1 → 1F, 엘리베이터) | 7. 12번 출입구 옆 엘리베이터(으)로 1개 층 내려가기 (1F → B1, 엘리베이터) | 8. [B1] 대합실로 이동 | 9. [B1] 강남 방면 엘리베이터 앞 표 내는 곳 통과 | 10. 강남 방면 엘리베이터(으)로 1개 층 내려가기 (B1 → B2, 엘리베이터) | 11. [B2] 강남 방면 승강장으로 이동 | 12. [B2] 승차 (휠체어칸)"
S1_3_0068,3호선,교대,3,환승,4,3호선 남부터미널 방면 → 2호선 서초 방면,B3 → B1 → 1F → B1 → B2,12,4,0,"[B3] 3호선 남부터미널 방면 승강장 하차 → 대합실 방향 엘리베이터(으)로 2개 층 올라가기 (B3 → B1, 엘리베이터) → [B1] 대합실로 이동 → [B1] 표 내는 곳 통과탑승 → [B1] 13번 출구로 이동 → 13번 출입구 옆 엘리베이터 탑승 후 지상으로 이동(으)로 1개 층 올라가기 (B1 → 1F, 엘리베이터) → 12번 출입구 옆 엘리베이터(으)로 1개 층 내려가기 (1F → B1, 엘리베이터) → [B1] 대합실로 이동 → [B1] 서초 방면 엘리베이터 앞 표 내는 곳 통과 → 서초 방면 엘리베이터(으)로 1개 층 내려가기 (B1 → B2, 엘리베이터) → [B2] 서초 방면 승강장으로 이동 → [B2] 승차 (휠체어칸)","1. [B3] 3호선 남부터미널 방면 승강장 하차 | 2. 대합실 방향 엘리베이터(으)로 2개 층 올라가기 (B3 → B1, 엘리베이터) | 3. [B1] 대합실로 이동 | 4. [B1] 표 내는 곳 통과탑승 | 5. [B1] 13번 출구로 이동 | 6. 13번 출입구 옆 엘리베이터 탑승 후 지상으로 이동(으)로 1개 층 올라가기 (B1 → 1F, 엘리베이터) | 7. 12번 출입구 옆 엘리베이터(으)로 1개 층 내려가기 (1F → B1, 엘리베이터) | 8. [B1] 대합실로 이동 | 9. [B1] 서초 방면 엘리베이터 앞 표 내는 곳 통과 | 10. 서초 방면 엘리베이터(으)로 1개 층 내려가기 (B1 → B2, 엘리베이터) | 11. [B2] 서초 방면 승강장으로 이동 | 12. [B2] 승차 (휠체어칸)"
S1_3_0106,3호선,남부터미널,1,출입구-승강장,1,5번 출입구 옆 엘리베이터 → 교대 방면,1F → B2 → B3,6,2,0,"5번 출입구 옆 엘리베이터(으)로 2개 층 내려가기 (1F → B2, 엘리베이터) → [B2] 대합실로 이동 → [B2] 표 내는 곳 통과 → 교대 방면 엘리베이터(으)로 1개 층 내려가기 (B2 → B3, 엘리베이터) → [B3] 교대 방면 승강장으로 이동 → [B3] 승차 (휠체어칸)","1. 5번 출입구 옆 엘리베이터(으)로 2개 층 내려가기 (1F → B2, 엘리베이터) | 2. [B2] 대합실로 이동 | 3. [B2] 표 내는 곳 통과 | 4. 교대 방면 엘리베이터(으)로 1개 층 내려가기 (B2 → B3, 엘리베이터) | 5. [B3] 교대 방면 승강장으로 이동 | 6. [B3] 승차 (휠체어칸)"
S1_3_0106,3호선,남부터미널,1,출입구-승강장,2,5번 출입구 옆 엘리베이터 → 양재 방면,1F → B2 → B3,6,2,0,"5번 출입구 옆 엘리베이터(으)로 2개 층 내려가기 (1F → B2, 엘리베이터) → [B2] 대합실로 이동 → [B2] 표 내는 곳 통과 → 양재 방면 엘리베이터(으)로 1개 층 내려가기 (B2 → B3, 엘리베이터) → [B3] 양재 방면 승강장으로 이동 → [B3] 승차 (휠체어칸)","1. 5번 출입구 옆 엘리베이터(으)로 2개 층 내려가기 (1F → B2, 엘리베이터) | 2. [B2] 대합실로 이동 | 3. [B2] 표 내는 곳 통과 | 4. 양재 방면 엘리베이터(으)로 1개 층 내려가기 (B2 → B3, 엘리베이터) | 5. [B3] 양재 방면 승강장으로 이동 | 6. [B3] 승차 (휠체어칸)"
S1_3_0400,3호선,양재,1,출입구-승강장,1,4번 출입구 옆 엘리베이터 → 남부터미널 방면,1F → B1 → B2,6,2,0,"4번 출입구 옆 엘리베이터(으)로 1개 층 내려가기 (1F → B1, 엘리베이터) → [B1] 대합실로 이동 → [B1] 표 내는 곳 통과 → 남부터미널 방면 엘리베이터(으)로 1개 층 내려가기 (B1 → B2, 엘리베이터) → [B2] 남부터미널 방면 승강장으로 이동 → [B2] 승차 (휠체어칸)","1. 4번 출입구 옆 엘리베이터(으)로 1개 층 내려가기 (1F → B1, 엘리베이터) | 2. [B1] 대합실로 이동 | 3. [B1] 표 내는 곳 통과 | 4. 남부터미널 방면 엘리베이터(으)로 1개 층 내려가기 (B1 → B2, 엘리베이터) | 5. [B2] 남부터미널 방면 승강장으로 이동 | 6. [B2] 승차 (휠체어칸)"
S1_3_0400,3호선,양재,1,출입구-승강장,2,4번 출입구 옆 엘리베이터 → 매봉 방면,1F → B1 → B2,6,2,0,"4번 출입구 옆 엘리베이터(으)로 1개 층 내려가기 (1F → B1, 엘리베이터) → [B1] 대합실로 이동 → [B1] 표 내는 곳 통과 → 매봉 방면 엘리베이터(으)로 1개 층 내려가기 (B1 → B2, 엘리베이터) → [B2] 매봉 방면 승강장으로 이동 → [B2] 승차 (휠체어칸)","1. 4번 출입구 옆 엘리베이터(으)로 1개 층 내려가기 (1F → B1, 엘리베이터) | 2. [B1] 대합실로 이동 | 3. [B1] 표 내는 곳 통과 | 4. 매봉 방면 엘리베이터(으)로 1개 층 내려가기 (B1 → B2, 엘리베이터) | 5. [B2] 매봉 방면 승강장으로 이동 | 6. [B2] 승차 (휠체어칸)"
S1_3_0400,3호선,양재,1,출입구-승강장,3,7번 출입구 옆 엘리베이터 → 남부터미널 방면,1F → B1 → B2,6,2,0,"7번 출입구 옆 엘리베이터(으)로 1개 층 내려가기 (1F → B1, 엘리베이터) → [B1] 대합실로 이동 → [B1] 표 내는 곳 통과 → 남부터미널 방면 엘리베이터(으)로 1개 층 내려가기 (B1 → B2, 엘리베이터) → [B2] 남부터미널 방면 승강장으로 이동 → [B2] 승차 (휠체어칸)","1. 7번 출입구 옆 엘리베이터(으)로 1개 층 내려가기 (1F → B1, 엘리베이터) | 2. [B1] 대합실로 이동 | 3. [B1] 표 내는 곳 통과 | 4. 남부터미널 방면 엘리베이터(으)로 1개 층 내려가기 (B1 → B2, 엘리베이터) | 5. [B2] 남부터미널 방면 승강장으로 이동 | 6. [B2] 승차 (휠체어칸)"
S1_3_0400,3호선,양재,1,출입구-승강장,4,7번 출입구 옆 엘리베이터 → 매봉 방면,1F → B1 → B2,6,2,0,"7번 출입구 옆 엘리베이터(으)로 1개 층 내려가기 (1F → B1, 엘리베이터) → [B1] 대합실로 이동 → [B1] 표 내는 곳 통과 → 매봉 방면 엘리베이터(으)로 1개 층 내려가기 (B1 → B2, 엘리베이터) → [B2] 매봉 방면 승강장으로 이동 → [B2] 승차 (휠체어칸)","1. 7번 출입구 옆 엘리베이터(으)로 1개 층 내려가기 (1F → B1, 엘리베이터) | 2. [B1] 대합실로 이동 | 3. [B1] 표 내는 곳 통과 | 4. 매봉 방면 엘리베이터(으)로 1개 층 내려가기 (B1 → B2, 엘리베이터) | 5. [B2] 매봉 방면 승강장으로 이동 | 6. [B2] 승차 (휠체어칸)"
S1_3_0400,3호선,양재,1,출입구-승강장,5,10번 출입구 옆 엘리베이터 → 남부터미널 방면,1F → B1 → B2,6,2,0,"10번 출입구 옆 엘리베이터(으)로 1개 층 내려가기 (1F → B1, 엘리베이터) → [B1] 대합실로 이동 → [B1] 표 내는 곳 통과 → 남부터미널 방면 엘리베이터(으)로 1개 층 내려가기 (B1 → B2, 엘리베이터) → [B2] 남부터미널 방면 승강장으로 이동 → [B2] 승차 (휠체어칸)","1. 10번 출입구 옆 엘리베이터(으)로 1개 층 내려가기 (1F → B1, 엘리베이터) | 2. [B1] 대합실로 이동 | 3. [B1] 표 내는 곳 통과 | 4. 남부터미널 방면 엘리베이터(으)로 1개 층 내려가기 (B1 → B2, 엘리베이터) | 5. [B2] 남부터미널 방면 승강장으로 이동 | 6. [B2] 승차 (휠체어칸)"
S1_3_0400,3호선,양재,1,출입구-승강장,6,10번 출입구 옆 엘리베이터 → 매봉 방면,1F → B1 → B2,6,2,0,"10번 출입구 옆 엘리베이터(으)로 1개 층 내려가기 (1F → B1, 엘리베이터) → [B1] 대합실로 이동 → [B1] 표 내는 곳 통과 → 매봉 방면 엘리베이터(으)로 1개 층 내려가기 (B1 → B2, 엘리베이터) → [B2] 매봉 방면 승강장으로 이동 → [B2] 승차 (휠체어칸)","1. 10번 출입구 옆 엘리베이터(으)로 1개 층 내려가기 (1F → B1, 엘리베이터) | 2. [B1] 대합실로 이동 | 3. [B1] 표 내는 곳 통과 | 4. 매봉 방면 엘리베이터(으)로 1개 층 내려가기 (B1 → B2, 엘리베이터) | 5. [B2] 매봉 방면 승강장으로 이동 | 6. [B2] 승차 (휠체어칸)"
S1_3_0400,3호선,양재,1,출입구-승강장,7,11번 출입구 옆 엘리베이터 → 남부터미널 방면,1F → B1 → B2,6,2,0,"11번 출입구 옆 엘리베이터(으)로 1개 층 내려가기 (1F → B1, 엘리베이터) → [B1] 대합실로 이동 → [B1] 표 내는 곳 통과 → 남부터미널 방면 엘리베이터(으)로 1개 층 내려가기 (B1 → B2, 엘리베이터) → [B2] 남부터미널 방면 승강장으로 이동 → [B2] 승차 (휠체어칸)","1. 11번 출입구 옆 엘리베이터(으)로 1개 층 내려가기 (1F → B1, 엘리베이터) | 2. [B1] 대합실로 이동 | 3. [B1] 표 내는 곳 통과 | 4. 남부터미널 방면 엘리베이터(으)로 1개 층 내려가기 (B1 → B2, 엘리베이터) | 5. [B2] 남부터미널 방면 승강장으로 이동 | 6. [B2] 승차 (휠체어칸)"
S1_3_0400,3호선,양재,1,출입구-승강장,8,11번 출입구 옆 엘리베이터 → 매봉 방면,1F → B1 → B2,6,2,0,"11번 출입구 옆 엘리베이터(으)로 1개 층 내려가기 (1F → B1, 엘리베이터) → [B1] 대합실로 이동 → [B1] 표 내는 곳 통과 → 매봉 방면 엘리베이터(으)로 1개 층 내려가기 (B1 → B2, 엘리베이터) → [B2] 매봉 방면 승강장으로 이동 → [B2] 승차 (휠체어칸)","1. 11번 출입구 옆 엘리베이터(으)로 1개 층 내려가기 (1F → B1, 엘리베이터) | 2. [B1] 대합실로 이동 | 3. [B1] 표 내는 곳 통과 | 4. 매봉 방면 엘리베이터(으)로 1개 층 내려가기 (B1 → B2, 엘리베이터) | 5. [B2] 매봉 방면 승강장으로 이동 | 6. [B2] 승차 (휠체어칸)"
S1_3_0400,3호선,양재,1,출입구-승강장,9,1번 출입구 옆 엘리베이터 → 남부터미널 방면,1F → B1 → B2,6,2,0,"1번 출입구 옆 엘리베이터(으)로 1개 층 내려가기 (1F → B1, 엘리베이터) → [B1] 대합실로 이동 → [B1] 표 내는 곳 통과 → 남부터미널 방면 엘리베이터(으)로 1개 층 내려가기 (B1 → B2, 엘리베이터) → [B2] 남부터미널 방면 승강장으로 이동 → [B2] 승차 (휠체어칸)","1. 1번 출입구 옆 엘리베이터(으)로 1개 층 내려가기 (1F → B1, 엘리베이터) | 2. [B1] 대합실로 이동 | 3. [B1] 표 내는 곳 통과 | 4. 남부터미널 방면 엘리베이터(으)로 1개 층 내려가기 (B1 → B2, 엘리베이터) | 5. [B2] 남부터미널 방면 승강장으로 이동 | 6. [B2] 승차 (휠체어칸)"
S1_3_0400,3호선,양재,1,출입구-승강장,10,1번 출입구 옆 엘리베이터 → 매봉 방면,1F → B1 → B2,6,2,0,"1번 출입구 옆 엘리베이터(으)로 1개 층 내려가기 (1F → B1, 엘리베이터) → [B1] 대합실로 이동 → [B1] 표 내는 곳 통과 → 매봉 방면 엘리베이터(으)로 1개 층 내려가기 (B1 → B2, 엘리베이터) → [B2] 매봉 방면 승강장으로 이동 → [B2] 승차 (휠체어칸)","1. 1번 출입구 옆 엘리베이터(으)로 1개 층 내려가기 (1F → B1, 엘리베이터) | 2. [B1] 대합실로 이동 | 3. [B1] 표 내는 곳 통과 | 4. 매봉 방면 엘리베이터(으)로 1개 층 내려가기 (B1 → B2, 엘리베이터) | 5. [B2] 매봉 방면 승강장으로 이동 | 6. [B2] 승차 (휠체어칸)"
S1_3_0400,3호선,양재,3,환승,1,3호선 남부터미널 방면 → 신분당선 강남 방면,B2 → B3 → B4,7,2,0,"[B2] 3호선 남부터미널 방면 승강장 하차 → 신분당선 방향 환승 엘리베이터(으)로 1개 층 내려가기 (B2 → B3, 엘리베이터) → [B3] 환승통로로 이동 → [B3] 신분당선 대합실 표 내는 곳 통과 → 강남 방면 엘리베이터(으)로 1개 층 내려가기 (B3 → B4, 엘리베이터) → [B4] 신분당선 강남 방면 승강장으로 이동 → [B4] 승차 (휠체어칸)","1. [B2] 3호선 남부터미널 방면 승강장 하차 | 2. 신분당선 방향 환승 엘리베이터(으)로 1개 층 내려가기 (B2 → B3, 엘리베이터) | 3. [B3] 환승통로로 이동 | 4. [B3] 신분당선 대합실 표 내는 곳 통과 | 5. 강남 방면 엘리베이터(으)로 1개 층 내려가기 (B3 → B4, 엘리베이터) | 6. [B4] 신분당선 강남 방면 승강장으로 이동 | 7. [B4] 승차 (휠체어칸)"
S1_3_0400,3호선,양재,3,환승,2,3호선 남부터미널 방면 → 신분당선 양재시민의숲 방면,B2 → B3 → B4,7,2,0,"[B2] 3호선 남부터미널 방면 승강장 하차 → 신분당선 방향 환승 엘리베이터(으)로 1개 층 내려가기 (B2 → B3, 엘리베이터) → [B3] 환승통로로 이동 → [B3] 신분당선 대합실 표 내는 곳 통과 → 양재시민의숲 방면 엘리베이터(으)로 1개 층 내려가기 (B3 → B4, 엘리베이터) → [B4] 신분당선 양재시민의숲 방면 승강장으로 이동 → [B4] 승차 (휠체어칸)","1. [B2] 3호선 남부터미널 방면 승강장 하차 | 2. 신분당선 방향 환승 엘리베이터(으)로 1개 층 내려가기 (B2 → B3, 엘리베이터) | 3. [B3] 환승통로로 이동 | 4. [B3] 신분당선 대합실 표 내는 곳 통과 | 5. 양재시민의숲 방면 엘리베이터(으)로 1개 층 내려가기 (B3 → B4, 엘리베이터) | 6. [B4] 신분당선 양재시민의숲 방면 승강장으로 이동 | 7. [B4] 승차 (휠체어칸)"
S1_3_0400,3호선,양재,3,환승,3,3호선 매봉 방면 → 신분당선 강남 방면,B2 → B3 → B4,7,2,0,"[B2] 3호선 매봉 방면 승강장 하차 → 신분당선 방향 환승 엘리베이터(으)로 1개 층 내려가기 (B2 → B3, 엘리베이터) → [B3] 환승통로로 이동 → [B3] 신분당선 대합실 표 내는 곳 통과 → 강남 방면 엘리베이터(으)로 1개 층 내려가기 (B3 → B4, 엘리베이터) → [B4] 신분당선 강남 방면 승강장으로 이동 → [B4] 승차 (휠체어칸)","1. [B2] 3호선 매봉 방면 승강장 하차 | 2. 신분당선 방향 환승 엘리베이터(으)로 1개 층 내려가기 (B2 → B3, 엘리베이터) | 3. [B3] 환승통로로 이동 | 4. [B3] 신분당선 대합실 표 내는 곳 통과 | 5. 강남 방면 엘리베이터(으)로 1개 층 내려가기 (B3 → B4, 엘리베이터) | 6. [B4] 신분당선 강남 방면 승강장으로 이동 | 7. [B4] 승차 (휠체어칸)"
S1_3_0400,3호선,양재,3,환승,4,3호선 매봉 방면 → 신분당선 양재시민의숲 방면,B2 → B3 → B4,7,2,0,"[B2] 3호선 매봉 방면 승강장 하차 → 신분당선 방향 환승 엘리베이터(으)로 1개 층 내려가기 (B2 → B3, 엘리베이터) → [B3] 환승통로로 이동 → [B3] 신분당선 대합실 표 내는 곳 통과 → 양재시민의숲 방면 엘리베이터(으)로 1개 층 내려가기 (B3 → B4, 엘리베이터) → [B4] 신분당선 양재시민의숲 방면 승강장으로 이동 → [B4] 승차 (휠체어칸)","1. [B2] 3호선 매봉 방면 승강장 하차 | 2. 신분당선 방향 환승 엘리베이터(으)로 1개 층 내려가기 (B2 → B3, 엘리베이터) | 3. [B3] 환승통로로 이동 | 4. [B3] 신분당선 대합실 표 내는 곳 통과 | 5. 양재시민의숲 방면 엘리베이터(으)로 1개 층 내려가기 (B3 → B4, 엘리베이터) | 6. [B4] 신분당선 양재시민의숲 방면 승강장으로 이동 | 7. [B4] 승차 (휠체어칸)"
S1_3_0193,3호선,매봉,1,출입구-승강장,1,1번 출입구 옆 엘리베이터 → 양재 방면,1F → B1 → B2,6,2,0,"1번 출입구 옆 엘리베이터(으)로 1개 층 내려가기 (1F → B1, 엘리베이터) → [B1] 대합실로 이동 → [B1] 표 내는 곳 통과 → 양재 방면 엘리베이터(으)로 1개 층 내려가기 (B1 → B2, 엘리베이터) → [B2] 양재 방면 승강장으로 이동 → [B2] 승차 (휠체어칸)","1. 1번 출입구 옆 엘리베이터(으)로 1개 층 내려가기 (1F → B1, 엘리베이터) | 2. [B1] 대합실로 이동 | 3. [B1] 표 내는 곳 통과 | 4. 양재 방면 엘리베이터(으)로 1개 층 내려가기 (B1 → B2, 엘리베이터) | 5. [B2] 양재 방면 승강장으로 이동 | 6. [B2] 승차 (휠체어칸)"
S1_3_0193,3호선,매봉,1,출입구-승강장,2,1번 출입구 옆 엘리베이터 → 도곡 방면,1F → B1 → B2,6,2,0,"1번 출입구 옆 엘리베이터(으)로 1개 층 내려가기 (1F → B1, 엘리베이터) → [B1] 대합실로 이동 → [B1] 표 내는 곳 통과 → 도곡 방면 엘리베이터(으)로 1개 층 내려가기 (B1 → B2, 엘리베이터) → [B2] 도곡 방면 승강장으로 이동 → [B2] 승차 (휠체어칸)","1. 1번 출입구 옆 엘리베이터(으)로 1개 층 내려가기 (1F → B1, 엘리베이터) | 2. [B1] 대합실로 이동 | 3. [B1] 표 내는 곳 통과 | 4. 도곡 방면 엘리베이터(으)로 1개 층 내려가기 (B1 → B2, 엘리베이터) | 5. [B2] 도곡 방면 승강장으로 이동 | 6. [B2] 승차 (휠체어칸)"
S1_3_0142,3호선,도곡,1,출입구-승강장,1,3번 출입구 옆 엘리베이터 → 매봉 방면,1F → B2 → B4,7,2,0,"3번 출입구 옆 엘리베이터(으)로 2개 층 내려가기 (1F → B2, 엘리베이터) → [B2] 대합실로 이동 → [B2] 표 내는 곳 통과 → 매봉 방면 엘리베이터(으)로 2개 층 내려가기 (B2 → B4, 엘리베이터) → [B4] 환승통로로 이동 → [B4] 매봉 방면 승강장으로 이동 → [B4] 승차 (휠체어칸)","1. 3번 출입구 옆 엘리베이터(으)로 2개 층 내려가기 (1F → B2, 엘리베이터) | 2. [B2] 대합실로 이동 | 3. [B2] 표 내는 곳 통과 | 4. 매봉 방면 엘리베이터(으)로 2개 층 내려가기 (B2 → B4, 엘리베이터) | 5. [B4] 환승통로로 이동 | 6. [B4] 매봉 방면 승강장으로 이동 | 7. [B4] 승차 (휠체어칸)"
S1_3_0142,3호선,도곡,1,출입구-승강장,2,3번 출입구 옆 엘리베이터 → 대치 방면,1F → B4,5,1,0,"3번 출입구 옆 엘리베이터(으)로 4개 층 내려가기 (1F → B4, 엘리베이터) → [B4] 대합실로 이동 → [B4] 표 내는 곳 통과 → [B4] 대치 방면 승강장으로 이동 → [B4] 승차 (휠체어칸)","1. 3번 출입구 옆 엘리베이터(으)로 4개 층 내려가기 (1F → B4, 엘리베이터) | 2. [B4] 대합실로 이동 | 3. [B4] 표 내는 곳 통과 | 4. [B4] 대치 방면 승강장으로 이동 | 5. [B4] 승차 (휠체어칸)"
S1_3_0142,3호선,도곡,3,환승,1,3호선 매봉 방면 → 수인분당선 한티 방면,B4 → B6,4,1,0,"[B4] 3호선 매봉 방면 승강장 하차 → 수인분당선 방향 환승 엘리베이터(으)로 2개 층 내려가기 (B4 → B6, 엘리베이터) → [B6] 수인분당선 한티 방면 승강장으로 이동 → [B6] 승차 (휠체어칸)","1. [B4] 3호선 매봉 방면 승강장 하차 | 2. 수인분당선 방향 환승 엘리베이터(으)로 2개 층 내려가기 (B4 → B6, 엘리베이터) | 3. [B6] 수인분당선 한티 방면 승강장으로 이동 | 4. [B6] 승차 (휠체어칸)"
S1_3_0142,3호선,도곡,3,환승,2,3호선 매봉 방면 → 수인분당선 구룡 방면,B4 → B6,4,1,0,"[B4] 3호선 매봉 방면 승강장 하차 → 수인분당선 방향 환승 엘리베이터(으)로 2개 층 내려가기 (B4 → B6, 엘리베이터) → [B6] 수인분당선 구룡 방면 승강장으로 이동 → [B6] 승차 (휠체어칸)","1. [B4] 3호선 매봉 방면 승강장 하차 | 2. 수인분당선 방향 환승 엘리베이터(으)로 2개 층 내려가기 (B4 → B6, 엘리베이터) | 3. [B6] 수인분당선 구룡 방면 승강장으로 이동 | 4. [B6] 승차 (휠체어칸)"
S1_3_0142,3호선,도곡,3,환승,3,3호선 대치 방면 → 수인분당선 한티 방면,B4 → B6,4,1,0,"[B4] 3호선 대치 방면 승강장 하차 → 수인분당선 방향 환승 엘리베이터(으)로 2개 층 내려가기 (B4 → B6, 엘리베이터) → [B6] 수인분당선 한티 방면 승강장으로 이동 → [B6] 승차 (휠체어칸)","1. [B4] 3호선 대치 방면 승강장 하차 | 2. 수인분당선 방향 환승 엘리베이터(으)로 2개 층 내려가기 (B4 → B6, 엘리베이터) | 3. [B6] 수인분당선 한티 방면 승강장으로 이동 | 4. [B6] 승차 (휠체어칸)"
S1_3_0142,3호선,도곡,3,환승,4,3호선 대치 방면 → 수인분당선 구룡 방면,B4 → B6,4,1,0,"[B4] 3호선 대치 방면 승강장 하차 → 수인분당선 방향 환승 엘리베이터(으)로 2개 층 내려가기 (B4 → B6, 엘리베이터) → [B6] 수인분당선 구룡 방면 승강장으로 이동 → [B6] 승차 (휠체어칸)","1. [B4] 3호선 대치 방면 승강장 하차 | 2. 수인분당선 방향 환승 엘리베이터(으)로 2개 층 내려가기 (B4 → B6, 엘리베이터) | 3. [B6] 수인분당선 구룡 방면 승강장으로 이동 | 4. [B6] 승차 (휠체어칸)"
S1_3_0136,3호선,대치,1,출입구-승강장,1,7번 출입구 옆 엘리베이터 → 도곡 방면,1F → B1 → B3,6,2,0,"7번 출입구 옆 엘리베이터(으)로 1개 층 내려가기 (1F → B1, 엘리베이터) → [B1] 대합실로 이동 → [B1] 표 내는 곳 통과 → 승강장 방향 엘리베이터(으)로 2개 층 내려가기 (B1 → B3, 엘리베이터) → [B3] 도곡 방면 승강장으로 이동 → [B3] 승차 (휠체어칸)","1. 7번 출입구 옆 엘리베이터(으)로 1개 층 내려가기 (1F → B1, 엘리베이터) | 2. [B1] 대합실로 이동 | 3. [B1] 표 내는 곳 통과 | 4. 승강장 방향 엘리베이터(으)로 2개 층 내려가기 (B1 → B3, 엘리베이터) | 5. [B3] 도곡 방면 승강장으로 이동 | 6. [B3] 승차 (휠체어칸)"
S1_3_0136,3호선,대치,1,출입구-승강장,2,7번 출입구 옆 엘리베이터 → 학여울 방면,1F → B1 → B3,6,2,0,"7번 출입구 옆 엘리베이터(으)로 1개 층 내려가기 (1F → B1, 엘리베이터) → [B1] 대합실로 이동 → [B1] 표 내는 곳 통과 → 승강장 방향 엘리베이터(으)로 2개 층 내려가기 (B1 → B3, 엘리베이터) → [B3] 학여울 방면 승강장으로 이동 → [B3] 승차 (휠체어칸)","1. 7번 출입구 옆 엘리베이터(으)로 1개 층 내려가기 (1F → B1, 엘리베이터) | 2. [B1] 대합실로 이동 | 3. [B1] 표 내는 곳 통과 | 4. 승강장 방향 엘리베이터(으)로 2개 층 내려가기 (B1 → B3, 엘리베이터) | 5. [B3] 학여울 방면 승강장으로 이동 | 6. [B3] 승차 (휠체어칸)"
S1_3_0583,3호선,학여울,1,출입구-승강장,1,1번 출입구 옆 엘리베이터 → 대치 방면,1F → B4 → B5,6,2,0,"1번 출입구 옆 엘리베이터(으)로 4개 층 내려가기 (1F → B4, 엘리베이터) → [B4] 대합실로 이동 → [B4] 표 내는 곳 통과 → 대치 방면 엘리베이터(으)로 1개 층 내려가기 (B4 → B5, 엘리베이터) → [B5] 대치 방면 승강장으로 이동 → [B5] 승차 (휠체어칸)","1. 1번 출입구 옆 엘리베이터(으)로 4개 층 내려가기 (1F → B4, 엘리베이터) | 2. [B4] 대합실로 이동 | 3. [B4] 표 내는 곳 통과 | 4. 대치 방면 엘리베이터(으)로 1개 층 내려가기 (B4 → B5, 엘리베이터) | 5. [B5] 대치 방면 승강장으로 이동 | 6. [B5] 승차 (휠체어칸)"
S1_3_0583,3호선,학여울,1,출입구-승강장,2,1번 출입구 옆 엘리베이터 → 대청 방면,1F → B4 → B5,6,2,0,"1번 출입구 옆 엘리베이터(으)로 4개 층 내려가기 (1F → B4, 엘리베이터) → [B4] 대합실로 이동 → [B4] 표 내는 곳 통과 → 대청 방면 엘리베이터(으)로 1개 층 내려가기 (B4 → B5, 엘리베이터) → [B5] 대청 방면 승강장으로 이동 → [B5] 승차 (휠체어칸)","1. 1번 출입구 옆 엘리베이터(으)로 4개 층 내려가기 (1F → B4, 엘리베이터) | 2. [B4] 대합실로 이동 | 3. [B4] 표 내는 곳 통과 | 4. 대청 방면 엘리베이터(으)로 1개 층 내려가기 (B4 → B5, 엘리베이터) | 5. [B5] 대청 방면 승강장으로 이동 | 6. [B5] 승차 (휠체어칸)"
S1_3_0135,3호선,대청,1,출입구-승강장,1,8번 출입구 옆 엘리베이터 → 학여울 방면,1F → B2 → B3,6,2,0,"8번 출입구 옆 엘리베이터(으)로 2개 층 내려가기 (1F → B2, 엘리베이터) → [B2] 대합실로 이동 → [B2] 학여울 방면 엘리베이터 앞 표 내는 곳 통과 → 학여울 방면 엘리베이터(으)로 1개 층 내려가기 (B2 → B3, 엘리베이터) → [B3] 학여울 방면 승강장으로 이동 → [B3] 승차 (휠체어칸)","1. 8번 출입구 옆 엘리베이터(으)로 2개 층 내려가기 (1F → B2, 엘리베이터) | 2. [B2] 대합실로 이동 | 3. [B2] 학여울 방면 엘리베이터 앞 표 내는 곳 통과 | 4. 학여울 방면 엘리베이터(으)로 1개 층 내려가기 (B2 → B3, 엘리베이터) | 5. [B3] 학여울 방면 승강장으로 이동 | 6. [B3] 승차 (휠체어칸)"
S1_3_0135,3호선,대청,1,출입구-승강장,2,8번 출입구 옆 엘리베이터 → 일원 방면,1F → B2 → B3,6,2,0,"8번 출입구 옆 엘리베이터(으)로 2개 층 내려가기 (1F → B2, 엘리베이터) → [B2] 대합실로 이동 → [B2] 일원 방면 엘리베이터 앞 표 내는 곳 통과 → 일원 방면 엘리베이터(으)로 1개 층 내려가기 (B2 → B3, 엘리베이터) → [B3] 일원 방면 승강장으로 이동 → [B3] 승차 (휠체어칸)","1. 8번 출입구 옆 엘리베이터(으)로 2개 층 내려가기 (1F → B2, 엘리베이터) | 2. [B2] 대합실로 이동 | 3. [B2] 일원 방면 엘리베이터 앞 표 내는 곳 통과 | 4. 일원 방면 엘리베이터(으)로 1개 층 내려가기 (B2 → B3, 엘리베이터) | 5. [B3] 일원 방면 승강장으로 이동 | 6. [B3] 승차 (휠체어칸)"
S1_3_0494,3호선,일원,1,출입구-승강장,1,1번 출입구 옆 엘리베이터 → 대청 방면,1F → B2 → B3,6,2,0,"1번 출입구 옆 엘리베이터(으)로 2개 층 내려가기 (1F → B2, 엘리베이터) → [B2] 대합실로 이동 → [B2] 대청 방면 엘리베이터 앞 표 내는 곳 통과 → 대청 방면 엘리베이터(으)로 1개 층 내려가기 (B2 → B3, 엘리베이터) → [B3] 대청 방면 승강장으로 이동 → [B3] 승차 (휠체어칸)","1. 1번 출입구 옆 엘리베이터(으)로 2개 층 내려가기 (1F → B2, 엘리베이터) | 2. [B2] 대합실로 이동 | 3. [B2] 대청 방면 엘리베이터 앞 표 내는 곳 통과 | 4. 대청 방면 엘리베이터(으)로 1개 층 내려가기 (B2 → B3, 엘리베이터) | 5. [B3] 대청 방면 승강장으로 이동 | 6. [B3] 승차 (휠체어칸)"
S1_3_0494,3호선,일원,1,출입구-승강장,2,1번 출입구 옆 엘리베이터 → 수서 방면,1F → B2 → B3,6,2,0,"1번 출입구 옆 엘리베이터(으)로 2개 층 내려가기 (1F → B2, 엘리베이터) → [B2] 대합실로 이동 → [B2] 수서 방면 엘리베이터 앞 표 내는 곳 통과 → 수서 방면 엘리베이터(으)로 1개 층 내려가기 (B2 → B3, 엘리베이터) → [B3] 수서 방면 승강장으로 이동 → [B3] 승차 (휠체어칸)","1. 1번 출입구 옆 엘리베이터(으)로 2개 층 내려가기 (1F → B2, 엘리베이터) | 2. [B2] 대합실로 이동 | 3. [B2] 수서 방면 엘리베이터 앞 표 내는 곳 통과 | 4. 수서 방면 엘리베이터(으)로 1개 층 내려가기 (B2 → B3, 엘리베이터) | 5. [B3] 수서 방면 승강장으로 이동 | 6. [B3] 승차 (휠체어칸)"
S1_3_0337,3호선,수서,1,출입구-승강장,1,1번 출입구 옆 엘리베이터 → 일원 방면,1F → B1 → B2,6,2,0,"1번 출입구 옆 엘리베이터(으)로 1개 층 내려가기 (1F → B1, 엘리베이터) → [B1] 대합실로 이동 → [B1] 표 내는 곳 통과 → 일원 방면 엘리베이터(으)로 1개 층 내려가기 (B1 → B2, 엘리베이터) → [B2] 일원 방면 승강장으로 이동 → [B2] 승차 (휠체어칸)","1. 1번 출입구 옆 엘리베이터(으)로 1개 층 내려가기 (1F → B1, 엘리베이터) | 2. [B1] 대합실로 이동 | 3. [B1] 표 내는 곳 통과 | 4. 일원 방면 엘리베이터(으)로 1개 층 내려가기 (B1 → B2, 엘리베이터) | 5. [B2] 일원 방면 승강장으로 이동 | 6. [B2] 승차 (휠체어칸)"
S1_3_0337,3호선,수서,1,출입구-승강장,2,1번 출입구 옆 엘리베이터 → 가락시장 방면,1F → B1 → B2,6,2,0,"1번 출입구 옆 엘리베이터(으)로 1개 층 내려가기 (1F → B1, 엘리베이터) → [B1] 대합실로 이동 → [B1] 표 내는 곳 통과 → 가락시장 방면 엘리베이터(으)로 1개 층 내려가기 (B1 → B2, 엘리베이터) → [B2] 가락시장 방면 승강장으로 이동 → [B2] 승차 (휠체어칸)","1. 1번 출입구 옆 엘리베이터(으)로 1개 층 내려가기 (1F → B1, 엘리베이터) | 2. [B1] 대합실로 이동 | 3. [B1] 표 내는 곳 통과 | 4. 가락시장 방면 엘리베이터(으)로 1개 층 내려가기 (B1 → B2, 엘리베이터) | 5. [B2] 가락시장 방면 승강장으로 이동 | 6. [B2] 승차 (휠체어칸)"
S1_3_0337,3호선,수서,1,출입구-승강장,3,5번 출입구 옆 엘리베이터 → 일원 방면,1F → B1 → B2,6,2,0,"5번 출입구 옆 엘리베이터(으)로 1개 층 내려가기 (1F → B1, 엘리베이터) → [B1] 대합실로 이동 → [B1] 표 내는 곳 통과 → 일원 방면 엘리베이터(으)로 1개 층 내려가기 (B1 → B2, 엘리베이터) → [B2] 일원 방면 승강장으로 이동 → [B2] 승차 (휠체어칸)","1. 5번 출입구 옆 엘리베이터(으)로 1개 층 내려가기 (1F → B1, 엘리베이터) | 2. [B1] 대합실로 이동 | 3. [B1] 표 내는 곳 통과 | 4. 일원 방면 엘리베이터(으)로 1개 층 내려가기 (B1 → B2, 엘리베이터) | 5. [B2] 일원 방면 승강장으로 이동 | 6. [B2] 승차 (휠체어칸)"
S1_3_0337,3호선,수서,1,출입구-승강장,4,5번 출입구 옆 엘리베이터 → 가락시장 방면,1F → B1 → B2,6,2,0,"5번 출입구 옆 엘리베이터(으)로 1개 층 내려가기 (1F → B1, 엘리베이터) → [B1] 대합실로 이동 → [B1] 표 내는 곳 통과 → 가락시장 방면 엘리베이터(으)로 1개 층 내려가기 (B1 → B2, 엘리베이터) → [B2] 가락시장 방면 승강장으로 이동 → [B2] 승차 (휠체어칸)","1. 5번 출입구 옆 엘리베이터(으)로 1개 층 내려가기 (1F → B1, 엘리베이터) | 2. [B1] 대합실로 이동 | 3. [B1] 표 내는 곳 통과 | 4. 가락시장 방면 엘리베이터(으)로 1개 층 내려가기 (B1 → B2, 엘리베이터) | 5. [B2] 가락시장 방면 승강장으로 이동 | 6. [B2] 승차 (휠체어칸)"
S1_3_0337,3호선,수서,3,환승,1,3호선 일원 방면 → 수인분당선 대모산입구 방면,B2 → B3 → B4,7,1,0,"[B2] 3호선 일원 방면 승강장 하차 → 수인분당선 환승통로 방향 휠체어리프트(으)로 1개 층 내려가기 (B2 → B3, 휠체어리프트) → [B3] 환승통로로 이동 → [B3] 수인분당선 대합실로 이동 → 수인분당선 대모산입구 방면 엘리베이터(으)로 1개 층 내려가기 (B3 → B4, 엘리베이터) → [B4] 수인분당선 대모산입구 방면 승강장으로 이동 → [B4] 승차 (휠체어칸)","1. [B2] 3호선 일원 방면 승강장 하차 | 2. 수인분당선 환승통로 방향 휠체어리프트(으)로 1개 층 내려가기 (B2 → B3, 휠체어리프트) | 3. [B3] 환승통로로 이동 | 4. [B3] 수인분당선 대합실로 이동 | 5. 수인분당선 대모산입구 방면 엘리베이터(으)로 1개 층 내려가기 (B3 → B4, 엘리베이터) | 6. [B4] 수인분당선 대모산입구 방면 승강장으로 이동 | 7. [B4] 승차 (휠체어칸)"
S1_3_0337,3호선,수서,3,환승,2,3호선 일원 방면 → 수인분당선 복정 방면,B2 → B3 → B4,7,1,0,"[B2] 3호선 일원 방면 승강장 하차 → 수인분당선 환승통로 방향 휠체어리프트(으)로 1개 층 내려가기 (B2 → B3, 휠체어리프트) → [B3] 환승통로로 이동 → [B3] 수인분당선 대합실로 이동 → 수인분당선 복정 방면 엘리베이터(으)로 1개 층 내려가기 (B3 → B4, 엘리베이터) → [B4] 수인분당선 복정 방면 승강장으로 이동 → [B4] 승차 (휠체어칸)","1. [B2] 3호선 일원 방면 승강장 하차 | 2. 수인분당선 환승통로 방향 휠체어리프트(으)로 1개 층 내려가기 (B2 → B3, 휠체어리프트) | 3. [B3] 환승통로로 이동 | 4. [B3] 수인분당선 대합실로 이동 | 5. 수인분당선 복정 방면 엘리베이터(으)로 1개 층 내려가기 (B3 → B4, 엘리베이터) | 6. [B4] 수인분당선 복정 방면 승강장으로 이동 | 7. [B4] 승차 (휠체어칸)"
S1_3_0337,3호선,수서,3,환승,3,3호선 가락시장 방면 → 수인분당선 대모산입구 방면,B2 → B3 → B4,7,1,0,"[B2] 3호선 가락시장 방면 승강장 하차 → 수인분당선 환승통로 방향 휠체어리프트(으)로 1개 층 내려가기 (B2 → B3, 휠체어리프트) → [B3] 환승통로로 이동 → [B3] 수인분당선 대합실로 이동 → 수인분당선 대모산입구 방면 엘리베이터(으)로 1개 층 내려가기 (B3 → B4, 엘리베이터) → [B4] 수인분당선 대모산입구 방면 승강장으로 이동 → [B4] 승차 (휠체어칸)","1. [B2] 3호선 가락시장 방면 승강장 하차 | 2. 수인분당선 환승통로 방향 휠체어리프트(으)로 1개 층 내려가기 (B2 → B3, 휠체어리프트) | 3. [B3] 환승통로로 이동 | 4. [B3] 수인분당선 대합실로 이동 | 5. 수인분당선 대모산입구 방면 엘리베이터(으)로 1개 층 내려가기 (B3 → B4, 엘리베이터) | 6. [B4] 수인분당선 대모산입구 방면 승강장으로 이동 | 7. [B4] 승차 (휠체어칸)"
S1_3_0337,3호선,수서,3,환승,4,3호선 가락시장 방면 → 수인분당선 복정 방면,B2 → B3 → B4,7,1,0,"[B2] 3호선 가락시장 방면 승강장 하차 → 수인분당선 환승통로 방향 휠체어리프트(으)로 1개 층 내려가기 (B2 → B3, 휠체어리프트) → [B3] 환승통로로 이동 → [B3] 수인분당선 대합실로 이동 → 수인분당선 복정 방면 엘리베이터(으)로 1개 층 내려가기 (B3 → B4, 엘리베이터) → [B4] 수인분당선 복정 방면 승강장으로 이동 → [B4] 승차 (휠체어칸)","1. [B2] 3호선 가락시장 방면 승강장 하차 | 2. 수인분당선 환승통로 방향 휠체어리프트(으)로 1개 층 내려가기 (B2 → B3, 휠체어리프트) | 3. [B3] 환승통로로 이동 | 4. [B3] 수인분당선 대합실로 이동 | 5. 수인분당선 복정 방면 엘리베이터(으)로 1개 층 내려가기 (B3 → B4, 엘리베이터) | 6. [B4] 수인분당선 복정 방면 승강장으로 이동 | 7. [B4] 승차 (휠체어칸)"
S1_3_0003,3호선,가락시장,1,출입구-승강장,1,1번 출입구 옆 엘리베이터 → 수서 방면,1F → B2 → B4,6,2,0,"1번 출입구 옆 엘리베이터(으)로 2개 층 내려가기 (1F → B2, 엘리베이터) → [B2] 대합실로 이동 → [B2] 표 내는 곳 통과 → 수서 방면 엘리베이터(으)로 2개 층 내려가기 (B2 → B4, 엘리베이터) → [B4] 수서 방면 승강장으로 이동 → [B4] 승차 (휠체어칸)","1. 1번 출입구 옆 엘리베이터(으)로 2개 층 내려가기 (1F → B2, 엘리베이터) | 2. [B2] 대합실로 이동 | 3. [B2] 표 내는 곳 통과 | 4. 수서 방면 엘리베이터(으)로 2개 층 내려가기 (B2 → B4, 엘리베이터) | 5. [B4] 수서 방면 승강장으로 이동 | 6. [B4] 승차 (휠체어칸)"
S1_3_0003,3호선,가락시장,1,출입구-승강장,2,1번 출입구 옆 엘리베이터 → 경찰병원 방면,1F → B2 → B4,6,2,0,"1번 출입구 옆 엘리베이터(으)로 2개 층 내려가기 (1F → B2, 엘리베이터) → [B2] 대합실로 이동 → [B2] 표 내는 곳 통과 → 경찰병원 방면 엘리베이터(으)로 2개 층 내려가기 (B2 → B4, 엘리베이터) → [B4] 경찰병원 방면 승강장으로 이동 → [B4] 승차 (휠체어칸)","1. 1번 출입구 옆 엘리베이터(으)로 2개 층 내려가기 (1F → B2, 엘리베이터) | 2. [B2] 대합실로 이동 | 3. [B2] 표 내는 곳 통과 | 4. 경찰병원 방면 엘리베이터(으)로 2개 층 내려가기 (B2 → B4, 엘리베이터) | 5. [B4] 경찰병원 방면 승강장으로 이동 | 6. [B4] 승차 (휠체어칸)"
S1_3_0003,3호선,가락시장,1,출입구-승강장,3,4번 출입구 옆 엘리베이터 → 수서 방면,1F → B1 → B2 → B4,8,3,0,"4번 출입구 옆 엘리베이터(으)로 1개 층 내려가기 (1F → B1, 엘리베이터) → [B1] 8호선 대합실로 이동 → 3호선 대합실 방향 엘리베이터(으)로 1개 층 내려가기 (B1 → B2, 엘리베이터) → [B2] 3호선 대합실 이동 → [B2] 표 내는 곳 통과 → 수서 방면 엘리베이터(으)로 2개 층 내려가기 (B2 → B4, 엘리베이터) → [B4] 수서 방면 승강장으로 이동 → [B4] 승차 (휠체어칸)","1. 4번 출입구 옆 엘리베이터(으)로 1개 층 내려가기 (1F → B1, 엘리베이터) | 2. [B1] 8호선 대합실로 이동 | 3. 3호선 대합실 방향 엘리베이터(으)로 1개 층 내려가기 (B1 → B2, 엘리베이터) | 4. [B2] 3호선 대합실 이동 | 5. [B2] 표 내는 곳 통과 | 6. 수서 방면 엘리베이터(으)로 2개 층 내려가기 (B2 → B4, 엘리베이터) | 7. [B4] 수서 방면 승강장으로 이동 | 8. [B4] 승차 (휠체어칸)"
S1_3_0003,3호선,가락시장,1,출입구-승강장,4,4번 출입구 옆 엘리베이터 → 경찰병원 방면,1F → B1 → B2 → B4,8,3,0,"4번 출입구 옆 엘리베이터(으)로 1개 층 내려가기 (1F → B1, 엘리베이터) → [B1] 8호선 대합실로 이동 → 3호선 대합실 방향 엘리베이터(으)로 1개 층 내려가기 (B1 → B2, 엘리베이터) → [B2] 3호선 대합실 이동 → [B2] 표 내는 곳 통과 → 경찰병원 방면 엘리베이터(으)로 2개 층 내려가기 (B2 → B4, 엘리베이터) → [B4] 경찰병원 방면 승강장으로 이동 → [B4] 승차 (휠체어칸)","1. 4번 출입구 옆 엘리베이터(으)로 1개 층 내려가기 (1F → B1, 엘리베이터) | 2. [B1] 8호선 대합실로 이동 | 3. 3호선 대합실 방향 엘리베이터(으)로 1개 층 내려가기 (B1 → B2, 엘리베이터) | 4. [B2] 3호선 대합실 이동 | 5. [B2] 표 내는 곳 통과 | 6. 경찰병원 방면 엘리베이터(으)로 2개 층 내려가기 (B2 → B4, 엘리베이터) | 7. [B4] 경찰병원 방면 승강장으로 이동 | 8. [B4] 승차 (휠체어칸)"
S1_3_0003,3호선,가락시장,1,출입구-승강장,5,7번 출입구 옆 엘리베이터 → 수서 방면,1F → B2 → B4,6,2,0,"7번 출입구 옆 엘리베이터(으)로 2개 층 내려가기 (1F → B2, 엘리베이터) → [B2] 대합실로 이동 → [B2] 표 내는 곳 통과 → 수서 방면 엘리베이터(으)로 2개 층 내려가기 (B2 → B4, 엘리베이터) → [B4] 수서 방면 승강장으로 이동 → [B4] 승차 (휠체어칸)","1. 7번 출입구 옆 엘리베이터(으)로 2개 층 내려가기 (1F → B2, 엘리베이터) | 2. [B2] 대합실로 이동 | 3. [B2] 표 내는 곳 통과 | 4. 수서 방면 엘리베이터(으)로 2개 층 내려가기 (B2 → B4, 엘리베이터) | 5. [B4] 수서 방면 승강장으로 이동 | 6. [B4] 승차 (휠체어칸)"
S1_3_0003,3호선,가락시장,1,출입구-승강장,6,7번 출입구 옆 엘리베이터 → 경찰병원 방면,1F → B2 → B4,6,2,0,"7번 출입구 옆 엘리베이터(으)로 2개 층 내려가기 (1F → B2, 엘리베이터) → [B2] 대합실로 이동 → [B2] 표 내는 곳 통과 → 경찰병원 방면 엘리베이터(으)로 2개 층 내려가기 (B2 → B4, 엘리베이터) → [B4] 경찰병원 방면 승강장으로 이동 → [B4] 승차 (휠체어칸)","1. 7번 출입구 옆 엘리베이터(으)로 2개 층 내려가기 (1F → B2, 엘리베이터) | 2. [B2] 대합실로 이동 | 3. [B2] 표 내는 곳 통과 | 4. 경찰병원 방면 엘리베이터(으)로 2개 층 내려가기 (B2 → B4, 엘리베이터) | 5. [B4] 경찰병원 방면 승강장으로 이동 | 6. [B4] 승차 (휠체어칸)"
S1_3_0003,3호선,가락시장,3,환승,1,3호선 수서 방면 → 8호선 송파 방면,B4 → B3 → B2,7,2,0,"[B4] 3호선 수서 방면 승강장 하차 → 대합실 방향 엘리베이터(으)로 1개 층 올라가기 (B4 → B3, 엘리베이터) → [B3] 대합실로 이동 → [B3] 8호선 방향 환승통로로 이동 → 8호선 송파 방면 엘리베이터(으)로 1개 층 올라가기 (B3 → B2, 엘리베이터) → [B2] 8호선 송파 방면 승강장으로 이동 → [B2] 승차 (휠체어칸)","1. [B4] 3호선 수서 방면 승강장 하차 | 2. 대합실 방향 엘리베이터(으)로 1개 층 올라가기 (B4 → B3, 엘리베이터) | 3. [B3] 대합실로 이동 | 4. [B3] 8호선 방향 환승통로로 이동 | 5. 8호선 송파 방면 엘리베이터(으)로 1개 층 올라가기 (B3 → B2, 엘리베이터) | 6. [B2] 8호선 송파 방면 승강장으로 이동 | 7. [B2] 승차 (휠체어칸)"
S1_3_0003,3호선,가락시장,3,환승,2,3호선 수서 방면 → 8호선 문정 방면,B4 → B3 → B2,7,2,0,"[B4] 3호선 수서 방면 승강장 하차 → 대합실 방향 엘리베이터(으)로 1개 층 올라가기 (B4 → B3, 엘리베이터) → [B3] 대합실로 이동 → [B3] 8호선 방향 환승통로로 이동 → 8호선 문정 방면 엘리베이터(으)로 1개 층 올라가기 (B3 → B2, 엘리베이터) → [B2] 8호선 문정 방면 승강장으로 이동 → [B2] 승차 (휠체어칸)","1. [B4] 3호선 수서 방면 승강장 하차 | 2. 대합실 방향 엘리베이터(으)로 1개 층 올라가기 (B4 → B3, 엘리베이터) | 3. [B3] 대합실로 이동 | 4. [B3] 8호선 방향 환승통로로 이동 | 5. 8호선 문정 방면 엘리베이터(으)로 1개 층 올라가기 (B3 → B2, 엘리베이터) | 6. [B2] 8호선 문정 방면 승강장으로 이동 | 7. [B2] 승차 (휠체어칸)"
S1_3_0003,3호선,가락시장,3,환승,3,3호선 경찰병원 방면 → 8호선 송파 방면,B4 → B3 → B2,7,2,0,"[B4] 3호선 경찰병원 방면 승강장 하차 → 대합실 방향 엘리베이터(으)로 1개 층 올라가기 (B4 → B3, 엘리베이터) → [B3] 대합실로 이동 → [B3] 8호선 방향 환승통로로 이동 → 8호선 송파 방면 엘리베이터(으)로 1개 층 올라가기 (B3 → B2, 엘리베이터) → [B2] 8호선 송파 방면 승강장으로 이동 → [B2] 승차 (휠체어칸)","1. [B4] 3호선 경찰병원 방면 승강장 하차 | 2. 대합실 방향 엘리베이터(으)로 1개 층 올라가기 (B4 → B3, 엘리베이터) | 3. [B3] 대합실로 이동 | 4. [B3] 8호선 방향 환승통로로 이동 | 5. 8호선 송파 방면 엘리베이터(으)로 1개 층 올라가기 (B3 → B2, 엘리베이터) | 6. [B2] 8호선 송파 방면 승강장으로 이동 | 7. [B2] 승차 (휠체어칸)"
S1_3_0003,3호선,가락시장,3,환승,4,3호선 경찰병원 방면 → 8호선 문정 방면,B4 → B3 → B2,7,2,0,"[B4] 3호선 경찰병원 방면 승강장 하차 → 대합실 방향 엘리베이터(으)로 1개 층 올라가기 (B4 → B3, 엘리베이터) → [B3] 대합실로 이동 → [B3] 8호선 방향 환승통로로 이동 → 8호선 문정 방면 엘리베이터(으)로 1개 층 올라가기 (B3 → B2, 엘리베이터) → [B2] 8호선 문정 방면 승강장으로 이동 → [B2] 승차 (휠체어칸)","1. [B4] 3호선 경찰병원 방면 승강장 하차 | 2. 대합실 방향 엘리베이터(으)로 1개 층 올라가기 (B4 → B3, 엘리베이터) | 3. [B3] 대합실로 이동 | 4. [B3] 8호선 방향 환승통로로 이동 | 5. 8호선 문정 방면 엘리베이터(으)로 1개 층 올라가기 (B3 → B2, 엘리베이터) | 6. [B2] 8호선 문정 방면 승강장으로 이동 | 7. [B2] 승차 (휠체어칸)"
S1_3_0043,3호선,경찰병원,1,출입구-승강장,1,1번 출입구 옆 엘리베이터 → 가락시장 방면,1F → B1 → B3,6,2,0,"1번 출입구 옆 엘리베이터(으)로 1개 층 내려가기 (1F → B1, 엘리베이터) → [B1] 대합실로 이동 → [B1] 표 내는 곳 통과 → 가락시장 방면 엘리베이터(으)로 2개 층 내려가기 (B1 → B3, 엘리베이터) → [B3] 가락시장 방면 승강장으로 이동 → [B3] 승차 (휠체어칸)","1. 1번 출입구 옆 엘리베이터(으)로 1개 층 내려가기 (1F → B1, 엘리베이터) | 2. [B1] 대합실로 이동 | 3. [B1] 표 내는 곳 통과 | 4. 가락시장 방면 엘리베이터(으)로 2개 층 내려가기 (B1 → B3, 엘리베이터) | 5. [B3] 가락시장 방면 승강장으로 이동 | 6. [B3] 승차 (휠체어칸)"
S1_3_0043,3호선,경찰병원,1,출입구-승강장,2,1번 출입구 옆 엘리베이터 → 오금 방면,1F → B1 → B3,6,2,0,"1번 출입구 옆 엘리베이터(으)로 1개 층 내려가기 (1F → B1, 엘리베이터) → [B1] 대합실로 이동 → [B1] 표 내는 곳 통과 → 오금 방면 엘리베이터(으)로 2개 층 내려가기 (B1 → B3, 엘리베이터) → [B3] 오금 방면 승강장으로 이동 → [B3] 승차 (휠체어칸)","1. 1번 출입구 옆 엘리베이터(으)로 1개 층 내려가기 (1F → B1, 엘리베이터) | 2. [B1] 대합실로 이동 | 3. [B1] 표 내는 곳 통과 | 4. 오금 방면 엘리베이터(으)로 2개 층 내려가기 (B1 → B3, 엘리베이터) | 5. [B3] 오금 방면 승강장으로 이동 | 6. [B3] 승차 (휠체어칸)"
S1_3_0043,3호선,경찰병원,1,출입구-승강장,3,3번 출입구 옆 엘리베이터 → 가락시장 방면,1F → B1 → B3,6,2,0,"3번 출입구 옆 엘리베이터(으)로 1개 층 내려가기 (1F → B1, 엘리베이터) → [B1] 대합실로 이동 → [B1] 표 내는 곳 통과 → 가락시장 방면 엘리베이터(으)로 2개 층 내려가기 (B1 → B3, 엘리베이터) → [B3] 가락시장 방면 승강장으로 이동 → [B3] 승차 (휠체어칸)","1. 3번 출입구 옆 엘리베이터(으)로 1개 층 내려가기 (1F → B1, 엘리베이터) | 2. [B1] 대합실로 이동 | 3. [B1] 표 내는 곳 통과 | 4. 가락시장 방면 엘리베이터(으)로 2개 층 내려가기 (B1 → B3, 엘리베이터) | 5. [B3] 가락시장 방면 승강장으로 이동 | 6. [B3] 승차 (휠체어칸)"
S1_3_0043,3호선,경찰병원,1,출입구-승강장,4,3번 출입구 옆 엘리베이터 → 오금 방면,1F → B1 → B3,6,2,0,"3번 출입구 옆 엘리베이터(으)로 1개 층 내려가기 (1F → B1, 엘리베이터) → [B1] 대합실로 이동 → [B1] 표 내는 곳 통과 → 오금 방면 엘리베이터(으)로 2개 층 내려가기 (B1 → B3, 엘리베이터) → [B3] 오금 방면 승강장으로 이동 → [B3] 승차 (휠체어칸)","1. 3번 출입구 옆 엘리베이터(으)로 1개 층 내려가기 (1F → B1, 엘리베이터) | 2. [B1] 대합실로 이동 | 3. [B1] 표 내는 곳 통과 | 4. 오금 방면 엘리베이터(으)로 2개 층 내려가기 (B1 → B3, 엘리베이터) | 5. [B3] 오금 방면 승강장으로 이동 | 6. [B3] 승차 (휠체어칸)"
S1_3_0426,3호선,오금,1,출입구-승강장,1,5번 출입구 옆 엘리베이터 → 경찰병원 방면,1F → B1 → B4,6,2,0,"5번 출입구 옆 엘리베이터(으)로 1개 층 내려가기 (1F → B1, 엘리베이터) → [B1] 대합실로 이동 → [B1] 표 내는 곳 통과 → 경찰병원 방면 엘리베이터(으)로 3개 층 내려가기 (B1 → B4, 엘리베이터) → [B4] 경찰병원 방면 승강장으로 이동 → [B4] 승차 (휠체어칸)","1. 5번 출입구 옆 엘리베이터(으)로 1개 층 내려가기 (1F → B1, 엘리베이터) | 2. [B1] 대합실로 이동 | 3. [B1] 표 내는 곳 통과 | 4. 경찰병원 방면 엘리베이터(으)로 3개 층 내려가기 (B1 → B4, 엘리베이터) | 5. [B4] 경찰병원 방면 승강장으로 이동 | 6. [B4] 승차 (휠체어칸)"
S1_3_0426,3호선,오금,1,출입구-승강장,2,7번 출입구 옆 엘리베이터 → 경찰병원 방면,1F → B1 → B4,6,2,0,"7번 출입구 옆 엘리베이터(으)로 1개 층 내려가기 (1F → B1, 엘리베이터) → [B1] 대합실로 이동 → [B1] 표 내는 곳 통과 → 경찰병원 방면 엘리베이터(으)로 3개 층 내려가기 (B1 → B4, 엘리베이터) → [B4] 경찰병원 방면 승강장으로 이동 → [B4] 승차 (휠체어칸)","1. 7번 출입구 옆 엘리베이터(으)로 1개 층 내려가기 (1F → B1, 엘리베이터) | 2. [B1] 대합실로 이동 | 3. [B1] 표 내는 곳 통과 | 4. 경찰병원 방면 엘리베이터(으)로 3개 층 내려가기 (B1 → B4, 엘리베이터) | 5. [B4] 경찰병원 방면 승강장으로 이동 | 6. [B4] 승차 (휠체어칸)"
S1_3_0426,3호선,오금,3,환승,1,3호선 오금역(종착역) 승강장 → 5호선 방이 방면,B4 → B3 → B2,7,2,0,"[B4] 3호선 오금역(종착역) 승강장 하차 → 대합실 방향 엘리베이터(으)로 1개 층 올라가기 (B4 → B3, 엘리베이터) → [B3] 대합실로 이동 → [B3] 5호선 방향 환승통로로 이동 → 5호선 방이 방면 엘리베이터(으)로 1개 층 올라가기 (B3 → B2, 엘리베이터) → [B2] 5호선 방이 방면 승강장으로 이동 → [B2] 승차 (휠체어칸)","1. [B4] 3호선 오금역(종착역) 승강장 하차 | 2. 대합실 방향 엘리베이터(으)로 1개 층 올라가기 (B4 → B3, 엘리베이터) | 3. [B3] 대합실로 이동 | 4. [B3] 5호선 방향 환승통로로 이동 | 5. 5호선 방이 방면 엘리베이터(으)로 1개 층 올라가기 (B3 → B2, 엘리베이터) | 6. [B2] 5호선 방이 방면 승강장으로 이동 | 7. [B2] 승차 (휠체어칸)"
S1_3_0426,3호선,오금,3,환승,2,3호선 오금역(종착역) 승강장 → 5호선 개롱 방면,B4 → B3 → B2,7,2,0,"[B4] 3호선 오금역(종착역) 방면 승강장 하차 → 대합실 방향 엘리베이터(으)로 1개 층 올라가기 (B4 → B3, 엘리베이터) → [B3] 대합실로 이동 → [B3] 5호선 방향 환승통로로 이동 → 5호선 개롱 방면 엘리베이터(으)로 1개 층 올라가기 (B3 → B2, 엘리베이터) → [B2] 5호선 개롱 방면 승강장으로 이동 → [B2] 승차 (휠체어칸)","1. [B4] 3호선 오금역(종착역) 방면 승강장 하차 | 2. 대합실 방향 엘리베이터(으)로 1개 층 올라가기 (B4 → B3, 엘리베이터) | 3. [B3] 대합실로 이동 | 4. [B3] 5호선 방향 환승통로로 이동 | 5. 5호선 개롱 방면 엘리베이터(으)로 1개 층 올라가기 (B3 → B2, 엘리베이터) | 6. [B2] 5호선 개롱 방면 승강장으로 이동 | 7. [B2] 승차 (휠체어칸)"
S1_3_0426,3호선,오금,3,환승,3,3호선 경찰병원 승강장 → 5호선 방이 방면,B4 → B3 → B2,7,2,0,"[B4] 3호선 경찰병원 승강장 이동 → 대합실 방향 엘리베이터(으)로 1개 층 올라가기 (B4 → B3, 엘리베이터) → [B3] 대합실로 이동 → [B3] 5호선 방향 환승통로로 이동 → 5호선 방이 방면 엘리베이터(으)로 1개 층 올라가기 (B3 → B2, 엘리베이터) → [B2] 5호선 방이 방면 승강장으로 이동 → [B2] 승차 (휠체어칸)","1. [B4] 3호선 경찰병원 승강장 이동 | 2. 대합실 방향 엘리베이터(으)로 1개 층 올라가기 (B4 → B3, 엘리베이터) | 3. [B3] 대합실로 이동 | 4. [B3] 5호선 방향 환승통로로 이동 | 5. 5호선 방이 방면 엘리베이터(으)로 1개 층 올라가기 (B3 → B2, 엘리베이터) | 6. [B2] 5호선 방이 방면 승강장으로 이동 | 7. [B2] 승차 (휠체어칸)"
S1_3_0426,3호선,오금,3,환승,4,3호선 경찰병원 승강장 → 5호선 개롱 방면,B4 → B3 → B2,7,2,0,"[B4] 3호선 경찰병원 승강장 이동 → 대합실 방향 엘리베이터(으)로 1개 층 올라가기 (B4 → B3, 엘리베이터) → [B3] 대합실로 이동 → [B3] 5호선 방향 환승통로로 이동 → 5호선 개롱 방면 엘리베이터(으)로 1개 층 올라가기 (B3 → B2, 엘리베이터) → [B2] 5호선 개롱 방면 승강장으로 이동 → [B2] 승차 (휠체어칸)","1. [B4] 3호선 경찰병원 승강장 이동 | 2. 대합실 방향 엘리베이터(으)로 1개 층 올라가기 (B4 → B3, 엘리베이터) | 3. [B3] 대합실로 이동 | 4. [B3] 5호선 방향 환승통로로 이동 | 5. 5호선 개롱 방면 엘리베이터(으)로 1개 층 올라가기 (B3 → B2, 엘리베이터) | 6. [B2] 5호선 개롱 방면 승강장으로 이동 | 7. [B2] 승차 (휠체어칸)"
NU_4_1355,4호선,진접,1,출입구-승강장,1,2번 출입구 옆 엘리베이터 → 오남 방면,1F → B1 → B2,6,2,0,"2번 출입구 옆 엘리베이터(으)로 1개 층 내려가기 (1F → B1, 엘리베이터) → [B1] 대합실로 이동 → [B1] 오남 방면 엘리베이터 앞 표 내는 곳 통과 → 오남 방면 엘리베이터(으)로 1개 층 내려가기 (B1 → B2, 엘리베이터) → [B2] 오남 방면 승강장으로 이동 → [B2] 승차 (휠체어칸)","1. 2번 출입구 옆 엘리베이터(으)로 1개 층 내려가기 (1F → B1, 엘리베이터) | 2. [B1] 대합실로 이동 | 3. [B1] 오남 방면 엘리베이터 앞 표 내는 곳 통과 | 4. 오남 방면 엘리베이터(으)로 1개 층 내려가기 (B1 → B2, 엘리베이터) | 5. [B2] 오남 방면 승강장으로 이동 | 6. [B2] 승차 (휠체어칸)"
NU_4_1355,4호선,진접,1,출입구-승강장,2,4번 출입구 옆 엘리베이터 → 오남 방면,1F → B1 → B2,6,2,0,"4번 출입구 옆 엘리베이터(으)로 1개 층 내려가기 (1F → B1, 엘리베이터) → [B1] 대합실로 이동 → [B1] 표 내는 곳 통과 → 오남 방면 엘리베이터(으)로 1개 층 내려가기 (B1 → B2, 엘리베이터) → [B2] 오남 방면 승강장으로 이동 → [B2] 승차 (휠체어칸)","1. 4번 출입구 옆 엘리베이터(으)로 1개 층 내려가기 (1F → B1, 엘리베이터) | 2. [B1] 대합실로 이동 | 3. [B1] 표 내는 곳 통과 | 4. 오남 방면 엘리베이터(으)로 1개 층 내려가기 (B1 → B2, 엘리베이터) | 5. [B2] 오남 방면 승강장으로 이동 | 6. [B2] 승차 (휠체어칸)"
NU_4_1354,4호선,오남,1,출입구-승강장,1,2번 출입구 옆 엘리베이터 → 진접 방면,1F → B1 → B2,6,2,0,"2번 출입구 옆 엘리베이터(으)로 1개 층 내려가기 (1F → B1, 엘리베이터) → [B1] 대합실로 이동 → [B1] 표 내는 곳 통과 → 진접 방면 엘리베이터(으)로 1개 층 내려가기 (B1 → B2, 엘리베이터) → [B2] 진접 방면 승강장으로 이동 → [B2] 승차 (휠체어칸)","1. 2번 출입구 옆 엘리베이터(으)로 1개 층 내려가기 (1F → B1, 엘리베이터) | 2. [B1] 대합실로 이동 | 3. [B1] 표 내는 곳 통과 | 4. 진접 방면 엘리베이터(으)로 1개 층 내려가기 (B1 → B2, 엘리베이터) | 5. [B2] 진접 방면 승강장으로 이동 | 6. [B2] 승차 (휠체어칸)"
NU_4_1354,4호선,오남,1,출입구-승강장,2,2번 출입구 옆 엘리베이터 → 별내별가람 방면,1F → B1 → B2,6,2,0,"2번 출입구 옆 엘리베이터(으)로 1개 층 내려가기 (1F → B1, 엘리베이터) → [B1] 대합실로 이동 → [B1] 표 내는 곳 통과 → 별내별가람 방면 엘리베이터(으)로 1개 층 내려가기 (B1 → B2, 엘리베이터) → [B2] 별내별가람 방면 승강장으로 이동 → [B2] 승차 (휠체어칸)","1. 2번 출입구 옆 엘리베이터(으)로 1개 층 내려가기 (1F → B1, 엘리베이터) | 2. [B1] 대합실로 이동 | 3. [B1] 표 내는 곳 통과 | 4. 별내별가람 방면 엘리베이터(으)로 1개 층 내려가기 (B1 → B2, 엘리베이터) | 5. [B2] 별내별가람 방면 승강장으로 이동 | 6. [B2] 승차 (휠체어칸)"
NU_4_1354,4호선,오남,1,출입구-승강장,3,3번 출입구 옆 엘리베이터 → 진접 방면,1F → B1 → B2,6,2,0,"3번 출입구 옆 엘리베이터(으)로 1개 층 내려가기 (1F → B1, 엘리베이터) → [B1] 대합실로 이동 → [B1] 표 내는 곳 통과 → 진접 방면 엘리베이터(으)로 1개 층 내려가기 (B1 → B2, 엘리베이터) → [B2] 진접 방면 승강장으로 이동 → [B2] 승차 (휠체어칸)","1. 3번 출입구 옆 엘리베이터(으)로 1개 층 내려가기 (1F → B1, 엘리베이터) | 2. [B1] 대합실로 이동 | 3. [B1] 표 내는 곳 통과 | 4. 진접 방면 엘리베이터(으)로 1개 층 내려가기 (B1 → B2, 엘리베이터) | 5. [B2] 진접 방면 승강장으로 이동 | 6. [B2] 승차 (휠체어칸)"
NU_4_1354,4호선,오남,1,출입구-승강장,4,3번 출입구 옆 엘리베이터 → 별내별가람 방면,1F → B1 → B2,6,2,0,"3번 출입구 옆 엘리베이터(으)로 1개 층 내려가기 (1F → B1, 엘리베이터) → [B1] 대합실로 이동 → [B1] 표 내는 곳 통과 → 별내별가람 방면 엘리베이터(으)로 1개 층 내려가기 (B1 → B2, 엘리베이터) → [B2] 별내별가람 방면 승강장으로 이동 → [B2] 승차 (휠체어칸)","1. 3번 출입구 옆 엘리베이터(으)로 1개 층 내려가기 (1F → B1, 엘리베이터) | 2. [B1] 대합실로 이동 | 3. [B1] 표 내는 곳 통과 | 4. 별내별가람 방면 엘리베이터(으)로 1개 층 내려가기 (B1 → B2, 엘리베이터) | 5. [B2] 별내별가람 방면 승강장으로 이동 | 6. [B2] 승차 (휠체어칸)"
NU_4_1353,4호선,별내별가람,1,출입구-승강장,1,1번 출입구 옆 엘리베이터 → 오남 방면,1F → B1 → B3,6,2,0,"1번 출입구 옆 엘리베이터(으)로 1개 층 내려가기 (1F → B1, 엘리베이터) → [B1] 대합실로 이동 → [B1] 표 내는 곳 통과 → 오남 방면 엘리베이터(으)로 2개 층 내려가기 (B1 → B3, 엘리베이터) → [B3] 오남 방면 승강장으로 이동 → [B3] 승차 (휠체어칸)","1. 1번 출입구 옆 엘리베이터(으)로 1개 층 내려가기 (1F → B1, 엘리베이터) | 2. [B1] 대합실로 이동 | 3. [B1] 표 내는 곳 통과 | 4. 오남 방면 엘리베이터(으)로 2개 층 내려가기 (B1 → B3, 엘리베이터) | 5. [B3] 오남 방면 승강장으로 이동 | 6. [B3] 승차 (휠체어칸)"
NU_4_1353,4호선,별내별가람,1,출입구-승강장,2,1번 출입구 옆 엘리베이터 → 당고개 방면,1F → B1 → B3,6,2,0,"1번 출입구 옆 엘리베이터(으)로 1개 층 내려가기 (1F → B1, 엘리베이터) → [B1] 대합실로 이동 → [B1] 표 내는 곳 통과 → 당고개 방면 엘리베이터(으)로 2개 층 내려가기 (B1 → B3, 엘리베이터) → [B3] 당고개 방면 승강장으로 이동 → [B3] 승차 (휠체어칸)","1. 1번 출입구 옆 엘리베이터(으)로 1개 층 내려가기 (1F → B1, 엘리베이터) | 2. [B1] 대합실로 이동 | 3. [B1] 표 내는 곳 통과 | 4. 당고개 방면 엘리베이터(으)로 2개 층 내려가기 (B1 → B3, 엘리베이터) | 5. [B3] 당고개 방면 승강장으로 이동 | 6. [B3] 승차 (휠체어칸)"
NU_4_1353,4호선,별내별가람,1,출입구-승강장,3,2번 출입구 옆 엘리베이터 → 오남 방면,1F → B1 → B3,6,2,0,"2번 출입구 옆 엘리베이터(으)로 1개 층 내려가기 (1F → B1, 엘리베이터) → [B1] 대합실로 이동 → [B1] 표 내는 곳 통과 → 오남 방면 엘리베이터(으)로 2개 층 내려가기 (B1 → B3, 엘리베이터) → [B3] 오남 방면 승강장으로 이동 → [B3] 승차 (휠체어칸)","1. 2번 출입구 옆 엘리베이터(으)로 1개 층 내려가기 (1F → B1, 엘리베이터) | 2. [B1] 대합실로 이동 | 3. [B1] 표 내는 곳 통과 | 4. 오남 방면 엘리베이터(으)로 2개 층 내려가기 (B1 → B3, 엘리베이터) | 5. [B3] 오남 방면 승강장으로 이동 | 6. [B3] 승차 (휠체어칸)"
NU_4_1353,4호선,별내별가람,1,출입구-승강장,4,2번 출입구 옆 엘리베이터 → 당고개 방면,1F → B1 → B3,6,2,0,"2번 출입구 옆 엘리베이터(으)로 1개 층 내려가기 (1F → B1, 엘리베이터) → [B1] 대합실로 이동 → [B1] 표 내는 곳 통과 → 당고개 방면 엘리베이터(으)로 2개 층 내려가기 (B1 → B3, 엘리베이터) → [B3] 당고개 방면 승강장으로 이동 → [B3] 승차 (휠체어칸)","1. 2번 출입구 옆 엘리베이터(으)로 1개 층 내려가기 (1F → B1, 엘리베이터) | 2. [B1] 대합실로 이동 | 3. [B1] 표 내는 곳 통과 | 4. 당고개 방면 엘리베이터(으)로 2개 층 내려가기 (B1 → B3, 엘리베이터) | 5. [B3] 당고개 방면 승강장으로 이동 | 6. [B3] 승차 (휠체어칸)"
NU_4_1353,4호선,별내별가람,1,출입구-승강장,5,3번 출입구 옆 엘리베이터 → 오남 방면,1F → B1 → B3,6,2,0,"3번 출입구 옆 엘리베이터(으)로 1개 층 내려가기 (1F → B1, 엘리베이터) → [B1] 대합실로 이동 → [B1] 표 내는 곳 통과 → 오남 방면 엘리베이터(으)로 2개 층 내려가기 (B1 → B3, 엘리베이터) → [B3] 오남 방면 승강장으로 이동 → [B3] 승차 (휠체어칸)","1. 3번 출입구 옆 엘리베이터(으)로 1개 층 내려가기 (1F → B1, 엘리베이터) | 2. [B1] 대합실로 이동 | 3. [B1] 표 내는 곳 통과 | 4. 오남 방면 엘리베이터(으)로 2개 층 내려가기 (B1 → B3, 엘리베이터) | 5. [B3] 오남 방면 승강장으로 이동 | 6. [B3] 승차 (휠체어칸)"
NU_4_1353,4호선,별내별가람,1,출입구-승강장,6,3번 출입구 옆 엘리베이터 → 당고개 방면,1F → B1 → B3,6,2,0,"3번 출입구 옆 엘리베이터(으)로 1개 층 내려가기 (1F → B1, 엘리베이터) → [B1] 대합실로 이동 → [B1] 표 내는 곳 통과 → 당고개 방면 엘리베이터(으)로 2개 층 내려가기 (B1 → B3, 엘리베이터) → [B3] 당고개 방면 승강장으로 이동 → [B3] 승차 (휠체어칸)","1. 3번 출입구 옆 엘리베이터(으)로 1개 층 내려가기 (1F → B1, 엘리베이터) | 2. [B1] 대합실로 이동 | 3. [B1] 표 내는 곳 통과 | 4. 당고개 방면 엘리베이터(으)로 2개 층 내려가기 (B1 → B3, 엘리베이터) | 5. [B3] 당고개 방면 승강장으로 이동 | 6. [B3] 승차 (휠체어칸)"
S1_4_0125,4호선,불암산,1,출입구-승강장,1,1번 출입구 옆 엘리베이터 → 별내별가람 방면,1F → 2F → 3F,7,2,0,"[1F] 1번 출입구 대합실로 이동 → 대합실 방향 엘리베이터(으)로 1개 층 올라가기 (1F → 2F, 엘리베이터) → [2F] 대합실로 이동 → [2F] 별내별가람 방면 엘리베이터 앞 표 내는 곳 통과 → 별내별가람 방면 엘리베이터(으)로 1개 층 올라가기 (2F → 3F, 엘리베이터) → [3F] 별내별가람 방면 승강장으로 이동 → [3F] 승차 (휠체어칸)","1. [1F] 1번 출입구 대합실로 이동 | 2. 대합실 방향 엘리베이터(으)로 1개 층 올라가기 (1F → 2F, 엘리베이터) | 3. [2F] 대합실로 이동 | 4. [2F] 별내별가람 방면 엘리베이터 앞 표 내는 곳 통과 | 5. 별내별가람 방면 엘리베이터(으)로 1개 층 올라가기 (2F → 3F, 엘리베이터) | 6. [3F] 별내별가람 방면 승강장으로 이동 | 7. [3F] 승차 (휠체어칸)"
S1_4_0125,4호선,불암산,1,출입구-승강장,2,1번 출입구 옆 엘리베이터 → 상계 방면,1F → 2F → 3F,7,2,0,"[1F] 1번 출입구 대합실로 이동 → 대합실 방향 엘리베이터(으)로 1개 층 올라가기 (1F → 2F, 엘리베이터) → [2F] 대합실로 이동 → [2F] 상계 방면 엘리베이터 앞 표 내는 곳 통과 → 상계 방면 엘리베이터(으)로 1개 층 올라가기 (2F → 3F, 엘리베이터) → [3F] 상계 방면 승강장으로 이동 → [3F] 승차 (휠체어칸)","1. [1F] 1번 출입구 대합실로 이동 | 2. 대합실 방향 엘리베이터(으)로 1개 층 올라가기 (1F → 2F, 엘리베이터) | 3. [2F] 대합실로 이동 | 4. [2F] 상계 방면 엘리베이터 앞 표 내는 곳 통과 | 5. 상계 방면 엘리베이터(으)로 1개 층 올라가기 (2F → 3F, 엘리베이터) | 6. [3F] 상계 방면 승강장으로 이동 | 7. [3F] 승차 (휠체어칸)"
S1_4_0125,4호선,불암산,1,출입구-승강장,3,4번 출입구 옆 엘리베이터 → 별내별가람 방면,1F → 2F → 3F,7,2,0,"[1F] 4번 출입구 대합실로 이동 → 대합실 방향 엘리베이터(으)로 1개 층 올라가기 (1F → 2F, 엘리베이터) → [2F] 대합실로 이동 → [2F] 별내별가람 방면 엘리베이터 앞 표 내는 곳 통과 → 별내별가람 방면 엘리베이터(으)로 1개 층 올라가기 (2F → 3F, 엘리베이터) → [3F] 별내별가람 방면 승강장으로 이동 → [3F] 승차 (휠체어칸)","1. [1F] 4번 출입구 대합실로 이동 | 2. 대합실 방향 엘리베이터(으)로 1개 층 올라가기 (1F → 2F, 엘리베이터) | 3. [2F] 대합실로 이동 | 4. [2F] 별내별가람 방면 엘리베이터 앞 표 내는 곳 통과 | 5. 별내별가람 방면 엘리베이터(으)로 1개 층 올라가기 (2F → 3F, 엘리베이터) | 6. [3F] 별내별가람 방면 승강장으로 이동 | 7. [3F] 승차 (휠체어칸)"
S1_4_0125,4호선,불암산,1,출입구-승강장,4,4번 출입구 옆 엘리베이터 → 상계 방면,1F → 2F → 3F,7,2,0,"[1F] 4번 출입구 대합실로 이동 → 대합실 방향 엘리베이터(으)로 1개 층 올라가기 (1F → 2F, 엘리베이터) → [2F] 대합실로 이동 → [2F] 상계 방면 엘리베이터 앞 표 내는 곳 통과 → 상계 방면 엘리베이터(으)로 1개 층 올라가기 (2F → 3F, 엘리베이터) → [3F] 상계 방면 승강장으로 이동 → [3F] 승차 (휠체어칸)","1. [1F] 4번 출입구 대합실로 이동 | 2. 대합실 방향 엘리베이터(으)로 1개 층 올라가기 (1F → 2F, 엘리베이터) | 3. [2F] 대합실로 이동 | 4. [2F] 상계 방면 엘리베이터 앞 표 내는 곳 통과 | 5. 상계 방면 엘리베이터(으)로 1개 층 올라가기 (2F → 3F, 엘리베이터) | 6. [3F] 상계 방면 승강장으로 이동 | 7. [3F] 승차 (휠체어칸)"
S1_4_0272,4호선,상계,1,출입구-승강장,1,1번 출입구 옆 엘리베이터 → 당고개 방면,1F → 2F → 3F,7,2,0,"[1F] 1번 출입구 대합실로 이동 → 대합실 방향 엘리베이터(으)로 1개 층 올라가기 (1F → 2F, 엘리베이터) → [2F] 대합실로 이동 → [2F] 표 내는 곳 통과 → 당고개 방면 엘리베이터(으)로 1개 층 올라가기 (2F → 3F, 엘리베이터) → [3F] 당고개 방면 승강장으로 이동 → [3F] 승차 (휠체어칸)","1. [1F] 1번 출입구 대합실로 이동 | 2. 대합실 방향 엘리베이터(으)로 1개 층 올라가기 (1F → 2F, 엘리베이터) | 3. [2F] 대합실로 이동 | 4. [2F] 표 내는 곳 통과 | 5. 당고개 방면 엘리베이터(으)로 1개 층 올라가기 (2F → 3F, 엘리베이터) | 6. [3F] 당고개 방면 승강장으로 이동 | 7. [3F] 승차 (휠체어칸)"
S1_4_0272,4호선,상계,1,출입구-승강장,2,1번 출입구 옆 엘리베이터 → 노원 방면,1F → 2F → 3F,7,2,0,"[1F] 1번 출입구 대합실로 이동 → 대합실 방향 엘리베이터(으)로 1개 층 올라가기 (1F → 2F, 엘리베이터) → [2F] 대합실로 이동 → [2F] 표 내는 곳 통과 → 노원 방면 엘리베이터(으)로 1개 층 올라가기 (2F → 3F, 엘리베이터) → [3F] 노원 방면 승강장으로 이동 → [3F] 승차 (휠체어칸)","1. [1F] 1번 출입구 대합실로 이동 | 2. 대합실 방향 엘리베이터(으)로 1개 층 올라가기 (1F → 2F, 엘리베이터) | 3. [2F] 대합실로 이동 | 4. [2F] 표 내는 곳 통과 | 5. 노원 방면 엘리베이터(으)로 1개 층 올라가기 (2F → 3F, 엘리베이터) | 6. [3F] 노원 방면 승강장으로 이동 | 7. [3F] 승차 (휠체어칸)"
S1_4_0272,4호선,상계,1,출입구-승강장,3,5번 출입구 옆 엘리베이터 → 당고개 방면,1F → 2F → 3F,7,2,0,"[1F] 5번 출입구 대합실로 이동 → 대합실 방향 엘리베이터(으)로 1개 층 올라가기 (1F → 2F, 엘리베이터) → [2F] 대합실로 이동 → [2F] 표 내는 곳 통과 → 당고개 방면 엘리베이터(으)로 1개 층 올라가기 (2F → 3F, 엘리베이터) → [3F] 당고개 방면 승강장으로 이동 → [3F] 승차 (휠체어칸)","1. [1F] 5번 출입구 대합실로 이동 | 2. 대합실 방향 엘리베이터(으)로 1개 층 올라가기 (1F → 2F, 엘리베이터) | 3. [2F] 대합실로 이동 | 4. [2F] 표 내는 곳 통과 | 5. 당고개 방면 엘리베이터(으)로 1개 층 올라가기 (2F → 3F, 엘리베이터) | 6. [3F] 당고개 방면 승강장으로 이동 | 7. [3F] 승차 (휠체어칸)"
S1_4_0272,4호선,상계,1,출입구-승강장,4,5번 출입구 옆 엘리베이터 → 노원 방면,1F → 2F → 3F,7,2,0,"[1F] 5번 출입구 대합실로 이동 → 대합실 방향 엘리베이터(으)로 1개 층 올라가기 (1F → 2F, 엘리베이터) → [2F] 대합실로 이동 → [2F] 표 내는 곳 통과 → 노원 방면 엘리베이터(으)로 1개 층 올라가기 (2F → 3F, 엘리베이터) → [3F] 노원 방면 승강장으로 이동 → [3F] 승차 (휠체어칸)","1. [1F] 5번 출입구 대합실로 이동 | 2. 대합실 방향 엘리베이터(으)로 1개 층 올라가기 (1F → 2F, 엘리베이터) | 3. [2F] 대합실로 이동 | 4. [2F] 표 내는 곳 통과 | 5. 노원 방면 엘리베이터(으)로 1개 층 올라가기 (2F → 3F, 엘리베이터) | 6. [3F] 노원 방면 승강장으로 이동 | 7. [3F] 승차 (휠체어칸)"
S1_4_0115,4호선,노원,1,출입구-승강장,1,2번 출입구 옆 엘리베이터 → 상계 방면,1F → 2F,6,1,0,"2번 출입구 옆 엘리베이터(으)로 1개 층 올라가기 (1F → 2F, 엘리베이터) → [2F] 대합실로 이동 → [2F] 표 내는 곳 통과 → [2F] 상계 방면 승강장으로 이동 → [2F] 승차 (휠체어칸) → 상계 방면 엘리베이터 이용 (엘리베이터)","1. 2번 출입구 옆 엘리베이터(으)로 1개 층 올라가기 (1F → 2F, 엘리베이터) | 2. [2F] 대합실로 이동 | 3. [2F] 표 내는 곳 통과 | 4. [2F] 상계 방면 승강장으로 이동 | 5. [2F] 승차 (휠체어칸) | 6. 상계 방면 엘리베이터 이용 (엘리베이터)"
S1_4_0115,4호선,노원,1,출입구-승강장,2,2번 출입구 옆 엘리베이터 → 창동 방면,1F → 2F,6,1,0,"2번 출입구 옆 엘리베이터(으)로 1개 층 올라가기 (1F → 2F, 엘리베이터) → [2F] 대합실로 이동 → [2F] 창동 방면 승강장으로 이동 → [2F] 표 내는 곳 통과 → [2F] 승차 (휠체어칸) → 창동 방면 엘리베이터 이용 (엘리베이터)","1. 2번 출입구 옆 엘리베이터(으)로 1개 층 올라가기 (1F → 2F, 엘리베이터) | 2. [2F] 대합실로 이동 | 3. [2F] 창동 방면 승강장으로 이동 | 4. [2F] 표 내는 곳 통과 | 5. [2F] 승차 (휠체어칸) | 6. 창동 방면 엘리베이터 이용 (엘리베이터)"
S1_4_0115,4호선,노원,1,출입구-승강장,3,9번 출입구 옆 엘리베이터 → 상계 방면,1F → 2F,6,1,0,"9번 출입구 옆 엘리베이터(으)로 1개 층 올라가기 (1F → 2F, 엘리베이터) → [2F] 대합실로 이동 → [2F] 표 내는 곳 통과 → [2F] 상계 방면 승강장으로 이동 → [2F] 승차 (휠체어칸) → 상계 방면 엘리베이터 이용 (엘리베이터)","1. 9번 출입구 옆 엘리베이터(으)로 1개 층 올라가기 (1F → 2F, 엘리베이터) | 2. [2F] 대합실로 이동 | 3. [2F] 표 내는 곳 통과 | 4. [2F] 상계 방면 승강장으로 이동 | 5. [2F] 승차 (휠체어칸) | 6. 상계 방면 엘리베이터 이용 (엘리베이터)"
S1_4_0115,4호선,노원,1,출입구-승강장,4,9번 출입구 옆 엘리베이터 → 창동 방면,1F,4,0,0,[1F] 창동 방면 승강장으로 이동 → [1F] 표 내는 곳 통과 → [1F] 승차 (휠체어칸) → 9번 출입구 옆 엘리베이터 이용 (엘리베이터),1. [1F] 창동 방면 승강장으로 이동 | 2. [1F] 표 내는 곳 통과 | 3. [1F] 승차 (휠체어칸) | 4. 9번 출입구 옆 엘리베이터 이용 (엘리베이터)
S1_4_0115,4호선,노원,3,환승,1,4호선 상계 방면 → 7호선 마들 방면,3F → 2F → 1F → B1 → B3,11,4,0,"[3F] 4호선 상계 방면 승강장 하차 → 4호선 대합실 방향 엘리베이터(으)로 1개 층 내려가기 (3F → 2F, 엘리베이터) → [2F] 4호선 대합실 이동 → [2F] 표 내는곳 통과 → 4호선 2번 출입구 옆 엘리베이터(으)로 1개 층 내려가기 (2F → 1F, 엘리베이터) → [1F] 7호선 3번 출입구 옆 엘리베이터 이동 → 3번 출입구 옆 엘리베이터(으)로 1개 층 내려가기 (1F → B1, 엘리베이터) → [B1] 7호선 대합실 이동 → 7호선 승강장 방향 엘리베이터(으)로 2개 층 내려가기 (B1 → B3, 엘리베이터) → [B3] 7호선 마들 방면 승강장 이동 → [B3] 승차(휠체어칸)","1. [3F] 4호선 상계 방면 승강장 하차 | 2. 4호선 대합실 방향 엘리베이터(으)로 1개 층 내려가기 (3F → 2F, 엘리베이터) | 3. [2F] 4호선 대합실 이동 | 4. [2F] 표 내는곳 통과 | 5. 4호선 2번 출입구 옆 엘리베이터(으)로 1개 층 내려가기 (2F → 1F, 엘리베이터) | 6. [1F] 7호선 3번 출입구 옆 엘리베이터 이동 | 7. 3번 출입구 옆 엘리베이터(으)로 1개 층 내려가기 (1F → B1, 엘리베이터) | 8. [B1] 7호선 대합실 이동 | 9. 7호선 승강장 방향 엘리베이터(으)로 2개 층 내려가기 (B1 → B3, 엘리베이터) | 10. [B3] 7호선 마들 방면 승강장 이동 | 11. [B3] 승차(휠체어칸)"
S1_4_0115,4호선,노원,3,환승,2,4호선 상계 방면 → 7호선 중계 방면,3F → 2F → 1F → B1 → B3,11,4,0,"[3F] 4호선 상계 방면 승강장 하차 → 4호선 대합실 방향 엘리베이터(으)로 1개 층 내려가기 (3F → 2F, 엘리베이터) → [2F] 4호선 대합실 이동 → [2F] 표 내는곳 통과 → 4호선 2번 출입구 옆 엘리베이터(으)로 1개 층 내려가기 (2F → 1F, 엘리베이터) → [1F] 7호선 3번 출입구 옆 엘리베이터 이동 → 3번 출입구 옆 엘리베이터(으)로 1개 층 내려가기 (1F → B1, 엘리베이터) → [B1] 7호선 대합실 이동 → 7호선 승강장 방향 엘리베이터(으)로 2개 층 내려가기 (B1 → B3, 엘리베이터) → [B3] 7호선 중계 방면 승강장 이동 → [B3] 승차(휠체어칸)","1. [3F] 4호선 상계 방면 승강장 하차 | 2. 4호선 대합실 방향 엘리베이터(으)로 1개 층 내려가기 (3F → 2F, 엘리베이터) | 3. [2F] 4호선 대합실 이동 | 4. [2F] 표 내는곳 통과 | 5. 4호선 2번 출입구 옆 엘리베이터(으)로 1개 층 내려가기 (2F → 1F, 엘리베이터) | 6. [1F] 7호선 3번 출입구 옆 엘리베이터 이동 | 7. 3번 출입구 옆 엘리베이터(으)로 1개 층 내려가기 (1F → B1, 엘리베이터) | 8. [B1] 7호선 대합실 이동 | 9. 7호선 승강장 방향 엘리베이터(으)로 2개 층 내려가기 (B1 → B3, 엘리베이터) | 10. [B3] 7호선 중계 방면 승강장 이동 | 11. [B3] 승차(휠체어칸)"
S1_4_0115,4호선,노원,3,환승,3,4호선 창동 방면 → 7호선 마들 방면,3F → 2F → 1F → B1 → B3,11,4,0,"[3F] 4호선 창동 방면 승강장 하차 → 4호선 대합실 방향 엘리베이터(으)로 1개 층 내려가기 (3F → 2F, 엘리베이터) → [2F] 4호선 대합실 이동 → [2F] 표 내는곳 통과 → 4호선 2번 출입구 옆 엘리베이터(으)로 1개 층 내려가기 (2F → 1F, 엘리베이터) → [1F] 7호선 3번 출입구 옆 엘리베이터 이동 → 3번 출입구 옆 엘리베이터(으)로 1개 층 내려가기 (1F → B1, 엘리베이터) → [B1] 7호선 대합실 이동 → 7호선 승강장 방향 엘리베이터(으)로 2개 층 내려가기 (B1 → B3, 엘리베이터) → [B3] 7호선 마들 방면 승강장 이동 → [B3] 승차(휠체어칸)","1. [3F] 4호선 창동 방면 승강장 하차 | 2. 4호선 대합실 방향 엘리베이터(으)로 1개 층 내려가기 (3F → 2F, 엘리베이터) | 3. [2F] 4호선 대합실 이동 | 4. [2F] 표 내는곳 통과 | 5. 4호선 2번 출입구 옆 엘리베이터(으)로 1개 층 내려가기 (2F → 1F, 엘리베이터) | 6. [1F] 7호선 3번 출입구 옆 엘리베이터 이동 | 7. 3번 출입구 옆 엘리베이터(으)로 1개 층 내려가기 (1F → B1, 엘리베이터) | 8. [B1] 7호선 대합실 이동 | 9. 7호선 승강장 방향 엘리베이터(으)로 2개 층 내려가기 (B1 → B3, 엘리베이터) | 10. [B3] 7호선 마들 방면 승강장 이동 | 11. [B3] 승차(휠체어칸)"
S1_4_0115,4호선,노원,3,환승,4,4호선 창동 방면 → 7호선 중계 방면,3F → 2F → 1F → B1 → B3,11,4,0,"[3F] 4호선 창동 방면 승강장 하차 → 4호선 대합실 방향 엘리베이터(으)로 1개 층 내려가기 (3F → 2F, 엘리베이터) → [2F] 4호선 대합실 이동 → [2F] 표 내는곳 통과 → 4호선 2번 출입구 옆 엘리베이터(으)로 1개 층 내려가기 (2F → 1F, 엘리베이터) → [1F] 7호선 3번 출입구 옆 엘리베이터 이동 → 3번 출입구 옆 엘리베이터(으)로 1개 층 내려가기 (1F → B1, 엘리베이터) → [B1] 7호선 대합실 이동 → 7호선 승강장 방향 엘리베이터(으)로 2개 층 내려가기 (B1 → B3, 엘리베이터) → [B3] 7호선 중계 방면 승강장 이동 → [B3] 승차(휠체어칸)","1. [3F] 4호선 창동 방면 승강장 하차 | 2. 4호선 대합실 방향 엘리베이터(으)로 1개 층 내려가기 (3F → 2F, 엘리베이터) | 3. [2F] 4호선 대합실 이동 | 4. [2F] 표 내는곳 통과 | 5. 4호선 2번 출입구 옆 엘리베이터(으)로 1개 층 내려가기 (2F → 1F, 엘리베이터) | 6. [1F] 7호선 3번 출입구 옆 엘리베이터 이동 | 7. 3번 출입구 옆 엘리베이터(으)로 1개 층 내려가기 (1F → B1, 엘리베이터) | 8. [B1] 7호선 대합실 이동 | 9. 7호선 승강장 방향 엘리베이터(으)로 2개 층 내려가기 (B1 → B3, 엘리베이터) | 10. [B3] 7호선 중계 방면 승강장 이동 | 11. [B3] 승차(휠체어칸)"
S1_4_0541,4호선,창동,1,출입구-승강장,1,1번 출입구 옆 엘리베이터 → 노원 방면,1F → 2F → 3F,6,2,0,"1번 출입구 옆 엘리베이터(으)로 1개 층 올라가기 (1F → 2F, 엘리베이터) → [2F] 대합실로 이동 → [2F] 표 내는 곳 통과 → 노원 방면 엘리베이터(으)로 1개 층 올라가기 (2F → 3F, 엘리베이터) → [3F] 노원 방면 승강장으로 이동 → [3F] 승차 (휠체어칸)","1. 1번 출입구 옆 엘리베이터(으)로 1개 층 올라가기 (1F → 2F, 엘리베이터) | 2. [2F] 대합실로 이동 | 3. [2F] 표 내는 곳 통과 | 4. 노원 방면 엘리베이터(으)로 1개 층 올라가기 (2F → 3F, 엘리베이터) | 5. [3F] 노원 방면 승강장으로 이동 | 6. [3F] 승차 (휠체어칸)"
S1_4_0541,4호선,창동,1,출입구-승강장,2,1번 출입구 옆 엘리베이터 → 쌍문 방면,1F → 2F → 3F,6,2,0,"1번 출입구 옆 엘리베이터(으)로 1개 층 올라가기 (1F → 2F, 엘리베이터) → [2F] 대합실로 이동 → [2F] 표 내는 곳 통과 → 쌍문 방면 엘리베이터(으)로 1개 층 올라가기 (2F → 3F, 엘리베이터) → [3F] 쌍문 방면 승강장으로 이동 → [3F] 승차 (휠체어칸)","1. 1번 출입구 옆 엘리베이터(으)로 1개 층 올라가기 (1F → 2F, 엘리베이터) | 2. [2F] 대합실로 이동 | 3. [2F] 표 내는 곳 통과 | 4. 쌍문 방면 엘리베이터(으)로 1개 층 올라가기 (2F → 3F, 엘리베이터) | 5. [3F] 쌍문 방면 승강장으로 이동 | 6. [3F] 승차 (휠체어칸)"
S1_4_0541,4호선,창동,1,출입구-승강장,3,2번 출입구 옆 엘리베이터 → 노원 방면,1F → 2F → 3F,6,2,0,"2번 출입구 옆 엘리베이터(으)로 1개 층 올라가기 (1F → 2F, 엘리베이터) → [2F] 대합실로 이동 → [2F] 표 내는 곳 통과 → 노원 방면 엘리베이터(으)로 1개 층 올라가기 (2F → 3F, 엘리베이터) → [3F] 노원 방면 승강장으로 이동 → [3F] 승차 (휠체어칸)","1. 2번 출입구 옆 엘리베이터(으)로 1개 층 올라가기 (1F → 2F, 엘리베이터) | 2. [2F] 대합실로 이동 | 3. [2F] 표 내는 곳 통과 | 4. 노원 방면 엘리베이터(으)로 1개 층 올라가기 (2F → 3F, 엘리베이터) | 5. [3F] 노원 방면 승강장으로 이동 | 6. [3F] 승차 (휠체어칸)"
S1_4_0541,4호선,창동,1,출입구-승강장,4,2번 출입구 옆 엘리베이터 → 쌍문 방면,1F → 2F → 3F,6,2,0,"2번 출입구 옆 엘리베이터(으)로 1개 층 올라가기 (1F → 2F, 엘리베이터) → [2F] 대합실로 이동 → [2F] 표 내는 곳 통과 → 쌍문 방면 엘리베이터(으)로 1개 층 올라가기 (2F → 3F, 엘리베이터) → [3F] 쌍문 방면 승강장으로 이동 → [3F] 승차 (휠체어칸)","1. 2번 출입구 옆 엘리베이터(으)로 1개 층 올라가기 (1F → 2F, 엘리베이터) | 2. [2F] 대합실로 이동 | 3. [2F] 표 내는 곳 통과 | 4. 쌍문 방면 엘리베이터(으)로 1개 층 올라가기 (2F → 3F, 엘리베이터) | 5. [3F] 쌍문 방면 승강장으로 이동 | 6. [3F] 승차 (휠체어칸)"
S1_4_0541,4호선,창동,3,환승,1, 4호선 노원 방면 → 1호선 방학 방면,3F → 2F → 3F → 1F,8,3,0,"[3F] 4호선 노원 방면 승강장 하차 → 대합실 방향 엘리베이터(으)로 1개 층 내려가기 (3F → 2F, 엘리베이터) → [2F] 대합실로 이동 → 쌍문 방면 엘리베이터(으)로 1개 층 올라가기 (2F → 3F, 엘리베이터) → [3F] 4호선 쌍문 방면 승강장으로 이동 → 녹천 방면 엘리베이터(으)로 2개 층 내려가기 (3F → 1F, 엘리베이터) → [1F] 1호선 녹천 방면 승강장으로 이동 → [1F] 승차(휠체어칸","1. [3F] 4호선 노원 방면 승강장 하차 | 2. 대합실 방향 엘리베이터(으)로 1개 층 내려가기 (3F → 2F, 엘리베이터) | 3. [2F] 대합실로 이동 | 4. 쌍문 방면 엘리베이터(으)로 1개 층 올라가기 (2F → 3F, 엘리베이터) | 5. [3F] 4호선 쌍문 방면 승강장으로 이동 | 6. 녹천 방면 엘리베이터(으)로 2개 층 내려가기 (3F → 1F, 엘리베이터) | 7. [1F] 1호선 녹천 방면 승강장으로 이동 | 8. [1F] 승차(휠체어칸"
S1_4_0541,4호선,창동,3,환승,2, 4호선 노원 방면 → 1호선 녹천 방면,3F → 2F → 3F → 1F,8,3,0,"[3F] 4호선 노원 방면 승강장 하차 → 대합실 방향 엘리베이터(으)로 1개 층 내려가기 (3F → 2F, 엘리베이터) → [2F] 대합실로 이동 → 쌍문 방면 엘리베이터(으)로 1개 층 올라가기 (2F → 3F, 엘리베이터) → [3F] 4호선 쌍문 방면 승강장으로 이동 → 방학 방면 엘리베이터(으)로 2개 층 내려가기 (3F → 1F, 엘리베이터) → [1F] 1호선 방학 방면 승강장으로 이동 → [1F] 승차(휠체어칸","1. [3F] 4호선 노원 방면 승강장 하차 | 2. 대합실 방향 엘리베이터(으)로 1개 층 내려가기 (3F → 2F, 엘리베이터) | 3. [2F] 대합실로 이동 | 4. 쌍문 방면 엘리베이터(으)로 1개 층 올라가기 (2F → 3F, 엘리베이터) | 5. [3F] 4호선 쌍문 방면 승강장으로 이동 | 6. 방학 방면 엘리베이터(으)로 2개 층 내려가기 (3F → 1F, 엘리베이터) | 7. [1F] 1호선 방학 방면 승강장으로 이동 | 8. [1F] 승차(휠체어칸"
S1_4_0541,4호선,창동,3,환승,3,4호선 쌍문 방면 → 1호선 방학 방면,3F → 1F,5,1,0,"[3F] 4호선 쌍문 방면 승강장 하차 → 방학 방면 엘리베이터(으)로 2개 층 내려가기 (3F → 1F, 엘리베이터) → [1F] 1호선 방학 방면 승강장으로 이동 → [1F] 승차(휠체어칸) → [1F] 승차 (휠체어칸)","1. [3F] 4호선 쌍문 방면 승강장 하차 | 2. 방학 방면 엘리베이터(으)로 2개 층 내려가기 (3F → 1F, 엘리베이터) | 3. [1F] 1호선 방학 방면 승강장으로 이동 | 4. [1F] 승차(휠체어칸) | 5. [1F] 승차 (휠체어칸)"
S1_4_0541,4호선,창동,3,환승,4,4호선 쌍문 방면 → 1호선 녹천 방면,3F → 1F,4,1,0,"[3F] 4호선 쌍문 방면 승강장 하차 → 방학 방면 엘리베이터(으)로 2개 층 내려가기 (3F → 1F, 엘리베이터) → [1F] 1호선 녹천 방면 승강장으로 이동 → [1F] 승차(휠체어칸)","1. [3F] 4호선 쌍문 방면 승강장 하차 | 2. 방학 방면 엘리베이터(으)로 2개 층 내려가기 (3F → 1F, 엘리베이터) | 3. [1F] 1호선 녹천 방면 승강장으로 이동 | 4. [1F] 승차(휠체어칸)"
S1_4_0380,4호선,쌍문,1,출입구-승강장,1,1번 출입구 옆 엘리베이터 → 창동 방면,1F → B1 → B2,6,2,0,"1번 출입구 옆 엘리베이터(으)로 1개 층 내려가기 (1F → B1, 엘리베이터) → [B1] 대합실로 이동 → [B1] 창동 방면 엘리베이터 앞 표 내는 곳 통과 → 창동 방면 엘리베이터(으)로 1개 층 내려가기 (B1 → B2, 엘리베이터) → [B2] 창동 방면 승강장으로 이동 → [B2] 승차 (휠체어칸)","1. 1번 출입구 옆 엘리베이터(으)로 1개 층 내려가기 (1F → B1, 엘리베이터) | 2. [B1] 대합실로 이동 | 3. [B1] 창동 방면 엘리베이터 앞 표 내는 곳 통과 | 4. 창동 방면 엘리베이터(으)로 1개 층 내려가기 (B1 → B2, 엘리베이터) | 5. [B2] 창동 방면 승강장으로 이동 | 6. [B2] 승차 (휠체어칸)"
S1_4_0380,4호선,쌍문,1,출입구-승강장,2,1번 출입구 옆 엘리베이터 → 수유 방면,1F → B1 → B2,6,2,0,"1번 출입구 옆 엘리베이터(으)로 1개 층 내려가기 (1F → B1, 엘리베이터) → [B1] 대합실로 이동 → [B1] 수유 방면 엘리베이터 앞 표 내는 곳 통과 → 수유 방면 엘리베이터(으)로 1개 층 내려가기 (B1 → B2, 엘리베이터) → [B2] 수유 방면 승강장으로 이동 → [B2] 승차 (휠체어칸)","1. 1번 출입구 옆 엘리베이터(으)로 1개 층 내려가기 (1F → B1, 엘리베이터) | 2. [B1] 대합실로 이동 | 3. [B1] 수유 방면 엘리베이터 앞 표 내는 곳 통과 | 4. 수유 방면 엘리베이터(으)로 1개 층 내려가기 (B1 → B2, 엘리베이터) | 5. [B2] 수유 방면 승강장으로 이동 | 6. [B2] 승차 (휠체어칸)"
S1_4_0340,4호선,수유,1,출입구-승강장,1,2번 출입구 옆 엘리베이터 → 쌍문 방면,1F → B1 → B2,6,2,0,"2번 출입구 옆 엘리베이터(으)로 1개 층 내려가기 (1F → B1, 엘리베이터) → [B1] 대합실로 이동 → [B1] 쌍문 방면 엘리베이터 앞 표 내는 곳 통과 → 쌍문 방면 엘리베이터(으)로 1개 층 내려가기 (B1 → B2, 엘리베이터) → [B2] 쌍문 방면 승강장으로 이동 → [B2] 승차 (휠체어칸)","1. 2번 출입구 옆 엘리베이터(으)로 1개 층 내려가기 (1F → B1, 엘리베이터) | 2. [B1] 대합실로 이동 | 3. [B1] 쌍문 방면 엘리베이터 앞 표 내는 곳 통과 | 4. 쌍문 방면 엘리베이터(으)로 1개 층 내려가기 (B1 → B2, 엘리베이터) | 5. [B2] 쌍문 방면 승강장으로 이동 | 6. [B2] 승차 (휠체어칸)"
S1_4_0340,4호선,수유,1,출입구-승강장,2,2번 출입구 옆 엘리베이터 → 미아 방면,1F → B1 → B2,6,2,0,"2번 출입구 옆 엘리베이터(으)로 1개 층 내려가기 (1F → B1, 엘리베이터) → [B1] 대합실로 이동 → [B1] 미아 방면 엘리베이터 앞 표 내는 곳 통과 → 미아 방면 엘리베이터(으)로 1개 층 내려가기 (B1 → B2, 엘리베이터) → [B2] 미아 방면 승강장으로 이동 → [B2] 승차 (휠체어칸)","1. 2번 출입구 옆 엘리베이터(으)로 1개 층 내려가기 (1F → B1, 엘리베이터) | 2. [B1] 대합실로 이동 | 3. [B1] 미아 방면 엘리베이터 앞 표 내는 곳 통과 | 4. 미아 방면 엘리베이터(으)로 1개 층 내려가기 (B1 → B2, 엘리베이터) | 5. [B2] 미아 방면 승강장으로 이동 | 6. [B2] 승차 (휠체어칸)"
S1_4_0211,4호선,미아,1,출입구-승강장,1,1번 출입구 옆 엘리베이터 → 수유 방면,1F → B1 → B2,6,2,0,"1번 출입구 옆 엘리베이터(으)로 1개 층 내려가기 (1F → B1, 엘리베이터) → [B1] 대합실로 이동 → [B1] 수유 방면 엘리베이터 앞 표 내는 곳 통과 → 수유 방면 엘리베이터(으)로 1개 층 내려가기 (B1 → B2, 엘리베이터) → [B2] 수유 방면 승강장으로 이동 → [B2] 승차 (휠체어칸)","1. 1번 출입구 옆 엘리베이터(으)로 1개 층 내려가기 (1F → B1, 엘리베이터) | 2. [B1] 대합실로 이동 | 3. [B1] 수유 방면 엘리베이터 앞 표 내는 곳 통과 | 4. 수유 방면 엘리베이터(으)로 1개 층 내려가기 (B1 → B2, 엘리베이터) | 5. [B2] 수유 방면 승강장으로 이동 | 6. [B2] 승차 (휠체어칸)"
S1_4_0211,4호선,미아,1,출입구-승강장,2,1번 출입구 옆 엘리베이터 → 미아사거리 방면,1F → B1 → B2,6,2,0,"1번 출입구 옆 엘리베이터(으)로 1개 층 내려가기 (1F → B1, 엘리베이터) → [B1] 대합실로 이동 → [B1] 미아사거리 방면 엘리베이터 앞 표 내는 곳 통과 → 미아사거리 방면 엘리베이터(으)로 1개 층 내려가기 (B1 → B2, 엘리베이터) → [B2] 미아사거리 방면 승강장으로 이동 → [B2] 승차 (휠체어칸)","1. 1번 출입구 옆 엘리베이터(으)로 1개 층 내려가기 (1F → B1, 엘리베이터) | 2. [B1] 대합실로 이동 | 3. [B1] 미아사거리 방면 엘리베이터 앞 표 내는 곳 통과 | 4. 미아사거리 방면 엘리베이터(으)로 1개 층 내려가기 (B1 → B2, 엘리베이터) | 5. [B2] 미아사거리 방면 승강장으로 이동 | 6. [B2] 승차 (휠체어칸)"
S1_4_0212,4호선,미아사거리,1,출입구-승강장,1,1번 출입구 옆 엘리베이터 → 미아 방면,1F → B1 → B2,6,2,0,"1번 출입구 옆 엘리베이터(으)로 1개 층 내려가기 (1F → B1, 엘리베이터) → [B1] 대합실로 이동 → [B1] 미아 방면 엘리베이터 앞 표 내는 곳 통과 → 미아 방면 엘리베이터(으)로 1개 층 내려가기 (B1 → B2, 엘리베이터) → [B2] 미아 방면 승강장으로 이동 → [B2] 승차 (휠체어칸)","1. 1번 출입구 옆 엘리베이터(으)로 1개 층 내려가기 (1F → B1, 엘리베이터) | 2. [B1] 대합실로 이동 | 3. [B1] 미아 방면 엘리베이터 앞 표 내는 곳 통과 | 4. 미아 방면 엘리베이터(으)로 1개 층 내려가기 (B1 → B2, 엘리베이터) | 5. [B2] 미아 방면 승강장으로 이동 | 6. [B2] 승차 (휠체어칸)"
S1_4_0212,4호선,미아사거리,1,출입구-승강장,2,1번 출입구 옆 엘리베이터 → 길음 방면,1F → B1 → B2,6,2,0,"1번 출입구 옆 엘리베이터(으)로 1개 층 내려가기 (1F → B1, 엘리베이터) → [B1] 대합실로 이동 → [B1] 길음 방면 엘리베이터 앞 표 내는 곳 통과 → 길음 방면 엘리베이터(으)로 1개 층 내려가기 (B1 → B2, 엘리베이터) → [B2] 길음 방면 승강장으로 이동 → [B2] 승차 (휠체어칸)","1. 1번 출입구 옆 엘리베이터(으)로 1개 층 내려가기 (1F → B1, 엘리베이터) | 2. [B1] 대합실로 이동 | 3. [B1] 길음 방면 엘리베이터 앞 표 내는 곳 통과 | 4. 길음 방면 엘리베이터(으)로 1개 층 내려가기 (B1 → B2, 엘리베이터) | 5. [B2] 길음 방면 승강장으로 이동 | 6. [B2] 승차 (휠체어칸)"
S1_4_0096,4호선,길음,1,출입구-승강장,1,4번 출입구 옆 엘리베이터 → 미아사거리 방면,1F → B1 → B2,6,2,0,"4번 출입구 옆 엘리베이터(으)로 1개 층 내려가기 (1F → B1, 엘리베이터) → [B1] 대합실로 이동 → [B1] 표 내는 곳 통과 → 승강장 방향 엘리베이터(으)로 1개 층 내려가기 (B1 → B2, 엘리베이터) → [B2] 미아사거리 방면 승강장으로 이동 → [B2] 승차 (휠체어칸)","1. 4번 출입구 옆 엘리베이터(으)로 1개 층 내려가기 (1F → B1, 엘리베이터) | 2. [B1] 대합실로 이동 | 3. [B1] 표 내는 곳 통과 | 4. 승강장 방향 엘리베이터(으)로 1개 층 내려가기 (B1 → B2, 엘리베이터) | 5. [B2] 미아사거리 방면 승강장으로 이동 | 6. [B2] 승차 (휠체어칸)"
S1_4_0096,4호선,길음,1,출입구-승강장,2,4번 출입구 옆 엘리베이터 → 성신여대입구 방면,1F → B1 → B2,6,2,0,"4번 출입구 옆 엘리베이터(으)로 1개 층 내려가기 (1F → B1, 엘리베이터) → [B1] 대합실로 이동 → [B1] 표 내는 곳 통과 → 승강장 방향 엘리베이터(으)로 1개 층 내려가기 (B1 → B2, 엘리베이터) → [B2] 성신여대입구 방면 승강장으로 이동 → [B2] 승차 (휠체어칸)","1. 4번 출입구 옆 엘리베이터(으)로 1개 층 내려가기 (1F → B1, 엘리베이터) | 2. [B1] 대합실로 이동 | 3. [B1] 표 내는 곳 통과 | 4. 승강장 방향 엘리베이터(으)로 1개 층 내려가기 (B1 → B2, 엘리베이터) | 5. [B2] 성신여대입구 방면 승강장으로 이동 | 6. [B2] 승차 (휠체어칸)"
S1_4_0096,4호선,길음,1,출입구-승강장,3,5번 출입구 옆 엘리베이터 → 미아사거리 방면,1F → B1 → B2,6,2,0,"5번 출입구 옆 엘리베이터(으)로 1개 층 내려가기 (1F → B1, 엘리베이터) → [B1] 대합실로 이동 → [B1] 표 내는 곳 통과 → 승강장 방향 엘리베이터(으)로 1개 층 내려가기 (B1 → B2, 엘리베이터) → [B2] 미아사거리 방면 승강장으로 이동 → [B2] 승차 (휠체어칸)","1. 5번 출입구 옆 엘리베이터(으)로 1개 층 내려가기 (1F → B1, 엘리베이터) | 2. [B1] 대합실로 이동 | 3. [B1] 표 내는 곳 통과 | 4. 승강장 방향 엘리베이터(으)로 1개 층 내려가기 (B1 → B2, 엘리베이터) | 5. [B2] 미아사거리 방면 승강장으로 이동 | 6. [B2] 승차 (휠체어칸)"
S1_4_0096,4호선,길음,1,출입구-승강장,4,5번 출입구 옆 엘리베이터 → 성신여대입구 방면,1F → B1 → B2,6,2,0,"5번 출입구 옆 엘리베이터(으)로 1개 층 내려가기 (1F → B1, 엘리베이터) → [B1] 대합실로 이동 → [B1] 표 내는 곳 통과 → 승강장 방향 엘리베이터(으)로 1개 층 내려가기 (B1 → B2, 엘리베이터) → [B2] 성신여대입구 방면 승강장으로 이동 → [B2] 승차 (휠체어칸)","1. 5번 출입구 옆 엘리베이터(으)로 1개 층 내려가기 (1F → B1, 엘리베이터) | 2. [B1] 대합실로 이동 | 3. [B1] 표 내는 곳 통과 | 4. 승강장 방향 엘리베이터(으)로 1개 층 내려가기 (B1 → B2, 엘리베이터) | 5. [B2] 성신여대입구 방면 승강장으로 이동 | 6. [B2] 승차 (휠체어칸)"
S1_4_0315,4호선,성신여대입구,1,출입구-승강장,1,2번 출입구 옆 엘리베이터 → 길음 방면,1F → B1 → B2,6,2,0,"2번 출입구 옆 엘리베이터(으)로 1개 층 내려가기 (1F → B1, 엘리베이터) → [B1] 대합실로 이동 → [B1] 표 내는 곳 통과 → 길음 방면 엘리베이터(으)로 1개 층 내려가기 (B1 → B2, 엘리베이터) → [B2] 길음 방면 승강장으로 이동 → [B2] 승차 (휠체어칸)","1. 2번 출입구 옆 엘리베이터(으)로 1개 층 내려가기 (1F → B1, 엘리베이터) | 2. [B1] 대합실로 이동 | 3. [B1] 표 내는 곳 통과 | 4. 길음 방면 엘리베이터(으)로 1개 층 내려가기 (B1 → B2, 엘리베이터) | 5. [B2] 길음 방면 승강장으로 이동 | 6. [B2] 승차 (휠체어칸)"
S1_4_0315,4호선,성신여대입구,1,출입구-승강장,2,2번 출입구 옆 엘리베이터 → 한성대입구 방면,1F → B1 → B2,6,2,0,"2번 출입구 옆 엘리베이터(으)로 1개 층 내려가기 (1F → B1, 엘리베이터) → [B1] 대합실로 이동 → [B1] 표 내는 곳 통과 → 한성대입구 방면 엘리베이터(으)로 1개 층 내려가기 (B1 → B2, 엘리베이터) → [B2] 한성대입구 방면 승강장으로 이동 → [B2] 승차 (휠체어칸)","1. 2번 출입구 옆 엘리베이터(으)로 1개 층 내려가기 (1F → B1, 엘리베이터) | 2. [B1] 대합실로 이동 | 3. [B1] 표 내는 곳 통과 | 4. 한성대입구 방면 엘리베이터(으)로 1개 층 내려가기 (B1 → B2, 엘리베이터) | 5. [B2] 한성대입구 방면 승강장으로 이동 | 6. [B2] 승차 (휠체어칸)"
S1_4_0315,4호선,성신여대입구,1,출입구-승강장,3,3번 출입구 옆 엘리베이터 → 길음 방면,1F → B1 → B2,6,2,0,"3번 출입구 옆 엘리베이터(으)로 1개 층 내려가기 (1F → B1, 엘리베이터) → [B1] 대합실로 이동 → [B1] 표 내는 곳 통과 → 길음 방면 엘리베이터(으)로 1개 층 내려가기 (B1 → B2, 엘리베이터) → [B2] 길음 방면 승강장으로 이동 → [B2] 승차 (휠체어칸)","1. 3번 출입구 옆 엘리베이터(으)로 1개 층 내려가기 (1F → B1, 엘리베이터) | 2. [B1] 대합실로 이동 | 3. [B1] 표 내는 곳 통과 | 4. 길음 방면 엘리베이터(으)로 1개 층 내려가기 (B1 → B2, 엘리베이터) | 5. [B2] 길음 방면 승강장으로 이동 | 6. [B2] 승차 (휠체어칸)"
S1_4_0315,4호선,성신여대입구,1,출입구-승강장,4,3번 출입구 옆 엘리베이터 → 한성대입구 방면,1F → B1 → B2,6,2,0,"3번 출입구 옆 엘리베이터(으)로 1개 층 내려가기 (1F → B1, 엘리베이터) → [B1] 대합실로 이동 → [B1] 표 내는 곳 통과 → 한성대입구 방면 엘리베이터(으)로 1개 층 내려가기 (B1 → B2, 엘리베이터) → [B2] 한성대입구 방면 승강장으로 이동 → [B2] 승차 (휠체어칸)","1. 3번 출입구 옆 엘리베이터(으)로 1개 층 내려가기 (1F → B1, 엘리베이터) | 2. [B1] 대합실로 이동 | 3. [B1] 표 내는 곳 통과 | 4. 한성대입구 방면 엘리베이터(으)로 1개 층 내려가기 (B1 → B2, 엘리베이터) | 5. [B2] 한성대입구 방면 승강장으로 이동 | 6. [B2] 승차 (휠체어칸)"
S1_4_0315,4호선,성신여대입구,3,환승,1,4호선 길음 방면 → 우이신설선 정릉 방면,B2 → B4,5,1,0,"[B2] 4호선 길음 방면 승강장 하차 → [B2] 우이신설선 대합실로 이동 → 우이신설선 정릉 방면 엘리베이터(으)로 2개 층 내려가기 (B2 → B4, 엘리베이터) → [B4] 우이신설선 정릉 방면 승강장으로 이동 → [B4] 승차 (휠체어칸)","1. [B2] 4호선 길음 방면 승강장 하차 | 2. [B2] 우이신설선 대합실로 이동 | 3. 우이신설선 정릉 방면 엘리베이터(으)로 2개 층 내려가기 (B2 → B4, 엘리베이터) | 4. [B4] 우이신설선 정릉 방면 승강장으로 이동 | 5. [B4] 승차 (휠체어칸)"
S1_4_0315,4호선,성신여대입구,3,환승,2,4호선 길음 방면 → 우이신설선 보문 방면,B2 → B4,5,1,0,"[B2] 4호선 길음 방면 승강장 하차 → [B2] 우이신설선 대합실로 이동 → 우이신설선 보문 방면 엘리베이터(으)로 2개 층 내려가기 (B2 → B4, 엘리베이터) → [B4] 우이신설선 보문 방면 승강장으로 이동 → [B4] 승차 (휠체어칸)","1. [B2] 4호선 길음 방면 승강장 하차 | 2. [B2] 우이신설선 대합실로 이동 | 3. 우이신설선 보문 방면 엘리베이터(으)로 2개 층 내려가기 (B2 → B4, 엘리베이터) | 4. [B4] 우이신설선 보문 방면 승강장으로 이동 | 5. [B4] 승차 (휠체어칸)"
S1_4_0315,4호선,성신여대입구,3,환승,3,4호선 한성대입구 방면 → 우이신설선 정릉 방면,B2 → B4 → B2 → B4,10,3,0,"[B2] 4호선 한성대입구 방면 승강장 하차 → [B2] 환승통로로 이동 → 우이신설선 방향 환승 엘리베이터(으)로 2개 층 내려가기 (B2 → B4, 엘리베이터) → [B4] 환승통로로 이동 → [B4] 우이신설선 보문 방면 승강장으로 이동 → 대합실 방향 엘리베이터(으)로 2개 층 올라가기 (B4 → B2, 엘리베이터) → [B2] 대합실로 이동 → 우이신설선 정릉 방면 엘리베이터(으)로 2개 층 내려가기 (B2 → B4, 엘리베이터) → [B4] 우이신설선 정릉 방면 승강장으로 이동 → [B4] 승차 (휠체어칸)","1. [B2] 4호선 한성대입구 방면 승강장 하차 | 2. [B2] 환승통로로 이동 | 3. 우이신설선 방향 환승 엘리베이터(으)로 2개 층 내려가기 (B2 → B4, 엘리베이터) | 4. [B4] 환승통로로 이동 | 5. [B4] 우이신설선 보문 방면 승강장으로 이동 | 6. 대합실 방향 엘리베이터(으)로 2개 층 올라가기 (B4 → B2, 엘리베이터) | 7. [B2] 대합실로 이동 | 8. 우이신설선 정릉 방면 엘리베이터(으)로 2개 층 내려가기 (B2 → B4, 엘리베이터) | 9. [B4] 우이신설선 정릉 방면 승강장으로 이동 | 10. [B4] 승차 (휠체어칸)"
S1_4_0315,4호선,성신여대입구,3,환승,4,4호선 한성대입구 방면 → 우이신설선 보문 방면,B2 → B4,6,1,0,"[B2] 4호선 한성대입구 방면 승강장 하차 → [B2] 환승통로로 이동 → 우이신설선 방향 환승 엘리베이터(으)로 2개 층 내려가기 (B2 → B4, 엘리베이터) → [B4] 환승통로로 이동 → [B4] 우이신설선 보문 방면 승강장으로 이동 → [B4] 승차 (휠체어칸)","1. [B2] 4호선 한성대입구 방면 승강장 하차 | 2. [B2] 환승통로로 이동 | 3. 우이신설선 방향 환승 엘리베이터(으)로 2개 층 내려가기 (B2 → B4, 엘리베이터) | 4. [B4] 환승통로로 이동 | 5. [B4] 우이신설선 보문 방면 승강장으로 이동 | 6. [B4] 승차 (휠체어칸)"
S1_4_0587,4호선,한성대입구,1,출입구-승강장,1,3번/4번 출입구 사이 엘리베이터 → 성신여대입구 방면,1F → B1 → B2,6,2,0,"3번/4번 출입구 사이 엘리베이터(으)로 1개 층 내려가기 (1F → B1, 엘리베이터) → [B1] 대합실로 이동 → [B1] 표 내는 곳 통과 → 승강장 방향 엘리베이터(으)로 1개 층 내려가기 (B1 → B2, 엘리베이터) → [B2] 성신여대입구 방면 승강장으로 이동 → [B2] 승차 (휠체어칸)","1. 3번/4번 출입구 사이 엘리베이터(으)로 1개 층 내려가기 (1F → B1, 엘리베이터) | 2. [B1] 대합실로 이동 | 3. [B1] 표 내는 곳 통과 | 4. 승강장 방향 엘리베이터(으)로 1개 층 내려가기 (B1 → B2, 엘리베이터) | 5. [B2] 성신여대입구 방면 승강장으로 이동 | 6. [B2] 승차 (휠체어칸)"
S1_4_0587,4호선,한성대입구,1,출입구-승강장,2,3번/4번 출입구 사이 엘리베이터 → 혜화 방면,1F → B1 → B2,6,2,0,"3번/4번 출입구 사이 엘리베이터(으)로 1개 층 내려가기 (1F → B1, 엘리베이터) → [B1] 대합실로 이동 → [B1] 표 내는 곳 통과 → 승강장 방향 엘리베이터(으)로 1개 층 내려가기 (B1 → B2, 엘리베이터) → [B2] 혜화 방면 승강장으로 이동 → [B2] 승차 (휠체어칸)","1. 3번/4번 출입구 사이 엘리베이터(으)로 1개 층 내려가기 (1F → B1, 엘리베이터) | 2. [B1] 대합실로 이동 | 3. [B1] 표 내는 곳 통과 | 4. 승강장 방향 엘리베이터(으)로 1개 층 내려가기 (B1 → B2, 엘리베이터) | 5. [B2] 혜화 방면 승강장으로 이동 | 6. [B2] 승차 (휠체어칸)"
S1_4_0587,4호선,한성대입구,1,출입구-승강장,3,5번 출입구 옆 엘리베이터 → 성신여대입구 방면,1F → B1 → B2,6,2,0,"5번 출입구 옆 엘리베이터(으)로 1개 층 내려가기 (1F → B1, 엘리베이터) → [B1] 대합실로 이동 → [B1] 표 내는 곳 통과 → 승강장 방향 엘리베이터(으)로 1개 층 내려가기 (B1 → B2, 엘리베이터) → [B2] 성신여대입구 방면 승강장으로 이동 → [B2] 승차 (휠체어칸)","1. 5번 출입구 옆 엘리베이터(으)로 1개 층 내려가기 (1F → B1, 엘리베이터) | 2. [B1] 대합실로 이동 | 3. [B1] 표 내는 곳 통과 | 4. 승강장 방향 엘리베이터(으)로 1개 층 내려가기 (B1 → B2, 엘리베이터) | 5. [B2] 성신여대입구 방면 승강장으로 이동 | 6. [B2] 승차 (휠체어칸)"
S1_4_0587,4호선,한성대입구,1,출입구-승강장,4,5번 출입구 옆 엘리베이터 → 혜화 방면,1F → B1 → B2,6,2,0,"5번 출입구 사이 엘리베이터(으)로 1개 층 내려가기 (1F → B1, 엘리베이터) → [B1] 대합실로 이동 → [B1] 표 내는 곳 통과 → 승강장 방향 엘리베이터(으)로 1개 층 내려가기 (B1 → B2, 엘리베이터) → [B2] 혜화 방면 승강장으로 이동 → [B2] 승차 (휠체어칸)","1. 5번 출입구 사이 엘리베이터(으)로 1개 층 내려가기 (1F → B1, 엘리베이터) | 2. [B1] 대합실로 이동 | 3. [B1] 표 내는 곳 통과 | 4. 승강장 방향 엘리베이터(으)로 1개 층 내려가기 (B1 → B2, 엘리베이터) | 5. [B2] 혜화 방면 승강장으로 이동 | 6. [B2] 승차 (휠체어칸)"
S1_4_0594,4호선,혜화,1,출입구-승강장,1,2번 출입구 옆 엘리베이터 → 한성대입구 방면,1F → B1 → B2,6,2,0,"2번 출입구 옆 엘리베이터(으)로 1개 층 내려가기 (1F → B1, 엘리베이터) → [B1] 대합실로 이동 → [B1] 한성대입구 방면 엘리베이터 앞 표 내는 곳 통과 → 한성대입구 방면 엘리베이터(으)로 1개 층 내려가기 (B1 → B2, 엘리베이터) → [B2] 한성대입구 방면 승강장으로 이동 → [B2] 승차 (휠체어칸)","1. 2번 출입구 옆 엘리베이터(으)로 1개 층 내려가기 (1F → B1, 엘리베이터) | 2. [B1] 대합실로 이동 | 3. [B1] 한성대입구 방면 엘리베이터 앞 표 내는 곳 통과 | 4. 한성대입구 방면 엘리베이터(으)로 1개 층 내려가기 (B1 → B2, 엘리베이터) | 5. [B2] 한성대입구 방면 승강장으로 이동 | 6. [B2] 승차 (휠체어칸)"
S1_4_0594,4호선,혜화,1,출입구-승강장,2,2번 출입구 옆 엘리베이터 → 동대문 방면,1F → B1 → B2,6,2,0,"2번 출입구 옆 엘리베이터(으)로 1개 층 내려가기 (1F → B1, 엘리베이터) → [B1] 대합실로 이동 → [B1] 동대문 방면 엘리베이터 앞 표 내는 곳 통과 → 동대문 방면 엘리베이터(으)로 1개 층 내려가기 (B1 → B2, 엘리베이터) → [B2] 동대문 방면 승강장으로 이동 → [B2] 승차 (휠체어칸)","1. 2번 출입구 옆 엘리베이터(으)로 1개 층 내려가기 (1F → B1, 엘리베이터) | 2. [B1] 대합실로 이동 | 3. [B1] 동대문 방면 엘리베이터 앞 표 내는 곳 통과 | 4. 동대문 방면 엘리베이터(으)로 1개 층 내려가기 (B1 → B2, 엘리베이터) | 5. [B2] 동대문 방면 승강장으로 이동 | 6. [B2] 승차 (휠체어칸)"
S1_4_0594,4호선,혜화,1,출입구-승강장,3,3번 출입구 옆 엘리베이터 → 한성대입구 방면,1F → B1 → B2,6,2,0,"3번 출입구 옆 엘리베이터(으)로 1개 층 내려가기 (1F → B1, 엘리베이터) → [B1] 대합실로 이동 → [B1] 한성대입구 방면 엘리베이터 앞 표 내는 곳 통과 → 한성대입구 방면 엘리베이터(으)로 1개 층 내려가기 (B1 → B2, 엘리베이터) → [B2] 한성대입구 방면 승강장으로 이동 → [B2] 승차 (휠체어칸)","1. 3번 출입구 옆 엘리베이터(으)로 1개 층 내려가기 (1F → B1, 엘리베이터) | 2. [B1] 대합실로 이동 | 3. [B1] 한성대입구 방면 엘리베이터 앞 표 내는 곳 통과 | 4. 한성대입구 방면 엘리베이터(으)로 1개 층 내려가기 (B1 → B2, 엘리베이터) | 5. [B2] 한성대입구 방면 승강장으로 이동 | 6. [B2] 승차 (휠체어칸)"
S1_4_0594,4호선,혜화,1,출입구-승강장,4,3번 출입구 옆 엘리베이터 → 동대문 방면,1F → B1 → B2,6,2,0,"3번 출입구 옆 엘리베이터(으)로 1개 층 내려가기 (1F → B1, 엘리베이터) → [B1] 대합실로 이동 → [B1] 동대문 방면 엘리베이터 앞 표 내는 곳 통과 → 동대문 방면 엘리베이터(으)로 1개 층 내려가기 (B1 → B2, 엘리베이터) → [B2] 동대문 방면 승강장으로 이동 → [B2] 승차 (휠체어칸)","1. 3번 출입구 옆 엘리베이터(으)로 1개 층 내려가기 (1F → B1, 엘리베이터) | 2. [B1] 대합실로 이동 | 3. [B1] 동대문 방면 엘리베이터 앞 표 내는 곳 통과 | 4. 동대문 방면 엘리베이터(으)로 1개 층 내려가기 (B1 → B2, 엘리베이터) | 5. [B2] 동대문 방면 승강장으로 이동 | 6. [B2] 승차 (휠체어칸)"
S1_4_0155,4호선,동대문,1,출입구-승강장,1,9번 출입구 근처 엘리베이터 → 4호선 동대문역사문화공원 방면,B1 → B4,2,1,0,"고객안전실 앞 게이트(8번출구 방향) 통과 후, 엘리베이터를(으)로 3개 층 내려가기 (B1 → B4, 엘리베이터) → [B4] 지하4층에서 하차하여  동대문역사문화공원 방면 승강장 이동","1. 고객안전실 앞 게이트(8번출구 방향) 통과 후, 엘리베이터를(으)로 3개 층 내려가기 (B1 → B4, 엘리베이터) | 2. [B4] 지하4층에서 하차하여  동대문역사문화공원 방면 승강장 이동"
S1_4_0155,4호선,동대문,1,출입구-승강장,2,9번 출입구 근처 엘리베이터 → 4호선 혜화 방면,B1 → B4,2,1,0,"고객안전실 앞 게이트(8번출구 방향) 통과 후, 엘리베이터를(으)로 3개 층 내려가기 (B1 → B4, 엘리베이터) → [B4] 지하4층에서 하차하여 혜화 방면 승강장 이동","1. 고객안전실 앞 게이트(8번출구 방향) 통과 후, 엘리베이터를(으)로 3개 층 내려가기 (B1 → B4, 엘리베이터) | 2. [B4] 지하4층에서 하차하여 혜화 방면 승강장 이동"
S1_4_0155,4호선,동대문,3,환승,1,4호선 혜화 방면 → 1호선 동묘앞 방면,B4 → B1 → B2,7,2,0,"[B4] 혜화 방면 승강장 하차 → 대합실 방향 엘리베이터(으)로 3개 층 올라가기 (B4 → B1, 엘리베이터) → [B1] 대합실로 이동 → [B1] 1호선 방향 환승통로로 이동 → 동묘앞 방면 엘리베이터(으)로 1개 층 내려가기 (B1 → B2, 엘리베이터) → [B2] 동묘앞 방면 승강장으로 이동 → [B2] 승차 (1-4, 4-1 휠체어칸)","1. [B4] 혜화 방면 승강장 하차 | 2. 대합실 방향 엘리베이터(으)로 3개 층 올라가기 (B4 → B1, 엘리베이터) | 3. [B1] 대합실로 이동 | 4. [B1] 1호선 방향 환승통로로 이동 | 5. 동묘앞 방면 엘리베이터(으)로 1개 층 내려가기 (B1 → B2, 엘리베이터) | 6. [B2] 동묘앞 방면 승강장으로 이동 | 7. [B2] 승차 (1-4, 4-1 휠체어칸)"
S1_4_0155,4호선,동대문,3,환승,2,4호선 혜화 방면 → 1호선 종로5가 방면,B4 → B1 → B2,7,2,0,"[B4] 혜화 방면 승강장 하차 → 대합실 방향 엘리베이터(으)로 3개 층 올라가기 (B4 → B1, 엘리베이터) → [B1] 대합실로 이동 → [B1] 1호선 방향 환승통로로 이동 → 종로5가 방면 엘리베이터(으)로 1개 층 내려가기 (B1 → B2, 엘리베이터) → [B2] 종로5가 방면 승강장으로 이동 → [B2] 승차 (1-4, 4-1 휠체어칸)","1. [B4] 혜화 방면 승강장 하차 | 2. 대합실 방향 엘리베이터(으)로 3개 층 올라가기 (B4 → B1, 엘리베이터) | 3. [B1] 대합실로 이동 | 4. [B1] 1호선 방향 환승통로로 이동 | 5. 종로5가 방면 엘리베이터(으)로 1개 층 내려가기 (B1 → B2, 엘리베이터) | 6. [B2] 종로5가 방면 승강장으로 이동 | 7. [B2] 승차 (1-4, 4-1 휠체어칸)"
S1_4_0155,4호선,동대문,3,환승,3,4호선 동대문역사문화공원 방면 → 1호선 동묘앞 방면,B4 → B1 → B2,7,2,0,"[B4] 동대문역사문화공원 방면 승강장 하차 → 대합실 방향 엘리베이터(으)로 3개 층 올라가기 (B4 → B1, 엘리베이터) → [B1] 대합실로 이동 → [B1] 1호선 방향 환승통로로 이동 → 동묘앞 방면 엘리베이터(으)로 1개 층 내려가기 (B1 → B2, 엘리베이터) → [B2] 동묘앞 방면 승강장으로 이동 → [B2] 승차 (1-4, 4-1 휠체어칸)","1. [B4] 동대문역사문화공원 방면 승강장 하차 | 2. 대합실 방향 엘리베이터(으)로 3개 층 올라가기 (B4 → B1, 엘리베이터) | 3. [B1] 대합실로 이동 | 4. [B1] 1호선 방향 환승통로로 이동 | 5. 동묘앞 방면 엘리베이터(으)로 1개 층 내려가기 (B1 → B2, 엘리베이터) | 6. [B2] 동묘앞 방면 승강장으로 이동 | 7. [B2] 승차 (1-4, 4-1 휠체어칸)"
S1_4_0155,4호선,동대문,3,환승,4,4호선 동대문역사문화공원 방면 → 1호선 종로5가 방면,B4 → B1 → B2,7,2,0,"[B4] 동대문역사문화공원 방면 승강장 하차 → 대합실 방향 엘리베이터(으)로 3개 층 올라가기 (B4 → B1, 엘리베이터) → [B1] 대합실로 이동 → [B1] 1호선 방향 환승통로로 이동 → 종로5가 방면 엘리베이터(으)로 1개 층 내려가기 (B1 → B2, 엘리베이터) → [B2] 종로5가 방면 승강장으로 이동 → [B2] 승차 (1-4, 4-1 휠체어칸)","1. [B4] 동대문역사문화공원 방면 승강장 하차 | 2. 대합실 방향 엘리베이터(으)로 3개 층 올라가기 (B4 → B1, 엘리베이터) | 3. [B1] 대합실로 이동 | 4. [B1] 1호선 방향 환승통로로 이동 | 5. 종로5가 방면 엘리베이터(으)로 1개 층 내려가기 (B1 → B2, 엘리베이터) | 6. [B2] 종로5가 방면 승강장으로 이동 | 7. [B2] 승차 (1-4, 4-1 휠체어칸)"
S1_4_0156,4호선,동대문역사문화공원,1,출입구-승강장,1,1번 출입구 옆 엘리베이터 → 동대문 방면,1F → B1 → B3,6,2,0,"1번 출입구 옆 지상 1층 엘리베이터(으)로 1개 층 내려가기 (1F → B1, 엘리베이터) → [B1] 지하1층 엘리베이터 하차 → [B1] 지하1층 9번,10번 출구 옆 표내는곳 통과 후 좌측 20M이동 → 지하1층 엘리베이터(으)로 2개 층 내려가기 (B1 → B3, 엘리베이터) → [B3] 지하3층 승강장 엘리베이터 하차 → [B3] 동대문방면 승강장 이동","1. 1번 출입구 옆 지상 1층 엘리베이터(으)로 1개 층 내려가기 (1F → B1, 엘리베이터) | 2. [B1] 지하1층 엘리베이터 하차 | 3. [B1] 지하1층 9번,10번 출구 옆 표내는곳 통과 후 좌측 20M이동 | 4. 지하1층 엘리베이터(으)로 2개 층 내려가기 (B1 → B3, 엘리베이터) | 5. [B3] 지하3층 승강장 엘리베이터 하차 | 6. [B3] 동대문방면 승강장 이동"
S1_4_0156,4호선,동대문역사문화공원,1,출입구-승강장,2,1번 출입구 옆 엘리베이터 → 충무로 방면,1F → B1 → B3,6,2,0,"1번 출입구 옆 지상 1층 엘리베이터(으)로 1개 층 내려가기 (1F → B1, 엘리베이터) → [B1] 지하1층 엘리베이터 하차 → [B1] 지하1층 9번,10번 출구 옆 표내는곳 통과 후 좌측 20M이동 → 지하1층 엘리베이터(으)로 2개 층 내려가기 (B1 → B3, 엘리베이터) → [B3] 지하3층 승강장 엘리베이터 하차 → [B3] 충무로방면 승강장 이동","1. 1번 출입구 옆 지상 1층 엘리베이터(으)로 1개 층 내려가기 (1F → B1, 엘리베이터) | 2. [B1] 지하1층 엘리베이터 하차 | 3. [B1] 지하1층 9번,10번 출구 옆 표내는곳 통과 후 좌측 20M이동 | 4. 지하1층 엘리베이터(으)로 2개 층 내려가기 (B1 → B3, 엘리베이터) | 5. [B3] 지하3층 승강장 엘리베이터 하차 | 6. [B3] 충무로방면 승강장 이동"
S1_4_0156,4호선,동대문역사문화공원,1,출입구-승강장,3,4번출구 옆 외부엘리베이터  → 동대문 방면,1F → B1 → B3,6,2,0,"4번 출입구 옆 지상1층 엘리베이터(으)로 1개 층 내려가기 (1F → B1, 엘리베이터) → [B1] 지하1층 엘리베이터 하차 → [B1] 지하1층 9번,10번 출구 옆 표내는곳 통과 후 좌측 20M이동 → 지하1층 엘리베이터(으)로 2개 층 내려가기 (B1 → B3, 엘리베이터) → [B3] 지하3층 승강장 엘리베이터 하차 → [B3] 동대문방면 승강장 이동","1. 4번 출입구 옆 지상1층 엘리베이터(으)로 1개 층 내려가기 (1F → B1, 엘리베이터) | 2. [B1] 지하1층 엘리베이터 하차 | 3. [B1] 지하1층 9번,10번 출구 옆 표내는곳 통과 후 좌측 20M이동 | 4. 지하1층 엘리베이터(으)로 2개 층 내려가기 (B1 → B3, 엘리베이터) | 5. [B3] 지하3층 승강장 엘리베이터 하차 | 6. [B3] 동대문방면 승강장 이동"
S1_4_0156,4호선,동대문역사문화공원,1,출입구-승강장,4,4번출구 옆 외부엘리베이터  → 충무로 방면,1F → B1 → B3,6,2,0,"4번 출입구 옆 지상1층 엘리베이터(으)로 1개 층 내려가기 (1F → B1, 엘리베이터) → [B1] 지하1층 엘리베이터 하차 → [B1] 지하1층 9번,10번 출구 옆 표내는곳 통과 후 좌측 20M이동 → 지하1층 엘리베이터(으)로 2개 층 내려가기 (B1 → B3, 엘리베이터) → [B3] 지하3층 승강장 엘리베이터 하차 → [B3] 충무로방면 승강장 이동","1. 4번 출입구 옆 지상1층 엘리베이터(으)로 1개 층 내려가기 (1F → B1, 엘리베이터) | 2. [B1] 지하1층 엘리베이터 하차 | 3. [B1] 지하1층 9번,10번 출구 옆 표내는곳 통과 후 좌측 20M이동 | 4. 지하1층 엘리베이터(으)로 2개 층 내려가기 (B1 → B3, 엘리베이터) | 5. [B3] 지하3층 승강장 엘리베이터 하차 | 6. [B3] 충무로방면 승강장 이동"
S1_4_0156,4호선,동대문역사문화공원,3,환승,1,4호선 동대문 방면 → 2호선 을지로4가 방면,B3 → B1 → B2,7,2,0,"[B3] 4호선 동대문 방면 승강장 하차 → 대합실 방향 엘리베이터(으)로 2개 층 올라가기 (B3 → B1, 엘리베이터) → [B1] 대합실로 이동 → [B1] 2호선 대합실로 이동 → 2호선 을지로4가 방면 엘리베이터(으)로 1개 층 내려가기 (B1 → B2, 엘리베이터) → [B2] 2호선 을지로4가 방면 승강장으로 이동 → [B2] 승차 (휠체어칸)","1. [B3] 4호선 동대문 방면 승강장 하차 | 2. 대합실 방향 엘리베이터(으)로 2개 층 올라가기 (B3 → B1, 엘리베이터) | 3. [B1] 대합실로 이동 | 4. [B1] 2호선 대합실로 이동 | 5. 2호선 을지로4가 방면 엘리베이터(으)로 1개 층 내려가기 (B1 → B2, 엘리베이터) | 6. [B2] 2호선 을지로4가 방면 승강장으로 이동 | 7. [B2] 승차 (휠체어칸)"
S1_4_0156,4호선,동대문역사문화공원,3,환승,2,4호선 동대문 방면 → 2호선 신당 방면,B3 → B1 → B2,7,2,0,"[B3] 4호선 동대문 방면 승강장 하차 → 대합실 방향 엘리베이터(으)로 2개 층 올라가기 (B3 → B1, 엘리베이터) → [B1] 대합실로 이동 → [B1] 2호선 대합실로 이동 → 2호선 신당 방면 엘리베이터(으)로 1개 층 내려가기 (B1 → B2, 엘리베이터) → [B2] 2호선 신당 방면 승강장으로 이동 → [B2] 승차 (휠체어칸)","1. [B3] 4호선 동대문 방면 승강장 하차 | 2. 대합실 방향 엘리베이터(으)로 2개 층 올라가기 (B3 → B1, 엘리베이터) | 3. [B1] 대합실로 이동 | 4. [B1] 2호선 대합실로 이동 | 5. 2호선 신당 방면 엘리베이터(으)로 1개 층 내려가기 (B1 → B2, 엘리베이터) | 6. [B2] 2호선 신당 방면 승강장으로 이동 | 7. [B2] 승차 (휠체어칸)"
S1_4_0156,4호선,동대문역사문화공원,3,환승,3,4호선 충무로 방면 → 2호선 을지로4가 방면,B3 → B1 → B2,7,2,0,"[B3] 4호선 충무로 방면 승강장 하차 → 대합실 방향 엘리베이터(으)로 2개 층 올라가기 (B3 → B1, 엘리베이터) → [B1] 대합실로 이동 → [B1] 2호선 대합실로 이동 → 2호선 을지로4가 방면 엘리베이터(으)로 1개 층 내려가기 (B1 → B2, 엘리베이터) → [B2] 2호선 을지로4가 방면 승강장으로 이동 → [B2] 승차 (휠체어칸)","1. [B3] 4호선 충무로 방면 승강장 하차 | 2. 대합실 방향 엘리베이터(으)로 2개 층 올라가기 (B3 → B1, 엘리베이터) | 3. [B1] 대합실로 이동 | 4. [B1] 2호선 대합실로 이동 | 5. 2호선 을지로4가 방면 엘리베이터(으)로 1개 층 내려가기 (B1 → B2, 엘리베이터) | 6. [B2] 2호선 을지로4가 방면 승강장으로 이동 | 7. [B2] 승차 (휠체어칸)"
S1_4_0156,4호선,동대문역사문화공원,3,환승,4,4호선 충무로 방면 → 2호선 신당 방면,B3 → B1 → B2,7,2,0,"[B3] 4호선 충무로 방면 승강장 하차 → 대합실 방향 엘리베이터(으)로 2개 층 올라가기 (B3 → B1, 엘리베이터) → [B1] 대합실로 이동 → [B1] 2호선 대합실로 이동 → 2호선 신당 방면 엘리베이터(으)로 1개 층 내려가기 (B1 → B2, 엘리베이터) → [B2] 2호선 신당 방면 승강장으로 이동 → [B2] 승차 (휠체어칸)","1. [B3] 4호선 충무로 방면 승강장 하차 | 2. 대합실 방향 엘리베이터(으)로 2개 층 올라가기 (B3 → B1, 엘리베이터) | 3. [B1] 대합실로 이동 | 4. [B1] 2호선 대합실로 이동 | 5. 2호선 신당 방면 엘리베이터(으)로 1개 층 내려가기 (B1 → B2, 엘리베이터) | 6. [B2] 2호선 신당 방면 승강장으로 이동 | 7. [B2] 승차 (휠체어칸)"
S1_4_0156,4호선,동대문역사문화공원,3,환승,5,4호선 동대문 방면 → 5호선 을지로4가 방면,B3 → B5,4,1,0,"[B3] 4호선 동대문 방면 승강장 하차 → 5호선 방향 환승 엘리베이터(으)로 2개 층 내려가기 (B3 → B5, 엘리베이터) → [B5] 5호선 을지로4가 방면 승강장으로 이동 → [B5] 승차 (휠체어칸)","1. [B3] 4호선 동대문 방면 승강장 하차 | 2. 5호선 방향 환승 엘리베이터(으)로 2개 층 내려가기 (B3 → B5, 엘리베이터) | 3. [B5] 5호선 을지로4가 방면 승강장으로 이동 | 4. [B5] 승차 (휠체어칸)"
S1_4_0156,4호선,동대문역사문화공원,3,환승,6,4호선 동대문 방면 → 5호선 청구 방면,B3 → B5,4,1,0,"[B3] 4호선 동대문 방면 승강장 하차 → 5호선 방향 환승 엘리베이터(으)로 2개 층 내려가기 (B3 → B5, 엘리베이터) → [B5] 5호선 청구 방면 승강장으로 이동 → [B5] 승차 (휠체어칸)","1. [B3] 4호선 동대문 방면 승강장 하차 | 2. 5호선 방향 환승 엘리베이터(으)로 2개 층 내려가기 (B3 → B5, 엘리베이터) | 3. [B5] 5호선 청구 방면 승강장으로 이동 | 4. [B5] 승차 (휠체어칸)"
S1_4_0156,4호선,동대문역사문화공원,3,환승,7,4호선 충무로 방면 → 5호선 을지로4가 방면,B3 → B5,4,1,0,"[B3] 4호선 충무로 방면 승강장 하차 → 5호선 방향 환승 엘리베이터(으)로 2개 층 내려가기 (B3 → B5, 엘리베이터) → [B5] 5호선 을지로4가 방면 승강장으로 이동 → [B5] 승차 (휠체어칸)","1. [B3] 4호선 충무로 방면 승강장 하차 | 2. 5호선 방향 환승 엘리베이터(으)로 2개 층 내려가기 (B3 → B5, 엘리베이터) | 3. [B5] 5호선 을지로4가 방면 승강장으로 이동 | 4. [B5] 승차 (휠체어칸)"
S1_4_0156,4호선,동대문역사문화공원,3,환승,8,4호선 충무로 방면 → 5호선 청구 방면,B3 → B5,4,1,0,"[B3] 4호선 충무로 방면 승강장 하차 → 5호선 방향 환승 엘리베이터(으)로 2개 층 내려가기 (B3 → B5, 엘리베이터) → [B5] 5호선 청구 방면 승강장으로 이동 → [B5] 승차 (휠체어칸)","1. [B3] 4호선 충무로 방면 승강장 하차 | 2. 5호선 방향 환승 엘리베이터(으)로 2개 층 내려가기 (B3 → B5, 엘리베이터) | 3. [B5] 5호선 청구 방면 승강장으로 이동 | 4. [B5] 승차 (휠체어칸)"
S1_4_0563,4호선,충무로,1,출입구-승강장,1,7번 출입구 옆 엘리베이터 → 동대문역사문화공원 방면,1F → B1 → B3,6,2,0,"7번 출입구 옆 엘리베이터(으)로 1개 층 내려가기 (1F → B1, 엘리베이터) → [B1] 대합실로 이동 → [B1] 표 내는 곳 통과 → 동대문역사문화공원 방면 엘리베이터(으)로 2개 층 내려가기 (B1 → B3, 엘리베이터) → [B3] 동대문역사문화공원 방면 승강장으로 이동 → [B3] 승차 (휠체어칸)","1. 7번 출입구 옆 엘리베이터(으)로 1개 층 내려가기 (1F → B1, 엘리베이터) | 2. [B1] 대합실로 이동 | 3. [B1] 표 내는 곳 통과 | 4. 동대문역사문화공원 방면 엘리베이터(으)로 2개 층 내려가기 (B1 → B3, 엘리베이터) | 5. [B3] 동대문역사문화공원 방면 승강장으로 이동 | 6. [B3] 승차 (휠체어칸)"
S1_4_0563,4호선,충무로,1,출입구-승강장,2,7번 출입구 옆 엘리베이터 → 명동 방면,1F → B1 → B3,6,2,0,"7번 출입구 옆 엘리베이터(으)로 1개 층 내려가기 (1F → B1, 엘리베이터) → [B1] 대합실로 이동 → [B1] 표 내는 곳 통과 → 명동 방면 엘리베이터(으)로 2개 층 내려가기 (B1 → B3, 엘리베이터) → [B3] 명동 방면 승강장으로 이동 → [B3] 승차 (휠체어칸)","1. 7번 출입구 옆 엘리베이터(으)로 1개 층 내려가기 (1F → B1, 엘리베이터) | 2. [B1] 대합실로 이동 | 3. [B1] 표 내는 곳 통과 | 4. 명동 방면 엘리베이터(으)로 2개 층 내려가기 (B1 → B3, 엘리베이터) | 5. [B3] 명동 방면 승강장으로 이동 | 6. [B3] 승차 (휠체어칸)"
S1_4_0563,4호선,충무로,3,환승,1,4호선 동대문역사문화공원 방면 → 3호선 을지로3가 방면,B3 → B2 → B4,6,2,0,"[B3] 4호선 동대문역사문화공원 방면 승강장 하차 → 대합실 방향 엘리베이터(으)로 1개 층 올라가기 (B3 → B2, 엘리베이터) → [B2] 대합실로 이동 → 3호선 승강장 방향 엘리베이터(으)로 2개 층 내려가기 (B2 → B4, 엘리베이터) → [B4] 3호선 을지로3가 방면 승강장으로 이동 → [B4] 승차 (휠체어칸)","1. [B3] 4호선 동대문역사문화공원 방면 승강장 하차 | 2. 대합실 방향 엘리베이터(으)로 1개 층 올라가기 (B3 → B2, 엘리베이터) | 3. [B2] 대합실로 이동 | 4. 3호선 승강장 방향 엘리베이터(으)로 2개 층 내려가기 (B2 → B4, 엘리베이터) | 5. [B4] 3호선 을지로3가 방면 승강장으로 이동 | 6. [B4] 승차 (휠체어칸)"
S1_4_0563,4호선,충무로,3,환승,2,4호선 동대문역사문화공원 방면 → 3호선 동대입구 방면,B3 → B2 → B4,6,2,0,"[B3] 4호선 동대문역사문화공원 방면 승강장 하차 → 대합실 방향 엘리베이터(으)로 1개 층 올라가기 (B3 → B2, 엘리베이터) → [B2] 대합실로 이동 → 3호선 승강장 방향 엘리베이터(으)로 2개 층 내려가기 (B2 → B4, 엘리베이터) → [B4] 3호선 동대입구 방면 승강장으로 이동 → [B4] 승차 (휠체어칸)","1. [B3] 4호선 동대문역사문화공원 방면 승강장 하차 | 2. 대합실 방향 엘리베이터(으)로 1개 층 올라가기 (B3 → B2, 엘리베이터) | 3. [B2] 대합실로 이동 | 4. 3호선 승강장 방향 엘리베이터(으)로 2개 층 내려가기 (B2 → B4, 엘리베이터) | 5. [B4] 3호선 동대입구 방면 승강장으로 이동 | 6. [B4] 승차 (휠체어칸)"
S1_4_0563,4호선,충무로,3,환승,3,4호선 명동 방면 → 3호선 을지로 3가 방면,B3 → B4,4,1,0,"[B3] 4호선 명동 방면 승강장 하차 → 4호선 명동역 방면 승강장 7-2 출입문 앞 엘리베이터(으)로 1개 층 내려가기 (B3 → B4, 엘리베이터) → [B4] 3호선 을지로3가 방면 승강장으로 이동 → [B4] 승차 (휠체어칸)","1. [B3] 4호선 명동 방면 승강장 하차 | 2. 4호선 명동역 방면 승강장 7-2 출입문 앞 엘리베이터(으)로 1개 층 내려가기 (B3 → B4, 엘리베이터) | 3. [B4] 3호선 을지로3가 방면 승강장으로 이동 | 4. [B4] 승차 (휠체어칸)"
S1_4_0563,4호선,충무로,3,환승,4,4호선 명동 방면 → 3호선 동대입구 방면,B3 → B4,4,1,0,"[B3] 4호선 명동 방면 승강장 하차 → 4호선 명동역 방면 승강장 7-2 출입문 앞 엘리베이터(으)로 1개 층 내려가기 (B3 → B4, 엘리베이터) → [B4] 3호선 동대입구 방면 승강장으로 이동 → [B4] 승차 (휠체어칸)","1. [B3] 4호선 명동 방면 승강장 하차 | 2. 4호선 명동역 방면 승강장 7-2 출입문 앞 엘리베이터(으)로 1개 층 내려가기 (B3 → B4, 엘리베이터) | 3. [B4] 3호선 동대입구 방면 승강장으로 이동 | 4. [B4] 승차 (휠체어칸)"
S1_4_0197,4호선,명동,1,출입구-승강장,1,1번 출입구 옆 엘리베이터 → 충무로 방면,1F → B1 → B4,5,2,0,"1번 출입구 옆 엘리베이터(으)로 1개 층 내려가기 (1F → B1, 엘리베이터) → [B1] 표 내는 곳 통과 → 승강장 방향 엘리베이터(으)로 3개 층 내려가기 (B1 → B4, 엘리베이터) → [B4] 충무로 방면 승강장으로 이동 → [B4] 승차 (휠체어칸)","1. 1번 출입구 옆 엘리베이터(으)로 1개 층 내려가기 (1F → B1, 엘리베이터) | 2. [B1] 표 내는 곳 통과 | 3. 승강장 방향 엘리베이터(으)로 3개 층 내려가기 (B1 → B4, 엘리베이터) | 4. [B4] 충무로 방면 승강장으로 이동 | 5. [B4] 승차 (휠체어칸)"
S1_4_0197,4호선,명동,1,출입구-승강장,2,1번 출입구 옆 엘리베이터 → 회현 방면,1F → B1 → B4,5,2,0,"1번 출입구 옆 엘리베이터(으)로 1개 층 내려가기 (1F → B1, 엘리베이터) → [B1] 표 내는 곳 통과 → 승강장 방향 엘리베이터(으)로 3개 층 내려가기 (B1 → B4, 엘리베이터) → [B4] 회현 방면 승강장으로 이동 → [B4] 승차 (휠체어칸)","1. 1번 출입구 옆 엘리베이터(으)로 1개 층 내려가기 (1F → B1, 엘리베이터) | 2. [B1] 표 내는 곳 통과 | 3. 승강장 방향 엘리베이터(으)로 3개 층 내려가기 (B1 → B4, 엘리베이터) | 4. [B4] 회현 방면 승강장으로 이동 | 5. [B4] 승차 (휠체어칸)"
S1_4_0607,4호선,회현,1,출입구-승강장,1,"4, 5번 출구 사이 중앙 엘리베이터 → 명동 방면",1F → B1 → B4,6,2,0,"4, 5번 출구 사이 중앙 엘리베이터(으)로 1개 층 내려가기 (1F → B1, 엘리베이터) → [B1] 대합실로 이동 → [B1] 표 내는 곳 통과 → 승강장 방향 엘리베이터(으)로 3개 층 내려가기 (B1 → B4, 엘리베이터) → [B4] 명동 방면 승강장으로 이동 → [B4] 승차 (휠체어칸)","1. 4, 5번 출구 사이 중앙 엘리베이터(으)로 1개 층 내려가기 (1F → B1, 엘리베이터) | 2. [B1] 대합실로 이동 | 3. [B1] 표 내는 곳 통과 | 4. 승강장 방향 엘리베이터(으)로 3개 층 내려가기 (B1 → B4, 엘리베이터) | 5. [B4] 명동 방면 승강장으로 이동 | 6. [B4] 승차 (휠체어칸)"
S1_4_0607,4호선,회현,1,출입구-승강장,2,"4, 5번 출구 사이 중앙 엘리베이터 → 서울역 방면",1F → B1 → B4,6,2,0,"4, 5번 출구 사이 중앙 엘리베이터(으)로 1개 층 내려가기 (1F → B1, 엘리베이터) → [B1] 대합실로 이동 → [B1] 표 내는 곳 통과 → 승강장 방향 엘리베이터(으)로 3개 층 내려가기 (B1 → B4, 엘리베이터) → [B4] 서울역 방면 승강장으로 이동 → [B4] 승차 (휠체어칸)","1. 4, 5번 출구 사이 중앙 엘리베이터(으)로 1개 층 내려가기 (1F → B1, 엘리베이터) | 2. [B1] 대합실로 이동 | 3. [B1] 표 내는 곳 통과 | 4. 승강장 방향 엘리베이터(으)로 3개 층 내려가기 (B1 → B4, 엘리베이터) | 5. [B4] 서울역 방면 승강장으로 이동 | 6. [B4] 승차 (휠체어칸)"
S1_4_0296,4호선,서울역,1,출입구-승강장,1,12번 출입구 옆 엘리베이터 → 회현 방면,1F → B1 → B2,6,2,0,"12번 출입구 옆 엘리베이터(으)로 1개 층 내려가기 (1F → B1, 엘리베이터) → [B1] 대합실로 이동 → [B1] 표 내는 곳 통과 → 승강장 방향 엘리베이터(으)로 1개 층 내려가기 (B1 → B2, 엘리베이터) → [B2] 회현 방면 승강장으로 이동 → [B2] 승차 (휠체어칸)","1. 12번 출입구 옆 엘리베이터(으)로 1개 층 내려가기 (1F → B1, 엘리베이터) | 2. [B1] 대합실로 이동 | 3. [B1] 표 내는 곳 통과 | 4. 승강장 방향 엘리베이터(으)로 1개 층 내려가기 (B1 → B2, 엘리베이터) | 5. [B2] 회현 방면 승강장으로 이동 | 6. [B2] 승차 (휠체어칸)"
S1_4_0296,4호선,서울역,1,출입구-승강장,2,12번 출입구 옆 엘리베이터 → 숙대입구 방면,1F → B1 → B2,6,2,0,"12번 출입구 옆 엘리베이터(으)로 1개 층 내려가기 (1F → B1, 엘리베이터) → [B1] 대합실로 이동 → [B1] 표 내는 곳 통과 → 승강장 방향 엘리베이터(으)로 1개 층 내려가기 (B1 → B2, 엘리베이터) → [B2] 숙대입구 방면 승강장으로 이동 → [B2] 승차 (휠체어칸)","1. 12번 출입구 옆 엘리베이터(으)로 1개 층 내려가기 (1F → B1, 엘리베이터) | 2. [B1] 대합실로 이동 | 3. [B1] 표 내는 곳 통과 | 4. 승강장 방향 엘리베이터(으)로 1개 층 내려가기 (B1 → B2, 엘리베이터) | 5. [B2] 숙대입구 방면 승강장으로 이동 | 6. [B2] 승차 (휠체어칸)"
S1_4_0296,4호선,서울역,3,환승,1,4호선 회현 방면 → 1호선 시청 방면,B2 → B1 → B2,8,2,0,"[B2] 4호선 회현 방면 승강장 하차 → 대합실 방향 엘리베이터(으)로 1개 층 올라가기 (B2 → B1, 엘리베이터) → [B1] 대합실로 이동 → [B1] 1호선 방향 환승통로로 이동 → [B1] 1호선 대합실로 이동 → 1호선 승강장 방향 엘리베이터(으)로 1개 층 내려가기 (B1 → B2, 엘리베이터) → [B2] 1호선 시청 방면 승강장으로 이동 → [B2] 승차 (휠체어칸)","1. [B2] 4호선 회현 방면 승강장 하차 | 2. 대합실 방향 엘리베이터(으)로 1개 층 올라가기 (B2 → B1, 엘리베이터) | 3. [B1] 대합실로 이동 | 4. [B1] 1호선 방향 환승통로로 이동 | 5. [B1] 1호선 대합실로 이동 | 6. 1호선 승강장 방향 엘리베이터(으)로 1개 층 내려가기 (B1 → B2, 엘리베이터) | 7. [B2] 1호선 시청 방면 승강장으로 이동 | 8. [B2] 승차 (휠체어칸)"
S1_4_0296,4호선,서울역,3,환승,2,4호선 회현 방면 → 1호선 남영 방면,B2 → B1 → B2,8,2,0,"[B2] 4호선 회현 방면 승강장 하차 → 대합실 방향 엘리베이터(으)로 1개 층 올라가기 (B2 → B1, 엘리베이터) → [B1] 대합실로 이동 → [B1] 1호선 방향 환승통로로 이동 → [B1] 1호선 대합실로 이동 → 1호선 승강장 방향 엘리베이터(으)로 1개 층 내려가기 (B1 → B2, 엘리베이터) → [B2] 1호선 남영 방면 승강장으로 이동 → [B2] 승차 (휠체어칸)","1. [B2] 4호선 회현 방면 승강장 하차 | 2. 대합실 방향 엘리베이터(으)로 1개 층 올라가기 (B2 → B1, 엘리베이터) | 3. [B1] 대합실로 이동 | 4. [B1] 1호선 방향 환승통로로 이동 | 5. [B1] 1호선 대합실로 이동 | 6. 1호선 승강장 방향 엘리베이터(으)로 1개 층 내려가기 (B1 → B2, 엘리베이터) | 7. [B2] 1호선 남영 방면 승강장으로 이동 | 8. [B2] 승차 (휠체어칸)"
S1_4_0296,4호선,서울역,3,환승,3,4호선 숙대입구 방면 → 1호선 시청 방면,B2 → B1 → B2,8,2,0,"[B2] 4호선 숙대입구 방면 승강장 하차 → 대합실 방향 엘리베이터(으)로 1개 층 올라가기 (B2 → B1, 엘리베이터) → [B1] 대합실로 이동 → [B1] 1호선 방향 환승통로로 이동 → [B1] 1호선 대합실로 이동 → 1호선 승강장 방향 엘리베이터(으)로 1개 층 내려가기 (B1 → B2, 엘리베이터) → [B2] 1호선 시청 방면 승강장으로 이동 → [B2] 승차 (휠체어칸)","1. [B2] 4호선 숙대입구 방면 승강장 하차 | 2. 대합실 방향 엘리베이터(으)로 1개 층 올라가기 (B2 → B1, 엘리베이터) | 3. [B1] 대합실로 이동 | 4. [B1] 1호선 방향 환승통로로 이동 | 5. [B1] 1호선 대합실로 이동 | 6. 1호선 승강장 방향 엘리베이터(으)로 1개 층 내려가기 (B1 → B2, 엘리베이터) | 7. [B2] 1호선 시청 방면 승강장으로 이동 | 8. [B2] 승차 (휠체어칸)"
S1_4_0296,4호선,서울역,3,환승,4,4호선 숙대입구 방면 → 1호선 남영 방면,B2 → B1 → B2,8,2,0,"[B2] 4호선 숙대입구 방면 승강장 하차 → 대합실 방향 엘리베이터(으)로 1개 층 올라가기 (B2 → B1, 엘리베이터) → [B1] 대합실로 이동 → [B1] 1호선 방향 환승통로로 이동 → [B1] 1호선 대합실로 이동 → 1호선 승강장 방향 엘리베이터(으)로 1개 층 내려가기 (B1 → B2, 엘리베이터) → [B2] 1호선 남영 방면 승강장으로 이동 → [B2] 승차 (휠체어칸)","1. [B2] 4호선 숙대입구 방면 승강장 하차 | 2. 대합실 방향 엘리베이터(으)로 1개 층 올라가기 (B2 → B1, 엘리베이터) | 3. [B1] 대합실로 이동 | 4. [B1] 1호선 방향 환승통로로 이동 | 5. [B1] 1호선 대합실로 이동 | 6. 1호선 승강장 방향 엘리베이터(으)로 1개 층 내려가기 (B1 → B2, 엘리베이터) | 7. [B2] 1호선 남영 방면 승강장으로 이동 | 8. [B2] 승차 (휠체어칸)"
S1_4_0296,4호선,서울역,3,환승,5,4호선 회현 방면 → 경의중앙선 신촌 방면,B2 → 1F → 2F → 1F,10,2,0,"[B2] 4호선 회현 방면 승강장 하차 → [B2] 엘리베이터로 (B1) 대합실로 이동 → [B2] 1호선 방향 환승통로로 이동 → [B2] 2번출구 외부 1호기 엘리베이터로 이동 → [B2] 외부 1호기 엘리베이터로 (1F) 지상 이동 → 회현방면 승강장 9-1 부근 엘리베이터(으)로 2개 층 올라가기 (B2 → 1F, 엘리베이터) → [1F] 지상에서 (2F) 경의중앙선 역사로 이동 (경의중앙선에서는 지상 대합실을 2층, 승강장을 1층으로 구분) → 경의중앙선 역사에서 승강장 엘리베이터(으)로 1개 층 내려가기 (2F → 1F, 엘리베이터) → [1F] 경의중앙선 신촌 방면 승강장으로 이동 → [1F] 승차(휠체어칸)","1. [B2] 4호선 회현 방면 승강장 하차 | 2. [B2] 엘리베이터로 (B1) 대합실로 이동 | 3. [B2] 1호선 방향 환승통로로 이동 | 4. [B2] 2번출구 외부 1호기 엘리베이터로 이동 | 5. [B2] 외부 1호기 엘리베이터로 (1F) 지상 이동 | 6. 회현방면 승강장 9-1 부근 엘리베이터(으)로 2개 층 올라가기 (B2 → 1F, 엘리베이터) | 7. [1F] 지상에서 (2F) 경의중앙선 역사로 이동 (경의중앙선에서는 지상 대합실을 2층, 승강장을 1층으로 구분) | 8. 경의중앙선 역사에서 승강장 엘리베이터(으)로 1개 층 내려가기 (2F → 1F, 엘리베이터) | 9. [1F] 경의중앙선 신촌 방면 승강장으로 이동 | 10. [1F] 승차(휠체어칸)"
S1_4_0296,4호선,서울역,3,환승,6,4호선 숙대입구 방면 → 경의중앙선 신촌 방면,B2 → 1F → 2F → 1F,10,2,0,"[B2] 4호선 숙대입구 방면 승강장 하차 → [B2] 엘리베이터로 (B1) 대합실로 이동 → [B2] 1호선 방향 환승통로로 이동 → [B2] 2번출구 외부 1호기 엘리베이터로 이동 → [B2] 외부 1호기 엘리베이터로 (1F) 지상 이동 → 숙대입구 방면 승강장 2-3 부근 엘리베이터(으)로 2개 층 올라가기 (B2 → 1F, 엘리베이터) → [1F] 지상에서 (2F) 경의중앙선 역사로 이동 (경의중앙선에서는 지상 대합실을 2층, 승강장을 1층으로 구분) → 경의중앙선 역사에서 승강장 엘리베이터(으)로 1개 층 내려가기 (2F → 1F, 엘리베이터) → [1F] 경의중앙선 신촌 방면 승강장으로 이동 → [1F] 승차(휠체어칸)","1. [B2] 4호선 숙대입구 방면 승강장 하차 | 2. [B2] 엘리베이터로 (B1) 대합실로 이동 | 3. [B2] 1호선 방향 환승통로로 이동 | 4. [B2] 2번출구 외부 1호기 엘리베이터로 이동 | 5. [B2] 외부 1호기 엘리베이터로 (1F) 지상 이동 | 6. 숙대입구 방면 승강장 2-3 부근 엘리베이터(으)로 2개 층 올라가기 (B2 → 1F, 엘리베이터) | 7. [1F] 지상에서 (2F) 경의중앙선 역사로 이동 (경의중앙선에서는 지상 대합실을 2층, 승강장을 1층으로 구분) | 8. 경의중앙선 역사에서 승강장 엘리베이터(으)로 1개 층 내려가기 (2F → 1F, 엘리베이터) | 9. [1F] 경의중앙선 신촌 방면 승강장으로 이동 | 10. [1F] 승차(휠체어칸)"
S1_4_0296,4호선,서울역,3,환승,7,4호선 회현 방면 → 공항철도 공덕 방면,B2 → B1 → B3 → B7,11,3,0,"[B2] 4호선 회현 방면 승강장 하차 → 대합실 방향 엘리베이터(으)로 1개 층 올라가기 (B2 → B1, 엘리베이터) → [B1] 대합실로 이동 → [B1] 공항철도 방향 대합실로 이동 → 공항철도 방향 엘리베이터(으)로 2개 층 내려가기 (B1 → B3, 엘리베이터) → [B3] 환승 대합실로 이동 → [B3] 공항철도 방향 환승통로로 이동 → [B3] 공항철도 대합실로 이동 → 공항철도 공덕 방면 엘리베이터(으)로 4개 층 내려가기 (B3 → B7, 엘리베이터) → [B7] 공항철도 공덕 방면 승강장으로 이동 → [B7] 승차 (휠체어칸)","1. [B2] 4호선 회현 방면 승강장 하차 | 2. 대합실 방향 엘리베이터(으)로 1개 층 올라가기 (B2 → B1, 엘리베이터) | 3. [B1] 대합실로 이동 | 4. [B1] 공항철도 방향 대합실로 이동 | 5. 공항철도 방향 엘리베이터(으)로 2개 층 내려가기 (B1 → B3, 엘리베이터) | 6. [B3] 환승 대합실로 이동 | 7. [B3] 공항철도 방향 환승통로로 이동 | 8. [B3] 공항철도 대합실로 이동 | 9. 공항철도 공덕 방면 엘리베이터(으)로 4개 층 내려가기 (B3 → B7, 엘리베이터) | 10. [B7] 공항철도 공덕 방면 승강장으로 이동 | 11. [B7] 승차 (휠체어칸)"
S1_4_0296,4호선,서울역,3,환승,8,4호선 숙대입구 방면 → 공항철도 공덕 방면,B2 → B1 → B3 → B7,11,3,0,"[B2] 4호선 숙대입구 방면 승강장 하차 → 대합실 방향 엘리베이터(으)로 1개 층 올라가기 (B2 → B1, 엘리베이터) → [B1] 대합실로 이동 → [B1] 공항철도 방향 대합실로 이동 → 공항철도 방향 엘리베이터(으)로 2개 층 내려가기 (B1 → B3, 엘리베이터) → [B3] 환승 대합실로 이동 → [B3] 공항철도 방향 환승통로로 이동 → [B3] 공항철도 대합실로 이동 → 공항철도 공덕 방면 엘리베이터(으)로 4개 층 내려가기 (B3 → B7, 엘리베이터) → [B7] 공항철도 공덕 방면 승강장으로 이동 → [B7] 승차 (휠체어칸)","1. [B2] 4호선 숙대입구 방면 승강장 하차 | 2. 대합실 방향 엘리베이터(으)로 1개 층 올라가기 (B2 → B1, 엘리베이터) | 3. [B1] 대합실로 이동 | 4. [B1] 공항철도 방향 대합실로 이동 | 5. 공항철도 방향 엘리베이터(으)로 2개 층 내려가기 (B1 → B3, 엘리베이터) | 6. [B3] 환승 대합실로 이동 | 7. [B3] 공항철도 방향 환승통로로 이동 | 8. [B3] 공항철도 대합실로 이동 | 9. 공항철도 공덕 방면 엘리베이터(으)로 4개 층 내려가기 (B3 → B7, 엘리베이터) | 10. [B7] 공항철도 공덕 방면 승강장으로 이동 | 11. [B7] 승차 (휠체어칸)"
S1_4_0343,4호선,숙대입구,1,출입구-승강장,1,10번 출입구 옆 엘리베이터 → 서울역 방면,1F → B1 → B2,6,2,0,"10번 출입구 옆 엘리베이터(으)로 1개 층 내려가기 (1F → B1, 엘리베이터) → [B1] 대합실로 이동 → [B1] 서울역 방면 엘리베이터 앞 표 내는 곳 통과 → 서울역 방면 엘리베이터(으)로 1개 층 내려가기 (B1 → B2, 엘리베이터) → [B2] 서울역 방면 승강장으로 이동 → [B2] 승차 (휠체어칸)","1. 10번 출입구 옆 엘리베이터(으)로 1개 층 내려가기 (1F → B1, 엘리베이터) | 2. [B1] 대합실로 이동 | 3. [B1] 서울역 방면 엘리베이터 앞 표 내는 곳 통과 | 4. 서울역 방면 엘리베이터(으)로 1개 층 내려가기 (B1 → B2, 엘리베이터) | 5. [B2] 서울역 방면 승강장으로 이동 | 6. [B2] 승차 (휠체어칸)"
S1_4_0343,4호선,숙대입구,1,출입구-승강장,2,10번 출입구 옆 엘리베이터 → 삼각지 방면,1F → B1 → B2,6,2,0,"10번 출입구 옆 엘리베이터(으)로 1개 층 내려가기 (1F → B1, 엘리베이터) → [B1] 대합실로 이동 → [B1] 삼각지 방면 엘리베이터 앞 표 내는 곳 통과 → 삼각지 방면 엘리베이터(으)로 1개 층 내려가기 (B1 → B2, 엘리베이터) → [B2] 삼각지 방면 승강장으로 이동 → [B2] 승차 (휠체어칸)","1. 10번 출입구 옆 엘리베이터(으)로 1개 층 내려가기 (1F → B1, 엘리베이터) | 2. [B1] 대합실로 이동 | 3. [B1] 삼각지 방면 엘리베이터 앞 표 내는 곳 통과 | 4. 삼각지 방면 엘리베이터(으)로 1개 층 내려가기 (B1 → B2, 엘리베이터) | 5. [B2] 삼각지 방면 승강장으로 이동 | 6. [B2] 승차 (휠체어칸)"
S1_4_0263,4호선,삼각지,1,출입구-승강장,1,1번 출입구 옆 엘리베이터 → 숙대입구 방면,1F → B1 → B2,6,2,0,"1번 출입구 옆 엘리베이터(으)로 1개 층 내려가기 (1F → B1, 엘리베이터) → [B1] 대합실로 이동 → [B1] 표 내는 곳 통과 → 숙대입구 방면 엘리베이터(으)로 1개 층 내려가기 (B1 → B2, 엘리베이터) → [B2] 숙대입구 방면 승강장으로 이동 → [B2] 승차 (휠체어칸)","1. 1번 출입구 옆 엘리베이터(으)로 1개 층 내려가기 (1F → B1, 엘리베이터) | 2. [B1] 대합실로 이동 | 3. [B1] 표 내는 곳 통과 | 4. 숙대입구 방면 엘리베이터(으)로 1개 층 내려가기 (B1 → B2, 엘리베이터) | 5. [B2] 숙대입구 방면 승강장으로 이동 | 6. [B2] 승차 (휠체어칸)"
S1_4_0263,4호선,삼각지,1,출입구-승강장,2,1번 출입구 옆 엘리베이터 → 신용산 방면,1F → B1 → B2,6,2,0,"1번 출입구 옆 엘리베이터(으)로 1개 층 내려가기 (1F → B1, 엘리베이터) → [B1] 대합실로 이동 → [B1] 표 내는 곳 통과 → 신용산 방면 엘리베이터(으)로 1개 층 내려가기 (B1 → B2, 엘리베이터) → [B2] 신용산 방면 승강장으로 이동 → [B2] 승차 (휠체어칸)","1. 1번 출입구 옆 엘리베이터(으)로 1개 층 내려가기 (1F → B1, 엘리베이터) | 2. [B1] 대합실로 이동 | 3. [B1] 표 내는 곳 통과 | 4. 신용산 방면 엘리베이터(으)로 1개 층 내려가기 (B1 → B2, 엘리베이터) | 5. [B2] 신용산 방면 승강장으로 이동 | 6. [B2] 승차 (휠체어칸)"
S1_4_0263,4호선,삼각지,1,출입구-승강장,3,3번 출입구 옆 엘리베이터 → 숙대입구 방면,1F → B1 → B2,6,2,0,"3번 출입구 옆 엘리베이터(으)로 1개 층 내려가기 (1F → B1, 엘리베이터) → [B1] 대합실로 이동 → [B1] 표 내는 곳 통과 → 숙대입구 방면 엘리베이터(으)로 1개 층 내려가기 (B1 → B2, 엘리베이터) → [B2] 숙대입구 방면 승강장으로 이동 → [B2] 승차 (휠체어칸)","1. 3번 출입구 옆 엘리베이터(으)로 1개 층 내려가기 (1F → B1, 엘리베이터) | 2. [B1] 대합실로 이동 | 3. [B1] 표 내는 곳 통과 | 4. 숙대입구 방면 엘리베이터(으)로 1개 층 내려가기 (B1 → B2, 엘리베이터) | 5. [B2] 숙대입구 방면 승강장으로 이동 | 6. [B2] 승차 (휠체어칸)"
S1_4_0263,4호선,삼각지,1,출입구-승강장,4,3번 출입구 옆 엘리베이터 → 신용산 방면,1F → B1 → B2,6,2,0,"3번 출입구 옆 엘리베이터(으)로 1개 층 내려가기 (1F → B1, 엘리베이터) → [B1] 대합실로 이동 → [B1] 표 내는 곳 통과 → 신용산 방면 엘리베이터(으)로 1개 층 내려가기 (B1 → B2, 엘리베이터) → [B2] 신용산 방면 승강장으로 이동 → [B2] 승차 (휠체어칸)","1. 3번 출입구 옆 엘리베이터(으)로 1개 층 내려가기 (1F → B1, 엘리베이터) | 2. [B1] 대합실로 이동 | 3. [B1] 표 내는 곳 통과 | 4. 신용산 방면 엘리베이터(으)로 1개 층 내려가기 (B1 → B2, 엘리베이터) | 5. [B2] 신용산 방면 승강장으로 이동 | 6. [B2] 승차 (휠체어칸)"
S1_4_0263,4호선,삼각지,1,출입구-승강장,5,5번 출입구 옆 엘리베이터 → 숙대입구 방면,1F → B1 → B2,6,2,0,"5번 출입구 옆 엘리베이터(으)로 1개 층 내려가기 (1F → B1, 엘리베이터) → [B1] 대합실로 이동 → [B1] 표 내는 곳 통과 → 숙대입구 방면 엘리베이터(으)로 1개 층 내려가기 (B1 → B2, 엘리베이터) → [B2] 숙대입구 방면 승강장으로 이동 → [B2] 승차 (휠체어칸)","1. 5번 출입구 옆 엘리베이터(으)로 1개 층 내려가기 (1F → B1, 엘리베이터) | 2. [B1] 대합실로 이동 | 3. [B1] 표 내는 곳 통과 | 4. 숙대입구 방면 엘리베이터(으)로 1개 층 내려가기 (B1 → B2, 엘리베이터) | 5. [B2] 숙대입구 방면 승강장으로 이동 | 6. [B2] 승차 (휠체어칸)"
S1_4_0263,4호선,삼각지,1,출입구-승강장,6,5번 출입구 옆 엘리베이터 → 신용산 방면,1F → B1 → B2,6,2,0,"5번 출입구 옆 엘리베이터(으)로 1개 층 내려가기 (1F → B1, 엘리베이터) → [B1] 대합실로 이동 → [B1] 표 내는 곳 통과 → 신용산 방면 엘리베이터(으)로 1개 층 내려가기 (B1 → B2, 엘리베이터) → [B2] 신용산 방면 승강장으로 이동 → [B2] 승차 (휠체어칸)","1. 5번 출입구 옆 엘리베이터(으)로 1개 층 내려가기 (1F → B1, 엘리베이터) | 2. [B1] 대합실로 이동 | 3. [B1] 표 내는 곳 통과 | 4. 신용산 방면 엘리베이터(으)로 1개 층 내려가기 (B1 → B2, 엘리베이터) | 5. [B2] 신용산 방면 승강장으로 이동 | 6. [B2] 승차 (휠체어칸)"
S1_4_0263,4호선,삼각지,3,환승,1,4호선 숙대입구 방면 → 6호선 효창공원앞 방면,B2 → B3 → B4,5,1,0,"[B2] 4호선 숙대입구 방면 승강장 하차 → [B3] 6호선 방향 환승통로로 이동 → 6호선 승강장 방향 엘리베이터(으)로 1개 층 내려가기 (B3 → B4, 엘리베이터) → [B4] 6호선 효창공원앞 방면 승강장으로 이동 → [B4] 승차 (휠체어칸)","1. [B2] 4호선 숙대입구 방면 승강장 하차 | 2. [B3] 6호선 방향 환승통로로 이동 | 3. 6호선 승강장 방향 엘리베이터(으)로 1개 층 내려가기 (B3 → B4, 엘리베이터) | 4. [B4] 6호선 효창공원앞 방면 승강장으로 이동 | 5. [B4] 승차 (휠체어칸)"
S1_4_0263,4호선,삼각지,3,환승,2,4호선 숙대입구 방면 → 6호선 녹사평 방면,B2 → B3 → B4,5,1,0,"[B2] 4호선 숙대입구 방면 승강장 하차 → [B3] 6호선 방향 환승통로로 이동 → 6호선 승강장 방향 엘리베이터(으)로 1개 층 내려가기 (B3 → B4, 엘리베이터) → [B4] 6호선 녹사평 방면 승강장으로 이동 → [B4] 승차 (휠체어칸)","1. [B2] 4호선 숙대입구 방면 승강장 하차 | 2. [B3] 6호선 방향 환승통로로 이동 | 3. 6호선 승강장 방향 엘리베이터(으)로 1개 층 내려가기 (B3 → B4, 엘리베이터) | 4. [B4] 6호선 녹사평 방면 승강장으로 이동 | 5. [B4] 승차 (휠체어칸)"
S1_4_0263,4호선,삼각지,3,환승,3,4호선 신용산 방면 → 6호선 효창공원앞 방면,B2 → B3 → B4,5,0,0,"[B2] 4호선 신용산 방면 승강장 하차 → [B3] 6호선 방향 환승통로로 이동 → 6호선 승강장 방향 휠체어리프트(으)로 1개 층 내려가기 (B3 → B4, 휠체어리프트) → [B4] 6호선 효창공원앞 방면 승강장으로 이동 → [B4] 승차 (휠체어칸)","1. [B2] 4호선 신용산 방면 승강장 하차 | 2. [B3] 6호선 방향 환승통로로 이동 | 3. 6호선 승강장 방향 휠체어리프트(으)로 1개 층 내려가기 (B3 → B4, 휠체어리프트) | 4. [B4] 6호선 효창공원앞 방면 승강장으로 이동 | 5. [B4] 승차 (휠체어칸)"
S1_4_0263,4호선,삼각지,3,환승,4,4호선 신용산 방면 → 6호선 녹사평 방면,B2 → B3 → B4,5,0,0,"[B2] 4호선 신용산 방면 승강장 하차 → [B3] 6호선 방향 환승통로로 이동 → 6호선 승강장 방향 휠체어리프트(으)로 1개 층 내려가기 (B3 → B4, 휠체어리프트) → [B4] 6호선 녹사평 방면 승강장으로 이동 → [B4] 승차 (휠체어칸)","1. [B2] 4호선 신용산 방면 승강장 하차 | 2. [B3] 6호선 방향 환승통로로 이동 | 3. 6호선 승강장 방향 휠체어리프트(으)로 1개 층 내려가기 (B3 → B4, 휠체어리프트) | 4. [B4] 6호선 녹사평 방면 승강장으로 이동 | 5. [B4] 승차 (휠체어칸)"
S1_4_0369,4호선,신용산,1,출입구-승강장,1,1번 출입구 옆 엘리베이터 → 삼각지 방면,1F → B1 → B2,6,2,0,"1번 출입구 옆 엘리베이터(으)로 1개 층 내려가기 (1F → B1, 엘리베이터) → [B1] 대합실로 이동 → [B1] 삼각지 방면 엘리베이터 앞 표 내는 곳 통과 → 삼각지 방면 엘리베이터(으)로 1개 층 내려가기 (B1 → B2, 엘리베이터) → [B2] 삼각지 방면 승강장으로 이동 → [B2] 승차 (휠체어칸)","1. 1번 출입구 옆 엘리베이터(으)로 1개 층 내려가기 (1F → B1, 엘리베이터) | 2. [B1] 대합실로 이동 | 3. [B1] 삼각지 방면 엘리베이터 앞 표 내는 곳 통과 | 4. 삼각지 방면 엘리베이터(으)로 1개 층 내려가기 (B1 → B2, 엘리베이터) | 5. [B2] 삼각지 방면 승강장으로 이동 | 6. [B2] 승차 (휠체어칸)"
S1_4_0369,4호선,신용산,1,출입구-승강장,2,1번 출입구 옆 엘리베이터 → 이촌 방면,1F → B1 → B2,6,2,0,"1번 출입구 옆 엘리베이터(으)로 1개 층 내려가기 (1F → B1, 엘리베이터) → [B1] 대합실로 이동 → [B1] 이촌 방면 엘리베이터 앞 표 내는 곳 통과 → 이촌 방면 엘리베이터(으)로 1개 층 내려가기 (B1 → B2, 엘리베이터) → [B2] 이촌 방면 승강장으로 이동 → [B2] 승차 (휠체어칸)","1. 1번 출입구 옆 엘리베이터(으)로 1개 층 내려가기 (1F → B1, 엘리베이터) | 2. [B1] 대합실로 이동 | 3. [B1] 이촌 방면 엘리베이터 앞 표 내는 곳 통과 | 4. 이촌 방면 엘리베이터(으)로 1개 층 내려가기 (B1 → B2, 엘리베이터) | 5. [B2] 이촌 방면 승강장으로 이동 | 6. [B2] 승차 (휠체어칸)"
S1_4_0369,4호선,신용산,1,출입구-승강장,3,4번 출입구 옆 엘리베이터 → 삼각지 방면,1F → B1 → B2,6,2,0,"4번 출입구 옆 엘리베이터(으)로 1개 층 내려가기 (1F → B1, 엘리베이터) → [B1] 대합실로 이동 → [B1] 삼각지 방면 엘리베이터 앞 표 내는 곳 통과 → 삼각지 방면 엘리베이터(으)로 1개 층 내려가기 (B1 → B2, 엘리베이터) → [B2] 삼각지 방면 승강장으로 이동 → [B2] 승차 (휠체어칸)","1. 4번 출입구 옆 엘리베이터(으)로 1개 층 내려가기 (1F → B1, 엘리베이터) | 2. [B1] 대합실로 이동 | 3. [B1] 삼각지 방면 엘리베이터 앞 표 내는 곳 통과 | 4. 삼각지 방면 엘리베이터(으)로 1개 층 내려가기 (B1 → B2, 엘리베이터) | 5. [B2] 삼각지 방면 승강장으로 이동 | 6. [B2] 승차 (휠체어칸)"
S1_4_0369,4호선,신용산,1,출입구-승강장,4,4번 출입구 옆 엘리베이터 → 이촌 방면,1F → B1 → B2,6,2,0,"4번 출입구 옆 엘리베이터(으)로 1개 층 내려가기 (1F → B1, 엘리베이터) → [B1] 대합실로 이동 → [B1] 이촌 방면 엘리베이터 앞 표 내는 곳 통과 → 이촌 방면 엘리베이터(으)로 1개 층 내려가기 (B1 → B2, 엘리베이터) → [B2] 이촌 방면 승강장으로 이동 → [B2] 승차 (휠체어칸)","1. 4번 출입구 옆 엘리베이터(으)로 1개 층 내려가기 (1F → B1, 엘리베이터) | 2. [B1] 대합실로 이동 | 3. [B1] 이촌 방면 엘리베이터 앞 표 내는 곳 통과 | 4. 이촌 방면 엘리베이터(으)로 1개 층 내려가기 (B1 → B2, 엘리베이터) | 5. [B2] 이촌 방면 승강장으로 이동 | 6. [B2] 승차 (휠체어칸)"
S1_4_0477,4호선,이촌,1,출입구-승강장,1,1번 출입구 옆 엘리베이터 → 신용산 방면,1F → B1 → B2,6,2,0,"1번 출입구 옆 엘리베이터(으)로 1개 층 내려가기 (1F → B1, 엘리베이터) → [B1] 대합실로 이동 → [B1] 표 내는 곳 통과 → 신용산 방면 엘리베이터(으)로 1개 층 내려가기 (B1 → B2, 엘리베이터) → [B2] 신용산 방면 승강장으로 이동 → [B2] 승차 (휠체어칸)","1. 1번 출입구 옆 엘리베이터(으)로 1개 층 내려가기 (1F → B1, 엘리베이터) | 2. [B1] 대합실로 이동 | 3. [B1] 표 내는 곳 통과 | 4. 신용산 방면 엘리베이터(으)로 1개 층 내려가기 (B1 → B2, 엘리베이터) | 5. [B2] 신용산 방면 승강장으로 이동 | 6. [B2] 승차 (휠체어칸)"
S1_4_0477,4호선,이촌,1,출입구-승강장,2,1번 출입구 옆 엘리베이터 → 동작 방면,1F → B1 → B2,6,2,0,"1번 출입구 옆 엘리베이터(으)로 1개 층 내려가기 (1F → B1, 엘리베이터) → [B1] 대합실로 이동 → [B1] 표 내는 곳 통과 → 동작 방면 엘리베이터(으)로 1개 층 내려가기 (B1 → B2, 엘리베이터) → [B2] 동작 방면 승강장으로 이동 → [B2] 승차 (휠체어칸)","1. 1번 출입구 옆 엘리베이터(으)로 1개 층 내려가기 (1F → B1, 엘리베이터) | 2. [B1] 대합실로 이동 | 3. [B1] 표 내는 곳 통과 | 4. 동작 방면 엘리베이터(으)로 1개 층 내려가기 (B1 → B2, 엘리베이터) | 5. [B2] 동작 방면 승강장으로 이동 | 6. [B2] 승차 (휠체어칸)"
S1_4_0477,4호선,이촌,1,출입구-승강장,3,2번 출입구 옆 엘리베이터 → 신용산 방면,1F → B1 → B2,6,2,0,"2번 출입구 옆 엘리베이터(으)로 1개 층 내려가기 (1F → B1, 엘리베이터) → [B1] 대합실로 이동 → [B1] 표 내는 곳 통과 → 신용산 방면 엘리베이터(으)로 1개 층 내려가기 (B1 → B2, 엘리베이터) → [B2] 신용산 방면 승강장으로 이동 → [B2] 승차 (휠체어칸)","1. 2번 출입구 옆 엘리베이터(으)로 1개 층 내려가기 (1F → B1, 엘리베이터) | 2. [B1] 대합실로 이동 | 3. [B1] 표 내는 곳 통과 | 4. 신용산 방면 엘리베이터(으)로 1개 층 내려가기 (B1 → B2, 엘리베이터) | 5. [B2] 신용산 방면 승강장으로 이동 | 6. [B2] 승차 (휠체어칸)"
S1_4_0477,4호선,이촌,1,출입구-승강장,4,2번 출입구 옆 엘리베이터 → 동작 방면,1F → B1 → B2,6,2,0,"2번 출입구 옆 엘리베이터(으)로 1개 층 내려가기 (1F → B1, 엘리베이터) → [B1] 대합실로 이동 → [B1] 표 내는 곳 통과 → 동작 방면 엘리베이터(으)로 1개 층 내려가기 (B1 → B2, 엘리베이터) → [B2] 동작 방면 승강장으로 이동 → [B2] 승차 (휠체어칸)","1. 2번 출입구 옆 엘리베이터(으)로 1개 층 내려가기 (1F → B1, 엘리베이터) | 2. [B1] 대합실로 이동 | 3. [B1] 표 내는 곳 통과 | 4. 동작 방면 엘리베이터(으)로 1개 층 내려가기 (B1 → B2, 엘리베이터) | 5. [B2] 동작 방면 승강장으로 이동 | 6. [B2] 승차 (휠체어칸)"
S1_4_0477,4호선,이촌,1,출입구-승강장,5,3-1번 출입구 옆 엘리베이터 → 신용산 방면,1F → B1 → B2,6,2,0,"3-1번 출입구 옆 엘리베이터(으)로 1개 층 내려가기 (1F → B1, 엘리베이터) → [B1] 대합실로 이동 → [B1] 표 내는 곳 통과 → 신용산 방면 엘리베이터(으)로 1개 층 내려가기 (B1 → B2, 엘리베이터) → [B2] 신용산 방면 승강장으로 이동 → [B2] 승차 (휠체어칸)","1. 3-1번 출입구 옆 엘리베이터(으)로 1개 층 내려가기 (1F → B1, 엘리베이터) | 2. [B1] 대합실로 이동 | 3. [B1] 표 내는 곳 통과 | 4. 신용산 방면 엘리베이터(으)로 1개 층 내려가기 (B1 → B2, 엘리베이터) | 5. [B2] 신용산 방면 승강장으로 이동 | 6. [B2] 승차 (휠체어칸)"
S1_4_0477,4호선,이촌,1,출입구-승강장,6,3-1번 출입구 옆 엘리베이터 → 동작 방면,1F → B1 → B2,6,2,0,"3-1번 출입구 옆 엘리베이터(으)로 1개 층 내려가기 (1F → B1, 엘리베이터) → [B1] 대합실로 이동 → [B1] 표 내는 곳 통과 → 동작 방면 엘리베이터(으)로 1개 층 내려가기 (B1 → B2, 엘리베이터) → [B2] 동작 방면 승강장으로 이동 → [B2] 승차 (휠체어칸)","1. 3-1번 출입구 옆 엘리베이터(으)로 1개 층 내려가기 (1F → B1, 엘리베이터) | 2. [B1] 대합실로 이동 | 3. [B1] 표 내는 곳 통과 | 4. 동작 방면 엘리베이터(으)로 1개 층 내려가기 (B1 → B2, 엘리베이터) | 5. [B2] 동작 방면 승강장으로 이동 | 6. [B2] 승차 (휠체어칸)"
S1_4_0477,4호선,이촌,3,환승,1,4호선 신용산 방면 → 경의중앙선 용산 방면,B2 → B1 → 1F,8,1,0,"[B2] 4호선 신용산 방면 승강장 하차 → [B1] 대합실로 이동 → 대합실 방향 엘리베이터(으)로 1개 층 올라가기 (B1 → 1F, 엘리베이터) → [1F] 환승통로로 이동 → [1F] 경의중앙선 대합실로 이동 → [1F] 경의중앙선 용산 방면 승강장으로 이동 → [1F] 승차 (휠체어칸) → 경의중앙선 용산 방면 엘리베이터 이용 (엘리베이터)","1. [B2] 4호선 신용산 방면 승강장 하차 | 2. [B1] 대합실로 이동 | 3. 대합실 방향 엘리베이터(으)로 1개 층 올라가기 (B1 → 1F, 엘리베이터) | 4. [1F] 환승통로로 이동 | 5. [1F] 경의중앙선 대합실로 이동 | 6. [1F] 경의중앙선 용산 방면 승강장으로 이동 | 7. [1F] 승차 (휠체어칸) | 8. 경의중앙선 용산 방면 엘리베이터 이용 (엘리베이터)"
S1_4_0477,4호선,이촌,3,환승,2,4호선 신용산 방면 → 경의중앙선 서빙고 방면,B2 → B1 → 1F,5,1,0,"[B2] 4호선 신용산 방면 승강장 하차 → [B1] 대합실로 이동 → 경의중앙선 방향 서빙고 방면 엘리베이터(으)로 1개 층 올라가기 (B1 → 1F, 엘리베이터) → [1F] 경의중앙선 서빙고 방면 승강장으로 이동 → [1F] 승차 (휠체어칸","1. [B2] 4호선 신용산 방면 승강장 하차 | 2. [B1] 대합실로 이동 | 3. 경의중앙선 방향 서빙고 방면 엘리베이터(으)로 1개 층 올라가기 (B1 → 1F, 엘리베이터) | 4. [1F] 경의중앙선 서빙고 방면 승강장으로 이동 | 5. [1F] 승차 (휠체어칸"
S1_4_0477,4호선,이촌,3,환승,3,4호선 동작 방면 → 경의중앙선 용산 방면,B2 → B1 → 1F,8,1,0,"[B2] 4호선 동작 방면 승강장 하차 → [B1] 대합실로 이동 → 대합실 방향 엘리베이터(으)로 1개 층 올라가기 (B1 → 1F, 엘리베이터) → [1F] 환승통로로 이동 → [1F] 경의중앙선 대합실로 이동 → [1F] 경의중앙선 용산 방면 승강장으로 이동 → [1F] 승차 (휠체어칸) → 경의중앙선 용산 방면 엘리베이터 이용 (엘리베이터)","1. [B2] 4호선 동작 방면 승강장 하차 | 2. [B1] 대합실로 이동 | 3. 대합실 방향 엘리베이터(으)로 1개 층 올라가기 (B1 → 1F, 엘리베이터) | 4. [1F] 환승통로로 이동 | 5. [1F] 경의중앙선 대합실로 이동 | 6. [1F] 경의중앙선 용산 방면 승강장으로 이동 | 7. [1F] 승차 (휠체어칸) | 8. 경의중앙선 용산 방면 엘리베이터 이용 (엘리베이터)"
S1_4_0477,4호선,이촌,3,환승,4,4호선 동작 방면 → 경의중앙선 서빙고 방면,B2 → B1 → 1F,5,1,0,"[B2] 4호선 동작 방면 승강장 하차 → [B1] 대합실로 이동 → 경의중앙선 방향 서빙고 방면 엘리베이터(으)로 1개 층 올라가기 (B1 → 1F, 엘리베이터) → [1F] 경의중앙선 서빙고 방면 승강장으로 이동 → [1F] 승차 (휠체어칸)","1. [B2] 4호선 동작 방면 승강장 하차 | 2. [B1] 대합실로 이동 | 3. 경의중앙선 방향 서빙고 방면 엘리베이터(으)로 1개 층 올라가기 (B1 → 1F, 엘리베이터) | 4. [1F] 경의중앙선 서빙고 방면 승강장으로 이동 | 5. [1F] 승차 (휠체어칸)"
S1_4_0167,4호선,동작,1,출입구-승강장,1,1번 출입구 → 이촌 방면,1F → 2F → 3F,7,2,0,"[1F] 1번 출입구 대합실로 이동 → [1F] 표 내는 곳 통과 → 엘리베이터(으)로 1개 층 올라가기 (1F → 2F, 엘리베이터) → [2F] 대합실로 이동 → 이촌 방면 엘리베이터(으)로 1개 층 올라가기 (2F → 3F, 엘리베이터) → [3F] 이촌 방면 승강장으로 이동 → [3F] 승차 (휠체어칸)","1. [1F] 1번 출입구 대합실로 이동 | 2. [1F] 표 내는 곳 통과 | 3. 엘리베이터(으)로 1개 층 올라가기 (1F → 2F, 엘리베이터) | 4. [2F] 대합실로 이동 | 5. 이촌 방면 엘리베이터(으)로 1개 층 올라가기 (2F → 3F, 엘리베이터) | 6. [3F] 이촌 방면 승강장으로 이동 | 7. [3F] 승차 (휠체어칸)"
S1_4_0167,4호선,동작,1,출입구-승강장,2,1번 출입구 → 총신대입구 방면,1F → 3F,5,1,0,"[1F] 1번 출입구 대합실로 이동 → [1F] 표 내는 곳 통과 → 총신대입구 방면 엘리베이터(으)로 2개 층 올라가기 (1F → 3F, 엘리베이터) → [3F] 총신대입구 방면 승강장으로 이동 → [3F] 승차 (휠체어칸)","1. [1F] 1번 출입구 대합실로 이동 | 2. [1F] 표 내는 곳 통과 | 3. 총신대입구 방면 엘리베이터(으)로 2개 층 올라가기 (1F → 3F, 엘리베이터) | 4. [3F] 총신대입구 방면 승강장으로 이동 | 5. [3F] 승차 (휠체어칸)"
S1_4_0167,4호선,동작,1,출입구-승강장,3,2번 출입구 → 이촌 방면,1F → 2F → 3F,7,2,0,"[1F] 2번 출입구 대합실로 이동 → [1F] 표 내는 곳 통과 → 엘리베이터(으)로 1개 층 올라가기 (1F → 2F, 엘리베이터) → [2F] 대합실로 이동 → 이촌 방면 엘리베이터(으)로 1개 층 올라가기 (2F → 3F, 엘리베이터) → [3F] 이촌 방면 승강장으로 이동 → [3F] 승차 (휠체어칸)","1. [1F] 2번 출입구 대합실로 이동 | 2. [1F] 표 내는 곳 통과 | 3. 엘리베이터(으)로 1개 층 올라가기 (1F → 2F, 엘리베이터) | 4. [2F] 대합실로 이동 | 5. 이촌 방면 엘리베이터(으)로 1개 층 올라가기 (2F → 3F, 엘리베이터) | 6. [3F] 이촌 방면 승강장으로 이동 | 7. [3F] 승차 (휠체어칸)"
S1_4_0167,4호선,동작,1,출입구-승강장,4,2번 출입구 → 총신대입구 방면,1F → 3F,5,1,0,"[1F] 2번 출입구 대합실로 이동 → [1F] 표 내는 곳 통과 → 총신대입구 방면 엘리베이터(으)로 2개 층 올라가기 (1F → 3F, 엘리베이터) → [3F] 총신대입구 방면 승강장으로 이동 → [3F] 승차 (휠체어칸)","1. [1F] 2번 출입구 대합실로 이동 | 2. [1F] 표 내는 곳 통과 | 3. 총신대입구 방면 엘리베이터(으)로 2개 층 올라가기 (1F → 3F, 엘리베이터) | 4. [3F] 총신대입구 방면 승강장으로 이동 | 5. [3F] 승차 (휠체어칸)"
S1_4_0167,4호선,동작,3,환승,1,4호선 이촌 방면 → 9호선 구반포 방면,3F → 2F → B2 → B3,9,3,0,"[3F] 4호선 이촌 방면 승강장 하차 → 대합실 방향 엘리베이터(으)로 1개 층 내려가기 (3F → 2F, 엘리베이터) → [2F] 대합실로 이동 → [2F] 9호선 방향 환승통로로 이동 → 환승 엘리베이터(으)로 3개 층 내려가기 (2F → B2, 엘리베이터) → [B2] 9호선 대합실로 이동 → 9호선 구반포 방면 엘리베이터(으)로 1개 층 내려가기 (B2 → B3, 엘리베이터) → [B3] 9호선 구반포 방면 승강장으로 이동 → [B3] 승차 (휠체어칸)","1. [3F] 4호선 이촌 방면 승강장 하차 | 2. 대합실 방향 엘리베이터(으)로 1개 층 내려가기 (3F → 2F, 엘리베이터) | 3. [2F] 대합실로 이동 | 4. [2F] 9호선 방향 환승통로로 이동 | 5. 환승 엘리베이터(으)로 3개 층 내려가기 (2F → B2, 엘리베이터) | 6. [B2] 9호선 대합실로 이동 | 7. 9호선 구반포 방면 엘리베이터(으)로 1개 층 내려가기 (B2 → B3, 엘리베이터) | 8. [B3] 9호선 구반포 방면 승강장으로 이동 | 9. [B3] 승차 (휠체어칸)"
S1_4_0167,4호선,동작,3,환승,2,4호선 이촌 방면 → 9호선 흑석 방면,3F → 2F → B2 → B3,9,3,0,"[3F] 4호선 이촌 방면 승강장 하차 → 대합실 방향 엘리베이터(으)로 1개 층 내려가기 (3F → 2F, 엘리베이터) → [2F] 대합실로 이동 → [2F] 9호선 방향 환승통로로 이동 → 환승 엘리베이터(으)로 3개 층 내려가기 (2F → B2, 엘리베이터) → [B2] 9호선 대합실로 이동 → 9호선 흑석 방면 엘리베이터(으)로 1개 층 내려가기 (B2 → B3, 엘리베이터) → [B3] 9호선 흑석 방면 승강장으로 이동 → [B3] 승차 (휠체어칸)","1. [3F] 4호선 이촌 방면 승강장 하차 | 2. 대합실 방향 엘리베이터(으)로 1개 층 내려가기 (3F → 2F, 엘리베이터) | 3. [2F] 대합실로 이동 | 4. [2F] 9호선 방향 환승통로로 이동 | 5. 환승 엘리베이터(으)로 3개 층 내려가기 (2F → B2, 엘리베이터) | 6. [B2] 9호선 대합실로 이동 | 7. 9호선 흑석 방면 엘리베이터(으)로 1개 층 내려가기 (B2 → B3, 엘리베이터) | 8. [B3] 9호선 흑석 방면 승강장으로 이동 | 9. [B3] 승차 (휠체어칸)"
S1_4_0167,4호선,동작,3,환승,3,4호선 총신대입구 방면 → 9호선 구반포 방면,3F → 2F → B2 → B3,9,3,0,"[3F] 4호선 총신대입구 방면 승강장 하차 → 대합실 방향 엘리베이터(으)로 1개 층 내려가기 (3F → 2F, 엘리베이터) → [2F] 대합실로 이동 → [2F] 9호선 방향 환승통로로 이동 → 환승 엘리베이터(으)로 3개 층 내려가기 (2F → B2, 엘리베이터) → [B2] 9호선 대합실로 이동 → 9호선 구반포 방면 엘리베이터(으)로 1개 층 내려가기 (B2 → B3, 엘리베이터) → [B3] 9호선 구반포 방면 승강장으로 이동 → [B3] 승차 (휠체어칸)","1. [3F] 4호선 총신대입구 방면 승강장 하차 | 2. 대합실 방향 엘리베이터(으)로 1개 층 내려가기 (3F → 2F, 엘리베이터) | 3. [2F] 대합실로 이동 | 4. [2F] 9호선 방향 환승통로로 이동 | 5. 환승 엘리베이터(으)로 3개 층 내려가기 (2F → B2, 엘리베이터) | 6. [B2] 9호선 대합실로 이동 | 7. 9호선 구반포 방면 엘리베이터(으)로 1개 층 내려가기 (B2 → B3, 엘리베이터) | 8. [B3] 9호선 구반포 방면 승강장으로 이동 | 9. [B3] 승차 (휠체어칸)"
S1_4_0167,4호선,동작,3,환승,4,4호선 총신대입구 방면 → 9호선 흑석 방면,3F → 2F → B2 → B3,9,3,0,"[3F] 4호선 총신대입구 방면 승강장 하차 → 대합실 방향 엘리베이터(으)로 1개 층 내려가기 (3F → 2F, 엘리베이터) → [2F] 대합실로 이동 → [2F] 9호선 방향 환승통로로 이동 → 환승 엘리베이터(으)로 3개 층 내려가기 (2F → B2, 엘리베이터) → [B2] 9호선 대합실로 이동 → 9호선 흑석 방면 엘리베이터(으)로 1개 층 내려가기 (B2 → B3, 엘리베이터) → [B3] 9호선 흑석 방면 승강장으로 이동 → [B3] 승차 (휠체어칸)","1. [3F] 4호선 총신대입구 방면 승강장 하차 | 2. 대합실 방향 엘리베이터(으)로 1개 층 내려가기 (3F → 2F, 엘리베이터) | 3. [2F] 대합실로 이동 | 4. [2F] 9호선 방향 환승통로로 이동 | 5. 환승 엘리베이터(으)로 3개 층 내려가기 (2F → B2, 엘리베이터) | 6. [B2] 9호선 대합실로 이동 | 7. 9호선 흑석 방면 엘리베이터(으)로 1개 층 내려가기 (B2 → B3, 엘리베이터) | 8. [B3] 9호선 흑석 방면 승강장으로 이동 | 9. [B3] 승차 (휠체어칸)"
S1_4_0560,4호선,총신대입구,1,출입구-승강장,1,1번 출입구 옆 엘리베이터 → 동작 방면,1F → B1 → B2,6,2,0,"1번 출입구 옆 엘리베이터(으)로 1개 층 내려가기 (1F → B1, 엘리베이터) → [B1] 대합실로 이동 → [B1] 표 내는 곳 통과 → 동작 방면 엘리베이터(으)로 1개 층 내려가기 (B1 → B2, 엘리베이터) → [B2] 동작 방면 승강장으로 이동 → [B2] 승차 (휠체어칸)","1. 1번 출입구 옆 엘리베이터(으)로 1개 층 내려가기 (1F → B1, 엘리베이터) | 2. [B1] 대합실로 이동 | 3. [B1] 표 내는 곳 통과 | 4. 동작 방면 엘리베이터(으)로 1개 층 내려가기 (B1 → B2, 엘리베이터) | 5. [B2] 동작 방면 승강장으로 이동 | 6. [B2] 승차 (휠체어칸)"
S1_4_0560,4호선,총신대입구,1,출입구-승강장,2,1번 출입구 옆 엘리베이터 → 사당 방면,1F → B1 → B2,6,2,0,"1번 출입구 옆 엘리베이터(으)로 1개 층 내려가기 (1F → B1, 엘리베이터) → [B1] 대합실로 이동 → [B1] 표 내는 곳 통과 → 사당 방면 엘리베이터(으)로 1개 층 내려가기 (B1 → B2, 엘리베이터) → [B2] 사당 방면 승강장으로 이동 → [B2] 승차 (휠체어칸)","1. 1번 출입구 옆 엘리베이터(으)로 1개 층 내려가기 (1F → B1, 엘리베이터) | 2. [B1] 대합실로 이동 | 3. [B1] 표 내는 곳 통과 | 4. 사당 방면 엘리베이터(으)로 1개 층 내려가기 (B1 → B2, 엘리베이터) | 5. [B2] 사당 방면 승강장으로 이동 | 6. [B2] 승차 (휠체어칸)"
S1_4_0560,4호선,총신대입구,1,출입구-승강장,3,14번 출입구 옆 엘리베이터 → 동작 방면,1F → B1 → B2,6,2,0,"14번 출입구 옆 엘리베이터(으)로 1개 층 내려가기 (1F → B1, 엘리베이터) → [B1] 대합실로 이동 → [B1] 표 내는 곳 통과 → 동작 방면 엘리베이터(으)로 1개 층 내려가기 (B1 → B2, 엘리베이터) → [B2] 동작 방면 승강장으로 이동 → [B2] 승차 (휠체어칸)","1. 14번 출입구 옆 엘리베이터(으)로 1개 층 내려가기 (1F → B1, 엘리베이터) | 2. [B1] 대합실로 이동 | 3. [B1] 표 내는 곳 통과 | 4. 동작 방면 엘리베이터(으)로 1개 층 내려가기 (B1 → B2, 엘리베이터) | 5. [B2] 동작 방면 승강장으로 이동 | 6. [B2] 승차 (휠체어칸)"
S1_4_0560,4호선,총신대입구,1,출입구-승강장,4,14번 출입구 옆 엘리베이터 → 사당 방면,1F → B1 → B2,6,2,0,"14번 출입구 옆 엘리베이터(으)로 1개 층 내려가기 (1F → B1, 엘리베이터) → [B1] 대합실로 이동 → [B1] 표 내는 곳 통과 → 사당 방면 엘리베이터(으)로 1개 층 내려가기 (B1 → B2, 엘리베이터) → [B2] 사당 방면 승강장으로 이동 → [B2] 승차 (휠체어칸)","1. 14번 출입구 옆 엘리베이터(으)로 1개 층 내려가기 (1F → B1, 엘리베이터) | 2. [B1] 대합실로 이동 | 3. [B1] 표 내는 곳 통과 | 4. 사당 방면 엘리베이터(으)로 1개 층 내려가기 (B1 → B2, 엘리베이터) | 5. [B2] 사당 방면 승강장으로 이동 | 6. [B2] 승차 (휠체어칸)"
S1_4_0560,4호선,총신대입구,3,환승,1,4호선 동작 방면 → 7호선 내방 방면,B2 → B4 → B3 → B4,9,2,0,"[B2] 4호선 동작 방면 승강장 하차 → 7호선 환승통로 방향 휠체어리프트(으)로 2개 층 내려가기 (B2 → B4, 휠체어리프트) → [B4] 환승통로로 이동 → [B4] 7호선 방향 승강장으로 이동 → 대합실 방향 엘리베이터(으)로 1개 층 올라가기 (B4 → B3, 엘리베이터) → [B3] 7호선 대합실로 이동 → 7호선 내방 방면 엘리베이터(으)로 1개 층 내려가기 (B3 → B4, 엘리베이터) → [B4] 7호선 내방 방면 승강장으로 이동 → [B4] 승차 (휠체어칸)","1. [B2] 4호선 동작 방면 승강장 하차 | 2. 7호선 환승통로 방향 휠체어리프트(으)로 2개 층 내려가기 (B2 → B4, 휠체어리프트) | 3. [B4] 환승통로로 이동 | 4. [B4] 7호선 방향 승강장으로 이동 | 5. 대합실 방향 엘리베이터(으)로 1개 층 올라가기 (B4 → B3, 엘리베이터) | 6. [B3] 7호선 대합실로 이동 | 7. 7호선 내방 방면 엘리베이터(으)로 1개 층 내려가기 (B3 → B4, 엘리베이터) | 8. [B4] 7호선 내방 방면 승강장으로 이동 | 9. [B4] 승차 (휠체어칸)"
S1_4_0560,4호선,총신대입구,3,환승,2,4호선 동작 방면 → 7호선 남성 방면,B2 → B4,5,0,0,"[B2] 4호선 동작 방면 승강장 하차 → 7호선 환승통로 방향 휠체어리프트(으)로 2개 층 내려가기 (B2 → B4, 휠체어리프트) → [B4] 환승통로로 이동 → [B4] 7호선 남성 방면 승강장으로 이동 → [B4] 승차 (휠체어칸)","1. [B2] 4호선 동작 방면 승강장 하차 | 2. 7호선 환승통로 방향 휠체어리프트(으)로 2개 층 내려가기 (B2 → B4, 휠체어리프트) | 3. [B4] 환승통로로 이동 | 4. [B4] 7호선 남성 방면 승강장으로 이동 | 5. [B4] 승차 (휠체어칸)"
S1_4_0560,4호선,총신대입구,3,환승,3,4호선 사당 방면 → 7호선 내방 방면,B2 → B4 → B3 → B4,9,2,0,"[B2] 4호선 사당 방면 승강장 하차 → 7호선 환승통로 방향 휠체어리프트(으)로 2개 층 내려가기 (B2 → B4, 휠체어리프트) → [B4] 환승통로로 이동 → [B4] 7호선 방향 승강장으로 이동 → 대합실 방향 엘리베이터(으)로 1개 층 올라가기 (B4 → B3, 엘리베이터) → [B3] 7호선 대합실로 이동 → 7호선 내방 방면 엘리베이터(으)로 1개 층 내려가기 (B3 → B4, 엘리베이터) → [B4] 7호선 내방 방면 승강장으로 이동 → [B4] 승차 (휠체어칸)","1. [B2] 4호선 사당 방면 승강장 하차 | 2. 7호선 환승통로 방향 휠체어리프트(으)로 2개 층 내려가기 (B2 → B4, 휠체어리프트) | 3. [B4] 환승통로로 이동 | 4. [B4] 7호선 방향 승강장으로 이동 | 5. 대합실 방향 엘리베이터(으)로 1개 층 올라가기 (B4 → B3, 엘리베이터) | 6. [B3] 7호선 대합실로 이동 | 7. 7호선 내방 방면 엘리베이터(으)로 1개 층 내려가기 (B3 → B4, 엘리베이터) | 8. [B4] 7호선 내방 방면 승강장으로 이동 | 9. [B4] 승차 (휠체어칸)"
S1_4_0560,4호선,총신대입구,3,환승,4,4호선 사당 방면 → 7호선 남성 방면,B2 → B4,5,0,0,"[B2] 4호선 사당 방면 승강장 하차 → 7호선 환승통로 방향 휠체어리프트(으)로 2개 층 내려가기 (B2 → B4, 휠체어리프트) → [B4] 환승통로로 이동 → [B4] 7호선 남성 방면 승강장으로 이동 → [B4] 승차 (휠체어칸)","1. [B2] 4호선 사당 방면 승강장 하차 | 2. 7호선 환승통로 방향 휠체어리프트(으)로 2개 층 내려가기 (B2 → B4, 휠체어리프트) | 3. [B4] 환승통로로 이동 | 4. [B4] 7호선 남성 방면 승강장으로 이동 | 5. [B4] 승차 (휠체어칸)"
S1_4_0257,4호선,사당,1,출입구-승강장,1,6번 출입구 옆 엘리베이터 → 총신대입구 방면,1F → B1 → B3,6,2,0,"6번 출입구 옆 엘리베이터(으)로 1개 층 내려가기 (1F → B1, 엘리베이터) → [B1] 2호선 대합실로 이동 → [B1] 표 내는 곳 통과 → 4호선 승강장 방향 엘리베이터(으)로 2개 층 내려가기 (B1 → B3, 엘리베이터) → [B3] 총신대입구 방면 승강장으로 이동 → [B3] 승차 (휠체어칸)","1. 6번 출입구 옆 엘리베이터(으)로 1개 층 내려가기 (1F → B1, 엘리베이터) | 2. [B1] 2호선 대합실로 이동 | 3. [B1] 표 내는 곳 통과 | 4. 4호선 승강장 방향 엘리베이터(으)로 2개 층 내려가기 (B1 → B3, 엘리베이터) | 5. [B3] 총신대입구 방면 승강장으로 이동 | 6. [B3] 승차 (휠체어칸)"
S1_4_0257,4호선,사당,1,출입구-승강장,2,6번 출입구 옆 엘리베이터 → 남태령 방면,1F → B1 → B3,6,2,0,"6번 출입구 옆 엘리베이터(으)로 1개 층 내려가기 (1F → B1, 엘리베이터) → [B1] 2호선 대합실로 이동 → [B1] 표 내는 곳 통과 → 4호선 승강장 방향 엘리베이터(으)로 2개 층 내려가기 (B1 → B3, 엘리베이터) → [B3] 남태령 방면 승강장으로 이동 → [B3] 승차 (휠체어칸)","1. 6번 출입구 옆 엘리베이터(으)로 1개 층 내려가기 (1F → B1, 엘리베이터) | 2. [B1] 2호선 대합실로 이동 | 3. [B1] 표 내는 곳 통과 | 4. 4호선 승강장 방향 엘리베이터(으)로 2개 층 내려가기 (B1 → B3, 엘리베이터) | 5. [B3] 남태령 방면 승강장으로 이동 | 6. [B3] 승차 (휠체어칸)"
S1_4_0257,4호선,사당,1,출입구-승강장,3,14번 출입구 옆 엘리베이터 → 총신대입구 방면,1F → B1 → B3,6,2,0,"14번 출입구 옆 엘리베이터(으)로 1개 층 내려가기 (1F → B1, 엘리베이터) → [B1] 2호선 대합실로 이동 → [B1] 표 내는 곳 통과 → 4호선 승강장 방향 엘리베이터(으)로 2개 층 내려가기 (B1 → B3, 엘리베이터) → [B3] 총신대입구 방면 승강장으로 이동 → [B3] 승차 (휠체어칸)","1. 14번 출입구 옆 엘리베이터(으)로 1개 층 내려가기 (1F → B1, 엘리베이터) | 2. [B1] 2호선 대합실로 이동 | 3. [B1] 표 내는 곳 통과 | 4. 4호선 승강장 방향 엘리베이터(으)로 2개 층 내려가기 (B1 → B3, 엘리베이터) | 5. [B3] 총신대입구 방면 승강장으로 이동 | 6. [B3] 승차 (휠체어칸)"
S1_4_0257,4호선,사당,1,출입구-승강장,4,14번 출입구 옆 엘리베이터 → 남태령 방면,1F → B1 → B3,6,2,0,"14번 출입구 옆 엘리베이터(으)로 1개 층 내려가기 (1F → B1, 엘리베이터) → [B1] 2호선 대합실로 이동 → [B1] 표 내는 곳 통과 → 4호선 승강장 방향 엘리베이터(으)로 2개 층 내려가기 (B1 → B3, 엘리베이터) → [B3] 남태령 방면 승강장으로 이동 → [B3] 승차 (휠체어칸)","1. 14번 출입구 옆 엘리베이터(으)로 1개 층 내려가기 (1F → B1, 엘리베이터) | 2. [B1] 2호선 대합실로 이동 | 3. [B1] 표 내는 곳 통과 | 4. 4호선 승강장 방향 엘리베이터(으)로 2개 층 내려가기 (B1 → B3, 엘리베이터) | 5. [B3] 남태령 방면 승강장으로 이동 | 6. [B3] 승차 (휠체어칸)"
S1_4_0257,4호선,사당,3,환승,1,4호선 총신대입구 방면 → 2호선 방배 방면,B3 → B1 → B2,7,2,0,"[B3] 4호선 총신대입구 방면 승강장 하차 → 대합실 방향 엘리베이터(으)로 2개 층 올라가기 (B3 → B1, 엘리베이터) → [B1] 2호선 대합실로 이동 → [B1] 표 내는 곳 통과 → 2호선 방배 방면 엘리베이터(으)로 1개 층 내려가기 (B1 → B2, 엘리베이터) → [B2] 2호선 방배 방면 승강장으로 이동 → [B2] 승차 (휠체어칸)","1. [B3] 4호선 총신대입구 방면 승강장 하차 | 2. 대합실 방향 엘리베이터(으)로 2개 층 올라가기 (B3 → B1, 엘리베이터) | 3. [B1] 2호선 대합실로 이동 | 4. [B1] 표 내는 곳 통과 | 5. 2호선 방배 방면 엘리베이터(으)로 1개 층 내려가기 (B1 → B2, 엘리베이터) | 6. [B2] 2호선 방배 방면 승강장으로 이동 | 7. [B2] 승차 (휠체어칸)"
S1_4_0257,4호선,사당,3,환승,2,4호선 총신대입구 방면 → 2호선 낙성대 방면,B3 → B2,4,1,0,"[B3] 4호선 총신대입구 방면 승강장 하차 → 대합실 방향 엘리베이터(으)로 1개 층 올라가기 (B3 → B2, 엘리베이터) → [B2] 2호선 낙성대 방면 승강장으로 이동 → [B2] 승차 (휠체어칸)","1. [B3] 4호선 총신대입구 방면 승강장 하차 | 2. 대합실 방향 엘리베이터(으)로 1개 층 올라가기 (B3 → B2, 엘리베이터) | 3. [B2] 2호선 낙성대 방면 승강장으로 이동 | 4. [B2] 승차 (휠체어칸)"
S1_4_0257,4호선,사당,3,환승,3,4호선 남태령 방면 → 2호선 방배 방면,B3 → B1 → B2,7,2,0,"[B3] 4호선 남태령 방면 승강장 하차 → 대합실 방향 엘리베이터(으)로 2개 층 올라가기 (B3 → B1, 엘리베이터) → [B1] 2호선 대합실로 이동 → [B1] 표 내는 곳 통과 → 2호선 방배 방면 엘리베이터(으)로 1개 층 내려가기 (B1 → B2, 엘리베이터) → [B2] 2호선 방배 방면 승강장으로 이동 → [B2] 승차 (휠체어칸)","1. [B3] 4호선 남태령 방면 승강장 하차 | 2. 대합실 방향 엘리베이터(으)로 2개 층 올라가기 (B3 → B1, 엘리베이터) | 3. [B1] 2호선 대합실로 이동 | 4. [B1] 표 내는 곳 통과 | 5. 2호선 방배 방면 엘리베이터(으)로 1개 층 내려가기 (B1 → B2, 엘리베이터) | 6. [B2] 2호선 방배 방면 승강장으로 이동 | 7. [B2] 승차 (휠체어칸)"
S1_4_0257,4호선,사당,3,환승,4,4호선 남태령 방면 → 2호선 낙성대 방면,B3 → B2,4,1,0,"[B3] 4호선 남태령 방면 승강장 하차 → 대합실 방향 엘리베이터(으)로 1개 층 올라가기 (B3 → B2, 엘리베이터) → [B2] 2호선 낙성대 방면 승강장으로 이동 → [B2] 승차 (휠체어칸)","1. [B3] 4호선 남태령 방면 승강장 하차 | 2. 대합실 방향 엘리베이터(으)로 1개 층 올라가기 (B3 → B2, 엘리베이터) | 3. [B2] 2호선 낙성대 방면 승강장으로 이동 | 4. [B2] 승차 (휠체어칸)"
S1_4_0110,4호선,남태령,1,출입구-승강장,1,2번 출입구 옆 엘리베이터 → 사당 방면,1F → B1 → B2 → B3,8,3,0,"2번 출입구 옆 엘리베이터(으)로 1개 층 내려가기 (1F → B1, 엘리베이터) → [B1] 대합실로 이동 → 대합실 방향 엘리베이터(으)로 1개 층 내려가기 (B1 → B2, 엘리베이터) → [B2] 대합실로 이동 → [B2] 표 내는 곳 통과 → 승강장 방향 엘리베이터(으)로 1개 층 내려가기 (B2 → B3, 엘리베이터) → [B3] 사당 방면 승강장으로 이동 → [B3] 승차 (휠체어칸)","1. 2번 출입구 옆 엘리베이터(으)로 1개 층 내려가기 (1F → B1, 엘리베이터) | 2. [B1] 대합실로 이동 | 3. 대합실 방향 엘리베이터(으)로 1개 층 내려가기 (B1 → B2, 엘리베이터) | 4. [B2] 대합실로 이동 | 5. [B2] 표 내는 곳 통과 | 6. 승강장 방향 엘리베이터(으)로 1개 층 내려가기 (B2 → B3, 엘리베이터) | 7. [B3] 사당 방면 승강장으로 이동 | 8. [B3] 승차 (휠체어칸)"
S1_4_0110,4호선,남태령,1,출입구-승강장,2,2번 출입구 옆 엘리베이터 → 선바위 방면,1F → B1 → B2 → B3,8,3,0,"2번 출입구 옆 엘리베이터(으)로 1개 층 내려가기 (1F → B1, 엘리베이터) → [B1] 대합실로 이동 → 대합실 방향 엘리베이터(으)로 1개 층 내려가기 (B1 → B2, 엘리베이터) → [B2] 대합실로 이동 → [B2] 표 내는 곳 통과 → 승강장 방향 엘리베이터(으)로 1개 층 내려가기 (B2 → B3, 엘리베이터) → [B3] 선바위 방면 승강장으로 이동 → [B3] 승차 (휠체어칸)","1. 2번 출입구 옆 엘리베이터(으)로 1개 층 내려가기 (1F → B1, 엘리베이터) | 2. [B1] 대합실로 이동 | 3. 대합실 방향 엘리베이터(으)로 1개 층 내려가기 (B1 → B2, 엘리베이터) | 4. [B2] 대합실로 이동 | 5. [B2] 표 내는 곳 통과 | 6. 승강장 방향 엘리베이터(으)로 1개 층 내려가기 (B2 → B3, 엘리베이터) | 7. [B3] 선바위 방면 승강장으로 이동 | 8. [B3] 승차 (휠체어칸)"
KR_4_0307,4호선,선바위,1,출입구-승강장,1,1번 출입구 옆 엘리베이터 → 남태령 방면,1F → B1 → B2,6,2,0,"1번 출입구 옆 엘리베이터(으)로 1개 층 내려가기 (1F → B1, 엘리베이터) → [B1] 대합실로 이동 → [B1] 남태령 방면 엘리베이터 앞 표 내는 곳 통과 → 남태령 방면 엘리베이터(으)로 1개 층 내려가기 (B1 → B2, 엘리베이터) → [B2] 남태령 방면 승강장으로 이동 → [B2] 승차 (휠체어칸)","1. 1번 출입구 옆 엘리베이터(으)로 1개 층 내려가기 (1F → B1, 엘리베이터) | 2. [B1] 대합실로 이동 | 3. [B1] 남태령 방면 엘리베이터 앞 표 내는 곳 통과 | 4. 남태령 방면 엘리베이터(으)로 1개 층 내려가기 (B1 → B2, 엘리베이터) | 5. [B2] 남태령 방면 승강장으로 이동 | 6. [B2] 승차 (휠체어칸)"
KR_4_0307,4호선,선바위,1,출입구-승강장,2,1번 출입구 옆 엘리베이터 → 경마공원 방면,1F → B1 → B2,6,2,0,"1번 출입구 옆 엘리베이터(으)로 1개 층 내려가기 (1F → B1, 엘리베이터) → [B1] 대합실로 이동 → [B1] 경마공원 방면 엘리베이터 앞 표 내는 곳 통과 → 경마공원 방면 엘리베이터(으)로 1개 층 내려가기 (B1 → B2, 엘리베이터) → [B2] 경마공원 방면 승강장으로 이동 → [B2] 승차 (휠체어칸)","1. 1번 출입구 옆 엘리베이터(으)로 1개 층 내려가기 (1F → B1, 엘리베이터) | 2. [B1] 대합실로 이동 | 3. [B1] 경마공원 방면 엘리베이터 앞 표 내는 곳 통과 | 4. 경마공원 방면 엘리베이터(으)로 1개 층 내려가기 (B1 → B2, 엘리베이터) | 5. [B2] 경마공원 방면 승강장으로 이동 | 6. [B2] 승차 (휠체어칸)"
KR_4_0039,4호선,경마공원,1,출입구-승강장,1,2번 출입구 옆 엘리베이터 → 선바위 방면,1F → B1 → B2,6,2,0,"2번 출입구 옆 엘리베이터(으)로 1개 층 내려가기 (1F → B1, 엘리베이터) → [B1] 대합실로 이동 → [B1] 표 내는 곳 통과 → 선바위 방면 엘리베이터(으)로 1개 층 내려가기 (B1 → B2, 엘리베이터) → [B2] 선바위 방면 승강장으로 이동 → [B2] 승차 (휠체어칸)","1. 2번 출입구 옆 엘리베이터(으)로 1개 층 내려가기 (1F → B1, 엘리베이터) | 2. [B1] 대합실로 이동 | 3. [B1] 표 내는 곳 통과 | 4. 선바위 방면 엘리베이터(으)로 1개 층 내려가기 (B1 → B2, 엘리베이터) | 5. [B2] 선바위 방면 승강장으로 이동 | 6. [B2] 승차 (휠체어칸)"
KR_4_0039,4호선,경마공원,1,출입구-승강장,2,2번 출입구 옆 엘리베이터 → 대공원 방면,1F → B1 → B2,6,2,0,"2번 출입구 옆 엘리베이터(으)로 1개 층 내려가기 (1F → B1, 엘리베이터) → [B1] 대합실로 이동 → [B1] 표 내는 곳 통과 → 대공원 방면 엘리베이터(으)로 1개 층 내려가기 (B1 → B2, 엘리베이터) → [B2] 대공원 방면 승강장으로 이동 → [B2] 승차 (휠체어칸)","1. 2번 출입구 옆 엘리베이터(으)로 1개 층 내려가기 (1F → B1, 엘리베이터) | 2. [B1] 대합실로 이동 | 3. [B1] 표 내는 곳 통과 | 4. 대공원 방면 엘리베이터(으)로 1개 층 내려가기 (B1 → B2, 엘리베이터) | 5. [B2] 대공원 방면 승강장으로 이동 | 6. [B2] 승차 (휠체어칸)"
KR_4_0039,4호선,경마공원,1,출입구-승강장,3,5번 출입구 옆 엘리베이터 → 선바위 방면,1F → B1 → B2,6,2,0,"5번 출입구 옆 엘리베이터(으)로 1개 층 내려가기 (1F → B1, 엘리베이터) → [B1] 대합실로 이동 → [B1] 표 내는 곳 통과 → 선바위 방면 엘리베이터(으)로 1개 층 내려가기 (B1 → B2, 엘리베이터) → [B2] 선바위 방면 승강장으로 이동 → [B2] 승차 (휠체어칸)","1. 5번 출입구 옆 엘리베이터(으)로 1개 층 내려가기 (1F → B1, 엘리베이터) | 2. [B1] 대합실로 이동 | 3. [B1] 표 내는 곳 통과 | 4. 선바위 방면 엘리베이터(으)로 1개 층 내려가기 (B1 → B2, 엘리베이터) | 5. [B2] 선바위 방면 승강장으로 이동 | 6. [B2] 승차 (휠체어칸)"
KR_4_0039,4호선,경마공원,1,출입구-승강장,4,5번 출입구 옆 엘리베이터 → 대공원 방면,1F → B1 → B2,6,2,0,"5번 출입구 옆 엘리베이터(으)로 1개 층 내려가기 (1F → B1, 엘리베이터) → [B1] 대합실로 이동 → [B1] 표 내는 곳 통과 → 대공원 방면 엘리베이터(으)로 1개 층 내려가기 (B1 → B2, 엘리베이터) → [B2] 대공원 방면 승강장으로 이동 → [B2] 승차 (휠체어칸)","1. 5번 출입구 옆 엘리베이터(으)로 1개 층 내려가기 (1F → B1, 엘리베이터) | 2. [B1] 대합실로 이동 | 3. [B1] 표 내는 곳 통과 | 4. 대공원 방면 엘리베이터(으)로 1개 층 내려가기 (B1 → B2, 엘리베이터) | 5. [B2] 대공원 방면 승강장으로 이동 | 6. [B2] 승차 (휠체어칸)"
KR_4_0129,4호선,대공원,1,출입구-승강장,1,1번 출입구 옆 엘리베이터 → 경마공원 방면,1F → B1 → B2,6,2,0,"1번 출입구 옆 엘리베이터(으)로 1개 층 내려가기 (1F → B1, 엘리베이터) → [B1] 대합실로 이동 → [B1] 표 내는 곳 통과 → 경마공원 방면 엘리베이터(으)로 1개 층 내려가기 (B1 → B2, 엘리베이터) → [B2] 경마공원 방면 승강장으로 이동 → [B2] 승차 (휠체어칸)","1. 1번 출입구 옆 엘리베이터(으)로 1개 층 내려가기 (1F → B1, 엘리베이터) | 2. [B1] 대합실로 이동 | 3. [B1] 표 내는 곳 통과 | 4. 경마공원 방면 엘리베이터(으)로 1개 층 내려가기 (B1 → B2, 엘리베이터) | 5. [B2] 경마공원 방면 승강장으로 이동 | 6. [B2] 승차 (휠체어칸)"
KR_4_0129,4호선,대공원,1,출입구-승강장,2,1번 출입구 옆 엘리베이터 → 과천 방면,1F → B1 → B2,6,2,0,"1번 출입구 옆 엘리베이터(으)로 1개 층 내려가기 (1F → B1, 엘리베이터) → [B1] 대합실로 이동 → [B1] 표 내는 곳 통과 → 과천 방면 엘리베이터(으)로 1개 층 내려가기 (B1 → B2, 엘리베이터) → [B2] 과천 방면 승강장으로 이동 → [B2] 승차 (휠체어칸)","1. 1번 출입구 옆 엘리베이터(으)로 1개 층 내려가기 (1F → B1, 엘리베이터) | 2. [B1] 대합실로 이동 | 3. [B1] 표 내는 곳 통과 | 4. 과천 방면 엘리베이터(으)로 1개 층 내려가기 (B1 → B2, 엘리베이터) | 5. [B2] 과천 방면 승강장으로 이동 | 6. [B2] 승차 (휠체어칸)"
KR_4_0129,4호선,대공원,1,출입구-승강장,3,5번 출입구 옆 엘리베이터 → 경마공원 방면,1F → B1 → B2,6,2,0,"5번 출입구 옆 엘리베이터(으)로 1개 층 내려가기 (1F → B1, 엘리베이터) → [B1] 대합실로 이동 → [B1] 표 내는 곳 통과 → 경마공원 방면 엘리베이터(으)로 1개 층 내려가기 (B1 → B2, 엘리베이터) → [B2] 경마공원 방면 승강장으로 이동 → [B2] 승차 (휠체어칸)","1. 5번 출입구 옆 엘리베이터(으)로 1개 층 내려가기 (1F → B1, 엘리베이터) | 2. [B1] 대합실로 이동 | 3. [B1] 표 내는 곳 통과 | 4. 경마공원 방면 엘리베이터(으)로 1개 층 내려가기 (B1 → B2, 엘리베이터) | 5. [B2] 경마공원 방면 승강장으로 이동 | 6. [B2] 승차 (휠체어칸)"
KR_4_0129,4호선,대공원,1,출입구-승강장,4,5번 출입구 옆 엘리베이터 → 과천 방면,1F → B1 → B2,6,2,0,"5번 출입구 옆 엘리베이터(으)로 1개 층 내려가기 (1F → B1, 엘리베이터) → [B1] 대합실로 이동 → [B1] 표 내는 곳 통과 → 과천 방면 엘리베이터(으)로 1개 층 내려가기 (B1 → B2, 엘리베이터) → [B2] 과천 방면 승강장으로 이동 → [B2] 승차 (휠체어칸)","1. 5번 출입구 옆 엘리베이터(으)로 1개 층 내려가기 (1F → B1, 엘리베이터) | 2. [B1] 대합실로 이동 | 3. [B1] 표 내는 곳 통과 | 4. 과천 방면 엘리베이터(으)로 1개 층 내려가기 (B1 → B2, 엘리베이터) | 5. [B2] 과천 방면 승강장으로 이동 | 6. [B2] 승차 (휠체어칸)"
KR_4_0058,4호선,과천,1,출입구-승강장,1,2번 출입구 옆 엘리베이터 → 대공원 방면,1F → B1 → B2,6,2,0,"2번 출입구 옆 엘리베이터(으)로 1개 층 내려가기 (1F → B1, 엘리베이터) → [B1] 대합실로 이동 → [B1] 표 내는 곳 통과 → 대공원 방면 엘리베이터(으)로 1개 층 내려가기 (B1 → B2, 엘리베이터) → [B2] 대공원 방면 승강장으로 이동 → [B2] 승차 (휠체어칸)","1. 2번 출입구 옆 엘리베이터(으)로 1개 층 내려가기 (1F → B1, 엘리베이터) | 2. [B1] 대합실로 이동 | 3. [B1] 표 내는 곳 통과 | 4. 대공원 방면 엘리베이터(으)로 1개 층 내려가기 (B1 → B2, 엘리베이터) | 5. [B2] 대공원 방면 승강장으로 이동 | 6. [B2] 승차 (휠체어칸)"
KR_4_0058,4호선,과천,1,출입구-승강장,2,2번 출입구 옆 엘리베이터 → 정부과천청사 방면,1F → B1 → B2,6,2,0,"2번 출입구 옆 엘리베이터(으)로 1개 층 내려가기 (1F → B1, 엘리베이터) → [B1] 대합실로 이동 → [B1] 표 내는 곳 통과 → 정부과천청사 방면 엘리베이터(으)로 1개 층 내려가기 (B1 → B2, 엘리베이터) → [B2] 정부과천청사 방면 승강장으로 이동 → [B2] 승차 (휠체어칸)","1. 2번 출입구 옆 엘리베이터(으)로 1개 층 내려가기 (1F → B1, 엘리베이터) | 2. [B1] 대합실로 이동 | 3. [B1] 표 내는 곳 통과 | 4. 정부과천청사 방면 엘리베이터(으)로 1개 층 내려가기 (B1 → B2, 엘리베이터) | 5. [B2] 정부과천청사 방면 승강장으로 이동 | 6. [B2] 승차 (휠체어칸)"
KR_4_0058,4호선,과천,1,출입구-승강장,3,6번 출입구 옆 엘리베이터 → 대공원 방면,1F → B1 → B2,6,2,0,"6번 출입구 옆 엘리베이터(으)로 1개 층 내려가기 (1F → B1, 엘리베이터) → [B1] 대합실로 이동 → [B1] 표 내는 곳 통과 → 대공원 방면 엘리베이터(으)로 1개 층 내려가기 (B1 → B2, 엘리베이터) → [B2] 대공원 방면 승강장으로 이동 → [B2] 승차 (휠체어칸)","1. 6번 출입구 옆 엘리베이터(으)로 1개 층 내려가기 (1F → B1, 엘리베이터) | 2. [B1] 대합실로 이동 | 3. [B1] 표 내는 곳 통과 | 4. 대공원 방면 엘리베이터(으)로 1개 층 내려가기 (B1 → B2, 엘리베이터) | 5. [B2] 대공원 방면 승강장으로 이동 | 6. [B2] 승차 (휠체어칸)"
KR_4_0058,4호선,과천,1,출입구-승강장,4,6번 출입구 옆 엘리베이터 → 정부과천청사 방면,1F → B1 → B2,6,2,0,"6번 출입구 옆 엘리베이터(으)로 1개 층 내려가기 (1F → B1, 엘리베이터) → [B1] 대합실로 이동 → [B1] 표 내는 곳 통과 → 정부과천청사 방면 엘리베이터(으)로 1개 층 내려가기 (B1 → B2, 엘리베이터) → [B2] 정부과천청사 방면 승강장으로 이동 → [B2] 승차 (휠체어칸)","1. 6번 출입구 옆 엘리베이터(으)로 1개 층 내려가기 (1F → B1, 엘리베이터) | 2. [B1] 대합실로 이동 | 3. [B1] 표 내는 곳 통과 | 4. 정부과천청사 방면 엘리베이터(으)로 1개 층 내려가기 (B1 → B2, 엘리베이터) | 5. [B2] 정부과천청사 방면 승강장으로 이동 | 6. [B2] 승차 (휠체어칸)"
KR_4_0058,4호선,과천,1,출입구-승강장,5,7번 출입구 옆 엘리베이터 → 대공원 방면,1F → B1 → B2,6,2,0,"7번 출입구 옆 엘리베이터(으)로 1개 층 내려가기 (1F → B1, 엘리베이터) → [B1] 대합실로 이동 → [B1] 표 내는 곳 통과 → 대공원 방면 엘리베이터(으)로 1개 층 내려가기 (B1 → B2, 엘리베이터) → [B2] 대공원 방면 승강장으로 이동 → [B2] 승차 (휠체어칸)","1. 7번 출입구 옆 엘리베이터(으)로 1개 층 내려가기 (1F → B1, 엘리베이터) | 2. [B1] 대합실로 이동 | 3. [B1] 표 내는 곳 통과 | 4. 대공원 방면 엘리베이터(으)로 1개 층 내려가기 (B1 → B2, 엘리베이터) | 5. [B2] 대공원 방면 승강장으로 이동 | 6. [B2] 승차 (휠체어칸)"
KR_4_0058,4호선,과천,1,출입구-승강장,6,7번 출입구 옆 엘리베이터 → 정부과천청사 방면,1F → B1 → B2,6,2,0,"7번 출입구 옆 엘리베이터(으)로 1개 층 내려가기 (1F → B1, 엘리베이터) → [B1] 대합실로 이동 → [B1] 표 내는 곳 통과 → 정부과천청사 방면 엘리베이터(으)로 1개 층 내려가기 (B1 → B2, 엘리베이터) → [B2] 정부과천청사 방면 승강장으로 이동 → [B2] 승차 (휠체어칸)","1. 7번 출입구 옆 엘리베이터(으)로 1개 층 내려가기 (1F → B1, 엘리베이터) | 2. [B1] 대합실로 이동 | 3. [B1] 표 내는 곳 통과 | 4. 정부과천청사 방면 엘리베이터(으)로 1개 층 내려가기 (B1 → B2, 엘리베이터) | 5. [B2] 정부과천청사 방면 승강장으로 이동 | 6. [B2] 승차 (휠체어칸)"
KR_4_0509,4호선,정부과천청사,1,출입구-승강장,1,1번/2번 출입구 사이 엘리베이터 → 과천 방면,1F → B1 → B2,6,2,0,"1번/2번 출입구 사이 엘리베이터(으)로 1개 층 내려가기 (1F → B1, 엘리베이터) → [B1] 대합실로 이동 → [B1] 표 내는 곳 통과 → 과천 방면 엘리베이터(으)로 1개 층 내려가기 (B1 → B2, 엘리베이터) → [B2] 과천 방면 승강장으로 이동 → [B2] 승차 (휠체어칸)","1. 1번/2번 출입구 사이 엘리베이터(으)로 1개 층 내려가기 (1F → B1, 엘리베이터) | 2. [B1] 대합실로 이동 | 3. [B1] 표 내는 곳 통과 | 4. 과천 방면 엘리베이터(으)로 1개 층 내려가기 (B1 → B2, 엘리베이터) | 5. [B2] 과천 방면 승강장으로 이동 | 6. [B2] 승차 (휠체어칸)"
KR_4_0509,4호선,정부과천청사,1,출입구-승강장,2,1번/2번 출입구 사이 엘리베이터 → 인덕원 방면,1F → B1 → B2,6,2,0,"1번/2번 출입구 사이 엘리베이터(으)로 1개 층 내려가기 (1F → B1, 엘리베이터) → [B1] 대합실로 이동 → [B1] 표 내는 곳 통과 → 인덕원 방면 엘리베이터(으)로 1개 층 내려가기 (B1 → B2, 엘리베이터) → [B2] 인덕원 방면 승강장으로 이동 → [B2] 승차 (휠체어칸)","1. 1번/2번 출입구 사이 엘리베이터(으)로 1개 층 내려가기 (1F → B1, 엘리베이터) | 2. [B1] 대합실로 이동 | 3. [B1] 표 내는 곳 통과 | 4. 인덕원 방면 엘리베이터(으)로 1개 층 내려가기 (B1 → B2, 엘리베이터) | 5. [B2] 인덕원 방면 승강장으로 이동 | 6. [B2] 승차 (휠체어칸)"
KR_4_0509,4호선,정부과천청사,1,출입구-승강장,3,5번 출입구 옆 엘리베이터 → 과천 방면,1F → B1 → B2,6,2,0,"5번 출입구 옆 엘리베이터(으)로 1개 층 내려가기 (1F → B1, 엘리베이터) → [B1] 대합실로 이동 → [B1] 표 내는 곳 통과 → 과천 방면 엘리베이터(으)로 1개 층 내려가기 (B1 → B2, 엘리베이터) → [B2] 과천 방면 승강장으로 이동 → [B2] 승차 (휠체어칸)","1. 5번 출입구 옆 엘리베이터(으)로 1개 층 내려가기 (1F → B1, 엘리베이터) | 2. [B1] 대합실로 이동 | 3. [B1] 표 내는 곳 통과 | 4. 과천 방면 엘리베이터(으)로 1개 층 내려가기 (B1 → B2, 엘리베이터) | 5. [B2] 과천 방면 승강장으로 이동 | 6. [B2] 승차 (휠체어칸)"
KR_4_0509,4호선,정부과천청사,1,출입구-승강장,4,5번 출입구 옆 엘리베이터 → 인덕원 방면,1F → B1 → B2,6,2,0,"5번 출입구 옆 엘리베이터(으)로 1개 층 내려가기 (1F → B1, 엘리베이터) → [B1] 대합실로 이동 → [B1] 표 내는 곳 통과 → 인덕원 방면 엘리베이터(으)로 1개 층 내려가기 (B1 → B2, 엘리베이터) → [B2] 인덕원 방면 승강장으로 이동 → [B2] 승차 (휠체어칸)","1. 5번 출입구 옆 엘리베이터(으)로 1개 층 내려가기 (1F → B1, 엘리베이터) | 2. [B1] 대합실로 이동 | 3. [B1] 표 내는 곳 통과 | 4. 인덕원 방면 엘리베이터(으)로 1개 층 내려가기 (B1 → B2, 엘리베이터) | 5. [B2] 인덕원 방면 승강장으로 이동 | 6. [B2] 승차 (휠체어칸)"
KR_4_0509,4호선,정부과천청사,1,출입구-승강장,5,8번 출입구 옆 엘리베이터 → 과천 방면,1F → B1 → B2,6,2,0,"8번 출입구 옆 엘리베이터(으)로 1개 층 내려가기 (1F → B1, 엘리베이터) → [B1] 대합실로 이동 → [B1] 표 내는 곳 통과 → 과천 방면 엘리베이터(으)로 1개 층 내려가기 (B1 → B2, 엘리베이터) → [B2] 과천 방면 승강장으로 이동 → [B2] 승차 (휠체어칸)","1. 8번 출입구 옆 엘리베이터(으)로 1개 층 내려가기 (1F → B1, 엘리베이터) | 2. [B1] 대합실로 이동 | 3. [B1] 표 내는 곳 통과 | 4. 과천 방면 엘리베이터(으)로 1개 층 내려가기 (B1 → B2, 엘리베이터) | 5. [B2] 과천 방면 승강장으로 이동 | 6. [B2] 승차 (휠체어칸)"
KR_4_0509,4호선,정부과천청사,1,출입구-승강장,6,8번 출입구 옆 엘리베이터 → 인덕원 방면,1F → B1 → B2,6,2,0,"8번 출입구 옆 엘리베이터(으)로 1개 층 내려가기 (1F → B1, 엘리베이터) → [B1] 대합실로 이동 → [B1] 표 내는 곳 통과 → 인덕원 방면 엘리베이터(으)로 1개 층 내려가기 (B1 → B2, 엘리베이터) → [B2] 인덕원 방면 승강장으로 이동 → [B2] 승차 (휠체어칸)","1. 8번 출입구 옆 엘리베이터(으)로 1개 층 내려가기 (1F → B1, 엘리베이터) | 2. [B1] 대합실로 이동 | 3. [B1] 표 내는 곳 통과 | 4. 인덕원 방면 엘리베이터(으)로 1개 층 내려가기 (B1 → B2, 엘리베이터) | 5. [B2] 인덕원 방면 승강장으로 이동 | 6. [B2] 승차 (휠체어칸)"
KR_4_0480,4호선,인덕원,1,출입구-승강장,1,3번 출입구 옆 엘리베이터 → 정부과천청사 방면,1F → B1 → B2,6,2,0,"3번 출입구 옆 엘리베이터(으)로 1개 층 내려가기 (1F → B1, 엘리베이터) → [B1] 대합실로 이동 → [B1] 표 내는 곳 통과 → 정부과천청사 방면 엘리베이터(으)로 1개 층 내려가기 (B1 → B2, 엘리베이터) → [B2] 정부과천청사 방면 승강장으로 이동 → [B2] 승차 (휠체어칸)","1. 3번 출입구 옆 엘리베이터(으)로 1개 층 내려가기 (1F → B1, 엘리베이터) | 2. [B1] 대합실로 이동 | 3. [B1] 표 내는 곳 통과 | 4. 정부과천청사 방면 엘리베이터(으)로 1개 층 내려가기 (B1 → B2, 엘리베이터) | 5. [B2] 정부과천청사 방면 승강장으로 이동 | 6. [B2] 승차 (휠체어칸)"
KR_4_0480,4호선,인덕원,1,출입구-승강장,2,3번 출입구 옆 엘리베이터 → 평촌 방면,1F → B1 → B2,6,2,0,"3번 출입구 옆 엘리베이터(으)로 1개 층 내려가기 (1F → B1, 엘리베이터) → [B1] 대합실로 이동 → [B1] 표 내는 곳 통과 → 평촌 방면 엘리베이터(으)로 1개 층 내려가기 (B1 → B2, 엘리베이터) → [B2] 평촌 방면 승강장으로 이동 → [B2] 승차 (휠체어칸)","1. 3번 출입구 옆 엘리베이터(으)로 1개 층 내려가기 (1F → B1, 엘리베이터) | 2. [B1] 대합실로 이동 | 3. [B1] 표 내는 곳 통과 | 4. 평촌 방면 엘리베이터(으)로 1개 층 내려가기 (B1 → B2, 엘리베이터) | 5. [B2] 평촌 방면 승강장으로 이동 | 6. [B2] 승차 (휠체어칸)"
KR_4_0480,4호선,인덕원,1,출입구-승강장,3,4번 출입구 옆 엘리베이터 → 정부과천청사 방면,1F → B1 → B2,6,2,0,"4번 출입구 옆 엘리베이터(으)로 1개 층 내려가기 (1F → B1, 엘리베이터) → [B1] 대합실로 이동 → [B1] 표 내는 곳 통과 → 정부과천청사 방면 엘리베이터(으)로 1개 층 내려가기 (B1 → B2, 엘리베이터) → [B2] 정부과천청사 방면 승강장으로 이동 → [B2] 승차 (휠체어칸)","1. 4번 출입구 옆 엘리베이터(으)로 1개 층 내려가기 (1F → B1, 엘리베이터) | 2. [B1] 대합실로 이동 | 3. [B1] 표 내는 곳 통과 | 4. 정부과천청사 방면 엘리베이터(으)로 1개 층 내려가기 (B1 → B2, 엘리베이터) | 5. [B2] 정부과천청사 방면 승강장으로 이동 | 6. [B2] 승차 (휠체어칸)"
KR_4_0480,4호선,인덕원,1,출입구-승강장,4,4번 출입구 옆 엘리베이터 → 평촌 방면,1F → B1 → B2,6,2,0,"4번 출입구 옆 엘리베이터(으)로 1개 층 내려가기 (1F → B1, 엘리베이터) → [B1] 대합실로 이동 → [B1] 표 내는 곳 통과 → 평촌 방면 엘리베이터(으)로 1개 층 내려가기 (B1 → B2, 엘리베이터) → [B2] 평촌 방면 승강장으로 이동 → [B2] 승차 (휠체어칸)","1. 4번 출입구 옆 엘리베이터(으)로 1개 층 내려가기 (1F → B1, 엘리베이터) | 2. [B1] 대합실로 이동 | 3. [B1] 표 내는 곳 통과 | 4. 평촌 방면 엘리베이터(으)로 1개 층 내려가기 (B1 → B2, 엘리베이터) | 5. [B2] 평촌 방면 승강장으로 이동 | 6. [B2] 승차 (휠체어칸)"
KR_4_0578,4호선,평촌,1,출입구-승강장,1,1번 출입구 옆 엘리베이터 → 인덕원 방면,1F → B1 → B3,6,2,0,"1번 출입구 옆 엘리베이터(으)로 1개 층 내려가기 (1F → B1, 엘리베이터) → [B1] 대합실로 이동 → [B1] 표 내는 곳 통과 → 인덕원 방면 엘리베이터(으)로 2개 층 내려가기 (B1 → B3, 엘리베이터) → [B3] 인덕원 방면 승강장으로 이동 → [B3] 승차 (휠체어칸)","1. 1번 출입구 옆 엘리베이터(으)로 1개 층 내려가기 (1F → B1, 엘리베이터) | 2. [B1] 대합실로 이동 | 3. [B1] 표 내는 곳 통과 | 4. 인덕원 방면 엘리베이터(으)로 2개 층 내려가기 (B1 → B3, 엘리베이터) | 5. [B3] 인덕원 방면 승강장으로 이동 | 6. [B3] 승차 (휠체어칸)"
KR_4_0578,4호선,평촌,1,출입구-승강장,2,1번 출입구 옆 엘리베이터 → 범계 방면,1F → B1 → B3,6,2,0,"1번 출입구 옆 엘리베이터(으)로 1개 층 내려가기 (1F → B1, 엘리베이터) → [B1] 대합실로 이동 → [B1] 표 내는 곳 통과 → 범계 방면 엘리베이터(으)로 2개 층 내려가기 (B1 → B3, 엘리베이터) → [B3] 범계 방면 승강장으로 이동 → [B3] 승차 (휠체어칸)","1. 1번 출입구 옆 엘리베이터(으)로 1개 층 내려가기 (1F → B1, 엘리베이터) | 2. [B1] 대합실로 이동 | 3. [B1] 표 내는 곳 통과 | 4. 범계 방면 엘리베이터(으)로 2개 층 내려가기 (B1 → B3, 엘리베이터) | 5. [B3] 범계 방면 승강장으로 이동 | 6. [B3] 승차 (휠체어칸)"
KR_4_0228,4호선,범계,1,출입구-승강장,1,6번 출입구 옆 엘리베이터 → 평촌 방면,1F → B1 → B2,6,2,0,"6번 출입구 옆 엘리베이터(으)로 1개 층 내려가기 (1F → B1, 엘리베이터) → [B1] 대합실로 이동 → [B1] 평촌 방면 엘리베이터 앞 표 내는 곳 통과 → 평촌 방면 엘리베이터(으)로 1개 층 내려가기 (B1 → B2, 엘리베이터) → [B2] 평촌 방면 승강장으로 이동 → [B2] 승차 (휠체어칸)","1. 6번 출입구 옆 엘리베이터(으)로 1개 층 내려가기 (1F → B1, 엘리베이터) | 2. [B1] 대합실로 이동 | 3. [B1] 평촌 방면 엘리베이터 앞 표 내는 곳 통과 | 4. 평촌 방면 엘리베이터(으)로 1개 층 내려가기 (B1 → B2, 엘리베이터) | 5. [B2] 평촌 방면 승강장으로 이동 | 6. [B2] 승차 (휠체어칸)"
KR_4_0228,4호선,범계,1,출입구-승강장,2,6번 출입구 옆 엘리베이터 → 금정 방면,1F → B1 → B2,6,2,0,"6번 출입구 옆 엘리베이터(으)로 1개 층 내려가기 (1F → B1, 엘리베이터) → [B1] 대합실로 이동 → [B1] 금정 방면 엘리베이터 앞 표 내는 곳 통과 → 금정 방면 엘리베이터(으)로 1개 층 내려가기 (B1 → B2, 엘리베이터) → [B2] 금정 방면 승강장으로 이동 → [B2] 승차 (휠체어칸)","1. 6번 출입구 옆 엘리베이터(으)로 1개 층 내려가기 (1F → B1, 엘리베이터) | 2. [B1] 대합실로 이동 | 3. [B1] 금정 방면 엘리베이터 앞 표 내는 곳 통과 | 4. 금정 방면 엘리베이터(으)로 1개 층 내려가기 (B1 → B2, 엘리베이터) | 5. [B2] 금정 방면 승강장으로 이동 | 6. [B2] 승차 (휠체어칸)"
KR_4_0090,4호선,금정,1,출입구-승강장,1,2번 출입구 엘리베이터 → 범계 방면,1F → 2F → 1F,6,0,0,[1F] 2번 출입구 지상1층 엘리베이터 → [2F] 2번 출입구 지상2층 엘리베이터 → [2F] 개집표기 통과 → [2F] 범계방면 지상2층 엘리베이터 → [1F] 범계방면 지상1층 승강장 엘리베이터 → [1F] 범계방면 승강장,1. [1F] 2번 출입구 지상1층 엘리베이터 | 2. [2F] 2번 출입구 지상2층 엘리베이터 | 3. [2F] 개집표기 통과 | 4. [2F] 범계방면 지상2층 엘리베이터 | 5. [1F] 범계방면 지상1층 승강장 엘리베이터 | 6. [1F] 범계방면 승강장
KR_4_0090,4호선,금정,1,출입구-승강장,2,4/5번 출입구 사이 엘리베이터 → 범계 방면,1F → 2F → 1F,6,0,0,[1F] 4번/5번 출입구 사이 지상1층 엘리베이터 → [2F] 4번/5번 출입구 사이 지상2층 엘리베이터 → [2F] 개집표기 통과 → [2F] 범계방면 지상2층 엘리베이터 → [1F] 범계방면 지상1층 승강장 엘리베이터 → [1F] 범계방면 승강장,1. [1F] 4번/5번 출입구 사이 지상1층 엘리베이터 | 2. [2F] 4번/5번 출입구 사이 지상2층 엘리베이터 | 3. [2F] 개집표기 통과 | 4. [2F] 범계방면 지상2층 엘리베이터 | 5. [1F] 범계방면 지상1층 승강장 엘리베이터 | 6. [1F] 범계방면 승강장
KR_4_0090,4호선,금정,1,출입구-승강장,3,7/8번 출입구 사이 엘리베이터 → 범계 방면,1F → 2F → 1F,6,0,0,[1F] 7번/8번 출입구 사이 지상1층 엘리베이터 → [2F] 7번/8번 출입구 사이 지상2층 엘리베이터 → [2F] 개집표기 통과 → [2F] 범계방면 지상2층 엘리베이터 → [1F] 범계방면 지상1층 승강장 엘리베이터 → [1F] 범계방면 승강장,1. [1F] 7번/8번 출입구 사이 지상1층 엘리베이터 | 2. [2F] 7번/8번 출입구 사이 지상2층 엘리베이터 | 3. [2F] 개집표기 통과 | 4. [2F] 범계방면 지상2층 엘리베이터 | 5. [1F] 범계방면 지상1층 승강장 엘리베이터 | 6. [1F] 범계방면 승강장
KR_4_0090,4호선,금정,1,출입구-승강장,4,2번 출입구 엘리베이터 → 산본 방면,1F → 2F → 1F,6,0,0,[1F] 2번 출입구 지상1층 엘리베이터 → [2F] 2번 출입구 지상2층 엘리베이터 → [2F] 개집표기 통과 → [2F] 산본방면 지상2층 엘리베이터 → [1F] 산본방면 지상1층 승강장 엘리베이터 → [1F] 산본방면 승강장,1. [1F] 2번 출입구 지상1층 엘리베이터 | 2. [2F] 2번 출입구 지상2층 엘리베이터 | 3. [2F] 개집표기 통과 | 4. [2F] 산본방면 지상2층 엘리베이터 | 5. [1F] 산본방면 지상1층 승강장 엘리베이터 | 6. [1F] 산본방면 승강장
KR_4_0090,4호선,금정,1,출입구-승강장,5,4/5번 출입구 사이 엘리베이터 → 산본 방면,1F → 2F → 1F,6,0,0,[1F] 4번/5번 출입구 사이 지상1층 엘리베이터 → [2F] 4번/5번 출입구 사이 지상2층 엘리베이터 → [2F] 개집표기 통과 → [2F] 산본방면 지상2층 엘리베이터 → [1F] 산본방면 지상1층 승강장 엘리베이터 → [1F] 산본방면 승강장,1. [1F] 4번/5번 출입구 사이 지상1층 엘리베이터 | 2. [2F] 4번/5번 출입구 사이 지상2층 엘리베이터 | 3. [2F] 개집표기 통과 | 4. [2F] 산본방면 지상2층 엘리베이터 | 5. [1F] 산본방면 지상1층 승강장 엘리베이터 | 6. [1F] 산본방면 승강장
KR_4_0090,4호선,금정,1,출입구-승강장,6,7/8번 출입구 사이 엘리베이터 → 산본 방면,1F → 2F → 1F,6,0,0,[1F] 7번/8번 출입구 사이 지상1층 엘리베이터 → [2F] 7번/8번 출입구 사이 지상2층 엘리베이터 → [2F] 개집표기 통과 → [2F] 산본방면 지상2층 엘리베이터 → [1F] 산본방면 지상1층 승강장 엘리베이터 → [1F] 산본방면 승강장,1. [1F] 7번/8번 출입구 사이 지상1층 엘리베이터 | 2. [2F] 7번/8번 출입구 사이 지상2층 엘리베이터 | 3. [2F] 개집표기 통과 | 4. [2F] 산본방면 지상2층 엘리베이터 | 5. [1F] 산본방면 지상1층 승강장 엘리베이터 | 6. [1F] 산본방면 승강장
KR_4_0090,4호선,금정,3,환승,1,4호선 범계방면 승강장 → 1호선 명학방면 승강장,,2,0,0,4호선 범계방면 하차 → 1호선 명학방면 인접(섬식) 승강장,1. 4호선 범계방면 하차 | 2. 1호선 명학방면 인접(섬식) 승강장
KR_4_0090,4호선,금정,3,환승,2,4호선 산본방면 승강장 → 1호선 군포방면 승강장,,2,0,0,4호선 산본방면 하차 → 1호선 군포방면 인접(섬식) 승강장,1. 4호선 산본방면 하차 | 2. 1호선 군포방면 인접(섬식) 승강장
KR_4_0090,4호선,금정,3,환승,3,4호선 범계방면 승강장 → 1호선 군포방면 승강장,,5,0,0,4호선 범계방면 1호차/8호차 하차 → 엘리베이터 2층으로 이동 → 환승통로 → 3/4번 승강장 엘리베이터 1층 승강장으로 이동 → 1호선 군포방면 승강장,1. 4호선 범계방면 1호차/8호차 하차 | 2. 엘리베이터 2층으로 이동 | 3. 환승통로 | 4. 3/4번 승강장 엘리베이터 1층 승강장으로 이동 | 5. 1호선 군포방면 승강장
KR_4_0090,4호선,금정,3,환승,4,4호선 산본방면 승강장 → 1호선 명학방면 승강장,,5,0,0,4호선 산본방면 하차 1호차/8호차 하차 → 엘리베이터 2층으로 이동 → 환승통로 → 1/2번 승강장 엘리베이터 1층 승강장으로 이동 → 1호선 명학방면 승강장,1. 4호선 산본방면 하차 1호차/8호차 하차 | 2. 엘리베이터 2층으로 이동 | 3. 환승통로 | 4. 1/2번 승강장 엘리베이터 1층 승강장으로 이동 | 5. 1호선 명학방면 승강장
KR_4_0090,4호선,금정,3,환승,5,4호선 금정 도착 → 1호선 명학방면 승강장,,5,0,0,4호선 금정 당역 도착 → 엘리베이터 2층으로 이동 → 환승통로 → 1/2번 승강장 엘리베이터 1층 승강장으로 이동 → 1호선 명학방면 승강장,1. 4호선 금정 당역 도착 | 2. 엘리베이터 2층으로 이동 | 3. 환승통로 | 4. 1/2번 승강장 엘리베이터 1층 승강장으로 이동 | 5. 1호선 명학방면 승강장
KR_4_0090,4호선,금정,3,환승,6,4호선 금정 도착 → 1호선 군포방면 승강장,,5,0,0,4호선 금정 당역 도착 → 엘리베이터 2층으로 이동 → 환승통로 → 3/4번 승강장 엘리베이터 1층 승강장으로 이동 → 1호선 군포방면 승강장,1. 4호선 금정 당역 도착 | 2. 엘리베이터 2층으로 이동 | 3. 환승통로 | 4. 3/4번 승강장 엘리베이터 1층 승강장으로 이동 | 5. 1호선 군포방면 승강장
KR_4_0260,4호선,산본,1,출입구-승강장,1,지상1층 엘리베이터 → 금정 방면,1F → 3F → 4F,6,1,0,"지상 1층 엘리베이터(으)로 2개 층 올라가기 (1F → 3F, 엘리베이터) → [3F] 지상 3층 엘리베이터 하차 대합실 이동 → [3F] 표 내는 곳 통과 → [3F] 금정 방면 지상 3층 엘리베이터 → [4F] 금정 방면 지상 4층 승강장으로 이동 → [4F] 금정 방면 승강장 승차 (휠체어칸)","1. 지상 1층 엘리베이터(으)로 2개 층 올라가기 (1F → 3F, 엘리베이터) | 2. [3F] 지상 3층 엘리베이터 하차 대합실 이동 | 3. [3F] 표 내는 곳 통과 | 4. [3F] 금정 방면 지상 3층 엘리베이터 | 5. [4F] 금정 방면 지상 4층 승강장으로 이동 | 6. [4F] 금정 방면 승강장 승차 (휠체어칸)"
KR_4_0260,4호선,산본,1,출입구-승강장,2,3번 출입구 → 금정 방면,2F → 3F → 4F,7,1,0,"3번 출입구 → 지상 2층 엘리베이터(으)로 1개 층 올라가기 (2F → 3F, 엘리베이터) → [3F] 지상 3층 엘리베이터 하차 대합실 이동 → [3F] 표 내는 곳 통과 → [3F] 금정 방면 지상 3층 엘리베이터 → [4F] 금정 방면 지상 4층 승강장으로 이동 → [4F] 금정 방면 승강장 승차 (휠체어칸)","1. 3번 출입구 | 2. 지상 2층 엘리베이터(으)로 1개 층 올라가기 (2F → 3F, 엘리베이터) | 3. [3F] 지상 3층 엘리베이터 하차 대합실 이동 | 4. [3F] 표 내는 곳 통과 | 5. [3F] 금정 방면 지상 3층 엘리베이터 | 6. [4F] 금정 방면 지상 4층 승강장으로 이동 | 7. [4F] 금정 방면 승강장 승차 (휠체어칸)"
KR_4_0260,4호선,산본,1,출입구-승강장,3,4번 출입구 엘리베이터 → 금정 방면,2F → 3F → 4F,7,2,0,"[2F] 지상 2층 이동통로 → 지상 2층 대합실 방면 엘리베이터(으)로 1개 층 올라가기 (2F → 3F, 엘리베이터) → [3F] 지상 3층 엘리베이터 하차 대합실 이동 → [3F] 표 내는 곳 통과 → 금정 방면 지상 3층 엘리베이터(으)로 1개 층 올라가기 (3F → 4F, 엘리베이터) → [4F] 금정 방면 지상 4층 승강장으로 이동 → [4F] 금정 방면 승강장 승차 (휠체어칸)","1. [2F] 지상 2층 이동통로 | 2. 지상 2층 대합실 방면 엘리베이터(으)로 1개 층 올라가기 (2F → 3F, 엘리베이터) | 3. [3F] 지상 3층 엘리베이터 하차 대합실 이동 | 4. [3F] 표 내는 곳 통과 | 5. 금정 방면 지상 3층 엘리베이터(으)로 1개 층 올라가기 (3F → 4F, 엘리베이터) | 6. [4F] 금정 방면 지상 4층 승강장으로 이동 | 7. [4F] 금정 방면 승강장 승차 (휠체어칸)"
KR_4_0260,4호선,산본,1,출입구-승강장,4,지상1층 엘리베이터 → 수리산 방면,1F → 3F → 4F,6,1,0,"지상 1층 엘리베이터(으)로 2개 층 올라가기 (1F → 3F, 엘리베이터) → [3F] 지상 3층 엘리베이터 하차 대합실 이동 → [3F] 표 내는 곳 통과 → [3F] 수리산 방면 지상 3층 엘리베이터 → [4F] 수리산 방면 지상 4층 승강장으로 이동 → [4F] 수리산 방면 승강장 승차 (휠체어칸)","1. 지상 1층 엘리베이터(으)로 2개 층 올라가기 (1F → 3F, 엘리베이터) | 2. [3F] 지상 3층 엘리베이터 하차 대합실 이동 | 3. [3F] 표 내는 곳 통과 | 4. [3F] 수리산 방면 지상 3층 엘리베이터 | 5. [4F] 수리산 방면 지상 4층 승강장으로 이동 | 6. [4F] 수리산 방면 승강장 승차 (휠체어칸)"
KR_4_0260,4호선,산본,1,출입구-승강장,5,3번 출입구 → 수리산 방면,2F → 3F → 4F,7,1,0,"3번 출입구 → 지상 2층 엘리베이터(으)로 1개 층 올라가기 (2F → 3F, 엘리베이터) → [3F] 지상 3층 엘리베이터 하차 대합실 이동 → [3F] 표 내는 곳 통과 → [3F] 수리산 방면 지상 3층 엘리베이터 → [4F] 수리산 방면 지상 4층 승강장으로 이동 → [4F] 수리산 방면 승강장 승차 (휠체어칸)","1. 3번 출입구 | 2. 지상 2층 엘리베이터(으)로 1개 층 올라가기 (2F → 3F, 엘리베이터) | 3. [3F] 지상 3층 엘리베이터 하차 대합실 이동 | 4. [3F] 표 내는 곳 통과 | 5. [3F] 수리산 방면 지상 3층 엘리베이터 | 6. [4F] 수리산 방면 지상 4층 승강장으로 이동 | 7. [4F] 수리산 방면 승강장 승차 (휠체어칸)"
KR_4_0260,4호선,산본,1,출입구-승강장,6,4번 출입구 엘리베이터 → 수리산 방면,2F → 3F → 4F,7,2,0,"[2F] 지상 2층 이동통로 → 지상 2층 대합실 방면 엘리베이터(으)로 1개 층 올라가기 (2F → 3F, 엘리베이터) → [3F] 지상 3층 엘리베이터 하차 대합실 이동 → [3F] 표 내는 곳 통과 → 수리산 방면 지상 3층 엘리베이터(으)로 1개 층 올라가기 (3F → 4F, 엘리베이터) → [4F] 수리산 방면 지상 4층 승강장으로 이동 → [4F] 수리산 방면 승강장 승차 (휠체어칸)","1. [2F] 지상 2층 이동통로 | 2. 지상 2층 대합실 방면 엘리베이터(으)로 1개 층 올라가기 (2F → 3F, 엘리베이터) | 3. [3F] 지상 3층 엘리베이터 하차 대합실 이동 | 4. [3F] 표 내는 곳 통과 | 5. 수리산 방면 지상 3층 엘리베이터(으)로 1개 층 올라가기 (3F → 4F, 엘리베이터) | 6. [4F] 수리산 방면 지상 4층 승강장으로 이동 | 7. [4F] 수리산 방면 승강장 승차 (휠체어칸)"
KR_4_0335,4호선,수리산,1,출입구-승강장,1,1번 출입구 엘리베이터 → 산본 방면,1F → 2F → 1F,6,0,0,[1F] 1번 출입구 지상1층 엘리베이터 → [2F] 1번 출입구 지상2층 엘리베이터 → [2F] 개집표기 통과 → [2F] 산본방면 지상2층 엘리베이터 → [1F] 산본방면 지상1층 승강장 엘리베이터 → [1F] 산본방면 승강장,1. [1F] 1번 출입구 지상1층 엘리베이터 | 2. [2F] 1번 출입구 지상2층 엘리베이터 | 3. [2F] 개집표기 통과 | 4. [2F] 산본방면 지상2층 엘리베이터 | 5. [1F] 산본방면 지상1층 승강장 엘리베이터 | 6. [1F] 산본방면 승강장
KR_4_0335,4호선,수리산,1,출입구-승강장,2,2/3번 출입구 사이 엘리베이터 → 산본 방면,1F → 2F → 1F,6,0,0,[1F] 2번/3번 출입구 사이 지상1층 엘리베이터 → [2F] 2번/3번 출입구 사이 지상2층 엘리베이터 → [2F] 개집표기 통과 → [2F] 산본방면 지상2층 엘리베이터 → [1F] 산본방면 지상1층 승강장 엘리베이터 → [1F] 산본방면 승강장,1. [1F] 2번/3번 출입구 사이 지상1층 엘리베이터 | 2. [2F] 2번/3번 출입구 사이 지상2층 엘리베이터 | 3. [2F] 개집표기 통과 | 4. [2F] 산본방면 지상2층 엘리베이터 | 5. [1F] 산본방면 지상1층 승강장 엘리베이터 | 6. [1F] 산본방면 승강장
KR_4_0335,4호선,수리산,1,출입구-승강장,3,1번 출입구 엘리베이터 → 대야미 방면,1F → 2F → 1F,6,0,0,[1F] 1번 출입구 지상1층 엘리베이터 → [2F] 1번 출입구 지상2층 엘리베이터 → [2F] 개집표기 통과 → [2F] 대야미방면 지상2층 엘리베이터 → [1F] 대야미방면 지상1층 승강장 엘리베이터 → [1F] 대야미방면 승강장,1. [1F] 1번 출입구 지상1층 엘리베이터 | 2. [2F] 1번 출입구 지상2층 엘리베이터 | 3. [2F] 개집표기 통과 | 4. [2F] 대야미방면 지상2층 엘리베이터 | 5. [1F] 대야미방면 지상1층 승강장 엘리베이터 | 6. [1F] 대야미방면 승강장
KR_4_0335,4호선,수리산,1,출입구-승강장,4,2/3번 출입구 사이 엘리베이터 → 대야미 방면,1F → 2F → 1F,6,0,0,[1F] 2번/3번 출입구 사이 지상1층 엘리베이터 → [2F] 2번/3번 출입구 사이 지상2층 엘리베이터 → [2F] 개집표기 통과 → [2F] 대야미방면 지상2층 엘리베이터 → [1F] 대야미방면 지상1층 승강장 엘리베이터 → [1F] 대야미방면 승강장,1. [1F] 2번/3번 출입구 사이 지상1층 엘리베이터 | 2. [2F] 2번/3번 출입구 사이 지상2층 엘리베이터 | 3. [2F] 개집표기 통과 | 4. [2F] 대야미방면 지상2층 엘리베이터 | 5. [1F] 대야미방면 지상1층 승강장 엘리베이터 | 6. [1F] 대야미방면 승강장
KR_4_0134,4호선,대야미,1,출입구-승강장,1,1번 출입구 → 수리산 방면,1F → 2F,4,0,0,1번 출입구 → [1F] 수리산방면 지상1층 엘리베이터 → [2F] 수리산방면 지상2층 승강장 엘리베이터 → [2F] 수리산방면 승강장,1. 1번 출입구 | 2. [1F] 수리산방면 지상1층 엘리베이터 | 3. [2F] 수리산방면 지상2층 승강장 엘리베이터 | 4. [2F] 수리산방면 승강장
KR_4_0134,4호선,대야미,1,출입구-승강장,2,2번 출입구 → 수리산 방면,1F → 2F,4,0,0,2번 출입구 → [1F] 수리산방면 지상1층 엘리베이터 → [2F] 수리산방면 지상2층 승강장 엘리베이터 → [2F] 수리산방면 승강장,1. 2번 출입구 | 2. [1F] 수리산방면 지상1층 엘리베이터 | 3. [2F] 수리산방면 지상2층 승강장 엘리베이터 | 4. [2F] 수리산방면 승강장
KR_4_0134,4호선,대야미,1,출입구-승강장,3,1번 출입구 → 반월 방면,1F → 2F,4,0,0,1번 출입구 → [1F] 반월방면 지상1층 엘리베이터 → [2F] 반월방면 지상2층 승강장 엘리베이터 → [2F] 반월방면 승강장,1. 1번 출입구 | 2. [1F] 반월방면 지상1층 엘리베이터 | 3. [2F] 반월방면 지상2층 승강장 엘리베이터 | 4. [2F] 반월방면 승강장
KR_4_0134,4호선,대야미,1,출입구-승강장,4,2번 출입구 → 반월 방면,1F → 2F,4,0,0,2번 출입구 → [1F] 반월방면 지상1층 엘리베이터 → [2F] 반월방면 지상2층 승강장 엘리베이터 → [2F] 반월방면 승강장,1. 2번 출입구 | 2. [1F] 반월방면 지상1층 엘리베이터 | 3. [2F] 반월방면 지상2층 승강장 엘리베이터 | 4. [2F] 반월방면 승강장
KR_4_0214,4호선,반월,1,출입구-승강장,1,1번 출입구 → 상록수 방면,B1 → B2 → 1F,7,0,0,1번 출입구 → 개집표기 통과 → [B1] 지하1층 엘리베이터 → [B2] 지하2층 엘리베이터 → [B2] 상록수방면 지하2층 엘리베이터 → [1F] 상록수방면 지상1층 승강장 엘리베이터 → [1F] 상록수방면 승강장,1. 1번 출입구 | 2. 개집표기 통과 | 3. [B1] 지하1층 엘리베이터 | 4. [B2] 지하2층 엘리베이터 | 5. [B2] 상록수방면 지하2층 엘리베이터 | 6. [1F] 상록수방면 지상1층 승강장 엘리베이터 | 7. [1F] 상록수방면 승강장
KR_4_0214,4호선,반월,1,출입구-승강장,2,1번 출입구 → 대야미 방면,B1 → B2 → 1F,7,0,0,1번 출입구 → 개집표기 통과 → [B1] 지하1층 엘리베이터 → [B2] 지하2층 엘리베이터 → [B2] 대야미방면 지하2층 엘리베이터 → [1F] 대야미방면 지상1층 승강장 엘리베이터 → [1F] 대야미방면 승강장,1. 1번 출입구 | 2. 개집표기 통과 | 3. [B1] 지하1층 엘리베이터 | 4. [B2] 지하2층 엘리베이터 | 5. [B2] 대야미방면 지하2층 엘리베이터 | 6. [1F] 대야미방면 지상1층 승강장 엘리베이터 | 7. [1F] 대야미방면 승강장
KR_4_0275,4호선,상록수,1,출입구-승강장,1,1번 출입구 → 반월 방면,1F → 2F,5,0,0,1번 출입구 → 개집표기 통과 → [1F] 반월방면 지상1층 엘리베이터 → [2F] 반월방면 지상2층 승강장 엘리베이터 → [2F] 반월방면 승강장,1. 1번 출입구 | 2. 개집표기 통과 | 3. [1F] 반월방면 지상1층 엘리베이터 | 4. [2F] 반월방면 지상2층 승강장 엘리베이터 | 5. [2F] 반월방면 승강장
KR_4_0275,4호선,상록수,1,출입구-승강장,2,2번 출입구 → 반월 방면,1F → 2F,5,0,0,2번 출입구 → 개집표기 통과 → [1F] 반월방면 지상1층 엘리베이터 → [2F] 반월방면 지상2층 승강장 엘리베이터 → [2F] 반월방면 승강장,1. 2번 출입구 | 2. 개집표기 통과 | 3. [1F] 반월방면 지상1층 엘리베이터 | 4. [2F] 반월방면 지상2층 승강장 엘리베이터 | 5. [2F] 반월방면 승강장
KR_4_0275,4호선,상록수,1,출입구-승강장,3,3번 출입구 → 반월 방면,1F → 2F,5,0,0,3번 출입구 → 개집표기 통과 → [1F] 반월방면 지상1층 엘리베이터 → [2F] 반월방면 지상2층 승강장 엘리베이터 → [2F] 반월방면 승강장,1. 3번 출입구 | 2. 개집표기 통과 | 3. [1F] 반월방면 지상1층 엘리베이터 | 4. [2F] 반월방면 지상2층 승강장 엘리베이터 | 5. [2F] 반월방면 승강장
KR_4_0275,4호선,상록수,1,출입구-승강장,4,4번 출입구 → 반월 방면,1F → 2F,5,0,0,4번 출입구 → 개집표기 통과 → [1F] 반월방면 지상1층 엘리베이터 → [2F] 반월방면 지상2층 승강장 엘리베이터 → [2F] 반월방면 승강장,1. 4번 출입구 | 2. 개집표기 통과 | 3. [1F] 반월방면 지상1층 엘리베이터 | 4. [2F] 반월방면 지상2층 승강장 엘리베이터 | 5. [2F] 반월방면 승강장
KR_4_0275,4호선,상록수,1,출입구-승강장,5,1번 출입구 → 한대앞 방면,1F → 2F,5,0,0,1번 출입구 → 개집표기 통과 → [1F] 한대앞방면 지상1층 엘리베이터 → [2F] 한대앞방면 지상2층 승강장 엘리베이터 → [2F] 한대앞방면 승강장,1. 1번 출입구 | 2. 개집표기 통과 | 3. [1F] 한대앞방면 지상1층 엘리베이터 | 4. [2F] 한대앞방면 지상2층 승강장 엘리베이터 | 5. [2F] 한대앞방면 승강장
KR_4_0275,4호선,상록수,1,출입구-승강장,6,2번 출입구 → 한대앞 방면,1F → 2F,5,0,0,2번 출입구 → 개집표기 통과 → [1F] 한대앞방면 지상1층 엘리베이터 → [2F] 한대앞방면 지상2층 승강장 엘리베이터 → [2F] 한대앞방면 승강장,1. 2번 출입구 | 2. 개집표기 통과 | 3. [1F] 한대앞방면 지상1층 엘리베이터 | 4. [2F] 한대앞방면 지상2층 승강장 엘리베이터 | 5. [2F] 한대앞방면 승강장
KR_4_0275,4호선,상록수,1,출입구-승강장,7,3번 출입구 → 한대앞 방면,1F → 2F,5,0,0,3번 출입구 → 개집표기 통과 → [1F] 한대앞방면 지상1층 엘리베이터 → [2F] 한대앞방면 지상2층 승강장 엘리베이터 → [2F] 한대앞방면 승강장,1. 3번 출입구 | 2. 개집표기 통과 | 3. [1F] 한대앞방면 지상1층 엘리베이터 | 4. [2F] 한대앞방면 지상2층 승강장 엘리베이터 | 5. [2F] 한대앞방면 승강장
KR_4_0275,4호선,상록수,1,출입구-승강장,8,4번 출입구 → 한대앞 방면,1F → 2F,5,0,0,4번 출입구 → 개집표기 통과 → [1F] 한대앞방면 지상1층 엘리베이터 → [2F] 한대앞방면 지상2층 승강장 엘리베이터 → [2F] 한대앞방면 승강장,1. 4번 출입구 | 2. 개집표기 통과 | 3. [1F] 한대앞방면 지상1층 엘리베이터 | 4. [2F] 한대앞방면 지상2층 승강장 엘리베이터 | 5. [2F] 한대앞방면 승강장
KR_4_0586,4호선,한대앞,1,출입구-승강장,1,1번 출입구 엘리베이터 → 반월 방면,1F → 2F → 1F,5,0,0,[1F] 1번 출입구 지상1층 엘리베이터 → [2F] 1번 출입구 지상2층 엘리베이터 → [2F] 상록수방면 지상2층 엘리베이터 → [1F] 상록수방면 지상1층 승강장 엘리베이터 → [1F] 상록수방면 승강장,1. [1F] 1번 출입구 지상1층 엘리베이터 | 2. [2F] 1번 출입구 지상2층 엘리베이터 | 3. [2F] 상록수방면 지상2층 엘리베이터 | 4. [1F] 상록수방면 지상1층 승강장 엘리베이터 | 5. [1F] 상록수방면 승강장
KR_4_0586,4호선,한대앞,1,출입구-승강장,2,2번 출입구 엘리베이터 → 상록수 방면,1F → 2F → 1F,5,0,0,[1F] 2번 출입구 지상1층 엘리베이터 → [2F] 2번 출입구 지상2층 엘리베이터 → [2F] 상록수방면 지상2층 엘리베이터 → [1F] 상록수방면 지상1층 승강장 엘리베이터 → [1F] 상록수방면 승강장,1. [1F] 2번 출입구 지상1층 엘리베이터 | 2. [2F] 2번 출입구 지상2층 엘리베이터 | 3. [2F] 상록수방면 지상2층 엘리베이터 | 4. [1F] 상록수방면 지상1층 승강장 엘리베이터 | 5. [1F] 상록수방면 승강장
KR_4_0586,4호선,한대앞,1,출입구-승강장,3,3번 출입구 엘리베이터 → 상록수 방면,1F → 2F → 1F,5,0,0,[1F] 3번 출입구 지상1층 엘리베이터 → [2F] 3번 출입구 지상2층 엘리베이터 → [2F] 상록수방면 지상2층 엘리베이터 → [1F] 상록수방면 지상1층 승강장 엘리베이터 → [1F] 상록수방면 승강장,1. [1F] 3번 출입구 지상1층 엘리베이터 | 2. [2F] 3번 출입구 지상2층 엘리베이터 | 3. [2F] 상록수방면 지상2층 엘리베이터 | 4. [1F] 상록수방면 지상1층 승강장 엘리베이터 | 5. [1F] 상록수방면 승강장
KR_4_0586,4호선,한대앞,1,출입구-승강장,4,1번 출입구 엘리베이터 → 중앙 방면,1F → 2F → 1F,5,0,0,[1F] 1번 출입구 지상1층 엘리베이터 → [2F] 1번 출입구 지상2층 엘리베이터 → [2F] 중앙방면 지상2층 엘리베이터 → [1F] 중앙방면 지상1층 승강장 엘리베이터 → [1F] 중앙방면 승강장,1. [1F] 1번 출입구 지상1층 엘리베이터 | 2. [2F] 1번 출입구 지상2층 엘리베이터 | 3. [2F] 중앙방면 지상2층 엘리베이터 | 4. [1F] 중앙방면 지상1층 승강장 엘리베이터 | 5. [1F] 중앙방면 승강장
KR_4_0586,4호선,한대앞,1,출입구-승강장,5,2번 출입구 엘리베이터 → 중앙 방면,1F → 2F → 1F,5,0,0,[1F] 2번 출입구 지상1층 엘리베이터 → [2F] 2번 출입구 지상2층 엘리베이터 → [2F] 중앙방면 지상2층 엘리베이터 → [1F] 중앙방면 지상1층 승강장 엘리베이터 → [1F] 중앙방면 승강장,1. [1F] 2번 출입구 지상1층 엘리베이터 | 2. [2F] 2번 출입구 지상2층 엘리베이터 | 3. [2F] 중앙방면 지상2층 엘리베이터 | 4. [1F] 중앙방면 지상1층 승강장 엘리베이터 | 5. [1F] 중앙방면 승강장
KR_4_0586,4호선,한대앞,1,출입구-승강장,6,3번 출입구 엘리베이터 → 중앙 방면,1F → 2F → 1F,5,0,0,[1F] 3번 출입구 지상1층 엘리베이터 → [2F] 3번 출입구 지상2층 엘리베이터 → [2F] 중앙방면 지상2층 엘리베이터 → [1F] 중앙방면 지상1층 승강장 엘리베이터 → [1F] 중앙방면 승강장,1. [1F] 3번 출입구 지상1층 엘리베이터 | 2. [2F] 3번 출입구 지상2층 엘리베이터 | 3. [2F] 중앙방면 지상2층 엘리베이터 | 4. [1F] 중앙방면 지상1층 승강장 엘리베이터 | 5. [1F] 중앙방면 승강장
KR_4_0529,4호선,중앙,1,출입구-승강장,1,1번 출입구 → 한대앞 방면,1F → 2F,5,1,0,"1번 출입구 → 표 내는 곳 통과 → 한대앞 방면 지상 1층 엘리베이터(으)로 1개 층 올라가기 (1F → 2F, 엘리베이터) → [2F] 한대앞 방면 지상 2층 엘리베이터 하차 → [2F] 승차 (휠체어칸)","1. 1번 출입구 | 2. 표 내는 곳 통과 | 3. 한대앞 방면 지상 1층 엘리베이터(으)로 1개 층 올라가기 (1F → 2F, 엘리베이터) | 4. [2F] 한대앞 방면 지상 2층 엘리베이터 하차 | 5. [2F] 승차 (휠체어칸)"
KR_4_0529,4호선,중앙,1,출입구-승강장,2,2번 출입구 → 한대앞 방면,1F → 2F,5,1,0,"2번 출입구 → 표 내는 곳 통과 → 한대앞 방면 지상 1층 엘리베이터(으)로 1개 층 올라가기 (1F → 2F, 엘리베이터) → [2F] 한대앞 방면 지상 2층 엘리베이터 하차 → [2F] 승차 (휠체어칸)","1. 2번 출입구 | 2. 표 내는 곳 통과 | 3. 한대앞 방면 지상 1층 엘리베이터(으)로 1개 층 올라가기 (1F → 2F, 엘리베이터) | 4. [2F] 한대앞 방면 지상 2층 엘리베이터 하차 | 5. [2F] 승차 (휠체어칸)"
KR_4_0529,4호선,중앙,1,출입구-승강장,3,1번 출입구 → 고잔 방면,1F → 2F,5,1,0,"1번 출입구 → 표 내는 곳 통과 → 고잔 방면 지상 1층 엘리베이터(으)로 1개 층 올라가기 (1F → 2F, 엘리베이터) → [2F] 고잔 방면 지상 2층 엘리베이터 하차 → [2F] 승차 (휠체어칸)","1. 1번 출입구 | 2. 표 내는 곳 통과 | 3. 고잔 방면 지상 1층 엘리베이터(으)로 1개 층 올라가기 (1F → 2F, 엘리베이터) | 4. [2F] 고잔 방면 지상 2층 엘리베이터 하차 | 5. [2F] 승차 (휠체어칸)"
KR_4_0529,4호선,중앙,1,출입구-승강장,4,2번 출입구 → 고잔 방면,1F → 2F,5,1,0,"2번 출입구 → 표 내는 곳 통과 → 고잔 방면 지상 1층 엘리베이터(으)로 1개 층 올라가기 (1F → 2F, 엘리베이터) → [2F] 고잔 방면 지상 2층 엘리베이터 하차 → [2F] 승차 (휠체어칸)","1. 2번 출입구 | 2. 표 내는 곳 통과 | 3. 고잔 방면 지상 1층 엘리베이터(으)로 1개 층 올라가기 (1F → 2F, 엘리베이터) | 4. [2F] 고잔 방면 지상 2층 엘리베이터 하차 | 5. [2F] 승차 (휠체어칸)"
KR_4_0049,4호선,고잔,1,출입구-승강장,1,1번 출입구 → 중앙 방면,1F → 2F,5,0,0,1번 출입구 → 개집표기 통과 → [1F] 중앙방면 지상1층 엘리베이터 → [2F] 중앙방면 지상2층 승강장 엘리베이터 → [2F] 중앙방면 승강장,1. 1번 출입구 | 2. 개집표기 통과 | 3. [1F] 중앙방면 지상1층 엘리베이터 | 4. [2F] 중앙방면 지상2층 승강장 엘리베이터 | 5. [2F] 중앙방면 승강장
KR_4_0049,4호선,고잔,1,출입구-승강장,2,2번 출입구 → 중앙 방면,1F → 2F,5,0,0,2번 출입구 → 개집표기 통과 → [1F] 중앙방면 지상1층 엘리베이터 → [2F] 중앙방면 지상2층 승강장 엘리베이터 → [2F] 중앙방면 승강장,1. 2번 출입구 | 2. 개집표기 통과 | 3. [1F] 중앙방면 지상1층 엘리베이터 | 4. [2F] 중앙방면 지상2층 승강장 엘리베이터 | 5. [2F] 중앙방면 승강장
KR_4_0049,4호선,고잔,1,출입구-승강장,3,1번 출입구 → 초지 방면,1F → 2F,5,0,0,1번 출입구 → 개집표기 통과 → [1F] 초지방면 지상1층 엘리베이터 → [2F] 초지방면 지상2층 승강장 엘리베이터 → [2F] 초지방면 승강장,1. 1번 출입구 | 2. 개집표기 통과 | 3. [1F] 초지방면 지상1층 엘리베이터 | 4. [2F] 초지방면 지상2층 승강장 엘리베이터 | 5. [2F] 초지방면 승강장
KR_4_0049,4호선,고잔,1,출입구-승강장,4,2번 출입구 → 초지 방면,1F → 2F,5,0,0,2번 출입구 → 개집표기 통과 → [1F] 초지방면 지상1층 엘리베이터 → [2F] 초지방면 지상2층 승강장 엘리베이터 → [2F] 초지방면 승강장,1. 2번 출입구 | 2. 개집표기 통과 | 3. [1F] 초지방면 지상1층 엘리베이터 | 4. [2F] 초지방면 지상2층 승강장 엘리베이터 | 5. [2F] 초지방면 승강장
KR_4_0049,4호선,고잔,3,환승,1,수인분당선 중앙 방면 → 4호선 중앙 방면,2F,3,0,0,[2F] 4호선 중앙 방면 승강장 하차 → [2F] 수인분당선 중앙 방면 승강장으로 이동 → [2F] 승차 (휠체어칸),1. [2F] 4호선 중앙 방면 승강장 하차 | 2. [2F] 수인분당선 중앙 방면 승강장으로 이동 | 3. [2F] 승차 (휠체어칸)
KR_4_0049,4호선,고잔,3,환승,2,수인분당선 중앙 방면 → 4호선 초지 방면,2F → 1F → 2F,6,2,0,"[2F] 4호선 중앙 방면 승강장 하차 → 대합실 방향 엘리베이터(으)로 1개 층 내려가기 (2F → 1F, 엘리베이터) → [1F] 대합실로 이동 → 수인분당선 초지 방면 엘리베이터(으)로 1개 층 올라가기 (1F → 2F, 엘리베이터) → [2F] 수인분당선 초지 방면 승강장으로 이동 → [2F] 승차 (휠체어칸)","1. [2F] 4호선 중앙 방면 승강장 하차 | 2. 대합실 방향 엘리베이터(으)로 1개 층 내려가기 (2F → 1F, 엘리베이터) | 3. [1F] 대합실로 이동 | 4. 수인분당선 초지 방면 엘리베이터(으)로 1개 층 올라가기 (1F → 2F, 엘리베이터) | 5. [2F] 수인분당선 초지 방면 승강장으로 이동 | 6. [2F] 승차 (휠체어칸)"
KR_4_0049,4호선,고잔,3,환승,3,수인분당선 초지 방면 → 4호선 중앙 방면,2F → 1F → 2F,6,2,0,"[2F] 4호선 초지 방면 승강장 하차 → 대합실 방향 엘리베이터(으)로 1개 층 내려가기 (2F → 1F, 엘리베이터) → [1F] 대합실로 이동 → 4호선 중앙 방면 엘리베이터(으)로 1개 층 올라가기 (1F → 2F, 엘리베이터) → [2F] 수인분당선 중앙 방면 승강장으로 이동 → [2F] 승차 (휠체어칸)","1. [2F] 4호선 초지 방면 승강장 하차 | 2. 대합실 방향 엘리베이터(으)로 1개 층 내려가기 (2F → 1F, 엘리베이터) | 3. [1F] 대합실로 이동 | 4. 4호선 중앙 방면 엘리베이터(으)로 1개 층 올라가기 (1F → 2F, 엘리베이터) | 5. [2F] 수인분당선 중앙 방면 승강장으로 이동 | 6. [2F] 승차 (휠체어칸)"
KR_4_0049,4호선,고잔,3,환승,4,수인분당선 초지 방면 → 4호선 초지 방면,2F,3,0,0,[2F] 4호선 초지 방면 승강장 하차 → [2F] 수인분당선 초지 방면 승강장으로 이동 → [2F] 승차 (휠체어칸),1. [2F] 4호선 초지 방면 승강장 하차 | 2. [2F] 수인분당선 초지 방면 승강장으로 이동 | 3. [2F] 승차 (휠체어칸)
KR_4_0559,4호선,초지,1,출입구-승강장,1,1번 출입구 → 고잔 방면,1F → 2F,5,0,0,1번 출입구 → 개집표기 통과 → [1F] 고잔방면 지상1층 엘리베이터 → [2F] 고잔방면 지상2층 승강장 엘리베이터 → [2F] 고잔방면 승강장,1. 1번 출입구 | 2. 개집표기 통과 | 3. [1F] 고잔방면 지상1층 엘리베이터 | 4. [2F] 고잔방면 지상2층 승강장 엘리베이터 | 5. [2F] 고잔방면 승강장
KR_4_0559,4호선,초지,1,출입구-승강장,2,1번 출입구 → 안산 방면,1F → 2F,5,0,0,1번 출입구 → 개집표기 통과 → [1F] 안산방면 지상1층 엘리베이터 → [2F] 안산방면 지상2층 승강장 엘리베이터 → [2F] 안산방면 승강장,1. 1번 출입구 | 2. 개집표기 통과 | 3. [1F] 안산방면 지상1층 엘리베이터 | 4. [2F] 안산방면 지상2층 승강장 엘리베이터 | 5. [2F] 안산방면 승강장
KR_4_0559,4호선,초지,3,환승,1,4호선 고잔 방면 승강장 → 수인분당선 고잔 방면 승강장,,3,0,0,4호선 고잔 방면 승강장 하차 → 수인분당선 고잔 방면 승강장으로 이동 → 승차 (휠체어칸),1. 4호선 고잔 방면 승강장 하차 | 2. 수인분당선 고잔 방면 승강장으로 이동 | 3. 승차 (휠체어칸)
KR_4_0559,4호선,초지,3,환승,2,4호선 고잔 방면 승강장 → 수인분당선안산 방면 승강장,1F → 2F,5,1,0,"4호선 고잔 방면 승강장 하차 → [1F] 지상 1층 대합실로 이동 → 수인분당선 안산 방면 엘리베이터(으)로 1개 층 올라가기 (1F → 2F, 엘리베이터) → [2F] 지상 2층 수인분당선 안산 방면 승강장으로 이동 → [2F] 승차 (휠체어칸)","1. 4호선 고잔 방면 승강장 하차 | 2. [1F] 지상 1층 대합실로 이동 | 3. 수인분당선 안산 방면 엘리베이터(으)로 1개 층 올라가기 (1F → 2F, 엘리베이터) | 4. [2F] 지상 2층 수인분당선 안산 방면 승강장으로 이동 | 5. [2F] 승차 (휠체어칸)"
KR_4_0559,4호선,초지,3,환승,3,4호선 안산 방면 승강장 → 수인분당선 안산 방면 승강장,,3,0,0,4호선 안산 방면 승강장 하차 → 수인분당선 안산 방면 승강장으로 이동 → 승차 (휠체어칸),1. 4호선 안산 방면 승강장 하차 | 2. 수인분당선 안산 방면 승강장으로 이동 | 3. 승차 (휠체어칸)
KR_4_0559,4호선,초지,3,환승,4,4호선 안산 방면 승강장 → 수인분당선고잔 방면 승강장,1F → 2F,5,1,0,"4호선 안산 방면 승강장 하차 → [1F] 지상 1층 대합실로 이동 → 수인분당선 고잔 방면 엘리베이터(으)로 1개 층 올라가기 (1F → 2F, 엘리베이터) → [2F] 지상 2층 수인분당선 고잔 방면 승강장으로 이동 → [2F] 승차 (휠체어칸)","1. 4호선 안산 방면 승강장 하차 | 2. [1F] 지상 1층 대합실로 이동 | 3. 수인분당선 고잔 방면 엘리베이터(으)로 1개 층 올라가기 (1F → 2F, 엘리베이터) | 4. [2F] 지상 2층 수인분당선 고잔 방면 승강장으로 이동 | 5. [2F] 승차 (휠체어칸)"
KR_4_0559,4호선,초지,3,환승,5,4호선 고잔 방면 승강장 → 서해선 선부 방면 승강장,1F → B3 → B4,7,2,0,"4호선 고잔 방면 승강장 하차 → [1F] 지상 1층 환승 대합실로 이동 → 지상 1층 환승 대합실 방향 엘리베이터(으)로 3개 층 내려가기 (1F → B3, 엘리베이터) → [B3] 지하 3층 연결통로로 이동 → 서해선 선부 방면 엘리베이터(으)로 1개 층 내려가기 (B3 → B4, 엘리베이터) → [B4] 지하 4층 서해선 선부 방면 승강장으로 이동 → [B4] 승차 (휠체어칸)","1. 4호선 고잔 방면 승강장 하차 | 2. [1F] 지상 1층 환승 대합실로 이동 | 3. 지상 1층 환승 대합실 방향 엘리베이터(으)로 3개 층 내려가기 (1F → B3, 엘리베이터) | 4. [B3] 지하 3층 연결통로로 이동 | 5. 서해선 선부 방면 엘리베이터(으)로 1개 층 내려가기 (B3 → B4, 엘리베이터) | 6. [B4] 지하 4층 서해선 선부 방면 승강장으로 이동 | 7. [B4] 승차 (휠체어칸)"
KR_4_0559,4호선,초지,3,환승,6,4호선 고잔 방면 승강장  → 서해선 시우 방면 승강장,1F → B4,5,1,0,"4호선 고잔 방면 승강장 하차 → [1F] 지상 1층 환승 대합실로 이동 → 서해선 시우 방면 엘리베이터(으)로 4개 층 내려가기 (1F → B4, 엘리베이터) → [B4] 지하 4층 서해선 시우 방면 승강장으로 이동 → [B4] 승차 (휠체어칸)","1. 4호선 고잔 방면 승강장 하차 | 2. [1F] 지상 1층 환승 대합실로 이동 | 3. 서해선 시우 방면 엘리베이터(으)로 4개 층 내려가기 (1F → B4, 엘리베이터) | 4. [B4] 지하 4층 서해선 시우 방면 승강장으로 이동 | 5. [B4] 승차 (휠체어칸)"
KR_4_0559,4호선,초지,3,환승,7,4호선 안산 방면 승강장 → 서해선 선부 방면 승강장,1F → B3 → B4,7,2,0,"4호선 안산 방면 승강장 하차 → [1F] 지상 1층 환승 대합실로 이동 → 지상 1층 환승 대합실 방향 엘리베이터(으)로 3개 층 내려가기 (1F → B3, 엘리베이터) → [B3] 지하 3층 연결통로로 이동 → 서해선 선부 방면 엘리베이터(으)로 1개 층 내려가기 (B3 → B4, 엘리베이터) → [B4] 지하 4층 서해선 선부 방면 승강장으로 이동 → [B4] 승차 (휠체어칸)","1. 4호선 안산 방면 승강장 하차 | 2. [1F] 지상 1층 환승 대합실로 이동 | 3. 지상 1층 환승 대합실 방향 엘리베이터(으)로 3개 층 내려가기 (1F → B3, 엘리베이터) | 4. [B3] 지하 3층 연결통로로 이동 | 5. 서해선 선부 방면 엘리베이터(으)로 1개 층 내려가기 (B3 → B4, 엘리베이터) | 6. [B4] 지하 4층 서해선 선부 방면 승강장으로 이동 | 7. [B4] 승차 (휠체어칸)"
KR_4_0559,4호선,초지,3,환승,8,4호선 안산 방면 승강장  → 서해선 시우 방면 승강장,1F → B4,5,1,0,"4호선 안산 방면 승강장 하차 → [1F] 지상 1층 환승 대합실로 이동 → 서해선 시우 방면 엘리베이터(으)로 4개 층 내려가기 (1F → B4, 엘리베이터) → [B4] 지하 4층 서해선 시우 방면 승강장으로 이동 → [B4] 승차 (휠체어칸)","1. 4호선 안산 방면 승강장 하차 | 2. [1F] 지상 1층 환승 대합실로 이동 | 3. 서해선 시우 방면 엘리베이터(으)로 4개 층 내려가기 (1F → B4, 엘리베이터) | 4. [B4] 지하 4층 서해선 시우 방면 승강장으로 이동 | 5. [B4] 승차 (휠체어칸)"
KR_4_0388,4호선,안산,1,출입구-승강장,1,1번 출입구 → 초지 방면,2F → 1F,4,0,0,1번 출입구 → [2F] 초지방면 지상2층 엘리베이터 → [1F] 초지방면 지상1층 승강장 엘리베이터 → [1F] 초지방면 승강장,1. 1번 출입구 | 2. [2F] 초지방면 지상2층 엘리베이터 | 3. [1F] 초지방면 지상1층 승강장 엘리베이터 | 4. [1F] 초지방면 승강장
KR_4_0388,4호선,안산,1,출입구-승강장,2,2번 출입구 → 초지 방면,2F → 1F,4,0,0,2번 출입구 → [2F] 초지방면 지상2층 엘리베이터 → [1F] 초지방면 지상1층 승강장 엘리베이터 → [1F] 초지방면 승강장,1. 2번 출입구 | 2. [2F] 초지방면 지상2층 엘리베이터 | 3. [1F] 초지방면 지상1층 승강장 엘리베이터 | 4. [1F] 초지방면 승강장
KR_4_0388,4호선,안산,1,출입구-승강장,3,1번 출입구 → 신길온천 방면,2F → 1F,4,0,0,1번 출입구 → [2F] 신길온천방면 지상2층 엘리베이터 → [1F] 신길온천방면 지상1층 승강장 엘리베이터 → [1F] 신길온천방면 승강장,1. 1번 출입구 | 2. [2F] 신길온천방면 지상2층 엘리베이터 | 3. [1F] 신길온천방면 지상1층 승강장 엘리베이터 | 4. [1F] 신길온천방면 승강장
KR_4_0388,4호선,안산,1,출입구-승강장,4,2번 출입구 → 신길온천 방면,2F → 1F,4,0,0,2번 출입구 → [2F] 신길온천방면 지상2층 엘리베이터 → [1F] 신길온천방면 지상1층 승강장 엘리베이터 → [1F] 신길온천방면 승강장,1. 2번 출입구 | 2. [2F] 신길온천방면 지상2층 엘리베이터 | 3. [1F] 신길온천방면 지상1층 승강장 엘리베이터 | 4. [1F] 신길온천방면 승강장
KR_4_0352,4호선,능길,1,출입구-승강장,1,1번 출입구 엘리베이터 → 안산 방면,1F → 2F → 1F,6,0,0,[1F] 1번 출입구 지상1층 엘리베이터 → [2F] 1번 출입구 지상2층 엘리베이터 → [2F] 개집표기 통과 → [2F] 안산방면 지상2층 엘리베이터 → [1F] 안산방면 지상1층 승강장 엘리베이터 → [1F] 안산방면 승강장,1. [1F] 1번 출입구 지상1층 엘리베이터 | 2. [2F] 1번 출입구 지상2층 엘리베이터 | 3. [2F] 개집표기 통과 | 4. [2F] 안산방면 지상2층 엘리베이터 | 5. [1F] 안산방면 지상1층 승강장 엘리베이터 | 6. [1F] 안산방면 승강장
KR_4_0352,4호선,능길,1,출입구-승강장,2,2번 출입구 엘리베이터 → 안산 방면,1F → 2F → 1F,6,0,0,[1F] 2번 출입구 지상1층 엘리베이터 → [2F] 2번 출입구 지상2층 엘리베이터 → [2F] 개집표기 통과 → [2F] 안산방면 지상2층 엘리베이터 → [1F] 안산방면 지상1층 승강장 엘리베이터 → [1F] 안산방면 승강장,1. [1F] 2번 출입구 지상1층 엘리베이터 | 2. [2F] 2번 출입구 지상2층 엘리베이터 | 3. [2F] 개집표기 통과 | 4. [2F] 안산방면 지상2층 엘리베이터 | 5. [1F] 안산방면 지상1층 승강장 엘리베이터 | 6. [1F] 안산방면 승강장
KR_4_0352,4호선,능길,1,출입구-승강장,3,1번 출입구 엘리베이터 → 정왕 방면,1F → 2F → 1F,6,0,0,[1F] 1번 출입구 지상1층 엘리베이터 → [2F] 1번 출입구 지상2층 엘리베이터 → [2F] 개집표기 통과 → [2F] 정왕방면 지상2층 엘리베이터 → [1F] 정왕방면 지상1층 승강장 엘리베이터 → [1F] 정왕방면 승강장,1. [1F] 1번 출입구 지상1층 엘리베이터 | 2. [2F] 1번 출입구 지상2층 엘리베이터 | 3. [2F] 개집표기 통과 | 4. [2F] 정왕방면 지상2층 엘리베이터 | 5. [1F] 정왕방면 지상1층 승강장 엘리베이터 | 6. [1F] 정왕방면 승강장
KR_4_0352,4호선,능길,1,출입구-승강장,4,2번 출입구 엘리베이터 → 정왕 방면,1F → 2F → 1F,6,0,0,[1F] 2번 출입구 지상1층 엘리베이터 → [2F] 2번 출입구 지상2층 엘리베이터 → [2F] 개집표기 통과 → [2F] 정왕방면 지상2층 엘리베이터 → [1F] 정왕방면 지상1층 승강장 엘리베이터 → [1F] 정왕방면 승강장,1. [1F] 2번 출입구 지상1층 엘리베이터 | 2. [2F] 2번 출입구 지상2층 엘리베이터 | 3. [2F] 개집표기 통과 | 4. [2F] 정왕방면 지상2층 엘리베이터 | 5. [1F] 정왕방면 지상1층 승강장 엘리베이터 | 6. [1F] 정왕방면 승강장
KR_4_0510,4호선,정왕,1,출입구-승강장,1,1번 출입구 → 신길온천 방면,1F → 2F,5,0,0,1번 출입구 → 개집표기 통과 → [1F] 신길온천방면 지상1층 엘리베이터 → [2F] 신길온천방면 지상2층 승강장 엘리베이터 → [2F] 신길온천방면 승강장,1. 1번 출입구 | 2. 개집표기 통과 | 3. [1F] 신길온천방면 지상1층 엘리베이터 | 4. [2F] 신길온천방면 지상2층 승강장 엘리베이터 | 5. [2F] 신길온천방면 승강장
KR_4_0510,4호선,정왕,1,출입구-승강장,2,2번 출입구 → 신길온천 방면,1F → 2F,5,0,0,2번 출입구 → 개집표기 통과 → [1F] 신길온천방면 지상1층 엘리베이터 → [2F] 신길온천방면 지상2층 승강장 엘리베이터 → [2F] 신길온천방면 승강장,1. 2번 출입구 | 2. 개집표기 통과 | 3. [1F] 신길온천방면 지상1층 엘리베이터 | 4. [2F] 신길온천방면 지상2층 승강장 엘리베이터 | 5. [2F] 신길온천방면 승강장
KR_4_0510,4호선,정왕,1,출입구-승강장,3,1번 출입구 → 오이도 방면,1F → 2F,5,0,0,1번 출입구 → 개집표기 통과 → [1F] 오이도방면 지상1층 엘리베이터 → [2F] 오이도방면 지상2층 승강장 엘리베이터 → [2F] 오이도방면 승강장,1. 1번 출입구 | 2. 개집표기 통과 | 3. [1F] 오이도방면 지상1층 엘리베이터 | 4. [2F] 오이도방면 지상2층 승강장 엘리베이터 | 5. [2F] 오이도방면 승강장
KR_4_0510,4호선,정왕,1,출입구-승강장,4,2번 출입구 → 오이도 방면,1F → 2F,5,0,0,2번 출입구 → 개집표기 통과 → [1F] 오이도방면 지상1층 엘리베이터 → [2F] 오이도방면 지상2층 승강장 엘리베이터 → [2F] 오이도방면 승강장,1. 2번 출입구 | 2. 개집표기 통과 | 3. [1F] 오이도방면 지상1층 엘리베이터 | 4. [2F] 오이도방면 지상2층 승강장 엘리베이터 | 5. [2F] 오이도방면 승강장
KR_4_0433,4호선,오이도,1,출입구-승강장,1,2번 출입구 엘리베이터 → 정왕 방면,1F → 2F → 1F,6,0,0,[1F] 2번 출입구 지상1층 엘리베이터 → [2F] 2번 출입구 지상2층 엘리베이터 → [2F] 개집표기 통과 → [2F] 정왕방면 지상2층 엘리베이터 → [1F] 정왕방면 지상1층 승강장 엘리베이터 → [1F] 정왕방면 승강장,1. [1F] 2번 출입구 지상1층 엘리베이터 | 2. [2F] 2번 출입구 지상2층 엘리베이터 | 3. [2F] 개집표기 통과 | 4. [2F] 정왕방면 지상2층 엘리베이터 | 5. [1F] 정왕방면 지상1층 승강장 엘리베이터 | 6. [1F] 정왕방면 승강장
KR_4_0433,4호선,오이도,1,출입구-승강장,2,3번 출입구 엘리베이터 → 정왕 방면,1F → 2F → 1F,6,0,0,[1F] 3번 출입구 지상1층 엘리베이터 → [2F] 3번 출입구 지상2층 엘리베이터 → [2F] 개집표기 통과 → [2F] 정왕방면 지상2층 엘리베이터 → [1F] 정왕방면 지상1층 승강장 엘리베이터 → [1F] 정왕방면 승강장,1. [1F] 3번 출입구 지상1층 엘리베이터 | 2. [2F] 3번 출입구 지상2층 엘리베이터 | 3. [2F] 개집표기 통과 | 4. [2F] 정왕방면 지상2층 엘리베이터 | 5. [1F] 정왕방면 지상1층 승강장 엘리베이터 | 6. [1F] 정왕방면 승강장
KR_4_0433,4호선,오이도,3,환승,1,4호선 오이도 종착 → 수인선 달월방면,,2,0,0,오이도역 종착 승강장 → 수인선 달월방면 승강장,1. 오이도역 종착 승강장 | 2. 수인선 달월방면 승강장
S1_5_0221,5호선,방화,1,출입구-승강장,1,1번 출입구 옆 엘리베이터 → 개화산 방면,1F → B1 → B2,6,2,0,"1번 출입구 옆 엘리베이터(으)로 1개 층 내려가기 (1F → B1, 엘리베이터) → [B1] 대합실로 이동 → [B1] 표 내는 곳 통과 → 개화산 방면 엘리베이터(으)로 1개 층 내려가기 (B1 → B2, 엘리베이터) → [B2] 개화산 방면 승강장으로 이동 → [B2] 승차 (휠체어칸)","1. 1번 출입구 옆 엘리베이터(으)로 1개 층 내려가기 (1F → B1, 엘리베이터) | 2. [B1] 대합실로 이동 | 3. [B1] 표 내는 곳 통과 | 4. 개화산 방면 엘리베이터(으)로 1개 층 내려가기 (B1 → B2, 엘리베이터) | 5. [B2] 개화산 방면 승강장으로 이동 | 6. [B2] 승차 (휠체어칸)"
S1_5_0029,5호선,개화산,1,출입구-승강장,1,1번 출입구 → 방화 방면,1F → B2,5,1,0,"[1F] 1번 출입구 대합실로 이동 → 방화 방면 엘리베이터(으)로 2개 층 내려가기 (1F → B2, 엘리베이터) → [B2] 방화 방면 승강장으로 이동 → [B2] 표 내는 곳 통과 → [B2] 승차 (휠체어칸)","1. [1F] 1번 출입구 대합실로 이동 | 2. 방화 방면 엘리베이터(으)로 2개 층 내려가기 (1F → B2, 엘리베이터) | 3. [B2] 방화 방면 승강장으로 이동 | 4. [B2] 표 내는 곳 통과 | 5. [B2] 승차 (휠체어칸)"
S1_5_0029,5호선,개화산,1,출입구-승강장,2,1번 출입구 → 김포공항 방면,1F → B2,5,1,0,"[1F] 1번 출입구 대합실로 이동 → 김포공항 방면 엘리베이터(으)로 2개 층 내려가기 (1F → B2, 엘리베이터) → [B2] 김포공항 방면 승강장으로 이동 → [B2] 표 내는 곳 통과 → [B2] 승차 (휠체어칸)","1. [1F] 1번 출입구 대합실로 이동 | 2. 김포공항 방면 엘리베이터(으)로 2개 층 내려가기 (1F → B2, 엘리베이터) | 3. [B2] 김포공항 방면 승강장으로 이동 | 4. [B2] 표 내는 곳 통과 | 5. [B2] 승차 (휠체어칸)"
S1_5_0029,5호선,개화산,1,출입구-승강장,3,2번 출입구 → 방화 방면,1F → B2,5,1,0,"[1F] 2번 출입구 대합실로 이동 → 방화 방면 엘리베이터(으)로 2개 층 내려가기 (1F → B2, 엘리베이터) → [B2] 방화 방면 승강장으로 이동 → [B2] 표 내는 곳 통과 → [B2] 승차 (휠체어칸)","1. [1F] 2번 출입구 대합실로 이동 | 2. 방화 방면 엘리베이터(으)로 2개 층 내려가기 (1F → B2, 엘리베이터) | 3. [B2] 방화 방면 승강장으로 이동 | 4. [B2] 표 내는 곳 통과 | 5. [B2] 승차 (휠체어칸)"
S1_5_0029,5호선,개화산,1,출입구-승강장,4,2번 출입구 → 김포공항 방면,1F → B2,5,1,0,"[1F] 2번 출입구 대합실로 이동 → 김포공항 방면 엘리베이터(으)로 2개 층 내려가기 (1F → B2, 엘리베이터) → [B2] 김포공항 방면 승강장으로 이동 → [B2] 표 내는 곳 통과 → [B2] 승차 (휠체어칸)","1. [1F] 2번 출입구 대합실로 이동 | 2. 김포공항 방면 엘리베이터(으)로 2개 층 내려가기 (1F → B2, 엘리베이터) | 3. [B2] 김포공항 방면 승강장으로 이동 | 4. [B2] 표 내는 곳 통과 | 5. [B2] 승차 (휠체어칸)"
S1_5_0099,5호선,김포공항,1,출입구-승강장,1,3번 출입구 옆 엘리베이터 → 개화산 방면,1F → B2 → B3,6,2,0,"3번 출입구 옆 엘리베이터(으)로 2개 층 내려가기 (1F → B2, 엘리베이터) → [B2] 대합실로 이동 → [B2] 표 내는 곳 통과 → 개화산 방면 엘리베이터(으)로 1개 층 내려가기 (B2 → B3, 엘리베이터) → [B3] 개화산 방면 승강장으로 이동 → [B3] 승차 (휠체어칸)","1. 3번 출입구 옆 엘리베이터(으)로 2개 층 내려가기 (1F → B2, 엘리베이터) | 2. [B2] 대합실로 이동 | 3. [B2] 표 내는 곳 통과 | 4. 개화산 방면 엘리베이터(으)로 1개 층 내려가기 (B2 → B3, 엘리베이터) | 5. [B3] 개화산 방면 승강장으로 이동 | 6. [B3] 승차 (휠체어칸)"
S1_5_0099,5호선,김포공항,1,출입구-승강장,2,3번 출입구 옆 엘리베이터 → 송정 방면,1F → B2 → B3,6,2,0,"3번 출입구 옆 엘리베이터(으)로 2개 층 내려가기 (1F → B2, 엘리베이터) → [B2] 대합실로 이동 → [B2] 표 내는 곳 통과 → 송정 방면 엘리베이터(으)로 1개 층 내려가기 (B2 → B3, 엘리베이터) → [B3] 송정 방면 승강장으로 이동 → [B3] 승차 (휠체어칸)","1. 3번 출입구 옆 엘리베이터(으)로 2개 층 내려가기 (1F → B2, 엘리베이터) | 2. [B2] 대합실로 이동 | 3. [B2] 표 내는 곳 통과 | 4. 송정 방면 엘리베이터(으)로 1개 층 내려가기 (B2 → B3, 엘리베이터) | 5. [B3] 송정 방면 승강장으로 이동 | 6. [B3] 승차 (휠체어칸)"
S1_5_0099,5호선,김포공항,1,출입구-승강장,3,4번 출입구 옆 엘리베이터 → 개화산 방면,1F → B1 → B3,6,2,0,"4번 출입구 옆 엘리베이터(으)로 1개 층 내려가기 (1F → B1, 엘리베이터) → [B1] 대합실로 이동 → [B1] 5호선 대합실 표 내는 곳 통과 → 개화산 방면 엘리베이터(으)로 2개 층 내려가기 (B1 → B3, 엘리베이터) → [B3] 개화산 방면 승강장으로 이동 → [B3] 승차 (휠체어칸)","1. 4번 출입구 옆 엘리베이터(으)로 1개 층 내려가기 (1F → B1, 엘리베이터) | 2. [B1] 대합실로 이동 | 3. [B1] 5호선 대합실 표 내는 곳 통과 | 4. 개화산 방면 엘리베이터(으)로 2개 층 내려가기 (B1 → B3, 엘리베이터) | 5. [B3] 개화산 방면 승강장으로 이동 | 6. [B3] 승차 (휠체어칸)"
S1_5_0099,5호선,김포공항,1,출입구-승강장,4,4번 출입구 옆 엘리베이터 → 송정 방면,1F → B2 → B3,6,2,0,"4번 출입구 옆 엘리베이터(으)로 2개 층 내려가기 (1F → B2, 엘리베이터) → [B2] 대합실로 이동 → [B2] 5호선 대합실 표 내는 곳 통과 → 송정 방면 엘리베이터(으)로 1개 층 내려가기 (B2 → B3, 엘리베이터) → [B3] 송정 방면 승강장으로 이동 → [B3] 승차 (휠체어칸)","1. 4번 출입구 옆 엘리베이터(으)로 2개 층 내려가기 (1F → B2, 엘리베이터) | 2. [B2] 대합실로 이동 | 3. [B2] 5호선 대합실 표 내는 곳 통과 | 4. 송정 방면 엘리베이터(으)로 1개 층 내려가기 (B2 → B3, 엘리베이터) | 5. [B3] 송정 방면 승강장으로 이동 | 6. [B3] 승차 (휠체어칸)"
S1_5_0099,5호선,김포공항,3,환승,1,5호선 개화산 방면 → 9호선 개화 방면,B3 → B2 → B4,5,1,0,"[B3] 5호선 개화산 방면 승강장 하차 → [B2] 9호선 대합실로 이동 → 9호선 개화 방면 엘리베이터(으)로 2개 층 내려가기 (B2 → B4, 엘리베이터) → [B4] 9호선 개화 방면 승강장으로 이동 → [B4] 승차 (휠체어칸)","1. [B3] 5호선 개화산 방면 승강장 하차 | 2. [B2] 9호선 대합실로 이동 | 3. 9호선 개화 방면 엘리베이터(으)로 2개 층 내려가기 (B2 → B4, 엘리베이터) | 4. [B4] 9호선 개화 방면 승강장으로 이동 | 5. [B4] 승차 (휠체어칸)"
S1_5_0099,5호선,김포공항,3,환승,2,5호선 개화산 방면 → 9호선 공항시장 방면,B3 → B2 → B3,5,1,0,"[B3] 5호선 개화산 방면 승강장 하차 → [B2] 9호선 대합실로 이동 → 9호선 공항시장 방면 엘리베이터(으)로 1개 층 내려가기 (B2 → B3, 엘리베이터) → [B3] 9호선 공항시장 방면 승강장으로 이동 → [B3] 승차 (휠체어칸)","1. [B3] 5호선 개화산 방면 승강장 하차 | 2. [B2] 9호선 대합실로 이동 | 3. 9호선 공항시장 방면 엘리베이터(으)로 1개 층 내려가기 (B2 → B3, 엘리베이터) | 4. [B3] 9호선 공항시장 방면 승강장으로 이동 | 5. [B3] 승차 (휠체어칸)"
S1_5_0099,5호선,김포공항,3,환승,3,5호선 송정 방면 → 9호선 개화 방면,B3 → B4,6,1,0,"[B3] 5호선 송정 방면 승강장 하차 → [B3] 9호선, 공항철도 방향 환승통로로 이동 → [B3] 9호선, 공항철도 승강장으로 이동 → 9호선 개화 방면 엘리베이터(으)로 1개 층 내려가기 (B3 → B4, 엘리베이터) → [B4] 9호선 개화 방면 승강장으로 이동 → [B4] 승차 (휠체어칸)","1. [B3] 5호선 송정 방면 승강장 하차 | 2. [B3] 9호선, 공항철도 방향 환승통로로 이동 | 3. [B3] 9호선, 공항철도 승강장으로 이동 | 4. 9호선 개화 방면 엘리베이터(으)로 1개 층 내려가기 (B3 → B4, 엘리베이터) | 5. [B4] 9호선 개화 방면 승강장으로 이동 | 6. [B4] 승차 (휠체어칸)"
S1_5_0099,5호선,김포공항,3,환승,4,5호선 송정 방면 → 9호선 공항시장 방면,B3,5,0,0,"[B3] 5호선 송정 방면 승강장 하차 → [B3] 9호선, 공항철도 방향 환승통로로 이동 → [B3] 9호선 공항시장 방면 승강장으로 이동 → [B3] 승차 (휠체어칸) → 9호선 방향 환승 엘리베이터 이용 (엘리베이터)","1. [B3] 5호선 송정 방면 승강장 하차 | 2. [B3] 9호선, 공항철도 방향 환승통로로 이동 | 3. [B3] 9호선 공항시장 방면 승강장으로 이동 | 4. [B3] 승차 (휠체어칸) | 5. 9호선 방향 환승 엘리베이터 이용 (엘리베이터)"
S1_5_0099,5호선,김포공항,3,환승,5,5호선 개화산 방면 → 공항철도 마곡나루 방면,B3 → B2 → B3,5,1,0,"[B3] 5호선 개화산 방면 승강장 하차 → [B2] 9호선, 공항철도 대합실로 이동 → 공항철도 마곡나루 방면 엘리베이터(으)로 1개 층 내려가기 (B2 → B3, 엘리베이터) → [B3] 공항철도 마곡나루 방면 승강장으로 이동 → [B3] 승차 (휠체어칸)","1. [B3] 5호선 개화산 방면 승강장 하차 | 2. [B2] 9호선, 공항철도 대합실로 이동 | 3. 공항철도 마곡나루 방면 엘리베이터(으)로 1개 층 내려가기 (B2 → B3, 엘리베이터) | 4. [B3] 공항철도 마곡나루 방면 승강장으로 이동 | 5. [B3] 승차 (휠체어칸)"
S1_5_0099,5호선,김포공항,3,환승,6,5호선 개화산 방면 → 공항철도 계양 방면,B3 → B2 → B4,5,1,0,"[B3] 5호선 개화산 방면 승강장 하차 → [B2] 9호선, 공항철도 대합실로 이동 → 공항철도 계양 방면 엘리베이터(으)로 2개 층 내려가기 (B2 → B4, 엘리베이터) → [B4] 공항철도 계양 방면 승강장으로 이동 → [B4] 승차 (휠체어칸)","1. [B3] 5호선 개화산 방면 승강장 하차 | 2. [B2] 9호선, 공항철도 대합실로 이동 | 3. 공항철도 계양 방면 엘리베이터(으)로 2개 층 내려가기 (B2 → B4, 엘리베이터) | 4. [B4] 공항철도 계양 방면 승강장으로 이동 | 5. [B4] 승차 (휠체어칸)"
S1_5_0099,5호선,김포공항,3,환승,7,5호선 송정 방면 → 공항철도 마곡나루 방면,B3,5,0,0,"[B3] 5호선 송정 방면 승강장 하차 → [B3] 9호선, 공항철도 방향 환승통로로 이동 → [B3] 공항철도 마곡나루 방면 승강장으로 이동 → [B3] 승차 (휠체어칸) → 9호선, 공항철도 방향 환승 엘리베이터 이용 (엘리베이터)","1. [B3] 5호선 송정 방면 승강장 하차 | 2. [B3] 9호선, 공항철도 방향 환승통로로 이동 | 3. [B3] 공항철도 마곡나루 방면 승강장으로 이동 | 4. [B3] 승차 (휠체어칸) | 5. 9호선, 공항철도 방향 환승 엘리베이터 이용 (엘리베이터)"
S1_5_0099,5호선,김포공항,3,환승,8,5호선 송정 방면 → 공항철도 계양 방면,B3 → B4,5,1,0,"[B3] 5호선 송정 방면 승강장 하차 → [B3] 9호선, 공항철도 방향 환승통로로 이동 → 공항철도 계양 방면 엘리베이터(으)로 1개 층 내려가기 (B3 → B4, 엘리베이터) → [B4] 공항철도 계양 방면 승강장으로 이동 → [B4] 승차 (휠체어칸)","1. [B3] 5호선 송정 방면 승강장 하차 | 2. [B3] 9호선, 공항철도 방향 환승통로로 이동 | 3. 공항철도 계양 방면 엘리베이터(으)로 1개 층 내려가기 (B3 → B4, 엘리베이터) | 4. [B4] 공항철도 계양 방면 승강장으로 이동 | 5. [B4] 승차 (휠체어칸)"
S1_5_0099,5호선,김포공항,3,환승,9,5호선 개화산 방면 → 김포골드라인 고촌 방면,B3 → B2 → B4,6,1,0,"[B3] 5호선 개화산 방면 승강장 하차 → [B2] 9호선, 공항철도 대합실로 이동 → [B2] 김포골드라인 대합실로 이동 → 김포골드라인 고촌 방면 엘리베이터(으)로 2개 층 내려가기 (B2 → B4, 엘리베이터) → [B4] 김포골드라인 고촌 방면 승강장으로 이동 → [B4] 승차 (휠체어칸)","1. [B3] 5호선 개화산 방면 승강장 하차 | 2. [B2] 9호선, 공항철도 대합실로 이동 | 3. [B2] 김포골드라인 대합실로 이동 | 4. 김포골드라인 고촌 방면 엘리베이터(으)로 2개 층 내려가기 (B2 → B4, 엘리베이터) | 5. [B4] 김포골드라인 고촌 방면 승강장으로 이동 | 6. [B4] 승차 (휠체어칸)"
S1_5_0099,5호선,김포공항,3,환승,10,5호선 송정 방면 → 김포골드라인 고촌 방면,B3 → B2 → B4,8,2,0,"[B3] 5호선 송정 방면 승강장 하차 → [B3] 9호선, 공항철도 방향 환승통로로 이동 → 대합실 방향 엘리베이터(으)로 1개 층 올라가기 (B3 → B2, 엘리베이터) → [B2] 9호선, 공항철도 대합실로 이동 → [B2] 김포골드라인 대합실로 이동 → 김포골드라인 고촌 방면 엘리베이터(으)로 2개 층 내려가기 (B2 → B4, 엘리베이터) → [B4] 김포골드라인 고촌 방면 승강장으로 이동 → [B4] 승차 (휠체어칸)","1. [B3] 5호선 송정 방면 승강장 하차 | 2. [B3] 9호선, 공항철도 방향 환승통로로 이동 | 3. 대합실 방향 엘리베이터(으)로 1개 층 올라가기 (B3 → B2, 엘리베이터) | 4. [B2] 9호선, 공항철도 대합실로 이동 | 5. [B2] 김포골드라인 대합실로 이동 | 6. 김포골드라인 고촌 방면 엘리베이터(으)로 2개 층 내려가기 (B2 → B4, 엘리베이터) | 7. [B4] 김포골드라인 고촌 방면 승강장으로 이동 | 8. [B4] 승차 (휠체어칸)"
S1_5_0099,5호선,김포공항,3,환승,11,5호선 개화산 방면 → 서해선 능곡 방면,B3 → B2 → B4 → B5,6,2,0,"[B3] 개화산방면 승강장 하차 → [B2] 9호선, 공항철도 대합실로 이동 → [B2] 서해선 대합실로 이동 → 서해선 엘리베이터(으)로 2개 층 내려가기 (B2 → B4, 엘리베이터) → 서해선 능곡방면 엘리베이터(으)로 1개 층 내려가기 (B4 → B5, 엘리베이터) → [B5] 능곡방면 승강장 승차","1. [B3] 개화산방면 승강장 하차 | 2. [B2] 9호선, 공항철도 대합실로 이동 | 3. [B2] 서해선 대합실로 이동 | 4. 서해선 엘리베이터(으)로 2개 층 내려가기 (B2 → B4, 엘리베이터) | 5. 서해선 능곡방면 엘리베이터(으)로 1개 층 내려가기 (B4 → B5, 엘리베이터) | 6. [B5] 능곡방면 승강장 승차"
S1_5_0099,5호선,김포공항,3,환승,12,5호선 개화산 방면 → 서해선 원종 방면,B3 → B2 → B4 → B5,6,2,0,"[B3] 개화산방면 승강장 하차 → [B2] 9호선, 공항철도 대합실로 이동 → [B2] 서해선 대합실로 이동 → 서해선 엘리베이터(으)로 2개 층 내려가기 (B2 → B4, 엘리베이터) → 서해선 원종방면 엘리베이터(으)로 1개 층 내려가기 (B4 → B5, 엘리베이터) → [B5] 원종방면 승강장 승차","1. [B3] 개화산방면 승강장 하차 | 2. [B2] 9호선, 공항철도 대합실로 이동 | 3. [B2] 서해선 대합실로 이동 | 4. 서해선 엘리베이터(으)로 2개 층 내려가기 (B2 → B4, 엘리베이터) | 5. 서해선 원종방면 엘리베이터(으)로 1개 층 내려가기 (B4 → B5, 엘리베이터) | 6. [B5] 원종방면 승강장 승차"
S1_5_0099,5호선,김포공항,3,환승,13,5호선 송정 방면 → 서해선 능곡 방면,B3 → B2 → B4 → B5,8,3,0,"[B3] 5호선 송정방면 승강장 하차 → [B3] 9호선, 공항철도 방향 환승 통로로 이동 → 대합실 방향 엘리베이터(으)로 1개 층 올라가기 (B3 → B2, 엘리베이터) → [B2] 9호선, 공항철도 대합실로 이동 → [B2] 서해선 대합실로 이동 → 서해선 엘리베이터(으)로 2개 층 내려가기 (B2 → B4, 엘리베이터) → 서해선 능곡방면 엘리베이터(으)로 1개 층 내려가기 (B4 → B5, 엘리베이터) → [B5] 능곡방면 승강장 승차","1. [B3] 5호선 송정방면 승강장 하차 | 2. [B3] 9호선, 공항철도 방향 환승 통로로 이동 | 3. 대합실 방향 엘리베이터(으)로 1개 층 올라가기 (B3 → B2, 엘리베이터) | 4. [B2] 9호선, 공항철도 대합실로 이동 | 5. [B2] 서해선 대합실로 이동 | 6. 서해선 엘리베이터(으)로 2개 층 내려가기 (B2 → B4, 엘리베이터) | 7. 서해선 능곡방면 엘리베이터(으)로 1개 층 내려가기 (B4 → B5, 엘리베이터) | 8. [B5] 능곡방면 승강장 승차"
S1_5_0099,5호선,김포공항,3,환승,14,5호선 송정 방면 → 서해선 원종 방면,B3 → B2 → B4 → B5,8,3,0,"[B3] 5호선 송정방면 승강장 하차 → [B3] 9호선, 공항철도 방향 환승 통로로 이동 → 대합실 방향 엘리베이터(으)로 1개 층 올라가기 (B3 → B2, 엘리베이터) → [B2] 9호선, 공항철도 대합실로 이동 → [B2] 서해선 대합실로 이동 → 서해선 엘리베이터(으)로 2개 층 내려가기 (B2 → B4, 엘리베이터) → 서해선 원종방면 엘리베이터(으)로 1개 층 내려가기 (B4 → B5, 엘리베이터) → [B5] 원종방면 승강장 승차","1. [B3] 5호선 송정방면 승강장 하차 | 2. [B3] 9호선, 공항철도 방향 환승 통로로 이동 | 3. 대합실 방향 엘리베이터(으)로 1개 층 올라가기 (B3 → B2, 엘리베이터) | 4. [B2] 9호선, 공항철도 대합실로 이동 | 5. [B2] 서해선 대합실로 이동 | 6. 서해선 엘리베이터(으)로 2개 층 내려가기 (B2 → B4, 엘리베이터) | 7. 서해선 원종방면 엘리베이터(으)로 1개 층 내려가기 (B4 → B5, 엘리베이터) | 8. [B5] 원종방면 승강장 승차"
S1_5_0330,5호선,송정,1,출입구-승강장,1,2번 출입구 옆 엘리베이터 → 김포공항 방면,1F → B2 → B3,6,2,0,"2번 출입구 옆 엘리베이터(으)로 2개 층 내려가기 (1F → B2, 엘리베이터) → [B2] 대합실로 이동 → [B2] 표 내는 곳 통과 → 김포공항 방면 엘리베이터(으)로 1개 층 내려가기 (B2 → B3, 엘리베이터) → [B3] 김포공항 방면 승강장으로 이동 → [B3] 승차 (휠체어칸)","1. 2번 출입구 옆 엘리베이터(으)로 2개 층 내려가기 (1F → B2, 엘리베이터) | 2. [B2] 대합실로 이동 | 3. [B2] 표 내는 곳 통과 | 4. 김포공항 방면 엘리베이터(으)로 1개 층 내려가기 (B2 → B3, 엘리베이터) | 5. [B3] 김포공항 방면 승강장으로 이동 | 6. [B3] 승차 (휠체어칸)"
S1_5_0330,5호선,송정,1,출입구-승강장,2,2번 출입구 옆 엘리베이터 → 마곡 방면,1F → B2 → B3,6,2,0,"2번 출입구 옆 엘리베이터(으)로 2개 층 내려가기 (1F → B2, 엘리베이터) → [B2] 대합실로 이동 → [B2] 표 내는 곳 통과 → 마곡 방면 엘리베이터(으)로 1개 층 내려가기 (B2 → B3, 엘리베이터) → [B3] 마곡 방면 승강장으로 이동 → [B3] 승차 (휠체어칸)","1. 2번 출입구 옆 엘리베이터(으)로 2개 층 내려가기 (1F → B2, 엘리베이터) | 2. [B2] 대합실로 이동 | 3. [B2] 표 내는 곳 통과 | 4. 마곡 방면 엘리베이터(으)로 1개 층 내려가기 (B2 → B3, 엘리베이터) | 5. [B3] 마곡 방면 승강장으로 이동 | 6. [B3] 승차 (휠체어칸)"
S1_5_0330,5호선,송정,1,출입구-승강장,3,3번 출입구 옆 엘리베이터 → 김포공항 방면,1F → B2 → B3,6,2,0,"3번 출입구 옆 엘리베이터(으)로 2개 층 내려가기 (1F → B2, 엘리베이터) → [B2] 대합실로 이동 → [B2] 표 내는 곳 통과 → 김포공항 방면 엘리베이터(으)로 1개 층 내려가기 (B2 → B3, 엘리베이터) → [B3] 김포공항 방면 승강장으로 이동 → [B3] 승차 (휠체어칸)","1. 3번 출입구 옆 엘리베이터(으)로 2개 층 내려가기 (1F → B2, 엘리베이터) | 2. [B2] 대합실로 이동 | 3. [B2] 표 내는 곳 통과 | 4. 김포공항 방면 엘리베이터(으)로 1개 층 내려가기 (B2 → B3, 엘리베이터) | 5. [B3] 김포공항 방면 승강장으로 이동 | 6. [B3] 승차 (휠체어칸)"
S1_5_0330,5호선,송정,1,출입구-승강장,4,3번 출입구 옆 엘리베이터 → 마곡 방면,1F → B2 → B3,6,2,0,"3번 출입구 옆 엘리베이터(으)로 2개 층 내려가기 (1F → B2, 엘리베이터) → [B2] 대합실로 이동 → [B2] 표 내는 곳 통과 → 마곡 방면 엘리베이터(으)로 1개 층 내려가기 (B2 → B3, 엘리베이터) → [B3] 마곡 방면 승강장으로 이동 → [B3] 승차 (휠체어칸)","1. 3번 출입구 옆 엘리베이터(으)로 2개 층 내려가기 (1F → B2, 엘리베이터) | 2. [B2] 대합실로 이동 | 3. [B2] 표 내는 곳 통과 | 4. 마곡 방면 엘리베이터(으)로 1개 층 내려가기 (B2 → B3, 엘리베이터) | 5. [B3] 마곡 방면 승강장으로 이동 | 6. [B3] 승차 (휠체어칸)"
S1_5_0177,5호선,마곡,1,출입구-승강장,1,1번/2번 출입구 사이 엘리베이터 → 송정 방면,1F → B1 → B2,6,2,0,"1번/2번 출입구 사이 엘리베이터(으)로 1개 층 내려가기 (1F → B1, 엘리베이터) → [B1] 대합실로 이동 → [B1] 표 내는 곳 통과 → 송정 방면 엘리베이터(으)로 1개 층 내려가기 (B1 → B2, 엘리베이터) → [B2] 송정 방면 승강장으로 이동 → [B2] 승차 (휠체어칸)","1. 1번/2번 출입구 사이 엘리베이터(으)로 1개 층 내려가기 (1F → B1, 엘리베이터) | 2. [B1] 대합실로 이동 | 3. [B1] 표 내는 곳 통과 | 4. 송정 방면 엘리베이터(으)로 1개 층 내려가기 (B1 → B2, 엘리베이터) | 5. [B2] 송정 방면 승강장으로 이동 | 6. [B2] 승차 (휠체어칸)"
S1_5_0177,5호선,마곡,1,출입구-승강장,2,1번/2번 출입구 사이 엘리베이터 → 발산 방면,1F → B1 → B2,6,2,0,"1번/2번 출입구 사이 엘리베이터(으)로 1개 층 내려가기 (1F → B1, 엘리베이터) → [B1] 대합실로 이동 → [B1] 표 내는 곳 통과 → 발산 방면 엘리베이터(으)로 1개 층 내려가기 (B1 → B2, 엘리베이터) → [B2] 발산 방면 승강장으로 이동 → [B2] 승차 (휠체어칸)","1. 1번/2번 출입구 사이 엘리베이터(으)로 1개 층 내려가기 (1F → B1, 엘리베이터) | 2. [B1] 대합실로 이동 | 3. [B1] 표 내는 곳 통과 | 4. 발산 방면 엘리베이터(으)로 1개 층 내려가기 (B1 → B2, 엘리베이터) | 5. [B2] 발산 방면 승강장으로 이동 | 6. [B2] 승차 (휠체어칸)"
S1_5_0177,5호선,마곡,1,출입구-승강장,3,3번 출입구 사이 엘리베이터 → 송정 방면,1F → B1 → B2,6,2,0,"3번 출입구 사이 엘리베이터(으)로 1개 층 내려가기 (1F → B1, 엘리베이터) → [B1] 대합실로 이동 → [B1] 표 내는 곳 통과 → 송정 방면 엘리베이터(으)로 1개 층 내려가기 (B1 → B2, 엘리베이터) → [B2] 송정 방면 승강장으로 이동 → [B2] 승차 (휠체어칸)","1. 3번 출입구 사이 엘리베이터(으)로 1개 층 내려가기 (1F → B1, 엘리베이터) | 2. [B1] 대합실로 이동 | 3. [B1] 표 내는 곳 통과 | 4. 송정 방면 엘리베이터(으)로 1개 층 내려가기 (B1 → B2, 엘리베이터) | 5. [B2] 송정 방면 승강장으로 이동 | 6. [B2] 승차 (휠체어칸)"
S1_5_0177,5호선,마곡,1,출입구-승강장,4,3번 출입구 사이 엘리베이터 → 발산 방면,1F → B1 → B2,6,2,0,"3번 출입구 사이 엘리베이터(으)로 1개 층 내려가기 (1F → B1, 엘리베이터) → [B1] 대합실로 이동 → [B1] 표 내는 곳 통과 → 발산 방면 엘리베이터(으)로 1개 층 내려가기 (B1 → B2, 엘리베이터) → [B2] 발산 방면 승강장으로 이동 → [B2] 승차 (휠체어칸)","1. 3번 출입구 사이 엘리베이터(으)로 1개 층 내려가기 (1F → B1, 엘리베이터) | 2. [B1] 대합실로 이동 | 3. [B1] 표 내는 곳 통과 | 4. 발산 방면 엘리베이터(으)로 1개 층 내려가기 (B1 → B2, 엘리베이터) | 5. [B2] 발산 방면 승강장으로 이동 | 6. [B2] 승차 (휠체어칸)"
S1_5_0177,5호선,마곡,1,출입구-승강장,5,4번/5번 출입구 사이 엘리베이터 → 송정 방면,1F → B1 → B2,6,2,0,"4번/5번 출입구 사이 엘리베이터(으)로 1개 층 내려가기 (1F → B1, 엘리베이터) → [B1] 대합실로 이동 → [B1] 표 내는 곳 통과 → 송정 방면 엘리베이터(으)로 1개 층 내려가기 (B1 → B2, 엘리베이터) → [B2] 송정 방면 승강장으로 이동 → [B2] 승차 (휠체어칸)","1. 4번/5번 출입구 사이 엘리베이터(으)로 1개 층 내려가기 (1F → B1, 엘리베이터) | 2. [B1] 대합실로 이동 | 3. [B1] 표 내는 곳 통과 | 4. 송정 방면 엘리베이터(으)로 1개 층 내려가기 (B1 → B2, 엘리베이터) | 5. [B2] 송정 방면 승강장으로 이동 | 6. [B2] 승차 (휠체어칸)"
S1_5_0177,5호선,마곡,1,출입구-승강장,6,4번/5번 출입구 사이 엘리베이터 → 발산 방면,1F → B1 → B2,6,2,0,"4번/5번 출입구 사이 엘리베이터(으)로 1개 층 내려가기 (1F → B1, 엘리베이터) → [B1] 대합실로 이동 → [B1] 표 내는 곳 통과 → 발산 방면 엘리베이터(으)로 1개 층 내려가기 (B1 → B2, 엘리베이터) → [B2] 발산 방면 승강장으로 이동 → [B2] 승차 (휠체어칸)","1. 4번/5번 출입구 사이 엘리베이터(으)로 1개 층 내려가기 (1F → B1, 엘리베이터) | 2. [B1] 대합실로 이동 | 3. [B1] 표 내는 곳 통과 | 4. 발산 방면 엘리베이터(으)로 1개 층 내려가기 (B1 → B2, 엘리베이터) | 5. [B2] 발산 방면 승강장으로 이동 | 6. [B2] 승차 (휠체어칸)"
S1_5_0177,5호선,마곡,1,출입구-승강장,7,"6,7번 출입구 사이 엘리베이터 → 송정 방면",1F → B1 → B2,6,2,0,"6/7번 출입구 사이 엘리베이터(으)로 1개 층 내려가기 (1F → B1, 엘리베이터) → [B1] 대합실로 이동 → [B1] 표 내는 곳 통과 → 송정 방면 엘리베이터(으)로 1개 층 내려가기 (B1 → B2, 엘리베이터) → [B2] 송정 방면 승강장으로 이동 → [B2] 승차 (휠체어칸)","1. 6/7번 출입구 사이 엘리베이터(으)로 1개 층 내려가기 (1F → B1, 엘리베이터) | 2. [B1] 대합실로 이동 | 3. [B1] 표 내는 곳 통과 | 4. 송정 방면 엘리베이터(으)로 1개 층 내려가기 (B1 → B2, 엘리베이터) | 5. [B2] 송정 방면 승강장으로 이동 | 6. [B2] 승차 (휠체어칸)"
S1_5_0177,5호선,마곡,1,출입구-승강장,8,"6,7번 출입구 사이 엘리베이터 → 발산 방면",1F → B1 → B2,6,2,0,"6/7번 출입구 사이 엘리베이터(으)로 1개 층 내려가기 (1F → B1, 엘리베이터) → [B1] 대합실로 이동 → [B1] 표 내는 곳 통과 → 발산 방면 엘리베이터(으)로 1개 층 내려가기 (B1 → B2, 엘리베이터) → [B2] 발산 방면 승강장으로 이동 → [B2] 승차 (휠체어칸)","1. 6/7번 출입구 사이 엘리베이터(으)로 1개 층 내려가기 (1F → B1, 엘리베이터) | 2. [B1] 대합실로 이동 | 3. [B1] 표 내는 곳 통과 | 4. 발산 방면 엘리베이터(으)로 1개 층 내려가기 (B1 → B2, 엘리베이터) | 5. [B2] 발산 방면 승강장으로 이동 | 6. [B2] 승차 (휠체어칸)"
S1_5_0217,5호선,발산,1,출입구-승강장,1,7번 출입구 옆 엘리베이터 → 마곡 방면,1F → B1 → B2,6,2,0,"7번 출입구 옆 엘리베이터(으)로 1개 층 내려가기 (1F → B1, 엘리베이터) → [B1] 대합실로 이동 → [B1] 마곡 방면 엘리베이터 앞 표 내는 곳 통과 → 마곡 방면 엘리베이터(으)로 1개 층 내려가기 (B1 → B2, 엘리베이터) → [B2] 마곡 방면 승강장으로 이동 → [B2] 승차 (휠체어칸)","1. 7번 출입구 옆 엘리베이터(으)로 1개 층 내려가기 (1F → B1, 엘리베이터) | 2. [B1] 대합실로 이동 | 3. [B1] 마곡 방면 엘리베이터 앞 표 내는 곳 통과 | 4. 마곡 방면 엘리베이터(으)로 1개 층 내려가기 (B1 → B2, 엘리베이터) | 5. [B2] 마곡 방면 승강장으로 이동 | 6. [B2] 승차 (휠체어칸)"
S1_5_0217,5호선,발산,1,출입구-승강장,2,7번 출입구 옆 엘리베이터 → 우장산 방면,1F → B1 → B2,6,2,0,"7번 출입구 옆 엘리베이터(으)로 1개 층 내려가기 (1F → B1, 엘리베이터) → [B1] 대합실로 이동 → [B1] 우장산 방면 엘리베이터 앞 표 내는 곳 통과 → 우장산 방면 엘리베이터(으)로 1개 층 내려가기 (B1 → B2, 엘리베이터) → [B2] 우장산 방면 승강장으로 이동 → [B2] 승차 (휠체어칸)","1. 7번 출입구 옆 엘리베이터(으)로 1개 층 내려가기 (1F → B1, 엘리베이터) | 2. [B1] 대합실로 이동 | 3. [B1] 우장산 방면 엘리베이터 앞 표 내는 곳 통과 | 4. 우장산 방면 엘리베이터(으)로 1개 층 내려가기 (B1 → B2, 엘리베이터) | 5. [B2] 우장산 방면 승강장으로 이동 | 6. [B2] 승차 (휠체어칸)"
S1_5_0449,5호선,우장산,1,출입구-승강장,1,1번 출입구 옆 엘리베이터 → 발산 방면,1F → B1 → B2,6,2,0,"1번 출입구 옆 엘리베이터(으)로 1개 층 내려가기 (1F → B1, 엘리베이터) → [B1] 대합실로 이동 → [B1] 발산 방면 엘리베이터 앞 표 내는 곳 통과 → 발산 방면 엘리베이터(으)로 1개 층 내려가기 (B1 → B2, 엘리베이터) → [B2] 발산 방면 승강장으로 이동 → [B2] 승차 (휠체어칸)","1. 1번 출입구 옆 엘리베이터(으)로 1개 층 내려가기 (1F → B1, 엘리베이터) | 2. [B1] 대합실로 이동 | 3. [B1] 발산 방면 엘리베이터 앞 표 내는 곳 통과 | 4. 발산 방면 엘리베이터(으)로 1개 층 내려가기 (B1 → B2, 엘리베이터) | 5. [B2] 발산 방면 승강장으로 이동 | 6. [B2] 승차 (휠체어칸)"
S1_5_0449,5호선,우장산,1,출입구-승강장,2,1번 출입구 옆 엘리베이터 → 화곡 방면,1F → B1 → B2,6,2,0,"1번 출입구 옆 엘리베이터(으)로 1개 층 내려가기 (1F → B1, 엘리베이터) → [B1] 대합실로 이동 → [B1] 화곡 방면 엘리베이터 앞 표 내는 곳 통과 → 화곡 방면 엘리베이터(으)로 1개 층 내려가기 (B1 → B2, 엘리베이터) → [B2] 화곡 방면 승강장으로 이동 → [B2] 승차 (휠체어칸)","1. 1번 출입구 옆 엘리베이터(으)로 1개 층 내려가기 (1F → B1, 엘리베이터) | 2. [B1] 대합실로 이동 | 3. [B1] 화곡 방면 엘리베이터 앞 표 내는 곳 통과 | 4. 화곡 방면 엘리베이터(으)로 1개 층 내려가기 (B1 → B2, 엘리베이터) | 5. [B2] 화곡 방면 승강장으로 이동 | 6. [B2] 승차 (휠체어칸)"
S1_5_0599,5호선,화곡,1,출입구-승강장,1, 2번 출입구 옆 엘리베이터 → 우장산 방면,1F → B1 → B2,6,2,0,"2번 출입구 옆 엘리베이터(으)로 1개 층 내려가기 (1F → B1, 엘리베이터) → [B1] 대합실로 이동 → [B1] 표 내는 곳 통과 → 승강장 방향 엘리베이터(으)로 1개 층 내려가기 (B1 → B2, 엘리베이터) → [B2] 우장산 방면 승강장으로 이동 → [B2] 승차 (휠체어칸)","1. 2번 출입구 옆 엘리베이터(으)로 1개 층 내려가기 (1F → B1, 엘리베이터) | 2. [B1] 대합실로 이동 | 3. [B1] 표 내는 곳 통과 | 4. 승강장 방향 엘리베이터(으)로 1개 층 내려가기 (B1 → B2, 엘리베이터) | 5. [B2] 우장산 방면 승강장으로 이동 | 6. [B2] 승차 (휠체어칸)"
S1_5_0599,5호선,화곡,1,출입구-승강장,2, 2번 출입구 옆 엘리베이터 → 까치산 방면,1F → B1 → B2,6,2,0,"2번 출입구 옆 엘리베이터(으)로 1개 층 내려가기 (1F → B1, 엘리베이터) → [B1] 대합실로 이동 → [B1] 표 내는 곳 통과 → 승강장 방향 엘리베이터(으)로 1개 층 내려가기 (B1 → B2, 엘리베이터) → [B2] 까치산 방면 승강장으로 이동 → [B2] 승차 (휠체어칸)","1. 2번 출입구 옆 엘리베이터(으)로 1개 층 내려가기 (1F → B1, 엘리베이터) | 2. [B1] 대합실로 이동 | 3. [B1] 표 내는 곳 통과 | 4. 승강장 방향 엘리베이터(으)로 1개 층 내려가기 (B1 → B2, 엘리베이터) | 5. [B2] 까치산 방면 승강장으로 이동 | 6. [B2] 승차 (휠체어칸)"
S1_5_0100,5호선,까치산,1,출입구-승강장,1,지상1층 엘리베이터 → 화곡 방면,,3,0,0,B5 상선 승강장(6-3) → 승차(휠체어 칸) → B1 대합실 EV 이용 (엘리베이터),1. B5 상선 승강장(6-3) | 2. 승차(휠체어 칸) | 3. B1 대합실 EV 이용 (엘리베이터)
S1_5_0100,5호선,까치산,1,출입구-승강장,2,지상1층 엘리베이터 → 신정 방면,,3,0,0,B5 하선 승강장(3-2) → 승차(휠체어 칸) → B1 대합실 EV 이용 (엘리베이터),1. B5 하선 승강장(3-2) | 2. 승차(휠체어 칸) | 3. B1 대합실 EV 이용 (엘리베이터)
S1_5_0100,5호선,까치산,3,환승,1,5호선 화곡 방면 → 2호선 신정네거리 방면,,5,0,0,5호선 화곡방면 승강장 → B1 대합실 EV 하차 → B5 하선 승강장(3-2) 하차 → B5 2호선 신정네거리역 방면 승강장으로 이동 → B1 대합실 신정역 방면 EV 이용 (엘리베이터),1. 5호선 화곡방면 승강장 | 2. B1 대합실 EV 하차 | 3. B5 하선 승강장(3-2) 하차 | 4. B5 2호선 신정네거리역 방면 승강장으로 이동 | 5. B1 대합실 신정역 방면 EV 이용 (엘리베이터)
S1_5_0100,5호선,까치산,3,환승,2,5호선 신정 방면 → 2호선 신정네거리 방면,B5,3,0,0,[B5] 5호선 신정 방면 승강장 하차 → [B5] 2호선 신정네거리 방면 승강장으로 이동 → [B5] 승차 (휠체어칸),1. [B5] 5호선 신정 방면 승강장 하차 | 2. [B5] 2호선 신정네거리 방면 승강장으로 이동 | 3. [B5] 승차 (휠체어칸)
S1_5_0372,5호선,신정,1,출입구-승강장,1,2번 출입구 옆 엘리베이터 → 까치산 방면,1F → B2 → B3,6,2,0,"2번 출입구 옆 엘리베이터(으)로 2개 층 내려가기 (1F → B2, 엘리베이터) → [B2] 대합실로 이동 → [B2] 표 내는 곳 통과 → 까치산 방면 엘리베이터(으)로 1개 층 내려가기 (B2 → B3, 엘리베이터) → [B3] 까치산 방면 승강장으로 이동 → [B3] 승차 (휠체어칸)","1. 2번 출입구 옆 엘리베이터(으)로 2개 층 내려가기 (1F → B2, 엘리베이터) | 2. [B2] 대합실로 이동 | 3. [B2] 표 내는 곳 통과 | 4. 까치산 방면 엘리베이터(으)로 1개 층 내려가기 (B2 → B3, 엘리베이터) | 5. [B3] 까치산 방면 승강장으로 이동 | 6. [B3] 승차 (휠체어칸)"
S1_5_0372,5호선,신정,1,출입구-승강장,2,2번 출입구 옆 엘리베이터 → 목동 방면,1F → B2 → B3,6,2,0,"2번 출입구 옆 엘리베이터(으)로 2개 층 내려가기 (1F → B2, 엘리베이터) → [B2] 대합실로 이동 → [B2] 표 내는 곳 통과 → 목동 방면 엘리베이터(으)로 1개 층 내려가기 (B2 → B3, 엘리베이터) → [B3] 목동 방면 승강장으로 이동 → [B3] 승차 (휠체어칸)","1. 2번 출입구 옆 엘리베이터(으)로 2개 층 내려가기 (1F → B2, 엘리베이터) | 2. [B2] 대합실로 이동 | 3. [B2] 표 내는 곳 통과 | 4. 목동 방면 엘리베이터(으)로 1개 층 내려가기 (B2 → B3, 엘리베이터) | 5. [B3] 목동 방면 승강장으로 이동 | 6. [B3] 승차 (휠체어칸)"
S1_5_0203,5호선,목동,1,출입구-승강장,1,5번 출입구 옆 엘리베이터 → 신정 방면,1F → B1 → B2,6,2,0,"5번 출입구 옆 엘리베이터(으)로 1개 층 내려가기 (1F → B1, 엘리베이터) → [B1] 대합실로 이동 → [B1] 표 내는 곳 통과 → 신정 방면 엘리베이터(으)로 1개 층 내려가기 (B1 → B2, 엘리베이터) → [B2] 신정 방면 승강장으로 이동 → [B2] 승차 (휠체어칸)","1. 5번 출입구 옆 엘리베이터(으)로 1개 층 내려가기 (1F → B1, 엘리베이터) | 2. [B1] 대합실로 이동 | 3. [B1] 표 내는 곳 통과 | 4. 신정 방면 엘리베이터(으)로 1개 층 내려가기 (B1 → B2, 엘리베이터) | 5. [B2] 신정 방면 승강장으로 이동 | 6. [B2] 승차 (휠체어칸)"
S1_5_0203,5호선,목동,1,출입구-승강장,2,5번 출입구 옆 엘리베이터 → 오목교 방면,1F → B1 → B2,6,2,0,"5번 출입구 옆 엘리베이터(으)로 1개 층 내려가기 (1F → B1, 엘리베이터) → [B1] 대합실로 이동 → [B1] 표 내는 곳 통과 → 오목교 방면 엘리베이터(으)로 1개 층 내려가기 (B1 → B2, 엘리베이터) → [B2] 오목교 방면 승강장으로 이동 → [B2] 승차 (휠체어칸)","1. 5번 출입구 옆 엘리베이터(으)로 1개 층 내려가기 (1F → B1, 엘리베이터) | 2. [B1] 대합실로 이동 | 3. [B1] 표 내는 곳 통과 | 4. 오목교 방면 엘리베이터(으)로 1개 층 내려가기 (B1 → B2, 엘리베이터) | 5. [B2] 오목교 방면 승강장으로 이동 | 6. [B2] 승차 (휠체어칸)"
S1_5_0429,5호선,오목교,1,출입구-승강장,1,7번 출입구 옆 엘리베이터 → 목동 방면,1F → B1 → B3,6,2,0,"7번 출입구 옆 엘리베이터(으)로 1개 층 내려가기 (1F → B1, 엘리베이터) → [B1] 대합실로 이동 → [B1] 표 내는 곳 통과 → 목동 방면 엘리베이터(으)로 2개 층 내려가기 (B1 → B3, 엘리베이터) → [B3] 목동 방면 승강장으로 이동 → [B3] 승차 (휠체어칸)","1. 7번 출입구 옆 엘리베이터(으)로 1개 층 내려가기 (1F → B1, 엘리베이터) | 2. [B1] 대합실로 이동 | 3. [B1] 표 내는 곳 통과 | 4. 목동 방면 엘리베이터(으)로 2개 층 내려가기 (B1 → B3, 엘리베이터) | 5. [B3] 목동 방면 승강장으로 이동 | 6. [B3] 승차 (휠체어칸)"
S1_5_0429,5호선,오목교,1,출입구-승강장,2,7번 출입구 옆 엘리베이터 → 양평 방면,1F → B1 → B3,6,2,0,"7번 출입구 옆 엘리베이터(으)로 1개 층 내려가기 (1F → B1, 엘리베이터) → [B1] 대합실로 이동 → [B1] 표 내는 곳 통과 → 양평 방면 엘리베이터(으)로 2개 층 내려가기 (B1 → B3, 엘리베이터) → [B3] 양평 방면 승강장으로 이동 → [B3] 승차 (휠체어칸)","1. 7번 출입구 옆 엘리베이터(으)로 1개 층 내려가기 (1F → B1, 엘리베이터) | 2. [B1] 대합실로 이동 | 3. [B1] 표 내는 곳 통과 | 4. 양평 방면 엘리베이터(으)로 2개 층 내려가기 (B1 → B3, 엘리베이터) | 5. [B3] 양평 방면 승강장으로 이동 | 6. [B3] 승차 (휠체어칸)"
S1_5_0316,5호선,양평,1,출입구-승강장,1,2번 출입구 옆 엘리베이터 → 오목교 방면,1F → B1 → B5,6,2,0,"2번 출입구 옆 엘리베이터(으)로 1개 층 내려가기 (1F → B1, 엘리베이터) → [B1] 대합실로 이동 → [B1] 표 내는 곳 통과 → 승강장 방향 엘리베이터(으)로 4개 층 내려가기 (B1 → B5, 엘리베이터) → [B5] 오목교 방면 승강장으로 이동 → [B5] 승차(휠체어칸)","1. 2번 출입구 옆 엘리베이터(으)로 1개 층 내려가기 (1F → B1, 엘리베이터) | 2. [B1] 대합실로 이동 | 3. [B1] 표 내는 곳 통과 | 4. 승강장 방향 엘리베이터(으)로 4개 층 내려가기 (B1 → B5, 엘리베이터) | 5. [B5] 오목교 방면 승강장으로 이동 | 6. [B5] 승차(휠체어칸)"
S1_5_0316,5호선,양평,1,출입구-승강장,2,2번 출입구 옆 엘리베이터 → 오목교 방면,1F → B1 → B4 → B5,8,3,0,"2번 출입구 옆 엘리베이터(으)로 1개 층 내려가기 (1F → B1, 엘리베이터) → [B1] 대합실로 이동 → [B1] 표 내는 곳 통과 → 승강장 방향 엘리베이터(으)로 3개 층 내려가기 (B1 → B4, 엘리베이터) → [B4] 대합실로 이동 → 영등포구청 방면 엘리베이터(으)로 1개 층 내려가기 (B4 → B5, 엘리베이터) → [B5] 영등포구청 방면 승강장으로 이동 → [B5] 승차(휠체어칸)","1. 2번 출입구 옆 엘리베이터(으)로 1개 층 내려가기 (1F → B1, 엘리베이터) | 2. [B1] 대합실로 이동 | 3. [B1] 표 내는 곳 통과 | 4. 승강장 방향 엘리베이터(으)로 3개 층 내려가기 (B1 → B4, 엘리베이터) | 5. [B4] 대합실로 이동 | 6. 영등포구청 방면 엘리베이터(으)로 1개 층 내려가기 (B4 → B5, 엘리베이터) | 7. [B5] 영등포구청 방면 승강장으로 이동 | 8. [B5] 승차(휠체어칸)"
S1_5_0421,5호선,영등포구청,1,출입구-승강장,1,7번 출입구 옆 엘리베이터 → 양평 방면,1F → B5,4,1,0,"7번 출입구 옆 엘리베이터(으)로 5개 층 내려가기 (1F → B5, 엘리베이터) → [B5] 양평 방면 승강장으로 이동 → [B5] 표 내는 곳 통과 → [B5] 승차 (휠체어칸)","1. 7번 출입구 옆 엘리베이터(으)로 5개 층 내려가기 (1F → B5, 엘리베이터) | 2. [B5] 양평 방면 승강장으로 이동 | 3. [B5] 표 내는 곳 통과 | 4. [B5] 승차 (휠체어칸)"
S1_5_0421,5호선,영등포구청,1,출입구-승강장,2,7번 출입구 옆 엘리베이터 → 영등포시장 방면,1F → B4 → B5,6,2,0,"7번 출입구 옆 엘리베이터(으)로 4개 층 내려가기 (1F → B4, 엘리베이터) → [B4] 대합실로 이동 → [B4] 표 내는 곳 통과 → 영등포시장 방면 엘리베이터(으)로 1개 층 내려가기 (B4 → B5, 엘리베이터) → [B5] 영등포시장 방면 승강장으로 이동 → [B5] 승차 (휠체어칸)","1. 7번 출입구 옆 엘리베이터(으)로 4개 층 내려가기 (1F → B4, 엘리베이터) | 2. [B4] 대합실로 이동 | 3. [B4] 표 내는 곳 통과 | 4. 영등포시장 방면 엘리베이터(으)로 1개 층 내려가기 (B4 → B5, 엘리베이터) | 5. [B5] 영등포시장 방면 승강장으로 이동 | 6. [B5] 승차 (휠체어칸)"
S1_5_0421,5호선,영등포구청,3,환승,1,5호선 양평 방면 → 2호선 문래 방면,B5 → 1F → B1 → B2,7,3,0,"양평방면 엘리베이터(으)로 5개 층 올라가기 (B5 → 1F, 엘리베이터) → [1F] 7번 출입구 엘리베이터 하차 → 2번 출입구 엘리베이터(으)로 1개 층 내려가기 (1F → B1, 엘리베이터) → [B1] 2번 출입구 엘리베이터 하차 → 2호선 문래방면 엘리베이터(으)로 1개 층 내려가기 (B1 → B2, 엘리베이터) → [B2] 2호선 문래방면 엘리베이터 하차 → [B2] 승차(휠체어칸)","1. 양평방면 엘리베이터(으)로 5개 층 올라가기 (B5 → 1F, 엘리베이터) | 2. [1F] 7번 출입구 엘리베이터 하차 | 3. 2번 출입구 엘리베이터(으)로 1개 층 내려가기 (1F → B1, 엘리베이터) | 4. [B1] 2번 출입구 엘리베이터 하차 | 5. 2호선 문래방면 엘리베이터(으)로 1개 층 내려가기 (B1 → B2, 엘리베이터) | 6. [B2] 2호선 문래방면 엘리베이터 하차 | 7. [B2] 승차(휠체어칸)"
S1_5_0421,5호선,영등포구청,3,환승,2,5호선 양평 방면 → 2호선 당산 방면,B5 → 1F → B1 → B2,7,3,0,"양평방면 엘리베이터(으)로 5개 층 올라가기 (B5 → 1F, 엘리베이터) → [1F] 7번 출입구 엘리베이터 하차 → 2번 출입구 엘리베이터(으)로 1개 층 내려가기 (1F → B1, 엘리베이터) → [B1] 2번 출입구 엘리베이터 하차 → 2호선 당산방면 엘리베이터(으)로 1개 층 내려가기 (B1 → B2, 엘리베이터) → [B2] 2호선 당산방면 엘리베이터 하차 → [B2] 승차(휠체어칸)","1. 양평방면 엘리베이터(으)로 5개 층 올라가기 (B5 → 1F, 엘리베이터) | 2. [1F] 7번 출입구 엘리베이터 하차 | 3. 2번 출입구 엘리베이터(으)로 1개 층 내려가기 (1F → B1, 엘리베이터) | 4. [B1] 2번 출입구 엘리베이터 하차 | 5. 2호선 당산방면 엘리베이터(으)로 1개 층 내려가기 (B1 → B2, 엘리베이터) | 6. [B2] 2호선 당산방면 엘리베이터 하차 | 7. [B2] 승차(휠체어칸)"
S1_5_0421,5호선,영등포구청,3,환승,3,5호선 영등포시장 방면 → 2호선 문래 방면,B5 → B4 → 1F → B1 → B2,9,4,0,"영등포시장방면 엘리베이터(으)로 1개 층 올라가기 (B5 → B4, 엘리베이터) → [B4] 영등포시장방면 엘리베이터 하차 → 표 내는 곳 통과 후 5호선 양평 방향 엘리베이터(으)로 4개 층 올라가기 (B4 → 1F, 엘리베이터) → [1F] 7번 출입구 엘리베이터 하차 → 2번 출입구 엘리베이터(으)로 1개 층 내려가기 (1F → B1, 엘리베이터) → [B1] 2번 출입구 엘리베이터 하차 → 문래방면 엘리베이터(으)로 1개 층 내려가기 (B1 → B2, 엘리베이터) → [B2] 문래방면 엘리베이터 하차 → [B2] 승차(휠체어칸)","1. 영등포시장방면 엘리베이터(으)로 1개 층 올라가기 (B5 → B4, 엘리베이터) | 2. [B4] 영등포시장방면 엘리베이터 하차 | 3. 표 내는 곳 통과 후 5호선 양평 방향 엘리베이터(으)로 4개 층 올라가기 (B4 → 1F, 엘리베이터) | 4. [1F] 7번 출입구 엘리베이터 하차 | 5. 2번 출입구 엘리베이터(으)로 1개 층 내려가기 (1F → B1, 엘리베이터) | 6. [B1] 2번 출입구 엘리베이터 하차 | 7. 문래방면 엘리베이터(으)로 1개 층 내려가기 (B1 → B2, 엘리베이터) | 8. [B2] 문래방면 엘리베이터 하차 | 9. [B2] 승차(휠체어칸)"
S1_5_0421,5호선,영등포구청,3,환승,4,5호선 영등포시장 방면 → 2호선 당산 방면,B5 → B4 → 1F → B1 → B2,9,4,0,"영등포시장방면 엘리베이터(으)로 1개 층 올라가기 (B5 → B4, 엘리베이터) → [B4] 영등포시장방면 엘리베이터 하차 → 표 내는 곳 통과 후 5호선 양평 방향 엘리베이터(으)로 4개 층 올라가기 (B4 → 1F, 엘리베이터) → [1F] 7번 출입구 엘리베이터 하차 → 2번 출입구 엘리베이터(으)로 1개 층 내려가기 (1F → B1, 엘리베이터) → [B1] 2번 출입구 엘리베이터 하차 → 당산방면 엘리베이터(으)로 1개 층 내려가기 (B1 → B2, 엘리베이터) → [B2] 당산방면 엘리베이터 하차 → [B2] 승차(휠체어칸)","1. 영등포시장방면 엘리베이터(으)로 1개 층 올라가기 (B5 → B4, 엘리베이터) | 2. [B4] 영등포시장방면 엘리베이터 하차 | 3. 표 내는 곳 통과 후 5호선 양평 방향 엘리베이터(으)로 4개 층 올라가기 (B4 → 1F, 엘리베이터) | 4. [1F] 7번 출입구 엘리베이터 하차 | 5. 2번 출입구 엘리베이터(으)로 1개 층 내려가기 (1F → B1, 엘리베이터) | 6. [B1] 2번 출입구 엘리베이터 하차 | 7. 당산방면 엘리베이터(으)로 1개 층 내려가기 (B1 → B2, 엘리베이터) | 8. [B2] 당산방면 엘리베이터 하차 | 9. [B2] 승차(휠체어칸)"
S1_5_0422,5호선,영등포시장,1,출입구-승강장,1,2번 출입구 옆 엘리베이터 → 영등포구청 방면,1F → B1 → B5 → B6,8,3,0,"2번 출입구 옆 엘리베이터(으)로 1개 층 내려가기 (1F → B1, 엘리베이터) → [B1] 대합실로 이동 → [B1] 표 내는 곳 통과 → 승강장 방향 엘리베이터(으)로 4개 층 내려가기 (B1 → B5, 엘리베이터) → [B5] 대합실로 이동 → 영등포구청 방면 엘리베이터(으)로 1개 층 내려가기 (B5 → B6, 엘리베이터) → [B6] 영등포구청 방면 승강장으로 이동 → [B6] 승차 (휠체어칸)","1. 2번 출입구 옆 엘리베이터(으)로 1개 층 내려가기 (1F → B1, 엘리베이터) | 2. [B1] 대합실로 이동 | 3. [B1] 표 내는 곳 통과 | 4. 승강장 방향 엘리베이터(으)로 4개 층 내려가기 (B1 → B5, 엘리베이터) | 5. [B5] 대합실로 이동 | 6. 영등포구청 방면 엘리베이터(으)로 1개 층 내려가기 (B5 → B6, 엘리베이터) | 7. [B6] 영등포구청 방면 승강장으로 이동 | 8. [B6] 승차 (휠체어칸)"
S1_5_0422,5호선,영등포시장,1,출입구-승강장,2,2번 출입구 옆 엘리베이터 → 신길 방면,1F → B1 → B6,6,2,0,"2번 출입구 옆 엘리베이터(으)로 1개 층 내려가기 (1F → B1, 엘리베이터) → [B1] 대합실로 이동 → [B1] 표 내는 곳 통과 → 신길 방면 엘리베이터(으)로 5개 층 내려가기 (B1 → B6, 엘리베이터) → [B6] 신길 방면 승강장으로 이동 → [B6] 승차 (휠체어칸)","1. 2번 출입구 옆 엘리베이터(으)로 1개 층 내려가기 (1F → B1, 엘리베이터) | 2. [B1] 대합실로 이동 | 3. [B1] 표 내는 곳 통과 | 4. 신길 방면 엘리베이터(으)로 5개 층 내려가기 (B1 → B6, 엘리베이터) | 5. [B6] 신길 방면 승강장으로 이동 | 6. [B6] 승차 (휠체어칸)"
S1_5_0351,5호선,신길,1,출입구-승강장,1,3번 출입구 옆 엘리베이터 → 영등포시장 방면,1F → B3 → B4,6,2,0,"3번 출입구 옆 엘리베이터(으)로 3개 층 내려가기 (1F → B3, 엘리베이터) → [B3] 대합실로 이동 → [B3] 표 내는 곳 통과 → 영등포시장 방면 엘리베이터(으)로 1개 층 내려가기 (B3 → B4, 엘리베이터) → [B4] 영등포시장 방면 승강장으로 이동 → [B4] 승차 (휠체어칸)","1. 3번 출입구 옆 엘리베이터(으)로 3개 층 내려가기 (1F → B3, 엘리베이터) | 2. [B3] 대합실로 이동 | 3. [B3] 표 내는 곳 통과 | 4. 영등포시장 방면 엘리베이터(으)로 1개 층 내려가기 (B3 → B4, 엘리베이터) | 5. [B4] 영등포시장 방면 승강장으로 이동 | 6. [B4] 승차 (휠체어칸)"
S1_5_0351,5호선,신길,1,출입구-승강장,2,3번 출입구 옆 엘리베이터 → 여의도 방면,1F → B3 → B4,6,2,0,"3번 출입구 옆 엘리베이터(으)로 3개 층 내려가기 (1F → B3, 엘리베이터) → [B3] 대합실로 이동 → [B3] 표 내는 곳 통과 → 여의도 방면 엘리베이터(으)로 1개 층 내려가기 (B3 → B4, 엘리베이터) → [B4] 여의도 방면 승강장으로 이동 → [B4] 승차 (휠체어칸)","1. 3번 출입구 옆 엘리베이터(으)로 3개 층 내려가기 (1F → B3, 엘리베이터) | 2. [B3] 대합실로 이동 | 3. [B3] 표 내는 곳 통과 | 4. 여의도 방면 엘리베이터(으)로 1개 층 내려가기 (B3 → B4, 엘리베이터) | 5. [B4] 여의도 방면 승강장으로 이동 | 6. [B4] 승차 (휠체어칸)"
S1_5_0351,5호선,신길,3,환승,1,5호선 영등포시장 방면 → 1호선 대방 방면,B4 → B3 → B1 → 1F,8,3,0,"[B4] 5호선 영등포시장 방면 승강장 하차 → 1호선 방향 환승 엘리베이터(으)로 1개 층 올라가기 (B4 → B3, 엘리베이터) → [B3] 대합실로 이동 → 1호선 환승통로 방향 경사형 엘리베이터(으)로 2개 층 올라가기 (B3 → B1, 엘리베이터) → [B1] 환승통로로 이동 → 1호선 대방 방면 엘리베이터(으)로 1개 층 올라가기 (B1 → 1F, 엘리베이터) → [1F] 1호선 대방 방면 승강장으로 이동 → [1F] 승차 (휠체어칸)","1. [B4] 5호선 영등포시장 방면 승강장 하차 | 2. 1호선 방향 환승 엘리베이터(으)로 1개 층 올라가기 (B4 → B3, 엘리베이터) | 3. [B3] 대합실로 이동 | 4. 1호선 환승통로 방향 경사형 엘리베이터(으)로 2개 층 올라가기 (B3 → B1, 엘리베이터) | 5. [B1] 환승통로로 이동 | 6. 1호선 대방 방면 엘리베이터(으)로 1개 층 올라가기 (B1 → 1F, 엘리베이터) | 7. [1F] 1호선 대방 방면 승강장으로 이동 | 8. [1F] 승차 (휠체어칸)"
S1_5_0351,5호선,신길,3,환승,2,5호선 영등포시장 방면 → 1호선 영등포 방면,B4 → B3 → B1 → 1F,8,3,0,"[B4] 5호선 영등포시장 방면 승강장 하차 → 1호선 방향 환승 엘리베이터(으)로 1개 층 올라가기 (B4 → B3, 엘리베이터) → [B3] 대합실로 이동 → 1호선 환승통로 방향 경사형 엘리베이터(으)로 2개 층 올라가기 (B3 → B1, 엘리베이터) → [B1] 환승통로로 이동 → 1호선 영등포 방면 엘리베이터(으)로 1개 층 올라가기 (B1 → 1F, 엘리베이터) → [1F] 1호선 영등포 방면 승강장으로 이동 → [1F] 승차 (휠체어칸)","1. [B4] 5호선 영등포시장 방면 승강장 하차 | 2. 1호선 방향 환승 엘리베이터(으)로 1개 층 올라가기 (B4 → B3, 엘리베이터) | 3. [B3] 대합실로 이동 | 4. 1호선 환승통로 방향 경사형 엘리베이터(으)로 2개 층 올라가기 (B3 → B1, 엘리베이터) | 5. [B1] 환승통로로 이동 | 6. 1호선 영등포 방면 엘리베이터(으)로 1개 층 올라가기 (B1 → 1F, 엘리베이터) | 7. [1F] 1호선 영등포 방면 승강장으로 이동 | 8. [1F] 승차 (휠체어칸)"
S1_5_0351,5호선,신길,3,환승,3,5호선 여의도 방면 → 1호선 대방 방면,B4 → B3 → B1 → 1F,8,3,0,"[B4] 5호선 여의도 방면 승강장 하차 → 1호선 방향 환승 엘리베이터(으)로 1개 층 올라가기 (B4 → B3, 엘리베이터) → [B3] 대합실로 이동 → 1호선 환승통로 방향 경사형 엘리베이터(으)로 2개 층 올라가기 (B3 → B1, 엘리베이터) → [B1] 환승통로로 이동 → 1호선 대방 방면 엘리베이터(으)로 1개 층 올라가기 (B1 → 1F, 엘리베이터) → [1F] 1호선 대방 방면 승강장으로 이동 → [1F] 승차 (휠체어칸)","1. [B4] 5호선 여의도 방면 승강장 하차 | 2. 1호선 방향 환승 엘리베이터(으)로 1개 층 올라가기 (B4 → B3, 엘리베이터) | 3. [B3] 대합실로 이동 | 4. 1호선 환승통로 방향 경사형 엘리베이터(으)로 2개 층 올라가기 (B3 → B1, 엘리베이터) | 5. [B1] 환승통로로 이동 | 6. 1호선 대방 방면 엘리베이터(으)로 1개 층 올라가기 (B1 → 1F, 엘리베이터) | 7. [1F] 1호선 대방 방면 승강장으로 이동 | 8. [1F] 승차 (휠체어칸)"
S1_5_0351,5호선,신길,3,환승,4,5호선 여의도 방면 → 1호선 영등포 방면,B4 → B3 → B1 → 1F,8,3,0,"[B4] 5호선 여의도 방면 승강장 하차 → 1호선 방향 환승 엘리베이터(으)로 1개 층 올라가기 (B4 → B3, 엘리베이터) → [B3] 대합실로 이동 → 1호선 환승통로 방향 경사형 엘리베이터(으)로 2개 층 올라가기 (B3 → B1, 엘리베이터) → [B1] 환승통로로 이동 → 1호선 영등포 방면 엘리베이터(으)로 1개 층 올라가기 (B1 → 1F, 엘리베이터) → [1F] 1호선 영등포 방면 승강장으로 이동 → [1F] 승차 (휠체어칸)","1. [B4] 5호선 여의도 방면 승강장 하차 | 2. 1호선 방향 환승 엘리베이터(으)로 1개 층 올라가기 (B4 → B3, 엘리베이터) | 3. [B3] 대합실로 이동 | 4. 1호선 환승통로 방향 경사형 엘리베이터(으)로 2개 층 올라가기 (B3 → B1, 엘리베이터) | 5. [B1] 환승통로로 이동 | 6. 1호선 영등포 방면 엘리베이터(으)로 1개 층 올라가기 (B1 → 1F, 엘리베이터) | 7. [1F] 1호선 영등포 방면 승강장으로 이동 | 8. [1F] 승차 (휠체어칸)"
S1_5_0412,5호선,여의도,1,출입구-승강장,1,2번 출입구 옆 엘리베이터 → 신길 방면,1F → B1 → B4,6,2,0,"2번 출입구 옆 엘리베이터(으)로 1개 층 내려가기 (1F → B1, 엘리베이터) → [B1] 대합실로 이동 → [B1] 표 내는 곳 통과 → 신길 방면 엘리베이터(으)로 3개 층 내려가기 (B1 → B4, 엘리베이터) → [B4] 신길 방면 승강장으로 이동 → [B4] 승차 (휠체어칸)","1. 2번 출입구 옆 엘리베이터(으)로 1개 층 내려가기 (1F → B1, 엘리베이터) | 2. [B1] 대합실로 이동 | 3. [B1] 표 내는 곳 통과 | 4. 신길 방면 엘리베이터(으)로 3개 층 내려가기 (B1 → B4, 엘리베이터) | 5. [B4] 신길 방면 승강장으로 이동 | 6. [B4] 승차 (휠체어칸)"
S1_5_0412,5호선,여의도,1,출입구-승강장,2,2번 출입구 옆 엘리베이터 → 여의나루 방면,1F → B1 → B4,6,2,0,"2번 출입구 옆 엘리베이터(으)로 1개 층 내려가기 (1F → B1, 엘리베이터) → [B1] 대합실로 이동 → [B1] 표 내는 곳 통과 → 여의나루 방면 엘리베이터(으)로 3개 층 내려가기 (B1 → B4, 엘리베이터) → [B4] 여의나루 방면 승강장으로 이동 → [B4] 승차 (휠체어칸)","1. 2번 출입구 옆 엘리베이터(으)로 1개 층 내려가기 (1F → B1, 엘리베이터) | 2. [B1] 대합실로 이동 | 3. [B1] 표 내는 곳 통과 | 4. 여의나루 방면 엘리베이터(으)로 3개 층 내려가기 (B1 → B4, 엘리베이터) | 5. [B4] 여의나루 방면 승강장으로 이동 | 6. [B4] 승차 (휠체어칸)"
S1_5_0412,5호선,여의도,1,출입구-승강장,3,3번 출입구 옆 엘리베이터 → 신길 방면,1F → B1 → B4,6,2,0,"3번 출입구 옆 엘리베이터(으)로 1개 층 내려가기 (1F → B1, 엘리베이터) → [B1] 대합실로 이동 → [B1] 표 내는 곳 통과 → 신길 방면 엘리베이터(으)로 3개 층 내려가기 (B1 → B4, 엘리베이터) → [B4] 신길 방면 승강장으로 이동 → [B4] 승차 (휠체어칸)","1. 3번 출입구 옆 엘리베이터(으)로 1개 층 내려가기 (1F → B1, 엘리베이터) | 2. [B1] 대합실로 이동 | 3. [B1] 표 내는 곳 통과 | 4. 신길 방면 엘리베이터(으)로 3개 층 내려가기 (B1 → B4, 엘리베이터) | 5. [B4] 신길 방면 승강장으로 이동 | 6. [B4] 승차 (휠체어칸)"
S1_5_0412,5호선,여의도,1,출입구-승강장,4,3번 출입구 옆 엘리베이터 → 여의나루 방면,1F → B1 → B4,6,2,0,"3번 출입구 옆 엘리베이터(으)로 1개 층 내려가기 (1F → B1, 엘리베이터) → [B1] 대합실로 이동 → [B1] 표 내는 곳 통과 → 여의나루 방면 엘리베이터(으)로 3개 층 내려가기 (B1 → B4, 엘리베이터) → [B4] 여의나루 방면 승강장으로 이동 → [B4] 승차 (휠체어칸)","1. 3번 출입구 옆 엘리베이터(으)로 1개 층 내려가기 (1F → B1, 엘리베이터) | 2. [B1] 대합실로 이동 | 3. [B1] 표 내는 곳 통과 | 4. 여의나루 방면 엘리베이터(으)로 3개 층 내려가기 (B1 → B4, 엘리베이터) | 5. [B4] 여의나루 방면 승강장으로 이동 | 6. [B4] 승차 (휠체어칸)"
S1_5_0412,5호선,여의도,3,환승,1,5호선 신길 방면 → 9호선 샛강 방면,B4 → B2,10,1,0,"[B4] 5호선 신길 방면 승강장 하차 → 대합실 방향 엘리베이터(으)로 2개 층 올라가기 (B4 → B2, 엘리베이터) → [B2] 9호선 승강장으로 이동 → [B2] 9호선 표 내는 곳 통과 → [B2] 9호선 승강장 으로 이동 → [B2] 대합실 방향 엘리베이터로 이동 → [B2] 9호선 샛강 방면 엘리베이터로 이동 → [B2] 9호선 샛강 방면 승강장으로 이동 → [B2] 승차 (휠체어칸) → 9호선 샛강 방면 엘리베이터 이용 (엘리베이터)","1. [B4] 5호선 신길 방면 승강장 하차 | 2. 대합실 방향 엘리베이터(으)로 2개 층 올라가기 (B4 → B2, 엘리베이터) | 3. [B2] 9호선 승강장으로 이동 | 4. [B2] 9호선 표 내는 곳 통과 | 5. [B2] 9호선 승강장 으로 이동 | 6. [B2] 대합실 방향 엘리베이터로 이동 | 7. [B2] 9호선 샛강 방면 엘리베이터로 이동 | 8. [B2] 9호선 샛강 방면 승강장으로 이동 | 9. [B2] 승차 (휠체어칸) | 10. 9호선 샛강 방면 엘리베이터 이용 (엘리베이터)"
S1_5_0412,5호선,여의도,3,환승,2,5호선 신길 방면 → 9호선 국회의사당 방면,B4 → B2,6,1,0,"[B4] 5호선 신길 방면 승강장 하차 → 대합실 방향 엘리베이터(으)로 2개 층 올라가기 (B4 → B2, 엘리베이터) → [B2] 9호선 대합실로 이동 → [B2] 표 내는 곳 통과 → [B2] 9호선 국회의사당 방면 승강장으로 이동 → [B2] 승차 (휠체어칸)","1. [B4] 5호선 신길 방면 승강장 하차 | 2. 대합실 방향 엘리베이터(으)로 2개 층 올라가기 (B4 → B2, 엘리베이터) | 3. [B2] 9호선 대합실로 이동 | 4. [B2] 표 내는 곳 통과 | 5. [B2] 9호선 국회의사당 방면 승강장으로 이동 | 6. [B2] 승차 (휠체어칸)"
S1_5_0412,5호선,여의도,3,환승,3,5호선 여의나루 방면 → 9호선 샛강 방면,B4 → B2,6,1,0,"[B4] 5호선 여의나루 방면 승강장 하차 → 대합실 방향 엘리베이터(으)로 2개 층 올라가기 (B4 → B2, 엘리베이터) → [B2] 9호선 대합실로 이동 → [B2] 표 내는 곳 통과 → [B2] 9호선 샛강 방면 승강장으로 이동 → [B2] 승차 (휠체어칸)","1. [B4] 5호선 여의나루 방면 승강장 하차 | 2. 대합실 방향 엘리베이터(으)로 2개 층 올라가기 (B4 → B2, 엘리베이터) | 3. [B2] 9호선 대합실로 이동 | 4. [B2] 표 내는 곳 통과 | 5. [B2] 9호선 샛강 방면 승강장으로 이동 | 6. [B2] 승차 (휠체어칸)"
S1_5_0412,5호선,여의도,3,환승,4,5호선 여의나루 방면 → 9호선 국회의사당 방면,B4 → B2,9,1,0,"[B4] 5호선 여의나루 방면 승강장 하차 → 대합실 방향 엘리베이터(으)로 2개 층 올라가기 (B4 → B2, 엘리베이터) → [B2] 9호선 승강장으로 이동 → [B2] 9호선 표 내는 곳 통과 → [B2] 9호선 승강장 으로 이동 → [B2] 9호선 국회의사당 방면 승강장으로 이동 → [B2] 9호선 국회의사당 방면 승강장으로 이동 → [B2] 승차 (휠체어칸) → 9호선 국회의사당 방면 엘리베이터 이용 (엘리베이터)","1. [B4] 5호선 여의나루 방면 승강장 하차 | 2. 대합실 방향 엘리베이터(으)로 2개 층 올라가기 (B4 → B2, 엘리베이터) | 3. [B2] 9호선 승강장으로 이동 | 4. [B2] 9호선 표 내는 곳 통과 | 5. [B2] 9호선 승강장 으로 이동 | 6. [B2] 9호선 국회의사당 방면 승강장으로 이동 | 7. [B2] 9호선 국회의사당 방면 승강장으로 이동 | 8. [B2] 승차 (휠체어칸) | 9. 9호선 국회의사당 방면 엘리베이터 이용 (엘리베이터)"
S1_5_0411,5호선,여의나루,1,출입구-승강장,1,4번 출입구 옆 엘리베이터 → 여의도 방면,B2 → B5,6,1,0,"이동통로로 이동 → [B2] 대합실로 이동 → [B2] 개집표기 통과 → 승강장 방향 엘리베이터(으)로 3개 층 내려가기 (B2 → B5, 엘리베이터) → [B5] 여의도/마포 방면 플랫폼 이동 → [B5] (휠체어칸) 승차","1. 이동통로로 이동 | 2. [B2] 대합실로 이동 | 3. [B2] 개집표기 통과 | 4. 승강장 방향 엘리베이터(으)로 3개 층 내려가기 (B2 → B5, 엘리베이터) | 5. [B5] 여의도/마포 방면 플랫폼 이동 | 6. [B5] (휠체어칸) 승차"
S1_5_0411,5호선,여의나루,1,출입구-승강장,2,4번 출입구 옆 엘리베이터 → 마포 방면,B2 → B5,6,1,0,"이동통로로 이동 → [B2] 대합실로 이동 → [B2] 개집표기 통과 → 승강장 방향 엘리베이터(으)로 3개 층 내려가기 (B2 → B5, 엘리베이터) → [B5] 여의도/마포 방면 플랫폼 이동 → [B5] (휠체어칸) 승차","1. 이동통로로 이동 | 2. [B2] 대합실로 이동 | 3. [B2] 개집표기 통과 | 4. 승강장 방향 엘리베이터(으)로 3개 층 내려가기 (B2 → B5, 엘리베이터) | 5. [B5] 여의도/마포 방면 플랫폼 이동 | 6. [B5] (휠체어칸) 승차"
S1_5_0185,5호선,마포,1,출입구-승강장,1,1번 출입구 옆 엘리베이터 → 여의나루 방면,1F → B1 → B5,6,2,0,"1번 출입구 옆 엘리베이터(으)로 1개 층 내려가기 (1F → B1, 엘리베이터) → [B1] 대합실로 이동 → [B1] 표 내는 곳 통과 → 승강장 방향 엘리베이터(으)로 4개 층 내려가기 (B1 → B5, 엘리베이터) → [B5] 여의나루 방면 승강장으로 이동 → [B5] 승차 (휠체어칸)","1. 1번 출입구 옆 엘리베이터(으)로 1개 층 내려가기 (1F → B1, 엘리베이터) | 2. [B1] 대합실로 이동 | 3. [B1] 표 내는 곳 통과 | 4. 승강장 방향 엘리베이터(으)로 4개 층 내려가기 (B1 → B5, 엘리베이터) | 5. [B5] 여의나루 방면 승강장으로 이동 | 6. [B5] 승차 (휠체어칸)"
S1_5_0185,5호선,마포,1,출입구-승강장,2,1번 출입구 옆 엘리베이터 → 공덕 방면,1F → B1 → B5,6,2,0,"1번 출입구 옆 엘리베이터(으)로 1개 층 내려가기 (1F → B1, 엘리베이터) → [B1] 대합실로 이동 → [B1] 표 내는 곳 통과 → 승강장 방향 엘리베이터(으)로 4개 층 내려가기 (B1 → B5, 엘리베이터) → [B5] 공덕 방면 승강장으로 이동 → [B5] 승차 (휠체어칸)","1. 1번 출입구 옆 엘리베이터(으)로 1개 층 내려가기 (1F → B1, 엘리베이터) | 2. [B1] 대합실로 이동 | 3. [B1] 표 내는 곳 통과 | 4. 승강장 방향 엘리베이터(으)로 4개 층 내려가기 (B1 → B5, 엘리베이터) | 5. [B5] 공덕 방면 승강장으로 이동 | 6. [B5] 승차 (휠체어칸)"
S1_5_0054,5호선,공덕,1,출입구-승강장,1,2번 출입구 옆 엘리베이터 → 마포 방면,1F → B1 → B3,6,1,0,"2번 출입구 옆 엘리베이터(으)로 1개 층 내려가기 (1F → B1, 엘리베이터) → [B1] 대합실로 이동 → [B1] 승차 태그 후 승강장 방향 엘리베이터 탑승 → [B3] 승강장으로 이동 → [B3] 마포 방면 승강장으로 이동 → [B3] 승차 (휠체어칸)","1. 2번 출입구 옆 엘리베이터(으)로 1개 층 내려가기 (1F → B1, 엘리베이터) | 2. [B1] 대합실로 이동 | 3. [B1] 승차 태그 후 승강장 방향 엘리베이터 탑승 | 4. [B3] 승강장으로 이동 | 5. [B3] 마포 방면 승강장으로 이동 | 6. [B3] 승차 (휠체어칸)"
S1_5_0054,5호선,공덕,1,출입구-승강장,2,2번 출입구 옆 엘리베이터 → 애오개 방면,1F → B1 → B3,6,1,0,"2번 출입구 옆 엘리베이터(으)로 1개 층 내려가기 (1F → B1, 엘리베이터) → [B1] 대합실로 이동 → [B1] 승차 태그 후 승강장 방향 엘리베이터 탑승 → [B3] 승강장으로 이동 → [B3] 애오개 방면 승강장으로 이동 → [B3] 승차 (휠체어칸)","1. 2번 출입구 옆 엘리베이터(으)로 1개 층 내려가기 (1F → B1, 엘리베이터) | 2. [B1] 대합실로 이동 | 3. [B1] 승차 태그 후 승강장 방향 엘리베이터 탑승 | 4. [B3] 승강장으로 이동 | 5. [B3] 애오개 방면 승강장으로 이동 | 6. [B3] 승차 (휠체어칸)"
S1_5_0054,5호선,공덕,1,출입구-승강장,3,5번 출입구 옆 엘리베이터 → 마포 방면,1F → B1 → B3,6,1,0,"5번 출입구 옆 엘리베이터(으)로 1개 층 내려가기 (1F → B1, 엘리베이터) → [B1] 대합실로 이동 → [B1] 승차 태그 후 승강장 방향 엘리베이터 탑승 → [B3] 승강장으로 이동 → [B3] 마포 방면 승강장으로 이동 → [B3] 승차 (휠체어칸)","1. 5번 출입구 옆 엘리베이터(으)로 1개 층 내려가기 (1F → B1, 엘리베이터) | 2. [B1] 대합실로 이동 | 3. [B1] 승차 태그 후 승강장 방향 엘리베이터 탑승 | 4. [B3] 승강장으로 이동 | 5. [B3] 마포 방면 승강장으로 이동 | 6. [B3] 승차 (휠체어칸)"
S1_5_0054,5호선,공덕,1,출입구-승강장,4,5번 출입구 옆 엘리베이터 → 애오개 방면,1F → B1 → B3,6,1,0,"5번 출입구 옆 엘리베이터(으)로 1개 층 내려가기 (1F → B1, 엘리베이터) → [B1] 대합실로 이동 → [B1] 승차 태그 후 승강장 방향 엘리베이터 탑승 → [B3] 승강장으로 이동 → [B3] 애오개 방면 승강장으로 이동 → [B3] 승차 (휠체어칸)","1. 5번 출입구 옆 엘리베이터(으)로 1개 층 내려가기 (1F → B1, 엘리베이터) | 2. [B1] 대합실로 이동 | 3. [B1] 승차 태그 후 승강장 방향 엘리베이터 탑승 | 4. [B3] 승강장으로 이동 | 5. [B3] 애오개 방면 승강장으로 이동 | 6. [B3] 승차 (휠체어칸)"
S1_5_0054,5호선,공덕,3,환승,1,5호선 마포 방면 → 6호선 대흥 방면,B3 → B2 → B3 → B2,9,3,0,"[B3] 5호선 마포 방면 승강장 하차 → 대합실 방향 엘리베이터(으)로 1개 층 올라가기 (B3 → B2, 엘리베이터) → [B2] 환승통로로 이동 → [B2] 6호선 효창공원앞 방면 승강장으로 이동 → 환승 엘리베이터(으)로 1개 층 내려가기 (B2 → B3, 엘리베이터) → [B3] 환승통로로 이동 → 6호선 대흥 방면 엘리베이터(으)로 1개 층 올라가기 (B3 → B2, 엘리베이터) → [B2] 6호선 대흥 방면 승강장으로 이동 → [B2] 승차 (휠체어칸)","1. [B3] 5호선 마포 방면 승강장 하차 | 2. 대합실 방향 엘리베이터(으)로 1개 층 올라가기 (B3 → B2, 엘리베이터) | 3. [B2] 환승통로로 이동 | 4. [B2] 6호선 효창공원앞 방면 승강장으로 이동 | 5. 환승 엘리베이터(으)로 1개 층 내려가기 (B2 → B3, 엘리베이터) | 6. [B3] 환승통로로 이동 | 7. 6호선 대흥 방면 엘리베이터(으)로 1개 층 올라가기 (B3 → B2, 엘리베이터) | 8. [B2] 6호선 대흥 방면 승강장으로 이동 | 9. [B2] 승차 (휠체어칸)"
S1_5_0054,5호선,공덕,3,환승,2,5호선 마포 방면 → 6호선 효창공원앞 방면,B3 → B2,5,1,0,"[B3] 5호선 마포 방면 승강장 하차 → 대합실 방향 엘리베이터(으)로 1개 층 올라가기 (B3 → B2, 엘리베이터) → [B2] 환승통로로 이동 → [B2] 6호선 효창공원앞 방면 승강장으로 이동 → [B2] 승차 (휠체어칸)","1. [B3] 5호선 마포 방면 승강장 하차 | 2. 대합실 방향 엘리베이터(으)로 1개 층 올라가기 (B3 → B2, 엘리베이터) | 3. [B2] 환승통로로 이동 | 4. [B2] 6호선 효창공원앞 방면 승강장으로 이동 | 5. [B2] 승차 (휠체어칸)"
S1_5_0054,5호선,공덕,3,환승,3,5호선 애오개 방면 → 6호선 대흥 방면,B3 → B2 → B3 → B2,9,3,0,"[B3] 5호선 애오개 방면 승강장 하차 → 대합실 방향 엘리베이터(으)로 1개 층 올라가기 (B3 → B2, 엘리베이터) → [B2] 환승통로로 이동 → [B2] 6호선 효창공원앞 방면 승강장으로 이동 → 환승 엘리베이터(으)로 1개 층 내려가기 (B2 → B3, 엘리베이터) → [B3] 환승통로로 이동 → 6호선 대흥 방면 엘리베이터(으)로 1개 층 올라가기 (B3 → B2, 엘리베이터) → [B2] 6호선 대흥 방면 승강장으로 이동 → [B2] 승차 (휠체어칸)","1. [B3] 5호선 애오개 방면 승강장 하차 | 2. 대합실 방향 엘리베이터(으)로 1개 층 올라가기 (B3 → B2, 엘리베이터) | 3. [B2] 환승통로로 이동 | 4. [B2] 6호선 효창공원앞 방면 승강장으로 이동 | 5. 환승 엘리베이터(으)로 1개 층 내려가기 (B2 → B3, 엘리베이터) | 6. [B3] 환승통로로 이동 | 7. 6호선 대흥 방면 엘리베이터(으)로 1개 층 올라가기 (B3 → B2, 엘리베이터) | 8. [B2] 6호선 대흥 방면 승강장으로 이동 | 9. [B2] 승차 (휠체어칸)"
S1_5_0054,5호선,공덕,3,환승,4,5호선 애오개 방면 → 6호선 효창공원앞 방면,B3 → B2,5,1,0,"[B3] 5호선 애오개 방면 승강장 하차 → 대합실 방향 엘리베이터(으)로 1개 층 올라가기 (B3 → B2, 엘리베이터) → [B2] 환승통로로 이동 → [B2] 6호선 효창공원앞 방면 승강장으로 이동 → [B2] 승차 (휠체어칸)","1. [B3] 5호선 애오개 방면 승강장 하차 | 2. 대합실 방향 엘리베이터(으)로 1개 층 올라가기 (B3 → B2, 엘리베이터) | 3. [B2] 환승통로로 이동 | 4. [B2] 6호선 효창공원앞 방면 승강장으로 이동 | 5. [B2] 승차 (휠체어칸)"
S1_5_0054,5호선,공덕,3,환승,5,5호선 마포 방면 → 경의중앙선 서강대 방면,B3 → B2 → B3 → B2,10,3,0,"[B3] 5호선 마포 방면 승강장 하차 → 대합실 방향 엘리베이터(으)로 1개 층 올라가기 (B3 → B2, 엘리베이터) → [B2] 환승통로로 이동 → [B2] 6호선 효창공원앞 방면 승강장으로 이동 → 환승 엘리베이터(으)로 1개 층 내려가기 (B2 → B3, 엘리베이터) → [B3] 환승통로로 이동 → [B3] 공항철도 대합실로 이동 → 경의중앙선 서강대 방면 엘리베이터(으)로 1개 층 올라가기 (B3 → B2, 엘리베이터) → [B2] 경의중앙선 서강대 방면 승강장으로 이동 → [B2] 승차 (휠체어칸)","1. [B3] 5호선 마포 방면 승강장 하차 | 2. 대합실 방향 엘리베이터(으)로 1개 층 올라가기 (B3 → B2, 엘리베이터) | 3. [B2] 환승통로로 이동 | 4. [B2] 6호선 효창공원앞 방면 승강장으로 이동 | 5. 환승 엘리베이터(으)로 1개 층 내려가기 (B2 → B3, 엘리베이터) | 6. [B3] 환승통로로 이동 | 7. [B3] 공항철도 대합실로 이동 | 8. 경의중앙선 서강대 방면 엘리베이터(으)로 1개 층 올라가기 (B3 → B2, 엘리베이터) | 9. [B2] 경의중앙선 서강대 방면 승강장으로 이동 | 10. [B2] 승차 (휠체어칸)"
S1_5_0054,5호선,공덕,3,환승,6,5호선 마포 방면 → 경의중앙선 효창공원앞 방면,B3 → B2 → B3 → B2,10,3,0,"[B3] 5호선 마포 방면 승강장 하차 → 대합실 방향 엘리베이터(으)로 1개 층 올라가기 (B3 → B2, 엘리베이터) → [B2] 환승통로로 이동 → [B2] 6호선 효창공원앞 방면 승강장으로 이동 → 환승 엘리베이터(으)로 1개 층 내려가기 (B2 → B3, 엘리베이터) → [B3] 환승통로로 이동 → [B3] 공항철도 대합실로 이동 → 경의중앙선 효창공원앞 방면 엘리베이터(으)로 1개 층 올라가기 (B3 → B2, 엘리베이터) → [B2] 경의중앙선 효창공원앞 방면 승강장으로 이동 → [B2] 승차 (휠체어칸)","1. [B3] 5호선 마포 방면 승강장 하차 | 2. 대합실 방향 엘리베이터(으)로 1개 층 올라가기 (B3 → B2, 엘리베이터) | 3. [B2] 환승통로로 이동 | 4. [B2] 6호선 효창공원앞 방면 승강장으로 이동 | 5. 환승 엘리베이터(으)로 1개 층 내려가기 (B2 → B3, 엘리베이터) | 6. [B3] 환승통로로 이동 | 7. [B3] 공항철도 대합실로 이동 | 8. 경의중앙선 효창공원앞 방면 엘리베이터(으)로 1개 층 올라가기 (B3 → B2, 엘리베이터) | 9. [B2] 경의중앙선 효창공원앞 방면 승강장으로 이동 | 10. [B2] 승차 (휠체어칸)"
S1_5_0054,5호선,공덕,3,환승,7,5호선 애오개 방면 → 경의중앙선 서강대 방면,B3 → B2 → B3 → B2,10,3,0,"[B3] 5호선 애오개 방면 승강장 하차 → 대합실 방향 엘리베이터(으)로 1개 층 올라가기 (B3 → B2, 엘리베이터) → [B2] 환승통로로 이동 → [B2] 6호선 효창공원앞 방면 승강장으로 이동 → 환승 엘리베이터(으)로 1개 층 내려가기 (B2 → B3, 엘리베이터) → [B3] 환승통로로 이동 → [B3] 공항철도 대합실로 이동 → 경의중앙선 서강대 방면 엘리베이터(으)로 1개 층 올라가기 (B3 → B2, 엘리베이터) → [B2] 경의중앙선 서강대 방면 승강장으로 이동 → [B2] 승차 (휠체어칸)","1. [B3] 5호선 애오개 방면 승강장 하차 | 2. 대합실 방향 엘리베이터(으)로 1개 층 올라가기 (B3 → B2, 엘리베이터) | 3. [B2] 환승통로로 이동 | 4. [B2] 6호선 효창공원앞 방면 승강장으로 이동 | 5. 환승 엘리베이터(으)로 1개 층 내려가기 (B2 → B3, 엘리베이터) | 6. [B3] 환승통로로 이동 | 7. [B3] 공항철도 대합실로 이동 | 8. 경의중앙선 서강대 방면 엘리베이터(으)로 1개 층 올라가기 (B3 → B2, 엘리베이터) | 9. [B2] 경의중앙선 서강대 방면 승강장으로 이동 | 10. [B2] 승차 (휠체어칸)"
S1_5_0054,5호선,공덕,3,환승,8,5호선 애오개 방면 → 경의중앙선 효창공원앞 방면,B3 → B2 → B3 → B2,10,3,0,"[B3] 5호선 애오개 방면 승강장 하차 → 대합실 방향 엘리베이터(으)로 1개 층 올라가기 (B3 → B2, 엘리베이터) → [B2] 환승통로로 이동 → [B2] 6호선 효창공원앞 방면 승강장으로 이동 → 환승 엘리베이터(으)로 1개 층 내려가기 (B2 → B3, 엘리베이터) → [B3] 환승통로로 이동 → [B3] 공항철도 대합실로 이동 → 경의중앙선 효창공원앞 방면 엘리베이터(으)로 1개 층 올라가기 (B3 → B2, 엘리베이터) → [B2] 경의중앙선 효창공원앞 방면 승강장으로 이동 → [B2] 승차 (휠체어칸)","1. [B3] 5호선 애오개 방면 승강장 하차 | 2. 대합실 방향 엘리베이터(으)로 1개 층 올라가기 (B3 → B2, 엘리베이터) | 3. [B2] 환승통로로 이동 | 4. [B2] 6호선 효창공원앞 방면 승강장으로 이동 | 5. 환승 엘리베이터(으)로 1개 층 내려가기 (B2 → B3, 엘리베이터) | 6. [B3] 환승통로로 이동 | 7. [B3] 공항철도 대합실로 이동 | 8. 경의중앙선 효창공원앞 방면 엘리베이터(으)로 1개 층 올라가기 (B3 → B2, 엘리베이터) | 9. [B2] 경의중앙선 효창공원앞 방면 승강장으로 이동 | 10. [B2] 승차 (휠체어칸)"
S1_5_0054,5호선,공덕,3,환승,9,5호선 마포 방면 → 공항철도 서울역 방면,B3 → B2 → B3 → B4,10,3,0,"[B3] 5호선 마포 방면 승강장 하차 → 대합실 방향 엘리베이터(으)로 1개 층 올라가기 (B3 → B2, 엘리베이터) → [B2] 환승통로로 이동 → [B2] 6호선 효창공원앞 방면 승강장으로 이동 → 환승 엘리베이터(으)로 1개 층 내려가기 (B2 → B3, 엘리베이터) → [B3] 환승통로로 이동 → [B3] 공항철도 대합실로 이동 → 공항철도 서울역 방면 엘리베이터(으)로 1개 층 내려가기 (B3 → B4, 엘리베이터) → [B4] 공항철도 서울역 방면 승강장으로 이동 → [B4] 승차 (휠체어칸)","1. [B3] 5호선 마포 방면 승강장 하차 | 2. 대합실 방향 엘리베이터(으)로 1개 층 올라가기 (B3 → B2, 엘리베이터) | 3. [B2] 환승통로로 이동 | 4. [B2] 6호선 효창공원앞 방면 승강장으로 이동 | 5. 환승 엘리베이터(으)로 1개 층 내려가기 (B2 → B3, 엘리베이터) | 6. [B3] 환승통로로 이동 | 7. [B3] 공항철도 대합실로 이동 | 8. 공항철도 서울역 방면 엘리베이터(으)로 1개 층 내려가기 (B3 → B4, 엘리베이터) | 9. [B4] 공항철도 서울역 방면 승강장으로 이동 | 10. [B4] 승차 (휠체어칸)"
S1_5_0054,5호선,공덕,3,환승,10,5호선 마포 방면 → 공항철도 홍대입구 방면,B3 → B2 → B3 → B4,10,3,0,"[B3] 5호선 마포 방면 승강장 하차 → 대합실 방향 엘리베이터(으)로 1개 층 올라가기 (B3 → B2, 엘리베이터) → [B2] 환승통로로 이동 → [B2] 6호선 효창공원앞 방면 승강장으로 이동 → 환승 엘리베이터(으)로 1개 층 내려가기 (B2 → B3, 엘리베이터) → [B3] 환승통로로 이동 → [B3] 공항철도 대합실로 이동 → 공항철도 홍대입구 방면 엘리베이터(으)로 1개 층 내려가기 (B3 → B4, 엘리베이터) → [B4] 공항철도 홍대입구 방면 승강장으로 이동 → [B4] 승차 (휠체어칸)","1. [B3] 5호선 마포 방면 승강장 하차 | 2. 대합실 방향 엘리베이터(으)로 1개 층 올라가기 (B3 → B2, 엘리베이터) | 3. [B2] 환승통로로 이동 | 4. [B2] 6호선 효창공원앞 방면 승강장으로 이동 | 5. 환승 엘리베이터(으)로 1개 층 내려가기 (B2 → B3, 엘리베이터) | 6. [B3] 환승통로로 이동 | 7. [B3] 공항철도 대합실로 이동 | 8. 공항철도 홍대입구 방면 엘리베이터(으)로 1개 층 내려가기 (B3 → B4, 엘리베이터) | 9. [B4] 공항철도 홍대입구 방면 승강장으로 이동 | 10. [B4] 승차 (휠체어칸)"
S1_5_0054,5호선,공덕,3,환승,11,5호선 애오개 방면 → 공항철도 서울역 방면,B3 → B2 → B3 → B4,10,3,0,"[B3] 5호선 애오개 방면 승강장 하차 → 대합실 방향 엘리베이터(으)로 1개 층 올라가기 (B3 → B2, 엘리베이터) → [B2] 환승통로로 이동 → [B2] 6호선 효창공원앞 방면 승강장으로 이동 → 환승 엘리베이터(으)로 1개 층 내려가기 (B2 → B3, 엘리베이터) → [B3] 환승통로로 이동 → [B3] 공항철도 대합실로 이동 → 공항철도 서울역 방면 엘리베이터(으)로 1개 층 내려가기 (B3 → B4, 엘리베이터) → [B4] 공항철도 서울역 방면 승강장으로 이동 → [B4] 승차 (휠체어칸)","1. [B3] 5호선 애오개 방면 승강장 하차 | 2. 대합실 방향 엘리베이터(으)로 1개 층 올라가기 (B3 → B2, 엘리베이터) | 3. [B2] 환승통로로 이동 | 4. [B2] 6호선 효창공원앞 방면 승강장으로 이동 | 5. 환승 엘리베이터(으)로 1개 층 내려가기 (B2 → B3, 엘리베이터) | 6. [B3] 환승통로로 이동 | 7. [B3] 공항철도 대합실로 이동 | 8. 공항철도 서울역 방면 엘리베이터(으)로 1개 층 내려가기 (B3 → B4, 엘리베이터) | 9. [B4] 공항철도 서울역 방면 승강장으로 이동 | 10. [B4] 승차 (휠체어칸)"
S1_5_0054,5호선,공덕,3,환승,12,5호선 애오개 방면 → 공항철도 홍대입구 방면,B3 → B2 → B3 → B4,10,3,0,"[B3] 5호선 애오개 방면 승강장 하차 → 대합실 방향 엘리베이터(으)로 1개 층 올라가기 (B3 → B2, 엘리베이터) → [B2] 환승통로로 이동 → [B2] 6호선 효창공원앞 방면 승강장으로 이동 → 환승 엘리베이터(으)로 1개 층 내려가기 (B2 → B3, 엘리베이터) → [B3] 환승통로로 이동 → [B3] 공항철도 대합실로 이동 → 공항철도 홍대입구 방면 엘리베이터(으)로 1개 층 내려가기 (B3 → B4, 엘리베이터) → [B4] 공항철도 홍대입구 방면 승강장으로 이동 → [B4] 승차 (휠체어칸)","1. [B3] 5호선 애오개 방면 승강장 하차 | 2. 대합실 방향 엘리베이터(으)로 1개 층 올라가기 (B3 → B2, 엘리베이터) | 3. [B2] 환승통로로 이동 | 4. [B2] 6호선 효창공원앞 방면 승강장으로 이동 | 5. 환승 엘리베이터(으)로 1개 층 내려가기 (B2 → B3, 엘리베이터) | 6. [B3] 환승통로로 이동 | 7. [B3] 공항철도 대합실로 이동 | 8. 공항철도 홍대입구 방면 엘리베이터(으)로 1개 층 내려가기 (B3 → B4, 엘리베이터) | 9. [B4] 공항철도 홍대입구 방면 승강장으로 이동 | 10. [B4] 승차 (휠체어칸)"
S1_5_0394,5호선,애오개,1,출입구-승강장,1,2번 출입구 옆 엘리베이터 → 공덕 방면,1F → B1 → B3 → B4,8,3,0,"2번 출입구 옆 엘리베이터(으)로 1개 층 내려가기 (1F → B1, 엘리베이터) → [B1] 대합실로 이동 → [B1] 표 내는 곳 통과 → 대합실 중앙 엘리베이터(으)로 2개 층 내려가기 (B1 → B3, 엘리베이터) → [B3] 대합실로 이동 → 공덕 방면 엘리베이터(으)로 1개 층 내려가기 (B3 → B4, 엘리베이터) → [B4] 공덕 방면 승강장으로 이동 → [B4] 승차 (휠체어칸)","1. 2번 출입구 옆 엘리베이터(으)로 1개 층 내려가기 (1F → B1, 엘리베이터) | 2. [B1] 대합실로 이동 | 3. [B1] 표 내는 곳 통과 | 4. 대합실 중앙 엘리베이터(으)로 2개 층 내려가기 (B1 → B3, 엘리베이터) | 5. [B3] 대합실로 이동 | 6. 공덕 방면 엘리베이터(으)로 1개 층 내려가기 (B3 → B4, 엘리베이터) | 7. [B4] 공덕 방면 승강장으로 이동 | 8. [B4] 승차 (휠체어칸)"
S1_5_0394,5호선,애오개,1,출입구-승강장,2,2번 출입구 옆 엘리베이터 → 충정로 방면,1F → B1 → B3 → B4,8,3,0,"2번 출입구 옆 엘리베이터(으)로 1개 층 내려가기 (1F → B1, 엘리베이터) → [B1] 대합실로 이동 → [B1] 표 내는 곳 통과 → 대합실 중앙 엘리베이터(으)로 2개 층 내려가기 (B1 → B3, 엘리베이터) → [B3] 대합실로 이동 → 충정로 방면 엘리베이터(으)로 1개 층 내려가기 (B3 → B4, 엘리베이터) → [B4] 충정로 방면 승강장으로 이동 → [B4] 승차 (휠체어칸)","1. 2번 출입구 옆 엘리베이터(으)로 1개 층 내려가기 (1F → B1, 엘리베이터) | 2. [B1] 대합실로 이동 | 3. [B1] 표 내는 곳 통과 | 4. 대합실 중앙 엘리베이터(으)로 2개 층 내려가기 (B1 → B3, 엘리베이터) | 5. [B3] 대합실로 이동 | 6. 충정로 방면 엘리베이터(으)로 1개 층 내려가기 (B3 → B4, 엘리베이터) | 7. [B4] 충정로 방면 승강장으로 이동 | 8. [B4] 승차 (휠체어칸)"
S1_5_0394,5호선,애오개,1,출입구-승강장,3,3번 출입구 옆 엘리베이터 → 공덕 방면,1F → B1 → B3 → B4,8,3,0,"3번 출입구 옆 엘리베이터(으)로 1개 층 내려가기 (1F → B1, 엘리베이터) → [B1] 대합실로 이동 → [B1] 표 내는 곳 통과 → 대합실 중앙 엘리베이터(으)로 2개 층 내려가기 (B1 → B3, 엘리베이터) → [B3] 대합실로 이동 → 공덕 방면 엘리베이터(으)로 1개 층 내려가기 (B3 → B4, 엘리베이터) → [B4] 공덕 방면 승강장으로 이동 → [B4] 승차 (휠체어칸)","1. 3번 출입구 옆 엘리베이터(으)로 1개 층 내려가기 (1F → B1, 엘리베이터) | 2. [B1] 대합실로 이동 | 3. [B1] 표 내는 곳 통과 | 4. 대합실 중앙 엘리베이터(으)로 2개 층 내려가기 (B1 → B3, 엘리베이터) | 5. [B3] 대합실로 이동 | 6. 공덕 방면 엘리베이터(으)로 1개 층 내려가기 (B3 → B4, 엘리베이터) | 7. [B4] 공덕 방면 승강장으로 이동 | 8. [B4] 승차 (휠체어칸)"
S1_5_0394,5호선,애오개,1,출입구-승강장,4,3번 출입구 옆 엘리베이터 → 충정로 방면,1F → B1 → B3 → B4,8,3,0,"3번 출입구 옆 엘리베이터(으)로 1개 층 내려가기 (1F → B1, 엘리베이터) → [B1] 대합실로 이동 → [B1] 표 내는 곳 통과 → 대합실 중앙 엘리베이터(으)로 2개 층 내려가기 (B1 → B3, 엘리베이터) → [B3] 대합실로 이동 → 충정로 방면 엘리베이터(으)로 1개 층 내려가기 (B3 → B4, 엘리베이터) → [B4] 충정로 방면 승강장으로 이동 → [B4] 승차 (휠체어칸)","1. 3번 출입구 옆 엘리베이터(으)로 1개 층 내려가기 (1F → B1, 엘리베이터) | 2. [B1] 대합실로 이동 | 3. [B1] 표 내는 곳 통과 | 4. 대합실 중앙 엘리베이터(으)로 2개 층 내려가기 (B1 → B3, 엘리베이터) | 5. [B3] 대합실로 이동 | 6. 충정로 방면 엘리베이터(으)로 1개 층 내려가기 (B3 → B4, 엘리베이터) | 7. [B4] 충정로 방면 승강장으로 이동 | 8. [B4] 승차 (휠체어칸)"
S1_5_0564,5호선,충정로,1,출입구-승강장,1,8번 출입구 옆 엘리베이터 → 애오개 방면,1F → B1 → B5,6,2,0,"8번 출입구 옆 엘리베이터(으)로 1개 층 내려가기 (1F → B1, 엘리베이터) → [B1] 대합실로 이동 → [B1] 표 내는 곳 통과 → 승강장 방향 엘리베이터(으)로 4개 층 내려가기 (B1 → B5, 엘리베이터) → [B5] 애오개 방면 승강장으로 이동 → [B5] 승차 (휠체어칸)","1. 8번 출입구 옆 엘리베이터(으)로 1개 층 내려가기 (1F → B1, 엘리베이터) | 2. [B1] 대합실로 이동 | 3. [B1] 표 내는 곳 통과 | 4. 승강장 방향 엘리베이터(으)로 4개 층 내려가기 (B1 → B5, 엘리베이터) | 5. [B5] 애오개 방면 승강장으로 이동 | 6. [B5] 승차 (휠체어칸)"
S1_5_0564,5호선,충정로,1,출입구-승강장,2,8번 출입구 옆 엘리베이터 → 서대문 방면,1F → B1 → B5,6,2,0,"8번 출입구 옆 엘리베이터(으)로 1개 층 내려가기 (1F → B1, 엘리베이터) → [B1] 대합실로 이동 → [B1] 표 내는 곳 통과 → 승강장 방향 엘리베이터(으)로 4개 층 내려가기 (B1 → B5, 엘리베이터) → [B5] 서대문 방면 승강장으로 이동 → [B5] 승차 (휠체어칸)","1. 8번 출입구 옆 엘리베이터(으)로 1개 층 내려가기 (1F → B1, 엘리베이터) | 2. [B1] 대합실로 이동 | 3. [B1] 표 내는 곳 통과 | 4. 승강장 방향 엘리베이터(으)로 4개 층 내려가기 (B1 → B5, 엘리베이터) | 5. [B5] 서대문 방면 승강장으로 이동 | 6. [B5] 승차 (휠체어칸)"
S1_5_0564,5호선,충정로,3,환승,1,5호선 애오개 방면 → 2호선 아현,B5 → B2 → B3,7,2,0,"[B5] 5호선 애오개 방면 승강장 하차 → 대합실 방향 엘리베이터(으)로 3개 층 올라가기 (B5 → B2, 엘리베이터) → [B2] 대합실로 이동 → [B2] 2호선 환승통로로 이동 → 2호선 대합실 승강장 방향 엘리베이터(으)로 1개 층 내려가기 (B2 → B3, 엘리베이터) → [B3] 2호선 아현 방면 승강장으로 이동 → [B3] 승차 (휠체어칸)","1. [B5] 5호선 애오개 방면 승강장 하차 | 2. 대합실 방향 엘리베이터(으)로 3개 층 올라가기 (B5 → B2, 엘리베이터) | 3. [B2] 대합실로 이동 | 4. [B2] 2호선 환승통로로 이동 | 5. 2호선 대합실 승강장 방향 엘리베이터(으)로 1개 층 내려가기 (B2 → B3, 엘리베이터) | 6. [B3] 2호선 아현 방면 승강장으로 이동 | 7. [B3] 승차 (휠체어칸)"
S1_5_0564,5호선,충정로,3,환승,2,5호선 애오개 방면 → 2호선 시청 방면,B5 → B2 → B3,7,2,0,"[B5] 5호선 애오개 방면 승강장 하차 → 대합실 방향 엘리베이터(으)로 3개 층 올라가기 (B5 → B2, 엘리베이터) → [B2] 대합실로 이동 → [B2] 2호선 환승통로로 이동 → 2호선 대합실 승강장 방향 엘리베이터(으)로 1개 층 내려가기 (B2 → B3, 엘리베이터) → [B3] 2호선 시청 방면 승강장으로 이동 → [B3] 승차 (휠체어칸)","1. [B5] 5호선 애오개 방면 승강장 하차 | 2. 대합실 방향 엘리베이터(으)로 3개 층 올라가기 (B5 → B2, 엘리베이터) | 3. [B2] 대합실로 이동 | 4. [B2] 2호선 환승통로로 이동 | 5. 2호선 대합실 승강장 방향 엘리베이터(으)로 1개 층 내려가기 (B2 → B3, 엘리베이터) | 6. [B3] 2호선 시청 방면 승강장으로 이동 | 7. [B3] 승차 (휠체어칸)"
S1_5_0564,5호선,충정로,3,환승,3,5호선 서대문 방면 → 2호선 아현 방면,B5 → B2 → B3,7,2,0,"[B5] 5호선 서대문 방면 승강장 하차 → 대합실 방향 엘리베이터(으)로 3개 층 올라가기 (B5 → B2, 엘리베이터) → [B2] 대합실로 이동 → [B2] 2호선 환승통로로 이동 → 2호선 대합실 승강장 방향 엘리베이터(으)로 1개 층 내려가기 (B2 → B3, 엘리베이터) → [B3] 2호선 아현 방면 승강장으로 이동 → [B3] 승차 (휠체어칸)","1. [B5] 5호선 서대문 방면 승강장 하차 | 2. 대합실 방향 엘리베이터(으)로 3개 층 올라가기 (B5 → B2, 엘리베이터) | 3. [B2] 대합실로 이동 | 4. [B2] 2호선 환승통로로 이동 | 5. 2호선 대합실 승강장 방향 엘리베이터(으)로 1개 층 내려가기 (B2 → B3, 엘리베이터) | 6. [B3] 2호선 아현 방면 승강장으로 이동 | 7. [B3] 승차 (휠체어칸)"
S1_5_0564,5호선,충정로,3,환승,4,5호선 서대문 방면 → 2호선 시청 방면,B5 → B2 → B3,7,2,0,"[B5] 5호선 서대문 방면 승강장 하차 → 대합실 방향 엘리베이터(으)로 3개 층 올라가기 (B5 → B2, 엘리베이터) → [B2] 대합실로 이동 → [B2] 2호선 환승통로로 이동 → 2호선 대합실 승강장 방향 엘리베이터(으)로 1개 층 내려가기 (B2 → B3, 엘리베이터) → [B3] 2호선 시청 방면 승강장으로 이동 → [B3] 승차 (휠체어칸)","1. [B5] 5호선 서대문 방면 승강장 하차 | 2. 대합실 방향 엘리베이터(으)로 3개 층 올라가기 (B5 → B2, 엘리베이터) | 3. [B2] 대합실로 이동 | 4. [B2] 2호선 환승통로로 이동 | 5. 2호선 대합실 승강장 방향 엘리베이터(으)로 1개 층 내려가기 (B2 → B3, 엘리베이터) | 6. [B3] 2호선 시청 방면 승강장으로 이동 | 7. [B3] 승차 (휠체어칸)"
S1_5_0289,5호선,서대문,1,출입구-승강장,1,2번 출입구 옆 엘리베이터 → 충정로 방면,1F → B1 → B4,6,2,0,"2번 출입구 옆 엘리베이터(으)로 1개 층 내려가기 (1F → B1, 엘리베이터) → [B1] 대합실로 이동 → [B1] 표 내는 곳 통과 → 승강장 방향 엘리베이터(으)로 3개 층 내려가기 (B1 → B4, 엘리베이터) → [B4] 충정로 방면 승강장으로 이동 → [B4] 승차 (휠체어칸)","1. 2번 출입구 옆 엘리베이터(으)로 1개 층 내려가기 (1F → B1, 엘리베이터) | 2. [B1] 대합실로 이동 | 3. [B1] 표 내는 곳 통과 | 4. 승강장 방향 엘리베이터(으)로 3개 층 내려가기 (B1 → B4, 엘리베이터) | 5. [B4] 충정로 방면 승강장으로 이동 | 6. [B4] 승차 (휠체어칸)"
S1_5_0289,5호선,서대문,1,출입구-승강장,2,2번 출입구 옆 엘리베이터 → 광화문 방면,1F → B1 → B4,6,2,0,"2번 출입구 옆 엘리베이터(으)로 1개 층 내려가기 (1F → B1, 엘리베이터) → [B1] 대합실로 이동 → [B1] 표 내는 곳 통과 → 승강장 방향 엘리베이터(으)로 3개 층 내려가기 (B1 → B4, 엘리베이터) → [B4] 광화문 방면 승강장으로 이동 → [B4] 승차 (휠체어칸)","1. 2번 출입구 옆 엘리베이터(으)로 1개 층 내려가기 (1F → B1, 엘리베이터) | 2. [B1] 대합실로 이동 | 3. [B1] 표 내는 곳 통과 | 4. 승강장 방향 엘리베이터(으)로 3개 층 내려가기 (B1 → B4, 엘리베이터) | 5. [B4] 광화문 방면 승강장으로 이동 | 6. [B4] 승차 (휠체어칸)"
S1_5_0066,5호선,광화문,1,출입구-승강장,1,1번 출입구 옆 엘리베이터 → 서대문 방면,1F → B2 → B4,6,2,0,"1번 출입구 옆 엘리베이터(으)로 2개 층 내려가기 (1F → B2, 엘리베이터) → [B2] 대합실로 이동 → [B2] 표 내는 곳 통과 → 승강장 방향 엘리베이터(으)로 2개 층 내려가기 (B2 → B4, 엘리베이터) → [B4] 서대문 방면 승강장으로 이동 → [B4] 승차 (휠체어칸)","1. 1번 출입구 옆 엘리베이터(으)로 2개 층 내려가기 (1F → B2, 엘리베이터) | 2. [B2] 대합실로 이동 | 3. [B2] 표 내는 곳 통과 | 4. 승강장 방향 엘리베이터(으)로 2개 층 내려가기 (B2 → B4, 엘리베이터) | 5. [B4] 서대문 방면 승강장으로 이동 | 6. [B4] 승차 (휠체어칸)"
S1_5_0066,5호선,광화문,1,출입구-승강장,2,1번 출입구 옆 엘리베이터 → 종로3가 방면,1F → B2 → B4,6,2,0,"1번 출입구 옆 엘리베이터(으)로 2개 층 내려가기 (1F → B2, 엘리베이터) → [B2] 대합실로 이동 → [B2] 표 내는 곳 통과 → 승강장 방향 엘리베이터(으)로 2개 층 내려가기 (B2 → B4, 엘리베이터) → [B4] 종로3가 방면 승강장으로 이동 → [B4] 승차 (휠체어칸)","1. 1번 출입구 옆 엘리베이터(으)로 2개 층 내려가기 (1F → B2, 엘리베이터) | 2. [B2] 대합실로 이동 | 3. [B2] 표 내는 곳 통과 | 4. 승강장 방향 엘리베이터(으)로 2개 층 내려가기 (B2 → B4, 엘리베이터) | 5. [B4] 종로3가 방면 승강장으로 이동 | 6. [B4] 승차 (휠체어칸)"
S1_5_0515,5호선,종로3가,1,출입구-승강장,1,8번 출입구 옆 엘리베이터 → 광화문 방면,1F → B3 → B4 → B5,7,2,0,"8번 출입구 옆 엘리베이터(으)로 3개 층 내려가기 (1F → B3, 엘리베이터) → [B3] 5호선 승강장 방면 엘리베이터 이동 → 5호선 승강장 방면 엘리베이터(으)로 1개 층 내려가기 (B3 → B4, 엘리베이터) → [B4] 대합실로 이동 → 승강장 방향 휠체어리프트(으)로 1개 층 내려가기 (B4 → B5, 휠체어리프트) → [B5] 광화문 방면 승강장으로 이동 → [B5] 승차 (휠체어칸)","1. 8번 출입구 옆 엘리베이터(으)로 3개 층 내려가기 (1F → B3, 엘리베이터) | 2. [B3] 5호선 승강장 방면 엘리베이터 이동 | 3. 5호선 승강장 방면 엘리베이터(으)로 1개 층 내려가기 (B3 → B4, 엘리베이터) | 4. [B4] 대합실로 이동 | 5. 승강장 방향 휠체어리프트(으)로 1개 층 내려가기 (B4 → B5, 휠체어리프트) | 6. [B5] 광화문 방면 승강장으로 이동 | 7. [B5] 승차 (휠체어칸)"
S1_5_0515,5호선,종로3가,1,출입구-승강장,2,8번 출입구 옆 엘리베이터 → 을지로 4가 방면,1F → B3 → B4 → B5,7,2,0,"8번 출입구 옆 엘리베이터(으)로 3개 층 내려가기 (1F → B3, 엘리베이터) → [B3] 5호선 승강장 방면 엘리베이터 이동 → 5호선 승강장 방면 엘리베이터(으)로 1개 층 내려가기 (B3 → B4, 엘리베이터) → [B4] 대합실로 이동 → 승강장 방향 휠체어리프트(으)로 1개 층 내려가기 (B4 → B5, 휠체어리프트) → [B5] 을지로 4가 방면 승강장으로 이동 → [B5] 승차 (휠체어칸)","1. 8번 출입구 옆 엘리베이터(으)로 3개 층 내려가기 (1F → B3, 엘리베이터) | 2. [B3] 5호선 승강장 방면 엘리베이터 이동 | 3. 5호선 승강장 방면 엘리베이터(으)로 1개 층 내려가기 (B3 → B4, 엘리베이터) | 4. [B4] 대합실로 이동 | 5. 승강장 방향 휠체어리프트(으)로 1개 층 내려가기 (B4 → B5, 휠체어리프트) | 6. [B5] 을지로 4가 방면 승강장으로 이동 | 7. [B5] 승차 (휠체어칸)"
S1_5_0515,5호선,종로3가,3,환승,1,5호선 광화문 방면 → 1호선 종로5가 방면,B5 → B4 → B3 → B2,10,3,0,"[B5] 5호선 광화문 방면 승강장 하차 → 대합실 방향 엘리베이터(으)로 1개 층 올라가기 (B5 → B4, 엘리베이터) → [B4] 대합실로 이동 → 대합실 방향 엘리베이터(으)로 1개 층 올라가기 (B4 → B3, 엘리베이터) → [B3] 대합실로 이동 → [B3] 3호선 대합실로 이동 → 대합실 방향 엘리베이터(으)로 1개 층 올라가기 (B3 → B2, 엘리베이터) → [B2] 3호선 대합실로 이동 → [B2] 1호선 종로5가 방면 승강장으로 이동 → [B2] 승차 (휠체어칸)","1. [B5] 5호선 광화문 방면 승강장 하차 | 2. 대합실 방향 엘리베이터(으)로 1개 층 올라가기 (B5 → B4, 엘리베이터) | 3. [B4] 대합실로 이동 | 4. 대합실 방향 엘리베이터(으)로 1개 층 올라가기 (B4 → B3, 엘리베이터) | 5. [B3] 대합실로 이동 | 6. [B3] 3호선 대합실로 이동 | 7. 대합실 방향 엘리베이터(으)로 1개 층 올라가기 (B3 → B2, 엘리베이터) | 8. [B2] 3호선 대합실로 이동 | 9. [B2] 1호선 종로5가 방면 승강장으로 이동 | 10. [B2] 승차 (휠체어칸)"
S1_5_0515,5호선,종로3가,3,환승,2,5호선 광화문 방면 → 1호선 종각 방면,B5 → B4 → B3 → B2 → B1 → B2,14,5,0,"[B5] 5호선 광화문 방면 승강장 하차 → 대합실 방향 엘리베이터(으)로 1개 층 올라가기 (B5 → B4, 엘리베이터) → [B4] 대합실로 이동 → 대합실 방향 엘리베이터(으)로 1개 층 올라가기 (B4 → B3, 엘리베이터) → [B3] 대합실로 이동 → [B3] 3호선 대합실로 이동 → 대합실 방향 엘리베이터(으)로 1개 층 올라가기 (B3 → B2, 엘리베이터) → [B2] 3호선 대합실로 이동 → [B2] 1호선 종로5가 방면 승강장으로 이동 → 1호선 대합실 방향 엘리베이터(으)로 1개 층 올라가기 (B2 → B1, 엘리베이터) → [B1] 대합실로 이동 → 종각 방면 엘리베이터(으)로 1개 층 내려가기 (B1 → B2, 엘리베이터) → [B2] 1호선 종각 방면 승강장으로 이동 → [B2] 승차 (휠체어칸)","1. [B5] 5호선 광화문 방면 승강장 하차 | 2. 대합실 방향 엘리베이터(으)로 1개 층 올라가기 (B5 → B4, 엘리베이터) | 3. [B4] 대합실로 이동 | 4. 대합실 방향 엘리베이터(으)로 1개 층 올라가기 (B4 → B3, 엘리베이터) | 5. [B3] 대합실로 이동 | 6. [B3] 3호선 대합실로 이동 | 7. 대합실 방향 엘리베이터(으)로 1개 층 올라가기 (B3 → B2, 엘리베이터) | 8. [B2] 3호선 대합실로 이동 | 9. [B2] 1호선 종로5가 방면 승강장으로 이동 | 10. 1호선 대합실 방향 엘리베이터(으)로 1개 층 올라가기 (B2 → B1, 엘리베이터) | 11. [B1] 대합실로 이동 | 12. 종각 방면 엘리베이터(으)로 1개 층 내려가기 (B1 → B2, 엘리베이터) | 13. [B2] 1호선 종각 방면 승강장으로 이동 | 14. [B2] 승차 (휠체어칸)"
S1_5_0515,5호선,종로3가,3,환승,3,5호선 을지로4가 방면 → 1호선 종로5가 방면,B5 → B4 → B3 → B2,10,3,0,"[B5] 5호선 을지로4가 방면 승강장 하차 → 대합실 방향 엘리베이터(으)로 1개 층 올라가기 (B5 → B4, 엘리베이터) → [B4] 대합실로 이동 → 대합실 방향 엘리베이터(으)로 1개 층 올라가기 (B4 → B3, 엘리베이터) → [B3] 대합실로 이동 → [B3] 3호선 대합실로 이동 → 대합실 방향 엘리베이터(으)로 1개 층 올라가기 (B3 → B2, 엘리베이터) → [B2] 3호선 대합실로 이동 → [B2] 1호선 종로5가 방면 승강장으로 이동 → [B2] 승차 (휠체어칸)","1. [B5] 5호선 을지로4가 방면 승강장 하차 | 2. 대합실 방향 엘리베이터(으)로 1개 층 올라가기 (B5 → B4, 엘리베이터) | 3. [B4] 대합실로 이동 | 4. 대합실 방향 엘리베이터(으)로 1개 층 올라가기 (B4 → B3, 엘리베이터) | 5. [B3] 대합실로 이동 | 6. [B3] 3호선 대합실로 이동 | 7. 대합실 방향 엘리베이터(으)로 1개 층 올라가기 (B3 → B2, 엘리베이터) | 8. [B2] 3호선 대합실로 이동 | 9. [B2] 1호선 종로5가 방면 승강장으로 이동 | 10. [B2] 승차 (휠체어칸)"
S1_5_0515,5호선,종로3가,3,환승,4,5호선 을지로4가 방면 → 1호선 종각 방면,B5 → B4 → B3 → B2 → B1 → B2,14,5,0,"[B5] 5호선 을지로4가 방면 승강장 하차 → 대합실 방향 엘리베이터(으)로 1개 층 올라가기 (B5 → B4, 엘리베이터) → [B4] 대합실로 이동 → 대합실 방향 엘리베이터(으)로 1개 층 올라가기 (B4 → B3, 엘리베이터) → [B3] 대합실로 이동 → [B3] 3호선 대합실로 이동 → 대합실 방향 엘리베이터(으)로 1개 층 올라가기 (B3 → B2, 엘리베이터) → [B2] 3호선 대합실로 이동 → [B2] 1호선 종로5가 방면 승강장으로 이동 → 1호선 대합실 방향 엘리베이터(으)로 1개 층 올라가기 (B2 → B1, 엘리베이터) → [B1] 대합실로 이동 → 종각 방면 엘리베이터(으)로 1개 층 내려가기 (B1 → B2, 엘리베이터) → [B2] 1호선 종각 방면 승강장으로 이동 → [B2] 승차 (휠체어칸)","1. [B5] 5호선 을지로4가 방면 승강장 하차 | 2. 대합실 방향 엘리베이터(으)로 1개 층 올라가기 (B5 → B4, 엘리베이터) | 3. [B4] 대합실로 이동 | 4. 대합실 방향 엘리베이터(으)로 1개 층 올라가기 (B4 → B3, 엘리베이터) | 5. [B3] 대합실로 이동 | 6. [B3] 3호선 대합실로 이동 | 7. 대합실 방향 엘리베이터(으)로 1개 층 올라가기 (B3 → B2, 엘리베이터) | 8. [B2] 3호선 대합실로 이동 | 9. [B2] 1호선 종로5가 방면 승강장으로 이동 | 10. 1호선 대합실 방향 엘리베이터(으)로 1개 층 올라가기 (B2 → B1, 엘리베이터) | 11. [B1] 대합실로 이동 | 12. 종각 방면 엘리베이터(으)로 1개 층 내려가기 (B1 → B2, 엘리베이터) | 13. [B2] 1호선 종각 방면 승강장으로 이동 | 14. [B2] 승차 (휠체어칸)"
S1_5_0515,5호선,종로3가,3,환승,5,5호선 광화문 방면 → 3호선 안국 방면,B5 → B4 → B3 → B4,9,3,0,"[B5] 5호선 광화문 방면 승강장 하차 → 대합실 방향 엘리베이터(으)로 1개 층 올라가기 (B5 → B4, 엘리베이터) → [B4] 대합실로 이동 → 대합실 방향 엘리베이터(으)로 1개 층 올라가기 (B4 → B3, 엘리베이터) → [B3] 대합실로 이동 → [B3] 3호선 대합실로 이동 → 승강장 방향 엘리베이터(으)로 1개 층 내려가기 (B3 → B4, 엘리베이터) → [B4] 3호선 안국 방면 승강장으로 이동 → [B4] 승차 (휠체어칸)","1. [B5] 5호선 광화문 방면 승강장 하차 | 2. 대합실 방향 엘리베이터(으)로 1개 층 올라가기 (B5 → B4, 엘리베이터) | 3. [B4] 대합실로 이동 | 4. 대합실 방향 엘리베이터(으)로 1개 층 올라가기 (B4 → B3, 엘리베이터) | 5. [B3] 대합실로 이동 | 6. [B3] 3호선 대합실로 이동 | 7. 승강장 방향 엘리베이터(으)로 1개 층 내려가기 (B3 → B4, 엘리베이터) | 8. [B4] 3호선 안국 방면 승강장으로 이동 | 9. [B4] 승차 (휠체어칸)"
S1_5_0515,5호선,종로3가,3,환승,6,5호선 광화문 방면 → 3호선 을지로3가 방면,B5 → B4 → B3 → B4,9,3,0,"[B5] 5호선 광화문 방면 승강장 하차 → 대합실 방향 엘리베이터(으)로 1개 층 올라가기 (B5 → B4, 엘리베이터) → [B4] 대합실로 이동 → 대합실 방향 엘리베이터(으)로 1개 층 올라가기 (B4 → B3, 엘리베이터) → [B3] 대합실로 이동 → [B3] 3호선 대합실로 이동 → 승강장 방향 엘리베이터(으)로 1개 층 내려가기 (B3 → B4, 엘리베이터) → [B4] 3호선 을지로3가 방면 승강장으로 이동 → [B4] 승차 (휠체어칸)","1. [B5] 5호선 광화문 방면 승강장 하차 | 2. 대합실 방향 엘리베이터(으)로 1개 층 올라가기 (B5 → B4, 엘리베이터) | 3. [B4] 대합실로 이동 | 4. 대합실 방향 엘리베이터(으)로 1개 층 올라가기 (B4 → B3, 엘리베이터) | 5. [B3] 대합실로 이동 | 6. [B3] 3호선 대합실로 이동 | 7. 승강장 방향 엘리베이터(으)로 1개 층 내려가기 (B3 → B4, 엘리베이터) | 8. [B4] 3호선 을지로3가 방면 승강장으로 이동 | 9. [B4] 승차 (휠체어칸)"
S1_5_0515,5호선,종로3가,3,환승,7,5호선 을지로4가 방면 → 3호선 안국 방면,B5 → B4 → B3 → B4,9,3,0,"[B5] 5호선 을지로4가 방면 승강장 하차 → 대합실 방향 엘리베이터(으)로 1개 층 올라가기 (B5 → B4, 엘리베이터) → [B4] 대합실로 이동 → 대합실 방향 엘리베이터(으)로 1개 층 올라가기 (B4 → B3, 엘리베이터) → [B3] 대합실로 이동 → [B3] 3호선 대합실로 이동 → 승강장 방향 엘리베이터(으)로 1개 층 내려가기 (B3 → B4, 엘리베이터) → [B4] 3호선 안국 방면 승강장으로 이동 → [B4] 승차 (휠체어칸)","1. [B5] 5호선 을지로4가 방면 승강장 하차 | 2. 대합실 방향 엘리베이터(으)로 1개 층 올라가기 (B5 → B4, 엘리베이터) | 3. [B4] 대합실로 이동 | 4. 대합실 방향 엘리베이터(으)로 1개 층 올라가기 (B4 → B3, 엘리베이터) | 5. [B3] 대합실로 이동 | 6. [B3] 3호선 대합실로 이동 | 7. 승강장 방향 엘리베이터(으)로 1개 층 내려가기 (B3 → B4, 엘리베이터) | 8. [B4] 3호선 안국 방면 승강장으로 이동 | 9. [B4] 승차 (휠체어칸)"
S1_5_0515,5호선,종로3가,3,환승,8,5호선 을지로4가 방면 → 3호선 을지로3가 방면,B5 → B4 → B3 → B4,9,3,0,"[B5] 5호선 을지로4가 방면 승강장 하차 → 대합실 방향 엘리베이터(으)로 1개 층 올라가기 (B5 → B4, 엘리베이터) → [B4] 대합실로 이동 → 대합실 방향 엘리베이터(으)로 1개 층 올라가기 (B4 → B3, 엘리베이터) → [B3] 대합실로 이동 → [B3] 3호선 대합실로 이동 → 승강장 방향 엘리베이터(으)로 1개 층 내려가기 (B3 → B4, 엘리베이터) → [B4] 3호선 을지로3가 방면 승강장으로 이동 → [B4] 승차 (휠체어칸)","1. [B5] 5호선 을지로4가 방면 승강장 하차 | 2. 대합실 방향 엘리베이터(으)로 1개 층 올라가기 (B5 → B4, 엘리베이터) | 3. [B4] 대합실로 이동 | 4. 대합실 방향 엘리베이터(으)로 1개 층 올라가기 (B4 → B3, 엘리베이터) | 5. [B3] 대합실로 이동 | 6. [B3] 3호선 대합실로 이동 | 7. 승강장 방향 엘리베이터(으)로 1개 층 내려가기 (B3 → B4, 엘리베이터) | 8. [B4] 3호선 을지로3가 방면 승강장으로 이동 | 9. [B4] 승차 (휠체어칸)"
S1_5_0465,5호선,을지로4가,1,출입구-승강장,1,8번 출입구 옆 엘리베이터 → 종로3가 방면,1F → B1 → B5,6,2,0,"8번 출입구 옆 엘리베이터(으)로 1개 층 내려가기 (1F → B1, 엘리베이터) → [B1] 대합실로 이동 → [B1] 표 내는 곳 통과 → 승강장 방향 엘리베이터(으)로 4개 층 내려가기 (B1 → B5, 엘리베이터) → [B5] 종로3가 방면 승강장으로 이동 → [B5] 승차 (휠체어칸)","1. 8번 출입구 옆 엘리베이터(으)로 1개 층 내려가기 (1F → B1, 엘리베이터) | 2. [B1] 대합실로 이동 | 3. [B1] 표 내는 곳 통과 | 4. 승강장 방향 엘리베이터(으)로 4개 층 내려가기 (B1 → B5, 엘리베이터) | 5. [B5] 종로3가 방면 승강장으로 이동 | 6. [B5] 승차 (휠체어칸)"
S1_5_0465,5호선,을지로4가,1,출입구-승강장,2,8번 출입구 옆 엘리베이터 → 동대문역사문화공원 방면,1F → B1 → B5,6,2,0,"8번 출입구 옆 엘리베이터(으)로 1개 층 내려가기 (1F → B1, 엘리베이터) → [B1] 대합실로 이동 → [B1] 표 내는 곳 통과 → 승강장 방향 엘리베이터(으)로 4개 층 내려가기 (B1 → B5, 엘리베이터) → [B5] 동대문역사문화공원 방면 승강장으로 이동 → [B5] 승차 (휠체어칸)","1. 8번 출입구 옆 엘리베이터(으)로 1개 층 내려가기 (1F → B1, 엘리베이터) | 2. [B1] 대합실로 이동 | 3. [B1] 표 내는 곳 통과 | 4. 승강장 방향 엘리베이터(으)로 4개 층 내려가기 (B1 → B5, 엘리베이터) | 5. [B5] 동대문역사문화공원 방면 승강장으로 이동 | 6. [B5] 승차 (휠체어칸)"
S1_5_0465,5호선,을지로4가,3,환승,1,5호선 종로3가 방면 → 2호선 을지로3가 방면,B5 → B2,4,1,0,"[B5] 5호선 종로3가 방면 승강장 하차 → 대합실 방향 엘리베이터(으)로 3개 층 올라가기 (B5 → B2, 엘리베이터) → [B2] 2호선 을지로3가 방면 승강장으로 이동 → [B2] 승차 (휠체어칸)","1. [B5] 5호선 종로3가 방면 승강장 하차 | 2. 대합실 방향 엘리베이터(으)로 3개 층 올라가기 (B5 → B2, 엘리베이터) | 3. [B2] 2호선 을지로3가 방면 승강장으로 이동 | 4. [B2] 승차 (휠체어칸)"
S1_5_0465,5호선,을지로4가,3,환승,2,5호선 종로3가 방면 → 2호선 동대문역사문화공원 방면,B5 → B1 → B2,6,2,0,"[B5] 5호선 종로3가 방면 승강장 하차 → 대합실 방향 엘리베이터(으)로 4개 층 올라가기 (B5 → B1, 엘리베이터) → [B1] 2호선 대합실로 이동 → 동대문역사문화공원 방면 엘리베이터(으)로 1개 층 내려가기 (B1 → B2, 엘리베이터) → [B2] 2호선 동대문역사문화공원 방면 승강장으로 이동 → [B2] 승차 (휠체어칸)","1. [B5] 5호선 종로3가 방면 승강장 하차 | 2. 대합실 방향 엘리베이터(으)로 4개 층 올라가기 (B5 → B1, 엘리베이터) | 3. [B1] 2호선 대합실로 이동 | 4. 동대문역사문화공원 방면 엘리베이터(으)로 1개 층 내려가기 (B1 → B2, 엘리베이터) | 5. [B2] 2호선 동대문역사문화공원 방면 승강장으로 이동 | 6. [B2] 승차 (휠체어칸)"
S1_5_0465,5호선,을지로4가,3,환승,3,5호선 동대문역사문화공원 방면 → 2호선 을지로3가 방면,B5 → B2,4,1,0,"[B5] 5호선 동대문역사문화공원 방면 승강장 하차 → 대합실 방향 엘리베이터(으)로 3개 층 올라가기 (B5 → B2, 엘리베이터) → [B2] 2호선 을지로3가 방면 승강장으로 이동 → [B2] 승차 (휠체어칸)","1. [B5] 5호선 동대문역사문화공원 방면 승강장 하차 | 2. 대합실 방향 엘리베이터(으)로 3개 층 올라가기 (B5 → B2, 엘리베이터) | 3. [B2] 2호선 을지로3가 방면 승강장으로 이동 | 4. [B2] 승차 (휠체어칸)"
S1_5_0465,5호선,을지로4가,3,환승,4,5호선 동대문역사문화공원 방면 → 2호선 동대문역사문화공원 방면,B5 → B1 → B2,6,2,0,"[B5] 5호선 동대문역사문화공원 방면 승강장 하차 → 대합실 방향 엘리베이터(으)로 4개 층 올라가기 (B5 → B1, 엘리베이터) → [B1] 2호선 대합실로 이동 → 동대문역사문화공원 방면 엘리베이터(으)로 1개 층 내려가기 (B1 → B2, 엘리베이터) → [B2] 2호선 동대문역사문화공원 방면 승강장으로 이동 → [B2] 승차 (휠체어칸)","1. [B5] 5호선 동대문역사문화공원 방면 승강장 하차 | 2. 대합실 방향 엘리베이터(으)로 4개 층 올라가기 (B5 → B1, 엘리베이터) | 3. [B1] 2호선 대합실로 이동 | 4. 동대문역사문화공원 방면 엘리베이터(으)로 1개 층 내려가기 (B1 → B2, 엘리베이터) | 5. [B2] 2호선 동대문역사문화공원 방면 승강장으로 이동 | 6. [B2] 승차 (휠체어칸)"
S1_5_0156,5호선,동대문역사문화공원,1,출입구-승강장,1,1번 출입구 옆 엘리베이터 → 을지로4가 방면,1F → B1 → B3 → B5,9,3,0,"2호선 1번 출입구 옆 엘리베이터(으)로 1개 층 내려가기 (1F → B1, 엘리베이터) → [B1] 대합실 이동 → [B1] 표 내는 곳 통과 → [B1] 4호선 환승통로 방향으로 이동 → 4호선 승강장 방향 엘리베이터(으)로 2개 층 내려가기 (B1 → B3, 엘리베이터) → [B3] 5호선 승강장 방향 환승 엘리베이터 이동 → 5호선 승강장 방향 환승 엘리베이터(으)로 2개 층 내려가기 (B3 → B5, 엘리베이터) → [B5] 을지로4가 방면 승강장 이동 → [B5] 승차 (휠체어칸)","1. 2호선 1번 출입구 옆 엘리베이터(으)로 1개 층 내려가기 (1F → B1, 엘리베이터) | 2. [B1] 대합실 이동 | 3. [B1] 표 내는 곳 통과 | 4. [B1] 4호선 환승통로 방향으로 이동 | 5. 4호선 승강장 방향 엘리베이터(으)로 2개 층 내려가기 (B1 → B3, 엘리베이터) | 6. [B3] 5호선 승강장 방향 환승 엘리베이터 이동 | 7. 5호선 승강장 방향 환승 엘리베이터(으)로 2개 층 내려가기 (B3 → B5, 엘리베이터) | 8. [B5] 을지로4가 방면 승강장 이동 | 9. [B5] 승차 (휠체어칸)"
S1_5_0156,5호선,동대문역사문화공원,1,출입구-승강장,2,1번 출입구 옆 엘리베이터 → 청구 방면,1F → B1 → B3 → B5,9,3,0,"2호선 1번 출입구 옆 엘리베이터(으)로 1개 층 내려가기 (1F → B1, 엘리베이터) → [B1] 대합실 이동 → [B1] 표 내는 곳 통과 → [B1] 4호선 환승통로 방향으로 이동 → 4호선 승강장 방향 엘리베이터(으)로 2개 층 내려가기 (B1 → B3, 엘리베이터) → [B3] 5호선 승강장 방향 환승 엘리베이터 이동 → 5호선 승강장 방향 환승 엘리베이터(으)로 2개 층 내려가기 (B3 → B5, 엘리베이터) → [B5] 청구 방면 승강장 이동 → [B5] 승차 (휠체어칸)","1. 2호선 1번 출입구 옆 엘리베이터(으)로 1개 층 내려가기 (1F → B1, 엘리베이터) | 2. [B1] 대합실 이동 | 3. [B1] 표 내는 곳 통과 | 4. [B1] 4호선 환승통로 방향으로 이동 | 5. 4호선 승강장 방향 엘리베이터(으)로 2개 층 내려가기 (B1 → B3, 엘리베이터) | 6. [B3] 5호선 승강장 방향 환승 엘리베이터 이동 | 7. 5호선 승강장 방향 환승 엘리베이터(으)로 2개 층 내려가기 (B3 → B5, 엘리베이터) | 8. [B5] 청구 방면 승강장 이동 | 9. [B5] 승차 (휠체어칸)"
S1_5_0156,5호선,동대문역사문화공원,3,환승,1,5호선 을지로4가 방면 → 2호선 을지로4가 방면,B5 → B3 → B1 → B2,9,3,0,"[B5] 5호선 을지로4가 방면 승강장 하차 → 4호선 방향 환승 엘리베이터(으)로 2개 층 올라가기 (B5 → B3, 엘리베이터) → [B3] 4호선 승강장으로 이동 → 대합실 방향 엘리베이터(으)로 2개 층 올라가기 (B3 → B1, 엘리베이터) → [B1] 대합실로 이동 → [B1] 2호선 대합실로 이동 → 2호선 을지로4가 방면 엘리베이터(으)로 1개 층 내려가기 (B1 → B2, 엘리베이터) → [B2] 2호선 을지로4가 방면 승강장으로 이동 → [B2] 승차 (휠체어칸)","1. [B5] 5호선 을지로4가 방면 승강장 하차 | 2. 4호선 방향 환승 엘리베이터(으)로 2개 층 올라가기 (B5 → B3, 엘리베이터) | 3. [B3] 4호선 승강장으로 이동 | 4. 대합실 방향 엘리베이터(으)로 2개 층 올라가기 (B3 → B1, 엘리베이터) | 5. [B1] 대합실로 이동 | 6. [B1] 2호선 대합실로 이동 | 7. 2호선 을지로4가 방면 엘리베이터(으)로 1개 층 내려가기 (B1 → B2, 엘리베이터) | 8. [B2] 2호선 을지로4가 방면 승강장으로 이동 | 9. [B2] 승차 (휠체어칸)"
S1_5_0156,5호선,동대문역사문화공원,3,환승,2,5호선 을지로4가 방면 → 2호선 신당 방면,B5 → B3 → B1 → B2,9,3,0,"[B5] 5호선 을지로4가 방면 승강장 하차 → 4호선 방향 환승 엘리베이터(으)로 2개 층 올라가기 (B5 → B3, 엘리베이터) → [B3] 4호선 승강장으로 이동 → 대합실 방향 엘리베이터(으)로 2개 층 올라가기 (B3 → B1, 엘리베이터) → [B1] 대합실로 이동 → [B1] 2호선 대합실로 이동 → 2호선 신당 방면 엘리베이터(으)로 1개 층 내려가기 (B1 → B2, 엘리베이터) → [B2] 2호선 신당 방면 승강장으로 이동 → [B2] 승차 (휠체어칸)","1. [B5] 5호선 을지로4가 방면 승강장 하차 | 2. 4호선 방향 환승 엘리베이터(으)로 2개 층 올라가기 (B5 → B3, 엘리베이터) | 3. [B3] 4호선 승강장으로 이동 | 4. 대합실 방향 엘리베이터(으)로 2개 층 올라가기 (B3 → B1, 엘리베이터) | 5. [B1] 대합실로 이동 | 6. [B1] 2호선 대합실로 이동 | 7. 2호선 신당 방면 엘리베이터(으)로 1개 층 내려가기 (B1 → B2, 엘리베이터) | 8. [B2] 2호선 신당 방면 승강장으로 이동 | 9. [B2] 승차 (휠체어칸)"
S1_5_0156,5호선,동대문역사문화공원,3,환승,3,5호선 청구 방면 → 2호선 을지로4가 방면,B5 → B3 → B1 → B2,9,3,0,"[B5] 5호선 청구 방면 승강장 하차 → 4호선 방향 환승 엘리베이터(으)로 2개 층 올라가기 (B5 → B3, 엘리베이터) → [B3] 4호선 승강장으로 이동 → 대합실 방향 엘리베이터(으)로 2개 층 올라가기 (B3 → B1, 엘리베이터) → [B1] 대합실로 이동 → [B1] 2호선 대합실로 이동 → 2호선 을지로4가 방면 엘리베이터(으)로 1개 층 내려가기 (B1 → B2, 엘리베이터) → [B2] 2호선 을지로4가 방면 승강장으로 이동 → [B2] 승차 (휠체어칸)","1. [B5] 5호선 청구 방면 승강장 하차 | 2. 4호선 방향 환승 엘리베이터(으)로 2개 층 올라가기 (B5 → B3, 엘리베이터) | 3. [B3] 4호선 승강장으로 이동 | 4. 대합실 방향 엘리베이터(으)로 2개 층 올라가기 (B3 → B1, 엘리베이터) | 5. [B1] 대합실로 이동 | 6. [B1] 2호선 대합실로 이동 | 7. 2호선 을지로4가 방면 엘리베이터(으)로 1개 층 내려가기 (B1 → B2, 엘리베이터) | 8. [B2] 2호선 을지로4가 방면 승강장으로 이동 | 9. [B2] 승차 (휠체어칸)"
S1_5_0156,5호선,동대문역사문화공원,3,환승,4,5호선 청구 방면 → 2호선 신당 방면,B5 → B3 → B1 → B2,9,3,0,"[B5] 5호선 청구 방면 승강장 하차 → 4호선 방향 환승 엘리베이터(으)로 2개 층 올라가기 (B5 → B3, 엘리베이터) → [B3] 4호선 승강장으로 이동 → 대합실 방향 엘리베이터(으)로 2개 층 올라가기 (B3 → B1, 엘리베이터) → [B1] 대합실로 이동 → [B1] 2호선 대합실로 이동 → 2호선 신당 방면 엘리베이터(으)로 1개 층 내려가기 (B1 → B2, 엘리베이터) → [B2] 2호선 신당 방면 승강장으로 이동 → [B2] 승차 (휠체어칸)","1. [B5] 5호선 청구 방면 승강장 하차 | 2. 4호선 방향 환승 엘리베이터(으)로 2개 층 올라가기 (B5 → B3, 엘리베이터) | 3. [B3] 4호선 승강장으로 이동 | 4. 대합실 방향 엘리베이터(으)로 2개 층 올라가기 (B3 → B1, 엘리베이터) | 5. [B1] 대합실로 이동 | 6. [B1] 2호선 대합실로 이동 | 7. 2호선 신당 방면 엘리베이터(으)로 1개 층 내려가기 (B1 → B2, 엘리베이터) | 8. [B2] 2호선 신당 방면 승강장으로 이동 | 9. [B2] 승차 (휠체어칸)"
S1_5_0156,5호선,동대문역사문화공원,3,환승,5,5호선 을지로4가 방면 → 4호선 동대문 방면,B5 → B3,4,1,0,"[B5] 5호선 을지로4가 방면 승강장 하차 → 4호선 방향 환승 엘리베이터(으)로 2개 층 올라가기 (B5 → B3, 엘리베이터) → [B3] 4호선 동대문 방면 승강장으로 이동 → [B3] 승차 (휠체어칸)","1. [B5] 5호선 을지로4가 방면 승강장 하차 | 2. 4호선 방향 환승 엘리베이터(으)로 2개 층 올라가기 (B5 → B3, 엘리베이터) | 3. [B3] 4호선 동대문 방면 승강장으로 이동 | 4. [B3] 승차 (휠체어칸)"
S1_5_0156,5호선,동대문역사문화공원,3,환승,6,5호선 을지로4가 방면 → 4호선 충무로 방면,B5 → B3,4,1,0,"[B5] 5호선 을지로4가 방면 승강장 하차 → 4호선 방향 환승 엘리베이터(으)로 2개 층 올라가기 (B5 → B3, 엘리베이터) → [B3] 4호선 충무로 방면 승강장으로 이동 → [B3] 승차 (휠체어칸)","1. [B5] 5호선 을지로4가 방면 승강장 하차 | 2. 4호선 방향 환승 엘리베이터(으)로 2개 층 올라가기 (B5 → B3, 엘리베이터) | 3. [B3] 4호선 충무로 방면 승강장으로 이동 | 4. [B3] 승차 (휠체어칸)"
S1_5_0156,5호선,동대문역사문화공원,3,환승,7,5호선 청구 방면 → 4호선 동대문 방면,B5 → B3,4,1,0,"[B5] 5호선 청구 방면 승강장 하차 → 4호선 방향 환승 엘리베이터(으)로 2개 층 올라가기 (B5 → B3, 엘리베이터) → [B3] 4호선 동대문 방면 승강장으로 이동 → [B3] 승차 (휠체어칸)","1. [B5] 5호선 청구 방면 승강장 하차 | 2. 4호선 방향 환승 엘리베이터(으)로 2개 층 올라가기 (B5 → B3, 엘리베이터) | 3. [B3] 4호선 동대문 방면 승강장으로 이동 | 4. [B3] 승차 (휠체어칸)"
S1_5_0156,5호선,동대문역사문화공원,3,환승,8,5호선 청구 방면 → 4호선 충무로 방면,B5 → B3,4,1,0,"[B5] 5호선 청구 방면 승강장 하차 → 4호선 방향 환승 엘리베이터(으)로 2개 층 올라가기 (B5 → B3, 엘리베이터) → [B3] 4호선 충무로 방면 승강장으로 이동 → [B3] 승차 (휠체어칸)","1. [B5] 5호선 청구 방면 승강장 하차 | 2. 4호선 방향 환승 엘리베이터(으)로 2개 층 올라가기 (B5 → B3, 엘리베이터) | 3. [B3] 4호선 충무로 방면 승강장으로 이동 | 4. [B3] 승차 (휠체어칸)"
S1_5_0549,5호선,청구,1,출입구-승강장,1,1번 출입구 옆 엘리베이터 → 동대문역사문화공원 방면,1F → B1 → B3 → B4,8,3,0,"1번 출입구 옆 엘리베이터(으)로 1개 층 내려가기 (1F → B1, 엘리베이터) → [B1] 대합실로 이동 → [B1] 표 내는 곳 통과 → 엘리베이터(으)로 2개 층 내려가기 (B1 → B3, 엘리베이터) → [B3] 대합실로 이동 → 승강장 방향 엘리베이터(으)로 1개 층 내려가기 (B3 → B4, 엘리베이터) → [B4] 동대문역사문화공원 방면 승강장으로 이동 → [B4] 승차 (휠체어칸)","1. 1번 출입구 옆 엘리베이터(으)로 1개 층 내려가기 (1F → B1, 엘리베이터) | 2. [B1] 대합실로 이동 | 3. [B1] 표 내는 곳 통과 | 4. 엘리베이터(으)로 2개 층 내려가기 (B1 → B3, 엘리베이터) | 5. [B3] 대합실로 이동 | 6. 승강장 방향 엘리베이터(으)로 1개 층 내려가기 (B3 → B4, 엘리베이터) | 7. [B4] 동대문역사문화공원 방면 승강장으로 이동 | 8. [B4] 승차 (휠체어칸)"
S1_5_0549,5호선,청구,1,출입구-승강장,2,1번 출입구 옆 엘리베이터 → 신금호 방면,1F → B1 → B3 → B4,8,3,0,"1번 출입구 옆 엘리베이터(으)로 1개 층 내려가기 (1F → B1, 엘리베이터) → [B1] 대합실로 이동 → [B1] 표 내는 곳 통과 → 엘리베이터(으)로 2개 층 내려가기 (B1 → B3, 엘리베이터) → [B3] 대합실로 이동 → 승강장 방향 엘리베이터(으)로 1개 층 내려가기 (B3 → B4, 엘리베이터) → [B4] 신금호 방면 승강장으로 이동 → [B4] 승차 (휠체어칸)","1. 1번 출입구 옆 엘리베이터(으)로 1개 층 내려가기 (1F → B1, 엘리베이터) | 2. [B1] 대합실로 이동 | 3. [B1] 표 내는 곳 통과 | 4. 엘리베이터(으)로 2개 층 내려가기 (B1 → B3, 엘리베이터) | 5. [B3] 대합실로 이동 | 6. 승강장 방향 엘리베이터(으)로 1개 층 내려가기 (B3 → B4, 엘리베이터) | 7. [B4] 신금호 방면 승강장으로 이동 | 8. [B4] 승차 (휠체어칸)"
S1_5_0549,5호선,청구,1,출입구-승강장,3,3번 출입구 옆 엘리베이터 → 동대문역사문화공원 방면,1F → B1 → B3 → B4,8,3,0,"3번 출입구 옆 엘리베이터(으)로 1개 층 내려가기 (1F → B1, 엘리베이터) → [B1] 대합실로 이동 → [B1] 표 내는 곳 통과 → 엘리베이터(으)로 2개 층 내려가기 (B1 → B3, 엘리베이터) → [B3] 대합실로 이동 → 승강장 방향 엘리베이터(으)로 1개 층 내려가기 (B3 → B4, 엘리베이터) → [B4] 동대문역사문화공원 방면 승강장으로 이동 → [B4] 승차 (휠체어칸)","1. 3번 출입구 옆 엘리베이터(으)로 1개 층 내려가기 (1F → B1, 엘리베이터) | 2. [B1] 대합실로 이동 | 3. [B1] 표 내는 곳 통과 | 4. 엘리베이터(으)로 2개 층 내려가기 (B1 → B3, 엘리베이터) | 5. [B3] 대합실로 이동 | 6. 승강장 방향 엘리베이터(으)로 1개 층 내려가기 (B3 → B4, 엘리베이터) | 7. [B4] 동대문역사문화공원 방면 승강장으로 이동 | 8. [B4] 승차 (휠체어칸)"
S1_5_0549,5호선,청구,1,출입구-승강장,4,3번 출입구 옆 엘리베이터 → 신금호 방면,1F → B1 → B3 → B4,8,3,0,"3번 출입구 옆 엘리베이터(으)로 1개 층 내려가기 (1F → B1, 엘리베이터) → [B1] 대합실로 이동 → [B1] 표 내는 곳 통과 → 엘리베이터(으)로 2개 층 내려가기 (B1 → B3, 엘리베이터) → [B3] 대합실로 이동 → 승강장 방향 엘리베이터(으)로 1개 층 내려가기 (B3 → B4, 엘리베이터) → [B4] 신금호 방면 승강장으로 이동 → [B4] 승차 (휠체어칸)","1. 3번 출입구 옆 엘리베이터(으)로 1개 층 내려가기 (1F → B1, 엘리베이터) | 2. [B1] 대합실로 이동 | 3. [B1] 표 내는 곳 통과 | 4. 엘리베이터(으)로 2개 층 내려가기 (B1 → B3, 엘리베이터) | 5. [B3] 대합실로 이동 | 6. 승강장 방향 엘리베이터(으)로 1개 층 내려가기 (B3 → B4, 엘리베이터) | 7. [B4] 신금호 방면 승강장으로 이동 | 8. [B4] 승차 (휠체어칸)"
S1_5_0549,5호선,청구,3,환승,1,5호선 동대문역사문화공원 방면 → 6호선 약수 방면,B4 → B3 → B2,6,2,0,"[B4] 5호선 동대문역사문화공원 방면 승강장 하차 → 대합실 방향 엘리베이터(으)로 1개 층 올라가기 (B4 → B3, 엘리베이터) → [B3] 대합실로 이동 → 6호선 약수 방면 엘리베이터(으)로 1개 층 올라가기 (B3 → B2, 엘리베이터) → [B2] 6호선 약수 방면 승강장으로 이동 → [B2] 승차 (휠체어칸)","1. [B4] 5호선 동대문역사문화공원 방면 승강장 하차 | 2. 대합실 방향 엘리베이터(으)로 1개 층 올라가기 (B4 → B3, 엘리베이터) | 3. [B3] 대합실로 이동 | 4. 6호선 약수 방면 엘리베이터(으)로 1개 층 올라가기 (B3 → B2, 엘리베이터) | 5. [B2] 6호선 약수 방면 승강장으로 이동 | 6. [B2] 승차 (휠체어칸)"
S1_5_0549,5호선,청구,3,환승,2,5호선 동대문역사문화공원 방면 → 6호선 신당 방면,B4 → B3 → B2,6,2,0,"[B4] 5호선 동대문역사문화공원 방면 승강장 하차 → 대합실 방향 엘리베이터(으)로 1개 층 올라가기 (B4 → B3, 엘리베이터) → [B3] 대합실로 이동 → 6호선 신당 방면 엘리베이터(으)로 1개 층 올라가기 (B3 → B2, 엘리베이터) → [B2] 6호선 신당 방면 승강장으로 이동 → [B2] 승차 (휠체어칸)","1. [B4] 5호선 동대문역사문화공원 방면 승강장 하차 | 2. 대합실 방향 엘리베이터(으)로 1개 층 올라가기 (B4 → B3, 엘리베이터) | 3. [B3] 대합실로 이동 | 4. 6호선 신당 방면 엘리베이터(으)로 1개 층 올라가기 (B3 → B2, 엘리베이터) | 5. [B2] 6호선 신당 방면 승강장으로 이동 | 6. [B2] 승차 (휠체어칸)"
S1_5_0549,5호선,청구,3,환승,3,5호선 신금호 방면 → 6호선 약수 방면,B4 → B3 → B2,6,2,0,"[B4] 5호선 신금호 방면 승강장 하차 → 대합실 방향 엘리베이터(으)로 1개 층 올라가기 (B4 → B3, 엘리베이터) → [B3] 대합실로 이동 → 6호선 약수 방면 엘리베이터(으)로 1개 층 올라가기 (B3 → B2, 엘리베이터) → [B2] 6호선 약수 방면 승강장으로 이동 → [B2] 승차 (휠체어칸)","1. [B4] 5호선 신금호 방면 승강장 하차 | 2. 대합실 방향 엘리베이터(으)로 1개 층 올라가기 (B4 → B3, 엘리베이터) | 3. [B3] 대합실로 이동 | 4. 6호선 약수 방면 엘리베이터(으)로 1개 층 올라가기 (B3 → B2, 엘리베이터) | 5. [B2] 6호선 약수 방면 승강장으로 이동 | 6. [B2] 승차 (휠체어칸)"
S1_5_0549,5호선,청구,3,환승,4,5호선 신금호 방면 → 6호선 신당 방면,B4 → B3 → B2,6,2,0,"[B4] 5호선 신금호 방면 승강장 하차 → 대합실 방향 엘리베이터(으)로 1개 층 올라가기 (B4 → B3, 엘리베이터) → [B3] 대합실로 이동 → 6호선 신당 방면 엘리베이터(으)로 1개 층 올라가기 (B3 → B2, 엘리베이터) → [B2] 6호선 신당 방면 승강장으로 이동 → [B2] 승차 (휠체어칸)","1. [B4] 5호선 신금호 방면 승강장 하차 | 2. 대합실 방향 엘리베이터(으)로 1개 층 올라가기 (B4 → B3, 엘리베이터) | 3. [B3] 대합실로 이동 | 4. 6호선 신당 방면 엘리베이터(으)로 1개 층 올라가기 (B3 → B2, 엘리베이터) | 5. [B2] 6호선 신당 방면 승강장으로 이동 | 6. [B2] 승차 (휠체어칸)"
S1_5_0350,5호선,신금호,1,출입구-승강장,1,3번 출입구 옆 엘리베이터 → 청구 방면,1F → B2 → B8,6,2,0,"3번 출입구 옆 엘리베이터(으)로 2개 층 내려가기 (1F → B2, 엘리베이터) → [B2] 대합실로 이동 → [B2] 표 내는 곳 통과 → 승강장 방향 엘리베이터(으)로 6개 층 내려가기 (B2 → B8, 엘리베이터) → [B8] 청구 방면 승강장으로 이동 → [B8] 승차 (휠체어칸)","1. 3번 출입구 옆 엘리베이터(으)로 2개 층 내려가기 (1F → B2, 엘리베이터) | 2. [B2] 대합실로 이동 | 3. [B2] 표 내는 곳 통과 | 4. 승강장 방향 엘리베이터(으)로 6개 층 내려가기 (B2 → B8, 엘리베이터) | 5. [B8] 청구 방면 승강장으로 이동 | 6. [B8] 승차 (휠체어칸)"
S1_5_0350,5호선,신금호,1,출입구-승강장,2,3번 출입구 옆 엘리베이터 → 행당 방면,1F → B2 → B8,6,2,0,"3번 출입구 옆 엘리베이터(으)로 2개 층 내려가기 (1F → B2, 엘리베이터) → [B2] 대합실로 이동 → [B2] 표 내는 곳 통과 → 승강장 방향 엘리베이터(으)로 6개 층 내려가기 (B2 → B8, 엘리베이터) → [B8] 행당 방면 승강장으로 이동 → [B8] 승차 (휠체어칸)","1. 3번 출입구 옆 엘리베이터(으)로 2개 층 내려가기 (1F → B2, 엘리베이터) | 2. [B2] 대합실로 이동 | 3. [B2] 표 내는 곳 통과 | 4. 승강장 방향 엘리베이터(으)로 6개 층 내려가기 (B2 → B8, 엘리베이터) | 5. [B8] 행당 방면 승강장으로 이동 | 6. [B8] 승차 (휠체어칸)"
S1_5_0592,5호선,행당,1,출입구-승강장,1,3번 출입구 옆 엘리베이터 → 신금호 방면,1F → B3 → B5,6,2,0,"3번 출입구 옆 엘리베이터(으)로 3개 층 내려가기 (1F → B3, 엘리베이터) → [B3] 대합실로 이동 → [B3] 표 내는 곳 통과 → 신금호 방면 엘리베이터(으)로 2개 층 내려가기 (B3 → B5, 엘리베이터) → [B5] 신금호 방면 승강장으로 이동 → [B5] 승차 (휠체어칸)","1. 3번 출입구 옆 엘리베이터(으)로 3개 층 내려가기 (1F → B3, 엘리베이터) | 2. [B3] 대합실로 이동 | 3. [B3] 표 내는 곳 통과 | 4. 신금호 방면 엘리베이터(으)로 2개 층 내려가기 (B3 → B5, 엘리베이터) | 5. [B5] 신금호 방면 승강장으로 이동 | 6. [B5] 승차 (휠체어칸)"
S1_5_0592,5호선,행당,1,출입구-승강장,2,3번 출입구 옆 엘리베이터 → 왕십리 방면,1F → B3 → B4 → B5,8,3,0,"3번 출입구 옆 엘리베이터(으)로 3개 층 내려가기 (1F → B3, 엘리베이터) → [B3] 대합실로 이동 → [B3] 표 내는 곳 통과 → 엘리베이터(으)로 1개 층 내려가기 (B3 → B4, 엘리베이터) → [B4] 대합실로 이동 → 왕십리 방면 엘리베이터(으)로 1개 층 내려가기 (B4 → B5, 엘리베이터) → [B5] 왕십리 방면 승강장으로 이동 → [B5] 승차 (휠체어칸)","1. 3번 출입구 옆 엘리베이터(으)로 3개 층 내려가기 (1F → B3, 엘리베이터) | 2. [B3] 대합실로 이동 | 3. [B3] 표 내는 곳 통과 | 4. 엘리베이터(으)로 1개 층 내려가기 (B3 → B4, 엘리베이터) | 5. [B4] 대합실로 이동 | 6. 왕십리 방면 엘리베이터(으)로 1개 층 내려가기 (B4 → B5, 엘리베이터) | 7. [B5] 왕십리 방면 승강장으로 이동 | 8. [B5] 승차 (휠체어칸)"
S1_5_0441,5호선,왕십리,1,출입구-승강장,1,4번 출입구 옆 엘리베이터 → 행당 방면,1F → B4 → B5,6,2,0,"4번 출입구 옆 엘리베이터(으)로 4개 층 내려가기 (1F → B4, 엘리베이터) → [B4] 대합실로 이동 → [B4] 표 내는 곳 통과 → 행당 방면 엘리베이터(으)로 1개 층 내려가기 (B4 → B5, 엘리베이터) → [B5] 행당 방면 승강장으로 이동 → [B5] 승차 (휠체어칸)","1. 4번 출입구 옆 엘리베이터(으)로 4개 층 내려가기 (1F → B4, 엘리베이터) | 2. [B4] 대합실로 이동 | 3. [B4] 표 내는 곳 통과 | 4. 행당 방면 엘리베이터(으)로 1개 층 내려가기 (B4 → B5, 엘리베이터) | 5. [B5] 행당 방면 승강장으로 이동 | 6. [B5] 승차 (휠체어칸)"
S1_5_0441,5호선,왕십리,1,출입구-승강장,2,4번 출입구 옆 엘리베이터 → 마장 방면,1F → B4 → B5,6,2,0,"4번 출입구 옆 엘리베이터(으)로 4개 층 내려가기 (1F → B4, 엘리베이터) → [B4] 대합실로 이동 → [B4] 표 내는 곳 통과 → 마장 방면 엘리베이터(으)로 1개 층 내려가기 (B4 → B5, 엘리베이터) → [B5] 마장 방면 승강장으로 이동 → [B5] 승차 (휠체어칸)","1. 4번 출입구 옆 엘리베이터(으)로 4개 층 내려가기 (1F → B4, 엘리베이터) | 2. [B4] 대합실로 이동 | 3. [B4] 표 내는 곳 통과 | 4. 마장 방면 엘리베이터(으)로 1개 층 내려가기 (B4 → B5, 엘리베이터) | 5. [B5] 마장 방면 승강장으로 이동 | 6. [B5] 승차 (휠체어칸)"
S1_5_0441,5호선,왕십리,1,출입구-승강장,3,6-1번 출입구 옆 엘리베이터 → 행당 방면,1F → B1 → B4 → B5,8,3,0,"6-1번 출입구 옆 엘리베이터(으)로 1개 층 내려가기 (1F → B1, 엘리베이터) → [B1] 대합실로 이동 → 5호선 방향 엘리베이터(으)로 3개 층 내려가기 (B1 → B4, 엘리베이터) → [B4] 5호선 대합실로 이동 → [B4] 표 내는 곳 통과 → 행당 방면 엘리베이터(으)로 1개 층 내려가기 (B4 → B5, 엘리베이터) → [B5] 행당 방면 승강장으로 이동 → [B5] 승차 (휠체어칸)","1. 6-1번 출입구 옆 엘리베이터(으)로 1개 층 내려가기 (1F → B1, 엘리베이터) | 2. [B1] 대합실로 이동 | 3. 5호선 방향 엘리베이터(으)로 3개 층 내려가기 (B1 → B4, 엘리베이터) | 4. [B4] 5호선 대합실로 이동 | 5. [B4] 표 내는 곳 통과 | 6. 행당 방면 엘리베이터(으)로 1개 층 내려가기 (B4 → B5, 엘리베이터) | 7. [B5] 행당 방면 승강장으로 이동 | 8. [B5] 승차 (휠체어칸)"
S1_5_0441,5호선,왕십리,1,출입구-승강장,4,6-1번 출입구 옆 엘리베이터 → 마장 방면,1F → B1 → B4 → B5,8,3,0,"6-1번 출입구 옆 엘리베이터(으)로 1개 층 내려가기 (1F → B1, 엘리베이터) → [B1] 대합실로 이동 → 5호선 방향 엘리베이터(으)로 3개 층 내려가기 (B1 → B4, 엘리베이터) → [B4] 5호선 대합실로 이동 → [B4] 표 내는 곳 통과 → 마장 방면 엘리베이터(으)로 1개 층 내려가기 (B4 → B5, 엘리베이터) → [B5] 마장 방면 승강장으로 이동 → [B5] 승차 (휠체어칸)","1. 6-1번 출입구 옆 엘리베이터(으)로 1개 층 내려가기 (1F → B1, 엘리베이터) | 2. [B1] 대합실로 이동 | 3. 5호선 방향 엘리베이터(으)로 3개 층 내려가기 (B1 → B4, 엘리베이터) | 4. [B4] 5호선 대합실로 이동 | 5. [B4] 표 내는 곳 통과 | 6. 마장 방면 엘리베이터(으)로 1개 층 내려가기 (B4 → B5, 엘리베이터) | 7. [B5] 마장 방면 승강장으로 이동 | 8. [B5] 승차 (휠체어칸)"
S1_5_0441,5호선,왕십리,3,환승,1,5호선 행당 방면 → 2호선 상왕십리 방면,B5 → B4 → B2,7,2,0,"[B5] 5호선 행당 방면 승강장 하차 → 대합실 방향 엘리베이터(으)로 1개 층 올라가기 (B5 → B4, 엘리베이터) → [B4] 대합실로 이동 → 대합실 방향 엘리베이터(으)로 2개 층 올라가기 (B4 → B2, 엘리베이터) → [B2] 환승 대합실로 이동 → [B2] 2호선 상왕십리 방면 승강장으로 이동 → [B2] 승차 (휠체어칸)","1. [B5] 5호선 행당 방면 승강장 하차 | 2. 대합실 방향 엘리베이터(으)로 1개 층 올라가기 (B5 → B4, 엘리베이터) | 3. [B4] 대합실로 이동 | 4. 대합실 방향 엘리베이터(으)로 2개 층 올라가기 (B4 → B2, 엘리베이터) | 5. [B2] 환승 대합실로 이동 | 6. [B2] 2호선 상왕십리 방면 승강장으로 이동 | 7. [B2] 승차 (휠체어칸)"
S1_5_0441,5호선,왕십리,3,환승,2,5호선 행당 방면 → 2호선 한양대 방면,B5 → B4 → B2 → B1 → B2,10,4,0,"[B5] 5호선 행당 방면 승강장 하차 → 대합실 방향 엘리베이터(으)로 1개 층 올라가기 (B5 → B4, 엘리베이터) → [B4] 대합실로 이동 → 대합실 방향 엘리베이터(으)로 2개 층 올라가기 (B4 → B2, 엘리베이터) → [B2] 환승 대합실로 이동 → 환승 대합실 방향 엘리베이터(으)로 1개 층 올라가기 (B2 → B1, 엘리베이터) → [B1] 환승대합실로 이동 → 2호선 한양대 방면 엘리베이터(으)로 1개 층 내려가기 (B1 → B2, 엘리베이터) → [B2] 2호선 한양대 방면 승강장으로 이동 → [B2] 승차 (휠체어칸)","1. [B5] 5호선 행당 방면 승강장 하차 | 2. 대합실 방향 엘리베이터(으)로 1개 층 올라가기 (B5 → B4, 엘리베이터) | 3. [B4] 대합실로 이동 | 4. 대합실 방향 엘리베이터(으)로 2개 층 올라가기 (B4 → B2, 엘리베이터) | 5. [B2] 환승 대합실로 이동 | 6. 환승 대합실 방향 엘리베이터(으)로 1개 층 올라가기 (B2 → B1, 엘리베이터) | 7. [B1] 환승대합실로 이동 | 8. 2호선 한양대 방면 엘리베이터(으)로 1개 층 내려가기 (B1 → B2, 엘리베이터) | 9. [B2] 2호선 한양대 방면 승강장으로 이동 | 10. [B2] 승차 (휠체어칸)"
S1_5_0441,5호선,왕십리,3,환승,3,5호선 마장 방면 → 2호선 상왕십리 방면,B5 → B4 → B2,7,2,0,"[B5] 5호선 마장 방면 승강장 하차 → 대합실 방향 엘리베이터(으)로 1개 층 올라가기 (B5 → B4, 엘리베이터) → [B4] 대합실로 이동 → 대합실 방향 엘리베이터(으)로 2개 층 올라가기 (B4 → B2, 엘리베이터) → [B2] 환승 대합실로 이동 → [B2] 2호선 상왕십리 방면 승강장으로 이동 → [B2] 승차 (휠체어칸)","1. [B5] 5호선 마장 방면 승강장 하차 | 2. 대합실 방향 엘리베이터(으)로 1개 층 올라가기 (B5 → B4, 엘리베이터) | 3. [B4] 대합실로 이동 | 4. 대합실 방향 엘리베이터(으)로 2개 층 올라가기 (B4 → B2, 엘리베이터) | 5. [B2] 환승 대합실로 이동 | 6. [B2] 2호선 상왕십리 방면 승강장으로 이동 | 7. [B2] 승차 (휠체어칸)"
S1_5_0441,5호선,왕십리,3,환승,4,5호선 마장 방면 → 2호선 한양대 방면,B5 → B4 → B2 → B1 → B2,10,4,0,"[B5] 5호선 마장 방면 승강장 하차 → 대합실 방향 엘리베이터(으)로 1개 층 올라가기 (B5 → B4, 엘리베이터) → [B4] 대합실로 이동 → 대합실 방향 엘리베이터(으)로 2개 층 올라가기 (B4 → B2, 엘리베이터) → [B2] 환승 대합실로 이동 → 환승 대합실 방향 엘리베이터(으)로 1개 층 올라가기 (B2 → B1, 엘리베이터) → [B1] 환승대합실로 이동 → 2호선 한양대 방면 엘리베이터(으)로 1개 층 내려가기 (B1 → B2, 엘리베이터) → [B2] 2호선 한양대 방면 승강장으로 이동 → [B2] 승차 (휠체어칸)","1. [B5] 5호선 마장 방면 승강장 하차 | 2. 대합실 방향 엘리베이터(으)로 1개 층 올라가기 (B5 → B4, 엘리베이터) | 3. [B4] 대합실로 이동 | 4. 대합실 방향 엘리베이터(으)로 2개 층 올라가기 (B4 → B2, 엘리베이터) | 5. [B2] 환승 대합실로 이동 | 6. 환승 대합실 방향 엘리베이터(으)로 1개 층 올라가기 (B2 → B1, 엘리베이터) | 7. [B1] 환승대합실로 이동 | 8. 2호선 한양대 방면 엘리베이터(으)로 1개 층 내려가기 (B1 → B2, 엘리베이터) | 9. [B2] 2호선 한양대 방면 승강장으로 이동 | 10. [B2] 승차 (휠체어칸)"
S1_5_0441,5호선,왕십리,3,환승,5,5호선 행당 방면 → 수인분당선 청량리 방면,B5 → B4 → B2 → B1 → 1F,10,4,0,"[B5] 5호선 행당 방면 승강장 하차 → 대합실 방향 엘리베이터(으)로 1개 층 올라가기 (B5 → B4, 엘리베이터) → [B4] 대합실로 이동 → 대합실 방향 엘리베이터(으)로 2개 층 올라가기 (B4 → B2, 엘리베이터) → [B2] 환승 대합실로 이동 → 환승 대합실 방향 엘리베이터(으)로 1개 층 올라가기 (B2 → B1, 엘리베이터) → [B1] 환승대합실로 이동 → 수인분당선 승강장 방향 엘리베이터(으)로 1개 층 올라가기 (B1 → 1F, 엘리베이터) → [1F] 수인분당선 청량리 방면 승강장으로 이동 → [1F] 승차 (휠체어칸)","1. [B5] 5호선 행당 방면 승강장 하차 | 2. 대합실 방향 엘리베이터(으)로 1개 층 올라가기 (B5 → B4, 엘리베이터) | 3. [B4] 대합실로 이동 | 4. 대합실 방향 엘리베이터(으)로 2개 층 올라가기 (B4 → B2, 엘리베이터) | 5. [B2] 환승 대합실로 이동 | 6. 환승 대합실 방향 엘리베이터(으)로 1개 층 올라가기 (B2 → B1, 엘리베이터) | 7. [B1] 환승대합실로 이동 | 8. 수인분당선 승강장 방향 엘리베이터(으)로 1개 층 올라가기 (B1 → 1F, 엘리베이터) | 9. [1F] 수인분당선 청량리 방면 승강장으로 이동 | 10. [1F] 승차 (휠체어칸)"
S1_5_0441,5호선,왕십리,3,환승,6, 5호선 행당 방면 → 수인분당선 서울숲 방면,B5 → B4 → B2 → B1 → 1F,10,4,0,"[B5] 5호선 행당 방면 승강장 하차 → 대합실 방향 엘리베이터(으)로 1개 층 올라가기 (B5 → B4, 엘리베이터) → [B4] 대합실로 이동 → 대합실 방향 엘리베이터(으)로 2개 층 올라가기 (B4 → B2, 엘리베이터) → [B2] 환승 대합실로 이동 → 환승 대합실 방향 엘리베이터(으)로 1개 층 올라가기 (B2 → B1, 엘리베이터) → [B1] 환승대합실로 이동 → 수인분당선 승강장 방향 엘리베이터(으)로 1개 층 올라가기 (B1 → 1F, 엘리베이터) → [1F] 수인분당선 서울숲 방면 승강장으로 이동 → [1F] 승차 (휠체어칸)","1. [B5] 5호선 행당 방면 승강장 하차 | 2. 대합실 방향 엘리베이터(으)로 1개 층 올라가기 (B5 → B4, 엘리베이터) | 3. [B4] 대합실로 이동 | 4. 대합실 방향 엘리베이터(으)로 2개 층 올라가기 (B4 → B2, 엘리베이터) | 5. [B2] 환승 대합실로 이동 | 6. 환승 대합실 방향 엘리베이터(으)로 1개 층 올라가기 (B2 → B1, 엘리베이터) | 7. [B1] 환승대합실로 이동 | 8. 수인분당선 승강장 방향 엘리베이터(으)로 1개 층 올라가기 (B1 → 1F, 엘리베이터) | 9. [1F] 수인분당선 서울숲 방면 승강장으로 이동 | 10. [1F] 승차 (휠체어칸)"
S1_5_0441,5호선,왕십리,3,환승,7,5호선 마장 방면 → 수인분당선 청량리 방면,B5 → B4 → B2 → B1 → 1F,10,4,0,"[B5] 5호선 마장 방면 승강장 하차 → 대합실 방향 엘리베이터(으)로 1개 층 올라가기 (B5 → B4, 엘리베이터) → [B4] 대합실로 이동 → 대합실 방향 엘리베이터(으)로 2개 층 올라가기 (B4 → B2, 엘리베이터) → [B2] 환승 대합실로 이동 → 환승 대합실 방향 엘리베이터(으)로 1개 층 올라가기 (B2 → B1, 엘리베이터) → [B1] 환승대합실로 이동 → 수인분당선 승강장 방향 엘리베이터(으)로 1개 층 올라가기 (B1 → 1F, 엘리베이터) → [1F] 수인분당선 청량리 방면 승강장으로 이동 → [1F] 승차 (휠체어칸)","1. [B5] 5호선 마장 방면 승강장 하차 | 2. 대합실 방향 엘리베이터(으)로 1개 층 올라가기 (B5 → B4, 엘리베이터) | 3. [B4] 대합실로 이동 | 4. 대합실 방향 엘리베이터(으)로 2개 층 올라가기 (B4 → B2, 엘리베이터) | 5. [B2] 환승 대합실로 이동 | 6. 환승 대합실 방향 엘리베이터(으)로 1개 층 올라가기 (B2 → B1, 엘리베이터) | 7. [B1] 환승대합실로 이동 | 8. 수인분당선 승강장 방향 엘리베이터(으)로 1개 층 올라가기 (B1 → 1F, 엘리베이터) | 9. [1F] 수인분당선 청량리 방면 승강장으로 이동 | 10. [1F] 승차 (휠체어칸)"
S1_5_0441,5호선,왕십리,3,환승,8,5호선 마장 방면 → 수인분당선 서울숲 방면,B5 → B4 → B2 → B1 → 1F,10,4,0,"[B5] 5호선 마장 방면 승강장 하차 → 대합실 방향 엘리베이터(으)로 1개 층 올라가기 (B5 → B4, 엘리베이터) → [B4] 대합실로 이동 → 대합실 방향 엘리베이터(으)로 2개 층 올라가기 (B4 → B2, 엘리베이터) → [B2] 환승 대합실로 이동 → 환승 대합실 방향 엘리베이터(으)로 1개 층 올라가기 (B2 → B1, 엘리베이터) → [B1] 환승대합실로 이동 → 수인분당선 승강장 방향 엘리베이터(으)로 1개 층 올라가기 (B1 → 1F, 엘리베이터) → [1F] 수인분당선 서울숲 방면 승강장으로 이동 → [1F] 승차 (휠체어칸)","1. [B5] 5호선 마장 방면 승강장 하차 | 2. 대합실 방향 엘리베이터(으)로 1개 층 올라가기 (B5 → B4, 엘리베이터) | 3. [B4] 대합실로 이동 | 4. 대합실 방향 엘리베이터(으)로 2개 층 올라가기 (B4 → B2, 엘리베이터) | 5. [B2] 환승 대합실로 이동 | 6. 환승 대합실 방향 엘리베이터(으)로 1개 층 올라가기 (B2 → B1, 엘리베이터) | 7. [B1] 환승대합실로 이동 | 8. 수인분당선 승강장 방향 엘리베이터(으)로 1개 층 올라가기 (B1 → 1F, 엘리베이터) | 9. [1F] 수인분당선 서울숲 방면 승강장으로 이동 | 10. [1F] 승차 (휠체어칸)"
S1_5_0441,5호선,왕십리,3,환승,9,5호선 행당 방면 → 경의중앙선 응봉 방면,B5 → B4 → B2 → B1 → 1F,10,4,0,"[B5] 5호선 행당 방면 승강장 하차 → 대합실 방향 엘리베이터(으)로 1개 층 올라가기 (B5 → B4, 엘리베이터) → [B4] 대합실로 이동 → 대합실 방향 엘리베이터(으)로 2개 층 올라가기 (B4 → B2, 엘리베이터) → [B2] 환승 대합실로 이동 → 환승 대합실 방향 엘리베이터(으)로 1개 층 올라가기 (B2 → B1, 엘리베이터) → [B1] 환승대합실로 이동 → 경의중앙선 승강장 방향 엘리베이터(으)로 1개 층 올라가기 (B1 → 1F, 엘리베이터) → [1F] 경의중앙선 응봉 방면 승강장으로 이동 → [1F] 승차 (휠체어칸)","1. [B5] 5호선 행당 방면 승강장 하차 | 2. 대합실 방향 엘리베이터(으)로 1개 층 올라가기 (B5 → B4, 엘리베이터) | 3. [B4] 대합실로 이동 | 4. 대합실 방향 엘리베이터(으)로 2개 층 올라가기 (B4 → B2, 엘리베이터) | 5. [B2] 환승 대합실로 이동 | 6. 환승 대합실 방향 엘리베이터(으)로 1개 층 올라가기 (B2 → B1, 엘리베이터) | 7. [B1] 환승대합실로 이동 | 8. 경의중앙선 승강장 방향 엘리베이터(으)로 1개 층 올라가기 (B1 → 1F, 엘리베이터) | 9. [1F] 경의중앙선 응봉 방면 승강장으로 이동 | 10. [1F] 승차 (휠체어칸)"
S1_5_0441,5호선,왕십리,3,환승,10,5호선 행당 방면 → 경의중앙선 청량리 방면,B5 → B4 → B2 → B1 → 1F,10,4,0,"[B5] 5호선 행당 방면 승강장 하차 → 대합실 방향 엘리베이터(으)로 1개 층 올라가기 (B5 → B4, 엘리베이터) → [B4] 대합실로 이동 → 대합실 방향 엘리베이터(으)로 2개 층 올라가기 (B4 → B2, 엘리베이터) → [B2] 환승 대합실로 이동 → 환승 대합실 방향 엘리베이터(으)로 1개 층 올라가기 (B2 → B1, 엘리베이터) → [B1] 환승대합실로 이동 → 경의중앙선 승강장 방향 엘리베이터(으)로 1개 층 올라가기 (B1 → 1F, 엘리베이터) → [1F] 경의중앙선 청량리 방면 승강장으로 이동 → [1F] 승차 (휠체어칸)","1. [B5] 5호선 행당 방면 승강장 하차 | 2. 대합실 방향 엘리베이터(으)로 1개 층 올라가기 (B5 → B4, 엘리베이터) | 3. [B4] 대합실로 이동 | 4. 대합실 방향 엘리베이터(으)로 2개 층 올라가기 (B4 → B2, 엘리베이터) | 5. [B2] 환승 대합실로 이동 | 6. 환승 대합실 방향 엘리베이터(으)로 1개 층 올라가기 (B2 → B1, 엘리베이터) | 7. [B1] 환승대합실로 이동 | 8. 경의중앙선 승강장 방향 엘리베이터(으)로 1개 층 올라가기 (B1 → 1F, 엘리베이터) | 9. [1F] 경의중앙선 청량리 방면 승강장으로 이동 | 10. [1F] 승차 (휠체어칸)"
S1_5_0441,5호선,왕십리,3,환승,11,5호선 마장 방면 → 경의중앙선 응봉 방면,B5 → B4 → B2 → B1 → 1F,10,4,0,"[B5] 5호선 마장 방면 승강장 하차 → 대합실 방향 엘리베이터(으)로 1개 층 올라가기 (B5 → B4, 엘리베이터) → [B4] 대합실로 이동 → 대합실 방향 엘리베이터(으)로 2개 층 올라가기 (B4 → B2, 엘리베이터) → [B2] 환승 대합실로 이동 → 환승 대합실 방향 엘리베이터(으)로 1개 층 올라가기 (B2 → B1, 엘리베이터) → [B1] 환승대합실로 이동 → 경의중앙선 승강장 방향 엘리베이터(으)로 1개 층 올라가기 (B1 → 1F, 엘리베이터) → [1F] 경의중앙선 응봉 방면 승강장으로 이동 → [1F] 승차 (휠체어칸)","1. [B5] 5호선 마장 방면 승강장 하차 | 2. 대합실 방향 엘리베이터(으)로 1개 층 올라가기 (B5 → B4, 엘리베이터) | 3. [B4] 대합실로 이동 | 4. 대합실 방향 엘리베이터(으)로 2개 층 올라가기 (B4 → B2, 엘리베이터) | 5. [B2] 환승 대합실로 이동 | 6. 환승 대합실 방향 엘리베이터(으)로 1개 층 올라가기 (B2 → B1, 엘리베이터) | 7. [B1] 환승대합실로 이동 | 8. 경의중앙선 승강장 방향 엘리베이터(으)로 1개 층 올라가기 (B1 → 1F, 엘리베이터) | 9. [1F] 경의중앙선 응봉 방면 승강장으로 이동 | 10. [1F] 승차 (휠체어칸)"
S1_5_0441,5호선,왕십리,3,환승,12, 5호선 마장 방면 → 경의중앙선 청량리 방면,B5 → B4 → B2 → B1 → 1F,10,4,0,"[B5] 5호선 마장 방면 승강장 하차 → 대합실 방향 엘리베이터(으)로 1개 층 올라가기 (B5 → B4, 엘리베이터) → [B4] 대합실로 이동 → 대합실 방향 엘리베이터(으)로 2개 층 올라가기 (B4 → B2, 엘리베이터) → [B2] 환승 대합실로 이동 → 환승 대합실 방향 엘리베이터(으)로 1개 층 올라가기 (B2 → B1, 엘리베이터) → [B1] 환승대합실로 이동 → 경의중앙선 승강장 방향 엘리베이터(으)로 1개 층 올라가기 (B1 → 1F, 엘리베이터) → [1F] 경의중앙선 청량리 방면 승강장으로 이동 → [1F] 승차 (휠체어칸)","1. [B5] 5호선 마장 방면 승강장 하차 | 2. 대합실 방향 엘리베이터(으)로 1개 층 올라가기 (B5 → B4, 엘리베이터) | 3. [B4] 대합실로 이동 | 4. 대합실 방향 엘리베이터(으)로 2개 층 올라가기 (B4 → B2, 엘리베이터) | 5. [B2] 환승 대합실로 이동 | 6. 환승 대합실 방향 엘리베이터(으)로 1개 층 올라가기 (B2 → B1, 엘리베이터) | 7. [B1] 환승대합실로 이동 | 8. 경의중앙선 승강장 방향 엘리베이터(으)로 1개 층 올라가기 (B1 → 1F, 엘리베이터) | 9. [1F] 경의중앙선 청량리 방면 승강장으로 이동 | 10. [1F] 승차 (휠체어칸)"
S1_5_0182,5호선,마장,1,출입구-승강장,1,2번 출입구 옆 엘리베이터 → 왕십리 방면,1F → B2 → B3,6,2,0,"2번 출입구 옆 엘리베이터(으)로 2개 층 내려가기 (1F → B2, 엘리베이터) → [B2] 대합실로 이동 → [B2] 표 내는 곳 통과 → 왕십리 방면 엘리베이터(으)로 1개 층 내려가기 (B2 → B3, 엘리베이터) → [B3] 왕십리 방면 승강장으로 이동 → [B3] 승차 (휠체어칸)","1. 2번 출입구 옆 엘리베이터(으)로 2개 층 내려가기 (1F → B2, 엘리베이터) | 2. [B2] 대합실로 이동 | 3. [B2] 표 내는 곳 통과 | 4. 왕십리 방면 엘리베이터(으)로 1개 층 내려가기 (B2 → B3, 엘리베이터) | 5. [B3] 왕십리 방면 승강장으로 이동 | 6. [B3] 승차 (휠체어칸)"
S1_5_0182,5호선,마장,1,출입구-승강장,2,2번 출입구 옆 엘리베이터 → 답십리 방면,1F → B2 → B3,6,2,0,"2번 출입구 옆 엘리베이터(으)로 2개 층 내려가기 (1F → B2, 엘리베이터) → [B2] 대합실로 이동 → [B2] 표 내는 곳 통과 → 답십리 방면 엘리베이터(으)로 1개 층 내려가기 (B2 → B3, 엘리베이터) → [B3] 답십리 방면 승강장으로 이동 → [B3] 승차 (휠체어칸)","1. 2번 출입구 옆 엘리베이터(으)로 2개 층 내려가기 (1F → B2, 엘리베이터) | 2. [B2] 대합실로 이동 | 3. [B2] 표 내는 곳 통과 | 4. 답십리 방면 엘리베이터(으)로 1개 층 내려가기 (B2 → B3, 엘리베이터) | 5. [B3] 답십리 방면 승강장으로 이동 | 6. [B3] 승차 (휠체어칸)"
S1_5_0124,5호선,답십리,1,출입구-승강장,1,2번 출입구 옆 엘리베이터 → 마장 방면,1F → B2 → B3,6,1,0,"2번 출입구 옆 엘리베이터(으)로 2개 층 내려가기 (1F → B2, 엘리베이터) → [B2] 대합실로 이동 → [B2] 승차 태그 후 승강장 방향 엘리베이터 탑승 → [B3] 승강장으로 이동 → [B3] 마장 방면 승강장으로 이동 → [B3] 승차(휠체어칸)","1. 2번 출입구 옆 엘리베이터(으)로 2개 층 내려가기 (1F → B2, 엘리베이터) | 2. [B2] 대합실로 이동 | 3. [B2] 승차 태그 후 승강장 방향 엘리베이터 탑승 | 4. [B3] 승강장으로 이동 | 5. [B3] 마장 방면 승강장으로 이동 | 6. [B3] 승차(휠체어칸)"
S1_5_0124,5호선,답십리,1,출입구-승강장,2, 2번 출입구 옆 엘리베이터 → 장한평 방면,1F → B2 → B3,6,1,0,"2번 출입구 옆 엘리베이터(으)로 2개 층 내려가기 (1F → B2, 엘리베이터) → [B2] 대합실로 이동 → [B2] 승차 태그 후 승강장 방향 엘리베이터 탑승 → [B3] 승강장으로 이동 → [B3] 장한평 방면 승강장으로 이동 → [B3] 승차(휠체어칸)","1. 2번 출입구 옆 엘리베이터(으)로 2개 층 내려가기 (1F → B2, 엘리베이터) | 2. [B2] 대합실로 이동 | 3. [B2] 승차 태그 후 승강장 방향 엘리베이터 탑승 | 4. [B3] 승강장으로 이동 | 5. [B3] 장한평 방면 승강장으로 이동 | 6. [B3] 승차(휠체어칸)"
S1_5_0124,5호선,답십리,1,출입구-승강장,3,6번 출입구 옆 엘리베이터 → 마장 방면,1F → B2 → B3,6,1,0,"6번 출입구 옆 엘리베이터(으)로 2개 층 내려가기 (1F → B2, 엘리베이터) → [B2] 대합실로 이동 → [B2] 승차 태그 후 승강장 방향 엘리베이터 탑승 → [B3] 승강장으로 이동 → [B3] 마장 방면 승강장으로 이동 → [B3] 승차(휠체어칸)","1. 6번 출입구 옆 엘리베이터(으)로 2개 층 내려가기 (1F → B2, 엘리베이터) | 2. [B2] 대합실로 이동 | 3. [B2] 승차 태그 후 승강장 방향 엘리베이터 탑승 | 4. [B3] 승강장으로 이동 | 5. [B3] 마장 방면 승강장으로 이동 | 6. [B3] 승차(휠체어칸)"
S1_5_0124,5호선,답십리,1,출입구-승강장,4,6번 출입구 옆 엘리베이터 → 장한평 방면,1F → B2 → B3,6,1,0,"6번 출입구 옆 엘리베이터(으)로 2개 층 내려가기 (1F → B2, 엘리베이터) → [B2] 대합실로 이동 → [B2] 승차 태그 후 승강장 방향 엘리베이터 탑승 → [B3] 승강장으로 이동 → [B3] 장한평 방면 승강장으로 이동 → [B3] 승차(휠체어칸)","1. 6번 출입구 옆 엘리베이터(으)로 2개 층 내려가기 (1F → B2, 엘리베이터) | 2. [B2] 대합실로 이동 | 3. [B2] 승차 태그 후 승강장 방향 엘리베이터 탑승 | 4. [B3] 승강장으로 이동 | 5. [B3] 장한평 방면 승강장으로 이동 | 6. [B3] 승차(휠체어칸)"
S1_5_0505,5호선,장한평,1,출입구-승강장,1,1번 출입구 옆 엘리베이터 → 답십리 방면,1F → B2 → B3,6,2,0,"1번 출입구 옆 엘리베이터(으)로 2개 층 내려가기 (1F → B2, 엘리베이터) → [B2] 대합실로 이동 → [B2] 표 내는 곳 통과 → 승강장 방향 엘리베이터(으)로 1개 층 내려가기 (B2 → B3, 엘리베이터) → [B3] 답십리 방면 승강장으로 이동 → [B3] 승차 (휠체어칸)","1. 1번 출입구 옆 엘리베이터(으)로 2개 층 내려가기 (1F → B2, 엘리베이터) | 2. [B2] 대합실로 이동 | 3. [B2] 표 내는 곳 통과 | 4. 승강장 방향 엘리베이터(으)로 1개 층 내려가기 (B2 → B3, 엘리베이터) | 5. [B3] 답십리 방면 승강장으로 이동 | 6. [B3] 승차 (휠체어칸)"
S1_5_0505,5호선,장한평,1,출입구-승강장,2,1번 출입구 옆 엘리베이터 → 군자 방면,1F → B2 → B3,6,2,0,"1번 출입구 옆 엘리베이터(으)로 2개 층 내려가기 (1F → B2, 엘리베이터) → [B2] 대합실로 이동 → [B2] 표 내는 곳 통과 → 승강장 방향 엘리베이터(으)로 1개 층 내려가기 (B2 → B3, 엘리베이터) → [B3] 군자 방면 승강장으로 이동 → [B3] 승차 (휠체어칸)","1. 1번 출입구 옆 엘리베이터(으)로 2개 층 내려가기 (1F → B2, 엘리베이터) | 2. [B2] 대합실로 이동 | 3. [B2] 표 내는 곳 통과 | 4. 승강장 방향 엘리베이터(으)로 1개 층 내려가기 (B2 → B3, 엘리베이터) | 5. [B3] 군자 방면 승강장으로 이동 | 6. [B3] 승차 (휠체어칸)"
S1_5_0505,5호선,장한평,1,출입구-승강장,3,7번 출입구 옆 엘리베이터 → 답십리 방면,1F → B2 → B3,6,2,0,"7번 출입구 옆 엘리베이터(으)로 2개 층 내려가기 (1F → B2, 엘리베이터) → [B2] 대합실로 이동 → [B2] 표 내는 곳 통과 → 승강장 방향 엘리베이터(으)로 1개 층 내려가기 (B2 → B3, 엘리베이터) → [B3] 답십리 방면 승강장으로 이동 → [B3] 승차 (휠체어칸)","1. 7번 출입구 옆 엘리베이터(으)로 2개 층 내려가기 (1F → B2, 엘리베이터) | 2. [B2] 대합실로 이동 | 3. [B2] 표 내는 곳 통과 | 4. 승강장 방향 엘리베이터(으)로 1개 층 내려가기 (B2 → B3, 엘리베이터) | 5. [B3] 답십리 방면 승강장으로 이동 | 6. [B3] 승차 (휠체어칸)"
S1_5_0505,5호선,장한평,1,출입구-승강장,4,7번 출입구 옆 엘리베이터 → 군자 방면,1F → B2 → B3,6,2,0,"7번 출입구 옆 엘리베이터(으)로 2개 층 내려가기 (1F → B2, 엘리베이터) → [B2] 대합실로 이동 → [B2] 표 내는 곳 통과 → 승강장 방향 엘리베이터(으)로 1개 층 내려가기 (B2 → B3, 엘리베이터) → [B3] 군자 방면 승강장으로 이동 → [B3] 승차 (휠체어칸)","1. 7번 출입구 옆 엘리베이터(으)로 2개 층 내려가기 (1F → B2, 엘리베이터) | 2. [B2] 대합실로 이동 | 3. [B2] 표 내는 곳 통과 | 4. 승강장 방향 엘리베이터(으)로 1개 층 내려가기 (B2 → B3, 엘리베이터) | 5. [B3] 군자 방면 승강장으로 이동 | 6. [B3] 승차 (휠체어칸)"
S1_5_0082,5호선,군자,1,출입구-승강장,1,4번 출입구 옆 엘리베이터 → 장한평 방면,1F → B1 → B2,6,2,0,"4번 출입구 옆 엘리베이터(으)로 1개 층 내려가기 (1F → B1, 엘리베이터) → [B1] 대합실로 이동 → [B1] 표 내는 곳 통과 → 승강장 방향 엘리베이터(으)로 1개 층 내려가기 (B1 → B2, 엘리베이터) → [B2] 장한평 방면 승강장으로 이동 → [B2] 승차 (휠체어칸)","1. 4번 출입구 옆 엘리베이터(으)로 1개 층 내려가기 (1F → B1, 엘리베이터) | 2. [B1] 대합실로 이동 | 3. [B1] 표 내는 곳 통과 | 4. 승강장 방향 엘리베이터(으)로 1개 층 내려가기 (B1 → B2, 엘리베이터) | 5. [B2] 장한평 방면 승강장으로 이동 | 6. [B2] 승차 (휠체어칸)"
S1_5_0082,5호선,군자,1,출입구-승강장,2, 4번 출입구 옆 엘리베이터 → 아차산 방면,1F → B1 → B2,6,2,0,"4번 출입구 옆 엘리베이터(으)로 1개 층 내려가기 (1F → B1, 엘리베이터) → [B1] 대합실로 이동 → [B1] 표 내는 곳 통과 → 승강장 방향 엘리베이터(으)로 1개 층 내려가기 (B1 → B2, 엘리베이터) → [B2] 아차산 방면 승강장으로 이동 → [B2] 승차 (휠체어칸)","1. 4번 출입구 옆 엘리베이터(으)로 1개 층 내려가기 (1F → B1, 엘리베이터) | 2. [B1] 대합실로 이동 | 3. [B1] 표 내는 곳 통과 | 4. 승강장 방향 엘리베이터(으)로 1개 층 내려가기 (B1 → B2, 엘리베이터) | 5. [B2] 아차산 방면 승강장으로 이동 | 6. [B2] 승차 (휠체어칸)"
S1_5_0082,5호선,군자,1,출입구-승강장,3,7번 출입구 옆 엘리베이터 → 장한평 방면,1F → B1 → B2,6,2,0,"7번 출입구 옆 엘리베이터(으)로 1개 층 내려가기 (1F → B1, 엘리베이터) → [B1] 대합실로 이동 → [B1] 표 내는 곳 통과 → 승강장 방향 엘리베이터(으)로 1개 층 내려가기 (B1 → B2, 엘리베이터) → [B2] 장한평 방면 승강장으로 이동 → [B2] 승차 (휠체어칸)","1. 7번 출입구 옆 엘리베이터(으)로 1개 층 내려가기 (1F → B1, 엘리베이터) | 2. [B1] 대합실로 이동 | 3. [B1] 표 내는 곳 통과 | 4. 승강장 방향 엘리베이터(으)로 1개 층 내려가기 (B1 → B2, 엘리베이터) | 5. [B2] 장한평 방면 승강장으로 이동 | 6. [B2] 승차 (휠체어칸)"
S1_5_0082,5호선,군자,1,출입구-승강장,4,7번 출입구 옆 엘리베이터 → 아차산 방면,1F → B1 → B2,6,2,0,"7번 출입구 옆 엘리베이터(으)로 1개 층 내려가기 (1F → B1, 엘리베이터) → [B1] 대합실로 이동 → [B1] 표 내는 곳 통과 → 승강장 방향 엘리베이터(으)로 1개 층 내려가기 (B1 → B2, 엘리베이터) → [B2] 아차산 방면 승강장으로 이동 → [B2] 승차 (휠체어칸)","1. 7번 출입구 옆 엘리베이터(으)로 1개 층 내려가기 (1F → B1, 엘리베이터) | 2. [B1] 대합실로 이동 | 3. [B1] 표 내는 곳 통과 | 4. 승강장 방향 엘리베이터(으)로 1개 층 내려가기 (B1 → B2, 엘리베이터) | 5. [B2] 아차산 방면 승강장으로 이동 | 6. [B2] 승차 (휠체어칸)"
S1_5_0082,5호선,군자,3,환승,1,5호선 장한평 방면 → 7호선 중곡 방면,B2 → B3,4,1,0,"[B2] 5호선 장한평 방면 승강장 하차 → 7호선 중곡 방면 엘리베이터(으)로 1개 층 내려가기 (B2 → B3, 엘리베이터) → [B3] 7호선 중곡 방면 승강장으로 이동 → [B3] 승차 (휠체어칸)","1. [B2] 5호선 장한평 방면 승강장 하차 | 2. 7호선 중곡 방면 엘리베이터(으)로 1개 층 내려가기 (B2 → B3, 엘리베이터) | 3. [B3] 7호선 중곡 방면 승강장으로 이동 | 4. [B3] 승차 (휠체어칸)"
S1_5_0082,5호선,군자,3,환승,2, 5호선 장한평 방면 → 7호선 어린이대공원 방면,B2 → B3,4,1,0,"[B2] 5호선 장한평 방면 승강장 하차 → 7호선 어린이대공원 방면 엘리베이터(으)로 1개 층 내려가기 (B2 → B3, 엘리베이터) → [B3] 7호선 어린이대공원 방면 승강장으로 이동 → [B3] 승차 (휠체어칸)","1. [B2] 5호선 장한평 방면 승강장 하차 | 2. 7호선 어린이대공원 방면 엘리베이터(으)로 1개 층 내려가기 (B2 → B3, 엘리베이터) | 3. [B3] 7호선 어린이대공원 방면 승강장으로 이동 | 4. [B3] 승차 (휠체어칸)"
S1_5_0082,5호선,군자,3,환승,3,5호선 아차산 방면 → 7호선 중곡 방면,B2 → B3,4,1,0,"[B2] 5호선 아차산 방면 승강장 하차 → 7호선 중곡 방면 엘리베이터(으)로 1개 층 내려가기 (B2 → B3, 엘리베이터) → [B3] 7호선 중곡 방면 승강장으로 이동 → [B3] 승차 (휠체어칸)","1. [B2] 5호선 아차산 방면 승강장 하차 | 2. 7호선 중곡 방면 엘리베이터(으)로 1개 층 내려가기 (B2 → B3, 엘리베이터) | 3. [B3] 7호선 중곡 방면 승강장으로 이동 | 4. [B3] 승차 (휠체어칸)"
S1_5_0082,5호선,군자,3,환승,4,5호선 아차산 방면 → 7호선 어린이대공원 방면,B2 → B3,4,1,0,"[B2] 5호선 아차산 방면 승강장 하차 → 7호선 어린이대공원 방면 엘리베이터(으)로 1개 층 내려가기 (B2 → B3, 엘리베이터) → [B3] 7호선 어린이대공원 방면 승강장으로 이동 → [B3] 승차 (휠체어칸)","1. [B2] 5호선 아차산 방면 승강장 하차 | 2. 7호선 어린이대공원 방면 엘리베이터(으)로 1개 층 내려가기 (B2 → B3, 엘리베이터) | 3. [B3] 7호선 어린이대공원 방면 승강장으로 이동 | 4. [B3] 승차 (휠체어칸)"
S1_5_0385,5호선,아차산,1,출입구-승강장,1,4번 출입구 옆 엘리베이터 → 군자 방면,1F → B1 → B3,6,2,0,"4번 출입구 옆 엘리베이터(으)로 1개 층 내려가기 (1F → B1, 엘리베이터) → [B1] 대합실로 이동 → [B1] 표 내는 곳 통과 → 군자 방면 엘리베이터(으)로 2개 층 내려가기 (B1 → B3, 엘리베이터) → [B3] 군자 방면 승강장으로 이동 → [B3] 승차 (휠체어칸)","1. 4번 출입구 옆 엘리베이터(으)로 1개 층 내려가기 (1F → B1, 엘리베이터) | 2. [B1] 대합실로 이동 | 3. [B1] 표 내는 곳 통과 | 4. 군자 방면 엘리베이터(으)로 2개 층 내려가기 (B1 → B3, 엘리베이터) | 5. [B3] 군자 방면 승강장으로 이동 | 6. [B3] 승차 (휠체어칸)"
S1_5_0385,5호선,아차산,1,출입구-승강장,2,4번 출입구 옆 엘리베이터 → 광나루 방면,1F → B1 → B3,6,2,0,"4번 출입구 옆 엘리베이터(으)로 1개 층 내려가기 (1F → B1, 엘리베이터) → [B1] 대합실로 이동 → [B1] 표 내는 곳 통과 → 광나루 방면 엘리베이터(으)로 2개 층 내려가기 (B1 → B3, 엘리베이터) → [B3] 광나루 방면 승강장으로 이동 → [B3] 승차 (휠체어칸)","1. 4번 출입구 옆 엘리베이터(으)로 1개 층 내려가기 (1F → B1, 엘리베이터) | 2. [B1] 대합실로 이동 | 3. [B1] 표 내는 곳 통과 | 4. 광나루 방면 엘리베이터(으)로 2개 층 내려가기 (B1 → B3, 엘리베이터) | 5. [B3] 광나루 방면 승강장으로 이동 | 6. [B3] 승차 (휠체어칸)"
S1_5_0062,5호선,광나루,1,출입구-승강장,1,1번 출입구 옆 엘리베이터 → 아차산 방면,1F → B2 → B3,6,2,0,"1번 출입구 옆 엘리베이터(으)로 2개 층 내려가기 (1F → B2, 엘리베이터) → [B2] 대합실로 이동 → [B2] 표 내는 곳 통과 → 아차산 방면 엘리베이터(으)로 1개 층 내려가기 (B2 → B3, 엘리베이터) → [B3] 아차산 방면 승강장으로 이동 → [B3] 승차 (휠체어칸)","1. 1번 출입구 옆 엘리베이터(으)로 2개 층 내려가기 (1F → B2, 엘리베이터) | 2. [B2] 대합실로 이동 | 3. [B2] 표 내는 곳 통과 | 4. 아차산 방면 엘리베이터(으)로 1개 층 내려가기 (B2 → B3, 엘리베이터) | 5. [B3] 아차산 방면 승강장으로 이동 | 6. [B3] 승차 (휠체어칸)"
S1_5_0062,5호선,광나루,1,출입구-승강장,2,1번 출입구 옆 엘리베이터 → 천호 방면,1F → B2 → B3,6,2,0,"1번 출입구 옆 엘리베이터(으)로 2개 층 내려가기 (1F → B2, 엘리베이터) → [B2] 대합실로 이동 → [B2] 표 내는 곳 통과 → 천호 방면 엘리베이터(으)로 1개 층 내려가기 (B2 → B3, 엘리베이터) → [B3] 천호 방면 승강장으로 이동 → [B3] 승차 (휠체어칸)","1. 1번 출입구 옆 엘리베이터(으)로 2개 층 내려가기 (1F → B2, 엘리베이터) | 2. [B2] 대합실로 이동 | 3. [B2] 표 내는 곳 통과 | 4. 천호 방면 엘리베이터(으)로 1개 층 내려가기 (B2 → B3, 엘리베이터) | 5. [B3] 천호 방면 승강장으로 이동 | 6. [B3] 승차 (휠체어칸)"
S1_5_0546,5호선,천호,1,출입구-승강장,1,6번 출입구 옆 엘리베이터 → 광나루 방면,1F → B1 → B2 → B3,7,2,0,"6번 출입구 옆 엘리베이터(으)로 1개 층 내려가기 (1F → B1, 엘리베이터) → [B1] 대합실로 이동 → [B1] 대합실 방향 엘리베이터 앞 표 내는 곳 통과 → [B2] 대합실로 이동 → 광나루 방면 엘리베이터(으)로 1개 층 내려가기 (B2 → B3, 엘리베이터) → [B3] 광나루 방면 승강장으로 이동 → [B3] 승차(휠체어칸)","1. 6번 출입구 옆 엘리베이터(으)로 1개 층 내려가기 (1F → B1, 엘리베이터) | 2. [B1] 대합실로 이동 | 3. [B1] 대합실 방향 엘리베이터 앞 표 내는 곳 통과 | 4. [B2] 대합실로 이동 | 5. 광나루 방면 엘리베이터(으)로 1개 층 내려가기 (B2 → B3, 엘리베이터) | 6. [B3] 광나루 방면 승강장으로 이동 | 7. [B3] 승차(휠체어칸)"
S1_5_0546,5호선,천호,1,출입구-승강장,2,6번 출입구 옆 엘리베이터 → 강동 방면,1F → B1 → B2 → B3,7,2,0,"6번 출입구 옆 엘리베이터(으)로 1개 층 내려가기 (1F → B1, 엘리베이터) → [B1] 대합실로 이동 → [B1] 대합실 방향 엘리베이터 앞 표 내는 곳 통과 → [B2] 대합실로 이동 → 강동 방면 엘리베이터(으)로 1개 층 내려가기 (B2 → B3, 엘리베이터) → [B3] 강동 방면 승강장으로 이동 → [B3] 승차(휠체어칸)","1. 6번 출입구 옆 엘리베이터(으)로 1개 층 내려가기 (1F → B1, 엘리베이터) | 2. [B1] 대합실로 이동 | 3. [B1] 대합실 방향 엘리베이터 앞 표 내는 곳 통과 | 4. [B2] 대합실로 이동 | 5. 강동 방면 엘리베이터(으)로 1개 층 내려가기 (B2 → B3, 엘리베이터) | 6. [B3] 강동 방면 승강장으로 이동 | 7. [B3] 승차(휠체어칸)"
S1_5_0546,5호선,천호,3,환승,1,5호선 광나루 방면 → 8호선 암사 방면,B3 → B2 → B1 → B2,8,3,0,"[B3] 5호선 광나루 방면 승강장 하차 → 대합실 방향 엘리베이터(으)로 1개 층 올라가기 (B3 → B2, 엘리베이터) → [B2] 대합실로 이동 → 대합실 방향 엘리베이터(으)로 1개 층 올라가기 (B2 → B1, 엘리베이터) → [B1] 대합실로 이동 → 8호선 암사 방면 엘리베이터(으)로 1개 층 내려가기 (B1 → B2, 엘리베이터) → [B2] 8호선 암사 방면 승강장으로 이동 → [B2] 승차 (휠체어칸)","1. [B3] 5호선 광나루 방면 승강장 하차 | 2. 대합실 방향 엘리베이터(으)로 1개 층 올라가기 (B3 → B2, 엘리베이터) | 3. [B2] 대합실로 이동 | 4. 대합실 방향 엘리베이터(으)로 1개 층 올라가기 (B2 → B1, 엘리베이터) | 5. [B1] 대합실로 이동 | 6. 8호선 암사 방면 엘리베이터(으)로 1개 층 내려가기 (B1 → B2, 엘리베이터) | 7. [B2] 8호선 암사 방면 승강장으로 이동 | 8. [B2] 승차 (휠체어칸)"
S1_5_0546,5호선,천호,3,환승,2,5호선 광나루 방면 → 8호선 강동구청 방면,B3 → B2 → B1 → B2,8,3,0,"[B3] 5호선 광나루 방면 승강장 하차 → 대합실 방향 엘리베이터(으)로 1개 층 올라가기 (B3 → B2, 엘리베이터) → [B2] 대합실로 이동 → 대합실 방향 엘리베이터(으)로 1개 층 올라가기 (B2 → B1, 엘리베이터) → [B1] 대합실로 이동 → 8호선 강동구청 방면 엘리베이터(으)로 1개 층 내려가기 (B1 → B2, 엘리베이터) → [B2] 8호선 강동구청 방면 승강장으로 이동 → [B2] 승차 (휠체어칸)","1. [B3] 5호선 광나루 방면 승강장 하차 | 2. 대합실 방향 엘리베이터(으)로 1개 층 올라가기 (B3 → B2, 엘리베이터) | 3. [B2] 대합실로 이동 | 4. 대합실 방향 엘리베이터(으)로 1개 층 올라가기 (B2 → B1, 엘리베이터) | 5. [B1] 대합실로 이동 | 6. 8호선 강동구청 방면 엘리베이터(으)로 1개 층 내려가기 (B1 → B2, 엘리베이터) | 7. [B2] 8호선 강동구청 방면 승강장으로 이동 | 8. [B2] 승차 (휠체어칸)"
S1_5_0546,5호선,천호,3,환승,3,5호선 강동 방면 → 8호선 암사 방면,B3 → B2 → B1 → B2,8,3,0,"[B3] 5호선 강동 방면 승강장 하차 → 대합실 방향 엘리베이터(으)로 1개 층 올라가기 (B3 → B2, 엘리베이터) → [B2] 대합실로 이동 → 대합실 방향 엘리베이터(으)로 1개 층 올라가기 (B2 → B1, 엘리베이터) → [B1] 대합실로 이동 → 8호선 암사 방면 엘리베이터(으)로 1개 층 내려가기 (B1 → B2, 엘리베이터) → [B2] 8호선 암사 방면 승강장으로 이동 → [B2] 승차 (휠체어칸)","1. [B3] 5호선 강동 방면 승강장 하차 | 2. 대합실 방향 엘리베이터(으)로 1개 층 올라가기 (B3 → B2, 엘리베이터) | 3. [B2] 대합실로 이동 | 4. 대합실 방향 엘리베이터(으)로 1개 층 올라가기 (B2 → B1, 엘리베이터) | 5. [B1] 대합실로 이동 | 6. 8호선 암사 방면 엘리베이터(으)로 1개 층 내려가기 (B1 → B2, 엘리베이터) | 7. [B2] 8호선 암사 방면 승강장으로 이동 | 8. [B2] 승차 (휠체어칸)"
S1_5_0546,5호선,천호,3,환승,4,5호선 강동 방면 → 8호선 강동구청 방면,B3 → B2 → B1 → B2,8,3,0,"[B3] 5호선 강동 방면 승강장 하차 → 대합실 방향 엘리베이터(으)로 1개 층 올라가기 (B3 → B2, 엘리베이터) → [B2] 대합실로 이동 → 대합실 방향 엘리베이터(으)로 1개 층 올라가기 (B2 → B1, 엘리베이터) → [B1] 대합실로 이동 → 8호선 강동구청 방면 엘리베이터(으)로 1개 층 내려가기 (B1 → B2, 엘리베이터) → [B2] 8호선 강동구청 방면 승강장으로 이동 → [B2] 승차 (휠체어칸)","1. [B3] 5호선 강동 방면 승강장 하차 | 2. 대합실 방향 엘리베이터(으)로 1개 층 올라가기 (B3 → B2, 엘리베이터) | 3. [B2] 대합실로 이동 | 4. 대합실 방향 엘리베이터(으)로 1개 층 올라가기 (B2 → B1, 엘리베이터) | 5. [B1] 대합실로 이동 | 6. 8호선 강동구청 방면 엘리베이터(으)로 1개 층 내려가기 (B1 → B2, 엘리베이터) | 7. [B2] 8호선 강동구청 방면 승강장으로 이동 | 8. [B2] 승차 (휠체어칸)"
S1_5_0020,5호선,강동,1,출입구-승강장,1,1번 출입구 근처 엘리베이터  → 천호 방면,1F → B3 → B4,6,2,0,"1번 출입구 옆 엘리베이터(으)로 3개 층 내려가기 (1F → B3, 엘리베이터) → [B3] 대합실로 이동 → [B3] 표 내는 곳 통과 → 천호 방면 엘리베이터(으)로 1개 층 내려가기 (B3 → B4, 엘리베이터) → [B4] 천호 방면 승강장으로 이동 → [B4] 승차 (휠체어칸)","1. 1번 출입구 옆 엘리베이터(으)로 3개 층 내려가기 (1F → B3, 엘리베이터) | 2. [B3] 대합실로 이동 | 3. [B3] 표 내는 곳 통과 | 4. 천호 방면 엘리베이터(으)로 1개 층 내려가기 (B3 → B4, 엘리베이터) | 5. [B4] 천호 방면 승강장으로 이동 | 6. [B4] 승차 (휠체어칸)"
S1_5_0020,5호선,강동,1,출입구-승강장,2,"1번 출입구 근처 엘리베이터 → 길동, 둔촌동 방면",1F → B3 → B4,6,2,0,"1번 출입구 옆 엘리베이터(으)로 3개 층 내려가기 (1F → B3, 엘리베이터) → [B3] 대합실로 이동 → [B3] 표 내는 곳 통과 → 길동, 둔촌동 방면 엘리베이터(으)로 1개 층 내려가기 (B3 → B4, 엘리베이터) → [B4] 길동, 둔촌동 방면 승강장으로 이동 → [B4] 승차 (휠체어칸)","1. 1번 출입구 옆 엘리베이터(으)로 3개 층 내려가기 (1F → B3, 엘리베이터) | 2. [B3] 대합실로 이동 | 3. [B3] 표 내는 곳 통과 | 4. 길동, 둔촌동 방면 엘리베이터(으)로 1개 층 내려가기 (B3 → B4, 엘리베이터) | 5. [B4] 길동, 둔촌동 방면 승강장으로 이동 | 6. [B4] 승차 (휠체어칸)"
S1_5_0020,5호선,강동,1,출입구-승강장,3,2-1번 출입구 근처 엘리베이터  → 천호 방면,1F → B1 → B3 → B4,7,2,0,"2-1번 출입구 옆 엘리베이터(으)로 1개 층 내려가기 (1F → B1, 엘리베이터) → [B1] 지하1층 대합실로 이동 → [B3] 지하3층 대합실로 이동 → [B3] 표 내는 곳 통과 → 천호 방면 엘리베이터(으)로 1개 층 내려가기 (B3 → B4, 엘리베이터) → [B4] 천호 방면 승강장으로 이동 → [B4] 승차 (휠체어칸)","1. 2-1번 출입구 옆 엘리베이터(으)로 1개 층 내려가기 (1F → B1, 엘리베이터) | 2. [B1] 지하1층 대합실로 이동 | 3. [B3] 지하3층 대합실로 이동 | 4. [B3] 표 내는 곳 통과 | 5. 천호 방면 엘리베이터(으)로 1개 층 내려가기 (B3 → B4, 엘리베이터) | 6. [B4] 천호 방면 승강장으로 이동 | 7. [B4] 승차 (휠체어칸)"
S1_5_0020,5호선,강동,1,출입구-승강장,4,"2-1번 출입구 근처 엘리베이터  → 길동, 둔촌동 방면",1F → B1 → B3 → B4,7,2,0,"2-1번 출입구 옆 엘리베이터(으)로 1개 층 내려가기 (1F → B1, 엘리베이터) → [B1] 지하1층 대합실로 이동 → [B3] 지하3층 대합실로 이동 → [B3] 표 내는 곳 통과 → 길동, 둔촌동 방면 엘리베이터(으)로 1개 층 내려가기 (B3 → B4, 엘리베이터) → [B4] 길동, 둔촌동 방면 승강장으로 이동 → [B4] 승차 (휠체어칸)","1. 2-1번 출입구 옆 엘리베이터(으)로 1개 층 내려가기 (1F → B1, 엘리베이터) | 2. [B1] 지하1층 대합실로 이동 | 3. [B3] 지하3층 대합실로 이동 | 4. [B3] 표 내는 곳 통과 | 5. 길동, 둔촌동 방면 엘리베이터(으)로 1개 층 내려가기 (B3 → B4, 엘리베이터) | 6. [B4] 길동, 둔촌동 방면 승강장으로 이동 | 7. [B4] 승차 (휠체어칸)"
S1_5_0095,5호선,길동,1,출입구-승강장,1,1번 출입구 옆 엘리베이터 → 강동 방면,1F → B1 → B2 → B3,8,3,0,"1번 출입구 옆 엘리베이터(으)로 1개 층 내려가기 (1F → B1, 엘리베이터) → [B1] 대합실로 이동 → 대합실 방향 엘리베이터(으)로 1개 층 내려가기 (B1 → B2, 엘리베이터) → [B2] 대합실로 이동 → [B2] 표 내는 곳 통과 → 강동 방면 엘리베이터(으)로 1개 층 내려가기 (B2 → B3, 엘리베이터) → [B3] 강동 방면 승강장으로 이동 → [B3] 승차 (휠체어칸)","1. 1번 출입구 옆 엘리베이터(으)로 1개 층 내려가기 (1F → B1, 엘리베이터) | 2. [B1] 대합실로 이동 | 3. 대합실 방향 엘리베이터(으)로 1개 층 내려가기 (B1 → B2, 엘리베이터) | 4. [B2] 대합실로 이동 | 5. [B2] 표 내는 곳 통과 | 6. 강동 방면 엘리베이터(으)로 1개 층 내려가기 (B2 → B3, 엘리베이터) | 7. [B3] 강동 방면 승강장으로 이동 | 8. [B3] 승차 (휠체어칸)"
S1_5_0095,5호선,길동,1,출입구-승강장,2,1번 출입구 옆 엘리베이터 → 굽은다리 방면,1F → B1 → B2 → B3,8,3,0,"1번 출입구 옆 엘리베이터(으)로 1개 층 내려가기 (1F → B1, 엘리베이터) → [B1] 대합실로 이동 → 대합실 방향 엘리베이터(으)로 1개 층 내려가기 (B1 → B2, 엘리베이터) → [B2] 대합실로 이동 → [B2] 표 내는 곳 통과 → 굽은다리 방면 엘리베이터(으)로 1개 층 내려가기 (B2 → B3, 엘리베이터) → [B3] 굽은다리 방면 승강장으로 이동 → [B3] 승차 (휠체어칸)","1. 1번 출입구 옆 엘리베이터(으)로 1개 층 내려가기 (1F → B1, 엘리베이터) | 2. [B1] 대합실로 이동 | 3. 대합실 방향 엘리베이터(으)로 1개 층 내려가기 (B1 → B2, 엘리베이터) | 4. [B2] 대합실로 이동 | 5. [B2] 표 내는 곳 통과 | 6. 굽은다리 방면 엘리베이터(으)로 1개 층 내려가기 (B2 → B3, 엘리베이터) | 7. [B3] 굽은다리 방면 승강장으로 이동 | 8. [B3] 승차 (휠체어칸)"
S1_5_0086,5호선,굽은다리,1,출입구-승강장,1,1번 출입구 옆 엘리베이터 → 길동 방면,1F → B1 → B2,6,2,0,"1번 출입구 옆 엘리베이터(으)로 1개 층 내려가기 (1F → B1, 엘리베이터) → [B1] 대합실로 이동 → [B1] 길동 방면 엘리베이터 앞 표 내는 곳 통과 → 길동 방면 엘리베이터(으)로 1개 층 내려가기 (B1 → B2, 엘리베이터) → [B2] 길동 방면 승강장으로 이동 → [B2] 승차 (휠체어칸)","1. 1번 출입구 옆 엘리베이터(으)로 1개 층 내려가기 (1F → B1, 엘리베이터) | 2. [B1] 대합실로 이동 | 3. [B1] 길동 방면 엘리베이터 앞 표 내는 곳 통과 | 4. 길동 방면 엘리베이터(으)로 1개 층 내려가기 (B1 → B2, 엘리베이터) | 5. [B2] 길동 방면 승강장으로 이동 | 6. [B2] 승차 (휠체어칸)"
S1_5_0086,5호선,굽은다리,1,출입구-승강장,2,1번 출입구 옆 엘리베이터 → 명일 방면,1F → B1 → B2,6,2,0,"1번 출입구 옆 엘리베이터(으)로 1개 층 내려가기 (1F → B1, 엘리베이터) → [B1] 대합실로 이동 → [B1] 명일 방면 엘리베이터 앞 표 내는 곳 통과 → 명일 방면 엘리베이터(으)로 1개 층 내려가기 (B1 → B2, 엘리베이터) → [B2] 명일 방면 승강장으로 이동 → [B2] 승차 (휠체어칸)","1. 1번 출입구 옆 엘리베이터(으)로 1개 층 내려가기 (1F → B1, 엘리베이터) | 2. [B1] 대합실로 이동 | 3. [B1] 명일 방면 엘리베이터 앞 표 내는 곳 통과 | 4. 명일 방면 엘리베이터(으)로 1개 층 내려가기 (B1 → B2, 엘리베이터) | 5. [B2] 명일 방면 승강장으로 이동 | 6. [B2] 승차 (휠체어칸)"
S1_5_0198,5호선,명일,1,출입구-승강장,1,3번 출입구 옆 엘리베이터 → 굽은다리 방면,1F → B1 → B2,6,2,0,"3번 출입구 옆 엘리베이터(으)로 1개 층 내려가기 (1F → B1, 엘리베이터) → [B1] 대합실로 이동 → [B1] 표 내는 곳 통과 → 굽은다리 방면 엘리베이터(으)로 1개 층 내려가기 (B1 → B2, 엘리베이터) → [B2] 굽은다리 방면 승강장으로 이동 → [B2] 승차 (휠체어칸)","1. 3번 출입구 옆 엘리베이터(으)로 1개 층 내려가기 (1F → B1, 엘리베이터) | 2. [B1] 대합실로 이동 | 3. [B1] 표 내는 곳 통과 | 4. 굽은다리 방면 엘리베이터(으)로 1개 층 내려가기 (B1 → B2, 엘리베이터) | 5. [B2] 굽은다리 방면 승강장으로 이동 | 6. [B2] 승차 (휠체어칸)"
S1_5_0198,5호선,명일,1,출입구-승강장,2,3번 출입구 옆 엘리베이터 → 고덕 방면,1F → B1 → B2,6,2,0,"3번 출입구 옆 엘리베이터(으)로 1개 층 내려가기 (1F → B1, 엘리베이터) → [B1] 대합실로 이동 → [B1] 표 내는 곳 통과 → 고덕 방면 엘리베이터(으)로 1개 층 내려가기 (B1 → B2, 엘리베이터) → [B2] 고덕 방면 승강장으로 이동 → [B2] 승차 (휠체어칸)","1. 3번 출입구 옆 엘리베이터(으)로 1개 층 내려가기 (1F → B1, 엘리베이터) | 2. [B1] 대합실로 이동 | 3. [B1] 표 내는 곳 통과 | 4. 고덕 방면 엘리베이터(으)로 1개 층 내려가기 (B1 → B2, 엘리베이터) | 5. [B2] 고덕 방면 승강장으로 이동 | 6. [B2] 승차 (휠체어칸)"
S1_5_0046,5호선,고덕,1,출입구-승강장,1,2번 출입구 옆 엘리베이터 → 명일 방면,1F → B1 → B2,6,2,0,"2번 출입구 옆 엘리베이터(으)로 1개 층 내려가기 (1F → B1, 엘리베이터) → [B1] 대합실로 이동 → [B1] 명일 방면 엘리베이터 앞 이동 → 명일 방면 엘리베이터(으)로 1개 층 내려가기 (B1 → B2, 엘리베이터) → [B2] 명일 방면 승강장으로 이동 → [B2] 승차 (휠체어칸)","1. 2번 출입구 옆 엘리베이터(으)로 1개 층 내려가기 (1F → B1, 엘리베이터) | 2. [B1] 대합실로 이동 | 3. [B1] 명일 방면 엘리베이터 앞 이동 | 4. 명일 방면 엘리베이터(으)로 1개 층 내려가기 (B1 → B2, 엘리베이터) | 5. [B2] 명일 방면 승강장으로 이동 | 6. [B2] 승차 (휠체어칸)"
S1_5_0046,5호선,고덕,1,출입구-승강장,2,2번 출입구 옆 엘리베이터 → 상일동 방면,1F → B1 → B2,6,2,0,"2번 출입구 옆 엘리베이터(으)로 1개 층 내려가기 (1F → B1, 엘리베이터) → [B1] 대합실로 이동 → [B1] 상일동 방면 엘리베이터 앞 이동 → 상일동 방면 엘리베이터(으)로 1개 층 내려가기 (B1 → B2, 엘리베이터) → [B2] 상일동 방면 승강장으로 이동 → [B2] 승차 (휠체어칸)","1. 2번 출입구 옆 엘리베이터(으)로 1개 층 내려가기 (1F → B1, 엘리베이터) | 2. [B1] 대합실로 이동 | 3. [B1] 상일동 방면 엘리베이터 앞 이동 | 4. 상일동 방면 엘리베이터(으)로 1개 층 내려가기 (B1 → B2, 엘리베이터) | 5. [B2] 상일동 방면 승강장으로 이동 | 6. [B2] 승차 (휠체어칸)"
S1_5_0046,5호선,고덕,1,출입구-승강장,3,5번 출입구 옆 엘리베이터 → 명일 방면,1F → B1 → B2,6,2,0,"5번 출입구 옆 엘리베이터(으)로 1개 층 내려가기 (1F → B1, 엘리베이터) → [B1] 대합실로 이동 → [B1] 명일 방면 엘리베이터 앞 이동 → 명일 방면 엘리베이터(으)로 1개 층 내려가기 (B1 → B2, 엘리베이터) → [B2] 명일 방면 승강장으로 이동 → [B2] 승차 (휠체어칸)","1. 5번 출입구 옆 엘리베이터(으)로 1개 층 내려가기 (1F → B1, 엘리베이터) | 2. [B1] 대합실로 이동 | 3. [B1] 명일 방면 엘리베이터 앞 이동 | 4. 명일 방면 엘리베이터(으)로 1개 층 내려가기 (B1 → B2, 엘리베이터) | 5. [B2] 명일 방면 승강장으로 이동 | 6. [B2] 승차 (휠체어칸)"
S1_5_0046,5호선,고덕,1,출입구-승강장,4,5번 출입구 옆 엘리베이터 → 상일동 방면,1F → B1 → B2,6,2,0,"5번 출입구 옆 엘리베이터(으)로 1개 층 내려가기 (1F → B1, 엘리베이터) → [B1] 대합실로 이동 → [B1] 상일동 방면 엘리베이터 앞 이동 → 상일동 방면 엘리베이터(으)로 1개 층 내려가기 (B1 → B2, 엘리베이터) → [B2] 상일동 방면 승강장으로 이동 → [B2] 승차 (휠체어칸)","1. 5번 출입구 옆 엘리베이터(으)로 1개 층 내려가기 (1F → B1, 엘리베이터) | 2. [B1] 대합실로 이동 | 3. [B1] 상일동 방면 엘리베이터 앞 이동 | 4. 상일동 방면 엘리베이터(으)로 1개 층 내려가기 (B1 → B2, 엘리베이터) | 5. [B2] 상일동 방면 승강장으로 이동 | 6. [B2] 승차 (휠체어칸)"
S1_5_0281,5호선,상일동,1,출입구-승강장,1,1번 출입구 옆 엘리베이터 → 고덕 방면,1F → B1 → B2,6,2,0,"1번 출입구 옆 엘리베이터(으)로 1개 층 내려가기 (1F → B1, 엘리베이터) → [B1] 대합실로 이동 → [B1] 표 내는 곳 통과 → 고덕 방면 엘리베이터(으)로 1개 층 내려가기 (B1 → B2, 엘리베이터) → [B2] 고덕 방면 승강장으로 이동 → [B2] 승차 (휠체어칸)","1. 1번 출입구 옆 엘리베이터(으)로 1개 층 내려가기 (1F → B1, 엘리베이터) | 2. [B1] 대합실로 이동 | 3. [B1] 표 내는 곳 통과 | 4. 고덕 방면 엘리베이터(으)로 1개 층 내려가기 (B1 → B2, 엘리베이터) | 5. [B2] 고덕 방면 승강장으로 이동 | 6. [B2] 승차 (휠체어칸)"
S1_5_0281,5호선,상일동,1,출입구-승강장,2,1번 출입구 옆 엘리베이터 → 강일 방면,1F → B1 → B2,6,2,0,"1번 출입구 옆 엘리베이터(으)로 1개 층 내려가기 (1F → B1, 엘리베이터) → [B1] 대합실로 이동 → [B1] 표 내는 곳 통과 → 강일 방면 엘리베이터(으)로 1개 층 내려가기 (B1 → B2, 엘리베이터) → [B2] 강일 방면 승강장으로 이동 → [B2] 승차 (휠체어칸)","1. 1번 출입구 옆 엘리베이터(으)로 1개 층 내려가기 (1F → B1, 엘리베이터) | 2. [B1] 대합실로 이동 | 3. [B1] 표 내는 곳 통과 | 4. 강일 방면 엘리베이터(으)로 1개 층 내려가기 (B1 → B2, 엘리베이터) | 5. [B2] 강일 방면 승강장으로 이동 | 6. [B2] 승차 (휠체어칸)"
S1_5_0281,5호선,상일동,1,출입구-승강장,3,3번/4번 출입구 사이 엘리베이터 → 고덕 방면,1F → B1 → B2,6,2,0,"3번/4번 출입구 사이 엘리베이터(으)로 1개 층 내려가기 (1F → B1, 엘리베이터) → [B1] 대합실로 이동 → [B1] 대합실 연결통로 이동 → 표 내는 곳을 통과하여 고덕 방면 엘리베이터(으)로 1개 층 내려가기 (B1 → B2, 엘리베이터) → [B2] 고덕 방면 승강장으로 이동 → [B2] 승차 (휠체어칸)","1. 3번/4번 출입구 사이 엘리베이터(으)로 1개 층 내려가기 (1F → B1, 엘리베이터) | 2. [B1] 대합실로 이동 | 3. [B1] 대합실 연결통로 이동 | 4. 표 내는 곳을 통과하여 고덕 방면 엘리베이터(으)로 1개 층 내려가기 (B1 → B2, 엘리베이터) | 5. [B2] 고덕 방면 승강장으로 이동 | 6. [B2] 승차 (휠체어칸)"
S1_5_0281,5호선,상일동,1,출입구-승강장,4,3번/4번 출입구 사이 엘리베이터 → 강일 방면,1F → B1 → B2,6,2,0,"3번/4번 출입구 사이 엘리베이터(으)로 1개 층 내려가기 (1F → B1, 엘리베이터) → [B1] 대합실로 이동 → [B1] 대합실 연결통로 이동 → 표 내는 곳을 통과하여 강일 방면 엘리베이터(으)로 1개 층 내려가기 (B1 → B2, 엘리베이터) → [B2] 강일 방면 승강장으로 이동 → [B2] 승차 (휠체어칸)","1. 3번/4번 출입구 사이 엘리베이터(으)로 1개 층 내려가기 (1F → B1, 엘리베이터) | 2. [B1] 대합실로 이동 | 3. [B1] 대합실 연결통로 이동 | 4. 표 내는 곳을 통과하여 강일 방면 엘리베이터(으)로 1개 층 내려가기 (B1 → B2, 엘리베이터) | 5. [B2] 강일 방면 승강장으로 이동 | 6. [B2] 승차 (휠체어칸)"
S1_5_0281,5호선,상일동,1,출입구-승강장,5,5번/6번 출입구 사이 엘리베이터 → 고덕 방면,1F → B1 → B2,6,2,0,"5번/6번 출입구 사이 엘리베이터(으)로 1개 층 내려가기 (1F → B1, 엘리베이터) → [B1] 대합실로 이동 → [B1] 대합실 연결통로 이동 → 표 내는 곳을 통과하여 고덕 방면 엘리베이터(으)로 1개 층 내려가기 (B1 → B2, 엘리베이터) → [B2] 고덕 방면 승강장으로 이동 → [B2] 승차 (휠체어칸)","1. 5번/6번 출입구 사이 엘리베이터(으)로 1개 층 내려가기 (1F → B1, 엘리베이터) | 2. [B1] 대합실로 이동 | 3. [B1] 대합실 연결통로 이동 | 4. 표 내는 곳을 통과하여 고덕 방면 엘리베이터(으)로 1개 층 내려가기 (B1 → B2, 엘리베이터) | 5. [B2] 고덕 방면 승강장으로 이동 | 6. [B2] 승차 (휠체어칸)"
S1_5_0281,5호선,상일동,1,출입구-승강장,6,5번/6번 출입구 사이 엘리베이터 → 강일 방면,1F → B1 → B2,6,2,0,"5번/6번 출입구 사이 엘리베이터(으)로 1개 층 내려가기 (1F → B1, 엘리베이터) → [B1] 대합실로 이동 → [B1] 대합실 연결통로 이동 → 표 내는 곳을 통과하여 강일 방면 엘리베이터(으)로 1개 층 내려가기 (B1 → B2, 엘리베이터) → [B2] 강일 방면 승강장으로 이동 → [B2] 승차 (휠체어칸)","1. 5번/6번 출입구 사이 엘리베이터(으)로 1개 층 내려가기 (1F → B1, 엘리베이터) | 2. [B1] 대합실로 이동 | 3. [B1] 대합실 연결통로 이동 | 4. 표 내는 곳을 통과하여 강일 방면 엘리베이터(으)로 1개 층 내려가기 (B1 → B2, 엘리베이터) | 5. [B2] 강일 방면 승강장으로 이동 | 6. [B2] 승차 (휠체어칸)"
S1_5_0281,5호선,상일동,1,출입구-승강장,7,7번 출입구 옆 엘리베이터 → 고덕 방면,1F → B1 → B2,6,2,0,"7번 출입구 옆 엘리베이터(으)로 1개 층 내려가기 (1F → B1, 엘리베이터) → [B1] 대합실로 이동 → [B1] 표 내는 곳 통과 → 고덕 방면 엘리베이터(으)로 1개 층 내려가기 (B1 → B2, 엘리베이터) → [B2] 고덕 방면 승강장으로 이동 → [B2] 승차 (휠체어칸)","1. 7번 출입구 옆 엘리베이터(으)로 1개 층 내려가기 (1F → B1, 엘리베이터) | 2. [B1] 대합실로 이동 | 3. [B1] 표 내는 곳 통과 | 4. 고덕 방면 엘리베이터(으)로 1개 층 내려가기 (B1 → B2, 엘리베이터) | 5. [B2] 고덕 방면 승강장으로 이동 | 6. [B2] 승차 (휠체어칸)"
S1_5_0281,5호선,상일동,1,출입구-승강장,8,7번 출입구 옆 엘리베이터 → 강일 방면,1F → B1 → B2,6,2,0,"7번 출입구 옆 엘리베이터(으)로 1개 층 내려가기 (1F → B1, 엘리베이터) → [B1] 대합실로 이동 → [B1] 표 내는 곳 통과 → 강일 방면 엘리베이터(으)로 1개 층 내려가기 (B1 → B2, 엘리베이터) → [B2] 강일 방면 승강장으로 이동 → [B2] 승차 (휠체어칸)","1. 7번 출입구 옆 엘리베이터(으)로 1개 층 내려가기 (1F → B1, 엘리베이터) | 2. [B1] 대합실로 이동 | 3. [B1] 표 내는 곳 통과 | 4. 강일 방면 엘리베이터(으)로 1개 층 내려가기 (B1 → B2, 엘리베이터) | 5. [B2] 강일 방면 승강장으로 이동 | 6. [B2] 승차 (휠체어칸)"
S1_5_0436,5호선,강일,1,출입구-승강장,1,1번 출입구 옆 엘리베이터 → 상일동 방면,1F → B2 → B3,6,2,0,"1번 출입구 옆 엘리베이터(으)로 2개 층 내려가기 (1F → B2, 엘리베이터) → [B2] 대합실로 이동 → [B2] 표 내는 곳 통과 → 상일동 방면 엘리베이터(으)로 1개 층 내려가기 (B2 → B3, 엘리베이터) → [B3] 상일동 방면 승강장으로 이동 → [B3] 승차 (휠체어칸)","1. 1번 출입구 옆 엘리베이터(으)로 2개 층 내려가기 (1F → B2, 엘리베이터) | 2. [B2] 대합실로 이동 | 3. [B2] 표 내는 곳 통과 | 4. 상일동 방면 엘리베이터(으)로 1개 층 내려가기 (B2 → B3, 엘리베이터) | 5. [B3] 상일동 방면 승강장으로 이동 | 6. [B3] 승차 (휠체어칸)"
S1_5_0436,5호선,강일,1,출입구-승강장,2,1번 출입구 옆 엘리베이터 → 미사 방면,1F → B2 → B3,6,2,0,"1번 출입구 옆 엘리베이터(으)로 2개 층 내려가기 (1F → B2, 엘리베이터) → [B2] 대합실로 이동 → [B2] 표 내는 곳 통과 → 미사 방면 엘리베이터(으)로 1개 층 내려가기 (B2 → B3, 엘리베이터) → [B3] 미사 방면 승강장으로 이동 → [B3] 승차 (휠체어칸)","1. 1번 출입구 옆 엘리베이터(으)로 2개 층 내려가기 (1F → B2, 엘리베이터) | 2. [B2] 대합실로 이동 | 3. [B2] 표 내는 곳 통과 | 4. 미사 방면 엘리베이터(으)로 1개 층 내려가기 (B2 → B3, 엘리베이터) | 5. [B3] 미사 방면 승강장으로 이동 | 6. [B3] 승차 (휠체어칸)"
S1_5_0436,5호선,강일,1,출입구-승강장,3,2번 출입구 옆 엘리베이터 → 상일동 방면,1F → B2 → B3,6,2,0,"2번 출입구 옆 엘리베이터(으)로 2개 층 내려가기 (1F → B2, 엘리베이터) → [B2] 대합실로 이동 → [B2] 표 내는 곳 통과 → 상일동 방면 엘리베이터(으)로 1개 층 내려가기 (B2 → B3, 엘리베이터) → [B3] 상일동 방면 승강장으로 이동 → [B3] 승차 (휠체어칸)","1. 2번 출입구 옆 엘리베이터(으)로 2개 층 내려가기 (1F → B2, 엘리베이터) | 2. [B2] 대합실로 이동 | 3. [B2] 표 내는 곳 통과 | 4. 상일동 방면 엘리베이터(으)로 1개 층 내려가기 (B2 → B3, 엘리베이터) | 5. [B3] 상일동 방면 승강장으로 이동 | 6. [B3] 승차 (휠체어칸)"
S1_5_0436,5호선,강일,1,출입구-승강장,4,2번 출입구 옆 엘리베이터 → 미사 방면,1F → B2 → B3,6,2,0,"2번 출입구 옆 엘리베이터(으)로 2개 층 내려가기 (1F → B2, 엘리베이터) → [B2] 대합실로 이동 → [B2] 표 내는 곳 통과 → 미사 방면 엘리베이터(으)로 1개 층 내려가기 (B2 → B3, 엘리베이터) → [B3] 미사 방면 승강장으로 이동 → [B3] 승차 (휠체어칸)","1. 2번 출입구 옆 엘리베이터(으)로 2개 층 내려가기 (1F → B2, 엘리베이터) | 2. [B2] 대합실로 이동 | 3. [B2] 표 내는 곳 통과 | 4. 미사 방면 엘리베이터(으)로 1개 층 내려가기 (B2 → B3, 엘리베이터) | 5. [B3] 미사 방면 승강장으로 이동 | 6. [B3] 승차 (휠체어칸)"
S1_5_0436,5호선,강일,1,출입구-승강장,5,3번 출입구 옆 엘리베이터 → 상일동 방면,1F → B2 → B3,6,2,0,"3번 출입구 옆 엘리베이터(으)로 2개 층 내려가기 (1F → B2, 엘리베이터) → [B2] 대합실로 이동 → [B2] 표 내는 곳 통과 → 상일동 방면 엘리베이터(으)로 1개 층 내려가기 (B2 → B3, 엘리베이터) → [B3] 상일동 방면 승강장으로 이동 → [B3] 승차 (휠체어칸)","1. 3번 출입구 옆 엘리베이터(으)로 2개 층 내려가기 (1F → B2, 엘리베이터) | 2. [B2] 대합실로 이동 | 3. [B2] 표 내는 곳 통과 | 4. 상일동 방면 엘리베이터(으)로 1개 층 내려가기 (B2 → B3, 엘리베이터) | 5. [B3] 상일동 방면 승강장으로 이동 | 6. [B3] 승차 (휠체어칸)"
S1_5_0436,5호선,강일,1,출입구-승강장,6,3번 출입구 옆 엘리베이터 → 미사 방면,1F → B2 → B3,6,2,0,"3번 출입구 옆 엘리베이터(으)로 2개 층 내려가기 (1F → B2, 엘리베이터) → [B2] 대합실로 이동 → [B2] 표 내는 곳 통과 → 미사 방면 엘리베이터(으)로 1개 층 내려가기 (B2 → B3, 엘리베이터) → [B3] 미사 방면 승강장으로 이동 → [B3] 승차 (휠체어칸)","1. 3번 출입구 옆 엘리베이터(으)로 2개 층 내려가기 (1F → B2, 엘리베이터) | 2. [B2] 대합실로 이동 | 3. [B2] 표 내는 곳 통과 | 4. 미사 방면 엘리베이터(으)로 1개 층 내려가기 (B2 → B3, 엘리베이터) | 5. [B3] 미사 방면 승강장으로 이동 | 6. [B3] 승차 (휠체어칸)"
S1_5_0436,5호선,강일,1,출입구-승강장,7,4번 출입구 옆 엘리베이터 → 상일동 방면,1F → B2 → B3,6,2,0,"4번 출입구 옆 엘리베이터(으)로 2개 층 내려가기 (1F → B2, 엘리베이터) → [B2] 대합실로 이동 → [B2] 표 내는 곳 통과 → 상일동 방면 엘리베이터(으)로 1개 층 내려가기 (B2 → B3, 엘리베이터) → [B3] 상일동 방면 승강장으로 이동 → [B3] 승차 (휠체어칸)","1. 4번 출입구 옆 엘리베이터(으)로 2개 층 내려가기 (1F → B2, 엘리베이터) | 2. [B2] 대합실로 이동 | 3. [B2] 표 내는 곳 통과 | 4. 상일동 방면 엘리베이터(으)로 1개 층 내려가기 (B2 → B3, 엘리베이터) | 5. [B3] 상일동 방면 승강장으로 이동 | 6. [B3] 승차 (휠체어칸)"
S1_5_0436,5호선,강일,1,출입구-승강장,8,4번 출입구 옆 엘리베이터 → 미사 방면,1F → B2 → B3,6,2,0,"4번 출입구 옆 엘리베이터(으)로 2개 층 내려가기 (1F → B2, 엘리베이터) → [B2] 대합실로 이동 → [B2] 표 내는 곳 통과 → 미사 방면 엘리베이터(으)로 1개 층 내려가기 (B2 → B3, 엘리베이터) → [B3] 미사 방면 승강장으로 이동 → [B3] 승차 (휠체어칸)","1. 4번 출입구 옆 엘리베이터(으)로 2개 층 내려가기 (1F → B2, 엘리베이터) | 2. [B2] 대합실로 이동 | 3. [B2] 표 내는 곳 통과 | 4. 미사 방면 엘리베이터(으)로 1개 층 내려가기 (B2 → B3, 엘리베이터) | 5. [B3] 미사 방면 승강장으로 이동 | 6. [B3] 승차 (휠체어칸)"
S1_5_0475,5호선,미사,1,출입구-승강장,1,1번 출입구 옆 엘리베이터 → 강일 방면,1F → B1 → B2,6,2,0,"1번 출입구 옆 엘리베이터(으)로 1개 층 내려가기 (1F → B1, 엘리베이터) → [B1] 대합실로 이동 → [B1] 표 내는 곳 통과 → 강일 방면 엘리베이터(으)로 1개 층 내려가기 (B1 → B2, 엘리베이터) → [B2] 강일 방면 승강장으로 이동 → [B2] 승차 (휠체어칸)","1. 1번 출입구 옆 엘리베이터(으)로 1개 층 내려가기 (1F → B1, 엘리베이터) | 2. [B1] 대합실로 이동 | 3. [B1] 표 내는 곳 통과 | 4. 강일 방면 엘리베이터(으)로 1개 층 내려가기 (B1 → B2, 엘리베이터) | 5. [B2] 강일 방면 승강장으로 이동 | 6. [B2] 승차 (휠체어칸)"
S1_5_0475,5호선,미사,1,출입구-승강장,2,1번 출입구 옆 엘리베이터 → 하남풍산 방면,1F → B1 → B2,6,2,0,"1번 출입구 옆 엘리베이터(으)로 1개 층 내려가기 (1F → B1, 엘리베이터) → [B1] 대합실로 이동 → [B1] 표 내는 곳 통과 → 하남풍산 방면 엘리베이터(으)로 1개 층 내려가기 (B1 → B2, 엘리베이터) → [B2] 하남풍산 방면 승강장으로 이동 → [B2] 승차 (휠체어칸)","1. 1번 출입구 옆 엘리베이터(으)로 1개 층 내려가기 (1F → B1, 엘리베이터) | 2. [B1] 대합실로 이동 | 3. [B1] 표 내는 곳 통과 | 4. 하남풍산 방면 엘리베이터(으)로 1개 층 내려가기 (B1 → B2, 엘리베이터) | 5. [B2] 하남풍산 방면 승강장으로 이동 | 6. [B2] 승차 (휠체어칸)"
S1_5_0475,5호선,미사,1,출입구-승강장,3,6번 출입구 옆 엘리베이터 → 강일 방면,1F → B1 → B2,6,2,0,"6번 출입구 옆 엘리베이터(으)로 1개 층 내려가기 (1F → B1, 엘리베이터) → [B1] 대합실로 이동 → [B1] 표 내는 곳 통과 → 강일 방면 엘리베이터(으)로 1개 층 내려가기 (B1 → B2, 엘리베이터) → [B2] 강일 방면 승강장으로 이동 → [B2] 승차 (휠체어칸)","1. 6번 출입구 옆 엘리베이터(으)로 1개 층 내려가기 (1F → B1, 엘리베이터) | 2. [B1] 대합실로 이동 | 3. [B1] 표 내는 곳 통과 | 4. 강일 방면 엘리베이터(으)로 1개 층 내려가기 (B1 → B2, 엘리베이터) | 5. [B2] 강일 방면 승강장으로 이동 | 6. [B2] 승차 (휠체어칸)"
S1_5_0475,5호선,미사,1,출입구-승강장,4,6번 출입구 옆 엘리베이터 → 하남풍산 방면,1F → B1 → B2,6,2,0,"6번 출입구 옆 엘리베이터(으)로 1개 층 내려가기 (1F → B1, 엘리베이터) → [B1] 대합실로 이동 → [B1] 표 내는 곳 통과 → 하남풍산 방면 엘리베이터(으)로 1개 층 내려가기 (B1 → B2, 엘리베이터) → [B2] 하남풍산 방면 승강장으로 이동 → [B2] 승차 (휠체어칸)","1. 6번 출입구 옆 엘리베이터(으)로 1개 층 내려가기 (1F → B1, 엘리베이터) | 2. [B1] 대합실로 이동 | 3. [B1] 표 내는 곳 통과 | 4. 하남풍산 방면 엘리베이터(으)로 1개 층 내려가기 (B1 → B2, 엘리베이터) | 5. [B2] 하남풍산 방면 승강장으로 이동 | 6. [B2] 승차 (휠체어칸)"
S1_5_0478,5호선,하남풍산,1,출입구-승강장,1,1번 출입구 옆 엘리베이터 → 미사 방면,1F → B1 → B2,6,2,0,"1번 출입구 옆 엘리베이터(으)로 1개 층 내려가기 (1F → B1, 엘리베이터) → [B1] 대합실로 이동 → [B1] 표 내는 곳 통과 → 미사 방면 엘리베이터(으)로 1개 층 내려가기 (B1 → B2, 엘리베이터) → [B2] 미사 방면 승강장으로 이동 → [B2] 승차 (휠체어칸)","1. 1번 출입구 옆 엘리베이터(으)로 1개 층 내려가기 (1F → B1, 엘리베이터) | 2. [B1] 대합실로 이동 | 3. [B1] 표 내는 곳 통과 | 4. 미사 방면 엘리베이터(으)로 1개 층 내려가기 (B1 → B2, 엘리베이터) | 5. [B2] 미사 방면 승강장으로 이동 | 6. [B2] 승차 (휠체어칸)"
S1_5_0478,5호선,하남풍산,1,출입구-승강장,2,1번 출입구 옆 엘리베이터 → 하남시청 방면,1F → B1 → B2,6,2,0,"1번 출입구 옆 엘리베이터(으)로 1개 층 내려가기 (1F → B1, 엘리베이터) → [B1] 대합실로 이동 → [B1] 표 내는 곳 통과 → 하남시청 방면 엘리베이터(으)로 1개 층 내려가기 (B1 → B2, 엘리베이터) → [B2] 하남시청 방면 승강장으로 이동 → [B2] 승차 (휠체어칸)","1. 1번 출입구 옆 엘리베이터(으)로 1개 층 내려가기 (1F → B1, 엘리베이터) | 2. [B1] 대합실로 이동 | 3. [B1] 표 내는 곳 통과 | 4. 하남시청 방면 엘리베이터(으)로 1개 층 내려가기 (B1 → B2, 엘리베이터) | 5. [B2] 하남시청 방면 승강장으로 이동 | 6. [B2] 승차 (휠체어칸)"
S1_5_0478,5호선,하남풍산,1,출입구-승강장,3,5번 출입구 옆 엘리베이터 → 미사 방면,1F → B1 → B2,6,2,0,"5번 출입구 옆 엘리베이터(으)로 1개 층 내려가기 (1F → B1, 엘리베이터) → [B1] 대합실로 이동 → [B1] 표 내는 곳 통과 → 미사 방면 엘리베이터(으)로 1개 층 내려가기 (B1 → B2, 엘리베이터) → [B2] 미사 방면 승강장으로 이동 → [B2] 승차 (휠체어칸)","1. 5번 출입구 옆 엘리베이터(으)로 1개 층 내려가기 (1F → B1, 엘리베이터) | 2. [B1] 대합실로 이동 | 3. [B1] 표 내는 곳 통과 | 4. 미사 방면 엘리베이터(으)로 1개 층 내려가기 (B1 → B2, 엘리베이터) | 5. [B2] 미사 방면 승강장으로 이동 | 6. [B2] 승차 (휠체어칸)"
S1_5_0478,5호선,하남풍산,1,출입구-승강장,4,5번 출입구 옆 엘리베이터 → 하남시청 방면,1F → B1 → B2,6,2,0,"5번 출입구 옆 엘리베이터(으)로 1개 층 내려가기 (1F → B1, 엘리베이터) → [B1] 대합실로 이동 → [B1] 표 내는 곳 통과 → 하남시청 방면 엘리베이터(으)로 1개 층 내려가기 (B1 → B2, 엘리베이터) → [B2] 하남시청 방면 승강장으로 이동 → [B2] 승차 (휠체어칸)","1. 5번 출입구 옆 엘리베이터(으)로 1개 층 내려가기 (1F → B1, 엘리베이터) | 2. [B1] 대합실로 이동 | 3. [B1] 표 내는 곳 통과 | 4. 하남시청 방면 엘리베이터(으)로 1개 층 내려가기 (B1 → B2, 엘리베이터) | 5. [B2] 하남시청 방면 승강장으로 이동 | 6. [B2] 승차 (휠체어칸)"
S1_5_0478,5호선,하남풍산,1,출입구-승강장,5,7/8번 출입구 사이 엘리베이터 → 미사 방면,1F → B1 → B2,6,2,0,"7번/8번 출입구 사이 엘리베이터(으)로 1개 층 내려가기 (1F → B1, 엘리베이터) → [B1] 대합실로 이동 → [B1] 표 내는 곳 통과 → 미사 방면 엘리베이터(으)로 1개 층 내려가기 (B1 → B2, 엘리베이터) → [B2] 미사 방면 승강장으로 이동 → [B2] 승차 (휠체어칸)","1. 7번/8번 출입구 사이 엘리베이터(으)로 1개 층 내려가기 (1F → B1, 엘리베이터) | 2. [B1] 대합실로 이동 | 3. [B1] 표 내는 곳 통과 | 4. 미사 방면 엘리베이터(으)로 1개 층 내려가기 (B1 → B2, 엘리베이터) | 5. [B2] 미사 방면 승강장으로 이동 | 6. [B2] 승차 (휠체어칸)"
S1_5_0478,5호선,하남풍산,1,출입구-승강장,6,7/8번 출입구 사이 엘리베이터 → 하남시청 방면,1F → B1 → B2,6,2,0,"7번/8번 출입구 사이 엘리베이터(으)로 1개 층 내려가기 (1F → B1, 엘리베이터) → [B1] 대합실로 이동 → [B1] 표 내는 곳 통과 → 하남시청 방면 엘리베이터(으)로 1개 층 내려가기 (B1 → B2, 엘리베이터) → [B2] 하남시청 방면 승강장으로 이동 → [B2] 승차 (휠체어칸)","1. 7번/8번 출입구 사이 엘리베이터(으)로 1개 층 내려가기 (1F → B1, 엘리베이터) | 2. [B1] 대합실로 이동 | 3. [B1] 표 내는 곳 통과 | 4. 하남시청 방면 엘리베이터(으)로 1개 층 내려가기 (B1 → B2, 엘리베이터) | 5. [B2] 하남시청 방면 승강장으로 이동 | 6. [B2] 승차 (휠체어칸)"
S1_5_0482,5호선,하남시청,1,출입구-승강장,1,3번 출입구 옆 엘리베이터 → 하남풍산 방면,1F → B1 → B2,6,2,0,"3번 출입구 옆 엘리베이터(으)로 1개 층 내려가기 (1F → B1, 엘리베이터) → [B1] 대합실로 이동 → [B1] 표 내는 곳 통과 → 하남풍산 방면 엘리베이터(으)로 1개 층 내려가기 (B1 → B2, 엘리베이터) → [B2] 하남풍산 방면 승강장으로 이동 → [B2] 승차 (휠체어칸)","1. 3번 출입구 옆 엘리베이터(으)로 1개 층 내려가기 (1F → B1, 엘리베이터) | 2. [B1] 대합실로 이동 | 3. [B1] 표 내는 곳 통과 | 4. 하남풍산 방면 엘리베이터(으)로 1개 층 내려가기 (B1 → B2, 엘리베이터) | 5. [B2] 하남풍산 방면 승강장으로 이동 | 6. [B2] 승차 (휠체어칸)"
S1_5_0482,5호선,하남시청,1,출입구-승강장,2,3번 출입구 옆 엘리베이터 → 하남검단산 방면,1F → B1 → B2,6,2,0,"3번 출입구 옆 엘리베이터(으)로 1개 층 내려가기 (1F → B1, 엘리베이터) → [B1] 대합실로 이동 → [B1] 표 내는 곳 통과 → 하남검단산 방면 엘리베이터(으)로 1개 층 내려가기 (B1 → B2, 엘리베이터) → [B2] 하남검단산 방면 승강장으로 이동 → [B2] 승차 (휠체어칸)","1. 3번 출입구 옆 엘리베이터(으)로 1개 층 내려가기 (1F → B1, 엘리베이터) | 2. [B1] 대합실로 이동 | 3. [B1] 표 내는 곳 통과 | 4. 하남검단산 방면 엘리베이터(으)로 1개 층 내려가기 (B1 → B2, 엘리베이터) | 5. [B2] 하남검단산 방면 승강장으로 이동 | 6. [B2] 승차 (휠체어칸)"
S1_5_0482,5호선,하남시청,1,출입구-승강장,3,5번 출입구 옆 엘리베이터 → 하남풍산 방면,1F → B1 → B2,6,2,0,"5번 출입구 옆 엘리베이터(으)로 1개 층 내려가기 (1F → B1, 엘리베이터) → [B1] 대합실로 이동 → [B1] 표 내는 곳 통과 → 하남풍산 방면 엘리베이터(으)로 1개 층 내려가기 (B1 → B2, 엘리베이터) → [B2] 하남풍산 방면 승강장으로 이동 → [B2] 승차 (휠체어칸)","1. 5번 출입구 옆 엘리베이터(으)로 1개 층 내려가기 (1F → B1, 엘리베이터) | 2. [B1] 대합실로 이동 | 3. [B1] 표 내는 곳 통과 | 4. 하남풍산 방면 엘리베이터(으)로 1개 층 내려가기 (B1 → B2, 엘리베이터) | 5. [B2] 하남풍산 방면 승강장으로 이동 | 6. [B2] 승차 (휠체어칸)"
S1_5_0482,5호선,하남시청,1,출입구-승강장,4,5번 출입구 옆 엘리베이터 → 하남검단산 방면,1F → B1 → B2,6,2,0,"5번 출입구 옆 엘리베이터(으)로 1개 층 내려가기 (1F → B1, 엘리베이터) → [B1] 대합실로 이동 → [B1] 표 내는 곳 통과 → 하남검단산 방면 엘리베이터(으)로 1개 층 내려가기 (B1 → B2, 엘리베이터) → [B2] 하남검단산 방면 승강장으로 이동 → [B2] 승차 (휠체어칸)","1. 5번 출입구 옆 엘리베이터(으)로 1개 층 내려가기 (1F → B1, 엘리베이터) | 2. [B1] 대합실로 이동 | 3. [B1] 표 내는 곳 통과 | 4. 하남검단산 방면 엘리베이터(으)로 1개 층 내려가기 (B1 → B2, 엘리베이터) | 5. [B2] 하남검단산 방면 승강장으로 이동 | 6. [B2] 승차 (휠체어칸)"
S1_5_0489,5호선,하남검단산역,1,출입구-승강장,1,1번 출입구 옆 엘리베이터 → 하남시청 방면,1F → B1 → B3,6,2,0,"1번 출입구 옆 엘리베이터(으)로 1개 층 내려가기 (1F → B1, 엘리베이터) → [B1] 대합실로 이동 → [B1] 표 내는 곳 통과 → 하남시청 방면 엘리베이터(으)로 2개 층 내려가기 (B1 → B3, 엘리베이터) → [B3] 하남시청 방면 승강장으로 이동 → [B3] 승차 (휠체어칸)","1. 1번 출입구 옆 엘리베이터(으)로 1개 층 내려가기 (1F → B1, 엘리베이터) | 2. [B1] 대합실로 이동 | 3. [B1] 표 내는 곳 통과 | 4. 하남시청 방면 엘리베이터(으)로 2개 층 내려가기 (B1 → B3, 엘리베이터) | 5. [B3] 하남시청 방면 승강장으로 이동 | 6. [B3] 승차 (휠체어칸)"
S1_5_0489,5호선,하남검단산역,1,출입구-승강장,2,4번 출입구 옆 엘리베이터 → 하남시청 방면,1F → B1 → B3,6,2,0,"4번 출입구 옆 엘리베이터(으)로 1개 층 내려가기 (1F → B1, 엘리베이터) → [B1] 대합실로 이동 → [B1] 표 내는 곳 통과 → 하남시청 방면 엘리베이터(으)로 2개 층 내려가기 (B1 → B3, 엘리베이터) → [B3] 하남시청 방면 승강장으로 이동 → [B3] 승차 (휠체어칸)","1. 4번 출입구 옆 엘리베이터(으)로 1개 층 내려가기 (1F → B1, 엘리베이터) | 2. [B1] 대합실로 이동 | 3. [B1] 표 내는 곳 통과 | 4. 하남시청 방면 엘리베이터(으)로 2개 층 내려가기 (B1 → B3, 엘리베이터) | 5. [B3] 하남시청 방면 승강장으로 이동 | 6. [B3] 승차 (휠체어칸)"
S1_5_0172,5호선,둔촌동,1,출입구-승강장,1,3번/4번 출입구 사이 엘리베이터 → 강동 방면,1F → B1 → B2,6,2,0,"3번/4번 출입구 사이 엘리베이터(으)로 1개 층 내려가기 (1F → B1, 엘리베이터) → [B1] 대합실로 이동 → [B1] 표 내는 곳 통과 → 강동 방면 엘리베이터(으)로 1개 층 내려가기 (B1 → B2, 엘리베이터) → [B2] 강동 방면 승강장으로 이동 → [B2] 승차 (휠체어칸)","1. 3번/4번 출입구 사이 엘리베이터(으)로 1개 층 내려가기 (1F → B1, 엘리베이터) | 2. [B1] 대합실로 이동 | 3. [B1] 표 내는 곳 통과 | 4. 강동 방면 엘리베이터(으)로 1개 층 내려가기 (B1 → B2, 엘리베이터) | 5. [B2] 강동 방면 승강장으로 이동 | 6. [B2] 승차 (휠체어칸)"
S1_5_0172,5호선,둔촌동,1,출입구-승강장,2,3번/4번 출입구 사이 엘리베이터 → 올림픽공원 방면,1F → B1 → B2,6,2,0,"3번/4번 출입구 사이 엘리베이터(으)로 1개 층 내려가기 (1F → B1, 엘리베이터) → [B1] 대합실로 이동 → [B1] 표 내는 곳 통과 → 올림픽공원 방면 엘리베이터(으)로 1개 층 내려가기 (B1 → B2, 엘리베이터) → [B2] 올림픽공원 방면 승강장으로 이동 → [B2] 승차 (휠체어칸)","1. 3번/4번 출입구 사이 엘리베이터(으)로 1개 층 내려가기 (1F → B1, 엘리베이터) | 2. [B1] 대합실로 이동 | 3. [B1] 표 내는 곳 통과 | 4. 올림픽공원 방면 엘리베이터(으)로 1개 층 내려가기 (B1 → B2, 엘리베이터) | 5. [B2] 올림픽공원 방면 승강장으로 이동 | 6. [B2] 승차 (휠체어칸)"
S1_5_0172,5호선,둔촌동,1,출입구-승강장,3,1번/2번 출입구 사이 엘리베이터 → 강동 방면,1F → B1 → B2,6,2,0,"1번/2번 출입구 사이 엘리베이터(으)로 1개 층 내려가기 (1F → B1, 엘리베이터) → [B1] 대합실로 이동 → [B1] 표 내는 곳 통과 → 강동 방면 엘리베이터(으)로 1개 층 내려가기 (B1 → B2, 엘리베이터) → [B2] 강동 방면 승강장으로 이동 → [B2] 승차 (휠체어칸)","1. 1번/2번 출입구 사이 엘리베이터(으)로 1개 층 내려가기 (1F → B1, 엘리베이터) | 2. [B1] 대합실로 이동 | 3. [B1] 표 내는 곳 통과 | 4. 강동 방면 엘리베이터(으)로 1개 층 내려가기 (B1 → B2, 엘리베이터) | 5. [B2] 강동 방면 승강장으로 이동 | 6. [B2] 승차 (휠체어칸)"
S1_5_0172,5호선,둔촌동,1,출입구-승강장,4,1번/2번 출입구 사이 엘리베이터 → 올림픽공원 방면,1F → B1 → B2,6,2,0,"1번/2번 출입구 사이 엘리베이터(으)로 1개 층 내려가기 (1F → B1, 엘리베이터) → [B1] 대합실로 이동 → [B1] 표 내는 곳 통과 → 올림픽공원 방면 엘리베이터(으)로 1개 층 내려가기 (B1 → B2, 엘리베이터) → [B2] 올림픽공원 방면 승강장으로 이동 → [B2] 승차 (휠체어칸)","1. 1번/2번 출입구 사이 엘리베이터(으)로 1개 층 내려가기 (1F → B1, 엘리베이터) | 2. [B1] 대합실로 이동 | 3. [B1] 표 내는 곳 통과 | 4. 올림픽공원 방면 엘리베이터(으)로 1개 층 내려가기 (B1 → B2, 엘리베이터) | 5. [B2] 올림픽공원 방면 승강장으로 이동 | 6. [B2] 승차 (휠체어칸)"
S1_5_0438,5호선,올림픽공원,1,출입구-승강장,1,2번 출입구 옆 엘리베이터 → 둔촌동 방면,1F → B1 → B2,6,2,0,"2번 출입구 옆 엘리베이터(으)로 1개 층 내려가기 (1F → B1, 엘리베이터) → [B1] 대합실로 이동 → [B1] 둔촌동 방면 엘리베이터 앞 표 내는 곳 통과 → 둔촌동 방면 엘리베이터(으)로 1개 층 내려가기 (B1 → B2, 엘리베이터) → [B2] 둔촌동 방면 승강장으로 이동 → [B2] 승차 (휠체어칸)","1. 2번 출입구 옆 엘리베이터(으)로 1개 층 내려가기 (1F → B1, 엘리베이터) | 2. [B1] 대합실로 이동 | 3. [B1] 둔촌동 방면 엘리베이터 앞 표 내는 곳 통과 | 4. 둔촌동 방면 엘리베이터(으)로 1개 층 내려가기 (B1 → B2, 엘리베이터) | 5. [B2] 둔촌동 방면 승강장으로 이동 | 6. [B2] 승차 (휠체어칸)"
S1_5_0438,5호선,올림픽공원,1,출입구-승강장,2,2번 출입구 옆 엘리베이터 → 방이 방면,1F → B1 → B2,6,2,0,"2번 출입구 옆 엘리베이터(으)로 1개 층 내려가기 (1F → B1, 엘리베이터) → [B1] 대합실로 이동 → [B1] 방이 방면 엘리베이터 앞 표 내는 곳 통과 → 방이 방면 엘리베이터(으)로 1개 층 내려가기 (B1 → B2, 엘리베이터) → [B2] 방이 방면 승강장으로 이동 → [B2] 승차 (휠체어칸)","1. 2번 출입구 옆 엘리베이터(으)로 1개 층 내려가기 (1F → B1, 엘리베이터) | 2. [B1] 대합실로 이동 | 3. [B1] 방이 방면 엘리베이터 앞 표 내는 곳 통과 | 4. 방이 방면 엘리베이터(으)로 1개 층 내려가기 (B1 → B2, 엘리베이터) | 5. [B2] 방이 방면 승강장으로 이동 | 6. [B2] 승차 (휠체어칸)"
S1_5_0438,5호선,올림픽공원,3,환승,1,5호선 둔촌동 방면 → 9호선 둔촌오륜 방면,B2 → B1 → B3,8,2,0,"[B2] 5호선 둔촌동 방면 승강장 하차 → 대합실 방향 엘리베이터(으)로 1개 층 올라가기 (B2 → B1, 엘리베이터) → [B1] 대합실로 이동 → [B1] 9호선 방향 환승통로로 이동 → [B1] 9호선 대합실로 이동 → 승강장 방향 엘리베이터(으)로 2개 층 내려가기 (B1 → B3, 엘리베이터) → [B3] 9호선 둔촌오륜 방면 승강장으로 이동 → [B3] 승차 (휠체어칸)","1. [B2] 5호선 둔촌동 방면 승강장 하차 | 2. 대합실 방향 엘리베이터(으)로 1개 층 올라가기 (B2 → B1, 엘리베이터) | 3. [B1] 대합실로 이동 | 4. [B1] 9호선 방향 환승통로로 이동 | 5. [B1] 9호선 대합실로 이동 | 6. 승강장 방향 엘리베이터(으)로 2개 층 내려가기 (B1 → B3, 엘리베이터) | 7. [B3] 9호선 둔촌오륜 방면 승강장으로 이동 | 8. [B3] 승차 (휠체어칸)"
S1_5_0438,5호선,올림픽공원,3,환승,2,5호선 둔촌동 방면 → 9호선 한성백제 방면,B2 → B1 → B3,8,2,0,"[B2] 5호선 둔촌동 방면 승강장 하차 → 대합실 방향 엘리베이터(으)로 1개 층 올라가기 (B2 → B1, 엘리베이터) → [B1] 대합실로 이동 → [B1] 9호선 방향 환승통로로 이동 → [B1] 9호선 대합실로 이동 → 승강장 방향 엘리베이터(으)로 2개 층 내려가기 (B1 → B3, 엘리베이터) → [B3] 9호선 한성백제 방면 승강장으로 이동 → [B3] 승차 (휠체어칸)","1. [B2] 5호선 둔촌동 방면 승강장 하차 | 2. 대합실 방향 엘리베이터(으)로 1개 층 올라가기 (B2 → B1, 엘리베이터) | 3. [B1] 대합실로 이동 | 4. [B1] 9호선 방향 환승통로로 이동 | 5. [B1] 9호선 대합실로 이동 | 6. 승강장 방향 엘리베이터(으)로 2개 층 내려가기 (B1 → B3, 엘리베이터) | 7. [B3] 9호선 한성백제 방면 승강장으로 이동 | 8. [B3] 승차 (휠체어칸)"
S1_5_0438,5호선,올림픽공원,3,환승,3,5호선 방이 방면 → 9호선 둔촌오륜 방면,,4,0,0,"방이방면 승강장 → 엘리베이터 하차 → 열차승차 → 환승통로로 이동, 9호선 B2 엘리베이터 이용 (엘리베이터)","1. 방이방면 승강장 | 2. 엘리베이터 하차 | 3. 열차승차 | 4. 환승통로로 이동, 9호선 B2 엘리베이터 이용 (엘리베이터)"
S1_5_0438,5호선,올림픽공원,3,환승,4,5호선 방이 방면 → 9호선 한성백제 방면,,4,0,0,"방이방면 승강장 → 엘리베이터 하차 → 열차승차 → 환승통로로 이동, 9호선 B2 엘리베이터 이용 (엘리베이터)","1. 방이방면 승강장 | 2. 엘리베이터 하차 | 3. 열차승차 | 4. 환승통로로 이동, 9호선 B2 엘리베이터 이용 (엘리베이터)"
S1_5_0219,5호선,방이,1,출입구-승강장,1,1번 출입구 옆 엘리베이터 → 올림픽공원 방면,1F → B1 → B2,6,2,0,"1번 출입구 옆 엘리베이터(으)로 1개 층 내려가기 (1F → B1, 엘리베이터) → [B1] 대합실로 이동 → [B1] 표 내는 곳 통과 → 올림픽공원 방면 엘리베이터(으)로 1개 층 내려가기 (B1 → B2, 엘리베이터) → [B2] 올림픽공원 방면 승강장으로 이동 → [B2] 승차 (휠체어칸)","1. 1번 출입구 옆 엘리베이터(으)로 1개 층 내려가기 (1F → B1, 엘리베이터) | 2. [B1] 대합실로 이동 | 3. [B1] 표 내는 곳 통과 | 4. 올림픽공원 방면 엘리베이터(으)로 1개 층 내려가기 (B1 → B2, 엘리베이터) | 5. [B2] 올림픽공원 방면 승강장으로 이동 | 6. [B2] 승차 (휠체어칸)"
S1_5_0219,5호선,방이,1,출입구-승강장,2,1번 출입구 옆 엘리베이터 → 오금 방면,1F → B1 → B2,6,2,0,"1번 출입구 옆 엘리베이터(으)로 1개 층 내려가기 (1F → B1, 엘리베이터) → [B1] 대합실로 이동 → [B1] 표 내는 곳 통과 → 오금 방면 엘리베이터(으)로 1개 층 내려가기 (B1 → B2, 엘리베이터) → [B2] 오금 방면 승강장으로 이동 → [B2] 승차 (휠체어칸)","1. 1번 출입구 옆 엘리베이터(으)로 1개 층 내려가기 (1F → B1, 엘리베이터) | 2. [B1] 대합실로 이동 | 3. [B1] 표 내는 곳 통과 | 4. 오금 방면 엘리베이터(으)로 1개 층 내려가기 (B1 → B2, 엘리베이터) | 5. [B2] 오금 방면 승강장으로 이동 | 6. [B2] 승차 (휠체어칸)"
S1_5_0219,5호선,방이,1,출입구-승강장,3,3번 출입구 옆 엘리베이터 → 올림픽공원 방면,1F → B1 → B2,6,2,0,"3번 출입구 옆 엘리베이터(으)로 1개 층 내려가기 (1F → B1, 엘리베이터) → [B1] 대합실로 이동 → [B1] 표 내는 곳 통과 → 올림픽공원 방면 엘리베이터(으)로 1개 층 내려가기 (B1 → B2, 엘리베이터) → [B2] 올림픽공원 방면 승강장으로 이동 → [B2] 승차 (휠체어칸)","1. 3번 출입구 옆 엘리베이터(으)로 1개 층 내려가기 (1F → B1, 엘리베이터) | 2. [B1] 대합실로 이동 | 3. [B1] 표 내는 곳 통과 | 4. 올림픽공원 방면 엘리베이터(으)로 1개 층 내려가기 (B1 → B2, 엘리베이터) | 5. [B2] 올림픽공원 방면 승강장으로 이동 | 6. [B2] 승차 (휠체어칸)"
S1_5_0219,5호선,방이,1,출입구-승강장,4,3번 출입구 옆 엘리베이터 → 오금 방면,1F → B1 → B2,6,2,0,"3번 출입구 옆 엘리베이터(으)로 1개 층 내려가기 (1F → B1, 엘리베이터) → [B1] 대합실로 이동 → [B1] 표 내는 곳 통과 → 오금 방면 엘리베이터(으)로 1개 층 내려가기 (B1 → B2, 엘리베이터) → [B2] 오금 방면 승강장으로 이동 → [B2] 승차 (휠체어칸)","1. 3번 출입구 옆 엘리베이터(으)로 1개 층 내려가기 (1F → B1, 엘리베이터) | 2. [B1] 대합실로 이동 | 3. [B1] 표 내는 곳 통과 | 4. 오금 방면 엘리베이터(으)로 1개 층 내려가기 (B1 → B2, 엘리베이터) | 5. [B2] 오금 방면 승강장으로 이동 | 6. [B2] 승차 (휠체어칸)"
S1_5_0426,5호선,오금,1,출입구-승강장,1,1번 출입구 옆 엘리베이터 → 방이 방면,1F → B1 → B2,6,2,0,"1번 출입구 옆 엘리베이터(으)로 1개 층 내려가기 (1F → B1, 엘리베이터) → [B1] 대합실로 이동 → [B1] 표 내는 곳 통과 → 방이 방면 엘리베이터(으)로 1개 층 내려가기 (B1 → B2, 엘리베이터) → [B2] 방이 방면 승강장으로 이동 → [B2] 승차 (휠체어칸)","1. 1번 출입구 옆 엘리베이터(으)로 1개 층 내려가기 (1F → B1, 엘리베이터) | 2. [B1] 대합실로 이동 | 3. [B1] 표 내는 곳 통과 | 4. 방이 방면 엘리베이터(으)로 1개 층 내려가기 (B1 → B2, 엘리베이터) | 5. [B2] 방이 방면 승강장으로 이동 | 6. [B2] 승차 (휠체어칸)"
S1_5_0426,5호선,오금,1,출입구-승강장,2,1번 출입구 옆 엘리베이터 → 개롱 방면,1F → B1 → B2,6,2,0,"1번 출입구 옆 엘리베이터(으)로 1개 층 내려가기 (1F → B1, 엘리베이터) → [B1] 대합실로 이동 → [B1] 표 내는 곳 통과 → 개롱 방면 엘리베이터(으)로 1개 층 내려가기 (B1 → B2, 엘리베이터) → [B2] 개롱 방면 승강장으로 이동 → [B2] 승차 (휠체어칸)","1. 1번 출입구 옆 엘리베이터(으)로 1개 층 내려가기 (1F → B1, 엘리베이터) | 2. [B1] 대합실로 이동 | 3. [B1] 표 내는 곳 통과 | 4. 개롱 방면 엘리베이터(으)로 1개 층 내려가기 (B1 → B2, 엘리베이터) | 5. [B2] 개롱 방면 승강장으로 이동 | 6. [B2] 승차 (휠체어칸)"
S1_5_0426,5호선,오금,1,출입구-승강장,3,5번 출입구 옆 엘리베이터 → 방이 방면,1F → B1 → B2,6,2,0,"5번 출입구 옆 엘리베이터(으)로 1개 층 내려가기 (1F → B1, 엘리베이터) → [B1] 대합실로 이동 → [B1] 표 내는 곳 통과 → 방이 방면 엘리베이터(으)로 1개 층 내려가기 (B1 → B2, 엘리베이터) → [B2] 방이 방면 승강장으로 이동 → [B2] 승차 (휠체어칸)","1. 5번 출입구 옆 엘리베이터(으)로 1개 층 내려가기 (1F → B1, 엘리베이터) | 2. [B1] 대합실로 이동 | 3. [B1] 표 내는 곳 통과 | 4. 방이 방면 엘리베이터(으)로 1개 층 내려가기 (B1 → B2, 엘리베이터) | 5. [B2] 방이 방면 승강장으로 이동 | 6. [B2] 승차 (휠체어칸)"
S1_5_0426,5호선,오금,1,출입구-승강장,4,5번 출입구 옆 엘리베이터 → 개롱 방면,1F → B1 → B2,6,2,0,"5번 출입구 옆 엘리베이터(으)로 1개 층 내려가기 (1F → B1, 엘리베이터) → [B1] 대합실로 이동 → [B1] 표 내는 곳 통과 → 개롱 방면 엘리베이터(으)로 1개 층 내려가기 (B1 → B2, 엘리베이터) → [B2] 개롱 방면 승강장으로 이동 → [B2] 승차 (휠체어칸)","1. 5번 출입구 옆 엘리베이터(으)로 1개 층 내려가기 (1F → B1, 엘리베이터) | 2. [B1] 대합실로 이동 | 3. [B1] 표 내는 곳 통과 | 4. 개롱 방면 엘리베이터(으)로 1개 층 내려가기 (B1 → B2, 엘리베이터) | 5. [B2] 개롱 방면 승강장으로 이동 | 6. [B2] 승차 (휠체어칸)"
S1_5_0426,5호선,오금,3,환승,1,5호선 방이 방면 → 3호선 경찰병원 방면,B2 → B3 → B4,6,2,0,"[B2] 5호선 방이 방면 승강장 하차 → 3호선 환승통로 방향 엘리베이터(으)로 1개 층 내려가기 (B2 → B3, 엘리베이터) → [B3] 3호선 환승통로로 이동 → 3호선 경찰병원 방면 엘리베이터(으)로 1개 층 내려가기 (B3 → B4, 엘리베이터) → [B4] 3호선 경찰병원 방면 승강장으로 이동 → [B4] 승차 (휠체어칸)","1. [B2] 5호선 방이 방면 승강장 하차 | 2. 3호선 환승통로 방향 엘리베이터(으)로 1개 층 내려가기 (B2 → B3, 엘리베이터) | 3. [B3] 3호선 환승통로로 이동 | 4. 3호선 경찰병원 방면 엘리베이터(으)로 1개 층 내려가기 (B3 → B4, 엘리베이터) | 5. [B4] 3호선 경찰병원 방면 승강장으로 이동 | 6. [B4] 승차 (휠체어칸)"
S1_5_0426,5호선,오금,3,환승,2,5호선 개롱 방면 → 3호선 경찰병원 방면,B2 → B3 → B4,6,2,0,"[B2] 5호선 개롱 방면 승강장 하차 → 3호선 환승통로 방향 엘리베이터(으)로 1개 층 내려가기 (B2 → B3, 엘리베이터) → [B3] 3호선 환승통로로 이동 → 3호선 경찰병원 방면 엘리베이터(으)로 1개 층 내려가기 (B3 → B4, 엘리베이터) → [B4] 3호선 경찰병원 방면 승강장으로 이동 → [B4] 승차 (휠체어칸)","1. [B2] 5호선 개롱 방면 승강장 하차 | 2. 3호선 환승통로 방향 엘리베이터(으)로 1개 층 내려가기 (B2 → B3, 엘리베이터) | 3. [B3] 3호선 환승통로로 이동 | 4. 3호선 경찰병원 방면 엘리베이터(으)로 1개 층 내려가기 (B3 → B4, 엘리베이터) | 5. [B4] 3호선 경찰병원 방면 승강장으로 이동 | 6. [B4] 승차 (휠체어칸)"
S1_5_0025,5호선,개롱,1,출입구-승강장,1,3번 출입구 옆 엘리베이터 → 오금 방면,1F → B1 → B2,6,2,0,"3번 출입구 옆 엘리베이터(으)로 1개 층 내려가기 (1F → B1, 엘리베이터) → [B1] 대합실로 이동 → [B1] 표 내는 곳 통과 → 오금 방면 엘리베이터(으)로 1개 층 내려가기 (B1 → B2, 엘리베이터) → [B2] 오금 방면 승강장으로 이동 → [B2] 승차 (휠체어칸)","1. 3번 출입구 옆 엘리베이터(으)로 1개 층 내려가기 (1F → B1, 엘리베이터) | 2. [B1] 대합실로 이동 | 3. [B1] 표 내는 곳 통과 | 4. 오금 방면 엘리베이터(으)로 1개 층 내려가기 (B1 → B2, 엘리베이터) | 5. [B2] 오금 방면 승강장으로 이동 | 6. [B2] 승차 (휠체어칸)"
S1_5_0025,5호선,개롱,1,출입구-승강장,2,3번 출입구 옆 엘리베이터 → 거여 방면,1F → B1 → B2,6,2,0,"3번 출입구 옆 엘리베이터(으)로 1개 층 내려가기 (1F → B1, 엘리베이터) → [B1] 대합실로 이동 → [B1] 표 내는 곳 통과 → 거여 방면 엘리베이터(으)로 1개 층 내려가기 (B1 → B2, 엘리베이터) → [B2] 거여 방면 승강장으로 이동 → [B2] 승차 (휠체어칸)","1. 3번 출입구 옆 엘리베이터(으)로 1개 층 내려가기 (1F → B1, 엘리베이터) | 2. [B1] 대합실로 이동 | 3. [B1] 표 내는 곳 통과 | 4. 거여 방면 엘리베이터(으)로 1개 층 내려가기 (B1 → B2, 엘리베이터) | 5. [B2] 거여 방면 승강장으로 이동 | 6. [B2] 승차 (휠체어칸)"
S1_5_0030,5호선,거여,1,출입구-승강장,1,1번 출입구 옆 엘리베이터 → 개롱 방면,1F → B1 → B2,6,2,0,"1번 출입구 옆 엘리베이터(으)로 1개 층 내려가기 (1F → B1, 엘리베이터) → [B1] 대합실로 이동 → [B1] 개롱 방면 엘리베이터 앞 표 내는 곳 통과 → 개롱 방면 엘리베이터(으)로 1개 층 내려가기 (B1 → B2, 엘리베이터) → [B2] 개롱 방면 승강장으로 이동 → [B2] 승차 (휠체어칸)","1. 1번 출입구 옆 엘리베이터(으)로 1개 층 내려가기 (1F → B1, 엘리베이터) | 2. [B1] 대합실로 이동 | 3. [B1] 개롱 방면 엘리베이터 앞 표 내는 곳 통과 | 4. 개롱 방면 엘리베이터(으)로 1개 층 내려가기 (B1 → B2, 엘리베이터) | 5. [B2] 개롱 방면 승강장으로 이동 | 6. [B2] 승차 (휠체어칸)"
S1_5_0030,5호선,거여,1,출입구-승강장,2,1번 출입구 옆 엘리베이터 → 마천 방면,1F → B1 → B2,6,2,0,"1번 출입구 옆 엘리베이터(으)로 1개 층 내려가기 (1F → B1, 엘리베이터) → [B1] 대합실로 이동 → [B1] 마천 방면 엘리베이터 앞 표 내는 곳 통과 → 마천 방면 엘리베이터(으)로 1개 층 내려가기 (B1 → B2, 엘리베이터) → [B2] 마천 방면 승강장으로 이동 → [B2] 승차 (휠체어칸)","1. 1번 출입구 옆 엘리베이터(으)로 1개 층 내려가기 (1F → B1, 엘리베이터) | 2. [B1] 대합실로 이동 | 3. [B1] 마천 방면 엘리베이터 앞 표 내는 곳 통과 | 4. 마천 방면 엘리베이터(으)로 1개 층 내려가기 (B1 → B2, 엘리베이터) | 5. [B2] 마천 방면 승강장으로 이동 | 6. [B2] 승차 (휠체어칸)"
S1_5_0184,5호선,마천,1,출입구-승강장,1,1번 출입구 → 거여 방면,1F → B1 → B4,5,2,0,"1번 출입구 경사엘리베이터(으)로 1개 층 내려가기 (1F → B1, 엘리베이터) → [B1] 대합실로 이동 → E/L 전용 게이트(개집표기) 교통카드 태그 후 거여 방면 엘리베이터(으)로 3개 층 내려가기 (B1 → B4, 엘리베이터) → [B4] 거여 방면 승강장으로 이동 → [B4] 승차 (휠체어칸)","1. 1번 출입구 경사엘리베이터(으)로 1개 층 내려가기 (1F → B1, 엘리베이터) | 2. [B1] 대합실로 이동 | 3. E/L 전용 게이트(개집표기) 교통카드 태그 후 거여 방면 엘리베이터(으)로 3개 층 내려가기 (B1 → B4, 엘리베이터) | 4. [B4] 거여 방면 승강장으로 이동 | 5. [B4] 승차 (휠체어칸)"
S1_5_0184,5호선,마천,1,출입구-승강장,2,종착역 승강장 → 1번 출입구,B4 → B1 → 1F,5,2,0,"[B4] 지하4층 마천 종착역 승강장 → 지하1층 대합실 방면 엘리베이터(으)로 3개 층 올라가기 (B4 → B1, 엘리베이터) → [B1] 지하1층 대합실로 이동 후 E/L 전용 게이트(개집표기) 교통카드 태그 → B1) 1번 출입구 방향 경사엘리베이터(으)로 1개 층 올라가기 (B1 → 1F, 엘리베이터) → [1F] F1) 지상1층 1번 출입구","1. [B4] 지하4층 마천 종착역 승강장 | 2. 지하1층 대합실 방면 엘리베이터(으)로 3개 층 올라가기 (B4 → B1, 엘리베이터) | 3. [B1] 지하1층 대합실로 이동 후 E/L 전용 게이트(개집표기) 교통카드 태그 | 4. B1) 1번 출입구 방향 경사엘리베이터(으)로 1개 층 올라가기 (B1 → 1F, 엘리베이터) | 5. [1F] F1) 지상1층 1번 출입구"
S1_6_0468,6호선,응암,1,출입구-승강장,1,4번 출입구 옆 엘리베이터 → 새절 방면,1F → B1 → B2,6,2,0,"4번 출입구 옆 엘리베이터(으)로 1개 층 내려가기 (1F → B1, 엘리베이터) → [B1] 대합실로 이동 → [B1] 표 내는 곳 통과 → 승강장 방향 엘리베이터(으)로 1개 층 내려가기 (B1 → B2, 엘리베이터) → [B2] 새절 방면 승강장으로 이동 → [B2] 승차 (휠체어칸)","1. 4번 출입구 옆 엘리베이터(으)로 1개 층 내려가기 (1F → B1, 엘리베이터) | 2. [B1] 대합실로 이동 | 3. [B1] 표 내는 곳 통과 | 4. 승강장 방향 엘리베이터(으)로 1개 층 내려가기 (B1 → B2, 엘리베이터) | 5. [B2] 새절 방면 승강장으로 이동 | 6. [B2] 승차 (휠체어칸)"
S1_6_0468,6호선,응암,1,출입구-승강장,2,4번 출입구 옆 엘리베이터 → 역촌 방면,1F → B1 → B2,6,2,0,"4번 출입구 옆 엘리베이터(으)로 1개 층 내려가기 (1F → B1, 엘리베이터) → [B1] 대합실로 이동 → [B1] 표 내는 곳 통과 → 승강장 방향 엘리베이터(으)로 1개 층 내려가기 (B1 → B2, 엘리베이터) → [B2] 역촌 방면 승강장으로 이동 → [B2] 승차 (휠체어칸)","1. 4번 출입구 옆 엘리베이터(으)로 1개 층 내려가기 (1F → B1, 엘리베이터) | 2. [B1] 대합실로 이동 | 3. [B1] 표 내는 곳 통과 | 4. 승강장 방향 엘리베이터(으)로 1개 층 내려가기 (B1 → B2, 엘리베이터) | 5. [B2] 역촌 방면 승강장으로 이동 | 6. [B2] 승차 (휠체어칸)"
S1_6_0468,6호선,응암,3,환승,1,6호선 새절 방면 → 6호선 역촌 방면,,3,0,0,6호선 새절 방면 승강장 하차 → 6호선 역촌 방면 승강장으로 이동 → 승차 (휠체어칸),1. 6호선 새절 방면 승강장 하차 | 2. 6호선 역촌 방면 승강장으로 이동 | 3. 승차 (휠체어칸)
S1_6_0468,6호선,응암,3,환승,2,6호선 역촌 방면 → 6호선 새절 방면,,3,0,0,6호선 역촌 방면 승강장 하차 → 6호선 새절 방면 승강장으로 이동 → 승차 (휠체어칸),1. 6호선 역촌 방면 승강장 하차 | 2. 6호선 새절 방면 승강장으로 이동 | 3. 승차 (휠체어칸)
S1_6_0416,6호선,역촌,1,출입구-승강장,1,4번 출입구 옆 엘리베이터 → 불광 방면,1F → B1 → B4,7,2,0,"4번 출입구 옆 엘리베이터(으)로 1개 층 내려가기 (1F → B1, 엘리베이터) → [B1] 대합실로 이동 → [B1] 엘리베이터 옆 표 내는 곳 통과(카드태그 방향 주의) → 승강장 방향 엘리베이터(으)로 3개 층 내려가기 (B1 → B4, 엘리베이터) → [B4] 승강장으로 이동 → [B4] 불광 방면 승강장으로 이동 → [B4] 승차 (휠체어칸)","1. 4번 출입구 옆 엘리베이터(으)로 1개 층 내려가기 (1F → B1, 엘리베이터) | 2. [B1] 대합실로 이동 | 3. [B1] 엘리베이터 옆 표 내는 곳 통과(카드태그 방향 주의) | 4. 승강장 방향 엘리베이터(으)로 3개 층 내려가기 (B1 → B4, 엘리베이터) | 5. [B4] 승강장으로 이동 | 6. [B4] 불광 방면 승강장으로 이동 | 7. [B4] 승차 (휠체어칸)"
S1_6_0255,6호선,불광,1,출입구-승강장,1, 8번 출입구 옆 엘리베이터 → 독바위 방면,1F → B1 → B4,6,2,0,"8번 출입구 옆 엘리베이터(으)로 1개 층 내려가기 (1F → B1, 엘리베이터) → [B1] 대합실로 이동 → [B1] 표 내는 곳 통과 → 승강장 방향 엘리베이터(으)로 3개 층 내려가기 (B1 → B4, 엘리베이터) → [B4] 독바위 방면 승강장으로 이동 → [B4] 승차 (휠체어칸)","1. 8번 출입구 옆 엘리베이터(으)로 1개 층 내려가기 (1F → B1, 엘리베이터) | 2. [B1] 대합실로 이동 | 3. [B1] 표 내는 곳 통과 | 4. 승강장 방향 엘리베이터(으)로 3개 층 내려가기 (B1 → B4, 엘리베이터) | 5. [B4] 독바위 방면 승강장으로 이동 | 6. [B4] 승차 (휠체어칸)"
S1_6_0255,6호선,불광,3,환승,3,6호선 독바위 방면 → 3호선 연신내 방면,B4 → B2,6,1,0,"[B4] 6호선 독바위 방면 승강장 하차 → 3호선 연신내 방면 환승통로 방향 엘리베이터(으)로 2개 층 올라가기 (B4 → B2, 엘리베이터) → [B2] 환승통로로 이동 → [B2] 3호선 연신내 방면 승강장으로 이동 → [B2] 승차 (휠체어칸) → 연신내 방면 승강장 방향 휠체어리프트 이용 (휠체어리프트)","1. [B4] 6호선 독바위 방면 승강장 하차 | 2. 3호선 연신내 방면 환승통로 방향 엘리베이터(으)로 2개 층 올라가기 (B4 → B2, 엘리베이터) | 3. [B2] 환승통로로 이동 | 4. [B2] 3호선 연신내 방면 승강장으로 이동 | 5. [B2] 승차 (휠체어칸) | 6. 연신내 방면 승강장 방향 휠체어리프트 이용 (휠체어리프트)"
S1_6_0255,6호선,불광,3,환승,4,6호선 독바위 방면 → 3호선 녹번 방면,B4 → B2,6,1,0,"[B4] 6호선 독바위 방면 승강장 하차 → 3호선 녹번 방면 환승통로 방향 엘리베이터(으)로 2개 층 올라가기 (B4 → B2, 엘리베이터) → [B2] 환승통로로 이동 → [B2] 3호선 녹번 방면 승강장으로 이동 → [B2] 승차 (휠체어칸) → 녹번 방면 승강장 방향 휠체어리프트 이용 (휠체어리프트)","1. [B4] 6호선 독바위 방면 승강장 하차 | 2. 3호선 녹번 방면 환승통로 방향 엘리베이터(으)로 2개 층 올라가기 (B4 → B2, 엘리베이터) | 3. [B2] 환승통로로 이동 | 4. [B2] 3호선 녹번 방면 승강장으로 이동 | 5. [B2] 승차 (휠체어칸) | 6. 녹번 방면 승강장 방향 휠체어리프트 이용 (휠체어리프트)"
S1_6_0151,6호선,독바위,1,출입구-승강장,1,1번 출입구 옆 엘리베이터 → 연신내 방면,1F → B1,6,1,0,"1번 출입구옆 지상1층 엘리베이터(으)로 1개 층 내려가기 (1F → B1, 엘리베이터) → [B1] 지하1층 대합실 이동 → [B1] 표내는 곳 통과 → [B1] B6층 승강장 엘리베이터 하차 → [B1] 연신내 방면 승강장 이동 승차 (휠체어칸) → 승강장방향 엘리베이터 이용 (엘리베이터)","1. 1번 출입구옆 지상1층 엘리베이터(으)로 1개 층 내려가기 (1F → B1, 엘리베이터) | 2. [B1] 지하1층 대합실 이동 | 3. [B1] 표내는 곳 통과 | 4. [B1] B6층 승강장 엘리베이터 하차 | 5. [B1] 연신내 방면 승강장 이동 승차 (휠체어칸) | 6. 승강장방향 엘리베이터 이용 (엘리베이터)"
S1_6_0418,6호선,연신내,1,출입구-승강장,2,6번출구 엘리베이터 → 구산 방면,1F → B1 → B5,7,2,0,"6번출구 엘리베이터(으)로 1개 층 내려가기 (1F → B1, 엘리베이터) → [B1] 대합실로 이동 → [B1] 엘리베이터 앞 표 내는 곳 통과 → 승강장 방향 엘리베이터(으)로 4개 층 내려가기 (B1 → B5, 엘리베이터) → [B5] 승강장으로 이동 → [B5] 구산 방면 승강장으로 이동 → [B5] 승차 (휠체어칸)","1. 6번출구 엘리베이터(으)로 1개 층 내려가기 (1F → B1, 엘리베이터) | 2. [B1] 대합실로 이동 | 3. [B1] 엘리베이터 앞 표 내는 곳 통과 | 4. 승강장 방향 엘리베이터(으)로 4개 층 내려가기 (B1 → B5, 엘리베이터) | 5. [B5] 승강장으로 이동 | 6. [B5] 구산 방면 승강장으로 이동 | 7. [B5] 승차 (휠체어칸)"
S1_6_0418,6호선,연신내,3,환승,3,6호선 구산 방면 → 3호선 구파발 방면,B5 → B1 → B2,6,2,0,"[B5] 6호선 구산 방면 승강장 하차 → 대합실 방향 엘리베이터(으)로 4개 층 올라가기 (B5 → B1, 엘리베이터) → [B1] 대합실로 이동 → 3호선 승강장 방향 엘리베이터(으)로 1개 층 내려가기 (B1 → B2, 엘리베이터) → [B2] 3호선 구파발 방면 승강장으로 이동 → [B2] 승차 (휠체어칸)","1. [B5] 6호선 구산 방면 승강장 하차 | 2. 대합실 방향 엘리베이터(으)로 4개 층 올라가기 (B5 → B1, 엘리베이터) | 3. [B1] 대합실로 이동 | 4. 3호선 승강장 방향 엘리베이터(으)로 1개 층 내려가기 (B1 → B2, 엘리베이터) | 5. [B2] 3호선 구파발 방면 승강장으로 이동 | 6. [B2] 승차 (휠체어칸)"
S1_6_0418,6호선,연신내,3,환승,4,6호선 구산 방면 → 3호선 불광 방면,B5 → B1 → B2,6,2,0,"[B5] 6호선 구산 방면 승강장 하차 → 대합실 방향 엘리베이터(으)로 4개 층 올라가기 (B5 → B1, 엘리베이터) → [B1] 대합실로 이동 → 3호선 승강장 방향 엘리베이터(으)로 1개 층 내려가기 (B1 → B2, 엘리베이터) → [B2] 3호선 불광 방면 승강장으로 이동 → [B2] 승차 (휠체어칸)","1. [B5] 6호선 구산 방면 승강장 하차 | 2. 대합실 방향 엘리베이터(으)로 4개 층 올라가기 (B5 → B1, 엘리베이터) | 3. [B1] 대합실로 이동 | 4. 3호선 승강장 방향 엘리베이터(으)로 1개 층 내려가기 (B1 → B2, 엘리베이터) | 5. [B2] 3호선 불광 방면 승강장으로 이동 | 6. [B2] 승차 (휠체어칸)"
S1_6_0074,6호선,구산,1,출입구-승강장,1,4번 출입구 옆 엘리베이터 → 응암 방면,1F → B1 → B4,7,2,0,"4번 출입구 옆 외부엘리베이터(으)로 1개 층 내려가기 (1F → B1, 엘리베이터) → [B1] 대합실로 이동 → [B1] 표 내는 곳 통과 → 승강장 방향 내부엘리베이터(으)로 3개 층 내려가기 (B1 → B4, 엘리베이터) → [B4] 대합실로 이동 → [B4] 응암 방면 승강장으로 이동 → [B4] 승차 (휠체어칸)","1. 4번 출입구 옆 외부엘리베이터(으)로 1개 층 내려가기 (1F → B1, 엘리베이터) | 2. [B1] 대합실로 이동 | 3. [B1] 표 내는 곳 통과 | 4. 승강장 방향 내부엘리베이터(으)로 3개 층 내려가기 (B1 → B4, 엘리베이터) | 5. [B4] 대합실로 이동 | 6. [B4] 응암 방면 승강장으로 이동 | 7. [B4] 승차 (휠체어칸)"
S1_6_0285,6호선,새절,1,출입구-승강장,1,1번/2번 출입구 사이 엘리베이터 → 응암 방면,1F → B1 → B2,6,2,0,"1번/2번 출입구 사이 엘리베이터(으)로 1개 층 내려가기 (1F → B1, 엘리베이터) → [B1] 대합실로 이동 → [B1] 표 내는 곳 통과 → 응암 방면 엘리베이터(으)로 1개 층 내려가기 (B1 → B2, 엘리베이터) → [B2] 응암 방면 승강장으로 이동 → [B2] 승차 (휠체어칸)","1. 1번/2번 출입구 사이 엘리베이터(으)로 1개 층 내려가기 (1F → B1, 엘리베이터) | 2. [B1] 대합실로 이동 | 3. [B1] 표 내는 곳 통과 | 4. 응암 방면 엘리베이터(으)로 1개 층 내려가기 (B1 → B2, 엘리베이터) | 5. [B2] 응암 방면 승강장으로 이동 | 6. [B2] 승차 (휠체어칸)"
S1_6_0285,6호선,새절,1,출입구-승강장,2,1번/2번 출입구 사이 엘리베이터 → 증산 방면,1F → B1 → B2,6,2,0,"1번/2번 출입구 사이 엘리베이터(으)로 1개 층 내려가기 (1F → B1, 엘리베이터) → [B1] 대합실로 이동 → [B1] 표 내는 곳 통과 → 증산 방면 엘리베이터(으)로 1개 층 내려가기 (B1 → B2, 엘리베이터) → [B2] 증산 방면 승강장으로 이동 → [B2] 승차 (휠체어칸)","1. 1번/2번 출입구 사이 엘리베이터(으)로 1개 층 내려가기 (1F → B1, 엘리베이터) | 2. [B1] 대합실로 이동 | 3. [B1] 표 내는 곳 통과 | 4. 증산 방면 엘리베이터(으)로 1개 층 내려가기 (B1 → B2, 엘리베이터) | 5. [B2] 증산 방면 승강장으로 이동 | 6. [B2] 승차 (휠체어칸)"
S1_6_0532,6호선,증산,1,출입구-승강장,1,2번 출입구 옆 엘리베이터 → 새절 방면,1F → B1 → B2,6,2,0,"2번 출입구 옆 엘리베이터(으)로 1개 층 내려가기 (1F → B1, 엘리베이터) → [B1] 대합실로 이동 → [B1] 표 내는 곳 통과 → 새절 방면 엘리베이터(으)로 1개 층 내려가기 (B1 → B2, 엘리베이터) → [B2] 새절 방면 승강장으로 이동 → [B2] 승차 (휠체어칸)","1. 2번 출입구 옆 엘리베이터(으)로 1개 층 내려가기 (1F → B1, 엘리베이터) | 2. [B1] 대합실로 이동 | 3. [B1] 표 내는 곳 통과 | 4. 새절 방면 엘리베이터(으)로 1개 층 내려가기 (B1 → B2, 엘리베이터) | 5. [B2] 새절 방면 승강장으로 이동 | 6. [B2] 승차 (휠체어칸)"
S1_6_0532,6호선,증산,1,출입구-승강장,2,2번 출입구 옆 엘리베이터 → 디지털미디어시티 방면,1F → B1 → B2,6,2,0,"2번 출입구 옆 엘리베이터(으)로 1개 층 내려가기 (1F → B1, 엘리베이터) → [B1] 대합실로 이동 → [B1] 표 내는 곳 통과 → 디지털미디어시티 방면 엘리베이터(으)로 1개 층 내려가기 (B1 → B2, 엘리베이터) → [B2] 디지털미디어시티 방면 승강장으로 이동 → [B2] 승차 (휠체어칸)","1. 2번 출입구 옆 엘리베이터(으)로 1개 층 내려가기 (1F → B1, 엘리베이터) | 2. [B1] 대합실로 이동 | 3. [B1] 표 내는 곳 통과 | 4. 디지털미디어시티 방면 엘리베이터(으)로 1개 층 내려가기 (B1 → B2, 엘리베이터) | 5. [B2] 디지털미디어시티 방면 승강장으로 이동 | 6. [B2] 승차 (휠체어칸)"
S1_6_0174,6호선,디지털미디어시티,1,출입구-승강장,1,4번 출입구 → 증산 방면,1F → B1 → B2,7,2,0,"[1F] 4번 출입구 대합실로 이동 → 엘리베이터(으)로 1개 층 내려가기 (1F → B1, 엘리베이터) → [B1] 대합실로 이동 → [B1] 표 내는 곳 통과 → 증산 방면 엘리베이터(으)로 1개 층 내려가기 (B1 → B2, 엘리베이터) → [B2] 증산 방면 승강장으로 이동 → [B2] 승차 (휠체어칸)","1. [1F] 4번 출입구 대합실로 이동 | 2. 엘리베이터(으)로 1개 층 내려가기 (1F → B1, 엘리베이터) | 3. [B1] 대합실로 이동 | 4. [B1] 표 내는 곳 통과 | 5. 증산 방면 엘리베이터(으)로 1개 층 내려가기 (B1 → B2, 엘리베이터) | 6. [B2] 증산 방면 승강장으로 이동 | 7. [B2] 승차 (휠체어칸)"
S1_6_0174,6호선,디지털미디어시티,1,출입구-승강장,2,4번 출입구 → 월드컵경기장 방면,1F → B1 → B2,7,2,0,"[1F] 4번 출입구 대합실로 이동 → 엘리베이터(으)로 1개 층 내려가기 (1F → B1, 엘리베이터) → [B1] 대합실로 이동 → [B1] 표 내는 곳 통과 → 월드컵경기장 방면 엘리베이터(으)로 1개 층 내려가기 (B1 → B2, 엘리베이터) → [B2] 월드컵경기장 방면 승강장으로 이동 → [B2] 승차 (휠체어칸)","1. [1F] 4번 출입구 대합실로 이동 | 2. 엘리베이터(으)로 1개 층 내려가기 (1F → B1, 엘리베이터) | 3. [B1] 대합실로 이동 | 4. [B1] 표 내는 곳 통과 | 5. 월드컵경기장 방면 엘리베이터(으)로 1개 층 내려가기 (B1 → B2, 엘리베이터) | 6. [B2] 월드컵경기장 방면 승강장으로 이동 | 7. [B2] 승차 (휠체어칸)"
S1_6_0174,6호선,디지털미디어시티,3,환승,1,6호선 증산 방면 → 경의중앙선 수색 방면,B2 → B1 → 1F,6,2,0,"[B2] 6호선 증산 방면 승강장 하차 → 경의중앙선 환승통로 방향 엘리베이터(으)로 1개 층 올라가기 (B2 → B1, 엘리베이터) → [B1] 환승통로로 이동 → 경의중앙선 수색 방면 엘리베이터(으)로 1개 층 올라가기 (B1 → 1F, 엘리베이터) → [1F] 경의중앙선 수색 방면 승강장으로 이동 → [1F] 승차 (휠체어칸)","1. [B2] 6호선 증산 방면 승강장 하차 | 2. 경의중앙선 환승통로 방향 엘리베이터(으)로 1개 층 올라가기 (B2 → B1, 엘리베이터) | 3. [B1] 환승통로로 이동 | 4. 경의중앙선 수색 방면 엘리베이터(으)로 1개 층 올라가기 (B1 → 1F, 엘리베이터) | 5. [1F] 경의중앙선 수색 방면 승강장으로 이동 | 6. [1F] 승차 (휠체어칸)"
S1_6_0174,6호선,디지털미디어시티,3,환승,2,6호선 증산 방면 → 경의중앙선 가좌 방면,B2 → B1 → 1F,6,2,0,"[B2] 6호선 증산 방면 승강장 하차 → 경의중앙선 환승통로 방향 엘리베이터(으)로 1개 층 올라가기 (B2 → B1, 엘리베이터) → [B1] 환승통로로 이동 → 경의중앙선 가좌 방면 엘리베이터(으)로 1개 층 올라가기 (B1 → 1F, 엘리베이터) → [1F] 경의중앙선 가좌 방면 승강장으로 이동 → [1F] 승차 (휠체어칸)","1. [B2] 6호선 증산 방면 승강장 하차 | 2. 경의중앙선 환승통로 방향 엘리베이터(으)로 1개 층 올라가기 (B2 → B1, 엘리베이터) | 3. [B1] 환승통로로 이동 | 4. 경의중앙선 가좌 방면 엘리베이터(으)로 1개 층 올라가기 (B1 → 1F, 엘리베이터) | 5. [1F] 경의중앙선 가좌 방면 승강장으로 이동 | 6. [1F] 승차 (휠체어칸)"
S1_6_0174,6호선,디지털미디어시티,3,환승,3,6호선 월드컵경기장 방면 → 경의중앙선 수색 방면,B2 → B1 → 1F,6,2,0,"[B2] 6호선 월드컵경기장 방면 승강장 하차 → 경의중앙선 환승통로 방향 엘리베이터(으)로 1개 층 올라가기 (B2 → B1, 엘리베이터) → [B1] 환승통로로 이동 → 경의중앙선 수색 방면 엘리베이터(으)로 1개 층 올라가기 (B1 → 1F, 엘리베이터) → [1F] 경의중앙선 수색 방면 승강장으로 이동 → [1F] 승차 (휠체어칸)","1. [B2] 6호선 월드컵경기장 방면 승강장 하차 | 2. 경의중앙선 환승통로 방향 엘리베이터(으)로 1개 층 올라가기 (B2 → B1, 엘리베이터) | 3. [B1] 환승통로로 이동 | 4. 경의중앙선 수색 방면 엘리베이터(으)로 1개 층 올라가기 (B1 → 1F, 엘리베이터) | 5. [1F] 경의중앙선 수색 방면 승강장으로 이동 | 6. [1F] 승차 (휠체어칸)"
S1_6_0174,6호선,디지털미디어시티,3,환승,4,6호선 월드컵경기장 방면 → 경의중앙선 가좌 방면,B2 → B1 → 1F,6,2,0,"[B2] 6호선 월드컵경기장 방면 승강장 하차 → 경의중앙선 환승통로 방향 엘리베이터(으)로 1개 층 올라가기 (B2 → B1, 엘리베이터) → [B1] 환승통로로 이동 → 경의중앙선 가좌 방면 엘리베이터(으)로 1개 층 올라가기 (B1 → 1F, 엘리베이터) → [1F] 경의중앙선 가좌 방면 승강장으로 이동 → [1F] 승차 (휠체어칸)","1. [B2] 6호선 월드컵경기장 방면 승강장 하차 | 2. 경의중앙선 환승통로 방향 엘리베이터(으)로 1개 층 올라가기 (B2 → B1, 엘리베이터) | 3. [B1] 환승통로로 이동 | 4. 경의중앙선 가좌 방면 엘리베이터(으)로 1개 층 올라가기 (B1 → 1F, 엘리베이터) | 5. [1F] 경의중앙선 가좌 방면 승강장으로 이동 | 6. [1F] 승차 (휠체어칸)"
S1_6_0174,6호선,디지털미디어시티,3,환승,5, 6호선 증산 방면 → 공항철도 홍대입구 방면,B2 → B1 → B3,8,1,0,"[B2] 6호선 증산 방면 승강장 하차 → 2번/3번 출입구 방향 휠체어리프트(으)로 1개 층 올라가기 (B2 → B1, 휠체어리프트) → [B1] 대합실로 이동 → [B1] 공항철도 환승통로로 이동 → [B1] 공항철도 대합실 중앙 표 내는 곳 통과 → 홍대입구 방면 엘리베이터(으)로 2개 층 내려가기 (B1 → B3, 엘리베이터) → [B3] 공항철도 홍대입구 방면 승강장으로 이동 → [B3] 승차 (휠체어칸)","1. [B2] 6호선 증산 방면 승강장 하차 | 2. 2번/3번 출입구 방향 휠체어리프트(으)로 1개 층 올라가기 (B2 → B1, 휠체어리프트) | 3. [B1] 대합실로 이동 | 4. [B1] 공항철도 환승통로로 이동 | 5. [B1] 공항철도 대합실 중앙 표 내는 곳 통과 | 6. 홍대입구 방면 엘리베이터(으)로 2개 층 내려가기 (B1 → B3, 엘리베이터) | 7. [B3] 공항철도 홍대입구 방면 승강장으로 이동 | 8. [B3] 승차 (휠체어칸)"
S1_6_0174,6호선,디지털미디어시티,3,환승,6,6호선 증산 방면 → 공항철도 마곡나루 방면,B2 → B1 → B3,8,1,0,"[B2] 6호선 증산 방면 승강장 하차 → 2번/3번 출입구 방향 휠체어리프트(으)로 1개 층 올라가기 (B2 → B1, 휠체어리프트) → [B1] 대합실로 이동 → [B1] 공항철도 환승통로로 이동 → [B1] 공항철도 대합실 중앙 표 내는 곳 통과 → 마곡나루 방면 엘리베이터(으)로 2개 층 내려가기 (B1 → B3, 엘리베이터) → [B3] 공항철도 마곡나루 방면 승강장으로 이동 → [B3] 승차 (휠체어칸)","1. [B2] 6호선 증산 방면 승강장 하차 | 2. 2번/3번 출입구 방향 휠체어리프트(으)로 1개 층 올라가기 (B2 → B1, 휠체어리프트) | 3. [B1] 대합실로 이동 | 4. [B1] 공항철도 환승통로로 이동 | 5. [B1] 공항철도 대합실 중앙 표 내는 곳 통과 | 6. 마곡나루 방면 엘리베이터(으)로 2개 층 내려가기 (B1 → B3, 엘리베이터) | 7. [B3] 공항철도 마곡나루 방면 승강장으로 이동 | 8. [B3] 승차 (휠체어칸)"
S1_6_0174,6호선,디지털미디어시티,3,환승,7,6호선 월드컵경기장 방면 → 공항철도 홍대입구 방면,B2 → B1 → B3,8,1,0,"[B2] 6호선 월드컵경기장 방면 승강장 하차 → 2번/3번 출입구 방향 휠체어리프트(으)로 1개 층 올라가기 (B2 → B1, 휠체어리프트) → [B1] 대합실로 이동 → [B1] 공항철도 환승통로로 이동 → [B1] 공항철도 대합실 중앙 표 내는 곳 통과 → 홍대입구 방면 엘리베이터(으)로 2개 층 내려가기 (B1 → B3, 엘리베이터) → [B3] 공항철도 홍대입구 방면 승강장으로 이동 → [B3] 승차 (휠체어칸)","1. [B2] 6호선 월드컵경기장 방면 승강장 하차 | 2. 2번/3번 출입구 방향 휠체어리프트(으)로 1개 층 올라가기 (B2 → B1, 휠체어리프트) | 3. [B1] 대합실로 이동 | 4. [B1] 공항철도 환승통로로 이동 | 5. [B1] 공항철도 대합실 중앙 표 내는 곳 통과 | 6. 홍대입구 방면 엘리베이터(으)로 2개 층 내려가기 (B1 → B3, 엘리베이터) | 7. [B3] 공항철도 홍대입구 방면 승강장으로 이동 | 8. [B3] 승차 (휠체어칸)"
S1_6_0174,6호선,디지털미디어시티,3,환승,8,6호선 월드컵경기장 방면 → 공항철도 마곡나루 방면,B2 → B1 → B3,8,1,0,"[B2] 6호선 월드컵경기장 방면 승강장 하차 → 2번/3번 출입구 방향 휠체어리프트(으)로 1개 층 올라가기 (B2 → B1, 휠체어리프트) → [B1] 대합실로 이동 → [B1] 공항철도 환승통로로 이동 → [B1] 공항철도 대합실 중앙 표 내는 곳 통과 → 마곡나루 방면 엘리베이터(으)로 2개 층 내려가기 (B1 → B3, 엘리베이터) → [B3] 공항철도 마곡나루 방면 승강장으로 이동 → [B3] 승차 (휠체어칸)","1. [B2] 6호선 월드컵경기장 방면 승강장 하차 | 2. 2번/3번 출입구 방향 휠체어리프트(으)로 1개 층 올라가기 (B2 → B1, 휠체어리프트) | 3. [B1] 대합실로 이동 | 4. [B1] 공항철도 환승통로로 이동 | 5. [B1] 공항철도 대합실 중앙 표 내는 곳 통과 | 6. 마곡나루 방면 엘리베이터(으)로 2개 층 내려가기 (B1 → B3, 엘리베이터) | 7. [B3] 공항철도 마곡나루 방면 승강장으로 이동 | 8. [B3] 승차 (휠체어칸)"
S1_6_0462,6호선,월드컵경기장,1,출입구-승강장,1,2번 출입구 옆 엘리베이터 → 디지털미디어시티 방면,1F → B1 → B2,6,2,0,"2번 출입구 옆 엘리베이터(으)로 1개 층 내려가기 (1F → B1, 엘리베이터) → [B1] 대합실로 이동 → [B1] 표 내는 곳 통과 → 디지털미디어시티 방면 엘리베이터(으)로 1개 층 내려가기 (B1 → B2, 엘리베이터) → [B2] 디지털미디어시티 방면 승강장으로 이동 → [B2] 승차 (휠체어칸)","1. 2번 출입구 옆 엘리베이터(으)로 1개 층 내려가기 (1F → B1, 엘리베이터) | 2. [B1] 대합실로 이동 | 3. [B1] 표 내는 곳 통과 | 4. 디지털미디어시티 방면 엘리베이터(으)로 1개 층 내려가기 (B1 → B2, 엘리베이터) | 5. [B2] 디지털미디어시티 방면 승강장으로 이동 | 6. [B2] 승차 (휠체어칸)"
S1_6_0462,6호선,월드컵경기장,1,출입구-승강장,2,2번 출입구 옆 엘리베이터 → 마포구청 방면,1F → B1 → B2,6,2,0,"2번 출입구 옆 엘리베이터(으)로 1개 층 내려가기 (1F → B1, 엘리베이터) → [B1] 대합실로 이동 → [B1] 표 내는 곳 통과 → 마포구청 방면 엘리베이터(으)로 1개 층 내려가기 (B1 → B2, 엘리베이터) → [B2] 마포구청 방면 승강장으로 이동 → [B2] 승차 (휠체어칸)","1. 2번 출입구 옆 엘리베이터(으)로 1개 층 내려가기 (1F → B1, 엘리베이터) | 2. [B1] 대합실로 이동 | 3. [B1] 표 내는 곳 통과 | 4. 마포구청 방면 엘리베이터(으)로 1개 층 내려가기 (B1 → B2, 엘리베이터) | 5. [B2] 마포구청 방면 승강장으로 이동 | 6. [B2] 승차 (휠체어칸)"
S1_6_0186,6호선,마포구청,1,출입구-승강장,1,2번 출입구 옆 엘리베이터 → 월드컵경기장 방면,1F → B2 → B3,6,2,0,"2번 출입구 옆 엘리베이터(으)로 2개 층 내려가기 (1F → B2, 엘리베이터) → [B2] 대합실로 이동 → [B2] 표 내는 곳 통과 → 월드컵경기장 방면 엘리베이터(으)로 1개 층 내려가기 (B2 → B3, 엘리베이터) → [B3] 월드컵경기장 방면 승강장으로 이동 → [B3] 승차 (휠체어칸)","1. 2번 출입구 옆 엘리베이터(으)로 2개 층 내려가기 (1F → B2, 엘리베이터) | 2. [B2] 대합실로 이동 | 3. [B2] 표 내는 곳 통과 | 4. 월드컵경기장 방면 엘리베이터(으)로 1개 층 내려가기 (B2 → B3, 엘리베이터) | 5. [B3] 월드컵경기장 방면 승강장으로 이동 | 6. [B3] 승차 (휠체어칸)"
S1_6_0186,6호선,마포구청,1,출입구-승강장,2,2번 출입구 옆 엘리베이터 → 망원 방면,1F → B2 → B3,6,2,0,"2번 출입구 옆 엘리베이터(으)로 2개 층 내려가기 (1F → B2, 엘리베이터) → [B2] 대합실로 이동 → [B2] 표 내는 곳 통과 → 망원 방면 엘리베이터(으)로 1개 층 내려가기 (B2 → B3, 엘리베이터) → [B3] 망원 방면 승강장으로 이동 → [B3] 승차 (휠체어칸)","1. 2번 출입구 옆 엘리베이터(으)로 2개 층 내려가기 (1F → B2, 엘리베이터) | 2. [B2] 대합실로 이동 | 3. [B2] 표 내는 곳 통과 | 4. 망원 방면 엘리베이터(으)로 1개 층 내려가기 (B2 → B3, 엘리베이터) | 5. [B3] 망원 방면 승강장으로 이동 | 6. [B3] 승차 (휠체어칸)"
S1_6_0186,6호선,마포구청,1,출입구-승강장,3,8번 출입구 옆 엘리베이터 → 월드컵경기장 방면,1F → B2 → B3,6,2,0,"8번 출입구 옆 엘리베이터(으)로 2개 층 내려가기 (1F → B2, 엘리베이터) → [B2] 대합실로 이동 → [B2] 표 내는 곳 통과 → 월드컵경기장 방면 엘리베이터(으)로 1개 층 내려가기 (B2 → B3, 엘리베이터) → [B3] 월드컵경기장 방면 승강장으로 이동 → [B3] 승차 (휠체어칸)","1. 8번 출입구 옆 엘리베이터(으)로 2개 층 내려가기 (1F → B2, 엘리베이터) | 2. [B2] 대합실로 이동 | 3. [B2] 표 내는 곳 통과 | 4. 월드컵경기장 방면 엘리베이터(으)로 1개 층 내려가기 (B2 → B3, 엘리베이터) | 5. [B3] 월드컵경기장 방면 승강장으로 이동 | 6. [B3] 승차 (휠체어칸)"
S1_6_0186,6호선,마포구청,1,출입구-승강장,4,8번 출입구 옆 엘리베이터 → 망원 방면,1F → B2 → B3,6,2,0,"8번 출입구 옆 엘리베이터(으)로 2개 층 내려가기 (1F → B2, 엘리베이터) → [B2] 대합실로 이동 → [B2] 표 내는 곳 통과 → 망원 방면 엘리베이터(으)로 1개 층 내려가기 (B2 → B3, 엘리베이터) → [B3] 망원 방면 승강장으로 이동 → [B3] 승차 (휠체어칸)","1. 8번 출입구 옆 엘리베이터(으)로 2개 층 내려가기 (1F → B2, 엘리베이터) | 2. [B2] 대합실로 이동 | 3. [B2] 표 내는 곳 통과 | 4. 망원 방면 엘리베이터(으)로 1개 층 내려가기 (B2 → B3, 엘리베이터) | 5. [B3] 망원 방면 승강장으로 이동 | 6. [B3] 승차 (휠체어칸)"
S1_6_0189,6호선,망원,1,출입구-승강장,1,2번 출입구 옆 엘리베이터 → 마포구청 방면,1F → B1 → B2,6,2,0,"2번 출입구 옆 엘리베이터(으)로 1개 층 내려가기 (1F → B1, 엘리베이터) → [B1] 대합실로 이동 → [B1] 표 내는 곳 통과 → 마포구청 방면 엘리베이터(으)로 1개 층 내려가기 (B1 → B2, 엘리베이터) → [B2] 마포구청 방면 승강장으로 이동 → [B2] 승차 (휠체어칸)","1. 2번 출입구 옆 엘리베이터(으)로 1개 층 내려가기 (1F → B1, 엘리베이터) | 2. [B1] 대합실로 이동 | 3. [B1] 표 내는 곳 통과 | 4. 마포구청 방면 엘리베이터(으)로 1개 층 내려가기 (B1 → B2, 엘리베이터) | 5. [B2] 마포구청 방면 승강장으로 이동 | 6. [B2] 승차 (휠체어칸)"
S1_6_0189,6호선,망원,1,출입구-승강장,2,2번 출입구 옆 엘리베이터 → 합정 방면,1F → B2,4,1,0,"2번 출입구 옆 엘리베이터(으)로 2개 층 내려가기 (1F → B2, 엘리베이터) → [B2] 합정 방면 승강장으로 이동 → [B2] 표 내는 곳 통과 → [B2] 승차 (휠체어칸)","1. 2번 출입구 옆 엘리베이터(으)로 2개 층 내려가기 (1F → B2, 엘리베이터) | 2. [B2] 합정 방면 승강장으로 이동 | 3. [B2] 표 내는 곳 통과 | 4. [B2] 승차 (휠체어칸)"
S1_6_0591,6호선,합정,1,출입구-승강장,1,6번 출입구 옆 엘리베이터 → 망원 방면,1F → B1 → B4,6,2,0,"6번 출입구 옆 엘리베이터(으)로 1개 층 내려가기 (1F → B1, 엘리베이터) → [B1] 대합실로 이동 → [B1] 표 내는 곳 통과 → 9번/5번 출입구 가운데 엘리베이터(으)로 3개 층 내려가기 (B1 → B4, 엘리베이터) → [B4] 망원 방면 승강장으로 이동 → [B4] 승차 (휠체어칸)","1. 6번 출입구 옆 엘리베이터(으)로 1개 층 내려가기 (1F → B1, 엘리베이터) | 2. [B1] 대합실로 이동 | 3. [B1] 표 내는 곳 통과 | 4. 9번/5번 출입구 가운데 엘리베이터(으)로 3개 층 내려가기 (B1 → B4, 엘리베이터) | 5. [B4] 망원 방면 승강장으로 이동 | 6. [B4] 승차 (휠체어칸)"
S1_6_0591,6호선,합정,1,출입구-승강장,2,6번 출입구 옆 엘리베이터 → 상수 방면,1F → B1 → B3 → B4,8,3,0,"6번 출입구 옆 엘리베이터(으)로 1개 층 내려가기 (1F → B1, 엘리베이터) → [B1] 대합실로 이동 → [B1] 표 내는 곳 통과 → 9번/5번 출입구 가운데 엘리베이터(으)로 2개 층 내려가기 (B1 → B3, 엘리베이터) → [B3] 대합실로 이동 → 상수 방면 엘리베이터(으)로 1개 층 내려가기 (B3 → B4, 엘리베이터) → [B4] 상수 방면 승강장으로 이동 → [B4] 승차 (휠체어칸)","1. 6번 출입구 옆 엘리베이터(으)로 1개 층 내려가기 (1F → B1, 엘리베이터) | 2. [B1] 대합실로 이동 | 3. [B1] 표 내는 곳 통과 | 4. 9번/5번 출입구 가운데 엘리베이터(으)로 2개 층 내려가기 (B1 → B3, 엘리베이터) | 5. [B3] 대합실로 이동 | 6. 상수 방면 엘리베이터(으)로 1개 층 내려가기 (B3 → B4, 엘리베이터) | 7. [B4] 상수 방면 승강장으로 이동 | 8. [B4] 승차 (휠체어칸)"
S1_6_0591,6호선,합정,3,환승,1,6호선 망원 방면 → 2호선 당산 방면,B4 → B1 → B2,6,2,0,"[B4] 6호선 망원 방면 승강장 하차 → 대합실 방향 엘리베이터(으)로 3개 층 올라가기 (B4 → B1, 엘리베이터) → [B1] 2호선 대합실로 이동 → 2호선 당산 방면 엘리베이터(으)로 1개 층 내려가기 (B1 → B2, 엘리베이터) → [B2] 2호선 당산 방면 승강장으로 이동 → [B2] 승차 (휠체어칸)","1. [B4] 6호선 망원 방면 승강장 하차 | 2. 대합실 방향 엘리베이터(으)로 3개 층 올라가기 (B4 → B1, 엘리베이터) | 3. [B1] 2호선 대합실로 이동 | 4. 2호선 당산 방면 엘리베이터(으)로 1개 층 내려가기 (B1 → B2, 엘리베이터) | 5. [B2] 2호선 당산 방면 승강장으로 이동 | 6. [B2] 승차 (휠체어칸)"
S1_6_0591,6호선,합정,3,환승,2,6호선 망원 방면 → 2호선 홍대입구 방면,B4 → B1 → B2,6,2,0,"[B4] 6호선 망원 방면 승강장 하차 → 대합실 방향 엘리베이터(으)로 3개 층 올라가기 (B4 → B1, 엘리베이터) → [B1] 2호선 대합실로 이동 → 2호선 홍대입구 방면 엘리베이터(으)로 1개 층 내려가기 (B1 → B2, 엘리베이터) → [B2] 2호선 홍대입구 방면 승강장으로 이동 → [B2] 승차 (휠체어칸)","1. [B4] 6호선 망원 방면 승강장 하차 | 2. 대합실 방향 엘리베이터(으)로 3개 층 올라가기 (B4 → B1, 엘리베이터) | 3. [B1] 2호선 대합실로 이동 | 4. 2호선 홍대입구 방면 엘리베이터(으)로 1개 층 내려가기 (B1 → B2, 엘리베이터) | 5. [B2] 2호선 홍대입구 방면 승강장으로 이동 | 6. [B2] 승차 (휠체어칸)"
S1_6_0591,6호선,합정,3,환승,3,6호선 상수 방면 → 2호선 당산 방면,B4 → B3 → B1 → B2,8,3,0,"[B4] 6호선 상수 방면 승강장 하차 → 대합실 방향 엘리베이터(으)로 1개 층 올라가기 (B4 → B3, 엘리베이터) → [B3] 엘리베이터 하차 → 대합실 맞은편 엘리베이터(으)로 2개 층 올라가기 (B3 → B1, 엘리베이터) → [B1] 2호선 대합실로 이동 → 2호선 당산 방면 엘리베이터(으)로 1개 층 내려가기 (B1 → B2, 엘리베이터) → [B2] 2호선 당산 방면 승강장으로 이동 → [B2] 승차 (휠체어칸)","1. [B4] 6호선 상수 방면 승강장 하차 | 2. 대합실 방향 엘리베이터(으)로 1개 층 올라가기 (B4 → B3, 엘리베이터) | 3. [B3] 엘리베이터 하차 | 4. 대합실 맞은편 엘리베이터(으)로 2개 층 올라가기 (B3 → B1, 엘리베이터) | 5. [B1] 2호선 대합실로 이동 | 6. 2호선 당산 방면 엘리베이터(으)로 1개 층 내려가기 (B1 → B2, 엘리베이터) | 7. [B2] 2호선 당산 방면 승강장으로 이동 | 8. [B2] 승차 (휠체어칸)"
S1_6_0591,6호선,합정,3,환승,4,6호선 상수 방면 → 2호선 홍대입구 방면,B4 → B3 → B1 → B2,8,3,0,"[B4] 6호선 상수 방면 승강장 하차 → 대합실 방향 엘리베이터(으)로 1개 층 올라가기 (B4 → B3, 엘리베이터) → [B3] 엘리베이터 하차 → 대합실 맞은편 엘리베이터(으)로 2개 층 올라가기 (B3 → B1, 엘리베이터) → [B1] 2호선 대합실로 이동 → 2호선 홍대입구 방면 엘리베이터(으)로 1개 층 내려가기 (B1 → B2, 엘리베이터) → [B2] 2호선 홍대입구 방면 승강장으로 이동 → [B2] 승차 (휠체어칸)","1. [B4] 6호선 상수 방면 승강장 하차 | 2. 대합실 방향 엘리베이터(으)로 1개 층 올라가기 (B4 → B3, 엘리베이터) | 3. [B3] 엘리베이터 하차 | 4. 대합실 맞은편 엘리베이터(으)로 2개 층 올라가기 (B3 → B1, 엘리베이터) | 5. [B1] 2호선 대합실로 이동 | 6. 2호선 홍대입구 방면 엘리베이터(으)로 1개 층 내려가기 (B1 → B2, 엘리베이터) | 7. [B2] 2호선 홍대입구 방면 승강장으로 이동 | 8. [B2] 승차 (휠체어칸)"
S1_6_0278,6호선,상수,1,출입구-승강장,1,3번 출입구 옆 엘리베이터 → 합정 방면,1F → B1 → B2 → B3,8,3,0,"3번 출입구 옆 엘리베이터(으)로 1개 층 내려가기 (1F → B1, 엘리베이터) → [B1] 대합실로 이동 → 대합실 방향 엘리베이터(으)로 1개 층 내려가기 (B1 → B2, 엘리베이터) → [B2] 대합실로 이동 → [B2] 표 내는 곳 통과 → 승강장 방향 엘리베이터(으)로 1개 층 내려가기 (B2 → B3, 엘리베이터) → [B3] 합정 방면 승강장으로 이동 → [B3] 승차 (휠체어칸)","1. 3번 출입구 옆 엘리베이터(으)로 1개 층 내려가기 (1F → B1, 엘리베이터) | 2. [B1] 대합실로 이동 | 3. 대합실 방향 엘리베이터(으)로 1개 층 내려가기 (B1 → B2, 엘리베이터) | 4. [B2] 대합실로 이동 | 5. [B2] 표 내는 곳 통과 | 6. 승강장 방향 엘리베이터(으)로 1개 층 내려가기 (B2 → B3, 엘리베이터) | 7. [B3] 합정 방면 승강장으로 이동 | 8. [B3] 승차 (휠체어칸)"
S1_6_0278,6호선,상수,1,출입구-승강장,2,3번 출입구 옆 엘리베이터 → 광흥창 방면,1F → B1 → B2 → B3,8,3,0,"3번 출입구 옆 엘리베이터(으)로 1개 층 내려가기 (1F → B1, 엘리베이터) → [B1] 대합실로 이동 → 대합실 방향 엘리베이터(으)로 1개 층 내려가기 (B1 → B2, 엘리베이터) → [B2] 대합실로 이동 → [B2] 표 내는 곳 통과 → 승강장 방향 엘리베이터(으)로 1개 층 내려가기 (B2 → B3, 엘리베이터) → [B3] 광흥창 방면 승강장으로 이동 → [B3] 승차 (휠체어칸)","1. 3번 출입구 옆 엘리베이터(으)로 1개 층 내려가기 (1F → B1, 엘리베이터) | 2. [B1] 대합실로 이동 | 3. 대합실 방향 엘리베이터(으)로 1개 층 내려가기 (B1 → B2, 엘리베이터) | 4. [B2] 대합실로 이동 | 5. [B2] 표 내는 곳 통과 | 6. 승강장 방향 엘리베이터(으)로 1개 층 내려가기 (B2 → B3, 엘리베이터) | 7. [B3] 광흥창 방면 승강장으로 이동 | 8. [B3] 승차 (휠체어칸)"
S1_6_0067,6호선,광흥창,1,출입구-승강장,1,1번 출입구 옆 엘리베이터 → 상수 방면,1F → B2 → B3,6,2,0,"1번 출입구 옆 엘리베이터(으)로 2개 층 내려가기 (1F → B2, 엘리베이터) → [B2] 대합실로 이동 → [B2] 표 내는 곳 통과 → 승강장 방향 엘리베이터(으)로 1개 층 내려가기 (B2 → B3, 엘리베이터) → [B3] 상수 방면 승강장으로 이동 → [B3] 승차 (휠체어칸)","1. 1번 출입구 옆 엘리베이터(으)로 2개 층 내려가기 (1F → B2, 엘리베이터) | 2. [B2] 대합실로 이동 | 3. [B2] 표 내는 곳 통과 | 4. 승강장 방향 엘리베이터(으)로 1개 층 내려가기 (B2 → B3, 엘리베이터) | 5. [B3] 상수 방면 승강장으로 이동 | 6. [B3] 승차 (휠체어칸)"
S1_6_0067,6호선,광흥창,1,출입구-승강장,2,1번 출입구 옆 엘리베이터 → 대흥 방면,1F → B2 → B3,6,2,0,"1번 출입구 옆 엘리베이터(으)로 2개 층 내려가기 (1F → B2, 엘리베이터) → [B2] 대합실로 이동 → [B2] 표 내는 곳 통과 → 승강장 방향 엘리베이터(으)로 1개 층 내려가기 (B2 → B3, 엘리베이터) → [B3] 대흥 방면 승강장으로 이동 → [B3] 승차 (휠체어칸)","1. 1번 출입구 옆 엘리베이터(으)로 2개 층 내려가기 (1F → B2, 엘리베이터) | 2. [B2] 대합실로 이동 | 3. [B2] 표 내는 곳 통과 | 4. 승강장 방향 엘리베이터(으)로 1개 층 내려가기 (B2 → B3, 엘리베이터) | 5. [B3] 대흥 방면 승강장으로 이동 | 6. [B3] 승차 (휠체어칸)"
S1_6_0138,6호선,대흥,1,출입구-승강장,1,3번 출입구 전방 엘리베이터 → 광흥창 방면,1F → B2 → B3,5,2,0,"3번 출입구 전방 지상 1층 엘리베이터(으)로 2개 층 내려가기 (1F → B2, 엘리베이터) → [B2] 3번 출입구 전방 지하 2층 엘리베이터 하차 → 지하 2층 승강장 방향 엘리베이터(으)로 1개 층 내려가기 (B2 → B3, 엘리베이터) → [B3] 지하 3층 승강장 에서 하차 → [B3] 광흥창 방면 승차","1. 3번 출입구 전방 지상 1층 엘리베이터(으)로 2개 층 내려가기 (1F → B2, 엘리베이터) | 2. [B2] 3번 출입구 전방 지하 2층 엘리베이터 하차 | 3. 지하 2층 승강장 방향 엘리베이터(으)로 1개 층 내려가기 (B2 → B3, 엘리베이터) | 4. [B3] 지하 3층 승강장 에서 하차 | 5. [B3] 광흥창 방면 승차"
S1_6_0138,6호선,대흥,1,출입구-승강장,2,3번 출입구 전방 엘리베이터 → 공덕 방면,1F → B2 → B3,5,2,0,"3번 출입구 전방 지상 1층 엘리베이터(으)로 2개 층 내려가기 (1F → B2, 엘리베이터) → [B2] 3번 출입구 전방 지하 2층 엘리베이터 하차 → 지하 2층 승강장 방향 엘리베이터(으)로 1개 층 내려가기 (B2 → B3, 엘리베이터) → [B3] 지하 3층 승강장 에서 하차 → [B3] 공덕 방면 승차","1. 3번 출입구 전방 지상 1층 엘리베이터(으)로 2개 층 내려가기 (1F → B2, 엘리베이터) | 2. [B2] 3번 출입구 전방 지하 2층 엘리베이터 하차 | 3. 지하 2층 승강장 방향 엘리베이터(으)로 1개 층 내려가기 (B2 → B3, 엘리베이터) | 4. [B3] 지하 3층 승강장 에서 하차 | 5. [B3] 공덕 방면 승차"
S1_6_0054,6호선,공덕,1,출입구-승강장,1,2번 출입구 옆 엘리베이터 → 대흥 방면,1F → B1 → B2,7,2,0,"2번 출입구 옆 엘리베이터(으)로 1개 층 내려가기 (1F → B1, 엘리베이터) → [B1] 5호선 대합실로 이동 → [B1] 6호선 대합실로 이동 → [B1] 대흥 방면 엘리베이터 앞 표 내는 곳 통과 → 대흥 방면 엘리베이터(으)로 1개 층 내려가기 (B1 → B2, 엘리베이터) → [B2] 대흥 방면 승강장으로 이동 → [B2] 승차 (휠체어칸)","1. 2번 출입구 옆 엘리베이터(으)로 1개 층 내려가기 (1F → B1, 엘리베이터) | 2. [B1] 5호선 대합실로 이동 | 3. [B1] 6호선 대합실로 이동 | 4. [B1] 대흥 방면 엘리베이터 앞 표 내는 곳 통과 | 5. 대흥 방면 엘리베이터(으)로 1개 층 내려가기 (B1 → B2, 엘리베이터) | 6. [B2] 대흥 방면 승강장으로 이동 | 7. [B2] 승차 (휠체어칸)"
S1_6_0054,6호선,공덕,1,출입구-승강장,2,2번 출입구 옆 엘리베이터 → 효창공원앞 방면,1F → B1 → B2,7,2,0,"2번 출입구 옆 엘리베이터(으)로 1개 층 내려가기 (1F → B1, 엘리베이터) → [B1] 5호선 대합실로 이동 → [B1] 6호선 대합실로 이동 → [B1] 효창공원앞 방면 엘리베이터 앞 표 내는 곳 통과 → 효창공원앞 방면 엘리베이터(으)로 1개 층 내려가기 (B1 → B2, 엘리베이터) → [B2] 효창공원앞 방면 승강장으로 이동 → [B2] 승차 (휠체어칸)","1. 2번 출입구 옆 엘리베이터(으)로 1개 층 내려가기 (1F → B1, 엘리베이터) | 2. [B1] 5호선 대합실로 이동 | 3. [B1] 6호선 대합실로 이동 | 4. [B1] 효창공원앞 방면 엘리베이터 앞 표 내는 곳 통과 | 5. 효창공원앞 방면 엘리베이터(으)로 1개 층 내려가기 (B1 → B2, 엘리베이터) | 6. [B2] 효창공원앞 방면 승강장으로 이동 | 7. [B2] 승차 (휠체어칸)"
S1_6_0054,6호선,공덕,1,출입구-승강장,3,5번 출입구 옆 엘리베이터 → 대흥 방면,1F → B1 → B2,7,2,0,"5번 출입구 옆 엘리베이터(으)로 1개 층 내려가기 (1F → B1, 엘리베이터) → [B1] 5호선 대합실로 이동 → [B1] 6호선 대합실로 이동 → [B1] 대흥 방면 엘리베이터 앞 표 내는 곳 통과 → 대흥 방면 엘리베이터(으)로 1개 층 내려가기 (B1 → B2, 엘리베이터) → [B2] 대흥 방면 승강장으로 이동 → [B2] 승차 (휠체어칸)","1. 5번 출입구 옆 엘리베이터(으)로 1개 층 내려가기 (1F → B1, 엘리베이터) | 2. [B1] 5호선 대합실로 이동 | 3. [B1] 6호선 대합실로 이동 | 4. [B1] 대흥 방면 엘리베이터 앞 표 내는 곳 통과 | 5. 대흥 방면 엘리베이터(으)로 1개 층 내려가기 (B1 → B2, 엘리베이터) | 6. [B2] 대흥 방면 승강장으로 이동 | 7. [B2] 승차 (휠체어칸)"
S1_6_0054,6호선,공덕,1,출입구-승강장,4,5번 출입구 옆 엘리베이터 → 효창공원앞 방면,1F → B1 → B2,7,2,0,"5번 출입구 옆 엘리베이터(으)로 1개 층 내려가기 (1F → B1, 엘리베이터) → [B1] 5호선 대합실로 이동 → [B1] 6호선 대합실로 이동 → [B1] 효창공원앞 방면 엘리베이터 앞 표 내는 곳 통과 → 효창공원앞 방면 엘리베이터(으)로 1개 층 내려가기 (B1 → B2, 엘리베이터) → [B2] 효창공원앞 방면 승강장으로 이동 → [B2] 승차 (휠체어칸)","1. 5번 출입구 옆 엘리베이터(으)로 1개 층 내려가기 (1F → B1, 엘리베이터) | 2. [B1] 5호선 대합실로 이동 | 3. [B1] 6호선 대합실로 이동 | 4. [B1] 효창공원앞 방면 엘리베이터 앞 표 내는 곳 통과 | 5. 효창공원앞 방면 엘리베이터(으)로 1개 층 내려가기 (B1 → B2, 엘리베이터) | 6. [B2] 효창공원앞 방면 승강장으로 이동 | 7. [B2] 승차 (휠체어칸)"
S1_6_0054,6호선,공덕,3,환승,1,6호선 대흥 방면 → 5호선 마포 방면,B2 → B3 → B2 → B3,9,3,0,"[B2] 6호선 대흥 방면 승강장 하차 → 환승 엘리베이터(으)로 1개 층 내려가기 (B2 → B3, 엘리베이터) → [B3] 환승통로로 이동 → 6호선 효창공원앞 방면 엘리베이터(으)로 1개 층 올라가기 (B3 → B2, 엘리베이터) → [B2] 효창공원앞 방면 승강장으로 이동 → [B2] 5호선 방향 환승통로로 이동 → 5호선 승강장 방향 엘리베이터(으)로 1개 층 내려가기 (B2 → B3, 엘리베이터) → [B3] 5호선 마포 방면 승강장으로 이동 → [B3] 승차 (휠체어칸)","1. [B2] 6호선 대흥 방면 승강장 하차 | 2. 환승 엘리베이터(으)로 1개 층 내려가기 (B2 → B3, 엘리베이터) | 3. [B3] 환승통로로 이동 | 4. 6호선 효창공원앞 방면 엘리베이터(으)로 1개 층 올라가기 (B3 → B2, 엘리베이터) | 5. [B2] 효창공원앞 방면 승강장으로 이동 | 6. [B2] 5호선 방향 환승통로로 이동 | 7. 5호선 승강장 방향 엘리베이터(으)로 1개 층 내려가기 (B2 → B3, 엘리베이터) | 8. [B3] 5호선 마포 방면 승강장으로 이동 | 9. [B3] 승차 (휠체어칸)"
S1_6_0054,6호선,공덕,3,환승,2,6호선 대흥 방면 → 5호선 애오개 방면,B2 → B3 → B2 → B3,9,3,0,"[B2] 6호선 대흥 방면 승강장 하차 → 환승 엘리베이터(으)로 1개 층 내려가기 (B2 → B3, 엘리베이터) → [B3] 환승통로로 이동 → 6호선 효창공원앞 방면 엘리베이터(으)로 1개 층 올라가기 (B3 → B2, 엘리베이터) → [B2] 효창공원앞 방면 승강장으로 이동 → [B2] 5호선 방향 환승통로로 이동 → 5호선 승강장 방향 엘리베이터(으)로 1개 층 내려가기 (B2 → B3, 엘리베이터) → [B3] 5호선 애오개 방면 승강장으로 이동 → [B3] 승차 (휠체어칸)","1. [B2] 6호선 대흥 방면 승강장 하차 | 2. 환승 엘리베이터(으)로 1개 층 내려가기 (B2 → B3, 엘리베이터) | 3. [B3] 환승통로로 이동 | 4. 6호선 효창공원앞 방면 엘리베이터(으)로 1개 층 올라가기 (B3 → B2, 엘리베이터) | 5. [B2] 효창공원앞 방면 승강장으로 이동 | 6. [B2] 5호선 방향 환승통로로 이동 | 7. 5호선 승강장 방향 엘리베이터(으)로 1개 층 내려가기 (B2 → B3, 엘리베이터) | 8. [B3] 5호선 애오개 방면 승강장으로 이동 | 9. [B3] 승차 (휠체어칸)"
S1_6_0054,6호선,공덕,3,환승,3,6호선 효창공원앞 방면 → 5호선 마포 방면,B2 → B3,5,1,0,"[B2] 6호선 효창공원앞 방면 승강장 하차 → [B2] 5호선 방향 환승통로로 이동 → 5호선 승강장 방향 엘리베이터(으)로 1개 층 내려가기 (B2 → B3, 엘리베이터) → [B3] 5호선 마포 방면 승강장으로 이동 → [B3] 승차 (휠체어칸)","1. [B2] 6호선 효창공원앞 방면 승강장 하차 | 2. [B2] 5호선 방향 환승통로로 이동 | 3. 5호선 승강장 방향 엘리베이터(으)로 1개 층 내려가기 (B2 → B3, 엘리베이터) | 4. [B3] 5호선 마포 방면 승강장으로 이동 | 5. [B3] 승차 (휠체어칸)"
S1_6_0054,6호선,공덕,3,환승,4,6호선 효창공원앞 방면 → 5호선 애오개 방면,B2 → B3,5,1,0,"[B2] 6호선 효창공원앞 방면 승강장 하차 → [B2] 5호선 방향 환승통로로 이동 → 5호선 승강장 방향 엘리베이터(으)로 1개 층 내려가기 (B2 → B3, 엘리베이터) → [B3] 5호선 애오개 방면 승강장으로 이동 → [B3] 승차 (휠체어칸)","1. [B2] 6호선 효창공원앞 방면 승강장 하차 | 2. [B2] 5호선 방향 환승통로로 이동 | 3. 5호선 승강장 방향 엘리베이터(으)로 1개 층 내려가기 (B2 → B3, 엘리베이터) | 4. [B3] 5호선 애오개 방면 승강장으로 이동 | 5. [B3] 승차 (휠체어칸)"
S1_6_0054,6호선,공덕,3,환승,5,6호선 대흥 방면 → 경의중앙선 서강대 방면,B2 → B3 → B2,7,2,0,"[B2] 6호선 대흥 방면 승강장 하차 → 환승 엘리베이터(으)로 1개 층 내려가기 (B2 → B3, 엘리베이터) → [B3] 환승통로로 이동 → [B3] 공항철도 대합실로 이동 → 경의중앙선 서강대 방면 엘리베이터(으)로 1개 층 올라가기 (B3 → B2, 엘리베이터) → [B2] 경의중앙선 서강대 방면 승강장으로 이동 → [B2] 승차 (휠체어칸)","1. [B2] 6호선 대흥 방면 승강장 하차 | 2. 환승 엘리베이터(으)로 1개 층 내려가기 (B2 → B3, 엘리베이터) | 3. [B3] 환승통로로 이동 | 4. [B3] 공항철도 대합실로 이동 | 5. 경의중앙선 서강대 방면 엘리베이터(으)로 1개 층 올라가기 (B3 → B2, 엘리베이터) | 6. [B2] 경의중앙선 서강대 방면 승강장으로 이동 | 7. [B2] 승차 (휠체어칸)"
S1_6_0054,6호선,공덕,3,환승,6,6호선 대흥 방면 → 경의중앙선 효창공원앞 방면,B2 → B3 → B2,7,2,0,"[B2] 6호선 대흥 방면 승강장 하차 → 환승 엘리베이터(으)로 1개 층 내려가기 (B2 → B3, 엘리베이터) → [B3] 환승통로로 이동 → [B3] 공항철도 대합실로 이동 → 경의중앙선 효창공원앞 방면 엘리베이터(으)로 1개 층 올라가기 (B3 → B2, 엘리베이터) → [B2] 경의중앙선 효창공원앞 방면 승강장으로 이동 → [B2] 승차 (휠체어칸)","1. [B2] 6호선 대흥 방면 승강장 하차 | 2. 환승 엘리베이터(으)로 1개 층 내려가기 (B2 → B3, 엘리베이터) | 3. [B3] 환승통로로 이동 | 4. [B3] 공항철도 대합실로 이동 | 5. 경의중앙선 효창공원앞 방면 엘리베이터(으)로 1개 층 올라가기 (B3 → B2, 엘리베이터) | 6. [B2] 경의중앙선 효창공원앞 방면 승강장으로 이동 | 7. [B2] 승차 (휠체어칸)"
S1_6_0054,6호선,공덕,3,환승,7,6호선 효창공원앞 방면 → 경의중앙선 서강대 방면,B2 → B3 → B2,7,2,0,"[B2] 6호선 효창공원앞 방면 승강장 하차 → 환승 엘리베이터(으)로 1개 층 내려가기 (B2 → B3, 엘리베이터) → [B3] 환승통로로 이동 → [B3] 공항철도 대합실로 이동 → 경의중앙선 서강대 방면 엘리베이터(으)로 1개 층 올라가기 (B3 → B2, 엘리베이터) → [B2] 경의중앙선 서강대 방면 승강장으로 이동 → [B2] 승차 (휠체어칸)","1. [B2] 6호선 효창공원앞 방면 승강장 하차 | 2. 환승 엘리베이터(으)로 1개 층 내려가기 (B2 → B3, 엘리베이터) | 3. [B3] 환승통로로 이동 | 4. [B3] 공항철도 대합실로 이동 | 5. 경의중앙선 서강대 방면 엘리베이터(으)로 1개 층 올라가기 (B3 → B2, 엘리베이터) | 6. [B2] 경의중앙선 서강대 방면 승강장으로 이동 | 7. [B2] 승차 (휠체어칸)"
S1_6_0054,6호선,공덕,3,환승,8,6호선 효창공원앞 방면 → 경의중앙선 효창공원앞 방면,B2 → B3 → B2,7,2,0,"[B2] 6호선 효창공원앞 방면 승강장 하차 → 환승 엘리베이터(으)로 1개 층 내려가기 (B2 → B3, 엘리베이터) → [B3] 환승통로로 이동 → [B3] 공항철도 대합실로 이동 → 경의중앙선 효창공원앞 방면 엘리베이터(으)로 1개 층 올라가기 (B3 → B2, 엘리베이터) → [B2] 경의중앙선 효창공원앞 방면 승강장으로 이동 → [B2] 승차 (휠체어칸)","1. [B2] 6호선 효창공원앞 방면 승강장 하차 | 2. 환승 엘리베이터(으)로 1개 층 내려가기 (B2 → B3, 엘리베이터) | 3. [B3] 환승통로로 이동 | 4. [B3] 공항철도 대합실로 이동 | 5. 경의중앙선 효창공원앞 방면 엘리베이터(으)로 1개 층 올라가기 (B3 → B2, 엘리베이터) | 6. [B2] 경의중앙선 효창공원앞 방면 승강장으로 이동 | 7. [B2] 승차 (휠체어칸)"
S1_6_0054,6호선,공덕,3,환승,9,6호선 대흥 방면 → 공항철도 서울역 방면,B2 → B3 → B4,7,2,0,"[B2] 6호선 대흥 방면 승강장 하차 → 환승 엘리베이터(으)로 1개 층 내려가기 (B2 → B3, 엘리베이터) → [B3] 환승통로로 이동 → [B3] 공항철도 대합실로 이동 → 공항철도 서울역 방면 엘리베이터(으)로 1개 층 내려가기 (B3 → B4, 엘리베이터) → [B4] 공항철도 서울역 방면 승강장으로 이동 → [B4] 승차 (휠체어칸)","1. [B2] 6호선 대흥 방면 승강장 하차 | 2. 환승 엘리베이터(으)로 1개 층 내려가기 (B2 → B3, 엘리베이터) | 3. [B3] 환승통로로 이동 | 4. [B3] 공항철도 대합실로 이동 | 5. 공항철도 서울역 방면 엘리베이터(으)로 1개 층 내려가기 (B3 → B4, 엘리베이터) | 6. [B4] 공항철도 서울역 방면 승강장으로 이동 | 7. [B4] 승차 (휠체어칸)"
S1_6_0054,6호선,공덕,3,환승,10,6호선 대흥 방면 → 공항철도 홍대입구 방면,B2 → B3 → B4,7,2,0,"[B2] 6호선 대흥 방면 승강장 하차 → 환승 엘리베이터(으)로 1개 층 내려가기 (B2 → B3, 엘리베이터) → [B3] 환승통로로 이동 → [B3] 공항철도 대합실로 이동 → 공항철도 홍대입구 방면 엘리베이터(으)로 1개 층 내려가기 (B3 → B4, 엘리베이터) → [B4] 공항철도 홍대입구 방면 승강장으로 이동 → [B4] 승차 (휠체어칸)","1. [B2] 6호선 대흥 방면 승강장 하차 | 2. 환승 엘리베이터(으)로 1개 층 내려가기 (B2 → B3, 엘리베이터) | 3. [B3] 환승통로로 이동 | 4. [B3] 공항철도 대합실로 이동 | 5. 공항철도 홍대입구 방면 엘리베이터(으)로 1개 층 내려가기 (B3 → B4, 엘리베이터) | 6. [B4] 공항철도 홍대입구 방면 승강장으로 이동 | 7. [B4] 승차 (휠체어칸)"
S1_6_0054,6호선,공덕,3,환승,11,6호선 효창공원앞 방면 → 공항철도 서울역 방면,B2 → B3 → B4,7,2,0,"[B2] 6호선 효창공원앞 방면 승강장 하차 → 환승 엘리베이터(으)로 1개 층 내려가기 (B2 → B3, 엘리베이터) → [B3] 환승통로로 이동 → [B3] 공항철도 대합실로 이동 → 공항철도 서울역 방면 엘리베이터(으)로 1개 층 내려가기 (B3 → B4, 엘리베이터) → [B4] 공항철도 서울역 방면 승강장으로 이동 → [B4] 승차 (휠체어칸)","1. [B2] 6호선 효창공원앞 방면 승강장 하차 | 2. 환승 엘리베이터(으)로 1개 층 내려가기 (B2 → B3, 엘리베이터) | 3. [B3] 환승통로로 이동 | 4. [B3] 공항철도 대합실로 이동 | 5. 공항철도 서울역 방면 엘리베이터(으)로 1개 층 내려가기 (B3 → B4, 엘리베이터) | 6. [B4] 공항철도 서울역 방면 승강장으로 이동 | 7. [B4] 승차 (휠체어칸)"
S1_6_0054,6호선,공덕,3,환승,12,6호선 효창공원앞 방면 → 공항철도 홍대입구 방면,B2 → B3 → B4,7,2,0,"[B2] 6호선 효창공원앞 방면 승강장 하차 → 환승 엘리베이터(으)로 1개 층 내려가기 (B2 → B3, 엘리베이터) → [B3] 환승통로로 이동 → [B3] 공항철도 대합실로 이동 → 공항철도 홍대입구 방면 엘리베이터(으)로 1개 층 내려가기 (B3 → B4, 엘리베이터) → [B4] 공항철도 홍대입구 방면 승강장으로 이동 → [B4] 승차 (휠체어칸)","1. [B2] 6호선 효창공원앞 방면 승강장 하차 | 2. 환승 엘리베이터(으)로 1개 층 내려가기 (B2 → B3, 엘리베이터) | 3. [B3] 환승통로로 이동 | 4. [B3] 공항철도 대합실로 이동 | 5. 공항철도 홍대입구 방면 엘리베이터(으)로 1개 층 내려가기 (B3 → B4, 엘리베이터) | 6. [B4] 공항철도 홍대입구 방면 승강장으로 이동 | 7. [B4] 승차 (휠체어칸)"
S1_6_0609,6호선,효창공원앞,1,출입구-승강장,1,4번 출입구 근처 엘리베이터  → 공덕 방면,1F → B1 → B2 → B3,10,3,0,"경의중앙선 4번 출입구 근처 엘리베이터(으)로 1개 층 내려가기 (1F → B1, 엘리베이터) → [B1] 대합실로 이동 → [B1] 표내는 곳 통과 → 용산역 방향 엘리베이터(으)로 1개 층 내려가기 (B1 → B2, 엘리베이터) → [B2] 용산 방면 승강장으로 이동 → 경의중앙선 환승 엘리베이터(으)로 1개 층 내려가기 (B2 → B3, 엘리베이터) → [B3] 6호선 방향 환승통로 이동통해 6호선 B2 대합실로 이동 → [B3] 공덕 방면 승강장으로 이동 → [B3] 승차(휠체어칸) → 6호선 승강장 방향 엘리베이터 이용 (엘리베이터)","1. 경의중앙선 4번 출입구 근처 엘리베이터(으)로 1개 층 내려가기 (1F → B1, 엘리베이터) | 2. [B1] 대합실로 이동 | 3. [B1] 표내는 곳 통과 | 4. 용산역 방향 엘리베이터(으)로 1개 층 내려가기 (B1 → B2, 엘리베이터) | 5. [B2] 용산 방면 승강장으로 이동 | 6. 경의중앙선 환승 엘리베이터(으)로 1개 층 내려가기 (B2 → B3, 엘리베이터) | 7. [B3] 6호선 방향 환승통로 이동통해 6호선 B2 대합실로 이동 | 8. [B3] 공덕 방면 승강장으로 이동 | 9. [B3] 승차(휠체어칸) | 10. 6호선 승강장 방향 엘리베이터 이용 (엘리베이터)"
S1_6_0609,6호선,효창공원앞,1,출입구-승강장,2,4번 출입구 근처 엘리베이터  → 삼각지 방면,1F → B1 → B2 → B3,10,3,0,"경의중앙선 4번 출입구 근처 엘리베이터(으)로 1개 층 내려가기 (1F → B1, 엘리베이터) → [B1] 대합실로 이동 → [B1] 표내는 곳 통과 → 용산역 방향 엘리베이터(으)로 1개 층 내려가기 (B1 → B2, 엘리베이터) → [B2] 용산 방면 승강장으로 이동 → 경의중앙선 환승 엘리베이터(으)로 1개 층 내려가기 (B2 → B3, 엘리베이터) → [B3] 6호선 방향 환승통로 이동통해 6호선 B2 대합실로 이동 → [B3] 삼각지 방면 승강장으로 이동 → [B3] 승차(휠체어칸 → 6호선 승강장 방향 엘리베이터 이용 (엘리베이터)","1. 경의중앙선 4번 출입구 근처 엘리베이터(으)로 1개 층 내려가기 (1F → B1, 엘리베이터) | 2. [B1] 대합실로 이동 | 3. [B1] 표내는 곳 통과 | 4. 용산역 방향 엘리베이터(으)로 1개 층 내려가기 (B1 → B2, 엘리베이터) | 5. [B2] 용산 방면 승강장으로 이동 | 6. 경의중앙선 환승 엘리베이터(으)로 1개 층 내려가기 (B2 → B3, 엘리베이터) | 7. [B3] 6호선 방향 환승통로 이동통해 6호선 B2 대합실로 이동 | 8. [B3] 삼각지 방면 승강장으로 이동 | 9. [B3] 승차(휠체어칸 | 10. 6호선 승강장 방향 엘리베이터 이용 (엘리베이터)"
S1_6_0609,6호선,효창공원앞,3,환승,1,6호선 공덕 방면 → 경의중앙선 공덕 방면,B3 → B2 → B1 → B2,10,3,0,"[B3] 6호선 공덕 방면 승강장 하차 → 대합실 방향 엘리베이터(으)로 1개 층 올라가기 (B3 → B2, 엘리베이터) → [B2] 대합실로 이동 → [B2] 경의중앙선 방향 환승통로로 이동 → [B2] 용산 방면 승강장으로 이동 → 대합실 방향 엘리베이터(으)로 1개 층 올라가기 (B2 → B1, 엘리베이터) → [B1] 대합실로 이동 → 공덕 방면 엘리베이터(으)로 1개 층 내려가기 (B1 → B2, 엘리베이터) → [B2] 경의중앙선 공덕 방면 승강장으로 이동 → [B2] 승차 (휠체어칸)","1. [B3] 6호선 공덕 방면 승강장 하차 | 2. 대합실 방향 엘리베이터(으)로 1개 층 올라가기 (B3 → B2, 엘리베이터) | 3. [B2] 대합실로 이동 | 4. [B2] 경의중앙선 방향 환승통로로 이동 | 5. [B2] 용산 방면 승강장으로 이동 | 6. 대합실 방향 엘리베이터(으)로 1개 층 올라가기 (B2 → B1, 엘리베이터) | 7. [B1] 대합실로 이동 | 8. 공덕 방면 엘리베이터(으)로 1개 층 내려가기 (B1 → B2, 엘리베이터) | 9. [B2] 경의중앙선 공덕 방면 승강장으로 이동 | 10. [B2] 승차 (휠체어칸)"
S1_6_0609,6호선,효창공원앞,3,환승,2,6호선 공덕 방면 → 경의중앙선 용산 방면,B3 → B2,7,1,0,"[B3] 6호선 공덕 방면 승강장 하차 → 대합실 방향 엘리베이터(으)로 1개 층 올라가기 (B3 → B2, 엘리베이터) → [B2] 대합실로 이동 → [B2] 경의중앙선 방향 환승통로로 이동 → [B2] 경의중앙선 용산 방면 승강장으로 이동 → [B2] 승차 (휠체어칸) → 경의중앙선 환승 엘리베이터 이용 (엘리베이터)","1. [B3] 6호선 공덕 방면 승강장 하차 | 2. 대합실 방향 엘리베이터(으)로 1개 층 올라가기 (B3 → B2, 엘리베이터) | 3. [B2] 대합실로 이동 | 4. [B2] 경의중앙선 방향 환승통로로 이동 | 5. [B2] 경의중앙선 용산 방면 승강장으로 이동 | 6. [B2] 승차 (휠체어칸) | 7. 경의중앙선 환승 엘리베이터 이용 (엘리베이터)"
S1_6_0609,6호선,효창공원앞,3,환승,3,6호선 삼각지 방면 → 경의중앙선 공덕 방면,B3 → B2 → B1 → B2,10,3,0,"[B3] 6호선 삼각지 방면 승강장 하차 → 대합실 방향 엘리베이터(으)로 1개 층 올라가기 (B3 → B2, 엘리베이터) → [B2] 대합실로 이동 → [B2] 경의중앙선 방향 환승통로로 이동 → [B2] 용산 방면 승강장으로 이동 → 대합실 방향 엘리베이터(으)로 1개 층 올라가기 (B2 → B1, 엘리베이터) → [B1] 대합실로 이동 → 공덕 방면 엘리베이터(으)로 1개 층 내려가기 (B1 → B2, 엘리베이터) → [B2] 경의중앙선 공덕 방면 승강장으로 이동 → [B2] 승차 (휠체어칸)","1. [B3] 6호선 삼각지 방면 승강장 하차 | 2. 대합실 방향 엘리베이터(으)로 1개 층 올라가기 (B3 → B2, 엘리베이터) | 3. [B2] 대합실로 이동 | 4. [B2] 경의중앙선 방향 환승통로로 이동 | 5. [B2] 용산 방면 승강장으로 이동 | 6. 대합실 방향 엘리베이터(으)로 1개 층 올라가기 (B2 → B1, 엘리베이터) | 7. [B1] 대합실로 이동 | 8. 공덕 방면 엘리베이터(으)로 1개 층 내려가기 (B1 → B2, 엘리베이터) | 9. [B2] 경의중앙선 공덕 방면 승강장으로 이동 | 10. [B2] 승차 (휠체어칸)"
S1_6_0609,6호선,효창공원앞,3,환승,4,6호선 삼각지 방면 → 경의중앙선 용산 방면,B3 → B2,7,1,0,"[B3] 6호선 삼각지 방면 승강장 하차 → 대합실 방향 엘리베이터(으)로 1개 층 올라가기 (B3 → B2, 엘리베이터) → [B2] 대합실로 이동 → [B2] 경의중앙선 방향 환승통로로 이동 → [B2] 경의중앙선 용산 방면 승강장으로 이동 → [B2] 승차 (휠체어칸) → 경의중앙선 환승 엘리베이터 이용 (엘리베이터)","1. [B3] 6호선 삼각지 방면 승강장 하차 | 2. 대합실 방향 엘리베이터(으)로 1개 층 올라가기 (B3 → B2, 엘리베이터) | 3. [B2] 대합실로 이동 | 4. [B2] 경의중앙선 방향 환승통로로 이동 | 5. [B2] 경의중앙선 용산 방면 승강장으로 이동 | 6. [B2] 승차 (휠체어칸) | 7. 경의중앙선 환승 엘리베이터 이용 (엘리베이터)"
S1_6_0263,6호선,삼각지,1,출입구-승강장,1,8번 출입구 옆 엘리베이터 → 효창공원앞 방면,1F → B3 → B4,6,2,0,"8번 출입구 옆 엘리베이터(으)로 3개 층 내려가기 (1F → B3, 엘리베이터) → [B3] 대합실로 이동 → [B3] 표 내는 곳 통과 → 승강장 방향 엘리베이터(으)로 1개 층 내려가기 (B3 → B4, 엘리베이터) → [B4] 효창공원앞 방면 승강장으로 이동 → [B4] 승차 (휠체어칸)","1. 8번 출입구 옆 엘리베이터(으)로 3개 층 내려가기 (1F → B3, 엘리베이터) | 2. [B3] 대합실로 이동 | 3. [B3] 표 내는 곳 통과 | 4. 승강장 방향 엘리베이터(으)로 1개 층 내려가기 (B3 → B4, 엘리베이터) | 5. [B4] 효창공원앞 방면 승강장으로 이동 | 6. [B4] 승차 (휠체어칸)"
S1_6_0263,6호선,삼각지,1,출입구-승강장,2,8번 출입구 옆 엘리베이터 → 녹사평 방면,1F → B3 → B4,6,2,0,"8번 출입구 옆 엘리베이터(으)로 3개 층 내려가기 (1F → B3, 엘리베이터) → [B3] 대합실로 이동 → [B3] 표 내는 곳 통과 → 승강장 방향 엘리베이터(으)로 1개 층 내려가기 (B3 → B4, 엘리베이터) → [B4] 녹사평 방면 승강장으로 이동 → [B4] 승차 (휠체어칸)","1. 8번 출입구 옆 엘리베이터(으)로 3개 층 내려가기 (1F → B3, 엘리베이터) | 2. [B3] 대합실로 이동 | 3. [B3] 표 내는 곳 통과 | 4. 승강장 방향 엘리베이터(으)로 1개 층 내려가기 (B3 → B4, 엘리베이터) | 5. [B4] 녹사평 방면 승강장으로 이동 | 6. [B4] 승차 (휠체어칸)"
S1_6_0263,6호선,삼각지,1,출입구-승강장,3,12번 출입구 옆 엘리베이터 → 효창공원앞 방면,1F → B3 → B4,6,2,0,"12번 출입구 옆 엘리베이터(으)로 3개 층 내려가기 (1F → B3, 엘리베이터) → [B3] 대합실로 이동 → [B3] 표 내는 곳 통과 → 승강장 방향 엘리베이터(으)로 1개 층 내려가기 (B3 → B4, 엘리베이터) → [B4] 효창공원앞 방면 승강장으로 이동 → [B4] 승차 (휠체어칸)","1. 12번 출입구 옆 엘리베이터(으)로 3개 층 내려가기 (1F → B3, 엘리베이터) | 2. [B3] 대합실로 이동 | 3. [B3] 표 내는 곳 통과 | 4. 승강장 방향 엘리베이터(으)로 1개 층 내려가기 (B3 → B4, 엘리베이터) | 5. [B4] 효창공원앞 방면 승강장으로 이동 | 6. [B4] 승차 (휠체어칸)"
S1_6_0263,6호선,삼각지,1,출입구-승강장,4,12번 출입구 옆 엘리베이터 → 녹사평 방면,1F → B3 → B4,6,2,0,"12번 출입구 옆 엘리베이터(으)로 3개 층 내려가기 (1F → B3, 엘리베이터) → [B3] 대합실로 이동 → [B3] 표 내는 곳 통과 → 승강장 방향 엘리베이터(으)로 1개 층 내려가기 (B3 → B4, 엘리베이터) → [B4] 녹사평 방면 승강장으로 이동 → [B4] 승차 (휠체어칸)","1. 12번 출입구 옆 엘리베이터(으)로 3개 층 내려가기 (1F → B3, 엘리베이터) | 2. [B3] 대합실로 이동 | 3. [B3] 표 내는 곳 통과 | 4. 승강장 방향 엘리베이터(으)로 1개 층 내려가기 (B3 → B4, 엘리베이터) | 5. [B4] 녹사평 방면 승강장으로 이동 | 6. [B4] 승차 (휠체어칸)"
S1_6_0263,6호선,삼각지,3,환승,1,6호선 효창공원앞 방면 → 4호선 숙대입구 방면,B4 → B3 → B2,5,1,0,"[B4] 6호선 효창공원앞 방면 승강장 하차 → 4호선 숙대입구 방면 환승통로 방향 엘리베이터(으)로 1개 층 올라가기 (B4 → B3, 엘리베이터) → [B3] 환승통로로 이동 → [B2] 4호선 숙대입구 방면 승강장으로 이동 → [B2] 승차 (휠체어칸)","1. [B4] 6호선 효창공원앞 방면 승강장 하차 | 2. 4호선 숙대입구 방면 환승통로 방향 엘리베이터(으)로 1개 층 올라가기 (B4 → B3, 엘리베이터) | 3. [B3] 환승통로로 이동 | 4. [B2] 4호선 숙대입구 방면 승강장으로 이동 | 5. [B2] 승차 (휠체어칸)"
S1_6_0263,6호선,삼각지,3,환승,2,6호선 효창공원앞 방면 → 4호선 신용산 방면,B4 → B3 → B2,6,1,0,"[B4] 6호선 효창공원앞 방면 승강장 하차 → 효창공원앞 방면  1-1 근처 엘리베이터(으)로 1개 층 올라가기 (B4 → B3, 엘리베이터) → [B3] 대합실로 이동 → [B3] 환승통로로 이동 → [B2] 4호선 신용산 방면 승강장으로 이동 → [B2] 승차(휠체어칸","1. [B4] 6호선 효창공원앞 방면 승강장 하차 | 2. 효창공원앞 방면  1-1 근처 엘리베이터(으)로 1개 층 올라가기 (B4 → B3, 엘리베이터) | 3. [B3] 대합실로 이동 | 4. [B3] 환승통로로 이동 | 5. [B2] 4호선 신용산 방면 승강장으로 이동 | 6. [B2] 승차(휠체어칸"
S1_6_0263,6호선,삼각지,3,환승,3,6호선 녹사평 방면 → 4호선 숙대입구 방면,B4 → B3 → B2,5,1,0,"[B4] 6호선 녹사평 방면 승강장 하차 → 4호선 숙대입구 방면 환승통로 방향 엘리베이터(으)로 1개 층 올라가기 (B4 → B3, 엘리베이터) → [B3] 환승통로로 이동 → [B2] 4호선 숙대입구 방면 승강장으로 이동 → [B2] 승차 (휠체어칸)","1. [B4] 6호선 녹사평 방면 승강장 하차 | 2. 4호선 숙대입구 방면 환승통로 방향 엘리베이터(으)로 1개 층 올라가기 (B4 → B3, 엘리베이터) | 3. [B3] 환승통로로 이동 | 4. [B2] 4호선 숙대입구 방면 승강장으로 이동 | 5. [B2] 승차 (휠체어칸)"
S1_6_0263,6호선,삼각지,3,환승,4,6호선 녹사평 방면 → 4호선 신용산 방면,B4 → B3 → B2,6,1,0,"[B4] 6호선 녹사평 방면 승강장 하차 → 녹사평 방면  8-4 근처 엘리베이터(으)로 1개 층 올라가기 (B4 → B3, 엘리베이터) → [B3] 대합실로 이동 → [B3] 환승통로로 이동 → [B2] 4호선 신용산 방면 승강장으로 이동 → [B2] 승차(휠체어칸)","1. [B4] 6호선 녹사평 방면 승강장 하차 | 2. 녹사평 방면  8-4 근처 엘리베이터(으)로 1개 층 올라가기 (B4 → B3, 엘리베이터) | 3. [B3] 대합실로 이동 | 4. [B3] 환승통로로 이동 | 5. [B2] 4호선 신용산 방면 승강장으로 이동 | 6. [B2] 승차(휠체어칸)"
S1_6_0117,6호선,녹사평,1,출입구-승강장,1,3번 출입구 옆 엘리베이터 → 삼각지 방면,1F → B2 → B4 → B5,8,3,0,"1, 3번 출구 횡단보도 건너 엘리베이터(으)로 2개 층 내려가기 (1F → B2, 엘리베이터) → [B2] 대합실로 이동 → 엘리베이터(으)로 2개 층 내려가기 (B2 → B4, 엘리베이터) → [B4] 대합실로 이동 → [B4] 자동개집표기 구역 통과 → 승강장 방향 엘리베이터(으)로 1개 층 내려가기 (B4 → B5, 엘리베이터) → [B5] 삼각지 방면 승강장으로 이동 → [B5] 승차 (휠체어칸)","1. 1, 3번 출구 횡단보도 건너 엘리베이터(으)로 2개 층 내려가기 (1F → B2, 엘리베이터) | 2. [B2] 대합실로 이동 | 3. 엘리베이터(으)로 2개 층 내려가기 (B2 → B4, 엘리베이터) | 4. [B4] 대합실로 이동 | 5. [B4] 자동개집표기 구역 통과 | 6. 승강장 방향 엘리베이터(으)로 1개 층 내려가기 (B4 → B5, 엘리베이터) | 7. [B5] 삼각지 방면 승강장으로 이동 | 8. [B5] 승차 (휠체어칸)"
S1_6_0117,6호선,녹사평,1,출입구-승강장,2,3번 출입구 옆 엘리베이터 → 이태원 방면,1F → B2 → B4 → B5,8,3,0,"1, 3번 출구 횡단보도 건너 엘리베이터(으)로 2개 층 내려가기 (1F → B2, 엘리베이터) → [B2] 대합실로 이동 → 엘리베이터(으)로 2개 층 내려가기 (B2 → B4, 엘리베이터) → [B4] 대합실로 이동 → [B4] 자동개집표기 구역 통과 → 승강장 방향 엘리베이터(으)로 1개 층 내려가기 (B4 → B5, 엘리베이터) → [B5] 이태원 방면 승강장으로 이동 → [B5] 승차 (휠체어칸)","1. 1, 3번 출구 횡단보도 건너 엘리베이터(으)로 2개 층 내려가기 (1F → B2, 엘리베이터) | 2. [B2] 대합실로 이동 | 3. 엘리베이터(으)로 2개 층 내려가기 (B2 → B4, 엘리베이터) | 4. [B4] 대합실로 이동 | 5. [B4] 자동개집표기 구역 통과 | 6. 승강장 방향 엘리베이터(으)로 1개 층 내려가기 (B4 → B5, 엘리베이터) | 7. [B5] 이태원 방면 승강장으로 이동 | 8. [B5] 승차 (휠체어칸)"
S1_6_0479,6호선,이태원,1,출입구-승강장,1,2번 출입구 옆 엘리베이터 → 녹사평 방면,1F → B1 → B5,6,2,0,"2번 출입구 옆 엘리베이터(으)로 1개 층 내려가기 (1F → B1, 엘리베이터) → [B1] 대합실로 이동 → [B1] 표 내는 곳 통과 → 승강장 방향 엘리베이터(으)로 4개 층 내려가기 (B1 → B5, 엘리베이터) → [B5] 녹사평 방면 승강장으로 이동 → [B5] 승차 (휠체어칸)","1. 2번 출입구 옆 엘리베이터(으)로 1개 층 내려가기 (1F → B1, 엘리베이터) | 2. [B1] 대합실로 이동 | 3. [B1] 표 내는 곳 통과 | 4. 승강장 방향 엘리베이터(으)로 4개 층 내려가기 (B1 → B5, 엘리베이터) | 5. [B5] 녹사평 방면 승강장으로 이동 | 6. [B5] 승차 (휠체어칸)"
S1_6_0479,6호선,이태원,1,출입구-승강장,2,2번 출입구 옆 엘리베이터 → 한강진 방면,1F → B1 → B5,6,2,0,"2번 출입구 옆 엘리베이터(으)로 1개 층 내려가기 (1F → B1, 엘리베이터) → [B1] 대합실로 이동 → [B1] 표 내는 곳 통과 → 승강장 방향 엘리베이터(으)로 4개 층 내려가기 (B1 → B5, 엘리베이터) → [B5] 한강진 방면 승강장으로 이동 → [B5] 승차 (휠체어칸)","1. 2번 출입구 옆 엘리베이터(으)로 1개 층 내려가기 (1F → B1, 엘리베이터) | 2. [B1] 대합실로 이동 | 3. [B1] 표 내는 곳 통과 | 4. 승강장 방향 엘리베이터(으)로 4개 층 내려가기 (B1 → B5, 엘리베이터) | 5. [B5] 한강진 방면 승강장으로 이동 | 6. [B5] 승차 (휠체어칸)"
S1_6_0584,6호선,한강진,1,출입구-승강장,1,3번 출입구 옆 엘리베이터 → 이태원 방면,1F → B1 → B3 → B4,8,3,0,"3번 출입구 옆 엘리베이터(으)로 1개 층 내려가기 (1F → B1, 엘리베이터) → [B1] 대합실로 이동 → [B1] 표 내는 곳 통과 → 엘리베이터(으)로 2개 층 내려가기 (B1 → B3, 엘리베이터) → [B3] 대합실로 이동 → 이태원 방면 엘리베이터(으)로 1개 층 내려가기 (B3 → B4, 엘리베이터) → [B4] 이태원 방면 승강장으로 이동 → [B4] 승차 (휠체어칸)","1. 3번 출입구 옆 엘리베이터(으)로 1개 층 내려가기 (1F → B1, 엘리베이터) | 2. [B1] 대합실로 이동 | 3. [B1] 표 내는 곳 통과 | 4. 엘리베이터(으)로 2개 층 내려가기 (B1 → B3, 엘리베이터) | 5. [B3] 대합실로 이동 | 6. 이태원 방면 엘리베이터(으)로 1개 층 내려가기 (B3 → B4, 엘리베이터) | 7. [B4] 이태원 방면 승강장으로 이동 | 8. [B4] 승차 (휠체어칸)"
S1_6_0584,6호선,한강진,1,출입구-승강장,2,3번 출입구 옆 엘리베이터 → 버티고개 방면,1F → B1 → B4,6,2,0,"3번 출입구 옆 엘리베이터(으)로 1개 층 내려가기 (1F → B1, 엘리베이터) → [B1] 대합실로 이동 → [B1] 표 내는 곳 통과 → 엘리베이터(으)로 3개 층 내려가기 (B1 → B4, 엘리베이터) → [B4] 버티고개 방면 승강장으로 이동 → [B4] 승차 (휠체어칸)","1. 3번 출입구 옆 엘리베이터(으)로 1개 층 내려가기 (1F → B1, 엘리베이터) | 2. [B1] 대합실로 이동 | 3. [B1] 표 내는 곳 통과 | 4. 엘리베이터(으)로 3개 층 내려가기 (B1 → B4, 엘리베이터) | 5. [B4] 버티고개 방면 승강장으로 이동 | 6. [B4] 승차 (휠체어칸)"
S1_6_0227,6호선,버티고개,1,출입구-승강장,1,2번 출입구 옆 엘리베이터 → 한강진 방면,1F → B1 → B2 → B3 → B4,10,4,0,"2번 출입구 옆 엘리베이터(으)로 1개 층 내려가기 (1F → B1, 엘리베이터) → [B1] 대합실로 이동 → [B1] 표 내는 곳 통과 → 엘리베이터(으)로 1개 층 내려가기 (B1 → B2, 엘리베이터) → [B2] 대합실로 이동 → 경사 엘리베이터(으)로 1개 층 내려가기 (B2 → B3, 엘리베이터) → [B3] 대합실로 이동 → 한강진 방면 엘리베이터(으)로 1개 층 내려가기 (B3 → B4, 엘리베이터) → [B4] 한강진 방면 승강장으로 이동 → [B4] 승차 (휠체어칸)","1. 2번 출입구 옆 엘리베이터(으)로 1개 층 내려가기 (1F → B1, 엘리베이터) | 2. [B1] 대합실로 이동 | 3. [B1] 표 내는 곳 통과 | 4. 엘리베이터(으)로 1개 층 내려가기 (B1 → B2, 엘리베이터) | 5. [B2] 대합실로 이동 | 6. 경사 엘리베이터(으)로 1개 층 내려가기 (B2 → B3, 엘리베이터) | 7. [B3] 대합실로 이동 | 8. 한강진 방면 엘리베이터(으)로 1개 층 내려가기 (B3 → B4, 엘리베이터) | 9. [B4] 한강진 방면 승강장으로 이동 | 10. [B4] 승차 (휠체어칸)"
S1_6_0227,6호선,버티고개,1,출입구-승강장,2,2번 출입구 옆 엘리베이터 → 약수 방면,1F → B1 → B2 → B3 → B4,10,4,0,"2번 출입구 옆 엘리베이터(으)로 1개 층 내려가기 (1F → B1, 엘리베이터) → [B1] 대합실로 이동 → [B1] 표 내는 곳 통과 → 엘리베이터(으)로 1개 층 내려가기 (B1 → B2, 엘리베이터) → [B2] 대합실로 이동 → 경사 엘리베이터(으)로 1개 층 내려가기 (B2 → B3, 엘리베이터) → [B3] 대합실로 이동 → 약수 방면 엘리베이터(으)로 1개 층 내려가기 (B3 → B4, 엘리베이터) → [B4] 약수 방면 승강장으로 이동 → [B4] 승차 (휠체어칸)","1. 2번 출입구 옆 엘리베이터(으)로 1개 층 내려가기 (1F → B1, 엘리베이터) | 2. [B1] 대합실로 이동 | 3. [B1] 표 내는 곳 통과 | 4. 엘리베이터(으)로 1개 층 내려가기 (B1 → B2, 엘리베이터) | 5. [B2] 대합실로 이동 | 6. 경사 엘리베이터(으)로 1개 층 내려가기 (B2 → B3, 엘리베이터) | 7. [B3] 대합실로 이동 | 8. 약수 방면 엘리베이터(으)로 1개 층 내려가기 (B3 → B4, 엘리베이터) | 9. [B4] 약수 방면 승강장으로 이동 | 10. [B4] 승차 (휠체어칸)"
S1_6_0397,6호선,약수,1,출입구-승강장,1,3번 출입구 옆 엘리베이터 → 버티고개 방면,1F → B1 → B3,6,2,0,"3번 출입구 옆 엘리베이터(으)로 1개 층 내려가기 (1F → B1, 엘리베이터) → [B1] 3호선 대합실로 이동 → [B1] 6호선 대합실로 이동 → 엘리베이터(으)로 2개 층 내려가기 (B1 → B3, 엘리베이터) → [B3] 버티고개 방면 승강장으로 이동 → [B3] 승차 (휠체어칸)","1. 3번 출입구 옆 엘리베이터(으)로 1개 층 내려가기 (1F → B1, 엘리베이터) | 2. [B1] 3호선 대합실로 이동 | 3. [B1] 6호선 대합실로 이동 | 4. 엘리베이터(으)로 2개 층 내려가기 (B1 → B3, 엘리베이터) | 5. [B3] 버티고개 방면 승강장으로 이동 | 6. [B3] 승차 (휠체어칸)"
S1_6_0397,6호선,약수,1,출입구-승강장,2,3번 출입구 옆 엘리베이터 → 청구 방면,1F → B1 → B2 → B3,9,3,0,"3번 출입구 옆 엘리베이터(으)로 1개 층 내려가기 (1F → B1, 엘리베이터) → [B1] 3호선 대합실로 이동 → [B1] 6호선 대합실로 이동 → 엘리베이터(으)로 1개 층 내려가기 (B1 → B2, 엘리베이터) → [B2] 대합실로 이동 → [B2] 표 내는 곳 통과 → 청구 방면 엘리베이터(으)로 1개 층 내려가기 (B2 → B3, 엘리베이터) → [B3] 청구 방면 승강장으로 이동 → [B3] 승차 (휠체어칸)","1. 3번 출입구 옆 엘리베이터(으)로 1개 층 내려가기 (1F → B1, 엘리베이터) | 2. [B1] 3호선 대합실로 이동 | 3. [B1] 6호선 대합실로 이동 | 4. 엘리베이터(으)로 1개 층 내려가기 (B1 → B2, 엘리베이터) | 5. [B2] 대합실로 이동 | 6. [B2] 표 내는 곳 통과 | 7. 청구 방면 엘리베이터(으)로 1개 층 내려가기 (B2 → B3, 엘리베이터) | 8. [B3] 청구 방면 승강장으로 이동 | 9. [B3] 승차 (휠체어칸)"
S1_6_0397,6호선,약수,3,환승,1,6호선 버티고개 방면 → 3호선 동대입구 방면,B3 → B1 → B2,8,2,0,"[B3] 6호선 버티고개 방면 승강장 하차 → 대합실 방향 엘리베이터(으)로 2개 층 올라가기 (B3 → B1, 엘리베이터) → [B1] 대합실로 이동 → [B1] 3호선 대합실로 이동 → [B1] 표 내는 곳 통과 → 승강장 방향 엘리베이터(으)로 1개 층 내려가기 (B1 → B2, 엘리베이터) → [B2] 3호선 동대입구 방면 승강장으로 이동 → [B2] 승차 (휠체어칸)","1. [B3] 6호선 버티고개 방면 승강장 하차 | 2. 대합실 방향 엘리베이터(으)로 2개 층 올라가기 (B3 → B1, 엘리베이터) | 3. [B1] 대합실로 이동 | 4. [B1] 3호선 대합실로 이동 | 5. [B1] 표 내는 곳 통과 | 6. 승강장 방향 엘리베이터(으)로 1개 층 내려가기 (B1 → B2, 엘리베이터) | 7. [B2] 3호선 동대입구 방면 승강장으로 이동 | 8. [B2] 승차 (휠체어칸)"
S1_6_0397,6호선,약수,3,환승,2,6호선 버티고개 방면 → 3호선 금호 방면,B3 → B1 → B2,8,2,0,"[B3] 6호선 버티고개 방면 승강장 하차 → 대합실 방향 엘리베이터(으)로 2개 층 올라가기 (B3 → B1, 엘리베이터) → [B1] 대합실로 이동 → [B1] 3호선 대합실로 이동 → [B1] 표 내는 곳 통과 → 승강장 방향 엘리베이터(으)로 1개 층 내려가기 (B1 → B2, 엘리베이터) → [B2] 3호선 금호 방면 승강장으로 이동 → [B2] 승차 (휠체어칸)","1. [B3] 6호선 버티고개 방면 승강장 하차 | 2. 대합실 방향 엘리베이터(으)로 2개 층 올라가기 (B3 → B1, 엘리베이터) | 3. [B1] 대합실로 이동 | 4. [B1] 3호선 대합실로 이동 | 5. [B1] 표 내는 곳 통과 | 6. 승강장 방향 엘리베이터(으)로 1개 층 내려가기 (B1 → B2, 엘리베이터) | 7. [B2] 3호선 금호 방면 승강장으로 이동 | 8. [B2] 승차 (휠체어칸)"
S1_6_0397,6호선,약수,3,환승,3,6호선 청구 방면 → 3호선 동대입구 방면,B3 → B2 → B1 → B2,11,3,0,"[B3] 6호선 청구 방면 승강장 하차 → 대합실 방향 엘리베이터(으)로 1개 층 올라가기 (B3 → B2, 엘리베이터) → [B2] 대합실로 이동 → [B2] 표 내는 곳 통과 → 대합실 방향 엘리베이터(으)로 1개 층 올라가기 (B2 → B1, 엘리베이터) → [B1] 대합실로 이동 → [B1] 3호선 대합실로 이동 → [B1] 표 내는 곳 통과 → 승강장 방향 엘리베이터(으)로 1개 층 내려가기 (B1 → B2, 엘리베이터) → [B2] 3호선 동대입구 방면 승강장으로 이동 → [B2] 승차 (휠체어칸)","1. [B3] 6호선 청구 방면 승강장 하차 | 2. 대합실 방향 엘리베이터(으)로 1개 층 올라가기 (B3 → B2, 엘리베이터) | 3. [B2] 대합실로 이동 | 4. [B2] 표 내는 곳 통과 | 5. 대합실 방향 엘리베이터(으)로 1개 층 올라가기 (B2 → B1, 엘리베이터) | 6. [B1] 대합실로 이동 | 7. [B1] 3호선 대합실로 이동 | 8. [B1] 표 내는 곳 통과 | 9. 승강장 방향 엘리베이터(으)로 1개 층 내려가기 (B1 → B2, 엘리베이터) | 10. [B2] 3호선 동대입구 방면 승강장으로 이동 | 11. [B2] 승차 (휠체어칸)"
S1_6_0397,6호선,약수,3,환승,4,6호선 청구 방면 → 3호선 금호 방면,B3 → B2 → B1 → B2,11,3,0,"[B3] 6호선 청구 방면 승강장 하차 → 대합실 방향 엘리베이터(으)로 1개 층 올라가기 (B3 → B2, 엘리베이터) → [B2] 대합실로 이동 → [B2] 표 내는 곳 통과 → 대합실 방향 엘리베이터(으)로 1개 층 올라가기 (B2 → B1, 엘리베이터) → [B1] 대합실로 이동 → [B1] 3호선 대합실로 이동 → [B1] 표 내는 곳 통과 → 승강장 방향 엘리베이터(으)로 1개 층 내려가기 (B1 → B2, 엘리베이터) → [B2] 3호선 금호 방면 승강장으로 이동 → [B2] 승차 (휠체어칸)","1. [B3] 6호선 청구 방면 승강장 하차 | 2. 대합실 방향 엘리베이터(으)로 1개 층 올라가기 (B3 → B2, 엘리베이터) | 3. [B2] 대합실로 이동 | 4. [B2] 표 내는 곳 통과 | 5. 대합실 방향 엘리베이터(으)로 1개 층 올라가기 (B2 → B1, 엘리베이터) | 6. [B1] 대합실로 이동 | 7. [B1] 3호선 대합실로 이동 | 8. [B1] 표 내는 곳 통과 | 9. 승강장 방향 엘리베이터(으)로 1개 층 내려가기 (B1 → B2, 엘리베이터) | 10. [B2] 3호선 금호 방면 승강장으로 이동 | 11. [B2] 승차 (휠체어칸)"
S1_6_0549,6호선,청구,1,출입구-승강장,1,1번 출입구 옆 엘리베이터 → 약수 방면,1F → B1 → B2,6,2,0,"1번 출입구 옆 엘리베이터(으)로 1개 층 내려가기 (1F → B1, 엘리베이터) → [B1] 대합실로 이동 → [B1] 표 내는 곳 통과 → 약수 방면 엘리베이터(으)로 1개 층 내려가기 (B1 → B2, 엘리베이터) → [B2] 약수 방면 승강장으로 이동 → [B2] 승차 (휠체어칸)","1. 1번 출입구 옆 엘리베이터(으)로 1개 층 내려가기 (1F → B1, 엘리베이터) | 2. [B1] 대합실로 이동 | 3. [B1] 표 내는 곳 통과 | 4. 약수 방면 엘리베이터(으)로 1개 층 내려가기 (B1 → B2, 엘리베이터) | 5. [B2] 약수 방면 승강장으로 이동 | 6. [B2] 승차 (휠체어칸)"
S1_6_0549,6호선,청구,1,출입구-승강장,2,1번 출입구 옆 엘리베이터 → 신당 방면,1F → B1 → B2,6,2,0,"1번 출입구 옆 엘리베이터(으)로 1개 층 내려가기 (1F → B1, 엘리베이터) → [B1] 대합실로 이동 → [B1] 표 내는 곳 통과 → 신당 방면 엘리베이터(으)로 1개 층 내려가기 (B1 → B2, 엘리베이터) → [B2] 신당 방면 승강장으로 이동 → [B2] 승차 (휠체어칸)","1. 1번 출입구 옆 엘리베이터(으)로 1개 층 내려가기 (1F → B1, 엘리베이터) | 2. [B1] 대합실로 이동 | 3. [B1] 표 내는 곳 통과 | 4. 신당 방면 엘리베이터(으)로 1개 층 내려가기 (B1 → B2, 엘리베이터) | 5. [B2] 신당 방면 승강장으로 이동 | 6. [B2] 승차 (휠체어칸)"
S1_6_0549,6호선,청구,1,출입구-승강장,3,3번 출입구 옆 엘리베이터 → 약수 방면,1F → B1 → B2,6,2,0,"3번 출입구 옆 엘리베이터(으)로 1개 층 내려가기 (1F → B1, 엘리베이터) → [B1] 대합실로 이동 → [B1] 표 내는 곳 통과 → 약수 방면 엘리베이터(으)로 1개 층 내려가기 (B1 → B2, 엘리베이터) → [B2] 약수 방면 승강장으로 이동 → [B2] 승차 (휠체어칸)","1. 3번 출입구 옆 엘리베이터(으)로 1개 층 내려가기 (1F → B1, 엘리베이터) | 2. [B1] 대합실로 이동 | 3. [B1] 표 내는 곳 통과 | 4. 약수 방면 엘리베이터(으)로 1개 층 내려가기 (B1 → B2, 엘리베이터) | 5. [B2] 약수 방면 승강장으로 이동 | 6. [B2] 승차 (휠체어칸)"
S1_6_0549,6호선,청구,1,출입구-승강장,4,3번 출입구 옆 엘리베이터 → 신당 방면,1F → B1 → B2,6,2,0,"3번 출입구 옆 엘리베이터(으)로 1개 층 내려가기 (1F → B1, 엘리베이터) → [B1] 대합실로 이동 → [B1] 표 내는 곳 통과 → 신당 방면 엘리베이터(으)로 1개 층 내려가기 (B1 → B2, 엘리베이터) → [B2] 신당 방면 승강장으로 이동 → [B2] 승차 (휠체어칸)","1. 3번 출입구 옆 엘리베이터(으)로 1개 층 내려가기 (1F → B1, 엘리베이터) | 2. [B1] 대합실로 이동 | 3. [B1] 표 내는 곳 통과 | 4. 신당 방면 엘리베이터(으)로 1개 층 내려가기 (B1 → B2, 엘리베이터) | 5. [B2] 신당 방면 승강장으로 이동 | 6. [B2] 승차 (휠체어칸)"
S1_6_0549,6호선,청구,3,환승,1,6호선 약수 방면 → 5호선 동대문역사문화공원 방면,B2 → B3 → B4,6,2,0,"[B2] 6호선 약수 방면 승강장 하차 → 5호선 대합실 방향 엘리베이터(으)로 1개 층 내려가기 (B2 → B3, 엘리베이터) → [B3] 5호선 대합실로 이동 → 승강장 방향 중앙 엘리베이터(으)로 1개 층 내려가기 (B3 → B4, 엘리베이터) → [B4] 5호선 동대문역사문화공원 방면 승강장으로 이동 → [B4] 승차 (휠체어칸)","1. [B2] 6호선 약수 방면 승강장 하차 | 2. 5호선 대합실 방향 엘리베이터(으)로 1개 층 내려가기 (B2 → B3, 엘리베이터) | 3. [B3] 5호선 대합실로 이동 | 4. 승강장 방향 중앙 엘리베이터(으)로 1개 층 내려가기 (B3 → B4, 엘리베이터) | 5. [B4] 5호선 동대문역사문화공원 방면 승강장으로 이동 | 6. [B4] 승차 (휠체어칸)"
S1_6_0549,6호선,청구,3,환승,2,6호선 약수 방면 → 5호선 신금호 방면,B2 → B3 → B4,6,2,0,"[B2] 6호선 약수 방면 승강장 하차 → 5호선 대합실 방향 엘리베이터(으)로 1개 층 내려가기 (B2 → B3, 엘리베이터) → [B3] 5호선 대합실로 이동 → 승강장 방향 중앙 엘리베이터(으)로 1개 층 내려가기 (B3 → B4, 엘리베이터) → [B4] 5호선 신금호 방면 승강장으로 이동 → [B4] 승차 (휠체어칸)","1. [B2] 6호선 약수 방면 승강장 하차 | 2. 5호선 대합실 방향 엘리베이터(으)로 1개 층 내려가기 (B2 → B3, 엘리베이터) | 3. [B3] 5호선 대합실로 이동 | 4. 승강장 방향 중앙 엘리베이터(으)로 1개 층 내려가기 (B3 → B4, 엘리베이터) | 5. [B4] 5호선 신금호 방면 승강장으로 이동 | 6. [B4] 승차 (휠체어칸)"
S1_6_0549,6호선,청구,3,환승,3,6호선 신당 방면 → 5호선 동대문역사문화공원 방면,B2 → B3 → B4,6,2,0,"[B2] 6호선 신당 방면 승강장 하차 → 5호선 대합실 방향 엘리베이터(으)로 1개 층 내려가기 (B2 → B3, 엘리베이터) → [B3] 5호선 대합실로 이동 → 승강장 방향 중앙 엘리베이터(으)로 1개 층 내려가기 (B3 → B4, 엘리베이터) → [B4] 5호선 동대문역사문화공원 방면 승강장으로 이동 → [B4] 승차 (휠체어칸)","1. [B2] 6호선 신당 방면 승강장 하차 | 2. 5호선 대합실 방향 엘리베이터(으)로 1개 층 내려가기 (B2 → B3, 엘리베이터) | 3. [B3] 5호선 대합실로 이동 | 4. 승강장 방향 중앙 엘리베이터(으)로 1개 층 내려가기 (B3 → B4, 엘리베이터) | 5. [B4] 5호선 동대문역사문화공원 방면 승강장으로 이동 | 6. [B4] 승차 (휠체어칸)"
S1_6_0549,6호선,청구,3,환승,4,6호선 신당 방면 → 5호선 신금호 방면,B2 → B3 → B4,6,2,0,"[B2] 6호선 신당 방면 승강장 하차 → 5호선 대합실 방향 엘리베이터(으)로 1개 층 내려가기 (B2 → B3, 엘리베이터) → [B3] 5호선 대합실로 이동 → 승강장 방향 중앙 엘리베이터(으)로 1개 층 내려가기 (B3 → B4, 엘리베이터) → [B4] 5호선 신금호 방면 승강장으로 이동 → [B4] 승차 (휠체어칸)","1. [B2] 6호선 신당 방면 승강장 하차 | 2. 5호선 대합실 방향 엘리베이터(으)로 1개 층 내려가기 (B2 → B3, 엘리베이터) | 3. [B3] 5호선 대합실로 이동 | 4. 승강장 방향 중앙 엘리베이터(으)로 1개 층 내려가기 (B3 → B4, 엘리베이터) | 5. [B4] 5호선 신금호 방면 승강장으로 이동 | 6. [B4] 승차 (휠체어칸)"
S1_6_0356,6호선,신당,1,출입구-승강장,1,11번 출입구 옆 엘리베이터 → 청구 방면,1F → B1 → B3,6,2,0,"11번 출입구 옆 엘리베이터(으)로 1개 층 내려가기 (1F → B1, 엘리베이터) → [B1] 대합실로 이동 → [B1] 표 내는 곳 통과 → 승강장 방향 엘리베이터(으)로 2개 층 내려가기 (B1 → B3, 엘리베이터) → [B3] 청구 방면 승강장으로 이동 → [B3] 승차 (휠체어칸)","1. 11번 출입구 옆 엘리베이터(으)로 1개 층 내려가기 (1F → B1, 엘리베이터) | 2. [B1] 대합실로 이동 | 3. [B1] 표 내는 곳 통과 | 4. 승강장 방향 엘리베이터(으)로 2개 층 내려가기 (B1 → B3, 엘리베이터) | 5. [B3] 청구 방면 승강장으로 이동 | 6. [B3] 승차 (휠체어칸)"
S1_6_0356,6호선,신당,1,출입구-승강장,2,11번 출입구 옆 엘리베이터 → 동묘앞 방면,1F → B1 → B3,6,2,0,"11번 출입구 옆 엘리베이터(으)로 1개 층 내려가기 (1F → B1, 엘리베이터) → [B1] 대합실로 이동 → [B1] 표 내는 곳 통과 → 승강장 방향 엘리베이터(으)로 2개 층 내려가기 (B1 → B3, 엘리베이터) → [B3] 동묘앞 방면 승강장으로 이동 → [B3] 승차 (휠체어칸)","1. 11번 출입구 옆 엘리베이터(으)로 1개 층 내려가기 (1F → B1, 엘리베이터) | 2. [B1] 대합실로 이동 | 3. [B1] 표 내는 곳 통과 | 4. 승강장 방향 엘리베이터(으)로 2개 층 내려가기 (B1 → B3, 엘리베이터) | 5. [B3] 동묘앞 방면 승강장으로 이동 | 6. [B3] 승차 (휠체어칸)"
S1_6_0356,6호선,신당,3,환승,1,6호선 청구 방면 → 2호선 동대문역사문화공원 방면,B2 → B1 → B2,7,0,0,"[B2] 6호선 청구 방면 승강장 하차 → [B2] 대합실로 이동 → 환승통로 방향 휠체어리프트(으)로 1개 층 올라가기 (B2 → B1, 휠체어리프트) → [B1] 환승통로로 이동 → 2호선 동대문역사문화공원 방면 휠체어리프트(으)로 1개 층 내려가기 (B1 → B2, 휠체어리프트) → [B2] 2호선 동대문역사문화공원 방면 승강장으로 이동 → [B2] 승차 (휠체어칸)","1. [B2] 6호선 청구 방면 승강장 하차 | 2. [B2] 대합실로 이동 | 3. 환승통로 방향 휠체어리프트(으)로 1개 층 올라가기 (B2 → B1, 휠체어리프트) | 4. [B1] 환승통로로 이동 | 5. 2호선 동대문역사문화공원 방면 휠체어리프트(으)로 1개 층 내려가기 (B1 → B2, 휠체어리프트) | 6. [B2] 2호선 동대문역사문화공원 방면 승강장으로 이동 | 7. [B2] 승차 (휠체어칸)"
S1_6_0356,6호선,신당,3,환승,2,6호선 청구 방면 → 2호선 상왕십리 방면,B2 → B1 → B2,7,0,0,"[B2] 6호선 청구 방면 승강장 하차 → [B2] 대합실로 이동 → 환승통로 방향 휠체어리프트(으)로 1개 층 올라가기 (B2 → B1, 휠체어리프트) → [B1] 환승통로로 이동 → 2호선 상왕십리 방면 휠체어리프트(으)로 1개 층 내려가기 (B1 → B2, 휠체어리프트) → [B2] 2호선 상왕십리 방면 승강장으로 이동 → [B2] 승차 (휠체어칸)","1. [B2] 6호선 청구 방면 승강장 하차 | 2. [B2] 대합실로 이동 | 3. 환승통로 방향 휠체어리프트(으)로 1개 층 올라가기 (B2 → B1, 휠체어리프트) | 4. [B1] 환승통로로 이동 | 5. 2호선 상왕십리 방면 휠체어리프트(으)로 1개 층 내려가기 (B1 → B2, 휠체어리프트) | 6. [B2] 2호선 상왕십리 방면 승강장으로 이동 | 7. [B2] 승차 (휠체어칸)"
S1_6_0356,6호선,신당,3,환승,3,6호선 동묘앞 방면 → 2호선 동대문역사문화공원 방면,B2 → B1 → B2,7,0,0,"[B2] 6호선 동묘앞 방면 승강장 하차 → [B2] 대합실로 이동 → 환승통로 방향 휠체어리프트(으)로 1개 층 올라가기 (B2 → B1, 휠체어리프트) → [B1] 환승통로로 이동 → 2호선 동대문역사문화공원 방면 휠체어리프트(으)로 1개 층 내려가기 (B1 → B2, 휠체어리프트) → [B2] 2호선 동대문역사문화공원 방면 승강장으로 이동 → [B2] 승차 (휠체어칸)","1. [B2] 6호선 동묘앞 방면 승강장 하차 | 2. [B2] 대합실로 이동 | 3. 환승통로 방향 휠체어리프트(으)로 1개 층 올라가기 (B2 → B1, 휠체어리프트) | 4. [B1] 환승통로로 이동 | 5. 2호선 동대문역사문화공원 방면 휠체어리프트(으)로 1개 층 내려가기 (B1 → B2, 휠체어리프트) | 6. [B2] 2호선 동대문역사문화공원 방면 승강장으로 이동 | 7. [B2] 승차 (휠체어칸)"
S1_6_0356,6호선,신당,3,환승,4,6호선 동묘앞 방면 → 2호선 상왕십리 방면,B2 → B1 → B2,7,0,0,"[B2] 6호선 동묘앞 방면 승강장 하차 → [B2] 대합실로 이동 → 환승통로 방향 휠체어리프트(으)로 1개 층 올라가기 (B2 → B1, 휠체어리프트) → [B1] 환승통로로 이동 → 2호선 상왕십리 방면 휠체어리프트(으)로 1개 층 내려가기 (B1 → B2, 휠체어리프트) → [B2] 2호선 상왕십리 방면 승강장으로 이동 → [B2] 승차 (휠체어칸)","1. [B2] 6호선 동묘앞 방면 승강장 하차 | 2. [B2] 대합실로 이동 | 3. 환승통로 방향 휠체어리프트(으)로 1개 층 올라가기 (B2 → B1, 휠체어리프트) | 4. [B1] 환승통로로 이동 | 5. 2호선 상왕십리 방면 휠체어리프트(으)로 1개 층 내려가기 (B1 → B2, 휠체어리프트) | 6. [B2] 2호선 상왕십리 방면 승강장으로 이동 | 7. [B2] 승차 (휠체어칸)"
S1_6_0161,6호선,동묘앞,1,출입구-승강장,1,2번 출입구 → 신당 방면,1F → B1 → B2 → B3,9,3,0,"[1F] 2번 출입구 대합실로 이동 → [1F] 표 내는 곳 통과 → 신설동 방면 엘리베이터(으)로 1개 층 내려가기 (1F → B1, 엘리베이터) → [B1] 신설동 방면 승강장으로 이동 → 6호선 환승통로 방향 엘리베이터(으)로 1개 층 내려가기 (B1 → B2, 엘리베이터) → [B2] 환승통로로 이동 → 6호선 승강장 방향 엘리베이터(으)로 1개 층 내려가기 (B2 → B3, 엘리베이터) → [B3] 신당 방면 승강장으로 이동 → [B3] 승차 (휠체어칸)","1. [1F] 2번 출입구 대합실로 이동 | 2. [1F] 표 내는 곳 통과 | 3. 신설동 방면 엘리베이터(으)로 1개 층 내려가기 (1F → B1, 엘리베이터) | 4. [B1] 신설동 방면 승강장으로 이동 | 5. 6호선 환승통로 방향 엘리베이터(으)로 1개 층 내려가기 (B1 → B2, 엘리베이터) | 6. [B2] 환승통로로 이동 | 7. 6호선 승강장 방향 엘리베이터(으)로 1개 층 내려가기 (B2 → B3, 엘리베이터) | 8. [B3] 신당 방면 승강장으로 이동 | 9. [B3] 승차 (휠체어칸)"
S1_6_0161,6호선,동묘앞,1,출입구-승강장,2,2번 출입구 → 창신 방면,1F → B1 → B2 → B3,9,3,0,"[1F] 2번 출입구 대합실로 이동 → [1F] 표 내는 곳 통과 → 신설동 방면 엘리베이터(으)로 1개 층 내려가기 (1F → B1, 엘리베이터) → [B1] 신설동 방면 승강장으로 이동 → 6호선 환승통로 방향 엘리베이터(으)로 1개 층 내려가기 (B1 → B2, 엘리베이터) → [B2] 환승통로로 이동 → 6호선 승강장 방향 엘리베이터(으)로 1개 층 내려가기 (B2 → B3, 엘리베이터) → [B3] 창신 방면 승강장으로 이동 → [B3] 승차 (휠체어칸)","1. [1F] 2번 출입구 대합실로 이동 | 2. [1F] 표 내는 곳 통과 | 3. 신설동 방면 엘리베이터(으)로 1개 층 내려가기 (1F → B1, 엘리베이터) | 4. [B1] 신설동 방면 승강장으로 이동 | 5. 6호선 환승통로 방향 엘리베이터(으)로 1개 층 내려가기 (B1 → B2, 엘리베이터) | 6. [B2] 환승통로로 이동 | 7. 6호선 승강장 방향 엘리베이터(으)로 1개 층 내려가기 (B2 → B3, 엘리베이터) | 8. [B3] 창신 방면 승강장으로 이동 | 9. [B3] 승차 (휠체어칸)"
S1_6_0161,6호선,동묘앞,1,출입구-승강장,3,3번 출입구 옆 엘리베이터 → 신당 방면,1F → B1 → B2 → B3,8,3,0,"3번 출입구 옆 엘리베이터(으)로 1개 층 내려가기 (1F → B1, 엘리베이터) → [B1] 동대문 방면 승강장으로 이동 → [B1] 표 내는 곳 통과 → 6호선 환승통로 방향 엘리베이터(으)로 1개 층 내려가기 (B1 → B2, 엘리베이터) → [B2] 환승통로로 이동 → 6호선 승강장 방향 엘리베이터(으)로 1개 층 내려가기 (B2 → B3, 엘리베이터) → [B3] 신당 방면 승강장으로 이동 → [B3] 승차 (휠체어칸)","1. 3번 출입구 옆 엘리베이터(으)로 1개 층 내려가기 (1F → B1, 엘리베이터) | 2. [B1] 동대문 방면 승강장으로 이동 | 3. [B1] 표 내는 곳 통과 | 4. 6호선 환승통로 방향 엘리베이터(으)로 1개 층 내려가기 (B1 → B2, 엘리베이터) | 5. [B2] 환승통로로 이동 | 6. 6호선 승강장 방향 엘리베이터(으)로 1개 층 내려가기 (B2 → B3, 엘리베이터) | 7. [B3] 신당 방면 승강장으로 이동 | 8. [B3] 승차 (휠체어칸)"
S1_6_0161,6호선,동묘앞,1,출입구-승강장,4,3번 출입구 옆 엘리베이터 → 창신 방면,1F → B1 → B2 → B3,8,3,0,"3번 출입구 옆 엘리베이터(으)로 1개 층 내려가기 (1F → B1, 엘리베이터) → [B1] 동대문 방면 승강장으로 이동 → [B1] 표 내는 곳 통과 → 6호선 환승통로 방향 엘리베이터(으)로 1개 층 내려가기 (B1 → B2, 엘리베이터) → [B2] 환승통로로 이동 → 6호선 승강장 방향 엘리베이터(으)로 1개 층 내려가기 (B2 → B3, 엘리베이터) → [B3] 창신 방면 승강장으로 이동 → [B3] 승차 (휠체어칸)","1. 3번 출입구 옆 엘리베이터(으)로 1개 층 내려가기 (1F → B1, 엘리베이터) | 2. [B1] 동대문 방면 승강장으로 이동 | 3. [B1] 표 내는 곳 통과 | 4. 6호선 환승통로 방향 엘리베이터(으)로 1개 층 내려가기 (B1 → B2, 엘리베이터) | 5. [B2] 환승통로로 이동 | 6. 6호선 승강장 방향 엘리베이터(으)로 1개 층 내려가기 (B2 → B3, 엘리베이터) | 7. [B3] 창신 방면 승강장으로 이동 | 8. [B3] 승차 (휠체어칸)"
S1_6_0161,6호선,동묘앞,1,출입구-승강장,5,10번 출입구 옆 엘리베이터 → 신당 방면 승강장,1F → B2 → B3,6,2,0,"[1F] (BM) 대합실 이동 및 표 내는 곳 통과 → 동대문 방면 엘리베이터(으)로 2개 층 내려가기 (1F → B2, 엘리베이터) → [B2] 환승통로로 이동 → 6호선 승강장 방면 엘리베이터(으)로 1개 층 내려가기 (B2 → B3, 엘리베이터) → [B3] 신당 방면 승강장으로 이동 → [B3] 승차(휠체어칸)","1. [1F] (BM) 대합실 이동 및 표 내는 곳 통과 | 2. 동대문 방면 엘리베이터(으)로 2개 층 내려가기 (1F → B2, 엘리베이터) | 3. [B2] 환승통로로 이동 | 4. 6호선 승강장 방면 엘리베이터(으)로 1개 층 내려가기 (B2 → B3, 엘리베이터) | 5. [B3] 신당 방면 승강장으로 이동 | 6. [B3] 승차(휠체어칸)"
S1_6_0161,6호선,동묘앞,1,출입구-승강장,6,10번 출입구 옆 엘리베이터 → 창신 방면 승강장,1F → B2 → B3,6,2,0,"[1F] (BM) 대합실 이동 및 표 내는 곳 통과 → 동대문 방면 엘리베이터(으)로 2개 층 내려가기 (1F → B2, 엘리베이터) → [B2] 환승통로로 이동 → 6호선 승강장 방면 엘리베이터(으)로 1개 층 내려가기 (B2 → B3, 엘리베이터) → [B3] 창신 방면 승강장으로 이동 → [B3] 승차(휠체어칸)","1. [1F] (BM) 대합실 이동 및 표 내는 곳 통과 | 2. 동대문 방면 엘리베이터(으)로 2개 층 내려가기 (1F → B2, 엘리베이터) | 3. [B2] 환승통로로 이동 | 4. 6호선 승강장 방면 엘리베이터(으)로 1개 층 내려가기 (B2 → B3, 엘리베이터) | 5. [B3] 창신 방면 승강장으로 이동 | 6. [B3] 승차(휠체어칸)"
S1_6_0161,6호선,동묘앞,3,환승,1,6호선 신당 방면 → 1호선 신설동 방면,B2 → B1,5,1,0,"[B2] 6호선 신당 방면 승강장 하차 → [B2] 환승통로로 이동 → 1호선 신설동 방면 엘리베이터(으)로 1개 층 올라가기 (B2 → B1, 엘리베이터) → [B1] 1호선 신설동 방면 승강장으로 이동 → [B1] 승차 (휠체어칸)","1. [B2] 6호선 신당 방면 승강장 하차 | 2. [B2] 환승통로로 이동 | 3. 1호선 신설동 방면 엘리베이터(으)로 1개 층 올라가기 (B2 → B1, 엘리베이터) | 4. [B1] 1호선 신설동 방면 승강장으로 이동 | 5. [B1] 승차 (휠체어칸)"
S1_6_0161,6호선,동묘앞,3,환승,2,6호선 신당 방면 → 1호선 동대문 방면,B2 → B1,5,1,0,"[B2] 6호선 신당 방면 승강장 하차 → [B2] 환승통로로 이동 → 1호선 동대문 방면 엘리베이터(으)로 1개 층 올라가기 (B2 → B1, 엘리베이터) → [B1] 1호선 동대문 방면 승강장으로 이동 → [B1] 승차 (휠체어칸)","1. [B2] 6호선 신당 방면 승강장 하차 | 2. [B2] 환승통로로 이동 | 3. 1호선 동대문 방면 엘리베이터(으)로 1개 층 올라가기 (B2 → B1, 엘리베이터) | 4. [B1] 1호선 동대문 방면 승강장으로 이동 | 5. [B1] 승차 (휠체어칸)"
S1_6_0161,6호선,동묘앞,3,환승,3,6호선 창신 방면 → 1호선 신설동 방면,B2 → B1,5,1,0,"[B2] 6호선 창신 방면 승강장 하차 → [B2] 환승통로로 이동 → 1호선 신설동 방면 엘리베이터(으)로 1개 층 올라가기 (B2 → B1, 엘리베이터) → [B1] 1호선 신설동 방면 승강장으로 이동 → [B1] 승차 (휠체어칸)","1. [B2] 6호선 창신 방면 승강장 하차 | 2. [B2] 환승통로로 이동 | 3. 1호선 신설동 방면 엘리베이터(으)로 1개 층 올라가기 (B2 → B1, 엘리베이터) | 4. [B1] 1호선 신설동 방면 승강장으로 이동 | 5. [B1] 승차 (휠체어칸)"
S1_6_0161,6호선,동묘앞,3,환승,4,6호선 창신 방면 → 1호선 동대문 방면,B2 → B1,5,1,0,"[B2] 6호선 창신 방면 승강장 하차 → [B2] 환승통로로 이동 → 1호선 동대문 방면 엘리베이터(으)로 1개 층 올라가기 (B2 → B1, 엘리베이터) → [B1] 1호선 동대문 방면 승강장으로 이동 → [B1] 승차 (휠체어칸)","1. [B2] 6호선 창신 방면 승강장 하차 | 2. [B2] 환승통로로 이동 | 3. 1호선 동대문 방면 엘리베이터(으)로 1개 층 올라가기 (B2 → B1, 엘리베이터) | 4. [B1] 1호선 동대문 방면 승강장으로 이동 | 5. [B1] 승차 (휠체어칸)"
S1_6_0542,6호선,창신,1,출입구-승강장,1, 2번 출입구 옆 엘리베이터 → 동묘앞 방면,1F → B1 → B4,6,2,0,"2번 출입구 옆 엘리베이터(으)로 1개 층 내려가기 (1F → B1, 엘리베이터) → [B1] 대합실로 이동 → [B1] 표 내는 곳 통과 → 승강장 방향 엘리베이터(으)로 3개 층 내려가기 (B1 → B4, 엘리베이터) → [B4] 동묘앞 방면 승강장으로 이동 → [B4] 승차 (휠체어칸)","1. 2번 출입구 옆 엘리베이터(으)로 1개 층 내려가기 (1F → B1, 엘리베이터) | 2. [B1] 대합실로 이동 | 3. [B1] 표 내는 곳 통과 | 4. 승강장 방향 엘리베이터(으)로 3개 층 내려가기 (B1 → B4, 엘리베이터) | 5. [B4] 동묘앞 방면 승강장으로 이동 | 6. [B4] 승차 (휠체어칸)"
S1_6_0542,6호선,창신,1,출입구-승강장,2, 2번 출입구 옆 엘리베이터 → 보문 방면,1F → B1 → B4,6,2,0,"2번 출입구 옆 엘리베이터(으)로 1개 층 내려가기 (1F → B1, 엘리베이터) → [B1] 대합실로 이동 → [B1] 표 내는 곳 통과 → 승강장 방향 엘리베이터(으)로 3개 층 내려가기 (B1 → B4, 엘리베이터) → [B4] 보문 방면 승강장으로 이동 → [B4] 승차 (휠체어칸)","1. 2번 출입구 옆 엘리베이터(으)로 1개 층 내려가기 (1F → B1, 엘리베이터) | 2. [B1] 대합실로 이동 | 3. [B1] 표 내는 곳 통과 | 4. 승강장 방향 엘리베이터(으)로 3개 층 내려가기 (B1 → B4, 엘리베이터) | 5. [B4] 보문 방면 승강장으로 이동 | 6. [B4] 승차 (휠체어칸)"
S1_6_0542,6호선,창신,1,출입구-승강장,3,4번 출입구 옆 엘리베이터 → 동묘앞 방면,1F → B1 → B4,6,2,0,"4번 출입구 옆 엘리베이터(으)로 1개 층 내려가기 (1F → B1, 엘리베이터) → [B1] 대합실로 이동 → [B1] 표 내는 곳 통과 → 승강장 방향 엘리베이터(으)로 3개 층 내려가기 (B1 → B4, 엘리베이터) → [B4] 동묘앞 방면 승강장으로 이동 → [B4] 승차 (휠체어칸)","1. 4번 출입구 옆 엘리베이터(으)로 1개 층 내려가기 (1F → B1, 엘리베이터) | 2. [B1] 대합실로 이동 | 3. [B1] 표 내는 곳 통과 | 4. 승강장 방향 엘리베이터(으)로 3개 층 내려가기 (B1 → B4, 엘리베이터) | 5. [B4] 동묘앞 방면 승강장으로 이동 | 6. [B4] 승차 (휠체어칸)"
S1_6_0542,6호선,창신,1,출입구-승강장,4,4번 출입구 옆 엘리베이터 → 보문 방면,1F → B1 → B4,6,2,0,"4번 출입구 옆 엘리베이터(으)로 1개 층 내려가기 (1F → B1, 엘리베이터) → [B1] 대합실로 이동 → [B1] 표 내는 곳 통과 → 승강장 방향 엘리베이터(으)로 3개 층 내려가기 (B1 → B4, 엘리베이터) → [B4] 보문 방면 승강장으로 이동 → [B4] 승차 (휠체어칸)","1. 4번 출입구 옆 엘리베이터(으)로 1개 층 내려가기 (1F → B1, 엘리베이터) | 2. [B1] 대합실로 이동 | 3. [B1] 표 내는 곳 통과 | 4. 승강장 방향 엘리베이터(으)로 3개 층 내려가기 (B1 → B4, 엘리베이터) | 5. [B4] 보문 방면 승강장으로 이동 | 6. [B4] 승차 (휠체어칸)"
S1_6_0234,6호선,보문,1,출입구-승강장,1,7번 출입구 옆 엘리베이터 → 창신 방면,1F → B2 → B3,6,2,0,"7번 출입구 옆 엘리베이터(으)로 2개 층 내려가기 (1F → B2, 엘리베이터) → [B2] 대합실로 이동 → [B2] 표 내는 곳 통과 → 승강장 방향 엘리베이터(으)로 1개 층 내려가기 (B2 → B3, 엘리베이터) → [B3] 창신 방면 승강장으로 이동 → [B3] 승차 (휠체어칸)","1. 7번 출입구 옆 엘리베이터(으)로 2개 층 내려가기 (1F → B2, 엘리베이터) | 2. [B2] 대합실로 이동 | 3. [B2] 표 내는 곳 통과 | 4. 승강장 방향 엘리베이터(으)로 1개 층 내려가기 (B2 → B3, 엘리베이터) | 5. [B3] 창신 방면 승강장으로 이동 | 6. [B3] 승차 (휠체어칸)"
S1_6_0234,6호선,보문,1,출입구-승강장,2,7번 출입구 옆 엘리베이터 → 안암 방면,1F → B2 → B3,6,2,0,"7번 출입구 옆 엘리베이터(으)로 2개 층 내려가기 (1F → B2, 엘리베이터) → [B2] 대합실로 이동 → [B2] 표 내는 곳 통과 → 승강장 방향 엘리베이터(으)로 1개 층 내려가기 (B2 → B3, 엘리베이터) → [B3] 안암 방면 승강장으로 이동 → [B3] 승차 (휠체어칸)","1. 7번 출입구 옆 엘리베이터(으)로 2개 층 내려가기 (1F → B2, 엘리베이터) | 2. [B2] 대합실로 이동 | 3. [B2] 표 내는 곳 통과 | 4. 승강장 방향 엘리베이터(으)로 1개 층 내려가기 (B2 → B3, 엘리베이터) | 5. [B3] 안암 방면 승강장으로 이동 | 6. [B3] 승차 (휠체어칸)"
S1_6_0234,6호선,보문,3,환승,1, 6호선 창신 방면 → 우이신설선 신설동 방면,B3 → B2 → B4,7,2,0,"[B3] 6호선 창신 방면 승강장 하차 → 대합실 방향 엘리베이터(으)로 1개 층 올라가기 (B3 → B2, 엘리베이터) → [B2] 대합실로 이동 → [B2] 표 내는 곳 통과 → 우이신설선 신설동 방면 엘리베이터(으)로 2개 층 내려가기 (B2 → B4, 엘리베이터) → [B4] 우이신설선 신설동 방면 승강장으로 이동 → [B4] 승차 (휠체어칸)","1. [B3] 6호선 창신 방면 승강장 하차 | 2. 대합실 방향 엘리베이터(으)로 1개 층 올라가기 (B3 → B2, 엘리베이터) | 3. [B2] 대합실로 이동 | 4. [B2] 표 내는 곳 통과 | 5. 우이신설선 신설동 방면 엘리베이터(으)로 2개 층 내려가기 (B2 → B4, 엘리베이터) | 6. [B4] 우이신설선 신설동 방면 승강장으로 이동 | 7. [B4] 승차 (휠체어칸)"
S1_6_0234,6호선,보문,3,환승,2,6호선 창신 방면 → 우이신설선 성신여대입구 방면,B3 → B2 → B4,7,2,0,"[B3] 6호선 창신 방면 승강장 하차 → 대합실 방향 엘리베이터(으)로 1개 층 올라가기 (B3 → B2, 엘리베이터) → [B2] 대합실로 이동 → [B2] 표 내는 곳 통과 → 우이신설선 성신여대입구 방면 엘리베이터(으)로 2개 층 내려가기 (B2 → B4, 엘리베이터) → [B4] 우이신설선 성신여대입구 방면 승강장으로 이동 → [B4] 승차 (휠체어칸)","1. [B3] 6호선 창신 방면 승강장 하차 | 2. 대합실 방향 엘리베이터(으)로 1개 층 올라가기 (B3 → B2, 엘리베이터) | 3. [B2] 대합실로 이동 | 4. [B2] 표 내는 곳 통과 | 5. 우이신설선 성신여대입구 방면 엘리베이터(으)로 2개 층 내려가기 (B2 → B4, 엘리베이터) | 6. [B4] 우이신설선 성신여대입구 방면 승강장으로 이동 | 7. [B4] 승차 (휠체어칸)"
S1_6_0234,6호선,보문,3,환승,3,6호선 안암 방면 → 우이신설선 신설동 방면,B3 → B2 → B4,7,2,0,"[B3] 6호선 안암 방면 승강장 하차 → 대합실 방향 엘리베이터(으)로 1개 층 올라가기 (B3 → B2, 엘리베이터) → [B2] 대합실로 이동 → [B2] 표 내는 곳 통과 → 우이신설선 신설동 방면 엘리베이터(으)로 2개 층 내려가기 (B2 → B4, 엘리베이터) → [B4] 우이신설선 신설동 방면 승강장으로 이동 → [B4] 승차 (휠체어칸)","1. [B3] 6호선 안암 방면 승강장 하차 | 2. 대합실 방향 엘리베이터(으)로 1개 층 올라가기 (B3 → B2, 엘리베이터) | 3. [B2] 대합실로 이동 | 4. [B2] 표 내는 곳 통과 | 5. 우이신설선 신설동 방면 엘리베이터(으)로 2개 층 내려가기 (B2 → B4, 엘리베이터) | 6. [B4] 우이신설선 신설동 방면 승강장으로 이동 | 7. [B4] 승차 (휠체어칸)"
S1_6_0234,6호선,보문,3,환승,4,6호선 안암 방면 → 우이신설선 성신여대입구 방면,B3 → B2 → B4,7,2,0,"[B3] 6호선 안암 방면 승강장 하차 → 대합실 방향 엘리베이터(으)로 1개 층 올라가기 (B3 → B2, 엘리베이터) → [B2] 대합실로 이동 → [B2] 표 내는 곳 통과 → 우이신설선 성신여대입구 방면 엘리베이터(으)로 2개 층 내려가기 (B2 → B4, 엘리베이터) → [B4] 우이신설선 성신여대입구 방면 승강장으로 이동 → [B4] 승차 (휠체어칸)","1. [B3] 6호선 안암 방면 승강장 하차 | 2. 대합실 방향 엘리베이터(으)로 1개 층 올라가기 (B3 → B2, 엘리베이터) | 3. [B2] 대합실로 이동 | 4. [B2] 표 내는 곳 통과 | 5. 우이신설선 성신여대입구 방면 엘리베이터(으)로 2개 층 내려가기 (B2 → B4, 엘리베이터) | 6. [B4] 우이신설선 성신여대입구 방면 승강장으로 이동 | 7. [B4] 승차 (휠체어칸)"
S1_6_0389,6호선,안암,1,출입구-승강장,1,1번 출입구 옆 엘리베이터 → 보문 방면,1F → B2 → B3,6,2,0,"1번 출입구 옆 엘리베이터(으)로 2개 층 내려가기 (1F → B2, 엘리베이터) → [B2] 대합실로 이동 → [B2] 표 내는 곳 통과 → 보문 방면 엘리베이터(으)로 1개 층 내려가기 (B2 → B3, 엘리베이터) → [B3] 보문 방면 승강장으로 이동 → [B3] 승차 (휠체어칸)","1. 1번 출입구 옆 엘리베이터(으)로 2개 층 내려가기 (1F → B2, 엘리베이터) | 2. [B2] 대합실로 이동 | 3. [B2] 표 내는 곳 통과 | 4. 보문 방면 엘리베이터(으)로 1개 층 내려가기 (B2 → B3, 엘리베이터) | 5. [B3] 보문 방면 승강장으로 이동 | 6. [B3] 승차 (휠체어칸)"
S1_6_0389,6호선,안암,1,출입구-승강장,2,1번 출입구 옆 엘리베이터 → 고려대 방면,1F → B2 → B3,6,2,0,"1번 출입구 옆 엘리베이터(으)로 2개 층 내려가기 (1F → B2, 엘리베이터) → [B2] 대합실로 이동 → [B2] 표 내는 곳 통과 → 고려대 방면 엘리베이터(으)로 1개 층 내려가기 (B2 → B3, 엘리베이터) → [B3] 고려대 방면 승강장으로 이동 → [B3] 승차 (휠체어칸)","1. 1번 출입구 옆 엘리베이터(으)로 2개 층 내려가기 (1F → B2, 엘리베이터) | 2. [B2] 대합실로 이동 | 3. [B2] 표 내는 곳 통과 | 4. 고려대 방면 엘리베이터(으)로 1개 층 내려가기 (B2 → B3, 엘리베이터) | 5. [B3] 고려대 방면 승강장으로 이동 | 6. [B3] 승차 (휠체어칸)"
S1_6_0047,6호선,고려대,1,출입구-승강장,1,1번 출입구 옆 엘리베이터 → 안암 방면,1F → B1 → B4,6,2,0,"1번 출입구 옆 엘리베이터(으)로 1개 층 내려가기 (1F → B1, 엘리베이터) → [B1] 대합실로 이동 → [B1] 표 내는 곳 통과 → 안암 방면 엘리베이터(으)로 3개 층 내려가기 (B1 → B4, 엘리베이터) → [B4] 안암 방면 승강장으로 이동 → [B4] 승차 (휠체어칸)","1. 1번 출입구 옆 엘리베이터(으)로 1개 층 내려가기 (1F → B1, 엘리베이터) | 2. [B1] 대합실로 이동 | 3. [B1] 표 내는 곳 통과 | 4. 안암 방면 엘리베이터(으)로 3개 층 내려가기 (B1 → B4, 엘리베이터) | 5. [B4] 안암 방면 승강장으로 이동 | 6. [B4] 승차 (휠체어칸)"
S1_6_0047,6호선,고려대,1,출입구-승강장,2,1번 출입구 옆 엘리베이터 → 월곡 방면,1F → B1 → B4,6,2,0,"1번 출입구 옆 엘리베이터(으)로 1개 층 내려가기 (1F → B1, 엘리베이터) → [B1] 대합실로 이동 → [B1] 표 내는 곳 통과 → 월곡 방면 엘리베이터(으)로 3개 층 내려가기 (B1 → B4, 엘리베이터) → [B4] 월곡 방면 승강장으로 이동 → [B4] 승차 (휠체어칸)","1. 1번 출입구 옆 엘리베이터(으)로 1개 층 내려가기 (1F → B1, 엘리베이터) | 2. [B1] 대합실로 이동 | 3. [B1] 표 내는 곳 통과 | 4. 월곡 방면 엘리베이터(으)로 3개 층 내려가기 (B1 → B4, 엘리베이터) | 5. [B4] 월곡 방면 승강장으로 이동 | 6. [B4] 승차 (휠체어칸)"
S1_6_0047,6호선,고려대,1,출입구-승강장,3,3번/4번 출입구 사이 엘리베이터 → 안암 방면,1F → B1 → B4,6,2,0,"3번/4번 출입구 사이 엘리베이터(으)로 1개 층 내려가기 (1F → B1, 엘리베이터) → [B1] 대합실로 이동 → [B1] 표 내는 곳 통과 → 안암 방면 엘리베이터(으)로 3개 층 내려가기 (B1 → B4, 엘리베이터) → [B4] 안암 방면 승강장으로 이동 → [B4] 승차 (휠체어칸)","1. 3번/4번 출입구 사이 엘리베이터(으)로 1개 층 내려가기 (1F → B1, 엘리베이터) | 2. [B1] 대합실로 이동 | 3. [B1] 표 내는 곳 통과 | 4. 안암 방면 엘리베이터(으)로 3개 층 내려가기 (B1 → B4, 엘리베이터) | 5. [B4] 안암 방면 승강장으로 이동 | 6. [B4] 승차 (휠체어칸)"
S1_6_0047,6호선,고려대,1,출입구-승강장,4,3번/4번 출입구 사이 엘리베이터 → 월곡 방면,1F → B1 → B4,6,2,0,"3번/4번 출입구 사이 엘리베이터(으)로 1개 층 내려가기 (1F → B1, 엘리베이터) → [B1] 대합실로 이동 → [B1] 표 내는 곳 통과 → 월곡 방면 엘리베이터(으)로 3개 층 내려가기 (B1 → B4, 엘리베이터) → [B4] 월곡 방면 승강장으로 이동 → [B4] 승차 (휠체어칸)","1. 3번/4번 출입구 사이 엘리베이터(으)로 1개 층 내려가기 (1F → B1, 엘리베이터) | 2. [B1] 대합실로 이동 | 3. [B1] 표 내는 곳 통과 | 4. 월곡 방면 엘리베이터(으)로 3개 층 내려가기 (B1 → B4, 엘리베이터) | 5. [B4] 월곡 방면 승강장으로 이동 | 6. [B4] 승차 (휠체어칸)"
S1_6_0460,6호선,월곡,1,출입구-승강장,1,1번 출입구 옆 엘리베이터 → 고려대 방면,1F → B2 → B3,6,2,0,"1번 출입구 옆 엘리베이터(으)로 2개 층 내려가기 (1F → B2, 엘리베이터) → [B2] 대합실로 이동 → [B2] 표 내는 곳 통과 → 고려대 방면 엘리베이터(으)로 1개 층 내려가기 (B2 → B3, 엘리베이터) → [B3] 고려대 방면 승강장으로 이동 → [B3] 승차 (휠체어칸)","1. 1번 출입구 옆 엘리베이터(으)로 2개 층 내려가기 (1F → B2, 엘리베이터) | 2. [B2] 대합실로 이동 | 3. [B2] 표 내는 곳 통과 | 4. 고려대 방면 엘리베이터(으)로 1개 층 내려가기 (B2 → B3, 엘리베이터) | 5. [B3] 고려대 방면 승강장으로 이동 | 6. [B3] 승차 (휠체어칸)"
S1_6_0460,6호선,월곡,1,출입구-승강장,2, 1번 출입구 옆 엘리베이터 → 상월곡 방면,1F → B2 → B3,6,2,0,"1번 출입구 옆 엘리베이터(으)로 2개 층 내려가기 (1F → B2, 엘리베이터) → [B2] 대합실로 이동 → [B2] 표 내는 곳 통과 → 상월곡 방면 엘리베이터(으)로 1개 층 내려가기 (B2 → B3, 엘리베이터) → [B3] 상월곡 방면 승강장으로 이동 → [B3] 승차 (휠체어칸)","1. 1번 출입구 옆 엘리베이터(으)로 2개 층 내려가기 (1F → B2, 엘리베이터) | 2. [B2] 대합실로 이동 | 3. [B2] 표 내는 곳 통과 | 4. 상월곡 방면 엘리베이터(으)로 1개 층 내려가기 (B2 → B3, 엘리베이터) | 5. [B3] 상월곡 방면 승강장으로 이동 | 6. [B3] 승차 (휠체어칸)"
S1_6_0280,6호선,상월곡,1,출입구-승강장,1,4번 출입구 옆 엘리베이터 → 월곡 방면,1F → B2 → B3,6,2,0,"4번 출입구 옆 엘리베이터(으)로 2개 층 내려가기 (1F → B2, 엘리베이터) → [B2] 대합실로 이동 → [B2] 표 내는 곳 통과 → 월곡 방면 엘리베이터(으)로 1개 층 내려가기 (B2 → B3, 엘리베이터) → [B3] 월곡 방면 승강장으로 이동 → [B3] 승차 (휠체어칸)","1. 4번 출입구 옆 엘리베이터(으)로 2개 층 내려가기 (1F → B2, 엘리베이터) | 2. [B2] 대합실로 이동 | 3. [B2] 표 내는 곳 통과 | 4. 월곡 방면 엘리베이터(으)로 1개 층 내려가기 (B2 → B3, 엘리베이터) | 5. [B3] 월곡 방면 승강장으로 이동 | 6. [B3] 승차 (휠체어칸)"
S1_6_0280,6호선,상월곡,1,출입구-승강장,2,4번 출입구 옆 엘리베이터 → 돌곶이 방면,1F → B2 → B3,6,2,0,"4번 출입구 옆 엘리베이터(으)로 2개 층 내려가기 (1F → B2, 엘리베이터) → [B2] 대합실로 이동 → [B2] 표 내는 곳 통과 → 돌곶이 방면 엘리베이터(으)로 1개 층 내려가기 (B2 → B3, 엘리베이터) → [B3] 돌곶이 방면 승강장으로 이동 → [B3] 승차 (휠체어칸)","1. 4번 출입구 옆 엘리베이터(으)로 2개 층 내려가기 (1F → B2, 엘리베이터) | 2. [B2] 대합실로 이동 | 3. [B2] 표 내는 곳 통과 | 4. 돌곶이 방면 엘리베이터(으)로 1개 층 내려가기 (B2 → B3, 엘리베이터) | 5. [B3] 돌곶이 방면 승강장으로 이동 | 6. [B3] 승차 (휠체어칸)"
S1_6_0154,6호선,돌곶이,1,출입구-승강장,1,3번 출입구 옆 엘리베이터 → 상월곡 방면,1F → B1 → B2,6,2,0,"3번 출입구 옆 엘리베이터(으)로 1개 층 내려가기 (1F → B1, 엘리베이터) → [B1] 대합실로 이동 → [B1] 표 내는 곳 통과 → 상월곡 방면 엘리베이터(으)로 1개 층 내려가기 (B1 → B2, 엘리베이터) → [B2] 상월곡 방면 승강장으로 이동 → [B2] 승차 (휠체어칸)","1. 3번 출입구 옆 엘리베이터(으)로 1개 층 내려가기 (1F → B1, 엘리베이터) | 2. [B1] 대합실로 이동 | 3. [B1] 표 내는 곳 통과 | 4. 상월곡 방면 엘리베이터(으)로 1개 층 내려가기 (B1 → B2, 엘리베이터) | 5. [B2] 상월곡 방면 승강장으로 이동 | 6. [B2] 승차 (휠체어칸)"
S1_6_0154,6호선,돌곶이,1,출입구-승강장,2,3번 출입구 옆 엘리베이터 → 석계 방면,1F → B1 → B2,6,2,0,"3번 출입구 옆 엘리베이터(으)로 1개 층 내려가기 (1F → B1, 엘리베이터) → [B1] 대합실로 이동 → [B1] 표 내는 곳 통과 → 석계 방면 엘리베이터(으)로 1개 층 내려가기 (B1 → B2, 엘리베이터) → [B2] 석계 방면 승강장으로 이동 → [B2] 승차 (휠체어칸)","1. 3번 출입구 옆 엘리베이터(으)로 1개 층 내려가기 (1F → B1, 엘리베이터) | 2. [B1] 대합실로 이동 | 3. [B1] 표 내는 곳 통과 | 4. 석계 방면 엘리베이터(으)로 1개 층 내려가기 (B1 → B2, 엘리베이터) | 5. [B2] 석계 방면 승강장으로 이동 | 6. [B2] 승차 (휠체어칸)"
S1_6_0300,6호선,석계,1,출입구-승강장,1,4번 출입구 옆 엘리베이터 → 돌곶이 방면,1F → B2 → B3,6,2,0,"4번 출입구 옆 엘리베이터(으)로 2개 층 내려가기 (1F → B2, 엘리베이터) → [B2] 대합실로 이동 → [B2] 표 내는 곳 통과 → 돌곶이 방면 엘리베이터(으)로 1개 층 내려가기 (B2 → B3, 엘리베이터) → [B3] 돌곶이 방면 승강장으로 이동 → [B3] 승차 (휠체어칸)","1. 4번 출입구 옆 엘리베이터(으)로 2개 층 내려가기 (1F → B2, 엘리베이터) | 2. [B2] 대합실로 이동 | 3. [B2] 표 내는 곳 통과 | 4. 돌곶이 방면 엘리베이터(으)로 1개 층 내려가기 (B2 → B3, 엘리베이터) | 5. [B3] 돌곶이 방면 승강장으로 이동 | 6. [B3] 승차 (휠체어칸)"
S1_6_0300,6호선,석계,1,출입구-승강장,2,4번 출입구 옆 엘리베이터 → 태릉입구 방면,1F → B2 → B3,6,2,0,"4번 출입구 옆 엘리베이터(으)로 2개 층 내려가기 (1F → B2, 엘리베이터) → [B2] 대합실로 이동 → [B2] 표 내는 곳 통과 → 태릉입구 방면 엘리베이터(으)로 1개 층 내려가기 (B2 → B3, 엘리베이터) → [B3] 태릉입구 방면 승강장으로 이동 → [B3] 승차 (휠체어칸)","1. 4번 출입구 옆 엘리베이터(으)로 2개 층 내려가기 (1F → B2, 엘리베이터) | 2. [B2] 대합실로 이동 | 3. [B2] 표 내는 곳 통과 | 4. 태릉입구 방면 엘리베이터(으)로 1개 층 내려가기 (B2 → B3, 엘리베이터) | 5. [B3] 태릉입구 방면 승강장으로 이동 | 6. [B3] 승차 (휠체어칸)"
S1_6_0300,6호선,석계,3,환승,1,6호선 돌곶이 방면 → 1호선 광운대 방면,B3 → B2 → B1 → 2F,9,2,0,"[B3] 6호선 돌곶이 방면 승강장 하차 → 1번칸 옆 휠체어리프트(으)로 1개 층 올라가기 (B3 → B2, 휠체어리프트) → [B2] 표 내는 곳 통과 후 대합실 엘리베이터로 이동 → 1호선 대합실 방향 엘리베이터(으)로 1개 층 올라가기 (B2 → B1, 엘리베이터) → [B1] 1호선 대합실로 이동 → [B1] 표 내는 곳 통과 → 1호선 석계역 역사로 들어가 개집표기 통과 후 내부 엘리베이터(으)로 2개 층 올라가기 (B1 → 2F, 엘리베이터) → [2F] 1호선 광운대 방면 승강장으로 이동 → [2F] 승차 (휠체어칸)","1. [B3] 6호선 돌곶이 방면 승강장 하차 | 2. 1번칸 옆 휠체어리프트(으)로 1개 층 올라가기 (B3 → B2, 휠체어리프트) | 3. [B2] 표 내는 곳 통과 후 대합실 엘리베이터로 이동 | 4. 1호선 대합실 방향 엘리베이터(으)로 1개 층 올라가기 (B2 → B1, 엘리베이터) | 5. [B1] 1호선 대합실로 이동 | 6. [B1] 표 내는 곳 통과 | 7. 1호선 석계역 역사로 들어가 개집표기 통과 후 내부 엘리베이터(으)로 2개 층 올라가기 (B1 → 2F, 엘리베이터) | 8. [2F] 1호선 광운대 방면 승강장으로 이동 | 9. [2F] 승차 (휠체어칸)"
S1_6_0300,6호선,석계,3,환승,2,6호선 돌곶이 방면 → 1호선 신이문 방면,B3 → B2 → B1 → 2F,9,2,0,"[B3] 6호선 돌곶이 방면 승강장 하차 → 1번칸 옆 휠체어리프트(으)로 1개 층 올라가기 (B3 → B2, 휠체어리프트) → [B2] 표 내는 곳 통과 후 대합실 엘리베이터로 이동 → 1호선 대합실 방향 엘리베이터(으)로 1개 층 올라가기 (B2 → B1, 엘리베이터) → [B1] 1호선 대합실로 이동 → [B1] 표 내는 곳 통과 → 1호선 석계역 역사로 들어가 개집표기 통과 후 내부 엘리베이터(으)로 2개 층 올라가기 (B1 → 2F, 엘리베이터) → [2F] 1호선 신이문 방면 승강장으로 이동 → [2F] 승차 (휠체어칸)","1. [B3] 6호선 돌곶이 방면 승강장 하차 | 2. 1번칸 옆 휠체어리프트(으)로 1개 층 올라가기 (B3 → B2, 휠체어리프트) | 3. [B2] 표 내는 곳 통과 후 대합실 엘리베이터로 이동 | 4. 1호선 대합실 방향 엘리베이터(으)로 1개 층 올라가기 (B2 → B1, 엘리베이터) | 5. [B1] 1호선 대합실로 이동 | 6. [B1] 표 내는 곳 통과 | 7. 1호선 석계역 역사로 들어가 개집표기 통과 후 내부 엘리베이터(으)로 2개 층 올라가기 (B1 → 2F, 엘리베이터) | 8. [2F] 1호선 신이문 방면 승강장으로 이동 | 9. [2F] 승차 (휠체어칸)"
S1_6_0300,6호선,석계,3,환승,3,6호선 태릉입구 방면 → 1호선 광운대 방면,B3 → B2 → B1 → 2F,9,2,0,"[B3] 6호선 태릉입구 방면 승강장 하차 → 8번칸 옆 휠체어리프트(으)로 1개 층 올라가기 (B3 → B2, 휠체어리프트) → [B2] 표 내는 곳 통과 후 대합실 엘리베이터로 이동 → 1호선 대합실 방향 엘리베이터(으)로 1개 층 올라가기 (B2 → B1, 엘리베이터) → [B1] 1호선 대합실로 이동 → [B1] 표 내는 곳 통과 → 1호선 석계역 역사로 들어가 개집표기 통과 후 내부 엘리베이터(으)로 2개 층 올라가기 (B1 → 2F, 엘리베이터) → [2F] 1호선 광운대 방면 승강장으로 이동 → [2F] 승차 (휠체어칸)","1. [B3] 6호선 태릉입구 방면 승강장 하차 | 2. 8번칸 옆 휠체어리프트(으)로 1개 층 올라가기 (B3 → B2, 휠체어리프트) | 3. [B2] 표 내는 곳 통과 후 대합실 엘리베이터로 이동 | 4. 1호선 대합실 방향 엘리베이터(으)로 1개 층 올라가기 (B2 → B1, 엘리베이터) | 5. [B1] 1호선 대합실로 이동 | 6. [B1] 표 내는 곳 통과 | 7. 1호선 석계역 역사로 들어가 개집표기 통과 후 내부 엘리베이터(으)로 2개 층 올라가기 (B1 → 2F, 엘리베이터) | 8. [2F] 1호선 광운대 방면 승강장으로 이동 | 9. [2F] 승차 (휠체어칸)"
S1_6_0300,6호선,석계,3,환승,4,6호선 태릉입구 방면 → 1호선 신이문 방면,B3 → B2 → B1 → 2F,9,2,0,"[B3] 6호선 태릉입구 방면 승강장 하차 → 8번칸 옆 휠체어리프트(으)로 1개 층 올라가기 (B3 → B2, 휠체어리프트) → [B2] 표 내는 곳 통과 후 대합실 엘리베이터로 이동 → 1호선 대합실 방향 엘리베이터(으)로 1개 층 올라가기 (B2 → B1, 엘리베이터) → [B1] 1호선 대합실로 이동 → [B1] 표 내는 곳 통과 → 1호선 석계역 역사로 들어가 개집표기 통과 후 내부 엘리베이터(으)로 2개 층 올라가기 (B1 → 2F, 엘리베이터) → [2F] 1호선 신이문 방면 승강장으로 이동 → [2F] 승차 (휠체어칸)","1. [B3] 6호선 태릉입구 방면 승강장 하차 | 2. 8번칸 옆 휠체어리프트(으)로 1개 층 올라가기 (B3 → B2, 휠체어리프트) | 3. [B2] 표 내는 곳 통과 후 대합실 엘리베이터로 이동 | 4. 1호선 대합실 방향 엘리베이터(으)로 1개 층 올라가기 (B2 → B1, 엘리베이터) | 5. [B1] 1호선 대합실로 이동 | 6. [B1] 표 내는 곳 통과 | 7. 1호선 석계역 역사로 들어가 개집표기 통과 후 내부 엘리베이터(으)로 2개 층 올라가기 (B1 → 2F, 엘리베이터) | 8. [2F] 1호선 신이문 방면 승강장으로 이동 | 9. [2F] 승차 (휠체어칸)"
S1_6_0568,6호선,태릉입구,1,출입구-승강장,1,8번 출입구 옆 엘리베이터 → 석계 방면,1F → B1 → B2,6,2,0,"8번 출입구 옆 엘리베이터(으)로 1개 층 내려가기 (1F → B1, 엘리베이터) → [B1] 대합실로 이동 → [B1] 표 내는 곳 통과 → 석계 방면 엘리베이터(으)로 1개 층 내려가기 (B1 → B2, 엘리베이터) → [B2] 석계 방면 승강장으로 이동 → [B2] 승차 (휠체어칸)","1. 8번 출입구 옆 엘리베이터(으)로 1개 층 내려가기 (1F → B1, 엘리베이터) | 2. [B1] 대합실로 이동 | 3. [B1] 표 내는 곳 통과 | 4. 석계 방면 엘리베이터(으)로 1개 층 내려가기 (B1 → B2, 엘리베이터) | 5. [B2] 석계 방면 승강장으로 이동 | 6. [B2] 승차 (휠체어칸)"
S1_6_0568,6호선,태릉입구,1,출입구-승강장,2,8번 출입구 옆 엘리베이터 → 화랑대 방면,1F → B1 → B2,6,2,0,"8번 출입구 옆 엘리베이터(으)로 1개 층 내려가기 (1F → B1, 엘리베이터) → [B1] 대합실로 이동 → [B1] 표 내는 곳 통과 → 화랑대 방면 엘리베이터(으)로 1개 층 내려가기 (B1 → B2, 엘리베이터) → [B2] 화랑대 방면 승강장으로 이동 → [B2] 승차 (휠체어칸)","1. 8번 출입구 옆 엘리베이터(으)로 1개 층 내려가기 (1F → B1, 엘리베이터) | 2. [B1] 대합실로 이동 | 3. [B1] 표 내는 곳 통과 | 4. 화랑대 방면 엘리베이터(으)로 1개 층 내려가기 (B1 → B2, 엘리베이터) | 5. [B2] 화랑대 방면 승강장으로 이동 | 6. [B2] 승차 (휠체어칸)"
S1_6_0568,6호선,태릉입구,3,환승,1,6호선 석계 방면 → 7호선 공릉 방면,B2 → B1 → B4,7,2,0,"[B2] 6호선 석계 방면 승강장 하차 → 대합실 방향 엘리베이터(으)로 1개 층 올라가기 (B2 → B1, 엘리베이터) → [B1] 대합실로 이동 → [B1] 7호선 대합실로 이동 → 공릉 방면 엘리베이터(으)로 3개 층 내려가기 (B1 → B4, 엘리베이터) → [B4] 7호선 공릉 방면 승강장으로 이동 → [B4] 승차 (휠체어칸)","1. [B2] 6호선 석계 방면 승강장 하차 | 2. 대합실 방향 엘리베이터(으)로 1개 층 올라가기 (B2 → B1, 엘리베이터) | 3. [B1] 대합실로 이동 | 4. [B1] 7호선 대합실로 이동 | 5. 공릉 방면 엘리베이터(으)로 3개 층 내려가기 (B1 → B4, 엘리베이터) | 6. [B4] 7호선 공릉 방면 승강장으로 이동 | 7. [B4] 승차 (휠체어칸)"
S1_6_0568,6호선,태릉입구,3,환승,2,6호선 석계 방면 → 7호선 먹골 방면,B2 → B1 → B4,7,2,0,"[B2] 6호선 석계 방면 승강장 하차 → 대합실 방향 엘리베이터(으)로 1개 층 올라가기 (B2 → B1, 엘리베이터) → [B1] 대합실로 이동 → [B1] 7호선 대합실로 이동 → 먹골 방면 엘리베이터(으)로 3개 층 내려가기 (B1 → B4, 엘리베이터) → [B4] 7호선 먹골 방면 승강장으로 이동 → [B4] 승차 (휠체어칸)","1. [B2] 6호선 석계 방면 승강장 하차 | 2. 대합실 방향 엘리베이터(으)로 1개 층 올라가기 (B2 → B1, 엘리베이터) | 3. [B1] 대합실로 이동 | 4. [B1] 7호선 대합실로 이동 | 5. 먹골 방면 엘리베이터(으)로 3개 층 내려가기 (B1 → B4, 엘리베이터) | 6. [B4] 7호선 먹골 방면 승강장으로 이동 | 7. [B4] 승차 (휠체어칸)"
S1_6_0568,6호선,태릉입구,3,환승,3,6호선 화랑대 방면 → 7호선 공릉 방면,B2 → B1 → B4,7,2,0,"[B2] 6호선 화랑대 방면 승강장 하차 → 대합실 방향 엘리베이터(으)로 1개 층 올라가기 (B2 → B1, 엘리베이터) → [B1] 대합실로 이동 → [B1] 7호선 대합실로 이동 → 공릉 방면 엘리베이터(으)로 3개 층 내려가기 (B1 → B4, 엘리베이터) → [B4] 7호선 공릉 방면 승강장으로 이동 → [B4] 승차 (휠체어칸)","1. [B2] 6호선 화랑대 방면 승강장 하차 | 2. 대합실 방향 엘리베이터(으)로 1개 층 올라가기 (B2 → B1, 엘리베이터) | 3. [B1] 대합실로 이동 | 4. [B1] 7호선 대합실로 이동 | 5. 공릉 방면 엘리베이터(으)로 3개 층 내려가기 (B1 → B4, 엘리베이터) | 6. [B4] 7호선 공릉 방면 승강장으로 이동 | 7. [B4] 승차 (휠체어칸)"
S1_6_0568,6호선,태릉입구,3,환승,4,6호선 화랑대 방면 → 7호선 먹골 방면,B2 → B1 → B4,7,2,0,"[B2] 6호선 화랑대 방면 승강장 하차 → 대합실 방향 엘리베이터(으)로 1개 층 올라가기 (B2 → B1, 엘리베이터) → [B1] 대합실로 이동 → [B1] 7호선 대합실로 이동 → 먹골 방면 엘리베이터(으)로 3개 층 내려가기 (B1 → B4, 엘리베이터) → [B4] 7호선 먹골 방면 승강장으로 이동 → [B4] 승차 (휠체어칸)","1. [B2] 6호선 화랑대 방면 승강장 하차 | 2. 대합실 방향 엘리베이터(으)로 1개 층 올라가기 (B2 → B1, 엘리베이터) | 3. [B1] 대합실로 이동 | 4. [B1] 7호선 대합실로 이동 | 5. 먹골 방면 엘리베이터(으)로 3개 층 내려가기 (B1 → B4, 엘리베이터) | 6. [B4] 7호선 먹골 방면 승강장으로 이동 | 7. [B4] 승차 (휠체어칸)"
S1_6_0600,6호선,화랑대,1,출입구-승강장,1,1번 출입구 옆 엘리베이터 → 태릉입구 방면,1F → B1 → B2,6,2,0,"1번 출입구 옆 엘리베이터(으)로 1개 층 내려가기 (1F → B1, 엘리베이터) → [B1] 대합실로 이동 → [B1] 표 내는 곳 통과 → 태릉입구 방면 엘리베이터(으)로 1개 층 내려가기 (B1 → B2, 엘리베이터) → [B2] 태릉입구 방면 승강장으로 이동 → [B2] 승차 (휠체어칸)","1. 1번 출입구 옆 엘리베이터(으)로 1개 층 내려가기 (1F → B1, 엘리베이터) | 2. [B1] 대합실로 이동 | 3. [B1] 표 내는 곳 통과 | 4. 태릉입구 방면 엘리베이터(으)로 1개 층 내려가기 (B1 → B2, 엘리베이터) | 5. [B2] 태릉입구 방면 승강장으로 이동 | 6. [B2] 승차 (휠체어칸)"
S1_6_0600,6호선,화랑대,1,출입구-승강장,2,1번 출입구 옆 엘리베이터 → 봉화산 방면,1F → B1 → B2,6,2,0,"1번 출입구 옆 엘리베이터(으)로 1개 층 내려가기 (1F → B1, 엘리베이터) → [B1] 대합실로 이동 → [B1] 표 내는 곳 통과 → 봉화산 방면 엘리베이터(으)로 1개 층 내려가기 (B1 → B2, 엘리베이터) → [B2] 봉화산 방면 승강장으로 이동 → [B2] 승차 (휠체어칸)","1. 1번 출입구 옆 엘리베이터(으)로 1개 층 내려가기 (1F → B1, 엘리베이터) | 2. [B1] 대합실로 이동 | 3. [B1] 표 내는 곳 통과 | 4. 봉화산 방면 엘리베이터(으)로 1개 층 내려가기 (B1 → B2, 엘리베이터) | 5. [B2] 봉화산 방면 승강장으로 이동 | 6. [B2] 승차 (휠체어칸)"
S1_6_0600,6호선,화랑대,1,출입구-승강장,3,6번 출입구 옆 엘리베이터 → 태릉입구 방면,1F → B1 → B2,6,2,0,"6번 출입구 옆 엘리베이터(으)로 1개 층 내려가기 (1F → B1, 엘리베이터) → [B1] 대합실로 이동 → [B1] 표 내는 곳 통과 → 태릉입구 방면 엘리베이터(으)로 1개 층 내려가기 (B1 → B2, 엘리베이터) → [B2] 태릉입구 방면 승강장으로 이동 → [B2] 승차 (휠체어칸)","1. 6번 출입구 옆 엘리베이터(으)로 1개 층 내려가기 (1F → B1, 엘리베이터) | 2. [B1] 대합실로 이동 | 3. [B1] 표 내는 곳 통과 | 4. 태릉입구 방면 엘리베이터(으)로 1개 층 내려가기 (B1 → B2, 엘리베이터) | 5. [B2] 태릉입구 방면 승강장으로 이동 | 6. [B2] 승차 (휠체어칸)"
S1_6_0600,6호선,화랑대,1,출입구-승강장,4,6번 출입구 옆 엘리베이터 → 봉화산 방면,1F → B1 → B2,6,2,0,"6번 출입구 옆 엘리베이터(으)로 1개 층 내려가기 (1F → B1, 엘리베이터) → [B1] 대합실로 이동 → [B1] 표 내는 곳 통과 → 봉화산 방면 엘리베이터(으)로 1개 층 내려가기 (B1 → B2, 엘리베이터) → [B2] 봉화산 방면 승강장으로 이동 → [B2] 승차 (휠체어칸)","1. 6번 출입구 옆 엘리베이터(으)로 1개 층 내려가기 (1F → B1, 엘리베이터) | 2. [B1] 대합실로 이동 | 3. [B1] 표 내는 곳 통과 | 4. 봉화산 방면 엘리베이터(으)로 1개 층 내려가기 (B1 → B2, 엘리베이터) | 5. [B2] 봉화산 방면 승강장으로 이동 | 6. [B2] 승차 (휠체어칸)"
S1_6_0600,6호선,화랑대,1,출입구-승강장,5,3번 출입구 옆 엘리베이터 → 태릉입구 방면,1F → B1,6,1,0,"3번출입구 인근 지상 1층 엘리베이터 5호기(으)로 1개 층 내려가기 (1F → B1, 엘리베이터) → [B1] 3번출입구 지하 1층 엘리베이터 하차 → [B1] B1 대합실로 이동 → [B1] 표내는곳 통과 → [B1] B2 태릉입구 방면 승강장 이동 → 태릉입구 방면  엘리베이터 이용 (엘리베이터)","1. 3번출입구 인근 지상 1층 엘리베이터 5호기(으)로 1개 층 내려가기 (1F → B1, 엘리베이터) | 2. [B1] 3번출입구 지하 1층 엘리베이터 하차 | 3. [B1] B1 대합실로 이동 | 4. [B1] 표내는곳 통과 | 5. [B1] B2 태릉입구 방면 승강장 이동 | 6. 태릉입구 방면  엘리베이터 이용 (엘리베이터)"
S1_6_0600,6호선,화랑대,1,출입구-승강장,6,3번 출입구 옆 엘리베이터 → 봉화산 방면,1F → B1 → B2,6,1,0,"3번출입구 인근 지상 1층 엘리베이터 5호기(으)로 1개 층 내려가기 (1F → B1, 엘리베이터) → [B1] 3번출입구 지하 1층 엘리베이터 하차 → [B1] B1 대합실로 이동 → [B1] 표내는곳 통과 → [B2] 봉화산 방면 승강장 이동 → 봉화산 방면  엘리베이터 이용 (엘리베이터)","1. 3번출입구 인근 지상 1층 엘리베이터 5호기(으)로 1개 층 내려가기 (1F → B1, 엘리베이터) | 2. [B1] 3번출입구 지하 1층 엘리베이터 하차 | 3. [B1] B1 대합실로 이동 | 4. [B1] 표내는곳 통과 | 5. [B2] 봉화산 방면 승강장 이동 | 6. 봉화산 방면  엘리베이터 이용 (엘리베이터)"
S1_6_0243,6호선,봉화산,1,출입구-승강장,1,2번 출입구 옆 엘리베이터 → 화랑대 방면,1F → B1 → B2,6,2,0,"2번 출입구 옆 엘리베이터(으)로 1개 층 내려가기 (1F → B1, 엘리베이터) → [B1] 대합실로 이동 → [B1] 표 내는 곳 통과 → 화랑대 방면 엘리베이터(으)로 1개 층 내려가기 (B1 → B2, 엘리베이터) → [B2] 화랑대 방면 승강장으로 이동 → [B2] 승차 (휠체어칸)","1. 2번 출입구 옆 엘리베이터(으)로 1개 층 내려가기 (1F → B1, 엘리베이터) | 2. [B1] 대합실로 이동 | 3. [B1] 표 내는 곳 통과 | 4. 화랑대 방면 엘리베이터(으)로 1개 층 내려가기 (B1 → B2, 엘리베이터) | 5. [B2] 화랑대 방면 승강장으로 이동 | 6. [B2] 승차 (휠체어칸)"
S1_6_0243,6호선,봉화산,1,출입구-승강장,2,2번 출입구 옆 엘리베이터 → 신내 방면,1F → B1 → B2,6,2,0,"2번 출입구 옆 엘리베이터(으)로 1개 층 내려가기 (1F → B1, 엘리베이터) → [B1] 대합실로 이동 → [B1] 표 내는 곳 통과 → 신내 방면 엘리베이터(으)로 1개 층 내려가기 (B1 → B2, 엘리베이터) → [B2] 신내 방면 승강장으로 이동 → [B2] 승차 (휠체어칸)","1. 2번 출입구 옆 엘리베이터(으)로 1개 층 내려가기 (1F → B1, 엘리베이터) | 2. [B1] 대합실로 이동 | 3. [B1] 표 내는 곳 통과 | 4. 신내 방면 엘리베이터(으)로 1개 층 내려가기 (B1 → B2, 엘리베이터) | 5. [B2] 신내 방면 승강장으로 이동 | 6. [B2] 승차 (휠체어칸)"
S1_6_0243,6호선,봉화산,1,출입구-승강장,3,4번 출입구 옆 엘리베이터 → 화랑대 방면,1F → B1 → B2,6,2,0,"4번 출입구 옆 엘리베이터(으)로 1개 층 내려가기 (1F → B1, 엘리베이터) → [B1] 대합실로 이동 → [B1] 표 내는 곳 통과 → 화랑대 방면 엘리베이터(으)로 1개 층 내려가기 (B1 → B2, 엘리베이터) → [B2] 화랑대 방면 승강장으로 이동 → [B2] 승차 (휠체어칸)","1. 4번 출입구 옆 엘리베이터(으)로 1개 층 내려가기 (1F → B1, 엘리베이터) | 2. [B1] 대합실로 이동 | 3. [B1] 표 내는 곳 통과 | 4. 화랑대 방면 엘리베이터(으)로 1개 층 내려가기 (B1 → B2, 엘리베이터) | 5. [B2] 화랑대 방면 승강장으로 이동 | 6. [B2] 승차 (휠체어칸)"
S1_6_0243,6호선,봉화산,1,출입구-승강장,4,4번 출입구 옆 엘리베이터 → 신내 방면,1F → B1 → B2,6,2,0,"4번 출입구 옆 엘리베이터(으)로 1개 층 내려가기 (1F → B1, 엘리베이터) → [B1] 대합실로 이동 → [B1] 표 내는 곳 통과 → 신내 방면 엘리베이터(으)로 1개 층 내려가기 (B1 → B2, 엘리베이터) → [B2] 신내 방면 승강장으로 이동 → [B2] 승차 (휠체어칸)","1. 4번 출입구 옆 엘리베이터(으)로 1개 층 내려가기 (1F → B1, 엘리베이터) | 2. [B1] 대합실로 이동 | 3. [B1] 표 내는 곳 통과 | 4. 신내 방면 엘리베이터(으)로 1개 층 내려가기 (B1 → B2, 엘리베이터) | 5. [B2] 신내 방면 승강장으로 이동 | 6. [B2] 승차 (휠체어칸)"
S1_6_0353,6호선,신내,1,출입구-승강장,1,2번 출입구 옆 엘리베이터 → 봉화산 방면,1F → 3F → 2F → 1F,8,3,0,"2번 출입구 옆 엘리베이터(으)로 2개 층 올라가기 (1F → 3F, 엘리베이터) → [3F] 차량기지 횡단육교로 이동 → 대합실 방향 엘리베이터(으)로 1개 층 내려가기 (3F → 2F, 엘리베이터) → [2F] 대합실로 이동 → [2F] 표 내는 곳 통과 → 6호선 승강장 방향 엘리베이터(으)로 1개 층 내려가기 (2F → 1F, 엘리베이터) → [1F] 봉화산 방면 승강장으로 이동 → [1F] 승차 (휠체어칸)","1. 2번 출입구 옆 엘리베이터(으)로 2개 층 올라가기 (1F → 3F, 엘리베이터) | 2. [3F] 차량기지 횡단육교로 이동 | 3. 대합실 방향 엘리베이터(으)로 1개 층 내려가기 (3F → 2F, 엘리베이터) | 4. [2F] 대합실로 이동 | 5. [2F] 표 내는 곳 통과 | 6. 6호선 승강장 방향 엘리베이터(으)로 1개 층 내려가기 (2F → 1F, 엘리베이터) | 7. [1F] 봉화산 방면 승강장으로 이동 | 8. [1F] 승차 (휠체어칸)"
S1_6_0353,6호선,신내,1,출입구-승강장,2,3번 출입구 옆 엘리베이터 → 봉화산 방면,1F → 3F → 2F → 1F,8,3,0,"3번 출입구 옆 엘리베이터(으)로 2개 층 올라가기 (1F → 3F, 엘리베이터) → [3F] 차량기지 횡단육교로 이동 → 대합실 방향 엘리베이터(으)로 1개 층 내려가기 (3F → 2F, 엘리베이터) → [2F] 대합실로 이동 → [2F] 표 내는 곳 통과 → 6호선 승강장 방향 엘리베이터(으)로 1개 층 내려가기 (2F → 1F, 엘리베이터) → [1F] 봉화산 방면 승강장으로 이동 → [1F] 승차 (휠체어칸)","1. 3번 출입구 옆 엘리베이터(으)로 2개 층 올라가기 (1F → 3F, 엘리베이터) | 2. [3F] 차량기지 횡단육교로 이동 | 3. 대합실 방향 엘리베이터(으)로 1개 층 내려가기 (3F → 2F, 엘리베이터) | 4. [2F] 대합실로 이동 | 5. [2F] 표 내는 곳 통과 | 6. 6호선 승강장 방향 엘리베이터(으)로 1개 층 내려가기 (2F → 1F, 엘리베이터) | 7. [1F] 봉화산 방면 승강장으로 이동 | 8. [1F] 승차 (휠체어칸)"
S1_6_0353,6호선,신내,1,출입구-승강장,3,4번 출입구 옆 엘리베이터 → 봉화산 방면,1F → 2F → 1F,6,2,0,"4번 출입구 옆 엘리베이터(으)로 1개 층 올라가기 (1F → 2F, 엘리베이터) → [2F] 대합실로 이동 → [2F] 표 내는 곳 통과 → 6호선 승강장 방향 엘리베이터(으)로 1개 층 내려가기 (2F → 1F, 엘리베이터) → [1F] 봉화산 방면 승강장으로 이동 → [1F] 승차 (휠체어칸)","1. 4번 출입구 옆 엘리베이터(으)로 1개 층 올라가기 (1F → 2F, 엘리베이터) | 2. [2F] 대합실로 이동 | 3. [2F] 표 내는 곳 통과 | 4. 6호선 승강장 방향 엘리베이터(으)로 1개 층 내려가기 (2F → 1F, 엘리베이터) | 5. [1F] 봉화산 방면 승강장으로 이동 | 6. [1F] 승차 (휠체어칸)"
S1_6_0353,6호선,신내,3,환승,1, 6호선 신내 (종착역) → 경춘선 망우 방면,1F → 2F → 3F,6,2,0,"[1F] 6호선 신내 (종착역) 승강장 하차 → 대합실 방향 엘리베이터(으)로 1개 층 올라가기 (1F → 2F, 엘리베이터) → [2F] 대합실로 이동 → 경춘선 망우 방면 엘리베이터(으)로 1개 층 올라가기 (2F → 3F, 엘리베이터) → [3F] 경춘선 망우 방면 승강장으로 이동 → [3F] 승차 (휠체어칸)","1. [1F] 6호선 신내 (종착역) 승강장 하차 | 2. 대합실 방향 엘리베이터(으)로 1개 층 올라가기 (1F → 2F, 엘리베이터) | 3. [2F] 대합실로 이동 | 4. 경춘선 망우 방면 엘리베이터(으)로 1개 층 올라가기 (2F → 3F, 엘리베이터) | 5. [3F] 경춘선 망우 방면 승강장으로 이동 | 6. [3F] 승차 (휠체어칸)"
S1_6_0353,6호선,신내,3,환승,2,6호선 신내 (종착역) → 경춘선 갈매 방면,1F → 2F → 3F,6,2,0,"[1F] 6호선 신내 (종착역) 승강장 하차 → 대합실 방향 엘리베이터(으)로 1개 층 올라가기 (1F → 2F, 엘리베이터) → [2F] 대합실로 이동 → 경춘선 갈매 방면 엘리베이터(으)로 1개 층 올라가기 (2F → 3F, 엘리베이터) → [3F] 경춘선 갈매 방면 승강장으로 이동 → [3F] 승차 (휠체어칸)","1. [1F] 6호선 신내 (종착역) 승강장 하차 | 2. 대합실 방향 엘리베이터(으)로 1개 층 올라가기 (1F → 2F, 엘리베이터) | 3. [2F] 대합실로 이동 | 4. 경춘선 갈매 방면 엘리베이터(으)로 1개 층 올라가기 (2F → 3F, 엘리베이터) | 5. [3F] 경춘선 갈매 방면 승강장으로 이동 | 6. [3F] 승차 (휠체어칸)"
S1_7_0503,7호선,장암,1,출입구-승강장,1,1번 출입구 옆 엘리베이터 → 도봉산 방면,1F → 2F → 1F,7,2,0,"1번 출입구 옆 엘리베이터(으)로 1개 층 올라가기 (1F → 2F, 엘리베이터) → [2F] 이동통로로 이동 → 대합실 방향 엘리베이터(으)로 1개 층 내려가기 (2F → 1F, 엘리베이터) → [1F] 대합실로 이동 → [1F] 표 내는 곳 통과 → [1F] 도봉산 방면 승강장으로 이동 → [1F] 승차 (휠체어칸)","1. 1번 출입구 옆 엘리베이터(으)로 1개 층 올라가기 (1F → 2F, 엘리베이터) | 2. [2F] 이동통로로 이동 | 3. 대합실 방향 엘리베이터(으)로 1개 층 내려가기 (2F → 1F, 엘리베이터) | 4. [1F] 대합실로 이동 | 5. [1F] 표 내는 곳 통과 | 6. [1F] 도봉산 방면 승강장으로 이동 | 7. [1F] 승차 (휠체어칸)"
S1_7_0146,7호선,도봉산,1,출입구-승강장,1,2번 출입구 → 장암 방면,1F → 2F,5,1,0,"[1F] 2번 출입구 대합실로 이동 → [1F] 표 내는 곳 통과 → 장암 방면 엘리베이터(으)로 1개 층 올라가기 (1F → 2F, 엘리베이터) → [2F] 장암 방면 승강장으로 이동 → [2F] 승차 (휠체어칸)","1. [1F] 2번 출입구 대합실로 이동 | 2. [1F] 표 내는 곳 통과 | 3. 장암 방면 엘리베이터(으)로 1개 층 올라가기 (1F → 2F, 엘리베이터) | 4. [2F] 장암 방면 승강장으로 이동 | 5. [2F] 승차 (휠체어칸)"
S1_7_0146,7호선,도봉산,1,출입구-승강장,2,2번 출입구 → 수락산 방면,1F → 2F,5,1,0,"[1F] 2번 출입구 대합실로 이동 → [1F] 표 내는 곳 통과 → 수락산 방면 엘리베이터(으)로 1개 층 올라가기 (1F → 2F, 엘리베이터) → [2F] 수락산 방면 승강장으로 이동 → [2F] 승차 (휠체어칸)","1. [1F] 2번 출입구 대합실로 이동 | 2. [1F] 표 내는 곳 통과 | 3. 수락산 방면 엘리베이터(으)로 1개 층 올라가기 (1F → 2F, 엘리베이터) | 4. [2F] 수락산 방면 승강장으로 이동 | 5. [2F] 승차 (휠체어칸)"
S1_7_0146,7호선,도봉산,1,출입구-승강장,3,환승주차장 → 장암 방면,B1 → 1F → 2F,5,1,0,"[B1] 환승주차장 연결된 지하통로 표 내는 곳 통과 → [B1] 승강장 연결된 계단 사이 위치한 환승통로 진입 → 환승통로 중간에 위치한 경사로를 올라가 엘리베이터(3호기)(으)로 1개 층 올라가기 (1F → 2F, 엘리베이터) → [2F] 장암 방면 승강장 도착 → [2F] 승차 (휠체어칸)","1. [B1] 환승주차장 연결된 지하통로 표 내는 곳 통과 | 2. [B1] 승강장 연결된 계단 사이 위치한 환승통로 진입 | 3. 환승통로 중간에 위치한 경사로를 올라가 엘리베이터(3호기)(으)로 1개 층 올라가기 (1F → 2F, 엘리베이터) | 4. [2F] 장암 방면 승강장 도착 | 5. [2F] 승차 (휠체어칸)"
S1_7_0146,7호선,도봉산,1,출입구-승강장,4,환승주차장 → 수락산 방면,B1 → 1F → 2F,7,1,0,"[B1] 환승주차장 연결된 지하통로 표 내는 곳 통과 → [B1] 승강장 연결된 계단 사이 위치한 환승통로 진입 → [B1] *반지하로 B1-1F 간 별도의 승강시설 필요 없음 → 환승통로 가장 안쪽 엘리베이터(4호기)(으)로 1개 층 올라가기 (1F → 2F, 엘리베이터) → [2F] 수락산 방면 승강장 도착 → [2F] 승차 (휠체어칸) → [2F] *휠체어 권장 탑승 위치: 4-3 (엘리베이터 하차 후 정면)","1. [B1] 환승주차장 연결된 지하통로 표 내는 곳 통과 | 2. [B1] 승강장 연결된 계단 사이 위치한 환승통로 진입 | 3. [B1] *반지하로 B1-1F 간 별도의 승강시설 필요 없음 | 4. 환승통로 가장 안쪽 엘리베이터(4호기)(으)로 1개 층 올라가기 (1F → 2F, 엘리베이터) | 5. [2F] 수락산 방면 승강장 도착 | 6. [2F] 승차 (휠체어칸) | 7. [2F] *휠체어 권장 탑승 위치: 4-3 (엘리베이터 하차 후 정면)"
S1_7_0146,7호선,도봉산,3,환승,1,7호선 장암 방면 → 1호선 망월사 방면,2F → 1F → 2F → 1F,9,3,0,"[2F] 7호선 장암 방면 승강장 하차 → 7호선 장암 방면 엘리베이터(으)로 1개 층 내려가기 (2F → 1F, 엘리베이터) → [1F] 7호선 수락산 방면 엘리베이터 이동 → [1F] 1호선 환승 엘리베이터 이동 → 1호선 환승 엘리베이터(으)로 1개 층 올라가기 (1F → 2F, 엘리베이터) → [2F] 1호선 망월사 방면 엘리베이터 이동 → 1호선 망월사 방면 엘리베이터(으)로 1개 층 내려가기 (2F → 1F, 엘리베이터) → [1F] 1호선 망월사 방면 승강장 이동 → [1F] 승차(휠체어칸)","1. [2F] 7호선 장암 방면 승강장 하차 | 2. 7호선 장암 방면 엘리베이터(으)로 1개 층 내려가기 (2F → 1F, 엘리베이터) | 3. [1F] 7호선 수락산 방면 엘리베이터 이동 | 4. [1F] 1호선 환승 엘리베이터 이동 | 5. 1호선 환승 엘리베이터(으)로 1개 층 올라가기 (1F → 2F, 엘리베이터) | 6. [2F] 1호선 망월사 방면 엘리베이터 이동 | 7. 1호선 망월사 방면 엘리베이터(으)로 1개 층 내려가기 (2F → 1F, 엘리베이터) | 8. [1F] 1호선 망월사 방면 승강장 이동 | 9. [1F] 승차(휠체어칸)"
S1_7_0146,7호선,도봉산,3,환승,2,7호선 장암 방면 → 1호선 도봉 방면,2F → 1F → 2F → 1F,9,3,0,"[2F] 7호선 장암 방면 승강장 하차 → 7호선 장암 방면 엘리베이터(으)로 1개 층 내려가기 (2F → 1F, 엘리베이터) → [1F] 7호선 수락산 방면 엘리베이터 이동 → [1F] 1호선 환승 엘리베이터 이동 → 1호선 환승 엘리베이터(으)로 1개 층 올라가기 (1F → 2F, 엘리베이터) → [2F] 1호선 도봉 방면 엘리베이터 이동 → 1호선 도봉 방면 엘리베이터(으)로 1개 층 내려가기 (2F → 1F, 엘리베이터) → [1F] 1호선 도봉 방면 승강장 이동 → [1F] 승차(휠체어칸)","1. [2F] 7호선 장암 방면 승강장 하차 | 2. 7호선 장암 방면 엘리베이터(으)로 1개 층 내려가기 (2F → 1F, 엘리베이터) | 3. [1F] 7호선 수락산 방면 엘리베이터 이동 | 4. [1F] 1호선 환승 엘리베이터 이동 | 5. 1호선 환승 엘리베이터(으)로 1개 층 올라가기 (1F → 2F, 엘리베이터) | 6. [2F] 1호선 도봉 방면 엘리베이터 이동 | 7. 1호선 도봉 방면 엘리베이터(으)로 1개 층 내려가기 (2F → 1F, 엘리베이터) | 8. [1F] 1호선 도봉 방면 승강장 이동 | 9. [1F] 승차(휠체어칸)"
S1_7_0146,7호선,도봉산,3,환승,3,7호선 수락산 방면 → 1호선 망월사 방면,2F → 1F,6,1,0,"[2F] 7호선 수락산 방면 승강장 하차 → [2F] 1호선 환승 엘리베이터 방향 이동 → [2F] 1호선 망월사 방면 엘리베이터 이동 → 1호선 망월사 방면 엘리베이터(으)로 1개 층 내려가기 (2F → 1F, 엘리베이터) → [1F] 1호선 망월사 방면 승강장으로 이동 → [1F] 승차 (휠체어칸)","1. [2F] 7호선 수락산 방면 승강장 하차 | 2. [2F] 1호선 환승 엘리베이터 방향 이동 | 3. [2F] 1호선 망월사 방면 엘리베이터 이동 | 4. 1호선 망월사 방면 엘리베이터(으)로 1개 층 내려가기 (2F → 1F, 엘리베이터) | 5. [1F] 1호선 망월사 방면 승강장으로 이동 | 6. [1F] 승차 (휠체어칸)"
S1_7_0146,7호선,도봉산,3,환승,4,7호선 수락산 방면 → 1호선 도봉 방면,2F → 1F,6,1,0,"[2F] 7호선 수락산 방면 승강장 하차 → [2F] 1호선 환승 엘리베이터 방향 이동 → [2F] 1호선 도봉 방면 엘리베이터 이동 → 1호선 도봉 방면 엘리베이터(으)로 1개 층 내려가기 (2F → 1F, 엘리베이터) → [1F] 1호선 도봉 방면 승강장으로 이동 → [1F] 승차 (휠체어칸)","1. [2F] 7호선 수락산 방면 승강장 하차 | 2. [2F] 1호선 환승 엘리베이터 방향 이동 | 3. [2F] 1호선 도봉 방면 엘리베이터 이동 | 4. 1호선 도봉 방면 엘리베이터(으)로 1개 층 내려가기 (2F → 1F, 엘리베이터) | 5. [1F] 1호선 도봉 방면 승강장으로 이동 | 6. [1F] 승차 (휠체어칸)"
S1_7_0334,7호선,수락산,1,출입구-승강장,1,1번 출입구 옆 엘리베이터 → 도봉산 방면,1F → B2 → B3,6,2,0,"1번 출입구 옆 엘리베이터(으)로 2개 층 내려가기 (1F → B2, 엘리베이터) → [B2] 대합실로 이동 → [B2] 표 내는 곳 통과 → 도봉산 방면 엘리베이터(으)로 1개 층 내려가기 (B2 → B3, 엘리베이터) → [B3] 도봉산 방면 승강장으로 이동 → [B3] 승차 (휠체어칸)","1. 1번 출입구 옆 엘리베이터(으)로 2개 층 내려가기 (1F → B2, 엘리베이터) | 2. [B2] 대합실로 이동 | 3. [B2] 표 내는 곳 통과 | 4. 도봉산 방면 엘리베이터(으)로 1개 층 내려가기 (B2 → B3, 엘리베이터) | 5. [B3] 도봉산 방면 승강장으로 이동 | 6. [B3] 승차 (휠체어칸)"
S1_7_0334,7호선,수락산,1,출입구-승강장,2,1번 출입구 옆 엘리베이터 → 마들 방면,1F → B2 → B3,6,2,0,"1번 출입구 옆 엘리베이터(으)로 2개 층 내려가기 (1F → B2, 엘리베이터) → [B2] 대합실로 이동 → [B2] 표 내는 곳 통과 → 마들 방면 엘리베이터(으)로 1개 층 내려가기 (B2 → B3, 엘리베이터) → [B3] 마들 방면 승강장으로 이동 → [B3] 승차 (휠체어칸)","1. 1번 출입구 옆 엘리베이터(으)로 2개 층 내려가기 (1F → B2, 엘리베이터) | 2. [B2] 대합실로 이동 | 3. [B2] 표 내는 곳 통과 | 4. 마들 방면 엘리베이터(으)로 1개 층 내려가기 (B2 → B3, 엘리베이터) | 5. [B3] 마들 방면 승강장으로 이동 | 6. [B3] 승차 (휠체어칸)"
S1_7_0180,7호선,마들,1,출입구-승강장,1,2번 출입구 옆 엘리베이터 → 수락산 방면,1F → B1 → B3,6,2,0,"2번 출입구 옆 엘리베이터(으)로 1개 층 내려가기 (1F → B1, 엘리베이터) → [B1] 대합실로 이동 → [B1] 표 내는 곳 통과 → 승강장 방향 엘리베이터(으)로 2개 층 내려가기 (B1 → B3, 엘리베이터) → [B3] 수락산 방면 승강장으로 이동 → [B3] 승차 (휠체어칸)","1. 2번 출입구 옆 엘리베이터(으)로 1개 층 내려가기 (1F → B1, 엘리베이터) | 2. [B1] 대합실로 이동 | 3. [B1] 표 내는 곳 통과 | 4. 승강장 방향 엘리베이터(으)로 2개 층 내려가기 (B1 → B3, 엘리베이터) | 5. [B3] 수락산 방면 승강장으로 이동 | 6. [B3] 승차 (휠체어칸)"
S1_7_0180,7호선,마들,1,출입구-승강장,2,2번 출입구 옆 엘리베이터 → 노원 방면,1F → B1 → B3,6,2,0,"2번 출입구 옆 엘리베이터(으)로 1개 층 내려가기 (1F → B1, 엘리베이터) → [B1] 대합실로 이동 → [B1] 표 내는 곳 통과 → 승강장 방향 엘리베이터(으)로 2개 층 내려가기 (B1 → B3, 엘리베이터) → [B3] 노원 방면 승강장으로 이동 → [B3] 승차 (휠체어칸)","1. 2번 출입구 옆 엘리베이터(으)로 1개 층 내려가기 (1F → B1, 엘리베이터) | 2. [B1] 대합실로 이동 | 3. [B1] 표 내는 곳 통과 | 4. 승강장 방향 엘리베이터(으)로 2개 층 내려가기 (B1 → B3, 엘리베이터) | 5. [B3] 노원 방면 승강장으로 이동 | 6. [B3] 승차 (휠체어칸)"
S1_7_0180,7호선,마들,1,출입구-승강장,3,4번 출입구 옆 엘리베이터 → 수락산 방면,1F → B1 → B3,6,2,0,"4번 출입구 옆 엘리베이터(으)로 1개 층 내려가기 (1F → B1, 엘리베이터) → [B1] 대합실로 이동 → [B1] 표 내는 곳 통과 → 승강장 방향 엘리베이터(으)로 2개 층 내려가기 (B1 → B3, 엘리베이터) → [B3] 수락산 방면 승강장으로 이동 → [B3] 승차 (휠체어칸)","1. 4번 출입구 옆 엘리베이터(으)로 1개 층 내려가기 (1F → B1, 엘리베이터) | 2. [B1] 대합실로 이동 | 3. [B1] 표 내는 곳 통과 | 4. 승강장 방향 엘리베이터(으)로 2개 층 내려가기 (B1 → B3, 엘리베이터) | 5. [B3] 수락산 방면 승강장으로 이동 | 6. [B3] 승차 (휠체어칸)"
S1_7_0180,7호선,마들,1,출입구-승강장,4,4번 출입구 옆 엘리베이터 → 노원 방면,1F → B1 → B3,6,2,0,"4번 출입구 옆 엘리베이터(으)로 1개 층 내려가기 (1F → B1, 엘리베이터) → [B1] 대합실로 이동 → [B1] 표 내는 곳 통과 → 승강장 방향 엘리베이터(으)로 2개 층 내려가기 (B1 → B3, 엘리베이터) → [B3] 노원 방면 승강장으로 이동 → [B3] 승차 (휠체어칸)","1. 4번 출입구 옆 엘리베이터(으)로 1개 층 내려가기 (1F → B1, 엘리베이터) | 2. [B1] 대합실로 이동 | 3. [B1] 표 내는 곳 통과 | 4. 승강장 방향 엘리베이터(으)로 2개 층 내려가기 (B1 → B3, 엘리베이터) | 5. [B3] 노원 방면 승강장으로 이동 | 6. [B3] 승차 (휠체어칸)"
S1_7_0180,7호선,마들,1,출입구-승강장,5,5번 출입구 옆 엘리베이터 → 수락산 방면,1F → B1 → B3,6,2,0,"5번 출입구 옆 엘리베이터(으)로 1개 층 내려가기 (1F → B1, 엘리베이터) → [B1] 대합실로 이동 → [B1] 표 내는 곳 통과 → 승강장 방향 엘리베이터(으)로 2개 층 내려가기 (B1 → B3, 엘리베이터) → [B3] 수락산 방면 승강장으로 이동 → [B3] 승차 (휠체어칸)","1. 5번 출입구 옆 엘리베이터(으)로 1개 층 내려가기 (1F → B1, 엘리베이터) | 2. [B1] 대합실로 이동 | 3. [B1] 표 내는 곳 통과 | 4. 승강장 방향 엘리베이터(으)로 2개 층 내려가기 (B1 → B3, 엘리베이터) | 5. [B3] 수락산 방면 승강장으로 이동 | 6. [B3] 승차 (휠체어칸)"
S1_7_0180,7호선,마들,1,출입구-승강장,6,5번 출입구 옆 엘리베이터 → 노원 방면,1F → B1 → B3,6,2,0,"5번 출입구 옆 엘리베이터(으)로 1개 층 내려가기 (1F → B1, 엘리베이터) → [B1] 대합실로 이동 → [B1] 표 내는 곳 통과 → 승강장 방향 엘리베이터(으)로 2개 층 내려가기 (B1 → B3, 엘리베이터) → [B3] 노원 방면 승강장으로 이동 → [B3] 승차 (휠체어칸)","1. 5번 출입구 옆 엘리베이터(으)로 1개 층 내려가기 (1F → B1, 엘리베이터) | 2. [B1] 대합실로 이동 | 3. [B1] 표 내는 곳 통과 | 4. 승강장 방향 엘리베이터(으)로 2개 층 내려가기 (B1 → B3, 엘리베이터) | 5. [B3] 노원 방면 승강장으로 이동 | 6. [B3] 승차 (휠체어칸)"
S1_7_0115,7호선,노원,1,출입구-승강장,1,3번 출입구 옆 엘리베이터 → 마들 방면,1F → B1 → B3,6,2,0,"3번 출입구 옆 엘리베이터(으)로 1개 층 내려가기 (1F → B1, 엘리베이터) → [B1] 대합실로 이동 → [B1] 표 내는 곳 통과 → 승강장 방향 엘리베이터(으)로 2개 층 내려가기 (B1 → B3, 엘리베이터) → [B3] 마들 방면 승강장으로 이동 → [B3] 승차 (휠체어칸)","1. 3번 출입구 옆 엘리베이터(으)로 1개 층 내려가기 (1F → B1, 엘리베이터) | 2. [B1] 대합실로 이동 | 3. [B1] 표 내는 곳 통과 | 4. 승강장 방향 엘리베이터(으)로 2개 층 내려가기 (B1 → B3, 엘리베이터) | 5. [B3] 마들 방면 승강장으로 이동 | 6. [B3] 승차 (휠체어칸)"
S1_7_0115,7호선,노원,1,출입구-승강장,2,3번 출입구 옆 엘리베이터 → 중계 방면,1F → B1 → B3,6,2,0,"3번 출입구 옆 엘리베이터(으)로 1개 층 내려가기 (1F → B1, 엘리베이터) → [B1] 대합실로 이동 → [B1] 표 내는 곳 통과 → 승강장 방향 엘리베이터(으)로 2개 층 내려가기 (B1 → B3, 엘리베이터) → [B3] 중계 방면 승강장으로 이동 → [B3] 승차 (휠체어칸)","1. 3번 출입구 옆 엘리베이터(으)로 1개 층 내려가기 (1F → B1, 엘리베이터) | 2. [B1] 대합실로 이동 | 3. [B1] 표 내는 곳 통과 | 4. 승강장 방향 엘리베이터(으)로 2개 층 내려가기 (B1 → B3, 엘리베이터) | 5. [B3] 중계 방면 승강장으로 이동 | 6. [B3] 승차 (휠체어칸)"
S1_7_0115,7호선,노원,1,출입구-승강장,3,6번 출입구 옆 엘리베이터 → 마들 방면,1F → B1 → B3,6,2,0,"6번 출입구 옆 엘리베이터(으)로 1개 층 내려가기 (1F → B1, 엘리베이터) → [B1] 대합실로 이동 → [B1] 표 내는 곳 통과 → 승강장 방향 엘리베이터(으)로 2개 층 내려가기 (B1 → B3, 엘리베이터) → [B3] 마들 방면 승강장으로 이동 → [B3] 승차 (휠체어칸)","1. 6번 출입구 옆 엘리베이터(으)로 1개 층 내려가기 (1F → B1, 엘리베이터) | 2. [B1] 대합실로 이동 | 3. [B1] 표 내는 곳 통과 | 4. 승강장 방향 엘리베이터(으)로 2개 층 내려가기 (B1 → B3, 엘리베이터) | 5. [B3] 마들 방면 승강장으로 이동 | 6. [B3] 승차 (휠체어칸)"
S1_7_0115,7호선,노원,1,출입구-승강장,4,6번 출입구 옆 엘리베이터 → 중계 방면,1F → B1 → B3,6,2,0,"6번 출입구 옆 엘리베이터(으)로 1개 층 내려가기 (1F → B1, 엘리베이터) → [B1] 대합실로 이동 → [B1] 표 내는 곳 통과 → 승강장 방향 엘리베이터(으)로 2개 층 내려가기 (B1 → B3, 엘리베이터) → [B3] 중계 방면 승강장으로 이동 → [B3] 승차 (휠체어칸)","1. 6번 출입구 옆 엘리베이터(으)로 1개 층 내려가기 (1F → B1, 엘리베이터) | 2. [B1] 대합실로 이동 | 3. [B1] 표 내는 곳 통과 | 4. 승강장 방향 엘리베이터(으)로 2개 층 내려가기 (B1 → B3, 엘리베이터) | 5. [B3] 중계 방면 승강장으로 이동 | 6. [B3] 승차 (휠체어칸)"
S1_7_0115,7호선,노원,1,출입구-승강장,5,5번출구 엘리베이터  → 중계/마들방면,B1 → B3,5,1,0,"[B1] 지하1층 대합실 하차 후 대합실내 엘리베이터 탑승 → 5번출입구 지상층 엘리베이터(으)로 2개 층 내려가기 (B1 → B3, 엘리베이터) → [B3] 지하3층 승강장 하차 → [B3] 중계방면 승강장으로 이동 또는 → [B3] 마들방면 승강장으로 이동","1. [B1] 지하1층 대합실 하차 후 대합실내 엘리베이터 탑승 | 2. 5번출입구 지상층 엘리베이터(으)로 2개 층 내려가기 (B1 → B3, 엘리베이터) | 3. [B3] 지하3층 승강장 하차 | 4. [B3] 중계방면 승강장으로 이동 또는 | 5. [B3] 마들방면 승강장으로 이동"
S1_7_0115,7호선,노원,3,환승,1,7호선 마들 방면 → 4호선 상계 방면,B3 → B1 → 1F → 2F → 3F,11,4,0,"[B3] 7호선 마들 방면 승강장 이동 → 7호선 승강장 방향 엘리베이터(으)로 2개 층 올라가기 (B3 → B1, 엘리베이터) → [B1] 표 내는 곳 통과 → 7호선 3번 출입구 옆 엘리베이터(으)로 1개 층 올라가기 (B1 → 1F, 엘리베이터) → [1F] 4호선 2번 출입구 옆 엘리베이터 이동 → 4호선 2번 출입구 옆 엘리베이터(으)로 1개 층 올라가기 (1F → 2F, 엘리베이터) → [2F] 표 내는 곳 통과 → [2F] 4호선 상계 방면 엘리베이터 이동 → 4호선 상계 방면 엘리베이터(으)로 1개 층 올라가기 (2F → 3F, 엘리베이터) → [3F] 4호선 상계 방면 승강장 이동 → [3F] 승차(휠체어칸)","1. [B3] 7호선 마들 방면 승강장 이동 | 2. 7호선 승강장 방향 엘리베이터(으)로 2개 층 올라가기 (B3 → B1, 엘리베이터) | 3. [B1] 표 내는 곳 통과 | 4. 7호선 3번 출입구 옆 엘리베이터(으)로 1개 층 올라가기 (B1 → 1F, 엘리베이터) | 5. [1F] 4호선 2번 출입구 옆 엘리베이터 이동 | 6. 4호선 2번 출입구 옆 엘리베이터(으)로 1개 층 올라가기 (1F → 2F, 엘리베이터) | 7. [2F] 표 내는 곳 통과 | 8. [2F] 4호선 상계 방면 엘리베이터 이동 | 9. 4호선 상계 방면 엘리베이터(으)로 1개 층 올라가기 (2F → 3F, 엘리베이터) | 10. [3F] 4호선 상계 방면 승강장 이동 | 11. [3F] 승차(휠체어칸)"
S1_7_0115,7호선,노원,3,환승,2,7호선 마들 방면 → 4호선 창동 방면,B3 → B1 → 1F → 2F → 3F,11,4,0,"[B3] 7호선 마들 방면 승강장 이동 → 7호선 승강장 방향 엘리베이터(으)로 2개 층 올라가기 (B3 → B1, 엘리베이터) → [B1] 표 내는 곳 통과 → 7호선 3번 출입구 옆 엘리베이터(으)로 1개 층 올라가기 (B1 → 1F, 엘리베이터) → [1F] 4호선 2번 출입구 옆 엘리베이터 이동 → 4호선 2번 출입구 옆 엘리베이터(으)로 1개 층 올라가기 (1F → 2F, 엘리베이터) → [2F] 표 내는 곳 통과 → [2F] 4호선 창동 방면 엘리베이터 이동 → 4호선 창동 방면 엘리베이터(으)로 1개 층 올라가기 (2F → 3F, 엘리베이터) → [3F] 4호선 창동 방면 승강장 이동 → [3F] 승차(휠체어칸)","1. [B3] 7호선 마들 방면 승강장 이동 | 2. 7호선 승강장 방향 엘리베이터(으)로 2개 층 올라가기 (B3 → B1, 엘리베이터) | 3. [B1] 표 내는 곳 통과 | 4. 7호선 3번 출입구 옆 엘리베이터(으)로 1개 층 올라가기 (B1 → 1F, 엘리베이터) | 5. [1F] 4호선 2번 출입구 옆 엘리베이터 이동 | 6. 4호선 2번 출입구 옆 엘리베이터(으)로 1개 층 올라가기 (1F → 2F, 엘리베이터) | 7. [2F] 표 내는 곳 통과 | 8. [2F] 4호선 창동 방면 엘리베이터 이동 | 9. 4호선 창동 방면 엘리베이터(으)로 1개 층 올라가기 (2F → 3F, 엘리베이터) | 10. [3F] 4호선 창동 방면 승강장 이동 | 11. [3F] 승차(휠체어칸)"
S1_7_0115,7호선,노원,3,환승,3,7호선 중계 방면 → 4호선 상계 방면,B3 → B1 → 1F → 2F → 3F,11,4,0,"[B3] 7호선 중계 방면 승강장 이동 → 7호선 승강장 방향 엘리베이터(으)로 2개 층 올라가기 (B3 → B1, 엘리베이터) → [B1] 표 내는 곳 통과 → 7호선 3번 출입구 옆 엘리베이터(으)로 1개 층 올라가기 (B1 → 1F, 엘리베이터) → [1F] 4호선 2번 출입구 옆 엘리베이터 이동 → 4호선 2번 출입구 옆 엘리베이터(으)로 1개 층 올라가기 (1F → 2F, 엘리베이터) → [2F] 표 내는 곳 통과 → [2F] 4호선 상계 방면 엘리베이터 이동 → 4호선 상계 방면 엘리베이터(으)로 1개 층 올라가기 (2F → 3F, 엘리베이터) → [3F] 4호선 상계 방면 승강장 이동 → [3F] 승차(휠체어칸)","1. [B3] 7호선 중계 방면 승강장 이동 | 2. 7호선 승강장 방향 엘리베이터(으)로 2개 층 올라가기 (B3 → B1, 엘리베이터) | 3. [B1] 표 내는 곳 통과 | 4. 7호선 3번 출입구 옆 엘리베이터(으)로 1개 층 올라가기 (B1 → 1F, 엘리베이터) | 5. [1F] 4호선 2번 출입구 옆 엘리베이터 이동 | 6. 4호선 2번 출입구 옆 엘리베이터(으)로 1개 층 올라가기 (1F → 2F, 엘리베이터) | 7. [2F] 표 내는 곳 통과 | 8. [2F] 4호선 상계 방면 엘리베이터 이동 | 9. 4호선 상계 방면 엘리베이터(으)로 1개 층 올라가기 (2F → 3F, 엘리베이터) | 10. [3F] 4호선 상계 방면 승강장 이동 | 11. [3F] 승차(휠체어칸)"
S1_7_0115,7호선,노원,3,환승,4,7호선 중계 방면 → 4호선 창동 방면,B3 → B1 → 1F → 2F → 3F,11,4,0,"[B3] 7호선 중계 방면 승강장 이동 → 7호선 승강장 방향 엘리베이터(으)로 2개 층 올라가기 (B3 → B1, 엘리베이터) → [B1] 표 내는 곳 통과 → 7호선 3번 출입구 옆 엘리베이터(으)로 1개 층 올라가기 (B1 → 1F, 엘리베이터) → [1F] 4호선 2번 출입구 옆 엘리베이터 이동 → 4호선 2번 출입구 옆 엘리베이터(으)로 1개 층 올라가기 (1F → 2F, 엘리베이터) → [2F] 표 내는 곳 통과 → [2F] 4호선 창동 방면 엘리베이터 이동 → 4호선 창동 방면 엘리베이터(으)로 1개 층 올라가기 (2F → 3F, 엘리베이터) → [3F] 4호선 창동 방면 승강장 이동 → [3F] 승차(휠체어칸)","1. [B3] 7호선 중계 방면 승강장 이동 | 2. 7호선 승강장 방향 엘리베이터(으)로 2개 층 올라가기 (B3 → B1, 엘리베이터) | 3. [B1] 표 내는 곳 통과 | 4. 7호선 3번 출입구 옆 엘리베이터(으)로 1개 층 올라가기 (B1 → 1F, 엘리베이터) | 5. [1F] 4호선 2번 출입구 옆 엘리베이터 이동 | 6. 4호선 2번 출입구 옆 엘리베이터(으)로 1개 층 올라가기 (1F → 2F, 엘리베이터) | 7. [2F] 표 내는 곳 통과 | 8. [2F] 4호선 창동 방면 엘리베이터 이동 | 9. 4호선 창동 방면 엘리베이터(으)로 1개 층 올라가기 (2F → 3F, 엘리베이터) | 10. [3F] 4호선 창동 방면 승강장 이동 | 11. [3F] 승차(휠체어칸)"
S1_7_0524,7호선,중계,1,출입구-승강장,1,3번 출입구 옆 엘리베이터 → 노원 방면,1F → B2 → B3,6,2,0,"3번 출입구 옆 엘리베이터(으)로 2개 층 내려가기 (1F → B2, 엘리베이터) → [B2] 대합실로 이동 → [B2] 표 내는 곳 통과 → 승강장 방향 엘리베이터(으)로 1개 층 내려가기 (B2 → B3, 엘리베이터) → [B3] 노원 방면 승강장으로 이동 → [B3] 승차 (휠체어칸)","1. 3번 출입구 옆 엘리베이터(으)로 2개 층 내려가기 (1F → B2, 엘리베이터) | 2. [B2] 대합실로 이동 | 3. [B2] 표 내는 곳 통과 | 4. 승강장 방향 엘리베이터(으)로 1개 층 내려가기 (B2 → B3, 엘리베이터) | 5. [B3] 노원 방면 승강장으로 이동 | 6. [B3] 승차 (휠체어칸)"
S1_7_0524,7호선,중계,1,출입구-승강장,2,3번 출입구 옆 엘리베이터 → 하계 방면,1F → B2 → B3,6,2,0,"3번 출입구 옆 엘리베이터(으)로 2개 층 내려가기 (1F → B2, 엘리베이터) → [B2] 대합실로 이동 → [B2] 표 내는 곳 통과 → 승강장 방향 엘리베이터(으)로 1개 층 내려가기 (B2 → B3, 엘리베이터) → [B3] 하계 방면 승강장으로 이동 → [B3] 승차 (휠체어칸)","1. 3번 출입구 옆 엘리베이터(으)로 2개 층 내려가기 (1F → B2, 엘리베이터) | 2. [B2] 대합실로 이동 | 3. [B2] 표 내는 곳 통과 | 4. 승강장 방향 엘리베이터(으)로 1개 층 내려가기 (B2 → B3, 엘리베이터) | 5. [B3] 하계 방면 승강장으로 이동 | 6. [B3] 승차 (휠체어칸)"
S1_7_0524,7호선,중계,1,출입구-승강장,3,5번 출입구 옆 엘리베이터 → 노원 방면,1F → B2 → B3,6,2,0,"5번 출입구 옆 엘리베이터(으)로 2개 층 내려가기 (1F → B2, 엘리베이터) → [B2] 대합실로 이동 → [B2] 표 내는 곳 통과 → 승강장 방향 엘리베이터(으)로 1개 층 내려가기 (B2 → B3, 엘리베이터) → [B3] 노원 방면 승강장으로 이동 → [B3] 승차 (휠체어칸)","1. 5번 출입구 옆 엘리베이터(으)로 2개 층 내려가기 (1F → B2, 엘리베이터) | 2. [B2] 대합실로 이동 | 3. [B2] 표 내는 곳 통과 | 4. 승강장 방향 엘리베이터(으)로 1개 층 내려가기 (B2 → B3, 엘리베이터) | 5. [B3] 노원 방면 승강장으로 이동 | 6. [B3] 승차 (휠체어칸)"
S1_7_0524,7호선,중계,1,출입구-승강장,4,5번 출입구 옆 엘리베이터 → 하계 방면,1F → B2 → B3,6,2,0,"5번 출입구 옆 엘리베이터(으)로 2개 층 내려가기 (1F → B2, 엘리베이터) → [B2] 대합실로 이동 → [B2] 표 내는 곳 통과 → 승강장 방향 엘리베이터(으)로 1개 층 내려가기 (B2 → B3, 엘리베이터) → [B3] 하계 방면 승강장으로 이동 → [B3] 승차 (휠체어칸)","1. 5번 출입구 옆 엘리베이터(으)로 2개 층 내려가기 (1F → B2, 엘리베이터) | 2. [B2] 대합실로 이동 | 3. [B2] 표 내는 곳 통과 | 4. 승강장 방향 엘리베이터(으)로 1개 층 내려가기 (B2 → B3, 엘리베이터) | 5. [B3] 하계 방면 승강장으로 이동 | 6. [B3] 승차 (휠체어칸)"
S1_7_0581,7호선,하계,1,출입구-승강장,1,1번 출입구 옆 엘리베이터 → 중계 방면,1F → B1 → B3,6,2,0,"1번 출입구 옆 엘리베이터(으)로 1개 층 내려가기 (1F → B1, 엘리베이터) → [B1] 대합실로 이동 → [B1] 표 내는 곳 통과 → 승강장 방향 엘리베이터(으)로 2개 층 내려가기 (B1 → B3, 엘리베이터) → [B3] 중계 방면 승강장으로 이동 → [B3] 승차 (휠체어칸)","1. 1번 출입구 옆 엘리베이터(으)로 1개 층 내려가기 (1F → B1, 엘리베이터) | 2. [B1] 대합실로 이동 | 3. [B1] 표 내는 곳 통과 | 4. 승강장 방향 엘리베이터(으)로 2개 층 내려가기 (B1 → B3, 엘리베이터) | 5. [B3] 중계 방면 승강장으로 이동 | 6. [B3] 승차 (휠체어칸)"
S1_7_0581,7호선,하계,1,출입구-승강장,2,1번 출입구 옆 엘리베이터 → 공릉 방면,1F → B1 → B3,6,2,0,"1번 출입구 옆 엘리베이터(으)로 1개 층 내려가기 (1F → B1, 엘리베이터) → [B1] 대합실로 이동 → [B1] 표 내는 곳 통과 → 승강장 방향 엘리베이터(으)로 2개 층 내려가기 (B1 → B3, 엘리베이터) → [B3] 공릉 방면 승강장으로 이동 → [B3] 승차 (휠체어칸)","1. 1번 출입구 옆 엘리베이터(으)로 1개 층 내려가기 (1F → B1, 엘리베이터) | 2. [B1] 대합실로 이동 | 3. [B1] 표 내는 곳 통과 | 4. 승강장 방향 엘리베이터(으)로 2개 층 내려가기 (B1 → B3, 엘리베이터) | 5. [B3] 공릉 방면 승강장으로 이동 | 6. [B3] 승차 (휠체어칸)"
S1_7_0581,7호선,하계,1,출입구-승강장,3,6번 출입구 옆 엘리베이터 → 중계 방면,1F → B1 → B3,6,2,0,"6번 출입구 옆 엘리베이터(으)로 1개 층 내려가기 (1F → B1, 엘리베이터) → [B1] 대합실로 이동 → [B1] 표 내는 곳 통과 → 승강장 방향 엘리베이터(으)로 2개 층 내려가기 (B1 → B3, 엘리베이터) → [B3] 중계 방면 승강장으로 이동 → [B3] 승차 (휠체어칸)","1. 6번 출입구 옆 엘리베이터(으)로 1개 층 내려가기 (1F → B1, 엘리베이터) | 2. [B1] 대합실로 이동 | 3. [B1] 표 내는 곳 통과 | 4. 승강장 방향 엘리베이터(으)로 2개 층 내려가기 (B1 → B3, 엘리베이터) | 5. [B3] 중계 방면 승강장으로 이동 | 6. [B3] 승차 (휠체어칸)"
S1_7_0581,7호선,하계,1,출입구-승강장,4,6번 출입구 옆 엘리베이터 → 공릉 방면,1F → B1 → B3,6,2,0,"6번 출입구 옆 엘리베이터(으)로 1개 층 내려가기 (1F → B1, 엘리베이터) → [B1] 대합실로 이동 → [B1] 표 내는 곳 통과 → 승강장 방향 엘리베이터(으)로 2개 층 내려가기 (B1 → B3, 엘리베이터) → [B3] 공릉 방면 승강장으로 이동 → [B3] 승차 (휠체어칸)","1. 6번 출입구 옆 엘리베이터(으)로 1개 층 내려가기 (1F → B1, 엘리베이터) | 2. [B1] 대합실로 이동 | 3. [B1] 표 내는 곳 통과 | 4. 승강장 방향 엘리베이터(으)로 2개 층 내려가기 (B1 → B3, 엘리베이터) | 5. [B3] 공릉 방면 승강장으로 이동 | 6. [B3] 승차 (휠체어칸)"
S1_7_0055,7호선,공릉,1,출입구-승강장,1,2번 출입구 옆 엘리베이터 → 하계 방면,1F → B1 → B2 → B4,8,3,0,"2번 출입구 옆 엘리베이터(으)로 1개 층 내려가기 (1F → B1, 엘리베이터) → [B1] 대합실로 이동 → [B1] 표 내는 곳 통과 → 엘리베이터(으)로 1개 층 내려가기 (B1 → B2, 엘리베이터) → [B2] 대합실로 이동 → 하계 방면 엘리베이터(으)로 2개 층 내려가기 (B2 → B4, 엘리베이터) → [B4] 하계 방면 승강장으로 이동 → [B4] 승차 (휠체어칸)","1. 2번 출입구 옆 엘리베이터(으)로 1개 층 내려가기 (1F → B1, 엘리베이터) | 2. [B1] 대합실로 이동 | 3. [B1] 표 내는 곳 통과 | 4. 엘리베이터(으)로 1개 층 내려가기 (B1 → B2, 엘리베이터) | 5. [B2] 대합실로 이동 | 6. 하계 방면 엘리베이터(으)로 2개 층 내려가기 (B2 → B4, 엘리베이터) | 7. [B4] 하계 방면 승강장으로 이동 | 8. [B4] 승차 (휠체어칸)"
S1_7_0055,7호선,공릉,1,출입구-승강장,2,2번 출입구 옆 엘리베이터 → 태릉입구 방면,1F → B1 → B4,6,2,0,"2번 출입구 옆 엘리베이터(으)로 1개 층 내려가기 (1F → B1, 엘리베이터) → [B1] 대합실로 이동 → [B1] 표 내는 곳 통과 → 엘리베이터(으)로 3개 층 내려가기 (B1 → B4, 엘리베이터) → [B4] 태릉입구 방면 승강장으로 이동 → [B4] 승차 (휠체어칸)","1. 2번 출입구 옆 엘리베이터(으)로 1개 층 내려가기 (1F → B1, 엘리베이터) | 2. [B1] 대합실로 이동 | 3. [B1] 표 내는 곳 통과 | 4. 엘리베이터(으)로 3개 층 내려가기 (B1 → B4, 엘리베이터) | 5. [B4] 태릉입구 방면 승강장으로 이동 | 6. [B4] 승차 (휠체어칸)"
S1_7_0568,7호선,태릉입구,1,출입구-승강장,1,2번 출입구 옆 엘리베이터 → 공릉 방면,1F → B1 → B4,6,2,0,"2번 출입구 옆 엘리베이터(으)로 1개 층 내려가기 (1F → B1, 엘리베이터) → [B1] 대합실로 이동 → 공릉 방면 엘리베이터(으)로 3개 층 내려가기 (B1 → B4, 엘리베이터) → [B4] 공릉 방면 승강장으로 이동 → [B4] 표 내는 곳 통과 → [B4] 승차 (휠체어칸)","1. 2번 출입구 옆 엘리베이터(으)로 1개 층 내려가기 (1F → B1, 엘리베이터) | 2. [B1] 대합실로 이동 | 3. 공릉 방면 엘리베이터(으)로 3개 층 내려가기 (B1 → B4, 엘리베이터) | 4. [B4] 공릉 방면 승강장으로 이동 | 5. [B4] 표 내는 곳 통과 | 6. [B4] 승차 (휠체어칸)"
S1_7_0568,7호선,태릉입구,1,출입구-승강장,2,2번 출입구 옆 엘리베이터 → 먹골 방면,1F → B4,4,1,0,"2번 출입구 옆 엘리베이터(으)로 4개 층 내려가기 (1F → B4, 엘리베이터) → [B4] 먹골 방면 승강장으로 이동 → [B4] 표 내는 곳 통과 → [B4] 승차 (휠체어칸)","1. 2번 출입구 옆 엘리베이터(으)로 4개 층 내려가기 (1F → B4, 엘리베이터) | 2. [B4] 먹골 방면 승강장으로 이동 | 3. [B4] 표 내는 곳 통과 | 4. [B4] 승차 (휠체어칸)"
S1_7_0568,7호선,태릉입구,1,출입구-승강장,3,6번 출입구 옆 엘리베이터 → 공릉 방면,1F → B1 → B4,7,2,0,"6번 출입구 옆 엘리베이터(으)로 1개 층 내려가기 (1F → B1, 엘리베이터) → [B1] 대합실로 이동 → [B1] 7호선 대합실로 이동 → 공릉 방면 엘리베이터(으)로 3개 층 내려가기 (B1 → B4, 엘리베이터) → [B4] 공릉 방면 승강장으로 이동 → [B4] 표 내는 곳 통과 → [B4] 승차 (휠체어칸)","1. 6번 출입구 옆 엘리베이터(으)로 1개 층 내려가기 (1F → B1, 엘리베이터) | 2. [B1] 대합실로 이동 | 3. [B1] 7호선 대합실로 이동 | 4. 공릉 방면 엘리베이터(으)로 3개 층 내려가기 (B1 → B4, 엘리베이터) | 5. [B4] 공릉 방면 승강장으로 이동 | 6. [B4] 표 내는 곳 통과 | 7. [B4] 승차 (휠체어칸)"
S1_7_0568,7호선,태릉입구,1,출입구-승강장,4,6번 출입구 옆 엘리베이터 → 먹골 방면,1F → B1 → B4,7,2,0,"6번 출입구 옆 엘리베이터(으)로 1개 층 내려가기 (1F → B1, 엘리베이터) → [B1] 대합실로 이동 → [B1] 7호선 대합실로 이동 → 먹골 방면 엘리베이터(으)로 3개 층 내려가기 (B1 → B4, 엘리베이터) → [B4] 먹골 방면 승강장으로 이동 → [B4] 표 내는 곳 통과 → [B4] 승차 (휠체어칸)","1. 6번 출입구 옆 엘리베이터(으)로 1개 층 내려가기 (1F → B1, 엘리베이터) | 2. [B1] 대합실로 이동 | 3. [B1] 7호선 대합실로 이동 | 4. 먹골 방면 엘리베이터(으)로 3개 층 내려가기 (B1 → B4, 엘리베이터) | 5. [B4] 먹골 방면 승강장으로 이동 | 6. [B4] 표 내는 곳 통과 | 7. [B4] 승차 (휠체어칸)"
S1_7_0568,7호선,태릉입구,1,출입구-승강장,5,8번 출입구 옆 엘리베이터 → 공릉 방면,1F → B1 → B4,7,2,0,"8번 출입구 옆 엘리베이터(으)로 1개 층 내려가기 (1F → B1, 엘리베이터) → [B1] 대합실로 이동 → [B1] 7호선 대합실로 이동 → 공릉 방면 엘리베이터(으)로 3개 층 내려가기 (B1 → B4, 엘리베이터) → [B4] 공릉 방면 승강장으로 이동 → [B4] 표 내는 곳 통과 → [B4] 승차 (휠체어칸)","1. 8번 출입구 옆 엘리베이터(으)로 1개 층 내려가기 (1F → B1, 엘리베이터) | 2. [B1] 대합실로 이동 | 3. [B1] 7호선 대합실로 이동 | 4. 공릉 방면 엘리베이터(으)로 3개 층 내려가기 (B1 → B4, 엘리베이터) | 5. [B4] 공릉 방면 승강장으로 이동 | 6. [B4] 표 내는 곳 통과 | 7. [B4] 승차 (휠체어칸)"
S1_7_0568,7호선,태릉입구,1,출입구-승강장,6,8번 출입구 옆 엘리베이터 → 먹골 방면,1F → B1 → B4,7,2,0,"8번 출입구 옆 엘리베이터(으)로 1개 층 내려가기 (1F → B1, 엘리베이터) → [B1] 대합실로 이동 → [B1] 7호선 대합실로 이동 → 먹골 방면 엘리베이터(으)로 3개 층 내려가기 (B1 → B4, 엘리베이터) → [B4] 먹골 방면 승강장으로 이동 → [B4] 표 내는 곳 통과 → [B4] 승차 (휠체어칸)","1. 8번 출입구 옆 엘리베이터(으)로 1개 층 내려가기 (1F → B1, 엘리베이터) | 2. [B1] 대합실로 이동 | 3. [B1] 7호선 대합실로 이동 | 4. 먹골 방면 엘리베이터(으)로 3개 층 내려가기 (B1 → B4, 엘리베이터) | 5. [B4] 먹골 방면 승강장으로 이동 | 6. [B4] 표 내는 곳 통과 | 7. [B4] 승차 (휠체어칸)"
S1_7_0568,7호선,태릉입구,3,환승,1,7호선 공릉 방면 → 6호선 석계 방면,B4 → B1 → B2,7,2,0,"[B4] 7호선 공릉 방면 승강장 하차 → 대합실 방향 엘리베이터(으)로 3개 층 올라가기 (B4 → B1, 엘리베이터) → [B1] 대합실로 이동 → [B1] 6호선 대합실로 이동 → 석계 방면 엘리베이터(으)로 1개 층 내려가기 (B1 → B2, 엘리베이터) → [B2] 6호선 석계 방면 승강장으로 이동 → [B2] 승차 (휠체어칸)","1. [B4] 7호선 공릉 방면 승강장 하차 | 2. 대합실 방향 엘리베이터(으)로 3개 층 올라가기 (B4 → B1, 엘리베이터) | 3. [B1] 대합실로 이동 | 4. [B1] 6호선 대합실로 이동 | 5. 석계 방면 엘리베이터(으)로 1개 층 내려가기 (B1 → B2, 엘리베이터) | 6. [B2] 6호선 석계 방면 승강장으로 이동 | 7. [B2] 승차 (휠체어칸)"
S1_7_0568,7호선,태릉입구,3,환승,2,7호선 공릉 방면 → 6호선 화랑대 방면,B4 → B1 → B2,7,2,0,"[B4] 7호선 공릉 방면 승강장 하차 → 대합실 방향 엘리베이터(으)로 3개 층 올라가기 (B4 → B1, 엘리베이터) → [B1] 대합실로 이동 → [B1] 6호선 대합실로 이동 → 화랑대 방면 엘리베이터(으)로 1개 층 내려가기 (B1 → B2, 엘리베이터) → [B2] 6호선 화랑대 방면 승강장으로 이동 → [B2] 승차 (휠체어칸)","1. [B4] 7호선 공릉 방면 승강장 하차 | 2. 대합실 방향 엘리베이터(으)로 3개 층 올라가기 (B4 → B1, 엘리베이터) | 3. [B1] 대합실로 이동 | 4. [B1] 6호선 대합실로 이동 | 5. 화랑대 방면 엘리베이터(으)로 1개 층 내려가기 (B1 → B2, 엘리베이터) | 6. [B2] 6호선 화랑대 방면 승강장으로 이동 | 7. [B2] 승차 (휠체어칸)"
S1_7_0568,7호선,태릉입구,3,환승,3,7호선 먹골 방면 → 6호선 석계 방면,B4 → B1 → B2,7,2,0,"[B4] 7호선 먹골 방면 승강장 하차 → 대합실 방향 엘리베이터(으)로 3개 층 올라가기 (B4 → B1, 엘리베이터) → [B1] 대합실로 이동 → [B1] 6호선 대합실로 이동 → 석계 방면 엘리베이터(으)로 1개 층 내려가기 (B1 → B2, 엘리베이터) → [B2] 6호선 석계 방면 승강장으로 이동 → [B2] 승차 (휠체어칸)","1. [B4] 7호선 먹골 방면 승강장 하차 | 2. 대합실 방향 엘리베이터(으)로 3개 층 올라가기 (B4 → B1, 엘리베이터) | 3. [B1] 대합실로 이동 | 4. [B1] 6호선 대합실로 이동 | 5. 석계 방면 엘리베이터(으)로 1개 층 내려가기 (B1 → B2, 엘리베이터) | 6. [B2] 6호선 석계 방면 승강장으로 이동 | 7. [B2] 승차 (휠체어칸)"
S1_7_0568,7호선,태릉입구,3,환승,4,7호선 먹골 방면 → 6호선 화랑대 방면,B4 → B1 → B2,7,2,0,"[B4] 7호선 먹골 방면 승강장 하차 → 대합실 방향 엘리베이터(으)로 3개 층 올라가기 (B4 → B1, 엘리베이터) → [B1] 대합실로 이동 → [B1] 6호선 대합실로 이동 → 화랑대 방면 엘리베이터(으)로 1개 층 내려가기 (B1 → B2, 엘리베이터) → [B2] 6호선 화랑대 방면 승강장으로 이동 → [B2] 승차 (휠체어칸)","1. [B4] 7호선 먹골 방면 승강장 하차 | 2. 대합실 방향 엘리베이터(으)로 3개 층 올라가기 (B4 → B1, 엘리베이터) | 3. [B1] 대합실로 이동 | 4. [B1] 6호선 대합실로 이동 | 5. 화랑대 방면 엘리베이터(으)로 1개 층 내려가기 (B1 → B2, 엘리베이터) | 6. [B2] 6호선 화랑대 방면 승강장으로 이동 | 7. [B2] 승차 (휠체어칸)"
S1_7_0195,7호선,먹골,1,출입구-승강장,1,2번 출입구 옆 엘리베이터 → 태릉입구 방면,1F → B2 → B3,6,2,0,"2번 출입구 옆 엘리베이터(으)로 2개 층 내려가기 (1F → B2, 엘리베이터) → [B2] 대합실로 이동 → [B2] 태릉입구 방면 엘리베이터 앞 표 내는 곳 통과 → 태릉입구 방면 엘리베이터(으)로 1개 층 내려가기 (B2 → B3, 엘리베이터) → [B3] 태릉입구 방면 승강장으로 이동 → [B3] 승차 (휠체어칸)","1. 2번 출입구 옆 엘리베이터(으)로 2개 층 내려가기 (1F → B2, 엘리베이터) | 2. [B2] 대합실로 이동 | 3. [B2] 태릉입구 방면 엘리베이터 앞 표 내는 곳 통과 | 4. 태릉입구 방면 엘리베이터(으)로 1개 층 내려가기 (B2 → B3, 엘리베이터) | 5. [B3] 태릉입구 방면 승강장으로 이동 | 6. [B3] 승차 (휠체어칸)"
S1_7_0195,7호선,먹골,1,출입구-승강장,2,2번 출입구 옆 엘리베이터 → 중화 방면,1F → B2 → B3,6,2,0,"2번 출입구 옆 엘리베이터(으)로 2개 층 내려가기 (1F → B2, 엘리베이터) → [B2] 대합실로 이동 → [B2] 중화 방면 엘리베이터 앞 표 내는 곳 통과 → 중화 방면 엘리베이터(으)로 1개 층 내려가기 (B2 → B3, 엘리베이터) → [B3] 중화 방면 승강장으로 이동 → [B3] 승차 (휠체어칸)","1. 2번 출입구 옆 엘리베이터(으)로 2개 층 내려가기 (1F → B2, 엘리베이터) | 2. [B2] 대합실로 이동 | 3. [B2] 중화 방면 엘리베이터 앞 표 내는 곳 통과 | 4. 중화 방면 엘리베이터(으)로 1개 층 내려가기 (B2 → B3, 엘리베이터) | 5. [B3] 중화 방면 승강장으로 이동 | 6. [B3] 승차 (휠체어칸)"
S1_7_0530,7호선,중화,1,출입구-승강장,1,3번 출입구 옆 엘리베이터 → 먹골 방면,1F → B1 → B3,6,2,0,"3번 출입구 옆 엘리베이터(으)로 1개 층 내려가기 (1F → B1, 엘리베이터) → [B1] 대합실로 이동 → [B1] 표 내는 곳 통과 → 엘리베이터(으)로 2개 층 내려가기 (B1 → B3, 엘리베이터) → [B3] 먹골 방면 승강장으로 이동 → [B3] 승차 (휠체어칸)","1. 3번 출입구 옆 엘리베이터(으)로 1개 층 내려가기 (1F → B1, 엘리베이터) | 2. [B1] 대합실로 이동 | 3. [B1] 표 내는 곳 통과 | 4. 엘리베이터(으)로 2개 층 내려가기 (B1 → B3, 엘리베이터) | 5. [B3] 먹골 방면 승강장으로 이동 | 6. [B3] 승차 (휠체어칸)"
S1_7_0530,7호선,중화,1,출입구-승강장,2,3번 출입구 옆 엘리베이터 → 상봉 방면,1F → B1 → B2 → B3,8,3,0,"3번 출입구 옆 엘리베이터(으)로 1개 층 내려가기 (1F → B1, 엘리베이터) → [B1] 대합실로 이동 → [B1] 표 내는 곳 통과 → 엘리베이터(으)로 1개 층 내려가기 (B1 → B2, 엘리베이터) → [B2] 대합실로 이동 → 상봉 방면 엘리베이터(으)로 1개 층 내려가기 (B2 → B3, 엘리베이터) → [B3] 상봉 방면 승강장으로 이동 → [B3] 승차 (휠체어칸)","1. 3번 출입구 옆 엘리베이터(으)로 1개 층 내려가기 (1F → B1, 엘리베이터) | 2. [B1] 대합실로 이동 | 3. [B1] 표 내는 곳 통과 | 4. 엘리베이터(으)로 1개 층 내려가기 (B1 → B2, 엘리베이터) | 5. [B2] 대합실로 이동 | 6. 상봉 방면 엘리베이터(으)로 1개 층 내려가기 (B2 → B3, 엘리베이터) | 7. [B3] 상봉 방면 승강장으로 이동 | 8. [B3] 승차 (휠체어칸)"
S1_7_0276,7호선,상봉,1,출입구-승강장,1,2번 출입구 옆 엘리베이터 → 중화 방면,1F → B1 → B3,6,2,0,"2번 출입구 옆 엘리베이터(으)로 1개 층 내려가기 (1F → B1, 엘리베이터) → [B1] 대합실로 이동 → [B1] 표 내는 곳 통과 → 중화 방면 엘리베이터(으)로 2개 층 내려가기 (B1 → B3, 엘리베이터) → [B3] 중화 방면 승강장으로 이동 → [B3] 승차 (휠체어칸)","1. 2번 출입구 옆 엘리베이터(으)로 1개 층 내려가기 (1F → B1, 엘리베이터) | 2. [B1] 대합실로 이동 | 3. [B1] 표 내는 곳 통과 | 4. 중화 방면 엘리베이터(으)로 2개 층 내려가기 (B1 → B3, 엘리베이터) | 5. [B3] 중화 방면 승강장으로 이동 | 6. [B3] 승차 (휠체어칸)"
S1_7_0276,7호선,상봉,1,출입구-승강장,2,2번 출입구 옆 엘리베이터 → 면목 방면,1F → B1 → B3,6,2,0,"2번 출입구 옆 엘리베이터(으)로 1개 층 내려가기 (1F → B1, 엘리베이터) → [B1] 대합실로 이동 → [B1] 표 내는 곳 통과 → 면목 방면 엘리베이터(으)로 2개 층 내려가기 (B1 → B3, 엘리베이터) → [B3] 면목 방면 승강장으로 이동 → [B3] 승차 (휠체어칸)","1. 2번 출입구 옆 엘리베이터(으)로 1개 층 내려가기 (1F → B1, 엘리베이터) | 2. [B1] 대합실로 이동 | 3. [B1] 표 내는 곳 통과 | 4. 면목 방면 엘리베이터(으)로 2개 층 내려가기 (B1 → B3, 엘리베이터) | 5. [B3] 면목 방면 승강장으로 이동 | 6. [B3] 승차 (휠체어칸)"
S1_7_0276,7호선,상봉,3,환승,1,7호선 중화 방면 → 경의중앙선 중랑 방면,B3 → B1 → 1F,7,2,0,"[B3] 7호선 중화 방면 승강장 하차 → 대합실 방향 엘리베이터(으)로 2개 층 올라가기 (B3 → B1, 엘리베이터) → [B1] 대합실로 이동 → [B1] 환승통로로 이동 → 경의중앙선 중랑 방면 엘리베이터(으)로 1개 층 올라가기 (B1 → 1F, 엘리베이터) → [1F] 경의중앙선 중랑 방면 승강장으로 이동 → [1F] 승차 (휠체어칸)","1. [B3] 7호선 중화 방면 승강장 하차 | 2. 대합실 방향 엘리베이터(으)로 2개 층 올라가기 (B3 → B1, 엘리베이터) | 3. [B1] 대합실로 이동 | 4. [B1] 환승통로로 이동 | 5. 경의중앙선 중랑 방면 엘리베이터(으)로 1개 층 올라가기 (B1 → 1F, 엘리베이터) | 6. [1F] 경의중앙선 중랑 방면 승강장으로 이동 | 7. [1F] 승차 (휠체어칸)"
S1_7_0276,7호선,상봉,3,환승,2,7호선 중화 방면 → 경의중앙선 망우 방면,B3 → B1 → 1F,8,2,0,"[B3] 7호선 중화 방면 승강장 하차 → 대합실 방향 엘리베이터(으)로 2개 층 올라가기 (B3 → B1, 엘리베이터) → [B1] 대합실로 이동 → [B1] 환승통로로 이동 → [B1] 경의중앙선 대합실로 이동 → 경의중앙선 망우 방면 엘리베이터(으)로 1개 층 올라가기 (B1 → 1F, 엘리베이터) → [1F] 경의중앙선 망우 방면 승강장으로 이동 → [1F] 승차 (휠체어칸)","1. [B3] 7호선 중화 방면 승강장 하차 | 2. 대합실 방향 엘리베이터(으)로 2개 층 올라가기 (B3 → B1, 엘리베이터) | 3. [B1] 대합실로 이동 | 4. [B1] 환승통로로 이동 | 5. [B1] 경의중앙선 대합실로 이동 | 6. 경의중앙선 망우 방면 엘리베이터(으)로 1개 층 올라가기 (B1 → 1F, 엘리베이터) | 7. [1F] 경의중앙선 망우 방면 승강장으로 이동 | 8. [1F] 승차 (휠체어칸)"
S1_7_0276,7호선,상봉,3,환승,3,7호선 면목 방면 → 경의중앙선 중랑 방면,B3 → B1 → 1F,7,2,0,"[B3] 7호선 면목 방면 승강장 하차 → 대합실 방향 엘리베이터(으)로 2개 층 올라가기 (B3 → B1, 엘리베이터) → [B1] 대합실로 이동 → [B1] 환승통로로 이동 → 경의중앙선 중랑 방면 엘리베이터(으)로 1개 층 올라가기 (B1 → 1F, 엘리베이터) → [1F] 경의중앙선 중랑 방면 승강장으로 이동 → [1F] 승차 (휠체어칸)","1. [B3] 7호선 면목 방면 승강장 하차 | 2. 대합실 방향 엘리베이터(으)로 2개 층 올라가기 (B3 → B1, 엘리베이터) | 3. [B1] 대합실로 이동 | 4. [B1] 환승통로로 이동 | 5. 경의중앙선 중랑 방면 엘리베이터(으)로 1개 층 올라가기 (B1 → 1F, 엘리베이터) | 6. [1F] 경의중앙선 중랑 방면 승강장으로 이동 | 7. [1F] 승차 (휠체어칸)"
S1_7_0276,7호선,상봉,3,환승,4,7호선 면목 방면 → 경의중앙선 망우 방면,B3 → B1 → 1F,8,2,0,"[B3] 7호선 면목 방면 승강장 하차 → 대합실 방향 엘리베이터(으)로 2개 층 올라가기 (B3 → B1, 엘리베이터) → [B1] 대합실로 이동 → [B1] 환승통로로 이동 → [B1] 경의중앙선 대합실로 이동 → 경의중앙선 망우 방면 엘리베이터(으)로 1개 층 올라가기 (B1 → 1F, 엘리베이터) → [1F] 경의중앙선 망우 방면 승강장으로 이동 → [1F] 승차 (휠체어칸)","1. [B3] 7호선 면목 방면 승강장 하차 | 2. 대합실 방향 엘리베이터(으)로 2개 층 올라가기 (B3 → B1, 엘리베이터) | 3. [B1] 대합실로 이동 | 4. [B1] 환승통로로 이동 | 5. [B1] 경의중앙선 대합실로 이동 | 6. 경의중앙선 망우 방면 엘리베이터(으)로 1개 층 올라가기 (B1 → 1F, 엘리베이터) | 7. [1F] 경의중앙선 망우 방면 승강장으로 이동 | 8. [1F] 승차 (휠체어칸)"
S1_7_0276,7호선,상봉,3,환승,5,7호선 중화 방면 → 경춘선 중랑 방면,B3 → B1 → 1F,8,2,0,"[B3] 7호선 중화 방면 승강장 하차 → 대합실 방향 엘리베이터(으)로 2개 층 올라가기 (B3 → B1, 엘리베이터) → [B1] 대합실로 이동 → [B1] 환승통로로 이동 → [B1] 경춘선 대합실로 이동 → 경춘선 중랑 방면 엘리베이터(으)로 1개 층 올라가기 (B1 → 1F, 엘리베이터) → [1F] 경춘선 중랑 방면 승강장으로 이동 → [1F] 승차 (휠체어칸)","1. [B3] 7호선 중화 방면 승강장 하차 | 2. 대합실 방향 엘리베이터(으)로 2개 층 올라가기 (B3 → B1, 엘리베이터) | 3. [B1] 대합실로 이동 | 4. [B1] 환승통로로 이동 | 5. [B1] 경춘선 대합실로 이동 | 6. 경춘선 중랑 방면 엘리베이터(으)로 1개 층 올라가기 (B1 → 1F, 엘리베이터) | 7. [1F] 경춘선 중랑 방면 승강장으로 이동 | 8. [1F] 승차 (휠체어칸)"
S1_7_0276,7호선,상봉,3,환승,6,7호선 중화 방면 → 경춘선 망우 방면,B3 → B1 → 1F,8,2,0,"[B3] 7호선 중화 방면 승강장 하차 → 대합실 방향 엘리베이터(으)로 2개 층 올라가기 (B3 → B1, 엘리베이터) → [B1] 대합실로 이동 → [B1] 환승통로로 이동 → [B1] 경춘선 대합실로 이동 → 경춘선 망우 방면 엘리베이터(으)로 1개 층 올라가기 (B1 → 1F, 엘리베이터) → [1F] 경춘선 망우 방면 승강장으로 이동 → [1F] 승차 (휠체어칸)","1. [B3] 7호선 중화 방면 승강장 하차 | 2. 대합실 방향 엘리베이터(으)로 2개 층 올라가기 (B3 → B1, 엘리베이터) | 3. [B1] 대합실로 이동 | 4. [B1] 환승통로로 이동 | 5. [B1] 경춘선 대합실로 이동 | 6. 경춘선 망우 방면 엘리베이터(으)로 1개 층 올라가기 (B1 → 1F, 엘리베이터) | 7. [1F] 경춘선 망우 방면 승강장으로 이동 | 8. [1F] 승차 (휠체어칸)"
S1_7_0276,7호선,상봉,3,환승,7, 7호선 면목 방면 → 경춘선 중랑 방면,B3 → B1 → 1F,8,2,0,"[B3] 7호선 면목 방면 승강장 하차 → 대합실 방향 엘리베이터(으)로 2개 층 올라가기 (B3 → B1, 엘리베이터) → [B1] 대합실로 이동 → [B1] 환승통로로 이동 → [B1] 경춘선 대합실로 이동 → 경춘선 중랑 방면 엘리베이터(으)로 1개 층 올라가기 (B1 → 1F, 엘리베이터) → [1F] 경춘선 중랑 방면 승강장으로 이동 → [1F] 승차 (휠체어칸)","1. [B3] 7호선 면목 방면 승강장 하차 | 2. 대합실 방향 엘리베이터(으)로 2개 층 올라가기 (B3 → B1, 엘리베이터) | 3. [B1] 대합실로 이동 | 4. [B1] 환승통로로 이동 | 5. [B1] 경춘선 대합실로 이동 | 6. 경춘선 중랑 방면 엘리베이터(으)로 1개 층 올라가기 (B1 → 1F, 엘리베이터) | 7. [1F] 경춘선 중랑 방면 승강장으로 이동 | 8. [1F] 승차 (휠체어칸)"
S1_7_0276,7호선,상봉,3,환승,8,7호선 면목 방면 → 경춘선 망우 방면,B3 → B1 → 1F,8,2,0,"[B3] 7호선 면목 방면 승강장 하차 → 대합실 방향 엘리베이터(으)로 2개 층 올라가기 (B3 → B1, 엘리베이터) → [B1] 대합실로 이동 → [B1] 환승통로로 이동 → [B1] 경춘선 대합실로 이동 → 경춘선 망우 방면 엘리베이터(으)로 1개 층 올라가기 (B1 → 1F, 엘리베이터) → [1F] 경춘선 망우 방면 승강장으로 이동 → [1F] 승차 (휠체어칸)","1. [B3] 7호선 면목 방면 승강장 하차 | 2. 대합실 방향 엘리베이터(으)로 2개 층 올라가기 (B3 → B1, 엘리베이터) | 3. [B1] 대합실로 이동 | 4. [B1] 환승통로로 이동 | 5. [B1] 경춘선 대합실로 이동 | 6. 경춘선 망우 방면 엘리베이터(으)로 1개 층 올라가기 (B1 → 1F, 엘리베이터) | 7. [1F] 경춘선 망우 방면 승강장으로 이동 | 8. [1F] 승차 (휠체어칸)"
S1_7_0196,7호선,면목,1,출입구-승강장,1,3번 출입구 옆 엘리베이터 → 상봉 방면,1F → B1 → B4,6,2,0,"3번 출입구 옆 엘리베이터(으)로 1개 층 내려가기 (1F → B1, 엘리베이터) → [B1] 대합실로 이동 → [B1] 표 내는 곳 통과 → 엘리베이터(으)로 3개 층 내려가기 (B1 → B4, 엘리베이터) → [B4] 상봉 방면 승강장으로 이동 → [B4] 승차 (휠체어칸)","1. 3번 출입구 옆 엘리베이터(으)로 1개 층 내려가기 (1F → B1, 엘리베이터) | 2. [B1] 대합실로 이동 | 3. [B1] 표 내는 곳 통과 | 4. 엘리베이터(으)로 3개 층 내려가기 (B1 → B4, 엘리베이터) | 5. [B4] 상봉 방면 승강장으로 이동 | 6. [B4] 승차 (휠체어칸)"
S1_7_0196,7호선,면목,1,출입구-승강장,2,3번 출입구 옆 엘리베이터 → 사가정 방면,1F → B1 → B3 → B4,8,3,0,"3번 출입구 옆 엘리베이터(으)로 1개 층 내려가기 (1F → B1, 엘리베이터) → [B1] 대합실로 이동 → [B1] 표 내는 곳 통과 → 엘리베이터(으)로 2개 층 내려가기 (B1 → B3, 엘리베이터) → [B3] 대합실로 이동 → 사가정 방면 엘리베이터(으)로 1개 층 내려가기 (B3 → B4, 엘리베이터) → [B4] 사가정 방면 승강장으로 이동 → [B4] 승차 (휠체어칸)","1. 3번 출입구 옆 엘리베이터(으)로 1개 층 내려가기 (1F → B1, 엘리베이터) | 2. [B1] 대합실로 이동 | 3. [B1] 표 내는 곳 통과 | 4. 엘리베이터(으)로 2개 층 내려가기 (B1 → B3, 엘리베이터) | 5. [B3] 대합실로 이동 | 6. 사가정 방면 엘리베이터(으)로 1개 층 내려가기 (B3 → B4, 엘리베이터) | 7. [B4] 사가정 방면 승강장으로 이동 | 8. [B4] 승차 (휠체어칸)"
S1_7_0256,7호선,사가정,1,출입구-승강장,1,3번 출입구 옆 엘리베이터 → 면목 방면,1F → B1 → B3 → B4,8,3,0,"3번 출입구 옆 엘리베이터(으)로 1개 층 내려가기 (1F → B1, 엘리베이터) → [B1] 대합실로 이동 → [B1] 표 내는 곳 통과 → 엘리베이터(으)로 2개 층 내려가기 (B1 → B3, 엘리베이터) → [B3] 대합실로 이동 → 면목 방면 엘리베이터(으)로 1개 층 내려가기 (B3 → B4, 엘리베이터) → [B4] 면목 방면 승강장으로 이동 → [B4] 승차 (휠체어칸)","1. 3번 출입구 옆 엘리베이터(으)로 1개 층 내려가기 (1F → B1, 엘리베이터) | 2. [B1] 대합실로 이동 | 3. [B1] 표 내는 곳 통과 | 4. 엘리베이터(으)로 2개 층 내려가기 (B1 → B3, 엘리베이터) | 5. [B3] 대합실로 이동 | 6. 면목 방면 엘리베이터(으)로 1개 층 내려가기 (B3 → B4, 엘리베이터) | 7. [B4] 면목 방면 승강장으로 이동 | 8. [B4] 승차 (휠체어칸)"
S1_7_0256,7호선,사가정,1,출입구-승강장,2,3번 출입구 옆 엘리베이터 → 용마산 방면,1F → B1 → B4,6,2,0,"3번 출입구 옆 엘리베이터(으)로 1개 층 내려가기 (1F → B1, 엘리베이터) → [B1] 대합실로 이동 → [B1] 표 내는 곳 통과 → 엘리베이터(으)로 3개 층 내려가기 (B1 → B4, 엘리베이터) → [B4] 용마산 방면 승강장으로 이동 → [B4] 승차 (휠체어칸)","1. 3번 출입구 옆 엘리베이터(으)로 1개 층 내려가기 (1F → B1, 엘리베이터) | 2. [B1] 대합실로 이동 | 3. [B1] 표 내는 곳 통과 | 4. 엘리베이터(으)로 3개 층 내려가기 (B1 → B4, 엘리베이터) | 5. [B4] 용마산 방면 승강장으로 이동 | 6. [B4] 승차 (휠체어칸)"
S1_7_0445,7호선,용마산,1,출입구-승강장,1,1번 출입구 옆 엘리베이터 → 사가정 방면,1F → B1 → B3 → B4,8,3,0,"1번 출입구 옆 엘리베이터(으)로 1개 층 내려가기 (1F → B1, 엘리베이터) → [B1] 대합실로 이동 → [B1] 표 내는 곳 통과 → 엘리베이터(으)로 2개 층 내려가기 (B1 → B3, 엘리베이터) → [B3] 대합실로 이동 → 사가정 방면 엘리베이터(으)로 1개 층 내려가기 (B3 → B4, 엘리베이터) → [B4] 사가정 방면 승강장으로 이동 → [B4] 승차 (휠체어칸)","1. 1번 출입구 옆 엘리베이터(으)로 1개 층 내려가기 (1F → B1, 엘리베이터) | 2. [B1] 대합실로 이동 | 3. [B1] 표 내는 곳 통과 | 4. 엘리베이터(으)로 2개 층 내려가기 (B1 → B3, 엘리베이터) | 5. [B3] 대합실로 이동 | 6. 사가정 방면 엘리베이터(으)로 1개 층 내려가기 (B3 → B4, 엘리베이터) | 7. [B4] 사가정 방면 승강장으로 이동 | 8. [B4] 승차 (휠체어칸)"
S1_7_0445,7호선,용마산,1,출입구-승강장,2,1번 출입구 옆 엘리베이터 → 중곡 방면,1F → B1 → B4,6,2,0,"1번 출입구 옆 엘리베이터(으)로 1개 층 내려가기 (1F → B1, 엘리베이터) → [B1] 대합실로 이동 → [B1] 표 내는 곳 통과 → 엘리베이터(으)로 3개 층 내려가기 (B1 → B4, 엘리베이터) → [B4] 중곡 방면 승강장으로 이동 → [B4] 승차 (휠체어칸)","1. 1번 출입구 옆 엘리베이터(으)로 1개 층 내려가기 (1F → B1, 엘리베이터) | 2. [B1] 대합실로 이동 | 3. [B1] 표 내는 곳 통과 | 4. 엘리베이터(으)로 3개 층 내려가기 (B1 → B4, 엘리베이터) | 5. [B4] 중곡 방면 승강장으로 이동 | 6. [B4] 승차 (휠체어칸)"
S1_7_0525,7호선,중곡,1,출입구-승강장,1,1번 출입구 옆 엘리베이터 → 용마산 방면,1F → B2 → B3,6,2,0,"1번 출입구 옆 엘리베이터(으)로 2개 층 내려가기 (1F → B2, 엘리베이터) → [B2] 대합실로 이동 → [B2] 표 내는 곳 통과 → 용마산 방면 엘리베이터(으)로 1개 층 내려가기 (B2 → B3, 엘리베이터) → [B3] 용마산 방면 승강장으로 이동 → [B3] 승차 (휠체어칸)","1. 1번 출입구 옆 엘리베이터(으)로 2개 층 내려가기 (1F → B2, 엘리베이터) | 2. [B2] 대합실로 이동 | 3. [B2] 표 내는 곳 통과 | 4. 용마산 방면 엘리베이터(으)로 1개 층 내려가기 (B2 → B3, 엘리베이터) | 5. [B3] 용마산 방면 승강장으로 이동 | 6. [B3] 승차 (휠체어칸)"
S1_7_0525,7호선,중곡,1,출입구-승강장,2,1번 출입구 옆 엘리베이터 → 군자 방면,B2,6,0,0,1번 출입구 근처 외부 엘리베이터 이동 → [B2] 지하 2층으로 이동 → [B2] 개집표기 통과 → [B2] 군자방면 내부 엘리베이터 이동 → [B2] 군자방면 승강장 이동 → [B2] 승차 (휠체어칸),1. 1번 출입구 근처 외부 엘리베이터 이동 | 2. [B2] 지하 2층으로 이동 | 3. [B2] 개집표기 통과 | 4. [B2] 군자방면 내부 엘리베이터 이동 | 5. [B2] 군자방면 승강장 이동 | 6. [B2] 승차 (휠체어칸)
S1_7_0082,7호선,군자,1,출입구-승강장,1,4번 출입구 옆 엘리베이터 → 중곡 방면,1F → B1 → B3,6,2,0,"4번 출입구 옆 엘리베이터(으)로 1개 층 내려가기 (1F → B1, 엘리베이터) → [B1] 대합실로 이동 → [B1] 표 내는 곳 통과 → 중곡 방면 엘리베이터(으)로 2개 층 내려가기 (B1 → B3, 엘리베이터) → [B3] 중곡 방면 승강장으로 이동 → [B3] 승차 (휠체어칸)","1. 4번 출입구 옆 엘리베이터(으)로 1개 층 내려가기 (1F → B1, 엘리베이터) | 2. [B1] 대합실로 이동 | 3. [B1] 표 내는 곳 통과 | 4. 중곡 방면 엘리베이터(으)로 2개 층 내려가기 (B1 → B3, 엘리베이터) | 5. [B3] 중곡 방면 승강장으로 이동 | 6. [B3] 승차 (휠체어칸)"
S1_7_0082,7호선,군자,1,출입구-승강장,2,4번 출입구 옆 엘리베이터 → 어린이대공원 방면,1F → B1 → B3,6,2,0,"4번 출입구 옆 엘리베이터(으)로 1개 층 내려가기 (1F → B1, 엘리베이터) → [B1] 대합실로 이동 → [B1] 표 내는 곳 통과 → 어린이대공원 방면 엘리베이터(으)로 2개 층 내려가기 (B1 → B3, 엘리베이터) → [B3] 어린이대공원 방면 승강장으로 이동 → [B3] 승차 (휠체어칸)","1. 4번 출입구 옆 엘리베이터(으)로 1개 층 내려가기 (1F → B1, 엘리베이터) | 2. [B1] 대합실로 이동 | 3. [B1] 표 내는 곳 통과 | 4. 어린이대공원 방면 엘리베이터(으)로 2개 층 내려가기 (B1 → B3, 엘리베이터) | 5. [B3] 어린이대공원 방면 승강장으로 이동 | 6. [B3] 승차 (휠체어칸)"
S1_7_0082,7호선,군자,1,출입구-승강장,3,7번 출입구 옆 엘리베이터 → 중곡 방면,1F → B1 → B3,6,2,0,"7번 출입구 옆 엘리베이터(으)로 1개 층 내려가기 (1F → B1, 엘리베이터) → [B1] 대합실로 이동 → [B1] 표 내는 곳 통과 → 중곡 방면 엘리베이터(으)로 2개 층 내려가기 (B1 → B3, 엘리베이터) → [B3] 중곡 방면 승강장으로 이동 → [B3] 승차 (휠체어칸)","1. 7번 출입구 옆 엘리베이터(으)로 1개 층 내려가기 (1F → B1, 엘리베이터) | 2. [B1] 대합실로 이동 | 3. [B1] 표 내는 곳 통과 | 4. 중곡 방면 엘리베이터(으)로 2개 층 내려가기 (B1 → B3, 엘리베이터) | 5. [B3] 중곡 방면 승강장으로 이동 | 6. [B3] 승차 (휠체어칸)"
S1_7_0082,7호선,군자,1,출입구-승강장,4,7번 출입구 옆 엘리베이터 → 어린이대공원 방면,1F → B1 → B3,6,2,0,"7번 출입구 옆 엘리베이터(으)로 1개 층 내려가기 (1F → B1, 엘리베이터) → [B1] 대합실로 이동 → [B1] 표 내는 곳 통과 → 어린이대공원 방면 엘리베이터(으)로 2개 층 내려가기 (B1 → B3, 엘리베이터) → [B3] 어린이대공원 방면 승강장으로 이동 → [B3] 승차 (휠체어칸)","1. 7번 출입구 옆 엘리베이터(으)로 1개 층 내려가기 (1F → B1, 엘리베이터) | 2. [B1] 대합실로 이동 | 3. [B1] 표 내는 곳 통과 | 4. 어린이대공원 방면 엘리베이터(으)로 2개 층 내려가기 (B1 → B3, 엘리베이터) | 5. [B3] 어린이대공원 방면 승강장으로 이동 | 6. [B3] 승차 (휠체어칸)"
S1_7_0082,7호선,군자,3,환승,1,7호선 중곡 방면 → 5호선 장한평 방면,B3 → B2,4,1,0,"[B3] 7호선 중곡 방면 승강장 하차 → 엘리베이터(으)로 1개 층 올라가기 (B3 → B2, 엘리베이터) → [B2] 5호선 장한평 방면 승강장으로 이동 → [B2] 승차 (휠체어칸)","1. [B3] 7호선 중곡 방면 승강장 하차 | 2. 엘리베이터(으)로 1개 층 올라가기 (B3 → B2, 엘리베이터) | 3. [B2] 5호선 장한평 방면 승강장으로 이동 | 4. [B2] 승차 (휠체어칸)"
S1_7_0082,7호선,군자,3,환승,2,7호선 중곡 방면 → 5호선 아차산 방면,B3 → B2,4,1,0,"[B3] 7호선 중곡 방면 승강장 하차 → 엘리베이터(으)로 1개 층 올라가기 (B3 → B2, 엘리베이터) → [B2] 5호선 아차산 방면 승강장으로 이동 → [B2] 승차 (휠체어칸)","1. [B3] 7호선 중곡 방면 승강장 하차 | 2. 엘리베이터(으)로 1개 층 올라가기 (B3 → B2, 엘리베이터) | 3. [B2] 5호선 아차산 방면 승강장으로 이동 | 4. [B2] 승차 (휠체어칸)"
S1_7_0082,7호선,군자,3,환승,3,7호선 어린이대공원 방면 → 5호선 장한평 방면,B3 → B2,4,1,0,"[B3] 7호선 어린이대공원 방면 승강장 하차 → 엘리베이터(으)로 1개 층 올라가기 (B3 → B2, 엘리베이터) → [B2] 5호선 장한평 방면 승강장으로 이동 → [B2] 승차 (휠체어칸)","1. [B3] 7호선 어린이대공원 방면 승강장 하차 | 2. 엘리베이터(으)로 1개 층 올라가기 (B3 → B2, 엘리베이터) | 3. [B2] 5호선 장한평 방면 승강장으로 이동 | 4. [B2] 승차 (휠체어칸)"
S1_7_0082,7호선,군자,3,환승,4,7호선 어린이대공원 방면 → 5호선 아차산 방면,B3 → B2,4,1,0,"[B3] 7호선 어린이대공원 방면 승강장 하차 → 엘리베이터(으)로 1개 층 올라가기 (B3 → B2, 엘리베이터) → [B2] 5호선 아차산 방면 승강장으로 이동 → [B2] 승차 (휠체어칸)","1. [B3] 7호선 어린이대공원 방면 승강장 하차 | 2. 엘리베이터(으)로 1개 층 올라가기 (B3 → B2, 엘리베이터) | 3. [B2] 5호선 아차산 방면 승강장으로 이동 | 4. [B2] 승차 (휠체어칸)"
S1_7_0408,7호선,어린이대공원,1,출입구-승강장,1,1번 출입구 옆 엘리베이터 → 군자 방면,1F → B1 → B3,6,2,0,"1번 출입구 옆 엘리베이터(으)로 1개 층 내려가기 (1F → B1, 엘리베이터) → [B1] 대합실로 이동 → 군자 방면 엘리베이터(으)로 2개 층 내려가기 (B1 → B3, 엘리베이터) → [B3] 군자 방면 승강장으로 이동 → [B3] 표 내는곳(엘리베이터 전용 게이트)에 카드 태그(승강장에 위치) → [B3] 승차 (휠체어칸)","1. 1번 출입구 옆 엘리베이터(으)로 1개 층 내려가기 (1F → B1, 엘리베이터) | 2. [B1] 대합실로 이동 | 3. 군자 방면 엘리베이터(으)로 2개 층 내려가기 (B1 → B3, 엘리베이터) | 4. [B3] 군자 방면 승강장으로 이동 | 5. [B3] 표 내는곳(엘리베이터 전용 게이트)에 카드 태그(승강장에 위치) | 6. [B3] 승차 (휠체어칸)"
S1_7_0408,7호선,어린이대공원,1,출입구-승강장,2,1번 출입구 옆 엘리베이터 → 건대입구 방면,1F → B1 → B3,6,2,0,"1번 출입구 옆 엘리베이터(으)로 1개 층 내려가기 (1F → B1, 엘리베이터) → [B1] 대합실로 이동 → 건대입구 방면 엘리베이터(으)로 2개 층 내려가기 (B1 → B3, 엘리베이터) → [B3] 건대입구 방면 승강장으로 이동 → [B3] 표 내는곳(엘리베이터 전용 게이트)에 카드 태그(승강장에 위치) → [B3] 승차 (휠체어칸)","1. 1번 출입구 옆 엘리베이터(으)로 1개 층 내려가기 (1F → B1, 엘리베이터) | 2. [B1] 대합실로 이동 | 3. 건대입구 방면 엘리베이터(으)로 2개 층 내려가기 (B1 → B3, 엘리베이터) | 4. [B3] 건대입구 방면 승강장으로 이동 | 5. [B3] 표 내는곳(엘리베이터 전용 게이트)에 카드 태그(승강장에 위치) | 6. [B3] 승차 (휠체어칸)"
S1_7_0408,7호선,어린이대공원,1,출입구-승강장,3,5번 출입구 옆 엘리베이터 → 군자 방면,1F → B1 → B3,6,2,0,"5번 출입구 옆 엘리베이터(으)로 1개 층 내려가기 (1F → B1, 엘리베이터) → [B1] 대합실로 이동 → 군자 방면 엘리베이터(으)로 2개 층 내려가기 (B1 → B3, 엘리베이터) → [B3] 군자 방면 승강장으로 이동 → [B3] 표 내는곳(엘리베이터 전용 게이트)에 카드 태그(승강장에 위치) → [B3] 승차 (휠체어칸)","1. 5번 출입구 옆 엘리베이터(으)로 1개 층 내려가기 (1F → B1, 엘리베이터) | 2. [B1] 대합실로 이동 | 3. 군자 방면 엘리베이터(으)로 2개 층 내려가기 (B1 → B3, 엘리베이터) | 4. [B3] 군자 방면 승강장으로 이동 | 5. [B3] 표 내는곳(엘리베이터 전용 게이트)에 카드 태그(승강장에 위치) | 6. [B3] 승차 (휠체어칸)"
S1_7_0408,7호선,어린이대공원,1,출입구-승강장,4,5번 출입구 옆 엘리베이터 → 건대입구 방면,1F → B1 → B3,6,2,0,"5번 출입구 옆 엘리베이터(으)로 1개 층 내려가기 (1F → B1, 엘리베이터) → [B1] 대합실로 이동 → 건대입구 방면 엘리베이터(으)로 2개 층 내려가기 (B1 → B3, 엘리베이터) → [B3] 건대입구 방면 승강장으로 이동 → [B3] 표 내는곳(엘리베이터 전용 게이트)에 카드 태그(승강장에 위치) → [B3] 승차 (휠체어칸)","1. 5번 출입구 옆 엘리베이터(으)로 1개 층 내려가기 (1F → B1, 엘리베이터) | 2. [B1] 대합실로 이동 | 3. 건대입구 방면 엘리베이터(으)로 2개 층 내려가기 (B1 → B3, 엘리베이터) | 4. [B3] 건대입구 방면 승강장으로 이동 | 5. [B3] 표 내는곳(엘리베이터 전용 게이트)에 카드 태그(승강장에 위치) | 6. [B3] 승차 (휠체어칸)"
S1_7_0031,7호선,건대입구,1,출입구-승강장,1,3번/4번 출입구 사이 엘리베이터 → 어린이대공원 방면,1F → B2,5,1,0,"3번/4번 출입구 사이 엘리베이터(으)로 2개 층 내려가기 (1F → B2, 엘리베이터) → [B2] 대합실 이동 → [B2] 표 내는 곳 통과 → [B2] 어린이대공원 방면 승강장으로 이동 → [B2] 승차 (휠체어칸)","1. 3번/4번 출입구 사이 엘리베이터(으)로 2개 층 내려가기 (1F → B2, 엘리베이터) | 2. [B2] 대합실 이동 | 3. [B2] 표 내는 곳 통과 | 4. [B2] 어린이대공원 방면 승강장으로 이동 | 5. [B2] 승차 (휠체어칸)"
S1_7_0031,7호선,건대입구,1,출입구-승강장,2,3번/4번 출입구 사이 엘리베이터 → 자양 방면,1F → B2 → B3 → B2,8,3,0,"3번/4번 출입구 사이 엘리베이터(으)로 2개 층 내려가기 (1F → B2, 엘리베이터) → [B2] 대합실 이동 → [B2] 표 내는 곳 통과 → 어린이대공원 방면 승강장 엘리베이터(으)로 1개 층 내려가기 (B2 → B3, 엘리베이터) → [B3] 이동통로로 이동 → 자양 방면 엘리베이터(으)로 1개 층 올라가기 (B3 → B2, 엘리베이터) → [B2] 자양 방면 승강장으로 이동 → [B2] 승차 (휠체어칸)","1. 3번/4번 출입구 사이 엘리베이터(으)로 2개 층 내려가기 (1F → B2, 엘리베이터) | 2. [B2] 대합실 이동 | 3. [B2] 표 내는 곳 통과 | 4. 어린이대공원 방면 승강장 엘리베이터(으)로 1개 층 내려가기 (B2 → B3, 엘리베이터) | 5. [B3] 이동통로로 이동 | 6. 자양 방면 엘리베이터(으)로 1개 층 올라가기 (B3 → B2, 엘리베이터) | 7. [B2] 자양 방면 승강장으로 이동 | 8. [B2] 승차 (휠체어칸)"
S1_7_0031,7호선,건대입구,3,환승,1,7호선 어린이대공원 방면 → 2호선 성수 방면,B2 → 1F → 2F → 3F,10,3,0,"[B2] 7호선 어린이대공원 방면 승강장 하차 → [B2] 표 내는 곳 통과 → 7호선 3번 출입구 옆 엘리베이터(으)로 2개 층 올라가기 (B2 → 1F, 엘리베이터) → [1F] 횡단보도 건넌 후 2호선 5번 출입구로 이동 → [1F] 2호선 6번 출입구 옆 엘리베이터 이동 → 2호선 6번 출입구 옆 엘리베이터(으)로 1개 층 올라가기 (1F → 2F, 엘리베이터) → [2F] 표 내는 곳 통과 → 성수 방면 엘리베이터(으)로 1개 층 올라가기 (2F → 3F, 엘리베이터) → [3F] 2호선 성수 방면 승강장으로 이동 → [3F] 승차 (휠체어칸)","1. [B2] 7호선 어린이대공원 방면 승강장 하차 | 2. [B2] 표 내는 곳 통과 | 3. 7호선 3번 출입구 옆 엘리베이터(으)로 2개 층 올라가기 (B2 → 1F, 엘리베이터) | 4. [1F] 횡단보도 건넌 후 2호선 5번 출입구로 이동 | 5. [1F] 2호선 6번 출입구 옆 엘리베이터 이동 | 6. 2호선 6번 출입구 옆 엘리베이터(으)로 1개 층 올라가기 (1F → 2F, 엘리베이터) | 7. [2F] 표 내는 곳 통과 | 8. 성수 방면 엘리베이터(으)로 1개 층 올라가기 (2F → 3F, 엘리베이터) | 9. [3F] 2호선 성수 방면 승강장으로 이동 | 10. [3F] 승차 (휠체어칸)"
S1_7_0031,7호선,건대입구,3,환승,2,7호선 어린이대공원 방면 → 2호선 구의 방면,B2 → 1F → 3F,8,2,0,"[B2] 7호선 어린이대공원 방면 승강장 하차 → [B2] 표 내는 곳 통과 → 7호선 3번 출입구 옆 엘리베이터(으)로 2개 층 올라가기 (B2 → 1F, 엘리베이터) → [1F] 횡단보도 건넌 후 2호선 5번 출입구로 이동 → [1F] 2호선 6번 출입구 옆 엘리베이터 이동 → 2호선 6번 출입구 옆 엘리베이터(으)로 2개 층 올라가기 (1F → 3F, 엘리베이터) → [3F] 2호선 구의 방면 승강장으로 이동 → [3F] 승차 (휠체어칸)","1. [B2] 7호선 어린이대공원 방면 승강장 하차 | 2. [B2] 표 내는 곳 통과 | 3. 7호선 3번 출입구 옆 엘리베이터(으)로 2개 층 올라가기 (B2 → 1F, 엘리베이터) | 4. [1F] 횡단보도 건넌 후 2호선 5번 출입구로 이동 | 5. [1F] 2호선 6번 출입구 옆 엘리베이터 이동 | 6. 2호선 6번 출입구 옆 엘리베이터(으)로 2개 층 올라가기 (1F → 3F, 엘리베이터) | 7. [3F] 2호선 구의 방면 승강장으로 이동 | 8. [3F] 승차 (휠체어칸)"
S1_7_0031,7호선,건대입구,3,환승,3,7호선 자양 방면 → 2호선 성수 방면,B2 → B3 → 1F → 2F → 3F,14,4,0,"[B2] 7호선 자양 방면 승강장 하차 → 7호선 자양 방면 엘리베이터(으)로 1개 층 내려가기 (B2 → B3, 엘리베이터) → [B3] 환승통로로 이동 → [B3] 7호선 어린이대공원 방면 승강장 이동 → [B3] 표 내는 곳 통과 → [B3] 7호선 3번 출입구 옆 엘리베이터 이동 → 7호선 3번 출입구 옆 엘리베이터(으)로 3개 층 올라가기 (B3 → 1F, 엘리베이터) → [1F] 횡단보도 건넌 후 2호선 5번 출입구로 이동 → [1F] 2호선 6번 출입구 옆 엘리베이터 이동 → 2호선 6번 출입구 옆 엘리베이터(으)로 1개 층 올라가기 (1F → 2F, 엘리베이터) → [2F] 표 내는 곳 통과 → 성수 방면 엘리베이터(으)로 1개 층 올라가기 (2F → 3F, 엘리베이터) → [3F] 2호선 성수 방면 승강장으로 이동 → [3F] 승차 (휠체어칸)","1. [B2] 7호선 자양 방면 승강장 하차 | 2. 7호선 자양 방면 엘리베이터(으)로 1개 층 내려가기 (B2 → B3, 엘리베이터) | 3. [B3] 환승통로로 이동 | 4. [B3] 7호선 어린이대공원 방면 승강장 이동 | 5. [B3] 표 내는 곳 통과 | 6. [B3] 7호선 3번 출입구 옆 엘리베이터 이동 | 7. 7호선 3번 출입구 옆 엘리베이터(으)로 3개 층 올라가기 (B3 → 1F, 엘리베이터) | 8. [1F] 횡단보도 건넌 후 2호선 5번 출입구로 이동 | 9. [1F] 2호선 6번 출입구 옆 엘리베이터 이동 | 10. 2호선 6번 출입구 옆 엘리베이터(으)로 1개 층 올라가기 (1F → 2F, 엘리베이터) | 11. [2F] 표 내는 곳 통과 | 12. 성수 방면 엘리베이터(으)로 1개 층 올라가기 (2F → 3F, 엘리베이터) | 13. [3F] 2호선 성수 방면 승강장으로 이동 | 14. [3F] 승차 (휠체어칸)"
S1_7_0031,7호선,건대입구,3,환승,4,7호선 자양 방면 → 2호선 구의 방면,B2 → B3 → 1F → 3F,12,3,0,"[B2] 7호선 자양 방면 승강장 하차 → 7호선 자양 방면 엘리베이터(으)로 1개 층 내려가기 (B2 → B3, 엘리베이터) → [B3] 환승통로로 이동 → [B3] 7호선 어린이대공원 방면 승강장 이동 → [B3] 표 내는 곳 통과 → [B3] 7호선 3번 출입구 옆 엘리베이터 이동 → 7호선 3번 출입구 옆 엘리베이터(으)로 3개 층 올라가기 (B3 → 1F, 엘리베이터) → [1F] 횡단보도 건넌 후 2호선 5번 출입구로 이동 → [1F] 2호선 6번 출입구 옆 엘리베이터 이동 → 2호선 6번 출입구 옆 엘리베이터(으)로 2개 층 올라가기 (1F → 3F, 엘리베이터) → [3F] 2호선 구의 방면 승강장으로 이동 → [3F] 승차 (휠체어칸)","1. [B2] 7호선 자양 방면 승강장 하차 | 2. 7호선 자양 방면 엘리베이터(으)로 1개 층 내려가기 (B2 → B3, 엘리베이터) | 3. [B3] 환승통로로 이동 | 4. [B3] 7호선 어린이대공원 방면 승강장 이동 | 5. [B3] 표 내는 곳 통과 | 6. [B3] 7호선 3번 출입구 옆 엘리베이터 이동 | 7. 7호선 3번 출입구 옆 엘리베이터(으)로 3개 층 올라가기 (B3 → 1F, 엘리베이터) | 8. [1F] 횡단보도 건넌 후 2호선 5번 출입구로 이동 | 9. [1F] 2호선 6번 출입구 옆 엘리베이터 이동 | 10. 2호선 6번 출입구 옆 엘리베이터(으)로 2개 층 올라가기 (1F → 3F, 엘리베이터) | 11. [3F] 2호선 구의 방면 승강장으로 이동 | 12. [3F] 승차 (휠체어칸)"
S1_7_0176,7호선,자양,1,출입구-승강장,1,1번 출입구 옆 엘리베이터 → 건대입구 방면,1F → 2F → 3F,6,2,0,"1번 출입구 옆 엘리베이터(으)로 1개 층 올라가기 (1F → 2F, 엘리베이터) → [2F] 대합실로 이동 → [2F] 표 내는 곳 통과 → 건대입구 방면 엘리베이터(으)로 1개 층 올라가기 (2F → 3F, 엘리베이터) → [3F] 건대입구 방면 승강장으로 이동 → [3F] 승차 (휠체어칸)","1. 1번 출입구 옆 엘리베이터(으)로 1개 층 올라가기 (1F → 2F, 엘리베이터) | 2. [2F] 대합실로 이동 | 3. [2F] 표 내는 곳 통과 | 4. 건대입구 방면 엘리베이터(으)로 1개 층 올라가기 (2F → 3F, 엘리베이터) | 5. [3F] 건대입구 방면 승강장으로 이동 | 6. [3F] 승차 (휠체어칸)"
S1_7_0176,7호선,자양,1,출입구-승강장,2,1번 출입구 옆 엘리베이터 → 청담 방면,1F → 2F → 3F,6,2,0,"1번 출입구 옆 엘리베이터(으)로 1개 층 올라가기 (1F → 2F, 엘리베이터) → [2F] 대합실로 이동 → [2F] 표 내는 곳 통과 → 청담 방면 엘리베이터(으)로 1개 층 올라가기 (2F → 3F, 엘리베이터) → [3F] 청담 방면 승강장으로 이동 → [3F] 승차 (휠체어칸)","1. 1번 출입구 옆 엘리베이터(으)로 1개 층 올라가기 (1F → 2F, 엘리베이터) | 2. [2F] 대합실로 이동 | 3. [2F] 표 내는 곳 통과 | 4. 청담 방면 엘리베이터(으)로 1개 층 올라가기 (2F → 3F, 엘리베이터) | 5. [3F] 청담 방면 승강장으로 이동 | 6. [3F] 승차 (휠체어칸)"
S1_7_0550,7호선,청담,1,출입구-승강장,1,5번 출입구 옆 엘리베이터 → 자양 방면,1F → B3 → B4,6,2,0,"5번 출입구 옆 지상1층 엘리베이터(으)로 3개 층 내려가기 (1F → B3, 엘리베이터) → [B3] 지하3층 엘리베이터 하차 → [B3] 엘리베이터용 표 내는 곳 통과 → 지하3층 엘리베이터(으)로 1개 층 내려가기 (B3 → B4, 엘리베이터) → [B4] 자양 방면 지하4층 엘리베이터 하차 → [B4] 승차 (휠체어칸)","1. 5번 출입구 옆 지상1층 엘리베이터(으)로 3개 층 내려가기 (1F → B3, 엘리베이터) | 2. [B3] 지하3층 엘리베이터 하차 | 3. [B3] 엘리베이터용 표 내는 곳 통과 | 4. 지하3층 엘리베이터(으)로 1개 층 내려가기 (B3 → B4, 엘리베이터) | 5. [B4] 자양 방면 지하4층 엘리베이터 하차 | 6. [B4] 승차 (휠체어칸)"
S1_7_0550,7호선,청담,1,출입구-승강장,2,5번 출입구 옆 엘리베이터 → 강남구청 방면,1F → B3 → B4,6,2,0,"5번 출입구 옆 엘리베이터(으)로 3개 층 내려가기 (1F → B3, 엘리베이터) → [B3] 대합실로 이동 → [B3] 엘리베이터용 표 내는 곳 통과 → 지하3층 엘리베이터(으)로 1개 층 내려가기 (B3 → B4, 엘리베이터) → [B4] 강남구청 방면 지하4층 엘리베이터 하차 → [B4] 승차(휠체어칸)","1. 5번 출입구 옆 엘리베이터(으)로 3개 층 내려가기 (1F → B3, 엘리베이터) | 2. [B3] 대합실로 이동 | 3. [B3] 엘리베이터용 표 내는 곳 통과 | 4. 지하3층 엘리베이터(으)로 1개 층 내려가기 (B3 → B4, 엘리베이터) | 5. [B4] 강남구청 방면 지하4층 엘리베이터 하차 | 6. [B4] 승차(휠체어칸)"
S1_7_0550,7호선,청담,1,출입구-승강장,3,10번 출입구 옆 엘리베이터 → 자양 방면,1F → B3 → B4,6,2,0,"10번 출입구 옆 지상1층 엘리베이터(으)로 3개 층 내려가기 (1F → B3, 엘리베이터) → [B3] 지하3층 엘리베이터 하차 → [B3] 엘리베이터용 표 내는 곳 통과 → 지하3층 엘리베이터(으)로 1개 층 내려가기 (B3 → B4, 엘리베이터) → [B4] 자양 방면 지하4층 엘리베이터 하차 → [B4] 승차 (휠체어칸)","1. 10번 출입구 옆 지상1층 엘리베이터(으)로 3개 층 내려가기 (1F → B3, 엘리베이터) | 2. [B3] 지하3층 엘리베이터 하차 | 3. [B3] 엘리베이터용 표 내는 곳 통과 | 4. 지하3층 엘리베이터(으)로 1개 층 내려가기 (B3 → B4, 엘리베이터) | 5. [B4] 자양 방면 지하4층 엘리베이터 하차 | 6. [B4] 승차 (휠체어칸)"
S1_7_0550,7호선,청담,1,출입구-승강장,4,10번 출입구 옆 엘리베이터 → 강남구청 방면,1F → B3 → B4,6,2,0,"10번 출입구 옆 엘리베이터(으)로 3개 층 내려가기 (1F → B3, 엘리베이터) → [B3] 대합실로 이동 → [B3] 엘리베이터용 표 내는 곳 통과 → 지하3층 엘리베이터(으)로 1개 층 내려가기 (B3 → B4, 엘리베이터) → [B4] 강남구청 방면 지하4층 엘리베이터 하차 → [B4] 승차(휠체어칸)","1. 10번 출입구 옆 엘리베이터(으)로 3개 층 내려가기 (1F → B3, 엘리베이터) | 2. [B3] 대합실로 이동 | 3. [B3] 엘리베이터용 표 내는 곳 통과 | 4. 지하3층 엘리베이터(으)로 1개 층 내려가기 (B3 → B4, 엘리베이터) | 5. [B4] 강남구청 방면 지하4층 엘리베이터 하차 | 6. [B4] 승차(휠체어칸)"
S1_7_0018,7호선,강남구청,1,출입구-승강장,1,1번 출입구 옆 엘리베이터 → 청담 방면,1F → B1 → B2 → B3,8,3,0,"1번 출입구 옆 엘리베이터(으)로 1개 층 내려가기 (1F → B1, 엘리베이터) → [B1] 수인분당선 대합실로 이동 → 7호선 대합실 방향 엘리베이터(으)로 1개 층 내려가기 (B1 → B2, 엘리베이터) → [B2] 7호선 대합실로 이동 → [B2] 표 내는 곳 통과 → 청담 방면 엘리베이터(으)로 1개 층 내려가기 (B2 → B3, 엘리베이터) → [B3] 청담 방면 승강장으로 이동 → [B3] 승차 (휠체어칸)","1. 1번 출입구 옆 엘리베이터(으)로 1개 층 내려가기 (1F → B1, 엘리베이터) | 2. [B1] 수인분당선 대합실로 이동 | 3. 7호선 대합실 방향 엘리베이터(으)로 1개 층 내려가기 (B1 → B2, 엘리베이터) | 4. [B2] 7호선 대합실로 이동 | 5. [B2] 표 내는 곳 통과 | 6. 청담 방면 엘리베이터(으)로 1개 층 내려가기 (B2 → B3, 엘리베이터) | 7. [B3] 청담 방면 승강장으로 이동 | 8. [B3] 승차 (휠체어칸)"
S1_7_0018,7호선,강남구청,1,출입구-승강장,2,1번 출입구 옆 엘리베이터 → 학동 방면,1F → B1 → B2 → B3,8,3,0,"1번 출입구 옆 엘리베이터(으)로 1개 층 내려가기 (1F → B1, 엘리베이터) → [B1] 수인분당선 대합실로 이동 → 7호선 대합실 방향 엘리베이터(으)로 1개 층 내려가기 (B1 → B2, 엘리베이터) → [B2] 7호선 대합실로 이동 → [B2] 표 내는 곳 통과 → 학동 방면 엘리베이터(으)로 1개 층 내려가기 (B2 → B3, 엘리베이터) → [B3] 학동 방면 승강장으로 이동 → [B3] 승차 (휠체어칸)","1. 1번 출입구 옆 엘리베이터(으)로 1개 층 내려가기 (1F → B1, 엘리베이터) | 2. [B1] 수인분당선 대합실로 이동 | 3. 7호선 대합실 방향 엘리베이터(으)로 1개 층 내려가기 (B1 → B2, 엘리베이터) | 4. [B2] 7호선 대합실로 이동 | 5. [B2] 표 내는 곳 통과 | 6. 학동 방면 엘리베이터(으)로 1개 층 내려가기 (B2 → B3, 엘리베이터) | 7. [B3] 학동 방면 승강장으로 이동 | 8. [B3] 승차 (휠체어칸)"
S1_7_0018,7호선,강남구청,1,출입구-승강장,3,2번 출입구 옆 엘리베이터 → 청담 방면,1F → B1 → B2 → B3,8,3,0,"2번 출입구 옆 엘리베이터(으)로 1개 층 내려가기 (1F → B1, 엘리베이터) → [B1] 수인분당선 대합실로 이동 → 7호선 대합실 방향 엘리베이터(으)로 1개 층 내려가기 (B1 → B2, 엘리베이터) → [B2] 7호선 대합실로 이동 → [B2] 표 내는 곳 통과 → 청담 방면 엘리베이터(으)로 1개 층 내려가기 (B2 → B3, 엘리베이터) → [B3] 청담 방면 승강장으로 이동 → [B3] 승차 (휠체어칸)","1. 2번 출입구 옆 엘리베이터(으)로 1개 층 내려가기 (1F → B1, 엘리베이터) | 2. [B1] 수인분당선 대합실로 이동 | 3. 7호선 대합실 방향 엘리베이터(으)로 1개 층 내려가기 (B1 → B2, 엘리베이터) | 4. [B2] 7호선 대합실로 이동 | 5. [B2] 표 내는 곳 통과 | 6. 청담 방면 엘리베이터(으)로 1개 층 내려가기 (B2 → B3, 엘리베이터) | 7. [B3] 청담 방면 승강장으로 이동 | 8. [B3] 승차 (휠체어칸)"
S1_7_0018,7호선,강남구청,1,출입구-승강장,4,2번 출입구 옆 엘리베이터 → 학동 방면,1F → B1 → B2 → B3,8,3,0,"2번 출입구 옆 엘리베이터(으)로 1개 층 내려가기 (1F → B1, 엘리베이터) → [B1] 수인분당선 대합실로 이동 → 7호선 대합실 방향 엘리베이터(으)로 1개 층 내려가기 (B1 → B2, 엘리베이터) → [B2] 7호선 대합실로 이동 → [B2] 표 내는 곳 통과 → 학동 방면 엘리베이터(으)로 1개 층 내려가기 (B2 → B3, 엘리베이터) → [B3] 학동 방면 승강장으로 이동 → [B3] 승차 (휠체어칸)","1. 2번 출입구 옆 엘리베이터(으)로 1개 층 내려가기 (1F → B1, 엘리베이터) | 2. [B1] 수인분당선 대합실로 이동 | 3. 7호선 대합실 방향 엘리베이터(으)로 1개 층 내려가기 (B1 → B2, 엘리베이터) | 4. [B2] 7호선 대합실로 이동 | 5. [B2] 표 내는 곳 통과 | 6. 학동 방면 엘리베이터(으)로 1개 층 내려가기 (B2 → B3, 엘리베이터) | 7. [B3] 학동 방면 승강장으로 이동 | 8. [B3] 승차 (휠체어칸)"
S1_7_0018,7호선,강남구청,1,출입구-승강장,5,3-1번 출입구 옆 엘리베이터 → 청담 방면,1F → B1 → B2 → B3,8,3,0,"3-1번 출입구 옆 엘리베이터(으)로 1개 층 내려가기 (1F → B1, 엘리베이터) → [B1] 수인분당선 대합실로 이동 → 7호선 대합실 방향 엘리베이터(으)로 1개 층 내려가기 (B1 → B2, 엘리베이터) → [B2] 7호선 대합실로 이동 → [B2] 표 내는 곳 통과 → 청담 방면 엘리베이터(으)로 1개 층 내려가기 (B2 → B3, 엘리베이터) → [B3] 청담 방면 승강장으로 이동 → [B3] 승차 (휠체어칸)","1. 3-1번 출입구 옆 엘리베이터(으)로 1개 층 내려가기 (1F → B1, 엘리베이터) | 2. [B1] 수인분당선 대합실로 이동 | 3. 7호선 대합실 방향 엘리베이터(으)로 1개 층 내려가기 (B1 → B2, 엘리베이터) | 4. [B2] 7호선 대합실로 이동 | 5. [B2] 표 내는 곳 통과 | 6. 청담 방면 엘리베이터(으)로 1개 층 내려가기 (B2 → B3, 엘리베이터) | 7. [B3] 청담 방면 승강장으로 이동 | 8. [B3] 승차 (휠체어칸)"
S1_7_0018,7호선,강남구청,1,출입구-승강장,6,3-1번 출입구 옆 엘리베이터 → 학동 방면,1F → B1 → B2 → B3,8,3,0,"3-1번 출입구 옆 엘리베이터(으)로 1개 층 내려가기 (1F → B1, 엘리베이터) → [B1] 수인분당선 대합실로 이동 → 7호선 대합실 방향 엘리베이터(으)로 1개 층 내려가기 (B1 → B2, 엘리베이터) → [B2] 7호선 대합실로 이동 → [B2] 표 내는 곳 통과 → 학동 방면 엘리베이터(으)로 1개 층 내려가기 (B2 → B3, 엘리베이터) → [B3] 학동 방면 승강장으로 이동 → [B3] 승차 (휠체어칸)","1. 3-1번 출입구 옆 엘리베이터(으)로 1개 층 내려가기 (1F → B1, 엘리베이터) | 2. [B1] 수인분당선 대합실로 이동 | 3. 7호선 대합실 방향 엘리베이터(으)로 1개 층 내려가기 (B1 → B2, 엘리베이터) | 4. [B2] 7호선 대합실로 이동 | 5. [B2] 표 내는 곳 통과 | 6. 학동 방면 엘리베이터(으)로 1개 층 내려가기 (B2 → B3, 엘리베이터) | 7. [B3] 학동 방면 승강장으로 이동 | 8. [B3] 승차 (휠체어칸)"
S1_7_0018,7호선,강남구청,1,출입구-승강장,7,4번 출입구 옆 엘리베이터 → 청담 방면,1F → B2 → B3,6,2,0,"4번 출입구 옆 엘리베이터(으)로 2개 층 내려가기 (1F → B2, 엘리베이터) → [B2] 대합실로 이동 → [B2] 표 내는 곳 통과 → 청담 방면 엘리베이터(으)로 1개 층 내려가기 (B2 → B3, 엘리베이터) → [B3] 청담 방면 승강장으로 이동 → [B3] 승차 (휠체어칸)","1. 4번 출입구 옆 엘리베이터(으)로 2개 층 내려가기 (1F → B2, 엘리베이터) | 2. [B2] 대합실로 이동 | 3. [B2] 표 내는 곳 통과 | 4. 청담 방면 엘리베이터(으)로 1개 층 내려가기 (B2 → B3, 엘리베이터) | 5. [B3] 청담 방면 승강장으로 이동 | 6. [B3] 승차 (휠체어칸)"
S1_7_0018,7호선,강남구청,1,출입구-승강장,8,4번 출입구 옆 엘리베이터 → 학동 방면,1F → B2 → B3,6,2,0,"4번 출입구 옆 엘리베이터(으)로 2개 층 내려가기 (1F → B2, 엘리베이터) → [B2] 대합실로 이동 → [B2] 표 내는 곳 통과 → 학동 방면 엘리베이터(으)로 1개 층 내려가기 (B2 → B3, 엘리베이터) → [B3] 학동 방면 승강장으로 이동 → [B3] 승차 (휠체어칸)","1. 4번 출입구 옆 엘리베이터(으)로 2개 층 내려가기 (1F → B2, 엘리베이터) | 2. [B2] 대합실로 이동 | 3. [B2] 표 내는 곳 통과 | 4. 학동 방면 엘리베이터(으)로 1개 층 내려가기 (B2 → B3, 엘리베이터) | 5. [B3] 학동 방면 승강장으로 이동 | 6. [B3] 승차 (휠체어칸)"
S1_7_0018,7호선,강남구청,3,환승,1,7호선 청담 방면 → 수인분당선 압구정로데오 방면,B3 → B5,4,1,0,"[B3] 7호선 청담 방면 승강장 하차 → 6번칸 근처 엘리베이터(으)로 2개 층 내려가기 (B3 → B5, 엘리베이터) → [B5] 수인분당선 압구정로데오 방면 승강장으로 이동 → [B5] 승차(휠체어칸)","1. [B3] 7호선 청담 방면 승강장 하차 | 2. 6번칸 근처 엘리베이터(으)로 2개 층 내려가기 (B3 → B5, 엘리베이터) | 3. [B5] 수인분당선 압구정로데오 방면 승강장으로 이동 | 4. [B5] 승차(휠체어칸)"
S1_7_0018,7호선,강남구청,3,환승,2,7호선 청담 방면 → 수인분당선 선정릉 방면,B3 → B5,4,1,0,"[B3] 7호선 청담 방면 승강장 하차 → 3번칸 근처 엘리베이터(으)로 2개 층 내려가기 (B3 → B5, 엘리베이터) → [B5] 수인분당선 선정릉 방면 승강장으로 이동 → [B5] 승차(휠체어칸)","1. [B3] 7호선 청담 방면 승강장 하차 | 2. 3번칸 근처 엘리베이터(으)로 2개 층 내려가기 (B3 → B5, 엘리베이터) | 3. [B5] 수인분당선 선정릉 방면 승강장으로 이동 | 4. [B5] 승차(휠체어칸)"
S1_7_0018,7호선,강남구청,3,환승,3,7호선 학동 방면 → 수인분당선 압구정로데오 방면,B3 → B5,4,1,0,"[B3] 7호선 학동 방면 승강장 하차 → 6번칸 근처 엘리베이터(으)로 2개 층 내려가기 (B3 → B5, 엘리베이터) → [B5] 수인분당선 선정릉 방면 승강장으로 이동 → [B5] 승차(휠체어칸)","1. [B3] 7호선 학동 방면 승강장 하차 | 2. 6번칸 근처 엘리베이터(으)로 2개 층 내려가기 (B3 → B5, 엘리베이터) | 3. [B5] 수인분당선 선정릉 방면 승강장으로 이동 | 4. [B5] 승차(휠체어칸)"
S1_7_0018,7호선,강남구청,3,환승,4,7호선 학동 방면 → 수인분당선 선정릉 방면,B3 → B5,4,1,0,"[B3] 7호선 학동방면 승강장 하차 → 3번칸 근처 엘리베이터(으)로 2개 층 내려가기 (B3 → B5, 엘리베이터) → [B5] 수인분당선 선정릉 방면 승강장으로 이동 → [B5] 승차(휠체어칸)","1. [B3] 7호선 학동방면 승강장 하차 | 2. 3번칸 근처 엘리베이터(으)로 2개 층 내려가기 (B3 → B5, 엘리베이터) | 3. [B5] 수인분당선 선정릉 방면 승강장으로 이동 | 4. [B5] 승차(휠체어칸)"
S1_7_0582,7호선,학동,1,출입구-승강장,1,3번 출입구 옆 엘리베이터 → 강남구청 방면,1F → B2 → B3,6,2,0,"3번 출입구 옆 엘리베이터(으)로 2개 층 내려가기 (1F → B2, 엘리베이터) → [B2] 대합실로 이동 → [B2] 강남구청 방면 엘리베이터 앞 표 내는 곳 통과 → 강남구청 방면 엘리베이터(으)로 1개 층 내려가기 (B2 → B3, 엘리베이터) → [B3] 강남구청 방면 승강장으로 이동 → [B3] 승차 (휠체어칸)","1. 3번 출입구 옆 엘리베이터(으)로 2개 층 내려가기 (1F → B2, 엘리베이터) | 2. [B2] 대합실로 이동 | 3. [B2] 강남구청 방면 엘리베이터 앞 표 내는 곳 통과 | 4. 강남구청 방면 엘리베이터(으)로 1개 층 내려가기 (B2 → B3, 엘리베이터) | 5. [B3] 강남구청 방면 승강장으로 이동 | 6. [B3] 승차 (휠체어칸)"
S1_7_0582,7호선,학동,1,출입구-승강장,2,3번 출입구 옆 엘리베이터 → 논현 방면,1F → B2 → B3,6,2,0,"3번 출입구 옆 엘리베이터(으)로 2개 층 내려가기 (1F → B2, 엘리베이터) → [B2] 대합실로 이동 → [B2] 논현 방면 엘리베이터 앞 표 내는 곳 통과 → 논현 방면 엘리베이터(으)로 1개 층 내려가기 (B2 → B3, 엘리베이터) → [B3] 논현 방면 승강장으로 이동 → [B3] 승차 (휠체어칸)","1. 3번 출입구 옆 엘리베이터(으)로 2개 층 내려가기 (1F → B2, 엘리베이터) | 2. [B2] 대합실로 이동 | 3. [B2] 논현 방면 엘리베이터 앞 표 내는 곳 통과 | 4. 논현 방면 엘리베이터(으)로 1개 층 내려가기 (B2 → B3, 엘리베이터) | 5. [B3] 논현 방면 승강장으로 이동 | 6. [B3] 승차 (휠체어칸)"
S1_7_0120,7호선,논현,1,출입구-승강장,1,3번 출입구 옆 엘리베이터 → 학동 방면,1F → B2 → B3,7,2,0,"3번 출입구 옆 엘리베이터(으)로 2개 층 내려가기 (1F → B2, 엘리베이터) → [B2] 대합실로 이동 → [B2] 7호선 대합실로 이동 → [B2] 표 내는 곳 통과 → 학동 방면 엘리베이터(으)로 1개 층 내려가기 (B2 → B3, 엘리베이터) → [B3] 학동 방면 승강장으로 이동 → [B3] 승차 (휠체어칸)","1. 3번 출입구 옆 엘리베이터(으)로 2개 층 내려가기 (1F → B2, 엘리베이터) | 2. [B2] 대합실로 이동 | 3. [B2] 7호선 대합실로 이동 | 4. [B2] 표 내는 곳 통과 | 5. 학동 방면 엘리베이터(으)로 1개 층 내려가기 (B2 → B3, 엘리베이터) | 6. [B3] 학동 방면 승강장으로 이동 | 7. [B3] 승차 (휠체어칸)"
S1_7_0120,7호선,논현,1,출입구-승강장,2,3번 출입구 옆 엘리베이터 → 반포 방면,1F → B2 → B3,7,2,0,"3번 출입구 옆 엘리베이터(으)로 2개 층 내려가기 (1F → B2, 엘리베이터) → [B2] 대합실로 이동 → [B2] 7호선 대합실로 이동 → [B2] 표 내는 곳 통과 → 반포 방면 엘리베이터(으)로 1개 층 내려가기 (B2 → B3, 엘리베이터) → [B3] 반포 방면 승강장으로 이동 → [B3] 승차 (휠체어칸)","1. 3번 출입구 옆 엘리베이터(으)로 2개 층 내려가기 (1F → B2, 엘리베이터) | 2. [B2] 대합실로 이동 | 3. [B2] 7호선 대합실로 이동 | 4. [B2] 표 내는 곳 통과 | 5. 반포 방면 엘리베이터(으)로 1개 층 내려가기 (B2 → B3, 엘리베이터) | 6. [B3] 반포 방면 승강장으로 이동 | 7. [B3] 승차 (휠체어칸)"
S1_7_0120,7호선,논현,1,출입구-승강장,3,4번 출입구 옆 엘리베이터 → 학동 방면,1F → B2 → B3,7,2,0,"4번 출입구 옆 엘리베이터(으)로 2개 층 내려가기 (1F → B2, 엘리베이터) → [B2] 대합실로 이동 → [B2] 7호선 대합실로 이동 → [B2] 표 내는 곳 통과 → 학동 방면 엘리베이터(으)로 1개 층 내려가기 (B2 → B3, 엘리베이터) → [B3] 학동 방면 승강장으로 이동 → [B3] 승차 (휠체어칸)","1. 4번 출입구 옆 엘리베이터(으)로 2개 층 내려가기 (1F → B2, 엘리베이터) | 2. [B2] 대합실로 이동 | 3. [B2] 7호선 대합실로 이동 | 4. [B2] 표 내는 곳 통과 | 5. 학동 방면 엘리베이터(으)로 1개 층 내려가기 (B2 → B3, 엘리베이터) | 6. [B3] 학동 방면 승강장으로 이동 | 7. [B3] 승차 (휠체어칸)"
S1_7_0120,7호선,논현,1,출입구-승강장,4,4번 출입구 옆 엘리베이터 → 반포 방면,1F → B2 → B3,7,2,0,"4번 출입구 옆 엘리베이터(으)로 2개 층 내려가기 (1F → B2, 엘리베이터) → [B2] 대합실로 이동 → [B2] 7호선 대합실로 이동 → [B2] 표 내는 곳 통과 → 반포 방면 엘리베이터(으)로 1개 층 내려가기 (B2 → B3, 엘리베이터) → [B3] 반포 방면 승강장으로 이동 → [B3] 승차 (휠체어칸)","1. 4번 출입구 옆 엘리베이터(으)로 2개 층 내려가기 (1F → B2, 엘리베이터) | 2. [B2] 대합실로 이동 | 3. [B2] 7호선 대합실로 이동 | 4. [B2] 표 내는 곳 통과 | 5. 반포 방면 엘리베이터(으)로 1개 층 내려가기 (B2 → B3, 엘리베이터) | 6. [B3] 반포 방면 승강장으로 이동 | 7. [B3] 승차 (휠체어칸)"
S1_7_0120,7호선,논현,1,출입구-승강장,5,10번 출입구 옆 엘리베이터 → 학동 방면,1F → B2 → B3,6,2,0,"10번 출입구 옆 엘리베이터(으)로 2개 층 내려가기 (1F → B2, 엘리베이터) → [B2] 대합실로 이동 → [B2] 표 내는 곳 통과 → 학동 방면 엘리베이터(으)로 1개 층 내려가기 (B2 → B3, 엘리베이터) → [B3] 학동 방면 승강장으로 이동 → [B3] 승차 (휠체어칸)","1. 10번 출입구 옆 엘리베이터(으)로 2개 층 내려가기 (1F → B2, 엘리베이터) | 2. [B2] 대합실로 이동 | 3. [B2] 표 내는 곳 통과 | 4. 학동 방면 엘리베이터(으)로 1개 층 내려가기 (B2 → B3, 엘리베이터) | 5. [B3] 학동 방면 승강장으로 이동 | 6. [B3] 승차 (휠체어칸)"
S1_7_0120,7호선,논현,1,출입구-승강장,6,10번 출입구 옆 엘리베이터 → 반포 방면,1F → B2 → B3,6,2,0,"10번 출입구 옆 엘리베이터(으)로 2개 층 내려가기 (1F → B2, 엘리베이터) → [B2] 대합실로 이동 → [B2] 표 내는 곳 통과 → 반포 방면 엘리베이터(으)로 1개 층 내려가기 (B2 → B3, 엘리베이터) → [B3] 반포 방면 승강장으로 이동 → [B3] 승차 (휠체어칸)","1. 10번 출입구 옆 엘리베이터(으)로 2개 층 내려가기 (1F → B2, 엘리베이터) | 2. [B2] 대합실로 이동 | 3. [B2] 표 내는 곳 통과 | 4. 반포 방면 엘리베이터(으)로 1개 층 내려가기 (B2 → B3, 엘리베이터) | 5. [B3] 반포 방면 승강장으로 이동 | 6. [B3] 승차 (휠체어칸)"
S1_7_0120,7호선,논현,3,환승,1, 7호선 학동 방면 → 신분당선 신사 방면,B3 → B4,5,1,0,"[B3] 7호선 학동 방면 승강장 하차 → [B3] 환승통로 표 내는 곳 통과 → 신분당선 승강장 방향 엘리베이터(으)로 1개 층 내려가기 (B3 → B4, 엘리베이터) → [B4] 신분당선 신사 방면 승강장으로 이동 → [B4] 승차 (휠체어칸)","1. [B3] 7호선 학동 방면 승강장 하차 | 2. [B3] 환승통로 표 내는 곳 통과 | 3. 신분당선 승강장 방향 엘리베이터(으)로 1개 층 내려가기 (B3 → B4, 엘리베이터) | 4. [B4] 신분당선 신사 방면 승강장으로 이동 | 5. [B4] 승차 (휠체어칸)"
S1_7_0120,7호선,논현,3,환승,2,7호선 학동 방면 → 신분당선 신논현 방면,B3 → B4,5,1,0,"[B3] 7호선 학동 방면 승강장 하차 → [B3] 환승통로 표 내는 곳 통과 → 신분당선 승강장 방향 엘리베이터(으)로 1개 층 내려가기 (B3 → B4, 엘리베이터) → [B4] 신분당선 신논현 방면 승강장으로 이동 → [B4] 승차 (휠체어칸)","1. [B3] 7호선 학동 방면 승강장 하차 | 2. [B3] 환승통로 표 내는 곳 통과 | 3. 신분당선 승강장 방향 엘리베이터(으)로 1개 층 내려가기 (B3 → B4, 엘리베이터) | 4. [B4] 신분당선 신논현 방면 승강장으로 이동 | 5. [B4] 승차 (휠체어칸)"
S1_7_0120,7호선,논현,3,환승,3,7호선 반포 방면 → 신분당선 신사 방면,B3 → B4,5,1,0,"[B3] 7호선 반포 방면 승강장 하차 → 환승통로 신분당선 승강장 방향 엘리베이터(으)로 1개 층 내려가기 (B3 → B4, 엘리베이터) → [B4] 신분당선 신사 방면 승강장으로 이동 → [B4] 표 내는 곳 통과 → [B4] 승차 (휠체어칸)","1. [B3] 7호선 반포 방면 승강장 하차 | 2. 환승통로 신분당선 승강장 방향 엘리베이터(으)로 1개 층 내려가기 (B3 → B4, 엘리베이터) | 3. [B4] 신분당선 신사 방면 승강장으로 이동 | 4. [B4] 표 내는 곳 통과 | 5. [B4] 승차 (휠체어칸)"
S1_7_0120,7호선,논현,3,환승,4,7호선 반포 방면 → 신분당선 신논현 방면,B3 → B4,5,1,0,"[B3] 7호선 반포 방면 승강장 하차 → 환승통로 신분당선 승강장 방향 엘리베이터(으)로 1개 층 내려가기 (B3 → B4, 엘리베이터) → [B4] 신분당선 신논현 방면 승강장으로 이동 → [B4] 표 내는 곳 통과 → [B4] 승차 (휠체어칸)","1. [B3] 7호선 반포 방면 승강장 하차 | 2. 환승통로 신분당선 승강장 방향 엘리베이터(으)로 1개 층 내려가기 (B3 → B4, 엘리베이터) | 3. [B4] 신분당선 신논현 방면 승강장으로 이동 | 4. [B4] 표 내는 곳 통과 | 5. [B4] 승차 (휠체어칸)"
S1_7_0215,7호선,반포,1,출입구-승강장,1,1번 출입구 옆 엘리베이터 → 논현 방면,1F → B2 → B3,6,2,0,"1번 출입구 옆 엘리베이터(으)로 2개 층 내려가기 (1F → B2, 엘리베이터) → [B2] 대합실로 이동 → [B2] 표 내는 곳 통과 → 논현 방면 엘리베이터(으)로 1개 층 내려가기 (B2 → B3, 엘리베이터) → [B3] 논현 방면 승강장으로 이동 → [B3] 승차 (휠체어칸)","1. 1번 출입구 옆 엘리베이터(으)로 2개 층 내려가기 (1F → B2, 엘리베이터) | 2. [B2] 대합실로 이동 | 3. [B2] 표 내는 곳 통과 | 4. 논현 방면 엘리베이터(으)로 1개 층 내려가기 (B2 → B3, 엘리베이터) | 5. [B3] 논현 방면 승강장으로 이동 | 6. [B3] 승차 (휠체어칸)"
S1_7_0215,7호선,반포,1,출입구-승강장,2,1번 출입구 옆 엘리베이터 → 고속터미널 방면,1F → B2 → B3,6,2,0,"1번 출입구 옆 엘리베이터(으)로 2개 층 내려가기 (1F → B2, 엘리베이터) → [B2] 대합실로 이동 → [B2] 표 내는 곳 통과 → 고속터미널 방면 엘리베이터(으)로 1개 층 내려가기 (B2 → B3, 엘리베이터) → [B3] 고속터미널 방면 승강장으로 이동 → [B3] 승차 (휠체어칸)","1. 1번 출입구 옆 엘리베이터(으)로 2개 층 내려가기 (1F → B2, 엘리베이터) | 2. [B2] 대합실로 이동 | 3. [B2] 표 내는 곳 통과 | 4. 고속터미널 방면 엘리베이터(으)로 1개 층 내려가기 (B2 → B3, 엘리베이터) | 5. [B3] 고속터미널 방면 승강장으로 이동 | 6. [B3] 승차 (휠체어칸)"
S1_7_0215,7호선,반포,1,출입구-승강장,3,6번 출입구 옆 엘리베이터 → 논현 방면,1F → B2 → B3,6,2,0,"6번 출입구 옆 엘리베이터(으)로 2개 층 내려가기 (1F → B2, 엘리베이터) → [B2] 대합실로 이동 → [B2] 표 내는 곳 통과 → 논현 방면 엘리베이터(으)로 1개 층 내려가기 (B2 → B3, 엘리베이터) → [B3] 논현 방면 승강장으로 이동 → [B3] 승차 (휠체어칸)","1. 6번 출입구 옆 엘리베이터(으)로 2개 층 내려가기 (1F → B2, 엘리베이터) | 2. [B2] 대합실로 이동 | 3. [B2] 표 내는 곳 통과 | 4. 논현 방면 엘리베이터(으)로 1개 층 내려가기 (B2 → B3, 엘리베이터) | 5. [B3] 논현 방면 승강장으로 이동 | 6. [B3] 승차 (휠체어칸)"
S1_7_0215,7호선,반포,1,출입구-승강장,4,6번 출입구 옆 엘리베이터 → 고속터미널 방면,1F → B2 → B3,6,2,0,"6번 출입구 옆 엘리베이터(으)로 2개 층 내려가기 (1F → B2, 엘리베이터) → [B2] 대합실로 이동 → [B2] 표 내는 곳 통과 → 고속터미널 방면 엘리베이터(으)로 1개 층 내려가기 (B2 → B3, 엘리베이터) → [B3] 고속터미널 방면 승강장으로 이동 → [B3] 승차 (휠체어칸)","1. 6번 출입구 옆 엘리베이터(으)로 2개 층 내려가기 (1F → B2, 엘리베이터) | 2. [B2] 대합실로 이동 | 3. [B2] 표 내는 곳 통과 | 4. 고속터미널 방면 엘리베이터(으)로 1개 층 내려가기 (B2 → B3, 엘리베이터) | 5. [B3] 고속터미널 방면 승강장으로 이동 | 6. [B3] 승차 (휠체어칸)"
S1_7_0048,7호선,고속터미널,1,출입구-승강장,1,3번 출입구 휠체어리프트 → 반포 방면,1F → B1 → B2 → B3,8,1,0,"3번 출입구 휠체어리프트(으)로 1개 층 내려가기 (1F → B1, 휠체어리프트) → [B1] 대합실로 이동 → [B1] 표 내는 곳 통과 → 휠체어리프트(으)로 1개 층 내려가기 (B1 → B2, 휠체어리프트) → [B2] 대합실로 이동 → 반포 방면 엘리베이터(으)로 1개 층 내려가기 (B2 → B3, 엘리베이터) → [B3] 반포 방면 승강장으로 이동 → [B3] 승차 (휠체어칸)","1. 3번 출입구 휠체어리프트(으)로 1개 층 내려가기 (1F → B1, 휠체어리프트) | 2. [B1] 대합실로 이동 | 3. [B1] 표 내는 곳 통과 | 4. 휠체어리프트(으)로 1개 층 내려가기 (B1 → B2, 휠체어리프트) | 5. [B2] 대합실로 이동 | 6. 반포 방면 엘리베이터(으)로 1개 층 내려가기 (B2 → B3, 엘리베이터) | 7. [B3] 반포 방면 승강장으로 이동 | 8. [B3] 승차 (휠체어칸)"
S1_7_0048,7호선,고속터미널,1,출입구-승강장,2,3번 출입구 휠체어리프트 → 내방 방면,1F → B1 → B2 → B3,8,1,0,"3번 출입구 휠체어리프트(으)로 1개 층 내려가기 (1F → B1, 휠체어리프트) → [B1] 대합실로 이동 → [B1] 표 내는 곳 통과 → 휠체어리프트(으)로 1개 층 내려가기 (B1 → B2, 휠체어리프트) → [B2] 대합실로 이동 → 내방 방면 엘리베이터(으)로 1개 층 내려가기 (B2 → B3, 엘리베이터) → [B3] 내방 방면 승강장으로 이동 → [B3] 승차 (휠체어칸)","1. 3번 출입구 휠체어리프트(으)로 1개 층 내려가기 (1F → B1, 휠체어리프트) | 2. [B1] 대합실로 이동 | 3. [B1] 표 내는 곳 통과 | 4. 휠체어리프트(으)로 1개 층 내려가기 (B1 → B2, 휠체어리프트) | 5. [B2] 대합실로 이동 | 6. 내방 방면 엘리베이터(으)로 1개 층 내려가기 (B2 → B3, 엘리베이터) | 7. [B3] 내방 방면 승강장으로 이동 | 8. [B3] 승차 (휠체어칸)"
S1_7_0048,7호선,고속터미널,3,환승,1,7호선 반포 방면 → 3호선 잠원 방면,B3 → B2 → B3,7,2,0,"[B3] 7호선 반포 방면 승강장 하차 → 대합실 방향 엘리베이터(으)로 1개 층 올라가기 (B3 → B2, 엘리베이터) → [B2] 대합실로 이동 → [B2] 3호선 대합실로 이동 → 잠원 방면 엘리베이터(으)로 1개 층 내려가기 (B2 → B3, 엘리베이터) → [B3] 3호선 잠원 방면 승강장으로 이동 → [B3] 승차 (휠체어칸)","1. [B3] 7호선 반포 방면 승강장 하차 | 2. 대합실 방향 엘리베이터(으)로 1개 층 올라가기 (B3 → B2, 엘리베이터) | 3. [B2] 대합실로 이동 | 4. [B2] 3호선 대합실로 이동 | 5. 잠원 방면 엘리베이터(으)로 1개 층 내려가기 (B2 → B3, 엘리베이터) | 6. [B3] 3호선 잠원 방면 승강장으로 이동 | 7. [B3] 승차 (휠체어칸)"
S1_7_0048,7호선,고속터미널,3,환승,2,7호선 반포 방면 → 3호선 교대 방면,B3 → B2 → B3,7,2,0,"[B3] 7호선 반포 방면 승강장 하차 → 대합실 방향 엘리베이터(으)로 1개 층 올라가기 (B3 → B2, 엘리베이터) → [B2] 대합실로 이동 → [B2] 3호선 대합실로 이동 → 교대 방면 엘리베이터(으)로 1개 층 내려가기 (B2 → B3, 엘리베이터) → [B3] 3호선 교대 방면 승강장으로 이동 → [B3] 승차 (휠체어칸)","1. [B3] 7호선 반포 방면 승강장 하차 | 2. 대합실 방향 엘리베이터(으)로 1개 층 올라가기 (B3 → B2, 엘리베이터) | 3. [B2] 대합실로 이동 | 4. [B2] 3호선 대합실로 이동 | 5. 교대 방면 엘리베이터(으)로 1개 층 내려가기 (B2 → B3, 엘리베이터) | 6. [B3] 3호선 교대 방면 승강장으로 이동 | 7. [B3] 승차 (휠체어칸)"
S1_7_0048,7호선,고속터미널,3,환승,3,7호선 내방 방면 → 3호선 잠원 방면,B3 → B2 → B3,7,2,0,"[B3] 7호선 내방 방면 승강장 하차 → 대합실 방향 엘리베이터(으)로 1개 층 올라가기 (B3 → B2, 엘리베이터) → [B2] 대합실로 이동 → [B2] 3호선 대합실로 이동 → 잠원 방면 엘리베이터(으)로 1개 층 내려가기 (B2 → B3, 엘리베이터) → [B3] 3호선 잠원 방면 승강장으로 이동 → [B3] 승차 (휠체어칸)","1. [B3] 7호선 내방 방면 승강장 하차 | 2. 대합실 방향 엘리베이터(으)로 1개 층 올라가기 (B3 → B2, 엘리베이터) | 3. [B2] 대합실로 이동 | 4. [B2] 3호선 대합실로 이동 | 5. 잠원 방면 엘리베이터(으)로 1개 층 내려가기 (B2 → B3, 엘리베이터) | 6. [B3] 3호선 잠원 방면 승강장으로 이동 | 7. [B3] 승차 (휠체어칸)"
S1_7_0048,7호선,고속터미널,3,환승,4,7호선 내방 방면 → 3호선 교대 방면,B3 → B2 → B3,7,2,0,"[B3] 7호선 내방 방면 승강장 하차 → 대합실 방향 엘리베이터(으)로 1개 층 올라가기 (B3 → B2, 엘리베이터) → [B2] 대합실로 이동 → [B2] 3호선 대합실로 이동 → 교대 방면 엘리베이터(으)로 1개 층 내려가기 (B2 → B3, 엘리베이터) → [B3] 3호선 교대 방면 승강장으로 이동 → [B3] 승차 (휠체어칸)","1. [B3] 7호선 내방 방면 승강장 하차 | 2. 대합실 방향 엘리베이터(으)로 1개 층 올라가기 (B3 → B2, 엘리베이터) | 3. [B2] 대합실로 이동 | 4. [B2] 3호선 대합실로 이동 | 5. 교대 방면 엘리베이터(으)로 1개 층 내려가기 (B2 → B3, 엘리베이터) | 6. [B3] 3호선 교대 방면 승강장으로 이동 | 7. [B3] 승차 (휠체어칸)"
S1_7_0048,7호선,고속터미널,3,환승,5,7호선 반포 방면 → 9호선 사평 방면,B3 → B2 → B5,7,2,0,"[B3] 7호선 반포 방면 승강장 하차 → 대합실 방향 엘리베이터(으)로 1개 층 올라가기 (B3 → B2, 엘리베이터) → [B2] 대합실로 이동 → [B2] 3호선 대합실로 이동 → 9호선 사평 방면 엘리베이터(으)로 3개 층 내려가기 (B2 → B5, 엘리베이터) → [B5] 9호선 사평 방면 승강장으로 이동 → [B5] 승차 (휠체어칸)","1. [B3] 7호선 반포 방면 승강장 하차 | 2. 대합실 방향 엘리베이터(으)로 1개 층 올라가기 (B3 → B2, 엘리베이터) | 3. [B2] 대합실로 이동 | 4. [B2] 3호선 대합실로 이동 | 5. 9호선 사평 방면 엘리베이터(으)로 3개 층 내려가기 (B2 → B5, 엘리베이터) | 6. [B5] 9호선 사평 방면 승강장으로 이동 | 7. [B5] 승차 (휠체어칸)"
S1_7_0048,7호선,고속터미널,3,환승,6,7호선 반포 방면 → 9호선 신반포 방면,B3 → B2 → B4 → B5,9,3,0,"[B3] 7호선 반포 방면 승강장 하차 → 대합실 방향 엘리베이터(으)로 1개 층 올라가기 (B3 → B2, 엘리베이터) → [B2] 대합실로 이동 → [B2] 3호선 대합실로 이동 → 9호선 환승 엘리베이터(으)로 2개 층 내려가기 (B2 → B4, 엘리베이터) → [B4] 대합실로 이동 → 9호선 신반포 방면 엘리베이터(으)로 1개 층 내려가기 (B4 → B5, 엘리베이터) → [B5] 9호선 신반포 방면 승강장으로 이동 → [B5] 승차 (휠체어칸)","1. [B3] 7호선 반포 방면 승강장 하차 | 2. 대합실 방향 엘리베이터(으)로 1개 층 올라가기 (B3 → B2, 엘리베이터) | 3. [B2] 대합실로 이동 | 4. [B2] 3호선 대합실로 이동 | 5. 9호선 환승 엘리베이터(으)로 2개 층 내려가기 (B2 → B4, 엘리베이터) | 6. [B4] 대합실로 이동 | 7. 9호선 신반포 방면 엘리베이터(으)로 1개 층 내려가기 (B4 → B5, 엘리베이터) | 8. [B5] 9호선 신반포 방면 승강장으로 이동 | 9. [B5] 승차 (휠체어칸)"
S1_7_0048,7호선,고속터미널,3,환승,7,7호선 내방 방면 → 9호선 사평 방면,B3 → B2 → B5,7,2,0,"[B3] 7호선 내방 방면 승강장 하차 → 대합실 방향 엘리베이터(으)로 1개 층 올라가기 (B3 → B2, 엘리베이터) → [B2] 대합실로 이동 → [B2] 3호선 대합실로 이동 → 9호선 사평 방면 엘리베이터(으)로 3개 층 내려가기 (B2 → B5, 엘리베이터) → [B5] 9호선 사평 방면 승강장으로 이동 → [B5] 승차 (휠체어칸)","1. [B3] 7호선 내방 방면 승강장 하차 | 2. 대합실 방향 엘리베이터(으)로 1개 층 올라가기 (B3 → B2, 엘리베이터) | 3. [B2] 대합실로 이동 | 4. [B2] 3호선 대합실로 이동 | 5. 9호선 사평 방면 엘리베이터(으)로 3개 층 내려가기 (B2 → B5, 엘리베이터) | 6. [B5] 9호선 사평 방면 승강장으로 이동 | 7. [B5] 승차 (휠체어칸)"
S1_7_0048,7호선,고속터미널,3,환승,8,7호선 내방 방면 → 9호선 신반포 방면,B3 → B2 → B4 → B5,9,3,0,"[B3] 7호선 내방 방면 승강장 하차 → 대합실 방향 엘리베이터(으)로 1개 층 올라가기 (B3 → B2, 엘리베이터) → [B2] 대합실로 이동 → [B2] 3호선 대합실로 이동 → 9호선 환승 엘리베이터(으)로 2개 층 내려가기 (B2 → B4, 엘리베이터) → [B4] 대합실로 이동 → 9호선 신반포 방면 엘리베이터(으)로 1개 층 내려가기 (B4 → B5, 엘리베이터) → [B5] 9호선 신반포 방면 승강장으로 이동 → [B5] 승차 (휠체어칸)","1. [B3] 7호선 내방 방면 승강장 하차 | 2. 대합실 방향 엘리베이터(으)로 1개 층 올라가기 (B3 → B2, 엘리베이터) | 3. [B2] 대합실로 이동 | 4. [B2] 3호선 대합실로 이동 | 5. 9호선 환승 엘리베이터(으)로 2개 층 내려가기 (B2 → B4, 엘리베이터) | 6. [B4] 대합실로 이동 | 7. 9호선 신반포 방면 엘리베이터(으)로 1개 층 내려가기 (B4 → B5, 엘리베이터) | 8. [B5] 9호선 신반포 방면 승강장으로 이동 | 9. [B5] 승차 (휠체어칸)"
S1_7_0112,7호선,내방,1,출입구-승강장,1,3번 출입구 옆 엘리베이터 → 고속터미널 방면,1F → B1 → B2 → B3,8,3,0,"3번 출입구 옆 엘리베이터(으)로 1개 층 내려가기 (1F → B1, 엘리베이터) → [B1] 대합실로 이동 → 대합실 방향 엘리베이터(으)로 1개 층 내려가기 (B1 → B2, 엘리베이터) → [B2] 대합실로 이동 → [B2] 표 내는 곳 통과 → 고속터미널 방면 엘리베이터(으)로 1개 층 내려가기 (B2 → B3, 엘리베이터) → [B3] 고속터미널 방면 승강장으로 이동 → [B3] 승차 (휠체어칸)","1. 3번 출입구 옆 엘리베이터(으)로 1개 층 내려가기 (1F → B1, 엘리베이터) | 2. [B1] 대합실로 이동 | 3. 대합실 방향 엘리베이터(으)로 1개 층 내려가기 (B1 → B2, 엘리베이터) | 4. [B2] 대합실로 이동 | 5. [B2] 표 내는 곳 통과 | 6. 고속터미널 방면 엘리베이터(으)로 1개 층 내려가기 (B2 → B3, 엘리베이터) | 7. [B3] 고속터미널 방면 승강장으로 이동 | 8. [B3] 승차 (휠체어칸)"
S1_7_0112,7호선,내방,1,출입구-승강장,2,3번 출입구 옆 엘리베이터 → 이수 방면,1F → B1 → B2 → B3,8,3,0,"3번 출입구 옆 엘리베이터(으)로 1개 층 내려가기 (1F → B1, 엘리베이터) → [B1] 대합실로 이동 → 대합실 방향 엘리베이터(으)로 1개 층 내려가기 (B1 → B2, 엘리베이터) → [B2] 대합실로 이동 → [B2] 표 내는 곳 통과 → 이수 방면 엘리베이터(으)로 1개 층 내려가기 (B2 → B3, 엘리베이터) → [B3] 이수 방면 승강장으로 이동 → [B3] 승차 (휠체어칸)","1. 3번 출입구 옆 엘리베이터(으)로 1개 층 내려가기 (1F → B1, 엘리베이터) | 2. [B1] 대합실로 이동 | 3. 대합실 방향 엘리베이터(으)로 1개 층 내려가기 (B1 → B2, 엘리베이터) | 4. [B2] 대합실로 이동 | 5. [B2] 표 내는 곳 통과 | 6. 이수 방면 엘리베이터(으)로 1개 층 내려가기 (B2 → B3, 엘리베이터) | 7. [B3] 이수 방면 승강장으로 이동 | 8. [B3] 승차 (휠체어칸)"
S1_7_0112,7호선,내방,1,출입구-승강장,3,5번 출입구 옆 엘리베이터 → 고속터미널 방면,1F → B1 → B2 → B3,8,3,0,"5번 출입구 옆 엘리베이터(으)로 1개 층 내려가기 (1F → B1, 엘리베이터) → [B1] 대합실로 이동 → 대합실 방향 엘리베이터(으)로 1개 층 내려가기 (B1 → B2, 엘리베이터) → [B2] 대합실로 이동 → [B2] 표 내는 곳 통과 → 고속터미널 방면 엘리베이터(으)로 1개 층 내려가기 (B2 → B3, 엘리베이터) → [B3] 고속터미널 방면 승강장으로 이동 → [B3] 승차 (휠체어칸)","1. 5번 출입구 옆 엘리베이터(으)로 1개 층 내려가기 (1F → B1, 엘리베이터) | 2. [B1] 대합실로 이동 | 3. 대합실 방향 엘리베이터(으)로 1개 층 내려가기 (B1 → B2, 엘리베이터) | 4. [B2] 대합실로 이동 | 5. [B2] 표 내는 곳 통과 | 6. 고속터미널 방면 엘리베이터(으)로 1개 층 내려가기 (B2 → B3, 엘리베이터) | 7. [B3] 고속터미널 방면 승강장으로 이동 | 8. [B3] 승차 (휠체어칸)"
S1_7_0112,7호선,내방,1,출입구-승강장,4,5번 출입구 옆 엘리베이터 → 이수 방면,1F → B1 → B2 → B3,8,3,0,"5번 출입구 옆 엘리베이터(으)로 1개 층 내려가기 (1F → B1, 엘리베이터) → [B1] 대합실로 이동 → 대합실 방향 엘리베이터(으)로 1개 층 내려가기 (B1 → B2, 엘리베이터) → [B2] 대합실로 이동 → [B2] 표 내는 곳 통과 → 이수 방면 엘리베이터(으)로 1개 층 내려가기 (B2 → B3, 엘리베이터) → [B3] 이수 방면 승강장으로 이동 → [B3] 승차 (휠체어칸)","1. 5번 출입구 옆 엘리베이터(으)로 1개 층 내려가기 (1F → B1, 엘리베이터) | 2. [B1] 대합실로 이동 | 3. 대합실 방향 엘리베이터(으)로 1개 층 내려가기 (B1 → B2, 엘리베이터) | 4. [B2] 대합실로 이동 | 5. [B2] 표 내는 곳 통과 | 6. 이수 방면 엘리베이터(으)로 1개 층 내려가기 (B2 → B3, 엘리베이터) | 7. [B3] 이수 방면 승강장으로 이동 | 8. [B3] 승차 (휠체어칸)"
S1_7_0560,7호선,총신대입구,1,출입구-승강장,1,11번 출입구 옆 엘리베이터 → 내방 방면,1F → B3 → B4,6,2,0,"11번 출입구 옆 엘리베이터(으)로 3개 층 내려가기 (1F → B3, 엘리베이터) → [B3] 대합실로 이동 → [B3] 표 내는 곳 통과 → 내방 방면 엘리베이터(으)로 1개 층 내려가기 (B3 → B4, 엘리베이터) → [B4] 내방 방면 승강장으로 이동 → [B4] 승차 (휠체어칸)","1. 11번 출입구 옆 엘리베이터(으)로 3개 층 내려가기 (1F → B3, 엘리베이터) | 2. [B3] 대합실로 이동 | 3. [B3] 표 내는 곳 통과 | 4. 내방 방면 엘리베이터(으)로 1개 층 내려가기 (B3 → B4, 엘리베이터) | 5. [B4] 내방 방면 승강장으로 이동 | 6. [B4] 승차 (휠체어칸)"
S1_7_0560,7호선,총신대입구,1,출입구-승강장,2,11번 출입구 옆 엘리베이터 → 남성 방면,1F → B3 → B4,6,2,0,"11번 출입구 옆 엘리베이터(으)로 3개 층 내려가기 (1F → B3, 엘리베이터) → [B3] 대합실로 이동 → [B3] 표 내는 곳 통과 → 남성 방면 엘리베이터(으)로 1개 층 내려가기 (B3 → B4, 엘리베이터) → [B4] 남성 방면 승강장으로 이동 → [B4] 승차 (휠체어칸)","1. 11번 출입구 옆 엘리베이터(으)로 3개 층 내려가기 (1F → B3, 엘리베이터) | 2. [B3] 대합실로 이동 | 3. [B3] 표 내는 곳 통과 | 4. 남성 방면 엘리베이터(으)로 1개 층 내려가기 (B3 → B4, 엘리베이터) | 5. [B4] 남성 방면 승강장으로 이동 | 6. [B4] 승차 (휠체어칸)"
S1_7_0560,7호선,총신대입구,3,환승,1,7호선 내방 방면 → 4호선 동작 방면,B4 → B3 → B4 → B2,9,2,0,"[B4] 7호선 내방 방면 승강장 하차 → 대합실 방향 엘리베이터(으)로 1개 층 올라가기 (B4 → B3, 엘리베이터) → [B3] 대합실로 이동 → 남성 방면 엘리베이터(으)로 1개 층 내려가기 (B3 → B4, 엘리베이터) → [B4] 남성 방면 승강장으로 이동 → [B4] 4호선 방향 환승통로로 이동 → 4호선 동작 방면 휠체어리프트(으)로 2개 층 올라가기 (B4 → B2, 휠체어리프트) → [B2] 4호선 동작 방면 승강장으로 이동 → [B2] 승차 (휠체어칸)","1. [B4] 7호선 내방 방면 승강장 하차 | 2. 대합실 방향 엘리베이터(으)로 1개 층 올라가기 (B4 → B3, 엘리베이터) | 3. [B3] 대합실로 이동 | 4. 남성 방면 엘리베이터(으)로 1개 층 내려가기 (B3 → B4, 엘리베이터) | 5. [B4] 남성 방면 승강장으로 이동 | 6. [B4] 4호선 방향 환승통로로 이동 | 7. 4호선 동작 방면 휠체어리프트(으)로 2개 층 올라가기 (B4 → B2, 휠체어리프트) | 8. [B2] 4호선 동작 방면 승강장으로 이동 | 9. [B2] 승차 (휠체어칸)"
S1_7_0560,7호선,총신대입구,3,환승,2,7호선 내방 방면 → 4호선 사당 방면,B4 → B3 → B4 → B2,9,2,0,"[B4] 7호선 내방 방면 승강장 하차 → 대합실 방향 엘리베이터(으)로 1개 층 올라가기 (B4 → B3, 엘리베이터) → [B3] 대합실로 이동 → 남성 방면 엘리베이터(으)로 1개 층 내려가기 (B3 → B4, 엘리베이터) → [B4] 남성 방면 승강장으로 이동 → [B4] 4호선 방향 환승통로로 이동 → 4호선 사당 방면 휠체어리프트(으)로 2개 층 올라가기 (B4 → B2, 휠체어리프트) → [B2] 4호선 사당 방면 승강장으로 이동 → [B2] 승차 (휠체어칸)","1. [B4] 7호선 내방 방면 승강장 하차 | 2. 대합실 방향 엘리베이터(으)로 1개 층 올라가기 (B4 → B3, 엘리베이터) | 3. [B3] 대합실로 이동 | 4. 남성 방면 엘리베이터(으)로 1개 층 내려가기 (B3 → B4, 엘리베이터) | 5. [B4] 남성 방면 승강장으로 이동 | 6. [B4] 4호선 방향 환승통로로 이동 | 7. 4호선 사당 방면 휠체어리프트(으)로 2개 층 올라가기 (B4 → B2, 휠체어리프트) | 8. [B2] 4호선 사당 방면 승강장으로 이동 | 9. [B2] 승차 (휠체어칸)"
S1_7_0560,7호선,총신대입구,3,환승,3,7호선 남성 방면 → 4호선 동작 방면,B4 → B2,5,0,0,"[B4] 7호선 남성 방면 승강장 하차 → [B4] 4호선 방향 환승통로로 이동 → 4호선 동작 방면 휠체어리프트(으)로 2개 층 올라가기 (B4 → B2, 휠체어리프트) → [B2] 4호선 동작 방면 승강장으로 이동 → [B2] 승차 (휠체어칸)","1. [B4] 7호선 남성 방면 승강장 하차 | 2. [B4] 4호선 방향 환승통로로 이동 | 3. 4호선 동작 방면 휠체어리프트(으)로 2개 층 올라가기 (B4 → B2, 휠체어리프트) | 4. [B2] 4호선 동작 방면 승강장으로 이동 | 5. [B2] 승차 (휠체어칸)"
S1_7_0560,7호선,총신대입구,3,환승,4,7호선 남성 방면 → 4호선 사당 방면,B4 → B2,5,0,0,"[B4] 7호선 남성 방면 승강장 하차 → [B4] 4호선 방향 환승통로로 이동 → 4호선 사당 방면 휠체어리프트(으)로 2개 층 올라가기 (B4 → B2, 휠체어리프트) → [B2] 4호선 사당 방면 승강장으로 이동 → [B2] 승차 (휠체어칸)","1. [B4] 7호선 남성 방면 승강장 하차 | 2. [B4] 4호선 방향 환승통로로 이동 | 3. 4호선 사당 방면 휠체어리프트(으)로 2개 층 올라가기 (B4 → B2, 휠체어리프트) | 4. [B2] 4호선 사당 방면 승강장으로 이동 | 5. [B2] 승차 (휠체어칸)"
S1_7_0107,7호선,남성,1,출입구-승강장,1,3번 출입구 옆 엘리베이터 → 이수 방면,1F → B2 → B3,6,2,0,"3번 출입구 옆 엘리베이터(으)로 2개 층 내려가기 (1F → B2, 엘리베이터) → [B2] 대합실로 이동 → [B2] 표 내는 곳 통과 → 이수 방면 엘리베이터(으)로 1개 층 내려가기 (B2 → B3, 엘리베이터) → [B3] 이수 방면 승강장으로 이동 → [B3] 승차 (휠체어칸)","1. 3번 출입구 옆 엘리베이터(으)로 2개 층 내려가기 (1F → B2, 엘리베이터) | 2. [B2] 대합실로 이동 | 3. [B2] 표 내는 곳 통과 | 4. 이수 방면 엘리베이터(으)로 1개 층 내려가기 (B2 → B3, 엘리베이터) | 5. [B3] 이수 방면 승강장으로 이동 | 6. [B3] 승차 (휠체어칸)"
S1_7_0107,7호선,남성,1,출입구-승강장,2,3번 출입구 옆 엘리베이터 → 숭실대입구 방면,1F → B2 → B3,6,2,0,"3번 출입구 옆 엘리베이터(으)로 2개 층 내려가기 (1F → B2, 엘리베이터) → [B2] 대합실로 이동 → [B2] 표 내는 곳 통과 → 숭실대입구 방면 엘리베이터(으)로 1개 층 내려가기 (B2 → B3, 엘리베이터) → [B3] 숭실대입구 방면 승강장으로 이동 → [B3] 승차 (휠체어칸)","1. 3번 출입구 옆 엘리베이터(으)로 2개 층 내려가기 (1F → B2, 엘리베이터) | 2. [B2] 대합실로 이동 | 3. [B2] 표 내는 곳 통과 | 4. 숭실대입구 방면 엘리베이터(으)로 1개 층 내려가기 (B2 → B3, 엘리베이터) | 5. [B3] 숭실대입구 방면 승강장으로 이동 | 6. [B3] 승차 (휠체어칸)"
S1_7_0107,7호선,남성,1,출입구-승강장,3,"2번, 3번 출입구 옆 엘리베이터  → 이수역 방면",1F → B2 → B3,6,2,0,"2번 출입구 옆 엘리베이터 또는 3번 출입구 옆 엘리베이터(으)로 2개 층 내려가기 (1F → B2, 엘리베이터) → [B2] 대합실로 이동 → [B2] 표 내는 곳 통과 → 이수역 방면 엘리베이터(으)로 1개 층 내려가기 (B2 → B3, 엘리베이터) → [B3] 이수역 방면 승강장으로 이동 → [B3] 승차 (휠체어칸)","1. 2번 출입구 옆 엘리베이터 또는 3번 출입구 옆 엘리베이터(으)로 2개 층 내려가기 (1F → B2, 엘리베이터) | 2. [B2] 대합실로 이동 | 3. [B2] 표 내는 곳 통과 | 4. 이수역 방면 엘리베이터(으)로 1개 층 내려가기 (B2 → B3, 엘리베이터) | 5. [B3] 이수역 방면 승강장으로 이동 | 6. [B3] 승차 (휠체어칸)"
S1_7_0107,7호선,남성,1,출입구-승강장,4,"2번, 3번 출입구 옆 엘리베이터  → 숭실대입구역 방면",1F → B2 → B3,6,2,0,"2번 출입구 옆 엘리베이터 또는 3번 출입구 옆 엘리베이터(으)로 2개 층 내려가기 (1F → B2, 엘리베이터) → [B2] 대합실로 이동 → [B2] 표 내는 곳 통과 → 숭실대입구역 방면 엘리베이터(으)로 1개 층 내려가기 (B2 → B3, 엘리베이터) → [B3] 숭실대입구역 방면 승강장으로 이동 → [B3] 승차 (휠체어칸)","1. 2번 출입구 옆 엘리베이터 또는 3번 출입구 옆 엘리베이터(으)로 2개 층 내려가기 (1F → B2, 엘리베이터) | 2. [B2] 대합실로 이동 | 3. [B2] 표 내는 곳 통과 | 4. 숭실대입구역 방면 엘리베이터(으)로 1개 층 내려가기 (B2 → B3, 엘리베이터) | 5. [B3] 숭실대입구역 방면 승강장으로 이동 | 6. [B3] 승차 (휠체어칸)"
S1_7_0344,7호선,숭실대입구,1,출입구-승강장,1,2번 출입구 옆 엘리베이터 → 남성 방면,1F → B2 → B6,6,2,0,"2번 출입구 옆 엘리베이터(으)로 2개 층 내려가기 (1F → B2, 엘리베이터) → [B2] 대합실로 이동 → [B2] 표 내는 곳 통과 → 남성 방면 엘리베이터(으)로 4개 층 내려가기 (B2 → B6, 엘리베이터) → [B6] 남성 방면 승강장으로 이동 → [B6] 승차 (휠체어칸)","1. 2번 출입구 옆 엘리베이터(으)로 2개 층 내려가기 (1F → B2, 엘리베이터) | 2. [B2] 대합실로 이동 | 3. [B2] 표 내는 곳 통과 | 4. 남성 방면 엘리베이터(으)로 4개 층 내려가기 (B2 → B6, 엘리베이터) | 5. [B6] 남성 방면 승강장으로 이동 | 6. [B6] 승차 (휠체어칸)"
S1_7_0344,7호선,숭실대입구,1,출입구-승강장,2,2번 출입구 옆 엘리베이터 → 상도 방면,1F → B2 → B6,6,2,0,"2번 출입구 옆 엘리베이터(으)로 2개 층 내려가기 (1F → B2, 엘리베이터) → [B2] 대합실로 이동 → [B2] 표 내는 곳 통과 → 상도 방면 엘리베이터(으)로 4개 층 내려가기 (B2 → B6, 엘리베이터) → [B6] 상도 방면 승강장으로 이동 → [B6] 승차 (휠체어칸)","1. 2번 출입구 옆 엘리베이터(으)로 2개 층 내려가기 (1F → B2, 엘리베이터) | 2. [B2] 대합실로 이동 | 3. [B2] 표 내는 곳 통과 | 4. 상도 방면 엘리베이터(으)로 4개 층 내려가기 (B2 → B6, 엘리베이터) | 5. [B6] 상도 방면 승강장으로 이동 | 6. [B6] 승차 (휠체어칸)"
S1_7_0344,7호선,숭실대입구,1,출입구-승강장,3,3번 출입구 옆 엘리베이터 → 남성 방면,1F → B2 → B6,6,2,0,"3번 출입구 옆 엘리베이터(으)로 2개 층 내려가기 (1F → B2, 엘리베이터) → [B2] 대합실로 이동 → [B2] 표 내는 곳 통과 → 남성 방면 엘리베이터(으)로 4개 층 내려가기 (B2 → B6, 엘리베이터) → [B6] 남성 방면 승강장으로 이동 → [B6] 승차 (휠체어칸)","1. 3번 출입구 옆 엘리베이터(으)로 2개 층 내려가기 (1F → B2, 엘리베이터) | 2. [B2] 대합실로 이동 | 3. [B2] 표 내는 곳 통과 | 4. 남성 방면 엘리베이터(으)로 4개 층 내려가기 (B2 → B6, 엘리베이터) | 5. [B6] 남성 방면 승강장으로 이동 | 6. [B6] 승차 (휠체어칸)"
S1_7_0344,7호선,숭실대입구,1,출입구-승강장,4,3번 출입구 옆 엘리베이터 → 상도 방면,1F → B2 → B6,6,2,0,"3번 출입구 옆 엘리베이터(으)로 2개 층 내려가기 (1F → B2, 엘리베이터) → [B2] 대합실로 이동 → [B2] 표 내는 곳 통과 → 상도 방면 엘리베이터(으)로 4개 층 내려가기 (B2 → B6, 엘리베이터) → [B6] 상도 방면 승강장으로 이동 → [B6] 승차 (휠체어칸)","1. 3번 출입구 옆 엘리베이터(으)로 2개 층 내려가기 (1F → B2, 엘리베이터) | 2. [B2] 대합실로 이동 | 3. [B2] 표 내는 곳 통과 | 4. 상도 방면 엘리베이터(으)로 4개 층 내려가기 (B2 → B6, 엘리베이터) | 5. [B6] 상도 방면 승강장으로 이동 | 6. [B6] 승차 (휠체어칸)"
S1_7_0273,7호선,상도,1,출입구-승강장,1,5번 출입구 옆 엘리베이터 → 숭실대입구 방면,1F → B2 → B3,6,2,0,"5번 출입구 옆 엘리베이터(으)로 2개 층 내려가기 (1F → B2, 엘리베이터) → [B2] 대합실로 이동 → [B2] 표 내는 곳 통과 → 숭실대입구 방면 엘리베이터(으)로 1개 층 내려가기 (B2 → B3, 엘리베이터) → [B3] 숭실대입구 방면 승강장으로 이동 → [B3] 승차 (휠체어칸)","1. 5번 출입구 옆 엘리베이터(으)로 2개 층 내려가기 (1F → B2, 엘리베이터) | 2. [B2] 대합실로 이동 | 3. [B2] 표 내는 곳 통과 | 4. 숭실대입구 방면 엘리베이터(으)로 1개 층 내려가기 (B2 → B3, 엘리베이터) | 5. [B3] 숭실대입구 방면 승강장으로 이동 | 6. [B3] 승차 (휠체어칸)"
S1_7_0273,7호선,상도,1,출입구-승강장,2,5번 출입구 옆 엘리베이터 → 장승배기 방면,1F → B2 → B3,6,2,0,"5번 출입구 옆 엘리베이터(으)로 2개 층 내려가기 (1F → B2, 엘리베이터) → [B2] 대합실로 이동 → [B2] 표 내는 곳 통과 → 장승배기 방면 엘리베이터(으)로 1개 층 내려가기 (B2 → B3, 엘리베이터) → [B3] 장승배기 방면 승강장으로 이동 → [B3] 승차 (휠체어칸)","1. 5번 출입구 옆 엘리베이터(으)로 2개 층 내려가기 (1F → B2, 엘리베이터) | 2. [B2] 대합실로 이동 | 3. [B2] 표 내는 곳 통과 | 4. 장승배기 방면 엘리베이터(으)로 1개 층 내려가기 (B2 → B3, 엘리베이터) | 5. [B3] 장승배기 방면 승강장으로 이동 | 6. [B3] 승차 (휠체어칸)"
S1_7_0502,7호선,장승배기,1,출입구-승강장,1,2번 출입구 옆 엘리베이터 → 상도 방면,1F → B2 → B3,6,2,0,"2번 출입구 옆 엘리베이터(으)로 2개 층 내려가기 (1F → B2, 엘리베이터) → [B2] 대합실로 이동 → [B2] 상도 방면 엘리베이터 앞 표 내는 곳 통과 → 상도 방면 엘리베이터(으)로 1개 층 내려가기 (B2 → B3, 엘리베이터) → [B3] 상도 방면 승강장으로 이동 → [B3] 승차 (휠체어칸)","1. 2번 출입구 옆 엘리베이터(으)로 2개 층 내려가기 (1F → B2, 엘리베이터) | 2. [B2] 대합실로 이동 | 3. [B2] 상도 방면 엘리베이터 앞 표 내는 곳 통과 | 4. 상도 방면 엘리베이터(으)로 1개 층 내려가기 (B2 → B3, 엘리베이터) | 5. [B3] 상도 방면 승강장으로 이동 | 6. [B3] 승차 (휠체어칸)"
S1_7_0502,7호선,장승배기,1,출입구-승강장,2,2번 출입구 옆 엘리베이터 → 신대방삼거리 방면,1F → B2 → B3,6,2,0,"2번 출입구 옆 엘리베이터(으)로 2개 층 내려가기 (1F → B2, 엘리베이터) → [B2] 대합실로 이동 → [B2] 신대방삼거리 방면 엘리베이터 앞 표 내는 곳 통과 → 신대방삼거리 방면 엘리베이터(으)로 1개 층 내려가기 (B2 → B3, 엘리베이터) → [B3] 신대방삼거리 방면 승강장으로 이동 → [B3] 승차 (휠체어칸)","1. 2번 출입구 옆 엘리베이터(으)로 2개 층 내려가기 (1F → B2, 엘리베이터) | 2. [B2] 대합실로 이동 | 3. [B2] 신대방삼거리 방면 엘리베이터 앞 표 내는 곳 통과 | 4. 신대방삼거리 방면 엘리베이터(으)로 1개 층 내려가기 (B2 → B3, 엘리베이터) | 5. [B3] 신대방삼거리 방면 승강장으로 이동 | 6. [B3] 승차 (휠체어칸)"
S1_7_0358,7호선,신대방삼거리,1,출입구-승강장,1,2번 출입구 옆 엘리베이터 → 장승배기 방면,1F → B1 → B2 → B3,8,3,0,"2번 출입구 옆 엘리베이터(으)로 1개 층 내려가기 (1F → B1, 엘리베이터) → [B1] 대합실로 이동 → 엘리베이터(으)로 1개 층 내려가기 (B1 → B2, 엘리베이터) → [B2] 대합실로 이동 → [B2] 장승배기 방면 엘리베이터 앞 표 내는 곳 통과 → 장승배기 방면 엘리베이터(으)로 1개 층 내려가기 (B2 → B3, 엘리베이터) → [B3] 장승배기 방면 승강장으로 이동 → [B3] 승차 (휠체어칸)","1. 2번 출입구 옆 엘리베이터(으)로 1개 층 내려가기 (1F → B1, 엘리베이터) | 2. [B1] 대합실로 이동 | 3. 엘리베이터(으)로 1개 층 내려가기 (B1 → B2, 엘리베이터) | 4. [B2] 대합실로 이동 | 5. [B2] 장승배기 방면 엘리베이터 앞 표 내는 곳 통과 | 6. 장승배기 방면 엘리베이터(으)로 1개 층 내려가기 (B2 → B3, 엘리베이터) | 7. [B3] 장승배기 방면 승강장으로 이동 | 8. [B3] 승차 (휠체어칸)"
S1_7_0358,7호선,신대방삼거리,1,출입구-승강장,2,2번 출입구 옆 엘리베이터 → 보라매 방면,1F → B1 → B2 → B3,8,3,0,"2번 출입구 옆 엘리베이터(으)로 1개 층 내려가기 (1F → B1, 엘리베이터) → [B1] 대합실로 이동 → 엘리베이터(으)로 1개 층 내려가기 (B1 → B2, 엘리베이터) → [B2] 대합실로 이동 → [B2] 보라매 방면 엘리베이터 앞 표 내는 곳 통과 → 보라매 방면 엘리베이터(으)로 1개 층 내려가기 (B2 → B3, 엘리베이터) → [B3] 보라매 방면 승강장으로 이동 → [B3] 승차 (휠체어칸)","1. 2번 출입구 옆 엘리베이터(으)로 1개 층 내려가기 (1F → B1, 엘리베이터) | 2. [B1] 대합실로 이동 | 3. 엘리베이터(으)로 1개 층 내려가기 (B1 → B2, 엘리베이터) | 4. [B2] 대합실로 이동 | 5. [B2] 보라매 방면 엘리베이터 앞 표 내는 곳 통과 | 6. 보라매 방면 엘리베이터(으)로 1개 층 내려가기 (B2 → B3, 엘리베이터) | 7. [B3] 보라매 방면 승강장으로 이동 | 8. [B3] 승차 (휠체어칸)"
S1_7_0232,7호선,보라매,1,출입구-승강장,1,6번 출입구 옆 엘리베이터 → 신대방삼거리 방면,1F → B1 → B2,6,2,0,"6번 출입구 옆 엘리베이터(으)로 1개 층 내려가기 (1F → B1, 엘리베이터) → [B1] 대합실로 이동 → [B1] 표 내는 곳 통과 → 승강장 방향 엘리베이터(으)로 1개 층 내려가기 (B1 → B2, 엘리베이터) → [B2] 신대방삼거리 방면 승강장으로 이동 → [B2] 승차 (휠체어칸)","1. 6번 출입구 옆 엘리베이터(으)로 1개 층 내려가기 (1F → B1, 엘리베이터) | 2. [B1] 대합실로 이동 | 3. [B1] 표 내는 곳 통과 | 4. 승강장 방향 엘리베이터(으)로 1개 층 내려가기 (B1 → B2, 엘리베이터) | 5. [B2] 신대방삼거리 방면 승강장으로 이동 | 6. [B2] 승차 (휠체어칸)"
S1_7_0232,7호선,보라매,1,출입구-승강장,2,6번 출입구 옆 → 신풍 방면,1F → B1 → B2,6,2,0,"6번 출입구 옆 엘리베이터(으)로 1개 층 내려가기 (1F → B1, 엘리베이터) → [B1] 대합실로 이동 → [B1] 표 내는 곳 통과 → 승강장 방향 엘리베이터(으)로 1개 층 내려가기 (B1 → B2, 엘리베이터) → [B2] 신풍 방면 승강장으로 이동 → [B2] 승차 (휠체어칸)","1. 6번 출입구 옆 엘리베이터(으)로 1개 층 내려가기 (1F → B1, 엘리베이터) | 2. [B1] 대합실로 이동 | 3. [B1] 표 내는 곳 통과 | 4. 승강장 방향 엘리베이터(으)로 1개 층 내려가기 (B1 → B2, 엘리베이터) | 5. [B2] 신풍 방면 승강장으로 이동 | 6. [B2] 승차 (휠체어칸)"
S1_7_0232,7호선,보라매,3,환승,1,7호선 신대방삼거리 방면 → 신림선 서울지방병무청 방면,B2 → B1 → B3,7,2,0,"[B2] 7호선 신대방삼거리 방면 승강장 하차 → 대합실 방향 엘리베이터(으)로 1개 층 올라가기 (B2 → B1, 엘리베이터) → [B1] 대합실로 이동 → [B1] 신림선 대합실로 이동 → 신림선 서울지방병무청 방면 엘리베이터(으)로 2개 층 내려가기 (B1 → B3, 엘리베이터) → [B3] 신림선 서울지방병무청 방면 승강장으로 이동 → [B3] 승차 (휠체어칸)","1. [B2] 7호선 신대방삼거리 방면 승강장 하차 | 2. 대합실 방향 엘리베이터(으)로 1개 층 올라가기 (B2 → B1, 엘리베이터) | 3. [B1] 대합실로 이동 | 4. [B1] 신림선 대합실로 이동 | 5. 신림선 서울지방병무청 방면 엘리베이터(으)로 2개 층 내려가기 (B1 → B3, 엘리베이터) | 6. [B3] 신림선 서울지방병무청 방면 승강장으로 이동 | 7. [B3] 승차 (휠체어칸)"
S1_7_0232,7호선,보라매,3,환승,2,7호선 신대방삼거리 방면 → 신림선 보라매공원 방면,B2 → B1 → B3,7,2,0,"[B2] 7호선 신대방삼거리 방면 승강장 하차 → 대합실 방향 엘리베이터(으)로 1개 층 올라가기 (B2 → B1, 엘리베이터) → [B1] 대합실로 이동 → [B1] 신림선 대합실로 이동 → 신림선 보라매공원 방면 엘리베이터(으)로 2개 층 내려가기 (B1 → B3, 엘리베이터) → [B3] 신림선 보라매공원 방면 승강장으로 이동 → [B3] 승차 (휠체어칸)","1. [B2] 7호선 신대방삼거리 방면 승강장 하차 | 2. 대합실 방향 엘리베이터(으)로 1개 층 올라가기 (B2 → B1, 엘리베이터) | 3. [B1] 대합실로 이동 | 4. [B1] 신림선 대합실로 이동 | 5. 신림선 보라매공원 방면 엘리베이터(으)로 2개 층 내려가기 (B1 → B3, 엘리베이터) | 6. [B3] 신림선 보라매공원 방면 승강장으로 이동 | 7. [B3] 승차 (휠체어칸)"
S1_7_0232,7호선,보라매,3,환승,3,7호선 신풍 방면 → 신림선 서울지방병무청 방면,B2 → B1 → B3,7,2,0,"[B2] 7호선 신풍 방면 승강장 하차 → 대합실 방향 엘리베이터(으)로 1개 층 올라가기 (B2 → B1, 엘리베이터) → [B1] 대합실로 이동 → [B1] 신림선 대합실로 이동 → 신림선 서울지방병무청 방면 엘리베이터(으)로 2개 층 내려가기 (B1 → B3, 엘리베이터) → [B3] 신림선 서울지방병무청 방면 승강장으로 이동 → [B3] 승차 (휠체어칸)","1. [B2] 7호선 신풍 방면 승강장 하차 | 2. 대합실 방향 엘리베이터(으)로 1개 층 올라가기 (B2 → B1, 엘리베이터) | 3. [B1] 대합실로 이동 | 4. [B1] 신림선 대합실로 이동 | 5. 신림선 서울지방병무청 방면 엘리베이터(으)로 2개 층 내려가기 (B1 → B3, 엘리베이터) | 6. [B3] 신림선 서울지방병무청 방면 승강장으로 이동 | 7. [B3] 승차 (휠체어칸)"
S1_7_0232,7호선,보라매,3,환승,4,7호선 신풍 방면 → 신림선 보라매공원 방면,B2 → B1 → B3,7,2,0,"[B2] 7호선 신풍 방면 승강장 하차 → 대합실 방향 엘리베이터(으)로 1개 층 올라가기 (B2 → B1, 엘리베이터) → [B1] 대합실로 이동 → [B1] 신림선 대합실로 이동 → 신림선 보라매공원 방면 엘리베이터(으)로 2개 층 내려가기 (B1 → B3, 엘리베이터) → [B3] 신림선 보라매공원 방면 승강장으로 이동 → [B3] 승차 (휠체어칸)","1. [B2] 7호선 신풍 방면 승강장 하차 | 2. 대합실 방향 엘리베이터(으)로 1개 층 올라가기 (B2 → B1, 엘리베이터) | 3. [B1] 대합실로 이동 | 4. [B1] 신림선 대합실로 이동 | 5. 신림선 보라매공원 방면 엘리베이터(으)로 2개 층 내려가기 (B1 → B3, 엘리베이터) | 6. [B3] 신림선 보라매공원 방면 승강장으로 이동 | 7. [B3] 승차 (휠체어칸)"
S1_7_0378,7호선,신풍,1,출입구-승강장,1,4번 출입구 옆 엘리베이터 → 보라매 방면,1F → B1 → B2,6,2,0,"4번 출입구 옆 엘리베이터(으)로 1개 층 내려가기 (1F → B1, 엘리베이터) → [B1] 대합실로 이동 → [B1] 표 내는 곳 통과 → 보라매 방면 엘리베이터(으)로 1개 층 내려가기 (B1 → B2, 엘리베이터) → [B2] 보라매 방면 승강장으로 이동 → [B2] 승차 (휠체어칸)","1. 4번 출입구 옆 엘리베이터(으)로 1개 층 내려가기 (1F → B1, 엘리베이터) | 2. [B1] 대합실로 이동 | 3. [B1] 표 내는 곳 통과 | 4. 보라매 방면 엘리베이터(으)로 1개 층 내려가기 (B1 → B2, 엘리베이터) | 5. [B2] 보라매 방면 승강장으로 이동 | 6. [B2] 승차 (휠체어칸)"
S1_7_0378,7호선,신풍,1,출입구-승강장,2,4번 출입구 옆 엘리베이터 → 대림 방면,1F → B1 → B2,6,2,0,"4번 출입구 옆 엘리베이터(으)로 1개 층 내려가기 (1F → B1, 엘리베이터) → [B1] 대합실로 이동 → [B1] 표 내는 곳 통과 → 대림 방면 엘리베이터(으)로 1개 층 내려가기 (B1 → B2, 엘리베이터) → [B2] 대림 방면 승강장으로 이동 → [B2] 승차 (휠체어칸)","1. 4번 출입구 옆 엘리베이터(으)로 1개 층 내려가기 (1F → B1, 엘리베이터) | 2. [B1] 대합실로 이동 | 3. [B1] 표 내는 곳 통과 | 4. 대림 방면 엘리베이터(으)로 1개 층 내려가기 (B1 → B2, 엘리베이터) | 5. [B2] 대림 방면 승강장으로 이동 | 6. [B2] 승차 (휠체어칸)"
S1_7_0378,7호선,신풍,1,출입구-승강장,3, 5번 출입구 옆 → 보라매 방면,1F → B1 → B2,6,2,0,"5번 출입구 옆 엘리베이터(으)로 1개 층 내려가기 (1F → B1, 엘리베이터) → [B1] 대합실로 이동 → [B1] 표 내는 곳 통과 → 보라매 방면 엘리베이터(으)로 1개 층 내려가기 (B1 → B2, 엘리베이터) → [B2] 보라매 방면 승강장으로 이동 → [B2] 승차 (휠체어칸)","1. 5번 출입구 옆 엘리베이터(으)로 1개 층 내려가기 (1F → B1, 엘리베이터) | 2. [B1] 대합실로 이동 | 3. [B1] 표 내는 곳 통과 | 4. 보라매 방면 엘리베이터(으)로 1개 층 내려가기 (B1 → B2, 엘리베이터) | 5. [B2] 보라매 방면 승강장으로 이동 | 6. [B2] 승차 (휠체어칸)"
S1_7_0378,7호선,신풍,1,출입구-승강장,4,5번 출입구 옆 → 대림 방면,1F → B1 → B2,6,2,0,"5번 출입구 옆 엘리베이터(으)로 1개 층 내려가기 (1F → B1, 엘리베이터) → [B1] 대합실로 이동 → [B1] 표 내는 곳 통과 → 대림 방면 엘리베이터(으)로 1개 층 내려가기 (B1 → B2, 엘리베이터) → [B2] 대림 방면 승강장으로 이동 → [B2] 승차 (휠체어칸)","1. 5번 출입구 옆 엘리베이터(으)로 1개 층 내려가기 (1F → B1, 엘리베이터) | 2. [B1] 대합실로 이동 | 3. [B1] 표 내는 곳 통과 | 4. 대림 방면 엘리베이터(으)로 1개 층 내려가기 (B1 → B2, 엘리베이터) | 5. [B2] 대림 방면 승강장으로 이동 | 6. [B2] 승차 (휠체어칸)"
S1_7_0130,7호선,대림,1,출입구-승강장,1,10번 출입구 옆 엘리베이터 → 신풍 방면,1F → B1 → B2,6,2,0,"10번 출입구 옆 엘리베이터(으)로 1개 층 내려가기 (1F → B1, 엘리베이터) → [B1] 대합실로 이동 → [B1] 표 내는 곳 통과 → 신풍 방면 엘리베이터(으)로 1개 층 내려가기 (B1 → B2, 엘리베이터) → [B2] 신풍 방면 승강장으로 이동 → [B2] 승차 (휠체어칸)","1. 10번 출입구 옆 엘리베이터(으)로 1개 층 내려가기 (1F → B1, 엘리베이터) | 2. [B1] 대합실로 이동 | 3. [B1] 표 내는 곳 통과 | 4. 신풍 방면 엘리베이터(으)로 1개 층 내려가기 (B1 → B2, 엘리베이터) | 5. [B2] 신풍 방면 승강장으로 이동 | 6. [B2] 승차 (휠체어칸)"
S1_7_0130,7호선,대림,1,출입구-승강장,2,10번 출입구 옆 엘리베이터 → 남구로 방면,1F → B1 → B2,6,2,0,"10번 출입구 옆 엘리베이터(으)로 1개 층 내려가기 (1F → B1, 엘리베이터) → [B1] 대합실로 이동 → [B1] 표 내는 곳 통과 → 남구로 방면 엘리베이터(으)로 1개 층 내려가기 (B1 → B2, 엘리베이터) → [B2] 남구로 방면 승강장으로 이동 → [B2] 승차 (휠체어칸)","1. 10번 출입구 옆 엘리베이터(으)로 1개 층 내려가기 (1F → B1, 엘리베이터) | 2. [B1] 대합실로 이동 | 3. [B1] 표 내는 곳 통과 | 4. 남구로 방면 엘리베이터(으)로 1개 층 내려가기 (B1 → B2, 엘리베이터) | 5. [B2] 남구로 방면 승강장으로 이동 | 6. [B2] 승차 (휠체어칸)"
S1_7_0130,7호선,대림,3,환승,1,7호선 신풍 방면 → 2호선 구로디지털단지 방면,B2 → B1 → 2F → 3F,10,2,0,"[B2] 7호선 신풍 방면 승강장 하차 → 대합실 방향 엘리베이터(으)로 1개 층 올라가기 (B2 → B1, 엘리베이터) → [B1] 대합실로 이동 → [B1] 2호선 방향 환승통로로 이동 → 2호선 대합실 방향 휠체어리프트(으)로 2개 층 올라가기 (B1 → 2F, 휠체어리프트) → [2F] 2호선 환승통로로 이동 → [2F] 2호선 대합실로 이동 → 2호선 구로디지털단지 방면 엘리베이터(으)로 1개 층 올라가기 (2F → 3F, 엘리베이터) → [3F] 2호선 구로디지털단지 방면 승강장으로 이동 → [3F] 승차 (휠체어칸)","1. [B2] 7호선 신풍 방면 승강장 하차 | 2. 대합실 방향 엘리베이터(으)로 1개 층 올라가기 (B2 → B1, 엘리베이터) | 3. [B1] 대합실로 이동 | 4. [B1] 2호선 방향 환승통로로 이동 | 5. 2호선 대합실 방향 휠체어리프트(으)로 2개 층 올라가기 (B1 → 2F, 휠체어리프트) | 6. [2F] 2호선 환승통로로 이동 | 7. [2F] 2호선 대합실로 이동 | 8. 2호선 구로디지털단지 방면 엘리베이터(으)로 1개 층 올라가기 (2F → 3F, 엘리베이터) | 9. [3F] 2호선 구로디지털단지 방면 승강장으로 이동 | 10. [3F] 승차 (휠체어칸)"
S1_7_0130,7호선,대림,3,환승,2,7호선 신풍 방면 → 2호선 신도림 방면,B2 → B1 → 2F → 3F,10,2,0,"[B2] 7호선 신풍 방면 승강장 하차 → 대합실 방향 엘리베이터(으)로 1개 층 올라가기 (B2 → B1, 엘리베이터) → [B1] 대합실로 이동 → [B1] 2호선 방향 환승통로로 이동 → 2호선 대합실 방향 휠체어리프트(으)로 2개 층 올라가기 (B1 → 2F, 휠체어리프트) → [2F] 2호선 환승통로로 이동 → [2F] 2호선 대합실로 이동 → 2호선 신도림 방면 엘리베이터(으)로 1개 층 올라가기 (2F → 3F, 엘리베이터) → [3F] 2호선 신도림 방면 승강장으로 이동 → [3F] 승차 (휠체어칸)","1. [B2] 7호선 신풍 방면 승강장 하차 | 2. 대합실 방향 엘리베이터(으)로 1개 층 올라가기 (B2 → B1, 엘리베이터) | 3. [B1] 대합실로 이동 | 4. [B1] 2호선 방향 환승통로로 이동 | 5. 2호선 대합실 방향 휠체어리프트(으)로 2개 층 올라가기 (B1 → 2F, 휠체어리프트) | 6. [2F] 2호선 환승통로로 이동 | 7. [2F] 2호선 대합실로 이동 | 8. 2호선 신도림 방면 엘리베이터(으)로 1개 층 올라가기 (2F → 3F, 엘리베이터) | 9. [3F] 2호선 신도림 방면 승강장으로 이동 | 10. [3F] 승차 (휠체어칸)"
S1_7_0130,7호선,대림,3,환승,3,7호선 남구로 방면 → 2호선 구로디지털단지 방면,B2 → B1 → 2F → 3F,10,2,0,"[B2] 7호선 남구로 방면 승강장 하차 → 대합실 방향 엘리베이터(으)로 1개 층 올라가기 (B2 → B1, 엘리베이터) → [B1] 대합실로 이동 → [B1] 2호선 방향 환승통로로 이동 → 2호선 대합실 방향 휠체어리프트(으)로 2개 층 올라가기 (B1 → 2F, 휠체어리프트) → [2F] 2호선 환승통로로 이동 → [2F] 2호선 대합실로 이동 → 2호선 구로디지털단지 방면 엘리베이터(으)로 1개 층 올라가기 (2F → 3F, 엘리베이터) → [3F] 2호선 구로디지털단지 방면 승강장으로 이동 → [3F] 승차 (휠체어칸)","1. [B2] 7호선 남구로 방면 승강장 하차 | 2. 대합실 방향 엘리베이터(으)로 1개 층 올라가기 (B2 → B1, 엘리베이터) | 3. [B1] 대합실로 이동 | 4. [B1] 2호선 방향 환승통로로 이동 | 5. 2호선 대합실 방향 휠체어리프트(으)로 2개 층 올라가기 (B1 → 2F, 휠체어리프트) | 6. [2F] 2호선 환승통로로 이동 | 7. [2F] 2호선 대합실로 이동 | 8. 2호선 구로디지털단지 방면 엘리베이터(으)로 1개 층 올라가기 (2F → 3F, 엘리베이터) | 9. [3F] 2호선 구로디지털단지 방면 승강장으로 이동 | 10. [3F] 승차 (휠체어칸)"
S1_7_0130,7호선,대림,3,환승,4,7호선 남구로 방면 → 2호선 신도림 방면,B2 → B1 → 2F → 3F,10,2,0,"[B2] 7호선 남구로 방면 승강장 하차 → 대합실 방향 엘리베이터(으)로 1개 층 올라가기 (B2 → B1, 엘리베이터) → [B1] 대합실로 이동 → [B1] 2호선 방향 환승통로로 이동 → 2호선 대합실 방향 휠체어리프트(으)로 2개 층 올라가기 (B1 → 2F, 휠체어리프트) → [2F] 2호선 환승통로로 이동 → [2F] 2호선 대합실로 이동 → 2호선 신도림 방면 엘리베이터(으)로 1개 층 올라가기 (2F → 3F, 엘리베이터) → [3F] 2호선 신도림 방면 승강장으로 이동 → [3F] 승차 (휠체어칸)","1. [B2] 7호선 남구로 방면 승강장 하차 | 2. 대합실 방향 엘리베이터(으)로 1개 층 올라가기 (B2 → B1, 엘리베이터) | 3. [B1] 대합실로 이동 | 4. [B1] 2호선 방향 환승통로로 이동 | 5. 2호선 대합실 방향 휠체어리프트(으)로 2개 층 올라가기 (B1 → 2F, 휠체어리프트) | 6. [2F] 2호선 환승통로로 이동 | 7. [2F] 2호선 대합실로 이동 | 8. 2호선 신도림 방면 엘리베이터(으)로 1개 층 올라가기 (2F → 3F, 엘리베이터) | 9. [3F] 2호선 신도림 방면 승강장으로 이동 | 10. [3F] 승차 (휠체어칸)"
S1_7_0103,7호선,남구로,1,출입구-승강장,1,1번 출입구 옆 엘리베이트 → 대림 방면,B5,6,0,0,1번 출입구 E/L 3호기 지상 탑승 → 1번 출입구 E/L 3호기 B2층 하차 → 게이트 통과 → [B5] 대림 방면 승강장으로 이동 → [B5] 승차 (휠체어칸) → 대림 방면 엘리베이터 1호기 이용 (엘리베이터),1. 1번 출입구 E/L 3호기 지상 탑승 | 2. 1번 출입구 E/L 3호기 B2층 하차 | 3. 게이트 통과 | 4. [B5] 대림 방면 승강장으로 이동 | 5. [B5] 승차 (휠체어칸) | 6. 대림 방면 엘리베이터 1호기 이용 (엘리베이터)
S1_7_0103,7호선,남구로,1,출입구-승강장,2,1번 출입구 옆 엘리베이트 → 가산디지털단지 방면,B5,6,0,0,1번 출입구 E/L 3호기 지상 탑승 → 1번 출입구 E/L 3호기 B2층 하차 → 게이트 통과 → [B5] 가산디지털단지 방면 승강장으로 이동 → [B5] 승차 (휠체어칸) → 가산디지털단지 방면 엘리베이터 2호기 이용 (엘리베이터),1. 1번 출입구 E/L 3호기 지상 탑승 | 2. 1번 출입구 E/L 3호기 B2층 하차 | 3. 게이트 통과 | 4. [B5] 가산디지털단지 방면 승강장으로 이동 | 5. [B5] 승차 (휠체어칸) | 6. 가산디지털단지 방면 엘리베이터 2호기 이용 (엘리베이터)
S1_7_0103,7호선,남구로,1,출입구-승강장,3,4번 출입구 휠체어리프트 → 대림 방면,1F → B1 → B2 → B4 → B5,10,0,0,"4번 출입구 휠체어리프트(으)로 1개 층 내려가기 (1F → B1, 휠체어리프트) → [B1] 대합실로 이동 → [B1] 표 내는 곳 통과 → 휠체어리프트(으)로 1개 층 내려가기 (B1 → B2, 휠체어리프트) → [B2] 대합실로 이동 → 휠체어리프트(으)로 2개 층 내려가기 (B2 → B4, 휠체어리프트) → [B4] 대합실로 이동 → 대림 방면 휠체어리프트(으)로 1개 층 내려가기 (B4 → B5, 휠체어리프트) → [B5] 대림 방면 승강장으로 이동 → [B5] 승차 (휠체어칸)","1. 4번 출입구 휠체어리프트(으)로 1개 층 내려가기 (1F → B1, 휠체어리프트) | 2. [B1] 대합실로 이동 | 3. [B1] 표 내는 곳 통과 | 4. 휠체어리프트(으)로 1개 층 내려가기 (B1 → B2, 휠체어리프트) | 5. [B2] 대합실로 이동 | 6. 휠체어리프트(으)로 2개 층 내려가기 (B2 → B4, 휠체어리프트) | 7. [B4] 대합실로 이동 | 8. 대림 방면 휠체어리프트(으)로 1개 층 내려가기 (B4 → B5, 휠체어리프트) | 9. [B5] 대림 방면 승강장으로 이동 | 10. [B5] 승차 (휠체어칸)"
S1_7_0103,7호선,남구로,1,출입구-승강장,4,4번 출입구 휠체어리프트 → 가산디지털단지 방면,1F → B1 → B2 → B4 → B5,10,0,0,"4번 출입구 휠체어리프트(으)로 1개 층 내려가기 (1F → B1, 휠체어리프트) → [B1] 대합실로 이동 → [B1] 표 내는 곳 통과 → 휠체어리프트(으)로 1개 층 내려가기 (B1 → B2, 휠체어리프트) → [B2] 대합실로 이동 → 휠체어리프트(으)로 2개 층 내려가기 (B2 → B4, 휠체어리프트) → [B4] 대합실로 이동 → 가산디지털단지 방면 휠체어리프트(으)로 1개 층 내려가기 (B4 → B5, 휠체어리프트) → [B5] 가산디지털단지 방면 승강장으로 이동 → [B5] 승차 (휠체어칸)","1. 4번 출입구 휠체어리프트(으)로 1개 층 내려가기 (1F → B1, 휠체어리프트) | 2. [B1] 대합실로 이동 | 3. [B1] 표 내는 곳 통과 | 4. 휠체어리프트(으)로 1개 층 내려가기 (B1 → B2, 휠체어리프트) | 5. [B2] 대합실로 이동 | 6. 휠체어리프트(으)로 2개 층 내려가기 (B2 → B4, 휠체어리프트) | 7. [B4] 대합실로 이동 | 8. 가산디지털단지 방면 휠체어리프트(으)로 1개 층 내려가기 (B4 → B5, 휠체어리프트) | 9. [B5] 가산디지털단지 방면 승강장으로 이동 | 10. [B5] 승차 (휠체어칸)"
S1_7_0004,7호선,가산디지털단지,1,출입구-승강장,1,9번 출입구 옆 엘리베이터 → 남구로 방면,1F → B1 → B2 → B4,8,3,0,"9번 출입구 옆 엘리베이터(으)로 1개 층 내려가기 (1F → B1, 엘리베이터) → [B1] 대합실로 이동 → [B1] 표 내는 곳 통과 → 엘리베이터(으)로 1개 층 내려가기 (B1 → B2, 엘리베이터) → [B2] 대합실로 이동 → 남구로 방면 엘리베이터(으)로 2개 층 내려가기 (B2 → B4, 엘리베이터) → [B4] 남구로 방면 승강장으로 이동 → [B4] 승차 (휠체어칸)","1. 9번 출입구 옆 엘리베이터(으)로 1개 층 내려가기 (1F → B1, 엘리베이터) | 2. [B1] 대합실로 이동 | 3. [B1] 표 내는 곳 통과 | 4. 엘리베이터(으)로 1개 층 내려가기 (B1 → B2, 엘리베이터) | 5. [B2] 대합실로 이동 | 6. 남구로 방면 엘리베이터(으)로 2개 층 내려가기 (B2 → B4, 엘리베이터) | 7. [B4] 남구로 방면 승강장으로 이동 | 8. [B4] 승차 (휠체어칸)"
S1_7_0004,7호선,가산디지털단지,1,출입구-승강장,2,9번 출입구 옆 엘리베이터 → 철산 방면,1F → B1 → B2 → B4,8,3,0,"9번 출입구 옆 엘리베이터(으)로 1개 층 내려가기 (1F → B1, 엘리베이터) → [B1] 대합실로 이동 → [B1] 표 내는 곳 통과 → 엘리베이터(으)로 1개 층 내려가기 (B1 → B2, 엘리베이터) → [B2] 대합실로 이동 → 철산 방면 엘리베이터(으)로 2개 층 내려가기 (B2 → B4, 엘리베이터) → [B4] 철산 방면 승강장으로 이동 → [B4] 승차 (휠체어칸)","1. 9번 출입구 옆 엘리베이터(으)로 1개 층 내려가기 (1F → B1, 엘리베이터) | 2. [B1] 대합실로 이동 | 3. [B1] 표 내는 곳 통과 | 4. 엘리베이터(으)로 1개 층 내려가기 (B1 → B2, 엘리베이터) | 5. [B2] 대합실로 이동 | 6. 철산 방면 엘리베이터(으)로 2개 층 내려가기 (B2 → B4, 엘리베이터) | 7. [B4] 철산 방면 승강장으로 이동 | 8. [B4] 승차 (휠체어칸)"
S1_7_0004,7호선,가산디지털단지,3,환승,1,7호선 남구로 방면 → 1호선 구로 방면,B4 → B2 → B1 → 1F,8,2,0,"[B4] 7호선 남구로 방면 승강장 하차 → 대합실 방향 엘리베이터(으)로 2개 층 올라가기 (B4 → B2, 엘리베이터) → [B2] 대합실로 이동 → 대합실 방향 엘리베이터(으)로 1개 층 올라가기 (B2 → B1, 엘리베이터) → [B1] 대합실로 이동 → 1호선 구로 방면 휠체어리프트(으)로 1개 층 올라가기 (B1 → 1F, 휠체어리프트) → [1F] 1호선 구로 방면 승강장으로 이동 → [1F] 승차 (휠체어칸)","1. [B4] 7호선 남구로 방면 승강장 하차 | 2. 대합실 방향 엘리베이터(으)로 2개 층 올라가기 (B4 → B2, 엘리베이터) | 3. [B2] 대합실로 이동 | 4. 대합실 방향 엘리베이터(으)로 1개 층 올라가기 (B2 → B1, 엘리베이터) | 5. [B1] 대합실로 이동 | 6. 1호선 구로 방면 휠체어리프트(으)로 1개 층 올라가기 (B1 → 1F, 휠체어리프트) | 7. [1F] 1호선 구로 방면 승강장으로 이동 | 8. [1F] 승차 (휠체어칸)"
S1_7_0004,7호선,가산디지털단지,3,환승,2,7호선 남구로 방면 → 1호선 독산 방면,B4 → B2 → B1 → 1F,8,2,0,"[B4] 7호선 남구로 방면 승강장 하차 → 대합실 방향 엘리베이터(으)로 2개 층 올라가기 (B4 → B2, 엘리베이터) → [B2] 대합실로 이동 → 대합실 방향 엘리베이터(으)로 1개 층 올라가기 (B2 → B1, 엘리베이터) → [B1] 대합실로 이동 → 1호선 독산 방면 휠체어리프트(으)로 1개 층 올라가기 (B1 → 1F, 휠체어리프트) → [1F] 1호선 독산 방면 승강장으로 이동 → [1F] 승차 (휠체어칸)","1. [B4] 7호선 남구로 방면 승강장 하차 | 2. 대합실 방향 엘리베이터(으)로 2개 층 올라가기 (B4 → B2, 엘리베이터) | 3. [B2] 대합실로 이동 | 4. 대합실 방향 엘리베이터(으)로 1개 층 올라가기 (B2 → B1, 엘리베이터) | 5. [B1] 대합실로 이동 | 6. 1호선 독산 방면 휠체어리프트(으)로 1개 층 올라가기 (B1 → 1F, 휠체어리프트) | 7. [1F] 1호선 독산 방면 승강장으로 이동 | 8. [1F] 승차 (휠체어칸)"
S1_7_0004,7호선,가산디지털단지,3,환승,3,7호선 철산 방면 → 1호선 구로 방면,B4 → B2 → B1 → 1F,8,2,0,"[B4] 7호선 철산 방면 승강장 하차 → 대합실 방향 엘리베이터(으)로 2개 층 올라가기 (B4 → B2, 엘리베이터) → [B2] 대합실로 이동 → 대합실 방향 엘리베이터(으)로 1개 층 올라가기 (B2 → B1, 엘리베이터) → [B1] 대합실로 이동 → 1호선 구로 방면 휠체어리프트(으)로 1개 층 올라가기 (B1 → 1F, 휠체어리프트) → [1F] 1호선 구로 방면 승강장으로 이동 → [1F] 승차 (휠체어칸)","1. [B4] 7호선 철산 방면 승강장 하차 | 2. 대합실 방향 엘리베이터(으)로 2개 층 올라가기 (B4 → B2, 엘리베이터) | 3. [B2] 대합실로 이동 | 4. 대합실 방향 엘리베이터(으)로 1개 층 올라가기 (B2 → B1, 엘리베이터) | 5. [B1] 대합실로 이동 | 6. 1호선 구로 방면 휠체어리프트(으)로 1개 층 올라가기 (B1 → 1F, 휠체어리프트) | 7. [1F] 1호선 구로 방면 승강장으로 이동 | 8. [1F] 승차 (휠체어칸)"
S1_7_0004,7호선,가산디지털단지,3,환승,4,7호선 철산 방면 → 1호선 독산 방면,B4 → B2 → B1 → 1F,8,2,0,"[B4] 7호선 철산 방면 승강장 하차 → 대합실 방향 엘리베이터(으)로 2개 층 올라가기 (B4 → B2, 엘리베이터) → [B2] 대합실로 이동 → 대합실 방향 엘리베이터(으)로 1개 층 올라가기 (B2 → B1, 엘리베이터) → [B1] 대합실로 이동 → 1호선 독산 방면 휠체어리프트(으)로 1개 층 올라가기 (B1 → 1F, 휠체어리프트) → [1F] 1호선 독산 방면 승강장으로 이동 → [1F] 승차 (휠체어칸)","1. [B4] 7호선 철산 방면 승강장 하차 | 2. 대합실 방향 엘리베이터(으)로 2개 층 올라가기 (B4 → B2, 엘리베이터) | 3. [B2] 대합실로 이동 | 4. 대합실 방향 엘리베이터(으)로 1개 층 올라가기 (B2 → B1, 엘리베이터) | 5. [B1] 대합실로 이동 | 6. 1호선 독산 방면 휠체어리프트(으)로 1개 층 올라가기 (B1 → 1F, 휠체어리프트) | 7. [1F] 1호선 독산 방면 승강장으로 이동 | 8. [1F] 승차 (휠체어칸)"
S1_7_0547,7호선,철산,1,출입구-승강장,1,1번 출입구 옆 엘리베이터 → 가산디지털단지 방면,1F → B1 → B2,6,2,0,"1번 출입구 옆 엘리베이터(으)로 1개 층 내려가기 (1F → B1, 엘리베이터) → [B1] 대합실로 이동 → [B1] 가산디지털단지 방면 엘리베이터 앞 표 내는 곳 통과 → 가산디지털단지 방면 엘리베이터(으)로 1개 층 내려가기 (B1 → B2, 엘리베이터) → [B2] 가산디지털단지 방면 승강장으로 이동 → [B2] 승차 (휠체어칸)","1. 1번 출입구 옆 엘리베이터(으)로 1개 층 내려가기 (1F → B1, 엘리베이터) | 2. [B1] 대합실로 이동 | 3. [B1] 가산디지털단지 방면 엘리베이터 앞 표 내는 곳 통과 | 4. 가산디지털단지 방면 엘리베이터(으)로 1개 층 내려가기 (B1 → B2, 엘리베이터) | 5. [B2] 가산디지털단지 방면 승강장으로 이동 | 6. [B2] 승차 (휠체어칸)"
S1_7_0547,7호선,철산,1,출입구-승강장,2,1번 출입구 옆 엘리베이터 → 광명사거리 방면,1F → B1 → B2,6,2,0,"1번 출입구 옆 엘리베이터(으)로 1개 층 내려가기 (1F → B1, 엘리베이터) → [B1] 대합실로 이동 → [B1] 광명사거리 방면 엘리베이터 앞 표 내는 곳 통과 → 광명사거리 방면 엘리베이터(으)로 1개 층 내려가기 (B1 → B2, 엘리베이터) → [B2] 광명사거리 방면 승강장으로 이동 → [B2] 승차 (휠체어칸)","1. 1번 출입구 옆 엘리베이터(으)로 1개 층 내려가기 (1F → B1, 엘리베이터) | 2. [B1] 대합실로 이동 | 3. [B1] 광명사거리 방면 엘리베이터 앞 표 내는 곳 통과 | 4. 광명사거리 방면 엘리베이터(으)로 1개 층 내려가기 (B1 → B2, 엘리베이터) | 5. [B2] 광명사거리 방면 승강장으로 이동 | 6. [B2] 승차 (휠체어칸)"
S1_7_0547,7호선,철산,1,출입구-승강장,3,4번 출입구 옆 엘리베이터 → 가산디지털단지 방면,1F → B1 → B2,6,2,0,"4번 출입구 옆 엘리베이터(으)로 1개 층 내려가기 (1F → B1, 엘리베이터) → [B1] 대합실로 이동 → [B1] 가산디지털단지 방면 엘리베이터 앞 표 내는 곳 통과 → 가산디지털단지 방면 엘리베이터(으)로 1개 층 내려가기 (B1 → B2, 엘리베이터) → [B2] 가산디지털단지 방면 승강장으로 이동 → [B2] 승차 (휠체어칸)","1. 4번 출입구 옆 엘리베이터(으)로 1개 층 내려가기 (1F → B1, 엘리베이터) | 2. [B1] 대합실로 이동 | 3. [B1] 가산디지털단지 방면 엘리베이터 앞 표 내는 곳 통과 | 4. 가산디지털단지 방면 엘리베이터(으)로 1개 층 내려가기 (B1 → B2, 엘리베이터) | 5. [B2] 가산디지털단지 방면 승강장으로 이동 | 6. [B2] 승차 (휠체어칸)"
S1_7_0547,7호선,철산,1,출입구-승강장,4,4번 출입구 옆 엘리베이터 → 광명사거리 방면,1F → B1 → B2,6,2,0,"4번 출입구 옆 엘리베이터(으)로 1개 층 내려가기 (1F → B1, 엘리베이터) → [B1] 대합실로 이동 → [B1] 광명사거리 방면 엘리베이터 앞 표 내는 곳 통과 → 광명사거리 방면 엘리베이터(으)로 1개 층 내려가기 (B1 → B2, 엘리베이터) → [B2] 광명사거리 방면 승강장으로 이동 → [B2] 승차 (휠체어칸)","1. 4번 출입구 옆 엘리베이터(으)로 1개 층 내려가기 (1F → B1, 엘리베이터) | 2. [B1] 대합실로 이동 | 3. [B1] 광명사거리 방면 엘리베이터 앞 표 내는 곳 통과 | 4. 광명사거리 방면 엘리베이터(으)로 1개 층 내려가기 (B1 → B2, 엘리베이터) | 5. [B2] 광명사거리 방면 승강장으로 이동 | 6. [B2] 승차 (휠체어칸)"
S1_7_0064,7호선,광명사거리,1,출입구-승강장,1,2번 출입구 옆 엘리베이터 → 철산 방면,1F → B2 → B3,5,2,0,"2번 출입구 옆 엘리베이터(으)로 2개 층 내려가기 (1F → B2, 엘리베이터) → [B2] 대합실로 이동 → 철산 방면 엘리베이터(으)로 1개 층 내려가기 (B2 → B3, 엘리베이터) → [B3] 철산 방면 승강장으로 이동 → [B3] 승차 (휠체어칸)","1. 2번 출입구 옆 엘리베이터(으)로 2개 층 내려가기 (1F → B2, 엘리베이터) | 2. [B2] 대합실로 이동 | 3. 철산 방면 엘리베이터(으)로 1개 층 내려가기 (B2 → B3, 엘리베이터) | 4. [B3] 철산 방면 승강장으로 이동 | 5. [B3] 승차 (휠체어칸)"
S1_7_0064,7호선,광명사거리,1,출입구-승강장,2,2번 출입구 옆 엘리베이터 → 천왕 방면,1F → B2 → B3,6,2,0,"2번 출입구 옆 엘리베이터(으)로 2개 층 내려가기 (1F → B2, 엘리베이터) → [B2] 대합실로 이동 → [B2] 표 내는 곳 통과 → 천왕 방면 엘리베이터(으)로 1개 층 내려가기 (B2 → B3, 엘리베이터) → [B3] 천왕 방면 승강장으로 이동 → [B3] 승차 (휠체어칸)","1. 2번 출입구 옆 엘리베이터(으)로 2개 층 내려가기 (1F → B2, 엘리베이터) | 2. [B2] 대합실로 이동 | 3. [B2] 표 내는 곳 통과 | 4. 천왕 방면 엘리베이터(으)로 1개 층 내려가기 (B2 → B3, 엘리베이터) | 5. [B3] 천왕 방면 승강장으로 이동 | 6. [B3] 승차 (휠체어칸)"
S1_7_0545,7호선,천왕,1,출입구-승강장,1,2번 출입구 옆 엘리베이터 → 광명사거리 방면,1F → B1 → B2,6,2,0,"2번 출입구 옆 엘리베이터(으)로 1개 층 내려가기 (1F → B1, 엘리베이터) → [B1] 대합실로 이동 → [B1] 표 내는 곳 통과 → 광명사거리 방면 엘리베이터(으)로 1개 층 내려가기 (B1 → B2, 엘리베이터) → [B2] 광명사거리 방면 승강장으로 이동 → [B2] 승차 (휠체어칸)","1. 2번 출입구 옆 엘리베이터(으)로 1개 층 내려가기 (1F → B1, 엘리베이터) | 2. [B1] 대합실로 이동 | 3. [B1] 표 내는 곳 통과 | 4. 광명사거리 방면 엘리베이터(으)로 1개 층 내려가기 (B1 → B2, 엘리베이터) | 5. [B2] 광명사거리 방면 승강장으로 이동 | 6. [B2] 승차 (휠체어칸)"
S1_7_0545,7호선,천왕,1,출입구-승강장,2,2번 출입구 옆 엘리베이터 → 온수 방면,1F → B1 → B2,6,2,0,"2번 출입구 옆 엘리베이터(으)로 1개 층 내려가기 (1F → B1, 엘리베이터) → [B1] 대합실로 이동 → [B1] 표 내는 곳 통과 → 온수 방면 엘리베이터(으)로 1개 층 내려가기 (B1 → B2, 엘리베이터) → [B2] 온수 방면 승강장으로 이동 → [B2] 승차 (휠체어칸)","1. 2번 출입구 옆 엘리베이터(으)로 1개 층 내려가기 (1F → B1, 엘리베이터) | 2. [B1] 대합실로 이동 | 3. [B1] 표 내는 곳 통과 | 4. 온수 방면 엘리베이터(으)로 1개 층 내려가기 (B1 → B2, 엘리베이터) | 5. [B2] 온수 방면 승강장으로 이동 | 6. [B2] 승차 (휠체어칸)"
S1_7_0545,7호선,천왕,1,출입구-승강장,3,3번 출입구 옆 엘리베이터 → 광명사거리 방면,1F → B1 → B2,6,2,0,"3번 출입구 옆 엘리베이터(으)로 1개 층 내려가기 (1F → B1, 엘리베이터) → [B1] 대합실로 이동 → [B1] 표 내는 곳 통과 → 광명사거리 방면 엘리베이터(으)로 1개 층 내려가기 (B1 → B2, 엘리베이터) → [B2] 광명사거리 방면 승강장으로 이동 → [B2] 승차 (휠체어칸)","1. 3번 출입구 옆 엘리베이터(으)로 1개 층 내려가기 (1F → B1, 엘리베이터) | 2. [B1] 대합실로 이동 | 3. [B1] 표 내는 곳 통과 | 4. 광명사거리 방면 엘리베이터(으)로 1개 층 내려가기 (B1 → B2, 엘리베이터) | 5. [B2] 광명사거리 방면 승강장으로 이동 | 6. [B2] 승차 (휠체어칸)"
S1_7_0545,7호선,천왕,1,출입구-승강장,4,3번 출입구 옆 엘리베이터 → 온수 방면,1F → B1 → B2,6,2,0,"3번 출입구 옆 엘리베이터(으)로 1개 층 내려가기 (1F → B1, 엘리베이터) → [B1] 대합실로 이동 → [B1] 표 내는 곳 통과 → 온수 방면 엘리베이터(으)로 1개 층 내려가기 (B1 → B2, 엘리베이터) → [B2] 온수 방면 승강장으로 이동 → [B2] 승차 (휠체어칸)","1. 3번 출입구 옆 엘리베이터(으)로 1개 층 내려가기 (1F → B1, 엘리베이터) | 2. [B1] 대합실로 이동 | 3. [B1] 표 내는 곳 통과 | 4. 온수 방면 엘리베이터(으)로 1개 층 내려가기 (B1 → B2, 엘리베이터) | 5. [B2] 온수 방면 승강장으로 이동 | 6. [B2] 승차 (휠체어칸)"
S1_7_0545,7호선,천왕,1,출입구-승강장,5,광역환승센터주차장 옆 엘리베이터 → 광명사거리 방면,B1 → B2,5,1,0,"[B1] 대합실로 이동 → [B1] 표 내는 곳 통과 → 광명사거리 방면 엘리베이터(으)로 1개 층 내려가기 (B1 → B2, 엘리베이터) → [B2] 광명사거리 방면 승강장으로 이동 → [B2] 승차 (휠체어칸)","1. [B1] 대합실로 이동 | 2. [B1] 표 내는 곳 통과 | 3. 광명사거리 방면 엘리베이터(으)로 1개 층 내려가기 (B1 → B2, 엘리베이터) | 4. [B2] 광명사거리 방면 승강장으로 이동 | 5. [B2] 승차 (휠체어칸)"
S1_7_0545,7호선,천왕,1,출입구-승강장,6,광역환승센터주차장 옆 엘리베이터 → 온수 방면,B1 → B2,5,1,0,"[B1] 대합실로 이동 → [B1] 표 내는 곳 통과 → 온수 방면 엘리베이터(으)로 1개 층 내려가기 (B1 → B2, 엘리베이터) → [B2] 온수 방면 승강장으로 이동 → [B2] 승차 (휠체어칸)","1. [B1] 대합실로 이동 | 2. [B1] 표 내는 곳 통과 | 3. 온수 방면 엘리베이터(으)로 1개 층 내려가기 (B1 → B2, 엘리베이터) | 4. [B2] 온수 방면 승강장으로 이동 | 5. [B2] 승차 (휠체어칸)"
S1_7_0435,7호선,온수,1,출입구-승강장,1,2번 출입구 옆 엘리베이터 → 천왕 방면,1F → B1 → B2,6,2,0,"2번 출입구 옆 엘리베이터(으)로 1개 층 내려가기 (1F → B1, 엘리베이터) → [B1] 대합실로 이동 → [B1] 표 내는 곳 통과 → 천왕 방면 엘리베이터(으)로 1개 층 내려가기 (B1 → B2, 엘리베이터) → [B2] 천왕 방면 승강장으로 이동 → [B2] 승차 (휠체어칸)","1. 2번 출입구 옆 엘리베이터(으)로 1개 층 내려가기 (1F → B1, 엘리베이터) | 2. [B1] 대합실로 이동 | 3. [B1] 표 내는 곳 통과 | 4. 천왕 방면 엘리베이터(으)로 1개 층 내려가기 (B1 → B2, 엘리베이터) | 5. [B2] 천왕 방면 승강장으로 이동 | 6. [B2] 승차 (휠체어칸)"
S1_7_0435,7호선,온수,1,출입구-승강장,2,2번 출입구 옆 엘리베이터 → 까치울 방면,1F → B1 → B2,6,2,0,"2번 출입구 옆 엘리베이터(으)로 1개 층 내려가기 (1F → B1, 엘리베이터) → [B1] 대합실로 이동 → [B1] 표 내는 곳 통과 → 까치울 방면 엘리베이터(으)로 1개 층 내려가기 (B1 → B2, 엘리베이터) → [B2] 까치울 방면 승강장으로 이동 → [B2] 승차 (휠체어칸)","1. 2번 출입구 옆 엘리베이터(으)로 1개 층 내려가기 (1F → B1, 엘리베이터) | 2. [B1] 대합실로 이동 | 3. [B1] 표 내는 곳 통과 | 4. 까치울 방면 엘리베이터(으)로 1개 층 내려가기 (B1 → B2, 엘리베이터) | 5. [B2] 까치울 방면 승강장으로 이동 | 6. [B2] 승차 (휠체어칸)"
S1_7_0435,7호선,온수,3,환승,1,7호선 천왕 방면 → 1호선 오류동 방면,B2 → B1 → 1F,6,0,0,"[B2] 7호선 천왕 방면 승강장 하차 → 1호선 환승통로 방향 휠체어리프트(으)로 1개 층 올라가기 (B2 → B1, 휠체어리프트) → [B1] 환승통로로 이동 → 1호선 오류동 방면 휠체어리프트(으)로 1개 층 올라가기 (B1 → 1F, 휠체어리프트) → [1F] 1호선 오류동 방면 승강장으로 이동 → [1F] 승차 (휠체어칸)","1. [B2] 7호선 천왕 방면 승강장 하차 | 2. 1호선 환승통로 방향 휠체어리프트(으)로 1개 층 올라가기 (B2 → B1, 휠체어리프트) | 3. [B1] 환승통로로 이동 | 4. 1호선 오류동 방면 휠체어리프트(으)로 1개 층 올라가기 (B1 → 1F, 휠체어리프트) | 5. [1F] 1호선 오류동 방면 승강장으로 이동 | 6. [1F] 승차 (휠체어칸)"
S1_7_0435,7호선,온수,3,환승,2,7호선 천왕 방면 → 1호선 역곡 방면,B2 → B1 → 1F,6,0,0,"[B2] 7호선 천왕 방면 승강장 하차 → 1호선 환승통로 방향 휠체어리프트(으)로 1개 층 올라가기 (B2 → B1, 휠체어리프트) → [B1] 환승통로로 이동 → 1호선 역곡 방면 휠체어리프트(으)로 1개 층 올라가기 (B1 → 1F, 휠체어리프트) → [1F] 1호선 역곡 방면 승강장으로 이동 → [1F] 승차 (휠체어칸)","1. [B2] 7호선 천왕 방면 승강장 하차 | 2. 1호선 환승통로 방향 휠체어리프트(으)로 1개 층 올라가기 (B2 → B1, 휠체어리프트) | 3. [B1] 환승통로로 이동 | 4. 1호선 역곡 방면 휠체어리프트(으)로 1개 층 올라가기 (B1 → 1F, 휠체어리프트) | 5. [1F] 1호선 역곡 방면 승강장으로 이동 | 6. [1F] 승차 (휠체어칸)"
S1_7_0435,7호선,온수,3,환승,3,7호선 까치울 방면 → 1호선 오류동 방면,B2 → B1 → 1F,6,0,0,"[B2] 7호선 까치울 방면 승강장 하차 → 1호선 환승통로 방향 휠체어리프트(으)로 1개 층 올라가기 (B2 → B1, 휠체어리프트) → [B1] 환승통로로 이동 → 1호선 오류동 방면 휠체어리프트(으)로 1개 층 올라가기 (B1 → 1F, 휠체어리프트) → [1F] 1호선 오류동 방면 승강장으로 이동 → [1F] 승차 (휠체어칸)","1. [B2] 7호선 까치울 방면 승강장 하차 | 2. 1호선 환승통로 방향 휠체어리프트(으)로 1개 층 올라가기 (B2 → B1, 휠체어리프트) | 3. [B1] 환승통로로 이동 | 4. 1호선 오류동 방면 휠체어리프트(으)로 1개 층 올라가기 (B1 → 1F, 휠체어리프트) | 5. [1F] 1호선 오류동 방면 승강장으로 이동 | 6. [1F] 승차 (휠체어칸)"
S1_7_0435,7호선,온수,3,환승,4,7호선 까치울 방면 → 1호선 역곡 방면,B2 → B1 → 1F,6,0,0,"[B2] 7호선 까치울 방면 승강장 하차 → 1호선 환승통로 방향 휠체어리프트(으)로 1개 층 올라가기 (B2 → B1, 휠체어리프트) → [B1] 환승통로로 이동 → 1호선 역곡 방면 휠체어리프트(으)로 1개 층 올라가기 (B1 → 1F, 휠체어리프트) → [1F] 1호선 역곡 방면 승강장으로 이동 → [1F] 승차 (휠체어칸)","1. [B2] 7호선 까치울 방면 승강장 하차 | 2. 1호선 환승통로 방향 휠체어리프트(으)로 1개 층 올라가기 (B2 → B1, 휠체어리프트) | 3. [B1] 환승통로로 이동 | 4. 1호선 역곡 방면 휠체어리프트(으)로 1개 층 올라가기 (B1 → 1F, 휠체어리프트) | 5. [1F] 1호선 역곡 방면 승강장으로 이동 | 6. [1F] 승차 (휠체어칸)"
IC_7_0101,7호선,까치울,1,출입구-승강장,1,4번 출입구 옆 엘리베이터 → 온수 방면,1F → B1 → B2,6,2,0,"4번 출입구 옆 엘리베이터(으)로 1개 층 내려가기 (1F → B1, 엘리베이터) → [B1] 대합실로 이동 → [B1] 표 내는 곳 통과 → 승강장 방향 엘리베이터(으)로 1개 층 내려가기 (B1 → B2, 엘리베이터) → [B2] 온수 방면 승강장으로 이동 → [B2] 승차 (휠체어칸)","1. 4번 출입구 옆 엘리베이터(으)로 1개 층 내려가기 (1F → B1, 엘리베이터) | 2. [B1] 대합실로 이동 | 3. [B1] 표 내는 곳 통과 | 4. 승강장 방향 엘리베이터(으)로 1개 층 내려가기 (B1 → B2, 엘리베이터) | 5. [B2] 온수 방면 승강장으로 이동 | 6. [B2] 승차 (휠체어칸)"
IC_7_0101,7호선,까치울,1,출입구-승강장,2,4번 출입구 옆 엘리베이터 → 부천종합운동장 방면,1F → B1 → B2,6,2,0,"4번 출입구 옆 엘리베이터(으)로 1개 층 내려가기 (1F → B1, 엘리베이터) → [B1] 대합실로 이동 → [B1] 표 내는 곳 통과 → 승강장 방향 엘리베이터(으)로 1개 층 내려가기 (B1 → B2, 엘리베이터) → [B2] 부천종합운동장 방면 승강장으로 이동 → [B2] 승차 (휠체어칸)","1. 4번 출입구 옆 엘리베이터(으)로 1개 층 내려가기 (1F → B1, 엘리베이터) | 2. [B1] 대합실로 이동 | 3. [B1] 표 내는 곳 통과 | 4. 승강장 방향 엘리베이터(으)로 1개 층 내려가기 (B1 → B2, 엘리베이터) | 5. [B2] 부천종합운동장 방면 승강장으로 이동 | 6. [B2] 승차 (휠체어칸)"
IC_7_0248,7호선,부천종합운동장,1,출입구-승강장,1,2번 출입구 옆 엘리베이터 → 까치울 방면,1F → B1 → B2,6,2,0,"2번 출입구 옆 엘리베이터(으)로 1개 층 내려가기 (1F → B1, 엘리베이터) → [B1] 대합실로 이동 → [B1] 표 내는 곳 통과 → 승강장 방향 엘리베이터(으)로 1개 층 내려가기 (B1 → B2, 엘리베이터) → [B2] 까치울 방면 승강장으로 이동 → [B2] 승차 (휠체어칸)","1. 2번 출입구 옆 엘리베이터(으)로 1개 층 내려가기 (1F → B1, 엘리베이터) | 2. [B1] 대합실로 이동 | 3. [B1] 표 내는 곳 통과 | 4. 승강장 방향 엘리베이터(으)로 1개 층 내려가기 (B1 → B2, 엘리베이터) | 5. [B2] 까치울 방면 승강장으로 이동 | 6. [B2] 승차 (휠체어칸)"
IC_7_0248,7호선,부천종합운동장,1,출입구-승강장,2,2번 출입구 옆 엘리베이터 → 춘의 방면,1F → B1 → B2,6,2,0,"2번 출입구 옆 엘리베이터(으)로 1개 층 내려가기 (1F → B1, 엘리베이터) → [B1] 대합실로 이동 → [B1] 표 내는 곳 통과 → 승강장 방향 엘리베이터(으)로 1개 층 내려가기 (B1 → B2, 엘리베이터) → [B2] 춘의 방면 승강장으로 이동 → [B2] 승차 (휠체어칸)","1. 2번 출입구 옆 엘리베이터(으)로 1개 층 내려가기 (1F → B1, 엘리베이터) | 2. [B1] 대합실로 이동 | 3. [B1] 표 내는 곳 통과 | 4. 승강장 방향 엘리베이터(으)로 1개 층 내려가기 (B1 → B2, 엘리베이터) | 5. [B2] 춘의 방면 승강장으로 이동 | 6. [B2] 승차 (휠체어칸)"
IC_7_0248,7호선,부천종합운동장,1,출입구-승강장,3,4번 출입구 옆 엘리베이터 → 까치울 방면,1F → B1 → B2,6,2,0,"4번 출입구 옆 엘리베이터(으)로 1개 층 내려가기 (1F → B1, 엘리베이터) → [B1] 대합실로 이동 → [B1] 표 내는 곳 통과 → 승강장 방향 엘리베이터(으)로 1개 층 내려가기 (B1 → B2, 엘리베이터) → [B2] 까치울 방면 승강장으로 이동 → [B2] 승차 (휠체어칸)","1. 4번 출입구 옆 엘리베이터(으)로 1개 층 내려가기 (1F → B1, 엘리베이터) | 2. [B1] 대합실로 이동 | 3. [B1] 표 내는 곳 통과 | 4. 승강장 방향 엘리베이터(으)로 1개 층 내려가기 (B1 → B2, 엘리베이터) | 5. [B2] 까치울 방면 승강장으로 이동 | 6. [B2] 승차 (휠체어칸)"
IC_7_0248,7호선,부천종합운동장,1,출입구-승강장,4,4번 출입구 옆 엘리베이터 → 춘의 방면,1F → B1 → B2,6,2,0,"4번 출입구 옆 엘리베이터(으)로 1개 층 내려가기 (1F → B1, 엘리베이터) → [B1] 대합실로 이동 → [B1] 표 내는 곳 통과 → 승강장 방향 엘리베이터(으)로 1개 층 내려가기 (B1 → B2, 엘리베이터) → [B2] 춘의 방면 승강장으로 이동 → [B2] 승차 (휠체어칸)","1. 4번 출입구 옆 엘리베이터(으)로 1개 층 내려가기 (1F → B1, 엘리베이터) | 2. [B1] 대합실로 이동 | 3. [B1] 표 내는 곳 통과 | 4. 승강장 방향 엘리베이터(으)로 1개 층 내려가기 (B1 → B2, 엘리베이터) | 5. [B2] 춘의 방면 승강장으로 이동 | 6. [B2] 승차 (휠체어칸)"
IC_7_0561,7호선,춘의,1,출입구-승강장,1,3번 출입구 옆 엘리베이터 → 부천종합운동장 방면,1F → B1 → B2,6,2,0,"3번 출입구 옆 엘리베이터(으)로 1개 층 내려가기 (1F → B1, 엘리베이터) → [B1] 대합실로 이동 → [B1] 표 내는 곳 통과 → 승강장 방향 엘리베이터(으)로 1개 층 내려가기 (B1 → B2, 엘리베이터) → [B2] 부천종합운동장 방면 승강장으로 이동 → [B2] 승차 (휠체어칸)","1. 3번 출입구 옆 엘리베이터(으)로 1개 층 내려가기 (1F → B1, 엘리베이터) | 2. [B1] 대합실로 이동 | 3. [B1] 표 내는 곳 통과 | 4. 승강장 방향 엘리베이터(으)로 1개 층 내려가기 (B1 → B2, 엘리베이터) | 5. [B2] 부천종합운동장 방면 승강장으로 이동 | 6. [B2] 승차 (휠체어칸)"
IC_7_0561,7호선,춘의,1,출입구-승강장,2,3번 출입구 옆 엘리베이터 → 신중동 방면,1F → B1 → B2,6,2,0,"3번 출입구 옆 엘리베이터(으)로 1개 층 내려가기 (1F → B1, 엘리베이터) → [B1] 대합실로 이동 → [B1] 표 내는 곳 통과 → 승강장 방향 엘리베이터(으)로 1개 층 내려가기 (B1 → B2, 엘리베이터) → [B2] 신중동 방면 승강장으로 이동 → [B2] 승차 (휠체어칸)","1. 3번 출입구 옆 엘리베이터(으)로 1개 층 내려가기 (1F → B1, 엘리베이터) | 2. [B1] 대합실로 이동 | 3. [B1] 표 내는 곳 통과 | 4. 승강장 방향 엘리베이터(으)로 1개 층 내려가기 (B1 → B2, 엘리베이터) | 5. [B2] 신중동 방면 승강장으로 이동 | 6. [B2] 승차 (휠체어칸)"
IC_7_0561,7호선,춘의,1,출입구-승강장,3,7번 출입구 옆 엘리베이터 → 부천종합운동장 방면,1F → B1 → B2,6,2,0,"7번 출입구 옆 엘리베이터(으)로 1개 층 내려가기 (1F → B1, 엘리베이터) → [B1] 대합실로 이동 → [B1] 표 내는 곳 통과 → 승강장 방향 엘리베이터(으)로 1개 층 내려가기 (B1 → B2, 엘리베이터) → [B2] 부천종합운동장 방면 승강장으로 이동 → [B2] 승차 (휠체어칸)","1. 7번 출입구 옆 엘리베이터(으)로 1개 층 내려가기 (1F → B1, 엘리베이터) | 2. [B1] 대합실로 이동 | 3. [B1] 표 내는 곳 통과 | 4. 승강장 방향 엘리베이터(으)로 1개 층 내려가기 (B1 → B2, 엘리베이터) | 5. [B2] 부천종합운동장 방면 승강장으로 이동 | 6. [B2] 승차 (휠체어칸)"
IC_7_0561,7호선,춘의,1,출입구-승강장,4,7번 출입구 옆 엘리베이터 → 신중동 방면,1F → B1 → B2,6,2,0,"7번 출입구 옆 엘리베이터(으)로 1개 층 내려가기 (1F → B1, 엘리베이터) → [B1] 대합실로 이동 → [B1] 표 내는 곳 통과 → 승강장 방향 엘리베이터(으)로 1개 층 내려가기 (B1 → B2, 엘리베이터) → [B2] 신중동 방면 승강장으로 이동 → [B2] 승차 (휠체어칸)","1. 7번 출입구 옆 엘리베이터(으)로 1개 층 내려가기 (1F → B1, 엘리베이터) | 2. [B1] 대합실로 이동 | 3. [B1] 표 내는 곳 통과 | 4. 승강장 방향 엘리베이터(으)로 1개 층 내려가기 (B1 → B2, 엘리베이터) | 5. [B2] 신중동 방면 승강장으로 이동 | 6. [B2] 승차 (휠체어칸)"
IC_7_0374,7호선,신중동,1,출입구-승강장,1,1번 출입구 옆 엘리베이터 → 춘의 방면,1F → B1 → B2,6,2,0,"1번 출입구 옆 엘리베이터(으)로 1개 층 내려가기 (1F → B1, 엘리베이터) → [B1] 대합실로 이동 → [B1] 표 내는 곳 통과 → 승강장 방향 엘리베이터(으)로 1개 층 내려가기 (B1 → B2, 엘리베이터) → [B2] 춘의 방면 승강장으로 이동 → [B2] 승차 (휠체어칸)","1. 1번 출입구 옆 엘리베이터(으)로 1개 층 내려가기 (1F → B1, 엘리베이터) | 2. [B1] 대합실로 이동 | 3. [B1] 표 내는 곳 통과 | 4. 승강장 방향 엘리베이터(으)로 1개 층 내려가기 (B1 → B2, 엘리베이터) | 5. [B2] 춘의 방면 승강장으로 이동 | 6. [B2] 승차 (휠체어칸)"
IC_7_0374,7호선,신중동,1,출입구-승강장,2,1번 출입구 옆 엘리베이터 → 부천시장 방면,1F → B1 → B2,6,2,0,"1번 출입구 옆 엘리베이터(으)로 1개 층 내려가기 (1F → B1, 엘리베이터) → [B1] 대합실로 이동 → [B1] 표 내는 곳 통과 → 승강장 방향 엘리베이터(으)로 1개 층 내려가기 (B1 → B2, 엘리베이터) → [B2] 부천시장 방면 승강장으로 이동 → [B2] 승차 (휠체어칸)","1. 1번 출입구 옆 엘리베이터(으)로 1개 층 내려가기 (1F → B1, 엘리베이터) | 2. [B1] 대합실로 이동 | 3. [B1] 표 내는 곳 통과 | 4. 승강장 방향 엘리베이터(으)로 1개 층 내려가기 (B1 → B2, 엘리베이터) | 5. [B2] 부천시장 방면 승강장으로 이동 | 6. [B2] 승차 (휠체어칸)"
IC_7_0374,7호선,신중동,1,출입구-승강장,3,3번 출입구 옆 엘리베이터 → 춘의 방면,1F → B1 → B2,6,2,0,"3번 출입구 옆 엘리베이터(으)로 1개 층 내려가기 (1F → B1, 엘리베이터) → [B1] 대합실로 이동 → [B1] 표 내는 곳 통과 → 승강장 방향 엘리베이터(으)로 1개 층 내려가기 (B1 → B2, 엘리베이터) → [B2] 춘의 방면 승강장으로 이동 → [B2] 승차 (휠체어칸)","1. 3번 출입구 옆 엘리베이터(으)로 1개 층 내려가기 (1F → B1, 엘리베이터) | 2. [B1] 대합실로 이동 | 3. [B1] 표 내는 곳 통과 | 4. 승강장 방향 엘리베이터(으)로 1개 층 내려가기 (B1 → B2, 엘리베이터) | 5. [B2] 춘의 방면 승강장으로 이동 | 6. [B2] 승차 (휠체어칸)"
IC_7_0374,7호선,신중동,1,출입구-승강장,4,3번 출입구 옆 엘리베이터 → 부천시장 방면,1F → B1 → B2,6,2,0,"3번 출입구 옆 엘리베이터(으)로 1개 층 내려가기 (1F → B1, 엘리베이터) → [B1] 대합실로 이동 → [B1] 표 내는 곳 통과 → 승강장 방향 엘리베이터(으)로 1개 층 내려가기 (B1 → B2, 엘리베이터) → [B2] 부천시장 방면 승강장으로 이동 → [B2] 승차 (휠체어칸)","1. 3번 출입구 옆 엘리베이터(으)로 1개 층 내려가기 (1F → B1, 엘리베이터) | 2. [B1] 대합실로 이동 | 3. [B1] 표 내는 곳 통과 | 4. 승강장 방향 엘리베이터(으)로 1개 층 내려가기 (B1 → B2, 엘리베이터) | 5. [B2] 부천시장 방면 승강장으로 이동 | 6. [B2] 승차 (휠체어칸)"
IC_7_0374,7호선,신중동,1,출입구-승강장,5,7번 출입구 옆 엘리베이터 → 춘의 방면,1F → B1 → B2,6,2,0,"7번 출입구 옆 엘리베이터(으)로 1개 층 내려가기 (1F → B1, 엘리베이터) → [B1] 대합실로 이동 → [B1] 표 내는 곳 통과 → 승강장 방향 엘리베이터(으)로 1개 층 내려가기 (B1 → B2, 엘리베이터) → [B2] 춘의 방면 승강장으로 이동 → [B2] 승차 (휠체어칸)","1. 7번 출입구 옆 엘리베이터(으)로 1개 층 내려가기 (1F → B1, 엘리베이터) | 2. [B1] 대합실로 이동 | 3. [B1] 표 내는 곳 통과 | 4. 승강장 방향 엘리베이터(으)로 1개 층 내려가기 (B1 → B2, 엘리베이터) | 5. [B2] 춘의 방면 승강장으로 이동 | 6. [B2] 승차 (휠체어칸)"
IC_7_0374,7호선,신중동,1,출입구-승강장,6,7번 출입구 옆 엘리베이터 → 부천시장 방면,1F → B1 → B2,6,2,0,"7번 출입구 옆 엘리베이터(으)로 1개 층 내려가기 (1F → B1, 엘리베이터) → [B1] 대합실로 이동 → [B1] 표 내는 곳 통과 → 승강장 방향 엘리베이터(으)로 1개 층 내려가기 (B1 → B2, 엘리베이터) → [B2] 부천시장 방면 승강장으로 이동 → [B2] 승차 (휠체어칸)","1. 7번 출입구 옆 엘리베이터(으)로 1개 층 내려가기 (1F → B1, 엘리베이터) | 2. [B1] 대합실로 이동 | 3. [B1] 표 내는 곳 통과 | 4. 승강장 방향 엘리베이터(으)로 1개 층 내려가기 (B1 → B2, 엘리베이터) | 5. [B2] 부천시장 방면 승강장으로 이동 | 6. [B2] 승차 (휠체어칸)"
IC_7_0247,7호선,부천시청,1,출입구-승강장,1,1번 출입구 옆 엘리베이터 → 신중동 방면,1F → B1 → B2,6,2,0,"1번 출입구 옆 엘리베이터(으)로 1개 층 내려가기 (1F → B1, 엘리베이터) → [B1] 대합실로 이동 → [B1] 표 내는 곳 통과 → 승강장 방향 엘리베이터(으)로 1개 층 내려가기 (B1 → B2, 엘리베이터) → [B2] 신중동 방면 승강장으로 이동 → [B2] 승차 (휠체어칸)","1. 1번 출입구 옆 엘리베이터(으)로 1개 층 내려가기 (1F → B1, 엘리베이터) | 2. [B1] 대합실로 이동 | 3. [B1] 표 내는 곳 통과 | 4. 승강장 방향 엘리베이터(으)로 1개 층 내려가기 (B1 → B2, 엘리베이터) | 5. [B2] 신중동 방면 승강장으로 이동 | 6. [B2] 승차 (휠체어칸)"
IC_7_0247,7호선,부천시청,1,출입구-승강장,2,1번 출입구 옆 엘리베이터 → 상동 방면,1F → B1 → B2,6,2,0,"1번 출입구 옆 엘리베이터(으)로 1개 층 내려가기 (1F → B1, 엘리베이터) → [B1] 대합실로 이동 → [B1] 표 내는 곳 통과 → 승강장 방향 엘리베이터(으)로 1개 층 내려가기 (B1 → B2, 엘리베이터) → [B2] 상동 방면 승강장으로 이동 → [B2] 승차 (휠체어칸)","1. 1번 출입구 옆 엘리베이터(으)로 1개 층 내려가기 (1F → B1, 엘리베이터) | 2. [B1] 대합실로 이동 | 3. [B1] 표 내는 곳 통과 | 4. 승강장 방향 엘리베이터(으)로 1개 층 내려가기 (B1 → B2, 엘리베이터) | 5. [B2] 상동 방면 승강장으로 이동 | 6. [B2] 승차 (휠체어칸)"
IC_7_0247,7호선,부천시청,1,출입구-승강장,3,4번 출입구 옆 엘리베이터 → 신중동 방면,1F → B1 → B2,6,2,0,"4번 출입구 옆 엘리베이터(으)로 1개 층 내려가기 (1F → B1, 엘리베이터) → [B1] 대합실로 이동 → [B1] 표 내는 곳 통과 → 승강장 방향 엘리베이터(으)로 1개 층 내려가기 (B1 → B2, 엘리베이터) → [B2] 신중동 방면 승강장으로 이동 → [B2] 승차 (휠체어칸)","1. 4번 출입구 옆 엘리베이터(으)로 1개 층 내려가기 (1F → B1, 엘리베이터) | 2. [B1] 대합실로 이동 | 3. [B1] 표 내는 곳 통과 | 4. 승강장 방향 엘리베이터(으)로 1개 층 내려가기 (B1 → B2, 엘리베이터) | 5. [B2] 신중동 방면 승강장으로 이동 | 6. [B2] 승차 (휠체어칸)"
IC_7_0247,7호선,부천시청,1,출입구-승강장,4,4번 출입구 옆 엘리베이터 → 상동 방면,1F → B1 → B2,6,2,0,"4번 출입구 옆 엘리베이터(으)로 1개 층 내려가기 (1F → B1, 엘리베이터) → [B1] 대합실로 이동 → [B1] 표 내는 곳 통과 → 승강장 방향 엘리베이터(으)로 1개 층 내려가기 (B1 → B2, 엘리베이터) → [B2] 상동 방면 승강장으로 이동 → [B2] 승차 (휠체어칸)","1. 4번 출입구 옆 엘리베이터(으)로 1개 층 내려가기 (1F → B1, 엘리베이터) | 2. [B1] 대합실로 이동 | 3. [B1] 표 내는 곳 통과 | 4. 승강장 방향 엘리베이터(으)로 1개 층 내려가기 (B1 → B2, 엘리베이터) | 5. [B2] 상동 방면 승강장으로 이동 | 6. [B2] 승차 (휠체어칸)"
IC_7_0274,7호선,상동,1,출입구-승강장,1,2번 출입구 옆 엘리베이터 → 부천시청 방면,1F → B1 → B2,6,2,0,"2번 출입구 옆 엘리베이터(으)로 1개 층 내려가기 (1F → B1, 엘리베이터) → [B1] 대합실로 이동 → [B1] 표 내는 곳 통과 → 부천시청 방면 엘리베이터(으)로 1개 층 내려가기 (B1 → B2, 엘리베이터) → [B2] 부천시청 방면 승강장으로 이동 → [B2] 승차 (휠체어칸)","1. 2번 출입구 옆 엘리베이터(으)로 1개 층 내려가기 (1F → B1, 엘리베이터) | 2. [B1] 대합실로 이동 | 3. [B1] 표 내는 곳 통과 | 4. 부천시청 방면 엘리베이터(으)로 1개 층 내려가기 (B1 → B2, 엘리베이터) | 5. [B2] 부천시청 방면 승강장으로 이동 | 6. [B2] 승차 (휠체어칸)"
IC_7_0274,7호선,상동,1,출입구-승강장,2,2번 출입구 옆 엘리베이터 → 삼산체육관 방면,1F → B1 → B2,6,2,0,"2번 출입구 옆 엘리베이터(으)로 1개 층 내려가기 (1F → B1, 엘리베이터) → [B1] 대합실로 이동 → [B1] 표 내는 곳 통과 → 삼산체육관 방면 엘리베이터(으)로 1개 층 내려가기 (B1 → B2, 엘리베이터) → [B2] 삼산체육관 방면 승강장으로 이동 → [B2] 승차 (휠체어칸)","1. 2번 출입구 옆 엘리베이터(으)로 1개 층 내려가기 (1F → B1, 엘리베이터) | 2. [B1] 대합실로 이동 | 3. [B1] 표 내는 곳 통과 | 4. 삼산체육관 방면 엘리베이터(으)로 1개 층 내려가기 (B1 → B2, 엘리베이터) | 5. [B2] 삼산체육관 방면 승강장으로 이동 | 6. [B2] 승차 (휠체어칸)"
IC_7_0274,7호선,상동,1,출입구-승강장,3,5번 출입구 옆 엘리베이터 → 부천시청 방면,1F → B1 → B2,6,2,0,"5번 출입구 옆 엘리베이터(으)로 1개 층 내려가기 (1F → B1, 엘리베이터) → [B1] 대합실로 이동 → [B1] 표 내는 곳 통과 → 부천시청 방면 엘리베이터(으)로 1개 층 내려가기 (B1 → B2, 엘리베이터) → [B2] 부천시청 방면 승강장으로 이동 → [B2] 승차 (휠체어칸)","1. 5번 출입구 옆 엘리베이터(으)로 1개 층 내려가기 (1F → B1, 엘리베이터) | 2. [B1] 대합실로 이동 | 3. [B1] 표 내는 곳 통과 | 4. 부천시청 방면 엘리베이터(으)로 1개 층 내려가기 (B1 → B2, 엘리베이터) | 5. [B2] 부천시청 방면 승강장으로 이동 | 6. [B2] 승차 (휠체어칸)"
IC_7_0274,7호선,상동,1,출입구-승강장,4,5번 출입구 옆 엘리베이터 → 삼산체육관 방면,1F → B1 → B2,6,2,0,"5번 출입구 옆 엘리베이터(으)로 1개 층 내려가기 (1F → B1, 엘리베이터) → [B1] 대합실로 이동 → [B1] 표 내는 곳 통과 → 삼산체육관 방면 엘리베이터(으)로 1개 층 내려가기 (B1 → B2, 엘리베이터) → [B2] 삼산체육관 방면 승강장으로 이동 → [B2] 승차 (휠체어칸)","1. 5번 출입구 옆 엘리베이터(으)로 1개 층 내려가기 (1F → B1, 엘리베이터) | 2. [B1] 대합실로 이동 | 3. [B1] 표 내는 곳 통과 | 4. 삼산체육관 방면 엘리베이터(으)로 1개 층 내려가기 (B1 → B2, 엘리베이터) | 5. [B2] 삼산체육관 방면 승강장으로 이동 | 6. [B2] 승차 (휠체어칸)"
IC_7_0265,7호선,삼산체육관,1,출입구-승강장,1,2번 출입구 옆 엘리베이터 → 상동 방면,1F → B1 → B2,6,2,0,"2번 출입구 옆 엘리베이터(으)로 1개 층 내려가기 (1F → B1, 엘리베이터) → [B1] 대합실로 이동 → [B1] 표 내는 곳 통과 → 상동 방면 엘리베이터(으)로 1개 층 내려가기 (B1 → B2, 엘리베이터) → [B2] 상동 방면 승강장으로 이동 → [B2] 승차 (휠체어칸)","1. 2번 출입구 옆 엘리베이터(으)로 1개 층 내려가기 (1F → B1, 엘리베이터) | 2. [B1] 대합실로 이동 | 3. [B1] 표 내는 곳 통과 | 4. 상동 방면 엘리베이터(으)로 1개 층 내려가기 (B1 → B2, 엘리베이터) | 5. [B2] 상동 방면 승강장으로 이동 | 6. [B2] 승차 (휠체어칸)"
IC_7_0265,7호선,삼산체육관,1,출입구-승강장,2,2번 출입구 옆 엘리베이터 → 굴포천 방면,1F → B1 → B2,6,2,0,"2번 출입구 옆 엘리베이터(으)로 1개 층 내려가기 (1F → B1, 엘리베이터) → [B1] 대합실로 이동 → [B1] 표 내는 곳 통과 → 굴포천 방면 엘리베이터(으)로 1개 층 내려가기 (B1 → B2, 엘리베이터) → [B2] 굴포천 방면 승강장으로 이동 → [B2] 승차 (휠체어칸)","1. 2번 출입구 옆 엘리베이터(으)로 1개 층 내려가기 (1F → B1, 엘리베이터) | 2. [B1] 대합실로 이동 | 3. [B1] 표 내는 곳 통과 | 4. 굴포천 방면 엘리베이터(으)로 1개 층 내려가기 (B1 → B2, 엘리베이터) | 5. [B2] 굴포천 방면 승강장으로 이동 | 6. [B2] 승차 (휠체어칸)"
IC_7_0265,7호선,삼산체육관,1,출입구-승강장,3,3번 출입구 옆 엘리베이터 → 상동 방면,1F → B1 → B2,6,2,0,"3번 출입구 옆 엘리베이터(으)로 1개 층 내려가기 (1F → B1, 엘리베이터) → [B1] 대합실로 이동 → [B1] 표 내는 곳 통과 → 상동 방면 엘리베이터(으)로 1개 층 내려가기 (B1 → B2, 엘리베이터) → [B2] 상동 방면 승강장으로 이동 → [B2] 승차 (휠체어칸)","1. 3번 출입구 옆 엘리베이터(으)로 1개 층 내려가기 (1F → B1, 엘리베이터) | 2. [B1] 대합실로 이동 | 3. [B1] 표 내는 곳 통과 | 4. 상동 방면 엘리베이터(으)로 1개 층 내려가기 (B1 → B2, 엘리베이터) | 5. [B2] 상동 방면 승강장으로 이동 | 6. [B2] 승차 (휠체어칸)"
IC_7_0265,7호선,삼산체육관,1,출입구-승강장,4,3번 출입구 옆 엘리베이터 → 굴포천 방면,1F → B1 → B2,6,2,0,"3번 출입구 옆 엘리베이터(으)로 1개 층 내려가기 (1F → B1, 엘리베이터) → [B1] 대합실로 이동 → [B1] 표 내는 곳 통과 → 굴포천 방면 엘리베이터(으)로 1개 층 내려가기 (B1 → B2, 엘리베이터) → [B2] 굴포천 방면 승강장으로 이동 → [B2] 승차 (휠체어칸)","1. 3번 출입구 옆 엘리베이터(으)로 1개 층 내려가기 (1F → B1, 엘리베이터) | 2. [B1] 대합실로 이동 | 3. [B1] 표 내는 곳 통과 | 4. 굴포천 방면 엘리베이터(으)로 1개 층 내려가기 (B1 → B2, 엘리베이터) | 5. [B2] 굴포천 방면 승강장으로 이동 | 6. [B2] 승차 (휠체어칸)"
IC_7_0085,7호선,굴포천,1,출입구-승강장,1,3번 출입구 옆 엘리베이터 → 삼산체육관 방면,1F → B1 → B2,6,2,0,"3번 출입구 옆 엘리베이터(으)로 1개 층 내려가기 (1F → B1, 엘리베이터) → [B1] 대합실로 이동 → [B1] 표 내는 곳 통과 → 삼산체육관 방면 엘리베이터(으)로 1개 층 내려가기 (B1 → B2, 엘리베이터) → [B2] 삼산체육관 방면 승강장으로 이동 → [B2] 승차 (휠체어칸)","1. 3번 출입구 옆 엘리베이터(으)로 1개 층 내려가기 (1F → B1, 엘리베이터) | 2. [B1] 대합실로 이동 | 3. [B1] 표 내는 곳 통과 | 4. 삼산체육관 방면 엘리베이터(으)로 1개 층 내려가기 (B1 → B2, 엘리베이터) | 5. [B2] 삼산체육관 방면 승강장으로 이동 | 6. [B2] 승차 (휠체어칸)"
IC_7_0085,7호선,굴포천,1,출입구-승강장,2,3번 출입구 옆 엘리베이터 → 부평구청 방면,1F → B1 → B2,6,2,0,"3번 출입구 옆 엘리베이터(으)로 1개 층 내려가기 (1F → B1, 엘리베이터) → [B1] 대합실로 이동 → [B1] 표 내는 곳 통과 → 부평구청 방면 엘리베이터(으)로 1개 층 내려가기 (B1 → B2, 엘리베이터) → [B2] 부평구청 방면 승강장으로 이동 → [B2] 승차 (휠체어칸)","1. 3번 출입구 옆 엘리베이터(으)로 1개 층 내려가기 (1F → B1, 엘리베이터) | 2. [B1] 대합실로 이동 | 3. [B1] 표 내는 곳 통과 | 4. 부평구청 방면 엘리베이터(으)로 1개 층 내려가기 (B1 → B2, 엘리베이터) | 5. [B2] 부평구청 방면 승강장으로 이동 | 6. [B2] 승차 (휠체어칸)"
IC_7_0085,7호선,굴포천,1,출입구-승강장,3,5번 출입구 옆 엘리베이터 → 삼산체육관 방면,1F → B1 → B2,6,2,0,"5번 출입구 옆 엘리베이터(으)로 1개 층 내려가기 (1F → B1, 엘리베이터) → [B1] 대합실로 이동 → [B1] 표 내는 곳 통과 → 삼산체육관 방면 엘리베이터(으)로 1개 층 내려가기 (B1 → B2, 엘리베이터) → [B2] 삼산체육관 방면 승강장으로 이동 → [B2] 승차 (휠체어칸)","1. 5번 출입구 옆 엘리베이터(으)로 1개 층 내려가기 (1F → B1, 엘리베이터) | 2. [B1] 대합실로 이동 | 3. [B1] 표 내는 곳 통과 | 4. 삼산체육관 방면 엘리베이터(으)로 1개 층 내려가기 (B1 → B2, 엘리베이터) | 5. [B2] 삼산체육관 방면 승강장으로 이동 | 6. [B2] 승차 (휠체어칸)"
IC_7_0085,7호선,굴포천,1,출입구-승강장,4,5번 출입구 옆 엘리베이터 → 부평구청 방면,1F → B1 → B2,6,2,0,"5번 출입구 옆 엘리베이터(으)로 1개 층 내려가기 (1F → B1, 엘리베이터) → [B1] 대합실로 이동 → [B1] 표 내는 곳 통과 → 부평구청 방면 엘리베이터(으)로 1개 층 내려가기 (B1 → B2, 엘리베이터) → [B2] 부평구청 방면 승강장으로 이동 → [B2] 승차 (휠체어칸)","1. 5번 출입구 옆 엘리베이터(으)로 1개 층 내려가기 (1F → B1, 엘리베이터) | 2. [B1] 대합실로 이동 | 3. [B1] 표 내는 곳 통과 | 4. 부평구청 방면 엘리베이터(으)로 1개 층 내려가기 (B1 → B2, 엘리베이터) | 5. [B2] 부평구청 방면 승강장으로 이동 | 6. [B2] 승차 (휠체어칸)"
IC_7_0250,7호선,부평구청,1,출입구-승강장,1,3번 출입구 옆 엘리베이터 → 굴포천 방면,1F → B1 → B2 → B3,8,3,0,"3번 출입구 옆 엘리베이터(으)로 1개 층 내려가기 (1F → B1, 엘리베이터) → [B1] 대합실로 이동 → [B1] 표 내는 곳 통과 → 엘리베이터(으)로 1개 층 내려가기 (B1 → B2, 엘리베이터) → [B2] 대합실로 이동 → 굴포천 방면 엘리베이터(으)로 1개 층 내려가기 (B2 → B3, 엘리베이터) → [B3] 굴포천 방면 승강장으로 이동 → [B3] 승차 (휠체어칸)","1. 3번 출입구 옆 엘리베이터(으)로 1개 층 내려가기 (1F → B1, 엘리베이터) | 2. [B1] 대합실로 이동 | 3. [B1] 표 내는 곳 통과 | 4. 엘리베이터(으)로 1개 층 내려가기 (B1 → B2, 엘리베이터) | 5. [B2] 대합실로 이동 | 6. 굴포천 방면 엘리베이터(으)로 1개 층 내려가기 (B2 → B3, 엘리베이터) | 7. [B3] 굴포천 방면 승강장으로 이동 | 8. [B3] 승차 (휠체어칸)"
IC_7_0250,7호선,부평구청,1,출입구-승강장,2,3번 출입구 옆 엘리베이터 → 산곡 방면,1F → B1 → B3,6,2,0,"3번 출입구 옆 엘리베이터(으)로 1개 층 내려가기 (1F → B1, 엘리베이터) → [B1] 대합실로 이동 → [B1] 표 내는 곳 통과 → 엘리베이터(으)로 2개 층 내려가기 (B1 → B3, 엘리베이터) → [B3] 산곡 방면 승강장으로 이동 → [B3] 승차 (휠체어칸)","1. 3번 출입구 옆 엘리베이터(으)로 1개 층 내려가기 (1F → B1, 엘리베이터) | 2. [B1] 대합실로 이동 | 3. [B1] 표 내는 곳 통과 | 4. 엘리베이터(으)로 2개 층 내려가기 (B1 → B3, 엘리베이터) | 5. [B3] 산곡 방면 승강장으로 이동 | 6. [B3] 승차 (휠체어칸)"
IC_7_0250,7호선,부평구청,1,출입구-승강장,3,5번 출입구 옆 엘리베이터 → 굴포천 방면,1F → B1 → B2 → B3,8,3,0,"5번 출입구 옆 엘리베이터(으)로 1개 층 내려가기 (1F → B1, 엘리베이터) → [B1] 대합실로 이동 → [B1] 표 내는 곳 통과 → 엘리베이터(으)로 1개 층 내려가기 (B1 → B2, 엘리베이터) → [B2] 대합실로 이동 → 굴포천 방면 엘리베이터(으)로 1개 층 내려가기 (B2 → B3, 엘리베이터) → [B3] 굴포천 방면 승강장으로 이동 → [B3] 승차 (휠체어칸)","1. 5번 출입구 옆 엘리베이터(으)로 1개 층 내려가기 (1F → B1, 엘리베이터) | 2. [B1] 대합실로 이동 | 3. [B1] 표 내는 곳 통과 | 4. 엘리베이터(으)로 1개 층 내려가기 (B1 → B2, 엘리베이터) | 5. [B2] 대합실로 이동 | 6. 굴포천 방면 엘리베이터(으)로 1개 층 내려가기 (B2 → B3, 엘리베이터) | 7. [B3] 굴포천 방면 승강장으로 이동 | 8. [B3] 승차 (휠체어칸)"
IC_7_0250,7호선,부평구청,1,출입구-승강장,4,5번 출입구 옆 엘리베이터 → 산곡 방면,1F → B1 → B3,6,2,0,"5번 출입구 옆 엘리베이터(으)로 1개 층 내려가기 (1F → B1, 엘리베이터) → [B1] 대합실로 이동 → [B1] 표 내는 곳 통과 → 엘리베이터(으)로 2개 층 내려가기 (B1 → B3, 엘리베이터) → [B3] 산곡 방면 승강장으로 이동 → [B3] 승차 (휠체어칸)","1. 5번 출입구 옆 엘리베이터(으)로 1개 층 내려가기 (1F → B1, 엘리베이터) | 2. [B1] 대합실로 이동 | 3. [B1] 표 내는 곳 통과 | 4. 엘리베이터(으)로 2개 층 내려가기 (B1 → B3, 엘리베이터) | 5. [B3] 산곡 방면 승강장으로 이동 | 6. [B3] 승차 (휠체어칸)"
IC_7_0250,7호선,부평구청,3,환승,1,7호선 굴포천 방면 → 인천1호선 갈산 방면,B3 → B2,6,1,0,"[B3] 7호선 굴포천 방면 승강장 하차 → 대합실 방향 엘리베이터(으)로 1개 층 올라가기 (B3 → B2, 엘리베이터) → [B2] 대합실로 이동 → [B2] 인천1호선 갈산 방면 승강장으로 이동 → [B2] 승차 (휠체어칸) → 인천1호선 갈산 방면 환승 엘리베이터 이용 (엘리베이터)","1. [B3] 7호선 굴포천 방면 승강장 하차 | 2. 대합실 방향 엘리베이터(으)로 1개 층 올라가기 (B3 → B2, 엘리베이터) | 3. [B2] 대합실로 이동 | 4. [B2] 인천1호선 갈산 방면 승강장으로 이동 | 5. [B2] 승차 (휠체어칸) | 6. 인천1호선 갈산 방면 환승 엘리베이터 이용 (엘리베이터)"
IC_7_0250,7호선,부평구청,3,환승,2,7호선 굴포천 방면 → 인천1호선 부평시장 방면,B3 → B2,6,1,0,"[B3] 7호선 굴포천 방면 승강장 하차 → 인천1호선 부평시장 방면 환승통로 방향 엘리베이터(으)로 1개 층 올라가기 (B3 → B2, 엘리베이터) → [B2] 환승통로로 이동 → [B2] 인천1호선 부평시장 방면 승강장으로 이동 → [B2] 승차 (휠체어칸) → 인천1호선 부평시장 방면 엘리베이터 이용 (엘리베이터)","1. [B3] 7호선 굴포천 방면 승강장 하차 | 2. 인천1호선 부평시장 방면 환승통로 방향 엘리베이터(으)로 1개 층 올라가기 (B3 → B2, 엘리베이터) | 3. [B2] 환승통로로 이동 | 4. [B2] 인천1호선 부평시장 방면 승강장으로 이동 | 5. [B2] 승차 (휠체어칸) | 6. 인천1호선 부평시장 방면 엘리베이터 이용 (엘리베이터)"
IC_7_0250,7호선,부평구청,3,환승,3,7호선 산곡 방면 → 인천1호선 갈산 방면,B3 → B2,6,1,0,"[B3] 7호선 산곡 방면 승강장 하차 → 대합실 방향 엘리베이터(으)로 1개 층 올라가기 (B3 → B2, 엘리베이터) → [B2] 대합실로 이동 → [B2] 인천1호선 갈산 방면 승강장으로 이동 → [B2] 승차 (휠체어칸) → 인천1호선 갈산 방면 환승 엘리베이터 이용 (엘리베이터)","1. [B3] 7호선 산곡 방면 승강장 하차 | 2. 대합실 방향 엘리베이터(으)로 1개 층 올라가기 (B3 → B2, 엘리베이터) | 3. [B2] 대합실로 이동 | 4. [B2] 인천1호선 갈산 방면 승강장으로 이동 | 5. [B2] 승차 (휠체어칸) | 6. 인천1호선 갈산 방면 환승 엘리베이터 이용 (엘리베이터)"
IC_7_0250,7호선,부평구청,3,환승,4,7호선 산곡 방면 → 인천1호선 부평시장 방면,B3 → B2,6,1,0,"[B3] 7호선 산곡 방면 승강장 하차 → 인천1호선 부평시장 방면 환승통로 방향 엘리베이터(으)로 1개 층 올라가기 (B3 → B2, 엘리베이터) → [B2] 환승통로로 이동 → [B2] 인천1호선 부평시장 방면 승강장으로 이동 → [B2] 승차 (휠체어칸) → 인천1호선 부평시장 방면 엘리베이터 이용 (엘리베이터)","1. [B3] 7호선 산곡 방면 승강장 하차 | 2. 인천1호선 부평시장 방면 환승통로 방향 엘리베이터(으)로 1개 층 올라가기 (B3 → B2, 엘리베이터) | 3. [B2] 환승통로로 이동 | 4. [B2] 인천1호선 부평시장 방면 승강장으로 이동 | 5. [B2] 승차 (휠체어칸) | 6. 인천1호선 부평시장 방면 엘리베이터 이용 (엘리베이터)"
IC_7_1352,7호선,산곡,1,출입구-승강장,1,"3,4번 출입구 옆 엘리베이터 → 부평구청 방면",1F → B1 → B2,6,2,0,"3,4번 출입구 옆 엘리베이터(으)로 1개 층 내려가기 (1F → B1, 엘리베이터) → [B1] 대합실로 이동 → [B1] 표 내는 곳 통과 → 부평구청 승강장 방향 엘리베이터(으)로 1개 층 내려가기 (B1 → B2, 엘리베이터) → [B2] 부평구청 방면 승강장으로 이동 → [B2] 승차 (휠체어칸)","1. 3,4번 출입구 옆 엘리베이터(으)로 1개 층 내려가기 (1F → B1, 엘리베이터) | 2. [B1] 대합실로 이동 | 3. [B1] 표 내는 곳 통과 | 4. 부평구청 승강장 방향 엘리베이터(으)로 1개 층 내려가기 (B1 → B2, 엘리베이터) | 5. [B2] 부평구청 방면 승강장으로 이동 | 6. [B2] 승차 (휠체어칸)"
IC_7_1352,7호선,산곡,1,출입구-승강장,2,"3,4번 출입구 옆 엘리베이터 → 석남 방면",1F → B1 → B2,6,2,0,"3,4번 출입구 옆 엘리베이터(으)로 1개 층 내려가기 (1F → B1, 엘리베이터) → [B1] 대합실로 이동 → [B1] 표 내는 곳 통과 → 석남 승강장 방향 엘리베이터(으)로 1개 층 내려가기 (B1 → B2, 엘리베이터) → [B2] 석남역 방면 승강장으로 이동 → [B2] 승차 (휠체어칸)","1. 3,4번 출입구 옆 엘리베이터(으)로 1개 층 내려가기 (1F → B1, 엘리베이터) | 2. [B1] 대합실로 이동 | 3. [B1] 표 내는 곳 통과 | 4. 석남 승강장 방향 엘리베이터(으)로 1개 층 내려가기 (B1 → B2, 엘리베이터) | 5. [B2] 석남역 방면 승강장으로 이동 | 6. [B2] 승차 (휠체어칸)"
IC_7_1352,7호선,산곡,1,출입구-승강장,3,7번 출입구 옆 엘리베이터 → 부평구청 방면,1F → B1 → B2,6,2,0,"7번 출입구 옆 엘리베이터(으)로 1개 층 내려가기 (1F → B1, 엘리베이터) → [B1] 대합실로 이동 → [B1] 표 내는 곳 통과 → 부평구청 승강장 방향 엘리베이터(으)로 1개 층 내려가기 (B1 → B2, 엘리베이터) → [B2] 부평구청 방면 승강장으로 이동 → [B2] 승차 (휠체어칸)","1. 7번 출입구 옆 엘리베이터(으)로 1개 층 내려가기 (1F → B1, 엘리베이터) | 2. [B1] 대합실로 이동 | 3. [B1] 표 내는 곳 통과 | 4. 부평구청 승강장 방향 엘리베이터(으)로 1개 층 내려가기 (B1 → B2, 엘리베이터) | 5. [B2] 부평구청 방면 승강장으로 이동 | 6. [B2] 승차 (휠체어칸)"
IC_7_1352,7호선,산곡,1,출입구-승강장,4,7번 출입구 옆 엘리베이터 → 석남 방면,1F → B1 → B2,6,2,0,"7번 출입구 옆 엘리베이터(으)로 1개 층 내려가기 (1F → B1, 엘리베이터) → [B1] 대합실로 이동 → [B1] 표 내는 곳 통과 → 석남 승강장 방향 엘리베이터(으)로 1개 층 내려가기 (B1 → B2, 엘리베이터) → [B2] 석남역 방면 승강장으로 이동 → [B2] 승차 (휠체어칸)","1. 7번 출입구 옆 엘리베이터(으)로 1개 층 내려가기 (1F → B1, 엘리베이터) | 2. [B1] 대합실로 이동 | 3. [B1] 표 내는 곳 통과 | 4. 석남 승강장 방향 엘리베이터(으)로 1개 층 내려가기 (B1 → B2, 엘리베이터) | 5. [B2] 석남역 방면 승강장으로 이동 | 6. [B2] 승차 (휠체어칸)"
IC_7_0301,7호선,석남,1,출입구-승강장,1,5번 출입구 뒤 엘리베이터 → 산곡 방면,1F → B4 → B5,6,2,0,"5번 출입구 뒤 엘리베이터(으)로 4개 층 내려가기 (1F → B4, 엘리베이터) → [B4] 대합실로 이동 → [B4] 표 내는 곳 통과 → 승강장 방향 엘리베이터(으)로 1개 층 내려가기 (B4 → B5, 엘리베이터) → [B5] 산곡역 방면 승강장으로 이동 → [B5] 승차 (휠체어칸)","1. 5번 출입구 뒤 엘리베이터(으)로 4개 층 내려가기 (1F → B4, 엘리베이터) | 2. [B4] 대합실로 이동 | 3. [B4] 표 내는 곳 통과 | 4. 승강장 방향 엘리베이터(으)로 1개 층 내려가기 (B4 → B5, 엘리베이터) | 5. [B5] 산곡역 방면 승강장으로 이동 | 6. [B5] 승차 (휠체어칸)"
NU_8_0230,8호선,별내,1,출입구-승강장,1,4번 출입구 근처 엘리베이터  → 다산 방면,1F → B1 → B3,6,2,0,"4번 출입구 근처 엘리베이터(으)로 1개 층 내려가기 (1F → B1, 엘리베이터) → [B1] 지하1층 대합실로 이동 → [B1] 표 내는 곳 통과 → 다산 방면 엘리베이터(으)로 2개 층 내려가기 (B1 → B3, 엘리베이터) → [B3] 다산 방면 승강장으로 이동 → [B3] 승차 (휠체어칸)","1. 4번 출입구 근처 엘리베이터(으)로 1개 층 내려가기 (1F → B1, 엘리베이터) | 2. [B1] 지하1층 대합실로 이동 | 3. [B1] 표 내는 곳 통과 | 4. 다산 방면 엘리베이터(으)로 2개 층 내려가기 (B1 → B3, 엘리베이터) | 5. [B3] 다산 방면 승강장으로 이동 | 6. [B3] 승차 (휠체어칸)"
NU_8_0230,8호선,별내,1,출입구-승강장,2,5번 출입구 근처 엘리베이터  → 다산 방면,1F → B1 → B3,7,2,0,"[1F] 지하 보도 엘리베이터 에서 하차 → [1F] 지하 보도 엘리베이터 하차 후 대합실 방향  엘리베이터 탑승 → 5번 출입구 근처 엘리베이터(으)로 1개 층 내려가기 (1F → B1, 엘리베이터) → [B1] 지하1층 대합실로 이동 → 다산 방면 엘리베이터(으)로 2개 층 내려가기 (B1 → B3, 엘리베이터) → [B3] 다산 방면 승강장으로 이동 → [B3] 승차 (휠체어칸)","1. [1F] 지하 보도 엘리베이터 에서 하차 | 2. [1F] 지하 보도 엘리베이터 하차 후 대합실 방향  엘리베이터 탑승 | 3. 5번 출입구 근처 엘리베이터(으)로 1개 층 내려가기 (1F → B1, 엘리베이터) | 4. [B1] 지하1층 대합실로 이동 | 5. 다산 방면 엘리베이터(으)로 2개 층 내려가기 (B1 → B3, 엘리베이터) | 6. [B3] 다산 방면 승강장으로 이동 | 7. [B3] 승차 (휠체어칸)"
NU_8_0230,8호선,별내,1,출입구-승강장,3,6번 출입구 근처 엘리베이터  → 다산 방면,1F → B1 → B3,6,2,0,"6번 출입구 근처 엘리베이터(으)로 1개 층 내려가기 (1F → B1, 엘리베이터) → [B1] 지하1층 대합실로 이동 → [B1] 표 내는 곳 통과 → 다산 방면 엘리베이터(으)로 2개 층 내려가기 (B1 → B3, 엘리베이터) → [B3] 다산 방면 승강장으로 이동 → [B3] 승차 (휠체어칸)","1. 6번 출입구 근처 엘리베이터(으)로 1개 층 내려가기 (1F → B1, 엘리베이터) | 2. [B1] 지하1층 대합실로 이동 | 3. [B1] 표 내는 곳 통과 | 4. 다산 방면 엘리베이터(으)로 2개 층 내려가기 (B1 → B3, 엘리베이터) | 5. [B3] 다산 방면 승강장으로 이동 | 6. [B3] 승차 (휠체어칸)"
NU_8_0230,8호선,별내,3,환승,1,8호선 별내 종점 → 경춘선 갈매 방면,B3 → 2F,4,1,0,"[B3] 8호선 별내 종착역  하차 → 경춘선 방향 엘리베이터(으)로 4개 층 올라가기 (B3 → 2F, 엘리베이터) → [2F] 경춘선 갈매 방면 승강장으로 이동 → [2F] 승차 (휠체어칸)","1. [B3] 8호선 별내 종착역  하차 | 2. 경춘선 방향 엘리베이터(으)로 4개 층 올라가기 (B3 → 2F, 엘리베이터) | 3. [2F] 경춘선 갈매 방면 승강장으로 이동 | 4. [2F] 승차 (휠체어칸)"
NU_8_0230,8호선,별내,3,환승,2,8호선 별내 종점 → 경춘선 퇴계원 방면,B3 → B1 → 2F,6,2,0,"[B3] 8호선 별내 종착역  하차 → 경춘선  방향 엘리베이터(으)로 2개 층 올라가기 (B3 → B1, 엘리베이터) → [B1] 지하1층 대합실 에서 하차 → 경춘선 퇴계원 방향 엘리베이터(으)로 2개 층 올라가기 (B1 → 2F, 엘리베이터) → [2F] 경춘선 퇴계원 방면 승강장으로 이동 → [2F] 승차 (휠체어칸)","1. [B3] 8호선 별내 종착역  하차 | 2. 경춘선  방향 엘리베이터(으)로 2개 층 올라가기 (B3 → B1, 엘리베이터) | 3. [B1] 지하1층 대합실 에서 하차 | 4. 경춘선 퇴계원 방향 엘리베이터(으)로 2개 층 올라가기 (B1 → 2F, 엘리베이터) | 5. [2F] 경춘선 퇴계원 방면 승강장으로 이동 | 6. [2F] 승차 (휠체어칸)"
NU_8_1376,8호선,다산,1,출입구-승강장,1,"1,2번 출입구 근처 엘리베이터 → 동구릉 방면",1F → B1 → B3,6,2,0,"1번 출입구 근처 엘리베이터(으)로 1개 층 내려가기 (1F → B1, 엘리베이터) → [B1] 지하1층 대합실로 이동 → [B1] 표 내는 곳 통과 → 동구릉 방면 엘리베이터(으)로 2개 층 내려가기 (B1 → B3, 엘리베이터) → [B3] 동구릉 방면 승강장으로 이동 → [B3] 승차 (휠체어칸)","1. 1번 출입구 근처 엘리베이터(으)로 1개 층 내려가기 (1F → B1, 엘리베이터) | 2. [B1] 지하1층 대합실로 이동 | 3. [B1] 표 내는 곳 통과 | 4. 동구릉 방면 엘리베이터(으)로 2개 층 내려가기 (B1 → B3, 엘리베이터) | 5. [B3] 동구릉 방면 승강장으로 이동 | 6. [B3] 승차 (휠체어칸)"
NU_8_1376,8호선,다산,1,출입구-승강장,2,"1,2번 출입구 근처 엘리베이터 → 별내 방면",1F → B1 → B3,6,2,0,"1번 출입구 근처 엘리베이터(으)로 1개 층 내려가기 (1F → B1, 엘리베이터) → [B1] 지하1층 대합실로 이동 → [B1] 표 내는 곳 통과 → 별내 방면 엘리베이터(으)로 2개 층 내려가기 (B1 → B3, 엘리베이터) → [B3] 별내 방면 승강장으로 이동 → [B3] 승차 (휠체어칸)","1. 1번 출입구 근처 엘리베이터(으)로 1개 층 내려가기 (1F → B1, 엘리베이터) | 2. [B1] 지하1층 대합실로 이동 | 3. [B1] 표 내는 곳 통과 | 4. 별내 방면 엘리베이터(으)로 2개 층 내려가기 (B1 → B3, 엘리베이터) | 5. [B3] 별내 방면 승강장으로 이동 | 6. [B3] 승차 (휠체어칸)"
NU_8_1376,8호선,다산,1,출입구-승강장,3,4번 출입구 근처 엘리베이터  → 동구릉 방면,1F → B1 → B3,6,2,0,"4번 출입구 근처 엘리베이터(으)로 1개 층 내려가기 (1F → B1, 엘리베이터) → [B1] 지하1층 대합실로 이동 → [B1] 표 내는 곳 통과 → 동구릉 방면 엘리베이터(으)로 2개 층 내려가기 (B1 → B3, 엘리베이터) → [B3] 동구릉 방면 승강장으로 이동 → [B3] 승차 (휠체어칸)","1. 4번 출입구 근처 엘리베이터(으)로 1개 층 내려가기 (1F → B1, 엘리베이터) | 2. [B1] 지하1층 대합실로 이동 | 3. [B1] 표 내는 곳 통과 | 4. 동구릉 방면 엘리베이터(으)로 2개 층 내려가기 (B1 → B3, 엘리베이터) | 5. [B3] 동구릉 방면 승강장으로 이동 | 6. [B3] 승차 (휠체어칸)"
NU_8_1376,8호선,다산,1,출입구-승강장,4,4번 출입구 근처 엘리베이터  → 별내 방면,1F → B1 → B3,6,2,0,"4번 출입구 근처 엘리베이터(으)로 1개 층 내려가기 (1F → B1, 엘리베이터) → [B1] 지하1층 대합실로 이동 → [B1] 표 내는 곳 통과 → 별내 방면 엘리베이터(으)로 2개 층 내려가기 (B1 → B3, 엘리베이터) → [B3] 별내 방면 승강장으로 이동 → [B3] 승차 (휠체어칸)","1. 4번 출입구 근처 엘리베이터(으)로 1개 층 내려가기 (1F → B1, 엘리베이터) | 2. [B1] 지하1층 대합실로 이동 | 3. [B1] 표 내는 곳 통과 | 4. 별내 방면 엘리베이터(으)로 2개 층 내려가기 (B1 → B3, 엘리베이터) | 5. [B3] 별내 방면 승강장으로 이동 | 6. [B3] 승차 (휠체어칸)"
NU_8_1376,8호선,다산,1,출입구-승강장,5,3번 출입구 근처 엘리베이터  → 동구릉 방면,1F → B1 → B3,6,2,0,"3번 출입구 근처 엘리베이터(으)로 1개 층 내려가기 (1F → B1, 엘리베이터) → [B1] 지하1층 대합실로 이동 → [B1] 표 내는 곳 통과 → 동구릉 방면 엘리베이터(으)로 2개 층 내려가기 (B1 → B3, 엘리베이터) → [B3] 동구릉 방면 승강장으로 이동 → [B3] 승차 (휠체어칸)","1. 3번 출입구 근처 엘리베이터(으)로 1개 층 내려가기 (1F → B1, 엘리베이터) | 2. [B1] 지하1층 대합실로 이동 | 3. [B1] 표 내는 곳 통과 | 4. 동구릉 방면 엘리베이터(으)로 2개 층 내려가기 (B1 → B3, 엘리베이터) | 5. [B3] 동구릉 방면 승강장으로 이동 | 6. [B3] 승차 (휠체어칸)"
NU_8_1376,8호선,다산,1,출입구-승강장,6,3번 출입구 근처 엘리베이터  → 별내 방면,1F → B1 → B3,6,2,0,"3번 출입구 근처 엘리베이터(으)로 1개 층 내려가기 (1F → B1, 엘리베이터) → [B1] 지하1층 대합실로 이동 → [B1] 표 내는 곳 통과 → 별내 방면 엘리베이터(으)로 2개 층 내려가기 (B1 → B3, 엘리베이터) → [B3] 별내 방면 승강장으로 이동 → [B3] 승차 (휠체어칸)","1. 3번 출입구 근처 엘리베이터(으)로 1개 층 내려가기 (1F → B1, 엘리베이터) | 2. [B1] 지하1층 대합실로 이동 | 3. [B1] 표 내는 곳 통과 | 4. 별내 방면 엘리베이터(으)로 2개 층 내려가기 (B1 → B3, 엘리베이터) | 5. [B3] 별내 방면 승강장으로 이동 | 6. [B3] 승차 (휠체어칸)"
GU_8_1375,8호선,동구릉,1,출입구-승강장,1,2번 출입구 근처 엘리베이터  → 구리 방면,1F → B1 → B4,6,2,0,"2번 출입구 근처 엘리베이터(으)로 1개 층 내려가기 (1F → B1, 엘리베이터) → [B1] 지하1층 대합실로 이동 → [B1] 표 내는 곳 통과 → 구리 방면 엘리베이터(으)로 3개 층 내려가기 (B1 → B4, 엘리베이터) → [B4] 구리 방면 승강장으로 이동 → [B4] 승차 (휠체어칸)","1. 2번 출입구 근처 엘리베이터(으)로 1개 층 내려가기 (1F → B1, 엘리베이터) | 2. [B1] 지하1층 대합실로 이동 | 3. [B1] 표 내는 곳 통과 | 4. 구리 방면 엘리베이터(으)로 3개 층 내려가기 (B1 → B4, 엘리베이터) | 5. [B4] 구리 방면 승강장으로 이동 | 6. [B4] 승차 (휠체어칸)"
GU_8_1375,8호선,동구릉,1,출입구-승강장,2,2번 출입구 근처 엘리베이터  → 다산 방면,1F → B1 → B4,6,2,0,"2번 출입구 근처 엘리베이터(으)로 1개 층 내려가기 (1F → B1, 엘리베이터) → [B1] 지하1층 대합실로 이동 → [B1] 표 내는 곳 통과 → 다산 방면 엘리베이터(으)로 3개 층 내려가기 (B1 → B4, 엘리베이터) → [B4] 다산 방면 승강장으로 이동 → [B4] 승차 (휠체어칸)","1. 2번 출입구 근처 엘리베이터(으)로 1개 층 내려가기 (1F → B1, 엘리베이터) | 2. [B1] 지하1층 대합실로 이동 | 3. [B1] 표 내는 곳 통과 | 4. 다산 방면 엘리베이터(으)로 3개 층 내려가기 (B1 → B4, 엘리베이터) | 5. [B4] 다산 방면 승강장으로 이동 | 6. [B4] 승차 (휠체어칸)"
GU_8_1375,8호선,동구릉,1,출입구-승강장,3,5번 출입구 근처 엘리베이터  → 구리 방면,1F → B1 → B4,6,2,0,"5번 출입구 근처 엘리베이터(으)로 1개 층 내려가기 (1F → B1, 엘리베이터) → [B1] 지하1층 대합실로 이동 → [B1] 표 내는 곳 통과 → 구리 방면 엘리베이터(으)로 3개 층 내려가기 (B1 → B4, 엘리베이터) → [B4] 구리 방면 승강장으로 이동 → [B4] 승차 (휠체어칸)","1. 5번 출입구 근처 엘리베이터(으)로 1개 층 내려가기 (1F → B1, 엘리베이터) | 2. [B1] 지하1층 대합실로 이동 | 3. [B1] 표 내는 곳 통과 | 4. 구리 방면 엘리베이터(으)로 3개 층 내려가기 (B1 → B4, 엘리베이터) | 5. [B4] 구리 방면 승강장으로 이동 | 6. [B4] 승차 (휠체어칸)"
GU_8_1375,8호선,동구릉,1,출입구-승강장,4,5번 출입구 근처 엘리베이터  → 다산 방면,1F → B1 → B4,6,2,0,"5번 출입구 근처 엘리베이터(으)로 1개 층 내려가기 (1F → B1, 엘리베이터) → [B1] 지하1층 대합실로 이동 → [B1] 표 내는 곳 통과 → 다산 방면 엘리베이터(으)로 3개 층 내려가기 (B1 → B4, 엘리베이터) → [B4] 다산 방면 승강장으로 이동 → [B4] 승차 (휠체어칸)","1. 5번 출입구 근처 엘리베이터(으)로 1개 층 내려가기 (1F → B1, 엘리베이터) | 2. [B1] 지하1층 대합실로 이동 | 3. [B1] 표 내는 곳 통과 | 4. 다산 방면 엘리베이터(으)로 3개 층 내려가기 (B1 → B4, 엘리베이터) | 5. [B4] 다산 방면 승강장으로 이동 | 6. [B4] 승차 (휠체어칸)"
GU_8_0072,8호선,구리,1,출입구-승강장,1,"4,5,6,7번 출입구 → 장자호수공원 방면",1F → B1 → B2,7,2,0,"[1F] 4,5,6,7번 출입구 → [1F] 표 내는 곳 통과 → 환승통로 방향 엘리베이터(으)로 1개 층 내려가기 (1F → B1, 엘리베이터) → [B1] 환승통로 엘리베이터 하차 → 장자호수공원 방면 엘리베이터(으)로 1개 층 내려가기 (B1 → B2, 엘리베이터) → [B2] 장자호수공원 방면 승강장으로 이동 → [B2] 승차 (휠체어칸)","1. [1F] 4,5,6,7번 출입구 | 2. [1F] 표 내는 곳 통과 | 3. 환승통로 방향 엘리베이터(으)로 1개 층 내려가기 (1F → B1, 엘리베이터) | 4. [B1] 환승통로 엘리베이터 하차 | 5. 장자호수공원 방면 엘리베이터(으)로 1개 층 내려가기 (B1 → B2, 엘리베이터) | 6. [B2] 장자호수공원 방면 승강장으로 이동 | 7. [B2] 승차 (휠체어칸)"
GU_8_0072,8호선,구리,1,출입구-승강장,2,"4,5,6,7번 출입구 → 동구릉 방면",1F → B1 → B2,7,2,0,"[1F] 4,5,6,7번 출입구 → [1F] 표 내는 곳 통과 → 환승통로 방향 엘리베이터(으)로 1개 층 내려가기 (1F → B1, 엘리베이터) → [B1] 환승통로 엘리베이터 하차 → 동구릉 방면 엘리베이터(으)로 1개 층 내려가기 (B1 → B2, 엘리베이터) → [B2] 동구릉 방면 승강장으로 이동 → [B2] 승차 (휠체어칸)","1. [1F] 4,5,6,7번 출입구 | 2. [1F] 표 내는 곳 통과 | 3. 환승통로 방향 엘리베이터(으)로 1개 층 내려가기 (1F → B1, 엘리베이터) | 4. [B1] 환승통로 엘리베이터 하차 | 5. 동구릉 방면 엘리베이터(으)로 1개 층 내려가기 (B1 → B2, 엘리베이터) | 6. [B2] 동구릉 방면 승강장으로 이동 | 7. [B2] 승차 (휠체어칸)"
GU_8_0072,8호선,구리,3,환승,1,8호선 동구릉 방면 → 경의중앙선 도농방면,B2 → B1 → 1F → 3F,8,3,0,"[B2] 8호선 동구릉 방면 승강장 하차 → 이동통로 방향 엘리베이터(으)로 1개 층 올라가기 (B2 → B1, 엘리베이터) → [B1] 이동통로 엘리베이터 하차 → 맞이방 방향 엘리베이터(으)로 1개 층 올라가기 (B1 → 1F, 엘리베이터) → [1F] 맞이방 엘리베이터  하차 → 경의중앙선 도농 방면 엘리베이터(으)로 2개 층 올라가기 (1F → 3F, 엘리베이터) → [3F] 경의중앙선 도농 방면 승강장 → [3F] 승차 (휠체어칸)","1. [B2] 8호선 동구릉 방면 승강장 하차 | 2. 이동통로 방향 엘리베이터(으)로 1개 층 올라가기 (B2 → B1, 엘리베이터) | 3. [B1] 이동통로 엘리베이터 하차 | 4. 맞이방 방향 엘리베이터(으)로 1개 층 올라가기 (B1 → 1F, 엘리베이터) | 5. [1F] 맞이방 엘리베이터  하차 | 6. 경의중앙선 도농 방면 엘리베이터(으)로 2개 층 올라가기 (1F → 3F, 엘리베이터) | 7. [3F] 경의중앙선 도농 방면 승강장 | 8. [3F] 승차 (휠체어칸)"
GU_8_0072,8호선,구리,3,환승,2,8호선 동구릉 방면 → 경의중앙선 양원방면,B2 → B1 → 1F → 3F,8,3,0,"[B2] 8호선 동구릉 방면 승강장 하차 → 이동통로 방향 엘리베이터(으)로 1개 층 올라가기 (B2 → B1, 엘리베이터) → [B1] 이동통로 엘리베이터 하차 → 맞이방 방향 엘리베이터(으)로 1개 층 올라가기 (B1 → 1F, 엘리베이터) → [1F] 맞이방 엘리베이터  하차 → 경의중앙선 양원 방면 엘리베이터(으)로 2개 층 올라가기 (1F → 3F, 엘리베이터) → [3F] 경의중앙선 양원 방면 승강장 → [3F] 승차 (휠체어칸)","1. [B2] 8호선 동구릉 방면 승강장 하차 | 2. 이동통로 방향 엘리베이터(으)로 1개 층 올라가기 (B2 → B1, 엘리베이터) | 3. [B1] 이동통로 엘리베이터 하차 | 4. 맞이방 방향 엘리베이터(으)로 1개 층 올라가기 (B1 → 1F, 엘리베이터) | 5. [1F] 맞이방 엘리베이터  하차 | 6. 경의중앙선 양원 방면 엘리베이터(으)로 2개 층 올라가기 (1F → 3F, 엘리베이터) | 7. [3F] 경의중앙선 양원 방면 승강장 | 8. [3F] 승차 (휠체어칸)"
GU_8_0072,8호선,구리,3,환승,3,8호선 장자호수공원 방면 → 경의중앙선 도농방면,B2 → B1 → 1F → 3F,8,3,0,"[B2] 8호선 장자호수공원 방면 승강장 하차 → 이동통로 방향 엘리베이터(으)로 1개 층 올라가기 (B2 → B1, 엘리베이터) → [B1] 이동통로 엘리베이터 하차 → 맞이방 방향 엘리베이터(으)로 1개 층 올라가기 (B1 → 1F, 엘리베이터) → [1F] 맞이방 엘리베이터  하차 → 경의중앙선 도농 방면 엘리베이터(으)로 2개 층 올라가기 (1F → 3F, 엘리베이터) → [3F] 경의중앙선 도농 방면 승강장 → [3F] 승차 (휠체어칸)","1. [B2] 8호선 장자호수공원 방면 승강장 하차 | 2. 이동통로 방향 엘리베이터(으)로 1개 층 올라가기 (B2 → B1, 엘리베이터) | 3. [B1] 이동통로 엘리베이터 하차 | 4. 맞이방 방향 엘리베이터(으)로 1개 층 올라가기 (B1 → 1F, 엘리베이터) | 5. [1F] 맞이방 엘리베이터  하차 | 6. 경의중앙선 도농 방면 엘리베이터(으)로 2개 층 올라가기 (1F → 3F, 엘리베이터) | 7. [3F] 경의중앙선 도농 방면 승강장 | 8. [3F] 승차 (휠체어칸)"
GU_8_0072,8호선,구리,3,환승,4,8호선 장자호수공원 방면 → 경의중앙선 양원방면,B2 → B1 → 1F → 3F,8,3,0,"[B2] 8호선 장자호수공원 방면 승강장 하차 → 이동통로 방향 엘리베이터(으)로 1개 층 올라가기 (B2 → B1, 엘리베이터) → [B1] 이동통로 엘리베이터 하차 → 맞이방 방향 엘리베이터(으)로 1개 층 올라가기 (B1 → 1F, 엘리베이터) → [1F] 맞이방 엘리베이터  하차 → 경의중앙선 양원 방면 엘리베이터(으)로 2개 층 올라가기 (1F → 3F, 엘리베이터) → [3F] 경의중앙선 양원 방면 승강장 → [3F] 승차 (휠체어칸)","1. [B2] 8호선 장자호수공원 방면 승강장 하차 | 2. 이동통로 방향 엘리베이터(으)로 1개 층 올라가기 (B2 → B1, 엘리베이터) | 3. [B1] 이동통로 엘리베이터 하차 | 4. 맞이방 방향 엘리베이터(으)로 1개 층 올라가기 (B1 → 1F, 엘리베이터) | 5. [1F] 맞이방 엘리베이터  하차 | 6. 경의중앙선 양원 방면 엘리베이터(으)로 2개 층 올라가기 (1F → 3F, 엘리베이터) | 7. [3F] 경의중앙선 양원 방면 승강장 | 8. [3F] 승차 (휠체어칸)"
GU_8_1374,8호선,장자호수공원,1,출입구-승강장,1,1번 출입구 근처 엘리베이터  → 암사역사공원 방면,1F → B1 → B3,6,2,0,"1번 출입구 근처 엘리베이터(으)로 1개 층 내려가기 (1F → B1, 엘리베이터) → [B1] 지하1층 대합실로 이동 → [B1] 표 내는 곳 통과 → 암사역사공원 방면 엘리베이터(으)로 2개 층 내려가기 (B1 → B3, 엘리베이터) → [B3] 암사역사공원 방면 승강장으로 이동 → [B3] 승차 (휠체어칸)","1. 1번 출입구 근처 엘리베이터(으)로 1개 층 내려가기 (1F → B1, 엘리베이터) | 2. [B1] 지하1층 대합실로 이동 | 3. [B1] 표 내는 곳 통과 | 4. 암사역사공원 방면 엘리베이터(으)로 2개 층 내려가기 (B1 → B3, 엘리베이터) | 5. [B3] 암사역사공원 방면 승강장으로 이동 | 6. [B3] 승차 (휠체어칸)"
GU_8_1374,8호선,장자호수공원,1,출입구-승강장,2,1번 출입구 근처 엘리베이터  → 구리 방면,1F → B1 → B3,6,2,0,"1번 출입구 근처 엘리베이터(으)로 1개 층 내려가기 (1F → B1, 엘리베이터) → [B1] 지하1층 대합실로 이동 → [B1] 표 내는 곳 통과 → 구리 방면 엘리베이터(으)로 2개 층 내려가기 (B1 → B3, 엘리베이터) → [B3] 구리 방면 승강장으로 이동 → [B3] 승차 (휠체어칸)","1. 1번 출입구 근처 엘리베이터(으)로 1개 층 내려가기 (1F → B1, 엘리베이터) | 2. [B1] 지하1층 대합실로 이동 | 3. [B1] 표 내는 곳 통과 | 4. 구리 방면 엘리베이터(으)로 2개 층 내려가기 (B1 → B3, 엘리베이터) | 5. [B3] 구리 방면 승강장으로 이동 | 6. [B3] 승차 (휠체어칸)"
GU_8_1374,8호선,장자호수공원,1,출입구-승강장,3,5번 출입구 근처 엘리베이터  → 암사역사공원 방면,1F → B1 → B3,6,2,0,"5번 출입구 근처 엘리베이터(으)로 1개 층 내려가기 (1F → B1, 엘리베이터) → [B1] 지하1층 대합실로 이동 → [B1] 표 내는 곳 통과 → 암사역사공원 방면 엘리베이터(으)로 2개 층 내려가기 (B1 → B3, 엘리베이터) → [B3] 암사역사공원 방면 승강장으로 이동 → [B3] 승차 (휠체어칸)","1. 5번 출입구 근처 엘리베이터(으)로 1개 층 내려가기 (1F → B1, 엘리베이터) | 2. [B1] 지하1층 대합실로 이동 | 3. [B1] 표 내는 곳 통과 | 4. 암사역사공원 방면 엘리베이터(으)로 2개 층 내려가기 (B1 → B3, 엘리베이터) | 5. [B3] 암사역사공원 방면 승강장으로 이동 | 6. [B3] 승차 (휠체어칸)"
GU_8_1374,8호선,장자호수공원,1,출입구-승강장,4,5번 출입구 근처 엘리베이터  → 구리 방면,1F → B1 → B3,6,2,0,"5번 출입구 근처 엘리베이터(으)로 1개 층 내려가기 (1F → B1, 엘리베이터) → [B1] 지하1층 대합실로 이동 → [B1] 표 내는 곳 통과 → 구리 방면 엘리베이터(으)로 2개 층 내려가기 (B1 → B3, 엘리베이터) → [B3] 구리 방면 승강장으로 이동 → [B3] 승차 (휠체어칸)","1. 5번 출입구 근처 엘리베이터(으)로 1개 층 내려가기 (1F → B1, 엘리베이터) | 2. [B1] 지하1층 대합실로 이동 | 3. [B1] 표 내는 곳 통과 | 4. 구리 방면 엘리베이터(으)로 2개 층 내려가기 (B1 → B3, 엘리베이터) | 5. [B3] 구리 방면 승강장으로 이동 | 6. [B3] 승차 (휠체어칸)"
S1_8_1373,8호선,암사역사공원,1,출입구-승강장,1,1번 출입구 근처 엘리베이터  → 암사 방면,1F → B1 → B2,6,2,0,"1번 출입구 근처 엘리베이터(으)로 1개 층 내려가기 (1F → B1, 엘리베이터) → [B1] 지하1층 대합실로 이동 → [B1] 표 내는 곳 통과 → 암사 방면 엘리베이터(으)로 1개 층 내려가기 (B1 → B2, 엘리베이터) → [B2] 암사 방면 승강장으로 이동 → [B2] 승차 (휠체어칸)","1. 1번 출입구 근처 엘리베이터(으)로 1개 층 내려가기 (1F → B1, 엘리베이터) | 2. [B1] 지하1층 대합실로 이동 | 3. [B1] 표 내는 곳 통과 | 4. 암사 방면 엘리베이터(으)로 1개 층 내려가기 (B1 → B2, 엘리베이터) | 5. [B2] 암사 방면 승강장으로 이동 | 6. [B2] 승차 (휠체어칸)"
S1_8_1373,8호선,암사역사공원,1,출입구-승강장,2,3번 출입구 근처 엘리베이터  → 암사 방면,1F → B1 → B2,6,2,0,"3번 출입구 근처 엘리베이터(으)로 1개 층 내려가기 (1F → B1, 엘리베이터) → [B1] 지하1층 대합실로 이동 → [B1] 표 내는 곳 통과 → 암사 방면 엘리베이터(으)로 1개 층 내려가기 (B1 → B2, 엘리베이터) → [B2] 암사 방면 승강장으로 이동 → [B2] 승차 (휠체어칸)","1. 3번 출입구 근처 엘리베이터(으)로 1개 층 내려가기 (1F → B1, 엘리베이터) | 2. [B1] 지하1층 대합실로 이동 | 3. [B1] 표 내는 곳 통과 | 4. 암사 방면 엘리베이터(으)로 1개 층 내려가기 (B1 → B2, 엘리베이터) | 5. [B2] 암사 방면 승강장으로 이동 | 6. [B2] 승차 (휠체어칸)"
S1_8_1373,8호선,암사역사공원,1,출입구-승강장,3,1번 출입구 근처 엘리베이터  → 장자호수공원 방면,1F → B1 → B2,6,2,0,"1번 출입구 근처 엘리베이터(으)로 1개 층 내려가기 (1F → B1, 엘리베이터) → [B1] 지하1층 대합실로 이동 → [B1] 표 내는 곳 통과 → 장자호수공원 방면 엘리베이터(으)로 1개 층 내려가기 (B1 → B2, 엘리베이터) → [B2] 장자호수공원 방면 승강장으로 이동 → [B2] 승차 (휠체어칸)","1. 1번 출입구 근처 엘리베이터(으)로 1개 층 내려가기 (1F → B1, 엘리베이터) | 2. [B1] 지하1층 대합실로 이동 | 3. [B1] 표 내는 곳 통과 | 4. 장자호수공원 방면 엘리베이터(으)로 1개 층 내려가기 (B1 → B2, 엘리베이터) | 5. [B2] 장자호수공원 방면 승강장으로 이동 | 6. [B2] 승차 (휠체어칸)"
S1_8_1373,8호선,암사역사공원,1,출입구-승강장,4,3번 출입구 근처 엘리베이터  → 장자호수공원 방면,1F → B1 → B2,6,2,0,"3번 출입구 근처 엘리베이터(으)로 1개 층 내려가기 (1F → B1, 엘리베이터) → [B1] 지하1층 대합실로 이동 → [B1] 표 내는 곳 통과 → 장자호수공원 방면 엘리베이터(으)로 1개 층 내려가기 (B1 → B2, 엘리베이터) → [B2] 장자호수공원 방면 승강장으로 이동 → [B2] 승차 (휠체어칸)","1. 3번 출입구 근처 엘리베이터(으)로 1개 층 내려가기 (1F → B1, 엘리베이터) | 2. [B1] 지하1층 대합실로 이동 | 3. [B1] 표 내는 곳 통과 | 4. 장자호수공원 방면 엘리베이터(으)로 1개 층 내려가기 (B1 → B2, 엘리베이터) | 5. [B2] 장자호수공원 방면 승강장으로 이동 | 6. [B2] 승차 (휠체어칸)"
S1_8_0391,8호선,암사,1,출입구-승강장,1,3번 출구 뒷편 엘리베이터 → 천호 방면,1F → B1 → B2,6,2,0,"3번 출구 뒷편 엘리베이터(으)로 1개 층 내려가기 (1F → B1, 엘리베이터) → [B1] 대합실로 이동 → [B1] 표 내는 곳 통과 → 천호 방면 엘리베이터(으)로 1개 층 내려가기 (B1 → B2, 엘리베이터) → [B2] 천호 방면 승강장으로 이동 → [B2] 승차 (휠체어칸)","1. 3번 출구 뒷편 엘리베이터(으)로 1개 층 내려가기 (1F → B1, 엘리베이터) | 2. [B1] 대합실로 이동 | 3. [B1] 표 내는 곳 통과 | 4. 천호 방면 엘리베이터(으)로 1개 층 내려가기 (B1 → B2, 엘리베이터) | 5. [B2] 천호 방면 승강장으로 이동 | 6. [B2] 승차 (휠체어칸)"
S1_8_0391,8호선,암사,1,출입구-승강장,2,3번 출구 뒷편 엘리베이터 → 암사역사공원 방면,1F → B1 → B2,6,2,0,"3번 출구 뒷편 엘리베이터(으)로 1개 층 내려가기 (1F → B1, 엘리베이터) → [B1] 대합실로 이동 → [B1] 표 내는 곳 통과 → 암사역사공원 방면 엘리베이터(으)로 1개 층 내려가기 (B1 → B2, 엘리베이터) → [B2] 암사역사공원 방면 승강장으로 이동 → [B2] 승차 (휠체어칸)","1. 3번 출구 뒷편 엘리베이터(으)로 1개 층 내려가기 (1F → B1, 엘리베이터) | 2. [B1] 대합실로 이동 | 3. [B1] 표 내는 곳 통과 | 4. 암사역사공원 방면 엘리베이터(으)로 1개 층 내려가기 (B1 → B2, 엘리베이터) | 5. [B2] 암사역사공원 방면 승강장으로 이동 | 6. [B2] 승차 (휠체어칸)"
S1_8_0546,8호선,천호,1,출입구-승강장,1,6번 출입구 옆 엘리베이터 → 암사 방면,1F → B1 → B2,6,2,0,"6번 출입구 옆 엘리베이터(으)로 1개 층 내려가기 (1F → B1, 엘리베이터) → [B1] 대합실로 이동 → [B1] 표 내는 곳 통과 → 암사 방면 엘리베이터(으)로 1개 층 내려가기 (B1 → B2, 엘리베이터) → [B2] 암사 방면 승강장으로 이동 → [B2] 승차 (휠체어칸)","1. 6번 출입구 옆 엘리베이터(으)로 1개 층 내려가기 (1F → B1, 엘리베이터) | 2. [B1] 대합실로 이동 | 3. [B1] 표 내는 곳 통과 | 4. 암사 방면 엘리베이터(으)로 1개 층 내려가기 (B1 → B2, 엘리베이터) | 5. [B2] 암사 방면 승강장으로 이동 | 6. [B2] 승차 (휠체어칸)"
S1_8_0546,8호선,천호,1,출입구-승강장,2,6번 출입구 옆 엘리베이터 → 강동구청 방면,1F → B1 → B2,6,2,0,"6번 출입구 옆 엘리베이터(으)로 1개 층 내려가기 (1F → B1, 엘리베이터) → [B1] 대합실로 이동 → [B1] 표 내는 곳 통과 → 강동구청 방면 엘리베이터(으)로 1개 층 내려가기 (B1 → B2, 엘리베이터) → [B2] 강동구청 방면 승강장으로 이동 → [B2] 승차 (휠체어칸)","1. 6번 출입구 옆 엘리베이터(으)로 1개 층 내려가기 (1F → B1, 엘리베이터) | 2. [B1] 대합실로 이동 | 3. [B1] 표 내는 곳 통과 | 4. 강동구청 방면 엘리베이터(으)로 1개 층 내려가기 (B1 → B2, 엘리베이터) | 5. [B2] 강동구청 방면 승강장으로 이동 | 6. [B2] 승차 (휠체어칸)"
S1_8_0546,8호선,천호,3,환승,1,8호선 암사 방면 → 5호선 광나루 방면,B2 → B1 → B2 → B3,7,3,0,"B1 방면 엘리베이터(으)로 1개 층 올라가기 (B2 → B1, 엘리베이터) → [B1] 대합실로 이동 → 5호선 게이트 지나 B1층 화장실 맞은 편 엘리베이터(으)로 1개 층 내려가기 (B1 → B2, 엘리베이터) → [B2] 대합실로 이동 → 광나루 방면 엘리베이터(으)로 1개 층 내려가기 (B2 → B3, 엘리베이터) → [B3] 광나루 방면 승강장으로 이동 → [B3] 승차(휠체어칸)","1. B1 방면 엘리베이터(으)로 1개 층 올라가기 (B2 → B1, 엘리베이터) | 2. [B1] 대합실로 이동 | 3. 5호선 게이트 지나 B1층 화장실 맞은 편 엘리베이터(으)로 1개 층 내려가기 (B1 → B2, 엘리베이터) | 4. [B2] 대합실로 이동 | 5. 광나루 방면 엘리베이터(으)로 1개 층 내려가기 (B2 → B3, 엘리베이터) | 6. [B3] 광나루 방면 승강장으로 이동 | 7. [B3] 승차(휠체어칸)"
S1_8_0546,8호선,천호,3,환승,2,8호선 암사 방면 → 5호선 강동 방면,B2 → B1 → B2 → B3,7,3,0,"B1 방면 엘리베이터(으)로 1개 층 올라가기 (B2 → B1, 엘리베이터) → [B1] 대합실로 이동 → 5호선 게이트 지나 B1층 화장실 맞은 편 엘리베이터(으)로 1개 층 내려가기 (B1 → B2, 엘리베이터) → [B2] 대합실로 이동 → 강동 방면 엘리베이터(으)로 1개 층 내려가기 (B2 → B3, 엘리베이터) → [B3] 강동 방면 승강장으로 이동 → [B3] 승차(휠체어칸)","1. B1 방면 엘리베이터(으)로 1개 층 올라가기 (B2 → B1, 엘리베이터) | 2. [B1] 대합실로 이동 | 3. 5호선 게이트 지나 B1층 화장실 맞은 편 엘리베이터(으)로 1개 층 내려가기 (B1 → B2, 엘리베이터) | 4. [B2] 대합실로 이동 | 5. 강동 방면 엘리베이터(으)로 1개 층 내려가기 (B2 → B3, 엘리베이터) | 6. [B3] 강동 방면 승강장으로 이동 | 7. [B3] 승차(휠체어칸)"
S1_8_0546,8호선,천호,3,환승,3,8호선 강동구청 → 5호선 광나루 방면,B2 → B1 → B2 → B3,7,3,0,"B1 방면 엘리베이터(으)로 1개 층 올라가기 (B2 → B1, 엘리베이터) → [B1] 대합실로 이동 → 5호선 게이트 지나 B1층 화장실 맞은 편 엘리베이터(으)로 1개 층 내려가기 (B1 → B2, 엘리베이터) → [B2] 대합실로 이동 → 광나루 방면 엘리베이터(으)로 1개 층 내려가기 (B2 → B3, 엘리베이터) → [B3] 광나루 방면 승강장으로 이동 → [B3] 승차(휠체어칸)","1. B1 방면 엘리베이터(으)로 1개 층 올라가기 (B2 → B1, 엘리베이터) | 2. [B1] 대합실로 이동 | 3. 5호선 게이트 지나 B1층 화장실 맞은 편 엘리베이터(으)로 1개 층 내려가기 (B1 → B2, 엘리베이터) | 4. [B2] 대합실로 이동 | 5. 광나루 방면 엘리베이터(으)로 1개 층 내려가기 (B2 → B3, 엘리베이터) | 6. [B3] 광나루 방면 승강장으로 이동 | 7. [B3] 승차(휠체어칸)"
S1_8_0546,8호선,천호,3,환승,4,8호선 강동구청 → 5호선 강동 방면,B2 → B1 → B2 → B3,7,3,0,"B1 방면 엘리베이터(으)로 1개 층 올라가기 (B2 → B1, 엘리베이터) → [B1] 대합실로 이동 → 5호선 게이트 지나 B1층 화장실 맞은 편 엘리베이터(으)로 1개 층 내려가기 (B1 → B2, 엘리베이터) → [B2] 대합실로 이동 → 강동 방면 엘리베이터(으)로 1개 층 내려가기 (B2 → B3, 엘리베이터) → [B3] 강동 방면 승강장으로 이동 → [B3] 승차(휠체어칸)","1. B1 방면 엘리베이터(으)로 1개 층 올라가기 (B2 → B1, 엘리베이터) | 2. [B1] 대합실로 이동 | 3. 5호선 게이트 지나 B1층 화장실 맞은 편 엘리베이터(으)로 1개 층 내려가기 (B1 → B2, 엘리베이터) | 4. [B2] 대합실로 이동 | 5. 강동 방면 엘리베이터(으)로 1개 층 내려가기 (B2 → B3, 엘리베이터) | 6. [B3] 강동 방면 승강장으로 이동 | 7. [B3] 승차(휠체어칸)"
S1_8_0021,8호선,강동구청,1,출입구-승강장,1,4번 출입구 옆 엘리베이터 → 천호 방면,1F → B2 → B3,6,2,0,"4번 출입구 옆 엘리베이터(으)로 2개 층 내려가기 (1F → B2, 엘리베이터) → [B2] 대합실로 이동 → [B2] 표 내는 곳 통과 → 천호 방면 엘리베이터(으)로 1개 층 내려가기 (B2 → B3, 엘리베이터) → [B3] 천호 방면 승강장으로 이동 → [B3] 승차 (휠체어칸)","1. 4번 출입구 옆 엘리베이터(으)로 2개 층 내려가기 (1F → B2, 엘리베이터) | 2. [B2] 대합실로 이동 | 3. [B2] 표 내는 곳 통과 | 4. 천호 방면 엘리베이터(으)로 1개 층 내려가기 (B2 → B3, 엘리베이터) | 5. [B3] 천호 방면 승강장으로 이동 | 6. [B3] 승차 (휠체어칸)"
S1_8_0021,8호선,강동구청,1,출입구-승강장,2,4번 출입구 옆 엘리베이터 → 몽촌토성 방면,1F → B2 → B3,6,2,0,"4번 출입구 옆 엘리베이터(으)로 2개 층 내려가기 (1F → B2, 엘리베이터) → [B2] 대합실로 이동 → [B2] 표 내는 곳 통과 → 몽촌토성 방면 엘리베이터(으)로 1개 층 내려가기 (B2 → B3, 엘리베이터) → [B3] 몽촌토성 방면 승강장으로 이동 → [B3] 승차 (휠체어칸)","1. 4번 출입구 옆 엘리베이터(으)로 2개 층 내려가기 (1F → B2, 엘리베이터) | 2. [B2] 대합실로 이동 | 3. [B2] 표 내는 곳 통과 | 4. 몽촌토성 방면 엘리베이터(으)로 1개 층 내려가기 (B2 → B3, 엘리베이터) | 5. [B3] 몽촌토성 방면 승강장으로 이동 | 6. [B3] 승차 (휠체어칸)"
S1_8_0204,8호선,몽촌토성,1,출입구-승강장,1,4번 출입구 옆 엘리베이터 → 강동구청 방면,1F → B1 → B2 → B3,8,3,0,"4번 출입구 옆 엘리베이터(으)로 1개 층 내려가기 (1F → B1, 엘리베이터) → [B1] 대합실로 이동 → 엘리베이터(으)로 1개 층 내려가기 (B1 → B2, 엘리베이터) → [B2] 대합실로 이동 → [B2] 표 내는 곳 통과 → 강동구청 방면 엘리베이터(으)로 1개 층 내려가기 (B2 → B3, 엘리베이터) → [B3] 강동구청 방면 승강장으로 이동 → [B3] 승차 (휠체어칸)","1. 4번 출입구 옆 엘리베이터(으)로 1개 층 내려가기 (1F → B1, 엘리베이터) | 2. [B1] 대합실로 이동 | 3. 엘리베이터(으)로 1개 층 내려가기 (B1 → B2, 엘리베이터) | 4. [B2] 대합실로 이동 | 5. [B2] 표 내는 곳 통과 | 6. 강동구청 방면 엘리베이터(으)로 1개 층 내려가기 (B2 → B3, 엘리베이터) | 7. [B3] 강동구청 방면 승강장으로 이동 | 8. [B3] 승차 (휠체어칸)"
S1_8_0204,8호선,몽촌토성,1,출입구-승강장,2,4번 출입구 옆 엘리베이터 → 잠실 방면,1F → B1 → B2 → B3,8,3,0,"4번 출입구 옆 엘리베이터(으)로 1개 층 내려가기 (1F → B1, 엘리베이터) → [B1] 대합실로 이동 → 엘리베이터(으)로 1개 층 내려가기 (B1 → B2, 엘리베이터) → [B2] 대합실로 이동 → [B2] 표 내는 곳 통과 → 잠실 방면 엘리베이터(으)로 1개 층 내려가기 (B2 → B3, 엘리베이터) → [B3] 잠실 방면 승강장으로 이동 → [B3] 승차 (휠체어칸)","1. 4번 출입구 옆 엘리베이터(으)로 1개 층 내려가기 (1F → B1, 엘리베이터) | 2. [B1] 대합실로 이동 | 3. 엘리베이터(으)로 1개 층 내려가기 (B1 → B2, 엘리베이터) | 4. [B2] 대합실로 이동 | 5. [B2] 표 내는 곳 통과 | 6. 잠실 방면 엘리베이터(으)로 1개 층 내려가기 (B2 → B3, 엘리베이터) | 7. [B3] 잠실 방면 승강장으로 이동 | 8. [B3] 승차 (휠체어칸)"
S1_8_0497,8호선,잠실,1,출입구-승강장,1,9번 출입구 옆 엘리베이터 → 몽촌토성 방면,1F → B1 → B3,5,2,0,"9번 출입구 옆 엘리베이터(으)로 1개 층 내려가기 (1F → B1, 엘리베이터) → [B1] 대합실로 이동 → 몽촌토성 방면 엘리베이터(으)로 2개 층 내려가기 (B1 → B3, 엘리베이터) → [B3] 몽촌토성 방면 승강장으로 이동 → [B3] 승차 (휠체어칸)","1. 9번 출입구 옆 엘리베이터(으)로 1개 층 내려가기 (1F → B1, 엘리베이터) | 2. [B1] 대합실로 이동 | 3. 몽촌토성 방면 엘리베이터(으)로 2개 층 내려가기 (B1 → B3, 엘리베이터) | 4. [B3] 몽촌토성 방면 승강장으로 이동 | 5. [B3] 승차 (휠체어칸)"
S1_8_0497,8호선,잠실,1,출입구-승강장,2,9번 출입구 옆 엘리베이터 → 석촌 방면,1F → B1 → B3,5,2,0,"9번 출입구 옆 엘리베이터(으)로 1개 층 내려가기 (1F → B1, 엘리베이터) → [B1] 대합실로 이동 → 석촌 방면 엘리베이터(으)로 2개 층 내려가기 (B1 → B3, 엘리베이터) → [B3] 석촌 방면 승강장으로 이동 → [B3] 승차 (휠체어칸)","1. 9번 출입구 옆 엘리베이터(으)로 1개 층 내려가기 (1F → B1, 엘리베이터) | 2. [B1] 대합실로 이동 | 3. 석촌 방면 엘리베이터(으)로 2개 층 내려가기 (B1 → B3, 엘리베이터) | 4. [B3] 석촌 방면 승강장으로 이동 | 5. [B3] 승차 (휠체어칸)"
S1_8_0497,8호선,잠실,1,출입구-승강장,3,10번 출입구 옆 엘리베이터 → 몽촌토성 방면,1F → B1 → B3,5,2,0,"10번 출입구 옆 엘리베이터(으)로 1개 층 내려가기 (1F → B1, 엘리베이터) → [B1] 대합실로 이동 → 몽촌토성 방면 엘리베이터(으)로 2개 층 내려가기 (B1 → B3, 엘리베이터) → [B3] 몽촌토성 방면 승강장으로 이동 → [B3] 승차 (휠체어칸)","1. 10번 출입구 옆 엘리베이터(으)로 1개 층 내려가기 (1F → B1, 엘리베이터) | 2. [B1] 대합실로 이동 | 3. 몽촌토성 방면 엘리베이터(으)로 2개 층 내려가기 (B1 → B3, 엘리베이터) | 4. [B3] 몽촌토성 방면 승강장으로 이동 | 5. [B3] 승차 (휠체어칸)"
S1_8_0497,8호선,잠실,1,출입구-승강장,4,10번 출입구 옆 엘리베이터 → 석촌 방면,1F → B1 → B3,5,2,0,"10번 출입구 옆 엘리베이터(으)로 1개 층 내려가기 (1F → B1, 엘리베이터) → [B1] 대합실로 이동 → 석촌 방면 엘리베이터(으)로 2개 층 내려가기 (B1 → B3, 엘리베이터) → [B3] 석촌 방면 승강장으로 이동 → [B3] 승차 (휠체어칸)","1. 10번 출입구 옆 엘리베이터(으)로 1개 층 내려가기 (1F → B1, 엘리베이터) | 2. [B1] 대합실로 이동 | 3. 석촌 방면 엘리베이터(으)로 2개 층 내려가기 (B1 → B3, 엘리베이터) | 4. [B3] 석촌 방면 승강장으로 이동 | 5. [B3] 승차 (휠체어칸)"
S1_8_0497,8호선,잠실,3,환승,1,8호선 몽촌토성 방면 → 2호선 잠실나루 방면,B3 → B1 → B2,6,2,0,"[B3] 8호선 몽촌토성 방면 승강장 하차 → 대합실 방향 엘리베이터(으)로 2개 층 올라가기 (B3 → B1, 엘리베이터) → [B1] 2호선 대합실로 이동 → 2호선 잠실나루 방면 엘리베이터(으)로 1개 층 내려가기 (B1 → B2, 엘리베이터) → [B2] 2호선 잠실나루 방면 승강장으로 이동 → [B2] 승차 (휠체어칸)","1. [B3] 8호선 몽촌토성 방면 승강장 하차 | 2. 대합실 방향 엘리베이터(으)로 2개 층 올라가기 (B3 → B1, 엘리베이터) | 3. [B1] 2호선 대합실로 이동 | 4. 2호선 잠실나루 방면 엘리베이터(으)로 1개 층 내려가기 (B1 → B2, 엘리베이터) | 5. [B2] 2호선 잠실나루 방면 승강장으로 이동 | 6. [B2] 승차 (휠체어칸)"
S1_8_0497,8호선,잠실,3,환승,2,8호선 몽촌토성 방면 → 2호선 잠실새내 방면,B3 → B1 → B2,6,2,0,"[B3] 8호선 몽촌토성 방면 승강장 하차 → 대합실 방향 엘리베이터(으)로 2개 층 올라가기 (B3 → B1, 엘리베이터) → [B1] 2호선 대합실로 이동 → 2호선 잠실새내 방면 엘리베이터(으)로 1개 층 내려가기 (B1 → B2, 엘리베이터) → [B2] 2호선 잠실새내 방면 승강장으로 이동 → [B2] 승차 (휠체어칸)","1. [B3] 8호선 몽촌토성 방면 승강장 하차 | 2. 대합실 방향 엘리베이터(으)로 2개 층 올라가기 (B3 → B1, 엘리베이터) | 3. [B1] 2호선 대합실로 이동 | 4. 2호선 잠실새내 방면 엘리베이터(으)로 1개 층 내려가기 (B1 → B2, 엘리베이터) | 5. [B2] 2호선 잠실새내 방면 승강장으로 이동 | 6. [B2] 승차 (휠체어칸)"
S1_8_0497,8호선,잠실,3,환승,3,8호선 석촌 방면 → 2호선 잠실나루 방면,B3 → B1 → B2,6,2,0,"[B3] 8호선 석촌 방면 승강장 하차 → 대합실 방향 엘리베이터(으)로 2개 층 올라가기 (B3 → B1, 엘리베이터) → [B1] 2호선 대합실로 이동 → 2호선 잠실나루 방면 엘리베이터(으)로 1개 층 내려가기 (B1 → B2, 엘리베이터) → [B2] 2호선 잠실나루 방면 승강장으로 이동 → [B2] 승차 (휠체어칸)","1. [B3] 8호선 석촌 방면 승강장 하차 | 2. 대합실 방향 엘리베이터(으)로 2개 층 올라가기 (B3 → B1, 엘리베이터) | 3. [B1] 2호선 대합실로 이동 | 4. 2호선 잠실나루 방면 엘리베이터(으)로 1개 층 내려가기 (B1 → B2, 엘리베이터) | 5. [B2] 2호선 잠실나루 방면 승강장으로 이동 | 6. [B2] 승차 (휠체어칸)"
S1_8_0497,8호선,잠실,3,환승,4,8호선 석촌 방면 → 2호선 잠실새내 방면,B3 → B1 → B2,6,2,0,"[B3] 8호선 석촌 방면 승강장 하차 → 대합실 방향 엘리베이터(으)로 2개 층 올라가기 (B3 → B1, 엘리베이터) → [B1] 2호선 대합실로 이동 → 2호선 잠실새내 방면 엘리베이터(으)로 1개 층 내려가기 (B1 → B2, 엘리베이터) → [B2] 2호선 잠실새내 방면 승강장으로 이동 → [B2] 승차 (휠체어칸)","1. [B3] 8호선 석촌 방면 승강장 하차 | 2. 대합실 방향 엘리베이터(으)로 2개 층 올라가기 (B3 → B1, 엘리베이터) | 3. [B1] 2호선 대합실로 이동 | 4. 2호선 잠실새내 방면 엘리베이터(으)로 1개 층 내려가기 (B1 → B2, 엘리베이터) | 5. [B2] 2호선 잠실새내 방면 승강장으로 이동 | 6. [B2] 승차 (휠체어칸)"
S1_8_0305,8호선,석촌,1,출입구-승강장,1,1번 출입구 옆 엘리베이터 → 잠실 방면,1F → B1 → B2,6,2,0,"1번 출입구 옆 엘리베이터(으)로 1개 층 내려가기 (1F → B1, 엘리베이터) → [B1] 대합실로 이동 → [B1] 표 내는 곳 통과 → 잠실 방면 엘리베이터(으)로 1개 층 내려가기 (B1 → B2, 엘리베이터) → [B2] 잠실 방면 승강장으로 이동 → [B2] 승차 (휠체어칸)","1. 1번 출입구 옆 엘리베이터(으)로 1개 층 내려가기 (1F → B1, 엘리베이터) | 2. [B1] 대합실로 이동 | 3. [B1] 표 내는 곳 통과 | 4. 잠실 방면 엘리베이터(으)로 1개 층 내려가기 (B1 → B2, 엘리베이터) | 5. [B2] 잠실 방면 승강장으로 이동 | 6. [B2] 승차 (휠체어칸)"
S1_8_0305,8호선,석촌,1,출입구-승강장,2,1번 출입구 옆 엘리베이터 → 송파 방면,1F → B1 → B2,6,2,0,"1번 출입구 옆 엘리베이터(으)로 1개 층 내려가기 (1F → B1, 엘리베이터) → [B1] 대합실로 이동 → [B1] 표 내는 곳 통과 → 송파 방면 엘리베이터(으)로 1개 층 내려가기 (B1 → B2, 엘리베이터) → [B2] 송파 방면 승강장으로 이동 → [B2] 승차 (휠체어칸)","1. 1번 출입구 옆 엘리베이터(으)로 1개 층 내려가기 (1F → B1, 엘리베이터) | 2. [B1] 대합실로 이동 | 3. [B1] 표 내는 곳 통과 | 4. 송파 방면 엘리베이터(으)로 1개 층 내려가기 (B1 → B2, 엘리베이터) | 5. [B2] 송파 방면 승강장으로 이동 | 6. [B2] 승차 (휠체어칸)"
S1_8_0305,8호선,석촌,1,출입구-승강장,3,5번 출입구 옆 엘리베이터 → 잠실 방면,1F → B1 → B2,6,2,0,"5번 출입구 옆 엘리베이터(으)로 1개 층 내려가기 (1F → B1, 엘리베이터) → [B1] 대합실로 이동 → [B1] 표 내는 곳 통과 → 잠실 방면 엘리베이터(으)로 1개 층 내려가기 (B1 → B2, 엘리베이터) → [B2] 잠실 방면 승강장으로 이동 → [B2] 승차 (휠체어칸)","1. 5번 출입구 옆 엘리베이터(으)로 1개 층 내려가기 (1F → B1, 엘리베이터) | 2. [B1] 대합실로 이동 | 3. [B1] 표 내는 곳 통과 | 4. 잠실 방면 엘리베이터(으)로 1개 층 내려가기 (B1 → B2, 엘리베이터) | 5. [B2] 잠실 방면 승강장으로 이동 | 6. [B2] 승차 (휠체어칸)"
S1_8_0305,8호선,석촌,1,출입구-승강장,4,5번 출입구 옆 엘리베이터 → 송파 방면,1F → B1 → B2,6,2,0,"5번 출입구 옆 엘리베이터(으)로 1개 층 내려가기 (1F → B1, 엘리베이터) → [B1] 대합실로 이동 → [B1] 표 내는 곳 통과 → 송파 방면 엘리베이터(으)로 1개 층 내려가기 (B1 → B2, 엘리베이터) → [B2] 송파 방면 승강장으로 이동 → [B2] 승차 (휠체어칸)","1. 5번 출입구 옆 엘리베이터(으)로 1개 층 내려가기 (1F → B1, 엘리베이터) | 2. [B1] 대합실로 이동 | 3. [B1] 표 내는 곳 통과 | 4. 송파 방면 엘리베이터(으)로 1개 층 내려가기 (B1 → B2, 엘리베이터) | 5. [B2] 송파 방면 승강장으로 이동 | 6. [B2] 승차 (휠체어칸)"
S1_8_0305,8호선,석촌,3,환승,1,8호선 잠실 방면 → 9호선 송파나루 방면,B2 → B4,4,1,0,"[B2] 8호선 잠실 방면 승강장 하차 → 9호선 승강장 방향 환승 엘리베이터(으)로 2개 층 내려가기 (B2 → B4, 엘리베이터) → [B4] 9호선 송파나루 방면 승강장으로 이동 → [B4] 승차 (휠체어칸)","1. [B2] 8호선 잠실 방면 승강장 하차 | 2. 9호선 승강장 방향 환승 엘리베이터(으)로 2개 층 내려가기 (B2 → B4, 엘리베이터) | 3. [B4] 9호선 송파나루 방면 승강장으로 이동 | 4. [B4] 승차 (휠체어칸)"
S1_8_0305,8호선,석촌,3,환승,2,8호선 잠실 방면 → 9호선 석촌고분 방면,B2 → B4,4,1,0,"[B2] 8호선 잠실 방면 승강장 하차 → 9호선 승강장 방향 환승 엘리베이터(으)로 2개 층 내려가기 (B2 → B4, 엘리베이터) → [B4] 9호선 석촌고분 방면 승강장으로 이동 → [B4] 승차 (휠체어칸)","1. [B2] 8호선 잠실 방면 승강장 하차 | 2. 9호선 승강장 방향 환승 엘리베이터(으)로 2개 층 내려가기 (B2 → B4, 엘리베이터) | 3. [B4] 9호선 석촌고분 방면 승강장으로 이동 | 4. [B4] 승차 (휠체어칸)"
S1_8_0305,8호선,석촌,3,환승,3,8호선 송파 방면 → 9호선 송파나루 방면,B2 → B3 → B4,6,2,0,"[B2] 8호선 송파 방면 승강장 하차 → 9호선 대합실 방향 환승 엘리베이터(으)로 1개 층 내려가기 (B2 → B3, 엘리베이터) → [B3] 9호선 대합실로 이동 → 승강장 방향 엘리베이터(으)로 1개 층 내려가기 (B3 → B4, 엘리베이터) → [B4] 9호선 송파나루 방면 승강장으로 이동 → [B4] 승차 (휠체어칸)","1. [B2] 8호선 송파 방면 승강장 하차 | 2. 9호선 대합실 방향 환승 엘리베이터(으)로 1개 층 내려가기 (B2 → B3, 엘리베이터) | 3. [B3] 9호선 대합실로 이동 | 4. 승강장 방향 엘리베이터(으)로 1개 층 내려가기 (B3 → B4, 엘리베이터) | 5. [B4] 9호선 송파나루 방면 승강장으로 이동 | 6. [B4] 승차 (휠체어칸)"
S1_8_0305,8호선,석촌,3,환승,4,8호선 송파 방면 → 9호선 석촌고분 방면,B2 → B3 → B4,6,2,0,"[B2] 8호선 송파 방면 승강장 하차 → 9호선 대합실 방향 환승 엘리베이터(으)로 1개 층 내려가기 (B2 → B3, 엘리베이터) → [B3] 9호선 대합실로 이동 → 승강장 방향 엘리베이터(으)로 1개 층 내려가기 (B3 → B4, 엘리베이터) → [B4] 9호선 석촌고분 방면 승강장으로 이동 → [B4] 승차 (휠체어칸)","1. [B2] 8호선 송파 방면 승강장 하차 | 2. 9호선 대합실 방향 환승 엘리베이터(으)로 1개 층 내려가기 (B2 → B3, 엘리베이터) | 3. [B3] 9호선 대합실로 이동 | 4. 승강장 방향 엘리베이터(으)로 1개 층 내려가기 (B3 → B4, 엘리베이터) | 5. [B4] 9호선 석촌고분 방면 승강장으로 이동 | 6. [B4] 승차 (휠체어칸)"
S1_8_0332,8호선,송파,1,출입구-승강장,1,2번 출입구 옆 엘리베이터 → 석촌 방면,1F → B1 → B2,6,2,0,"2번 출입구 옆 엘리베이터(으)로 1개 층 내려가기 (1F → B1, 엘리베이터) → [B1] 대합실로 이동 → [B1] 표 내는 곳 통과 → 석촌 방면 엘리베이터(으)로 1개 층 내려가기 (B1 → B2, 엘리베이터) → [B2] 석촌 방면 승강장으로 이동 → [B2] 승차 (1-4, 4-1 휠체어칸)","1. 2번 출입구 옆 엘리베이터(으)로 1개 층 내려가기 (1F → B1, 엘리베이터) | 2. [B1] 대합실로 이동 | 3. [B1] 표 내는 곳 통과 | 4. 석촌 방면 엘리베이터(으)로 1개 층 내려가기 (B1 → B2, 엘리베이터) | 5. [B2] 석촌 방면 승강장으로 이동 | 6. [B2] 승차 (1-4, 4-1 휠체어칸)"
S1_8_0332,8호선,송파,1,출입구-승강장,2,2번 출입구 옆 엘리베이터 → 가락시장 방면,1F → B1 → B2,6,2,0,"2번 출입구 옆 엘리베이터(으)로 1개 층 내려가기 (1F → B1, 엘리베이터) → [B1] 대합실로 이동 → [B1] 표 내는 곳 통과 → 가락시장 방면 엘리베이터(으)로 1개 층 내려가기 (B1 → B2, 엘리베이터) → [B2] 가락시장 방면 승강장으로 이동 → [B2] 승차 (1-4, 4-1 휠체어칸)","1. 2번 출입구 옆 엘리베이터(으)로 1개 층 내려가기 (1F → B1, 엘리베이터) | 2. [B1] 대합실로 이동 | 3. [B1] 표 내는 곳 통과 | 4. 가락시장 방면 엘리베이터(으)로 1개 층 내려가기 (B1 → B2, 엘리베이터) | 5. [B2] 가락시장 방면 승강장으로 이동 | 6. [B2] 승차 (1-4, 4-1 휠체어칸)"
S1_8_0332,8호선,송파,1,출입구-승강장,3,4번 출입구 옆 엘리베이터  → 석촌 방면,1F → B1 → B2,6,2,0,"4번 출입구 근처 엘리베이터(으)로 1개 층 내려가기 (1F → B1, 엘리베이터) → [B1] 대합실로 이동 → [B1] 표 내는 곳 통과 → 석촌 방면 엘리베이터(으)로 1개 층 내려가기 (B1 → B2, 엘리베이터) → [B2] 석촌 방면 승강장으로 이동 → [B2] 승차 (1-4, 4-1 휠체어칸)","1. 4번 출입구 근처 엘리베이터(으)로 1개 층 내려가기 (1F → B1, 엘리베이터) | 2. [B1] 대합실로 이동 | 3. [B1] 표 내는 곳 통과 | 4. 석촌 방면 엘리베이터(으)로 1개 층 내려가기 (B1 → B2, 엘리베이터) | 5. [B2] 석촌 방면 승강장으로 이동 | 6. [B2] 승차 (1-4, 4-1 휠체어칸)"
S1_8_0332,8호선,송파,1,출입구-승강장,4,4번 출입구 옆 엘리베이터  → 가락시장 방면,1F → B1 → B2,6,2,0,"4번 출입구 근처 엘리베이터(으)로 1개 층 내려가기 (1F → B1, 엘리베이터) → [B1] 대합실로 이동 → [B1] 표 내는 곳 통과 → 가락시장 방면 엘리베이터(으)로 1개 층 내려가기 (B1 → B2, 엘리베이터) → [B2] 가락시장 방면 승강장으로 이동 → [B2] 승차 (1-4, 4-1 휠체어칸)","1. 4번 출입구 근처 엘리베이터(으)로 1개 층 내려가기 (1F → B1, 엘리베이터) | 2. [B1] 대합실로 이동 | 3. [B1] 표 내는 곳 통과 | 4. 가락시장 방면 엘리베이터(으)로 1개 층 내려가기 (B1 → B2, 엘리베이터) | 5. [B2] 가락시장 방면 승강장으로 이동 | 6. [B2] 승차 (1-4, 4-1 휠체어칸)"
S1_8_0003,8호선,가락시장,1,출입구-승강장,1,1번 출입구 옆 엘리베이터 → 송파 방면,1F → B1 → B2,6,2,0,"1번 출입구 옆 엘리베이터(으)로 1개 층 내려가기 (1F → B1, 엘리베이터) → [B1] 대합실로 이동 → [B1] 표 내는 곳 통과 → 송파 방면 엘리베이터(으)로 1개 층 내려가기 (B1 → B2, 엘리베이터) → [B2] 송파 방면 승강장으로 이동 → [B2] 승차 (휠체어칸)","1. 1번 출입구 옆 엘리베이터(으)로 1개 층 내려가기 (1F → B1, 엘리베이터) | 2. [B1] 대합실로 이동 | 3. [B1] 표 내는 곳 통과 | 4. 송파 방면 엘리베이터(으)로 1개 층 내려가기 (B1 → B2, 엘리베이터) | 5. [B2] 송파 방면 승강장으로 이동 | 6. [B2] 승차 (휠체어칸)"
S1_8_0003,8호선,가락시장,1,출입구-승강장,2,1번 출입구 옆 엘리베이터 → 문정 방면,1F → B1 → B2,6,2,0,"1번 출입구 옆 엘리베이터(으)로 1개 층 내려가기 (1F → B1, 엘리베이터) → [B1] 대합실로 이동 → [B1] 표 내는 곳 통과 → 문정 방면 엘리베이터(으)로 1개 층 내려가기 (B1 → B2, 엘리베이터) → [B2] 문정 방면 승강장으로 이동 → [B2] 승차 (휠체어칸)","1. 1번 출입구 옆 엘리베이터(으)로 1개 층 내려가기 (1F → B1, 엘리베이터) | 2. [B1] 대합실로 이동 | 3. [B1] 표 내는 곳 통과 | 4. 문정 방면 엘리베이터(으)로 1개 층 내려가기 (B1 → B2, 엘리베이터) | 5. [B2] 문정 방면 승강장으로 이동 | 6. [B2] 승차 (휠체어칸)"
S1_8_0003,8호선,가락시장,1,출입구-승강장,3,4번 출입구 옆 엘리베이터 → 송파 방면,1F → B1 → B2,6,2,0,"4번 출입구 옆 엘리베이터(으)로 1개 층 내려가기 (1F → B1, 엘리베이터) → [B1] 대합실로 이동 → [B1] 표 내는 곳 통과 → 송파 방면 엘리베이터(으)로 1개 층 내려가기 (B1 → B2, 엘리베이터) → [B2] 송파 방면 승강장으로 이동 → [B2] 승차 (휠체어칸)","1. 4번 출입구 옆 엘리베이터(으)로 1개 층 내려가기 (1F → B1, 엘리베이터) | 2. [B1] 대합실로 이동 | 3. [B1] 표 내는 곳 통과 | 4. 송파 방면 엘리베이터(으)로 1개 층 내려가기 (B1 → B2, 엘리베이터) | 5. [B2] 송파 방면 승강장으로 이동 | 6. [B2] 승차 (휠체어칸)"
S1_8_0003,8호선,가락시장,1,출입구-승강장,4,4번 출입구 옆 엘리베이터 → 문정 방면,1F → B1 → B2,6,2,0,"4번 출입구 옆 엘리베이터(으)로 1개 층 내려가기 (1F → B1, 엘리베이터) → [B1] 대합실로 이동 → [B1] 표 내는 곳 통과 → 문정 방면 엘리베이터(으)로 1개 층 내려가기 (B1 → B2, 엘리베이터) → [B2] 문정 방면 승강장으로 이동 → [B2] 승차 (휠체어칸)","1. 4번 출입구 옆 엘리베이터(으)로 1개 층 내려가기 (1F → B1, 엘리베이터) | 2. [B1] 대합실로 이동 | 3. [B1] 표 내는 곳 통과 | 4. 문정 방면 엘리베이터(으)로 1개 층 내려가기 (B1 → B2, 엘리베이터) | 5. [B2] 문정 방면 승강장으로 이동 | 6. [B2] 승차 (휠체어칸)"
S1_8_0003,8호선,가락시장,1,출입구-승강장,5,7번 출입구 옆 엘리베이터 → 송파 방면,1F → B2 → B1 → B2,8,3,0,"7번 출입구 옆 엘리베이터(으)로 2개 층 내려가기 (1F → B2, 엘리베이터) → [B2] 3호선 대합실로 이동 → 8호선 대합실 방향 엘리베이터(으)로 1개 층 올라가기 (B2 → B1, 엘리베이터) → [B1] 8호선 대합실 이동 → [B1] 표 내는 곳 통과 → 송파 방면 엘리베이터(으)로 1개 층 내려가기 (B1 → B2, 엘리베이터) → [B2] 송파 방면 승강장으로 이동 → [B2] 승차 (휠체어칸)","1. 7번 출입구 옆 엘리베이터(으)로 2개 층 내려가기 (1F → B2, 엘리베이터) | 2. [B2] 3호선 대합실로 이동 | 3. 8호선 대합실 방향 엘리베이터(으)로 1개 층 올라가기 (B2 → B1, 엘리베이터) | 4. [B1] 8호선 대합실 이동 | 5. [B1] 표 내는 곳 통과 | 6. 송파 방면 엘리베이터(으)로 1개 층 내려가기 (B1 → B2, 엘리베이터) | 7. [B2] 송파 방면 승강장으로 이동 | 8. [B2] 승차 (휠체어칸)"
S1_8_0003,8호선,가락시장,1,출입구-승강장,6,7번 출입구 옆 엘리베이터 → 문정 방면,1F → B2 → B1 → B2,8,3,0,"7번 출입구 옆 엘리베이터(으)로 2개 층 내려가기 (1F → B2, 엘리베이터) → [B2] 3호선 대합실로 이동 → 8호선 대합실 방향 엘리베이터(으)로 1개 층 올라가기 (B2 → B1, 엘리베이터) → [B1] 8호선 대합실 이동 → [B1] 표 내는 곳 통과 → 문정 방면 엘리베이터(으)로 1개 층 내려가기 (B1 → B2, 엘리베이터) → [B2] 문정 방면 승강장으로 이동 → [B2] 승차 (휠체어칸)","1. 7번 출입구 옆 엘리베이터(으)로 2개 층 내려가기 (1F → B2, 엘리베이터) | 2. [B2] 3호선 대합실로 이동 | 3. 8호선 대합실 방향 엘리베이터(으)로 1개 층 올라가기 (B2 → B1, 엘리베이터) | 4. [B1] 8호선 대합실 이동 | 5. [B1] 표 내는 곳 통과 | 6. 문정 방면 엘리베이터(으)로 1개 층 내려가기 (B1 → B2, 엘리베이터) | 7. [B2] 문정 방면 승강장으로 이동 | 8. [B2] 승차 (휠체어칸)"
S1_8_0003,8호선,가락시장,3,환승,1,8호선 송파 방면 → 3호선 수서 방면,B2 → B4,6,1,0,"[B2] 8호선 송파 방면 승강장 하차 → [B2] 환승통로로 이동 → [B2] 3호선 대합실로 이동 → 3호선 수서 방면 엘리베이터(으)로 2개 층 내려가기 (B2 → B4, 엘리베이터) → [B4] 3호선 수서 방면 승강장으로 이동 → [B4] 승차 (휠체어칸)","1. [B2] 8호선 송파 방면 승강장 하차 | 2. [B2] 환승통로로 이동 | 3. [B2] 3호선 대합실로 이동 | 4. 3호선 수서 방면 엘리베이터(으)로 2개 층 내려가기 (B2 → B4, 엘리베이터) | 5. [B4] 3호선 수서 방면 승강장으로 이동 | 6. [B4] 승차 (휠체어칸)"
S1_8_0003,8호선,가락시장,3,환승,2,8호선 송파 방면 → 3호선 경찰병원 방면,B2 → B4,6,1,0,"[B2] 8호선 송파 방면 승강장 하차 → [B2] 환승통로로 이동 → [B2] 3호선 대합실로 이동 → 3호선 경찰병원 방면 엘리베이터(으)로 2개 층 내려가기 (B2 → B4, 엘리베이터) → [B4] 3호선 경찰병원 방면 승강장으로 이동 → [B4] 승차 (휠체어칸)","1. [B2] 8호선 송파 방면 승강장 하차 | 2. [B2] 환승통로로 이동 | 3. [B2] 3호선 대합실로 이동 | 4. 3호선 경찰병원 방면 엘리베이터(으)로 2개 층 내려가기 (B2 → B4, 엘리베이터) | 5. [B4] 3호선 경찰병원 방면 승강장으로 이동 | 6. [B4] 승차 (휠체어칸)"
S1_8_0003,8호선,가락시장,3,환승,3,8호선 문정 방면 → 3호선 수서 방면,B2 → B4,6,1,0,"[B2] 8호선 문정 방면 승강장 하차 → [B2] 환승통로로 이동 → [B2] 3호선 대합실로 이동 → 3호선 수서 방면 엘리베이터(으)로 2개 층 내려가기 (B2 → B4, 엘리베이터) → [B4] 3호선 수서 방면 승강장으로 이동 → [B4] 승차 (휠체어칸)","1. [B2] 8호선 문정 방면 승강장 하차 | 2. [B2] 환승통로로 이동 | 3. [B2] 3호선 대합실로 이동 | 4. 3호선 수서 방면 엘리베이터(으)로 2개 층 내려가기 (B2 → B4, 엘리베이터) | 5. [B4] 3호선 수서 방면 승강장으로 이동 | 6. [B4] 승차 (휠체어칸)"
S1_8_0003,8호선,가락시장,3,환승,4,8호선 문정 방면 → 3호선 경찰병원 방면,B2 → B4,6,1,0,"[B2] 8호선 문정 방면 승강장 하차 → [B2] 환승통로로 이동 → [B2] 3호선 대합실로 이동 → 3호선 경찰병원 방면 엘리베이터(으)로 2개 층 내려가기 (B2 → B4, 엘리베이터) → [B4] 3호선 경찰병원 방면 승강장으로 이동 → [B4] 승차 (휠체어칸)","1. [B2] 8호선 문정 방면 승강장 하차 | 2. [B2] 환승통로로 이동 | 3. [B2] 3호선 대합실로 이동 | 4. 3호선 경찰병원 방면 엘리베이터(으)로 2개 층 내려가기 (B2 → B4, 엘리베이터) | 5. [B4] 3호선 경찰병원 방면 승강장으로 이동 | 6. [B4] 승차 (휠체어칸)"
S1_8_0208,8호선,문정,1,출입구-승강장,1,2번 출입구 옆 엘리베이터 → 가락시장 방면,1F → B1 → B2,6,2,0,"2번 출입구 옆 엘리베이터(으)로 1개 층 내려가기 (1F → B1, 엘리베이터) → [B1] 대합실로 이동 → [B1] 표 내는 곳 통과 → 가락시장 방면 엘리베이터(으)로 1개 층 내려가기 (B1 → B2, 엘리베이터) → [B2] 가락시장 방면 승강장으로 이동 → [B2] 승차 (휠체어칸)","1. 2번 출입구 옆 엘리베이터(으)로 1개 층 내려가기 (1F → B1, 엘리베이터) | 2. [B1] 대합실로 이동 | 3. [B1] 표 내는 곳 통과 | 4. 가락시장 방면 엘리베이터(으)로 1개 층 내려가기 (B1 → B2, 엘리베이터) | 5. [B2] 가락시장 방면 승강장으로 이동 | 6. [B2] 승차 (휠체어칸)"
S1_8_0208,8호선,문정,1,출입구-승강장,2,2번 출입구 옆 엘리베이터 → 장지 방면,1F → B1 → B2,6,2,0,"2번 출입구 옆 엘리베이터(으)로 1개 층 내려가기 (1F → B1, 엘리베이터) → [B1] 대합실로 이동 → [B1] 표 내는 곳 통과 → 장지 방면 엘리베이터(으)로 1개 층 내려가기 (B1 → B2, 엘리베이터) → [B2] 장지 방면 승강장으로 이동 → [B2] 승차 (휠체어칸)","1. 2번 출입구 옆 엘리베이터(으)로 1개 층 내려가기 (1F → B1, 엘리베이터) | 2. [B1] 대합실로 이동 | 3. [B1] 표 내는 곳 통과 | 4. 장지 방면 엘리베이터(으)로 1개 층 내려가기 (B1 → B2, 엘리베이터) | 5. [B2] 장지 방면 승강장으로 이동 | 6. [B2] 승차 (휠체어칸)"
S1_8_0208,8호선,문정,1,출입구-승강장,3,4번 출입구 근처 엘리베이터 → 가락시장 방면,1F → B1 → B2,6,2,0,"4번 출입구 근처 엘리베이터(으)로 1개 층 내려가기 (1F → B1, 엘리베이터) → [B1] 대합실로 이동 → [B1] 표 내는 곳 통과 → 가락시장 방면 엘리베이터(으)로 1개 층 내려가기 (B1 → B2, 엘리베이터) → [B2] 가락시장 방면 승강장으로 이동 → [B2] 승차 (휠체어칸)","1. 4번 출입구 근처 엘리베이터(으)로 1개 층 내려가기 (1F → B1, 엘리베이터) | 2. [B1] 대합실로 이동 | 3. [B1] 표 내는 곳 통과 | 4. 가락시장 방면 엘리베이터(으)로 1개 층 내려가기 (B1 → B2, 엘리베이터) | 5. [B2] 가락시장 방면 승강장으로 이동 | 6. [B2] 승차 (휠체어칸)"
S1_8_0208,8호선,문정,1,출입구-승강장,4,4번 출입구 근처 엘리베이터 → 장지 방면,1F → B1 → B2,6,2,0,"4번 출입구 근처 엘리베이터(으)로 1개 층 내려가기 (1F → B1, 엘리베이터) → [B1] 대합실로 이동 → [B1] 표 내는 곳 통과 → 장지 방면 엘리베이터(으)로 1개 층 내려가기 (B1 → B2, 엘리베이터) → [B2] 장지 방면 승강장으로 이동 → [B2] 승차 (휠체어칸)","1. 4번 출입구 근처 엘리베이터(으)로 1개 층 내려가기 (1F → B1, 엘리베이터) | 2. [B1] 대합실로 이동 | 3. [B1] 표 내는 곳 통과 | 4. 장지 방면 엘리베이터(으)로 1개 층 내려가기 (B1 → B2, 엘리베이터) | 5. [B2] 장지 방면 승강장으로 이동 | 6. [B2] 승차 (휠체어칸)"
S1_8_0208,8호선,문정,1,출입구-승강장,5,3번 출입구 근처 엘리베이터  → 가락시장 방면,1F → B1 → B2,6,2,0,"3번 출입구 근처 엘리베이터(으)로 1개 층 내려가기 (1F → B1, 엘리베이터) → [B1] 대합실로 이동 → [B1] 표 내는 곳 통과 → 가락시장 방면 엘리베이터(으)로 1개 층 내려가기 (B1 → B2, 엘리베이터) → [B2] 가락시장 방면 승강장으로 이동 → [B2] 승차 (휠체어칸)","1. 3번 출입구 근처 엘리베이터(으)로 1개 층 내려가기 (1F → B1, 엘리베이터) | 2. [B1] 대합실로 이동 | 3. [B1] 표 내는 곳 통과 | 4. 가락시장 방면 엘리베이터(으)로 1개 층 내려가기 (B1 → B2, 엘리베이터) | 5. [B2] 가락시장 방면 승강장으로 이동 | 6. [B2] 승차 (휠체어칸)"
S1_8_0208,8호선,문정,1,출입구-승강장,6,3번 출입구 근처 엘리베이터  → 장지 방면,1F → B1 → B2,6,2,0,"3번 출입구 근처 엘리베이터(으)로 1개 층 내려가기 (1F → B1, 엘리베이터) → [B1] 대합실로 이동 → [B1] 표 내는 곳 통과 → 장지 방면 엘리베이터(으)로 1개 층 내려가기 (B1 → B2, 엘리베이터) → [B2] 장지 방면 승강장으로 이동 → [B2] 승차 (휠체어칸)","1. 3번 출입구 근처 엘리베이터(으)로 1개 층 내려가기 (1F → B1, 엘리베이터) | 2. [B1] 대합실로 이동 | 3. [B1] 표 내는 곳 통과 | 4. 장지 방면 엘리베이터(으)로 1개 층 내려가기 (B1 → B2, 엘리베이터) | 5. [B2] 장지 방면 승강장으로 이동 | 6. [B2] 승차 (휠체어칸)"
S1_8_0504,8호선,장지,1,출입구-승강장,1,1번 출입구 옆 엘리베이터 → 문정 방면,1F → B1 → B2,6,2,0,"1번 출입구 옆 엘리베이터(으)로 1개 층 내려가기 (1F → B1, 엘리베이터) → [B1] 대합실로 이동 → [B1] 표 내는 곳 통과 → 문정 방면 엘리베이터(으)로 1개 층 내려가기 (B1 → B2, 엘리베이터) → [B2] 문정 방면 승강장으로 이동 → [B2] 승차 (휠체어칸)","1. 1번 출입구 옆 엘리베이터(으)로 1개 층 내려가기 (1F → B1, 엘리베이터) | 2. [B1] 대합실로 이동 | 3. [B1] 표 내는 곳 통과 | 4. 문정 방면 엘리베이터(으)로 1개 층 내려가기 (B1 → B2, 엘리베이터) | 5. [B2] 문정 방면 승강장으로 이동 | 6. [B2] 승차 (휠체어칸)"
S1_8_0504,8호선,장지,1,출입구-승강장,2,1번 출입구 옆 엘리베이터 → 복정 방면,1F → B1 → B2,6,2,0,"1번 출입구 옆 엘리베이터(으)로 1개 층 내려가기 (1F → B1, 엘리베이터) → [B1] 대합실로 이동 → [B1] 표 내는 곳 통과 → 복정 방면 엘리베이터(으)로 1개 층 내려가기 (B1 → B2, 엘리베이터) → [B2] 복정 방면 승강장으로 이동 → [B2] 승차 (휠체어칸)","1. 1번 출입구 옆 엘리베이터(으)로 1개 층 내려가기 (1F → B1, 엘리베이터) | 2. [B1] 대합실로 이동 | 3. [B1] 표 내는 곳 통과 | 4. 복정 방면 엘리베이터(으)로 1개 층 내려가기 (B1 → B2, 엘리베이터) | 5. [B2] 복정 방면 승강장으로 이동 | 6. [B2] 승차 (휠체어칸)"
S1_8_0504,8호선,장지,1,출입구-승강장,3,4번 출입구 옆 엘리베이터 → 문정 방면,1F → B1 → B2,6,2,0,"4번 출입구 옆 엘리베이터(으)로 1개 층 내려가기 (1F → B1, 엘리베이터) → [B1] 대합실로 이동 → [B1] 표 내는 곳 통과 → 문정 방면 엘리베이터(으)로 1개 층 내려가기 (B1 → B2, 엘리베이터) → [B2] 문정 방면 승강장으로 이동 → [B2] 승차 (휠체어칸)","1. 4번 출입구 옆 엘리베이터(으)로 1개 층 내려가기 (1F → B1, 엘리베이터) | 2. [B1] 대합실로 이동 | 3. [B1] 표 내는 곳 통과 | 4. 문정 방면 엘리베이터(으)로 1개 층 내려가기 (B1 → B2, 엘리베이터) | 5. [B2] 문정 방면 승강장으로 이동 | 6. [B2] 승차 (휠체어칸)"
S1_8_0504,8호선,장지,1,출입구-승강장,4,4번 출입구 옆 엘리베이터 → 복정 방면,1F → B1 → B2,6,2,0,"4번 출입구 옆 엘리베이터(으)로 1개 층 내려가기 (1F → B1, 엘리베이터) → [B1] 대합실로 이동 → [B1] 표 내는 곳 통과 → 복정 방면 엘리베이터(으)로 1개 층 내려가기 (B1 → B2, 엘리베이터) → [B2] 복정 방면 승강장으로 이동 → [B2] 승차 (휠체어칸)","1. 4번 출입구 옆 엘리베이터(으)로 1개 층 내려가기 (1F → B1, 엘리베이터) | 2. [B1] 대합실로 이동 | 3. [B1] 표 내는 곳 통과 | 4. 복정 방면 엘리베이터(으)로 1개 층 내려가기 (B1 → B2, 엘리베이터) | 5. [B2] 복정 방면 승강장으로 이동 | 6. [B2] 승차 (휠체어칸)"
S1_8_0238,8호선,복정,1,출입구-승강장,1,1번 출입구 엘리베이터 → 장지 방면,1F → B1 → B2,6,2,0,"1번 출입구 옆 2호기 엘리베이터(으)로 1개 층 내려가기 (1F → B1, 엘리베이터) → [B1] 대합실로 이동 → [B1] 표 내는 곳 통과 → 승강장 방향 엘리베이터(으)로 1개 층 내려가기 (B1 → B2, 엘리베이터) → [B2] 장지 방면 승강장으로 이동 → [B2] 승차 (휠체어칸)","1. 1번 출입구 옆 2호기 엘리베이터(으)로 1개 층 내려가기 (1F → B1, 엘리베이터) | 2. [B1] 대합실로 이동 | 3. [B1] 표 내는 곳 통과 | 4. 승강장 방향 엘리베이터(으)로 1개 층 내려가기 (B1 → B2, 엘리베이터) | 5. [B2] 장지 방면 승강장으로 이동 | 6. [B2] 승차 (휠체어칸)"
S1_8_0238,8호선,복정,1,출입구-승강장,2,1번 출입구 엘리베이터 → 남위례 방면,1F → B1 → B2,6,2,0,"1번 출입구 옆 2호기 엘리베이터(으)로 1개 층 내려가기 (1F → B1, 엘리베이터) → [B1] 대합실로 이동 → [B1] 표 내는 곳 통과 → 승강장 방향 엘리베이터(으)로 1개 층 내려가기 (B1 → B2, 엘리베이터) → [B2] 남위례 방면 승강장으로 이동 → [B2] 승차 (휠체어칸)","1. 1번 출입구 옆 2호기 엘리베이터(으)로 1개 층 내려가기 (1F → B1, 엘리베이터) | 2. [B1] 대합실로 이동 | 3. [B1] 표 내는 곳 통과 | 4. 승강장 방향 엘리베이터(으)로 1개 층 내려가기 (B1 → B2, 엘리베이터) | 5. [B2] 남위례 방면 승강장으로 이동 | 6. [B2] 승차 (휠체어칸)"
S1_8_0238,8호선,복정,3,환승,1,8호선 장지 방면 → 수인분당선 수서 방면,B2 → B3,4,1,0,"[B2] 8호선 장지 방면 승강장 하차 → 수인분당선 승강장 방향 엘리베이터(으)로 1개 층 내려가기 (B2 → B3, 엘리베이터) → [B3] 수인분당선 수서 방면 승강장으로 이동 → [B3] 승차 (휠체어칸)","1. [B2] 8호선 장지 방면 승강장 하차 | 2. 수인분당선 승강장 방향 엘리베이터(으)로 1개 층 내려가기 (B2 → B3, 엘리베이터) | 3. [B3] 수인분당선 수서 방면 승강장으로 이동 | 4. [B3] 승차 (휠체어칸)"
S1_8_0238,8호선,복정,3,환승,2,8호선 장지 방면 → 수인분당선 가천대 방면,B2 → B3,4,1,0,"[B2] 8호선 장지 방면 승강장 하차 → 수인분당선 승강장 방향 엘리베이터(으)로 1개 층 내려가기 (B2 → B3, 엘리베이터) → [B3] 수인분당선 가천대 방면 승강장으로 이동 → [B3] 승차 (휠체어칸)","1. [B2] 8호선 장지 방면 승강장 하차 | 2. 수인분당선 승강장 방향 엘리베이터(으)로 1개 층 내려가기 (B2 → B3, 엘리베이터) | 3. [B3] 수인분당선 가천대 방면 승강장으로 이동 | 4. [B3] 승차 (휠체어칸)"
S1_8_0238,8호선,복정,3,환승,3,8호선 남위례 방면 → 수인분당선 수서 방면,B2 → B3,4,1,0,"[B2] 8호선 남위례 방면 승강장 하차 → 수인분당선 승강장 방향 엘리베이터(으)로 1개 층 내려가기 (B2 → B3, 엘리베이터) → [B3] 수인분당선 수서 방면 승강장으로 이동 → [B3] 승차 (휠체어칸)","1. [B2] 8호선 남위례 방면 승강장 하차 | 2. 수인분당선 승강장 방향 엘리베이터(으)로 1개 층 내려가기 (B2 → B3, 엘리베이터) | 3. [B3] 수인분당선 수서 방면 승강장으로 이동 | 4. [B3] 승차 (휠체어칸)"
S1_8_0238,8호선,복정,3,환승,4,8호선 남위례 방면 → 수인분당선 가천대 방면,B2 → B3,4,1,0,"[B2] 8호선 남위례 방면 승강장 하차 → 수인분당선 승강장 방향 엘리베이터(으)로 1개 층 내려가기 (B2 → B3, 엘리베이터) → [B3] 수인분당선 가천대 방면 승강장으로 이동 → [B3] 승차 (휠체어칸)","1. [B2] 8호선 남위례 방면 승강장 하차 | 2. 수인분당선 승강장 방향 엘리베이터(으)로 1개 층 내려가기 (B2 → B3, 엘리베이터) | 3. [B3] 수인분당선 가천대 방면 승강장으로 이동 | 4. [B3] 승차 (휠체어칸)"
S1_8_1366,8호선,남위례,1,출입구-승강장,1,5번출입구옆 엘리베이터 → 암사 방면,,3,0,0,2층 대합실로 이동 → 표내는 곳 통과 후 암사방면 승강장으로 이동하여 탑승(휠체어) → 5번출입구옆 1층 엘리베이터(2호기) 이용 (엘리베이터),1. 2층 대합실로 이동 | 2. 표내는 곳 통과 후 암사방면 승강장으로 이동하여 탑승(휠체어) | 3. 5번출입구옆 1층 엘리베이터(2호기) 이용 (엘리베이터)
S1_8_1366,8호선,남위례,1,출입구-승강장,2,5번출입구옆 엘리베이터 → 모란방면,,3,0,0,3층 대합실로 이동 → 모란방면 승강장으로 이동하여 탑승(휠체어) → 표내는 곳 통과 후 엘리베이터(3호기) 이용 (엘리베이터),1. 3층 대합실로 이동 | 2. 모란방면 승강장으로 이동하여 탑승(휠체어) | 3. 표내는 곳 통과 후 엘리베이터(3호기) 이용 (엘리베이터)
S1_8_0261,8호선,산성,1,출입구-승강장,1,3번 출입구 옆 엘리베이터 → 남위례 방면,1F → B1 → B2 → B3,8,3,0,"3번 출입구 옆 엘리베이터(으)로 1개 층 내려가기 (1F → B1, 엘리베이터) → [B1] 대합실로 이동 → [B1] 표 내는 곳 통과 → 경사 엘리베이터(으)로 1개 층 내려가기 (B1 → B2, 엘리베이터) → [B2] 대합실로 이동 → 남위례 방면 경사 엘리베이터(으)로 1개 층 내려가기 (B2 → B3, 엘리베이터) → [B3] 남위례 방면 승강장으로 이동 → [B3] 승차 (휠체어칸)","1. 3번 출입구 옆 엘리베이터(으)로 1개 층 내려가기 (1F → B1, 엘리베이터) | 2. [B1] 대합실로 이동 | 3. [B1] 표 내는 곳 통과 | 4. 경사 엘리베이터(으)로 1개 층 내려가기 (B1 → B2, 엘리베이터) | 5. [B2] 대합실로 이동 | 6. 남위례 방면 경사 엘리베이터(으)로 1개 층 내려가기 (B2 → B3, 엘리베이터) | 7. [B3] 남위례 방면 승강장으로 이동 | 8. [B3] 승차 (휠체어칸)"
S1_8_0261,8호선,산성,1,출입구-승강장,2,3번 출입구 옆 엘리베이터 → 남한산성입구 방면,1F → B1 → B2 → B3,8,3,0,"3번 출입구 옆 엘리베이터(으)로 1개 층 내려가기 (1F → B1, 엘리베이터) → [B1] 대합실로 이동 → [B1] 표 내는 곳 통과 → 경사 엘리베이터(으)로 1개 층 내려가기 (B1 → B2, 엘리베이터) → [B2] 대합실로 이동 → 남한산성입구 방면 경사 엘리베이터(으)로 1개 층 내려가기 (B2 → B3, 엘리베이터) → [B3] 남한산성입구 방면 승강장으로 이동 → [B3] 승차 (휠체어칸)","1. 3번 출입구 옆 엘리베이터(으)로 1개 층 내려가기 (1F → B1, 엘리베이터) | 2. [B1] 대합실로 이동 | 3. [B1] 표 내는 곳 통과 | 4. 경사 엘리베이터(으)로 1개 층 내려가기 (B1 → B2, 엘리베이터) | 5. [B2] 대합실로 이동 | 6. 남한산성입구 방면 경사 엘리베이터(으)로 1개 층 내려가기 (B2 → B3, 엘리베이터) | 7. [B3] 남한산성입구 방면 승강장으로 이동 | 8. [B3] 승차 (휠체어칸)"
S1_8_0111,8호선,남한산성입구,1,출입구-승강장,1,3번 출입구 옆 엘리베이터 → 산성 방면,1F → B2 → B3,6,2,0,"3번 출입구 옆 엘리베이터(으)로 2개 층 내려가기 (1F → B2, 엘리베이터) → [B2] 대합실로 이동 → [B2] 표 내는 곳 통과 → 산성 방면 엘리베이터(으)로 1개 층 내려가기 (B2 → B3, 엘리베이터) → [B3] 산성 방면 승강장으로 이동 → [B3] 승차 (휠체어칸)","1. 3번 출입구 옆 엘리베이터(으)로 2개 층 내려가기 (1F → B2, 엘리베이터) | 2. [B2] 대합실로 이동 | 3. [B2] 표 내는 곳 통과 | 4. 산성 방면 엘리베이터(으)로 1개 층 내려가기 (B2 → B3, 엘리베이터) | 5. [B3] 산성 방면 승강장으로 이동 | 6. [B3] 승차 (휠체어칸)"
S1_8_0111,8호선,남한산성입구,1,출입구-승강장,2,3번 출입구 옆 엘리베이터 → 단대오거리 방면,1F → B3,4,1,0,"3번 출입구 옆 엘리베이터(으)로 3개 층 내려가기 (1F → B3, 엘리베이터) → [B3] 단대오거리 방면 승강장으로 이동 → [B3] 표 내는 곳 통과 → [B3] 승차 (휠체어칸)","1. 3번 출입구 옆 엘리베이터(으)로 3개 층 내려가기 (1F → B3, 엘리베이터) | 2. [B3] 단대오거리 방면 승강장으로 이동 | 3. [B3] 표 내는 곳 통과 | 4. [B3] 승차 (휠체어칸)"
S1_8_0122,8호선,단대오거리,1,출입구-승강장,1,4번 출입구 옆 엘리베이터 → 남한산성입구 방면,1F → B1 → B3,5,2,0,"4번 출입구 근처 엘리베이터(으)로 1개 층 내려가기 (1F → B1, 엘리베이터) → [B1] 지하1층으로 이동 → 남한산성입구 방면 엘리베이터(으)로 2개 층 내려가기 (B1 → B3, 엘리베이터) → [B3] 지하3층으로 이동 → [B3] 승강장으로 이동","1. 4번 출입구 근처 엘리베이터(으)로 1개 층 내려가기 (1F → B1, 엘리베이터) | 2. [B1] 지하1층으로 이동 | 3. 남한산성입구 방면 엘리베이터(으)로 2개 층 내려가기 (B1 → B3, 엘리베이터) | 4. [B3] 지하3층으로 이동 | 5. [B3] 승강장으로 이동"
S1_8_0122,8호선,단대오거리,1,출입구-승강장,2,4번 출입구 옆 엘리베이터 → 신흥 방면,1F → B1 → B3,5,2,0,"4번 출입구 근처 엘리베이터(으)로 1개 층 내려가기 (1F → B1, 엘리베이터) → [B1] 지하1층으로 이동 → 신흥 방면 엘리베이터(으)로 2개 층 내려가기 (B1 → B3, 엘리베이터) → [B3] 지하3층으로 이동 → [B3] 승강장으로 이동","1. 4번 출입구 근처 엘리베이터(으)로 1개 층 내려가기 (1F → B1, 엘리베이터) | 2. [B1] 지하1층으로 이동 | 3. 신흥 방면 엘리베이터(으)로 2개 층 내려가기 (B1 → B3, 엘리베이터) | 4. [B3] 지하3층으로 이동 | 5. [B3] 승강장으로 이동"
S1_8_0379,8호선,신흥,1,출입구-승강장,1,"3, 4번 출입구 사이 엘리베이터 → 단대오거리 방면",1F → B1 → B2,6,2,0,"3, 4번 출입구 사이 엘리베이터(으)로 1개 층 내려가기 (1F → B1, 엘리베이터) → [B1] 대합실로 이동 → [B1] 표 내는 곳 통과 → 단대오거리 방면 엘리베이터(으)로 1개 층 내려가기 (B1 → B2, 엘리베이터) → [B2] 단대오거리 방면 승강장으로 이동 → [B2] 승차 (휠체어칸)","1. 3, 4번 출입구 사이 엘리베이터(으)로 1개 층 내려가기 (1F → B1, 엘리베이터) | 2. [B1] 대합실로 이동 | 3. [B1] 표 내는 곳 통과 | 4. 단대오거리 방면 엘리베이터(으)로 1개 층 내려가기 (B1 → B2, 엘리베이터) | 5. [B2] 단대오거리 방면 승강장으로 이동 | 6. [B2] 승차 (휠체어칸)"
S1_8_0379,8호선,신흥,1,출입구-승강장,2,"3, 4번 출입구 사이 → 수진 방면",1F → B1 → B2,6,2,0,"3, 4번 출입구 사이 엘리베이터(으)로 1개 층 내려가기 (1F → B1, 엘리베이터) → [B1] 대합실로 이동 → [B1] 표 내는 곳 통과 → 수진 방면 엘리베이터(으)로 1개 층 내려가기 (B1 → B2, 엘리베이터) → [B2] 수진 방면 승강장으로 이동 → [B2] 승차 (휠체어칸)","1. 3, 4번 출입구 사이 엘리베이터(으)로 1개 층 내려가기 (1F → B1, 엘리베이터) | 2. [B1] 대합실로 이동 | 3. [B1] 표 내는 곳 통과 | 4. 수진 방면 엘리베이터(으)로 1개 층 내려가기 (B1 → B2, 엘리베이터) | 5. [B2] 수진 방면 승강장으로 이동 | 6. [B2] 승차 (휠체어칸)"
S1_8_0342,8호선,수진,1,출입구-승강장,1,3번 출입구 옆 엘리베이터 → 신흥 방면,1F → B1 → B2,6,2,0,"3번 출입구 옆 엘리베이터(으)로 1개 층 내려가기 (1F → B1, 엘리베이터) → [B1] 대합실로 이동 → [B1] 표 내는 곳 통과 → 신흥 방면 엘리베이터(으)로 1개 층 내려가기 (B1 → B2, 엘리베이터) → [B2] 신흥 방면 승강장으로 이동 → [B2] 승차 (휠체어칸)","1. 3번 출입구 옆 엘리베이터(으)로 1개 층 내려가기 (1F → B1, 엘리베이터) | 2. [B1] 대합실로 이동 | 3. [B1] 표 내는 곳 통과 | 4. 신흥 방면 엘리베이터(으)로 1개 층 내려가기 (B1 → B2, 엘리베이터) | 5. [B2] 신흥 방면 승강장으로 이동 | 6. [B2] 승차 (휠체어칸)"
S1_8_0342,8호선,수진,1,출입구-승강장,2,3번 출입구 옆 엘리베이터 → 모란 방면,1F → B1 → B2,6,2,0,"3번 출입구 옆 엘리베이터(으)로 1개 층 내려가기 (1F → B1, 엘리베이터) → [B1] 대합실로 이동 → [B1] 표 내는 곳 통과 → 모란 방면 엘리베이터(으)로 1개 층 내려가기 (B1 → B2, 엘리베이터) → [B2] 모란 방면 승강장으로 이동 → [B2] 승차 (휠체어칸)","1. 3번 출입구 옆 엘리베이터(으)로 1개 층 내려가기 (1F → B1, 엘리베이터) | 2. [B1] 대합실로 이동 | 3. [B1] 표 내는 곳 통과 | 4. 모란 방면 엘리베이터(으)로 1개 층 내려가기 (B1 → B2, 엘리베이터) | 5. [B2] 모란 방면 승강장으로 이동 | 6. [B2] 승차 (휠체어칸)"
S1_8_0201,8호선,모란,1,출입구-승강장,1,11번 출입구 휠체어리프트 → 수진 방면,1F → B1 → B3,5,2,0,"11번 출입구 엘리베이터(으)로 1개 층 내려가기 (1F → B1, 엘리베이터) → [B1] 대합실로 이동 → 승강장 방향 엘리베이터(으)로 2개 층 내려가기 (B1 → B3, 엘리베이터) → [B3] 수진 방면 승강장으로 이동 → [B3] 승차 (휠체어칸)","1. 11번 출입구 엘리베이터(으)로 1개 층 내려가기 (1F → B1, 엘리베이터) | 2. [B1] 대합실로 이동 | 3. 승강장 방향 엘리베이터(으)로 2개 층 내려가기 (B1 → B3, 엘리베이터) | 4. [B3] 수진 방면 승강장으로 이동 | 5. [B3] 승차 (휠체어칸)"
S1_8_0201,8호선,모란,3,환승,1,8호선 수진 방면 → 수인분당선 태평 방면,B3 → B1 → B2,8,2,0,"[B3] 8호선 수진 방면 승강장 하차 → 대합실 방향 엘리베이터(으)로 2개 층 올라가기 (B3 → B1, 엘리베이터) → [B1] 대합실로 이동 → [B1] 환승통로로 이동 → [B1] 수인분당선 대합실로 이동 → 수인분당선 태평 방면 엘리베이터(으)로 1개 층 내려가기 (B1 → B2, 엘리베이터) → [B2] 수인분당선 태평 방면 승강장으로 이동 → [B2] 승차 (휠체어칸)","1. [B3] 8호선 수진 방면 승강장 하차 | 2. 대합실 방향 엘리베이터(으)로 2개 층 올라가기 (B3 → B1, 엘리베이터) | 3. [B1] 대합실로 이동 | 4. [B1] 환승통로로 이동 | 5. [B1] 수인분당선 대합실로 이동 | 6. 수인분당선 태평 방면 엘리베이터(으)로 1개 층 내려가기 (B1 → B2, 엘리베이터) | 7. [B2] 수인분당선 태평 방면 승강장으로 이동 | 8. [B2] 승차 (휠체어칸)"
S1_8_0201,8호선,모란,3,환승,2,8호선 수진 방면 → 수인분당선 야탑 방면,B3 → B1 → B2,8,2,0,"[B3] 8호선 수진 방면 승강장 하차 → 대합실 방향 엘리베이터(으)로 2개 층 올라가기 (B3 → B1, 엘리베이터) → [B1] 대합실로 이동 → [B1] 환승통로로 이동 → [B1] 수인분당선 대합실로 이동 → 수인분당선 야탑 방면 엘리베이터(으)로 1개 층 내려가기 (B1 → B2, 엘리베이터) → [B2] 수인분당선 야탑 방면 승강장으로 이동 → [B2] 승차 (휠체어칸)","1. [B3] 8호선 수진 방면 승강장 하차 | 2. 대합실 방향 엘리베이터(으)로 2개 층 올라가기 (B3 → B1, 엘리베이터) | 3. [B1] 대합실로 이동 | 4. [B1] 환승통로로 이동 | 5. [B1] 수인분당선 대합실로 이동 | 6. 수인분당선 야탑 방면 엘리베이터(으)로 1개 층 내려가기 (B1 → B2, 엘리베이터) | 7. [B2] 수인분당선 야탑 방면 승강장으로 이동 | 8. [B2] 승차 (휠체어칸)"
S1_8_0201,8호선,모란,3,환승,3,8호선 모란(종착역) → 수인분당선 태평 방면,B3 → B2 → B1 → B2,10,3,0,"[B3] 8호선 모란(종착역)  승강장 하차 → 대합실 방향 엘리베이터(으)로 1개 층 올라가기 (B3 → B2, 엘리베이터) → [B2] 대합실로 이동 → 대합실 방향 엘리베이터(으)로 1개 층 올라가기 (B2 → B1, 엘리베이터) → [B1] 대합실로 이동 → [B1] 환승통로로 이동 → [B1] 수인분당선 대합실로 이동 → 수인분당선 태평 방면 엘리베이터(으)로 1개 층 내려가기 (B1 → B2, 엘리베이터) → [B2] 수인분당선 태평 방면 승강장으로 이동 → [B2] 승차 (휠체어칸)","1. [B3] 8호선 모란(종착역)  승강장 하차 | 2. 대합실 방향 엘리베이터(으)로 1개 층 올라가기 (B3 → B2, 엘리베이터) | 3. [B2] 대합실로 이동 | 4. 대합실 방향 엘리베이터(으)로 1개 층 올라가기 (B2 → B1, 엘리베이터) | 5. [B1] 대합실로 이동 | 6. [B1] 환승통로로 이동 | 7. [B1] 수인분당선 대합실로 이동 | 8. 수인분당선 태평 방면 엘리베이터(으)로 1개 층 내려가기 (B1 → B2, 엘리베이터) | 9. [B2] 수인분당선 태평 방면 승강장으로 이동 | 10. [B2] 승차 (휠체어칸)"
S1_8_0201,8호선,모란,3,환승,4,8호선 모란(종착역) → 수인분당선 야탑 방면,B3 → B2 → B1 → B2,10,3,0,"[B3] 8호선 모란(종착역)  승강장 하차 → 대합실 방향 엘리베이터(으)로 1개 층 올라가기 (B3 → B2, 엘리베이터) → [B2] 대합실로 이동 → 대합실 방향 엘리베이터(으)로 1개 층 올라가기 (B2 → B1, 엘리베이터) → [B1] 대합실로 이동 → [B1] 환승통로로 이동 → [B1] 수인분당선 대합실로 이동 → 수인분당선 야탑 방면 엘리베이터(으)로 1개 층 내려가기 (B1 → B2, 엘리베이터) → [B2] 수인분당선 야탑 방면 승강장으로 이동 → [B2] 승차 (휠체어칸)","1. [B3] 8호선 모란(종착역)  승강장 하차 | 2. 대합실 방향 엘리베이터(으)로 1개 층 올라가기 (B3 → B2, 엘리베이터) | 3. [B2] 대합실로 이동 | 4. 대합실 방향 엘리베이터(으)로 1개 층 올라가기 (B2 → B1, 엘리베이터) | 5. [B1] 대합실로 이동 | 6. [B1] 환승통로로 이동 | 7. [B1] 수인분당선 대합실로 이동 | 8. 수인분당선 야탑 방면 엘리베이터(으)로 1개 층 내려가기 (B1 → B2, 엘리베이터) | 9. [B2] 수인분당선 야탑 방면 승강장으로 이동 | 10. [B2] 승차 (휠체어칸)"
S9_9_0028,9호선,개화,1,출입구-승강장,1,2번 출입구 근처 엘리베이터 → 김포공항 방면,2F,4,0,0,[2F] 지상 2층으로 이동 → [2F] 개집표기 통과 → [2F] 승강장으로 이동 → 김포공항 방면 엘리베이터 이용 (엘리베이터),1. [2F] 지상 2층으로 이동 | 2. [2F] 개집표기 통과 | 3. [2F] 승강장으로 이동 | 4. 김포공항 방면 엘리베이터 이용 (엘리베이터)
S9_9_0099,9호선,김포공항,1,출입구-승강장,1,4번 출입구 옆 엘리베이터 → 개화 방면,1F → B1 → B4,6,2,0,"4번 출입구 옆 엘리베이터(으)로 1개 층 내려가기 (1F → B1, 엘리베이터) → [B1] 대합실로 이동 → [B1] 표 내는 곳 통과 → 승강장 방향 엘리베이터(으)로 3개 층 내려가기 (B1 → B4, 엘리베이터) → [B4] 9호선 개화 방면 승강장으로 이동 → [B4] 승차 (휠체어칸)","1. 4번 출입구 옆 엘리베이터(으)로 1개 층 내려가기 (1F → B1, 엘리베이터) | 2. [B1] 대합실로 이동 | 3. [B1] 표 내는 곳 통과 | 4. 승강장 방향 엘리베이터(으)로 3개 층 내려가기 (B1 → B4, 엘리베이터) | 5. [B4] 9호선 개화 방면 승강장으로 이동 | 6. [B4] 승차 (휠체어칸)"
S9_9_0099,9호선,김포공항,1,출입구-승강장,2,4번 출입구 옆 엘리베이터 → 공항시장 방면,1F → B1 → B3,6,2,0,"4번 출입구 옆 엘리베이터(으)로 1개 층 내려가기 (1F → B1, 엘리베이터) → [B1] 대합실로 이동 → [B1] 표 내는 곳 통과 → 승강장 방향 엘리베이터(으)로 2개 층 내려가기 (B1 → B3, 엘리베이터) → [B3] 9호선 공항시장 방면 승강장으로 이동 → [B3] 승차 (휠체어칸)","1. 4번 출입구 옆 엘리베이터(으)로 1개 층 내려가기 (1F → B1, 엘리베이터) | 2. [B1] 대합실로 이동 | 3. [B1] 표 내는 곳 통과 | 4. 승강장 방향 엘리베이터(으)로 2개 층 내려가기 (B1 → B3, 엘리베이터) | 5. [B3] 9호선 공항시장 방면 승강장으로 이동 | 6. [B3] 승차 (휠체어칸)"
S9_9_0099,9호선,김포공항,3,환승,1,9호선 개화 방면 → 5호선 개화산 방면,B4 → B2 → B3,5,1,0,"[B4] 9호선 개화 방면 승강장 하차 → 대합실 방향 엘리베이터(으)로 2개 층 올라가기 (B4 → B2, 엘리베이터) → [B2] 대합실로 이동 → [B3] 5호선 개화산 방면 승강장으로 이동 → [B3] 승차 (휠체어칸)","1. [B4] 9호선 개화 방면 승강장 하차 | 2. 대합실 방향 엘리베이터(으)로 2개 층 올라가기 (B4 → B2, 엘리베이터) | 3. [B2] 대합실로 이동 | 4. [B3] 5호선 개화산 방면 승강장으로 이동 | 5. [B3] 승차 (휠체어칸)"
S9_9_0099,9호선,김포공항,3,환승,2,9호선 개화 방면 → 5호선 송정 방면,B4 → B3,7,1,0,"[B4] 9호선 개화 방면 승강장 하차 → 대합실 방향 엘리베이터(으)로 1개 층 올라가기 (B4 → B3, 엘리베이터) → [B3] 승강장으로 이동 → [B3] 5호선 방향 환승통로로 이동 → [B3] 5호선 송정 방면 승강장으로 이동 → [B3] 승차 (휠체어칸) → 5호선 방향 환승 엘리베이터 이용 (엘리베이터)","1. [B4] 9호선 개화 방면 승강장 하차 | 2. 대합실 방향 엘리베이터(으)로 1개 층 올라가기 (B4 → B3, 엘리베이터) | 3. [B3] 승강장으로 이동 | 4. [B3] 5호선 방향 환승통로로 이동 | 5. [B3] 5호선 송정 방면 승강장으로 이동 | 6. [B3] 승차 (휠체어칸) | 7. 5호선 방향 환승 엘리베이터 이용 (엘리베이터)"
S9_9_0099,9호선,김포공항,3,환승,3,9호선 공항시장 방면 → 5호선 개화산 방면,B3 → B2 → B3,5,1,0,"[B3] 9호선 공항시장 방면 승강장 하차 → 대합실 방향 엘리베이터(으)로 1개 층 올라가기 (B3 → B2, 엘리베이터) → [B2] 대합실로 이동 → [B3] 5호선 개화산 방면 승강장으로 이동 → [B3] 승차 (휠체어칸)","1. [B3] 9호선 공항시장 방면 승강장 하차 | 2. 대합실 방향 엘리베이터(으)로 1개 층 올라가기 (B3 → B2, 엘리베이터) | 3. [B2] 대합실로 이동 | 4. [B3] 5호선 개화산 방면 승강장으로 이동 | 5. [B3] 승차 (휠체어칸)"
S9_9_0099,9호선,김포공항,3,환승,4,9호선 공항시장 방면 → 5호선 송정 방면,B3,5,0,0,[B3] 9호선 공항시장 방면 승강장 하차 → [B3] 5호선 방향 환승통로로 이동 → [B3] 5호선 송정 방면 승강장으로 이동 → [B3] 승차 (휠체어칸) → 5호선 방향 환승 엘리베이터 이용 (엘리베이터),1. [B3] 9호선 공항시장 방면 승강장 하차 | 2. [B3] 5호선 방향 환승통로로 이동 | 3. [B3] 5호선 송정 방면 승강장으로 이동 | 4. [B3] 승차 (휠체어칸) | 5. 5호선 방향 환승 엘리베이터 이용 (엘리베이터)
S9_9_0099,9호선,김포공항,3,환승,5,9호선 개화 방면 → 공항철도 마곡나루 방면,B4 → B3,4,1,0,"[B4] 9호선 개화 방면 승강장 하차 → 대합실 방향 엘리베이터(으)로 1개 층 올라가기 (B4 → B3, 엘리베이터) → [B3] 공항철도 마곡나루 방면 승강장으로 이동 → [B3] 승차 (휠체어칸)","1. [B4] 9호선 개화 방면 승강장 하차 | 2. 대합실 방향 엘리베이터(으)로 1개 층 올라가기 (B4 → B3, 엘리베이터) | 3. [B3] 공항철도 마곡나루 방면 승강장으로 이동 | 4. [B3] 승차 (휠체어칸)"
S9_9_0099,9호선,김포공항,3,환승,6,9호선 개화 방면 → 공항철도 계양 방면,B4,3,0,0,[B4] 9호선 개화 방면 승강장 하차 → [B4] 공항철도 계양 방면 승강장으로 이동 → [B4] 승차 (휠체어칸),1. [B4] 9호선 개화 방면 승강장 하차 | 2. [B4] 공항철도 계양 방면 승강장으로 이동 | 3. [B4] 승차 (휠체어칸)
S9_9_0099,9호선,김포공항,3,환승,7,9호선 공항시장 방면 → 공항철도 마곡나루 방면,B3,3,0,0,[B3] 9호선 공항시장 방면 승강장 하차 → [B3] 공항철도 마곡나루 방면 승강장으로 이동 → [B3] 승차 (휠체어칸),1. [B3] 9호선 공항시장 방면 승강장 하차 | 2. [B3] 공항철도 마곡나루 방면 승강장으로 이동 | 3. [B3] 승차 (휠체어칸)
S9_9_0099,9호선,김포공항,3,환승,8,9호선 공항시장 방면 → 공항철도 계양 방면,B3 → B4,4,1,0,"[B3] 9호선 공항시장 방면 승강장 하차 → 승강장 방향 엘리베이터(으)로 1개 층 내려가기 (B3 → B4, 엘리베이터) → [B4] 공항철도 계양 방면 승강장으로 이동 → [B4] 승차 (휠체어칸)","1. [B3] 9호선 공항시장 방면 승강장 하차 | 2. 승강장 방향 엘리베이터(으)로 1개 층 내려가기 (B3 → B4, 엘리베이터) | 3. [B4] 공항철도 계양 방면 승강장으로 이동 | 4. [B4] 승차 (휠체어칸)"
S9_9_0099,9호선,김포공항,3,환승,9,9호선 개화 방면 → 김포골드라인 고촌 방면,B4 → B2 → B4,7,2,0,"[B4] 9호선 개화 방면 승강장 하차 → 대합실 방향 엘리베이터(으)로 2개 층 올라가기 (B4 → B2, 엘리베이터) → [B2] 대합실로 이동 → [B2] 김포골드라인 대합실로 이동 → 김포골드라인 고촌 방면 엘리베이터(으)로 2개 층 내려가기 (B2 → B4, 엘리베이터) → [B4] 김포골드라인 고촌 방면 승강장으로 이동 → [B4] 승차 (휠체어칸)","1. [B4] 9호선 개화 방면 승강장 하차 | 2. 대합실 방향 엘리베이터(으)로 2개 층 올라가기 (B4 → B2, 엘리베이터) | 3. [B2] 대합실로 이동 | 4. [B2] 김포골드라인 대합실로 이동 | 5. 김포골드라인 고촌 방면 엘리베이터(으)로 2개 층 내려가기 (B2 → B4, 엘리베이터) | 6. [B4] 김포골드라인 고촌 방면 승강장으로 이동 | 7. [B4] 승차 (휠체어칸)"
S9_9_0099,9호선,김포공항,3,환승,10,9호선 공항시장 방면 → 김포골드라인 고촌 방면,B3 → B2 → B4,7,2,0,"[B3] 9호선 공항시장 방면 승강장 하차 → 대합실 방향 엘리베이터(으)로 1개 층 올라가기 (B3 → B2, 엘리베이터) → [B2] 대합실로 이동 → [B2] 김포골드라인 대합실로 이동 → 김포골드라인 고촌 방면 엘리베이터(으)로 2개 층 내려가기 (B2 → B4, 엘리베이터) → [B4] 김포골드라인 고촌 방면 승강장으로 이동 → [B4] 승차 (휠체어칸)","1. [B3] 9호선 공항시장 방면 승강장 하차 | 2. 대합실 방향 엘리베이터(으)로 1개 층 올라가기 (B3 → B2, 엘리베이터) | 3. [B2] 대합실로 이동 | 4. [B2] 김포골드라인 대합실로 이동 | 5. 김포골드라인 고촌 방면 엘리베이터(으)로 2개 층 내려가기 (B2 → B4, 엘리베이터) | 6. [B4] 김포골드라인 고촌 방면 승강장으로 이동 | 7. [B4] 승차 (휠체어칸)"
S9_9_0056,9호선,공항시장,1,출입구-승강장,1,1번 출입구 근처 엘리베이터 → 김포공항 방면,B1 → B4,4,1,0,"[B1] 지하 1층으로 이동 → [B1] 개집표기 통과 → 김포공항 방면 엘리베이터(으)로 3개 층 내려가기 (B1 → B4, 엘리베이터) → [B4] 지하 4층 승강장으로 이동","1. [B1] 지하 1층으로 이동 | 2. [B1] 개집표기 통과 | 3. 김포공항 방면 엘리베이터(으)로 3개 층 내려가기 (B1 → B4, 엘리베이터) | 4. [B4] 지하 4층 승강장으로 이동"
S9_9_0056,9호선,공항시장,1,출입구-승강장,2,1번 출입구 근처 엘리베이터 → 신방화 방면,B1 → B4,4,1,0,"[B1] 지하 1층으로 이동 → [B1] 개집표기 통과 → 신방화 방면 엘리베이터(으)로 3개 층 내려가기 (B1 → B4, 엘리베이터) → [B4] 지하 4층 승강장으로 이동","1. [B1] 지하 1층으로 이동 | 2. [B1] 개집표기 통과 | 3. 신방화 방면 엘리베이터(으)로 3개 층 내려가기 (B1 → B4, 엘리베이터) | 4. [B4] 지하 4층 승강장으로 이동"
S9_9_0364,9호선,신방화,1,출입구-승강장,1,3번 출입구 근처 엘리베이터 → 공항시장 방면,B2,3,0,0,개집표기 통과 → [B2] 지하 2층 승강장으로 이동 → 공항시장 방면 엘리베이터 이용 (엘리베이터),1. 개집표기 통과 | 2. [B2] 지하 2층 승강장으로 이동 | 3. 공항시장 방면 엘리베이터 이용 (엘리베이터)
S9_9_0364,9호선,신방화,1,출입구-승강장,2,7번 출입구 근처 엘리베이터 → 공항시장 방면,B2,3,0,0,개집표기 통과 → [B2] 지하 2층 승강장으로 이동 → 공항시장 방면 엘리베이터 이용 (엘리베이터),1. 개집표기 통과 | 2. [B2] 지하 2층 승강장으로 이동 | 3. 공항시장 방면 엘리베이터 이용 (엘리베이터)
S9_9_0364,9호선,신방화,1,출입구-승강장,3,3번 출입구 근처 엘리베이터 → 마곡나루 방면,B2,3,0,0,[B2] 지하 2층 승강장으로 이동 → [B2] 개집표기 통과 → 마곡나루 방면 엘리베이터 이용 (엘리베이터),1. [B2] 지하 2층 승강장으로 이동 | 2. [B2] 개집표기 통과 | 3. 마곡나루 방면 엘리베이터 이용 (엘리베이터)
S9_9_0364,9호선,신방화,1,출입구-승강장,4,7번 출입구 근처 엘리베이터 → 마곡나루 방면,B2,3,0,0,개집표기 통과 → [B2] 지하 2층 승강장으로 이동 → 마곡나루 방면 엘리베이터 이용 (엘리베이터),1. 개집표기 통과 | 2. [B2] 지하 2층 승강장으로 이동 | 3. 마곡나루 방면 엘리베이터 이용 (엘리베이터)
S9_9_0178,9호선,마곡나루,1,출입구-승강장,1,"1, 2번 출입구 사이 엘리베이터 → 신방화 방면",1F → B1 → B2,6,2,0,"1, 2번 출입구 사이 엘리베이터(으)로 1개 층 내려가기 (1F → B1, 엘리베이터) → [B1] 대합실로 이동 → [B1] 표 내는 곳 통과 → 신방화 방면 엘리베이터(으)로 1개 층 내려가기 (B1 → B2, 엘리베이터) → [B2] 신방화 방면 승강장으로 이동 → [B2] 승차 (휠체어칸)","1. 1, 2번 출입구 사이 엘리베이터(으)로 1개 층 내려가기 (1F → B1, 엘리베이터) | 2. [B1] 대합실로 이동 | 3. [B1] 표 내는 곳 통과 | 4. 신방화 방면 엘리베이터(으)로 1개 층 내려가기 (B1 → B2, 엘리베이터) | 5. [B2] 신방화 방면 승강장으로 이동 | 6. [B2] 승차 (휠체어칸)"
S9_9_0178,9호선,마곡나루,1,출입구-승강장,2,"1, 2번 출입구 사이 엘리베이터 → 양천향교 방면",1F → B1 → B2,6,2,0,"1, 2번 출입구 사이 엘리베이터(으)로 1개 층 내려가기 (1F → B1, 엘리베이터) → [B1] 대합실로 이동 → [B1] 표 내는 곳 통과 → 양천향교 방면 엘리베이터(으)로 1개 층 내려가기 (B1 → B2, 엘리베이터) → [B2] 양천향교 방면 승강장으로 이동 → [B2] 승차 (휠체어칸)","1. 1, 2번 출입구 사이 엘리베이터(으)로 1개 층 내려가기 (1F → B1, 엘리베이터) | 2. [B1] 대합실로 이동 | 3. [B1] 표 내는 곳 통과 | 4. 양천향교 방면 엘리베이터(으)로 1개 층 내려가기 (B1 → B2, 엘리베이터) | 5. [B2] 양천향교 방면 승강장으로 이동 | 6. [B2] 승차 (휠체어칸)"
S9_9_0178,9호선,마곡나루,1,출입구-승강장,3,마곡중앙광장 출입구 옆 엘리베이터 → 신방화 방면,1F → B1 → B2,6,2,0,"마곡중앙광장 출입구 옆 엘리베이터(으)로 1개 층 내려가기 (1F → B1, 엘리베이터) → [B1] 대합실로 이동 → [B1] 표 내는 곳 통과 → 신방화 방면 엘리베이터(으)로 1개 층 내려가기 (B1 → B2, 엘리베이터) → [B2] 신방화 방면 승강장으로 이동 → [B2] 승차 (휠체어칸)","1. 마곡중앙광장 출입구 옆 엘리베이터(으)로 1개 층 내려가기 (1F → B1, 엘리베이터) | 2. [B1] 대합실로 이동 | 3. [B1] 표 내는 곳 통과 | 4. 신방화 방면 엘리베이터(으)로 1개 층 내려가기 (B1 → B2, 엘리베이터) | 5. [B2] 신방화 방면 승강장으로 이동 | 6. [B2] 승차 (휠체어칸)"
S9_9_0178,9호선,마곡나루,1,출입구-승강장,4,마곡중앙광장 출입구 옆 엘리베이터 → 양천향교 방면,1F → B1 → B2,6,2,0,"마곡중앙광장 출입구 옆 엘리베이터(으)로 1개 층 내려가기 (1F → B1, 엘리베이터) → [B1] 대합실로 이동 → [B1] 표 내는 곳 통과 → 양천향교 방면 엘리베이터(으)로 1개 층 내려가기 (B1 → B2, 엘리베이터) → [B2] 양천향교 방면 승강장으로 이동 → [B2] 승차 (휠체어칸)","1. 마곡중앙광장 출입구 옆 엘리베이터(으)로 1개 층 내려가기 (1F → B1, 엘리베이터) | 2. [B1] 대합실로 이동 | 3. [B1] 표 내는 곳 통과 | 4. 양천향교 방면 엘리베이터(으)로 1개 층 내려가기 (B1 → B2, 엘리베이터) | 5. [B2] 양천향교 방면 승강장으로 이동 | 6. [B2] 승차 (휠체어칸)"
S9_9_0178,9호선,마곡나루,3,환승,1,9호선 신방화 방면 → 공항철도 디지털미디어시티 방면,B2 → B1 → B3,8,2,0,"[B2] 9호선 신방화 방면 승강장 하차 → 대합실 방향 엘리베이터(으)로 1개 층 올라가기 (B2 → B1, 엘리베이터) → [B1] 대합실로 이동 → [B1] 공항철도 방향 환승통로로 이동 → [B1] 공항철도 대합실로 이동 → 공항철도 디지털미디어시티 방면 엘리베이터(으)로 2개 층 내려가기 (B1 → B3, 엘리베이터) → [B3] 공항철도 디지털미디어시티 방면 승강장으로 이동 → [B3] 승차 (휠체어칸)","1. [B2] 9호선 신방화 방면 승강장 하차 | 2. 대합실 방향 엘리베이터(으)로 1개 층 올라가기 (B2 → B1, 엘리베이터) | 3. [B1] 대합실로 이동 | 4. [B1] 공항철도 방향 환승통로로 이동 | 5. [B1] 공항철도 대합실로 이동 | 6. 공항철도 디지털미디어시티 방면 엘리베이터(으)로 2개 층 내려가기 (B1 → B3, 엘리베이터) | 7. [B3] 공항철도 디지털미디어시티 방면 승강장으로 이동 | 8. [B3] 승차 (휠체어칸)"
S9_9_0178,9호선,마곡나루,3,환승,2,9호선 신방화 방면 → 공항철도 김포공항 방면,B2 → B1 → B3,8,2,0,"[B2] 9호선 신방화 방면 승강장 하차 → 대합실 방향 엘리베이터(으)로 1개 층 올라가기 (B2 → B1, 엘리베이터) → [B1] 대합실로 이동 → [B1] 공항철도 방향 환승통로로 이동 → [B1] 공항철도 대합실로 이동 → 공항철도 김포공항 방면 엘리베이터(으)로 2개 층 내려가기 (B1 → B3, 엘리베이터) → [B3] 공항철도 김포공항 방면 승강장으로 이동 → [B3] 승차 (휠체어칸)","1. [B2] 9호선 신방화 방면 승강장 하차 | 2. 대합실 방향 엘리베이터(으)로 1개 층 올라가기 (B2 → B1, 엘리베이터) | 3. [B1] 대합실로 이동 | 4. [B1] 공항철도 방향 환승통로로 이동 | 5. [B1] 공항철도 대합실로 이동 | 6. 공항철도 김포공항 방면 엘리베이터(으)로 2개 층 내려가기 (B1 → B3, 엘리베이터) | 7. [B3] 공항철도 김포공항 방면 승강장으로 이동 | 8. [B3] 승차 (휠체어칸)"
S9_9_0178,9호선,마곡나루,3,환승,3,9호선 양천향교 방면 → 공항철도 디지털미디어시티 방면,B2 → B1 → B3,8,2,0,"[B2] 9호선 양천향교 방면 승강장 하차 → 대합실 방향 엘리베이터(으)로 1개 층 올라가기 (B2 → B1, 엘리베이터) → [B1] 대합실로 이동 → [B1] 공항철도 방향 환승통로로 이동 → [B1] 공항철도 대합실로 이동 → 공항철도 디지털미디어시티 방면 엘리베이터(으)로 2개 층 내려가기 (B1 → B3, 엘리베이터) → [B3] 공항철도 디지털미디어시티 방면 승강장으로 이동 → [B3] 승차 (휠체어칸)","1. [B2] 9호선 양천향교 방면 승강장 하차 | 2. 대합실 방향 엘리베이터(으)로 1개 층 올라가기 (B2 → B1, 엘리베이터) | 3. [B1] 대합실로 이동 | 4. [B1] 공항철도 방향 환승통로로 이동 | 5. [B1] 공항철도 대합실로 이동 | 6. 공항철도 디지털미디어시티 방면 엘리베이터(으)로 2개 층 내려가기 (B1 → B3, 엘리베이터) | 7. [B3] 공항철도 디지털미디어시티 방면 승강장으로 이동 | 8. [B3] 승차 (휠체어칸)"
S9_9_0178,9호선,마곡나루,3,환승,4,9호선 양천향교 방면 → 공항철도 김포공항 방면,B2 → B1 → B3,8,2,0,"[B2] 9호선 양천향교 방면 승강장 하차 → 대합실 방향 엘리베이터(으)로 1개 층 올라가기 (B2 → B1, 엘리베이터) → [B1] 대합실로 이동 → [B1] 공항철도 방향 환승통로로 이동 → [B1] 공항철도 대합실로 이동 → 공항철도 김포공항 방면 엘리베이터(으)로 2개 층 내려가기 (B1 → B3, 엘리베이터) → [B3] 공항철도 김포공항 방면 승강장으로 이동 → [B3] 승차 (휠체어칸)","1. [B2] 9호선 양천향교 방면 승강장 하차 | 2. 대합실 방향 엘리베이터(으)로 1개 층 올라가기 (B2 → B1, 엘리베이터) | 3. [B1] 대합실로 이동 | 4. [B1] 공항철도 방향 환승통로로 이동 | 5. [B1] 공항철도 대합실로 이동 | 6. 공항철도 김포공항 방면 엘리베이터(으)로 2개 층 내려가기 (B1 → B3, 엘리베이터) | 7. [B3] 공항철도 김포공항 방면 승강장으로 이동 | 8. [B3] 승차 (휠체어칸)"
S9_9_0405,9호선,양천향교,1,출입구-승강장,1,3번 출입구 근처 엘리베이터 → 마곡나루 방면,B1 → B2,4,1,0,"[B1] 지하 1층으로 이동 → [B1] 개집표기 통과 → 마곡나루 방면 엘리베이터(으)로 1개 층 내려가기 (B1 → B2, 엘리베이터) → [B2] 지하 2층 승강장으로 이동","1. [B1] 지하 1층으로 이동 | 2. [B1] 개집표기 통과 | 3. 마곡나루 방면 엘리베이터(으)로 1개 층 내려가기 (B1 → B2, 엘리베이터) | 4. [B2] 지하 2층 승강장으로 이동"
S9_9_0405,9호선,양천향교,1,출입구-승강장,2,5번 출입구 근처 엘리베이터 → 마곡나루 방면,B1 → B2,4,1,0,"[B1] 지하 1층으로 이동 → [B1] 개집표기 통과 → 마곡나루 방면 엘리베이터(으)로 1개 층 내려가기 (B1 → B2, 엘리베이터) → [B2] 지하 2층 승강장으로 이동","1. [B1] 지하 1층으로 이동 | 2. [B1] 개집표기 통과 | 3. 마곡나루 방면 엘리베이터(으)로 1개 층 내려가기 (B1 → B2, 엘리베이터) | 4. [B2] 지하 2층 승강장으로 이동"
S9_9_0405,9호선,양천향교,1,출입구-승강장,3,3번 출입구 근처 엘리베이터 → 가양 방면,B1 → B2,4,1,0,"[B1] 지하 1층으로 이동 → [B1] 개집표기 통과 → 가양 방면 엘리베이터(으)로 1개 층 내려가기 (B1 → B2, 엘리베이터) → [B2] 지하 2층 승강장으로 이동","1. [B1] 지하 1층으로 이동 | 2. [B1] 개집표기 통과 | 3. 가양 방면 엘리베이터(으)로 1개 층 내려가기 (B1 → B2, 엘리베이터) | 4. [B2] 지하 2층 승강장으로 이동"
S9_9_0405,9호선,양천향교,1,출입구-승강장,4,5번 출입구 근처 엘리베이터 → 가양 방면,B1 → B2,4,1,0,"[B1] 지하 1층으로 이동 → [B1] 개집표기 통과 → 가양 방면 엘리베이터(으)로 1개 층 내려가기 (B1 → B2, 엘리베이터) → [B2] 지하 2층 승강장으로 이동","1. [B1] 지하 1층으로 이동 | 2. [B1] 개집표기 통과 | 3. 가양 방면 엘리베이터(으)로 1개 층 내려가기 (B1 → B2, 엘리베이터) | 4. [B2] 지하 2층 승강장으로 이동"
S9_9_0005,9호선,가양,1,출입구-승강장,1,4번 출입구 근처 엘리베이터 → 양천향교 방면,B1 → B2,4,1,0,"[B1] 지하 1층으로 이동 → [B1] 개집표기 통과 → 양천향교 방면 엘리베이터(으)로 1개 층 내려가기 (B1 → B2, 엘리베이터) → [B2] 지하 2층 승강장으로 이동","1. [B1] 지하 1층으로 이동 | 2. [B1] 개집표기 통과 | 3. 양천향교 방면 엘리베이터(으)로 1개 층 내려가기 (B1 → B2, 엘리베이터) | 4. [B2] 지하 2층 승강장으로 이동"
S9_9_0005,9호선,가양,1,출입구-승강장,2,8번 출입구 근처 엘리베이터 → 양천향교 방면,B1 → B2,4,1,0,"[B1] 지하 1층으로 이동 → [B1] 개집표기 통과 → 양천향교 방면 엘리베이터(으)로 1개 층 내려가기 (B1 → B2, 엘리베이터) → [B2] 지하 2층 승강장으로 이동","1. [B1] 지하 1층으로 이동 | 2. [B1] 개집표기 통과 | 3. 양천향교 방면 엘리베이터(으)로 1개 층 내려가기 (B1 → B2, 엘리베이터) | 4. [B2] 지하 2층 승강장으로 이동"
S9_9_0005,9호선,가양,1,출입구-승강장,3,4번 출입구 근처 엘리베이터 → 증미 방면,B1 → B2,4,1,0,"[B1] 지하 1층으로 이동 → [B1] 개집표기 통과 → 증미 방면 엘리베이터(으)로 1개 층 내려가기 (B1 → B2, 엘리베이터) → [B2] 지하 2층 승강장으로 이동","1. [B1] 지하 1층으로 이동 | 2. [B1] 개집표기 통과 | 3. 증미 방면 엘리베이터(으)로 1개 층 내려가기 (B1 → B2, 엘리베이터) | 4. [B2] 지하 2층 승강장으로 이동"
S9_9_0005,9호선,가양,1,출입구-승강장,4,8번 출입구 근처 엘리베이터 → 증미 방면,B1 → B2,4,1,0,"[B1] 지하 1층으로 이동 → [B1] 개집표기 통과 → 증미 방면 엘리베이터(으)로 1개 층 내려가기 (B1 → B2, 엘리베이터) → [B2] 지하 2층 승강장으로 이동","1. [B1] 지하 1층으로 이동 | 2. [B1] 개집표기 통과 | 3. 증미 방면 엘리베이터(으)로 1개 층 내려가기 (B1 → B2, 엘리베이터) | 4. [B2] 지하 2층 승강장으로 이동"
S9_9_0531,9호선,증미,1,출입구-승강장,1,1번 출입구 근처 엘리베이터 → 가양 방면,B2 → B3,4,1,0,"[B2] 지하 2층으로 이동 → [B2] 개집표기 통과 → 가양 방면 엘리베이터(으)로 1개 층 내려가기 (B2 → B3, 엘리베이터) → [B3] 지하 3층 승강장으로 이동","1. [B2] 지하 2층으로 이동 | 2. [B2] 개집표기 통과 | 3. 가양 방면 엘리베이터(으)로 1개 층 내려가기 (B2 → B3, 엘리베이터) | 4. [B3] 지하 3층 승강장으로 이동"
S9_9_0531,9호선,증미,1,출입구-승강장,2,1번 출입구 근처 엘리베이터 → 등촌 방면,B2 → B3,4,1,0,"[B2] 지하 2층으로 이동 → [B2] 개집표기 통과 → 등촌 방면 엘리베이터(으)로 1개 층 내려가기 (B2 → B3, 엘리베이터) → [B3] 지하 3층 승강장으로 이동","1. [B2] 지하 2층으로 이동 | 2. [B2] 개집표기 통과 | 3. 등촌 방면 엘리베이터(으)로 1개 층 내려가기 (B2 → B3, 엘리베이터) | 4. [B3] 지하 3층 승강장으로 이동"
S9_9_0173,9호선,등촌,1,출입구-승강장,1,5번 출입구 근처 엘리베이터 → 증미 방면,B1 → B2,4,1,0,"[B1] 지하 1층으로 이동 → [B1] 개집표기 통과 → 증미 방면 엘리베이터(으)로 1개 층 내려가기 (B1 → B2, 엘리베이터) → [B2] 지하 2층 승강장으로 이동","1. [B1] 지하 1층으로 이동 | 2. [B1] 개집표기 통과 | 3. 증미 방면 엘리베이터(으)로 1개 층 내려가기 (B1 → B2, 엘리베이터) | 4. [B2] 지하 2층 승강장으로 이동"
S9_9_0173,9호선,등촌,1,출입구-승강장,2,5번 출입구 근처 엘리베이터 → 염창 방면,B1 → B2,4,1,0,"[B1] 지하 1층으로 이동 → [B1] 개집표기 통과 → 염창 방면 엘리베이터(으)로 1개 층 내려가기 (B1 → B2, 엘리베이터) → [B2] 지하 2층 승강장으로 이동","1. [B1] 지하 1층으로 이동 | 2. [B1] 개집표기 통과 | 3. 염창 방면 엘리베이터(으)로 1개 층 내려가기 (B1 → B2, 엘리베이터) | 4. [B2] 지하 2층 승강장으로 이동"
S9_9_0419,9호선,염창,1,출입구-승강장,1,1번출입구근처엘리베이터 → 등촌 방면,B1 → B2,4,1,0,"[B1] 지하 1층으로 이동 → [B1] 개집표기 통과 → 등촌 방면 엘리베이터(으)로 1개 층 내려가기 (B1 → B2, 엘리베이터) → [B2] 지하 2층 승강장으로 이동","1. [B1] 지하 1층으로 이동 | 2. [B1] 개집표기 통과 | 3. 등촌 방면 엘리베이터(으)로 1개 층 내려가기 (B1 → B2, 엘리베이터) | 4. [B2] 지하 2층 승강장으로 이동"
S9_9_0419,9호선,염창,1,출입구-승강장,2,1번출입구근처엘리베이터 → 신목동 방면,B1 → B2,4,1,0,"[B1] 지하 1층으로 이동 → [B1] 개집표기 통과 → 신목동 방면 엘리베이터(으)로 1개 층 내려가기 (B1 → B2, 엘리베이터) → [B2] 지하 2층 승강장으로 이동","1. [B1] 지하 1층으로 이동 | 2. [B1] 개집표기 통과 | 3. 신목동 방면 엘리베이터(으)로 1개 층 내려가기 (B1 → B2, 엘리베이터) | 4. [B2] 지하 2층 승강장으로 이동"
S9_9_0419,9호선,염창,1,출입구-승강장,3,3번출입구근처엘리베이터 → 등촌 방면,B1 → B2,4,1,0,"[B1] 지하 1층으로 이동 → [B1] 개집표기 통과 → 등촌 방면 엘리베이터(으)로 1개 층 내려가기 (B1 → B2, 엘리베이터) → [B2] 지하 2층 승강장으로 이동","1. [B1] 지하 1층으로 이동 | 2. [B1] 개집표기 통과 | 3. 등촌 방면 엘리베이터(으)로 1개 층 내려가기 (B1 → B2, 엘리베이터) | 4. [B2] 지하 2층 승강장으로 이동"
S9_9_0419,9호선,염창,1,출입구-승강장,4,3번출입구근처엘리베이터 → 신목동 방면,B1 → B2,4,1,0,"[B1] 지하 1층으로 이동 → [B1] 개집표기 통과 → 신목동 방면 엘리베이터(으)로 1개 층 내려가기 (B1 → B2, 엘리베이터) → [B2] 지하 2층 승강장으로 이동","1. [B1] 지하 1층으로 이동 | 2. [B1] 개집표기 통과 | 3. 신목동 방면 엘리베이터(으)로 1개 층 내려가기 (B1 → B2, 엘리베이터) | 4. [B2] 지하 2층 승강장으로 이동"
S9_9_0362,9호선,신목동,1,출입구-승강장,1,2번출입구근처엘리베이터 → 선유도 방면,B2 → B3,4,0,0,2번출입구 근처 엘리베이터 이동 → [B2] 지하2층 대합실에서 선유도방면 엘리베이터로 이동 → [B3] 승강장으로 이동 → 엘리베이터를 이용하여 지하3층으로 이동 이용 (엘리베이터),1. 2번출입구 근처 엘리베이터 이동 | 2. [B2] 지하2층 대합실에서 선유도방면 엘리베이터로 이동 | 3. [B3] 승강장으로 이동 | 4. 엘리베이터를 이용하여 지하3층으로 이동 이용 (엘리베이터)
S9_9_0362,9호선,신목동,1,출입구-승강장,2,2번출입구근처엘리베이터 → 염창 방면,B2 → B3,4,0,0,2번출입구 근처 엘리베이터 이동 → [B2] 지하2층 대합실에서 염창방면 엘리베이터로 이동 → [B3] 승강장으로 이동 → 엘리베이터를 이용하여 지하3층으로 이동 이용 (엘리베이터),1. 2번출입구 근처 엘리베이터 이동 | 2. [B2] 지하2층 대합실에서 염창방면 엘리베이터로 이동 | 3. [B3] 승강장으로 이동 | 4. 엘리베이터를 이용하여 지하3층으로 이동 이용 (엘리베이터)
S9_9_0362,9호선,신목동,1,출입구-승강장,3,1번출입구근처엘리베이터 → 선유도 방면,B2 → B3,4,1,0,"[B2] 지하2층 대합실에서 선유도방면 엘리베이터로 이동 → 1번출입구 근처 엘리베이터(으)로 1개 층 내려가기 (B2 → B3, 엘리베이터) → [B3] 승강장으로 이동 → 엘리베이터를 이용하여 지하3층으로 이동 이용 (엘리베이터)","1. [B2] 지하2층 대합실에서 선유도방면 엘리베이터로 이동 | 2. 1번출입구 근처 엘리베이터(으)로 1개 층 내려가기 (B2 → B3, 엘리베이터) | 3. [B3] 승강장으로 이동 | 4. 엘리베이터를 이용하여 지하3층으로 이동 이용 (엘리베이터)"
S9_9_0362,9호선,신목동,1,출입구-승강장,4,1번출입구근처엘리베이터 → 염창 방면,B2 → B3,4,1,0,"[B2] 지하2층 대합실에서 염창방면 엘리베이터로 이동 → 1번출입구 근처 엘리베이터(으)로 1개 층 내려가기 (B2 → B3, 엘리베이터) → [B3] 승강장으로 이동 → 엘리베이터를 이용하여 지하3층으로 이동 이용 (엘리베이터)","1. [B2] 지하2층 대합실에서 염창방면 엘리베이터로 이동 | 2. 1번출입구 근처 엘리베이터(으)로 1개 층 내려가기 (B2 → B3, 엘리베이터) | 3. [B3] 승강장으로 이동 | 4. 엘리베이터를 이용하여 지하3층으로 이동 이용 (엘리베이터)"
S9_9_0308,9호선,선유도,1,출입구-승강장,1,1번출입구근처엘리베이터 → 당산 방면,B2 → B3,4,1,0,"[B2] 지하2층에서 당산역 방면 좌측 엘리베이터로 이동 (좌측) → 1번출입구 근처 엘리베이터(으)로 1개 층 내려가기 (B2 → B3, 엘리베이터) → [B3] 승강장으로 이동 → 엘리베이터를 이용하여 지하3층으로 이동 이용 (엘리베이터)","1. [B2] 지하2층에서 당산역 방면 좌측 엘리베이터로 이동 (좌측) | 2. 1번출입구 근처 엘리베이터(으)로 1개 층 내려가기 (B2 → B3, 엘리베이터) | 3. [B3] 승강장으로 이동 | 4. 엘리베이터를 이용하여 지하3층으로 이동 이용 (엘리베이터)"
S9_9_0308,9호선,선유도,1,출입구-승강장,2,1번출입구근처엘리베이터 → 신목동 방면,B2 → B3,4,1,0,"[B2] 지하2층에서 신목동역 방면 우측 엘리베이터로 이동 (우측) → 1번출입구 근처 엘리베이터(으)로 1개 층 내려가기 (B2 → B3, 엘리베이터) → [B3] 승강장으로 이동 → 엘리베이터를 이용하여 지하3층으로 이동 이용 (엘리베이터)","1. [B2] 지하2층에서 신목동역 방면 우측 엘리베이터로 이동 (우측) | 2. 1번출입구 근처 엘리베이터(으)로 1개 층 내려가기 (B2 → B3, 엘리베이터) | 3. [B3] 승강장으로 이동 | 4. 엘리베이터를 이용하여 지하3층으로 이동 이용 (엘리베이터)"
S9_9_0308,9호선,선유도,1,출입구-승강장,3,8번출입구근처엘리베이터 → 당산 방면,B2 → B3,4,1,0,"[B2] 지하2층에서 당산역 방면 좌측엘리베이터로 이동 (좌측) → 8번출입구 근처 엘리베이터(으)로 1개 층 내려가기 (B2 → B3, 엘리베이터) → [B3] 승강장으로 이동 → 엘리베이터를 이용하여 지하3층으로 이동 이용 (엘리베이터)","1. [B2] 지하2층에서 당산역 방면 좌측엘리베이터로 이동 (좌측) | 2. 8번출입구 근처 엘리베이터(으)로 1개 층 내려가기 (B2 → B3, 엘리베이터) | 3. [B3] 승강장으로 이동 | 4. 엘리베이터를 이용하여 지하3층으로 이동 이용 (엘리베이터)"
S9_9_0308,9호선,선유도,1,출입구-승강장,4,8번출입구근처엘리베이터 → 신목동 방면,B2 → B3,4,1,0,"[B2] 지하2층에서 신목동역 방면 우측엘리베이터로 이동 (우측) → 8번출입구 근처 엘리베이터(으)로 1개 층 내려가기 (B2 → B3, 엘리베이터) → [B3] 승강장으로 이동 → 엘리베이터를 이용하여 지하3층으로 이동 이용 (엘리베이터)","1. [B2] 지하2층에서 신목동역 방면 우측엘리베이터로 이동 (우측) | 2. 8번출입구 근처 엘리베이터(으)로 1개 층 내려가기 (B2 → B3, 엘리베이터) | 3. [B3] 승강장으로 이동 | 4. 엘리베이터를 이용하여 지하3층으로 이동 이용 (엘리베이터)"
S9_9_0126,9호선,당산,1,출입구-승강장,1,10번출입구근처엘리베이터 → 국회의사당 방면,B1 → B3,4,0,0,10번출입구 근처 엘리베이터 이동 → [B1] 지하1층 화장실 맞은편 엘리베이터로 이동 → [B3] 국회의사당 방면 승강장으로 이동 → 엘리베이터를 이용하여 지하3층으로 이동 이용 (엘리베이터),1. 10번출입구 근처 엘리베이터 이동 | 2. [B1] 지하1층 화장실 맞은편 엘리베이터로 이동 | 3. [B3] 국회의사당 방면 승강장으로 이동 | 4. 엘리베이터를 이용하여 지하3층으로 이동 이용 (엘리베이터)
S9_9_0126,9호선,당산,1,출입구-승강장,2,10번출입구근처엘리베이터 → 선유도 방면,B1 → B3,4,0,0,10번출입구 근처 엘리베이터 이동 → [B1] 지하1층 화장실 맞은편 엘리베이터로 이동 → [B3] 선유도 방면 승강장으로 이동 → 엘리베이터를 이용하여 지하3층으로 이동 이용 (엘리베이터),1. 10번출입구 근처 엘리베이터 이동 | 2. [B1] 지하1층 화장실 맞은편 엘리베이터로 이동 | 3. [B3] 선유도 방면 승강장으로 이동 | 4. 엘리베이터를 이용하여 지하3층으로 이동 이용 (엘리베이터)
S9_9_0126,9호선,당산,1,출입구-승강장,3,13번출입구근처엘리베이터 → 국회의사당 방면,B1 → B3,4,0,0,13번출입구 근처 엘리베이터 이동 → [B1] 지하1층 화장실 맞은편 엘리베이터로 이동 → [B3] 국회의사당 방면 승강장으로 이동 → 엘리베이터를 이용하여 지하3층으로 이동 이용 (엘리베이터),1. 13번출입구 근처 엘리베이터 이동 | 2. [B1] 지하1층 화장실 맞은편 엘리베이터로 이동 | 3. [B3] 국회의사당 방면 승강장으로 이동 | 4. 엘리베이터를 이용하여 지하3층으로 이동 이용 (엘리베이터)
S9_9_0126,9호선,당산,1,출입구-승강장,4,13번출입구근처엘리베이터 → 선유도 방면,B1 → B3,4,0,0,13번출입구 근처 엘리베이터 이동 → [B1] 지하1층 화장실 맞은편 엘리베이터로 이동 → [B3] 선유도 방면 승강장으로 이동 → 엘리베이터를 이용하여 지하3층으로 이동 이용 (엘리베이터),1. 13번출입구 근처 엘리베이터 이동 | 2. [B1] 지하1층 화장실 맞은편 엘리베이터로 이동 | 3. [B3] 선유도 방면 승강장으로 이동 | 4. 엘리베이터를 이용하여 지하3층으로 이동 이용 (엘리베이터)
S9_9_0126,9호선,당산,3,환승,1,9호선 국회의사당 방면 → 2호선 영등포구청 방면,B2 → 3F,6,1,0,"국회의사당 방면 승강장 → [B2] 지하 2층으로 이동 → [B2] 개집표기 통과 → 영등포구청 방면 엘리베이터(으)로 4개 층 올라가기 (B2 → 3F, 엘리베이터) → [3F] 지상 3층으로 이동 → [3F] 영등포구청 방면 방면 승강장","1. 국회의사당 방면 승강장 | 2. [B2] 지하 2층으로 이동 | 3. [B2] 개집표기 통과 | 4. 영등포구청 방면 엘리베이터(으)로 4개 층 올라가기 (B2 → 3F, 엘리베이터) | 5. [3F] 지상 3층으로 이동 | 6. [3F] 영등포구청 방면 방면 승강장"
S9_9_0126,9호선,당산,3,환승,2,9호선 국회의사당 방면 → 2호선 합정 방면,B2 → 3F,6,1,0,"국회의사당 방면 승강장 → [B2] 지하 2층으로 이동 → [B2] 개집표기 통과 → 합정 방면 엘리베이터(으)로 4개 층 올라가기 (B2 → 3F, 엘리베이터) → [3F] 지상 3층으로 이동 → [3F] 합정 방면 승강장","1. 국회의사당 방면 승강장 | 2. [B2] 지하 2층으로 이동 | 3. [B2] 개집표기 통과 | 4. 합정 방면 엘리베이터(으)로 4개 층 올라가기 (B2 → 3F, 엘리베이터) | 5. [3F] 지상 3층으로 이동 | 6. [3F] 합정 방면 승강장"
S9_9_0126,9호선,당산,3,환승,3,9호선 선유도 방면 → 2호선 영등포구청 방면,B2 → 3F,6,1,0,"선유도 방면 승강장 → [B2] 지하 2층으로 이동 → [B2] 개집표기 통과 → 영등포구청 방면 엘리베이터(으)로 4개 층 올라가기 (B2 → 3F, 엘리베이터) → [3F] 지상 3층으로 이동 → [3F] 영등포구청 방면 방면 승강장","1. 선유도 방면 승강장 | 2. [B2] 지하 2층으로 이동 | 3. [B2] 개집표기 통과 | 4. 영등포구청 방면 엘리베이터(으)로 4개 층 올라가기 (B2 → 3F, 엘리베이터) | 5. [3F] 지상 3층으로 이동 | 6. [3F] 영등포구청 방면 방면 승강장"
S9_9_0126,9호선,당산,3,환승,4,9호선 선유도 방면 → 2호선 합정 방면,B2 → 3F,6,1,0,"선유도 방면 승강장 → [B2] 지하 2층으로 이동 → [B2] 개집표기 통과 → 합정 방면 엘리베이터(으)로 4개 층 올라가기 (B2 → 3F, 엘리베이터) → [3F] 지상 3층으로 이동 → [3F] 합정 방면 승강장","1. 선유도 방면 승강장 | 2. [B2] 지하 2층으로 이동 | 3. [B2] 개집표기 통과 | 4. 합정 방면 엘리베이터(으)로 4개 층 올라가기 (B2 → 3F, 엘리베이터) | 5. [3F] 지상 3층으로 이동 | 6. [3F] 합정 방면 승강장"
S9_9_0081,9호선,국회의사당,1,출입구-승강장,1,2번 출입구 근처 엘리베이터 → 당산 방면,B2 → B3,4,1,0,"[B2] 지하 2층 개집표기 통과 → 엘리베이터(으)로 1개 층 내려가기 (B2 → B3, 엘리베이터) → [B3] 지하 3층으로 이동 → [B3] 승강장으로 이동","1. [B2] 지하 2층 개집표기 통과 | 2. 엘리베이터(으)로 1개 층 내려가기 (B2 → B3, 엘리베이터) | 3. [B3] 지하 3층으로 이동 | 4. [B3] 승강장으로 이동"
S9_9_0081,9호선,국회의사당,1,출입구-승강장,2,2번 출입구 근처 엘리베이터 → 여의도 방면,B2 → B3,4,1,0,"[B2] 지하 2층 개집표기 통과 → 엘리베이터(으)로 1개 층 내려가기 (B2 → B3, 엘리베이터) → [B3] 지하 3층으로 이동 → [B3] 승강장으로 이동","1. [B2] 지하 2층 개집표기 통과 | 2. 엘리베이터(으)로 1개 층 내려가기 (B2 → B3, 엘리베이터) | 3. [B3] 지하 3층으로 이동 | 4. [B3] 승강장으로 이동"
S9_9_0081,9호선,국회의사당,1,출입구-승강장,3,5번 출입구 근처 엘리베이터 → 당산 방면,B2 → B3,4,1,0,"[B2] 지하 2층 개집표기 통과 → 엘리베이터(으)로 1개 층 내려가기 (B2 → B3, 엘리베이터) → [B3] 지하 3층으로 이동 → [B3] 승강장으로 이동","1. [B2] 지하 2층 개집표기 통과 | 2. 엘리베이터(으)로 1개 층 내려가기 (B2 → B3, 엘리베이터) | 3. [B3] 지하 3층으로 이동 | 4. [B3] 승강장으로 이동"
S9_9_0081,9호선,국회의사당,1,출입구-승강장,4,5번 출입구 근처 엘리베이터 → 여의도 방면,B2 → B3,4,1,0,"[B2] 지하 2층 개집표기 통과 → 엘리베이터(으)로 1개 층 내려가기 (B2 → B3, 엘리베이터) → [B3] 지하 3층으로 이동 → [B3] 승강장으로 이동","1. [B2] 지하 2층 개집표기 통과 | 2. 엘리베이터(으)로 1개 층 내려가기 (B2 → B3, 엘리베이터) | 3. [B3] 지하 3층으로 이동 | 4. [B3] 승강장으로 이동"
S9_9_0081,9호선,국회의사당,1,출입구-승강장,5,6번 출입구 근처 엘리베이터 → 당산 방면,B2 → B3,4,1,0,"[B2] 지하 2층 개집표기 통과 → 엘리베이터(으)로 1개 층 내려가기 (B2 → B3, 엘리베이터) → [B3] 지하 3층으로 이동 → [B3] 승강장으로 이동","1. [B2] 지하 2층 개집표기 통과 | 2. 엘리베이터(으)로 1개 층 내려가기 (B2 → B3, 엘리베이터) | 3. [B3] 지하 3층으로 이동 | 4. [B3] 승강장으로 이동"
S9_9_0081,9호선,국회의사당,1,출입구-승강장,6,6번 출입구 근처 엘리베이터 → 여의도 방면,B2 → B3,4,1,0,"[B2] 지하 2층 개집표기 통과 → 엘리베이터(으)로 1개 층 내려가기 (B2 → B3, 엘리베이터) → [B3] 지하 3층으로 이동 → [B3] 승강장으로 이동","1. [B2] 지하 2층 개집표기 통과 | 2. 엘리베이터(으)로 1개 층 내려가기 (B2 → B3, 엘리베이터) | 3. [B3] 지하 3층으로 이동 | 4. [B3] 승강장으로 이동"
S9_9_0412,9호선,여의도,1,출입구-승강장,1,2번출입구근처엘리베이터 → 샛강 방면 엘리베이터,B1 → B2,4,0,0,2번출입구 근처 엘리베이터 이동 → [B1] 지하1층 샛강방면 엘리베이터로 이동 → [B2] 샛강방면 승강장으로 이동 → 엘리베이터를 이용하여 지하2층으로 이동 이용 (엘리베이터),1. 2번출입구 근처 엘리베이터 이동 | 2. [B1] 지하1층 샛강방면 엘리베이터로 이동 | 3. [B2] 샛강방면 승강장으로 이동 | 4. 엘리베이터를 이용하여 지하2층으로 이동 이용 (엘리베이터)
S9_9_0412,9호선,여의도,1,출입구-승강장,2,2번출입구근처엘리베이터 → 국회의사당 방면 엘리베이터,B1 → B2,4,0,0,2번출입구 근처 엘리베이터 이동 → [B1] 지하1층 국회의사당방면 엘리베이터로 이동 → [B2] 국회의사당 방면 승강장으로 이동 → 엘리베이터를 이용하여 지하2층으로 이동 이용 (엘리베이터),1. 2번출입구 근처 엘리베이터 이동 | 2. [B1] 지하1층 국회의사당방면 엘리베이터로 이동 | 3. [B2] 국회의사당 방면 승강장으로 이동 | 4. 엘리베이터를 이용하여 지하2층으로 이동 이용 (엘리베이터)
S9_9_0412,9호선,여의도,1,출입구-승강장,3,3번출입구근처엘리베이터 → 샛강 방면 엘리베이터,B1 → B2,4,0,0,3번출입구 근처 엘리베이터 이동 → [B1] 지하1층 샛강방면 엘리베이터로 이동 → [B2] 샛강방면 승강장으로 이동 → 엘리베이터를 이용하여 지하2층으로 이동 이용 (엘리베이터),1. 3번출입구 근처 엘리베이터 이동 | 2. [B1] 지하1층 샛강방면 엘리베이터로 이동 | 3. [B2] 샛강방면 승강장으로 이동 | 4. 엘리베이터를 이용하여 지하2층으로 이동 이용 (엘리베이터)
S9_9_0412,9호선,여의도,1,출입구-승강장,4,3번출입구근처엘리베이터 → 국회의사당 방면 엘리베이터,B1 → B2,4,0,0,3번출입구 근처 엘리베이터 이동 → [B1] 지하1층 국회의사당방면 엘리베이터로 이동 → [B2] 국회의사당 방면 승강장으로 이동 → 엘리베이터를 이용하여 지하2층으로 이동 이용 (엘리베이터),1. 3번출입구 근처 엘리베이터 이동 | 2. [B1] 지하1층 국회의사당방면 엘리베이터로 이동 | 3. [B2] 국회의사당 방면 승강장으로 이동 | 4. 엘리베이터를 이용하여 지하2층으로 이동 이용 (엘리베이터)
S9_9_0412,9호선,여의도,3,환승,1,국회의사당 방면 → 5호선 신길 방면,B2 → B4,4,1,0,"[B2] 9호선 국회의사당 방면 승강장 하차 → 5호선 여의나루방향 엘리베이터 탑승이동(으)로 2개 층 내려가기 (B2 → B4, 엘리베이터) → [B4] 여의나루 방면 승강장으로 이동이동 → [B4] 승차이동","1. [B2] 9호선 국회의사당 방면 승강장 하차 | 2. 5호선 여의나루방향 엘리베이터 탑승이동(으)로 2개 층 내려가기 (B2 → B4, 엘리베이터) | 3. [B4] 여의나루 방면 승강장으로 이동이동 | 4. [B4] 승차이동"
S9_9_0412,9호선,여의도,3,환승,2,국회의사당  방면 → 5호선 여의나루 방면,B2 → B1,6,1,0,"[B2] 9호선 국회의사당 방면 승강장 하차 → 5호선 방향 엘리베이터(으)로 1개 층 올라가기 (B2 → B1, 엘리베이터) → [B1] 게이트로 하차 후 반대편 여의나루방향 엘리베이터 이동 → [B1] 여의나루 방면 승강장으로 이동 → [B1] 승차 → 5호선 여의나루 방면 엘리베이터 이용 (엘리베이터)","1. [B2] 9호선 국회의사당 방면 승강장 하차 | 2. 5호선 방향 엘리베이터(으)로 1개 층 올라가기 (B2 → B1, 엘리베이터) | 3. [B1] 게이트로 하차 후 반대편 여의나루방향 엘리베이터 이동 | 4. [B1] 여의나루 방면 승강장으로 이동 | 5. [B1] 승차 | 6. 5호선 여의나루 방면 엘리베이터 이용 (엘리베이터)"
S9_9_0412,9호선,여의도,3,환승,3,샛강 방면 → 5호선 여의나루 방면,B2 → B4,4,1,0,"[B2] 9호선 샛강 방면 승강장 하차 → 5호선 여의나루방향 엘리베이터(으)로 2개 층 내려가기 (B2 → B4, 엘리베이터) → [B4] 여의나루 방면 승강장으로 이동 → [B4] 승차","1. [B2] 9호선 샛강 방면 승강장 하차 | 2. 5호선 여의나루방향 엘리베이터(으)로 2개 층 내려가기 (B2 → B4, 엘리베이터) | 3. [B4] 여의나루 방면 승강장으로 이동 | 4. [B4] 승차"
S9_9_0412,9호선,여의도,3,환승,4,샛강  방면 → 5호선 신길 방면,B2 → B1,6,1,0,"[B2] 9호선 샛강 방면 승강장 하차 → 5호선 방향 엘리베이터(으)로 1개 층 올라가기 (B2 → B1, 엘리베이터) → [B1] 게이트로 하차 후 반대편 신길방향 엘리베이터로 이동 → [B1] 신길 방면 승강장으로 이동 → [B1] 승차 → 5호선 신길방면 엘리베이터 이용 (엘리베이터)","1. [B2] 9호선 샛강 방면 승강장 하차 | 2. 5호선 방향 엘리베이터(으)로 1개 층 올라가기 (B2 → B1, 엘리베이터) | 3. [B1] 게이트로 하차 후 반대편 신길방향 엘리베이터로 이동 | 4. [B1] 신길 방면 승강장으로 이동 | 5. [B1] 승차 | 6. 5호선 신길방면 엘리베이터 이용 (엘리베이터)"
S9_9_0286,9호선,샛강,1,출입구-승강장,1,2번출입구근처엘리베이터 → 노량진 방면,B2 → B3,4,0,0,2번출입구 근처 엘리베이터 이동 → [B2] 지하2층 매표소를 지나 우측 엘리베이터로 이동 (우측) → [B3] 승강장으로 이동 → 엘리베이터를 이용하여 지하3층으로 이동 이용 (엘리베이터),1. 2번출입구 근처 엘리베이터 이동 | 2. [B2] 지하2층 매표소를 지나 우측 엘리베이터로 이동 (우측) | 3. [B3] 승강장으로 이동 | 4. 엘리베이터를 이용하여 지하3층으로 이동 이용 (엘리베이터)
S9_9_0286,9호선,샛강,1,출입구-승강장,2,2번출입구근처엘리베이터 → 여의도 방면,B2 → B3,4,0,0,2번출입구 근처 엘리베이터 이동 → [B2] 지하2층 매표소를 지나 좌측 엘리베이터로 이동 (좌측) → [B3] 승강장으로 이동 → 엘리베이터를 이용하여 지하3층으로 이동 이용 (엘리베이터),1. 2번출입구 근처 엘리베이터 이동 | 2. [B2] 지하2층 매표소를 지나 좌측 엘리베이터로 이동 (좌측) | 3. [B3] 승강장으로 이동 | 4. 엘리베이터를 이용하여 지하3층으로 이동 이용 (엘리베이터)
S9_9_0286,9호선,샛강,1,출입구-승강장,3,3번출입구근처엘리베이터 → 노량진 방면,B2 → B3,4,0,0,3번출입구 근처 엘리베이터 이동 → [B2] 지하2층 매표소를 지나 우측 엘리베이터로 이동 (우측) → [B3] 승강장으로 이동 → 엘리베이터를 이용하여 지하3층으로 이동 이용 (엘리베이터),1. 3번출입구 근처 엘리베이터 이동 | 2. [B2] 지하2층 매표소를 지나 우측 엘리베이터로 이동 (우측) | 3. [B3] 승강장으로 이동 | 4. 엘리베이터를 이용하여 지하3층으로 이동 이용 (엘리베이터)
S9_9_0286,9호선,샛강,1,출입구-승강장,4,3번출입구근처엘리베이터 → 여의도 방면,B2 → B3,4,0,0,3번출입구 근처 엘리베이터 이동 → [B2] 지하2층 매표소를 지나 좌측 엘리베이터로 이동 (좌측) → [B3] 승강장으로 이동 → 엘리베이터를 이용하여 지하3층으로 이동 이용 (엘리베이터),1. 3번출입구 근처 엘리베이터 이동 | 2. [B2] 지하2층 매표소를 지나 좌측 엘리베이터로 이동 (좌측) | 3. [B3] 승강장으로 이동 | 4. 엘리베이터를 이용하여 지하3층으로 이동 이용 (엘리베이터)
S9_9_0286,9호선,샛강,1,출입구-승강장,5,2번 출입구 근처 엘리베이터  → 관악산(서울대)방면,,3,0,0,2번 출입구 뒤쪽 엘리베이터 이동(B2) → 승강장으로 이동 → B2 엘리베이터를 이용하여 B4층으로 이동 이용 (엘리베이터),1. 2번 출입구 뒤쪽 엘리베이터 이동(B2) | 2. 승강장으로 이동 | 3. B2 엘리베이터를 이용하여 B4층으로 이동 이용 (엘리베이터)
S9_9_0286,9호선,샛강,1,출입구-승강장,6,3번 출입구 근처 엘리베이터 → 관악산(서울대)방면,,3,0,0,3번 출입구 뒤쪽 엘리베이터 이동(B2) → 승강장으로 이동 → B2 엘리베이터를 이용하여 B4층으로 이동 이용 (엘리베이터),1. 3번 출입구 뒤쪽 엘리베이터 이동(B2) | 2. 승강장으로 이동 | 3. B2 엘리베이터를 이용하여 B4층으로 이동 이용 (엘리베이터)
S9_9_0286,9호선,샛강,1,출입구-승강장,7,신림선 승강장 → 2번 출입구 근처 엘리베이터 ,,2,0,0,좌측 신림선 개찰구를 지나 2번 출입구로 이동 (좌측) → B2 2번 출구 좌측 엘리베이터를 이용하여 지상으로 이동 이용 (엘리베이터),1. 좌측 신림선 개찰구를 지나 2번 출입구로 이동 (좌측) | 2. B2 2번 출구 좌측 엘리베이터를 이용하여 지상으로 이동 이용 (엘리베이터)
S9_9_0286,9호선,샛강,1,출입구-승강장,8,신림선 승강장 → 3번 출입구 근처 엘리베이터,,2,0,0,좌측 신림선 개찰구를 지나 우측 엘리베이터로 이동 (좌측) → B2 3번 출구 우측 엘리베이터를 이용하여 지상으로 이동 이용 (엘리베이터),1. 좌측 신림선 개찰구를 지나 우측 엘리베이터로 이동 (좌측) | 2. B2 3번 출구 우측 엘리베이터를 이용하여 지상으로 이동 이용 (엘리베이터)
S9_9_0286,9호선,샛강,3,환승,1,9호선 노량진방면 승강장 → 신림선 관악산(서울대)방면,,3,0,0,11시방향 이동 및 좌측 환승게이트 통과 → 승강장으로 이동 → B2 엘리베이터를 이용하여 B4층으로 이동 이용 (엘리베이터),1. 11시방향 이동 및 좌측 환승게이트 통과 | 2. 승강장으로 이동 | 3. B2 엘리베이터를 이용하여 B4층으로 이동 이용 (엘리베이터)
S9_9_0286,9호선,샛강,3,환승,2,9호선 여의도방면 승강장 → 신림선 관악산(서울대)방면,,3,0,0,좌측 12시방향 직진 후 좌측 환승게이트 통과 → 승강장으로 이동 → B2 엘리베이터를 이용하여 B4층으로 이동 이용 (엘리베이터),1. 좌측 12시방향 직진 후 좌측 환승게이트 통과 | 2. 승강장으로 이동 | 3. B2 엘리베이터를 이용하여 B4층으로 이동 이용 (엘리베이터)
S9_9_0286,9호선,샛강,3,환승,3,신림선 승강장 → 9호선 여의도방면 승강장,,4,0,0,우측 환승게이트 통과 → 환승게이트 통과 후 우측방향 엘리베이터로 이동 → B3 승강장으로 이동(여의도/개화 방향) → B4 승강장 엘리베이터 이용하여 B2로 이동 이용 (엘리베이터),1. 우측 환승게이트 통과 | 2. 환승게이트 통과 후 우측방향 엘리베이터로 이동 | 3. B3 승강장으로 이동(여의도/개화 방향) | 4. B4 승강장 엘리베이터 이용하여 B2로 이동 이용 (엘리베이터)
S9_9_0286,9호선,샛강,3,환승,4,신림선 승강장 →  9호선 노량진방면 승강장 ,,4,0,0,우측 환승게이트 통과 → 환승게이트 통과 후 우측 1시방향 엘리베이터로 이동 → B3 승강장으로 이동(노량진/종합운동장 방향) → B4 승강장 엘리베이터 이용하여 B2로 이동 이용 (엘리베이터),1. 우측 환승게이트 통과 | 2. 환승게이트 통과 후 우측 1시방향 엘리베이터로 이동 | 3. B3 승강장으로 이동(노량진/종합운동장 방향) | 4. B4 승강장 엘리베이터 이용하여 B2로 이동 이용 (엘리베이터)
S9_9_0114,9호선,노량진,1,출입구-승강장,1,5번출입구근처엘리베이터 → 노들방면,B1 → B2,4,0,0,5번출입구 근처 엘리베이터 이동 → [B1] 지하1층 매표소를 지나 우측 엘리베이터로 이동 (우측) → [B2] 승강장으로 이동 → 엘리베이터를 이용하여 지하2층으로 이동 이용 (엘리베이터),1. 5번출입구 근처 엘리베이터 이동 | 2. [B1] 지하1층 매표소를 지나 우측 엘리베이터로 이동 (우측) | 3. [B2] 승강장으로 이동 | 4. 엘리베이터를 이용하여 지하2층으로 이동 이용 (엘리베이터)
S9_9_0114,9호선,노량진,1,출입구-승강장,2,5번출입구근처엘리베이터 → 샛강 방면,B1 → B2,4,0,0,5번출입구 근처 엘리베이터 이동 → [B1] 지하1층 매표소를 지나 좌측 엘리베이터로 이동 (좌측) → [B2] 승강장으로 이동 → 엘리베이터를 이용하여 지하2층으로 이동 이용 (엘리베이터),1. 5번출입구 근처 엘리베이터 이동 | 2. [B1] 지하1층 매표소를 지나 좌측 엘리베이터로 이동 (좌측) | 3. [B2] 승강장으로 이동 | 4. 엘리베이터를 이용하여 지하2층으로 이동 이용 (엘리베이터)
S9_9_0114,9호선,노량진,1,출입구-승강장,3,8번출입구근처엘리베이터 → 노들방면,B1 → B2,4,0,0,8번출입구 근처 엘리베이터 이동 → [B1] 지하1층 안전관리실을 지나 좌측 엘리베이터로 이동 (좌측) → [B2] 승강장으로 이동 → 엘리베이터를 이용하여 지하2층으로 이동 이용 (엘리베이터),1. 8번출입구 근처 엘리베이터 이동 | 2. [B1] 지하1층 안전관리실을 지나 좌측 엘리베이터로 이동 (좌측) | 3. [B2] 승강장으로 이동 | 4. 엘리베이터를 이용하여 지하2층으로 이동 이용 (엘리베이터)
S9_9_0114,9호선,노량진,1,출입구-승강장,4,8번출입구근처엘리베이터 → 샛강 방면,B1 → B2,4,0,0,8번출입구 근처 엘리베이터 이동 → [B1] 지하1층 안전관리실을 지나 우측 엘리베이터로 이동 (우측) → [B2] 승강장으로 이동 → 엘리베이터를 이용하여 지하2층으로 이동 이용 (엘리베이터),1. 8번출입구 근처 엘리베이터 이동 | 2. [B1] 지하1층 안전관리실을 지나 우측 엘리베이터로 이동 (우측) | 3. [B2] 승강장으로 이동 | 4. 엘리베이터를 이용하여 지하2층으로 이동 이용 (엘리베이터)
S9_9_0114,9호선,노량진,1,출입구-승강장,5,9번출입구근처엘리베이터 → 샛강방면,B2,5,0,0,"9번출입구 근처 엘리베이터 이동 → 환승게이트로 이동 → 대합실 우측방향 이동중 샛강, 개화방면으로 이동 (우측) → [B2] 승강장으로 이동 → 엘리베이터를 이용하여 지하2층으로 이동 이용 (엘리베이터)","1. 9번출입구 근처 엘리베이터 이동 | 2. 환승게이트로 이동 | 3. 대합실 우측방향 이동중 샛강, 개화방면으로 이동 (우측) | 4. [B2] 승강장으로 이동 | 5. 엘리베이터를 이용하여 지하2층으로 이동 이용 (엘리베이터)"
S9_9_0114,9호선,노량진,1,출입구-승강장,6,9번출입구근처엘리베이터 → 노들방면,B2,5,0,0,"9번출입구 근처 엘리베이터 이동 → 환승게이트로 이동 → 대합실 우측방향 이동중 동작, 종합운동장방면으로 이동 (우측) → [B2] 승강장으로 이동 → 엘리베이터를 이용하여 지하2층으로 이동 이용 (엘리베이터)","1. 9번출입구 근처 엘리베이터 이동 | 2. 환승게이트로 이동 | 3. 대합실 우측방향 이동중 동작, 종합운동장방면으로 이동 (우측) | 4. [B2] 승강장으로 이동 | 5. 엘리베이터를 이용하여 지하2층으로 이동 이용 (엘리베이터)"
S9_9_0114,9호선,노량진,3,환승,1,9호선 노들방면 승강장 → 1호선 대방 방면 승강장,B1,4,0,0,승강장 엘리베이터 이동 → [B1] 지하 1층 이동 → [B1] 1호선 환승통로 이용 → [B1] 1호선 대방방면 승강장,1. 승강장 엘리베이터 이동 | 2. [B1] 지하 1층 이동 | 3. [B1] 1호선 환승통로 이용 | 4. [B1] 1호선 대방방면 승강장
S9_9_0114,9호선,노량진,3,환승,2,9호선 노들방면 승강장 → 1호선 용산 방면 승강장,B1,4,0,0,승강장 엘리베이터 이동 → [B1] 지하 1층 이동 → [B1] 1호선 환승통로 이용 → [B1] 1호선 용산방면 승강장,1. 승강장 엘리베이터 이동 | 2. [B1] 지하 1층 이동 | 3. [B1] 1호선 환승통로 이용 | 4. [B1] 1호선 용산방면 승강장
S9_9_0114,9호선,노량진,3,환승,3,9호선 샛강방면 승강장 → 1호선 대방 방면 승강장,B1,4,0,0,승강장 엘리베이터 이동 → [B1] 지하 1층 이동 → [B1] 1호선 환승통로 이용 → [B1] 1호선 대방방면 승강장,1. 승강장 엘리베이터 이동 | 2. [B1] 지하 1층 이동 | 3. [B1] 1호선 환승통로 이용 | 4. [B1] 1호선 대방방면 승강장
S9_9_0114,9호선,노량진,3,환승,4,9호선 샛강방면 승강장 → 1호선 용산 방면 승강장,B1,4,0,0,승강장 엘리베이터 이동 → [B1] 지하 1층 이동 → [B1] 1호선 환승통로 이용 → [B1] 1호선 용산방면 승강장,1. 승강장 엘리베이터 이동 | 2. [B1] 지하 1층 이동 | 3. [B1] 1호선 환승통로 이용 | 4. [B1] 1호선 용산방면 승강장
S9_9_0113,9호선,노들,1,출입구-승강장,1,1번 출입구 근처 엘리베이터 → 노량진 방면,B1 → B2,5,1,0,"[B1] 지하 1층으로 이동 → [B1] 개집표기를 통과 → 노량진 방면 엘리베이터(으)로 1개 층 내려가기 (B1 → B2, 엘리베이터) → [B2] 지하 2층으로 이동 → [B2] 승강장으로 이동","1. [B1] 지하 1층으로 이동 | 2. [B1] 개집표기를 통과 | 3. 노량진 방면 엘리베이터(으)로 1개 층 내려가기 (B1 → B2, 엘리베이터) | 4. [B2] 지하 2층으로 이동 | 5. [B2] 승강장으로 이동"
S9_9_0113,9호선,노들,1,출입구-승강장,2,3번 출입구 근처 엘리베이터 → 노량진 방면,B1 → B2,6,1,0,"[B1] 지하 1층으로 이동 → [B1] 지하 1층으로 이동 → [B1] 개집표기를 통과 → 노량진 방면 엘리베이터(으)로 1개 층 내려가기 (B1 → B2, 엘리베이터) → [B2] 지하 2층으로 이동 → [B2] 승강장으로 이동","1. [B1] 지하 1층으로 이동 | 2. [B1] 지하 1층으로 이동 | 3. [B1] 개집표기를 통과 | 4. 노량진 방면 엘리베이터(으)로 1개 층 내려가기 (B1 → B2, 엘리베이터) | 5. [B2] 지하 2층으로 이동 | 6. [B2] 승강장으로 이동"
S9_9_0113,9호선,노들,1,출입구-승강장,3,5번 출입구 근처 엘리베이터 → 노량진 방면,B1 → B2,5,1,0,"[B1] 지하 1층으로 이동 → [B1] 개집표기를 통과 → 노량진 방면 엘리베이터(으)로 1개 층 내려가기 (B1 → B2, 엘리베이터) → [B2] 지하 2층으로 이동 → [B2] 승강장으로 이동","1. [B1] 지하 1층으로 이동 | 2. [B1] 개집표기를 통과 | 3. 노량진 방면 엘리베이터(으)로 1개 층 내려가기 (B1 → B2, 엘리베이터) | 4. [B2] 지하 2층으로 이동 | 5. [B2] 승강장으로 이동"
S9_9_0113,9호선,노들,1,출입구-승강장,4,1번 출입구 근처 엘리베이터 → 흑석 방면,B1 → B2,5,1,0,"[B1] 지하 1층으로 이동 → [B1] 개집표기를 통과 → 흑석 방면 엘리베이터(으)로 1개 층 내려가기 (B1 → B2, 엘리베이터) → [B2] 지하 2층으로 이동 → [B2] 승강장으로 이동","1. [B1] 지하 1층으로 이동 | 2. [B1] 개집표기를 통과 | 3. 흑석 방면 엘리베이터(으)로 1개 층 내려가기 (B1 → B2, 엘리베이터) | 4. [B2] 지하 2층으로 이동 | 5. [B2] 승강장으로 이동"
S9_9_0113,9호선,노들,1,출입구-승강장,5,3번 출입구 근처 엘리베이터 → 흑석 방면,B1 → B2,6,1,0,"[B1] 지하 1층으로 이동 → [B1] 지하 1층으로 이동 → [B1] 개집표기를 통과 → 흑석 방면 엘리베이터(으)로 1개 층 내려가기 (B1 → B2, 엘리베이터) → [B2] 지하 2층으로 이동 → [B2] 승강장으로 이동","1. [B1] 지하 1층으로 이동 | 2. [B1] 지하 1층으로 이동 | 3. [B1] 개집표기를 통과 | 4. 흑석 방면 엘리베이터(으)로 1개 층 내려가기 (B1 → B2, 엘리베이터) | 5. [B2] 지하 2층으로 이동 | 6. [B2] 승강장으로 이동"
S9_9_0113,9호선,노들,1,출입구-승강장,6,5번 출입구 근처 엘리베이터 → 흑석 방면,B1 → B2,5,1,0,"[B1] 지하 1층으로 이동 → [B1] 개집표기를 통과 → 흑석 방면 엘리베이터(으)로 1개 층 내려가기 (B1 → B2, 엘리베이터) → [B2] 지하 2층으로 이동 → [B2] 승강장으로 이동","1. [B1] 지하 1층으로 이동 | 2. [B1] 개집표기를 통과 | 3. 흑석 방면 엘리베이터(으)로 1개 층 내려가기 (B1 → B2, 엘리베이터) | 4. [B2] 지하 2층으로 이동 | 5. [B2] 승강장으로 이동"
S9_9_0610,9호선,흑석,1,출입구-승강장,1,2번 출입구 근처 엘리베이터 → 동작 방면,B1 → B2,5,1,0,"[B1] 지하 1층으로 이동 → [B1] 개집표기를 통과하여 동작 방면 엘리베이터로 이동 → 동작 방면 엘리베이터(으)로 1개 층 내려가기 (B1 → B2, 엘리베이터) → [B2] 지하 2층으로 이동 → [B2] 동작 방향 승강장으로 이동","1. [B1] 지하 1층으로 이동 | 2. [B1] 개집표기를 통과하여 동작 방면 엘리베이터로 이동 | 3. 동작 방면 엘리베이터(으)로 1개 층 내려가기 (B1 → B2, 엘리베이터) | 4. [B2] 지하 2층으로 이동 | 5. [B2] 동작 방향 승강장으로 이동"
S9_9_0610,9호선,흑석,1,출입구-승강장,2,3번 출입구 근처 엘리베이터 → 동작 방면,B1 → B2,5,1,0,"[B1] 지하 1층으로 이동 → [B1] 개집표기를 통과하여 동작 방면 엘리베이터로 이동 → 동작 방면 엘리베이터(으)로 1개 층 내려가기 (B1 → B2, 엘리베이터) → [B2] 지하 2층으로 이동 → [B2] 동작 방향 승강장으로 이동","1. [B1] 지하 1층으로 이동 | 2. [B1] 개집표기를 통과하여 동작 방면 엘리베이터로 이동 | 3. 동작 방면 엘리베이터(으)로 1개 층 내려가기 (B1 → B2, 엘리베이터) | 4. [B2] 지하 2층으로 이동 | 5. [B2] 동작 방향 승강장으로 이동"
S9_9_0610,9호선,흑석,1,출입구-승강장,3,2번 출입구 근처 엘리베이터 → 노들 방면,B1 → B2,5,1,0,"[B1] 지하 1층으로 이동 → [B1] 개집표기를 통과하여 노들 방면 엘리베이터로 이동 → 노들 방면 엘리베이터(으)로 1개 층 내려가기 (B1 → B2, 엘리베이터) → [B2] 지하 2층으로 이동 → [B2] 노들 방향 승강장으로 이동","1. [B1] 지하 1층으로 이동 | 2. [B1] 개집표기를 통과하여 노들 방면 엘리베이터로 이동 | 3. 노들 방면 엘리베이터(으)로 1개 층 내려가기 (B1 → B2, 엘리베이터) | 4. [B2] 지하 2층으로 이동 | 5. [B2] 노들 방향 승강장으로 이동"
S9_9_0610,9호선,흑석,1,출입구-승강장,4,3번 출입구 근처 엘리베이터 → 노들 방면,B1 → B2,5,1,0,"[B1] 지하 1층으로 이동 → [B1] 개집표기를 통과하여 노들 방면 엘리베이터로 이동 → 노들 방면 엘리베이터(으)로 1개 층 내려가기 (B1 → B2, 엘리베이터) → [B2] 지하 2층으로 이동 → [B2] 노들 방향 승강장으로 이동","1. [B1] 지하 1층으로 이동 | 2. [B1] 개집표기를 통과하여 노들 방면 엘리베이터로 이동 | 3. 노들 방면 엘리베이터(으)로 1개 층 내려가기 (B1 → B2, 엘리베이터) | 4. [B2] 지하 2층으로 이동 | 5. [B2] 노들 방향 승강장으로 이동"
S9_9_0167,9호선,동작,1,출입구-승강장,1,1번 출입구 개찰구로 이동 → 구반포 방면,2F → B2 → B3,8,0,0,1번 출입구로 개집표기로 이동 → 개집표기 근처 엘리베이터로 이동 → [2F] 지상 2층으로 이동 → [2F] 환승통로 엘리베이터로 이동 → [B2] 지하 2층으로 이동 → [B2] 환승통로를 지나 9호선 대합실 구반포 방면 엘리베이터로 이동 → [B3] 지하 3층으로 이동 → [B3] 구반포 방향 승강장으로 이동,1. 1번 출입구로 개집표기로 이동 | 2. 개집표기 근처 엘리베이터로 이동 | 3. [2F] 지상 2층으로 이동 | 4. [2F] 환승통로 엘리베이터로 이동 | 5. [B2] 지하 2층으로 이동 | 6. [B2] 환승통로를 지나 9호선 대합실 구반포 방면 엘리베이터로 이동 | 7. [B3] 지하 3층으로 이동 | 8. [B3] 구반포 방향 승강장으로 이동
S9_9_0167,9호선,동작,1,출입구-승강장,2,5번 출입구 개찰구로 이동 → 구반포 방면,B2 → B3,6,1,0,"[B2] 지하 2층으로 이동 → [B2] 개집표기로 이동 → [B2] 9호선 대합실 구반포 방면 엘리베이터로 이동 → 5번 출입구 근처 엘리베이터(으)로 1개 층 내려가기 (B2 → B3, 엘리베이터) → [B3] 지하 3층으로 이동 → [B3] 구반포 방향 승강장으로 이동","1. [B2] 지하 2층으로 이동 | 2. [B2] 개집표기로 이동 | 3. [B2] 9호선 대합실 구반포 방면 엘리베이터로 이동 | 4. 5번 출입구 근처 엘리베이터(으)로 1개 층 내려가기 (B2 → B3, 엘리베이터) | 5. [B3] 지하 3층으로 이동 | 6. [B3] 구반포 방향 승강장으로 이동"
S9_9_0167,9호선,동작,1,출입구-승강장,3,7번 출입구 개찰구로 이동 → 구반포 방면,B1 → B2 → B3,7,1,0,"[B1] 지하 1층으로 이동 → 지하 1층 통로를 지나 5번 출입구 근처 엘리베이터(으)로 1개 층 내려가기 (B1 → B2, 엘리베이터) → [B2] 지하 2층으로 이동 → [B2] 개집표기로 이동 → [B2] 9호선 대합실 구반포 방면 엘리베이터로 이동 → [B3] 지하 3층으로 이동 → [B3] 구반포 방향 승강장으로 이동","1. [B1] 지하 1층으로 이동 | 2. 지하 1층 통로를 지나 5번 출입구 근처 엘리베이터(으)로 1개 층 내려가기 (B1 → B2, 엘리베이터) | 3. [B2] 지하 2층으로 이동 | 4. [B2] 개집표기로 이동 | 5. [B2] 9호선 대합실 구반포 방면 엘리베이터로 이동 | 6. [B3] 지하 3층으로 이동 | 7. [B3] 구반포 방향 승강장으로 이동"
S9_9_0167,9호선,동작,1,출입구-승강장,4,1번 출입구 개찰구로 이동 → 흑석 방면,2F → B2 → B3,8,0,0,1번 출입구로 개집표기로 이동 → 개집표기 근처 엘리베이터로 이동 → [2F] 지상 2층으로 이동 → [2F] 환승통로 엘리베이터로 이동 → [B2] 지하 2층으로 이동 → [B2] 환승통로를 지나 9호선 대합실 흑석방면 엘리베이터로 이동 → [B3] 지하 3층으로 이동 → [B3] 흑석 방향 승강장으로 이동,1. 1번 출입구로 개집표기로 이동 | 2. 개집표기 근처 엘리베이터로 이동 | 3. [2F] 지상 2층으로 이동 | 4. [2F] 환승통로 엘리베이터로 이동 | 5. [B2] 지하 2층으로 이동 | 6. [B2] 환승통로를 지나 9호선 대합실 흑석방면 엘리베이터로 이동 | 7. [B3] 지하 3층으로 이동 | 8. [B3] 흑석 방향 승강장으로 이동
S9_9_0167,9호선,동작,1,출입구-승강장,5,5번 출입구 개찰구로 이동 → 흑석 방면,B2 → B3,6,1,0,"[B2] 지하 2층으로 이동 → [B2] 개집표기로 이동 → [B2] 9호선 대합실 흑석방면 엘리베이터로 이동 → 5번 출입구 근처 엘리베이터(으)로 1개 층 내려가기 (B2 → B3, 엘리베이터) → [B3] 지하 3층으로 이동 → [B3] 흑석 방향 승강장으로 이동","1. [B2] 지하 2층으로 이동 | 2. [B2] 개집표기로 이동 | 3. [B2] 9호선 대합실 흑석방면 엘리베이터로 이동 | 4. 5번 출입구 근처 엘리베이터(으)로 1개 층 내려가기 (B2 → B3, 엘리베이터) | 5. [B3] 지하 3층으로 이동 | 6. [B3] 흑석 방향 승강장으로 이동"
S9_9_0167,9호선,동작,1,출입구-승강장,6,7번 출입구 개찰구로 이동 → 흑석 방면,B1 → B2 → B3,7,1,0,"[B1] 지하 1층으로 이동 → 지하 1층 통로를 지나 5번 출입구 근처 엘리베이터(으)로 1개 층 내려가기 (B1 → B2, 엘리베이터) → [B2] 지하 2층으로 이동 → [B2] 개집표기로 이동 → [B2] 9호선 대합실 흑석방면 엘리베이터로 이동 → [B3] 지하 3층으로 이동 → [B3] 흑석 방향 승강장으로 이동","1. [B1] 지하 1층으로 이동 | 2. 지하 1층 통로를 지나 5번 출입구 근처 엘리베이터(으)로 1개 층 내려가기 (B1 → B2, 엘리베이터) | 3. [B2] 지하 2층으로 이동 | 4. [B2] 개집표기로 이동 | 5. [B2] 9호선 대합실 흑석방면 엘리베이터로 이동 | 6. [B3] 지하 3층으로 이동 | 7. [B3] 흑석 방향 승강장으로 이동"
S9_9_0167,9호선,동작,3,환승,1,9호선 흑석 방면 → 4호선 이촌 방면,B2 → 2F → 3F,7,2,0,"흑석 방면 승강장 → [B2] 지하 2층으로 이동 → 환승통로 엘리베이터(으)로 3개 층 올라가기 (B2 → 2F, 엘리베이터) → [2F] 지상 2층으로 이동 → 4호선 대합실 이촌 방면 엘리베이터(으)로 1개 층 올라가기 (2F → 3F, 엘리베이터) → [3F] 지상 3층으로 이동 → [3F] 이촌 방면 승강장","1. 흑석 방면 승강장 | 2. [B2] 지하 2층으로 이동 | 3. 환승통로 엘리베이터(으)로 3개 층 올라가기 (B2 → 2F, 엘리베이터) | 4. [2F] 지상 2층으로 이동 | 5. 4호선 대합실 이촌 방면 엘리베이터(으)로 1개 층 올라가기 (2F → 3F, 엘리베이터) | 6. [3F] 지상 3층으로 이동 | 7. [3F] 이촌 방면 승강장"
S9_9_0167,9호선,동작,3,환승,2,9호선 흑석 방면 → 4호선 총신대입구 방면,B2 → 2F → 3F,7,2,0,"흑석 방면 승강장 → [B2] 지하 2층으로 이동 → 환승통로 엘리베이터(으)로 3개 층 올라가기 (B2 → 2F, 엘리베이터) → [2F] 지상 2층으로 이동 → 4호선 대합실 총신대입구 방면 엘리베이터(으)로 1개 층 올라가기 (2F → 3F, 엘리베이터) → [3F] 지상 3층으로 이동 → [3F] 총신대입구 방면 승강장","1. 흑석 방면 승강장 | 2. [B2] 지하 2층으로 이동 | 3. 환승통로 엘리베이터(으)로 3개 층 올라가기 (B2 → 2F, 엘리베이터) | 4. [2F] 지상 2층으로 이동 | 5. 4호선 대합실 총신대입구 방면 엘리베이터(으)로 1개 층 올라가기 (2F → 3F, 엘리베이터) | 6. [3F] 지상 3층으로 이동 | 7. [3F] 총신대입구 방면 승강장"
S9_9_0167,9호선,동작,3,환승,3,9호선 구반포 방면 → 4호선 이촌 방면,B2 → 2F → 3F,7,2,0,"구반포 방면 승강장 → [B2] 지하 2층으로 이동 → 환승통로 엘리베이터(으)로 3개 층 올라가기 (B2 → 2F, 엘리베이터) → [2F] 지상 2층으로 이동 → 4호선 대합실 이촌 방면 엘리베이터(으)로 1개 층 올라가기 (2F → 3F, 엘리베이터) → [3F] 지상 3층으로 이동 → [3F] 이촌 방면 승강장","1. 구반포 방면 승강장 | 2. [B2] 지하 2층으로 이동 | 3. 환승통로 엘리베이터(으)로 3개 층 올라가기 (B2 → 2F, 엘리베이터) | 4. [2F] 지상 2층으로 이동 | 5. 4호선 대합실 이촌 방면 엘리베이터(으)로 1개 층 올라가기 (2F → 3F, 엘리베이터) | 6. [3F] 지상 3층으로 이동 | 7. [3F] 이촌 방면 승강장"
S9_9_0167,9호선,동작,3,환승,4,9호선 구반포 방면 → 4호선 총신대입구 방면,B2 → 2F → 3F,7,2,0,"구반포 방면 승강장 → [B2] 지하 2층으로 이동 → 환승통로 엘리베이터(으)로 3개 층 올라가기 (B2 → 2F, 엘리베이터) → [2F] 지상 2층으로 이동 → 4호선 대합실 총신대입구 방면 엘리베이터(으)로 1개 층 올라가기 (2F → 3F, 엘리베이터) → [3F] 지상 3층으로 이동 → [3F] 총신대입구 방면 승강장","1. 구반포 방면 승강장 | 2. [B2] 지하 2층으로 이동 | 3. 환승통로 엘리베이터(으)로 3개 층 올라가기 (B2 → 2F, 엘리베이터) | 4. [2F] 지상 2층으로 이동 | 5. 4호선 대합실 총신대입구 방면 엘리베이터(으)로 1개 층 올라가기 (2F → 3F, 엘리베이터) | 6. [3F] 지상 3층으로 이동 | 7. [3F] 총신대입구 방면 승강장"
S9_9_0073,9호선,구반포,1,출입구-승강장,1,2번 출입구 근처 엘리베이터 → 신반포 방면,B1 → B3,5,1,0,"[B1] 지하 1층 대합실으로 이동 → [B1] 개집표기를 통과 → 신반포 방면 엘리베이터(으)로 2개 층 내려가기 (B1 → B3, 엘리베이터) → [B3] 지하 3층 엘리베이터 하차 → [B3] 지하 3층 승강장으로 이동","1. [B1] 지하 1층 대합실으로 이동 | 2. [B1] 개집표기를 통과 | 3. 신반포 방면 엘리베이터(으)로 2개 층 내려가기 (B1 → B3, 엘리베이터) | 4. [B3] 지하 3층 엘리베이터 하차 | 5. [B3] 지하 3층 승강장으로 이동"
S9_9_0073,9호선,구반포,1,출입구-승강장,2,2번 출입구 근처 엘리베이터 → 동작 방면,B1 → B3,5,1,0,"[B1] 지하 1층 대합실으로 이동 → [B1] 개집표기를 통과 → 동작 방면 엘리베이터(으)로 2개 층 내려가기 (B1 → B3, 엘리베이터) → [B3] 지하 3층 엘리베이터 하차 → [B3] 지하 3층 승강장으로 이동","1. [B1] 지하 1층 대합실으로 이동 | 2. [B1] 개집표기를 통과 | 3. 동작 방면 엘리베이터(으)로 2개 층 내려가기 (B1 → B3, 엘리베이터) | 4. [B3] 지하 3층 엘리베이터 하차 | 5. [B3] 지하 3층 승강장으로 이동"
S9_9_0363,9호선,신반포,1,출입구-승강장,1,1번 출입구 근처 엘리베이터 → 고속터미널 방면,B1 → B2,5,1,0,"[B1] 지하 1층으로 이동 → [B1] 개집표기를 통과 → 고속터미널 방면 엘리베이터(으)로 1개 층 내려가기 (B1 → B2, 엘리베이터) → [B2] 지하 2층 엘리베이터 하차 → [B2] 지하 2층 승강장으로 이동","1. [B1] 지하 1층으로 이동 | 2. [B1] 개집표기를 통과 | 3. 고속터미널 방면 엘리베이터(으)로 1개 층 내려가기 (B1 → B2, 엘리베이터) | 4. [B2] 지하 2층 엘리베이터 하차 | 5. [B2] 지하 2층 승강장으로 이동"
S9_9_0363,9호선,신반포,1,출입구-승강장,2,4번 출입구 근처 엘리베이터 → 고속터미널 방면,B1 → B2,5,1,0,"[B1] 지하 1층으로 이동 → [B1] 개집표기를 통과 → 고속터미널 방면 엘리베이터(으)로 1개 층 내려가기 (B1 → B2, 엘리베이터) → [B2] 지하 2층 엘리베이터 하차 → [B2] 지하 2층 승강장으로 이동","1. [B1] 지하 1층으로 이동 | 2. [B1] 개집표기를 통과 | 3. 고속터미널 방면 엘리베이터(으)로 1개 층 내려가기 (B1 → B2, 엘리베이터) | 4. [B2] 지하 2층 엘리베이터 하차 | 5. [B2] 지하 2층 승강장으로 이동"
S9_9_0363,9호선,신반포,1,출입구-승강장,3,1번 출입구 근처 엘리베이터 → 구반포 방면,B1 → B2,5,1,0,"[B1] 지하 1층으로 이동 → [B1] 개집표기를 통과 → 구반포 방면 엘리베이터(으)로 1개 층 내려가기 (B1 → B2, 엘리베이터) → [B2] 지하 2층 엘리베이터 하차 → [B2] 지하 2층 승강장으로 이동","1. [B1] 지하 1층으로 이동 | 2. [B1] 개집표기를 통과 | 3. 구반포 방면 엘리베이터(으)로 1개 층 내려가기 (B1 → B2, 엘리베이터) | 4. [B2] 지하 2층 엘리베이터 하차 | 5. [B2] 지하 2층 승강장으로 이동"
S9_9_0363,9호선,신반포,1,출입구-승강장,4,4번 출입구 근처 엘리베이터 → 구반포 방면,B1 → B2,5,1,0,"[B1] 지하 1층으로 이동 → [B1] 개집표기를 통과 → 구반포 방면 엘리베이터(으)로 1개 층 내려가기 (B1 → B2, 엘리베이터) → [B2] 지하 2층 엘리베이터 하차 → [B2] 지하 2층 승강장으로 이동","1. [B1] 지하 1층으로 이동 | 2. [B1] 개집표기를 통과 | 3. 구반포 방면 엘리베이터(으)로 1개 층 내려가기 (B1 → B2, 엘리베이터) | 4. [B2] 지하 2층 엘리베이터 하차 | 5. [B2] 지하 2층 승강장으로 이동"
S9_9_0048,9호선,고속터미널,1,출입구-승강장,1,1번 출입구 근처 엘리베이터 → 사평 방면,B2 → B5,5,1,0,"[B2] 지하 2층으로 이동 → [B2] 개집표기 통과 → 사평 방면 엘리베이터(으)로 3개 층 내려가기 (B2 → B5, 엘리베이터) → [B5] 지하 5층으로 이동 → [B5] 승강장으로 이동","1. [B2] 지하 2층으로 이동 | 2. [B2] 개집표기 통과 | 3. 사평 방면 엘리베이터(으)로 3개 층 내려가기 (B2 → B5, 엘리베이터) | 4. [B5] 지하 5층으로 이동 | 5. [B5] 승강장으로 이동"
S9_9_0048,9호선,고속터미널,1,출입구-승강장,2,1번 출입구 근처 엘리베이터 → 신반포 방면,B2 → B4 → B5,7,2,0,"[B2] 지하 2층으로 이동 → [B2] 개집표기 통과 → 신반포 방면 엘리베이터(으)로 2개 층 내려가기 (B2 → B4, 엘리베이터) → [B4] 지하 4층으로 이동 → 신반포 방면 엘리베이터(으)로 1개 층 내려가기 (B4 → B5, 엘리베이터) → [B5] 지하 5층으로 이동 → [B5] 승강장으로 이동","1. [B2] 지하 2층으로 이동 | 2. [B2] 개집표기 통과 | 3. 신반포 방면 엘리베이터(으)로 2개 층 내려가기 (B2 → B4, 엘리베이터) | 4. [B4] 지하 4층으로 이동 | 5. 신반포 방면 엘리베이터(으)로 1개 층 내려가기 (B4 → B5, 엘리베이터) | 6. [B5] 지하 5층으로 이동 | 7. [B5] 승강장으로 이동"
S9_9_0048,9호선,고속터미널,1,출입구-승강장,3,8-1번 출입구 근처 엘리베이터 → 사평 방면,B2 → B4 → B5,7,2,0,"[B2] 지하 2층으로 이동 → [B2] 개집표기 통과 → 사평 방면 엘리베이터(으)로 2개 층 내려가기 (B2 → B4, 엘리베이터) → [B4] 지하 4층으로 이동 → 사평 방면 엘리베이터(으)로 1개 층 내려가기 (B4 → B5, 엘리베이터) → [B5] 지하 5층으로 이동 → [B5] 승강장으로 이동","1. [B2] 지하 2층으로 이동 | 2. [B2] 개집표기 통과 | 3. 사평 방면 엘리베이터(으)로 2개 층 내려가기 (B2 → B4, 엘리베이터) | 4. [B4] 지하 4층으로 이동 | 5. 사평 방면 엘리베이터(으)로 1개 층 내려가기 (B4 → B5, 엘리베이터) | 6. [B5] 지하 5층으로 이동 | 7. [B5] 승강장으로 이동"
S9_9_0048,9호선,고속터미널,1,출입구-승강장,4,8-1번 출입구 근처 엘리베이터 → 신반포 방면,B2 → B5,5,1,0,"[B2] 지하 2층으로 이동 → [B2] 개집표기 통과 → 신반포 방면 엘리베이터(으)로 3개 층 내려가기 (B2 → B5, 엘리베이터) → [B5] 지하 5층으로 이동 → [B5] 승강장으로 이동","1. [B2] 지하 2층으로 이동 | 2. [B2] 개집표기 통과 | 3. 신반포 방면 엘리베이터(으)로 3개 층 내려가기 (B2 → B5, 엘리베이터) | 4. [B5] 지하 5층으로 이동 | 5. [B5] 승강장으로 이동"
S9_9_0048,9호선,고속터미널,3,환승,1,9호선 사평 방면 → 3호선 잠원 방면,B2 → B3,6,1,0,"사평 방면 승강장 → [B2] 지하 2층으로 이동 → [B2] 7호선 환승통로 이동 → 3호선 잠원 방면 엘리베이터(으)로 1개 층 내려가기 (B2 → B3, 엘리베이터) → [B3] 지하 3층으로 이동 → [B3] 3호선 잠원 방면 승강장","1. 사평 방면 승강장 | 2. [B2] 지하 2층으로 이동 | 3. [B2] 7호선 환승통로 이동 | 4. 3호선 잠원 방면 엘리베이터(으)로 1개 층 내려가기 (B2 → B3, 엘리베이터) | 5. [B3] 지하 3층으로 이동 | 6. [B3] 3호선 잠원 방면 승강장"
S9_9_0048,9호선,고속터미널,3,환승,2,9호선 신반포 방면 → 3호선 잠원 방면,B4 → B2 → B3,8,2,0,"신반포 방면 승강장 → [B4] 지하 4층으로 이동 → 9호선 사평 방면 엘리베이터(으)로 2개 층 올라가기 (B4 → B2, 엘리베이터) → [B2] 지하 2층으로 이동 → [B2] 7호선 환승통로 이동 → 3호선 잠원 방면 엘리베이터(으)로 1개 층 내려가기 (B2 → B3, 엘리베이터) → [B3] 지하 3층으로 이동 → [B3] 3호선 잠원 방면 승강장","1. 신반포 방면 승강장 | 2. [B4] 지하 4층으로 이동 | 3. 9호선 사평 방면 엘리베이터(으)로 2개 층 올라가기 (B4 → B2, 엘리베이터) | 4. [B2] 지하 2층으로 이동 | 5. [B2] 7호선 환승통로 이동 | 6. 3호선 잠원 방면 엘리베이터(으)로 1개 층 내려가기 (B2 → B3, 엘리베이터) | 7. [B3] 지하 3층으로 이동 | 8. [B3] 3호선 잠원 방면 승강장"
S9_9_0048,9호선,고속터미널,3,환승,3,9호선 사평 방면 → 3호선 교대 방면,B2 → B3,6,1,0,"사평 방면 승강장 → [B2] 지하 2층으로 이동 → [B2] 7호선 환승통로 이동 → 3호선 교대 방면 엘리베이터(으)로 1개 층 내려가기 (B2 → B3, 엘리베이터) → [B3] 지하 3층으로 이동 → [B3] 3호선 교대 방면 승강장","1. 사평 방면 승강장 | 2. [B2] 지하 2층으로 이동 | 3. [B2] 7호선 환승통로 이동 | 4. 3호선 교대 방면 엘리베이터(으)로 1개 층 내려가기 (B2 → B3, 엘리베이터) | 5. [B3] 지하 3층으로 이동 | 6. [B3] 3호선 교대 방면 승강장"
S9_9_0048,9호선,고속터미널,3,환승,4,9호선 신반포 방면 → 3호선 교대 방면,B4 → B2 → B3,8,2,0,"신반포 방면 승강장 → [B4] 지하 4층으로 이동 → 9호선 사평 방면 엘리베이터(으)로 2개 층 올라가기 (B4 → B2, 엘리베이터) → [B2] 지하 2층으로 이동 → [B2] 7호선 환승통로 이동 → 3호선 교대 방면 엘리베이터(으)로 1개 층 내려가기 (B2 → B3, 엘리베이터) → [B3] 지하 3층으로 이동 → [B3] 3호선 교대 방면 승강장","1. 신반포 방면 승강장 | 2. [B4] 지하 4층으로 이동 | 3. 9호선 사평 방면 엘리베이터(으)로 2개 층 올라가기 (B4 → B2, 엘리베이터) | 4. [B2] 지하 2층으로 이동 | 5. [B2] 7호선 환승통로 이동 | 6. 3호선 교대 방면 엘리베이터(으)로 1개 층 내려가기 (B2 → B3, 엘리베이터) | 7. [B3] 지하 3층으로 이동 | 8. [B3] 3호선 교대 방면 승강장"
S9_9_0048,9호선,고속터미널,3,환승,5,9호선 사평 방면 → 7호선 내방 방면,B2 → B3,7,1,0,"사평 방면 승강장 → [B2] 지하 2층으로 이동 → [B2] 7호선 환승통로 이동 → [B2] 7호선 지하 2층으로 이동 → 7호선 내방 방면 엘리베이터(으)로 1개 층 내려가기 (B2 → B3, 엘리베이터) → [B3] 지하 3층으로 이동 → [B3] 7호선 내방 방면 승강장","1. 사평 방면 승강장 | 2. [B2] 지하 2층으로 이동 | 3. [B2] 7호선 환승통로 이동 | 4. [B2] 7호선 지하 2층으로 이동 | 5. 7호선 내방 방면 엘리베이터(으)로 1개 층 내려가기 (B2 → B3, 엘리베이터) | 6. [B3] 지하 3층으로 이동 | 7. [B3] 7호선 내방 방면 승강장"
S9_9_0048,9호선,고속터미널,3,환승,6,9호선 신반포 방면 → 7호선 내방 방면,B4 → B2 → B3,9,2,0,"신반포 방면 승강장 → [B4] 지하 4층으로 이동 → 9호선 사평 방면 엘리베이터(으)로 2개 층 올라가기 (B4 → B2, 엘리베이터) → [B2] 지하 2층으로 이동 → [B2] 7호선 환승통로 이동 → [B2] 7호선 지하 2층으로 이동 → 7호선 내방 방면 엘리베이터(으)로 1개 층 내려가기 (B2 → B3, 엘리베이터) → [B3] 지하 3층으로 이동 → [B3] 7호선 내방 방면 승강장","1. 신반포 방면 승강장 | 2. [B4] 지하 4층으로 이동 | 3. 9호선 사평 방면 엘리베이터(으)로 2개 층 올라가기 (B4 → B2, 엘리베이터) | 4. [B2] 지하 2층으로 이동 | 5. [B2] 7호선 환승통로 이동 | 6. [B2] 7호선 지하 2층으로 이동 | 7. 7호선 내방 방면 엘리베이터(으)로 1개 층 내려가기 (B2 → B3, 엘리베이터) | 8. [B3] 지하 3층으로 이동 | 9. [B3] 7호선 내방 방면 승강장"
S9_9_0048,9호선,고속터미널,3,환승,7,9호선 사평 방면 → 7호선 반포 방면,B2 → B3,7,1,0,"사평 방면 승강장 → [B2] 지하 2층으로 이동 → [B2] 7호선 환승통로 이동 → [B2] 7호선 지하 2층으로 이동 → 7호선 반포 방면 엘리베이터(으)로 1개 층 내려가기 (B2 → B3, 엘리베이터) → [B3] 지하 3층으로 이동 → [B3] 7호선 반포 방면 승강장","1. 사평 방면 승강장 | 2. [B2] 지하 2층으로 이동 | 3. [B2] 7호선 환승통로 이동 | 4. [B2] 7호선 지하 2층으로 이동 | 5. 7호선 반포 방면 엘리베이터(으)로 1개 층 내려가기 (B2 → B3, 엘리베이터) | 6. [B3] 지하 3층으로 이동 | 7. [B3] 7호선 반포 방면 승강장"
S9_9_0048,9호선,고속터미널,3,환승,8,9호선 신반포 방면 → 7호선 반포 방면,B4 → B2 → B3,9,2,0,"신반포 방면 승강장 → [B4] 지하 4층으로 이동 → 9호선 사평 방면 엘리베이터(으)로 2개 층 올라가기 (B4 → B2, 엘리베이터) → [B2] 지하 2층으로 이동 → [B2] 7호선 환승통로 이동 → [B2] 지하 2층으로 이동 → 7호선 반포 방면 엘리베이터(으)로 1개 층 내려가기 (B2 → B3, 엘리베이터) → [B3] 지하 3층으로 이동 → [B3] 7호선 반포 방면 승강장","1. 신반포 방면 승강장 | 2. [B4] 지하 4층으로 이동 | 3. 9호선 사평 방면 엘리베이터(으)로 2개 층 올라가기 (B4 → B2, 엘리베이터) | 4. [B2] 지하 2층으로 이동 | 5. [B2] 7호선 환승통로 이동 | 6. [B2] 지하 2층으로 이동 | 7. 7호선 반포 방면 엘리베이터(으)로 1개 층 내려가기 (B2 → B3, 엘리베이터) | 8. [B3] 지하 3층으로 이동 | 9. [B3] 7호선 반포 방면 승강장"
S9_9_0259,9호선,사평,1,출입구-승강장,1,1번 출입구 근처 엘리베이터 → 고속터미널 방면,B1 → B3,5,1,0,"[B1] 지하 1층으로 이동 → [B1] 개집표기를 통과 → 고속터미널 방면 엘리베이터(으)로 2개 층 내려가기 (B1 → B3, 엘리베이터) → [B3] 지하 3층으로 이동 → [B3] 승강장으로 이동","1. [B1] 지하 1층으로 이동 | 2. [B1] 개집표기를 통과 | 3. 고속터미널 방면 엘리베이터(으)로 2개 층 내려가기 (B1 → B3, 엘리베이터) | 4. [B3] 지하 3층으로 이동 | 5. [B3] 승강장으로 이동"
S9_9_0259,9호선,사평,1,출입구-승강장,2,2번 출입구 근처 엘리베이터 → 고속터미널 방면,B1 → B3,5,1,0,"[B1] 지하 1층으로 이동 → [B1] 개집표기를 통과 → 고속터미널 방면 엘리베이터(으)로 2개 층 내려가기 (B1 → B3, 엘리베이터) → [B3] 지하 3층으로 이동 → [B3] 승강장으로 이동","1. [B1] 지하 1층으로 이동 | 2. [B1] 개집표기를 통과 | 3. 고속터미널 방면 엘리베이터(으)로 2개 층 내려가기 (B1 → B3, 엘리베이터) | 4. [B3] 지하 3층으로 이동 | 5. [B3] 승강장으로 이동"
S9_9_0259,9호선,사평,1,출입구-승강장,3,1번 출입구 근처 엘리베이터 → 신논현 방면,B1 → B3,5,1,0,"[B1] 지하 1층으로 이동 → [B1] 개집표기를 통과 → 신논현 방면 엘리베이터(으)로 2개 층 내려가기 (B1 → B3, 엘리베이터) → [B3] 지하 3층으로 이동 → [B3] 승강장으로 이동","1. [B1] 지하 1층으로 이동 | 2. [B1] 개집표기를 통과 | 3. 신논현 방면 엘리베이터(으)로 2개 층 내려가기 (B1 → B3, 엘리베이터) | 4. [B3] 지하 3층으로 이동 | 5. [B3] 승강장으로 이동"
S9_9_0259,9호선,사평,1,출입구-승강장,4,2번 출입구 근처 엘리베이터 → 신논현 방면,B1 → B3,5,1,0,"[B1] 지하 1층으로 이동 → [B1] 개집표기를 통과 → 신논현 방면 엘리베이터(으)로 2개 층 내려가기 (B1 → B3, 엘리베이터) → [B3] 지하 3층으로 이동 → [B3] 승강장으로 이동","1. [B1] 지하 1층으로 이동 | 2. [B1] 개집표기를 통과 | 3. 신논현 방면 엘리베이터(으)로 2개 층 내려가기 (B1 → B3, 엘리베이터) | 4. [B3] 지하 3층으로 이동 | 5. [B3] 승강장으로 이동"
S9_9_0354,9호선,신논현,1,출입구-승강장,1,2번 출입구 근처 엘리베이터 → 사평 방면,B1 → B4,5,1,0,"[B1] 지하 1층으로 이동 → [B1] 개집표기를 통과 → 사평 방면 엘리베이터(으)로 3개 층 내려가기 (B1 → B4, 엘리베이터) → [B4] 지하 4층으로 이동 → [B4] 승강장으로 이동","1. [B1] 지하 1층으로 이동 | 2. [B1] 개집표기를 통과 | 3. 사평 방면 엘리베이터(으)로 3개 층 내려가기 (B1 → B4, 엘리베이터) | 4. [B4] 지하 4층으로 이동 | 5. [B4] 승강장으로 이동"
S9_9_0354,9호선,신논현,1,출입구-승강장,2,2번 출입구 근처 엘리베이터 → 언주 방면,B1 → B4,5,1,0,"[B1] 지하 1층으로 이동 → [B1] 개집표기를 통과 → 언주 방면 엘리베이터(으)로 3개 층 내려가기 (B1 → B4, 엘리베이터) → [B4] 지하 4층으로 이동 → [B4] 승강장으로 이동","1. [B1] 지하 1층으로 이동 | 2. [B1] 개집표기를 통과 | 3. 언주 방면 엘리베이터(으)로 3개 층 내려가기 (B1 → B4, 엘리베이터) | 4. [B4] 지하 4층으로 이동 | 5. [B4] 승강장으로 이동"
S9_9_0354,9호선,신논현,1,출입구-승강장,5,8번 출입구 근처 엘리베이터 → 사평 방면,B1 → B4,5,1,0,"[B1] 지하 1층으로 이동 → [B1] 개집표기를 통과 → 사평 방면 엘리베이터(으)로 3개 층 내려가기 (B1 → B4, 엘리베이터) → [B4] 지하 4층으로 이동 → [B4] 승강장으로 이동","1. [B1] 지하 1층으로 이동 | 2. [B1] 개집표기를 통과 | 3. 사평 방면 엘리베이터(으)로 3개 층 내려가기 (B1 → B4, 엘리베이터) | 4. [B4] 지하 4층으로 이동 | 5. [B4] 승강장으로 이동"
S9_9_0354,9호선,신논현,1,출입구-승강장,6,8번 출입구 근처 엘리베이터 → 언주 방면,B1 → B4,5,1,0,"[B1] 지하 1층으로 이동 → [B1] 개집표기를 통과 → 언주 방면 엘리베이터(으)로 3개 층 내려가기 (B1 → B4, 엘리베이터) → [B4] 지하 4층으로 이동 → [B4] 승강장으로 이동","1. [B1] 지하 1층으로 이동 | 2. [B1] 개집표기를 통과 | 3. 언주 방면 엘리베이터(으)로 3개 층 내려가기 (B1 → B4, 엘리베이터) | 4. [B4] 지하 4층으로 이동 | 5. [B4] 승강장으로 이동"
S9_9_0410,9호선,언주,1,출입구-승강장,1,2번 출입구 옆 엘리베이터 → 신논현 방면,1F → B1 → B5,6,2,0,"2번 출입구 옆 엘리베이터(으)로 1개 층 내려가기 (1F → B1, 엘리베이터) → [B1] 대합실로 이동 → [B1] 표 내는 곳 통과 → 신논현 방면 엘리베이터(으)로 4개 층 내려가기 (B1 → B5, 엘리베이터) → [B5] 신논현 방면 승강장으로 이동 → [B5] 승차 (휠체어칸)","1. 2번 출입구 옆 엘리베이터(으)로 1개 층 내려가기 (1F → B1, 엘리베이터) | 2. [B1] 대합실로 이동 | 3. [B1] 표 내는 곳 통과 | 4. 신논현 방면 엘리베이터(으)로 4개 층 내려가기 (B1 → B5, 엘리베이터) | 5. [B5] 신논현 방면 승강장으로 이동 | 6. [B5] 승차 (휠체어칸)"
S9_9_0410,9호선,언주,1,출입구-승강장,2,2번 출입구 옆 엘리베이터 → 선정릉 방면,1F → B1 → B5,6,2,0,"2번 출입구 옆 엘리베이터(으)로 1개 층 내려가기 (1F → B1, 엘리베이터) → [B1] 대합실로 이동 → [B1] 표 내는 곳 통과 → 선정릉 방면 엘리베이터(으)로 4개 층 내려가기 (B1 → B5, 엘리베이터) → [B5] 선정릉 방면 승강장으로 이동 → [B5] 승차 (휠체어칸)","1. 2번 출입구 옆 엘리베이터(으)로 1개 층 내려가기 (1F → B1, 엘리베이터) | 2. [B1] 대합실로 이동 | 3. [B1] 표 내는 곳 통과 | 4. 선정릉 방면 엘리베이터(으)로 4개 층 내려가기 (B1 → B5, 엘리베이터) | 5. [B5] 선정릉 방면 승강장으로 이동 | 6. [B5] 승차 (휠체어칸)"
S9_9_0410,9호선,언주,1,출입구-승강장,3,6번 출입구 옆 엘리베이터 → 신논현 방면,1F → B1 → B5,6,2,0,"6번 출입구 옆 엘리베이터(으)로 1개 층 내려가기 (1F → B1, 엘리베이터) → [B1] 대합실로 이동 → [B1] 표 내는 곳 통과 → 신논현 방면 엘리베이터(으)로 4개 층 내려가기 (B1 → B5, 엘리베이터) → [B5] 신논현 방면 승강장으로 이동 → [B5] 승차 (휠체어칸)","1. 6번 출입구 옆 엘리베이터(으)로 1개 층 내려가기 (1F → B1, 엘리베이터) | 2. [B1] 대합실로 이동 | 3. [B1] 표 내는 곳 통과 | 4. 신논현 방면 엘리베이터(으)로 4개 층 내려가기 (B1 → B5, 엘리베이터) | 5. [B5] 신논현 방면 승강장으로 이동 | 6. [B5] 승차 (휠체어칸)"
S9_9_0410,9호선,언주,1,출입구-승강장,4,6번 출입구 옆 엘리베이터 → 선정릉 방면,1F → B1 → B5,6,2,0,"6번 출입구 옆 엘리베이터(으)로 1개 층 내려가기 (1F → B1, 엘리베이터) → [B1] 대합실로 이동 → [B1] 표 내는 곳 통과 → 선정릉 방면 엘리베이터(으)로 4개 층 내려가기 (B1 → B5, 엘리베이터) → [B5] 선정릉 방면 승강장으로 이동 → [B5] 승차 (휠체어칸)","1. 6번 출입구 옆 엘리베이터(으)로 1개 층 내려가기 (1F → B1, 엘리베이터) | 2. [B1] 대합실로 이동 | 3. [B1] 표 내는 곳 통과 | 4. 선정릉 방면 엘리베이터(으)로 4개 층 내려가기 (B1 → B5, 엘리베이터) | 5. [B5] 선정릉 방면 승강장으로 이동 | 6. [B5] 승차 (휠체어칸)"
S9_9_0309,9호선,선정릉,1,출입구-승강장,1,1번 출입구 옆 엘리베이터 → 언주 방면,1F → B1 → B3,6,2,0,"1번 출입구 옆 엘리베이터(으)로 1개 층 내려가기 (1F → B1, 엘리베이터) → [B1] 대합실로 이동 → [B1] 표 내는 곳 통과 → 언주 방면 엘리베이터(으)로 2개 층 내려가기 (B1 → B3, 엘리베이터) → [B3] 언주 방면 승강장으로 이동 → [B3] 승차 (휠체어칸)","1. 1번 출입구 옆 엘리베이터(으)로 1개 층 내려가기 (1F → B1, 엘리베이터) | 2. [B1] 대합실로 이동 | 3. [B1] 표 내는 곳 통과 | 4. 언주 방면 엘리베이터(으)로 2개 층 내려가기 (B1 → B3, 엘리베이터) | 5. [B3] 언주 방면 승강장으로 이동 | 6. [B3] 승차 (휠체어칸)"
S9_9_0309,9호선,선정릉,1,출입구-승강장,2,1번 출입구 옆 엘리베이터 → 삼성중앙 방면,1F → B1 → B3,6,2,0,"1번 출입구 옆 엘리베이터(으)로 1개 층 내려가기 (1F → B1, 엘리베이터) → [B1] 대합실로 이동 → [B1] 표 내는 곳 통과 → 삼성중앙 방면 엘리베이터(으)로 2개 층 내려가기 (B1 → B3, 엘리베이터) → [B3] 삼성중앙 방면 승강장으로 이동 → [B3] 승차 (휠체어칸)","1. 1번 출입구 옆 엘리베이터(으)로 1개 층 내려가기 (1F → B1, 엘리베이터) | 2. [B1] 대합실로 이동 | 3. [B1] 표 내는 곳 통과 | 4. 삼성중앙 방면 엘리베이터(으)로 2개 층 내려가기 (B1 → B3, 엘리베이터) | 5. [B3] 삼성중앙 방면 승강장으로 이동 | 6. [B3] 승차 (휠체어칸)"
S9_9_0309,9호선,선정릉,1,출입구-승강장,3,4번 출입구 근처 엘리베이터 → 언주 방면,1F → B1 → B3,6,2,0,"4번 출입구 근처 엘리베이터(으)로 1개 층 내려가기 (1F → B1, 엘리베이터) → [B1] 대합실로 이동 → [B1] 표 내는 곳 통과 → 언주 방면 엘리베이터(으)로 2개 층 내려가기 (B1 → B3, 엘리베이터) → [B3] 언주 방면 승강장으로 이동 → [B3] 승차 (휠체어칸)","1. 4번 출입구 근처 엘리베이터(으)로 1개 층 내려가기 (1F → B1, 엘리베이터) | 2. [B1] 대합실로 이동 | 3. [B1] 표 내는 곳 통과 | 4. 언주 방면 엘리베이터(으)로 2개 층 내려가기 (B1 → B3, 엘리베이터) | 5. [B3] 언주 방면 승강장으로 이동 | 6. [B3] 승차 (휠체어칸)"
S9_9_0309,9호선,선정릉,1,출입구-승강장,4,4번 출입구 근처 엘리베이터 → 삼성중앙 방면,1F → B1 → B3,6,2,0,"4번 출입구 근처 엘리베이터(으)로 1개 층 내려가기 (1F → B1, 엘리베이터) → [B1] 대합실로 이동 → [B1] 표 내는 곳 통과 → 삼성중앙 방면 엘리베이터(으)로 2개 층 내려가기 (B1 → B3, 엘리베이터) → [B3] 삼성중앙 방면 승강장으로 이동 → [B3] 승차 (휠체어칸)","1. 4번 출입구 근처 엘리베이터(으)로 1개 층 내려가기 (1F → B1, 엘리베이터) | 2. [B1] 대합실로 이동 | 3. [B1] 표 내는 곳 통과 | 4. 삼성중앙 방면 엘리베이터(으)로 2개 층 내려가기 (B1 → B3, 엘리베이터) | 5. [B3] 삼성중앙 방면 승강장으로 이동 | 6. [B3] 승차 (휠체어칸)"
S9_9_0309,9호선,선정릉,3,환승,1,9호선 언주 방면 → 수인분당선 강남구청 방면,B3 → B4 → B5,6,2,0,"[B3] 9호선 언주 방면 승강장 하차 → 수인분당선 대합실 방향 환승 엘리베이터(으)로 1개 층 내려가기 (B3 → B4, 엘리베이터) → [B4] 수인분당선 대합실로 이동 → 수인분당선 강남구청 방면 엘리베이터(으)로 1개 층 내려가기 (B4 → B5, 엘리베이터) → [B5] 수인분당선 강남구청 방면 승강장으로 이동 → [B5] 승차 (휠체어칸)","1. [B3] 9호선 언주 방면 승강장 하차 | 2. 수인분당선 대합실 방향 환승 엘리베이터(으)로 1개 층 내려가기 (B3 → B4, 엘리베이터) | 3. [B4] 수인분당선 대합실로 이동 | 4. 수인분당선 강남구청 방면 엘리베이터(으)로 1개 층 내려가기 (B4 → B5, 엘리베이터) | 5. [B5] 수인분당선 강남구청 방면 승강장으로 이동 | 6. [B5] 승차 (휠체어칸)"
S9_9_0309,9호선,선정릉,3,환승,2,9호선 언주 방면 → 수인분당선 선릉 방면,B3 → B4 → B5,6,2,0,"[B3] 9호선 언주 방면 승강장 하차 → 수인분당선 대합실 방향 환승 엘리베이터(으)로 1개 층 내려가기 (B3 → B4, 엘리베이터) → [B4] 수인분당선 대합실로 이동 → 수인분당선 선릉 방면 엘리베이터(으)로 1개 층 내려가기 (B4 → B5, 엘리베이터) → [B5] 수인분당선 선릉 방면 승강장으로 이동 → [B5] 승차 (휠체어칸)","1. [B3] 9호선 언주 방면 승강장 하차 | 2. 수인분당선 대합실 방향 환승 엘리베이터(으)로 1개 층 내려가기 (B3 → B4, 엘리베이터) | 3. [B4] 수인분당선 대합실로 이동 | 4. 수인분당선 선릉 방면 엘리베이터(으)로 1개 층 내려가기 (B4 → B5, 엘리베이터) | 5. [B5] 수인분당선 선릉 방면 승강장으로 이동 | 6. [B5] 승차 (휠체어칸)"
S9_9_0309,9호선,선정릉,3,환승,3,9호선 삼성중앙 방면 → 수인분당선 강남구청 방면,B3 → B4 → B5,6,2,0,"[B3] 9호선 삼성중앙 방면 승강장 하차 → 수인분당선 대합실 방향 환승 엘리베이터(으)로 1개 층 내려가기 (B3 → B4, 엘리베이터) → [B4] 수인분당선 대합실로 이동 → 수인분당선 강남구청 방면 엘리베이터(으)로 1개 층 내려가기 (B4 → B5, 엘리베이터) → [B5] 수인분당선 강남구청 방면 승강장으로 이동 → [B5] 승차 (휠체어칸)","1. [B3] 9호선 삼성중앙 방면 승강장 하차 | 2. 수인분당선 대합실 방향 환승 엘리베이터(으)로 1개 층 내려가기 (B3 → B4, 엘리베이터) | 3. [B4] 수인분당선 대합실로 이동 | 4. 수인분당선 강남구청 방면 엘리베이터(으)로 1개 층 내려가기 (B4 → B5, 엘리베이터) | 5. [B5] 수인분당선 강남구청 방면 승강장으로 이동 | 6. [B5] 승차 (휠체어칸)"
S9_9_0309,9호선,선정릉,3,환승,4,9호선 삼성중앙 방면 → 수인분당선 선릉 방면,B3 → B4 → B5,6,2,0,"[B3] 9호선 삼성중앙 방면 승강장 하차 → 수인분당선 대합실 방향 환승 엘리베이터(으)로 1개 층 내려가기 (B3 → B4, 엘리베이터) → [B4] 수인분당선 대합실로 이동 → 수인분당선 선릉 방면 엘리베이터(으)로 1개 층 내려가기 (B4 → B5, 엘리베이터) → [B5] 수인분당선 선릉 방면 승강장으로 이동 → [B5] 승차 (휠체어칸)","1. [B3] 9호선 삼성중앙 방면 승강장 하차 | 2. 수인분당선 대합실 방향 환승 엘리베이터(으)로 1개 층 내려가기 (B3 → B4, 엘리베이터) | 3. [B4] 수인분당선 대합실로 이동 | 4. 수인분당선 선릉 방면 엘리베이터(으)로 1개 층 내려가기 (B4 → B5, 엘리베이터) | 5. [B5] 수인분당선 선릉 방면 승강장으로 이동 | 6. [B5] 승차 (휠체어칸)"
S9_9_0267,9호선,삼성중앙,1,출입구-승강장,1,3번 출입구 옆 엘리베이터 → 선정릉 방면,1F → B1 → B2,6,2,0,"3번 출입구 옆 엘리베이터(으)로 1개 층 내려가기 (1F → B1, 엘리베이터) → [B1] 대합실로 이동 → [B1] 표 내는 곳 통과 → 선정릉 방면 엘리베이터(으)로 1개 층 내려가기 (B1 → B2, 엘리베이터) → [B2] 선정릉 방면 승강장으로 이동 → [B2] 승차 (휠체어칸)","1. 3번 출입구 옆 엘리베이터(으)로 1개 층 내려가기 (1F → B1, 엘리베이터) | 2. [B1] 대합실로 이동 | 3. [B1] 표 내는 곳 통과 | 4. 선정릉 방면 엘리베이터(으)로 1개 층 내려가기 (B1 → B2, 엘리베이터) | 5. [B2] 선정릉 방면 승강장으로 이동 | 6. [B2] 승차 (휠체어칸)"
S9_9_0267,9호선,삼성중앙,1,출입구-승강장,2,3번 출입구 옆 엘리베이터 → 봉은사 방면,1F → B1 → B2,6,2,0,"3번 출입구 옆 엘리베이터(으)로 1개 층 내려가기 (1F → B1, 엘리베이터) → [B1] 대합실로 이동 → [B1] 표 내는 곳 통과 → 봉은사 방면 엘리베이터(으)로 1개 층 내려가기 (B1 → B2, 엘리베이터) → [B2] 봉은사 방면 승강장으로 이동 → [B2] 승차 (휠체어칸)","1. 3번 출입구 옆 엘리베이터(으)로 1개 층 내려가기 (1F → B1, 엘리베이터) | 2. [B1] 대합실로 이동 | 3. [B1] 표 내는 곳 통과 | 4. 봉은사 방면 엘리베이터(으)로 1개 층 내려가기 (B1 → B2, 엘리베이터) | 5. [B2] 봉은사 방면 승강장으로 이동 | 6. [B2] 승차 (휠체어칸)"
S9_9_0267,9호선,삼성중앙,1,출입구-승강장,3,5번 출입구 옆 엘리베이터 → 선정릉 방면,1F → B1 → B2,6,2,0,"5번 출입구 옆 엘리베이터(으)로 1개 층 내려가기 (1F → B1, 엘리베이터) → [B1] 대합실로 이동 → [B1] 표 내는 곳 통과 → 선정릉 방면 엘리베이터(으)로 1개 층 내려가기 (B1 → B2, 엘리베이터) → [B2] 선정릉 방면 승강장으로 이동 → [B2] 승차 (휠체어칸)","1. 5번 출입구 옆 엘리베이터(으)로 1개 층 내려가기 (1F → B1, 엘리베이터) | 2. [B1] 대합실로 이동 | 3. [B1] 표 내는 곳 통과 | 4. 선정릉 방면 엘리베이터(으)로 1개 층 내려가기 (B1 → B2, 엘리베이터) | 5. [B2] 선정릉 방면 승강장으로 이동 | 6. [B2] 승차 (휠체어칸)"
S9_9_0267,9호선,삼성중앙,1,출입구-승강장,4,5번 출입구 옆 엘리베이터 → 봉은사 방면,1F → B1 → B2,6,2,0,"5번 출입구 옆 엘리베이터(으)로 1개 층 내려가기 (1F → B1, 엘리베이터) → [B1] 대합실로 이동 → [B1] 표 내는 곳 통과 → 봉은사 방면 엘리베이터(으)로 1개 층 내려가기 (B1 → B2, 엘리베이터) → [B2] 봉은사 방면 승강장으로 이동 → [B2] 승차 (휠체어칸)","1. 5번 출입구 옆 엘리베이터(으)로 1개 층 내려가기 (1F → B1, 엘리베이터) | 2. [B1] 대합실로 이동 | 3. [B1] 표 내는 곳 통과 | 4. 봉은사 방면 엘리베이터(으)로 1개 층 내려가기 (B1 → B2, 엘리베이터) | 5. [B2] 봉은사 방면 승강장으로 이동 | 6. [B2] 승차 (휠체어칸)"
S9_9_0241,9호선,봉은사,1,출입구-승강장,1,3번 출입구 옆 엘리베이터 → 삼성중앙 방면,1F → B1 → B2,6,2,0,"3번 출입구 옆 엘리베이터(으)로 1개 층 내려가기 (1F → B1, 엘리베이터) → [B1] 대합실로 이동 → [B1] 표 내는 곳 통과 → 삼성중앙 방면 엘리베이터(으)로 1개 층 내려가기 (B1 → B2, 엘리베이터) → [B2] 삼성중앙 방면 승강장으로 이동 → [B2] 승차 (휠체어칸)","1. 3번 출입구 옆 엘리베이터(으)로 1개 층 내려가기 (1F → B1, 엘리베이터) | 2. [B1] 대합실로 이동 | 3. [B1] 표 내는 곳 통과 | 4. 삼성중앙 방면 엘리베이터(으)로 1개 층 내려가기 (B1 → B2, 엘리베이터) | 5. [B2] 삼성중앙 방면 승강장으로 이동 | 6. [B2] 승차 (휠체어칸)"
S9_9_0241,9호선,봉은사,1,출입구-승강장,2,3번 출입구 옆 엘리베이터 → 종합운동장 방면,1F → B1 → B2,6,2,0,"3번 출입구 옆 엘리베이터(으)로 1개 층 내려가기 (1F → B1, 엘리베이터) → [B1] 대합실로 이동 → [B1] 표 내는 곳 통과 → 종합운동장 방면 엘리베이터(으)로 1개 층 내려가기 (B1 → B2, 엘리베이터) → [B2] 종합운동장 방면 승강장으로 이동 → [B2] 승차 (휠체어칸)","1. 3번 출입구 옆 엘리베이터(으)로 1개 층 내려가기 (1F → B1, 엘리베이터) | 2. [B1] 대합실로 이동 | 3. [B1] 표 내는 곳 통과 | 4. 종합운동장 방면 엘리베이터(으)로 1개 층 내려가기 (B1 → B2, 엘리베이터) | 5. [B2] 종합운동장 방면 승강장으로 이동 | 6. [B2] 승차 (휠체어칸)"
S9_9_0241,9호선,봉은사,1,출입구-승강장,3,7번 출입구 옆 엘리베이터 → 삼성중앙 방면,1F → B1 → B2,6,2,0,"7번 출입구 옆 엘리베이터(으)로 1개 층 내려가기 (1F → B1, 엘리베이터) → [B1] 대합실로 이동 → [B1] 표 내는 곳 통과 → 삼성중앙 방면 엘리베이터(으)로 1개 층 내려가기 (B1 → B2, 엘리베이터) → [B2] 삼성중앙 방면 승강장으로 이동 → [B2] 승차 (휠체어칸)","1. 7번 출입구 옆 엘리베이터(으)로 1개 층 내려가기 (1F → B1, 엘리베이터) | 2. [B1] 대합실로 이동 | 3. [B1] 표 내는 곳 통과 | 4. 삼성중앙 방면 엘리베이터(으)로 1개 층 내려가기 (B1 → B2, 엘리베이터) | 5. [B2] 삼성중앙 방면 승강장으로 이동 | 6. [B2] 승차 (휠체어칸)"
S9_9_0241,9호선,봉은사,1,출입구-승강장,4,7번 출입구 옆 엘리베이터 → 종합운동장 방면,1F → B1 → B2,6,2,0,"7번 출입구 옆 엘리베이터(으)로 1개 층 내려가기 (1F → B1, 엘리베이터) → [B1] 대합실로 이동 → [B1] 표 내는 곳 통과 → 종합운동장 방면 엘리베이터(으)로 1개 층 내려가기 (B1 → B2, 엘리베이터) → [B2] 종합운동장 방면 승강장으로 이동 → [B2] 승차 (휠체어칸)","1. 7번 출입구 옆 엘리베이터(으)로 1개 층 내려가기 (1F → B1, 엘리베이터) | 2. [B1] 대합실로 이동 | 3. [B1] 표 내는 곳 통과 | 4. 종합운동장 방면 엘리베이터(으)로 1개 층 내려가기 (B1 → B2, 엘리베이터) | 5. [B2] 종합운동장 방면 승강장으로 이동 | 6. [B2] 승차 (휠체어칸)"
S9_9_0518,9호선,종합운동장,1,출입구-승강장,1,9번 출입구 옆 엘리베이터 → 봉은사 방면,1F → B1 → B4,6,2,0,"9번 출입구 옆 엘리베이터(으)로 1개 층 내려가기 (1F → B1, 엘리베이터) → [B1] 대합실로 이동 → [B1] 표 내는 곳 통과 → 봉은사 방면 엘리베이터(으)로 3개 층 내려가기 (B1 → B4, 엘리베이터) → [B4] 봉은사 방면 승강장으로 이동 → [B4] 승차 (휠체어칸)","1. 9번 출입구 옆 엘리베이터(으)로 1개 층 내려가기 (1F → B1, 엘리베이터) | 2. [B1] 대합실로 이동 | 3. [B1] 표 내는 곳 통과 | 4. 봉은사 방면 엘리베이터(으)로 3개 층 내려가기 (B1 → B4, 엘리베이터) | 5. [B4] 봉은사 방면 승강장으로 이동 | 6. [B4] 승차 (휠체어칸)"
S9_9_0518,9호선,종합운동장,1,출입구-승강장,2,9번 출입구 옆 엘리베이터 → 삼전 방면,1F → B1 → B4,6,2,0,"9번 출입구 옆 엘리베이터(으)로 1개 층 내려가기 (1F → B1, 엘리베이터) → [B1] 대합실로 이동 → [B1] 표 내는 곳 통과 → 삼전 방면 엘리베이터(으)로 3개 층 내려가기 (B1 → B4, 엘리베이터) → [B4] 삼전 방면 승강장으로 이동 → [B4] 승차 (휠체어칸)","1. 9번 출입구 옆 엘리베이터(으)로 1개 층 내려가기 (1F → B1, 엘리베이터) | 2. [B1] 대합실로 이동 | 3. [B1] 표 내는 곳 통과 | 4. 삼전 방면 엘리베이터(으)로 3개 층 내려가기 (B1 → B4, 엘리베이터) | 5. [B4] 삼전 방면 승강장으로 이동 | 6. [B4] 승차 (휠체어칸)"
S9_9_0518,9호선,종합운동장,3,환승,1,9호선 봉은사 방면 → 2호선 잠실새내 방면,B4 → B2 → B1 → B2,8,3,0,"[B4] 9호선 봉은사 방면 승강장 하차 → 환승 대합실 방향 엘리베이터(으)로 2개 층 올라가기 (B4 → B2, 엘리베이터) → [B2] 환승 대합실로 이동 → 2호선 방향 환승 엘리베이터(으)로 1개 층 올라가기 (B2 → B1, 엘리베이터) → [B1] 2호선 대합실로 이동 → 2호선 잠실새내 방면 엘리베이터(으)로 1개 층 내려가기 (B1 → B2, 엘리베이터) → [B2] 2호선 잠실새내 방면 승강장으로 이동 → [B2] 승차 (휠체어칸)","1. [B4] 9호선 봉은사 방면 승강장 하차 | 2. 환승 대합실 방향 엘리베이터(으)로 2개 층 올라가기 (B4 → B2, 엘리베이터) | 3. [B2] 환승 대합실로 이동 | 4. 2호선 방향 환승 엘리베이터(으)로 1개 층 올라가기 (B2 → B1, 엘리베이터) | 5. [B1] 2호선 대합실로 이동 | 6. 2호선 잠실새내 방면 엘리베이터(으)로 1개 층 내려가기 (B1 → B2, 엘리베이터) | 7. [B2] 2호선 잠실새내 방면 승강장으로 이동 | 8. [B2] 승차 (휠체어칸)"
S9_9_0518,9호선,종합운동장,3,환승,2,9호선 봉은사 방면 → 2호선 삼성 방면,B4 → B2 → B1 → B2,8,3,0,"[B4] 9호선 봉은사 방면 승강장 하차 → 환승 대합실 방향 엘리베이터(으)로 2개 층 올라가기 (B4 → B2, 엘리베이터) → [B2] 환승 대합실로 이동 → 2호선 방향 환승 엘리베이터(으)로 1개 층 올라가기 (B2 → B1, 엘리베이터) → [B1] 2호선 대합실로 이동 → 2호선 삼성 방면 엘리베이터(으)로 1개 층 내려가기 (B1 → B2, 엘리베이터) → [B2] 2호선 삼성 방면 승강장으로 이동 → [B2] 승차 (휠체어칸)","1. [B4] 9호선 봉은사 방면 승강장 하차 | 2. 환승 대합실 방향 엘리베이터(으)로 2개 층 올라가기 (B4 → B2, 엘리베이터) | 3. [B2] 환승 대합실로 이동 | 4. 2호선 방향 환승 엘리베이터(으)로 1개 층 올라가기 (B2 → B1, 엘리베이터) | 5. [B1] 2호선 대합실로 이동 | 6. 2호선 삼성 방면 엘리베이터(으)로 1개 층 내려가기 (B1 → B2, 엘리베이터) | 7. [B2] 2호선 삼성 방면 승강장으로 이동 | 8. [B2] 승차 (휠체어칸)"
S9_9_0518,9호선,종합운동장,3,환승,3,9호선 삼전 방면 → 2호선 잠실새내 방면,B4 → B2 → B1 → B2,8,3,0,"[B4] 9호선 삼전 방면 승강장 하차 → 환승 대합실 방향 엘리베이터(으)로 2개 층 올라가기 (B4 → B2, 엘리베이터) → [B2] 환승 대합실로 이동 → 2호선 방향 환승 엘리베이터(으)로 1개 층 올라가기 (B2 → B1, 엘리베이터) → [B1] 2호선 대합실로 이동 → 2호선 잠실새내 방면 엘리베이터(으)로 1개 층 내려가기 (B1 → B2, 엘리베이터) → [B2] 2호선 잠실새내 방면 승강장으로 이동 → [B2] 승차 (휠체어칸)","1. [B4] 9호선 삼전 방면 승강장 하차 | 2. 환승 대합실 방향 엘리베이터(으)로 2개 층 올라가기 (B4 → B2, 엘리베이터) | 3. [B2] 환승 대합실로 이동 | 4. 2호선 방향 환승 엘리베이터(으)로 1개 층 올라가기 (B2 → B1, 엘리베이터) | 5. [B1] 2호선 대합실로 이동 | 6. 2호선 잠실새내 방면 엘리베이터(으)로 1개 층 내려가기 (B1 → B2, 엘리베이터) | 7. [B2] 2호선 잠실새내 방면 승강장으로 이동 | 8. [B2] 승차 (휠체어칸)"
S9_9_0518,9호선,종합운동장,3,환승,4,9호선 삼전 방면 → 2호선 삼성 방면,B4 → B2 → B1 → B2,8,3,0,"[B4] 9호선 삼전 방면 승강장 하차 → 환승 대합실 방향 엘리베이터(으)로 2개 층 올라가기 (B4 → B2, 엘리베이터) → [B2] 환승 대합실로 이동 → 2호선 방향 환승 엘리베이터(으)로 1개 층 올라가기 (B2 → B1, 엘리베이터) → [B1] 2호선 대합실로 이동 → 2호선 삼성 방면 엘리베이터(으)로 1개 층 내려가기 (B1 → B2, 엘리베이터) → [B2] 2호선 삼성 방면 승강장으로 이동 → [B2] 승차 (휠체어칸)","1. [B4] 9호선 삼전 방면 승강장 하차 | 2. 환승 대합실 방향 엘리베이터(으)로 2개 층 올라가기 (B4 → B2, 엘리베이터) | 3. [B2] 환승 대합실로 이동 | 4. 2호선 방향 환승 엘리베이터(으)로 1개 층 올라가기 (B2 → B1, 엘리베이터) | 5. [B1] 2호선 대합실로 이동 | 6. 2호선 삼성 방면 엘리베이터(으)로 1개 층 내려가기 (B1 → B2, 엘리베이터) | 7. [B2] 2호선 삼성 방면 승강장으로 이동 | 8. [B2] 승차 (휠체어칸)"
S9_9_1153,9호선,삼전,1,출입구-승강장,1,1번 출입구 옆 엘리베이터 → 종합운동장 방면,1F → B1 → B2,6,2,0,"1번 출입구 옆 엘리베이터(으)로 1개 층 내려가기 (1F → B1, 엘리베이터) → [B1] 대합실로 이동 → [B1] 표 내는 곳 통과 → 종합운동장 방면 엘리베이터(으)로 1개 층 내려가기 (B1 → B2, 엘리베이터) → [B2] 종합운동장 방면 승강장으로 이동 → [B2] 승차 (휠체어칸)","1. 1번 출입구 옆 엘리베이터(으)로 1개 층 내려가기 (1F → B1, 엘리베이터) | 2. [B1] 대합실로 이동 | 3. [B1] 표 내는 곳 통과 | 4. 종합운동장 방면 엘리베이터(으)로 1개 층 내려가기 (B1 → B2, 엘리베이터) | 5. [B2] 종합운동장 방면 승강장으로 이동 | 6. [B2] 승차 (휠체어칸)"
S9_9_1153,9호선,삼전,1,출입구-승강장,2,1번 출입구 옆 엘리베이터 → 석촌고분 방면,1F → B1 → B2,6,2,0,"1번 출입구 옆 엘리베이터(으)로 1개 층 내려가기 (1F → B1, 엘리베이터) → [B1] 대합실로 이동 → [B1] 표 내는 곳 통과 → 석촌고분 방면 엘리베이터(으)로 1개 층 내려가기 (B1 → B2, 엘리베이터) → [B2] 석촌고분 방면 승강장으로 이동 → [B2] 승차 (휠체어칸)","1. 1번 출입구 옆 엘리베이터(으)로 1개 층 내려가기 (1F → B1, 엘리베이터) | 2. [B1] 대합실로 이동 | 3. [B1] 표 내는 곳 통과 | 4. 석촌고분 방면 엘리베이터(으)로 1개 층 내려가기 (B1 → B2, 엘리베이터) | 5. [B2] 석촌고분 방면 승강장으로 이동 | 6. [B2] 승차 (휠체어칸)"
S9_9_1154,9호선,석촌고분,1,출입구-승강장,1,1번 출입구 옆 엘리베이터 → 삼전 방면,1F → B1 → B2,6,2,0,"1번 출입구 옆 엘리베이터(으)로 1개 층 내려가기 (1F → B1, 엘리베이터) → [B1] 대합실로 이동 → [B1] 표 내는 곳 통과 → 승강장 방향 엘리베이터(으)로 1개 층 내려가기 (B1 → B2, 엘리베이터) → [B2] 삼전 방면 승강장으로 이동 → [B2] 승차 (휠체어칸)","1. 1번 출입구 옆 엘리베이터(으)로 1개 층 내려가기 (1F → B1, 엘리베이터) | 2. [B1] 대합실로 이동 | 3. [B1] 표 내는 곳 통과 | 4. 승강장 방향 엘리베이터(으)로 1개 층 내려가기 (B1 → B2, 엘리베이터) | 5. [B2] 삼전 방면 승강장으로 이동 | 6. [B2] 승차 (휠체어칸)"
S9_9_1154,9호선,석촌고분,1,출입구-승강장,2,1번 출입구 옆 엘리베이터 → 석촌 방면,1F → B1 → B2,6,2,0,"1번 출입구 옆 엘리베이터(으)로 1개 층 내려가기 (1F → B1, 엘리베이터) → [B1] 대합실로 이동 → [B1] 표 내는 곳 통과 → 승강장 방향 엘리베이터(으)로 1개 층 내려가기 (B1 → B2, 엘리베이터) → [B2] 석촌 방면 승강장으로 이동 → [B2] 승차 (휠체어칸)","1. 1번 출입구 옆 엘리베이터(으)로 1개 층 내려가기 (1F → B1, 엘리베이터) | 2. [B1] 대합실로 이동 | 3. [B1] 표 내는 곳 통과 | 4. 승강장 방향 엘리베이터(으)로 1개 층 내려가기 (B1 → B2, 엘리베이터) | 5. [B2] 석촌 방면 승강장으로 이동 | 6. [B2] 승차 (휠체어칸)"
S9_9_1154,9호선,석촌고분,1,출입구-승강장,3,2번 출입구 옆 엘리베이터 → 삼전 방면,1F → B1 → B2,6,2,0,"2번 출입구 옆 엘리베이터(으)로 1개 층 내려가기 (1F → B1, 엘리베이터) → [B1] 대합실로 이동 → [B1] 표 내는 곳 통과 → 승강장 방향 엘리베이터(으)로 1개 층 내려가기 (B1 → B2, 엘리베이터) → [B2] 삼전 방면 승강장으로 이동 → [B2] 승차 (휠체어칸)","1. 2번 출입구 옆 엘리베이터(으)로 1개 층 내려가기 (1F → B1, 엘리베이터) | 2. [B1] 대합실로 이동 | 3. [B1] 표 내는 곳 통과 | 4. 승강장 방향 엘리베이터(으)로 1개 층 내려가기 (B1 → B2, 엘리베이터) | 5. [B2] 삼전 방면 승강장으로 이동 | 6. [B2] 승차 (휠체어칸)"
S9_9_1154,9호선,석촌고분,1,출입구-승강장,4,2번 출입구 옆 엘리베이터 → 석촌 방면,1F → B1 → B2,6,2,0,"2번 출입구 옆 엘리베이터(으)로 1개 층 내려가기 (1F → B1, 엘리베이터) → [B1] 대합실로 이동 → [B1] 표 내는 곳 통과 → 승강장 방향 엘리베이터(으)로 1개 층 내려가기 (B1 → B2, 엘리베이터) → [B2] 석촌 방면 승강장으로 이동 → [B2] 승차 (휠체어칸)","1. 2번 출입구 옆 엘리베이터(으)로 1개 층 내려가기 (1F → B1, 엘리베이터) | 2. [B1] 대합실로 이동 | 3. [B1] 표 내는 곳 통과 | 4. 승강장 방향 엘리베이터(으)로 1개 층 내려가기 (B1 → B2, 엘리베이터) | 5. [B2] 석촌 방면 승강장으로 이동 | 6. [B2] 승차 (휠체어칸)"
S9_9_1154,9호선,석촌고분,1,출입구-승강장,5,3번 출입구 옆 엘리베이터 → 삼전 방면,1F → B1 → B2,6,2,0,"3번 출입구 옆 엘리베이터(으)로 1개 층 내려가기 (1F → B1, 엘리베이터) → [B1] 대합실로 이동 → [B1] 표 내는 곳 통과 → 승강장 방향 엘리베이터(으)로 1개 층 내려가기 (B1 → B2, 엘리베이터) → [B2] 삼전 방면 승강장으로 이동 → [B2] 승차 (휠체어칸)","1. 3번 출입구 옆 엘리베이터(으)로 1개 층 내려가기 (1F → B1, 엘리베이터) | 2. [B1] 대합실로 이동 | 3. [B1] 표 내는 곳 통과 | 4. 승강장 방향 엘리베이터(으)로 1개 층 내려가기 (B1 → B2, 엘리베이터) | 5. [B2] 삼전 방면 승강장으로 이동 | 6. [B2] 승차 (휠체어칸)"
S9_9_1154,9호선,석촌고분,1,출입구-승강장,6,3번 출입구 옆 엘리베이터 → 석촌 방면,1F → B1 → B2,6,2,0,"3번 출입구 옆 엘리베이터(으)로 1개 층 내려가기 (1F → B1, 엘리베이터) → [B1] 대합실로 이동 → [B1] 표 내는 곳 통과 → 승강장 방향 엘리베이터(으)로 1개 층 내려가기 (B1 → B2, 엘리베이터) → [B2] 석촌 방면 승강장으로 이동 → [B2] 승차 (휠체어칸)","1. 3번 출입구 옆 엘리베이터(으)로 1개 층 내려가기 (1F → B1, 엘리베이터) | 2. [B1] 대합실로 이동 | 3. [B1] 표 내는 곳 통과 | 4. 승강장 방향 엘리베이터(으)로 1개 층 내려가기 (B1 → B2, 엘리베이터) | 5. [B2] 석촌 방면 승강장으로 이동 | 6. [B2] 승차 (휠체어칸)"
S9_9_1154,9호선,석촌고분,1,출입구-승강장,7,4번 출입구 옆 엘리베이터 → 삼전 방면,1F → B1 → B2,6,2,0,"4번 출입구 옆 엘리베이터(으)로 1개 층 내려가기 (1F → B1, 엘리베이터) → [B1] 대합실로 이동 → [B1] 표 내는 곳 통과 → 승강장 방향 엘리베이터(으)로 1개 층 내려가기 (B1 → B2, 엘리베이터) → [B2] 삼전 방면 승강장으로 이동 → [B2] 승차 (휠체어칸)","1. 4번 출입구 옆 엘리베이터(으)로 1개 층 내려가기 (1F → B1, 엘리베이터) | 2. [B1] 대합실로 이동 | 3. [B1] 표 내는 곳 통과 | 4. 승강장 방향 엘리베이터(으)로 1개 층 내려가기 (B1 → B2, 엘리베이터) | 5. [B2] 삼전 방면 승강장으로 이동 | 6. [B2] 승차 (휠체어칸)"
S9_9_1154,9호선,석촌고분,1,출입구-승강장,8,4번 출입구 옆 엘리베이터 → 석촌 방면,1F → B1 → B2,6,2,0,"4번 출입구 옆 엘리베이터(으)로 1개 층 내려가기 (1F → B1, 엘리베이터) → [B1] 대합실로 이동 → [B1] 표 내는 곳 통과 → 승강장 방향 엘리베이터(으)로 1개 층 내려가기 (B1 → B2, 엘리베이터) → [B2] 석촌 방면 승강장으로 이동 → [B2] 승차 (휠체어칸)","1. 4번 출입구 옆 엘리베이터(으)로 1개 층 내려가기 (1F → B1, 엘리베이터) | 2. [B1] 대합실로 이동 | 3. [B1] 표 내는 곳 통과 | 4. 승강장 방향 엘리베이터(으)로 1개 층 내려가기 (B1 → B2, 엘리베이터) | 5. [B2] 석촌 방면 승강장으로 이동 | 6. [B2] 승차 (휠체어칸)"
S9_9_0305,9호선,석촌,1,출입구-승강장,1,1번 출입구 옆 엘리베이터 → 석촌고분 방면,1F → B1 → B2 → B4,8,3,0,"1번 출입구 옆 엘리베이터(으)로 1개 층 내려가기 (1F → B1, 엘리베이터) → [B1] 대합실로 이동 → 9호선 대합실 방향 엘리베이터(으)로 1개 층 내려가기 (B1 → B2, 엘리베이터) → [B2] 9호선 대합실로 이동 → [B2] 표 내는 곳 통과 → 승강장 방향 엘리베이터(으)로 2개 층 내려가기 (B2 → B4, 엘리베이터) → [B4] 석촌고분 방면 승강장으로 이동 → [B4] 승차 (휠체어칸)","1. 1번 출입구 옆 엘리베이터(으)로 1개 층 내려가기 (1F → B1, 엘리베이터) | 2. [B1] 대합실로 이동 | 3. 9호선 대합실 방향 엘리베이터(으)로 1개 층 내려가기 (B1 → B2, 엘리베이터) | 4. [B2] 9호선 대합실로 이동 | 5. [B2] 표 내는 곳 통과 | 6. 승강장 방향 엘리베이터(으)로 2개 층 내려가기 (B2 → B4, 엘리베이터) | 7. [B4] 석촌고분 방면 승강장으로 이동 | 8. [B4] 승차 (휠체어칸)"
S9_9_0305,9호선,석촌,1,출입구-승강장,2,1번 출입구 옆 엘리베이터 → 송파나루 방면,1F → B1 → B2 → B4,8,3,0,"1번 출입구 옆 엘리베이터(으)로 1개 층 내려가기 (1F → B1, 엘리베이터) → [B1] 대합실로 이동 → 9호선 대합실 방향 엘리베이터(으)로 1개 층 내려가기 (B1 → B2, 엘리베이터) → [B2] 9호선 대합실로 이동 → [B2] 표 내는 곳 통과 → 승강장 방향 엘리베이터(으)로 2개 층 내려가기 (B2 → B4, 엘리베이터) → [B4] 송파나루 방면 승강장으로 이동 → [B4] 승차 (휠체어칸)","1. 1번 출입구 옆 엘리베이터(으)로 1개 층 내려가기 (1F → B1, 엘리베이터) | 2. [B1] 대합실로 이동 | 3. 9호선 대합실 방향 엘리베이터(으)로 1개 층 내려가기 (B1 → B2, 엘리베이터) | 4. [B2] 9호선 대합실로 이동 | 5. [B2] 표 내는 곳 통과 | 6. 승강장 방향 엘리베이터(으)로 2개 층 내려가기 (B2 → B4, 엘리베이터) | 7. [B4] 송파나루 방면 승강장으로 이동 | 8. [B4] 승차 (휠체어칸)"
S9_9_0305,9호선,석촌,1,출입구-승강장,3,5번 출입구 옆 엘리베이터 → 석촌고분 방면,1F → B1 → B2 → B4,8,3,0,"5번 출입구 옆 엘리베이터(으)로 1개 층 내려가기 (1F → B1, 엘리베이터) → [B1] 대합실로 이동 → 9호선 대합실 방향 엘리베이터(으)로 1개 층 내려가기 (B1 → B2, 엘리베이터) → [B2] 9호선 대합실로 이동 → [B2] 표 내는 곳 통과 → 승강장 방향 엘리베이터(으)로 2개 층 내려가기 (B2 → B4, 엘리베이터) → [B4] 석촌고분 방면 승강장으로 이동 → [B4] 승차 (휠체어칸)","1. 5번 출입구 옆 엘리베이터(으)로 1개 층 내려가기 (1F → B1, 엘리베이터) | 2. [B1] 대합실로 이동 | 3. 9호선 대합실 방향 엘리베이터(으)로 1개 층 내려가기 (B1 → B2, 엘리베이터) | 4. [B2] 9호선 대합실로 이동 | 5. [B2] 표 내는 곳 통과 | 6. 승강장 방향 엘리베이터(으)로 2개 층 내려가기 (B2 → B4, 엘리베이터) | 7. [B4] 석촌고분 방면 승강장으로 이동 | 8. [B4] 승차 (휠체어칸)"
S9_9_0305,9호선,석촌,1,출입구-승강장,4,5번 출입구 옆 엘리베이터 → 송파나루 방면,1F → B1 → B2 → B4,8,3,0,"5번 출입구 옆 엘리베이터(으)로 1개 층 내려가기 (1F → B1, 엘리베이터) → [B1] 대합실로 이동 → 9호선 대합실 방향 엘리베이터(으)로 1개 층 내려가기 (B1 → B2, 엘리베이터) → [B2] 9호선 대합실로 이동 → [B2] 표 내는 곳 통과 → 승강장 방향 엘리베이터(으)로 2개 층 내려가기 (B2 → B4, 엘리베이터) → [B4] 송파나루 방면 승강장으로 이동 → [B4] 승차 (휠체어칸)","1. 5번 출입구 옆 엘리베이터(으)로 1개 층 내려가기 (1F → B1, 엘리베이터) | 2. [B1] 대합실로 이동 | 3. 9호선 대합실 방향 엘리베이터(으)로 1개 층 내려가기 (B1 → B2, 엘리베이터) | 4. [B2] 9호선 대합실로 이동 | 5. [B2] 표 내는 곳 통과 | 6. 승강장 방향 엘리베이터(으)로 2개 층 내려가기 (B2 → B4, 엘리베이터) | 7. [B4] 송파나루 방면 승강장으로 이동 | 8. [B4] 승차 (휠체어칸)"
S9_9_0305,9호선,석촌,3,환승,1,9호선 석촌고분 방면 → 8호선 잠실 방면,B4 → B2,4,1,0,"[B4] 9호선 석촌고분 방면 승강장 하차 → 8호선 잠실 방면 환승 엘리베이터(으)로 2개 층 올라가기 (B4 → B2, 엘리베이터) → [B2] 8호선 잠실 방면 승강장으로 이동 → [B2] 승차 (휠체어칸)","1. [B4] 9호선 석촌고분 방면 승강장 하차 | 2. 8호선 잠실 방면 환승 엘리베이터(으)로 2개 층 올라가기 (B4 → B2, 엘리베이터) | 3. [B2] 8호선 잠실 방면 승강장으로 이동 | 4. [B2] 승차 (휠체어칸)"
S9_9_0305,9호선,석촌,3,환승,2,9호선 석촌고분 방면 → 8호선 송파 방면,B4 → B3 → B2,6,2,0,"[B4] 9호선 석촌고분 방면 승강장 하차 → 환승 대합실 방향 엘리베이터(으)로 1개 층 올라가기 (B4 → B3, 엘리베이터) → [B3] 환승 대합실로 이동 → 8호선 송파 방면 환승 엘리베이터(으)로 1개 층 올라가기 (B3 → B2, 엘리베이터) → [B2] 8호선 송파 방면 승강장으로 이동 → [B2] 승차 (휠체어칸)","1. [B4] 9호선 석촌고분 방면 승강장 하차 | 2. 환승 대합실 방향 엘리베이터(으)로 1개 층 올라가기 (B4 → B3, 엘리베이터) | 3. [B3] 환승 대합실로 이동 | 4. 8호선 송파 방면 환승 엘리베이터(으)로 1개 층 올라가기 (B3 → B2, 엘리베이터) | 5. [B2] 8호선 송파 방면 승강장으로 이동 | 6. [B2] 승차 (휠체어칸)"
S9_9_0305,9호선,석촌,3,환승,3,9호선 송파나루 방면 → 8호선 잠실 방면,B4 → B2,4,1,0,"[B4] 9호선 송파나루 방면 승강장 하차 → 8호선 잠실 방면 환승 엘리베이터(으)로 2개 층 올라가기 (B4 → B2, 엘리베이터) → [B2] 8호선 잠실 방면 승강장으로 이동 → [B2] 승차 (휠체어칸)","1. [B4] 9호선 송파나루 방면 승강장 하차 | 2. 8호선 잠실 방면 환승 엘리베이터(으)로 2개 층 올라가기 (B4 → B2, 엘리베이터) | 3. [B2] 8호선 잠실 방면 승강장으로 이동 | 4. [B2] 승차 (휠체어칸)"
S9_9_0305,9호선,석촌,3,환승,4,9호선 송파나루 방면 → 8호선 송파 방면,B4 → B3 → B2,6,2,0,"[B4] 9호선 송파나루 방면 승강장 하차 → 환승 대합실 방향 엘리베이터(으)로 1개 층 올라가기 (B4 → B3, 엘리베이터) → [B3] 환승 대합실로 이동 → 8호선 송파 방면 환승 엘리베이터(으)로 1개 층 올라가기 (B3 → B2, 엘리베이터) → [B2] 8호선 송파 방면 승강장으로 이동 → [B2] 승차 (휠체어칸)","1. [B4] 9호선 송파나루 방면 승강장 하차 | 2. 환승 대합실 방향 엘리베이터(으)로 1개 층 올라가기 (B4 → B3, 엘리베이터) | 3. [B3] 환승 대합실로 이동 | 4. 8호선 송파 방면 환승 엘리베이터(으)로 1개 층 올라가기 (B3 → B2, 엘리베이터) | 5. [B2] 8호선 송파 방면 승강장으로 이동 | 6. [B2] 승차 (휠체어칸)"
S9_9_1155,9호선,송파나루,1,출입구-승강장,1,1번 출입구 옆 엘리베이터 → 석촌 방면,1F → B1 → B2,6,2,0,"1번 출입구 옆 엘리베이터(으)로 1개 층 내려가기 (1F → B1, 엘리베이터) → [B1] 대합실로 이동 → [B1] 표 내는 곳 통과 → 승강장 방향 엘리베이터(으)로 1개 층 내려가기 (B1 → B2, 엘리베이터) → [B2] 석촌 방면 승강장으로 이동 → [B2] 승차 (휠체어칸)","1. 1번 출입구 옆 엘리베이터(으)로 1개 층 내려가기 (1F → B1, 엘리베이터) | 2. [B1] 대합실로 이동 | 3. [B1] 표 내는 곳 통과 | 4. 승강장 방향 엘리베이터(으)로 1개 층 내려가기 (B1 → B2, 엘리베이터) | 5. [B2] 석촌 방면 승강장으로 이동 | 6. [B2] 승차 (휠체어칸)"
S9_9_1155,9호선,송파나루,1,출입구-승강장,2,1번 출입구 옆 엘리베이터 → 한성백제 방면,1F → B1 → B2,6,2,0,"1번 출입구 옆 엘리베이터(으)로 1개 층 내려가기 (1F → B1, 엘리베이터) → [B1] 대합실로 이동 → [B1] 표 내는 곳 통과 → 승강장 방향 엘리베이터(으)로 1개 층 내려가기 (B1 → B2, 엘리베이터) → [B2] 한성백제 방면 승강장으로 이동 → [B2] 승차 (휠체어칸)","1. 1번 출입구 옆 엘리베이터(으)로 1개 층 내려가기 (1F → B1, 엘리베이터) | 2. [B1] 대합실로 이동 | 3. [B1] 표 내는 곳 통과 | 4. 승강장 방향 엘리베이터(으)로 1개 층 내려가기 (B1 → B2, 엘리베이터) | 5. [B2] 한성백제 방면 승강장으로 이동 | 6. [B2] 승차 (휠체어칸)"
S9_9_1155,9호선,송파나루,1,출입구-승강장,3,2번 출입구 옆 엘리베이터 → 석촌 방면,1F → B1 → B2,6,2,0,"2번 출입구 옆 엘리베이터(으)로 1개 층 내려가기 (1F → B1, 엘리베이터) → [B1] 대합실로 이동 → [B1] 표 내는 곳 통과 → 승강장 방향 엘리베이터(으)로 1개 층 내려가기 (B1 → B2, 엘리베이터) → [B2] 석촌 방면 승강장으로 이동 → [B2] 승차 (휠체어칸)","1. 2번 출입구 옆 엘리베이터(으)로 1개 층 내려가기 (1F → B1, 엘리베이터) | 2. [B1] 대합실로 이동 | 3. [B1] 표 내는 곳 통과 | 4. 승강장 방향 엘리베이터(으)로 1개 층 내려가기 (B1 → B2, 엘리베이터) | 5. [B2] 석촌 방면 승강장으로 이동 | 6. [B2] 승차 (휠체어칸)"
S9_9_1155,9호선,송파나루,1,출입구-승강장,4,2번 출입구 옆 엘리베이터 → 한성백제 방면,1F → B1 → B2,6,2,0,"2번 출입구 옆 엘리베이터(으)로 1개 층 내려가기 (1F → B1, 엘리베이터) → [B1] 대합실로 이동 → [B1] 표 내는 곳 통과 → 승강장 방향 엘리베이터(으)로 1개 층 내려가기 (B1 → B2, 엘리베이터) → [B2] 한성백제 방면 승강장으로 이동 → [B2] 승차 (휠체어칸)","1. 2번 출입구 옆 엘리베이터(으)로 1개 층 내려가기 (1F → B1, 엘리베이터) | 2. [B1] 대합실로 이동 | 3. [B1] 표 내는 곳 통과 | 4. 승강장 방향 엘리베이터(으)로 1개 층 내려가기 (B1 → B2, 엘리베이터) | 5. [B2] 한성백제 방면 승강장으로 이동 | 6. [B2] 승차 (휠체어칸)"
S9_9_1155,9호선,송파나루,1,출입구-승강장,5,3번 출입구 옆 엘리베이터 → 석촌 방면,1F → B1 → B2,6,2,0,"3번 출입구 옆 엘리베이터(으)로 1개 층 내려가기 (1F → B1, 엘리베이터) → [B1] 대합실로 이동 → [B1] 표 내는 곳 통과 → 승강장 방향 엘리베이터(으)로 1개 층 내려가기 (B1 → B2, 엘리베이터) → [B2] 석촌 방면 승강장으로 이동 → [B2] 승차 (휠체어칸)","1. 3번 출입구 옆 엘리베이터(으)로 1개 층 내려가기 (1F → B1, 엘리베이터) | 2. [B1] 대합실로 이동 | 3. [B1] 표 내는 곳 통과 | 4. 승강장 방향 엘리베이터(으)로 1개 층 내려가기 (B1 → B2, 엘리베이터) | 5. [B2] 석촌 방면 승강장으로 이동 | 6. [B2] 승차 (휠체어칸)"
S9_9_1155,9호선,송파나루,1,출입구-승강장,6,3번 출입구 옆 엘리베이터 → 한성백제 방면,1F → B1 → B2,6,2,0,"3번 출입구 옆 엘리베이터(으)로 1개 층 내려가기 (1F → B1, 엘리베이터) → [B1] 대합실로 이동 → [B1] 표 내는 곳 통과 → 승강장 방향 엘리베이터(으)로 1개 층 내려가기 (B1 → B2, 엘리베이터) → [B2] 한성백제 방면 승강장으로 이동 → [B2] 승차 (휠체어칸)","1. 3번 출입구 옆 엘리베이터(으)로 1개 층 내려가기 (1F → B1, 엘리베이터) | 2. [B1] 대합실로 이동 | 3. [B1] 표 내는 곳 통과 | 4. 승강장 방향 엘리베이터(으)로 1개 층 내려가기 (B1 → B2, 엘리베이터) | 5. [B2] 한성백제 방면 승강장으로 이동 | 6. [B2] 승차 (휠체어칸)"
S9_9_1155,9호선,송파나루,1,출입구-승강장,7,4번 출입구 옆 엘리베이터 → 석촌 방면,1F → B1 → B2,6,2,0,"4번 출입구 옆 엘리베이터(으)로 1개 층 내려가기 (1F → B1, 엘리베이터) → [B1] 대합실로 이동 → [B1] 표 내는 곳 통과 → 승강장 방향 엘리베이터(으)로 1개 층 내려가기 (B1 → B2, 엘리베이터) → [B2] 석촌 방면 승강장으로 이동 → [B2] 승차 (휠체어칸)","1. 4번 출입구 옆 엘리베이터(으)로 1개 층 내려가기 (1F → B1, 엘리베이터) | 2. [B1] 대합실로 이동 | 3. [B1] 표 내는 곳 통과 | 4. 승강장 방향 엘리베이터(으)로 1개 층 내려가기 (B1 → B2, 엘리베이터) | 5. [B2] 석촌 방면 승강장으로 이동 | 6. [B2] 승차 (휠체어칸)"
S9_9_1155,9호선,송파나루,1,출입구-승강장,8,4번 출입구 옆 엘리베이터 → 한성백제 방면,1F → B1 → B2,6,2,0,"4번 출입구 옆 엘리베이터(으)로 1개 층 내려가기 (1F → B1, 엘리베이터) → [B1] 대합실로 이동 → [B1] 표 내는 곳 통과 → 승강장 방향 엘리베이터(으)로 1개 층 내려가기 (B1 → B2, 엘리베이터) → [B2] 한성백제 방면 승강장으로 이동 → [B2] 승차 (휠체어칸)","1. 4번 출입구 옆 엘리베이터(으)로 1개 층 내려가기 (1F → B1, 엘리베이터) | 2. [B1] 대합실로 이동 | 3. [B1] 표 내는 곳 통과 | 4. 승강장 방향 엘리베이터(으)로 1개 층 내려가기 (B1 → B2, 엘리베이터) | 5. [B2] 한성백제 방면 승강장으로 이동 | 6. [B2] 승차 (휠체어칸)"
S9_9_1156,9호선,한성백제,1,출입구-승강장,1,1번 출입구 옆 엘리베이터 → 송파나루 방면,1F → B1 → B2,6,2,0,"1번 출입구 옆 엘리베이터(으)로 1개 층 내려가기 (1F → B1, 엘리베이터) → [B1] 대합실로 이동 → [B1] 표 내는 곳 통과 → 승강장 방향 엘리베이터(으)로 1개 층 내려가기 (B1 → B2, 엘리베이터) → [B2] 송파나루 방면 승강장으로 이동 → [B2] 승차 (휠체어칸)","1. 1번 출입구 옆 엘리베이터(으)로 1개 층 내려가기 (1F → B1, 엘리베이터) | 2. [B1] 대합실로 이동 | 3. [B1] 표 내는 곳 통과 | 4. 승강장 방향 엘리베이터(으)로 1개 층 내려가기 (B1 → B2, 엘리베이터) | 5. [B2] 송파나루 방면 승강장으로 이동 | 6. [B2] 승차 (휠체어칸)"
S9_9_1156,9호선,한성백제,1,출입구-승강장,2,1번 출입구 옆 엘리베이터 → 올림픽공원 방면,1F → B1 → B2,6,2,0,"1번 출입구 옆 엘리베이터(으)로 1개 층 내려가기 (1F → B1, 엘리베이터) → [B1] 대합실로 이동 → [B1] 표 내는 곳 통과 → 승강장 방향 엘리베이터(으)로 1개 층 내려가기 (B1 → B2, 엘리베이터) → [B2] 올림픽공원 방면 승강장으로 이동 → [B2] 승차 (휠체어칸)","1. 1번 출입구 옆 엘리베이터(으)로 1개 층 내려가기 (1F → B1, 엘리베이터) | 2. [B1] 대합실로 이동 | 3. [B1] 표 내는 곳 통과 | 4. 승강장 방향 엘리베이터(으)로 1개 층 내려가기 (B1 → B2, 엘리베이터) | 5. [B2] 올림픽공원 방면 승강장으로 이동 | 6. [B2] 승차 (휠체어칸)"
S9_9_1156,9호선,한성백제,1,출입구-승강장,3,2번 출입구 옆 엘리베이터 → 송파나루 방면,1F → B1 → B2,6,2,0,"2번 출입구 옆 엘리베이터(으)로 1개 층 내려가기 (1F → B1, 엘리베이터) → [B1] 대합실로 이동 → [B1] 표 내는 곳 통과 → 승강장 방향 엘리베이터(으)로 1개 층 내려가기 (B1 → B2, 엘리베이터) → [B2] 송파나루 방면 승강장으로 이동 → [B2] 승차 (휠체어칸)","1. 2번 출입구 옆 엘리베이터(으)로 1개 층 내려가기 (1F → B1, 엘리베이터) | 2. [B1] 대합실로 이동 | 3. [B1] 표 내는 곳 통과 | 4. 승강장 방향 엘리베이터(으)로 1개 층 내려가기 (B1 → B2, 엘리베이터) | 5. [B2] 송파나루 방면 승강장으로 이동 | 6. [B2] 승차 (휠체어칸)"
S9_9_1156,9호선,한성백제,1,출입구-승강장,4,2번 출입구 옆 엘리베이터 → 올림픽공원 방면,1F → B1 → B2,6,2,0,"2번 출입구 옆 엘리베이터(으)로 1개 층 내려가기 (1F → B1, 엘리베이터) → [B1] 대합실로 이동 → [B1] 표 내는 곳 통과 → 승강장 방향 엘리베이터(으)로 1개 층 내려가기 (B1 → B2, 엘리베이터) → [B2] 올림픽공원 방면 승강장으로 이동 → [B2] 승차 (휠체어칸)","1. 2번 출입구 옆 엘리베이터(으)로 1개 층 내려가기 (1F → B1, 엘리베이터) | 2. [B1] 대합실로 이동 | 3. [B1] 표 내는 곳 통과 | 4. 승강장 방향 엘리베이터(으)로 1개 층 내려가기 (B1 → B2, 엘리베이터) | 5. [B2] 올림픽공원 방면 승강장으로 이동 | 6. [B2] 승차 (휠체어칸)"
S9_9_0438,9호선,올림픽공원,1,출입구-승강장,1,4번 출입구 옆 엘리베이터 → 한성백제 방면,1F → B1 → B2 → B3,8,3,0,"4번 출입구 옆 엘리베이터(으)로 1개 층 내려가기 (1F → B1, 엘리베이터) → [B1] 대합실로 이동 → [B1] 표 내는 곳 통과 → 엘리베이터(으)로 1개 층 내려가기 (B1 → B2, 엘리베이터) → [B2] 대합실로 이동 → 승강장 방향 엘리베이터(으)로 1개 층 내려가기 (B2 → B3, 엘리베이터) → [B3] 한성백제 방면 승강장으로 이동 → [B3] 승차 (휠체어칸)","1. 4번 출입구 옆 엘리베이터(으)로 1개 층 내려가기 (1F → B1, 엘리베이터) | 2. [B1] 대합실로 이동 | 3. [B1] 표 내는 곳 통과 | 4. 엘리베이터(으)로 1개 층 내려가기 (B1 → B2, 엘리베이터) | 5. [B2] 대합실로 이동 | 6. 승강장 방향 엘리베이터(으)로 1개 층 내려가기 (B2 → B3, 엘리베이터) | 7. [B3] 한성백제 방면 승강장으로 이동 | 8. [B3] 승차 (휠체어칸)"
S9_9_0438,9호선,올림픽공원,1,출입구-승강장,2,4번 출입구 옆 엘리베이터 → 둔촌오륜 방면,1F → B1 → B2 → B3,8,3,0,"4번 출입구 옆 엘리베이터(으)로 1개 층 내려가기 (1F → B1, 엘리베이터) → [B1] 대합실로 이동 → [B1] 표 내는 곳 통과 → 엘리베이터(으)로 1개 층 내려가기 (B1 → B2, 엘리베이터) → [B2] 대합실로 이동 → 승강장 방향 엘리베이터(으)로 1개 층 내려가기 (B2 → B3, 엘리베이터) → [B3] 둔촌오륜 방면 승강장으로 이동 → [B3] 승차 (휠체어칸)","1. 4번 출입구 옆 엘리베이터(으)로 1개 층 내려가기 (1F → B1, 엘리베이터) | 2. [B1] 대합실로 이동 | 3. [B1] 표 내는 곳 통과 | 4. 엘리베이터(으)로 1개 층 내려가기 (B1 → B2, 엘리베이터) | 5. [B2] 대합실로 이동 | 6. 승강장 방향 엘리베이터(으)로 1개 층 내려가기 (B2 → B3, 엘리베이터) | 7. [B3] 둔촌오륜 방면 승강장으로 이동 | 8. [B3] 승차 (휠체어칸)"
S9_9_0438,9호선,올림픽공원,3,환승,1,9호선 한성백제 방면 → 5호선 둔촌동 방면,B3 → B2 → B1 → B2,10,3,0,"[B3] 9호선 한성백제 방면 승강장 하차 → 대합실 방향 엘리베이터(으)로 1개 층 올라가기 (B3 → B2, 엘리베이터) → [B2] 대합실로 이동 → 대합실 방향 엘리베이터(으)로 1개 층 올라가기 (B2 → B1, 엘리베이터) → [B1] 대합실로 이동 → [B1] 5호선 방향 환승통로로 이동 → [B1] 5호선 대합실로 이동 → 5호선 둔촌동 방면 엘리베이터(으)로 1개 층 내려가기 (B1 → B2, 엘리베이터) → [B2] 5호선 둔촌동 방면 승강장으로 이동 → [B2] 승차 (휠체어칸)","1. [B3] 9호선 한성백제 방면 승강장 하차 | 2. 대합실 방향 엘리베이터(으)로 1개 층 올라가기 (B3 → B2, 엘리베이터) | 3. [B2] 대합실로 이동 | 4. 대합실 방향 엘리베이터(으)로 1개 층 올라가기 (B2 → B1, 엘리베이터) | 5. [B1] 대합실로 이동 | 6. [B1] 5호선 방향 환승통로로 이동 | 7. [B1] 5호선 대합실로 이동 | 8. 5호선 둔촌동 방면 엘리베이터(으)로 1개 층 내려가기 (B1 → B2, 엘리베이터) | 9. [B2] 5호선 둔촌동 방면 승강장으로 이동 | 10. [B2] 승차 (휠체어칸)"
S9_9_0438,9호선,올림픽공원,3,환승,2,9호선 한성백제 방면 → 5호선 방이 방면,B3 → B2,6,1,0,"[B3] 9호선 한성백제 방면 승강장 하차 → 대합실 방향 엘리베이터(으)로 1개 층 올라가기 (B3 → B2, 엘리베이터) → [B2] 대합실로 이동 → [B2] 5호선 방향 환승통로로 이동 → [B2] 5호선 방이 방면 승강장으로 이동 → [B2] 승차 (휠체어칸)","1. [B3] 9호선 한성백제 방면 승강장 하차 | 2. 대합실 방향 엘리베이터(으)로 1개 층 올라가기 (B3 → B2, 엘리베이터) | 3. [B2] 대합실로 이동 | 4. [B2] 5호선 방향 환승통로로 이동 | 5. [B2] 5호선 방이 방면 승강장으로 이동 | 6. [B2] 승차 (휠체어칸)"
S9_9_0438,9호선,올림픽공원,3,환승,3,9호선 둔촌오륜 방면 → 5호선 둔촌동 방면,B3 → B2 → B1 → B2,10,3,0,"[B3] 9호선 둔촌오륜 방면 승강장 하차 → 대합실 방향 엘리베이터(으)로 1개 층 올라가기 (B3 → B2, 엘리베이터) → [B2] 대합실로 이동 → 대합실 방향 엘리베이터(으)로 1개 층 올라가기 (B2 → B1, 엘리베이터) → [B1] 대합실로 이동 → [B1] 5호선 방향 환승통로로 이동 → [B1] 5호선 대합실로 이동 → 5호선 둔촌동 방면 엘리베이터(으)로 1개 층 내려가기 (B1 → B2, 엘리베이터) → [B2] 5호선 둔촌동 방면 승강장으로 이동 → [B2] 승차 (휠체어칸)","1. [B3] 9호선 둔촌오륜 방면 승강장 하차 | 2. 대합실 방향 엘리베이터(으)로 1개 층 올라가기 (B3 → B2, 엘리베이터) | 3. [B2] 대합실로 이동 | 4. 대합실 방향 엘리베이터(으)로 1개 층 올라가기 (B2 → B1, 엘리베이터) | 5. [B1] 대합실로 이동 | 6. [B1] 5호선 방향 환승통로로 이동 | 7. [B1] 5호선 대합실로 이동 | 8. 5호선 둔촌동 방면 엘리베이터(으)로 1개 층 내려가기 (B1 → B2, 엘리베이터) | 9. [B2] 5호선 둔촌동 방면 승강장으로 이동 | 10. [B2] 승차 (휠체어칸)"
S9_9_0438,9호선,올림픽공원,3,환승,4,9호선 둔촌오륜 방면 → 5호선 방이 방면,B3 → B2,6,1,0,"[B3] 9호선 둔촌오륜 방면 승강장 하차 → 대합실 방향 엘리베이터(으)로 1개 층 올라가기 (B3 → B2, 엘리베이터) → [B2] 대합실로 이동 → [B2] 5호선 방향 환승통로로 이동 → [B2] 5호선 방이 방면 승강장으로 이동 → [B2] 승차 (휠체어칸)","1. [B3] 9호선 둔촌오륜 방면 승강장 하차 | 2. 대합실 방향 엘리베이터(으)로 1개 층 올라가기 (B3 → B2, 엘리베이터) | 3. [B2] 대합실로 이동 | 4. [B2] 5호선 방향 환승통로로 이동 | 5. [B2] 5호선 방이 방면 승강장으로 이동 | 6. [B2] 승차 (휠체어칸)"
S9_9_1157,9호선,둔촌오륜,1,출입구-승강장,1,1번 출입구 옆 엘리베이터 → 올림픽공원 방면,1F → B1 → B2,6,2,0,"1번 출입구 옆 엘리베이터(으)로 1개 층 내려가기 (1F → B1, 엘리베이터) → [B1] 대합실로 이동 → [B1] 표 내는 곳 통과 → 승강장 방향 엘리베이터(으)로 1개 층 내려가기 (B1 → B2, 엘리베이터) → [B2] 올림픽공원 방면 승강장으로 이동 → [B2] 승차 (휠체어칸)","1. 1번 출입구 옆 엘리베이터(으)로 1개 층 내려가기 (1F → B1, 엘리베이터) | 2. [B1] 대합실로 이동 | 3. [B1] 표 내는 곳 통과 | 4. 승강장 방향 엘리베이터(으)로 1개 층 내려가기 (B1 → B2, 엘리베이터) | 5. [B2] 올림픽공원 방면 승강장으로 이동 | 6. [B2] 승차 (휠체어칸)"
S9_9_1157,9호선,둔촌오륜,1,출입구-승강장,2,1번 출입구 옆 엘리베이터 → 중앙보훈병원 방면,1F → B1 → B2,6,2,0,"1번 출입구 옆 엘리베이터(으)로 1개 층 내려가기 (1F → B1, 엘리베이터) → [B1] 대합실로 이동 → [B1] 표 내는 곳 통과 → 승강장 방향 엘리베이터(으)로 1개 층 내려가기 (B1 → B2, 엘리베이터) → [B2] 중앙보훈병원 방면 승강장으로 이동 → [B2] 승차 (휠체어칸)","1. 1번 출입구 옆 엘리베이터(으)로 1개 층 내려가기 (1F → B1, 엘리베이터) | 2. [B1] 대합실로 이동 | 3. [B1] 표 내는 곳 통과 | 4. 승강장 방향 엘리베이터(으)로 1개 층 내려가기 (B1 → B2, 엘리베이터) | 5. [B2] 중앙보훈병원 방면 승강장으로 이동 | 6. [B2] 승차 (휠체어칸)"
S9_9_1157,9호선,둔촌오륜,1,출입구-승강장,3,2번 출입구 옆 엘리베이터 → 올림픽공원 방면,1F → B1 → B2,6,2,0,"2번 출입구 옆 엘리베이터(으)로 1개 층 내려가기 (1F → B1, 엘리베이터) → [B1] 대합실로 이동 → [B1] 표 내는 곳 통과 → 승강장 방향 엘리베이터(으)로 1개 층 내려가기 (B1 → B2, 엘리베이터) → [B2] 올림픽공원 방면 승강장으로 이동 → [B2] 승차 (휠체어칸)","1. 2번 출입구 옆 엘리베이터(으)로 1개 층 내려가기 (1F → B1, 엘리베이터) | 2. [B1] 대합실로 이동 | 3. [B1] 표 내는 곳 통과 | 4. 승강장 방향 엘리베이터(으)로 1개 층 내려가기 (B1 → B2, 엘리베이터) | 5. [B2] 올림픽공원 방면 승강장으로 이동 | 6. [B2] 승차 (휠체어칸)"
S9_9_1157,9호선,둔촌오륜,1,출입구-승강장,4,2번 출입구 옆 엘리베이터 → 중앙보훈병원 방면,1F → B1 → B2,6,2,0,"2번 출입구 옆 엘리베이터(으)로 1개 층 내려가기 (1F → B1, 엘리베이터) → [B1] 대합실로 이동 → [B1] 표 내는 곳 통과 → 승강장 방향 엘리베이터(으)로 1개 층 내려가기 (B1 → B2, 엘리베이터) → [B2] 중앙보훈병원 방면 승강장으로 이동 → [B2] 승차 (휠체어칸)","1. 2번 출입구 옆 엘리베이터(으)로 1개 층 내려가기 (1F → B1, 엘리베이터) | 2. [B1] 대합실로 이동 | 3. [B1] 표 내는 곳 통과 | 4. 승강장 방향 엘리베이터(으)로 1개 층 내려가기 (B1 → B2, 엘리베이터) | 5. [B2] 중앙보훈병원 방면 승강장으로 이동 | 6. [B2] 승차 (휠체어칸)"
S9_9_1158,9호선,중앙보훈병원,1,출입구-승강장,1,1번 출입구 옆 엘리베이터 → 둔촌오륜 방면,1F → B1 → B2,6,2,0,"1번 출입구 옆 엘리베이터(으)로 1개 층 내려가기 (1F → B1, 엘리베이터) → [B1] 대합실로 이동 → [B1] 표 내는 곳 통과 → 둔촌오륜 방면 엘리베이터(으)로 1개 층 내려가기 (B1 → B2, 엘리베이터) → [B2] 둔촌오륜 방면 승강장으로 이동 → [B2] 승차 (휠체어칸)","1. 1번 출입구 옆 엘리베이터(으)로 1개 층 내려가기 (1F → B1, 엘리베이터) | 2. [B1] 대합실로 이동 | 3. [B1] 표 내는 곳 통과 | 4. 둔촌오륜 방면 엘리베이터(으)로 1개 층 내려가기 (B1 → B2, 엘리베이터) | 5. [B2] 둔촌오륜 방면 승강장으로 이동 | 6. [B2] 승차 (휠체어칸)"
S9_9_1158,9호선,중앙보훈병원,1,출입구-승강장,2,2번 출입구 옆 엘리베이터 → 둔촌오륜 방면,1F → B1 → B2,6,2,0,"2번 출입구 옆 엘리베이터(으)로 1개 층 내려가기 (1F → B1, 엘리베이터) → [B1] 대합실로 이동 → [B1] 표 내는 곳 통과 → 둔촌오륜 방면 엘리베이터(으)로 1개 층 내려가기 (B1 → B2, 엘리베이터) → [B2] 둔촌오륜 방면 승강장으로 이동 → [B2] 승차 (휠체어칸)","1. 2번 출입구 옆 엘리베이터(으)로 1개 층 내려가기 (1F → B1, 엘리베이터) | 2. [B1] 대합실로 이동 | 3. [B1] 표 내는 곳 통과 | 4. 둔촌오륜 방면 엘리베이터(으)로 1개 층 내려가기 (B1 → B2, 엘리베이터) | 5. [B2] 둔촌오륜 방면 승강장으로 이동 | 6. [B2] 승차 (휠체어칸)"
S9_9_1158,9호선,중앙보훈병원,1,출입구-승강장,3,3번 출입구 옆 엘리베이터 → 둔촌오륜 방면,1F → B1 → B2,6,2,0,"3번 출입구 옆 엘리베이터(으)로 1개 층 내려가기 (1F → B1, 엘리베이터) → [B1] 대합실로 이동 → [B1] 표 내는 곳 통과 → 둔촌오륜 방면 엘리베이터(으)로 1개 층 내려가기 (B1 → B2, 엘리베이터) → [B2] 둔촌오륜 방면 승강장으로 이동 → [B2] 승차 (휠체어칸)","1. 3번 출입구 옆 엘리베이터(으)로 1개 층 내려가기 (1F → B1, 엘리베이터) | 2. [B1] 대합실로 이동 | 3. [B1] 표 내는 곳 통과 | 4. 둔촌오륜 방면 엘리베이터(으)로 1개 층 내려가기 (B1 → B2, 엘리베이터) | 5. [B2] 둔촌오륜 방면 승강장으로 이동 | 6. [B2] 승차 (휠체어칸)"
