station_id,ln_nm,stin_nm,from_line,from_direction,to_line,to_direction,floor_sequence,n_steps,n_elevator,n_escalator,guide_text
KR_1_0606,1호선,회룡,1호선,의정부,,의정부 발곡,1F → 2F,7,1,0,"[1F] 1호선 의정부 방면 승강장 하차 → 1호선 대합실 방향 엘리베이터(으)로 1개 층 올라가기 (1F → 2F, 엘리베이터) → [2F] 1호선 대합실 이동 → [2F] 표 내는 곳 옆 환승통로 이동 → [2F] 표 내는 곳 통과 → [2F] 의정부 발곡 방면 승강장으로 이동 → [2F] 승차 (휠체어칸)"
KR_1_0606,1호선,회룡,1호선,의정부,,의정부 범골,1F → 2F → 3F,10,2,0,"[1F] 1호선 의정부 방면 승강장 하차 → 1호선 대합실 방향 엘리베이터(으)로 1개 층 올라가기 (1F → 2F, 엘리베이터) → [2F] 1호선 대합실 이동 → [2F] 표 내는 곳 옆 환승통로 이동 → [2F] 표 내는 곳 통과 → [2F] 의정부 발곡 방면 승강장으로 이동 → [2F] 의정부 대합실 이동 → 의정부 범골 방면 엘리베이터(으)로 1개 층 올라가기 (2F → 3F, 엘리베이터) → [3F] 의정부 범골 방면 승강장으로 이동 → [3F] 승차 (휠체어칸)"
KR_1_0606,1호선,회룡,1호선,망월사,,의정부 발곡,1F → 2F,7,1,0,"[1F] 1호선 망월사 방면 승강장 하차 → 1호선 대합실 방향 엘리베이터(으)로 1개 층 올라가기 (1F → 2F, 엘리베이터) → [2F] 1호선 대합실 이동 → [2F] 표 내는 곳 옆 환승통로 이동 → [2F] 표 내는 곳 통과 → [2F] 의정부 발곡 방면 승강장으로 이동 → [2F] 승차 (휠체어칸)"
KR_1_0606,1호선,회룡,1호선,망월사,,의정부 범골,1F → 2F → 3F,10,2,0,"[1F] 1호선 망월사 방면 승강장 하차 → 1호선 대합실 방향 엘리베이터(으)로 1개 층 올라가기 (1F → 2F, 엘리베이터) → [2F] 1호선 대합실 이동 → [2F] 표 내는 곳 옆 환승통로 이동 → [2F] 표 내는 곳 통과 → [2F] 의정부 발곡 방면 승강장으로 이동 → [2F] 의정부 대합실 이동 → 의정부 범골 방면 엘리베이터(으)로 1개 층 올라가기 (2F → 3F, 엘리베이터) → [3F] 의정부 범골 방면 승강장으로 이동 → [3F] 승차 (휠체어칸)"
KR_1_0146,1호선,도봉산,1호선,망월사,7호선,수락산,1F → 2F,5,0,0,7호선 환승통로 방면 휠체어리프트로 이동 → [1F] 지상 1층으로 이동 → [1F] 수락산 방면 휠체어리프트로 이동 → [2F] 지상 2층으로 이동 → [2F] 승강장 이동
KR_1_0146,1호선,도봉산,1호선,망월사,7호선,장암,1F → 2F,5,0,0,7호선 환승통로 방면 휠체어리프트로 이동 → [1F] 지상 1층으로 이동 → [1F] 장암 방면 휠체어리프트로 이동 → [2F] 지상 2층으로 이동 → [2F] 승강장 이동
KR_1_0146,1호선,도봉산,1호선,도봉,7호선,수락산,1F → 2F,5,0,0,7호선 환승통로 방면 휠체어리프트로 이동 → [1F] 지상 1층으로 이동 → [1F] 수락산 방면 휠체어리프트로 이동 → [2F] 지상 2층으로 이동 → [2F] 승강장 이동
KR_1_0146,1호선,도봉산,1호선,도봉,7호선,장암,1F → 2F,5,0,0,7호선 환승통로 방면 휠체어리프트로 이동 → [1F] 지상 1층으로 이동 → [1F] 장암 방면 휠체어리프트로 이동 → [2F] 지상 2층으로 이동 → [2F] 승강장 이동
KR_1_0541,1호선,창동,1호선,방학,4호선,노원,1F → 3F → 2F → 3F,8,1,0,"[1F] 1호선 방학 방면 승강장 하차 → 이동통로 방향 휠체어리프트(으)로 2개 층 올라가기 (1F → 3F, 휠체어리프트) → [3F] 이동통로로 이동 → 대합실 방향 휠체어리프트(으)로 1개 층 내려가기 (3F → 2F, 휠체어리프트) → [2F] 대합실로 이동 → 4호선 노원 방면 엘리베이터(으)로 1개 층 올라가기 (2F → 3F, 엘리베이터) → [3F] 4호선 노원 방면 승강장으로 이동 → [3F] 승차 (휠체어칸)"
KR_1_0541,1호선,창동,1호선,방학,4호선,쌍문,1F → 3F → 2F → 3F,8,1,0,"[1F] 1호선 방학 방면 승강장 하차 → 이동통로 방향 휠체어리프트(으)로 2개 층 올라가기 (1F → 3F, 휠체어리프트) → [3F] 이동통로로 이동 → 대합실 방향 휠체어리프트(으)로 1개 층 내려가기 (3F → 2F, 휠체어리프트) → [2F] 대합실로 이동 → 4호선 쌍문 방면 엘리베이터(으)로 1개 층 올라가기 (2F → 3F, 엘리베이터) → [3F] 4호선 쌍문 방면 승강장으로 이동 → [3F] 승차 (휠체어칸)"
KR_1_0541,1호선,창동,1호선,녹천,4호선,노원,1F → 3F → 2F → 3F,8,1,0,"[1F] 1호선 녹천 방면 승강장 하차 → 이동통로 방향 휠체어리프트(으)로 2개 층 올라가기 (1F → 3F, 휠체어리프트) → [3F] 이동통로로 이동 → 대합실 방향 휠체어리프트(으)로 1개 층 내려가기 (3F → 2F, 휠체어리프트) → [2F] 대합실로 이동 → 4호선 노원 방면 엘리베이터(으)로 1개 층 올라가기 (2F → 3F, 엘리베이터) → [3F] 4호선 노원 방면 승강장으로 이동 → [3F] 승차 (휠체어칸)"
KR_1_0541,1호선,창동,1호선,녹천,4호선,쌍문,1F → 3F → 2F → 3F,8,1,0,"[1F] 1호선 녹천 방면 승강장 하차 → 이동통로 방향 휠체어리프트(으)로 2개 층 올라가기 (1F → 3F, 휠체어리프트) → [3F] 이동통로로 이동 → 대합실 방향 휠체어리프트(으)로 1개 층 내려가기 (3F → 2F, 휠체어리프트) → [2F] 대합실로 이동 → 4호선 쌍문 방면 엘리베이터(으)로 1개 층 올라가기 (2F → 3F, 엘리베이터) → [3F] 4호선 쌍문 방면 승강장으로 이동 → [3F] 승차 (휠체어칸)"
KR_1_0300,1호선,석계,1호선,성북/신이문,6호선,태릉입구,1F → B2 → B3,7,0,0,"1호선 승강장에서 5번출입구 방면으로 이동 → [1F] 6호선 환승통로 이동 → 휠체어리프트 이용 지상 1층으로 이동(으)로 2개 층 내려가기 (1F → B2, 휠체어리프트) → [B2] 6호선 환승통로 이동 → 휠체어리프트 이용 지하 2층으로 이동(으)로 1개 층 내려가기 (B2 → B3, 휠체어리프트) → [B3] 6호선 태릉입구 방면 승강장 이용 → 6호선 태릉입구 방면 엘리베이터 이용 지하 3층으로 이동 이용 (엘리베이터)"
KR_1_0300,1호선,석계,1호선,성북/신이문,6호선,돌곶이,1F → B2 → B3,7,0,0,"1호선 승강장에서 5번출입구 방면으로 이동 → [1F] 6호선 환승통로 이동 → 휠체어리프트 이용 지상 1층으로 이동(으)로 2개 층 내려가기 (1F → B2, 휠체어리프트) → [B2] 6호선 환승통로 이동 → 휠체어리프트 이용 지하 2층으로 이동(으)로 1개 층 내려가기 (B2 → B3, 휠체어리프트) → [B3] 6호선 돌곶이 방면 승강장 이용 → 6호선 돌곶이 방면 엘리베이터 이용 지하 3층으로 이동 이용 (엘리베이터)"
KR_1_0604,1호선,회기,1호선,외대앞,경의중앙선,청량리,1F → 2F → 1F,6,2,0,"[1F] 1호선 외대앞 방면 승강장 하차 → 대합실 방향 엘리베이터(으)로 1개 층 올라가기 (1F → 2F, 엘리베이터) → [2F] 대합실로 이동 → 경의중앙선 승강장 방향 엘리베이터(으)로 1개 층 내려가기 (2F → 1F, 엘리베이터) → [1F] 경의중앙선 청량리 방면 승강장으로 이동 → [1F] 승차 (휠체어칸)"
KR_1_0604,1호선,회기,1호선,외대앞,경의중앙선,중랑,1F → 2F → 1F,6,2,0,"[1F] 1호선 외대앞 방면 승강장 하차 → 대합실 방향 엘리베이터(으)로 1개 층 올라가기 (1F → 2F, 엘리베이터) → [2F] 대합실로 이동 → 경의중앙선 승강장 방향 엘리베이터(으)로 1개 층 내려가기 (2F → 1F, 엘리베이터) → [1F] 경의중앙선 중랑 방면 승강장으로 이동 → [1F] 승차 (휠체어칸)"
KR_1_0604,1호선,회기,1호선,청량리,경의중앙선,청량리,1F → 2F → 1F,6,2,0,"[1F] 1호선 청량리 방면 승강장 하차 → 대합실 방향 엘리베이터(으)로 1개 층 올라가기 (1F → 2F, 엘리베이터) → [2F] 대합실로 이동 → 경의중앙선 승강장 방향 엘리베이터(으)로 1개 층 내려가기 (2F → 1F, 엘리베이터) → [1F] 경의중앙선 청량리 방면 승강장으로 이동 → [1F] 승차 (휠체어칸)"
KR_1_0604,1호선,회기,1호선,청량리,경의중앙선,중랑,1F → 2F → 1F,6,2,0,"[1F] 1호선 청량리 방면 승강장 하차 → 대합실 방향 엘리베이터(으)로 1개 층 올라가기 (1F → 2F, 엘리베이터) → [2F] 대합실로 이동 → 경의중앙선 승강장 방향 엘리베이터(으)로 1개 층 내려가기 (2F → 1F, 엘리베이터) → [1F] 경의중앙선 중랑 방면 승강장으로 이동 → [1F] 승차 (휠체어칸)"
KR_1_0604,1호선,회기,1호선,외대앞,경춘선,청량리,1F → 2F → 1F,6,2,0,"[1F] 1호선 외대앞 방면 승강장 하차 → 대합실 방향 엘리베이터(으)로 1개 층 올라가기 (1F → 2F, 엘리베이터) → [2F] 대합실로 이동 → 경춘선 승강장 방향 엘리베이터(으)로 1개 층 내려가기 (2F → 1F, 엘리베이터) → [1F] 경춘선 청량리 방면 승강장으로 이동 → [1F] 승차 (휠체어칸)"
KR_1_0604,1호선,회기,1호선,외대앞,경춘선,중랑,1F → 2F → 1F,6,2,0,"[1F] 1호선 외대앞 방면 승강장 하차 → 대합실 방향 엘리베이터(으)로 1개 층 올라가기 (1F → 2F, 엘리베이터) → [2F] 대합실로 이동 → 경춘선 승강장 방향 엘리베이터(으)로 1개 층 내려가기 (2F → 1F, 엘리베이터) → [1F] 경춘선 중랑 방면 승강장으로 이동 → [1F] 승차 (휠체어칸)"
KR_1_0604,1호선,회기,1호선,청량리,경춘선,청량리,1F → 2F → 1F,6,2,0,"[1F] 1호선 청량리 방면 승강장 하차 → 대합실 방향 엘리베이터(으)로 1개 층 올라가기 (1F → 2F, 엘리베이터) → [2F] 대합실로 이동 → 경춘선 승강장 방향 엘리베이터(으)로 1개 층 내려가기 (2F → 1F, 엘리베이터) → [1F] 경춘선 청량리 방면 승강장으로 이동 → [1F] 승차 (휠체어칸)"
KR_1_0604,1호선,회기,1호선,청량리,경춘선,중랑,1F → 2F → 1F,6,2,0,"[1F] 1호선 청량리 방면 승강장 하차 → 대합실 방향 엘리베이터(으)로 1개 층 올라가기 (1F → 2F, 엘리베이터) → [2F] 대합실로 이동 → 경춘선 승강장 방향 엘리베이터(으)로 1개 층 내려가기 (2F → 1F, 엘리베이터) → [1F] 경춘선 중랑 방면 승강장으로 이동 → [1F] 승차 (휠체어칸)"
S1_1_0552,1호선,청량리,1호선,회기,경의중앙선, ,B2,4,0,0,[B2] 지하 2층 방향 엘리베이터 이동 → [B2] 지하 2층 대합실로 이동 → [B2] 4번 출입구 방면으로 이동 → [B2] 개집표기 통과 후 경의중앙선 방향으로 이동
S1_1_0552,1호선,청량리,1호선,제기동,경의중앙선, ,B2,4,0,0,[B2] 지하 2층 방향 엘리베이터 이동 → [B2] 지하 2층 대합실로 이동 → [B2] 4번 출입구 방면으로 이동 → [B2] 개집표기 통과 후 경의중앙선 방향으로 이동
S1_1_0367,1호선,신설동,1호선,제기동,2호선,용두,B2 → B1 → 1F → B2,10,3,0,"[B2] 1호선 제기동 방면 승강장 하차 → 1호선 제기동 방면 대합실 방향 내부 엘리베이터(으)로 1개 층 올라가기 (B2 → B1, 엘리베이터) → [B1] 1호선 제기동 방면 대합실로 이동 → [B1] 우대자용 개집표기에서 호출버튼 눌러 통과 요청(비운임구역 진입) → 2번/3번 출입구 사이 외부 엘리베이터(으)로 1개 층 올라가기 (B1 → 1F, 엘리베이터) → [1F] 역사 바깥으로 이동 → 9번 출입구 부근 2호선 용두 방면 엘리베이터(으)로 2개 층 내려가기 (1F → B2, 엘리베이터) → [B2] 2호선 용두 방면 승강장으로 이동 → [B2] 우대자용 개집표기에서 호출버튼 눌러 통과 요청(운임구역 진입) → [B2] 승차 (휠체어칸)"
S1_1_0367,1호선,신설동,1호선,동묘앞,2호선,용두,B2 → B1 → 1F → B2,10,3,0,"[B2] 1호선 동묘앞 방면 승강장 하차 → 1호선 동묘앞 방면 대합실 방향 내부 엘리베이터(으)로 1개 층 올라가기 (B2 → B1, 엘리베이터) → [B1] 1호선 동묘앞 방면 대합실로 이동 → [B1] 우대자용 개집표기에서 호출버튼 눌러 통과 요청(비운임구역 진입) → 4번/5번 출입구 사이 외부 엘리베이터(으)로 1개 층 올라가기 (B1 → 1F, 엘리베이터) → [1F] 역사 바깥으로 이동 → 9번 출입구 부근 2호선 용두 방면 엘리베이터(으)로 2개 층 내려가기 (1F → B2, 엘리베이터) → [B2] 2호선 용두 방면 승강장으로 이동 → [B2] 우대자용 개집표기에서 호출버튼 눌러 통과 요청(운임구역 진입) → [B2] 승차 (휠체어칸)"
S1_1_0367,1호선,신설동,1호선,제기동,우이신설선,보문,B2 → B1 → B2,8,1,0,"[B2] 1호선 제기동 방면 승강장 하차 → 대합실 방향 휠체어리프트(으)로 1개 층 올라가기 (B2 → B1, 휠체어리프트) → [B1] 대합실로 이동 → [B1] 우이신설선 방향 환승통로로 이동 → [B1] 우이신설선 대합실로 이동 → 우이신설선 보문 방면 엘리베이터(으)로 1개 층 내려가기 (B1 → B2, 엘리베이터) → [B2] 우이신설선 보문 방면 승강장으로 이동 → [B2] 승차 (휠체어칸)"
S1_1_0367,1호선,신설동,1호선,동묘앞,우이신설선,보문,B2 → B1 → B2,8,1,0,"[B2] 1호선 동묘앞 방면 승강장 하차 → 대합실 방향 휠체어리프트(으)로 1개 층 올라가기 (B2 → B1, 휠체어리프트) → [B1] 대합실로 이동 → [B1] 우이신설선 방향 환승통로로 이동 → [B1] 우이신설선 대합실로 이동 → 우이신설선 보문 방면 엘리베이터(으)로 1개 층 내려가기 (B1 → B2, 엘리베이터) → [B2] 우이신설선 보문 방면 승강장으로 이동 → [B2] 승차 (휠체어칸)"
S1_1_0161,1호선,동묘앞,1호선,신설동,6호선,신당,B2 → B3,5,1,0,"1호선 신설동 방면 승강장 하차 → [B2] 환승통로로 이동 → 6호선 승강장 방향 엘리베이터(으)로 1개 층 내려가기 (B2 → B3, 엘리베이터) → [B3] 6호선 신당 방면 승강장으로 이동 → [B3] 승차 (휠체어칸)"
S1_1_0161,1호선,동묘앞,1호선,신설동,6호선,창신,B2 → B3,5,1,0,"1호선 신설동 방면 승강장 하차 → [B2] 환승통로로 이동 → 6호선 승강장 방향 엘리베이터(으)로 1개 층 내려가기 (B2 → B3, 엘리베이터) → [B3] 6호선 창신 방면 승강장으로 이동 → [B3] 승차 (휠체어칸)"
S1_1_0161,1호선,동묘앞,1호선,동대문,6호선,신당,B2 → B3,5,1,0,"1호선 동대문 방면 승강장 하차 → [B2] 환승통로로 이동 → 6호선 승강장 방향 엘리베이터(으)로 1개 층 내려가기 (B2 → B3, 엘리베이터) → [B3] 6호선 신당 방면 승강장으로 이동 → [B3] 승차 (휠체어칸)"
S1_1_0161,1호선,동묘앞,1호선,동대문,6호선,창신,B2 → B3,5,1,0,"1호선 동대문 방면 승강장 하차 → [B2] 환승통로로 이동 → 6호선 승강장 방향 엘리베이터(으)로 1개 층 내려가기 (B2 → B3, 엘리베이터) → [B3] 6호선 창신 방면 승강장으로 이동 → [B3] 승차 (휠체어칸)"
S1_1_0155,1호선,동대문,1호선,동묘앞,4호선,혜화/동대문역사문화공원,B1 → B4,5,1,0,"[B1] 지하 1층으로 이동 → [B1] 환승통로 이용 → [B1] 4호선 지하 1층으로 이동 → 엘리베이터(으)로 3개 층 내려가기 (B1 → B4, 엘리베이터) → [B4] 지하 4층 4호선 혜화/동대문역사문화공원 방면 승강장 이동"
S1_1_0155,1호선,동대문,1호선,종로5가,4호선,혜화/동대문역사문화공원,B1 → B4,5,1,0,"[B1] 지하 1층으로 이동 → [B1] 환승통로 이용 → [B1] 4호선 지하 1층으로 이동 → 엘리베이터(으)로 3개 층 내려가기 (B1 → B4, 엘리베이터) → [B4] 지하 4층 4호선 혜화/동대문역사문화공원 방면 승강장 이동"
S1_1_0515,1호선,종로3가,1호선,종로5가,3호선,안국,B2 → B4,5,1,0,"[B2] 1호선 종로5가 방면 승강장 하차 → [B2] 3호선 대합실 방향 환승통로로 이동 → 3호선 승강장 방향 엘리베이터(으)로 2개 층 내려가기 (B2 → B4, 엘리베이터) → [B4] 3호선 안국 방면 승강장으로 이동 → [B4] 승차 (휠체어칸)"
S1_1_0515,1호선,종로3가,1호선,종로5가,3호선,을지로3가,B2 → B4,5,1,0,"[B2] 1호선 종로5가 방면 승강장 하차 → [B2] 3호선 대합실 방향 환승통로로 이동 → 3호선 승강장 방향 엘리베이터(으)로 2개 층 내려가기 (B2 → B4, 엘리베이터) → [B4] 3호선 을지로3가 방면 승강장으로 이동 → [B4] 승차 (휠체어칸)"
S1_1_0515,1호선,종로3가,1호선,종각,3호선,안국,B2 → B1 → B2 → B4,9,3,0,"[B2] 1호선 종각 방면 승강장 하차 → 1호선 대합실 방향 엘리베이터(으)로 1개 층 올라가기 (B2 → B1, 엘리베이터) → [B1] 1호선 대합실로 이동 → 종로5가 방면 엘리베이터(으)로 1개 층 내려가기 (B1 → B2, 엘리베이터) → [B2] 종로5가 방면 승강장으로 이동 → [B2] 3호선 대합실 방향 환승통로로 이동 → 3호선 승강장 방향 엘리베이터(으)로 2개 층 내려가기 (B2 → B4, 엘리베이터) → [B4] 3호선 안국 방면 승강장으로 이동 → [B4] 승차 (휠체어칸)"
S1_1_0515,1호선,종로3가,1호선,종각,3호선,을지로3가,B2 → B1 → B2 → B4,9,3,0,"[B2] 1호선 종각 방면 승강장 하차 → 1호선 대합실 방향 엘리베이터(으)로 1개 층 올라가기 (B2 → B1, 엘리베이터) → [B1] 1호선 대합실로 이동 → 종로5가 방면 엘리베이터(으)로 1개 층 내려가기 (B1 → B2, 엘리베이터) → [B2] 종로5가 방면 승강장으로 이동 → [B2] 3호선 대합실 방향 환승통로로 이동 → 3호선 승강장 방향 엘리베이터(으)로 2개 층 내려가기 (B2 → B4, 엘리베이터) → [B4] 3호선 을지로3가 방면 승강장으로 이동 → [B4] 승차 (휠체어칸)"
S1_1_0515,1호선,종로3가,1호선,종로5가,5호선,광화문,B2 → B3 → B4 → B5,10,3,0,"[B2] 1호선 종로5가 방면 승강장 하차 → [B2] 3호선 대합실 방향 환승통로로 이동 → 3호선 승강장 방향 엘리베이터(으)로 1개 층 내려가기 (B2 → B3, 엘리베이터) → [B3] 3호선 대합실로 이동 → [B3] 5호선 대합실 방향 환승통로로 이동 → 5호선 환승 엘리베이터(으)로 1개 층 내려가기 (B3 → B4, 엘리베이터) → [B4] 5호선 대합실로 이동 → 승강장 방향 엘리베이터(으)로 1개 층 내려가기 (B4 → B5, 엘리베이터) → [B5] 5호선 광화문 방면 승강장으로 이동 → [B5] 승차 (휠체어칸)"
S1_1_0515,1호선,종로3가,1호선,종로5가,5호선,을지로4가,B2 → B3 → B4 → B5,10,3,0,"[B2] 1호선 종로5가 방면 승강장 하차 → [B2] 3호선 대합실 방향 환승통로로 이동 → 3호선 승강장 방향 엘리베이터(으)로 1개 층 내려가기 (B2 → B3, 엘리베이터) → [B3] 3호선 대합실로 이동 → [B3] 5호선 대합실 방향 환승통로로 이동 → 5호선 환승 엘리베이터(으)로 1개 층 내려가기 (B3 → B4, 엘리베이터) → [B4] 5호선 대합실로 이동 → 승강장 방향 엘리베이터(으)로 1개 층 내려가기 (B4 → B5, 엘리베이터) → [B5] 5호선 을지로4가 방면 승강장으로 이동 → [B5] 승차 (휠체어칸)"
S1_1_0515,1호선,종로3가,1호선,종각,5호선,광화문,B2 → B1 → B2 → B3 → B4 → B5,14,5,0,"[B2] 1호선 종각 방면 승강장 하차 → 1호선 대합실 방향 엘리베이터(으)로 1개 층 올라가기 (B2 → B1, 엘리베이터) → [B1] 1호선 대합실로 이동 → 종로5가 방면 엘리베이터(으)로 1개 층 내려가기 (B1 → B2, 엘리베이터) → [B2] 승강장으로 이동 → [B2] 3호선 대합실 방향 환승통로로 이동 → 3호선 승강장 방향 엘리베이터(으)로 1개 층 내려가기 (B2 → B3, 엘리베이터) → [B3] 3호선 대합실로 이동 → [B3] 5호선 대합실 방향 환승통로로 이동 → 5호선 환승 엘리베이터(으)로 1개 층 내려가기 (B3 → B4, 엘리베이터) → [B4] 5호선 대합실로 이동 → 승강장 방향 엘리베이터(으)로 1개 층 내려가기 (B4 → B5, 엘리베이터) → [B5] 5호선 광화문 방면 승강장으로 이동 → [B5] 승차 (휠체어칸)"
S1_1_0515,1호선,종로3가,1호선,종각,5호선,을지로4가,B2 → B1 → B2 → B3 → B4 → B5,14,5,0,"[B2] 1호선 종각 방면 승강장 하차 → 1호선 대합실 방향 엘리베이터(으)로 1개 층 올라가기 (B2 → B1, 엘리베이터) → [B1] 1호선 대합실로 이동 → 종로5가 방면 엘리베이터(으)로 1개 층 내려가기 (B1 → B2, 엘리베이터) → [B2] 승강장으로 이동 → [B2] 3호선 대합실 방향 환승통로로 이동 → 3호선 승강장 방향 엘리베이터(으)로 1개 층 내려가기 (B2 → B3, 엘리베이터) → [B3] 3호선 대합실로 이동 → [B3] 5호선 대합실 방향 환승통로로 이동 → 5호선 환승 엘리베이터(으)로 1개 층 내려가기 (B3 → B4, 엘리베이터) → [B4] 5호선 대합실로 이동 → 승강장 방향 엘리베이터(으)로 1개 층 내려가기 (B4 → B5, 엘리베이터) → [B5] 5호선 을지로4가 방면 승강장으로 이동 → [B5] 승차 (휠체어칸)"
S1_1_0347,1호선,시청,1호선,서울역,2호선,을지로입구,B1 → B2 → B3,8,2,0,"서울역 방면 승강장 → [B1] 지하 1층으로 이동 → 개집표기 통과 후 엘리베이터(으)로 1개 층 내려가기 (B1 → B2, 엘리베이터) → [B2] 지하 2층 종각 방면 승강장으로 이동 → [B2] 환승통로 이동 → 엘리베이터(으)로 1개 층 내려가기 (B2 → B3, 엘리베이터) → [B3] 지하 3층으로 이동 → [B3] 을지로입구 방면 승강장으로 이동"
S1_1_0347,1호선,시청,1호선,서울역,2호선,충정로,B1 → B2 → B3,8,2,0,"서울역 방면 승강장 → [B1] 지하 1층으로 이동 → 개집표기 통과 후 엘리베이터(으)로 1개 층 내려가기 (B1 → B2, 엘리베이터) → [B2] 지하 2층 종각 방면 승강장으로 이동 → [B2] 환승통로 이동 → 엘리베이터(으)로 1개 층 내려가기 (B2 → B3, 엘리베이터) → [B3] 지하 3층으로 이동 → [B3] 충정로 방면 승강장으로 이동"
S1_1_0347,1호선,시청,1호선,종각,2호선,을지로입구,B3,5,0,0,종각 방면 승강장 → 환승통로 이동 → [B3] 지하 3층으로 이동 → [B3] 을지로입구 방면 승강장으로 이동 → 엘리베이터 이용 (엘리베이터)
S1_1_0347,1호선,시청,1호선,종각,2호선,충정로,B3,5,0,0,종각 방면 승강장 → 환승통로 이동 → [B3] 지하 3층으로 이동 → [B3] 충정로 방면 승강장으로 이동 → 엘리베이터 이용 (엘리베이터)
S1_1_0296,1호선,서울역,1호선,시청,4호선,회현,B2,11,0,0,[B2] 1호선 시청 방면 승강장 하차 → [B2] 엘리베이터로 (B1) 대합실 이동 → [B2] 장애인 게이트에서 콜 버튼 눌러 4호선 환승을 위한 게이트 통과 요청 → [B2] 게이트 통과후 (B1) GTX-A 대합실로 이동(비운임구역 진입) → [B2] GTX-A 대합실에서 4호선 12번 출구 방면 (B1) 대합실로 이동 → [B2] 12번 출구 근처 4호선 승강장 엘레베이터 앞 게이트에서 4호선 환승을 위한 게이트 통과 요청 → [B2] 4호선 게이트 통과(운임구역 진입) → [B2] 4호선 승강장 엘레베이터 탑승 → [B2] 4호선 회현 방면 승강장으로 이동 → [B2] 승차(휠체어칸) → 시청방면 승강장 4-4 부근 승강장 엘리베이터 이용 (엘리베이터)
S1_1_0296,1호선,서울역,1호선,시청,4호선,숙대입구,B2,11,0,0,[B2] 1호선 시청 방면 승강장 하차 → [B2] 엘리베이터로 (B1) 대합실 이동 → [B2] 장애인 게이트에서 콜 버튼 눌러 4호선 환승을 위한 게이트 통과 요청 → [B2] 게이트 통과후 (B1) GTX-A 대합실로 이동(비운임구역 진입) → [B2] GTX-A 대합실에서 4호선 12번 출구 방면 (B1) 대합실로 이동 → [B2] 12번 출구 근처 4호선 승강장 엘레베이터 앞 게이트에서 4호선 환승을 위한 게이트 통과 요청 → [B2] 4호선 게이트 통과(운임구역 진입) → [B2] 4호선 승강장 엘레베이터 탑승 → [B2] 4호선 숙대입구 방면 승강장으로 이동 → [B2] 승차(휠체어칸) → 시청방면 승강장 4-4 부근 승강장 엘리베이터 이용 (엘리베이터)
S1_1_0296,1호선,서울역,1호선,남영,4호선,회현,B2,11,0,0,[B2] 1호선 남영 방면 승강장 하차 → [B2] 엘리베이터로 (B1) 대합실 이동 → [B2] 장애인 게이트에서 콜 버튼 눌러 4호선 환승을 위한 게이트 통과 요청 → [B2] 게이트 통과후 (B1) GTX-A 대합실로 이동(비운임구역 진입) → [B2] GTX-A 대합실에서 4호선 12번 출구 방면 (B1) 대합실로 이동 → [B2] 12번 출구 근처 4호선 승강장 엘레베이터 앞 게이트에서 4호선 환승을 위한 게이트 통과 요청 → [B2] 4호선 게이트 통과(운임구역 진입) → [B2] 4호선 승강장 엘레베이터 탑승 → [B2] 4호선 회현 방면 승강장으로 이동 → [B2] 승차(휠체어칸) → 남영방면 승강장 7-1 부근 승강장 엘리베이터 이용 (엘리베이터)
S1_1_0296,1호선,서울역,1호선,남영,4호선,숙대입구,B2,11,0,0,[B2] 1호선 남영 방면 승강장 하차 → [B2] 엘리베이터로 (B1) 대합실 이동 → [B2] 장애인 게이트에서 콜 버튼 눌러 4호선 환승을 위한 게이트 통과 요청 → [B2] 게이트 통과후 (B1) GTX-A 대합실로 이동(비운임구역 진입) → [B2] GTX-A 대합실에서 4호선 12번 출구 방면 (B1) 대합실로 이동 → [B2] 12번 출구 근처 4호선 승강장 엘레베이터 앞 게이트에서 4호선 환승을 위한 게이트 통과 요청 → [B2] 4호선 게이트 통과(운임구역 진입) → [B2] 4호선 승강장 엘레베이터 탑승 → [B2] 4호선 숙대입구 방면 승강장으로 이동 → [B2] 승차(휠체어칸) → 남영방면 승강장 7-1 부근 승강장 엘리베이터 이용 (엘리베이터)
S1_1_0296,1호선,서울역,1호선,시청,경의중앙선,신촌,B2 → 1F → 2F → 1F,9,2,0,"[B2] 1호선 남영 방면 승강장 하차 → [B2] 엘리베이터로 (B1) 대합실로 이동 → [B2] 2번 출구 외부 1호기 엘리베이터로 이동 → [B2] 외부 1호기 엘리베이터로 (1F) 지상 이동 → 시청방면 승강장 4-4 부근 승강장 엘리베이터(으)로 2개 층 올라가기 (B2 → 1F, 엘리베이터) → [1F] 지상에서 (2F) 경의중앙선 역사로 이동 (경의중앙선에서는 지상 대합실을 2층, 승강장을 1층으로 구분) → 경의중앙선 역사에서 승강장 엘리베이터(으)로 1개 층 내려가기 (2F → 1F, 엘리베이터) → [1F] 경의중앙선 신촌 방면 승강장으로 이동 → [1F] 승차(휠체어칸)"
S1_1_0296,1호선,서울역,1호선,남영,경의중앙선,신촌,B2 → 1F → 2F → 1F,9,2,0,"[B2] 1호선 남영 방면 승강장 하차 → [B2] 엘리베이터로 (B1) 대합실로 이동 → [B2] 2번 출구 외부 1호기 엘리베이터로 이동 → [B2] 외부 1호기 엘리베이터로 (1F) 지상 이동 → 남영방면 승강장 7-1 부근 승강장 엘리베이터(으)로 2개 층 올라가기 (B2 → 1F, 엘리베이터) → [1F] 지상에서 (2F) 경의중앙선 역사로 이동 (경의중앙선에서는 지상 대합실을 2층, 승강장을 1층으로 구분) → 경의중앙선 역사에서 승강장 엘리베이터(으)로 1개 층 내려가기 (2F → 1F, 엘리베이터) → [1F] 경의중앙선 신촌 방면 승강장으로 이동 → [1F] 승차(휠체어칸)"
S1_1_0296,1호선,서울역,1호선,시청,,공항철도 공덕,B2 → B1 → 2F → B3 → B7,11,3,0,"[B2] 1호선 시청 방면 승강장 하차 → 대합실 방향 엘리베이터(으)로 1개 층 올라가기 (B2 → B1, 엘리베이터) → [B1] 대합실로 이동 → [2F] KTX 기차역 대합실 이동 → [2F] 기차역 서부역 방면 ③번 출구 이동 → [2F] 공항철도 대합실로 이동 → 공항철도 엘리베이터(으)로 4개 층 내려가기 (2F → B3, 엘리베이터) → [B3] 공항철도 대합실로 이동 → 공항철도 공덕 방면 엘리베이터(으)로 4개 층 내려가기 (B3 → B7, 엘리베이터) → [B7] 공항철도 공덕 방면 승강장으로 이동 → [B7] 승차 (휠체어칸)"
S1_1_0296,1호선,서울역,1호선,남영,,공항철도 공덕,B2 → B1 → 2F → B3 → B7,11,3,0,"[B2] 1호선 남영 방면 승강장 하차 → 대합실 방향 엘리베이터(으)로 1개 층 올라가기 (B2 → B1, 엘리베이터) → [B1] 대합실로 이동 → [2F] KTX 기차역 대합실 이동 → [2F] 기차역 서부역 방면 ③번 출구 이동 → [2F] 공항철도 대합실로 이동 → 공항철도 엘리베이터(으)로 4개 층 내려가기 (2F → B3, 엘리베이터) → [B3] 공항철도 대합실로 이동 → 공항철도 공덕 방면 엘리베이터(으)로 4개 층 내려가기 (B3 → B7, 엘리베이터) → [B7] 공항철도 공덕 방면 승강장으로 이동 → [B7] 승차 (휠체어칸)"
KR_1_0447,1호선,용산,1호선,이촌방면 승강장,,효창공원앞방면 승강장,1F → 3F → 1F,6,0,0,이촌방면 승강장 → [1F] 이촌방면 지상1층 엘리베이터 → [3F] 이촌방면 지상3층 엘리베이터 → [3F] 효창공원앞방면 지상3층 엘리베이터 → [1F] 효창공원앞방면 지상1층 승강장 엘리베이터 → [1F] 효창공원앞방면 승강장
KR_1_0447,1호선,용산,1호선,남영방면 승강장,,효창공원앞방면 승강장,1F → 3F → 1F,6,0,0,남영방면 승강장 → [1F] 남영방면 지상1층 엘리베이터 → [3F] 남영방면 지상3층 엘리베이터 → [3F] 효창공원앞방면 지상3층 엘리베이터 → [1F] 효창공원앞방면 지상1층 승강장 엘리베이터 → [1F] 효창공원앞방면 승강장
KR_1_0447,1호선,용산,1호선,노량진방면 승강장,,효창공원앞방면 승강장,1F → 3F → 1F,6,0,0,노량진방면 승강장 → [1F] 노량진방면 지상1층 엘리베이터 → [3F] 노량진방면 지상3층 엘리베이터 → [3F] 효창공원앞방면 지상3층 엘리베이터 → [1F] 효창공원앞방면 지상1층 승강장 엘리베이터 → [1F] 효창공원앞방면 승강장
KR_1_0447,1호선,용산,1호선,효창공원앞방면 승강장,,이촌방면 승강장,1F → 3F → 1F,6,0,0,효창공원앞방면 승강장 → [1F] 효창공원앞방면 지상1층 엘리베이터 → [3F] 효창공원앞방면 지상3층 엘리베이터 → [3F] 이촌방면 지상3층 엘리베이터 → [1F] 이촌방면 지상1층 승강장 엘리베이터 → [1F] 이촌방면 승강장
KR_1_0447,1호선,용산,1호선,남영방면 승강장,,이촌방면 승강장,1F → 3F → 1F,6,0,0,남영방면 승강장 → [1F] 남영방면 지상1층 엘리베이터 → [3F] 남영방면 지상3층 엘리베이터 → [3F] 이촌방면 지상3층 엘리베이터 → [1F] 이촌방면 지상1층 승강장 엘리베이터 → [1F] 이촌방면 승강장
KR_1_0447,1호선,용산,1호선,노량진방면 승강장,,이촌방면 승강장,1F → 3F → 1F,6,0,0,노량진방면 승강장 → [1F] 노량진방면 지상1층 엘리베이터 → [3F] 노량진방면 지상3층 엘리베이터 → [3F] 이촌방면 지상3층 엘리베이터 → [1F] 이촌방면 지상1층 승강장 엘리베이터 → [1F] 이촌방면 승강장
KR_1_0114,1호선,노량진,1호선,용산방면 승강장,,노들방면 승강장,1F → B1 → B2,6,0,0,용산방면 승강장 → [1F] 용산방면 지상1층 승강장 엘리베이터 → [B1] 용산방면 지하1층 엘리베이터 → [B1] 노들방면 지하1층 엘리베이터 → [B2] 노들방면 지하2층 승강장 엘리베이터 → [B2] 노들방면 승강장
KR_1_0114,1호선,노량진,1호선,용산방면 승강장,,샛강방면 승강장,1F → B1 → B2,6,0,0,용산방면 승강장 → [1F] 용산방면 지상1층 승강장 엘리베이터 → [B1] 용산방면 지하1층 엘리베이터 → [B1] 샛강방면 지하1층 엘리베이터 → [B2] 샛강방면 지하2층 승강장 엘리베이터 → [B2] 샛강방면 승강장
KR_1_0114,1호선,노량진,1호선,대방방면 승강장,,노들방면 승강장,1F → B1 → B2,6,0,0,대방방면 승강장 → [1F] 대방방면 지상1층 승강장 엘리베이터 → [B1] 대방방면 지하1층 엘리베이터 → [B1] 노들방면 지하1층 엘리베이터 → [B2] 노들방면 지하2층 승강장 엘리베이터 → [B2] 노들방면 승강장
KR_1_0351,1호선,신길,1호선,1호선 대방 방면 승강장,5호선,영등포시장,B1,3,0,0,[B1] 지하1층 이동 후 환승통로 이용 → [B1] 승강장 이동 → 영등포시장 방면 휠체어리프트 이용 (휠체어리프트)
KR_1_0351,1호선,신길,1호선,1호선 대방 방면 승강장,5호선,여의도,B1,3,0,0,[B1] 지하1층 이동 후 환승통로 이용 → [B1] 승강장 이동 → 여의도 방면 휠체어리프트 이용 (휠체어리프트)
KR_1_0351,1호선,신길,1호선,1호선 영등포 방면 승강장,5호선,영등포시장,B1,3,0,0,[B1] 지하1층 이동 후 환승통로 이용 → [B1] 승강장 이동 → 영등포시장 방면 휠체어리프트 이용 (휠체어리프트)
KR_1_0351,1호선,신길,1호선,1호선 영등포 방면 승강장,5호선,여의도,B1,3,0,0,[B1] 지하1층 이동 후 환승통로 이용 → [B1] 승강장 이동 → 여의도 방면 휠체어리프트 이용 (휠체어리프트)
KR_1_0359,1호선,신도림,1호선,1호선 의정부 방면 승강장,2호선,대림,B1 → B2,4,1,0,"[B1] 지하1층 이동 → [B1] 대림방면 환승통로 이용 → 4번칸 근처 엘리베이터(으)로 1개 층 내려가기 (B1 → B2, 엘리베이터) → 대림방면 엘리베이터 이용후 지하2층 승강장 이동 이용 (엘리베이터)"
KR_1_0359,1호선,신도림,1호선,1호선 의정부 방면 승강장,2호선,문래,B1 → B2,3,1,0,"[B1] 지하1층 이동 → 4번칸 근처 엘리베이터(으)로 1개 층 내려가기 (B1 → B2, 엘리베이터) → 문래방면 엘리베이터 이용후 지하2층 승강장 이동 이용 (엘리베이터)"
KR_1_0359,1호선,신도림,1호선,1호선 의정부 방면 승강장,2호선,도림천,B1 → B2,3,1,0,"[B1] 지하1층 이동 → 4번칸 근처 엘리베이터(으)로 1개 층 내려가기 (B1 → B2, 엘리베이터) → 도림천방면 엘리베이터 이용후 지하2층 승강장 이동 이용 (엘리베이터)"
KR_1_0359,1호선,신도림,1호선,1호선 용산 방면 승강장,2호선,대림,B1 → B2,3,1,0,"[B1] 지하1층 이동 → 4번칸 근처 엘리베이터(으)로 1개 층 내려가기 (B1 → B2, 엘리베이터) → 대림방면 엘리베이터 이용후 지하2층 승강장 이동 이용 (엘리베이터)"
KR_1_0359,1호선,신도림,1호선,1호선 용산 방면 승강장,2호선,문래,B1 → B2,3,1,0,"[B1] 지하1층 이동 → 4번칸 근처 엘리베이터(으)로 1개 층 내려가기 (B1 → B2, 엘리베이터) → 문래방면 엘리베이터 이용후 지하2층 승강장 이동 이용 (엘리베이터)"
KR_1_0359,1호선,신도림,1호선,1호선 용산 방면 승강장,2호선,도림천,B1 → B2,3,1,0,"[B1] 지하1층 이동 → 4번칸 근처 엘리베이터(으)로 1개 층 내려가기 (B1 → B2, 엘리베이터) → 도림천방면 엘리베이터 이용후 지하2층 승강장 이동 이용 (엘리베이터)"
KR_1_0359,1호선,신도림,1호선,1호선 인천ㆍ천안 방면 승강장,2호선,대림,B1 → B2,3,1,0,"[B1] 지하1층 이동 → 2번칸 근처 엘리베이터(으)로 1개 층 내려가기 (B1 → B2, 엘리베이터) → 대림방면 엘리베이터 이용후 지하2층 승강장 이동 이용 (엘리베이터)"
KR_1_0359,1호선,신도림,1호선,1호선 인천ㆍ천안 방면 승강장,2호선,문래,B1 → B2,3,1,0,"[B1] 지하1층 이동 → 2번칸 근처 엘리베이터(으)로 1개 층 내려가기 (B1 → B2, 엘리베이터) → 문래방면 엘리베이터 이용후 지하2층 승강장 이동 이용 (엘리베이터)"
KR_1_0359,1호선,신도림,1호선,1호선 인천ㆍ천안 방면 승강장,2호선,도림천,B1 → B2,3,1,0,"[B1] 지하1층 이동 → 2번칸 근처 엘리베이터(으)로 1개 층 내려가기 (B1 → B2, 엘리베이터) → 도림천방면 엘리베이터 이용후 지하2층 승강장 이동 이용 (엘리베이터)"
KR_1_0435,1호선,온수,1호선,1호선 오류동 방면 승강장,7호선,까치울,2F → 1F → B1 → B2,5,3,0,"3번칸 근처 엘리베이터 이용 지상2층 이동(으)로 1개 층 내려가기 (2F → 1F, 엘리베이터) → 지상1층 3번출입구 근처 엘리베이터(으)로 1개 층 내려가기 (1F → B1, 엘리베이터) → [B1] 지하1층 이동 → 개집표기 안쪽 까치울 방면 엘리베이터(으)로 1개 층 내려가기 (B1 → B2, 엘리베이터) → [B2] 지하2층 승강장 이동"
KR_1_0435,1호선,온수,1호선,1호선 역곡 방면 승강장,7호선,까치울,2F → 1F → B1 → B2,5,3,0,"7번칸 근처 엘리베이터 이용 지상2층 이동(으)로 1개 층 내려가기 (2F → 1F, 엘리베이터) → 지상1층 3번출입구 근처 엘리베이터(으)로 1개 층 내려가기 (1F → B1, 엘리베이터) → [B1] 지하1층 이동 → 개집표기 안쪽 까치울 방면 엘리베이터(으)로 1개 층 내려가기 (B1 → B2, 엘리베이터) → [B2] 지하2층 승강장 이동"
KR_1_0435,1호선,온수,1호선,1호선 오류동 방면 승강장,7호선,천왕,2F → 1F → B1 → B2,5,3,0,"3번칸 근처 엘리베이터 이용 지상2층 이동(으)로 1개 층 내려가기 (2F → 1F, 엘리베이터) → 지상1층 3번출입구 근처 엘리베이터(으)로 1개 층 내려가기 (1F → B1, 엘리베이터) → [B1] 지하1층 이동 → 개집표기 안쪽 천왕 방면 엘리베이터(으)로 1개 층 내려가기 (B1 → B2, 엘리베이터) → [B2] 지하2층 승강장 이동"
KR_1_0435,1호선,온수,1호선,1호선 역곡 방면 승강장,7호선,천왕,2F → 1F → B1 → B2,5,3,0,"7번칸 근처 엘리베이터 이용 지상2층 이동(으)로 1개 층 내려가기 (2F → 1F, 엘리베이터) → 지상1층 3번출입구 근처 엘리베이터(으)로 1개 층 내려가기 (1F → B1, 엘리베이터) → [B1] 지하1층 이동 → 개집표기 안쪽 천왕 방면 엘리베이터(으)로 1개 층 내려가기 (B1 → B2, 엘리베이터) → [B2] 지하2층 승강장 이동"
KR_1_0249,1호선,부평,1호선,1호선 주안 방면 승강장,인천1호선,동수,B1 → B4,4,1,0,"[B1] 지하1층 이동 → [B1] 환승통로 이용 → 5번출입구 근처 동수방면 엘리베이터(으)로 3개 층 내려가기 (B1 → B4, 엘리베이터) → [B4] 지하4층 승강장 이동"
KR_1_0249,1호선,부평,1호선,1호선 주안 방면 승강장,인천1호선,부평시장,B1 → B4,4,1,0,"[B1] 지하1층 이동 → [B1] 환승통로 이용 → 5번출입구 근처 부평시장방면 엘리베이터(으)로 3개 층 내려가기 (B1 → B4, 엘리베이터) → [B4] 지하4층 승강장 이동"
KR_1_0249,1호선,부평,1호선,1호선 부개 방면 승강장,인천1호선,동수,B1 → B4,4,1,0,"[B1] 지하1층 이동 → [B1] 환승통로 이용 → 5번출입구 근처 동수방면 엘리베이터(으)로 3개 층 내려가기 (B1 → B4, 엘리베이터) → [B4] 지하4층 승강장 이동"
KR_1_0249,1호선,부평,1호선,1호선 부개 방면 승강장,인천1호선,부평시장,B1 → B4,4,1,0,"[B1] 지하1층 이동 → [B1] 환승통로 이용 → 5번출입구 근처 부평시장방면 엘리베이터(으)로 3개 층 내려가기 (B1 → B4, 엘리베이터) → [B4] 지하4층 승강장 이동"
KR_1_0519,1호선,주안,1호선,도화방면 승강장,,시민공원방면 승강장,1F → B1 → B3,6,0,0,도화방면 승강장 → [1F] 도화방면 지상1층 승강장 엘리베이터 → [B1] 도화방면 지하1층 엘리베이터 → [B1] 시민공원방면 지하1층 엘리베이터 → [B3] 시민공원방면 지하3층 승강장 엘리베이터 → [B3] 시민공원방면 승강장
KR_1_0519,1호선,주안,1호선,도화방면 승강장,,주안국가산단방면 승강장,1F → B1 → B2 → B3,8,0,0,도화방면 승강장 → [1F] 도화방면 지상1층 상강장 엘리베이터 → [B1] 도화방면 지하1층 엘리베이터 → [B1] 주안국가산단방면 지하1층 엘리베이터 → [B2] 주안국가산단방면 지하2층엘리베이터 → [B2] 주안국가산단방면 지하2층 승강장 엘리베이터 → [B3] 주안국가산단방면 지하3층 승강장 엘리베이터 → [B3] 주안국가산단방면 승강장
KR_1_0519,1호선,주안,1호선,간석방면 승강장,,시민공원방면 승강장,1F → B1 → B3,6,0,0,간석방면 승강장 → [1F] 간석방면 지상1층 승강장 엘리베이터 → [B1] 간석방면 지하1층 엘리베이터 → [B1] 시민공원방면 지하1층 엘리베이터 → [B3] 시민공원방면 지하3층 승강장 엘리베이터 → [B3] 시민공원방면 승강장
KR_1_0519,1호선,주안,1호선,간석방면 승강장,,주안국가산단방면 승강장,1F → B1 → B2 → B3,8,0,0,간석방면 승강장 → [1F] 간석방면 지상1층 상강장 엘리베이터 → [B1] 간석방면 지하1층 엘리베이터 → [B1] 주안국가산단방면 지하1층 엘리베이터 → [B2] 주안국가산단방면 지하2층엘리베이터 → [B2] 주안국가산단방면 지하2층 승강장 엘리베이터 → [B3] 주안국가산단방면 지하3층 승강장 엘리베이터 → [B3] 주안국가산단방면 승강장
KR_1_0481,1호선,인천,1호선,동인천방면 승강장,,신포방면 승강장,1F → B1 → B3,6,0,0,동인천방면 승강장 → [1F] 동인천방면 지상1층 승강장 엘리베이터 → [B1] 동인천방면 지하1층 엘리베이터 → [B1] 신포방면 지하1층 엘리베이터 → [B3] 신포방면 지하3층 승강장 엘리베이터 → [B3] 신포방면 승강장
KR_1_0004,1호선,가산디지털단지,1호선,1호선 독산 방면 승강장,7호선,철산,2F → 1F → B1 → B2 → B4,6,4,0,"[2F] 지상2층 이동후 개집표기 밖으로 이동 → 6번칸 근처 엘리베이터(으)로 1개 층 내려가기 (2F → 1F, 엘리베이터) → 7번출입구 근처 엘리베이터 이용 후 지상1층으로 이동(으)로 1개 층 내려가기 (1F → B1, 엘리베이터) → 6번출입구 근처 엘리베이터 이용 후 지하1층 이동(으)로 1개 층 내려가기 (B1 → B2, 엘리베이터) → 철산방면 엘리베이터(으)로 2개 층 내려가기 (B2 → B4, 엘리베이터) → [B4] 지하4층 승강장 이동"
KR_1_0004,1호선,가산디지털단지,1호선,1호선 독산 방면 승강장,7호선,남구로,2F → 1F → B1 → B2 → B4,6,4,0,"[2F] 지상2층 이동후 개집표기 밖으로 이동 → 6번칸 근처 엘리베이터(으)로 1개 층 내려가기 (2F → 1F, 엘리베이터) → 7번출입구 근처 엘리베이터 이용 후 지상1층으로 이동(으)로 1개 층 내려가기 (1F → B1, 엘리베이터) → 6번출입구 근처 엘리베이터 이용 후 지하1층 이동(으)로 1개 층 내려가기 (B1 → B2, 엘리베이터) → 남구로방면 엘리베이터(으)로 2개 층 내려가기 (B2 → B4, 엘리베이터) → [B4] 지하4층 승강장 이동"
KR_1_0004,1호선,가산디지털단지,1호선,1호선 구로 방면 승강장,7호선,철산,2F → 1F → B1 → B2 → B4,6,4,0,"[2F] 지상2층 이동후 개집표기 밖으로 이동 → 3번칸 근처 엘리베이터(으)로 1개 층 내려가기 (2F → 1F, 엘리베이터) → 7번출입구 근처 엘리베이터 이용 후 지상1층으로 이동(으)로 1개 층 내려가기 (1F → B1, 엘리베이터) → 6번출입구 근처 엘리베이터 이용 후 지하1층 이동(으)로 1개 층 내려가기 (B1 → B2, 엘리베이터) → 철산방면 엘리베이터(으)로 2개 층 내려가기 (B2 → B4, 엘리베이터) → [B4] 지하4층 승강장 이동"
KR_1_0004,1호선,가산디지털단지,1호선,1호선 구로 방면 승강장,7호선,남구로,2F → 1F → B1 → B2 → B4,6,4,0,"[2F] 지상2층 이동후 개집표기 밖으로 이동 → 3번칸 근처 엘리베이터(으)로 1개 층 내려가기 (2F → 1F, 엘리베이터) → 7번출입구 근처 엘리베이터 이용 후 지상1층으로 이동(으)로 1개 층 내려가기 (1F → B1, 엘리베이터) → 6번출입구 근처 엘리베이터 이용 후 지하1층 이동(으)로 1개 층 내려가기 (B1 → B2, 엘리베이터) → 남구로방면 엘리베이터(으)로 2개 층 내려가기 (B2 → B4, 엘리베이터) → [B4] 지하4층 승강장 이동"
KR_1_0090,1호선,금정,1호선,1호선 명학방면 승강장,,4호선 범계방면 승강장,,2,0,0,1호선 명학방면 하차 → 4호선 범계방면 인접(섬식) 승강장
KR_1_0090,1호선,금정,1호선,1호선 군포방면 승강장,,4호선 산본방면 승강장,,2,0,0,1호선 군포방면 하차 → 4호선 산본방면 인접(섬식) 승강장
KR_1_0090,1호선,금정,1호선,1호선 명학방면 승강장,,4호선 산본방면 승강장,,5,0,0,1호선 명학방면 1호차/8호차 하차 → 엘리베이터 2층으로 이동 → 환승통로 → 3/4번 승강장 엘리베이터 1층 승강장으로 이동 → 4호선 산본방명 승강장
KR_1_0090,1호선,금정,1호선,1호선 군포방면 승강장,,4호선 범계방면 승강장,,5,0,0,1호선 군포방면 3호차/10호차 하차 → 엘리베이터 2층으로 이동 → 환승통로 → 1/2번 승강장 엘리베이터 1층 승강장으로 이동 → 4호선 범계방명 승강장
KR_1_0338,1호선,수원,1호선,화서,수인분당선,매교,1F → B1 → B4,6,2,0,"[1F] 1호선 화서 방면 승강장 하차 → 대합실 방향 엘리베이터(으)로 1개 층 내려가기 (1F → B1, 엘리베이터) → [B1] 대합실로 이동 → 수인분당선 매교 방면 엘리베이터(으)로 3개 층 내려가기 (B1 → B4, 엘리베이터) → [B4] 수인분당선 매교 방면 승강장으로 이동 → [B4] 승차 (휠체어칸)"
KR_1_0338,1호선,수원,1호선,화서,수인분당선,고색,1F → B1 → B4,6,2,0,"[1F] 1호선 화서 방면 승강장 하차 → 대합실 방향 엘리베이터(으)로 1개 층 내려가기 (1F → B1, 엘리베이터) → [B1] 대합실로 이동 → 수인분당선 고색 방면 엘리베이터(으)로 3개 층 내려가기 (B1 → B4, 엘리베이터) → [B4] 수인분당선 고색 방면 승강장으로 이동 → [B4] 승차 (휠체어칸)"
KR_1_0338,1호선,수원,1호선,세류,수인분당선,매교,1F → B1 → B4,6,2,0,"[1F] 1호선 세류 방면 승강장 하차 → 대합실 방향 엘리베이터(으)로 1개 층 내려가기 (1F → B1, 엘리베이터) → [B1] 대합실로 이동 → 수인분당선 매교 방면 엘리베이터(으)로 3개 층 내려가기 (B1 → B4, 엘리베이터) → [B4] 수인분당선 매교 방면 승강장으로 이동 → [B4] 승차 (휠체어칸)"
KR_1_0338,1호선,수원,1호선,세류,수인분당선,고색,1F → B1 → B4,6,2,0,"[1F] 1호선 세류 방면 승강장 하차 → 대합실 방향 엘리베이터(으)로 1개 층 내려가기 (1F → B1, 엘리베이터) → [B1] 대합실로 이동 → 수인분당선 고색 방면 엘리베이터(으)로 3개 층 내려가기 (B1 → B4, 엘리베이터) → [B4] 수인분당선 고색 방면 승강장으로 이동 → [B4] 승차 (휠체어칸)"
S1_2_0347,2호선,시청,2호선,을지로입구,1호선,서울역,B2 → B1 → B2,8,2,0,"을지로입구 방면 승강장 → [B2] 지하 2층으로 이동 → [B2] 환승통로 이동 → 엘리베이터(으)로 1개 층 올라가기 (B2 → B1, 엘리베이터) → [B1] 지하 1층으로 이동 → 개집표기 통과 후 엘리베이터(으)로 1개 층 내려가기 (B1 → B2, 엘리베이터) → [B2] 지하 2층으로 이동 → [B2] 서울역 방면 승강장으로 이동"
S1_2_0347,2호선,시청,2호선,을지로입구,1호선,종각,B2,5,0,0,을지로입구 방면 승강장 → [B2] 지하 2층으로 이동 → [B2] 환승통로 이동 → [B2] 종각 방면 승강장으로 이동 → 엘리베이터 이용 (엘리베이터)
S1_2_0347,2호선,시청,2호선,충정로,1호선,서울역,B2 → B1 → B2,8,2,0,"충정로 방면 승강장 → [B2] 지하 2층으로 이동 → [B2] 환승통로 이동 → 엘리베이터(으)로 1개 층 올라가기 (B2 → B1, 엘리베이터) → [B1] 지하 1층으로 이동 → 개집표기 통과 후 엘리베이터(으)로 1개 층 내려가기 (B1 → B2, 엘리베이터) → [B2] 지하 2층으로 이동 → [B2] 서울역 방면 승강장으로 이동"
S1_2_0347,2호선,시청,2호선,충정로,1호선,종각,B2,5,0,0,충정로 방면 승강장 → [B2] 지하 2층으로 이동 → [B2] 환승통로 이동 → [B2] 종각 방면 승강장으로 이동 → 엘리베이터 이용 (엘리베이터)
S1_2_0564,2호선,충정로,2호선,아현,5호선,애오개,B3 → B2 → B5,7,2,0,"[B3] 2호선 아현 방면 승강장 하차 → 대합실 방향 엘리베이터(으)로 1개 층 올라가기 (B3 → B2, 엘리베이터) → [B2] 대합실로 이동 → [B2] 5호선 환승통로로 이동 → 5호선 대합실 내 엘리베이터(으)로 3개 층 내려가기 (B2 → B5, 엘리베이터) → [B5] 5호선 애오개 방면 승강장으로 이동 → [B5] 승차 (휠체어칸)"
S1_2_0564,2호선,충정로,2호선,아현,5호선,서대문,B3 → B2 → B5,7,2,0,"[B3] 2호선 아현 방면 승강장 하차 → 대합실 방향 엘리베이터(으)로 1개 층 올라가기 (B3 → B2, 엘리베이터) → [B2] 대합실로 이동 → [B2] 5호선 환승통로로 이동 → 5호선 대합실 내 엘리베이터(으)로 3개 층 내려가기 (B2 → B5, 엘리베이터) → [B5] 5호선 서대문 방면 승강장으로 이동 → [B5] 승차 (휠체어칸)"
S1_2_0564,2호선,충정로,2호선,시청,5호선,애오개,B3 → B2 → B5,7,2,0,"[B3] 2호선 시청 방면 승강장 하차 → 대합실 방향 엘리베이터(으)로 1개 층 올라가기 (B3 → B2, 엘리베이터) → [B2] 대합실로 이동 → [B2] 5호선 환승통로로 이동 → 5호선 대합실 내 엘리베이터(으)로 3개 층 내려가기 (B2 → B5, 엘리베이터) → [B5] 5호선 애오개 방면 승강장으로 이동 → [B5] 승차 (휠체어칸)"
S1_2_0564,2호선,충정로,2호선,시청,5호선,서대문,B3 → B2 → B5,7,2,0,"[B3] 2호선 시청 방면 승강장 하차 → 대합실 방향 엘리베이터(으)로 1개 층 올라가기 (B3 → B2, 엘리베이터) → [B2] 대합실로 이동 → [B2] 5호선 환승통로로 이동 → 5호선 대합실 내 엘리베이터(으)로 3개 층 내려가기 (B2 → B5, 엘리베이터) → [B5] 5호선 서대문 방면 승강장으로 이동 → [B5] 승차 (휠체어칸)"
S1_2_0596,2호선,홍대입구,2호선,합정,경의중앙선,가좌,B2 → B1 → B2 → B1,10,3,0,"[B2] 2호선 합정 방면 승강장 하차 → 대합실 방향 엘리베이터(으)로 1개 층 올라가기 (B2 → B1, 엘리베이터) → [B1] 대합실로 이동 → [B1] 경의중앙선, 공항철도 환승통로로 이동 → 환승 엘리베이터(으)로 1개 층 내려가기 (B1 → B2, 엘리베이터) → [B2] 경의중앙선, 공항철도 환승통로로 이동 → [B2] 공항철도 대합실로 이동 → 경의중앙선 가좌 방면 엘리베이터(으)로 1개 층 올라가기 (B2 → B1, 엘리베이터) → [B1] 경의중앙선 가좌 방면 승강장으로 이동 → [B1] 승차 (휠체어칸)"
S1_2_0596,2호선,홍대입구,2호선,합정,경의중앙선,서강대,B2 → B1 → B2 → B1,10,3,0,"[B2] 2호선 합정 방면 승강장 하차 → 대합실 방향 엘리베이터(으)로 1개 층 올라가기 (B2 → B1, 엘리베이터) → [B1] 대합실로 이동 → [B1] 경의중앙선, 공항철도 환승통로로 이동 → 환승 엘리베이터(으)로 1개 층 내려가기 (B1 → B2, 엘리베이터) → [B2] 경의중앙선, 공항철도 환승통로로 이동 → [B2] 공항철도 대합실로 이동 → 경의중앙선 서강대 방면 엘리베이터(으)로 1개 층 올라가기 (B2 → B1, 엘리베이터) → [B1] 경의중앙선 서강대 방면 승강장으로 이동 → [B1] 승차 (휠체어칸)"
S1_2_0596,2호선,홍대입구,2호선,신촌,경의중앙선,가좌,B2 → B1 → B2 → B1,10,3,0,"[B2] 2호선 신촌 방면 승강장 하차 → 대합실 방향 엘리베이터(으)로 1개 층 올라가기 (B2 → B1, 엘리베이터) → [B1] 대합실로 이동 → [B1] 경의중앙선, 공항철도 환승통로로 이동 → 환승 엘리베이터(으)로 1개 층 내려가기 (B1 → B2, 엘리베이터) → [B2] 경의중앙선, 공항철도 환승통로로 이동 → [B2] 공항철도 대합실로 이동 → 경의중앙선 가좌 방면 엘리베이터(으)로 1개 층 올라가기 (B2 → B1, 엘리베이터) → [B1] 경의중앙선 가좌 방면 승강장으로 이동 → [B1] 승차 (휠체어칸)"
S1_2_0596,2호선,홍대입구,2호선,신촌,경의중앙선,서강대,B2 → B1 → B2 → B1,10,3,0,"[B2] 2호선 신촌 방면 승강장 하차 → 대합실 방향 엘리베이터(으)로 1개 층 올라가기 (B2 → B1, 엘리베이터) → [B1] 대합실로 이동 → [B1] 경의중앙선, 공항철도 환승통로로 이동 → 환승 엘리베이터(으)로 1개 층 내려가기 (B1 → B2, 엘리베이터) → [B2] 경의중앙선, 공항철도 환승통로로 이동 → [B2] 공항철도 대합실로 이동 → 경의중앙선 서강대 방면 엘리베이터(으)로 1개 층 올라가기 (B2 → B1, 엘리베이터) → [B1] 경의중앙선 서강대 방면 승강장으로 이동 → [B1] 승차 (휠체어칸)"
S1_2_0596,2호선,홍대입구,2호선,합정,,공항철도 공덕,B2 → B1 → B2 → B4,10,3,0,"[B2] 2호선 합정 방면 승강장 하차 → 대합실 방향 엘리베이터(으)로 1개 층 올라가기 (B2 → B1, 엘리베이터) → [B1] 대합실로 이동 → [B1] 경의중앙선, 공항철도 환승통로로 이동 → 환승 엘리베이터(으)로 1개 층 내려가기 (B1 → B2, 엘리베이터) → [B2] 경의중앙선, 공항철도 환승통로로 이동 → [B2] 공항철도 대합실로 이동 → 공항철도 공덕 방면 엘리베이터(으)로 2개 층 내려가기 (B2 → B4, 엘리베이터) → [B4] 공항철도 공덕 방면 승강장으로 이동 → [B4] 승차 (휠체어칸)"
S1_2_0596,2호선,홍대입구,2호선,합정,,공항철도 디지털미디어시티,B2 → B1 → B2 → B4,10,3,0,"[B2] 2호선 합정 방면 승강장 하차 → 대합실 방향 엘리베이터(으)로 1개 층 올라가기 (B2 → B1, 엘리베이터) → [B1] 대합실로 이동 → [B1] 경의중앙선, 공항철도 환승통로로 이동 → 환승 엘리베이터(으)로 1개 층 내려가기 (B1 → B2, 엘리베이터) → [B2] 경의중앙선, 공항철도 환승통로로 이동 → [B2] 공항철도 대합실로 이동 → 공항철도 디지털미디어시티 방면 엘리베이터(으)로 2개 층 내려가기 (B2 → B4, 엘리베이터) → [B4] 공항철도 디지털미디어시티 방면 승강장으로 이동 → [B4] 승차 (휠체어칸)"
S1_2_0596,2호선,홍대입구,2호선,신촌,,공항철도 공덕,B2 → B1 → B2 → B4,10,3,0,"[B2] 2호선 신촌 방면 승강장 하차 → 대합실 방향 엘리베이터(으)로 1개 층 올라가기 (B2 → B1, 엘리베이터) → [B1] 대합실로 이동 → [B1] 경의중앙선, 공항철도 환승통로로 이동 → 환승 엘리베이터(으)로 1개 층 내려가기 (B1 → B2, 엘리베이터) → [B2] 경의중앙선, 공항철도 환승통로로 이동 → [B2] 공항철도 대합실로 이동 → 공항철도 공덕 방면 엘리베이터(으)로 2개 층 내려가기 (B2 → B4, 엘리베이터) → [B4] 공항철도 공덕 방면 승강장으로 이동 → [B4] 승차 (휠체어칸)"
S1_2_0596,2호선,홍대입구,2호선,신촌,,공항철도 디지털미디어시티,B2 → B1 → B2 → B4,10,3,0,"[B2] 2호선 신촌 방면 승강장 하차 → 대합실 방향 엘리베이터(으)로 1개 층 올라가기 (B2 → B1, 엘리베이터) → [B1] 대합실로 이동 → [B1] 경의중앙선, 공항철도 환승통로로 이동 → 환승 엘리베이터(으)로 1개 층 내려가기 (B1 → B2, 엘리베이터) → [B2] 경의중앙선, 공항철도 환승통로로 이동 → [B2] 공항철도 대합실로 이동 → 공항철도 디지털미디어시티 방면 엘리베이터(으)로 2개 층 내려가기 (B2 → B4, 엘리베이터) → [B4] 공항철도 디지털미디어시티 방면 승강장으로 이동 → [B4] 승차 (휠체어칸)"
S1_2_0591,2호선,합정,2호선,당산,6호선,망원,B2 → B1 → B4,7,2,0,"[B2] 2호선 당산 방면 승강장 하차 → 대합실 방향 엘리베이터(으)로 1개 층 올라가기 (B2 → B1, 엘리베이터) → [B1] 대합실로 이동 → [B1] 엘리베이터 앞 표 내는 곳 통과 → 9/10번 출입구방향 환승 엘리베이터(으)로 3개 층 내려가기 (B1 → B4, 엘리베이터) → [B4] 6호선 망원 방면 승강장으로 이동 → [B4] 승차 (휠체어칸)"
S1_2_0591,2호선,합정,2호선,당산,6호선,상수,B2 → B1 → B3 → B4,9,3,0,"[B2] 2호선 당산 방면 승강장 하차 → 대합실 방향 엘리베이터(으)로 1개 층 올라가기 (B2 → B1, 엘리베이터) → [B1] 대합실로 이동 → [B1] 엘리베이터 앞 표 내는 곳 통과 → 9/10번 출입구방향 환승 엘리베이터(으)로 2개 층 내려가기 (B1 → B3, 엘리베이터) → [B3] 6호선 대합실로 이동 → 6호선 상수 방면 엘리베이터(으)로 1개 층 내려가기 (B3 → B4, 엘리베이터) → [B4] 6호선 상수 방면 승강장으로 이동 → [B4] 승차 (휠체어칸)"
S1_2_0591,2호선,합정,2호선,홍대입구,6호선,망원,B2 → B1 → B4,7,2,0,"[B2] 2호선 홍대입구 방면 승강장 하차 → 대합실 방향 엘리베이터(으)로 1개 층 올라가기 (B2 → B1, 엘리베이터) → [B1] 대합실로 이동 → [B1] 엘리베이터 앞 표 내는 곳 통과 → 9/10번 출입구방향 환승 엘리베이터(으)로 3개 층 내려가기 (B1 → B4, 엘리베이터) → [B4] 6호선 망원 방면 승강장으로 이동 → [B4] 승차 (휠체어칸)"
S1_2_0591,2호선,합정,2호선,홍대입구,6호선,상수,B2 → B1 → B3 → B4,9,3,0,"[B2] 2호선 홍대입구 방면 승강장 하차 → 대합실 방향 엘리베이터(으)로 1개 층 올라가기 (B2 → B1, 엘리베이터) → [B1] 대합실로 이동 → [B1] 엘리베이터 앞 표 내는 곳 통과 → 9/10번 출입구방향 환승 엘리베이터(으)로 2개 층 내려가기 (B1 → B3, 엘리베이터) → [B3] 6호선 대합실로 이동 → 6호선 상수 방면 엘리베이터(으)로 1개 층 내려가기 (B3 → B4, 엘리베이터) → [B4] 6호선 상수 방면 승강장으로 이동 → [B4] 승차 (휠체어칸)"
S1_2_0126,2호선,당산,2호선,영등포구청,9호선,국회의사당,3F → B2,6,1,0,"[3F] 2호선 영등포구청 방면 승강장 하차 → 9호선 환승 엘리베이터(으)로 4개 층 내려가기 (3F → B2, 엘리베이터) → [B2] 9호선 대합실로 이동 → [B2] 5(B3) 9호선 국회의사당 방면 승강장으로 이동 → [B2] 승차 (휠체어칸) → 승강장 방향 엘리베이터 이용 (엘리베이터)"
S1_2_0126,2호선,당산,2호선,영등포구청,9호선,선유도,3F → B2 → B3,6,2,0,"[3F] 2호선 영등포구청 방면 승강장 하차 → 9호선 환승 엘리베이터(으)로 4개 층 내려가기 (3F → B2, 엘리베이터) → [B2] 9호선 대합실로 이동 → 승강장 방향 엘리베이터(으)로 1개 층 내려가기 (B2 → B3, 엘리베이터) → [B3] 9호선 선유도 방면 승강장으로 이동 → [B3] 승차 (휠체어칸)"
S1_2_0126,2호선,당산,2호선,합정,9호선,국회의사당,3F → B2 → B3,6,2,0,"[3F] 2호선 합정 방면 승강장 하차 → 9호선 환승 엘리베이터(으)로 4개 층 내려가기 (3F → B2, 엘리베이터) → [B2] 9호선 대합실로 이동 → 승강장 방향 엘리베이터(으)로 1개 층 내려가기 (B2 → B3, 엘리베이터) → [B3] 9호선 국회의사당 방면 승강장으로 이동 → [B3] 승차 (휠체어칸)"
S1_2_0126,2호선,당산,2호선,합정,9호선,선유도,3F → B2 → B3,6,2,0,"[3F] 2호선 합정 방면 승강장 하차 → 9호선 환승 엘리베이터(으)로 4개 층 내려가기 (3F → B2, 엘리베이터) → [B2] 9호선 대합실로 이동 → 승강장 방향 엘리베이터(으)로 1개 층 내려가기 (B2 → B3, 엘리베이터) → [B3] 9호선 선유도 방면 승강장으로 이동 → [B3] 승차 (휠체어칸)"
S1_2_0421,2호선,영등포구청,2호선,문래,5호선,양평,B2 → B1 → 1F → B5,6,3,0,"문래방면 지하2층 엘리베이터(으)로 1개 층 올라가기 (B2 → B1, 엘리베이터) → [B1] 문래방면 지하1층 엘리베이터 하차 → 2번출입구 지하1층 엘리베이터(으)로 1개 층 올라가기 (B1 → 1F, 엘리베이터) → [1F] 2번출입구 지상1층 엘리베이터 하차 → 5호선방면 지상1층 엘리베이터(으)로 5개 층 내려가기 (1F → B5, 엘리베이터) → [B5] 양평방면 지하5층 엘리베이터 하차"
S1_2_0421,2호선,영등포구청,2호선,문래,5호선,영등포시장,B2 → B1 → 1F → B4 → B5,8,4,0,"문래방면 지하2층 엘리베이터(으)로 1개 층 올라가기 (B2 → B1, 엘리베이터) → [B1] 문래방면 지하1층 엘리베이터 하차 → 2번출입구 지하1층 엘리베이터(으)로 1개 층 올라가기 (B1 → 1F, 엘리베이터) → [1F] 2번출입구 지상1층 엘리베이터 하차 → 5호선방면 지상1층 엘리베이터(으)로 4개 층 내려가기 (1F → B4, 엘리베이터) → [B4] 5호선방면 지하4층 대합실 엘리베이터 하차 → 영등포시장방면 지하4층 엘리베이터(으)로 1개 층 내려가기 (B4 → B5, 엘리베이터) → [B5] 영등포시장방면 지하5층 엘리베이터 하차"
S1_2_0421,2호선,영등포구청,2호선,당산,5호선,양평,B2 → B1 → 1F → B5,6,3,0,"당산방면 지하2층 엘리베이터(으)로 1개 층 올라가기 (B2 → B1, 엘리베이터) → [B1] 당산방면 지하1층 엘리베이터 하차 → 2번출입구 지하1층 엘리베이터(으)로 1개 층 올라가기 (B1 → 1F, 엘리베이터) → [1F] 2번출입구 지상1층 엘리베이터 하차 → 5호선방면 지상1층 엘리베이터(으)로 5개 층 내려가기 (1F → B5, 엘리베이터) → [B5] 양평방면 지하5층 엘리베이터 하차"
S1_2_0421,2호선,영등포구청,2호선,당산,5호선,영등포시장,B2 → B1 → 1F → B4 → B5,8,4,0,"당산방면 지하2층 엘리베이터(으)로 1개 층 올라가기 (B2 → B1, 엘리베이터) → [B1] 당산방면 지하1층 엘리베이터 하차 → 2번출입구 지하1층 엘리베이터(으)로 1개 층 올라가기 (B1 → 1F, 엘리베이터) → [1F] 2번출입구 지상1층 엘리베이터 하차 → 5호선방면 지상1층 엘리베이터(으)로 4개 층 내려가기 (1F → B4, 엘리베이터) → [B4] 5호선방면 지하4층 대합실 엘리베이터 하차 → 영등포시장방면 지하4층 엘리베이터(으)로 1개 층 내려가기 (B4 → B5, 엘리베이터) → [B5] 영등포시장방면 지하5층 엘리베이터 하차"
S1_2_0359,2호선,신도림,2호선,대림,2호선,도림천,B2 → B1 → B2,7,2,0,"[B2] 2호선 대림 방면 승강장 하차 → 대합실 방향 엘리베이터(으)로 1개 층 올라가기 (B2 → B1, 엘리베이터) → [B1] 대합실로 이동 → [B1] 1번 출입구 방향, 1호선 환승 방향으로 이동 → 2호선 도림천 방면 엘리베이터(으)로 1개 층 내려가기 (B1 → B2, 엘리베이터) → [B2] 2호선 도림천 방면 승강장으로 이동 → [B2] 승차 (휠체어칸)"
S1_2_0359,2호선,신도림,2호선,문래,2호선,도림천,B2 → B1 → B2,7,2,0,"[B2] 2호선 문래 방면 승강장 하차 → 대합실 방향 엘리베이터(으)로 1개 층 올라가기 (B2 → B1, 엘리베이터) → [B1] 대합실로 이동 → [B1] 1번 출입구 방향, 1호선 환승 방향으로 이동 → 2호선 도림천 방면 엘리베이터(으)로 1개 층 내려가기 (B1 → B2, 엘리베이터) → [B2] 2호선 도림천 방면 승강장으로 이동 → [B2] 승차 (휠체어칸)"
S1_2_0359,2호선,신도림,2호선,2호선 지선 신도림 (종착역) 승강장,2호선,대림,B2 → B1 → B2,7,2,0,"[B2] 2호선 지선 신도림 (종착역) 승강장 하차 → 대합실 방향 엘리베이터(으)로 1개 층 올라가기 (B2 → B1, 엘리베이터) → [B1] 대합실로 이동 → [B1] 2번/3번 출입구 방향으로 이동 → 2호선 대림, 문래 방면 엘리베이터(으)로 1개 층 내려가기 (B1 → B2, 엘리베이터) → [B2] 2호선 대림 방면 승강장으로 이동 → [B2] 승차 (휠체어칸)"
S1_2_0359,2호선,신도림,2호선,2호선 지선 신도림 (종착역) 승강장,2호선,문래,B2 → B1 → B2,7,2,0,"[B2] 2호선 지선 신도림 (종착역) 승강장 하차 → 대합실 방향 엘리베이터(으)로 1개 층 올라가기 (B2 → B1, 엘리베이터) → [B1] 대합실로 이동 → [B1] 2번/3번 출입구 방향으로 이동 → 2호선 대림, 문래 방면 엘리베이터(으)로 1개 층 내려가기 (B1 → B2, 엘리베이터) → [B2] 2호선 문래 방면 승강장으로 이동 → [B2] 승차 (휠체어칸)"
S1_2_0359,2호선,신도림,2호선,대림,1호선,영등포,B2 → B1 → 1F,7,2,0,"[B2] 2호선 대림 방면 승강장 하차 → 대합실 방향 엘리베이터(으)로 1개 층 올라가기 (B2 → B1, 엘리베이터) → [B1] 대합실로 이동 → [B1] 1번 출입구 방향, 1호선 환승 방향으로 이동 → 1호선 영등포 방면 엘리베이터(으)로 1개 층 올라가기 (B1 → 1F, 엘리베이터) → [1F] 1호선 영등포 방면 승강장으로 이동 → [1F] 승차 (휠체어칸)"
S1_2_0359,2호선,신도림,2호선,대림,1호선,구로,B2 → B1 → 1F,7,2,0,"[B2] 2호선 대림 방면 승강장 하차 → 대합실 방향 엘리베이터(으)로 1개 층 올라가기 (B2 → B1, 엘리베이터) → [B1] 대합실로 이동 → [B1] 1번 출입구 방향, 1호선 환승 방향으로 이동 → 1호선 구로 방면 엘리베이터(으)로 1개 층 올라가기 (B1 → 1F, 엘리베이터) → [1F] 1호선 구로 방면 승강장으로 이동 → [1F] 승차 (휠체어칸)"
S1_2_0359,2호선,신도림,2호선,문래,1호선,영등포,B2 → B1 → 1F,7,2,0,"[B2] 2호선 문래 방면 승강장 하차 → 대합실 방향 엘리베이터(으)로 1개 층 올라가기 (B2 → B1, 엘리베이터) → [B1] 대합실로 이동 → [B1] 1번 출입구 방향, 1호선 환승 방향으로 이동 → 1호선 영등포 방면 엘리베이터(으)로 1개 층 올라가기 (B1 → 1F, 엘리베이터) → [1F] 1호선 영등포 방면 승강장으로 이동 → [1F] 승차 (휠체어칸)"
S1_2_0359,2호선,신도림,2호선,문래,1호선,구로,B2 → B1 → 1F,7,2,0,"[B2] 2호선 문래 방면 승강장 하차 → 대합실 방향 엘리베이터(으)로 1개 층 올라가기 (B2 → B1, 엘리베이터) → [B1] 대합실로 이동 → [B1] 1번 출입구 방향, 1호선 환승 방향으로 이동 → 1호선 구로 방면 엘리베이터(으)로 1개 층 올라가기 (B1 → 1F, 엘리베이터) → [1F] 1호선 구로 방면 승강장으로 이동 → [1F] 승차 (휠체어칸)"
S1_2_0359,2호선,신도림,2호선,2호선 지선 신도림 (종착역) 승강장,1호선,영등포,B2 → 1F,4,1,0,"[B2] 2호선 지선 신도림 (종착역) 승강장 하차 → 승강장 내 엘리베이터(으)로 2개 층 올라가기 (B2 → 1F, 엘리베이터) → [1F] 1호선 영등포 방면 승강장으로 이동 → [1F] 승차 (휠체어칸)"
S1_2_0359,2호선,신도림,2호선,2호선 지선 신도림 (종착역) 승강장,1호선,구로,B2 → B1 → 1F,6,2,0,"[B2] 2호선 지선 신도림 (종착역) 승강장 하차 → 승강장 내 엘리베이터(으)로 1개 층 올라가기 (B2 → B1, 엘리베이터) → [B1] 2호선 대합실로 이동 → 1호선 구로 방면 엘리베이터(으)로 1개 층 올라가기 (B1 → 1F, 엘리베이터) → [1F] 1호선 구로 방면 승강장으로 이동 → [1F] 승차 (휠체어칸)"
S1_2_0130,2호선,대림,2호선,구로디지털단지,7호선,신풍,,9,0,0,3F 2호선 구로디지털단지 방면 승강장 하차 → 2F 대합실로 이동 → 휠체어 비상게이트 이용해 외부로 나감 → 1F 외부로 이동 → 직진 후 좌회전하여 7호선 10번출구로 이동(약 200m) (좌회전) → B1 7호선 대합실로 이동 → 휠체어 비상게이트 이용해 내부로 들어옴 → B2 7호선 신풍방면 승강장으로 이동 → 7호선 신풍방면 엘리베이터 이용 (엘리베이터)
S1_2_0130,2호선,대림,2호선,구로디지털단지,7호선,남구로,,10,0,0,3F 2호선 구로디지털단지 방면 승강장 하차 → 2F 대합실로 이동 → 휠체어 비상게이트 이용해 외부로 나감 → 1F 외부로 이동 → 직진 후 좌회전하여 7호선 10번출구로 이동(약 200m) (좌회전) → B1 7호선 대합실로 이동 → 휠체어 비상게이트 이용해 내부로 들어옴 → B2 7호선 남구로방면 승강장으로 이동 → 승차(휠체어칸) 승차 → 7호선 남구로방면 엘리베이터 이용 (엘리베이터)
S1_2_0130,2호선,대림,2호선,신도림,7호선,신풍,,10,0,0,3F 2호선 신도림 방면 승강장 하차 → 2F 대합실로 이동 → 휠체어 비상게이트 이용해 외부로 나감 → 1F 외부로 이동 → 직진 후 좌회전하여 7호선 10번출구로 이동(약 200m) (좌회전) → B1 7호선 대합실로 이동 → 휠체어 비상게이트 이용해 내부로 들어옴 → B2 7호선 신풍방면 승강장으로 이동 → 승차(휠체어칸) 승차 → 7호선 신풍방면 엘리베이터 이용 (엘리베이터)
S1_2_0130,2호선,대림,2호선,신도림,7호선,남구로,,10,0,0,3F 2호선 신도림 방면 승강장 하차 → 2F 대합실로 이동 → 휠체어 비상게이트 이용해 외부로 나감 → 1F 외부로 이동 → 직진 후 좌회전하여 7호선 10번출구로 이동(약 200m) (좌회전) → B1 7호선 대합실로 이동 → 휠체어 비상게이트 이용해 내부로 들어옴 → B2 7호선 남구로방면 승강장으로 이동 → 승차(휠체어칸) → 7호선 남구로방면 엘리베이터 이용 (엘리베이터)
S1_2_0361,2호선,신림,2호선,봉천,신림선,당곡,B2 → B1 → B3,7,2,0,"[B2] 2호선 봉천 방면 승강장 하차 → 대합실 방향 엘리베이터(으)로 1개 층 올라가기 (B2 → B1, 엘리베이터) → [B1] 대합실로 이동 → [B1] 신림선 환승게이트 통과 → 신림선 승강장 방향 엘리베이터(으)로 2개 층 내려가기 (B1 → B3, 엘리베이터) → [B3] 신림선 당곡 방면 승강장으로 이동 → [B3] 승차 (휠체어칸)"
S1_2_0361,2호선,신림,2호선,봉천,신림선,서원,B2 → B1 → B3,7,2,0,"[B2] 2호선 봉천 방면 승강장 하차 → 대합실 방향 엘리베이터(으)로 1개 층 올라가기 (B2 → B1, 엘리베이터) → [B1] 대합실로 이동 → [B1] 신림선 환승게이트 통과 → 신림선 승강장 방향 엘리베이터(으)로 2개 층 내려가기 (B1 → B3, 엘리베이터) → [B3] 신림선 서원 방면 승강장으로 이동 → [B3] 승차 (휠체어칸)"
S1_2_0361,2호선,신림,2호선,신대방,신림선,당곡,B2 → B1 → B3,7,2,0,"[B2] 2호선 신대방 방면 승강장 하차 → 대합실 방향 엘리베이터(으)로 1개 층 올라가기 (B2 → B1, 엘리베이터) → [B1] 대합실로 이동 → [B1] 신림선 환승게이트 통과 → 신림선 승강장 방향 엘리베이터(으)로 2개 층 내려가기 (B1 → B3, 엘리베이터) → [B3] 신림선 당곡 방면 승강장으로 이동 → [B3] 승차 (휠체어칸)"
S1_2_0361,2호선,신림,2호선,신대방,신림선,서원,B2 → B1 → B3,7,2,0,"[B2] 2호선 신대방 방면 승강장 하차 → 대합실 방향 엘리베이터(으)로 1개 층 올라가기 (B2 → B1, 엘리베이터) → [B1] 대합실로 이동 → [B1] 신림선 환승게이트 통과 → 신림선 승강장 방향 엘리베이터(으)로 2개 층 내려가기 (B1 → B3, 엘리베이터) → [B3] 신림선 서원 방면 승강장으로 이동 → [B3] 승차 (휠체어칸)"
S1_2_0257,2호선,사당,2호선,방배,4호선,총신대입구,B2 → B1 → B3,6,2,0,"[B2] 2호선 방배 방면 승강장 하차 → 대합실 방향 엘리베이터(으)로 1개 층 올라가기 (B2 → B1, 엘리베이터) → [B1] 대합실로 이동 → 4호선 승강장 방향 엘리베이터(으)로 2개 층 내려가기 (B1 → B3, 엘리베이터) → [B3] 4호선 총신대입구 방면 승강장으로 이동 → [B3] 승차 (휠체어칸)"
S1_2_0257,2호선,사당,2호선,방배,4호선,남태령,B2 → B1 → B3,6,2,0,"[B2] 2호선 방배 방면 승강장 하차 → 대합실 방향 엘리베이터(으)로 1개 층 올라가기 (B2 → B1, 엘리베이터) → [B1] 대합실로 이동 → 4호선 승강장 방향 엘리베이터(으)로 2개 층 내려가기 (B1 → B3, 엘리베이터) → [B3] 4호선 남태령 방면 승강장으로 이동 → [B3] 승차 (휠체어칸)"
S1_2_0257,2호선,사당,2호선,낙성대,4호선,총신대입구,B2 → B3,4,1,0,"[B2] 2호선 낙성대 방면 승강장 하차 → 승강장 내 엘리베이터(으)로 1개 층 내려가기 (B2 → B3, 엘리베이터) → [B3] 4호선 총신대입구 방면 승강장으로 이동 → [B3] 승차 (휠체어칸)"
S1_2_0257,2호선,사당,2호선,낙성대,4호선,남태령,B2 → B3,4,1,0,"[B2] 2호선 낙성대 방면 승강장 하차 → 승강장 내 엘리베이터(으)로 1개 층 내려가기 (B2 → B3, 엘리베이터) → [B3] 4호선 남태령 방면 승강장으로 이동 → [B3] 승차 (휠체어칸)"
S1_2_0068,2호선,교대,2호선,강남,3호선,고속터미널,B2 → B1 → B3,7,2,0,"[B2] 2호선 강남 방면 승강장 하차 → 대합실 방향 엘리베이터(으)로 1개 층 올라가기 (B2 → B1, 엘리베이터) → [B1] 대합실로 이동 → [B1] 3호선 대합실로 이동 → 3호선 승강장 방향 엘리베이터(으)로 2개 층 내려가기 (B1 → B3, 엘리베이터) → [B3] 3호선 고속터미널 방면 승강장으로 이동 → [B3] 승차 (휠체어칸)"
S1_2_0068,2호선,교대,2호선,강남,3호선,남부터미널,B2 → B1 → B3,7,2,0,"[B2] 2호선 강남 방면 승강장 하차 → 대합실 방향 엘리베이터(으)로 1개 층 올라가기 (B2 → B1, 엘리베이터) → [B1] 대합실로 이동 → [B1] 3호선 대합실로 이동 → 3호선 승강장 방향 엘리베이터(으)로 2개 층 내려가기 (B1 → B3, 엘리베이터) → [B3] 3호선 남부터미널 방면 승강장으로 이동 → [B3] 승차 (휠체어칸)"
S1_2_0068,2호선,교대,2호선,서초,3호선,고속터미널,B2 → B1 → B3,7,2,0,"[B2] 2호선 서초 방면 승강장 하차 → 대합실 방향 엘리베이터(으)로 1개 층 올라가기 (B2 → B1, 엘리베이터) → [B1] 대합실로 이동 → [B1] 3호선 대합실로 이동 → 3호선 승강장 방향 엘리베이터(으)로 2개 층 내려가기 (B1 → B3, 엘리베이터) → [B3] 3호선 고속터미널 방면 승강장으로 이동 → [B3] 승차 (휠체어칸)"
S1_2_0068,2호선,교대,2호선,서초,3호선,남부터미널,B2 → B1 → B3,7,2,0,"[B2] 2호선 서초 방면 승강장 하차 → 대합실 방향 엘리베이터(으)로 1개 층 올라가기 (B2 → B1, 엘리베이터) → [B1] 대합실로 이동 → [B1] 3호선 대합실로 이동 → 3호선 승강장 방향 엘리베이터(으)로 2개 층 내려가기 (B1 → B3, 엘리베이터) → [B3] 3호선 남부터미널 방면 승강장으로 이동 → [B3] 승차 (휠체어칸)"
S1_2_0017,2호선,강남,2호선,역삼,신분당선,신논현,B2 → B3 → B4,7,2,0,"[B2] 2호선 역삼 방면 승강장 하차 → 환승 엘리베이터(으)로 1개 층 내려가기 (B2 → B3, 엘리베이터) → [B3] 환승통로로 이동 → [B3] 신분당선 대합실로 이동 → 신분당선 신논현 방면 엘리베이터(으)로 1개 층 내려가기 (B3 → B4, 엘리베이터) → [B4] 신분당선 신논현 방면 승강장으로 이동 → [B4] 승차 (휠체어칸)"
S1_2_0017,2호선,강남,2호선,역삼,신분당선,양재,B2 → B3 → B4,7,2,0,"[B2] 2호선 역삼 방면 승강장 하차 → 환승 엘리베이터(으)로 1개 층 내려가기 (B2 → B3, 엘리베이터) → [B3] 환승통로로 이동 → [B3] 신분당선 대합실로 이동 → 신분당선 양재 방면 엘리베이터(으)로 1개 층 내려가기 (B3 → B4, 엘리베이터) → [B4] 신분당선 양재 방면 승강장으로 이동 → [B4] 승차 (휠체어칸)"
S1_2_0017,2호선,강남,2호선,교대,신분당선,신논현,B2 → B3 → B4,7,2,0,"[B2] 2호선 교대 방면 승강장 하차 → 환승 엘리베이터(으)로 1개 층 내려가기 (B2 → B3, 엘리베이터) → [B3] 환승통로로 이동 → [B3] 신분당선 대합실로 이동 → 신분당선 신논현 방면 엘리베이터(으)로 1개 층 내려가기 (B3 → B4, 엘리베이터) → [B4] 신분당선 신논현 방면 승강장으로 이동 → [B4] 승차 (휠체어칸)"
S1_2_0017,2호선,강남,2호선,교대,신분당선,양재,B2 → B3 → B4,7,2,0,"[B2] 2호선 교대 방면 승강장 하차 → 환승 엘리베이터(으)로 1개 층 내려가기 (B2 → B3, 엘리베이터) → [B3] 환승통로로 이동 → [B3] 신분당선 대합실로 이동 → 신분당선 양재 방면 엘리베이터(으)로 1개 층 내려가기 (B3 → B4, 엘리베이터) → [B4] 신분당선 양재 방면 승강장으로 이동 → [B4] 승차 (휠체어칸)"
S1_2_0306,2호선,선릉,2호선,삼성,수인분당선,선정릉,B2 → B3,4,1,0,"[B2] 2호선 삼성 방면 승강장 하차 → 수인분당선 선정릉 방면 엘리베이터(으)로 1개 층 내려가기 (B2 → B3, 엘리베이터) → [B3] 수인분당선 선정릉 방면 승강장으로 이동 → [B3] 승차 (휠체어칸)"
S1_2_0306,2호선,선릉,2호선,삼성,수인분당선,한티,B2 → B3,4,1,0,"[B2] 2호선 삼성 방면 승강장 하차 → 수인분당선 한티 방면 엘리베이터(으)로 1개 층 내려가기 (B2 → B3, 엘리베이터) → [B3] 수인분당선 한티 방면 승강장으로 이동 → [B3] 승차 (휠체어칸)"
S1_2_0306,2호선,선릉,2호선,역삼,수인분당선,선정릉,B2 → B3,4,1,0,"[B2] 2호선 역삼 방면 승강장 하차 → 수인분당선 선정릉 방면 엘리베이터(으)로 1개 층 내려가기 (B2 → B3, 엘리베이터) → [B3] 수인분당선 선정릉 방면 승강장으로 이동 → [B3] 승차 (휠체어칸)"
S1_2_0306,2호선,선릉,2호선,2호선 역삼,수인분당선,한티,B2 → B3,4,1,0,"[B2] 2호선 역삼 방면 승강장 하차 → 수인분당선 한티 방면 엘리베이터(으)로 1개 층 내려가기 (B2 → B3, 엘리베이터) → [B3] 수인분당선 한티 방면 승강장으로 이동 → [B3] 승차 (휠체어칸)"
S1_2_0518,2호선,종합운동장,2호선,잠실새내,9호선,삼전,B2 → B1 → B2 → B4,9,3,0,"[B2] 2호선 잠실새내 방면 승강장 하차 → 대합실 방향 엘리베이터(으)로 1개 층 올라가기 (B2 → B1, 엘리베이터) → [B1] 대합실로 이동 → [B1] 9호선 방향 환승통로로 이동 → 환승 엘리베이터(으)로 1개 층 내려가기 (B1 → B2, 엘리베이터) → [B2] 9호선 대합실로 이동 → 9호선 삼전 방면 엘리베이터(으)로 2개 층 내려가기 (B2 → B4, 엘리베이터) → [B4] 9호선 삼전 방면 승강장으로 이동 → [B4] 승차 (휠체어칸)"
S1_2_0518,2호선,종합운동장,2호선,잠실새내,9호선,봉은사,B2 → B1 → B2 → B4,9,3,0,"[B2] 2호선 잠실새내 방면 승강장 하차 → 대합실 방향 엘리베이터(으)로 1개 층 올라가기 (B2 → B1, 엘리베이터) → [B1] 대합실로 이동 → [B1] 9호선 방향 환승통로로 이동 → 환승 엘리베이터(으)로 1개 층 내려가기 (B1 → B2, 엘리베이터) → [B2] 9호선 대합실로 이동 → 9호선 봉은사 방면 엘리베이터(으)로 2개 층 내려가기 (B2 → B4, 엘리베이터) → [B4] 9호선 봉은사 방면 승강장으로 이동 → [B4] 승차 (휠체어칸)"
S1_2_0518,2호선,종합운동장,2호선,삼성,9호선,삼전,B2 → B1 → B2 → B4,9,3,0,"[B2] 2호선 삼성 방면 승강장 하차 → 대합실 방향 엘리베이터(으)로 1개 층 올라가기 (B2 → B1, 엘리베이터) → [B1] 대합실로 이동 → [B1] 9호선 방향 환승통로로 이동 → 환승 엘리베이터(으)로 1개 층 내려가기 (B1 → B2, 엘리베이터) → [B2] 9호선 대합실로 이동 → 9호선 삼전 방면 엘리베이터(으)로 2개 층 내려가기 (B2 → B4, 엘리베이터) → [B4] 9호선 삼전 방면 승강장으로 이동 → [B4] 승차 (휠체어칸)"
S1_2_0518,2호선,종합운동장,2호선,삼성,9호선,봉은사,B2 → B1 → B2 → B4,9,3,0,"[B2] 2호선 삼성 방면 승강장 하차 → 대합실 방향 엘리베이터(으)로 1개 층 올라가기 (B2 → B1, 엘리베이터) → [B1] 대합실로 이동 → [B1] 9호선 방향 환승통로로 이동 → 환승 엘리베이터(으)로 1개 층 내려가기 (B1 → B2, 엘리베이터) → [B2] 9호선 대합실로 이동 → 9호선 봉은사 방면 엘리베이터(으)로 2개 층 내려가기 (B2 → B4, 엘리베이터) → [B4] 9호선 봉은사 방면 승강장으로 이동 → [B4] 승차 (휠체어칸)"
S1_2_0497,2호선,잠실,2호선,잠실나루,8호선,몽촌토성,B2 → B1 → B3,7,2,0,"[B2] 2호선 잠실나루 방면 승강장 하차 → 대합실 방향 엘리베이터(으)로 1개 층 올라가기 (B2 → B1, 엘리베이터) → [B1] 대합실로 이동 → [B1] 8호선 대합실로 이동 → 8호선 몽촌토성 방면 엘리베이터(으)로 2개 층 내려가기 (B1 → B3, 엘리베이터) → [B3] 8호선 몽촌토성 방면 승강장으로 이동 → [B3] 승차 (휠체어칸)"
S1_2_0497,2호선,잠실,2호선,잠실나루,8호선,석촌,B2 → B1 → B3,7,2,0,"[B2] 2호선 잠실나루 방면 승강장 하차 → 대합실 방향 엘리베이터(으)로 1개 층 올라가기 (B2 → B1, 엘리베이터) → [B1] 대합실로 이동 → [B1] 8호선 대합실로 이동 → 8호선 석촌 방면 엘리베이터(으)로 2개 층 내려가기 (B1 → B3, 엘리베이터) → [B3] 8호선 석촌 방면 승강장으로 이동 → [B3] 승차 (휠체어칸)"
S1_2_0497,2호선,잠실,2호선,잠실새내,8호선,몽촌토성,B2 → B1 → B3,7,2,0,"[B2] 2호선 잠실새내 방면 승강장 하차 → 대합실 방향 엘리베이터(으)로 1개 층 올라가기 (B2 → B1, 엘리베이터) → [B1] 대합실로 이동 → [B1] 8호선 대합실로 이동 → 8호선 몽촌토성 방면 엘리베이터(으)로 2개 층 내려가기 (B1 → B3, 엘리베이터) → [B3] 8호선 몽촌토성 방면 승강장으로 이동 → [B3] 승차 (휠체어칸)"
S1_2_0497,2호선,잠실,2호선,잠실새내,8호선,석촌,B2 → B1 → B3,7,2,0,"[B2] 2호선 잠실새내 방면 승강장 하차 → 대합실 방향 엘리베이터(으)로 1개 층 올라가기 (B2 → B1, 엘리베이터) → [B1] 대합실로 이동 → [B1] 8호선 대합실로 이동 → 8호선 석촌 방면 엘리베이터(으)로 2개 층 내려가기 (B1 → B3, 엘리베이터) → [B3] 8호선 석촌 방면 승강장으로 이동 → [B3] 승차 (휠체어칸)"
S1_2_0031,2호선,건대입구,2호선,구의,7호선,어린이 대공원,3F → 1F → B2,6,2,0,"[3F] 2호선 구의 방면 승강장 하차 → 표 내는 곳 통과 후 2호선 대합실 방향 엘리베이터(으)로 2개 층 내려가기 (3F → 1F, 엘리베이터) → [1F] 3번 출입구 옆 엘리베이터 로 이동 → 3번 출입구 옆 엘리베이터(으)로 2개 층 내려가기 (1F → B2, 엘리베이터) → [B2] 표 내는 곳 통과 후 7호선 어린이 대공원 방면 승강장 이동 → [B2] 승차(휠체어칸)"
S1_2_0031,2호선,건대입구,2호선,성수,7호선,어린이대공원,2F → 1F → B2,6,2,0,"개집표기 통과 후 1번출입구 앞 엘리베이터(으)로 1개 층 내려가기 (2F → 1F, 엘리베이터) → [1F] 지상1층으로 이동 → 3번출입구 옆 엘리베이터(으)로 2개 층 내려가기 (1F → B2, 엘리베이터) → [B2] 지하2층으로 이동 → [B2] 어린이대공원 방면 승강장 방향으로 이동 → [B2] 어린이대공원 방면 승강장 이용"
S1_2_0031,2호선,건대입구,2호선,구의,7호선,뚝섬유원지,3F → 1F → B2 → B3 → B2,10,4,0,"[3F] 2호선 구의 방면 승강장 하차 → 표 내는 곳 통과 후 2호선 대합실 방향 엘리베이터(으)로 2개 층 내려가기 (3F → 1F, 엘리베이터) → [1F] 3번 출입구 옆 엘리베이터 로 이동 → 3번 출입구 옆 엘리베이터(으)로 2개 층 내려가기 (1F → B2, 엘리베이터) → [B2] 표 내는 곳 통과 후 7호선 어린이대공원 방면 엘리베이터 로 이동 → 7호선 어린이대공원 방면 엘리베이터(으)로 1개 층 내려가기 (B2 → B3, 엘리베이터) → [B3] 7호선 자양 방면 승강장 엘리베이터 이동 → 7호선 자양 방면 엘리베이터(으)로 1개 층 올라가기 (B3 → B2, 엘리베이터) → [B2] 7호선 자양 방면 승강장 이동 → [B2] 탑승(휠체어칸)"
S1_2_0031,2호선,건대입구,2호선,성수,7호선,뚝섬유원지,3F → 2F → B2 → B3 → B2,12,4,0,"[3F] 2호선 성수 방면 승강장 하차 → 2호선 성수 방면 엘리베이터(으)로 1개 층 내려가기 (3F → 2F, 엘리베이터) → [2F] 표 내는 곳 통과 후 1번 출입구 앞 엘리베이터 이동 → [2F] 3번 출입구 옆 엘리베이터 이동 → [2F] 3번 출입구 옆 엘레이터 탑승 → 1번 출입구 옆 엘리베이터(으)로 3개 층 내려가기 (2F → B2, 엘리베이터) → [B2] 표 내는 곳 통과 후 7호선 어린이대공원 방면 엘리베이터 로 이동 → 7호선 어린이대공원 방면 엘리베이터(으)로 1개 층 내려가기 (B2 → B3, 엘리베이터) → [B3] 7호선 자양 방면 승강장 엘리베이터 이동 → 7호선 자양 방면 엘리베이터(으)로 1개 층 올라가기 (B3 → B2, 엘리베이터) → [B2] 7호선 자양 방면 승강장 이동 → [B2] 탑승(휠체어칸)"
S1_2_0314,2호선,성수,2호선,뚝섬,2호선,용답,3F,3,0,0,[3F] 2호선 뚝섬 방면 승강장 하차 → [3F] 2호선 용답 방면 승강장으로 이동 → [3F] 승차 (휠체어칸)
S1_2_0314,2호선,성수,2호선,건대입구,2호선,용답,3F → 2F → 3F,6,2,0,"[3F] 2호선 건대입구 방면 승강장 하차 → 대합실 방향 엘리베이터(으)로 1개 층 내려가기 (3F → 2F, 엘리베이터) → [2F] 대합실로 이동 → 2호선 용답 방면 엘리베이터(으)로 1개 층 올라가기 (2F → 3F, 엘리베이터) → [3F] 2호선 용답 방면 승강장으로 이동 → [3F] 승차 (휠체어칸)"
S1_2_0314,2호선,성수,2호선,용답,2호선,뚝섬,3F,3,0,0,[3F] 2호선 용답 방면 승강장 하차 → [3F] 2호선 뚝섬 방면 승강장으로 이동 → [3F] 승차 (휠체어칸)
S1_2_0314,2호선,성수,2호선,용답,2호선,건대입구,3F → 2F → 3F,6,2,0,"[3F] 2호선 용답 방면 승강장 하차 → 대합실 방향 엘리베이터(으)로 1개 층 내려가기 (3F → 2F, 엘리베이터) → [2F] 대합실로 이동 → 2호선 건대입구 방면 엘리베이터(으)로 1개 층 올라가기 (2F → 3F, 엘리베이터) → [3F] 2호선 건대입구 방면 승강장으로 이동 → [3F] 승차 (휠체어칸)"
S1_2_0441,2호선,왕십리,2호선,상왕십리,5호선,행당,B2 → B4 → B5,7,2,0,"[B2] 2호선 상왕십리 방면 승강장 하차 → [B2] 환승대합실로 이동 → 5호선 방향 엘리베이터(으)로 2개 층 내려가기 (B2 → B4, 엘리베이터) → [B4] 5호선 대합실로 이동 → 5호선 행당 방면 엘리베이터(으)로 1개 층 내려가기 (B4 → B5, 엘리베이터) → [B5] 5호선 행당 방면 승강장으로 이동 → [B5] 승차 (휠체어칸)"
S1_2_0441,2호선,왕십리,2호선,상왕십리,5호선,마장,B2 → B4 → B5,7,2,0,"[B2] 2호선 상왕십리 방면 승강장 하차 → [B2] 환승대합실로 이동 → 5호선 방향 엘리베이터(으)로 2개 층 내려가기 (B2 → B4, 엘리베이터) → [B4] 5호선 대합실로 이동 → 5호선 마장 방면 엘리베이터(으)로 1개 층 내려가기 (B4 → B5, 엘리베이터) → [B5] 5호선 마장 방면 승강장으로 이동 → [B5] 승차 (휠체어칸)"
S1_2_0441,2호선,왕십리,2호선,한양대,5호선,행당,B2 → B1 → B2 → B4 → B5,10,4,0,"[B2] 2호선 한양대 방면 승강장 하차 → 환승대합실 방향 엘리베이터(으)로 1개 층 올라가기 (B2 → B1, 엘리베이터) → [B1] 환승대합실로 이동 → 2호선 상왕십리 방면 엘리베이터(으)로 1개 층 내려가기 (B1 → B2, 엘리베이터) → [B2] 환승대합실로 이동 → 5호선 방향 엘리베이터(으)로 2개 층 내려가기 (B2 → B4, 엘리베이터) → [B4] 5호선 대합실로 이동 → 5호선 행당 방면 엘리베이터(으)로 1개 층 내려가기 (B4 → B5, 엘리베이터) → [B5] 5호선 행당 방면 승강장으로 이동 → [B5] 승차 (휠체어칸)"
S1_2_0441,2호선,왕십리,2호선,한양대,5호선,마장,B2 → B1 → B2 → B4 → B5,10,4,0,"[B2] 2호선 한양대 방면 승강장 하차 → 환승대합실 방향 엘리베이터(으)로 1개 층 올라가기 (B2 → B1, 엘리베이터) → [B1] 환승대합실로 이동 → 2호선 상왕십리 방면 엘리베이터(으)로 1개 층 내려가기 (B1 → B2, 엘리베이터) → [B2] 환승대합실로 이동 → 5호선 방향 엘리베이터(으)로 2개 층 내려가기 (B2 → B4, 엘리베이터) → [B4] 5호선 대합실로 이동 → 5호선 마장 방면 엘리베이터(으)로 1개 층 내려가기 (B4 → B5, 엘리베이터) → [B5] 5호선 마장 방면 승강장으로 이동 → [B5] 승차 (휠체어칸)"
S1_2_0441,2호선,왕십리,2호선,상왕십리,수인분당선,청량리,B2 → B1 → 1F,6,2,0,"[B2] 2호선 상왕십리 방면 승강장 하차 → 환승대합실 방향 엘리베이터(으)로 1개 층 올라가기 (B2 → B1, 엘리베이터) → [B1] 환승대합실로 이동 → 수인분당선 승강장 방향 엘리베이터(으)로 1개 층 올라가기 (B1 → 1F, 엘리베이터) → [1F] 수인분당선 청량리 방면 승강장으로 이동 → [1F] 승차 (휠체어칸)"
S1_2_0441,2호선,왕십리,2호선,상왕십리,수인분당선,서울숲,B2 → B1 → 1F,6,2,0,"[B2] 2호선 상왕십리 방면 승강장 하차 → 환승대합실 방향 엘리베이터(으)로 1개 층 올라가기 (B2 → B1, 엘리베이터) → [B1] 환승대합실로 이동 → 수인분당선 승강장 방향 엘리베이터(으)로 1개 층 올라가기 (B1 → 1F, 엘리베이터) → [1F] 수인분당선 서울숲 방면 승강장으로 이동 → [1F] 승차 (휠체어칸)"
S1_2_0441,2호선,왕십리,2호선,한양대,수인분당선,청량리,B2 → B1 → 1F,6,2,0,"[B2] 2호선 한양대 방면 승강장 하차 → 환승대합실 방향 엘리베이터(으)로 1개 층 올라가기 (B2 → B1, 엘리베이터) → [B1] 환승대합실로 이동 → 수인분당선 승강장 방향 엘리베이터(으)로 1개 층 올라가기 (B1 → 1F, 엘리베이터) → [1F] 수인분당선 청량리 방면 승강장으로 이동 → [1F] 승차 (휠체어칸)"
S1_2_0441,2호선,왕십리,2호선,한양대,수인분당선,서울숲,B2 → B1 → 1F,6,2,0,"[B2] 2호선 한양대 방면 승강장 하차 → 환승대합실 방향 엘리베이터(으)로 1개 층 올라가기 (B2 → B1, 엘리베이터) → [B1] 환승대합실로 이동 → 수인분당선 승강장 방향 엘리베이터(으)로 1개 층 올라가기 (B1 → 1F, 엘리베이터) → [1F] 수인분당선 서울숲 방면 승강장으로 이동 → [1F] 승차 (휠체어칸)"
S1_2_0441,2호선,왕십리,2호선,상왕십리,경의중앙선,응봉,B2 → B1 → 1F,6,2,0,"[B2] 2호선 상왕십리 방면 승강장 하차 → 환승대합실 방향 엘리베이터(으)로 1개 층 올라가기 (B2 → B1, 엘리베이터) → [B1] 환승대합실로 이동 → 경의중앙선 승강장 방향 엘리베이터(으)로 1개 층 올라가기 (B1 → 1F, 엘리베이터) → [1F] 경의중앙선 응봉 방면 승강장으로 이동 → [1F] 승차 (휠체어칸)"
S1_2_0441,2호선,왕십리,2호선,상왕십리,경의중앙선,청량리,B2 → B1 → 1F,6,2,0,"[B2] 2호선 상왕십리 방면 승강장 하차 → 환승대합실 방향 엘리베이터(으)로 1개 층 올라가기 (B2 → B1, 엘리베이터) → [B1] 환승대합실로 이동 → 경의중앙선 승강장 방향 엘리베이터(으)로 1개 층 올라가기 (B1 → 1F, 엘리베이터) → [1F] 경의중앙선 청량리 방면 승강장으로 이동 → [1F] 승차 (휠체어칸)"
S1_2_0441,2호선,왕십리,2호선,한양대,경의중앙선,응봉,B2 → B1 → 1F,6,2,0,"[B2] 2호선 한양대 방면 승강장 하차 → 환승대합실 방향 엘리베이터(으)로 1개 층 올라가기 (B2 → B1, 엘리베이터) → [B1] 환승대합실로 이동 → 경의중앙선 승강장 방향 엘리베이터(으)로 1개 층 올라가기 (B1 → 1F, 엘리베이터) → [1F] 경의중앙선 응봉 방면 승강장으로 이동 → [1F] 승차 (휠체어칸)"
S1_2_0441,2호선,왕십리,2호선,한양대,경의중앙선,청량리,B2 → B1 → 1F,6,2,0,"[B2] 2호선 한양대 방면 승강장 하차 → 환승대합실 방향 엘리베이터(으)로 1개 층 올라가기 (B2 → B1, 엘리베이터) → [B1] 환승대합실로 이동 → 경의중앙선 승강장 방향 엘리베이터(으)로 1개 층 올라가기 (B1 → 1F, 엘리베이터) → [1F] 경의중앙선 청량리 방면 승강장으로 이동 → [1F] 승차 (휠체어칸)"
S1_2_0356,2호선,신당,2호선,동대문역사문화공원,6호선,청구,B2 → B1 → B2 → B3,8,0,0,"[B2] 2호선 동대문역사문화공원 방면 승강장 하차 → 환승통로 방향 휠체어리프트(으)로 1개 층 올라가기 (B2 → B1, 휠체어리프트) → [B1] 6호선 방향 환승통로로 이동 → 휠체어리프트(으)로 1개 층 내려가기 (B1 → B2, 휠체어리프트) → [B2] 6호선 대합실로 이동 → 휠체어리프트(으)로 1개 층 내려가기 (B2 → B3, 휠체어리프트) → [B3] 6호선 청구 방면 승강장으로 이동 → [B3] 승차 (휠체어칸)"
S1_2_0356,2호선,신당,2호선,동대문역사문화공원,6호선,동묘앞,B2 → B1 → B2 → B3,8,0,0,"[B2] 2호선 동대문역사문화공원 방면 승강장 하차 → 환승통로 방향 휠체어리프트(으)로 1개 층 올라가기 (B2 → B1, 휠체어리프트) → [B1] 6호선 방향 환승통로로 이동 → 휠체어리프트(으)로 1개 층 내려가기 (B1 → B2, 휠체어리프트) → [B2] 6호선 대합실로 이동 → 휠체어리프트(으)로 1개 층 내려가기 (B2 → B3, 휠체어리프트) → [B3] 6호선 동묘앞 방면 승강장으로 이동 → [B3] 승차 (휠체어칸)"
S1_2_0356,2호선,신당,2호선,상왕십리,6호선,청구,B2 → B1 → B2 → B3,8,0,0,"[B2] 2호선 상왕십리 방면 승강장 하차 → 환승통로 방향 휠체어리프트(으)로 1개 층 올라가기 (B2 → B1, 휠체어리프트) → [B1] 6호선 방향 환승통로로 이동 → 휠체어리프트(으)로 1개 층 내려가기 (B1 → B2, 휠체어리프트) → [B2] 6호선 대합실로 이동 → 휠체어리프트(으)로 1개 층 내려가기 (B2 → B3, 휠체어리프트) → [B3] 6호선 청구 방면 승강장으로 이동 → [B3] 승차 (휠체어칸)"
S1_2_0356,2호선,신당,2호선,상왕십리,6호선,동묘앞,B2 → B1 → B2 → B3,8,0,0,"[B2] 2호선 상왕십리 방면 승강장 하차 → 환승통로 방향 휠체어리프트(으)로 1개 층 올라가기 (B2 → B1, 휠체어리프트) → [B1] 6호선 방향 환승통로로 이동 → 휠체어리프트(으)로 1개 층 내려가기 (B1 → B2, 휠체어리프트) → [B2] 6호선 대합실로 이동 → 휠체어리프트(으)로 1개 층 내려가기 (B2 → B3, 휠체어리프트) → [B3] 6호선 동묘앞 방면 승강장으로 이동 → [B3] 승차 (휠체어칸)"
S1_2_0156,2호선,동대문역사문화공원,2호선,을지로4가,4호선,동대문,B2 → B1 → B3,7,2,0,"[B2] 2호선 을지로4가 방면 승강장 하차 → 대합실 방향 엘리베이터(으)로 1개 층 올라가기 (B2 → B1, 엘리베이터) → [B1] 대합실로 이동 → [B1] 4호선 대합실로 이동 → 4호선 승강장 방향 엘리베이터(으)로 2개 층 내려가기 (B1 → B3, 엘리베이터) → [B3] 4호선 동대문 방면 승강장으로 이동 → [B3] 승차 (휠체어칸)"
S1_2_0156,2호선,동대문역사문화공원,2호선,을지로4가,4호선,충무로,B2 → B1 → B3,7,2,0,"[B2] 2호선 을지로4가 방면 승강장 하차 → 대합실 방향 엘리베이터(으)로 1개 층 올라가기 (B2 → B1, 엘리베이터) → [B1] 대합실로 이동 → [B1] 4호선 대합실로 이동 → 4호선 승강장 방향 엘리베이터(으)로 2개 층 내려가기 (B1 → B3, 엘리베이터) → [B3] 4호선 충무로 방면 승강장으로 이동 → [B3] 승차 (휠체어칸)"
S1_2_0156,2호선,동대문역사문화공원,2호선,신당,4호선,동대문,B2 → B1 → B3,7,2,0,"[B2] 2호선 신당 방면 승강장 하차 → 대합실 방향 엘리베이터(으)로 1개 층 올라가기 (B2 → B1, 엘리베이터) → [B1] 대합실로 이동 → [B1] 4호선 대합실로 이동 → 4호선 승강장 방향 엘리베이터(으)로 2개 층 내려가기 (B1 → B3, 엘리베이터) → [B3] 4호선 동대문 방면 승강장으로 이동 → [B3] 승차 (휠체어칸)"
S1_2_0156,2호선,동대문역사문화공원,2호선,신당,4호선,충무로,B2 → B1 → B3,7,2,0,"[B2] 2호선 신당 방면 승강장 하차 → 대합실 방향 엘리베이터(으)로 1개 층 올라가기 (B2 → B1, 엘리베이터) → [B1] 대합실로 이동 → [B1] 4호선 대합실로 이동 → 4호선 승강장 방향 엘리베이터(으)로 2개 층 내려가기 (B1 → B3, 엘리베이터) → [B3] 4호선 충무로 방면 승강장으로 이동 → [B3] 승차 (휠체어칸)"
S1_2_0156,2호선,동대문역사문화공원,2호선,을지로4가,5호선,을지로4가,B2 → B1 → B3 → B5,9,3,0,"[B2] 2호선 을지로4가 방면 승강장 하차 → 대합실 방향 엘리베이터(으)로 1개 층 올라가기 (B2 → B1, 엘리베이터) → [B1] 대합실로 이동 → [B1] 4호선 대합실로 이동 → 4호선 승강장 방향 엘리베이터(으)로 2개 층 내려가기 (B1 → B3, 엘리베이터) → [B3] 4호선 승강장으로 이동 → 5호선 승강장 방향 엘리베이터(으)로 2개 층 내려가기 (B3 → B5, 엘리베이터) → [B5] 5호선 을지로4가 방면 승강장으로 이동 → [B5] 승차 (휠체어칸)"
S1_2_0156,2호선,동대문역사문화공원,2호선,을지로4가,5호선,청구,B2 → B1 → B3 → B5,9,3,0,"[B2] 2호선 을지로4가 방면 승강장 하차 → 대합실 방향 엘리베이터(으)로 1개 층 올라가기 (B2 → B1, 엘리베이터) → [B1] 대합실로 이동 → [B1] 4호선 대합실로 이동 → 4호선 승강장 방향 엘리베이터(으)로 2개 층 내려가기 (B1 → B3, 엘리베이터) → [B3] 4호선 승강장으로 이동 → 5호선 승강장 방향 엘리베이터(으)로 2개 층 내려가기 (B3 → B5, 엘리베이터) → [B5] 5호선 청구 방면 승강장으로 이동 → [B5] 승차 (휠체어칸)"
S1_2_0156,2호선,동대문역사문화공원,2호선,신당,5호선,을지로4가,B2 → B1 → B3 → B5,9,3,0,"[B2] 2호선 신당 방면 승강장 하차 → 대합실 방향 엘리베이터(으)로 1개 층 올라가기 (B2 → B1, 엘리베이터) → [B1] 대합실로 이동 → [B1] 4호선 대합실로 이동 → 4호선 승강장 방향 엘리베이터(으)로 2개 층 내려가기 (B1 → B3, 엘리베이터) → [B3] 4호선 승강장으로 이동 → 5호선 승강장 방향 엘리베이터(으)로 2개 층 내려가기 (B3 → B5, 엘리베이터) → [B5] 5호선 을지로4가 방면 승강장으로 이동 → [B5] 승차 (휠체어칸)"
S1_2_0156,2호선,동대문역사문화공원,2호선,신당,5호선,청구,B2 → B1 → B3 → B5,9,3,0,"[B2] 2호선 신당 방면 승강장 하차 → 대합실 방향 엘리베이터(으)로 1개 층 올라가기 (B2 → B1, 엘리베이터) → [B1] 대합실로 이동 → [B1] 4호선 대합실로 이동 → 4호선 승강장 방향 엘리베이터(으)로 2개 층 내려가기 (B1 → B3, 엘리베이터) → [B3] 4호선 승강장으로 이동 → 5호선 승강장 방향 엘리베이터(으)로 2개 층 내려가기 (B3 → B5, 엘리베이터) → [B5] 5호선 청구 방면 승강장으로 이동 → [B5] 승차 (휠체어칸)"
S1_2_0465,2호선,을지로4가,2호선,을지로3가,5호선,종로3가,B5,3,0,0,[B5] 지하5층 5호선 승강장 하차 → [B5] 3) 종로3가 방면 승차 (휠체어칸) → 7-4 승강장 앞 엘리베이터 이용 (엘리베이터)
S1_2_0465,2호선,을지로4가,2호선,을지로3가,5호선,동대문역사문화공원,B5,3,0,0,[B5] 지하5층 5호선 승강장 하차 → [B5] 동대문역사문화공원 방면 승차 (휠체어칸) → 7-4 승강장 앞 엘리베이터 이용 (엘리베이터)
S1_2_0465,2호선,을지로4가,2호선,동대문역사문화공원,5호선,종로3가,B2 → B1 → B5,5,2,0,"지하2층 승강장에서 엘리베이터(으)로 1개 층 올라가기 (B2 → B1, 엘리베이터) → [B1] 지하1층 대합실 하차후 오른쪽으로 90M 이동 → 을지로3가방면 표 내는 곳 옆의 엘리베이터(으)로 4개 층 내려가기 (B1 → B5, 엘리베이터) → [B5] 지하5층 5호선 승강장 하차 → [B5] 종로3가 방면 승차 (휠체어칸)"
S1_2_0465,2호선,을지로4가,2호선,동대문역사문화공원,5호선,동대문역사문화공원,B2 → B1 → B5,5,2,0,"지하2층 승강장에서 엘리베이터(으)로 1개 층 올라가기 (B2 → B1, 엘리베이터) → [B1] 지하1층 대합실 하차후 오른쪽으로 90M 이동 → 을지로3가방면 표 내는 곳 옆의 엘리베이터(으)로 4개 층 내려가기 (B1 → B5, 엘리베이터) → [B5] 지하5층 5호선 승강장 하차 → [B5] 동대문역사문화공원 방면 승차 (휠체어칸)"
S1_2_0464,2호선,을지로3가,2호선,을지로입구,3호선,종로3가,B2 → B1 → B3,7,2,0,"[B2] 2호선 을지로입구 방면 승강장 하차 → 대합실 방향 엘리베이터(으)로 1개 층 올라가기 (B2 → B1, 엘리베이터) → [B1] 대합실로 이동 → [B1] 3호선 대합실로 이동 → 3호선 승강장 방향 엘리베이터(으)로 2개 층 내려가기 (B1 → B3, 엘리베이터) → [B3] 3호선 종로3가 방면 승강장으로 이동 → [B3] 승차 (휠체어칸)"
S1_2_0464,2호선,을지로3가,2호선,을지로입구,3호선,충무로,B2 → B1 → B3,7,2,0,"[B2] 2호선 을지로입구 방면 승강장 하차 → 대합실 방향 엘리베이터(으)로 1개 층 올라가기 (B2 → B1, 엘리베이터) → [B1] 대합실로 이동 → [B1] 3호선 대합실로 이동 → 3호선 승강장 방향 엘리베이터(으)로 2개 층 내려가기 (B1 → B3, 엘리베이터) → [B3] 3호선 충무로 방면 승강장으로 이동 → [B3] 승차 (휠체어칸)"
S1_2_0464,2호선,을지로3가,2호선,을지로4가,3호선,종로3가,B2 → B3,5,1,0,"[B2] 2호선 을지로4가 방면 승강장 하차 → [B2] 3호선 연결통로로 이동 → 3호선 승강장 방향 엘리베이터(으)로 1개 층 내려가기 (B2 → B3, 엘리베이터) → [B3] 3호선 종로3가 방면 승강장으로 이동 → [B3] 승차(휠체어칸)"
S1_2_0464,2호선,을지로3가,2호선,을지로4가,3호선,충무로,B2 → B3,5,1,0,"[B2] 2호선 을지로4가 방면 승강장 하차 → [B2] 3호선 연결통로로 이동 → 3호선 승강장 방향 엘리베이터(으)로 1개 층 내려가기 (B2 → B3, 엘리베이터) → [B3] 3호선 충무로 방면 승강장으로 이동 → [B3] 승차(휠체어칸)"
S1_2_0367,2호선,신설동,2호선,2호선 신설동(종착역) 승강장,1호선,제기동,B2 → B1 → 1F → B1 → B2,10,4,0,"신설동 종착역 승강장 → 대합실 방향 엘리베이터(으)로 1개 층 올라가기 (B2 → B1, 엘리베이터) → [B1] 대합실로 이동 → 9번 출입구 엘리베이터(으)로 1개 층 올라가기 (B1 → 1F, 엘리베이터) → [1F] 역사 바깥으로 이동 (필요 시 직원 동행) → 2번/ 3번 출입구 사이 엘리베이터(으)로 1개 층 내려가기 (1F → B1, 엘리베이터) → [B1] 대합실로 이동 → 제기동 방면 엘리베이터(으)로 1개 층 내려가기 (B1 → B2, 엘리베이터) → [B2] 제기동 방면 승강장으로 이동 → [B2] 승차 (휠체어칸)"
S1_2_0367,2호선,신설동,2호선,2호선 신설동(종착역) 승강장,1호선,동묘앞,B2 → B1 → 1F → B1 → B2,10,4,0,"신설동 종착역 승강장 → 대합실 방향 엘리베이터(으)로 1개 층 올라가기 (B2 → B1, 엘리베이터) → [B1] 대합실로 이동 → 9번 출입구 엘리베이터(으)로 1개 층 올라가기 (B1 → 1F, 엘리베이터) → [1F] 역사 바깥으로 이동 (필요 시 직원 동행) → 4번/ 5번 출입구 사이 엘리베이터(으)로 1개 층 내려가기 (1F → B1, 엘리베이터) → [B1] 대합실로 이동 → 동묘앞 방면 엘리베이터(으)로 1개 층 내려가기 (B1 → B2, 엘리베이터) → [B2] 동묘앞 방면 승강장으로 이동 → [B2] 승차 (휠체어칸)"
S1_2_0367,2호선,신설동,2호선,2호선 신설동(종착역) 승강장,우이신설선,보문,B2 → B1 → 1F → B1 → B2,10,4,0,"신설동 종착역 승강장 → 대합실 방향 엘리베이터(으)로 1개 층 올라가기 (B2 → B1, 엘리베이터) → [B1] 대합실로 이동 → 9번 출입구 엘리베이터(으)로 1개 층 올라가기 (B1 → 1F, 엘리베이터) → [1F] 역사 바깥으로 이동 (필요 시 직원 동행) → 1번, 12번 출입구 엘리베이터(으)로 1개 층 내려가기 (1F → B1, 엘리베이터) → [B1] 대합실로 이동 → 우이신설선 승강장 방면 엘리베이터(으)로 1개 층 내려가기 (B1 → B2, 엘리베이터) → [B2] 우이신설선 승강장으로 이동 → [B2] 승차 (휠체어칸)"
S1_2_0100,2호선,까치산,2호선,신정네거리,5호선,신정,B5,3,0,0,[B5] 2호선 신정네거리 방면 승강장 하차 → [B5] 5호선 신정 방면 승강장으로 이동 → [B5] 승차 (휠체어칸)
S1_2_0100,2호선,까치산,2호선,신정네거리,5호선,화곡,B5,5,0,0,[B5] 2호선 신정네거리 방면 승강장 하차 → [B5] B1 대합실 EV 하차 → [B5] B5 5호선 화곡 방면 승강장 이동 → [B5] 승차(휠체어칸) → B5 상선 승강장(6-3) EV 이용 (엘리베이터)
KR_3_0128,3호선,대곡,3호선,3호선 백석방면 승강장,,경의중앙선 곡산방면 승강장,,6,0,0,3호선 백석역방면 2호차 하차 → 3층 환승통로 이동 → 2층 환승통로 이동 → 엘리베이터 5호기 이동 → 경의중앙선 곡산방면 승강장 → 엘리베이터 1호기 이용 (엘리베이터)
KR_3_0128,3호선,대곡,3호선,3호선 백석방면 승강장,,경의중앙선 능곡방면 승강장,,6,0,0,3호선 백석역방면 2호차 하차 → 3층 환승통로 이동 → 2층 환승통로 이동 → 엘리베이터 6호기 이동 → 경의중앙선 능곡방면 승강장 → 엘리베이터 1호기 이용 (엘리베이터)
KR_3_0128,3호선,대곡,3호선,3호선 화정방면 승강장,,경의중앙선 곡산방면 승강장,,6,0,0,3호선 화정역방면 6호차 하차 → 3층 환승통로 이동 → 2층 환승통로 이동 → 엘리베이터 5호기 이동 → 경의중앙선 곡산방면 승강장 → 엘리베이터 1호기 이용 (엘리베이터)
KR_3_0128,3호선,대곡,3호선,3호선 화정방면 승강장,,경의중앙선 능곡방면 승강장,,6,0,0,3호선 화정역방면 6호차 하차 → 3층 환승통로 이동 → 2층 환승통로 이동 → 엘리베이터 6호기 이동 → 경의중앙선 능곡방면 승강장 → 엘리베이터 1호기 이용 (엘리베이터)
S1_3_0418,3호선,연신내,3호선,구파발,6호선,구산,B2 → B1 → B5,7,2,0,"[B2] 3호선 구파발 방면 승강장 하차 → 대합실 방향 엘리베이터(으)로 1개 층 올라가기 (B2 → B1, 엘리베이터) → [B1] 대합실로 이동 → [B1] 6호선 대합실로 이동 → 6호선 승강장 방향 엘리베이터(으)로 4개 층 내려가기 (B1 → B5, 엘리베이터) → [B5] 6호선 구산 방면 승강장으로 이동 → [B5] 승차 (휠체어칸)"
S1_3_0418,3호선,연신내,3호선,불광,6호선,구산,B2 → B1 → B5,7,2,0,"[B2] 3호선 불광 방면 승강장 하차 → 대합실 방향 엘리베이터(으)로 1개 층 올라가기 (B2 → B1, 엘리베이터) → [B1] 대합실로 이동 → [B1] 6호선 대합실로 이동 → 6호선 승강장 방향 엘리베이터(으)로 4개 층 내려가기 (B1 → B5, 엘리베이터) → [B5] 6호선 구산 방면 승강장으로 이동 → [B5] 승차 (휠체어칸)"
S1_3_0255,3호선,불광,3호선,연신내,6호선,독바위,B2 → B4,6,1,0,"[B2] 3호선 연신내 방면 승강장 하차 → [B2] 6호선 방향 환승통로로 이동 → [B2] 6호선 대합실로 이동 → 6호선 승강장 방향 엘리베이터(으)로 2개 층 내려가기 (B2 → B4, 엘리베이터) → [B4] 6호선 독바위 방면 승강장으로 이동 → [B4] 승차 (휠체어칸)"
S1_3_0255,3호선,불광,3호선,녹번,6호선,독바위,B2 → B4,6,1,0,"[B2] 3호선 녹번 방면 승강장 하차 → [B2] 6호선 방향 환승통로로 이동 → [B2] 6호선 대합실로 이동 → 6호선 승강장 방향 엘리베이터(으)로 2개 층 내려가기 (B2 → B4, 엘리베이터) → [B4] 6호선 독바위 방면 승강장으로 이동 → [B4] 승차 (휠체어칸)"
S1_3_0515,3호선,종로3가,3호선,안국,1호선,종로5가,B4 → B2,4,1,0,"[B4] 3호선 안국 방면 승강장 하차 → 3호선 대합실 방향 엘리베이터(으)로 2개 층 올라가기 (B4 → B2, 엘리베이터) → [B2] 환승통로 이용하여 1호선 종로5가 방면 승강장으로 이동 → [B2] 승차 (휠체어칸)"
S1_3_0515,3호선,종로3가,3호선,안국,,1호선 종각 방면 승강장,B4 → B2 → B1 → B2,9,3,0,"[B4] 3호선 안국 방면 승강장 하차 → 대합실 방향 엘리베이터(으)로 2개 층 올라가기 (B4 → B2, 엘리베이터) → [B2] 환승통로 이동 → [B2] 1호선 종로5가 방면 승강장으로 이동 → 1호선 대합실 방향 엘리베이터(으)로 1개 층 올라가기 (B2 → B1, 엘리베이터) → [B1] 대합실로 이동 → 종각 방면 엘리베이터(으)로 1개 층 내려가기 (B1 → B2, 엘리베이터) → [B2] 1호선 종각 방면 승강장으로 이동 → [B2] 승차 (휠체어칸)"
S1_3_0515,3호선,종로3가,3호선,을지로 3가,1호선,종로5가,B4 → B2,4,1,0,"[B4] 3호선 을지로 3가 방면 승강장 하차 → 3호선 대합실 방향 엘리베이터(으)로 2개 층 올라가기 (B4 → B2, 엘리베이터) → [B2] 환승통로 이용하여 1호선 종로5가 방면 승강장으로 이동 → [B2] 승차 (휠체어칸)"
S1_3_0515,3호선,종로3가,3호선,을지로 3가,1호선,종각,B4 → B2 → B1 → B2,9,3,0,"[B4] 3호선 을지로 3가 방면 승강장 하차 → 대합실 방향 엘리베이터(으)로 2개 층 올라가기 (B4 → B2, 엘리베이터) → [B2] 환승통로 이동 → [B2] 1호선 종로5가 방면 승강장으로 이동 → 1호선 대합실 방향 엘리베이터(으)로 1개 층 올라가기 (B2 → B1, 엘리베이터) → [B1] 대합실로 이동 → 종각 방면 엘리베이터(으)로 1개 층 내려가기 (B1 → B2, 엘리베이터) → [B2] 1호선 종각 방면 승강장으로 이동 → [B2] 승차 (휠체어칸)"
S1_3_0515,3호선,종로3가,3호선,안국,5호선,광화문,B4 → B3 → B4 → B5,8,3,0,"[B4] 3호선 안국 방면 승강장 하차 → 3호선 대합실 방향 엘리베이터(으)로 1개 층 올라가기 (B4 → B3, 엘리베이터) → [B3] 대합실로 이동 → 5호선 승강장 방향 엘리베이터(으)로 1개 층 내려가기 (B3 → B4, 엘리베이터) → [B4] 대합실 이동 → 5호선 승강장 방향 엘리베이터(으)로 1개 층 내려가기 (B4 → B5, 엘리베이터) → [B5] 5호선 광화문 방면 승강장으로 이동 → [B5] 승차 (휠체어칸)"
S1_3_0515,3호선,종로3가,3호선,안국,5호선,을지로4가,B4 → B3 → B4 → B5,8,3,0,"[B4] 3호선 안국 방면 승강장 하차 → 3호선 대합실 방향 엘리베이터(으)로 1개 층 올라가기 (B4 → B3, 엘리베이터) → [B3] 대합실로 이동 → 5호선 승강장 방향 엘리베이터(으)로 1개 층 내려가기 (B3 → B4, 엘리베이터) → [B4] 대합실 이동 → 5호선 승강장 방향 엘리베이터(으)로 1개 층 내려가기 (B4 → B5, 엘리베이터) → [B5] 5호선 을지로4가 방면 승강장으로 이동 → [B5] 승차 (휠체어칸)"
S1_3_0515,3호선,종로3가,3호선,을지로 3가,5호선,광화문,B4 → B3 → B4 → B5,8,3,0,"[B4] 3호선 을지로 3가 방면 승강장 하차 → 3호선 대합실 방향 엘리베이터(으)로 1개 층 올라가기 (B4 → B3, 엘리베이터) → [B3] 대합실로 이동 → 5호선 승강장 방향 엘리베이터(으)로 1개 층 내려가기 (B3 → B4, 엘리베이터) → [B4] 대합실 이동 → 5호선 승강장 방향 엘리베이터(으)로 1개 층 내려가기 (B4 → B5, 엘리베이터) → [B5] 5호선 광화문 방면 승강장으로 이동 → [B5] 승차 (휠체어칸)"
S1_3_0515,3호선,종로3가,3호선,을지로 3가,5호선,을지로4가,B4 → B3 → B4 → B5,8,3,0,"[B4] 3호선 을지로 3가 방면 승강장 하차 → 3호선 대합실 방향 엘리베이터(으)로 1개 층 올라가기 (B4 → B3, 엘리베이터) → [B3] 대합실로 이동 → 5호선 승강장 방향 엘리베이터(으)로 1개 층 내려가기 (B3 → B4, 엘리베이터) → [B4] 대합실 이동 → 5호선 승강장 방향 엘리베이터(으)로 1개 층 내려가기 (B4 → B5, 엘리베이터) → [B5] 5호선 을지로4가 방면 승강장으로 이동 → [B5] 승차 (휠체어칸)"
S1_3_0464,3호선,을지로3가,3호선,종로3가,2호선,을지로입구,B3 → B1,6,1,0,"[B3] 3호선 종로3가 방면 승강장 하차 → 대합실 방향 엘리베이터(으)로 2개 층 올라가기 (B3 → B1, 엘리베이터) → [B1] 대합실로 이동 → [B1] 2호선 환승통로로 이동 → [B1] 2호선 을지로입구 방면 승강장으로 이동 → [B1] 승차 (휠체어칸)"
S1_3_0464,3호선,을지로3가,3호선,종로3가,2호선,을지로4가,B3 → B2,4,1,0,"[B3] 3호선 종로3가 방면 승강장 하차 → 대합실 방향 엘리베이터(으)로 1개 층 올라가기 (B3 → B2, 엘리베이터) → [B2] 2호선 을지로4가 방면 승강장으로 이동 → [B2] 승차 (휠체어칸)"
S1_3_0464,3호선,을지로3가,3호선,충무로,2호선,을지로입구,B3 → B1,6,1,0,"[B3] 3호선 충무로 방면 승강장 하차 → 대합실 방향 엘리베이터(으)로 2개 층 올라가기 (B3 → B1, 엘리베이터) → [B1] 대합실로 이동 → [B1] 2호선 환승통로로 이동 → [B1] 2호선 을지로입구 방면 승강장으로 이동 → [B1] 승차 (휠체어칸)"
S1_3_0464,3호선,을지로3가,3호선,충무로,2호선,을지로4가,B3 → B2,4,1,0,"[B3] 3호선 충무로 방면 승강장 하차 → 대합실 방향 엘리베이터(으)로 1개 층 올라가기 (B3 → B2, 엘리베이터) → [B2] 2호선 을지로4가 방면 승강장으로 이동 → [B2] 승차 (휠체어칸)"
S1_3_0563,3호선,충무로,3호선,을지로3가,4호선,동대문역사문화공원,B4 → B2 → B3,6,2,0,"[B4] 3호선 을지로3가 방면 승강장 하차 → 대합실 방향 엘리베이터(으)로 2개 층 올라가기 (B4 → B2, 엘리베이터) → [B2] 대합실로 이동 → 4호선 동대문역사문화공원 방면 엘리베이터(으)로 1개 층 내려가기 (B2 → B3, 엘리베이터) → [B3] 4호선 동대문역사문화공원 방면 승강장으로 이동 → [B3] 승차 (휠체어칸)"
S1_3_0563,3호선,충무로,3호선,을지로3가,4호선,명동,B4 → B3,4,1,0,"[B4] 3호선 을지로3가 방면 승강장 하차 → 4호선 명동 방면 엘리베이터(으)로 1개 층 올라가기 (B4 → B3, 엘리베이터) → [B3] 4호선 명동 방면 승강장으로 이동 → [B3] 승차(휠체어칸)"
S1_3_0563,3호선,충무로,3호선,동대입구,4호선,동대문역사문화공원,B4 → B2 → B3,6,2,0,"[B4] 3호선 동대입구 방면 승강장 하차 → 대합실 방향 엘리베이터(으)로 2개 층 올라가기 (B4 → B2, 엘리베이터) → [B2] 대합실로 이동 → 4호선 동대문역사문화공원 방면 엘리베이터(으)로 1개 층 내려가기 (B2 → B3, 엘리베이터) → [B3] 4호선 동대문역사문화공원 방면 승강장으로 이동 → [B3] 승차 (휠체어칸)"
S1_3_0563,3호선,충무로,3호선,동대입구,4호선,명동,B4 → B3,4,1,0,"[B4] 3호선 동대입구 방면 승강장 하차 → 4호선 명동 방면 엘리베이터(으)로 1개 층 올라가기 (B4 → B3, 엘리베이터) → [B3] 4호선 명동 방면 승강장으로 이동 → [B3] 승차(휠체어칸)"
S1_3_0397,3호선,약수,3호선,동대입구,6호선,버티고개,B2 → B1 → B3,8,2,0,"[B2] 3호선 동대입구 방면 승강장 하차 → 대합실 방향 엘리베이터(으)로 1개 층 올라가기 (B2 → B1, 엘리베이터) → [B1] 대합실로 이동 → [B1] 9번 출입구 방향 표 내는 곳 통과 → [B1] 6호선 대합실로 이동 → 대합실 엘리베이터(으)로 2개 층 내려가기 (B1 → B3, 엘리베이터) → [B3] 6호선 버티고개 방면 승강장으로 이동 → [B3] 승차 (휠체어칸)"
S1_3_0397,3호선,약수,3호선,동대입구,6호선,청구,B2 → B1 → B2 → B3,11,3,0,"[B2] 3호선 동대입구 방면 승강장 하차 → 대합실 방향 엘리베이터(으)로 1개 층 올라가기 (B2 → B1, 엘리베이터) → [B1] 대합실로 이동 → [B1] 9번 출입구 방향 표 내는 곳 통과 → [B1] 6호선 대합실로 이동 → 대합실 엘리베이터(으)로 1개 층 내려가기 (B1 → B2, 엘리베이터) → [B2] 대합실로 이동 → [B2] 표 내는 곳 통과 → 6호선 청구 방면 엘리베이터(으)로 1개 층 내려가기 (B2 → B3, 엘리베이터) → [B3] 6호선 청구 방면 승강장으로 이동 → [B3] 승차 (휠체어칸)"
S1_3_0397,3호선,약수,3호선,금호,6호선,버티고개,B2 → B1 → B3,8,2,0,"[B2] 3호선 금호 방면 승강장 하차 → 대합실 방향 엘리베이터(으)로 1개 층 올라가기 (B2 → B1, 엘리베이터) → [B1] 대합실로 이동 → [B1] 9번 출입구 방향 표 내는 곳 통과 → [B1] 6호선 대합실로 이동 → 대합실 엘리베이터(으)로 2개 층 내려가기 (B1 → B3, 엘리베이터) → [B3] 6호선 버티고개 방면 승강장으로 이동 → [B3] 승차 (휠체어칸)"
S1_3_0397,3호선,약수,3호선,금호,6호선,청구,B2 → B1 → B2 → B3,11,3,0,"[B2] 3호선 금호 방면 승강장 하차 → 대합실 방향 엘리베이터(으)로 1개 층 올라가기 (B2 → B1, 엘리베이터) → [B1] 대합실로 이동 → [B1] 9번 출입구 방향 표 내는 곳 통과 → [B1] 6호선 대합실로 이동 → 대합실 엘리베이터(으)로 1개 층 내려가기 (B1 → B2, 엘리베이터) → [B2] 대합실로 이동 → [B2] 표 내는 곳 통과 → 6호선 청구 방면 엘리베이터(으)로 1개 층 내려가기 (B2 → B3, 엘리베이터) → [B3] 6호선 청구 방면 승강장으로 이동 → [B3] 승차 (휠체어칸)"
S1_3_0434,3호선,옥수,3호선,금호,경의중앙선,한남,4F → 3F → 1F,7,2,0,"[4F] 3호선 금호 방면 승강장 하차 → 대합실 방향 엘리베이터(으)로 1개 층 내려가기 (4F → 3F, 엘리베이터) → [3F] 대합실로 이동 → [3F] 경의중앙선 환승통로로 이동 → 경의중앙선 한남 방면 엘리베이터(으)로 2개 층 내려가기 (3F → 1F, 엘리베이터) → [1F] 경의중앙선 한남 방면 승강장으로 이동 → [1F] 승차 (휠체어칸)"
S1_3_0434,3호선,옥수,3호선,금호,경의중앙선,응봉,4F → 3F → 1F,7,2,0,"[4F] 3호선 금호 방면 승강장 하차 → 대합실 방향 엘리베이터(으)로 1개 층 내려가기 (4F → 3F, 엘리베이터) → [3F] 대합실로 이동 → [3F] 경의중앙선 환승통로로 이동 → 경의중앙선 응봉 방면 엘리베이터(으)로 2개 층 내려가기 (3F → 1F, 엘리베이터) → [1F] 경의중앙선 응봉 방면 승강장으로 이동 → [1F] 승차 (휠체어칸)"
S1_3_0434,3호선,옥수,3호선,압구정,경의중앙선,한남,4F → 3F → 1F,7,2,0,"[4F] 3호선 압구정 방면 승강장 하차 → 대합실 방향 엘리베이터(으)로 1개 층 내려가기 (4F → 3F, 엘리베이터) → [3F] 대합실로 이동 → [3F] 경의중앙선 환승통로로 이동 → 경의중앙선 한남 방면 엘리베이터(으)로 2개 층 내려가기 (3F → 1F, 엘리베이터) → [1F] 경의중앙선 한남 방면 승강장으로 이동 → [1F] 승차 (휠체어칸)"
S1_3_0434,3호선,옥수,3호선,압구정,경의중앙선,응봉,4F → 3F → 1F,7,2,0,"[4F] 3호선 압구정 방면 승강장 하차 → 대합실 방향 엘리베이터(으)로 1개 층 내려가기 (4F → 3F, 엘리베이터) → [3F] 대합실로 이동 → [3F] 경의중앙선 환승통로로 이동 → 경의중앙선 응봉 방면 엘리베이터(으)로 2개 층 내려가기 (3F → 1F, 엘리베이터) → [1F] 경의중앙선 응봉 방면 승강장으로 이동 → [1F] 승차 (휠체어칸)"
S1_3_0365,3호선,신사,3호선,압구정,신분당선,논현역,B2 → B4,5,1,0,"[B2] 3호선 압구정 방면 승강장 하차 → [B2] 3호선 승강장 9번칸에 위치한 환승 대합실로 이동 후  환승게이트 통과 → 신분당선 논현방면 엘리베이터(으)로 2개 층 내려가기 (B2 → B4, 엘리베이터) → [B4] 신분당선 논현 방면 승강장으로 이동 → [B4] 승차 (휠체어칸)"
S1_3_0365,3호선,신사,3호선,잠원,신분당선,논현역,B2 → B4,5,1,0,"[B2] 3호선 잠원 방면 승강장 하차 → [B2] 3호선 승강장 2번칸에 위치한 환승 대합실로 이동 후 환승 게이트 통과 → 신분당선 논현방면 엘리베이터(으)로 2개 층 내려가기 (B2 → B4, 엘리베이터) → [B4] 신분당선 논현 방면 승강장으로 이동 → [B4] 승차 (휠체어칸)"
S1_3_0048,3호선,고속터미널,3호선,잠원,7호선,반포,B3 → B2 → B3,7,2,0,"[B3] 3호선 잠원 방면 승강장 하차 → 대합실 방향 엘리베이터(으)로 1개 층 올라가기 (B3 → B2, 엘리베이터) → [B2] 대합실로 이동 → [B2] 7호선 대합실로  이동 → 7호선 반포 방면 엘리베이터(으)로 1개 층 내려가기 (B2 → B3, 엘리베이터) → [B3] 7호선 반포 방면 승강장으로 이동 → [B3] 승차 (휠체어칸)"
S1_3_0048,3호선,고속터미널,3호선,잠원,7호선,내방,B3 → B2 → B3,7,2,0,"[B3] 3호선 잠원 방면 승강장 하차 → 대합실 방향 엘리베이터(으)로 1개 층 올라가기 (B3 → B2, 엘리베이터) → [B2] 대합실로 이동 → [B2] 7호선 대합실로  이동 → 7호선 내방 방면 엘리베이터(으)로 1개 층 내려가기 (B2 → B3, 엘리베이터) → [B3] 7호선 내방 방면 승강장으로 이동 → [B3] 승차 (휠체어칸)"
S1_3_0048,3호선,고속터미널,3호선,교대,7호선,반포,B3 → B2 → B3,7,2,0,"[B3] 3호선 교대 방면 승강장 하차 → 대합실 방향 엘리베이터(으)로 1개 층 올라가기 (B3 → B2, 엘리베이터) → [B2] 대합실로 이동 → [B2] 7호선 대합실로  이동 → 7호선 반포 방면 엘리베이터(으)로 1개 층 내려가기 (B2 → B3, 엘리베이터) → [B3] 7호선 반포 방면 승강장으로 이동 → [B3] 승차 (휠체어칸)"
S1_3_0048,3호선,고속터미널,3호선,교대,7호선,내방,B3 → B2 → B3,7,2,0,"[B3] 3호선 교대 방면 승강장 하차 → 대합실 방향 엘리베이터(으)로 1개 층 올라가기 (B3 → B2, 엘리베이터) → [B2] 대합실로 이동 → [B2] 7호선 대합실로  이동 → 7호선 내방 방면 엘리베이터(으)로 1개 층 내려가기 (B2 → B3, 엘리베이터) → [B3] 7호선 내방 방면 승강장으로 이동 → [B3] 승차 (휠체어칸)"
S1_3_0048,3호선,고속터미널,3호선,잠원,9호선,사평,B3 → B2 → B5,6,2,0,"[B3] 3호선 잠원 방면 승강장 하차 → 대합실 방향 엘리베이터(으)로 1개 층 올라가기 (B3 → B2, 엘리베이터) → [B2] 대합실로 이동 → 9호선 사평 방면 환승 엘리베이터(으)로 3개 층 내려가기 (B2 → B5, 엘리베이터) → [B5] 9호선 사평 방면 승강장으로 이동 → [B5] 승차 (휠체어칸)"
S1_3_0048,3호선,고속터미널,3호선,잠원,9호선,신반포,B3 → B2 → B4 → B5,8,3,0,"[B3] 3호선 잠원 방면 승강장 하차 → 대합실 방향 엘리베이터(으)로 1개 층 올라가기 (B3 → B2, 엘리베이터) → [B2] 대합실로 이동 → 9호선  환승 엘리베이터(으)로 2개 층 내려가기 (B2 → B4, 엘리베이터) → [B4] 대합실로 이동 → 9호선  신반포 방면 엘리베이터(으)로 1개 층 내려가기 (B4 → B5, 엘리베이터) → [B5] 9호선 신반포 방면 승강장으로 이동 → [B5] 승차 (휠체어칸)"
S1_3_0048,3호선,고속터미널,3호선,교대,9호선,사평,B3 → B2 → B5,6,2,0,"[B3] 3호선 교대 방면 승강장 하차 → 대합실 방향 엘리베이터(으)로 1개 층 올라가기 (B3 → B2, 엘리베이터) → [B2] 대합실로 이동 → 9호선 사평 방면 환승 엘리베이터(으)로 3개 층 내려가기 (B2 → B5, 엘리베이터) → [B5] 9호선 사평 방면 승강장으로 이동 → [B5] 승차 (휠체어칸)"
S1_3_0048,3호선,고속터미널,3호선,교대,9호선,신반포,B3 → B2 → B4 → B5,8,3,0,"[B3] 3호선 교대 방면 승강장 하차 → 대합실 방향 엘리베이터(으)로 1개 층 올라가기 (B3 → B2, 엘리베이터) → [B2] 대합실로 이동 → 9호선  환승 엘리베이터(으)로 2개 층 내려가기 (B2 → B4, 엘리베이터) → [B4] 대합실로 이동 → 9호선  신반포 방면 엘리베이터(으)로 1개 층 내려가기 (B4 → B5, 엘리베이터) → [B5] 9호선 신반포 방면 승강장으로 이동 → [B5] 승차 (휠체어칸)"
S1_3_0068,3호선,교대,3호선,고속터미널,2호선,강남,B3 → B1 → 1F → B1 → B2,12,4,0,"[B3] 3호선 고속터미널 방면 승강장 하차 → 대합실 방향 엘리베이터(으)로 2개 층 올라가기 (B3 → B1, 엘리베이터) → [B1] 대합실로 이동 → [B1] 표 내는 곳 통과 → [B1] 13번 출구로 이동 → 13번 출입구 옆 엘리베이터 탑승 후 지상으로 이동(으)로 1개 층 올라가기 (B1 → 1F, 엘리베이터) → 12번 출입구 옆 엘리베이터(으)로 1개 층 내려가기 (1F → B1, 엘리베이터) → [B1] 대합실로 이동 → [B1] 강남 방면 엘리베이터 앞 표 내는 곳 통과 → 강남 방면 엘리베이터(으)로 1개 층 내려가기 (B1 → B2, 엘리베이터) → [B2] 강남 방면 승강장으로 이동 → [B2] 승차 (휠체어칸)"
S1_3_0068,3호선,교대,3호선,고속터미널,2호선,서초,B3 → B1 → 1F → B1 → B2,12,4,0,"[B3] 3호선 고속터미널 방면 승강장 하차 → 대합실 방향 엘리베이터(으)로 2개 층 올라가기 (B3 → B1, 엘리베이터) → [B1] 대합실로 이동 → [B1] 표 내는 곳 통과탑승 → [B1] 13번 출구로 이동 → 13번 출입구 옆 엘리베이터 탑승 후 지상으로 이동(으)로 1개 층 올라가기 (B1 → 1F, 엘리베이터) → 12번 출입구 옆 엘리베이터(으)로 1개 층 내려가기 (1F → B1, 엘리베이터) → [B1] 대합실로 이동 → [B1] 서초 방면 엘리베이터 앞 표 내는 곳 통과 → 서초 방면 엘리베이터(으)로 1개 층 내려가기 (B1 → B2, 엘리베이터) → [B2] 서초 방면 승강장으로 이동 → [B2] 승차 (휠체어칸)"
S1_3_0068,3호선,교대,3호선,남부터미널,2호선,강남,B3 → B1 → 1F → B1 → B2,12,4,0,"[B3] 3호선 남부터미널 방면 승강장 하차 → 대합실 방향 엘리베이터(으)로 2개 층 올라가기 (B3 → B1, 엘리베이터) → [B1] 대합실로 이동 → [B1] 표 내는 곳 통과탑승 → [B1] 13번 출구로 이동 → 13번 출입구 옆 엘리베이터 탑승 후 지상으로 이동(으)로 1개 층 올라가기 (B1 → 1F, 엘리베이터) → 12번 출입구 옆 엘리베이터(으)로 1개 층 내려가기 (1F → B1, 엘리베이터) → [B1] 대합실로 이동 → [B1] 강남 방면 엘리베이터 앞 표 내는 곳 통과 → 강남 방면 엘리베이터(으)로 1개 층 내려가기 (B1 → B2, 엘리베이터) → [B2] 강남 방면 승강장으로 이동 → [B2] 승차 (휠체어칸)"
S1_3_0068,3호선,교대,3호선,남부터미널,2호선,서초,B3 → B1 → 1F → B1 → B2,12,4,0,"[B3] 3호선 남부터미널 방면 승강장 하차 → 대합실 방향 엘리베이터(으)로 2개 층 올라가기 (B3 → B1, 엘리베이터) → [B1] 대합실로 이동 → [B1] 표 내는 곳 통과탑승 → [B1] 13번 출구로 이동 → 13번 출입구 옆 엘리베이터 탑승 후 지상으로 이동(으)로 1개 층 올라가기 (B1 → 1F, 엘리베이터) → 12번 출입구 옆 엘리베이터(으)로 1개 층 내려가기 (1F → B1, 엘리베이터) → [B1] 대합실로 이동 → [B1] 서초 방면 엘리베이터 앞 표 내는 곳 통과 → 서초 방면 엘리베이터(으)로 1개 층 내려가기 (B1 → B2, 엘리베이터) → [B2] 서초 방면 승강장으로 이동 → [B2] 승차 (휠체어칸)"
S1_3_0400,3호선,양재,3호선,남부터미널,신분당선,강남,B2 → B3 → B4,7,2,0,"[B2] 3호선 남부터미널 방면 승강장 하차 → 신분당선 방향 환승 엘리베이터(으)로 1개 층 내려가기 (B2 → B3, 엘리베이터) → [B3] 환승통로로 이동 → [B3] 신분당선 대합실 표 내는 곳 통과 → 강남 방면 엘리베이터(으)로 1개 층 내려가기 (B3 → B4, 엘리베이터) → [B4] 신분당선 강남 방면 승강장으로 이동 → [B4] 승차 (휠체어칸)"
S1_3_0400,3호선,양재,3호선,남부터미널,신분당선,양재시민의숲,B2 → B3 → B4,7,2,0,"[B2] 3호선 남부터미널 방면 승강장 하차 → 신분당선 방향 환승 엘리베이터(으)로 1개 층 내려가기 (B2 → B3, 엘리베이터) → [B3] 환승통로로 이동 → [B3] 신분당선 대합실 표 내는 곳 통과 → 양재시민의숲 방면 엘리베이터(으)로 1개 층 내려가기 (B3 → B4, 엘리베이터) → [B4] 신분당선 양재시민의숲 방면 승강장으로 이동 → [B4] 승차 (휠체어칸)"
S1_3_0400,3호선,양재,3호선,매봉,신분당선,강남,B2 → B3 → B4,7,2,0,"[B2] 3호선 매봉 방면 승강장 하차 → 신분당선 방향 환승 엘리베이터(으)로 1개 층 내려가기 (B2 → B3, 엘리베이터) → [B3] 환승통로로 이동 → [B3] 신분당선 대합실 표 내는 곳 통과 → 강남 방면 엘리베이터(으)로 1개 층 내려가기 (B3 → B4, 엘리베이터) → [B4] 신분당선 강남 방면 승강장으로 이동 → [B4] 승차 (휠체어칸)"
S1_3_0400,3호선,양재,3호선,매봉,신분당선,양재시민의숲,B2 → B3 → B4,7,2,0,"[B2] 3호선 매봉 방면 승강장 하차 → 신분당선 방향 환승 엘리베이터(으)로 1개 층 내려가기 (B2 → B3, 엘리베이터) → [B3] 환승통로로 이동 → [B3] 신분당선 대합실 표 내는 곳 통과 → 양재시민의숲 방면 엘리베이터(으)로 1개 층 내려가기 (B3 → B4, 엘리베이터) → [B4] 신분당선 양재시민의숲 방면 승강장으로 이동 → [B4] 승차 (휠체어칸)"
S1_3_0142,3호선,도곡,3호선,매봉,수인분당선,한티,B4 → B6,4,1,0,"[B4] 3호선 매봉 방면 승강장 하차 → 수인분당선 방향 환승 엘리베이터(으)로 2개 층 내려가기 (B4 → B6, 엘리베이터) → [B6] 수인분당선 한티 방면 승강장으로 이동 → [B6] 승차 (휠체어칸)"
S1_3_0142,3호선,도곡,3호선,매봉,수인분당선,구룡,B4 → B6,4,1,0,"[B4] 3호선 매봉 방면 승강장 하차 → 수인분당선 방향 환승 엘리베이터(으)로 2개 층 내려가기 (B4 → B6, 엘리베이터) → [B6] 수인분당선 구룡 방면 승강장으로 이동 → [B6] 승차 (휠체어칸)"
S1_3_0142,3호선,도곡,3호선,대치,수인분당선,한티,B4 → B6,4,1,0,"[B4] 3호선 대치 방면 승강장 하차 → 수인분당선 방향 환승 엘리베이터(으)로 2개 층 내려가기 (B4 → B6, 엘리베이터) → [B6] 수인분당선 한티 방면 승강장으로 이동 → [B6] 승차 (휠체어칸)"
S1_3_0142,3호선,도곡,3호선,대치,수인분당선,구룡,B4 → B6,4,1,0,"[B4] 3호선 대치 방면 승강장 하차 → 수인분당선 방향 환승 엘리베이터(으)로 2개 층 내려가기 (B4 → B6, 엘리베이터) → [B6] 수인분당선 구룡 방면 승강장으로 이동 → [B6] 승차 (휠체어칸)"
S1_3_0337,3호선,수서,3호선,일원,수인분당선,대모산입구,B2 → B3 → B4,7,1,0,"[B2] 3호선 일원 방면 승강장 하차 → 수인분당선 환승통로 방향 휠체어리프트(으)로 1개 층 내려가기 (B2 → B3, 휠체어리프트) → [B3] 환승통로로 이동 → [B3] 수인분당선 대합실로 이동 → 수인분당선 대모산입구 방면 엘리베이터(으)로 1개 층 내려가기 (B3 → B4, 엘리베이터) → [B4] 수인분당선 대모산입구 방면 승강장으로 이동 → [B4] 승차 (휠체어칸)"
S1_3_0337,3호선,수서,3호선,일원,수인분당선,복정,B2 → B3 → B4,7,1,0,"[B2] 3호선 일원 방면 승강장 하차 → 수인분당선 환승통로 방향 휠체어리프트(으)로 1개 층 내려가기 (B2 → B3, 휠체어리프트) → [B3] 환승통로로 이동 → [B3] 수인분당선 대합실로 이동 → 수인분당선 복정 방면 엘리베이터(으)로 1개 층 내려가기 (B3 → B4, 엘리베이터) → [B4] 수인분당선 복정 방면 승강장으로 이동 → [B4] 승차 (휠체어칸)"
S1_3_0337,3호선,수서,3호선,가락시장,수인분당선,대모산입구,B2 → B3 → B4,7,1,0,"[B2] 3호선 가락시장 방면 승강장 하차 → 수인분당선 환승통로 방향 휠체어리프트(으)로 1개 층 내려가기 (B2 → B3, 휠체어리프트) → [B3] 환승통로로 이동 → [B3] 수인분당선 대합실로 이동 → 수인분당선 대모산입구 방면 엘리베이터(으)로 1개 층 내려가기 (B3 → B4, 엘리베이터) → [B4] 수인분당선 대모산입구 방면 승강장으로 이동 → [B4] 승차 (휠체어칸)"
S1_3_0337,3호선,수서,3호선,가락시장,수인분당선,복정,B2 → B3 → B4,7,1,0,"[B2] 3호선 가락시장 방면 승강장 하차 → 수인분당선 환승통로 방향 휠체어리프트(으)로 1개 층 내려가기 (B2 → B3, 휠체어리프트) → [B3] 환승통로로 이동 → [B3] 수인분당선 대합실로 이동 → 수인분당선 복정 방면 엘리베이터(으)로 1개 층 내려가기 (B3 → B4, 엘리베이터) → [B4] 수인분당선 복정 방면 승강장으로 이동 → [B4] 승차 (휠체어칸)"
S1_3_0003,3호선,가락시장,3호선,수서,8호선,송파,B4 → B3 → B2,7,2,0,"[B4] 3호선 수서 방면 승강장 하차 → 대합실 방향 엘리베이터(으)로 1개 층 올라가기 (B4 → B3, 엘리베이터) → [B3] 대합실로 이동 → [B3] 8호선 방향 환승통로로 이동 → 8호선 송파 방면 엘리베이터(으)로 1개 층 올라가기 (B3 → B2, 엘리베이터) → [B2] 8호선 송파 방면 승강장으로 이동 → [B2] 승차 (휠체어칸)"
S1_3_0003,3호선,가락시장,3호선,수서,8호선,문정,B4 → B3 → B2,7,2,0,"[B4] 3호선 수서 방면 승강장 하차 → 대합실 방향 엘리베이터(으)로 1개 층 올라가기 (B4 → B3, 엘리베이터) → [B3] 대합실로 이동 → [B3] 8호선 방향 환승통로로 이동 → 8호선 문정 방면 엘리베이터(으)로 1개 층 올라가기 (B3 → B2, 엘리베이터) → [B2] 8호선 문정 방면 승강장으로 이동 → [B2] 승차 (휠체어칸)"
S1_3_0003,3호선,가락시장,3호선,경찰병원,8호선,송파,B4 → B3 → B2,7,2,0,"[B4] 3호선 경찰병원 방면 승강장 하차 → 대합실 방향 엘리베이터(으)로 1개 층 올라가기 (B4 → B3, 엘리베이터) → [B3] 대합실로 이동 → [B3] 8호선 방향 환승통로로 이동 → 8호선 송파 방면 엘리베이터(으)로 1개 층 올라가기 (B3 → B2, 엘리베이터) → [B2] 8호선 송파 방면 승강장으로 이동 → [B2] 승차 (휠체어칸)"
S1_3_0003,3호선,가락시장,3호선,경찰병원,8호선,문정,B4 → B3 → B2,7,2,0,"[B4] 3호선 경찰병원 방면 승강장 하차 → 대합실 방향 엘리베이터(으)로 1개 층 올라가기 (B4 → B3, 엘리베이터) → [B3] 대합실로 이동 → [B3] 8호선 방향 환승통로로 이동 → 8호선 문정 방면 엘리베이터(으)로 1개 층 올라가기 (B3 → B2, 엘리베이터) → [B2] 8호선 문정 방면 승강장으로 이동 → [B2] 승차 (휠체어칸)"
S1_3_0426,3호선,오금,3호선,3호선 오금역(종착역) 승강장,5호선,방이,B4 → B3 → B2,7,2,0,"[B4] 3호선 오금역(종착역) 승강장 하차 → 대합실 방향 엘리베이터(으)로 1개 층 올라가기 (B4 → B3, 엘리베이터) → [B3] 대합실로 이동 → [B3] 5호선 방향 환승통로로 이동 → 5호선 방이 방면 엘리베이터(으)로 1개 층 올라가기 (B3 → B2, 엘리베이터) → [B2] 5호선 방이 방면 승강장으로 이동 → [B2] 승차 (휠체어칸)"
S1_3_0426,3호선,오금,3호선,3호선 오금역(종착역) 승강장,5호선,개롱,B4 → B3 → B2,7,2,0,"[B4] 3호선 오금역(종착역) 방면 승강장 하차 → 대합실 방향 엘리베이터(으)로 1개 층 올라가기 (B4 → B3, 엘리베이터) → [B3] 대합실로 이동 → [B3] 5호선 방향 환승통로로 이동 → 5호선 개롱 방면 엘리베이터(으)로 1개 층 올라가기 (B3 → B2, 엘리베이터) → [B2] 5호선 개롱 방면 승강장으로 이동 → [B2] 승차 (휠체어칸)"
S1_3_0426,3호선,오금,3호선,3호선 경찰병원 승강장,5호선,방이,B4 → B3 → B2,7,2,0,"[B4] 3호선 경찰병원 승강장 이동 → 대합실 방향 엘리베이터(으)로 1개 층 올라가기 (B4 → B3, 엘리베이터) → [B3] 대합실로 이동 → [B3] 5호선 방향 환승통로로 이동 → 5호선 방이 방면 엘리베이터(으)로 1개 층 올라가기 (B3 → B2, 엘리베이터) → [B2] 5호선 방이 방면 승강장으로 이동 → [B2] 승차 (휠체어칸)"
S1_3_0426,3호선,오금,3호선,3호선 경찰병원 승강장,5호선,개롱,B4 → B3 → B2,7,2,0,"[B4] 3호선 경찰병원 승강장 이동 → 대합실 방향 엘리베이터(으)로 1개 층 올라가기 (B4 → B3, 엘리베이터) → [B3] 대합실로 이동 → [B3] 5호선 방향 환승통로로 이동 → 5호선 개롱 방면 엘리베이터(으)로 1개 층 올라가기 (B3 → B2, 엘리베이터) → [B2] 5호선 개롱 방면 승강장으로 이동 → [B2] 승차 (휠체어칸)"
S1_4_0115,4호선,노원,4호선,상계,7호선,마들,3F → 2F → 1F → B1 → B3,11,4,0,"[3F] 4호선 상계 방면 승강장 하차 → 4호선 대합실 방향 엘리베이터(으)로 1개 층 내려가기 (3F → 2F, 엘리베이터) → [2F] 4호선 대합실 이동 → [2F] 표 내는곳 통과 → 4호선 2번 출입구 옆 엘리베이터(으)로 1개 층 내려가기 (2F → 1F, 엘리베이터) → [1F] 7호선 3번 출입구 옆 엘리베이터 이동 → 3번 출입구 옆 엘리베이터(으)로 1개 층 내려가기 (1F → B1, 엘리베이터) → [B1] 7호선 대합실 이동 → 7호선 승강장 방향 엘리베이터(으)로 2개 층 내려가기 (B1 → B3, 엘리베이터) → [B3] 7호선 마들 방면 승강장 이동 → [B3] 승차(휠체어칸)"
S1_4_0115,4호선,노원,4호선,상계,7호선,중계,3F → 2F → 1F → B1 → B3,11,4,0,"[3F] 4호선 상계 방면 승강장 하차 → 4호선 대합실 방향 엘리베이터(으)로 1개 층 내려가기 (3F → 2F, 엘리베이터) → [2F] 4호선 대합실 이동 → [2F] 표 내는곳 통과 → 4호선 2번 출입구 옆 엘리베이터(으)로 1개 층 내려가기 (2F → 1F, 엘리베이터) → [1F] 7호선 3번 출입구 옆 엘리베이터 이동 → 3번 출입구 옆 엘리베이터(으)로 1개 층 내려가기 (1F → B1, 엘리베이터) → [B1] 7호선 대합실 이동 → 7호선 승강장 방향 엘리베이터(으)로 2개 층 내려가기 (B1 → B3, 엘리베이터) → [B3] 7호선 중계 방면 승강장 이동 → [B3] 승차(휠체어칸)"
S1_4_0115,4호선,노원,4호선,창동,7호선,마들,3F → 2F → 1F → B1 → B3,11,4,0,"[3F] 4호선 창동 방면 승강장 하차 → 4호선 대합실 방향 엘리베이터(으)로 1개 층 내려가기 (3F → 2F, 엘리베이터) → [2F] 4호선 대합실 이동 → [2F] 표 내는곳 통과 → 4호선 2번 출입구 옆 엘리베이터(으)로 1개 층 내려가기 (2F → 1F, 엘리베이터) → [1F] 7호선 3번 출입구 옆 엘리베이터 이동 → 3번 출입구 옆 엘리베이터(으)로 1개 층 내려가기 (1F → B1, 엘리베이터) → [B1] 7호선 대합실 이동 → 7호선 승강장 방향 엘리베이터(으)로 2개 층 내려가기 (B1 → B3, 엘리베이터) → [B3] 7호선 마들 방면 승강장 이동 → [B3] 승차(휠체어칸)"
S1_4_0115,4호선,노원,4호선,창동,7호선,중계,3F → 2F → 1F → B1 → B3,11,4,0,"[3F] 4호선 창동 방면 승강장 하차 → 4호선 대합실 방향 엘리베이터(으)로 1개 층 내려가기 (3F → 2F, 엘리베이터) → [2F] 4호선 대합실 이동 → [2F] 표 내는곳 통과 → 4호선 2번 출입구 옆 엘리베이터(으)로 1개 층 내려가기 (2F → 1F, 엘리베이터) → [1F] 7호선 3번 출입구 옆 엘리베이터 이동 → 3번 출입구 옆 엘리베이터(으)로 1개 층 내려가기 (1F → B1, 엘리베이터) → [B1] 7호선 대합실 이동 → 7호선 승강장 방향 엘리베이터(으)로 2개 층 내려가기 (B1 → B3, 엘리베이터) → [B3] 7호선 중계 방면 승강장 이동 → [B3] 승차(휠체어칸)"
S1_4_0541,4호선,창동,4호선,4호선 노원,1호선,방학,3F → 2F → 3F → 1F,8,3,0,"[3F] 4호선 노원 방면 승강장 하차 → 대합실 방향 엘리베이터(으)로 1개 층 내려가기 (3F → 2F, 엘리베이터) → [2F] 대합실로 이동 → 쌍문 방면 엘리베이터(으)로 1개 층 올라가기 (2F → 3F, 엘리베이터) → [3F] 4호선 쌍문 방면 승강장으로 이동 → 녹천 방면 엘리베이터(으)로 2개 층 내려가기 (3F → 1F, 엘리베이터) → [1F] 1호선 녹천 방면 승강장으로 이동 → [1F] 승차(휠체어칸"
S1_4_0541,4호선,창동,4호선,4호선 노원,1호선,녹천,3F → 2F → 3F → 1F,8,3,0,"[3F] 4호선 노원 방면 승강장 하차 → 대합실 방향 엘리베이터(으)로 1개 층 내려가기 (3F → 2F, 엘리베이터) → [2F] 대합실로 이동 → 쌍문 방면 엘리베이터(으)로 1개 층 올라가기 (2F → 3F, 엘리베이터) → [3F] 4호선 쌍문 방면 승강장으로 이동 → 방학 방면 엘리베이터(으)로 2개 층 내려가기 (3F → 1F, 엘리베이터) → [1F] 1호선 방학 방면 승강장으로 이동 → [1F] 승차(휠체어칸"
S1_4_0541,4호선,창동,4호선,쌍문,1호선,방학,3F → 1F,5,1,0,"[3F] 4호선 쌍문 방면 승강장 하차 → 방학 방면 엘리베이터(으)로 2개 층 내려가기 (3F → 1F, 엘리베이터) → [1F] 1호선 방학 방면 승강장으로 이동 → [1F] 승차(휠체어칸) → [1F] 승차 (휠체어칸)"
S1_4_0541,4호선,창동,4호선,쌍문,1호선,녹천,3F → 1F,4,1,0,"[3F] 4호선 쌍문 방면 승강장 하차 → 방학 방면 엘리베이터(으)로 2개 층 내려가기 (3F → 1F, 엘리베이터) → [1F] 1호선 녹천 방면 승강장으로 이동 → [1F] 승차(휠체어칸)"
S1_4_0315,4호선,성신여대입구,4호선,길음,우이신설선,정릉,B2 → B4,5,1,0,"[B2] 4호선 길음 방면 승강장 하차 → [B2] 우이신설선 대합실로 이동 → 우이신설선 정릉 방면 엘리베이터(으)로 2개 층 내려가기 (B2 → B4, 엘리베이터) → [B4] 우이신설선 정릉 방면 승강장으로 이동 → [B4] 승차 (휠체어칸)"
S1_4_0315,4호선,성신여대입구,4호선,길음,우이신설선,보문,B2 → B4,5,1,0,"[B2] 4호선 길음 방면 승강장 하차 → [B2] 우이신설선 대합실로 이동 → 우이신설선 보문 방면 엘리베이터(으)로 2개 층 내려가기 (B2 → B4, 엘리베이터) → [B4] 우이신설선 보문 방면 승강장으로 이동 → [B4] 승차 (휠체어칸)"
S1_4_0315,4호선,성신여대입구,4호선,한성대입구,우이신설선,정릉,B2 → B4 → B2 → B4,10,3,0,"[B2] 4호선 한성대입구 방면 승강장 하차 → [B2] 환승통로로 이동 → 우이신설선 방향 환승 엘리베이터(으)로 2개 층 내려가기 (B2 → B4, 엘리베이터) → [B4] 환승통로로 이동 → [B4] 우이신설선 보문 방면 승강장으로 이동 → 대합실 방향 엘리베이터(으)로 2개 층 올라가기 (B4 → B2, 엘리베이터) → [B2] 대합실로 이동 → 우이신설선 정릉 방면 엘리베이터(으)로 2개 층 내려가기 (B2 → B4, 엘리베이터) → [B4] 우이신설선 정릉 방면 승강장으로 이동 → [B4] 승차 (휠체어칸)"
S1_4_0315,4호선,성신여대입구,4호선,한성대입구,우이신설선,보문,B2 → B4,6,1,0,"[B2] 4호선 한성대입구 방면 승강장 하차 → [B2] 환승통로로 이동 → 우이신설선 방향 환승 엘리베이터(으)로 2개 층 내려가기 (B2 → B4, 엘리베이터) → [B4] 환승통로로 이동 → [B4] 우이신설선 보문 방면 승강장으로 이동 → [B4] 승차 (휠체어칸)"
S1_4_0155,4호선,동대문,4호선,혜화,1호선,동묘앞,B4 → B1 → B2,7,2,0,"[B4] 혜화 방면 승강장 하차 → 대합실 방향 엘리베이터(으)로 3개 층 올라가기 (B4 → B1, 엘리베이터) → [B1] 대합실로 이동 → [B1] 1호선 방향 환승통로로 이동 → 동묘앞 방면 엘리베이터(으)로 1개 층 내려가기 (B1 → B2, 엘리베이터) → [B2] 동묘앞 방면 승강장으로 이동 → [B2] 승차 (1-4, 4-1 휠체어칸)"
S1_4_0155,4호선,동대문,4호선,혜화,1호선,종로5가,B4 → B1 → B2,7,2,0,"[B4] 혜화 방면 승강장 하차 → 대합실 방향 엘리베이터(으)로 3개 층 올라가기 (B4 → B1, 엘리베이터) → [B1] 대합실로 이동 → [B1] 1호선 방향 환승통로로 이동 → 종로5가 방면 엘리베이터(으)로 1개 층 내려가기 (B1 → B2, 엘리베이터) → [B2] 종로5가 방면 승강장으로 이동 → [B2] 승차 (1-4, 4-1 휠체어칸)"
S1_4_0155,4호선,동대문,4호선,동대문역사문화공원,1호선,동묘앞,B4 → B1 → B2,7,2,0,"[B4] 동대문역사문화공원 방면 승강장 하차 → 대합실 방향 엘리베이터(으)로 3개 층 올라가기 (B4 → B1, 엘리베이터) → [B1] 대합실로 이동 → [B1] 1호선 방향 환승통로로 이동 → 동묘앞 방면 엘리베이터(으)로 1개 층 내려가기 (B1 → B2, 엘리베이터) → [B2] 동묘앞 방면 승강장으로 이동 → [B2] 승차 (1-4, 4-1 휠체어칸)"
S1_4_0155,4호선,동대문,4호선,동대문역사문화공원,1호선,종로5가,B4 → B1 → B2,7,2,0,"[B4] 동대문역사문화공원 방면 승강장 하차 → 대합실 방향 엘리베이터(으)로 3개 층 올라가기 (B4 → B1, 엘리베이터) → [B1] 대합실로 이동 → [B1] 1호선 방향 환승통로로 이동 → 종로5가 방면 엘리베이터(으)로 1개 층 내려가기 (B1 → B2, 엘리베이터) → [B2] 종로5가 방면 승강장으로 이동 → [B2] 승차 (1-4, 4-1 휠체어칸)"
S1_4_0156,4호선,동대문역사문화공원,4호선,동대문,2호선,을지로4가,B3 → B1 → B2,7,2,0,"[B3] 4호선 동대문 방면 승강장 하차 → 대합실 방향 엘리베이터(으)로 2개 층 올라가기 (B3 → B1, 엘리베이터) → [B1] 대합실로 이동 → [B1] 2호선 대합실로 이동 → 2호선 을지로4가 방면 엘리베이터(으)로 1개 층 내려가기 (B1 → B2, 엘리베이터) → [B2] 2호선 을지로4가 방면 승강장으로 이동 → [B2] 승차 (휠체어칸)"
S1_4_0156,4호선,동대문역사문화공원,4호선,동대문,2호선,신당,B3 → B1 → B2,7,2,0,"[B3] 4호선 동대문 방면 승강장 하차 → 대합실 방향 엘리베이터(으)로 2개 층 올라가기 (B3 → B1, 엘리베이터) → [B1] 대합실로 이동 → [B1] 2호선 대합실로 이동 → 2호선 신당 방면 엘리베이터(으)로 1개 층 내려가기 (B1 → B2, 엘리베이터) → [B2] 2호선 신당 방면 승강장으로 이동 → [B2] 승차 (휠체어칸)"
S1_4_0156,4호선,동대문역사문화공원,4호선,충무로,2호선,을지로4가,B3 → B1 → B2,7,2,0,"[B3] 4호선 충무로 방면 승강장 하차 → 대합실 방향 엘리베이터(으)로 2개 층 올라가기 (B3 → B1, 엘리베이터) → [B1] 대합실로 이동 → [B1] 2호선 대합실로 이동 → 2호선 을지로4가 방면 엘리베이터(으)로 1개 층 내려가기 (B1 → B2, 엘리베이터) → [B2] 2호선 을지로4가 방면 승강장으로 이동 → [B2] 승차 (휠체어칸)"
S1_4_0156,4호선,동대문역사문화공원,4호선,충무로,2호선,신당,B3 → B1 → B2,7,2,0,"[B3] 4호선 충무로 방면 승강장 하차 → 대합실 방향 엘리베이터(으)로 2개 층 올라가기 (B3 → B1, 엘리베이터) → [B1] 대합실로 이동 → [B1] 2호선 대합실로 이동 → 2호선 신당 방면 엘리베이터(으)로 1개 층 내려가기 (B1 → B2, 엘리베이터) → [B2] 2호선 신당 방면 승강장으로 이동 → [B2] 승차 (휠체어칸)"
S1_4_0156,4호선,동대문역사문화공원,4호선,동대문,5호선,을지로4가,B3 → B5,4,1,0,"[B3] 4호선 동대문 방면 승강장 하차 → 5호선 방향 환승 엘리베이터(으)로 2개 층 내려가기 (B3 → B5, 엘리베이터) → [B5] 5호선 을지로4가 방면 승강장으로 이동 → [B5] 승차 (휠체어칸)"
S1_4_0156,4호선,동대문역사문화공원,4호선,동대문,5호선,청구,B3 → B5,4,1,0,"[B3] 4호선 동대문 방면 승강장 하차 → 5호선 방향 환승 엘리베이터(으)로 2개 층 내려가기 (B3 → B5, 엘리베이터) → [B5] 5호선 청구 방면 승강장으로 이동 → [B5] 승차 (휠체어칸)"
S1_4_0156,4호선,동대문역사문화공원,4호선,충무로,5호선,을지로4가,B3 → B5,4,1,0,"[B3] 4호선 충무로 방면 승강장 하차 → 5호선 방향 환승 엘리베이터(으)로 2개 층 내려가기 (B3 → B5, 엘리베이터) → [B5] 5호선 을지로4가 방면 승강장으로 이동 → [B5] 승차 (휠체어칸)"
S1_4_0156,4호선,동대문역사문화공원,4호선,충무로,5호선,청구,B3 → B5,4,1,0,"[B3] 4호선 충무로 방면 승강장 하차 → 5호선 방향 환승 엘리베이터(으)로 2개 층 내려가기 (B3 → B5, 엘리베이터) → [B5] 5호선 청구 방면 승강장으로 이동 → [B5] 승차 (휠체어칸)"
S1_4_0563,4호선,충무로,4호선,동대문역사문화공원,3호선,을지로3가,B3 → B2 → B4,6,2,0,"[B3] 4호선 동대문역사문화공원 방면 승강장 하차 → 대합실 방향 엘리베이터(으)로 1개 층 올라가기 (B3 → B2, 엘리베이터) → [B2] 대합실로 이동 → 3호선 승강장 방향 엘리베이터(으)로 2개 층 내려가기 (B2 → B4, 엘리베이터) → [B4] 3호선 을지로3가 방면 승강장으로 이동 → [B4] 승차 (휠체어칸)"
S1_4_0563,4호선,충무로,4호선,동대문역사문화공원,3호선,동대입구,B3 → B2 → B4,6,2,0,"[B3] 4호선 동대문역사문화공원 방면 승강장 하차 → 대합실 방향 엘리베이터(으)로 1개 층 올라가기 (B3 → B2, 엘리베이터) → [B2] 대합실로 이동 → 3호선 승강장 방향 엘리베이터(으)로 2개 층 내려가기 (B2 → B4, 엘리베이터) → [B4] 3호선 동대입구 방면 승강장으로 이동 → [B4] 승차 (휠체어칸)"
S1_4_0563,4호선,충무로,4호선,명동,3호선,을지로 3가,B3 → B4,4,1,0,"[B3] 4호선 명동 방면 승강장 하차 → 4호선 명동역 방면 승강장 7-2 출입문 앞 엘리베이터(으)로 1개 층 내려가기 (B3 → B4, 엘리베이터) → [B4] 3호선 을지로3가 방면 승강장으로 이동 → [B4] 승차 (휠체어칸)"
S1_4_0563,4호선,충무로,4호선,명동,3호선,동대입구,B3 → B4,4,1,0,"[B3] 4호선 명동 방면 승강장 하차 → 4호선 명동역 방면 승강장 7-2 출입문 앞 엘리베이터(으)로 1개 층 내려가기 (B3 → B4, 엘리베이터) → [B4] 3호선 동대입구 방면 승강장으로 이동 → [B4] 승차 (휠체어칸)"
S1_4_0296,4호선,서울역,4호선,회현,1호선,시청,B2 → B1 → B2,8,2,0,"[B2] 4호선 회현 방면 승강장 하차 → 대합실 방향 엘리베이터(으)로 1개 층 올라가기 (B2 → B1, 엘리베이터) → [B1] 대합실로 이동 → [B1] 1호선 방향 환승통로로 이동 → [B1] 1호선 대합실로 이동 → 1호선 승강장 방향 엘리베이터(으)로 1개 층 내려가기 (B1 → B2, 엘리베이터) → [B2] 1호선 시청 방면 승강장으로 이동 → [B2] 승차 (휠체어칸)"
S1_4_0296,4호선,서울역,4호선,회현,1호선,남영,B2 → B1 → B2,8,2,0,"[B2] 4호선 회현 방면 승강장 하차 → 대합실 방향 엘리베이터(으)로 1개 층 올라가기 (B2 → B1, 엘리베이터) → [B1] 대합실로 이동 → [B1] 1호선 방향 환승통로로 이동 → [B1] 1호선 대합실로 이동 → 1호선 승강장 방향 엘리베이터(으)로 1개 층 내려가기 (B1 → B2, 엘리베이터) → [B2] 1호선 남영 방면 승강장으로 이동 → [B2] 승차 (휠체어칸)"
S1_4_0296,4호선,서울역,4호선,숙대입구,1호선,시청,B2 → B1 → B2,8,2,0,"[B2] 4호선 숙대입구 방면 승강장 하차 → 대합실 방향 엘리베이터(으)로 1개 층 올라가기 (B2 → B1, 엘리베이터) → [B1] 대합실로 이동 → [B1] 1호선 방향 환승통로로 이동 → [B1] 1호선 대합실로 이동 → 1호선 승강장 방향 엘리베이터(으)로 1개 층 내려가기 (B1 → B2, 엘리베이터) → [B2] 1호선 시청 방면 승강장으로 이동 → [B2] 승차 (휠체어칸)"
S1_4_0296,4호선,서울역,4호선,숙대입구,1호선,남영,B2 → B1 → B2,8,2,0,"[B2] 4호선 숙대입구 방면 승강장 하차 → 대합실 방향 엘리베이터(으)로 1개 층 올라가기 (B2 → B1, 엘리베이터) → [B1] 대합실로 이동 → [B1] 1호선 방향 환승통로로 이동 → [B1] 1호선 대합실로 이동 → 1호선 승강장 방향 엘리베이터(으)로 1개 층 내려가기 (B1 → B2, 엘리베이터) → [B2] 1호선 남영 방면 승강장으로 이동 → [B2] 승차 (휠체어칸)"
S1_4_0296,4호선,서울역,4호선,회현,경의중앙선,신촌,B2 → 1F → 2F → 1F,10,2,0,"[B2] 4호선 회현 방면 승강장 하차 → [B2] 엘리베이터로 (B1) 대합실로 이동 → [B2] 1호선 방향 환승통로로 이동 → [B2] 2번출구 외부 1호기 엘리베이터로 이동 → [B2] 외부 1호기 엘리베이터로 (1F) 지상 이동 → 회현방면 승강장 9-1 부근 엘리베이터(으)로 2개 층 올라가기 (B2 → 1F, 엘리베이터) → [1F] 지상에서 (2F) 경의중앙선 역사로 이동 (경의중앙선에서는 지상 대합실을 2층, 승강장을 1층으로 구분) → 경의중앙선 역사에서 승강장 엘리베이터(으)로 1개 층 내려가기 (2F → 1F, 엘리베이터) → [1F] 경의중앙선 신촌 방면 승강장으로 이동 → [1F] 승차(휠체어칸)"
S1_4_0296,4호선,서울역,4호선,숙대입구,경의중앙선,신촌,B2 → 1F → 2F → 1F,10,2,0,"[B2] 4호선 숙대입구 방면 승강장 하차 → [B2] 엘리베이터로 (B1) 대합실로 이동 → [B2] 1호선 방향 환승통로로 이동 → [B2] 2번출구 외부 1호기 엘리베이터로 이동 → [B2] 외부 1호기 엘리베이터로 (1F) 지상 이동 → 숙대입구 방면 승강장 2-3 부근 엘리베이터(으)로 2개 층 올라가기 (B2 → 1F, 엘리베이터) → [1F] 지상에서 (2F) 경의중앙선 역사로 이동 (경의중앙선에서는 지상 대합실을 2층, 승강장을 1층으로 구분) → 경의중앙선 역사에서 승강장 엘리베이터(으)로 1개 층 내려가기 (2F → 1F, 엘리베이터) → [1F] 경의중앙선 신촌 방면 승강장으로 이동 → [1F] 승차(휠체어칸)"
S1_4_0296,4호선,서울역,4호선,회현,,공항철도 공덕,B2 → B1 → B3 → B7,11,3,0,"[B2] 4호선 회현 방면 승강장 하차 → 대합실 방향 엘리베이터(으)로 1개 층 올라가기 (B2 → B1, 엘리베이터) → [B1] 대합실로 이동 → [B1] 공항철도 방향 대합실로 이동 → 공항철도 방향 엘리베이터(으)로 2개 층 내려가기 (B1 → B3, 엘리베이터) → [B3] 환승 대합실로 이동 → [B3] 공항철도 방향 환승통로로 이동 → [B3] 공항철도 대합실로 이동 → 공항철도 공덕 방면 엘리베이터(으)로 4개 층 내려가기 (B3 → B7, 엘리베이터) → [B7] 공항철도 공덕 방면 승강장으로 이동 → [B7] 승차 (휠체어칸)"
S1_4_0296,4호선,서울역,4호선,숙대입구,,공항철도 공덕,B2 → B1 → B3 → B7,11,3,0,"[B2] 4호선 숙대입구 방면 승강장 하차 → 대합실 방향 엘리베이터(으)로 1개 층 올라가기 (B2 → B1, 엘리베이터) → [B1] 대합실로 이동 → [B1] 공항철도 방향 대합실로 이동 → 공항철도 방향 엘리베이터(으)로 2개 층 내려가기 (B1 → B3, 엘리베이터) → [B3] 환승 대합실로 이동 → [B3] 공항철도 방향 환승통로로 이동 → [B3] 공항철도 대합실로 이동 → 공항철도 공덕 방면 엘리베이터(으)로 4개 층 내려가기 (B3 → B7, 엘리베이터) → [B7] 공항철도 공덕 방면 승강장으로 이동 → [B7] 승차 (휠체어칸)"
S1_4_0263,4호선,삼각지,4호선,숙대입구,6호선,효창공원앞,B2 → B3 → B4,5,1,0,"[B2] 4호선 숙대입구 방면 승강장 하차 → [B3] 6호선 방향 환승통로로 이동 → 6호선 승강장 방향 엘리베이터(으)로 1개 층 내려가기 (B3 → B4, 엘리베이터) → [B4] 6호선 효창공원앞 방면 승강장으로 이동 → [B4] 승차 (휠체어칸)"
S1_4_0263,4호선,삼각지,4호선,숙대입구,6호선,녹사평,B2 → B3 → B4,5,1,0,"[B2] 4호선 숙대입구 방면 승강장 하차 → [B3] 6호선 방향 환승통로로 이동 → 6호선 승강장 방향 엘리베이터(으)로 1개 층 내려가기 (B3 → B4, 엘리베이터) → [B4] 6호선 녹사평 방면 승강장으로 이동 → [B4] 승차 (휠체어칸)"
S1_4_0263,4호선,삼각지,4호선,신용산,6호선,효창공원앞,B2 → B3 → B4,5,0,0,"[B2] 4호선 신용산 방면 승강장 하차 → [B3] 6호선 방향 환승통로로 이동 → 6호선 승강장 방향 휠체어리프트(으)로 1개 층 내려가기 (B3 → B4, 휠체어리프트) → [B4] 6호선 효창공원앞 방면 승강장으로 이동 → [B4] 승차 (휠체어칸)"
S1_4_0263,4호선,삼각지,4호선,신용산,6호선,녹사평,B2 → B3 → B4,5,0,0,"[B2] 4호선 신용산 방면 승강장 하차 → [B3] 6호선 방향 환승통로로 이동 → 6호선 승강장 방향 휠체어리프트(으)로 1개 층 내려가기 (B3 → B4, 휠체어리프트) → [B4] 6호선 녹사평 방면 승강장으로 이동 → [B4] 승차 (휠체어칸)"
S1_4_0477,4호선,이촌,4호선,신용산,경의중앙선,용산,B2 → B1 → 1F,8,1,0,"[B2] 4호선 신용산 방면 승강장 하차 → [B1] 대합실로 이동 → 대합실 방향 엘리베이터(으)로 1개 층 올라가기 (B1 → 1F, 엘리베이터) → [1F] 환승통로로 이동 → [1F] 경의중앙선 대합실로 이동 → [1F] 경의중앙선 용산 방면 승강장으로 이동 → [1F] 승차 (휠체어칸) → 경의중앙선 용산 방면 엘리베이터 이용 (엘리베이터)"
S1_4_0477,4호선,이촌,4호선,신용산,경의중앙선,서빙고,B2 → B1 → 1F,5,1,0,"[B2] 4호선 신용산 방면 승강장 하차 → [B1] 대합실로 이동 → 경의중앙선 방향 서빙고 방면 엘리베이터(으)로 1개 층 올라가기 (B1 → 1F, 엘리베이터) → [1F] 경의중앙선 서빙고 방면 승강장으로 이동 → [1F] 승차 (휠체어칸"
S1_4_0477,4호선,이촌,4호선,동작,경의중앙선,용산,B2 → B1 → 1F,8,1,0,"[B2] 4호선 동작 방면 승강장 하차 → [B1] 대합실로 이동 → 대합실 방향 엘리베이터(으)로 1개 층 올라가기 (B1 → 1F, 엘리베이터) → [1F] 환승통로로 이동 → [1F] 경의중앙선 대합실로 이동 → [1F] 경의중앙선 용산 방면 승강장으로 이동 → [1F] 승차 (휠체어칸) → 경의중앙선 용산 방면 엘리베이터 이용 (엘리베이터)"
S1_4_0477,4호선,이촌,4호선,동작,경의중앙선,서빙고,B2 → B1 → 1F,5,1,0,"[B2] 4호선 동작 방면 승강장 하차 → [B1] 대합실로 이동 → 경의중앙선 방향 서빙고 방면 엘리베이터(으)로 1개 층 올라가기 (B1 → 1F, 엘리베이터) → [1F] 경의중앙선 서빙고 방면 승강장으로 이동 → [1F] 승차 (휠체어칸)"
S1_4_0167,4호선,동작,4호선,이촌,9호선,구반포,3F → 2F → B2 → B3,9,3,0,"[3F] 4호선 이촌 방면 승강장 하차 → 대합실 방향 엘리베이터(으)로 1개 층 내려가기 (3F → 2F, 엘리베이터) → [2F] 대합실로 이동 → [2F] 9호선 방향 환승통로로 이동 → 환승 엘리베이터(으)로 3개 층 내려가기 (2F → B2, 엘리베이터) → [B2] 9호선 대합실로 이동 → 9호선 구반포 방면 엘리베이터(으)로 1개 층 내려가기 (B2 → B3, 엘리베이터) → [B3] 9호선 구반포 방면 승강장으로 이동 → [B3] 승차 (휠체어칸)"
S1_4_0167,4호선,동작,4호선,이촌,9호선,흑석,3F → 2F → B2 → B3,9,3,0,"[3F] 4호선 이촌 방면 승강장 하차 → 대합실 방향 엘리베이터(으)로 1개 층 내려가기 (3F → 2F, 엘리베이터) → [2F] 대합실로 이동 → [2F] 9호선 방향 환승통로로 이동 → 환승 엘리베이터(으)로 3개 층 내려가기 (2F → B2, 엘리베이터) → [B2] 9호선 대합실로 이동 → 9호선 흑석 방면 엘리베이터(으)로 1개 층 내려가기 (B2 → B3, 엘리베이터) → [B3] 9호선 흑석 방면 승강장으로 이동 → [B3] 승차 (휠체어칸)"
S1_4_0167,4호선,동작,4호선,총신대입구,9호선,구반포,3F → 2F → B2 → B3,9,3,0,"[3F] 4호선 총신대입구 방면 승강장 하차 → 대합실 방향 엘리베이터(으)로 1개 층 내려가기 (3F → 2F, 엘리베이터) → [2F] 대합실로 이동 → [2F] 9호선 방향 환승통로로 이동 → 환승 엘리베이터(으)로 3개 층 내려가기 (2F → B2, 엘리베이터) → [B2] 9호선 대합실로 이동 → 9호선 구반포 방면 엘리베이터(으)로 1개 층 내려가기 (B2 → B3, 엘리베이터) → [B3] 9호선 구반포 방면 승강장으로 이동 → [B3] 승차 (휠체어칸)"
S1_4_0167,4호선,동작,4호선,총신대입구,9호선,흑석,3F → 2F → B2 → B3,9,3,0,"[3F] 4호선 총신대입구 방면 승강장 하차 → 대합실 방향 엘리베이터(으)로 1개 층 내려가기 (3F → 2F, 엘리베이터) → [2F] 대합실로 이동 → [2F] 9호선 방향 환승통로로 이동 → 환승 엘리베이터(으)로 3개 층 내려가기 (2F → B2, 엘리베이터) → [B2] 9호선 대합실로 이동 → 9호선 흑석 방면 엘리베이터(으)로 1개 층 내려가기 (B2 → B3, 엘리베이터) → [B3] 9호선 흑석 방면 승강장으로 이동 → [B3] 승차 (휠체어칸)"
S1_4_0560,4호선,총신대입구,4호선,동작,7호선,내방,B2 → B4 → B3 → B4,9,2,0,"[B2] 4호선 동작 방면 승강장 하차 → 7호선 환승통로 방향 휠체어리프트(으)로 2개 층 내려가기 (B2 → B4, 휠체어리프트) → [B4] 환승통로로 이동 → [B4] 7호선 방향 승강장으로 이동 → 대합실 방향 엘리베이터(으)로 1개 층 올라가기 (B4 → B3, 엘리베이터) → [B3] 7호선 대합실로 이동 → 7호선 내방 방면 엘리베이터(으)로 1개 층 내려가기 (B3 → B4, 엘리베이터) → [B4] 7호선 내방 방면 승강장으로 이동 → [B4] 승차 (휠체어칸)"
S1_4_0560,4호선,총신대입구,4호선,동작,7호선,남성,B2 → B4,5,0,0,"[B2] 4호선 동작 방면 승강장 하차 → 7호선 환승통로 방향 휠체어리프트(으)로 2개 층 내려가기 (B2 → B4, 휠체어리프트) → [B4] 환승통로로 이동 → [B4] 7호선 남성 방면 승강장으로 이동 → [B4] 승차 (휠체어칸)"
S1_4_0560,4호선,총신대입구,4호선,사당,7호선,내방,B2 → B4 → B3 → B4,9,2,0,"[B2] 4호선 사당 방면 승강장 하차 → 7호선 환승통로 방향 휠체어리프트(으)로 2개 층 내려가기 (B2 → B4, 휠체어리프트) → [B4] 환승통로로 이동 → [B4] 7호선 방향 승강장으로 이동 → 대합실 방향 엘리베이터(으)로 1개 층 올라가기 (B4 → B3, 엘리베이터) → [B3] 7호선 대합실로 이동 → 7호선 내방 방면 엘리베이터(으)로 1개 층 내려가기 (B3 → B4, 엘리베이터) → [B4] 7호선 내방 방면 승강장으로 이동 → [B4] 승차 (휠체어칸)"
S1_4_0560,4호선,총신대입구,4호선,사당,7호선,남성,B2 → B4,5,0,0,"[B2] 4호선 사당 방면 승강장 하차 → 7호선 환승통로 방향 휠체어리프트(으)로 2개 층 내려가기 (B2 → B4, 휠체어리프트) → [B4] 환승통로로 이동 → [B4] 7호선 남성 방면 승강장으로 이동 → [B4] 승차 (휠체어칸)"
S1_4_0257,4호선,사당,4호선,총신대입구,2호선,방배,B3 → B1 → B2,7,2,0,"[B3] 4호선 총신대입구 방면 승강장 하차 → 대합실 방향 엘리베이터(으)로 2개 층 올라가기 (B3 → B1, 엘리베이터) → [B1] 2호선 대합실로 이동 → [B1] 표 내는 곳 통과 → 2호선 방배 방면 엘리베이터(으)로 1개 층 내려가기 (B1 → B2, 엘리베이터) → [B2] 2호선 방배 방면 승강장으로 이동 → [B2] 승차 (휠체어칸)"
S1_4_0257,4호선,사당,4호선,총신대입구,2호선,낙성대,B3 → B2,4,1,0,"[B3] 4호선 총신대입구 방면 승강장 하차 → 대합실 방향 엘리베이터(으)로 1개 층 올라가기 (B3 → B2, 엘리베이터) → [B2] 2호선 낙성대 방면 승강장으로 이동 → [B2] 승차 (휠체어칸)"
S1_4_0257,4호선,사당,4호선,남태령,2호선,방배,B3 → B1 → B2,7,2,0,"[B3] 4호선 남태령 방면 승강장 하차 → 대합실 방향 엘리베이터(으)로 2개 층 올라가기 (B3 → B1, 엘리베이터) → [B1] 2호선 대합실로 이동 → [B1] 표 내는 곳 통과 → 2호선 방배 방면 엘리베이터(으)로 1개 층 내려가기 (B1 → B2, 엘리베이터) → [B2] 2호선 방배 방면 승강장으로 이동 → [B2] 승차 (휠체어칸)"
S1_4_0257,4호선,사당,4호선,남태령,2호선,낙성대,B3 → B2,4,1,0,"[B3] 4호선 남태령 방면 승강장 하차 → 대합실 방향 엘리베이터(으)로 1개 층 올라가기 (B3 → B2, 엘리베이터) → [B2] 2호선 낙성대 방면 승강장으로 이동 → [B2] 승차 (휠체어칸)"
KR_4_0090,4호선,금정,4호선,4호선 범계방면 승강장,,1호선 명학방면 승강장,,2,0,0,4호선 범계방면 하차 → 1호선 명학방면 인접(섬식) 승강장
KR_4_0090,4호선,금정,4호선,4호선 산본방면 승강장,,1호선 군포방면 승강장,,2,0,0,4호선 산본방면 하차 → 1호선 군포방면 인접(섬식) 승강장
KR_4_0090,4호선,금정,4호선,4호선 범계방면 승강장,,1호선 군포방면 승강장,,5,0,0,4호선 범계방면 1호차/8호차 하차 → 엘리베이터 2층으로 이동 → 환승통로 → 3/4번 승강장 엘리베이터 1층 승강장으로 이동 → 1호선 군포방면 승강장
KR_4_0090,4호선,금정,4호선,4호선 산본방면 승강장,,1호선 명학방면 승강장,,5,0,0,4호선 산본방면 하차 1호차/8호차 하차 → 엘리베이터 2층으로 이동 → 환승통로 → 1/2번 승강장 엘리베이터 1층 승강장으로 이동 → 1호선 명학방면 승강장
KR_4_0090,4호선,금정,4호선,4호선 금정 도착,,1호선 명학방면 승강장,,5,0,0,4호선 금정 당역 도착 → 엘리베이터 2층으로 이동 → 환승통로 → 1/2번 승강장 엘리베이터 1층 승강장으로 이동 → 1호선 명학방면 승강장
KR_4_0090,4호선,금정,4호선,4호선 금정 도착,,1호선 군포방면 승강장,,5,0,0,4호선 금정 당역 도착 → 엘리베이터 2층으로 이동 → 환승통로 → 3/4번 승강장 엘리베이터 1층 승강장으로 이동 → 1호선 군포방면 승강장
KR_4_0049,4호선,고잔,수인분당선,중앙,4호선,중앙,2F,3,0,0,[2F] 4호선 중앙 방면 승강장 하차 → [2F] 수인분당선 중앙 방면 승강장으로 이동 → [2F] 승차 (휠체어칸)
KR_4_0049,4호선,고잔,수인분당선,중앙,4호선,초지,2F → 1F → 2F,6,2,0,"[2F] 4호선 중앙 방면 승강장 하차 → 대합실 방향 엘리베이터(으)로 1개 층 내려가기 (2F → 1F, 엘리베이터) → [1F] 대합실로 이동 → 수인분당선 초지 방면 엘리베이터(으)로 1개 층 올라가기 (1F → 2F, 엘리베이터) → [2F] 수인분당선 초지 방면 승강장으로 이동 → [2F] 승차 (휠체어칸)"
KR_4_0049,4호선,고잔,수인분당선,초지,4호선,중앙,2F → 1F → 2F,6,2,0,"[2F] 4호선 초지 방면 승강장 하차 → 대합실 방향 엘리베이터(으)로 1개 층 내려가기 (2F → 1F, 엘리베이터) → [1F] 대합실로 이동 → 4호선 중앙 방면 엘리베이터(으)로 1개 층 올라가기 (1F → 2F, 엘리베이터) → [2F] 수인분당선 중앙 방면 승강장으로 이동 → [2F] 승차 (휠체어칸)"
KR_4_0049,4호선,고잔,수인분당선,초지,4호선,초지,2F,3,0,0,[2F] 4호선 초지 방면 승강장 하차 → [2F] 수인분당선 초지 방면 승강장으로 이동 → [2F] 승차 (휠체어칸)
KR_4_0559,4호선,초지,4호선,4호선 고잔 방면 승강장,,수인분당선 고잔 방면 승강장,,3,0,0,4호선 고잔 방면 승강장 하차 → 수인분당선 고잔 방면 승강장으로 이동 → 승차 (휠체어칸)
KR_4_0559,4호선,초지,4호선,4호선 고잔 방면 승강장,,수인분당선안산 방면 승강장,1F → 2F,5,1,0,"4호선 고잔 방면 승강장 하차 → [1F] 지상 1층 대합실로 이동 → 수인분당선 안산 방면 엘리베이터(으)로 1개 층 올라가기 (1F → 2F, 엘리베이터) → [2F] 지상 2층 수인분당선 안산 방면 승강장으로 이동 → [2F] 승차 (휠체어칸)"
KR_4_0559,4호선,초지,4호선,4호선 안산 방면 승강장,,수인분당선 안산 방면 승강장,,3,0,0,4호선 안산 방면 승강장 하차 → 수인분당선 안산 방면 승강장으로 이동 → 승차 (휠체어칸)
KR_4_0559,4호선,초지,4호선,4호선 안산 방면 승강장,,수인분당선고잔 방면 승강장,1F → 2F,5,1,0,"4호선 안산 방면 승강장 하차 → [1F] 지상 1층 대합실로 이동 → 수인분당선 고잔 방면 엘리베이터(으)로 1개 층 올라가기 (1F → 2F, 엘리베이터) → [2F] 지상 2층 수인분당선 고잔 방면 승강장으로 이동 → [2F] 승차 (휠체어칸)"
KR_4_0559,4호선,초지,4호선,4호선 고잔 방면 승강장,,서해선 선부 방면 승강장,1F → B3 → B4,7,2,0,"4호선 고잔 방면 승강장 하차 → [1F] 지상 1층 환승 대합실로 이동 → 지상 1층 환승 대합실 방향 엘리베이터(으)로 3개 층 내려가기 (1F → B3, 엘리베이터) → [B3] 지하 3층 연결통로로 이동 → 서해선 선부 방면 엘리베이터(으)로 1개 층 내려가기 (B3 → B4, 엘리베이터) → [B4] 지하 4층 서해선 선부 방면 승강장으로 이동 → [B4] 승차 (휠체어칸)"
KR_4_0559,4호선,초지,4호선,4호선 고잔 방면 승강장 ,,서해선 시우 방면 승강장,1F → B4,5,1,0,"4호선 고잔 방면 승강장 하차 → [1F] 지상 1층 환승 대합실로 이동 → 서해선 시우 방면 엘리베이터(으)로 4개 층 내려가기 (1F → B4, 엘리베이터) → [B4] 지하 4층 서해선 시우 방면 승강장으로 이동 → [B4] 승차 (휠체어칸)"
KR_4_0559,4호선,초지,4호선,4호선 안산 방면 승강장,,서해선 선부 방면 승강장,1F → B3 → B4,7,2,0,"4호선 안산 방면 승강장 하차 → [1F] 지상 1층 환승 대합실로 이동 → 지상 1층 환승 대합실 방향 엘리베이터(으)로 3개 층 내려가기 (1F → B3, 엘리베이터) → [B3] 지하 3층 연결통로로 이동 → 서해선 선부 방면 엘리베이터(으)로 1개 층 내려가기 (B3 → B4, 엘리베이터) → [B4] 지하 4층 서해선 선부 방면 승강장으로 이동 → [B4] 승차 (휠체어칸)"
KR_4_0559,4호선,초지,4호선,4호선 안산 방면 승강장 ,,서해선 시우 방면 승강장,1F → B4,5,1,0,"4호선 안산 방면 승강장 하차 → [1F] 지상 1층 환승 대합실로 이동 → 서해선 시우 방면 엘리베이터(으)로 4개 층 내려가기 (1F → B4, 엘리베이터) → [B4] 지하 4층 서해선 시우 방면 승강장으로 이동 → [B4] 승차 (휠체어칸)"
KR_4_0433,4호선,오이도,4호선,4호선 오이도 종착,수인선,달월,,2,0,0,오이도역 종착 승강장 → 수인선 달월방면 승강장
S1_5_0099,5호선,김포공항,5호선,개화산,9호선,개화,B3 → B2 → B4,5,1,0,"[B3] 5호선 개화산 방면 승강장 하차 → [B2] 9호선 대합실로 이동 → 9호선 개화 방면 엘리베이터(으)로 2개 층 내려가기 (B2 → B4, 엘리베이터) → [B4] 9호선 개화 방면 승강장으로 이동 → [B4] 승차 (휠체어칸)"
S1_5_0099,5호선,김포공항,5호선,개화산,9호선,공항시장,B3 → B2 → B3,5,1,0,"[B3] 5호선 개화산 방면 승강장 하차 → [B2] 9호선 대합실로 이동 → 9호선 공항시장 방면 엘리베이터(으)로 1개 층 내려가기 (B2 → B3, 엘리베이터) → [B3] 9호선 공항시장 방면 승강장으로 이동 → [B3] 승차 (휠체어칸)"
S1_5_0099,5호선,김포공항,5호선,송정,9호선,개화,B3 → B4,6,1,0,"[B3] 5호선 송정 방면 승강장 하차 → [B3] 9호선, 공항철도 방향 환승통로로 이동 → [B3] 9호선, 공항철도 승강장으로 이동 → 9호선 개화 방면 엘리베이터(으)로 1개 층 내려가기 (B3 → B4, 엘리베이터) → [B4] 9호선 개화 방면 승강장으로 이동 → [B4] 승차 (휠체어칸)"
S1_5_0099,5호선,김포공항,5호선,송정,9호선,공항시장,B3,5,0,0,"[B3] 5호선 송정 방면 승강장 하차 → [B3] 9호선, 공항철도 방향 환승통로로 이동 → [B3] 9호선 공항시장 방면 승강장으로 이동 → [B3] 승차 (휠체어칸) → 9호선 방향 환승 엘리베이터 이용 (엘리베이터)"
S1_5_0099,5호선,김포공항,5호선,개화산,,공항철도 마곡나루,B3 → B2 → B3,5,1,0,"[B3] 5호선 개화산 방면 승강장 하차 → [B2] 9호선, 공항철도 대합실로 이동 → 공항철도 마곡나루 방면 엘리베이터(으)로 1개 층 내려가기 (B2 → B3, 엘리베이터) → [B3] 공항철도 마곡나루 방면 승강장으로 이동 → [B3] 승차 (휠체어칸)"
S1_5_0099,5호선,김포공항,5호선,개화산,,공항철도 계양,B3 → B2 → B4,5,1,0,"[B3] 5호선 개화산 방면 승강장 하차 → [B2] 9호선, 공항철도 대합실로 이동 → 공항철도 계양 방면 엘리베이터(으)로 2개 층 내려가기 (B2 → B4, 엘리베이터) → [B4] 공항철도 계양 방면 승강장으로 이동 → [B4] 승차 (휠체어칸)"
S1_5_0099,5호선,김포공항,5호선,송정,,공항철도 마곡나루,B3,5,0,0,"[B3] 5호선 송정 방면 승강장 하차 → [B3] 9호선, 공항철도 방향 환승통로로 이동 → [B3] 공항철도 마곡나루 방면 승강장으로 이동 → [B3] 승차 (휠체어칸) → 9호선, 공항철도 방향 환승 엘리베이터 이용 (엘리베이터)"
S1_5_0099,5호선,김포공항,5호선,송정,,공항철도 계양,B3 → B4,5,1,0,"[B3] 5호선 송정 방면 승강장 하차 → [B3] 9호선, 공항철도 방향 환승통로로 이동 → 공항철도 계양 방면 엘리베이터(으)로 1개 층 내려가기 (B3 → B4, 엘리베이터) → [B4] 공항철도 계양 방면 승강장으로 이동 → [B4] 승차 (휠체어칸)"
S1_5_0099,5호선,김포공항,5호선,개화산,,김포골드라인 고촌,B3 → B2 → B4,6,1,0,"[B3] 5호선 개화산 방면 승강장 하차 → [B2] 9호선, 공항철도 대합실로 이동 → [B2] 김포골드라인 대합실로 이동 → 김포골드라인 고촌 방면 엘리베이터(으)로 2개 층 내려가기 (B2 → B4, 엘리베이터) → [B4] 김포골드라인 고촌 방면 승강장으로 이동 → [B4] 승차 (휠체어칸)"
S1_5_0099,5호선,김포공항,5호선,송정,,김포골드라인 고촌,B3 → B2 → B4,8,2,0,"[B3] 5호선 송정 방면 승강장 하차 → [B3] 9호선, 공항철도 방향 환승통로로 이동 → 대합실 방향 엘리베이터(으)로 1개 층 올라가기 (B3 → B2, 엘리베이터) → [B2] 9호선, 공항철도 대합실로 이동 → [B2] 김포골드라인 대합실로 이동 → 김포골드라인 고촌 방면 엘리베이터(으)로 2개 층 내려가기 (B2 → B4, 엘리베이터) → [B4] 김포골드라인 고촌 방면 승강장으로 이동 → [B4] 승차 (휠체어칸)"
S1_5_0099,5호선,김포공항,5호선,개화산,서해선,능곡,B3 → B2 → B4 → B5,6,2,0,"[B3] 개화산방면 승강장 하차 → [B2] 9호선, 공항철도 대합실로 이동 → [B2] 서해선 대합실로 이동 → 서해선 엘리베이터(으)로 2개 층 내려가기 (B2 → B4, 엘리베이터) → 서해선 능곡방면 엘리베이터(으)로 1개 층 내려가기 (B4 → B5, 엘리베이터) → [B5] 능곡방면 승강장 승차"
S1_5_0099,5호선,김포공항,5호선,개화산,서해선,원종,B3 → B2 → B4 → B5,6,2,0,"[B3] 개화산방면 승강장 하차 → [B2] 9호선, 공항철도 대합실로 이동 → [B2] 서해선 대합실로 이동 → 서해선 엘리베이터(으)로 2개 층 내려가기 (B2 → B4, 엘리베이터) → 서해선 원종방면 엘리베이터(으)로 1개 층 내려가기 (B4 → B5, 엘리베이터) → [B5] 원종방면 승강장 승차"
S1_5_0099,5호선,김포공항,5호선,송정,서해선,능곡,B3 → B2 → B4 → B5,8,3,0,"[B3] 5호선 송정방면 승강장 하차 → [B3] 9호선, 공항철도 방향 환승 통로로 이동 → 대합실 방향 엘리베이터(으)로 1개 층 올라가기 (B3 → B2, 엘리베이터) → [B2] 9호선, 공항철도 대합실로 이동 → [B2] 서해선 대합실로 이동 → 서해선 엘리베이터(으)로 2개 층 내려가기 (B2 → B4, 엘리베이터) → 서해선 능곡방면 엘리베이터(으)로 1개 층 내려가기 (B4 → B5, 엘리베이터) → [B5] 능곡방면 승강장 승차"
S1_5_0099,5호선,김포공항,5호선,송정,서해선,원종,B3 → B2 → B4 → B5,8,3,0,"[B3] 5호선 송정방면 승강장 하차 → [B3] 9호선, 공항철도 방향 환승 통로로 이동 → 대합실 방향 엘리베이터(으)로 1개 층 올라가기 (B3 → B2, 엘리베이터) → [B2] 9호선, 공항철도 대합실로 이동 → [B2] 서해선 대합실로 이동 → 서해선 엘리베이터(으)로 2개 층 내려가기 (B2 → B4, 엘리베이터) → 서해선 원종방면 엘리베이터(으)로 1개 층 내려가기 (B4 → B5, 엘리베이터) → [B5] 원종방면 승강장 승차"
S1_5_0100,5호선,까치산,5호선,화곡,2호선,신정네거리,,5,0,0,5호선 화곡방면 승강장 → B1 대합실 EV 하차 → B5 하선 승강장(3-2) 하차 → B5 2호선 신정네거리역 방면 승강장으로 이동 → B1 대합실 신정역 방면 EV 이용 (엘리베이터)
S1_5_0100,5호선,까치산,5호선,신정,2호선,신정네거리,B5,3,0,0,[B5] 5호선 신정 방면 승강장 하차 → [B5] 2호선 신정네거리 방면 승강장으로 이동 → [B5] 승차 (휠체어칸)
S1_5_0421,5호선,영등포구청,5호선,양평,2호선,문래,B5 → 1F → B1 → B2,7,3,0,"양평방면 엘리베이터(으)로 5개 층 올라가기 (B5 → 1F, 엘리베이터) → [1F] 7번 출입구 엘리베이터 하차 → 2번 출입구 엘리베이터(으)로 1개 층 내려가기 (1F → B1, 엘리베이터) → [B1] 2번 출입구 엘리베이터 하차 → 2호선 문래방면 엘리베이터(으)로 1개 층 내려가기 (B1 → B2, 엘리베이터) → [B2] 2호선 문래방면 엘리베이터 하차 → [B2] 승차(휠체어칸)"
S1_5_0421,5호선,영등포구청,5호선,양평,2호선,당산,B5 → 1F → B1 → B2,7,3,0,"양평방면 엘리베이터(으)로 5개 층 올라가기 (B5 → 1F, 엘리베이터) → [1F] 7번 출입구 엘리베이터 하차 → 2번 출입구 엘리베이터(으)로 1개 층 내려가기 (1F → B1, 엘리베이터) → [B1] 2번 출입구 엘리베이터 하차 → 2호선 당산방면 엘리베이터(으)로 1개 층 내려가기 (B1 → B2, 엘리베이터) → [B2] 2호선 당산방면 엘리베이터 하차 → [B2] 승차(휠체어칸)"
S1_5_0421,5호선,영등포구청,5호선,영등포시장,2호선,문래,B5 → B4 → 1F → B1 → B2,9,4,0,"영등포시장방면 엘리베이터(으)로 1개 층 올라가기 (B5 → B4, 엘리베이터) → [B4] 영등포시장방면 엘리베이터 하차 → 표 내는 곳 통과 후 5호선 양평 방향 엘리베이터(으)로 4개 층 올라가기 (B4 → 1F, 엘리베이터) → [1F] 7번 출입구 엘리베이터 하차 → 2번 출입구 엘리베이터(으)로 1개 층 내려가기 (1F → B1, 엘리베이터) → [B1] 2번 출입구 엘리베이터 하차 → 문래방면 엘리베이터(으)로 1개 층 내려가기 (B1 → B2, 엘리베이터) → [B2] 문래방면 엘리베이터 하차 → [B2] 승차(휠체어칸)"
S1_5_0421,5호선,영등포구청,5호선,영등포시장,2호선,당산,B5 → B4 → 1F → B1 → B2,9,4,0,"영등포시장방면 엘리베이터(으)로 1개 층 올라가기 (B5 → B4, 엘리베이터) → [B4] 영등포시장방면 엘리베이터 하차 → 표 내는 곳 통과 후 5호선 양평 방향 엘리베이터(으)로 4개 층 올라가기 (B4 → 1F, 엘리베이터) → [1F] 7번 출입구 엘리베이터 하차 → 2번 출입구 엘리베이터(으)로 1개 층 내려가기 (1F → B1, 엘리베이터) → [B1] 2번 출입구 엘리베이터 하차 → 당산방면 엘리베이터(으)로 1개 층 내려가기 (B1 → B2, 엘리베이터) → [B2] 당산방면 엘리베이터 하차 → [B2] 승차(휠체어칸)"
S1_5_0351,5호선,신길,5호선,영등포시장,1호선,대방,B4 → B3 → B1 → 1F,8,3,0,"[B4] 5호선 영등포시장 방면 승강장 하차 → 1호선 방향 환승 엘리베이터(으)로 1개 층 올라가기 (B4 → B3, 엘리베이터) → [B3] 대합실로 이동 → 1호선 환승통로 방향 경사형 엘리베이터(으)로 2개 층 올라가기 (B3 → B1, 엘리베이터) → [B1] 환승통로로 이동 → 1호선 대방 방면 엘리베이터(으)로 1개 층 올라가기 (B1 → 1F, 엘리베이터) → [1F] 1호선 대방 방면 승강장으로 이동 → [1F] 승차 (휠체어칸)"
S1_5_0351,5호선,신길,5호선,영등포시장,1호선,영등포,B4 → B3 → B1 → 1F,8,3,0,"[B4] 5호선 영등포시장 방면 승강장 하차 → 1호선 방향 환승 엘리베이터(으)로 1개 층 올라가기 (B4 → B3, 엘리베이터) → [B3] 대합실로 이동 → 1호선 환승통로 방향 경사형 엘리베이터(으)로 2개 층 올라가기 (B3 → B1, 엘리베이터) → [B1] 환승통로로 이동 → 1호선 영등포 방면 엘리베이터(으)로 1개 층 올라가기 (B1 → 1F, 엘리베이터) → [1F] 1호선 영등포 방면 승강장으로 이동 → [1F] 승차 (휠체어칸)"
S1_5_0351,5호선,신길,5호선,여의도,1호선,대방,B4 → B3 → B1 → 1F,8,3,0,"[B4] 5호선 여의도 방면 승강장 하차 → 1호선 방향 환승 엘리베이터(으)로 1개 층 올라가기 (B4 → B3, 엘리베이터) → [B3] 대합실로 이동 → 1호선 환승통로 방향 경사형 엘리베이터(으)로 2개 층 올라가기 (B3 → B1, 엘리베이터) → [B1] 환승통로로 이동 → 1호선 대방 방면 엘리베이터(으)로 1개 층 올라가기 (B1 → 1F, 엘리베이터) → [1F] 1호선 대방 방면 승강장으로 이동 → [1F] 승차 (휠체어칸)"
S1_5_0351,5호선,신길,5호선,여의도,1호선,영등포,B4 → B3 → B1 → 1F,8,3,0,"[B4] 5호선 여의도 방면 승강장 하차 → 1호선 방향 환승 엘리베이터(으)로 1개 층 올라가기 (B4 → B3, 엘리베이터) → [B3] 대합실로 이동 → 1호선 환승통로 방향 경사형 엘리베이터(으)로 2개 층 올라가기 (B3 → B1, 엘리베이터) → [B1] 환승통로로 이동 → 1호선 영등포 방면 엘리베이터(으)로 1개 층 올라가기 (B1 → 1F, 엘리베이터) → [1F] 1호선 영등포 방면 승강장으로 이동 → [1F] 승차 (휠체어칸)"
S1_5_0412,5호선,여의도,5호선,신길,9호선,샛강,B4 → B2,10,1,0,"[B4] 5호선 신길 방면 승강장 하차 → 대합실 방향 엘리베이터(으)로 2개 층 올라가기 (B4 → B2, 엘리베이터) → [B2] 9호선 승강장으로 이동 → [B2] 9호선 표 내는 곳 통과 → [B2] 9호선 승강장 으로 이동 → [B2] 대합실 방향 엘리베이터로 이동 → [B2] 9호선 샛강 방면 엘리베이터로 이동 → [B2] 9호선 샛강 방면 승강장으로 이동 → [B2] 승차 (휠체어칸) → 9호선 샛강 방면 엘리베이터 이용 (엘리베이터)"
S1_5_0412,5호선,여의도,5호선,신길,9호선,국회의사당,B4 → B2,6,1,0,"[B4] 5호선 신길 방면 승강장 하차 → 대합실 방향 엘리베이터(으)로 2개 층 올라가기 (B4 → B2, 엘리베이터) → [B2] 9호선 대합실로 이동 → [B2] 표 내는 곳 통과 → [B2] 9호선 국회의사당 방면 승강장으로 이동 → [B2] 승차 (휠체어칸)"
S1_5_0412,5호선,여의도,5호선,여의나루,9호선,샛강,B4 → B2,6,1,0,"[B4] 5호선 여의나루 방면 승강장 하차 → 대합실 방향 엘리베이터(으)로 2개 층 올라가기 (B4 → B2, 엘리베이터) → [B2] 9호선 대합실로 이동 → [B2] 표 내는 곳 통과 → [B2] 9호선 샛강 방면 승강장으로 이동 → [B2] 승차 (휠체어칸)"
S1_5_0412,5호선,여의도,5호선,여의나루,9호선,국회의사당,B4 → B2,9,1,0,"[B4] 5호선 여의나루 방면 승강장 하차 → 대합실 방향 엘리베이터(으)로 2개 층 올라가기 (B4 → B2, 엘리베이터) → [B2] 9호선 승강장으로 이동 → [B2] 9호선 표 내는 곳 통과 → [B2] 9호선 승강장 으로 이동 → [B2] 9호선 국회의사당 방면 승강장으로 이동 → [B2] 9호선 국회의사당 방면 승강장으로 이동 → [B2] 승차 (휠체어칸) → 9호선 국회의사당 방면 엘리베이터 이용 (엘리베이터)"
S1_5_0054,5호선,공덕,5호선,마포,6호선,대흥,B3 → B2 → B3 → B2,9,3,0,"[B3] 5호선 마포 방면 승강장 하차 → 대합실 방향 엘리베이터(으)로 1개 층 올라가기 (B3 → B2, 엘리베이터) → [B2] 환승통로로 이동 → [B2] 6호선 효창공원앞 방면 승강장으로 이동 → 환승 엘리베이터(으)로 1개 층 내려가기 (B2 → B3, 엘리베이터) → [B3] 환승통로로 이동 → 6호선 대흥 방면 엘리베이터(으)로 1개 층 올라가기 (B3 → B2, 엘리베이터) → [B2] 6호선 대흥 방면 승강장으로 이동 → [B2] 승차 (휠체어칸)"
S1_5_0054,5호선,공덕,5호선,마포,6호선,효창공원앞,B3 → B2,5,1,0,"[B3] 5호선 마포 방면 승강장 하차 → 대합실 방향 엘리베이터(으)로 1개 층 올라가기 (B3 → B2, 엘리베이터) → [B2] 환승통로로 이동 → [B2] 6호선 효창공원앞 방면 승강장으로 이동 → [B2] 승차 (휠체어칸)"
S1_5_0054,5호선,공덕,5호선,애오개,6호선,대흥,B3 → B2 → B3 → B2,9,3,0,"[B3] 5호선 애오개 방면 승강장 하차 → 대합실 방향 엘리베이터(으)로 1개 층 올라가기 (B3 → B2, 엘리베이터) → [B2] 환승통로로 이동 → [B2] 6호선 효창공원앞 방면 승강장으로 이동 → 환승 엘리베이터(으)로 1개 층 내려가기 (B2 → B3, 엘리베이터) → [B3] 환승통로로 이동 → 6호선 대흥 방면 엘리베이터(으)로 1개 층 올라가기 (B3 → B2, 엘리베이터) → [B2] 6호선 대흥 방면 승강장으로 이동 → [B2] 승차 (휠체어칸)"
S1_5_0054,5호선,공덕,5호선,애오개,6호선,효창공원앞,B3 → B2,5,1,0,"[B3] 5호선 애오개 방면 승강장 하차 → 대합실 방향 엘리베이터(으)로 1개 층 올라가기 (B3 → B2, 엘리베이터) → [B2] 환승통로로 이동 → [B2] 6호선 효창공원앞 방면 승강장으로 이동 → [B2] 승차 (휠체어칸)"
S1_5_0054,5호선,공덕,5호선,마포,경의중앙선,서강대,B3 → B2 → B3 → B2,10,3,0,"[B3] 5호선 마포 방면 승강장 하차 → 대합실 방향 엘리베이터(으)로 1개 층 올라가기 (B3 → B2, 엘리베이터) → [B2] 환승통로로 이동 → [B2] 6호선 효창공원앞 방면 승강장으로 이동 → 환승 엘리베이터(으)로 1개 층 내려가기 (B2 → B3, 엘리베이터) → [B3] 환승통로로 이동 → [B3] 공항철도 대합실로 이동 → 경의중앙선 서강대 방면 엘리베이터(으)로 1개 층 올라가기 (B3 → B2, 엘리베이터) → [B2] 경의중앙선 서강대 방면 승강장으로 이동 → [B2] 승차 (휠체어칸)"
S1_5_0054,5호선,공덕,5호선,마포,경의중앙선,효창공원앞,B3 → B2 → B3 → B2,10,3,0,"[B3] 5호선 마포 방면 승강장 하차 → 대합실 방향 엘리베이터(으)로 1개 층 올라가기 (B3 → B2, 엘리베이터) → [B2] 환승통로로 이동 → [B2] 6호선 효창공원앞 방면 승강장으로 이동 → 환승 엘리베이터(으)로 1개 층 내려가기 (B2 → B3, 엘리베이터) → [B3] 환승통로로 이동 → [B3] 공항철도 대합실로 이동 → 경의중앙선 효창공원앞 방면 엘리베이터(으)로 1개 층 올라가기 (B3 → B2, 엘리베이터) → [B2] 경의중앙선 효창공원앞 방면 승강장으로 이동 → [B2] 승차 (휠체어칸)"
S1_5_0054,5호선,공덕,5호선,애오개,경의중앙선,서강대,B3 → B2 → B3 → B2,10,3,0,"[B3] 5호선 애오개 방면 승강장 하차 → 대합실 방향 엘리베이터(으)로 1개 층 올라가기 (B3 → B2, 엘리베이터) → [B2] 환승통로로 이동 → [B2] 6호선 효창공원앞 방면 승강장으로 이동 → 환승 엘리베이터(으)로 1개 층 내려가기 (B2 → B3, 엘리베이터) → [B3] 환승통로로 이동 → [B3] 공항철도 대합실로 이동 → 경의중앙선 서강대 방면 엘리베이터(으)로 1개 층 올라가기 (B3 → B2, 엘리베이터) → [B2] 경의중앙선 서강대 방면 승강장으로 이동 → [B2] 승차 (휠체어칸)"
S1_5_0054,5호선,공덕,5호선,애오개,경의중앙선,효창공원앞,B3 → B2 → B3 → B2,10,3,0,"[B3] 5호선 애오개 방면 승강장 하차 → 대합실 방향 엘리베이터(으)로 1개 층 올라가기 (B3 → B2, 엘리베이터) → [B2] 환승통로로 이동 → [B2] 6호선 효창공원앞 방면 승강장으로 이동 → 환승 엘리베이터(으)로 1개 층 내려가기 (B2 → B3, 엘리베이터) → [B3] 환승통로로 이동 → [B3] 공항철도 대합실로 이동 → 경의중앙선 효창공원앞 방면 엘리베이터(으)로 1개 층 올라가기 (B3 → B2, 엘리베이터) → [B2] 경의중앙선 효창공원앞 방면 승강장으로 이동 → [B2] 승차 (휠체어칸)"
S1_5_0054,5호선,공덕,5호선,마포,,공항철도 서울역,B3 → B2 → B3 → B4,10,3,0,"[B3] 5호선 마포 방면 승강장 하차 → 대합실 방향 엘리베이터(으)로 1개 층 올라가기 (B3 → B2, 엘리베이터) → [B2] 환승통로로 이동 → [B2] 6호선 효창공원앞 방면 승강장으로 이동 → 환승 엘리베이터(으)로 1개 층 내려가기 (B2 → B3, 엘리베이터) → [B3] 환승통로로 이동 → [B3] 공항철도 대합실로 이동 → 공항철도 서울역 방면 엘리베이터(으)로 1개 층 내려가기 (B3 → B4, 엘리베이터) → [B4] 공항철도 서울역 방면 승강장으로 이동 → [B4] 승차 (휠체어칸)"
S1_5_0054,5호선,공덕,5호선,마포,,공항철도 홍대입구,B3 → B2 → B3 → B4,10,3,0,"[B3] 5호선 마포 방면 승강장 하차 → 대합실 방향 엘리베이터(으)로 1개 층 올라가기 (B3 → B2, 엘리베이터) → [B2] 환승통로로 이동 → [B2] 6호선 효창공원앞 방면 승강장으로 이동 → 환승 엘리베이터(으)로 1개 층 내려가기 (B2 → B3, 엘리베이터) → [B3] 환승통로로 이동 → [B3] 공항철도 대합실로 이동 → 공항철도 홍대입구 방면 엘리베이터(으)로 1개 층 내려가기 (B3 → B4, 엘리베이터) → [B4] 공항철도 홍대입구 방면 승강장으로 이동 → [B4] 승차 (휠체어칸)"
S1_5_0054,5호선,공덕,5호선,애오개,,공항철도 서울역,B3 → B2 → B3 → B4,10,3,0,"[B3] 5호선 애오개 방면 승강장 하차 → 대합실 방향 엘리베이터(으)로 1개 층 올라가기 (B3 → B2, 엘리베이터) → [B2] 환승통로로 이동 → [B2] 6호선 효창공원앞 방면 승강장으로 이동 → 환승 엘리베이터(으)로 1개 층 내려가기 (B2 → B3, 엘리베이터) → [B3] 환승통로로 이동 → [B3] 공항철도 대합실로 이동 → 공항철도 서울역 방면 엘리베이터(으)로 1개 층 내려가기 (B3 → B4, 엘리베이터) → [B4] 공항철도 서울역 방면 승강장으로 이동 → [B4] 승차 (휠체어칸)"
S1_5_0054,5호선,공덕,5호선,애오개,,공항철도 홍대입구,B3 → B2 → B3 → B4,10,3,0,"[B3] 5호선 애오개 방면 승강장 하차 → 대합실 방향 엘리베이터(으)로 1개 층 올라가기 (B3 → B2, 엘리베이터) → [B2] 환승통로로 이동 → [B2] 6호선 효창공원앞 방면 승강장으로 이동 → 환승 엘리베이터(으)로 1개 층 내려가기 (B2 → B3, 엘리베이터) → [B3] 환승통로로 이동 → [B3] 공항철도 대합실로 이동 → 공항철도 홍대입구 방면 엘리베이터(으)로 1개 층 내려가기 (B3 → B4, 엘리베이터) → [B4] 공항철도 홍대입구 방면 승강장으로 이동 → [B4] 승차 (휠체어칸)"
S1_5_0564,5호선,충정로,5호선,애오개,,2호선 아현,B5 → B2 → B3,7,2,0,"[B5] 5호선 애오개 방면 승강장 하차 → 대합실 방향 엘리베이터(으)로 3개 층 올라가기 (B5 → B2, 엘리베이터) → [B2] 대합실로 이동 → [B2] 2호선 환승통로로 이동 → 2호선 대합실 승강장 방향 엘리베이터(으)로 1개 층 내려가기 (B2 → B3, 엘리베이터) → [B3] 2호선 아현 방면 승강장으로 이동 → [B3] 승차 (휠체어칸)"
S1_5_0564,5호선,충정로,5호선,애오개,2호선,시청,B5 → B2 → B3,7,2,0,"[B5] 5호선 애오개 방면 승강장 하차 → 대합실 방향 엘리베이터(으)로 3개 층 올라가기 (B5 → B2, 엘리베이터) → [B2] 대합실로 이동 → [B2] 2호선 환승통로로 이동 → 2호선 대합실 승강장 방향 엘리베이터(으)로 1개 층 내려가기 (B2 → B3, 엘리베이터) → [B3] 2호선 시청 방면 승강장으로 이동 → [B3] 승차 (휠체어칸)"
S1_5_0564,5호선,충정로,5호선,서대문,2호선,아현,B5 → B2 → B3,7,2,0,"[B5] 5호선 서대문 방면 승강장 하차 → 대합실 방향 엘리베이터(으)로 3개 층 올라가기 (B5 → B2, 엘리베이터) → [B2] 대합실로 이동 → [B2] 2호선 환승통로로 이동 → 2호선 대합실 승강장 방향 엘리베이터(으)로 1개 층 내려가기 (B2 → B3, 엘리베이터) → [B3] 2호선 아현 방면 승강장으로 이동 → [B3] 승차 (휠체어칸)"
S1_5_0564,5호선,충정로,5호선,서대문,2호선,시청,B5 → B2 → B3,7,2,0,"[B5] 5호선 서대문 방면 승강장 하차 → 대합실 방향 엘리베이터(으)로 3개 층 올라가기 (B5 → B2, 엘리베이터) → [B2] 대합실로 이동 → [B2] 2호선 환승통로로 이동 → 2호선 대합실 승강장 방향 엘리베이터(으)로 1개 층 내려가기 (B2 → B3, 엘리베이터) → [B3] 2호선 시청 방면 승강장으로 이동 → [B3] 승차 (휠체어칸)"
S1_5_0515,5호선,종로3가,5호선,광화문,1호선,종로5가,B5 → B4 → B3 → B2,10,3,0,"[B5] 5호선 광화문 방면 승강장 하차 → 대합실 방향 엘리베이터(으)로 1개 층 올라가기 (B5 → B4, 엘리베이터) → [B4] 대합실로 이동 → 대합실 방향 엘리베이터(으)로 1개 층 올라가기 (B4 → B3, 엘리베이터) → [B3] 대합실로 이동 → [B3] 3호선 대합실로 이동 → 대합실 방향 엘리베이터(으)로 1개 층 올라가기 (B3 → B2, 엘리베이터) → [B2] 3호선 대합실로 이동 → [B2] 1호선 종로5가 방면 승강장으로 이동 → [B2] 승차 (휠체어칸)"
S1_5_0515,5호선,종로3가,5호선,광화문,1호선,종각,B5 → B4 → B3 → B2 → B1 → B2,14,5,0,"[B5] 5호선 광화문 방면 승강장 하차 → 대합실 방향 엘리베이터(으)로 1개 층 올라가기 (B5 → B4, 엘리베이터) → [B4] 대합실로 이동 → 대합실 방향 엘리베이터(으)로 1개 층 올라가기 (B4 → B3, 엘리베이터) → [B3] 대합실로 이동 → [B3] 3호선 대합실로 이동 → 대합실 방향 엘리베이터(으)로 1개 층 올라가기 (B3 → B2, 엘리베이터) → [B2] 3호선 대합실로 이동 → [B2] 1호선 종로5가 방면 승강장으로 이동 → 1호선 대합실 방향 엘리베이터(으)로 1개 층 올라가기 (B2 → B1, 엘리베이터) → [B1] 대합실로 이동 → 종각 방면 엘리베이터(으)로 1개 층 내려가기 (B1 → B2, 엘리베이터) → [B2] 1호선 종각 방면 승강장으로 이동 → [B2] 승차 (휠체어칸)"
S1_5_0515,5호선,종로3가,5호선,을지로4가,1호선,종로5가,B5 → B4 → B3 → B2,10,3,0,"[B5] 5호선 을지로4가 방면 승강장 하차 → 대합실 방향 엘리베이터(으)로 1개 층 올라가기 (B5 → B4, 엘리베이터) → [B4] 대합실로 이동 → 대합실 방향 엘리베이터(으)로 1개 층 올라가기 (B4 → B3, 엘리베이터) → [B3] 대합실로 이동 → [B3] 3호선 대합실로 이동 → 대합실 방향 엘리베이터(으)로 1개 층 올라가기 (B3 → B2, 엘리베이터) → [B2] 3호선 대합실로 이동 → [B2] 1호선 종로5가 방면 승강장으로 이동 → [B2] 승차 (휠체어칸)"
S1_5_0515,5호선,종로3가,5호선,을지로4가,1호선,종각,B5 → B4 → B3 → B2 → B1 → B2,14,5,0,"[B5] 5호선 을지로4가 방면 승강장 하차 → 대합실 방향 엘리베이터(으)로 1개 층 올라가기 (B5 → B4, 엘리베이터) → [B4] 대합실로 이동 → 대합실 방향 엘리베이터(으)로 1개 층 올라가기 (B4 → B3, 엘리베이터) → [B3] 대합실로 이동 → [B3] 3호선 대합실로 이동 → 대합실 방향 엘리베이터(으)로 1개 층 올라가기 (B3 → B2, 엘리베이터) → [B2] 3호선 대합실로 이동 → [B2] 1호선 종로5가 방면 승강장으로 이동 → 1호선 대합실 방향 엘리베이터(으)로 1개 층 올라가기 (B2 → B1, 엘리베이터) → [B1] 대합실로 이동 → 종각 방면 엘리베이터(으)로 1개 층 내려가기 (B1 → B2, 엘리베이터) → [B2] 1호선 종각 방면 승강장으로 이동 → [B2] 승차 (휠체어칸)"
S1_5_0515,5호선,종로3가,5호선,광화문,3호선,안국,B5 → B4 → B3 → B4,9,3,0,"[B5] 5호선 광화문 방면 승강장 하차 → 대합실 방향 엘리베이터(으)로 1개 층 올라가기 (B5 → B4, 엘리베이터) → [B4] 대합실로 이동 → 대합실 방향 엘리베이터(으)로 1개 층 올라가기 (B4 → B3, 엘리베이터) → [B3] 대합실로 이동 → [B3] 3호선 대합실로 이동 → 승강장 방향 엘리베이터(으)로 1개 층 내려가기 (B3 → B4, 엘리베이터) → [B4] 3호선 안국 방면 승강장으로 이동 → [B4] 승차 (휠체어칸)"
S1_5_0515,5호선,종로3가,5호선,광화문,3호선,을지로3가,B5 → B4 → B3 → B4,9,3,0,"[B5] 5호선 광화문 방면 승강장 하차 → 대합실 방향 엘리베이터(으)로 1개 층 올라가기 (B5 → B4, 엘리베이터) → [B4] 대합실로 이동 → 대합실 방향 엘리베이터(으)로 1개 층 올라가기 (B4 → B3, 엘리베이터) → [B3] 대합실로 이동 → [B3] 3호선 대합실로 이동 → 승강장 방향 엘리베이터(으)로 1개 층 내려가기 (B3 → B4, 엘리베이터) → [B4] 3호선 을지로3가 방면 승강장으로 이동 → [B4] 승차 (휠체어칸)"
S1_5_0515,5호선,종로3가,5호선,을지로4가,3호선,안국,B5 → B4 → B3 → B4,9,3,0,"[B5] 5호선 을지로4가 방면 승강장 하차 → 대합실 방향 엘리베이터(으)로 1개 층 올라가기 (B5 → B4, 엘리베이터) → [B4] 대합실로 이동 → 대합실 방향 엘리베이터(으)로 1개 층 올라가기 (B4 → B3, 엘리베이터) → [B3] 대합실로 이동 → [B3] 3호선 대합실로 이동 → 승강장 방향 엘리베이터(으)로 1개 층 내려가기 (B3 → B4, 엘리베이터) → [B4] 3호선 안국 방면 승강장으로 이동 → [B4] 승차 (휠체어칸)"
S1_5_0515,5호선,종로3가,5호선,을지로4가,3호선,을지로3가,B5 → B4 → B3 → B4,9,3,0,"[B5] 5호선 을지로4가 방면 승강장 하차 → 대합실 방향 엘리베이터(으)로 1개 층 올라가기 (B5 → B4, 엘리베이터) → [B4] 대합실로 이동 → 대합실 방향 엘리베이터(으)로 1개 층 올라가기 (B4 → B3, 엘리베이터) → [B3] 대합실로 이동 → [B3] 3호선 대합실로 이동 → 승강장 방향 엘리베이터(으)로 1개 층 내려가기 (B3 → B4, 엘리베이터) → [B4] 3호선 을지로3가 방면 승강장으로 이동 → [B4] 승차 (휠체어칸)"
S1_5_0465,5호선,을지로4가,5호선,종로3가,2호선,을지로3가,B5 → B2,4,1,0,"[B5] 5호선 종로3가 방면 승강장 하차 → 대합실 방향 엘리베이터(으)로 3개 층 올라가기 (B5 → B2, 엘리베이터) → [B2] 2호선 을지로3가 방면 승강장으로 이동 → [B2] 승차 (휠체어칸)"
S1_5_0465,5호선,을지로4가,5호선,종로3가,2호선,동대문역사문화공원,B5 → B1 → B2,6,2,0,"[B5] 5호선 종로3가 방면 승강장 하차 → 대합실 방향 엘리베이터(으)로 4개 층 올라가기 (B5 → B1, 엘리베이터) → [B1] 2호선 대합실로 이동 → 동대문역사문화공원 방면 엘리베이터(으)로 1개 층 내려가기 (B1 → B2, 엘리베이터) → [B2] 2호선 동대문역사문화공원 방면 승강장으로 이동 → [B2] 승차 (휠체어칸)"
S1_5_0465,5호선,을지로4가,5호선,동대문역사문화공원,2호선,을지로3가,B5 → B2,4,1,0,"[B5] 5호선 동대문역사문화공원 방면 승강장 하차 → 대합실 방향 엘리베이터(으)로 3개 층 올라가기 (B5 → B2, 엘리베이터) → [B2] 2호선 을지로3가 방면 승강장으로 이동 → [B2] 승차 (휠체어칸)"
S1_5_0465,5호선,을지로4가,5호선,동대문역사문화공원,2호선,동대문역사문화공원,B5 → B1 → B2,6,2,0,"[B5] 5호선 동대문역사문화공원 방면 승강장 하차 → 대합실 방향 엘리베이터(으)로 4개 층 올라가기 (B5 → B1, 엘리베이터) → [B1] 2호선 대합실로 이동 → 동대문역사문화공원 방면 엘리베이터(으)로 1개 층 내려가기 (B1 → B2, 엘리베이터) → [B2] 2호선 동대문역사문화공원 방면 승강장으로 이동 → [B2] 승차 (휠체어칸)"
S1_5_0156,5호선,동대문역사문화공원,5호선,을지로4가,2호선,을지로4가,B5 → B3 → B1 → B2,9,3,0,"[B5] 5호선 을지로4가 방면 승강장 하차 → 4호선 방향 환승 엘리베이터(으)로 2개 층 올라가기 (B5 → B3, 엘리베이터) → [B3] 4호선 승강장으로 이동 → 대합실 방향 엘리베이터(으)로 2개 층 올라가기 (B3 → B1, 엘리베이터) → [B1] 대합실로 이동 → [B1] 2호선 대합실로 이동 → 2호선 을지로4가 방면 엘리베이터(으)로 1개 층 내려가기 (B1 → B2, 엘리베이터) → [B2] 2호선 을지로4가 방면 승강장으로 이동 → [B2] 승차 (휠체어칸)"
S1_5_0156,5호선,동대문역사문화공원,5호선,을지로4가,2호선,신당,B5 → B3 → B1 → B2,9,3,0,"[B5] 5호선 을지로4가 방면 승강장 하차 → 4호선 방향 환승 엘리베이터(으)로 2개 층 올라가기 (B5 → B3, 엘리베이터) → [B3] 4호선 승강장으로 이동 → 대합실 방향 엘리베이터(으)로 2개 층 올라가기 (B3 → B1, 엘리베이터) → [B1] 대합실로 이동 → [B1] 2호선 대합실로 이동 → 2호선 신당 방면 엘리베이터(으)로 1개 층 내려가기 (B1 → B2, 엘리베이터) → [B2] 2호선 신당 방면 승강장으로 이동 → [B2] 승차 (휠체어칸)"
S1_5_0156,5호선,동대문역사문화공원,5호선,청구,2호선,을지로4가,B5 → B3 → B1 → B2,9,3,0,"[B5] 5호선 청구 방면 승강장 하차 → 4호선 방향 환승 엘리베이터(으)로 2개 층 올라가기 (B5 → B3, 엘리베이터) → [B3] 4호선 승강장으로 이동 → 대합실 방향 엘리베이터(으)로 2개 층 올라가기 (B3 → B1, 엘리베이터) → [B1] 대합실로 이동 → [B1] 2호선 대합실로 이동 → 2호선 을지로4가 방면 엘리베이터(으)로 1개 층 내려가기 (B1 → B2, 엘리베이터) → [B2] 2호선 을지로4가 방면 승강장으로 이동 → [B2] 승차 (휠체어칸)"
S1_5_0156,5호선,동대문역사문화공원,5호선,청구,2호선,신당,B5 → B3 → B1 → B2,9,3,0,"[B5] 5호선 청구 방면 승강장 하차 → 4호선 방향 환승 엘리베이터(으)로 2개 층 올라가기 (B5 → B3, 엘리베이터) → [B3] 4호선 승강장으로 이동 → 대합실 방향 엘리베이터(으)로 2개 층 올라가기 (B3 → B1, 엘리베이터) → [B1] 대합실로 이동 → [B1] 2호선 대합실로 이동 → 2호선 신당 방면 엘리베이터(으)로 1개 층 내려가기 (B1 → B2, 엘리베이터) → [B2] 2호선 신당 방면 승강장으로 이동 → [B2] 승차 (휠체어칸)"
S1_5_0156,5호선,동대문역사문화공원,5호선,을지로4가,4호선,동대문,B5 → B3,4,1,0,"[B5] 5호선 을지로4가 방면 승강장 하차 → 4호선 방향 환승 엘리베이터(으)로 2개 층 올라가기 (B5 → B3, 엘리베이터) → [B3] 4호선 동대문 방면 승강장으로 이동 → [B3] 승차 (휠체어칸)"
S1_5_0156,5호선,동대문역사문화공원,5호선,을지로4가,4호선,충무로,B5 → B3,4,1,0,"[B5] 5호선 을지로4가 방면 승강장 하차 → 4호선 방향 환승 엘리베이터(으)로 2개 층 올라가기 (B5 → B3, 엘리베이터) → [B3] 4호선 충무로 방면 승강장으로 이동 → [B3] 승차 (휠체어칸)"
S1_5_0156,5호선,동대문역사문화공원,5호선,청구,4호선,동대문,B5 → B3,4,1,0,"[B5] 5호선 청구 방면 승강장 하차 → 4호선 방향 환승 엘리베이터(으)로 2개 층 올라가기 (B5 → B3, 엘리베이터) → [B3] 4호선 동대문 방면 승강장으로 이동 → [B3] 승차 (휠체어칸)"
S1_5_0156,5호선,동대문역사문화공원,5호선,청구,4호선,충무로,B5 → B3,4,1,0,"[B5] 5호선 청구 방면 승강장 하차 → 4호선 방향 환승 엘리베이터(으)로 2개 층 올라가기 (B5 → B3, 엘리베이터) → [B3] 4호선 충무로 방면 승강장으로 이동 → [B3] 승차 (휠체어칸)"
S1_5_0549,5호선,청구,5호선,동대문역사문화공원,6호선,약수,B4 → B3 → B2,6,2,0,"[B4] 5호선 동대문역사문화공원 방면 승강장 하차 → 대합실 방향 엘리베이터(으)로 1개 층 올라가기 (B4 → B3, 엘리베이터) → [B3] 대합실로 이동 → 6호선 약수 방면 엘리베이터(으)로 1개 층 올라가기 (B3 → B2, 엘리베이터) → [B2] 6호선 약수 방면 승강장으로 이동 → [B2] 승차 (휠체어칸)"
S1_5_0549,5호선,청구,5호선,동대문역사문화공원,6호선,신당,B4 → B3 → B2,6,2,0,"[B4] 5호선 동대문역사문화공원 방면 승강장 하차 → 대합실 방향 엘리베이터(으)로 1개 층 올라가기 (B4 → B3, 엘리베이터) → [B3] 대합실로 이동 → 6호선 신당 방면 엘리베이터(으)로 1개 층 올라가기 (B3 → B2, 엘리베이터) → [B2] 6호선 신당 방면 승강장으로 이동 → [B2] 승차 (휠체어칸)"
S1_5_0549,5호선,청구,5호선,신금호,6호선,약수,B4 → B3 → B2,6,2,0,"[B4] 5호선 신금호 방면 승강장 하차 → 대합실 방향 엘리베이터(으)로 1개 층 올라가기 (B4 → B3, 엘리베이터) → [B3] 대합실로 이동 → 6호선 약수 방면 엘리베이터(으)로 1개 층 올라가기 (B3 → B2, 엘리베이터) → [B2] 6호선 약수 방면 승강장으로 이동 → [B2] 승차 (휠체어칸)"
S1_5_0549,5호선,청구,5호선,신금호,6호선,신당,B4 → B3 → B2,6,2,0,"[B4] 5호선 신금호 방면 승강장 하차 → 대합실 방향 엘리베이터(으)로 1개 층 올라가기 (B4 → B3, 엘리베이터) → [B3] 대합실로 이동 → 6호선 신당 방면 엘리베이터(으)로 1개 층 올라가기 (B3 → B2, 엘리베이터) → [B2] 6호선 신당 방면 승강장으로 이동 → [B2] 승차 (휠체어칸)"
S1_5_0441,5호선,왕십리,5호선,행당,2호선,상왕십리,B5 → B4 → B2,7,2,0,"[B5] 5호선 행당 방면 승강장 하차 → 대합실 방향 엘리베이터(으)로 1개 층 올라가기 (B5 → B4, 엘리베이터) → [B4] 대합실로 이동 → 대합실 방향 엘리베이터(으)로 2개 층 올라가기 (B4 → B2, 엘리베이터) → [B2] 환승 대합실로 이동 → [B2] 2호선 상왕십리 방면 승강장으로 이동 → [B2] 승차 (휠체어칸)"
S1_5_0441,5호선,왕십리,5호선,행당,2호선,한양대,B5 → B4 → B2 → B1 → B2,10,4,0,"[B5] 5호선 행당 방면 승강장 하차 → 대합실 방향 엘리베이터(으)로 1개 층 올라가기 (B5 → B4, 엘리베이터) → [B4] 대합실로 이동 → 대합실 방향 엘리베이터(으)로 2개 층 올라가기 (B4 → B2, 엘리베이터) → [B2] 환승 대합실로 이동 → 환승 대합실 방향 엘리베이터(으)로 1개 층 올라가기 (B2 → B1, 엘리베이터) → [B1] 환승대합실로 이동 → 2호선 한양대 방면 엘리베이터(으)로 1개 층 내려가기 (B1 → B2, 엘리베이터) → [B2] 2호선 한양대 방면 승강장으로 이동 → [B2] 승차 (휠체어칸)"
S1_5_0441,5호선,왕십리,5호선,마장,2호선,상왕십리,B5 → B4 → B2,7,2,0,"[B5] 5호선 마장 방면 승강장 하차 → 대합실 방향 엘리베이터(으)로 1개 층 올라가기 (B5 → B4, 엘리베이터) → [B4] 대합실로 이동 → 대합실 방향 엘리베이터(으)로 2개 층 올라가기 (B4 → B2, 엘리베이터) → [B2] 환승 대합실로 이동 → [B2] 2호선 상왕십리 방면 승강장으로 이동 → [B2] 승차 (휠체어칸)"
S1_5_0441,5호선,왕십리,5호선,마장,2호선,한양대,B5 → B4 → B2 → B1 → B2,10,4,0,"[B5] 5호선 마장 방면 승강장 하차 → 대합실 방향 엘리베이터(으)로 1개 층 올라가기 (B5 → B4, 엘리베이터) → [B4] 대합실로 이동 → 대합실 방향 엘리베이터(으)로 2개 층 올라가기 (B4 → B2, 엘리베이터) → [B2] 환승 대합실로 이동 → 환승 대합실 방향 엘리베이터(으)로 1개 층 올라가기 (B2 → B1, 엘리베이터) → [B1] 환승대합실로 이동 → 2호선 한양대 방면 엘리베이터(으)로 1개 층 내려가기 (B1 → B2, 엘리베이터) → [B2] 2호선 한양대 방면 승강장으로 이동 → [B2] 승차 (휠체어칸)"
S1_5_0441,5호선,왕십리,5호선,행당,수인분당선,청량리,B5 → B4 → B2 → B1 → 1F,10,4,0,"[B5] 5호선 행당 방면 승강장 하차 → 대합실 방향 엘리베이터(으)로 1개 층 올라가기 (B5 → B4, 엘리베이터) → [B4] 대합실로 이동 → 대합실 방향 엘리베이터(으)로 2개 층 올라가기 (B4 → B2, 엘리베이터) → [B2] 환승 대합실로 이동 → 환승 대합실 방향 엘리베이터(으)로 1개 층 올라가기 (B2 → B1, 엘리베이터) → [B1] 환승대합실로 이동 → 수인분당선 승강장 방향 엘리베이터(으)로 1개 층 올라가기 (B1 → 1F, 엘리베이터) → [1F] 수인분당선 청량리 방면 승강장으로 이동 → [1F] 승차 (휠체어칸)"
S1_5_0441,5호선,왕십리,5호선,5호선 행당,수인분당선,서울숲,B5 → B4 → B2 → B1 → 1F,10,4,0,"[B5] 5호선 행당 방면 승강장 하차 → 대합실 방향 엘리베이터(으)로 1개 층 올라가기 (B5 → B4, 엘리베이터) → [B4] 대합실로 이동 → 대합실 방향 엘리베이터(으)로 2개 층 올라가기 (B4 → B2, 엘리베이터) → [B2] 환승 대합실로 이동 → 환승 대합실 방향 엘리베이터(으)로 1개 층 올라가기 (B2 → B1, 엘리베이터) → [B1] 환승대합실로 이동 → 수인분당선 승강장 방향 엘리베이터(으)로 1개 층 올라가기 (B1 → 1F, 엘리베이터) → [1F] 수인분당선 서울숲 방면 승강장으로 이동 → [1F] 승차 (휠체어칸)"
S1_5_0441,5호선,왕십리,5호선,마장,수인분당선,청량리,B5 → B4 → B2 → B1 → 1F,10,4,0,"[B5] 5호선 마장 방면 승강장 하차 → 대합실 방향 엘리베이터(으)로 1개 층 올라가기 (B5 → B4, 엘리베이터) → [B4] 대합실로 이동 → 대합실 방향 엘리베이터(으)로 2개 층 올라가기 (B4 → B2, 엘리베이터) → [B2] 환승 대합실로 이동 → 환승 대합실 방향 엘리베이터(으)로 1개 층 올라가기 (B2 → B1, 엘리베이터) → [B1] 환승대합실로 이동 → 수인분당선 승강장 방향 엘리베이터(으)로 1개 층 올라가기 (B1 → 1F, 엘리베이터) → [1F] 수인분당선 청량리 방면 승강장으로 이동 → [1F] 승차 (휠체어칸)"
S1_5_0441,5호선,왕십리,5호선,마장,수인분당선,서울숲,B5 → B4 → B2 → B1 → 1F,10,4,0,"[B5] 5호선 마장 방면 승강장 하차 → 대합실 방향 엘리베이터(으)로 1개 층 올라가기 (B5 → B4, 엘리베이터) → [B4] 대합실로 이동 → 대합실 방향 엘리베이터(으)로 2개 층 올라가기 (B4 → B2, 엘리베이터) → [B2] 환승 대합실로 이동 → 환승 대합실 방향 엘리베이터(으)로 1개 층 올라가기 (B2 → B1, 엘리베이터) → [B1] 환승대합실로 이동 → 수인분당선 승강장 방향 엘리베이터(으)로 1개 층 올라가기 (B1 → 1F, 엘리베이터) → [1F] 수인분당선 서울숲 방면 승강장으로 이동 → [1F] 승차 (휠체어칸)"
S1_5_0441,5호선,왕십리,5호선,행당,경의중앙선,응봉,B5 → B4 → B2 → B1 → 1F,10,4,0,"[B5] 5호선 행당 방면 승강장 하차 → 대합실 방향 엘리베이터(으)로 1개 층 올라가기 (B5 → B4, 엘리베이터) → [B4] 대합실로 이동 → 대합실 방향 엘리베이터(으)로 2개 층 올라가기 (B4 → B2, 엘리베이터) → [B2] 환승 대합실로 이동 → 환승 대합실 방향 엘리베이터(으)로 1개 층 올라가기 (B2 → B1, 엘리베이터) → [B1] 환승대합실로 이동 → 경의중앙선 승강장 방향 엘리베이터(으)로 1개 층 올라가기 (B1 → 1F, 엘리베이터) → [1F] 경의중앙선 응봉 방면 승강장으로 이동 → [1F] 승차 (휠체어칸)"
S1_5_0441,5호선,왕십리,5호선,행당,경의중앙선,청량리,B5 → B4 → B2 → B1 → 1F,10,4,0,"[B5] 5호선 행당 방면 승강장 하차 → 대합실 방향 엘리베이터(으)로 1개 층 올라가기 (B5 → B4, 엘리베이터) → [B4] 대합실로 이동 → 대합실 방향 엘리베이터(으)로 2개 층 올라가기 (B4 → B2, 엘리베이터) → [B2] 환승 대합실로 이동 → 환승 대합실 방향 엘리베이터(으)로 1개 층 올라가기 (B2 → B1, 엘리베이터) → [B1] 환승대합실로 이동 → 경의중앙선 승강장 방향 엘리베이터(으)로 1개 층 올라가기 (B1 → 1F, 엘리베이터) → [1F] 경의중앙선 청량리 방면 승강장으로 이동 → [1F] 승차 (휠체어칸)"
S1_5_0441,5호선,왕십리,5호선,마장,경의중앙선,응봉,B5 → B4 → B2 → B1 → 1F,10,4,0,"[B5] 5호선 마장 방면 승강장 하차 → 대합실 방향 엘리베이터(으)로 1개 층 올라가기 (B5 → B4, 엘리베이터) → [B4] 대합실로 이동 → 대합실 방향 엘리베이터(으)로 2개 층 올라가기 (B4 → B2, 엘리베이터) → [B2] 환승 대합실로 이동 → 환승 대합실 방향 엘리베이터(으)로 1개 층 올라가기 (B2 → B1, 엘리베이터) → [B1] 환승대합실로 이동 → 경의중앙선 승강장 방향 엘리베이터(으)로 1개 층 올라가기 (B1 → 1F, 엘리베이터) → [1F] 경의중앙선 응봉 방면 승강장으로 이동 → [1F] 승차 (휠체어칸)"
S1_5_0441,5호선,왕십리,5호선,5호선 마장,경의중앙선,청량리,B5 → B4 → B2 → B1 → 1F,10,4,0,"[B5] 5호선 마장 방면 승강장 하차 → 대합실 방향 엘리베이터(으)로 1개 층 올라가기 (B5 → B4, 엘리베이터) → [B4] 대합실로 이동 → 대합실 방향 엘리베이터(으)로 2개 층 올라가기 (B4 → B2, 엘리베이터) → [B2] 환승 대합실로 이동 → 환승 대합실 방향 엘리베이터(으)로 1개 층 올라가기 (B2 → B1, 엘리베이터) → [B1] 환승대합실로 이동 → 경의중앙선 승강장 방향 엘리베이터(으)로 1개 층 올라가기 (B1 → 1F, 엘리베이터) → [1F] 경의중앙선 청량리 방면 승강장으로 이동 → [1F] 승차 (휠체어칸)"
S1_5_0082,5호선,군자,5호선,장한평,7호선,중곡,B2 → B3,4,1,0,"[B2] 5호선 장한평 방면 승강장 하차 → 7호선 중곡 방면 엘리베이터(으)로 1개 층 내려가기 (B2 → B3, 엘리베이터) → [B3] 7호선 중곡 방면 승강장으로 이동 → [B3] 승차 (휠체어칸)"
S1_5_0082,5호선,군자,5호선,5호선 장한평,7호선,어린이대공원,B2 → B3,4,1,0,"[B2] 5호선 장한평 방면 승강장 하차 → 7호선 어린이대공원 방면 엘리베이터(으)로 1개 층 내려가기 (B2 → B3, 엘리베이터) → [B3] 7호선 어린이대공원 방면 승강장으로 이동 → [B3] 승차 (휠체어칸)"
S1_5_0082,5호선,군자,5호선,아차산,7호선,중곡,B2 → B3,4,1,0,"[B2] 5호선 아차산 방면 승강장 하차 → 7호선 중곡 방면 엘리베이터(으)로 1개 층 내려가기 (B2 → B3, 엘리베이터) → [B3] 7호선 중곡 방면 승강장으로 이동 → [B3] 승차 (휠체어칸)"
S1_5_0082,5호선,군자,5호선,아차산,7호선,어린이대공원,B2 → B3,4,1,0,"[B2] 5호선 아차산 방면 승강장 하차 → 7호선 어린이대공원 방면 엘리베이터(으)로 1개 층 내려가기 (B2 → B3, 엘리베이터) → [B3] 7호선 어린이대공원 방면 승강장으로 이동 → [B3] 승차 (휠체어칸)"
S1_5_0546,5호선,천호,5호선,광나루,8호선,암사,B3 → B2 → B1 → B2,8,3,0,"[B3] 5호선 광나루 방면 승강장 하차 → 대합실 방향 엘리베이터(으)로 1개 층 올라가기 (B3 → B2, 엘리베이터) → [B2] 대합실로 이동 → 대합실 방향 엘리베이터(으)로 1개 층 올라가기 (B2 → B1, 엘리베이터) → [B1] 대합실로 이동 → 8호선 암사 방면 엘리베이터(으)로 1개 층 내려가기 (B1 → B2, 엘리베이터) → [B2] 8호선 암사 방면 승강장으로 이동 → [B2] 승차 (휠체어칸)"
S1_5_0546,5호선,천호,5호선,광나루,8호선,강동구청,B3 → B2 → B1 → B2,8,3,0,"[B3] 5호선 광나루 방면 승강장 하차 → 대합실 방향 엘리베이터(으)로 1개 층 올라가기 (B3 → B2, 엘리베이터) → [B2] 대합실로 이동 → 대합실 방향 엘리베이터(으)로 1개 층 올라가기 (B2 → B1, 엘리베이터) → [B1] 대합실로 이동 → 8호선 강동구청 방면 엘리베이터(으)로 1개 층 내려가기 (B1 → B2, 엘리베이터) → [B2] 8호선 강동구청 방면 승강장으로 이동 → [B2] 승차 (휠체어칸)"
S1_5_0546,5호선,천호,5호선,강동,8호선,암사,B3 → B2 → B1 → B2,8,3,0,"[B3] 5호선 강동 방면 승강장 하차 → 대합실 방향 엘리베이터(으)로 1개 층 올라가기 (B3 → B2, 엘리베이터) → [B2] 대합실로 이동 → 대합실 방향 엘리베이터(으)로 1개 층 올라가기 (B2 → B1, 엘리베이터) → [B1] 대합실로 이동 → 8호선 암사 방면 엘리베이터(으)로 1개 층 내려가기 (B1 → B2, 엘리베이터) → [B2] 8호선 암사 방면 승강장으로 이동 → [B2] 승차 (휠체어칸)"
S1_5_0546,5호선,천호,5호선,강동,8호선,강동구청,B3 → B2 → B1 → B2,8,3,0,"[B3] 5호선 강동 방면 승강장 하차 → 대합실 방향 엘리베이터(으)로 1개 층 올라가기 (B3 → B2, 엘리베이터) → [B2] 대합실로 이동 → 대합실 방향 엘리베이터(으)로 1개 층 올라가기 (B2 → B1, 엘리베이터) → [B1] 대합실로 이동 → 8호선 강동구청 방면 엘리베이터(으)로 1개 층 내려가기 (B1 → B2, 엘리베이터) → [B2] 8호선 강동구청 방면 승강장으로 이동 → [B2] 승차 (휠체어칸)"
S1_5_0438,5호선,올림픽공원,5호선,둔촌동,9호선,둔촌오륜,B2 → B1 → B3,8,2,0,"[B2] 5호선 둔촌동 방면 승강장 하차 → 대합실 방향 엘리베이터(으)로 1개 층 올라가기 (B2 → B1, 엘리베이터) → [B1] 대합실로 이동 → [B1] 9호선 방향 환승통로로 이동 → [B1] 9호선 대합실로 이동 → 승강장 방향 엘리베이터(으)로 2개 층 내려가기 (B1 → B3, 엘리베이터) → [B3] 9호선 둔촌오륜 방면 승강장으로 이동 → [B3] 승차 (휠체어칸)"
S1_5_0438,5호선,올림픽공원,5호선,둔촌동,9호선,한성백제,B2 → B1 → B3,8,2,0,"[B2] 5호선 둔촌동 방면 승강장 하차 → 대합실 방향 엘리베이터(으)로 1개 층 올라가기 (B2 → B1, 엘리베이터) → [B1] 대합실로 이동 → [B1] 9호선 방향 환승통로로 이동 → [B1] 9호선 대합실로 이동 → 승강장 방향 엘리베이터(으)로 2개 층 내려가기 (B1 → B3, 엘리베이터) → [B3] 9호선 한성백제 방면 승강장으로 이동 → [B3] 승차 (휠체어칸)"
S1_5_0438,5호선,올림픽공원,5호선,방이,9호선,둔촌오륜,,4,0,0,"방이방면 승강장 → 엘리베이터 하차 → 열차승차 → 환승통로로 이동, 9호선 B2 엘리베이터 이용 (엘리베이터)"
S1_5_0438,5호선,올림픽공원,5호선,방이,9호선,한성백제,,4,0,0,"방이방면 승강장 → 엘리베이터 하차 → 열차승차 → 환승통로로 이동, 9호선 B2 엘리베이터 이용 (엘리베이터)"
S1_5_0426,5호선,오금,5호선,방이,3호선,경찰병원,B2 → B3 → B4,6,2,0,"[B2] 5호선 방이 방면 승강장 하차 → 3호선 환승통로 방향 엘리베이터(으)로 1개 층 내려가기 (B2 → B3, 엘리베이터) → [B3] 3호선 환승통로로 이동 → 3호선 경찰병원 방면 엘리베이터(으)로 1개 층 내려가기 (B3 → B4, 엘리베이터) → [B4] 3호선 경찰병원 방면 승강장으로 이동 → [B4] 승차 (휠체어칸)"
S1_5_0426,5호선,오금,5호선,개롱,3호선,경찰병원,B2 → B3 → B4,6,2,0,"[B2] 5호선 개롱 방면 승강장 하차 → 3호선 환승통로 방향 엘리베이터(으)로 1개 층 내려가기 (B2 → B3, 엘리베이터) → [B3] 3호선 환승통로로 이동 → 3호선 경찰병원 방면 엘리베이터(으)로 1개 층 내려가기 (B3 → B4, 엘리베이터) → [B4] 3호선 경찰병원 방면 승강장으로 이동 → [B4] 승차 (휠체어칸)"
S1_6_0468,6호선,응암,6호선,새절,6호선,역촌,,3,0,0,6호선 새절 방면 승강장 하차 → 6호선 역촌 방면 승강장으로 이동 → 승차 (휠체어칸)
S1_6_0468,6호선,응암,6호선,역촌,6호선,새절,,3,0,0,6호선 역촌 방면 승강장 하차 → 6호선 새절 방면 승강장으로 이동 → 승차 (휠체어칸)
S1_6_0255,6호선,불광,6호선,독바위,3호선,연신내,B4 → B2,6,1,0,"[B4] 6호선 독바위 방면 승강장 하차 → 3호선 연신내 방면 환승통로 방향 엘리베이터(으)로 2개 층 올라가기 (B4 → B2, 엘리베이터) → [B2] 환승통로로 이동 → [B2] 3호선 연신내 방면 승강장으로 이동 → [B2] 승차 (휠체어칸) → 연신내 방면 승강장 방향 휠체어리프트 이용 (휠체어리프트)"
S1_6_0255,6호선,불광,6호선,독바위,3호선,녹번,B4 → B2,6,1,0,"[B4] 6호선 독바위 방면 승강장 하차 → 3호선 녹번 방면 환승통로 방향 엘리베이터(으)로 2개 층 올라가기 (B4 → B2, 엘리베이터) → [B2] 환승통로로 이동 → [B2] 3호선 녹번 방면 승강장으로 이동 → [B2] 승차 (휠체어칸) → 녹번 방면 승강장 방향 휠체어리프트 이용 (휠체어리프트)"
S1_6_0418,6호선,연신내,6호선,구산,3호선,구파발,B5 → B1 → B2,6,2,0,"[B5] 6호선 구산 방면 승강장 하차 → 대합실 방향 엘리베이터(으)로 4개 층 올라가기 (B5 → B1, 엘리베이터) → [B1] 대합실로 이동 → 3호선 승강장 방향 엘리베이터(으)로 1개 층 내려가기 (B1 → B2, 엘리베이터) → [B2] 3호선 구파발 방면 승강장으로 이동 → [B2] 승차 (휠체어칸)"
S1_6_0418,6호선,연신내,6호선,구산,3호선,불광,B5 → B1 → B2,6,2,0,"[B5] 6호선 구산 방면 승강장 하차 → 대합실 방향 엘리베이터(으)로 4개 층 올라가기 (B5 → B1, 엘리베이터) → [B1] 대합실로 이동 → 3호선 승강장 방향 엘리베이터(으)로 1개 층 내려가기 (B1 → B2, 엘리베이터) → [B2] 3호선 불광 방면 승강장으로 이동 → [B2] 승차 (휠체어칸)"
S1_6_0174,6호선,디지털미디어시티,6호선,증산,경의중앙선,수색,B2 → B1 → 1F,6,2,0,"[B2] 6호선 증산 방면 승강장 하차 → 경의중앙선 환승통로 방향 엘리베이터(으)로 1개 층 올라가기 (B2 → B1, 엘리베이터) → [B1] 환승통로로 이동 → 경의중앙선 수색 방면 엘리베이터(으)로 1개 층 올라가기 (B1 → 1F, 엘리베이터) → [1F] 경의중앙선 수색 방면 승강장으로 이동 → [1F] 승차 (휠체어칸)"
S1_6_0174,6호선,디지털미디어시티,6호선,증산,경의중앙선,가좌,B2 → B1 → 1F,6,2,0,"[B2] 6호선 증산 방면 승강장 하차 → 경의중앙선 환승통로 방향 엘리베이터(으)로 1개 층 올라가기 (B2 → B1, 엘리베이터) → [B1] 환승통로로 이동 → 경의중앙선 가좌 방면 엘리베이터(으)로 1개 층 올라가기 (B1 → 1F, 엘리베이터) → [1F] 경의중앙선 가좌 방면 승강장으로 이동 → [1F] 승차 (휠체어칸)"
S1_6_0174,6호선,디지털미디어시티,6호선,월드컵경기장,경의중앙선,수색,B2 → B1 → 1F,6,2,0,"[B2] 6호선 월드컵경기장 방면 승강장 하차 → 경의중앙선 환승통로 방향 엘리베이터(으)로 1개 층 올라가기 (B2 → B1, 엘리베이터) → [B1] 환승통로로 이동 → 경의중앙선 수색 방면 엘리베이터(으)로 1개 층 올라가기 (B1 → 1F, 엘리베이터) → [1F] 경의중앙선 수색 방면 승강장으로 이동 → [1F] 승차 (휠체어칸)"
S1_6_0174,6호선,디지털미디어시티,6호선,월드컵경기장,경의중앙선,가좌,B2 → B1 → 1F,6,2,0,"[B2] 6호선 월드컵경기장 방면 승강장 하차 → 경의중앙선 환승통로 방향 엘리베이터(으)로 1개 층 올라가기 (B2 → B1, 엘리베이터) → [B1] 환승통로로 이동 → 경의중앙선 가좌 방면 엘리베이터(으)로 1개 층 올라가기 (B1 → 1F, 엘리베이터) → [1F] 경의중앙선 가좌 방면 승강장으로 이동 → [1F] 승차 (휠체어칸)"
S1_6_0174,6호선,디지털미디어시티,6호선,6호선 증산,,공항철도 홍대입구,B2 → B1 → B3,8,1,0,"[B2] 6호선 증산 방면 승강장 하차 → 2번/3번 출입구 방향 휠체어리프트(으)로 1개 층 올라가기 (B2 → B1, 휠체어리프트) → [B1] 대합실로 이동 → [B1] 공항철도 환승통로로 이동 → [B1] 공항철도 대합실 중앙 표 내는 곳 통과 → 홍대입구 방면 엘리베이터(으)로 2개 층 내려가기 (B1 → B3, 엘리베이터) → [B3] 공항철도 홍대입구 방면 승강장으로 이동 → [B3] 승차 (휠체어칸)"
S1_6_0174,6호선,디지털미디어시티,6호선,증산,,공항철도 마곡나루,B2 → B1 → B3,8,1,0,"[B2] 6호선 증산 방면 승강장 하차 → 2번/3번 출입구 방향 휠체어리프트(으)로 1개 층 올라가기 (B2 → B1, 휠체어리프트) → [B1] 대합실로 이동 → [B1] 공항철도 환승통로로 이동 → [B1] 공항철도 대합실 중앙 표 내는 곳 통과 → 마곡나루 방면 엘리베이터(으)로 2개 층 내려가기 (B1 → B3, 엘리베이터) → [B3] 공항철도 마곡나루 방면 승강장으로 이동 → [B3] 승차 (휠체어칸)"
S1_6_0174,6호선,디지털미디어시티,6호선,월드컵경기장,,공항철도 홍대입구,B2 → B1 → B3,8,1,0,"[B2] 6호선 월드컵경기장 방면 승강장 하차 → 2번/3번 출입구 방향 휠체어리프트(으)로 1개 층 올라가기 (B2 → B1, 휠체어리프트) → [B1] 대합실로 이동 → [B1] 공항철도 환승통로로 이동 → [B1] 공항철도 대합실 중앙 표 내는 곳 통과 → 홍대입구 방면 엘리베이터(으)로 2개 층 내려가기 (B1 → B3, 엘리베이터) → [B3] 공항철도 홍대입구 방면 승강장으로 이동 → [B3] 승차 (휠체어칸)"
S1_6_0174,6호선,디지털미디어시티,6호선,월드컵경기장,,공항철도 마곡나루,B2 → B1 → B3,8,1,0,"[B2] 6호선 월드컵경기장 방면 승강장 하차 → 2번/3번 출입구 방향 휠체어리프트(으)로 1개 층 올라가기 (B2 → B1, 휠체어리프트) → [B1] 대합실로 이동 → [B1] 공항철도 환승통로로 이동 → [B1] 공항철도 대합실 중앙 표 내는 곳 통과 → 마곡나루 방면 엘리베이터(으)로 2개 층 내려가기 (B1 → B3, 엘리베이터) → [B3] 공항철도 마곡나루 방면 승강장으로 이동 → [B3] 승차 (휠체어칸)"
S1_6_0591,6호선,합정,6호선,망원,2호선,당산,B4 → B1 → B2,6,2,0,"[B4] 6호선 망원 방면 승강장 하차 → 대합실 방향 엘리베이터(으)로 3개 층 올라가기 (B4 → B1, 엘리베이터) → [B1] 2호선 대합실로 이동 → 2호선 당산 방면 엘리베이터(으)로 1개 층 내려가기 (B1 → B2, 엘리베이터) → [B2] 2호선 당산 방면 승강장으로 이동 → [B2] 승차 (휠체어칸)"
S1_6_0591,6호선,합정,6호선,망원,2호선,홍대입구,B4 → B1 → B2,6,2,0,"[B4] 6호선 망원 방면 승강장 하차 → 대합실 방향 엘리베이터(으)로 3개 층 올라가기 (B4 → B1, 엘리베이터) → [B1] 2호선 대합실로 이동 → 2호선 홍대입구 방면 엘리베이터(으)로 1개 층 내려가기 (B1 → B2, 엘리베이터) → [B2] 2호선 홍대입구 방면 승강장으로 이동 → [B2] 승차 (휠체어칸)"
S1_6_0591,6호선,합정,6호선,상수,2호선,당산,B4 → B3 → B1 → B2,8,3,0,"[B4] 6호선 상수 방면 승강장 하차 → 대합실 방향 엘리베이터(으)로 1개 층 올라가기 (B4 → B3, 엘리베이터) → [B3] 엘리베이터 하차 → 대합실 맞은편 엘리베이터(으)로 2개 층 올라가기 (B3 → B1, 엘리베이터) → [B1] 2호선 대합실로 이동 → 2호선 당산 방면 엘리베이터(으)로 1개 층 내려가기 (B1 → B2, 엘리베이터) → [B2] 2호선 당산 방면 승강장으로 이동 → [B2] 승차 (휠체어칸)"
S1_6_0591,6호선,합정,6호선,상수,2호선,홍대입구,B4 → B3 → B1 → B2,8,3,0,"[B4] 6호선 상수 방면 승강장 하차 → 대합실 방향 엘리베이터(으)로 1개 층 올라가기 (B4 → B3, 엘리베이터) → [B3] 엘리베이터 하차 → 대합실 맞은편 엘리베이터(으)로 2개 층 올라가기 (B3 → B1, 엘리베이터) → [B1] 2호선 대합실로 이동 → 2호선 홍대입구 방면 엘리베이터(으)로 1개 층 내려가기 (B1 → B2, 엘리베이터) → [B2] 2호선 홍대입구 방면 승강장으로 이동 → [B2] 승차 (휠체어칸)"
S1_6_0054,6호선,공덕,6호선,대흥,5호선,마포,B2 → B3 → B2 → B3,9,3,0,"[B2] 6호선 대흥 방면 승강장 하차 → 환승 엘리베이터(으)로 1개 층 내려가기 (B2 → B3, 엘리베이터) → [B3] 환승통로로 이동 → 6호선 효창공원앞 방면 엘리베이터(으)로 1개 층 올라가기 (B3 → B2, 엘리베이터) → [B2] 효창공원앞 방면 승강장으로 이동 → [B2] 5호선 방향 환승통로로 이동 → 5호선 승강장 방향 엘리베이터(으)로 1개 층 내려가기 (B2 → B3, 엘리베이터) → [B3] 5호선 마포 방면 승강장으로 이동 → [B3] 승차 (휠체어칸)"
S1_6_0054,6호선,공덕,6호선,대흥,5호선,애오개,B2 → B3 → B2 → B3,9,3,0,"[B2] 6호선 대흥 방면 승강장 하차 → 환승 엘리베이터(으)로 1개 층 내려가기 (B2 → B3, 엘리베이터) → [B3] 환승통로로 이동 → 6호선 효창공원앞 방면 엘리베이터(으)로 1개 층 올라가기 (B3 → B2, 엘리베이터) → [B2] 효창공원앞 방면 승강장으로 이동 → [B2] 5호선 방향 환승통로로 이동 → 5호선 승강장 방향 엘리베이터(으)로 1개 층 내려가기 (B2 → B3, 엘리베이터) → [B3] 5호선 애오개 방면 승강장으로 이동 → [B3] 승차 (휠체어칸)"
S1_6_0054,6호선,공덕,6호선,효창공원앞,5호선,마포,B2 → B3,5,1,0,"[B2] 6호선 효창공원앞 방면 승강장 하차 → [B2] 5호선 방향 환승통로로 이동 → 5호선 승강장 방향 엘리베이터(으)로 1개 층 내려가기 (B2 → B3, 엘리베이터) → [B3] 5호선 마포 방면 승강장으로 이동 → [B3] 승차 (휠체어칸)"
S1_6_0054,6호선,공덕,6호선,효창공원앞,5호선,애오개,B2 → B3,5,1,0,"[B2] 6호선 효창공원앞 방면 승강장 하차 → [B2] 5호선 방향 환승통로로 이동 → 5호선 승강장 방향 엘리베이터(으)로 1개 층 내려가기 (B2 → B3, 엘리베이터) → [B3] 5호선 애오개 방면 승강장으로 이동 → [B3] 승차 (휠체어칸)"
S1_6_0054,6호선,공덕,6호선,대흥,경의중앙선,서강대,B2 → B3 → B2,7,2,0,"[B2] 6호선 대흥 방면 승강장 하차 → 환승 엘리베이터(으)로 1개 층 내려가기 (B2 → B3, 엘리베이터) → [B3] 환승통로로 이동 → [B3] 공항철도 대합실로 이동 → 경의중앙선 서강대 방면 엘리베이터(으)로 1개 층 올라가기 (B3 → B2, 엘리베이터) → [B2] 경의중앙선 서강대 방면 승강장으로 이동 → [B2] 승차 (휠체어칸)"
S1_6_0054,6호선,공덕,6호선,대흥,경의중앙선,효창공원앞,B2 → B3 → B2,7,2,0,"[B2] 6호선 대흥 방면 승강장 하차 → 환승 엘리베이터(으)로 1개 층 내려가기 (B2 → B3, 엘리베이터) → [B3] 환승통로로 이동 → [B3] 공항철도 대합실로 이동 → 경의중앙선 효창공원앞 방면 엘리베이터(으)로 1개 층 올라가기 (B3 → B2, 엘리베이터) → [B2] 경의중앙선 효창공원앞 방면 승강장으로 이동 → [B2] 승차 (휠체어칸)"
S1_6_0054,6호선,공덕,6호선,효창공원앞,경의중앙선,서강대,B2 → B3 → B2,7,2,0,"[B2] 6호선 효창공원앞 방면 승강장 하차 → 환승 엘리베이터(으)로 1개 층 내려가기 (B2 → B3, 엘리베이터) → [B3] 환승통로로 이동 → [B3] 공항철도 대합실로 이동 → 경의중앙선 서강대 방면 엘리베이터(으)로 1개 층 올라가기 (B3 → B2, 엘리베이터) → [B2] 경의중앙선 서강대 방면 승강장으로 이동 → [B2] 승차 (휠체어칸)"
S1_6_0054,6호선,공덕,6호선,효창공원앞,경의중앙선,효창공원앞,B2 → B3 → B2,7,2,0,"[B2] 6호선 효창공원앞 방면 승강장 하차 → 환승 엘리베이터(으)로 1개 층 내려가기 (B2 → B3, 엘리베이터) → [B3] 환승통로로 이동 → [B3] 공항철도 대합실로 이동 → 경의중앙선 효창공원앞 방면 엘리베이터(으)로 1개 층 올라가기 (B3 → B2, 엘리베이터) → [B2] 경의중앙선 효창공원앞 방면 승강장으로 이동 → [B2] 승차 (휠체어칸)"
S1_6_0054,6호선,공덕,6호선,대흥,,공항철도 서울역,B2 → B3 → B4,7,2,0,"[B2] 6호선 대흥 방면 승강장 하차 → 환승 엘리베이터(으)로 1개 층 내려가기 (B2 → B3, 엘리베이터) → [B3] 환승통로로 이동 → [B3] 공항철도 대합실로 이동 → 공항철도 서울역 방면 엘리베이터(으)로 1개 층 내려가기 (B3 → B4, 엘리베이터) → [B4] 공항철도 서울역 방면 승강장으로 이동 → [B4] 승차 (휠체어칸)"
S1_6_0054,6호선,공덕,6호선,대흥,,공항철도 홍대입구,B2 → B3 → B4,7,2,0,"[B2] 6호선 대흥 방면 승강장 하차 → 환승 엘리베이터(으)로 1개 층 내려가기 (B2 → B3, 엘리베이터) → [B3] 환승통로로 이동 → [B3] 공항철도 대합실로 이동 → 공항철도 홍대입구 방면 엘리베이터(으)로 1개 층 내려가기 (B3 → B4, 엘리베이터) → [B4] 공항철도 홍대입구 방면 승강장으로 이동 → [B4] 승차 (휠체어칸)"
S1_6_0054,6호선,공덕,6호선,효창공원앞,,공항철도 서울역,B2 → B3 → B4,7,2,0,"[B2] 6호선 효창공원앞 방면 승강장 하차 → 환승 엘리베이터(으)로 1개 층 내려가기 (B2 → B3, 엘리베이터) → [B3] 환승통로로 이동 → [B3] 공항철도 대합실로 이동 → 공항철도 서울역 방면 엘리베이터(으)로 1개 층 내려가기 (B3 → B4, 엘리베이터) → [B4] 공항철도 서울역 방면 승강장으로 이동 → [B4] 승차 (휠체어칸)"
S1_6_0054,6호선,공덕,6호선,효창공원앞,,공항철도 홍대입구,B2 → B3 → B4,7,2,0,"[B2] 6호선 효창공원앞 방면 승강장 하차 → 환승 엘리베이터(으)로 1개 층 내려가기 (B2 → B3, 엘리베이터) → [B3] 환승통로로 이동 → [B3] 공항철도 대합실로 이동 → 공항철도 홍대입구 방면 엘리베이터(으)로 1개 층 내려가기 (B3 → B4, 엘리베이터) → [B4] 공항철도 홍대입구 방면 승강장으로 이동 → [B4] 승차 (휠체어칸)"
S1_6_0609,6호선,효창공원앞,6호선,공덕,경의중앙선,공덕,B3 → B2 → B1 → B2,10,3,0,"[B3] 6호선 공덕 방면 승강장 하차 → 대합실 방향 엘리베이터(으)로 1개 층 올라가기 (B3 → B2, 엘리베이터) → [B2] 대합실로 이동 → [B2] 경의중앙선 방향 환승통로로 이동 → [B2] 용산 방면 승강장으로 이동 → 대합실 방향 엘리베이터(으)로 1개 층 올라가기 (B2 → B1, 엘리베이터) → [B1] 대합실로 이동 → 공덕 방면 엘리베이터(으)로 1개 층 내려가기 (B1 → B2, 엘리베이터) → [B2] 경의중앙선 공덕 방면 승강장으로 이동 → [B2] 승차 (휠체어칸)"
S1_6_0609,6호선,효창공원앞,6호선,공덕,경의중앙선,용산,B3 → B2,7,1,0,"[B3] 6호선 공덕 방면 승강장 하차 → 대합실 방향 엘리베이터(으)로 1개 층 올라가기 (B3 → B2, 엘리베이터) → [B2] 대합실로 이동 → [B2] 경의중앙선 방향 환승통로로 이동 → [B2] 경의중앙선 용산 방면 승강장으로 이동 → [B2] 승차 (휠체어칸) → 경의중앙선 환승 엘리베이터 이용 (엘리베이터)"
S1_6_0609,6호선,효창공원앞,6호선,삼각지,경의중앙선,공덕,B3 → B2 → B1 → B2,10,3,0,"[B3] 6호선 삼각지 방면 승강장 하차 → 대합실 방향 엘리베이터(으)로 1개 층 올라가기 (B3 → B2, 엘리베이터) → [B2] 대합실로 이동 → [B2] 경의중앙선 방향 환승통로로 이동 → [B2] 용산 방면 승강장으로 이동 → 대합실 방향 엘리베이터(으)로 1개 층 올라가기 (B2 → B1, 엘리베이터) → [B1] 대합실로 이동 → 공덕 방면 엘리베이터(으)로 1개 층 내려가기 (B1 → B2, 엘리베이터) → [B2] 경의중앙선 공덕 방면 승강장으로 이동 → [B2] 승차 (휠체어칸)"
S1_6_0609,6호선,효창공원앞,6호선,삼각지,경의중앙선,용산,B3 → B2,7,1,0,"[B3] 6호선 삼각지 방면 승강장 하차 → 대합실 방향 엘리베이터(으)로 1개 층 올라가기 (B3 → B2, 엘리베이터) → [B2] 대합실로 이동 → [B2] 경의중앙선 방향 환승통로로 이동 → [B2] 경의중앙선 용산 방면 승강장으로 이동 → [B2] 승차 (휠체어칸) → 경의중앙선 환승 엘리베이터 이용 (엘리베이터)"
S1_6_0263,6호선,삼각지,6호선,효창공원앞,4호선,숙대입구,B4 → B3 → B2,5,1,0,"[B4] 6호선 효창공원앞 방면 승강장 하차 → 4호선 숙대입구 방면 환승통로 방향 엘리베이터(으)로 1개 층 올라가기 (B4 → B3, 엘리베이터) → [B3] 환승통로로 이동 → [B2] 4호선 숙대입구 방면 승강장으로 이동 → [B2] 승차 (휠체어칸)"
S1_6_0263,6호선,삼각지,6호선,효창공원앞,4호선,신용산,B4 → B3 → B2,6,1,0,"[B4] 6호선 효창공원앞 방면 승강장 하차 → 효창공원앞 방면  1-1 근처 엘리베이터(으)로 1개 층 올라가기 (B4 → B3, 엘리베이터) → [B3] 대합실로 이동 → [B3] 환승통로로 이동 → [B2] 4호선 신용산 방면 승강장으로 이동 → [B2] 승차(휠체어칸"
S1_6_0263,6호선,삼각지,6호선,녹사평,4호선,숙대입구,B4 → B3 → B2,5,1,0,"[B4] 6호선 녹사평 방면 승강장 하차 → 4호선 숙대입구 방면 환승통로 방향 엘리베이터(으)로 1개 층 올라가기 (B4 → B3, 엘리베이터) → [B3] 환승통로로 이동 → [B2] 4호선 숙대입구 방면 승강장으로 이동 → [B2] 승차 (휠체어칸)"
S1_6_0263,6호선,삼각지,6호선,녹사평,4호선,신용산,B4 → B3 → B2,6,1,0,"[B4] 6호선 녹사평 방면 승강장 하차 → 녹사평 방면  8-4 근처 엘리베이터(으)로 1개 층 올라가기 (B4 → B3, 엘리베이터) → [B3] 대합실로 이동 → [B3] 환승통로로 이동 → [B2] 4호선 신용산 방면 승강장으로 이동 → [B2] 승차(휠체어칸)"
S1_6_0397,6호선,약수,6호선,버티고개,3호선,동대입구,B3 → B1 → B2,8,2,0,"[B3] 6호선 버티고개 방면 승강장 하차 → 대합실 방향 엘리베이터(으)로 2개 층 올라가기 (B3 → B1, 엘리베이터) → [B1] 대합실로 이동 → [B1] 3호선 대합실로 이동 → [B1] 표 내는 곳 통과 → 승강장 방향 엘리베이터(으)로 1개 층 내려가기 (B1 → B2, 엘리베이터) → [B2] 3호선 동대입구 방면 승강장으로 이동 → [B2] 승차 (휠체어칸)"
S1_6_0397,6호선,약수,6호선,버티고개,3호선,금호,B3 → B1 → B2,8,2,0,"[B3] 6호선 버티고개 방면 승강장 하차 → 대합실 방향 엘리베이터(으)로 2개 층 올라가기 (B3 → B1, 엘리베이터) → [B1] 대합실로 이동 → [B1] 3호선 대합실로 이동 → [B1] 표 내는 곳 통과 → 승강장 방향 엘리베이터(으)로 1개 층 내려가기 (B1 → B2, 엘리베이터) → [B2] 3호선 금호 방면 승강장으로 이동 → [B2] 승차 (휠체어칸)"
S1_6_0397,6호선,약수,6호선,청구,3호선,동대입구,B3 → B2 → B1 → B2,11,3,0,"[B3] 6호선 청구 방면 승강장 하차 → 대합실 방향 엘리베이터(으)로 1개 층 올라가기 (B3 → B2, 엘리베이터) → [B2] 대합실로 이동 → [B2] 표 내는 곳 통과 → 대합실 방향 엘리베이터(으)로 1개 층 올라가기 (B2 → B1, 엘리베이터) → [B1] 대합실로 이동 → [B1] 3호선 대합실로 이동 → [B1] 표 내는 곳 통과 → 승강장 방향 엘리베이터(으)로 1개 층 내려가기 (B1 → B2, 엘리베이터) → [B2] 3호선 동대입구 방면 승강장으로 이동 → [B2] 승차 (휠체어칸)"
S1_6_0397,6호선,약수,6호선,청구,3호선,금호,B3 → B2 → B1 → B2,11,3,0,"[B3] 6호선 청구 방면 승강장 하차 → 대합실 방향 엘리베이터(으)로 1개 층 올라가기 (B3 → B2, 엘리베이터) → [B2] 대합실로 이동 → [B2] 표 내는 곳 통과 → 대합실 방향 엘리베이터(으)로 1개 층 올라가기 (B2 → B1, 엘리베이터) → [B1] 대합실로 이동 → [B1] 3호선 대합실로 이동 → [B1] 표 내는 곳 통과 → 승강장 방향 엘리베이터(으)로 1개 층 내려가기 (B1 → B2, 엘리베이터) → [B2] 3호선 금호 방면 승강장으로 이동 → [B2] 승차 (휠체어칸)"
S1_6_0549,6호선,청구,6호선,약수,5호선,동대문역사문화공원,B2 → B3 → B4,6,2,0,"[B2] 6호선 약수 방면 승강장 하차 → 5호선 대합실 방향 엘리베이터(으)로 1개 층 내려가기 (B2 → B3, 엘리베이터) → [B3] 5호선 대합실로 이동 → 승강장 방향 중앙 엘리베이터(으)로 1개 층 내려가기 (B3 → B4, 엘리베이터) → [B4] 5호선 동대문역사문화공원 방면 승강장으로 이동 → [B4] 승차 (휠체어칸)"
S1_6_0549,6호선,청구,6호선,약수,5호선,신금호,B2 → B3 → B4,6,2,0,"[B2] 6호선 약수 방면 승강장 하차 → 5호선 대합실 방향 엘리베이터(으)로 1개 층 내려가기 (B2 → B3, 엘리베이터) → [B3] 5호선 대합실로 이동 → 승강장 방향 중앙 엘리베이터(으)로 1개 층 내려가기 (B3 → B4, 엘리베이터) → [B4] 5호선 신금호 방면 승강장으로 이동 → [B4] 승차 (휠체어칸)"
S1_6_0549,6호선,청구,6호선,신당,5호선,동대문역사문화공원,B2 → B3 → B4,6,2,0,"[B2] 6호선 신당 방면 승강장 하차 → 5호선 대합실 방향 엘리베이터(으)로 1개 층 내려가기 (B2 → B3, 엘리베이터) → [B3] 5호선 대합실로 이동 → 승강장 방향 중앙 엘리베이터(으)로 1개 층 내려가기 (B3 → B4, 엘리베이터) → [B4] 5호선 동대문역사문화공원 방면 승강장으로 이동 → [B4] 승차 (휠체어칸)"
S1_6_0549,6호선,청구,6호선,신당,5호선,신금호,B2 → B3 → B4,6,2,0,"[B2] 6호선 신당 방면 승강장 하차 → 5호선 대합실 방향 엘리베이터(으)로 1개 층 내려가기 (B2 → B3, 엘리베이터) → [B3] 5호선 대합실로 이동 → 승강장 방향 중앙 엘리베이터(으)로 1개 층 내려가기 (B3 → B4, 엘리베이터) → [B4] 5호선 신금호 방면 승강장으로 이동 → [B4] 승차 (휠체어칸)"
S1_6_0356,6호선,신당,6호선,청구,2호선,동대문역사문화공원,B2 → B1 → B2,7,0,0,"[B2] 6호선 청구 방면 승강장 하차 → [B2] 대합실로 이동 → 환승통로 방향 휠체어리프트(으)로 1개 층 올라가기 (B2 → B1, 휠체어리프트) → [B1] 환승통로로 이동 → 2호선 동대문역사문화공원 방면 휠체어리프트(으)로 1개 층 내려가기 (B1 → B2, 휠체어리프트) → [B2] 2호선 동대문역사문화공원 방면 승강장으로 이동 → [B2] 승차 (휠체어칸)"
S1_6_0356,6호선,신당,6호선,청구,2호선,상왕십리,B2 → B1 → B2,7,0,0,"[B2] 6호선 청구 방면 승강장 하차 → [B2] 대합실로 이동 → 환승통로 방향 휠체어리프트(으)로 1개 층 올라가기 (B2 → B1, 휠체어리프트) → [B1] 환승통로로 이동 → 2호선 상왕십리 방면 휠체어리프트(으)로 1개 층 내려가기 (B1 → B2, 휠체어리프트) → [B2] 2호선 상왕십리 방면 승강장으로 이동 → [B2] 승차 (휠체어칸)"
S1_6_0356,6호선,신당,6호선,동묘앞,2호선,동대문역사문화공원,B2 → B1 → B2,7,0,0,"[B2] 6호선 동묘앞 방면 승강장 하차 → [B2] 대합실로 이동 → 환승통로 방향 휠체어리프트(으)로 1개 층 올라가기 (B2 → B1, 휠체어리프트) → [B1] 환승통로로 이동 → 2호선 동대문역사문화공원 방면 휠체어리프트(으)로 1개 층 내려가기 (B1 → B2, 휠체어리프트) → [B2] 2호선 동대문역사문화공원 방면 승강장으로 이동 → [B2] 승차 (휠체어칸)"
S1_6_0356,6호선,신당,6호선,동묘앞,2호선,상왕십리,B2 → B1 → B2,7,0,0,"[B2] 6호선 동묘앞 방면 승강장 하차 → [B2] 대합실로 이동 → 환승통로 방향 휠체어리프트(으)로 1개 층 올라가기 (B2 → B1, 휠체어리프트) → [B1] 환승통로로 이동 → 2호선 상왕십리 방면 휠체어리프트(으)로 1개 층 내려가기 (B1 → B2, 휠체어리프트) → [B2] 2호선 상왕십리 방면 승강장으로 이동 → [B2] 승차 (휠체어칸)"
S1_6_0161,6호선,동묘앞,6호선,신당,1호선,신설동,B2 → B1,5,1,0,"[B2] 6호선 신당 방면 승강장 하차 → [B2] 환승통로로 이동 → 1호선 신설동 방면 엘리베이터(으)로 1개 층 올라가기 (B2 → B1, 엘리베이터) → [B1] 1호선 신설동 방면 승강장으로 이동 → [B1] 승차 (휠체어칸)"
S1_6_0161,6호선,동묘앞,6호선,신당,1호선,동대문,B2 → B1,5,1,0,"[B2] 6호선 신당 방면 승강장 하차 → [B2] 환승통로로 이동 → 1호선 동대문 방면 엘리베이터(으)로 1개 층 올라가기 (B2 → B1, 엘리베이터) → [B1] 1호선 동대문 방면 승강장으로 이동 → [B1] 승차 (휠체어칸)"
S1_6_0161,6호선,동묘앞,6호선,창신,1호선,신설동,B2 → B1,5,1,0,"[B2] 6호선 창신 방면 승강장 하차 → [B2] 환승통로로 이동 → 1호선 신설동 방면 엘리베이터(으)로 1개 층 올라가기 (B2 → B1, 엘리베이터) → [B1] 1호선 신설동 방면 승강장으로 이동 → [B1] 승차 (휠체어칸)"
S1_6_0161,6호선,동묘앞,6호선,창신,1호선,동대문,B2 → B1,5,1,0,"[B2] 6호선 창신 방면 승강장 하차 → [B2] 환승통로로 이동 → 1호선 동대문 방면 엘리베이터(으)로 1개 층 올라가기 (B2 → B1, 엘리베이터) → [B1] 1호선 동대문 방면 승강장으로 이동 → [B1] 승차 (휠체어칸)"
S1_6_0234,6호선,보문,6호선,6호선 창신,우이신설선,신설동,B3 → B2 → B4,7,2,0,"[B3] 6호선 창신 방면 승강장 하차 → 대합실 방향 엘리베이터(으)로 1개 층 올라가기 (B3 → B2, 엘리베이터) → [B2] 대합실로 이동 → [B2] 표 내는 곳 통과 → 우이신설선 신설동 방면 엘리베이터(으)로 2개 층 내려가기 (B2 → B4, 엘리베이터) → [B4] 우이신설선 신설동 방면 승강장으로 이동 → [B4] 승차 (휠체어칸)"
S1_6_0234,6호선,보문,6호선,창신,우이신설선,성신여대입구,B3 → B2 → B4,7,2,0,"[B3] 6호선 창신 방면 승강장 하차 → 대합실 방향 엘리베이터(으)로 1개 층 올라가기 (B3 → B2, 엘리베이터) → [B2] 대합실로 이동 → [B2] 표 내는 곳 통과 → 우이신설선 성신여대입구 방면 엘리베이터(으)로 2개 층 내려가기 (B2 → B4, 엘리베이터) → [B4] 우이신설선 성신여대입구 방면 승강장으로 이동 → [B4] 승차 (휠체어칸)"
S1_6_0234,6호선,보문,6호선,안암,우이신설선,신설동,B3 → B2 → B4,7,2,0,"[B3] 6호선 안암 방면 승강장 하차 → 대합실 방향 엘리베이터(으)로 1개 층 올라가기 (B3 → B2, 엘리베이터) → [B2] 대합실로 이동 → [B2] 표 내는 곳 통과 → 우이신설선 신설동 방면 엘리베이터(으)로 2개 층 내려가기 (B2 → B4, 엘리베이터) → [B4] 우이신설선 신설동 방면 승강장으로 이동 → [B4] 승차 (휠체어칸)"
S1_6_0234,6호선,보문,6호선,안암,우이신설선,성신여대입구,B3 → B2 → B4,7,2,0,"[B3] 6호선 안암 방면 승강장 하차 → 대합실 방향 엘리베이터(으)로 1개 층 올라가기 (B3 → B2, 엘리베이터) → [B2] 대합실로 이동 → [B2] 표 내는 곳 통과 → 우이신설선 성신여대입구 방면 엘리베이터(으)로 2개 층 내려가기 (B2 → B4, 엘리베이터) → [B4] 우이신설선 성신여대입구 방면 승강장으로 이동 → [B4] 승차 (휠체어칸)"
S1_6_0300,6호선,석계,6호선,돌곶이,1호선,광운대,B3 → B2 → B1 → 2F,9,2,0,"[B3] 6호선 돌곶이 방면 승강장 하차 → 1번칸 옆 휠체어리프트(으)로 1개 층 올라가기 (B3 → B2, 휠체어리프트) → [B2] 표 내는 곳 통과 후 대합실 엘리베이터로 이동 → 1호선 대합실 방향 엘리베이터(으)로 1개 층 올라가기 (B2 → B1, 엘리베이터) → [B1] 1호선 대합실로 이동 → [B1] 표 내는 곳 통과 → 1호선 석계역 역사로 들어가 개집표기 통과 후 내부 엘리베이터(으)로 2개 층 올라가기 (B1 → 2F, 엘리베이터) → [2F] 1호선 광운대 방면 승강장으로 이동 → [2F] 승차 (휠체어칸)"
S1_6_0300,6호선,석계,6호선,돌곶이,1호선,신이문,B3 → B2 → B1 → 2F,9,2,0,"[B3] 6호선 돌곶이 방면 승강장 하차 → 1번칸 옆 휠체어리프트(으)로 1개 층 올라가기 (B3 → B2, 휠체어리프트) → [B2] 표 내는 곳 통과 후 대합실 엘리베이터로 이동 → 1호선 대합실 방향 엘리베이터(으)로 1개 층 올라가기 (B2 → B1, 엘리베이터) → [B1] 1호선 대합실로 이동 → [B1] 표 내는 곳 통과 → 1호선 석계역 역사로 들어가 개집표기 통과 후 내부 엘리베이터(으)로 2개 층 올라가기 (B1 → 2F, 엘리베이터) → [2F] 1호선 신이문 방면 승강장으로 이동 → [2F] 승차 (휠체어칸)"
S1_6_0300,6호선,석계,6호선,태릉입구,1호선,광운대,B3 → B2 → B1 → 2F,9,2,0,"[B3] 6호선 태릉입구 방면 승강장 하차 → 8번칸 옆 휠체어리프트(으)로 1개 층 올라가기 (B3 → B2, 휠체어리프트) → [B2] 표 내는 곳 통과 후 대합실 엘리베이터로 이동 → 1호선 대합실 방향 엘리베이터(으)로 1개 층 올라가기 (B2 → B1, 엘리베이터) → [B1] 1호선 대합실로 이동 → [B1] 표 내는 곳 통과 → 1호선 석계역 역사로 들어가 개집표기 통과 후 내부 엘리베이터(으)로 2개 층 올라가기 (B1 → 2F, 엘리베이터) → [2F] 1호선 광운대 방면 승강장으로 이동 → [2F] 승차 (휠체어칸)"
S1_6_0300,6호선,석계,6호선,태릉입구,1호선,신이문,B3 → B2 → B1 → 2F,9,2,0,"[B3] 6호선 태릉입구 방면 승강장 하차 → 8번칸 옆 휠체어리프트(으)로 1개 층 올라가기 (B3 → B2, 휠체어리프트) → [B2] 표 내는 곳 통과 후 대합실 엘리베이터로 이동 → 1호선 대합실 방향 엘리베이터(으)로 1개 층 올라가기 (B2 → B1, 엘리베이터) → [B1] 1호선 대합실로 이동 → [B1] 표 내는 곳 통과 → 1호선 석계역 역사로 들어가 개집표기 통과 후 내부 엘리베이터(으)로 2개 층 올라가기 (B1 → 2F, 엘리베이터) → [2F] 1호선 신이문 방면 승강장으로 이동 → [2F] 승차 (휠체어칸)"
S1_6_0568,6호선,태릉입구,6호선,석계,7호선,공릉,B2 → B1 → B4,7,2,0,"[B2] 6호선 석계 방면 승강장 하차 → 대합실 방향 엘리베이터(으)로 1개 층 올라가기 (B2 → B1, 엘리베이터) → [B1] 대합실로 이동 → [B1] 7호선 대합실로 이동 → 공릉 방면 엘리베이터(으)로 3개 층 내려가기 (B1 → B4, 엘리베이터) → [B4] 7호선 공릉 방면 승강장으로 이동 → [B4] 승차 (휠체어칸)"
S1_6_0568,6호선,태릉입구,6호선,석계,7호선,먹골,B2 → B1 → B4,7,2,0,"[B2] 6호선 석계 방면 승강장 하차 → 대합실 방향 엘리베이터(으)로 1개 층 올라가기 (B2 → B1, 엘리베이터) → [B1] 대합실로 이동 → [B1] 7호선 대합실로 이동 → 먹골 방면 엘리베이터(으)로 3개 층 내려가기 (B1 → B4, 엘리베이터) → [B4] 7호선 먹골 방면 승강장으로 이동 → [B4] 승차 (휠체어칸)"
S1_6_0568,6호선,태릉입구,6호선,화랑대,7호선,공릉,B2 → B1 → B4,7,2,0,"[B2] 6호선 화랑대 방면 승강장 하차 → 대합실 방향 엘리베이터(으)로 1개 층 올라가기 (B2 → B1, 엘리베이터) → [B1] 대합실로 이동 → [B1] 7호선 대합실로 이동 → 공릉 방면 엘리베이터(으)로 3개 층 내려가기 (B1 → B4, 엘리베이터) → [B4] 7호선 공릉 방면 승강장으로 이동 → [B4] 승차 (휠체어칸)"
S1_6_0568,6호선,태릉입구,6호선,화랑대,7호선,먹골,B2 → B1 → B4,7,2,0,"[B2] 6호선 화랑대 방면 승강장 하차 → 대합실 방향 엘리베이터(으)로 1개 층 올라가기 (B2 → B1, 엘리베이터) → [B1] 대합실로 이동 → [B1] 7호선 대합실로 이동 → 먹골 방면 엘리베이터(으)로 3개 층 내려가기 (B1 → B4, 엘리베이터) → [B4] 7호선 먹골 방면 승강장으로 이동 → [B4] 승차 (휠체어칸)"
S1_6_0353,6호선,신내,6호선, 6호선 신내 (종착역),경춘선,망우,1F → 2F → 3F,6,2,0,"[1F] 6호선 신내 (종착역) 승강장 하차 → 대합실 방향 엘리베이터(으)로 1개 층 올라가기 (1F → 2F, 엘리베이터) → [2F] 대합실로 이동 → 경춘선 망우 방면 엘리베이터(으)로 1개 층 올라가기 (2F → 3F, 엘리베이터) → [3F] 경춘선 망우 방면 승강장으로 이동 → [3F] 승차 (휠체어칸)"
S1_6_0353,6호선,신내,6호선,6호선 신내 (종착역),경춘선,갈매,1F → 2F → 3F,6,2,0,"[1F] 6호선 신내 (종착역) 승강장 하차 → 대합실 방향 엘리베이터(으)로 1개 층 올라가기 (1F → 2F, 엘리베이터) → [2F] 대합실로 이동 → 경춘선 갈매 방면 엘리베이터(으)로 1개 층 올라가기 (2F → 3F, 엘리베이터) → [3F] 경춘선 갈매 방면 승강장으로 이동 → [3F] 승차 (휠체어칸)"
S1_7_0146,7호선,도봉산,7호선,장암,1호선,망월사,2F → 1F → 2F → 1F,9,3,0,"[2F] 7호선 장암 방면 승강장 하차 → 7호선 장암 방면 엘리베이터(으)로 1개 층 내려가기 (2F → 1F, 엘리베이터) → [1F] 7호선 수락산 방면 엘리베이터 이동 → [1F] 1호선 환승 엘리베이터 이동 → 1호선 환승 엘리베이터(으)로 1개 층 올라가기 (1F → 2F, 엘리베이터) → [2F] 1호선 망월사 방면 엘리베이터 이동 → 1호선 망월사 방면 엘리베이터(으)로 1개 층 내려가기 (2F → 1F, 엘리베이터) → [1F] 1호선 망월사 방면 승강장 이동 → [1F] 승차(휠체어칸)"
S1_7_0146,7호선,도봉산,7호선,장암,1호선,도봉,2F → 1F → 2F → 1F,9,3,0,"[2F] 7호선 장암 방면 승강장 하차 → 7호선 장암 방면 엘리베이터(으)로 1개 층 내려가기 (2F → 1F, 엘리베이터) → [1F] 7호선 수락산 방면 엘리베이터 이동 → [1F] 1호선 환승 엘리베이터 이동 → 1호선 환승 엘리베이터(으)로 1개 층 올라가기 (1F → 2F, 엘리베이터) → [2F] 1호선 도봉 방면 엘리베이터 이동 → 1호선 도봉 방면 엘리베이터(으)로 1개 층 내려가기 (2F → 1F, 엘리베이터) → [1F] 1호선 도봉 방면 승강장 이동 → [1F] 승차(휠체어칸)"
S1_7_0146,7호선,도봉산,7호선,수락산,1호선,망월사,2F → 1F,6,1,0,"[2F] 7호선 수락산 방면 승강장 하차 → [2F] 1호선 환승 엘리베이터 방향 이동 → [2F] 1호선 망월사 방면 엘리베이터 이동 → 1호선 망월사 방면 엘리베이터(으)로 1개 층 내려가기 (2F → 1F, 엘리베이터) → [1F] 1호선 망월사 방면 승강장으로 이동 → [1F] 승차 (휠체어칸)"
S1_7_0146,7호선,도봉산,7호선,수락산,1호선,도봉,2F → 1F,6,1,0,"[2F] 7호선 수락산 방면 승강장 하차 → [2F] 1호선 환승 엘리베이터 방향 이동 → [2F] 1호선 도봉 방면 엘리베이터 이동 → 1호선 도봉 방면 엘리베이터(으)로 1개 층 내려가기 (2F → 1F, 엘리베이터) → [1F] 1호선 도봉 방면 승강장으로 이동 → [1F] 승차 (휠체어칸)"
S1_7_0115,7호선,노원,7호선,마들,4호선,상계,B3 → B1 → 1F → 2F → 3F,11,4,0,"[B3] 7호선 마들 방면 승강장 이동 → 7호선 승강장 방향 엘리베이터(으)로 2개 층 올라가기 (B3 → B1, 엘리베이터) → [B1] 표 내는 곳 통과 → 7호선 3번 출입구 옆 엘리베이터(으)로 1개 층 올라가기 (B1 → 1F, 엘리베이터) → [1F] 4호선 2번 출입구 옆 엘리베이터 이동 → 4호선 2번 출입구 옆 엘리베이터(으)로 1개 층 올라가기 (1F → 2F, 엘리베이터) → [2F] 표 내는 곳 통과 → [2F] 4호선 상계 방면 엘리베이터 이동 → 4호선 상계 방면 엘리베이터(으)로 1개 층 올라가기 (2F → 3F, 엘리베이터) → [3F] 4호선 상계 방면 승강장 이동 → [3F] 승차(휠체어칸)"
S1_7_0115,7호선,노원,7호선,마들,4호선,창동,B3 → B1 → 1F → 2F → 3F,11,4,0,"[B3] 7호선 마들 방면 승강장 이동 → 7호선 승강장 방향 엘리베이터(으)로 2개 층 올라가기 (B3 → B1, 엘리베이터) → [B1] 표 내는 곳 통과 → 7호선 3번 출입구 옆 엘리베이터(으)로 1개 층 올라가기 (B1 → 1F, 엘리베이터) → [1F] 4호선 2번 출입구 옆 엘리베이터 이동 → 4호선 2번 출입구 옆 엘리베이터(으)로 1개 층 올라가기 (1F → 2F, 엘리베이터) → [2F] 표 내는 곳 통과 → [2F] 4호선 창동 방면 엘리베이터 이동 → 4호선 창동 방면 엘리베이터(으)로 1개 층 올라가기 (2F → 3F, 엘리베이터) → [3F] 4호선 창동 방면 승강장 이동 → [3F] 승차(휠체어칸)"
S1_7_0115,7호선,노원,7호선,중계,4호선,상계,B3 → B1 → 1F → 2F → 3F,11,4,0,"[B3] 7호선 중계 방면 승강장 이동 → 7호선 승강장 방향 엘리베이터(으)로 2개 층 올라가기 (B3 → B1, 엘리베이터) → [B1] 표 내는 곳 통과 → 7호선 3번 출입구 옆 엘리베이터(으)로 1개 층 올라가기 (B1 → 1F, 엘리베이터) → [1F] 4호선 2번 출입구 옆 엘리베이터 이동 → 4호선 2번 출입구 옆 엘리베이터(으)로 1개 층 올라가기 (1F → 2F, 엘리베이터) → [2F] 표 내는 곳 통과 → [2F] 4호선 상계 방면 엘리베이터 이동 → 4호선 상계 방면 엘리베이터(으)로 1개 층 올라가기 (2F → 3F, 엘리베이터) → [3F] 4호선 상계 방면 승강장 이동 → [3F] 승차(휠체어칸)"
S1_7_0115,7호선,노원,7호선,중계,4호선,창동,B3 → B1 → 1F → 2F → 3F,11,4,0,"[B3] 7호선 중계 방면 승강장 이동 → 7호선 승강장 방향 엘리베이터(으)로 2개 층 올라가기 (B3 → B1, 엘리베이터) → [B1] 표 내는 곳 통과 → 7호선 3번 출입구 옆 엘리베이터(으)로 1개 층 올라가기 (B1 → 1F, 엘리베이터) → [1F] 4호선 2번 출입구 옆 엘리베이터 이동 → 4호선 2번 출입구 옆 엘리베이터(으)로 1개 층 올라가기 (1F → 2F, 엘리베이터) → [2F] 표 내는 곳 통과 → [2F] 4호선 창동 방면 엘리베이터 이동 → 4호선 창동 방면 엘리베이터(으)로 1개 층 올라가기 (2F → 3F, 엘리베이터) → [3F] 4호선 창동 방면 승강장 이동 → [3F] 승차(휠체어칸)"
S1_7_0568,7호선,태릉입구,7호선,공릉,6호선,석계,B4 → B1 → B2,7,2,0,"[B4] 7호선 공릉 방면 승강장 하차 → 대합실 방향 엘리베이터(으)로 3개 층 올라가기 (B4 → B1, 엘리베이터) → [B1] 대합실로 이동 → [B1] 6호선 대합실로 이동 → 석계 방면 엘리베이터(으)로 1개 층 내려가기 (B1 → B2, 엘리베이터) → [B2] 6호선 석계 방면 승강장으로 이동 → [B2] 승차 (휠체어칸)"
S1_7_0568,7호선,태릉입구,7호선,공릉,6호선,화랑대,B4 → B1 → B2,7,2,0,"[B4] 7호선 공릉 방면 승강장 하차 → 대합실 방향 엘리베이터(으)로 3개 층 올라가기 (B4 → B1, 엘리베이터) → [B1] 대합실로 이동 → [B1] 6호선 대합실로 이동 → 화랑대 방면 엘리베이터(으)로 1개 층 내려가기 (B1 → B2, 엘리베이터) → [B2] 6호선 화랑대 방면 승강장으로 이동 → [B2] 승차 (휠체어칸)"
S1_7_0568,7호선,태릉입구,7호선,먹골,6호선,석계,B4 → B1 → B2,7,2,0,"[B4] 7호선 먹골 방면 승강장 하차 → 대합실 방향 엘리베이터(으)로 3개 층 올라가기 (B4 → B1, 엘리베이터) → [B1] 대합실로 이동 → [B1] 6호선 대합실로 이동 → 석계 방면 엘리베이터(으)로 1개 층 내려가기 (B1 → B2, 엘리베이터) → [B2] 6호선 석계 방면 승강장으로 이동 → [B2] 승차 (휠체어칸)"
S1_7_0568,7호선,태릉입구,7호선,먹골,6호선,화랑대,B4 → B1 → B2,7,2,0,"[B4] 7호선 먹골 방면 승강장 하차 → 대합실 방향 엘리베이터(으)로 3개 층 올라가기 (B4 → B1, 엘리베이터) → [B1] 대합실로 이동 → [B1] 6호선 대합실로 이동 → 화랑대 방면 엘리베이터(으)로 1개 층 내려가기 (B1 → B2, 엘리베이터) → [B2] 6호선 화랑대 방면 승강장으로 이동 → [B2] 승차 (휠체어칸)"
S1_7_0276,7호선,상봉,7호선,중화,경의중앙선,중랑,B3 → B1 → 1F,7,2,0,"[B3] 7호선 중화 방면 승강장 하차 → 대합실 방향 엘리베이터(으)로 2개 층 올라가기 (B3 → B1, 엘리베이터) → [B1] 대합실로 이동 → [B1] 환승통로로 이동 → 경의중앙선 중랑 방면 엘리베이터(으)로 1개 층 올라가기 (B1 → 1F, 엘리베이터) → [1F] 경의중앙선 중랑 방면 승강장으로 이동 → [1F] 승차 (휠체어칸)"
S1_7_0276,7호선,상봉,7호선,중화,경의중앙선,망우,B3 → B1 → 1F,8,2,0,"[B3] 7호선 중화 방면 승강장 하차 → 대합실 방향 엘리베이터(으)로 2개 층 올라가기 (B3 → B1, 엘리베이터) → [B1] 대합실로 이동 → [B1] 환승통로로 이동 → [B1] 경의중앙선 대합실로 이동 → 경의중앙선 망우 방면 엘리베이터(으)로 1개 층 올라가기 (B1 → 1F, 엘리베이터) → [1F] 경의중앙선 망우 방면 승강장으로 이동 → [1F] 승차 (휠체어칸)"
S1_7_0276,7호선,상봉,7호선,면목,경의중앙선,중랑,B3 → B1 → 1F,7,2,0,"[B3] 7호선 면목 방면 승강장 하차 → 대합실 방향 엘리베이터(으)로 2개 층 올라가기 (B3 → B1, 엘리베이터) → [B1] 대합실로 이동 → [B1] 환승통로로 이동 → 경의중앙선 중랑 방면 엘리베이터(으)로 1개 층 올라가기 (B1 → 1F, 엘리베이터) → [1F] 경의중앙선 중랑 방면 승강장으로 이동 → [1F] 승차 (휠체어칸)"
S1_7_0276,7호선,상봉,7호선,면목,경의중앙선,망우,B3 → B1 → 1F,8,2,0,"[B3] 7호선 면목 방면 승강장 하차 → 대합실 방향 엘리베이터(으)로 2개 층 올라가기 (B3 → B1, 엘리베이터) → [B1] 대합실로 이동 → [B1] 환승통로로 이동 → [B1] 경의중앙선 대합실로 이동 → 경의중앙선 망우 방면 엘리베이터(으)로 1개 층 올라가기 (B1 → 1F, 엘리베이터) → [1F] 경의중앙선 망우 방면 승강장으로 이동 → [1F] 승차 (휠체어칸)"
S1_7_0276,7호선,상봉,7호선,중화,경춘선,중랑,B3 → B1 → 1F,8,2,0,"[B3] 7호선 중화 방면 승강장 하차 → 대합실 방향 엘리베이터(으)로 2개 층 올라가기 (B3 → B1, 엘리베이터) → [B1] 대합실로 이동 → [B1] 환승통로로 이동 → [B1] 경춘선 대합실로 이동 → 경춘선 중랑 방면 엘리베이터(으)로 1개 층 올라가기 (B1 → 1F, 엘리베이터) → [1F] 경춘선 중랑 방면 승강장으로 이동 → [1F] 승차 (휠체어칸)"
S1_7_0276,7호선,상봉,7호선,중화,경춘선,망우,B3 → B1 → 1F,8,2,0,"[B3] 7호선 중화 방면 승강장 하차 → 대합실 방향 엘리베이터(으)로 2개 층 올라가기 (B3 → B1, 엘리베이터) → [B1] 대합실로 이동 → [B1] 환승통로로 이동 → [B1] 경춘선 대합실로 이동 → 경춘선 망우 방면 엘리베이터(으)로 1개 층 올라가기 (B1 → 1F, 엘리베이터) → [1F] 경춘선 망우 방면 승강장으로 이동 → [1F] 승차 (휠체어칸)"
S1_7_0276,7호선,상봉,7호선,7호선 면목,경춘선,중랑,B3 → B1 → 1F,8,2,0,"[B3] 7호선 면목 방면 승강장 하차 → 대합실 방향 엘리베이터(으)로 2개 층 올라가기 (B3 → B1, 엘리베이터) → [B1] 대합실로 이동 → [B1] 환승통로로 이동 → [B1] 경춘선 대합실로 이동 → 경춘선 중랑 방면 엘리베이터(으)로 1개 층 올라가기 (B1 → 1F, 엘리베이터) → [1F] 경춘선 중랑 방면 승강장으로 이동 → [1F] 승차 (휠체어칸)"
S1_7_0276,7호선,상봉,7호선,면목,경춘선,망우,B3 → B1 → 1F,8,2,0,"[B3] 7호선 면목 방면 승강장 하차 → 대합실 방향 엘리베이터(으)로 2개 층 올라가기 (B3 → B1, 엘리베이터) → [B1] 대합실로 이동 → [B1] 환승통로로 이동 → [B1] 경춘선 대합실로 이동 → 경춘선 망우 방면 엘리베이터(으)로 1개 층 올라가기 (B1 → 1F, 엘리베이터) → [1F] 경춘선 망우 방면 승강장으로 이동 → [1F] 승차 (휠체어칸)"
S1_7_0082,7호선,군자,7호선,중곡,5호선,장한평,B3 → B2,4,1,0,"[B3] 7호선 중곡 방면 승강장 하차 → 엘리베이터(으)로 1개 층 올라가기 (B3 → B2, 엘리베이터) → [B2] 5호선 장한평 방면 승강장으로 이동 → [B2] 승차 (휠체어칸)"
S1_7_0082,7호선,군자,7호선,중곡,5호선,아차산,B3 → B2,4,1,0,"[B3] 7호선 중곡 방면 승강장 하차 → 엘리베이터(으)로 1개 층 올라가기 (B3 → B2, 엘리베이터) → [B2] 5호선 아차산 방면 승강장으로 이동 → [B2] 승차 (휠체어칸)"
S1_7_0082,7호선,군자,7호선,어린이대공원,5호선,장한평,B3 → B2,4,1,0,"[B3] 7호선 어린이대공원 방면 승강장 하차 → 엘리베이터(으)로 1개 층 올라가기 (B3 → B2, 엘리베이터) → [B2] 5호선 장한평 방면 승강장으로 이동 → [B2] 승차 (휠체어칸)"
S1_7_0082,7호선,군자,7호선,어린이대공원,5호선,아차산,B3 → B2,4,1,0,"[B3] 7호선 어린이대공원 방면 승강장 하차 → 엘리베이터(으)로 1개 층 올라가기 (B3 → B2, 엘리베이터) → [B2] 5호선 아차산 방면 승강장으로 이동 → [B2] 승차 (휠체어칸)"
S1_7_0031,7호선,건대입구,7호선,어린이대공원,2호선,성수,B2 → 1F → 2F → 3F,10,3,0,"[B2] 7호선 어린이대공원 방면 승강장 하차 → [B2] 표 내는 곳 통과 → 7호선 3번 출입구 옆 엘리베이터(으)로 2개 층 올라가기 (B2 → 1F, 엘리베이터) → [1F] 횡단보도 건넌 후 2호선 5번 출입구로 이동 → [1F] 2호선 6번 출입구 옆 엘리베이터 이동 → 2호선 6번 출입구 옆 엘리베이터(으)로 1개 층 올라가기 (1F → 2F, 엘리베이터) → [2F] 표 내는 곳 통과 → 성수 방면 엘리베이터(으)로 1개 층 올라가기 (2F → 3F, 엘리베이터) → [3F] 2호선 성수 방면 승강장으로 이동 → [3F] 승차 (휠체어칸)"
S1_7_0031,7호선,건대입구,7호선,어린이대공원,2호선,구의,B2 → 1F → 3F,8,2,0,"[B2] 7호선 어린이대공원 방면 승강장 하차 → [B2] 표 내는 곳 통과 → 7호선 3번 출입구 옆 엘리베이터(으)로 2개 층 올라가기 (B2 → 1F, 엘리베이터) → [1F] 횡단보도 건넌 후 2호선 5번 출입구로 이동 → [1F] 2호선 6번 출입구 옆 엘리베이터 이동 → 2호선 6번 출입구 옆 엘리베이터(으)로 2개 층 올라가기 (1F → 3F, 엘리베이터) → [3F] 2호선 구의 방면 승강장으로 이동 → [3F] 승차 (휠체어칸)"
S1_7_0031,7호선,건대입구,7호선,자양,2호선,성수,B2 → B3 → 1F → 2F → 3F,14,4,0,"[B2] 7호선 자양 방면 승강장 하차 → 7호선 자양 방면 엘리베이터(으)로 1개 층 내려가기 (B2 → B3, 엘리베이터) → [B3] 환승통로로 이동 → [B3] 7호선 어린이대공원 방면 승강장 이동 → [B3] 표 내는 곳 통과 → [B3] 7호선 3번 출입구 옆 엘리베이터 이동 → 7호선 3번 출입구 옆 엘리베이터(으)로 3개 층 올라가기 (B3 → 1F, 엘리베이터) → [1F] 횡단보도 건넌 후 2호선 5번 출입구로 이동 → [1F] 2호선 6번 출입구 옆 엘리베이터 이동 → 2호선 6번 출입구 옆 엘리베이터(으)로 1개 층 올라가기 (1F → 2F, 엘리베이터) → [2F] 표 내는 곳 통과 → 성수 방면 엘리베이터(으)로 1개 층 올라가기 (2F → 3F, 엘리베이터) → [3F] 2호선 성수 방면 승강장으로 이동 → [3F] 승차 (휠체어칸)"
S1_7_0031,7호선,건대입구,7호선,자양,2호선,구의,B2 → B3 → 1F → 3F,12,3,0,"[B2] 7호선 자양 방면 승강장 하차 → 7호선 자양 방면 엘리베이터(으)로 1개 층 내려가기 (B2 → B3, 엘리베이터) → [B3] 환승통로로 이동 → [B3] 7호선 어린이대공원 방면 승강장 이동 → [B3] 표 내는 곳 통과 → [B3] 7호선 3번 출입구 옆 엘리베이터 이동 → 7호선 3번 출입구 옆 엘리베이터(으)로 3개 층 올라가기 (B3 → 1F, 엘리베이터) → [1F] 횡단보도 건넌 후 2호선 5번 출입구로 이동 → [1F] 2호선 6번 출입구 옆 엘리베이터 이동 → 2호선 6번 출입구 옆 엘리베이터(으)로 2개 층 올라가기 (1F → 3F, 엘리베이터) → [3F] 2호선 구의 방면 승강장으로 이동 → [3F] 승차 (휠체어칸)"
S1_7_0018,7호선,강남구청,7호선,청담,수인분당선,압구정로데오,B3 → B5,4,1,0,"[B3] 7호선 청담 방면 승강장 하차 → 6번칸 근처 엘리베이터(으)로 2개 층 내려가기 (B3 → B5, 엘리베이터) → [B5] 수인분당선 압구정로데오 방면 승강장으로 이동 → [B5] 승차(휠체어칸)"
S1_7_0018,7호선,강남구청,7호선,청담,수인분당선,선정릉,B3 → B5,4,1,0,"[B3] 7호선 청담 방면 승강장 하차 → 3번칸 근처 엘리베이터(으)로 2개 층 내려가기 (B3 → B5, 엘리베이터) → [B5] 수인분당선 선정릉 방면 승강장으로 이동 → [B5] 승차(휠체어칸)"
S1_7_0018,7호선,강남구청,7호선,학동,수인분당선,압구정로데오,B3 → B5,4,1,0,"[B3] 7호선 학동 방면 승강장 하차 → 6번칸 근처 엘리베이터(으)로 2개 층 내려가기 (B3 → B5, 엘리베이터) → [B5] 수인분당선 선정릉 방면 승강장으로 이동 → [B5] 승차(휠체어칸)"
S1_7_0018,7호선,강남구청,7호선,학동,수인분당선,선정릉,B3 → B5,4,1,0,"[B3] 7호선 학동방면 승강장 하차 → 3번칸 근처 엘리베이터(으)로 2개 층 내려가기 (B3 → B5, 엘리베이터) → [B5] 수인분당선 선정릉 방면 승강장으로 이동 → [B5] 승차(휠체어칸)"
S1_7_0120,7호선,논현,7호선,7호선 학동,신분당선,신사,B3 → B4,5,1,0,"[B3] 7호선 학동 방면 승강장 하차 → [B3] 환승통로 표 내는 곳 통과 → 신분당선 승강장 방향 엘리베이터(으)로 1개 층 내려가기 (B3 → B4, 엘리베이터) → [B4] 신분당선 신사 방면 승강장으로 이동 → [B4] 승차 (휠체어칸)"
S1_7_0120,7호선,논현,7호선,학동,신분당선,신논현,B3 → B4,5,1,0,"[B3] 7호선 학동 방면 승강장 하차 → [B3] 환승통로 표 내는 곳 통과 → 신분당선 승강장 방향 엘리베이터(으)로 1개 층 내려가기 (B3 → B4, 엘리베이터) → [B4] 신분당선 신논현 방면 승강장으로 이동 → [B4] 승차 (휠체어칸)"
S1_7_0120,7호선,논현,7호선,반포,신분당선,신사,B3 → B4,5,1,0,"[B3] 7호선 반포 방면 승강장 하차 → 환승통로 신분당선 승강장 방향 엘리베이터(으)로 1개 층 내려가기 (B3 → B4, 엘리베이터) → [B4] 신분당선 신사 방면 승강장으로 이동 → [B4] 표 내는 곳 통과 → [B4] 승차 (휠체어칸)"
S1_7_0120,7호선,논현,7호선,반포,신분당선,신논현,B3 → B4,5,1,0,"[B3] 7호선 반포 방면 승강장 하차 → 환승통로 신분당선 승강장 방향 엘리베이터(으)로 1개 층 내려가기 (B3 → B4, 엘리베이터) → [B4] 신분당선 신논현 방면 승강장으로 이동 → [B4] 표 내는 곳 통과 → [B4] 승차 (휠체어칸)"
S1_7_0048,7호선,고속터미널,7호선,반포,3호선,잠원,B3 → B2 → B3,7,2,0,"[B3] 7호선 반포 방면 승강장 하차 → 대합실 방향 엘리베이터(으)로 1개 층 올라가기 (B3 → B2, 엘리베이터) → [B2] 대합실로 이동 → [B2] 3호선 대합실로 이동 → 잠원 방면 엘리베이터(으)로 1개 층 내려가기 (B2 → B3, 엘리베이터) → [B3] 3호선 잠원 방면 승강장으로 이동 → [B3] 승차 (휠체어칸)"
S1_7_0048,7호선,고속터미널,7호선,반포,3호선,교대,B3 → B2 → B3,7,2,0,"[B3] 7호선 반포 방면 승강장 하차 → 대합실 방향 엘리베이터(으)로 1개 층 올라가기 (B3 → B2, 엘리베이터) → [B2] 대합실로 이동 → [B2] 3호선 대합실로 이동 → 교대 방면 엘리베이터(으)로 1개 층 내려가기 (B2 → B3, 엘리베이터) → [B3] 3호선 교대 방면 승강장으로 이동 → [B3] 승차 (휠체어칸)"
S1_7_0048,7호선,고속터미널,7호선,내방,3호선,잠원,B3 → B2 → B3,7,2,0,"[B3] 7호선 내방 방면 승강장 하차 → 대합실 방향 엘리베이터(으)로 1개 층 올라가기 (B3 → B2, 엘리베이터) → [B2] 대합실로 이동 → [B2] 3호선 대합실로 이동 → 잠원 방면 엘리베이터(으)로 1개 층 내려가기 (B2 → B3, 엘리베이터) → [B3] 3호선 잠원 방면 승강장으로 이동 → [B3] 승차 (휠체어칸)"
S1_7_0048,7호선,고속터미널,7호선,내방,3호선,교대,B3 → B2 → B3,7,2,0,"[B3] 7호선 내방 방면 승강장 하차 → 대합실 방향 엘리베이터(으)로 1개 층 올라가기 (B3 → B2, 엘리베이터) → [B2] 대합실로 이동 → [B2] 3호선 대합실로 이동 → 교대 방면 엘리베이터(으)로 1개 층 내려가기 (B2 → B3, 엘리베이터) → [B3] 3호선 교대 방면 승강장으로 이동 → [B3] 승차 (휠체어칸)"
S1_7_0048,7호선,고속터미널,7호선,반포,9호선,사평,B3 → B2 → B5,7,2,0,"[B3] 7호선 반포 방면 승강장 하차 → 대합실 방향 엘리베이터(으)로 1개 층 올라가기 (B3 → B2, 엘리베이터) → [B2] 대합실로 이동 → [B2] 3호선 대합실로 이동 → 9호선 사평 방면 엘리베이터(으)로 3개 층 내려가기 (B2 → B5, 엘리베이터) → [B5] 9호선 사평 방면 승강장으로 이동 → [B5] 승차 (휠체어칸)"
S1_7_0048,7호선,고속터미널,7호선,반포,9호선,신반포,B3 → B2 → B4 → B5,9,3,0,"[B3] 7호선 반포 방면 승강장 하차 → 대합실 방향 엘리베이터(으)로 1개 층 올라가기 (B3 → B2, 엘리베이터) → [B2] 대합실로 이동 → [B2] 3호선 대합실로 이동 → 9호선 환승 엘리베이터(으)로 2개 층 내려가기 (B2 → B4, 엘리베이터) → [B4] 대합실로 이동 → 9호선 신반포 방면 엘리베이터(으)로 1개 층 내려가기 (B4 → B5, 엘리베이터) → [B5] 9호선 신반포 방면 승강장으로 이동 → [B5] 승차 (휠체어칸)"
S1_7_0048,7호선,고속터미널,7호선,내방,9호선,사평,B3 → B2 → B5,7,2,0,"[B3] 7호선 내방 방면 승강장 하차 → 대합실 방향 엘리베이터(으)로 1개 층 올라가기 (B3 → B2, 엘리베이터) → [B2] 대합실로 이동 → [B2] 3호선 대합실로 이동 → 9호선 사평 방면 엘리베이터(으)로 3개 층 내려가기 (B2 → B5, 엘리베이터) → [B5] 9호선 사평 방면 승강장으로 이동 → [B5] 승차 (휠체어칸)"
S1_7_0048,7호선,고속터미널,7호선,내방,9호선,신반포,B3 → B2 → B4 → B5,9,3,0,"[B3] 7호선 내방 방면 승강장 하차 → 대합실 방향 엘리베이터(으)로 1개 층 올라가기 (B3 → B2, 엘리베이터) → [B2] 대합실로 이동 → [B2] 3호선 대합실로 이동 → 9호선 환승 엘리베이터(으)로 2개 층 내려가기 (B2 → B4, 엘리베이터) → [B4] 대합실로 이동 → 9호선 신반포 방면 엘리베이터(으)로 1개 층 내려가기 (B4 → B5, 엘리베이터) → [B5] 9호선 신반포 방면 승강장으로 이동 → [B5] 승차 (휠체어칸)"
S1_7_0560,7호선,총신대입구,7호선,내방,4호선,동작,B4 → B3 → B4 → B2,9,2,0,"[B4] 7호선 내방 방면 승강장 하차 → 대합실 방향 엘리베이터(으)로 1개 층 올라가기 (B4 → B3, 엘리베이터) → [B3] 대합실로 이동 → 남성 방면 엘리베이터(으)로 1개 층 내려가기 (B3 → B4, 엘리베이터) → [B4] 남성 방면 승강장으로 이동 → [B4] 4호선 방향 환승통로로 이동 → 4호선 동작 방면 휠체어리프트(으)로 2개 층 올라가기 (B4 → B2, 휠체어리프트) → [B2] 4호선 동작 방면 승강장으로 이동 → [B2] 승차 (휠체어칸)"
S1_7_0560,7호선,총신대입구,7호선,내방,4호선,사당,B4 → B3 → B4 → B2,9,2,0,"[B4] 7호선 내방 방면 승강장 하차 → 대합실 방향 엘리베이터(으)로 1개 층 올라가기 (B4 → B3, 엘리베이터) → [B3] 대합실로 이동 → 남성 방면 엘리베이터(으)로 1개 층 내려가기 (B3 → B4, 엘리베이터) → [B4] 남성 방면 승강장으로 이동 → [B4] 4호선 방향 환승통로로 이동 → 4호선 사당 방면 휠체어리프트(으)로 2개 층 올라가기 (B4 → B2, 휠체어리프트) → [B2] 4호선 사당 방면 승강장으로 이동 → [B2] 승차 (휠체어칸)"
S1_7_0560,7호선,총신대입구,7호선,남성,4호선,동작,B4 → B2,5,0,0,"[B4] 7호선 남성 방면 승강장 하차 → [B4] 4호선 방향 환승통로로 이동 → 4호선 동작 방면 휠체어리프트(으)로 2개 층 올라가기 (B4 → B2, 휠체어리프트) → [B2] 4호선 동작 방면 승강장으로 이동 → [B2] 승차 (휠체어칸)"
S1_7_0560,7호선,총신대입구,7호선,남성,4호선,사당,B4 → B2,5,0,0,"[B4] 7호선 남성 방면 승강장 하차 → [B4] 4호선 방향 환승통로로 이동 → 4호선 사당 방면 휠체어리프트(으)로 2개 층 올라가기 (B4 → B2, 휠체어리프트) → [B2] 4호선 사당 방면 승강장으로 이동 → [B2] 승차 (휠체어칸)"
S1_7_0232,7호선,보라매,7호선,신대방삼거리,신림선,서울지방병무청,B2 → B1 → B3,7,2,0,"[B2] 7호선 신대방삼거리 방면 승강장 하차 → 대합실 방향 엘리베이터(으)로 1개 층 올라가기 (B2 → B1, 엘리베이터) → [B1] 대합실로 이동 → [B1] 신림선 대합실로 이동 → 신림선 서울지방병무청 방면 엘리베이터(으)로 2개 층 내려가기 (B1 → B3, 엘리베이터) → [B3] 신림선 서울지방병무청 방면 승강장으로 이동 → [B3] 승차 (휠체어칸)"
S1_7_0232,7호선,보라매,7호선,신대방삼거리,신림선,보라매공원,B2 → B1 → B3,7,2,0,"[B2] 7호선 신대방삼거리 방면 승강장 하차 → 대합실 방향 엘리베이터(으)로 1개 층 올라가기 (B2 → B1, 엘리베이터) → [B1] 대합실로 이동 → [B1] 신림선 대합실로 이동 → 신림선 보라매공원 방면 엘리베이터(으)로 2개 층 내려가기 (B1 → B3, 엘리베이터) → [B3] 신림선 보라매공원 방면 승강장으로 이동 → [B3] 승차 (휠체어칸)"
S1_7_0232,7호선,보라매,7호선,신풍,신림선,서울지방병무청,B2 → B1 → B3,7,2,0,"[B2] 7호선 신풍 방면 승강장 하차 → 대합실 방향 엘리베이터(으)로 1개 층 올라가기 (B2 → B1, 엘리베이터) → [B1] 대합실로 이동 → [B1] 신림선 대합실로 이동 → 신림선 서울지방병무청 방면 엘리베이터(으)로 2개 층 내려가기 (B1 → B3, 엘리베이터) → [B3] 신림선 서울지방병무청 방면 승강장으로 이동 → [B3] 승차 (휠체어칸)"
S1_7_0232,7호선,보라매,7호선,신풍,신림선,보라매공원,B2 → B1 → B3,7,2,0,"[B2] 7호선 신풍 방면 승강장 하차 → 대합실 방향 엘리베이터(으)로 1개 층 올라가기 (B2 → B1, 엘리베이터) → [B1] 대합실로 이동 → [B1] 신림선 대합실로 이동 → 신림선 보라매공원 방면 엘리베이터(으)로 2개 층 내려가기 (B1 → B3, 엘리베이터) → [B3] 신림선 보라매공원 방면 승강장으로 이동 → [B3] 승차 (휠체어칸)"
S1_7_0130,7호선,대림,7호선,신풍,2호선,구로디지털단지,B2 → B1 → 2F → 3F,10,2,0,"[B2] 7호선 신풍 방면 승강장 하차 → 대합실 방향 엘리베이터(으)로 1개 층 올라가기 (B2 → B1, 엘리베이터) → [B1] 대합실로 이동 → [B1] 2호선 방향 환승통로로 이동 → 2호선 대합실 방향 휠체어리프트(으)로 2개 층 올라가기 (B1 → 2F, 휠체어리프트) → [2F] 2호선 환승통로로 이동 → [2F] 2호선 대합실로 이동 → 2호선 구로디지털단지 방면 엘리베이터(으)로 1개 층 올라가기 (2F → 3F, 엘리베이터) → [3F] 2호선 구로디지털단지 방면 승강장으로 이동 → [3F] 승차 (휠체어칸)"
S1_7_0130,7호선,대림,7호선,신풍,2호선,신도림,B2 → B1 → 2F → 3F,10,2,0,"[B2] 7호선 신풍 방면 승강장 하차 → 대합실 방향 엘리베이터(으)로 1개 층 올라가기 (B2 → B1, 엘리베이터) → [B1] 대합실로 이동 → [B1] 2호선 방향 환승통로로 이동 → 2호선 대합실 방향 휠체어리프트(으)로 2개 층 올라가기 (B1 → 2F, 휠체어리프트) → [2F] 2호선 환승통로로 이동 → [2F] 2호선 대합실로 이동 → 2호선 신도림 방면 엘리베이터(으)로 1개 층 올라가기 (2F → 3F, 엘리베이터) → [3F] 2호선 신도림 방면 승강장으로 이동 → [3F] 승차 (휠체어칸)"
S1_7_0130,7호선,대림,7호선,남구로,2호선,구로디지털단지,B2 → B1 → 2F → 3F,10,2,0,"[B2] 7호선 남구로 방면 승강장 하차 → 대합실 방향 엘리베이터(으)로 1개 층 올라가기 (B2 → B1, 엘리베이터) → [B1] 대합실로 이동 → [B1] 2호선 방향 환승통로로 이동 → 2호선 대합실 방향 휠체어리프트(으)로 2개 층 올라가기 (B1 → 2F, 휠체어리프트) → [2F] 2호선 환승통로로 이동 → [2F] 2호선 대합실로 이동 → 2호선 구로디지털단지 방면 엘리베이터(으)로 1개 층 올라가기 (2F → 3F, 엘리베이터) → [3F] 2호선 구로디지털단지 방면 승강장으로 이동 → [3F] 승차 (휠체어칸)"
S1_7_0130,7호선,대림,7호선,남구로,2호선,신도림,B2 → B1 → 2F → 3F,10,2,0,"[B2] 7호선 남구로 방면 승강장 하차 → 대합실 방향 엘리베이터(으)로 1개 층 올라가기 (B2 → B1, 엘리베이터) → [B1] 대합실로 이동 → [B1] 2호선 방향 환승통로로 이동 → 2호선 대합실 방향 휠체어리프트(으)로 2개 층 올라가기 (B1 → 2F, 휠체어리프트) → [2F] 2호선 환승통로로 이동 → [2F] 2호선 대합실로 이동 → 2호선 신도림 방면 엘리베이터(으)로 1개 층 올라가기 (2F → 3F, 엘리베이터) → [3F] 2호선 신도림 방면 승강장으로 이동 → [3F] 승차 (휠체어칸)"
S1_7_0004,7호선,가산디지털단지,7호선,남구로,1호선,구로,B4 → B2 → B1 → 1F,8,2,0,"[B4] 7호선 남구로 방면 승강장 하차 → 대합실 방향 엘리베이터(으)로 2개 층 올라가기 (B4 → B2, 엘리베이터) → [B2] 대합실로 이동 → 대합실 방향 엘리베이터(으)로 1개 층 올라가기 (B2 → B1, 엘리베이터) → [B1] 대합실로 이동 → 1호선 구로 방면 휠체어리프트(으)로 1개 층 올라가기 (B1 → 1F, 휠체어리프트) → [1F] 1호선 구로 방면 승강장으로 이동 → [1F] 승차 (휠체어칸)"
S1_7_0004,7호선,가산디지털단지,7호선,남구로,1호선,독산,B4 → B2 → B1 → 1F,8,2,0,"[B4] 7호선 남구로 방면 승강장 하차 → 대합실 방향 엘리베이터(으)로 2개 층 올라가기 (B4 → B2, 엘리베이터) → [B2] 대합실로 이동 → 대합실 방향 엘리베이터(으)로 1개 층 올라가기 (B2 → B1, 엘리베이터) → [B1] 대합실로 이동 → 1호선 독산 방면 휠체어리프트(으)로 1개 층 올라가기 (B1 → 1F, 휠체어리프트) → [1F] 1호선 독산 방면 승강장으로 이동 → [1F] 승차 (휠체어칸)"
S1_7_0004,7호선,가산디지털단지,7호선,철산,1호선,구로,B4 → B2 → B1 → 1F,8,2,0,"[B4] 7호선 철산 방면 승강장 하차 → 대합실 방향 엘리베이터(으)로 2개 층 올라가기 (B4 → B2, 엘리베이터) → [B2] 대합실로 이동 → 대합실 방향 엘리베이터(으)로 1개 층 올라가기 (B2 → B1, 엘리베이터) → [B1] 대합실로 이동 → 1호선 구로 방면 휠체어리프트(으)로 1개 층 올라가기 (B1 → 1F, 휠체어리프트) → [1F] 1호선 구로 방면 승강장으로 이동 → [1F] 승차 (휠체어칸)"
S1_7_0004,7호선,가산디지털단지,7호선,철산,1호선,독산,B4 → B2 → B1 → 1F,8,2,0,"[B4] 7호선 철산 방면 승강장 하차 → 대합실 방향 엘리베이터(으)로 2개 층 올라가기 (B4 → B2, 엘리베이터) → [B2] 대합실로 이동 → 대합실 방향 엘리베이터(으)로 1개 층 올라가기 (B2 → B1, 엘리베이터) → [B1] 대합실로 이동 → 1호선 독산 방면 휠체어리프트(으)로 1개 층 올라가기 (B1 → 1F, 휠체어리프트) → [1F] 1호선 독산 방면 승강장으로 이동 → [1F] 승차 (휠체어칸)"
S1_7_0435,7호선,온수,7호선,천왕,1호선,오류동,B2 → B1 → 1F,6,0,0,"[B2] 7호선 천왕 방면 승강장 하차 → 1호선 환승통로 방향 휠체어리프트(으)로 1개 층 올라가기 (B2 → B1, 휠체어리프트) → [B1] 환승통로로 이동 → 1호선 오류동 방면 휠체어리프트(으)로 1개 층 올라가기 (B1 → 1F, 휠체어리프트) → [1F] 1호선 오류동 방면 승강장으로 이동 → [1F] 승차 (휠체어칸)"
S1_7_0435,7호선,온수,7호선,천왕,1호선,역곡,B2 → B1 → 1F,6,0,0,"[B2] 7호선 천왕 방면 승강장 하차 → 1호선 환승통로 방향 휠체어리프트(으)로 1개 층 올라가기 (B2 → B1, 휠체어리프트) → [B1] 환승통로로 이동 → 1호선 역곡 방면 휠체어리프트(으)로 1개 층 올라가기 (B1 → 1F, 휠체어리프트) → [1F] 1호선 역곡 방면 승강장으로 이동 → [1F] 승차 (휠체어칸)"
S1_7_0435,7호선,온수,7호선,까치울,1호선,오류동,B2 → B1 → 1F,6,0,0,"[B2] 7호선 까치울 방면 승강장 하차 → 1호선 환승통로 방향 휠체어리프트(으)로 1개 층 올라가기 (B2 → B1, 휠체어리프트) → [B1] 환승통로로 이동 → 1호선 오류동 방면 휠체어리프트(으)로 1개 층 올라가기 (B1 → 1F, 휠체어리프트) → [1F] 1호선 오류동 방면 승강장으로 이동 → [1F] 승차 (휠체어칸)"
S1_7_0435,7호선,온수,7호선,까치울,1호선,역곡,B2 → B1 → 1F,6,0,0,"[B2] 7호선 까치울 방면 승강장 하차 → 1호선 환승통로 방향 휠체어리프트(으)로 1개 층 올라가기 (B2 → B1, 휠체어리프트) → [B1] 환승통로로 이동 → 1호선 역곡 방면 휠체어리프트(으)로 1개 층 올라가기 (B1 → 1F, 휠체어리프트) → [1F] 1호선 역곡 방면 승강장으로 이동 → [1F] 승차 (휠체어칸)"
IC_7_0250,7호선,부평구청,7호선,굴포천,인천1호선,갈산,B3 → B2,6,1,0,"[B3] 7호선 굴포천 방면 승강장 하차 → 대합실 방향 엘리베이터(으)로 1개 층 올라가기 (B3 → B2, 엘리베이터) → [B2] 대합실로 이동 → [B2] 인천1호선 갈산 방면 승강장으로 이동 → [B2] 승차 (휠체어칸) → 인천1호선 갈산 방면 환승 엘리베이터 이용 (엘리베이터)"
IC_7_0250,7호선,부평구청,7호선,굴포천,인천1호선,부평시장,B3 → B2,6,1,0,"[B3] 7호선 굴포천 방면 승강장 하차 → 인천1호선 부평시장 방면 환승통로 방향 엘리베이터(으)로 1개 층 올라가기 (B3 → B2, 엘리베이터) → [B2] 환승통로로 이동 → [B2] 인천1호선 부평시장 방면 승강장으로 이동 → [B2] 승차 (휠체어칸) → 인천1호선 부평시장 방면 엘리베이터 이용 (엘리베이터)"
IC_7_0250,7호선,부평구청,7호선,산곡,인천1호선,갈산,B3 → B2,6,1,0,"[B3] 7호선 산곡 방면 승강장 하차 → 대합실 방향 엘리베이터(으)로 1개 층 올라가기 (B3 → B2, 엘리베이터) → [B2] 대합실로 이동 → [B2] 인천1호선 갈산 방면 승강장으로 이동 → [B2] 승차 (휠체어칸) → 인천1호선 갈산 방면 환승 엘리베이터 이용 (엘리베이터)"
IC_7_0250,7호선,부평구청,7호선,산곡,인천1호선,부평시장,B3 → B2,6,1,0,"[B3] 7호선 산곡 방면 승강장 하차 → 인천1호선 부평시장 방면 환승통로 방향 엘리베이터(으)로 1개 층 올라가기 (B3 → B2, 엘리베이터) → [B2] 환승통로로 이동 → [B2] 인천1호선 부평시장 방면 승강장으로 이동 → [B2] 승차 (휠체어칸) → 인천1호선 부평시장 방면 엘리베이터 이용 (엘리베이터)"
NU_8_0230,8호선,별내,8호선,8호선 별내 종점,경춘선,갈매,B3 → 2F,4,1,0,"[B3] 8호선 별내 종착역  하차 → 경춘선 방향 엘리베이터(으)로 4개 층 올라가기 (B3 → 2F, 엘리베이터) → [2F] 경춘선 갈매 방면 승강장으로 이동 → [2F] 승차 (휠체어칸)"
NU_8_0230,8호선,별내,8호선,8호선 별내 종점,경춘선,퇴계원,B3 → B1 → 2F,6,2,0,"[B3] 8호선 별내 종착역  하차 → 경춘선  방향 엘리베이터(으)로 2개 층 올라가기 (B3 → B1, 엘리베이터) → [B1] 지하1층 대합실 에서 하차 → 경춘선 퇴계원 방향 엘리베이터(으)로 2개 층 올라가기 (B1 → 2F, 엘리베이터) → [2F] 경춘선 퇴계원 방면 승강장으로 이동 → [2F] 승차 (휠체어칸)"
GU_8_0072,8호선,구리,8호선,동구릉,경의중앙선,도농,B2 → B1 → 1F → 3F,8,3,0,"[B2] 8호선 동구릉 방면 승강장 하차 → 이동통로 방향 엘리베이터(으)로 1개 층 올라가기 (B2 → B1, 엘리베이터) → [B1] 이동통로 엘리베이터 하차 → 맞이방 방향 엘리베이터(으)로 1개 층 올라가기 (B1 → 1F, 엘리베이터) → [1F] 맞이방 엘리베이터  하차 → 경의중앙선 도농 방면 엘리베이터(으)로 2개 층 올라가기 (1F → 3F, 엘리베이터) → [3F] 경의중앙선 도농 방면 승강장 → [3F] 승차 (휠체어칸)"
GU_8_0072,8호선,구리,8호선,동구릉,경의중앙선,양원,B2 → B1 → 1F → 3F,8,3,0,"[B2] 8호선 동구릉 방면 승강장 하차 → 이동통로 방향 엘리베이터(으)로 1개 층 올라가기 (B2 → B1, 엘리베이터) → [B1] 이동통로 엘리베이터 하차 → 맞이방 방향 엘리베이터(으)로 1개 층 올라가기 (B1 → 1F, 엘리베이터) → [1F] 맞이방 엘리베이터  하차 → 경의중앙선 양원 방면 엘리베이터(으)로 2개 층 올라가기 (1F → 3F, 엘리베이터) → [3F] 경의중앙선 양원 방면 승강장 → [3F] 승차 (휠체어칸)"
GU_8_0072,8호선,구리,8호선,장자호수공원,경의중앙선,도농,B2 → B1 → 1F → 3F,8,3,0,"[B2] 8호선 장자호수공원 방면 승강장 하차 → 이동통로 방향 엘리베이터(으)로 1개 층 올라가기 (B2 → B1, 엘리베이터) → [B1] 이동통로 엘리베이터 하차 → 맞이방 방향 엘리베이터(으)로 1개 층 올라가기 (B1 → 1F, 엘리베이터) → [1F] 맞이방 엘리베이터  하차 → 경의중앙선 도농 방면 엘리베이터(으)로 2개 층 올라가기 (1F → 3F, 엘리베이터) → [3F] 경의중앙선 도농 방면 승강장 → [3F] 승차 (휠체어칸)"
GU_8_0072,8호선,구리,8호선,장자호수공원,경의중앙선,양원,B2 → B1 → 1F → 3F,8,3,0,"[B2] 8호선 장자호수공원 방면 승강장 하차 → 이동통로 방향 엘리베이터(으)로 1개 층 올라가기 (B2 → B1, 엘리베이터) → [B1] 이동통로 엘리베이터 하차 → 맞이방 방향 엘리베이터(으)로 1개 층 올라가기 (B1 → 1F, 엘리베이터) → [1F] 맞이방 엘리베이터  하차 → 경의중앙선 양원 방면 엘리베이터(으)로 2개 층 올라가기 (1F → 3F, 엘리베이터) → [3F] 경의중앙선 양원 방면 승강장 → [3F] 승차 (휠체어칸)"
S1_8_0546,8호선,천호,8호선,암사,5호선,광나루,B2 → B1 → B2 → B3,7,3,0,"B1 방면 엘리베이터(으)로 1개 층 올라가기 (B2 → B1, 엘리베이터) → [B1] 대합실로 이동 → 5호선 게이트 지나 B1층 화장실 맞은 편 엘리베이터(으)로 1개 층 내려가기 (B1 → B2, 엘리베이터) → [B2] 대합실로 이동 → 광나루 방면 엘리베이터(으)로 1개 층 내려가기 (B2 → B3, 엘리베이터) → [B3] 광나루 방면 승강장으로 이동 → [B3] 승차(휠체어칸)"
S1_8_0546,8호선,천호,8호선,암사,5호선,강동,B2 → B1 → B2 → B3,7,3,0,"B1 방면 엘리베이터(으)로 1개 층 올라가기 (B2 → B1, 엘리베이터) → [B1] 대합실로 이동 → 5호선 게이트 지나 B1층 화장실 맞은 편 엘리베이터(으)로 1개 층 내려가기 (B1 → B2, 엘리베이터) → [B2] 대합실로 이동 → 강동 방면 엘리베이터(으)로 1개 층 내려가기 (B2 → B3, 엘리베이터) → [B3] 강동 방면 승강장으로 이동 → [B3] 승차(휠체어칸)"
S1_8_0546,8호선,천호,8호선,8호선 강동구청,5호선,광나루,B2 → B1 → B2 → B3,7,3,0,"B1 방면 엘리베이터(으)로 1개 층 올라가기 (B2 → B1, 엘리베이터) → [B1] 대합실로 이동 → 5호선 게이트 지나 B1층 화장실 맞은 편 엘리베이터(으)로 1개 층 내려가기 (B1 → B2, 엘리베이터) → [B2] 대합실로 이동 → 광나루 방면 엘리베이터(으)로 1개 층 내려가기 (B2 → B3, 엘리베이터) → [B3] 광나루 방면 승강장으로 이동 → [B3] 승차(휠체어칸)"
S1_8_0546,8호선,천호,8호선,8호선 강동구청,5호선,강동,B2 → B1 → B2 → B3,7,3,0,"B1 방면 엘리베이터(으)로 1개 층 올라가기 (B2 → B1, 엘리베이터) → [B1] 대합실로 이동 → 5호선 게이트 지나 B1층 화장실 맞은 편 엘리베이터(으)로 1개 층 내려가기 (B1 → B2, 엘리베이터) → [B2] 대합실로 이동 → 강동 방면 엘리베이터(으)로 1개 층 내려가기 (B2 → B3, 엘리베이터) → [B3] 강동 방면 승강장으로 이동 → [B3] 승차(휠체어칸)"
S1_8_0497,8호선,잠실,8호선,몽촌토성,2호선,잠실나루,B3 → B1 → B2,6,2,0,"[B3] 8호선 몽촌토성 방면 승강장 하차 → 대합실 방향 엘리베이터(으)로 2개 층 올라가기 (B3 → B1, 엘리베이터) → [B1] 2호선 대합실로 이동 → 2호선 잠실나루 방면 엘리베이터(으)로 1개 층 내려가기 (B1 → B2, 엘리베이터) → [B2] 2호선 잠실나루 방면 승강장으로 이동 → [B2] 승차 (휠체어칸)"
S1_8_0497,8호선,잠실,8호선,몽촌토성,2호선,잠실새내,B3 → B1 → B2,6,2,0,"[B3] 8호선 몽촌토성 방면 승강장 하차 → 대합실 방향 엘리베이터(으)로 2개 층 올라가기 (B3 → B1, 엘리베이터) → [B1] 2호선 대합실로 이동 → 2호선 잠실새내 방면 엘리베이터(으)로 1개 층 내려가기 (B1 → B2, 엘리베이터) → [B2] 2호선 잠실새내 방면 승강장으로 이동 → [B2] 승차 (휠체어칸)"
S1_8_0497,8호선,잠실,8호선,석촌,2호선,잠실나루,B3 → B1 → B2,6,2,0,"[B3] 8호선 석촌 방면 승강장 하차 → 대합실 방향 엘리베이터(으)로 2개 층 올라가기 (B3 → B1, 엘리베이터) → [B1] 2호선 대합실로 이동 → 2호선 잠실나루 방면 엘리베이터(으)로 1개 층 내려가기 (B1 → B2, 엘리베이터) → [B2] 2호선 잠실나루 방면 승강장으로 이동 → [B2] 승차 (휠체어칸)"
S1_8_0497,8호선,잠실,8호선,석촌,2호선,잠실새내,B3 → B1 → B2,6,2,0,"[B3] 8호선 석촌 방면 승강장 하차 → 대합실 방향 엘리베이터(으)로 2개 층 올라가기 (B3 → B1, 엘리베이터) → [B1] 2호선 대합실로 이동 → 2호선 잠실새내 방면 엘리베이터(으)로 1개 층 내려가기 (B1 → B2, 엘리베이터) → [B2] 2호선 잠실새내 방면 승강장으로 이동 → [B2] 승차 (휠체어칸)"
S1_8_0305,8호선,석촌,8호선,잠실,9호선,송파나루,B2 → B4,4,1,0,"[B2] 8호선 잠실 방면 승강장 하차 → 9호선 승강장 방향 환승 엘리베이터(으)로 2개 층 내려가기 (B2 → B4, 엘리베이터) → [B4] 9호선 송파나루 방면 승강장으로 이동 → [B4] 승차 (휠체어칸)"
S1_8_0305,8호선,석촌,8호선,잠실,9호선,석촌고분,B2 → B4,4,1,0,"[B2] 8호선 잠실 방면 승강장 하차 → 9호선 승강장 방향 환승 엘리베이터(으)로 2개 층 내려가기 (B2 → B4, 엘리베이터) → [B4] 9호선 석촌고분 방면 승강장으로 이동 → [B4] 승차 (휠체어칸)"
S1_8_0305,8호선,석촌,8호선,송파,9호선,송파나루,B2 → B3 → B4,6,2,0,"[B2] 8호선 송파 방면 승강장 하차 → 9호선 대합실 방향 환승 엘리베이터(으)로 1개 층 내려가기 (B2 → B3, 엘리베이터) → [B3] 9호선 대합실로 이동 → 승강장 방향 엘리베이터(으)로 1개 층 내려가기 (B3 → B4, 엘리베이터) → [B4] 9호선 송파나루 방면 승강장으로 이동 → [B4] 승차 (휠체어칸)"
S1_8_0305,8호선,석촌,8호선,송파,9호선,석촌고분,B2 → B3 → B4,6,2,0,"[B2] 8호선 송파 방면 승강장 하차 → 9호선 대합실 방향 환승 엘리베이터(으)로 1개 층 내려가기 (B2 → B3, 엘리베이터) → [B3] 9호선 대합실로 이동 → 승강장 방향 엘리베이터(으)로 1개 층 내려가기 (B3 → B4, 엘리베이터) → [B4] 9호선 석촌고분 방면 승강장으로 이동 → [B4] 승차 (휠체어칸)"
S1_8_0003,8호선,가락시장,8호선,송파,3호선,수서,B2 → B4,6,1,0,"[B2] 8호선 송파 방면 승강장 하차 → [B2] 환승통로로 이동 → [B2] 3호선 대합실로 이동 → 3호선 수서 방면 엘리베이터(으)로 2개 층 내려가기 (B2 → B4, 엘리베이터) → [B4] 3호선 수서 방면 승강장으로 이동 → [B4] 승차 (휠체어칸)"
S1_8_0003,8호선,가락시장,8호선,송파,3호선,경찰병원,B2 → B4,6,1,0,"[B2] 8호선 송파 방면 승강장 하차 → [B2] 환승통로로 이동 → [B2] 3호선 대합실로 이동 → 3호선 경찰병원 방면 엘리베이터(으)로 2개 층 내려가기 (B2 → B4, 엘리베이터) → [B4] 3호선 경찰병원 방면 승강장으로 이동 → [B4] 승차 (휠체어칸)"
S1_8_0003,8호선,가락시장,8호선,문정,3호선,수서,B2 → B4,6,1,0,"[B2] 8호선 문정 방면 승강장 하차 → [B2] 환승통로로 이동 → [B2] 3호선 대합실로 이동 → 3호선 수서 방면 엘리베이터(으)로 2개 층 내려가기 (B2 → B4, 엘리베이터) → [B4] 3호선 수서 방면 승강장으로 이동 → [B4] 승차 (휠체어칸)"
S1_8_0003,8호선,가락시장,8호선,문정,3호선,경찰병원,B2 → B4,6,1,0,"[B2] 8호선 문정 방면 승강장 하차 → [B2] 환승통로로 이동 → [B2] 3호선 대합실로 이동 → 3호선 경찰병원 방면 엘리베이터(으)로 2개 층 내려가기 (B2 → B4, 엘리베이터) → [B4] 3호선 경찰병원 방면 승강장으로 이동 → [B4] 승차 (휠체어칸)"
S1_8_0238,8호선,복정,8호선,장지,수인분당선,수서,B2 → B3,4,1,0,"[B2] 8호선 장지 방면 승강장 하차 → 수인분당선 승강장 방향 엘리베이터(으)로 1개 층 내려가기 (B2 → B3, 엘리베이터) → [B3] 수인분당선 수서 방면 승강장으로 이동 → [B3] 승차 (휠체어칸)"
S1_8_0238,8호선,복정,8호선,장지,수인분당선,가천대,B2 → B3,4,1,0,"[B2] 8호선 장지 방면 승강장 하차 → 수인분당선 승강장 방향 엘리베이터(으)로 1개 층 내려가기 (B2 → B3, 엘리베이터) → [B3] 수인분당선 가천대 방면 승강장으로 이동 → [B3] 승차 (휠체어칸)"
S1_8_0238,8호선,복정,8호선,남위례,수인분당선,수서,B2 → B3,4,1,0,"[B2] 8호선 남위례 방면 승강장 하차 → 수인분당선 승강장 방향 엘리베이터(으)로 1개 층 내려가기 (B2 → B3, 엘리베이터) → [B3] 수인분당선 수서 방면 승강장으로 이동 → [B3] 승차 (휠체어칸)"
S1_8_0238,8호선,복정,8호선,남위례,수인분당선,가천대,B2 → B3,4,1,0,"[B2] 8호선 남위례 방면 승강장 하차 → 수인분당선 승강장 방향 엘리베이터(으)로 1개 층 내려가기 (B2 → B3, 엘리베이터) → [B3] 수인분당선 가천대 방면 승강장으로 이동 → [B3] 승차 (휠체어칸)"
S1_8_0201,8호선,모란,8호선,수진,수인분당선,태평,B3 → B1 → B2,8,2,0,"[B3] 8호선 수진 방면 승강장 하차 → 대합실 방향 엘리베이터(으)로 2개 층 올라가기 (B3 → B1, 엘리베이터) → [B1] 대합실로 이동 → [B1] 환승통로로 이동 → [B1] 수인분당선 대합실로 이동 → 수인분당선 태평 방면 엘리베이터(으)로 1개 층 내려가기 (B1 → B2, 엘리베이터) → [B2] 수인분당선 태평 방면 승강장으로 이동 → [B2] 승차 (휠체어칸)"
S1_8_0201,8호선,모란,8호선,수진,수인분당선,야탑,B3 → B1 → B2,8,2,0,"[B3] 8호선 수진 방면 승강장 하차 → 대합실 방향 엘리베이터(으)로 2개 층 올라가기 (B3 → B1, 엘리베이터) → [B1] 대합실로 이동 → [B1] 환승통로로 이동 → [B1] 수인분당선 대합실로 이동 → 수인분당선 야탑 방면 엘리베이터(으)로 1개 층 내려가기 (B1 → B2, 엘리베이터) → [B2] 수인분당선 야탑 방면 승강장으로 이동 → [B2] 승차 (휠체어칸)"
S1_8_0201,8호선,모란,8호선,8호선 모란(종착역),수인분당선,태평,B3 → B2 → B1 → B2,10,3,0,"[B3] 8호선 모란(종착역)  승강장 하차 → 대합실 방향 엘리베이터(으)로 1개 층 올라가기 (B3 → B2, 엘리베이터) → [B2] 대합실로 이동 → 대합실 방향 엘리베이터(으)로 1개 층 올라가기 (B2 → B1, 엘리베이터) → [B1] 대합실로 이동 → [B1] 환승통로로 이동 → [B1] 수인분당선 대합실로 이동 → 수인분당선 태평 방면 엘리베이터(으)로 1개 층 내려가기 (B1 → B2, 엘리베이터) → [B2] 수인분당선 태평 방면 승강장으로 이동 → [B2] 승차 (휠체어칸)"
S1_8_0201,8호선,모란,8호선,8호선 모란(종착역),수인분당선,야탑,B3 → B2 → B1 → B2,10,3,0,"[B3] 8호선 모란(종착역)  승강장 하차 → 대합실 방향 엘리베이터(으)로 1개 층 올라가기 (B3 → B2, 엘리베이터) → [B2] 대합실로 이동 → 대합실 방향 엘리베이터(으)로 1개 층 올라가기 (B2 → B1, 엘리베이터) → [B1] 대합실로 이동 → [B1] 환승통로로 이동 → [B1] 수인분당선 대합실로 이동 → 수인분당선 야탑 방면 엘리베이터(으)로 1개 층 내려가기 (B1 → B2, 엘리베이터) → [B2] 수인분당선 야탑 방면 승강장으로 이동 → [B2] 승차 (휠체어칸)"
S9_9_0099,9호선,김포공항,9호선,개화,5호선,개화산,B4 → B2 → B3,5,1,0,"[B4] 9호선 개화 방면 승강장 하차 → 대합실 방향 엘리베이터(으)로 2개 층 올라가기 (B4 → B2, 엘리베이터) → [B2] 대합실로 이동 → [B3] 5호선 개화산 방면 승강장으로 이동 → [B3] 승차 (휠체어칸)"
S9_9_0099,9호선,김포공항,9호선,개화,5호선,송정,B4 → B3,7,1,0,"[B4] 9호선 개화 방면 승강장 하차 → 대합실 방향 엘리베이터(으)로 1개 층 올라가기 (B4 → B3, 엘리베이터) → [B3] 승강장으로 이동 → [B3] 5호선 방향 환승통로로 이동 → [B3] 5호선 송정 방면 승강장으로 이동 → [B3] 승차 (휠체어칸) → 5호선 방향 환승 엘리베이터 이용 (엘리베이터)"
S9_9_0099,9호선,김포공항,9호선,공항시장,5호선,개화산,B3 → B2 → B3,5,1,0,"[B3] 9호선 공항시장 방면 승강장 하차 → 대합실 방향 엘리베이터(으)로 1개 층 올라가기 (B3 → B2, 엘리베이터) → [B2] 대합실로 이동 → [B3] 5호선 개화산 방면 승강장으로 이동 → [B3] 승차 (휠체어칸)"
S9_9_0099,9호선,김포공항,9호선,공항시장,5호선,송정,B3,5,0,0,[B3] 9호선 공항시장 방면 승강장 하차 → [B3] 5호선 방향 환승통로로 이동 → [B3] 5호선 송정 방면 승강장으로 이동 → [B3] 승차 (휠체어칸) → 5호선 방향 환승 엘리베이터 이용 (엘리베이터)
S9_9_0099,9호선,김포공항,9호선,개화,,공항철도 마곡나루,B4 → B3,4,1,0,"[B4] 9호선 개화 방면 승강장 하차 → 대합실 방향 엘리베이터(으)로 1개 층 올라가기 (B4 → B3, 엘리베이터) → [B3] 공항철도 마곡나루 방면 승강장으로 이동 → [B3] 승차 (휠체어칸)"
S9_9_0099,9호선,김포공항,9호선,개화,,공항철도 계양,B4,3,0,0,[B4] 9호선 개화 방면 승강장 하차 → [B4] 공항철도 계양 방면 승강장으로 이동 → [B4] 승차 (휠체어칸)
S9_9_0099,9호선,김포공항,9호선,공항시장,,공항철도 마곡나루,B3,3,0,0,[B3] 9호선 공항시장 방면 승강장 하차 → [B3] 공항철도 마곡나루 방면 승강장으로 이동 → [B3] 승차 (휠체어칸)
S9_9_0099,9호선,김포공항,9호선,공항시장,,공항철도 계양,B3 → B4,4,1,0,"[B3] 9호선 공항시장 방면 승강장 하차 → 승강장 방향 엘리베이터(으)로 1개 층 내려가기 (B3 → B4, 엘리베이터) → [B4] 공항철도 계양 방면 승강장으로 이동 → [B4] 승차 (휠체어칸)"
S9_9_0099,9호선,김포공항,9호선,개화,,김포골드라인 고촌,B4 → B2 → B4,7,2,0,"[B4] 9호선 개화 방면 승강장 하차 → 대합실 방향 엘리베이터(으)로 2개 층 올라가기 (B4 → B2, 엘리베이터) → [B2] 대합실로 이동 → [B2] 김포골드라인 대합실로 이동 → 김포골드라인 고촌 방면 엘리베이터(으)로 2개 층 내려가기 (B2 → B4, 엘리베이터) → [B4] 김포골드라인 고촌 방면 승강장으로 이동 → [B4] 승차 (휠체어칸)"
S9_9_0099,9호선,김포공항,9호선,공항시장,,김포골드라인 고촌,B3 → B2 → B4,7,2,0,"[B3] 9호선 공항시장 방면 승강장 하차 → 대합실 방향 엘리베이터(으)로 1개 층 올라가기 (B3 → B2, 엘리베이터) → [B2] 대합실로 이동 → [B2] 김포골드라인 대합실로 이동 → 김포골드라인 고촌 방면 엘리베이터(으)로 2개 층 내려가기 (B2 → B4, 엘리베이터) → [B4] 김포골드라인 고촌 방면 승강장으로 이동 → [B4] 승차 (휠체어칸)"
S9_9_0178,9호선,마곡나루,9호선,신방화,,공항철도 디지털미디어시티,B2 → B1 → B3,8,2,0,"[B2] 9호선 신방화 방면 승강장 하차 → 대합실 방향 엘리베이터(으)로 1개 층 올라가기 (B2 → B1, 엘리베이터) → [B1] 대합실로 이동 → [B1] 공항철도 방향 환승통로로 이동 → [B1] 공항철도 대합실로 이동 → 공항철도 디지털미디어시티 방면 엘리베이터(으)로 2개 층 내려가기 (B1 → B3, 엘리베이터) → [B3] 공항철도 디지털미디어시티 방면 승강장으로 이동 → [B3] 승차 (휠체어칸)"
S9_9_0178,9호선,마곡나루,9호선,신방화,,공항철도 김포공항,B2 → B1 → B3,8,2,0,"[B2] 9호선 신방화 방면 승강장 하차 → 대합실 방향 엘리베이터(으)로 1개 층 올라가기 (B2 → B1, 엘리베이터) → [B1] 대합실로 이동 → [B1] 공항철도 방향 환승통로로 이동 → [B1] 공항철도 대합실로 이동 → 공항철도 김포공항 방면 엘리베이터(으)로 2개 층 내려가기 (B1 → B3, 엘리베이터) → [B3] 공항철도 김포공항 방면 승강장으로 이동 → [B3] 승차 (휠체어칸)"
S9_9_0178,9호선,마곡나루,9호선,양천향교,,공항철도 디지털미디어시티,B2 → B1 → B3,8,2,0,"[B2] 9호선 양천향교 방면 승강장 하차 → 대합실 방향 엘리베이터(으)로 1개 층 올라가기 (B2 → B1, 엘리베이터) → [B1] 대합실로 이동 → [B1] 공항철도 방향 환승통로로 이동 → [B1] 공항철도 대합실로 이동 → 공항철도 디지털미디어시티 방면 엘리베이터(으)로 2개 층 내려가기 (B1 → B3, 엘리베이터) → [B3] 공항철도 디지털미디어시티 방면 승강장으로 이동 → [B3] 승차 (휠체어칸)"
S9_9_0178,9호선,마곡나루,9호선,양천향교,,공항철도 김포공항,B2 → B1 → B3,8,2,0,"[B2] 9호선 양천향교 방면 승강장 하차 → 대합실 방향 엘리베이터(으)로 1개 층 올라가기 (B2 → B1, 엘리베이터) → [B1] 대합실로 이동 → [B1] 공항철도 방향 환승통로로 이동 → [B1] 공항철도 대합실로 이동 → 공항철도 김포공항 방면 엘리베이터(으)로 2개 층 내려가기 (B1 → B3, 엘리베이터) → [B3] 공항철도 김포공항 방면 승강장으로 이동 → [B3] 승차 (휠체어칸)"
S9_9_0126,9호선,당산,9호선,국회의사당,2호선,영등포구청,B2 → 3F,6,1,0,"국회의사당 방면 승강장 → [B2] 지하 2층으로 이동 → [B2] 개집표기 통과 → 영등포구청 방면 엘리베이터(으)로 4개 층 올라가기 (B2 → 3F, 엘리베이터) → [3F] 지상 3층으로 이동 → [3F] 영등포구청 방면 방면 승강장"
S9_9_0126,9호선,당산,9호선,국회의사당,2호선,합정,B2 → 3F,6,1,0,"국회의사당 방면 승강장 → [B2] 지하 2층으로 이동 → [B2] 개집표기 통과 → 합정 방면 엘리베이터(으)로 4개 층 올라가기 (B2 → 3F, 엘리베이터) → [3F] 지상 3층으로 이동 → [3F] 합정 방면 승강장"
S9_9_0126,9호선,당산,9호선,선유도,2호선,영등포구청,B2 → 3F,6,1,0,"선유도 방면 승강장 → [B2] 지하 2층으로 이동 → [B2] 개집표기 통과 → 영등포구청 방면 엘리베이터(으)로 4개 층 올라가기 (B2 → 3F, 엘리베이터) → [3F] 지상 3층으로 이동 → [3F] 영등포구청 방면 방면 승강장"
S9_9_0126,9호선,당산,9호선,선유도,2호선,합정,B2 → 3F,6,1,0,"선유도 방면 승강장 → [B2] 지하 2층으로 이동 → [B2] 개집표기 통과 → 합정 방면 엘리베이터(으)로 4개 층 올라가기 (B2 → 3F, 엘리베이터) → [3F] 지상 3층으로 이동 → [3F] 합정 방면 승강장"
S9_9_0412,9호선,여의도,9호선,국회의사당,5호선,신길,B2 → B4,4,1,0,"[B2] 9호선 국회의사당 방면 승강장 하차 → 5호선 여의나루방향 엘리베이터 탑승이동(으)로 2개 층 내려가기 (B2 → B4, 엘리베이터) → [B4] 여의나루 방면 승강장으로 이동이동 → [B4] 승차이동"
S9_9_0412,9호선,여의도,9호선,국회의사당,5호선,여의나루,B2 → B1,6,1,0,"[B2] 9호선 국회의사당 방면 승강장 하차 → 5호선 방향 엘리베이터(으)로 1개 층 올라가기 (B2 → B1, 엘리베이터) → [B1] 게이트로 하차 후 반대편 여의나루방향 엘리베이터 이동 → [B1] 여의나루 방면 승강장으로 이동 → [B1] 승차 → 5호선 여의나루 방면 엘리베이터 이용 (엘리베이터)"
S9_9_0412,9호선,여의도,9호선,샛강,5호선,여의나루,B2 → B4,4,1,0,"[B2] 9호선 샛강 방면 승강장 하차 → 5호선 여의나루방향 엘리베이터(으)로 2개 층 내려가기 (B2 → B4, 엘리베이터) → [B4] 여의나루 방면 승강장으로 이동 → [B4] 승차"
S9_9_0412,9호선,여의도,9호선,샛강,5호선,신길,B2 → B1,6,1,0,"[B2] 9호선 샛강 방면 승강장 하차 → 5호선 방향 엘리베이터(으)로 1개 층 올라가기 (B2 → B1, 엘리베이터) → [B1] 게이트로 하차 후 반대편 신길방향 엘리베이터로 이동 → [B1] 신길 방면 승강장으로 이동 → [B1] 승차 → 5호선 신길방면 엘리베이터 이용 (엘리베이터)"
S9_9_0286,9호선,샛강,9호선,9호선 노량진방면 승강장,신림선,관악산(서울대),,3,0,0,11시방향 이동 및 좌측 환승게이트 통과 → 승강장으로 이동 → B2 엘리베이터를 이용하여 B4층으로 이동 이용 (엘리베이터)
S9_9_0286,9호선,샛강,9호선,9호선 여의도방면 승강장,신림선,관악산(서울대),,3,0,0,좌측 12시방향 직진 후 좌측 환승게이트 통과 → 승강장으로 이동 → B2 엘리베이터를 이용하여 B4층으로 이동 이용 (엘리베이터)
S9_9_0286,9호선,샛강,9호선,신림선 승강장,,9호선 여의도방면 승강장,,4,0,0,우측 환승게이트 통과 → 환승게이트 통과 후 우측방향 엘리베이터로 이동 → B3 승강장으로 이동(여의도/개화 방향) → B4 승강장 엘리베이터 이용하여 B2로 이동 이용 (엘리베이터)
S9_9_0286,9호선,샛강,9호선,신림선 승강장,, 9호선 노량진방면 승강장 ,,4,0,0,우측 환승게이트 통과 → 환승게이트 통과 후 우측 1시방향 엘리베이터로 이동 → B3 승강장으로 이동(노량진/종합운동장 방향) → B4 승강장 엘리베이터 이용하여 B2로 이동 이용 (엘리베이터)
S9_9_0114,9호선,노량진,9호선,9호선 노들방면 승강장,,1호선 대방 방면 승강장,B1,4,0,0,승강장 엘리베이터 이동 → [B1] 지하 1층 이동 → [B1] 1호선 환승통로 이용 → [B1] 1호선 대방방면 승강장
S9_9_0114,9호선,노량진,9호선,9호선 노들방면 승강장,,1호선 용산 방면 승강장,B1,4,0,0,승강장 엘리베이터 이동 → [B1] 지하 1층 이동 → [B1] 1호선 환승통로 이용 → [B1] 1호선 용산방면 승강장
S9_9_0114,9호선,노량진,9호선,9호선 샛강방면 승강장,,1호선 대방 방면 승강장,B1,4,0,0,승강장 엘리베이터 이동 → [B1] 지하 1층 이동 → [B1] 1호선 환승통로 이용 → [B1] 1호선 대방방면 승강장
S9_9_0114,9호선,노량진,9호선,9호선 샛강방면 승강장,,1호선 용산 방면 승강장,B1,4,0,0,승강장 엘리베이터 이동 → [B1] 지하 1층 이동 → [B1] 1호선 환승통로 이용 → [B1] 1호선 용산방면 승강장
S9_9_0167,9호선,동작,9호선,흑석,4호선,이촌,B2 → 2F → 3F,7,2,0,"흑석 방면 승강장 → [B2] 지하 2층으로 이동 → 환승통로 엘리베이터(으)로 3개 층 올라가기 (B2 → 2F, 엘리베이터) → [2F] 지상 2층으로 이동 → 4호선 대합실 이촌 방면 엘리베이터(으)로 1개 층 올라가기 (2F → 3F, 엘리베이터) → [3F] 지상 3층으로 이동 → [3F] 이촌 방면 승강장"
S9_9_0167,9호선,동작,9호선,흑석,4호선,총신대입구,B2 → 2F → 3F,7,2,0,"흑석 방면 승강장 → [B2] 지하 2층으로 이동 → 환승통로 엘리베이터(으)로 3개 층 올라가기 (B2 → 2F, 엘리베이터) → [2F] 지상 2층으로 이동 → 4호선 대합실 총신대입구 방면 엘리베이터(으)로 1개 층 올라가기 (2F → 3F, 엘리베이터) → [3F] 지상 3층으로 이동 → [3F] 총신대입구 방면 승강장"
S9_9_0167,9호선,동작,9호선,구반포,4호선,이촌,B2 → 2F → 3F,7,2,0,"구반포 방면 승강장 → [B2] 지하 2층으로 이동 → 환승통로 엘리베이터(으)로 3개 층 올라가기 (B2 → 2F, 엘리베이터) → [2F] 지상 2층으로 이동 → 4호선 대합실 이촌 방면 엘리베이터(으)로 1개 층 올라가기 (2F → 3F, 엘리베이터) → [3F] 지상 3층으로 이동 → [3F] 이촌 방면 승강장"
S9_9_0167,9호선,동작,9호선,구반포,4호선,총신대입구,B2 → 2F → 3F,7,2,0,"구반포 방면 승강장 → [B2] 지하 2층으로 이동 → 환승통로 엘리베이터(으)로 3개 층 올라가기 (B2 → 2F, 엘리베이터) → [2F] 지상 2층으로 이동 → 4호선 대합실 총신대입구 방면 엘리베이터(으)로 1개 층 올라가기 (2F → 3F, 엘리베이터) → [3F] 지상 3층으로 이동 → [3F] 총신대입구 방면 승강장"
S9_9_0048,9호선,고속터미널,9호선,사평,3호선,잠원,B2 → B3,6,1,0,"사평 방면 승강장 → [B2] 지하 2층으로 이동 → [B2] 7호선 환승통로 이동 → 3호선 잠원 방면 엘리베이터(으)로 1개 층 내려가기 (B2 → B3, 엘리베이터) → [B3] 지하 3층으로 이동 → [B3] 3호선 잠원 방면 승강장"
S9_9_0048,9호선,고속터미널,9호선,신반포,3호선,잠원,B4 → B2 → B3,8,2,0,"신반포 방면 승강장 → [B4] 지하 4층으로 이동 → 9호선 사평 방면 엘리베이터(으)로 2개 층 올라가기 (B4 → B2, 엘리베이터) → [B2] 지하 2층으로 이동 → [B2] 7호선 환승통로 이동 → 3호선 잠원 방면 엘리베이터(으)로 1개 층 내려가기 (B2 → B3, 엘리베이터) → [B3] 지하 3층으로 이동 → [B3] 3호선 잠원 방면 승강장"
S9_9_0048,9호선,고속터미널,9호선,사평,3호선,교대,B2 → B3,6,1,0,"사평 방면 승강장 → [B2] 지하 2층으로 이동 → [B2] 7호선 환승통로 이동 → 3호선 교대 방면 엘리베이터(으)로 1개 층 내려가기 (B2 → B3, 엘리베이터) → [B3] 지하 3층으로 이동 → [B3] 3호선 교대 방면 승강장"
S9_9_0048,9호선,고속터미널,9호선,신반포,3호선,교대,B4 → B2 → B3,8,2,0,"신반포 방면 승강장 → [B4] 지하 4층으로 이동 → 9호선 사평 방면 엘리베이터(으)로 2개 층 올라가기 (B4 → B2, 엘리베이터) → [B2] 지하 2층으로 이동 → [B2] 7호선 환승통로 이동 → 3호선 교대 방면 엘리베이터(으)로 1개 층 내려가기 (B2 → B3, 엘리베이터) → [B3] 지하 3층으로 이동 → [B3] 3호선 교대 방면 승강장"
S9_9_0048,9호선,고속터미널,9호선,사평,7호선,내방,B2 → B3,7,1,0,"사평 방면 승강장 → [B2] 지하 2층으로 이동 → [B2] 7호선 환승통로 이동 → [B2] 7호선 지하 2층으로 이동 → 7호선 내방 방면 엘리베이터(으)로 1개 층 내려가기 (B2 → B3, 엘리베이터) → [B3] 지하 3층으로 이동 → [B3] 7호선 내방 방면 승강장"
S9_9_0048,9호선,고속터미널,9호선,신반포,7호선,내방,B4 → B2 → B3,9,2,0,"신반포 방면 승강장 → [B4] 지하 4층으로 이동 → 9호선 사평 방면 엘리베이터(으)로 2개 층 올라가기 (B4 → B2, 엘리베이터) → [B2] 지하 2층으로 이동 → [B2] 7호선 환승통로 이동 → [B2] 7호선 지하 2층으로 이동 → 7호선 내방 방면 엘리베이터(으)로 1개 층 내려가기 (B2 → B3, 엘리베이터) → [B3] 지하 3층으로 이동 → [B3] 7호선 내방 방면 승강장"
S9_9_0048,9호선,고속터미널,9호선,사평,7호선,반포,B2 → B3,7,1,0,"사평 방면 승강장 → [B2] 지하 2층으로 이동 → [B2] 7호선 환승통로 이동 → [B2] 7호선 지하 2층으로 이동 → 7호선 반포 방면 엘리베이터(으)로 1개 층 내려가기 (B2 → B3, 엘리베이터) → [B3] 지하 3층으로 이동 → [B3] 7호선 반포 방면 승강장"
S9_9_0048,9호선,고속터미널,9호선,신반포,7호선,반포,B4 → B2 → B3,9,2,0,"신반포 방면 승강장 → [B4] 지하 4층으로 이동 → 9호선 사평 방면 엘리베이터(으)로 2개 층 올라가기 (B4 → B2, 엘리베이터) → [B2] 지하 2층으로 이동 → [B2] 7호선 환승통로 이동 → [B2] 지하 2층으로 이동 → 7호선 반포 방면 엘리베이터(으)로 1개 층 내려가기 (B2 → B3, 엘리베이터) → [B3] 지하 3층으로 이동 → [B3] 7호선 반포 방면 승강장"
S9_9_0309,9호선,선정릉,9호선,언주,수인분당선,강남구청,B3 → B4 → B5,6,2,0,"[B3] 9호선 언주 방면 승강장 하차 → 수인분당선 대합실 방향 환승 엘리베이터(으)로 1개 층 내려가기 (B3 → B4, 엘리베이터) → [B4] 수인분당선 대합실로 이동 → 수인분당선 강남구청 방면 엘리베이터(으)로 1개 층 내려가기 (B4 → B5, 엘리베이터) → [B5] 수인분당선 강남구청 방면 승강장으로 이동 → [B5] 승차 (휠체어칸)"
S9_9_0309,9호선,선정릉,9호선,언주,수인분당선,선릉,B3 → B4 → B5,6,2,0,"[B3] 9호선 언주 방면 승강장 하차 → 수인분당선 대합실 방향 환승 엘리베이터(으)로 1개 층 내려가기 (B3 → B4, 엘리베이터) → [B4] 수인분당선 대합실로 이동 → 수인분당선 선릉 방면 엘리베이터(으)로 1개 층 내려가기 (B4 → B5, 엘리베이터) → [B5] 수인분당선 선릉 방면 승강장으로 이동 → [B5] 승차 (휠체어칸)"
S9_9_0309,9호선,선정릉,9호선,삼성중앙,수인분당선,강남구청,B3 → B4 → B5,6,2,0,"[B3] 9호선 삼성중앙 방면 승강장 하차 → 수인분당선 대합실 방향 환승 엘리베이터(으)로 1개 층 내려가기 (B3 → B4, 엘리베이터) → [B4] 수인분당선 대합실로 이동 → 수인분당선 강남구청 방면 엘리베이터(으)로 1개 층 내려가기 (B4 → B5, 엘리베이터) → [B5] 수인분당선 강남구청 방면 승강장으로 이동 → [B5] 승차 (휠체어칸)"
S9_9_0309,9호선,선정릉,9호선,삼성중앙,수인분당선,선릉,B3 → B4 → B5,6,2,0,"[B3] 9호선 삼성중앙 방면 승강장 하차 → 수인분당선 대합실 방향 환승 엘리베이터(으)로 1개 층 내려가기 (B3 → B4, 엘리베이터) → [B4] 수인분당선 대합실로 이동 → 수인분당선 선릉 방면 엘리베이터(으)로 1개 층 내려가기 (B4 → B5, 엘리베이터) → [B5] 수인분당선 선릉 방면 승강장으로 이동 → [B5] 승차 (휠체어칸)"
S9_9_0518,9호선,종합운동장,9호선,봉은사,2호선,잠실새내,B4 → B2 → B1 → B2,8,3,0,"[B4] 9호선 봉은사 방면 승강장 하차 → 환승 대합실 방향 엘리베이터(으)로 2개 층 올라가기 (B4 → B2, 엘리베이터) → [B2] 환승 대합실로 이동 → 2호선 방향 환승 엘리베이터(으)로 1개 층 올라가기 (B2 → B1, 엘리베이터) → [B1] 2호선 대합실로 이동 → 2호선 잠실새내 방면 엘리베이터(으)로 1개 층 내려가기 (B1 → B2, 엘리베이터) → [B2] 2호선 잠실새내 방면 승강장으로 이동 → [B2] 승차 (휠체어칸)"
S9_9_0518,9호선,종합운동장,9호선,봉은사,2호선,삼성,B4 → B2 → B1 → B2,8,3,0,"[B4] 9호선 봉은사 방면 승강장 하차 → 환승 대합실 방향 엘리베이터(으)로 2개 층 올라가기 (B4 → B2, 엘리베이터) → [B2] 환승 대합실로 이동 → 2호선 방향 환승 엘리베이터(으)로 1개 층 올라가기 (B2 → B1, 엘리베이터) → [B1] 2호선 대합실로 이동 → 2호선 삼성 방면 엘리베이터(으)로 1개 층 내려가기 (B1 → B2, 엘리베이터) → [B2] 2호선 삼성 방면 승강장으로 이동 → [B2] 승차 (휠체어칸)"
S9_9_0518,9호선,종합운동장,9호선,삼전,2호선,잠실새내,B4 → B2 → B1 → B2,8,3,0,"[B4] 9호선 삼전 방면 승강장 하차 → 환승 대합실 방향 엘리베이터(으)로 2개 층 올라가기 (B4 → B2, 엘리베이터) → [B2] 환승 대합실로 이동 → 2호선 방향 환승 엘리베이터(으)로 1개 층 올라가기 (B2 → B1, 엘리베이터) → [B1] 2호선 대합실로 이동 → 2호선 잠실새내 방면 엘리베이터(으)로 1개 층 내려가기 (B1 → B2, 엘리베이터) → [B2] 2호선 잠실새내 방면 승강장으로 이동 → [B2] 승차 (휠체어칸)"
S9_9_0518,9호선,종합운동장,9호선,삼전,2호선,삼성,B4 → B2 → B1 → B2,8,3,0,"[B4] 9호선 삼전 방면 승강장 하차 → 환승 대합실 방향 엘리베이터(으)로 2개 층 올라가기 (B4 → B2, 엘리베이터) → [B2] 환승 대합실로 이동 → 2호선 방향 환승 엘리베이터(으)로 1개 층 올라가기 (B2 → B1, 엘리베이터) → [B1] 2호선 대합실로 이동 → 2호선 삼성 방면 엘리베이터(으)로 1개 층 내려가기 (B1 → B2, 엘리베이터) → [B2] 2호선 삼성 방면 승강장으로 이동 → [B2] 승차 (휠체어칸)"
S9_9_0305,9호선,석촌,9호선,석촌고분,8호선,잠실,B4 → B2,4,1,0,"[B4] 9호선 석촌고분 방면 승강장 하차 → 8호선 잠실 방면 환승 엘리베이터(으)로 2개 층 올라가기 (B4 → B2, 엘리베이터) → [B2] 8호선 잠실 방면 승강장으로 이동 → [B2] 승차 (휠체어칸)"
S9_9_0305,9호선,석촌,9호선,석촌고분,8호선,송파,B4 → B3 → B2,6,2,0,"[B4] 9호선 석촌고분 방면 승강장 하차 → 환승 대합실 방향 엘리베이터(으)로 1개 층 올라가기 (B4 → B3, 엘리베이터) → [B3] 환승 대합실로 이동 → 8호선 송파 방면 환승 엘리베이터(으)로 1개 층 올라가기 (B3 → B2, 엘리베이터) → [B2] 8호선 송파 방면 승강장으로 이동 → [B2] 승차 (휠체어칸)"
S9_9_0305,9호선,석촌,9호선,송파나루,8호선,잠실,B4 → B2,4,1,0,"[B4] 9호선 송파나루 방면 승강장 하차 → 8호선 잠실 방면 환승 엘리베이터(으)로 2개 층 올라가기 (B4 → B2, 엘리베이터) → [B2] 8호선 잠실 방면 승강장으로 이동 → [B2] 승차 (휠체어칸)"
S9_9_0305,9호선,석촌,9호선,송파나루,8호선,송파,B4 → B3 → B2,6,2,0,"[B4] 9호선 송파나루 방면 승강장 하차 → 환승 대합실 방향 엘리베이터(으)로 1개 층 올라가기 (B4 → B3, 엘리베이터) → [B3] 환승 대합실로 이동 → 8호선 송파 방면 환승 엘리베이터(으)로 1개 층 올라가기 (B3 → B2, 엘리베이터) → [B2] 8호선 송파 방면 승강장으로 이동 → [B2] 승차 (휠체어칸)"
S9_9_0438,9호선,올림픽공원,9호선,한성백제,5호선,둔촌동,B3 → B2 → B1 → B2,10,3,0,"[B3] 9호선 한성백제 방면 승강장 하차 → 대합실 방향 엘리베이터(으)로 1개 층 올라가기 (B3 → B2, 엘리베이터) → [B2] 대합실로 이동 → 대합실 방향 엘리베이터(으)로 1개 층 올라가기 (B2 → B1, 엘리베이터) → [B1] 대합실로 이동 → [B1] 5호선 방향 환승통로로 이동 → [B1] 5호선 대합실로 이동 → 5호선 둔촌동 방면 엘리베이터(으)로 1개 층 내려가기 (B1 → B2, 엘리베이터) → [B2] 5호선 둔촌동 방면 승강장으로 이동 → [B2] 승차 (휠체어칸)"
S9_9_0438,9호선,올림픽공원,9호선,한성백제,5호선,방이,B3 → B2,6,1,0,"[B3] 9호선 한성백제 방면 승강장 하차 → 대합실 방향 엘리베이터(으)로 1개 층 올라가기 (B3 → B2, 엘리베이터) → [B2] 대합실로 이동 → [B2] 5호선 방향 환승통로로 이동 → [B2] 5호선 방이 방면 승강장으로 이동 → [B2] 승차 (휠체어칸)"
S9_9_0438,9호선,올림픽공원,9호선,둔촌오륜,5호선,둔촌동,B3 → B2 → B1 → B2,10,3,0,"[B3] 9호선 둔촌오륜 방면 승강장 하차 → 대합실 방향 엘리베이터(으)로 1개 층 올라가기 (B3 → B2, 엘리베이터) → [B2] 대합실로 이동 → 대합실 방향 엘리베이터(으)로 1개 층 올라가기 (B2 → B1, 엘리베이터) → [B1] 대합실로 이동 → [B1] 5호선 방향 환승통로로 이동 → [B1] 5호선 대합실로 이동 → 5호선 둔촌동 방면 엘리베이터(으)로 1개 층 내려가기 (B1 → B2, 엘리베이터) → [B2] 5호선 둔촌동 방면 승강장으로 이동 → [B2] 승차 (휠체어칸)"
S9_9_0438,9호선,올림픽공원,9호선,둔촌오륜,5호선,방이,B3 → B2,6,1,0,"[B3] 9호선 둔촌오륜 방면 승강장 하차 → 대합실 방향 엘리베이터(으)로 1개 층 올라가기 (B3 → B2, 엘리베이터) → [B2] 대합실로 이동 → [B2] 5호선 방향 환승통로로 이동 → [B2] 5호선 방이 방면 승강장으로 이동 → [B2] 승차 (휠체어칸)"
